SMILES,IC50,pIC50,Activity,MolWt
Brc1ccc2[nH]c3c(c2c1)CCN(CC(c1ccccc1)c1ccccc1)c1nccc(I)c1-3,5000.0,5.301029995663981,0,620.3320000000001
Brc1ccc2c(Nc3ccccc3)ccnc2c1,62400.0,4.204815410317576,0,299.17100000000005
Brc1ccc2nc3cc(Nc4ccccc4)ncn3c2c1,59000.0,4.229147988357856,0,339.196
C#CC(C)(C)N1CCN(c2cc3c(cc2C(C)=O)C(=O)c2c([nH]c4cc(C#N)ccc24)C3(C)C)CC1,2.622,8.581367312645934,1,478.5960000000003
C#CCN1CCN(Cc2ccc(C(=O)Nc3nc(-c4cccc(C#C[Si](C(C)C)(C(C)C)C(C)C)c4)cs3)cc2)CC1,3200.0,5.494850021680094,0,596.9170000000001
C#CCN1CCN(c2ccc(-c3ccc4[nH]c5nccc(-c6ccc(Cc7ccccc7)cc6)c5c4c3)cc2)CC1,4900.0,5.309803919971486,0,532.6910000000001
C#Cc1cc2c(cc1N1CCN(C3CCC3)CC1)C(C)(C)c1[nH]c3cc(C#N)ccc3c1C2=O,0.32,9.494850021680094,1,448.57000000000016
C#Cc1cc2c(cc1N1CCN(C3COC3)CC1)C(C)(C)c1[nH]c3cc(C#N)ccc3c1C2=O,2.7,8.568636235841012,1,450.54200000000014
C#Cc1cc2c(cc1N1CCOCC1)C(C)(C)c1[nH]c3cc(C#N)ccc3c1C2=O,2.386,8.622329560665676,1,395.4620000000001
C#Cc1cc2c(cc1OC1CCN(C3COC3)CC1)C(C)(C)c1[nH]c3cc(C#N)ccc3c1C2=O,1.625,8.789146634685107,1,465.55300000000017
C#Cc1cccc(-c2csc(NC(=O)c3ccc(CN4CCN(C)CC4)cc3)n2)c1,62500.0,4.204119982655925,0,416.55000000000024
C#Cc1ccnc2[nH]c3ccc(-c4ccc(N5CCN(C)CC5)cc4)cc3c12,23000.0,4.638272163982407,0,366.46800000000013
C#Cc1cnc(Nc2cc(C)c(C3CCNCC3)cc2OC)nc1Nc1ccccc1S(=O)(=O)C(C)C,5.5,8.259637310505756,1,519.6710000000002
C(=C\c1ccnc2[nH]c3ccccc3c12)/c1ccccc1,1400.0,5.853871964321762,0,270.33500000000004
C/C(=C\c1ccccc1)c1ccnc2[nH]c3ccc(-c4ccc(N5CCN(C)CC5)cc4)cc3c12,215.0,6.667561540084395,1,458.6090000000003
C/C(=C\c1ccccc1C(F)(F)F)c1ccnc2[nH]c3ccc(-c4ccc(N5CCN(C)CC5)cc4)cc3c12,7000.0,5.154901959985743,0,526.6060000000002
C/C(=N\Nc1ncc(Cl)c(Nc2ccccc2S(=O)(=O)C(C)C)n1)c1ccc(F)cc1,34.75,7.4590451910738675,1,461.95000000000016
C/C=C1/CN(C)CCc2ccc(Nc3ncc(Cl)c(Nc4ccccc4C(=O)NC)n3)cc21,13.0,7.886056647693163,1,462.9850000000002
C/C=C1\CN(C)CCc2ccc(Nc3ncc(Cl)c(Nc4ccccc4C(=O)NC)n3)cc21,17.0,7.769551078621726,1,462.9850000000002
C=C(CC[C@@H](C)[C@H]1CC[C@H]2[C@H](CCc3cc(O)ccc3C)C(=O)CC[C@]12C)C(C)C,4360.0,5.360513510731414,0,410.6420000000003
C=C(CC[C@@H](C)[C@H]1CC[C@H]2[C@H](CCc3cc(O)ccc3C)[C@H](O)CC[C@]12C)C(C)C,100000.0,4.0,0,412.65800000000024
C=C1CN(C)CCc2ccc(Nc3ncc(Cl)c(Nc4ccccc4C(=O)NC)n3)cc21,60.0,7.221848749616356,1,448.95800000000014
C=C1CNCCc2ccc(Nc3ncc(Cl)c(Nc4ccccc4C(=O)NC)n3)cc21,19.0,7.721246399047171,1,434.93100000000015
C=CC(=O)N1CCOc2ccc(Nc3ncc(Cl)c(Nc4ccccc4C(=O)C(=O)N(C)C)n3)cc21,15.05,7.822463500070138,1,506.9500000000003
C=CC(=O)N1CC[C@H](n2cc(-c3cc4cc(C)cc(OC)c4s3)c3c(N)ncnc32)C1,1000.0,6.0,1,433.5370000000002
C=CC(=O)NCCOCCNC(=O)CCN1CCC(c2cc(OC(C)C)c(Nc3ncc(Cl)c(Nc4ccccc4S(=O)(=O)C(C)C)n3)cc2C)CC1,0.95,9.022276394711152,1,770.3969999999999
C=CC(=O)NCc1ccc(-n2nc3c(=O)[nH]nc(N)c3c2-c2oc3ccc(C)cc3c2C)cc1,1000.0,6.0,1,454.4900000000003
C=CC(=O)Nc1cc(Nc2ncc(Cl)c(Nc3ccccc3C(=O)C(=O)N(C)C)n2)c(OC)cc1N1CCN(C)CC1,9.33,8.0301183562535,1,593.088
C=CC(=O)Nc1cc(Nc2ncc(Cl)c(Nc3ccccc3C(=O)C(=O)N(C)C)n2)ccc1OCCN(C)C,8.62,8.064492734175287,1,552.0350000000002
C=CC(=O)Nc1cc(Nc2ncc(Cl)c(Nc3ccccc3P(C)(C)=O)n2)c(OC)cc1N(C)CCN(C)C,40.0,7.3979400086720375,1,572.0500000000001
C=CC(=O)Nc1cc(Nc2ncc(Cl)c(Nc3ccccc3S(=O)(=O)C(C)C)n2)c(OC)cc1N(C)CCN(C)C,18.0,7.7447274948966935,1,602.161
C=CC(=O)Nc1cc(Nc2ncc(Cl)c(Nc3ccccc3S(=O)(=O)C(C)C)n2)c(OC)cc1N1CCCN(C)CC1,2.6260000000000003,8.580705278246539,1,614.1719999999998
C=CC(=O)Nc1cc(Nc2ncc(Cl)c(Nc3ccccc3S(=O)(=O)N(C)C)n2)c(OC)cc1N(C)CCN(C)C,17.0,7.769551078621726,1,603.1489999999999
C=CC(=O)Nc1cc(Nc2ncc(Cl)c(Nc3ccccc3S(=O)(=O)NC3CC3)n2)c(OC)cc1N(C)CCN(C)C,3.31,8.480172006224281,1,615.1599999999999
C=CC(=O)Nc1cc(Nc2ncc(F)c(Nc3ccccc3P(C)(C)=O)n2)c(OC)cc1N(C)CCN(C)C,123.0,6.910094888560602,1,555.5950000000003
C=CC(=O)Nc1cc(Nc2ncc(F)c(Nc3ccccc3S(=O)(=O)C(C)C)n2)c(OC)cc1N(C)CCN(C)C,17.0,7.769551078621726,1,585.706
C=CC(=O)Nc1cc(Nc2ncc(F)c(Nc3ccccc3S(=O)(=O)N(C)C)n2)c(OC)cc1N(C)CCN(C)C,15.0,7.823908740944319,1,586.694
C=CC(=O)Nc1cc(Nc2ncc(I)c(Nc3ccccc3P(C)(C)=O)n2)c(OC)cc1N(C)CCN(C)C,41.0,7.3872161432802645,1,663.5009999999997
C=CC(=O)Nc1cc(Nc2ncc(I)c(Nc3ccccc3S(=O)(=O)C(C)C)n2)c(OC)cc1N(C)CCN(C)C,91.0,7.040958607678906,1,693.6119999999997
C=CC(=O)Nc1cc(Nc2ncc(I)c(Nc3ccccc3S(=O)(=O)N(C)C)n2)c(OC)cc1N(C)CCN(C)C,38.0,7.42021640338319,1,694.5999999999997
C=CC(=O)Nc1cc(Nc2nccc(-c3cn(C)c4ccccc34)n2)c(OC)cc1N(C)CCN(C)C,177.0,6.752026733638194,1,499.6190000000003
C=CC(=O)Nc1cc(Nc2nccc(Nc3ccccc3P(C)(C)=O)n2)c(OC)cc1N(C)CCN(C)C,695.0,6.158015195409886,1,537.6050000000002
C=CC(=O)Nc1cc(Nc2nccc(Nc3ccccc3S(=O)(=O)C(C)C)n2)c(OC)cc1N(C)CCN(C)C,103.0,6.987162775294828,1,567.7160000000001
C=CC(=O)Nc1cc(Nc2nccc(Nc3ccccc3S(=O)(=O)N(C)C)n2)c(OC)cc1N(C)CCN(C)C,31.0,7.508638306165727,1,568.7040000000002
C=CC(=O)Nc1ccc(-n2nc3c(=O)[nH]nc(N)c3c2-c2oc3ccc(C)cc3c2C)cc1,1000.0,6.0,1,440.46300000000025
C=CC(=O)Nc1ccc(OC)c(Nc2ncc(Cl)c(Nc3ccccc3C(=O)C(=O)N(C)C)n2)c1,17.15,7.7657358756212105,1,494.93900000000025
C=CC(=O)Nc1cccc(Nc2nc(Nc3ccc(N4CCN(C(C)=O)CC4)cc3OC)ncc2C(F)(F)F)c1,145.0,6.838631997765025,1,555.5610000000005
C=CC(=O)Nc1cccc(Oc2nc(Nc3ccc(N4CCN(C)CC4)cc3OC)ncc2Cl)c1,990.0,6.00436480540245,1,494.9830000000003
C=CCNS(=O)(=O)c1cccc(C(=O)/N=c2\[nH]c3cc(CN4CCCCC4)ccc3n2[C@H]2CC[C@@H](CO)CC2)c1,26.5,7.576754126063192,1,565.7400000000004
C=CC[C@H]1Nc2ccc3ncc(n3n2)C(=O)NC2(CC2)COc2ccc(F)cc21,36.85,7.43356250780493,1,393.42200000000014
C=COc1cc2c(cc1OC(C)C)C(=O)c1c([nH]c3cc(C#N)ccc13)C2(C)C,23.1,7.636388020107856,1,386.45100000000014
C=Cc1cc2c(cc1N1CCOCC1)C(C)(C)c1[nH]c3cc(C#N)ccc3c1C2=O,2.052,8.68782264356022,1,397.4780000000001
C=Cc1ccc2c(c1)C(C)(C)c1[nH]c3cc(C#N)ccc3c1C2=O,14.84,7.828566099056991,1,312.37200000000007
C=Cc1cnc(Nc2cc(C)c(C3CCNCC3)cc2OC)nc1Nc1ccccc1S(=O)(=O)C(C)C,5.5,8.259637310505756,1,521.6870000000001
C=Cn1nc(C(N)=O)c2c1-c1nc(Nc3cc(N4CCN(C)CC4)ccc3OC(F)(F)F)ncc1CC2,2375.0,5.624336386039115,0,514.5120000000003
CC#Cc1cc2c(cc1N1CCC(N3CCOCC3)CC1)C1(CCOCC1)c1[nH]c3cc(C#N)ccc3c1C2=O,0.9,9.045757490560675,1,534.6600000000004
CC(=O)/C=C/c1c(Oc2c(C)cc(C(C)=O)cc2C)nc[nH]c1=O,40000.0,4.3979400086720375,0,326.352
CC(=O)/C=C/c1c(Oc2c(Cl)cccc2Cl)nc[nH]c1=O,40000.0,4.3979400086720375,0,325.151
CC(=O)/C=C/c1c(Oc2cc(C(F)(F)F)ccc2Cl)nc[nH]c1=O,9870.0,5.005682847330363,0,358.703
CC(=O)/C=C/c1c(Oc2ccc(C#N)cc2)nc[nH]c1=O,6910.0,5.1605219526258015,0,281.2710000000001
CC(=O)/C=C/c1c(Oc2ccc(C(C)(C)C)cc2)nc[nH]c1=O,40000.0,4.3979400086720375,0,312.369
CC(=O)/C=C/c1c(Oc2ccc(C(C)=O)c(F)c2)nc[nH]c1=O,40000.0,4.3979400086720375,0,316.288
CC(=O)/C=C/c1c(Oc2ccc(C)cc2)nc[nH]c1=O,40000.0,4.3979400086720375,0,270.288
CC(=O)/C=C/c1c(Oc2ccc(C)cc2C(C)=O)nc[nH]c1=O,40000.0,4.3979400086720375,0,312.325
CC(=O)/C=C/c1c(Oc2ccc(F)cc2)nc[nH]c1=O,40000.0,4.3979400086720375,0,274.25100000000003
CC(=O)/C=C/c1c(Oc2ccc(NC(C)=O)cc2)nc[nH]c1=O,6640.0,5.1778319206319825,0,313.31300000000005
CC(=O)/C=C/c1c(Oc2ccc(O)cc2)nc[nH]c1=O,7570.0,5.120904120499927,0,272.26000000000005
CC(=O)/C=C/c1c(Oc2cccc(C#N)c2)nc[nH]c1=O,40000.0,4.3979400086720375,0,281.2710000000001
CC(=O)/C=C/c1c(Oc2cccc(C(C)=O)c2)nc[nH]c1=O,6250.0,5.204119982655925,0,298.298
CC(=O)/C=C/c1c(Oc2ccccc2C(C)=O)nc[nH]c1=O,40000.0,4.3979400086720375,0,298.298
CC(=O)/C=C/c1c(Oc2ccccc2Cl)nc[nH]c1=O,40000.0,4.3979400086720375,0,290.706
CC(=O)N1CC(N2CCC(COc3ccc4c(c3)C(C)(C)c3[nH]c5cc(Br)ccc5c3C4=O)CC2)C1,189.23,6.723010010631769,1,550.4970000000001
CC(=O)N1CCC(Nc2ncc3c(n2)-c2c(c(C(N)=O)nn2C)CC3)CC1,10000.0,5.0,0,369.4290000000002
CC(=O)N1CCC(Oc2ccc3c(c2)C(C)(C)c2c(c4ccc(Br)cc4n2C)C3=O)CC1,341.43,6.466698321938197,1,495.4170000000002
CC(=O)N1CCN(CCOc2ccc3c(c2)C(C)(C)c2oc4ccccc4c2C3=O)CC1,1903.8,5.720378677515944,0,432.5200000000003
CC(=O)N1CCN([C@H]2CC[C@H](c3cc(OC4CC4)c(Nc4ncc(Cl)c(Nc5cn(C)nc5S(=O)(=O)C(C)C)n4)cc3C)CC2)CC1,12.5,7.903089986991944,1,685.2949999999997
CC(=O)N1CCN([C@H]2C[C@@H](n3cc(-c4cc(OC[C@@H]5CCCO5)ccc4F)c4c(N)ncnc43)C2)CC1,10000.0,5.0,0,508.5980000000004
CC(=O)N1CCN([C@H]2C[C@@H](n3cc(-c4cccc(OC[C@@H]5CCCO5)c4F)c4c(N)ncnc43)C2)CC1,10000.0,5.0,0,508.5980000000005
CC(=O)N1CCN(c2cc(-c3cnc4c(c3)N(Cc3cc(Cl)ccc3C(F)(F)F)CCN4)ccn2)CC1,133.5,6.874518734299406,1,530.982
CC(=O)N1CCN(c2ccc(Nc3ncc(C(F)(F)F)c(Nc4ccc(N5CCN(C(C)=O)CC5)cc4OC(F)F)n3)c(OC(F)F)c2)CC1,37.0,7.431798275933005,1,714.6430000000004
CC(=O)N1CCN(c2ccc(Nc3ncc(Cl)c(Nc4ccc(N5CCN(C(C)=O)CC5)cc4)n3)cc2)CC1,300.0,6.522878745280337,1,549.0790000000003
CC(=O)N1CCN(c2ccc(Nc3ncc(Cl)c(Nc4ccc(N5CCN(C(C)=O)CC5)cc4Cl)n3)c(Cl)c2)CC1,150.0,6.823908740944319,1,617.9690000000002
CC(=O)N1CCc2[nH]c(/C=C3\C(=O)Nc4ccc(C#N)cc43)cc2C1,1600.0,5.795880017344075,0,332.3630000000001
CC(=O)N1CCc2[nH]c(/C=C3\C(=O)Nc4ccc(C(F)(F)F)cc43)cc2C1,9500.0,5.022276394711152,0,375.3500000000001
CC(=O)N1CCc2[nH]c(/C=C3\C(=O)Nc4ccc(OC(C)C)cc43)cc2C1,3300.0,5.481486060122113,0,365.43300000000016
CC(=O)N1CCc2[nH]c(/C=C3\C(=O)Nc4ccc([N+](=O)[O-])cc43)cc2C1,10000.0,5.0,0,352.35000000000014
CC(=O)N1CCc2nc(Nc3ncc(Cl)c(Nc4ccccc4S(=O)(=O)C(C)C)n3)sc2CC1,99.0,7.00436480540245,1,521.0680000000002
CC(=O)NCCOc1ccc2c(c1)C(C)(C)c1[nH]c3cc(C#N)ccc3c1C2=O,11.6,7.935542010773082,1,387.4390000000002
CC(=O)Nc1ccc2c(c1)/C(=C/c1cc3c([nH]1)CCN(C(=O)N1CCOCC1)C3)C(=O)N2,210.0,6.6777807052660805,1,435.48400000000026
CC(C)(C)C(=O)N1Cc2c(NC(=O)c3cc(F)cc(F)c3)n[nH]c2C1(C)C,10000.0,5.0,0,376.4070000000001
CC(C)(C)C(=O)Nc1ccc2c(c1)/C(=C1/Nc3ccccc3/C1=N\O)C(=O)N2,10000.0,5.0,0,376.4160000000001
CC(C)(C)CNC(=O)CC1CNC(=O)c2cc(-c3ccsc3)cn21,10000.0,5.0,0,345.468
CC(C)(C)N1CCN(c2cc3c(cc2Br)C(=O)c2c([nH]c4cc(C#N)ccc24)C32CCOCC2)CC1,0.32,9.494850021680094,1,547.4970000000002
CC(C)(C)NCCOc1ccc2c(c1)C(C)(C)c1[nH]c3cc(C#N)ccc3c1C2=O,6.73,8.171984935776024,1,401.51000000000016
CC(C)(C)OC(=O)N1CCC(Oc2ccc3c(c2)C(C)(C)c2[nH]c4cc(C#N)ccc4c2C3=O)CC1,52.71,7.278106983785043,1,485.58400000000034
CC(C)(C)OC(=O)N1CCC2(CC1)OCCC2Oc1ccc2c(c1)C(C)(C)c1[nH]c3cc(Br)ccc3c1C2=O,19.51,7.709742730605482,1,595.5340000000001
CC(C)(C)OC(=O)N1CCN(C(=O)COc2ccc3c(c2)C(C)(C)c2oc4ccccc4c2C3=O)CC1,5370.8,5.2699610197551285,0,504.58300000000037
CC(C)(C)OC(=O)N1CCN(c2ccc(-c3ccc4[nH]c5nccc(-c6ccc(Cc7ccccc7)cc6)c5c4c3)cc2)CC1,9800.0,5.008773924307505,0,594.759
CC(C)(C)[Si](C#Cc1cccc(-c2csc(NC(=O)c3ccc(CN4CCOCC4)cc3)n2)c1)(c1ccccc1)c1ccccc1,4850.0,5.314258261397736,0,641.9130000000005
CC(C)(C)[Si](C)(C)C#Cc1cccc(-c2csc(NC(=O)c3ccc(CN4CCOCC4)cc3)n2)c1,6900.0,5.161150909262744,0,517.7710000000004
CC(C)(C)c1cc(NC(=O)Nc2ccc(-c3cc(NC(=O)c4ccc(OCCCN5CCCC5)cc4)[nH]n3)cc2)no1,1200.0,5.920818753952375,0,571.6820000000004
CC(C)(C)c1cc(NC(=O)Nc2ccc(-c3cc(NC(=O)c4ccc(OCCN5CCCC5)cc4)[nH]n3)cc2)no1,559.0,6.252588192113577,1,557.6550000000004
CC(C)(C)c1ccc(NC(=O)Oc2ccc3c4c(oc3c2)C(C)(C)c2cc(OC[C@H](O)CO)ccc2C4=O)cc1,510.0,6.292429823902063,1,543.6160000000003
CC(C)(C)c1ccccc1NC(=O)Oc1ccc2c3c(oc2c1)C(C)(C)c1cc(OC[C@H](O)CO)ccc1C3=O,540.0,6.267606240177032,1,543.6160000000003
CC(C)(CO)NCCOc1ccc2c(c1)C(C)(C)c1[nH]c3cc(C#N)ccc3c1C2=O,3.595,8.444301105281099,1,417.5090000000002
CC(C)(O)C#Cc1ccc2c(c1)C(=O)c1c([nH]c3cc(C#N)ccc13)C2(C)C,1.171,8.931443104927636,1,368.43600000000015
CC(C)C1(N2CCOCC2)CCN(c2cc3c(cn2)C(=O)c2c([nH]c4cc(C#N)ccc24)C3(C)C)CC1,9.37,8.028260409112221,1,497.6430000000003
CC(C)CC(=O)Nc1n[nH]c2c1CN(C(=O)C1CCN(C)CC1)C2(C)C,10000.0,5.0,0,361.4900000000002
CC(C)CCC#Cc1cc2c(cc1N1CCN(C3COC3)CC1)C(C)(C)c1[nH]c3cc(C#N)ccc3c1C2=O,12.27,7.9111554372729955,1,520.6770000000004
CC(C)COC(=O)Nc1ccc(-c2cnc3c(-c4ccc(N5CCN(C)CC5)cc4)cnn3c2N)cc1,10000.0,5.0,0,499.6190000000003
CC(C)COc1cc2c(cc1Nc1ncc(Cl)c(Nc3ccccc3S(=O)(=O)C(C)C)n1)CCN(C(=O)C(F)(F)F)C2,10.0,8.0,1,626.1010000000002
CC(C)COc1cc2c(cc1Nc1ncc(Cl)c(Nc3ccccc3S(=O)(=O)C(C)C)n1)CCNC2,4.133333333333334,8.383699569557427,1,530.0940000000002
CC(C)Cc1cc2c(=O)c3c4ccc(C#N)cc4[nH]c3n(C(C)C)c2cc1N1CCN(C)CC1,2.5,8.602059991327963,1,455.60600000000034
CC(C)Cn1c2ccc(Nc3ncccn3)cc2c2c3c(c4c(c21)CCc1nn(C)cc1-4)C(=O)NC3,132.0,6.87942606879415,1,477.57200000000034
CC(C)N(CCS(=O)(=O)c1ccc2c(c1)C(C)(C)c1[nH]c3cc(C#N)ccc3c1C2=O)C(C)C,14.92,7.82623117686335,1,477.6300000000003
CC(C)N(CCSc1ccc2c(c1)C(C)(C)c1oc3ccccc3c1C2=O)C(C)C,420.9,6.375821074251977,1,421.6060000000002
CC(C)N1CCC(Cc2ccc3c(c2)C(=O)c2c([nH]c4cc(C#N)ccc24)C3(C)C)CC1,11.73,7.930701987884471,1,425.57600000000025
CC(C)N1CCC(Cc2ccc3c(c2)C(C)(C)c2[nH]c4cc(C#N)ccc4c2C3=O)CC1,2.28,8.642065152999546,1,425.57600000000025
CC(C)N1CCC(c2ccc3c(c2)C(C)(C)c2[nH]c4cc(C#N)ccc4c2C3=O)CC1,0.84,9.075720713938118,1,411.5490000000002
CC(C)N1CCN(Cc2ccc(-c3n[nH]c4nc(-c5ccc(O)cc5)ccc34)o2)CC1,103.47,6.985185550912947,1,417.5130000000002
CC(C)N1CCN(c2ccc(-c3n[nH]c4nc(-c5cc(F)c(O)c(F)c5)ccc34)cc2)CC1,648.59,6.1880297515901175,1,449.5050000000002
CC(C)N1CCN(c2ccc(-c3n[nH]c4nc(-c5ccc(C#N)cc5)ccc34)cc2)CC1,2000.0,5.698970004336019,0,422.53600000000023
CC(C)N1CCN(c2ccc(-c3n[nH]c4nc(-c5ccc(C(C)(C)O)cc5)ccc34)cc2)CC1,2000.0,5.698970004336019,0,455.6060000000003
CC(C)N1CCN(c2ccc(-c3n[nH]c4nc(-c5ccc(Cl)cc5)ccc34)cc2)CC1,2000.0,5.698970004336019,0,431.9710000000002
CC(C)N1CCN(c2ccc(-c3n[nH]c4nc(-c5ccc(F)cc5)ccc34)cc2)CC1,2000.0,5.698970004336019,0,415.5160000000002
CC(C)N1CCN(c2ccc(-c3n[nH]c4nc(-c5ccc(N)cc5)ccc34)cc2)CC1,218.45,6.660647950954413,1,412.5410000000002
CC(C)N1CCN(c2ccc(-c3n[nH]c4nc(-c5ccc(O)c(F)c5)ccc34)cc2)CC1,1.58,8.801342913045577,1,431.5150000000002
CC(C)N1CCN(c2ccc(-c3n[nH]c4nc(-c5ccc(O)cc5)ccc34)cc2)CC1,47.4,7.324221658325915,1,413.5250000000002
CC(C)N1CCN(c2ccc3c(c2)C(=O)c2c([nH]c4cc(C#N)ccc24)C3(C)C)CC1,4.631,8.334325219006107,1,412.53700000000026
CC(C)N1CCN(c2ccc3c(c2)C(C)(C)c2[nH]c4c(F)c(C#N)ccc4c2C3=O)CC1,0.77,9.113509274827518,1,430.52700000000027
CC(C)N1CCN(c2ccc3c(c2)C(C)(C)c2[nH]c4cc(C#N)ccc4c2C3=O)CC1,17.685,7.75239493584923,1,412.53700000000026
CC(C)N1Cc2cc(F)ccc2OCC(C)(C)NC(=O)c2cnc3ccc1nn23,122.0,6.913640169325252,1,397.4540000000001
CC(C)NC(=O)[C@H]1CC[C@@H](n2/c(=N/C(=O)c3cc(F)cc(C#N)c3)[nH]c3ccc(CN4CCC(C(C)(C)O)CC4)cc32)CC1,3.0,8.522878745280337,1,602.755
CC(C)NC(=O)[C@H]1CC[C@@H](n2/c(=N/C(=O)c3cc(F)cc(Cl)c3)[nH]c3ccc(CN4CCC(C(C)(C)O)CC4)cc32)CC1,3.0,8.522878745280337,1,612.19
CC(C)NC(=O)[C@H]1CC[C@@H](n2/c(=N/C(=O)c3cc(F)cc(F)c3)[nH]c3ccc(CN4CCC(C(C)(C)O)CC4)cc32)CC1,1.0,9.0,1,595.735
CC(C)NC(=O)[C@H]1CC[C@@H](n2/c(=N/C(=O)c3ccc(C#N)c(F)c3)[nH]c3ccc(CN4CCC(C(C)(C)O)CC4)cc32)CC1,1.0,9.0,1,602.755
CC(C)NC(=O)[C@H]1CC[C@@H](n2/c(=N/C(=O)c3ccc(C#N)cc3)[nH]c3ccc(CN4CCC(C(C)(C)O)CC4)cc32)CC1,1.0,9.0,1,584.765
CC(C)NC(=O)[C@H]1CC[C@@H](n2/c(=N/C(=O)c3ccc(F)c(Cl)c3)[nH]c3ccc(CN4CCC(C(C)(C)O)CC4)cc32)CC1,3.0,8.522878745280337,1,612.19
CC(C)NC(=O)[C@H]1CC[C@@H](n2/c(=N/C(=O)c3ccc(F)c(F)c3)[nH]c3ccc(CN4CCC(C(C)(C)O)CC4)cc32)CC1,2.0,8.698970004336019,1,595.735
CC(C)NC(=O)[C@H]1CC[C@@H](n2/c(=N/C(=O)c3ccc(F)cc3)[nH]c3ccc(CN4CC(C(C)(C)O)C4)cc32)CC1,1.75,8.756961951313706,1,549.6910000000001
CC(C)NC(=O)[C@H]1CC[C@@H](n2/c(=N/C(=O)c3ccc(F)cc3)[nH]c3ccc(CN4CCC(C(=O)O)CC4)cc32)CC1,173.5,6.760700520873107,1,563.6740000000002
CC(C)NC(=O)[C@H]1CC[C@@H](n2/c(=N/C(=O)c3ccc(F)cc3)[nH]c3ccc(CN4CCC(C(C)(C)O)C4)cc32)CC1,4.95,8.30539480106643,1,563.7180000000002
CC(C)NC(=O)[C@H]1CC[C@@H](n2/c(=N/C(=O)c3ccc(F)cc3)[nH]c3ccc(CN4CCC(C(C)(C)O)CC4)cc32)CC1,2.066666666666667,8.684729565221408,1,577.7450000000001
CC(C)NC(=O)[C@H]1CC[C@@H](n2/c(=N/C(=O)c3ccc(F)cc3)[nH]c3ccc(CN4CCC(C(N)=O)CC4)cc32)CC1,2.7,8.568636235841012,1,562.6900000000002
CC(C)NC(=O)[C@H]1CC[C@@H](n2/c(=N/C(=O)c3ccc(F)cc3)[nH]c3ccc(CN4CCC(CN)CC4)cc32)CC1,4.6,8.337242168318426,1,548.7070000000002
CC(C)NC(=O)[C@H]1CC[C@@H](n2/c(=N/C(=O)c3ccc(F)cc3)[nH]c3ccc(CN4CCCCC4)cc32)CC1,2.8,8.55284196865778,1,519.6650000000003
CC(C)NC(=O)[C@H]1CC[C@@H](n2/c(=N/C(=O)c3ccc(F)cc3)[nH]c3ccc(CN4CCCCC4C(=O)O)cc32)CC1,73.5,7.133712660915805,1,563.6740000000002
CC(C)NC(=O)[C@H]1CC[C@@H](n2/c(=N/C(=O)c3ccc(F)cc3)[nH]c3ccc(CN4CCC[C@H]4C(C)(C)O)cc32)CC1,7.8,8.10790539730952,1,563.7180000000002
CC(C)NC(=O)[C@H]1CC[C@@H](n2/c(=N/C(=O)c3ccc(F)cc3)[nH]c3ccc(CN4CCC[C@H]4C(N)=O)cc32)CC1,5.0,8.301029995663981,1,548.6630000000001
CC(C)NC(=O)[C@H]1CC[C@@H](n2/c(=N/C(=O)c3ccc(F)cc3)[nH]c3ccc(CN4CCNC(=O)C4)cc32)CC1,4.0,8.397940008672037,1,534.6360000000002
CC(C)NC(=O)[C@H]1CC[C@@H](n2/c(=N/C(=O)c3ccc(F)cc3)[nH]c3ccc(CN4CCNCC4)cc32)CC1,3.3,8.481486060122112,1,520.6530000000002
CC(C)NC(=O)[C@H]1CC[C@@H](n2/c(=N/C(=O)c3ccc(F)cc3)[nH]c3ccc(CN4CCS(=O)(=O)CC4)cc32)CC1,5.0,8.301029995663981,1,569.7030000000001
CC(C)NC(=O)[C@H]1CC[C@@H](n2/c(=N/C(=O)c3ccc(F)cc3)[nH]c3ccc(CNCC(C)(C)O)cc32)CC1,1.3,8.886056647693163,1,523.6530000000002
CC(C)NC(=O)[C@H]1CC[C@@H](n2/c(=N/C(=O)c3ccc(F)cc3)[nH]c3ccc(Cn4cncn4)cc32)CC1,3.0,8.522878745280337,1,503.5820000000002
CC(C)NC(=O)[C@H]1CC[C@@H](n2/c(=N/C(=O)c3ccc(F)cc3)[nH]c3ccc(Oc4ccccn4)cc32)CC1,58.65,7.231731983548452,1,515.5890000000002
CC(C)NC(=O)[C@H]1CC[C@@H](n2/c(=N/C(=O)c3ccc(F)cc3)[nH]c3ccccc32)CC1,77.0,7.113509274827518,1,422.50400000000013
CC(C)NC(=O)[C@H]1CC[C@@H](n2/c(=N/C(=O)c3cccc(C#N)c3)[nH]c3ccc(CN4CCC(C(C)(C)O)CC4)cc32)CC1,1.0,9.0,1,584.765
CC(C)NC(=O)[C@H]1CC[C@@H](n2/c(=N/C(=O)c3cccc(Cl)c3)[nH]c3ccc(CN4CCC(C(C)(C)O)CC4)cc32)CC1,2.0,8.698970004336019,1,594.2
CC(C)NC(=O)[C@H]1CC[C@@H](n2/c(=N/C(=O)c3cccc(F)c3)[nH]c3ccc(CN4CCC(C(C)(C)O)CC4)cc32)CC1,1.0,9.0,1,577.7450000000001
CC(C)NC(=O)[C@H]1CC[C@@H](n2/c(=N/C(=O)c3ccccc3)[nH]c3cc(/C=C/C(=O)NO)ccc32)CC1,16.0,7.795880017344075,1,489.5760000000002
CC(C)NC(=O)[C@H]1CC[C@@H](n2/c(=N/C(=O)c3ccccc3)[nH]c3ccc(CN4CCC(C(C)(C)O)CC4)cc32)CC1,2.0,8.698970004336019,1,559.7550000000002
CC(C)NC(=O)[C@H]1CC[C@@H](n2/c(=N/C(=O)c3ccccc3)[nH]c3ccc(CN4CCCCC4)cc32)CC1,3.5,8.455931955649724,1,501.6750000000004
CC(C)NC(=O)[C@H]1CC[C@@H](n2/c(=N/C(=O)c3cccnc3)[nH]c3ccc(CN4CCC(C(C)(C)O)CC4)cc32)CC1,6.0,8.221848749616356,1,560.7430000000002
CC(C)NC(=O)[C@H]1CC[C@@H](n2/c(=N/C(=O)c3ccncc3)[nH]c3ccc(CN4CCC(C(C)(C)O)CC4)cc32)CC1,1.0,9.0,1,560.7430000000002
CC(C)Nc1ccc(Oc2cc(O)cc(O)c2-c2cc(C(=O)NC3CCN(C)CC3)no2)cc1,10.0,8.0,1,466.5380000000003
CC(C)Nc1ccc2cnn(-c3cncc(-c4ccc(C(=O)O)cc4)n3)c2c1,30000.0,4.522878745280337,0,373.4160000000001
CC(C)OC(=O)CNCc1ccc(C(=O)Nc2nc(-c3cccc(C#C[Si](C(C)C)(C(C)C)C(C)C)c3)cs2)cc1,73000.0,4.136677139879544,0,589.8780000000004
CC(C)OCC#Cc1cc2c(cc1N1CCN(C3COC3)CC1)C(C)(C)c1[nH]c3cc(C#N)ccc3c1C2=O,0.4,9.397940008672037,1,522.6490000000003
CC(C)Oc1cc(-c2nc(CN3CCN(C)CC3)cs2)ccc1Nc1ncc(Cl)c(Nc2ccccc2S(=O)(=O)C(C)C)n1,3.4,8.468521082957745,1,656.278
CC(C)Oc1cc(-c2nc(CN3CCN(CCO)CC3)cs2)ccc1Nc1ncc(Cl)c(Nc2ccccc2S(=O)(=O)C(C)C)n1,4.0,8.397940008672037,1,686.3040000000001
CC(C)Oc1cc(-n2cnc3ccc(N[C@@H](C)c4ccc(F)cn4)nc32)n[nH]1,34.1,7.467245621007502,1,381.415
CC(C)Oc1cc(C2CCN(C)CC2)ccc1Nc1ncc2sc(C(N)=O)c(-c3ccccc3OC(F)(F)F)c2n1,0.5,9.301029995663981,1,585.6520000000003
CC(C)Oc1cc(C2CCNCC2)ccc1Nc1ncc(Cl)c(Nc2ccccc2S(=O)(=O)C(C)C)n1,10.6,7.97469413473523,1,544.1210000000001
CC(C)Oc1cc(N2CCC(N(C)C)CC2)ccc1Nc1ncc(Cl)c(Nc2cccnc2S(=O)(=O)C(C)C)n1,5.5,8.259637310505756,1,588.1780000000001
CC(C)Oc1cc(N2CCC(N(C)C)CC2)ccc1Nc1ncc(Cl)c(Nc2ccsc2S(=O)(=O)C(C)C)n1,1.0,9.0,1,593.219
CC(C)Oc1cc(N2CCC(N(C)C)CC2)ccc1Nc1ncc(OC(F)F)c(Nc2ccccc2S(=O)(=O)C(C)C)n1,1.0,9.0,1,618.7510000000001
CC(C)Oc1cc(N2CCC(N3CCN(C)CC3)CC2)ccc1Nc1ncc(Cl)c(Nc2ccccc2P(C)(C)=O)n1,0.68,9.167491087293763,1,612.1590000000001
CC(C)Oc1cc(N2CCC(N3CCN(C)CC3)CC2)ccc1Nc1ncc(Cl)c(Nc2ccccc2S(=O)(=O)C(C)C)n1,24.8,7.605548319173784,1,642.2700000000001
CC(C)Oc1cc2c(=O)c3c4ccc(C#N)cc4[nH]c3n(C(C)C)c2cc1N1CCN(C)CC1,5.8,8.236572006437063,1,457.5780000000003
CC(C)Oc1cc2c(cc1Nc1ncc(Cl)c(Nc3ccccc3S(=O)(=O)C(C)C)n1)C(=O)N(C1CCN(C(=O)C3CCCN3C)CC1)C2,5.0,8.301029995663981,1,710.3009999999996
CC(C)Oc1cc2c(cc1Nc1ncc(Cl)c(Nc3ccccc3S(=O)(=O)C(C)C)n1)C(=O)N(C1CCN(C(=O)C3CN(C)C3)CC1)C2,12.0,7.920818753952375,1,696.2739999999997
CC(C)Oc1cc2c(cc1Nc1ncc(Cl)c(Nc3ccccc3S(=O)(=O)C(C)C)n1)C(=O)N(C1CCN(C(=O)C3CNC3)CC1)C2,87.0,7.060480747381382,1,682.2469999999997
CC(C)Oc1cc2c(cc1Nc1ncc(Cl)c(Nc3ccccc3S(=O)(=O)C(C)C)n1)C(=O)N(C1CCN(C(=O)CN(C)C)CC1)C2,6.0,8.221848749616356,1,684.2629999999997
CC(C)Oc1cc2c(cc1Nc1ncc(Cl)c(Nc3ccccc3S(=O)(=O)C(C)C)n1)C(=O)N(C1CCN(C(=O)[C@@H]3CCCN3)CC1)C2,29.0,7.5376020021010435,1,696.2739999999997
CC(C)Oc1cc2c(cc1Nc1ncc(Cl)c(Nc3ccccc3S(=O)(=O)C(C)C)n1)C(=O)N(C1CCN(C(=O)[C@@H]3CCCN3C)CC1)C2,23.0,7.638272163982407,1,710.3009999999996
CC(C)Oc1cc2c(cc1Nc1ncc(Cl)c(Nc3ccccc3S(=O)(=O)C(C)C)n1)CCN(C(=O)C(F)(F)F)C2,10.0,8.0,1,612.0740000000003
CC(C)Oc1cc2c(cc1Nc1ncc(Cl)c(Nc3ccccc3S(=O)(=O)C(C)C)n1)CCNC2,4.583333333333333,8.338818556553381,1,516.0670000000002
CC(C)Oc1cc2c(cc1Nc1ncc(Cl)c(Nc3ccccc3S(=O)(=O)C(C)C)n1)CCNC2(C)C,10.0,8.0,1,544.1210000000002
CC(C)Oc1cc2c(cc1Nc1ncc(Cl)c(Nc3ccccc3S(=O)(=O)C(C)C)n1)CCNC2C,10.0,8.0,1,530.0940000000003
CC(C)Oc1cc2c(cc1Nc1ncc(Cl)c(Nc3ccccc3S(=O)(=O)C(C)C)n1)CNCC2(C)C,10.0,8.0,1,544.1210000000002
CC(C)Oc1cc2c(cc1Nc1ncc(Cl)c(Nc3ccccc3S(=O)(=O)C3CCC3)n1)C(=O)N(C1CCN(C(=O)CN(C)C)CC1)C2,2.0,8.698970004336019,1,696.2739999999997
CC(C)Oc1cc2c(cc1Nc1ncc(Cl)c(Nc3ccccc3S(=O)(=O)C3CCCCC3)n1)C(=O)N(C1CCN(C(=O)CN(C)C)CC1)C2,33.0,7.481486060122112,1,724.3279999999997
CC(C)Oc1cc2c(cc1O[C@@H]1CCN(C3CCC3)C1)C(C)(C)c1[nH]c3cc(C#N)ccc3c1C2=O,1.6,8.795880017344075,1,483.6120000000003
CC(C)Oc1ccc(CCN)cc1Nc1ncc(Cl)c(Nc2ccccc2S(=O)(=O)C(C)C)n1,35.0,7.455931955649724,1,504.05600000000015
CC(C)Oc1ccc(NC(=O)CNC(=O)c2cc(C(C)C)c(O)cc2O)cc1Nc1ncc(Cl)c(Nc2ccccc2S(=O)(=O)C(C)C)n1,3.3,8.481486060122112,1,711.2410000000001
CC(C)Oc1ccc(NC(=O)CNC(=O)c2cc(C(C)C)c(O)cc2O)cc1Nc1nccc(Nc2ccccc2S(=O)(=O)C(C)C)n1,4.2,8.3767507096021,1,676.7960000000002
CC(C)Oc1ccc2c3c(oc2c1)C(C)(C)c1cc(OC[C@@H](O)[C@H](O)CO)ccc1C3=O,700.0,6.154901959985743,1,440.4920000000002
CC(C)Oc1nc(C2CCNCC2)ncc1Nc1ncc(Cl)c(Nc2ccccc2S(=O)(=O)C(C)C)n1,36.4,7.438898616350944,1,546.0970000000001
CC(C)Oc1nc(N2CCN(C)CC2)ccc1Nc1ncc(Cl)c(Nc2ccccc2NS(C)(=O)=O)n1,6133.333333333333,5.212303431710126,0,547.0850000000002
CC(C)S(=O)(=O)N1CCN(C(=O)COc2ccc3c(c2)C(C)(C)c2[nH]c4cc(Br)ccc4c2C3=O)CC1,168.21,6.774148189181843,1,588.524
CC(C)S(=O)(=O)c1ccc2cc1Nc1nc(ncc1Cl)Nc1ccc(N3CCN(C)CC3)c(c1)CC2,36.85,7.43356250780493,1,527.0940000000003
CC(C)S(=O)(=O)c1ccccc1Nc1ccnc2[nH]c3ccc(-c4ccc(N5CCN(C)CC5)cc4)cc3c12,4250.0,5.371611069949688,0,539.7050000000004
CC(C)S(=O)(=O)c1ccccc1Nc1nc(N/N=C/c2ccc(C(F)(F)F)cc2)ncc1Cl,38.3,7.416801226031377,1,497.9300000000002
CC(C)S(=O)(=O)c1ccccc1Nc1nc(N/N=C/c2ccc(F)cc2)ncc1Cl,23.65,7.62616885492617,1,447.9230000000001
CC(C)S(=O)(=O)c1ccccc1Nc1nc(N/N=C/c2ccc(OC(F)(F)F)cc2)ncc1Cl,42.25,7.374173286714289,1,513.9290000000002
CC(C)S(=O)(=O)c1ccccc1Nc1nc(N/N=C/c2cccc(C(F)(F)F)c2)ncc1Cl,37.25,7.4288737229156885,1,497.9300000000002
CC(C)S(=O)(=O)c1ccccc1Nc1nc(Nc2cc3c(cc2OC(F)F)C(C)(C)NCC3)ncc1Cl,10.0,8.0,1,552.0470000000003
CC(C)S(=O)(=O)c1ccccc1Nc1nc(Nc2ccc(C(=O)NCCCCCCC(=O)NO)cc2)ncc1Cl,2.5666666666666664,8.59063052954718,1,589.1180000000004
CC(C)S(=O)(=O)c1ccccc1Nc1nc(Nc2ccc(C(=O)Nc3ccccc3N)cc2)ncc1Cl,9.5,8.022276394711152,1,537.0450000000003
CC(C)S(=O)(=O)c1ccccc1Nc1nc(Nc2ccc(N3CCC(N(C)C)CC3)cc2OC(F)F)ncc1Cl,1.0,9.0,1,595.1160000000003
CC(C)S(=O)(=O)c1ccccc1Nc1nc(Nc2ccc(N3CCC(N(C)C)CC3)cc2OC(F)F)ncc1OC(F)F,1.0,9.0,1,626.6770000000005
CC(C)S(=O)(=O)c1ccccc1Nc1nc(Nc2ccc(NC(=O)CCCCCCC(=O)NO)cc2)ncc1Cl,1.4000000000000001,8.853871964321762,1,589.1180000000004
CC(C)S(=O)(=O)c1ccccc1Nc1nc(Nc2ccc3c(NC(=O)CN(C)C)n[nH]c3c2)ncc1Cl,3.6999999999999997,8.431798275933005,1,543.0530000000003
CC(C)S(=O)(=O)c1ccccc1Nc1nc(Nc2ccc3c(NC(=O)CN4CCCC4)n[nH]c3c2)ncc1Cl,1.2033333333333334,8.919614052814005,1,569.0910000000003
CC(C)S(=O)(=O)c1ccccc1Nc1nc(Nc2cccc(NC(=O)C(C)(C)N)c2)ncc1Cl,5.5,8.259637310505756,1,503.02800000000025
CC(C)S(=O)(=O)c1ccccc1Nc1nc(Nc2cccc(NC(=O)C3(N)CC3)c2)ncc1Cl,50.8,7.294136287716081,1,501.0120000000003
CC(C)S(=O)(=O)c1ccccc1Nc1nc(Nc2cccc(NC(=O)C3CCN3)c2)ncc1Cl,44.2,7.354577730650908,1,501.0120000000003
CC(C)S(=O)(=O)c1ccccc1Nc1nc(Nc2cccc(NC(=O)C3CN(C(=O)CCCN(C)C)C3)c2)ncc1Cl,0.8,9.096910013008056,1,614.1720000000003
CC(C)S(=O)(=O)c1ccccc1Nc1nc(Nc2cccc(NC(=O)C3CNC3)c2)ncc1Cl,20.7,7.684029654543083,1,501.0120000000003
CC(C)S(=O)(=O)c1ccccc1Nc1nc(Nc2cccc(NC(=O)CCCN)c2)ncc1Cl,19.1,7.718966632752273,1,503.02800000000036
CC(C)S(=O)(=O)c1ccccc1Nc1nc(Nc2cccc(NC(=O)CCN)c2)ncc1Cl,3.1,8.508638306165727,1,489.0010000000003
CC(C)S(=O)(=O)c1ccccc1Nc1nc(Nc2cccc(NC(=O)CN)c2)ncc1Cl,5.8500000000000005,8.232844133917819,1,474.9740000000003
CC(C)S(=O)(=O)c1ccccc1Nc1nc(Nc2cccc(NC(=O)CN3CC4CC3CC4O)c2)ncc1Cl,3.0,8.522878745280337,1,571.1030000000003
CC(C)S(=O)(=O)c1ccccc1Nc1nc(Nc2cccc(NC(=O)CN3CC4CC3CN4)c2)ncc1Cl,2.3,8.638272163982407,1,556.0920000000003
CC(C)S(=O)(=O)c1ccccc1Nc1nc(Nc2cccc(NC(=O)CN3CC4CCC(C3)O4)c2)ncc1Cl,51.3,7.289882634888183,1,571.1030000000004
CC(C)S(=O)(=O)c1ccccc1Nc1nc(Nc2cccc(NC(=O)CN3CC4CNCC4C3)c2)ncc1Cl,5.5,8.259637310505756,1,570.1190000000004
CC(C)S(=O)(=O)c1ccccc1Nc1nc(Nc2cccc(NC(=O)CN3CCC4CNCC43)c2)ncc1Cl,2.3,8.638272163982407,1,570.1190000000004
CC(C)S(=O)(=O)c1ccccc1Nc1nc(Nc2cccc(NC(=O)CN3CCN(C(=O)/C=C/CN(C)C)CC3)c2)ncc1Cl,0.7,9.154901959985743,1,655.2250000000001
CC(C)S(=O)(=O)c1ccccc1Nc1nc(Nc2cccc(NC(=O)CN3CCN(C(=O)CO)CC3)c2)ncc1Cl,9.0,8.045757490560675,1,602.1170000000003
CC(C)S(=O)(=O)c1ccccc1Nc1nc(Nc2cccc(NC(=O)CN3CCN(C)CC3)c2)ncc1Cl,1.7,8.769551078621726,1,558.1080000000004
CC(C)S(=O)(=O)c1ccccc1Nc1nc(Nc2cccc(NC(=O)CN3CCN(C4COC4)CC3)c2)ncc1Cl,4.9,8.309803919971486,1,600.1450000000003
CC(C)S(=O)(=O)c1ccccc1Nc1nc(Nc2cccc(NC(=O)CN3CCNCC3)c2)ncc1Cl,2.5,8.602059991327963,1,544.0810000000004
CC(C)S(=O)(=O)c1ccccc1Nc1nc(Nc2cccc(NC(=O)CN3CCOCC3)c2)ncc1Cl,17.8,7.749579997691106,1,545.0650000000004
CC(C)S(=O)(=O)c1ccccc1Nc1nc(Nc2cccc(NC(=O)CN3C[C@@H](C)O[C@@H](C)C3)c2)ncc1Cl,25.5,7.5934598195660445,1,573.1190000000003
CC(C)S(=O)(=O)c1ccccc1Nc1nc(Nc2cccc(NC(=O)Cc3cc4ccccc4[nH]3)c2)ncc1Cl,95.3,7.020907099361674,1,575.0940000000002
CC(C)S(=O)(=O)c1ccccc1Nc1nc(Nc2cccc(NC(=O)Cc3ccco3)c2)ncc1Cl,31.9,7.496209316942819,1,526.0180000000003
CC(C)S(=O)(=O)c1ccccc1Nc1nc(Nc2cccc(NC(=O)[C@@H](N)Cc3c[nH]cn3)c2)ncc1Cl,28.0,7.552841968657781,1,555.0640000000002
CC(C)S(=O)(=O)c1ccccc1Nc1nc(Nc2cccc(NC(=O)[C@H](C)N)c2)ncc1Cl,1.8,8.744727494896694,1,489.0010000000002
CC(C)S(=O)(=O)c1ccccc1Nc1nc(Nc2nc(C(=O)N3CC4(CCNCC4)C3)cs2)ncc1Cl,1000.0,6.0,1,562.1210000000004
CC(C)S(=O)(=O)c1ccccc1Nc1nc(Nc2nc(C(=O)N3CC4CCC(C3)O4)cs2)ncc1Cl,144.0,6.841637507904751,1,549.0780000000003
CC(C)S(=O)(=O)c1ccccc1Nc1nc(Nc2nc(C(=O)N3CCCCC3)cs2)ncc1Cl,1000.0,6.0,1,521.0680000000004
CC(C)S(=O)(=O)c1ccccc1Nc1nc(Nc2nc(C(=O)N3CCOCC3)cs2)ncc1Cl,1000.0,6.0,1,523.0400000000004
CC(C)S(=O)(=O)c1ccccc1Nc1nc(Nc2nc(C(=O)N3C[C@H]4CN(C)C[C@H]4C3)cs2)ncc1Cl,134.0,6.872895201635193,1,562.1210000000003
CC(C)S(=O)(=O)c1ccccc1Nc1nc(Nc2nc(C(=O)NCCN3CCOCC3)cs2)ncc1Cl,121.0,6.91721462968355,1,566.1090000000004
CC(C)S(=O)(=O)c1ccccc1Nc1nc(Nc2nc(C(=O)O)cs2)ncc1Cl,1000.0,6.0,1,453.9330000000002
CC(C)S(=O)(=O)c1ccccc1Nc1nc(Nc2nc(CC(=O)N3C[C@H]4CN(C)C[C@H]4C3)cs2)ncc1Cl,243.0,6.614393726401688,1,576.1480000000004
CC(C)S(=O)(=O)c1ccccc1Nc1nc(Nc2nc3c(s2)CCN(C(=O)C2CCOCC2)CC3)ncc1Cl,18.2,7.739928612014925,1,591.1590000000003
CC(C)S(=O)(=O)c1ccccc1Nc1nc(Nc2nc3c(s2)CCN(C(=O)CO)CC3)ncc1Cl,171.0,6.767003889607846,1,537.0670000000005
CC(C)S(=O)(=O)c1ccccc1Nc1nc(Nc2nc3c(s2)CCN(C)CC3)ncc1Cl,773.0,6.111820506081675,1,493.05800000000033
CC(C)S(=O)(=O)c1ccccc1Nc1nc(Nc2nc3c(s2)CCN(CC2CCOCC2)CC3)ncc1Cl,18.0,7.7447274948966935,1,577.1760000000005
CC(C)S(=O)(=O)c1ccccc1Nc1nc(Nc2nc3c(s2)CCN(CCN2CCOCC2)CC3)ncc1Cl,67.8,7.168770306132937,1,592.1910000000004
CC(C)S(=O)(=O)c1ccccc1Nc1nc(Nc2nc3c(s2)CCNCC3)ncc1Cl,1000000.0,3.0,0,479.0310000000003
CC(C)S(=O)(=O)c1ccccc1Nc1nc(Nc2nc3c(s2)CN(C)CC3)ncc1Cl,1000.0,6.0,1,479.0310000000003
CC(C)S(=O)(=O)c1ccccc1Nc1nc(Nc2nc3c(s2)CN(CC(=O)N2CCOCC2)CC3)ncc1Cl,775.0,6.110698297493689,1,592.1470000000004
CC(C)S(=O)(=O)c1ccccc1Nc1nc(Nc2nc3c(s2)CNCC3)ncc1Cl,1000.0,6.0,1,465.00400000000025
CC(C)S(=O)(=O)c1ccccc1Nc1nc(Nc2ncc(C(=O)N3C[C@H]4CN(C)C[C@H]4C3)s2)ncc1Cl,1000.0,6.0,1,562.1210000000003
CC(C)S(=O)(=O)c1ncccc1Nc1nc(Nc2ccc(N3CCC(N(C)C)CC3)cc2OC(F)F)ncc1Cl,5.5,8.259637310505756,1,596.1040000000003
CC(C)S(=O)(=O)c1nn(C)cc1Nc1nc(Nc2cc(C#N)c(C3CCN(C)CC3)cc2OC2CC2)ncc1Cl,10.5,7.978810700930062,1,585.1340000000004
CC(C)S(=O)(=O)c1nn(C)cc1Nc1nc(Nc2cc(Cl)c(C3CCN(C)CC3)cc2OC2CC2)ncc1Cl,7.0,8.154901959985743,1,594.5690000000002
CC(C)S(=O)(=O)c1nn(C)cc1Nc1nc(Nc2cc(F)c(C3CCN(C)CC3)cc2OC2CC2)ncc1Cl,3.5,8.455931955649724,1,578.1140000000004
CC(C)S(=O)(=O)c1nn(C)cc1Nc1nc(Nc2ccc(C3CCN(C)CC3)cc2OC2CC2)ncc1Cl,4.0,8.397940008672037,1,560.1240000000004
CC(C)[C@H](N)C(=O)Nc1cccc(Nc2ncc(Cl)c(Nc3ccccc3S(=O)(=O)C(C)C)n2)c1,14.9,7.826813731587726,1,517.0550000000003
CC(C)[Si](/C=C/c1ccnc2[nH]c3ccc(-c4ccc(N5CCN(C)CC5)cc4)cc3c12)(C(C)C)C(C)C,5150.0,5.288192770958809,0,524.8290000000004
CC(C)[Si](C#Cc1ccc(-c2csc(NC(=O)c3ccc(CN4CCN(C)CC4)cc3)n2)cc1)(C(C)C)C(C)C,3850.0,5.414539270491499,0,572.8950000000002
CC(C)[Si](C#Cc1ccc(-c2csc(NC(=O)c3ccc(CN4CCN(C)CC4)cc3)n2)cc1C#C[Si](C(C)C)(C(C)C)C(C)C)(C(C)C)C(C)C,540.0,6.267606240177032,1,753.2620000000001
CC(C)[Si](C#Cc1cccc(-c2csc(NC(=O)c3ccc(-c4ccc(C(=O)N5CCN(C)CC5)cc4)o3)n2)c1)(C(C)C)C(C)C,232.3,6.633950790199765,1,652.9370000000002
CC(C)[Si](C#Cc1cccc(-c2csc(NC(=O)c3ccc(CN4CCN(C)CC4)cc3)n2)c1)(C(C)C)C(C)C,555.0,6.255707016877324,1,572.8950000000002
CC(C)[Si](C#Cc1cccc(-c2csc(NC(=O)c3ccc(CN4CCOCC4)cc3)n2)c1)(C(C)C)C(C)C,4650.0,5.3325470471100465,0,559.8520000000003
CC(C)[Si](C#Cc1cccc(-c2csc(NC(=O)c3ccc(CNCCN(C)C)cc3)n2)c1)(C(C)C)C(C)C,82500.0,4.0835460514500745,0,560.8840000000002
CC(C)[Si](C#Cc1cccc(-c2csc(NC(=O)c3ccc(Cn4ccnc4)cc3)n2)c1)(C(C)C)C(C)C,45500.0,4.341988603342887,0,540.8090000000002
CC(C)[Si](C#Cc1cccc(-c2csc(NC(=O)c3ccc(Cn4cnnn4)cc3)n2)c1)(C(C)C)C(C)C,40000.0,4.3979400086720375,0,542.7850000000002
CC(C)[Si](C#Cc1ccnc2[nH]c3ccc(-c4ccc(N5CCN(C)CC5)cc4)cc3c12)(C(C)C)C(C)C,5550.0,5.255707016877324,0,522.8130000000003
CC(C)[Si](OCC#Cc1cccc(-c2csc(NC(=O)c3ccc(-c4ccc(C(=O)N5CCN(C)CC5)cc4)o3)n2)c1)(C(C)C)C(C)C,1091.3,5.962055844796901,0,682.9630000000002
CC(C)[Si](OCC#Cc1cccc(-c2csc(NC(=O)c3ccc(CN4CCN(C)CC4)cc3)n2)c1)(C(C)C)C(C)C,2650.0,5.576754126063192,0,602.9210000000003
CC(C)c1cc(-c2onc(C(=O)NCC(=O)Nc3cccc(Nc4ncc(Cl)c(Nc5ccccc5S(=O)(=O)C(C)C)n4)c3)c2-c2ccc(CN3CCOCC3)cc2)c(O)cc1O,53.7,7.270025714300444,1,895.4389999999996
CC(C)c1cc(C(=O)NCC(=O)Nc2ccc(F)c(Nc3ncc(Cl)c(Nc4ccccc4S(=O)(=O)C(C)C)n3)c2)c(O)cc1O,10.166666666666666,7.992821415372877,1,671.1510000000001
CC(C)c1cc(C(=O)NCC(=O)Nc2cccc(Nc3ncc(Cl)c(Nc4cc(S(=O)(=O)C(C)C)nn4C)n3)c2)c(O)cc1O,262.0,6.581698708680254,1,657.153
CC(C)c1cc(C(=O)NCC(=O)Nc2cccc(Nc3ncc(Cl)c(Nc4ccccc4S(=O)(=O)C(C)C)n3)c2)c(O)cc1O,0.8,9.096910013008056,1,653.1610000000002
CC(C)c1cc(NC(=O)Nc2ccc(-c3cc(NC(=O)c4ccc(CN5CCN(C)CC5)cc4)[nH]n3)cc2)no1,855.0,6.068033885271827,1,542.6440000000003
CC(C)c1cc2c(=O)c3c4ccc(C#N)cc4[nH]c3n(C(C)C)c2cc1N1CCN(C)CC1,40.5,7.392544976785332,1,441.5790000000003
CC(C)c1cc2c(cc1N1CCN(C3COC3)CC1)C(C)(C)c1[nH]c3cc(C#N)ccc3c1C2=O,66.4,7.1778319206319825,1,468.6010000000002
CC(C)c1n[nH]c(C(F)(F)F)c1-c1ccnc(Nc2ccc(N3CCC(N(C)C)CC3)cn2)n1,10000.0,5.0,0,474.5350000000003
CC(C)c1n[nH]c(Cl)c1-c1ccnc(Nc2ccc(N3CCC(N(C)C)CC3)cn2)n1,10000.0,5.0,0,440.9830000000003
CC(C)c1nc(C(N)=O)c(Nc2ccc(N3CCC(N4CCN(C)CC4)CC3)c(C(F)(F)F)c2)nc1N[C@H]1CC[C@H](O)CC1,0.17,9.769551078621726,1,618.7490000000001
CC(C)c1nc(C(N)=O)c(Nc2ccc(N3CCC(N4CCN(C)CC4)CC3)cc2)nc1NC1CCOCC1,2.1,8.67778070526608,1,536.7250000000004
CC(C)c1nc(C(N)=O)c(Nc2ccc(N3CCN(C)CC3)cc2)nc1NC1CCOCC1,4.5,8.346787486224656,1,453.59100000000035
CC(C)c1nc(C(N)=O)c(Nc2ccc(N3CCN(C)CC3)cc2)nc1N[C@H]1CC[C@H](O)CC1,2.1,8.67778070526608,1,467.61800000000034
CC(C)n1c2[nH]c3cc(C#N)ccc3c2c(=O)c2cc(F)c(N3CCN(C)CC3)c(F)c21,6.6,8.18045606445813,1,435.47800000000024
CC(C)n1c2[nH]c3cc(C#N)ccc3c2c(=O)c2ccc(N3CCN(C)CC3)c(F)c21,19.8,7.703334809738469,1,417.4880000000002
CC(C)n1c2cc(N3CCC(N4CCOCC4)CC3)ccc2c(=O)c2c3ccc(C#N)cc3[nH]c21,28.6,7.543633966870957,1,469.58900000000017
CC(C)n1c2cc(N3CCN(C)CC3)c(Br)cc2c(=O)c2c3ccc(C#N)cc3[nH]c21,1.3,8.886056647693163,1,478.3940000000002
CC(C)n1c2cc(N3CCN(C)CC3)ccc2c(=O)c2c3ccc(C#N)cc3[nH]c21,21.3,7.671620396561262,1,399.4980000000001
CC(C)n1cc(C(=O)Nc2ccc(Oc3ccnc(NC(=O)C4CC4)c3)c(F)c2)c(=O)n(-c2ccc(F)cc2)c1=O,1000.0,6.0,1,561.5450000000003
CC(NC(=O)c1ccc(C2CC2)c(-c2ccc3nc(Nc4cnn(C5CC5)c4)ncc3c2)c1)c1cccc(C(F)(F)F)c1,1000.0,6.0,1,582.6300000000003
CC(NC(=O)c1ccc2[nH]nc(-c3ccncc3)c2c1)c1cccc(Cl)c1,1000.0,6.0,1,376.8470000000001
CC(NC(=O)c1cccc(C(F)(F)F)c1)c1ccc(C2CC2)c(-c2ccc3nc(Nc4cnn(C5CC5)c4)ncc3c2)c1,1000.0,6.0,1,582.6300000000002
CC(Oc1cc(-c2cnn(C3CCN(CC4CN(c5ccc6c(c5)C(=O)N(C5CCC(=O)NC5=O)C6=O)C4)CC3)c2)cnc1N)c1c(Cl)ccc(F)c1Cl,5400.0,5.267606240177032,0,775.6689999999999
CC(Oc1cc(-c2cnn(C3CCNCC3)c2)cnc1N)c1c(Cl)ccc(F)c1Cl,3612.0,5.442252258358532,0,450.34500000000014
CC(Oc1cccc2c1c(/C=C1\C(=O)NN=C1c1nccs1)cn2C)c1ccccc1,271.0,6.567030709125595,1,428.51700000000005
CC(Oc1cccnc1Nc1cnn(C)c1)c1cccc(C(=O)NCc2ccc(Cl)c(C(F)(F)F)c2)c1,5900.0,5.229147988357856,0,529.9500000000003
CC(Oc1cccnc1Nc1cnn(C)c1)c1cccc(C(=O)NCc2ccc(F)c(Cl)c2)c1,9500.0,5.022276394711152,0,479.9430000000002
CC(Oc1cccnc1Nc1cnn(C)c1)c1cccc(C(=O)NCc2ccc(F)cc2)c1,8100.0,5.0915149811213505,0,445.49800000000016
CC(Oc1cccnc1Nc1cnn(C)c1)c1cccc(C(=O)NCc2ccc(OC(F)(F)F)cc2)c1,8900.0,5.050609993355087,0,511.5040000000002
CC(Oc1cccnc1Nc1cnn(C)c1)c1cccc(C(=O)NCc2ccccc2S(=O)(=O)C(C)C)c1,10000.0,5.0,0,533.6540000000002
CC(Oc1ccnc(NN2CCN(C)CC2)c1)c1cccc(C(=O)NCc2ccc(Cl)c(C(F)(F)F)c2)c1,9700.0,5.013228265733755,0,548.0090000000001
CC(Oc1ccnc(Nc2cnn(C)c2)c1)c1cccc(C(=O)NCc2cc(C(F)(F)F)cc(C(F)(F)F)c2)c1,10000.0,5.0,0,563.5020000000003
CC(Oc1ccnc(Nc2cnn(C)c2)c1)c1cccc(C(=O)NCc2cc(F)cc(F)c2)c1,4700.0,5.327902142064283,0,463.48800000000017
CC(Oc1ccnc(Nc2cnn(C)c2)c1)c1cccc(C(=O)NCc2ccc(C#N)cc2)c1,6700.0,5.173925197299174,0,452.5180000000002
CC(Oc1ccnc(Nc2cnn(C3CCN(C)CC3)c2)c1)c1cccc(C(=O)NCc2ccc(Cl)c(C(F)(F)F)c2)c1,9200.0,5.036212172654444,0,613.0840000000004
CC(Oc1ccnc(Nc2cnn(CC(C)(C)O)c2)c1)c1cccc(C(=O)NCc2ccc(Cl)c(C(F)(F)F)c2)c1,9600.0,5.017728766960431,0,588.0300000000004
CC(c1cc2cc(-c3cnn(C)c3)cnc2cc1F)n1nnc2ncc(-c3cnn(CCO)c3)nc21,30000.0,4.522878745280337,0,484.4990000000002
CC/C=C(\c1ccccc1)c1ccnc2[nH]c3ccc(-c4ccc(N5CCN(C)CC5)cc4)cc3c12,1516.6666666666667,5.81910985806255,0,472.63600000000037
CC1(C)COc2ccc(F)cc2CN(C2CC2)c2ccc3ncc(n3n2)C(=O)N1,79.5,7.0996328713435295,1,395.43800000000005
CC1(C)COc2ccc(F)cc2CN(C2CCC2)c2ccc3ncc(n3n2)C(=O)N1,179.5,6.745935547085662,1,409.46500000000003
CC1(C)COc2ccc(F)cc2CN2c3nc4c(cnn4cc3OC[C@H]2C(F)F)C(=O)N1,1.0,9.0,1,447.4170000000001
CC1(C)COc2ccc(F)cc2CNc2ccc3ncc(n3n2)C(=O)N1,19.5,7.709965388637482,1,355.37300000000005
CC1(C)OCC(=O)Nc2cc(Nc3nc(NCC(F)(F)F)c4occc4n3)ccc21,10000.0,5.0,0,421.37900000000013
CC1(C)OCC(CNC(=O)COc2ccc3c(c2)C(C)(C)c2[nH]c4cc(C#N)ccc4c2C3=O)O1,51.12,7.2914091548496565,1,473.5290000000003
CC1(C)O[C@H](CO)[C@@H](COc2ccc3c(c2)C(C)(C)c2[nH]c4cc(Br)ccc4c2C3=O)O1,151.06,6.820850519638851,1,500.3890000000002
CC1(C)c2[nH]c3cc(C#N)ccc3c2C(=O)c2cccc(OC[C@@H](O)CO)c21,134.45,6.87143919344068,1,376.41200000000015
CC1(C)c2cc(-c3cnn(C4CCNCC4)c3)ccc2C(=O)c2c1[nH]c1cc(C#N)ccc21,53.0,7.275724130399211,1,435.5310000000002
CC1(C)c2cc(-c3cnn(C4CCOCC4)c3)ccc2C(=O)c2c1[nH]c1cc(C#N)ccc21,40.3,7.394694953858891,1,436.51500000000016
CC1(C)c2cc(C(=O)N(CCO)CCO)ccc2C(=O)c2c1[nH]c1cc(C#N)ccc21,272.36,6.5648566744936945,1,417.46500000000015
CC1(C)c2cc(C(=O)N3CCN(C(C)(C)C)CC3)ccc2C(=O)c2c1[nH]c1cc(C#N)ccc21,6.002,8.221704008911166,1,454.5740000000001
CC1(C)c2cc(C(=O)N3CCN(CCO)CC3)ccc2C(=O)c2c1[nH]c1cc(C#N)ccc21,42.38,7.372839047625225,1,442.5190000000001
CC1(C)c2cc(C(=O)N3CCN(S(C)(=O)=O)CC3)ccc2C(=O)c2c1[nH]c1cc(C#N)ccc21,27.32,7.563519304990505,1,476.5580000000002
CC1(C)c2cc(C(=O)N3CCOCC3)ccc2C(=O)c2c1[nH]c1cc(C#N)ccc21,30.13,7.5210008683266425,1,399.4500000000001
CC1(C)c2cc(C(=O)NC3CCS(=O)(=O)C3)ccc2C(=O)c2c1[nH]c1cc(C#N)ccc21,26.85,7.571055709964425,1,447.5160000000002
CC1(C)c2cc(C(=O)NC3COC3)ccc2C(=O)c2c1[nH]c1cc(C#N)ccc21,23.09,7.6365760670828235,1,385.4230000000001
CC1(C)c2cc(C(=O)NCCNS(N)(=O)=O)ccc2C(=O)c2c1[nH]c1cc(C#N)ccc21,2.115,8.674689628288938,1,451.5080000000002
CC1(C)c2cc(C(=O)NCCS(C)(=O)=O)ccc2C(=O)c2c1[nH]c1cc(C#N)ccc21,10.37,7.984221243610959,1,435.50500000000017
CC1(C)c2cc(C(=O)NOCCO)ccc2C(=O)c2c1[nH]c1cc(C#N)ccc21,3.611,8.442372511573174,1,389.4110000000001
CC1(C)c2cc(C(=O)O)ccc2C(=O)c2c1[nH]c1cc(C#N)ccc21,59.63,7.224535190654261,1,330.3430000000001
CC1(C)c2cc(C(O)CO)ccc2C(=O)c2c1[nH]c1cc(C#N)ccc21,11.89,7.924818145381308,1,346.3860000000001
CC1(C)c2cc(C3CCN(C(=O)C4COCCN4)CC3)ccc2C(=O)c2c1[nH]c1cc(C#N)ccc21,16.15,7.791827473332878,1,482.58400000000023
CC1(C)c2cc(C3CCN(C4COC4)CC3)ccc2C(=O)c2c1[nH]c1cc(C#N)ccc21,1.5075,8.82174267918781,1,425.53200000000015
CC1(C)c2cc(C3CCN(CC4(O)CCOCC4)CC3)ccc2C(=O)c2c1[nH]c1cc(C#N)ccc21,58.2,7.235077015350112,1,483.6120000000002
CC1(C)c2cc(C3CCN(CC4CCOC4)CC3)ccc2C(=O)c2c1[nH]c1cc(C#N)ccc21,33.0,7.481486060122112,1,453.5860000000001
CC1(C)c2cc(C3CCN(CC4CCOCC4)CC3)ccc2C(=O)c2c1[nH]c1cc(C#N)ccc21,9.263636363636364,8.033218501151799,1,467.61300000000017
CC1(C)c2cc(C3CCN(CC4COC4)CC3)ccc2C(=O)c2c1[nH]c1cc(C#N)ccc21,6.85,8.164309428507574,1,439.55900000000014
CC1(C)c2cc(CC3CCN(S(N)(=O)=O)CC3)ccc2C(=O)c2c1[nH]c1cc(C#N)ccc21,7.278,8.137987948749783,1,462.5750000000002
CC1(C)c2cc(CN3CCN(S(C)(=O)=O)CC3)ccc2C(=O)c2c1[nH]c1cc(C#N)ccc21,3.473,8.459295216689238,1,462.5750000000002
CC1(C)c2cc(CN3CCS(=O)(=O)CC3)ccc2C(=O)c2c1[nH]c1cc(C#N)ccc21,6.783,8.168578182934978,1,433.5330000000002
CC1(C)c2cc(CNCC(F)(F)F)ccc2C(=O)c2c1[nH]c1cc(C#N)ccc21,11.86,7.925915310971757,1,397.40000000000015
CC1(C)c2cc(N3CCC(N)CC3)c(Br)cc2C(=O)c2c1[nH]c1cc(C#N)ccc21,0.168,9.774690718274137,1,463.3790000000002
CC1(C)c2cc(N3CCC(N4CCC(F)(F)CC4)CC3)ccc2C(=O)c2c1[nH]c1cc(C#N)ccc21,1.681,8.774432286560529,1,488.5820000000002
CC1(C)c2cc(N3CCC(N4CCCC4)CC3)c(C3=CCNCC3)cc2C(=O)c2c1[nH]c1cc(C#N)ccc21,1.778,8.750068243365805,1,519.6930000000002
CC1(C)c2cc(N3CCC(N4CCCC4)CC3)c(S(=O)(=O)N3CCCC3)cc2C(=O)c2c1[nH]c1cc(C#N)ccc21,8.753,8.05784307153251,1,571.7470000000002
CC1(C)c2cc(N3CCC(N4CCCC4)CC3)ccc2C(=O)c2c1[nH]c1ncccc21,30.74,7.512296136836274,1,414.5530000000001
CC1(C)c2cc(N3CCC(N4CCCCC4)CC3)ncc2C(=O)c2c1[nH]c1cc(C#N)ccc21,0.4938,9.306448914404086,1,453.59000000000015
CC1(C)c2cc(N3CCC(N4CCOCC4)CC3)c(Cl)cc2C(=O)c2c1[nH]c1cc(C#N)ccc21,0.391,9.407823242604133,1,489.0190000000002
CC1(C)c2cc(N3CCC(N4CCOCC4)CC3)ccc2C(=O)c2c1[nH]c1cc(C#N)ccc21,16.0,7.795880017344075,1,454.5740000000001
CC1(C)c2cc(N3CCC(NS(C)(=O)=O)CC3)c(Cl)cc2C(=O)c2c1[nH]c1cc(C#N)ccc21,1.864,8.729554091982038,1,497.02000000000027
CC1(C)c2cc(N3CCC(O)CC3)ccc2C(=O)c2c1[nH]c1cc(C#N)ccc21,11.4,7.943095148663527,1,385.4670000000001
CC1(C)c2cc(N3CCC(S(C)(=O)=O)C3)ccc2C(=O)c2c1[nH]c1cc(C#N)ccc21,16.23,7.789681480173768,1,433.5330000000002
CC1(C)c2cc(N3CCCCC3)ccc2C(=O)c2c1[nH]c1cc(C#N)ccc21,33.4,7.476253533188435,1,369.468
CC1(C)c2cc(N3CCN(C(=O)C4CC4)CC3)ccc2C(=O)c2c1[nH]c1cc(C#N)ccc21,4.2,8.3767507096021,1,438.5310000000002
CC1(C)c2cc(N3CCN(C(=O)C4CNC4)CC3)ccc2C(=O)c2c1[nH]c1cc(C#N)ccc21,10.4,7.982966660701219,1,453.54600000000016
CC1(C)c2cc(N3CCN(C4CC4)CC3)c(-c3ccccc3)cc2C(=O)c2c1[nH]c1cc(C#N)ccc21,14.82,7.82915179635669,1,486.6190000000002
CC1(C)c2cc(N3CCN(C4CCC4)CC3)c(Br)cc2C(=O)c2c1[nH]c1cc(C#N)ccc21,2.099,8.6779875614176,1,503.44400000000013
CC1(C)c2cc(N3CCN(C4CCC4)CC3)c(C#CC3CCC3)cc2C(=O)c2c1[nH]c1cc(C#N)ccc21,0.58,9.236572006437063,1,502.66200000000026
CC1(C)c2cc(N3CCN(C4CCC4)CC3)c(C3CC3)cc2C(=O)c2c1[nH]c1cc(C#N)ccc21,10.56,7.976336081802207,1,464.6130000000002
CC1(C)c2cc(N3CCN(C4CCC4)CC3)c(OC3CCOCC3)cc2C(=O)c2c1[nH]c1cc(C#N)ccc21,1.5,8.823908740944319,1,524.6650000000003
CC1(C)c2cc(N3CCN(C4CCCC4)CC3=O)ccc2C(=O)c2c1[nH]c1cc(C#N)ccc21,72.61,7.139003563242804,1,452.55800000000016
CC1(C)c2cc(N3CCN(C4CCS(=O)(=O)CC4)CC3)c(Br)cc2C(=O)c2c1[nH]c1cc(C#N)ccc21,1.134,8.945386945443111,1,581.5360000000002
CC1(C)c2cc(N3CCN(C4COC4)CC3)c(Br)cc2C(=O)c2c1[nH]c1cc(C#N)ccc21,0.952,9.021363051615525,1,505.41600000000017
CC1(C)c2cc(N3CCN(C4COC4)CC3)c(C#CC3CC3)cc2C(=O)c2c1[nH]c1cc(C#N)ccc21,0.881,9.055024091587953,1,490.60700000000026
CC1(C)c2cc(N3CCN(C4COC4)CC3)c(C#CCN3CCN(C4COC4)CC3)cc2C(=O)c2c1[nH]c1cc(C#N)ccc21,0.996,9.001740661576301,1,604.7550000000002
CC1(C)c2cc(N3CCN(C4COC4)CC3)c(CCC3CCCC3)cc2C(=O)c2c1[nH]c1cc(C#N)ccc21,103.14,6.986572872929304,1,522.6930000000003
CC1(C)c2cc(N3CCN(C4COC4)CC3)ccc2C(=O)c2c1[nH]c1cc(C#N)ccc21,27.0,7.568636235841013,1,426.52000000000015
CC1(C)c2cc(N3CCN(S(C)(=O)=O)CC3)ccc2C(=O)c2c1[nH]c1cc(C#N)ccc21,37.4,7.42712839779952,1,448.5480000000002
CC1(C)c2cc(N3CCN(S(N)(=O)=O)CC3)ccc2C(=O)c2c1[nH]c1cc(C#N)ccc21,3.184,8.497026940934369,1,449.5360000000002
CC1(C)c2cc(N3CCOCC3)c(C#CCN3CCOCC3)cc2C(=O)c2c1[nH]c1cc(C#N)ccc21,2.575,8.58922276662279,1,494.59500000000025
CC1(C)c2cc(N3CCOCC3)c(OC3CCOC3)cc2C(=O)c2c1[nH]c1cc(C#N)ccc21,0.59,9.229147988357855,1,457.5300000000002
CC1(C)c2cc(N3CCOCC3)ccc2C(=O)c2c1[nH]c1cc(C#N)ccc21,18.5,7.732828271596986,1,371.44000000000005
CC1(C)c2cc(N3CCS(=O)(=O)CC3)ccc2C(=O)c2c1[nH]c1cc(C#N)ccc21,39.43,7.404173222926777,1,419.50600000000014
CC1(C)c2cc(O)c(-c3nn[nH]n3)cc2C(=O)c2c1[nH]c1cc(Cl)ccc21,0.456,9.341035157335565,1,379.8070000000001
CC1(C)c2cc(OC3CCCNC3)ccc2C(=O)c2c1oc1ccccc21,206.0,6.686132779630847,1,361.4410000000001
CC1(C)c2cc(OC3CCN(C(=O)C(F)(F)F)CC3)ccc2C(=O)c2c1[nH]c1cc(Br)ccc21,614.08,6.211775046944623,1,535.3600000000001
CC1(C)c2cc(OC3CCN(CCF)CC3)ccc2C(=O)c2c1[nH]c1cc(C#N)ccc21,3.461,8.460798400705873,1,431.51100000000014
CC1(C)c2cc(OC3CCN(CCO)CC3)ccc2C(=O)c2c1[nH]c1cc(C#N)ccc21,1.398,8.854492828590338,1,429.52000000000015
CC1(C)c2cc(OC3CCN(S(C)(=O)=O)CC3)c(Br)cc2C(=O)c2c1[nH]c1cc(C#N)ccc21,5.054,8.296364762416104,1,542.4550000000002
CC1(C)c2cc(OC3CCNCC3)ccc2C(=O)c2c1[nH]c1cc(C#N)c(F)cc21,5.719,8.242679903453327,1,403.4570000000001
CC1(C)c2cc(OC3CCOC34CCN(C3COC3)CC4)ccc2C(=O)c2c1[nH]c1cc(Br)ccc21,79.41,7.100124803978989,1,551.4810000000002
CC1(C)c2cc(OC3CCOCC3)c(S(=O)(=O)N3CCOCC3)cc2C(=O)c2c1[nH]c1cc(C#N)ccc21,9.617,8.016960383953897,1,535.6220000000003
CC1(C)c2cc(OC3COC3)ccc2C(=O)c2c1[nH]c1cc(C#N)ccc21,17.71,7.7517814388099255,1,358.39700000000005
CC1(C)c2cc(OC3COC[C@@H]3O)ccc2C(=O)c2c1[nH]c1cc(Br)ccc21,271.48,6.566262159480571,1,442.3090000000001
CC1(C)c2cc(OCC(=O)N3CCN(C4COC4)CC3)ccc2C(=O)c2c1[nH]c1cc(Br)ccc21,161.89,6.790779976935007,1,538.4420000000002
CC1(C)c2cc(OCC(=O)N3CCNCC3)ccc2C(=O)c2c1[nH]c1cc(C#N)ccc21,3.5,8.455931955649724,1,428.4920000000002
CC1(C)c2cc(OCC(=O)NCC(O)CO)ccc2C(=O)c2c1[nH]c1cc(C#N)ccc21,17.5,7.756961951313706,1,433.4640000000002
CC1(C)c2cc(OCC(=O)NCCC#N)ccc2C(=O)c2c1[nH]c1cc(C#N)ccc21,84.68,7.072219150652626,1,412.4490000000002
CC1(C)c2cc(OCC(=O)NCCN(CCO)CCO)ccc2C(=O)c2c1oc1ccccc21,3702.8,5.431469744942754,0,466.5340000000002
CC1(C)c2cc(OCC(=O)NCCN3CCNCC3)ccc2C(=O)c2c1oc1ccccc21,3342.8,5.475889606504864,0,447.5350000000002
CC1(C)c2cc(OCC(=O)NCCOCCO)ccc2C(=O)c2c1oc1ccccc21,7045.1,5.152112838020918,0,423.46500000000015
CC1(C)c2cc(OCC(=O)NCCc3ccncc3)ccc2C(=O)c2c1oc1ccccc21,4093.1,5.387947644820241,0,440.4990000000002
CC1(C)c2cc(OCC(=O)O)ccc2C(=O)c2c1[nH]c1cc(C#N)ccc21,45.96,7.337619979983752,1,360.3690000000001
CC1(C)c2cc(OCC(N)=O)ccc2C(=O)c2c1[nH]c1cc(C#N)ccc21,17.15,7.7657358756212105,1,359.38500000000005
CC1(C)c2cc(OCC3CC(O)CN3)ccc2C(=O)c2c1oc1ccccc21,312.7,6.504872118757067,1,377.4400000000001
CC1(C)c2cc(OCC3CCN(C4COC4)CC3)ccc2C(=O)c2c1[nH]c1cc(C#N)ccc21,2.9,8.537602002101044,1,455.5580000000001
CC1(C)c2cc(OCC3CCN(S(C)(=O)=O)CC3)ccc2C(=O)c2c1[nH]c1cc(Br)ccc21,413.27,6.38376611977839,1,531.4720000000002
CC1(C)c2cc(OCCCCCC(=O)O)ccc2C(=O)c2c1oc1ccccc21,5934.6,5.226608547753541,0,392.45100000000014
CC1(C)c2cc(OCCN)ccc2C(=O)c2c1[nH]c1cc(C#N)ccc21,8.01,8.096367483915762,1,345.4020000000001
CC1(C)c2cc(OCCN3CCCC(O)C3)ccc2C(=O)c2c1oc1ccccc21,1058.6,5.975268110344751,0,405.49400000000014
CC1(C)c2cc(OCCN3CCCCCC3)ccc2C(=O)c2c1oc1ccccc21,793.8,6.100288905428855,1,403.5220000000001
CC1(C)c2cc(OCCN3CCN(C(=O)CO)CC3)ccc2C(=O)c2c1oc1ccccc21,2773.9,5.556909199438294,0,448.5190000000002
CC1(C)c2cc(OCCN3CCN(S(C)(=O)=O)CC3)ccc2C(=O)c2c1oc1ccccc21,2282.2,5.641646298966735,0,468.5750000000003
CC1(C)c2cc(OCCN3CCNC3=O)ccc2C(=O)c2c1[nH]c1cc(C#N)ccc21,6.159,8.210489795909746,1,414.46500000000015
CC1(C)c2cc(OCCN3CCNCC3)ccc2C(=O)c2c1oc1ccccc21,508.3,6.293879890297297,1,390.4830000000001
CC1(C)c2cc(OCCN3CCOCC3)ccc2C(=O)c2c1oc1cc(C#Cc3cc(OCC4CC4)ccn3)ccc21,2800.0,5.552841968657781,0,562.6660000000003
CC1(C)c2cc(OCCN3CCS(=O)(=O)CC3)ccc2C(=O)c2c1[nH]c1cc(C#N)ccc21,3.7,8.431798275933005,1,463.5590000000002
CC1(C)c2cc(OCCN3CC[N+](C)(C)CC3=O)ccc2C(=O)c2c1oc1ccccc21,1258.8,5.900043265758817,0,433.52800000000013
CC1(C)c2cc(OCCNC(N)=O)ccc2C(=O)c2c1[nH]c1cc(C#N)ccc21,26.189999999999998,7.581864501574768,1,388.42700000000013
CC1(C)c2cc(OCCNC3(CO)CCCC3)ccc2C(=O)c2c1oc1ccccc21,901.3,6.045130628933522,1,419.52100000000013
CC1(C)c2cc(OCCNC[C@@H](O)CO)ccc2C(=O)c2c1oc1ccccc21,1091.4,5.962016050552872,0,395.45500000000015
CC1(C)c2cc(OCCNS(=O)(=O)N3CCOCC3)ccc2C(=O)c2c1[nH]c1cc(C#N)ccc21,16.0,7.795880017344075,1,494.5730000000003
CC1(C)c2cc(OCCNS(C)(=O)=O)ccc2C(=O)c2c1[nH]c1cc(C#N)ccc21,4.943,8.306009389539224,1,423.4940000000002
CC1(C)c2cc(OCCNS(N)(=O)=O)ccc2C(=O)c2c1[nH]c1cc(C#N)ccc21,7.65,8.116338564846382,1,424.4820000000002
CC1(C)c2cc(OCCOCCOCCO)ccc2C(=O)c2c1oc1ccccc21,3281.3,5.483954061479713,0,410.4660000000001
CC1(C)c2cc(OCCn3ccnc3)ccc2C(=O)c2c1oc1ccccc21,1811.0,5.742081549685942,0,372.42400000000015
CC1(C)c2cc(OC[C@@H](O)CN3CCCCC3)ccc2C(=O)c2c1oc1ccccc21,1158.7,5.9360289930352375,0,419.52100000000013
CC1(C)c2cc(OC[C@@H](O)CO)ccc2C(=O)c2c1oc1cc(OCC(=O)Nc3ccccc3)ccc21,17464.1,4.757853790507584,0,501.53500000000025
CC1(C)c2cc(OC[C@@H](O)CO)ccc2C(=O)c2c1oc1ccccc21,2076.0,5.68277265082358,0,352.3860000000001
CC1(C)c2cc(OC[C@@H](O)[C@H](O)CO)ccc2C(=O)c2c1[nH]c1cc(C(=O)NCCc3ccccc3)ccc21,752.6,6.123435786016154,1,528.6050000000002
CC1(C)c2cc(OC[C@@H](O)[C@H](O)CO)ccc2C(=O)c2c1[nH]c1cc(C(=O)NCc3ccccc3)ccc21,3700.0,5.431798275933005,0,514.5780000000002
CC1(C)c2cc(OC[C@@H](O)[C@H](O)CO)ccc2C(=O)c2c1[nH]c1cc(C(=O)NS(=O)(=O)c3ccccc3)ccc21,4842.9,5.314894498514181,0,564.6160000000002
CC1(C)c2cc(OC[C@@H](O)[C@H](O)CO)ccc2C(=O)c2c1[nH]c1cc(C(=O)Nc3ccccc3)ccc21,12951.9,4.8876665173751155,0,500.5510000000002
CC1(C)c2cc(OC[C@@H](O)[C@H](O)CO)ccc2C(=O)c2c1[nH]c1cc(C(=O)Nc3ccccn3)ccc21,1438.5,5.842090133773655,0,501.5390000000002
CC1(C)c2cc(OC[C@@H](O)[C@H](O)CO)ccc2C(=O)c2c1[nH]c1cc(C(=O)O)ccc21,900.0,6.045757490560675,1,425.4370000000002
CC1(C)c2cc(OC[C@@H](O)[C@H](O)CO)ccc2C(=O)c2c1[nH]c1cc(C(=O)OCCO)ccc21,575.0,6.2403321553103694,1,469.4900000000003
CC1(C)c2cc(OC[C@@H](O)[C@H](O)CO)ccc2C(=O)c2c1[nH]c1cc(Cl)c(Cl)cc21,554.74,6.255910517818735,1,450.31800000000015
CC1(C)c2cc(OC[C@@H](O)[C@H](O)CO)ccc2C(=O)c2c1[nH]c1cc(I)ccc21,83.2,7.079876673709276,1,507.3240000000001
CC1(C)c2cc(OC[C@@H](O)[C@H](O)CO)ccc2C(=O)c2c1[nH]c1ccc(C#N)cc21,898.1,6.046675303610814,1,406.43800000000016
CC1(C)c2cc(OC[C@@H](O)[C@H](O)CO)ccc2C(=O)c2c1n(CC(=O)O)c1cc(Br)ccc21,2813.5,5.550753080509988,0,518.3600000000002
CC1(C)c2cc(OC[C@@H](O)[C@H](O)CO)ccc2C(=O)c2c1oc1cc(OC(=O)NCc3ccccc3)ccc21,28.0,7.552841968657781,1,531.5610000000003
CC1(C)c2cc(OC[C@@H](O)[C@H](O)CO)ccc2C(=O)c2c1oc1cc(OCCCCO)ccc21,157.1,6.803823814960027,1,470.51800000000037
CC1(C)c2cc(OC[C@@H](O)[C@H](O)CO)ccc2C(=O)c2c1oc1cc(OC[C@@H](O)CO)ccc21,500.0,6.301029995663981,1,472.4900000000003
CC1(C)c2cc(OC[C@@H](O)[C@H](O)CO)ccc2C(=O)c2c1oc1cc(OC[C@H](O)CO)ccc21,420.0,6.376750709602099,1,472.4900000000003
CC1(C)c2cc(OC[C@H](O)CCC(=O)O)ccc2C(=O)c2c1[nH]c1cc(Br)ccc21,852.1,6.06950943469373,1,472.3350000000001
CC1(C)c2cc(OC[C@H](O)CO)c(Br)cc2C(=O)c2c1[nH]c1cc(OC(F)(F)F)ccc21,290.0,6.5376020021010435,1,514.2940000000001
CC1(C)c2cc(OC[C@H](O)CO)c(Br)cc2C(=O)c2c1[nH]c1cccc(Cl)c21,104.0,6.982966660701219,1,464.7430000000001
CC1(C)c2cc(OC[C@H](O)CO)c(O)cc2C(=O)c2c1[nH]c1cc(Cl)ccc21,40.64,7.391046300724137,1,401.84600000000006
CC1(C)c2cc(OC[C@H](O)CO)ccc2C(=O)c2c1[nH]c1c(C(=O)O)c(C#N)ccc21,359.76,6.443987125440114,1,420.42100000000016
CC1(C)c2cc(OC[C@H](O)CO)ccc2C(=O)c2c1[nH]c1c(C(N)=O)c(C#N)ccc21,848.84,6.071174163307984,1,419.4370000000002
CC1(C)c2cc(OC[C@H](O)CO)ccc2C(=O)c2c1[nH]c1c(C3CC3)c(C#N)ccc21,2.6,8.585026652029182,1,416.4770000000002
CC1(C)c2cc(OC[C@H](O)CO)ccc2C(=O)c2c1[nH]c1cc(-c3cccs3)ccc21,378.5,6.421934116163908,1,433.5290000000001
CC1(C)c2cc(OC[C@H](O)CO)ccc2C(=O)c2c1[nH]c1cc(-c3ccn[nH]3)ccc21,770.0,6.113509274827518,1,417.4650000000001
CC1(C)c2cc(OC[C@H](O)CO)ccc2C(=O)c2c1oc1cc(OCC(=O)Nc3ccccc3)ccc21,17464.1,4.757853790507584,0,501.53500000000025
CC1(C)c2cc(OC[C@H](O)CO)ccc2C(=O)c2c1oc1ccccc21,1627.4,5.788505688340405,0,352.3860000000001
CC1(C)c2cc(O[C@H]3CCOC3)ccc2C(=O)c2c1[nH]c1cc(Br)ccc21,432.81,6.363702713486868,1,426.31
CC1(C)c2cc(Oc3ncccn3)ccc2C(=O)c2c1[nH]c1cc(C#N)ccc21,30.43,7.516698047641833,1,380.4070000000001
CC1(C)c2cc(S(=O)(=O)CCC(=O)O)ccc2C(=O)c2c1[nH]c1cc(C#N)ccc21,71.08,7.148252580866736,1,422.46200000000016
CC1(C)c2ccc(C3=CCN(C4CC4)CC3)cc2C(=O)c2c1[nH]c1cc(C#N)ccc21,3.96,8.402304814074487,1,407.51700000000005
CC1(C)c2ccc(C3=CCNCC3)cc2C(=O)c2c1[nH]c1cc(C#N)ccc21,0.83,9.080921907623926,1,367.452
CC1(C)c2ccc(C3CCN(C4CC4)CC3)cc2C(=O)c2c1[nH]c1cc(C#N)ccc21,44.0,7.356547323513812,1,409.5330000000001
CC1(C)c2ccc(C3CCN(C4COC4)CC3)cc2C(=O)c2c1[nH]c1cc(C#N)ccc21,67.0,7.173925197299173,1,425.53200000000015
CC1(C)c2ccc(N3CCC(N4CCCC4)CC3)cc2C(=O)c2c1[nH]c1cc(C#N)ccc21,15.29,7.81559251458768,1,438.5750000000001
CC1(C)c2ccc(N3CCCC3)cc2C(=O)c2c1[nH]c1cc(C#N)ccc21,12.01,7.920456992597094,1,355.44100000000003
CC1(C)c2ccc(N3CCC[C@H]3CN3CCCC3)cc2C(=O)c2c1[nH]c1cc(C#N)ccc21,1.57,8.804100347590767,1,438.5750000000001
CC1(C)c2ccc(N3CCN(C4CC4)CC3)cc2C(=O)c2c1[nH]c1cc(C#N)ccc21,233.0,6.632644078973981,1,410.5210000000001
CC1(C)c2ccc(N3CCN(C4COC4)CC3)cc2C(=O)c2c1[nH]c1cc(C#N)ccc21,40.91,7.388170520501626,1,426.52000000000015
CC1(C)c2ccc(OCC(=O)O)cc2C(=O)c2c1[nH]c1cc(Br)ccc21,862.94,6.0640193996205785,1,414.255
CC1(C)c2ccc(OCCOCCC(=O)O)cc2C(=O)c2c1[nH]c1cc(C#N)ccc21,23.19,7.634699251362012,1,418.4490000000001
CC1(C)c2ccc(OC[C@@H](O)[C@H](O)CO)cc2C(=O)c2c1[nH]c1cc(Br)ccc21,28.99,7.537751784645002,1,460.3240000000001
CC1(C)c2ccc(OC[C@H](O)CO)cc2C(=O)c2c1[nH]c1cc(C#N)ccc21,4.338,8.362710452321826,1,376.4120000000001
CC1(C)c2ccc(OCc3ccccc3)cc2C(=O)c2c1[nH]c1cc(Br)ccc21,492.73,6.307390994782495,1,446.3440000000001
CC1(C)c2ccc(OCc3cccnc3)cc2C(=O)c2c1[nH]c1cc(C#N)ccc21,7.092,8.14923127307112,1,393.44600000000014
CC1=CCC[C@H]2[C@](C)(CC3=C(O)C(=O)C=C(NCCC(C)C)C3=O)[C@@H](C)CC[C@@]12C,970.0,6.013228265733755,1,413.6020000000003
CC1CN(C)CCc2ccc(Nc3ncc(Cl)c(N[C@H]4[C@@H](C(N)=O)[C@@H]5C=C[C@H]4C5)n3)cc21,49.0,7.309803919971486,1,452.9900000000002
CC1CN(C)CCc2ccc(Nc3ncc(Cl)c(Nc4ccccc4C(=O)N4CCOCC4)n3)cc21,1000.0,6.0,1,507.03800000000035
CC1CN(C)CCc2ccc(Nc3ncc(Cl)c(Nc4ccccc4S(=O)(=O)C(C)C)n3)cc21,3.5,8.455931955649724,1,500.0680000000002
CC1CN(C)CCc2ccc(Nc3ncc(Cl)c(Nc4ccccc4S(=O)(=O)C4CC4)n3)cc21,7.1,8.148741651280925,1,498.05200000000025
CC1CN(Cc2c(-c3cccs3)[nH]c3ncccc23)CC(C)O1,9290.0,5.031984286006359,0,327.45300000000015
CC1Oc2cc(cnc2N)-c2c(nn(C)c2C#N)CN(C)C(=O)c2ccc(F)cc21,24.951999999999998,7.602894638250913,1,406.4210000000001
CCC(=O)N(C)c1cc(N2CCN(C(=O)OC(C)(C)C)CC2)ccc1Nc1nc(Nc2ccc(N3CCN(C(C)=O)CC3)cc2OC)ncc1Cl,1000.0,6.0,1,722.2909999999999
CCC(=O)N(C)c1cc(N2CCN(C(C)=O)CC2)ccc1Nc1nc(Nc2ccc(N3CCN(C(C)=O)CC3)cc2OC)ncc1C(F)(F)F,990.0,6.00436480540245,1,697.763
CCC(=O)N(C)c1cc(N2CCNCC2)ccc1Nc1nc(Nc2ccc(N3CCN(C(C)=O)CC3)cc2OC)ncc1Cl,760.0,6.119186407719209,1,622.1740000000002
CCC(=O)N1CCN(c2ccc(Nc3nc(Nc4ccc(N5CCN(C(C)=O)CC5)cc4OC)ncc3Cl)c(OC)c2)CC1,133.5,6.874518734299406,1,623.1580000000002
CCC(=O)N1CC[C@H](Nc2ncnc3c2CN(c2cnc(OC)c(C(F)(F)F)c2)CC3)C1,10000.0,5.0,0,450.4650000000002
CCC(=O)N1CCc2ccc(Nc3ncc(Cl)c(Nc4ccccc4C(=O)NC)n3)cc2C(C)C1,50.0,7.301029995663981,1,493.01100000000025
CCC(=O)NCCOCCNC(=O)CCN1CCC(c2cc(OC(C)C)c(Nc3ncc(Cl)c(Nc4ccccc4S(=O)(=O)C(C)C)n3)cc2C)CC1,13.2,7.87942606879415,1,772.4129999999999
CCC(C)Oc1cc2c(cc1Nc1ncc(Cl)c(Nc3ccccc3S(=O)(=O)C(C)C)n1)CCN(C(=O)C(F)(F)F)C2,10.0,8.0,1,626.1010000000002
CCC(C)Oc1cc2c(cc1Nc1ncc(Cl)c(Nc3ccccc3S(=O)(=O)C(C)C)n1)CCNC2,4.5,8.346787486224656,1,530.0940000000002
CCC(C)S(=O)(=O)c1nn(C)cc1Nc1nc(Nc2cc(C)c(C3CCNCC3)cc2OC(C)C)ncc1Cl,10.0,8.0,1,576.1670000000003
CCC(C)n1c2cc(N3CCN(C)CC3)c(OC)cc2c(=O)c2c3ccc(C#N)cc3[nH]c21,5.3,8.275724130399212,1,443.55100000000016
CCC(CC)Oc1cc2c(cc1N1CCN(C3CCC3)CC1)C(C)(C)c1c(c3ccc(C#N)cc3n1C)C2=O,142.2,6.847100403606253,1,524.7090000000004
CCC(NC(=O)c1ccc(C2CC2)c(-c2ccc3nc(Nc4cnn(C5CC5)c4)ncc3c2)c1)c1cccc(C(F)(F)F)c1,1000.0,6.0,1,596.6570000000003
CCC(O)(CC)CCNC(=O)COc1ccc2c(c1)C(C)(C)c1[nH]c3cc(Br)ccc3c1C2=O,162.11,6.79019019421462,1,527.4590000000002
CCC1(C)NCCc2cc(Nc3ncc(Cl)c(Nc4ccccc4S(=O)(=O)C(C)C)n3)c(OC)cc21,10.0,8.0,1,530.0940000000003
CCC1(CC)NCCc2cc(Nc3ncc(Cl)c(Nc4ccccc4S(=O)(=O)C(C)C)n3)c(OC)cc21,10.0,8.0,1,544.1210000000002
CCC1NCCc2cc(Nc3ncc(Cl)c(Nc4ccccc4S(=O)(=O)C(C)C)n3)c(OC)cc21,0.3,9.522878745280337,1,516.0670000000002
CCCC(=O)N(C)c1cc(N2CCN(C(=O)OC(C)(C)C)CC2)ccc1Nc1nc(Nc2ccc(N3CCN(C(C)=O)CC3)cc2OC)ncc1Cl,1000.0,6.0,1,736.3179999999999
CCCC(=O)N(C)c1cc(N2CCN(C(C)=O)CC2)ccc1Nc1nc(Nc2ccc(N3CCN(C(C)=O)CC3)cc2OC)ncc1Cl,4500.0,5.346787486224656,0,678.2379999999999
CCCC(=O)N(C)c1cc(N2CCNCC2)ccc1Nc1nc(Nc2ccc(N3CCN(C(C)=O)CC3)cc2OC)ncc1Cl,1200.0,5.920818753952375,0,636.2010000000002
CCCC(=O)Nc1ccc2c(c1)/C(=C1/Nc3ccccc3/C1=N\O)C(=O)N2,10000.0,5.0,0,362.38900000000007
CCCC(C)n1c2cc(N3CCN(C)CC3)c(OC)cc2c(=O)c2c3ccc(C#N)cc3[nH]c21,8.2,8.086186147616283,1,457.57800000000015
CCCC1(N2CCN(c3cc4c(cn3)C(=O)c3c([nH]c5cc(C(N)=O)ccc35)C4(C)C)CC2)CCC1,142.93,6.844876606289287,1,485.63200000000046
CCCC1NCCc2cc(Nc3ncc(Cl)c(Nc4ccccc4S(=O)(=O)C(C)C)n3)c(OC)cc21,10.0,8.0,1,530.0940000000003
CCCCC#Cc1cccc(-c2csc(NC(=O)c3ccc(CN4CCN(C)CC4)cc3)n2)c1,34500.0,4.462180904926726,0,472.65800000000036
CCCCC(=O)Nc1ccc2c(c1)/C(=C1/Nc3ccccc3/C1=N\O)C(=O)N2,10000.0,5.0,0,376.4160000000001
CCCCC1CN(C)CCc2ccc(Nc3ncc(Cl)c(Nc4ccccc4C(=O)NC)n3)cc21,7.7,8.113509274827518,1,493.05500000000023
CCCCCCOC(=O)c1ccccc1Oc1nc[nH]c(=O)c1/C=C/C(C)=O,40000.0,4.3979400086720375,0,384.43200000000013
CCCCCc1cc2c(cc1N1CCN(C3COC3)CC1)C(C)(C)c1[nH]c3cc(C#N)ccc3c1C2=O,15.05,7.822463500070138,1,496.65500000000037
CCCCOC(=O)c1csc(Nc2ncc(Cl)c(Nc3ccccc3S(=O)(=O)C(C)C)n2)n1,1000.0,6.0,1,510.0410000000002
CCCCOc1cc2c(=O)c3c4ccc(C#N)cc4[nH]c3n(C(C)C)c2cc1N1CCN(C)CC1,5.4,8.267606240177031,1,471.6050000000003
CCCC[C@H]1CNCCc2ccc(Nc3ncc(Cl)c(Nc4ccccc4C(=O)NC)n3)cc21,7.7,8.113509274827518,1,479.0280000000002
CCCN1CCC=C(c2ccc(Nc3nc(Nc4ccccc4C(N)=O)c4cc[nH]c4n3)c(C)c2)C1,1.0,9.0,1,481.60400000000027
CCCNC(=O)c1cc(Oc2ccc(NC(=O)c3cc4cccnc4n(-c4ccc(F)cc4)c3=O)cc2)ccn1,186.2,6.730020323354676,1,537.5510000000002
CCCNC(=O)c1ccc(Nc2nc(NCC(F)(F)F)c3cc[nH]c3n2)cc1,266.0,6.575118363368933,1,392.38500000000005
CCCOc1cc(N2CCN(C(C)=O)CC2)ccc1Nc1nc(Nc2ccc(N3CCN(C(C)=O)CC3)cc2)ncc1Cl,150.0,6.823908740944319,1,607.1590000000002
CCCOc1cc(N2CCN(C(C)=O)CC2)ccc1Nc1nc(Nc2ccc(N3CCN(C(C)=O)CC3)cc2OC)ncc1Cl,201.0,6.696803942579511,1,637.1850000000002
CCCOc1cc2c(=O)c3c4ccc(C#N)cc4[nH]c3n(C(C)C)c2cc1N1CCN(C)CC1,3.7,8.431798275933005,1,457.5780000000003
CCCOc1ccc2c3c(oc2c1)C(C)(C)c1cc(OCCN(CC)CC)ccc1C3=O,2470.0,5.607303046740334,0,435.56400000000025
CCCS(=O)(=O)Nc1ccc(F)c(C(=O)c2c[nH]c3ncc(Cl)cc23)c1F,5000.0,5.301029995663981,0,413.833
CCC[C@H]1Nc2ccc3ncc(n3n2)C(=O)NC2(CC2)COc2ccc(F)cc21,707.5,6.150273555803672,1,395.43800000000016
CCCc1cc2c(=O)c3c4ccc(C#N)cc4[nH]c3n(C(C)C)c2cc1N1CCN(C)CC1,1.0,9.0,1,441.5790000000003
CCCc1cc2c(cc1N1CCC(N3CCOCC3)CC1)C(C)(C)c1[nH]c3cc(C#N)ccc3c1C2=O,1.1,8.958607314841775,1,496.6550000000003
CCCc1cc2c(cc1N1CCN(C3CCC3)CC1)C(C)(C)c1[nH]c3cc(C#N)ccc3c1C2=O,1.77,8.752026733638193,1,466.6290000000002
CCCc1cc2c(cc1N1CCN(C3COC3)CC1)C(C)(C)c1[nH]c3cc(C#N)ccc3c1C2=O,15.1,7.82102305270683,1,468.6010000000002
CCCc1cc2c(cc1N1CCN(CCCCO)CC1)C(C)(C)c1[nH]c3cc(C#N)ccc3c1C2=O,1.093,8.961379838050297,1,484.64400000000023
CCCn1c2c(c3ccccc31)C(=O)c1ccc(OCCN(CC)CC)cc1C2(C)C,1325.5,5.8776202679308875,0,418.5810000000003
CCCn1c2cc(N3CCN(C)CC3)c(OC)cc2c(=O)c2c3ccc(C#N)cc3[nH]c21,13.5,7.8696662315049934,1,429.52400000000017
CCN(C)C(=O)c1ccc2c(c1)NC(=O)/C2=C(\Nc1ccc(CN2CCCCC2)cc1)c1ccccc1,4000.0,5.3979400086720375,0,494.63900000000035
CCN(C)CCOc1ccc2c(c1)C(C)(C)C1Oc3cc(F)ccc3C1C2=O,854.1,6.068491278133382,1,383.4630000000001
CCN(CC)C(=O)COc1ccc2c(c1)C(C)(C)c1oc3ccccc3c1C2=O,7794.7,5.1082005951450284,0,391.46700000000016
CCN(CC)C(=O)[C@H]1CC[C@@H](n2/c(=N/C(=O)c3ccccc3)[nH]c3ccc(CN4CCCCC4)cc32)CC1,293.0,6.533132379645891,1,515.7020000000003
CCN(CC)C(=O)c1csc(Nc2ncc(Cl)c(Nc3ccccc3S(=O)(=O)C(C)C)n2)n1,471.0,6.326979092871103,1,509.0570000000002
CCN(CC)CC(=O)Nc1n[nH]c2cc(Nc3ncc(Cl)c(Nc4ccccc4S(=O)(=O)C(C)C)n3)ccc12,2.966666666666667,8.52773124807475,1,571.1070000000001
CCN(CC)CCCSC(=S)N1CCC(c2cc(OC(C)C)c(Nc3ncc(Cl)c(Nc4ccccc4S(=O)(=O)C(C)C)n3)cc2C)CC1,100.0,7.0,1,747.497
CCN(CC)CCNC(=O)c1c(C)[nH]c(/C=C2\C(=O)Nc3ccc(F)cc32)c1C,1177.32,5.929105478239285,0,398.48200000000014
CCN(CC)CCOc1cc2c(cc1C(C)=O)C(=O)c1c([nH]c3cc(C#N)ccc13)C2(C)C,0.53,9.275724130399212,1,443.5470000000002
CCN(CC)CCOc1cc2c(cc1N1CCC(N3CCOCC3)CC1)C(C)(C)c1[nH]c3cc(C#N)ccc3c1C2=O,11.8,7.928117992693875,1,569.7500000000003
CCN(CC)CCOc1ccc2c(c1)C(=O)c1c(oc3ccccc13)C2(C)C,414.9,6.382056565171027,1,377.48400000000015
CCN(CC)CCOc1ccc2c(c1)C(C)(C)c1[nH]c3cc(Br)ccc3c1C2=O,100.0,7.0,1,455.39600000000013
CCN(CC)CCOc1ccc2c(c1)C(C)(C)c1[nH]c3cc(C#N)c(Br)cc3c1C2=O,97.92,7.009128595198514,1,480.4060000000002
CCN(CC)CCOc1ccc2c(c1)C(C)(C)c1[nH]c3cc(C#N)ccc3c1C2=O,7.8,8.10790539730952,1,401.51000000000016
CCN(CC)CCOc1ccc2c(c1)C(C)(C)c1[nH]c3cc(C(F)(F)F)ccc3c1C2=O,1082.9,5.965411646286375,0,444.4970000000001
CCN(CC)CCOc1ccc2c(c1)C(C)(C)c1[nH]c3cc(Cl)ccc3c1C2=O,40.0,7.3979400086720375,1,410.9450000000001
CCN(CC)CCOc1ccc2c(c1)C(C)(C)c1[nH]c3cc(NC(=O)Cc4ccccc4)ccc3c1C2=O,21307.8,4.671461388257774,0,509.65000000000026
CCN(CC)CCOc1ccc2c(c1)C(C)(C)c1[nH]c3cc(NC(=O)Nc4ccccc4)ccc3c1C2=O,2974.3,5.526615228896229,0,510.6380000000002
CCN(CC)CCOc1ccc2c(c1)C(C)(C)c1[nH]c3cc(NC(=O)Oc4ccccc4)ccc3c1C2=O,1246.6,5.90427287744402,0,511.62200000000024
CCN(CC)CCOc1ccc2c(c1)C(C)(C)c1[nH]c3cc(NC(=O)c4cccc(C(F)(F)F)c4)ccc3c1C2=O,3200.0,5.494850021680094,0,563.6200000000001
CCN(CC)CCOc1ccc2c(c1)C(C)(C)c1[nH]c3cc([N+](=O)[O-])ccc3c1C2=O,80.0,7.096910013008056,1,421.4970000000002
CCN(CC)CCOc1ccc2c(c1)C(C)(C)c1c(c3ccc(C)cc3n1C)C2=O,5947.3,5.225680153806348,0,404.5540000000002
CCN(CC)CCOc1ccc2c(c1)C(C)(C)c1c(c3ccc(NC(=O)Cc4ccccc4)cc3n1C)C2=O,21307.8,4.671461388257774,0,523.6770000000002
CCN(CC)CCOc1ccc2c(c1)C(C)(C)c1c(c3ccc([N+](=O)[O-])cc3n1CCN(CC)CC)C2=O,4224.0,5.374276090474244,0,520.6740000000004
CCN(CC)CCOc1ccc2c(c1)C(C)(C)c1c(c3ccccc3n1S(C)(=O)=O)C2=O,161.7,6.791289980093599,1,454.5920000000002
CCN(CC)CCOc1ccc2c(c1)C(C)(C)c1oc3cc(Br)ccc3c1C2=O,770.0,6.113509274827518,1,456.38000000000017
CCN(CC)CCOc1ccc2c(c1)C(C)(C)c1oc3cc(C(F)(F)F)ccc3c1C2=O,3470.0,5.459670525209126,0,445.48100000000017
CCN(CC)CCOc1ccc2c(c1)C(C)(C)c1oc3cc(Cl)ccc3c1C2=O,660.0,6.180456064458132,1,411.92900000000014
CCN(CC)CCOc1ccc2c(c1)C(C)(C)c1oc3cc(F)ccc3c1C2=O,850.0,6.070581074285707,1,395.47400000000016
CCN(CC)CCOc1ccc2c(c1)C(C)(C)c1oc3cc(O)ccc3c1C2=O,389.4,6.409604052815987,1,393.4830000000002
CCN(CC)CCOc1ccc2c(c1)C(C)(C)c1oc3cc(OC)ccc3c1C2=O,2080.0,5.681936665037238,0,407.5100000000002
CCN(CC)CCOc1ccc2c(c1)C(C)(C)c1oc3cccc(F)c3c1C2=O,5757.1,5.239796226846584,0,395.47400000000016
CCN(CC)CCOc1ccc2c(c1)C(C)(C)c1sc3ccccc3c1C2=O,93.85,7.027565723042635,1,393.55200000000013
CCN(CC)CCOc1ccc2c(c1)C1(CCNCC1)c1[nH]c3ccccc3c1C2=O,687.68,6.162613606188651,1,417.5530000000002
CCN(CC)CCOc1ccc2c(c1)C1(CCOCC1)c1oc3ccccc3c1C2=O,752.7,6.123378083965727,1,419.52100000000024
CCN(CC)CCOc1ccc2c(n1)C(C)(C)c1[nH]c3cc(C#N)ccc3c1C2=O,6.473,8.18889439298207,1,402.49800000000016
CCN(CC)CCOc1ccc2c(n1)C(C)(C)c1c(c3ccc(C#N)cc3n1CCN(CC)CC)C2=O,300.76,6.52177992384641,1,501.6750000000004
CCN(CC)CCOc1ccc2c(n1)C(C)(C)c1oc3cc(C#N)ccc3c1C2=O,399.87,6.3980811773198045,1,403.4820000000002
CCN(CC)CCOc1ccc2c3c(oc2c1)C(C)(C)c1cc(OC)ccc1C3=O,5631.1,5.249406760163419,0,407.51000000000016
CCN(CC)CCS(=O)(=O)c1cc2c(cc1OC)C(C)(C)c1[nH]c3cc(C#N)ccc3c1C2=O,1.338,8.873543886568196,1,479.60200000000026
CCN(CC)CCSCC(=O)c1ccc2[nH]c3nccc(Cl)c3c2c1,10000.0,5.0,0,375.92500000000007
CCN(CC)CCc1ccc(OC)c(Nc2ncc(Cl)c(Nc3ccccc3S(=O)(=O)C(C)C)n2)c1,5.95,8.22548303427145,1,532.1100000000002
CCN(CC)[C@H]1CC[C@@H](c2cc(OC3CC3)c(Nc3ncc(Cl)c(Nc4cn(C)nc4S(=O)(=O)C(C)C)n3)cc2C)CC1,12.5,7.903089986991944,1,630.2589999999999
CCN(CC)[C@H]1CC[C@H](c2cc(OC3CC3)c(Nc3ncc(Cl)c(Nc4cn(C)nc4S(=O)(=O)C(C)C)n3)cc2C)CC1,10.5,7.978810700930062,1,630.2589999999999
CCN(CCO)CCOc1ccc2c(c1)C(C)(C)c1oc3ccccc3c1C2=O,792.8,6.100836358522781,1,393.4830000000002
CCN([C@@H]1CCCC[C@H]1Nc1nc(Nc2cc3c(cc2OC)CCN(CCOC)CC3)ncc1Cl)S(C)(=O)=O,85.0,7.070581074285707,1,581.1830000000004
CCN1C(=O)CCCc2c1ccc(Nc1ncc(Cl)c(N[C@H]3[C@@H](C(N)=O)[C@@H]4C=C[C@H]3C4)n1)c2OC,59.5,7.22548303427145,1,496.99900000000025
CCN1C(=O)CCCc2c1ccc(Nc1ncc(Cl)c(Nc3ccc(N4CCOCC4)cc3OC)n1)c2OC,104.5,6.980883709552927,1,553.0630000000003
CCN1C(=O)CCCc2c1ccc(Nc1ncc(Cl)c(Nc3ccccc3C(=O)NC)n1)c2OC,105.5,6.976747540366288,1,494.98300000000023
CCN1C(=O)CCCc2c1ccc(Nc1ncc(Cl)c(Nc3ccccc3S(=O)(=O)C(C)C)n1)c2OC,27.5,7.560667306169737,1,544.0770000000002
CCN1C(=O)CCCc2c1ccc(Nc1ncc(Cl)c(Nc3ccccc3S(=O)(=O)N(C)C)n1)c2OC,36.5,7.437707135543525,1,545.0650000000002
CCN1C(=O)CCCc2cc(Nc3ncc(Cl)c(N[C@H]4[C@@H](C(N)=O)[C@@H]5C=C[C@H]4C5)n3)c(OC)cc21,23.5,7.628932137728263,1,496.99900000000025
CCN1C(=O)CCCc2cc(Nc3ncc(Cl)c(Nc4ccccc4C(=O)NC)n3)c(OC)cc21,22.5,7.647817481888637,1,494.98300000000023
CCN1C(=O)CCCc2cc(Nc3ncc(Cl)c(Nc4ccccc4S(=O)(=O)C(C)C)n3)c(OC)cc21,16.35,7.786482243003695,1,544.0770000000002
CCN1C(=O)CCCc2cc(Nc3ncc(Cl)c(Nc4ccccc4S(=O)(=O)N(C)C)n3)c(OC)cc21,17.0,7.769551078621726,1,545.0650000000002
CCN1CCC(c2cc(Nc3ncc4sc(C(N)=O)c(-c5ccccc5OC(F)(F)F)c4n3)n(C(C)C)n2)CC1,2.25,8.647817481888637,1,573.645
CCN1CCC(c2cc(OC(C)C)c(Nc3nc(Nc4ccccc4S(=O)(=O)C(C)C)c4[nH]nnc4n3)cc2C)CC1,39.0,7.4089353929735005,1,592.77
CCN1CCC(c2cc(OC(C)C)c(Nc3ncc(C)c(Nc4ccccc4S(=O)(=O)C(C)C)n3)cc2C)CC1,29.4,7.531652669587842,1,565.7840000000001
CCN1CCC(c2cc(OC(C)C)c(Nc3ncc(Cl)c(Nc4ccccc4S(=O)(=O)C(C)C)n3)cc2C)CC1,32.1,7.493494967595128,1,586.202
CCN1CCC(c2ccc(Nc3nc(Nc4ccccc4S(=O)(=O)C(C)C)c4c(C)[nH]nc4n3)cc2)C1,10.0,8.0,1,519.6750000000002
CCN1CCCc2cc(Nc3ncc(Cl)c(Nc4ccccc4S(=O)(=O)C(C)C)n3)c(OC)cc2C1,596.7933333333334,6.224176036930691,1,530.0940000000002
CCN1CCCc2cc(OC)c(Nc3ncc(Cl)c(Nc4ccccc4S(=O)(=O)C(C)C)n3)cc2C1,3070.0,5.512861624522814,0,530.0940000000002
CCN1CCN(C(=O)CS(=O)(=O)c2ccc(Nc3ncc(Cl)c(Nc4ccccc4S(=O)(=O)C(C)C)n3)c(OC)c2)CC1,4.966666666666667,8.303934986307388,1,651.211
CCN1CCN(C(=O)c2cccn2-c2ccc(Nc3ncc(Cl)c(Nc4ccccc4NS(C)(=O)=O)n3)c(OC)c2)CC1,10.1,7.995678626217358,1,625.155
CCN1CCN(CCCOc2cc3nccc(Oc4c(F)cc(NC(=O)NN5C(=O)CSC5c5c(F)cccc5F)cc4F)c3cc2OC)CC1,10000.0,5.0,0,728.7690000000001
CCN1CCN(CCS(=O)(=O)c2ccc(Nc3ncc(Cl)c(Nc4ccccc4S(=O)(=O)C(C)C)n3)c(OC)c2)CC1,11.766666666666666,7.92934654933184,1,637.228
CCN1CCN(c2ccc(Nc3cc(N(C)C(=O)Nc4c(Cl)c(OC)cc(OC)c4Cl)ncn3)cc2)CC1,6539.0,5.184488662637236,0,560.4860000000001
CCN1CCc2cc(Nc3ncc(Cl)c(Nc4ccccc4S(=O)(=O)C(C)C)n3)c(OC(C)C)cc2C1(C)C,10.0,8.0,1,572.1750000000002
CCN1CCc2cc(Nc3ncc(Cl)c(Nc4ccccc4S(=O)(=O)C(C)C)n3)c(OC)cc2C1,11.0,7.958607314841775,1,516.0670000000002
CCN1CCc2cc(Nc3ncc(Cl)c(Nc4ccccc4S(=O)(=O)C(C)C)n3)c(OC)cc2C1(C)C,10.0,8.0,1,544.1210000000002
CCN1CCc2cc(Nc3ncc(Cl)c(Nc4ccccc4S(=O)(=O)C(C)C)n3)c(OC)cc2CC1,2366.84,5.62583109968213,0,530.0940000000002
CCN1CCc2cc(OC)c(Nc3ncc(Cl)c(Nc4ccccc4S(=O)(=O)C(C)C)n3)cc2C1,4.0,8.397940008672037,1,516.0670000000001
CCN1CCc2ccc(Nc3ncc(Cl)c(N[C@@H]4CCCC[C@H]4NC(=O)C(F)(F)F)n3)cc2CC1,113.0,6.94692155651658,1,510.9920000000003
CCN1CCc2ccc(Nc3ncc(Cl)c(N[C@@H]4CCCC[C@H]4NC(=O)N(C)C)n3)cc2CC1,370.0,6.431798275933005,1,486.06400000000036
CCN1CCc2ccc(Nc3ncc(Cl)c(N[C@@H]4CCCC[C@H]4NC(C)=O)n3)cc2CC1,37.0,7.431798275933005,1,457.02200000000033
CCN1CCc2ccc(Nc3ncc(Cl)c(N[C@@H]4CCCC[C@H]4NS(C)(=O)=O)n3)cc2CC1,34.5,7.462180904926726,1,493.07700000000034
CCN1Cc2cc(F)ccc2OCC(C)(C)NC(=O)c2cnc3ccc1nn23,24.5,7.610833915635467,1,383.4270000000001
CCN1Cc2cc(Nc3ncc(Cl)c(Nc4ccccc4S(=O)(=O)C(C)C)n3)c(OC(C)C)cc2C(C)(C)C1,10.0,8.0,1,572.1750000000001
CCN1Cc2cc(Nc3ncc(Cl)c(Nc4ccccc4S(=O)(=O)C(C)C)n3)c(OC)cc2C(C)(C)C1,10.0,8.0,1,544.1210000000002
CCNC(=O)N1CCC(c2ccc3c(c2)C(C)(C)c2[nH]c4cc(C#N)ccc4c2C3=O)CC1,2.001,8.698752911363789,1,440.54700000000025
CCNC(=O)N1CCN(c2ccc(Nc3nc(Nc4ccc(N5CCN(C(C)=O)CC5)cc4OC)ncc3C(F)(F)F)c(OC)c2)CC1,2.5,8.602059991327963,1,671.7250000000004
CCNC(=O)N1CCN(c2ccc(Nc3nc(Nc4ccc(N5CCN(C(C)=O)CC5)cc4OC)ncc3F)c(OC(F)F)c2)CC1,32.0,7.494850021680094,1,657.6980000000004
CCNC(=O)N1CCN(c2ccc(Nc3nc(Nc4ccc(N5CCN(C(C)=O)CC5)cc4OC)ncc3F)c(OC)c2)CC1,212.5,6.67264106561367,1,621.7180000000003
CCNC(=O)N1CCN(c2ccc(Nc3ncc(C(F)(F)F)c(Nc4ccc(N5CCN(C(=O)NCC)CC5)cc4OC)n3)c(OC)c2)CC1,33.0,7.481486060122112,1,700.7669999999998
CCNC(=O)N1CCN(c2ccc(Nc3ncc(C(F)(F)F)c(Nc4ccc(N5CCN(C(C)=O)CC5)cc4OC)n3)c(OC)c2)CC1,7.0,8.154901959985743,1,671.725
CCNC(=O)N1CCN(c2ccc(Nc3ncc(Cl)c(Nc4ccc(N5CCN(C(=O)NCC)CC5)cc4OC)n3)c(OC)c2)CC1,18.0,7.7447274948966935,1,667.215
CCNC(=O)N1CCc2cc(Nc3ncc(Cl)c(Nc4ccccc4S(=O)(=O)C(C)C)n3)c(OC)cc2C1,20.666666666666668,7.684729565221408,1,559.0920000000001
CCNC(=O)N1CCc2cc(OC)c(Nc3ncc(Cl)c(Nc4ccccc4S(=O)(=O)C(C)C)n3)cc2C1,56.666666666666664,7.2466723333413885,1,559.0920000000001
CCNC(=O)NCCc1ccc(OC)c(Nc2ncc(Cl)c(Nc3ccccc3S(=O)(=O)C(C)C)n2)c1,35.0,7.455931955649724,1,547.0810000000001
CCNC(=O)[C@H]1CC[C@@H](n2/c(=N/C(=O)c3ccccc3)[nH]c3ccc(CN4CCCCC4)cc32)CC1,4.5,8.346787486224656,1,487.6480000000004
CCNC(=O)c1cc(OC2CC2)c(Nc2ncc(Cl)c(Nc3cn(C)nc3S(=O)(=O)C(C)C)n2)cc1C,5.0,8.301029995663981,1,548.0690000000002
CCNC(=O)c1noc(-c2cc(C(C)C)c(O)cc2O)c1-c1ccc(C(=O)N2CCN(CC(=O)Nc3cccc(Nc4ncc(Cl)c(Nc5ccccc5S(=O)(=O)C(C)C)n4)c3)CC2)cc1,22.9,7.640164517660112,1,936.492
CCNC(=O)c1noc(-c2cc(C(C)C)c(O)cc2O)c1-c1ccc(C(=O)NCC(=O)Nc2ccc(OC)c(Nc3ncc(Cl)c(Nc4ccccc4S(=O)(=O)C(C)C)n3)c2)cc1,83.2,7.079876673709276,1,897.411
CCNC(=O)c1noc(-c2cc(C(C)C)c(O)cc2O)c1-c1ccc(CN2CCN(CC(=O)NCC(=O)Nc3ccc(OC)c(Nc4ncc(Cl)c(Nc5ccccc5S(=O)(=O)C(C)C)n4)c3)CC2)cc1,17.333333333333332,7.761117911084863,1,1009.5869999999999
CCNC(=O)c1noc(-c2cc(C(C)C)c(O)cc2O)c1-c1ccc(CN2CCN(CC(=O)Nc3ccc(OC)c(Nc4ncc(Cl)c(Nc5ccccc5S(=O)(=O)C(C)C)n4)c3)CC2)cc1,36.333333333333336,7.439694756779039,1,952.5349999999999
CCNC(=O)c1noc(-c2cc(C(C)C)c(O)cc2O)c1-c1ccc(CNCC(=O)Nc2ccc(OC)c(Nc3ncc(Cl)c(Nc4ccccc4S(=O)(=O)C(C)C)n3)c2)cc1,24.2,7.616184634019569,1,883.428
CCNC(=O)c1noc(-c2cc(C(C)C)c(O)cc2O)c1-c1ccc(CNCC(=O)Nc2cccc(Nc3ncc(Cl)c(Nc4ccccc4S(=O)(=O)C(C)C)n3)c2)cc1,10.3,7.987162775294828,1,853.402
CCNC(=S)NCCc1ccc(OC)c(Nc2ncc(Cl)c(Nc3ccccc3S(=O)(=O)C(C)C)n2)c1,95.0,7.022276394711152,1,563.1490000000001
CCNCCc1ccc(OC)c(Nc2ncc(Cl)c(Nc3ccccc3S(=O)(=O)C(C)C)n2)c1,5.42,8.266000713461613,1,504.05600000000015
CCOC(=O)/C=C/c1c(Oc2c(Cl)cccc2Cl)nc[nH]c1=O,40000.0,4.3979400086720375,0,355.177
CCOC(=O)/C=C/c1c(Oc2c(OC)cccc2OC)nc[nH]c1=O,40000.0,4.3979400086720375,0,346.33900000000006
CCOC(=O)/C=C/c1c(Oc2ccc(C(C)(C)C)cc2)nc[nH]c1=O,40000.0,4.3979400086720375,0,342.395
CCOC(=O)/C=C/c1c(Oc2ccc(C)cc2)nc[nH]c1=O,40000.0,4.3979400086720375,0,300.314
CCOC(=O)/C=C/c1c(Oc2ccc(Cl)cc2OC)nc[nH]c1=O,40000.0,4.3979400086720375,0,350.75800000000004
CCOC(=O)/C=C/c1c(Oc2ccc(F)cc2)nc[nH]c1=O,40000.0,4.3979400086720375,0,304.277
CCOC(=O)/C=C/c1c(Oc2ccc(OC)cc2C(=O)OC)nc[nH]c1=O,40000.0,4.3979400086720375,0,374.3490000000001
CCOC(=O)/C=C/c1c(Oc2cccc(C#N)c2)nc[nH]c1=O,40000.0,4.3979400086720375,0,311.297
CCOC(=O)/C=C/c1c(Oc2cccc(C(=O)OC)c2)nc[nH]c1=O,40000.0,4.3979400086720375,0,344.32300000000004
CCOC(=O)/C=C/c1c(Oc2cccc(OC)c2)nc[nH]c1=O,40000.0,4.3979400086720375,0,316.313
CCOC(=O)/C=C/c1c(Oc2ccccc2Cl)nc[nH]c1=O,40000.0,4.3979400086720375,0,320.732
CCOC(=O)COc1ccc2c(c1)C(C)(C)c1[nH]c3cc(C#N)ccc3c1C2=O,29.47,7.530619864150075,1,388.4230000000002
CCOC(=O)N1CCc2nc(Nc3ncc(Cl)c(Nc4ccccc4S(=O)(=O)C(C)C)n3)sc2CC1,178.0,6.749579997691106,1,551.094
CCOC(=O)[C@H]1CC[C@@H](n2/c(=N/C(=O)c3ccccc3)[nH]c3ccc(CN4CCCCC4)cc32)CC1,9.5,8.022276394711152,1,488.6320000000004
CCOC(=O)c1c(C)[nH]c(/C=C2\C(=O)Nc3ccccc32)c1C,5400.0,5.267606240177032,0,310.35300000000007
CCOC(=O)c1ccc(-c2cnc3c(c2)N(Cc2cc(Cl)ccc2C(F)(F)F)CCN3)cc1,3000.0,5.522878745280337,0,475.8980000000001
CCOC(=O)c1ccc(Nc2nc(Nc3ccc(Cl)cc3)c3nccnc3n2)cc1,3470.0,5.459670525209126,0,420.86000000000007
CCOC(=O)c1ccc(Oc2nc[nH]c(=O)c2/C=C/C(C)=O)cc1,40000.0,4.3979400086720375,0,328.32400000000007
CCOC(=O)c1ccccc1Oc1nc[nH]c(=O)c1/C=C/C(C)=O,7540.0,5.122628654130226,0,328.32400000000007
CCOC(=O)c1csc(Nc2ncc(Cl)c(Nc3ccccc3S(=O)(=O)C(C)C)n2)n1,1000.0,6.0,1,481.98700000000014
CCOCCOC(=O)Cc1ccc(OC)c(Nc2ncc(Cl)c(Nc3ccccc3S(=O)(=O)C(C)C)n2)c1,190.0,6.721246399047171,1,563.0760000000001
CCOc1cc(-c2cnc(N)c(O[C@H](C)c3c(Cl)ccc(F)c3Cl)c2)cnc1C1=CCNCC1,78.0,7.107905397309519,1,503.40500000000026
CCOc1cc(C(=O)NC2CCN(C)CC2)ccc1Nc1ncc2c(n1)N(C1CCCC1)CC(=O)N2C,520.0,6.2839966563652006,1,507.63900000000035
CCOc1cc(C(=O)NC2CCN(C)CC2)ccc1Nc1ncc2c(n1)N(C1CCCC1)[C@@H](CC)C(=O)N2C,3400.0,5.468521082957745,0,535.6930000000003
CCOc1cc(C(=O)NC2CCN(C)CC2)ccc1Nc1ncc2c(n1)N(C1CCCC1)[C@H](CC)C(=O)N2C,380.0,6.42021640338319,1,535.6930000000003
CCOc1cc(C(=O)NC2CCN(C)CC2)ccc1Nc1ncc2c(n1)N(Cc1cccc(Br)c1)[C@H](CC)C(=O)N2C,490.0,6.309803919971486,1,636.595
CCOc1cc(C(=O)NC2CCN(C)CC2)ccc1Nc1ncc2c(n1)N(Cc1ccccc1)[C@H](CC)C(=O)N2C,440.0,6.356547323513812,1,557.6990000000002
CCOc1cc(C2CCN(C)CC2)ccc1Nc1ncc2c(n1)N(Cc1cc(C)cs1)[C@H](CC)C(=O)N2C,501.0,6.300162274132754,1,534.7300000000002
CCOc1cc(C2CCN(C)CC2)ccc1Nc1ncc2c(n1)N(Cc1ccc(Br)cc1)[C@H](CC)C(=O)N2C,680.0,6.167491087293763,1,593.5699999999999
CCOc1cc(C2CCN(C)CC2)ccc1Nc1ncc2c(n1)N(Cc1ccc(C)s1)[C@H](CC)C(=O)N2C,220.0,6.657577319177793,1,534.7300000000002
CCOc1cc(C2CCN(C)CC2)ccc1Nc1ncc2c(n1)N(Cc1cccc(Br)c1)[C@H](CC)C(=O)N2C,290.0,6.5376020021010435,1,593.5699999999999
CCOc1cc(C2CCN(C)CC2)ccc1Nc1ncc2c(n1)N(Cc1cccc(C#N)c1)[C@H](CC)C(=O)N2C,370.0,6.431798275933005,1,539.6840000000002
CCOc1cc(C2CCN(C)CC2)ccc1Nc1ncc2c(n1)N(Cc1cccc(Cl)c1)[C@H](CC)C(=O)N2C,210.0,6.6777807052660805,1,549.1190000000001
CCOc1cc(C2CCN(C)CC2)ccc1Nc1ncc2c(n1)N(Cc1cccc(OC)c1)[C@H](CC)C(=O)N2C,350.0,6.455931955649724,1,544.7000000000002
CCOc1cc(C2CCN(C)CC2)ccc1Nc1ncc2c(n1)N(Cc1ccccc1)[C@H](CC)C(=O)N2C,862.5,6.064240896254688,1,514.6740000000002
CCOc1cc(C2CCN(C)CC2)ccc1Nc1ncc2c(n1)N(Cc1ccccc1Br)[C@H](CC)C(=O)N2C,150.0,6.823908740944319,1,593.5699999999999
CCOc1cc(C2CCN(C)CC2)ccc1Nc1ncc2c(n1)N(Cc1sccc1C)[C@H](CC)C(=O)N2C,541.5,6.266401539038661,1,534.7300000000002
CCOc1cc(C2CCN(C)CC2)ccc1Nc1ncc2c(n1)N(Cc1scnc1C)[C@H](CC)C(=O)N2C,370.0,6.431798275933005,1,535.7180000000002
CCOc1cc(C2CCNCC2)c(C)cc1Nc1ncc(Cl)c(Nc2ccccc2S(=O)(=O)C(C)C)n1,5.5,8.259637310505756,1,544.1210000000001
CCOc1cc(C2CCNCC2)c(Cl)cc1Nc1ncc(Cl)c(Nc2ccccc2S(=O)(=O)C(C)C)n1,5.5,8.259637310505756,1,564.5390000000001
CCOc1cc(C2CCNCC2)ccc1Nc1ncc(Cl)c(Nc2ccccc2S(=O)(=O)C(C)C)n1,5.5,8.259637310505756,1,530.094
CCOc1cc(N2CCC(N(C)C)CC2)ccc1Nc1ncc(Cl)c(Nc2cccnc2S(=O)(=O)C(C)C)n1,5.5,8.259637310505756,1,574.1510000000001
CCOc1cc(N2CCC(N3CCN(C)CC3)CC2)ccc1Nc1ncc(Cl)c(Nc2ccccc2P(C)(C)=O)n1,0.75,9.1249387366083,1,598.1320000000001
CCOc1cc(N2CCN(C(C)=O)CC2)ccc1Nc1nc(Nc2ccc(N3CCN(C(C)=O)CC3)cc2)ncc1Cl,156.0,6.806875401645538,1,593.1320000000002
CCOc1cc(N2CCN(C(C)=O)CC2)ccc1Nc1nc(Nc2ccc(N3CCN(C(C)=O)CC3)cc2OC)ncc1Cl,24.2,7.616184634019569,1,623.1580000000001
CCOc1cc(N2CCN(C(C)=O)CC2)ccc1Nc1nc(Nc2ccc(N3CCN(C(C)=O)CC3)cc2OC)ncc1F,388.5,6.410608976863067,1,606.7030000000002
CCOc1cc(N2CCNC[C@@H]2C)ncc1-c1cnc(N)c(O[C@H](C)c2c(Cl)ccc(F)c2Cl)c1,13.9,7.856985199745905,1,520.4360000000003
CCOc1cc(Nc2nc(N[C@H]3CC[C@H](O)CC3)c(CC)nc2C(N)=O)ccc1N1CCC(N2CCN(C)CC2)CC1,0.26,9.585026652029182,1,580.7780000000001
CCOc1cc2c(cc1N1CCC(N3CCOCC3)CC1)C(C)(C)c1[nH]c3cc(C#N)ccc3c1C2=O,2.2,8.657577319177793,1,498.6270000000003
CCOc1cc2c(cc1Nc1ncc(Cl)c(Nc3ccccc3S(=O)(=O)C(C)C)n1)CCNC2(C)C,10.0,8.0,1,530.0940000000003
CCOc1cc2c(cc1Nc1ncc(Cl)c(Nc3ccccc3S(=O)(=O)C(C)C)n1)CN(CC)CC2(C)C,10.0,8.0,1,558.1480000000001
CCOc1cc2c(cc1Nc1ncc(Cl)c(Nc3ccccc3S(=O)(=O)C(C)C)n1)CN(CCO)CC2(C)C,10.0,8.0,1,574.1470000000002
CCOc1ccc2c3c(oc2c1)C(C)(C)c1cc(OCCN(CC)CC)ccc1C3=O,1338.0,5.8735438865681955,0,421.53700000000026
CCOc1cccc2c1c(/C=C1\C(=O)NN=C1c1snnc1C)cn2C,173.5,6.760700520873107,1,367.4340000000001
CCOc1ccccc1-c1c(C)sc2cnc(Nc3ccc(C4CCNCC4)c4c3OCC4)nc12,9.3,8.031517051446064,1,486.64100000000036
CCP(=O)(CC)c1ccccc1Nc1nc(Nc2ccc(N3CCC(N4CCN(C)CC4)CC3)cc2OC)ncc1Cl,0.12,9.920818753952375,1,612.1590000000003
CCS(=O)(=O)N1CCC(c2cc(OC(C)C)c(Nc3nc(Nc4ccccc4S(=O)(=O)C(C)C)c4c(C)[nH]nc4n3)cc2C)CC1,92.0,7.036212172654444,1,669.8739999999998
CCS(=O)(=O)N[C@@H]1CCCC[C@H]1Nc1nc(Nc2ccc3c(c2)CCN(CCOC)CC3)ncc1Cl,50.0,7.301029995663981,1,537.1300000000003
CCS(=O)(=O)c1cn(-c2cc(C)[nH]n2)c2nc(N[C@@H](C)c3ccc(F)cn3)ccc12,23.3,7.632644078973981,1,428.4930000000001
CC[C@@H]1C(=O)N(C)c2cnc(Nc3ccc(C(=O)NC4CCN(C)CC4)cc3OC)nc2N1C1CCCC1,1565.0,5.805485658117533,0,521.6660000000004
CC[C@@H]1C(=O)N(C)c2cnc(Nc3ccc(C(=O)NC4CCN(C)CC4)cc3OCC(C)C)nc2N1C1CCCC1,1700.0,5.769551078621726,0,563.7470000000001
CC[C@@H]1C(=O)N(C)c2cnc(Nc3ccc(C4CCN(C)CC4)cc3OC)nc2N1C1CCCC1,290.0,6.5376020021010435,1,478.6410000000004
CC[C@@H]1CN(C(=O)NCC(F)(F)F)C[C@@H]1c1cnc2cnc3[nH]ccc3n12,5500.0,5.259637310505756,0,380.374
CC[C@H]1Nc2ccc3ncc(n3n2)C(=O)NC2(CC2)COc2ccc(F)cc21,12.8,7.892790030352131,1,381.4110000000001
CC[Si](C#Cc1cccc(-c2csc(NC(=O)c3ccc(CN4CCN(C)CC4)cc3)n2)c1)(CC)CC,5100.0,5.292429823902063,0,530.8140000000003
CCc1[nH]nc2nc(Nc3cc(C)c(C4CCN(CCOC)CC4)cc3OC(C)C)nc(Nc3ccccc3S(=O)(=O)C(C)C)c12,181.0,6.7423214251308154,1,649.8620000000003
CCc1cc(NC(=O)Nc2ccc(-c3cc(NC(=O)c4ccc(CN5CCN(C)CC5)cc4)[nH]n3)cc2C)no1,805.0,6.094204119632131,1,542.6440000000003
CCc1cc(Nc2ncc(Cl)c(Nc3ccccc3S(=O)(=O)C(C)C)n2)c(OC)cc1C1CCNCC1,55.0,7.259637310505756,1,544.1210000000002
CCc1cc2c(=O)c3c4ccc(C#N)cc4[nH]c3n(C(C)C)c2cc1N1CCN(C)CC1,2.1,8.67778070526608,1,427.5520000000003
CCc1cc2c(cc1-c1cccc(S(=O)(=O)F)c1)C(C)(C)c1[nH]c3cc(C#N)ccc3c1C2=O,11.0,7.958607314841775,1,472.5410000000002
CCc1cc2c(cc1-c1ccn(CCCN(C)C)n1)C(C)(C)c1[nH]c3cc(C#N)ccc3c1C2=O,0.1,10.0,1,465.6010000000002
CCc1cc2c(cc1-c1cnn(C)c1)C(C)(C)c1[nH]c3cc(C#N)ccc3c1C2=O,21.0,7.6777807052660805,1,394.4780000000002
CCc1cc2c(cc1-c1cnn(C3CCNCC3)c1)C(C)(C)c1[nH]c3cc(C#N)ccc3c1C2=O,8.2,8.086186147616283,1,463.5850000000002
CCc1cc2c(cc1-c1cnn(C3CCOC3)c1)C(C)(C)c1[nH]c3cc(C#N)ccc3c1C2=O,11.8,7.928117992693875,1,450.5420000000002
CCc1cc2c(cc1-c1cnn(C3CCOCC3)c1)C(C)(C)c1[nH]c3cc(C#N)ccc3c1C2=O,11.2,7.950781977329818,1,464.5690000000002
CCc1cc2c(cc1-c1cnn(CC(=O)N(C)C)c1)C(C)(C)c1[nH]c3cc(C#N)ccc3c1C2=O,6.279999999999999,8.202040356262804,1,465.55700000000024
CCc1cc2c(cc1-c1cnn(CC(N)=O)c1)C(C)(C)c1[nH]c3cc(C#N)ccc3c1C2=O,17.1,7.767003889607846,1,437.50300000000016
CCc1cc2c(cc1-c1cnn(CC(O)CO)c1)C(C)(C)c1[nH]c3cc(C#N)ccc3c1C2=O,28.900000000000002,7.539102157243452,1,454.53000000000026
CCc1cc2c(cc1C1=CCN(C(=O)C3CCOCC3)CC1)C(C)(C)c1[nH]c3cc(C#N)ccc3c1C2=O,48.56666666666666,7.313661702949672,1,507.6340000000003
CCc1cc2c(cc1C1=CCN(C(=O)C3CNC3)CC1)C(C)(C)c1[nH]c3cc(C#N)ccc3c1C2=O,2.05,8.688246138944246,1,478.59600000000023
CCc1cc2c(cc1C1=CCN(C(=O)C3COCCN3)CC1)C(C)(C)c1[nH]c3cc(C#N)ccc3c1C2=O,2.95,8.530177984021837,1,508.62200000000024
CCc1cc2c(cc1C1=CCN(CC3CCOCC3)CC1)C(C)(C)c1[nH]c3cc(C#N)ccc3c1C2=O,20.833333333333332,7.681241237375588,1,493.65100000000024
CCc1cc2c(cc1N1CC3CC1CN3CC1CCOCC1)C(C)(C)c1[nH]c3cc(C#N)ccc3c1C2=O,5.65,8.247951552180561,1,508.6660000000003
CCc1cc2c(cc1N1CCC(N(C)C3COC3)CC1)C(C)(C)c1[nH]c3cc(C#N)ccc3c1C2=O,54.75,7.261615876487844,1,482.62800000000027
CCc1cc2c(cc1N1CCC(N3CCC(O)CC3)CC1)C(C)(C)c1[nH]c3cc(C#N)ccc3c1C2=O,0.3,9.522878745280337,1,496.6550000000003
CCc1cc2c(cc1N1CCC(N3CCC3)CC1)C(C)(C)c1[nH]c3cc(C#N)ccc3c1C2=O,0.3,9.522878745280337,1,452.60200000000015
CCc1cc2c(cc1N1CCC(N3CCN(C(=O)CNc4cccc5c4CN(C4CCC(=O)NC4=O)C5=O)CC3)CC1)C(C)(C)c1[nH]c3cc(C#N)ccc3c1C2=O,47600.0,4.3223930472795065,0,780.9299999999996
CCc1cc2c(cc1N1CCC(N3CCN(C)CC3)CC1)C(C)(C)c1[nH]c3cc(C#N)ccc3c1C2=O,0.7,9.154901959985743,1,495.6710000000003
CCc1cc2c(cc1N1CCC(N3CCN(CCCC#Cc4cccc5c4CN(C4CCC(=O)NC4=O)C5=O)CC3)CC1)C(C)(C)c1[nH]c3cc(C#N)ccc3c1C2=O,48950.0,4.3102473038608435,0,789.9809999999997
CCc1cc2c(cc1N1CCC(N3CCNCC3)CC1)C(C)(C)c1[nH]c3cc(C#N)ccc3c1C2=O,290.0,6.5376020021010435,1,481.64400000000023
CCc1cc2c(cc1N1CCC(N3CCOCC3)CC1)C(C)(C)c1[nH]c3cc(C#N)ccc3c1C2=O,73.27866666666667,7.135022441422319,1,482.62800000000027
CCc1cc2c(cc1N1CCC(N3CCOCC3)CC1)C(C)(C)c1[nH]c3cc(NC(=O)c4ccccc4)ccc3c1C2=O,424.84,6.3717745998327855,1,576.7410000000002
CCc1cc2c(cc1N1CCC(N3CCOCC3)CC1)C(C)(C)c1[nH]c3cc(NC(C)=O)ccc3c1C2=O,2398.3,5.620096492548497,0,514.6700000000003
CCc1cc2c(cc1N1CCC(NC3CCCCC3)CC1)C(C)(C)c1[nH]c3cc(C#N)ccc3c1C2=O,1.891,8.72330847115496,1,494.6830000000003
CCc1cc2c(cc1N1CCC(NCC3CC3)CC1)C(C)(C)c1[nH]c3cc(C#N)ccc3c1C2=O,0.813,9.089909454405932,1,466.6290000000002
CCc1cc2c(cc1N1CCC(NCCCO)CC1)C(C)(C)c1[nH]c3cc(C#N)ccc3c1C2=O,0.6,9.221848749616356,1,470.61700000000025
CCc1cc2c(cc1N1CCC(O)(C3CC3)CC1)C(C)(C)c1[nH]c3cc(C#N)ccc3c1C2=O,14.2,7.847711655616943,1,453.5860000000001
CCc1cc2c(cc1N1CCC(OCCC3CCCCC3)CC1)C(C)(C)c1[nH]c3cc(C#N)ccc3c1C2=O,21.74,7.662740460249724,1,523.7210000000003
CCc1cc2c(cc1N1CCN(C(=O)C3CCCCC3)CC1)C(C)(C)c1[nH]c3cc(C#N)ccc3c1C2=O,7.5,8.1249387366083,1,508.66600000000034
CCc1cc2c(cc1N1CCN(C(=O)C3CNC3)CC1)C(C)(C)c1[nH]c3cc(C#N)ccc3c1C2=O,3.4499999999999997,8.462180904926726,1,481.60000000000025
CCc1cc2c(cc1N1CCN(C(=O)C3COCCN3)CC1)C(C)(C)c1[nH]c3cc(C#N)ccc3c1C2=O,2.55,8.593459819566045,1,511.6260000000003
CCc1cc2c(cc1N1CCN(C(=O)CN(C)C)CC1)C(C)(C)c1[nH]c3cc(C#N)ccc3c1C2=O,0.4,9.397940008672037,1,483.61600000000027
CCc1cc2c(cc1N1CCN(C(=O)CNc3cccc4c3C(=O)N(C3CCC(=O)N(C)C3=O)C4=O)CC1)C(C)(C)c1[nH]c3cc(C#N)ccc3c1C2=O,30630.0,4.513853003193427,0,725.8059999999999
CCc1cc2c(cc1N1CCN(C(=O)CNc3cccc4c3C(=O)N(C3CCC(=O)NC3=O)C4=O)CC1)C(C)(C)c1[nH]c3cc(C#N)ccc3c1C2=O,13630.0,4.865504144165326,0,711.779
CCc1cc2c(cc1N1CCN(C3CC3)CC1)C(C)(C)c1[nH]c3cc(C#N)ccc3c1C2=O,5.2,8.2839966563652,1,438.5750000000001
CCc1cc2c(cc1N1CCN(C3CCC3)CC1)C(C)(C)c1[nH]c3cc(C#N)ccc3c1C2=O,2.4,8.619788758288394,1,452.60200000000015
CCc1cc2c(cc1N1CCN(C3CCC3)CC1)C(C)(C)c1[nH]c3nc(C#N)ccc3c1C2=O,1.837,8.735890843694191,1,453.59000000000015
CCc1cc2c(cc1N1CCN(C3COC3)CC1)C(C)(C)c1[nH]c3cc(C#N)ccc3c1C2=O,3.9635,8.401921137470582,1,454.5740000000002
CCc1cc2c(cc1N1CCN(CC(O)(CCC(=O)O)CC(=O)O)CC1)C(C)(C)c1[nH]c3cc(C#N)ccc3c1C2=O,17.1,7.767003889607846,1,572.6620000000003
CCc1cc2c(cc1N1CCN(CC3(CO)COC3)CC1)C(C)(C)c1[nH]c3cc(C#N)ccc3c1C2=O,4.3500000000000005,8.361510743045363,1,498.6270000000003
CCc1cc2c(cc1N1CCN(CC3(O)CC(C)OC(C)C3)CC1)C(C)(C)c1[nH]c3cc(C#N)ccc3c1C2=O,2.4,8.619788758288394,1,540.7080000000003
CCc1cc2c(cc1N1CCN(CC3(O)CCCCC3)CC1)C(C)(C)c1[nH]c3cc(C#N)ccc3c1C2=O,7.0,8.154901959985743,1,510.68200000000036
CCc1cc2c(cc1N1CCN(CC3(O)CCNCC3)CC1)C(C)(C)c1[nH]c3cc(C#N)ccc3c1C2=O,1.4,8.853871964321762,1,511.67000000000036
CCc1cc2c(cc1N1CCN(CC3(O)CCOCC3)CC1)C(C)(C)c1[nH]c3cc(C#N)ccc3c1C2=O,2.85,8.54515513999149,1,512.6540000000003
CCc1cc2c(cc1N1CCN(CC3CCOCC3)CC1)C(C)(C)c1[nH]c3cc(C#N)ccc3c1C2=O,3.3,8.481486060122112,1,496.6550000000003
CCc1cc2c(cc1N1CCN(CC3CN(c4ccc5c(c4)C(=O)N(C4CCC(=O)NC4=O)C5=O)C3)CC1)C(C)(C)c1[nH]c3cc(C#N)ccc3c1C2=O,2810.0,5.55129368009492,0,723.8340000000001
CCc1cc2c(cc1N1CCN(C[C@@H]3CCC(=O)N3)CC1)C(C)(C)c1[nH]c3cc(C#N)ccc3c1C2=O,2.9,8.537602002101044,1,495.62700000000024
CCc1cc2c(cc1N1CCNCC1)C(C)(C)c1[nH]c3cc(C#N)ccc3c1C2=O,320.0,6.494850021680094,1,398.5100000000001
CCc1cc2c(cc1N1CCOCC1)C(C)(C)c1[nH]c3nc(C(=O)N4CCOCC4)ccc3c1C2=O,326.37,6.486289768524933,1,488.5880000000003
CCc1cc2c(cc1NC(=O)C1CCn3c(nnc3C(F)(F)F)C1)C(C)(C)c1[nH]c3cc(C#N)ccc3c1C2=O,38.0,7.42021640338319,1,546.5530000000002
CCc1cc2c(cc1NC(=O)CN1CC3CN(C)CC3C1)C(C)(C)c1[nH]c3cc(C#N)ccc3c1C2=O,24.0,7.619788758288394,1,495.6270000000003
CCc1cc2c(cc1NC(=O)CN1C[C@@H]3C(CO)[C@@H]3C1)C(C)(C)c1[nH]c3cc(C#N)ccc3c1C2=O,23.0,7.638272163982407,1,482.5840000000003
CCc1cc2c(cc1NC(=O)N1CC(N3CCOCC3)C1)C(C)(C)c1[nH]c3cc(C#N)ccc3c1C2=O,381.0,6.419075024324381,1,497.59900000000033
CCc1cc2c(cc1NC(=O)N1CCC(C(C)(C)O)CC1)C(C)(C)c1[nH]c3cc(C#N)ccc3c1C2=O,21.0,7.6777807052660805,1,498.6270000000003
CCc1cc2c(cc1NC(=O)N1CCC(N3CCOCC3)CC1)C(C)(C)c1[nH]c3cc(C#N)ccc3c1C2=O,32.0,7.494850021680094,1,525.6530000000004
CCc1cc2c(cc1NC(=O)N1C[C@@H]3C(CO)[C@@H]3C1)C(C)(C)c1[nH]c3cc(C#N)ccc3c1C2=O,182.0,6.739928612014925,1,468.5570000000003
CCc1ccc(C(C)(C)c2[nH]c3cc(C#N)ccc3c2C(=O)O)cc1-c1cnn(CC(=O)N(C)C)c1,10000.0,5.0,0,483.5720000000003
CCc1ccc(C(C)(C)c2[nH]c3cc(C#N)ccc3c2C(=O)OC(C)(C)C)cc1-c1cnn(CC(=O)N(C)C)c1,10000.0,5.0,0,539.6800000000004
CCc1ccc(C(C)(C)c2cc3ccc(C#N)cc3[nH]2)cc1-c1cnn(C2CCN(C(C)=O)CC2)c1,10000.0,5.0,0,479.62800000000027
CCc1ccc(C(C)(C)c2cc3ccc(C#N)cc3[nH]2)cc1-c1cnn(CC(=O)N(C)C)c1,10000.0,5.0,0,439.56300000000016
CCc1ccc(C(C)(C)c2cc3ccc(C#N)cc3[nH]2)cc1C1=CCN(C(C)=O)CC1,10000.0,5.0,0,411.5490000000002
CCc1ccc(C(C)(C)c2cc3ccc(C#N)cc3[nH]2)cc1N1CCC(N2CCOCC2)CC1,10000.0,5.0,0,456.63400000000036
CCc1ccc(C(C)NC(=O)c2cccc(C(F)(F)F)c2)cc1-c1ccc2nc(Nc3cnn(C)c3)ncc2c1,1000.0,6.0,1,544.5810000000001
CCc1ccc(Nc2nccc(N3CCC[C@H](C(=O)NCc4ccc(C)cc4)C3)n2)cc1,25000.0,4.6020599913279625,0,429.56800000000015
CCc1ccc2c(c1)c(=O)c(C(=O)Nc1ccc(Oc3ncnc4cc(OC)c(OC)cc34)c(F)c1)c(C)n2C,4.92,8.30803489723264,1,542.5670000000001
CCc1ccc2c(c1)c(=O)c(C(=O)Nc1ccc(Oc3ncnc4cc(OCCCCCC(=O)Nc5ccc6c(c5)CN(C5CCC(=O)NC5=O)C6=O)c(OC)cc34)c(F)c1)c(C)n2C,4.94,8.306273051076353,1,883.9339999999999
CCc1cccc(CC)c1NC(=O)c1nn(C)c2c1CCc1cnc(Nc3ccc(C(=O)NC4CCN(C)CC4)cc3OC(F)(F)F)nc1-2,10000.0,5.0,0,676.7440000000001
CCc1cccc(Nc2nccc(N3CCC[C@H](C(=O)NCc4ccc(C)cc4)C3)n2)c1,912.0,6.0400051616715835,1,429.56800000000015
CCc1cnc(Nc2cc(C)c(C3CCNCC3)cc2OC)nc1Nc1ccccc1S(=O)(=O)C(C)C,5.5,8.259637310505756,1,523.7030000000002
CCc1nc(C(N)=O)c(Nc2ccc(C3CCN(C)CC3)cc2)nc1N[C@H]1CC[C@H](O)CC1,0.26,9.585026652029182,1,452.6030000000003
CCc1nc(C(N)=O)c(Nc2ccc(N3CCC(N(C)C)C3)c(C(F)(F)F)c2)nc1N[C@H]1CC[C@H](O)CC1,0.34,9.468521082957745,1,535.6150000000001
CCc1nc(C(N)=O)c(Nc2ccc(N3CCC(N4CCN(C)CC4)CC3)c(C(F)(F)F)c2)nc1N[C@H]1CC[C@H](O)CC1,0.65,9.187086643357144,1,604.7220000000001
CCc1nc(C(N)=O)c(Nc2ccc(N3CCC(N4CCN(C)CC4)CC3)c(C)c2)nc1NC1CCC(O)(C(C)C)CC1,3.3499999999999996,8.474955192963154,1,592.8330000000003
CCc1nc(C(N)=O)c(Nc2ccc(N3CCC(N4CCN(C)CC4)CC3)c(C)c2)nc1NC1CCC(O)(CC)CC1,2.95,8.530177984021837,1,578.8060000000003
CCc1nc(C(N)=O)c(Nc2ccc(N3CCC(N4CCN(C)CC4)CC3)c(C)c2)nc1NC1CCN(C)CC1,1.9,8.721246399047171,1,549.7680000000003
CCc1nc(C(N)=O)c(Nc2ccc(N3CCC(N4CCN(C)CC4)CC3)c(C)c2)nc1NC1CCNCC1,1.0,9.0,1,535.7410000000003
CCc1nc(C(N)=O)c(Nc2ccc(N3CCC(N4CCN(C)CC4)CC3)c(C)c2)nc1NC1CCOCC1,1.5,8.823908740944319,1,536.7250000000004
CCc1nc(C(N)=O)c(Nc2ccc(N3CCC(N4CCN(C)CC4)CC3)c(C)c2)nc1N[C@H]1CC[C@@](C)(O)CC1,0.21,9.67778070526608,1,564.7790000000003
CCc1nc(C(N)=O)c(Nc2ccc(N3CCC(N4CCN(C)CC4)CC3)c(C)c2)nc1N[C@H]1CC[C@H](O)CC1,0.26,9.585026652029182,1,550.7520000000003
CCc1nc(C(N)=O)c(Nc2ccc(N3CCC(N4CCN(C)CC4)CC3)c(C)c2)nc1N[C@H]1CC[C@](C)(O)CC1,0.93,9.031517051446064,1,564.7790000000003
CCc1nc(C(N)=O)c(Nc2ccc(N3CCC(N4CCN(C)CC4)CC3)c(OC)c2)nc1NC1CCOCC1,1.3,8.886056647693163,1,552.7240000000003
CCc1nc(C(N)=O)c(Nc2ccc(N3CCC(N4CCN(C)CC4)CC3)c(OC)c2)nc1N[C@H]1CC[C@H](O)CC1,0.37,9.431798275933005,1,566.7510000000004
CCc1nc(C(N)=O)c(Nc2ccc(N3CCC(N4CCN(C)CC4)CC3)cc2)nc1NC1CCOCC1,7.8,8.10790539730952,1,522.6980000000004
CCc1nc(C(N)=O)c(Nc2ccc(N3CCC(N4CCN(C)CC4)CC3)cc2)nc1N[C@H]1CC[C@H](O)CC1,2.8,8.55284196865778,1,536.7250000000003
CCc1nc(C(N)=O)c(Nc2ccc(N3CCC(N4CCN(C)CC4)CC3)cc2OC)nc1N[C@H]1CC[C@H](O)CC1,8.9,8.050609993355087,1,566.7510000000004
CCc1nc(C(N)=O)c(Nc2ccc(N3CCN(C(C)C)CC3)c(C)c2)nc1N[C@H]1CC[C@H](O)CC1,0.49,9.309803919971486,1,495.67200000000037
CCc1nc(C(N)=O)c(Nc2ccc(N3CCN(C)CC3)c(C(F)(F)F)c2)nc1N[C@H]1CC[C@H](O)CC1,0.77,9.113509274827518,1,521.5880000000002
CCc1nc(C(N)=O)c(Nc2ccc(N3CCN(C)CC3)c(C)c2)nc1N[C@H]1CC[C@@](C)(O)CC1,0.22,9.657577319177793,1,481.6450000000004
CCc1nc(C(N)=O)c(Nc2ccc(N3CCN(C)CC3)c(C)c2)nc1N[C@H]1CC[C@H](O)CC1,0.24,9.619788758288394,1,467.61800000000034
CCc1nc(C(N)=O)c(Nc2ccc(N3CCN(C)CC3)c(F)c2)nc1NC1CCOCC1,11.0,7.958607314841775,1,457.5540000000003
CCc1nc(C(N)=O)c(Nc2ccc(N3CCN(C)CC3)c(OC)c2)nc1N[C@H]1CC[C@H](O)CC1,0.33,9.481486060122112,1,483.61700000000036
CCc1nc(C(N)=O)c(Nc2ccc(N3CCN(C)CC3)cc2)nc1NC1CCOCC1,11.0,7.958607314841775,1,439.5640000000003
CCc1nc(C(N)=O)c(Nc2ccc(N3CCN(C)CC3)cc2)nc1N[C@H]1CC[C@H](O)CC1,5.3,8.275724130399212,1,453.5910000000003
CCc1nc(C(N)=O)c(Nc2ccc(N3CCN(C4CC4)CC3)c(C(F)(F)F)c2)nc1N[C@H]1CC[C@H](O)CC1,0.94,9.0268721464003,1,547.6260000000002
CCc1nc(C(N)=O)c(Nc2ccc(N3CCN(C4CCN(C)CC4)CC3)c(C)c2)nc1NC1CCOCC1,2.2,8.657577319177793,1,536.7250000000004
CCc1nc(C(N)=O)c(Nc2ccc(N3CCOCC3)cc2)nc1N[C@H]1CC[C@H](O)CC1,17.0,7.769551078621726,1,440.5480000000003
CCc1nc(C(N)=O)c(Nc2ccc(OC)c(N3CCN(C)CC3)c2)nc1N[C@H]1CC[C@H](O)CC1,0.23,9.638272163982407,1,483.6170000000004
CCc1nc(C(N)=O)c(Nc2ccc3cnn(C)c3c2)nc1N[C@H]1CC[C@H](O)CC1,76.0,7.119186407719209,1,409.49400000000026
CCc1nc(C(N)=O)c(Nc2cccc(N3CCN(C)CC3)c2)nc1N[C@H]1CC[C@H](O)CC1,1.7,8.769551078621726,1,453.5910000000003
CCc1nc(C(N)=O)c(Nc2cccc(S(C)(=O)=O)c2)nc1N[C@H]1CC[C@H](O)CC1,17.0,7.769551078621726,1,433.5340000000003
CCc1nc(C(N)=O)c(Nc2cccc(S(C)(=O)=O)c2)nc1N[C@H]1CC[C@](C)(O)CC1,0.99,9.00436480540245,1,447.5610000000003
CCc1nc(C)c(/C=C2\C(=O)Nc3ccccc32)[nH]1,1380.0,5.860120913598763,0,253.305
CCn1c2cc(N3CCN(C)CC3)c(OC)cc2c(=O)c2c3ccc(C#N)cc3[nH]c21,20.6,7.686132779630847,1,415.4970000000001
CCn1cc(Nc2nc(Nc3cc(C)c(C4CCNCC4)cc3OC(C)C)ncc2Cl)c(S(=O)(=O)C(C)C)n1,24.0,7.619788758288394,1,576.1670000000001
CCn1ccc(-c2cnc(N)c(O[C@H](C)c3c(Cl)ccc(F)c3Cl)c2)cc1=O,78.5,7.105130343254747,1,422.2870000000001
CCn1nccc1-c1ccc2c(Nc3ccccc3)ccnc2c1,25800.0,4.58838029403677,0,314.39200000000005
CN(C(=O)Oc1ccc2c3c(oc2c1)C(C)(C)c1cc(OC[C@@H](O)[C@H](O)CO)ccc1C3=O)c1ccccc1,3064.5,5.513640374311871,0,531.5610000000003
CN(C)/C=C/C(=O)c1ccc2[nH]c3nccc(-c4ccc(Cc5ccccc5)cc4)c3c2c1,10000.0,5.0,0,431.53900000000016
CN(C)C(=O)C(=O)c1ccccc1Nc1cc(Cl)ccc1Cl,9.33,8.0301183562535,1,337.206
CN(C)C(=O)c1ccc(Nc2ncc(C(F)(F)F)c(N[C@H]3CC[C@@H](N)CC3)n2)cc1,2308.5,5.63667012111284,0,422.4550000000002
CN(C)C(=O)c1ccc2c3c([nH]c2c1)C(C)(C)c1cc(OC[C@@H](O)[C@H](O)CO)ccc1C3=O,12970.4,4.88704663030651,0,452.5070000000002
CN(C)C(=O)c1ccc2c3c(n(C)c2c1)C(C)(C)c1cc(OC[C@@H](O)[C@H](O)CO)ccc1C3=O,12970.4,4.88704663030651,0,466.53400000000016
CN(C)C(=O)c1ccccc1Nc1nc(Nc2ccc3nc(CN4CCCC4)[nH]c3c2)ncc1Cl,7.333333333333333,8.134698573897456,1,490.99900000000036
CN(C)CC(=O)NCCOc1ccc2c(c1)C(C)(C)c1oc3ccccc3c1C2=O,2547.0,5.593971055036385,0,406.4820000000002
CN(C)CCCNC(=O)COc1ccc2c(c1)C(C)(C)c1oc3ccccc3c1C2=O,3120.3,5.505803648904278,0,420.5090000000002
CN(C)CCN(C)C(=O)c1ccc(C(=O)Nc2n[nH]c3ccc(Cc4cc(F)cc(F)c4)cc23)c(NC2CCOCC2)c1,15.0,7.823908740944319,1,590.675
CN(C)CCN1CCN(C(=O)c2cc(C(C)(C)C)sc2NC(=O)Nc2cccc(Cl)c2Cl)CCC1=O,30000.0,4.522878745280337,0,554.5440000000001
CN(C)CCOc1ccc(/C=C/c2cc(-c3cc4c(=O)[nH]cnc4[nH]3)ccn2)cc1,4100.0,5.3872161432802645,0,401.47
CN(C)Cc1nc2ccc(Nc3ncc(Cl)c(Nc4ccccc4C(=O)N(C)C)n3)cc2[nH]1,4.633333333333334,8.334106454465568,1,464.9610000000002
CN(C)Cc1nc2ccc(Nc3ncc(Cl)c(Nc4ccccc4NS(C)(=O)=O)n3)cc2[nH]1,5.3,8.275724130399212,1,486.98900000000015
CN(C)S(=O)(=O)N1CCN(c2ccc3c(c2)C(C)(C)c2c(c4ccc(C#N)cc4n2C)C3=O)CC1,63.8,7.195179321278838,1,491.61700000000036
CN(C)S(=O)(=O)Oc1ccc2c(c1)C(C)(C)c1[nH]c3cc(C#N)ccc3c1C2=O,51.1,7.291579099865287,1,409.46700000000016
CN(C)S(=O)(=O)c1cc2c(cc1N1CCN(CCO)CC1)C(C)(C)c1[nH]c3cc(C#N)ccc3c1C2=O,5.101,8.292344676468813,1,521.6430000000004
CN(C)S(=O)(=O)c1ccc2c(c1)/C(=C/c1cc3c([nH]1)CCCC3)C(=O)N2,9425.0,5.02571864112217,0,371.4620000000002
CN(C)c1ccc(C(=O)Nc2cccc(NC(=O)COc3ccc4c(=O)ccoc4c3)c2)cc1,10000.0,5.0,0,457.4860000000002
CN(C)c1ccc(C(=O)Nc2n[nH]c3ncc(S(=O)(=O)c4cccc(F)c4)cc23)cc1,4.0,8.397940008672037,1,439.47200000000015
CN(C)c1ccc(Oc2cc(O)cc(O)c2-c2cc(C(=O)NC3CCN(C4CCC5(CC4)OCCO5)CC3)no2)cc1,10.0,8.0,1,578.6660000000004
CN(C)c1nnc(C2=NNC(=O)/C2=C\c2cn(C)c3cccc(OCc4ccccc4)c23)s1,4600.0,5.337242168318426,0,458.5470000000002
CN(CCO)Cc1ccc(-c2n[nH]c3nc(-c4ccc(O)cc4)ccc23)o1,83.15,7.0801377464444615,1,364.4050000000001
CN(c1ccccc1Nc1nc(Nc2cccc(NC(=O)CN)c2)ncc1Cl)S(C)(=O)=O,7.7,8.113509274827518,1,475.9620000000003
CN1C(=O)CCCc2cc(Nc3ncc(Cl)c(N[C@@H]4CCCC[C@@H]4C(N)=O)n3)ccc21,590.0,6.229147988357855,1,442.9510000000003
CN1C(=O)CCCc2cc(Nc3ncc(Cl)c(N[C@@H]4CCCC[C@H]4C(N)=O)n3)ccc21,2139.0,5.669789215428472,0,442.9510000000003
CN1C(=O)CCCc2cc(Nc3ncc(Cl)c(N[C@H]4[C@@H](C(N)=O)[C@@H]5C=C[C@H]4C5)n3)ccc21,59.0,7.229147988357855,1,452.9460000000002
CN1C(=O)COc2c1cnc1ccc(Sc3nnc4c(F)cc(-c5cnn(C)c5)cn34)cc21,30000.0,4.522878745280337,0,461.48200000000014
CN1C(=O)[C@@H](N2CCc3c(nn(Cc4ccccc4)c3Br)C2=O)COc2ccccc21,1000.0,6.0,1,481.3500000000002
CN1C(=O)[C@@H](N2CCc3cn(CC4CCS(=O)(=O)CC4)nc3C2=O)COc2ccccc21,1000.0,6.0,1,458.5400000000003
CN1C(=O)[C@@H](N2CCc3cn(Cc4ccccc4)nc3C2=O)COc2ccccc21,1000.0,6.0,1,402.45400000000024
CN1CCC(N2CCN(c3ccc(-c4ccc5[nH]c6nccc(-c7ccc(Cc8ccccc8)cc7)c6c5c4)cc3)CC2)CC1,1152.5,5.9383590659383145,0,591.803
CN1CCC(N2CCN(c3ccc(-c4ccc5[nH]c6nccc(/C=C/c7ccccc7C(F)(F)F)c6c5c4)cc3)CC2)CC1,1890.0,5.723538195826756,0,595.713
CN1CCC(N2CCN(c3ccc(-c4ccc5[nH]c6nccc(Nc7ccccc7[N+](=O)[O-])c6c5c4)cc3)CC2)CC1,4695.0,5.32836440339787,0,561.6899999999999
CN1CCC(NC(=O)c2cc(-c3c(O)cc(O)cc3Oc3ccc(N(C)C)cc3)on2)CC1,10.0,8.0,1,452.51100000000025
CN1CCC(NC(=O)c2cc(-c3c(O)cc(O)cc3Oc3ccc([N+](=O)[O-])cc3)on2)CC1,10.0,8.0,1,454.43900000000025
CN1CCC(Nc2cc(N3CCN(C)CC3)ccc2C(=O)Nc2n[nH]c3ccc(Cc4cc(F)cc(F)c4)cc23)CC1,15.0,7.823908740944319,1,573.692
CN1CCC(Nc2ccc(C(=O)Nc3cc(-c4cc(C#N)cs4)n[nH]3)cc2)CC1,5074.9349999999995,5.29456951584275,0,406.5150000000001
CN1CCC(Nc2ccc3c(c2)/C(=C/c2cc4c([nH]2)CCN(C(=O)N2CCOCC2)C4)C(=O)N3)CC1,76.0,7.119186407719209,1,490.60800000000046
CN1CCC(Oc2cc3c(cc2N)C(=O)c2c([nH]c4cc(C#N)ccc24)C3(C)C)CC1,3.612,8.442252258358533,1,414.5090000000002
CN1CCC(Oc2cc3c(cc2NS(C)(=O)=O)C(=O)c2c([nH]c4cc(C#N)ccc24)C3(C)C)CC1,6.28,8.202040356262804,1,492.60100000000034
CN1CCC(Oc2cc3c(cc2[N+](=O)[O-])C(=O)c2c([nH]c4cc(C#N)ccc24)C3(C)C)CC1,0.991,9.003926345514724,1,444.4910000000002
CN1CCC(Oc2ccc(C(=O)Nc3n[nH]c4ccc(Cc5cc(F)cc(F)c5)cc34)c(NC3CCOCC3)c2)CC1,9.0,8.045757490560675,1,575.6600000000001
CN1CCC2(CC1)CCN(c1ccc(Nc3ncc(Cl)c(Nc4ccccc4P(C)(C)=O)n3)c(OC(F)F)c1)CC2,2.8000000000000003,8.55284196865778,1,605.0700000000002
CN1CCN(C(=O)c2cc(NC(=O)[C@@H]3CCCN3c3nc(Nc4cc(F)cc(F)c4)ncc3Cl)ccc2N2CCOCC2)CC1,41.5,7.3819519032879075,1,641.1229999999996
CN1CCN(C(=O)c2ccc(-c3cc4c(N5CCC[C@H](C(=O)NCc6ccc(OC(F)(F)F)cc6)C5)ncnc4[nH]3)cc2)CC1,0.6,9.221848749616356,1,621.6639999999999
CN1CCN(C(=O)c2ccc(-c3ccc(C(=O)Nc4nc(-c5cccc(C#C[Si](C)(C)C(C)(C)C)c5)cs4)o3)cc2)CC1,230.55,6.637234873444574,1,610.8560000000001
CN1CCN(C(=O)c2ccc(-c3ccc(C(=O)Nc4nc(-c5cccc(C#Cc6cc(C(F)(F)F)cc(C(F)(F)F)c6)c5)cs4)o3)cc2)CC1,100000.0,4.0,0,708.6840000000002
CN1CCN(C(=O)c2ccc(-c3ccc(C(=O)Nc4nc(-c5cccc(C#Cc6ccccc6C(F)(F)F)c5)cs4)o3)cc2)CC1,215.85,6.665847947007713,1,640.6870000000001
CN1CCN(C(=O)c2ccc(-c3ccc(C(=O)Nc4nc(-c5cccc(C#Cc6ccccc6OC(F)(F)F)c5)cs4)o3)cc2)CC1,50650.0,4.2954205503037,0,656.6860000000001
CN1CCN(C(=O)c2ccc(-c3ccc4[nH]c5nccc(/C=C/c6ccccc6)c5c4c3)cc2)CC1,2300.0,5.638272163982407,0,472.5920000000002
CN1CCN(CCCc2ccc(NC(=O)c3cc(-c4ccc5c(c4)OCO5)cnc3O)cc2)CC1,1300.0,5.886056647693163,0,474.56100000000026
CN1CCN(CCc2ccc(NC(=O)c3cc(-c4ccc5c(c4)OCO5)cnc3O)cc2)CC1,400.0,6.3979400086720375,1,460.5340000000003
CN1CCN(C[C@@H](NC(=O)C[C@H]2CNC(=O)c3cc(-c4cccc(Cl)c4)cn32)C2CCCCC2)CC1,10000.0,5.0,0,512.0980000000003
CN1CCN(Cc2ccc(-c3n[nH]c4nc(-c5ccc(O)cc5)ccc34)o2)CC1,194.38,6.711348422210535,1,389.4590000000002
CN1CCN(Cc2ccc(C(=O)Nc3cc(-c4ccc(CNC(=O)Nc5cc(C(C)(C)C)on5)cc4)n[nH]3)cc2)CC1,4500.0,5.346787486224656,0,570.6980000000001
CN1CCN(Cc2ccc(C(=O)Nc3cc(-c4ccc(NC(=O)Nc5cc(C(C)(C)C)on5)cc4)n[nH]3)cc2)CC1,860.0,6.0655015487564325,1,556.671
CN1CCN(Cc2ccc(C(=O)Nc3nc(-c4ccc(C#C[Si](C)(C)C(C)(C)C)cc4)cs3)cc2)CC1,3350.0,5.474955192963154,0,530.8140000000001
CN1CCN(Cc2ccc(C(=O)Nc3nc(-c4ccc(C#Cc5cc(C(F)(F)F)cc(C(F)(F)F)c5)cc4)cs3)cc2)CC1,1500.0,5.823908740944319,0,628.642
CN1CCN(Cc2ccc(C(=O)Nc3nc(-c4ccc(C#Cc5ccccc5C(F)(F)F)c(C#Cc5ccccc5C(F)(F)F)c4)cs3)cc2)CC1,1800.0,5.7447274948966935,0,728.7620000000002
CN1CCN(Cc2ccc(C(=O)Nc3nc(-c4cccc(C#CC5=CCCCC5)c4)cs3)cc2)CC1,40800.0,4.38933983691012,0,496.68000000000035
CN1CCN(Cc2ccc(C(=O)Nc3nc(-c4cccc(C#CCOC(c5ccccc5)(c5ccccc5)c5ccccc5)c4)cs3)cc2)CC1,1465.0,5.834162375309871,0,688.8970000000002
CN1CCN(Cc2ccc(C(=O)Nc3nc(-c4cccc(C#CCO[Si](C)(C)C(C)(C)C)c4)cs3)cc2)CC1,48000.0,4.318758762624412,0,560.8400000000001
CN1CCN(Cc2ccc(C(=O)Nc3nc(-c4cccc(C#CCO[Si](c5ccccc5)(c5ccccc5)C(C)(C)C)c4)cs3)cc2)CC1,1100.0,5.958607314841775,0,684.982
CN1CCN(Cc2ccc(C(=O)Nc3nc(-c4cccc(C#C[Si](C)(C)C(C)(C)C)c4)cs3)cc2)CC1,930.0,6.031517051446065,1,530.8140000000001
CN1CCN(Cc2ccc(C(=O)Nc3nc(-c4cccc(C#C[Si](C)(C)C)c4)cs3)cc2)CC1,30500.0,4.515700160653214,0,488.73300000000023
CN1CCN(Cc2ccc(C(=O)Nc3nc(-c4cccc(C#C[Si](c5ccccc5)(c5ccccc5)C(C)(C)C)c4)cs3)cc2)CC1,1285.0,5.891096872332687,0,654.956
CN1CCN(Cc2ccc(C(=O)Nc3nc(-c4cccc(C#Cc5cc(C(F)(F)F)cc(C(F)(F)F)c5)c4)cs3)cc2)CC1,3500.0,5.455931955649724,0,628.642
CN1CCN(Cc2ccc(C(=O)Nc3nc(-c4cccc(C#Cc5ccc(F)cc5)c4)cs3)cc2)CC1,13000.0,4.886056647693163,0,510.6380000000002
CN1CCN(Cc2ccc(C(=O)Nc3nc(-c4cccc(C#Cc5ccccc5)c4)cs3)cc2)CC1,38300.0,4.416801226031377,0,492.6480000000002
CN1CCN(Cc2ccc(C(=O)Nc3nc(-c4cccc(C#Cc5ccccc5C(F)(F)F)c4)cs3)cc2)CC1,6850.0,5.164309428507575,0,560.645
CN1CCN(Cc2ccc(C(=O)Nc3nc(-c4cccc(C#Cc5ccccc5F)c4)cs3)cc2)CC1,6950.0,5.158015195409886,0,510.6380000000002
CN1CCN(Cc2ccc(C(=O)Nc3nc(-c4cccc(C#Cc5ccccc5OC(F)(F)F)c4)cs3)cc2)CC1,28350.0,4.547446936771075,0,576.644
CN1CCN(Cc2ccc(N(C)C(=O)c3cc(-c4ccc5c(c4)OCO5)cnc3O)cc2)CC1,3700.0,5.431798275933005,0,460.5340000000002
CN1CCN(Cc2ccc(NC(=O)c3cc(-c4ccc5c(c4)OCO5)cn(C)c3=O)cc2)CC1,40000.0,4.3979400086720375,0,460.5340000000003
CN1CCN(Cc2ccc(NC(=O)c3cc(-c4ccc5c(c4)OCO5)cnc3Cl)cc2)CC1,26800.0,4.5718652059712115,0,464.9530000000002
CN1CCN(Cc2ccc(NC(=O)c3cc(-c4ccc5c(c4)OCO5)cnc3O)cc2)CC1,900.0,6.045757490560675,1,446.50700000000023
CN1CCN(Cc2ccc(NC(=O)c3cc(-c4ccc5nccnc5c4)cnc3O)cc2)CC1,5500.0,5.259637310505756,0,454.53400000000016
CN1CCN(Cc2ccc(NC(=O)c3cc(-c4ccncc4)cnc3O)cc2)CC1,19500.0,4.709965388637482,0,403.4860000000001
CN1CCN(Cc2ccc(NC(=O)c3n[nH]cc3Nc3ncnc4sccc34)cc2)CC1,94.1,7.026410376572743,1,448.55600000000015
CN1CCN(Cc2nc3ccc(Nc4ncc(Cl)c(Nc5ccccc5C(=O)N(C)C)n4)cc3[nH]2)CC1,4.066666666666666,8.390761424044914,1,520.0410000000003
CN1CCN(Cc2nc3ccc(Nc4ncc(Cl)c(Nc5ccccc5NS(C)(=O)=O)n4)cc3[nH]2)CC1,5.166666666666667,8.28678955654937,1,542.0690000000001
CN1CCN(c2cc(F)c3c(c2)nc(Cc2ccc4c(c2)OCO4)n2nc(N)nc32)CC1,10000.0,5.0,0,435.46300000000025
CN1CCN(c2ccc(-c3ccc4[nH]c5nccc(-c6ccc(-c7ccc(F)cc7)nc6)c5c4c3)cc2)CC1,1360.0,5.866461091629782,0,513.6200000000002
CN1CCN(c2ccc(-c3ccc4[nH]c5nccc(-c6ccc(-c7cccc8ccccc78)cc6)c5c4c3)cc2)CC1,52.0,7.2839966563652006,1,544.7020000000001
CN1CCN(c2ccc(-c3ccc4[nH]c5nccc(-c6ccc(-c7ccccc7)cc6)c5c4c3)cc2)CC1,632.5,6.198939470152144,1,494.6420000000003
CN1CCN(c2ccc(-c3ccc4[nH]c5nccc(-c6ccc(-c7ccccc7)cc6F)c5c4c3)cc2)CC1,662.5,6.178814117391155,1,512.6320000000003
CN1CCN(c2ccc(-c3ccc4[nH]c5nccc(-c6ccc(C(=O)c7ccccc7)cc6)c5c4c3)cc2)CC1,360.0,6.443697499232712,1,522.6520000000003
CN1CCN(c2ccc(-c3ccc4[nH]c5nccc(-c6ccc(C(O)c7ccccc7)cc6)c5c4c3)cc2)CC1,815.0,6.088842391260023,1,524.6680000000002
CN1CCN(c2ccc(-c3ccc4[nH]c5nccc(-c6ccc(COc7cccc(C(F)(F)F)c7)cc6)c5c4c3)cc2)CC1,1025.0,5.989276134608227,0,592.6650000000001
CN1CCN(c2ccc(-c3ccc4[nH]c5nccc(-c6ccc(Cc7ccccc7)c(C(F)(F)F)c6)c5c4c3)cc2)CC1,2150.0,5.667561540084395,0,576.6660000000002
CN1CCN(c2ccc(-c3ccc4[nH]c5nccc(-c6ccc(Cc7ccccc7)cc6)c5c4c3)cc2)CC1,127.5,6.894489815230026,1,508.6690000000003
CN1CCN(c2ccc(-c3ccc4[nH]c5nccc(-c6ccc(Cc7ccccc7)cc6C(F)(F)F)c5c4c3)cc2)CC1,5550.0,5.255707016877324,0,576.6660000000002
CN1CCN(c2ccc(-c3ccc4[nH]c5nccc(-c6ccc(N7CCN(C)CC7)cc6)c5c4c3)cc2)CC1,5450.0,5.2636034977233574,0,516.6930000000003
CN1CCN(c2ccc(-c3ccc4[nH]c5nccc(-c6ccc(OCc7ccccc7)cc6)c5c4c3)cc2)CC1,1550.0,5.809668301829708,0,524.6680000000002
CN1CCN(c2ccc(-c3ccc4[nH]c5nccc(-c6ccc(Oc7ccccc7)cc6)c5c4c3)cc2)CC1,4020.0,5.39577394691553,0,510.6410000000003
CN1CCN(c2ccc(-c3ccc4[nH]c5nccc(-c6cccc(-c7ccccc7)c6)c5c4c3)cc2)CC1,175.0,6.756961951313706,1,494.6420000000003
CN1CCN(c2ccc(-c3ccc4[nH]c5nccc(/C(=C/c6ccccc6)c6ccccc6)c5c4c3)cc2)CC1,1400.0,5.853871964321762,0,520.6800000000002
CN1CCN(c2ccc(-c3ccc4[nH]c5nccc(/C=C/c6ccc(C(F)(F)F)cc6)c5c4c3)cc2)CC1,200.0,6.698970004336019,1,512.5790000000002
CN1CCN(c2ccc(-c3ccc4[nH]c5nccc(/C=C/c6ccc(F)cc6)c5c4c3)cc2)CC1,230.5,6.637329070274333,1,462.57200000000023
CN1CCN(c2ccc(-c3ccc4[nH]c5nccc(/C=C/c6cccc(F)c6)c5c4c3)cc2)CC1,285.0,6.54515513999149,1,462.57200000000023
CN1CCN(c2ccc(-c3ccc4[nH]c5nccc(/C=C/c6ccccc6)c5c4c3)cc2)CC1,227.33333333333334,6.643336880063184,1,444.5820000000002
CN1CCN(c2ccc(-c3ccc4[nH]c5nccc(/C=C/c6ccccc6)c5c4c3)cn2)CC1,350.0,6.455931955649724,1,445.5700000000002
CN1CCN(c2ccc(-c3ccc4[nH]c5nccc(/C=C/c6ccccc6C(F)(F)F)c5c4c3)cc2)CC1,210.0,6.6777807052660805,1,512.5790000000002
CN1CCN(c2ccc(-c3ccc4[nH]c5nccc(/C=C/c6ccccc6Cl)c5c4c3)cc2)CC1,600.0,6.221848749616356,1,479.02700000000027
CN1CCN(c2ccc(-c3ccc4[nH]c5nccc(/C=C/c6ccccc6F)c5c4c3)cc2)CC1,305.0,6.515700160653214,1,462.57200000000023
CN1CCN(c2ccc(-c3ccc4[nH]c5nccc(/C=C/c6ccccc6NS(C)(=O)=O)c5c4c3)cc2)CC1,267.5,6.572676213642753,1,537.6890000000001
CN1CCN(c2ccc(-c3ccc4[nH]c5nccc(C#Cc6ccc(F)cc6)c5c4c3)cc2)CC1,510.0,6.292429823902063,1,460.55600000000027
CN1CCN(c2ccc(-c3ccc4[nH]c5nccc(C#Cc6ccccc6)c5c4c3)cc2)CC1,150.0,6.823908740944319,1,442.56600000000026
CN1CCN(c2ccc(-c3ccc4[nH]c5nccc(C#Cc6ccccc6C(F)(F)F)c5c4c3)cc2)CC1,685.0,6.164309428507575,1,510.5630000000003
CN1CCN(c2ccc(-c3ccc4[nH]c5nccc(C#Cc6ccccc6Cl)c5c4c3)cc2)CC1,680.0,6.167491087293763,1,477.0110000000003
CN1CCN(c2ccc(-c3ccc4[nH]c5nccc(C#Cc6ccccc6F)c5c4c3)cc2)CC1,620.0,6.2076083105017466,1,460.55600000000027
CN1CCN(c2ccc(-c3ccc4[nH]c5nccc(Cl)c5c4c3)cc2)CC1,1550.0,5.809668301829708,0,376.8910000000002
CN1CCN(c2ccc(-c3ccc4[nH]c5nccc(N6CCC(Cc7ccccc7)CC6)c5c4c3)cc2)CC1,116.0,6.935542010773082,1,515.7050000000004
CN1CCN(c2ccc(-c3ccc4[nH]c5nccc(N6CCN(Cc7ccccc7)CC6)c5c4c3)cc2)CC1,845.0,6.073143291050307,1,516.6930000000003
CN1CCN(c2ccc(-c3ccc4[nH]c5nccc(Nc6cccc([N+](=O)[O-])c6)c5c4c3)cc2)CC1,1850.0,5.732828271596986,0,478.55600000000027
CN1CCN(c2ccc(-c3ccc4[nH]c5nccc(Nc6ccccc6[N+](=O)[O-])c5c4c3)cc2)CC1,1113.3333333333333,5.953374787908098,0,478.55600000000027
CN1CCN(c2ccc(-c3ccc4nc5cncc(-c6ccc(N7CCN(C)CC7)cc6)n5c4c3)cc2)CC1,43066.666666666664,4.365858741060597,0,517.6810000000003
CN1CCN(c2ccc(-c3cnc4c(c3)C(Cc3cc(F)ccc3F)CCN4)cn2)CC1,1538.0,5.813043664534588,0,435.52200000000016
CN1CCN(c2ccc(-c3cnc4c(c3)C(Oc3c(F)ccc(F)c3Cl)CCN4)cn2)CC1,10000.0,5.0,0,471.93900000000025
CN1CCN(c2ccc(-c3cnc4c(c3)N(C(=O)Cc3cc(F)ccc3F)CCN4)cn2)CC1,10000.0,5.0,0,464.5200000000002
CN1CCN(c2ccc(-c3cnc4c(c3)N(Cc3c(Cl)cccc3C(F)(F)F)CCN4)cn2)CC1,506.0,6.295849483160201,1,502.9720000000002
CN1CCN(c2ccc(-c3cnc4c(c3)N(Cc3c(F)ccc(F)c3Cl)CCN4)cn2)CC1,11.0,7.958607314841775,1,470.9550000000002
CN1CCN(c2ccc(-c3cnc4c(c3)N(Cc3cc(Cl)ccc3C(F)(F)F)CCN4)cn2)CC1,10.0,8.0,1,502.9720000000002
CN1CCN(c2ccc(-c3cnc4c(c3)N(Cc3cc(Cl)ccc3Cl)CCN4)cn2)CC1,11.0,7.958607314841775,1,469.42000000000024
CN1CCN(c2ccc(-c3cnc4c(c3)N(Cc3cc(Cl)ccc3Cl)CCN4C)cn2)CC1,3000.0,5.522878745280337,0,483.4470000000003
CN1CCN(c2ccc(-c3cnc4c(c3)N(Cc3cc(F)ccc3F)CCN4)cn2)CC1,116.5,6.933674074637962,1,436.51000000000016
CN1CCN(c2ccc(-c3cnc4c(c3)N(S(=O)(=O)c3cc(F)ccc3F)CCN4)cn2)CC1,465.0,6.3325470471100465,1,486.5480000000003
CN1CCN(c2ccc(-c3nc4c(N[C@H]5[C@@H](C(N)=O)[C@@H]6C=C[C@H]5C6)c(Br)cnc4[nH]3)cc2)CC1,21.35,7.670602120638957,1,522.4510000000001
CN1CCN(c2ccc(-c3nc4c(N[C@H]5[C@@H](C(N)=O)[C@@H]6C=C[C@H]5C6)c(Cl)cnc4[nH]3)cc2)CC1,17.0,7.769551078621726,1,478.0000000000002
CN1CCN(c2ccc(-c3nc4c(N[C@H]5[C@@H](C(N)=O)[C@@H]6C=C[C@H]5C6)ccnc4[nH]3)cc2)CC1,3000.0,5.522878745280337,0,443.5550000000002
CN1CCN(c2ccc(C(=O)Nc3cc(-c4ccc(NC(=O)Nc5cc(C(C)(C)C)on5)cc4)n[nH]3)cc2)CC1,10000.0,5.0,0,542.6440000000001
CN1CCN(c2ccc(C(=O)Nc3n[nH]c4c3CN(C(=O)[C@H](O)c3ccccc3)C4)cc2)CC1,91.0,7.040958607678906,1,460.53800000000024
CN1CCN(c2ccc(C(=O)Nc3n[nH]c4ccc(Cc5cc(F)cc(F)c5)cc34)c(N)c2)CC1,67.0,7.173925197299173,1,476.5310000000003
CN1CCN(c2ccc(C(=O)Nc3n[nH]c4ccc(Cc5cc(F)cc(F)c5)cc34)c(NC3CCCCC3)c2)CC1,1528.8,5.815649325953044,0,558.6770000000001
CN1CCN(c2ccc(C(=O)Nc3n[nH]c4ccc(Cc5cc(F)cc(F)c5)cc34)c(NC3CCOCC3)c2)CC1,68.23947368421052,7.1659643314437655,1,560.6490000000001
CN1CCN(c2ccc(C(=O)Nc3n[nH]c4ccc(Cc5cc(F)cc(F)c5)cc34)c(NCC3CN(C)C3)c2)CC1,67.0,7.173925197299173,1,559.6650000000001
CN1CCN(c2ccc(C(=O)Nc3n[nH]c4ccc(Cc5cc(F)cc(F)c5)cc34)c(NCCF)c2)CC1,14.0,7.853871964321762,1,522.5750000000003
CN1CCN(c2ccc(C(=O)Nc3n[nH]c4ccc(Cc5cc(F)cc(F)c5)cc34)c(NCCO)c2)CC1,26.0,7.585026652029182,1,520.5840000000003
CN1CCN(c2ccc(C(=O)Nc3n[nH]c4ccc(Cc5cc(F)cc(F)c5)cc34)c(NCc3ccccc3)c2)CC1,378.0,6.422508200162775,1,566.6560000000002
CN1CCN(c2ccc(C(=O)Nc3n[nH]c4ccc(Cc5cc(F)cc(F)c5)cc34)c(N[C@H]3CC[C@@H](O)CC3)c2)CC1,98.0,7.008773924307505,1,574.676
CN1CCN(c2ccc(C(=O)Nc3n[nH]c4ccc(Cc5cc(F)cc(F)c5)cc34)c(N[C@H]3CC[C@H](O)CC3)c2)CC1,10.0,8.0,1,574.676
CN1CCN(c2ccc(C(=O)Nc3n[nH]c4ccc(Cc5cc(F)cc(F)c5)cc34)c(Nc3ccccc3)c2)CC1,684.0,6.164943898279883,1,552.6290000000001
CN1CCN(c2ccc(C(=O)Nc3n[nH]c4ccc(Cc5cc(F)cc(F)c5)cc34)cc2)CC1,180.2,6.7442452133569555,1,461.51600000000025
CN1CCN(c2ccc(C(=O)Nc3n[nH]c4ccc(Cc5cc(F)ccc5F)cc34)c(NC3CCOCC3)c2)CC1,38.0,7.42021640338319,1,560.6490000000001
CN1CCN(c2ccc(C(=O)Nc3n[nH]c4ccc(Cc5cccc(F)c5)cc34)c(NC3CCOCC3)c2)CC1,30.0,7.522878745280337,1,542.6590000000002
CN1CCN(c2ccc(C(=O)Nc3n[nH]c4ccc(Cc5ccccc5)cc34)c(NC3CCOCC3)c2)CC1,106.0,6.97469413473523,1,524.6690000000003
CN1CCN(c2ccc(C(=O)Nc3n[nH]c4ncc(S(=O)(=O)c5cccc(F)c5)cc34)cc2)CC1,0.5,9.301029995663981,1,494.55200000000025
CN1CCN(c2ccc(NC(=O)[C@@H]3CCCN3c3nc(Nc4cc(F)cc(F)c4)ncc3Cl)cc2C(=O)N(C)C)CC1,20.75,7.682981898951889,1,599.0859999999999
CN1CCN(c2ccc(NC(=O)[C@@H]3CCCN3c3nc(Nc4cc(F)cc(F)c4)ncc3Cl)cc2C(=O)N2CCSCC2)CC1,23.65,7.62616885492617,1,657.1909999999997
CN1CCN(c2ccc(NC(=O)c3cc(-c4ccc5c(c4)OCO5)cnc3O)cc2)CC1,700.0,6.154901959985743,1,432.4800000000002
CN1CCN(c2ccc(NCc3cn(-c4cccc(NC(=O)c5cc(F)cc(F)c5)c4)nn3)cc2)CC1,55.0,7.259637310505756,1,503.5570000000002
CN1CCN(c2ccc(Nc3ncc(Cl)c(NC[C@H]4CCCO4)n3)cc2)CC1,143.0,6.844663962534939,1,402.9300000000003
CN1CCN(c2ccc(Nc3ncc(Cl)c(Nc4ccccc4)n3)cc2)CC1,67.0,7.173925197299173,1,394.91000000000014
CN1CCN(c2ccc(Nc3ncc4ccc(-c5ccccc5)n4n3)cc2)CC1,48.0,7.318758762624412,1,384.4870000000001
CN1CCN(c2ccc(Nc3ncc4ccc(-c5ccccc5C(N)=O)n4n3)cc2)CC1,726.0,6.139063379299906,1,427.51200000000017
CN1CCN(c2ccc(Nc3ncc4ccc(-c5ccccc5N(C)S(C)(=O)=O)n4n3)cc2)CC1,7.0,8.154901959985743,1,491.6210000000002
CN1CCN(c2ccc(Nc3ncc4ccc(-c5ccccc5NS(C)(=O)=O)n4n3)cc2)CC1,260.0,6.585026652029182,1,477.59400000000016
CN1CCN(c2ccc(Nc3ncc4ccc(-c5ccccc5S(C)(=O)=O)n4n3)cc2)CC1,883.0,6.054039296422431,1,462.5790000000002
CN1CCN(c2ccc(Nc3ncc4nc(Nc5ccccc5)n(C5CCCC5)c4n3)cc2)CC1,2300.0,5.638272163982407,0,468.6090000000003
CN1CCN(c2ccc(OC(F)(F)F)c(Nc3ncc4c(n3)-c3c(c(C(N)=O)nn3C)CC4)c2)CC1,10000.0,5.0,0,502.5010000000004
CN1CCN(c2ccc(OC(F)(F)F)c(Nc3ncc4c(n3)-c3c(c(C(N)=O)nn3CCF)CC4)c2)CC1,10000.0,5.0,0,534.5180000000003
CN1CCN(c2ccc(OC(F)(F)F)c(Nc3ncc4c(n3)-c3c(c(C(N)=O)nn3CCO)CC4)c2)CC1,10000.0,5.0,0,532.5270000000003
CN1CCN(c2ccc3cc2/C=C\c2cccc(c2)Nc2nc(ncc2Cl)N3)CC1,392.0,6.406713932979542,1,418.93200000000013
CN1CCN(c2ccc3cc2CCc2ccc(N(C)S(C)(=O)=O)c(c2)Nc2nc(ncc2Cl)N3)CC1,61.7,7.209714835966758,1,528.082
CN1CCN(c2ccc3cc2CCc2cccc(c2)Nc2nc(ncc2Cl)N3)CC1,92.0,7.036212172654444,1,420.9480000000001
CN1CCN(c2nc(C3=C(c4c[nH]c5ccccc45)C(=O)NC3=O)c3ccccc3n2)CC1,10000.0,5.0,0,438.49100000000027
CN1CCc2ccc(COCC3Cc4cn5ncnc(-c6cnn(C7CCNCC7)c6)c5c4C3)cc21,20.31,7.692290076595193,1,483.62000000000035
CN1Cc2cc(F)ccc2OCC(C)(C)NC(=O)c2cnc3ccc1nn23,22.0,7.657577319177793,1,369.40000000000003
CNC(=O)CCN1CCC(c2cc(OC(C)C)c(Nc3nc(Nc4ccccc4S(=O)(=O)C(C)C)c4c(C)[nH]nc4n3)cc2C)CC1,25.0,7.6020599913279625,1,662.8609999999998
CNC(=O)CN1CCC(c2cc(OC(C)C)c(Nc3nc(Nc4ccccc4S(=O)(=O)C(C)C)c4c(C)[nH]nc4n3)cc2C)CC1,21.0,7.6777807052660805,1,648.834
CNC(=O)CN1CCC(c2ccc(Nc3ncc4ccc(-c5ccccc5OC)n4n3)c(OC)c2)CC1,10.0,8.0,1,500.60300000000035
CNC(=O)CN1CCN(c2ccc(Nc3ncc(Cl)c(Nc4ccccc4P(C)(C)=O)n3)c(OC)c2)CC1,3.1,8.508638306165727,1,558.023
CNC(=O)CN1CCc2cc(Nc3ncc(Cl)c(Nc4ccc(N5CCOCC5)cc4OC)n3)c(OC)cc2CC1,53.0,7.275724130399211,1,582.1050000000002
CNC(=O)Nc1ccc2c(c1)CC[C@@]21OC(=O)N(CC(=O)N(Cc2ccc(F)cc2)[C@@H](C)C(F)(F)F)C1=O,10000.0,5.0,0,536.4820000000002
CNC(=O)[C@@H]1[C@H](Nc2nc(Nc3cccc(NC(=O)CN)c3)ncc2Cl)[C@H]2C=C[C@@H]1C2,111.0,6.954677021213342,1,441.92300000000023
CNC(=O)[C@H]1CC[C@@H](n2/c(=N/C(=O)c3ccccc3)[nH]c3ccc(CN4CCCCC4)cc32)CC1,2.0,8.698970004336019,1,473.62100000000044
CNC(=O)c1c(F)cccc1Nc1nc(Nc2cc3c(cc2OC)CCN3C(=O)CN(C)C)nc2[nH]ccc12,3319.4166666666665,5.478938229761784,0,532.5800000000004
CNC(=O)c1ccc(F)cc1[C@@H](C)Oc1cc(-c2cn(C)nc2C)cnc1N,890.5,6.050366076200738,1,383.42700000000013
CNC(=O)c1ccc(F)cc1[C@@H](C)Oc1nc(-c2cccnc2OC)cnc1N,164.0,6.785156151952302,1,397.41000000000014
CNC(=O)c1ccc2c3c([nH]c2c1)C(C)(C)c1cc(OC[C@@H](O)[C@H](O)CO)ccc1C3=O,5400.0,5.267606240177032,0,438.4800000000002
CNC(=O)c1ccc2cc1Nc1nc(ncc1Cl)Nc1ccc(N3CCN(C)CC3)c(c1)CC2,617.5,6.209363038068297,1,478.00000000000034
CNC(=O)c1cccc(F)c1Nc1nc(Nc2cccc(NC(=O)CNC(=O)NC(C)(C)C)c2)ncc1Cl,1000.0,6.0,1,543.0030000000003
CNC(=O)c1cccc(F)c1Nc1nc(Nc2cccc(NC(=O)CNC(=O)OC(C)(C)C)c2)ncc1Cl,1000.0,6.0,1,543.9870000000003
CNC(=O)c1cccc(Nc2nc(Nc3ccc4c(c3)CCCC(=O)N4C)ncc2Cl)c1,568.0,6.245651664288981,1,450.9300000000002
CNC(=O)c1ccccc1Nc1nc(Nc2cc3c(cc2OC)CCN(C)CCCC3)ncc1Cl,36.0,7.443697499232712,1,495.0270000000004
CNC(=O)c1ccccc1Nc1nc(Nc2cc3c(cc2OC)CCN(C)CCCCC3)ncc1Cl,17.0,7.769551078621726,1,509.0540000000004
CNC(=O)c1ccccc1Nc1nc(Nc2ccc(-n3cccc3C(=O)NCCO)cc2OC)ncc1Cl,11.5,7.939302159646388,1,535.9920000000003
CNC(=O)c1ccccc1Nc1nc(Nc2ccc(N3CCOCC3)cc2OC)ncc1Cl,27.5,7.560667306169737,1,468.9450000000003
CNC(=O)c1ccccc1Nc1nc(Nc2ccc3c(C(=O)N(C)C)c(C)[nH]c3c2)ncc1Cl,2.966666666666667,8.52773124807475,1,477.95600000000024
CNC(=O)c1ccccc1Nc1nc(Nc2ccc3c(C(=O)N4CCC(C)CC4)c(C)[nH]c3c2)ncc1Cl,5.133333333333334,8.289600533883199,1,532.0480000000003
CNC(=O)c1ccccc1Nc1nc(Nc2ccc3c(C(=O)N4CCC(O)CC4)c(C)[nH]c3c2)ncc1Cl,9.733333333333333,8.011738403271243,1,534.0200000000003
CNC(=O)c1ccccc1Nc1nc(Nc2ccc3c(C(=O)OC)c(C)[nH]c3c2)ncc1Cl,4.233333333333333,8.373317533763705,1,464.91300000000024
CNC(=O)c1ccccc1Nc1nc(Nc2ccc3c(NC(=O)CN(C)C)n[nH]c3c2)ncc1Cl,4.266666666666667,8.369911285071794,1,493.9590000000002
CNC(=O)c1ccccc1Nc1nc(Nc2ccc3c(NC(=O)CN4CCCC4)n[nH]c3c2)ncc1Cl,3.366666666666667,8.47279988093702,1,519.9970000000003
CNC(=O)c1ccccc1Nc1nc(Nc2ccc3c(c2)C(C)CN(C(C)=O)CC3)ncc1Cl,53.0,7.275724130399211,1,478.98400000000026
CNC(=O)c1ccccc1Nc1nc(Nc2ccc3c(c2)C(C)CN(C)CC3)nc(F)c1Cl,1000.0,6.0,1,468.9640000000003
CNC(=O)c1ccccc1Nc1nc(Nc2ccc3c(c2)C(C)CN(C)CC3)nc(N2CCOCC2)c1Cl,1000.0,6.0,1,536.0800000000005
CNC(=O)c1ccccc1Nc1nc(Nc2ccc3c(c2)C(C)CN(C)CC3)nc(NC)c1Cl,1000.0,6.0,1,480.0160000000003
CNC(=O)c1ccccc1Nc1nc(Nc2ccc3c(c2)C(C)CN(C)CC3)nc2ccccc12,1000.0,6.0,1,466.5890000000003
CNC(=O)c1ccccc1Nc1nc(Nc2ccc3c(c2)C(C)CN(C)CC3)nc2cccnc12,1000.0,6.0,1,467.5770000000003
CNC(=O)c1ccccc1Nc1nc(Nc2ccc3c(c2)C(C)CN(C)CC3)nc2sccc12,1000.0,6.0,1,472.6180000000003
CNC(=O)c1ccccc1Nc1nc(Nc2ccc3c(c2)C(C)CN(C)CC3)ncc1Cl,16.0,7.795880017344075,1,450.9740000000003
CNC(=O)c1ccccc1Nc1nc(Nc2ccc3c(c2)C(C)CN(CC(=O)N(C)C)CC3)ncc1Cl,38.0,7.42021640338319,1,522.0530000000003
CNC(=O)c1ccccc1Nc1nc(Nc2ccc3c(c2)C(C)CNCC3)ncc1Cl,7.9,8.102372908709558,1,436.94700000000023
CNC(=O)c1ccccc1Nc1nc(Nc2ccc3c(c2)C(c2ccccc2)CN(C)CC3)ncc1Cl,22.333333333333332,7.651046452018836,1,513.0450000000003
CNC(=O)c1ccccc1Nc1nc(Nc2ccc3c(c2)CCCC(=O)N3C)ncc1Cl,22.5,7.647817481888637,1,450.9300000000003
CNC(=O)c1ccccc1Nc1nc(Nc2ccc3c(c2)[C@@H](C)CNCC3)ncc1Cl,7.9,8.102372908709558,1,436.94700000000023
CNC(=O)c1ccccc1Nc1nc(Nc2ccc3c(c2OC)CCCC(N2CCN(CCO)CC2)C3)ncc1Cl,21.7,7.663540266151471,1,580.1330000000005
CNC(=O)c1ccccc1Nc1nc(Nc2ccc3c(c2OC)CCC[C@@H](N2CCN(CCO)CC2)C3)ncc1Cl,27.85,7.555174800490252,1,580.1330000000005
CNC(=O)c1ccccc1Nc1nc(Nc2ccc3c(c2OC)CCC[C@H](N2CCN(CCO)CC2)C3)ncc1Cl,71.275,7.147062774018503,1,580.1330000000005
CNC(=O)c1ccccc1Nc1nc(Nc2cccc(NC(=O)CN)c2)ncc1Cl,32.8,7.484126156288321,1,425.8800000000001
CNC(=O)c1ccccc1Nc1nc(Nc2cccc(NC(=O)CNC(=O)C3CCCN3)c2)ncc1Cl,80.3,7.095284454721319,1,522.9970000000003
CNC(=O)c1ccccc1Nc1nc(Nc2cccc(NC(=O)CNC(=O)N3CCCC3)c2)ncc1Cl,280.0,6.552841968657781,1,522.9970000000003
CNC(=O)c1ccccc1Nc1nc(Nc2nc3c(s2)CCN(C2=COC2)CC3)ncc1Cl,1000000.0,3.0,0,483.98500000000024
CNC(=O)c1ccccc1Nc1nc(Nc2nc3c(s2)CCN(C2COC2)CC3)ncc1Cl,1000000.0,3.0,0,486.0010000000003
CNC(=O)c1ccccc1Nc1nc(Nc2nc3c(s2)CCNCC3)ncc1Cl,61.8,7.209011524911184,1,429.9370000000001
CNC(=O)c1csc(Nc2ncc(Cl)c(Nc3ccccc3S(=O)(=O)C(C)C)n2)n1,1000.0,6.0,1,466.97600000000017
CNC(=O)c1nn(C)c2c1CCc1cnc(NC3CCN(C(=O)C4CCN(S(C)(=O)=O)CC4)CC3)nc1-2,10000.0,5.0,0,530.6550000000004
CNC(=O)c1nn(C)cc1Nc1nc(Nc2cc(C)c(C3CCN(C)CC3)cc2OC2CC2)ncc1Cl,18.0,7.7447274948966935,1,525.0570000000005
CNC(=S)NCCc1ccc(OC)c(Nc2ncc(Cl)c(Nc3ccccc3S(=O)(=O)C(C)C)n2)c1,135.0,6.8696662315049934,1,549.1220000000001
CNC(C)(C)c1cc(OC)c(Nc2ncc(Cl)c(Nc3ccccc3S(=O)(=O)C(C)C)n2)cc1C,1.2999999999999998,8.886056647693163,1,518.0830000000002
CNCC(C)(C)c1cc(OC)c(Nc2ncc(Cl)c(Nc3ccccc3S(=O)(=O)C(C)C)n2)cc1C,1.6,8.795880017344075,1,532.1100000000001
CNCCc1cc(OC)c(Nc2ncc(Cl)c(Nc3ccccc3S(=O)(=O)C(C)C)n2)cc1C,1.7,8.769551078621726,1,504.0560000000002
CNCCc1ccc(OC)c(Nc2ncc(Cl)c(Nc3ccccc3S(=O)(=O)C(C)C)n2)c1,27.0,7.568636235841013,1,490.02900000000017
CNCc1cc(OC)c(Nc2ncc(Cl)c(Nc3ccccc3S(=O)(=O)C(C)C)n2)cc1C,1.9600000000000002,8.707743928643524,1,490.0290000000002
CNCc1cn(-c2cccc(NC(=O)c3cc(F)cc(F)c3)c2)nn1,270.0,6.568636235841013,1,343.337
CNS(=O)(=O)Nc1cccc(Cc2c(C)c3cc(Cl)c(OC(=O)N(C)C)cc3oc2=O)c1,5000.0,5.301029995663981,0,479.9420000000003
CNS(=O)(=O)c1ccccc1Nc1nc(Nc2ccc3c(c2)C(C)CN(C)CC3)ncc1Cl,1.3,8.886056647693163,1,487.02900000000034
CNS(=O)(=O)c1ccccc1Nc1nc(Nc2ccc3c(c2)CCCC(=O)N3C)ncc1Cl,10.5,7.978810700930062,1,486.98500000000035
CN[C@@H]1C[C@H]2O[C@@](C)([C@@H]1OC)n1c3ccccc3c3c4c(c5c6ccccc6n2c5c31)C(=O)NC4,4.311,8.365421977146111,1,466.5410000000003
CNc1ncc2c(-c3ccc(N4CCN(C)CC4)cc3)nn(CC3CCCC3)c2n1,50.0,7.301029995663981,1,405.5500000000002
CNc1ncc2c(-c3ccc(N4CCN(C)CC4)nc3)nn(CC3CCCC3)c2n1,190.0,6.721246399047171,1,406.5380000000002
CNc1nccc(N2CCC[C@H](C(=O)NCc3ccc(C)cc3)C2)n1,25000.0,4.6020599913279625,0,339.44300000000004
COC(=O)CCNCCc1ccc(OC)c(Nc2ncc(Cl)c(Nc3ccccc3S(=O)(=O)C(C)C)n2)c1,5.44,8.26440110030182,1,562.0920000000001
COC(=O)CNCCc1ccc(OC)c(Nc2ncc(Cl)c(Nc3ccccc3S(=O)(=O)C(C)C)n2)c1,11.75,7.9299621333922445,1,548.0650000000002
COC(=O)Cn1c2c(c3ccc(Br)cc31)C(=O)c1ccc(OC[C@@H](O)[C@H](O)CO)cc1C2(C)C,583.0,6.2343314452409855,1,532.3870000000003
COC(=O)N1CCN(c2ccc(Nc3nc(Nc4ccc(N5CCN(C(C)=O)CC5)cc4OC)ncc3Cl)c(OC)c2)CC1,615.5,6.210771942732665,1,625.1300000000002
COC(=O)N1CCN(c2ccc(Nc3nc(Nc4ccc(N5CCN(C(C)=O)CC5)cc4OC)ncc3F)c(OC(F)F)c2)CC1,73.0,7.136677139879544,1,644.6550000000004
COC(=O)N1CCN(c2ccc(Nc3nc(Nc4ccc(N5CCN(C(C)=O)CC5)cc4OC)ncc3F)c(OC)c2)CC1,293.0,6.533132379645891,1,608.6750000000003
COC(=O)N1CCN(c2ccc(Nc3ncc(C(F)(F)F)c(Nc4ccc(N5CCN(C(=O)OC)CC5)cc4OC)n3)c(OC)c2)CC1,160.0,6.795880017344075,1,674.681
COC(=O)N1CCN(c2ccc(Nc3ncc(Cl)c(Nc4ccc(N5CCN(C(C)=O)CC5)cc4OC)n3)c(OC)c2)CC1,52.0,7.2839966563652006,1,625.1300000000002
COC(=O)N[C@@H](C(=O)N[C@@H](c1ccc([C@H](CO)N(CCC(C)(C)C)S(=O)(=O)c2ccc3[nH]ccc3c2)s1)C(F)(F)F)C(c1ccccc1)c1ccccc1,4385.5,5.357980884655574,0,784.9230000000005
COC(=O)[C@H]1CC[C@@H](n2/c(=N/C(=O)c3ccccc3)[nH]c3ccc(CN4CCCCC4)cc32)CC1,20.0,7.698970004336019,1,474.6050000000004
COC(=O)c1c(C)[nH]c2cc(Nc3ncc(Cl)c(Nc4ccccc4NS(C)(=O)=O)n3)ccc12,5.3,8.275724130399212,1,500.9680000000002
COC(=O)c1cc(-c2ccnc3[nH]c4ccc(-c5ccc(N6CCN(C)CC6)cc5)cc4c23)ccc1Cc1ccccc1,10000.0,5.0,0,566.7050000000005
COC(=O)c1cc(Cl)ccc1Oc1nc[nH]c(=O)c1/C=C/C(C)=O,40000.0,4.3979400086720375,0,348.74200000000013
COC(=O)c1cc(O)c(O)c(C[C@]2(C)[C@@H](C)CC[C@@]3(C)C(C)=CCC[C@@H]23)c1,2190.0,5.6595558851598815,0,372.5050000000001
COC(=O)c1cc(OC)ccc1Oc1nc[nH]c(=O)c1/C=C/C(C)=O,40000.0,4.3979400086720375,0,344.32300000000015
COC(=O)c1ccc(CNC(=O)[C@H]2CCCN(c3ccnc(Nc4cc(OC)c(OC)c(OC)c4)n3)C2)cc1,1700.0,5.769551078621726,0,535.6010000000003
COC(=O)c1ccc(OC)cc1Oc1nc[nH]c(=O)c1/C=C/C(C)=O,10180.0,4.99225222199926,0,344.3230000000001
COC(=O)c1cccc(CNC(=O)[C@H]2CCCN(c3ccnc(Nc4cc(OC)c(OC)c(OC)c4)n3)C2)c1,60.5,7.218244625347531,1,535.6010000000002
COC(=O)c1cccc(Oc2nc[nH]c(=O)c2-c2cccc(C)c2)c1,40000.0,4.3979400086720375,0,336.34700000000004
COC(=O)c1cccc(Oc2nc[nH]c(=O)c2-c2cccc(N)c2)c1,40000.0,4.3979400086720375,0,337.33500000000004
COC(=O)c1cccc(Oc2nc[nH]c(=O)c2-c2cccc(OC)c2)c1,40000.0,4.3979400086720375,0,352.34600000000006
COC(=O)c1cccc(Oc2nc[nH]c(=O)c2-c2ccccc2)c1,40000.0,4.3979400086720375,0,322.32
COC(=O)c1cccc(Oc2nc[nH]c(=O)c2-c2ccncc2)c1,40000.0,4.3979400086720375,0,323.308
COC(=O)c1cccc(Oc2nc[nH]c(=O)c2/C=C/C(C)=O)c1,3030.0,5.518557371497695,0,314.2970000000001
COC(=O)c1cccc(Oc2nc[nH]c(=O)c2C2CC(C)=NN2)c1,40000.0,4.3979400086720375,0,328.3280000000001
COC(=O)c1cccc(Oc2nc[nH]c(=O)c2C2CC(C)=NN2C(C)=O)c1,9000.0,5.045757490560675,0,370.3650000000002
COC(=O)c1cccc(Oc2nc[nH]c(=O)c2C2CC(C)=NN2C)c1,40000.0,4.3979400086720375,0,342.35500000000013
COC(=O)c1cccc(Oc2nc[nH]c(=O)c2CCC(C)=O)c1,40000.0,4.3979400086720375,0,316.3130000000001
COC(=O)c1csc(Nc2ncc(Cl)c(Nc3ccccc3S(=O)(=O)C(C)C)n2)n1,1000.0,6.0,1,467.9600000000002
COC1CCN(C(=O)c2ccc(-c3cnc4c(c3)N(Cc3cc(Cl)ccc3C(F)(F)F)CCN4)cc2)CC1,245.0,6.610833915635467,1,545.0050000000001
COC1OC(=O)c2c(O)c(O)c(O)c(C)c21,9760.0,5.010550182333308,0,226.184
COCC(COC)Nc1cc(N2CCN(C)CC2)ccc1C(=O)Nc1n[nH]c2ccc(Cc3cc(F)cc(F)c3)cc12,99.0,7.00436480540245,1,578.6640000000002
COCC/C(=N\S(=O)(=O)Cc1ccc(Cl)cc1)Nc1ccc(Oc2ccnc3cc(OCCCN4CCOCC4)c(OC)cc23)c(F)c1,10000.0,5.0,0,701.217
COCCCCOc1ccc2c3c(oc2c1)C(C)(C)c1cc(OC[C@@H](O)[C@H](O)CO)ccc1C3=O,2200.0,5.657577319177793,0,484.54500000000024
COCCCNc1cc(N2CCN(C)CC2)ccc1C(=O)Nc1n[nH]c2ccc(Cc3cc(F)cc(F)c3)cc12,135.0,6.8696662315049934,1,548.6380000000001
COCCN1CCC(c2cc(OC(C)C)c(Nc3nc(Nc4ccccc4S(=O)(=O)C(C)C)c4c(-c5ccccc5)[nH]nc4n3)cc2C)CC1,579.0,6.2373214362725635,1,697.906
COCCN1CCC(c2cc(OC(C)C)c(Nc3nc(Nc4ccccc4S(=O)(=O)C(C)C)c4c(C)[nH]nc4n3)cc2C)CC1,12.0,7.920818753952375,1,635.8349999999999
COCCN1CCC(c2cc(OC(C)C)c(Nc3ncc(C)c(Nc4ccccc4S(=O)(=O)C(C)C)n3)cc2C)CC1,44.0,7.356547323513812,1,595.81
COCCN1CCC(c2cc(OC(C)C)c(Nc3ncc(Cl)c(Nc4ccccc4S(=O)(=O)C(C)C)n3)cc2C)CC1,43.5,7.361510743045363,1,616.228
COCCN1CCc2cc(Nc3ncc(Cl)c(N[C@@H]4CCCC[C@H]4N(C)S(C)(=O)=O)n3)c(OC)cc2CC1,9.0,8.045757490560675,1,567.1560000000002
COCCN1CCc2cc(Nc3ncc(Cl)c(N[C@@H]4CCCC[C@H]4NS(C)(=O)=O)n3)c(OC)cc2CC1,35.5,7.449771646944906,1,553.1290000000001
COCCN1CCc2cc(Nc3ncc(Cl)c(Nc4ccc(N5CCOCC5)cc4OC)n3)c(OC)cc2CC1,78.5,7.105130343254747,1,569.1060000000002
COCCN1CCc2ccc(Nc3ncc(Cl)c(NC4CCCCC4)n3)cc2CC1,78.0,7.107905397309519,1,429.9960000000004
COCCN1CCc2ccc(Nc3ncc(Cl)c(N[C@@H]4CCCC[C@H]4N)n3)cc2CC1,680.0,6.167491087293763,1,445.01100000000037
COCCN1CCc2ccc(Nc3ncc(Cl)c(N[C@@H]4CCCC[C@H]4NC(=O)C(F)(F)F)n3)cc2CC1,61.0,7.214670164989233,1,541.0180000000001
COCCN1CCc2ccc(Nc3ncc(Cl)c(N[C@@H]4CCCC[C@H]4NS(=O)(=O)C(C)C)n3)cc2CC1,130.0,6.886056647693163,1,551.1570000000002
COCCN1CCc2ccc(Nc3ncc(Cl)c(N[C@@H]4CCCC[C@H]4NS(=O)(=O)C4CC4)n3)cc2CC1,110.0,6.958607314841775,1,549.1410000000002
COCCN1CCc2ccc(Nc3ncc(Cl)c(N[C@@H]4CCCC[C@H]4NS(=O)(=O)CC(F)(F)F)n3)cc2CC1,165.5,6.781202001888262,1,591.1000000000001
COCCN1CCc2ccc(Nc3ncc(Cl)c(N[C@@H]4CCCC[C@H]4NS(C)(=O)=O)n3)cc2CC1,41.0,7.3872161432802645,1,523.1030000000003
COCCN1CCc2ccc(Nc3ncc(Cl)c(N[C@@H]4CCCC[C@H]4O)n3)cc2CC1,3000.0,5.522878745280337,0,445.99500000000035
COCCN1CCc2ccc(Nc3ncc(Cl)c(N[C@@H]4CCC[C@@H](NS(C)(=O)=O)C4)n3)cc2CC1,3000.0,5.522878745280337,0,523.1030000000003
COCCN1CCc2ccc(Nc3ncc(Cl)c(N[C@@H]4CCC[C@H](NS(C)(=O)=O)C4)n3)cc2CC1,3000.0,5.522878745280337,0,523.1030000000003
COCCN1CCc2ccc(Nc3ncc(Cl)c(N[C@H]4CC[C@@H](NS(C)(=O)=O)CC4)n3)cc2CC1,220.0,6.657577319177793,1,523.1030000000003
COCCN1CCc2ccc(Nc3ncc(Cl)c(N[C@H]4CC[C@H](NS(C)(=O)=O)CC4)n3)cc2CC1,100.0,7.0,1,523.1030000000003
COCCN1CCc2ccc(Nc3ncc4ccc(-c5ccccc5)n4n3)cc2CC1,38.0,7.42021640338319,1,413.5250000000002
COCCNC(=O)c1ccc2c3c([nH]c2c1)C(C)(C)c1cc(OC[C@@H](O)[C@H](O)CO)ccc1C3=O,3900.0,5.4089353929735005,0,482.53300000000024
COCCNC1CCCc2c(ccc(Nc3ncc(Cl)c(N[C@H]4[C@@H](C(N)=O)[C@@H]5C=C[C@H]4C5)n3)c2OC)C1,7.0,8.154901959985743,1,527.0690000000001
COCCNC1CCc2cc(Nc3ncc(Cl)c(N[C@H]4[C@@H](C(N)=O)[C@@H]5C=C[C@H]4C5)n3)c(OC)cc2CC1,30.0,7.522878745280337,1,527.0690000000002
COCCN[C@@H]1CCc2ccc(Nc3ncc(Cl)c(N[C@H]4[C@@H](C(N)=O)[C@@H]5C=C[C@H]4C5)n3)c(OC)c2CC1,19.5,7.709965388637482,1,527.0690000000002
COCCN[C@H]1CCc2ccc(Nc3ncc(Cl)c(N[C@H]4[C@@H](C(N)=O)[C@@H]5C=C[C@H]4C5)n3)c(OC)c2CC1,43.0,7.366531544420414,1,527.0690000000002
COCCNc1cc(N2CCN(C)CC2)ccc1C(=O)Nc1n[nH]c2ccc(Cc3cc(F)cc(F)c3)cc12,370.8,6.43086027452754,1,534.6110000000001
COCCOc1cc2c(cc1N1CCC(N3CCOCC3)CC1)C(C)(C)c1c(c3ccc(C#N)cc3n1CCOC)C2=O,8.5,8.070581074285707,1,586.7330000000003
COCCOc1cc2c(cc1OC(C)C)C(=O)c1c(n(CCOC)c3cc(C#N)ccc13)C2(C)C,9.9,8.00436480540245,1,476.5730000000003
COCCOc1ccc(Nc2nc(Nc3cc4c(cc3OC)CCN(CC(=O)N(C)C)CC4)ncc2Cl)c(OC)c1,22.0,7.657577319177793,1,585.1050000000004
COCCc1cc(OC2CC2)c(Nc2ncc(Cl)c(Nc3cn(C)nc3S(=O)(=O)C(C)C)n2)cc1C,5.5,8.259637310505756,1,535.0700000000002
COC[C@@H](C)Nc1cc(N2CCN(C)CC2)ccc1C(=O)Nc1n[nH]c2ccc(Cc3cc(F)cc(F)c3)cc12,72.0,7.142667503568732,1,548.6380000000001
COC[C@@H](C)Nc1cc(NC(=O)N2CCCc3cc(CN4CCCCOC4=O)c(C=O)nc32)ncc1C#N,10000.0,5.0,0,521.5780000000004
COCc1c(C)c(O)c(O)c(O)c1C=O,9330.0,5.0301183562535,0,212.201
COCc1cn(-c2cc(C)n[nH]2)c2nc(OC(C)c3ccc(F)cn3)ccc12,1401.6,5.853375911175995,0,381.41100000000006
COCn1ccnc1-c1ccc2c3c([nH]c2c1)C(C)(C)c1cc(OC[C@H](O)CO)ccc1C3=O,1800.0,5.7447274948966935,0,461.51800000000026
CO[C@H]1O[C@H](COc2ccc3c(c2)C(C)(C)c2[nH]c4cc(Br)ccc4c2C3=O)[C@@H](O)[C@H](O)[C@H]1O,154.22,6.811859301211135,1,532.3870000000003
COc1c(-c2cnc(N)c(O[C@H](C)c3c(Cl)ccc(F)c3Cl)c2)cncc1N1CCNCC1,105.0,6.978810700930062,1,492.38200000000023
COc1c(Nc2ncc(Cl)c(N[C@H]3[C@@H](C(N)=O)[C@@H]4C=C[C@H]3C4)n2)ccc2c1CC(N1CCOCC1)CCC2,39.0,7.4089353929735005,1,539.0800000000003
COc1c(Nc2ncc(Cl)c(N[C@H]3[C@@H](C(N)=O)[C@@H]4C=C[C@H]3C4)n2)ccc2c1CCC(N1CCN(C)CC1)CC2,59.825,7.223117292714525,1,552.1230000000002
COc1c(Nc2ncc(Cl)c(N[C@H]3[C@@H](C(N)=O)[C@@H]4C=C[C@H]3C4)n2)ccc2c1CCC[C@@H](N1CCN(C)CC1)C2,104.5,6.980883709552927,1,552.1230000000002
COc1c(Nc2ncc(Cl)c(N[C@H]3[C@@H](C(N)=O)[C@@H]4C=C[C@H]3C4)n2)ccc2c1CCC[C@@H](N1CCN(CCO)CC1)C2,28.15,7.550521600812635,1,582.1490000000002
COc1c(Nc2ncc(Cl)c(N[C@H]3[C@@H](C(N)=O)[C@@H]4C=C[C@H]3C4)n2)ccc2c1CCC[C@@H](N1CCOCC1)C2,1.5,8.823908740944319,1,539.0800000000003
COc1c(Nc2ncc(Cl)c(N[C@H]3[C@@H](C(N)=O)[C@@H]4C=C[C@H]3C4)n2)ccc2c1CCC[C@H](N1CCN(C)CC1)C2,104.5,6.980883709552927,1,552.1230000000002
COc1c(Nc2ncc(Cl)c(N[C@H]3[C@@H](C(N)=O)[C@@H]4C=C[C@H]3C4)n2)ccc2c1CCC[C@H](N1CCN(CCO)CC1)C2,17.9,7.747146969020107,1,582.1490000000002
COc1c(Nc2ncc(Cl)c(N[C@H]3[C@@H](C(N)=O)[C@@H]4C=C[C@H]3C4)n2)ccc2c1CCC[C@H](N1CCOCC1)C2,7.0,8.154901959985743,1,539.0800000000003
COc1c(Nc2ncc(Cl)c(N[C@H]3[C@@H](C(N)=O)[C@@H]4C=C[C@H]3C4)n2)ccc2c1CC[C@@H](N1CCOCC1)CC2,10.95,7.960585880823863,1,539.0800000000003
COc1c(Nc2ncc(Cl)c(N[C@H]3[C@@H](C(N)=O)[C@@H]4C=C[C@H]3C4)n2)ccc2c1CC[C@H](N1CCOCC1)CC2,77.5,7.110698297493689,1,539.0800000000003
COc1c(Nc2ncc(Cl)c(Nc3ccccc3-c3nccn3C)n2)ccc2c1CCCC(N1CCN(CCO)CC1)C2,27.5,7.560667306169737,1,603.171
COc1c(Nc2ncc(Cl)c(Nc3ccccc3-n3cccn3)n2)ccc2c1CCCC(N1CCN(CCO)CC1)C2,11.15,7.952725132615821,1,589.1440000000001
COc1c(Nc2ncc(Cl)c(Nc3ccccc3N(C)S(C)(=O)=O)n2)ccc2c1CCCC(N1CCN(C)CC1)C2,21.15,7.674689628288939,1,600.189
COc1c(Nc2ncc(Cl)c(Nc3ccccc3N(C)S(C)(=O)=O)n2)ccc2c1CCCC(N1CCN(CCO)CC1)C2,16.0,7.795880017344075,1,630.2149999999999
COc1c(Nc2ncc(Cl)c(Nc3ccccc3N3CCCS3(=O)=O)n2)ccc2c1CCCC(N1CCN(CCO)CC1)C2,33.05,7.480828536178341,1,642.2259999999999
COc1c(Nc2ncc(Cl)c(Nc3ccccc3NS(C)(=O)=O)n2)ccc2c1CCCC(N1CCN(CCO)CC1)C2,18.0,7.7447274948966935,1,616.188
COc1c(Nc2ncc(Cl)c(Nc3ccccc3S(=O)(=O)C(C)C)n2)cc2c(c1Br)C(C)(C)NCC2,10.0,8.0,1,594.963
COc1c(Nc2ncc(Cl)c(Nc3ccccc3S(=O)(=O)C(C)C)n2)cc2c(c1Cl)C(C)(C)NCC2,10.0,8.0,1,550.5120000000002
COc1c(Nc2ncc(Cl)c(Nc3ccccc3S(=O)(=O)N(C)C)n2)ccc2c1CCCC(N1CCN(CCO)CC1)C2,22.0,7.657577319177793,1,630.2149999999999
COc1c(Nc2ncc3ccc(-c4ccccc4N(C)S(C)(=O)=O)n3n2)ccc(N2CCN(C[C@H](C)O)CC2)c1F,56.0,7.251811972993799,1,583.6900000000003
COc1c(OCCN2CCCCC2)cc(F)c2c(-c3ccc(O)c(Cl)c3)nc3[nH]nc(C)c3c12,99.0,7.00436480540245,1,484.9590000000001
COc1cc(-c2ccnc3[nH]c4ccc(-c5ccc(N6CCN(C)CC6)cc5)cc4c23)c(OC)cc1C(=O)c1ccccc1,5250.0,5.279840696594043,0,582.7040000000004
COc1cc(-c2ccnc3[nH]c4ccc(-c5ccc(N6CCN(C)CC6)cc5)cc4c23)c(OC)cc1Cc1ccccc1,166.0,6.779891911959945,1,568.7210000000005
COc1cc(-c2ccnc3[nH]c4ccc(-c5ccc(N6CCN(C)CC6)cc5)cc4c23)cc(OC)c1Cc1ccccc1,11200.0,4.950781977329818,0,568.7210000000005
COc1cc(-c2cnc(N)c(OC(C)c3c(Cl)ccc(F)c3Cl)c2)cnc1N1CCN(C)CC1,89.4,7.048662481204082,1,506.4090000000003
COc1cc(-c2cnc(N)c(O[C@H](C)c3c(Cl)ccc(F)c3Cl)c2)cnc1C1=CCNCC1,9.8,8.008773924307505,1,489.3780000000002
COc1cc(-c2cnc(N)c(O[C@H](C)c3c(Cl)ccc(F)c3Cl)c2)cnc1C1=CCNCC1C,46.8,7.329754146925876,1,503.4050000000002
COc1cc(-c2cnc(N)c(O[C@H](C)c3c(Cl)ccc(F)c3Cl)c2)cnc1C1CCNCC1,29.4,7.531652669587842,1,491.39400000000023
COc1cc(-c2cnc(N)c(O[C@H](C)c3c(Cl)ccc(F)c3Cl)c2)cnc1N1CCN(C)C[C@@H]1C,42.0,7.376750709602099,1,520.4360000000003
COc1cc(-c2cnc(N)c(O[C@H](C)c3c(Cl)ccc(F)c3Cl)c2)nc(N2CCNCC2)c1,160.0,6.795880017344075,1,492.38200000000023
COc1cc(-c2cnc(O)c(C(=O)Nc3ccc(CN4CCN(C)CC4)cc3)c2)cc(OC)c1OC,7500.0,5.1249387366083,0,492.57600000000036
COc1cc(-c2cnn(C3CCNCC3)c2)ccc1Nc1ncc(Cl)c(Nc2ccccc2P(C)(C)=O)n1,0.76,9.119186407719209,1,552.0190000000001
COc1cc(-c2nc(CN3CCC(C)CC3)cs2)ccc1Nc1ncc(Cl)c(Nc2ccccc2S(=O)(=O)C(C)C)n1,3.0,8.522878745280337,1,627.236
COc1cc(-c2nc(CN3CCN(C)CC3)cs2)ccc1Nc1ncc(Cl)c(Nc2ccccc2S(=O)(=O)C(C)C)n1,2.3,8.638272163982407,1,628.224
COc1cc(-c2nc3cc(C)ccn3c2/N=C/c2cc(Cl)ccc2O)ccc1O,2400.0,5.619788758288394,0,407.8570000000001
COc1cc(-n2cc(CN3CCC(C)CC3)nn2)ccc1Nc1ncc(Cl)c(Nc2ccccc2S(=O)(=O)C(C)C)n1,3.9,8.4089353929735,1,611.172
COc1cc(-n2cc(CN3CCN(C)CC3)nn2)ccc1Nc1ncc(Cl)c(Nc2ccccc2S(=O)(=O)C(C)C)n1,3.6999999999999997,8.431798275933005,1,612.16
COc1cc(-n2cc(CN3CCNCC3)nn2)ccc1Nc1ncc(Cl)c(Nc2ccccc2S(=O)(=O)C(C)C)n1,4.3,8.366531544420413,1,598.133
COc1cc(-n2cc(CN3C[C@@H](C)N[C@@H](C)C3)nn2)ccc1Nc1ncc(Cl)c(Nc2ccccc2S(=O)(=O)C(C)C)n1,3.0,8.522878745280337,1,626.187
COc1cc(-n2cccc2C(=O)N2CCSCC2)ccc1Nc1ncc(Cl)c(Nc2ccccc2NS(C)(=O)=O)n1,6.4,8.193820026016112,1,614.1530000000001
COc1cc(-n2cccc2C(=O)NCCO)ccc1Nc1ncc(Cl)c(Nc2ccccc2NS(C)(=O)=O)n1,2.5,8.602059991327963,1,572.0470000000001
COc1cc(-n2cccc2CN2CCN(C)CC2)ccc1Nc1ncc(Cl)c(Nc2ccccc2NS(C)(=O)=O)n1,1.8,8.744727494896694,1,597.145
COc1cc(Br)c(CCN)cc1Nc1ncc(Cl)c(Nc2ccccc2S(=O)(=O)C(C)C)n1,3.4,8.468521082957745,1,554.8980000000001
COc1cc(C(=O)N2CCOCC2)ccc1-c1cccc2cnc(Nc3ccc(C4CCNCC4)c4c3OCC4)nc12,35.0,7.455931955649724,1,565.6740000000001
COc1cc(C(=O)c2ccccc2)c(O)cc1-c1ccnc2[nH]c3ccc(-c4ccc(N5CCN(C)CC5)cc4)cc3c12,1815.0,5.741123370627869,0,568.6770000000004
COc1cc(C(C)(C)C#N)c(C)cc1Nc1ncc(Cl)c(Nc2ccccc2S(=O)(=O)C(C)C)n1,385.0,6.414539270491499,1,514.0510000000002
COc1cc(C(C)(C)CN(C)C)c(C)cc1Nc1ncc(Cl)c(Nc2ccccc2S(=O)(=O)C(C)C)n1,2.9000000000000004,8.537602002101044,1,546.1370000000001
COc1cc(C(C)(C)CN)c(C)cc1Nc1ncc(Cl)c(Nc2ccccc2S(=O)(=O)C(C)C)n1,4.15,8.381951903287908,1,518.0830000000002
COc1cc(C(C)(C)CNC=O)c(C)cc1Nc1ncc(Cl)c(Nc2ccccc2S(=O)(=O)C(C)C)n1,6.949999999999999,8.158015195409886,1,546.0930000000001
COc1cc(C(C)(C)N(C)C)c(C)cc1Nc1ncc(Cl)c(Nc2ccccc2S(=O)(=O)C(C)C)n1,2.15,8.667561540084394,1,532.1100000000001
COc1cc(C(C)(C)N)c(C)cc1Nc1ncc(Cl)c(Nc2ccccc2S(=O)(=O)C(C)C)n1,1.55,8.809668301829708,1,504.0560000000002
COc1cc(C(C)(C)NC=O)c(C)cc1Nc1ncc(Cl)c(Nc2ccccc2S(=O)(=O)C(C)C)n1,2.3,8.638272163982407,1,532.0660000000001
COc1cc(C(F)(F)F)ccc1-c1c(C)sc2cnc(Nc3ccc(C4CCN(C(=O)OC(C)(C)C)CC4O)c4c3OCC4)nc12,2.1,8.67778070526608,1,656.7270000000001
COc1cc(C(F)(F)F)ccc1-c1c(C)sc2cnc(Nc3ccc(C4CCNCC4)c4c3OCC4)nc12,9.1,8.040958607678906,1,540.6110000000002
COc1cc(C(F)(F)F)ccc1-c1c(C)sc2cnc(Nc3ccc(C4CCNCC4O)c4c3OCC4)nc12,2.1,8.67778070526608,1,556.6100000000001
COc1cc(C(F)(F)F)ccc1-c1cccc2cnc(Nc3ccc(C4(O)CCNCC4)c4c3OCC4)nc12,3.3,8.481486060122112,1,536.5540000000004
COc1cc(C(F)(F)F)ccc1-c1cccc2cnc(Nc3ccc(C4CCN(C(=O)OC(C)(C)C)CC4O)c4c3OCC4)nc12,2.3,8.638272163982407,1,636.6710000000002
COc1cc(C(F)(F)F)ccc1-c1cccc2cnc(Nc3ccc(C4CCNCC4)c4c3OCC4)nc12,14.0,7.853871964321762,1,520.5550000000004
COc1cc(C(F)(F)F)ccc1-c1cccc2cnc(Nc3ccc(C4CCNCC4O)c4c3OCC4)nc12,2.3,8.638272163982407,1,536.5540000000003
COc1cc(C(N)=O)ccc1-c1cccc2cnc(Nc3ccc(C4CCNCC4)c4c3OCC4)nc12,2.5,8.602059991327963,1,495.5830000000004
COc1cc(C(O)c2ccccc2)c(O)cc1-c1ccnc2[nH]c3ccc(-c4ccc(N5CCN(C)CC5)cc4)cc3c12,10000.0,5.0,0,570.6930000000003
COc1cc(C(O)c2ccccc2)c(OC)cc1-c1ccnc2[nH]c3ccc(-c4ccc(N5CCN(C)CC5)cc4)cc3c12,11350.0,4.945004138470859,0,584.7200000000001
COc1cc(C)cc(-c2nn(CC#N)cc2-c2cc(NCCCCO)nc(-c3cccnc3)n2)c1,1920.0,5.716698771296451,0,469.5490000000002
COc1cc(C)cc(-c2nn(CC#N)cc2-c2cc(NCCCN3CCOCC3)nc(-c3cccnc3)n2)c1,6220.0,5.206209615309182,0,524.6290000000004
COc1cc(C)cc(-c2nn(CC#N)cc2-c2cc(NCCCO)nc(-c3cccnc3)n2)c1,4320.0,5.364516253185088,0,455.52200000000016
COc1cc(C)cc(-c2nn(CC#N)cc2-c2cc(NCCN3CCOCC3)nc(-c3cccnc3)n2)c1,10200.0,4.991399828238082,0,510.6020000000003
COc1cc(C)nc2c1-c1[nH]c3ccccc3c1CCN2CCc1ccccc1,40000.0,4.3979400086720375,0,383.4950000000002
COc1cc(C2=CCN(C(C)C)CC2)c(C)cc1Nc1ncc(Cl)c(Nc2cccnc2S(=O)(=O)C(C)C)n1,5.5,8.259637310505756,1,571.147
COc1cc(C2=CCN(C(C)C)CC2)ccc1Nc1ncc(Cl)c(Nc2cccnc2S(=O)(=O)C(C)C)n1,5.5,8.259637310505756,1,557.1200000000001
COc1cc(C2=CCN(C(C)C)CC2)ccc1Nc1ncc(Cl)c(Nc2ccsc2S(=O)(=O)C(C)C)n1,1.0,9.0,1,562.1610000000002
COc1cc(C2=CCN(C)CC2)ccc1Nc1ncc(Cl)c(Nc2cccnc2S(=O)(=O)C(C)C)n1,5.5,8.259637310505756,1,529.0660000000001
COc1cc(C2=CCNCC2)c(C)cc1Nc1ncc(Cl)c(Nc2cccnc2S(=O)(=O)C(C)C)n1,3.25,8.488116639021126,1,529.0660000000001
COc1cc(C2=CCNCC2)ncc1-c1cnc(N)c(O[C@H](C)c2c(Cl)ccc(I)c2Cl)c1,19.2,7.716698771296451,1,597.2840000000001
COc1cc(C2=NC(C)N=C2)c(CCN)cc1Nc1ncc(Cl)c(Nc2ccccc2S(=O)(=O)C(C)C)n1,4.8,8.318758762624412,1,556.0920000000001
COc1cc(C2CCC3(CC2)CCN(C)CC3)ccc1Nc1ncc(Cl)c(Nc2ccccc2P(C)(C)=O)n1,4.833333333333333,8.315753252484688,1,568.102
COc1cc(C2CCN(C(=O)C(C)(C)N)CC2)ccc1Nc1ncc2ccc(-c3ccccc3OC)n2n1,7.0,8.154901959985743,1,514.6300000000001
COc1cc(C2CCN(C(=O)C3CCN3)CC2)ccc1Nc1ncc2ccc(-c3ccccc3OC)n2n1,11.0,7.958607314841775,1,512.6140000000001
COc1cc(C2CCN(C(=O)CN(C)C)CC2)c(C)cc1Nc1nc(Nc2ccccc2S(=O)(=O)C(C)C)c2c(C)[nH]nc2n1,5.0,8.301029995663981,1,634.8069999999999
COc1cc(C2CCN(C(=O)CN(C)C)CC2)c(C)cc1Nc1ncc(Cl)c(Nc2ccccc2S(=O)(=O)C(C)C)n1,8.0,8.096910013008056,1,615.2
COc1cc(C2CCN(C(=O)CO)CC2)ccc1Nc1ncc(C(F)(F)F)c(Nc2ccc(C3CCN(C(=O)CO)CC3)cc2OC)n1,2.5,8.602059991327963,1,672.7049999999999
COc1cc(C2CCN(C)CC2)c(C)cc1Nc1nc(Nc2ccccc2S(=O)(=O)C(C)C)c2c(C)[nH]nc2n1,2.0,8.698970004336019,1,563.7280000000001
COc1cc(C2CCN(C)CC2)c(C)cc1Nc1ncc2sc(C(N)=O)c(-c3ccccc3)c2n1,14.0,7.853871964321762,1,487.6290000000002
COc1cc(C2CCN(C)CC2)ccc1Nc1ncc(Cl)c(Nc2ccccc2P(C)(C)=O)n1,0.38,9.42021640338319,1,499.9830000000001
COc1cc(C2CCN(C)CC2)ccc1Nc1ncc2ccc(-c3ccccc3OC)n2n1,6.0,8.221848749616356,1,443.55100000000016
COc1cc(C2CCN(C)CC2O)ccc1Nc1ncc2ccc(-c3ccccc3OC)n2n1,16.5,7.782516055786093,1,459.5500000000002
COc1cc(C2CCN(CC#Cc3ccc4c(c3)CN(C3CCC(=O)NC3=O)C4=O)CC2)c(C)cc1Nc1ncc(Cl)c(Nc2ccccc2S(=O)(=O)C(C)C)n1,769.0,6.114073660198569,1,810.3770000000002
COc1cc(C2CCN(CC(N)=O)CC2)ccc1Nc1ncc2c(C)cc(-c3ccccc3N(C)S(C)(=O)=O)n2n1,6.0,8.221848749616356,1,577.7110000000001
COc1cc(C2CCN(CC(N)=O)CC2)ccc1Nc1ncc2c(Cl)cc(-c3ccccc3N(C)S(C)(=O)=O)n2n1,4.7,8.327902142064282,1,598.129
COc1cc(C2CCN(CC(N)=O)CC2)ccc1Nc1ncc2c(O)cc(-c3ccccc3N(C)S(C)(=O)=O)n2n1,11.0,7.958607314841775,1,579.6830000000001
COc1cc(C2CCN(CC(N)=O)CC2)ccc1Nc1ncc2ccc(-c3ccccc3C#N)n2n1,19.0,7.721246399047171,1,481.5600000000001
COc1cc(C2CCN(CC(N)=O)CC2)ccc1Nc1ncc2ccc(-c3ccccc3N(C)S(C)(=O)=O)n2n1,15.0,7.823908740944319,1,563.6840000000001
COc1cc(C2CCN(CC(N)=O)CC2)ccc1Nc1ncc2ccc(-c3ccccc3OC)n2n1,6.0,8.221848749616356,1,486.57600000000014
COc1cc(C2CCN(CC(N)=O)CC2)ccc1Nc1ncc2ccc(-c3ccncc3OC)n2n1,9.0,8.045757490560675,1,487.56400000000014
COc1cc(C2CCN(CC(N)=O)CC2)ccc1Nc1ncc2ccc(-c3ncccc3OC)n2n1,1061.0,5.974284616098659,0,487.56400000000014
COc1cc(C2CCN(CC(O)CF)CC2)ccc1Nc1ncc2ccc(-c3ccccc3OC)n2n1,3.0,8.522878745280337,1,505.59400000000016
COc1cc(C2CCN(CC3CN(c4ccc5c(c4)C(=O)N(C4CCC(=O)NC4=O)C5=O)C3)CC2)c(C)cc1Nc1ncc(Cl)c(Nc2ccccc2S(=O)(=O)C(C)C)n1,399.0,6.399027104313252,1,855.4180000000001
COc1cc(C2CCN(CC3CN(c4ccc5c(c4)CN(C4CCC(=O)NC4=O)C5=O)C3)CC2)c(C)cc1Nc1ncc(Cl)c(Nc2ccccc2S(=O)(=O)C(C)C)n1,589.0,6.229884705212898,1,841.4350000000002
COc1cc(C2CCN(CCCC#Cc3cccc4c3CN(C3CCC(=O)NC3=O)C4=O)CC2)c(C)cc1Nc1ncc(Cl)c(Nc2ccccc2S(=O)(=O)C(C)C)n1,542.0,6.266000713461613,1,838.431
COc1cc(C2CCN(CCCCCC#Cc3cccc4c3CN(C3CCC(=O)NC3=O)C4=O)CC2)c(C)cc1Nc1ncc(Cl)c(Nc2ccccc2S(=O)(=O)C(C)C)n1,286.0,6.543633966870957,1,866.485
COc1cc(C2CCN(CCO)CC2)ccc1Nc1ncc2ccc(-c3ccccc3N(C)S(C)(=O)=O)n2n1,6.0,8.221848749616356,1,550.6850000000001
COc1cc(C2CCN(CCS(C)(=O)=O)CC2)c(C)cc1Nc1nc(Nc2ccccc2S(=O)(=O)C(C)C)c2c(C)[nH]nc2n1,43.0,7.366531544420414,1,655.8469999999999
COc1cc(C2CCN(C[C@@H](C)O)CC2)ccc1Nc1ncc2ccc(-c3ccccc3N(C)S(C)(=O)=O)n2n1,6.0,8.221848749616356,1,564.7120000000001
COc1cc(C2CCN(C[C@@H](C)O)CC2)ccc1Nc1ncc2ccc(-c3ccccc3OC)n2n1,3.4,8.468521082957745,1,487.60400000000016
COc1cc(C2CCN(C[C@H](O)C(F)(F)F)CC2)c(C)cc1Nc1nc(Nc2ccccc2S(=O)(=O)C(C)C)c2c[nH]nc2n1,48.0,7.318758762624412,1,647.7239999999999
COc1cc(C2CCN(C[C@H](O)CO)CC2)ccc1Nc1ncc2ccc(-c3ccccc3OC)n2n1,2.9,8.537602002101044,1,503.6030000000002
COc1cc(C2CCNCC2)c(C#N)cc1Nc1ncc(Cl)c(Nc2ccccc2S(=O)(=O)C(C)C)n1,5.5,8.259637310505756,1,541.0770000000001
COc1cc(C2CCNCC2)c(C(F)(F)F)cc1Nc1ncc(Cl)c(Nc2ccccc2S(=O)(=O)C(C)C)n1,5.5,8.259637310505756,1,584.064
COc1cc(C2CCNCC2)c(C)cc1Nc1nc(Nc2ccccc2S(=O)(=O)C(C)C)c2[nH]ccc2n1,55.0,7.259637310505756,1,534.6860000000001
COc1cc(C2CCNCC2)c(C)cc1Nc1nc(Nc2ccccc2S(=O)(=O)C(C)C)c2c(C)[nH]nc2n1,12.0,7.920818753952375,1,549.7010000000001
COc1cc(C2CCNCC2)c(C)cc1Nc1nc(Nc2ccccc2S(=O)(=O)C(C)C)c2cc[nH]c2n1,55.0,7.259637310505756,1,534.6860000000001
COc1cc(C2CCNCC2)c(C)cc1Nc1nc(Nc2ccccc2S(=O)(=O)C(C)C)c2ccccc2n1,55.0,7.259637310505756,1,545.7090000000002
COc1cc(C2CCNCC2)c(C)cc1Nc1nc(Nc2ccccc2S(=O)(=O)C(C)C)c2ccsc2n1,55.0,7.259637310505756,1,551.738
COc1cc(C2CCNCC2)c(C)cc1Nc1ncc(-c2ccccc2)c(Nc2ccccc2S(=O)(=O)C(C)C)n1,55.0,7.259637310505756,1,571.7470000000001
COc1cc(C2CCNCC2)c(C)cc1Nc1ncc(Br)c(Nc2ccccc2S(=O)(=O)C(C)C)n1,5.5,8.259637310505756,1,574.545
COc1cc(C2CCNCC2)c(C)cc1Nc1ncc(C#N)c(Nc2ccccc2S(=O)(=O)C(C)C)n1,5.5,8.259637310505756,1,520.6590000000002
COc1cc(C2CCNCC2)c(C)cc1Nc1ncc(C(F)(F)F)c(Nc2ccccc2S(=O)(=O)C(C)C)n1,5.5,8.259637310505756,1,563.6460000000001
COc1cc(C2CCNCC2)c(C)cc1Nc1ncc(C)c(Nc2ccccc2S(=O)(=O)C(C)C)n1,5.5,8.259637310505756,1,509.6760000000002
COc1cc(C2CCNCC2)c(C)cc1Nc1ncc(Cl)c(Nc2ccccc2P(C)(C)=O)n1,5.5,8.259637310505756,1,499.9830000000001
COc1cc(C2CCNCC2)c(C)cc1Nc1ncc(Cl)c(Nc2ccccc2S(=O)(=O)C(C)C)n1,17.875,7.7477539495268815,1,530.094
COc1cc(C2CCNCC2)c(C)cc1Nc1ncc(F)c(Nc2ccccc2S(=O)(=O)C(C)C)n1,5.5,8.259637310505756,1,513.6390000000001
COc1cc(C2CCNCC2)c(C)cc1Nc1ncc(OC)c(Nc2ccccc2S(=O)(=O)C(C)C)n1,5.5,8.259637310505756,1,525.6750000000002
COc1cc(C2CCNCC2)c(C)cc1Nc1ncc([N+](=O)[O-])c(Nc2ccccc2S(=O)(=O)C(C)C)n1,5.5,8.259637310505756,1,540.6460000000002
COc1cc(C2CCNCC2)c(C)cc1Nc1nccc(Nc2ccccc2S(=O)(=O)C(C)C)n1,5.5,8.259637310505756,1,495.64900000000017
COc1cc(C2CCNCC2)c(Cl)cc1Nc1ncc(Cl)c(Nc2ccccc2S(=O)(=O)C(C)C)n1,5.5,8.259637310505756,1,550.5120000000001
COc1cc(C2CCNCC2)c(F)cc1Nc1ncc(Cl)c(Nc2ccccc2S(=O)(=O)C(C)C)n1,5.5,8.259637310505756,1,534.0570000000001
COc1cc(C2CCNCC2)ccc1Nc1ncc(Cl)c(Nc2ccccc2S(=O)(=O)C(C)C)n1,5.5,8.259637310505756,1,516.0670000000002
COc1cc(C2CCNCC2)ccc1Nc1ncc2ccc(-c3ccccc3N(C)S(C)(=O)=O)n2n1,10.0,8.0,1,506.63200000000023
COc1cc(C2CCNCC2)ccc1Nc1ncc2cccc(-c3ccccc3OC)c2n1,12.8,7.892790030352131,1,440.5470000000002
COc1cc(C2CCNCC2)ccc1Nc1ncc2sc(C)c(-c3cccc4c3OCC4)c2n1,14.0,7.853871964321762,1,472.6140000000003
COc1cc(C2CCNCC2)ccc1Nc1ncc2sc(C)c(-c3ccccc3N(C)S(C)(=O)=O)c2n1,14.0,7.853871964321762,1,537.7110000000002
COc1cc(C2CCNCC2)ccc1Nc1ncc2sc(C)c(-c3ccccc3OC)c2n1,6.4,8.193820026016112,1,460.60300000000024
COc1cc(C2CCNCC2)ccc1Nc1ncc2scc(-c3ccccc3N(C)CS(C)(=O)=O)c2n1,5.5,8.259637310505756,1,537.7110000000002
COc1cc(C2CCNCC2)ccc1Nc1ncc2scc(-c3ccccc3N(C)S(C)(=O)=O)c2n1,5.5,8.259637310505756,1,523.6840000000002
COc1cc(C2CCNCC2)ccc1Nc1ncnc(Nc2ccccc2S(=O)(=O)C(C)C)n1,5.5,8.259637310505756,1,482.6100000000002
COc1cc(C2CCOCC2)c(C)cc1Nc1nc(Nc2ccccc2S(=O)(=O)C(C)C)c2c(C)[nH]nc2n1,6.0,8.221848749616356,1,550.6850000000001
COc1cc(CC#N)c(C)cc1Nc1ncc(Cl)c(Nc2ccccc2S(=O)(=O)C(C)C)n1,28.5,7.54515513999149,1,485.9970000000002
COc1cc(CCN(C)C)c(C)cc1Nc1ncc(Cl)c(Nc2ccccc2S(=O)(=O)C(C)C)n1,1.1575,8.93647900031001,1,518.0830000000002
COc1cc(CCN)c(C)cc1Nc1ncc(Cl)c(Nc2ccccc2S(=O)(=O)C(C)C)n1,2.2,8.657577319177793,1,490.0290000000002
COc1cc(CCNC=O)c(C)cc1Nc1ncc(Cl)c(Nc2ccccc2S(=O)(=O)C(C)C)n1,4.2,8.3767507096021,1,518.0390000000002
COc1cc(CCNCCCCCC#Cc2cccc3c2C(=O)N(C2CCC(=O)NC2=O)C3=O)c(C)cc1Nc1ncc(Cl)c(Nc2ccccc2S(=O)(=O)C(C)C)n1,869.0,6.060980223551334,1,840.403
COc1cc(CCNCCCCCC#Cc2cccc3c2CN(C2CCC(=O)NC2=O)C3=O)c(C)cc1Nc1ncc(Cl)c(Nc2ccccc2S(=O)(=O)C(C)C)n1,546.0,6.262807357295263,1,826.4200000000001
COc1cc(CN(C)C)c(C)cc1Nc1ncc(Cl)c(Nc2ccccc2S(=O)(=O)C(C)C)n1,2.7425,8.56185336375325,1,504.0560000000002
COc1cc(CN)c(C)cc1Nc1ncc(Cl)c(Nc2ccccc2S(=O)(=O)C(C)C)n1,2.0075,8.697344446049282,1,476.00200000000024
COc1cc(CN2CCC(N(C)C)CC2)ccc1Nc1ncc(Cl)c(Nc2ccccc2S(=O)(=O)C(C)C)n1,5.5,8.259637310505756,1,573.163
COc1cc(CN2CCC(N(C)C)CC2)ccc1Nc1ncc(Cl)c(Nc2cccnc2S(=O)(=O)C(C)C)n1,3.25,8.488116639021126,1,574.1510000000001
COc1cc(CN2CCC(N(C)C)CC2)ccc1Nc1ncc(OC(F)F)c(Nc2ccccc2S(=O)(=O)C(C)C)n1,3.25,8.488116639021126,1,604.724
COc1cc(CN2CCN(C)CC2)ccc1-c1nc2c(N[C@H]3[C@@H](C(N)=O)[C@@H]4C=C[C@H]3C4)c(Cl)cnc2[nH]1,4.325,8.364013888199167,1,522.0530000000002
COc1cc(CN2CCN(C)CC2)ccc1NC(=O)c1cc(-c2ccc3c(c2)OCO3)cnc1O,13800.0,4.860120913598763,0,476.5330000000003
COc1cc(CN2CCN(c3ccc(-c4ccc5[nH]c6nccc(-c7ccc(Cc8ccccc8)cc7)c6c5c4)cc3)CC2)cc(OC)c1OC,9750.0,5.010995384301463,0,674.8450000000001
COc1cc(CN2CCOCC2)ccc1-c1nc2c(N[C@H]3[C@@H](C(N)=O)[C@@H]4C=C[C@H]3C4)c(Cl)cnc2[nH]1,33.35,7.4769041617474326,1,509.0100000000002
COc1cc(CNC(=O)c2cccc(C(C)Oc3ccnc(Nc4cnn(C)c4)c3)c2)cc(OC)c1OC,2300.0,5.638272163982407,0,517.5860000000002
COc1cc(CNC=O)c(C)cc1Nc1ncc(Cl)c(Nc2ccccc2S(=O)(=O)C(C)C)n1,3.755,8.425390058659813,1,504.01200000000017
COc1cc(C[N+](C)(C)C)c(C)cc1Nc1ncc(Cl)c(Nc2ccccc2S(=O)(=O)C(C)C)n1,2.0,8.698970004336019,1,519.0910000000002
COc1cc(Cc2ccccc2)c(O)cc1-c1ccnc2[nH]c3ccc(-c4ccc(N5CCN(C)CC5)cc4)cc3c12,2800.0,5.552841968657781,0,554.6940000000003
COc1cc(Cl)ccc1Oc1nc[nH]c(=O)c1/C=C/C(C)=O,40000.0,4.3979400086720375,0,320.7320000000001
COc1cc(F)ccc1-c1cccc2cnc(Nc3cc(C4CCNCC4)nn3C(C)C)nc12,34.0,7.468521082957745,1,460.5570000000003
COc1cc(F)ccc1-c1cccc2cnc(Nc3ccc(C(=O)NC4CCNCC4)c4c3OCC4)nc12,12.0,7.920818753952375,1,513.5730000000004
COc1cc(F)ccc1-c1cccc2cnc(Nc3ccc(C4CCNCC4)c4c3OCC4)nc12,5.1,8.292429823902063,1,470.5480000000004
COc1cc(N2CCC(CN3CCC3)CC2)ccc1Nc1ncc(Cl)c(Nc2ccccc2P(C)(C)=O)n1,0.88,9.05551732784983,1,555.0630000000001
COc1cc(N2CCC(N(C)C)CC2)c(C)cc1Nc1ncc(Cl)c(Nc2cccnc2S(=O)(=O)C(C)C)n1,1.0,9.0,1,574.1510000000001
COc1cc(N2CCC(N(C)C)CC2)c(C)cc1Nc1ncc(OC(F)F)c(Nc2ccccc2S(=O)(=O)C(C)C)n1,1.0,9.0,1,604.724
COc1cc(N2CCC(N(C)C)CC2)ccc1Nc1nc(Nc2ccccc2S(=O)(=O)C(C)C)c2ccsc2n1,55.0,7.259637310505756,1,580.7800000000002
COc1cc(N2CCC(N(C)C)CC2)ccc1Nc1nc(Nc2ccccc2S(=O)(=O)C(C)C)c2sccc2n1,55.0,7.259637310505756,1,580.7800000000001
COc1cc(N2CCC(N(C)C)CC2)ccc1Nc1ncc(Cl)c(Nc2cc(B(O)O)ccc2OC)n1,51.1,7.291579099865287,1,526.8340000000001
COc1cc(N2CCC(N(C)C)CC2)ccc1Nc1ncc(Cl)c(Nc2ccc3c(c2)B(O)OC3)n1,13.733333333333334,7.862224038686528,1,508.8190000000002
COc1cc(N2CCC(N(C)C)CC2)ccc1Nc1ncc(Cl)c(Nc2cccc(B(O)O)c2)n1,68.6,7.163675884293248,1,496.8080000000001
COc1cc(N2CCC(N(C)C)CC2)ccc1Nc1ncc(Cl)c(Nc2cccc3c2B(O)OC3)n1,10.333333333333334,7.9857595608853895,1,508.8190000000002
COc1cc(N2CCC(N(C)C)CC2)ccc1Nc1ncc(Cl)c(Nc2ccccc2C(=O)C(N)=O)n1,27.95,7.553618187777558,1,524.0250000000002
COc1cc(N2CCC(N(C)C)CC2)ccc1Nc1ncc(Cl)c(Nc2ccccc2P(C)(C)=O)n1,0.345,9.462180904926726,1,529.0250000000001
COc1cc(N2CCC(N(C)C)CC2)ccc1Nc1ncc(Cl)c(Nc2ccccc2S(=O)(=O)C(C)C)n1,1.0,9.0,1,559.1360000000001
COc1cc(N2CCC(N(C)C)CC2)ccc1Nc1ncc(Cl)c(Nc2cccnc2S(=O)(=O)C(C)C)n1,5.5,8.259637310505756,1,560.124
COc1cc(N2CCC(N(C)C)CC2)ccc1Nc1ncc(Cl)c(Nc2ccsc2S(=O)(=O)C(C)C)n1,1.0,9.0,1,565.1650000000001
COc1cc(N2CCC(N(C)C)CC2)ccc1Nc1ncc(OC(F)F)c(Nc2ccccc2S(=O)(=O)C(C)C)n1,1.0,9.0,1,590.697
COc1cc(N2CCC(N3CC(C)OC(C)C3)CC2)ccc1Nc1ncc(Cl)c(Nc2ccccc2S(=O)(=O)C(C)C)n1,5.5,8.259637310505756,1,629.2270000000001
COc1cc(N2CCC(N3CC(C)OC(C)C3)CC2)ccc1Nc1ncc(Cl)c(Nc2cccnc2S(=O)(=O)C(C)C)n1,5.5,8.259637310505756,1,630.2150000000001
COc1cc(N2CCC(N3CCC(N(C)C)CC3)CC2)ccc1Nc1ncc(Cl)c(Nc2ccccc2S(=O)(=O)C(C)C)n1,1.0,9.0,1,642.2700000000001
COc1cc(N2CCC(N3CCC(N(C)C)CC3)CC2)ccc1Nc1ncc(Cl)c(Nc2ccsc2S(=O)(=O)C(C)C)n1,5.5,8.259637310505756,1,648.2990000000001
COc1cc(N2CCC(N3CCC(N)CC3)CC2)ccc1Nc1ncc(Cl)c(Nc2ccccc2S(=O)(=O)C(C)C)n1,5.5,8.259637310505756,1,614.216
COc1cc(N2CCC(N3CCCC3)CC2)ccc1Nc1ncc(Cl)c(Nc2ccccc2P(C)(C)=O)n1,0.53,9.275724130399212,1,555.0630000000001
COc1cc(N2CCC(N3CCCCC3)C2)ccc1Nc1ncc(Cl)c(Nc2ccccc2P(C)(C)=O)n1,0.88,9.05551732784983,1,555.0630000000001
COc1cc(N2CCC(N3CCCN(C)CC3)CC2)ccc1Nc1ncc(Cl)c(Nc2ccccc2P(C)(C)=O)n1,0.49,9.309803919971486,1,598.1320000000001
COc1cc(N2CCC(N3CCN(C(=O)CNc4cccc5c4C(=O)N(C4CCC(=O)NC4=O)C5=O)CC3)CC2)ccc1Nc1ncc(Cl)c(Nc2ccccc2P(C)(C)=O)n1,4.55,8.341988603342887,1,883.3469999999999
COc1cc(N2CCC(N3CCN(C)CC3)CC2)c(C)cc1Nc1ncc(Cl)c(Nc2ccccc2P(C)(C)=O)n1,0.86,9.065501548756432,1,598.1320000000001
COc1cc(N2CCC(N3CCN(C)CC3)CC2)c(F)cc1Nc1ncc(Cl)c(Nc2ccccc2P(C)(C)=O)n1,1.03,8.987162775294827,1,602.095
COc1cc(N2CCC(N3CCN(C)CC3)CC2)ccc1-c1nc2c(N[C@H]3[C@@H](C(N)=O)[C@@H]4C=C[C@H]3C4)c(Cl)cnc2[nH]1,5.38,8.269217724333611,1,591.1600000000001
COc1cc(N2CCC(N3CCN(C)CC3)CC2)ccc1Nc1cc(N2CCC[C@@H](C(=O)NCc3ccc(OC(F)(F)F)cc3)C2)ccn1,2150.0,5.667561540084395,0,681.8040000000003
COc1cc(N2CCC(N3CCN(C)CC3)CC2)ccc1Nc1cc(N2CCC[C@H](C(=O)NCc3ccc(OC(F)(F)F)cc3)C2)ccn1,413.0,6.384049948343599,1,681.8040000000003
COc1cc(N2CCC(N3CCN(C)CC3)CC2)ccc1Nc1nc(Nc2ccccc2S(=O)(=O)C(C)C)c2[nH]ccc2n1,55.0,7.259637310505756,1,618.808
COc1cc(N2CCC(N3CCN(C)CC3)CC2)ccc1Nc1nc(Nc2ccccc2S(=O)(=O)C(C)C)c2cc[nH]c2n1,55.0,7.259637310505756,1,618.808
COc1cc(N2CCC(N3CCN(C)CC3)CC2)ccc1Nc1ncc(C(C)=O)c(Nc2ccccc2P(C)(C)=O)n1,291.0,6.536107011014093,1,591.6970000000001
COc1cc(N2CCC(N3CCN(C)CC3)CC2)ccc1Nc1ncc(C)c(Nc2ccccc2P(C)(C)=O)n1,0.42,9.3767507096021,1,563.687
COc1cc(N2CCC(N3CCN(C)CC3)CC2)ccc1Nc1ncc(C2CC2)c(Nc2ccccc2P(C)(C)=O)n1,3.23,8.490797477668897,1,589.7250000000001
COc1cc(N2CCC(N3CCN(C)CC3)CC2)ccc1Nc1ncc(Cl)c(Nc2ccc3c(c2)B(O)OC3)n1,22.5,7.647817481888637,1,563.8990000000001
COc1cc(N2CCC(N3CCN(C)CC3)CC2)ccc1Nc1ncc(Cl)c(Nc2cccc3c2B(O)OC3)n1,20.066666666666666,7.697524763461838,1,563.8990000000001
COc1cc(N2CCC(N3CCN(C)CC3)CC2)ccc1Nc1ncc(Cl)c(Nc2ccccc2)n1,9.9,8.00436480540245,1,508.0700000000001
COc1cc(N2CCC(N3CCN(C)CC3)CC2)ccc1Nc1ncc(Cl)c(Nc2ccccc2C#N)n1,1.86,8.730487055782083,1,533.08
COc1cc(N2CCC(N3CCN(C)CC3)CC2)ccc1Nc1ncc(Cl)c(Nc2ccccc2C(=O)N(C)C)n1,4.77,8.321481620959887,1,579.149
COc1cc(N2CCC(N3CCN(C)CC3)CC2)ccc1Nc1ncc(Cl)c(Nc2ccccc2C(C)=O)n1,1.59,8.79860287567955,1,550.1070000000001
COc1cc(N2CCC(N3CCN(C)CC3)CC2)ccc1Nc1ncc(Cl)c(Nc2ccccc2C(C)O)n1,0.99,9.00436480540245,1,552.1230000000002
COc1cc(N2CCC(N3CCN(C)CC3)CC2)ccc1Nc1ncc(Cl)c(Nc2ccccc2C(N)=O)n1,0.8,9.096910013008056,1,551.095
COc1cc(N2CCC(N3CCN(C)CC3)CC2)ccc1Nc1ncc(Cl)c(Nc2ccccc2I)n1,1.36,8.866461091629782,1,633.966
COc1cc(N2CCC(N3CCN(C)CC3)CC2)ccc1Nc1ncc(Cl)c(Nc2ccccc2OC)n1,1.88,8.72584215073632,1,538.0960000000001
COc1cc(N2CCC(N3CCN(C)CC3)CC2)ccc1Nc1ncc(Cl)c(Nc2ccccc2P(C)(C)=O)n1,3.4135,8.466800092812305,1,584.105
COc1cc(N2CCC(N3CCN(C)CC3)CC2)ccc1Nc1ncc(Cl)c(Nc2ccccc2S(=O)(=O)C(C)C)n1,141.0966666666667,6.850483246099464,1,614.216
COc1cc(N2CCC(N3CCN(C)CC3)CC2)ccc1Nc1ncc(Cl)c(Nc2ccccc2S(=O)(=O)N(C)C)n1,0.75,9.1249387366083,1,615.204
COc1cc(N2CCC(N3CCN(C)CC3)CC2)ccc1Nc1ncc(Cl)c(Nc2ccccc2S(C)(=O)=O)n1,0.59,9.229147988357855,1,586.162
COc1cc(N2CCC(N3CCN(C)CC3)CC2)ccc1Nc1ncc(Cl)c(Nc2cccnc2S(=O)(=O)C(C)C)n1,5.5,8.259637310505756,1,615.2040000000001
COc1cc(N2CCC(N3CCN(C)CC3)CC2)ccc1Nc1ncc(Cl)c(Nc2ccsc2S(=O)(=O)C(C)C)n1,5.5,8.259637310505756,1,620.245
COc1cc(N2CCC(N3CCN(C)CC3)CC2)ccc1Nc1ncc(F)c(Nc2ccccc2P(C)(C)=O)n1,0.39,9.4089353929735,1,567.65
COc1cc(N2CCC(N3CCN(C)CC3)CC2)ccc1Nc1ncc(OC)c(Nc2ccccc2P(C)(C)=O)n1,1.19,8.924453038607469,1,579.686
COc1cc(N2CCC(N3CCN(C)CC3)CC2)ccc1Nc1ncnc(Nc2ccccc2S(=O)(=O)C(C)C)n1,6.3,8.200659450546418,1,580.759
COc1cc(N2CCC(N3CCN(C)CC3)CC2)ncc1-c1cnc(N)c(OC(C)c2cc(F)ccc2C(C)(F)F)c1,20.8,7.681936665037238,1,584.6870000000002
COc1cc(N2CCC(N3CCOCC3)CC2)ccc1-c1nc2c(N[C@H]3[C@@H](C(N)=O)[C@@H]4C=C[C@H]3C4)c(Cl)cnc2[nH]1,2.155,8.66655272550325,1,578.1170000000001
COc1cc(N2CCC(N3CCOCC3)CC2)ccc1Nc1cc(N2CCC[C@@H](C(=O)NCc3ccc(OC(F)(F)F)cc3)C2)ccn1,3210.0,5.493494967595128,0,668.7610000000003
COc1cc(N2CCC(N3CCOCC3)CC2)ccc1Nc1cc(N2CCC[C@H](C(=O)NCc3ccc(OC(F)(F)F)cc3)C2)ccn1,558.0,6.253365801062421,1,668.7610000000003
COc1cc(N2CCC(N3CCOCC3)CC2)ccc1Nc1nc(Nc2ccccc2S(=O)(=O)C(C)C)c2ccccc2n1,55.0,7.259637310505756,1,616.788
COc1cc(N2CCC(N3CCOCC3)CC2)ccc1Nc1ncc(Cl)c(Nc2ccccc2P(C)(C)=O)n1,0.49,9.309803919971486,1,571.062
COc1cc(N2CCC(N3CCOCC3)CC2)ccc1Nc1ncc(Cl)c(Nc2ccccc2S(=O)(=O)C(C)C)n1,5.5,8.259637310505756,1,601.173
COc1cc(N2CCC(N3CCOCC3)CC2)ccc1Nc1ncc(Cl)c(Nc2cccnc2S(=O)(=O)C(C)C)n1,5.5,8.259637310505756,1,602.1610000000001
COc1cc(N2CCC(N3CCOCC3)CC2)ccc1Nc1ncc(Cl)c(Nc2ccsc2S(=O)(=O)C(C)C)n1,1.0,9.0,1,607.202
COc1cc(N2CCC(N3CCOCC3)CC2)ccc1Nc1ncc2ccc(-c3ccccc3N(C)S(C)(=O)=O)n2n1,7.0,8.154901959985743,1,591.738
COc1cc(N2CCC(N3CCSCC3)CC2)ccc1Nc1ncc(Cl)c(Nc2ccccc2S(=O)(=O)C(C)C)n1,5.5,8.259637310505756,1,617.241
COc1cc(N2CCC(O)CC2)ccc1Nc1cc(Nc2ccccc2S(=O)(=O)C(C)C)c2cc[nH]c2n1,21.0,7.6777807052660805,1,535.6700000000002
COc1cc(N2CCC(O)CC2)ccc1Nc1ncc(Cl)c(Nc2ccccc2P(C)(C)=O)n1,0.36,9.443697499232712,1,501.9550000000002
COc1cc(N2CCC(O)CC2)ccc1Nc1ncc(Cl)c(Nc2cccnc2S(=O)(=O)C(C)C)n1,5.5,8.259637310505756,1,533.0540000000002
COc1cc(N2CCC(O)CC2)ccc1Nc1ncc(Cl)c(Nc2ccsc2S(=O)(=O)C(C)C)n1,1.0,9.0,1,538.0950000000001
COc1cc(N2CCC3(CC2)CNC3)ccc1Nc1ncc(Cl)c(Nc2ccccc2P(C)(C)=O)n1,3.466666666666667,8.460087915420882,1,527.0090000000001
COc1cc(N2CCC3(CCN(C)CC3)CC2)c(C)cc1Nc1ncc(Cl)c(Nc2ccccc2P(C)(C)=O)n1,2.8666666666666667,8.542622803476094,1,583.117
COc1cc(N2CCC3(CCN(C)CC3)CC2)c(Cl)cc1Nc1ncc(Cl)c(Nc2ccccc2P(C)(C)=O)n1,1.4666666666666668,8.833668578233475,1,603.535
COc1cc(N2CCC3(CCN(C)CC3)CC2)c(F)cc1Nc1ncc(Cl)c(Nc2ccccc2P(C)(C)=O)n1,5.466666666666666,8.262277406671965,1,587.08
COc1cc(N2CCC3(CCN(C)CC3)CC2)ccc1Nc1ncc(Cl)c(Nc2c(F)cccc2P(C)(C)=O)n1,39.43333333333333,7.404136510091732,1,587.08
COc1cc(N2CCC3(CCN(C)CC3)CC2)ccc1Nc1ncc(Cl)c(Nc2ccc(F)cc2P(C)(C)=O)n1,3.933333333333333,8.405239247413537,1,587.08
COc1cc(N2CCC3(CCN(C)CC3)CC2)ccc1Nc1ncc(Cl)c(Nc2ccccc2P(C)(C)=O)n1,1.7,8.769551078621726,1,569.09
COc1cc(N2CCC3(CCN(C)CC3)CC2)ccc1Nc1ncc(Cl)c(Nc2ccccc2P(C)(C)=S)n1,2.733333333333333,8.563307402335946,1,585.158
COc1cc(N2CCC3(CCNC3)CC2)ccc1Nc1ncc(Cl)c(Nc2ccccc2P(C)(C)=O)n1,9.7,8.013228265733755,1,541.0360000000001
COc1cc(N2CCC3(CCNCC3)CC2)ccc1Nc1ncc(Cl)c(Nc2ccccc2P(C)(C)=O)n1,6.2,8.207608310501746,1,555.0630000000001
COc1cc(N2CCC3(CNC3)C2)ccc1Nc1ncc(Cl)c(Nc2ccccc2P(C)(C)=O)n1,8.433333333333334,8.074000733543844,1,512.9820000000001
COc1cc(N2CCCC2=O)ccc1Nc1ncc(Cl)c(Nc2ccccc2NC(C)=O)n1,8.266666666666666,8.082669573893446,1,466.9290000000002
COc1cc(N2CCCN(C)CC2)ccc1Nc1ncc(Cl)c(Nc2ccccc2P(C)(C)=O)n1,0.72,9.142667503568731,1,514.9980000000002
COc1cc(N2CCCNC2=O)ccc1Nc1ncc(Cl)c(Nc2ccccc2NC(C)=O)n1,6.666666666666667,8.176091259055681,1,481.9440000000002
COc1cc(N2CCN(C(=O)CO)CC2)ccc1Nc1ncc(C(F)(F)F)c(Nc2ccc(N3CCN(C(=O)CO)CC3)cc2OC)n1,4.0,8.397940008672037,1,674.6809999999999
COc1cc(N2CCN(C(=O)CO)CC2)ccc1Nc1ncc(C(F)(F)F)c(Nc2ccc(N3CCN(C(C)=O)CC3)cc2OC)n1,5.0,8.301029995663981,1,658.6819999999999
COc1cc(N2CCN(C(=O)CO)CC2)ccc1Nc1ncc(Cl)c(Nc2ccc(N3CCN(C(=O)CO)CC3)cc2OC)n1,8.5,8.070581074285707,1,641.129
COc1cc(N2CCN(C(=O)CO)CC2)ccc1Nc1ncc(Cl)c(Nc2ccc(N3CCN(C(C)=O)CC3)cc2OC)n1,15.5,7.809668301829708,1,625.13
COc1cc(N2CCN(C(=O)OC(C)(C)C)CC2)ccc1Nc1ncc(C(F)(F)F)c(Nc2ccc(N3CCN(C(C)=O)CC3)cc2OC)n1,32.0,7.494850021680094,1,700.7629999999996
COc1cc(N2CCN(C(=O)OC(C)(C)C)CC2)ccc1Nc1ncc(Cl)c(Nc2ccc(N3CCN(C(C)=O)CC3)cc2OC)n1,287.5,6.541362150974351,1,667.2109999999999
COc1cc(N2CCN(C(C)=O)CC2)ccc1Nc1ccnc(Nc2ccc(N3CCN(C(C)=O)CC3)cc2OC)n1,435.5,6.361011840656318,1,574.6860000000003
COc1cc(N2CCN(C(C)=O)CC2)ccc1Nc1nc(Nc2ccc(N3CCN(C(C)=O)CC3)cc2)ncc1Cl,112.5,6.948847477552619,1,579.1050000000002
COc1cc(N2CCN(C(C)=O)CC2)ccc1Nc1nc(Nc2ccc(N3CCN(C(C)=O)CC3)cc2)ncc1F,456.5,6.340559218129682,1,562.6500000000003
COc1cc(N2CCN(C(C)=O)CC2)ccc1Nc1ncc(Br)c(Nc2ccc(N3CCN(C(C)=O)CC3)cc2OC)n1,48.5,7.314258261397736,1,653.5819999999999
COc1cc(N2CCN(C(C)=O)CC2)ccc1Nc1ncc(C(F)(F)F)c(Nc2ccc(N3CCN(C(=O)CO)CC3)cc2OC)n1,3.0,8.522878745280337,1,658.682
COc1cc(N2CCN(C(C)=O)CC2)ccc1Nc1ncc(C(F)(F)F)c(Nc2ccc(N3CCN(C(=O)OC(C)(C)C)CC3)cc2OC)n1,120.0,6.920818753952375,1,700.7629999999999
COc1cc(N2CCN(C(C)=O)CC2)ccc1Nc1ncc(C(F)(F)F)c(Nc2ccc(N3CCN(C(C)=O)CC3)cc2OC)n1,29.0,7.5376020021010435,1,642.683
COc1cc(N2CCN(C(C)=O)CC2)ccc1Nc1ncc(C(F)(F)F)c(Nc2ccc(N3CCN(C)CC3)cc2OC)n1,5.0,8.301029995663981,1,614.673
COc1cc(N2CCN(C(C)=O)CC2)ccc1Nc1ncc(C(F)(F)F)c(Nc2ccc(N3CCN(CCO)CC3)cc2OC)n1,7.5,8.1249387366083,1,644.699
COc1cc(N2CCN(C(C)=O)CC2)ccc1Nc1ncc(C(F)(F)F)c(Nc2ccc(N3CCN(S(C)(=O)=O)CC3)cc2OC)n1,6.5,8.187086643357144,1,678.7379999999999
COc1cc(N2CCN(C(C)=O)CC2)ccc1Nc1ncc(C(F)(F)F)c(Nc2ccc(N3CCNCC3)cc2OC)n1,4.0,8.397940008672037,1,600.646
COc1cc(N2CCN(C(C)=O)CC2)ccc1Nc1ncc(Cl)c(Nc2ccc(N3CCN(C(=O)C(C)(C)C)CC3)cc2OC)n1,103.0,6.987162775294828,1,651.212
COc1cc(N2CCN(C(C)=O)CC2)ccc1Nc1ncc(Cl)c(Nc2ccc(N3CCN(C(=O)CO)CC3)cc2OC(F)F)n1,15.5,7.809668301829708,1,661.1100000000002
COc1cc(N2CCN(C(C)=O)CC2)ccc1Nc1ncc(Cl)c(Nc2ccc(N3CCN(C(=O)CO)CC3)cc2OC)n1,39.5,7.403402904373539,1,625.1300000000001
COc1cc(N2CCN(C(C)=O)CC2)ccc1Nc1ncc(Cl)c(Nc2ccc(N3CCN(C(=O)OC(C)(C)C)CC3)cc2OC(F)F)n1,570.0,6.2441251443275085,1,703.191
COc1cc(N2CCN(C(C)=O)CC2)ccc1Nc1ncc(Cl)c(Nc2ccc(N3CCN(C(=O)OC(C)(C)C)CC3)cc2OC)n1,193.0,6.714442690992226,1,667.2109999999999
COc1cc(N2CCN(C(C)=O)CC2)ccc1Nc1ncc(Cl)c(Nc2ccc(N3CCN(C(C)=O)CC3)cc2)n1,195.3,6.709297756712146,1,579.1050000000001
COc1cc(N2CCN(C(C)=O)CC2)ccc1Nc1ncc(Cl)c(Nc2ccc(N3CCN(C(C)=O)CC3)cc2Cl)n1,25.5,7.5934598195660445,1,613.5500000000001
COc1cc(N2CCN(C(C)=O)CC2)ccc1Nc1ncc(Cl)c(Nc2ccc(N3CCN(C(C)=O)CC3)cc2F)n1,145.5,6.837137006678074,1,597.0950000000001
COc1cc(N2CCN(C(C)=O)CC2)ccc1Nc1ncc(Cl)c(Nc2ccc(N3CCN(C(C)=O)CC3)cc2NC(C)(C)C)n1,580.0,6.236572006437063,1,650.228
COc1cc(N2CCN(C(C)=O)CC2)ccc1Nc1ncc(Cl)c(Nc2ccc(N3CCN(C(C)=O)CC3)cc2Nc2ccccc2)n1,1000.0,6.0,1,670.2180000000001
COc1cc(N2CCN(C(C)=O)CC2)ccc1Nc1ncc(Cl)c(Nc2ccc(N3CCN(C(C)=O)CC3)cc2OC(C)C)n1,197.0,6.705533773838407,1,637.1850000000001
COc1cc(N2CCN(C(C)=O)CC2)ccc1Nc1ncc(Cl)c(Nc2ccc(N3CCN(C(C)=O)CC3)cc2OC(F)F)n1,25.5,7.5934598195660445,1,645.1110000000002
COc1cc(N2CCN(C(C)=O)CC2)ccc1Nc1ncc(Cl)c(Nc2ccc(N3CCN(C(C)=O)CC3)cc2OC)n1,43.5,7.361510743045363,1,609.1310000000001
COc1cc(N2CCN(C(C)=O)CC2)ccc1Nc1ncc(Cl)c(Nc2ccc(N3CCN(C(C)=O)CC3)cc2OCc2ccccc2)n1,1000.0,6.0,1,685.229
COc1cc(N2CCN(C(C)=O)CC2)ccc1Nc1ncc(Cl)c(Nc2ccc(N3CCN(C(C)=O)CC3)cc2Oc2ccccc2)n1,1000.0,6.0,1,671.2020000000001
COc1cc(N2CCN(C(C)=O)CC2)ccc1Nc1ncc(Cl)c(Nc2ccc(N3CCN(CCO)CC3)cc2OC)n1,35.0,7.455931955649724,1,611.147
COc1cc(N2CCN(C(C)=O)CC2)ccc1Nc1ncc(Cl)c(Nc2ccc(N3CCN(S(C)(=O)=O)CC3)cc2OC)n1,69.0,7.161150909262744,1,645.186
COc1cc(N2CCN(C(C)=O)CC2)ccc1Nc1ncc(Cl)c(Nc2ccc(N3CCN(S(N)(=O)=O)CC3)cc2OC)n1,27.5,7.560667306169737,1,646.174
COc1cc(N2CCN(C(C)=O)CC2)ccc1Nc1ncc(Cl)c(Nc2ccc(N3CCNCC3)cc2F)n1,73.5,7.133712660915805,1,555.0580000000002
COc1cc(N2CCN(C(C)=O)CC2)ccc1Nc1ncc(Cl)c(Nc2ccc(N3CCNCC3)cc2OC(F)F)n1,7.5,8.1249387366083,1,603.0740000000003
COc1cc(N2CCN(C(C)=O)CC2)ccc1Nc1ncc(Cl)c(Nc2ccc(N3CCNCC3)cc2OC)n1,26.0,7.585026652029182,1,567.0940000000002
COc1cc(N2CCN(C(C)=O)CC2)ccc1Nc1ncc(Cl)c(Nc2ccccc2P(C)(C)=O)n1,0.59,9.229147988357855,1,528.9810000000001
COc1cc(N2CCN(C(C)=O)CC2)ccc1Nc1ncc(F)c(Nc2ccc(N3CCN(C(=O)CO)CC3)cc2OC(F)F)n1,22.0,7.657577319177793,1,644.6550000000002
COc1cc(N2CCN(C(C)=O)CC2)ccc1Nc1ncc(F)c(Nc2ccc(N3CCN(C(=O)CO)CC3)cc2OC)n1,20.5,7.688246138944246,1,608.6750000000001
COc1cc(N2CCN(C(C)=O)CC2)ccc1Nc1ncc(F)c(Nc2ccc(N3CCN(C(=O)OC(C)(C)C)CC3)cc2OC(F)F)n1,350.0,6.455931955649724,1,686.7360000000001
COc1cc(N2CCN(C(C)=O)CC2)ccc1Nc1ncc(F)c(Nc2ccc(N3CCN(C(=O)OC(C)(C)C)CC3)cc2OC)n1,210.0,6.6777807052660805,1,650.756
COc1cc(N2CCN(C(C)=O)CC2)ccc1Nc1ncc(F)c(Nc2ccc(N3CCN(C(C)=O)CC3)cc2OC(F)F)n1,10.0,8.0,1,628.6560000000003
COc1cc(N2CCN(C(C)=O)CC2)ccc1Nc1ncc(F)c(Nc2ccc(N3CCN(C(C)=O)CC3)cc2OC)n1,167.0,6.777283528852417,1,592.6760000000002
COc1cc(N2CCN(C(C)=O)CC2)ccc1Nc1ncc(F)c(Nc2ccc(N3CCN(C)CC3)cc2OC(F)F)n1,63.5,7.197226274708024,1,600.6460000000004
COc1cc(N2CCN(C(C)=O)CC2)ccc1Nc1ncc(F)c(Nc2ccc(N3CCN(C)CC3)cc2OC)n1,139.5,6.855425792390384,1,564.6660000000003
COc1cc(N2CCN(C(C)=O)CC2)ccc1Nc1ncc(F)c(Nc2ccc(N3CCN(CCO)CC3)cc2OC(F)F)n1,78.0,7.107905397309519,1,630.6720000000004
COc1cc(N2CCN(C(C)=O)CC2)ccc1Nc1ncc(F)c(Nc2ccc(N3CCN(CCO)CC3)cc2OC)n1,90.0,7.045757490560675,1,594.6920000000002
COc1cc(N2CCN(C(C)=O)CC2)ccc1Nc1ncc(F)c(Nc2ccc(N3CCN(S(C)(=O)=O)CC3)cc2OC(F)F)n1,29.0,7.5376020021010435,1,664.7110000000001
COc1cc(N2CCN(C(C)=O)CC2)ccc1Nc1ncc(F)c(Nc2ccc(N3CCN(S(C)(=O)=O)CC3)cc2OC)n1,128.5,6.891096872332686,1,628.731
COc1cc(N2CCN(C(C)=O)CC2)ccc1Nc1ncc(F)c(Nc2ccc(N3CCNCC3)cc2OC(F)F)n1,30.5,7.515700160653214,1,586.6190000000004
COc1cc(N2CCN(C(C)=O)CC2)ccc1Nc1ncc(F)c(Nc2ccc(N3CCNCC3)cc2OC)n1,15.0,7.823908740944319,1,550.6390000000002
COc1cc(N2CCN(C(C)C)CC2)c(C)cc1Nc1ncc(Cl)c(Nc2cccnc2S(=O)(=O)C(C)C)n1,5.5,8.259637310505756,1,574.1510000000001
COc1cc(N2CCN(C(C)C)CC2)ccc1-c1n[nH]c2nc(-c3ccc(O)c(F)c3)ccc12,53.08,7.275069085807602,1,461.54100000000017
COc1cc(N2CCN(C(C)C)CC2)ccc1-c1n[nH]c2nc(-c3ccc(O)cc3)ccc12,27.05,7.567832730557412,1,443.55100000000016
COc1cc(N2CCN(C(C)C)CC2)ccc1Nc1nc(Nc2cccc(F)c2C(N)=O)c2cc[nH]c2n1,0.5,9.301029995663981,1,518.5970000000002
COc1cc(N2CCN(C(C)C)CC2)ccc1Nc1ncc(Cl)c(Nc2cccnc2S(=O)(=O)C(C)C)n1,5.5,8.259637310505756,1,560.1240000000001
COc1cc(N2CCN(C(C)C)CC2)ccc1Nc1ncc2sc(C(N)=O)c(-c3ccccc3)c2n1,28.0,7.552841968657781,1,502.6440000000003
COc1cc(N2CCN(C)CC2)c2cc1Nc1ncc(Cl)c(n1)Nc1cc(ccc1N(C)S(C)(=O)=O)/C=C\2,63.5,7.197226274708024,1,556.0920000000002
COc1cc(N2CCN(C)CC2)c2cc1Nc1ncc(Cl)c(n1)Nc1cc(ccc1N(C)S(C)(=O)=O)CC2,5.255,8.279427279635739,1,558.1080000000001
COc1cc(N2CCN(C)CC2)c2cc1Nc1ncc(Cl)c(n1)Nc1cc(ccc1S(=O)(=O)C(C)C)CC2,15.75,7.80271944187438,1,557.12
COc1cc(N2CCN(C)CC2)c2cc1Nc1ncc(Cl)c(n1)Nc1cccc(c1)CC2,402.5,6.3952341152961125,1,450.97400000000016
COc1cc(N2CCN(C)CC2)ccc1-c1cnc(N)cc1C#Cc1ccnn1Cc1ccc(Cl)c(F)c1,1000.0,6.0,1,531.0350000000003
COc1cc(N2CCN(C)CC2)ccc1-c1nc2c(N[C@H]3[C@@H](C(N)=O)[C@@H]4C=C[C@H]3C4)c(Cl)cnc2[nH]1,4.345,8.362010219215314,1,508.0260000000002
COc1cc(N2CCN(C)CC2)ccc1Nc1cc(N2CCC[C@H](C(=O)NCc3ccc(OC(F)(F)F)cc3)C2)ccn1,492.0,6.308034897232639,1,598.6700000000003
COc1cc(N2CCN(C)CC2)ccc1Nc1ncc(C(F)(F)F)c(Nc2ccc(N3CCN(C(C)=O)CC3)cc2OC)n1,4.5,8.346787486224656,1,614.673
COc1cc(N2CCN(C)CC2)ccc1Nc1ncc(Cl)c(NCCc2c(F)cccc2Cl)n1,7.0,8.154901959985743,1,505.42500000000024
COc1cc(N2CCN(C)CC2)ccc1Nc1ncc(Cl)c(NC[C@H]2CCCO2)n1,34.0,7.468521082957745,1,432.95600000000024
COc1cc(N2CCN(C)CC2)ccc1Nc1ncc(Cl)c(Nc2ccc3c(c2)B(O)OC3)n1,47.36666666666667,7.324527176792193,1,480.7650000000002
COc1cc(N2CCN(C)CC2)ccc1Nc1ncc(Cl)c(Nc2ccccc2P(C)(C)=O)n1,0.18,9.744727494896694,1,500.9710000000002
COc1cc(N2CCN(C)CC2)ccc1Nc1ncc(Cl)c(Nc2ccccc2S(=O)(=O)C(C)C)n1,1.0,9.0,1,531.0820000000001
COc1cc(N2CCN(C)CC2)ccc1Nc1ncc(Cl)c(Nc2cccnc2S(=O)(=O)C(C)C)n1,5.5,8.259637310505756,1,532.0700000000002
COc1cc(N2CCN(C)CC2)ccc1Nc1ncc(Cl)c(Nc2ccsc2S(=O)(=O)C(C)C)n1,1.0,9.0,1,537.1110000000001
COc1cc(N2CCN(C)CC2)ccc1Nc1ncc2ccc(-c3ccccc3N(C)S(C)(=O)=O)n2n1,9.0,8.045757490560675,1,521.6470000000003
COc1cc(N2CCN(C)CC2)ccc1Nc1ncc2ccc(-c3ccccc3OC)n2n1,9.0,8.045757490560675,1,444.5390000000002
COc1cc(N2CCN(C)CC2)ccc1Nc1ncc2sc(C(C)(C)O)c(-c3ccccc3OC)c2n1,130.0,6.886056647693163,1,519.6710000000003
COc1cc(N2CCN(C)CC2)ncc1-c1cnc(N)c(OC(C)c2c(Cl)ccc(F)c2Cl)c1,80.2,7.095825631715837,1,506.4090000000002
COc1cc(N2CCN(C)C[C@@H]2C)ncc1-c1cnc(N)c(OC(C)c2c(Cl)ccc(F)c2Cl)c1,38.1,7.419075024324381,1,520.4360000000003
COc1cc(N2CCN(C)C[C@@H]2C)ncc1-c1cnc(N)c(O[C@H](C)c2c(Cl)ccc(F)c2Cl)c1,22.4,7.649751981665837,1,520.4360000000003
COc1cc(N2CCN(C)C[C@H]2C)ncc1-c1cnc(N)c(OC(C)c2c(Cl)ccc(F)c2Cl)c1,75.7,7.120904120499927,1,520.4360000000003
COc1cc(N2CCN(C)C[C@H]2C)ncc1-c1cnc(N)c(O[C@H](C)c2c(Cl)ccc(F)c2Cl)c1,55.1,7.258848401148215,1,520.4360000000003
COc1cc(N2CCN(C3CCN(C)CC3)CC2)ccc1Nc1ncc(Cl)c(Nc2ccccc2P(C)(C)=O)n1,0.28,9.55284196865778,1,584.105
COc1cc(N2CCN(C3CCN(C)CC3)C[C@@H]2C)ncc1-c1cnc(N)c(O[C@H](C)c2c(Cl)ccc(F)c2Cl)c1,9.1,8.040958607678906,1,603.5700000000002
COc1cc(N2CCN(CC(=O)N(C)C)C2=O)ccc1Nc1ncc(Cl)c(Nc2ccccc2S(=O)(=O)C(C)C)n1,11.266666666666666,7.9482045544420075,1,602.1170000000001
COc1cc(N2CCN(CC(=O)N3CCC(=O)CC3)C2=O)ccc1Nc1ncc(Cl)c(Nc2ccccc2S(=O)(=O)C(C)C)n1,7.866666666666667,8.104209251749555,1,656.1650000000001
COc1cc(N2CCN(CC(=O)N3CCN(C)CC3)C2=O)ccc1Nc1ncc(Cl)c(Nc2ccccc2S(=O)(=O)C(C)C)n1,4.423333333333333,8.354250331855226,1,657.1970000000001
COc1cc(N2CCN(CC(N)=O)C2=O)ccc1Nc1ncc(Cl)c(Nc2ccccc2S(=O)(=O)C(C)C)n1,4.05,8.39254497678533,1,574.063
COc1cc(N2CCN(CCCN)C2=O)ccc1Nc1ncc(Cl)c(Nc2ccccc2S(=O)(=O)C(C)C)n1,7.233333333333333,8.140661520871133,1,574.107
COc1cc(N2CCN(CCN(C)C)C2=O)ccc1Nc1ncc(Cl)c(Nc2ccccc2S(=O)(=O)C(C)C)n1,2.876666666666667,8.541110459004452,1,588.134
COc1cc(N2CCN(CCO)CC2)ccc1Nc1ncc(C(F)(F)F)c(Nc2ccc(N3CCN(C(C)=O)CC3)cc2OC)n1,4.0,8.397940008672037,1,644.699
COc1cc(N2CCN(CCO)CC2)ccc1Nc1ncc(Cl)c(Nc2ccc(N3CCN(C(C)=O)CC3)cc2OC)n1,11.5,7.939302159646388,1,611.147
COc1cc(N2CCN(CCO)CC2)ccc1Nc1ncc(Cl)c(Nc2ccccc2P(C)(C)=O)n1,0.18,9.744727494896694,1,530.9970000000002
COc1cc(N2CCN(CCOCCOCCNC(=O)CNc3cccc4c3C(=O)N(C3CCC(=O)NC3=O)C4=O)CC2)ccc1Nc1ncc(Cl)c(Nc2ccccc2S(=O)(=O)C(C)C)n1,80.0,7.096910013008056,1,961.4989999999998
COc1cc(N2CCN(C[C@@H](C)O)CC2)ccc1Nc1ncc2ccc(-c3ccccc3N(C)S(C)(=O)=O)n2n1,15.0,7.823908740944319,1,565.7000000000002
COc1cc(N2CCN(C[C@@H](C)O)CC2)ccc1Nc1ncc2ccc(-c3ccccc3OC)n2n1,3.8,8.42021640338319,1,488.5920000000002
COc1cc(N2CCN(C[C@H](C)O)CC2)c(F)cc1Nc1ncc2ccc(-c3ccccc3N(C)S(C)(=O)=O)n2n1,14.0,7.853871964321762,1,583.6900000000002
COc1cc(N2CCN(C[C@H](C)O)CC2)ccc1Nc1ncc2ccc(-c3ccccc3N(C)S(C)(=O)=O)n2n1,9.666666666666666,8.014723256820707,1,565.7000000000002
COc1cc(N2CCN(C[C@H](C)O)CC2)ccc1Nc1ncc2ccc(-c3ccccc3OC)n2n1,5.0,8.301029995663981,1,488.5920000000002
COc1cc(N2CCN(N3CCN(C)CC3)CC2)ccc1Nc1ncc2ccc(-c3ccccc3OC)n2n1,8.8,8.05551732784983,1,528.6610000000001
COc1cc(N2CCN(N3CCOCC3)CC2)ccc1Nc1ncc2ccc(-c3ccccc3OC)n2n1,9.0,8.045757490560675,1,515.6180000000002
COc1cc(N2CCN(S(C)(=O)=O)CC2)ccc1Nc1ncc(C(F)(F)F)c(Nc2ccc(N3CCN(C(C)=O)CC3)cc2OC)n1,26.5,7.576754126063192,1,678.7379999999998
COc1cc(N2CCN(S(C)(=O)=O)CC2)ccc1Nc1ncc(Cl)c(Nc2ccc(N3CCN(C(C)=O)CC3)cc2OC)n1,31.5,7.501689446210399,1,645.186
COc1cc(N2CCN(S(C)(=O)=O)CC2)ccc1Nc1ncc(Cl)c(Nc2ccc(N3CCN(S(C)(=O)=O)CC3)cc2OC)n1,42.0,7.376750709602099,1,681.241
COc1cc(N2CCN(S(N)(=O)=O)CC2)ccc1Nc1ncc(Cl)c(Nc2ccc(N3CCN(C(C)=O)CC3)cc2OC)n1,50.0,7.301029995663981,1,646.174
COc1cc(N2CCNC(=O)C2)ncc1-c1cnc(N)c(O[C@H](C)c2c(Cl)ccc(F)c2Cl)c1,250.0,6.6020599913279625,1,506.36500000000024
COc1cc(N2CCNC2=O)ccc1Nc1ncc(Cl)c(Nc2ccccc2S(=O)(=O)C(C)C)n1,10.533333333333333,7.977434172101258,1,517.0110000000002
COc1cc(N2CCNCC2)c(C)cc1Nc1ncc(Cl)c(Nc2ccccc2S(=O)(=O)C(C)C)n1,5.5,8.259637310505756,1,531.0820000000001
COc1cc(N2CCNCC2)c(Cl)cc1-c1cnc(N)c(OC(C)c2cc(F)ccc2C(C)(F)F)c1,106.0,6.97469413473523,1,520.9830000000003
COc1cc(N2CCNCC2)c(Cl)cc1-c1cnc(N)c(OC(C)c2cc(F)ccc2C(F)F)c1,664.0,6.1778319206319825,1,506.9560000000002
COc1cc(N2CCNCC2)ccc1-c1cnc(N)c(OC(C)c2cc(F)ccc2C(C)(F)F)c1,44.8,7.348721986001856,1,486.5380000000002
COc1cc(N2CCNCC2)ccc1-c1cnc(N)c(OC(C)c2cc(F)ccc2C(F)F)c1,227.0,6.6439741428068775,1,472.51100000000014
COc1cc(N2CCNCC2)ccc1-c1cnc(N)cc1-c1ccnn1-c1ccc(F)c(Cl)c1,536.0,6.27083521030723,1,478.9590000000002
COc1cc(N2CCNCC2)ccc1-c1cnc(N)cc1-c1ccnn1-c1ccc(F)cc1,136.0,6.866461091629782,1,444.5140000000001
COc1cc(N2CCNCC2)ccc1Nc1cc(N2CCC[C@@H](C(=O)NCc3ccc(OC(F)(F)F)cc3)C2)ccn1,560.0,6.251811972993799,1,584.6430000000003
COc1cc(N2CCNCC2)ccc1Nc1cc(N2CCC[C@H](C(=O)NCc3ccc(OC(F)(F)F)cc3)C2)ccn1,107.65,6.967985965840494,1,584.6430000000003
COc1cc(N2CCNCC2)ccc1Nc1ncc(C(F)(F)F)c(Nc2ccc(N3CCN(C(C)=O)CC3)cc2OC)n1,3.0,8.522878745280337,1,600.6460000000001
COc1cc(N2CCNCC2)ccc1Nc1ncc(C(F)(F)F)c(Nc2ccc(N3CCNCC3)cc2OC)n1,3.5,8.455931955649724,1,558.6090000000002
COc1cc(N2CCNCC2)ccc1Nc1ncc(Cl)c(Nc2ccc(N3CCNCC3)cc2OC)n1,3.5,8.455931955649724,1,525.0570000000002
COc1cc(N2CCNCC2)ccc1Nc1ncc(Cl)c(Nc2ccccc2S(=O)(=O)C(C)C)n1,5.5,8.259637310505756,1,517.0550000000002
COc1cc(N2CCNCC2)ccc1Nc1ncc(F)c(Nc2ccc(N3CCN(C(C)=O)CC3)cc2OC(F)F)n1,91.5,7.0385789059335515,1,586.6190000000004
COc1cc(N2CCNCC2)ccc1Nc1ncnc(Nc2ccccc2S(=O)(=O)C(C)C)n1,5.5,8.259637310505756,1,483.5980000000002
COc1cc(N2CCNCC2)ncc1-c1cnc(N)c(O[C@H](C)c2c(Cl)ccc(F)c2Cl)c1,8.0,8.096910013008056,1,492.3820000000002
COc1cc(N2CCNC[C@@H]2C)ncc1-c1cnc(N)c(O[C@H](C)c2c(Cl)ccc(F)c2Cl)c1,8.13,8.089909454405932,1,506.4090000000002
COc1cc(N2CCOCC2)ccc1-c1nc2c(N[C@H]3[C@@H](C(N)=O)[C@@H]4C=C[C@H]3C4)c(Cl)cnc2[nH]1,23.5,7.628932137728263,1,494.9830000000002
COc1cc(N2CCOCC2)ccc1Nc1ncc(Cl)c(N[C@@H]2CCCC[C@@H]2NS(C)(=O)=O)n1,330.0,6.481486060122113,1,511.0480000000003
COc1cc(N2CCOCC2)ccc1Nc1ncc(Cl)c(N[C@@H]2CCCC[C@H]2NS(C)(=O)=O)n1,37.5,7.425968732272281,1,511.0480000000003
COc1cc(N2CCOCC2)ccc1Nc1ncc(Cl)c(N[C@H]2CCCC[C@@H]2NS(C)(=O)=O)n1,10000.0,5.0,0,511.0480000000003
COc1cc(N2CCOCC2)ccc1Nc1ncc(Cl)c(Nc2ccc(N3CCOCC3)cc2OC)n1,62.0,7.2076083105017466,1,527.0250000000003
COc1cc(N2CCOCC2)ccc1Nc1ncc(Cl)c(Nc2ccccc2P(C)(C)=O)n1,0.24,9.619788758288394,1,487.92800000000017
COc1cc(N2CCOCC2)ccc1Nc1ncc(Cl)c(Nc2ccsc2S(=O)(=O)C(C)C)n1,1.0,9.0,1,524.0680000000002
COc1cc(N2CCOCC2)ncc1-c1cnc(N)c(O[C@H](C)c2c(Cl)ccc(F)c2Cl)c1,175.0,6.756961951313706,1,493.3660000000002
COc1cc(N2CC[C@@H](N(C)C)C2)ccc1Nc1ncc(Cl)c(Nc2ccccc2P(C)(C)=O)n1,0.33,9.481486060122112,1,514.9980000000002
COc1cc(NC(=O)/C=C/CN2CCN(C)CC2)ccc1Nc1ncc(Cl)c(Nc2ccccc2S(=O)(=O)C(C)C)n1,7.066666666666667,8.15078539379091,1,614.172
COc1cc(NC(=O)C2CC2)ccc1Nc1ncc(Cl)c(Nc2ccccc2NC(C)=O)n1,7.3999999999999995,8.130768280269024,1,466.9290000000002
COc1cc(NC(=O)N2CCCC2)ccc1Nc1ncc(Cl)c(Nc2ccccc2NC(C)=O)n1,5.3,8.275724130399212,1,495.9710000000001
COc1cc(NC(=O)N2CCN(CCO)CC2)ccc1Nc1ncc(Cl)c(Nc2ccccc2NC(C)=O)n1,5.1000000000000005,8.292429823902063,1,555.039
COc1cc(NC(=O)N2CCOCC2)ccc1Nc1ncc(Cl)c(Nc2ccccc2NC(C)=O)n1,2.436666666666667,8.613203877761801,1,511.97000000000014
COc1cc(NC(=O)NC2CCC(=O)CC2)ccc1Nc1ncc(Cl)c(Nc2ccccc2NC(C)=O)n1,5.233333333333333,8.28122160231043,1,538.008
COc1cc(NC(=O)NCCc2cccnc2)ccc1Nc1ncc(Cl)c(Nc2ccc(N3CCOCC3)c(OC)c2)n1,1046.0,5.980468315468745,0,605.099
COc1cc(NC(=O)NCc2cccnc2)ccc1Nc1ncc(Cl)c(Nc2cc(OC)c(OC)c(OC)c2)n1,10000.0,5.0,0,566.0180000000001
COc1cc(NC(=O)NCc2cccnc2)ccc1Nc1ncc(Cl)c(Nc2ccc(N3CCN(C)CC3)cc2)n1,757.0,6.120904120499927,1,574.089
COc1cc(NC(=O)NCc2cccnc2)ccc1Nc1ncc(Cl)c(Nc2ccc(N3CCOCC3)c(OC)c2)n1,661.0,6.179798540514359,1,591.0720000000001
COc1cc(NC(=O)c2csc(Nc3ncc(Cl)c(Nc4ccccc4S(=O)(=O)C(C)C)n3)n2)cc(OC)c1OC,1000.0,6.0,1,619.1250000000001
COc1cc(NCC2CCCO2)ccc1Nc1ncc(Cl)c(Nc2ccccc2NS(C)(=O)=O)n1,4.5,8.346787486224656,1,519.0270000000002
COc1cc(Nc2cc(N3CCC[C@H](C(=O)NCc4ccc(C)cc4)C3)ccn2)cc(OC)c1OC,4340.0,5.36251027048749,0,490.6040000000002
COc1cc(Nc2cc(OC(C)c3cccc(C(=O)NCc4ccc(C)cc4)c3)ccn2)cc(OC)c1OC,8700.0,5.060480747381382,0,527.6210000000002
COc1cc(Nc2nc(NC3CCOCC3)c(C(C)C)nc2C(N)=O)ccc1N1CCN(C)CC1,1.4,8.853871964321762,1,483.61700000000036
COc1cc(Nc2nc(Nc3ccc(N4CCC(N(C)C)CC4)cc3OC)ncc2Cl)cc(B(O)O)c1,193.20000000000002,6.713992877920526,1,526.8340000000004
COc1cc(Nc2ncc(Cl)c(Nc3ccccc3C(=O)C(=O)N(C)C)n2)ccc1N1CCC(N(C)C)CC1,10.9,7.962573502059376,1,552.0790000000002
COc1cc(Nc2ncc(Cl)c(Nc3ccccc3C(=O)C(=O)N(C)C)n2)ccc1N1CCN(C)CC1,12.1,7.91721462968355,1,524.0250000000003
COc1cc(Nc2ncc3ccc(-c4ccccc4)n3n2)cc(OC)c1OC,212.0,6.673664139071248,1,376.41600000000017
COc1cc(Nc2nccc(N3CCC[C@@H](C(=O)NCc4ccc(C)cc4)C3)n2)cc(OC)c1OC,4120.0,5.3851027839668655,0,491.59200000000027
COc1cc(Nc2nccc(N3CCC[C@H](C(=O)NCC(=O)c4ccccc4)C3)n2)cc(OC)c1OC,2940.0,5.531652669587842,0,505.5750000000003
COc1cc(Nc2nccc(N3CCC[C@H](C(=O)NCCCc4ccccc4)C3)n2)cc(OC)c1OC,6710.0,5.1732774798310075,0,505.6190000000003
COc1cc(Nc2nccc(N3CCC[C@H](C(=O)NCCc4ccccc4)C3)n2)cc(OC)c1OC,358.0,6.446116973356125,1,491.59200000000027
COc1cc(Nc2nccc(N3CCC[C@H](C(=O)NCc4ccc(-c5ccccc5)cc4)C3)n2)cc(OC)c1OC,138.0,6.860120913598763,1,553.6630000000002
COc1cc(Nc2nccc(N3CCC[C@H](C(=O)NCc4ccc(C)cc4)C3)n2)cc(OC)c1,325.0,6.488116639021126,1,461.5660000000002
COc1cc(Nc2nccc(N3CCC[C@H](C(=O)NCc4ccc(C)cc4)C3)n2)cc(OC)c1OC,279.0,6.554395796726403,1,491.59200000000027
COc1cc(Nc2nccc(N3CCC[C@H](C(=O)NCc4ccc(Cl)cc4)C3)n2)cc(OC)c1OC,95.0,7.022276394711152,1,512.0100000000002
COc1cc(Nc2nccc(N3CCC[C@H](C(=O)NCc4ccc(OC(F)(F)F)cc4)C3)n2)cc(OC)c1OC,10.0,8.0,1,561.5610000000001
COc1cc(Nc2nccc(N3CCC[C@H](C(=O)NCc4ccc([N+](=O)[O-])cc4)C3)n2)cc(OC)c1OC,2930.0,5.533132379645891,0,522.5620000000002
COc1cc(Nc2nccc(N3CCC[C@H](C(=O)NCc4cccc(-c5ccccc5)c4)C3)n2)cc(OC)c1OC,121.5,6.915423722065669,1,553.6630000000002
COc1cc(Nc2nccc(N3CCC[C@H](C(=O)NCc4cccc(C)c4)C3)n2)cc(OC)c1OC,83.0,7.080921907623926,1,491.59200000000027
COc1cc(Nc2nccc(N3CCC[C@H](C(=O)NCc4cccc(Cl)c4)C3)n2)cc(OC)c1OC,153.0,6.815308569182402,1,512.0100000000002
COc1cc(Nc2nccc(N3CCC[C@H](C(=O)NCc4cccc(N5CCOCC5)c4)C3)n2)cc(OC)c1OC,29.5,7.530177984021837,1,562.6710000000003
COc1cc(Nc2nccc(N3CCC[C@H](C(=O)NCc4cccc(OC(F)(F)F)c4)C3)n2)cc(OC)c1OC,37.5,7.425968732272281,1,561.5610000000001
COc1cc(Nc2nccc(N3CCC[C@H](C(=O)NCc4cccc(Oc5ccccc5)c4)C3)n2)cc(OC)c1OC,192.0,6.716698771296451,1,569.6620000000001
COc1cc(Nc2nccc(N3CCC[C@H](C(=O)NCc4cccc([N+](=O)[O-])c4)C3)n2)cc(OC)c1OC,70.0,7.154901959985743,1,522.5620000000002
COc1cc(Nc2nccc(N3CCC[C@H](C(=O)NCc4ccccc4)C3)n2)cc(OC)c1OC,364.0,6.438898616350944,1,477.5650000000002
COc1cc(Nc2nccc(N3CCC[C@H](C(=O)NCc4ccccc4C)C3)n2)cc(OC)c1OC,341.0,6.467245621007502,1,491.59200000000027
COc1cc(Nc2nccc(N3CCC[C@H](C(=O)NCc4ccccc4Cl)C3)n2)cc(OC)c1OC,587.0,6.231361898752385,1,512.0100000000002
COc1cc(Nc2nccc(N3CCC[C@H](C(=O)N[C@@H](C)c4ccccc4)C3)n2)cc(OC)c1OC,2600.0,5.585026652029182,0,491.5920000000002
COc1cc(Nc2nccc(N3CCC[C@H](C(=O)N[C@H](C)c4ccccc4)C3)n2)cc(OC)c1OC,2010.0,5.696803942579511,0,491.5920000000002
COc1cc(Nc2nccc(N3CCC[C@H](C(=O)Nc4ccccc4)C3)n2)cc(OC)c1OC,833.0,6.079354998593212,1,463.5380000000002
COc1cc(O)c2c(c1)CCCCCC(=O)/C=C\C[C@H](C)OC2=O,3500.0,5.455931955649724,0,332.3960000000001
COc1cc(O)c2c(c1)CCC[C@H](O)CC(=O)/C=C/C[C@H](C)OC2=O,10000.0,5.0,0,348.3950000000001
COc1cc(O)c2c(c1)CCC[C@H](O)CC(=O)/C=C\C[C@H](C)OC2=O,763.0,6.117475462045119,1,348.3950000000001
COc1cc(O)c2c(c1)CCC[C@H](O)[C@H](O)C(=O)/C=C\C[C@H](C)OC2=O,763.0,6.117475462045119,1,364.3940000000001
COc1cc(OC)c(C(C)C)cc1C(=O)NCC(=O)Nc1cccc(Nc2ncc(Cl)c(Nc3ccccc3S(=O)(=O)C(C)C)n2)c1,1000.0,6.0,1,681.215
COc1cc(OC2CCN(C)C2)ccc1Nc1ncc(Cl)c(Nc2ccccc2P(C)(C)=O)n1,0.33,9.481486060122112,1,501.9550000000002
COc1cc(OC2CCN(C)CC2)ccc1Nc1ncc(Cl)c(Nc2ccccc2P(C)(C)=O)n1,0.54,9.267606240177031,1,515.9820000000001
COc1cc(OCC2CCCO2)ccc1Nc1ncc(Cl)c(Nc2ccccc2NS(C)(=O)=O)n1,2.8000000000000003,8.55284196865778,1,520.0110000000001
COc1cc(OCCCN2CCCC2)ccc1Nc1ncc(Cl)c(Nc2ccccc2P(C)(C)=O)n1,0.22,9.657577319177793,1,530.0090000000001
COc1cc(Oc2nc[nH]c(=O)c2/C=C/C(C)=O)c(C(C)=O)cc1OC,7540.0,5.122628654130226,0,358.35000000000014
COc1cc(P(C)(C)=O)ccc1Nc1ncc(Cl)c(Nc2ccccc2C(C)=O)n1,0.79,9.102372908709558,1,444.85900000000015
COc1cc(P(C)(C)=O)ccc1Nc1ncc(Cl)c(Nc2ccccc2C(N)=O)n1,0.68,9.167491087293763,1,445.84700000000015
COc1cc(P(C)(C)=O)ccc1Nc1ncc(Cl)c(Nc2ccccc2OC)n1,0.96,9.017728766960431,1,432.8480000000001
COc1cc(P(C)(C)=O)ccc1Nc1ncc(Cl)c(Nc2ccccc2P(C)(C)=O)n1,1.06,8.97469413473523,1,478.85700000000014
COc1cc(P(C)(C)=O)ccc1Nc1ncc(Cl)c(Nc2ccccc2S(=O)(=O)C(C)C)n1,0.31,9.508638306165727,1,508.9680000000002
COc1cc(P(C)(C)=O)ccc1Nc1ncc(Cl)c(Nc2ccccc2S(C)(=O)=O)n1,0.33,9.481486060122112,1,480.91400000000016
COc1cc(S(=O)(=O)CC(=O)N2CCN(C)CC2)ccc1Nc1ncc(Cl)c(Nc2ccccc2S(=O)(=O)C(C)C)n1,21.633333333333336,7.6648765579192935,1,637.1840000000001
COc1cc(S(C)(=O)=O)ccc1-c1cccc2cnc(Nc3ccc(C4CCNCC4)c4c3OC(C)C4)nc12,3.4,8.468521082957745,1,544.6770000000002
COc1cc(S(C)(=O)=O)ccc1-c1cccc2cnc(Nc3ccc(C4CCNCC4)c4c3OCC4)nc12,14.0,7.853871964321762,1,530.6500000000003
COc1cc(SCc2ccc(CN(C)C)o2)ccc1Nc1ncc(Cl)c(Nc2ccccc2NS(C)(=O)=O)n1,3.0666666666666664,8.513333427374107,1,589.143
COc1cc(SCc2ccc(CN3CCCC3)o2)ccc1Nc1ncc(Cl)c(Nc2ccccc2NS(C)(=O)=O)n1,3.3666666666666667,8.47279988093702,1,615.1810000000002
COc1cc([C@@H]2CCN(CC(N)=O)C[C@@H]2O)ccc1Nc1ncc2ccc(-c3ccccc3OC)n2n1,15.0,7.823908740944319,1,502.5750000000002
COc1cc([C@@H]2CCN(CCO)C[C@@H]2O)ccc1Nc1ncc2ccc(-c3ccccc3OC)n2n1,31.5,7.501689446210399,1,489.5760000000002
COc1cc([C@@H]2CCNC[C@@H]2O)ccc1Nc1ncc2ccc(-c3ccccc3OC)n2n1,64.0,7.1938200260161125,1,445.5230000000002
COc1cc([C@@]2(O)CCN(C(=O)OC(C)(C)C)C[C@@H]2O)ccc1Nc1ncc2ccc(-c3ccccc3OC)n2n1,57.0,7.2441251443275085,1,561.639
COc1cc([C@@]2(O)CCN(C)C[C@@H]2O)ccc1Nc1ncc2ccc(-c3ccccc3OC)n2n1,16.5,7.782516055786093,1,475.5490000000002
COc1cc([C@@]2(O)CCN(CC(N)=O)C[C@@H]2O)ccc1Nc1ncc2ccc(-c3ccccc3N(C)S(C)(=O)=O)n2n1,107.5,6.968591535748375,1,595.682
COc1cc([C@@]2(O)CCN(CC(N)=O)C[C@@H]2O)ccc1Nc1ncc2ccc(-c3ccccc3OC)n2n1,33.0,7.481486060122112,1,518.5740000000002
COc1cc([C@@]2(O)CCNC[C@@H]2O)ccc1Nc1ncc2ccc(-c3ccccc3N(C)S(C)(=O)=O)n2n1,253.0,6.5968794788241825,1,538.6300000000002
COc1cc([C@@]2(O)CCNC[C@@H]2O)ccc1Nc1ncc2ccc(-c3ccccc3OC)n2n1,22.0,7.657577319177793,1,461.5220000000002
COc1cc([C@H]2CCN(CCO)C[C@@H]2O)ccc1Nc1ncc2ccc(-c3ccccc3OC)n2n1,27.5,7.560667306169737,1,489.5760000000002
COc1cc2c(-c3ccc(O)cc3)nc3[nH]nc(C)c3c2cc1OC,99.0,7.00436480540245,1,335.3630000000001
COc1cc2c(=O)c3c4ccc(C#N)cc4[nH]c3n(C(C)C)c2c(F)c1C1CCN(C(C)C)CC1,2.5,8.602059991327963,1,474.5800000000004
COc1cc2c(=O)c3c4ccc(C#N)cc4[nH]c3n(C(C)C)c2c(F)c1C1CCN(C)CC1,0.49,9.309803919971486,1,446.52600000000035
COc1cc2c(=O)c3c4ccc(C#N)cc4[nH]c3n(C(C)C)c2c(F)c1C1CCN(C2CCOCC2)CC1,1.3,8.886056647693163,1,516.6170000000004
COc1cc2c(=O)c3c4ccc(C#N)cc4[nH]c3n(C(C)C)c2c(F)c1C1CCN(C2COC2)CC1,5.5,8.259637310505756,1,488.56300000000044
COc1cc2c(=O)c3c4ccc(C#N)cc4[nH]c3n(C(C)C)c2c(F)c1C1CCN(CCO)CC1,0.62,9.207608310501746,1,476.5520000000004
COc1cc2c(=O)c3c4ccc(C#N)cc4[nH]c3n(C(C)C)c2c(F)c1N1CCC(N(C)C)CC1,5.8,8.236572006437063,1,475.5680000000004
COc1cc2c(=O)c3c4ccc(C#N)cc4[nH]c3n(C(C)C)c2c(F)c1N1CCC(N2CCOCC2)CC1,4.0,8.397940008672037,1,517.6050000000005
COc1cc2c(=O)c3c4ccc(C#N)cc4[nH]c3n(C(C)C)c2c(F)c1N1CCN(C)C(C)(C)C1,1.5,8.823908740944319,1,475.5680000000004
COc1cc2c(=O)c3c4ccc(C#N)cc4[nH]c3n(C(C)C)c2c(F)c1N1CCN(C)CC1,8.9,8.050609993355087,1,447.51400000000035
COc1cc2c(=O)c3c4ccc(C#N)cc4[nH]c3n(C(C)C)c2c(F)c1N1CCN(C)[C@@H](C)C1,4.8,8.318758762624412,1,461.54100000000034
COc1cc2c(=O)c3c4ccc(C#N)cc4[nH]c3n(C(C)C)c2c(F)c1N1CCN(C)[C@H](C)C1,2.2,8.657577319177793,1,461.54100000000034
COc1cc2c(=O)c3c4ccc(C#N)cc4[nH]c3n(C(C)C)c2c(F)c1N1CCNC(C)(C)C1,2.6,8.585026652029182,1,461.54100000000034
COc1cc2c(=O)c3c4ccc(C#N)cc4[nH]c3n(C(C)C)c2c(F)c1N1CCN[C@@H](C)C1,4.9,8.309803919971486,1,447.5140000000003
COc1cc2c(=O)c3c4ccc(C#N)cc4[nH]c3n(C(C)C)c2c(F)c1N1CCN[C@H](C)C1,3.9,8.4089353929735,1,447.5140000000003
COc1cc2c(=O)c3c4ccc(C#N)cc4[nH]c3n(C(C)C)c2c(F)c1N1C[C@@H](C)N(C)[C@@H](C)C1,5.3999999999999995,8.267606240177031,1,475.5680000000003
COc1cc2c(=O)c3c4ccc(C#N)cc4[nH]c3n(C(C)C)c2c(F)c1N1C[C@@H](C)N[C@@H](C)C1,2.6,8.585026652029182,1,461.5410000000003
COc1cc2c(=O)c3c4ccc(C#N)cc4[nH]c3n(C(C)C)c2cc1N1CCN(C)CC1,4.8,8.318758762624412,1,429.52400000000034
COc1cc2c(=O)c3c4ccc(C#N)cc4[nH]c3n(C3CC3)c2cc1N1CCN(C)CC1,16.5,7.782516055786093,1,427.5080000000004
COc1cc2c(=O)c3c4ccc(C#N)cc4[nH]c3n(C3CCC3)c2cc1N1CCN(C)CC1,12.7,7.896196279044043,1,441.5350000000004
COc1cc2c(=O)c3c4ccc(C#N)cc4[nH]c3n(C3CCCC3)c2cc1N1CCN(C)CC1,5.2,8.2839966563652,1,455.56200000000047
COc1cc2c(=O)c3c4ccc(C#N)cc4[nH]c3n(C3CCCCC3)c2cc1N1CCN(C)CC1,1.6,8.795880017344075,1,469.5890000000005
COc1cc2c(Oc3ccc(NC(=O)C4(C(=O)Nc5ccc(F)cc5)CC4)cc3F)ccnc2cc1OCCCC(=O)NO,630.0,6.200659450546418,1,606.5820000000001
COc1cc2c(Oc3ccc(NC(=O)C4(C(=O)Nc5ccc(F)cc5)CC4)cc3F)ccnc2cc1OCCCN1CCOCC1,3726.6666666666665,5.428679451169258,0,632.6639999999998
COc1cc2c(Oc3ccc(NC(=O)NS(=O)(=O)Cc4ccc(F)cc4)cc3F)ccnc2cc1OCCCN1CCCC1,10000.0,5.0,0,626.6819999999997
COc1cc2c(Oc3ccc(NC(=O)c4cc5cccnc5n(-c5ccc(F)cc5)c4=O)cc3F)ccnc2cc1OCCCN1CCN(C)CC1,199.7,6.699621935129297,1,706.7499999999994
COc1cc2c(Oc3ccc(NC(=O)c4cn(-c5ccccc5OC)cn4)cc3F)ccnc2cc1OCCCN1CCN(C)CC1,3333.0,5.47716468633947,0,640.7159999999997
COc1cc2c(Oc3ccc(NC(=O)c4nc5ccccc5n(-c5ccc(F)cc5)c4=O)cc3F)ccnc2cc1OCCCN1CCN(C)CC1,2840.72,5.546571571080902,0,706.7499999999994
COc1cc2c(c(Br)c1Nc1ncc(Cl)c(Nc3ccccc3S(=O)(=O)C(C)C)n1)CCNC2(C)C,10.0,8.0,1,594.963
COc1cc2c(c(Cl)c1Nc1ncc(Cl)c(Nc3ccccc3S(=O)(=O)C(C)C)n1)CCNC2(C)C,10.0,8.0,1,550.5120000000002
COc1cc2c(cc1Br)C(C)(C)c1[nH]c3cc(C#N)ccc3c1C2=O,29.29,7.533280628318401,1,395.25600000000014
COc1cc2c(cc1C#CC(=O)O)C(=O)c1c([nH]c3cc(C#N)ccc13)C2(C)C,6.668,8.176004408844033,1,384.39100000000013
COc1cc2c(cc1CCC(C)(C)O)C(=O)c1c([nH]c3cc(C#N)ccc13)C2(C)C,8.113,8.090818524022147,1,402.49400000000014
COc1cc2c(cc1Nc1nc(Nc3ccccc3S(=O)(=O)C(C)C)c3[nH]ccc3n1)N(C(=O)CN(C)C)CC2,4.2,8.3767507096021,1,563.6840000000001
COc1cc2c(cc1Nc1nc(Nc3ccsc3C(N)=O)c3cc[nH]c3n1)N(C(=O)CN(C)C)CC2,0.4,9.397940008672037,1,506.5920000000004
COc1cc2c(cc1Nc1ncc(Cl)c(N[C@H]3[C@@H](C(N)=O)[C@@H]4C=C[C@H]3C4)n1)CCC(N1CCN(C)CC1)CC2,83.0,7.080921907623926,1,552.1230000000003
COc1cc2c(cc1Nc1ncc(Cl)c(N[C@H]3[C@@H](C(N)=O)[C@@H]4C=C[C@H]3C4)n1)CCC(N1CCOCC1)CC2,45.5,7.341988603342887,1,539.0800000000004
COc1cc2c(cc1Nc1ncc(Cl)c(Nc3ccc(C#N)cc3OC)n1)CCN(CC(=O)N(C)C)CC2,36.0,7.443697499232712,1,536.0360000000003
COc1cc2c(cc1Nc1ncc(Cl)c(Nc3ccc(C(N)=O)cc3OC)n1)CCN(CC(=O)N(C)C)CC2,35.5,7.449771646944906,1,554.0510000000003
COc1cc2c(cc1Nc1ncc(Cl)c(Nc3ccc(N4CCOCC4)cc3)n1)CCN(CC(=O)N(C)C)CC2,49.0,7.309803919971486,1,566.1060000000002
COc1cc2c(cc1Nc1ncc(Cl)c(Nc3ccc(N4CCOCC4)cc3OC)n1)CCN(CC(=O)N(C)C)CC2,17.0,7.769551078621726,1,596.1320000000002
COc1cc2c(cc1Nc1ncc(Cl)c(Nc3ccc(N4CCOCC4)cc3OC)n1)CCN(CC(F)F)CC2,58.0,7.236572006437063,1,575.0600000000004
COc1cc2c(cc1Nc1ncc(Cl)c(Nc3ccc(N4CCOCC4)cc3OC)n1)CCN(CCS(C)(=O)=O)CC2,55.0,7.259637310505756,1,617.1720000000004
COc1cc2c(cc1Nc1ncc(Cl)c(Nc3ccccc3OC)n1)CCN(CC(=O)N(C)C)CC2,34.5,7.462180904926726,1,511.0260000000004
COc1cc2c(cc1Nc1ncc(Cl)c(Nc3ccccc3S(=O)(=O)C(C)C)n1)C(=O)N(C1CN(C(=O)CN(C)C)C1)C2,6.0,8.221848749616356,1,628.1549999999999
COc1cc2c(cc1Nc1ncc(Cl)c(Nc3ccccc3S(=O)(=O)C(C)C)n1)C(=O)N(C1CN(C(=O)[C@@H]3CCCN3)C1)C2,12.0,7.920818753952375,1,640.1659999999998
COc1cc2c(cc1Nc1ncc(Cl)c(Nc3ccccc3S(=O)(=O)C(C)C)n1)C(=O)N(C1CN(C(=O)[C@@H]3CCCN3C)C1)C2,5.0,8.301029995663981,1,654.1929999999998
COc1cc2c(cc1Nc1ncc(Cl)c(Nc3ccccc3S(=O)(=O)C(C)C)n1)C(=O)NCC2,10.0,8.0,1,501.99600000000027
COc1cc2c(cc1Nc1ncc(Cl)c(Nc3ccccc3S(=O)(=O)C(C)C)n1)C(=O)NCCC2,8.799999999999999,8.05551732784983,1,516.0230000000003
COc1cc2c(cc1Nc1ncc(Cl)c(Nc3ccccc3S(=O)(=O)C(C)C)n1)C(C)(C)/C(=N/N1CCN(C)CC1)CC2,122.0,6.913640169325252,1,626.2269999999997
COc1cc2c(cc1Nc1ncc(Cl)c(Nc3ccccc3S(=O)(=O)C(C)C)n1)C(C)(C)/C(=N/N1CCOCC1)CC2,172.0,6.764471553092451,1,613.1839999999999
COc1cc2c(cc1Nc1ncc(Cl)c(Nc3ccccc3S(=O)(=O)C(C)C)n1)C(C)(C)/C(=N/NC(=N)N)CC2,58.0,7.236572006437063,1,585.134
COc1cc2c(cc1Nc1ncc(Cl)c(Nc3ccccc3S(=O)(=O)C(C)C)n1)C(C)(C)/C(=N/NC(C)=O)CC2,126.5,6.897909474488163,1,585.1300000000001
COc1cc2c(cc1Nc1ncc(Cl)c(Nc3ccccc3S(=O)(=O)C(C)C)n1)C(C)(C)/C(=N/NC(N)=O)CC2,56.5,7.247951552180561,1,586.118
COc1cc2c(cc1Nc1ncc(Cl)c(Nc3ccccc3S(=O)(=O)C(C)C)n1)C(C)(C)/C(=N/O)CC2,512.0,6.29073003902417,1,544.0770000000001
COc1cc2c(cc1Nc1ncc(Cl)c(Nc3ccccc3S(=O)(=O)C(C)C)n1)C(C)(C)C(=O)CC2,859.0,6.066006836168758,1,529.0620000000001
COc1cc2c(cc1Nc1ncc(Cl)c(Nc3ccccc3S(=O)(=O)C(C)C)n1)C(C)(C)C(N)CC2,60.5,7.218244625347531,1,530.0940000000002
COc1cc2c(cc1Nc1ncc(Cl)c(Nc3ccccc3S(=O)(=O)C(C)C)n1)C(C)(C)C(O)CC2,71.5,7.14569395819892,1,531.0780000000001
COc1cc2c(cc1Nc1ncc(Cl)c(Nc3ccccc3S(=O)(=O)C(C)C)n1)C(C)(C)CN(C(=O)C(F)(F)F)C2,10.0,8.0,1,612.0740000000003
COc1cc2c(cc1Nc1ncc(Cl)c(Nc3ccccc3S(=O)(=O)C(C)C)n1)C(C)(C)CNC2,10.0,8.0,1,516.0670000000002
COc1cc2c(cc1Nc1ncc(Cl)c(Nc3ccccc3S(=O)(=O)C(C)C)n1)C(C)(C)NCC2,10.0,8.0,1,516.0670000000002
COc1cc2c(cc1Nc1ncc(Cl)c(Nc3ccccc3S(=O)(=O)C(C)C)n1)C(C)NCC2,10.0,8.0,1,502.04000000000025
COc1cc2c(cc1Nc1ncc(Cl)c(Nc3ccccc3S(=O)(=O)C(C)C)n1)C1(CCCC1)CN(C(=O)C(F)(F)F)C2,10.0,8.0,1,638.1120000000003
COc1cc2c(cc1Nc1ncc(Cl)c(Nc3ccccc3S(=O)(=O)C(C)C)n1)C1(CCCC1)CNC2,1.0,9.0,1,542.1050000000002
COc1cc2c(cc1Nc1ncc(Cl)c(Nc3ccccc3S(=O)(=O)C(C)C)n1)C1(CCCCC1)CN(C(=O)C(F)(F)F)C2,10.0,8.0,1,652.1390000000002
COc1cc2c(cc1Nc1ncc(Cl)c(Nc3ccccc3S(=O)(=O)C(C)C)n1)C1(CCCCC1)CNC2,10.0,8.0,1,556.1320000000002
COc1cc2c(cc1Nc1ncc(Cl)c(Nc3ccccc3S(=O)(=O)C(C)C)n1)C1CNCC(=O)N1CC2,6.533333333333334,8.184865183363186,1,557.076
COc1cc2c(cc1Nc1ncc(Cl)c(Nc3ccccc3S(=O)(=O)C(C)C)n1)C1CNCC(=O)N1CC2(C)C,10.0,8.0,1,585.13
COc1cc2c(cc1Nc1ncc(Cl)c(Nc3ccccc3S(=O)(=O)C(C)C)n1)C1CNCCN1CC2,8.933333333333334,8.048986460690873,1,543.0930000000001
COc1cc2c(cc1Nc1ncc(Cl)c(Nc3ccccc3S(=O)(=O)C(C)C)n1)C1CNCCN1CC2(C)C,10.0,8.0,1,571.147
COc1cc2c(cc1Nc1ncc(Cl)c(Nc3ccccc3S(=O)(=O)C(C)C)n1)CC/C(=N\N1CCN(C)CC1)C2(C)C,4.45,8.351639989019068,1,626.2269999999999
COc1cc2c(cc1Nc1ncc(Cl)c(Nc3ccccc3S(=O)(=O)C(C)C)n1)CC/C(=N\N1CCOCC1)C2(C)C,40.0,7.3979400086720375,1,613.184
COc1cc2c(cc1Nc1ncc(Cl)c(Nc3ccccc3S(=O)(=O)C(C)C)n1)CC/C(=N\NC(=N)N)C2(C)C,27.5,7.560667306169737,1,585.134
COc1cc2c(cc1Nc1ncc(Cl)c(Nc3ccccc3S(=O)(=O)C(C)C)n1)CC/C(=N\NC(C)=O)C2(C)C,30.5,7.515700160653214,1,585.1300000000001
COc1cc2c(cc1Nc1ncc(Cl)c(Nc3ccccc3S(=O)(=O)C(C)C)n1)CC/C(=N\NC(N)=O)C2(C)C,35.5,7.449771646944906,1,586.118
COc1cc2c(cc1Nc1ncc(Cl)c(Nc3ccccc3S(=O)(=O)C(C)C)n1)CC/C(=N\O)C2(C)C,212.0,6.673664139071248,1,544.0770000000002
COc1cc2c(cc1Nc1ncc(Cl)c(Nc3ccccc3S(=O)(=O)C(C)C)n1)CC1(CC1)N(C(=O)C(F)(F)F)C2C,10.0,8.0,1,624.0850000000004
COc1cc2c(cc1Nc1ncc(Cl)c(Nc3ccccc3S(=O)(=O)C(C)C)n1)CC1(CC1)NC2C,10.0,8.0,1,528.0780000000003
COc1cc2c(cc1Nc1ncc(Cl)c(Nc3ccccc3S(=O)(=O)C(C)C)n1)CCC(=O)C2(C)C,125.0,6.903089986991944,1,529.0620000000002
COc1cc2c(cc1Nc1ncc(Cl)c(Nc3ccccc3S(=O)(=O)C(C)C)n1)CCC(N)C2(C)C,1.1,8.958607314841775,1,530.0940000000003
COc1cc2c(cc1Nc1ncc(Cl)c(Nc3ccccc3S(=O)(=O)C(C)C)n1)CCC(NC(=O)CN(C)C)C2(C)C,3.9000000000000004,8.4089353929735,1,615.1999999999999
COc1cc2c(cc1Nc1ncc(Cl)c(Nc3ccccc3S(=O)(=O)C(C)C)n1)CCC(NC(=O)CO)C2(C)C,8.0,8.096910013008056,1,588.1300000000001
COc1cc2c(cc1Nc1ncc(Cl)c(Nc3ccccc3S(=O)(=O)C(C)C)n1)CCC(O)C2(C)C,38.5,7.414539270491499,1,531.0780000000002
COc1cc2c(cc1Nc1ncc(Cl)c(Nc3ccccc3S(=O)(=O)C(C)C)n1)CCC1=NN(C)CCN12,4.8999999999999995,8.309803919971486,1,556.0920000000001
COc1cc2c(cc1Nc1ncc(Cl)c(Nc3ccccc3S(=O)(=O)C(C)C)n1)CCC1=NNCCN12,4.315,8.36501919994877,1,542.065
COc1cc2c(cc1Nc1ncc(Cl)c(Nc3ccccc3S(=O)(=O)C(C)C)n1)CCCN(C(=O)CO)C2,767.0,6.115204636051019,1,560.0760000000002
COc1cc2c(cc1Nc1ncc(Cl)c(Nc3ccccc3S(=O)(=O)C(C)C)n1)CCCN(C(C)=O)C2,1536.6666666666667,5.813420329330015,0,544.0770000000002
COc1cc2c(cc1Nc1ncc(Cl)c(Nc3ccccc3S(=O)(=O)C(C)C)n1)CCCN(C1CCNCC1)C2,566.8866666666667,6.246503757616879,1,585.174
COc1cc2c(cc1Nc1ncc(Cl)c(Nc3ccccc3S(=O)(=O)C(C)C)n1)CCCN(C1CCOCC1)C2,666.9266666666666,6.1759219172272495,1,586.158
COc1cc2c(cc1Nc1ncc(Cl)c(Nc3ccccc3S(=O)(=O)C(C)C)n1)CCCN(C1COC1)C2,1470.0,5.8326826652518236,0,558.1040000000002
COc1cc2c(cc1Nc1ncc(Cl)c(Nc3ccccc3S(=O)(=O)C(C)C)n1)CCCN(CCO)C2,433.51666666666665,6.362994201296825,1,546.0930000000003
COc1cc2c(cc1Nc1ncc(Cl)c(Nc3ccccc3S(=O)(=O)C(C)C)n1)CCCNC2,4.8,8.318758762624412,1,502.0400000000003
COc1cc2c(cc1Nc1ncc(Cl)c(Nc3ccccc3S(=O)(=O)C(C)C)n1)CCCNC2(C)C,10.0,8.0,1,530.0940000000003
COc1cc2c(cc1Nc1ncc(Cl)c(Nc3ccccc3S(=O)(=O)C(C)C)n1)CCCNC2=O,5.233333333333333,8.28122160231043,1,516.0230000000003
COc1cc2c(cc1Nc1ncc(Cl)c(Nc3ccccc3S(=O)(=O)C(C)C)n1)CCN(C(=O)C(F)(F)F)C2(C)C,10.0,8.0,1,612.0740000000003
COc1cc2c(cc1Nc1ncc(Cl)c(Nc3ccccc3S(=O)(=O)C(C)C)n1)CCN(C(=O)CO)C2,4.0,8.397940008672037,1,546.0490000000002
COc1cc2c(cc1Nc1ncc(Cl)c(Nc3ccccc3S(=O)(=O)C(C)C)n1)CCN(C(=O)CO)C2(C)C,10.0,8.0,1,574.1030000000002
COc1cc2c(cc1Nc1ncc(Cl)c(Nc3ccccc3S(=O)(=O)C(C)C)n1)CCN(C(=O)CO)CC2,4036.6666666666665,5.393977111576611,0,560.0760000000001
COc1cc2c(cc1Nc1ncc(Cl)c(Nc3ccccc3S(=O)(=O)C(C)C)n1)CCN(C(C)=O)C2,14.0,7.853871964321762,1,530.0500000000002
COc1cc2c(cc1Nc1ncc(Cl)c(Nc3ccccc3S(=O)(=O)C(C)C)n1)CCN(C)C2,253.33333333333334,6.596307662438871,1,502.0400000000003
COc1cc2c(cc1Nc1ncc(Cl)c(Nc3ccccc3S(=O)(=O)C(C)C)n1)CCN(C1CCNCC1)C2,10.0,8.0,1,571.147
COc1cc2c(cc1Nc1ncc(Cl)c(Nc3ccccc3S(=O)(=O)C(C)C)n1)CCN(CC(=O)N(C)C)C2,22.333333333333332,7.651046452018836,1,573.1190000000001
COc1cc2c(cc1Nc1ncc(Cl)c(Nc3ccccc3S(=O)(=O)C(C)C)n1)CCN(CCN(C)C)C2,402.6666666666667,6.395054320434549,1,559.1360000000002
COc1cc2c(cc1Nc1ncc(Cl)c(Nc3ccccc3S(=O)(=O)C(C)C)n1)CCN(CCO)C2,4.0,8.397940008672037,1,532.0660000000003
COc1cc2c(cc1Nc1ncc(Cl)c(Nc3ccccc3S(=O)(=O)C(C)C)n1)CCN(CCO)CC2,4736.666666666667,5.324527176792192,0,546.0930000000002
COc1cc2c(cc1Nc1ncc(Cl)c(Nc3ccccc3S(=O)(=O)C(C)C)n1)CCN(Cc1ccccc1)C2(C)C,10.0,8.0,1,606.1920000000002
COc1cc2c(cc1Nc1ncc(Cl)c(Nc3ccccc3S(=O)(=O)C(C)C)n1)CCN(S(N)(=O)=O)C2,29.0,7.5376020021010435,1,567.0930000000002
COc1cc2c(cc1Nc1ncc(Cl)c(Nc3ccccc3S(=O)(=O)C(C)C)n1)CCN1C(=O)CNCC21,6.3,8.200659450546418,1,557.0760000000001
COc1cc2c(cc1Nc1ncc(Cl)c(Nc3ccccc3S(=O)(=O)C(C)C)n1)CCN1C(N)=NCC21,8.15,8.088842391260023,1,542.0650000000002
COc1cc2c(cc1Nc1ncc(Cl)c(Nc3ccccc3S(=O)(=O)C(C)C)n1)CCN1CCNCC21,1.95,8.709965388637482,1,543.0930000000003
COc1cc2c(cc1Nc1ncc(Cl)c(Nc3ccccc3S(=O)(=O)C(C)C)n1)CCN=C2,23.4,7.6307841425898575,1,485.99700000000024
COc1cc2c(cc1Nc1ncc(Cl)c(Nc3ccccc3S(=O)(=O)C(C)C)n1)CCNC(=O)C2,10.066666666666666,7.997114311762512,1,516.0230000000003
COc1cc2c(cc1Nc1ncc(Cl)c(Nc3ccccc3S(=O)(=O)C(C)C)n1)CCNC2,3.5285714285714285,8.452401086754591,1,488.01300000000026
COc1cc2c(cc1Nc1ncc(Cl)c(Nc3ccccc3S(=O)(=O)C(C)C)n1)CCNC2(C)C,5.5,8.259637310505756,1,516.0670000000002
COc1cc2c(cc1Nc1ncc(Cl)c(Nc3ccccc3S(=O)(=O)C(C)C)n1)CCNC2C,0.24,9.619788758288394,1,502.04000000000025
COc1cc2c(cc1Nc1ncc(Cl)c(Nc3ccccc3S(=O)(=O)C(C)C)n1)CCNC2C(=O)O,10.0,8.0,1,532.0220000000003
COc1cc2c(cc1Nc1ncc(Cl)c(Nc3ccccc3S(=O)(=O)C(C)C)n1)CCNC2C(C)C,10.0,8.0,1,530.0940000000002
COc1cc2c(cc1Nc1ncc(Cl)c(Nc3ccccc3S(=O)(=O)C(C)C)n1)CCNC2C(F)(F)F,10.0,8.0,1,556.0100000000003
COc1cc2c(cc1Nc1ncc(Cl)c(Nc3ccccc3S(=O)(=O)C(C)C)n1)CCNCC2,4.466666666666667,8.350016456354854,1,502.0400000000003
COc1cc2c(cc1Nc1ncc(Cl)c(Nc3ccccc3S(=O)(=O)C(C)C)n1)CCNCC2(C)C,10.0,8.0,1,530.0940000000003
COc1cc2c(cc1Nc1ncc(Cl)c(Nc3ccccc3S(=O)(=O)C(C)C)n1)CC[N+](C)(C)C2,2.4,8.619788758288394,1,517.0750000000003
COc1cc2c(cc1Nc1ncc(Cl)c(Nc3ccccc3S(=O)(=O)C(C)C)n1)CCc1n[nH]c(C)c1-2,99.5,7.002176919254275,1,539.0610000000001
COc1cc2c(cc1Nc1ncc(Cl)c(Nc3ccccc3S(=O)(=O)C(C)C)n1)CCc1nn(C(=O)CO)c(C)c1-2,75.5,7.1220530483708115,1,597.0970000000002
COc1cc2c(cc1Nc1ncc(Cl)c(Nc3ccccc3S(=O)(=O)C(C)C)n1)CN(C(=O)CN(C)C)CC2(C)C,10.0,8.0,1,601.173
COc1cc2c(cc1Nc1ncc(Cl)c(Nc3ccccc3S(=O)(=O)C(C)C)n1)CN(C(=O)CO)CC2,14.666666666666666,7.833668578233475,1,546.0490000000002
COc1cc2c(cc1Nc1ncc(Cl)c(Nc3ccccc3S(=O)(=O)C(C)C)n1)CN(C(=O)CO)CC2(C)C,10.0,8.0,1,574.1030000000002
COc1cc2c(cc1Nc1ncc(Cl)c(Nc3ccccc3S(=O)(=O)C(C)C)n1)CN(C(=O)CO)CCC2,12836.666666666666,4.891547736096931,0,560.0760000000001
COc1cc2c(cc1Nc1ncc(Cl)c(Nc3ccccc3S(=O)(=O)C(C)C)n1)CN(C(C)=O)CC2,21.666666666666668,7.664207898076807,1,530.0500000000002
COc1cc2c(cc1Nc1ncc(Cl)c(Nc3ccccc3S(=O)(=O)C(C)C)n1)CN(C(C)=O)CCC2,2800.3333333333335,5.552790270010984,0,544.0770000000001
COc1cc2c(cc1Nc1ncc(Cl)c(Nc3ccccc3S(=O)(=O)C(C)C)n1)CN(C)CC2,14.333333333333334,7.8436527991400755,1,502.0400000000003
COc1cc2c(cc1Nc1ncc(Cl)c(Nc3ccccc3S(=O)(=O)C(C)C)n1)CN(C)CC2(C)C,10.0,8.0,1,530.0940000000003
COc1cc2c(cc1Nc1ncc(Cl)c(Nc3ccccc3S(=O)(=O)C(C)C)n1)CN(C1CCNCC1)CC2,1.0,9.0,1,571.147
COc1cc2c(cc1Nc1ncc(Cl)c(Nc3ccccc3S(=O)(=O)C(C)C)n1)CN(C1CCNCC1)CCC2,2303.3333333333335,5.637643207345464,0,585.174
COc1cc2c(cc1Nc1ncc(Cl)c(Nc3ccccc3S(=O)(=O)C(C)C)n1)CN(C1CCOCC1)CCC2,2933.6666666666665,5.532589233727681,0,586.1579999999999
COc1cc2c(cc1Nc1ncc(Cl)c(Nc3ccccc3S(=O)(=O)C(C)C)n1)CN(C1COC1)CCC2,2336.6666666666665,5.631403236753004,0,558.104
COc1cc2c(cc1Nc1ncc(Cl)c(Nc3ccccc3S(=O)(=O)C(C)C)n1)CN(CC(=O)N(C)C)CC2,15.666666666666666,7.805023396783945,1,573.119
COc1cc2c(cc1Nc1ncc(Cl)c(Nc3ccccc3S(=O)(=O)C(C)C)n1)CN(CCN(C)C)CC2,32.666666666666664,7.4858951790271675,1,559.1360000000001
COc1cc2c(cc1Nc1ncc(Cl)c(Nc3ccccc3S(=O)(=O)C(C)C)n1)CN(CCO)CC2,7.333333333333333,8.134698573897456,1,532.0660000000001
COc1cc2c(cc1Nc1ncc(Cl)c(Nc3ccccc3S(=O)(=O)C(C)C)n1)CN(CCO)CCC2,12236.666666666666,4.912336870215675,0,546.0930000000001
COc1cc2c(cc1Nc1ncc(Cl)c(Nc3ccccc3S(=O)(=O)C(C)C)n1)CN(S(N)(=O)=O)CC2,22.666666666666668,7.644612342013426,1,567.0930000000001
COc1cc2c(cc1Nc1ncc(Cl)c(Nc3ccccc3S(=O)(=O)C(C)C)n1)CNC2,10.0,8.0,1,473.9860000000002
COc1cc2c(cc1Nc1ncc(Cl)c(Nc3ccccc3S(=O)(=O)C(C)C)n1)CNC2(C)C,10.0,8.0,1,502.04000000000025
COc1cc2c(cc1Nc1ncc(Cl)c(Nc3ccccc3S(=O)(=O)C(C)C)n1)CNCC2,1.6357142857142857,8.78629255333835,1,488.01300000000026
COc1cc2c(cc1Nc1ncc(Cl)c(Nc3ccccc3S(=O)(=O)C(C)C)n1)CNCC2(C)C,10.0,8.0,1,516.0670000000002
COc1cc2c(cc1Nc1ncc(Cl)c(Nc3ccccc3S(=O)(=O)C(C)C)n1)CNCC21CC1,10.0,8.0,1,514.0510000000003
COc1cc2c(cc1Nc1ncc(Cl)c(Nc3ccccc3S(=O)(=O)C(C)C)n1)CNCC21CCCC1,10.0,8.0,1,542.1050000000001
COc1cc2c(cc1Nc1ncc(Cl)c(Nc3ccccc3S(=O)(=O)C(C)C)n1)CNCCC2,5.0,8.301029995663981,1,502.0400000000003
COc1cc2c(cc1Nc1ncc(Cl)c(Nc3ccccc3S(=O)(=O)C(C)C)n1)CNCCO2,3.65,8.437707135543524,1,504.0120000000003
COc1cc2c(cc1Nc1ncc(Cl)c(Nc3ccccc3S(=O)(=O)C(C)C)n1)c(=O)[nH]c1ccccc12,420.0,6.376750709602099,1,550.0400000000002
COc1cc2c(cc1Nc1ncc(Cl)c(Nc3ccccc3S(=O)(=O)C(C)C)n1)c(=O)n(OC)c1ccccc21,285.0,6.54515513999149,1,580.0660000000003
COc1cc2c(cc1S(=O)(=O)N1CCN(C)CC1)C(=O)c1c([nH]c3cc(Br)ccc13)C2(C)C,96.12,7.017186237868137,1,532.4600000000002
COc1cc2c(cc1SC(C)C)C(=O)c1c([nH]c3cc(C#N)ccc13)C2(C)C,9.451,8.024522236834125,1,390.50800000000015
COc1cc2c(cnc3ccccc32)cc1Nc1ncc(Cl)c(Nc2ccccc2S(=O)(=O)C(C)C)n1,10000.0,5.0,0,534.0410000000002
COc1cc2cnccc2cc1Nc1ncc(Cl)c(Nc2ccccc2S(=O)(=O)C(C)C)n1,130.0,6.886056647693163,1,483.9810000000002
COc1cc2nc(C)oc2c(C[C@]2(C)[C@@H](C)CC[C@@]3(C)C(C)=CCC[C@@H]23)c1O,3380.0,5.471083299722345,0,383.53200000000015
COc1cc2ncnc(Nc3ccc(F)c(Cl)c3)c2cc1NC(=O)/C(F)=C/CN(C)C,10000.0,5.0,0,447.8730000000002
COc1cc2ncnc(Nc3ccc(O)cc3)c2cc1OC,2400.0,5.619788758288394,0,297.3140000000001
COc1ccc(-c2cc3nc4ccc(Br)cc4n3cn2)cc1,9500.0,5.022276394711152,0,354.20700000000005
COc1ccc(-c2ccc3[nH]c4nccc(/C=C/c5ccccc5)c4c3c2)cc1,980.0,6.008773924307505,1,376.45900000000006
COc1ccc(-c2ccc3cnc(Nc4ccc(C5CCN(CC(N)=O)CC5)cc4OC)nn23)c(OC)c1,12.0,7.920818753952375,1,516.6020000000004
COc1ccc(-c2ccc3nc4cncc(/C=C/c5ccccc5)n4c3c2)cc1,976.6666666666666,6.010253634365553,1,377.44700000000006
COc1ccc(-c2ccnc3[nH]c4ccccc4c23)cc1,10000.0,5.0,0,274.323
COc1ccc(-c2cnc(N)c(O[C@H](C)c3c(Cl)ccc(F)c3Cl)c2)nc1C1=CCNCC1,64.4,7.1911141326401875,1,489.3780000000002
COc1ccc(-c2cnc(N)c(O[C@H](C)c3c(Cl)ccc(F)c3Cl)c2)nc1N1CCNCC1,27.8,7.555955204081924,1,492.38200000000023
COc1ccc(-c2cnc(N)c(O[C@H](C)c3c(Cl)ccc(F)c3Cl)c2)nc1N1CCNC[C@@H]1C,259.0,6.586700235918748,1,506.4090000000002
COc1ccc(-c2cnc(O)c(C(=O)Nc3ccc(CN4CCN(C)CC4)cc3)c2)cn1,3000.0,5.522878745280337,0,433.5120000000003
COc1ccc(-c2cncc3nc4ccc(-c5ccc(N6CCN(C)CC6)cc5)cc4n23)cc1,14000.0,4.853871964321762,0,449.5580000000003
COc1ccc(-c2cncc3nc4ccc(-c5ccc(NC(C)=O)cc5)cc4n23)cc1,18000.0,4.7447274948966935,0,408.4610000000001
COc1ccc(-c2cncc3nc4ccc(/C=C/c5ccccc5)cc4n23)cc1,4000.0,5.3979400086720375,0,377.44700000000006
COc1ccc(-c2n[nH]c3nc(-c4ccc(O)cc4)ccc23)cc1,239.49,6.620712616009286,1,317.34800000000007
COc1ccc(-c2nc3c(N[C@H]4[C@@H](C(N)=O)[C@@H]5C=C[C@H]4C5)c(Cl)cnc3[nH]2)cc1,199.0,6.701146923590294,1,409.87700000000007
COc1ccc(/C(C)=N/Nc2ncc(Cl)c(Nc3ccccc3S(=O)(=O)C(C)C)n2)cc1,42.45,7.372122305420029,1,473.9860000000002
COc1ccc(/C=C/c2ccnc3[nH]c4ccc(-c5ccc(N6CCN(C)CC6)cc5)cc4c23)cc1,685.0,6.164309428507575,1,474.6080000000003
COc1ccc(/C=C\c2cc(OC)c(OC)c(OC)c2)cc1NC(=O)CCC(=O)N[C@@H](CCCNC(=N)N)C(=O)O,10000.0,5.0,0,571.6310000000003
COc1ccc(/C=N/Nc2ncc(Cl)c(Nc3ccccc3S(=O)(=O)C(C)C)n2)cc1,43.4,7.36251027048749,1,459.9590000000002
COc1ccc(C#Cc2cc(-c3csc(NC(=O)c4ccc(CN5CCN(C)CC5)cc4)n3)ccc2C)cc1,53150.0,4.274496731140684,0,536.7010000000004
COc1ccc(C#Cc2cccc(-c3csc(NC(=O)c4ccc(CN5CCN(C)CC5)cc4)n3)c2)cc1,24900.0,4.603800652904264,0,522.6740000000004
COc1ccc(C(C)(C)CN)cc1Nc1ncc(Cl)c(Nc2c(F)cccc2S(=O)(=O)C(C)C)n1,2100.0,5.6777807052660805,0,522.0460000000002
COc1ccc(C(C)(C)CN)cc1Nc1ncc(Cl)c(Nc2cc(F)ccc2S(=O)(=O)C(C)C)n1,740.0,6.130768280269024,1,522.0460000000002
COc1ccc(C(C)(C)CN)cc1Nc1ncc(Cl)c(Nc2ccc(F)cc2S(=O)(=O)C(C)C)n1,210.0,6.6777807052660805,1,522.0460000000002
COc1ccc(C(C)(C)CN)cc1Nc1ncc(Cl)c(Nc2ccccc2S(=O)(=O)C(C)C)n1,30.0,7.522878745280337,1,504.05600000000015
COc1ccc(C2(CN)CCCC2)cc1Nc1ncc(Cl)c(Nc2ccccc2S(=O)(=O)C(C)C)n1,3340.0,5.476253533188435,0,530.094
COc1ccc(C2(CN)CCCCC2)cc1Nc1ncc(Cl)c(Nc2ccccc2S(=O)(=O)C(C)C)n1,810.0,6.0915149811213505,1,544.1210000000001
COc1ccc(C2(CN3CCCCC3)CCCC2)cc1Nc1ncc(Cl)c(Nc2ccccc2S(=O)(=O)C(C)C)n1,125.0,6.903089986991944,1,598.213
COc1ccc(C2(CN3CCOCC3)CCCC2)cc1Nc1ncc(Cl)c(Nc2ccccc2S(=O)(=O)C(C)C)n1,5080.0,5.294136287716081,0,600.185
COc1ccc(CC(=O)N2CCCCC2)cc1Nc1ncc(Cl)c(Nc2ccccc2S(=O)(=O)C(C)C)n1,190.0,6.721246399047171,1,558.104
COc1ccc(CC(=O)N2CCNCC2)cc1Nc1ncc(Cl)c(Nc2ccccc2S(=O)(=O)C(C)C)n1,4.2,8.3767507096021,1,559.0920000000001
COc1ccc(CC(=O)N2CCOCC2)cc1Nc1ncc(Cl)c(Nc2ccccc2S(=O)(=O)C(C)C)n1,26.0,7.585026652029182,1,560.076
COc1ccc(CC(=O)NCCO)cc1Nc1ncc(Cl)c(Nc2ccccc2S(=O)(=O)C(C)C)n1,12.0,7.920818753952375,1,534.0380000000001
COc1ccc(CC(=O)Nc2ccccc2)cc1Nc1ncc(Cl)c(Nc2ccccc2S(=O)(=O)C(C)C)n1,270.0,6.568636235841013,1,566.0830000000002
COc1ccc(CC(=O)Nc2ccncc2)cc1Nc1ncc(Cl)c(Nc2ccccc2S(=O)(=O)C(C)C)n1,34.0,7.468521082957745,1,567.0710000000001
COc1ccc(CC(=O)O)cc1Nc1ncc(Cl)c(Nc2ccccc2S(=O)(=O)C(C)C)n1,27.25,7.564633493387339,1,490.9690000000002
COc1ccc(CC(N)=O)cc1Nc1ncc(Cl)c(Nc2ccccc2S(=O)(=O)C(C)C)n1,10.0,8.0,1,489.98500000000024
COc1ccc(CC2(N)CC2)cc1Nc1ncc(Cl)c(Nc2ccccc2S(=O)(=O)C(C)C)n1,16.5,7.782516055786093,1,502.0400000000002
COc1ccc(CCCN)cc1Nc1ncc(Cl)c(Nc2ccccc2S(=O)(=O)C(C)C)n1,3.1,8.508638306165727,1,490.0290000000002
COc1ccc(CCCNC(=O)C(F)(F)F)cc1Nc1ncc(Cl)c(Nc2ccccc2S(=O)(=O)C(C)C)n1,200.0,6.698970004336019,1,586.036
COc1ccc(CCN(C)C)cc1Nc1ncc(Cl)c(Nc2ccccc2S(=O)(=O)C(C)C)n1,6.85,8.164309428507574,1,504.0560000000002
COc1ccc(CCN(CCO)CCO)cc1Nc1ncc(Cl)c(Nc2ccccc2S(=O)(=O)C(C)C)n1,40.0,7.3979400086720375,1,564.1080000000001
COc1ccc(CCN)cc1Nc1ncc(Cl)c(Nc2c(F)cccc2S(=O)(=O)C(C)C)n1,170.0,6.769551078621726,1,493.99200000000025
COc1ccc(CCN)cc1Nc1ncc(Cl)c(Nc2cc(F)ccc2S(=O)(=O)C(C)C)n1,420.0,6.376750709602099,1,493.99200000000025
COc1ccc(CCN)cc1Nc1ncc(Cl)c(Nc2ccc(F)cc2S(=O)(=O)C(C)C)n1,70.0,7.154901959985743,1,493.99200000000025
COc1ccc(CCN)cc1Nc1ncc(Cl)c(Nc2ccccc2S(=O)(=O)C(C)C)n1,0.645,9.190440285364732,1,476.00200000000024
COc1ccc(CCN2CCCCC2)cc1Nc1ncc(Cl)c(Nc2ccccc2S(=O)(=O)C(C)C)n1,5.5,8.259637310505756,1,544.1210000000001
COc1ccc(CCN2CCNCC2)cc1Nc1ncc(Cl)c(Nc2ccccc2S(=O)(=O)C(C)C)n1,1.0,9.0,1,545.109
COc1ccc(CCN2CCOCC2)cc1Nc1ncc(Cl)c(Nc2ccccc2S(=O)(=O)C(C)C)n1,20.0,7.698970004336019,1,546.0930000000001
COc1ccc(CCNC(=O)C(F)(F)F)cc1Nc1ncc(Cl)c(Nc2ccccc2S(=O)(=O)C(C)C)n1,525.0,6.279840696594043,1,572.009
COc1ccc(CCNC(=O)Cc2ccccc2)cc1Nc1ncc(Cl)c(Nc2ccccc2S(=O)(=O)C(C)C)n1,170.0,6.769551078621726,1,594.1370000000001
COc1ccc(CCNC(=O)NC2CCCCC2)cc1Nc1ncc(Cl)c(Nc2ccccc2S(=O)(=O)C(C)C)n1,410.0,6.3872161432802645,1,601.173
COc1ccc(CCNC(=O)Nc2ccccc2)cc1Nc1ncc(Cl)c(Nc2ccccc2S(=O)(=O)C(C)C)n1,1250.0,5.903089986991944,0,595.1250000000001
COc1ccc(CCNC(=S)NCc2ccccc2)cc1Nc1ncc(Cl)c(Nc2ccccc2S(=O)(=O)C(C)C)n1,35.0,7.455931955649724,1,625.22
COc1ccc(CCNC(C)C)cc1Nc1ncc(Cl)c(Nc2ccccc2S(=O)(=O)C(C)C)n1,11.3,7.94692155651658,1,518.0830000000002
COc1ccc(CCNCC(=O)O)cc1Nc1ncc(Cl)c(Nc2ccccc2S(=O)(=O)C(C)C)n1,11.9,7.924453038607469,1,534.0380000000001
COc1ccc(CCNCc2ccccc2)cc1Nc1ncc(Cl)c(Nc2ccccc2S(=O)(=O)C(C)C)n1,22.0,7.657577319177793,1,566.1270000000002
COc1ccc(CCNS(C)(=O)=O)cc1Nc1ncc(Cl)c(Nc2ccccc2S(=O)(=O)C(C)C)n1,55.0,7.259637310505756,1,554.094
COc1ccc(CCNc2ncccn2)cc1Nc1ncc(Cl)c(Nc2ccccc2S(=O)(=O)C(C)C)n1,135.0,6.8696662315049934,1,554.0760000000001
COc1ccc(CN)cc1Nc1ncc(Cl)c(Nc2ccccc2S(=O)(=O)C(C)C)n1,8.0,8.096910013008056,1,461.9750000000002
COc1ccc(CNC(=O)C(F)(F)F)cc1Nc1ncc(Cl)c(Nc2ccccc2S(=O)(=O)C(C)C)n1,378.5,6.421934116163908,1,557.9820000000001
COc1ccc(CNC(=O)c2cccc(C(C)Oc3ccnc(Nc4cnn(C)c4)c3)c2)cc1OC,3600.0,5.443697499232712,0,487.5600000000002
COc1ccc(CNC(=O)c2cccc(C(C)Oc3ccnc(Nc4cnn(C5CCN(C)CC5)c4)c3)c2)cc1OC,1800.0,5.7447274948966935,0,570.6940000000003
COc1ccc(CNC(=O)c2cccc(C(C)Oc3ccnc(Nc4cnn(C5CCNCC5)c4)c3)c2)cc1OC,4500.0,5.346787486224656,0,556.6670000000003
COc1ccc(CNC(=O)c2cccc(C(C)Oc3ccnc(Nc4ncccn4)c3)c2)cc1OC,2800.0,5.552841968657781,0,485.54400000000015
COc1ccc(Cc2ccc(-c3ccnc4[nH]c5ccc(-c6ccc(N7CCN(C)CC7)cc6)cc5c34)cc2)c(OC)c1,555.0,6.255707016877324,1,568.7210000000003
COc1ccc(Cn2cc(Nc3nc(Nc4cc(C)c(C5CCNCC5)cc4OC(C)C)ncc3Cl)c(S(=O)(=O)C(C)C)n2)cc1,143.0,6.844663962534939,1,668.2640000000002
COc1ccc(Cn2ncc(NC(=O)c3cc(NC(=O)Nc4ccc(Cl)c(C(F)(F)F)c4)ccc3C)c2N)cc1,2.71,8.567030709125595,1,572.975
COc1ccc(F)cc1-c1c(CO)sc2cnc(Nc3ccc(N4CCN(C)CC4)cc3OC(C)C)nc12,28.0,7.552841968657781,1,537.6610000000003
COc1ccc(F)cc1-c1cccc2cnc(Nc3ccc(C4CCN(C(=O)OC(C)(C)C)CC4)c4c3OCC4)nc12,14.0,7.853871964321762,1,570.6650000000002
COc1ccc(F)cc1-c1cccc2cnc(Nc3ccc(C4CCNCC4)c4c3OCC4)nc12,14.0,7.853871964321762,1,470.5480000000004
COc1ccc(F)cc1[C@@H](C)Oc1cc(-c2c[nH]nc2C)cnc1N,69.0,7.161150909262744,1,342.3740000000001
COc1ccc(F)cc1[C@@H](C)Oc1cc(-c2cnnn2C)cnc1N,1647.5,5.783174576733953,0,343.3620000000001
COc1ccc(N2CCN(C)CC2)cc1Nc1ncc2c(n1)-c1c(c(C(N)=O)nn1C)CC2,10000.0,5.0,0,448.5310000000003
COc1ccc(N2CCN(C)CC2)cc1Nc1ncc2ccc(-c3ccccc3N(C)S(C)(=O)=O)n2n1,28.0,7.552841968657781,1,521.6470000000002
COc1ccc(N2CCN(C)CC2)cc1Nc1ncc2ccc(-c3ccccc3OC)n2n1,187.0,6.728158393463501,1,444.53900000000016
COc1ccc(N2CCNCC2)nc1-c1cnc(N)c(O[C@H](C)c2c(Cl)ccc(F)c2Cl)c1,19.0,7.721246399047171,1,492.3820000000002
COc1ccc(N2CCNC[C@@H]2C)nc1-c1cnc(N)c(O[C@H](C)c2c(Cl)ccc(F)c2Cl)c1,60.5,7.218244625347531,1,506.4090000000002
COc1ccc(NC(=O)C(C)NC(=O)c2cc(C(C)C)c(O)cc2O)cc1Nc1ncc(Cl)c(Nc2ccccc2S(=O)(=O)C(C)C)n1,0.7,9.154901959985743,1,697.2140000000002
COc1ccc(NC(=O)C(Cc2ccccc2)NC(=O)c2cc(C(C)C)c(O)cc2O)cc1Nc1ncc(Cl)c(Nc2ccccc2S(=O)(=O)C(C)C)n1,51.26666666666667,7.29016491925425,1,773.3120000000001
COc1ccc(NC(=O)C(NC(=O)c2cc(C(C)C)c(O)cc2O)C(C)C)cc1Nc1ncc(Cl)c(Nc2ccccc2S(=O)(=O)C(C)C)n1,1000.0,6.0,1,725.268
COc1ccc(NC(=O)C2(NC(=O)c3cc(C(C)C)c(O)cc3O)CC2)cc1Nc1ncc(Cl)c(Nc2ccccc2S(=O)(=O)C(C)C)n1,130.0,6.886056647693163,1,709.2250000000003
COc1ccc(NC(=O)CN2CCN(Cc3ccc4c(c3)CN(C(=O)c3cc(C(C)C)c(O)cc3O)C4)CC2)cc1Nc1ncc(Cl)c(Nc2ccccc2S(=O)(=O)C(C)C)n1,7.9,8.102372908709558,1,883.4719999999999
COc1ccc(NC(=O)CNC(=O)CN2CCN(Cc3ccc4c(c3)CN(C(=O)c3cc(C(C)C)c(O)cc3O)C4)CC2)cc1Nc1ncc(Cl)c(Nc2ccccc2S(=O)(=O)C(C)C)n1,4.1,8.387216143280265,1,940.5239999999999
COc1ccc(NC(=O)CNC(=O)c2cc(C(C)C)c(O)cc2O)cc1Nc1ncc(Cl)c(Nc2ccccc2P(C)(C)=O)n1,4.766666666666667,8.3217852172546,1,653.0760000000001
COc1ccc(NC(=O)CNC(=O)c2cc(C(C)C)c(O)cc2O)cc1Nc1ncc(Cl)c(Nc2ccccc2S(=O)(=O)C(C)C)n1,3.9428571428571426,8.404188957949039,1,683.1870000000001
COc1ccc(NC(=O)CNC(=O)c2cc(C(C)C)c(O)cc2O)cc1Nc1ncnc(Nc2ccccc2S(=O)(=O)C(C)C)n1,1.3,8.886056647693163,1,649.7300000000001
COc1ccc(NC(=O)CNC(=O)c2cc(C(C)C)c(O)cc2OC)cc1Nc1ncc(Cl)c(Nc2ccccc2S(=O)(=O)C(C)C)n1,48.0,7.318758762624412,1,697.2140000000002
COc1ccc(NC(=O)CNC(=O)c2cc(C(C)C)c(OC)cc2O)cc1Nc1ncc(Cl)c(Nc2ccccc2S(=O)(=O)C(C)C)n1,10.5,7.978810700930062,1,697.2140000000002
COc1ccc(NC(=O)CNC(=O)c2cc(C(C)C)ccc2O)cc1Nc1ncc(Cl)c(Nc2ccccc2S(=O)(=O)C(C)C)n1,8.0,8.096910013008056,1,667.1880000000001
COc1ccc(NC(=O)CNC(=O)c2ccc(O)c(C(C)C)c2)cc1Nc1ncc(Cl)c(Nc2ccccc2S(=O)(=O)C(C)C)n1,3.75,8.425968732272281,1,667.1880000000001
COc1ccc(NC(=O)CNC(=O)c2noc(-c3cc(C(C)C)c(O)cc3O)c2-c2ccc(CN3CCOCC3)cc2)cc1Nc1ncc(Cl)c(Nc2ccccc2S(=O)(=O)C(C)C)n1,108.0,6.966576244513051,1,925.4649999999999
COc1ccc(NC(C)=O)cc1Nc1ncc(Cl)c(Nc2ccccc2S(=O)(=O)C(C)C)n1,30.0,7.522878745280337,1,489.98500000000024
COc1ccc(Nc2ccnc3cc(-c4cnn(C5CCNCC5)c4)ccc23)cc1,805.5,6.093934455244763,1,399.4980000000002
COc1ccc(Nc2nc(Nc3cc4c(cc3OC)CCN(CC(=O)N(C)C)CC4)ncc2Cl)c(OC)c1,22.5,7.647817481888637,1,541.0520000000004
COc1ccc(Nc2ncc(Cl)c(Nc3ccccc3S(=O)(=O)C(C)C)n2)cc1NC(=O)CNC(=O)c1cc(C(C)C)c(O)cc1O,2.6,8.585026652029182,1,683.1870000000002
COc1ccc(Nc2ncc(Cl)c(Nc3ccccc3S(=O)(=O)C(C)C)n2)cc1NC(=O)CNC(=O)c1noc(-c2cc(C(C)C)c(O)cc2O)c1-c1ccc(CN2CCOCC2)cc1,958.0,6.018634490921456,1,925.4649999999997
COc1ccc(Nc2nccc(N3CCC[C@H](C(=O)NCc4ccc(C)cc4)C3)n2)cc1,3100.0,5.508638306165727,0,431.5400000000002
COc1ccc(Nc2nccc(N3CCC[C@H](C(=O)NCc4ccc(C)cc4)C3)n2)cc1OC,1730.0,5.761953896871205,0,461.56600000000026
COc1ccc(Oc2ccnc3cc(-c4cnn(C5CCNCC5)c4)ccc23)cc1,1337.3714285714286,5.873747959247614,0,400.4820000000002
COc1ccc(Sc2ccnc3[nH]c4ccc(-c5ccc(N6CCN(C)CC6)cc5)cc4c23)cc1,7850.0,5.105130343254747,0,480.63700000000034
COc1ccc2c(c1)/C(=C/c1[nH]c(C)c(C(=O)NCCCN)c1C)C(=O)N2,1000.0,6.0,1,368.4370000000002
COc1ccc2c(c1)/C(=C/c1[nH]c3c(c1Cl)CN(C(C)=O)CC3)C(=O)N2,10000.0,5.0,0,371.8240000000002
COc1ccc2c(c1)/C(=C/c1cc3c([nH]1)CCN(C(=O)CCN)C3)C(=O)N2,370.0,6.431798275933005,1,366.42100000000016
COc1ccc2c(c1)/C(=C/c1cc3c([nH]1)CCN(C(=O)N1CCN(C)CC1)C3)C(=O)N2,550.0,6.259637310505756,1,421.50100000000026
COc1ccc2c(c1)/C(=C/c1cc3c([nH]1)CCN(C(=O)N1CCOCC1)C3)C(=O)N2,660.0,6.180456064458132,1,408.45800000000025
COc1ccc2c(c1)/C(=C/c1cc3c([nH]1)CCN(C(=O)c1cnoc1C)C3)C(=O)N2,1400.0,5.853871964321762,0,404.42600000000016
COc1ccc2c(c1)/C(=C/c1cc3c([nH]1)CCN(C(C)=O)C3)C(=O)N2,1500.0,5.823908740944319,0,337.3790000000001
COc1ccc2c(c1)C(C)(C)c1[nH]c3c(N)c(C#N)ccc3c1C2=O,1.93,8.714442690992227,1,331.37500000000006
COc1ccc2c(c1)C(C)(C)c1[nH]c3c(OC[C@H](O)CO)c(C#N)ccc3c1C2=O,552.15,6.2579429234976525,1,406.43800000000016
COc1ccc2c3c(n(C)c2c1)C(C)(C)c1cc(OC[C@H](O)CO)ccc1C3=O,1621.4,5.790109831318742,0,395.45500000000015
COc1ccc2cc(-c3nc4ccc(OC)cc4s3)c(=O)oc2c1,450.0,6.346787486224656,1,339.37200000000007
COc1ccc2cc1Nc1nc(ncc1Cl)Nc1ccc(N3CCN(C)CC3)c(c1)/C=C\2,259.0,6.586700235918748,1,448.9580000000003
COc1ccc2cc1Nc1nc(ncc1Cl)Nc1ccc(N3CCN(C)CC3)c(c1)CC2,76.55,7.11605480496572,1,450.9740000000004
COc1ccc2cc1Nc1nc(ncc1Cl)Nc1ccc(N3CCOCC3)c(c1)CC2,1000.0,6.0,1,437.9310000000004
COc1ccc2cc1Nc1nc(ncc1Cl)Nc1cccc(c1)CC2,360.0,6.443697499232712,1,352.82500000000016
COc1ccc2nc(-c3cc4ccc(N5CCOCC5)cc4oc3=O)sc2c1,386.6666666666667,6.412663265492744,1,394.4520000000001
COc1ccc2nc(Nc3cc(C)c(C4CCN(C)CC4)cc3OC(C)C)nc(Nc3ccccc3S(=O)(=O)C(C)C)c2c1,1930.0,5.714442690992226,0,617.8160000000001
COc1cccc(-c2nc3c(N[C@H]4[C@@H](C(N)=O)[C@@H]5C=C[C@H]4C5)c(Cl)cnc3[nH]2)c1,212.0,6.673664139071248,1,409.87700000000007
COc1cccc(/C=N/Nc2ncc(Cl)c(Nc3ccccc3S(=O)(=O)C(C)C)n2)c1,46.1,7.336299074610352,1,459.9590000000002
COc1cccc(CNC(=O)c2cccc(C(C)Oc3cccnc3Nc3cnn(C)c3)c2)c1,8600.0,5.0655015487564325,0,457.53400000000016
COc1cccc(CNC(=O)c2cccc(C(C)Oc3ccnc(Nc4cnn(C)c4)c3)c2)c1,6100.0,5.214670164989233,0,457.53400000000016
COc1cccc(Nc2cc3nc4ccccc4n3cn2)c1,51000.0,4.292429823902063,0,290.326
COc1cccc(Nc2nccc(N3CCC[C@H](C(=O)NCc4ccc(C)cc4)C3)n2)c1,1020.0,5.991399828238082,0,431.54000000000013
COc1cccc(OC)c1Oc1nc[nH]c(=O)c1/C=C/C(C)=O,40000.0,4.3979400086720375,0,316.31300000000005
COc1cccc(Oc2nc[nH]c(=O)c2/C=C/C(C)=O)c1,40000.0,4.3979400086720375,0,286.287
COc1ccccc1-c1c(C(N)=O)sc2cnc(Nc3cc(C)c(N4CCC(N(C)C)C4)cc3OC(C)C)nc12,2.0,8.698970004336019,1,560.7240000000002
COc1ccccc1-c1c(C(N)=O)sc2cnc(Nc3cc4c(cc3OC(C)C)N(C)C(=O)CCC4)nc12,367.0,6.43533393574791,1,531.6380000000003
COc1ccccc1-c1c(C(N)=O)sc2cnc(Nc3ccc(-c4cnn(C)c4)cc3OC(C)C)nc12,48.5,7.314258261397736,1,514.6110000000002
COc1ccccc1-c1c(C(N)=O)sc2cnc(Nc3ccc(C4CCN(C)CC4)cc3OC(C)C)nc12,7.0,8.154901959985743,1,531.6820000000002
COc1ccccc1-c1c(C(N)=O)sc2cnc(Nc3ccc(CN4CCN(C)CC4)cc3OC(C)C)nc12,6.5,8.187086643357144,1,546.6970000000002
COc1ccccc1-c1c(C(N)=O)sc2cnc(Nc3ccc(NC4CCOCC4)cc3OC(C)C)nc12,46.0,7.337242168318426,1,533.6540000000002
COc1ccccc1-c1c(C(N)=O)sc2cnc(Nc3cnc(C4CCN(C)CC4)cc3OC(C)C)nc12,7.0,8.154901959985743,1,532.6700000000003
COc1ccccc1-c1c(C)sc2cnc(Nc3ccc(C4CCN(C(=O)OC(C)(C)C)CC4)cc3OC(C)C)nc12,27.7,7.557520230935552,1,588.7740000000002
COc1ccccc1-c1c(C)sc2cnc(Nc3ccc(C4CCNCC4)c4c3OCC4)nc12,3.3,8.481486060122112,1,472.6140000000004
COc1ccccc1-c1c(C)sc2cnc(Nc3ccc(C4CCNCC4)cc3OC(C)C)nc12,27.7,7.557520230935552,1,488.6570000000003
COc1ccccc1-c1cc(F)cc2cnc(Nc3ccc(C4CCNCC4)c4c3OCC4)nc12,34.0,7.468521082957745,1,470.54800000000034
COc1ccccc1-c1ccc2cnc(Nc3ccc(N4CCN(C)CC4)cc3)nn12,20.0,7.698970004336019,1,414.51300000000026
COc1ccccc1-c1cccc2cnc(Nc3cc(C4CCNCC4)nn3C(C)C)nc12,27.0,7.568636235841013,1,442.5670000000003
COc1ccccc1-c1cccc2cnc(Nc3ccc(C4CCNCC4)c4c3OC(C)(C)C4)nc12,36.0,7.443697499232712,1,480.6120000000004
COc1ccccc1-c1cccc2cnc(Nc3ccc(C4CCNCC4)c4c3OCC4)nc12,12.0,7.920818753952375,1,452.5580000000004
COc1ccccc1-c1nc2c(N[C@H]3[C@@H](C(N)=O)[C@@H]4C=C[C@H]3C4)c(Cl)cnc2[nH]1,108.0,6.966576244513051,1,409.87700000000007
COc1ccccc1/C=C(\C)c1ccnc2[nH]c3ccc(-c4ccc(N5CCN(C)CC5)cc4)cc3c12,1650.0,5.782516055786093,0,488.63500000000033
COc1ccccc1/C=C/c1ccnc2[nH]c3ccc(-c4ccc(N5CCN(C)CC5)cc4)cc3c12,210.0,6.6777807052660805,1,474.60800000000035
COc1ccccc1C#Cc1cc(-c2csc(NC(=O)c3ccc(CN4CCN(C)CC4)cc3)n2)ccc1C,14400.0,4.841637507904751,0,536.7010000000004
COc1ccccc1C#Cc1ccnc2[nH]c3ccc(-c4ccc(N5CCN(C)CC5)cc4)cc3c12,520.0,6.2839966563652006,1,472.5920000000003
COc1ccccc1C#Cc1ccnc2c1c1cc(-c3ccc(N4CCN(C)CC4)cc3)ccc1n2C,2355.0,5.628009088535085,0,486.6190000000003
COc1ccccc1C1=C(C)SC2C=NC(Nc3cc(C4CCNCC4)nn3C(C)C)=NC12,2.7,8.568636235841012,1,464.6390000000003
COc1ccccc1C1=C(C)SC2C=NC(Nc3ccc(C4CCNCC4)c4c3OC(C)(C)C4)=NC12,10.9,7.962573502059376,1,502.6840000000004
COc1ccccc1CCNc1nc(Nc2ccc(N3CCN(C)CC3)cc2OC)ncc1Cl,2.0,8.698970004336019,1,483.0160000000003
COc1ccccc1Nc1nc(Nc2ccc(N3CCN(C)CC3)cc2)ncc1Cl,61.0,7.214670164989233,1,424.93600000000015
COc1ccccc1Nc1nc(Nc2ccc3c(c2OC)CCCC(N2CCN(CCO)CC2)C3)ncc1Cl,44.0,7.356547323513812,1,553.1070000000004
COc1ccccc1Nc1ncc(Cl)c(Nc2ccccc2S(=O)(=O)C(C)C)n1,2.1,8.67778070526608,1,432.93300000000016
COc1cnc(-c2cnc(N)c(O[C@H](C)c3c(Cl)ccc(F)c3Cl)c2)cc1N1CCNCC1,130.0,6.886056647693163,1,492.3820000000003
COc1cnc(N2CCNCC2)cc1-c1cnc(N)c(O[C@H](C)c2c(Cl)ccc(F)c2Cl)c1,20.0,7.698970004336019,1,492.3820000000002
COc1nc(C)cc2c1-c1[nH]c3cc(N4CCN(C)CC4)ccc3c1CCN2CCc1ccccc1,5100.0,5.292429823902063,0,481.64400000000035
COc1nc(C)cc2c1-c1[nH]c3ccccc3c1CCN2CCc1ccccc1,40000.0,4.3979400086720375,0,383.4950000000002
COc1nc(C)ccc1-c1c(CO)sc2cnc(Nc3cc(C)c(N4CCN(C)CC4)cc3OC(C)C)nc12,14.0,7.853871964321762,1,548.7130000000003
COc1nc(N2CC(O)C2)ccc1Nc1ncc(Cl)c(Nc2ccccc2NS(C)(=O)=O)n1,2866.6666666666665,5.542622803476095,0,491.9610000000002
COc1nc(N2CCN(C(C)C)CC2)ncc1-c1cnc(N)c(OC(C)c2c(Cl)ccc(F)c2Cl)c1,396.0,6.402304814074488,1,535.4510000000002
COc1nc(N2CCN(C)CC2)ccc1Nc1ncc(Cl)c(Nc2ccccc2NS(=O)(=O)C2CC2)n1,4600.0,5.337242168318426,0,545.0690000000001
COc1nc(N2CCN(C)CC2)ccc1Nc1ncc(Cl)c(Nc2ccccc2NS(C)(=O)=O)n1,2433.3333333333335,5.613798394599207,0,519.0310000000002
COc1nc(N2CCN(CCO)CC2)ccc1Nc1ncc(Cl)c(Nc2ccccc2NS(C)(=O)=O)n1,4400.0,5.356547323513812,0,549.0570000000001
COc1nc(N2CCSCC2)ccc1Nc1ncc(Cl)c(Nc2ccccc2NS(C)(=O)=O)n1,4100.0,5.3872161432802645,0,522.0560000000002
COc1ncc(-c2ccc3c(c2)OCO3)cc1C(=O)Nc1ccc(CN2CCN(C)CC2)cc1,20300.0,4.692503962086787,0,460.5340000000003
COc1ncc(F)cc1-c1c(C(N)=O)sc2cnc(Nc3cc(C4CCOCC4)nn3C(C)C)nc12,10.5,7.978810700930062,1,511.5830000000003
COc1ncc(F)cc1CNc1ccc(Cc2c[nH]c3ncc(C)cc23)c(F)n1,1000.0,6.0,1,395.41300000000007
COc1ncccc1-c1c(C(N)=O)sc2cnc(Nc3cc(C)c(-n4ccnc4C)cc3OC(C)C)nc12,41.0,7.3872161432802645,1,529.6260000000002
COc1ncccc1-c1c(C(N)=O)sc2cnc(Nc3cc(C)c(N4CCN(C)CC4)cc3OC(C)C)nc12,3.0,8.522878745280337,1,547.6850000000003
COc1ncccc1-c1c(C(N)=O)sc2cnc(Nc3cc(F)c(C4CCN(C)CC4)cc3OC(C)C)nc12,2.0,8.698970004336019,1,550.6600000000002
COc1ncccc1-c1c(C(N)=O)sc2cnc(Nc3cccc(N4CCN(C)CC4)c3OC(C)C)nc12,33.0,7.481486060122112,1,533.6580000000002
COc1ncccc1-c1cnc(N)c(O[C@H](C)c2cc(F)ccc2-n2nccn2)c1,256.0,6.59176003468815,1,406.42100000000005
COc1ncccc1-c1cnc(N)c(O[C@H](C)c2cc(F)ccc2-n2nccn2)n1,31.35,7.503762454833264,1,407.40900000000005
COc1ncncc1-c1cnc(N)c(O[C@H](C)c2cc(F)ccc2-n2nccn2)c1,772.0,6.112382699664264,1,407.40900000000005
COc1nn(C)c2c1-c1cnc(N)c(c1)O[C@H](C)c1cc(F)ccc1C(=O)N(C)C2,1.1400000000000001,8.943095148663527,1,411.4370000000002
COc1nn(C)c2c1-c1cnc(N)c(n1)O[C@H](C)c1cc(F)ccc1C(=O)N(C)C2,0.43,9.366531544420413,1,412.4250000000002
CS(=O)(=O)N1CCN(c2nc(Nc3cccc(NC(=O)CN)c3)ncc2Cl)c2ccccc21,1000.0,6.0,1,487.9730000000002
CS(=O)(=O)Nc1ccccc1Nc1nc(Nc2ccc3nc(CN4CCCCC4)[nH]c3c2)ncc1Cl,6.933333333333334,8.1590579197569,1,527.0540000000004
CS(=O)(=O)Nc1ccccc1Nc1nc(Nc2cccc(NC(=O)CN)c2)ncc1Cl,94.5,7.024568191490737,1,461.9350000000002
C[C@@H](Oc1c(N)ncc2c(C3=CCN(C(N)=O)CC3)coc12)c1c(Cl)ccc(F)c1Cl,270.0,6.568636235841013,1,465.3120000000001
C[C@@H](Oc1cc(-c2cc[nH]c(=O)c2)cnc1N)c1c(Cl)ccc(F)c1Cl,40.333333333333336,7.394335884403212,1,394.23300000000006
C[C@@H](Oc1cc(-c2ccc3c(c2)NC(=O)C32CCN(C)CC2)cnc1N)c1c(Cl)ccc(F)c1Cl,19.75,7.704432900037521,1,515.4160000000003
C[C@@H](Oc1cc(-c2cccc(S(C)(=O)=O)c2)cnc1N)c1cc(F)ccc1-n1nccn1,29.3,7.533132379645891,1,453.49900000000014
C[C@@H](Oc1cc(-c2ccn(C)c(=O)c2)cnc1N)c1c(Cl)ccc(F)c1Cl,50.0,7.301029995663981,1,408.2600000000001
C[C@@H](Oc1cc(-c2ccn(C3CCNCC3)n2)cnc1N)c1c(Cl)ccc(F)c1Cl,7.0,8.154901959985743,1,450.34500000000014
C[C@@H](Oc1cc(-c2ccn(CCN(C)C)c(=O)c2)cnc1N)c1c(Cl)ccc(F)c1Cl,28.666666666666668,7.542622803476094,1,465.3560000000001
C[C@@H](Oc1cc(-c2ccn(Cc3ccccc3)c(=O)c2)cnc1N)c1c(Cl)ccc(F)c1Cl,218.0,6.661543506395395,1,484.3580000000002
C[C@@H](Oc1cc(-c2ccnn2C)cnc1N)c1cc(F)ccc1-n1nccn1,677.0,6.169411331314856,1,379.399
C[C@@H](Oc1cc(-c2cn(C)nc2C#N)cnc1N)c1cc(F)ccc1-n1nccn1,105.0,6.978810700930062,1,404.40900000000005
C[C@@H](Oc1cc(-c2cnc(C3=CCNCC3)c(OCCN3CCOCC3)c2)cnc1N)c1c(Cl)ccc(F)c1Cl,13.1,7.882728704344236,1,588.5110000000003
C[C@@H](Oc1cc(-c2cnc(C3=CCNCC3)c(OCCO)c2)cnc1N)c1c(Cl)ccc(F)c1Cl,6.9,8.161150909262744,1,519.4040000000002
C[C@@H](Oc1cc(-c2cnc(N3CCNC[C@@H]3C)cc2OCCN2CCOCC2)cnc1N)c1c(Cl)ccc(F)c1Cl,92.9,7.031984286006358,1,605.5420000000004
C[C@@H](Oc1cc(-c2cnc(N3CCOCC3)c(OCCN3CCOCC3)c2)cnc1N)c1c(Cl)ccc(F)c1Cl,90.0,7.045757490560675,1,592.4990000000003
C[C@@H](Oc1cc(-c2cnn(C3CC4(CCCNC4)C3)c2)cnc1N)c1c(Cl)ccc(F)c1Cl,1.92,8.71669877129645,1,490.4100000000002
C[C@@H](Oc1cc(-c2cnn(C3CC4(CCNCC4)C3)c2)cnc1N)c1c(Cl)ccc(F)c1Cl,1.42,8.847711655616944,1,490.4100000000002
C[C@@H](Oc1cc(-c2cnn(C3CC4(CNC4)C3)c2)cnc1N)c1c(Cl)ccc(F)c1Cl,2.21,8.655607726314889,1,462.3560000000001
C[C@@H](Oc1cc(-c2cnn(C3CCC4(CC3)CNC4)c2)cnc1N)c1c(Cl)ccc(F)c1Cl,4.31,8.365522729839268,1,490.4100000000002
C[C@@H](Oc1cc(-c2cnn(C3CCNCC3)c2)cnc1N)c1c(Cl)ccc(F)c1Cl,12496.337915966387,4.903217239464269,0,450.34500000000014
C[C@@H](Oc1cc(-c2cnn(C3CCNCC3)c2)cnc1N)c1cc(F)ccc1Cl,387.0,6.412289034981089,1,415.9000000000001
C[C@@H](Oc1cc(-c2cnnn2C)cnc1N)c1cc(F)ccc1-n1nccn1,1849.6666666666667,5.732906529905496,0,380.38700000000006
C[C@@H](Oc1cc(C(=O)Nc2ccc(=O)n(C)c2)nnc1N)c1c(Cl)ccc(F)c1Cl,60.0,7.221848749616356,1,452.27300000000014
C[C@@H](Oc1cc(C(=O)Nc2ccc(C(=O)N3CCCN(C)CC3)cc2)nnc1N)c1c(Cl)ccc(F)c1Cl,1.0,9.0,1,561.4450000000002
C[C@@H](Oc1cc(C(=O)Nc2ccc(C(=O)N3CCCNCC3)cc2)nnc1N)c1c(Cl)ccc(F)c1Cl,1.0,9.0,1,547.4180000000002
C[C@@H](Oc1cc(C(=O)Nc2ccc(C(=O)N3CCN(C)CC3)cc2)nnc1N)c1c(Cl)ccc(F)c1Cl,1.0,9.0,1,547.4180000000002
C[C@@H](Oc1cc(C(=O)Nc2ccc(C(=O)N3CCN4CCCC4C3)cc2)nnc1N)c1c(Cl)ccc(F)c1Cl,1.0,9.0,1,573.4560000000002
C[C@@H](Oc1cc(C(=O)Nc2ccc(C(=O)N3CCNC(C)(C)C3)cc2)nnc1N)c1c(Cl)ccc(F)c1Cl,1.0,9.0,1,561.4450000000002
C[C@@H](Sc1cc(-c2cnn(C3CCNCC3)c2)cnc1N)c1c(Cl)ccc(F)c1Cl,348.9,6.457299030551889,1,466.4130000000001
C[C@@H](c1cc(F)cc(F)c1)c1ccc2[nH]nc(NC(=O)c3ccc(N4CCN(C)CC4)cc3NC3CCOCC3)c2c1,19.0,7.721246399047171,1,574.6760000000003
C[C@@H](c1cc2cccnc2cc1F)n1cnc2ncc(-c3cnn(C)c3)nc21,30000.0,4.522878745280337,0,373.3950000000001
C[C@@H](c1ccccc1)N1CCc2c([nH]c3ccc(Br)cc23)-c2c(I)ccnc21,8300.0,5.080921907623926,0,544.234
C[C@@H](c1ccccc1)N1CCc2c([nH]c3ccc(Br)cc23)-c2c1ccnc2Cl,5800.0,5.236572006437063,0,452.78300000000013
C[C@@H]1CCc2ncc(F)cc2[C@H]2CCCN2c2ccn3ncc(c3n2)C(=O)N1,274.0,6.562249437179612,1,380.4270000000001
C[C@@H]1CN(C(=O)c2ccc(NC(=O)c3cc(O[C@H](C)c4c(Cl)ccc(F)c4Cl)c(N)nn3)cc2)C[C@H](C)N1,0.7,9.154901959985743,1,561.445
C[C@@H]1CN(C2CCN(c3cc4c(cn3)C(=O)c3c([nH]c5cc(C(N)=O)ccc35)C4(C)C)CC2)C[C@H](C)O1,113.91,6.94343814814054,1,501.6310000000004
C[C@@H]1CN(c2cc3c(cc2Br)C(=O)c2c([nH]c4cc(C#N)ccc24)C3(C)C)C[C@H](C)N1C1CCC1,0.3,9.522878745280337,1,531.4980000000002
C[C@@H]1COc2cn3ncc4c3nc2N1Cc1ccc(F)cc1OCC(C)(C)NC4=O,6.58,8.181774106386044,1,411.4370000000002
C[C@@H]1COc2cn3ncc4c3nc2N1Cc1ccc(F)cc1O[C@@H](C)CNC4=O,350.0,6.455931955649724,1,397.41000000000014
C[C@@H]1C[C@H](N)C[C@H](c2ccncc2NC(=O)c2ccc(F)c(-c3c(F)cccc3F)n2)C1,10000.0,5.0,0,440.46900000000016
C[C@@H]1Nc2ccc3ncc(n3n2)C(=O)NC2(CC2)COc2ccc(F)cc21,741.0,6.130181792020672,1,367.38400000000007
C[C@@H]1Nc2nc(ncc2Cl)Nc2cccc(c2)COc2cccc1c2,10000.0,5.0,0,352.82500000000016
C[C@@H]1Oc2cc(cnc2N)-c2c(nn(C)c2C#N)CN(C)C(=O)c2ccc(F)cc21,28.0,7.552841968657781,1,406.4210000000001
C[C@H](Nc1nc(Nc2cn(C)cn2)c2cc[nH]c2n1)c1ncc(F)cn1,50.0,7.301029995663981,1,353.36500000000007
C[C@H](O)CN1CCN(c2cc(F)c(Nc3ncc4ccc(-c5ccccc5N(C)S(C)(=O)=O)n4n3)cc2F)CC1,91.0,7.040958607678906,1,571.6540000000001
C[C@H](O)CN1CCN(c2ccc(Nc3ncc4ccc(-c5ccccc5N(C)S(C)(=O)=O)n4n3)cc2)CC1,30.0,7.522878745280337,1,535.6740000000001
C[C@H](c1cc(F)cc(F)c1)c1ccc2[nH]nc(NC(=O)c3ccc(N4CCN(C)CC4)cc3NC3CCOCC3)c2c1,59.0,7.229147988357855,1,574.6760000000003
C[C@H]1CN(C2CCC2)CCN1c1ccc2c(c1)C(C)(C)c1[nH]c3cc(C#N)ccc3c1C2=O,0.981,9.008330992620051,1,438.5750000000002
C[C@H]1CNC(=O)c2cnc3ccc(nn23)N[C@H](C)c2cc(F)ccc2O1,8.05,8.094204119632131,1,355.3730000000001
C[C@H]1CNC(=O)c2cnn3cc(cnc23)N[C@H](C)c2cc(F)cc(c2)O1,1.1166666666666667,8.952076447682817,1,355.3730000000001
C[C@H]1CNC(=O)c2cnn3ccc(nc23)N[C@H](C)c2cc(F)ccc2O1,8.48857142857143,8.071165392546611,1,355.3730000000001
C[C@H]1Nc2ccc3ncc(n3n2)C(=O)NC(C)(C)COc2ccc(F)cc21,7.3500000000000005,8.133712660915805,1,369.4000000000001
C[C@H]1Nc2ccc3ncc(n3n2)C(=O)NC2(CC2)COc2cc(F)ccc21,683.0,6.165579296318468,1,367.38400000000007
C[C@H]1Nc2ccc3ncc(n3n2)C(=O)NC2(CC2)COc2ccc(Cl)cc21,42.5,7.371611069949688,1,383.8390000000001
C[C@H]1Nc2ccc3ncc(n3n2)C(=O)NC2(CC2)COc2ccc(F)cc21,6.1,8.214670164989233,1,367.38400000000007
C[C@H]1Nc2ccc3ncc(n3n2)C(=O)NC2(CC2)COc2ccccc21,62.5,7.204119982655925,1,349.39400000000006
C[C@H]1Nc2ccc3ncc(n3n2)C(=O)NC2(CCC2)COc2ccc(F)cc21,6.15,8.211124884224583,1,381.4110000000001
C[C@H]1Nc2ccc3ncc(n3n2)C(=O)NCCOc2ccc(F)cc21,20.5,7.688246138944246,1,341.346
C[C@H]1Nc2ccn3ncc(c3n2)C(=O)NC[C@@H](CF)Oc2ccc(F)cc21,2.0,8.698970004336019,1,373.36300000000006
C[C@H]1Nc2ccn3ncc(c3n2)C(=O)N[C@@]2(C)CC3=CC(F)=CC1C3O2,11.36,7.9446216686249995,1,355.37300000000005
C[C@H]1Nc2nc(ncc2Cl)Nc2cccc(c2)COc2cccc1c2,10000.0,5.0,0,352.82500000000016
C[C@H]1Oc2cc(cnc2N)-c2c(C3CC3)nn(C)c2CN(C)C(=O)c2ccc(F)cc21,5.8,8.236572006437063,1,421.47600000000017
C[C@H]1Oc2cc(cnc2N)-c2c(nn(C)c2C#N)CCCOc2ccc(F)cc21,10.95,7.960585880823863,1,393.42200000000014
C[C@H]1Oc2cc(cnc2N)-c2c(nn(C)c2C#N)CCOc2ccc(F)cc21,10.5,7.978810700930062,1,379.3950000000001
C[C@H]1Oc2cc(cnc2N)-c2c(nn(C)c2C#N)CN(C)C(=O)c2ccc(F)cc21,15.893478260869566,7.7987810477771875,1,406.4210000000001
C[C@H]1Oc2cc(cnc2N)-c2c(nn(C)c2C#N)CN(C)C(=O)c2ccccc21,3.25,8.488116639021126,1,388.4310000000001
C[C@H]1Oc2cc(cnc2N)-c2cc(S(C)(=O)=O)ccc2CN(C)C(=O)c2ccc(F)cc21,11.15,7.952725132615821,1,455.5110000000002
C[C@H]1Oc2cc(cnc2N)Cc2c(nn(C)c2C#N)CN(C)C(=O)c2ccc(F)cc21,24.927500000000002,7.603321275072145,1,420.44800000000015
C[C@H]1Oc2nc(cnc2N)-c2c(nc3ccc(C#N)cn23)CN(C)C(=O)c2ccc(F)cc21,45.0,7.346787486224656,1,443.4420000000002
C[C@H]1Oc2nc(cnc2N)-c2cc(S(C)(=O)=O)ccc2CN(C)C(=O)c2ccc(F)cc21,1.1199999999999999,8.950781977329818,1,456.4990000000002
C[C@]1(O)C[C@@H](c2nc(-c3ccc4ccc(-c5ccccc5)nc4c3)c3c(N)nccn32)C1,10000.0,5.0,0,421.5040000000002
C[N+]1(C)CCN(c2ccc(-c3ccc4[nH]c5nccc(C#Cc6ccccc6C(F)(F)F)c5c4c3)cc2)CC1,1985.0,5.702239488900866,0,525.5980000000002
C[N+]1(CC(=O)O)CCN(c2ccc(-c3ccc4[nH]c5nccc(-c6ccc(Cc7ccccc7)cc6)c5c4c3)cc2)CC1,1650.0,5.782516055786093,0,567.7130000000002
C[S+]([O-])CCOc1ccc2c(c1)C(C)(C)c1[nH]c3cc(C#N)ccc3c1C2=O,10.25,7.989276134608227,1,392.4800000000002
Cc1[nH]c(/C=C2\C(=O)Nc3ccc(F)cc32)c(C)c1C(=O)O,910.0,6.040958607678906,1,300.289
Cc1[nH]c(/C=C2\C(=O)Nc3ccccc32)c(C)c1-c1ccc(NCCN)cc1,415.3,6.381638068890122,1,372.4720000000001
Cc1[nH]c(/C=C2\C(=O)Nc3ccccc32)c(C)c1-c1cccc(NCCN)c1,604.5,6.2186036948032095,1,372.4720000000001
Cc1[nH]c2cc(Nc3ncc(Cl)c(Nc4ccccc4NS(C)(=O)=O)n3)ccc2c1C(=O)N1CCC(C)CC1,9.166666666666666,8.0377885608894,1,568.1030000000002
Cc1[nH]c2cc(Nc3ncc(Cl)c(Nc4ccccc4NS(C)(=O)=O)n3)ccc2c1C(=O)N1CCOCC1,6.066666666666666,8.217049866734587,1,556.0480000000001
Cc1[nH]nc2nc(Nc3ccc(C4CCNCC4)cc3)nc(Nc3ccccc3S(=O)(=O)C(C)C)c12,17.0,7.769551078621726,1,505.6480000000002
Cc1c(C#N)ccc2c3c([nH]c12)C(C)(C)c1cc(OC[C@H](O)CO)ccc1C3=O,6.04,8.218963061378869,1,390.43900000000014
Cc1c(C(=O)N2CCOc3ccc(-c4ccc(N)nc4)cc3C2)ccc(S(C)(=O)=O)c1F,3500.0,5.455931955649724,0,455.5110000000002
Cc1c(O)c(O)c(O)c(C=O)c1-c1cc2c(C=O)c(C)c(O)c(O)c2o1,250.0,6.6020599913279625,1,358.30200000000013
Cc1c(O)c(O)c(O)c2c1COC2=O,5020.0,5.29929628285498,0,196.15799999999996
Cc1c(O)c(O)c2c(c1C=O)[C@@H]1O[C@H](O2)c2c(C)c(O)c(O)c(O)c2C1=O,180.0,6.7447274948966935,1,374.3010000000001
Cc1c(O)c(O)cc2oc3cc(O)cc(O)c3c(=O)c12,1100.0,5.958607314841775,0,274.228
Cc1c[nH]c2nccc(Oc3c(F)cc(Nc4cc(Cl)nc(N)n4)cc3F)c12,1000.0,6.0,1,402.7920000000001
Cc1cc(-c2cc(C(F)(F)F)ccc2O[C@H]2C[C@@]2(CN)c2ccc(F)cc2F)n[nH]1,18.0,7.7447274948966935,1,423.3850000000001
Cc1cc(-c2cc(NC(=O)c3ccc(CN4CCN(C)CC4)cc3)[nH]n2)ccc1N,10000.0,5.0,0,404.51800000000014
Cc1cc(-c2cc(NC(=O)c3ccc(CN4CCN(C)CC4)cc3)[nH]n2)ccc1NC(=O)Nc1cc(C(C)(C)C)on1,177.0,6.752026733638194,1,570.6980000000002
Cc1cc(-c2cc(NC(=O)c3ccc(CN4CCN(C)CC4)cc3)[nH]n2)ccc1NC(=O)Nc1cc(C(C)C)on1,402.0,6.39577394691553,1,556.6710000000002
Cc1cc(-c2cc(NC(=O)c3ccc(CN4CCN(C)CC4)cc3)[nH]n2)ccc1NC(=O)Nc1cccc(F)c1,6203.0,5.207398218835033,0,541.6310000000002
Cc1cc(-c2cc(NC(=O)c3ccc(OCCN4CCOCC4)cc3)[nH]n2)ccc1NC(=O)Nc1cc(C(C)(C)C)on1,10000.0,5.0,0,587.681
Cc1cc(-c2ccc(N)cc2)c(/C=C2\C(=O)Nc3ccc(N)cc32)[nH]1,68.3,7.165579296318468,1,330.3910000000001
Cc1cc(-c2ccc(N)cc2)c(/C=C2\C(=O)Nc3ccccc32)[nH]1,367.6,6.434624497285927,1,315.37600000000003
Cc1cc(-c2ccc(NCCN)cc2)c(/C=C2\C(=O)Nc3ccccc32)[nH]1,149.3,6.825940192274975,1,358.445
Cc1cc(-c2cccc(N)c2)c(/C=C2\C(=O)Nc3ccc(N)cc32)[nH]1,50.8,7.294136287716081,1,330.391
Cc1cc(-c2cccc(N)c2)c(/C=C2\C(=O)Nc3ccccc32)[nH]1,61.8,7.209011524911184,1,315.376
Cc1cc(-c2cccc(NCCN)c2)c(/C=C2\C(=O)Nc3ccccc32)[nH]1,89.1,7.050122295963125,1,358.445
Cc1cc(-c2cccnc2)n[nH]1,220000.0,3.657577319177794,0,159.192
Cc1cc(-c2cnc3ccc(N[C@@H](C)c4ccc(F)cc4F)nn23)[nH]n1,4.0,8.397940008672037,1,354.36400000000003
Cc1cc(-c2cnc3ccc(N[C@H](C)c4ccc(F)cc4F)nn23)[nH]n1,1000.0,6.0,1,354.36400000000003
Cc1cc(-c2csc(NC(=O)c3ccc(CN4CCN(C)CC4)cc3)n2)ccc1C#C[Si](C(C)C)(C(C)C)C(C)C,620.0,6.2076083105017466,1,586.9220000000003
Cc1cc(-c2csc(NC(=O)c3ccc(CN4CCN(C)CC4)cc3)n2)ccc1C#Cc1ccccc1C(F)(F)F,11200.0,4.950781977329818,0,574.6720000000005
Cc1cc(-c2n[nH]c3ccc(C(=O)NC(C)c4c(Cl)cncc4Cl)cc23)ccn1,1000.0,6.0,1,426.30700000000013
Cc1cc(-n2cc(C(=O)N(C)C)c3ccc(N[C@@H](C)c4ccc(F)cn4)nc32)[nH]n1,8.9,8.050609993355087,1,407.4530000000001
Cc1cc(-n2cc(C(=O)N3CCN(C)CC3)c3ccc(N[C@@H](C)c4ccc(F)cn4)nc32)[nH]n1,21.55,7.66655272550325,1,462.5330000000001
Cc1cc(-n2cc(C(=O)N3CCOCC3)c3ccc(N[C@@H](C)c4ccc(F)cn4)nc32)[nH]n1,16.166666666666668,7.791379516117399,1,449.49
Cc1cc(-n2cc(C(=O)N3CCOCC3)c3ccc(OC(C)c4ccc(F)cn4)nc32)[nH]n1,37.6,7.424812155072339,1,450.47400000000005
Cc1cc(-n2cc(C(=O)N3CCO[C@@H](C)C3)c3ccc(O[C@@H](C)c4ccc(F)cn4)nc32)n[nH]1,14.95,7.825358807339551,1,464.5010000000001
Cc1cc(-n2cc(C(=O)N3CCO[C@H](C)C3)c3ccc(O[C@H](C)c4ccc(F)cn4)nc32)[nH]n1,23.3,7.632644078973981,1,464.5010000000001
Cc1cc(-n2cc(C3=CCOCC3)c3ccc(N[C@@H](C)c4ccc(F)cn4)nc32)[nH]n1,5.65,8.247951552180561,1,418.47600000000006
Cc1cc(-n2cc(S(=O)(=O)C(C)C)c3ccc(N[C@@H](C)c4ccc(F)cn4)nc32)n[nH]1,144.0,6.841637507904751,1,442.5200000000001
Cc1cc(-n2cc(S(=O)(=O)C3COC3)c3ccc(N[C@@H](C)c4ccc(F)cn4)nc32)n[nH]1,40.0,7.3979400086720375,1,456.5030000000001
Cc1cc(-n2cc(S(C)(=O)=O)c3ccc(N[C@@H](C)c4ccc(F)cc4F)nc32)n[nH]1,14.1,7.85078088734462,1,431.46800000000013
Cc1cc(-n2cc(S(C)(=O)=O)c3ccc(N[C@@H](C)c4ccc(F)cn4)nc32)n[nH]1,8.15,8.088842391260023,1,414.4660000000001
Cc1cc(-n2ccc3ccc(N[C@@H](C)c4ccc(F)cc4F)nc32)[nH]n1,77.0,7.113509274827518,1,353.37600000000003
Cc1cc(C(=O)NC(C)(C)C)cc(C#Cc2ccc3c4c(oc3c2)C(C)(C)c2cc(NS(C)(=O)=O)ccc2C4=O)n1,10000.0,5.0,0,569.6830000000002
Cc1cc(C)c(/C=C2\C(=O)Nc3ccc(-c4cccnc4)cc32)[nH]1,3800.0,5.42021640338319,0,315.37600000000003
Cc1cc(C)c(/C=C2\C(=O)Nc3ccc(N)cc32)[nH]1,4800.0,5.318758762624412,0,253.305
Cc1cc(C)c(/C=C2\C(=O)Nc3ccccc32)[nH]1,1505.0,5.822463500070138,0,238.29000000000002
Cc1cc(CN2CCN(C)CC2)ccc1NC(=O)c1cc(-c2ccc3c(c2)OCO3)cnc1O,14500.0,4.838631997765025,0,460.5340000000003
Cc1cc(Cl)c2c(n1)N(CCc1ccccc1)CCc1c-2[nH]c2ccccc12,11800.0,4.928117992693875,0,387.91400000000016
Cc1cc(NC(=O)Nc2ccc(-c3cc(NC(=O)c4ccc(CN5CCN(C)CC5)cc4)[nH]n3)cc2C)no1,5642.0,5.248566918180653,0,528.6170000000003
Cc1cc(NC2=NC3NCCCC3C(Nc3ccccc3S(=O)(=O)C(C)C)=N2)c(OC(C)C)cc1C1CCNCC1,212.0,6.673664139071248,1,580.799
Cc1cc(NC2CCN(C)CC2)ccc1-c1cc2c(N3CCC[C@H](C(=O)NCc4ccc(Cl)cc4)C3)ncnc2[nH]1,0.86,9.065501548756432,1,572.1570000000002
Cc1cc(NC2CCN(C)CC2)ccc1-c1cc2c(N3CCC[C@H](C(=O)NCc4ccc(OC(F)(F)F)cc4)C3)ncnc2[nH]1,4.998,8.301203748209568,1,621.7080000000001
Cc1cc(NC2CCN(C)CC2)ccc1-c1cc2c(N3CCC[C@H](C(=O)NCc4ccc(S(F)(F)F)cc4)C3)ncnc2[nH]1,0.6,9.221848749616356,1,625.7650000000001
Cc1cc(NC2CCN(C)CC2)ccc1-c1cc2c(N3CCC[C@H](C(=O)NCc4cccc(OC(F)(F)F)c4)C3)ncnc2[nH]1,0.64,9.193820026016112,1,621.7080000000001
Cc1cc(Nc2cc(N3CCC[C@@H](C(=O)NCc4ccc(OC(F)(F)F)cc4)C3)ccn2)ccc1NC1CCN(C)CC1,4260.0,5.370590400897281,0,596.6979999999998
Cc1cc(Nc2cc(N3CCC[C@H](C(=O)NCc4ccc(OC(F)(F)F)cc4)C3)ccn2)ccc1NC1CCN(C)CC1,2010.0,5.696803942579511,0,596.6979999999998
Cc1cc(Nc2cc(Nc3ccccc3S(=O)(=O)C(C)C)c(Cl)cn2)c(OC(C)C)cc1C1CCN(C)CC1,4240.0,5.372634143407267,0,571.187
Cc1cc(Nc2cc(Nc3ccccc3S(=O)(=O)C(C)C)c3c(C)n[nH]c3c2)c(OC(C)C)cc1C1CCNCC1,38.0,7.42021640338319,1,575.779
Cc1cc(Nc2cc(Nc3ccccc3S(=O)(=O)C(C)C)c3cc[nH]c3n2)c(OC(C)C)cc1C1CCN(C)CC1,25000.0,4.6020599913279625,0,575.779
Cc1cc(Nc2cc(Nc3ccccc3S(=O)(=O)C(C)C)nc3[nH]ccc23)c(OC(C)C)cc1C1CCN(C)CC1,186.0,6.730487055782084,1,575.779
Cc1cc(Nc2nc(N[C@H]3CC[C@H](O)CC3)c(Cl)nc2C(N)=O)ccc1N1CCC(N2CCN(C)CC2)CC1,2.3,8.638272163982407,1,557.143
Cc1cc(Nc2nc(Nc3ccccc3S(=O)(=O)C(C)C)c3[nH]nnc3n2)c(OC(C)C)cc1C1CCN(C)CC1,48.0,7.318758762624412,1,578.743
Cc1cc(Nc2nc(Nc3ccccc3S(=O)(=O)C(C)C)c3c(C)[nH]nc3n2)c(OC(C)C)cc1C1CCN(C(=O)C2CCNCC2)CC1,113.0,6.94692155651658,1,688.8989999999998
Cc1cc(Nc2nc(Nc3ccccc3S(=O)(=O)C(C)C)c3c(C)[nH]nc3n2)c(OC(C)C)cc1C1CCN(C(=O)CCN(C)C)CC1,18.0,7.7447274948966935,1,676.8879999999998
Cc1cc(Nc2nc(Nc3ccccc3S(=O)(=O)C(C)C)c3c(C)[nH]nc3n2)c(OC(C)C)cc1C1CCN(C(=O)CCN2CCC2)CC1,46.0,7.337242168318426,1,688.8989999999997
Cc1cc(Nc2nc(Nc3ccccc3S(=O)(=O)C(C)C)c3c(C)[nH]nc3n2)c(OC(C)C)cc1C1CCN(C(=O)CN(C)C)CC1,7.0,8.154901959985743,1,662.8609999999999
Cc1cc(Nc2nc(Nc3ccccc3S(=O)(=O)C(C)C)c3c(C)[nH]nc3n2)c(OC(C)C)cc1C1CCN(C(=O)CN2CCOCC2)CC1,41.0,7.3872161432802645,1,704.8979999999997
Cc1cc(Nc2nc(Nc3ccccc3S(=O)(=O)C(C)C)c3c(C)[nH]nc3n2)c(OC(C)C)cc1C1CCN(C(=O)Cn2cccn2)CC1,22.0,7.657577319177793,1,685.8549999999999
Cc1cc(Nc2nc(Nc3ccccc3S(=O)(=O)C(C)C)c3c(C)[nH]nc3n2)c(OC(C)C)cc1C1CCN(C(=O)Cn2ccnc2)CC1,29.0,7.5376020021010435,1,685.8549999999999
Cc1cc(Nc2nc(Nc3ccccc3S(=O)(=O)C(C)C)c3c(C)[nH]nc3n2)c(OC(C)C)cc1C1CCN(C)CC1,12.0,7.920818753952375,1,591.782
Cc1cc(Nc2nc(Nc3ccccc3S(=O)(=O)C(C)C)c3c(C)[nH]nc3n2)c(OC(C)C)cc1C1CCN(CC(N)=O)CC1,14.0,7.853871964321762,1,634.8069999999999
Cc1cc(Nc2nc(Nc3ccccc3S(=O)(=O)C(C)C)c3c(C)[nH]nc3n2)c(OC(C)C)cc1C1CCN(CCC(=O)N(C)C)CC1,15.0,7.823908740944319,1,676.8879999999998
Cc1cc(Nc2nc(Nc3ccccc3S(=O)(=O)C(C)C)c3c(C)[nH]nc3n2)c(OC(C)C)cc1C1CCN(CCC(=O)N2CCC2)CC1,21.0,7.6777807052660805,1,688.8989999999997
Cc1cc(Nc2nc(Nc3ccccc3S(=O)(=O)C(C)C)c3c(C)[nH]nc3n2)c(OC(C)C)cc1C1CCN(CCC(N)=O)CC1,18.0,7.7447274948966935,1,648.8339999999998
Cc1cc(Nc2nc(Nc3ccccc3S(=O)(=O)C(C)C)c3c(C)[nH]nc3n2)c(OC(C)C)cc1C1CCN(CCO)CC1,11.0,7.958607314841775,1,621.808
Cc1cc(Nc2nc(Nc3ccccc3S(=O)(=O)C(C)C)c3c(C)[nH]nc3n2)c(OC(C)C)cc1C1CCN(CCS(C)(=O)=O)CC1,23.0,7.638272163982407,1,683.901
Cc1cc(Nc2nc(Nc3ccccc3S(=O)(=O)C(C)C)c3c(C)[nH]nc3n2)c(OC(C)C)cc1C1CCN(C[C@@H](O)C(F)(F)F)CC1,105.0,6.978810700930062,1,689.8050000000002
Cc1cc(Nc2nc(Nc3ccccc3S(=O)(=O)C(C)C)c3c(C)[nH]nc3n2)c(OC(C)C)cc1C1CCN(C[C@H](O)C(F)(F)F)CC1,87.0,7.060480747381382,1,689.8050000000002
Cc1cc(Nc2nc(Nc3ccccc3S(=O)(=O)C(C)C)c3c(C)[nH]nc3n2)c(OC(C)C)cc1C1CCN([C@@H]2CCS(=O)(=O)C2)CC1,18.0,7.7447274948966935,1,695.9119999999999
Cc1cc(Nc2nc(Nc3ccccc3S(=O)(=O)C(C)C)c3c(C)[nH]nc3n2)c(OC(C)C)cc1C1CCN([C@H]2CCS(=O)(=O)C2)CC1,19.0,7.721246399047171,1,695.9119999999999
Cc1cc(Nc2nc(Nc3ccccc3S(=O)(=O)C(C)C)c3c(C)c[nH]c3n2)c(OC(C)C)cc1C1CCN(C)CC1,9.0,8.045757490560675,1,590.794
Cc1cc(Nc2nc(Nc3ccccc3S(=O)(=O)C(C)C)c3c(C)c[nH]c3n2)c(OC(C)C)cc1C1CCN(CC(N)=O)CC1,7.0,8.154901959985743,1,633.8189999999998
Cc1cc(Nc2nc(Nc3ccccc3S(=O)(=O)C(C)C)c3c(C)c[nH]c3n2)c(OC(C)C)cc1C1CCN(CCO)CC1,6.0,8.221848749616356,1,620.8199999999999
Cc1cc(Nc2nc(Nc3ccccc3S(=O)(=O)C(C)C)c3c(C)c[nH]c3n2)c(OC(C)C)cc1C1CCN(C[C@@H](O)C(F)(F)F)CC1,163.0,6.787812395596042,1,688.8170000000001
Cc1cc(Nc2nc(Nc3ccccc3S(=O)(=O)C(C)C)c3c(C)c[nH]c3n2)c(OC(C)C)cc1C1CCN(C[C@H](O)C(F)(F)F)CC1,102.0,6.991399828238082,1,688.8170000000001
Cc1cc(Nc2nc(Nc3ccccc3S(=O)(=O)C(C)C)c3c(C)c[nH]c3n2)c(OC(C)C)cc1C1CCNCC1,155.0,6.809668301829708,1,576.767
Cc1cc(Nc2nc(Nc3ccccc3S(=O)(=O)C(C)C)c3c(C)n[nH]c3n2)c(OC(C)C)cc1C1CCNCC1,5.0,8.301029995663981,1,577.7550000000001
Cc1cc(Nc2nc(Nc3ccccc3S(=O)(=O)C(C)C)c3c[nH]nc3n2)c(OC(C)C)cc1C1CCN(C(=O)CN(C)C)CC1,13.0,7.886056647693163,1,648.834
Cc1cc(Nc2nc(Nc3ccccc3S(=O)(=O)C(C)C)c3c[nH]nc3n2)c(OC(C)C)cc1C1CCN(C[C@@H](O)C(F)(F)F)CC1,29.0,7.5376020021010435,1,675.7780000000002
Cc1cc(Nc2nc(Nc3ccccc3S(=O)(=O)C(C)C)c3cc[nH]c3n2)c(OC(C)C)cc1C1CCN(C)CC1,8.0,8.096910013008056,1,576.767
Cc1cc(Nc2ncc(C#N)c(Nc3cn(C)nc3S(=O)(=O)C(C)C)n2)c(OC2CC2)cc1C1CCN(C)CC1,3.0,8.522878745280337,1,564.7160000000002
Cc1cc(Nc2ncc(C)c(Nc3ccccc3S(=O)(=O)C(C)C)n2)c(OC(C)C)cc1C1CCN(C)CC1,14.6,7.835647144215563,1,551.7570000000002
Cc1cc(Nc2ncc(C)c(Nc3ccccc3S(=O)(=O)C(C)C)n2)c(OC(C)C)cc1C1CCN(CCO)CC1,63.6,7.196542884351586,1,581.7830000000001
Cc1cc(Nc2ncc(C)c(Nc3ccccc3S(=O)(=O)C(C)C)n2)c(OC(C)C)cc1C1CCNCC1,40.6,7.391473966422806,1,537.7300000000002
Cc1cc(Nc2ncc(C)c(Nc3cn(C)nc3S(=O)(=O)C(C)C)n2)c(OC2CC2)cc1C1CCN(C)CC1,3.5,8.455931955649724,1,553.7330000000003
Cc1cc(Nc2ncc(Cl)c(Nc3c[nH]nc3S(=O)(=O)C(C)C)n2)c(OC(C)C)cc1C1CCNCC1,25.0,7.6020599913279625,1,548.1130000000002
Cc1cc(Nc2ncc(Cl)c(Nc3ccc4c(c3)B(O)OC4)n2)c(OC(C)C)cc1C1CCNCC1,12.4,7.906578314837765,1,507.83100000000036
Cc1cc(Nc2ncc(Cl)c(Nc3cccc4c3B(O)OC4)n2)c(OC(C)C)cc1C1CCNCC1,20.666666666666668,7.684729565221408,1,507.83100000000036
Cc1cc(Nc2ncc(Cl)c(Nc3ccccc3S(=O)(=O)C(C)C)n2)c(OC(C)C)cc1C1CCN(C(=O)CCCC(=O)N[C@H](C(=O)N2C[C@H](O)C[C@H]2C(=O)NCc2ccc(-c3scnc3C)cc2)C(C)(C)C)CC1,7.0,8.154901959985743,1,1084.8069999999993
Cc1cc(Nc2ncc(Cl)c(Nc3ccccc3S(=O)(=O)C(C)C)n2)c(OC(C)C)cc1C1CCN(C(=O)CN(C)C)CC1,25.9,7.586700235918748,1,643.2539999999999
Cc1cc(Nc2ncc(Cl)c(Nc3ccccc3S(=O)(=O)C(C)C)n2)c(OC(C)C)cc1C1CCN(C(=O)SCC(=S)N(C)C)CC1,8.866666666666667,8.052239618088596,1,719.3989999999999
Cc1cc(Nc2ncc(Cl)c(Nc3ccccc3S(=O)(=O)C(C)C)n2)c(OC(C)C)cc1C1CCN(C(=O)SCC(=S)N2CC(C)N(C)C(C)C2)CC1,100.0,7.0,1,802.5329999999997
Cc1cc(Nc2ncc(Cl)c(Nc3ccccc3S(=O)(=O)C(C)C)n2)c(OC(C)C)cc1C1CCN(C(=O)SCC(=S)N2CCN(C)CC2)CC1,100.0,7.0,1,774.4789999999996
Cc1cc(Nc2ncc(Cl)c(Nc3ccccc3S(=O)(=O)C(C)C)n2)c(OC(C)C)cc1C1CCN(C(=O)SCC(=S)N2CCN(CCO)CC2)CC1,6.266666666666667,8.202963405455982,1,804.5049999999995
Cc1cc(Nc2ncc(Cl)c(Nc3ccccc3S(=O)(=O)C(C)C)n2)c(OC(C)C)cc1C1CCN(C(=O)SCC(=S)N2CCNC(C)C2)CC1,100.0,7.0,1,774.4789999999997
Cc1cc(Nc2ncc(Cl)c(Nc3ccccc3S(=O)(=O)C(C)C)n2)c(OC(C)C)cc1C1CCN(C(=O)SCC(=S)N2CCS(=O)(=O)CC2)CC1,4.203333333333333,8.37640616814658,1,809.5019999999997
Cc1cc(Nc2ncc(Cl)c(Nc3ccccc3S(=O)(=O)C(C)C)n2)c(OC(C)C)cc1C1CCN(C(=O)[C@@H]2CCCN2)CC1,13.0,7.886056647693163,1,655.2649999999999
Cc1cc(Nc2ncc(Cl)c(Nc3ccccc3S(=O)(=O)C(C)C)n2)c(OC(C)C)cc1C1CCN(C(=S)SCC(=O)N(C)C)CC1,108.0,6.966576244513051,1,719.3989999999999
Cc1cc(Nc2ncc(Cl)c(Nc3ccccc3S(=O)(=O)C(C)C)n2)c(OC(C)C)cc1C1CCN(C(=S)SCCN(C)C)CC1,75.0,7.1249387366083,1,705.4159999999998
Cc1cc(Nc2ncc(Cl)c(Nc3ccccc3S(=O)(=O)C(C)C)n2)c(OC(C)C)cc1C1CCN(C(=S)SCCN2CCCC2)CC1,51.0,7.292429823902063,1,731.4539999999996
Cc1cc(Nc2ncc(Cl)c(Nc3ccccc3S(=O)(=O)C(C)C)n2)c(OC(C)C)cc1C1CCN(C(=S)SCCN2CCCCC2)CC1,100.0,7.0,1,745.4809999999995
Cc1cc(Nc2ncc(Cl)c(Nc3ccccc3S(=O)(=O)C(C)C)n2)c(OC(C)C)cc1C1CCN(C(=S)SCCN2CCN(C)CC2)CC1,100.0,7.0,1,760.4959999999995
Cc1cc(Nc2ncc(Cl)c(Nc3ccccc3S(=O)(=O)C(C)C)n2)c(OC(C)C)cc1C1CCN(C(C)C)CC1,29.9,7.52432881167557,1,600.229
Cc1cc(Nc2ncc(Cl)c(Nc3ccccc3S(=O)(=O)C(C)C)n2)c(OC(C)C)cc1C1CCN(C)CC1,11.5,7.939302159646388,1,572.1750000000001
Cc1cc(Nc2ncc(Cl)c(Nc3ccccc3S(=O)(=O)C(C)C)n2)c(OC(C)C)cc1C1CCN(C2CCN(C)CC2)CC1,258.4,6.587707490676953,1,655.3089999999997
Cc1cc(Nc2ncc(Cl)c(Nc3ccccc3S(=O)(=O)C(C)C)n2)c(OC(C)C)cc1C1CCN(CC(=O)O)CC1,88.9,7.051098239029786,1,616.1840000000001
Cc1cc(Nc2ncc(Cl)c(Nc3ccccc3S(=O)(=O)C(C)C)n2)c(OC(C)C)cc1C1CCN(CC(F)F)CC1,305.7,6.514704561273911,1,622.1820000000001
Cc1cc(Nc2ncc(Cl)c(Nc3ccccc3S(=O)(=O)C(C)C)n2)c(OC(C)C)cc1C1CCN(CC(N)=O)CC1,16.5,7.782516055786093,1,615.1999999999999
Cc1cc(Nc2ncc(Cl)c(Nc3ccccc3S(=O)(=O)C(C)C)n2)c(OC(C)C)cc1C1CCN(CC2CN(c3ccc4c(c3)C(=O)N(C3CCC(=O)NC3=O)C4=O)C2)CC1,1630.0,5.787812395596042,0,883.4719999999995
Cc1cc(Nc2ncc(Cl)c(Nc3ccccc3S(=O)(=O)C(C)C)n2)c(OC(C)C)cc1C1CCN(CCC(=O)NCCCCCCCCNC(=O)COc2cccc3c2C(=O)N(C2CCC(=O)NC2=O)C3=O)CC1,5400.0,5.267606240177032,0,1070.7109999999993
Cc1cc(Nc2ncc(Cl)c(Nc3ccccc3S(=O)(=O)C(C)C)n2)c(OC(C)C)cc1C1CCN(CCC(=O)NCCCCCCCCNCC(=O)Nc2cccc3c2C(=O)N(C2CCC(=O)NC2=O)C3=O)CC1,12800.0,4.892790030352131,0,1069.7269999999992
Cc1cc(Nc2ncc(Cl)c(Nc3ccccc3S(=O)(=O)C(C)C)n2)c(OC(C)C)cc1C1CCN(CCC(=O)NCCCCCCCCNCCC(=O)Nc2cccc3c2C(=O)N(C2CCC(=O)NC2=O)C3=O)CC1,8200.0,5.086186147616283,0,1083.753999999999
Cc1cc(Nc2ncc(Cl)c(Nc3ccccc3S(=O)(=O)C(C)C)n2)c(OC(C)C)cc1C1CCN(CCC(=O)NCCCCCCCCNc2cccc3c2C(=O)N(C2CCC(=O)NC2=O)C3=O)CC1,19800.0,4.703334809738469,0,1012.674999999999
Cc1cc(Nc2ncc(Cl)c(Nc3ccccc3S(=O)(=O)C(C)C)n2)c(OC(C)C)cc1C1CCN(CCC(=O)NCCCCCCNC(=O)COc2cccc3c2C(=O)N(C2CCC(=O)NC2=O)C3=O)CC1,2100.0,5.6777807052660805,0,1042.6569999999995
Cc1cc(Nc2ncc(Cl)c(Nc3ccccc3S(=O)(=O)C(C)C)n2)c(OC(C)C)cc1C1CCN(CCC(=O)NCCCCCCNCC(=O)Nc2cccc3c2C(=O)N(C2CCC(=O)NC2=O)C3=O)CC1,50900.0,4.293282217663241,0,1041.6729999999993
Cc1cc(Nc2ncc(Cl)c(Nc3ccccc3S(=O)(=O)C(C)C)n2)c(OC(C)C)cc1C1CCN(CCC(=O)NCCCCCCNCCC(=O)Nc2cccc3c2C(=O)N(C2CCC(=O)NC2=O)C3=O)CC1,12600.0,4.899629454882437,0,1055.6999999999991
Cc1cc(Nc2ncc(Cl)c(Nc3ccccc3S(=O)(=O)C(C)C)n2)c(OC(C)C)cc1C1CCN(CCC(=O)NCCCCCCNc2cccc3c2C(=O)N(C2CCC(=O)NC2=O)C3=O)CC1,15800.0,4.801342913045577,0,984.6209999999992
Cc1cc(Nc2ncc(Cl)c(Nc3ccccc3S(=O)(=O)C(C)C)n2)c(OC(C)C)cc1C1CCN(CCC(=O)NCCCCNC(=O)COc2cccc3c2C(=O)N(C2CCC(=O)NC2=O)C3=O)CC1,15800.0,4.801342913045577,0,1014.6029999999993
Cc1cc(Nc2ncc(Cl)c(Nc3ccccc3S(=O)(=O)C(C)C)n2)c(OC(C)C)cc1C1CCN(CCC(=O)NCCCCNCC(=O)Nc2cccc3c2C(=O)N(C2CCC(=O)NC2=O)C3=O)CC1,8300.0,5.080921907623926,0,1013.6189999999992
Cc1cc(Nc2ncc(Cl)c(Nc3ccccc3S(=O)(=O)C(C)C)n2)c(OC(C)C)cc1C1CCN(CCC(=O)NCCCCNCCC(=O)Nc2cccc3c2C(=O)N(C2CCC(=O)NC2=O)C3=O)CC1,1500.0,5.823908740944319,0,1027.6459999999993
Cc1cc(Nc2ncc(Cl)c(Nc3ccccc3S(=O)(=O)C(C)C)n2)c(OC(C)C)cc1C1CCN(CCC(=O)NCCCCNc2cccc3c2C(=O)N(C2CCC(=O)NC2=O)C3=O)CC1,19300.0,4.714442690992226,0,956.5669999999993
Cc1cc(Nc2ncc(Cl)c(Nc3ccccc3S(=O)(=O)C(C)C)n2)c(OC(C)C)cc1C1CCN(CCC(=O)NCCOCCNC(=O)COc2cccc3c2C(=O)N(C2CCC(=O)NC2=O)C3=O)CC1,3600.0,5.443697499232712,0,1030.6019999999994
Cc1cc(Nc2ncc(Cl)c(Nc3ccccc3S(=O)(=O)C(C)C)n2)c(OC(C)C)cc1C1CCN(CCC(=O)NCCOCCNCC(=O)Nc2cccc3c2C(=O)N(C2CCC(=O)NC2=O)C3=O)CC1,4600.0,5.337242168318426,0,1029.6179999999995
Cc1cc(Nc2ncc(Cl)c(Nc3ccccc3S(=O)(=O)C(C)C)n2)c(OC(C)C)cc1C1CCN(CCC(=O)NCCOCCNCCC(=O)Nc2cccc3c2C(=O)N(C2CCC(=O)NC2=O)C3=O)CC1,1400.0,5.853871964321762,0,1043.6449999999995
Cc1cc(Nc2ncc(Cl)c(Nc3ccccc3S(=O)(=O)C(C)C)n2)c(OC(C)C)cc1C1CCN(CCC(=O)NCCOCCNc2cccc3c2C(=O)N(C2CCC(=O)NC2=O)C3=O)CC1,10200.0,4.991399828238082,0,972.5659999999993
Cc1cc(Nc2ncc(Cl)c(Nc3ccccc3S(=O)(=O)C(C)C)n2)c(OC(C)C)cc1C1CCN(CCC(=O)NCCOCCOCCNC(=O)COc2cccc3c2C(=O)N(C2CCC(=O)NC2=O)C3=O)CC1,1900.0,5.721246399047171,0,1074.6549999999995
Cc1cc(Nc2ncc(Cl)c(Nc3ccccc3S(=O)(=O)C(C)C)n2)c(OC(C)C)cc1C1CCN(CCC(=O)NCCOCCOCCNCC(=O)Nc2cccc3c2C(=O)N(C2CCC(=O)NC2=O)C3=O)CC1,4800.0,5.318758762624412,0,1073.6709999999994
Cc1cc(Nc2ncc(Cl)c(Nc3ccccc3S(=O)(=O)C(C)C)n2)c(OC(C)C)cc1C1CCN(CCC(=O)NCCOCCOCCNCCC(=O)Nc2cccc3c2C(=O)N(C2CCC(=O)NC2=O)C3=O)CC1,1900.0,5.721246399047171,0,1087.6979999999992
Cc1cc(Nc2ncc(Cl)c(Nc3ccccc3S(=O)(=O)C(C)C)n2)c(OC(C)C)cc1C1CCN(CCC(=O)NCCOCCOCCNc2cccc3c2C(=O)N(C2CCC(=O)NC2=O)C3=O)CC1,2300.0,5.638272163982407,0,1016.6189999999992
Cc1cc(Nc2ncc(Cl)c(Nc3ccccc3S(=O)(=O)C(C)C)n2)c(OC(C)C)cc1C1CCN(CCC(=O)NCCOCCOCCOCCNC(=O)COc2cccc3c2C(=O)N(C2CCC(=O)NC2=O)C3=O)CC1,1500.0,5.823908740944319,0,1118.7079999999994
Cc1cc(Nc2ncc(Cl)c(Nc3ccccc3S(=O)(=O)C(C)C)n2)c(OC(C)C)cc1C1CCN(CCC(=O)NCCOCCOCCOCCNCC(=O)Nc2cccc3c2C(=O)N(C2CCC(=O)NC2=O)C3=O)CC1,5400.0,5.267606240177032,0,1117.7239999999993
Cc1cc(Nc2ncc(Cl)c(Nc3ccccc3S(=O)(=O)C(C)C)n2)c(OC(C)C)cc1C1CCN(CCC(=O)NCCOCCOCCOCCOCCNc2cccc3c2C(=O)N(C2CCC(=O)NC2=O)C3=O)CC1,11400.0,4.943095148663527,0,1104.7249999999992
Cc1cc(Nc2ncc(Cl)c(Nc3ccccc3S(=O)(=O)C(C)C)n2)c(OC(C)C)cc1C1CCN(CCC(=O)NCOCCOCCOCCNc2cccc3c2C(=O)N(C2CCC(=O)NC2=O)C3=O)CC1,1600.0,5.795880017344075,0,1046.6449999999995
Cc1cc(Nc2ncc(Cl)c(Nc3ccccc3S(=O)(=O)C(C)C)n2)c(OC(C)C)cc1C1CCN(CCC(=O)O)CC1,3900.0,5.4089353929735005,0,630.211
Cc1cc(Nc2ncc(Cl)c(Nc3ccccc3S(=O)(=O)C(C)C)n2)c(OC(C)C)cc1C1CCN(CCO)CC1,8.1,8.09151498112135,1,602.201
Cc1cc(Nc2ncc(Cl)c(Nc3ccccc3S(=O)(=O)C(C)C)n2)c(OC(C)C)cc1C1CCN(CCOCCOCCNC(=O)CNc2cccc3c2C(=O)N(C2CCC(=O)NC2=O)C3=O)CC1,267.75,6.572270520496107,1,1002.5919999999993
Cc1cc(Nc2ncc(Cl)c(Nc3ccccc3S(=O)(=O)C(C)C)n2)c(OC(C)C)cc1C1CCN(C[C@@H](O)C(F)(F)F)CC1,88.0,7.055517327849832,1,670.1980000000002
Cc1cc(Nc2ncc(Cl)c(Nc3ccccc3S(=O)(=O)C(C)C)n2)c(OC(C)C)cc1C1CCN(C[C@H](O)C(F)(F)F)CC1,43.0,7.366531544420414,1,670.1980000000002
Cc1cc(Nc2ncc(Cl)c(Nc3ccccc3S(=O)(=O)C(C)C)n2)c(OC(C)C)cc1C1CCNC(=O)C1,48.3,7.316052869248487,1,572.1310000000002
Cc1cc(Nc2ncc(Cl)c(Nc3ccccc3S(=O)(=O)C(C)C)n2)c(OC(C)C)cc1C1CCNCC1,1128.7522222222224,5.947401381663688,0,558.1480000000001
Cc1cc(Nc2ncc(Cl)c(Nc3ccccc3S(=O)(=O)C(C)C)n2)c(OC(F)F)cc1N1CCC(N(C)C)CC1,3.25,8.488116639021126,1,609.1429999999999
Cc1cc(Nc2ncc(Cl)c(Nc3ccccc3S(=O)(=O)C(C)C)n2)c(OC2CCC2)cc1C1CCNCC1,17.3,7.761953896871205,1,570.1590000000001
Cc1cc(Nc2ncc(Cl)c(Nc3ccccc3S(=O)(=O)C(F)F)n2)c(OC(C)C)cc1C1CCN(C(=O)CN(C)C)CC1,77.0,7.113509274827518,1,651.1799999999998
Cc1cc(Nc2ncc(Cl)c(Nc3ccccc3S(=O)(=O)C(F)F)n2)c(OC(C)C)cc1C1CCN(C(=O)[C@@H]2CCCN2)CC1,34.0,7.468521082957745,1,663.1909999999998
Cc1cc(Nc2ncc(Cl)c(Nc3ccccc3S(=O)(=O)C3CCC3)n2)c(OC(C)C)cc1C1CCNCC1,38.1,7.419075024324381,1,570.1590000000001
Cc1cc(Nc2ncc(Cl)c(Nc3ccccc3S(=O)(=O)N(C)C)n2)c(OC(C)C)cc1C1CCN(C)CC1,25.0,7.6020599913279625,1,573.163
Cc1cc(Nc2ncc(Cl)c(Nc3cccnc3S(=O)(=O)C(C)C)n2)c(OC(C)C)cc1C1=CCNCC1,5.5,8.259637310505756,1,557.1200000000001
Cc1cc(Nc2ncc(Cl)c(Nc3cn(C)nc3C#N)n2)c(OC2CC2)cc1C1CCN(C)CC1,7.0,8.154901959985743,1,493.01500000000044
Cc1cc(Nc2ncc(Cl)c(Nc3cn(C)nc3S(=O)(=O)C(C)C(C)C)n2)c(OC(C)C)cc1C1CCNCC1,2329.0,5.632830511465319,0,590.1940000000001
Cc1cc(Nc2ncc(Cl)c(Nc3cn(C)nc3S(=O)(=O)C(C)C)n2)c(C(C)C)cc1C1CCN(C)CC1,20.0,7.698970004336019,1,560.1680000000001
Cc1cc(Nc2ncc(Cl)c(Nc3cn(C)nc3S(=O)(=O)C(C)C)n2)c(C(F)(F)F)cc1C1CCN(C)CC1,35.5,7.449771646944906,1,586.0839999999998
Cc1cc(Nc2ncc(Cl)c(Nc3cn(C)nc3S(=O)(=O)C(C)C)n2)c(OC(C)C)cc1C1CCN(C)C1,5.5,8.259637310505756,1,562.1400000000001
Cc1cc(Nc2ncc(Cl)c(Nc3cn(C)nc3S(=O)(=O)C(C)C)n2)c(OC(C)C)cc1C1CCN(C)CC1,6.0,8.221848749616356,1,576.167
Cc1cc(Nc2ncc(Cl)c(Nc3cn(C)nc3S(=O)(=O)C(C)C)n2)c(OC(C)C)cc1C1CCNC1,4.5,8.346787486224656,1,548.1130000000002
Cc1cc(Nc2ncc(Cl)c(Nc3cn(C)nc3S(=O)(=O)C(C)C)n2)c(OC(C)C)cc1C1CCNCC1,12.5,7.903089986991944,1,562.1400000000001
Cc1cc(Nc2ncc(Cl)c(Nc3cn(C)nc3S(=O)(=O)C(C)C)n2)c(OC(C)C)cc1C1CN(C)C1,3.5,8.455931955649724,1,548.1130000000002
Cc1cc(Nc2ncc(Cl)c(Nc3cn(C)nc3S(=O)(=O)C(C)C)n2)c(OC(C)C)cc1C1CNC1,8.5,8.070581074285707,1,534.0860000000002
Cc1cc(Nc2ncc(Cl)c(Nc3cn(C)nc3S(=O)(=O)C(C)C)n2)c(OC(CF)CF)cc1C1CCN(C)CC1,16.5,7.782516055786093,1,612.1469999999999
Cc1cc(Nc2ncc(Cl)c(Nc3cn(C)nc3S(=O)(=O)C(C)C)n2)c(OC(F)(F)F)cc1C1CCN(C)CC1,8.0,8.096910013008056,1,602.0829999999999
Cc1cc(Nc2ncc(Cl)c(Nc3cn(C)nc3S(=O)(=O)C(C)C)n2)c(OC2CC2)cc1C(=O)C(C)C,27.5,7.560667306169737,1,547.0810000000004
Cc1cc(Nc2ncc(Cl)c(Nc3cn(C)nc3S(=O)(=O)C(C)C)n2)c(OC2CC2)cc1C1CCCN(C)C1,5.0,8.301029995663981,1,574.1510000000001
Cc1cc(Nc2ncc(Cl)c(Nc3cn(C)nc3S(=O)(=O)C(C)C)n2)c(OC2CC2)cc1C1CCN(C(C)C)CC1,3.5,8.455931955649724,1,602.205
Cc1cc(Nc2ncc(Cl)c(Nc3cn(C)nc3S(=O)(=O)C(C)C)n2)c(OC2CC2)cc1C1CCN(C)CC1,2.75,8.560667306169737,1,574.1510000000001
Cc1cc(Nc2ncc(Cl)c(Nc3cn(C)nc3S(=O)(=O)C(C)C)n2)c(OC2CC2)cc1C1CCNCC1,3.0,8.522878745280337,1,560.1240000000001
Cc1cc(Nc2ncc(Cl)c(Nc3cn(C)nc3S(=O)(=O)C(C)C)n2)c(OC2CC2)cc1C1CCOCC1,14.0,7.853871964321762,1,561.1080000000002
Cc1cc(Nc2ncc(Cl)c(Nc3cn(C)nc3S(=O)(=O)C(C)C)n2)c(OC2CC2)cc1C1CCS(=O)(=O)CC1,6.0,8.221848749616356,1,609.1740000000002
Cc1cc(Nc2ncc(Cl)c(Nc3cn(C)nc3S(=O)(=O)C(C)C)n2)c(OC2CC2)cc1C1COC1,10.0,8.0,1,533.0540000000003
Cc1cc(Nc2ncc(Cl)c(Nc3cn(C)nc3S(=O)(=O)C(C)C)n2)c(OC2CC2)cc1CCN(C)C,3.5,8.455931955649724,1,548.1130000000003
Cc1cc(Nc2ncc(Cl)c(Nc3cn(C)nc3S(=O)(=O)C(C)C)n2)c(OC2CC2)cc1S(C)(=O)=O,10.0,8.0,1,555.0820000000003
Cc1cc(Nc2ncc(Cl)c(Nc3cn(C)nc3S(=O)(=O)C(C)C)n2)c(OC2CC2)cc1[C@H]1CC[C@@H](NC(C)C)CC1,7.5,8.1249387366083,1,616.2320000000001
Cc1cc(Nc2ncc(Cl)c(Nc3cn(C)nc3S(=O)(=O)C(C)C)n2)c(OC2CC2)cc1[C@H]1CC[C@@H](NC2CC2)CC1,14.0,7.853871964321762,1,614.216
Cc1cc(Nc2ncc(Cl)c(Nc3cn(C)nc3S(=O)(=O)C(C)C)n2)c(OC2CC2)cc1[C@H]1CC[C@H](NC(C)C)CC1,7.0,8.154901959985743,1,616.2320000000001
Cc1cc(Nc2ncc(Cl)c(Nc3cn(C)nc3S(=O)(=O)C(C)C)n2)c(OC2CC2)cc1[C@H]1CC[C@H](NC2CC2)CC1,13.5,7.8696662315049934,1,614.216
Cc1cc(Nc2ncc(Cl)c(Nc3cn(C)nc3S(=O)(=O)C(C)C)n2)c(OC2CC2)cc1[C@H]1CC[C@H](NS(C)(=O)=O)CC1,18.0,7.7447274948966935,1,652.2430000000002
Cc1cc(Nc2ncc(Cl)c(Nc3cn(C)nc3S(=O)(=O)C(C)C)n2)c(OCC2CC2)cc1C1CCN(C)CC1,31.5,7.501689446210399,1,588.178
Cc1cc(Nc2ncc(Cl)c(Nc3cn(C)nc3S(=O)(=O)C(C)C)n2)c(OCC2CC2)cc1C1CCNCC1,13.5,7.8696662315049934,1,574.1510000000001
Cc1cc(Nc2ncc(Cl)c(Nc3cn(C)nc3S(=O)(=O)C3CC3)n2)c(OC(C)C)cc1C1CCNCC1,5200.0,5.2839966563652006,0,560.1240000000001
Cc1cc(Nc2ncc(Cl)c(Nc3cn(C)nc3S(=O)(=O)CC(C)C)n2)c(OC(C)C)cc1C1CCNCC1,5.0,8.301029995663981,1,576.167
Cc1cc(Nc2ncc(Cl)c(Nc3cn(C)nc3S(=O)(=O)N(C)C)n2)c(OC(C)C)cc1C1CCNCC1,8341.5,5.078755845867418,0,563.1280000000002
Cc1cc(Nc2ncc(Cl)c(Nc3cn(C)nc3S(C)(=O)=O)n2)c(OC(C)C)cc1C1CCNCC1,75.0,7.1249387366083,1,534.0860000000002
Cc1cc(Nc2ncc(Cl)c(Nc3cn(C4CC4)nc3S(=O)(=O)C(C)C)n2)c(OC(C)C)cc1C1CCNCC1,9.0,8.045757490560675,1,588.178
Cc1cc(Nc2ncc(F)c(Nc3cn(C)nc3S(=O)(=O)C(C)C)n2)c(OC2CC2)cc1C1CCN(C)CC1,10.0,8.0,1,557.6960000000001
Cc1cc(Nc2ncc(OC(F)F)c(Nc3ccccc3S(=O)(=O)C(C)C)n2)c(OC(C)C)cc1N1CCN(C(C)C)CC1,1.0,9.0,1,632.7779999999999
Cc1cc(Nc2ncnc(Nc3cn(C)nc3S(=O)(=O)C(C)C)n2)c(OC2CC2)cc1C1CCN(C)CC1,73.5,7.133712660915805,1,540.6940000000003
Cc1cc(O)cc(-c2nn(CC#N)cc2-c2cc(NCCCCO)nc(-c3cccnc3)n2)c1,4150.0,5.3819519032879075,0,455.5220000000002
Cc1cc(O)cc(-c2nn(CC#N)cc2-c2cc(NCCCN3CCOCC3)nc(-c3cccnc3)n2)c1,17600.0,4.7544873321858505,0,510.6020000000004
Cc1cc(O)cc(-c2nn(CC#N)cc2-c2cc(NCCCO)nc(-c3cccnc3)n2)c1,9720.0,5.012333735073725,0,441.4950000000002
Cc1cc(O)cc(-c2nn(CC#N)cc2-c2cc(NCCN3CCOCC3)nc(-c3cccnc3)n2)c1,20000.0,4.698970004336019,0,496.57500000000033
Cc1cc(O)cc(-c2nn(CC#N)cc2-c2cc(NC[C@H](C)O)nc(-c3cccnc3)n2)c1,0.6,9.221848749616356,1,441.4950000000001
Cc1cc(O)cc2oc3cc(O)cc(O)c3c(=O)c12,41300.0,4.384049948343599,0,258.229
Cc1cc(OCc2ccc(-c3ccnc4[nH]c5ccc(-c6ccc(N7CCN(C)CC7)cc6)cc5c34)cc2)ccc1Cl,81.0,7.0915149811213505,1,573.1400000000003
Cc1cc2c(Nc3ccccc3S(=O)(=O)C(C)C)nc(Nc3cc(C)c(C4CCNCC4)cc3OC(C)C)nc2[nH]1,3878.0,5.411392195257314,0,576.7670000000002
Cc1cc2c(c(=O)[nH]1)-c1[nH]c3ccccc3c1CCN2CCc1ccccc1,18000.0,4.7447274948966935,0,369.46800000000013
Cc1cc2c(c(Cl)n1)-c1[nH]c3ccccc3c1CCN2CCc1ccccc1,21300.0,4.671620396561262,0,387.9140000000002
Cc1cc2c(cc1N1CCC(N3CCOCC3)CC1)C(C)(C)c1[nH]c3cc(C#N)ccc3c1C2=O,1.8555000000000001,8.731539041315198,1,468.6010000000002
Cc1cc2c(cc1N1CCN(C3COC3)CC1)C(C)(C)c1[nH]c3cc(C#N)ccc3c1C2=O,10.6,7.97469413473523,1,440.54700000000014
Cc1cc2c3c([nH]c2cc1Cl)C(C)(C)c1cc(OC[C@@H](O)[C@H](O)CO)ccc1C3=O,1664.82,5.778632715450523,0,429.9000000000002
Cc1cc2ncc3n2nc1N[C@H](C)c1cc(F)ccc1OCC1(CC1)NC3=O,32.5,7.488116639021126,1,381.41100000000023
Cc1ccc(-c2csc(NC(=O)c3ccc(CN4CCN(C)CC4)cc3)n2)cc1C#C[Si](C(C)C)(C(C)C)C(C)C,1005.0,5.997833938243493,0,586.9220000000003
Cc1ccc(-c2csc(NC(=O)c3ccc(CN4CCN(C)CC4)cc3)n2)cc1C#Cc1ccc(F)cc1,54000.0,4.267606240177032,0,524.6650000000004
Cc1ccc(-c2csc(NC(=O)c3ccc(CN4CCN(C)CC4)cc3)n2)cc1C#Cc1ccccc1,28200.0,4.549750891680639,0,506.67500000000035
Cc1ccc(-c2csc(NC(=O)c3ccc(CN4CCN(C)CC4)cc3)n2)cc1C#Cc1ccccc1C(F)(F)F,27950.0,4.553618187777558,0,574.6720000000005
Cc1ccc(-c2n[nH]c3nc(-c4ccc(O)cc4)ccc23)o1,53.95,7.268008550981071,1,291.31000000000006
Cc1ccc(-n2nc(C(C)(C)C)cc2NC(=O)Nc2ccc(OCCN3CCOCC3)c3ccccc23)cc1,30000.0,4.522878745280337,0,527.6690000000006
Cc1ccc(C#Cc2cc(-c3csc(NC(=O)c4ccc(CN5CCN(C)CC5)cc4)n3)ccc2C)cc1,42850.0,4.368049173740783,0,520.7020000000003
Cc1ccc(C#Cc2ccc(-c3csc(NC(=O)c4ccc(CN5CCN(C)CC5)cc4)n3)cc2C)cc1,8800.0,5.055517327849832,0,520.7020000000005
Cc1ccc(C#Cc2cccc(-c3csc(NC(=O)c4ccc(CN5CCN(C)CC5)cc4)n3)c2)cc1,43900.0,4.357535479757878,0,506.67500000000035
Cc1ccc(C(=O)NCCO)cc1-n1cnc(OCc2ccc(F)cc2F)c(Cl)c1=O,10000.0,5.0,0,449.8410000000002
Cc1ccc(CNC(=O)[C@H]2CCCN(c3ccnc(NCc4ccccc4)n3)C2)cc1,25000.0,4.6020599913279625,0,415.5410000000001
Cc1ccc(CNC(=O)[C@H]2CCCN(c3ccnc(Nc4ccc(Cl)cc4)n3)C2)cc1,6300.0,5.200659450546418,0,435.9590000000001
Cc1ccc(CNC(=O)[C@H]2CCCN(c3ccnc(Nc4ccc5c(c4)OCCO5)n3)C2)cc1,1480.0,5.8297382846050425,0,459.55000000000024
Cc1ccc(CNC(=O)[C@H]2CCCN(c3ccnc(Nc4cccc(Cl)c4)n3)C2)cc1,2010.0,5.696803942579511,0,435.9590000000001
Cc1ccc(CNC(=O)[C@H]2CCCN(c3ccnc(Nc4ccccc4)n3)C2)cc1,2320.0,5.634512015109101,0,401.51400000000007
Cc1ccc(CNC(=O)c2cccc(C(C)Oc3cccnc3Nc3cnn(CC#N)c3)c2)cc1,10000.0,5.0,0,466.5450000000002
Cc1ccc(CNC(=O)c2cccc(C(C)Oc3cccnc3Nc3cnn(CC(C)(C)O)c3)c2)cc1,10000.0,5.0,0,499.61500000000024
Cc1ccc(CNC(=O)c2cccc(C(C)Oc3cccnc3Nc3ncc(C)s3)c2)cc1,10000.0,5.0,0,458.58700000000016
Cc1ccc(CNC(=O)c2cccc(C(C)Oc3cccnc3Nc3ncccn3)c2)cc1,10000.0,5.0,0,439.5190000000001
Cc1ccc(CNC(=O)c2cccc(C(C)Oc3cccnc3Nc3nccs3)c2)cc1,8000.0,5.096910013008056,0,444.5600000000001
Cc1ccc(CNC(=O)c2cccc(C(C)Oc3cccnc3Nc3nncs3)c2)cc1,7600.0,5.119186407719209,0,445.5480000000001
Cc1ccc(CNC(=O)c2cccc(C(C)Oc3cccnc3Nn3cnnc3)c2)cc1,8700.0,5.060480747381382,0,428.4960000000001
Cc1ccc(CNC(=O)c2cccc(C(C)Oc3ccnc(NN4CCCCC4)c3)c2)cc1,4700.0,5.327902142064283,0,444.5790000000003
Cc1ccc(CNC(=O)c2cccc(C(C)Oc3ccnc(NN4CCN(C)CC4)c3)c2)cc1,7000.0,5.154901959985743,0,459.5940000000003
Cc1ccc(CNC(=O)c2cccc(C(C)Oc3ccnc(NN4CCOCC4)c3)c2)cc1,6800.0,5.167491087293763,0,446.5510000000003
Cc1ccc(CNC(=O)c2cccc(C(C)Oc3ccnc(Nc4cn(C)nc4C)c3)c2)cc1,3500.0,5.455931955649724,0,455.5620000000002
Cc1ccc(CNC(=O)c2cccc(C(C)Oc3ccnc(Nc4cnn(C)c4)c3)c2)cc1,6700.0,5.173925197299174,0,441.53500000000014
Cc1ccc(CNC(=O)c2cccc(C(C)Oc3ccnc(Nc4cnn(C5CCN(C)CC5)c4)c3)c2)cc1,3100.0,5.508638306165727,0,524.6690000000003
Cc1ccc(CNC(=O)c2cccc(C(C)Oc3ccnc(Nc4cnn(CC(C)(C)O)c4)c3)c2)cc1,10000.0,5.0,0,499.61500000000024
Cc1ccc(CNC(=O)c2cccc(C(C)Oc3ccnc(Nc4nc5ccccc5[nH]4)c3)c2)cc1,10000.0,5.0,0,477.56800000000015
Cc1ccc(Cn2cc(-c3ccnc4[nH]c5ccc(-c6ccc(N7CCN(C)CC7)cc6)cc5c34)nn2)cc1,4500.0,5.346787486224656,0,513.6490000000005
Cc1ccc(F)cc1Cc1ccc2[nH]nc(NC(=O)c3ccc(N4CCN(C)CC4)cc3NC3CCOCC3)c2c1,181.0,6.7423214251308154,1,556.6860000000003
Cc1ccc(NC(=O)Nc2cc(C(F)(F)F)ccc2F)cc1Nc1ccc2c(c1)NC(=O)/C2=C\c1ccc[nH]1,5100.0,5.292429823902063,0,535.5010000000002
Cc1ccc(NC2=NC(=O)/C(=C3\C(=O)Nc4ccccc43)S2)cc1,3750.0,5.425968732272281,0,335.38800000000003
Cc1ccc(Nc2ccnc3cc(-c4cnn(C5CCNCC5)c4)ccc23)cc1,165.0,6.782516055786093,1,383.49900000000014
Cc1ccc(O)cc1CC[C@@H]1C(=O)CC[C@]2(C)[C@@H]([C@H](C)/C=C/CC(C)C)CC[C@@H]12,4160.0,5.380906669373258,0,396.6150000000002
Cc1ccc(O)cc1CC[C@@H]1C(=O)CC[C@]2(C)[C@@H]([C@H](C)CCCC(C)C)CC[C@@H]12,4730.0,5.325138859262188,0,398.63100000000026
Cc1ccc(O)cc1CC[C@@H]1C(=O)CC[C@]2(C)[C@@H]([C@H](C)CCCC(C)C)[C@@H](O)C[C@@H]12,100000.0,4.0,0,414.6300000000002
Cc1ccc(O)cc1CC[C@@H]1[C@@H](O)CC[C@]2(C)[C@@H]([C@H](C)/C=C/CC(C)C)CC[C@@H]12,9330.0,5.0301183562535,0,398.6310000000002
Cc1ccc(O)cc1CC[C@@H]1[C@H](O)CC[C@]2(C)[C@@H]([C@H](C)CCCC(C)C)CC[C@@H]12,7550.0,5.1220530483708115,0,400.6470000000003
Cc1ccc(O)cc1CC[C@@H]1[C@H](O)CC[C@]2(C)[C@@H]([C@H](C)CCCC(C)C)[C@@H](O)C[C@@H]12,100000.0,4.0,0,416.64600000000024
Cc1ccc(Oc2ccnc3cc(-c4cnn(C5CCNCC5)c4)ccc23)cc1,1408.5,5.851243148678208,0,384.4830000000001
Cc1ccc(S(=O)(=O)n2cc(Cc3cc(C)c(O)c(C)c3)c3ccccc32)cc1,7000.0,5.154901959985743,0,405.5190000000001
Cc1cccc2c1/C(=C/c1ccc(N(C)C)c3ccccc13)C(=O)N2,50000.0,4.301029995663981,0,328.4150000000001
Cc1cn(CCN2CCN(c3ccccc3-c3cc(C#N)cc(C(=O)NCCCN4CCCC4)c3)CC2)c2ccccc12,20000.0,4.698970004336019,0,574.7730000000006
Cc1cnc(Nc2ncccc2OC(C)c2cccc(C(=O)NCc3ccc(F)c(Cl)c3)c2)s1,8600.0,5.0655015487564325,0,496.99500000000023
Cc1cnc2nc3c(n2c1)-c1cnc(N)c(c1)O[C@H](C)c1cc(F)ccc1C(=O)N(C)C3,365.0,6.437707135543525,1,432.45900000000023
Cc1n[nH]c2cc(Nc3nc(NC4CC4)c4occc4n3)ccc12,5940.0,5.2262135550188065,0,320.356
Cc1n[nH]c2ccc(-c3cc(N[C@@H](CO)c4ccccc4)cnc3-c3cc(Cl)ccc3O)cc12,231.1,6.636200054520891,1,470.9600000000002
Cc1n[nH]c2ccc(-c3cc(N[C@@H](CO)c4ccccc4)cnc3-c3cc(F)ccc3O)cc12,101.1,6.995248844408999,1,454.50500000000017
Cc1n[nH]c2ccc(-c3cc(N[C@@H](CO)c4ccccc4)cnc3-c3ccc(F)cc3O)cc12,155.5,6.808269606637143,1,454.50500000000017
Cc1n[nH]c2ccc(-c3cc(N[C@@H](CO)c4ccccc4)cnc3Cl)cc12,1000.0,6.0,1,378.8630000000001
Cc1n[nH]cc1-c1cnc(N)c(O[C@@H](C)c2cc(F)ccc2C#N)c1,805.0,6.094204119632131,1,337.35800000000006
Cc1n[nH]cc1-c1cnc(N)c(O[C@H](C)c2cc(F)ccc2-n2nccn2)c1,60.0,7.221848749616356,1,379.39900000000006
Cc1n[nH]cc1-c1cnc(N)c(O[C@H](C)c2cc(F)ccc2F)c1,1254.0,5.901702463505303,0,330.338
Cc1nc(-c2ccccc2Nc2nc(Nc3ccc(CN4CCN(C)CC4)cc3)ncc2Cl)n[nH]1,500.0,6.301029995663981,1,490.01500000000027
Cc1nc(C(C)(C)O)ccc1-c1cnc(N)c(O[C@H](C)c2cc(F)ccc2-n2nccn2)c1,325.0,6.488116639021126,1,448.50200000000007
Cc1nc(C(C)(C)O)sc1-c1cnc(N)c(O[C@H](C)c2cc(F)ccc2-n2nccn2)c1,27.0,7.568636235841013,1,454.53100000000006
Cc1nc(C2(O)CCOC2)sc1-c1cnc(N)c(O[C@H](C)c2cc(F)ccc2-n2nccn2)c1,58.0,7.236572006437063,1,482.54100000000017
Cc1nc(C2(O)CCS(=O)(=O)C2)sc1-c1cnc(N)c(O[C@H](C)c2cc(F)ccc2-n2nccn2)c1,19.0,7.721246399047171,1,530.6070000000002
Cc1nc(C2(O)CN(C)C2)sc1-c1cnc(N)c(O[C@H](C)c2cc(F)ccc2-n2nccn2)c1,52.0,7.2839966563652006,1,481.55700000000013
Cc1nc(COc2cccc3c2c(/C=C2\C(=O)NN=C2c2snnc2C)cn3C)cs1,2999.0,5.5230235342404725,0,450.54900000000015
Cc1nc(Nc2nc(Nc3cc(C)c(C4CCN(C)CC4)cc3OC3CC3)ncc2Cl)c(S(=O)(=O)C(C)C)s1,11.0,7.958607314841775,1,591.2030000000002
Cc1nc(S(=O)(=O)C(C)C)c(Nc2nc(Nc3cc(C)c(C4CCN(C)CC4)cc3OC3CC3)ncc2Cl)s1,14.0,7.853871964321762,1,591.2030000000004
Cc1nc([C@@](C)(O)CO)sc1-c1cnc(N)c(O[C@H](C)c2cc(F)ccc2-n2nccn2)c1,55.0,7.259637310505756,1,470.53000000000014
Cc1nc([C@](C)(O)CO)sc1-c1cnc(N)c(O[C@H](C)c2cc(F)ccc2-n2nccn2)c1,5.437333333333333,8.26461404194958,1,470.53000000000014
Cc1nc2cc(-c3cnc(O)c(C(=O)Nc4ccc(CN5CCN(C)CC5)cc4)c3)ccc2s1,3800.0,5.42021640338319,0,473.60200000000026
Cc1nn(C)c2c1-c1cnc(N)c(c1)OCc1cc(F)ccc1C(=O)N(C)C2,51.7,7.286509456906058,1,381.4110000000001
Cc1nn(C)c2c1-c1cnc(N)c(c1)O[C@H](C)c1cc(F)ccc1C(=O)N(C)C2,7.35,8.133712660915805,1,395.4380000000001
Cc1nn(C)c2c1-c1cnc(N)c(n1)O[C@@H](C)c1cc(F)ccc1C(=O)N(C)C2,693.0,6.159266765388193,1,396.4260000000001
Cc1nn(C)c2c1-c1cnc(N)c(n1)O[C@H](C)c1cc(F)ccc1C(=O)N(C)C2,0.8049999999999999,9.094204119632131,1,396.4260000000001
Cc1nn(C)c2c1Cc1cnc(N)c(c1)O[C@H](C)c1cc(F)ccc1C(=O)N(C)C2,10.3,7.987162775294828,1,409.4650000000002
Cc1nn(C)cc1-c1cnc(N)c(O[C@H](C)c2cc(F)ccc2-n2nccn2)c1,122.0,6.913640169325252,1,393.42600000000004
Cc1nn(C)cc1Nc1cc(N2CCC[C@@H](C(=O)NCc3ccc(OC(F)(F)F)cc3)C2)ccn1,2480.0,5.605548319173784,0,488.5140000000001
Cc1nn(C)cc1Nc1cc(N2CCC[C@H](C(=O)NCc3ccc(OC(F)(F)F)cc3)C2)ccn1,800.0,6.096910013008056,1,488.5140000000001
Cc1nn(Cc2cc(F)cc(F)c2)c(C)c1-c1c[nH]c2ncc(-c3cnn(C)c3)cc12,168.1,6.774432286560529,1,418.45100000000014
Cc1nn(Cc2cc(F)ccc2F)c(C)c1-c1c[nH]c2ncc(-c3cnn(C)c3)cc12,245.5,6.609948503541013,1,418.45100000000014
Cc1nn(Cc2cccc(F)c2)c(C)c1-c1c[nH]c2ncc(-c3cnn(C)c3)cc12,152.95,6.815450518679302,1,400.46100000000007
Cc1nn(Cc2cccc(F)c2)cc1-c1c[nH]c2ncc(-c3cnn(C)c3)cc12,31.0,7.508638306165727,1,386.4340000000001
Cc1nnsc1C1=NNC(=O)/C1=C\c1cn(C)c2cccc(OCCN(C)C)c12,291.0,6.536107011014093,1,410.5030000000002
Cc1nnsc1C1=NNC(=O)/C1=C\c1cn(C)c2cccc(OCc3c(F)ccc(Cl)c3F)c12,202.5,6.693574972449313,1,499.93000000000023
Cc1nnsc1C1=NNC(=O)/C1=C\c1cn(C)c2cccc(OCc3c(F)ccc(F)c3Cl)c12,157.0,6.804100347590766,1,499.93000000000023
Cc1nnsc1C1=NNC(=O)/C1=C\c1cn(C)c2cccc(OCc3c(F)cccc3Cl)c12,110.5,6.95663772197887,1,481.9400000000002
Cc1nnsc1C1=NNC(=O)/C1=C\c1cn(C)c2cccc(OCc3c(F)cccc3F)c12,156.0,6.806875401645538,1,465.4850000000002
Cc1nnsc1C1=NNC(=O)/C1=C\c1cn(C)c2cccc(OCc3ccc(F)cc3)c12,206.0,6.686132779630847,1,447.4950000000002
Cc1nnsc1C1=NNC(=O)/C1=C\c1cn(C)c2cccc(OCc3ccc(F)cc3F)c12,106.0,6.97469413473523,1,465.4850000000002
Cc1nnsc1C1=NNC(=O)/C1=C\c1cn(C)c2cccc(OCc3cccc(F)c3)c12,510.0,6.292429823902063,1,447.4950000000002
Cc1nnsc1C1=NNC(=O)/C1=C\c1cn(C)c2cccc(OCc3ccccc3)c12,336.5,6.473014931440004,1,429.50500000000017
Cc1nnsc1C1=NNC(=O)/C1=C\c1cn(C)c2cccc(OCc3ccccc3F)c12,206.5,6.6850799440075805,1,447.4950000000002
Cc1nnsc1C1=NNC(=O)/C1=C\c1cn(C)c2cccc(OCc3ccccn3)c12,158.0,6.801342913045577,1,430.49300000000017
Cc1nnsc1C1=NNC(=O)/C1=C\c1cn(C)c2cccc(OCc3cccnc3)c12,1267.0,5.8972233851165585,0,430.49300000000017
Cc1nnsc1C1=NNC(=O)/C1=C\c1cn(C)c2cccc(OCc3ccncc3)c12,827.5,6.082231997552244,1,430.49300000000017
Cc1occc1-c1c(C(N)=O)sc2cnc(Nc3ccc(C4CCN(C)CC4)cc3OC(C)C)nc12,15.0,7.823908740944319,1,505.6440000000004
Clc1cc2nc3ccc(Br)cc3n2cn1,50000.0,4.301029995663981,0,282.52799999999996
Clc1cc2nc3ccccc3n2cn1,100000.0,4.0,0,203.632
Clc1cnc2nc1NCCCc1cccc(c1)OCCc1cccc(c1)N2,10000.0,5.0,0,380.87900000000013
Clc1cnc2nc1NCCCc1cccc(c1)OCc1cccc(c1)N2,1000.0,6.0,1,366.8520000000001
Clc1cnc2nc1NCCc1cccc(c1)OCCCc1cccc(c1)N2,10000.0,5.0,0,380.87900000000013
Clc1cnc2nc1NCCc1cccc(c1)OCCc1cccc(c1)N2,1230.0,5.910094888560602,0,366.8520000000001
Clc1cnc2nc1NCCc1cccc(c1)OCc1cccc(c1)N2,10000.0,5.0,0,352.82500000000005
Clc1cnc2nc1NCc1cc(Br)cc(c1)OCCCc1cccc(c1)N2,280.0,6.552841968657781,1,445.7480000000002
Clc1cnc2nc1NCc1cc(ccc1-c1ccccc1)OCCCc1cccc(c1)N2,1000.0,6.0,1,442.9500000000002
Clc1cnc2nc1NCc1cc(ccc1Br)OCCCc1cccc(c1)N2,8200.0,5.086186147616283,0,445.74800000000016
Clc1cnc2nc1NCc1cccc(c1)OCCCc1cccc(c1)N2,706.0,6.151195298948196,1,366.8520000000001
Clc1cnc2nc1NCc1cccc(c1)OCCOc1cccc(c1)N2,2050.0,5.688246138944246,0,368.82400000000007
Clc1cnc2nc1NCc1cccc(c1)OCCc1cccc(c1)N2,1530.0,5.815308569182402,0,352.82500000000005
Clc1cnc2nc1NCc1cccc(c1)OCc1cccc(c1)N2,1000.0,6.0,1,338.798
Clc1cnc2nc1Nc1cccc(c1)CCc1cc(ccc1N1CCOCC1)N2,10000.0,5.0,0,407.9050000000002
Clc1cnc2nc1Nc1cccc(c1)CCc1cc(ccc1OCCN1CCCC1)N2,283.0,6.548213564475709,1,435.9590000000003
Clc1cnc2nc1Nc1cccc(c1)CCc1cccc(c1)N2,10000.0,5.0,0,322.799
Clc1cncc2nc3ccc(Br)cc3n12,26100.0,4.583359492661719,0,282.528
Clc1cncc2nc3ccccc3n12,100000.0,4.0,0,203.632
Clc1nccc2c1-c1[nH]c3ccc(Br)cc3c1CCN2CC(c1ccccc1)c1ccccc1,40000.0,4.3979400086720375,0,528.8810000000003
Clc1nccc2c1-c1[nH]c3ccc(Br)cc3c1CCN2CCc1c[nH]c2ccccc12,9300.0,5.031517051446065,0,491.8200000000003
Clc1ncccc1COCC1Cc2cn3ncnc(-c4cnn(C5CCNCC5)c4)c3c2C1,1.88,8.72584215073632,1,463.9730000000003
Cn1c(=O)c(S(=O)(=O)c2ccc(F)cc2F)cc2cnc(Nc3ccc4[nH]ccc4c3)nc21,10000.0,5.0,0,467.4570000000001
Cn1c2c(c3ccc(C(=O)Nc4ccccc4)cc31)C(=O)c1ccc(OC[C@@H](O)[C@H](O)CO)cc1C2(C)C,12951.9,4.8876665173751155,0,514.5780000000003
Cn1c2c(c3ccc(Cl)c(Cl)c31)C(C#N)C1(CCNCC1)NC2=O,10000.0,5.0,0,363.24800000000016
Cn1c2c(c3ccc(OC4COC4)cc31)C(=O)c1ccc(OC[C@H](O)CO)cc1C2(C)C,930.0,6.031517051446065,1,437.4920000000002
Cn1c2cc(N3CCC(N4CCOCC4)CC3)ccc2c(=O)c2c3ccc(C#N)cc3[nH]c21,2503.0,5.601539150391777,0,441.53500000000014
Cn1cc(-c2cc3c(cc2N2CCOCC2)C(C)(C)c2[nH]c4cc(C#N)ccc4c2C3=O)cn1,0.81,9.09151498112135,1,451.5300000000001
Cn1cc(-c2ccc3c(Nc4ccccc4)ccnc3c2)cn1,5410.0,5.266802734893431,0,300.36500000000007
Cn1cc(-c2ccc3c(c2)C(C)(C)c2[nH]c4cc(C#N)ccc4c2C3=O)cn1,5.437,8.26464066699829,1,366.4240000000001
Cn1cc(-c2cnc3[nH]cc(-c4cnn(Cc5cc(F)cc(F)c5)c4)c3c2)cn1,26.5,7.576754126063192,1,390.39700000000005
Cn1cc(-c2cnc3[nH]cc(-c4cnn(Cc5cc(F)ccc5F)c4)c3c2)cn1,534.8,6.271808601410053,1,390.39700000000005
Cn1cc(-c2cnc3[nH]cc(-c4cnn(Cc5ccc(F)c(F)c5)c4)c3c2)cn1,1187.15,5.925494403154482,0,390.39700000000005
Cn1cc(-c2cnc3[nH]cc(-c4cnn(Cc5ccc(F)cc5)c4)c3c2)cn1,1812.85,5.741638129091094,0,372.40700000000004
Cn1cc(-c2cnc3[nH]cc(-c4cnn(Cc5cccc(C#N)c5)c4)c3c2)cn1,91.0,7.040958607678906,1,379.4270000000001
Cn1cc(-c2cnc3[nH]cc(-c4cnn(Cc5cccc(C(=O)O)c5)c4)c3c2)cn1,454.5,6.342466112442014,1,398.4260000000001
Cn1cc(-c2cnc3[nH]cc(-c4cnn(Cc5cccc(C(F)(F)F)c5)c4)c3c2)cn1,356.2,6.448306084872775,1,422.41400000000004
Cn1cc(-c2cnc3[nH]cc(-c4cnn(Cc5cccc(Cl)c5)c4)c3c2)cn1,1069.9,5.970656812480893,0,388.8620000000001
Cn1cc(-c2cnc3[nH]cc(-c4cnn(Cc5cccc(F)c5)c4)c3c2)cn1,99.65,7.001522696963494,1,372.40700000000004
Cn1cc(-c2cnc3[nH]cc(-c4cnn(Cc5cccc(N)c5)c4)c3c2)cn1,28.0,7.552841968657781,1,369.4320000000001
Cn1cc(-c2cnc3[nH]cc(-c4cnn(Cc5cccc(O)c5)c4)c3c2)cn1,120.75,6.91811286057645,1,370.41600000000005
Cn1cc(-c2cnc3[nH]cc(-c4cnn(Cc5cccc([N+](=O)[O-])c5)c4)c3c2)cn1,70.0,7.154901959985743,1,399.4140000000001
Cn1cc(-c2cnc3[nH]cc(-c4cnn(Cc5ccccc5)c4)c3c2)cn1,115.5,6.937418015771837,1,354.41700000000003
Cn1cc(-c2cnc3[nH]cc(-c4cnn(Cc5ccccc5F)c4)c3c2)cn1,154.0,6.812479279163537,1,372.40700000000004
Cn1cc(-c2nc3c(N[C@H]4[C@@H](C(N)=O)[C@@H]5C=C[C@H]4C5)c(Cl)cnc3[nH]2)cn1,270.0,6.568636235841013,1,383.843
Cn1cc(/C=C2\C(=O)NN=C2c2cccnc2)c2c(OCc3ccccc3)cccc21,54.0,7.267606240177032,1,408.4610000000001
Cn1cc(/C=C2\C(=O)NN=C2c2cccs2)c2c(OCc3ccccc3)cccc21,104.0,6.982966660701219,1,413.5020000000001
Cn1cc(/C=C2\C(=O)NN=C2c2nc(C(F)(F)F)cs2)c2c(OCc3ccccc3)cccc21,10000.0,5.0,0,482.48700000000014
Cn1cc(/C=C2\C(=O)NN=C2c2nccs2)c2c(OCc3c(F)cccc3Cl)cccc21,106.5,6.972650392225243,1,466.92500000000024
Cn1cc(/C=C2\C(=O)NN=C2c2nccs2)c2c(OCc3c(F)cccc3F)cccc21,54.5,7.2636034977233574,1,450.4700000000002
Cn1cc(/C=C2\C(=O)NN=C2c2nccs2)c2c(OCc3cc(F)ccc3F)cccc21,108.5,6.964570261815451,1,450.4700000000002
Cn1cc(/C=C2\C(=O)NN=C2c2nccs2)c2c(OCc3ccc(F)cc3)cccc21,63.0,7.200659450546418,1,432.4800000000002
Cn1cc(/C=C2\C(=O)NN=C2c2nccs2)c2c(OCc3ccc(F)cc3F)cccc21,229.0,6.640164517660112,1,450.4700000000002
Cn1cc(/C=C2\C(=O)NN=C2c2nccs2)c2c(OCc3cccc(F)c3)cccc21,72.5,7.139661993429006,1,432.4800000000002
Cn1cc(/C=C2\C(=O)NN=C2c2nccs2)c2c(OCc3cccc(F)c3F)cccc21,52.0,7.2839966563652006,1,450.4700000000002
Cn1cc(/C=C2\C(=O)NN=C2c2nccs2)c2c(OCc3ccccc3)cccc21,173.0,6.761953896871205,1,414.4900000000002
Cn1cc(/C=C2\C(=O)NN=C2c2nccs2)c2c(OCc3ccccc3F)cccc21,223.0,6.651695136951839,1,432.4800000000002
Cn1ccc2cc(Nc3ncc(C(F)(F)F)c(N[C@H]4CC[C@@H](N)CC4)n3)ccc2c1=O,2343.5,5.630135042143771,0,432.4500000000003
Cn1nc(C(N)=O)c2c1-c1nc(NC3CCN(C(=O)c4ccccc4)CC3)ncc1CC2,10000.0,5.0,0,431.5000000000003
Cn1nc(C(N)=O)c2c1-c1nc(Nc3cc(N4CCNCC4)ccc3OC(F)(F)F)ncc1CC2,10000.0,5.0,0,488.4740000000002
Cn1ncc2c1-c1cnc(N)c(c1)OCc1cc(F)ccc1OCCC2,370.0,6.431798275933005,1,354.38500000000016
Cn1ncc2c1-c1cnc(N)c(c1)OCc1cc(F)ccc1OCCCC2,2089.5,5.679957624520355,0,368.4120000000002
Cn1nccc1-c1ccc(C(=O)N[C@@H]2CNCC[C@H]2c2ccc(F)c(F)c2)c(F)c1,10000.0,5.0,0,414.43100000000004
FC(F)(F)CNc1nc(Nc2ccc(N3CCOCC3)c(Cl)c2)nc2ccoc12,10000.0,5.0,0,427.81400000000025
FC(F)(F)CNc1nc(Nc2ccc3cn[nH]c3c2)nc2ccoc12,7630.0,5.117475462045119,0,348.2880000000001
FC(F)(F)c1ccc(Cl)cc1CN1CCNc2ncc(-c3ccnc(N4CCNCC4)c3)cc21,80.0,7.096910013008056,1,488.9450000000003
Fc1ccc(Cl)c(COCC2Cc3cn4ncnc(-c5cnn(C6CCNCC6)c5)c4c3C2)c1Cl,0.24,9.619788758288394,1,515.4200000000003
Fc1ccc(Cl)c(Sc2n[nH]c3ncc(-c4cnn(C5CCNCC5)c4)cc23)c1Cl,374.75,6.426258358479683,1,463.36900000000026
Fc1ccc(Nc2ccnc3cc(-c4cnn(C5CCNCC5)c4)ccc23)cc1,1279.0,5.893129455521346,0,387.46200000000016
Fc1ccc(Nc2ccnc3cc(-c4cnn(C5CCNCC5)c4)ccc23)cc1F,119.5,6.922632094715843,1,405.45200000000017
Fc1ccc(Oc2ccnc3cc(-c4cnn(C5CCNCC5)c4)ccc23)cc1,148.75,6.827543025599413,1,388.44600000000014
Fc1ccc(Oc2ccnc3cc(-c4cnn(C5CCNCC5)c4)ccc23)cc1F,87.15,7.059732608553988,1,406.43600000000015
Fc1cccc(Nc2ccnc3cc(-c4cnn(C5CCNCC5)c4)ccc23)c1,440.5,6.356054087251933,1,387.4620000000002
Fc1cccc(Oc2ccnc3cc(-c4cnn(C5CCNCC5)c4)ccc23)c1,106.9,6.971022294791222,1,388.4460000000002
Fc1cccc([C@H]2CCCN2c2ccc3ncc(-c4ccccn4)n3n2)c1,6300.0,5.200659450546418,0,359.408
Fc1ccccc1Nc1ccnc2cc(-c3cnn(C4CCNCC4)c3)ccc12,140.5,6.8523236757589014,1,387.4620000000002
Fc1ccccc1Oc1ccnc2cc(-c3cnn(C4CCNCC4)c3)ccc12,33.05,7.480828536178341,1,388.4460000000002
N#CCNC(=O)c1ccc(-c2ccnc(Nc3ccc(N4CCOCC4)cc3)n2)cc1,1000.0,6.0,1,414.4690000000002
N#Cc1[nH]nc2c1-c1cnc(N)c(c1)OCc1cc(F)ccc1OCC2,61.5,7.211124884224583,1,351.3410000000001
N#Cc1[nH]nc2c1-c1cnc(N)c(c1)OCc1cc(F)ccc1OCCC2,63.5,7.197226274708024,1,365.36800000000017
N#Cc1c(N)nc(SCC(=O)c2ccc(Cl)cc2)c(C#N)c1-c1ccsc1,9700.0,5.013228265733755,0,410.9110000000001
N#Cc1c(N)nc(SCC(=O)c2ccccc2)c(C#N)c1-c1ccsc1,1700.0,5.769551078621726,0,376.46600000000007
N#Cc1c(SCC(=O)c2ccccc2)nc2c(c1-c1ccsc1)CCCC2,35000.0,4.455931955649724,0,390.53300000000024
N#Cc1c(SCc2ccc(F)cc2)nc2c(c1-c1cccs1)CCCC2,4000.0,5.3979400086720375,0,380.51300000000015
N#Cc1c(SCc2ccccc2)nc2c(c1-c1cccs1)CCCC2,2100.0,5.6777807052660805,0,362.5230000000002
N#Cc1ccc(-c2cnc3ccc(NCc4ccccc4)nn23)cc1,3950.0,5.403402904373539,0,325.375
N#Cc1ccc(Nc2ccnc3cc(-c4cnn(C5CCNCC5)c4)ccc23)cc1,1295.0,5.887730231582729,0,394.4820000000002
N#Cc1ccc(Oc2ccnc3cc(-c4cnn(C5CCNCC5)c4)ccc23)cc1,162.25,6.789815294527593,1,395.4660000000002
N#Cc1ccc2c3c([nH]c2c1)C1(CCCC1)c1cc(OC[C@H](O)CO)ccc1C3=O,6.137,8.212043876716068,1,402.4500000000001
N#Cc1ccc2c3c([nH]c2c1)C1(CCOCC1)c1cc(N2CCC(N4CCCC4)CC2)c(C#N)cc1C3=O,0.86,9.065501548756432,1,505.6220000000004
N#Cc1ccc2c3c([nH]c2c1)C1(CCOCC1)c1cc(N2CCN(C4CCC4)CC2)c(F)cc1C3=O,4.31,8.365522729839268,1,484.57500000000033
N#Cc1ccc2c3c([nH]c2c1)C1(CCOCC1)c1cc(OC2CCNCC2)ccc1C3=O,3.907,8.408156588775215,1,427.5040000000002
N#Cc1ccc2c3c([nH]c2c1)C1(CCOCC1)c1cc(OCCN2CCOCC2)ccc1C3=O,32.73,7.485053994691996,1,457.5300000000003
N#Cc1ccc2c3c([nH]c2c1)C1(CCOCC1)c1cc(OCCN2CCS(=O)(=O)CC2)ccc1C3=O,26.85,7.571055709964425,1,505.59600000000034
N#Cc1ccccc1S(=O)(=O)Nc1ccc2cc1CCc1cncc(c1)Nc1ncc(Cl)c(n1)NC2,1000.0,6.0,1,518.0020000000002
N=C(N)N/N=C\c1c(-c2ccc([N+](=O)[O-])cc2)nc2sc(Br)cn12,20000.0,4.698970004336019,0,408.24100000000004
NC(=O)[C@@H]1[C@H](Nc2c(Br)cnc3[nH]c(-c4ccc(N5CCOCC5)cc4)nc23)[C@H]2C=C[C@@H]1C2,29.0,7.5376020021010435,1,509.40800000000036
NC(=O)[C@@H]1[C@H](Nc2c(Cl)cnc3[nH]c(-c4ccc(N5CCOCC5)cc4)nc23)[C@H]2C=C[C@@H]1C2,121.0,6.91721462968355,1,464.95700000000033
NC(=O)[C@@H]1[C@H](Nc2c(Cl)cnc3[nH]c(-c4cccc(N5CCOCC5)c4)nc23)[C@H]2C=C[C@@H]1C2,85.0,7.070581074285707,1,464.95700000000033
NC(=O)[C@@H]1[C@H](Nc2c(Cl)cnc3[nH]c(-c4cnn(C5CCNCC5)c4)nc23)[C@H]2C=C[C@@H]1C2,42.0,7.376750709602099,1,452.9500000000003
NC(=O)[C@@H]1[C@H](Nc2ccnc3[nH]c(-c4ccc(N5CCOCC5)cc4)nc23)[C@H]2C=C[C@@H]1C2,10000.0,5.0,0,430.5120000000002
NC(=O)[C@H]1CC[C@@H](n2/c(=N/C(=O)c3ccccc3)[nH]c3ccc(CN4CCCCC4)cc32)CC1,31.0,7.508638306165727,1,459.59400000000045
NC(=O)c1cc(-c2ccnc(N)n2)[nH]c1-c1ccccc1,10000.0,5.0,0,279.303
NC(=O)c1cc(F)cc2c1C(=O)N(C1CCN(C3CCC(F)(F)CC3)CC1)C2,10000.0,5.0,0,395.42500000000024
N[C@H]1CCCC[C@H]1Nc1cc2nc[nH]c(=O)c2c(Nc2cccc3cc[nH]c23)n1,70.0,7.154901959985743,1,389.4630000000001
Nc1ccc(-c2ccc3c(Nc4ccccc4)ccnc3c2)cn1,2845.0,5.54591772926891,0,312.3760000000001
Nc1ccc(-c2ccc3ncc4c(=O)[nH]c(=O)n(-c5cccc(C(F)(F)F)c5)c4c3n2)cn1,1170.0,5.931814138253839,0,450.38000000000005
Nc1ccc(N)c2c1C(=O)c1ccccc1C2=O,40000.0,4.3979400086720375,0,238.246
Nc1ccc2c(c1)/C(=C/c1ccc[nH]1)C(=O)N2,11000.0,4.958607314841775,0,225.25100000000003
Nc1ccc2c(c1)nc(Cc1ccc3c(c1)OCO3)n1nc(N)nc21,10000.0,5.0,0,334.33900000000006
Nc1ccc2cc1CCc1cncc(c1)Nc1ncc(Cl)c(n1)NC2,1000.0,6.0,1,352.82900000000006
Nc1nc(Nc2ccc3c(c2)CC[C@@H](N2CCCC2)CC3)nn1-c1cc2c(nn1)-c1ccccc1CCC2,530.0,6.275724130399211,1,506.6580000000003
Nc1nc2c3c(F)cccc3nc(Cc3ccc4c(c3)OCO4)n2n1,10000.0,5.0,0,337.3140000000001
Nc1nc2c3ccc(NCCO)cc3nc(Cc3ccc4c(c3)OCO4)n2n1,10000.0,5.0,0,378.3920000000001
Nc1ncc(-c2cnn(C3CCNCC3)c2)cc1-c1nc2ccc(N3CCCC3)cc2o1,340.0,6.468521082957745,1,429.52800000000025
Nc1ncc(-c2cnn(C3CCNCC3)c2)cc1COc1cccc(F)c1,1000.0,6.0,1,367.42800000000005
Nc1ncc(-c2cnn(CCO)c2)c2scc(-c3ccc(NC(=O)Nc4cccc(F)c4)cc3)c12,363.0,6.440093374963888,1,488.5480000000002
Nc1nccc(-c2cc3c([nH]2)[C@@H](CCF)CNC3=O)n1,4000.0,5.3979400086720375,0,275.287
Nc1ncnc2c1c(-c1cccc(O)c1)cn2[C@H]1C[C@@H](CN2CCC2)C1,760.0,6.119186407719209,1,349.4380000000002
Nc1ncnc2c1c(-c1cccc(OCC34CCC(CC3)O4)c1)cn2[C@H]1C[C@@H](CN2CCC2)C1,10000.0,5.0,0,459.59400000000034
Nc1ncnc2c1c(-c1cccc(OC[C@@H]3CCCO3)c1)cn2[C@H]1C[C@@H](CN2CCC2)C1,10000.0,5.0,0,433.55600000000027
Nc1ncnc2c1c(-c1cccc(OCc3ccccc3)c1)cn2[C@H]1C[C@@H](CN2CCC2)C1,5500.0,5.259637310505756,0,439.5630000000003
O=C(Nc1ccc(N2CCOCC2)c(C(=O)N2CCSCC2)c1)[C@@H]1CCCN1c1nc(Nc2cc(F)cc(F)c2)ncc1Cl,35.0,7.455931955649724,1,644.1480000000003
O=C(Nc1ccc(Oc2ccnc3[nH]ccc23)c(F)c1)c1cn(-c2ccc(F)cc2)c2ccccc2c1=O,10000.0,5.0,0,508.4840000000002
O=C(Nc1ccc2cc1CCc1cncc(c1)Nc1ncc(Cl)c(n1)NC2)c1ccccc1,1000.0,6.0,1,456.93700000000007
O=C(Nc1cccc(-n2cc(CNc3ccc(N4CC(O)C4)c(C(=O)N4CCCCC4)c3)nn2)c1)c1cc(F)cc(F)c1,9.35,8.029188389127482,1,587.6310000000004
O=C(Nc1cccc(-n2cc(CNc3ccc(N4CCC(O)CC4)c(C(=O)N4CCCC4)c3)nn2)c1)c1cc(F)cc(F)c1,5.25,8.279840696594043,1,601.6580000000005
O=C(Nc1cccc(-n2cc(CNc3ccc(N4CCC(O)CC4)c(C(=O)N4CCCCC4)c3)nn2)c1)c1cc(F)cc(F)c1,13.100000000000001,7.882728704344236,1,615.6850000000005
O=C(Nc1cccc(C(F)(F)F)c1)c1ccc(C2CC2)c(-c2ccc3nc(Nc4cnn(C5CC5)c4)ncc3c2)c1,1000.0,6.0,1,554.5760000000002
O=C(Nc1n[nH]c2ccc(Cc3cc(F)cc(F)c3)cc12)c1ccc(CN2CCCCC2)cc1NC1CCOCC1,18.0,7.7447274948966935,1,559.6610000000002
O=C(Nc1n[nH]c2ccc(Cc3cc(F)cc(F)c3)cc12)c1ccc(N2CCNCC2)cc1NC1CCOCC1,3.0,8.522878745280337,1,546.6220000000002
O=C(Nc1n[nH]c2ncc(S(=O)(=O)c3cccc(F)c3)cc12)c1ccc(N2CCOCC2)cc1,1.0,9.0,1,481.5090000000003
O=C(Nc1nc(-c2cccc(C#Cc3cc(C(F)(F)F)cc(C(F)(F)F)c3)c2)cs1)c1ccc(CN2CCOCC2)cc1,63500.0,4.197226274708024,0,615.5989999999998
O=C(O)C1CN(Cc2ccc(OCc3ccc(Cl)c(Cl)c3)cc2)C1,10000.0,5.0,0,366.24400000000014
O=C(O)CN1CCN(c2cc(-c3cnc4ccc(N5CCC[C@@H]5c5cccc(F)c5)nn34)ccn2)CC1,1700.0,5.769551078621726,0,501.5660000000003
O=C(O)c1ccc(-c2cnc3c(c2)N(Cc2cc(Cl)ccc2C(F)(F)F)CCN3)cc1,1302.0,5.885389015767827,0,447.8440000000001
O=C(c1ccc(-c2cnc3c(c2)N(Cc2c(Cl)cccc2Cl)CCN3)cc1)N1CCC[C@H]1CN1CCCC1,27.0,7.568636235841013,1,550.5340000000001
O=C(c1ccc(-c2cnc3c(c2)N(Cc2cc(Cl)ccc2C(F)(F)F)CCN3)cc1)N1CCC(N2CCCC2)CC1,130.0,6.886056647693163,1,584.0859999999999
O=C(c1ccc(-c2cnc3c(c2)N(Cc2cc(Cl)ccc2C(F)(F)F)CCN3)cc1)N1CCCCC1,121.0,6.91721462968355,1,514.9790000000003
O=C(c1ccc(-c2cnc3c(c2)N(Cc2cc(F)ccc2F)CCN3)cc1)N1CCC[C@H]1CN1CCCC1,15.0,7.823908740944319,1,517.6240000000004
O=C(c1ccc(-c2cnc3c(c2)N(Cc2ccccc2)CCN3)cc1)N1CCC[C@H]1CN1CCCC1,256.0,6.59176003468815,1,481.64400000000046
O=C(c1ccc(F)c(F)c1Nc1ccc(I)cc1F)N1CC(O)([C@@H]2CCCCN2)C1,10000.0,5.0,0,531.3160000000003
O=C1CNc2ncc(-c3ccc(C(=O)N4CCC[C@H]4CN4CCCC4)cc3)cc2N1Cc1c(Cl)cccc1Cl,278.0,6.555955204081924,1,564.5170000000003
O=C1CNc2ncc(-c3ccc(C(=O)N4CCC[C@H]4CN4CCCC4)cc3)cc2N1Cc1cc(F)ccc1F,145.0,6.838631997765025,1,531.6070000000003
O=C1CNc2ncc(-c3ccc(C(=O)N4CCC[C@H]4CN4CCCC4)cc3)cc2N1Cc1ccccc1,10000.0,5.0,0,495.6270000000003
O=C1NC2(CC2)COc2ncc(F)cc2[C@H]2CCCCN2c2ccn3ncc1c3n2,18.5,7.732828271596986,1,408.4370000000001
O=C1NC2(CC2)COc2ncc(F)cc2[C@H]2CNCCN2c2ccn3ncc1c3n2,88.9,7.051098239029786,1,409.4250000000002
O=C1NC2(CC2)COc2ncc(F)cc2[C@H]2COCCN2c2ccn3ncc1c3n2,182.0,6.739928612014925,1,410.40900000000016
O=C1NCCc2[nH]c(-c3ccncc3)cc21,10000.0,5.0,0,213.24000000000004
O=C1Nc2ccc(C(=O)N3CCCCC3)cc2/C1=C1/Nc2ccccc2/C1=N\O,10000.0,5.0,0,388.42699999999996
O=C1Nc2ccc(C(F)(F)F)cc2/C1=C/c1cc2c([nH]1)CCN(C(=O)N1CCOCC1)C2,10000.0,5.0,0,446.42900000000037
O=C1Nc2cccc(c2)CNc2nc(ncc2Cl)Nc2cccc1c2,10000.0,5.0,0,351.797
O=C1Nc2ccccc2/C1=C/c1c[nH]nc1-c1ccccc1,1730.0,5.761953896871205,0,287.322
O=C1Nc2ccccc2/C1=C/c1ccc[nH]1,50000.0,4.301029995663981,0,210.236
O=C1Nc2ccccc2/C1=C\c1ccc(O)cc1,50000.0,4.301029995663981,0,237.25799999999998
O=C1c2ccc(OC[C@@H](O)[C@H](O)CO)cc2C2(CCCCC2)c2oc3ccccc3c21,93.0,7.031517051446065,1,422.47700000000026
O=C1c2ccccc2-c2n[nH]c3cccc1c23,10000.0,5.0,0,220.231
O=S1(=O)Nc2cccc(c2)CNc2nc(ncc2Cl)Nc2cccc1c2,10000.0,5.0,0,387.8520000000001
O=[N+]([O-])c1ccc2ncnc(Nc3ccc(O)cc3)c2c1,8660.0,5.062482107982653,0,282.259
O=[N+]([O-])c1cccc(Nc2cc3nc4ccccc4n3cn2)c1,12000.0,4.920818753952375,0,305.297
O=[N+]([O-])c1ccccc1Nc1ccnc2[nH]c3ccccc3c12,10000.0,5.0,0,304.309
O=c1[nH]cnc2[nH]c(-c3ccnc(/C=C/c4ccc(CN5CCOCC5)cc4)c3)cc12,10000.0,5.0,0,413.4810000000003
O=c1c(O)c(-c2ccc(O)c(O)c2)oc2cc(O)cc(O)c12,3320.0,5.478861916295964,0,302.23800000000006
O=c1c2ccc(N3CCC(N4CCOCC4)CC3)cc2[nH]c2[nH]c3ccccc3c12,50000.0,4.301029995663981,0,402.49800000000005
O=c1ccc(-n2ccc3ccc(F)cc32)nn1CCOc1ccnc2cc(OCCCN3CCOCC3)ccc12,1000.0,6.0,1,543.5990000000005
OC1CCN(c2cc(-c3cnc4ccc(N5CCC[C@@H]5c5cccc(F)c5)nn34)ccn2)CC1,3450.0,5.462180904926726,0,458.5410000000001
OCC1CCCCN1Cc1ccc(-c2n[nH]c3nc(-c4ccc(O)cc4)ccc23)o1,567.92,6.245712836833896,1,404.4700000000002
OCCCNc1ccc2c(c1)nc(-c1ccc3c(c1)OCO3)n1ncnc21,10000.0,5.0,0,363.3770000000001
OCCn1cc(-c2cnc3nnn(Cc4ccc5ncccc5c4)c3n2)cn1,10000.0,5.0,0,372.39200000000005
OC[C@H](Nc1cnc(-c2cc(Cl)ccc2O)c(-c2ccc3cnccc3c2)c1)c1ccccc1,93.9,7.027334407733889,1,467.9560000000002
Oc1ccc(-c2ccc3c(-c4ccc(CN5CCCC5)o4)n[nH]c3n2)cc1,253.18,6.596570604471036,1,360.41700000000003
Oc1ccc(-c2ccc3c(-c4ccc(CN5CCCCC5)o4)n[nH]c3n2)cc1,394.19,6.4042943973064625,1,374.4440000000001
Oc1ccc(-c2ccc3c(-c4ccc(CN5CCOCC5)o4)n[nH]c3n2)cc1,94.05,7.026641200113603,1,376.41600000000005
Oc1ccc(-c2ccc3c(-c4ccc(Cl)cc4)n[nH]c3n2)cc1,2000.0,5.698970004336019,0,321.767
Oc1ccc(-c2ccc3c(-c4ccc(F)cc4)n[nH]c3n2)cc1,336.38,6.473169833765474,1,305.312
Oc1ccc(-c2ccc3c(-c4ccc(N5CCCCC5)cc4)n[nH]c3n2)cc1,338.51,6.470428497198422,1,370.456
Oc1ccc(-c2ccc3c(-c4ccc(N5CCOCC5)cc4)n[nH]c3n2)cc1,425.33,6.371273983909626,1,372.428
Oc1ccc(-c2ccc3c(-c4ccc(O)cc4)n[nH]c3n2)cc1,129.9,6.886390848926972,1,303.321
Oc1ccc(-c2ccc3c(-c4ccccc4)n[nH]c3n2)cc1,250.94,6.600430106343158,1,287.322
Oc1ccc(-c2ccc3c(-c4cnn(C5CCNCC5)c4)n[nH]c3n2)cc1,13.76,7.8613815661005075,1,360.42100000000005
Oc1ccc(-c2ccc3c(-c4cnn(C5CCNCC5)c4)n[nH]c3n2)cc1F,39.64,7.401866354186763,1,378.41100000000006
Oc1ccc(CCN2CCc3c([nH]c4ccc(Br)cc34)-c3c(I)ccnc32)cc1,6200.0,5.207608310501746,0,560.2330000000001
Oc1ccc(CCN2CCc3c([nH]c4ccc(Br)cc34)-c3c2ccnc3Cl)cc1,7100.0,5.1487416512809245,0,468.78200000000015
Oc1ccc(Nc2ccnc3cc(-c4cnn(C5CCNCC5)c4)ccc23)cc1,38.65,7.412850501745656,1,385.4710000000001
Oc1ccc(Nc2nc(-c3ccccc3O)nc3ccccc23)cc1,4240.0,5.372634143407267,0,329.3590000000001
Oc1ccc(Nc2ncnc3ccc(Br)cc23)cc1,2850.0,5.54515513999149,0,316.1580000000001
Oc1ccc(Oc2ccnc3cc(-c4cnn(C5CCNCC5)c4)ccc23)cc1,646.9857142857144,6.1891053086286405,1,386.45500000000015
Oc1cccc(Nc2ccnc3[nH]c4ccccc4c23)c1,1210.0,5.91721462968355,0,275.31100000000004
Oc1ccccc1-c1nc(Nc2ccc(Cl)cc2)c2ccccc2n1,6460.0,5.189767482004916,0,347.80500000000006
[2H]C([2H])([2H])C([2H])(Oc1cc(C2CCNCC2)c(C)cc1Nc1ncc(Cl)c(Nc2ccccc2S(=O)(=O)C(C)C)n1)C([2H])([2H])[2H],114.17333333333335,6.942435319369918,1,565.1907124460002
[2H]C([2H])([2H])C([2H])([2H])Oc1cc(C2CCNCC2)c(C)cc1Nc1ncc(Cl)c(Nc2ccccc2S(=O)(=O)C(C)C)n1,64.96666666666665,7.187309415602041,1,549.1515088900001
[2H]C([2H])([2H])Oc1cc(C2CCNCC2)c(C)cc1Nc1ncc(Cl)c(Nc2ccccc2S(=O)(=O)C(C)C)n1,42.17666666666667,7.374927746679918,1,533.1123053340001
[O-][S+](c1c(Cl)ccc(F)c1Cl)c1c[nH]c2ncc(-c3cnn(C4CCNCC4)c3)cc12,725.0,6.139661993429006,1,478.3800000000003
[O-][n+]1ccc2c(-c3ccc(F)cc3Cl)ccnc2c1-c1c(Cl)cccc1Cl,10000.0,5.0,0,419.6700000000002
c1ccc(-c2ccc3cnc(Nc4ccc(N5CCOCC5)cc4)nn23)cc1,2000.0,5.698970004336019,0,371.4440000000001
c1ccc(Cc2ccc(-c3ccnc4[nH]c5ccc(-c6ccc(N7CCN(Cc8cccnc8)CC7)cc6)cc5c34)cc2)cc1,10000.0,5.0,0,585.7550000000003
c1ccc(Cc2ccnc3cc(-c4cnn(C5CCNCC5)c4)ccc23)cc1,265.0,6.576754126063192,1,368.4840000000001
c1ccc(Nc2cc3nc4ccccc4n3cn2)cc1,31000.0,4.508638306165727,0,260.3
c1ccc(Nc2ccnc3cc(-c4ccccc4)ccc23)cc1,3185.0,5.4968905633286305,0,296.37300000000005
c1ccc(Nc2ccnc3cc(-c4ccco4)ccc23)cc1,7260.0,5.139063379299906,0,286.334
c1ccc(Nc2ccnc3cc(-c4cccs4)ccc23)cc1,4020.0,5.39577394691553,0,302.40200000000004
c1ccc(Nc2ccnc3cc(-c4ccncc4)ccc23)cc1,4725.0,5.325598187154718,0,297.36100000000005
c1ccc(Nc2ccnc3cc(-c4cn[nH]c4)ccc23)cc1,9555.0,5.019769308608968,0,286.338
c1ccc(Nc2ccnc3cc(-c4cnn(C5CCNCC5)c4)ccc23)cc1,1490.0,5.826813731587726,0,369.4720000000001
c1ccc(Nc2ccnc3cc(-c4cnn(C5CCOCC5)c4)ccc23)cc1,3085.0,5.510744831630739,0,370.45600000000013
c1ccc(Nc2ccnc3ccccc23)cc1,129500.0,3.8877302315827293,0,220.275
c1ccc(Oc2ccnc3cc(-c4cnn(C5CCNCC5)c4)ccc23)cc1,122.0,6.913640169325252,1,370.4560000000001
c1cncc(COCC2Cc3cn4ncnc(-c5cnn(C6CCNCC6)c5)c4c3C2)c1,1.59,8.79860287567955,1,429.52800000000025
c1coc(COCC2Cc3cn4ncnc(-c5cnn(C6CCNCC6)c5)c4c3C2)c1,0.33,9.481486060122112,1,418.50100000000026
