SMILES,IC50,pIC50,Activity,MolWt
Brc1cccc(-c2cc(NCc3ccncc3)n3nccc3n2)c1,1800.0,5.7447274948966935,0,380.249
Brc1cccc(-c2cc(NCc3ccncc3)n3ncnc3n2)c1,26000.0,4.585026652029182,0,381.237
Brc1cnn2c(NCc3ccncc3)cc(-c3ccccc3)nc12,24.5,7.610833915635467,1,380.2490000000001
C#CCN(C)CCN1CCc2nc(Nc3ncc(F)c(-c4cc(F)c5nc(C)n(C(C)C)c5c4)n3)ccc2C1,167.0,6.777283528852417,1,530.6270000000002
C#CCN(c1cc(Nc2ccc(OCC(O)CN(C)C)cc2)ncn1)c1cc(Cl)ccc1Cl,19000.0,4.721246399047171,0,486.40300000000013
C#CCN(c1ccnc(Nc2ccc(OCC(O)CN(C)C)cc2)n1)c1cc(Cl)ccc1Cl,2000.0,5.698970004336019,0,486.40300000000013
C#CCN1CCC(N2CCc3nc(Nc4ncc(F)c(-c5cc(F)c6nc(C)n(C(C)C)c6c5)n4)ccc3C2)C1,110.0,6.958607314841775,1,542.6380000000001
C#CCN1CCCC1CN1CCc2nc(Nc3ncc(F)c(-c4cc(F)c5nc(C)n(C(C)C)c5c4)n3)ccc2C1,74.9,7.125518182300533,1,556.6650000000002
C#CCN1CCc2nc(Nc3ncc(F)c(-c4cc(F)c5nc(C)n(C(C)C)c5c4)n3)ccc2C1,33.9,7.4698003017969175,1,473.53100000000023
C#CCOc1nc(Nc2ccc(S(C)(=O)=O)cc2)ncc1C(F)(F)F,25.0,7.6020599913279625,1,371.34000000000003
C#CCS(=O)(=O)c1ccc(Nc2ncc(C(F)(F)F)c(O[C@H](C)C(C)(C)O)n2)cc1,43.0,7.366531544420414,1,443.4470000000002
C#CN1CCC(N2CCc3nc(Nc4ncc(F)c(-c5cc(F)c6nc(C)n(C(C)C)c6c5)n4)ccc3C2)C1,110.0,6.958607314841775,1,528.6110000000002
C#Cc1ccc2ccn(-c3ccnc(N)n3)c2c1,10000.0,5.0,0,234.262
C#Cc1cccc(Nc2ncnc3cc(OCCOC)c(OCCOC)cc23)c1,34093.333333333336,4.467330535365364,0,393.4430000000002
C#Cc1cccc(Nc2ncnc3ccc(OCc4ccc(C(=O)Nc5ccccc5N)cc4)cc23)c1,13000.0,4.886056647693163,0,485.5470000000002
C#Cc1cccc(Nc2ncnc3ccc(S(=O)(=O)n4ccc(/C=C/C(=O)NO)c4)cc23)c1,100000.0,4.0,0,459.48700000000014
C#Cc1cccc(Nc2ncnc3ccc(S(=O)(=O)n4ccc(/C=C/C(=O)Nc5ccccc5N)c4)cc23)c1,17000.0,4.769551078621726,0,534.6010000000002
C(=C\c1nccc(-c2c[nH]c3cnccc23)n1)/c1ccccc1,5176.0,5.286005732339356,0,298.349
C/C(=C1/SC(=N)NC1=O)c1ccc(-c2ccc(S(N)(=O)=O)cc2)o1,30.0,7.522878745280337,1,363.4200000000001
C/C(=N/O)N(C)CCN1CCc2nc(Nc3ncc(F)c(-c4cc(F)c5nc(C)n(C(C)(C)C)c5c4)n3)ccc2C1,40.2,7.39577394691553,1,563.6570000000003
C/C(=N/O)N(C)CCN1CCc2nc(Nc3ncc(F)c(-c4cc(F)c5nc(C)n(C(C)C)c5c4)n3)ccc2C1,27.6,7.559090917934782,1,549.6300000000002
C/C(Nc1ccc(S(N)(=O)=O)cc1)=C1/C(=O)Nc2ccc(-c3cnco3)cc21,2.0,8.698970004336019,1,396.4280000000001
C/C(Nc1ccc(S(N)(=O)=O)cc1)=C1/C(=O)Nc2ccc(Cl)cc21,22.0,7.657577319177793,1,363.8260000000001
C/C(Nc1ccc(S(N)(=O)=O)cc1)=C1/C(=O)Nc2ccccc21,360.0,6.443697499232712,1,329.38100000000003
C/C(O)=C(\C#N)C(=O)Nc1cc(Br)ccc1Br,500000.0,3.3010299956639813,0,360.005
C1=C/COCc2cc(ccc2OCCN2CCCC2)Nc2nccc(n2)-c2cc(co2)COC/1,10000.0,5.0,0,462.5500000000002
C1=C/COCc2cc(ccc2OCCN2CCCC2)Nc2nccc(n2)-c2ccc(o2)COC/1,7000.0,5.154901959985743,0,462.5500000000002
C1=C/COCc2cc(ccc2OCCN2CCCC2)Nc2nccc(n2)-c2ccc(s2)COC/1,2900.0,5.5376020021010435,0,478.61800000000017
C1=C/COCc2cc(ccc2OCCN2CCCC2)Nc2nccc(n2)-c2ccnc(c2)OCC/1,270.0,6.568636235841013,1,473.57700000000017
C1=C/COCc2cc(ccc2OCCN2CCCC2)Nc2nccc(n2)-c2cncc(c2)COC/1,3200.0,5.494850021680094,0,473.57700000000017
C1=C/COCc2cc(ccc2OCCN2CCCC2)Nc2nccc(n2)-c2coc(c2)COC/1,10000.0,5.0,0,462.5500000000002
C1=C/COCc2cc(ccc2OCCN2CCCC2)Nc2nccc(n2)-c2csc(c2)COC/1,6800.0,5.167491087293763,0,478.61800000000017
C1=C/COCc2ccc(o2)-c2ccnc(n2)Nc2cccc(c2)COC/1,680.0,6.167491087293763,1,349.39000000000016
C1=C/COCc2cncc(c2)-c2ccnc(n2)Nc2cccc(c2)COC/1,200.0,6.698970004336019,1,360.41700000000014
C1=C/Cn2ccc3ccc(cc32)-c2ccnc(n2)Nc2ccc(OCCN3CCCC3)c(c2)COC/1,230.0,6.638272163982407,1,481.6000000000005
C1=C/Cn2ccc3ccc(cc32)-c2ccnc(n2)Nc2cccc(c2)COC/1,83.0,7.080921907623926,1,368.44000000000017
C1=N/C2=N/c3ccc(OCCN4CCCC4)c(c3)COC/C=C/COCc3cccc(c3)C(=C1)N2,3900.0,5.4089353929735005,0,472.58900000000017
C=C(CCN(C)C)N1CCc2nc(Nc3ncc(F)c(-c4cc(F)c5nc(C)n(C6CC6)c5c4)n3)ccc2C1,314.0,6.503070351926785,1,530.6270000000002
C=C(CN(C)C)N1CCc2nc(Nc3ncc(F)c(-c4cc(F)c5nc(C)n(C(C)C)c5c4)n3)ccc2C1,1090.0,5.962573502059376,0,518.6160000000002
C=C(CN1CCN(C)CC1)N1CCc2nc(Nc3ncc(F)c(-c4cc(F)c5nc(C)n(C6CCCC6)c5c4)n3)ccc2C1,14.8,7.8297382846050425,1,599.7340000000002
C=C(c1ccc2nc(N)c(C(=O)c3c(F)cccc3F)n2c1)c1c(F)cccc1F,63.0,7.200659450546418,1,411.35800000000006
C=CC(=O)N1CCC(C(=O)Nc2ncc(SCc3ncc(C(C)(C)C)o3)s2)CC1,10.8,7.966576244513051,1,434.5870000000003
C=CC(=O)N1CCC[C@H]1C(=O)Nc1cc2c(Nc3ccc(F)c(Cl)c3F)ncnc2cc1OCCOC,10000.0,5.0,0,531.9470000000002
C=CC(=O)N1CCC[C@H]1C(=O)Nc1cc2c(Nc3cccc(Cl)c3F)ncnc2cc1OCCOC,10000.0,5.0,0,513.9570000000002
C=CC(=O)N1CCc2cc(S(=O)(=O)N3CCCC(Nc4ncc(SCc5ncc(C(C)(C)C)o5)s4)C3)ccc21,124.0,6.906578314837765,1,587.7930000000001
C=CC(=O)N1CCc2cc(S(=O)(=O)N3CCC[C@@H](Nc4ncc(SCc5ncc(C(C)(C)C)o5)s4)C3)ccc21,124.0,6.906578314837765,1,587.7930000000001
C=CC(=O)N1CCc2nc(Nc3ncc(F)c(-c4cc(F)c5nc(C)n(C(C)C)c5c4)n3)ccc2C1,32.3,7.490797477668897,1,489.53000000000026
C=CC(=O)NC1CCC(C(=O)N2CCCC(Nc3ncc(SCc4ncc(C(C)(C)C)o4)s3)C2)CC1,185.0,6.732828271596986,1,531.7480000000002
C=CC(=O)NC1CCN(C(=O)C2CCCC(Nc3ncc(SCc4ncc(C(C)(C)C)o4)s3)C2)CC1,93.5,7.029188389127482,1,531.7480000000002
C=CC(=O)NC1CCN(C(=O)N2CCCC(Nc3ncc(SCc4ncc(C(C)(C)C)o4)s3)C2)CC1,174.0,6.7594507517174005,1,532.7360000000002
C=CC(=O)NCc1ccc(C(=O)N2CCCC(Nc3ncc(SCc4ncc(C(C)(C)C)o4)s3)C2)cc1,267.0,6.573488738635425,1,539.7270000000003
C=CC(=O)Nc1ccc(C(=O)N2CCCC(C(=O)Nc3ncc(SCc4ncc(C(C)(C)C)o4)s3)C2)cc1,11.0,7.958607314841775,1,553.7100000000002
C=CC(=O)Nc1ccc(C(=O)N2CCCC(Nc3ncc(/C=C/c4ncc(C(C)(C)C)o4)s3)C2)cc1,22.9,7.640164517660112,1,505.64400000000023
C=CC(=O)Nc1ccc(C(=O)N2CCCC(Nc3ncc(CCc4ncc(C(C)(C)C)o4)s3)C2)cc1,10000.0,5.0,0,507.6600000000003
C=CC(=O)Nc1ccc(C(=O)N2CCCC(Nc3ncc(CNCc4ncc(C(C)(C)C)o4)s3)C2)cc1,3170.0,5.498940737782249,0,522.6750000000003
C=CC(=O)Nc1ccc(C(=O)N2CCCC(Nc3ncc(CNc4cc(C(F)(F)F)c(Cl)cn4)s3)C2)cc1,1000.0,6.0,1,565.021
C=CC(=O)Nc1ccc(C(=O)N2CCCC(Nc3ncc(COCc4ncc(C(C)(C)C)o4)s3)C2)cc1,1000.0,6.0,1,523.6590000000003
C=CC(=O)Nc1ccc(C(=O)N2CCCC(Nc3ncc(SCc4ccccn4)s3)C2)cc1,370.0,6.431798275933005,1,479.63100000000014
C=CC(=O)Nc1ccc(C(=O)N2CCCC(Nc3ncc(SCc4cnc(C(F)(F)F)nc4)s3)C2)cc1,1000.0,6.0,1,548.6160000000001
C=CC(=O)Nc1ccc(C(=O)N2CCCC(Nc3ncc(SCc4ncc(C(C)(C)C)o4)s3)C2)c(OC)c1,126.0,6.899629454882437,1,555.7260000000002
C=CC(=O)Nc1ccc(C(=O)N2CCCC(Nc3ncc(SCc4ncc(C(C)(C)C)o4)s3)C2)cc1,114.0,6.943095148663527,1,525.7000000000003
C=CC(=O)Nc1ccc(C(=O)N2CCCC(Nc3ncc(SCc4ncc(C(C)C)o4)s3)C2)cc1,10000.0,5.0,0,511.67300000000023
C=CC(=O)Nc1ccc(C(=O)N2CCC[C@@H](Nc3ncc(/C=C/c4ncc(C(C)(C)C)o4)s3)C2)cc1,22.9,7.640164517660112,1,505.64400000000023
C=CC(=O)Nc1ccc(C(=O)N2CCC[C@@H](Nc3ncc(CCc4ncc(C(C)(C)C)o4)s3)C2)cc1,10000.0,5.0,0,507.6600000000003
C=CC(=O)Nc1ccc(C(=O)N2CCC[C@@H](Nc3ncc(CNCc4ncc(C(C)(C)C)o4)s3)C2)cc1,3170.0,5.498940737782249,0,522.6750000000003
C=CC(=O)Nc1ccc(C(=O)N2CCC[C@@H](Nc3ncc(CNc4cc(C(F)(F)F)c(Cl)cn4)s3)C2)cc1,1000.0,6.0,1,565.021
C=CC(=O)Nc1ccc(C(=O)N2CCC[C@@H](Nc3ncc(COCc4cccc(C(F)(F)F)c4)s3)C2)cc1,1000.0,6.0,1,544.5990000000002
C=CC(=O)Nc1ccc(C(=O)N2CCC[C@@H](Nc3ncc(COCc4ncc(C(C)(C)C)o4)s3)C2)cc1,1000.0,6.0,1,523.6590000000003
C=CC(=O)Nc1ccc(C(=O)N2CCC[C@@H](Nc3ncc(SCC4CCOCC4)s3)C2)cc1,1000.0,6.0,1,486.6630000000003
C=CC(=O)Nc1ccc(C(=O)N2CCC[C@@H](Nc3ncc(SCc4ccccn4)s3)C2)cc1,370.0,6.431798275933005,1,479.63100000000014
C=CC(=O)Nc1ccc(C(=O)N2CCC[C@@H](Nc3ncc(SCc4cnc(C(F)(F)F)nc4)s3)C2)cc1,1000.0,6.0,1,548.6160000000001
C=CC(=O)Nc1ccc(C(=O)N2CCC[C@@H](Nc3ncc(SCc4cncnc4)s3)C2)cc1,1000.0,6.0,1,480.61900000000014
C=CC(=O)Nc1ccc(C(=O)N2CCC[C@@H](Nc3ncc(SCc4ncc(C(C)(C)C)o4)s3)C2)c(OC)c1,126.0,6.899629454882437,1,555.7260000000002
C=CC(=O)Nc1ccc(C(=O)N2CCC[C@@H](Nc3nnc(SCc4ncc(C(C)(C)C)o4)s3)C2)cc1,10000.0,5.0,0,526.6880000000003
C=CC(=O)Nc1ccc(C(=O)N2CC[C@@H](Nc3ncc(SCc4ncc(C(C)(C)C)o4)s3)C2)cc1,9.86,8.006123085058789,1,511.6730000000003
C=CC(=O)Nc1ccc(C(=O)Nc2[nH]nc3c2CN(C(=O)N[C@H](CN(C)C)c2ccccc2)C3(C)C)cc1,1300.0,5.886056647693163,0,515.6180000000003
C=CC(=O)Nc1ccc(C(=O)Nc2cccc(C(=O)Nc3ncc(SCc4ncc(C(C)(C)C)o4)s3)c2)cc1,162.0,6.790484985457369,1,561.6890000000002
C=CC(=O)Nc1ccc(C(=O)Nc2cccc(Nc3n[nH]c4c3CN(C(=O)N[C@H](CN(C)C)c3ccccc3)C4(C)C)c2)cc1,1140.0,5.943095148663527,0,606.7310000000002
C=CC(=O)Nc1ccc(C(=O)Nc2n[nH]c3ccc(-c4cncc(NC(=O)[C@@H](N)Cc5ccccc5)c4)cc23)cc1,477.0,6.321481620959886,1,545.6030000000002
C=CC(=O)Nc1ccc(C(=O)Nc2n[nH]c3ccc(-c4cncc(NC[C@@H](O)c5ccccc5)c4)cc23)cc1,823.0,6.08460016478773,1,518.5770000000002
C=CC(=O)Nc1ccc(C(=O)Nc2n[nH]c3ccc(-c4cncc(NC[C@H](O)c5ccccc5)c4)cc23)cc1,918.0,6.037157318798758,1,518.5770000000002
C=CC(=O)Nc1ccc(C(=O)Nc2n[nH]c3ccc(-c4cncc(N[C@H](CO)Cc5ccccc5)c4)cc23)cc1,595.0,6.22548303427145,1,532.6040000000003
C=CC(=O)Nc1ccc(C(=O)Nc2n[nH]c3ccc(-c4cncc(N[C@H](CO)c5ccccc5)c4)cc23)cc1,756.0,6.121478204498794,1,518.5770000000002
C=CC(=O)Nc1ccc(NC2CCCC(Nc3ncc(SCc4ncc(C(C)(C)C)o4)s3)C2)cc1,15.7,7.804100347590766,1,511.71700000000027
C=CC(=O)Nc1ccc(OC(=O)N2CCCC(Nc3ncc(SCc4ncc(C(C)(C)C)o4)s3)C2)cc1,24.6,7.609064892896621,1,541.6990000000002
C=CC(=O)Nc1ccc(O[C@@H]2CCC[C@@H](Nc3ncc(SCc4ncc(C(C)(C)C)o4)s3)C2)c(C(F)(F)F)c1,251.0,6.600326278518962,1,580.6980000000004
C=CC(=O)Nc1ccc(O[C@@H]2CCC[C@@H](Nc3ncc(SCc4ncc(C(C)(C)C)o4)s3)C2)cc1,334.0,6.476253533188435,1,512.7010000000002
C=CC(=O)Nc1ccc(S(=O)(=O)N2CCCC(Nc3ncc(SCc4ncc(C(C)(C)C)o4)s3)C2)cc1,264.0,6.578396073130169,1,561.7550000000001
C=CC(=O)Nc1ccc(S(=O)(=O)N2CCC[C@@H](Nc3ncc(SCc4ncc(C(C)(C)C)o4)s3)C2)cc1,264.0,6.578396073130169,1,561.7550000000001
C=CC(=O)Nc1ccc([S+]([O-])N2CCCC(Nc3ncc(SCc4cccnc4)s3)C2)cc1,1000.0,6.0,1,499.6870000000002
C=CC(=O)Nc1ccc([S+]([O-])N2CCCC(Nc3ncc(SCc4ccncc4)s3)C2)cc1,1000.0,6.0,1,499.6870000000002
C=CC(=O)Nc1ccc2ncnc(Nc3ccc(OCc4cccc(F)c4)c(Cl)c3)c2c1,10000.0,5.0,0,448.88500000000016
C=CC(=O)Nc1cccc(C(=O)N2CCCC(Nc3ncc(SCc4ncc(C(C)(C)C)o4)s3)C2)c1,312.0,6.505845405981558,1,525.7000000000003
C=CC(=O)Nc1cccc(C(=O)Nc2ncc(N3CCC(N(C)C)CC3)s2)c1,10000.0,5.0,0,399.52000000000015
C=CC(=O)Nc1cccc(C(=O)Nc2ncc(N3CCN(C(=O)OC(C)(C)C)CC3)s2)c1,10000.0,5.0,0,457.55600000000027
C=CC(=O)Nc1cccc(C(=O)Nc2ncc(N3CCN(C)CC3)s2)c1,10000.0,5.0,0,371.4660000000001
C=CC(=O)Nc1cccc(C(=O)Nc2ncc(N3CCN(CC)CC3)s2)c1,10000.0,5.0,0,385.49300000000017
C=CC(=O)Nc1cccc(C(=O)Nc2ncc(N3CCOCC3)s2)c1,10000.0,5.0,0,358.4230000000001
C=CC(=O)Nc1cccc(C(=O)Nc2ncc(SCc3ncc(C(C)(C)C)o3)s2)c1,58.8,7.230622673923861,1,442.5660000000002
C=CCOc1nc(Nc2ccc(S(C)(=O)=O)cc2)ncc1C(F)(F)F,49.0,7.309803919971486,1,373.35600000000005
C=CCS(=O)(=O)c1ccc(Nc2ncc(C(F)(F)F)c(O[C@H](C)C(C)(C)O)n2)cc1,11.0,7.958607314841775,1,445.46300000000014
C=CS(=O)(=O)c1ccc(Nc2nc(OCC3CCCCC3)c3nc[nH]c3n2)cc1,735.0,6.133712660915805,1,413.5030000000002
C=S(N)(=O)c1ccc(Nc2ncc(Br)c(N[C@H](C)CO)n2)cc1,10.0,8.0,1,400.30200000000013
CC(=N)NCCN1CCc2nc(Nc3ncc(F)c(-c4cc(F)c5nc(C)n(C(C)C)c5c4)n3)ccc2C1,21.0,7.6777807052660805,1,519.6040000000003
CC(=O)N(C)c1ccc2ccn(-c3cc(NC4CC4)n4ncc(C#N)c4n3)c2c1,30000.0,4.522878745280337,0,385.4310000000001
CC(=O)N(c1ccc(-c2cnn(C)c2)cc1)C1CCC(Nc2ccc(C#N)cn2)CC1,470.0,6.327902142064283,1,414.51300000000015
CC(=O)N1CCC(C(=O)Nc2ccc(CNc3nc(NC4CCOCC4)nc4c(C(C)C)cnn34)cc2)CC1,187.6,6.726767165956955,1,534.6650000000002
CC(=O)N1CCC(c2cc3c(N[C@H](C)c4cc(N)cc(C(F)(F)F)c4)nc(C)nc3n(C)c2=O)CC1,10000.0,5.0,0,502.5410000000003
CC(=O)N1CCC(n2cc(Nc3ncc(Cl)c(-c4cnc5ccccn45)n3)c(C)n2)CC1,135.0,6.8696662315049934,1,450.93400000000025
CC(=O)N1CCC(n2cc(Nc3ncc(Cl)c(-c4cnc5ccccn45)n3)cn2)CC1,25.0,7.6020599913279625,1,436.9070000000002
CC(=O)N1CCC(n2cc(Nc3ncc(Cl)c(-c4cnn5ccccc45)n3)c(C)n2)CC1,63.0,7.200659450546418,1,450.93400000000025
CC(=O)N1CCC(n2nc(C)c(Nc3ncc(Cl)c(-c4cnc5ccccn45)n3)c2C)CC1,1680.0,5.774690718274137,0,464.96100000000024
CC(=O)N1CCC(n2nc(C)c(Nc3ncc(Cl)c(-c4cnn5ccccc45)n3)c2C)CC1,1380.0,5.860120913598763,0,464.96100000000024
CC(=O)N1CCC(n2ncc(Nc3ncc(Cl)c(-c4cnc5ccccn45)n3)c2C)CC1,232.0,6.634512015109101,1,450.93400000000025
CC(=O)N1CCC(n2ncc(Nc3ncc(Cl)c(-c4cnn5ccccc45)n3)c2C)CC1,254.0,6.5951662833800615,1,450.93400000000025
CC(=O)N1CCN(C(=O)Cc2ccc(Nc3ncc(F)c(Nc4ccc(C(=O)Nc5ccccc5Cl)cc4)n3)cc2)CC1,16000.0,4.795880017344075,0,602.07
CC(=O)N1CCN(C(=O)c2cc(CSc3cnc(NC(=O)c4ccc(CNC(C)C(C)(C)C)cc4)s3)cc(C)c2C)CC1,3300.0,5.481486060122113,0,621.873
CC(=O)N1CCN(C(=O)c2cc(Sc3cnc(Nc4cccc(Br)n4)s3)ccc2C)CC1,490.0,6.309803919971486,1,532.489
CC(=O)N1CCN(C(=O)c2cccc(CSc3cnc(NC(=O)c4ccc(N(C)C)cc4)s3)c2)CC1,27000.0,4.568636235841013,0,523.6840000000002
CC(=O)N1CCN(Cc2ccc(Nc3ncc4cc(C(=O)N(C)C)n(C5CCCC5)c4n3)nc2)CC1,15000.0,4.823908740944319,0,490.6120000000004
CC(=O)N1CCN([C@H]2C[C@@H](n3cc(-c4cc(OC[C@@H]5CCCO5)ccc4F)c4c(N)ncnc43)C2)CC1,10000.0,5.0,0,508.5980000000004
CC(=O)N1CCN([C@H]2C[C@@H](n3cc(-c4cccc(OC[C@@H]5CCCO5)c4F)c4c(N)ncnc43)C2)CC1,10000.0,5.0,0,508.5980000000005
CC(=O)N1CCN(c2ccc(Nc3ncc4cc(C(=O)N(C)C)n(C5CCCC5)c4n3)nc2)CC1,15000.0,4.823908740944319,0,476.5850000000004
CC(=O)N1CCN(c2ccc(Nc3nccc(-c4cnc(C)n4C(C)C)n3)cc2)CC1,3.0,8.522878745280337,1,419.53300000000024
CC(=O)N1CCN(c2ccc(Nc3nccc(-c4cnc5ccccn45)n3)cc2)CC1,78.0,7.107905397309519,1,413.4850000000002
CC(=O)N1CCc2nc(Nc3ncc(F)c(-c4cc(F)c5nc(C)n(C(C)C)c5c4)n3)ccc2C1,31.9,7.496209316942819,1,477.51900000000023
CC(=O)NC1CN(c2ccc(Nc3ncc(F)c(-c4cnc(C)n4C(C)C)n3)cc2)C1,0.5,9.301029995663981,1,423.4960000000002
CC(=O)NCC(=O)N1CCC(Nc2ncc(Cl)c(-c3c[nH]c4ccccc34)n2)CC1,551.0,6.258848401148215,1,426.9080000000002
CC(=O)NCCNc1cc(-c2ccc[nH]2)c2c3c(ccc(F)c13)NC2=O,127.0,6.896196279044043,1,352.3690000000001
CC(=O)NS(=O)(=O)c1ccc(N/C=C2\C(=O)Nc3ccc4ncsc4c32)cc1,75.0,7.1249387366083,1,414.46800000000013
CC(=O)N[C@@H]1CCC[C@H](C(=O)Nc2cc(-c3cnn4c3CC(C)(C)C4)c(Cl)cn2)C1,10000.0,5.0,0,429.9520000000003
CC(=O)N[C@@H]1CCN(c2ccc(Nc3ncc(F)c(-c4cnc(C)n4C(C)C)n3)cc2)C1,0.3,9.522878745280337,1,437.52300000000025
CC(=O)N[C@H]1CC[C@H](c2ncc(Cl)c(Nc3ccccc3S(=O)(=O)C(C)C)n2)CC1,734.55,6.1339786369261,1,450.99200000000025
CC(=O)Nc1c[nH]nc1-c1nc2ccccc2[nH]1,990.0,6.00436480540245,1,241.25400000000002
CC(=O)Nc1c[nH]nc1C(=O)Nc1ccc(F)cc1,850.0,6.070581074285707,1,262.24399999999997
CC(=O)Nc1cc(Nc2cc(NC3CC3)n3ncc(C#N)c3n2)ccc1C,7200.0,5.142667503568732,0,361.4090000000001
CC(=O)Nc1ccc(-c2ccc3c(-c4nc5c(N6CCN(C)CC6)cccc5[nH]4)n[nH]c3c2)cc1,10000.0,5.0,0,465.56100000000015
CC(=O)Nc1ccc(-n2ccnc2)c(CNc2nc(OC3CCN(C)CC3)nc3c(C(C)C)cnn23)c1,20000.0,4.698970004336019,0,503.61100000000033
CC(=O)Nc1ccc(C(C)C(=O)Nc2ncc(C(C)C)s2)cc1,31.0,7.508638306165727,1,331.44100000000003
CC(=O)Nc1ccc(CNc2cc(NC3CCOCC3)nc3c(C(C)C)cnn23)cc1,3925.5,5.406105018304438,0,422.5330000000002
CC(=O)Nc1ccc(CNc2nc(N3CCC[C@@H](O)C3)nc3c(C(C)C)cnn23)cc1,398.4,6.399680670248339,1,423.52100000000013
CC(=O)Nc1ccc(CNc2nc(N3CCC[C@@H]3CO)nc3c(C(C)C)cnn23)cc1,81.98,7.086292086019517,1,423.52100000000013
CC(=O)Nc1ccc(CNc2nc(N3CCC[C@H](O)C3)nc3c(C(C)C)cnn23)cc1,397.9,6.400226060853612,1,423.52100000000013
CC(=O)Nc1ccc(CNc2nc(NC(CO)CO)nc3c(C(C)C)cnn23)cc1,708.9,6.149415023647968,1,413.4820000000001
CC(=O)Nc1ccc(CNc2nc(NC3CCCNC3)nc3c(C(C)C)cnn23)cc1,214.4,6.668775218979268,1,422.5370000000001
CC(=O)Nc1ccc(CNc2nc(NC3CCN(C)CC3)nc3c(C(C)C)cnn23)cc1,2328.5,5.63292375773125,0,436.5640000000002
CC(=O)Nc1ccc(CNc2nc(NC3CCNCC3)nc3c(C(C)C)cnn23)cc1,1337.5,5.873706209306734,0,422.5370000000002
CC(=O)Nc1ccc(CNc2nc(NC3CCOCC3)nc3c(C(C)C)cnn23)cc1,712.75,6.147062774018503,1,423.5210000000002
CC(=O)Nc1ccc(CNc2nc(NC3COC3)nc3c(C(C)C)cnn23)cc1,436.8,6.359717370303319,1,395.4670000000001
CC(=O)Nc1ccc(CNc2nc(OC3CCN(C)CC3)nc3c(C(C)C)cnn23)c(-n2ccnc2)c1,9896.0,5.004540313378936,0,503.6110000000002
CC(=O)Nc1ccc(CNc2nc(OC3CCN(C)CC3)nc3c(C(C)C)cnn23)c(N(C)C)c1,5849.0,5.232918378636677,0,480.61700000000025
CC(=O)Nc1ccc(CNc2nc(OC3CCN(C)CC3)nc3c(C(C)C)cnn23)cc1,1237.5,5.907454792394394,0,437.5480000000002
CC(=O)Nc1ccc(CNc2nc(O[C@@H]3CCCNC3)nc3c(C(C)C)cnn23)cc1,412.15,6.384944695820279,1,423.5210000000001
CC(=O)Nc1ccc(CNc2nc(O[C@H]3CCCNC3)nc3c(C(C)C)cnn23)cc1,433.6,6.36291072646967,1,423.5210000000001
CC(=O)Nc1ccc(N(C)C)c(CNc2nc(OC3CCN(C)CC3)nc3c(C(C)C)cnn23)c1,20000.0,4.698970004336019,0,480.6170000000003
CC(=O)Nc1ccc2[nH]cc(-c3cc(NC4CC4)n4ncc(C#N)c4n3)c2c1,14000.0,4.853871964321762,0,371.4040000000001
CC(=O)Nc1ccc2c(c1)/C(=C/Nc1ccc(CN3CCCCC3)cc1)C(=O)NC2=O,8100.0,5.0915149811213505,0,418.4970000000003
CC(=O)Nc1ccc2c(c1)/C(=C/Nc1ccc(N3CCN(C)CC3)cc1)C(=O)NC2=O,50000.0,4.301029995663981,0,419.48500000000024
CC(=O)Nc1ccc2c(c1)c(-c1cc(NC3CC3)n3ncc(C#N)c3n1)cn2CCC(=O)O,30000.0,4.522878745280337,0,443.4670000000002
CC(=O)Nc1ccc2ccn(-c3cc(NC4CC4)n4ncc(C#N)c4n3)c2c1,26000.0,4.585026652029182,0,371.4040000000001
CC(=O)Nc1ccc2ccn(-c3cc(NCCCN(C)C)n4ncc(C#N)c4n3)c2c1,30000.0,4.522878745280337,0,416.48900000000015
CC(=O)Nc1ccc2cnn(-c3cc(NC4CC4)n4ncc(C#N)c4n3)c2c1,30000.0,4.522878745280337,0,372.39200000000005
CC(=O)Nc1cccc(-c2ccc(C(N)=O)c3[nH]c4cc(C(=O)N5CCN(C)CC5)ccc4c23)c1C,2700.0,5.568636235841013,0,483.57200000000034
CC(=O)Nc1cccc(CNc2nc(OC3CCN(C)CC3)nc3c(C(C)C)cnn23)c1,4427.5,5.353841430137887,0,437.5480000000002
CC(=O)Nc1cccc(CNc2nc(OC3CCN(C)CC3)nc3c(C(C)C)cnn23)c1-n1ccnc1,20000.0,4.698970004336019,0,503.6110000000002
CC(=O)Nc1cccc(CNc2nc(OC3CCN(C)CC3)nc3c(C(C)C)cnn23)c1N(C)C,21943.0,4.658703996889934,0,480.61700000000025
CC(=O)Nc1ccccc1CNc1nc(OC2CCN(C)CC2)nc2c(C(C)C)cnn12,23678.0,4.625654983775391,0,437.54800000000023
CC(=O)Nc1cnc2ccn(-c3cc(NC4CC4)n4ncc(C#N)c4n3)c2c1,30000.0,4.522878745280337,0,372.3920000000001
CC(=O)Nc1nccc(-c2c(C)nc3ccccn23)n1,2900.0,5.5376020021010435,0,267.292
CC(=O)OCCCOc1cc(-c2ccc[nH]2)c2c3c(ccc(F)c13)NC2=O,1000.0,6.0,1,368.36400000000015
CC(=O)c1c(C)c2cnc(Nc3ccc(N4CCNCC4)cc3)nc2n(C2CCCC2)c1=O,230.0,6.638272163982407,1,446.55500000000035
CC(=O)c1c(C)c2cnc(Nc3ccc(N4CCNCC4)cn3)nc2n(C2CCCC2)c1=O,5003.333333333333,5.300740562476392,0,447.54300000000035
CC(=O)c1ccc(-c2ccc(Nc3c(C)c(N[C@H]4CCCNC4)nc4ccnn34)cc2)s1,21000.0,4.6777807052660805,0,446.58000000000015
CC(=O)c1ccc(-c2ccc3c(-c4nc5c(N6CCN(C)CC6)cccc5[nH]4)n[nH]c3c2)cc1,10000.0,5.0,0,450.5460000000001
CC(=O)c1ccc(N2CCN(C(=O)CN3CC[C@@H](C(=O)Nc4ccc(O)c(Cl)c4)C3)CC2)cc1,50000.0,4.301029995663981,0,484.98400000000015
CC(=O)c1ccc(NCCc2c[nH]c3ccccc23)c(C(=O)O)c1,47000.0,4.327902142064283,0,322.3640000000001
CC(C(=O)O)N1CCN(c2ccc(Nc3ncc4cc(C(=O)N(C)C)n(C5CCCC5)c4n3)nc2)CC1,15000.0,4.823908740944319,0,506.61100000000044
CC(C)(C(N)=O)C(=O)NCCCNc1nc(Nc2cccc(NC(=O)N3CCCC3)c2)ncc1Br,1500.0,5.823908740944319,0,547.4580000000003
CC(C)(C)CCN1CCN(c2ccc(Nc3ncc4cc5n(c4n3)C3(CCCC3)CNC5=O)nc2)CC1,189.15,6.723193654371237,1,502.6670000000005
CC(C)(C)CCN1CCN(c2ccc(Nc3ncc4cc5n(c4n3)C3(CCCC3)CNC5=O)nc2)CC1(C)C,1313.5,5.881569922877911,0,530.7210000000005
CC(C)(C)NS(=O)(=O)c1cncc(-c2ccn3nc(N)nc3c2)c1,10000.0,5.0,0,346.4160000000001
CC(C)(C)Nc1nc(C(F)(F)F)nc2ccc(-c3cccc(N)c3)cc12,600.0,6.221848749616356,1,360.38300000000004
CC(C)(C)Nc1nc(C(F)(F)F)nc2ccc(-c3cccnc3)cc12,1200.0,5.920818753952375,0,346.356
CC(C)(C)Nc1nc(C(F)(F)F)nc2ccc(Nc3ccccc3)cc12,600.0,6.221848749616356,1,360.38300000000004
CC(C)(C)OC(=O)N1CCC(n2ncc3c(N4CCOCC4)nc(-c4ccc(N)cc4)nc32)CC1,50000.0,4.301029995663981,0,479.5850000000004
CC(C)(C)OC(=O)NCCNc1cc(-c2ccc[nH]2)c2c3c(ccc(F)c13)NC2=O,5500.0,5.259637310505756,0,410.4490000000001
CC(C)(C)c1cc(NC(=O)Nc2ccc(-c3cn4c(n3)sc3cc(OCCN5CCOCC5)ccc34)cc2)no1,20000.0,4.698970004336019,0,560.6800000000004
CC(C)(C)c1cc(NC(=O)c2ccc(Br)cc2)n[nH]1,10000.0,5.0,0,322.20599999999996
CC(C)(C)c1cc(NCc2ccncc2)n2ncc(Br)c2n1,170.0,6.769551078621726,1,360.259
CC(C)(C)c1ccc(-c2ccc(C(=O)NCCc3c[nH]c4ccccc34)cc2)cc1,790000.0,3.1023729087095586,0,396.53400000000005
CC(C)(C)c1ccc(-c2ccccc2C(=O)NCCc2c[nH]c3ccccc23)cc1,262000.0,3.5816987086802543,0,396.53400000000005
CC(C)(C)c1ccc(C(=O)Nc2cn3cc(-n4ccnc4)ccc3n2)cc1,156.44,6.805652192719907,1,359.43300000000005
CC(C)(C)c1ccc(Nc2nccc(-c3cnn4ncccc34)n2)cc1,158.49,6.799998134593398,1,344.422
CC(C)(C)c1ccc2[nH]c3c4ccccc4nc(C(=O)O)c3c2c1,10000.0,5.0,0,318.37600000000003
CC(C)(C)c1ccc2c(c1)/C(=C/NCc1cc(O)c(-c3ccccc3)cn1)C(=O)NC2=O,2600.0,5.585026652029182,0,427.50400000000013
CC(C)(C)c1ccc2c(c1)/C(=C/NCc1cc(O)c(-c3ccoc3)cn1)C(=O)NC2=O,1900.0,5.721246399047171,0,417.46500000000015
CC(C)(C)c1ccc2c(c1)NC(=O)/C2=N\Nc1ccc(S(N)(=O)=O)cc1,5500.0,5.259637310505756,0,372.4500000000001
CC(C)(C)c1cnc(CSc2cnc(N)s2)o1,690.0,6.161150909262744,1,269.395
CC(C)(C)c1cnc(CSc2cnc(NC(=O)C3CCCNC3)s2)o1,20.0,7.698970004336019,1,380.53900000000016
CC(C)(C)c1cnc(CSc2cnc(NC(=O)C3CCNCC3)s2)o1,90.48181818181818,7.043438681088822,1,380.53900000000016
CC(C)(C)c1cnc(CSc2cnc(NC3CCCC(N)C3)s2)o1,158.0,6.801342913045577,1,366.55600000000015
CC(C)(C)c1cnc(CSc2cnc(NC3CCCC(O)C3)s2)o1,28.0,7.552841968657781,1,367.54000000000013
CC(C)(C)c1cnc(CSc2cnc(NC3CCCCC3)s2)o1,9.0,8.045757490560675,1,351.54100000000017
CC(C)(C)c1cnc(CSc2cnc(NC3CCNCC3)s2)o1,538.0,6.269217724333611,1,352.5290000000001
CC(C)(C)c1cnc(CSc2cnc(NCC3CCCCC3)s2)o1,168.0,6.774690718274137,1,365.5680000000002
CC(C)(C)c1cnc(CSc2cnc(NCC3CCNCC3)s2)o1,229.0,6.640164517660112,1,366.55600000000015
CC(C)(C)c1cnc(CSc2cnc(N[C@H]3CC[C@@H](N)CC3)s2)o1,503.0,6.298432014944073,1,366.55600000000015
CC(C)(C)c1cnc(CSc2cnc(N[C@H]3CC[C@H](N)CC3)s2)o1,20.0,7.698970004336019,1,366.55600000000015
CC(C)(C)c1cnc(CSc2cnc(N[C@H]3CC[C@H](O)CC3)s2)o1,7.0,8.154901959985743,1,367.54000000000013
CC(C)(C)c1coc(CSc2cnc(NC(=O)C3CCNCC3)s2)n1,48.0,7.318758762624412,1,380.53900000000016
CC(C)(C)c1nc2c3ccc(F)cc3c3c(=O)[nH]ccc3c2[nH]1,3300.0,5.481486060122113,0,309.344
CC(C)(C)c1nnc2ccc(-c3ocnc3-c3cc(F)c(F)cc3F)cn12,10000.0,5.0,0,372.35
CC(C)(C)c1nnc2ccc(-c3ocnc3-c3ccc(F)cc3F)cn12,10000.0,5.0,0,354.36
CC(C)(C)n1nc(-c2cccc3ccccc23)c2c(N)ncnc21,9007.5,5.045395729205394,0,317.3960000000001
CC(C)(C)n1nc(Cc2cccc3ccccc23)c2c(N)ncnc21,14502.5,4.8385571258603655,0,331.4230000000001
CC(C)(CO)CNC(=O)c1ccc2c(c1)/C(=N/Nc1ccc(S(N)(=O)=O)cc1)C(=O)N2,6.8,8.167491087293763,1,445.5010000000002
CC(C)(N)CNc1cc(-c2ccc[nH]2)c2c3c(ccc(F)c13)NC2=O,65.0,7.187086643357144,1,338.3860000000001
CC(C)(O)CN1CCN(c2ccc(Nc3ncc4cc5n(c4n3)C3(CCCC3)CNC5=O)nc2)CC1,1946.5,5.71074559194582,0,490.6120000000005
CC(C)(O)CSc1nc(Nc2ccc(S(C)(=N)=O)cc2)ncc1Br,8.0,8.096910013008056,1,431.3810000000001
CC(C)(O)Cn1cc(-c2nc(NC3CCN(S(=O)(=O)C4CC4)CC3)ncc2C#N)cn1,99.0,7.00436480540245,1,445.54900000000026
CC(C)(O)Cn1cc(-c2nc(NC3CCN(S(=O)(=O)C4CC4)CC3)ncc2C(F)(F)F)cn1,208.0,6.681936665037238,1,488.53600000000023
CC(C)(O)Cn1cc(-c2nc(NC3CCN(S(C)(=O)=O)CC3)ncc2C(F)(F)F)cn1,1208.0,5.9179330657148865,0,462.49800000000016
CC(C)=CCC/C(C)=C/CC/C(C)=C/CSc1ccccc1C(=O)O,3100.0,5.508638306165727,0,358.547
CC(C)=Cc1cccc2c1/C(=N/Nc1ccc(S(N)(=O)=O)cc1)C(=O)N2,1.5,8.823908740944319,1,370.4340000000001
CC(C)C(CO)Nc1nc(NCc2cccc(O)c2)c2ncn(C(C)C)c2n1,30.0,7.522878745280337,1,384.4840000000001
CC(C)C/C=N/c1c(C#N)c2n(c1C(=O)Nc1ccc(Br)cc1)CCC2,1270.0,5.896196279044043,0,413.31900000000013
CC(C)C1CC(C(=O)Nc2ncc(SCc3ncc(C(C)(C)C)o3)s2)CCN1,17.0,7.769551078621726,1,422.62000000000023
CC(C)C1CN(c2ccc(Nc3ncc4cc5n(c4n3)C3(CCCCC3)CNC5=O)nc2)CCN1,449.5,6.3472703039307525,1,474.6130000000004
CC(C)CC(=O)Nc1n[nH]c2c1CN(C(=O)C1CCN(C)CC1)C2(C)C,8.0,8.096910013008056,1,361.4900000000002
CC(C)CC(=O)c1ccc2c(c1)/C(=C/Nc1ccc(S(N)(=O)=O)cc1)C(=O)N2,1.9,8.721246399047171,1,399.4720000000001
CC(C)CCCN1CCN(c2ccc(Nc3ncc4cc(C(=O)N(C)C)n(C5CCCC5)c4n3)nc2)CC1,15000.0,4.823908740944319,0,518.7100000000004
CC(C)CN1CCC([C@@H](NC(=O)c2ccc3cnccc3c2)c2ccc(Cl)c(Cl)c2)CC1,25000.0,4.6020599913279625,0,470.4440000000002
CC(C)CN1CCN(c2ccc(Nc3ncc4cc(C(=O)N(C)C)n(C5CCCC5)c4n3)nc2)CC1,15000.0,4.823908740944319,0,490.6560000000004
CC(C)COC(=O)c1ccc2c(c1)/C(=C/Nc1ccc(S(N)(=O)=O)cc1)C(=O)N2,3.0,8.522878745280337,1,415.4710000000001
CC(C)COc1cc(Nc2ccc(S(=O)(=O)N(C)C)cc2)n2ncc(C(C)C)c2n1,1200.0,5.920818753952375,0,431.5620000000002
CC(C)COc1cc(Nc2ccc(S(C)(=O)=O)cc2)n2ncc(C(C)C)c2n1,1200.0,5.920818753952375,0,402.5200000000001
CC(C)C[C@@H]1CNC(=O)c2cc3cnc(Nc4ccc(N5CCN(C)CC5)cn4)nc3n21,6620.0,5.1791420105603,0,434.5480000000003
CC(C)C[C@@H]1CNC(=O)c2cc3cnc(Nc4ccc(N5CCNCC5)cn4)nc3n21,2500.0,5.6020599913279625,0,420.52100000000024
CC(C)Cc1cc(-c2ccc[nH]2)c2c3c(ccc(F)c13)NC2=O,124.0,6.906578314837765,1,308.35600000000005
CC(C)Cc1cccc2c1/C(=N/Nc1ccc(S(N)(=O)=O)cc1)C(=O)N2,1.2,8.920818753952375,1,372.4500000000001
CC(C)N1CCC(c2ccc(Nc3ncc4cc(C(=O)N(C)C)n(C5CCCC5)c4n3)nc2)CC1,15000.0,4.823908740944319,0,475.64100000000036
CC(C)N1CCN(C(=O)c2ccc(Nc3ncc4cc5n(c4n3)C3(CCCCC3)CNC5=O)nc2)CC1,303.0,6.518557371497695,1,502.6230000000005
CC(C)N1CCN(C(=O)c2ccnc(Nc3cc(-c4ccc5nnn(C(C)C)c5c4)ccn3)c2)CC1,166.8,6.77780395369828,1,484.60800000000023
CC(C)N1CCN(Cc2ccc(Nc3ncc4cc(C(=O)N(C)C)n(C5CCCC5)c4n3)nc2)CC1,15000.0,4.823908740944319,0,490.65600000000046
CC(C)N1CCN(Cc2ccc(Nc3ncc4cc5n(c4n3)C3(CCCCC3)CNC5=O)nc2)CC1,1385.0,5.858550226599532,0,488.6400000000005
CC(C)N1CCN(c2ccc(Nc3ncc4cc(C(=O)N(C)C)n(C5CCCC5)c4n3)nc2)CC1,15000.0,4.823908740944319,0,476.6290000000004
CC(C)N1CCN(c2ccc(Nc3ncc4cc(C(=O)N(C)C)n(C5CCCC5)c4n3)nn2)CC1,15000.0,4.823908740944319,0,477.6170000000004
CC(C)N1CCN(c2ccc(Nc3ncc4cc5n(c4n3)C3(CCCC3)CNC5=O)nc2)CC1,3770.0,5.423658649794207,0,460.5860000000004
CC(C)N1CCN(c2ccc(Nc3ncc4cc5n(c4n3)C3(CCCC3)CNC5=O)nc2)CC1C,7610.0,5.118615343229427,0,474.6130000000004
CC(C)N1CCN(c2ccc(Nc3ncc4cc5n(c4n3)C3(CCCC3)CNC5=O)nn2)CC1,4500.0,5.346787486224656,0,461.5740000000004
CC(C)N1CCN(c2ccc(Nc3ncc4cc5n(c4n3)C3(CCCCC3)CNC5=O)nc2)CC1,1273.7725,5.894908131511885,0,474.61300000000045
CC(C)N1CCN(c2ccc(Nc3ncc4cc5n(c4n3)C3(CCCCC3)CNC5=O)nc2)CC1C,3345.0,5.475603877896158,0,488.64000000000044
CC(C)N1CCN(c2ccc(Nc3ncc4cc5n(c4n3)C3(CCCCC3)CNC5=O)nc2)C[C@@H]1C,5365.0,5.27043027369803,0,488.64000000000044
CC(C)N1CCN(c2ccc(Nc3ncc4cc5n(c4n3)C3(CCCCC3)CNC5=O)nc2)C[C@H]1C,3010.0,5.521433504406157,0,488.64000000000044
CC(C)N1CCN(c2ccc(Nc3ncc4cc5n(c4n3)C3(CCCCC3)CNC5=O)nn2)CC1,928.0,6.032452023781138,1,475.60100000000045
CC(C)N1c2cc(Nc3nccc(-c4cncc5ccccc45)n3)ccc2N(C)C(=O)[C@H]1C,168.9,6.772370350428991,1,438.5350000000002
CC(C)NC(=O)O[C@@H]1CC[C@H](c2cc(NC(=O)Cc3ccccc3)n[nH]2)C1,100.0,7.0,1,370.45300000000003
CC(C)NC(=O)O[C@@H]1CC[C@H](c2cc(NC(=O)Cc3ccccc3S(C)(=O)=O)n[nH]2)C1,100.0,7.0,1,448.54500000000013
CC(C)NC(=O)O[C@@H]1CC[C@H](c2cc(NC(=O)c3ccnc4ncsc34)n[nH]2)C1,100.0,7.0,1,414.49100000000004
CC(C)NC(=O)O[C@@H]1CC[C@H](c2cc(NC(=O)c3ccnn3C)n[nH]2)C1,100.0,7.0,1,360.418
CC(C)NC(=O)O[C@H]1CC[C@@H](c2cc(NC(=O)c3ccnn3C)n[nH]2)C1,100.0,7.0,1,360.418
CC(C)NS(=O)(=O)c1ccc2c(c1)/C(=C/c1[nH]cc3c1CCOC3=O)C(=O)N2,64.0,7.1938200260161125,1,401.44400000000024
CC(C)Nc1cc(Cl)nc2c(C#N)cnn12,1500.0,5.823908740944319,0,235.678
CC(C)Nc1cc(N[C@H]2CC[C@H](N)CC2)nc2c(C#N)cnn12,30.0,7.522878745280337,1,313.40899999999993
CC(C)Nc1ccc2cnn(-c3cncc(-c4ccc(C(=O)O)cc4)n3)c2c1,3800.0,5.42021640338319,0,373.4160000000001
CC(C)Nc1nc(Nc2ccc(S(C)(=N)=O)cc2)ncc1Br,16.0,7.795880017344075,1,384.30300000000005
CC(C)OC(=O)N1CCn2cc(C3=C(c4cnc5ccccn45)C(=O)NC3=O)c3cccc(c32)C1,3400.0,5.468521082957745,0,469.5010000000002
CC(C)OCCN1CCN(c2ccc(Nc3ncc4cc(C(=O)N(C)C)n(C5CCCC5)c4n3)nc2)CC1,15000.0,4.823908740944319,0,520.6820000000004
CC(C)Oc1ccc2c(-c3ccnc(Nc4ccc(N5CCN(C)CC5)cc4)n3)cnn2n1,230.0,6.638272163982407,1,444.54300000000023
CC(C)Oc1cccc2c1/C(=N/Nc1ccc(S(N)(=O)=O)cc1)C(=O)N2,3.4,8.468521082957745,1,374.4220000000001
CC(C)S(=O)(=O)c1ccc(Nc2ncc(C(F)(F)F)c(O[C@H](C)[C@@H](C)O)n2)cc1,6.0,8.221848749616356,1,433.4520000000001
CC(C)[C@H](CO)Nc1nc(Nc2ccc(C(=O)O)c(Cl)c2)c2ncn(C(C)C)c2n1,7.5,8.1249387366083,1,432.9120000000001
CC(C)[C@H](CO)Nc1nc(Nc2cccc(Cl)c2)c2ncn(C(C)C)c2n1,42.166666666666664,7.375030729207825,1,388.90300000000013
CC(C)[C@H]1CNC(=O)c2cc3cnc(Nc4ccc(N5CCNCC5)cn4)nc3n21,16460.0,4.783570169123749,0,406.4940000000002
CC(C)c1c2cc(-c3ccnc(N[C@H]4CC[C@H](NC5CCOCC5)CC4)n3)ccc2nn1C,400.0,6.3979400086720375,1,448.61500000000035
CC(C)c1c2cc(-c3ccnc(Nc4ccc5c(N6CCN(C)CC6)ncnc5c4)n3)ccc2nn1C,2.8,8.55284196865778,1,493.6190000000003
CC(C)c1c2cc(-c3nc(Nc4ccc(N5CCNCC5)cn4)ncc3F)ccc2nn1C,2.4,8.619788758288394,1,446.53400000000016
CC(C)c1cc(-c2cc(N3C[C@H](O)[C@@H](O)C3)ccc2O)nc(N)n1,68.0,7.167491087293763,1,330.38800000000003
CC(C)c1cc(NC(=O)c2ccc(Br)cc2)n[nH]1,199.995,6.698980861833785,1,308.179
CC(C)c1cc(NCc2ccncc2)n2ncc(Br)c2n1,42.0,7.376750709602099,1,346.2320000000001
CC(C)c1ccc(Nc2nccc(-c3cnn4ncccc34)n2)cc1,40.0,7.3979400086720375,1,330.39500000000004
CC(C)c1ccc2c(c1)NC(=O)/C2=N/Nc1ccc(S(N)(=O)=O)cc1,75.0,7.1249387366083,1,358.42300000000006
CC(C)c1cccc2c1/C(=N/Nc1ccc(S(N)(=O)=O)cc1)C(=O)N2,2.5,8.602059991327963,1,358.4230000000001
CC(C)c1ccccc1Nc1cc(Nc2ccc(OCC(O)CN(C)C)cc2)ncn1,24000.0,4.619788758288394,0,421.54500000000013
CC(C)c1cnn2c(NCc3ccc(Cl)cc3)nc(N[C@@H](CO)C(C)C)nc12,60.0,7.221848749616356,1,402.9300000000001
CC(C)c1cnn2c(NCc3ccc(N)cc3)nc(OC3CCN(C)CC3)nc12,1333.0,5.875169850586141,0,395.51100000000025
CC(C)c1cnn2c(NCc3ccc(NC(=O)C4(F)CC4)cc3)nc(NC3CCOCC3)nc12,805.8,6.093772736947641,1,467.5490000000003
CC(C)c1cnn2c(NCc3ccc(NC(=O)C4CCOCC4)cc3)nc(NC3CCOCC3)nc12,156.4,6.80576325127617,1,493.6120000000004
CC(C)c1cnn2c(NCc3ccc(NC(=O)CCCCCCO)cc3)nc(OC3CCN(C)CC3)nc12,1526.5,5.81630319136532,0,523.6820000000005
CC(C)c1cnn2c(NCc3cccc(N)c3)nc(OC3CCN(C)CC3)nc12,4518.0,5.345053773415656,0,395.51100000000025
CC(C)c1cnn2c(NCc3cccc4[nH]ncc34)nc(OC3CCCNC3)nc12,50.0,7.301029995663981,1,406.49400000000026
CC(C)c1cnn2c(NCc3cccc4c3cnn4C)nc(OC3CCCNC3)nc12,50.0,7.301029995663981,1,420.52100000000024
CC(C)c1cnn2c(NCc3ccccc3)cc(NCCCCCCN)nc12,890.0,6.050609993355087,1,380.5400000000003
CC(C)c1cnn2c(NCc3ccccc3)cc(NC[C@H]3CCNC[C@@H]3O)nc12,715.0,6.145693958198919,1,394.5230000000002
CC(C)c1cnn2c(NCc3ccccc3)cc(N[C@@H](CO)[C@@H](O)CO)nc12,3.0,8.522878745280337,1,385.46800000000013
CC(C)c1cnn2c(NCc3ccccc3)cc(N[C@@H](CO)[C@H](O)CO)nc12,3.0,8.522878745280337,1,385.46800000000013
CC(C)c1cnn2c(NCc3ccccc3)nc(OC3CCN(C)CC3)nc12,2006.0,5.697669071315601,0,380.49600000000027
CC(C)c1cnn2c(NCc3ccccc3-n3cccn3)nc(OC3CCCNC3)nc12,6.4,8.193820026016112,1,432.53200000000027
CC(C)c1cnn2c(NCc3ccccc3N(C)C)nc(OC3CCN(C)CC3)nc12,3900.0,5.4089353929735005,0,423.5650000000003
CC(C)c1cnn2c(NCc3ccccc3N)nc(OC3CCN(C)CC3)nc12,20000.0,4.698970004336019,0,395.51100000000025
CC(C)c1cnn2c(Nc3ccc(S(=O)(=O)N(C)C)cc3)cc(NC3CCCC(N)C3)nc12,2100.0,5.6777807052660805,0,471.6310000000003
CC(C)c1cnn2c(Nc3ccc(S(=O)(=O)N(C)C)cc3)cc(N[C@H]3CC[C@H](N)CC3)nc12,59.0,7.229147988357855,1,471.6310000000003
CC(C)c1cnn2c(Nc3ccc(S(=O)(=O)N(C)C)cc3)cc(O[C@H]3CC[C@H](N)CC3)nc12,17.0,7.769551078621726,1,472.61500000000035
CC(C)c1n[nH]c2c(NCc3ccc(-c4ccccn4)cc3)nc(NCC(C)(C)O)nc12,9.0,8.045757490560675,1,431.54400000000015
CC(C)c1nnc2ccc(-c3c[nH]nc3-c3cc(F)ccc3F)cn12,10000.0,5.0,0,339.349
CC(C)c1nnc2ccc(-c3ocnc3-c3cc(F)c(F)cc3F)cn12,10000.0,5.0,0,358.32300000000004
CC(C)c1nnc2ccc(-c3ocnc3-c3ccc(F)cc3Cl)cn12,10000.0,5.0,0,356.78800000000007
CC(C)c1nnc2ccc(-c3ocnc3-c3ccccc3)cn12,10000.0,5.0,0,304.353
CC(C)n1cc(-c2ccnc3[nH]c(C4CCN(CC(=O)N(C)C)CC4)cc23)ccc1=O,350.0,6.455931955649724,1,421.5450000000002
CC(C)n1cc(-c2ccnc3[nH]c(C4CCN(CC(=O)N5CCCC5)CC4)cc23)ccc1=O,6380.0,5.195179321278838,0,447.5830000000003
CC(C)n1cc(-c2ccnc3[nH]c(C4CCN(CC(=O)N5CCCCC5)CC4)cc23)ccc1=O,6360.0,5.196542884351586,0,461.61000000000035
CC(C)n1cnc2c(N)nc(NCCCO)nc21,2400.0,5.619788758288394,0,250.30599999999998
CC(C)n1cnc2c(NC34CC5CC(CC(C5)C3)C4)nc(NCCCO)nc21,100000.0,4.0,0,384.52800000000013
CC(C)n1cnc2c(NC3CCCC3)nc(NCCCO)nc21,900.0,6.045757490560675,1,318.42500000000007
CC(C)n1cnc2c(NCc3cccc(C(F)(F)F)c3)ncnc21,13000.0,4.886056647693163,0,335.333
CC(C)n1cnc2c(NCc3ccccc3)nc(NCCCO)nc21,800.0,6.096910013008056,1,340.43100000000015
CC(C)n1cnc2c(NCc3ccccc3)nc(NCCO)nc21,8000.0,5.096910013008056,0,326.4040000000001
CC(C)n1cnc2c(NCc3ccccc3)nc(NC[C@@H](C)O)nc21,200.0,6.698970004336019,1,340.4310000000001
CC(C)n1cnc2c(NCc3ccccc3)ncnc21,4500.0,5.346787486224656,0,267.336
CC(C)n1cnc2c(NCc3ccccc3O)nc(NCCCO)nc21,80.0,7.096910013008056,1,356.4300000000002
CC(C)n1cnc2c(NCc3cccnc3)nc(NCC(O)C(F)(F)F)nc21,570.0,6.2441251443275085,1,395.38900000000007
CC(C)n1cnc2c(NCc3cccnc3)nc(NC[C@@H](C)O)nc21,290.0,6.5376020021010435,1,341.4190000000001
CC(C)n1cnc2c(NCc3nc4ccc(F)c(F)c4[nH]3)nc(N3CCCC[C@H]3CCO)nc21,2680.0,5.5718652059712115,0,470.5280000000003
CC(C)n1cnnc1-c1cccc(N2Cc3ccccc3C2=O)n1,63.1,7.199970640755866,1,319.3680000000001
CC(C)n1cnnc1-c1cccc(NC(=O)C2CCCCO2)n1,3162.28,5.499999678657065,0,315.3770000000001
CC(C)n1nnc2ccc(-c3ccnc(Nc4cc(C(=O)N5CCCC5)ccn4)c3)cc21,134.2,6.872247484167027,1,427.5120000000003
CC(C)n1nnc2ccc(-c3ccnc(Nc4cc(C(=O)N5CCCN(C)CC5)ccn4)c3)cc21,500.0,6.301029995663981,1,470.58100000000036
CC(C1CC1)n1cnc2c(NCc3cccc(C(F)(F)F)c3)nc(NCCN(C)C)nc21,37000.0,4.431798275933005,0,447.5090000000002
CC(CO)N1CCN(c2ccc(Nc3ncc4cc(C(=O)N(C)C)n(C5CCCC5)c4n3)nc2)CC1,15000.0,4.823908740944319,0,492.62800000000044
CC(CO)Sc1nc(Nc2ccc(S(C)(=N)=O)cc2)ncc1Br,4.0,8.397940008672037,1,417.3540000000001
CC(O)C(C)Sc1nc(Nc2ccc(S(C)(=N)=O)cc2)ncc1Br,8.0,8.096910013008056,1,431.3810000000001
CC(O)CSc1nc(Nc2ccc(S(C)(=N)=O)cc2)ncc1Br,41.0,7.3872161432802645,1,417.3540000000001
CC(Oc1cc(-c2cc(-c3ccc(CN(C)C)cc3)cnc2N)ccc1C(N)=O)c1ccccc1C(F)(F)F,2740.0,5.562249437179612,0,534.5820000000002
CC(Sc1nc(Nc2ccc(S(C)(=N)=O)cc2)ncc1Br)C(C)(C)O,11.0,7.958607314841775,1,445.40800000000013
CC/C=N/c1c(C#N)c2n(c1C(=O)Nc1ccccc1)CCC2,580.0,6.236572006437063,1,306.36900000000014
CC1(C)C(=O)N([C@H]2CCc3c(O)cccc32)c2nc(Nc3ccccc3)ncc21,605.0,6.218244625347531,1,386.45500000000004
CC1(C)CCc2nc3c(F)cc(-c4nc(Nc5ccc(CN6CCN(C(=O)CO)CC6)cn5)ncc4F)cc3n21,79.9,7.097453220686009,1,548.5980000000003
CC1(C)CCc2nc3c(F)cc(-c4nc(Nc5ccc(OC6CCN(CCO)CC6)cn5)ncc4F)cc3n21,70.3,7.153044674980176,1,535.5990000000003
CC1(C)CCc2nc3c(F)cc(-c4nc(Nc5ccc(OCC6CCN(CCCO)CC6)cn5)ncc4F)cc3n21,44.9,7.347753658996677,1,563.6530000000004
CC1(C)CCc2nc3c(F)cc(-c4nc(Nc5ccc6c(n5)CCN(C(=O)CO)C6)ncc4F)cc3n21,17.6,7.7544873321858505,1,505.52900000000034
CC1(C)CN(c2ccc(Nc3ncc4cc5n(c4n3)C3(CCCCC3)CNC5=O)nc2)CCN1,1625.0,5.789146634685107,0,460.58600000000035
CC1(C)CN(c2ccc(Nc3ncc4cc5n(c4n3)C3(CCCCC3)CNC5=O)nc2)CCN1C1CC1,1091.0,5.962175249411658,0,500.65100000000047
CC1(C)CN(c2ccc(Nc3ncc4cc5n(c4n3)C3(CCCCC3)CNC5=O)nc2)CCN1CC1CC1,948.5,6.022962664775319,1,514.6780000000005
CC1(C)OCC(=O)Nc2cc(Nc3nc(NCC(F)(F)F)c4occc4n3)ccc21,10000.0,5.0,0,421.37900000000013
CC1(NC(=O)O[C@@H]2CC[C@H](c3cc(NC(=O)Cc4ccccc4)n[nH]3)C2)CC1,100.0,7.0,1,382.4640000000001
CC1(NC(=O)O[C@H]2CC[C@@H](c3cc(NC(=O)Cc4ccccc4)n[nH]3)C2)CC1,100.0,7.0,1,382.4640000000001
CC1=C(C(=O)OC2CCCCC2)C(c2ccc([N+](=O)[O-])cc2)C2=C(CC(C)(C)CC2=O)N1,71000.0,4.1487416512809245,0,438.5240000000002
CC1CC(C(=O)Nc2ncc(SCc3ncc(C(C)(C)C)o3)s2)CCN1,15.0,7.823908740944319,1,394.5660000000002
CC1CCC(C(=O)Nc2ncc(SCc3ncc(C(C)(C)C)o3)s2)CN1,14.0,7.853871964321762,1,394.56600000000014
CC1CCN(C(=O)N2CCC(Nc3ncc(Cl)c(-c4c[nH]c5ccccc45)n3)CC2)CC1,1895.0,5.722390785695909,0,452.9900000000003
CC1CCN(C2CCN(c3ccc(Nc4ncc5cc6n(c5n4)C4(CCCCC4)CNC6=O)nc3)CC2)C1,904.0,6.043831569524636,1,514.6780000000005
CC1CCN(NC(=O)N2CCC(Nc3ncc(Cl)c(-c4c[nH]c5ccccc45)n3)CC2)CC1,6652.0,5.177047759452519,0,468.0050000000003
CC1CN(Cc2ccc(Nc3ncc4cc(C(=O)N(C)C)n(C5CCCC5)c4n3)nc2)CCN1,15000.0,4.823908740944319,0,462.6020000000003
CC1CN(c2ccc(N/C=C3\C(=O)NC(=O)c4ccc(I)cc43)cc2)CCN1C,50000.0,4.301029995663981,0,502.35600000000017
CC1CN(c2ccc(Nc3ncc4cc(C(=O)N(C)C)n(C5CCCC5)c4n3)nc2)CC(C)N1,15000.0,4.823908740944319,0,462.60200000000026
CC1CN(c2ccc(Nc3ncc4cc(C(=O)N(C)C)n(C5CCCC5)c4n3)nc2)CCN1,15000.0,4.823908740944319,0,448.5750000000003
CC1CN(c2ccc(Nc3ncc4cc5n(c4n3)C3(CCCC3)CNC5=O)nc2)CC(C)N1CCC(C)(C)C,9570.0,5.019088062223156,0,530.7210000000005
CC1CN(c2ccc(Nc3ncc4cc5n(c4n3)C3(CCCC3)CNC5=O)nc2)CCN1CC1CC1,1970.0,5.705533773838407,0,486.6240000000005
CC1CN(c2ccc(Nc3ncc4cc5n(c4n3)C3(CCCCC3)CNC5=O)nc2)CC(C)N1CC1CC1,2275.0,5.643018599006869,0,514.6780000000005
CC1CN(c2ccc(Nc3ncc4cc5n(c4n3)C3(CCCCC3)CNC5=O)nc2)CCN1CC(C)(C)O,2254.5,5.64694976035741,0,518.6660000000005
CC1CN(c2ccc(Nc3ncc4cc5n(c4n3)C3(CCCCC3)CNC5=O)nc2)CCN1CCC(C)(C)C,1613.0,5.792365632611038,0,530.7210000000005
CC1CN(c2ccncc2NC(=O)c2ccnn3cc(-c4ccccc4)nc23)CCO1,1400.0,5.853871964321762,0,414.4690000000002
CC1CNCC(C(=O)Nc2ncc(SCc3ncc(C(C)(C)C)o3)s2)C1,140.0,6.853871964321762,1,394.5660000000002
CC1NCCCC1C(=O)Nc1ncc(SCc2ncc(C(C)(C)C)o2)s1,95.0,7.022276394711152,1,394.56600000000014
CCC(=O)Nc1ccc(CNc2nc(NC(CO)CO)nc3c(C(C)C)cnn23)cc1,206.7,6.684659523372712,1,427.5090000000001
CCC(=O)Nc1ccc(CNc2nc(NC3CCCNC3)nc3c(C(C)C)cnn23)cc1,174.7,6.757707095017069,1,436.56400000000014
CCC(=O)Nc1ccc(CNc2nc(NC3CCN(C)CC3)nc3c(C(C)C)cnn23)cc1,793.2,6.100617294466735,1,450.5910000000002
CCC(=O)Nc1ccc(CNc2nc(NC3CCNCC3)nc3c(C(C)C)cnn23)cc1,757.4,6.120674699215193,1,436.56400000000014
CCC(=O)Nc1ccc(CNc2nc(NC3CCOCC3)nc3c(C(C)C)cnn23)cc1,316.3,6.499900808084277,1,437.5480000000002
CCC(=O)Nc1ccc(CNc2nc(N[C@@H](CC)CO)nc3c(C(C)C)cnn23)cc1,173.4,6.760950906859809,1,425.53700000000015
CCC(=O)Nc1ccc(CNc2nc(N[C@H](CC)CO)nc3c(C(C)C)cnn23)cc1,101.6,6.9931062920521,1,425.53700000000015
CCC(=O)Nc1ccc(CNc2nc(OC3CCN(C)CC3)nc3c(C(C)C)cnn23)cc1,1264.5,5.898081166319576,0,451.57500000000016
CCC(=O)Nc1ccc(CNc2nc(O[C@@H]3CCCNC3)nc3c(C(C)C)cnn23)cc1,41.18,7.385313657717988,1,437.5480000000001
CCC(=O)Nc1ccc(CNc2nc(O[C@H]3CCCNC3)nc3c(C(C)C)cnn23)cc1,697.6,6.15639352807549,1,437.5480000000001
CCC(C)CN1CCN(c2ccc(Nc3ncc4cc(C(=O)N(C)C)n(C5CCCC5)c4n3)nc2)CC1,15000.0,4.823908740944319,0,504.68300000000045
CCC(C)CN1CCN(c2ccc(Nc3ncc4cc5n(c4n3)C3(CCCC3)CNC5=O)nc2)CC1,3512.5,5.454383667086864,0,488.64000000000044
CCC(C)CN1[C@H](C)CN(c2ccc(Nc3ncc4cc5n(c4n3)C3(CCCC3)CNC5=O)nc2)C[C@@H]1C,4015.0,5.3963144503853,0,516.6940000000004
CCC(C)CNC(=O)c1cc(-c2cnc3[nH]c(-c4ccc(OC)cc4)nc3c2)cs1,30000.0,4.522878745280337,0,420.5380000000001
CCC(C)Oc1nc(N)nc2[nH]cnc12,49000.0,4.309803919971486,0,207.23700000000002
CCC(C)Sc1nc(Nc2ccc(S(C)(=N)=O)cc2)ncc1Br,33.0,7.481486060122112,1,415.38200000000006
CCC(C)[C@@H]1CNC(=O)c2cc3cnc(Nc4ccc(N5CCN(C)CC5)cn4)nc3n21,4380.0,5.3585258894959,0,434.5480000000003
CCC(CC)c1cc(N[C@H]2CC[C@H](N)C2)n2nccc2n1,396.0,6.402304814074488,1,287.411
CCC(CC)n1c(C)nc2c(F)cc(-c3nc(Nc4ccc5c(n4)CCN(CCN(C)C)C5)ncc3F)cc21,17.4,7.7594507517174005,1,534.6590000000003
CCC(CC)n1c(C)nc2c(F)cc(-c3nc(Nc4ccc5c(n4)CCNC5)ncc3F)cc21,16.5,7.782516055786093,1,463.53600000000023
CCC(CO)Sc1nc(Nc2ccc(S(C)(=N)=O)cc2)ncc1Br,16.0,7.795880017344075,1,431.38100000000003
CCC(Nc1nc(NCc2cccnc2)c2ncn(C(C)C)c2n1)C(O)C(F)(F)F,90.0,7.045757490560675,1,423.4430000000001
CCC(O)[C@@H](CC)Nc1nc(NCc2cccnc2)c2ncn(C(C)C)c2n1,220.0,6.657577319177793,1,383.5000000000001
CCC(O)[C@H](CC)Nc1nc(NCc2cccnc2)c2ncn(C(C)C)c2n1,110.0,6.958607314841775,1,383.5000000000001
CCC(Sc1nc(Nc2ccc(S(C)(=N)=O)cc2)ncc1Br)C(C)(C)O,27.0,7.568636235841013,1,459.4350000000001
CCC(Sc1nc(Nc2ccc(S(C)(=N)=O)cc2)ncc1Br)C(C)O,18.0,7.7447274948966935,1,445.4080000000001
CCC1CC(C(=O)Nc2ncc(SCc3ncc(C(C)(C)C)o3)s2)CCN1,3.0,8.522878745280337,1,408.5930000000002
CCC1CCN(c2ccc(O)c(-c3ccnc(N)n3)c2)CC1,10000.0,5.0,0,298.3900000000001
CCC1SCC(=O)N1c1c(C#N)c2n(c1C(=O)Nc1ccccc1)CCC2,630.0,6.200659450546418,1,380.4730000000001
CCCC(=O)Nc1cc(C)[nH]n1,10000.0,5.0,0,167.212
CCCC(=O)Nc1cc(C2CC2)[nH]n1,223.935,6.649878022906293,1,193.24999999999997
CCCC(=O)Nc1n[nH]c2c(Cl)c(Cl)c(-c3ccccc3)cc12,10000.0,5.0,0,348.23300000000006
CCCC(=O)Nc1n[nH]c2c(F)c(Cl)c(-c3ccccc3)cc12,3160.0,5.5003129173815966,0,331.778
CCCC(=O)Nc1n[nH]c2cc(Cl)c(-c3ccccc3)cc12,2500.0,5.6020599913279625,0,313.788
CCCCCC(=O)Nc1ncnc2oc(-c3ccc(OC)cc3)cc12,19000.0,4.721246399047171,0,339.3950000000001
CCCCCCc1cc(-c2cc(N3C[C@H](O)[C@@H](O)C3)ccc2O)nc(N)n1,450.0,6.346787486224656,1,372.4690000000001
CCCCCCc1ccc2nc(C(=O)N[C@@H](Cc3ccc(O)cc3)C(=O)OC)cc(C(=O)O)c2c1,10000.0,5.0,0,478.54500000000024
CCCCN(CCCC)c1ccc2[nH]nc(NC(=O)Cc3ccccc3)c2c1,100000.0,4.0,0,378.52000000000015
CCCCOc1c(C(=O)c2c(F)cc(C)cc2F)ccc2[nH]ncc12,6.0,8.221848749616356,1,344.361
CCCCOc1c(C(=O)c2c(F)cc(F)cc2F)c[nH]c2nncc1-2,50.0,7.301029995663981,1,349.312
CCCCOc1c(C(=O)c2ccccc2)cnc2[nH]ncc12,110.0,6.958607314841775,1,295.34200000000004
CCCCOc1cc(Nc2ccc(S(N)(=O)=O)cc2)nc(N)c1C(=O)c1c(F)cccc1F,84.0,7.075720713938118,1,476.50500000000017
CCCN(C)[C@H]1CCN(C(=O)c2ccc(Nc3nccc(-c4cnc(C)n4C(C)C)n3)cc2)C1,4.0,8.397940008672037,1,461.6140000000002
CCCN(CCC)c1ccc2[nH]nc(NC(=O)Cc3ccccc3)c2c1,1800.0,5.7447274948966935,0,350.46600000000007
CCCNNC(=O)CCCCCCn1cc(Nc2ncc(Cl)c(-c3cnc4ccccn34)n2)cn1,10000.0,5.0,0,496.01900000000006
CCCNNC(=O)CCCCCn1cc(Nc2ncc(Cl)c(-c3cnc4ccc(-c5ccccc5)cn34)n2)cn1,10000.0,5.0,0,558.09
CCCNNC(=O)CCCCCn1cc(Nc2ncc(Cl)c(-c3cnc4ccccn34)n2)cn1,10000.0,5.0,0,481.99200000000013
CCCNNC(=O)c1ccc(Cn2cc(Nc3ncc(Cl)c(-c4cnc5ccc(-c6ccccc6)cn45)n3)cn2)cc1,10000.0,5.0,0,578.0800000000002
CCCNNC(=O)c1ccc(Cn2cc(Nc3ncc(Cl)c(-c4cnc5ccccn45)n3)cn2)cc1,10000.0,5.0,0,501.98200000000014
CCCOc1ccc(CN/C=C2\C(=O)NC(=O)c3ccc(Br)cc32)cc1O,34500.0,4.462180904926726,0,431.28600000000006
CCCOc1ccc(CN/C=C2\C(=O)NC(=O)c3ccc(I)cc32)cc1O,2600.0,5.585026652029182,0,478.28600000000006
CCCOc1ccc(CN/C=C2\C(=O)NC(=O)c3ccc(I)cc32)nc1O,700.0,6.154901959985743,1,479.27400000000006
CCCOc1cnc(CN/C=C2\C(=O)NC(=O)c3ccc(C(C)(C)C)cc32)cc1O,960.0,6.017728766960431,1,409.48600000000016
CCCOc1cnc(CN/C=C2\C(=O)NC(=O)c3ccc(C4CCCC4)cc32)cc1O,1200.0,5.920818753952375,0,421.49700000000024
CCCOc1cnc(CN/C=C2\C(=O)NC(=O)c3ccc(I)cc32)cc1O,1600.0,5.795880017344075,0,479.27400000000006
CCCS(=O)(=O)c1ccc(Nc2nccc(-c3cnc(C)n3C(C)C)n2)cc1,8.0,8.096910013008056,1,399.52000000000015
CCC[C@H](Cc1ccc(O)cc1)NC(=O)c1cc(C(=O)O)c2cc(-c3cccc(C(F)(F)F)c3)ccc2n1,10000.0,5.0,0,522.5230000000001
CCCc1c(N[C@H]2CC[C@H](N)CC2)nc2ccnn2c1Nc1ccc(F)c(Cl)c1,2100.0,5.6777807052660805,0,416.932
CCCc1cc(NC(=O)c2ccc(Br)cc2)n[nH]1,650.065,6.187043216080282,1,308.179
CCCc1cc(N[C@@H]2CC[C@@H](N)C2)n2nccc2n1,18200.0,4.739928612014925,0,259.35699999999997
CCCc1cnc(NC(=O)[C@@H](C)c2ccc(NC(C)=O)cc2)s1,31.0,7.508638306165727,1,331.44100000000003
CCCn1cc(/C=N/N=C2\C(=O)Nc3ccc(C)cc32)c2ccccc21,850.0,6.070581074285707,1,344.41800000000006
CCN(CC)C(=O)c1ccc(Nc2nc(OCC3CCCCC3)c3nc[nH]c3n2)cc1,400.0,6.3979400086720375,1,422.53300000000024
CCN(CC)C/C=C/c1nc(O)c2c(ccc3nc(Nc4c(Cl)cccc4Cl)n(C)c32)c1C,1000.0,6.0,1,484.4310000000002
CCN(CC)C1CCN(C(=O)c2ccc(Nc3ncc4cc5n(c4n3)C3(CCCCC3)CNC5=O)nc2)C1,288.0,6.540607512240769,1,516.6500000000004
CCN(CC)C1CCN(C2CCN(c3ccc(Nc4ncc5cc6n(c5n4)C4(CCCCC4)CNC6=O)nc3)CC2)C1,1136.5,5.94443055993901,0,571.7740000000002
CCN(CC)C1CCN(c2ccc(Nc3ncc4cc5n(c4n3)C3(CCCC3)CNC5=O)nc2)C1,3960.0,5.402304814074488,0,474.6130000000004
CCN(CC)C1CCN(c2ccc(Nc3ncc4cc5n(c4n3)C3(CCCC3)CNC5=O)nc2)CC1,3075.0,5.5121548798885645,0,488.64000000000044
CCN(CC)C1CCN(c2ccc(Nc3ncc4cc5n(c4n3)C3(CCCCC3)CNC5=O)nc2)C1,2815.0,5.550521600812635,0,488.64000000000044
CCN(CC)C1CCN(c2ccc(Nc3ncc4cc5n(c4n3)C3(CCCCC3)CNC5=O)nc2)CC1,1002.5,5.99891561870778,0,502.6670000000005
CCN(CC)CCNC(=O)c1cccc(Nc2nccc(-c3cnn4ncccc34)n2)c1,40.0,7.3979400086720375,1,430.51600000000013
CCN(CC)CCNc1cc(-c2ccc[nH]2)c2c3c(ccc(F)c13)NC2=O,294.0,6.531652669587842,1,366.4400000000001
CCN(CC)CCOc1ccc(Nc2cc(NC(=O)Nc3c(Cl)cccc3Cl)ncn2)cc1,10000.0,5.0,0,489.40700000000015
CCN(CC)Cc1cccc(Nc2nccc(-c3cnn4ncccc34)n2)c1,50.0,7.301029995663981,1,373.46400000000006
CCN(CC)S(=O)(=O)c1cc(Nc2nccc(-c3ccnc(-c4ccc(NC(=O)NC)cc4)c3)n2)ccc1C,3000.0,5.522878745280337,0,545.6690000000002
CCN(CC)S(=O)(=O)c1cc(Nc2nccc(-c3ccnc(-c4ccc(NC(=O)NC)cc4)c3)n2)ccc1Cl,7100.0,5.1487416512809245,0,566.0870000000002
CCN(CC)S(=O)(=O)c1cccc(Nc2nccc(-c3ccnc(-c4ccc(NC(=O)NC)cc4)c3)n2)c1,560.0,6.251811972993799,1,531.6420000000002
CCN(CC)[C@H]1CC[C@H](Nc2cc(Nc3ccc(S(=O)(=O)N(C)C)cc3)n3ncc(C(C)C)c3n2)CC1,92.0,7.036212172654444,1,527.7390000000001
CCN(CC)c1cc(-c2ccnc(Nc3cccc(S(N)(=O)=O)c3)n2)ccn1,5.2,8.2839966563652,1,398.49200000000013
CCN(CC)c1cc(C)cc2c(=O)c(O)c(-c3ccc(O)c(O)c3)oc12,1600.0,5.795880017344075,0,355.3900000000001
CCN(CC)c1cc(Nc2ccc(S(N)(=O)=O)cc2)n2ncnc2n1,400.0,6.3979400086720375,1,361.43100000000004
CCN(CC)c1ccc(CC(=O)Nc2n[nH]c3ccc(N4CCCS4(=O)=O)cc23)cc1,40.0,7.3979400086720375,1,441.55700000000024
CCN(CC)c1ccc2[nH]nc(NC(=O)Cc3ccccc3)c2c1,200.0,6.698970004336019,1,322.41200000000003
CCN(CCO)Cc1cc(Nc2nc(C)cn3c(-c4cn[nH]c4)cnc23)sn1,500.0,6.301029995663981,1,398.49600000000004
CCN(Cc1cc(Nc2nc(C)cn3c(-c4cn[nH]c4)cnc23)sn1)C(C)(C)CO,100.0,7.0,1,426.5500000000002
CCN1C(=O)C(C)(C)c2cc3[nH]c4c(c3cc21)CCCc1c(C)n[nH]c1-4,15000.0,4.823908740944319,0,348.4500000000001
CCN1CCC(CC(=O)Nc2n[nH]c3nc(-c4cccs4)c(Br)cc23)CC1,1000.0,6.0,1,448.39000000000016
CCN1CCC(COc2ccc(Nc3cc(-c4cc(F)c5nc6n(c5c4)C(C)(C)CC6)c(F)cn3)nc2)CC1,24.7,7.607303046740334,1,532.6390000000002
CCN1CCC(COc2ccc(Nc3ncc(F)c(-c4cc(F)c5nc6n(c5c4)C(C)(C)CC6)n3)nc2)CC1,368.0,6.434152181326482,1,533.6270000000002
CCN1CCC(c2ccc(Nc3ncc(F)c(-c4cc(F)c5nc6n(c5c4)C(C)(C)CC6)n3)nc2)CC1,117.0,6.931814138253839,1,503.60100000000034
CCN1CCN(C(=O)Cc2ccc(Nc3ncc(F)c(Nc4ccc(C(=O)Nc5ccccc5Cl)cc4)n3)cc2)CC1,16000.0,4.795880017344075,0,588.087
CCN1CCN(CCCC(=O)Nc2n[nH]c3nc(-c4ccc(O)cc4)c(Br)cc23)CC1,60.0,7.221848749616356,1,487.4020000000002
CCN1CCN(Cc2ccc(Nc3ncc(F)c(-c4cc(F)c5nc(C)n(C(C)C)c5c4)n3)nc2)CC1,286.06666666666666,6.543532744523009,1,506.6050000000003
CCN1CCN(Cc2ccc(Nc3ncc(F)c(-c4cc(F)c5nc6n(c5c4)C(C)(C)CC6)n3)nc2)CC1,51.1,7.291579099865287,1,518.6160000000003
CCN1CCN(Cc2ccc(Nc3ncc(F)c(-c4cc(F)c5nn6c(c5c4)CCC6)n3)nc2)CC1,10000.0,5.0,0,490.56200000000035
CCN1CCN(c2ccc(Nc3cc(N(C)C(=O)Nc4c(Cl)c(OC)cc(OC)c4Cl)ncn3)cc2)CC1,10000.0,5.0,0,560.4860000000001
CCN1CCN(c2ccc(Nc3ncc(F)c(-c4cc(F)c5nc6n(c5c4)C(C)(C)CC6)n3)nc2)CC1,117.0,6.931814138253839,1,504.58900000000034
CCN1CCN(c2ccc(Nc3ncc4cc(C(=O)N(C)C)n(C5CCCC5)c4n3)nc2)CC1,15000.0,4.823908740944319,0,462.6020000000004
CCN1[C@H](C)CN(c2ccc(Nc3ncc4cc5n(c4n3)C3(CCCCC3)CNC5=O)nc2)C[C@@H]1C,3010.0,5.521433504406157,0,488.64000000000044
CCNC(=N)SCCCN1C(=O)C2=C(C1=O)n1ccc3cccc(c31)C1Cc3ccccc3N21,6800.0,5.167491087293763,0,471.5860000000002
CCNC(=O)C[C@@H]1N=C(c2ccc(Cl)cc2)c2cc(OC)ccc2-n2c(C)nnc21,10000.0,5.0,0,423.90400000000017
CCNC(=O)N1CCC(Nc2ncc(C#N)c(-c3c[nH]c4cc(F)ccc34)n2)CC1,412.0,6.3851027839668655,1,407.45300000000015
CCNC(=O)N1CCC(Nc2ncc(Cl)c(-c3c[nH]c4ccccc34)n2)C1,2483.0,5.605023280445436,0,384.8710000000001
CCNC(=O)N1CCC(Nc2ncc(Cl)c(-c3c[nH]c4ccccc34)n2)CC1,1517.0,5.81901441921327,0,398.89800000000014
CCNC(=O)N1CCC(Nc2ncc(Cl)c(-c3cnc4ccccn34)n2)CC1,605.0,6.218244625347531,1,399.88600000000014
CCNC(=O)N1CCC(Nc2ncc(Cl)c(-n3ccc4ccccc43)n2)CC1,4443.0,5.352323686759129,0,398.89800000000014
CCNC(=O)N1CCC(Nc2nccc(-c3c(-c4ccccc4)[nH]c4ccccc34)n2)CC1,10000.0,5.0,0,440.55100000000016
CCNC(=O)N1CCC(Nc2nccc(-c3c(C(C)C)[nH]c4ccccc34)n2)CC1,10000.0,5.0,0,406.53400000000016
CCNC(=O)N1CCC(Nc2nccc(-c3c[nH]c4ccccc34)n2)CC1,10000.0,5.0,0,364.45300000000015
CCNC(=O)N1CCC(Nc2nccc(-c3cnc4ccccn34)n2)CC1,4219.0,5.374790474618119,0,365.44100000000014
CCNC(=O)N1CCC(Nc2nccc(-n3ccc4ccccc43)n2)CC1,10000.0,5.0,0,364.45300000000015
CCNC(=O)N1CCC[C@@H](Nc2ncc(Cl)c(-c3c[nH]c4ccccc34)n2)C1,1264.0,5.898252926053634,0,398.89800000000014
CCNC(=O)N1CCC[C@H](Nc2ncc(Cl)c(-c3c[nH]c4ccccc34)n2)C1,555.0,6.255707016877324,1,398.89800000000014
CCNC(=O)Nc1ccc(NC(=O)c2cc(OC)cc(-c3c[nH]c(=O)[nH]c3=O)c2)cc1,30000.0,4.522878745280337,0,423.4290000000001
CCN[C@H]1CC[C@H](Nc2cc(Nc3ccc(S(=O)(=O)N(C)C)cc3)n3ncc(C(C)C)c3n2)CC1,61.0,7.214670164989233,1,499.68500000000034
CCNc1cc(N[C@H]2CC[C@@H](O)CC2)nc(Nc2ccc3c(ccn3Cc3ccccc3)c2)n1,50000.0,4.301029995663981,0,456.5940000000001
CCNc1ccc2[nH]nc(NC(=O)Cc3ccccc3)c2c1,500.0,6.301029995663981,1,294.358
CCNc1nnc2ccc(-c3ocnc3-c3ccc(F)cc3)cn12,10000.0,5.0,0,323.331
CCOC(=O)CCC(=O)NS(=O)(=O)c1ccc(Nc2nc(N)n(C(=O)c3c(F)cccc3F)n2)cc1,62.0,7.2076083105017466,1,522.4900000000002
CCOC(=O)N=S(=O)(CC)c1ccc(Nc2ncc(Br)c(N[C@@H](COC)[C@H](C)O)n2)cc1,51.0,7.292429823902063,1,530.4450000000002
CCOC(=O)N=S(=O)(CC)c1ccc(Nc2ncc(Br)c(N[C@H](C)C(C)(C)O)n2)cc1,42.0,7.376750709602099,1,514.4460000000001
CCOC(=O)N=S(=O)(CC)c1ccc(Nc2ncc(Br)c(N[C@H](C)[C@H](C)O)n2)cc1,11.0,7.958607314841775,1,500.4190000000001
CCOC(=O)N=S(=O)(CC)c1ccc(Nc2ncc(Br)c(O[C@H](C)[C@H](C)O)n2)cc1,19.0,7.721246399047171,1,501.40300000000013
CCOC(=O)N=S(C)(=O)Cc1cc(F)cc(Nc2ncc(F)c(-c3ccc(F)cc3OC)n2)c1,560.0,6.251811972993799,1,494.4950000000002
CCOC(=O)N=S(C)(=O)Cc1cccc(Nc2ncc(F)c(-c3ccc(F)cc3OC)n2)c1,780.0,6.107905397309519,1,476.50500000000017
CCOC(=O)N=S(C)(=O)Cc1cccc(Nc2ncc(F)c(-c3ccc(F)cc3OCc3ccccc3)n2)c1,1100.0,5.958607314841775,0,552.6030000000002
CCOC(=O)N=S(C)(=O)Cc1cccc(Nc2ncc(F)c(-c3cccc4c3OCC4)n2)c1,350.0,6.455931955649724,1,470.52600000000024
CCOC(=O)N=S(C)(=O)Cc1cccc(Nc2ncc(F)c(-c3cccc4c3OCCC4)n2)c1,330.0,6.481486060122113,1,484.5530000000003
CCOC(=O)N=S(C)(=O)c1ccc(Nc2ncc(Br)c(N[C@@H](COC)[C@H](C)O)n2)cc1,28.0,7.552841968657781,1,516.4180000000002
CCOC(=O)N=S(C)(=O)c1ccc(Nc2ncc(Br)c(N[C@H](C)C(C)(C)O)n2)cc1,9.0,8.045757490560675,1,500.41900000000015
CCOC(=O)N=S(C)(=O)c1ccc(Nc2ncc(Br)c(N[C@H](C)C(C)(C)O)n2)cc1C,48.0,7.318758762624412,1,514.4460000000001
CCOC(=O)N=S(C)(=O)c1ccc(Nc2ncc(Br)c(N[C@H](C)[C@H](C)O)n2)cc1,12.0,7.920818753952375,1,486.3920000000001
CCOC(=O)N=S(C)(=O)c1ccc(Nc2ncc(Br)c(N[C@H](C)[C@H](C)O)n2)cc1C,78.0,7.107905397309519,1,500.41900000000015
CCOC(=O)N=S(C)(=O)c1ccc(Nc2ncc(Br)c(O[C@H](C)[C@H](C)O)n2)cc1,14.0,7.853871964321762,1,487.37600000000015
CCOC(=O)c1cccc2c1/C(=C/Nc1ccc(S(N)(=O)=O)cc1)C(=O)N2,8.9,8.050609993355087,1,387.4170000000001
CCOC(=O)c1cnn2c(-c3ccc(Cl)cc3)nc(NCc3ccccc3)nc12,1850.0,5.732828271596986,0,407.86100000000016
CCOCCN1CCN(c2ccc(Nc3ncc4cc5n(c4n3)C3(CCCC3)CNC5=O)nc2)CC1,1440.0,5.841637507904751,0,490.6120000000005
CCOP(=O)(CCN(C)CCN1CCc2nc(Nc3ncc(F)c(-c4cc(F)c5nc(C)n(C(C)(C)C)c5c4)n3)ccc2C1)OCC,59.3,7.226945306635737,1,670.7459999999999
CCOP(=O)(OCC)C1(O)CCN(CCN2CCc3nc(Nc4ncc(F)c(-c5cc(F)c6nc(C)n(C(C)(C)C)c6c5)n4)ccc3C2)C1,60.2,7.220403508742176,1,698.7559999999999
CCOP(=O)(OCC)N(C)CCN1CCc2nc(Nc3ncc(F)c(-c4cc(F)c5nc(C)n(C(C)C)c5c4)n3)ccc2C1,117.0,6.931814138253839,1,628.665
CCOP(=O)(OCC)N(C)CC[N+]1([O-])CCc2nc(Nc3ncc(F)c(-c4cc(F)c5nc(C)n(C(C)C)c5c4)n3)ccc2C1,117.0,6.931814138253839,1,644.664
CCOc1cc(-c2ccc[nH]2)c2c3c(ccc(F)c13)NC2=O,77.0,7.113509274827518,1,296.301
CCOc1cc(C(=O)Nc2ccc(S(=O)(=O)Nc3nc(C)cc(C)n3)cc2)cc(OCC)c1OCC,105100.0,3.978397283971758,0,514.6040000000004
CCOc1cc(F)ccc1-c1nc(Nc2cc(F)cc(CS(C)(=N)=O)c2)ncc1F,336.6666666666667,6.4727998809370195,1,436.4590000000001
CCOc1cc(F)ccc1-c1nc(Nc2cc(F)cc(CS(C)(=O)=NC#N)c2)ncc1F,290.0,6.5376020021010435,1,461.46900000000016
CCOc1cc(N2CCC(O)CC2)ccc1Nc1ncc2c(n1)N(C)c1ccccc1C(=O)N2C,50000.0,4.301029995663981,0,474.5650000000002
CCOc1ccc(-c2c[nH]c(=O)c3cc(-c4ccncc4)sc23)cn1,6309.57,5.200000237109354,0,349.415
CCOc1ccc(CN/C=C2\C(=O)NC(=O)c3ccc(Br)cc32)cc1O,45500.0,4.341988603342887,0,417.25900000000007
CCOc1ccc(NC2=CC(=O)c3sc(C)nc3C2=O)cc1,200000.0,3.6989700043360187,0,314.36600000000004
CCOc1ccc(Nc2c(C)c(N[C@@H]3CCCNC3)nc3ccnn23)cc1,100000.0,4.0,0,366.46900000000005
CCOc1ccc(Nc2c(C)c(N[C@H]3CCCNC3)nc3ccnn23)cc1,23000.0,4.638272163982407,0,366.46900000000005
CCOc1cccc2c1/C(=N/Nc1ccc(S(N)(=O)=O)cc1)C(=O)N2,93.0,7.031517051446065,1,360.3950000000001
CCOc1ccccc1Nc1cc2[nH]c(-c3cn[nH]c3)cc2cn1,8900.0,5.050609993355087,0,319.36800000000005
CCOc1ccn(-c2ccc(F)cc2)c(=O)c1C(=O)Nc1ccc(Oc2ccnc(N)c2Cl)c(F)c1,2000.0,5.698970004336019,0,512.9000000000002
CCOc1nc(Nc2ccc(S(=N)(=O)CC)cc2)ncc1Br,63.0,7.200659450546418,1,385.28700000000003
CCOc1nn(C2CCN(C(C)=O)CC2)cc1Nc1ncc(Cl)c(-c2cnn3ccccc23)n1,545.0,6.2636034977233574,1,480.96000000000015
CCS(=N)(=O)Cc1cc(F)cc(Nc2ncc(F)c(-c3ccc(F)cc3OC)n2)c1,253.33333333333334,6.596307662438871,1,436.4590000000002
CCS(=N)(=O)Cc1cccc(Nc2ncc(F)c(-c3ccc(F)cc3OC)n2)c1,380.0,6.42021640338319,1,418.46900000000016
CCS(=N)(=O)c1ccc(Nc2ncc(Br)c(N[C@@H](C)C(C)(C)O)n2)cc1,24.0,7.619788758288394,1,442.3830000000001
CCS(=N)(=O)c1ccc(Nc2ncc(Br)c(N[C@@H](C)[C@H](C)O)n2)cc1,4.0,8.397940008672037,1,428.35600000000005
CCS(=N)(=O)c1ccc(Nc2ncc(Br)c(N[C@@H](COC)[C@H](C)O)n2)cc1,9.0,8.045757490560675,1,458.3820000000001
CCS(=N)(=O)c1ccc(Nc2ncc(Br)c(N[C@H](C)C(C)(C)O)n2)cc1,16.0,7.795880017344075,1,442.3830000000001
CCS(=N)(=O)c1ccc(Nc2ncc(Br)c(N[C@H](C)[C@H](C)O)n2)cc1,4.0,8.397940008672037,1,428.35600000000005
CCS(=N)(=O)c1ccc(Nc2ncc(Br)c(N[C@H](COC)[C@@H](C)O)n2)cc1,9.0,8.045757490560675,1,458.3820000000001
CCS(=N)(=O)c1ccc(Nc2ncc(Br)c(N[C@H](COC)[C@H](C)O)n2)cc1,7.0,8.154901959985743,1,458.3820000000001
CCS(=O)(Cc1cc(F)cc(Nc2ncc(F)c(-c3ccc(F)cc3OC)n2)c1)=NC#N,160.0,6.795880017344075,1,461.4690000000002
CCS(=O)(Cc1cccc(Nc2ncc(F)c(-c3ccc(F)cc3OC)n2)c1)=NC#N,170.0,6.769551078621726,1,443.47900000000016
CCSc1cc(=O)c2c(O)cc(O)c(C3CCN(C)CC3O)c2o1,3930.0,5.405607449624573,0,351.4240000000001
CCSc1ccc2ncc(-c3ccnc(Nc4ccc(S(=O)(=O)NCCOC)cc4)n3)n2c1,3.0,8.522878745280337,1,484.60700000000026
CCSc1nn2c(C)nnc2s1,11000.0,4.958607314841775,0,200.292
CCSc1nn2c(COc3ccc(Cl)cc3)nnc2s1,24000.0,4.619788758288394,0,326.83400000000006
CCSc1nn2c(Cc3ccccc3)nnc2s1,24000.0,4.619788758288394,0,276.39000000000004
CC[C@@H](C)Oc1nc(Nc2ccc(S(N)(=O)=O)cc2)nc(N)c1C=O,0.8,9.096910013008056,1,365.41500000000013
CC[C@@H](CO)Nc1cc(NCc2ccc(NC(C)=O)cc2)n2ncc(C(C)C)c2n1,402.6,6.3951262294473645,1,410.5220000000001
CC[C@@H](CO)Nc1nc(NCc2ccc(NC(=O)C3(F)CC3)cc2)n2ncc(C(C)C)c2n1,175.7,6.755228238504705,1,455.53800000000024
CC[C@@H](CO)Nc1nc(NCc2ccc(NC(=O)C3CCN(C(C)=O)CC3)cc2)n2ncc(C(C)C)c2n1,115.2,6.938547520912807,1,522.6540000000003
CC[C@@H](CO)Nc1nc(NCc2ccc(NC(=O)C3CCOCC3)cc2)n2ncc(C(C)C)c2n1,358.4,6.445631999009913,1,481.60100000000034
CC[C@@H](CO)Nc1nc(NCc2ccc(NC(C)=O)cc2)n2ncc(C(C)C)c2n1,351.4,6.454198242840724,1,411.51000000000016
CC[C@@H](CO)Nc1nc(NCc2ccccc2)c2ncn(C(C)C)c2n1,400.0,6.3979400086720375,1,354.4580000000001
CC[C@@H](NC(=O)N1CCc2cnc(NC3CCOCC3)nc2C1)c1ccc(C#N)c(Cl)c1,2.0,8.698970004336019,1,454.9620000000002
CC[C@@H](NC(=O)N1CCc2cnc(N[C@@H](C)CO)nc2C1)c1ccc(Cl)c(Cl)c1,12.0,7.920818753952375,1,438.35900000000015
CC[C@@H](NC(=O)N1CCc2cnc(N[C@@H](C)CO)nc2C1)c1ccc(F)c(F)c1,13.0,7.886056647693163,1,405.4490000000001
CC[C@@H](NC(=O)N1CCc2cnc(N[C@@H](C)CO)nc2C1)c1ccc(OC)c(Cl)c1,71.0,7.1487416512809245,1,433.94000000000017
CC[C@@H](Nc1nc(NCc2cccnc2)c2ncn(C(C)C)c2n1)C(C)(C)O,200.0,6.698970004336019,1,383.50000000000017
CC[C@@H](Nc1nc(NCc2cccnc2)c2ncn(C(C)C)c2n1)C(O)C(C)(C)C,1000.0,6.0,1,411.5540000000002
CC[C@@H](Nc1nc(NCc2cccnc2)c2ncn(C(C)C)c2n1)C(O)C(C)C,690.0,6.161150909262744,1,397.52700000000016
CC[C@@H](Nc1nc(NCc2cccnc2)c2ncn(C(C)C)c2n1)[C@H](C)O,90.0,7.045757490560675,1,369.4730000000001
CC[C@@H](Nc1nc(NCc2cnc(C)cc2C)c2ncn(C(C)C)c2n1)[C@H](C)O,5.0,8.301029995663981,1,397.5270000000001
CC[C@@H]1CN(C(=O)NCC(F)(F)F)C[C@@H]1c1cnc2cnc3[nH]ccc3n12,10000.0,5.0,0,380.374
CC[C@H](CO)Nc1nc(NCc2ccc(NC(=O)C3(F)CC3)cc2)n2ncc(C(C)C)c2n1,571.5,6.2429837652687,1,455.53800000000024
CC[C@H](CO)Nc1nc(NCc2ccc(NC(=O)C3CCN(C(C)=O)CC3)cc2)n2ncc(C(C)C)c2n1,124.7,6.904133546521457,1,522.6540000000003
CC[C@H](CO)Nc1nc(NCc2ccc(NC(=O)C3CCOCC3)cc2)n2ncc(C(C)C)c2n1,71.53,7.14551177495557,1,481.60100000000034
CC[C@H](CO)Nc1nc(NCc2ccc(NC(C)=O)cc2)n2ncc(C(C)C)c2n1,316.9,6.4990777608096995,1,411.51000000000016
CC[C@H](CO)Nc1nc(NCc2ccccc2)c2ncc(C(C)C)n2n1,220.0,6.657577319177793,1,354.4580000000001
CC[C@H](CO)Nc1nc(NCc2ccccc2)c2ncn(C(C)C)c2n1,10264.81956521739,4.988648680245571,0,354.4580000000001
CC[C@H](CO)Nc1nc(NCc2ccccc2)n2ncc(C(C)C)c2n1,40.0,7.3979400086720375,1,354.45800000000014
CC[C@H](Nc1nc(NC2CC2)c2ncn(C(C)C)c2n1)[C@@H](C)O,50.0,7.301029995663981,1,318.425
CC[C@H](Nc1nc(NC2CCC2)c2ncn(C(C)C)c2n1)[C@@H](C)O,160.0,6.795880017344075,1,332.45200000000006
CC[C@H](Nc1nc(NCC2CC2)c2ncn(C(C)C)c2n1)[C@@H](C)O,40.0,7.3979400086720375,1,332.45200000000006
CC[C@H](Nc1nc(NCc2cc(C)nc(C)c2)c2ncn(C(C)C)c2n1)[C@@H](C)O,50.0,7.301029995663981,1,397.5270000000001
CC[C@H](Nc1nc(NCc2ccc(C(F)(F)F)nc2)c2ncn(C(C)C)c2n1)[C@@H](C)O,40.0,7.3979400086720375,1,437.47000000000014
CC[C@H](Nc1nc(NCc2ccc(C)nc2)c2ncn(C(C)C)c2n1)[C@@H](C)O,1885.0,5.724688645458189,0,383.5000000000001
CC[C@H](Nc1nc(NCc2cccc(C)n2)c2ncn(C(C)C)c2n1)[C@@H](C)O,50.0,7.301029995663981,1,383.5000000000001
CC[C@H](Nc1nc(NCc2cccc(Cl)c2)c2ncn(C(C)C)c2n1)[C@@H](C)O,55.0,7.259637310505756,1,402.9300000000001
CC[C@H](Nc1nc(NCc2cccc(F)c2)c2ncn(C(C)C)c2n1)[C@@H](C)O,70.0,7.154901959985743,1,386.47500000000014
CC[C@H](Nc1nc(NCc2ccccc2)c2ncn(C(C)C)c2n1)[C@@H](C)O,5.0,8.301029995663981,1,368.4850000000001
CC[C@H](Nc1nc(NCc2cccnc2)c2ncn(C(C)C)c2n1)C(C)(C)O,70.0,7.154901959985743,1,383.50000000000017
CC[C@H](Nc1nc(NCc2cccnc2)c2ncn(C(C)C)c2n1)C(O)C(C)(C)C,390.0,6.4089353929735005,1,411.5540000000002
CC[C@H](Nc1nc(NCc2cccnc2)c2ncn(C(C)C)c2n1)C(O)C(C)C,1100.0,5.958607314841775,0,397.52700000000016
CC[C@H](Nc1nc(NCc2cccnc2)c2ncn(C(C)C)c2n1)[C@@H](C)O,70.0,7.154901959985743,1,369.4730000000001
CC[C@H](Nc1nc(NCc2cccnc2)c2ncn(CC3CC3)c2n1)[C@@H](C)O,830.0,6.080921907623926,1,381.4840000000002
CC[C@H](Nc1nc(NCc2ccncc2)c2ncn(C(C)C)c2n1)[C@@H](C)O,40.0,7.3979400086720375,1,369.4730000000001
CC[C@H](Nc1nc(NCc2cnc(C)cc2C)c2ncn(C(C)C)c2n1)[C@@H](C)O,29.875,7.524692086043806,1,397.5270000000001
CC[C@H](Nc1nc(NCc2ncccc2C)c2ncn(C(C)C)c2n1)[C@@H](C)O,770.0,6.113509274827518,1,383.5000000000001
CC[S@+]([O-])c1ccc(-c2coc3ccc(-c4ccc(C)o4)cc23)cc1,10000.0,5.0,0,350.4390000000001
CCc1c(C(=O)NCCc2ccc(N3CCCCC3)cc2)[nH]c2ccc(C)cc12,33.0,7.481486060122112,1,389.54300000000006
CCc1c(C(=O)NCCc2ccc(N3CCOCC3)cc2)[nH]c2ccc(C(F)(F)F)cc12,24.0,7.619788758288394,1,445.48500000000007
CCc1c(C(=O)NCCc2ccc(N3CCOCC3)cc2)[nH]c2ccc(C)cc12,16.0,7.795880017344075,1,391.5150000000001
CCc1c(C(=O)NCCc2ccccc2)[nH]c2ccc(C)cc12,46.0,7.337242168318426,1,306.4090000000001
CCc1c(NC2CCCNC2)nc2ccnn2c1Nc1ccc(F)c(Cl)c1,24000.0,4.619788758288394,0,388.87800000000004
CCc1c(N[C@H]2CC[C@H](N)CC2)nc2ccnn2c1Nc1ccc(F)c(Cl)c1,3600.0,5.443697499232712,0,402.9050000000001
CCc1c(N[C@H]2CC[C@H](N)CC2)nc2ccnn2c1Nc1ccccc1Cl,300000.0,3.5228787452803374,0,384.9150000000001
CCc1c(Nc2ncc(Cl)c(-c3cnn4ccccc34)n2)cnn1C1CCN(C(C)=O)CC1,832.0,6.079876673709276,1,464.9610000000003
CCc1cc(-c2cc(N3C[C@H](O)[C@@H](O)C3)ccc2O)nc(N)n1,50.0,7.301029995663981,1,316.36100000000005
CCc1cc(-c2ccc[nH]2)c2c3c(ccc(F)c13)NC2=O,72.0,7.142667503568732,1,280.302
CCc1cc(NC(=O)c2ccc(Br)cc2)n[nH]1,629.755,6.2008283756936216,1,294.152
CCc1ccc2c(c1)NC(=O)/C2=N\Nc1ccc(S(N)(=O)=O)cc1,21.0,7.6777807052660805,1,344.3960000000001
CCc1cccc2c1/C(=N/Nc1ccc(S(N)(=O)=O)cc1)C(=O)N2,7.900000000000001,8.102372908709558,1,344.3960000000001
CCc1cnn2c(NCc3ccc[n+]([O-])c3)cc(C3CCCC[C@H]3CCO)nc12,1.0,9.0,1,395.5070000000003
CCc1cnn2c(NCc3ccc[n+]([O-])c3)cc(N3CCCC[C@@H]3CCO)nc12,1.0,9.0,1,396.4950000000003
CCc1cnn2c(NCc3ccc[n+]([O-])c3)cc(N3CCCC[C@H]3CCO)nc12,2.625,8.580870692258024,1,396.4950000000003
CCc1cnn2c(NCc3nc4ccc(F)c(F)c4[nH]3)cc(N3CCCC[C@H]3CCO)nc12,40.0,7.3979400086720375,1,455.5130000000003
CCc1nn(C2CCN(C(C)=O)CC2)cc1Nc1ncc(Cl)c(-c2cnn3ccccc23)n1,113.0,6.94692155651658,1,464.9610000000001
CCn1c(-c2ccnc(Nc3ccc(C(=O)NC)cc3)n2)cnc1C,56.0,7.251811972993799,1,336.39900000000006
CCn1c(-c2ccnc(Nc3ccc(S(=O)(=O)NCCOC)cc3)n2)cnc1C,4.0,8.397940008672037,1,416.5070000000002
CCn1c(-c2ccnc(Nc3ccc(S(C)(=O)=O)cc3)n2)cnc1C,23.0,7.638272163982407,1,357.4390000000001
CCn1c(-c2nonc2N)nc2cnc(Oc3cccc(NC(=O)c4ccc(OCCN5CCOCC5)cc4)c3)cc21,3500.0,5.455931955649724,0,570.6100000000005
CCn1c(-c2nonc2N)nc2cncc(C(=O)N3CC[C@H](N)C3)c21,7000.0,5.154901959985743,0,342.36300000000017
CCn1c(-c2nonc2N)nc2cncc(CNC3CCNCC3)c21,10000.0,5.0,0,342.40700000000015
CCn1c(-c2nonc2N)nc2cnccc21,169.0,6.772113295386326,1,230.231
CCn1c(C)nc2c(F)cc(-c3nc(Nc4ccc5c(n4)CCN(CCN(C)C)C5)ncc3F)cc21,358.0,6.446116973356125,1,492.5780000000004
CCn1c(C)nc2c(F)cc(-c3nc(Nc4ccc5c(n4)CCNC5)ncc3F)cc21,126.0,6.899629454882437,1,421.4550000000002
CCn1cnc2c(NCc3nc4ccc(F)c(F)c4[nH]3)nc(N3CCCC[C@H]3CCO)nc21,321.0,6.493494967595128,1,456.5010000000003
CCn1nc(C#Cc2cc(C(=O)Nc3ccc(CN4CCN(C)CC4)c(C(F)(F)F)c3)ccc2C)c2c(N)ncnc21,10000.0,5.0,0,576.6270000000001
CN(C)C(=O)N1CCC(Nc2ncc(Cl)c(-c3c[nH]c4ccccc34)n2)CC1,4358.0,5.360712774089763,0,398.89800000000014
CN(C)C(=O)N1CCn2cc(C3=C(c4cnc5ccccn45)C(=O)NC3=O)c3cccc(c32)C1,2100.0,5.6777807052660805,0,454.49000000000024
CN(C)C(=O)[C@H](Cc1ccc(O)cc1)NC(=O)c1cc(C(=O)O)c2cc(/C=C/c3ccc(Cl)cc3)ccc2n1,10000.0,5.0,0,544.0070000000002
CN(C)C(=O)c1cc2cnc(Nc3ccc(-c4cncn4C)cc3Cl)cc2n1C(=O)OC(C)(C)C,100000.0,4.0,0,494.98300000000023
CN(C)C(=O)c1cc2cnc(Nc3ccc(-c4cnn(C)c4)cc3Cl)cc2[nH]1,7900.0,5.102372908709558,0,394.86600000000004
CN(C)C(=O)c1cc2cnc(Nc3ccc(C(=O)N(C)C4CCNCC4)cn3)nc2n1C1CCCC1,15000.0,4.823908740944319,0,490.61200000000036
CN(C)C(=O)c1cc2cnc(Nc3ccc(C(=O)N(C)CCN)cn3)nc2n1C1CCCC1,4700.0,5.327902142064283,0,450.5470000000003
CN(C)C(=O)c1cc2cnc(Nc3ccc(C(=O)N4CCC(N(C)C)CC4)cn3)nc2n1C1CCCC1,15000.0,4.823908740944319,0,504.6390000000004
CN(C)C(=O)c1cc2cnc(Nc3ccc(C(=O)N4CCC(O)CC4)cn3)nc2n1C1CCCC1,15000.0,4.823908740944319,0,477.56900000000036
CN(C)C(=O)c1cc2cnc(Nc3ccc(C(=O)N4CCN(CCO)CC4)cn3)nc2n1C1CCCC1,15000.0,4.823908740944319,0,506.61100000000044
CN(C)C(=O)c1cc2cnc(Nc3ccc(C(=O)N4CCNCC4)cn3)nc2n1C1CCCC1,15000.0,4.823908740944319,0,462.55800000000033
CN(C)C(=O)c1cc2cnc(Nc3ccc(C(=O)NC4CCNCC4)cn3)nc2n1C1CCCC1,15000.0,4.823908740944319,0,476.5850000000004
CN(C)C(=O)c1cc2cnc(Nc3ccc(C4CCN(CCO)CC4)cn3)nc2n1C1CCCC1,15000.0,4.823908740944319,0,477.61300000000034
CN(C)C(=O)c1cc2cnc(Nc3ccc(C4CCNCC4)cn3)nc2n1C1CCCC1,15000.0,4.823908740944319,0,433.56000000000023
CN(C)C(=O)c1cc2cnc(Nc3ccc(CN4CC(O)C4)cn3)nc2n1C1CCCC1,14000.0,4.853871964321762,0,435.5320000000002
CN(C)C(=O)c1cc2cnc(Nc3ccc(CN4CC5CCC(C4)N5)cn3)nc2n1C1CCCC1,15000.0,4.823908740944319,0,474.6130000000003
CN(C)C(=O)c1cc2cnc(Nc3ccc(CN4CCC(O)CC4)cn3)nc2n1C1CCCC1,15000.0,4.823908740944319,0,463.5860000000003
CN(C)C(=O)c1cc2cnc(Nc3ccc(CN4CCN(C(=O)CN)CC4)cn3)nc2n1C1CCCC1,15000.0,4.823908740944319,0,505.6270000000004
CN(C)C(=O)c1cc2cnc(Nc3ccc(CN4CCN(C)C(=O)C4)cn3)nc2n1C1CCCC1,15000.0,4.823908740944319,0,476.5850000000003
CN(C)C(=O)c1cc2cnc(Nc3ccc(CN4CCN(CCO)CC4)cn3)nc2n1C1CCCC1,15000.0,4.823908740944319,0,492.6280000000004
CN(C)C(=O)c1cc2cnc(Nc3ccc(CN4CCN(S(C)(=O)=O)CC4)cn3)nc2n1C1CCCC1,15000.0,4.823908740944319,0,526.6670000000003
CN(C)C(=O)c1cc2cnc(Nc3ccc(CN4CCNCC4)cn3)nc2n1C1CCCC1,15000.0,4.823908740944319,0,448.5750000000003
CN(C)C(=O)c1cc2cnc(Nc3ccc(N(C)CCN)cn3)nc2n1C1CCCC1,15000.0,4.823908740944319,0,422.53700000000026
CN(C)C(=O)c1cc2cnc(Nc3ccc(N(C)CCO)cn3)nc2n1C1CCCC1,15000.0,4.823908740944319,0,423.52100000000024
CN(C)C(=O)c1cc2cnc(Nc3ccc(N4CC(O)C4)cn3)nc2n1C1CCCC1,15000.0,4.823908740944319,0,421.5050000000002
CN(C)C(=O)c1cc2cnc(Nc3ccc(N4CCC(CCO)CC4)cn3)nc2n1C1CCCC1,2900.0,5.5376020021010435,0,477.61300000000034
CN(C)C(=O)c1cc2cnc(Nc3ccc(N4CCC(N(C)C)CC4)cn3)nc2n1C1CCCC1,15000.0,4.823908740944319,0,476.6290000000003
CN(C)C(=O)c1cc2cnc(Nc3ccc(N4CCC(N)C4)cn3)nc2n1C1CCCC1,15000.0,4.823908740944319,0,434.54800000000023
CN(C)C(=O)c1cc2cnc(Nc3ccc(N4CCC(O)CC4)cn3)nc2n1C1CCCC1,15000.0,4.823908740944319,0,449.55900000000025
CN(C)C(=O)c1cc2cnc(Nc3ccc(N4CCCNCC4)cn3)nc2n1C1CCCC1,8000.0,5.096910013008056,0,448.5750000000003
CN(C)C(=O)c1cc2cnc(Nc3ccc(N4CCN(C(=O)C5CC5)CC4)cn3)nc2n1C1CCCC1,15000.0,4.823908740944319,0,502.6230000000004
CN(C)C(=O)c1cc2cnc(Nc3ccc(N4CCN(C(=O)C5CCCCC5)CC4)cn3)nc2n1C1CCCC1,15000.0,4.823908740944319,0,544.7040000000002
CN(C)C(=O)c1cc2cnc(Nc3ccc(N4CCN(C(=O)CC5CCCCC5)CC4)cn3)nc2n1C1CCCC1,15000.0,4.823908740944319,0,558.7310000000001
CN(C)C(=O)c1cc2cnc(Nc3ccc(N4CCN(C(=O)CCC5CCCC5)CC4)cn3)nc2n1C1CCCC1,15000.0,4.823908740944319,0,558.7310000000001
CN(C)C(=O)c1cc2cnc(Nc3ccc(N4CCN(C(=O)CN)CC4)cn3)nc2n1C1CCCC1,15000.0,4.823908740944319,0,491.60000000000036
CN(C)C(=O)c1cc2cnc(Nc3ccc(N4CCN(C(=O)N5CCCC5)CC4)cn3)nc2n1C1CCCC1,15000.0,4.823908740944319,0,531.6650000000003
CN(C)C(=O)c1cc2cnc(Nc3ccc(N4CCN(C(=O)N5CCCCC5)CC4)cn3)nc2n1C1CCCC1,15000.0,4.823908740944319,0,545.6920000000002
CN(C)C(=O)c1cc2cnc(Nc3ccc(N4CCN(C(=O)N5CCOCC5)CC4)cn3)nc2n1C1CCCC1,15000.0,4.823908740944319,0,547.6640000000002
CN(C)C(=O)c1cc2cnc(Nc3ccc(N4CCN(C(=O)OC(C)(C)C)CC4)nn3)nc2n1C1CCCC1,20000.0,4.698970004336019,0,535.6530000000002
CN(C)C(=O)c1cc2cnc(Nc3ccc(N4CCN(C5CCCC5)CC4)cn3)nc2n1C1CCCC1,15000.0,4.823908740944319,0,502.6670000000004
CN(C)C(=O)c1cc2cnc(Nc3ccc(N4CCN(CC#N)CC4)cn3)nc2n1C1CCCC1,15000.0,4.823908740944319,0,473.5850000000003
CN(C)C(=O)c1cc2cnc(Nc3ccc(N4CCN(CC(C)(C)O)CC4)cn3)nc2n1C1CCCC1,15000.0,4.823908740944319,0,506.65500000000037
CN(C)C(=O)c1cc2cnc(Nc3ccc(N4CCN(CC(F)(F)F)CC4)cn3)nc2n1C1CCCC1,15000.0,4.823908740944319,0,516.5720000000002
CN(C)C(=O)c1cc2cnc(Nc3ccc(N4CCN(CC(N)=O)CC4)cn3)nc2n1C1CCCC1,15000.0,4.823908740944319,0,491.60000000000036
CN(C)C(=O)c1cc2cnc(Nc3ccc(N4CCN(CC(O)CO)CC4)cn3)nc2n1C1CCCC1,15000.0,4.823908740944319,0,508.62700000000035
CN(C)C(=O)c1cc2cnc(Nc3ccc(N4CCN(CC5CCCCC5)CC4)cn3)nc2n1C1CCCC1,15000.0,4.823908740944319,0,530.7210000000003
CN(C)C(=O)c1cc2cnc(Nc3ccc(N4CCN(CCC#N)CC4)cn3)nc2n1C1CCCC1,15000.0,4.823908740944319,0,487.61200000000036
CN(C)C(=O)c1cc2cnc(Nc3ccc(N4CCN(CCCO)CC4)cn3)nc2n1C1CCCC1,15000.0,4.823908740944319,0,492.6280000000004
CN(C)C(=O)c1cc2cnc(Nc3ccc(N4CCN(CCF)CC4)cn3)nc2n1C1CCCC1,15000.0,4.823908740944319,0,480.5920000000003
CN(C)C(=O)c1cc2cnc(Nc3ccc(N4CCN(CCO)CC4)cn3)nc2n1C1CCCC1,15000.0,4.823908740944319,0,478.60100000000034
CN(C)C(=O)c1cc2cnc(Nc3ccc(N4CCN(CCO)CC4)nn3)nc2n1C1CCCC1,15000.0,4.823908740944319,0,479.58900000000034
CN(C)C(=O)c1cc2cnc(Nc3ccc(N4CCN(CCOCCO)CC4)cn3)nc2n1C1CCCC1,15000.0,4.823908740944319,0,522.6540000000003
CN(C)C(=O)c1cc2cnc(Nc3ccc(N4CCN(C[C@@H](O)CO)CC4)cn3)nc2n1C1CCCC1,15000.0,4.823908740944319,0,508.62700000000035
CN(C)C(=O)c1cc2cnc(Nc3ccc(N4CCN(C[C@H](O)CO)CC4)cn3)nc2n1C1CCCC1,15000.0,4.823908740944319,0,508.62700000000035
CN(C)C(=O)c1cc2cnc(Nc3ccc(N4CCNC(=O)C4)cn3)nc2n1C1CCCC1,15000.0,4.823908740944319,0,448.53100000000023
CN(C)C(=O)c1cc2cnc(Nc3ccc(N4CCNC(C)(C)C4)cn3)nc2n1C1CCCC1,15000.0,4.823908740944319,0,462.60200000000026
CN(C)C(=O)c1cc2cnc(Nc3ccc(N4CCNCC4)cn3)nc2n1C1CCCC1,47750.0,4.321026624080234,0,434.54800000000023
CN(C)C(=O)c1cc2cnc(Nc3ccc(N4CCNCC4)nn3)nc2n1C1CCCC1,15000.0,4.823908740944319,0,435.53600000000023
CN(C)C(=O)c1cc2cnc(Nc3ccc(N4CCNCC4=O)cn3)nc2n1C1CCCC1,15000.0,4.823908740944319,0,448.53100000000023
CN(C)C(=O)c1cc2cnc(Nc3ccc(N4CCOCC4)cn3)nc2n1C1CCCC1,15000.0,4.823908740944319,0,435.53200000000027
CN(C)C(=O)c1cc2cnc(Nc3ccc(N4CC[C@H](O)C4)cn3)nc2n1C1CCCC1,15000.0,4.823908740944319,0,435.5320000000002
CN(C)C(=O)c1cc2cnc(Nc3ccc(S(=O)(=O)N(C)C)cc3Cl)cc2[nH]1,7800.0,5.107905397309519,0,421.91000000000014
CN(C)C(=O)c1cc2cnc(Nc3ccc(S(N)(=O)=O)cc3)nc2n1C1CCCC1,21.0,7.6777807052660805,1,428.51800000000026
CN(C)C(=O)c1cc2cnc(Nc3ccccn3)nc2n1C1CCC(C)(O)CC1,15000.0,4.823908740944319,0,394.47900000000027
CN(C)C(=O)c1cc2cnc(Nc3ccccn3)nc2n1C1CCCC1,15000.0,4.823908740944319,0,350.4260000000002
CN(C)C(=O)c1cc2cnc(Nc3cnc(N4CCN(CCO)CC4)cn3)nc2n1C1CCCC1,15000.0,4.823908740944319,0,479.5890000000004
CN(C)C(=O)c1cc2cnc(Nc3cnc(N4CCNCC4)cn3)nc2n1C1CCCC1,15000.0,4.823908740944319,0,435.5360000000003
CN(C)C(=O)c1ccc(Nc2cc3c(cn2)cc(C(=O)N(C)C)n3C(=O)OC(C)(C)C)c(Cl)c1,1900.0,5.721246399047171,0,485.9720000000002
CN(C)C(=O)c1ccc(Nc2ncc(C(F)(F)F)c(N[C@H]3CC[C@@H](N)CC3)n2)cc1,834.9,6.0783655389462945,1,422.4550000000002
CN(C)C(=O)c1ccc2c(c1)/C(=C/Nc1ccc(CN3CCCCC3)cc1)C(=O)NC2=O,39800.0,4.400116927926312,0,432.5240000000003
CN(C)C(=O)c1ccc2c(c1)/C(=N/Nc1ccc(S(N)(=O)=O)cc1)C(=O)N2,17.0,7.769551078621726,1,387.4210000000001
CN(C)C(=O)c1cccc(-c2cnc(N)c(-c3nc4cccc(N5CCNCC5)c4[nH]3)c2)c1,4000.0,5.3979400086720375,0,441.53900000000016
CN(C)C(=O)c1cccc(-c2cnc(N)c(-c3nc4cccc(N5CCNCC5)c4[nH]3)n2)c1,11000.0,4.958607314841775,0,442.52700000000016
CN(C)C(=O)c1cccc(-c2cnc(N)c(-c3nc4cccc(N5CCNCC5)c4n3C)n2)c1,1400.0,5.853871964321762,0,456.5540000000002
CN(C)C(=O)c1cccc(-c2cnc(N)c(-c3nc4ccccc4[nH]3)c2)c1,5700.0,5.2441251443275085,0,357.417
CN(C)C(=O)c1ccccc1-c1c[nH]c(=O)c2cc(-c3ccncc3)sc12,15848.93,4.800000052738446,0,375.45300000000003
CN(C)C/C=C/C(=O)N1CCC(C(=O)Nc2ncc(SCc3ncc(C(C)(C)C)o3)s2)CC1,11.5,7.939302159646388,1,491.68300000000033
CN(C)C/C=C/C(=O)Nc1ccc(C(=O)N2CCCC(Nc3ncc(SCc4ncc(C(C)(C)C)o4)s3)C2)cc1,92.3,7.034798298974088,1,582.7960000000002
CN(C)C/C=C/C(=O)Nc1ccc(C(=O)N2CCC[C@@H](Nc3ncc(SCc4ncc(C(C)(C)C)o4)s3)C2)cc1,92.3,7.034798298974088,1,582.7960000000002
CN(C)C/C=C/C(=O)Nc1ccc(C(=O)N2CC[C@@H](Nc3ncc(SCc4ncc(C(C)(C)C)o4)s3)C2)cc1,11.9,7.924453038607469,1,568.7690000000001
CN(C)C/C=C/C(=O)Nc1ccc(C(=O)N[C@@]2(C)CCC[C@@H](Nc3ncc(Cl)c(-c4c[nH]c5ccccc45)n3)C2)nc1,2117.0,5.674279141980588,0,587.128
CN(C)C/C=C/C(=O)Nc1ccc(C(=O)Nc2cccc(Nc3ncc(Cl)c(-c4c[nH]c5ccccc45)n3)c2)cc1,10000.0,5.0,0,566.0650000000002
CN(C)C/C=C/C(=O)Nc1ccc(C(=O)Nc2ncc(SCc3ncc(C(C)(C)C)o3)s2)cc1,7.8,8.10790539730952,1,499.66200000000026
CN(C)C/C=C/C(=O)Nc1ccc(S(=O)(=O)N2CCCC(Nc3ncc(SCc4ncc(C(C)(C)C)o4)s3)C2)cc1,689.0,6.161780778092374,1,618.8510000000002
CN(C)C/C=C/C(=O)Nc1ccc(S(=O)(=O)N2CCC[C@@H](Nc3ncc(SCc4ncc(C(C)(C)C)o4)s3)C2)cc1,689.0,6.161780778092374,1,618.8510000000002
CN(C)C/C=C/C(=O)Nc1cccc(C(=O)N2CCCC(Nc3ncc(SCc4ncc(C(C)(C)C)o4)s3)C2)c1,286.0,6.543633966870957,1,582.7960000000003
CN(C)C/C=C/C(=O)Nc1cccc(C(=O)Nc2cccc(Nc3ncc(Cl)c(-c4c[nH]c5ccccc45)n3)c2)c1,159.45,6.797375476421022,1,566.0650000000002
CN(C)C/C=C/C(=O)Nc1cccc(C(=O)Nc2ncc(SCc3ncc(C(C)(C)C)o3)s2)c1,29.0,7.5376020021010435,1,499.66200000000026
CN(C)C1CCN(c2ccc(Nc3ncc4cc(C#N)n(C5CCCC5)c4n3)nc2)CC1,8300.0,5.080921907623926,0,430.56000000000034
CN(C)C1CCN(c2ccc(Nc3ncc4cc5n(c4n3)C3(CCCC3)CNC5=O)nc2)CC1,6900.0,5.161150909262744,0,460.5860000000004
CN(C)C1CCN(c2ccc(Nc3ncc4cc5n(c4n3)C3(CCCC3)CNC5=O)nn2)CC1,3030.0,5.518557371497695,0,461.5740000000004
CN(C)C1CCN(c2ccc(Nc3ncc4cc5n(c4n3)C3(CCCCC3)CNC5=O)nc2)CC1,22280.0,4.652084813498309,0,474.61300000000045
CN(C)C1CCN(c2ccc(Nc3ncc4cc5n(c4n3)C3(CCCCC3)CNC5=O)nn2)CC1,1425.0,5.846185135655471,0,475.60100000000045
CN(C)CC(=O)N1CCC(Nc2ncc(Cl)c(-c3c[nH]c4ccccc34)n2)CC1,1126.0,5.9484616094846725,0,412.9250000000002
CN(C)CC(=O)N1CCN(c2ccc(Nc3ncc4cc(C(=O)N(C)C)n(C5CCCC5)c4n3)nc2)CC1,15000.0,4.823908740944319,0,519.6540000000003
CN(C)CC(=O)Nc1cc(Nc2ncc(F)c(Nc3c(F)cccc3F)n2)ccc1F,83.0,7.080921907623926,1,434.3970000000001
CN(C)CC(O)COc1ccc(Nc2cc(N(CC#N)c3cc(Cl)ccc3Cl)ncn2)cc1,1000.0,6.0,1,487.3910000000002
CN(C)CC(O)COc1ccc(Nc2cc(N(CCC#N)c3cc(Cl)ccc3Cl)ncn2)cc1,5000.0,5.301029995663981,0,501.41800000000023
CN(C)CC(O)COc1ccc(Nc2cc(N(Cc3ccccc3)c3cc(Cl)ccc3Cl)ncn2)cc1,100000.0,4.0,0,538.4790000000002
CN(C)CC(O)COc1ccc(Nc2cc(Nc3c(F)cccc3F)ncn2)cc1,38000.0,4.42021640338319,0,415.4440000000001
CN(C)CC(O)COc1ccc(Nc2cc(Nc3cc(C(F)(F)F)ccc3F)ncn2)cc1,35000.0,4.455931955649724,0,465.4510000000001
CN(C)CC(O)COc1ccc(Nc2cc(Nc3cc(Cl)ccc3Cl)ncn2)cc1,22000.0,4.657577319177793,0,448.35400000000016
CN(C)CC(O)COc1ccc(Nc2cc(Nc3ccc(Cl)cc3)ncn2)cc1,100000.0,4.0,0,413.9090000000001
CN(C)CC(O)COc1ccc(Nc2cc(Nc3ccc(F)cc3F)ncn2)cc1,93000.0,4.031517051446065,0,415.4440000000001
CN(C)CC(O)COc1ccc(Nc2cc(Nc3ccccc3)ncn2)cc1,100000.0,4.0,0,379.46400000000006
CN(C)CC(O)COc1ccc(Nc2cc(Nc3ccccc3Br)ncn2)cc1,28000.0,4.552841968657781,0,458.36000000000007
CN(C)CC(O)COc1ccc(Nc2cc(Nc3ccccc3Cl)ncn2)cc1,95000.0,4.022276394711152,0,413.9090000000001
CN(C)CC(O)COc1ccc(Nc2cc(Nc3ccccc3F)ncn2)cc1,100000.0,4.0,0,397.45400000000006
CN(C)CC(O)COc1ccc(Nc2cc(Nc3ccccc3[N+](=O)[O-])ncn2)cc1,25000.0,4.6020599913279625,0,424.4610000000001
CN(C)CC(O)COc1ccc(Nc2ncc(Br)c(N(CCCC(F)(F)F)c3ccccc3)n2)cc1,200.0,6.698970004336019,1,568.4380000000002
CN(C)CC(O)COc1ccc(Nc2ncc(Br)c(Nc3ccccc3)n2)cc1,300.0,6.522878745280337,1,458.36000000000007
CN(C)CC(O)COc1ccc(Nc2ncc(Cl)c(Nc3ccccc3)n2)cc1,500.0,6.301029995663981,1,413.90900000000005
CN(C)CC(O)COc1ccc(Nc2ncc(F)c(Nc3ccccc3)n2)cc1,10000.0,5.0,0,397.45400000000006
CN(C)CC(O)COc1ccc(Nc2nccc(-c3cnn4nc(N5CCOCC5)ccc34)n2)cc1,450.0,6.346787486224656,1,490.5680000000003
CN(C)CC(O)COc1ccc(Nc2nccc(N(CC#N)c3cc(Cl)ccc3Cl)n2)cc1,700.0,6.154901959985743,1,487.39100000000025
CN(C)CC(O)COc1ccc(Nc2nccc(N(CCC#N)c3cc(Cl)ccc3Cl)n2)cc1,3000.0,5.522878745280337,0,501.4180000000003
CN(C)CC(O)COc1ccc(Nc2nccc(N(CCCC(F)(F)F)c3cc(Cl)ccc3Cl)n2)cc1,12000.0,4.920818753952375,0,558.4320000000002
CN(C)CC(O)COc1ccc(Nc2nccc(N(Cc3ccccc3)c3cc(Cl)ccc3Cl)n2)cc1,10000.0,5.0,0,538.4790000000002
CN(C)CC(O)COc1ccc(Nc2nccc(Nc3cc(C(F)(F)F)ccc3F)n2)cc1,1000.0,6.0,1,465.4510000000001
CN(C)CC(O)COc1ccc(Nc2nccc(Nc3cc(Cl)ccc3Cl)n2)cc1,1000.0,6.0,1,448.3540000000001
CN(C)CC(O)COc1ccc(Nc2nccc(Nc3ccc(Cl)cc3)n2)cc1,18000.0,4.7447274948966935,0,413.90900000000005
CN(C)CC(O)COc1ccc(Nc2nccc(Nc3cccc(Cl)c3)n2)cc1,5000.0,5.301029995663981,0,413.90900000000005
CN(C)CC(O)COc1ccc(Nc2nccc(Nc3ccccc3)n2)cc1,33000.0,4.481486060122113,0,379.46400000000006
CN(C)CC(O)COc1ccc(Nc2nccc(Nc3ccccc3Br)n2)cc1,7000.0,5.154901959985743,0,458.36000000000007
CN(C)CC(O)COc1ccc(Nc2nccc(Nc3ccccc3C#N)n2)cc1,4000.0,5.3979400086720375,0,404.4740000000001
CN(C)CC(O)COc1ccc(Nc2nccc(Nc3ccccc3Cl)n2)cc1,6000.0,5.221848749616356,0,413.90900000000005
CN(C)CC(O)COc1ccc(Nc2nccc(Nc3ccccc3F)n2)cc1,7000.0,5.154901959985743,0,397.45400000000006
CN(C)CC/C=C/C(=O)Nc1ccc(C(=O)N2CCCC(C(=O)Nc3ncc(SCc4ncc(C(C)(C)C)o4)s3)C2)cc1,23.3,7.632644078973981,1,624.8330000000002
CN(C)CCCN(C)S(=O)(=O)c1ccc(Nc2nccc(-c3cnc4ccccn34)n2)cc1,5.0,8.301029995663981,1,465.58300000000014
CN(C)CCCNC(=O)Cc1cccc(Nc2nc(OCC3CCCCC3)c3nc[nH]c3n2)c1,1000.0,6.0,1,465.6020000000004
CN(C)CCCNC(=O)c1csc2nc(-c3ccc(NC(=O)Nc4cc(C(C)(C)C)on4)cc3)cn12,10000.0,5.0,0,509.63600000000025
CN(C)CCCNS(=O)(=O)c1ccc(Nc2nccc(-c3cnc4ccccn34)n2)cc1,3.0,8.522878745280337,1,451.55600000000015
CN(C)CCN(C)c1ccc2cc1COC/C=C/COCc1cccc(c1)-c1ccnc(n1)N2,88.0,7.055517327849832,1,459.5940000000002
CN(C)CCNC(=O)c1ccc(-c2cnc3ccc(NCC4CC4)nn23)cc1,100000.0,4.0,0,378.48000000000013
CN(C)CCNC(=O)c1ccc(-c2cnc3ccc(NCc4ccc(Cl)c(Cl)c4)nn23)cc1,100000.0,4.0,0,483.40300000000013
CN(C)CCNS(=O)(=O)c1ccc(-c2ccc(/C=C3\SC(=N)NC3=O)o2)cc1,570.0,6.2441251443275085,1,420.5160000000001
CN(C)CCNS(=O)(=O)c1ccc(N/C=C2\C(=O)Nc3ccccc32)cc1,1000.0,6.0,1,386.4770000000001
CN(C)CCNS(=O)(=O)c1ccc(Nc2cccc(-c3cnc4ccccn34)c2)cc1,5.0,8.301029995663981,1,435.5530000000001
CN(C)CCNS(=O)(=O)c1ccc(Nc2nccc(-c3cnc4ccccn34)n2)cc1,5.0,8.301029995663981,1,437.5290000000001
CN(C)CCNS(=O)(=O)c1ccc(Nc2nccc(-c3cnc4cccnn34)n2)cc1,8.0,8.096910013008056,1,438.5170000000001
CN(C)CCOc1cc(F)c(C(=O)c2c(N)nc3ccc(C(=O)c4c(Cl)cccc4Cl)cn23)c(F)c1,984.0,6.007004901568658,1,533.3620000000002
CN(C)CCOc1ccc(/C=C/c2cc(-c3cc4c(=O)[nH]cnc4[nH]3)ccn2)cc1,8200.0,5.086186147616283,0,401.47
CN(C)CCn1cc(-c2ccn3c(-c4ccc(C(N)=O)c(OCc5cccc(F)c5)c4)cnc3c2)cn1,370.0,6.431798275933005,1,498.56200000000024
CN(C)C[C@@H](OC(=O)N1Cc2c(NC(=O)C(C)(C)C)n[nH]c2C1(C)C)c1ccccc1,450.0,6.346787486224656,1,427.5490000000001
CN(C)Cc1ccc(-c2cnn3c(-c4cccc(NC(=O)c5cccc(C(F)(F)F)c5)c4)ccnc23)cc1,2000.0,5.698970004336019,0,515.5390000000002
CN(C)Cc1ccc2ccc(Cl)c(C3=C(c4cn(C)c5ccccc45)C(=O)NC3=O)c2c1,220.0,6.657577319177793,1,443.93400000000014
CN(C)S(=O)(=O)c1ccc(N/C=C2\C(=O)Nc3ccc4ncsc4c32)cc1,4.6,8.337242168318426,1,400.4850000000001
CN(C)S(=O)(=O)c1ccc(Nc2cc(N[C@H]3CC[C@H](N)CC3)nc3c(Br)cnn23)cc1,10.0,8.0,1,508.44600000000025
CN(C)S(=O)(=O)c1ccc(Nc2cc(N[C@H]3CC[C@H](N)CC3)nc3c(Br)cnn23)cc1Cl,2.0,8.698970004336019,1,542.8910000000003
CN(C)S(=O)(=O)c1ccc(Nc2cc(N[C@H]3CC[C@H](N)CC3)nc3c(C#N)cnn23)cc1,7.0,8.154901959985743,1,454.5600000000003
CN(C)S(=O)(=O)c1ccc(Nc2cc(N[C@H]3CC[C@H](N)CC3)nc3c(C4CCCC4)cnn23)cc1,4.0,8.397940008672037,1,497.66900000000044
CN(C)S(=O)(=O)c1ccc(Nc2cc(N[C@H]3CC[C@H](N)CC3)nc3c(Cl)cnn23)cc1,8.0,8.096910013008056,1,463.99500000000023
CN(C)S(=O)(=O)c1ccc(Nc2cc(N[C@H]3CC[C@H](N)CC3)nc3ncnn23)cc1,120.0,6.920818753952375,1,430.53800000000024
CN(C)S(=O)(=O)c1ccc(Nc2cc3[nH]c(-c4cn[nH]c4)cc3cn2)cc1,5.0,8.301029995663981,1,382.44900000000007
CN(C)S(=O)(=O)c1ccc(Nc2ccc(C(=O)c3c(F)cccc3F)c(N)n2)cc1,500.0,6.301029995663981,1,432.4520000000001
CN(C)S(=O)(=O)c1ccc2c(c1)/C(=C/c1[nH]cc3c1CCNC3=O)C(=O)N2,68.0,7.167491087293763,1,386.4330000000002
CN(C)S(=O)(=O)c1ccc2c(c1)/C(=C/c1[nH]cc3c1CCOC3=O)C(=O)N2,33.0,7.481486060122112,1,387.41700000000026
CN(C)[C@H]1CCN(C(=O)c2ccc(Nc3ncc(F)c(-c4cc(F)c5nc6n(c5c4)C(C)(C)CC6)n3)nc2)C1,20.4,7.690369832574102,1,532.5990000000003
CN(C)[C@H]1CCN(c2ccc(Nc3ncc(F)c(-c4cc(F)c5nc6n(c5c4)C(C)(C)CC6)n3)nc2)C1,65.5,7.183758700008217,1,504.58900000000034
CN(C)c1cc(-c2cc(N3C[C@H](O)[C@@H](O)C3)ccc2O)nc(N)n1,250.0,6.6020599913279625,1,331.37600000000003
CN(C)c1cc2c(Nc3ccc4c(cnn4Cc4ccccc4)c3)ncnc2cn1,8000.0,5.096910013008056,0,395.47
CN(C)c1ccc(-c2cc(Nc3ccc(S(N)(=O)=O)cc3)[nH]n2)cc1,2000.0,5.698970004336019,0,357.439
CN(C)c1ccc(CC(=O)Nc2n[nH]c3ccc(N4CCCS4(=O)=O)cc23)cc1,10.0,8.0,1,413.5030000000002
CN(C)c1ccc2c(c1)/C(=C/Nc1ccc(S(N)(=O)=O)cc1)C(=O)N2,310.0,6.508638306165727,1,358.4230000000001
CN(CCc1c[nH]c2ccccc12)C(=O)c1ccc(-c2ccc(-c3ccccc3)cc2)cc1,91000.0,4.040958607678906,0,430.5510000000001
CN(CCc1c[nH]c2ccccc12)C(=O)c1ccc(-c2ccc(C(C)(C)C)cc2)cc1,745000.0,3.1278437272517072,0,410.56100000000015
CN(CCc1c[nH]c2ccccc12)C(=O)c1ccc(-c2ccc(F)cc2)cc1,875000.0,3.057991946977687,0,372.44300000000004
CN(CCc1c[nH]c2ccccc12)C(=O)c1ccc(-c2ccccc2)cc1,521000.0,3.2831622767004753,0,354.45300000000003
CN(CCc1c[nH]c2ccccc12)C(=O)c1ccc(-c2ccncc2)cc1,92000.0,4.036212172654444,0,355.44100000000003
CN(Cc1ccccc1)C(=O)c1ccc(S(=O)(=O)Nc2ccccc2)cc1,100000.0,4.0,0,380.469
CN(c1ccc(F)c(NC(=O)c2cccc(OC(C)(C)C#N)c2Cl)c1)c1ccc2nc(NC(=O)C3CC3)sc2n1,10000.0,5.0,0,579.0570000000001
CN(c1ccccn1)S(=O)(=O)c1ccc(N/C=C2\C(=O)Nc3ccc4ncsc4c32)cc1,5.6,8.2518119729938,1,463.54400000000015
CN1C(=O)COc2c1cnc1ccc(Sc3nnc4c(F)cc(-c5cnn(C)c5)cn34)cc21,30000.0,4.522878745280337,0,461.48200000000014
CN1C(=O)[C@@H](N2CCc3c(nn(Cc4ccccc4)c3Br)C2=O)COc2ccccc21,1000.0,6.0,1,481.3500000000002
CN1C(=O)[C@@H](N2CCc3cn(CC4CCS(=O)(=O)CC4)nc3C2=O)COc2ccccc21,1000.0,6.0,1,458.5400000000003
CN1C(=O)[C@@H](N2CCc3cn(Cc4ccccc4)nc3C2=O)COc2ccccc21,1000.0,6.0,1,402.45400000000024
CN1C(=O)c2cc3c(c4c2c1cc1c(O)cccc14)OCO3,35000.0,4.455931955649724,0,293.2780000000001
CN1C/C=C/CCOc2cc(ccn2)-c2ccnc(n2)Nc2cccc(c2)C1,22.0,7.657577319177793,1,373.4600000000001
CN1C/C=C/CCOc2cccc(c2)-c2ccnc(n2)Nc2cccc(c2)C1,37.75,7.423083044034793,1,372.4720000000001
CN1C/C=C/CCOc2cccc(c2)-c2nc(nc3[nH]cnc23)Nc2cccc(c2)C1,4100.0,5.3872161432802645,0,412.4970000000001
CN1C/C=C/CCn2ccc3ccc(cc32)-c2ccnc(n2)Nc2cccc(c2)C1,77.0,7.113509274827518,1,395.51000000000016
CN1C/C=C/COCC2CCCN(C2)c2ccnc(n2)Nc2cccc(c2)C1,10000.0,5.0,0,379.5080000000001
CN1C/C=C/COCc2ccc(o2)-c2ccnc(n2)Nc2ccc(OCCN3CCCC3)c(c2)C1,1600.0,5.795880017344075,0,475.5930000000004
CN1C/C=C/COCc2ccc(o2)-c2ccnc(n2)Nc2cccc(c2)C1,320.0,6.494850021680094,1,362.4330000000001
CN1C/C=C/COCc2ccc(s2)-c2ccnc(n2)Nc2ccc(OCCN3CCCC3)c(c2)C1,710.0,6.1487416512809245,1,491.66100000000046
CN1C/C=C/COCc2cncc(c2)-c2ccnc(n2)Nc2cccc(c2)C1,420.0,6.376750709602099,1,373.4600000000001
CN1CC([C@@H](NC(=O)c2ccc3cnccc3c2)c2ccc(Cl)c(Cl)c2)C1,360.0,6.443697499232712,1,400.3090000000002
CN1CC2CC1CN2c1ccc(N/C=C2\C(=O)NC(=O)c3ccc(I)cc32)cc1,50000.0,4.301029995663981,0,500.34000000000015
CN1CCC(COc2ccc(Nc3ncc(F)c(-c4cc(F)c5nc6n(c5c4)C(C)(C)CC6)n3)nc2)CC1,55.2,7.2580609222708015,1,519.6000000000003
CN1CCC(OCc2ccc(Nc3ncc(F)c(-c4cc(F)c5nc6n(c5c4)C(C)(C)CC6)n3)nc2)CC1,174.0,6.7594507517174005,1,519.6000000000003
CN1CCC(Oc2ccc(Nc3ncc(F)c(-c4cc(F)c5nc6n(c5c4)C(C)(C)CC6)n3)nc2)CC1,64.1,7.193141970481182,1,505.5730000000003
CN1CCC(c2c(O)cc(O)c3c(=O)cc(-c4ccccc4Cl)oc23)[C@@H](O)C1,220.0,6.657577319177793,1,401.8460000000001
CN1CCC(c2c(O)cc(O)c3c(=O)cc(Oc4ccccc4Cl)oc23)C(O)C1,2110.0,5.675717544702307,0,417.84500000000014
CN1CCC(c2c(O)cc(O)c3c(=O)cc(SC(C)(C)C)oc23)C(O)C1,1070.0,5.97061622231479,0,379.4780000000002
CN1CCC(c2c(O)cc(O)c3c(=O)cc(Sc4ccccc4)oc23)C(O)C1,6590.0,5.18111458540599,0,399.46800000000013
CN1CCC(c2c(O)cc(O)c3c(=O)cc(Sc4ccccc4Cl)oc23)C(O)C1,2100.0,5.6777807052660805,0,433.9130000000001
CN1CCC(c2c(O)cc(O)c3c2O/C(=C\c2ccc(N4CCN(C)CC4)cc2)C3=O)CC1,2980.0,5.525783735923745,0,449.55100000000033
CN1CCC(c2c(O)cc(O)c3c2O/C(=C\c2ccc(S(N)(=O)=O)cc2)C3=O)CC1,30.0,7.522878745280337,1,430.4820000000002
CN1CCC(c2c(O)cc(O)c3c2O/C(=C\c2ccc([N+](=O)[O-])cc2)C3=O)CC1,310.0,6.508638306165727,1,396.39900000000017
CN1CCC(c2c(O)cc(O)c3c2O/C(=C\c2ccccc2)C3=O)CC1,1280.0,5.892790030352131,0,351.4020000000001
CN1CCC(c2c(O)cc(O)c3c2O/C(=C\c2ccccc2Cl)C3=O)CC1,3970.0,5.401209493236885,0,385.84700000000015
CN1CCC(n2cc(-c3nc(NC4CCN(S(C)(=O)=O)CC4)ncc3C(F)(F)F)cn2)CC1,708.0,6.149966742310231,1,487.55200000000025
CN1CCN(C(=O)N2CCC(Nc3ncc(Cl)c(-c4c[nH]c5ccccc45)n3)CC2)CC1,5281.0,5.277283832511505,0,453.9780000000003
CN1CCN(C(=O)c2ccc(Nc3ncc4cc5n(c4n3)C3(CCCC3)CNC5=O)nc2)CC1,136.0,6.866461091629782,1,460.54200000000037
CN1CCN(C(=O)c2ccc3c(c2)[nH]c2c(C(N)=O)ccc(-c4cccc(NC(=O)c5ccc(N(C)C)cc5)c4F)c23)CC1,50000.0,4.301029995663981,0,592.6750000000001
CN1CCN(C(=O)c2ccc3c(c2)[nH]c2c(C(N)=O)ccc(-c4ccccc4F)c23)CC1,610.0,6.214670164989233,1,430.4830000000002
CN1CCN(CCC(=O)NS(=O)(=O)c2ccc(Nc3nc(N)n(C(=O)c4c(F)cccc4F)n3)cc2)CC1,266.0,6.575118363368933,1,548.5760000000001
CN1CCN(CCCCOc2c(OCc3ccc(C#N)cc3)cc(O)c3c(=O)cc(-c4ccccc4)oc23)CC1,6700.0,5.173925197299174,0,539.6320000000002
CN1CCN(CCOc2cc(F)c(C(=O)c3c(N)nc4ccc(C(=O)c5c(Cl)cccc5Cl)cn34)c(F)c2)CC1,812.0,6.090443970758825,1,588.442
CN1CCN(CCOc2cc(OC3CCOCC3)c3c(Nc4c(Cl)ccc5c4OCO5)ncnc3c2)CC1,10000.0,5.0,0,542.0360000000002
CN1CCN(Cc2ccc(-c3cnc4[nH]cc(-c5ccc6[nH]ccc6c5)c4c3)cc2)CC1,1180.0,5.928117992693875,0,421.5480000000002
CN1CCN(Cc2ccc(-c3cnc4[nH]cc(-c5cnc6[nH]ccc6c5)c4c3)cc2)CC1,720.0,6.142667503568732,1,422.5360000000002
CN1CCN(Cc2ccc(NC(=O)c3n[nH]cc3Nc3ccncn3)cc2)CC1,23.03,7.637706062035769,1,392.4670000000001
CN1CCN(Cc2ccc(NC(=O)c3n[nH]cc3Nc3ncnc4[nH]ccc34)cc2)CC1,2.47,8.607303046740334,1,431.50400000000013
CN1CCN(Cc2ccc(NC(=O)c3n[nH]cc3Nc3ncnc4sccc34)cc2)CC1,9.1,8.040958607678906,1,448.55600000000015
CN1CCN(Cc2ccc(Nc3ncc4cc(C(=O)N(C)C)n(C5CCCC5)c4n3)nc2)CC1,15000.0,4.823908740944319,0,462.6020000000003
CN1CCN(Cc2cccc(-c3nc(Nc4cccc(Cl)c4)nc4[nH]cnc34)c2)CC1,10000.0,5.0,0,433.9470000000001
CN1CCN(c2cc(-c3cc(N4C[C@H](O)[C@@H](O)C4)ccc3O)nc(N)n2)CC1,300.0,6.522878745280337,1,386.45600000000013
CN1CCN(c2cc(NCc3cccnc3)n3ncc(Br)c3n2)CC1,140.0,6.853871964321762,1,402.3000000000001
CN1CCN(c2cc(NCc3cccnc3)n3nccc3n2)CC1,5600.0,5.251811972993799,0,323.4040000000001
CN1CCN(c2ccc(N/C=C3\C(=O)NC(=O)c4cc(Br)ccc43)cc2)CC1,47000.0,4.327902142064283,0,441.3290000000001
CN1CCN(c2ccc(N/C=C3\C(=O)NC(=O)c4ccc(-c5ccc(C=O)cc5)cc43)cc2)CC1,7700.0,5.113509274827518,0,466.5410000000002
CN1CCN(c2ccc(N/C=C3\C(=O)NC(=O)c4ccc(-c5ccccc5)cc43)cc2)CC1,50000.0,4.301029995663981,0,438.5310000000002
CN1CCN(c2ccc(N/C=C3\C(=O)NC(=O)c4ccc(-c5ccco5)cc43)cc2)CC1,50000.0,4.301029995663981,0,428.4920000000002
CN1CCN(c2ccc(N/C=C3\C(=O)NC(=O)c4ccc(-c5ccoc5)cc43)cc2)CC1,50000.0,4.301029995663981,0,428.4920000000002
CN1CCN(c2ccc(N/C=C3\C(=O)NC(=O)c4ccc(-c5ccoc5)cc43)cc2F)CC1,50000.0,4.301029995663981,0,446.4820000000002
CN1CCN(c2ccc(N/C=C3\C(=O)NC(=O)c4ccc(-c5ccoc5)cc43)cn2)CC1,50000.0,4.301029995663981,0,429.4800000000002
CN1CCN(c2ccc(N/C=C3\C(=O)NC(=O)c4ccc(-c5ccoc5)cc43)nc2)CC1,50000.0,4.301029995663981,0,429.4800000000002
CN1CCN(c2ccc(N/C=C3\C(=O)NC(=O)c4ccc(-c5ccoc5)cc43)nn2)CC1,50000.0,4.301029995663981,0,430.4680000000002
CN1CCN(c2ccc(N/C=C3\C(=O)NC(=O)c4ccc(-c5ccsc5)cc43)cc2)CC1,50000.0,4.301029995663981,0,444.5600000000002
CN1CCN(c2ccc(N/C=C3\C(=O)NC(=O)c4ccc(-n5cccc5)cc43)cc2)CC1,50000.0,4.301029995663981,0,427.50800000000015
CN1CCN(c2ccc(N/C=C3\C(=O)NC(=O)c4ccc(Br)cc43)cc2)CC1,50000.0,4.301029995663981,0,441.3290000000001
CN1CCN(c2ccc(N/C=C3\C(=O)NC(=O)c4ccc(C#Cc5ccccc5)cc43)cc2)CC1,50000.0,4.301029995663981,0,462.5530000000002
CN1CCN(c2ccc(N/C=C3\C(=O)NC(=O)c4ccc(C(=O)N(C)C)cc43)cc2)CC1,47000.0,4.327902142064283,0,433.5120000000002
CN1CCN(c2ccc(N/C=C3\C(=O)NC(=O)c4ccc(I)cc43)cc2)CC1,50000.0,4.301029995663981,0,488.3290000000001
CN1CCN(c2ccc(N/C=C3\C(=O)NC(=O)c4ccc(N5CCCCC5)cc43)cc2)CC1,50000.0,4.301029995663981,0,445.56700000000035
CN1CCN(c2ccc(N/C=C3\C(=O)NC(=O)c4ccc([N+](=O)[O-])cc43)cc2)CC1,50000.0,4.301029995663981,0,407.4300000000002
CN1CCN(c2ccc(N/C=C3\C(=O)NC(=O)c4ccccc43)cc2)CC1,28000.0,4.552841968657781,0,362.4330000000001
CN1CCN(c2ccc(Nc3cc(-c4c[nH]c5ccccc45)ncn3)cc2)CC1,33215.0,4.4786657432224315,0,384.48700000000014
CN1CCN(c2ccc(Nc3cc(-c4c[nH]c5cnccc45)ncn3)cc2)CC1,577.0,6.238824186844268,1,385.47500000000014
CN1CCN(c2ccc(Nc3ncc(Cl)c(-c4c[nH]c5cnccc45)n3)cc2)CC1,20.0,7.698970004336019,1,419.92000000000013
CN1CCN(c2ccc(Nc3ncc4c(n3)-c3c(c(C(N)=O)nn3C)C(C)(C)C4)cc2)CC1,17.0,7.769551078621726,1,446.55900000000025
CN1CCN(c2ccc(Nc3ncc4c(n3)-c3c(c(C(N)=O)nn3C)CC4)cc2)CC1,2.0,8.698970004336019,1,418.5050000000002
CN1CCN(c2ccc(Nc3ncc4cc5n(c4n3)C3(CCCC3)CNC5=O)nc2)CC1,9960.0,5.001740661576301,0,432.5320000000003
CN1CCN(c2ccc(Nc3ncc4cc5n(c4n3)C3(CCCCC3)CNC5=O)nc2)CC1,833.3325,6.079181680342324,1,446.55900000000037
CN1CCN(c2ccc(Nc3ncc4cc5n(c4n3)C3(CCCCC3)CNC5=O)nc2)CC1(C)C,2490.0,5.603800652904264,0,474.6130000000004
CN1CCN(c2ccc(Nc3ncc4nc(Nc5ccccc5)n(C5CCCC5)c4n3)cc2)CC1,10000.0,5.0,0,468.6090000000003
CN1CCN(c2ccc(Nc3nccc(-c4cnn5nc(-c6ccc(F)cc6)ccc45)n3)cc2)CC1,25000.0,4.6020599913279625,0,480.5510000000002
CN1CCN(c2ccc(Nc3nccc(-c4cnn5ncccc45)n3)cc2)CC1,100.0,7.0,1,386.46300000000014
CN1CCN(c2ccc(Nc3nccc(-c4cnn5ncccc45)n3)cc2C(F)(F)F)CC1,4.0,8.397940008672037,1,454.46000000000015
CN1CCN(c2ccc3c(c2)/C(=C/Nc2ccc(CN4CCCCC4)cc2)C(=O)NC3=O)CC1,50000.0,4.301029995663981,0,459.5940000000004
CN1CCN(c2cccc(Nc3ncc4c(n3)-c3c(c(C(N)=O)nn3C)CC4)c2)CC1,1.0,9.0,1,418.5050000000003
CN1CCN(c2cccc3[nH]c(-c4n[nH]c5cc(-c6ccc(C(=O)O)cc6)ccc45)nc23)CC1,10000.0,5.0,0,452.5180000000002
CN1CCN(c2cccc3[nH]c(-c4n[nH]c5cc(-c6ccc(CN)cc6)ccc45)nc23)CC1,10000.0,5.0,0,437.5510000000002
CN1CCN(c2cccc3[nH]c(-c4n[nH]c5cc(-c6ccc(CO)cc6)ccc45)nc23)CC1,21500.0,4.667561540084395,0,438.5350000000002
CN1CCN(c2cccc3[nH]c(-c4n[nH]c5cc(-c6ccc(N)c(F)c6)ccc45)nc23)CC1,1730.0,5.761953896871205,0,441.5140000000002
CN1CCN(c2cccc3[nH]c(-c4n[nH]c5cc(-c6ccc(O)cc6)ccc45)nc23)CC1,13.3,7.876148359032914,1,424.50800000000015
CN1CCN(c2cccc3[nH]c(-c4n[nH]c5cc(-c6ccc7[nH]ccc7c6)ccc45)nc23)CC1,10000.0,5.0,0,447.54600000000016
CN1CCN(c2cccc3[nH]c(-c4n[nH]c5cc(-c6cccc(N)c6)ccc45)nc23)CC1,6100.0,5.214670164989233,0,423.52400000000017
CN1CCN(c2cccc3[nH]c(-c4n[nH]c5cc(C6=CC7=CC=CNC7C=C6)ccc45)nc23)CC1,10000.0,5.0,0,461.57300000000015
CN1CCN(c2cccc3nc(-c4n[nH]c5cc(-c6ccc(N)cc6)ccc45)[nH]c23)CC1,1040.0,5.982966660701219,0,423.52400000000017
CN1CCN(c2cnc(N/C=C3\C(=O)NC(=O)c4ccc(-c5ccoc5)cc43)cn2)CC1,50000.0,4.301029995663981,0,430.4680000000002
CN1CCN(c2ncc(N/C=C3\C(=O)NC(=O)c4ccc(-c5ccoc5)cc43)cn2)CC1,50000.0,4.301029995663981,0,430.4680000000002
CN1CC[C@@H](c2c(O)cc(O)c3c(=O)cc(-c4ccc(C(F)(F)F)cc4Cl)oc23)[C@@H]1CO,180.0,6.7447274948966935,1,469.8430000000001
CN1CC[C@@H](c2c(O)cc(O)c3c(=O)cc(-c4ccccc4Cl)oc23)[C@@H](O)C1,170.0,6.769551078621726,1,401.8460000000001
CN1CC[C@H](c2c(O)cc(O)c3c(=O)cc(-c4ccccc4)oc23)[C@H](O)C1,2400.0,5.619788758288394,0,367.40100000000007
CN1CC[C@H](c2c(O)cc(O)c3c(=O)cc(-c4ccccc4Cl)oc23)[C@H](O)C1,140.0,6.853871964321762,1,401.8460000000001
CN1CC[C@H](c2c(O)cc(O)c3c(=O)cc(Oc4ccccc4Cl)oc23)[C@H](O)C1,2110.0,5.675717544702307,0,417.84500000000014
CN1CC[C@H](c2c(O)cc(O)c3c(=O)cc(Sc4ccccc4Cl)oc23)[C@H](O)C1,2100.0,5.6777807052660805,0,433.9130000000001
CN1CCc2cc3c(c4c2[C@H]1Cc1ccccc1-4)OCO3,50000.0,4.301029995663981,0,279.33900000000006
CN1C[C@@H]2C[C@H]1CN2c1ccc(-c2ccnc3c(-c4cccc(O)c4)c(-c4ccncc4)nn23)cc1,26400.0,4.578396073130169,0,474.56800000000015
CN=S(C)(=O)c1ccc(Nc2ncc(Br)c(N[C@H](C)[C@@H](C)O)n2)cc1OC,4.0,8.397940008672037,1,458.3820000000002
CN=S(C)(=O)c1ccc(Nc2ncc(Br)c(N[C@H](C)[C@H](C)O)n2)cc1,7.0,8.154901959985743,1,428.3560000000001
CN=S(C)(=O)c1ccc(Nc2ncc(Br)c(N[C@H](C)[C@H](C)O)n2)cc1OC,6.0,8.221848749616356,1,458.3820000000002
CNC(=N)SCCCN1C(=O)C2=C(C1=O)n1ccc3cccc(c31)C1Cc3ccccc3N21,5300.0,5.275724130399211,0,457.5590000000002
CNC(=N)SCCCn1c(=O)c2c(c1=O)n1c3ccccc3cc1c1cccc3ccn2c31,6300.0,5.200659450546418,0,455.5430000000001
CNC(=O)CN1CCC(Nc2ncc(Cl)c(-c3c[nH]c4ccccc34)n2)CC1,123.0,6.910094888560602,1,398.89800000000014
CNC(=O)CN1CCC[C@@H](Nc2ncc(Cl)c(-c3c[nH]c4ccccc34)n2)C1,612.0,6.213248577854439,1,398.89800000000014
CNC(=O)CN1CCC[C@H](Nc2ncc(Cl)c(-c3c[nH]c4ccccc34)n2)C1,10000.0,5.0,0,398.89800000000014
CNC(=O)N=S(C)(=O)Cc1cccc(Nc2ncc(F)c(-c3ccc(F)cc3OC)n2)c1,430.0,6.366531544420414,1,461.4940000000002
CNC(=O)Nc1ccc(-c2cc(-c3ccnc(Nc4ccc(C)c(S(=O)(=O)N(C)C)c4)n3)ccn2)cc1,460.0,6.337242168318426,1,517.6150000000002
CNC(=O)Nc1ccc(-c2cc(-c3ccnc(Nc4ccc(C)c(S(=O)(=O)NC)c4)n3)ccn2)cc1,110.0,6.958607314841775,1,503.5880000000002
CNC(=O)Nc1ccc(-c2cc(-c3ccnc(Nc4ccc(Cl)c(S(=O)(=O)N(C)C)c4)n3)ccn2)cc1,520.0,6.2839966563652006,1,538.0330000000002
CNC(=O)Nc1ccc(-c2cc(-c3ccnc(Nc4ccc(Cl)c(S(=O)(=O)NC)c4)n3)ccn2)cc1,140.0,6.853871964321762,1,524.0060000000002
CNC(=O)Nc1ccc(-c2cc(-c3ccnc(Nc4cccc(S(=O)(=O)NC)c4)n3)ccn2)cc1,100.0,7.0,1,489.56100000000015
CNC(=O)Nc1ccc(-c2cc(-c3ccnc(Nc4cccc(S(N)(=O)=O)c4)n3)ccn2)cc1,23.0,7.638272163982407,1,475.53400000000016
CNC(=O)[C@H](Cc1ccc(O)cc1)NC(=O)c1cc(C(=O)O)c2cc(/C=C/c3ccc(Cl)cc3)ccc2n1,10000.0,5.0,0,529.9800000000001
CNC(=O)c1cc2cnc(Nc3ccc(N4CCN(C(C)C)CC4)cn3)nc2n1C1CCCC1,15000.0,4.823908740944319,0,462.6020000000003
CNC(=O)c1cc2cnc(Nc3ccc(N4CCNCC4)cn3)nc2n1C1CCCC1,15000.0,4.823908740944319,0,420.5210000000003
CNC(=O)c1ccc(NCCc2c[nH]c3ccccc23)c(C(=O)O)c1,300000.0,3.5228787452803374,0,337.3790000000001
CNC(=O)c1ccc(Nc2ncc(F)c(-c3cnc(C)n3C(C)C)n2)cc1,3.0,8.522878745280337,1,368.4160000000001
CNC(=O)c1ccc(Nc2ncc(F)c(-c3cnc(C)n3C(C)C)n2)cc1F,1.0,9.0,1,386.4060000000001
CNC(=O)c1ccc(Nc2nccc(-c3cnc(C)n3C(C)C)n2)cc1,3.0,8.522878745280337,1,350.42600000000004
CNC(=O)c1ccc(Nc2nccc(-c3cnc(C)n3C(C)C)n2)cc1F,1.0,9.0,1,368.41600000000005
CNC(=O)c1ccc(Nc2nccc(-c3cnc(C)n3C3CCCC3)n2)cc1,2.0,8.698970004336019,1,376.46400000000017
CNC(=O)c1ccc(Nc2nccc(-c3cnc(C)n3CC3CC3)n2)cc1,42.0,7.376750709602099,1,362.4370000000001
CNC(=O)c1ccc(Nc2nccc(-c3cnc(C4CC4)n3C(C)C)n2)cc1,81.0,7.0915149811213505,1,376.46400000000017
CNC(=O)c1ccc(Nc2nccc(-c3cnc(COC)n3C(C)C)n2)cc1,62.0,7.2076083105017466,1,380.4520000000001
CNC(=O)c1nn(C)c2c1C(C)(C)Cc1cnc(Nc3ccc(CN(C)C)cc3)nc1-2,35.0,7.455931955649724,1,419.53300000000013
CNC(=O)c1nn(C)c2c1C(C)(C)Cc1cnc(Nc3ccc(CN4CCN(C)CC4)cc3)nc1-2,55.0,7.259637310505756,1,474.6130000000003
CNC(=O)c1nn(C)c2c1C(C)(C)Cc1cnc(Nc3ccc(CN4CCOCC4)cc3)nc1-2,36.0,7.443697499232712,1,461.5700000000003
CNC(=O)c1nn(C)c2c1C(C)(C)Cc1cnc(Nc3ccc(N(C)C)cc3)nc1-2,59.0,7.229147988357855,1,405.5060000000001
CNC(=O)c1nn(C)c2c1C(C)(C)Cc1cnc(Nc3ccc(N4CCN(C)CC4)cc3)nc1-2,108.6,6.964170174747172,1,460.58600000000024
CNC(=O)c1nn(C)c2c1C(C)(C)Cc1cnc(Nc3ccc(N4CCOCC4)cc3)nc1-2,137.0,6.863279432843593,1,447.54300000000023
CNC(=O)c1nn(C)c2c1C(C)(C)Cc1cnc(Nc3ccc(OC4CCN(C)CC4)cc3)nc1-2,29.0,7.5376020021010435,1,475.59700000000026
CNC(=O)c1nn(C)c2c1C(C)(C)Cc1cnc(Nc3cccc(CN(C)C)c3)nc1-2,83.0,7.080921907623926,1,419.53300000000013
CNC(=O)c1nn(C)c2c1C(C)(C)Cc1cnc(Nc3cccc(CN4CCN(C)CC4)c3)nc1-2,59.0,7.229147988357855,1,474.6130000000003
CNC(=O)c1nn(C)c2c1C(C)(C)Cc1cnc(Nc3cccc(CN4CCOCC4)c3)nc1-2,160.0,6.795880017344075,1,461.5700000000003
CNC(=O)c1nn(C)c2c1C(C)(C)Cc1cnc(Nc3cccc(N(C)C)c3)nc1-2,220.0,6.657577319177793,1,405.5060000000001
CNC(=O)c1nn(C)c2c1C(C)(C)Cc1cnc(Nc3cccc(N4CCN(C)CC4)c3)nc1-2,31.0,7.508638306165727,1,460.58600000000024
CNC(=O)c1nn(C)c2c1C(C)(C)Cc1cnc(Nc3cccc(N4CCOCC4)c3)nc1-2,248.0,6.605548319173784,1,447.54300000000023
CNC(=O)c1nn(C)c2c1C(C)(C)Cc1cnc(Nc3cccc(OC4CCN(C)CC4)c3)nc1-2,47.0,7.327902142064283,1,475.59700000000026
CNC(=O)c1nn(C)c2c1CCc1cnc(Nc3ccc(N4CCN(C)CC4)cc3)nc1-2,45.0,7.346787486224656,1,432.53200000000027
CNC(=O)c1nn(C)c2c1CCc1cnc(Nc3ccccc3)nc1-2,19.0,7.721246399047171,1,334.38300000000004
CNC1CC(C(=O)N2CCc3nc(Nc4ncc(F)c(-c5cc(F)c6nc(C)n(C(C)C)c6c5)n4)ccc3C2)C1,84.3,7.074172425375258,1,546.6260000000001
CNCC(=O)N1CCC(Nc2ncc(Cl)c(-c3c[nH]c4ccccc34)n2)CC1,2672.0,5.573163546196492,0,398.89800000000014
CNCC(=O)N1CCc2nc(Nc3ncc(F)c(-c4cc(F)c5nc(C)n(C(C)C)c5c4)n3)ccc2C1,29.3,7.533132379645891,1,506.56100000000026
CNCC(=O)N1CCc2nc(Nc3ncc(F)c(-c4cc(F)c5nc(C)n(C6CCC(C)CC6)c5c4)n3)ccc2C1,89.7,7.047207556955908,1,560.6530000000002
CNCC(=O)N1CCc2nc(Nc3ncc(F)c(-c4cc(F)c5nc(C)n(C6CCC6)c5c4)n3)ccc2C1,129.0,6.889410289700751,1,518.5720000000002
CNCCN(C)C(=O)c1cc(Sc2cnc(Nc3cccc(Br)n3)s2)ccc1C,180.0,6.7447274948966935,1,492.46800000000013
CNCCN1CCc2nc(Nc3ncc(F)c(-c4cc(F)c5nc(C)n(C(C)(C)C)c5c4)n3)ccc2C1,6.68,8.175223537524454,1,506.6050000000003
CNCCN1CCc2nc(Nc3ncc(F)c(-c4cc(F)c5nc(C)n(C6(C)CC6)c5c4)n3)ccc2C1,20.0,7.698970004336019,1,504.58900000000034
CNCCN1CCc2nc(Nc3ncc(F)c(-c4cc(F)c5nc(C)n(C6CC6)c5c4)n3)ccc2C1,301.0,6.521433504406157,1,490.5620000000003
CNCc1ccc(-n2cc(-c3nc(NC4CCN(S(C)(=O)=O)CC4)ncc3C#N)cn2)c(Cl)c1,65.0,7.187086643357144,1,501.0160000000002
CNCc1ccc(-n2cc(-c3nc(NC4CCN(S(C)(=O)=O)CC4)ncc3C(F)(F)F)cn2)c(Cl)c1,144.0,6.841637507904751,1,544.0030000000002
CNS(=O)(=O)Cc1ccc(N/C=C2\C(=O)Nc3ccc4ncsc4c32)cc1,26.0,7.585026652029182,1,400.4850000000001
CNS(=O)(=O)Cc1ccc(N/N=C2\C(=O)Nc3ccc4ncsc4c32)cc1,5.7,8.244125144327509,1,401.4730000000001
CNS(=O)(=O)Nc1cccc(Cc2c(C)c3cc(Cl)c(OC(=O)N(C)C)cc3oc2=O)c1,50000.0,4.301029995663981,0,479.9420000000003
CNS(=O)(=O)c1ccc(-c2ccc(/C=C3\SC(=N)NC3=O)o2)cc1,120.0,6.920818753952375,1,363.4200000000001
CNS(=O)(=O)c1ccc(N/C=C2\C(=O)Nc3ccc4ncsc4c32)cc1,5.6,8.2518119729938,1,386.4580000000001
CNS(=O)(=O)c1ccc(N/C=C2\C(=O)Nc3ccccc32)cc1,560.0,6.251811972993799,1,329.38100000000003
CNS(=O)(=O)c1ccc(NCCc2c[nH]c3ccccc23)c(C(=O)O)c1,300000.0,3.5228787452803374,0,373.4340000000001
CNS(=O)(=O)c1ccc(Nc2ncc3c(n2)N([C@@H](C)C2CC2)C(=O)C32CC2)cc1,460.0,6.337242168318426,1,413.50300000000027
CNS(=O)(=O)c1ccc(Nc2ncc3c(n2)N([C@@H]2CCC[C@@H](O)C2)C(=O)C32CC2)cc1,670.0,6.173925197299173,1,443.52900000000034
CNS(=O)(=O)c1ccc(Nc2ncc3c(n2)N([C@@H]2CCC[C@@]2(C)O)C(=O)C32CC2)cc1,350.0,6.455931955649724,1,443.52900000000034
CNS(=O)(=O)c1ccc(Nc2ncc3c(n2)N([C@H]2CCC[C@@H]2C)C(=O)C32CC2)cc1,230.0,6.638272163982407,1,427.5300000000003
CNS(=O)(=O)c1ccc(Nc2ncc3c(n2)N(c2cc(F)ccc2Cl)C(=O)C32CC2)cc1,460.0,6.337242168318426,1,473.91700000000026
CNS(=O)(=O)c1ccc(Nc2nccc(-c3cnc(C)n3C)n2)cc1,3.0,8.522878745280337,1,358.4270000000001
CNS(=O)(=O)c1ccc(Nc2nccc(-c3cnc4ccccn34)n2)cc1,3.0,8.522878745280337,1,380.43300000000005
CNS(=O)(=O)c1ccc(Nc2nccc(-c3cnc4cccnn34)n2)cc1,3.0,8.522878745280337,1,381.42100000000005
CNS(=O)(=O)c1ccc2c(c1)/C(=C/c1[nH]cc3c1CCNC3=O)C(=O)N2,9.0,8.045757490560675,1,372.4060000000002
CNS(=O)(=O)c1ccc2c(c1)/C(=C/c1[nH]cc3c1CCOC3=O)C(=O)N2,4.0,8.397940008672037,1,373.3900000000002
CN[C@@H]1C[C@H]2O[C@@](C)([C@@H]1OC)n1c3ccccc3c3c4c(c5c6ccccc6n2c5c31)C(=O)NC4,1.652,8.781989957015636,1,466.5410000000003
CN[C@@H]1C[C@H]2O[C@@](C)([C@@H]1OC)n1c3ccccc3c3c4c(c5c6ccccc6n2c5c31)C(=O)N[C@H]4O,30.0,7.522878745280337,1,482.54000000000025
CN[C@H](C)C(=O)N1CCc2nc(Nc3ncc(F)c(-c4cc(F)c5nc(C)n(C6CC6)c5c4)n3)ccc2C1,661.0,6.179798540514359,1,518.5720000000002
CN[C@H]1CCN(C(=O)c2ccc(Nc3ncc(F)c(-c4cnc(C)n4C(C)C)n3)cc2)C1,2.0,8.698970004336019,1,437.52300000000025
CN[C@H]1CCN(C(=O)c2ccc(Nc3nccc(-c4cnc(C)n4C(C)C)n3)cc2)C1,2.0,8.698970004336019,1,419.5330000000002
CNc1ccc(-c2ccc3c(-c4nc5c(N6CCN(C)CC6)cccc5[nH]4)n[nH]c3c2)cc1,109000.0,3.962573502059376,0,437.5510000000001
CNc1nc(C(=O)/C=C/c2ccc(OC)cc2)c(C)s1,780.0,6.107905397309519,1,288.37199999999996
CNc1nc(Nc2cnc(C#N)c(O[C@@H]3CCCNC3)c2)ncc1-c1cnn(C)c1,10000.0,5.0,0,405.46600000000007
CNc1nc2c(nc(-c3ccccc3)n2C)c2c1ncn2C,23000.0,4.638272163982407,0,292.34600000000006
CNc1nc2oc(-c3ccccc3)nc2c2c1ncn2C,16000.0,4.795880017344075,0,279.303
CNc1nc2sc(-c3cccc(CNC(C)=O)c3)nc2c2c1ncn2C,31000.0,4.508638306165727,0,366.4500000000001
CNc1ncc2c(-c3ccc(N4CCNCC4)cc3)nn(CC3CCC(N)CC3)c2n1,114.0,6.943095148663527,1,420.5650000000002
CNc1nccc(-c2cccnc2Oc2ccc(NC(=O)c3ccccc3Nc3ccccc3)cc2)n1,1000.0,6.0,1,488.55100000000016
CNc1nccc(-n2ccc3ccc(C#N)cc32)n1,2700.0,5.568636235841013,0,249.277
COC(=N)c1nc2ccc3ncnc(Nc4ccc(Cl)cc4Cl)c3c2s1,88.8,7.051587034221399,1,404.28200000000015
COC(=O)C(=O)N1CCc2nc(Nc3ncc(F)c(-c4cc(F)c5nc(C)n(C(C)C)c5c4)n3)ccc2C1,10.4,7.982966660701219,1,521.5280000000002
COC(=O)C(C)N1CCN(c2ccc(Nc3ncc4cc(C(=O)N(C)C)n(C5CCCC5)c4n3)nc2)CC1,15000.0,4.823908740944319,0,520.6380000000004
COC(=O)CN1CCc2nc(Nc3ncc(F)c(-c4cc(F)c5nc(C)n(C(C)C)c5c4)n3)ccc2C1,38.2,7.4179366370882915,1,507.5450000000003
COC(=O)N1CCC(n2ncc3c(N4CCOCC4)nc(-c4ccc(N)cc4)nc32)CC1,50000.0,4.301029995663981,0,437.50400000000025
COC(=O)N1CCc2nc(Nc3ncc(F)c(-c4cc(F)c5nc(C)n(C(C)C)c5c4)n3)ccc2C1,38.2,7.4179366370882915,1,493.51800000000026
COC(=O)Nc1ccc(-c2nc(N3CCOCC3)c3cnn(C4CCN(C(=O)OC)CC4)c3n2)cc1,50000.0,4.301029995663981,0,495.54000000000025
COC(=O)[C@@]1(Cc2ccc(O)c(CC=C(C)C)c2)OC(=O)C(O)=C1c1ccc(O)cc1,1500.0,5.823908740944319,0,424.4490000000002
COC(=O)[C@H](Cc1ccc(F)cc1)NC(=O)c1cc(C(=O)O)c2cc(-c3cccc(C(F)(F)F)c3)ccc2n1,10000.0,5.0,0,540.4690000000002
COC(=O)[C@H](Cc1ccc(O)cc1)NC(=O)c1cc(C(=O)NS(C)(=O)=O)c2cc(-c3cccs3)ccc2n1,10000.0,5.0,0,553.6180000000002
COC(=O)[C@H](Cc1ccc(O)cc1)NC(=O)c1cc(C(=O)O)c2cc(-c3cc(Cl)cc(Cl)c3)ccc2n1,10000.0,5.0,0,539.3710000000002
COC(=O)[C@H](Cc1ccc(O)cc1)NC(=O)c1cc(C(=O)O)c2cc(-c3ccc(Cl)cc3)ccc2n1,10000.0,5.0,0,504.9260000000003
COC(=O)[C@H](Cc1ccc(O)cc1)NC(=O)c1cc(C(=O)O)c2cc(-c3cccc(C(F)(F)F)c3)ccc2n1,10000.0,5.0,0,538.4780000000002
COC(=O)[C@H](Cc1ccc(O)cc1)NC(=O)c1cc(C(=O)O)c2cc(-c3cccc(Cl)c3)ccc2n1,10000.0,5.0,0,504.9260000000003
COC(=O)[C@H](Cc1ccc(O)cc1)NC(=O)c1cc(C(=O)O)c2cc(-c3ccccc3)ccc2n1,10000.0,5.0,0,470.4810000000002
COC(=O)[C@H](Cc1ccc(O)cc1)NC(=O)c1cc(C(=O)O)c2cc(-c3ccccc3Cl)ccc2n1,10000.0,5.0,0,504.9260000000003
COC(=O)[C@H](Cc1ccc(O)cc1)NC(=O)c1cc(C(=O)O)c2cc(-c3cccs3)ccc2n1,10000.0,5.0,0,476.5100000000002
COC(=O)[C@H](Cc1ccc(O)cc1)NC(=O)c1cc(C(=O)O)c2cc(/C=C/c3ccc(Cl)cc3)ccc2n1,10000.0,5.0,0,530.9640000000002
COC(=O)[C@H](Cc1ccc(O)cc1)NC(=O)c1cc(C(=O)O)c2cc(CCc3ccc(Cl)cc3)ccc2n1,10000.0,5.0,0,532.9800000000002
COC(=O)[C@H](Cc1ccc(O)cc1)NC(=O)c1cc(C(=O)O)c2cc(N3CCOCC3)ccc2n1,10000.0,5.0,0,479.4890000000004
COC(=O)[C@H](Cc1ccc(O)cc1)NC(=O)c1cc(C(N)=O)c2cc(-c3cccs3)ccc2n1,10000.0,5.0,0,475.52600000000024
COC(=O)[C@H](Cc1ccc(O)cc1)NC(=O)c1cc(CO)c2cc(-c3cccc(C(F)(F)F)c3)ccc2n1,10000.0,5.0,0,524.4950000000002
COC(=O)[C@H](Cc1ccc(OC)cc1)NC(=O)c1cc(C(=O)O)c2cc(-c3cccc(C(F)(F)F)c3)ccc2n1,10000.0,5.0,0,552.5050000000001
COC(=O)[C@H](Cc1cccc(O)c1)NC(=O)c1cc(C(=O)O)c2cc(-c3cccc(C(F)(F)F)c3)ccc2n1,10000.0,5.0,0,538.4780000000002
COC(=O)c1ccc(NCCc2c[nH]c3ccccc23)c(C(=O)O)c1,10000.0,5.0,0,338.3630000000001
COC(=O)c1ccc2c(c1)/C(=C/Nc1ccc(S(N)(=O)=O)cc1)C(=O)N2,2.1,8.67778070526608,1,373.3900000000001
COC(=O)c1ccc2c(c1)NC(=O)/C2=C(\Nc1ccc(-n2c(C)ccc2CN2CCN(C)CC2)cc1)c1ccccc1,1000.0,6.0,1,561.6860000000005
COC(=O)c1ccc2c(c1)NC(=O)/C2=C(\Nc1ccc(N(C)C(=O)CN2CCN(C)CC2)cc1)c1ccccc1,5500.0,5.259637310505756,0,539.6360000000004
COC1=C[C@@H]2[C@@H]3Cc4ccc(OC)c(O)c4[C@]2(CCN3C)CC1=O,50000.0,4.301029995663981,0,329.39600000000013
COC1=C[C@]23CCN(C)[C@H](Cc4ccc(OC)c(O)c42)C3=CC1=O,50000.0,4.301029995663981,0,327.3800000000001
COC1CCN(C(=O)c2ccc(Nc3cc4[nH]c(C(=O)N(C)C)cc4cn3)c(Cl)c2)CC1,9400.0,5.026872146400302,0,455.94600000000025
COC1CCN(c2nccc(Nc3cc(NC(=O)c4c(Cl)cccc4Cl)ccn3)n2)CC1,503.0,6.298432014944073,1,473.36400000000026
COC1CCN(c2nccc(Nc3cc4[nH]c(-c5cn[nH]c5)cc4cn3)n2)CC1,5.0,8.301029995663981,1,390.45100000000014
COC1CCN(c2nccc(Nc3cc4[nH]c(-c5cn[nH]c5)nc4cn3)n2)CC1,90.0,7.045757490560675,1,391.43900000000014
COC1CCN(c2nccc(Nc3cc4c(C(C)C)n[nH]c4cn3)n2)CC1,476.0,6.3223930472795065,1,367.4570000000001
COC1CCN(c2nccc(Nc3cc4c(ccn4C(C)C)cn3)n2)CC1,80.0,7.096910013008056,1,366.46900000000016
COC1CCN(c2nccc(Nc3cc4c(ccn4C4CCCC4)cn3)n2)CC1,93.0,7.031517051446065,1,392.5070000000003
COC1CCN(c2nccc(Nc3cc4c(cn3)c(N)nn4C(C)C)n2)CC1,530.0,6.275724130399211,1,382.4720000000002
COC1CCN(c2nccc(Nc3cc4c(cn3)cc(-c3cn[nH]c3)n4C(C)C)n2)CC1,10.0,8.0,1,432.5320000000002
COC1CCN(c2nccc(Nc3cc4c(cn3)ncn4C(C)C)n2)CC1,2220.0,5.653647025549361,0,367.45700000000016
COCC(=O)N1CCc2nc(Nc3ncc(F)c(-c4cc(F)c5nc(C)n(C(C)C)c5c4)n3)ccc2C1,28.7,7.542118103266008,1,507.5450000000003
COCC(=O)NC/C=C/c1ccc2ncnc(Nc3ccc(Oc4ccc(C)nc4)c(C)c3)c2c1,10000.0,5.0,0,469.54500000000024
COCCCNS(=O)(=O)c1ccc(Nc2nccc(-c3cnc4ccccn34)n2)cc1,4.0,8.397940008672037,1,438.51300000000015
COCCN(C)S(=O)(=O)c1ccc(Nc2nccc(-c3cnc(C)n3C)n2)cc1,400.0,6.3979400086720375,1,416.5070000000002
COCCN(C)S(=O)(=O)c1ccc(Nc2nccc(-c3cnc(C)n3C3CC3)n2)cc1,83.0,7.080921907623926,1,442.54500000000024
COCCN1CCN(Cc2ccc(-c3n[nH]c4c3C(=O)c3c(NC(=O)NN5CCOCC5)cccc3-4)cc2)CC1,3.0,8.522878745280337,1,545.6440000000002
COCCN1CCN(Cc2ccc(Nc3ncc4cc(C(=O)N(C)C)n(C5CCCC5)c4n3)nc2)CC1,15000.0,4.823908740944319,0,506.6550000000004
COCCN1CCN(c2ccc(Nc3ncc4cc(C(=O)N(C)C)n(C5CCCC5)c4n3)nc2)CC1,15000.0,4.823908740944319,0,492.62800000000044
COCCN1CCc2nc(Nc3ncc(F)c(-c4cc(F)c5nc(C)n(C(C)C)c5c4)n3)ccc2C1,21.5,7.667561540084395,1,493.56200000000024
COCCNC(=O)c1cc(-c2cnc3[nH]c(-c4ccc(OC)cc4)nc3c2)cs1,30000.0,4.522878745280337,0,408.4830000000001
COCCNS(=O)(=O)c1ccc(Nc2ncc(Br)c(-c3cnc4ccccn34)n2)cc1,3.0,8.522878745280337,1,503.3820000000001
COCCNS(=O)(=O)c1ccc(Nc2ncc(Cl)c(-c3cnc4ccccn34)n2)cc1,3.0,8.522878745280337,1,458.93100000000015
COCCNS(=O)(=O)c1ccc(Nc2ncc(Sc3ccccc3)c(-c3cnc4ccccn34)n2)cc1,10000.0,5.0,0,532.6510000000002
COCCNS(=O)(=O)c1ccc(Nc2nccc(-c3c(C)nc(C)n3C)n2)cc1,68.0,7.167491087293763,1,416.5070000000002
COCCNS(=O)(=O)c1ccc(Nc2nccc(-c3cnc(C)n3C(C)C)n2)cc1,2.0,8.698970004336019,1,430.53400000000016
COCCNS(=O)(=O)c1ccc(Nc2nccc(-c3cnc(C)n3C)n2)cc1,8.0,8.096910013008056,1,402.48000000000013
COCCNS(=O)(=O)c1ccc(Nc2nccc(-c3cnc(C)n3C3CCCC3)n2)cc1,3.0,8.522878745280337,1,456.5720000000003
COCCNS(=O)(=O)c1ccc(Nc2nccc(-c3cnc(C)n3CC(C)C)n2)cc1,15.0,7.823908740944319,1,444.5610000000002
COCCNS(=O)(=O)c1ccc(Nc2nccc(-c3cnc4ccc(Br)cn34)n2)cc1,3.0,8.522878745280337,1,503.3820000000001
COCCNS(=O)(=O)c1ccc(Nc2nccc(-c3cnc4ccc(C#N)cn34)n2)cc1,3.0,8.522878745280337,1,449.49600000000015
COCCNS(=O)(=O)c1ccc(Nc2nccc(-c3cnc4ccc(Sc5ccccc5)cn34)n2)cc1,16.0,7.795880017344075,1,532.6510000000002
COCCNS(=O)(=O)c1ccc(Nc2nccc(-c3cnc4ccccn34)n2)cc1,12.0,7.920818753952375,1,424.4860000000001
COCCOC(=O)N=S(C)(=O)Cc1cc(F)cc(Nc2ncc(F)c(-c3ccc(F)cc3OC)n2)c1,330.0,6.481486060122113,1,524.5210000000002
COCCOCC(=O)NS(=O)(=O)c1ccc(Nc2nc(N)n(C(=O)c3c(F)cccc3F)n2)cc1,247.0,6.607303046740334,1,510.4790000000002
COCCOCCOCCOCCN(C)S(=O)(=O)c1ccc(N/C=C2\C(=O)Nc3ccc4ncsc4c32)cc1,1.0,9.0,1,576.6970000000001
COCCOCCOCCOCCNS(=O)(=O)c1ccc(N/C=C2\C(=O)Nc3ccc4ncsc4c32)cc1,4.5,8.346787486224656,1,562.6700000000001
COCCOc1ccc(CN/C=C2\C(=O)NC(=O)c3ccc(Br)cc32)cc1O,50000.0,4.301029995663981,0,447.2850000000001
COCCOc1ccc(Nc2c(C)c(N[C@H]3CCCNC3)nc3ccnn23)cc1,22000.0,4.657577319177793,0,396.49500000000006
COCCOc1ccc2cc1CN(C)C/C=C/COCc1ccc(o1)-c1ccnc(n1)N2,8600.0,5.0655015487564325,0,436.51200000000017
COCCOc1ccc2cc1CN(C)C/C=C/COCc1ccc(s1)-c1ccnc(n1)N2,330.0,6.481486060122113,1,452.58000000000015
COCCS(=O)(=O)N1CCN(c2ccc(Nc3nccc(-c4cnc(C)n4C(C)C)n3)cc2)CC1,3.0,8.522878745280337,1,499.6410000000003
COCCS(=O)(=O)c1ccc(Nc2nccc(-c3cnc(C)n3C(C)C)n2)cc1,14.0,7.853871964321762,1,415.5190000000002
COCCn1cc(NC(=O)c2csc(-c3nncn3C(C)C)n2)cn1,1000.0,6.0,1,361.43100000000004
COC[C@@H](C)N[C@H]1CC[C@H](Nc2cc(-c3cccc(NCC4(C#N)CCOCC4)n3)c(Cl)cn2)CC1,5353.0,5.271402756616569,0,513.0860000000004
COC[C@@H](C)Oc1nc(Nc2ccc(S(C)(=O)=O)cc2)ncc1C(F)(F)F,12.0,7.920818753952375,1,405.3980000000001
COC[C@@H](Nc1nc(Nc2ccc(S(C)(=N)=O)cc2)ncc1Br)[C@@H](C)O,4.0,8.397940008672037,1,444.3550000000001
COC[C@H](C)N[C@H]1CC[C@H](Nc2cc(-c3cccc(NCC4(C#N)CCOCC4)n3)c(Cl)cn2)CC1,1000.0,6.0,1,513.0860000000004
COC[C@H](Cc1ccc(O)cc1)NC(=O)c1cc(C(=O)O)c2cc(-c3cccc(C(F)(F)F)c3)ccc2n1,10000.0,5.0,0,524.4950000000002
COC[C@H](Cc1ccc(O)cc1)NC(=O)c1cc(C(=O)O)c2cc(/C=C/c3ccc(Cl)cc3)ccc2n1,10000.0,5.0,0,516.9810000000002
COC[C@H](Nc1nc(Nc2ccc(S(C)(=N)=O)cc2)ncc1Br)[C@H](C)O,6.0,8.221848749616356,1,444.3550000000001
COCc1cc(C(=O)Nc2cc([C@H]3CC[C@@H](OC(=O)N(C)C(C)C)C3)[nH]n2)n(C)n1,100.0,7.0,1,418.4980000000001
COCc1cc(C(=O)Nc2cc([C@H]3CC[C@@H](OC(=O)NC(C)C)C3)[nH]n2)n(C)n1,1.1,8.958607314841775,1,404.47100000000006
COCc1cccc2c(C3=C(c4coc5ccccc45)C(=O)NC3=O)cn(C)c12,3985.0,5.399571674267869,0,386.40700000000015
COCc1ccccc1-c1c[nH]c(=O)c2cc(-c3ccncc3)sc12,5011.87,5.300000202445418,0,348.427
CONC(=O)c1cc(Nc2ncnn3cc(-c4nnc(C(F)(F)S(C)(=O)=O)o4)c(C(C)C)c23)c(F)cc1F,50000.0,4.301029995663981,0,557.4860000000003
CONC(=O)c1cc(Nc2ncnn3cc(-c4nnc(C(F)F)o4)c(C(C)C)c23)c(F)cc1F,50000.0,4.301029995663981,0,479.3940000000002
CONC(=O)c1cc(Nc2ncnn3cc(-c4nnc(C)o4)c(C(C)C)c23)c(F)cc1F,50000.0,4.301029995663981,0,443.4140000000002
CONC(=O)c1cc(Nc2ncnn3cc(NC(=O)OCC4CCCO4)c(C(C)C)c23)c(F)cc1F,50000.0,4.301029995663981,0,504.49400000000037
CONC(=O)c1cc(Nc2ncnn3cc(NC(=O)OCCCS(C)(=O)=O)c(C(C)C)c23)c(F)cc1F,50000.0,4.301029995663981,0,540.5490000000004
CO[C@@H](C(=O)N1Cc2[nH]nc(NC(=O)c3ccc(N4CCN(C)CC4)cc3)c2C1)c1ccccc1,462.0,6.335358024443875,1,474.56500000000034
CO[C@@H](C(=O)Nc1cc(C2CC2)[nH]n1)c1ccccc1,10000.0,5.0,0,271.32
CO[C@@]1(C)[C@H](O)C(=O)C(C)=C2OC(=O)c3c(C)cc(O)c(C)c3O[C@@H]21,922.5,6.035033625168902,1,348.35100000000006
CO[C@H](C(=O)Nc1cc(C2CC2)[nH]n1)c1ccccc1,1999.9299999999998,5.698985204908897,0,271.32
COc1c(O)cc(O)c2c(=O)cc(-c3ccccc3)oc12,1460.0,5.835647144215563,0,284.267
COc1c(O)cc2c3c(cc4ccc(O)cc4c13)NC2=O,140.0,6.853871964321762,1,281.26700000000005
COc1c(O)ccc2c1cc([N+](=O)[O-])c1c(C(=O)O)cc3c(c12)OCO3,25000.0,4.6020599913279625,0,357.2740000000001
COc1c(O)ccc2c1cc1c3c(cc4c(c32)OCO4)C(=O)N1,2900.0,5.5376020021010435,0,309.277
COc1cc(-c2ccc3c(-c4nc5c(N6CCN(C)CC6)cccc5[nH]4)n[nH]c3c2)ccc1N,247.0,6.607303046740334,1,453.5500000000001
COc1cc(-c2ccc3c(-c4nc5c(N6CCN(C)CC6)cccc5[nH]4)n[nH]c3c2)ccc1O,4.1,8.387216143280265,1,454.5340000000001
COc1cc(-c2ccc[nH]2)c2c3c(ccc(F)c13)NC2=O,18.0,7.7447274948966935,1,282.274
COc1cc(-c2nc(Nc3cccc(NC(=O)N4CCCC4)c3)nc3[nH]cnc23)ccc1N,10000.0,5.0,0,444.49900000000025
COc1cc(/C=C2\Oc3cc4occc4c(OC)c3C2=O)ccc1OCC(=O)Nc1ccccc1,1110.0,5.954677021213342,0,471.4650000000002
COc1cc(C(=O)N2CCCC2)ccc1-c1ccnc2[nH]c(-c3ccc(CN4CCOCC4)cc3)nc12,3100.0,5.508638306165727,0,497.59900000000033
COc1cc(C(=O)N2CCCC2)ccc1-c1ccnc2[nH]c(C3CCNCC3)cc12,20500.0,4.688246138944246,0,404.5140000000002
COc1cc(C(=O)Nc2ccc(NC(=O)C3CCCCN3)cc2)cc(-c2c[nH]c(=O)[nH]c2=O)c1,30000.0,4.522878745280337,0,463.4940000000002
COc1cc(C(=O)Nc2ccc(NC(=O)c3ccccc3)cc2)c(N)cc1O,30000.0,4.522878745280337,0,377.4000000000001
COc1cc(C(=O)Nc2ccc(NC(=O)c3ccccc3)cc2)ccc1O,30000.0,4.522878745280337,0,362.38500000000005
COc1cc(C(=O)Nc2ccc(NC(=O)c3ccccc3)cc2)ccc1OCC(=O)O,30000.0,4.522878745280337,0,420.42100000000016
COc1cc(C(=O)Nc2ccc(NC(=O)c3ccccn3)cc2)cc(-c2c[nH]c(=O)[nH]c2=O)c1,30000.0,4.522878745280337,0,457.44600000000014
COc1cc(C(=O)Nc2ccc(NC(=O)c3ccccn3)cc2)cc(N2CCC(=O)NC2=O)c1,30000.0,4.522878745280337,0,459.4620000000002
COc1cc(C(=O)Nc2ccc(NC(=O)c3ccccn3)cc2)ccc1O,30000.0,4.522878745280337,0,363.37300000000005
COc1cc(C)c(Sc2cnc(NC(=O)c3ccc(CNC(C)C(C)(C)C)cc3)s2)cc1C(=O)N1CCN(C(C)=O)CC1,29000.0,4.5376020021010435,0,623.8449999999999
COc1cc(C2=C(c3c[nH]c4ccccc34)C(=O)NC2=O)cc(OC)c1OC,6900.0,5.161150909262744,0,378.3840000000002
COc1cc(C2=C(c3cn(C)c4ccccc34)C(=O)NC2)cc(OC)c1OC,42000.0,4.376750709602099,0,378.42800000000017
COc1cc(C2=C(c3cn(COC(C)(C)C)c4ccccc34)CNC2=O)cc(OC)c1OC,23000.0,4.638272163982407,0,450.5350000000002
COc1cc(C2=C(c3cn(COc4ccccc4)c4ccccc34)CNC2=O)cc(OC)c1OC,20000.0,4.698970004336019,0,470.52500000000026
COc1cc(CC(=O)Nc2cc([C@H]3CC[C@@H](OC(=O)NC(C)C)C3)[nH]n2)ccn1,100.0,7.0,1,401.4670000000001
COc1cc(CN/C=C2\C(=O)NC(=O)c3ccc(Br)cc32)cc(O)c1OC,50000.0,4.301029995663981,0,433.2580000000001
COc1cc(CN/C=C2\C(=O)NC(=O)c3ccc(Br)cc32)ccn1,6100.0,5.214670164989233,0,388.221
COc1cc(CNC(=O)c2ncoc2-c2ccc(OC)c(Cl)c2)ccn1,630.96,6.199998172182031,1,373.7960000000001
COc1cc(CS(C)(=N)=O)cc(Nc2ncc(F)c(-c3ccc(F)cc3OC)n2)c1,183.33333333333334,6.7367585652254185,1,434.4680000000002
COc1cc(CS(C)(=O)=NC#N)cc(Nc2ncc(F)c(-c3ccc(F)cc3OC)n2)c1,130.0,6.886056647693163,1,459.4780000000002
COc1cc(F)c(C(=O)c2c(N)nc3ccc(C(=O)c4c(F)cccc4F)cn23)c(F)c1,91.0,7.040958607678906,1,443.3560000000001
COc1cc(F)c(C(=S)c2c(N)nc3ccc(C(=O)c4c(F)cccc4F)cn23)c(F)c1,29.0,7.5376020021010435,1,459.42400000000015
COc1cc(F)ccc1-c1c[nH]c(=O)c2cc(-c3ccncc3)sc12,5011.87,5.300000202445418,0,352.39000000000004
COc1cc(F)ccc1-c1cc(NC(=O)[C@H]2CCC[C@@H](NC(C)=O)C2)ncc1Cl,2460.0,5.609064892896621,0,419.8840000000001
COc1cc(F)ccc1-c1cc(Nc2ccc(NC(=O)CCCCCCC(=O)NO)cc2)ncc1F,9631.0,5.016328617139804,0,498.53000000000037
COc1cc(F)ccc1-c1cc(Nc2ccc(NC(=O)CCCCCCC(=O)Nc3ccccc3N)cc2)ncc1F,10000.0,5.0,0,573.6440000000005
COc1cc(F)ccc1-c1cc(Nc2cnn(CCCCCC(=O)NO)c2)ncc1F,8853.0,5.052909535780378,0,431.4430000000002
COc1cc(F)ccc1-c1cc(Nc2cnn(CCCCCCC(=O)NO)c2)ncc1F,6488.0,5.1878891587969,0,445.47000000000025
COc1cc(F)ccc1-c1ccc2c(-c3nc4c(N5CCN(C)CC5)cccc4[nH]3)n[nH]c2c1,10000.0,5.0,0,456.5250000000002
COc1cc(F)ccc1-c1ccnc(NC(=O)C2CCC(NC(C)=O)C2)c1,913.0,6.039529222465701,1,371.4120000000002
COc1cc(F)ccc1-c1ccnc(NC(=O)[C@H]2CCC[C@@H](NC(C)=O)C2)c1,1314.0,5.881404634776238,0,385.43900000000025
COc1cc(F)ccc1-c1ccnc2[nH]c(-c3ccc(CN4CCOCC4)cc3)cc12,240.0,6.619788758288394,1,417.4840000000003
COc1cc(F)ccc1-c1ccnc2[nH]c(-c3ccc(CN4CCOCC4)cc3)nc12,1100.0,5.958607314841775,0,418.4720000000003
COc1cc(F)ccc1-c1ccnc2[nH]c(C3CCC(NC(C)=O)C3)nc12,8100.0,5.0915149811213505,0,368.41200000000015
COc1cc(F)ccc1-c1ccnc2[nH]c(C3CCNCC3)cc12,7800.0,5.107905397309519,0,325.3870000000001
COc1cc(F)ccc1-c1ccnc2[nH]c(C3CCNCC3)nc12,30000.0,4.522878745280337,0,326.3750000000001
COc1cc(F)ccc1-c1nc(Nc2cc(Br)cc(CS(C)(=N)=O)c2)ncc1F,105.33333333333333,6.977434172101258,1,483.33800000000014
COc1cc(F)ccc1-c1nc(Nc2cc(Br)cc(CS(C)(=O)=NC#N)c2)ncc1F,120.0,6.920818753952375,1,508.3480000000002
COc1cc(F)ccc1-c1nc(Nc2cc(C)cc(CS(C)(=O)=NC#N)c2)ncc1F,220.0,6.657577319177793,1,443.47900000000016
COc1cc(F)ccc1-c1nc(Nc2cc(CS(C)(=N)=O)cc(C(F)(F)C(F)(F)F)c2)ncc1F,230.0,6.638272163982407,1,522.4460000000001
COc1cc(F)ccc1-c1nc(Nc2cc(CS(C)(=N)=O)cc(C(F)(F)F)c2)ncc1F,180.0,6.7447274948966935,1,472.4390000000001
COc1cc(F)ccc1-c1nc(Nc2cc(CS(C)(=O)=NC#N)cc(C(F)(F)C(F)(F)F)c2)ncc1F,630.0,6.200659450546418,1,547.4560000000001
COc1cc(F)ccc1-c1nc(Nc2cc(CS(C)(=O)=NC#N)cc(C(F)(F)F)c2)ncc1F,200.0,6.698970004336019,1,497.4490000000001
COc1cc(F)ccc1-c1nc(Nc2cc(Cl)cc(CS(C)(=N)=O)c2)ncc1F,180.0,6.7447274948966935,1,438.8870000000001
COc1cc(F)ccc1-c1nc(Nc2cc(Cl)cc(CS(C)(=O)=NC#N)c2)ncc1F,160.0,6.795880017344075,1,463.89700000000016
COc1cc(F)ccc1-c1nc(Nc2cc(F)c(F)c(CS(C)(=N)=O)c2)ncc1F,186.66666666666666,6.728933227713462,1,440.42200000000014
COc1cc(F)ccc1-c1nc(Nc2cc(F)c(F)c(CS(C)(=O)=NC#N)c2)ncc1F,73.0,7.136677139879544,1,465.4320000000002
COc1cc(F)ccc1-c1nc(Nc2cc(F)cc(CS(=N)(=O)C3CC3)c2)ncc1F,456.6666666666667,6.340400687563256,1,448.4700000000002
COc1cc(F)ccc1-c1nc(Nc2cc(F)cc(CS(=O)(=NC#N)C3CC3)c2)ncc1F,250.0,6.6020599913279625,1,473.48000000000025
COc1cc(F)ccc1-c1nc(Nc2cc(F)cc(CS(C)(=N)=O)c2)ncc1F,283.3333333333333,6.54770232900537,1,422.43200000000013
COc1cc(F)ccc1-c1nc(Nc2cccc(CS(=N)(=O)C3CC3)c2)ncc1F,410.0,6.3872161432802645,1,430.48000000000013
COc1cc(F)ccc1-c1nc(Nc2cccc(CS(=O)(=NC#N)C3CC3)c2)ncc1F,220.0,6.657577319177793,1,455.4900000000002
COc1cc(F)ccc1-c1nc(Nc2cccc(CS(C)(=N)=O)c2)ncc1F,703.3333333333334,6.1528387994219695,1,404.44200000000006
COc1cc(F)ccc1-c1nc(Nc2cccc(CS(C)(=O)=NC#N)c2)ncc1F,380.0,6.42021640338319,1,429.4520000000001
COc1cc(F)ccc1-c1nc2c(NCCCNC(=O)C3CCC3)c(Br)cnc2[nH]1,2020.0,5.694648630553377,0,476.3500000000002
COc1cc(F)ccc1-c1ncnc(Nc2cccc(C[S@](C)(=N)=O)c2)n1,735.0,6.133712660915805,1,387.4400000000001
COc1cc(N)ccc1-c1ccc2c(-c3nc4c(N5CCN(C)CC5)cccc4[nH]3)n[nH]c2c1,10000.0,5.0,0,453.55000000000024
COc1cc(N2CCN(C(C)=O)CC2)ccc1Nc1cc(-c2c[nH]c3cnccc23)ncn1,14060.0,4.852014679316195,0,443.51100000000014
COc1cc(N2CCN(C(C)=O)CC2)ccc1Nc1cc(-c2cn(C)c3cnccc23)ncn1,14789.0,4.830061191058185,0,457.5380000000002
COc1cc(N2CCN(C(C)=O)CC2)ccc1Nc1ncc(Br)c(-c2cnc3ccccn23)n1,1100.0,5.958607314841775,0,522.4070000000002
COc1cc(N2CCN(C(C)=O)CC2)ccc1Nc1ncc(C#N)c(-c2cnc3ccccn23)n1,27000.0,4.568636235841013,0,468.5210000000002
COc1cc(N2CCN(C(C)=O)CC2)ccc1Nc1ncc(C(F)(F)F)c(-c2cnc3ccccn23)n1,16000.0,4.795880017344075,0,511.50800000000015
COc1cc(N2CCN(C(C)=O)CC2)ccc1Nc1ncc(C)c(-c2cnc3ccccn23)n1,10000.0,5.0,0,457.5380000000002
COc1cc(N2CCN(C(C)=O)CC2)ccc1Nc1ncc(Cl)c(-c2cnc3ccccn23)n1,1100.0,5.958607314841775,0,477.95600000000013
COc1cc(N2CCN(C(C)=O)CC2)ccc1Nc1ncc(Cl)c(-c2cnn3ccccc23)n1,1030.0,5.987162775294828,0,477.95600000000013
COc1cc(N2CCN(C(C)=O)CC2)ccc1Nc1ncc(F)c(-c2cnc3ccccn23)n1,2700.0,5.568636235841013,0,461.50100000000015
COc1cc(N2CCN(C(C)=O)CC2)ccc1Nc1ncc(OC)c(-c2cnc3ccccn23)n1,53000.0,4.275724130399211,0,473.5370000000002
COc1cc(N2CCN(C(C)=O)CC2)ccc1Nc1nccc(-c2c[nH]c3cnccc23)n1,1995.0,5.700057099977233,0,443.51100000000014
COc1cc(N2CCN(C(C)=O)CC2)ccc1Nc1nccc(-c2cnc3ccccn23)n1,100000.0,4.0,0,443.51100000000014
COc1cc(N2CCN(C)CC2)ccc1Nc1cc(-c2c[nH]c3cnccc23)ncn1,12295.0,4.910271466925264,0,415.50100000000015
COc1cc(N2CCN(C)CC2)ccc1Nc1nccc(-c2c[nH]c3c(C)nccc23)n1,17368.0,4.760250189553636,0,429.5280000000002
COc1cc(N2CCN(C)CC2)ccc1Nc1nccc(-c2c[nH]c3cnc(C)cc23)n1,10476.0,4.979804510246805,0,429.5280000000002
COc1cc(N2CCN(C)CC2)ccc1Nc1nccc(-c2c[nH]c3cnccc23)n1,1819.0,5.740167300936516,0,415.50100000000015
COc1cc(N2CCN(C)CC2)ccc1Nc1nccc(-c2cn(C)c3c(C)nccc23)n1,13713.0,4.862867523991007,0,443.55500000000023
COc1cc(N2CCN(C)CC2)ccc1Nc1nccc(-c2cn(C)c3cnccc23)n1,4473.0,5.349401101827343,0,429.5280000000002
COc1cc(NCCc2c[nH]c3ccccc23)c(C(=O)O)cc1[N+](=O)[O-],4600.0,5.337242168318426,0,355.35000000000014
COc1cc(Nc2ncc(Br)c(N[C@H](C)C(C)(C)O)n2)ccc1S(C)(=N)=O,4.0,8.397940008672037,1,458.3820000000002
COc1cc(Nc2ncc(Br)c(N[C@H](C)[C@@H](C)O)n2)ccc1S(C)(=N)=O,4.0,8.397940008672037,1,444.35500000000013
COc1cc(Nc2ncc(Br)c(N[C@H](C)[C@H](C)O)n2)ccc1S(C)(=N)=O,3.5,8.455931955649724,1,444.35500000000013
COc1cc(Nc2ncc(Br)c(O[C@H](C)[C@H](C)O)n2)ccc1S(C)(=N)=O,8.0,8.096910013008056,1,445.3390000000001
COc1cc(Nc2ncc3c(C)nc(-c4ccccc4)n3n2)cc(OC)c1OC,230.0,6.638272163982407,1,391.43100000000015
COc1cc(Nc2nccc(-c3ccc(Cl)cc3)n2)cc(OC)c1OC,18782.0,4.726258163788953,0,371.8240000000002
COc1cc(Nc2nccc(-c3cnn4ncccc34)n2)cc(OC)c1,15.85,7.79997073344623,1,348.36600000000016
COc1cc(Nc2nccc(Nc3cnc4ccccc4c3)n2)cc(OC)c1OC,711.0,6.148130399270234,1,403.44200000000023
COc1cc(O)c2c(=O)cc(-c3ccc(N4CCN(C)CC4)cc3)oc2c1N1CCNCC1,1180.0,5.928117992693875,0,450.5390000000003
COc1cc(O)c2c(c1)CCC[C@H](O)CC(=O)/C=C\C[C@H](C)OC2=O,10000.0,5.0,0,348.3950000000001
COc1cc(O)c2c(c1)CCC[C@H](O)[C@H](O)C(=O)/C=C\C[C@H](C)OC2=O,10000.0,5.0,0,364.3940000000001
COc1cc(O)cc2c1cc([N+](=O)[O-])c1c(C(=O)O)cc3c(c12)OCO3,25000.0,4.6020599913279625,0,357.2740000000001
COc1cc(O)cc2c1cc1c3c(cc4c(c32)OCO4)C(=O)N1,35000.0,4.455931955649724,0,309.277
COc1cc(O)ccc1-c1ccc2c(-c3nc4c(N5CCN(C)CC5)cccc4[nH]3)n[nH]c2c1,102.0,6.991399828238082,1,454.5340000000002
COc1cc(OC)c2cc([N+](=O)[O-])c3c(C(=O)O)cc4c(c3c2c1)OCO4,20000.0,4.698970004336019,0,371.30100000000016
COc1cc(OC)c2cc3c4c(cc5c(c4c2c1)OCO5)C(=O)N3,15000.0,4.823908740944319,0,323.30400000000003
COc1cc2c(Nc3ccc(Br)cc3F)ncnc2cc1OCC1CCN(C)CC1,20000.0,4.698970004336019,0,475.36200000000036
COc1cc2c(Nc3ccc(Br)cc3F)ncnc2cc1OCCn1ccnn1,10000.0,5.0,0,459.2790000000002
COc1cc2c(Nc3ccc(NC(=O)c4ccccc4)cc3)nc(C)nc2cc1O,30000.0,4.522878745280337,0,400.43800000000016
COc1cc2c(Nc3ccc(NC(=O)c4ccccc4)cc3)nc(N)nc2cc1O,30000.0,4.522878745280337,0,401.42600000000016
COc1cc2c(Nc3ccc(NC(=O)c4ccccc4)cc3)nc(NCCc3ccccn3)nc2cc1O,30000.0,4.522878745280337,0,506.56600000000026
COc1cc2c(Nc3ccc(NC(=O)c4ccccc4)cc3)ncnc2cc1O,30000.0,4.522878745280337,0,386.4110000000001
COc1cc2c(Nc3ccc(NC(=O)c4ccccc4)cc3)ncnc2cc1OCC(=O)O,30000.0,4.522878745280337,0,444.44700000000023
COc1cc2c(Nc3ccc(NC(=O)c4ccccc4)cc3)ncnc2cc1OCC(N)=O,30000.0,4.522878745280337,0,443.46300000000025
COc1cc2c(Nc3ccc(NC(=O)c4ccccc4)cc3)ncnc2cc1OCCCN1CCOCC1,10000.0,5.0,0,513.5980000000004
COc1cc2c(Nc3ccc(NC(=O)c4ccccc4)cc3)ncnc2cc1OCCO,30000.0,4.522878745280337,0,430.4640000000002
COc1cc2c(Nc3ncc(CC(=O)Nc4cccc(F)c4)s3)ncnc2cc1OCCCN1CCC(CO)CC1,62000.0,4.207608310501746,0,580.6860000000003
COc1cc2c(cc1Cl)C(c1ccc(Cl)c(Cl)c1)=NCC2,10000.0,5.0,0,340.6370000000001
COc1cc2c(cc1Cl)C(c1cccc(Cl)c1)=NCC2,10000.0,5.0,0,306.19200000000006
COc1cc2c(cc1F)C(c1ccccc1Cl)=Nc1c(n[nH]c1C)N2,1330.0,5.876148359032914,0,356.78800000000007
COc1cc2c(cc1OC)-c1c3c(cc4c1[C@H](C2)N(C)CC4)OCO3,50000.0,4.301029995663981,0,339.39100000000013
COc1cc2c(cc1OC)-c1n[nH]c(Nc3cccc(F)c3)c1C2,10000.0,5.0,0,325.3430000000001
COc1cc2c3c(c1O)-c1c(ccc(OC)c1OC)C[C@@H]3N(C)CC2,50000.0,4.301029995663981,0,341.4070000000001
COc1cc2ncccc2cc1NC(=O)c1csc2cncnc12,50000.0,4.301029995663981,0,336.37600000000003
COc1cc2ncn(-c3cc(OCc4ccccc4C(F)(F)F)c(C(N)=O)s3)c2cc1OC,7600.0,5.119186407719209,0,477.46400000000017
COc1cc2ncn(-c3cc(OCc4ccccc4S(C)(=O)=O)c(C#N)s3)c2cc1OC,30000.0,4.522878745280337,0,469.5440000000002
COc1cc2ncn(-c3cc(O[C@H](C)c4ccccc4Cl)c(C(N)=O)s3)c2cc1OC,1584.89,5.800000874803203,0,457.93900000000025
COc1cc2ncnc(Nc3cccc(Br)c3)c2cc1OC,250000.0,3.6020599913279625,0,360.2110000000001
COc1cc2ncnc(Nc3cccc(O)c3)c2cc1OC,1000.0,6.0,1,297.3140000000001
COc1cc[nH]c1/C=C1\C(=O)Nc2ccc(F)c(C#C[C@@H](O)[C@@H](N)[C@@H](C)O)c21,3.0,8.522878745280337,1,385.3950000000001
COc1cc[nH]c1/C=C1\C(=O)Nc2ccc(F)c(C#C[C@@H]3CCCN3)c21,2.0,8.698970004336019,1,351.38100000000014
COc1cc[nH]c1/C=C1\C(=O)Nc2ccc([N+](=O)[O-])cc21,39000.0,4.4089353929735005,0,285.259
COc1ccc(-c2[nH]nc3c2C(=O)c2c(NC(=O)CN4CCN(C(=N)N)CC4)cccc2-3)cc1,13.0,7.886056647693163,1,459.5100000000002
COc1ccc(-c2[nH]nc3c2C(=O)c2c(NC(=O)NNC(=O)c4ccc(O)cc4)cccc2-3)cc1,9.0,8.045757490560675,1,469.45700000000016
COc1ccc(-c2cc(Nc3ccc(S(N)(=O)=O)cc3)[nH]n2)cc1F,407.0,6.39040559077478,1,362.386
COc1ccc(-c2cc3c(NC(=O)C(C)C)ncnc3o2)cc1,21000.0,4.6777807052660805,0,311.34100000000007
COc1ccc(-c2cc3c(NC(=O)C4CC4)ncnc3o2)cc1,20000.0,4.698970004336019,0,309.32500000000005
COc1ccc(-c2cc3c(NC(=O)C4CCCC4)ncnc3o2)cc1,19000.0,4.721246399047171,0,337.379
COc1ccc(-c2cc3c(NC(=O)C4CCCCC4)ncnc3o2)cc1,20000.0,4.698970004336019,0,351.406
COc1ccc(-c2cc3c(NC(=O)CC4CCCC4)ncnc3o2)cc1,19000.0,4.721246399047171,0,351.406
COc1ccc(-c2cc3c(NC(=O)CCSC)ncnc3o2)cc1,20000.0,4.698970004336019,0,343.408
COc1ccc(-c2cc3c(NC(=O)N4CCCC4)ncnc3o2)cc1,21000.0,4.6777807052660805,0,338.367
COc1ccc(-c2cc3c(NC(=O)N4CCOCC4)ncnc3o2)cc1,20000.0,4.698970004336019,0,354.36600000000004
COc1ccc(-c2cc3c(NC(=O)c4cccc(F)c4)ncnc3o2)cc1,21000.0,4.6777807052660805,0,363.34800000000007
COc1ccc(-c2cc3c(NC(=O)c4ccco4)ncnc3o2)cc1,20000.0,4.698970004336019,0,335.3190000000001
COc1ccc(-c2ccc(C(=O)N(C)CCc3c[nH]c4ccccc34)cc2)cc1,289000.0,3.5391021572434522,0,384.47900000000004
COc1ccc(-c2ccc3c(-c4nc5c(N6CCN(C)CC6)cccc5[nH]4)n[nH]c3c2)c(OC)c1,10000.0,5.0,0,468.56100000000015
COc1ccc(-c2ccc3c(c2)/C(=C/Nc2ccc(CN4CCCCC4)cc2)C(=O)NC3=O)cc1,50000.0,4.301029995663981,0,467.56900000000036
COc1ccc(-c2ccc3nc(C(=O)O)c4c5cccc(Cl)c5[nH]c4c3c2)cc1,10000.0,5.0,0,402.83700000000005
COc1ccc(-c2cccc3nc(NC(=O)C4CC4)nn23)cc1,10000.0,5.0,0,308.34099999999995
COc1ccc(-c2ccccc2C(=O)NCCc2c[nH]c3ccccc23)cc1,921000.0,3.035740369803151,0,370.452
COc1ccc(-c2ccnc3c(-c4noc(C)n4)c(C)nn23)cc1,710.0,6.1487416512809245,1,321.34
COc1ccc(-c2n[nH]c3c2C(=O)c2c(C=O)cccc2-3)cc1,57.0,7.2441251443275085,1,304.305
COc1ccc(-c2nc(Nc3cccc(Cl)c3)nc3[nH]cnc23)cc1OC,10000.0,5.0,0,381.82300000000015
COc1ccc(-c2nc(Nc3cccc(NC(=O)C4CCNCC4)c3)nc3[nH]cnc23)cc1OC,10000.0,5.0,0,473.5370000000003
COc1ccc(-c2nc(Nc3cccc(NC(=O)CN)c3)nc3[nH]cnc23)cc1OC,10000.0,5.0,0,419.44500000000016
COc1ccc(-c2nc(Nc3cccc(NC(=O)N4CCCC4)c3)nc3[nH]cnc23)cc1,10000.0,5.0,0,429.48400000000026
COc1ccc(-c2nc(Nc3cccc(NC(=O)N4CCCC4)c3)nc3[nH]cnc23)cc1OC,10000.0,5.0,0,459.51000000000033
COc1ccc(-c2nc(Nc3cccc(NC(=O)NC4CCNC4)c3)nc3[nH]cnc23)cc1,10000.0,5.0,0,444.4990000000002
COc1ccc(-c2nc(Nc3cccc(NC(=O)NC4CCNC4)c3)nc3[nH]cnc23)cc1OC,10000.0,5.0,0,474.52500000000026
COc1ccc(-c2nc(Nc3cccc(NC(=O)NCCN4CCOCC4)c3)nc3[nH]cnc23)cc1,10000.0,5.0,0,488.55200000000036
COc1ccc(-c2nc(Nc3cccc(NC(=O)NCCN4CCOCC4)c3)nc3[nH]cnc23)cc1OC,10000.0,5.0,0,518.5780000000004
COc1ccc(-c2nc3c(NCC4CCNCC4)c(Br)cnc3[nH]2)cc1,135.0,6.8696662315049934,1,416.323
COc1ccc(-c2nc3c(NCCCN(C)C(=O)C4CCC4)c(Br)cnc3[nH]2)cc1,187.0,6.728158393463501,1,472.3870000000001
COc1ccc(-c2nc3c(NCCCNC(=O)C(C)(C)C)c(Br)cnc3[nH]2)cc1,30000.0,4.522878745280337,0,460.37600000000003
COc1ccc(-c2nc3c(NCCCNC(=O)C(C)C)c(Br)cnc3[nH]2)cc1,5280.0,5.277366077466188,0,446.34900000000005
COc1ccc(-c2nc3c(NCCCNC(=O)C4(CN)CC4)c(Br)cnc3[nH]2)cc1,70.0,7.154901959985743,1,473.3750000000001
COc1ccc(-c2nc3c(NCCCNC(=O)C4CC(O)C4)c(Br)cnc3[nH]2)cc1,345.0,6.462180904926726,1,474.3590000000001
COc1ccc(-c2nc3c(NCCCNC(=O)C4CC4)c(Br)cnc3[nH]2)cc1,1370.0,5.863279432843593,0,444.3330000000001
COc1ccc(-c2nc3c(NCCCNC(=O)C4CCC4)c(Br)cnc3[nH]2)cc1,4910.0,5.308918507877031,0,458.3600000000001
COc1ccc(-c2nc3c(NCCCNC(=O)C4CCCC4)c(-c4nc(C(=O)NCC(C)C)cs4)cnc3[nH]2)cc1,30000.0,4.522878745280337,0,575.7390000000003
COc1ccc(-c2nc3c(NCCCNC(=O)C4CCCC4)c(-c4nc(C(=O)O)cs4)cnc3[nH]2)cc1,13600.0,4.866461091629782,0,520.6150000000004
COc1ccc(-c2nc3c(NCCCNC(=O)C4CCCC4)c(-c4nc(C(N)=O)cs4)cnc3[nH]2)cc1,1450.0,5.838631997765025,0,519.6310000000003
COc1ccc(-c2nc3c(NCCCNC(=O)C4CCCC4)c(Br)cnc3[nH]2)cc1,2790.0,5.554395796726403,0,472.38700000000017
COc1ccc(-c2nc3c(NCCCNC(=O)C4CCCC4)c(C(N)=O)cnc3[nH]2)cc1,30000.0,4.522878745280337,0,436.51600000000025
COc1ccc(-c2nc3c(NCCCNC(=O)C4CCCC4)c(C(N)=S)cnc3[nH]2)cc1,30000.0,4.522878745280337,0,452.58400000000023
COc1ccc(-c2nc3c(NCCCNC(=O)c4ccccc4)c(Br)cnc3[nH]2)cc1,3970.0,5.401209493236885,0,480.36600000000004
COc1ccc(-c2nc3c(NCCCNC(C)=O)c(Br)cnc3[nH]2)cc1,370.0,6.431798275933005,1,418.295
COc1ccc(-c2nc3c(OCC4CCNCC4)c(Br)cnc3[nH]2)cc1,133.0,6.876148359032914,1,417.30699999999996
COc1ccc(-c2nc3c(OCCCNC(=O)C4CCCC4)c(-c4csc(C(=O)O)c4)cnc3[nH]2)cc1,30000.0,4.522878745280337,0,520.6110000000003
COc1ccc(-c2nc3c(OCCCNC(=O)C4CCCC4)c(Br)cnc3[nH]2)cc1,30000.0,4.522878745280337,0,473.37100000000015
COc1ccc(-c2nc3cc(-c4csc(C(=O)NCC(C)(C)C)c4)cnc3[nH]2)cc1,30000.0,4.522878745280337,0,420.5380000000002
COc1ccc(-c2nc3cc(-c4csc(C(=O)NCC(C)(C)CO)c4)cnc3[nH]2)cc1,30000.0,4.522878745280337,0,436.5370000000002
COc1ccc(-c2nc3cc(-c4csc(C(=O)NCC(C)C)c4)cnc3[nH]2)cc1,30000.0,4.522878745280337,0,406.51100000000014
COc1ccc(-c2nc3cc(-c4csc(C(=O)NCCC(C)C)c4)cnc3[nH]2)cc1,30000.0,4.522878745280337,0,420.5380000000002
COc1ccc(-c2nc3cc(-c4csc(C(C)=O)c4)cnc3[nH]2)cc1,30000.0,4.522878745280337,0,349.415
COc1ccc(-c2nc3cc(-c4csc(C(N)=O)c4)cnc3[nH]2)cc1,984.0,6.007004901568658,1,350.403
COc1ccc(-c2nn(-c3ccccc3)cc2C(=O)NC(=S)Nc2ccc(C)cc2)cc1,29.0,7.5376020021010435,1,442.5440000000001
COc1ccc(-c2nn(-c3ccccc3)cc2C(=O)NC(=S)Nc2ccc(Cl)cc2)cc1,30.0,7.522878745280337,1,462.9620000000001
COc1ccc(-c2nn(-c3ccccc3)cc2C(=O)NC(=S)Nc2ccc(F)cc2)cc1,32.0,7.494850021680094,1,446.50700000000006
COc1ccc(-c2nn3ncccc3c2-c2ccnc(Nc3ccc4c(c3)OCCO4)n2)cc1,19952.62,4.70000006855703,0,452.4740000000003
COc1ccc(-c2ocnc2C(=O)NCCc2ccncc2)cc1Cl,3162.28,5.499999678657065,0,357.797
COc1ccc(-c2ocnc2C(=O)NCc2ccn3ccnc3c2)cc1Cl,501.19,6.299997602857746,1,382.807
COc1ccc(-c2ocnc2C(=O)NCc2ccnc(C(F)(F)F)c2)cc1Cl,1995.26,5.700000503883016,0,411.76700000000005
COc1ccc(-c2ocnc2C(=O)NCc2ccnc(C)c2)cc1Cl,1258.93,5.899998417198648,0,357.797
COc1ccc(-c2ocnc2C(=O)NCc2ccnc(C)n2)cc1Cl,3162.28,5.499999678657065,0,358.7850000000001
COc1ccc(-c2ocnc2C(=O)NCc2ccnc(Cl)c2)cc1Cl,630.96,6.199998172182031,1,378.21500000000003
COc1ccc(-c2ocnc2C(=O)NCc2ccncc2)c(C)c1,15848.93,4.800000052738446,0,323.35200000000003
COc1ccc(-c2ocnc2C(=O)NCc2ccncc2)c(F)c1,5011.87,5.300000202445418,0,327.315
COc1ccc(-c2ocnc2C(=O)NCc2ccncc2)cc1,647.76,6.188585873731878,1,309.325
COc1ccc(-c2ocnc2C(=O)NCc2ccncc2)cc1-c1ccncc1,15848.93,4.800000052738446,0,386.41100000000006
COc1ccc(-c2ocnc2C(=O)NCc2ccncc2)cc1Cl,501.19,6.299997602857746,1,343.77
COc1ccc(-c2ocnc2C(=O)NCc2ccncc2)cc1F,501.19,6.299997602857746,1,327.315
COc1ccc(-c2ocnc2C(=O)NCc2ccncc2)cc1N1CCOCC1,15848.93,4.800000052738446,0,394.4310000000002
COc1ccc(-c2ocnc2C(=O)NCc2ccncc2)cn1,5011.87,5.300000202445418,0,310.313
COc1ccc(-c2ocnc2C(=O)NCc2ccncc2)nc1Cl,15848.93,4.800000052738446,0,344.75800000000004
COc1ccc(-c2ocnc2C(=O)NCc2ccnnc2)cc1Cl,501.19,6.299997602857746,1,344.75800000000004
COc1ccc(-n2cnc3ccc(-c4nnc(SCc5cccc(C#N)c5)o4)cc32)cc1,10000.0,5.0,0,439.5000000000002
COc1ccc(/C=C\c2cc(OC)c(OC)c(OC)c2)cc1NC(=O)CCC(=O)N[C@@H](CCCNC(=N)N)C(=O)O,10000.0,5.0,0,571.6310000000003
COc1ccc(C(=O)N2CCN(c3nnc(Cc4ccccc4)c4ccccc34)CC2)cc1,301.0,6.521433504406157,1,438.5310000000001
COc1ccc(C(=O)NC[C@@H](O)CO)cc1/C=C/c1ccc(Cl)cc1,50000.0,4.301029995663981,0,361.82500000000005
COc1ccc(C(=O)NC[C@H](O)CO)cc1/C=C/c1ccc(Cl)cc1,50000.0,4.301029995663981,0,361.82500000000005
COc1ccc(C(=O)Nc2cc(C3CC3)[nH]n2)cc1,704.845,6.151906376690483,1,257.293
COc1ccc(C(=O)Nc2ccc(NC(=O)c3ccccn3)cc2)cc1-c1c[nH]c(=O)[nH]c1=O,30000.0,4.522878745280337,0,457.44600000000014
COc1ccc(C(=O)Nc2ncc(SCc3ncc(C(C)(C)C)o3)s2)cc1OC,50.0,7.301029995663981,1,433.55500000000023
COc1ccc(C(C)N/C=C2\C(=O)NC(=O)c3ccc(Br)cc32)cc1O,50000.0,4.301029995663981,0,417.25900000000007
COc1ccc(C(NC(=O)c2ccc3cnccc3c2)C2CCNCC2)cc1F,25000.0,4.6020599913279625,0,393.46200000000016
COc1ccc(CC(=O)Nc2cc(C3CCC3)[nH]n2)cc1,44.0,7.356547323513812,1,285.347
COc1ccc(CN(C)/C=C2\C(=O)NC(=O)c3ccc(Br)cc32)cc1O,44400.0,4.35261702988538,0,417.25900000000007
COc1ccc(CN/C=C2\C(=O)NC(=O)c3ccc(-c4ccccc4)cc32)cc1O,25900.0,4.586700235918748,0,400.43400000000014
COc1ccc(CN/C=C2\C(=O)NC(=O)c3ccc(-c4ccoc4)cc32)cc1O,1100.0,5.958607314841775,0,390.39500000000015
COc1ccc(CN/C=C2\C(=O)NC(=O)c3ccc(-c4ccsc4)cc32)cc1O,18300.0,4.73754891026957,0,406.46300000000014
COc1ccc(CN/C=C2\C(=O)NC(=O)c3ccc(-n4cccc4)cc32)cc1O,3100.0,5.508638306165727,0,389.4110000000001
COc1ccc(CN/C=C2\C(=O)NC(=O)c3ccc(Br)cc32)cc1O,50000.0,4.301029995663981,0,403.2320000000001
COc1ccc(CN/C=C2\C(=O)NC(=O)c3ccc(Cl)cc32)cc1O,50000.0,4.301029995663981,0,358.7810000000001
COc1ccc(CN/C=C2\C(=O)NC(=O)c3ccc(F)cc32)cc1O,6600.0,5.180456064458132,0,342.3260000000001
COc1ccc(CN/C=C2\C(=O)NC(=O)c3ccc(I)cc32)cc1O,870.0,6.060480747381382,1,450.2320000000001
COc1ccc(CN/C=C2\C(=O)NC(=O)c3cccc(Br)c32)cc1O,3100.0,5.508638306165727,0,403.2320000000001
COc1ccc(CN/C=C2\C(=O)NC(=O)c3ccccc32)cc1O,6900.0,5.161150909262744,0,324.33600000000007
COc1ccc(CNC(=O)Nc2ncc([N+](=O)[O-])s2)cc1,100000.0,4.0,0,308.319
COc1ccc(Cc2nnc(N3CCN(C(=O)Nc4ccc(Cl)c(C(F)(F)F)c4)CC3)c3ccccc23)cc1,305.17,6.515458162312313,1,555.9880000000002
COc1ccc(Cc2nnc(N3CCN(C(=O)Nc4ccc(OC)cc4)CC3)c3ccccc23)cc1,344.53,6.4627729558544775,1,483.57200000000023
COc1ccc(Cc2nnc(N3CCN(C(=O)Nc4ccccc4)CC3)c3ccccc23)cc1,515.17,6.288049435271313,1,453.54600000000016
COc1ccc(Cc2nnc(N3CCN(C(=O)c4ccccc4)CC3)c3ccccc23)cc1,455.48,6.34153068802212,1,438.5310000000001
COc1ccc(Cc2nnc(N3CCN(C(=S)Nc4ccc(Cl)cc4)CC3)c3ccccc23)cc1,533.56,6.272816736120039,1,504.0590000000002
COc1ccc(Cc2nnc(N3CCN(C(=S)Nc4ccc(OC)cc4)CC3)c3ccccc23)cc1,396.35,6.401921137470581,1,499.6400000000002
COc1ccc(Cc2nnc(N3CCN(C(=S)Nc4cccc(Cl)c4)CC3)c3ccccc23)cc1,188.71,6.724205085368997,1,504.0590000000002
COc1ccc(Cc2nnc(N3CCN(C(=S)Nc4ccccc4)CC3)c3ccccc23)cc1,523.59,6.281008656594719,1,469.61400000000015
COc1ccc(F)cc1-c1c(F)cnc2[nH]c(C3=CCN([C@H]4CC[C@H](C(=O)O)CC4)CC3)cc12,324.0,6.489454989793388,1,467.51600000000036
COc1ccc(F)cc1-c1ccnc2[nH]c(C3=CCN(CC(O)CO)CC3)cc12,1360.0,5.866461091629782,0,397.4500000000002
COc1ccc(F)cc1-c1nc2c(NCCCNC(=O)C3CCC3)c(Br)cnc2[nH]1,6520.0,5.185752404268079,0,476.3500000000002
COc1ccc(N(C(=O)Oc2c(C)cccc2C)c2ccnc(Nc3cc(OC)c(OCCCN4CCN(C)CC4)c(OC)c3)n2)c(OC)c1,40000.0,4.3979400086720375,0,686.8100000000001
COc1ccc(NC(=O)N2CCN(c3nnc(Cc4ccccc4)c4ccccc34)CC2)cc1,108.4,6.964970717797632,1,453.54600000000016
COc1ccc(NC(=O)c2n[nH]c3ccccc23)cc1,3000.0,5.522878745280337,0,267.288
COc1ccc(NC(=S)N/N=C2\C(=O)Nc3ccccc32)cc1,50000.0,4.301029995663981,0,326.38100000000003
COc1ccc(NC(=S)N2CCN(c3nnc(Cc4ccccc4)c4ccccc34)CC2)cc1,307.77,6.511773715464358,1,469.6140000000002
COc1ccc(NC(=S)NC(=O)c2cn(-c3ccccc3)nc2-c2ccc(C)cc2)cc1,47.0,7.327902142064283,1,442.54400000000015
COc1ccc(NC(=S)NC(=O)c2cn(-c3ccccc3)nc2-c2ccc(Cl)cc2)cc1,37.0,7.431798275933005,1,462.9620000000001
COc1ccc(NC(=S)NC(=O)c2cn(-c3ccccc3)nc2-c2ccc(F)cc2)cc1,36.0,7.443697499232712,1,446.5070000000001
COc1ccc(NC(=S)NC(=O)c2cn(-c3ccccc3)nc2-c2ccc(OC)cc2)cc1,25.0,7.6020599913279625,1,458.5430000000002
COc1ccc(NC(=S)NC(=O)c2cn(-c3ccccc3)nc2-c2ccccc2)cc1,56.0,7.251811972993799,1,428.5170000000001
COc1ccc(NC2=CC(=O)c3sc(C)nc3C2=O)cc1,200000.0,3.6989700043360187,0,300.339
COc1ccc(NCCc2c[nH]c3ccccc23)c(C(=O)O)c1,45000.0,4.346787486224656,0,310.35300000000007
COc1ccc(Nc2cc(Nc3ccc(OCC(O)CN(C)C)cc3)ncn2)cc1,100000.0,4.0,0,409.4900000000001
COc1ccc(Nc2cc3[nH]c(-c4cn[nH]c4)cc3cn2)cc1,400.0,6.3979400086720375,1,305.341
COc1ccc(Nc2ccnc(Nc3ccc(OCC(O)CN(C)C)cc3)n2)cc1,36000.0,4.443697499232712,0,409.4900000000001
COc1ccc(Nc2nc(N)c(N=O)c(OCC3CCCCC3)n2)cc1,220.0,6.657577319177793,1,357.4140000000002
COc1ccc(Nc2nccc(-c3cnc(C)n3C(C)C)n2)cc1,8.0,8.096910013008056,1,323.4000000000001
COc1ccc2[nH]c(O)c(/N=N/c3ccccc3)c2c1,10000.0,5.0,0,267.288
COc1ccc2[nH]nc(C(=O)NCC3CCN(CCc4ccc(O)cc4)CC3)c2c1,36000.0,4.443697499232712,0,408.5020000000002
COc1ccc2c(-c3ccnc(Nc4cccc(OC(F)(F)F)c4)n3)cnn2n1,199.53,6.699991797446187,1,402.336
COc1ccc2c(c1)/C(=C/NCc1ccc(OC)c(O)c1)C(=O)NC2=O,2900.0,5.5376020021010435,0,354.3620000000001
COc1ccc2c(c1)/C(=C/Nc1ccc(CN3CCCCC3)cc1)C(=O)NC2=O,50000.0,4.301029995663981,0,391.4710000000002
COc1ccc2c(c1)/C(=C/c1[nH]cc3c1CCNC3=O)C(=O)N2,250.0,6.6020599913279625,1,309.32500000000005
COc1ccc2c(c1)/C(=C/c1[nH]cc3c1CCOC3=O)C(=O)N2,40.0,7.3979400086720375,1,310.309
COc1ccc2c(c1)/C(=C/c1cnc[nH]1)C(=O)N2,5055.4,5.296244475894936,0,241.25000000000003
COc1ccc2c(c1)/C(=N/NC(=O)c1cc3cc(Br)ccc3o1)C(=O)N2,53.0,7.275724130399211,1,414.21500000000003
COc1ccc2c(c1)/C(=N/Nc1ccc(S(N)(=O)=O)cc1)C(=O)N2,12.0,7.920818753952375,1,346.36800000000005
COc1ccc2c(c1)C(=O)N(c1nc(C(=O)Nc3cnccc3N3CCNCC3)cs1)C2,30000.0,4.522878745280337,0,450.5240000000002
COc1ccc2c(c1)NC(=O)/C2=C\c1[nH]cc2c1CCOC2=O,1500.0,5.823908740944319,0,310.3090000000001
COc1ccc2c(c1)[nH]c1c(C)nccc12,33000.0,4.481486060122113,0,212.25199999999998
COc1ccc2c(c1)nc(C(=O)O)c1c3cccc(Br)c3[nH]c21,10000.0,5.0,0,371.19000000000005
COc1ccc2c(c1)nc(C(=O)O)c1c3cccc(Cl)c3[nH]c21,10000.0,5.0,0,326.73900000000003
COc1ccc2c(c1)nc(C(=O)O)c1c3cccc(F)c3[nH]c21,10000.0,5.0,0,310.28400000000005
COc1ccc2c(c1)nc(C(=O)O)c1c3cccc(I)c3[nH]c21,10000.0,5.0,0,418.19000000000005
COc1ccc2c(c1Cl)/C(=N/Nc1ccc(S(N)(=O)=O)cc1)C(=O)N2,54.0,7.267606240177032,1,380.8130000000001
COc1ccc2c(c1O)-c1c(O)c(OC)cc3c1[C@H](C2)N(C)CC3,50000.0,4.301029995663981,0,327.3800000000001
COc1ccc2c(c1O)-c1c(OC)c(OC)cc3c1[C@H](C2)N(C)CC3,50000.0,4.301029995663981,0,341.40700000000015
COc1ccc2c(c1OC)CC1c3c(cc4c(c3-2)OCO4)CCN1C,50000.0,4.301029995663981,0,339.39100000000013
COc1ccc2c(c1OC)CN1CCc3cc4c(cc3C1C2)OCO4,50000.0,4.301029995663981,0,339.3910000000001
COc1ccc2c(cc3c4c(cc5c(c42)OCO5)C(=O)N3)c1OC,15000.0,4.823908740944319,0,323.30400000000003
COc1ccc2cc(-c3c(-c4ccncc4)nc(-c4ccc([S+](C)[O-])cc4C)n3C)ccc2c1,30000.0,4.522878745280337,0,467.5940000000002
COc1ccc2cc(-c3n[nH]c4cccnc34)[nH]c2c1,4000.0,5.3979400086720375,0,264.288
COc1ccc2cc([N+](=O)[O-])c3c(C(=O)O)cc4c(c3c2c1)OCO4,20000.0,4.698970004336019,0,341.27500000000015
COc1ccc2cc1COC/C=C/COCc1cc(ccc1OCCN1CCCC1)Nc1nccc-2n1,10000.0,5.0,0,502.61500000000035
COc1ccc2cc1COC/C=C/COCc1cccc(c1)-c1ccnc(n1)N2,860.0,6.0655015487564325,1,389.45500000000004
COc1ccc2nc(C(=O)O)c3c4cccc(Cl)c4[nH]c3c2c1,10000.0,5.0,0,326.7390000000001
COc1ccc2nc3[nH]nc(C)c3c(OC)c2c1,20.0,7.698970004336019,1,243.26599999999996
COc1cccc(-c2cc(Nc3ccc(S(N)(=O)=O)cc3)[nH]n2)c1,24.5,7.610833915635467,1,344.396
COc1cccc(-c2ccc(C(=O)N3CCc4c([nH]c5ccccc45)C3)cc2)c1,424000.0,3.3726341434072675,0,382.4630000000001
COc1cccc(-c2ccc3c(c2)/C(=C/Nc2ccc(CN4CCCCC4)cc2)C(=O)NC3=O)c1,50000.0,4.301029995663981,0,467.56900000000036
COc1cccc(-c2ccc3nc(C(=O)O)c4c5cccc(Cl)c5[nH]c4c3c2)c1,10000.0,5.0,0,402.83700000000005
COc1cccc(-c2cccc(C(=O)N3CCc4c([nH]c5ccccc45)C3)c2)c1,362000.0,3.441291429466834,0,382.463
COc1cccc(-c2ccccc2C(=O)NCCc2c[nH]c3ccccc23)c1,926000.0,3.0333890133180654,0,370.452
COc1cccc(C(=O)Nc2cc(C3CC3)[nH]n2)c1,599.895,6.2219247578016,1,257.29299999999995
COc1cccc(CC(=O)Nc2cc(C3CC3)[nH]n2)c1,28.985,7.53782669529321,1,271.32
COc1cccc(CNC(=O)c2ccc(-c3cc(-c4nnc(C)o4)ccc3C)cc2)c1,16000.0,4.795880017344075,0,413.47700000000015
COc1cccc(F)c1C(=O)Nc1c[nH]nc1C(=O)NC1CCNCC1,350.0,6.455931955649724,1,361.3770000000002
COc1cccc(NC(=S)N2CCN(c3nnc(Cc4ccccc4)c4ccccc34)CC2)c1,425.83,6.370763745491634,1,469.61400000000026
COc1cccc(Nc2nccc(-c3cnn4ncccc34)n2)c1,1.995,8.700057099977233,1,318.34000000000003
COc1cccc(OC)c1C(=S)c1c(N)nc2ccc(C(=O)c3c(F)cccc3F)cn12,462.0,6.335358024443875,1,453.47000000000014
COc1cccc(OC)c1CNC(=O)c1ccc2c(c1)/C(=N/Nc1ccc(S(N)(=O)=O)cc1)C(=O)N2,1.7,8.769551078621726,1,509.5440000000002
COc1cccc(OCCCN)c1-c1cc(Nc2cnc(C#N)cn2)n[nH]1,10000.0,5.0,0,365.397
COc1cccc2c(C3=C(c4cn(C)c5cc(Cl)c(F)cc45)C(=O)NC3=O)coc12,63100.0,4.199970640755866,0,424.81500000000017
COc1cccc2c(C3=C(c4cn(C)c5cc(I)c(F)cc45)C(=O)NC3=O)coc12,50000.0,4.301029995663981,0,516.2660000000002
COc1cccc2c(C3=C(c4cn(C)c5ccc(Br)cc45)C(=O)NC3=O)coc12,1160.0,5.935542010773082,0,451.2760000000002
COc1cccc2c1C[C@@H]1c3c(cc4c(c3-2)OCO4)CCN1C,50000.0,4.301029995663981,0,309.36500000000007
COc1cccc2c1[nH]c1c3ccccc3nc(C(=O)O)c21,10000.0,5.0,0,292.29400000000004
COc1cccc2c1c(Cl)c([N+](=O)[O-])c1c(C(=O)O)cc(O)c(O)c12,16500.0,4.782516055786093,0,363.70900000000006
COc1cccc2c1c(Cl)c1c3c(cc(O)c(O)c32)C(=O)N1,10000.0,5.0,0,315.712
COc1cccc2c1c(OC)c([N+](=O)[O-])c1c(C(=O)O)cc3c(c12)OCO3,20000.0,4.698970004336019,0,371.30100000000016
COc1cccc2c1cc([N+](=O)[O-])c1c(C(=O)O)cc(O)c(O)c12,30000.0,4.522878745280337,0,329.264
COc1cccc2c1cc([N+](=O)[O-])c1c(C(=O)O)cc3c(c12)OCO3,20000.0,4.698970004336019,0,341.2750000000001
COc1cccc2c1cc1c3c(cc(O)c(O)c32)C(=O)N1,35000.0,4.455931955649724,0,281.26699999999994
COc1cccc2c1cc1c3c(cc4c(c32)OCO4)C(=O)N1,1200.0,5.920818753952375,0,293.27799999999996
COc1cccc2c1cc1c3c(cc4c(c32)OCO4)C(=O)N1C,35000.0,4.455931955649724,0,307.305
COc1ccccc1-c1cc(Nc2cccc(CS(N)(=O)=O)c2)ncn1,2000.0,5.698970004336019,0,370.4340000000001
COc1ccccc1-c1ccc(C(=O)N2CCc3c([nH]c4ccccc34)C2)cc1,321000.0,3.493494967595128,0,382.463
COc1ccccc1-c1ccc2c(-c3nc4c(N5CCN(C)CC5)cccc4[nH]3)n[nH]c2c1,10000.0,5.0,0,438.53500000000014
COc1ccccc1-c1cccc(Nc2cccc(N3CCCNCC3)c2)n1,1205.0,5.919012953089113,0,374.4880000000002
COc1ccccc1-c1ccccc1C(=O)NCCc1c[nH]c2ccccc12,375000.0,3.425968732272281,0,370.45200000000006
COc1ccccc1-c1ccnc(Nc2ccc3c(c2)CC(=O)C(C(C)=O)C3C)n1,1211.0,5.916855856856948,0,401.4660000000002
COc1ccccc1-c1nc2c(NCC(O)CNC(=O)C3CCC3)c(Br)cnc2[nH]1,4650.0,5.3325470471100465,0,474.3590000000002
COc1ccccc1/C=C/C(=C(C#N)C#N)c1ccc(NS(=O)(=O)c2ccc(C)cc2)cc1,2920.0,5.534617148551582,0,455.53900000000016
COc1ccccc1C(=O)Nc1cc(C2CC2)[nH]n1,10000.0,5.0,0,257.29299999999995
COc1ccccc1C(=O)c1c(N)nc2ccc(C(=O)c3c(F)cccc3F)cn12,68.0,7.167491087293763,1,407.37600000000003
COc1ccccc1C(=O)c1ccc2nc(N)c(C(=O)c3c(F)cccc3F)n2c1,603.0,6.219682687859849,1,407.37600000000003
COc1ccccc1Nc1cc(Nc2ccc(OCC(O)CN(C)C)cc2)ncn1,85000.0,4.070581074285707,0,409.4900000000001
COc1ccccc1Nc1cc2[nH]c(-c3cn[nH]c3)cc2cn1,970.0,6.013228265733755,1,305.34100000000007
COc1ccccc1Nc1ccnc(Nc2ccc(OCC(O)CN(C)C)cc2)n1,15000.0,4.823908740944319,0,409.4900000000002
COc1ccncc1NC(=O)c1ccnc(NC(=O)C2CC2)c1,2000.0,5.698970004336019,0,312.3290000000001
COc1cnc(-c2ocnc2C(=O)NCc2ccncc2)cc1Cl,15848.93,4.800000052738446,0,344.75800000000004
COc1cnc(CN/C=C2\C(=O)NC(=O)c3ccc(I)cc32)cc1O,500.0,6.301029995663981,1,451.2200000000001
COc1cnc(CN/C=C2\C(=O)NC(=O)c3ccc(I)cc32)nc1O,50000.0,4.301029995663981,0,452.2080000000001
COc1coc(CN/C=C2\C(=O)NC(=O)c3ccc(Br)cc32)cc1=O,16900.0,4.772113295386326,0,405.20400000000006
COc1nc(N)nc2nc[nH]c12,100000.0,4.0,0,165.15600000000003
COc1ncc(-c2ccc(N3CCOCC3)cc2)c2sc(-c3ccncc3)cc12,15848.93,4.800000052738446,0,403.50700000000006
COc1ncc(-c2ocnc2C(=O)NCc2ccncc2)cc1Cl,5011.87,5.300000202445418,0,344.75800000000004
COc1nn(C2CCN(C(C)=O)CC2)cc1Nc1ncc(Cl)c(-c2cnc3ccccn23)n1,494.0,6.306273051076353,1,466.9330000000001
COc1nn(C2CCN(C(C)=O)CC2)cc1Nc1ncc(Cl)c(-c2cnn3ccccc23)n1,361.0,6.442492798094342,1,466.9330000000001
CP(C)(=O)c1ccc(Nc2nc(C3CCCC3)nc3c2ncn3CCc2cccc(O)c2)cc1,20900.0,4.679853713888946,0,475.53300000000013
CS(=N)(=O)Cc1cccc(Nc2ncc(F)c(-c3ccc(F)cc3OCc3ccc(F)cc3)n2)c1,770.0,6.113509274827518,1,498.5300000000002
CS(=N)(=O)Cc1cccc(Nc2ncc(F)c(-c3ccc(F)cc3OCc3ccccc3)n2)c1,536.6666666666666,6.270295378687813,1,480.5400000000002
CS(=N)(=O)Cc1cccc(Nc2ncc(F)c(-c3cccc4c3OCCC4)n2)c1,270.0,6.568636235841013,1,412.49000000000024
CS(=N)(=O)c1ccc(Nc2ncc(Br)c(Nc3ccccc3)n2)cc1,33.0,7.481486060122112,1,418.3200000000001
CS(=O)(=O)CCNCc1ccc(-c2ccc3ncnc(Nc4ccc(OCc5cccc(F)c5)c(Cl)c4)c3c2)o1,10500.0,4.978810700930062,0,581.0690000000002
CS(=O)(=O)Cc1ccc(N/C=C2\C(=O)Nc3ccc4ncsc4c32)cc1,50.0,7.301029995663981,1,385.47000000000014
CS(=O)(=O)N1CCC(Nc2ncc(C(F)(F)F)c(-c3cnn(-c4ccc(C#N)cc4Cl)c3)n2)CC1,156.5,6.805485658117533,1,525.9440000000003
CS(=O)(=O)N1CCC(Nc2ncc(C(F)(F)F)c(-c3cnn(-c4ccccc4Cl)c3)n2)CC1,823.0,6.08460016478773,1,500.93400000000025
CS(=O)(=O)N1CCC(Nc2ncc(C(F)(F)F)c(-c3cnn(-c4ccccc4F)c3)n2)CC1,5111.0,5.291494119044763,0,484.47900000000027
CS(=O)(=O)N1CCC(Nc2ncc(C(F)(F)F)c(-c3cnn(C4CCCCC4)c3)n2)CC1,5046.0,5.297052753818444,0,472.53700000000043
CS(=O)(=O)N1CCC(Nc2ncc(C(F)(F)F)c(-c3cnn(CC(F)(F)F)c3)n2)CC1,709.0,6.149353764816934,1,472.41500000000025
CS(=O)(=O)N1CCC(Nc2ncc3c(n2)N(C2CCCC2)C(=O)C32CC2)CC1,102.0,6.991399828238082,1,405.52400000000046
CS(=O)(=O)N1CCc2cc(Nc3ncc(C(F)(F)F)c(NCCCN)n3)ccc2C1,833.5,6.079094395835976,1,444.4830000000003
CS(=O)(=O)Nc1ccc(-c2ccc3c(NC(=O)C4CC4)n[nH]c3c2)cc1,1000.0,6.0,1,370.43400000000014
CS(=O)(=O)Nc1ccc(Nc2cc(-c3cccc(Br)c3)[nH]n2)cc1,602.0,6.220403508742176,1,407.29300000000006
CS(=O)(=O)Nc1cccc(-c2c[nH]c(=O)c3cc(-c4ccnc5[nH]ccc45)sc23)c1,3162.28,5.499999678657065,0,436.51800000000014
CS(=O)(=O)Nc1cccc(-c2cc(Nc3ccc(S(N)(=O)=O)cc3)[nH]n2)c1,10.7,7.97061622231479,1,407.47700000000015
CS(=O)(=O)Nc1cccc(-c2ccc3c(NC(=O)C4CC4)n[nH]c3c2)c1,1000.0,6.0,1,370.43400000000014
CS(=O)(=O)c1ccc(-c2nccc(-c3c[nH]c4cnccc34)n2)cc1,16884.0,4.772524656517629,0,350.4030000000001
CS(=O)(=O)c1ccc(CC(=O)Nc2n[nH]c3ccc(N4CCCS4(=O)=O)cc23)cc1,22.0,7.657577319177793,1,448.52600000000024
CS(=O)(=O)c1ccc(N/C=C2\C(=O)Nc3ccc4ncsc4c32)cc1,5.7,8.244125144327509,1,371.4430000000001
CS(=O)(=O)c1ccc(NCCc2c[nH]c3ccccc23)c(C(=O)O)c1,300000.0,3.5228787452803374,0,358.4190000000001
CS(=O)(=O)c1ccc(Nc2cc(N[C@H]3CC[C@H](N)CC3)nc3ncnn23)cc1,250.0,6.6020599913279625,1,401.49600000000015
CS(=O)(=O)c1ccc(Nc2ncc(C(F)(F)F)c(OC3CCCCC3)n2)cc1,480.0,6.318758762624412,1,415.4370000000003
CS(=O)(=O)c1ccc(Nc2ncc(C(F)(F)F)c(OCCC(F)(F)F)n2)cc1,94.0,7.026872146400302,1,429.34200000000016
CS(=O)(=O)c1ccc2c(c1)/C(=N/Nc1ccc(S(N)(=O)=O)cc1)C(=O)N2,16.0,7.795880017344075,1,394.43400000000014
CS(=O)(=O)c1cccc(Nc2nccc(Nc3c(Cl)ccc4c3OCO4)n2)c1,17600.0,4.7544873321858505,0,418.86200000000025
CS(=O)(Cc1cccc(Nc2ncc(F)c(-c3ccc(F)cc3OCc3ccccc3)n2)c1)=NC#N,20000.0,4.698970004336019,0,505.5500000000002
CSc1ccc(/C=N/c2cc([N+](=O)[O-])ccc2O)cc1,192801.42857142858,3.714889752495481,0,288.328
CSc1ccc(CC(=O)Nc2n[nH]c3ccc(N4CCCS4(=O)=O)cc23)cc1,10.0,8.0,1,416.52800000000025
CSc1ccc(Nc2nc(N)c(N=O)c(OCC3CCCCC3)n2)cc1,120.0,6.920818753952375,1,373.48200000000014
CSc1cn2c(-c3cn[nH]c3)cnc2c(Nc2cc(C)ns2)n1,2273.0,5.643400564275029,0,343.4410000000001
CSc1ncc2c(n1)CCc1cnc(Nc3ccc(C(=O)N(C)CCN(C)C)cc3)nc1-2,90.0,7.045757490560675,1,449.5840000000003
C[C@@H](/C=C\C(F)(F)F)Oc1cc(-c2cc(-c3cc(CN(C)C)cs3)cnc2N)ccc1C(N)=O,530.0,6.275724130399211,1,490.5510000000003
C[C@@H](C(=O)Nc1cc(C2CC2)[nH]n1)c1ccc(N2CCCC2=O)cc1,2500.175,5.602029591778201,0,338.4110000000001
C[C@@H](C(=O)Nc1cc(C2CC2)[nH]n1)c1ccc(N2CCN(C)C2=O)cc1,8495.9,5.070790608045066,0,353.4260000000001
C[C@@H](C(=O)Nc1cc(C2CC2)[nH]n1)c1ccc(N2CCNC2=O)cc1,454.995,6.341993375835944,1,339.39900000000006
C[C@@H](C(=O)Nc1cc(C2CC2)[nH]n1)c1ccc(N2CCOC2=O)cc1,2500.175,5.602029591778201,0,340.3830000000001
C[C@@H](C(=O)Nc1cc(C2CC2)[nH]n1)c1ccc(N2Cc3ccccc3C2=O)cc1,169.91,6.769781060112619,1,386.4550000000001
C[C@@H](C(=O)Nc1cc(C2CC2)[nH]n1)c1ccccc1,5998.955,5.221924395826337,0,255.321
C[C@@H](CO)Nc1nc(N)c(/[N+]([O-])=N/C#N)c(OCC2CCCCC2)n1,300.0,6.522878745280337,1,349.3950000000002
C[C@@H](CO)Nc1nc(N)c(N=O)c(OCC2CCCCC2)n1,160.0,6.795880017344075,1,309.37000000000006
C[C@@H](CO)Nc1ncc2c(n1)CN(C(=O)N[C@H](C)c1ccc(C(F)(F)F)c(F)c1)CC2,821.0,6.085656842880559,1,441.42900000000014
C[C@@H](CO)Nc1ncc2c(n1)CN(C(=O)N[C@H](C)c1ccc(Cl)c(Cl)c1)CC2,104.0,6.982966660701219,1,424.3320000000002
C[C@@H](NC(=O)N1CCc2cnc(NC3CCOCC3)nc2C1)c1ccc(Cl)c(F)c1,13.0,7.886056647693163,1,433.9150000000002
C[C@@H](NC(=O)N1CCc2cnc(NC3CCOCC3)nc2C1)c1ccc2cc[nH]c2c1,69.0,7.161150909262744,1,420.51700000000017
C[C@@H](NC(=O)N1CCc2cnc(N[C@H]3CCO[C@@H](CO)C3)nc2C1)c1ccc(Cl)c(Cl)c1,2.0,8.698970004336019,1,480.3960000000003
C[C@@H](NC(=O)N1CCc2cnc(Nc3ccnn3C)nc2C1)c1ccc(Cl)c(Cl)c1,23.0,7.638272163982407,1,446.3420000000002
C[C@@H](NC(=O)N1CCc2cnc(Nc3cnn(C)c3)nc2C1)c1ccc(Cl)c(Cl)c1,4.0,8.397940008672037,1,446.3420000000002
C[C@@H](NC(=O)Nc1cc2[nH]ncc2c(CO)n1)c1ccccc1,790.0,6.102372908709558,1,311.34499999999997
C[C@@H](Nc1nc(Nc2ccc(S(=N)(=O)C3CC3)cc2)ncc1Br)C(C)(C)O,8.0,8.096910013008056,1,454.3940000000001
C[C@@H](Nc1nc(Nc2ccc(S(=N)(=O)C3CCCC3)cc2)ncc1Br)C(C)(C)O,25.0,7.6020599913279625,1,482.4480000000002
C[C@@H](Nc1nc(Nc2ccc(S(=N)(=O)CC3CC3)cc2)ncc1Br)C(C)(C)O,4.0,8.397940008672037,1,468.42100000000016
C[C@@H](Nc1nc(Nc2ccc(S(=N)(=O)CCO)cc2)ncc1Br)C(C)(C)O,4.0,8.397940008672037,1,458.3820000000001
C[C@@H](Nc1nc(Nc2ccc(S(=O)(=NS(=O)(=O)CC[Si](C)(C)C)C3CCCC3)cc2)ncc1Br)C(C)(C)O,1000.0,6.0,1,646.7500000000005
C[C@@H](Nc1nc(Nc2ccc(S(=O)(CC=O)=NS(=O)(=O)CC[Si](C)(C)C)cc2)ncc1Br)C(C)(C)O,49.0,7.309803919971486,1,620.6680000000002
C[C@@H](Nc1nc(Nc2ccc(S(C)(=N)=O)cc2)ncc1Br)C(C)(C)O,6.0,8.221848749616356,1,428.3560000000001
C[C@@H](O)CN1CCN(c2ccc(Nc3ncc4cc(C(=O)N(C)C)n(C5CCCC5)c4n3)nc2)CC1,15000.0,4.823908740944319,0,492.62800000000044
C[C@@H](O)CN1CCN(c2ccc(Nc3ncc4cc5n(c4n3)C3(CCCC3)CNC5=O)nc2)C[C@@H]1C,1709.5,5.767130894867386,0,490.6120000000004
C[C@@H](O)CN1CCN(c2ccc(Nc3ncc4cc5n(c4n3)C3(CCCCC3)CNC5=O)nc2)CC1,796.0,6.099086932262331,1,490.6120000000005
C[C@@H](O)[C@@H](C)Nc1nc(Nc2ccc(S(=N)(=O)CCO)cc2)ncc1Br,3.0,8.522878745280337,1,444.35500000000013
C[C@@H](O)[C@@H](C)Nc1nc(Nc2ccc(S(C)(=N)=O)cc2)ncc1Br,20.0,7.698970004336019,1,414.32900000000006
C[C@@H](O)[C@@H](C)Nc1nc(Nc2ccc([S@](=N)(=O)C3CC3)cc2)ncc1C(F)(F)F,9.0,8.045757490560675,1,429.46800000000013
C[C@@H](O)[C@@H](C)Oc1nc(Nc2ccc(S(=N)(=O)C3CC3)cc2)ncc1C(F)(F)F,8.428571428571429,8.074246028372112,1,430.45200000000017
C[C@@H](O)[C@@H](C)Oc1nc(Nc2ccc(S(=O)(=O)C(F)F)cc2)ncc1C(F)(F)F,12.0,7.920818753952375,1,441.37800000000004
C[C@@H](O)[C@@H](C)Oc1nc(Nc2ccc(S(=O)(=O)C3CC3)cc2)ncc1C(F)(F)F,11.0,7.958607314841775,1,431.43600000000015
C[C@@H](O)[C@@H](C)Oc1nc(Nc2ccc(S(=O)(=O)C3CCCC3)cc2)ncc1C(F)(F)F,21.0,7.6777807052660805,1,459.49000000000024
C[C@@H](O)[C@@H](C)Oc1nc(Nc2ccc(S(=O)(=O)CCO)cc2)ncc1C(F)(F)F,3.0,8.522878745280337,1,435.42400000000015
C[C@@H](O)[C@@H](C)Oc1nc(Nc2ccc(S(=O)(=O)c3ccccc3)cc2)ncc1C(F)(F)F,36.0,7.443697499232712,1,467.4690000000001
C[C@@H](O)[C@@H](C)Oc1nc(Nc2ccc(S(C)(=O)=O)cc2)ncc1C(F)(F)F,6.0,8.221848749616356,1,405.3980000000001
C[C@@H](O)[C@@H](C)Oc1nc(Nc2ccc([S@](=N)(=O)C3CC3)cc2)ncc1C(F)(F)F,9.0,8.045757490560675,1,430.45200000000017
C[C@@H](Oc1cc(-c2cc(-c3cc(CN(C)C)cs3)cnc2N)ccc1C(N)=O)c1ccccc1C(F)(F)F,26600.0,4.575118363368933,0,540.6110000000002
C[C@@H](Oc1ccc2ncc(/C=C/C(N)=O)cc2c1)c1c(Cl)ccc(F)c1Cl,50000.0,4.301029995663981,0,405.2560000000001
C[C@@H](Oc1ccc2ncc(C3CC3C(N)=O)cc2c1)c1c(Cl)ccc(F)c1Cl,50000.0,4.301029995663981,0,419.28300000000013
C[C@@H](Oc1ccc2ncccc2c1)c1c(Cl)ccc(F)c1Cl,50000.0,4.301029995663981,0,336.193
C[C@@H](Oc1nc(Nc2ccc(S(=O)(=O)C3CC3)cc2)ncc1C(F)(F)F)C(C)(C)O,21.0,7.6777807052660805,1,445.4630000000001
C[C@@H](Oc1nc(Nc2ccc(S(C)(=O)=O)cc2)ncc1C(F)(F)F)C(C)(C)O,10.0,8.0,1,419.42500000000007
C[C@@H]1CCC(N2CC[C@]3(CN(C(=O)c4cc5ccc(F)cc5[nH]4)c4ccccc43)C2)CN1,30000.0,4.522878745280337,0,432.5430000000002
C[C@@H]1CCC(N2CC[C@]3(CN(C(=O)c4cc5ccccc5[nH]4)c4ccccc43)C2)CN1,30000.0,4.522878745280337,0,414.55300000000017
C[C@@H]1CCC[C@H]1N1C(=O)C2(CC2)c2cnc(Nc3ccc(S(=O)(=O)NCCO)cc3)nc21,770.0,6.113509274827518,1,457.55600000000015
C[C@@H]1CCC[C@H]1N1C(=O)C2(CC2)c2cnc(Nc3ccc(S(=O)(=O)N[C@@H]4CCCN(C)C4)cc3)nc21,44.0,7.356547323513812,1,510.66400000000027
C[C@@H]1CCN(C(=O)CC#N)C[C@@H]1N(C)c1ncnc2[nH]ccc12,10000.0,5.0,0,312.377
C[C@@H]1CCN(C(=O)CC#N)C[C@@H]1n1ccc2cnc3[nH]ccc3c21,1000.0,6.0,1,321.38400000000007
C[C@@H]1CN(Cc2ccc(Nc3ncc4cc(C(=O)N(C)C)n(C5CCCC5)c4n3)nc2)C[C@H](C)N1,15000.0,4.823908740944319,0,476.6290000000003
C[C@@H]1CN(c2ccc(N/C=C3\C(=O)NC(=O)c4ccc(I)cc43)cc2)C[C@H](C)N1,50000.0,4.301029995663981,0,502.3560000000001
C[C@@H]1CN(c2ccc(N/C=C3\C(=O)NC(=O)c4ccc(I)cc43)cc2)C[C@H](C)N1C,50000.0,4.301029995663981,0,516.3830000000002
C[C@@H]1CN(c2ccc(N/C=C3\C(=O)NC(=O)c4ccc(I)cc43)cc2)[C@@H](C)CN1C,50000.0,4.301029995663981,0,516.3830000000002
C[C@@H]1CN(c2ccc(Nc3ncc4cc(C(=O)N(C)C)n(C5CCCC5)c4n3)nc2)CCN1,15000.0,4.823908740944319,0,448.5750000000003
C[C@@H]1CN(c2ccc(Nc3ncc4cc(C(=O)N(C)C)n(C5CCCC5)c4n3)nc2)CCN1C(=O)OC(C)(C)C,15000.0,4.823908740944319,0,548.6920000000003
C[C@@H]1CN(c2ccc(Nc3ncc4cc(C(=O)N(C)C)n(C5CCCC5)c4n3)nc2)CCN1CCO,15000.0,4.823908740944319,0,492.6280000000004
C[C@@H]1CN(c2ccc(Nc3ncc4cc5n(c4n3)C3(CCCC3)CNC5=O)nc2)C[C@H](C)N1,9350.0,5.029188389127482,0,446.5590000000003
C[C@@H]1CN(c2ccc(Nc3ncc4cc5n(c4n3)C3(CCCCC3)CNC5=O)nc2)CCN1,2815.0,5.550521600812635,0,446.55900000000037
C[C@@H]1CN(c2ccc(Nc3ncc4cc5n(c4n3)C3(CCCCC3)CNC5=O)nc2)CCN1C,3130.0,5.504455662453552,0,460.5860000000004
C[C@@H]1CN(c2ccc(Nc3ncc4cc5n(c4n3)C3(CCCCC3)CNC5=O)nc2)CCN1C[C@@H](C)O,4725.0,5.325598187154718,0,504.63900000000046
C[C@@H]1CN(c2ccc(Nc3ncc4cc5n(c4n3)C3(CCCCC3)CNC5=O)nc2)C[C@H](C)N1,2285.0,5.641113795594131,0,460.58600000000035
C[C@@H]1CN(c2ccc(Nc3ncc4cc5n(c4n3)C3(CCCCC3)CNC5=O)nc2)C[C@H](C)N1C,8990.0,5.046240308266771,0,474.6130000000004
C[C@@H]1CN(c2ccc(Nc3ncc4cc5n(c4n3)C3(CCCCC3)CNC5=O)nc2)C[C@H](C)N1C[C@@H](C)O,1993.5,5.7003837600015865,0,518.6660000000005
C[C@@H]1CNC[C@@H](C(=O)Nc2ncc(SCc3ncc(C(C)(C)C)o3)s2)C1,200.0,6.698970004336019,1,394.5660000000002
C[C@@H]1CNC[C@H](C(=O)Nc2ncc(SCc3ncc(C(C)(C)C)o3)s2)C1,20.0,7.698970004336019,1,394.5660000000002
C[C@@H]1COCCN1c1nc(-c2ccnc3[nH]ccc23)nc2c1ccn2S(C)(=O)=O,10000.0,5.0,0,412.4750000000002
C[C@@H]1COCCN1c1nc(-c2cncc3[nH]ccc23)nc2c1ccn2S(C)(=O)=O,10000.0,5.0,0,412.4750000000002
C[C@@H]1C[C@H]2CN1CCn1nc3c(cccc3c1O)-c1nc3c(cccc3nc1O)O2,3.4,8.468521082957745,1,403.4420000000002
C[C@H](/C=C\C(F)(F)F)Oc1cc(-c2cc(-c3cc(CN(C)C)cs3)cnc2N)ccc1C(N)=O,4570.0,5.34008379993015,0,490.5510000000003
C[C@H](C(=O)Nc1cc(C2CC2)[nH]n1)c1ccc(N2CCCC2)cc1,79.99000000000001,7.096964303211503,1,324.4280000000001
C[C@H](C(=O)Nc1cc(C2CC2)[nH]n1)c1ccc(N2CCCC2=O)cc1,36.989999999999995,7.431915668684606,1,338.4110000000001
C[C@H](C(=O)Nc1cc(C2CC2)[nH]n1)c1ccc(N2CCN(C)C2=O)cc1,16.990000000000002,7.769806621130955,1,353.4260000000001
C[C@H](C(=O)Nc1cc(C2CC2)[nH]n1)c1ccc(N2CCNC2=O)cc1,2.0,8.698970004336019,1,339.39900000000006
C[C@H](C(=O)Nc1cc(C2CC2)[nH]n1)c1ccc(N2CCOC2=O)cc1,20.0,7.698970004336019,1,340.3830000000001
C[C@H](C(=O)Nc1cc(C2CC2)[nH]n1)c1ccc(N2Cc3ccccc3C2=O)cc1,2.0,8.698970004336019,1,386.4550000000001
C[C@H](C(=O)Nc1cc(C2CC2)[nH]n1)c1ccccc1,83.975,7.075849987486298,1,255.321
C[C@H](CO)NCc1ccc(Nc2ncc3cc(C(=O)N(C)C)n(C4CCCC4)c3n2)nc1,15000.0,4.823908740944319,0,437.5480000000003
C[C@H](CO)Nc1nc(Nc2ccc(S(=O)(CC3CC3)=NS(=O)(=O)CC[Si](C)(C)C)cc2)ncc1Br,1000.0,6.0,1,604.6690000000003
C[C@H](CO)Nc1nc(Nc2ccc(S(C)(=O)=NS(=O)(=O)CC[Si](C)(C)C)cc2)ncc1Br,390.0,6.4089353929735005,1,564.6040000000003
C[C@H](CO)Nc1nc(Nc2ccc(S(N)(=O)=O)cc2)ncc1Br,4.0,8.397940008672037,1,402.27400000000006
C[C@H](Cc1ccc(O)cc1)NC(=O)c1cc(C(=O)O)c2cc(-c3cccc(C(F)(F)F)c3)ccc2n1,10000.0,5.0,0,494.4690000000001
C[C@H](Nc1nc(Nc2ccc(S(=N)(=O)CCO)cc2)ncc1Br)C(C)(C)O,4.0,8.397940008672037,1,458.3820000000001
C[C@H](Nc1nc(Nc2ccc(S(C)(=N)=O)cc2)ncc1Br)C(C)(C)O,2.0,8.698970004336019,1,428.3560000000001
C[C@H](O)CN1CCN(c2ccc(Nc3ncc4cc(C(=O)N(C)C)n(C5CCCC5)c4n3)nc2)CC1,15000.0,4.823908740944319,0,492.62800000000044
C[C@H](O)CN1CCN(c2ccc(Nc3ncc4cc5n(c4n3)C3(CCCC3)CNC5=O)nc2)C[C@H]1C,6795.0,5.167810538931487,0,490.6120000000004
C[C@H](O)CN1CCN(c2ccc(Nc3ncc4cc5n(c4n3)C3(CCCCC3)CNC5=O)nc2)CC1,4755.0,5.322849478726567,0,490.6120000000005
C[C@H](O)CN1CCN(c2ccc(Nc3ncc4cc5n(c4n3)C3(CCCCC3)CNC5=O)nc2)C[C@@H]1C,1268.0,5.896880746454286,0,504.63900000000046
C[C@H](O)CN1[C@H](C)CN(c2ccc(Nc3ncc4cc5n(c4n3)C3(CCCCC3)CNC5=O)nc2)C[C@@H]1C,2178.5,5.661842435728227,0,518.6660000000004
C[C@H](O)CNc1cc(-c2[nH]c3cccnc3c2-c2ccc(F)cc2)ccn1,25000.0,4.6020599913279625,0,362.408
C[C@H](O)[C@@H](C)Nc1nc(Nc2ccc(S(=N)(=O)CCO)cc2)ncc1Br,5.333333333333333,8.273001272063738,1,444.35500000000013
C[C@H](O)[C@@H](C)Nc1nc(Nc2ccc(S(=O)(CC=O)=NS(=O)(=O)CC[Si](C)(C)C)cc2)ncc1Br,130.0,6.886056647693163,1,606.6410000000003
C[C@H](O)[C@@H](C)Nc1nc(Nc2ccc(S(C)(=N)=O)cc2)ncc1Br,2.0,8.698970004336019,1,414.32900000000006
C[C@H](O)[C@@H](C)Oc1nc(Nc2ccc(S(=O)(CCO)=NS(=O)(=O)CC[Si](C)(C)C)cc2)ncc1Br,54.0,7.267606240177032,1,609.6410000000003
C[C@H](O)[C@@H](C)Oc1nc(Nc2ccc(S(C)(=N)=O)cc2)ncc1Br,10.0,8.0,1,415.3130000000001
C[C@H]1CC[C@@H](n2c3cnccc3c3cnc(Nc4ccc5c(n4)CCN(C(=O)CO)C5)nc32)CC1,375.0,6.425968732272281,1,471.5650000000004
C[C@H]1CN(Cc2ccc(Nc3ncc4cc(C(=O)N(C)C)n(C5CCCC5)c4n3)nc2)CCN1,15000.0,4.823908740944319,0,462.6020000000003
C[C@H]1CN(c2ccc(Nc3ncc4cc(C(=O)N(C)C)n(C5CCCC5)c4n3)nc2)CCN1,15000.0,4.823908740944319,0,448.5750000000003
C[C@H]1CN(c2ccc(Nc3ncc4cc(C(=O)N(C)C)n(C5CCCC5)c4n3)nc2)CCN1C(=O)OC(C)(C)C,15000.0,4.823908740944319,0,548.6920000000003
C[C@H]1CN(c2ccc(Nc3ncc4cc(C(=O)N(C)C)n(C5CCCC5)c4n3)nc2)CCN1CCO,15000.0,4.823908740944319,0,492.6280000000004
C[C@H]1CN(c2ccc(Nc3ncc4cc5n(c4n3)C3(CCCCC3)CNC5=O)nc2)CCN1,1337.5,5.873706209306734,0,446.55900000000037
C[C@H]1CN(c2ccc(Nc3ncc4cc5n(c4n3)C3(CCCCC3)CNC5=O)nc2)CCN1C,1640.0,5.785156151952302,0,460.5860000000004
C[C@H]1CN(c2ccc(Nc3ncc4cc5n(c4n3)C3(CCCCC3)CNC5=O)nc2)CCN1CC1CC1,2465.0,5.6081830763867515,0,500.6510000000005
C[C@H]1CN(c2ccc(Nc3ncc4cc5n(c4n3)C3(CCCCC3)CNC5=O)nc2)CCN1CCC(C)(C)C,1845.0,5.734003629504921,0,530.7210000000005
C[C@H]1CN(c2cccc3nc(-c4nc(-c5cc(C(=O)N(C)C)ccn5)cnc4N)n(C)c23)CCN1,25000.0,4.6020599913279625,0,471.5690000000002
C[C@H]1CN(c2cccc3nc(-c4nc(-c5cccc(C(=O)N(C)C)c5)cnc4N)n(C)c23)CCN1,3400.0,5.468521082957745,0,470.58100000000024
C[C@H]1CNC[C@@H](C(=O)Nc2ncc(SCc3ncc(C(C)(C)C)o3)s2)C1,36.0,7.443697499232712,1,394.5660000000002
C[C@H]1CNC[C@H](C(=O)Nc2ncc(SCc3ncc(C(C)(C)C)o3)s2)C1,5.0,8.301029995663981,1,394.5660000000002
C[C@H]1C[C@@H]2CN1CCn1[nH]c3c(cccc3c1=O)-c1nc3c(cccc3[nH]c1=O)O2,3400.0,5.468521082957745,0,403.4420000000002
Cc1[nH]c(/C=C2/C(=O)Nc3ccc(S(=O)(=O)N(C)c4cccc(Cl)c4)cc32)c(C)c1C(=O)N1CCN(C)CC1,10000.0,5.0,0,568.099
Cc1[nH]c(/C=C2\C(=O)Nc3ccc(S(=O)(=O)Cc4c(Cl)cccc4Cl)cc32)c(C)c1C(=O)N1CCC[C@@H]1CN1CCCC1,47000.0,4.327902142064283,0,641.6209999999996
Cc1[nH]c2c(c1C1(C)NC3=C(C(=O)CC(c4ccccc4)C3)C1=O)C(=O)CC(c1ccccc1)C2,91000.0,4.040958607678906,0,464.5650000000003
Cc1[nH]c2ccccc2c1CCNc1ccc([N+](=O)[O-])cc1C(=O)O,16000.0,4.795880017344075,0,339.35100000000006
Cc1[nH]nc2c1N=C(c1ccccc1Cl)c1cc(N)ccc1N2,88.0,7.055517327849832,1,323.78700000000003
Cc1c(Br)c(=O)n(C2CCCC2)c2nc(Nc3ccc(N4CCNCC4)cc3)ncc12,439.0,6.357535479757878,1,483.4140000000002
Cc1c(C(=O)NCCc2ccc(F)cc2)[nH]c2cc(F)ccc12,34.0,7.468521082957745,1,314.33500000000004
Cc1c(C(=O)NCCc2ccc(N3CCCC3C)cc2)[nH]c2ccc(Cl)cc12,13.0,7.886056647693163,1,395.934
Cc1c(C(=O)NCCc2ccc(N3CCOCC3)cc2)[nH]c2ccc(Cl)cc12,23.0,7.638272163982407,1,397.906
Cc1c(I)c(=O)n(C2CCCC2)c2nc(Nc3ccc(N4CCNCC4)cc3)ncc12,360.0,6.443697499232712,1,530.4140000000003
Cc1c(NC2CCCNC2)nc2ccnn2c1Nc1ccc(F)c(Cl)c1,33000.0,4.481486060122113,0,374.8510000000001
Cc1c(N[C@H]2CCCNC2)nc2ccnn2c1Nc1ccc(C(=O)NC2CCCC2)cc1,49000.0,4.309803919971486,0,433.5600000000003
Cc1c(N[C@H]2CCCNC2)nc2ccnn2c1Nc1ccc(OCCN2CCOCC2)cc1,62000.0,4.207608310501746,0,451.5750000000004
Cc1c(N[C@H]2CCCNC2)nc2ccnn2c1Nc1ccc2c(cnn2C)c1,27000.0,4.568636235841013,0,376.46800000000013
Cc1c(N[C@H]2CC[C@H](N)CC2)nc2ccnn2c1Nc1ccc(F)c(Cl)c1,11000.0,4.958607314841775,0,388.87800000000004
Cc1c(N[C@H]2CC[C@H](N)CC2)nc2ccnn2c1Nc1ccccc1Cl,6400.0,5.1938200260161125,0,370.88800000000003
Cc1c(Nc2c(C#N)cncc2/C=C/CCN2CCC[C@@H](N)C2)ccc2[nH]ccc12,17000.0,4.769551078621726,0,400.5300000000001
Cc1c(Nc2ncc(Cl)c(-c3cnc4ccccn34)n2)cnn1C1CCNCC1,392.0,6.406713932979542,1,408.89700000000016
Cc1c([N+](=O)[O-])ccc2c1/C(=N/Nc1ccc(S(N)(=O)=O)cc1)C(=O)N2,4.6,8.337242168318426,1,375.3660000000001
Cc1cc(-c2cc(N3C[C@H](O)[C@@H](O)C3)ccc2O)nc(N)n1,42.0,7.376750709602099,1,302.33400000000006
Cc1cc(-c2ccc[nH]2)c2c3c(ccc(F)c13)NC2=O,376.0,6.424812155072339,1,266.275
Cc1cc(-c2cnc(Nc3ccccn3)s2)nc(OC2CCCCC2)n1,10000.0,5.0,0,367.4780000000003
Cc1cc(-c2cnc(Nc3cnc(CN4CCN(C)CC4)cn3)s2)nc(OC2CCCCC2)n1,1700.0,5.769551078621726,0,480.64200000000034
Cc1cc(C(C#N)c2ccc(Cl)cc2)c(Cl)cc1NC(=O)c1cc(I)cc(I)c1O,155000.0,3.8096683018297086,0,663.0800000000002
Cc1cc(C)c(CNc2nc(N[C@@H](C)[C@@H](C)O)nc3c2ncn3C(C)C)cn1,5.0,8.301029995663981,1,383.5000000000001
Cc1cc(C)c2c(c1)/C(=C/Nc1ccc(S(N)(=O)=O)cc1)C(=O)N2,5500.0,5.259637310505756,0,343.4080000000001
Cc1cc(C)cc(Nc2nccc(-c3cnn4ncccc34)n2)c1,3.162,8.500038134403809,1,316.36800000000005
Cc1cc(C)nc(Sc2cc(=O)c3c(O)cc(O)c(C4CCN(C)CC4O)c3o2)n1,40400.0,4.393618634889395,0,429.4980000000002
Cc1cc(CC(=O)Nc2cc(C3CC3)[nH]n2)ccc1-c1ccccc1,8.997499999999999,8.04587814467505,1,331.41900000000004
Cc1cc(CC(=O)Nc2cc([C@H]3CCC[C@@H](OC(=O)NC4(C)CC4)CC3)[nH]n2)on1,100.0,7.0,1,415.4940000000002
Cc1cc(CC(=O)Nc2cc([C@H]3CC[C@@H](OC(=O)N4CCC4(C)C)C3)[nH]n2)on1,100.0,7.0,1,401.4670000000002
Cc1cc(CNC(=O)c2nn(C)c3c2CCc2cnc(Nc4ccc(N5CCN(C)CC5)cc4)nc2-3)ccn1,319.0,6.496209316942819,1,523.6450000000002
Cc1cc(CNC(=O)c2nn(CCCN)c3c2CCc2cnc(Nc4cccc(CC(=O)N(C)C)c4)nc2-3)ccn1,500.0,6.301029995663981,1,553.6710000000002
Cc1cc(CNc2ncc(Br)c(Nc3cc(C4CC4)[nH]n3)n2)on1,110.0,6.958607314841775,1,390.2450000000001
Cc1cc(Cl)cc2c1NC(=O)/C2=C\Nc1ccc(S(N)(=O)=O)cc1,7000.0,5.154901959985743,0,363.82600000000014
Cc1cc(N)c2oc(-c3ccc(O)c(O)c3)c(O)c(=O)c2c1,630.0,6.200659450546418,1,299.2820000000001
Cc1cc(N2C(=O)CCC2=O)c2oc(-c3ccc(O)c(O)c3)c(O)c(=O)c2c1,1500.0,5.823908740944319,0,381.34000000000015
Cc1cc(N2C(=O)CCCC2=O)c2oc(-c3ccc(O)c(O)c3)c(O)c(=O)c2c1,4400.0,5.356547323513812,0,395.36700000000013
Cc1cc(N2C(=O)CN(C)C2=O)c2oc(-c3ccc(O)c(O)c3)c(O)c(=O)c2c1,56.0,7.251811972993799,1,396.35500000000013
Cc1cc(N2C(=O)CNC2=O)c2oc(-c3ccc(O)c(O)c3)c(O)c(=O)c2c1,4000.0,5.3979400086720375,0,382.32800000000015
Cc1cc(N2CCCC2)c2oc(-c3ccc(O)c(O)c3)c(O)c(=O)c2c1,3000.0,5.522878745280337,0,353.37400000000014
Cc1cc(N2CCCC2=O)c2oc(-c3ccc(O)c(O)c3)c(O)c(=O)c2c1,1600.0,5.795880017344075,0,367.3570000000001
Cc1cc(N2CCCCC2)c2oc(-c3ccc(O)c(O)c3)c(O)c(=O)c2c1,2600.0,5.585026652029182,0,367.4010000000001
Cc1cc(N2CCCS2(=O)=O)c2oc(-c3ccc(O)c(Br)c3)c(O)c(=O)c2c1,75.0,7.1249387366083,1,466.30900000000014
Cc1cc(N2CCCS2(=O)=O)c2oc(-c3ccc(O)c(C#N)c3)c(O)c(=O)c2c1,1400.0,5.853871964321762,0,412.4230000000002
Cc1cc(N2CCCS2(=O)=O)c2oc(-c3ccc(O)c(C(F)(F)F)c3)c(O)c(=O)c2c1,1700.0,5.769551078621726,0,455.41000000000014
Cc1cc(N2CCCS2(=O)=O)c2oc(-c3ccc(O)c(Cl)c3)c(O)c(=O)c2c1,190.0,6.721246399047171,1,421.8580000000002
Cc1cc(N2CCCS2(=O)=O)c2oc(-c3ccc(O)c(O)c3)c(O)c(=O)c2c1,87.0,7.060480747381382,1,403.41200000000015
Cc1cc(N2CCCS2(=O)=O)c2oc(-c3ccc(O)cc3)c(O)c(=O)c2c1,250.0,6.6020599913279625,1,387.4130000000001
Cc1cc(N2CCN(C)CC2)c2oc(-c3ccc(O)c(O)c3)c(O)c(=O)c2c1,640.0,6.1938200260161125,1,382.4160000000001
Cc1cc(NC(=O)c2ccc(Br)cc2)n[nH]1,5998.955,5.221924395826337,0,280.125
Cc1cc(NC(=O)c2ccccc2)n[nH]1,1499.8400000000001,5.823955068159884,0,201.22900000000004
Cc1cc(NC2CCN(C(=O)O[C@H]3CCN(C(=O)/C=C/CN(C)C)C3)CC2)n2ncc(C(C)C)c2n1,8000.0,5.096910013008056,0,497.64400000000035
Cc1cc(Nc2cnc(C#N)c(N[C@@H](C)c3ccc(F)cn3)n2)n[nH]1,30.0,7.522878745280337,1,338.35
Cc1cc(Nc2cnc(C#N)c(N[C@@H](C)c3ncc(F)cn3)n2)n[nH]1,50.0,7.301029995663981,1,339.338
Cc1cc(Nc2nc(N[C@@H](C)c3ccc(F)cn3)c(C#N)nc2C)n[nH]1,460.0,6.337242168318426,1,352.3770000000001
Cc1cc(Nc2nc(N[C@@H](C)c3ncc(F)cn3)c(C#N)nc2C)n[nH]1,410.0,6.3872161432802645,1,353.3650000000001
Cc1cc(Nc2nc(Nc3ccccc3S(=O)(=O)C(C)C)c3c(C)[nH]nc3n2)c(OC(C)C)cc1C1CCN(C)CC1,920.0,6.036212172654444,1,591.782
Cc1cc(Nc2ncc(Br)c(N[C@@H](C)C(C)(C)O)n2)ccc1S(C)(=N)=O,7.0,8.154901959985743,1,442.38300000000015
Cc1cc(Nc2ncc(Br)c(N[C@H](C)C(C)(C)O)n2)ccc1S(C)(=N)=O,5.5,8.259637310505756,1,442.38300000000015
Cc1cc(Nc2ncc(Br)c(N[C@H](C)[C@H](C)O)n2)ccc1S(C)(=N)=O,4.0,8.397940008672037,1,428.3560000000001
Cc1cc(Nc2ncc(C(=O)Nc3c(C)cccc3Cl)s2)nc(C)n1,25000.0,4.6020599913279625,0,373.8690000000001
Cc1cc(Nc2ncc(Cl)c(Nc3ccccc3S(=O)(=O)C(C)C)n2)c(OC(C)C)cc1C1CCNCC1,3970.0,5.401209493236885,0,558.1480000000001
Cc1cc(Nc2ncc(F)c(-c3cnc(C)n3C(C)C)n2)ccc1C(=O)N(C)C,9.0,8.045757490560675,1,396.47000000000014
Cc1cc(Nc2ncc3c(n2)CN(C(=O)N[C@H](C)c2ccc(Cl)c(Cl)c2)CC3)ccn1,9.0,8.045757490560675,1,457.3650000000002
Cc1cc(O)c(C(C)C)cc1C1(c2cc(C(C)C)c(O)cc2C)OS(=O)(=O)c2ccccc21,35000.0,4.455931955649724,0,466.59900000000016
Cc1cc(O)c(C=O)c2c1C(=O)Oc1c(COC(=O)/C=C/C(=O)O)c(O)c(C(=O)O)c(C)c1O2,12500.0,4.903089986991944,0,472.35800000000023
Cc1cc([N+](=O)[O-])cc(C(=O)O)c1NCCc1c[nH]c2ccccc12,38000.0,4.42021640338319,0,339.351
Cc1cc2c3c(c1)c(C1=C(c4cnc5ccccn45)C(=O)NC1=O)cn3CCN(C(=O)N1CCCCC1)C2,20000.0,4.698970004336019,0,508.58200000000045
Cc1cc2cc(-c3nnc(NC[C@@H](N)Cc4ccc(C(F)(F)F)cc4)s3)ccc2cn1,607.0,6.2168113089247425,1,443.49800000000005
Cc1ccc(-c2cc3c(NC(=O)C4CC4)ncnc3o2)cc1,21000.0,4.6777807052660805,0,293.326
Cc1ccc(-c2cc3c(NC(=O)C4CCCC4)ncnc3o2)cc1,20000.0,4.698970004336019,0,321.38
Cc1ccc(-c2ccc(C(=O)N(C)CCc3c[nH]c4ccccc34)cc2)cc1,70000.0,4.154901959985743,0,368.48
Cc1ccc(-c2ccc(C(=O)N3CCc4c([nH]c5ccccc45)C3)cc2)cc1,736000.0,3.133122185662501,0,366.46400000000006
Cc1ccc(-c2ccc(C(=O)NCCc3c[nH]c4ccccc34)cc2)cc1,816000.0,3.0883098412461387,0,354.45300000000003
Cc1ccc(-c2ccc3occ(-c4ccc([S@+](C)[O-])cc4)c3c2)o1,10000.0,5.0,0,336.4120000000001
Cc1ccc(-c2cccc(C(=O)N3CCc4c([nH]c5ccccc45)C3)c2)cc1,466000.0,3.33161408331,0,366.46400000000006
Cc1ccc(-c2nn(-c3ccccc3)cc2C(=O)NC(=S)Nc2ccc(Cl)cc2)cc1,63.0,7.200659450546418,1,446.9630000000002
Cc1ccc(-c2nn(-c3ccccc3)cc2C(=O)NC(=S)Nc2ccc(F)cc2)cc1,41.0,7.3872161432802645,1,430.50800000000015
Cc1ccc(C(=O)NC2CC2)cc1-c1ccc(C(=O)NCC2CC2)cc1,20000.0,4.698970004336019,0,348.4460000000001
Cc1ccc(C(=O)NC2CC2)cc1-c1ccc2c(=O)n(CC3CC3)nnc2c1,20000.0,4.698970004336019,0,374.44400000000013
Cc1ccc(C(=O)NC2CC2)cc1-c1ccc2c(C3CCNCC3)noc2c1,20000.0,4.698970004336019,0,375.4720000000002
Cc1ccc(C(=O)NC2CC2)cc1-c1ccc2ccncc2c1,20000.0,4.698970004336019,0,302.377
Cc1ccc(C(=O)NC2CC2)cc1Nc1ncnn2cc(C(=O)c3ccccc3)c(C)c12,25000.0,4.6020599913279625,0,425.4920000000002
Cc1ccc(C(=O)NCCO)cc1-n1cnc(OCc2ccc(F)cc2F)c(Cl)c1=O,10000.0,5.0,0,449.8410000000002
Cc1ccc(C(=O)Nc2cccc(N3CCOCC3)c2)cc1-c1ccc2c(C3CCNCC3)noc2c1,20000.0,4.698970004336019,0,496.61100000000033
Cc1ccc(C(=O)Nc2ccon2)cc1Nc1ncnc(NC2CCCC2)c1C#N,100000.0,4.0,0,403.44600000000025
Cc1ccc(C(=O)Nc2ccon2)cc1Nc1ncnc2c1cnn2-c1ccccc1,10000.0,5.0,0,411.4250000000001
Cc1ccc(CC(=O)Nc2n[nH]c3ccc(N4CCCS4(=O)=O)cc23)cc1,7.0,8.154901959985743,1,384.4610000000001
Cc1ccc(CN/C=C2\C(=O)NC(=O)c3ccc(I)cc32)cc1O,13600.0,4.866461091629782,0,434.23300000000006
Cc1ccc(Cl)c(N(CC#N)c2cc(Nc3ccc(OC[C@@H](O)CN(C)C)cc3)ncn2)c1,2670.0,5.573488738635425,0,466.97300000000024
Cc1ccc(Cl)c(Nc2cc(Nc3ccc(OCC(O)CN(C)C)cc3)ncn2)c1,22000.0,4.657577319177793,0,427.9360000000002
Cc1ccc(Cl)c(Nc2ccnc(Nc3ccc(OCC(O)CN(C)C)cc3)n2)c1,5000.0,5.301029995663981,0,427.93600000000026
Cc1ccc(F)c(Nc2cc(Nc3ccc(OCC(O)CN(C)C)cc3)ncn2)c1,81000.0,4.0915149811213505,0,411.48100000000017
Cc1ccc(F)c(Nc2ccnc(Nc3ccc(OCC(O)CN(C)C)cc3)n2)c1,2000.0,5.698970004336019,0,411.4810000000002
Cc1ccc(F)c(Nc2ccnc(Nc3ccc(S(N)(=O)=O)cc3)n2)c1,6.0,8.221848749616356,1,373.4130000000001
Cc1ccc(F)c(Nc2nccc(-c3ccc(S(N)(=O)=O)cc3)n2)c1,32.0,7.494850021680094,1,358.3980000000001
Cc1ccc(N(CC#N)c2cc(Nc3ccc(OCC(O)CN(C)C)cc3)ncn2)c(Br)c1,3000.0,5.522878745280337,0,511.42400000000015
Cc1ccc(NC(=O)c2ccc(CN3CCN(C)CC3)cc2)cc1-c1ccc(-c2csc(N)n2)cc1,20000.0,4.698970004336019,0,497.66800000000023
Cc1ccc(NC(=O)c2ccc(CN3CCN(C)CC3)cc2)cc1-c1ccc2c(N)noc2c1,20000.0,4.698970004336019,0,455.56200000000024
Cc1ccc(NC(=O)c2ccc(CN3CCN(C)CC3)cc2)cc1-c1ccc2ccncc2c1,20000.0,4.698970004336019,0,450.5860000000002
Cc1ccc(NC(=O)c2ccc(CN3CCN(C)CC3)cc2)cc1Nc1nccc(-c2cccnc2)n1,100000.0,4.0,0,493.6150000000002
Cc1ccc(NC(=O)c2ccnc(N3CCCC3)c2)cc1-c1ccc2c(C3CCNCC3)noc2c1,20000.0,4.698970004336019,0,481.6000000000003
Cc1ccc(NC(=S)NC(=O)c2cn(-c3ccccc3)nc2-c2ccc(C)cc2)cc1,52.0,7.2839966563652006,1,426.5450000000002
Cc1ccc(NC(=S)NC(=O)c2cn(-c3ccccc3)nc2-c2ccc(Cl)cc2)cc1,42.0,7.376750709602099,1,446.9630000000002
Cc1ccc(NC(=S)NC(=O)c2cn(-c3ccccc3)nc2-c2ccc(F)cc2)cc1,43.0,7.366531544420414,1,430.50800000000015
Cc1ccc(NC(=S)NC(=O)c2cn(-c3ccccc3)nc2-c2ccccc2)cc1,69.0,7.161150909262744,1,412.51800000000014
Cc1ccc(NC2=CC(=O)c3sc(C)nc3C2=O)cc1,200000.0,3.6989700043360187,0,284.34000000000003
Cc1ccc(Nc2cc(Nc3ccc(OCC(O)CN(C)C)cc3)ncn2)cc1,100000.0,4.0,0,393.4910000000001
Cc1ccc(Nc2ccnc(Nc3ccc(OCC(O)CN(C)C)cc3)n2)cc1,26000.0,4.585026652029182,0,393.4910000000001
Cc1ccc(S(=O)(=O)Nc2cc(S(=O)(=O)[O-])c(N)c3c2C(=O)c2ccccc2C3=O)cc1,3815.0,5.4185054577091005,0,471.4920000000003
Cc1ccc(S(=O)(=O)Nc2ccc(-c3ccnc(Nc4ccc(S(=O)(=O)Nc5cc(C)no5)cc4)c3C#N)cc2)cc1,2530.0,5.5968794788241825,0,600.6820000000001
Cc1ccc(S(=O)(=O)Nc2ccc(-c3ccnc(Nc4ccc(S(=O)(=O)Nc5nccc(C)n5)cc4)c3C#N)cc2)cc1,1790.0,5.747146969020107,0,611.7090000000002
Cc1ccc(Sc2cnc(Nc3cccc(Br)n3)s2)cc1C(=O)N1CCN(C(=O)CN)CC1,540.0,6.267606240177032,1,547.504
Cc1ccc(Sc2cnc(Nc3cccc(Br)n3)s2)cc1C(=O)N1CCN(C(=O)[C@@H](C)N)CC1,230.0,6.638272163982407,1,561.531
Cc1ccc(Sc2cnc(Nc3cccc(Br)n3)s2)cc1C(=O)N1CCN(C(=O)[C@H](C)N)CC1,520.0,6.2839966563652006,1,561.531
Cc1ccc2[nH]c3c4ccccc4nc(C(=O)O)c3c2c1,10000.0,5.0,0,276.295
Cc1ccc2[nH]cc(C(=O)C(=O)N3CCc4ccccc43)c2c1,951000.0,3.021819483062586,0,304.34900000000005
Cc1ccc2[nH]cc(CCn3ccc4ccccc43)c2c1,400000.0,3.3979400086720375,0,274.367
Cc1ccc2c(-c3ccnc(Nc4cccc(C(F)(F)F)c4)n3)c(-c3ccccc3)nn2n1,19952.62,4.70000006855703,0,446.4360000000001
Cc1ccc2c(CCNc3ccc([N+](=O)[O-])cc3C(=O)O)cn(C)c2c1,920.0,6.036212172654444,1,353.3780000000001
Cc1ccc2c(c1)/C(=N/Nc1ccc(S(N)(=O)=O)cc1)C(=O)N2,46.0,7.337242168318426,1,330.3690000000001
Cc1ccc2c(c1)CCN2C(=O)C(=O)c1c[nH]c2ccc(C)cc12,710000.0,3.1487416512809245,0,318.3760000000001
Cc1ccc2c(c1)CCN2C(=O)C(=O)c1c[nH]c2ccccc12,910000.0,3.040958607678906,0,304.34900000000005
Cc1ccc2c(c1)c(CCNc1ccc([N+](=O)[O-])cc1C(=O)O)cn2C,21000.0,4.6777807052660805,0,353.3780000000001
Cc1ccc2c(c1Cl)/C(=N/Nc1ccc(S(N)(=O)=O)cc1)C(=O)N2,13.0,7.886056647693163,1,364.81400000000014
Cc1ccc2c(ccn2CCc2c[nH]c3ccc(C)cc23)c1,960000.0,3.0177287669604316,0,288.394
Cc1ccc2c(ccn2CCc2c[nH]c3ccccc23)c1,500000.0,3.3010299956639813,0,274.367
Cc1cccc(-c2ccc(C(=O)N3CCc4c([nH]c5ccccc45)C3)cc2)c1,405000.0,3.3925449767853313,0,366.46400000000006
Cc1cccc(-c2cccc(C(=O)N3CCc4c([nH]c5ccccc45)C3)c2)c1,465000.0,3.332547047110046,0,366.46400000000006
Cc1cccc(-c2ccccc2C(=O)N2CCc3c([nH]c4ccccc34)C2)c1,386000.0,3.413412695328245,0,366.46400000000006
Cc1cccc(-c2ccccc2C(=O)NCCc2c[nH]c3ccccc23)c1,406000.0,3.3914739664228057,0,354.45300000000003
Cc1cccc(C)c1/C=C/n1cnc2c(Nc3ccc(P(C)(C)=O)cc3)ncnc21,1000.0,6.0,1,417.45300000000015
Cc1cccc(C)c1NS(=O)(=O)c1ccc(N/C=C2\C(=O)Nc3ccc4ncsc4c32)cc1,281.0,6.55129368009492,1,476.5830000000002
Cc1cccc(CC(=O)Nc2n[nH]c3ccc(N4CCCS4(=O)=O)cc23)c1,10.0,8.0,1,384.4610000000002
Cc1cccc(Cl)c1NC(=O)c1cnc(NC(=O)C2CC2)s1,25000.0,4.6020599913279625,0,335.81600000000014
Cc1cccc(Nc2nccc(-c3ccnc(N4CCOCC4)c3)n2)c1,46.0,7.337242168318426,1,347.4220000000002
Cc1cccc2c(CCNc3ccc([N+](=O)[O-])cc3C(=O)O)cn(C)c12,24000.0,4.619788758288394,0,353.3780000000001
Cc1cccc2c1/C(=C/c1[nH]cc3c1CCOC3=O)C(=O)N2,270.0,6.568636235841013,1,294.30999999999995
Cc1cccc2c1NC(=O)/C2=C\Nc1ccc(S(N)(=O)=O)cc1,7000.0,5.154901959985743,0,329.3810000000001
Cc1cccc2c1c(CCNc1ccc([N+](=O)[O-])cc1C(=O)O)cn2C,5000.0,5.301029995663981,0,353.3780000000001
Cc1ccccc1-c1ccc(C(=O)N2CCc3c([nH]c4ccccc34)C2)cc1,340000.0,3.4685210829577446,0,366.46400000000006
Cc1ccccc1-c1cccc(C(=O)N2CCc3c([nH]c4ccccc34)C2)c1,665000.0,3.1771783546968955,0,366.46400000000006
Cc1ccccc1C(=O)c1ccc2nc(N)c(C(=O)c3c(F)cccc3F)n2c1,1294.0,5.888065723667318,0,391.37700000000007
Cc1ccccc1Nc1cc(Nc2ccc(OCC(O)CN(C)C)cc2)ncn1,39000.0,4.4089353929735005,0,393.4910000000001
Cc1cn2c(-c3cn[nH]c3)cnc2c(Nc2cc(C(NC(C)(C)C)c3ccccn3)ns2)n1,1000.0,6.0,1,459.58300000000014
Cc1cn2c(-c3cn[nH]c3)cnc2c(Nc2cc(CN3CCC(F)(F)C3)ns2)n1,100.0,7.0,1,416.4610000000001
Cc1cn2c(-c3cn[nH]c3)cnc2c(Nc2cc(Cc3ccccn3)ns2)n1,500.0,6.301029995663981,1,388.46000000000004
Cc1cn2c(-c3cn[nH]c3)cnc2c(Nc2cc([C@@H](C)N3C[C@@H](C)O[C@@H](C)C3)ns2)n1,10.0,8.0,1,438.5610000000002
Cc1cnc(Nc2ccc(OCC(O)CN(C)C)cc2)nc1Nc1ccccc1,8000.0,5.096910013008056,0,393.49100000000004
Cc1cnc(Nc2ccnn2C)nc1-c1cc2n(c1)C(=O)N([C@H](CO)c1cccc(Cl)c1)C2,99.4,7.002613615602686,1,463.9290000000002
Cc1cnc(OC2CCCCC2)nc1-c1cnc(Nc2ccccn2)s1,270.0,6.568636235841013,1,367.478
Cc1cnc2nc1-c1ccc3ccn(c3c1)C/C=C/COCc1cc(ccc1OCCN1CCCC1)N2,2500.0,5.6020599913279625,0,495.62700000000046
Cc1cnc2nc1-c1cccc(c1)COC/C=C/COCc1cc(ccc1OCCN1CCCC1)N2,10000.0,5.0,0,486.6160000000004
Cc1cnc2nc1-c1cccc(c1)OCC/C=C/CN(C)Cc1cccc(c1)N2,150.0,6.823908740944319,1,386.4990000000001
Cc1cnc2nc1-c1ccnc(c1)OCC/C=C/COCc1cc(ccc1OCCN1CCCC1)N2,3900.0,5.4089353929735005,0,487.6040000000004
Cc1cnn2c(NCc3ccc[n+]([O-])c3)cc(N3CCCC[C@@H]3CCO)nc12,1.0,9.0,1,382.4680000000003
Cc1n[nH]c2ccc(-c3cc(N[C@@H](CO)c4ccccc4)cnc3Cl)cc12,163.95,6.785288578994616,1,378.8630000000001
Cc1n[nH]c2ccc(-c3cncc(NC(CO)c4ccccc4)n3)cc12,146.85,6.833126049141181,1,345.40600000000006
Cc1n[nH]c2ccc(-c3cncc(NC4CCCC(O)C4)n3)cc12,52.86,7.276872841204308,1,323.40000000000003
Cc1n[nH]c2ccc(-c3cncc(N[C@@H](CO)c4ccc(F)cc4)n3)cc12,56.13,7.2508049577803275,1,363.3960000000001
Cc1n[nH]c2ccc(-c3cncc(N[C@@H](CO)c4cccc(F)c4)n3)cc12,34.48,7.462432742847325,1,363.3960000000001
Cc1n[nH]c2ccc(-c3cncc(N[C@@H](CO)c4ccccc4)n3)cc12,67.44,7.171082438383314,1,345.40600000000006
Cc1n[nH]c2ccc(-c3nnc(NC[C@@H](N)Cc4ccc(C(F)(F)F)cc4)s3)cc12,17.0,7.769551078621726,1,432.475
Cc1n[nH]c2ccc(-c3nnc(NC[C@@H](N)Cc4ccc(Cl)cc4)s3)cc12,72.0,7.142667503568732,1,398.92300000000006
Cc1n[nH]c2ccc(-c3nnc(NC[C@@H](N)Cc4ccc(Cl)cc4Cl)s3)cc12,70.0,7.154901959985743,1,433.3680000000001
Cc1n[nH]c2ccc(-c3nnc(NC[C@@H](N)Cc4ccc(F)c(F)c4)s3)cc12,19.0,7.721246399047171,1,400.458
Cc1n[nH]c2ccc(-c3nnc(NC[C@@H](N)Cc4cccc(C(F)(F)F)c4)s3)cc12,35.0,7.455931955649724,1,432.475
Cc1n[nH]c2ccc(-c3nnc(NC[C@@H](N)Cc4cccc(Cl)c4)s3)cc12,17.0,7.769551078621726,1,398.92300000000006
Cc1n[nH]c2ccc(-c3nnc(NC[C@@H](N)Cc4ccccc4)s3)cc12,72.0,7.142667503568732,1,364.478
Cc1n[nH]c2ccc(-c3nnc(NC[C@@H](N)Cc4ccccc4C(F)(F)F)s3)cc12,198.0,6.703334809738469,1,432.475
Cc1n[nH]c2ccc(-c3nnc(NC[C@@H](N)Cc4ccccc4Cl)s3)cc12,57.0,7.2441251443275085,1,398.92300000000006
Cc1n[nH]c2ccc(-c3nnc(NC[C@@H](N)Cc4ccccc4F)s3)cc12,104.0,6.982966660701219,1,382.468
Cc1n[nH]c2ncc(-c3cc(N[C@@H](CO)c4ccccc4)cnc3Cl)cc12,1000.0,6.0,1,379.85100000000006
Cc1nc(-c2c(C)nn3c(-c4ccccc4)ccnc23)no1,1290.0,5.889410289700751,0,291.3140000000001
Cc1nc(/N=N/c2cc(S(=O)(=O)[O-])c3cc([N+](=O)[O-])cc(S(=O)(=O)[O-])c3c2)c(COP(=O)([O-])O)c(C=O)c1O,6150.0,5.211124884224583,0,603.4160000000003
Cc1nc(/N=N/c2ccc(C(=O)[O-])cc2)c(COP(=O)([O-])[O-])c(C=O)c1O,1900.0,5.721246399047171,0,392.2400000000001
Cc1nc(Nc2c[nH]nc2C(=O)Nc2ccc(CN3CCN(C)CC3)cc2)c2cc(C(C)C)sc2n1,21.5,7.667561540084395,1,504.6640000000003
Cc1nc(Nc2c[nH]nc2C(=O)Nc2ccc(CN3CCOCC3)cc2)c2cc(C(C)C)sc2n1,25.4,7.595166283380062,1,491.6210000000003
Cc1nc(Nc2c[nH]nc2C(=O)Nc2ccc(N3CCNCC3)cc2)c2ccsc2n1,81.54,7.088629292883862,1,434.52900000000017
Cc1nc(Nc2ncc(C(=O)Nc3c(C)cccc3Cl)s2)cc(N2CCN(CCO)CC2)n1,5000.0,5.301029995663981,0,488.01700000000034
Cc1nc2c(C(F)(F)F)cc(-c3nc(Nc4ccc5c(n4)CCNC5)ncc3F)cc2n1C(C)C,3330.0,5.47755576649368,0,485.48900000000026
Cc1nc2c(F)cc(-c3nc(Nc4ccc5c(n4)CCC(C(=O)CN)C5)ncc3F)cc2n1C(C)C,37.2,7.429457060118103,1,491.5460000000003
Cc1nc2c(F)cc(-c3nc(Nc4ccc5c(n4)CCN(C(=O)C(C)(C)N(C)C)C5)ncc3F)cc2n1C(C)C,151.0,6.82102305270683,1,548.6420000000003
Cc1nc2c(F)cc(-c3nc(Nc4ccc5c(n4)CCN(C(=O)C(C)N(C)C)C5)ncc3F)cc2n1C(C)C,57.9,7.2373214362725635,1,534.6150000000002
Cc1nc2c(F)cc(-c3nc(Nc4ccc5c(n4)CCN(C(=O)C4CC(N(C)C)C4)C5)ncc3F)cc2n1C(C)C,58.9,7.229884705212898,1,560.6530000000002
Cc1nc2c(F)cc(-c3nc(Nc4ccc5c(n4)CCN(C(=O)C4CC(N)C4)C5)ncc3F)cc2n1C(C)C,40.6,7.391473966422806,1,532.5990000000003
Cc1nc2c(F)cc(-c3nc(Nc4ccc5c(n4)CCN(C(=O)C4CC(O)C4)C5)ncc3F)cc2n1C(C)C,20.4,7.690369832574102,1,533.5830000000002
Cc1nc2c(F)cc(-c3nc(Nc4ccc5c(n4)CCN(C(=O)C4CCCN4)C5)ncc3F)cc2n1C1CC1,2384.0,5.622693748931801,0,530.5830000000002
Cc1nc2c(F)cc(-c3nc(Nc4ccc5c(n4)CCN(C(=O)CC(C)(C)O)C5)ncc3F)cc2n1C(C)C,37.2,7.429457060118103,1,535.5990000000003
Cc1nc2c(F)cc(-c3nc(Nc4ccc5c(n4)CCN(C(=O)CC4CC(O)C4)C5)ncc3F)cc2n1C1CC1,20.4,7.690369832574102,1,545.5940000000002
Cc1nc2c(F)cc(-c3nc(Nc4ccc5c(n4)CCN(C(=O)CCN(C)C)C5)ncc3F)cc2n1C(C)(C)C,14.3,7.844663962534938,1,548.6420000000003
Cc1nc2c(F)cc(-c3nc(Nc4ccc5c(n4)CCN(C(=O)CCN(C)C)C5)ncc3F)cc2n1C1CC1,314.0,6.503070351926785,1,532.5990000000002
Cc1nc2c(F)cc(-c3nc(Nc4ccc5c(n4)CCN(C(=O)CCN(C)C)C5)ncc3F)cc2n1C1CCC1,294.0,6.531652669587842,1,546.6260000000001
Cc1nc2c(F)cc(-c3nc(Nc4ccc5c(n4)CCN(C(=O)CCO)C5)ncc3F)cc2n1C(C)C,13.4,7.872895201635193,1,507.5450000000003
Cc1nc2c(F)cc(-c3nc(Nc4ccc5c(n4)CCN(C(=O)CN(C)C)C5)ncc3F)cc2n1C(C)C,33.7,7.4723700991286615,1,520.5880000000003
Cc1nc2c(F)cc(-c3nc(Nc4ccc5c(n4)CCN(C(=O)CN(C)C)C5)ncc3F)cc2n1C1CC1,510.25,6.2922169866118915,1,518.5720000000002
Cc1nc2c(F)cc(-c3nc(Nc4ccc5c(n4)CCN(C(=O)CN(C)C)C5)ncc3F)cc2n1C1CCC(C)CC1,87.6,7.057495893831919,1,574.6800000000001
Cc1nc2c(F)cc(-c3nc(Nc4ccc5c(n4)CCN(C(=O)CN(C)C)C5)ncc3F)cc2n1C1CCC1,294.0,6.531652669587842,1,532.5990000000002
Cc1nc2c(F)cc(-c3nc(Nc4ccc5c(n4)CCN(C(=O)CN(C)C)C5)ncc3F)cc2n1C1CCCC1,193.0,6.714442690992226,1,546.6260000000001
Cc1nc2c(F)cc(-c3nc(Nc4ccc5c(n4)CCN(C(=O)CN(C)C)C5)ncc3F)cc2n1C1CCCCC1,281.0,6.55129368009492,1,560.653
Cc1nc2c(F)cc(-c3nc(Nc4ccc5c(n4)CCN(C(=O)CN(C)C)C5)ncc3F)cc2n1CC1CC1,79.4,7.100179497572904,1,532.5990000000002
Cc1nc2c(F)cc(-c3nc(Nc4ccc5c(n4)CCN(C(=O)CN)C5)ncc3F)cc2n1C(C)C,37.2,7.429457060118103,1,492.5340000000003
Cc1nc2c(F)cc(-c3nc(Nc4ccc5c(n4)CCN(C(=O)CN4CCCCC4)C5)ncc3F)cc2n1C1CC1,154.0,6.812479279163537,1,558.6370000000003
Cc1nc2c(F)cc(-c3nc(Nc4ccc5c(n4)CCN(C(=O)CN4CCN(C)CC4)C5)ncc3F)cc2n1C(C)C,14.8,7.8297382846050425,1,575.6680000000002
Cc1nc2c(F)cc(-c3nc(Nc4ccc5c(n4)CCN(C(=O)CN4CCOCC4)C5)ncc3F)cc2n1C(C)C,31.1,7.507239610973162,1,562.6250000000003
Cc1nc2c(F)cc(-c3nc(Nc4ccc5c(n4)CCN(C(=O)CN4CCOCC4)C5)ncc3F)cc2n1C1CC1,154.0,6.812479279163537,1,560.6090000000003
Cc1nc2c(F)cc(-c3nc(Nc4ccc5c(n4)CCN(C(=O)CO)C5)ncc3F)cc2n1C(C)C,13.5,7.8696662315049934,1,493.51800000000026
Cc1nc2c(F)cc(-c3nc(Nc4ccc5c(n4)CCN(C(=O)N(C)CCN(C)C)C5)ncc3F)cc2n1C1CC1,364.0,6.438898616350944,1,561.6410000000002
Cc1nc2c(F)cc(-c3nc(Nc4ccc5c(n4)CCN(C(=O)NCCN(C)C)C5)ncc3F)cc2n1C(C)C,54.1,7.266802734893431,1,549.6300000000002
Cc1nc2c(F)cc(-c3nc(Nc4ccc5c(n4)CCN(C(=O)NCCN(C)C)C5)ncc3F)cc2n1C1CC1,122.0,6.913640169325252,1,547.6140000000001
Cc1nc2c(F)cc(-c3nc(Nc4ccc5c(n4)CCN(C(=O)NCCO)C5)ncc3F)cc2n1C(C)C,28.2,7.549750891680639,1,522.5600000000003
Cc1nc2c(F)cc(-c3nc(Nc4ccc5c(n4)CCN(C(=O)NCCO)C5)ncc3F)cc2n1C1CC1,334.0,6.476253533188435,1,520.5440000000002
Cc1nc2c(F)cc(-c3nc(Nc4ccc5c(n4)CCN(C(=O)O)C5)ncc3F)cc2n1C(C)C,7.34,8.13430394008393,1,479.4910000000002
Cc1nc2c(F)cc(-c3nc(Nc4ccc5c(n4)CCN(C(=O)OCCN(C)C)C5)ncc3F)cc2n1C1CC1,346.0,6.460923901207224,1,548.5980000000002
Cc1nc2c(F)cc(-c3nc(Nc4ccc5c(n4)CCN(C(=O)[C@@H](C)N(C)C)C5)ncc3F)cc2n1C(C)C,28.3,7.548213564475709,1,534.6150000000002
Cc1nc2c(F)cc(-c3nc(Nc4ccc5c(n4)CCN(C(=O)[C@@H](C)N(C)C)C5)ncc3F)cc2n1C1CC1,501.5,6.299729062643563,1,532.5990000000002
Cc1nc2c(F)cc(-c3nc(Nc4ccc5c(n4)CCN(C(=O)[C@@H]4CCCN4)C5)ncc3F)cc2n1C1CC1,212.0,6.673664139071248,1,530.5830000000002
Cc1nc2c(F)cc(-c3nc(Nc4ccc5c(n4)CCN(C(=O)[C@@H]4CCCN4C)C5)ncc3F)cc2n1C1CC1,93.4,7.029653123769907,1,544.6100000000002
Cc1nc2c(F)cc(-c3nc(Nc4ccc5c(n4)CCN(C(=O)[C@H](C)N(C)C)C5)ncc3F)cc2n1C1CC1,91.0,7.040958607678906,1,532.5990000000002
Cc1nc2c(F)cc(-c3nc(Nc4ccc5c(n4)CCN(C(=O)[C@H]4CCCN4C)C5)ncc3F)cc2n1C1CC1,93.7,7.028260409112222,1,544.6100000000002
Cc1nc2c(F)cc(-c3nc(Nc4ccc5c(n4)CCN(C(C)C)C5)ncc3F)cc2n1C(C)C,35.0,7.455931955649724,1,477.5630000000002
Cc1nc2c(F)cc(-c3nc(Nc4ccc5c(n4)CCN(C(C)C)C5)ncc3F)cc2n1C1CC1,710.0,6.1487416512809245,1,475.54700000000025
Cc1nc2c(F)cc(-c3nc(Nc4ccc5c(n4)CCN(C(C)CN(C)C)C5)ncc3F)cc2n1C(C)(C)C,50.3,7.298432014944073,1,534.6590000000002
Cc1nc2c(F)cc(-c3nc(Nc4ccc5c(n4)CCN(C)C5)ncc3F)cc2n1C(C)C,15.5,7.809668301829708,1,449.5090000000002
Cc1nc2c(F)cc(-c3nc(Nc4ccc5c(n4)CCN(C/C=N/O)C5)ncc3F)cc2n1C(C)C,6.02,8.220403508742175,1,492.5340000000002
Cc1nc2c(F)cc(-c3nc(Nc4ccc5c(n4)CCN(CC#CCN(C)C)C5)ncc3F)cc2n1C(C)C,35.5,7.449771646944906,1,530.6270000000003
Cc1nc2c(F)cc(-c3nc(Nc4ccc5c(n4)CCN(CC(=O)N(C)C)C5)ncc3F)cc2n1C1CC1,413.0,6.384049948343599,1,518.5720000000002
Cc1nc2c(F)cc(-c3nc(Nc4ccc5c(n4)CCN(CC(=O)O)C5)ncc3F)cc2n1C(C)C,7.34,8.13430394008393,1,493.51800000000026
Cc1nc2c(F)cc(-c3nc(Nc4ccc5c(n4)CCN(CC(C)(C)N(C)C)C5)ncc3F)cc2n1C(C)(C)C,29.0,7.5376020021010435,1,548.6860000000003
Cc1nc2c(F)cc(-c3nc(Nc4ccc5c(n4)CCN(CC(C)(C)N)C5)ncc3F)cc2n1C(C)(C)C,18.0,7.7447274948966935,1,520.6320000000003
Cc1nc2c(F)cc(-c3nc(Nc4ccc5c(n4)CCN(CC(C)(C)N)C5)ncc3F)cc2n1C1CC1,567.0,6.246416941107094,1,504.58900000000034
Cc1nc2c(F)cc(-c3nc(Nc4ccc5c(n4)CCN(CC(F)(F)F)C5)ncc3F)cc2n1C(C)C,60.4,7.218963061378868,1,517.5060000000002
Cc1nc2c(F)cc(-c3nc(Nc4ccc5c(n4)CCN(CC(N)=NO)C5)ncc3F)cc2n1C(C)(C)C,27.0,7.568636235841013,1,521.5760000000002
Cc1nc2c(F)cc(-c3nc(Nc4ccc5c(n4)CCN(CC(N)=NO)C5)ncc3F)cc2n1C(C)C,8.43,8.074172425375258,1,507.54900000000026
Cc1nc2c(F)cc(-c3nc(Nc4ccc5c(n4)CCN(CC=NO)C5)ncc3F)cc2n1C(C)(C)C,14.0,7.853871964321762,1,506.56100000000026
Cc1nc2c(F)cc(-c3nc(Nc4ccc5c(n4)CCN(CC=NO)C5)ncc3F)cc2n1C(C)C,14.0,7.853871964321762,1,492.5340000000002
Cc1nc2c(F)cc(-c3nc(Nc4ccc5c(n4)CCN(CCC(N)NO)C5)ncc3F)cc2n1C(C)C,8.43,8.074172425375258,1,523.5920000000002
Cc1nc2c(F)cc(-c3nc(Nc4ccc5c(n4)CCN(CCCN(C)C)C5)ncc3F)cc2n1C(C)(C)C,28.5,7.54515513999149,1,534.6590000000003
Cc1nc2c(F)cc(-c3nc(Nc4ccc5c(n4)CCN(CCCN(C)C)C5)ncc3F)cc2n1C1CC1,1490.0,5.826813731587726,0,518.6160000000003
Cc1nc2c(F)cc(-c3nc(Nc4ccc5c(n4)CCN(CCF)C5)ncc3F)cc2n1C(C)C,22.5,7.647817481888637,1,481.52600000000024
Cc1nc2c(F)cc(-c3nc(Nc4ccc5c(n4)CCN(CCN(C)C(=N)N)C5)ncc3F)cc2n1C(C)C,16.3,7.787812395596042,1,534.6190000000003
Cc1nc2c(F)cc(-c3nc(Nc4ccc5c(n4)CCN(CCN(C)C(=S)n4ccnc4)C5)ncc3F)cc2n1C(C)C,147.0,6.8326826652518236,1,602.7190000000002
Cc1nc2c(F)cc(-c3nc(Nc4ccc5c(n4)CCN(CCN(C)C(N)=S)C5)ncc3F)cc2n1C(C)C,14.5,7.838631997765025,1,551.6710000000003
Cc1nc2c(F)cc(-c3nc(Nc4ccc5c(n4)CCN(CCN(C)C)C5)ncc3F)cc2n1C,3330.0,5.47755576649368,0,478.5510000000003
Cc1nc2c(F)cc(-c3nc(Nc4ccc5c(n4)CCN(CCN(C)C)C5)ncc3F)cc2n1C(C)(C)C,54.9,7.260427655549908,1,520.6320000000003
Cc1nc2c(F)cc(-c3nc(Nc4ccc5c(n4)CCN(CCN(C)C)C5)ncc3F)cc2n1C(C)C,47.7,7.321481620959886,1,506.6050000000003
Cc1nc2c(F)cc(-c3nc(Nc4ccc5c(n4)CCN(CCN(C)C)C5)ncc3F)cc2n1C(C)C1CC1,16.3,7.787812395596042,1,532.6430000000001
Cc1nc2c(F)cc(-c3nc(Nc4ccc5c(n4)CCN(CCN(C)C)C5)ncc3F)cc2n1C1(C)CC1,16.3,7.787812395596042,1,518.6160000000003
Cc1nc2c(F)cc(-c3nc(Nc4ccc5c(n4)CCN(CCN(C)C)C5)ncc3F)cc2n1C1CC1,700.0,6.154901959985743,1,504.58900000000034
Cc1nc2c(F)cc(-c3nc(Nc4ccc5c(n4)CCN(CCN(C)C)C5)ncc3F)cc2n1C1CCCC1,670.0,6.173925197299173,1,532.6430000000003
Cc1nc2c(F)cc(-c3nc(Nc4ccc5c(n4)CCN(CCN(C)C)C5)ncc3F)cc2n1C1CCCCC1,19.2,7.716698771296451,1,546.6700000000002
Cc1nc2c(F)cc(-c3nc(Nc4ccc5c(n4)CCN(CCN(C)C)C5)ncc3F)cc2n1CC1CC1,232.0,6.634512015109101,1,518.6160000000003
Cc1nc2c(F)cc(-c3nc(Nc4ccc5c(n4)CCN(CCN(C)C)C5)ncc3F)cc2n1[C@H]1CC[C@H](C)CC1,116.0,6.935542010773082,1,560.6970000000002
Cc1nc2c(F)cc(-c3nc(Nc4ccc5c(n4)CCN(CCN(C)C)[C@@H]5C)ncc3F)cc2n1C(C)(C)C,31.1,7.507239610973162,1,534.6590000000002
Cc1nc2c(F)cc(-c3nc(Nc4ccc5c(n4)CCN(CCN(C)C)[C@H]5C)ncc3F)cc2n1C(C)(C)C,53.55,7.271240524832126,1,534.6590000000002
Cc1nc2c(F)cc(-c3nc(Nc4ccc5c(n4)CCN(CCN(C)CB(O)O)C5)ncc3F)cc2n1C(C)C,14.5,7.838631997765025,1,550.4230000000002
Cc1nc2c(F)cc(-c3nc(Nc4ccc5c(n4)CCN(CCN(C)CCN(C)C)C5)ncc3F)cc2n1C(C)(C)C,73.1,7.13608262304214,1,577.7280000000002
Cc1nc2c(F)cc(-c3nc(Nc4ccc5c(n4)CCN(CCN(C)CCNC(=N)N)C5)ncc3F)cc2n1C(C)C,78.2,7.106793246940152,1,577.6880000000002
Cc1nc2c(F)cc(-c3nc(Nc4ccc5c(n4)CCN(CCN(C)CCO)C5)ncc3F)cc2n1C(C)(C)C,48.4,7.315154638355588,1,550.6580000000002
Cc1nc2c(F)cc(-c3nc(Nc4ccc5c(n4)CCN(CCN(C)CCP(=O)(O)O)C5)ncc3F)cc2n1C(C)(C)C,27.6,7.559090917934782,1,614.6380000000001
Cc1nc2c(F)cc(-c3nc(Nc4ccc5c(n4)CCN(CCN(C)CC[Si](C)(C)C)C5)ncc3F)cc2n1C(C)(C)C,34.6,7.460923901207224,1,606.8420000000002
Cc1nc2c(F)cc(-c3nc(Nc4ccc5c(n4)CCN(CCN(C)CC[Si](C)(C)C)C5)ncc3F)cc2n1C(C)C,25.1,7.600326278518962,1,592.8150000000003
Cc1nc2c(F)cc(-c3nc(Nc4ccc5c(n4)CCN(CCN(C)P(C)(C)=O)C5)ncc3F)cc2n1C(C)C,135.0,6.8696662315049934,1,568.6130000000002
Cc1nc2c(F)cc(-c3nc(Nc4ccc5c(n4)CCN(CCN)C5)ncc3F)cc2n1C(C)(C)C,20.8,7.681936665037238,1,492.5780000000003
Cc1nc2c(F)cc(-c3nc(Nc4ccc5c(n4)CCN(CCN4CC=C(B(O)O)CC4)C5)ncc3F)cc2n1C(C)(C)C,32.0,7.494850021680094,1,602.4990000000001
Cc1nc2c(F)cc(-c3nc(Nc4ccc5c(n4)CCN(CCN4CCC(B(O)O)CC4)C5)ncc3F)cc2n1C(C)(C)C,18.5,7.732828271596986,1,604.5150000000002
Cc1nc2c(F)cc(-c3nc(Nc4ccc5c(n4)CCN(CCN4CCN(C)CC4)C5)ncc3F)cc2n1C(C)(C)C,39.6,7.402304814074488,1,575.7120000000002
Cc1nc2c(F)cc(-c3nc(Nc4ccc5c(n4)CCN(CCN4CCOCC4)C5)ncc3F)cc2n1C(C)(C)C,42.8,7.368556230986828,1,562.6690000000003
Cc1nc2c(F)cc(-c3nc(Nc4ccc5c(n4)CCN(CCN4CCP(C)(=O)CC4)C5)ncc3F)cc2n1C(C)(C)C,67.0,7.173925197299173,1,608.6780000000002
Cc1nc2c(F)cc(-c3nc(Nc4ccc5c(n4)CCN(CCN=C(N)N)C5)ncc3F)cc2n1C(C)C,180.95,6.742441412555782,1,520.5920000000003
Cc1nc2c(F)cc(-c3nc(Nc4ccc5c(n4)CCN(CCO)C5)ncc3F)cc2n1C(C)C,19.9,7.701146923590294,1,479.53500000000025
Cc1nc2c(F)cc(-c3nc(Nc4ccc5c(n4)CCN(CCS(C)(=O)=NC#N)C5)ncc3F)cc2n1C(C)C,23.6,7.627087997029894,1,565.6540000000002
Cc1nc2c(F)cc(-c3nc(Nc4ccc5c(n4)CCN(CCS(C)(=O)=O)C5)ncc3F)cc2n1C(C)(C)C,13.1,7.882728704344236,1,555.6550000000002
Cc1nc2c(F)cc(-c3nc(Nc4ccc5c(n4)CCN(CC[N+](C)(C)[O-])C5)ncc3F)cc2n1C1CC1,1250.0,5.903089986991944,0,520.5880000000003
Cc1nc2c(F)cc(-c3nc(Nc4ccc5c(n4)CCN(CC[Si](C)(C)C)C5)ncc3F)cc2n1C(C)C,62.4,7.204815410317576,1,535.7190000000003
Cc1nc2c(F)cc(-c3nc(Nc4ccc5c(n4)CCN(C[C@@H](C)N(C)C)C5)ncc3F)cc2n1C1CC1,647.0,6.189095719331299,1,518.6160000000002
Cc1nc2c(F)cc(-c3nc(Nc4ccc5c(n4)CCN(C[C@@H](C)N)C5)ncc3F)cc2n1C1CC1,249.0,6.603800652904264,1,490.5620000000003
Cc1nc2c(F)cc(-c3nc(Nc4ccc5c(n4)CCN(C[C@@H](O)CN(C)C)C5)ncc3F)cc2n1C1CC1,371.0,6.430626090384954,1,534.6150000000001
Cc1nc2c(F)cc(-c3nc(Nc4ccc5c(n4)CCN(C[C@@H]4CCCN4C)C5)ncc3F)cc2n1C1CC1,28.5,7.54515513999149,1,530.6270000000002
Cc1nc2c(F)cc(-c3nc(Nc4ccc5c(n4)CCN(C[C@@H]4CN(C)CCO4)C5)ncc3F)cc2n1C(C)(C)C,10.3,7.987162775294828,1,562.6690000000002
Cc1nc2c(F)cc(-c3nc(Nc4ccc5c(n4)CCN(C[C@@H]4CNCCO4)C5)ncc3F)cc2n1C(C)(C)C,62.4,7.204815410317576,1,548.6420000000003
Cc1nc2c(F)cc(-c3nc(Nc4ccc5c(n4)CCN(C[C@@H]4CNCCO4)C5)ncc3F)cc2n1C(C)C,62.4,7.204815410317576,1,534.6150000000002
Cc1nc2c(F)cc(-c3nc(Nc4ccc5c(n4)CCN(C[C@H](C)N(C)C)C5)ncc3F)cc2n1C1CC1,135.0,6.8696662315049934,1,518.6160000000002
Cc1nc2c(F)cc(-c3nc(Nc4ccc5c(n4)CCN(C[C@H](C)N)C5)ncc3F)cc2n1C1CC1,207.0,6.684029654543083,1,490.5620000000003
Cc1nc2c(F)cc(-c3nc(Nc4ccc5c(n4)CCN(C[C@H]4CCCN4C)C5)ncc3F)cc2n1C1CC1,317.0,6.498940737782249,1,530.6270000000002
Cc1nc2c(F)cc(-c3nc(Nc4ccc5c(n4)CCN(C[C@H]4CN(C)CCO4)C5)ncc3F)cc2n1C(C)(C)C,16.3,7.787812395596042,1,562.6690000000002
Cc1nc2c(F)cc(-c3nc(Nc4ccc5c(n4)CCN(C[C@H]4CNCCO4)C5)ncc3F)cc2n1C(C)(C)C,14.3,7.844663962534938,1,548.6420000000003
Cc1nc2c(F)cc(-c3nc(Nc4ccc5c(n4)CCN(C[C@H]4CNCCO4)C5)ncc3F)cc2n1C(C)C,14.3,7.844663962534938,1,534.6150000000002
Cc1nc2c(F)cc(-c3nc(Nc4ccc5c(n4)CCNC5)ncc3F)cc2n1C,366.0,6.436518914605589,1,407.4280000000001
Cc1nc2c(F)cc(-c3nc(Nc4ccc5c(n4)CCNC5)ncc3F)cc2n1C(C)(C)C,18.5,7.732828271596986,1,449.5090000000002
Cc1nc2c(F)cc(-c3nc(Nc4ccc5c(n4)CCNC5)ncc3F)cc2n1C(C)C,197.33333333333334,6.704799547996743,1,435.48200000000014
Cc1nc2c(F)cc(-c3nc(Nc4ccc5c(n4)CCNC5)ncc3F)cc2n1C(C)C1CC1,15.0,7.823908740944319,1,461.5200000000002
Cc1nc2c(F)cc(-c3nc(Nc4ccc5c(n4)CCNC5)ncc3F)cc2n1C1(C)CC1,10.3,7.987162775294828,1,447.4930000000002
Cc1nc2c(F)cc(-c3nc(Nc4ccc5c(n4)CCNC5)ncc3F)cc2n1C1CC1,143.0,6.844663962534939,1,433.4660000000002
Cc1nc2c(F)cc(-c3nc(Nc4ccc5c(n4)CCNC5)ncc3F)cc2n1C1CCC(C)CC1,65.5,7.183758700008217,1,489.5740000000003
Cc1nc2c(F)cc(-c3nc(Nc4ccc5c(n4)CCNC5)ncc3F)cc2n1C1CCC1,72.1,7.142064735280571,1,447.4930000000002
Cc1nc2c(F)cc(-c3nc(Nc4ccc5c(n4)CCNC5)ncc3F)cc2n1C1CCCC1,128.0,6.892790030352131,1,461.52000000000027
Cc1nc2c(F)cc(-c3nc(Nc4ccc5c(n4)CCNC5)ncc3F)cc2n1C1CCCCC1,146.0,6.835647144215563,1,475.5470000000003
Cc1nc2c(F)cc(-c3nc(Nc4ccc5c(n4)CCNC5)ncc3F)cc2n1CC1CC1,109.0,6.962573502059376,1,447.4930000000002
Cc1nc2c(F)cc(-c3nc(Nc4ccc5c(n4)CCN[C@H]5C)ncc3F)cc2n1C(C)(C)C,22.8,7.642065152999546,1,463.5360000000002
Cc1nc2c(F)cc(-c3nc(Nc4ccc5c(n4)CC[N+]([O-])(CC[N+](C)(C)[O-])C5)ncc3F)cc2n1C1CC1,1250.0,5.903089986991944,0,536.5870000000002
Cc1nc2c(F)cc(-c3nc(Nc4ccc5c(n4)CN(CCN(C)C)C5=O)ncc3F)cc2n1C(C)C,306.0,6.51427857351842,1,506.56100000000026
Cc1nc2c(F)cc(-c3nc(Nc4ccc5c(n4)C[C@@H](C)N(CCN(C)C)C5)ncc3F)cc2n1C(C)(C)C,34.25,7.465339424171556,1,534.6590000000002
Cc1nc2c(F)cc(-c3nc(Nc4ccc5c(n4)C[C@@H](C)NC5)ncc3F)cc2n1C(C)(C)C,20.95,7.678815972697686,1,463.5360000000002
Cc1nc2c(F)cc(-c3nc(Nc4ccc5c(n4)C[C@H](C)N(CCN(C)C)C5)ncc3F)cc2n1C(C)(C)C,44.9,7.347753658996677,1,534.6590000000002
Cc1nc2c(F)cc(-c3nc(Nc4ncc5c(n4)CCN(C(=O)CN(C)C)C5)ncc3F)cc2n1C(C)C,1090.0,5.962573502059376,0,521.5760000000002
Cc1nc2c(F)cc(-c3nc(Nc4ncc5c(n4)CCNC5)ncc3F)cc2n1C(C)C,558.0,6.253365801062421,1,436.47000000000014
Cc1nc2c(O)cc(-c3nc(Nc4ccc5c(n4)CCN(C(=O)CN(C)C)C5)ncc3F)cc2n1C1CC1,1020.0,5.991399828238082,0,516.5810000000002
Cc1nc2c(s1)C(=O)C=C(Nc1ccc(Br)cc1)C2=O,200000.0,3.6989700043360187,0,349.20900000000006
Cc1nc2c(s1)C(=O)C=C(Nc1ccc(Cl)cc1)C2=O,200000.0,3.6989700043360187,0,304.75800000000004
Cc1nc2c(s1)C(=O)C=C(Nc1ccc(F)cc1)C2=O,200000.0,3.6989700043360187,0,288.30300000000005
Cc1nc2c(s1)C(=O)C=C(Nc1ccc(I)cc1)C2=O,200000.0,3.6989700043360187,0,396.20900000000006
Cc1nc2c(s1)C(=O)C=C(Nc1ccc(O)cc1)C2=O,200000.0,3.6989700043360187,0,286.31200000000007
Cc1nc2c(s1)C(=O)C=C(Nc1ccccc1)C2=O,200000.0,3.6989700043360187,0,270.31300000000005
Cc1nc2ccc(-c3ccnc4[nH]c(C5CCN(CC(=O)N(C)C)CC5)cc34)cc2n1C(C)C,84.0,7.075720713938118,1,458.61000000000024
Cc1nc2ccc(Nc3c(C)c(N[C@H]4CCCNC4)nc4ccnn34)cc2s1,25000.0,4.6020599913279625,0,393.52000000000004
Cc1nc2ccccn2c1-c1ccnc(N)n1,4000.0,5.3979400086720375,0,225.25499999999997
Cc1nc2ccccn2c1-c1ccnc(NC(=O)C(F)(F)F)n1,95000.0,4.022276394711152,0,321.26199999999994
Cc1nc2ccccn2c1-c1ccnc(NC(=O)Nc2ccccc2)n1,10000.0,5.0,0,344.37800000000004
Cc1nc2ccccn2c1-c1ccnc(Nc2ccc(Cl)cc2)n1,620.0,6.2076083105017466,1,335.79800000000006
Cc1nc2ccccn2c1-c1ccnc(Nc2ccc(OCC(O)CN(C)C)cc2)n1,14.333333333333334,7.8436527991400755,1,418.5010000000002
Cc1nc2ccccn2c1-c1ccnc(Nc2ccc(S(N)(=O)=O)cc2)n1,20.5,7.688246138944246,1,380.4330000000001
Cc1nc2ccccn2c1-c1ccnc(Nc2cccc(Cl)c2)n1,150.0,6.823908740944319,1,335.79800000000006
Cc1nc2ccccn2c1-c1ccnc(Nc2ccccc2)n1,123.0,6.910094888560602,1,301.353
Cc1nc2ccccn2c1-c1ccnc(Nc2ccccc2Cl)n1,8800.0,5.055517327849832,0,335.79800000000006
Cc1ncc(-c2ccnc(Nc3ccc(C#N)cc3)n2)n1C(C)C,3.0,8.522878745280337,1,318.38400000000007
Cc1ncc(-c2ccnc(Nc3ccc(C(=O)N(C)C)c(F)c3)n2)n1C(C)C,6.0,8.221848749616356,1,382.4430000000001
Cc1ncc(-c2ccnc(Nc3ccc(C(=O)N(C)C)cc3)n2)n1C(C)C,8.0,8.096910013008056,1,364.4530000000001
Cc1ncc(-c2ccnc(Nc3ccc(C(=O)N4CCN(C)CC4)cc3)n2)n1C(C)C,9.0,8.045757490560675,1,419.5330000000002
Cc1ncc(-c2ccnc(Nc3ccc(C(=O)N4CC[C@H](NC5CC5)C4)cc3)n2)n1C(C)C,1.0,9.0,1,445.5710000000002
Cc1ncc(-c2ccnc(Nc3ccc(C(=O)NC4CC4)cc3)n2)n1C(C)C,17.0,7.769551078621726,1,376.46400000000017
Cc1ncc(-c2ccnc(Nc3ccc(C(=O)NC4CCN(C)CC4)c(F)c3)n2)n1C(C)C,11.0,7.958607314841775,1,451.5500000000003
Cc1ncc(-c2ccnc(Nc3ccc(C(=O)NC4CCN(C)CC4)cc3)n2)n1C(C)C,37.0,7.431798275933005,1,433.5600000000003
Cc1ncc(-c2ccnc(Nc3ccc(C(=O)NCCN(C)C)c(F)c3)n2)n1C(C)C,3.0,8.522878745280337,1,425.51200000000017
Cc1ncc(-c2ccnc(Nc3ccc(C(=O)NCCO)cc3)n2)n1C(C)C,2.0,8.698970004336019,1,380.4520000000001
Cc1ncc(-c2ccnc(Nc3ccc(C(N)=O)c(F)c3)n2)n1C(C)C,1.0,9.0,1,354.38900000000007
Cc1ncc(-c2ccnc(Nc3ccc(C(N)=O)cc3)n2)n1C(C)C,3.0,8.522878745280337,1,336.39900000000006
Cc1ncc(-c2ccnc(Nc3ccc(Cl)cc3)n2)n1C(C)C,3.0,8.522878745280337,1,327.8190000000001
Cc1ncc(-c2ccnc(Nc3ccc(F)cc3)n2)n1C(C)C,3.0,8.522878745280337,1,311.36400000000003
Cc1ncc(-c2ccnc(Nc3ccc(N(C)C)cc3)n2)n1C(C)C,24.0,7.619788758288394,1,336.44300000000004
Cc1ncc(-c2ccnc(Nc3ccc(N4CCN(C(=O)CN(C)C)CC4)cc3)n2)n1C(C)C,16.0,7.795880017344075,1,462.60200000000026
Cc1ncc(-c2ccnc(Nc3ccc(N4CCN(C(=O)CO)CC4)cc3)n2)n1C(C)C,17.0,7.769551078621726,1,435.5320000000002
Cc1ncc(-c2ccnc(Nc3ccc(N4CCN(C(=O)[C@H](C)O)CC4)cc3)n2)n1C(C)C,17.0,7.769551078621726,1,449.5590000000002
Cc1ncc(-c2ccnc(Nc3ccc(N4CCN(S(=O)(=O)CCN(C)C)CC4)cc3)n2)n1C(C)C,3.0,8.522878745280337,1,512.6840000000003
Cc1ncc(-c2ccnc(Nc3ccc(N4CCN(S(C)(=O)=O)CC4)cc3)n2)n1C(C)C,3.0,8.522878745280337,1,455.5880000000002
Cc1ncc(-c2ccnc(Nc3ccc(N4CCOCC4)cc3)n2)n1C(C)C,9.0,8.045757490560675,1,378.48000000000013
Cc1ncc(-c2ccnc(Nc3ccc(S(=O)(=O)CC4CCCO4)cc3)n2)n1C(C)C,13.0,7.886056647693163,1,441.5570000000003
Cc1ncc(-c2ccnc(Nc3ccc(S(=O)(=O)CCCN(C)C)cc3)n2)n1C,295.0,6.530177984021837,1,414.53500000000025
Cc1ncc(-c2ccnc(Nc3ccc(S(=O)(=O)CCCN(C)C)cc3)n2)n1C(C)C,36.0,7.443697499232712,1,442.5890000000003
Cc1ncc(-c2ccnc(Nc3ccc(S(=O)(=O)CCCN4CCOCC4)cc3)n2)n1C(C)C,33.0,7.481486060122112,1,484.62600000000043
Cc1ncc(-c2ccnc(Nc3ccc(S(=O)(=O)Cc4ccccc4)cc3)n2)n1C(C)C,19.0,7.721246399047171,1,447.5640000000002
Cc1ncc(-c2ccnc(Nc3ccc(S(=O)(=O)NCCCOC(C)C)cc3)n2)n1C,6.0,8.221848749616356,1,444.56100000000026
Cc1ncc(-c2ccnc(Nc3ccc(S(=O)(=O)NCCN(C)C)cc3)n2)n1C,25.0,7.6020599913279625,1,415.5230000000002
Cc1ncc(-c2ccnc(Nc3ccc(S(C)(=O)=O)cc3)n2)n1C(C)C,6.013333333333333,8.22088472151374,1,371.4660000000001
Cc1ncc(-c2ccnc(Nc3ccc(S(N)(=O)=O)cc3)n2)n1C,11.0,7.958607314841775,1,344.4000000000001
Cc1ncc(-c2nc(Nc3ccc(C(=O)N(C)C)c(F)c3)ncc2F)n1C(C)C,2.0,8.698970004336019,1,400.4330000000001
Cc1ncc(-c2nc(Nc3ccc(C(=O)N(C)C)cc3)ncc2F)n1C(C)C,2.0,8.698970004336019,1,382.4430000000001
Cc1ncc(-c2nc(Nc3ccc(C(=O)N4CCCN(C)CC4)cc3)ncc2F)n1C(C)C,2.0,8.698970004336019,1,451.5500000000002
Cc1ncc(-c2nc(Nc3ccc(C(=O)N4CCN(C)CC4)cc3)ncc2F)n1C(C)C,18.0,7.7447274948966935,1,437.5230000000002
Cc1ncc(-c2nc(Nc3ccc(C(=O)N4CC[C@@H](N(C)C)C4)cc3)ncc2F)n1C(C)C,6.0,8.221848749616356,1,451.5500000000002
Cc1ncc(-c2nc(Nc3ccc(C(=O)N4CC[C@H](N(C)C)C4)cc3)ncc2F)n1C(C)C,2.0,8.698970004336019,1,451.5500000000002
Cc1ncc(-c2nc(Nc3ccc(C(=O)NC4CCN(C)CC4)c(F)c3)ncc2F)n1C(C)C,1.0,9.0,1,469.5400000000002
Cc1ncc(-c2nc(Nc3ccc(C(=O)NC4CCN(C)CC4)cc3)ncc2F)n1C(C)C,36.0,7.443697499232712,1,451.5500000000002
Cc1ncc(-c2nc(Nc3ccc(C(=O)NCCN(C)C)c(F)c3)ncc2F)n1C(C)C,2.0,8.698970004336019,1,443.5020000000001
Cc1ncc(-c2nc(Nc3ccc(C(N)=O)c(F)c3)ncc2F)n1C(C)C,1.0,9.0,1,372.3790000000001
Cc1ncc(-c2nc(Nc3ccc(C(N)=O)cc3)ncc2F)n1C(C)C,1.0,9.0,1,354.38900000000007
Cc1ncc(-c2nc(Nc3ccc(N4CCC[C@H]4C(=O)N(C)C)cc3)ncc2F)n1C(C)C,46.0,7.337242168318426,1,451.5500000000001
Cc1ncc(-c2nc(Nc3ccc(N4CCN(C(=O)CO)CC4)cc3)ncc2F)n1C(C)C,6.0,8.221848749616356,1,453.5220000000002
Cc1ncc(-c2nc(Nc3ccc(N4CCOCC4)cc3)ncc2F)n1C(C)C,8.0,8.096910013008056,1,396.47
Cc1ncc(CC(=O)Nc2cc([C@H]3CC[C@@H](OC(=O)NC(C)C)C3)[nH]n2)s1,100.0,7.0,1,391.49700000000007
Cc1nccc(-c2c[nH]c3cnccc23)n1,38379.0,4.4159063453936644,0,210.24
Cc1nccc(-c2ccc(C(=O)N(C)C)c(Cl)c2)c1C#Cc1ccc(N)nc1,4150.0,5.3819519032879075,0,390.87400000000014
Cc1nccc(-c2ccc(C(=O)N3CCOCC3)c(Cl)c2)c1C#Cc1ccc(N)nc1,1850.0,5.732828271596986,0,432.91100000000006
Cc1nccc(-c2cn(Cc3ccccc3)c3cnccc23)n1,56703.0,4.246393963170954,0,300.365
Cc1nccc2c(-c3ccnc(-c4ccc(S(C)(=O)=O)cc4)n3)c[nH]c12,100000.0,4.0,0,364.43000000000006
Cc1nn(-c2ccc(Cl)cc2Cl)c2c1c1c(c3cccn32)C(=O)NC1=O,2800.0,5.552841968657781,0,385.2100000000001
Cc1nn(C2CCN(C(=O)[C@@H](C)O)CC2)c(C)c1Nc1ncc(Cl)c(-c2cnn3ccccc23)n1,700.0,6.154901959985743,1,494.9870000000001
Cc1nn(C2CCNCC2)c(C)c1Nc1ncc(Cl)c(-c2cnn3ccccc23)n1,1520.0,5.818156412055227,0,422.9240000000001
Cc1nn(C2CCNCC2)cc1Nc1ncc(Cl)c(-c2cnc3ccccn23)n1,392.0,6.406713932979542,1,408.89700000000016
Cc1nn2c(-c3ccc(Br)cc3)ccnc2c1/C(N)=N/O,590.0,6.229147988357855,1,346.1880000000001
Cc1nn2c(-c3ccc(Cl)cc3)ccnc2c1/C(N)=N/O,1070.0,5.97061622231479,0,301.737
Cc1nn2c(-c3ccccc3)ccnc2c1/C(N)=N/O,1730.0,5.761953896871205,0,267.292
Cc1nnc(-c2ccc(-c3cc(C(=O)NC4CC4)ccc3C)c(C)c2)o1,20000.0,4.698970004336019,0,347.41800000000006
Cc1nnc(-c2ccc(-c3cc(C(=O)Nc4cccc(N5CCOCC5)c4)ccc3C)c(C)c2)o1,20000.0,4.698970004336019,0,468.55700000000036
Cc1nnc(-c2ccc(-c3cc(NC(=O)c4ccc(CN5CCN(C)CC5)cc4)ccc3C)c(C)c2)o1,20000.0,4.698970004336019,0,495.62700000000035
Cc1nnc(-c2ccc(-c3cc(NC(=O)c4ccnc(N5CCCC5)c4)ccc3C)c(C)c2)o1,20000.0,4.698970004336019,0,453.54600000000033
Cc1nnc(-c2cccc(-c3cnn4ccc(NCCN)nc34)c2)o1,580.0,6.236572006437063,1,335.3710000000001
Cc1nnc2sc(-c3ccc(N)cc3)nn12,570.0,6.2441251443275085,1,231.28400000000002
Cc1nnc2sc(Cc3n[nH]c4[nH]c(=S)[nH]c(=S)c34)nn12,24000.0,4.619788758288394,0,336.4310000000001
Cc1nnc2sc(Cc3sc(N)nc3O)nn12,250.0,6.6020599913279625,1,268.327
Cc1nnc2sc(NN)nn12,11000.0,4.958607314841775,0,170.201
Cc1nnc2sc(S)nn12,6800.0,5.167491087293763,0,172.23800000000003
Cc1nnc2sc(SCc3ccccc3)nn12,16000.0,4.795880017344075,0,262.363
Cc1nnc2sc(SSc3nn4c(C)nnc4s3)nn12,23000.0,4.638272163982407,0,342.46000000000004
Cc1sc(C(=O)N[C@@H]2[C@H](N)CCCC2(F)F)cc1-c1cnn2cc(Cl)cnc12,51.0,7.292429823902063,1,425.89200000000005
Clc1ccc(-c2ccc(-c3nccn3-c3ccc(N4CCNCC4)cc3)o2)cc1,30000.0,4.522878745280337,0,404.9010000000002
Clc1ccc(CNc2nccc(-c3cnn4ncccc34)n2)cc1,1000.0,6.0,1,336.78600000000006
Clc1ccc(OCc2nnc3sc(SCc4ccccc4)nn23)cc1,28000.0,4.552841968657781,0,388.9050000000001
Clc1ccc(OCc2nnc3sc(SSc4nn5c(COc6ccc(Cl)cc6)nnc5s4)nn23)cc1,820.0,6.086186147616283,1,595.5440000000001
Clc1ccc2[nH]cc(CCn3ccc4ccccc43)c2c1,500000.0,3.3010299956639813,0,294.785
Clc1ccc2c(c1Nc1ncnc3cc(OCCCN4CCCC4)cc(OC4CCOCC4)c13)OCO2,10000.0,5.0,0,527.0210000000005
Clc1ccc2c(ccn2CCc2c[nH]c3ccc(Cl)cc23)c1,862000.0,3.0644927341752872,0,329.22999999999996
Clc1ccc2c(ccn2CCc2c[nH]c3ccccc23)c1,430000.0,3.3665315444204134,0,294.78499999999997
Clc1cccc(Nc2nccc(-c3ccnc(N4CCOCC4)c3)n2)c1,8.9,8.050609993355087,1,367.8400000000002
Clc1cccc(Nc2nccc(-c3cnc4ccccn34)n2)c1,5.0,8.301029995663981,1,321.771
Clc1cccc(Nc2nccc(-n3cnc4ccccc43)n2)c1,680.0,6.167491087293763,1,321.771
Clc1ccccc1-c1cc(NCc2cccnc2)n2ncc(Br)c2n1,3.0,8.522878745280337,1,414.6940000000001
Clc1ccccc1-c1cc(NCc2ccncc2)n2ncc(Br)c2n1,8.0,8.096910013008056,1,414.6940000000001
Clc1ccccc1Nc1cc2[nH]c(-c3cn[nH]c3)cc2cn1,800.0,6.096910013008056,1,309.76000000000005
Clc1cnc(N[C@@H]2CCCNC2)nc1-c1c[nH]c2ccccc12,200.0,6.698970004336019,1,327.819
Clc1cnc(N[C@H]2CCCNC2)nc1-c1c[nH]c2ccccc12,200.0,6.698970004336019,1,327.819
Clc1cncc(Nc2ccccc2)n1,7000.0,5.154901959985743,0,205.64800000000002
Clc1nc(NCc2ccccn2)c2c(-c3ccccc3)cccc2n1,50000.0,4.301029995663981,0,346.8210000000001
Cn1c(=O)[nH]c2ccc(-c3cnc(NC[C@@H](N)Cc4ccc(C(F)(F)F)cc4)s3)cc21,276.0,6.559090917934782,1,447.48600000000005
Cn1c2c(c3ccc(Cl)c(Cl)c31)C(C#N)C1(CCNCC1)NC2=O,10000.0,5.0,0,363.24800000000016
Cn1c2ccccc2c2c3c(c4c5ccccc5n(CC(O)CO)c4c21)C(=O)NC3=O,60.0,7.221848749616356,1,413.43300000000016
Cn1cc(-c2cc3cnc(Nc4ccc(-c5cncn5C)cc4Cl)cc3n2C(=O)OC(C)(C)C)cn1,100000.0,4.0,0,503.99400000000026
Cn1cc(-c2ccc(N(C(=O)NCc3ccccc3)C3CCC(Nc4ccc(C#N)cn4)CC3)cc2)ccc1=O,100000.0,4.0,0,532.6480000000003
Cn1cc(-c2ccc(N3CCOCC3)cc2)c2sc(-c3ccncc3)cc2c1=O,15848.93,4.800000052738446,0,403.50700000000006
Cn1cc(-c2ccc(S(=O)(=O)N3CCC(Nc4ccc(C#N)cn4)CC3)cc2)cn1,10.0,8.0,1,422.5140000000001
Cn1cc(-c2ccnc(-c3ccc(S(C)(=O)=O)cc3)n2)c2ccncc21,100000.0,4.0,0,364.43000000000006
Cn1cc(-c2cnc3c(-c4csc(C(=O)NCC(F)(F)F)c4)cnn3c2)cn1,10.0,8.0,1,406.39300000000003
Cn1cc(-c2cnc3c(-c4csc(C(=O)N[C@@H]5CCCC[C@@H]5N)c4)cnn3c2)cn1,2.2,8.657577319177793,1,421.5300000000002
Cn1cc(-n2cnc3c(NCc4nc5cc(Cl)c(Cl)cc5[nH]4)nc(N4CCOCC4)nc32)cn1,10000.0,5.0,0,499.36600000000027
Cn1cc(/C=C2\Oc3cccc(O)c3C2=O)c2c(-c3ccc(C(=O)NCCO)cc3)ccnc21,35.5,7.449771646944906,1,455.47000000000014
Cn1cc(C2=C(c3cn(CC(O)CO)c4ccccc34)C(=O)NC2=O)c2ccccc21,1610.0,5.79317412396815,0,415.4490000000002
Cn1cc(C2=C(c3coc4cc(CO)ccc34)C(=O)NC2=O)c2cc(Br)ccc21,443.5,6.353106375832255,1,451.27600000000007
Cn1cc(C2=C(c3coc4cc(CO)ccc34)C(=O)NC2=O)c2cc(F)c(Cl)cc21,11150.0,4.952725132615821,0,424.8150000000001
Cn1cc(C2=C(c3coc4cc(CO)ccc34)C(=O)NC2=O)c2cc(F)ccc21,237.0,6.6252516539898965,1,390.37000000000006
Cn1cc(C2=C(c3coc4cc(CO)ccc34)C(=O)NC2=O)c2cccc(CO)c21,27.0,7.568636235841013,1,402.4060000000001
Cn1cc(C2=C(c3coc4ccc(F)cc34)C(=O)NC2=O)c2cc(Cl)ccc21,1840.0,5.735182176990463,0,394.78900000000016
Cn1cc(C2=C(c3coc4ccccc34)C(=O)NC2=O)c2cc(C3CC3)ccc21,32000.0,4.494850021680094,0,382.4190000000002
Cn1cc(C2=C(c3coc4ccccc34)C(=O)NC2=O)c2cc(I)ccc21,1070.0,5.97061622231479,0,468.2500000000001
Cn1cc(C2=C(c3coc4ccccc34)C(=O)NC2=O)c2cccc(CO)c21,149.0,6.826813731587726,1,372.38000000000017
Cn1cc(C2=C(c3coc4ccccc34)C(=O)NC2=O)c2ccccc21,1410.0,5.85078088734462,0,342.3540000000001
Cn1cc(CCNc2ccc([N+](=O)[O-])cc2C(=O)O)c2c(Cl)cccc21,3900.0,5.4089353929735005,0,373.7960000000001
Cn1cc(CCNc2ccc([N+](=O)[O-])cc2C(=O)O)c2cc(Cl)ccc21,5800.0,5.236572006437063,0,373.7960000000001
Cn1cc(CCNc2ccc([N+](=O)[O-])cc2C(=O)O)c2ccc(Br)cc21,250.0,6.6020599913279625,1,418.24700000000007
Cn1cc(CCNc2ccc([N+](=O)[O-])cc2C(=O)O)c2ccc(Cl)cc21,440.0,6.356547323513812,1,373.7960000000001
Cn1cc(CCNc2ccc([N+](=O)[O-])cc2C(=O)O)c2ccc(F)cc21,370.0,6.431798275933005,1,357.34100000000007
Cn1cc(CCNc2ccc([N+](=O)[O-])cc2C(=O)O)c2cccc(Cl)c21,15000.0,4.823908740944319,0,373.7960000000001
Cn1cc(CCNc2ccc([N+](=O)[O-])cc2C(=O)O)c2ccccc21,21000.0,4.6777807052660805,0,339.35100000000006
Cn1cc(Nc2ncc(C3CC3)c(NCCCNC(=O)C3CCC3)n2)cn1,110.0,6.958607314841775,1,369.4730000000001
Cn1cc(S(=O)(=O)N2CCC(Nc3ncc(C(F)(F)F)c(-c4cnn(CC(F)(F)F)c4)n3)CC2)cn1,313.0,6.504455662453552,1,538.4780000000002
Cn1cc(S(=O)(=O)N2CCC(Nc3ncc4c(n3)N([C@@H]3CCC[C@@H](O)C3)C(=O)C43CC3)CC2)cn1,316.0,6.5003129173815966,1,501.61300000000045
Cn1ccc2cc(Nc3ncc(C(F)(F)F)c(N[C@H]4CC[C@@H](N)CC4)n3)ccc2c1=O,830.15,6.080843427760706,1,432.4500000000003
Cn1cnc(S(=O)(=O)N2CCC(Nc3ncc(C#N)c(-c4cnn(CC(F)(F)F)c4)n3)CC2)c1,64.5,7.1904402853647325,1,495.4910000000002
Cn1cnc(S(=O)(=O)N2CCC(Nc3ncc(C(F)(F)F)c(-c4cnn(CC(F)(F)F)c4)n3)CC2)c1,171.25,6.766369419835537,1,538.4780000000001
Cn1cnc2c(NCc3ccccc3)nc(NCCO)nc21,6171.428571428572,5.209614293199345,0,298.35
Cn1cnc2c(OCC3CCCCC3)nc(N)nc21,100000.0,4.0,0,261.32899999999995
Cn1nc(C(=O)NC2CC2)c2c1-c1nc(Nc3ccccc3)ncc1CC2,81.0,7.0915149811213505,1,360.4210000000001
Cn1nc(C(=O)NC2CCCC2)c2c1-c1nc(Nc3ccccc3)ncc1CC2,3900.0,5.4089353929735005,0,388.47500000000014
Cn1nc(C(=O)NCCO)c2c1-c1nc(Nc3ccccc3)ncc1CC2,74.0,7.130768280269024,1,364.40900000000016
Cn1nc(C(=O)NCc2ccccc2)c2c1-c1nc(Nc3ccccc3)ncc1CC2,1053.0,5.9775716288145135,0,410.48100000000017
Cn1nc(C(=O)Nc2ccccc2)c2c1-c1nc(Nc3ccccc3)ncc1CC2,574.0,6.241088107602026,1,396.4540000000002
Cn1nc(C(N)=O)c2c1-c1nc(Nc3ccc(N4CCOCC4)cc3)ncc1CC2,14.0,7.853871964321762,1,405.4620000000003
Cn1nc(C(N)=O)c2c1-c1nc(Nc3ccccc3)ncc1CC2,2.0,8.698970004336019,1,320.35600000000017
Cn1nc(C(N)=O)c2c1-c1nc(Nc3ccccc3)ncc1CC2(C)C,24.0,7.619788758288394,1,348.4100000000002
Cn1nc(N)c2ccc(-c3cnc(NC[C@@H](N)Cc4ccc(C(F)(F)F)cc4)s3)cc21,2000.0,5.698970004336019,0,446.50200000000007
Cn1nc(N2CCC(=O)NC2=O)c2cc(C3CCN(Cc4cccc(S(=O)(=O)N5CCC(Nc6ncc(C(F)(F)F)c(-c7cnn(CC(F)(F)F)c7)n6)CC5)c4)CC3)ccc21,100.0,7.0,1,873.8849999999999
Cn1nc(N2CCC(=O)NC2=O)c2ccc(C3CCN(CC4CCN(S(=O)(=O)N5CCC(Nc6ncc(C(F)(F)F)c(-c7cnn(CC(F)(F)F)c7)n6)CC5)CC4)CC3)cc21,100.0,7.0,1,880.9209999999998
Cn1nc(N2CCC(=O)NC2=O)c2ccc(C3CCN(Cc4cccc(S(=O)(=O)N5CCC(Nc6ncc(C(F)(F)F)c(-c7cnn(-c8ccccc8F)c7)n6)CC5)c4)CC3)cc21,100.0,7.0,1,885.949
Cn1nccc1-c1ccc(C(=O)N[C@@H]2CNCC[C@H]2c2ccc(F)c(F)c2)c(F)c1,10000.0,5.0,0,414.43100000000004
FC(F)(F)CNc1nccc(-c2cnn3ncccc23)n1,1000.0,6.0,1,294.24000000000007
FC(F)(F)c1ccc(-c2nn3ncccc3c2-c2ccnc(Nc3ccccc3)n2)cc1,19952.62,4.70000006855703,0,432.4090000000001
FC(F)(F)c1cccc(-c2nn3ncccc3c2-c2ccnc(Nc3ccc4c(c3)OCCO4)n2)c1,19952.62,4.70000006855703,0,490.4450000000003
FC(F)(F)c1cnc(N[C@H]2CCCNC2)nc1-c1n[nH]c2ccccc12,200.0,6.698970004336019,1,362.35900000000004
FC(F)(F)c1cnc(Nc2ccc3[nH]cnc3c2)nc1Nc1ccccc1Cl,2.0,8.698970004336019,1,404.78300000000013
Fc1ccc(-c2nn3ccccc3c2-c2ccncc2)cc1,10000.0,5.0,0,289.31300000000005
Fc1ccc(Nc2cc(NC3CCCNC3)nc3ccnn23)cc1Cl,700.0,6.154901959985743,1,360.82399999999996
Fc1ccc(Nc2nccc(-c3c(C4CC4)nn4ncccc34)n2)cc1F,19952.62,4.70000006855703,0,364.35900000000004
Fc1ccc(Nc2nccc(-c3cnn4ncccc34)n2)cc1F,1.995,8.700057099977233,1,324.2940000000001
Fc1ccc2[nH]cc(CCn3ccc4ccccc43)c2c1,200000.0,3.6989700043360187,0,278.33000000000004
Fc1ccc2c(ccn2CCc2c[nH]c3ccc(F)cc23)c1,895000.0,3.048176964684088,0,296.32000000000005
Fc1ccc2c(ccn2CCc2c[nH]c3ccccc23)c1,500000.0,3.3010299956639813,0,278.33000000000004
Fc1ccccc1-c1cc(NCc2cccnc2)n2ncc(Br)c2n1,11.0,7.958607314841775,1,398.23900000000003
Fc1ccccc1-c1cc(NCc2cccnc2)n2ncc(Cl)c2n1,21.0,7.6777807052660805,1,353.788
Fc1ccccc1-c1cc(NCc2ccncc2)n2ncc(Br)c2n1,28.0,7.552841968657781,1,398.23900000000003
Fc1ccccc1-c1cc(NCc2ccncc2)n2ncc(Cl)c2n1,46.5,7.3325470471100465,1,353.788
N#C/C=C(/c1ccc2nc(N)c(C(=O)c3c(F)cccc3F)n2c1)c1c(F)cccc1F,160.0,6.795880017344075,1,436.36800000000005
N#C/C=C(\c1ccc2nc(N)c(C(=O)c3c(F)cccc3F)n2c1)c1c(F)cccc1F,896.0,6.047691990337875,1,436.36800000000005
N#CC1(CNc2cccc(-c3cc(Nc4cnn(CCCCCC(=O)NO)c4)ncc3Cl)n2)CCOCC1,10000.0,5.0,0,539.0400000000002
N#CC1(CNc2cccc(-c3cc(Nc4cnn(CCCCCCC(=O)NO)c4)ncc3Cl)n2)CCOCC1,8970.0,5.047207556955908,0,553.0670000000001
N#CC1(CNc2cccc(-c3cc(Nc4cnn(CCCCCCC(=O)Nc5ccccc5N)c4)ncc3Cl)n2)CCOCC1,10000.0,5.0,0,628.181
N#CC1(CNc2cccc(-c3cc(Nc4cnn(Cc5ccc(C(=O)NO)cc5)c4)ncc3Cl)n2)CCOCC1,6303.0,5.200452692874385,0,559.03
N#CC1(CNc2cccc(-c3cc(Nc4cnn(Cc5ccc(C(=O)Nc6ccccc6N)cc5)c4)ncc3Cl)n2)CCOCC1,10000.0,5.0,0,634.1439999999998
N#CCCc1cc(-c2ccc[nH]2)c2c3c(ccc(F)c13)NC2=O,5.0,8.301029995663981,1,305.312
N#CCNc1nc(Nc2ccccc2)ncc1Br,100.0,7.0,1,304.15100000000007
N#CCc1cccc(-c2c[nH]c(=O)c3cc(-c4ccncc4)sc23)c1,3981.07,5.40000018605658,0,343.411
N#Cc1c(NC(=O)c2cccc3ccccc23)sc2c1CCCC2,10000.0,5.0,0,332.4280000000002
N#Cc1c(NC(=O)c2cccc3ccccc23)sc2c1CCCN2C(=O)C1CC1,10000.0,5.0,0,401.4910000000003
N#Cc1cc(C(NC(=O)c2ccc3cnccc3c2)C2CCNCC2)ccc1Cl,25000.0,4.6020599913279625,0,404.9010000000002
N#Cc1cc2c(ccn2-c2ccnc(N)n2)cn1,44000.0,4.356547323513812,0,236.238
N#Cc1ccc(F)c(-c2c[nH]c(=O)c3cc(-c4ccncc4)sc23)c1,199.53,6.699991797446187,1,347.374
N#Cc1ccc(NCCc2c[nH]c3ccccc23)c(C(=O)O)c1,15000.0,4.823908740944319,0,305.33700000000005
N#Cc1ccc(Nc2nccc(-c3cnn4ncccc34)n2)cc1,2.0,8.698970004336019,1,313.32400000000007
N#Cc1ccc(Nc2nccc(C(=O)Nc3cnccc3-c3ccc(F)cc3)n2)cc1,220.0,6.657577319177793,1,410.4120000000001
N#Cc1ccc2c(CCNc3ccc(C(F)(F)F)cc3C(=O)O)c[nH]c2c1,100.0,7.0,1,373.33400000000006
N#Cc1ccc2c(CCNc3ccc(S(F)(F)(F)(F)F)cc3C(=O)O)c[nH]c2c1,87.0,7.060480747381382,1,431.3860000000001
N#Cc1ccc2c(c1)/C(=C/Nc1ccc(CN3CCCCC3)cc1)C(=O)NC2=O,26500.0,4.576754126063192,0,386.45500000000015
N#Cc1ccc2c(ccn2-c2ccnc(N)n2)c1,29100.0,4.536107011014093,0,235.24999999999997
N#Cc1ccc2ccn(-c3cc(N)ncn3)c2c1,83000.0,4.080921907623926,0,235.25
N#Cc1ccc2ccn(-c3cc(N)ncn3)c2n1,83000.0,4.080921907623926,0,236.238
N#Cc1ccc2ccn(-c3cccc(N)n3)c2c1,45000.0,4.346787486224656,0,234.262
N#Cc1ccc2ccn(-c3ccnc(N)c3)c2c1,39000.0,4.4089353929735005,0,234.262
N#Cc1ccc2ccn(-c3ccnc(N)n3)c2c1,16500.0,4.782516055786093,0,235.25
N#Cc1ccc2ccn(-c3ccncn3)c2c1,83000.0,4.080921907623926,0,220.235
N#Cc1ccc2ccn(-c3nccc(N)n3)c2c1,29000.0,4.5376020021010435,0,235.25
N#Cc1cccc(Nc2nccc(-c3cnn4ncccc34)n2)c1,2.0,8.698970004336019,1,313.324
N#Cc1cnc(NC2CCN(S(=O)(=O)c3ccccn3)CC2)nc1-c1cnn(CC(F)(F)F)c1,90.5,7.043351420794797,1,492.4870000000002
N#Cc1cnc2ccn(-c3ccnc(N)n3)c2c1,83000.0,4.080921907623926,0,236.238
N#Cc1cnn2c(NCc3ccncc3)cc(-c3ccccc3)nc12,620.0,6.2076083105017466,1,326.36300000000006
N#Cc1cnn2c(Nc3ccc(F)c(Cl)c3)cc(N[C@H]3CC[C@H](N)CC3)nc12,4.0,8.397940008672037,1,399.8610000000002
N#Cc1cnn2cccnc12,370.0,6.431798275933005,1,144.13699999999997
N#Cc1cscc1-c1c[nH]c(=O)c2cc(-c3ccncc3)sc12,158.49,6.799998134593398,1,335.413
N=C(N)NS(=O)(=O)c1ccc(N/C=C2\C(=O)Nc3ccc4ncsc4c32)cc1,3.3,8.481486060122112,1,414.47200000000015
N=C(N)NS(=O)(=O)c1ccc(N/C=C2\C(=O)Nc3ccccc32)cc1,660.0,6.180456064458132,1,357.3950000000001
N=C(N)SCCCN1C(=O)C2=C(C1=O)n1ccc3cccc(c31)C1Cc3ccccc3N21,4300.0,5.366531544420414,0,443.5320000000002
N=C(N)SCCCn1c(=O)c2c(c1=O)n1c3ccccc3cc1c1cccc3ccn2c31,3600.0,5.443697499232712,0,441.51600000000013
N=C(Nc1ccccc1)SCCCN1C(=O)C2=C(C1=O)n1ccc3cccc(c31)C1Cc3ccccc3N21,5100.0,5.292429823902063,0,519.6300000000002
N=C1NC(=O)/C(=C/c2ccc(-c3ccc(C(=O)O)cc3)o2)S1,47000.0,4.327902142064283,0,314.322
N=C1NC(=O)/C(=C/c2ccc(-c3ccc(C(N)=O)cc3)o2)S1,9300.0,5.031517051446065,0,313.338
N=C1NC(=O)/C(=C/c2ccc(-c3ccc(S(=O)(=O)N4CCNCC4)cc3)o2)S1,2900.0,5.5376020021010435,0,418.5000000000002
N=C1NC(=O)/C(=C/c2ccc(-c3ccc(S(=O)(=O)N4CCOCC4)cc3)o2)S1,150000.0,3.8239087409443187,0,419.48400000000026
N=C1NC(=O)/C(=C/c2ccc(-c3ccc(S(N)(=O)=O)c(C(F)(F)F)c3)o2)S1,610.0,6.214670164989233,1,417.3900000000001
N=C1NC(=O)/C(=C/c2ccc(-c3ccc(S(N)(=O)=O)c(Cl)c3)o2)S1,570.0,6.2441251443275085,1,383.8380000000001
N=C1NC(=O)/C(=C/c2ccc(-c3ccc(S(N)(=O)=O)cc3)o2)S1,180.0,6.7447274948966935,1,349.3930000000001
N=C1NC(=O)/C(=C/c2ccc(-c3ccccc3[N+](=O)[O-])o2)S1,19000.0,4.721246399047171,0,315.31000000000006
N=c1[nH]c(=O)[nH]c2c1cnn2-c1ccc(S(N)(=O)=O)cc1,190.0,6.721246399047171,1,306.307
NC(=O)Cn1nc(C(N)=O)c2c1-c1nc(Nc3ccccc3)ncc1CC2,10.0,8.0,1,363.38100000000014
NC(=O)Nc1cccc2c1C(=O)c1c(-c3csc(Cl)c3)n[nH]c1-2,46.0,7.337242168318426,1,344.783
NC(=O)c1c(NC(=O)CN2C(=O)CCC2=O)sc2c1CCC2,8750.0,5.057991946977687,0,321.3580000000001
NC(=O)c1cc(F)c(C(=O)c2c(N)nc3ccc(C(=O)c4c(Cl)cccc4Cl)cn23)c(F)c1,46.0,7.337242168318426,1,489.26500000000016
NC(=O)c1ccc(-c2cnc(NC[C@@H](N)Cc3ccc(C(F)(F)F)cc3)s2)cc1,10000.0,5.0,0,420.46
NC(=O)c1ccc(C(=O)Nc2cc(C3CC3)[nH]n2)cc1,68.03999999999999,7.1672356950594684,1,270.292
NC(=O)c1ccc(CC(=O)Nc2cc(C3CC3)[nH]n2)cc1,73.97999999999999,7.130885673020625,1,284.31899999999996
NC(=O)c1ccc(Nc2nc(N)c(N=O)c(OCC3CCCCC3)n2)cc1,34.0,7.468521082957745,1,370.4130000000002
NC(=O)c1ccc(Nc2nc(N)cc(OCC3CCCCC3)n2)cc1,59000.0,4.229147988357856,0,341.41500000000013
NC(=O)c1ccc(Nc2nc(N[C@H]3CC[C@H](N)CC3)nc3c2ncn3C2CCCC2)cc1,4.0,8.397940008672037,1,434.54800000000023
NC(=O)c1ccc(Nc2nccc(-c3cnn4ncccc34)n2)cc1,16.0,7.795880017344075,1,331.33900000000006
NC(=O)c1ccc2c(c1)/C(=N/Nc1ccc(S(=O)(=O)NCCOCCO)cc1)C(=O)N2,4500.0,5.346787486224656,0,447.47300000000024
NC(=O)c1ccc2c(c1)/C(=N/Nc1ccc(S(N)(=O)=O)cc1)C(=O)N2,4.5,8.346787486224656,1,359.3670000000001
NC(=O)c1cccc2[nH]c(NC(=O)c3cccc(C(=O)N4CCC(Nc5ncc(I)cn5)CC4)c3)nc12,689.4,6.161528720928072,1,610.4159999999999
NC(=O)c1cccc2c1/C(=N/Nc1ccc(S(N)(=O)=O)cc1)C(=O)N2,1000.0,6.0,1,359.3670000000001
NC(=O)c1ccccc1Nc1ccnc(Nc2cccc(O)c2)n1,2700.0,5.568636235841013,0,321.34000000000003
NC(=O)c1cnc2[nH]c(-c3ccc(OCCN4CCCCC4)cc3)nc2c1NCCCNC(=O)C1CCC1,9410.0,5.026410376572743,0,519.6500000000004
NC(=O)c1nn(CC2CCNCC2)c2c1CCc1cnc(Nc3ccccc3)nc1-2,12.0,7.920818753952375,1,403.49
NC(=O)c1sc(-c2ccnc(NC(=O)C3CC3)c2)nc1OCCCC1CCN(Cc2ccc(F)cc2)CC1,300.0,6.522878745280337,1,537.6610000000003
NC1=NONC1N1N=NC(C(=O)N/N=C/c2ccncc2)C1CN1CCCCC1,96000.0,4.017728766960432,0,400.4470000000003
NC1=NONC1N1N=NC(c2n[nH]c(-c3ccncc3)n2)C1CN1CCCCC1,250000.0,3.6020599913279625,0,397.4470000000003
NC1CCN(Cc2ccn3ncnc(Oc4ccc(NC(=O)NC(=O)Cc5ccc(F)cc5)cc4F)c23)CC1,5000.0,5.301029995663981,0,535.5550000000001
NCC(=O)NS(=O)(=O)c1ccc(Nc2nc(N)n(C(=O)c3c(F)cccc3F)n2)cc1,120.0,6.920818753952375,1,451.41500000000013
NCCCCNC(=O)c1ccc(CNc2nc(N[C@H]3CC[C@H](N)CC3)nc3c2ncn3C2CCCC2)cc1,27.0,7.568636235841013,1,519.6980000000005
NCCCCNC(=O)c1ccc(Nc2nc(N[C@H]3CC[C@H](N)CC3)nc3c2ncn3C2CCCC2)cc1,20.0,7.698970004336019,1,505.6710000000005
NCCCCNc1ccc(Nc2nc(N[C@H]3CC[C@H](N)CC3)nc3c2ncn3C2CCCC2)cc1,17.0,7.769551078621726,1,477.66100000000034
NCCCNCCCCNC(=O)c1ccc(CNc2nc(N[C@H]3CC[C@H](N)CC3)nc3c2ncn3C2CCCC2)cc1,25.0,7.6020599913279625,1,576.7940000000002
NCCCNCCCCNC(=O)c1ccc(Nc2nc(N[C@H]3CC[C@H](N)CC3)nc3c2ncn3C2CCCC2)cc1,19.0,7.721246399047171,1,562.7670000000003
NCCCNCCCCNCCCNc1ccc(Nc2nc(N[C@H]3CC[C@H](N)CC3)nc3c2ncn3C2CCCC2)cc1,31.0,7.508638306165727,1,591.8530000000001
NCCCNCCCCNc1ccc(Nc2nc(N[C@H]3CC[C@H](N)CC3)nc3c2ncn3C2CCCC2)cc1,21.0,7.6777807052660805,1,534.7570000000005
NCCCNc1cc(-c2ccc[nH]2)c2c3c(ccc(F)c13)NC2=O,48.0,7.318758762624412,1,324.35900000000004
NCCCc1cc(-c2ccc[nH]2)c2c3c(ccc(F)c13)NC2=O,7.0,8.154901959985743,1,309.34400000000005
NCCCn1nc(C(N)=O)c2c1-c1nc(Nc3ccccc3)ncc1CC2,1.0,9.0,1,363.4250000000001
NCCNc1cc(-c2ccc[nH]2)c2c3c(ccc(F)c13)NC2=O,12.0,7.920818753952375,1,310.33200000000005
NCCOc1cc(-c2ccc[nH]2)c2c3c(ccc(F)c13)NC2=O,12.0,7.920818753952375,1,311.31600000000003
NCCS(=O)(=O)c1cc(-c2ccc[nH]2)c2c3c(ccc(F)c13)NC2=O,23.0,7.638272163982407,1,359.38200000000006
NCCSc1cc(-c2ccc[nH]2)c2c3c(ccc(F)c13)NC2=O,3.0,8.522878745280337,1,327.38400000000007
NCC[S+]([O-])c1cc(-c2ccc[nH]2)c2c3c(ccc(F)c13)NC2=O,28.0,7.552841968657781,1,343.38300000000004
NCCn1cc(-c2cc(-c3cc4ccccc4s3)c3[nH]ncc3c2)c2nc(N)ncc21,140.0,6.853871964321762,1,425.52100000000013
NC[C@@H](CNc1cncc(-c2ccc3[nH]nc(NC(=O)c4ccccc4)c3c2)c1)c1ccccc1,190.0,6.721246399047171,1,462.55700000000013
NNc1nn2c(COc3ccc(Cl)cc3)nnc2s1,15000.0,4.823908740944319,0,296.74300000000005
NNc1nn2c(Cc3ccccc3)nnc2s1,28000.0,4.552841968657781,0,246.29900000000004
NS(=O)(=O)Cc1ccc(N/C=C2\C(=O)Nc3ccc4ncsc4c32)cc1,7.5,8.1249387366083,1,386.4580000000001
NS(=O)(=O)c1ccc(-c2ccc(/C=C3\SC(=O)NC3=O)o2)cc1,27000.0,4.568636235841013,0,350.37700000000007
NS(=O)(=O)c1ccc(-c2ccc3c(NC(=O)C4CC4)n[nH]c3c2)cc1,1000.0,6.0,1,356.4070000000001
NS(=O)(=O)c1ccc(/N=N/c2c(O)[nH]c3cccc(I)c23)cc1,4.6,8.337242168318426,1,442.23800000000006
NS(=O)(=O)c1ccc(N/C=C2\C(=O)Nc3cc(CO)ccc32)cc1,61.0,7.214670164989233,1,345.38000000000005
NS(=O)(=O)c1ccc(N/C=C2\C(=O)Nc3ccc(-c4cnco4)cc32)cc1,2.5,8.602059991327963,1,382.4010000000001
NS(=O)(=O)c1ccc(N/C=C2\C(=O)Nc3ccc(C(=O)O)cc32)cc1,28.0,7.552841968657781,1,359.3630000000001
NS(=O)(=O)c1ccc(N/C=C2\C(=O)Nc3ccc4ncccc4c32)cc1,1.5,8.823908740944319,1,366.4020000000001
NS(=O)(=O)c1ccc(N/C=C2\C(=O)Nc3ccc4ncsc4c32)cc1,2.8,8.55284196865778,1,372.4310000000001
NS(=O)(=O)c1ccc(N/C=C2\C(=O)Nc3cccc(CO)c32)cc1,54.0,7.267606240177032,1,345.3800000000001
NS(=O)(=O)c1ccc(N/C=C2\C(=O)Nc3ccccc32)cc1,690.0,6.161150909262744,1,315.35400000000004
NS(=O)(=O)c1ccc(N/N=C2\C(=O)Nc3cc(Br)ccc32)cc1,43.0,7.366531544420414,1,395.238
NS(=O)(=O)c1ccc(N/N=C2\C(=O)Nc3cc(Oc4ccccc4)ccc32)cc1,7000.0,5.154901959985743,0,408.4390000000001
NS(=O)(=O)c1ccc(N/N=C2\C(=O)Nc3ccc(-c4cnco4)cc32)cc1,2.3,8.638272163982407,1,383.3890000000001
NS(=O)(=O)c1ccc(N/N=C2\C(=O)Nc3ccc(Br)cc32)cc1,60.0,7.221848749616356,1,395.23800000000006
NS(=O)(=O)c1ccc(N/N=C2\C(=O)Nc3ccc(C(=O)NCCCn4ccnc4)cc32)cc1,25.0,7.6020599913279625,1,467.51100000000025
NS(=O)(=O)c1ccc(N/N=C2\C(=O)Nc3ccc(C(=O)NCCc4c[nH]cn4)cc32)cc1,12.0,7.920818753952375,1,453.4840000000002
NS(=O)(=O)c1ccc(N/N=C2\C(=O)Nc3ccc(C(=O)NCc4cccnc4)cc32)cc1,2.1,8.67778070526608,1,450.4800000000002
NS(=O)(=O)c1ccc(N/N=C2\C(=O)Nc3ccc(C(=O)NCc4ccncc4)cc32)cc1,8.9,8.050609993355087,1,450.4800000000002
NS(=O)(=O)c1ccc(N/N=C2\C(=O)Nc3ccc(Cl)cc32)cc1,39.75,7.400662867007511,1,350.7870000000001
NS(=O)(=O)c1ccc(N/N=C2\C(=O)Nc3ccc(F)cc32)cc1,34.0,7.468521082957745,1,334.33200000000005
NS(=O)(=O)c1ccc(N/N=C2\C(=O)Nc3ccc(I)cc32)cc1,11.0,7.958607314841775,1,442.23800000000006
NS(=O)(=O)c1ccc(N/N=C2\C(=O)Nc3ccc(O)cc32)cc1,10.0,8.0,1,332.34100000000007
NS(=O)(=O)c1ccc(N/N=C2\C(=O)Nc3ccc(S(=O)(=O)O)cc32)cc1,15.0,7.823908740944319,1,396.4060000000001
NS(=O)(=O)c1ccc(N/N=C2\C(=O)Nc3ccc(S(N)(=O)=O)cc32)cc1,43.0,7.366531544420414,1,395.42200000000014
NS(=O)(=O)c1ccc(N/N=C2\C(=O)Nc3ccc([N+](=O)[O-])cc32)cc1,15.0,7.823908740944319,1,361.3390000000001
NS(=O)(=O)c1ccc(N/N=C2\C(=O)Nc3ccc4[nH]nc(Cl)c4c32)cc1,2.2,8.657577319177793,1,390.8120000000001
NS(=O)(=O)c1ccc(N/N=C2\C(=O)Nc3ccc4[nH]ncc4c32)cc1,13.0,7.886056647693163,1,356.3670000000001
NS(=O)(=O)c1ccc(N/N=C2\C(=O)Nc3ccc4[nH]nnc4c32)cc1,9.5,8.022276394711152,1,357.3550000000001
NS(=O)(=O)c1ccc(N/N=C2\C(=O)Nc3ccc4ncccc4c32)cc1,1.6,8.795880017344075,1,367.3900000000001
NS(=O)(=O)c1ccc(N/N=C2\C(=O)Nc3ccc4ncsc4c32)cc1,7.1,8.148741651280925,1,373.4190000000001
NS(=O)(=O)c1ccc(N/N=C2\C(=O)Nc3cccc(-c4cc[nH]n4)c32)cc1,19.0,7.721246399047171,1,382.4050000000001
NS(=O)(=O)c1ccc(N/N=C2\C(=O)Nc3cccc(/C=C/c4ccc(O)cc4)c32)cc1,9.3,8.031517051446064,1,434.47700000000015
NS(=O)(=O)c1ccc(N/N=C2\C(=O)Nc3cccc(CCc4ccc(O)cc4)c32)cc1,12.0,7.920818753952375,1,436.4930000000002
NS(=O)(=O)c1ccc(N/N=C2\C(=O)Nc3cccc(CCc4ccncc4)c32)cc1,21.0,7.6777807052660805,1,421.4820000000002
NS(=O)(=O)c1ccc(N/N=C2\C(=O)Nc3cccc(OCCc4ccncc4)c32)cc1,21.0,7.6777807052660805,1,437.4810000000002
NS(=O)(=O)c1ccc(N/N=C2\C(=O)Nc3cccc(Oc4ccccc4)c32)cc1,13.0,7.886056647693163,1,408.43900000000014
NS(=O)(=O)c1ccc(N/N=C2\C(=O)Nc3cccc([N+](=O)[O-])c32)cc1,2400.0,5.619788758288394,0,361.3390000000001
NS(=O)(=O)c1ccc(N/N=C2\C(=O)Nc3ccccc32)cc1,120.0,6.920818753952375,1,316.34200000000004
NS(=O)(=O)c1ccc(NC(=O)c2n[nH]c3ccccc23)cc1,660.0,6.180456064458132,1,316.34200000000004
NS(=O)(=O)c1ccc(NC=C2C(=O)Nc3ccc4ncsc4c32)cc1,2.8,8.55284196865778,1,372.4310000000001
NS(=O)(=O)c1ccc(Nc2cc(-c3ccc(Br)cc3)[nH]n2)cc1,10.0,8.0,1,393.266
NS(=O)(=O)c1ccc(Nc2cc(-c3ccc(F)cc3)[nH]n2)cc1,17.4,7.7594507517174005,1,332.35999999999996
NS(=O)(=O)c1ccc(Nc2cc(-c3ccc(O)c(F)c3)n[nH]2)cc1,12.6,7.8996294548824375,1,348.359
NS(=O)(=O)c1ccc(Nc2cc(-c3ccc([N+](=O)[O-])cc3)[nH]n2)cc1,0.33,9.481486060122112,1,359.367
NS(=O)(=O)c1ccc(Nc2cc(-c3cccc(Br)c3)[nH]n2)cc1,23.4,7.6307841425898575,1,393.266
NS(=O)(=O)c1ccc(Nc2cc(-c3cccc(N4CCOCC4)c3)[nH]n2)cc1,490.0,6.309803919971486,1,399.47600000000017
NS(=O)(=O)c1ccc(Nc2cc(-c3cccc(NC(=O)Nc4cc(C(F)(F)F)ccc4F)c3)[nH]n2)cc1,61.6,7.210419287835575,1,534.4950000000001
NS(=O)(=O)c1ccc(Nc2cc(-c3cccc(NS(=O)(=O)c4ccccc4)c3)[nH]n2)cc1,10.7,7.97061622231479,1,469.54800000000006
NS(=O)(=O)c1ccc(Nc2cc(-c3cccc(O)c3)n[nH]2)cc1,9.1,8.040958607678906,1,330.36899999999997
NS(=O)(=O)c1ccc(Nc2cc(NC3CCCCC3)nc3ncnn23)cc1,730.0,6.136677139879544,1,387.4690000000001
NS(=O)(=O)c1ccc(Nc2cc(N[C@H]3CC[C@H](N)CC3)nc3ncnn23)cc1,270.0,6.568636235841013,1,402.48400000000015
NS(=O)(=O)c1ccc(Nc2cc(N[C@H]3CC[C@H](O)CC3)nc3ncnn23)cc1,7400.0,5.130768280269024,0,403.46800000000013
NS(=O)(=O)c1ccc(Nc2cc(OC3CCCCC3)nc3ncnn23)cc1,350.0,6.455931955649724,1,388.4530000000001
NS(=O)(=O)c1ccc(Nc2cc(OCC3CCCCC3)nc3ncnn23)cc1,11000.0,4.958607314841775,0,402.48000000000013
NS(=O)(=O)c1ccc(Nc2cncc(Cl)n2)cc1,5500.0,5.259637310505756,0,284.728
NS(=O)(=O)c1ccc(Nc2nc(OCC3CCCCC3)c3nc[nH]c3n2)cc1,4962.309090909091,5.3043161880090945,0,402.48000000000013
NS(=O)(=O)c1ccc(Nc2ncc3c(n2)N(C2CCCC2)C(=O)C32CC2)cc1,3802.45,5.419936487956584,0,399.47600000000034
NS(=O)(=O)c1ccc(Nc2nccc(-c3cnc4ccccn34)n2)cc1,2.0,8.698970004336019,1,366.40600000000006
NS(=O)(=O)c1ccc2c(c1)/C(=C/c1[nH]cc3c1CCOC3=O)C(=O)N2,12.0,7.920818753952375,1,359.36300000000017
NS(=O)(=O)c1cccc(-c2ccc3c(NC(=O)C4CC4)n[nH]c3c2)c1,1000.0,6.0,1,356.4070000000001
NS(=O)(=O)c1cccc(Nc2cc(-c3ccc(F)cc3)n[nH]2)c1,871.0,6.059981844992337,1,332.36
NS(=O)(=O)c1cccc(Nc2nccc(-c3ccnc(N4C5CCC4COC5)c3)n2)c1,31.0,7.508638306165727,1,438.51300000000026
NS(=O)(=O)c1cccc(Nc2nccc(-c3ccnc(N4CC5CCC(C4)O5)c3)n2)c1,21.0,7.6777807052660805,1,438.51300000000026
NS(=O)(=O)c1cccc(Nc2nccc(-c3ccnc(N4CCCCC4)c3)n2)c1,16.0,7.795880017344075,1,410.50300000000027
NS(=O)(=O)c1cccc(Nc2nccc(-c3ccnc(N4CCOCC4)c3)n2)c1,19.0,7.721246399047171,1,412.47500000000025
NS(=O)(=O)c1cccc(Nc2nccc(-c3ccnc(NCCCO)c3)n2)c1,6.7,8.173925197299173,1,400.46400000000017
NS(=O)(=O)c1cccc2c(O)cccc12,120000.0,3.9208187539523753,0,223.253
NS(=O)(=O)c1cncc(-c2nc(NCc3ccccn3)c3c(-c4ccccc4)cccc3n2)c1,50000.0,4.301029995663981,0,468.54200000000014
N[C@@H](CCCN/C=C1\C(=O)Nc2ccc(Br)cc21)C(=O)O,6600.0,5.180456064458132,0,354.2040000000001
N[C@@H](COc1cncc(-c2ccc3[nH]nc(NC(=O)c4ccccc4)c3c2)c1)Cc1ccccc1,499.0,6.30189945437661,1,463.5410000000002
N[C@@H](Cc1ccccc1)C(=O)Nc1cncc(-c2ccc3[nH]nc(NC(=O)c4ccccc4)c3c2)c1,1049.0,5.979224511806442,0,476.54000000000013
N[C@H](C(=O)Nc1cc(C2CC2)[nH]n1)c1ccccc1,959.7,6.01786450519623,1,256.30899999999997
N[C@H](CCc1cc(-c2ccc3cnccc3c2)no1)Cc1ccc(C(F)(F)F)cc1,117.0,6.931814138253839,1,411.4270000000001
N[C@H](CCc1nc(-c2ccc3cnccc3c2)no1)Cc1ccc(C(F)(F)F)cc1,4630.0,5.334419008982047,0,412.41500000000013
N[C@H](CNC(=O)c1ccc2cnccc2c1)Cc1ccc(C(F)(F)F)cc1,25000.0,4.6020599913279625,0,373.378
N[C@H](CNc1cc(-c2ccc3cnccc3c2)no1)Cc1ccc(C(F)(F)F)cc1,93.0,7.031517051446065,1,412.4150000000001
N[C@H](CNc1cnc(-c2ccc3cnccc3c2)s1)Cc1ccc(C(F)(F)F)cc1,1070.0,5.97061622231479,0,428.4830000000001
N[C@H](CNc1ncc(-c2ccc3[nH]c(=O)oc3c2)s1)Cc1ccc(C(F)(F)F)cc1,138.0,6.860120913598763,1,434.4430000000001
N[C@H](CNc1ncc(-c2ccc3[nH]c(=O)sc3c2)s1)Cc1ccc(C(F)(F)F)cc1,285.0,6.54515513999149,1,450.51100000000014
N[C@H](CNc1ncc(-c2ccc3c(c2)CC(=O)N3)s1)Cc1ccc(C(F)(F)F)cc1,185.0,6.732828271596986,1,432.4710000000001
N[C@H](CNc1ncc(-c2ccc3c(c2)CCC(=O)N3)s1)Cc1ccc(C(F)(F)F)cc1,25000.0,4.6020599913279625,0,446.4980000000001
N[C@H](CNc1ncc(-c2ccc3c(c2)CNC3=O)s1)Cc1ccc(C(F)(F)F)cc1,9000.0,5.045757490560675,0,432.4710000000001
N[C@H](CNc1ncc(-c2ccc3cn[nH]c(=O)c3c2)s1)Cc1ccc(C(F)(F)F)cc1,1000.0,6.0,1,445.47000000000014
N[C@H](CNc1ncc(-c2ccc3cn[nH]c3c2)s1)Cc1ccc(C(F)(F)F)cc1,1000.0,6.0,1,417.46000000000015
N[C@H](CNc1ncc(-c2ccc3cnccc3c2)s1)Cc1ccc(C(F)(F)F)cc1,12.4,7.906578314837765,1,428.4830000000001
N[C@H](CNc1ncc(-c2ccc3cncnc3c2)s1)Cc1ccc(C(F)(F)F)cc1,136.0,6.866461091629782,1,429.4710000000001
N[C@H](CNc1ncc(-c2ccc3nnccc3c2)s1)Cc1ccc(C(F)(F)F)cc1,2000.0,5.698970004336019,0,429.4710000000001
N[C@H](CNc1ncc(-c2ccc3nnn(N)c3c2)s1)Cc1ccc(C(F)(F)F)cc1,55.3,7.257274868695302,1,433.46300000000014
N[C@H](CNc1nnc(-c2ccc3[nH]nc(-c4ccccc4)c3c2)s1)Cc1cccc(C(F)(F)F)c1,79.0,7.102372908709558,1,494.54600000000016
N[C@H](CNc1nnc(-c2ccc3[nH]nc(C4CC4)c3c2)s1)Cc1ccc(C(F)(F)F)cc1,135.0,6.8696662315049934,1,458.5130000000001
N[C@H](CNc1nnc(-c2ccc3[nH]ncc3c2)s1)Cc1ccc(C(F)(F)F)cc1,24.0,7.619788758288394,1,418.44800000000015
N[C@H](CNc1nnc(-c2ccc3[nH]ncc3c2)s1)Cc1ccc(Cl)cc1,41.0,7.3872161432802645,1,384.8960000000002
N[C@H](CNc1nnc(-c2ccc3[nH]ncc3c2)s1)Cc1ccc(Cl)cc1Cl,323.0,6.490797477668897,1,419.34100000000024
N[C@H](CNc1nnc(-c2ccc3[nH]ncc3c2)s1)Cc1ccc(F)cc1,74.0,7.130768280269024,1,368.44100000000014
N[C@H](CNc1nnc(-c2ccc3c(c2)CC(=O)N3)s1)Cc1ccc(C(F)(F)F)cc1,190.0,6.721246399047171,1,433.4590000000001
N[C@H](CNc1nnc(-c2ccc3cnccc3c2)o1)Cc1ccc(C(F)(F)F)cc1,348.0,6.458420756053419,1,413.40300000000013
N[C@H](CNc1nnc(-c2ccc3cnccc3c2)s1)Cc1ccc(C(F)(F)F)cc1,52.0,7.2839966563652006,1,429.4710000000001
N[C@H](COc1cncc(-c2ccc3[nH]nc(NC(=O)c4ccccc4)c3c2)c1)Cc1ccccc1,97.0,7.013228265733755,1,463.5410000000002
N[C@H](COc1cncc(-c2ccc3[nH]nc(NC(=O)c4ccccc4)c3c2)c1)c1ccccc1,120.0,6.920818753952375,1,449.5140000000002
N[C@H](Cc1ccccc1)C(=O)Nc1cncc(-c2ccc3[nH]nc(NC(=O)c4ccccc4)c3c2)c1,550.0,6.259637310505756,1,476.54000000000013
N[C@H]1CCN(c2c3c(nc4ccc(-c5ccnc(NC(=O)C6CC6)c5)cc24)CCCC3)C1,51.0,7.292429823902063,1,427.5520000000004
N[C@H]1CCN(c2c3c(nc4ccc(-c5ccnc(NC(=O)C6CC6)n5)cc24)CCCC3)C1,54.81,7.2611401979278,1,428.5400000000004
N[C@H]1CCN(c2c3c(nc4ccc(-c5ccnc(NC(=O)C6CC6)n5)cc24)CCCCC3)C1,11.58,7.936291440608582,1,442.56700000000046
N[C@H]1CCN(c2c3c(nc4ccc(-c5ccncc5)cc24)CCCC3)C1,500.0,6.301029995663981,1,344.4620000000003
N[C@H]1CC[C@H](NC(=O)c2n[nH]cc2NC(=O)c2c(F)cccc2F)CC1,38.0,7.42021640338319,1,363.3680000000001
N[C@H]1CC[C@H](Nc2cc(Nc3ccc(F)c(Cl)c3)n3ncc(Br)c3n2)CC1,3.4,8.468521082957745,1,453.7470000000001
N[C@H]1CC[C@H](Nc2cc(Nc3ccc(F)c(Cl)c3)n3ncc(Cl)c3n2)CC1,3.0,8.522878745280337,1,409.29600000000016
N[C@H]1CC[C@H](Nc2cc(Nc3ccc(F)c(Cl)c3)n3nccc3n2)CC1,55.0,7.259637310505756,1,374.8510000000001
N[C@H]1CC[C@H](Nc2cc(Nc3ccc(S(=O)(=O)c4ccccc4)cc3)n3ncc(Br)c3n2)CC1,16.0,7.795880017344075,1,541.4749999999999
N[C@H]1CC[C@H](Nc2cc(Nc3ccc(S(=O)(=O)c4ccccc4)cc3)n3ncnc3n2)CC1,260.0,6.585026652029182,1,463.5670000000002
N[C@H]1CC[C@H](Nc2cc(Nc3ccc(S(=O)(=O)c4cccs4)cc3)n3ncc(Cl)c3n2)CC1,11.0,7.958607314841775,1,503.0530000000002
N[C@H]1CC[C@H](Nc2cc(Nc3ccccc3Cl)n3nccc3n2)CC1,390.0,6.4089353929735005,1,356.8610000000001
N[C@H]1CC[C@H](Nc2nc(NCc3ccccc3)c3ncn(C4CCCC4)c3n2)CC1,7.0,8.154901959985743,1,405.5500000000003
N[C@H]1CC[C@H](Nc2nc(Nc3ccccc3)c3ncn(C4CCCC4)c3n2)CC1,7.0,8.154901959985743,1,391.5230000000003
N[C@H]1CC[C@H](Nc2nc3ccnn3c(Nc3ccc(F)c(Cl)c3)c2-c2ccccc2)CC1,6000.0,5.221848749616356,0,450.9490000000002
Nc1c(S(=O)(=O)[O-])cc(Nc2ccc(Cl)cc2)c2c1C(=O)c1ccccc1C2=O,2240.0,5.649751981665837,0,427.8450000000002
Nc1c(S(=O)(=O)[O-])cc(Nc2ccccc2)c2c1C(=O)c1ccccc1C2=O,5550.0,5.255707016877324,0,393.4000000000002
Nc1c([N+](=O)[O-])cnc(NC2CCCCC2)c1[N+](=O)[O-],1800.0,5.7447274948966935,0,281.272
Nc1c[nH]nc1C(=O)Nc1ccc(F)cc1,85000.0,4.070581074285707,0,220.207
Nc1cc(NCCc2c[nH]c3ccccc23)c(C(=O)O)cc1[N+](=O)[O-],42000.0,4.376750709602099,0,340.33900000000006
Nc1cc(OCC2CCCCC2)nc(N)n1,10000.0,5.0,0,222.29199999999997
Nc1cc(OCC2CCCCC2)nc(Nc2ccc(S(N)(=O)=O)cc2)n1,2900.0,5.5376020021010435,0,377.4700000000001
Nc1cc2cc(-c3cnc(NC[C@@H](N)Cc4ccc(C(F)(F)F)cc4)s3)ccc2cn1,15.4,7.8124792791635365,1,443.49800000000005
Nc1ccc(-c2cc(Nc3ccc(S(N)(=O)=O)cc3)[nH]n2)cc1,0.34,9.468521082957745,1,329.385
Nc1ccc(-c2ccc3ncc4c(=O)[nH]c(=O)n(-c5cccc(C(F)(F)F)c5)c4c3n2)cn1,10000.0,5.0,0,450.38000000000005
Nc1ccc(-c2nn3c(COc4ccc(Cl)cc4)nnc3s2)cc1,330.0,6.481486060122113,1,357.8260000000001
Nc1ccc(-c2nn3c(Cc4ccccc4)nnc3s2)cc1,28000.0,4.552841968657781,0,307.38200000000006
Nc1ccc(CC(=O)Nc2n[nH]c3ccc(N4CCCS4(=O)=O)cc23)cc1,16.0,7.795880017344075,1,385.4490000000002
Nc1ccc(CN/C=C2\C(=O)NC(=O)c3ccc(Br)cc32)cc1O,6700.0,5.173925197299174,0,388.22100000000006
Nc1ccc2c(c1)/C(=N/Nc1ccc(S(N)(=O)=O)cc1)C(=O)N2,74.0,7.130768280269024,1,331.3570000000001
Nc1cccc(-c2cc(Nc3ccc(S(N)(=O)=O)cc3)[nH]n2)c1,166.0,6.779891911959945,1,329.385
Nc1cccc(-c2nc3c(NCCCNC(=O)C4CCC4)c(Br)cnc3[nH]2)c1,155.0,6.809668301829708,1,443.3490000000001
Nc1ccccc1NC(=O)/C=C/c1ccc(-c2ccc3ncnc(Nc4ccc(OCc5cccc(F)c5)c(Cl)c4)c3c2)cc1,1200.0,5.920818753952375,0,616.0960000000002
Nc1ccccc1NC(=O)/C=C/c1ccc(-c2ccc3ncnc(Nc4ccc(OCc5cccc(F)c5)c(Cl)c4)c3c2)o1,1900.0,5.721246399047171,0,606.0570000000002
Nc1ccccc1NC(=O)/C=C/c1cccc(-c2ccc3ncnc(Nc4ccc(OCc5cccc(F)c5)c(Cl)c4)c3c2)c1,850.0,6.070581074285707,1,616.0960000000002
Nc1ccccc1NC(=O)CCc1ccc(-c2ccc3ncnc(Nc4ccc(OCc5cccc(F)c5)c(Cl)c4)c3c2)cc1,1400.0,5.853871964321762,0,618.1120000000002
Nc1ccccc1NC(=O)c1ccc(-c2ccc3ncnc(Nc4ccc(OCc5cccc(F)c5)c(Cl)c4)c3c2)o1,15000.0,4.823908740944319,0,580.0190000000002
Nc1ccccc1NC(=O)c1ccc(-c2ccc3ncnc(Nc4ccc(OCc5cccc(F)c5)c(Cl)c4)c3c2)s1,2100.0,5.6777807052660805,0,596.0870000000002
Nc1ccccc1NC(=O)c1ccc(COc2ccc3ncnc(Nc4cccc(Br)c4)c3c2)cc1,22000.0,4.657577319177793,0,540.4210000000002
Nc1cncc(Cl)n1,350000.0,3.4559319556497243,0,129.54999999999998
Nc1nc(-c2cc(N3C[C@H](O)[C@@H](O)C3)ccc2O)cc(C2CC2)n1,10000.0,5.0,0,328.3720000000001
Nc1nc(-c2cc(N3C[C@H](O)[C@@H](O)C3)ccc2O)cc(C2CCCC2)n1,42.0,7.376750709602099,1,356.4260000000002
Nc1nc(-c2cc(N3C[C@H](O)[C@@H](O)C3)ccc2O)cc(C2CCCCC2)n1,52.0,7.2839966563652006,1,370.45300000000026
Nc1nc(-c2cc(N3C[C@H](O)[C@@H](O)C3)ccc2O)cc(C2CCCCCC2)n1,90.0,7.045757490560675,1,384.4800000000003
Nc1nc(-c2cc(N3C[C@H](O)[C@@H](O)C3)ccc2O)cc(C2CCCNC2)n1,360.0,6.443697499232712,1,371.4410000000002
Nc1nc(-c2cc(N3C[C@H](O)[C@@H](O)C3)ccc2O)cc(C2CCNCC2)n1,200.0,6.698970004336019,1,371.4410000000002
Nc1nc(-c2cc(N3C[C@H](O)[C@@H](O)C3)ccc2O)cc(N2CCOCC2)n1,940.0,6.026872146400302,1,373.41300000000024
Nc1nc(N)c(N=O)c(=O)[nH]1,9.0,8.045757490560675,1,155.11700000000002
Nc1nc(N)c(N=O)c(OCC2CCCCC2)n1,2200.0,5.657577319177793,0,251.28999999999994
Nc1nc(NC2CCCC2)cc(-c2cc(N3C[C@H](O)[C@@H](O)C3)ccc2O)n1,15.0,7.823908740944319,1,371.4410000000001
Nc1nc(NC2CCCCC2)cc(-c2cc(N3C[C@H](O)[C@@H](O)C3)ccc2O)n1,60.0,7.221848749616356,1,385.4680000000001
Nc1nc(NCCN2CCOCC2)cc(-c2cc(N3C[C@H](O)[C@@H](O)C3)ccc2O)n1,450.0,6.346787486224656,1,416.4820000000001
Nc1nc(N[C@H]2CC3CCC2C3)sc1C(=O)c1ccccc1[N+](=O)[O-],233.0,6.632644078973981,1,358.42300000000006
Nc1nc(Nc2ccc(S(=O)(=O)NC(=O)CCC(=O)O)cc2)nn1C(=O)c1c(F)cccc1F,71.0,7.1487416512809245,1,494.4360000000001
Nc1nc(Nc2ccc(S(=O)(=O)NC(=O)CCN3CCOCC3)cc2)nn1C(=O)c1c(F)cccc1F,118.0,6.928117992693875,1,535.5330000000002
Nc1nc(Nc2ccc(S(=O)(=O)NC(=O)[C@H](N)CO)cc2)nn1C(=O)c1c(F)cccc1F,140.0,6.853871964321762,1,481.44100000000014
Nc1nc(Nc2ccc(S(N)(=O)=O)cc2)ccc1C(=O)c1c(F)cccc1F,180.0,6.7447274948966935,1,404.3980000000001
Nc1nc(Nc2ccc(S(N)(=O)=O)cc2)nc(OCC2CCCCC2)c1N=O,1.1,8.958607314841775,1,406.4680000000003
Nc1nc(Nc2ccc(S(N)(=O)=O)cc2)nc(OCc2ccccc2)c1N=O,2200.0,5.657577319177793,0,400.42000000000013
Nc1nc(Nc2ccc(S(N)(=O)=O)cc2)nn1C(=O)c1c(F)cccc1F,2.6666666666666665,8.574031267727719,1,394.36300000000006
Nc1nc(Nc2cccc(Br)c2)nc(OCC2CCCCC2)c1N=O,500.0,6.301029995663981,1,406.2840000000003
Nc1nc(Nc2cccnc2)sc1C(=O)c1ccccc1F,25.0,7.6020599913279625,1,314.34499999999997
Nc1nc(O)c(Cc2nn3c(COc4ccc(Cl)cc4)nnc3s2)s1,180.0,6.7447274948966935,1,394.869
Nc1nc(O)c(Cc2nn3c(Cc4ccccc4)nnc3s2)s1,14000.0,4.853871964321762,0,344.425
Nc1nc(OCC2CCCCC2)c2nc[nH]c2n1,17000.0,4.769551078621726,0,247.30199999999996
Nc1nc2ccc(/C(=C/c3nn[nH]n3)c3c(F)cccc3F)cn2c1C(=O)c1c(F)cccc1F,1691.0,5.771856392402258,0,479.39700000000016
Nc1nc2ccc(C(=O)c3c(Cl)cccc3Cl)cn2c1C(=O)c1c(F)cc(C(=O)O)cc1F,95.0,7.022276394711152,1,490.2490000000002
Nc1nc2ccc(C(=O)c3c(Cl)cccc3Cl)cn2c1C(=O)c1c(F)cc(O)cc1F,52.0,7.2839966563652006,1,462.23900000000015
Nc1nc2ccc(C(=O)c3c(Cl)cccc3Cl)cn2c1C(=O)c1c(F)cccc1F,53.0,7.275724130399211,1,446.2400000000001
Nc1nc2ccc(C(=O)c3c(F)cccc3Cl)cc2n1Cc1c(F)cccc1F,33.0,7.481486060122112,1,415.8020000000001
Nc1nc2ccc(C(=O)c3c(F)cccc3Cl)cn2c1C(=O)c1c(F)cccc1F,33.0,7.481486060122112,1,429.7850000000001
Nc1nc2ccc(C(=O)c3c(F)cccc3F)cn2c1C(=O)c1c(Cl)cccc1Cl,121.0,6.91721462968355,1,446.2400000000001
Nc1nc2ccc(C(=O)c3c(F)cccc3F)cn2c1C(=O)c1c(F)cccc1Cl,102.0,6.991399828238082,1,429.7850000000001
Nc1nc2ccc(C(=O)c3c(F)cccc3F)cn2c1C(=O)c1c(F)cccc1F,122.0,6.913640169325252,1,413.3300000000001
Nc1nc2ccc(C(=O)c3c(F)cccc3F)cn2c1C(=O)c1ccc(Cl)cc1,1711.0,5.7667499904589,0,411.7950000000001
Nc1nc2ccc(C(=O)c3c(F)cccc3F)cn2c1C(=O)c1ccccc1,324.0,6.489454989793388,1,377.3500000000001
Nc1nc2ccc(C(=O)c3c(F)cccc3F)cn2c1C(=O)c1cccs1,547.0,6.262012673666569,1,383.3790000000001
Nc1nc2ccc(C(=O)c3c(F)cccc3F)cn2c1C(=O)c1ccncc1,2538.0,5.595508382241314,0,378.3380000000001
Nc1nc2ccc(C(=O)c3c(F)cccc3F)cn2c1C(=S)c1c(F)cccc1F,26.0,7.585026652029182,1,429.3980000000001
Nc1nc2ccc(C(=O)c3c(F)cccc3F)cn2c1C(=S)c1ccccc1,214.0,6.669586226650809,1,393.41800000000006
Nc1nc2ccc(C(=O)c3ccccc3)cn2c1C(=O)c1c(F)cccc1F,1927.0,5.7151182853445475,0,377.3500000000001
Nc1nc2ccc(C(=O)c3ccccc3C(F)(F)F)cn2c1C(=O)c1c(F)cccc1F,1068.0,5.9714287473074625,0,445.3470000000001
Nc1nc2ccc(C(=O)c3ccccc3Cl)cn2c1C(=O)c1c(F)cccc1F,428.0,6.368556230986828,1,411.79500000000013
Nc1nc2ccc(C(=O)c3ccccc3OC(F)(F)F)cn2c1C(=O)c1c(F)cccc1F,2171.0,5.66334017654558,0,461.3460000000001
Nc1ncc(-c2cccc(S(N)(=O)=O)c2)c2occ(-c3ccc(NC(=O)Nc4cc(C(F)(F)F)ccc4F)cc3)c12,10000.0,5.0,0,585.5390000000001
Nc1ncc(-c2cccc(S(N)(=O)=O)c2)c2scc(-c3ccc(F)c(Cl)c3)c12,10000.0,5.0,0,433.9170000000001
Nc1ncc(-c2ccccc2)cc1-c1nc2ccccc2[nH]1,1300.0,5.886056647693163,0,286.338
Nc1ncc(NC(=O)c2cc(NC(=O)c3cccc(C(F)(F)F)c3)ccc2Cl)cc1Cl,30000.0,4.522878745280337,0,469.2500000000001
Nc1nccc(-c2c3c(O)ccnc3n3c(N)nccc23)n1,80.0,7.096910013008056,1,293.29
Nc1nccc(-c2c[nH]c3ncc(-c4ccc(F)cc4)cc23)n1,5.5,8.259637310505756,1,305.31600000000003
Nc1nccc(-c2c[nH]c3nccc(O)c23)n1,3100.0,5.508638306165727,0,227.227
Nc1nccc(-c2c[nH]c3ncccc23)n1,10000.0,5.0,0,211.228
Nc1nccc(-c2cc(N3CCC(=O)CC3)ccc2O)n1,10000.0,5.0,0,284.3189999999999
Nc1nccc(-c2cc(N3CCC(O)C3)ccc2O)n1,2110.0,5.675717544702307,0,272.30799999999994
Nc1nccc(-c2cc(N3CCC(O)CC3)ccc2O)n1,3760.0,5.424812155072339,0,286.3349999999999
Nc1nccc(-c2cc(N3CCCCC3)ccc2O)n1,10000.0,5.0,0,270.3359999999999
Nc1nccc(-c2cc(N3CCOCC3)ccc2O)n1,790.0,6.102372908709558,1,272.30799999999994
Nc1nccc(-c2cc(N3CCS(=O)(=O)CC3)ccc2O)n1,3980.0,5.400116927926312,0,320.37399999999997
Nc1nccc(-c2cc(N3C[C@H](O)[C@@H](O)C3)ccc2O)n1,21.0,7.6777807052660805,1,288.307
Nc1nccc(-c2cc3c([nH]2)[C@@H](CCF)CNC3=O)n1,138.0,6.860120913598763,1,275.287
Nc1nccc(-c2ccc3c(N)n[nH]c3c2)n1,280.0,6.552841968657781,1,226.243
Nc1nccc(-n2cc(-c3cc[nH]n3)c3cnccc32)n1,550.0,6.259637310505756,1,277.29100000000005
Nc1nccc(-n2cc(-c3ccc(Cl)cc3)c3cnccc32)n1,60.0,7.221848749616356,1,321.771
Nc1nccc(-n2cc(-c3cccc(Cl)c3)c3cnccc32)n1,83000.0,4.080921907623926,0,321.771
Nc1nccc(-n2cc(-c3ccccc3)c3cnccc32)n1,310.0,6.508638306165727,1,287.326
Nc1nccc(-n2cc(-c3ccccc3Cl)c3cnccc32)n1,110.0,6.958607314841775,1,321.771
Nc1nccc(-n2cc(-c3cccnc3)c3cnccc32)n1,1100.0,5.958607314841775,0,288.314
Nc1nccc(-n2cc(-c3cccnc3Cl)c3cnc(Cl)cc32)n1,83000.0,4.080921907623926,0,357.20400000000006
Nc1nccc(-n2cc(-c3cccnc3Cl)c3cnccc32)n1,310.0,6.508638306165727,1,322.759
Nc1nccc(-n2cc(-c3ccncc3)c3cnccc32)n1,160.0,6.795880017344075,1,288.314
Nc1nccc(-n2cc(-c3ccoc3)c3cnccc32)n1,100.0,7.0,1,277.28700000000003
Nc1nccc(-n2cc(C3=CCOCC3)c3cnccc32)n1,160.0,6.795880017344075,1,293.33
Nc1nccc(-n2ccc3ccc(Br)cc32)n1,8200.0,5.086186147616283,0,289.136
Nc1nccc(-n2ccc3ccc(C(F)(F)F)cc32)n1,17000.0,4.769551078621726,0,278.23699999999997
Nc1nccc(-n2ccc3ccc(Cl)cc32)n1,3700.0,5.431798275933005,0,244.685
Nc1nccc(-n2ccc3ccc(F)cc32)n1,34000.0,4.468521082957745,0,228.23
Nc1nccc(-n2ccc3ccc(O)cc32)n1,5000.0,5.301029995663981,0,226.239
Nc1nccc(-n2ccc3ccc([N+](=O)[O-])cc32)n1,30600.0,4.51427857351842,0,255.237
Nc1nccc(-n2ccc3ccccc32)n1,28500.0,4.54515513999149,0,210.24
Nc1nccc(-n2ccc3cccnc32)n1,42000.0,4.376750709602099,0,211.228
Nc1nccc(-n2ccc3ccncc32)n1,45100.0,4.345823458122039,0,211.228
Nc1nccc(-n2ccc3cnc(Cl)cc32)n1,38000.0,4.42021640338319,0,245.673
Nc1nccc(-n2ccc3cnccc32)n1,3700.0,5.431798275933005,0,211.228
Nc1nccc(-n2ccc3ncccc32)n1,21000.0,4.6777807052660805,0,211.228
Nc1ncccc1-c1nc2ccccc2[nH]1,25000.0,4.6020599913279625,0,210.24
Nc1ncnc2c1c(-c1cccc(O)c1)cn2[C@H]1C[C@@H](CN2CCC2)C1,410.0,6.3872161432802645,1,349.4380000000002
Nc1ncnc2c1c(-c1cccc(OCC34CCC(CC3)O4)c1)cn2[C@H]1C[C@@H](CN2CCC2)C1,10000.0,5.0,0,459.59400000000034
Nc1ncnc2c1c(-c1cccc(OC[C@@H]3CCCO3)c1)cn2[C@H]1C[C@@H](CN2CCC2)C1,10000.0,5.0,0,433.55600000000027
Nc1ncnc2c1c(-c1cccc(OCc3ccccc3)c1)cn2[C@H]1C[C@@H](CN2CCC2)C1,10000.0,5.0,0,439.5630000000003
Nc1ncnc2occ(-c3ccc(NC(=O)Nc4cc(C(F)(F)F)ccc4F)cc3)c12,17782.79,4.750000100140428,0,431.34900000000005
Nc1nn(-c2cccc(-c3ccc4cc[nH]c4c3)c2)cc1-c1ccc2c(c1)CCNC2=O,10000.0,5.0,0,419.4880000000002
Nc1noc2ccc(-c3cnc(NC[C@@H](N)Cc4ccc(C(F)(F)F)cc4)s3)cc12,2000.0,5.698970004336019,0,433.45900000000006
Nc1nonc1-n1nnc(-c2n[nH]c(-c3ccncc3)n2)c1CN1CCCCC1,250000.0,3.6020599913279625,0,393.4150000000003
Nc1nonc1-n1nnc(C(=O)/N=N/Cc2ccncc2)c1CN1CCCCC1,96000.0,4.017728766960432,0,396.4150000000003
O=C(/C=C/c1ccc(-c2ccc3ncnc(Nc4ccc(OCc5cccc(F)c5)c(Cl)c4)c3c2)cc1)NO,850.0,6.070581074285707,1,540.9820000000003
O=C(/C=C/c1ccc(-c2ccc3ncnc(Nc4ccc(OCc5cccc(F)c5)c(Cl)c4)c3c2)o1)NO,440.0,6.356547323513812,1,530.9430000000003
O=C(/C=C/c1ccc(-c2ccc3ncnc(Nc4ccc(OCc5cccc(F)c5)c(Cl)c4)c3c2)s1)NO,440.0,6.356547323513812,1,547.0110000000002
O=C(/C=C/c1cccc(-c2ccc3ncnc(Nc4ccc(OCc5cccc(F)c5)c(Cl)c4)c3c2)c1)NO,920.0,6.036212172654444,1,540.9820000000003
O=C(C(=O)N1CCc2cc(Cl)ccc21)c1c[nH]c2ccc(Cl)cc12,915000.0,3.0385789059335515,0,359.21200000000005
O=C(C(=O)N1CCc2cc(F)ccc21)c1c[nH]c2ccc(F)cc12,816000.0,3.0883098412461387,0,326.302
O=C(C(=O)N1CCc2cc(F)ccc21)c1c[nH]c2ccccc12,790000.0,3.1023729087095586,0,308.312
O=C(C(=O)N1CCc2ccccc21)c1c[nH]c2ccc(Cl)cc12,985000.0,3.0065637695023884,0,324.7670000000001
O=C(C(=O)N1CCc2ccccc21)c1c[nH]c2ccccc12,760000.0,3.1191864077192086,0,290.32200000000006
O=C(CBr)N(c1ccccc1)S(=O)(=O)c1cc(Cl)sc1Cl,20000.0,4.698970004336019,0,429.14400000000023
O=C(CC1CNC(=O)c2cc(-c3cn[nH]c3)cn21)NCc1cccc(F)c1,60.0,7.221848749616356,1,367.3840000000001
O=C(CCCCCCn1cc(Nc2ncc(Cl)c(-c3cnc4ccccn34)n2)cn1)NO,1711.0,5.7667499904589,0,454.92200000000014
O=C(CCCCCn1cc(Nc2ncc(Cl)c(-c3cnc4ccccn34)n2)cn1)NO,1587.0,5.799423073245152,0,440.8950000000001
O=C(CCCOc1ccc(CC(=O)Nc2cc(C3CCC3)[nH]n2)cc1)NCCCCNc1cccc2c1C(=O)N(C1CCC(=O)NC1=O)C2=O,155.0,6.809668301829708,1,683.7660000000001
O=C(CCCn1cc(CNC2CC2)c(-c2ccccc2)n1)NO,3700.0,5.431798275933005,0,314.389
O=C(CCCn1cc(CNC2CCCCC2)c(-c2ccccc2)n1)NO,4630.0,5.334419008982047,0,356.46999999999997
O=C(CO)Nc1c[nH]nc1C(=O)Nc1ccc(F)cc1,730.0,6.136677139879544,1,278.243
O=C(Cc1ccc(-c2ccccc2)c(F)c1)Nc1cc(C2CC2)[nH]n1,3.9995000000000003,8.397994298875483,1,335.3820000000001
O=C(Cc1ccc(-c2ccccc2)cc1)Nc1cc(C2CC2)[nH]n1,55.989999999999995,7.251889532505016,1,317.3920000000001
O=C(Cc1ccc(-c2ccccc2)cc1)Nc1n[nH]c2ccc(N3CCCS3(=O)=O)cc12,14.0,7.853871964321762,1,446.5320000000003
O=C(Cc1ccc(-c2ccncc2)cc1)Nc1n[nH]c2ccc(N3CCCS3(=O)=O)cc12,30.0,7.522878745280337,1,447.5200000000003
O=C(Cc1ccc(B2C=CC=CN2)cc1)Nc1cc(C2CC2)[nH]n1,87.0,7.060480747381382,1,318.1890000000001
O=C(Cc1ccc(Br)cc1)Nc1n[nH]c2ccc(N3CCCS3(=O)=O)cc12,7.0,8.154901959985743,1,449.33000000000027
O=C(Cc1ccc(Cc2cccs2)cc1)Nc1cc(C2CC2)[nH]n1,2.9995000000000003,8.522951133726526,1,337.44800000000015
O=C(Cc1ccc(Cl)cc1)Nc1n[nH]c2ccc(N3CCCS3(=O)=O)cc12,10.0,8.0,1,404.87900000000025
O=C(Cc1ccc(F)cc1)Nc1n[nH]c2ccc(N3CCCS3(=O)=O)cc12,20.0,7.698970004336019,1,388.4240000000002
O=C(Cc1ccc(N2CCCCC2)cc1)Nc1n[nH]c2ccc(N3CCCS3(=O)=O)cc12,30.0,7.522878745280337,1,453.5680000000002
O=C(Cc1ccc(O)cc1)Nc1n[nH]c2ccc(N3CCCS3(=O)=O)cc12,9.0,8.045757490560675,1,386.4330000000002
O=C(Cc1ccc(OC(F)(F)F)cc1)Nc1cc(C2CC2)[nH]n1,66.995,7.1739576085445265,1,325.29
O=C(Cc1ccc2ccccc2c1)Nc1cc(C2CC2)n[nH]1,37.0,7.431798275933005,1,291.354
O=C(Cc1ccc2ccccc2c1)Nc1n[nH]c2ccc(N3CCCS3(=O)=O)cc12,9.0,8.045757490560675,1,420.49400000000026
O=C(Cc1cccc(Br)c1)Nc1n[nH]c2ccc(N3CCCS3(=O)=O)cc12,7.0,8.154901959985743,1,449.33000000000027
O=C(Cc1cccc(Cl)c1)Nc1n[nH]c2ccc(N3CCCS3(=O)=O)cc12,10.0,8.0,1,404.87900000000025
O=C(Cc1cccc(F)c1)Nc1n[nH]c2ccc(N3CCCS3(=O)=O)cc12,10.0,8.0,1,388.4240000000002
O=C(Cc1cccc(OCCCC2CCNCC2)c1)Nc1nc(-c2ccncc2)cs1,3300.0,5.481486060122113,0,436.581
O=C(Cc1cccc(OCCCN2CCNCC2)c1)Nc1nc(-c2ccncc2)cs1,5000.0,5.301029995663981,0,437.569
O=C(Cc1cccc2ccccc12)Nc1n[nH]c2ccc(N3CCCS3(=O)=O)cc12,20.0,7.698970004336019,1,420.49400000000026
O=C(Cc1ccccc1)Nc1c[nH]nc1C(=O)Nc1ccc(F)cc1,1600.0,5.795880017344075,0,338.342
O=C(Cc1ccccc1)Nc1cc(C2CC2)[nH]n1,47.985,7.318894500860211,1,241.29399999999995
O=C(Cc1ccccc1)Nc1n[nH]c2ccc(N3C(=O)CNC3=O)cc12,2000.0,5.698970004336019,0,349.3500000000001
O=C(Cc1ccccc1)Nc1n[nH]c2ccc(N3CCCC3=O)cc12,170.0,6.769551078621726,1,334.37900000000013
O=C(Cc1ccccc1)Nc1n[nH]c2ccc(N3CCCCC3=O)cc12,7100.0,5.1487416512809245,0,348.4060000000002
O=C(Cc1ccccc1)Nc1n[nH]c2ccc(N3CCCS3(=O)=O)cc12,36.0,7.443697499232712,1,370.43400000000014
O=C(Cc1ccccc1)Nc1n[nH]c2ccc([N+](=O)[O-])cc12,2000.0,5.698970004336019,0,296.286
O=C(Cc1ccccc1Cl)Nc1n[nH]c2ccc(N3CCCS3(=O)=O)cc12,24.0,7.619788758288394,1,404.87900000000025
O=C(NC(=S)Nc1ccc(Cl)cc1)c1cn(-c2ccccc2)nc1-c1ccc(Cl)cc1,58.0,7.236572006437063,1,467.3810000000002
O=C(NC(=S)Nc1ccc(Cl)cc1)c1cn(-c2ccccc2)nc1-c1ccc(F)cc1,44.0,7.356547323513812,1,450.92600000000016
O=C(NC(=S)Nc1ccc(Cl)cc1)c1cn(-c2ccccc2)nc1-c1ccccc1,71.0,7.1487416512809245,1,432.93600000000015
O=C(NC(=S)Nc1ccc(F)cc1)c1cn(-c2ccccc2)nc1-c1ccc(Cl)cc1,59.0,7.229147988357855,1,450.92600000000016
O=C(NC(=S)Nc1ccc(F)cc1)c1cn(-c2ccccc2)nc1-c1ccc(F)cc1,49.0,7.309803919971486,1,434.4710000000001
O=C(NC(=S)Nc1ccc(F)cc1)c1cn(-c2ccccc2)nc1-c1ccccc1,75.0,7.1249387366083,1,416.4810000000001
O=C(NC(=S)Nc1ccc(O)c(-c2nc3ccccc3s2)c1)c1ccc([N+](=O)[O-])cc1,700.0,6.154901959985743,1,450.50100000000015
O=C(NC(c1ccc(Cl)c(-c2ccccc2)c1)C1CCNCC1)c1ccc2cnccc2c1,25000.0,4.6020599913279625,0,455.98900000000026
O=C(NC(c1ccc(Cl)c(Cl)c1)C1CCCCC1)c1ccc2cnccc2c1,25000.0,4.6020599913279625,0,413.3480000000002
O=C(NC(c1ccc(Cl)c(Cl)c1)C1CCCNC1)c1ccc2cnccc2c1,21000.0,4.6777807052660805,0,414.3360000000001
O=C(NC(c1ccc(Cl)c(Cl)c1)C1CCNC1)c1ccc2cnccc2c1,25000.0,4.6020599913279625,0,400.3090000000001
O=C(NC(c1ccc(Cl)c(Cl)c1)C1CCNCC1)c1ccc2cnc(F)cc2c1,25000.0,4.6020599913279625,0,432.32600000000014
O=C(NC(c1ccc(Cl)c(Cl)c1)C1CCNCC1)c1ccc2cnccc2c1,25000.0,4.6020599913279625,0,414.3360000000001
O=C(NC(c1ccc(Cl)c(F)c1)C1CCNCC1)c1ccc2cnccc2c1,25000.0,4.6020599913279625,0,397.8810000000001
O=C(NC(c1ccc(Cl)cc1)C1CCNCC1)c1ccc2cnccc2c1,25000.0,4.6020599913279625,0,379.8910000000001
O=C(NC(c1ccc(F)c(F)c1)C1CCNCC1)c1ccc2cnccc2c1,25000.0,4.6020599913279625,0,381.42600000000004
O=C(NC(c1ccc2ccccc2c1)C1CCNCC1)c1ccc2cnccc2c1,25000.0,4.6020599913279625,0,395.50600000000014
O=C(NC(c1cccc(Cl)c1)C1CCNCC1)c1ccc2cnccc2c1,25000.0,4.6020599913279625,0,379.891
O=C(NC(c1cccc(Cl)c1Cl)C1CCNCC1)c1ccc2cnccc2c1,25000.0,4.6020599913279625,0,414.3360000000001
O=C(NC(c1ccccc1)C1CCNCC1)c1ccc2cnccc2c1,19700.0,4.705533773838407,0,345.446
O=C(NC(c1ccncc1)c1ccc(Cl)c(Cl)c1)c1ccc2cnccc2c1,25000.0,4.6020599913279625,0,408.2880000000001
O=C(NC(c1cnc(Cl)c(Cl)c1)C1CCNCC1)c1ccc2cnccc2c1,25000.0,4.6020599913279625,0,415.3240000000002
O=C(NC(c1cncnc1)c1ccc(Cl)c(Cl)c1)c1ccc2cnccc2c1,25000.0,4.6020599913279625,0,409.2760000000001
O=C(NC(c1nccs1)C1CCNCC1)c1ccc2cnccc2c1,25000.0,4.6020599913279625,0,352.463
O=C(NC1=NNC2=CC=CC21)C1CC1,5.0,8.301029995663981,1,189.218
O=C(NC1CC1)c1cc(NCc2cnc(Nc3ccccn3)s2)c(F)cc1F,10000.0,5.0,0,401.44200000000006
O=C(NC1CC1)c1n[nH]c2cc(-c3ccc(O)cc3)c(Br)cc12,5.0,8.301029995663981,1,372.2220000000001
O=C(NC1CCCC1)c1ccc(-c2nccc(-c3c[nH]c4cnccc34)n2)cc1,45885.0,4.33832926395964,0,383.4550000000001
O=C(NC1CCCCC1)c1n[nH]cc1NC(=O)c1c(F)cccc1F,12.0,7.920818753952375,1,348.35300000000007
O=C(NC1CCNCC1)c1n[nH]cc1NC(=O)c1c(Cl)cccc1Cl,39.6,7.402304814074488,1,382.2510000000001
O=C(NC1CCNCC1)c1n[nH]cc1NC(=O)c1c(F)cc(F)cc1F,750.0,6.1249387366083,1,367.3310000000001
O=C(NC1CCNCC1)c1n[nH]cc1NC(=O)c1c(F)cccc1Cl,110.0,6.958607314841775,1,365.79600000000005
O=C(NC1CCNCC1)c1n[nH]cc1NC(=O)c1c(F)cccc1F,140.0,6.853871964321762,1,349.34100000000007
O=C(NCC(F)(F)F)c1cc(-c2cnn3cc(-c4ccc(OCCN5CCCCC5)cc4)cnc23)cs1,12.0,7.920818753952375,1,529.5880000000004
O=C(NCC1CC1)c1n[nH]cc1NC(=O)c1c(F)cccc1F,25.0,7.6020599913279625,1,320.29900000000004
O=C(NCCCNc1c(Br)cnc2[nH]c(-c3ccc(OCCN4CCCCC4)cc3)nc12)C1CCC1,518.0,6.285670240254767,1,555.5210000000003
O=C(NCCCNc1nc(Nc2ccc(N3CCOCC3)cc2)ncc1C1CC1)C1CCC1,630.0,6.200659450546418,1,450.5870000000004
O=C(NCCN1CCCC1)c1ccc(-c2cnc3ccc(NCc4ccc(Cl)c(Cl)c4)nn23)cc1,100000.0,4.0,0,509.44100000000026
O=C(NCCc1c[nH]c2ccccc12)c1ccc(-c2ccc(F)cc2)cc1,764000.0,3.11690664142431,0,358.41600000000005
O=C(NCCc1c[nH]c2ccccc12)c1ccc(-c2ccccc2)cc1,855000.0,3.068033885271827,0,340.42600000000004
O=C(NCCc1c[nH]c2ccccc12)c1cccc(-c2cccnc2)c1,150000.0,3.8239087409443187,0,341.41400000000004
O=C(NCCc1c[nH]c2ccccc12)c1ccccc1-c1cccc(F)c1,417000.0,3.3798639450262424,0,358.4160000000001
O=C(NCCc1ccc(O)cc1)c1cc(C(=O)O)c2cc(-c3cccs3)ccc2n1,10000.0,5.0,0,418.4740000000001
O=C(NCCc1ccccc1)c1cnn2c(-c3ccc(Cl)cc3)nc(NCCc3ccccc3)nc12,2090.0,5.679853713888946,0,497.00200000000024
O=C(NC[C@@H]1CCCN1)c1ccc(-c2cnc3ccc(NCC4CC4)nn23)cc1,100000.0,4.0,0,390.49100000000016
O=C(NC[C@@H]1CCCN1)c1ccc(-c2cnc3ccc(NCc4ccc(Cl)c(Cl)c4)nn23)cc1,95000.0,4.022276394711152,0,495.4140000000002
O=C(NC[C@@H]1CCCN1)c1ccc(-c2cnc3ccc(NCc4cccc(Cl)c4)nn23)cc1,100000.0,4.0,0,460.96900000000016
O=C(NCc1ccncc1)c1ncoc1-c1ccc(Oc2ccccc2)c(Cl)c1,15848.93,4.800000052738446,0,405.8410000000001
O=C(NO)c1ccc(-c2ccc3ncnc(Nc4ccc(OCc5cccc(F)c5)c(Cl)c4)c3c2)o1,460.0,6.337242168318426,1,504.90500000000026
O=C(NO)c1ccc(-c2ccc3ncnc(Nc4ccc(OCc5cccc(F)c5)c(Cl)c4)c3c2)s1,200.0,6.698970004336019,1,520.9730000000002
O=C(N[C@@H](Cc1ccc(O)cc1)C(=O)O)c1cc(C(=O)O)c2cc(-c3cccc(C(F)(F)F)c3)ccc2n1,10000.0,5.0,0,524.4510000000001
O=C(N[C@@H](c1ccc(Cl)c(Cl)c1)C1CCN(Cc2ccc(C(F)(F)F)cc2)CC1)c1ccc2cnccc2c1,25000.0,4.6020599913279625,0,572.4580000000002
O=C(N[C@@H](c1ccc(Cl)c(Cl)c1)C1CCN(Cc2ccccc2)CC1)c1ccc2cnccc2c1,25000.0,4.6020599913279625,0,504.46100000000024
O=C(N[C@@H](c1ccc(Cl)c(Cl)c1)C1CNC1)c1ccc2cnccc2c1,680.0,6.167491087293763,1,386.28200000000015
O=C(N[C@H](CO)c1ccc(Cl)c(Cl)c1)N1CCc2cnc(NC3CCOCC3)nc2C1,11.0,7.958607314841775,1,466.36900000000037
O=C(N[C@H](CO)c1ccc(Cl)c(F)c1)N1CCc2cnc(NC3CCOCC3)nc2C1,10.0,8.0,1,449.9140000000003
O=C(N[C@H](CO)c1ccc(F)c(Cl)c1)N1CCc2cnc(NC3CCOCC3)nc2C1,16.0,7.795880017344075,1,449.9140000000003
O=C(N[C@H](c1ccc(Cl)c(Cl)c1)C1CNC1)c1ccc2cnccc2c1,9800.0,5.008773924307505,0,386.28200000000015
O=C(N[C@H]1CCCNC1)c1n[nH]cc1NC(=O)c1c(F)cccc1F,44.0,7.356547323513812,1,349.34100000000007
O=C(N[C@H]1CC[C@H](O)CC1)c1n[nH]cc1NC(=O)c1c(F)cccc1F,19.0,7.721246399047171,1,364.35200000000003
O=C(Nc1[nH]nc2cc(-c3ccc(F)c(F)c3)ccc12)C1CC1,1000.0,6.0,1,313.3070000000001
O=C(Nc1[nH]nc2cc(-c3ccc(O)nc3)ccc12)C1CC1,1000.0,6.0,1,294.3140000000001
O=C(Nc1[nH]nc2cc(-c3ccc4ncccc4c3)ccc12)C1CC1,1000.0,6.0,1,328.3750000000001
O=C(Nc1[nH]nc2cc(-c3cccc(F)c3F)ccc12)C1CC1,1000.0,6.0,1,313.3070000000001
O=C(Nc1[nH]nc2cc(-c3ccccc3F)ccc12)C1CC1,1000.0,6.0,1,295.31700000000006
O=C(Nc1c[nH]nc1-c1nc2cc(CN3CCOCC3)ccc2[nH]1)NC1CCCCC1,1200.0,5.920818753952375,0,423.52100000000024
O=C(Nc1c[nH]nc1-c1nc2cc(CN3CCOCC3)ccc2[nH]1)Nc1c(F)cccc1F,160.0,6.795880017344075,1,453.4530000000001
O=C(Nc1c[nH]nc1-c1nc2cc(CN3CCOCC3)ccc2[nH]1)c1ccccc1,140.0,6.853871964321762,1,402.4580000000001
O=C(Nc1c[nH]nc1-c1nc2ccc(CN3CCOCC3)cc2[nH]1)c1ccc(F)cc1,530.0,6.275724130399211,1,420.44800000000015
O=C(Nc1c[nH]nc1-c1nc2ccccc2[nH]1)c1ccccc1,52.0,7.2839966563652006,1,303.32500000000005
O=C(Nc1c[nH]nc1C(=O)Nc1ccc(F)cc1)c1ccccc1,140.0,6.853871964321762,1,324.31500000000005
O=C(Nc1cc(-c2ccccc2)[nH]n1)c1ccc(Br)cc1,10000.0,5.0,0,342.196
O=C(Nc1cc(C2CC2)[nH]n1)C(=O)c1ccccc1,2600.08,5.585013289327626,0,255.27700000000002
O=C(Nc1cc(C2CC2)[nH]n1)c1c(Cl)cccc1Cl,10000.0,5.0,0,296.15700000000004
O=C(Nc1cc(C2CC2)[nH]n1)c1ccc(Br)cc1,33.980000000000004,7.468776625466973,1,306.163
O=C(Nc1cc(C2CC2)[nH]n1)c1ccc(Cl)c(Cl)c1,82.995,7.080948070730166,1,296.15700000000004
O=C(Nc1cc(C2CC2)[nH]n1)c1ccc(Cl)cc1,84.96000000000001,7.070785496262606,1,261.712
O=C(Nc1cc(C2CC2)[nH]n1)c1cccc(Br)c1,990.415,6.004182790811945,1,306.163
O=C(Nc1cc(C2CC2)[nH]n1)c1cccc(C(F)(F)F)c1,500.015,6.301016967024953,1,295.264
O=C(Nc1cc(C2CC2)[nH]n1)c1cccc(Cl)c1,1000.0,6.0,1,261.712
O=C(Nc1cc(C2CC2)[nH]n1)c1ccccc1Br,1499.8400000000001,5.823955068159884,0,306.163
O=C(Nc1cc(C2CC2)[nH]n1)c1ccccc1Cl,5500.0,5.259637310505756,0,261.712
O=C(Nc1cc(C2CC2)n[nH]1)c1ccccc1,289.865,6.53780422074199,1,227.26700000000002
O=C(Nc1cc(C2CCC2)[nH]n1)c1ccc(Br)cc1,89.975,7.045878144675052,1,320.19
O=C(Nc1cc(C2CCCC2)[nH]n1)c1ccc(Br)cc1,50.0,7.301029995663981,1,334.217
O=C(Nc1cc(C2CCCCC2)[nH]n1)c1ccc(Br)cc1,5500.0,5.259637310505756,0,348.24399999999997
O=C(Nc1cc(CN[C@H]2Cc3ccc(Cl)cc3C2)n[nH]1)Nc1cccc2c1[C@@H]1CCCN1C2=O,259.0,6.586700235918748,1,476.96800000000025
O=C(Nc1cc(Cc2ccccc2)[nH]n1)c1ccc(Br)cc1,10000.0,5.0,0,356.22300000000007
O=C(Nc1ccc(Cl)c(C(F)(F)F)c1)N1CCN(c2nnc(Cc3ccccc3)c3ccccc23)CC1,722.27,6.141300423496395,1,525.9620000000002
O=C(Nc1ccc(Cl)c(COc2cccnc2)c1)c1cc(F)cc(N2CCOCC2)c1,10000.0,5.0,0,441.89000000000027
O=C(Nc1ccc(Cl)cc1)N1CCN(c2nnc(Cc3ccccc3)c3ccccc23)CC1,102.6,6.988852639224202,1,457.96500000000026
O=C(Nc1ccc(F)cc1)c1n[nH]cc1NC(=O)C1CCCCC1,90.0,7.045757490560675,1,330.3630000000002
O=C(Nc1ccc(F)cc1)c1n[nH]cc1NC(=O)c1c(F)cccc1F,3.0,8.522878745280337,1,360.2950000000001
O=C(Nc1ccc(N2CCNCC2)cc1)c1n[nH]cc1Nc1cc(C2CC2)ncn1,193.21,6.71397039949181,1,404.4780000000002
O=C(Nc1ccc(N2CCNCC2)cc1)c1n[nH]cc1Nc1cc(OC2CCCC2)ncn1,135.01,6.869634062734793,1,448.5310000000003
O=C(Nc1ccc(N2CCNCC2)cc1)c1n[nH]cc1Nc1cc(Oc2ccccc2)ncn1,98.31,7.007402303897962,1,456.51000000000016
O=C(Nc1ccc(NC(=O)c2ccccn2)cc1)c1ccc(O)c([N+](=O)[O-])c1,30000.0,4.522878745280337,0,378.3440000000001
O=C(Nc1ccc(NC(=O)c2ccccn2)cc1)c1cccc(-c2c[nH]c(=O)[nH]c2=O)c1,30000.0,4.522878745280337,0,427.42000000000013
O=C(Nc1ccc(Oc2ccnc3[nH]ccc23)c(F)c1)c1cccn(-c2ccc(F)cc2)c1=O,1000.0,6.0,1,458.42400000000015
O=C(Nc1ccc(Oc2ncnc3[nH]ncc23)cc1)Nc1ccc(Cl)c(C(F)(F)F)c1,10000.0,5.0,0,448.7920000000001
O=C(Nc1cccc(-c2ccnc3cc(-c4ccncc4)nn23)c1)c1cccc(C(F)(F)F)c1,50000.0,4.301029995663981,0,459.4310000000001
O=C(Nc1cccc(Nc2nc(-c3ccc(F)nc3)c3nc[nH]c3n2)c1)N1CCCC1,10000.0,5.0,0,418.4360000000002
O=C(Nc1cccc(Nc2nc(-c3ccc4c(c3)OCO4)c3nc[nH]c3n2)c1)N1CCCC1,10000.0,5.0,0,443.46700000000027
O=C(Nc1cccc2c1C(=O)c1c(-c3ccc(C(=O)N4CCNCC4)s3)n[nH]c1-2)NN1CCOCC1,8.0,8.096910013008056,1,507.5760000000003
O=C(Nc1ccccc1)N1CCN(c2nnc(Cc3ccccc3)c3ccccc23)CC1,285.5,6.544393887418133,1,423.5200000000001
O=C(Nc1ccccc1)Nc1c[nH]nc1-c1nc2cc(CN3CCOCC3)ccc2[nH]1,1800.0,5.7447274948966935,0,417.47300000000024
O=C(Nc1ccccc1)c1cc[nH]n1,97000.0,4.013228265733755,0,187.202
O=C(Nc1ccccc1)c1n[nH]c2ccccc12,3000.0,5.522878745280337,0,237.262
O=C(Nc1ccccc1Cl)c1ccc(Nc2nc(Nc3ccc(O)cc3)ncc2F)cc1,3200.0,5.494850021680094,0,449.8730000000001
O=C(Nc1ccccc1F)Nc1c[nH]nc1-c1nc2cc(CN3CCOCC3)ccc2[nH]1,230.0,6.638272163982407,1,435.4630000000003
O=C(Nc1ccccn1)Nc1cccc2c1[C@H]1CCCN1C2=O,260.0,6.585026652029182,1,308.34100000000007
O=C(Nc1cccnc1)Nc1c[nH]nc1-c1nc2cc(CN3CCOCC3)ccc2[nH]1,160.0,6.795880017344075,1,418.4610000000003
O=C(Nc1cnccc1-c1ccc(Cl)cc1)c1ccnc(NC(=O)C2CC2)c1,2000.0,5.698970004336019,0,392.8460000000002
O=C(Nc1cnccc1-c1ccc(F)cc1)c1ccnc(NC(=O)C2CC2)c1,2000.0,5.698970004336019,0,376.39100000000013
O=C(Nc1cnccc1-c1ccc(F)cc1)c1ccnc(Nc2ccc(F)cc2)n1,470.0,6.327902142064283,1,403.39200000000005
O=C(Nc1cnccc1-c1ccccc1)c1ccnc(NC(=O)C2CC2)c1,2000.0,5.698970004336019,0,358.4010000000002
O=C(Nc1n[nH]c2cc(-c3cc(F)ccc3F)ccc12)C1CC1,1000.0,6.0,1,313.3070000000001
O=C(Nc1n[nH]c2cc(-c3ccc(F)cc3)ccc12)C1CC1,1000.0,6.0,1,295.31700000000006
O=C(Nc1n[nH]c2cc(-c3ccc(O)cc3)ccc12)C1CC1,5.0,8.301029995663981,1,293.3260000000001
O=C(Nc1n[nH]c2cc(-c3ccc4[nH]ccc4c3)ccc12)C1CC1,1000.0,6.0,1,316.36400000000015
O=C(Nc1n[nH]c2cc(-c3ccc[nH]3)ccc12)C1CC1,497.0,6.303643611266668,1,266.30400000000003
O=C(Nc1n[nH]c2cc(-c3cccc(F)c3)ccc12)C1CC1,1000.0,6.0,1,295.31700000000006
O=C(Nc1n[nH]c2cc(-c3ccccc3)ccc12)C1CC1,1000.0,6.0,1,277.3270000000001
O=C(Nc1n[nH]c2cc(-c3ccco3)ccc12)C1CC1,631.0,6.199970640755866,1,267.288
O=C(Nc1n[nH]c2cc(-c3cccs3)ccc12)C1CC1,341.0,6.467245621007502,1,283.3560000000001
O=C(Nc1n[nH]c2cc(-c3ccoc3)ccc12)C1CC1,1000.0,6.0,1,267.288
O=C(Nc1n[nH]c2cc(-c3ccsc3)ccc12)C1CC1,484.0,6.315154638355588,1,283.3560000000001
O=C(Nc1n[nH]c2ccc(-c3cncc(NC[C@@H](CO)Cc4ccccc4)c3)cc12)c1ccccc1,609.0,6.215382707367125,1,477.56800000000015
O=C(Nc1n[nH]c2ccc(-c3cncc(NC[C@@H](CO)c4ccccc4)c3)cc12)c1ccccc1,813.0,6.089909454405932,1,463.5410000000001
O=C(Nc1n[nH]c2ccc(-c3cncc(NC[C@@H](O)c4ccccc4)c3)cc12)c1ccccc1,802.0,6.095825631715837,1,449.5140000000001
O=C(Nc1n[nH]c2ccc(-c3cncc(NC[C@H](CO)Cc4ccccc4)c3)cc12)c1ccccc1,2396.0,5.620513186282726,0,477.56800000000015
O=C(Nc1n[nH]c2ccc(-c3cncc(NC[C@H](CO)c4ccccc4)c3)cc12)c1ccccc1,577.0,6.238824186844268,1,463.5410000000001
O=C(Nc1n[nH]c2ccc(-c3cncc(NC[C@H](O)c4ccccc4)c3)cc12)c1ccccc1,269.0,6.570247719997592,1,449.5140000000001
O=C(Nc1n[nH]c2nc(-c3ccc(O)c(Br)c3)ccc12)C1CC1,2.0,8.698970004336019,1,373.21000000000015
O=C(Nc1n[nH]c2nc(-c3ccc(O)c(Cl)c3)ccc12)C1CC1,2.0,8.698970004336019,1,328.7590000000001
O=C(Nc1n[nH]c2nc(-c3ccc(O)cc3)c(-c3ccccc3)cc12)C1CC1,5.0,8.301029995663981,1,370.41200000000015
O=C(Nc1n[nH]c2nc(-c3ccc(O)cc3)c(Br)cc12)C1CC1,5.0,8.301029995663981,1,373.21000000000015
O=C(Nc1n[nH]c2nc(-c3ccc(O)cc3)ccc12)C1CC1,13.0,7.886056647693163,1,294.31400000000014
O=C(Nc1n[nH]c2nc(-c3cccc(O)c3)ccc12)C1CC1,62.0,7.2076083105017466,1,294.31400000000014
O=C(Nc1n[nH]c2nc(-c3ccccc3)c(Br)cc12)C1CC1,1000.0,6.0,1,357.2110000000002
O=C(Nc1n[nH]c2nc(-c3ccco3)c(Br)cc12)C1CC1,1000.0,6.0,1,347.17200000000014
O=C(Nc1n[nH]c2nc(-c3ccco3)c(Br)cc12)C1CCN(Cc2ccccc2)C1,1000.0,6.0,1,466.3390000000003
O=C(Nc1n[nH]c2nc(-c3ccco3)ccc12)C1CC1,1000.0,6.0,1,268.27600000000007
O=C(Nc1n[nH]c2nc(-c3cccs3)c(Br)cc12)C1CC1,639.0,6.1944991418416,1,363.2400000000002
O=C(Nc1n[nH]c2nc(-c3cccs3)c(Br)cc12)C1CCCC1,1000.0,6.0,1,391.29400000000027
O=C(Nc1n[nH]c2nc(-c3nccs3)c(Br)cc12)C1CC1,1000.0,6.0,1,364.2280000000001
O=C(Nc1n[nH]c2nc(-c3nccs3)c(Br)cc12)C1CCCC1,1000.0,6.0,1,392.2820000000002
O=C(Nc1nc2cccc(-c3ccc(CN4CCS(=O)(=O)CC4)cc3)n2n1)C1CC1,10000.0,5.0,0,425.5140000000002
O=C(Nc1ncnc2oc(-c3ccc(Cl)cc3)cc12)C1CC1,20000.0,4.698970004336019,0,313.74400000000014
O=C(Nc1ncnc2oc(-c3ccc(Cl)cc3)cc12)C1CCCC1,20000.0,4.698970004336019,0,341.79800000000023
O=C(Nc1ncnc2oc(-c3ccc(F)cc3)cc12)C1CC1,19000.0,4.721246399047171,0,297.2890000000001
O=C(Nc1ncnc2oc(-c3ccc(F)cc3)cc12)C1CCCC1,19000.0,4.721246399047171,0,325.3430000000002
O=C(Nc1ncnc2oc(-c3ccccc3)cc12)C1CC1,21000.0,4.6777807052660805,0,279.2990000000001
O=C(Nc1ncnc2oc(-c3ccccc3)cc12)C1CCCC1,19000.0,4.721246399047171,0,307.3530000000002
O=C(Nc1ncnc2oc(-c3cccnc3)cc12)C1CC1,440.0,6.356547323513812,1,280.2870000000001
O=C(Nc1ncnc2oc(-c3cccnc3)cc12)C1CCCC1,450.0,6.346787486224656,1,308.3410000000002
O=C(O)C1CN(Cc2ccc(OCc3ccc(Cl)c(Cl)c3)cc2)C1,10000.0,5.0,0,366.24400000000014
O=C(O)c1cc(Br)ccc1NCCc1c[nH]c2ccccc12,4000.0,5.3979400086720375,0,359.223
O=C(O)c1cc(C(F)(F)F)ccc1NCCc1c[nH]c2cc(Br)ccc12,160.0,6.795880017344075,1,427.22
O=C(O)c1cc(C(F)(F)F)ccc1NCCc1c[nH]c2ccccc12,1100.0,5.958607314841775,0,348.324
O=C(O)c1cc(Cl)ccc1NCCc1c[nH]c2ccccc12,8000.0,5.096910013008056,0,314.77200000000005
O=C(O)c1cc(O)c(O)c2c1c([N+](=O)[O-])c(Cl)c1ccccc12,18000.0,4.7447274948966935,0,333.683
O=C(O)c1cc(O)c(O)c2c1c([N+](=O)[O-])cc1c(O)cccc12,5700.0,5.2441251443275085,0,315.23699999999997
O=C(O)c1cc(O)c(O)c2c1c([N+](=O)[O-])cc1ccccc12,13400.0,4.872895201635193,0,299.238
O=C(O)c1cc(OC(F)(F)F)ccc1NCCc1c[nH]c2ccccc12,940.0,6.026872146400302,1,364.32300000000004
O=C(O)c1cc(OC(F)F)ccc1NCCc1c[nH]c2ccccc12,8900.0,5.050609993355087,0,346.333
O=C(O)c1cc(S(F)(F)(F)(F)F)ccc1NCCc1c[nH]c2ccccc12,300.0,6.522878745280337,1,406.3760000000001
O=C(O)c1cc([N+](=O)[O-])c(Br)cc1NCCc1c[nH]c2ccccc12,2800.0,5.552841968657781,0,404.22000000000014
O=C(O)c1cc([N+](=O)[O-])ccc1NCCCc1ccccc1,28000.0,4.552841968657781,0,300.31399999999996
O=C(O)c1cc([N+](=O)[O-])ccc1NCCc1c[nH]c2ccccc12,5150.0,5.288192770958809,0,325.32400000000007
O=C(O)c1cc([N+](=O)[O-])ccc1NCCc1coc2ccccc12,32000.0,4.494850021680094,0,326.30800000000005
O=C(O)c1cc2c(c3c1c([N+](=O)[O-])cc1c(O)cccc13)OCO2,15000.0,4.823908740944319,0,327.2480000000001
O=C(O)c1cc2c(c3c1c([N+](=O)[O-])cc1ccc(O)cc13)OCO2,30000.0,4.522878745280337,0,327.2480000000001
O=C(O)c1cc2c(c3c1c([N+](=O)[O-])cc1ccccc13)OCO2,20000.0,4.698970004336019,0,311.2490000000001
O=C(O)c1ccc(Br)cc1NCCc1c[nH]c2ccccc12,13000.0,4.886056647693163,0,359.223
O=C(O)c1ccc(C(=O)Nc2cc(C3CC3)[nH]n2)cc1,164.91,6.782753008314607,1,271.27599999999995
O=C(O)c1ccc(C(F)(F)F)cc1NCCc1c[nH]c2ccccc12,260000.0,3.585026652029182,0,348.324
O=C(O)c1ccc(Nc2nccc(-c3cnn4ncccc34)n2)cc1,40.0,7.3979400086720375,1,332.32300000000004
O=C(O)c1ccc([N+](=O)[O-])c2c1NC(c1ccc(Cl)cc1)C1CC=CC21,13150.0,4.881074247174223,0,370.7920000000001
O=C(O)c1ccc([N+](=O)[O-])cc1NCCc1c[nH]c2ccccc12,6100.0,5.214670164989233,0,325.32400000000007
O=C(O)c1ccc2[nH]c3c4ccccc4nc(C(=O)O)c3c2c1,10000.0,5.0,0,306.27700000000004
O=C(O)c1cccc(C(F)(F)F)c1NCCc1c[nH]c2ccccc12,300000.0,3.5228787452803374,0,348.32399999999996
O=C(O)c1cccc([N+](=O)[O-])c1NCCc1c[nH]c2ccccc12,38000.0,4.42021640338319,0,325.324
O=C(O)c1ccccc1NCCc1c[nH]c2ccccc12,300000.0,3.5228787452803374,0,280.327
O=C(O)c1nc2ccc(I)cc2c2[nH]c3c(Br)cccc3c12,10000.0,5.0,0,467.0600000000001
O=C(O)c1nc2ccc(I)cc2c2[nH]c3c(Cl)cccc3c12,10000.0,5.0,0,422.60900000000015
O=C(O)c1nc2ccc(I)cc2c2[nH]c3c(F)cccc3c12,10000.0,5.0,0,406.1540000000001
O=C(O)c1nc2ccc(I)cc2c2[nH]c3ccc(Cl)cc3c12,10000.0,5.0,0,422.60900000000015
O=C(O)c1nc2ccccc2c2[nH]c3c(Br)cccc3c12,100000.0,4.0,0,341.16400000000004
O=C(O)c1nc2ccccc2c2[nH]c3c(Cl)cccc3c12,10000.0,5.0,0,296.713
O=C(O)c1nc2ccccc2c2[nH]c3c(I)cccc3c12,10000.0,5.0,0,388.16400000000004
O=C(O)c1nc2ccccc2c2[nH]c3ccc(C(F)(F)F)cc3c12,10000.0,5.0,0,330.26500000000004
O=C(O)c1nc2ccccc2c2[nH]c3ccc([N+](=O)[O-])cc3c12,10000.0,5.0,0,307.26500000000004
O=C(O)c1nc2ccccc2c2[nH]c3ccccc3c12,10000.0,5.0,0,262.26800000000003
O=C(O)c1nc2cccnc2c2[nH]c3c(Br)cccc3c12,10000.0,5.0,0,342.15200000000004
O=C(O)c1nc2ccsc2c2[nH]c3c(Cl)cccc3c12,10000.0,5.0,0,302.742
O=C(c1cc2cc(F)ccc2[nH]1)N1C[C@]2(CCN(C3CCCNC3)C2)c2ccccc21,30000.0,4.522878745280337,0,418.51600000000025
O=C(c1cc2ccc(F)cc2[nH]1)N1C[C@]2(CCN(C3CCNC3)C2)c2ccccc21,30000.0,4.522878745280337,0,404.4890000000002
O=C(c1ccc(-c2ccc(F)cc2)cc1)N1CCc2c([nH]c3ccccc23)C1,438000.0,3.3585258894959003,0,370.4270000000001
O=C(c1ccc(-c2cccc(F)c2)cc1)N1CCc2c([nH]c3ccccc23)C1,296000.0,3.5287082889410613,0,370.4270000000001
O=C(c1ccc(-c2ccccc2F)cc1)N1CCc2c([nH]c3ccccc23)C1,310000.0,3.5086383061657274,0,370.4270000000001
O=C(c1ccc(-c2ccnc3[nH]c(-c4ccc(CN5CCOCC5)cc4)nc23)cc1)N1CCCC1,4600.0,5.337242168318426,0,467.5730000000004
O=C(c1ccc(Cl)cc1)N1CCN(c2nnc(Cc3ccccc3)c3ccccc23)CC1,137.54,6.861570979993997,1,442.9500000000002
O=C(c1ccc([N+](=O)[O-])cc1)[C@H]1[C@H](c2cn(-c3ccccc3)nc2-c2ccccc2)[C@@H]2CC3CCCCC3N2[C@]12C(=O)Nc1ccc(Cl)cc12,75.6,7.121478204498794,1,684.1960000000001
O=C(c1cccc(-c2ccc(F)cc2)c1)N1CCc2c([nH]c3ccccc23)C1,318000.0,3.4975728800155674,0,370.4270000000001
O=C(c1cccc(-c2cccc(F)c2)c1)N1CCc2c([nH]c3ccccc23)C1,611000.0,3.213958789757446,0,370.4270000000001
O=C(c1cccc(-c2ccccc2F)c1)N1CCc2c([nH]c3ccccc23)C1,335000.0,3.474955192963155,0,370.4270000000001
O=C(c1ccccc1)N1C(=O)C(C2C(=O)N(C(=O)c3ccccc3)C(=S)N(c3ccc(F)cc3)C2=O)C(=O)N(c2ccc(F)cc2)C1=S,5200.0,5.2839966563652006,0,682.686
O=C(c1ccccc1)N1CCN(c2nnc(Cc3ccccc3)c3ccccc23)CC1,114.62,6.940739595878269,1,408.5050000000001
O=C(c1ccccc1-c1ccc(F)cc1)N1CCc2c([nH]c3ccccc23)C1,357000.0,3.447331783887807,0,370.4270000000001
O=C(c1ccccc1-c1cccc(F)c1)N1CCc2c([nH]c3ccccc23)C1,480000.0,3.318758762624413,0,370.4270000000001
O=C(c1ccccc1-c1ccccc1F)N1CCc2c([nH]c3ccccc23)C1,434000.0,3.362510270487489,0,370.4270000000001
O=C(c1ccccc1-c1cccnc1)N1CCc2c([nH]c3ccccc23)C1,312000.0,3.505845405981557,0,353.42500000000007
O=C(c1ccccc1-c1ccncc1)N1CCc2c([nH]c3ccccc23)C1,354000.0,3.450996737974212,0,353.42500000000007
O=C(c1ccccc1[N+](=O)[O-])[C@H]1[C@H](c2cn(-c3ccccc3)nc2-c2ccccc2)[C@@H]2CC3CCCCC3N2[C@]12C(=O)Nc1ccc(Cl)cc12,80.2,7.095825631715837,1,684.1960000000001
O=C(c1ccco1)N1N=C(c2cccnc2)CC1c1ccccc1O,10000.0,5.0,0,333.34700000000004
O=C1/C(=C2\Nc3ccccc3C2=O)Nc2ccccc21,70000.0,4.154901959985743,0,262.26800000000003
O=C1C(c2c(O)[nH]c3ccc(S(=O)(=O)O)cc23)=Nc2ccccc21,22.0,7.657577319177793,1,342.33200000000005
O=C1C2=C(C(=O)N1CCCSC1=NCCN1)n1ccc3cccc(c31)C1Cc3ccccc3N21,7700.0,5.113509274827518,0,469.5700000000002
O=C1CC(=O)N(c2ccc(F)cc2)C(=S)N1C(=O)c1ccccc1,4500.0,5.346787486224656,0,342.35100000000006
O=C1CCC(N2C(=O)c3cc(F)c(N4CC5(CN(Cc6cccc(S(=O)(=O)N7CCC(Nc8ncc(C(F)(F)F)c(-c9cnn(CC(F)(F)F)c9)n8)CC7)c6)C5)C4)cc3C2=O)C(=O)N1,100.0,7.0,1,918.8529999999998
O=C1CCC(N2C(=O)c3cc(F)c(N4CCN(Cc5cccc(S(=O)(=O)N6CCC(Nc7ncc(Cl)c(-c8cnn(CC(F)(F)F)c8)n7)CC6)c5)CC4)cc3C2=O)C(=O)N1,100.0,7.0,1,873.2899999999997
O=C1CCC(N2Cc3cc(C4CN(Cc5cccc(S(=O)(=O)N6CCC(Nc7ncc(C(F)(F)F)c(-c8cnn(CC(F)(F)F)c8)n7)CC6)c5)C4)ccc3C2=O)C(=O)N1,100.0,7.0,1,845.8269999999998
O=C1CCC(N2Cc3ccc(N4CCC5(CCN(Cc6cccc(S(=O)(=O)N7CCC(Nc8ncc(C(F)(F)F)c(-c9cnn(CC(F)(F)F)c9)n8)CC7)c6)CC5)CC4)cc3C2=O)C(=O)N1,100.0,7.0,1,942.9879999999997
O=C1CCC(c2ccc(N3CCN(Cc4cccc(S(=O)(=O)N5CCC(Nc6ncc(C(F)(F)F)c(-c7cnn(CC(F)(F)F)c7)n6)CC5)c4)CC3)cc2)C(=O)N1,100.0,7.0,1,819.8329999999997
O=C1Cc2c([nH]c3ccc([N+](=O)[O-])cc23)-c2ccccc2N1,15.0,7.823908740944319,1,293.282
O=C1N=C(NCc2ccccc2)S/C1=C\c1c[nH]c2ncccc12,50.0,7.301029995663981,1,334.40400000000005
O=C1NC(=O)C(c2cnc3ccccn23)=C1c1cn2c3c(cc(F)cc13)CN(C(=O)N1CCCCC1)CC2,2800.0,5.552841968657781,0,512.5450000000005
O=C1NC(=O)C(c2cnc3ccccn23)=C1c1cn2c3c(cccc13)CN(C(=O)N1CCCCC1)CC2,5400.0,5.267606240177032,0,494.5550000000005
O=C1NC(=O)C(c2cnc3ccccn23)=C1c1cn2c3c(cccc13)CN(C(=O)N1CCOCC1)CC2,5300.0,5.275724130399211,0,496.5270000000005
O=C1NC(=O)C2=C1c1cn(c3ccccc13)CCOCCOCCOCCn1cc2c2ccccc21,992.0,6.0034883278458215,1,485.54000000000036
O=C1NC(=O)C2=C1c1cn(c3ccccc13)CCOCCOCCOCCn1cc2c2cccnc21,2439.0,5.612788199686269,0,486.52800000000036
O=C1NC(=O)C2=C1c1cn(c3ncccc13)CCOCCOCCOCCOCCn1cc2c2cccnc21,10000.0,5.0,0,531.5690000000004
O=C1NC(=O)C2=C1c1cn(c3ncccc13)CCOCCOCCOCCn1cc2c2cccnc21,10000.0,5.0,0,487.51600000000036
O=C1NC(=O)c2c1c1c3ccccc3n3c1c1c2c2ccccc2n1[C@H]1CC[C@@H]3O1,540.0,6.267606240177032,1,393.40200000000016
O=C1NC(=O)c2ccc(-c3ccc(Cl)cc3)cc2/C1=C/Nc1ccc(CN2CCCCC2)cc1,50000.0,4.301029995663981,0,471.98800000000034
O=C1NC(=O)c2ccc(-c3ccc(F)cc3)cc2/C1=C/Nc1ccc(CN2CCCCC2)cc1,50000.0,4.301029995663981,0,455.5330000000003
O=C1NC(=O)c2ccc(-c3ccc(O)cc3)cc2/C1=C/Nc1ccc(CN2CCCCC2)cc1,50000.0,4.301029995663981,0,453.5420000000003
O=C1NC(=O)c2ccc(-c3ccc(Oc4ccccc4)cc3)cc2/C1=C\Nc1ccc(CN2CCCCC2)cc1,50000.0,4.301029995663981,0,529.6400000000004
O=C1NC(=O)c2ccc(-c3cccc(O)c3)cc2/C1=C/Nc1ccc(CN2CCCCC2)cc1,50000.0,4.301029995663981,0,453.5420000000003
O=C1NC(=O)c2ccc(-c3ccccc3)cc2/C1=C/Nc1ccc(CN2CCCCC2)cc1,50000.0,4.301029995663981,0,437.5430000000003
O=C1NC(=O)c2ccc(-c3cccnc3)cc2/C1=C/Nc1ccc(CN2CCCCC2)cc1,50000.0,4.301029995663981,0,438.5310000000003
O=C1NC(=O)c2ccc(-c3ccoc3)cc2/C1=C/Nc1ccc(CN2CCCCC2)cc1,50000.0,4.301029995663981,0,427.5040000000003
O=C1NC(=O)c2ccc(-c3ccsc3)cc2/C1=C/Nc1ccc(CN2CCCCC2)cc1,50000.0,4.301029995663981,0,443.5720000000003
O=C1NC(=O)c2ccc(-n3cccc3)cc2/C1=C/Nc1ccc(CN2CCCCC2)cc1,50000.0,4.301029995663981,0,426.5200000000003
O=C1NC(=O)c2ccc(Br)cc2/C1=C/NCc1cc[nH]c(=O)c1,2700.0,5.568636235841013,0,374.1940000000001
O=C1NC(=O)c2ccc(Br)cc2/C1=C/NCc1ccc(O)c(O)c1,50000.0,4.301029995663981,0,389.2050000000001
O=C1NC(=O)c2ccc(Br)cc2/C1=C/Nc1ccc(CN2CCCCC2)cc1,50000.0,4.301029995663981,0,440.3410000000003
O=C1NC(=O)c2ccc(C3CCCC3)cc2/C1=C/NCc1cc(O)c(-c2ccoc2)cn1,1300.0,5.886056647693163,0,429.4760000000001
O=C1NC(=O)c2ccc(Cl)cc2/C1=C/Nc1ccc(CN2CCCCC2)cc1,50000.0,4.301029995663981,0,395.89000000000027
O=C1NC(=O)c2ccc(I)cc2/C1=C/NCc1cc(O)c(-c2ccoc2)cn1,2300.0,5.638272163982407,0,487.2530000000002
O=C1NC(=O)c2ccc(I)cc2/C1=C/NCc1ccc(-c2ccccc2)c(O)c1,15100.0,4.82102305270683,0,496.3040000000002
O=C1NC(=O)c2ccc(I)cc2/C1=C/NCc1ccc(-c2ccccn2)c(O)c1,50000.0,4.301029995663981,0,497.2920000000002
O=C1NC(=O)c2ccc(I)cc2/C1=C/NCc1ccc(-c2cccnc2)c(O)c1,3600.0,5.443697499232712,0,497.2920000000002
O=C1NC(=O)c2ccc(I)cc2/C1=C/NCc1ccc(-c2ccco2)c(O)c1,8400.0,5.075720713938118,0,486.2650000000002
O=C1NC(=O)c2ccc(I)cc2/C1=C/NCc1ccc(-c2ccncc2)c(O)c1,50000.0,4.301029995663981,0,497.2920000000002
O=C1NC(=O)c2ccc(I)cc2/C1=C/NCc1ccc(-c2ccoc2)c(O)c1,4700.0,5.327902142064283,0,486.2650000000002
O=C1NC(=O)c2ccc(I)cc2/C1=C/NCc1ccn(-c2ccccc2)c(=O)c1,41500.0,4.3819519032879075,0,497.2920000000002
O=C1NC(=O)c2ccc(I)cc2/C1=C/NCc1ccn(-c2ccoc2)c(=O)c1,2600.0,5.585026652029182,0,487.2530000000002
O=C1NC(=O)c2ccc(I)cc2/C1=C/Nc1ccc(CN2CCCCC2)cc1,20400.0,4.690369832574101,0,487.34100000000035
O=C1NC(=O)c2ccc(N3CCCCC3)cc2/C1=C/Nc1ccc(CN2CCCCC2)cc1,50000.0,4.301029995663981,0,444.57900000000024
O=C1NC(=O)c2ccc(N3CCOCC3)cc2/C1=C/Nc1ccc(CN2CCCCC2)cc1,50000.0,4.301029995663981,0,446.5510000000002
O=C1NC(=O)c2ccc(Nc3ccccc3)cc2/C1=C/Nc1ccc(CN2CCCCC2)cc1,50000.0,4.301029995663981,0,452.55800000000033
O=C1NC(=O)c2ccc([N+](=O)[O-])cc2/C1=C/Nc1ccc(CN2CCCCC2)cc1,50000.0,4.301029995663981,0,406.4420000000003
O=C1NC(=O)c2ccccc2/C1=C/NCc1ccc(O)c(O)c1,12500.0,4.903089986991944,0,310.309
O=C1NC(=O)c2ccccc2/C1=C/NCc1ccc(O)cc1,17300.0,4.761953896871205,0,294.31
O=C1NC(=O)c2ccccc2/C1=C/NCc1cccc(O)c1,16900.0,4.772113295386326,0,294.31
O=C1NC(=O)c2ccccc2/C1=C/Nc1ccc(CN2CCCCC2)cc1,19600.0,4.707743928643524,0,361.4450000000002
O=C1NC(=O)c2ccccc2/C1=C/Nc1ccc(CN2CCOCC2)cc1,21000.0,4.6777807052660805,0,363.4170000000002
O=C1NC(=O)c2ccccc2/C1=C/Nc1ccc(N2CCOCC2)cc1,29000.0,4.5376020021010435,0,349.3900000000002
O=C1NC2C=CC=CC2/C1=C/Nc1ccc(S(=O)(=O)Nc2nccs2)cc1,1000.0,6.0,1,400.48500000000007
O=C1NCC2(CCCC2)n2c1cc1cnc(Nc3ccc(C(=O)N4CCN(CC5CC5)CC4)cn3)nc12,298.0,6.525783735923745,1,500.6070000000004
O=C1NCC2(CCCC2)n2c1cc1cnc(Nc3ccc(N4CCC(N5CCCCC5)CC4)cn3)nc12,2840.0,5.546681659952962,0,500.65100000000047
O=C1NCC2(CCCC2)n2c1cc1cnc(Nc3ccc(N4CCC(N5CCOCC5)CC4)cn3)nc12,1350.0,5.8696662315049934,0,502.62300000000045
O=C1NCC2(CCCC2)n2c1cc1cnc(Nc3ccc(N4CCNCC4)cn3)nc12,11100.0,4.954677021213342,0,418.5050000000002
O=C1NCC2(CCCC2)n2c1cc1cnc(Nc3ccc(N4CCOCC4)nn3)nc12,2080.0,5.681936665037238,0,420.47700000000026
O=C1NCC2(CCCCC2)n2c1cc1cnc(Nc3ccc(C(=O)N4CCN(C5CCC5)CC4)cn3)nc12,155.0,6.809668301829708,1,514.6340000000005
O=C1NCC2(CCCCC2)n2c1cc1cnc(Nc3ccc(C(=O)N4CCNCC4)cn3)nc12,92.5,7.0338582672609675,1,460.5420000000003
O=C1NCC2(CCCCC2)n2c1cc1cnc(Nc3ccc(N4CCC(N5CCC(C(F)(F)F)CC5)CC4)cn3)nc12,6720.0,5.172630726946175,0,582.6750000000001
O=C1NCC2(CCCCC2)n2c1cc1cnc(Nc3ccc(N4CCC(N5CCCCC5)CC4)cn3)nc12,1500.0,5.823908740944319,0,514.6780000000005
O=C1NCC2(CCCCC2)n2c1cc1cnc(Nc3ccc(N4CCC(N5CCOCC5)CC4)cn3)nc12,579.82925,6.236699880058668,1,516.6500000000004
O=C1NCC2(CCCCC2)n2c1cc1cnc(Nc3ccc(N4CCN(C5CCC5)CC4)cn3)nc12,409.0,6.388276691992658,1,486.6240000000004
O=C1NCC2(CCCCC2)n2c1cc1cnc(Nc3ccc(N4CCN(CC5CC5)CC4)cn3)nc12,772.5,6.112101511903128,1,486.6240000000004
O=C1NCC2(CCCCC2)n2c1cc1cnc(Nc3ccc(N4CCNCC4)cn3)nc12,1028.5275,5.987784091972575,0,432.53200000000027
O=C1NCCc2[nH]c(-c3ccncc3)cc21,240.0,6.619788758288394,1,213.24000000000004
O=C1Nc2c(Cl)c3ccccc3c3c(O)c(O)cc1c23,25000.0,4.6020599913279625,0,285.68600000000004
O=C1Nc2cc(-c3ccccc3)ccc2/C1=C/c1[nH]cc2c1CCNC2=O,5700.0,5.2441251443275085,0,355.39700000000016
O=C1Nc2cc(-c3ccccc3)ccc2/C1=C/c1[nH]cc2c1CCOC2=O,10000.0,5.0,0,356.3810000000002
O=C1Nc2cc3c(O)c(O)ccc3c3c4c(cc1c23)OCO4,30000.0,4.522878745280337,0,295.25000000000006
O=C1Nc2cc3c(O)cc(O)cc3c3c4c(cc1c23)OCO4,50000.0,4.301029995663981,0,295.25000000000006
O=C1Nc2cc3c(O)cccc3c3c(O)c(O)cc1c23,35000.0,4.455931955649724,0,267.24
O=C1Nc2cc3c(O)cccc3c3c4c(cc1c23)OCO4,35.0,7.455931955649724,1,279.25100000000003
O=C1Nc2cc3c(O[C@@H]4O[C@H](CO)[C@@H](O)[C@H](O)[C@H]4O)cccc3c3c4c(cc1c23)OCO4,10000.0,5.0,0,441.3920000000002
O=C1Nc2cc3ccc(O)cc3c3c4c(cc1c23)OCO4,2150.0,5.667561540084395,0,279.25100000000003
O=C1Nc2cc3ccccc3c3c(O)c(O)cc1c23,35000.0,4.455931955649724,0,251.24099999999996
O=C1Nc2cc3ccccc3c3c4c(cc1c23)OCO4,15000.0,4.823908740944319,0,263.25199999999995
O=C1Nc2ccc(-c3cnco3)cc2/C1=C/Nc1ccc2c(c1)CS(=O)(=O)C2,8.9,8.050609993355087,1,393.42400000000015
O=C1Nc2ccc(Br)cc2/C1=C/c1[nH]cc2c1CCNC2=O,530.0,6.275724130399211,1,358.19500000000016
O=C1Nc2ccc(Br)cc2/C1=C/c1[nH]cc2c1CCOC2=O,190.0,6.721246399047171,1,359.1790000000002
O=C1Nc2ccc(Br)cc2/C1=N/NC(=O)c1cc2cc(Br)ccc2o1,38.0,7.42021640338319,1,463.08500000000015
O=C1Nc2ccc(C(=O)O)cc2/C1=C/c1[nH]cc2c1CCNC2=O,68.0,7.167491087293763,1,323.3080000000001
O=C1Nc2ccc(C(=O)O)cc2/C1=C/c1[nH]cc2c1CCOC2=O,4.0,8.397940008672037,1,324.29200000000014
O=C1Nc2ccc(Cl)cc2/C1=C/c1[nH]cc2c1CCOC2=O,88.0,7.055517327849832,1,314.7280000000001
O=C1Nc2ccc(F)c3c(NCCO)cc(-c4ccc[nH]4)c1c23,54.0,7.267606240177032,1,311.31600000000003
O=C1Nc2ccc(F)c3c(OCCCO)cc(-c4ccc[nH]4)c1c23,18.0,7.7447274948966935,1,326.327
O=C1Nc2ccc(F)c3c(OCCO)cc(-c4ccc[nH]4)c1c23,62.0,7.2076083105017466,1,312.3
O=C1Nc2ccc(F)c3c(S(=O)(=O)CCO)cc(-c4ccc[nH]4)c1c23,15.0,7.823908740944319,1,360.36600000000004
O=C1Nc2ccc(F)c3c(SCCO)cc(-c4ccc[nH]4)c1c23,14.0,7.853871964321762,1,328.368
O=C1Nc2ccc(F)c3c(SC[C@@H]4CCCN4)cc(-c4ccc[nH]4)c1c23,18.0,7.7447274948966935,1,367.44900000000007
O=C1Nc2ccc(F)c3c(S[C@H]4CCNC4)cc(-c4ccc[nH]4)c1c23,5.0,8.301029995663981,1,353.4220000000001
O=C1Nc2ccc(F)c3ccc(-c4ccc[nH]4)c1c23,204.0,6.690369832574102,1,252.24800000000002
O=C1Nc2ccc(F)cc2/C1=C/c1[nH]cc2c1CCNC2=O,300.0,6.522878745280337,1,297.289
O=C1Nc2ccc(F)cc2/C1=C/c1[nH]cc2c1CCOC2=O,82.0,7.086186147616283,1,298.273
O=C1Nc2ccc([N+](=O)[O-])cc2/C1=C1/Nc2ccc(O)cc2/C1=N\O,2.0,8.698970004336019,1,338.27900000000005
O=C1Nc2ccc3ncsc3c2/C1=C/Nc1ccc(CS(=O)(=O)NCCO)cc1,13.0,7.886056647693163,1,430.5110000000002
O=C1Nc2ccc3ncsc3c2/C1=C/Nc1ccc(S(=O)(=O)NCCO)cc1,4.7,8.327902142064282,1,416.48400000000015
O=C1Nc2ccc3ncsc3c2/C1=C/Nc1ccc(S(=O)(=O)NCCOCCO)cc1,6.27,8.202732459169283,1,460.53700000000026
O=C1Nc2ccc3ncsc3c2/C1=C/Nc1ccc(S(=O)(=O)NCCc2c[nH]cn2)cc1,3.6,8.443697499232712,1,466.5480000000002
O=C1Nc2ccc3ncsc3c2/C1=C/Nc1ccc(S(=O)(=O)NCc2ccccc2)cc1,5.6,8.2518119729938,1,462.55600000000015
O=C1Nc2ccc3ncsc3c2/C1=C/Nc1ccc(S(=O)(=O)N[n+]2ccc3ccccc3c2)cc1,9.5,8.022276394711152,1,500.58500000000015
O=C1Nc2ccc3ncsc3c2/C1=C/Nc1ccc(S(=O)(=O)Nc2ccccc2)cc1,4.3,8.366531544420413,1,448.5290000000001
O=C1Nc2ccc3ncsc3c2/C1=C/Nc1ccc(S(=O)(=O)Nc2ccccn2)cc1,9.85,8.006563769502389,1,449.5170000000001
O=C1Nc2ccc3ncsc3c2/C1=C/Nc1ccc2c(c1)CS(=O)(=O)C2,14.0,7.853871964321762,1,383.4540000000002
O=C1Nc2cccc(C3CCNCC3)c2/C1=C/c1[nH]cc2c1CCNC2=O,49.0,7.309803919971486,1,362.4330000000001
O=C1Nc2cccc(C3CCNCC3)c2/C1=C/c1[nH]cc2c1CCOC2=O,9.0,8.045757490560675,1,363.41700000000014
O=C1Nc2cccc(CCO)c2/C1=C/c1[nH]cc2c1CCNC2=O,340.0,6.468521082957745,1,323.3520000000001
O=C1Nc2cccc(CCO)c2/C1=C/c1[nH]cc2c1CCOC2=O,30.0,7.522878745280337,1,324.3360000000001
O=C1Nc2ccccc2/C1=C/Nc1ccc(S(=O)(=O)Nc2nccs2)cc1,1000.0,6.0,1,398.46900000000005
O=C1Nc2ccccc2/C1=C1/Nc2ccccc2C1=O,2200.0,5.657577319177793,0,262.268
O=C1OC2(c3ccccc31)c1cc(I)c(O)c(I)c1Oc1c2cc(I)c(O)c1I,26000.0,4.585026652029182,0,835.8950000000001
O=C1c2ccccc2-[n+]2ccc3c([nH]c4ccccc43)c21,500000.0,3.3010299956639813,0,271.29900000000004
O=S(=O)(O)c1cccc2cccc(Nc3ccccc3)c12,91000.0,4.040958607678906,0,299.35100000000006
O=S1(=O)NCCCNc2nc(ncc2Br)Nc2cccc1c2,140.0,6.853871964321762,1,384.25900000000007
O=[N+]([O-])c1ccc(Nc2nccc(-c3cnn4ncccc34)n2)cc1,3.0,8.522878745280337,1,333.31100000000004
O=[N+]([O-])c1cccc(Nc2nccc(-c3cnn4ncccc34)n2)c1,0.3,9.522878745280337,1,333.31100000000004
O=c1[nH]cc(-c2ccc(N3CCOCC3)cc2)c2sc(-c3ccncc3)cc12,15848.93,4.800000052738446,0,389.48
O=c1[nH]cc(-c2ccc(N3CCOCC3)cc2)c2sc(-c3cn[nH]c3)cc12,251.19,6.599997654072044,1,378.457
O=c1[nH]cc(-c2ccc3c(c2)OCCO3)c2sc(-c3ccncc3)cc12,1584.89,5.800000874803203,0,362.41
O=c1[nH]cc(-c2cccc(Cl)n2)c2sc(-c3ccncc3)cc12,15848.93,4.800000052738446,0,339.807
O=c1[nH]cc(-c2cccc3cccnc23)c2sc(-c3ccncc3)cc12,12589.25,4.900000142057633,0,355.4220000000001
O=c1[nH]cnc2[nH]c(-c3ccnc(/C=C/c4ccc(CN5CCOCC5)cc4)c3)cc12,10000.0,5.0,0,413.4810000000003
O=c1c(Br)cc2cnc(Nc3ccc(N4CCNCC4)cc3)nc2n1C1CCCC1,43.0,7.366531544420414,1,469.3870000000004
O=c1c(O)c(-c2ccc(O)c(O)c2)oc2cc(O)cc(O)c12,40000.0,4.3979400086720375,0,302.23800000000006
O=c1c(O)c(-c2ccc(O)c(O)c2)oc2cc(O)ccc12,5000.0,5.301029995663981,0,286.23900000000003
O=c1c(O)c(-c2ccc(O)c(O)c2)oc2ccccc12,4000.0,5.3979400086720375,0,270.24
O=c1c(O)cc([C@H]2Oc3cc(O)cc(O)c3C[C@H]2O)cc2c([C@H]3Oc4cc(O)cc(O)c4C[C@H]3O)cc(O)c(O)c12,1800.0,5.7447274948966935,0,564.4990000000003
O=c1c(O)cccc2ccc(O)c(O)c12,7900.0,5.102372908709558,0,204.18099999999998
O=c1cc(-c2ccc(O)c(O)c2)oc2c(O)c(O)ccc12,500000.0,3.3010299956639813,0,286.239
O=c1cc(-c2ccc(O)c(O)c2)oc2cc(O)cc(O)c12,20000.0,4.698970004336019,0,286.23900000000003
O=c1cc(-c2ccc(O)c(O)c2)oc2ccccc12,500000.0,3.3010299956639813,0,254.24099999999999
O=c1ncn2nc(Sc3ccc(F)cc3F)ccc2c1-c1c(Cl)cccc1Cl,5000.0,5.301029995663981,0,436.2700000000001
OCCCNc1cc(-c2ccnc(Nc3cccc(Cl)c3)n2)ccn1,5.2,8.2839966563652,1,355.82900000000006
OCCN1CCN(c2ccc3cc2COC/C=C/COCc2cccc(c2)-c2ccnc(n2)N3)CC1,3700.0,5.431798275933005,0,487.60400000000027
OCCn1cnc2c(NCc3ccccc3)nc(NCc3ccc(Br)cc3)nc21,20000.0,4.698970004336019,0,453.3440000000001
O[C@H]1CC[C@H](c2n[nH]cc2-c2ccnc(NC3CCCC3)n2)CC1,590.0,6.229147988357855,1,327.4320000000002
Oc1[nH]c2ccc(Br)cc2c1/N=N/c1ccccc1,10000.0,5.0,0,316.15799999999996
Oc1[nH]c2ccccc2c1/N=N/c1ccccc1,10000.0,5.0,0,237.262
Oc1ccc(-c2nc(Nc3cccc(Cl)c3)nc3[nH]cnc23)cc1,8500.0,5.070581074285707,0,337.7700000000001
Oc1ccc(Nc2nc(OCC3CCCCC3)c3nc[nH]c3n2)cc1,2300.0,5.638272163982407,0,339.39899999999994
Oc1cccc(O)c1O,7850.0,5.105130343254747,0,126.11099999999998
S=C(Nc1ccc(Cl)cc1)N1CCN(c2nnc(Cc3ccccc3)c3ccccc23)CC1,340.87,6.467411219386465,1,474.03300000000024
S=C(Nc1cccc(Cl)c1)N1CCN(c2nnc(Cc3ccccc3)c3ccccc23)CC1,621.93,6.206258493644402,1,474.03300000000024
S=C(Nc1ccccc1)N1CCN(c2nnc(Cc3ccccc3)c3ccccc23)CC1,239.7,6.620331965966346,1,439.5880000000002
S=c1[nH]c(=S)c2c(Cc3nn4c(COc5ccc(Cl)cc5)nnc4s3)n[nH]c2[nH]1,37000.0,4.431798275933005,0,462.973
S=c1[nH]c(=S)c2c(Cc3nn4c(Cc5ccccc5)nnc4s3)n[nH]c2[nH]1,24000.0,4.619788758288394,0,412.529
Sc1nn2c(COc3ccc(Cl)cc3)nnc2s1,400.0,6.3979400086720375,1,298.78000000000003
Sc1nn2c(Cc3ccccc3)nnc2s1,23000.0,4.638272163982407,0,248.336
[2H]C([2H])([2H])NS(=O)(=O)c1ccc(Nc2ncc3c(n2)N([C@@H]2CCC[C@@H](O)C2)C(=O)C32CC2)cc1,642.0,6.192464971931146,1,446.5473053340004
[2H]C([2H])([2H])NS(=O)(=O)c1ccc(Nc2ncc3c(n2)N([C@@H]2CCC[C@@]2(C)O)C(=O)C32CC2)cc1,746.0,6.127261172527331,1,446.5473053340004
[2H]C([2H])(c1cc(Nc2nc(C)cn3c(-c4cn[nH]c4)cnc23)sn1)N1CCC(F)(F)C1,100.0,7.0,1,418.4732035560002
c1cc(Nc2nccc(-c3cnn4ncccc34)n2)cc(-c2cocn2)c1,3.0,8.522878745280337,1,355.3610000000001
c1cc2c(-c3ccnc4[nH]ccc34)c[nH]c2cn1,314.0,6.503070351926785,1,234.262
c1ccc(-c2cccc3nc(-c4cncnc4)nc(NCc4ccccn4)c23)cc1,50000.0,4.301029995663981,0,390.4500000000001
c1ccc(CSc2nn3c(Cc4ccccc4)nnc3s2)cc1,28000.0,4.552841968657781,0,338.46100000000007
c1ccc(Cc2nnc3sc(SSc4nn5c(Cc6ccccc6)nnc5s4)nn23)cc1,15000.0,4.823908740944319,0,494.6560000000002
c1ccc(Nc2nc(OCC3CCCCC3)c3[nH]cnc3n2)cc1,1000.0,6.0,1,323.4
c1ccc(Nc2ncc(-c3ccnc(OC4CCCCC4)n3)s2)nc1,14.0,7.853871964321762,1,353.4510000000001
c1ccc(Nc2nccc(-c3cnc4ccccn34)n2)cc1,3.0,8.522878745280337,1,287.326
c1ccc(Nc2nccc(-c3cnn4ncccc34)n2)cc1,6.506,8.186685941054165,1,288.314
c1ccc2[nH]c(-c3cc[nH]n3)nc2c1,26500.0,4.576754126063192,0,184.202
c1ccc2[nH]ncc2c1,185000.0,3.7328282715969863,0,118.13899999999998
c1ccc2c(c1)Cc1c-2n[nH]c1-c1ccncc1,1300.0,5.886056647693163,0,233.274
c1ccc2c(c1)ccn2CCCCCn1ccc2ccccc21,950000.0,3.0222763947111524,0,302.42099999999994
c1ccc2c(c1)ccn2CCc1c[nH]c2ccccc12,500000.0,3.3010299956639813,0,260.34
c1ccc2c(c1)ccn2CCn1ccc2ccccc21,940000.0,3.0268721464003012,0,260.34
c1ccc2ncc(Nc3ccnc(Nc4ccc(OCCCN5CCCCC5)cc4)n3)cc2c1,19500.0,4.709965388637482,0,454.57800000000043
c1cncc(CNc2ccn3ncc(-c4ccc5ccccc5c4)c3n2)c1,50000.0,4.301029995663981,0,351.41300000000007
c1cnn2ncc(-c3ccnc(NC4CC4)n3)c2c1,120.0,6.920818753952375,1,252.28099999999998
c1cnn2ncc(-c3ccnc(Nc4ccc5c(c4)OCCO5)n3)c2c1,6.31,8.199970640755867,1,346.35000000000014
c1nc(OCC2CCCCC2)c2nc[nH]c2n1,13000.0,4.886056647693163,0,232.287
c1ncc(-c2cc3cnc(Nc4ccc(CN5CCNCC5)cn4)nc3n2C2CCCC2)o1,2800.0,5.552841968657781,0,444.5430000000003
c1ncc(-c2cc3cnc(Nc4ccc(N5CCNCC5)cn4)nc3n2C2CCCC2)o1,3500.0,5.455931955649724,0,430.5160000000003
