SMILES,IC50,pIC50,Activity,MolWt
C#CC(C)(C)c1cc(N=C(C)C)cc(C(=O)Nc2ccc(C)c(C(=O)Nc3cccnc3)c2)c1,76.0,7.119186407719209,1,452.55800000000016
C#CC(C)(C)c1cccc(C(=O)Nc2ccc(C)c(Nc3ccc4ncn(C)c(=O)c4c3)c2)c1,24.5,7.610833915635467,1,450.54200000000014
C#CCCC(=O)Nc1nc2ccc(C(=O)c3ccccc3C(=O)Nc3ccc(F)cc3)cc2[nH]1,100.0,7.0,1,454.4610000000001
C#CCCC(=O)Nc1nc2ccc(C3(O)c4ccccc4C(=O)N3Cc3ccccc3)cc2[nH]1,100.0,7.0,1,450.4980000000002
C#CCOC(=O)Nc1nc2cc(C3(O)c4ccccc4C(=O)N3Cc3ccccc3)ccc2[nH]1,100.0,7.0,1,452.4700000000002
C#Cc1c(F)ccc(N2C(=O)c3ccccc3C2(O)c2ccc3[nH]c(NC(=O)OC)nc3c2)c1F,100.0,7.0,1,474.4230000000002
C#Cc1c(Nc2c(F)ccc(NS(=O)(=O)CCC)c2Cl)ccc2ncn(C)c(=O)c12,9.25,8.033858267260968,1,448.90700000000015
C#Cc1cc(C)cc(N2C(=O)c3ccccc3C2(O)c2ccc3[nH]c(NC(=O)OC)nc3c2)c1,100.0,7.0,1,452.4700000000002
C#Cc1cc(Cl)cc(N2C(=O)c3ccccc3C2(O)c2ccc3[nH]c(NC(=O)OC)nc3c2)c1C,100.0,7.0,1,486.9150000000002
C#Cc1cc(N2C(=O)c3ccccc3C2(O)c2ccc3[nH]c(NC(=O)OC)nc3c2)c(F)cc1F,100.0,7.0,1,474.4230000000002
C#Cc1cc(N2C(=O)c3ccccc3C2(O)c2ccc3[nH]c(NC(=O)OC)nc3c2)ccc1F,100.0,7.0,1,456.43300000000016
C#Cc1ccc(C)c(N2C(=O)c3ccccc3C2(O)c2ccc3[nH]c(NC(=O)OC)nc3c2)c1,100.0,7.0,1,452.4700000000002
C#Cc1ccc(F)c(N2C(=O)c3ccccc3C2(O)c2ccc3nc(NC(=O)OC)[nH]c3c2)c1,100.0,7.0,1,456.4330000000002
C#Cc1cccc(N2C(=O)c3c(F)ccc(F)c3C2(O)c2ccc3[nH]c(NC(=O)OC)nc3c2)c1F,100.0,7.0,1,492.4130000000002
C#Cc1cccc(N2C(=O)c3cccc(F)c3C2(O)c2ccc3[nH]c(NC(=O)OC)nc3c2)c1F,100.0,7.0,1,474.4230000000002
C#Cc1cccc(N2C(=O)c3ccccc3C2(O)c2ccc3[nH]c(NC(=O)OC)nc3c2)c1,100.0,7.0,1,438.44300000000015
C#Cc1cccc(N2C(=O)c3ccccc3C2(O)c2ccc3[nH]c(NC(=O)OC)nc3c2)c1C,100.0,7.0,1,452.4700000000002
C#Cc1cccc(N2C(=O)c3ccccc3C2(O)c2ccc3[nH]c(NC(=O)OC)nc3c2)c1F,100.0,7.0,1,456.43300000000016
C#Cc1cccc(N2C(=O)c3ccccc3C2(O)c2ccc3c(c2)NC(=O)CO3)c1,100.0,7.0,1,396.40200000000016
C#Cc1cccc(N2C(=O)c3ccccc3C2(O)c2ccc3nc(Nc4ncccn4)[nH]c3c2)c1F,100.0,7.0,1,476.4710000000001
C#Cc1cccc(N2C(=O)c3ccccc3C2c2ccc3[nH]c(NC(=O)OC)nc3c2)c1F,100.0,7.0,1,440.4340000000002
C#Cc1cccc(NC(=O)N[C@@H]2[C@H]3Oc4ccc(Oc5ccnc6c5CCC(=O)N6)cc4[C@@H]23)c1,1900.0,5.721246399047171,0,452.47000000000025
C#Cc1cccc(NC(=O)c2ccccc2C(=O)c2ccc3nc(NC(=O)OC)[nH]c3c2)c1,100.0,7.0,1,438.44300000000015
C#Cc1cccc(NC(=O)c2ccccc2C(=O)c2ccc3nc(NC(=O)OC)[nH]c3c2)c1F,100.0,7.0,1,456.43300000000016
C#Cc1cccc(Nc2nccc3c(Nc4ncccc4-c4cc(NC)ncn4)c(C)ccc23)c1,22.0,7.657577319177793,1,457.5410000000002
C#Cc1cccc(Nc2ncnc3cc(OCCOC)c(OCCOC)cc23)c1,60.0,7.221848749616356,1,393.4430000000002
C#Cc1cnc2[nH]cc(C(=O)c3c(F)ccc(NS(=O)(=O)CCC)c3F)c2c1,10.0,8.0,1,403.4100000000002
C/C(=N/Nc1nc2c(c(=O)[nH]c(=O)n2C)n1Cc1ccccc1)c1ccc([N+](=O)[O-])cc1,4600.0,5.337242168318426,0,433.4280000000001
C/C(=N/Nc1nc2c(c(=O)[nH]c(=O)n2C)n1Cc1ccccc1)c1ccccc1,11360.0,4.9446216686249995,0,388.43100000000004
C/C(=N\O)c1ccc(NC(=O)c2cc(-c3ccc(S(C)(=O)=O)cc3)nc3ccccc23)cc1,140.0,6.853871964321762,1,459.52700000000016
C/C(Cl)=C/Cn1c(N/N=C(/C)c2ccc([N+](=O)[O-])cc2)nc2c1c(=O)[nH]c(=O)n2C,17360.0,4.760450279159527,0,431.8400000000002
C/C(Cl)=C\CSc1nc2c(c(=O)[nH]c(=O)n2C)n1CC(O)CCc1ccccc1,3750.0,5.425968732272281,0,434.9490000000002
C/C(Cl)=C\CSc1nc2c(c(=O)n(Cc3ccccc3)c(=O)n2C)n1Cc1ccccc1,10910.0,4.962175249411658,0,466.99400000000014
C=C(C)c1cc(-c2cc(NC(=O)c3cccc(C(F)(F)F)c3)ccc2C)nc(N2CCOCC2)n1,0.9183999999999999,9.036968124946101,1,482.50600000000026
C=C(C)c1cc(N2CCOCC2)nc(-c2cc(NC(=O)c3cccc(C(F)(F)F)c3)ccc2C)n1,1.2233333333333334,8.912455190467574,1,482.5060000000001
C=C(C)c1ccc(F)c(NC(=O)c2ccc(C)c(-c3cnc(OCC)c(N4CCOCC4)c3)c2)c1,1.8,8.744727494896694,1,475.5640000000003
C=CC(=O)N1CCC(Oc2n[nH]c3ncc(-c4cn(-c5c(F)ccc(NS(=O)(=O)c6cccc(-c7ccccc7)c6)c5F)nn4)cc23)C1,1000.0,6.0,1,668.686
C=CC(=O)N1CCC(Oc2n[nH]c3ncc(-c4cn(-c5c(F)ccc(NS(=O)(=O)c6ccccc6)c5F)nn4)cc23)C1,247.0,6.607303046740334,1,592.588
C=CC(=O)N1CC[C@@H](NC(=O)c2sc3nccc4c3c2NC(=O)N4c2ccc(Oc3ccccc3)cc2C)C1,7840.0,5.105683937315561,0,539.6170000000002
C=CC(=O)Nc1cc(NC(=O)Nc2ccc(Oc3ccnc(NC(=O)C4CC4)c3)c(F)c2)cc(C(F)(F)F)c1,24.0,7.619788758288394,1,543.4770000000002
C=CC(=O)Nc1ccc(-c2ccc(NC(=O)Nc3cccc(Cl)c3)cc2)cn1,32.0,7.494850021680094,1,392.84600000000006
C=CCCOC(=O)Nc1nc2cc(C3(O)c4ccccc4C(=O)N3Cc3ccccc3)ccc2[nH]1,100.0,7.0,1,468.51300000000015
C=CCN1CCN(c2cncc(-c3cn(-c4cc(C(=O)Nc5cc(C(C)(C)C)on5)ccc4C)nn3)c2)CC1,22.0,7.657577319177793,1,526.6450000000002
C=CCN1CCN(c2cncc(-c3cn(-c4cc(NC(=O)c5ccc(C(C)(C)C)o5)ccc4C)nn3)c2)CC1,5.0,8.301029995663981,1,525.6570000000003
C=CCN1CCN(c2cncc(-c3cn(-c4cc(NC(=O)c5ccc(C(C)(C)C)s5)ccc4C)nn3)c2)CC1,13.0,7.886056647693163,1,541.7250000000001
C=CCn1c(N/N=C\c2cccc([N+](=O)[O-])c2)nc2c1c(=O)[nH]c(=O)n2C,37480.0,4.426200417784259,0,369.3410000000002
C=CCn1c(SCC(=O)Nc2ccc(C(=O)/C=C/c3ccc(Cl)cc3)cc2)nnc1-c1cc(-c2ccccc2)nc2ccccc12,3800.0,5.42021640338319,0,642.1840000000001
C=Cc1cccc(N2C(=O)c3ccccc3C2(O)c2ccc3[nH]c(NC(=O)OC)nc3c2)c1,100.0,7.0,1,440.4590000000002
C=Cc1cccc(N2C(=O)c3ccccc3C2(O)c2ccc3[nH]c(NC(=O)OC)nc3c2)c1F,100.0,7.0,1,458.4490000000002
C=Cc1cccc(NC(=O)c2ccccc2C(=O)c2ccc3nc(NC(=O)OC)[nH]c3c2)c1,100.0,7.0,1,440.4590000000001
C=Cc1cccc(NC(=O)c2ccccc2C(=O)c2ccc3nc(NC(=O)OC)[nH]c3c2)c1F,100.0,7.0,1,458.4490000000001
CC#CCOC(=O)Nc1nc2cc(C3(O)c4ccccc4C(=O)N3Cc3ccccc3)ccc2[nH]1,100.0,7.0,1,466.4970000000002
CC#CCOC(=O)Nc1nc2cc(C3(O)c4ccccc4C(=O)N3[C@H](C)c3ccccc3)ccc2[nH]1,100.0,7.0,1,480.52400000000017
CC#CCOC(=O)Nc1nc2cc(C3(O)c4ccccc4C(=O)N3c3ccc(F)cc3)ccc2[nH]1,100.0,7.0,1,470.46000000000015
CC#Cc1cccc(N2C(=O)c3ccccc3C2(O)c2ccc3[nH]c(NC(=O)OC)nc3c2)c1F,100.0,7.0,1,470.46000000000015
CC(=O)CN1C2CCC1CC(c1ccnc3c(-c4cccc5[nH]ncc45)c(-c4ccncc4)nn13)C2,75.9,7.11975822410452,1,477.5720000000002
CC(=O)N(C)C1CCN(S(=O)(=O)Nc2cccc(C(=O)c3c[nH]c4ncc(-c5cnc(C6CC6)nc5)cc34)c2F)C1,100.0,7.0,1,577.6420000000003
CC(=O)N(C)c1ccc(Nc2ncc3cc(-c4ccncc4)ccc3n2)cc1,58.635,7.231843070512071,1,369.42800000000005
CC(=O)N1C2CCC1CC(c1ccnc3c(-c4ccc(Cl)c(O)c4)c(-c4ccncc4)nn13)C2,0.3,9.522878745280337,1,473.9640000000002
CC(=O)N1C2CCC1CC(c1ccnc3c(-c4cccc5[nH]ncc45)c(-c4ccncc4)nn13)C2,9.1,8.040958607678906,1,463.5450000000002
CC(=O)N1CCC(C(=O)Nc2nc3cc(C4(O)c5ccccc5C(=O)N4c4cccc(Cl)c4F)ccc3[nH]2)CC1,100.0,7.0,1,562.001
CC(=O)N1CCN(c2ccc(Nc3nccc(-c4sc(C(C)C)nc4-c4cccc(NS(=O)(=O)c5c(F)cccc5F)c4)n3)cn2)CC1,1.3,8.886056647693163,1,690.8020000000001
CC(=O)N1CCN(c2ccc(Nc3nccc(-c4sc(C(C)C)nc4-c4cccc(NS(=O)(=O)c5cc(F)ccc5F)c4)n3)cn2)CC1,0.6,9.221848749616356,1,690.8020000000001
CC(=O)N1CCN(c2ccc(Nc3nccc(-c4sc(C(C)C)nc4-c4cccc(NS(=O)(=O)c5ccc(F)cc5)c4)n3)cn2)CC1,9.5,8.022276394711152,1,672.8120000000001
CC(=O)N1CCN(c2ccc(Nc3nccc(-c4sc(C(C)C)nc4-c4cccc(NS(=O)(=O)c5cccc(Cl)c5)c4)n3)cn2)CC1,34.0,7.468521082957745,1,689.267
CC(=O)N1CCN(c2ccc(Nc3nccc(-c4sc(C(C)C)nc4-c4cccc(NS(=O)(=O)c5cccc(F)c5)c4)n3)cn2)CC1,0.8,9.096910013008056,1,672.8120000000001
CC(=O)N1CCN(c2ccc(Nc3nccc(-c4sc(C(C)C)nc4-c4cccc(NS(=O)(=O)c5ccccc5)c4)n3)cn2)CC1,3.6,8.443697499232712,1,654.8220000000001
CC(=O)N1CCN(c2ccc(Nc3nccc(-c4sc(C(C)C)nc4-c4cccc(NS(=O)(=O)c5ccccc5F)c4)n3)cn2)CC1,0.6,9.221848749616356,1,672.8120000000001
CC(=O)N1CCN(c2ncc3ncnc(Nc4cc(NC(=O)c5cccc(C(C)(C)C#N)c5)ccc4C)c3n2)CC1,4.0,8.397940008672037,1,549.6390000000001
CC(=O)N1CCc2cc(S(=O)(=O)Nc3cc(Sc4ncn[nH]4)c(O)c4ccccc34)ccc21,205.0,6.688246138944246,1,481.55900000000014
CC(=O)N1C[C@@H]2C[C@H]1CN2c1ccc(-c2ccnc3c(-c4ccc(F)c(O)c4)c(-c4ccncc4)nn23)cc1,0.5,9.301029995663981,1,520.5680000000002
CC(=O)NC(C)c1ccc(Nc2ncc3cc(-c4ccncc4)ccc3n2)cc1,46.5,7.3325470471100465,1,383.45500000000004
CC(=O)NC[C@@H]1CN(c2cc(-c3cc(NC(=O)c4ccnc(C(C)(C)C#N)c4)ccc3C)ccn2)CCO1,10.943999999999999,7.960823915623959,1,512.6140000000003
CC(=O)NS(=O)(=O)c1ccc2[nH]c3cnccc3c2c1,59110.0,4.228339040651113,0,289.3160000000001
CC(=O)N[C@@H](C)c1ccc(Nc2ncc3cc(-c4ccncc4)ccc3n2)cc1,190.0,6.721246399047171,1,383.45500000000004
CC(=O)N[C@H](C)c1ccc(Nc2ncc3cc(-c4ccncc4)c(C)cc3n2)cc1,2085.85,5.68071692626164,0,397.4820000000001
CC(=O)N[C@H](C)c1ccc(Nc2ncc3cc(-c4ccncc4)c(Cl)cc3n2)cc1,1825.2175,5.738685375908034,0,417.9000000000001
CC(=O)N[C@H](C)c1ccc(Nc2ncc3cc(-c4ccncc4)cc(C)c3n2)cc1,67.07,7.173471693659349,1,397.4820000000001
CC(=O)N[C@H](C)c1ccc(Nc2ncc3cc(-c4ccncc4)cc(Cl)c3n2)cc1,145.0525,6.838474781671049,1,417.9000000000001
CC(=O)N[C@H](C)c1ccc(Nc2ncc3cc(-c4ccncc4)ccc3n2)cc1,32.385,7.489656098610088,1,383.45500000000004
CC(=O)Nc1cc(-c2sc(C3CCN(C4CC4)CC3)nc2-c2cccc(NS(=O)(=O)c3cc(F)ccc3F)c2F)ccn1,4.25,8.371611069949688,1,627.7140000000002
CC(=O)Nc1cc(CNc2ccccc2C(=O)Nc2ccc3c(c2)OC(F)(F)O3)ccn1,5.0,8.301029995663981,1,440.4060000000001
CC(=O)Nc1cc(NC(=O)Nc2ccc(Oc3ccnc(NC(=O)C4CC4)c3)c(F)c2)cc(C(F)(F)F)c1,13.0,7.886056647693163,1,531.4660000000002
CC(=O)Nc1cc(Nc2cccc(NC(=O)c3cccc(C4CC4)c3)c2)ccn1,625.0,6.204119982655925,1,386.45500000000015
CC(=O)Nc1cc(Nc2ncccc2-c2ncnc3[nH]cnc23)ccc1Cl,6430.0,5.191789027075778,0,379.81100000000004
CC(=O)Nc1cc(Oc2ccc(NC(=O)Nc3cccc(C(F)(F)F)c3)cc2)ncn1,32.0,7.494850021680094,1,431.3740000000001
CC(=O)Nc1cc(Oc2ccc3c(c2)C[C@@H](C(=O)Nc2cc(CN)cc(C(F)(F)F)c2)CC3)ccn1,7.0,8.154901959985743,1,498.5050000000002
CC(=O)Nc1cc(Oc2ccc3c(c2)nc(Nc2cc(C(F)(F)F)ccc2F)n3C)ccn1,1.0,9.0,1,459.4030000000001
CC(=O)Nc1cc(Oc2ccc3c(c2)nc(Nc2ccc(C(C)(C)C)cc2)n3C)ccn1,9.0,8.045757490560675,1,429.52400000000017
CC(=O)Nc1cc(Oc2ccc3c(c2)nc(Nc2ccc(C(C)C)cc2)n3C)ccn1,4.0,8.397940008672037,1,415.4970000000001
CC(=O)Nc1cc(Oc2ccc3c(c2)nc(Nc2ccc(C(F)(F)F)cc2)n3C)ccn1,4.0,8.397940008672037,1,441.41300000000007
CC(=O)Nc1cc(Oc2ccc3c(c2)nc(Nc2ccc(OC(F)(F)F)cc2)n3C)ccn1,1.0,9.0,1,457.4120000000001
CC(=O)Nc1cc(Oc2ccc3c(c2)nc(Nc2cccc(C(C)(C)C)c2)n3C)ccn1,16.666666666666668,7.778151250383644,1,429.52400000000017
CC(=O)Nc1cc(Oc2ccc3c(c2)nc(Nc2cccc(C(C)C)c2)n3C)ccn1,0.4,9.397940008672037,1,415.4970000000001
CC(=O)Nc1cc(Oc2ccc3c(c2)nc(Nc2cccc(C(F)(F)F)c2)n3C)ccn1,3.0,8.522878745280337,1,441.41300000000007
CC(=O)Nc1cc(Oc2ccc3c(c2)nc(Nc2cccc(OC(F)(F)F)c2)n3C)ccn1,0.4,9.397940008672037,1,457.4120000000001
CC(=O)Nc1ccc(-c2ccc3ncnc(Nc4cccc5[nH]ncc45)c3c2)cc1,382.85,6.416971348570042,1,394.4380000000001
CC(=O)Nc1ccc(NC(=O)c2cc(NC(=O)c3cccc(C(C)(C)C#N)c3)ccc2C)cn1,16.0,7.795880017344075,1,455.5180000000002
CC(=O)Nc1ccc(Nc2ncc3cc(-c4ccncc4)ccc3n2)cc1,150.4025,6.822744944813651,1,355.40100000000007
CC(=O)Nc1ccc(Oc2cncc(Nc3cccc(-c4cnco4)c3)n2)c2ccccc12,310.0,6.508638306165727,1,437.4590000000002
CC(=O)Nc1ccc(S(=O)(=O)Nc2cc(Sc3ncn[nH]3)c(O)c3ccccc23)cc1,140.0,6.853871964321762,1,455.52100000000013
CC(=O)Nc1cccc(-c2cncc(NCCCc3ccccc3)n2)c1,66500.0,4.1771783546968955,0,346.43399999999997
CC(=O)Nc1cccc(-c2cncc(NCCOc3ccccc3)n2)c1,49000.0,4.309803919971486,0,348.406
CC(=O)Nc1cccc(-c2cncc(NCCc3ccccc3)n2)c1,45000.0,4.346787486224656,0,332.407
CC(=O)Nc1cccc(-c2cncc(NCc3cc(C)[nH]n3)n2)c1,16000.0,4.795880017344075,0,322.372
CC(=O)Nc1cccc(-c2cncc(NCc3cc(C)on3)n2)c1,21100.0,4.675717544702307,0,323.35600000000005
CC(=O)Nc1cccc(-c2cncc(NCc3ccc(F)c(Cl)c3)n2)c1,63000.0,4.200659450546418,0,370.815
CC(=O)Nc1cccc(-c2cncc(NCc3ccc4c(c3)OCCO4)n2)c1,34000.0,4.468521082957745,0,376.41600000000017
CC(=O)Nc1cccc(-c2cncc(NCc3ccc4c(c3)OCO4)n2)c1,3800.0,5.42021640338319,0,362.3890000000001
CC(=O)Nc1cccc(-c2cncc(NCc3cccc(F)c3)n2)c1,8000.0,5.096910013008056,0,336.37
CC(=O)Nc1cccc(-c2cncc(NCc3ccccc3)n2)c1,18000.0,4.7447274948966935,0,318.38
CC(=O)Nc1cccc(-c2cncc(NCc3ccccn3)n2)c1,100000.0,4.0,0,319.368
CC(=O)Nc1cccc(-c2cncc(NCc3ccoc3)n2)c1,33000.0,4.481486060122113,0,308.341
CC(=O)Nc1cccc(-c2cncc(NN(C)c3ccccc3)n2)c1,74800.0,4.126098402135539,0,333.39500000000004
CC(=O)Nc1cccc(-c2cncc(Nc3cc(Cl)nc(Cl)c3)n2)c1,950.0,6.022276394711152,1,374.23100000000005
CC(=O)Nc1cccc(-c2cncc(Nc3ccc(F)c(Cl)c3)n2)c1,100000.0,4.0,0,356.78800000000007
CC(=O)Nc1cccc(-c2cncc(Nc3ccc(N4CCOCC4)cc3)n2)c1,6150.0,5.211124884224583,0,389.45900000000023
CC(=O)Nc1cccc(-c2cncc(Nc3ccc(OC(F)(F)F)cc3)n2)c1,44600.0,4.350665141287858,0,388.34900000000005
CC(=O)Nc1cccc(-c2cncc(Nc3ccc(S(=O)(=O)N4CCOCC4)cc3)n2)c1,8550.0,5.068033885271827,0,453.5240000000003
CC(=O)Nc1cccc(-c2cncc(Nc3ccc4c(c3)C(=O)OC4)n2)c1,615.0,6.211124884224583,1,360.37300000000016
CC(=O)Nc1cccc(-c2cncc(Nc3ccc4c(c3)OC(F)(F)C(F)(F)O4)n2)c1,39000.0,4.4089353929735005,0,434.3490000000001
CC(=O)Nc1cccc(-c2cncc(Nc3ccc4c(c3)OC(F)(F)O4)n2)c1,37000.0,4.431798275933005,0,384.3420000000001
CC(=O)Nc1cccc(-c2cncc(Nc3ccc4c(c3)OCCCO4)n2)c1,3900.0,5.4089353929735005,0,376.4160000000002
CC(=O)Nc1cccc(-c2cncc(Nc3ccc4c(c3)OCCO4)n2)c1,4200.0,5.376750709602099,0,362.3890000000002
CC(=O)Nc1cccc(-c2cncc(Nc3ccc4c(c3)OCO4)n2)c1,5016.0,5.29964247217734,0,348.36200000000014
CC(=O)Nc1cccc(-c2cncc(Nc3cccc(-c4cnco4)c3)n2)c1,22895.0,4.640259352136284,0,371.4000000000001
CC(=O)Nc1cccc(-c2cncc(Nc3cccc(Cl)c3)n2)c1,5100.0,5.292429823902063,0,338.79800000000006
CC(=O)Nc1cccc(-c2cncc(Nc3cccc(O)c3)n2)c1,14000.0,4.853871964321762,0,320.35200000000003
CC(=O)Nc1cccc(-c2cncc(Nc3cccc(OCCN)c3)n2)c1,4500.0,5.346787486224656,0,363.42100000000016
CC(=O)Nc1cccc(-c2cncc(Nc3cccc4c3OC(F)(F)C(F)(F)O4)n2)c1,100000.0,4.0,0,434.3490000000001
CC(=O)Nc1cccc(-c2cncc(Nc3ccccc3)n2)c1,9950.0,5.002176919254275,0,304.353
CC(=O)Nc1cccc(-c2cncc(Nc3nc(C(C)(C)C)cs3)n2)c1,20000.0,4.698970004336019,0,367.47800000000007
CC(=O)Nc1cccc(-c2nc(NC3CC3)nc3sc(C(N)=O)c(N)c23)c1,2790.0,5.554395796726403,0,382.4490000000001
CC(=O)Nc1cccc(Cn2c(=O)oc3cc(OC(=O)N(C)C)ccc3c2=O)c1,10000.0,5.0,0,397.3870000000001
CC(=O)Nc1cccc2c(Oc3cncc(Nc4ccc5c(c4)C(=O)OC5)n3)cccc12,2500.0,5.6020599913279625,0,426.4320000000002
CC(=O)Nc1cccc2c(Oc3cncc(Nc4cccc(-c5cnco5)c4)n3)cccc12,650.0,6.187086643357144,1,437.4590000000001
CC(=O)Nc1cn2cc(-c3cc(NC(=O)c4cc(C(F)(F)F)ccn4)ccc3C)ccc2n1,0.9,9.045757490560675,1,453.4240000000001
CC(=O)Nc1cn2cc(-c3cc(NC(=O)c4cc(N5CCN(C)C[C@@H]5C)cc(C(F)(F)F)c4)ccc3C)ccc2n1,3.0,8.522878745280337,1,564.6120000000002
CC(=O)Nc1cn2cc(-c3cc(NC(=O)c4ccc(CN5CCN(C)CC5)c(C(F)(F)F)c4)ccc3C)ccc2n1,5.0,8.301029995663981,1,564.6120000000002
CC(=O)Nc1cn2cc(-c3cc(NC(=O)c4cccc(C(C)(C)C)c4)ccc3C)ccc2n1,0.3,9.522878745280337,1,440.5470000000002
CC(=O)Nc1cn2cc(-c3cc(NC(=O)c4cccc(C(F)(F)F)c4)ccc3C)ccc2n1,0.2,9.698970004336019,1,452.4360000000001
CC(=O)Nc1cn2cc(-c3cc(NC(=O)c4cccc(C(F)(F)F)n4)ccc3C)ccc2n1,6.0,8.221848749616356,1,453.4240000000001
CC(=O)Nc1cn2cc(-c3cc(NC(=O)c4cccc(Cl)c4)ccc3C)ccc2n1,0.3,9.522878745280337,1,418.8840000000001
CC(=O)Nc1cn2cc(-c3cc(NC(=O)c4ccccc4)ccc3C)ccc2n1,61.0,7.214670164989233,1,384.4390000000001
CC(=O)Nc1cncc(C2=NN(C(=O)c3ccc(-c4ccccn4)s3)C(c3ccccc3O)C2)c1,33.0,7.481486060122112,1,483.5530000000001
CC(=O)Nc1nc2ccc(N(C)c3ccc(F)c(NC(=O)c4cccc(OC(C)(C)C#N)c4)c3)nc2s1,26.5,7.576754126063192,1,518.5740000000002
CC(=O)Nc1nc2ccc(N(C)c3ccc(F)c(NC(=O)c4cccc(OC(C)(C)C#N)c4Cl)c3)nc2s1,33.5,7.474955192963154,1,553.0190000000002
CC(=O)Nc1nc2cnc(Nc3cc(NC(=O)c4cccc(C5(C#N)CC5)c4Cl)ccc3C)nc2s1,105.5,6.976747540366288,1,518.0020000000003
CC(=O)Nc1nc2cnc(Nc3cc(NC(=O)c4cccc(CC(C)(C)C#N)c4)ccc3C)nc2s1,125.0,6.903089986991944,1,499.6000000000003
CC(=O)Nc1nc2cnc(Nc3cc(NC(=O)c4cccc(CCC#N)c4)ccc3C)nc2s1,275.5,6.559878396812196,1,471.5460000000003
CC(=O)Nc1nc2cnc(Nc3cc(NC(=O)c4cccc(OC(C)(C)C#N)c4)ccc3C)nc2s1,80.5,7.094204119632131,1,501.5720000000003
CC(=O)Nc1nccc(-c2sc(CCCN)nc2-c2cccc(NS(=O)(=O)c3cc(F)ccc3F)c2F)n1,7.6,8.119186407719209,1,562.5990000000002
CC(=O)c1c(C)nn2c3ccccc3n(CCN3CCOCC3)c12,100000.0,4.0,0,326.4000000000002
CC(=O)c1ccc(N2CCN(C(=O)CN3CC[C@@H](C(=O)Nc4ccc(O)c(Cl)c4)C3)CC2)cc1,30000.0,4.522878745280337,0,484.98400000000015
CC(=O)c1ccc(Nc2ccnc(SCC(=O)c3ccc(-c4ccccc4)cc3)n2)cc1,1050.0,5.978810700930062,0,439.5400000000001
CC(=O)c1ccc(Nc2ccnc(SCC(=O)c3ccc(Cl)cc3)n2)cc1,640.0,6.1938200260161125,1,397.887
CC(=O)c1ccc(Nc2nccc3c(NC(=O)c4csc5c(N)ncnc45)c(C)ccc23)cc1,8.5,8.070581074285707,1,468.5420000000002
CC(=O)n1nc(C)c(-c2ccc(Cl)c(Cl)c2)c1N,100000.0,4.0,0,284.146
CC(C#N)CNc1nccc(-c2nc(C3CC3)[nH]c2-c2cccc(NS(C)(=O)=O)c2Cl)n1,11.0,7.958607314841775,1,471.9740000000001
CC(C)(C#N)Oc1cccc(C(=O)Nc2cc(Nc3ccc4nc(NC(=O)C5CC5)sc4n3)ccc2F)c1Cl,51.0,7.292429823902063,1,565.0300000000002
CC(C)(C#N)c1cc(C(=O)Nc2c[nH]c(=O)c(-c3ccnc(N4CCOCC4)c3)c2)ccn1,18596.398571428574,4.730571154276588,0,444.49500000000023
CC(C)(C#N)c1cccc(C(=O)N[C@@H]2[C@H]3Oc4ccc(Oc5ccnc6c5CCC(=O)N6)cc4[C@@H]23)c1,4.1,8.387216143280265,1,480.5240000000003
CC(C)(C#N)c1cccc(C(=O)Nc2ccc(F)c(C(=O)Nc3cnc4[nH]ccc4c3)c2F)c1,223.4,6.650916831220409,1,459.4560000000001
CC(C)(C#N)c1cccc(C(=O)Nc2ccc(F)c(C(=O)Nc3cnc4[nH]nc(C5CC5)c4c3)c2F)c1,261.5,6.582528306796707,1,500.5090000000002
CC(C)(C#N)c1cccc(C(=O)Nc2ccc(F)c(C(=O)Nc3cnc4[nH]ncc4c3)c2F)c1,216.75,6.664040893851752,1,460.4440000000001
CC(C)(C#N)c1cccc(C(=O)Nc2ccc(F)c(C(=O)c3c[nH]c4ncc(Cl)cc34)c2F)c1,52.0,7.2839966563652006,1,478.88600000000014
CC(C)(C#N)c1cccc(C(=O)Nc2cccc(Nc3ccnc(NC(=O)C4CC4)c3)c2)c1,257.0,6.590066876668706,1,439.5190000000002
CC(C)(C#N)c1cccc(C(=O)Nc2cccc(Nc3ncnc4c(N)ncnc34)c2)c1,30.0,7.522878745280337,1,424.46800000000013
CC(C)(C#N)c1cccc(C(=O)Nc2cccc(Oc3ccc4nc(NC(=O)C5CC5)sc4c3C#N)c2)c1,23.5,7.628932137728263,1,521.6020000000003
CC(C)(C#N)c1cccc(C(=O)Nc2cccc(Oc3ccc4nc(NC(=O)C5CC5)sc4c3C(=O)O)c2)c1,290.0,6.5376020021010435,1,540.6010000000003
CC(C)(C#N)c1cccc(C(=O)Nc2cccc(Oc3ccc4nc(NC(=O)C5CC5)sc4c3CO)c2)c1,97.0,7.013228265733755,1,526.6180000000003
CC(C)(C#N)c1cccc(C(=O)Nc2cccc(Oc3ccc4nc(NC(=O)C5CC5)sc4c3[N+](=O)[O-])c2)c1,27.0,7.568636235841013,1,541.5890000000003
CC(C)(C#N)c1cccc(NC(=O)c2ccc(F)c(Nc3ncnc4cnc(N5CCOCC5)nc34)c2)c1,4.0,8.397940008672037,1,512.5490000000003
CC(C)(C#N)c1cccc(NC(=O)c2ccc(F)c(Nc3ncnc4cnc(NC5CCOC5)nc34)c2)c1,1.0,9.0,1,512.5490000000002
CC(C)(C(=O)NCCn1ccc2ncnc(Nc3ccc(Oc4cccc(Cl)c4)c(Cl)c3)c21)S(C)(=O)=O.Cc1ccc(S(=O)(=O)O)cc1,10000.0,5.0,0,734.6840000000002
CC(C)(C)C(=O)Nc1cc(Nc2cccc(NC(=O)c3cccc(C4CC4)c3)c2)ccn1,1030.0,5.987162775294828,0,428.53600000000023
CC(C)(C)CNC(=O)N[C@@H]1[C@H]2Oc3ccc(Oc4ccnc5c4CCC(=O)N5)cc3[C@@H]12,3000.0,5.522878745280337,0,422.4850000000002
CC(C)(C)CS(=O)(=O)Nc1ccc(F)c(Nc2ncccc2-c2ncnc3[nH]cnc23)c1F,24.666666666666668,7.607889534988686,1,473.5090000000002
CC(C)(C)N1CCN(Cc2ccc3cc(C(=O)Nc4cc(NC(=O)c5ccc6c(c5)OCCO6)ccc4Cl)ccc3n2)CC1,10000.0,5.0,0,614.1460000000002
CC(C)(C)NC(=O)NCCNc1nccc(-c2[nH]c(C3CC3)nc2-c2ccccc2Cl)n1,83.0,7.080921907623926,1,453.97800000000024
CC(C)(C)NC(=O)N[C@@H]1[C@H]2Oc3ccc(Oc4ccnc5c4CCC(=O)N5)cc3[C@@H]12,4500.0,5.346787486224656,0,408.4580000000002
CC(C)(C)NC(=O)Nc1cccc(-c2csc3c(-c4cccnc4)cnc(N)c23)c1,7940.0,5.100179497572904,0,417.5380000000002
CC(C)(C)NC(c1ccc(Cl)cc1)c1ccc(-c2cn[nH]c2)cc1,880.0,6.055517327849832,1,339.87
CC(C)(C)NS(=O)(=O)c1cncc(-c2ccn3nc(N)nc3c2)c1,10000.0,5.0,0,346.4160000000001
CC(C)(C)OC(=O)N1CCC(CN2C(=O)c3ccccc3C2(O)c2ccc3c(c2)NC(=O)CO3)CC1,10000.0,5.0,0,493.5600000000003
CC(C)(C)OC(=O)N1CCC(COC(=O)Nc2nc3cc(C4(O)c5ccccc5C(=O)N4Cc4ccccc4)ccc3[nH]2)CC1,100.0,7.0,1,611.6990000000001
CC(C)(C)OC(=O)N1CCCN(CCNc2nccc(-c3c(-c4cccc(O)c4)nc4sccn34)n2)S1(=O)=O,10.39,7.983384452442823,1,571.6850000000002
CC(C)(C)OC(=O)Nc1cc(Oc2ccc3nc(NC(=O)C4CC4)sc3n2)ccc1F,2000.0,5.698970004336019,0,444.48800000000017
CC(C)(C)OC(=O)[C@H]1CCCN1C(=O)N1C2CCC1CC(c1ccnc3c(-c4cccc5[nH]ncc45)c(-c4ccncc4)nn13)C2,39.4,7.404503778174426,1,618.742
CC(C)(C)OC(=O)c1cc(OC2CCC(NC(=O)Nc3ccc(Cl)c(C(F)(F)F)c3)CC2)ccn1,10000.0,5.0,0,513.9440000000001
CC(C)(C)c1c[nH]c(C2COc3ccc(Oc4ccnc5c4CCC(=O)N5)cc3C2)n1,52.0,7.2839966563652006,1,418.4970000000002
CC(C)(C)c1cc(C(=O)Nc2cccc(Oc3cccc4[nH]c(=O)[nH]c34)c2)n(-c2ccccc2)n1,6987.0,5.155709256745657,0,467.5290000000001
CC(C)(C)c1cc(C(=O)Nc2cccc(Oc3cccc4[nH]c(=O)[nH]c34)c2)n(Cc2ccccc2)n1,100000.0,4.0,0,481.55600000000015
CC(C)(C)c1cc(NC(=O)Nc2ccc(Nc3ncnc4c3OCCCN4)cc2)no1,957.0,6.019088062223156,1,423.47700000000026
CC(C)(C)c1cc(NC(=O)Nc2ccc(Oc3ccnc4[nH]c(=O)[nH]c34)c3ccccc23)n(-c2ccc(F)cc2)n1,221.5,6.654626269440912,1,551.5820000000002
CC(C)(C)c1cc(NC(=O)Nc2ccc(Oc3ccnc4[nH]c(=O)[nH]c34)c3ccccc23)n(-c2ccccc2)n1,272.5,6.564633493387339,1,533.5920000000002
CC(C)(C)c1cc(NC(=O)Nc2ccc(Oc3ccnc4[nH]c(=O)[nH]c34)cc2)n(-c2ccc(Cl)cc2)n1,245.0,6.610833915635467,1,517.9770000000001
CC(C)(C)c1cc(NC(=O)Nc2ccc(Oc3ccnc4[nH]c(=O)[nH]c34)cc2)n(-c2ccc(F)cc2)n1,267.5,6.572676213642753,1,501.52200000000016
CC(C)(C)c1cc(NC(=O)Nc2ccc(Oc3ccnc4[nH]c(=O)[nH]c34)cc2)n(-c2ccc(F)cc2F)n1,647.0,6.189095719331299,1,519.5120000000002
CC(C)(C)c1cc(NC(=O)Nc2ccc(Oc3ccnc4[nH]c(=O)[nH]c34)cc2)n(-c2ccccc2)n1,357.0,6.447331783887806,1,483.53200000000015
CC(C)(C)c1cc(NC(=O)Nc2ccc(Oc3ccnc4[nH]c(=O)[nH]c34)cc2)n(-c2ccccn2)n1,3305.0,5.480828536178341,0,484.52000000000015
CC(C)(C)c1cc(NC(=O)Nc2ccc(Oc3ccnc4[nH]c(=O)[nH]c34)cc2)n(C(C)(C)C)n1,17095.0,4.767130894867386,0,463.5420000000002
CC(C)(C)c1cc(NC(=O)Nc2ccc(Oc3ccnc4[nH]c(=O)[nH]c34)cc2)n(Cc2ccccc2)n1,6773.5,5.169186864859286,0,497.5590000000002
CC(C)(C)c1cc(NC(=O)Nc2ccc(Oc3ccnc4[nH]c(=O)[nH]c34)cc2F)n(-c2ccccc2)n1,105.0,6.978810700930062,1,501.52200000000016
CC(C)(C)c1cc(NC(=O)Nc2ccc(Oc3ccnc4[nH]c(=O)c(=O)[nH]c34)cc2F)n(-c2ccccc2)n1,231.5,6.635449004646028,1,529.5320000000002
CC(C)(C)c1cc(NC(=O)Nc2ccc(Oc3ccnc4[nH]c(=O)c(N)nc34)c3ccccc23)n(-c2ccccc2)n1,46.0,7.337242168318426,1,560.6180000000003
CC(C)(C)c1cc(NC(=O)Nc2ccc(Oc3ccnc4[nH]c(=O)cnc34)c3ccccc23)n(-c2ccccc2)n1,42.5,7.371611069949688,1,545.6030000000002
CC(C)(C)c1cc(NC(=O)Nc2ccc(Oc3ccnc4[nH]c(=O)cnc34)cc2F)n(-c2cccc(C(F)(F)F)c2)n1,74.5,7.127843727251707,1,581.5300000000003
CC(C)(C)c1cc(NC(=O)Nc2ccc(Oc3ccnc4[nH]c(=O)cnc34)cc2F)n(-c2cccc(F)c2)n1,40.0,7.3979400086720375,1,531.5230000000001
CC(C)(C)c1cc(NC(=O)Nc2ccc(Oc3ccnc4[nH]c(=O)cnc34)cc2F)n(-c2ccccc2)n1,46.25,7.334888262924949,1,513.5330000000001
CC(C)(C)c1cc(NC(=O)Nc2ccc(Oc3ccnc4[nH]c(=O)cnc34)cc2F)n(-c2ccnc(O)c2)n1,420.0,6.376750709602099,1,530.5200000000002
CC(C)(C)c1cc(NC(=O)Nc2ccc(Oc3ccnc4nc(N)c(=O)[nH]c34)c3ccccc23)n(-c2ccccc2)n1,220.5,6.656591406196142,1,560.6180000000003
CC(C)(C)c1cc(NC(=O)Nc2ccc(Oc3ccnc4nc(N5CCOCC5)cnc34)cc2F)n(-c2ccccc2)n1,4475.0,5.349206960348069,0,582.6400000000003
CC(C)(C)c1cc(NC(=O)Nc2ccc(Oc3ccnc4ncc(=O)[nH]c34)c3ccccc23)n(-c2ccccc2)n1,156.0,6.806875401645538,1,545.6030000000002
CC(C)(C)c1cc(NC(=O)Nc2ccc(Oc3ccnc4ncc(=O)[nH]c34)cc2F)n(-c2ccccc2)n1,795.0,6.0996328713435295,1,513.5330000000001
CC(C)(C)c1cc(NC(=O)Nc2ccc(Sc3ccnc4[nH]c(=O)[nH]c34)cc2)n(-c2ccccc2)n1,142.5,6.846185135655471,1,499.60000000000014
CC(C)(C)c1cc(NC(=O)Nc2cccc(Cl)c2Cl)n(-c2cccc(CC(N)=O)c2)n1,17.0,7.769551078621726,1,460.3650000000002
CC(C)(C)c1cc(NC(=O)Nc2cccc(Oc3cccc4[nH]c(=O)[nH]c34)c2)n(-c2ccc(F)cc2)n1,1041.5,5.982340725716235,0,500.53400000000016
CC(C)(C)c1cc(NC(=O)Nc2cccc(Oc3cccc4[nH]c(=O)[nH]c34)c2)n(-c2ccccc2)n1,1519.6666666666667,5.8182516625177,0,482.54400000000015
CC(C)(C)c1cc(NC(=O)Nc2cccc(Oc3ccnc4[nH]c(=O)cnc34)c2)n(-c2ccccc2)n1,169.0,6.772113295386326,1,495.5430000000002
CC(C)(C)c1cc(NC(=O)Nc2cccc(Oc3ccnc4ncc(=O)[nH]c34)c2)n(-c2ccccc2)n1,1170.0,5.931814138253839,0,495.5430000000002
CC(C)(C)c1cc(NC(=O)c2ccc(C(F)(F)F)c(Nc3ncnc4cnc(N5CCCC5)nc34)c2)no1,1000.0,6.0,1,526.5230000000003
CC(C)(C)c1cc(NC(=O)c2ccc(C(F)(F)F)c(Nc3ncnc4cnc(N5CCCCC5)nc34)c2)no1,2242.0,5.649364391741045,0,540.5500000000003
CC(C)(C)c1cc(NC(=O)c2ccc(C(F)(F)F)c(Nc3ncnc4cnc(N5CCCCCC5)nc34)c2)no1,1827.0,5.738261452647462,0,554.5770000000003
CC(C)(C)c1cc(NC(=O)c2ccc(C(F)(F)F)c(Nc3ncnc4cnc(N5CCOCC5)nc34)c2)no1,13.0,7.886056647693163,1,542.5220000000003
CC(C)(C)c1cc(NC(=O)c2ccc(C(F)(F)F)c(Nc3ncnc4cnc(NCCCN5CCOCC5)nc34)c2)no1,546.0,6.262807357295263,1,599.618
CC(C)(C)c1cc(NC(=O)c2ccc(C(F)(F)F)c(Nc3ncnc4cnc(NCCN5CCOCC5)nc34)c2)no1,1139.0,5.9434762759209,0,585.5910000000001
CC(C)(C)c1cc(NC(=O)c2ccc(Cl)c(Nc3ncnc4cnc(N5CCCC5)nc34)c2)no1,11.0,7.958607314841775,1,492.97100000000034
CC(C)(C)c1cc(NC(=O)c2ccc(Cl)c(Nc3ncnc4cnc(N5CCCCC5)nc34)c2)no1,4.0,8.397940008672037,1,506.9980000000004
CC(C)(C)c1cc(NC(=O)c2ccc(Cl)c(Nc3ncnc4cnc(N5CCCCCC5)nc34)c2)no1,8.0,8.096910013008056,1,521.0250000000004
CC(C)(C)c1cc(NC(=O)c2ccc(Cl)c(Nc3ncnc4cnc(N5CCOCC5)nc34)c2)no1,1.0,9.0,1,508.97000000000037
CC(C)(C)c1cc(NC(=O)c2ccc(Cl)c(Nc3ncnc4cnc(NCCCN5CCOCC5)nc34)c2)no1,1.0,9.0,1,566.0660000000004
CC(C)(C)c1cc(NC(=O)c2ccc(Cl)c(Nc3ncnc4cnc(NCCN5CCOCC5)nc34)c2)no1,2.0,8.698970004336019,1,552.0390000000004
CC(C)(C)c1cc(NC(=O)c2ccc(F)c(Nc3ncnc4cnc(N5CCCC5)nc34)c2)no1,5.0,8.301029995663981,1,476.5160000000003
CC(C)(C)c1cc(NC(=O)c2ccc(F)c(Nc3ncnc4cnc(N5CCCCC5)nc34)c2)no1,5.0,8.301029995663981,1,490.54300000000035
CC(C)(C)c1cc(NC(=O)c2ccc(F)c(Nc3ncnc4cnc(N5CCCCCC5)nc34)c2)no1,7.0,8.154901959985743,1,504.5700000000004
CC(C)(C)c1cc(NC(=O)c2ccc(F)c(Nc3ncnc4cnc(N5CCN(CC6CC6)CC5)nc34)c2)no1,4.0,8.397940008672037,1,545.6230000000004
CC(C)(C)c1cc(NC(=O)c2ccc(F)c(Nc3ncnc4cnc(N5CCOCC5)nc34)c2)[nH]n1,1.0,9.0,1,491.5310000000003
CC(C)(C)c1cc(NC(=O)c2ccc(F)c(Nc3ncnc4cnc(N5CCOCC5)nc34)c2)no1,4.0,8.397940008672037,1,492.5150000000003
CC(C)(C)c1cc(NC(=O)c2ccc(F)c(Nc3ncnc4cnc(NC5CCOC5)nc34)c2)[nH]n1,3.0,8.522878745280337,1,491.53100000000023
CC(C)(C)c1cc(NC(=O)c2ccc(F)c(Nc3ncnc4cnc(NC5CCOC5)nc34)c2)no1,3.0,8.522878745280337,1,492.51500000000027
CC(C)(C)c1cc(NC(=O)c2ccc(F)c(Nc3ncnc4cnc(NCCN5CCOCC5)nc34)c2)no1,1.0,9.0,1,535.5840000000004
CC(C)(C)c1cc(NC(=O)c2cccc(Oc3cccc4[nH]c(=O)[nH]c34)c2)n(-c2ccccc2)n1,845.3333333333334,6.072972005509968,1,467.5290000000001
CC(C)(C)c1cc(NC(=O)c2cccc(Oc3ccnc4[nH]c(=O)cnc34)c2)n(-c2ccccc2)n1,2935.0,5.532391894416366,0,480.52800000000013
CC(C)(C)c1ccc(C(=O)Nc2cn3cc(-n4ccnc4)ccc3n2)cc1,10000.0,5.0,0,359.43300000000005
CC(C)(C)c1ccc(NC(=O)N[C@@H]2[C@H]3Oc4ccc(Oc5ccnc6c5CCC(=O)N6)cc4[C@@H]23)cc1,16000.0,4.795880017344075,0,484.55600000000027
CC(C)(C)c1ccc(S(=O)(=O)Nc2ccc(F)c(C(=O)c3c[nH]c4ncncc34)c2F)cc1,10000.0,5.0,0,470.50100000000015
CC(C)(C)c1ccc2nc(C3C4Oc5ccc(Oc6ccnc7c6CCC(=O)N7)cc5C43)[nH]c2c1,33.0,7.481486060122112,1,466.5410000000002
CC(C)(C)c1cccc(C(=O)Nc2cccc(Nc3ccnc(NC(=O)C4CC4)c3)c2)c1,130.0,6.886056647693163,1,428.5360000000002
CC(C)(C)c1cccc(C(=O)Nc2cccc(Oc3cccc4[nH]c(=O)[nH]c34)c2)c1,1758.5,5.754857627347039,0,401.46600000000007
CC(C)(C)c1cccc(C(=O)Nc2cccc(Oc3ccnc4[nH]c(=O)cnc34)c2)c1,428.5,6.368049173740783,1,414.4650000000001
CC(C)(C)c1cccc(C(=O)Nc2cccc(Oc3ccnc4ncc(=O)[nH]c34)c2)c1,1767.0,5.7527634504932355,0,414.4650000000001
CC(C)(C)c1cccc(NC(=O)Nc2ccc(Oc3ccnc4[nH]c(=O)[nH]c34)c3ccccc23)c1,9689.5,5.013698632943404,0,467.52900000000017
CC(C)(C)c1cccc(NC(=O)Nc2cccc(Oc3cccc4[nH]c(=O)[nH]c34)c2)c1,5247.5,5.280047552745562,0,416.4810000000001
CC(C)(C)c1cccc(Nc2nc3cc(Oc4ccnc(C(N)=O)c4)ccc3s2)c1,2.0,8.698970004336019,1,418.5220000000001
CC(C)(C)c1csc(NC(=O)Nc2ccc(Oc3ccnc4[nH]c(=O)[nH]c34)cc2)n1,7800.0,5.107905397309519,0,424.4860000000001
CC(C)(C)c1nc(-c2cc(Cl)cc(NS(=O)(=O)c3cc(F)ccc3F)c2F)c(-c2ccnc(N)n2)s1,3.6,8.443697499232712,1,554.0190000000002
CC(C)(C)c1nc(-c2ccc(Cl)c(O)c2)c(-c2ccncc2)[nH]1,12.0,7.920818753952375,1,327.815
CC(C)(C)c1nc(-c2ccc(F)c(NS(=O)(=O)c3c(F)cccc3F)c2)c(-c2ccnc(NCCS(C)(=O)=O)n2)s1,12.0,7.920818753952375,1,625.7200000000001
CC(C)(C)c1nc(-c2ccc(F)cc2)c(-c2ccncc2)[nH]1,900.0,6.045757490560675,1,295.361
CC(C)(C)c1nc(-c2cccc(NS(=O)(=O)c3c(F)cccc3F)c2F)c(-c2ccnc(N)n2)s1,3.113255555555556,8.506785228237419,1,519.5740000000002
CC(C)(C)c1nc(-c2cccc(NS(=O)(=O)c3c(F)cccc3F)c2F)c(-c2ccnc(NCCCCCCC(=O)NO)n2)s1,2.473333333333333,8.606717349440636,1,662.76
CC(C)(C)c1nc(-c2cccc(NS(=O)(=O)c3cc(F)ccc3F)c2)c(-c2ccnc(N)n2)s1,7.7357499999999995,8.111497574004536,1,501.5840000000002
CC(C)(C)c1nc(-c2ccnc(N)n2)c(-c2cc(Cl)cc(NS(=O)(=O)c3c(F)cccc3F)c2F)[nH]1,0.13,9.886056647693163,1,536.9670000000001
CC(C)(C)c1nc(-c2ccnc(N)n2)c(-c2cc(Cl)cc(NS(C)(=O)=O)c2F)[nH]1,3.0,8.522878745280337,1,438.91600000000005
CC(C)(C)c1nc(-c2ccnc(N)n2)c(-c2cc(F)cc(NS(=O)(=O)c3c(F)cccc3F)c2Cl)[nH]1,0.26,9.585026652029182,1,536.9670000000001
CC(C)(C)c1nc(-c2ccnc(N)n2)c(-c2cc(F)cc(NS(C)(=O)=O)c2Cl)[nH]1,5.0,8.301029995663981,1,438.91600000000005
CC(C)(C)c1nc(-c2ccnc(N)n2)c(-c2cccc(NS(=O)(=O)c3c(F)cccc3F)c2Cl)[nH]1,0.22,9.657577319177793,1,518.9770000000001
CC(C)(C)c1nc(-c2ccnc(N)n2)c(-c2cccc(NS(C)(=O)=O)c2Cl)[nH]1,55.0,7.259637310505756,1,420.92600000000004
CC(C)(C)c1nc2c(s1)c1nc(N)ncc1c1ccc(NS(=O)(=O)c3c(F)cccc3F)c(F)c12,280.0,6.552841968657781,1,517.5580000000001
CC(C)(C)n1c(N)nc2cc(C3(O)c4ccccc4C(=O)N3Cc3ccccc3)ccc21,10000.0,5.0,0,426.5200000000002
CC(C)(CN)c1nc(-c2ccc(Cl)c(O)c2)c(-c2ccncc2)[nH]1,6.0,8.221848749616356,1,342.83000000000004
CC(C)(CN1CCCCC1)C(=O)Nc1nc2ccc(C3(O)c4ccccc4C(=O)N3Cc3ccccc3)cc2[nH]1,1000.0,6.0,1,537.6640000000002
CC(C)(CNC(=O)Nc1ccc(Cl)cc1)c1nc(-c2ccc(Cl)c(O)c2)c(-c2ccncc2)[nH]1,13.0,7.886056647693163,1,496.3980000000002
CC(C)(CNS(C)(=O)=O)c1nc(-c2ccc(Cl)c(O)c2)c(-c2ccncc2)[nH]1,14.0,7.853871964321762,1,420.9220000000001
CC(C)(CO)COC(=O)Nc1nc2cc(C3(O)c4ccccc4C(=O)N3Cc3ccccc3)ccc2[nH]1,100.0,7.0,1,500.5550000000002
CC(C)(CO)Nc1nc(-c2cc(O)cc(Cl)c2)c2c(N)c(C(N)=O)sc2n1,53.0,7.275724130399211,1,407.8830000000002
CC(C)(CO)Nc1nc(-c2ccc(Cl)c(Cl)c2)c2c(N)c(C(N)=O)sc2n1,4876.0,5.311936303053655,0,426.3290000000002
CC(C)(CO)Nc1nc(-c2cccc(NC(=O)Nc3ccc(C(F)(F)F)cc3)c2)c2c(N)c(C(N)=O)sc2n1,777.0,6.1095789811990855,1,559.5740000000002
CC(C)(CO)Nc1nc(-c2cccc(O)c2F)c2c(N)c(C(N)=O)sc2n1,168.5,6.773400094792643,1,391.42800000000017
CC(C)(COCc1ccccc1)COC(=O)Nc1nc2cc(C3(O)c4ccccc4C(=O)N3Cc3ccccc3)ccc2[nH]1,100.0,7.0,1,590.6800000000003
CC(C)(N)C(=O)NCCn1ccc2ncnc(Nc3ccc(Oc4cccc5sncc45)c(Cl)c3)c21,10000.0,5.0,0,522.0340000000002
CC(C)(N)c1cc(C(=O)NC2CCc3ccc(Oc4ccnc5c4CCC(=O)N5)cc3C2)cc(C(F)(F)F)c1,157.0,6.804100347590766,1,538.5700000000003
CC(C)(N)c1cc(C(=O)N[C@@H]2CCc3ccc(Oc4ccnc5c4CCC(=O)N5)cc3C2)cc(C(F)(F)F)c1,13.3,7.876148359032914,1,538.5700000000003
CC(C)(N)c1cc(C(=O)N[C@@H]2[C@H]3Oc4ccc(Oc5ccnc6c5CCC(=O)N6)cc4[C@@H]23)cc(C(F)(F)F)c1,0.71,9.148741651280925,1,538.5260000000003
CC(C)(N)c1cc(NC(=O)N[C@@H]2[C@H]3Oc4ccc(Oc5ccnc6c5CCC(=O)N6)cc4[C@@H]23)cc(C(F)(F)F)c1,7400.0,5.130768280269024,0,553.5410000000004
CC(C)(N)c1cc(NC(=O)[C@H]2CCc3ccc(Oc4ccnc5c4CCC(=O)N5)cc3C2)cc(C(F)(F)F)c1,2.9,8.537602002101044,1,538.5700000000003
CC(C)(O)CC(=O)NCCn1ccc2ncnc(Nc3ccc(Oc4cccc(C(F)(F)F)c4)c(Cl)c3)c21,10000.0,5.0,0,547.9650000000001
CC(C)(O)CNc1cc(Oc2ccc(NC(=O)Nc3cccc(C(F)(F)F)c3)cc2)ncn1,1600.0,5.795880017344075,0,461.4440000000001
CC(C)(O)c1ccc(-c2cnc3[nH]cc(C(=O)c4cccc(NS(=O)(=O)N5CCCC5)c4F)c3c2)cc1,100.0,7.0,1,522.6020000000003
CC(C)(O)c1nc(-c2cnc3[nH]cc(C(=O)c4c(F)ccc(NS(=O)(=O)N5CCCC5)c4F)c3c2)cs1,100.0,7.0,1,547.6090000000004
CC(C)C(=O)Nc1cc(Nc2cccc(NC(=O)c3cccc(C4CC4)c3)c2)ccn1,420.0,6.376750709602099,1,414.5090000000002
CC(C)C(=O)Nc1ccc(-c2nc(-c3cccc(O)c3)c(-c3ccnc(Br)c3)[nH]2)cc1,1840.0,5.735182176990463,0,477.3620000000001
CC(C)C(=O)Nc1nc2ccc(C3(O)c4ccccc4C(=O)N3Cc3ccccc3)cc2[nH]1,100.0,7.0,1,440.5030000000002
CC(C)CC1(C)OC(c2ccnc(N)n2)=C(c2cc(Cl)cc(NS(=O)(=O)c3c(F)cccc3F)c2F)C1=O,27.0,7.568636235841013,1,566.9890000000001
CC(C)CC1(C)OC(c2ccnc(N)n2)=C(c2cccc(NS(=O)(=O)c3c(F)cccc3F)c2F)C1=O,92.0,7.036212172654444,1,532.5440000000002
CC(C)CC1(C)OC(c2ccnc(NCC3CCCO3)n2)=C(c2cccc(NS(=O)(=O)c3c(F)cccc3F)c2F)C1=O,750.0,6.1249387366083,1,616.6620000000003
CC(C)CC1(C)OC(c2ccnc(NCCC#N)n2)=C(c2cc(Cl)cc(NS(=O)(=O)c3c(F)cccc3F)c2F)C1=O,29.0,7.5376020021010435,1,620.0530000000002
CC(C)CC1(C)OC(c2ccnc(NCCC#N)n2)=C(c2cccc(NS(=O)(=O)c3c(F)cccc3F)c2F)C1=O,9.6,8.017728766960431,1,585.6080000000002
CC(C)CC1(C)OC(c2ccnc(NC[C@H]3CCCN3)n2)=C(c2cccc(NS(=O)(=O)c3c(F)cccc3F)c2F)C1=O,2000.0,5.698970004336019,0,615.6780000000002
CC(C)CC1(C)OC(c2ccnc(NCc3nccs3)n2)=C(c2cccc(NS(=O)(=O)c3c(F)cccc3F)c2F)C1=O,260.0,6.585026652029182,1,629.6860000000003
CC(C)CN(C)S(=O)(=O)Nc1cccc(C(=O)c2c[nH]c3ncc(I)cc23)c1F,100.0,7.0,1,530.3630000000002
CC(C)CN1CCN(c2nc(N)c3ncnc(Nc4ccc(F)c(C(=O)Nc5cc(C(C)(C)C)n[nH]5)c4)c3n2)CC1,2203.0,5.656985502849232,0,561.6700000000001
CC(C)CN1C[C@@H]2C[C@H]1CN2c1cc(F)c(-c2ccnc3c(-c4cccc5[nH]ncc45)c(-c4ccncc4)nn23)c(F)c1,0.32,9.494850021680094,1,576.6550000000001
CC(C)CNc1cc(Oc2ccc(NC(=O)Nc3cccc(C(F)(F)F)c3)cc2)ncn1,1260.0,5.8996294548824375,0,445.44500000000005
CC(C)CNc1nccc(-c2nc(C3CC3)[nH]c2-c2cc(F)cc(NS(C)(=O)=O)c2Cl)n1,5.0,8.301029995663981,1,478.98100000000005
CC(C)CNc1ncnc2[nH]cc(C(=O)c3c(F)ccc(NS(=O)(=O)c4ccc(C(F)(F)F)cc4)c3F)c12,100.0,7.0,1,553.5130000000001
CC(C)COC(=O)Nc1nc2cc(C3(O)c4ccccc4C(=O)N3Cc3ccccc3)ccc2[nH]1,100.0,7.0,1,470.52900000000017
CC(C)COc1ncnc2[nH]cc(C(=O)c3c(F)ccc(NS(=O)(=O)c4ccc(C(F)(F)F)cc4)c3F)c12,100.0,7.0,1,554.4970000000001
CC(C)CS(=O)(=O)Nc1ccc(F)c(C(=O)Nc2cnc3[nH]ccc3c2)c1F,140.0,6.853871964321762,1,408.43000000000006
CC(C)CS(=O)(=O)Nc1ccc(F)c(C(=O)Nc2cnc3[nH]nc(C4CC4)c3c2)c1Cl,10.0,8.0,1,465.9380000000002
CC(C)CS(=O)(=O)Nc1ccc(F)c(C(=O)c2c[nH]c3ncc(-c4cnn(C)c4)cc23)c1F,10.0,8.0,1,473.50500000000017
CC(C)CS(=O)(=O)Nc1ccc(F)c(C(=O)c2c[nH]c3ncncc23)c1F,10000.0,5.0,0,394.4030000000001
CC(C)CS(=O)(=O)Nc1ccc(F)c(Nc2ncccc2-c2ncnc3[nH]cnc23)c1F,13.0,7.886056647693163,1,459.48200000000014
CC(C)CS(=O)(=O)Nc1cccc(C(=O)c2c[nH]c3ncncc23)c1F,10000.0,5.0,0,376.41300000000007
CC(C)Cc1ncnc2[nH]cc(C(=O)c3c(F)ccc(NS(=O)(=O)c4ccc(C(F)(F)F)cc4)c3F)c12,100.0,7.0,1,538.4980000000002
CC(C)N(C)S(=O)(=O)Nc1cccc(C(=O)c2c[nH]c3ncc(-c4cnc(C5CC5)nc4)cc23)c1F,100.0,7.0,1,508.57900000000024
CC(C)N1C(=O)c2ccccc2C1(O)c1ccc2c(c1)NC(=O)CO2,10000.0,5.0,0,338.36300000000006
CC(C)N1C2CCC1CC(c1ccnc3c(-c4cccc5[nH]ncc45)c(-c4ccncc4)nn13)C2,67.0,7.173925197299173,1,463.58900000000017
CC(C)N1CCC(C(=O)Nc2cc(Oc3ccc4c(c3)nc(Nc3cc(C(F)(F)F)ccc3F)n4C)ccn2)CC1,2.0,8.698970004336019,1,570.591
CC(C)N1CCC(C(=O)Nc2cc(Oc3ccc4c(c3)nc(Nc3cccc(C(C)(C)C)c3)n4C)ccn2)CC1,20.0,7.698970004336019,1,540.7120000000001
CC(C)N1CCN(CC(=O)Nc2cc(Oc3ccc4c(c3)nc(Nc3cc(C(F)(F)F)ccc3F)n4C)ccn2)CC1,6.0,8.221848749616356,1,585.606
CC(C)N1CCN(c2ncc3ncnc(Nc4cc(C(=O)Nc5cc(C(C)(C)C)on5)ccc4F)c3n2)CC1,3.0,8.522878745280337,1,533.6120000000002
CC(C)N1C[C@@H]2C[C@H]1CN2c1cc(F)c(-c2ccnc3c(-c4cccc5[nH]ncc45)c(-c4ccncc4)nn23)c(F)c1,0.32,9.494850021680094,1,562.6280000000002
CC(C)NC(=O)c1oc2cnccc2c1Nc1ccc(Cl)c(O)c1,4.0,8.397940008672037,1,345.78600000000006
CC(C)NC(=O)c1oc2cnccc2c1Nc1ccc(Cl)c2[nH]ncc12,2.7,8.568636235841012,1,369.81200000000007
CC(C)NC(=O)c1oc2cnccc2c1Nc1ccc2c(O)cccc2c1,1.4,8.853871964321762,1,361.4010000000001
CC(C)NC(=O)c1oc2cnccc2c1Nc1ccc2c(c1)CN/C2=N\O,5.2,8.2839966563652,1,365.39300000000014
CC(C)NC(=O)c1oc2cnccc2c1Nc1ccc2c(c1)Cc1c[nH]nc1-2,38.0,7.42021640338319,1,373.41600000000017
CC(C)NCc1cc(NC(=O)C2CCc3ccc(Oc4ccnc(NC(=O)C5CC5)c4)cc3C2)cc(C(F)(F)F)c1,5.0,8.301029995663981,1,566.6240000000004
CC(C)NCc1cc(NC(=O)[C@H]2CCc3ccc(Oc4ccnc5c4CCC(=O)N5)cc3C2)cc(C(F)(F)F)c1,3.3,8.481486060122112,1,552.5970000000003
CC(C)NS(=O)(=O)Nc1cccc(C(=O)c2c[nH]c3ncc(I)cc23)c1F,100.0,7.0,1,502.3090000000001
CC(C)NS(=O)(=O)Nc1cccc(Cn2c(=O)oc3cc(OC(=O)N(C)C)ccc3c2=O)c1F,210.0,6.6777807052660805,1,494.5010000000003
CC(C)Nc1cc(NC(=O)Nc2ccc(Oc3ccnc(NC(=O)C4CC4)c3)c(F)c2)cc(C(F)(F)F)c1,34.3,7.464705879957229,1,531.5100000000002
CC(C)Nc1cc(Oc2ccc(NC(=O)Nc3cccc(C(F)(F)F)c3)cc2)ncn1,800.0,6.096910013008056,1,431.41800000000006
CC(C)Nc1nccc(-c2nc(C3CC3)[nH]c2-c2cc(F)cc(NS(C)(=O)=O)c2Cl)n1,25.0,7.6020599913279625,1,464.9540000000001
CC(C)Nc1ncnc2[nH]cc(C(=O)c3c(F)ccc(NS(=O)(=O)c4ccc(C(C)C)cc4)c3F)c12,100.0,7.0,1,513.5700000000002
CC(C)Nc1ncnc2[nH]cc(C(=O)c3c(F)ccc(NS(=O)(=O)c4ccc(C(F)(F)F)cc4)c3F)c12,100.0,7.0,1,539.4860000000001
CC(C)OC(=O)Nc1nc2cc(C3(O)c4ccccc4C(=O)N3Cc3ccccc3)ccc2[nH]1,100.0,7.0,1,456.5020000000002
CC(C)OC(=O)Nc1nc2ccc(C3(O)c4ccccc4C(=O)N3c3cccc(Cl)c3F)cc2[nH]1,100.0,7.0,1,494.91000000000014
CC(C)Oc1cc(F)ccc1Nc1ncnc2ccc(-c3ccc(C(=O)N4CCNCC4)cc3)nc12,2217.0,5.654234306885511,0,486.55100000000033
CC(C)Oc1n[nH]c2ncc(C#Cc3c(F)ccc(NS(=O)(=O)c4cccc(Cl)c4)c3F)cc12,6000.0,5.221848749616356,0,502.9300000000001
CC(C)S(=O)(=O)Nc1ccc(F)c(C(=O)c2c[nH]c3ncncc23)c1F,10000.0,5.0,0,380.37600000000003
CC(C)S(=O)(=O)Nc1ccc(F)c(Nc2ncccc2-c2ncnc3[nH]cnc23)c1F,35.5,7.449771646944906,1,445.45500000000015
CC(C)c1cc(-c2cccc(NC(=O)Nc3cc(C(F)(F)F)cc(C(F)(F)F)c3)c2)[nH]n1,10000.0,5.0,0,456.39
CC(C)c1cc(-c2cccc(NC(=O)Nc3ccc(Cl)c(C(F)(F)F)c3)c2)[nH]n1,1290.0,5.889410289700751,0,422.838
CC(C)c1cc(-c2cccc(NC(=O)Nc3ccc(Cl)c(Cl)c3)c2)[nH]n1,3210.0,5.493494967595128,0,389.286
CC(C)c1cc(-c2cccc(NC(=O)Nc3cccc(C(F)(F)F)c3)c2)[nH]n1,5320.0,5.274088367704952,0,388.39300000000003
CC(C)c1cc(-c2cccc(NC(=O)c3cc(N4CCN(C)CC4)cc(C(F)(F)F)c3)c2)[nH]n1,7275.0,5.138167002342055,0,471.52700000000016
CC(C)c1cc(-c2cccc(NC(=O)c3cc(N4CCOCC4)cc(C(F)(F)F)c3)c2)[nH]n1,940.0,6.026872146400302,1,458.48400000000015
CC(C)c1cc(C(=O)Nc2ccc(Cl)c(-c3cc(N4CCOCC4)c(=O)n(C)c3)c2)ccn1,1.0,9.0,1,466.9690000000003
CC(C)c1cc(C(=O)Nc2cccc(Oc3cccc4[nH]c(=O)[nH]c34)c2)n(-c2ccccc2)n1,6893.5,5.161560220074551,0,453.5020000000001
CC(C)c1cc(C(=O)Nc2cnc(Cl)c(-c3cc(N4CCOCC4)c(=O)n(C)c3)c2)ccn1,3.7,8.431798275933005,1,467.9570000000003
CC(C)c1cc(NC(=O)Nc2ccc(Oc3ccnc4[nH]c(=O)[nH]c34)cc2)n(-c2ccccc2)n1,1006.0,5.997402019280091,0,469.5050000000001
CC(C)c1ccc(C(=O)Nc2ccc(CN3CCN(C)CC3)c(C(F)(F)F)c2)cc1NC(=O)c1cnc2[nH]ccc2c1,290.0,6.5376020021010435,1,578.6390000000001
CC(C)c1ccc(S(=O)(=O)Nc2ccc(F)c(C(=O)c3c[nH]c4ncncc34)c2F)cc1,10000.0,5.0,0,456.4740000000001
CC(C)c1cccc(C(=O)Nc2cccc(Nc3ccnc(NC(=O)C4CC4)c3)c2)c1,80.5,7.094204119632131,1,414.5090000000002
CC(C)c1cccc(N2C(=O)c3ccccc3C2(O)c2ccc3c(c2)NC(=O)CO3)c1,100.0,7.0,1,414.4610000000002
CC(C)c1cccc(NC(=O)c2ccc(Cl)c(Nc3ncccc3-c3ncnc4[nH]cnc34)c2)c1,8.07,8.09312646527793,1,483.9630000000001
CC(C)c1cccc(Nc2nc3cc(Oc4ccnc(C(=O)NCCN5CCOCC5)c4)ccc3o2)c1,200.0,6.698970004336019,1,501.5870000000004
CC(C)c1cccc(Nc2nc3cc(Oc4ccnc(C(N)=O)c4)ccc3o2)c1,4.0,8.397940008672037,1,388.42700000000013
CC(C)c1nc(-c2cc(F)cc(NS(=O)(=O)c3c(F)cccc3F)c2)c(-c2ccnc(Nc3ccc(N4CCOCC4)nc3)n2)s1,0.9,9.045757490560675,1,667.7389999999998
CC(C)c1nc(-c2ccc(F)c(NS(=O)(=O)c3c(F)cccc3F)c2)c(-c2ccnc(NCCS(C)(=O)=O)n2)s1,22.47,7.648396927580871,1,611.6930000000001
CC(C)c1nc(-c2ccc(F)c(NS(=O)(=O)c3c(F)cccc3F)c2)c(-c2ccnc(Nc3ccc(N4CCOCC4)nc3)n2)s1,3.8006666666666664,8.42014021805155,1,667.7389999999998
CC(C)c1nc(-c2ccc(F)c(NS(=O)(=O)c3cccc(F)c3)c2)c(-c2ccnc(N)n2)s1,1545.5,5.810930990600676,0,487.55700000000013
CC(C)c1nc(-c2cccc(NC(=O)c3c(F)cccc3F)c2)c(-c2ccnc(Nc3ccc4c(c3)CN(C)CC4)n2)s1,4.0,8.397940008672037,1,596.707
CC(C)c1nc(-c2cccc(NS(=O)(=O)c3c(F)cccc3F)c2)c(-c2ccnc(N)n2)s1,49.4525,7.305811748379028,1,487.55700000000013
CC(C)c1nc(-c2cccc(NS(=O)(=O)c3c(F)cccc3F)c2)c(-c2ccnc(NCCS(C)(=O)=O)n2)s1,1.75,8.756961951313706,1,593.7030000000002
CC(C)c1nc(-c2cccc(NS(=O)(=O)c3c(F)cccc3F)c2)c(-c2ccnc(Nc3ccc(N4CCOCC4)nc3)n2)s1,1.2,8.920818753952375,1,649.7489999999998
CC(C)c1nc(-c2cccc(NS(=O)(=O)c3c(F)cccc3F)c2F)c(-c2ccnc(NCCS(C)(=O)=O)n2)s1,3.65,8.437707135543524,1,611.6930000000001
CC(C)c1nc(-c2cccc(NS(=O)(=O)c3c(F)cccc3F)c2F)c(-c2ccnc(Nc3ccc(N4CCOCC4)nc3)n2)s1,9.1,8.040958607678906,1,667.7389999999998
CC(C)c1nc(-c2cccc(NS(=O)(=O)c3cccc(F)c3)c2)c(-c2ccnc(NC3CC3)n2)s1,30.0,7.522878745280337,1,509.6320000000002
CC(C)c1nc(-c2cccc(NS(=O)(=O)c3cccc(F)c3)c2)c(-c2ccnc(NCC(N)=O)n2)s1,14.74,7.831502516476967,1,526.6190000000001
CC(C)c1nc(-c2cccc(NS(=O)(=O)c3cccc(F)c3)c2)c(-c2ccnc(NCCCN(C)C)n2)s1,39.295,7.405662706890619,1,554.7170000000002
CC(C)c1nc(-c2cccc(NS(=O)(=O)c3ccccc3)c2)c(-c2ccnc(Nc3ccc4c(c3)CN(C)CC4)n2)s1,12.0,7.920818753952375,1,596.782
CC(C)c1ncc(-c2cnc3[nH]cc(C(=O)c4cccc(NS(=O)(=O)N(C)C)c4F)c3c2)cn1,100.0,7.0,1,482.54100000000017
CC(C)c1ncc(-c2cnc3[nH]cc(C(=O)c4cccc(NS(=O)(=O)N5CCCC5)c4F)c3c2)cn1,100.0,7.0,1,508.5790000000003
CC(C)c1ncnc2[nH]cc(C(=O)c3c(F)ccc(NS(=O)(=O)c4ccc(C(F)(F)F)cc4)c3F)c12,100.0,7.0,1,524.4710000000001
CC(C)n1c2c(c3c1-c1ccccc1C3=O)C(=O)CCC2,35000.0,4.455931955649724,0,279.33900000000006
CC(C)n1cc(-c2ccnc(N)n2)c(-c2cc(Cl)cc(NS(C)(=O)=O)c2F)n1,15.083333333333334,7.821502671178441,1,424.88900000000007
CC(C)n1cc(-c2ccnc(NCCC#N)n2)c(-c2cc(Cl)cc(NS(C)(=O)=O)c2F)n1,2.0,8.698970004336019,1,477.95300000000003
CC(C)n1cc(-c2ccnc(NCCN(C)C)n2)c(-c2cc(Cl)cc(NS(C)(=O)=O)c2F)n1,166.66666666666666,6.778151250383644,1,496.0120000000001
CC(C)n1nc(C#Cc2cccc(NC(=O)c3cccc(C(F)(F)F)c3)c2)c2c(N)ncnc21,34.333333333333336,7.464284030014491,1,464.45100000000014
CC(C)n1nc(C#Cc2cccc3c(Nc4ccc(Cl)c(C(F)(F)F)c4)nccc23)c2c(N)ncnc21,300.0,6.522878745280337,1,521.9340000000002
CC(C)n1nc(C#Cc2cccc3c(Nc4ccc(Cl)cc4)nccc23)c2c(N)ncnc21,29.0,7.5376020021010435,1,453.9370000000002
CC(C)n1nc(C#Cc2cccc3c(Nc4cccc(C(F)(F)F)c4)cccc23)c2c(N)ncnc21,300.0,6.522878745280337,1,486.5010000000002
CC(C)n1nc(C#Cc2cccc3c(Nc4cccc(C(F)(F)F)c4)nccc23)c2c(N)ncnc21,140.0,6.853871964321762,1,487.4890000000002
CC(C)n1nc(C#Cc2cccc3c(Nc4cccc(C(F)(F)F)c4)ncnc23)c2c(N)ncnc21,300.0,6.522878745280337,1,488.4770000000002
CC(C)n1nc(C#Cc2cccc3c(Oc4cccc(C(F)(F)F)c4)nccc23)c2c(N)ncnc21,300.0,6.522878745280337,1,488.4730000000002
CC(C)n1nc(C#Cc2cccc3cc(-c4ccc(CN5CCN(C)CC5)cc4)ncc23)c2c(N)ncnc21,5025.5,5.298820722675966,0,516.6530000000004
CC(C)n1nc(C#Cc2cccc3cc(-c4ccc(Cl)c(C(F)(F)F)c4)ncc23)c2c(N)ncnc21,87.0,7.060480747381382,1,506.9190000000002
CC(C)n1nc(C#Cc2cccc3cc(-c4ccc(Cl)cc4)ncc23)c2c(N)ncnc21,46.0,7.337242168318426,1,438.9220000000002
CC(C)n1nc(C#Cc2cccc3cc(-c4cccc(C(F)(F)F)c4)ncc23)c2c(N)ncnc21,3359.6666666666665,5.473703809517469,0,472.47400000000016
CC(F)(F)c1cc(C(=O)Nc2c[nH]c(=O)c(-c3ccnc(N4CCOCC4)c3)c2)ccn1,25000.04857142857,4.602059147556646,0,441.4380000000003
CC(F)(F)c1cc(F)cc(NC(=O)Nc2ccc(Oc3ccnc(NC(=O)C4CC4)c3)cc2F)c1,8.9,8.050609993355087,1,488.44100000000026
CC(F)(F)c1cc(NC(=O)Nc2ccc(Oc3cc(NC(=O)C4CC4)ncn3)c(F)c2)ccc1Cl,153.0,6.815308569182402,1,505.88400000000024
CC(F)(F)c1cc(NC(=O)Nc2ccc(Oc3cc(NC(=O)C4CC4)ncn3)cc2F)ccc1Cl,24.0,7.619788758288394,1,505.88400000000024
CC(F)(F)c1cc(NC(=O)Nc2ccc(Oc3ccnc(NC(=O)C4CC4)c3)c(F)c2)ccc1Cl,32.0,7.494850021680094,1,504.8960000000002
CC(F)(F)c1cc(NC(=O)Nc2ccc(Oc3ccnc(NC(=O)C4CC4)c3)c(F)c2)ccc1F,56.0,7.251811972993799,1,488.4410000000002
CC(F)(F)c1cc(NC(=O)Nc2ccc(Oc3ccnc(NC(=O)C4CC4)c3)cc2)ccc1Cl,38.0,7.42021640338319,1,486.9060000000002
CC(F)(F)c1cc(NC(=O)Nc2ccc(Oc3ccnc(NC(=O)C4CC4)c3)cc2F)ccc1Cl,8.3,8.080921907623926,1,504.8960000000002
CC(F)(F)c1cc(NC(=O)Nc2ccc(Oc3ccnc(NC(=O)C4CC4)c3)cc2F)ccc1F,7.1,8.148741651280925,1,488.4410000000002
CC(F)(F)c1ccc(F)c(NC(=O)Nc2ccc(Oc3cc(NC(=O)C4CC4)ncn3)cc2F)c1,32.0,7.494850021680094,1,489.4290000000002
CC(F)(F)c1ccc(F)c(NC(=O)Nc2ccc(Oc3ccnc(NC(=O)C4CC4)c3)c(F)c2)c1,4.8,8.318758762624412,1,488.4410000000002
CC(F)(F)c1ccc(F)c(NC(=O)Nc2ccc(Oc3ccnc(NC(=O)C4CC4)c3)cc2)c1,16.0,7.795880017344075,1,470.4510000000002
CC(F)(F)c1ccc(F)c(NC(=O)Nc2ccc(Oc3ccnc(NC(=O)C4CC4)c3)cc2F)c1,7.8,8.10790539730952,1,488.4410000000002
CC(F)(F)c1cccc(NC(=O)Nc2ccc(Oc3ccnc(NC(=O)C4CC4)c3)cc2F)c1,8.9,8.050609993355087,1,470.4510000000002
CC(F)(F)c1ccnc(NC(=O)Nc2ccc(Oc3ccnc(NC(=O)C4CC4)c3)cc2)c1,15.0,7.823908740944319,1,453.4490000000002
CC(F)(F)c1ccnc(NC(=O)Nc2ccc(Oc3ccnc(NC(=O)C4CC4)c3)cc2F)c1,10.0,8.0,1,471.4390000000002
CC(F)(F)c1cncc(NC(=O)Nc2ccc(Oc3ccnc(NC(=O)C4CC4)c3)c(F)c2)c1,65.0,7.187086643357144,1,471.4390000000002
CC(F)(F)c1cncc(NC(=O)Nc2ccc(Oc3ccnc(NC(=O)C4CC4)c3)cc2)c1,25.0,7.6020599913279625,1,453.4490000000002
CC(N(C)C)S(=O)(=O)Nc1cccc(C(=O)c2c[nH]c3ncc(-c4cnc(C5CC5)nc4)cc23)c1F,100.0,7.0,1,508.57900000000024
CC(NC(=O)c1cccc(-c2ccc(NC(=O)Nc3ccc(Cl)c(C(F)(F)F)c3)cc2)c1)c1ccccc1,50000.0,4.301029995663981,0,537.969
CC(O)CNS(=O)(=O)c1ccc2[nH]c3c(C(N)=O)nccc3c2c1,21990.0,4.657774770639209,0,348.38400000000007
CC1(C(=O)Nc2cc(Oc3ccc(NC(=O)Nc4ccc(Cl)c(C(F)(F)F)c4)cc3F)ccn2)CC1,21.0,7.6777807052660805,1,522.8860000000001
CC1(C)C(=O)N([C@H]2CCc3c(O)cccc32)c2nc(Nc3ccccc3)ncc21,2035.0,5.691435586438761,0,386.45500000000004
CC1(C)CCN(S(=O)(=O)Nc2cccc(C(=O)c3c[nH]c4ncc(-c5cnc(C6CC6)nc5)cc34)c2F)C1,100.0,7.0,1,534.6170000000002
CC1(C)CN(CCNc2nccc(-c3c(-c4cccc(O)c4)nc4sccn34)n2)S(=O)(=O)N1,8.335,8.079094395835975,1,485.59500000000014
CC1(C)OC(c2ccnc(N)n2)=C(c2cc(Cl)cc(NS(=O)(=O)c3c(F)cccc3F)c2F)C1=O,5.5,8.259637310505756,1,524.9080000000001
CC1(C)OC(c2ccnc(N)n2)=C(c2cc(Cl)cc(NS(=O)(=O)c3cc(F)ccc3F)c2F)C1=O,0.6,9.221848749616356,1,524.9080000000001
CC1(C)OC(c2ccnc(N)n2)=C(c2cc(Cl)cc(NS(=O)(=O)c3ccc(F)cc3F)c2F)C1=O,10.0,8.0,1,524.9080000000001
CC1(C)OC(c2ccnc(N)n2)=C(c2cc(Cl)cc(NS(=O)(=O)c3cccc(F)c3)c2F)C1=O,1.2,8.920818753952375,1,506.9180000000002
CC1(C)OC(c2ccnc(N)n2)=C(c2cc(Cl)cc(NS(=O)(=O)c3ccccc3F)c2F)C1=O,2.5,8.602059991327963,1,506.9180000000002
CC1(C)OC(c2ccnc(NCCC#N)n2)=C(c2cc(Cl)cc(NS(=O)(=O)c3c(F)cccc3F)c2F)C1=O,2.5,8.602059991327963,1,577.9720000000001
CC1(C)OC(c2ccnc(NCCC#N)n2)=C(c2cc(Cl)cc(NS(=O)(=O)c3cc(F)ccc3F)c2F)C1=O,13.0,7.886056647693163,1,577.9720000000001
CC1(C)OC(c2ccnc(NCCC#N)n2)=C(c2cccc(NS(=O)(=O)c3c(F)cccc3F)c2F)C1=O,13.0,7.886056647693163,1,543.5270000000002
CC1(C)OC(c2ccnc(NCCO)n2)=C(c2cc(Cl)cc(NS(=O)(=O)c3cc(F)ccc3F)c2F)C1=O,11.0,7.958607314841775,1,568.9610000000001
CC1(C)OC(c2ccnc(S)n2)=C(c2cccc(NS(=O)(=O)c3c(F)cccc3F)c2F)C1=O,160.0,6.795880017344075,1,507.5150000000002
CC1(C)OCC(=O)Nc2cc(Nc3nc(NCC(F)(F)F)c4occc4n3)ccc21,10000.0,5.0,0,421.37900000000013
CC1(C)OC[C@@H](COC(=O)Nc2nc3cc(C4(O)c5ccccc5C(=O)N4Cc4ccccc4)ccc3[nH]2)O1,100.0,7.0,1,528.5650000000003
CC1(c2nc(-c3ccnc(NCCC#N)n3)c(-c3cc(Cl)cc(NS(C)(=O)=O)c3F)[nH]2)CC1,0.11,9.958607314841775,1,489.96400000000017
CC1(c2nc(-c3ccnc(NCCC#N)n3)c(-c3cc(F)cc(NS(C)(=O)=O)c3Cl)[nH]2)CC1,0.23,9.638272163982407,1,489.96400000000017
CC1(c2nc(-c3ccnc(NCCC#N)n3)c(-c3cccc(NS(C)(=O)=O)c3Cl)[nH]2)CC1,1.0,9.0,1,471.97400000000016
CC1=C(C#N)c2nc(N)c(C#N)c(C)c2/C1=C/c1ccc(O)cc1,20000.0,4.698970004336019,0,314.348
CC1=Nc2ccc(NC(=O)c3ccc(C)c(Nc4ncnc5cnc(N6CCC(CN7CCCC7)CC6)nc45)c3)cc2C1(C)C,6.0,8.221848749616356,1,603.7750000000003
CC1C=C(c2cnc3[nH]cc(C(=O)c4cccc(NS(=O)(=O)CC5CC5)c4F)c3c2)C=N1,100.0,7.0,1,452.51100000000025
CC1CCN(S(=O)(=O)Nc2cccc(C(=O)c3c[nH]c4ncc(-c5cnc(C6CC6)nc5)cc34)c2F)C1,100.0,7.0,1,520.5900000000001
CC1CN(Cc2ccc(C(=O)N[C@@H]3[C@H]4Oc5ccc(Oc6ccnc7c6CCC(=O)N7)cc5[C@@H]34)cc2C(F)(F)F)CC(C)N1C(=O)OC(C)(C)C,8.1,8.09151498112135,1,707.7500000000001
CC1CN(c2cc(NC(=O)Nc3ccc(Oc4ccnc(NC(=O)C5CC5)c4)c(F)c3)cc(C(F)(F)F)c2)C(=O)O1,37.5,7.425968732272281,1,573.5030000000003
CC1CN(c2cc(NC(=O)Nc3ccc(Oc4ccnc(NC(=O)C5CC5)c4)c(F)c3)cc(C(F)(F)F)c2)CC(C)O1,73.6,7.133122185662502,1,587.5740000000002
CC1CN(c2cc(NC(=O)Nc3ccc(Oc4ccnc(NC(=O)C5CC5)c4)c(F)c3)cc(C(F)(F)F)c2)CCO1,22.5,7.647817481888637,1,573.5470000000001
CC1COCCN1c1nc(-c2c[nH]c3ccccc23)nc2c1CN(S(=O)(=O)C(C)C)C2,9441.0,5.024982002367118,0,441.5570000000003
CC1Nc2nc(NC(=O)c3ccc[n+](C)c3)[nH]c(=O)c2N(C(=O)c2ccc[n+](C)c2)C1C,29420.0,4.531357331608489,0,435.4880000000002
CCC(=O)Nc1cc(Nc2cccc(NC(=O)c3cccc(C4CC4)c3)c2)ccn1,125.0,6.903089986991944,1,400.48200000000014
CCC(=O)Nc1nc2cc(C3(O)c4ccccc4C(=O)N3Cc3ccccc3)ccc2[nH]1,100.0,7.0,1,426.4760000000001
CCC(=O)Nc1nc2ccc(C3(O)c4ccccc4C(=O)N3c3ccc(F)cc3)cc2[nH]1,100.0,7.0,1,430.43900000000014
CCC(=O)Oc1ccc2c(=O)n(Cc3cccc(NS(=O)(=O)NC)c3F)c(=O)oc2c1,230.0,6.638272163982407,1,451.43200000000013
CCC(C)(C)c1cccc(C(=O)Nc2cccc(Oc3cccc4[nH]c(=O)[nH]c34)c2)c1,1570.0,5.804100347590766,0,415.4930000000001
CCC(C)S(=O)(=O)Nc1cc(Cl)cc(-c2[nH]c(C(C)(C)C)nc2-c2ccnc(NC[C@H](C)NC(=O)OC)n2)c1,0.5,9.301029995663981,1,578.1390000000002
CCC(C)S(=O)(=O)Nc1ccc(C)c(Nc2ncnc3cnc(N4CCN(C)CC4)nc23)c1,10000.0,5.0,0,470.6030000000003
CCC(C)S(=O)(=O)Nc1ccc(F)c(C(=O)c2c[nH]c3ncc(-c4ccc(Cl)cc4)cc23)c1F,100.0,7.0,1,503.95800000000014
CCC(C)S(=O)(=O)Nc1ccc(F)c(C(=O)c2c[nH]c3ncncc23)c1F,10000.0,5.0,0,394.4030000000001
CCC(C)S(=O)(=O)Nc1ccc(F)c(Nc2ccc3ncn(C)c(=O)c3c2C)c1Cl,96.45,7.015697768020097,1,452.9390000000002
CCC(C)S(=O)(=O)Nc1ccc(F)c(Nc2ncccc2-c2ncnc3[nH]cnc23)c1F,24.0,7.619788758288394,1,459.48200000000014
CCC(C)S(=O)(=O)Nc1cccc(C(=O)c2c[nH]c3ncc(-c4ccc(C5(C#N)CC5)cc4)cc23)c1F,100.0,7.0,1,516.5980000000003
CCC(C)S(=O)(=O)Nc1cccc(C(=O)c2c[nH]c3ncc(-c4ccc(N(C)C)nc4)cc23)c1F,100.0,7.0,1,495.5800000000002
CCC(C)S(=O)(=O)Nc1cccc(C(=O)c2c[nH]c3ncc(-c4cnc(C(C)C)nc4)cc23)c1F,100.0,7.0,1,495.5800000000002
CCC(C)S(=O)(=O)Nc1cccc(C(=O)c2c[nH]c3ncc(-c4cnc(C)nc4)cc23)c1F,100.0,7.0,1,467.5260000000002
CCC(C)S(=O)(=O)Nc1cccc(C(=O)c2c[nH]c3ncc(-c4cnc(C5CC5)nc4)cc23)c1F,100.0,7.0,1,493.56400000000025
CCC(C)S(=O)(=O)Nc1cccc(C(=O)c2c[nH]c3ncc(-c4cnc(N5CCCC5)nc4)cc23)c1F,100.0,7.0,1,522.6060000000003
CCC(C)S(=O)(=O)Nc1cccc(C(=O)c2c[nH]c3ncc(-c4cnc(N5CCOCC5)nc4)cc23)c1F,100.0,7.0,1,538.6050000000004
CCC(C)S(=O)(=O)Nc1cccc(C(=O)c2c[nH]c3ncc(-c4cnc(NC5CC5)nc4)cc23)c1F,100.0,7.0,1,508.57900000000024
CCC(C)S(=O)(=O)Nc1cccc(C(=O)c2c[nH]c3ncc(-c4cnc(OC)nc4)cc23)c1F,100.0,7.0,1,483.5250000000002
CCC(C)S(=O)(=O)Nc1cccc(C(=O)c2c[nH]c3ncncc23)c1F,10000.0,5.0,0,376.41300000000007
CCC(F)(F)c1cc(C(=O)Nc2ccc(C)c(-c3cc(N4CCOCC4)c(=O)n(C)c3)c2)ccn1,2.0,8.698970004336019,1,482.5310000000003
CCC(F)(F)c1cc(C(=O)Nc2ccc(C)c(-c3cc(N4CCOCC4)c(=O)n(C)n3)c2)ccn1,1.3,8.886056647693163,1,483.5190000000003
CCC(F)(F)c1cc(C(=O)Nc2ccc(C)c(-c3cc(N4CCOCC4)c(OC)nn3)c2)ccn1,2.1,8.67778070526608,1,483.5190000000003
CCC(F)(F)c1cc(C(=O)Nc2ccc(C)c(-c3cc(N4CCOCC4)c(OCCO)nn3)c2)ccn1,1.5,8.823908740944319,1,513.5450000000003
CCC(F)(F)c1cc(C(=O)Nc2ccc(C)c(-c3cc(N4CCOCC4)c(S(C)(=O)=O)nn3)c2)ccn1,2.13,8.671620396561263,1,531.5850000000003
CCC(F)(F)c1cc(C(=O)Nc2ccc(C)c(-c3cc(N4CCOCC4)n(C)c(=O)c3)c2)ccn1,0.8,9.096910013008056,1,482.5310000000003
CCC(F)(F)c1cc(C(=O)Nc2cnc(C)c(-c3cc(C4COCCO4)nc(N4CCOCC4)c3)c2)ccn1,4.56,8.341035157335565,1,539.5830000000004
CCC(F)(F)c1cc(C(=O)Nc2cnc(C)c(-c3cc(N4CCOCC4)c(=O)n(C)n3)c2)ccn1,8.1,8.09151498112135,1,484.5070000000003
CCC(F)(F)c1cc(C(=O)Nc2cnc(C)c(-c3cc(N4CCOCC4)c(OC)nn3)c2)ccn1,4.7,8.327902142064282,1,484.5070000000003
CCC(F)(F)c1cc(C(=O)Nc2cnc(C)c(-c3cc(N4CCOCC4)c(OCC(F)F)nn3)c2)ccn1,1.95,8.709965388637482,1,534.5140000000002
CCC(F)(F)c1cc(C(=O)Nc2cnc(C)c(-c3cc(N4CCOCC4)c(S(C)(=O)=O)nn3)c2)ccn1,12.1,7.91721462968355,1,532.5730000000003
CCC(F)(F)c1cc(C(=O)Nc2cnc(C)c(-c3cc(N4CCOCC4)n4nccc4n3)c2)ccn1,2.0,8.698970004336019,1,493.51800000000026
CCC(F)(F)c1cc(C(=O)Nc2cnc(C)c(-c3cc(NCCO)nc(N4CCOCC4)c3)c2)ccn1,10.9,7.962573502059376,1,512.5610000000003
CCC(F)(F)c1cc(C(=O)Nc2cnc(C)c(-c3cnc(OC(F)F)c(N4CCOCC4)c3)c2)ccn1,2.99,8.52432881167557,1,519.4990000000003
CCC(F)(F)c1cc(C(=O)Nc2cnc(C)c(-c3cnc(OC)c(C4(C#N)COC4)c3)c2)ccn1,7191.0,5.143210711246684,0,479.48700000000025
CCC(F)(F)c1cc(C(=O)Nc2cnc(C)c(-c3cncc(N4CCOCC4)n3)c2)ccn1,4.4,8.356547323513812,1,454.4810000000002
CCC(O)c1csc2cc(-c3nc(-c4ccc(OCCN(C)C)cc4)[nH]c3-c3ccncc3)ccc12,10000.0,5.0,0,498.65200000000027
CCCC(=O)Nc1nc2ccc(C3(O)c4ccccc4C(=O)N3c3ccc(F)cc3)cc2[nH]1,100.0,7.0,1,444.4660000000002
CCCC(=O)Oc1ccc2c(=O)n(Cc3cccc(NS(=O)(=O)NC)c3F)c(=O)oc2c1,1200.0,5.920818753952375,0,465.4590000000001
CCCC(=O)c1sc2cnccc2c1Nc1ccc2c(c1)CC/C2=N/O,71.0,7.1487416512809245,1,365.4580000000002
CCCC(C)S(=O)(=O)Nc1ccc(F)c(C(=O)c2c[nH]c3ncncc23)c1F,10000.0,5.0,0,408.4300000000001
CCCC(C)S(=O)(=O)Nc1ccc(F)c(Nc2ncccc2-c2ncnc3[nH]cnc23)c1F,86.66666666666667,7.062147906748844,1,473.5090000000002
CCCC1CCCCN1C(=O)c1cc(Oc2ccc3c(c2)nc(Nc2ccc(Br)cc2)n3C)ccn1,7.0,8.154901959985743,1,548.4850000000001
CCCCCC(=O)N[C@@H]1[C@H]2Oc3ccc(Oc4ccnc5c4CCC(=O)N5)cc3[C@@H]12,0.6,9.221848749616356,1,407.4700000000002
CCCCCCC(=O)N[C@@H]1[C@H]2Oc3ccc(Oc4ccnc5c4CCC(=O)N5)cc3[C@@H]12,0.77,9.113509274827518,1,421.4970000000002
CCCCCCCC(=O)N[C@@H]1[C@H]2Oc3ccc(Oc4ccnc5c4CCC(=O)N5)cc3[C@@H]12,2.0,8.698970004336019,1,435.5240000000002
CCCCCCCCCC(=O)N[C@@H]1[C@H]2Oc3ccc(Oc4ccnc5c4CCC(=O)N5)cc3[C@@H]12,24.0,7.619788758288394,1,463.5780000000003
CCCCCCCCCCNC(=O)N[C@@H]1[C@H]2Oc3ccc(Oc4ccnc5c4CCC(=O)N5)cc3[C@@H]12,129000.0,3.8894102897007508,0,492.6200000000003
CCCCCCCCCCS(=O)(=O)Nc1cc(Sc2ncn[nH]2)c(O)c2ccccc12,1850.0,5.732828271596986,0,462.64100000000013
CCCCCCCCNC(=O)N[C@@H]1[C@H]2Oc3ccc(Oc4ccnc5c4CCC(=O)N5)cc3[C@@H]12,12000.0,4.920818753952375,0,464.5660000000003
CCCCCCCCS(=O)(=O)Nc1cc(Sc2ncn[nH]2)c(O)c2ccccc12,1190.0,5.924453038607469,0,434.5870000000001
CCCCCCNC(=O)N[C@@H]1[C@H]2Oc3ccc(Oc4ccnc5c4CCC(=O)N5)cc3[C@@H]12,720.0,6.142667503568732,1,436.5120000000002
CCCCN1C(=O)c2ccccc2C1(O)c1ccc2c(c1)NC(=O)CO2,1000.0,6.0,1,352.3900000000001
CCCCN1CCN(Oc2cc3nccc(Oc4ccc(NS(=O)(=O)c5cc(F)ccc5F)cc4F)c3cc2OC)CC1,95.5,7.019996628416254,1,616.6619999999999
CCCCN1CCN(c2cncc(-c3cn(-c4cc(C(=O)Nc5cc(C(C)(C)C)on5)ccc4C)nn3)c2)CC1,15.0,7.823908740944319,1,542.6880000000002
CCCCS(=O)(=O)Nc1ccc(F)c(-c2cc3cnc4[nH]nc(C5CC5)c4c3cc2OC)c1Cl,17.0,7.769551078621726,1,502.99900000000025
CCCCS(=O)(=O)Nc1ccc(F)c(C(=O)Nc2cnc3[nH]ccc3c2)c1F,40.0,7.3979400086720375,1,408.43000000000006
CCCCc1ccc(Nc2nc3cc(Oc4ccnc(C(=O)NC)c4)ccc3o2)cc1,11.0,7.958607314841775,1,416.4810000000001
CCCCc1ccc(Nc2nc3cc(Oc4ccnc(C(=O)NC)c4)ccc3s2)cc1,65.0,7.187086643357144,1,432.5490000000001
CCCN(C(=O)c1cccc(C(F)(F)F)c1)c1cnc(C)c(-c2cnc(OC3CCOCC3)c(N3CCOCC3)c2)c1,2400.0,5.619788758288394,0,584.6390000000002
CCCN(C)S(=O)(=O)Nc1ccc(F)c(C(=O)c2c[nH]c3ncc(-c4ccc(C5(C#N)CC5)cc4)cc23)c1F,100.0,7.0,1,549.6030000000003
CCCN(C)S(=O)(=O)Nc1ccc(F)c(C(=O)c2c[nH]c3ncc(-c4cnc(C5CC5)nc4)cc23)c1F,100.0,7.0,1,526.5690000000003
CCCN(C)S(=O)(=O)Nc1ccc(F)c(C(=O)c2c[nH]c3ncc(-c4cnc(OC)nc4)cc23)c1F,100.0,7.0,1,516.5300000000002
CCCN(C)S(=O)(=O)Nc1cccc(C(=O)c2c[nH]c3ncc(-c4ccc(C5CC5)nc4)cc23)c1F,100.0,7.0,1,507.59100000000024
CCCN(C)S(=O)(=O)Nc1cccc(C(=O)c2c[nH]c3ncc(-c4cnc(C)nc4)cc23)c1F,100.0,7.0,1,482.54100000000017
CCCN(C)S(=O)(=O)Nc1cccc(C(=O)c2c[nH]c3ncc(-c4cnc(C5CC5)nc4)cc23)c1F,100.0,7.0,1,508.57900000000024
CCCN(C)S(=O)(=O)Nc1cccc(C(=O)c2c[nH]c3ncc(-c4cnc(NC5CC5)nc4)cc23)c1F,100.0,7.0,1,523.5940000000003
CCCN(C)S(=O)(=O)Nc1cccc(C(=O)c2c[nH]c3ncc(-c4cnc(OC)nc4)cc23)c1F,100.0,7.0,1,498.5400000000002
CCCN1CCC(Cc2ccc3ncnc(Nc4cc(C(=O)Nc5cc(C(C)(C)C)cc(NS(C)(=O)=O)c5OC)ccc4C)c3n2)CC1,583.0,6.2343314452409855,1,673.884
CCCN1CCN(c2cncc(-c3cn(-c4cc(C(=O)Nc5cc(C(C)(C)C)on5)ccc4C)nn3)c2)CC1,8.0,8.096910013008056,1,528.6610000000002
CCCN1CCN(c2cncc(-c3cn(-c4cc(NC(=O)c5cc(C)n(C(C)(C)C)n5)ccc4C)nn3)c2)CC1,11.0,7.958607314841775,1,541.7040000000002
CCCN1CCN(c2cncc(-c3cn(-c4cc(NC(=O)c5ccc(C(C)(C)C)s5)ccc4C)nn3)c2)CC1,9.0,8.045757490560675,1,543.7410000000002
CCCNC(=O)c1ccc(Nc2nc(NCC(F)(F)F)c3cc[nH]c3n2)cc1,10000.0,5.0,0,392.38500000000005
CCCNS(=O)(=O)Nc1cccc(C(=O)c2c[nH]c3ncc(-c4cnc(C5CC5)nc4)cc23)c1F,100.0,7.0,1,494.55200000000025
CCCNS(=O)(=O)Nc1cccc(C(=O)c2c[nH]c3ncc(-c4cnn(C)c4)cc23)c1F,100.0,7.0,1,456.50300000000016
CCCNS(=O)(=O)Nc1cccc(C(=O)c2c[nH]c3ncc(C)cc23)c1F,100.0,7.0,1,390.4400000000001
CCCNS(=O)(=O)Nc1cccc(C(=O)c2c[nH]c3ncc(I)cc23)c1F,100.0,7.0,1,502.3090000000001
CCCNS(=O)(=O)c1ccc2[nH]c3c(C(N)=O)nccc3c2c1,28510.0,4.54500278269054,0,332.38500000000005
CCCNc1cc(C2(C(=O)Nc3cc(C(=O)Nc4ccc(Cl)c(C(F)(F)F)c4)ccc3C)CC2)ncn1,46.1,7.336299074610352,1,531.9660000000001
CCCNc1cc(Oc2ccc(NC(=O)Nc3cccc(C(F)(F)F)c3)cc2)ncn1,630.0,6.200659450546418,1,431.41800000000006
CCCNc1nccc(-c2nc(C3CC3)[nH]c2-c2cc(F)cc(NS(=O)(=O)CCC)c2Cl)n1,0.39,9.4089353929735,1,493.0080000000002
CCCNc1nccc(-c2nc(C3CC3)[nH]c2-c2cc(F)cc(NS(C)(=O)=O)c2Cl)n1,5.0,8.301029995663981,1,464.9540000000001
CCCNc1ncnc2[nH]cc(C(=O)c3c(F)ccc(NS(=O)(=O)c4ccc(C(F)(F)F)cc4)c3F)c12,100.0,7.0,1,539.4860000000001
CCCOC(=O)Nc1nc2cc(C3(O)c4ccccc4C(=O)N3Cc3ccccc3)ccc2[nH]1,100.0,7.0,1,456.5020000000002
CCCS(=O)(=O)Nc1c(F)ccc(-c2[nH]c(C(C)(C)C)nc2-c2ccnc(NC[C@H](C)NC(=O)OC)n2)c1F,0.12,9.920818753952375,1,565.6470000000002
CCCS(=O)(=O)Nc1c(F)ccc(-c2nn(C(C)C)cc2-c2ccnc(NC[C@H](C)NC(=O)OC)n2)c1F,4.416666666666667,8.354905376446835,1,551.6200000000002
CCCS(=O)(=O)Nc1cc(C)cc(Nc2ccc3ncn(C)c(=O)c3c2C)c1F,148.0,6.8297382846050425,1,418.4940000000002
CCCS(=O)(=O)Nc1cc(C)cc(Oc2ccc3ncn(C)c(=O)c3c2C)c1F,74.8,7.126098402135539,1,419.4780000000002
CCCS(=O)(=O)Nc1cc(Cl)cc(-c2[nH]c(C(C)(C)C)nc2-c2ccnc(N)n2)c1F,0.08,10.096910013008056,1,466.97000000000025
CCCS(=O)(=O)Nc1cc(Cl)cc(-c2[nH]c(C(C)(C)C)nc2-c2ccnc(NC[C@H](C)NC(=O)OC)n2)c1,0.1,10.0,1,564.1120000000002
CCCS(=O)(=O)Nc1cc(Cl)cc(-c2[nH]c(C(C)(C)C)nc2-c2ccnc(NC[C@H](C)NC(=O)OC)n2)c1F,0.53,9.275724130399212,1,582.1020000000002
CCCS(=O)(=O)Nc1cc(Cl)cc(-c2[nH]c(C3CC3)nc2-c2ccnc(NC[C@H](C)NC(=O)OC)n2)c1F,0.89,9.050609993355087,1,566.0590000000003
CCCS(=O)(=O)Nc1cc(Cl)cc(-c2nn(C(C)C)cc2-c2ccnc(NC[C@H](C)NC(=O)OC)n2)c1,0.3333333333333333,9.477121254719663,1,550.0850000000002
CCCS(=O)(=O)Nc1cc(Cl)cc(-c2nn(C(C)C)cc2-c2ccnc(NC[C@H](C)NC(=O)OC)n2)c1F,2.0,8.698970004336019,1,568.0750000000002
CCCS(=O)(=O)Nc1cc(Cl)cc(C2=C(c3ccnc(N)n3)OC(C)(CC(C)C)C2=O)c1F,70.0,7.154901959985743,1,496.99200000000025
CCCS(=O)(=O)Nc1cc(Cl)cc(Nc2ccc3ncn(C)c(=O)c3c2C)c1Cl,3.0,8.522878745280337,1,455.3670000000002
CCCS(=O)(=O)Nc1cc(Cl)cc(Nc2ccc3ncn(C)c(=O)c3c2C)c1F,4.6,8.337242168318426,1,438.9120000000002
CCCS(=O)(=O)Nc1cc(Cl)cc(Oc2ccc3ncn(C)c(=O)c3c2C)c1F,2.55,8.593459819566045,1,439.8960000000002
CCCS(=O)(=O)Nc1cc(F)c(C(=O)c2c[nH]c3ncc(-c4ccc(Cl)cc4)cc23)c(F)c1,65.5,7.183758700008217,1,489.9310000000001
CCCS(=O)(=O)Nc1cc(F)c(C(=O)c2c[nH]c3ncc(Cl)cc23)c(F)c1,324.3333333333333,6.489008414451311,1,413.833
CCCS(=O)(=O)Nc1cc(F)c(F)c(C(=O)Nc2cnc3[nH]ccc3c2)c1F,19.0,7.721246399047171,1,412.39300000000003
CCCS(=O)(=O)Nc1cc(F)c(F)c(C(=O)Nc2cnc3[nH]nc(OC)c3c2)c1F,2.3,8.638272163982407,1,443.4070000000001
CCCS(=O)(=O)Nc1cc(F)c(F)c(Nc2ccc3ncn(C)c(=O)c3c2C)c1Cl,1.4400000000000002,8.84163750790475,1,456.90200000000016
CCCS(=O)(=O)Nc1cc(F)c(F)c(Nc2ccc3ncn(C)c(=O)c3c2C)c1F,6.25,8.204119982655925,1,440.4470000000002
CCCS(=O)(=O)Nc1cc(F)c(F)c(Oc2ccc3ncn(C)c(=O)c3c2C)c1Cl,1.55,8.809668301829708,1,457.8860000000002
CCCS(=O)(=O)Nc1cc(F)c(F)c(Oc2ccc3ncn(C)c(=O)c3c2C)c1F,7.7,8.113509274827518,1,441.43100000000015
CCCS(=O)(=O)Nc1cc(F)cc(-c2[nH]c(C(C)(C)C)nc2-c2ccnc(NC[C@H](C)NC(=O)OC)n2)c1Cl,1.0,9.0,1,582.1020000000001
CCCS(=O)(=O)Nc1cc(F)cc(-c2[nH]c(C3CC3)nc2-c2ccnc(N)n2)c1Cl,0.2,9.698970004336019,1,450.92700000000025
CCCS(=O)(=O)Nc1cc(F)cc(-c2[nH]c(C3CC3)nc2-c2ccnc(NC(C)C)n2)c1Cl,5.0,8.301029995663981,1,493.00800000000027
CCCS(=O)(=O)Nc1cc(F)cc(-c2[nH]c(C3CC3)nc2-c2ccnc(NC)n2)c1Cl,0.11,9.958607314841775,1,464.9540000000002
CCCS(=O)(=O)Nc1cc(F)cc(-c2[nH]c(C3CC3)nc2-c2ccnc(NCC)n2)c1Cl,1.0,9.0,1,478.9810000000002
CCCS(=O)(=O)Nc1cc(F)cc(-c2[nH]c(C3CC3)nc2-c2ccncn2)c1Cl,4.0,8.397940008672037,1,435.91200000000015
CCCS(=O)(=O)Nc1cc(F)cc(C(=O)Nc2cnc3[nH]ccc3c2)c1F,76.0,7.119186407719209,1,394.4030000000001
CCCS(=O)(=O)Nc1cc(F)cc(C(=O)Nc2cnc3[nH]nc(OC)c3c2)c1F,7.5,8.1249387366083,1,425.41700000000014
CCCS(=O)(=O)Nc1cc(F)cc(Nc2ccc3ncn(C)c(=O)c3c2C)c1Cl,9.75,8.010995384301463,1,438.91200000000015
CCCS(=O)(=O)Nc1cc(F)cc(Nc2ccc3ncn(C)c(=O)c3c2C)c1F,16.1,7.79317412396815,1,422.45700000000016
CCCS(=O)(=O)Nc1cc(F)cc(Oc2ccc3ncn(C)c(=O)c3c2C)c1Cl,3.55,8.449771646944907,1,439.8960000000002
CCCS(=O)(=O)Nc1cc(F)cc(Oc2ccc3ncn(C)c(=O)c3c2C)c1F,5.1,8.292429823902063,1,423.44100000000014
CCCS(=O)(=O)Nc1ccc(C)c(-c2ccc3nc(N)ncc3c2)c1,2596.205,5.585661018014305,0,356.4510000000001
CCCS(=O)(=O)Nc1ccc(C)c(C(=O)Nc2cnc3[nH]ccc3c2)c1F,170.0,6.769551078621726,1,390.44000000000005
CCCS(=O)(=O)Nc1ccc(C)c(Nc2ccc3ncn(C)c(=O)c3c2)c1,851.0,6.070070439915412,1,386.47700000000015
CCCS(=O)(=O)Nc1ccc(C)c(Nc2ncnc3cnc(N4CCN(C)CC4)nc23)c1,2000.0,5.698970004336019,0,456.5760000000003
CCCS(=O)(=O)Nc1ccc(Cl)c(-c2cc3cnc4[nH]ncc4c3cc2OC)c1Cl,20.0,7.698970004336019,1,465.3620000000002
CCCS(=O)(=O)Nc1ccc(Cl)c(C(=O)Nc2ccc(NC(C)=O)nc2)c1F,10000.0,5.0,0,428.8730000000001
CCCS(=O)(=O)Nc1ccc(Cl)c(C(=O)Nc2ccc(NC(C)C)nc2)c1F,10000.0,5.0,0,428.9170000000001
CCCS(=O)(=O)Nc1ccc(Cl)c(C(=O)Nc2ccc(NC3CC3)nc2)c1F,10000.0,5.0,0,426.9010000000001
CCCS(=O)(=O)Nc1ccc(Cl)c(C(=O)Nc2ccc(NCc3ccccc3)nc2)c1F,10000.0,5.0,0,476.9610000000001
CCCS(=O)(=O)Nc1ccc(Cl)c(C(=O)Nc2ccc(NCc3cccs3)nc2)c1F,10000.0,5.0,0,482.9900000000001
CCCS(=O)(=O)Nc1ccc(Cl)c(C(=O)Nc2ccc(Nc3ncc(C)s3)nc2)c1F,10000.0,5.0,0,483.9780000000001
CCCS(=O)(=O)Nc1ccc(Cl)c(C(=O)Nc2cccnc2)c1F,10000.0,5.0,0,371.821
CCCS(=O)(=O)Nc1ccc(Cl)c(C(=O)Nc2cnc(NC(C)=O)nc2)c1F,10000.0,5.0,0,429.8610000000001
CCCS(=O)(=O)Nc1ccc(Cl)c(C(=O)Nc2cnc3[nH]cc(OC)c3c2)c1F,1.6989999999999998,8.769806621130954,1,440.8840000000001
CCCS(=O)(=O)Nc1ccc(Cl)c(C(=O)Nc2cnc3[nH]ccc3c2)c1,88.0,7.055517327849832,1,392.86800000000005
CCCS(=O)(=O)Nc1ccc(Cl)c(C(=O)Nc2cnc3[nH]ccc3c2)c1Cl,8.3,8.080921907623926,1,427.3130000000001
CCCS(=O)(=O)Nc1ccc(Cl)c(C(=O)Nc2cnc3[nH]ccc3c2)c1F,9.87,8.005682847330363,1,410.85800000000006
CCCS(=O)(=O)Nc1ccc(Cl)c(C(=O)Nc2cnc3[nH]nc(OC)c3c2)c1,61.0,7.214670164989233,1,423.8820000000001
CCCS(=O)(=O)Nc1ccc(Cl)c(C(=O)Nc2cnc3[nH]nc(OC)c3c2)c1Cl,1.4,8.853871964321762,1,458.3270000000001
CCCS(=O)(=O)Nc1ccc(Cl)c(C(=O)Nc2cnc3[nH]nc(OC)c3c2)c1F,47.51666666666666,7.323154033074184,1,441.8720000000001
CCCS(=O)(=O)Nc1ccc(Cl)c(C(=O)Nc2cnc3[nH]ncc3c2)c1F,207.4333333333333,6.6831214537351915,1,411.84600000000006
CCCS(=O)(=O)Nc1ccc(Cl)c(C(=O)Nc2cnc3ccccc3c2)c1F,10000.0,5.0,0,421.8810000000001
CCCS(=O)(=O)Nc1ccc(Cl)c(C(=O)Nc2cnc3ccccn23)c1F,10000.0,5.0,0,410.85800000000006
CCCS(=O)(=O)Nc1ccc(Cl)c(N(C)c2ccc3ncn(C)c(=O)c3c2)c1F,73.35,7.134599881820699,1,438.91200000000015
CCCS(=O)(=O)Nc1ccc(Cl)c(NC(=O)c2cccc3c(N)ncnc23)c1F,2.8172,8.550182320279706,1,437.8840000000002
CCCS(=O)(=O)Nc1ccc(Cl)c(NC(=O)c2csc3c(N)ncnc23)c1F,5.422825,8.265774410456789,1,443.9130000000002
CCCS(=O)(=O)Nc1ccc(Cl)c(Nc2ccc3ncn(C)c(=O)c3c2)c1C#N,8.1,8.09151498112135,1,431.9050000000002
CCCS(=O)(=O)Nc1ccc(Cl)c(Nc2ccc3ncn(C)c(=O)c3c2)c1F,82.575,7.083151417636548,1,424.88500000000016
CCCS(=O)(=O)Nc1ccc(Cl)c(Nc2ccc3ncn(C)c(=O)c3c2C)c1Cl,13.9,7.856985199745905,1,455.3670000000002
CCCS(=O)(=O)Nc1ccc(Cl)c(Nc2ccc3ncn(C)c(=O)c3c2C)c1F,43.9,7.357535479757878,1,438.9120000000002
CCCS(=O)(=O)Nc1ccc(Cl)c(Oc2ccc3ncn(C)c(=O)c3c2)c1C#N,7.6,8.119186407719209,1,432.8890000000002
CCCS(=O)(=O)Nc1ccc(F)c(-c2[nH]c(C3CC3)nc2-c2ccnc(NC[C@H](C)NC(=O)OC)n2)c1Cl,0.45,9.346787486224656,1,566.0590000000002
CCCS(=O)(=O)Nc1ccc(F)c(-c2cc3ccncc3[nH]2)c1F,10000.0,5.0,0,351.378
CCCS(=O)(=O)Nc1ccc(F)c(-c2cc3cnc(N)cc3cc2OC)c1F,0.8,9.096910013008056,1,407.4420000000001
CCCS(=O)(=O)Nc1ccc(F)c(-c2cc3cnc(N)nc3n(C)c2=O)c1F,30.75,7.5121548798885645,1,409.4180000000001
CCCS(=O)(=O)Nc1ccc(F)c(-c2cc3cnc(NC)nc3n(C)c2=O)c1F,17.97825,7.745252584701345,1,423.4450000000001
CCCS(=O)(=O)Nc1ccc(F)c(-c2cc3cnc(NC4CCOCC4)nc3n(C)c2=O)c1F,29.535,7.529663024806201,1,493.5360000000003
CCCS(=O)(=O)Nc1ccc(F)c(-c2cc3cnc(NCC4CC4)nc3n(C)c2=O)c1F,9.004999999999999,8.045516282844448,1,463.5100000000002
CCCS(=O)(=O)Nc1ccc(F)c(-c2cc3cnc(NCCCO)nc3n(C)c2=O)c1F,15.51975,7.809115278857144,1,467.4980000000002
CCCS(=O)(=O)Nc1ccc(F)c(-c2cc3cnc(NCCO)nc3n(C)c2=O)c1F,12.256499999999999,7.911633530445506,1,453.4710000000002
CCCS(=O)(=O)Nc1ccc(F)c(-c2cc3cnc(NC[C@H](C)NC(=O)OC)cc3cc2CC)c1F,0.6,9.221848749616356,1,520.6020000000003
CCCS(=O)(=O)Nc1ccc(F)c(-c2cc3cnc(NC[C@H](C)NC(=O)OC)cc3cc2OC)c1F,0.1,10.0,1,522.5740000000003
CCCS(=O)(=O)Nc1ccc(F)c(-c2cc3cnc(Nc4ccccc4)nc3n(C)c2=O)c1F,1.6253,8.789066464642378,1,485.51600000000013
CCCS(=O)(=O)Nc1ccc(F)c(-c2cc3cnc(Nc4cccnc4)nc3n(C)c2=O)c1F,1.1253,8.948731681129615,1,486.50400000000013
CCCS(=O)(=O)Nc1ccc(F)c(-c2cc3cnc(Nc4cnn(C)c4)nc3n(C)c2=O)c1F,0.549525,9.260012545069294,1,489.50800000000015
CCCS(=O)(=O)Nc1ccc(F)c(-c2cc3cnc4[nH]nc(C5CC5)c4c3cc2OC)c1Cl,80.0,7.096910013008056,1,488.9720000000002
CCCS(=O)(=O)Nc1ccc(F)c(-c2cc3cnc4[nH]nc(C5CC5)c4c3cc2OC)c1F,220.0,6.657577319177793,1,472.5170000000002
CCCS(=O)(=O)Nc1ccc(F)c(-c2cc3cnc4[nH]ncc4c3cc2OC)c1Cl,11.0,7.958607314841775,1,448.90700000000015
CCCS(=O)(=O)Nc1ccc(F)c(-c2cc3cnc4[nH]ncc4c3cc2OC)c1F,70.0,7.154901959985743,1,432.4520000000001
CCCS(=O)(=O)Nc1ccc(F)c(-c2cc3cncc(Br)c3cn2)c1F,171.36,6.76609054651222,1,442.285
CCCS(=O)(=O)Nc1ccc(F)c(-c2cc3cnccc3c(=O)n2C)c1F,164.4475,6.783972724458357,1,393.4150000000001
CCCS(=O)(=O)Nc1ccc(F)c(-c2cc3cnccc3cn2)c1F,356.22,6.4482817006902975,1,363.389
CCCS(=O)(=O)Nc1ccc(F)c(-c2cc3cnccc3n(CCc3ccccc3)c2=O)c1F,300.47,6.522198883011852,1,483.5400000000002
CCCS(=O)(=O)Nc1ccc(F)c(-c2ccc3cc(N)ncc3c2)c1F,414.06,6.382936722210358,1,377.41600000000005
CCCS(=O)(=O)Nc1ccc(F)c(-c2ccc3cc(NC[C@@H](C)NC(=O)OC)ncc3c2)c1F,30.0,7.522878745280337,1,492.5480000000002
CCCS(=O)(=O)Nc1ccc(F)c(-c2ccc3cc(NC[C@H](C)NC(=O)OC)ncc3c2)c1F,0.8,9.096910013008056,1,492.5480000000002
CCCS(=O)(=O)Nc1ccc(F)c(-c2ccc3ccncc3c2)c1F,339.6133333333333,6.4690152675464,1,362.401
CCCS(=O)(=O)Nc1ccc(F)c(-c2ccc3ccncc3n2)c1F,3614.26,5.441980608691594,0,363.389
CCCS(=O)(=O)Nc1ccc(F)c(-c2ccc3nc(N)ncc3c2)c1,10000.0,5.0,0,360.41400000000004
CCCS(=O)(=O)Nc1ccc(F)c(-c2ccc3nc(N)ncc3c2)c1F,275.8125,6.559386055208733,1,378.40400000000005
CCCS(=O)(=O)Nc1ccc(F)c(-c2nn(C(C)C)cc2-c2ccnc(NC[C@H](C)NC(=O)OC)n2)c1F,1.9166666666666667,8.717453410030032,1,551.6200000000002
CCCS(=O)(=O)Nc1ccc(F)c(-n2cc(-c3cncc(OC)c3)c3nc(N(C)C4CCN(C)CC4)cnc32)c1F,16.0,7.795880017344075,1,585.6810000000002
CCCS(=O)(=O)Nc1ccc(F)c(-n2cc(-c3cncc(OC)c3)c3nc(N(C)C4CCN(C)CC4)ncc32)c1F,7.0,8.154901959985743,1,585.6810000000002
CCCS(=O)(=O)Nc1ccc(F)c(-n2cc(-c3cncc(OC)c3)c3nc(N4CCN(C)CC4)ccc32)c1F,297.0,6.527243550682788,1,556.6390000000004
CCCS(=O)(=O)Nc1ccc(F)c(-n2cc(-c3cncc(OC)c3)c3nc(N4CCN(C)CC4)ncc32)c1F,1613.0,5.792365632611038,0,557.6270000000003
CCCS(=O)(=O)Nc1ccc(F)c(-n2cc(-c3cncc(OC)c3)c3nc(N4CCN(CCOC)CC4)ccc32)c1F,125.0,6.903089986991944,1,600.6920000000002
CCCS(=O)(=O)Nc1ccc(F)c(-n2cc(-c3cncnc3)c3nc(N(C)C4CCN(C)CC4)ncc32)c1F,4.0,8.397940008672037,1,556.6430000000003
CCCS(=O)(=O)Nc1ccc(F)c(-n2cc(-c3cncnc3)c3nc(N(C)C4CCN(C5CC5)CC4)ncc32)c1F,29.0,7.5376020021010435,1,582.6810000000003
CCCS(=O)(=O)Nc1ccc(F)c(-n2cc(-c3cncnc3)c3nc(N(C)C4CCN(CC)CC4)ccc32)c1F,0.525,9.279840696594043,1,569.6820000000004
CCCS(=O)(=O)Nc1ccc(F)c(-n2cc(-c3cncnc3)c3nc(N(C)C4CCN(CC)CC4)ncc32)c1F,16.0,7.795880017344075,1,570.6700000000003
CCCS(=O)(=O)Nc1ccc(F)c(-n2cc(-c3cncnc3)c3nc(N(C)C4CCN(CCOC)CC4)ncc32)c1F,42.0,7.376750709602099,1,600.6960000000001
CCCS(=O)(=O)Nc1ccc(F)c(-n2cc(-c3cncnc3)c3nc(N(C)C4CCNCC4)ncc32)c1F,41.0,7.3872161432802645,1,542.6160000000003
CCCS(=O)(=O)Nc1ccc(F)c(C(=O)Nc2ccc(N)nc2)c1F,1638.0014285714285,5.785685723808556,0,370.3810000000001
CCCS(=O)(=O)Nc1ccc(F)c(C(=O)Nc2ccc(NC(C)=O)nc2)c1F,10000.0,5.0,0,412.4180000000001
CCCS(=O)(=O)Nc1ccc(F)c(C(=O)Nc2cccnc2)c1F,4842.0,5.314975214894286,0,355.36600000000004
CCCS(=O)(=O)Nc1ccc(F)c(C(=O)Nc2cnc(N)c(Br)c2)c1F,540.0,6.267606240177032,1,449.2770000000001
CCCS(=O)(=O)Nc1ccc(F)c(C(=O)Nc2cnc3[nH]c(-c4ccc(Br)cc4)nc3c2)c1F,31.6,7.5003129173815966,1,550.3850000000002
CCCS(=O)(=O)Nc1ccc(F)c(C(=O)Nc2cnc3[nH]c(-c4ccc(C#N)cc4)nc3c2)c1F,120.85,6.9177533452563305,1,496.4990000000002
CCCS(=O)(=O)Nc1ccc(F)c(C(=O)Nc2cnc3[nH]c(-c4ccc(C(F)(F)F)cc4)nc3c2)c1F,45.2,7.3448615651886175,1,539.4860000000002
CCCS(=O)(=O)Nc1ccc(F)c(C(=O)Nc2cnc3[nH]c(-c4ccc(C)cc4)nc3c2)c1F,25.15,7.599462010608054,1,485.5160000000002
CCCS(=O)(=O)Nc1ccc(F)c(C(=O)Nc2cnc3[nH]c(-c4ccc(Cl)c(Cl)c4)nc3c2)c1F,41.25,7.384576047114056,1,540.3790000000002
CCCS(=O)(=O)Nc1ccc(F)c(C(=O)Nc2cnc3[nH]c(-c4ccc(Cl)cc4)cc3c2)c1F,11.2,7.950781977329818,1,504.9460000000002
CCCS(=O)(=O)Nc1ccc(F)c(C(=O)Nc2cnc3[nH]c(-c4ccc(Cl)cc4)nc3c2)c1F,79.6,7.099086932262331,1,505.9340000000002
CCCS(=O)(=O)Nc1ccc(F)c(C(=O)Nc2cnc3[nH]c(-c4ccc(F)c(F)c4)nc3c2)c1F,98.7,7.005682847330363,1,507.46900000000016
CCCS(=O)(=O)Nc1ccc(F)c(C(=O)Nc2cnc3[nH]c(-c4ccc(F)cc4)cc3c2)c1F,10.55,7.976747540366288,1,488.49100000000016
CCCS(=O)(=O)Nc1ccc(F)c(C(=O)Nc2cnc3[nH]c(-c4ccc(F)cc4)nc3c2)c1F,528.2,6.277201603129095,1,489.47900000000016
CCCS(=O)(=O)Nc1ccc(F)c(C(=O)Nc2cnc3[nH]c(-c4ccc(OC(F)(F)F)cc4)nc3c2)c1F,44.25,7.354086724966156,1,555.4850000000002
CCCS(=O)(=O)Nc1ccc(F)c(C(=O)Nc2cnc3[nH]c(-c4ccc(OC)cc4)nc3c2)c1F,69.05,7.16083631708535,1,501.5150000000002
CCCS(=O)(=O)Nc1ccc(F)c(C(=O)Nc2cnc3[nH]c(-c4ccc(S(C)(=O)=O)cc4)nc3c2)c1F,364.7,6.438064236686219,1,549.5810000000002
CCCS(=O)(=O)Nc1ccc(F)c(C(=O)Nc2cnc3[nH]c(-c4cccc(Br)c4)nc3c2)c1F,86.38,7.063586800288521,1,550.3850000000002
CCCS(=O)(=O)Nc1ccc(F)c(C(=O)Nc2cnc3[nH]c(-c4cccc(C(F)(F)F)c4)nc3c2)c1F,57.0,7.2441251443275085,1,539.4860000000002
CCCS(=O)(=O)Nc1ccc(F)c(C(=O)Nc2cnc3[nH]c(-c4cccc(Cl)c4)nc3c2)c1F,34.55,7.461551948289783,1,505.9340000000002
CCCS(=O)(=O)Nc1ccc(F)c(C(=O)Nc2cnc3[nH]c(-c4cccc(F)c4)nc3c2)c1F,150.55,6.822319240151222,1,489.47900000000016
CCCS(=O)(=O)Nc1ccc(F)c(C(=O)Nc2cnc3[nH]c(-c4cccc(OC)c4)nc3c2)c1F,136.1,6.866141874796665,1,501.5150000000002
CCCS(=O)(=O)Nc1ccc(F)c(C(=O)Nc2cnc3[nH]c(-c4ccccc4)cc3c2)c1F,16.5,7.782516055786093,1,470.50100000000015
CCCS(=O)(=O)Nc1ccc(F)c(C(=O)Nc2cnc3[nH]c(-c4ccccc4)nc3c2)c1F,66.8,7.175223537524454,1,471.48900000000015
CCCS(=O)(=O)Nc1ccc(F)c(C(=O)Nc2cnc3[nH]c(-c4ccccc4Br)nc3c2)c1F,487.5,6.312025379965444,1,550.3850000000002
CCCS(=O)(=O)Nc1ccc(F)c(C(=O)Nc2cnc3[nH]c(-c4ccccc4Cl)nc3c2)c1F,292.0,6.534617148551582,1,505.9340000000002
CCCS(=O)(=O)Nc1ccc(F)c(C(=O)Nc2cnc3[nH]c(-c4ccccc4F)nc3c2)c1F,87.5,7.057991946977687,1,489.47900000000016
CCCS(=O)(=O)Nc1ccc(F)c(C(=O)Nc2cnc3[nH]c(-c4cccnc4)nc3c2)c1F,564.0,6.248720896016658,1,472.47700000000015
CCCS(=O)(=O)Nc1ccc(F)c(C(=O)Nc2cnc3[nH]c(-c4ccncc4)nc3c2)c1F,956.1,6.019496681806605,1,472.47700000000015
CCCS(=O)(=O)Nc1ccc(F)c(C(=O)Nc2cnc3[nH]c(C(C)(C)C)nc3c2)c1F,814.5,6.0891089113554715,1,451.4990000000002
CCCS(=O)(=O)Nc1ccc(F)c(C(=O)Nc2cnc3[nH]c(C(C)C)nc3c2)c1F,894.0,6.048662481204082,1,437.47200000000015
CCCS(=O)(=O)Nc1ccc(F)c(C(=O)Nc2cnc3[nH]c(C)nc3c2)c1F,875.0,6.057991946977687,1,409.4180000000001
CCCS(=O)(=O)Nc1ccc(F)c(C(=O)Nc2cnc3[nH]c(C4CCC4)nc3c2)c1F,1681.5,5.774303128349346,0,449.48300000000023
CCCS(=O)(=O)Nc1ccc(F)c(C(=O)Nc2cnc3[nH]c(C4CCCNC4)nc3c2)c1F,5083.5,5.29383717210694,0,478.52500000000026
CCCS(=O)(=O)Nc1ccc(F)c(C(=O)Nc2cnc3[nH]c(C4CCNCC4)nc3c2)c1F,5053.5,5.296407729963199,0,478.52500000000026
CCCS(=O)(=O)Nc1ccc(F)c(C(=O)Nc2cnc3[nH]c(CC)nc3c2)c1F,913.5,6.0392914483114435,1,423.44500000000016
CCCS(=O)(=O)Nc1ccc(F)c(C(=O)Nc2cnc3[nH]cc(Br)c3c2)c1F,40.530166666666666,7.392221610364776,1,473.2990000000001
CCCS(=O)(=O)Nc1ccc(F)c(C(=O)Nc2cnc3[nH]cc(C(F)(F)F)c3c2)c1F,6.2,8.207608310501746,1,462.4000000000001
CCCS(=O)(=O)Nc1ccc(F)c(C(=O)Nc2cnc3[nH]cc(C)c3c2)c1F,13.339999999999998,7.87484417041947,1,408.4300000000001
CCCS(=O)(=O)Nc1ccc(F)c(C(=O)Nc2cnc3[nH]cc(CC)c3c2)c1F,19.0,7.721246399047171,1,422.45700000000016
CCCS(=O)(=O)Nc1ccc(F)c(C(=O)Nc2cnc3[nH]cc(I)c3c2)c1F,2.2,8.657577319177793,1,520.2990000000001
CCCS(=O)(=O)Nc1ccc(F)c(C(=O)Nc2cnc3[nH]cc(N(C)C)c3c2)c1F,8.164,8.088097003955967,1,437.47200000000015
CCCS(=O)(=O)Nc1ccc(F)c(C(=O)Nc2cnc3[nH]cc(OC)c3c2)c1F,4.792999999999999,8.319392571008212,1,424.42900000000014
CCCS(=O)(=O)Nc1ccc(F)c(C(=O)Nc2cnc3[nH]ccc3c2)c1,210.0,6.6777807052660805,1,376.41300000000007
CCCS(=O)(=O)Nc1ccc(F)c(C(=O)Nc2cnc3[nH]ccc3c2)c1C,252.00666666666666,6.59858797009842,1,390.4400000000001
CCCS(=O)(=O)Nc1ccc(F)c(C(=O)Nc2cnc3[nH]ccc3c2)c1F,78.7475,7.103763224883619,1,394.4030000000001
CCCS(=O)(=O)Nc1ccc(F)c(C(=O)Nc2cnc3[nH]cnc3c2)c1C,61.33,7.212327035312507,1,391.4280000000001
CCCS(=O)(=O)Nc1ccc(F)c(C(=O)Nc2cnc3[nH]cnc3c2)c1F,1581.6,5.800903343694384,0,395.3910000000001
CCCS(=O)(=O)Nc1ccc(F)c(C(=O)Nc2cnc3[nH]nc(Br)c3c2)c1F,78.0,7.107905397309519,1,474.2870000000001
CCCS(=O)(=O)Nc1ccc(F)c(C(=O)Nc2cnc3[nH]nc(C(C)C)c3c2)c1F,51.5,7.288192770958809,1,437.47200000000015
CCCS(=O)(=O)Nc1ccc(F)c(C(=O)Nc2cnc3[nH]nc(C(F)(F)F)c3c2)c1F,5.8,8.236572006437063,1,463.3880000000001
CCCS(=O)(=O)Nc1ccc(F)c(C(=O)Nc2cnc3[nH]nc(C)c3c2)c1F,235.0,6.628932137728263,1,409.4180000000001
CCCS(=O)(=O)Nc1ccc(F)c(C(=O)Nc2cnc3[nH]nc(C4CC4)c3c2)c1Cl,18.4,7.735182176990463,1,451.9110000000002
CCCS(=O)(=O)Nc1ccc(F)c(C(=O)Nc2cnc3[nH]nc(C4CC4)c3c2)c1F,12.85,7.891096872332686,1,435.4560000000002
CCCS(=O)(=O)Nc1ccc(F)c(C(=O)Nc2cnc3[nH]nc(CC)c3c2)c1F,9.2,8.036212172654444,1,423.44500000000016
CCCS(=O)(=O)Nc1ccc(F)c(C(=O)Nc2cnc3[nH]nc(I)c3c2)c1F,1.8,8.744727494896694,1,521.2870000000001
CCCS(=O)(=O)Nc1ccc(F)c(C(=O)Nc2cnc3[nH]nc(N(C)C)c3c2)c1F,232.73333333333335,6.633141410241502,1,438.46000000000015
CCCS(=O)(=O)Nc1ccc(F)c(C(=O)Nc2cnc3[nH]nc(OC)c3c2)c1,150.0,6.823908740944319,1,407.42700000000013
CCCS(=O)(=O)Nc1ccc(F)c(C(=O)Nc2cnc3[nH]nc(OC)c3c2)c1C(F)(F)F,530.0,6.275724130399211,1,475.42400000000015
CCCS(=O)(=O)Nc1ccc(F)c(C(=O)Nc2cnc3[nH]nc(OC)c3c2)c1Cl,10.6,7.97469413473523,1,441.8720000000002
CCCS(=O)(=O)Nc1ccc(F)c(C(=O)Nc2cnc3[nH]nc(OC)c3c2)c1F,21.701000000000004,7.6635202530420035,1,425.41700000000014
CCCS(=O)(=O)Nc1ccc(F)c(C(=O)Nc2cnc3[nH]nc(OC)c3c2)c1OC,110.0,6.958607314841775,1,437.4530000000002
CCCS(=O)(=O)Nc1ccc(F)c(C(=O)Nc2cnc3[nH]nc(OCC(F)(F)F)c3c2)c1F,5.3,8.275724130399212,1,493.41400000000016
CCCS(=O)(=O)Nc1ccc(F)c(C(=O)Nc2cnc3[nH]nc(OCC)c3c2)c1F,2.4,8.619788758288394,1,439.4440000000002
CCCS(=O)(=O)Nc1ccc(F)c(C(=O)Nc2cnc3[nH]nc(OCC4CCC4)c3c2)c1F,3.5,8.455931955649724,1,479.5090000000003
CCCS(=O)(=O)Nc1ccc(F)c(C(=O)Nc2cnc3[nH]nc(OCC4COC4)c3c2)c1F,4.2,8.3767507096021,1,481.4810000000003
CCCS(=O)(=O)Nc1ccc(F)c(C(=O)Nc2cnc3[nH]nc(O[C@@H]4CCOC4)c3c2)c1F,6.9,8.161150909262744,1,481.4810000000003
CCCS(=O)(=O)Nc1ccc(F)c(C(=O)Nc2cnc3[nH]ncc3c2)c1F,101.0,6.995678626217358,1,395.3910000000001
CCCS(=O)(=O)Nc1ccc(F)c(C(=O)Nc2cnc3cc(-c4ccc(Cl)cc4)nn3c2)c1F,49.1,7.308918507877031,1,505.9340000000002
CCCS(=O)(=O)Nc1ccc(F)c(C(=O)Nc2cnc3cc(-c4ccc(F)cc4)nn3c2)c1F,32.5,7.488116639021126,1,489.47900000000016
CCCS(=O)(=O)Nc1ccc(F)c(C(=O)Nc2cnc3cc(-c4cccc(F)c4)nn3c2)c1F,39.5,7.403402904373539,1,489.47900000000016
CCCS(=O)(=O)Nc1ccc(F)c(C(=O)Nc2cnc3cc(-c4ccccc4)nn3c2)c1F,10.15,7.993533957750768,1,471.48900000000015
CCCS(=O)(=O)Nc1ccc(F)c(C(=O)Nc2cnc3cc(-c4cccnc4)nn3c2)c1F,20.0,7.698970004336019,1,472.47700000000015
CCCS(=O)(=O)Nc1ccc(F)c(C(=O)Nc2cnc3cc(-c4cnn(C)c4)nn3c2)c1F,30.5,7.515700160653214,1,475.48100000000017
CCCS(=O)(=O)Nc1ccc(F)c(C(=O)Nc2cnc3cc(C(F)(F)F)nn3c2)c1F,250.0,6.6020599913279625,1,463.3880000000001
CCCS(=O)(=O)Nc1ccc(F)c(C(=O)Nc2cnc3cc(C)nn3c2)c1F,189.5,6.722390785695909,1,409.4180000000001
CCCS(=O)(=O)Nc1ccc(F)c(C(=O)Nc2cnc3cc(C4CC4)nn3c2)c1F,211.5,6.674689628288939,1,435.4560000000002
CCCS(=O)(=O)Nc1ccc(F)c(C(=O)Nc2cnc3cc(C4CCCC4)nn3c2)c1F,288.0,6.540607512240769,1,463.5100000000003
CCCS(=O)(=O)Nc1ccc(F)c(C(=O)Nc2cnc3cc(CC)nn3c2)c1F,166.5,6.778585762157661,1,423.44500000000016
CCCS(=O)(=O)Nc1ccc(F)c(C(=O)Nc2cnc3cc(N4CCCC4)nn3c2)c1F,515.5,6.2877713303804645,1,464.4980000000003
CCCS(=O)(=O)Nc1ccc(F)c(C(=O)Nc2cnc3cc(N4CCOCC4)nn3c2)c1F,244.5,6.6117211365403605,1,480.4970000000003
CCCS(=O)(=O)Nc1ccc(F)c(C(=O)Nc2cnc3cc(NC(C)C)nn3c2)c1F,292.5,6.5338741295818,1,452.48700000000014
CCCS(=O)(=O)Nc1ccc(F)c(C(=O)Nc2cnc3cc(NC)nn3c2)c1F,255.5,6.592609095529268,1,424.4330000000001
CCCS(=O)(=O)Nc1ccc(F)c(C(=O)Nc2cnc3cc(OC(C)C)nn3c2)c1F,299.0,6.52432881167557,1,453.4710000000002
CCCS(=O)(=O)Nc1ccc(F)c(C(=O)Nc2cnc3cc(OC)nn3c2)c1F,55.5,7.255707016877324,1,425.41700000000014
CCCS(=O)(=O)Nc1ccc(F)c(C(=O)Nc2cnc3cc(OCC)nn3c2)c1F,144.0,6.841637507904751,1,439.4440000000002
CCCS(=O)(=O)Nc1ccc(F)c(C(=O)Nc2cnc3cc(OCCOC)nn3c2)c1F,88.5,7.053056729302175,1,469.47000000000025
CCCS(=O)(=O)Nc1ccc(F)c(C(=O)Nc2cnc3cc[nH]c3c2)c1F,960.0,6.017728766960431,1,394.4030000000001
CCCS(=O)(=O)Nc1ccc(F)c(C(=O)Nc2cnc3ccccc3c2)c1F,5461.25,5.2627079422823755,0,405.4260000000001
CCCS(=O)(=O)Nc1ccc(F)c(C(=O)Nc2cnc3ccnn3c2)c1F,367.5,6.434742656579786,1,395.3910000000001
CCCS(=O)(=O)Nc1ccc(F)c(C(=O)Nc2cnc3nccn3c2)c1F,10000.0,5.0,0,395.3910000000001
CCCS(=O)(=O)Nc1ccc(F)c(C(=O)Nc2cnc3occc3c2)c1F,10000.0,5.0,0,395.3870000000001
CCCS(=O)(=O)Nc1ccc(F)c(C(=O)c2c[nH]c3ncc(-c4ccc(C#CCN(CC)CC)nc4)cc23)c1F,10.0,8.0,1,565.6460000000003
CCCS(=O)(=O)Nc1ccc(F)c(C(=O)c2c[nH]c3ncc(-c4ccc(C(=O)NC)nc4)cc23)c1F,10.0,8.0,1,513.5260000000002
CCCS(=O)(=O)Nc1ccc(F)c(C(=O)c2c[nH]c3ncc(-c4ccc(C(=O)NC5CC5)nc4)cc23)c1F,10.0,8.0,1,539.5640000000003
CCCS(=O)(=O)Nc1ccc(F)c(C(=O)c2c[nH]c3ncc(-c4ccc(C(=O)NCC)nc4)cc23)c1F,10.0,8.0,1,527.5530000000002
CCCS(=O)(=O)Nc1ccc(F)c(C(=O)c2c[nH]c3ncc(-c4ccc(C(=O)NCCCCCCOCCCCCOCCCCC(=O)N[C@H](C(=O)N5C[C@H](O)C[C@H]5C(=O)NCc5ccc(-c6scnc6C)cc5)C(C)(C)C)cc4)cc23)c1F,48.0,7.318758762624412,1,1197.4819999999988
CCCS(=O)(=O)Nc1ccc(F)c(C(=O)c2c[nH]c3ncc(-c4ccc(C(=O)NCCOCCOCC(=O)N[C@H](C(=O)N5C[C@H](O)C[C@H]5C(=O)NCc5ccc(-c6scnc6C)cc5)C(C)(C)C)cc4)cc23)c1F,8.5,8.070581074285707,1,1057.2119999999998
CCCS(=O)(=O)Nc1ccc(F)c(C(=O)c2c[nH]c3ncc(-c4ccc(C(=O)NCCOCCOCCOCCCCC(=O)N[C@H](C(=O)N5C[C@H](O)C[C@H]5C(=O)NCc5ccc(-c6scnc6C)cc5)C(C)(C)C)cc4)cc23)c1F,0.31,9.508638306165727,1,1143.345999999999
CCCS(=O)(=O)Nc1ccc(F)c(C(=O)c2c[nH]c3ncc(-c4ccc(C(=O)NCCOCCOCCOCCOc5cc(-c6scnc6C)ccc5CNC(=O)[C@@H]5C[C@@H](O)CN5C(=O)[C@H](C(C)C)N5Cc6ccccc6C5=O)cc4)cc23)c1F,3.4,8.468521082957745,1,1205.3729999999996
CCCS(=O)(=O)Nc1ccc(F)c(C(=O)c2c[nH]c3ncc(-c4ccc(C(N)=O)nc4)cc23)c1F,100.0,7.0,1,499.4990000000002
CCCS(=O)(=O)Nc1ccc(F)c(C(=O)c2c[nH]c3ncc(-c4ccc(C)nc4)cc23)c1F,10.0,8.0,1,470.50100000000015
CCCS(=O)(=O)Nc1ccc(F)c(C(=O)c2c[nH]c3ncc(-c4ccc(C)nc4F)cc23)c1F,100.0,7.0,1,488.49100000000016
CCCS(=O)(=O)Nc1ccc(F)c(C(=O)c2c[nH]c3ncc(-c4ccc(CCCOC)cc4)cc23)c1F,10.0,8.0,1,527.5930000000003
CCCS(=O)(=O)Nc1ccc(F)c(C(=O)c2c[nH]c3ncc(-c4ccc(CNC(=O)CCCCOCCCCOCCCCOc5cc(-c6scnc6C)ccc5CNC(=O)[C@@H]5C[C@@H](O)CN5C(=O)[C@H](C(C)C)N5Cc6ccccc6C5=O)cc4)cc23)c1F,10.0,8.0,1,1259.5089999999993
CCCS(=O)(=O)Nc1ccc(F)c(C(=O)c2c[nH]c3ncc(-c4ccc(CNC(=O)CCCCOCCOCCOCCOc5cc(-c6scnc6C)ccc5CNC(=O)[C@@H]5C[C@@H](O)CN5C(=O)[C@H](C(C)C)N5Cc6ccccc6C5=O)cc4)cc23)c1F,3.8,8.42021640338319,1,1247.4539999999995
CCCS(=O)(=O)Nc1ccc(F)c(C(=O)c2c[nH]c3ncc(-c4ccc(Cl)cc4)cc23)c1F,601.1909375,6.220987574697582,1,489.9310000000001
CCCS(=O)(=O)Nc1ccc(F)c(C(=O)c2c[nH]c3ncc(-c4ccc(Cl)nc4)cc23)c1F,55.0,7.259637310505756,1,490.9190000000001
CCCS(=O)(=O)Nc1ccc(F)c(C(=O)c2c[nH]c3ncc(-c4ccc(F)nc4)cc23)c1F,10.0,8.0,1,474.4640000000001
CCCS(=O)(=O)Nc1ccc(F)c(C(=O)c2c[nH]c3ncc(-c4ccc(N(C)C)nc4)cc23)c1F,100.0,7.0,1,499.5430000000002
CCCS(=O)(=O)Nc1ccc(F)c(C(=O)c2c[nH]c3ncc(-c4ccc(N)nc4)cc23)c1F,10.0,8.0,1,471.48900000000015
CCCS(=O)(=O)Nc1ccc(F)c(C(=O)c2c[nH]c3ncc(-c4ccc(N5CCCC5)nc4)cc23)c1F,10.0,8.0,1,525.5810000000004
CCCS(=O)(=O)Nc1ccc(F)c(C(=O)c2c[nH]c3ncc(-c4ccc(NC(C)=O)cc4)cc23)c1F,10.0,8.0,1,512.5380000000002
CCCS(=O)(=O)Nc1ccc(F)c(C(=O)c2c[nH]c3ncc(-c4ccc(NC(C)=O)nc4)cc23)c1F,10.0,8.0,1,513.5260000000002
CCCS(=O)(=O)Nc1ccc(F)c(C(=O)c2c[nH]c3ncc(-c4ccc(NS(C)(=O)=O)cc4)cc23)c1F,10.0,8.0,1,548.5930000000002
CCCS(=O)(=O)Nc1ccc(F)c(C(=O)c2c[nH]c3ncc(-c4ccc(O)nc4)cc23)c1F,10.0,8.0,1,472.4730000000001
CCCS(=O)(=O)Nc1ccc(F)c(C(=O)c2c[nH]c3ncc(-c4ccc(OC)nc4OC)cc23)c1F,100.0,7.0,1,516.5260000000003
CCCS(=O)(=O)Nc1ccc(F)c(C(=O)c2c[nH]c3ncc(-c4ccc(OCCCN(C)C)nc4)cc23)c1F,10.0,8.0,1,557.6230000000003
CCCS(=O)(=O)Nc1ccc(F)c(C(=O)c2c[nH]c3ncc(-c4ccc(OCCCN5CCCC5)nc4)cc23)c1F,10.0,8.0,1,583.6610000000004
CCCS(=O)(=O)Nc1ccc(F)c(C(=O)c2c[nH]c3ncc(-c4ccc(OCCCN5CCOCC5)nc4)cc23)c1F,10.0,8.0,1,599.6600000000003
CCCS(=O)(=O)Nc1ccc(F)c(C(=O)c2c[nH]c3ncc(-c4ccc(OCCN5CCCC5)nc4)cc23)c1F,10.0,8.0,1,569.6340000000004
CCCS(=O)(=O)Nc1ccc(F)c(C(=O)c2c[nH]c3ncc(-c4ccc(OCCN5CCOCC5)nc4)cc23)c1F,10.0,8.0,1,585.6330000000004
CCCS(=O)(=O)Nc1ccc(F)c(C(=O)c2c[nH]c3ncc(-c4ccc(S(=O)(=O)C(C)C)cc4)cc23)c1F,10.0,8.0,1,561.6320000000002
CCCS(=O)(=O)Nc1ccc(F)c(C(=O)c2c[nH]c3ncc(-c4ccc(S(=O)(=O)CC)cc4)cc23)c1F,100.0,7.0,1,547.6050000000002
CCCS(=O)(=O)Nc1ccc(F)c(C(=O)c2c[nH]c3ncc(-c4ccc(S(=O)(=O)N(C)C)cc4)cc23)c1F,10.0,8.0,1,562.6200000000002
CCCS(=O)(=O)Nc1ccc(F)c(C(=O)c2c[nH]c3ncc(-c4ccc(S(=O)(=O)N5CCOCC5)cc4)cc23)c1F,10.0,8.0,1,604.6570000000003
CCCS(=O)(=O)Nc1ccc(F)c(C(=O)c2c[nH]c3ncc(-c4ccc(S(=O)(=O)NC)cc4)cc23)c1F,10.0,8.0,1,548.5930000000002
CCCS(=O)(=O)Nc1ccc(F)c(C(=O)c2c[nH]c3ncc(-c4ccc(S(=O)(=O)NC5CC5)cc4)cc23)c1F,10.0,8.0,1,574.6310000000002
CCCS(=O)(=O)Nc1ccc(F)c(C(=O)c2c[nH]c3ncc(-c4ccc(S(C)(=O)=O)cc4)cc23)c1F,10.0,8.0,1,533.5780000000002
CCCS(=O)(=O)Nc1ccc(F)c(C(=O)c2c[nH]c3ncc(-c4ccc(S(N)(=O)=O)cc4)cc23)c1F,10.0,8.0,1,534.5660000000003
CCCS(=O)(=O)Nc1ccc(F)c(C(=O)c2c[nH]c3ncc(-c4ccc(SC)nc4)cc23)c1F,10.0,8.0,1,502.56800000000015
CCCS(=O)(=O)Nc1ccc(F)c(C(=O)c2c[nH]c3ncc(-c4cccc(S(C)(=O)=O)c4)cc23)c1F,10.0,8.0,1,533.5780000000002
CCCS(=O)(=O)Nc1ccc(F)c(C(=O)c2c[nH]c3ncc(-c4ccnc(F)c4)cc23)c1F,10.0,8.0,1,474.4640000000001
CCCS(=O)(=O)Nc1ccc(F)c(C(=O)c2c[nH]c3ncc(-c4cn[nH]c4)cc23)c1F,10.0,8.0,1,445.4510000000001
CCCS(=O)(=O)Nc1ccc(F)c(C(=O)c2c[nH]c3ncc(-c4cnc(C)nc4)cc23)c1F,10.0,8.0,1,471.48900000000015
CCCS(=O)(=O)Nc1ccc(F)c(C(=O)c2c[nH]c3ncc(-c4cnc(N(C)C)nc4)cc23)c1F,10.0,8.0,1,500.5310000000002
CCCS(=O)(=O)Nc1ccc(F)c(C(=O)c2c[nH]c3ncc(-c4cnc(N5CCCC5)nc4)cc23)c1F,100.0,7.0,1,526.5690000000003
CCCS(=O)(=O)Nc1ccc(F)c(C(=O)c2c[nH]c3ncc(-c4cnc(N5CCOCC5)nc4)cc23)c1F,10.0,8.0,1,542.5680000000003
CCCS(=O)(=O)Nc1ccc(F)c(C(=O)c2c[nH]c3ncc(-c4cnc(OC)nc4)nc23)c1F,10000.0,5.0,0,488.47600000000017
CCCS(=O)(=O)Nc1ccc(F)c(C(=O)c2c[nH]c3ncc(-c4cnc(OC)nc4OC)cc23)c1F,55.0,7.259637310505756,1,517.5140000000002
CCCS(=O)(=O)Nc1ccc(F)c(C(=O)c2c[nH]c3ncc(-c4cnc(OCCCN(C)C)nc4)cc23)c1F,10.0,8.0,1,558.6110000000003
CCCS(=O)(=O)Nc1ccc(F)c(C(=O)c2c[nH]c3ncc(-c4cnc(SC)nc4)cc23)c1F,10.0,8.0,1,503.55600000000015
CCCS(=O)(=O)Nc1ccc(F)c(C(=O)c2c[nH]c3ncc(-c4cncc(S(C)(=O)=O)c4)cc23)c1F,10.0,8.0,1,534.5660000000003
CCCS(=O)(=O)Nc1ccc(F)c(C(=O)c2c[nH]c3ncc(-c4cncnc4)cc23)c1F,55.0,7.259637310505756,1,457.4620000000001
CCCS(=O)(=O)Nc1ccc(F)c(C(=O)c2c[nH]c3ncc(-c4cnn(CCN5CCOCC5)c4)cc23)c1F,10.0,8.0,1,558.6110000000003
CCCS(=O)(=O)Nc1ccc(F)c(C(=O)c2c[nH]c3ncc(-c4cnn(Cc5ccccc5)c4)cc23)c1F,10.0,8.0,1,535.5760000000002
CCCS(=O)(=O)Nc1ccc(F)c(C(=O)c2c[nH]c3ncc(Br)nc23)c1F,10000.0,5.0,0,459.27200000000005
CCCS(=O)(=O)Nc1ccc(F)c(C(=O)c2c[nH]c3ncc(C#CCOC)cc23)c1F,55.0,7.259637310505756,1,447.4630000000002
CCCS(=O)(=O)Nc1ccc(F)c(C(=O)c2c[nH]c3ncc(Cl)cc23)c1F,2639.9727272727273,5.578400559666586,0,413.833
CCCS(=O)(=O)Nc1ccc(F)c(C(=O)c2c[nH]c3nccnc23)c1F,10000.0,5.0,0,380.37600000000003
CCCS(=O)(=O)Nc1ccc(F)c(C(=O)c2c[nH]c3ncnc(C)c23)c1F,10000.0,5.0,0,394.4030000000001
CCCS(=O)(=O)Nc1ccc(F)c(C(=O)c2c[nH]c3ncnc(CC(C)C)c23)c1F,100.0,7.0,1,436.48400000000015
CCCS(=O)(=O)Nc1ccc(F)c(C(=O)c2c[nH]c3ncnc(COC)c23)c1F,100.0,7.0,1,424.42900000000014
CCCS(=O)(=O)Nc1ccc(F)c(C(=O)c2c[nH]c3ncnc(Cl)c23)c1F,100.0,7.0,1,414.8210000000001
CCCS(=O)(=O)Nc1ccc(F)c(C(=O)c2c[nH]c3ncnc(NC(C)C)c23)c1F,100.0,7.0,1,437.4720000000001
CCCS(=O)(=O)Nc1ccc(F)c(C(=O)c2c[nH]c3ncnc(NC4CC4)c23)c1F,100.0,7.0,1,435.45600000000013
CCCS(=O)(=O)Nc1ccc(F)c(C(=O)c2c[nH]c3ncnc(NC4CCOCC4)c23)c1F,100.0,7.0,1,479.50900000000024
CCCS(=O)(=O)Nc1ccc(F)c(C(=O)c2c[nH]c3ncnc(NC4COC4)c23)c1F,100.0,7.0,1,451.45500000000015
CCCS(=O)(=O)Nc1ccc(F)c(C(=O)c2c[nH]c3ncnc(Nc4ccccc4)c23)c1F,100.0,7.0,1,471.4890000000001
CCCS(=O)(=O)Nc1ccc(F)c(C(=O)c2c[nH]c3ncnc(O)c23)c1F,100.0,7.0,1,396.37500000000006
CCCS(=O)(=O)Nc1ccc(F)c(C(=O)c2c[nH]c3ncnc(OC)c23)c1F,10000.0,5.0,0,410.4020000000001
CCCS(=O)(=O)Nc1ccc(F)c(C(=O)c2c[nH]c3ncncc23)c1F,10000.0,5.0,0,380.37600000000003
CCCS(=O)(=O)Nc1ccc(F)c(C=O)c1F,100.0,7.0,1,263.265
CCCS(=O)(=O)Nc1ccc(F)c(CNc2ccc(NC(C)=O)nc2)c1F,10000.0,5.0,0,398.43500000000006
CCCS(=O)(=O)Nc1ccc(F)c(CNc2cnc3ccccc3c2)c1F,10000.0,5.0,0,391.44300000000004
CCCS(=O)(=O)Nc1ccc(F)c(COc2cnc3ccccc3c2)c1F,10000.0,5.0,0,392.427
CCCS(=O)(=O)Nc1ccc(F)c(N(C)c2ccc3ncn(C)c(=O)c3c2)c1Cl,88.475,7.053179428690448,1,438.91200000000015
CCCS(=O)(=O)Nc1ccc(F)c(N(C)c2ccc3ncn(C)c(=O)c3c2)c1F,53.975,7.267807348993731,1,422.4570000000001
CCCS(=O)(=O)Nc1ccc(F)c(N(CC)c2ccc3ncn(C)c(=O)c3c2)c1Cl,316.5,6.4996262856466265,1,452.9390000000002
CCCS(=O)(=O)Nc1ccc(F)c(N(CC)c2ccc3ncn(C)c(=O)c3c2)c1F,132.475,6.877866071813632,1,436.48400000000015
CCCS(=O)(=O)Nc1ccc(F)c(NC(=O)N(C)c2cc(N)ncn2)c1F,122.295,6.912591298620288,1,400.4110000000001
CCCS(=O)(=O)Nc1ccc(F)c(NC(=O)Nc2cc(N)ncn2)c1F,215.8125,6.66592340430647,1,386.38400000000007
CCCS(=O)(=O)Nc1ccc(F)c(NC(=O)Nc2cc(NC)ncn2)c1F,69.0775,7.160663388473594,1,400.41100000000006
CCCS(=O)(=O)Nc1ccc(F)c(NC(=O)Nc2cc(NCCO)ncn2)c1F,1732.0,5.761452112318672,0,430.4370000000001
CCCS(=O)(=O)Nc1ccc(F)c(NC(=O)Nc2ncnc3[nH]nc(OC)c23)c1F,1.595,8.7972393126068,1,441.42000000000013
CCCS(=O)(=O)Nc1ccc(F)c(NC(=O)Nc2ncnc3[nH]ncc23)c1F,26.205750000000002,7.581603406417393,1,411.39400000000006
CCCS(=O)(=O)Nc1ccc(F)c(NC(=O)c2cccc3c(N)ncnc23)c1Cl,2.32925,8.632783895839031,1,437.8840000000001
CCCS(=O)(=O)Nc1ccc(F)c(NC(=O)c2cccc3c(N)ncnc23)c1F,3.7300000000000004,8.428291168191313,1,421.42900000000014
CCCS(=O)(=O)Nc1ccc(F)c(NC(=O)c2csc3c(N)ncnc23)c1Cl,4.574,8.339703839729271,1,443.9130000000001
CCCS(=O)(=O)Nc1ccc(F)c(NC(=O)c2csc3c(N)ncnc23)c1F,6.159000000000001,8.210489795909746,1,427.45800000000014
CCCS(=O)(=O)Nc1ccc(F)c(NCc2cnc3ccccc3c2)c1F,10000.0,5.0,0,391.44300000000004
CCCS(=O)(=O)Nc1ccc(F)c(Nc2ccc3ncccc3c2)c1F,3282.5,5.483795265238483,0,377.41600000000005
CCCS(=O)(=O)Nc1ccc(F)c(Nc2ccc3nccnc3c2)c1Cl,419.5,6.377268034835281,1,394.85900000000004
CCCS(=O)(=O)Nc1ccc(F)c(Nc2ccc3ncn(-c4ccccc4)c(=O)c3c2C)c1Cl,92.7,7.032920265855503,1,500.9830000000002
CCCS(=O)(=O)Nc1ccc(F)c(Nc2ccc3ncn(-c4cccnc4)c(=O)c3c2C)c1Cl,35.5,7.449771646944906,1,501.97100000000023
CCCS(=O)(=O)Nc1ccc(F)c(Nc2ccc3ncn(-c4cnn(C)c4)c(=O)c3c2)c1Cl,10.0,8.0,1,490.9480000000002
CCCS(=O)(=O)Nc1ccc(F)c(Nc2ccc3ncn(C(C)C)c(=O)c3c2C)c1Cl,64.95,7.187420844590953,1,466.96600000000024
CCCS(=O)(=O)Nc1ccc(F)c(Nc2ccc3ncn(C)c(=O)c3c2)c1Cl,17.275,7.762581943953764,1,424.8850000000001
CCCS(=O)(=O)Nc1ccc(F)c(Nc2ccc3ncn(C)c(=O)c3c2)c1F,57.775,7.238260045848853,1,408.4300000000001
CCCS(=O)(=O)Nc1ccc(F)c(Nc2ccc3ncn(C)c(=O)c3c2C)c1C,2819.0,5.5499049241283975,0,418.4940000000002
CCCS(=O)(=O)Nc1ccc(F)c(Nc2ccc3ncn(C)c(=O)c3c2C)c1C#N,2.0,8.698970004336019,1,429.4770000000002
CCCS(=O)(=O)Nc1ccc(F)c(Nc2ccc3ncn(C)c(=O)c3c2C)c1Cl,15.0625,7.822102940081057,1,438.91200000000015
CCCS(=O)(=O)Nc1ccc(F)c(Nc2ccc3ncn(C)c(=O)c3c2C)c1F,25.6,7.59176003468815,1,422.45700000000016
CCCS(=O)(=O)Nc1ccc(F)c(Nc2ccc3ncn(C)c(=O)c3c2Cl)c1Cl,3.7,8.431798275933005,1,459.33000000000015
CCCS(=O)(=O)Nc1ccc(F)c(Nc2ccc3ncn(C)c(=O)c3c2F)c1Cl,4.8,8.318758762624412,1,442.8750000000001
CCCS(=O)(=O)Nc1ccc(F)c(Nc2ccc3ncn(C)c(=O)c3c2OC)c1Cl,211.85,6.673971531662992,1,454.9110000000002
CCCS(=O)(=O)Nc1ccc(F)c(Nc2ccc3ncn(C4CC4)c(=O)c3c2C)c1Cl,30.85,7.510744831630739,1,464.9500000000003
CCCS(=O)(=O)Nc1ccc(F)c(Nc2ccc3ncn(C4CCC4)c(=O)c3c2C)c1Cl,24.0,7.619788758288394,1,478.9770000000003
CCCS(=O)(=O)Nc1ccc(F)c(Nc2ccc3ncn(C4CCCC4)c(=O)c3c2C)c1Cl,52.6,7.279014255846261,1,493.00400000000036
CCCS(=O)(=O)Nc1ccc(F)c(Nc2ccc3ncn(CC(F)(F)F)c(=O)c3c2C)c1Cl,3.4,8.468521082957745,1,506.9090000000002
CCCS(=O)(=O)Nc1ccc(F)c(Nc2ccc3ncn(CC)c(=O)c3c2C)c1Cl,10.4025,7.982862275535015,1,452.9390000000002
CCCS(=O)(=O)Nc1ccc(F)c(Nc2ccc3ncn(CC4CC4)c(=O)c3c2C)c1Cl,89.775,7.046844586201889,1,478.9770000000003
CCCS(=O)(=O)Nc1ccc(F)c(Nc2ccc3ncn(CCOC)c(=O)c3c2C)c1Cl,45.5,7.341988603342887,1,482.96500000000026
CCCS(=O)(=O)Nc1ccc(F)c(Nc2ccc3ncn(Cc4ccccc4)c(=O)c3c2)c1Cl,299.0,6.52432881167557,1,500.9830000000002
CCCS(=O)(=O)Nc1ccc(F)c(Nc2ccc3ncn(Cc4ccccc4)c(=O)c3c2C)c1Cl,174.0,6.7594507517174005,1,515.0100000000002
CCCS(=O)(=O)Nc1ccc(F)c(Nc2ccc3ncn([C@@H]4CCOC4)c(=O)c3c2C)c1Cl,8.9,8.050609993355087,1,494.97600000000034
CCCS(=O)(=O)Nc1ccc(F)c(Nc2ccc3ncn([C@H]4CCOC4)c(=O)c3c2C)c1Cl,24.5,7.610833915635467,1,494.97600000000034
CCCS(=O)(=O)Nc1ccc(F)c(Nc2ccc3ncnc(N(C)C)c3c2)c1Cl,489.0,6.31069114087638,1,437.9280000000001
CCCS(=O)(=O)Nc1ccc(F)c(Nc2ccc3ncnc(NC)c3c2)c1Cl,71.5,7.14569395819892,1,423.90100000000007
CCCS(=O)(=O)Nc1ccc(F)c(Nc2ccc3ncnc(OC)c3c2)c1Cl,374.5,6.426548177964515,1,424.8850000000001
CCCS(=O)(=O)Nc1ccc(F)c(Nc2ccc3ncncc3c2)c1Cl,24.0,7.619788758288394,1,394.85900000000004
CCCS(=O)(=O)Nc1ccc(F)c(Nc2ccc3ncncc3c2)c1F,75.5,7.1220530483708115,1,378.40400000000005
CCCS(=O)(=O)Nc1ccc(F)c(Nc2ncccc2-c2ncnc3[nH]cnc23)c1F,17.0,7.769551078621726,1,445.4550000000001
CCCS(=O)(=O)Nc1ccc(F)c(Oc2ccc3ncn(C)c(=O)c3c2)c1C#N,1.6,8.795880017344075,1,416.43400000000014
CCCS(=O)(=O)Nc1ccc(F)c(Oc2ccc3ncn(C)c(=O)c3c2)c1F,34.25,7.465339424171556,1,409.4140000000001
CCCS(=O)(=O)Nc1ccc(F)c(Oc2ccc3ncn(C)c(=O)c3c2C)c1C#N,0.46,9.337242168318426,1,430.4610000000002
CCCS(=O)(=O)Nc1ccc(F)c(Oc2ccc3ncn(C)c(=O)c3c2C)c1Cl,4.25,8.371611069949688,1,439.8960000000002
CCCS(=O)(=O)Nc1ccc(F)c(Oc2ccc3ncn(C)c(=O)c3c2C)c1F,16.4,7.785156151952302,1,423.44100000000014
CCCS(=O)(=O)Nc1ccc(F)c(Sc2ccc3ncn(C)c(=O)c3c2)c1F,273.2,6.563519304990505,1,425.48200000000014
CCCS(=O)(=O)Nc1ccc(F)c(Sc2ccc3ncn(C)c(=O)c3c2C)c1Cl,92.4,7.0343280287798935,1,455.96400000000017
CCCS(=O)(=O)Nc1ccc(OC)c(C(=O)Nc2cnc3[nH]nc(OC)c3c2)c1F,2600.0,5.585026652029182,0,437.4530000000001
CCCS(=O)(=O)Nc1cccc(-c2[nH]c(C(C)(C)C)nc2-c2ccnc(NC[C@H](C)NC(=O)OC)n2)c1F,0.38,9.42021640338319,1,547.6570000000003
CCCS(=O)(=O)Nc1cccc(-c2[nH]c(C3CC3)nc2-c2ccnc(NCCC#N)n2)c1F,0.13,9.886056647693163,1,469.5460000000002
CCCS(=O)(=O)Nc1cccc(-c2[nH]c(C3CC3)nc2-c2ccnc(NCCC(N)=O)n2)c1F,2.0,8.698970004336019,1,487.56100000000026
CCCS(=O)(=O)Nc1cccc(-c2[nH]c(C3CC3)nc2-c2ccnc(NC[C@H](C)NC(=O)OC)n2)c1,1.0,9.0,1,513.6240000000003
CCCS(=O)(=O)Nc1cccc(-c2[nH]c(C3CC3)nc2-c2ccnc(NC[C@H](C)NC(=O)OC)n2)c1Cl,0.13,9.886056647693163,1,548.0690000000002
CCCS(=O)(=O)Nc1cccc(-c2[nH]c(C3CC3)nc2-c2ccnc(NC[C@H](C)NC(=O)OC)n2)c1F,0.16,9.795880017344075,1,531.6140000000003
CCCS(=O)(=O)Nc1cccc(-c2cc3cnc(N)nc3n(C)c2=O)c1,10000.0,5.0,0,373.43800000000016
CCCS(=O)(=O)Nc1cccc(-c2ccc3nccc(Nc4cccc5[nH]ncc45)c3c2)c1,261.20000000000005,6.583026827396964,1,457.55900000000014
CCCS(=O)(=O)Nc1cccc(-c2ccc3ncnc(Nc4cccc5[nH]ncc45)c3c2)c1,144.95,6.838781780308984,1,458.54700000000014
CCCS(=O)(=O)Nc1cccc(-c2nn(C(C)C)cc2-c2ccnc(NC[C@H](C)NC(=O)OC)n2)c1F,2.0,8.698970004336019,1,533.6300000000003
CCCS(=O)(=O)Nc1cccc(C(=O)Nc2cnc3[nH]ccc3c2)c1F,87.0,7.060480747381382,1,376.41300000000007
CCCS(=O)(=O)Nc1cccc(C(=O)Nc2cnc3[nH]nc(OC)c3c2)c1F,13.0,7.886056647693163,1,407.42700000000013
CCCS(=O)(=O)Nc1cccc(C(=O)c2c[nH]c3ncc(-c4cnc(N(C)C)nc4)cc23)c1F,10.0,8.0,1,482.5410000000002
CCCS(=O)(=O)Nc1cccc(C(=O)c2c[nH]c3ncc(-c4cnc(OC)nc4)cc23)c1F,55.0,7.259637310505756,1,469.4980000000002
CCCS(=O)(=O)Nc1cccc(C(=O)c2c[nH]c3ncnc(OC)c23)c1F,10000.0,5.0,0,392.41200000000015
CCCS(=O)(=O)Nc1cccc(C(=O)c2c[nH]c3ncncc23)c1F,10000.0,5.0,0,362.3860000000001
CCCS(=O)(=O)Nc1cccc(Nc2ccc3ncn(C)c(=O)c3c2)c1C#N,3.15,8.5016894462104,1,397.46000000000015
CCCS(=O)(=O)Nc1cccc(Nc2ccc3ncn(C)c(=O)c3c2C)c1C#N,9.4,8.0268721464003,1,411.4870000000002
CCCS(=O)(=O)Nc1cccc(Nc2ccc3ncn(C)c(=O)c3c2C)c1Cl,70.5,7.151810883008602,1,420.92200000000014
CCCS(=O)(=O)Nc1cccc(Oc2ccc3ncn(C)c(=O)c3c2)c1C#N,3.65,8.437707135543524,1,398.44400000000013
CCCS(=O)(=O)Nc1cccc(Oc2ccc3ncn(C)c(=O)c3c2C)c1C#N,4.08,8.38933983691012,1,412.4710000000002
CCCS(=O)(=O)Nc1cccc(Oc2ccc3ncn(C)c(=O)c3c2C)c1Cl,10.8,7.966576244513051,1,421.9060000000002
CCCS(=O)(=O)Nc1cccc(Oc2ccc3ncn(C)c(=O)c3c2C)c1F,33.0,7.481486060122112,1,405.45100000000014
CCCS(=O)(=O)Nc1ncc(Cl)c(Nc2ccc3ncn(C)c(=O)c3c2C)c1Cl,4.55,8.341988603342887,1,456.35500000000025
CCCS(=O)(=O)Nc1ncc(F)c(Nc2ccc3ncn(C)c(=O)c3c2C)c1Cl,7.85,8.105130343254748,1,439.9000000000002
CCCS(=O)(=O)Nc1ncc(F)c(Nc2ccc3ncn(C)c(=O)c3c2C)c1F,17.0,7.769551078621726,1,423.44500000000016
CCCS(=O)(=O)Nc1ncc(F)c(Oc2ccc3ncn(C)c(=O)c3c2C)c1Cl,2.5999999999999996,8.585026652029182,1,440.8840000000001
CCCS(=O)(=O)Nc1ncc(F)c(Oc2ccc3ncn(C)c(=O)c3c2C)c1F,15.8,7.801342913045577,1,424.42900000000014
CCCS(=O)(=O)Nc1nccc(Oc2ccc3ncn(C)c(=O)c3c2C)c1Cl,96.0,7.017728766960431,1,422.8940000000001
CCCSc1csc2cc(-c3nc(-c4ccc(OCCN(C)C)cc4)[nH]c3-c3ccncc3)ccc12,20200.0,4.694648630553377,0,514.7200000000003
CCC[S+]([O-])Nc1ccc(F)c(Cc2c[nH]c3nc(N)n(C)c(=O)c23)c1F,245.0,6.610833915635467,1,395.4350000000001
CCC[S+]([O-])c1csc2cc(-c3nc(-c4ccc(OCCN(C)C)cc4)[nH]c3-c3ccncc3)ccc12,10000.0,5.0,0,530.7190000000003
CCCc1ccc(-c2cnc3[nH]cc(C(=O)c4c(F)ccc(NS(=O)(=O)CCC)c4F)c3c2)cn1,10.0,8.0,1,498.5550000000002
CCCc1ccc(S(=O)(=O)Nc2ccc(F)c(C(=O)c3c[nH]c4ncnc(C)c34)c2F)cc1,100.0,7.0,1,470.50100000000015
CCCc1ccc(S(=O)(=O)Nc2ccc(F)c(C(=O)c3c[nH]c4ncnc(Cl)c34)c2F)cc1,100.0,7.0,1,490.91900000000015
CCCc1ccc(S(=O)(=O)Nc2ccc(F)c(C(=O)c3c[nH]c4ncnc(NC(C)C)c34)c2F)cc1,100.0,7.0,1,513.5700000000002
CCCc1ccc(S(=O)(=O)Nc2ccc(F)c(C(=O)c3c[nH]c4ncnc(NC5CC5)c34)c2F)cc1,100.0,7.0,1,511.5540000000002
CCCc1ccc(S(=O)(=O)Nc2ccc(F)c(C(=O)c3c[nH]c4ncnc(NC5CCOCC5)c34)c2F)cc1,100.0,7.0,1,555.6070000000003
CCCc1ccc(S(=O)(=O)Nc2ccc(F)c(C(=O)c3c[nH]c4ncnc(NC5COC5)c34)c2F)cc1,100.0,7.0,1,527.5530000000002
CCCc1ccc(S(=O)(=O)Nc2ccc(F)c(C(=O)c3c[nH]c4ncnc(O)c34)c2F)cc1,100.0,7.0,1,472.4730000000001
CCCc1ccc(S(=O)(=O)Nc2ccc(F)c(C(=O)c3c[nH]c4ncnc(OC)c34)c2F)cc1,100.0,7.0,1,486.50000000000017
CCCc1ccc(S(=O)(=O)Nc2ccc(F)c(C(=O)c3c[nH]c4ncnc(OCC)c34)c2F)cc1,100.0,7.0,1,500.5270000000002
CCCc1ccc(S(=O)(=O)Nc2ccc(F)c(C(=O)c3c[nH]c4ncncc34)c2F)cc1,10000.0,5.0,0,456.4740000000001
CCCn1nc(C#Cc2cccc3c(Nc4cccc(C(F)(F)F)c4)nccc23)c2c(N)ncnc21,300.0,6.522878745280337,1,487.4890000000002
CCCn1nc(C(C)(C)C)cc1NC(=O)Nc1ccc(Oc2ccnc3[nH]c(=O)[nH]c23)cc1,5441.5,5.264281366491779,0,449.51500000000016
CCN(C(=O)c1cccc(C(F)(F)F)c1)c1cnc(C)c(-c2cnc(OC3CCOCC3)c(N3CCOCC3)c2)c1,1100.0,5.958607314841775,0,570.6120000000003
CCN(C)S(=O)(=O)Nc1cc(F)c(C(=O)c2c[nH]c3ncc(-c4ccc(Cl)cc4)cc23)c(F)c1,550.0,6.259637310505756,1,504.9460000000001
CCN(C)S(=O)(=O)Nc1cc(F)c(C(=O)c2c[nH]c3ncc(Cl)cc23)c(F)c1,550.0,6.259637310505756,1,428.848
CCN(C)S(=O)(=O)Nc1ccc(F)c(C(=O)Nc2cnc3[nH]ccc3c2)c1F,400.0,6.3979400086720375,1,409.41800000000006
CCN(C)S(=O)(=O)Nc1ccc(F)c(C(=O)Nc2cnc3[nH]nc(OC)c3c2)c1F,29.0,7.5376020021010435,1,440.43200000000013
CCN(C)S(=O)(=O)Nc1ccc(F)c(C(=O)c2c[nH]c3ncc(-c4ccc(-c5nnc(C)o5)cc4)cc23)c1F,100.0,7.0,1,552.5630000000002
CCN(C)S(=O)(=O)Nc1ccc(F)c(C(=O)c2c[nH]c3ncc(-c4ccc(-c5nnc(NC)s5)cc4)cc23)c1F,100.0,7.0,1,583.6460000000002
CCN(C)S(=O)(=O)Nc1ccc(F)c(C(=O)c2c[nH]c3ncc(-c4ccc(-c5noc(C)n5)s4)cc23)c1F,100.0,7.0,1,558.5920000000002
CCN(C)S(=O)(=O)Nc1ccc(F)c(C(=O)c2c[nH]c3ncc(-c4ccc(C#N)cc4)cc23)c1F,100.0,7.0,1,495.5110000000002
CCN(C)S(=O)(=O)Nc1ccc(F)c(C(=O)c2c[nH]c3ncc(-c4ccc(C(=O)NC5CC5)nc4)cc23)c1F,100.0,7.0,1,554.5790000000003
CCN(C)S(=O)(=O)Nc1ccc(F)c(C(=O)c2c[nH]c3ncc(-c4ccc(C(C)(C)O)nc4)cc23)c1F,100.0,7.0,1,529.5690000000003
CCN(C)S(=O)(=O)Nc1ccc(F)c(C(=O)c2c[nH]c3ncc(-c4ccc(C(F)(F)F)cc4)cc23)c1F,100.0,7.0,1,538.4980000000002
CCN(C)S(=O)(=O)Nc1ccc(F)c(C(=O)c2c[nH]c3ncc(-c4ccc(C5(C#N)CC5)cc4)cc23)c1F,100.0,7.0,1,535.5760000000004
CCN(C)S(=O)(=O)Nc1ccc(F)c(C(=O)c2c[nH]c3ncc(-c4ccc(C5(O)CC5)cc4)cc23)c1F,100.0,7.0,1,526.5650000000003
CCN(C)S(=O)(=O)Nc1ccc(F)c(C(=O)c2c[nH]c3ncc(-c4ccc(Cl)cc4)cc23)c1F,575.0,6.2403321553103694,1,504.9460000000002
CCN(C)S(=O)(=O)Nc1ccc(F)c(C(=O)c2c[nH]c3ncc(-c4ccc(N5CCCC5)cc4)cc23)c1F,100.0,7.0,1,539.6080000000004
CCN(C)S(=O)(=O)Nc1ccc(F)c(C(=O)c2c[nH]c3ncc(-c4ccc(OC)nn4)cc23)c1F,100.0,7.0,1,502.5030000000002
CCN(C)S(=O)(=O)Nc1ccc(F)c(C(=O)c2c[nH]c3ncc(-c4ccc5c(c4)NC(=O)C5)cc23)c1F,100.0,7.0,1,525.5370000000003
CCN(C)S(=O)(=O)Nc1ccc(F)c(C(=O)c2c[nH]c3ncc(-c4ccc5nc(N(C)C)ncc5c4)cc23)c1F,100.0,7.0,1,565.6060000000002
CCN(C)S(=O)(=O)Nc1ccc(F)c(C(=O)c2c[nH]c3ncc(-c4ccc5nc(N)ncc5c4)cc23)c1F,100.0,7.0,1,537.5520000000002
CCN(C)S(=O)(=O)Nc1ccc(F)c(C(=O)c2c[nH]c3ncc(-c4cccc(C5(C#N)CC5)c4)cc23)c1F,100.0,7.0,1,535.5760000000004
CCN(C)S(=O)(=O)Nc1ccc(F)c(C(=O)c2c[nH]c3ncc(-c4cccc(N(C)C)c4)cc23)c1F,100.0,7.0,1,513.5700000000003
CCN(C)S(=O)(=O)Nc1ccc(F)c(C(=O)c2c[nH]c3ncc(-c4cccc(N5CCOCC5)c4)cc23)c1F,100.0,7.0,1,555.6070000000003
CCN(C)S(=O)(=O)Nc1ccc(F)c(C(=O)c2c[nH]c3ncc(-c4ccnc(F)c4)cc23)c1F,100.0,7.0,1,489.47900000000016
CCN(C)S(=O)(=O)Nc1ccc(F)c(C(=O)c2c[nH]c3ncc(-c4cnc(C5CC5)nc4)cc23)c1F,55.05,7.25924267669223,1,512.5420000000003
CCN(C)S(=O)(=O)Nc1ccc(F)c(C(=O)c2c[nH]c3ncc(-c4cnc(N5CCC(O)CC5)nc4)cc23)c1F,100.0,7.0,1,571.6100000000004
CCN(C)S(=O)(=O)Nc1ccc(F)c(C(=O)c2c[nH]c3ncc(-c4cnc(N5CCC5)nc4)cc23)c1F,100.0,7.0,1,527.5570000000004
CCN(C)S(=O)(=O)Nc1ccc(F)c(C(=O)c2c[nH]c3ncc(-c4cnc(N5CCCC5)nc4)cc23)c1F,100.0,7.0,1,541.5840000000004
CCN(C)S(=O)(=O)Nc1ccc(F)c(C(=O)c2c[nH]c3ncc(-c4cnc(N5CCN(C(=O)OC(C)(C)C)CC5)nc4)cc23)c1F,100.0,7.0,1,656.716
CCN(C)S(=O)(=O)Nc1ccc(F)c(C(=O)c2c[nH]c3ncc(-c4cnc(N5CCN(C)CC5)nc4)cc23)c1F,100.0,7.0,1,570.6260000000003
CCN(C)S(=O)(=O)Nc1ccc(F)c(C(=O)c2c[nH]c3ncc(-c4cnc(N5CCNCC5)nc4)cc23)c1F,100.0,7.0,1,556.5990000000003
CCN(C)S(=O)(=O)Nc1ccc(F)c(C(=O)c2c[nH]c3ncc(-c4cnc(N5CCOCC5)nc4)cc23)c1F,100.0,7.0,1,557.5830000000003
CCN(C)S(=O)(=O)Nc1ccc(F)c(C(=O)c2c[nH]c3ncc(-c4cnc(OC)nc4)cc23)c1F,100.0,7.0,1,502.5030000000002
CCN(C)S(=O)(=O)Nc1ccc(F)c(C(=O)c2c[nH]c3ncc(-c4cncc(C(C)(C)O)c4)cc23)c1F,100.0,7.0,1,529.5690000000003
CCN(C)S(=O)(=O)Nc1ccc(F)c(C(=O)c2c[nH]c3ncc(-c4cncs4)cc23)c1F,100.0,7.0,1,477.51800000000014
CCN(C)S(=O)(=O)Nc1ccc(F)c(C(=O)c2c[nH]c3ncc(-c4csc(C(C)(C)O)n4)cc23)c1F,100.0,7.0,1,535.5980000000003
CCN(C)S(=O)(=O)Nc1ccc(F)c(C(=O)c2c[nH]c3ncc(C#N)cc23)c1F,100.0,7.0,1,419.4130000000001
CCN(C)S(=O)(=O)Nc1ccc(F)c(C(=O)c2c[nH]c3ncc(Cl)cc23)c1F,100.0,7.0,1,428.8480000000001
CCN(C)S(=O)(=O)Nc1ccc(F)c(Nc2ccc3ncn(C)c(=O)c3c2C)c1Cl,188.0,6.72584215073632,1,453.92700000000025
CCN(C)S(=O)(=O)Nc1ccc(F)c(Nc2ncccc2-c2ncnc3[nH]cnc23)c1F,88.66666666666667,7.052239618088596,1,460.47000000000014
CCN(C)S(=O)(=O)Nc1cccc(-c2nc(C(C)(C)C)sc2-c2ccnc(N)n2)c1,12.0,7.920818753952375,1,446.6020000000002
CCN(C)S(=O)(=O)Nc1cccc(C(=O)c2c[nH]c3ncc(-c4ccc(C#N)c(OC)c4)cc23)c1F,100.0,7.0,1,507.54700000000025
CCN(C)S(=O)(=O)Nc1cccc(C(=O)c2c[nH]c3ncc(-c4ccc(C#N)cc4)cc23)c1F,100.0,7.0,1,477.5210000000002
CCN(C)S(=O)(=O)Nc1cccc(C(=O)c2c[nH]c3ncc(-c4ccc(C#N)nc4)cc23)c1F,100.0,7.0,1,478.5090000000002
CCN(C)S(=O)(=O)Nc1cccc(C(=O)c2c[nH]c3ncc(-c4ccc(C(C)(C)O)cc4)cc23)c1F,100.0,7.0,1,510.59100000000024
CCN(C)S(=O)(=O)Nc1cccc(C(=O)c2c[nH]c3ncc(-c4ccc(C(F)(F)F)nc4)cc23)c1F,100.0,7.0,1,521.4960000000002
CCN(C)S(=O)(=O)Nc1cccc(C(=O)c2c[nH]c3ncc(-c4ccc(C)nc4)cc23)c1F,100.0,7.0,1,467.5260000000002
CCN(C)S(=O)(=O)Nc1cccc(C(=O)c2c[nH]c3ncc(-c4ccc(C5(C#N)CC5)cc4)cc23)c1F,100.0,7.0,1,517.5860000000004
CCN(C)S(=O)(=O)Nc1cccc(C(=O)c2c[nH]c3ncc(-c4ccc(C5CC5)nc4)cc23)c1F,100.0,7.0,1,493.56400000000025
CCN(C)S(=O)(=O)Nc1cccc(C(=O)c2c[nH]c3ncc(-c4ccc(Cl)cc4)cc23)c1F,100.0,7.0,1,486.9560000000002
CCN(C)S(=O)(=O)Nc1cccc(C(=O)c2c[nH]c3ncc(-c4ccc(F)cc4)cc23)c1F,100.0,7.0,1,470.50100000000015
CCN(C)S(=O)(=O)Nc1cccc(C(=O)c2c[nH]c3ncc(-c4ccc(N(C)C)nc4)cc23)c1F,100.0,7.0,1,496.5680000000002
CCN(C)S(=O)(=O)Nc1cccc(C(=O)c2c[nH]c3ncc(-c4ccccc4)cc23)c1F,100.0,7.0,1,452.51100000000014
CCN(C)S(=O)(=O)Nc1cccc(C(=O)c2c[nH]c3ncc(-c4cccnc4)cc23)c1F,100.0,7.0,1,453.49900000000014
CCN(C)S(=O)(=O)Nc1cccc(C(=O)c2c[nH]c3ncc(-c4cnc(C#N)nc4)cc23)c1F,100.0,7.0,1,479.4970000000002
CCN(C)S(=O)(=O)Nc1cccc(C(=O)c2c[nH]c3ncc(-c4cnc(C(C)C)nc4)cc23)c1F,100.0,7.0,1,496.5680000000002
CCN(C)S(=O)(=O)Nc1cccc(C(=O)c2c[nH]c3ncc(-c4cnc(C)nc4)cc23)c1F,100.0,7.0,1,468.5140000000002
CCN(C)S(=O)(=O)Nc1cccc(C(=O)c2c[nH]c3ncc(-c4cnc(C5CC5)nc4)cc23)c1F,100.0,7.0,1,494.55200000000025
CCN(C)S(=O)(=O)Nc1cccc(C(=O)c2c[nH]c3ncc(-c4cnc(N5CCCC5)nc4)cc23)c1F,100.0,7.0,1,523.5940000000004
CCN(C)S(=O)(=O)Nc1cccc(C(=O)c2c[nH]c3ncc(-c4cnc(NC5CC5)nc4)cc23)c1F,100.0,7.0,1,509.56700000000023
CCN(C)S(=O)(=O)Nc1cccc(C(=O)c2c[nH]c3ncc(-c4cnc(OC)nc4)cc23)c1F,100.0,7.0,1,484.5130000000002
CCN(C)S(=O)(=O)Nc1cccc(C(=O)c2c[nH]c3ncc(-c4cncc(C#N)c4)cc23)c1F,100.0,7.0,1,478.5090000000002
CCN(C)S(=O)(=O)Nc1cccc(C(=O)c2c[nH]c3ncc(Br)cc23)c1F,100.0,7.0,1,455.3090000000001
CCN(C)S(=O)(=O)Nc1cccc(C(=O)c2c[nH]c3ncc(C#N)cc23)c1F,100.0,7.0,1,401.4230000000001
CCN(C)S(=O)(=O)Nc1cccc(C(=O)c2c[nH]c3ncc(C4CC4)cc23)c1F,100.0,7.0,1,416.4780000000002
CCN(C)S(=O)(=O)Nc1cccc(C(=O)c2c[nH]c3ncc(C4CCC4)cc23)c1F,100.0,7.0,1,430.5050000000002
CCN(C)S(=O)(=O)Nc1cccc(C(=O)c2c[nH]c3ncc(Cl)cc23)c1F,100.0,7.0,1,410.8580000000001
CCN(C)S(=O)(=O)Nc1cccc(C(=O)c2c[nH]c3ncnc(N[C@@H](C)C4CC4)c23)c1F,100.0,7.0,1,460.5350000000002
CCN(C)c1cc(C(=O)Nc2ccc(C)c(-c3cc(N4CCOCC4)c(=O)n(C)c3)c2)ccn1,4.3,8.366531544420413,1,461.56600000000026
CCN(C)c1cncc(-c2cn(-c3cc(C(=O)Nc4cc(C(C)(C)C)on4)ccc3C)nn2)c1,18.0,7.7447274948966935,1,459.5540000000002
CCN(CC)C(=O)CCCC(=O)Nc1nc2cc(C3(O)c4ccccc4C(=O)N3c3cccc(Cl)c3F)ccc2[nH]1,100.0,7.0,1,578.0440000000002
CCN(CC)CC#CCOC(=O)Nc1nc2ccc(C3(O)c4ccccc4C(=O)N3c3cccc(Cl)c3F)cc2[nH]1,100.0,7.0,1,576.0280000000002
CCN(CC)CCCC(=O)Nc1nc2cc(C3(O)c4ccccc4C(=O)N3Cc3ccccc3)ccc2[nH]1,100.0,7.0,1,511.62600000000026
CCN(CC)CCCNC(=O)c1cc(CNc2ccccc2C(=O)Nc2ccc3c(c2)OC(F)(F)O3)ccn1,175.0,6.756961951313706,1,539.5830000000002
CCN(CC)CCCNS(=O)(=O)c1ccc2[nH]c3c(C(N)=O)nccc3c2c1,2810.0,5.55129368009492,0,403.50800000000015
CCN(CC)CCCNc1nc(-c2ccc(NC(=O)Nc3ccc(Cl)cc3)cc2)nc2ccsc12,10000.0,5.0,0,509.0790000000001
CCN(CC)CCNC(=O)c1cc(CNc2ccccc2C(=O)Nc2ccc3c(c2)OC(F)(F)O3)ccn1,138.0,6.860120913598763,1,525.5560000000002
CCN(CC)CCNC(=O)c1cnn2c(-c3cccc(NC(=O)Nc4ccc(Cl)c(C(F)(F)F)c4)c3)ccnc12,170.0,6.769551078621726,1,574.0070000000002
CCN(CC)CCOC(=O)Nc1nc2cc(C3(O)c4ccccc4C(=O)N3c3cccc(Cl)c3F)ccc2[nH]1,100.0,7.0,1,552.0060000000002
CCN(CC)CCOc1ccc(Nc2cc(NC(=O)Nc3c(Cl)cccc3Cl)ncn2)cc1,150.0,6.823908740944319,1,489.40700000000015
CCN(CC)Cc1c(C(=O)N/N=C/c2ccco2)nnn1-c1nonc1N,100000.0,4.0,0,373.3770000000001
CCN(CC)S(=O)(=O)Nc1ccc(F)c(Nc2ncccc2-c2ncnc3[nH]cnc23)c1F,275.0,6.560667306169737,1,474.4970000000002
CCN(CC)c1ccc(-c2cnc3[nH]cc(C(=O)c4c(F)ccc(NS(=O)(=O)N(C)CC)c4F)c3c2)cc1,100.0,7.0,1,541.6240000000003
CCN(CC)c1ncc2ncnc(Nc3cc(C(=O)Nc4cc(CN5CCCC5)cc(C(F)(F)F)c4)ccc3C)c2n1,2.0,8.698970004336019,1,578.6430000000001
CCN(CC)c1ncc2ncnc(Nc3cc(C(=O)Nc4cc(N(C)CCN(C)C)cc(C(F)(F)F)c4)ccc3C)c2n1,4.0,8.397940008672037,1,595.6740000000001
CCN(CC)c1ncc2ncnc(Nc3cc(C(=O)Nc4cc(OCCN(C)C)cc(C(F)(F)F)c4)ccc3C)c2n1,3.0,8.522878745280337,1,582.6310000000001
CCN(CC)c1ncc2ncnc(Nc3cc(C(=O)Nc4ccc(N(C)CCN(C)C)c(C(F)(F)F)c4)ccc3C)c2n1,3.0,8.522878745280337,1,595.6740000000001
CCN(CCO)CCCOc1ccc2c(Nc3cccc(NC(=O)Nc4ccc(Cl)c(C(F)(F)F)c4)c3)ncnc2c1,82.5,7.0835460514500745,1,603.0450000000001
CCN(CCO)CCCOc1ccc2c(Nc3cccc(NC(=O)Nc4ccc(F)c(Cl)c4)c3)ncnc2c1,17.5,7.756961951313706,1,553.0380000000001
CCN(c1ccccc1)c1cccc(N2C(=O)c3ccccc3C2(O)c2ccc3[nH]c(NC(=O)OC)nc3c2)c1,100.0,7.0,1,533.5880000000002
CCN1C2CCC1CC(c1ccnc3c(-c4ccc(C#N)c(O)c4)c(-c4ccncc4)nn13)C2,57.9,7.2373214362725635,1,450.54600000000016
CCN1C2CCC1CC(c1ccnc3c(-c4ccc(C(F)(F)F)c5[nH]ncc45)c(-c4ccncc4)nn13)C2,45.0,7.346787486224656,1,517.5590000000001
CCN1C2CCC1CC(c1ccnc3c(-c4ccc(C)c5[nH]ncc45)c(-c4ccncc4)nn13)C2,17.0,7.769551078621726,1,463.58900000000017
CCN1C2CCC1CC(c1ccnc3c(-c4ccc(Cl)c(O)c4)c(-c4ccncc4)nn13)C2,0.5,9.301029995663981,1,459.98100000000017
CCN1C2CCC1CC(c1ccnc3c(-c4ccc(Cl)c(OC)c4)c(-c4ccncc4)nn13)C2,43.5,7.361510743045363,1,474.0080000000002
CCN1C2CCC1CC(c1ccnc3c(-c4ccc(Cl)c5[nH]ncc45)c(-c4ccncc4)nn13)C2,4.4,8.356547323513812,1,484.0070000000002
CCN1C2CCC1CC(c1ccnc3c(-c4ccc(F)c(O)c4)c(-c4ccncc4)nn13)C2,3.0,8.522878745280337,1,443.5260000000002
CCN1C2CCC1CC(c1ccnc3c(-c4cccc5[nH]ncc45)c(-c4ccncc4)nn13)C2,46.6,7.33161408331,1,449.5620000000002
CCN1CCC(=Cc2ccc(C(=O)N[C@@H]3[C@H]4Oc5ccc(Oc6ccnc7c6CCC(=O)N7)cc5[C@@H]34)cc2C(F)(F)F)CC1,21.0,7.6777807052660805,1,604.6290000000004
CCN1CCC(Cc2ccc(C(=O)N[C@@H]3[C@H]4Oc5ccc(Oc6ccnc7c6CCC(=O)N7)cc5[C@@H]34)cc2C(F)(F)F)CC1,10.0,8.0,1,606.6450000000003
CCN1CCC(Cc2ccc3ncnc(Nc4cc(C(=O)Nc5cc(C(C)(C)C)cc(NS(C)(=O)=O)c5OC)ccc4C)c3n2)CC1,530.0,6.275724130399211,1,659.857
CCN1CCC(c2ccc3ncnc(Nc4cc(C(=O)Nc5cc(C(C)(C)C)cc(NS(C)(=O)=O)c5OC)ccc4C)c3n2)CC1,185.0,6.732828271596986,1,645.8299999999999
CCN1CCC2(CCN(c3cncc(-c4cn(-c5cc(C(=O)Nc6cc(C(C)(C)C)on6)ccc5C)nn4)c3)C2)C1,9.0,8.045757490560675,1,554.6990000000002
CCN1CCN(CC(=O)Nc2cc(Oc3ccc4c(c3)nc(Nc3cc(C(F)(F)F)ccc3F)n4C)ccn2)CC1,6.0,8.221848749616356,1,571.579
CCN1CCN(CC/C=C/c2ccc3c(Nc4ccc(Sc5nccn5C)c(Cl)c4)c(C#N)cnc3c2)CC1,8800.0,5.055517327849832,0,558.1550000000001
CCN1CCN(CCNc2nccc(-c3c(-c4ccc(F)c(O)c4)nc4sccn34)n2)S1(=O)=O,2.585,8.587539452570038,1,503.58500000000015
CCN1CCN(CCNc2nccc(-c3c(-c4cccc(O)c4)nc4occn34)n2)S1(=O)=O,118.57000000000001,6.926025180133341,1,469.52700000000016
CCN1CCN(Cc2cc(-c3cnn4c(-c5cccc(NC(=O)c6cccc(C(F)(F)F)c6)c5)ccnc34)co2)CC1,219.0,6.6595558851598815,1,574.6070000000001
CCN1CCN(Cc2cc(C(=O)N[C@@H]3[C@H]4Oc5ccc(Oc6ccnc7c6CCC(=O)N7)cc5[C@@H]34)cc(C(F)(F)F)c2)CC1,12.0,7.920818753952375,1,607.6330000000004
CCN1CCN(Cc2cc(F)cc(C(=O)N[C@@H]3[C@H]4Oc5ccc(Oc6ccnc7c6CCC(=O)N7)cc5[C@@H]34)c2)CC1,1.7,8.769551078621726,1,557.6260000000002
CCN1CCN(Cc2ccc(C(=O)NC3C4Oc5c(C)cc(Oc6ccnc7c6CCC(=O)N7)cc5C34)cc2C(F)(F)F)CC1,18.0,7.7447274948966935,1,621.6600000000003
CCN1CCN(Cc2ccc(C(=O)N[C@@H]3[C@H]4Oc5ccc(Oc6ccnc(C(=O)NC)c6)cc5[C@@H]34)cc2C(F)(F)F)CC1,54.0,7.267606240177032,1,595.6220000000003
CCN1CCN(Cc2ccc(C(=O)N[C@@H]3[C@H]4Oc5ccc(Oc6ccnc(N)c6)cc5[C@@H]34)cc2C(F)(F)F)CC1,58.0,7.236572006437063,1,553.5850000000002
CCN1CCN(Cc2ccc(C(=O)N[C@@H]3[C@H]4Oc5ccc(Oc6ccnc7c6CCC(=O)N7)cc5[C@@H]34)cc2Br)CC1,5.4,8.267606240177031,1,618.5320000000002
CCN1CCN(Cc2ccc(C(=O)N[C@@H]3[C@H]4Oc5ccc(Oc6ccnc7c6CCC(=O)N7)cc5[C@@H]34)cc2C(F)(F)F)CC1,8.65,8.062983892535186,1,607.6330000000004
CCN1CCN(Cc2ccc(C(=O)N[C@@H]3[C@H]4Oc5ccc(Oc6ccnc7c6CCC(=O)N7)cc5[C@@H]34)cc2C)CC1,6.4,8.193820026016112,1,553.6630000000002
CCN1CCN(Cc2ccc(C(=O)N[C@@H]3[C@H]4Oc5ccc(Oc6ccnc7c6CCC(=O)N7)cc5[C@@H]34)cc2Cl)CC1,5.7,8.244125144327509,1,574.0810000000002
CCN1CCN(Cc2ccc(C(=O)N[C@@H]3[C@H]4Oc5ccc(Oc6ccnc7c6CCC(=O)N7)cc5[C@@H]34)cc2F)CC1,8.1,8.09151498112135,1,557.6260000000002
CCN1CCN(Cc2ccc(C(=O)N[C@@H]3[C@H]4Oc5ccc(Oc6ccnc7c6CCC(=O)N7)cc5[C@@H]34)cc2OC(F)(F)F)CC1,10.0,8.0,1,623.6320000000003
CCN1CCN(Cc2ccc(C(=O)N[C@@H]3[C@H]4Oc5ccc(Oc6ccnc7c6CCC(=O)N7)cc5[C@@H]34)cc2OC)CC1,6.9,8.161150909262744,1,569.6620000000001
CCN1CCN(Cc2ccc(C(=O)N[C@@H]3[C@H]4Oc5ccc(Oc6ccnc7c6CNC(=O)N7)cc5[C@@H]34)cc2C(F)(F)F)CC1,17.0,7.769551078621726,1,608.6210000000003
CCN1CCN(Cc2ccc(C(=O)N[C@@H]3[C@H]4Oc5ccc(Oc6ccnc7c6COC(=O)N7)cc5[C@@H]34)cc2C(F)(F)F)CC1,16.0,7.795880017344075,1,609.6050000000002
CCN1CCN(Cc2ccc(C(=O)N[C@H]3[C@@H]4Oc5ccc(Oc6ccnc7c6CCC(=O)N7)cc5[C@H]34)cc2C(F)(F)F)CC1,16.0,7.795880017344075,1,607.6330000000004
CCN1CCN(Cc2ccc(NC(=O)N[C@@H]3[C@H]4Oc5ccc(Oc6ccnc7c6CCC(=O)N7)cc5[C@@H]34)cc2C(F)(F)F)CC1,13000.0,4.886056647693163,0,622.6480000000004
CCN1CCN(Cc2ccc(NC(=O)N[C@@H]3[C@H]4Oc5ccc(Oc6ccnc7c6CCC(=O)N7)cc5[C@@H]34)cc2F)CC1,821000.0,3.0856568428805593,0,572.6410000000003
CCN1CCN(Cc2ccc(NC(=O)c3ccc(C)c(/C=C/c4cnc5[nH]ccc5c4OC)c3)cc2C(F)(F)F)CC1,10000.0,5.0,0,577.6510000000002
CCN1CCN(Cc2ccc(NC(=O)c3ccc(C)c(Oc4ccnc5[nH]ccc45)c3)cc2C(F)(F)F)CC1,10000.0,5.0,0,537.586
CCN1CCN(Cc2ccc(Nc3ncc(F)c(-c4cc(F)c5nc(C)n(C(C)C)c5c4)n3)nc2)CC1,6330.0,5.198596289982645,0,506.6050000000003
CCN1CCN(Cc2nc3cc(Cl)ccc3n2Cc2ccccc2)CC1,100000.0,4.0,0,368.9120000000002
CCN1CCN(c2c(CO)c(=O)oc3ccccc23)CC1,50000.0,4.301029995663981,0,288.3470000000001
CCN1CCN(c2cc(C(=O)Nc3ccc(C)c(-c4cc(N5CCOCC5)c(=O)n(C)c4)c3)cc(C(F)(F)F)c2)CC1,8.77,8.057000406633959,1,583.6550000000003
CCN1CCN(c2cc(C(=O)Nc3ccc(C)c(-c4cc(N5CCOCC5)c(=O)n(C)n4)c3)cc(C(F)(F)F)c2)CC1,4.6,8.337242168318426,1,584.6430000000003
CCN1CCN(c2cc(C(=O)Nc3ccc(C)c(-c4cc(N5CCOCC5)n(C)c(=O)c4)c3)cc(C(F)(F)F)c2)CC1,2.5,8.602059991327963,1,583.6550000000003
CCN1CCN(c2cc(C(=O)Nc3ccc(C)c(-c4cc(N5CCOCC5)nc(N5CCOCC5)n4)c3)cc(C(F)(F)F)c2)CC1,3.6586,8.436685069958274,1,639.7230000000004
CCN1CCN(c2cc(C(=O)Nc3ccc(C)c(-c4ccnc(N5CCOCC5)c4)c3)cc(C(F)(F)F)c2)CC1,2.8113333333333332,8.551087658040817,1,553.6290000000001
CCN1CCN(c2cc(C(=O)Nc3ccc(C)c(Nc4ncnc5cnc(N6CCOCC6)nc45)c3)cc(C(C)(C)C#N)c2)CC1,2.0,8.698970004336019,1,620.7620000000001
CCN1CCN(c2cc(C(=O)Nc3cccc(Nc4ccc5c(OC)cccc5n4)c3)cc(C(F)(F)F)c2)CC1,1559.0,5.807153884811158,0,549.5970000000001
CCN1CCN(c2cc(C(=O)Nc3cnc(C)c(-c4cc(N5CCOCC5)c(=O)n(C)c4)c3)cc(C(F)(F)F)c2)CC1,100.0,7.0,1,584.6430000000003
CCN1CCN(c2cc(C(=O)Nc3cnc(C)c(-c4cc(N5CCOCC5)nc(N5CC(O)C5)c4)c3)cc(C(F)(F)F)c2)CC1,26.75,7.572676213642753,1,625.6960000000004
CCN1CCN(c2cc(C(=O)Nc3cnc(C)c(-c4cc(NCCO)nc(N5CCOCC5)c4)c3)cc(C(F)(F)F)c2)CC1,32.95,7.482144581069972,1,613.6850000000004
CCN1CCN(c2cc(NC(=O)c3ccc(C)c(Nc4ncnc5c(N)nc(N(C)C)nc45)c3)cc(C(F)(F)F)c2)CC1,19.0,7.721246399047171,1,594.6460000000002
CCN1CCN(c2cc(NC(=O)c3ccc(C)c(Nc4ncnc5c(N)nc(N6CCCC6)nc45)c3)cc(C(F)(F)F)c2)CC1,9.0,8.045757490560675,1,620.6840000000003
CCN1CCN(c2cc(NC(=O)c3ccc(C)c(Nc4ncnc5c(N)nc(N6CCCOCC6)nc45)c3)cc(C(F)(F)F)c2)CC1,3.0,8.522878745280337,1,650.7100000000004
CCN1CCN(c2cc(NC(=O)c3ccc(C)c(Nc4ncnc5c(N)nc(N6CCOCC6)nc45)c3)cc(C(F)(F)F)c2)CC1,2.0,8.698970004336019,1,636.6830000000003
CCN1CCN(c2cc(NC(=O)c3ccc(C)c(Nc4ncnc5c(N)nc(N6CC[C@H](F)C6)nc45)c3)cc(C(F)(F)F)c2)CC1,10.0,8.0,1,638.6740000000002
CCN1CCN(c2cc(NC(=O)c3ccc(C)c(Nc4ncnc5cnc(N(C)CC6CCCCO6)nc45)c3)cc(C(F)(F)F)c2)CC1,25.0,7.6020599913279625,1,663.7490000000003
CCN1CCN(c2cc(NC(=O)c3ccc(C)c(Nc4ncnc5cnc(N(C)CCOC)nc45)c3)cc(C(F)(F)F)c2)CC1,2.0,8.698970004336019,1,623.6840000000002
CCN1CCN(c2cc(NC(=O)c3ccc(C)c(Nc4ncnc5cnc(N6CCN(CCOC)CC6)nc45)c3)cc(C(F)(F)F)c2)CC1,6.0,8.221848749616356,1,678.7640000000002
CCN1CCN(c2cc(NC(=O)c3ccc(C)c(Nc4ncnc5cnc(N6CCOCC6)nc45)c3)cc(C(F)(F)F)c2)CC1,2.0,8.698970004336019,1,621.6680000000003
CCN1CCN(c2cc(NC(=O)c3ccc(C)c(Nc4ncnc5cnc(N6CC[C@H](F)C6)nc45)c3)cc(C(F)(F)F)c2)CC1,4.0,8.397940008672037,1,623.6590000000002
CCN1CCN(c2cc(NC(=O)c3ccc(C)c(Nc4ncnc5cnc(NC6CCOC6)nc45)c3)cc(C(F)(F)F)c2)CC1,1.0,9.0,1,621.6680000000002
CCN1CCN(c2ccc(C(=O)N[C@@H]3[C@H]4Oc5ccc(Oc6ccnc7c6CCC(=O)N7)cc5[C@@H]34)cc2C(F)(F)F)CC1,11.0,7.958607314841775,1,593.6060000000003
CCN1CCN(c2ccc(NC(=O)N[C@@H]3[C@H]4Oc5ccc(Oc6ccnc7c6CCC(=O)N7)cc5[C@@H]34)cc2C(F)(F)F)CC1,227000.0,3.643974142806877,0,608.6210000000003
CCN1CCN(c2ccc(Nc3cc(N(C)C(=O)Nc4c(Cl)c(OC)cc(OC)c4Cl)ncn3)cc2)CC1,4142.0,5.382789905442566,0,560.4860000000001
CCN1CCN(c2ccc(Nc3nc4cc(Oc5ccnc(C(=O)NC)c5)ccc4o3)cc2)CC1,17000.0,4.769551078621726,0,472.54900000000026
CCN1CCN(c2ccc3ncnc(Nc4cc(C(=O)Nc5cc(C(C)(C)C)cc(NS(C)(=O)=O)c5OC)ccc4C)c3n2)CC1,508.0,6.294136287716081,1,646.818
CCN1CCN(c2cncc(-c3cn(-c4cc(C(=O)Nc5cc(C(C)(C)C)on5)ccc4C)nn3)c2)CC1,6.0,8.221848749616356,1,514.6340000000002
CCN1CCN(c2cncc(-c3cn(-c4cc(C(=O)Nc5cc(C(C)(C)C)on5)ccc4C)nn3)c2)CC1C,11.0,7.958607314841775,1,528.6610000000003
CCN1CCN(c2cncc(-c3cn(-c4cc(C(=O)Nc5cc(C(F)(F)F)ccn5)ccc4C)nn3)c2)CC1,7.0,8.154901959985743,1,536.562
CCN1CCN(c2cncc(-c3cn(-c4cc(NC(=O)c5cc(C)n(C(C)(C)C)n5)ccc4C)nn3)c2)CC1,10.0,8.0,1,527.6770000000002
CCN1CCN(c2cncc(-c3cn(-c4cc(NC(=O)c5ccc(C(C)(C)C)o5)ccc4C)nn3)c2)CC1,3.0,8.522878745280337,1,513.6460000000003
CCN1CCN(c2cncc(-c3cn(-c4cc(NC(=O)c5ccc(C(C)(C)C)s5)ccc4C)nn3)c2)CC1,8.0,8.096910013008056,1,529.7140000000002
CCN1CCN(c2ncc3ncnc(Nc4cc(C(=O)Nc5cc(C(C)(C)C)on5)ccc4C)c3n2)CC1,2.0,8.698970004336019,1,515.6220000000003
CCN1CCN(c2ncc3ncnc(Nc4cc(C(=O)Nc5cc(C(C)(C)C)on5)ccc4F)c3n2)CC1,1.0,9.0,1,519.5850000000003
CCN1CCN(c2ncc3ncnc(Nc4cc(C(=O)Nc5ccc(OC)c(C(F)(F)F)c5)ccc4C)c3n2)CC1,9.0,8.045757490560675,1,566.588
CCN1CCN(c2ncc3ncnc(Nc4cc(C(=O)Nc5ccc(OC)c(C(F)(F)F)c5)ccc4F)c3n2)CC1,5.0,8.301029995663981,1,570.5509999999999
CCN1CCN(c2ncc3ncnc(Nc4cc(NC(=O)c5cccc(C(C)(C)C#N)c5)ccc4C)c3n2)CC1,1.0,9.0,1,535.6560000000002
CCN1C[C@@H]2C[C@H]1CN2c1cc(F)c(-c2ccnc3c(-c4cccc5[nH]ncc45)c(-c4ccncc4)nn23)c(F)c1,0.32,9.494850021680094,1,548.6010000000002
CCN1C[C@@H]2C[C@H]1CN2c1ccc(-c2ccnc3c(-c4ccc(F)c(O)c4)c(-c4ccncc4)nn23)cc1,0.51,9.292429823902063,1,506.58500000000015
CCNC(=O)N1C2CCC1CC(c1ccnc3c(-c4cccc5[nH]ncc45)c(-c4ccncc4)nn13)C2,6.7,8.173925197299173,1,492.58700000000016
CCNC(=O)Nc1cc(CNc2ccccc2C(=O)Nc2ccc3c(c2)OC(F)(F)O3)ccn1,90.0,7.045757490560675,1,469.44800000000015
CCNC(=O)Nc1ccc(CNc2ncsc2C(=O)Nc2ccc3c(c2)OC(F)(F)O3)cn1,122.0,6.913640169325252,1,476.46500000000015
CCNC(=O)Nc1cccc(-c2nc(NC3CC3)nc3sc(C(N)=O)c(N)c23)c1,17365.0,4.7603252123532185,0,411.49100000000016
CCNC(=O)Nc1nc2cc(C3(O)c4ccccc4C(=O)N3Cc3ccccc3)ccc2[nH]1,100.0,7.0,1,441.49100000000016
CCNC(=O)Nc1nc2cc(C3(O)c4ccccc4C(=O)N3[C@H](C)c3ccccc3)ccc2[nH]1,100.0,7.0,1,455.51800000000014
CCNC(=O)Nc1nc2ccc(C3(O)c4ccccc4C(=O)N3c3ccc(F)cc3)cc2[nH]1,100.0,7.0,1,445.4540000000002
CCNC(=O)c1cc(CNc2ccccc2C(=O)Nc2ccc3c(c2)OC(F)(F)O3)ccn1,333.0,6.47755576649368,1,454.4330000000001
CCNC(=O)c1cc(Oc2ccc(NC(=O)c3ccc(Cl)c(C(F)(F)F)c3)cc2)ccc1N,354.0,6.450996737974212,1,477.8700000000001
CCNC(=O)c1cc(Oc2ccc3c(c2)nc(Nc2ccc(Br)cc2)n3C)ccn1,13.0,7.886056647693163,1,466.33900000000006
CCNCc1cc(C(=O)N[C@@H]2CCc3ccc(Oc4ccnc5c4CCC(=O)N5)cc3C2)cc(C(F)(F)F)c1,28.95,7.538351431936545,1,538.5700000000003
CCNCc1ccc(C(=O)Nc2ccc(C)c(-c3cc(N4CCOCC4)c(OCC)nn3)c2)cc1C(F)(F)F,2.9,8.537602002101044,1,543.5900000000005
CCNS(=O)(=O)Nc1ccc(F)c(C(=O)Nc2cnc3[nH]nc(OC)c3c2)c1F,18.0,7.7447274948966935,1,426.40500000000014
CCNS(=O)(=O)Nc1ccc(F)c(C(=O)c2c[nH]c3ncc(-c4cnc(C5CC5)nc4)cc23)c1F,100.0,7.0,1,498.5150000000002
CCNS(=O)(=O)Nc1cccc(C(=O)c2c[nH]c3ncc(-c4cnc(OC)nc4)cc23)c1F,100.0,7.0,1,470.4860000000002
CCNS(=O)(=O)Nc1cccc(C(=O)c2c[nH]c3ncc(I)cc23)c1F,100.0,7.0,1,488.2820000000001
CCNS(=O)(=O)Nc1cccc(Cn2cnc3c(F)c(Nc4ccc(C5CC5)cc4F)c(C(=O)NOCCO)cc32)c1,7.0,8.154901959985743,1,600.6480000000001
CCNS(=O)(=O)Nc1cccc(Cn2cnc3c(F)c(Nc4ccc(C5CC5)cc4F)c(C(=O)NOCCO)cc32)c1F,3.0,8.522878745280337,1,618.6380000000001
CCNc1cc(C2(C(=O)Nc3cc(C(=O)Nc4ccc(Cl)c(C(F)(F)F)c4)ccc3C)CC2)ncn1,44.1,7.355561410532162,1,517.9390000000001
CCNc1cc(Oc2ccc(NC(=O)Nc3cccc(C(F)(F)F)c3)cc2)ncn1,500.0,6.301029995663981,1,417.391
CCNc1nc(-c2cc(C(=O)Nc3cccc(C(C)(C)C#N)c3)ccc2C)cc(N2CCOCC2)n1,2.2,8.657577319177793,1,484.6040000000003
CCNc1nc(-c2cc(C(=O)Nc3cccc(C(F)F)c3)ccc2C)cc(N2CCOCC2)n1,0.8,9.096910013008056,1,467.5200000000003
CCNc1nc(-c2cc(C(=O)Nc3ccccc3)ccc2C)cc(N2CCOCC2)n1,4.4,8.356547323513812,1,417.5130000000003
CCNc1nc(-c2cc(NC(=O)c3cc(C(F)(F)F)c(=O)n(CC)c3)ccc2C)cc(N2CCOCC2)n1,1.3,8.886056647693163,1,530.5510000000003
CCNc1nc(-c2cc(NC(=O)c3cc(C(F)(F)F)c(=O)n(CC)c3)cnc2C)cc(N2CCOCC2)n1,23.1,7.636388020107856,1,531.5390000000002
CCNc1nc(-c2cc(NC(=O)c3cccc(-c4nnco4)c3)ccc2C)cc(N2CCOCC2)n1,1.7,8.769551078621726,1,485.5480000000003
CCNc1nc(-c2cc(NC(=O)c3cccc(C(C)(C)C#N)c3)cnc2C)cc(N2CCOCC2)n1,9.0,8.045757490560675,1,485.5920000000003
CCNc1nc(-c2cc(NC(=O)c3cccc(C(C)(F)F)c3)ccc2C)cc(N2CCOCC2)n1,1.3,8.886056647693163,1,481.54700000000025
CCNc1nc(-c2cc(NC(=O)c3cccc(C(F)(F)F)c3)ccc2C)cc(N2CCOCC2)n1,0.5916666666666667,9.227922897328549,1,485.5100000000003
CCNc1nc(-c2cc(NC(=O)c3cccc(C(F)(F)F)c3)cnc2C)cc(N2CCOCC2)n1,1.3,8.886056647693163,1,486.4980000000003
CCNc1nc(-c2cc(NC(=O)c3cccc(C(F)F)c3)ccc2C)cc(N2CCOCC2)n1,0.7,9.154901959985743,1,467.52000000000027
CCNc1nc(-c2cc(NC(=O)c3cccc(C(F)F)c3)cnc2C)cc(N2CCOCC2)n1,1.6,8.795880017344075,1,468.50800000000027
CCNc1nc(-c2cc(NC(=O)c3cccc(S(C)(=O)=O)c3)ccc2C)cc(N2CCOCC2)n1,0.02,10.698970004336019,1,495.60500000000036
CCNc1nc(-c2cc(NC(=O)c3ccccc3)ccc2C)cc(N2CCOCC2)n1,4.0,8.397940008672037,1,417.51300000000026
CCNc1nc(-c2cc(NC(=O)c3ccnc(C(C)(C)C#N)c3)ccc2C)cc(N2CCOCC2)n1,2.9,8.537602002101044,1,485.5920000000003
CCNc1nc(-c2cc(NC(=O)c3ccnc(C(C)(C)C#N)c3)ccc2C)cc(N2CCOC[C@@H]2C)n1,2.5,8.602059991327963,1,499.6190000000003
CCNc1nc(-c2cc(NC(=O)c3ccnc(C(C)(C)C#N)c3)ccc2C)cc(N2CCOC[C@H]2C)n1,5.6,8.2518119729938,1,499.6190000000003
CCNc1nc(-c2cc(NC(=O)c3ccnc(C(C)(C)C#N)c3)cnc2C)cc(N2CCOCC2)n1,8.4,8.075720713938118,1,486.5800000000003
CCNc1nc(-c2cc(NC(=O)c3ccnc(C(C)(C)C)c3)ccc2C)cc(N2CCOCC2)n1,2.4,8.619788758288394,1,474.6090000000003
CCNc1nc(-c2cc(NC(=O)c3ccnc(C(C)(C)C)c3)cnc2C)cc(N2CCOCC2)n1,20.75,7.682981898951889,1,475.5970000000003
CCNc1nc(-c2cc(NC(=O)c3ccnc(C(C)(C)O)c3)ccc2C)cc(N2CCOCC2)n1,4.1,8.387216143280265,1,476.5810000000003
CCNc1nc(-c2cc(NC(=O)c3ccnc(C(C)(C)O)c3)ccc2C)cc(N2CCOC[C@@H]2C)n1,2.5,8.602059991327963,1,490.6080000000003
CCNc1nc(-c2cc(NC(=O)c3ccnc(C(C)(C)O)c3)ccc2C)cc(N2CCOC[C@H]2C)n1,12.05,7.919012953089113,1,490.6080000000003
CCNc1nc(-c2cc(NC(=O)c3ccnc(C(C)(C)O)c3)cnc2C)cc(N2CCOCC2)n1,34.9,7.45717457304082,1,477.5690000000003
CCNc1nc(-c2cc(NC(=O)c3ccnc(C(C)(F)F)c3)ccc2C)cc(N2CCOCC2)n1,1.0,9.0,1,482.53500000000025
CCNc1nc(-c2cc(NC(=O)c3ccnc(C(C)(F)F)c3)cnc2C)cc(N2CCOCC2)n1,4.2,8.3767507096021,1,483.52300000000025
CCNc1nc(-c2cc(NC(=O)c3ccnc(C(C)C)c3)ccc2C)cc(N2CCOCC2)n1,1.2,8.920818753952375,1,460.5820000000003
CCNc1nc(-c2cc(NC(=O)c3ccnc(C(F)(F)CC)c3)ccc2C)cc(N2CCOCC2)n1,0.8,9.096910013008056,1,496.56200000000035
CCNc1nc(-c2cc(NC(=O)c3ccnc(C(F)(F)F)c3)ccc2C)cc(N2CCOCC2)n1,1.0,9.0,1,486.4980000000003
CCNc1nc(-c2cc(NC(=O)c3ccnc(C(F)(F)F)c3)cnc2C)cc(N2CCOCC2)n1,2.0,8.698970004336019,1,487.4860000000003
CCNc1nc(-c2cc(NC(=O)c3ccnc(C(F)F)c3)cnc2C)cc(N2CCOCC2)n1,3.3,8.481486060122112,1,469.49600000000027
CCNc1nc(-c2cc(NC(=O)c3ccnc(C4(C#N)CC4)c3)ccc2C)cc(N2CCOCC2)n1,0.5,9.301029995663981,1,483.57600000000036
CCNc1nc(-c2cc(NC(=O)c3ccnc(C4(C#N)CC4)c3)cnc2C)cc(N2CCOCC2)n1,4.4,8.356547323513812,1,484.56400000000036
CCNc1nc(-c2cc(NC(=O)c3ccnc(C4COC4)c3)ccc2C)cc(N2CCOCC2)n1,1.9,8.721246399047171,1,474.56500000000034
CCNc1nc(-c2cc(NC(=O)c3ccnc(C4COC4)c3)cnc2C)cc(N2CCOCC2)n1,17.85,7.748361779551788,1,475.55300000000034
CCNc1nc(-c2cc(NC(=O)c3ccnc(S(C)(=O)=O)c3)ccc2C)cc(N2CCOCC2)n1,3.0,8.522878745280337,1,496.59300000000036
CCNc1nc(-c2cc(NC(=O)c3cnnc(C(C)(C)C#N)c3)ccc2C)cc(N2CCOCC2)n1,3.4,8.468521082957745,1,486.5800000000003
CCNc1nc(-c2cc(NC(=O)c3cnnc(C(C)(C)C#N)c3)cnc2C)cc(N2CCOCC2)n1,27.1,7.567030709125595,1,487.5680000000003
CCNc1nc(-c2cc(NC(=O)c3cnnc(C4CC4)c3)cnc2C)cc(N2CCOCC2)n1,8.5,8.070581074285707,1,460.5420000000003
CCNc1ncc(C(=O)Nc2cc(C(=O)Nc3ccc(CN4CCN(C)CC4)c(C(F)(F)F)c3)ccc2C)cn1,510.0,6.292429823902063,1,555.6050000000002
CCNc1nccc(-c2nc(C3CC3)[nH]c2-c2cc(F)cc(NS(C)(=O)=O)c2Cl)n1,11.0,7.958607314841775,1,450.9270000000001
CCNc1nccc(C2=C(c3cc(Cl)cc(NS(=O)(=O)c4cc(F)ccc4F)c3F)C(=O)C(C)(C)O2)n1,2.8,8.55284196865778,1,552.9620000000002
CCNc1ncnc2[nH]cc(C(=O)c3c(F)ccc(NS(=O)(=O)c4ccc(C(F)(F)F)cc4)c3F)c12,100.0,7.0,1,525.4590000000001
CCOC(=O)C1CCCN1S(=O)(=O)Nc1cccc(C(=O)c2c[nH]c3ncc(-c4cnc(OC)nc4)cc23)c1F,100.0,7.0,1,568.5870000000003
CCOC(=O)N1C2CCC1CC(c1c(C)cnc3c(-c4cccc5[nH]ncc45)c(-c4ccncc4)nn13)C2,8.4,8.075720713938118,1,507.5980000000002
CCOC(=O)N1C2CCC1CC(c1ccnc3c(-c4ccc(-c5nnco5)cc4)c(-c4ccncc4)nn13)C2,151.0,6.82102305270683,1,521.5810000000001
CCOC(=O)N1C2CCC1CC(c1ccnc3c(-c4ccc(C(F)(F)F)c5[nH]ncc45)c(-c4ccncc4)nn13)C2,4.4,8.356547323513812,1,561.568
CCOC(=O)N1C2CCC1CC(c1ccnc3c(-c4ccc(C)c(O)c4)c(-c4ccncc4)nn13)C2,0.3,9.522878745280337,1,483.57200000000023
CCOC(=O)N1C2CCC1CC(c1ccnc3c(-c4ccc(C)c5[nH]ncc45)c(-c4ccncc4)nn13)C2,0.7,9.154901959985743,1,507.59800000000024
CCOC(=O)N1C2CCC1CC(c1ccnc3c(-c4ccc(Cl)c(O)c4)c(-c4ccncc4)nn13)C2,2.0,8.698970004336019,1,503.9900000000002
CCOC(=O)N1C2CCC1CC(c1ccnc3c(-c4ccc(Cl)c(OC)c4)c(-c4ccncc4)nn13)C2,54.1,7.266802734893431,1,518.0170000000002
CCOC(=O)N1C2CCC1CC(c1ccnc3c(-c4ccc(Cl)c5[nH]ncc45)c(-c4ccncc4)nn13)C2,0.4,9.397940008672037,1,528.0160000000001
CCOC(=O)N1C2CCC1CC(c1ccnc3c(-c4ccc(F)c(F)c4)c(-c4ccncc4)nn13)C2,302.0,6.519993057042849,1,489.5260000000002
CCOC(=O)N1C2CCC1CC(c1ccnc3c(-c4ccc(F)c5[nH]ncc45)c(-c4ccncc4)nn13)C2,0.4,9.397940008672037,1,511.5610000000002
CCOC(=O)N1C2CCC1CC(c1ccnc3c(-c4ccc5c(c4)NC(=O)C5)c(-c4ccncc4)nn13)C2,1000.0,6.0,1,508.5820000000003
CCOC(=O)N1C2CCC1CC(c1ccnc3c(-c4ccc5cc[nH]c5c4)c(-c4ccncc4)nn13)C2,36.0,7.443697499232712,1,492.5830000000002
CCOC(=O)N1C2CCC1CC(c1ccnc3c(-c4cccc(O)c4)c(-c4ccncc4)nn13)C2,1.0,9.0,1,469.5450000000002
CCOC(=O)N1C2CCC1CC(c1ccnc3c(-c4cccc(OC)c4)c(-c4ccncc4)nn13)C2,87.0,7.060480747381382,1,483.57200000000023
CCOC(=O)N1C2CCC1CC(c1ccnc3c(-c4cccc5[nH]c(=O)[nH]c45)c(-c4ccncc4)nn13)C2,1000.0,6.0,1,509.5700000000002
CCOC(=O)N1C2CCC1CC(c1ccnc3c(-c4cccc5[nH]ccc45)c(-c4ccncc4)nn13)C2,1000.0,6.0,1,492.5830000000002
CCOC(=O)N1C2CCC1CC(c1ccnc3c(-c4cccc5[nH]ncc45)c(-c4ccncc4)nn13)C2,2.0,8.698970004336019,1,493.5710000000002
CCOC(=O)Nc1nc2cc(C3(O)c4ccccc4C(=O)N3c3cccc(Cl)c3F)ccc2o1,100.0,7.0,1,481.86700000000025
CCOC(=O)Nc1nc2ccc(C(=O)c3ccccc3C(=O)OCc3ccccc3)cc2o1,1000.0,6.0,1,444.44300000000027
CCOC(=O)Nc1nc2ccc(C3(O)c4ccccc4C(=O)N3Cc3ccccc3)cc2[nH]1,10000.0,5.0,0,442.4750000000002
CCOC(=O)Nc1nc2ccc(C3(O)c4ccccc4C(=O)N3c3cccc(Cl)c3F)cc2[nH]1,100.0,7.0,1,480.8830000000002
CCOC(=O)c1c(-c2ccncc2)nn(-c2c(Cl)cc(Cl)cc2Cl)c1N,100000.0,4.0,0,411.6760000000002
CCOC(=O)c1cc2c(-c3cn(CC)nc3-c3cccc(NC(=O)Nc4ccccc4)c3)ccnc2[nH]1,33.9,7.4698003017969175,1,494.5550000000001
CCOC(=O)c1ccc(Nc2ccnc(SCC(=O)c3ccc(C#N)cc3)n2)cc1,150.0,6.823908740944319,1,418.4780000000001
CCOC(=O)c1ccc(Nc2ccnc(SCC(=O)c3ccc(OC)cc3)n2)cc1,410.0,6.3872161432802645,1,423.49400000000014
CCOC(=O)c1ccc(Nc2ccnc(SCC(=O)c3ccc([N+](=O)[O-])cc3)n2)cc1,220.0,6.657577319177793,1,438.46500000000015
CCOC(=O)c1cccc(-c2cncc(Nc3cc(OC)c(OC)c(OC)c3)n2)c1,14000.0,4.853871964321762,0,409.4420000000002
CCOC(=O)c1cccc(N2C(=O)c3ccccc3C2(O)c2ccc3c(c2)NC(=O)CO3)c1,10000.0,5.0,0,444.4430000000002
CCOC(=O)c1ccccc1-c1ccc(/C=C2/C(=O)NC(=S)N(c3ccc(C)cc3)C2=O)o1,1020.0,5.991399828238082,0,460.51100000000014
CCOC(=O)c1cnn2c(-c3cccc(NC(=O)Nc4cc(C(F)(F)F)ccc4Cl)c3)ccnc12,10000.0,5.0,0,503.86800000000017
CCOC(=O)c1cnn2c(-c3cccc(NC(=O)Nc4ccc(C(F)(F)F)cc4)c3)ccnc12,3600.0,5.443697499232712,0,469.4230000000001
CCOC(=O)c1cnn2c(-c3cccc(NC(=O)Nc4ccc(C)c(C(F)(F)F)c4)c3)ccnc12,360.0,6.443697499232712,1,483.45000000000016
CCOC(=O)c1cnn2c(-c3cccc(NC(=O)Nc4ccc(Cl)c(C(F)(F)F)c4)c3)ccnc12,360.0,6.443697499232712,1,503.8680000000001
CCOC(=O)c1cnn2c(-c3cccc(NC(=O)Nc4ccc(F)c(C(F)(F)F)c4)c3)ccnc12,240.0,6.619788758288394,1,487.4130000000001
CCOC(=O)c1cnn2c(-c3cccc(NC(=O)Nc4cccc(C(F)(F)F)c4)c3)ccnc12,540.0,6.267606240177032,1,469.4230000000001
CCOC(=O)c1cnn2c(-c3cccc(NC(=O)Nc4cccc(Cl)c4)c3)ccnc12,10000.0,5.0,0,435.8710000000001
CCOC(=O)c1cnn2c(-c3cccc(NC(=O)Nc4ccccc4C(F)(F)F)c3)ccnc12,10000.0,5.0,0,469.4230000000001
CCOC(=O)c1cnn2c(-c3cccc(NC(=O)c4cc(C(F)(F)F)ccc4C)c3)ccnc12,10000.0,5.0,0,468.4350000000002
CCOC(=O)c1cnn2c(-c3cccc(NC(=O)c4cc(C(F)(F)F)ccc4Cl)c3)ccnc12,10000.0,5.0,0,488.8530000000002
CCOC(=O)c1cnn2c(-c3cccc(NC(=O)c4ccc(C(F)(F)F)cc4)c3)ccnc12,10000.0,5.0,0,454.40800000000013
CCOC(=O)c1cnn2c(-c3cccc(NC(=O)c4ccc(C)c(C(F)(F)F)c4)c3)ccnc12,500.0,6.301029995663981,1,468.4350000000002
CCOC(=O)c1cnn2c(-c3cccc(NC(=O)c4ccc(Cl)c(C(F)(F)F)c4)c3)ccnc12,4270.0,5.369572124974976,0,488.8530000000001
CCOC(=O)c1cnn2c(-c3cccc(NC(=O)c4ccc(OC)c(C(F)(F)F)c4)c3)ccnc12,1030.0,5.987162775294828,0,484.4340000000002
CCOC(=O)c1cnn2c(-c3cccc(NC(=O)c4cccc(Br)c4)c3)ccnc12,10000.0,5.0,0,465.30700000000013
CCOC(=O)c1cnn2c(-c3cccc(NC(=O)c4cccc(C#N)c4)c3)ccnc12,10000.0,5.0,0,411.42100000000016
CCOC(=O)c1cnn2c(-c3cccc(NC(=O)c4cccc(C(F)(F)F)c4)c3)ccnc12,1513.3333333333333,5.820065401862559,0,454.40800000000013
CCOC(=O)c1cnn2c(-c3cccc(NC(=O)c4cccc(C)c4)c3)ccnc12,10000.0,5.0,0,400.43800000000016
CCOC(=O)c1cnn2c(-c3cccc(NC(=O)c4cccc(Cl)c4)c3)ccnc12,10000.0,5.0,0,420.8560000000001
CCOC(=O)c1cnn2c(-c3cccc(NC(=O)c4cccc(OC(F)(F)F)c4)c3)ccnc12,1570.0,5.804100347590766,0,470.40700000000015
CCOC(=O)c1cnn2c(-c3cccc(NC(=O)c4cccc(OC)c4)c3)ccnc12,10000.0,5.0,0,416.4370000000002
CCOC(=O)c1cnn2c(-c3cccc(NC(=O)c4ccccc4)c3)ccnc12,10000.0,5.0,0,386.4110000000001
CCOC(=O)c1nc2cnccn2c1Nc1ccc2c(c1)CC/C2=N\O,1558.0,5.807432546663454,0,351.36600000000016
CCOC(=O)c1oc2cnccc2c1Nc1ccc(Cl)c(O)c1,2.3,8.638272163982407,1,332.74300000000005
CCOC(=O)c1oc2cnccc2c1Nc1ccc2c(N)cccc2c1,52.0,7.2839966563652006,1,347.3740000000001
CCOC(=O)c1oc2cnccc2c1Nc1ccc2c(O)c(F)ccc2c1,3.0,8.522878745280337,1,366.34800000000007
CCOC(=O)c1oc2cnccc2c1Nc1ccc2c(O)cccc2c1,1.1,8.958607314841775,1,348.35800000000006
CCOC(=O)c1oc2cnccc2c1Nc1ccc2c(c1)CC/C2=N/O,11.333333333333334,7.945642337677407,1,351.36200000000014
CCOC(=O)c1oc2cnccc2c1Nc1ccc2c(c1)CCC2=O,93.0,7.031517051446065,1,336.34700000000015
CCOC(=O)c1oc2cnccc2c1Nc1ccc2ccccc2c1,179.0,6.747146969020107,1,332.35900000000004
CCOC(=O)c1oc2cnccc2c1Nc1cnc2ccccc2c1,30.0,7.522878745280337,1,333.34700000000004
CCOC(=O)c1sc(NC(=O)c2cc(OC)cc(OC)c2)c(C#N)c1C,770.0,6.113509274827518,1,374.4180000000002
CCOC(=O)c1sc(NC(=O)c2ccc(Cl)c([N+](=O)[O-])c2)c(C#N)c1C,2160.0,5.665546248849069,0,393.80800000000016
CCOC(=O)c1sc(NC(=O)c2ccc(F)cc2)c(C(=O)Nc2ccccc2)c1C,630.0,6.200659450546418,1,426.46900000000016
CCOC(=O)c1sc(NC(=O)c2ccc(OCC)cc2)c(C#N)c1C,1160.0,5.935542010773082,0,358.4190000000001
CCOC(=O)c1sc(NC(=O)c2ccccc2C)c(C#N)c1C,2010.0,5.696803942579511,0,328.39300000000014
CCOC(=O)c1sc2cnccc2c1Nc1ccc2c(c1)CC/C2=N/O,141.5,6.849243560139691,1,367.4300000000002
CCOC1(c2ccc3[nH]c(NC(=O)OC)nc3c2)c2ccccc2C(=O)N1Cc1ccccc1,100.0,7.0,1,456.5020000000002
CCOCCN1CCC(Cc2ccc3ncnc(Nc4cc(C(=O)Nc5cc(C(C)(C)C)cc(NS(C)(=O)=O)c5OC)ccc4C)c3n2)CC1,479.0,6.319664486585437,1,703.91
CCOCCN1CCN(c2cncc(-c3cn(-c4cc(C(=O)Nc5cc(C(C)(C)C)on5)ccc4C)nn3)c2)CC1,29.0,7.5376020021010435,1,558.6870000000001
CCOCCN1CCN(c2cncc(-c3cn(-c4cc(NC(=O)c5ccc(C(C)(C)C)o5)ccc4C)nn3)c2)CC1,7.0,8.154901959985743,1,557.6990000000002
CCOCCN1CCN(c2cncc(-c3cn(-c4cc(NC(=O)c5ccc(C(C)(C)C)s5)ccc4C)nn3)c2)CC1,10.0,8.0,1,573.767
CCOc1cc(-c2cc(NC(=O)c3ccnc(C(C)(C)C#N)c3)cnc2C)cc(N2CCOCC2)n1,8.31,8.08039897621589,1,486.5760000000003
CCOc1cc(-c2cc(NC(=O)c3ccnc(C(C)(C)F)c3)cnc2C)cc(N2CCOCC2)n1,3.18,8.497572880015568,1,479.55600000000027
CCOc1cc(-c2cc(NC(=O)c3ccnc(C(C)(C)O)c3)cnc2C)cc(N2CCOCC2)n1,11.95,7.922632094715843,1,477.5650000000003
CCOc1cc(-c2cc(NC(=O)c3ccnc(C(C)(F)F)c3)cnc2C)cc(N2CCOCC2)n1,1.81,8.742321425130816,1,483.5190000000003
CCOc1cc(-c2cc(NC(=O)c3ccnc(C(F)(F)F)c3)ccc2C)cc(N2CCOCC2)n1,1.29,8.88941028970075,1,486.49400000000026
CCOc1cc(-c2cc(NC(=O)c3ccnc(C(F)F)c3)cnc2C)cc(N2CCOCC2)n1,1.87,8.7281583934635,1,469.4920000000003
CCOc1cc(-c2cc(NC(=O)c3ccnc(C4CC4)c3)cnc2C)cc(N2CCOCC2)n1,3.13,8.504455662453552,1,459.5500000000003
CCOc1cc(C(=O)Nc2ccc(C)c(-c3cc(N4CCOCC4)c(=O)n(C)c3)c2)ccc1F,3.1,8.508638306165727,1,465.52500000000026
CCOc1cc(C(=O)Nc2cnc(C)c(-c3cc(N4CCOCC4)c(=O)n(C)c3)c2)ccc1F,9.8,8.008773924307505,1,466.51300000000026
CCOc1cc(N2CCC(O)CC2)ccc1Nc1ncc2c(n1)N(C)c1ccccc1C(=O)N2C,50000.0,4.301029995663981,0,474.5650000000002
CCOc1cc2c(Oc3cccc(NC(=O)Nc4cc(C(C)(C)C)on4)c3)ncnc2cc1OC,80.0,7.096910013008056,1,477.5210000000003
CCOc1cc2ncnc(Nc3cc(S(=O)(=O)NC)ccc3OCC(F)(F)F)c2cc1OC,100.0,7.0,1,486.4720000000002
CCOc1cc2ncnc(Oc3cccc(NC(=O)Nc4cc(C(C)(C)C)on4)c3)c2cc1OC,173.0,6.761953896871205,1,477.5210000000003
CCOc1ccc(-c2cc(NC(=O)c3ccnc(C(C)(C)F)c3)cnc2C)nc1N1CCOCC1,8.48,8.071604147743287,1,479.5560000000003
CCOc1ccc(-c2cc(NC(=O)c3ccnc(C(C)(F)F)c3)cnc2C)nc1N1CCOCC1,4.11,8.38615817812393,1,483.5190000000003
CCOc1ccc(-c2ccc3ncnc(Nc4cccc5[nH]ncc45)c3c2)cc1,350.95000000000005,6.454754753251768,1,381.4390000000001
CCOc1ccc(N2C(=O)/C(=C\c3ccc(CN(CCC#N)S(C)(=O)=O)o3)C(=O)NC2=S)cc1,1140.0,5.943095148663527,0,502.5740000000002
CCOc1cccc(C(=O)Nc2cnc(C)c(-c3cc(N4CCOCC4)c(=O)n(C)c3)c2)c1,10.0,8.0,1,448.5230000000003
CCOc1cccc2cc(C(=O)N3N=C(c4cccnc4)CC3c3ccccc3O)oc12,1762.85,5.7537846400227135,0,427.46000000000015
CCOc1cnc(-c2cnc3[nH]cc(C(=O)c4c(F)ccc(NS(=O)(=O)N(C)C)c4F)c3c2)cn1,100.0,7.0,1,502.50300000000016
CCOc1n[nH]c2ncc(C#Cc3c(F)ccc(NS(=O)(=O)c4cccnc4)c3F)cc12,122.0,6.913640169325252,1,455.4460000000001
CCOc1nc(-c2cc(NC(=O)c3ccnc(C(C)(C)C#N)c3)ccc2C)cc(N2CCOCC2)n1,3.4,8.468521082957745,1,486.5760000000003
CCOc1nc(-c2cc(NC(=O)c3ccnc(C(C)(F)F)c3)ccc2C)cc(N2CCOCC2)n1,0.9,9.045757490560675,1,483.5190000000003
CCOc1nc(-c2cc(NC(=O)c3ccnc(C(C)C)c3)ccc2C)cc(N2CCOCC2)n1,1.1,8.958607314841775,1,461.5660000000003
CCOc1nc(-c2cc(NC(=O)c3ccnc(C(F)(F)F)c3)ccc2C)cc(N2CCOCC2)n1,0.7,9.154901959985743,1,487.48200000000026
CCOc1ncc(-c2cc(C(=O)Nc3cc(C(F)(F)F)ncc3F)ccc2C)cc1N1CCOCC1,1.83,8.73754891026957,1,504.48400000000026
CCOc1ncc(-c2cc(C(=O)Nc3cccc(S(C)(=O)=O)c3)ccc2C)cc1N1CCOCC1,0.9,9.045757490560675,1,495.60100000000034
CCOc1ncc(-c2cc(C(=O)Nc3ccnc(C(F)(F)F)c3)ccc2C)cc1N1CCOCC1,1.1,8.958607314841775,1,486.49400000000026
CCOc1ncc(-c2cc(NC(=O)c3cc(C(C)(C)N)cc(C(F)(F)F)c3)ccc2C)cc1C1(O)COC1,10017.0,4.999262326225967,0,529.5590000000001
CCOc1ncc(-c2cc(NC(=O)c3cc(C(C)(C)N)cc(C(F)(F)F)c3)cnc2C)cc1C1(F)COC1,20064.0,4.697582480849378,0,532.5380000000001
CCOc1ncc(-c2cc(NC(=O)c3cc(C(F)(F)F)c(=O)n(CC)c3)ccc2C)cc1N1CCOCC1,1.0,9.0,1,530.5470000000001
CCOc1ncc(-c2cc(NC(=O)c3cc(C(F)(F)F)c(=O)n(CC)c3)cnc2C)cc1N1CCOCC1,5.7,8.244125144327509,1,531.5350000000002
CCOc1ncc(-c2cc(NC(=O)c3cc(C(F)(F)F)ccn3)cnc2C)nc1N1CCOCC1,4.75,8.323306390375134,1,488.47000000000025
CCOc1ncc(-c2cc(NC(=O)c3cc(C4CC4)on3)cnc2C)cc1N1CCOCC1,1.3,8.886056647693163,1,449.51100000000025
CCOc1ncc(-c2cc(NC(=O)c3cc(CN(C)C)cc(C(F)(F)F)c3)cnc2C)cc1N1CCOCC1,8.3,8.080921907623926,1,543.59
CCOc1ncc(-c2cc(NC(=O)c3cc(CN(C)C)cc(C(F)(F)F)c3)cnc2C)nc1N1CCOCC1,16.75,7.775985188627136,1,544.5780000000001
CCOc1ncc(-c2cc(NC(=O)c3cc(N4CCN(CC)CC4)cc(C(F)(F)F)c3)cnc2C)cc1N1CCOCC1,10.0,8.0,1,598.6699999999998
CCOc1ncc(-c2cc(NC(=O)c3cccc(-c4nnco4)c3)ccc2C)cc1N1CCOCC1,1.4,8.853871964321762,1,485.5440000000003
CCOc1ncc(-c2cc(NC(=O)c3cccc(-c4nnco4)c3)cnc2C)cc1N1CCOCC1,7.6,8.119186407719209,1,486.5320000000003
CCOc1ncc(-c2cc(NC(=O)c3cccc(C(F)(F)F)c3)ccc2C)cc1N1CCOCC1,2.063428571428571,8.685410560259468,1,485.50600000000026
CCOc1ncc(-c2cc(NC(=O)c3cccc(C(F)(F)F)c3)ccc2C)nc1N1CCOCC1,1.2,8.920818753952375,1,486.49400000000026
CCOc1ncc(-c2cc(NC(=O)c3cccc(C(F)(F)F)c3)cnc2C)cc1N1CCOCC1,1.2,8.920818753952375,1,486.49400000000026
CCOc1ncc(-c2cc(NC(=O)c3cccc(C(F)(F)F)c3)cnc2C)nc1N1CCOCC1,2.8,8.55284196865778,1,487.48200000000026
CCOc1ncc(-c2cc(NC(=O)c3cccc(C(F)F)c3)ccc2C)cc1N1CCOCC1,0.4,9.397940008672037,1,467.5160000000003
CCOc1ncc(-c2cc(NC(=O)c3cccc(S(C)(=N)=O)c3)ccc2C)cc1N1CCOCC1,1.81,8.742321425130816,1,494.6170000000003
CCOc1ncc(-c2cc(NC(=O)c3cccc(S(C)(=O)=O)c3)ccc2C)cc1N1CCOCC1,0.7,9.154901959985743,1,495.60100000000034
CCOc1ncc(-c2cc(NC(=O)c3cccc(S(C)(=O)=O)c3)cnc2C)cc1N1CCOCC1,3.9,8.4089353929735,1,496.58900000000034
CCOc1ncc(-c2cc(NC(=O)c3ccnc(C(C)(C)C#N)c3)ccc2C)cc1C1(CF)COC1,446.0,6.350665141287858,1,488.56300000000033
CCOc1ncc(-c2cc(NC(=O)c3ccnc(C(C)(C)C#N)c3)ccc2C)cc1C1(O)COC1,4930.0,5.30715308072277,0,472.5450000000003
CCOc1ncc(-c2cc(NC(=O)c3ccnc(C(C)(C)C#N)c3)ccc2C)cc1N1CCOCC1,2.7496,8.56073048087083,1,485.58800000000036
CCOc1ncc(-c2cc(NC(=O)c3ccnc(C(C)(C)C#N)c3)cnc2C)cc1C1(C)COC1,7124.0,5.147276089208794,0,471.5610000000003
CCOc1ncc(-c2cc(NC(=O)c3ccnc(C(C)(C)C#N)c3)cnc2C)cc1N1CCOCC1,5.6,8.2518119729938,1,486.57600000000036
CCOc1ncc(-c2cc(NC(=O)c3ccnc(C(C)(C)C#N)c3)cnc2C)nc1N1CCOCC1,13.0,7.886056647693163,1,487.56400000000036
CCOc1ncc(-c2cc(NC(=O)c3ccnc(C(C)(C)F)c3)ccc2C)cc1C1(O)COC1,1786.0,5.748118545447472,0,465.52500000000026
CCOc1ncc(-c2cc(NC(=O)c3ccnc(C(C)(C)F)c3)cnc2C)cc1C1(CF)COC1,1299.0,5.886390848926972,0,482.5310000000003
CCOc1ncc(-c2cc(NC(=O)c3ccnc(C(C)(C)F)c3)cnc2C)cc1N1CCOCC1,2.6,8.585026652029182,1,479.5560000000003
CCOc1ncc(-c2cc(NC(=O)c3ccnc(C(C)(C)F)c3)cnc2C)nc1N1CCOCC1,12.2,7.913640169325252,1,480.5440000000003
CCOc1ncc(-c2cc(NC(=O)c3ccnc(C(C)(C)O)c3)ccc2C)cc1N1CCOCC1,1.6,8.795880017344075,1,476.57700000000034
CCOc1ncc(-c2cc(NC(=O)c3ccnc(C(C)(C)O)c3)cnc2C)cc1N1CCOCC1,15.15,7.8195873671616765,1,477.56500000000034
CCOc1ncc(-c2cc(NC(=O)c3ccnc(C(C)(F)F)c3)ccc2C)cc1C1(O)COC1,1217.0,5.914709421769935,0,469.4880000000002
CCOc1ncc(-c2cc(NC(=O)c3ccnc(C(C)(F)F)c3)ccc2C)cc1N1CCOCC1,0.6,9.221848749616356,1,482.5310000000003
CCOc1ncc(-c2cc(NC(=O)c3ccnc(C(C)(F)F)c3)cnc2C)nc1N1CCOCC1,5.65,8.247951552180561,1,484.5070000000003
CCOc1ncc(-c2cc(NC(=O)c3ccnc(C(C)C)c3)cnc2C)cc1N1CCOCC1,3.1,8.508638306165727,1,461.5660000000003
CCOc1ncc(-c2cc(NC(=O)c3ccnc(C(F)(F)F)c3)ccc2C)cc1C1(O)COC1,2282.0,5.641684359917804,0,473.4510000000002
CCOc1ncc(-c2cc(NC(=O)c3ccnc(C(F)(F)F)c3)ccc2C)cc1N1CCOCC1,2.6116,8.583093340067574,1,486.49400000000026
CCOc1ncc(-c2cc(NC(=O)c3ccnc(C(F)(F)F)c3)cnc2C)cc1C1(C)COC1,613.0,6.212539525481585,1,472.4670000000002
CCOc1ncc(-c2cc(NC(=O)c3ccnc(C(F)(F)F)c3)cnc2C)cc1N1CCOCC1,1.2,8.920818753952375,1,487.48200000000026
CCOc1ncc(-c2cc(NC(=O)c3ccnc(C(F)(F)F)c3)cnc2C)nc1N1CCOCC1,4.2,8.3767507096021,1,488.47000000000025
CCOc1ncc(-c2cc(NC(=O)c3ccnc(C(F)F)c3)ccc2C)cc1N1CCOCC1,0.4,9.397940008672037,1,468.5040000000003
CCOc1ncc(-c2cc(NC(=O)c3ccnc(C(F)F)c3)cnc2C)cc1N1CCOCC1,1.1,8.958607314841775,1,469.4920000000003
CCOc1ncc(-c2cc(NC(=O)c3ccnc(C4CC4)c3)cnc2C)cc1N1CCOCC1,1.8,8.744727494896694,1,459.55000000000035
CCOc1ncc(-c2cc(NC(=O)c3ccnc(C4COC4)c3)cnc2C)cc1N1CCOCC1,5.6,8.2518119729938,1,475.5490000000004
CCOc1ncc(-c2cc(NC(=O)c3ccnc(S(C)(=O)=O)c3)ccc2C)cc1N1CCOCC1,0.8,9.096910013008056,1,496.58900000000034
CCOc1ncc(-c2cc(NC(=O)c3ccnc(S(C)(=O)=O)c3)cnc2C)cc1N1CCOCC1,5.3,8.275724130399212,1,497.57700000000034
CCOc1ncc(-c2cc(NC(=O)c3cnnc(C(C)(C)C#N)c3)ccc2C)cc1N1CCOCC1,1.1,8.958607314841775,1,486.57600000000036
CCOc1ncc(-c2cc(NC(=O)c3cnnc(C(C)(C)C#N)c3)cnc2C)cc1C1(C)COC1,7133.0,5.146727775979317,0,472.5490000000003
CCOc1ncc(-c2cc(NC(=O)c3cnnc(C(C)(C)C#N)c3)cnc2C)cc1N1CCOCC1,16.75,7.775985188627136,1,487.56400000000036
CCOc1ncc(-c2cc(NC(=O)c3cnnc(C(C)(C)C#N)c3)cnc2C)cc1N1CCOC[C@H]1C,100.0,7.0,1,501.59100000000035
CCOc1ncc(-c2cc(NC(=O)c3cnnc(C(C)(C)F)c3)ccc2C)cc1N1CCOCC1,0.9,9.045757490560675,1,479.5560000000003
CCOc1ncc(-c2cc(NC(=O)c3cnnc(C(F)(F)F)c3)ccc2C)cc1C1(C)COC1,304.0,6.517126416391246,1,472.4670000000002
CCOc1ncc(-c2cc(NC(=O)c3cnnc(C(F)(F)F)c3)ccc2C)cc1N1CCOCC1,1.1,8.958607314841775,1,487.48200000000026
CCOc1ncc(-c2cc(NC(=O)c3cnnc(C(F)(F)F)c3)cnc2C)cc1C1(C)COC1,1451.0,5.838332587562264,0,473.4550000000002
CCOc1ncc(-c2cc(NC(=O)c3cnnc(C(F)(F)F)c3)cnc2C)cc1N1C2CCC1COC2,53.0,7.275724130399211,1,514.5080000000002
CCOc1ncc(-c2cc(NC(=O)c3cnnc(C(F)(F)F)c3)cnc2C)cc1N1CCOCC1,3.1,8.508638306165727,1,488.47000000000025
CCOc1ncc(-c2cc(NC(=O)c3cnnc(C(F)(F)F)c3)cnc2C)cc1N1CCOC[C@@H]1C,200.0,6.698970004336019,1,502.49700000000024
CCOc1ncc(-c2cc(NC(=O)c3cnnc(C(F)(F)F)c3)cnc2C)cc1N1CCOC[C@H]1C,200.0,6.698970004336019,1,502.49700000000024
CCOc1ncc(-c2cnc3[nH]cc(C(=O)c4c(F)ccc(NS(=O)(=O)N(C)CC)c4F)c3c2)cn1,100.0,7.0,1,516.5300000000002
CCOc1ncnc2[nH]cc(C(=O)c3c(F)ccc(NS(=O)(=O)c4ccc(C(F)(F)F)cc4)c3F)c12,100.0,7.0,1,526.4430000000001
CCOc1nnc(-c2cc(C(=O)Nc3ccnc(C(C)(F)F)c3)ccc2C)cc1N1CCOCC1,7.72,8.112382699664265,1,483.5190000000003
CCOc1nnc(-c2cc(N)ccc2C)cc1N1CCOCC1,0.9,9.045757490560675,1,314.3890000000002
CCOc1nnc(-c2cc(NC(=O)c3cc(C(F)(F)F)ccn3)cnc2C)cc1N1CCOCC1,1.3,8.886056647693163,1,488.4700000000003
CCOc1nnc(-c2cc(NC(=O)c3cc(CN(C)C)cc(C(F)(F)F)c3)cnc2C)cc1C1(C)COC1,23364.0,4.631452802432343,0,529.5630000000001
CCOc1nnc(-c2cc(NC(=O)c3ccc(CCl)c(C(F)(F)F)c3)ccc2C)cc1N1CCOCC1,2.2,8.657577319177793,1,534.9660000000001
CCOc1nnc(-c2cc(NC(=O)c3ccc(CCl)c(C(F)(F)F)c3)cnc2C)cc1N1CCOCC1,14.0,7.853871964321762,1,535.9540000000001
CCOc1nnc(-c2cc(NC(=O)c3ccc(CN(C)C)c(C(F)(F)F)c3)ccc2C)cc1N1CCOCC1,3.5,8.455931955649724,1,543.5900000000001
CCOc1nnc(-c2cc(NC(=O)c3ccc(CN(C)CC)c(C(F)(F)F)c3)ccc2C)cc1N1CCOCC1,3.5,8.455931955649724,1,557.6170000000002
CCOc1nnc(-c2cc(NC(=O)c3ccc(CNC)c(C(F)(F)F)c3)ccc2C)cc1N1CCOCC1,2.2,8.657577319177793,1,529.5630000000001
CCOc1nnc(-c2cc(NC(=O)c3ccc(CNC)c(C(F)(F)F)c3)cnc2C)cc1N1CCOCC1,14.0,7.853871964321762,1,530.5510000000002
CCOc1nnc(-c2cc(NC(=O)c3ccc(CO)c(C(F)(F)F)c3)cnc2C)cc1N1CCOCC1,3.7,8.431798275933005,1,517.5080000000003
CCOc1nnc(-c2cc(NC(=O)c3cccc(C(F)(F)F)c3)cnc2C)cc1N1CCOC(c2ncc[nH]2)C1,76.9,7.114073660198569,1,553.5450000000002
CCOc1nnc(-c2cc(NC(=O)c3cccc(C(F)(F)F)c3)cnc2C)cc1N1CCOCC1,0.9,9.045757490560675,1,487.4820000000003
CCOc1nnc(-c2cc(NC(=O)c3cccc(C(F)(F)F)c3)cnc2C)cc1N1CCOC[C@@H]1C,2.5,8.602059991327963,1,501.5090000000003
CCOc1nnc(-c2cc(NC(=O)c3cccc(C(F)(F)F)c3)cnc2C)cc1N1CCOC[C@H]1C,4.9,8.309803919971486,1,501.5090000000003
CCOc1nnc(-c2cc(NC(=O)c3cccc(C(F)F)c3)ccc2C)cc1N1CCOCC1,0.3,9.522878745280337,1,468.5040000000003
CCOc1nnc(-c2cc(NC(=O)c3cccc(C(F)F)c3)cnc2C)cc1N1CCOCC1,1.6,8.795880017344075,1,469.4920000000003
CCOc1nnc(-c2cc(NC(=O)c3cccc(S(C)(=O)=O)c3)ccc2C)cc1N1CCOCC1,0.9,9.045757490560675,1,496.5890000000004
CCOc1nnc(-c2cc(NC(=O)c3cccc(S(C)(=O)=O)c3)cnc2C)cc1N1CCOCC1,5.0,8.301029995663981,1,497.5770000000004
CCOc1nnc(-c2cc(NC(=O)c3ccnc(C(C)(C)C#N)c3)ccc2C)cc1N1CCOCC1,0.8,9.096910013008056,1,486.57600000000036
CCOc1nnc(-c2cc(NC(=O)c3ccnc(C(C)(C)C#N)c3)ccc2C)cc1N1CCOC[C@@H]1C,3.8,8.42021640338319,1,500.60300000000035
CCOc1nnc(-c2cc(NC(=O)c3ccnc(C(C)(C)C#N)c3)ccc2C)cc1N1CCOC[C@H]1C,4.7,8.327902142064282,1,500.60300000000035
CCOc1nnc(-c2cc(NC(=O)c3ccnc(C(C)(C)C#N)c3)cnc2C)cc1N1CCOCC1,10.0,8.0,1,487.56400000000036
CCOc1nnc(-c2cc(NC(=O)c3ccnc(C(C)(C)C#N)c3)cnc2C)cc1N1CCOC[C@H]1C,56.85,7.2452695309762465,1,501.59100000000035
CCOc1nnc(-c2cc(NC(=O)c3ccnc(C(C)(C)F)c3)ccc2C)cc1N1CCOCC1,1.3,8.886056647693163,1,479.5560000000003
CCOc1nnc(-c2cc(NC(=O)c3ccnc(C(C)(C)F)c3)cnc2C)cc1C1(C)COC1,2146.0,5.668370282370067,0,465.5290000000003
CCOc1nnc(-c2cc(NC(=O)c3ccnc(C(C)(C)F)c3)cnc2C)cc1N1CCOCC1,4.5,8.346787486224656,1,480.5440000000003
CCOc1nnc(-c2cc(NC(=O)c3ccnc(C(C)(C)O)c3)ccc2C)cc1N1CCOCC1,2.8,8.55284196865778,1,477.56500000000034
CCOc1nnc(-c2cc(NC(=O)c3ccnc(C(C)(F)F)c3)ccc2C)cc1N1CCOCC1,1.3,8.886056647693163,1,483.5190000000003
CCOc1nnc(-c2cc(NC(=O)c3ccnc(C(C)(F)F)c3)cnc2C)cc1C1(C)COC1,3152.0,5.5014137911824825,0,469.49200000000025
CCOc1nnc(-c2cc(NC(=O)c3ccnc(C(C)(F)F)c3)cnc2C)cc1N1CCOCC1,1.9,8.721246399047171,1,484.5070000000003
CCOc1nnc(-c2cc(NC(=O)c3ccnc(C(C)C)c3)cnc2C)cc1N1CCOCC1,2.6,8.585026652029182,1,462.55400000000037
CCOc1nnc(-c2cc(NC(=O)c3ccnc(C(F)(F)CC)c3)ccc2C)cc1N1CCOCC1,1.0,9.0,1,497.5460000000004
CCOc1nnc(-c2cc(NC(=O)c3ccnc(C(F)(F)CC)c3)cnc2C)cc1N1CCOCC1,3.5,8.455931955649724,1,498.5340000000004
CCOc1nnc(-c2cc(NC(=O)c3ccnc(C(F)(F)F)c3)ccc2C)cc1N1CCOCC1,0.7,9.154901959985743,1,487.4820000000003
CCOc1nnc(-c2cc(NC(=O)c3ccnc(C(F)(F)F)c3)cnc2C)cc1N1CCOCC1,1.6,8.795880017344075,1,488.4700000000003
CCOc1nnc(-c2cc(NC(=O)c3ccnc(C(F)F)c3)ccc2C)cc1N1CCOCC1,0.6,9.221848749616356,1,469.4920000000003
CCOc1nnc(-c2cc(NC(=O)c3ccnc(C4(C#N)CC4)c3)ccc2C)cc1N1CCOCC1,0.7,9.154901959985743,1,484.5600000000004
CCOc1nnc(-c2cc(NC(=O)c3ccnc(C4CC4)c3)ccc2C)cc1N1CCOCC1,0.6,9.221848749616356,1,459.5500000000004
CCOc1nnc(-c2cc(NC(=O)c3ccnc(C4CC4)c3)cnc2C)cc1N1CCOCC1,1.8,8.744727494896694,1,460.5380000000004
CCOc1nnc(-c2cc(NC(=O)c3ccnc(S(C)(=O)=O)c3)cnc2C)cc1N1CCOCC1,12.15,7.915423722065669,1,498.5650000000004
CCOc1nnc(-c2cc(NC(=O)c3cnnc(C(C)(C)C#N)c3)ccc2C)cc1N1CCOCC1,2.0,8.698970004336019,1,487.56400000000036
CCOc1nnc(-c2cc(NC(=O)c3cnnc(C(F)(F)F)c3)ccc2C)cc1N1CCOCC1,0.8,9.096910013008056,1,488.4700000000003
CCOc1nnc(-c2cc(NC(=O)c3cnnc(C(F)(F)F)c3)cnc2C)cc1N1CCOCC1,4.2,8.3767507096021,1,489.4580000000003
CCS(=O)(=O)Nc1c(F)c(F)cc(-c2nn(C(C)C)cc2-c2ccnc(NC[C@H](C)NC(=O)OC)n2)c1Cl,12.0,7.920818753952375,1,572.0380000000001
CCS(=O)(=O)Nc1c(F)ccc(-c2nn(C(C)C)cc2-c2ccnc(NC[C@H](C)NC(=O)OC)n2)c1F,3.75,8.425968732272281,1,537.5930000000003
CCS(=O)(=O)Nc1cc(Cl)cc(-c2[nH]c(C(C)(C)C)nc2-c2ccnc(NC[C@H](C)NC(=O)OC)n2)c1,0.1,10.0,1,550.0850000000003
CCS(=O)(=O)Nc1cc(Cl)cc(-c2[nH]c(C(C)(C)C)nc2-c2ccnc(NC[C@H](C)NC(=O)OC)n2)c1F,0.46,9.337242168318426,1,568.0750000000003
CCS(=O)(=O)Nc1cc(Cl)cc(-c2[nH]c(C3CC3)nc2-c2ccnc(NC[C@H](C)NC(=O)OC)n2)c1F,0.24,9.619788758288394,1,552.0320000000003
CCS(=O)(=O)Nc1cc(F)cc(-c2[nH]c(C3CC3)nc2-c2ccnc(NC[C@H](C)NC(=O)OC)n2)c1Cl,0.43,9.366531544420413,1,552.0320000000003
CCS(=O)(=O)Nc1ccc(-c2ccc3ncnc(Nc4ccccc4)c3c2)cc1,1751.0,5.756713853916554,0,404.4950000000001
CCS(=O)(=O)Nc1ccc(C)c(Nc2ncnc3cnc(N4CCN(C)CC4)nc23)c1,521.0,6.283162276700476,1,442.5490000000003
CCS(=O)(=O)Nc1ccc(F)c(C(=O)Nc2cnc3[nH]nc(OC)c3c2)c1F,25.0,7.6020599913279625,1,411.3900000000001
CCS(=O)(=O)Nc1ccc(F)c(C(=O)c2c[nH]c3ncncc23)c1F,10000.0,5.0,0,366.34900000000005
CCS(=O)(=O)Nc1ccc(F)c(Nc2ccc3ncn(C)c(=O)c3c2C)c1Cl,200.725,6.6973985334124375,1,424.8850000000002
CCS(=O)(=O)Nc1cccc(-c2ccc3ncnc(Nc4cccc5[nH]ncc45)c3c2)c1,232.45,6.633670449480894,1,444.52000000000015
CCS(=O)(=O)Nc1cccc(Cn2c(=O)oc3cc(OC(=O)N(C)C)ccc3c2=O)c1F,200.0,6.698970004336019,1,465.45900000000023
CCS(=O)(=O)Nc1ncc(F)c(Nc2ccc3ncn(C)c(=O)c3c2C)c1Cl,137.0,6.863279432843593,1,425.87300000000016
CCS(=O)(=O)Nc1ncc(F)c(Nc2ccc3ncn(C)c(=O)c3c2C)c1F,260.0,6.585026652029182,1,409.4180000000002
CCS(=O)(=O)Oc1ccc2c(=O)n(Cc3cccc(NS(=O)(=O)NC)c3F)c(=O)oc2c1,670.0,6.173925197299173,1,487.4870000000002
CCS(=O)(=O)c1ccc(S(=O)(=O)NC)cc1Nc1cc(Nc2ccc(Cl)cn2)ncn1,250.0,6.6020599913279625,1,482.9750000000001
CC[C@@H](c1ccccc1)N1C(=O)c2ccccc2C1(O)c1ccc2[nH]c(NC(=O)OC)nc2c1,1000.0,6.0,1,456.5020000000001
CC[C@@H]1C(=O)N(C)c2cnc(Nc3ccc(C(=O)NC4CCN(C)CC4)cc3OC)nc2N1C1CCCC1,10000.0,5.0,0,521.6660000000004
CC[C@@H]1CN(C(=O)NCC(F)(F)F)C[C@@H]1c1cnc2cnc3[nH]ccc3n12,10000.0,5.0,0,380.374
CC[C@H](c1ccccc1)N1C(=O)c2ccccc2C1(O)c1ccc2[nH]c(NC(=O)OC)nc2c1,100.0,7.0,1,456.5020000000001
CCc1c[nH]nc1-c1ccc(-c2cn(C)nc2-c2ccncc2)cc1,1000.0,6.0,1,329.407
CCc1cc(C(=O)Nc2ccc(C)c(-c3cc(N4CCOCC4)c(=O)n(C)c3)c2)ccn1,1.2,8.920818753952375,1,432.5240000000002
CCc1cc(C(=O)Nc2ccc(C)c(-c3cc(N4CCOCC4)c(=O)n(C)n3)c2)ccn1,1.4,8.853871964321762,1,433.5120000000002
CCc1cc(C(=O)Nc2ccc(C)c(-c3cc(N4CCOCC4)n(C)c(=O)c3)c2)ccn1,0.6,9.221848749616356,1,432.5240000000002
CCc1cc(N2C(=O)c3ccccc3C2(O)c2ccc3[nH]c(NC(=O)OC)nc3c2)ccc1F,100.0,7.0,1,460.4650000000002
CCc1cc(NC(=O)Nc2cccc(C(F)(F)F)c2)cc(Cl)c1Oc1cc(NC)ncn1,2000.0,5.698970004336019,0,465.86300000000017
CCc1cc(Nc2nccc(-c3c(-c4ccc(OC)c(C(=O)Nc5c(F)cccc5F)c4)nc4ccccn34)n2)c(OC)cc1N1CCC(N2CCN(S(C)(=O)=O)CC2)CC1,2000.0,5.698970004336019,0,851.9809999999993
CCc1cc(Nc2nccc(-c3c(-c4cccc(C(=O)Nc5c(F)cccc5F)c4)nc4ccccn34)n2)c(OC)cc1N1CCC(N2CCN(S(C)(=O)=O)CC2)CC1,320.0,6.494850021680094,1,821.9549999999994
CCc1ccc(C(=O)Nc2ccc(CN3CCN(C)CC3)c(C(F)(F)F)c2)cc1NC(=O)c1cnc2[nH]ccc2c1,360.0,6.443697499232712,1,564.6120000000002
CCc1ccc(Nc2nc3cc(Oc4ccnc(C(=O)NC)c4)ccc3o2)cc1,5.0,8.301029995663981,1,388.4270000000001
CCc1ccc(Nc2nc3cc(Oc4ccnc(NC(C)=O)c4)ccc3n2C)cc1,1.0,9.0,1,401.47000000000014
CCc1ccc(S(=O)(=O)Nc2ccc(F)c(C(=O)c3c[nH]c4ncnc(C)c34)c2F)cc1,100.0,7.0,1,456.47400000000016
CCc1ccc(S(=O)(=O)Nc2ccc(F)c(C(=O)c3c[nH]c4ncnc(NC(C)C)c34)c2F)cc1,100.0,7.0,1,499.5430000000002
CCc1ccc(S(=O)(=O)Nc2ccc(F)c(C(=O)c3c[nH]c4ncnc(OC)c34)c2F)cc1,100.0,7.0,1,472.4730000000002
CCc1cccc(C(=O)Nc2cccc(Nc3ccnc(NC(=O)C4CC4)c3)c2)c1,110.0,6.958607314841775,1,400.48200000000014
CCc1cccc(N2C(=O)c3ccccc3C2(O)c2ccc3[nH]c(NC(=O)OC)nc3c2)c1,100.0,7.0,1,442.47500000000014
CCc1cccc(N2C(=O)c3ccccc3C2(O)c2ccc3[nH]c(NC(=O)OC)nc3c2)c1F,100.0,7.0,1,460.46500000000015
CCc1cccc(N2C(=O)c3ccccc3C2(O)c2ccc3c(c2)NC(=O)CO3)c1,100.0,7.0,1,400.43400000000014
CCc1cccc(NC(=O)Nc2ccc(Oc3cc(NC)ncn3)cc2)c1,2000.0,5.698970004336019,0,363.421
CCc1cccc(NC(=O)c2ccc(C)c(-c3cc(N4CCOCC4)c(=O)n(C)c3)c2)c1,2.4,8.619788758288394,1,431.53600000000023
CCc1cccc(NC(=O)c2ccccc2C(=O)c2ccc3nc(NC(=O)OC)[nH]c3c2)c1,100.0,7.0,1,442.47500000000014
CCc1cccc(Nc2nc3cc(Oc4ccnc(NC(C)=O)c4)ccc3n2C)c1,0.4,9.397940008672037,1,401.4700000000001
CCc1ccccc1Nc1nc2cc(Oc3ccnc(C(=O)NC)c3)ccc2o1,340.0,6.468521082957745,1,388.42700000000013
CCc1ccccc1Nc1ncc2cc(Oc3ccnc(C(=O)NC)c3)ccc2n1,1300.0,5.886056647693163,0,399.4540000000001
CCc1n[nH]c2c(Cl)ccc(Nc3c(-c4ncccn4)oc4cnccc34)c12,0.8,9.096910013008056,1,390.8340000000001
CCc1nc(-c2cccc(CS(=O)(=O)c3ccccc3)c2)c(-c2ccnc(Nc3ccc(N4CCN(C(C)=O)CC4)nc3)n2)s1,1358.0,5.8671002300555175,0,639.807
CCc1nc(-c2cccc(N(C)S(=O)(=O)c3ccccc3)c2)c(-c2ccnc(Nc3ccc(N4CCN(C(C)=O)CC4)nc3)n2)s1,1970.0,5.705533773838407,0,654.822
CCn1c(=O)c(-c2cc(NC(=O)NCCC(C)(C)C)c(F)cc2C)cc2cnc(NC)cc21,18.400000000000002,7.735182176990463,1,453.5620000000001
CCn1c(=O)c(-c2ccc(F)c(NC(=O)Nc3cc(C(C)(C)C)no3)c2)cc2cnc(NC)cc21,35.733333333333334,7.446926469362912,1,478.52800000000025
CCn1c(=O)n(CC)c2c(Oc3ccc(NC(=O)Nc4ccc(Cl)c(C(F)(F)F)c4)cc3)ccnc21,305.0,6.515700160653214,1,519.9110000000001
CCn1c(N2CCOCC2)cc(-c2cc(NC(=O)c3ccnc(C(C)(F)F)c3)ccc2C)cc1=O,0.6,9.221848749616356,1,482.5310000000002
CCn1c(N2CCOCC2)cc(-c2cc(NC(=O)c3ccnc(C(C)C)c3)ccc2C)cc1=O,2.5,8.602059991327963,1,460.5780000000002
CCn1c(N2CCOCC2)cc(-c2cc(NC(=O)c3ccnc(C(F)(F)CC)c3)ccc2C)cc1=O,2.1,8.67778070526608,1,496.5580000000002
CCn1c(Nc2ccc(Br)cc2)nc2cc(Oc3ccnc(C(=O)NC)c3)ccc21,68.0,7.167491087293763,1,466.33900000000017
CCn1cc(-c2cc(NC(=O)c3cccc(C(F)(F)F)c3)ccc2C)cc(N2CCOCC2)c1=O,3.870142857142857,8.412273003734638,1,485.5060000000003
CCn1cc(-c2cc(NC(=O)c3cccc(C(F)(F)F)c3)ccc2C)nc(N2CCOCC2)c1=O,0.786,9.104577453960593,1,486.4940000000003
CCn1cc(-c2cc(NC(=O)c3cccc(C(F)(F)F)c3)cnc2C)cc(N2CCOCC2)c1=O,15.872,7.7993683451898965,1,486.4940000000003
CCn1cc(-c2cc(NC(=O)c3ccnc(C(C)(C)C#N)c3)ccc2C)cc(N2CCOCC2)c1=O,10.163599999999999,7.992952435437012,1,485.58800000000036
CCn1cc(-c2cc(NC(=O)c3ccnc(C(C)(C)C#N)c3)cnc2C)cc(N2CCOCC2)c1=O,23.1,7.636388020107856,1,486.57600000000036
CCn1cc(-c2cc(NC(=O)c3ccnc(C(F)(F)F)c3)ccc2C)cc(N2CCOCC2)c1=O,8.3886,8.076310513904122,1,486.4940000000003
CCn1cc(-c2ccc3c(c2)CC/C3=N\O)c(-c2ccncc2)n1,0.57,9.244125144327509,1,318.38
CCn1cc(-c2ccnc(NC[C@H](C)NC(=O)OC)n2)c(-c2cc(Cl)cc(NS(C)(=O)=O)c2F)n1,0.9166666666666666,9.0377885608894,1,525.9940000000001
CCn1cc(-c2ccnc3[nH]c(C(=O)O)cc23)c(-c2cccc(NC(=O)Nc3ccccc3)c2)n1,45.7,7.34008379993015,1,466.5010000000001
CCn1cc(-c2ccnc3[nH]cc(Br)c23)c(-c2cccc(NC(=O)Nc3ccccc3)c2)n1,79.4,7.100179497572904,1,501.3880000000002
CCn1cc(-c2ccnc3[nH]ccc23)c(-c2cccc(NC(=O)NC3CCCCC3)c2)n1,41.7,7.379863945026242,1,428.5400000000003
CCn1cc(-c2ccnc3[nH]ccc23)c(-c2cccc(NC(=O)NCc3ccccc3)c2)n1,170.0,6.769551078621726,1,436.5190000000002
CCn1cc(-c2ccnc3[nH]ccc23)c(-c2cccc(NC(=O)Nc3c(F)cccc3F)c2)n1,25.7,7.590066876668706,1,458.47200000000015
CCn1cc(-c2ccnc3[nH]ccc23)c(-c2cccc(NC(=O)Nc3cc(C(F)(F)F)ccc3F)c2)n1,3.9,8.4089353929735,1,508.47900000000016
CCn1cc(-c2ccnc3[nH]ccc23)c(-c2cccc(NC(=O)Nc3ccc(C(F)(F)F)cc3)c2)n1,32.75,7.484788695672198,1,490.48900000000015
CCn1cc(-c2ccnc3[nH]ccc23)c(-c2cccc(NC(=O)Nc3ccc(Cl)c(C(F)(F)F)c3)c2)n1,5.4,8.267606240177031,1,524.9340000000002
CCn1cc(-c2ccnc3[nH]ccc23)c(-c2cccc(NC(=O)Nc3ccc(OCc4ccccc4)cc3)c2)n1,110.0,6.958607314841775,1,528.6160000000002
CCn1cc(-c2ccnc3[nH]ccc23)c(-c2cccc(NC(=O)Nc3cccc(Cl)c3)c2)n1,10.5,7.978810700930062,1,456.9370000000002
CCn1cc(-c2ccnc3[nH]ccc23)c(-c2cccc(NC(=O)Nc3cccc(OC)c3)c2)n1,2.1,8.67778070526608,1,452.5180000000002
CCn1cc(-c2ccnc3[nH]ccc23)c(-c2cccc(NC(=O)Nc3ccccc3)c2)n1,17.4,7.7594507517174005,1,422.49200000000013
CCn1cc(-c2ccnc3[nH]ccc23)c(-c2cccc(NC(=O)Nc3ccccc3Cl)c2)n1,5.3,8.275724130399212,1,456.9370000000002
CCn1cc(-c2ccnc3[nH]ccc23)c(-c2cccc(NC(=S)Nc3ccccc3)c2)n1,331.0,6.480172006224281,1,438.5600000000001
CCn1cc(C(=O)Nc2ccc(C)c(-c3cc(N4CCOCC4)c(=O)n(C)c3)c2)c(C)n1,85.95,7.065754118976929,1,435.52800000000025
CCn1cc(C(=O)Nc2ccc(C)c(-c3cc(N4CCOCC4)c(=O)n(C)c3)c2)cc(C(F)(F)F)c1=O,10.943999999999999,7.960823915623959,1,516.5200000000002
CCn1cc(C(=O)Nc2ccc(C)c(-c3cc(N4CCOCC4)c(=O)n(C)n3)c2)cc(C(F)(F)F)c1=O,2.7,8.568636235841012,1,517.5080000000003
CCn1cc(C(=O)Nc2ccc(C)c(-c3cc(N4CCOCC4)n(C)c(=O)c3)c2)cc(C(F)(F)F)c1=O,1.2,8.920818753952375,1,516.5200000000002
CCn1cc(C(=O)Nc2ccc(C)c(-c3cc(N4CCOCC4)nc(N4CC(O)C4)c3)c2)cc(C(F)(F)F)c1=O,3.05,8.515700160653214,1,557.5730000000003
CCn1cc(C(=O)Nc2ccc(C)c(-c3cc(N4CCOCC4)nc(N4CCOCC4)c3)c2)cc(C(F)(F)F)c1=O,3.14,8.503070351926786,1,571.6000000000005
CCn1cc(C(=O)Nc2ccc(C)c(-c3ccnc(N4CCOCC4)c3)c2)cc(C(F)(F)F)c1=O,5.7936,8.237051492527064,1,486.49400000000026
CCn1cc(C(=O)Nc2cnc(C)c(-c3cc(N4CCOCC4)c(=O)n(C)c3)c2)c(C)n1,1100.0,5.958607314841775,0,436.51600000000025
CCn1cc(C(=O)Nc2cnc(C)c(-c3cc(N4CCOCC4)n(C)c(=O)c3)c2)cc(C(F)(F)F)c1=O,20.0,7.698970004336019,1,517.5080000000003
CCn1cc(C(=O)Nc2cnc(C)c(-c3cc(N4CCOCC4)nc(N4CC(O)C4)c3)c2)cc(C(F)(F)F)c1=O,20.85,7.680893940690224,1,558.5610000000003
CCn1cc(C(=O)Nc2cnc(C)c(-c3cc(N4CCOCC4)nc(N4CCOCC4)c3)c2)cc(C(F)(F)F)c1=O,10.0,8.0,1,572.5880000000004
CCn1cc(C(=O)Nc2cnc(C)c(-c3cc(NCCO)nc(N4CCOCC4)c3)c2)cc(C(F)(F)F)c1=O,30.8,7.511449283499556,1,546.5500000000003
CCn1cc(C(=O)Nc2cnc(C)c(-c3cc4[nH]cnc4c(N4CCOCC4)n3)c2)c(C)n1,32.05,7.494171966145164,1,446.5150000000003
CCn1cc(Nc2ncnc3[nH]cc(C(=O)c4c(F)ccc(NS(=O)(=O)c5ccc(C(F)(F)F)cc5)c4F)c23)cn1,100.0,7.0,1,591.522
CCn1nc(C#Cc2c(C)ccc3c(Nc4ccc(Cl)cc4)nccc23)c2c(N)ncnc21,214.0,6.669586226650809,1,453.9370000000002
CCn1nc(C#Cc2cc(C(=O)Nc3ccc(CN4CCN(C)CC4)c(C(F)(F)F)c3)ccc2C)c2c(N)ncnc21,53.5,7.2716462179787715,1,576.6270000000001
CCn1nc(C#Cc2cccc3c(Nc4cccc(C(F)(F)F)c4)nccc23)c2c(N)ncnc21,41.0,7.3872161432802645,1,473.46200000000016
CCn1nc(C#Cc2cccc3cc(-c4cccc(C(F)(F)F)c4)ncc23)c2c(N)ncnc21,5006.5,5.300465779498605,0,458.4470000000001
CN(C(=O)c1ccccc1C(=O)c1ccc2c(c1)NC(=O)CO2)c1ccccc1,10000.0,5.0,0,386.40700000000015
CN(C(N)=O)c1nc2cc(C3(O)c4ccccc4C(=O)N3Cc3ccccc3)ccc2[nH]1,100.0,7.0,1,427.4640000000001
CN(C)/C=C/NC(=O)c1oc2cnccc2c1Nc1ccc2c(O)cccc2c1,5.0,8.301029995663981,1,388.42700000000013
CN(C)C(=O)N1C2CCC1CC(c1ccnc3c(-c4cccc5[nH]ncc45)c(-c4ccncc4)nn13)C2,6.4,8.193820026016112,1,492.58700000000016
CN(C)C(=O)Nc1nc2cc(C3(O)c4ccccc4C(=O)N3Cc3ccccc3)ccc2[nH]1,100.0,7.0,1,441.49100000000016
CN(C)C(=O)Oc1ccc2c(=O)n(Cc3ccc(F)c(NS(C)(=O)=O)c3)c(=O)oc2c1,9870.0,5.005682847330363,0,451.43200000000013
CN(C)C(=O)Oc1ccc2c(=O)n(Cc3ccc(F)cc3)c(=O)oc2c1,10000.0,5.0,0,358.32500000000005
CN(C)C(=O)Oc1ccc2c(=O)n(Cc3ccc(NS(C)(=O)=O)cc3)c(=O)oc2c1,10000.0,5.0,0,433.4420000000001
CN(C)C(=O)Oc1ccc2c(=O)n(Cc3cccc(NS(=O)(=O)NCC(F)(F)F)c3F)c(=O)oc2c1,420.0,6.376750709602099,1,534.4440000000001
CN(C)C(=O)Oc1ccc2c(=O)n(Cc3cccc(NS(=O)(=O)NCCC#N)c3F)c(=O)oc2c1,60.0,7.221848749616356,1,505.4840000000002
CN(C)C(=O)Oc1ccc2c(=O)n(Cc3cccc(NS(=O)(=O)NCc4ccccc4)c3F)c(=O)oc2c1,1490.0,5.826813731587726,0,542.5450000000001
CN(C)C(=O)Oc1ccc2c(=O)n(Cc3cccc(NS(=O)(=O)Nc4ccccc4)c3F)c(=O)oc2c1,1640.0,5.785156151952302,0,528.5180000000001
CN(C)C(=O)Oc1ccc2c(=O)n(Cc3cccc(NS(C)(=O)=O)c3)c(=O)oc2c1,5920.0,5.22767829327708,0,433.4420000000001
CN(C)C(=O)Oc1ccc2c(=O)n(Cc3cccc(NS(C)(=O)=O)c3F)c(=O)oc2c1,300.0,6.522878745280337,1,451.43200000000013
CN(C)C(=O)Oc1ccc2c(=O)n(Cc3cccc(NS(N)(=O)=O)c3F)c(=O)oc2c1,840.0,6.075720713938118,1,452.42000000000013
CN(C)C(=O)Oc1ccc2c(=O)n(Cc3cccc([N+](=O)[O-])c3)c(=O)oc2c1,10000.0,5.0,0,385.3320000000001
CN(C)C(=O)Oc1ccc2c(=O)n(Cc3ccccc3F)c(=O)oc2c1,10000.0,5.0,0,358.32500000000005
CN(C)C(=O)Oc1ccc2c(=O)n(Cc3ccccc3NS(C)(=O)=O)c(=O)oc2c1,10000.0,5.0,0,433.4420000000001
CN(C)C(=O)Oc1ccc2oc(=O)n(Cc3cccc(NS(C)(=O)=O)c3F)c(=O)c2c1,10000.0,5.0,0,451.43200000000013
CN(C)C(=O)c1cc(Oc2ccc(NC(=O)c3ccc(Cl)c(C(F)(F)F)c3)cc2)ccc1N,4170.0,5.379863945026242,0,477.8700000000001
CN(C)C(=O)c1cc(Oc2ccc3c(c2)nc(Nc2ccc(Br)cc2)n3C)ccn1,2700.0,5.568636235841013,0,466.33900000000006
CN(C)C(=O)c1oc2cnccc2c1Nc1ccc2c(c1)CC/C2=N\O,172.5,6.763210900590707,1,350.3780000000001
CN(C)C(=O)c1sc2cnccc2c1Nc1ccc2c(c1)CC/C2=N/O,2920.0,5.534617148551582,0,366.4460000000002
CN(C)C1CCN(Cc2ccc(C(=O)N[C@@H]3[C@H]4Oc5ccc(Oc6ccnc7c6CCC(=O)N7)cc5[C@@H]34)cc2C(F)(F)F)CC1,11.0,7.958607314841775,1,621.6600000000003
CN(C)C1CCN(c2cc(NC(=O)Nc3ccc(Oc4ccnc(NC(=O)C5CC5)c4)c(F)c3)cc(C(F)(F)F)c2)C1,11.0,7.958607314841775,1,586.5900000000004
CN(C)C1CCN(c2ccc(C(=O)N[C@@H]3[C@H]4Oc5ccc(Oc6ccnc7c6CCC(=O)N7)cc5[C@@H]34)cc2C(F)(F)F)CC1,10.0,8.0,1,607.6330000000004
CN(C)C1CCN(c2ncc3ncnc(Nc4cc(C(=O)Nc5cc(C(C)(C)C)on5)ccc4F)c3n2)C1,2.0,8.698970004336019,1,519.5850000000003
CN(C)C1CCN(c2ncc3ncnc(Nc4cc(C(=O)Nc5cc(C(C)(C)C)on5)ccc4F)c3n2)CC1,3.0,8.522878745280337,1,533.6120000000002
CN(C)C1CCN(c2ncc3ncnc(Nc4cc(Cl)cc(C(=O)Nc5cc(C(C)(C)C)nn5C)c4)c3n2)C1,6.0,8.221848749616356,1,549.0830000000002
CN(C)CC(=O)Nc1ccc(-c2cnn3c(-c4cccc(NC(=O)c5cccc(C(F)(F)F)c5)c4)ccnc23)cc1,34.0,7.468521082957745,1,558.5640000000001
CN(C)CC(=O)Nc1cccc(-c2cnn3c(-c4cccc(NC(=O)c5cccc(C(F)(F)F)c5)c4)ccnc23)c1,40.0,7.3979400086720375,1,558.5640000000001
CN(C)CCCNC(=O)c1nc(-c2ccc(Cl)c(O)c2)c(-c2ccncc2)[nH]1,40.0,7.3979400086720375,1,399.88200000000006
CN(C)CCCNS(=O)(=O)c1ccc2[nH]c3c(C(N)=O)nccc3c2c1,1620.0,5.790484985457369,0,375.4540000000001
CN(C)CCCn1cc(-c2ccc3c(c2)CC/C3=N\O)c(-c2ccncc2)n1,0.47,9.327902142064282,1,375.47600000000006
CN(C)CCN(C)c1ncc2ncnc(Nc3cc(C(=O)Nc4cc(C(C)(C)C)on4)ccc3C(F)(F)F)c2n1,1989.0,5.701365216875565,0,557.5810000000002
CN(C)CCN(C)c1ncc2ncnc(Nc3cc(C(=O)Nc4cc(C(C)(C)C)on4)ccc3Cl)c2n1,1.0,9.0,1,524.0290000000003
CN(C)CCN(C)c1ncc2ncnc(Nc3cc(C(=O)Nc4cc(C(C)(C)C)on4)ccc3F)c2n1,3.0,8.522878745280337,1,507.5740000000003
CN(C)CCN1CCN(C(=O)c2cc(-c3ccc4c(c3)Cc3cn[nH]c3-4)c(-c3ccncc3)o2)CC1,2170.0,5.663540266151471,0,482.58800000000025
CN(C)CCN1CCN(C(=O)c2cc(-c3ccc4c(c3)Cc3cnn(C)c3-4)c(-c3ccncc3)o2)CC1,10000.0,5.0,0,496.6150000000003
CN(C)CCN1CCN(C(=O)c2cc(C(C)(C)C)sc2NC(=O)Nc2cccc(Cl)c2Cl)CCC1=O,3900.0,5.4089353929735005,0,554.5440000000001
CN(C)CCNC(=O)c1ccc(Nc2ncc3cc(-c4ccncc4)ccc3n2)cc1,124.2825,6.9055900192947215,1,412.4970000000001
CN(C)CCNC(=O)c1cnn2c(-c3cccc(NC(=O)c4cccc(C(F)(F)F)c4)c3)ccnc12,5880.0,5.230622673923861,0,496.49300000000017
CN(C)CCNC(=O)c1oc2cnccc2c1Nc1ccc2c(c1)CC/C2=N\O,21.0,7.6777807052660805,1,393.44700000000023
CN(C)CCNC(=O)c1sc2cnccc2c1Nc1ccc2c(c1)CC/C2=N/O,4126.0,5.384470776362868,0,409.51500000000016
CN(C)CCNCc1ccc(Nc2ncc3cc(-c4ccncc4)ccc3n2)cc1,950.0,6.022276394711152,1,398.51400000000007
CN(C)CCNc1cc(-c2cc3nccc(-c4cccc(NC(=O)c5cccc(C(F)(F)F)c5)c4)n3n2)ccn1,53.0,7.275724130399211,1,545.5690000000001
CN(C)CCNc1ccc(-c2cnn3c(-c4cccc(NC(=O)c5cccc(C(F)(F)F)c5)c4)ccnc23)cn1,30.0,7.522878745280337,1,545.5690000000001
CN(C)CCNc1ncc2ncnc(Nc3cc(C(=O)Nc4cc(C(C)(C)C)on4)ccc3C(F)(F)F)c2n1,4171.0,5.379759810154169,0,543.5540000000002
CN(C)CCNc1ncc2ncnc(Nc3cc(C(=O)Nc4cc(C(C)(C)C)on4)ccc3Cl)c2n1,2.0,8.698970004336019,1,510.0020000000003
CN(C)CCNc1ncc2ncnc(Nc3cc(C(=O)Nc4cc(C(C)(C)C)on4)ccc3F)c2n1,1.0,9.0,1,493.54700000000025
CN(C)CCNc1ncnc2[nH]cc(C(=O)c3c(F)ccc(NS(=O)(=O)c4ccc(C(F)(F)F)cc4)c3F)c12,100.0,7.0,1,568.5280000000001
CN(C)CCOC(=O)Nc1nc2ccc(C3(O)c4ccccc4C(=O)N3c3cccc(Cl)c3F)cc2[nH]1,100.0,7.0,1,523.9520000000002
CN(C)CCOC(=O)c1cnn2c(-c3cccc(NC(=O)c4cccc(C(F)(F)F)c4)c3)ccnc12,7070.0,5.150580586203101,0,497.47700000000015
CN(C)CCOc1ccc(-c2n/c(=c3\ccc4c(c3)CCC=4N=O)c(=C3C=CNC=C3)[nH]2)cc1,0.3,9.522878745280337,1,453.54600000000016
CN(C)CCOc1ccc(-c2nc(-c3ccc(-c4cc[nH]n4)cc3)c(-c3ccncc3)[nH]2)cc1,3700.0,5.431798275933005,0,450.54600000000005
CN(C)CCOc1ccc(-c2nc(-c3ccc(-c4n[nH]cc4C#N)cc3)c(-c3ccncc3)[nH]2)cc1,55000.0,4.259637310505756,0,475.5560000000001
CN(C)CCOc1ccc(-c2nc(-c3ccc(-c4n[nH]cc4Cl)cc3)c(-c3ccncc3)[nH]2)cc1,6850.0,5.164309428507575,0,484.99100000000004
CN(C)CCOc1ccc(-c2nc(-c3ccc(C(O)C(F)(F)F)cc3)c(-c3ccncc3)[nH]2)cc1,10000.0,5.0,0,482.50600000000003
CN(C)CCOc1ccc(-c2nc(-c3ccc(Cl)c(Cl)c3)c(-c3ccncc3)[nH]2)cc1,3240.0,5.489454989793388,0,453.3730000000001
CN(C)CCOc1ccc(-c2nc(-c3ccc(F)c(Cl)c3)c(-c3ccncc3)[nH]2)cc1,10000.0,5.0,0,436.91800000000006
CN(C)CCOc1ccc(-c2nc(-c3ccc4[nH]c(=O)ccc4c3)c(-c3ccncc3)[nH]2)cc1,100000.0,4.0,0,451.5300000000001
CN(C)CCOc1ccc(-c2nc(-c3ccc4c(=O)[nH]ccc4c3)c(-c3ccncc3)[nH]2)cc1,10000.0,5.0,0,451.53000000000003
CN(C)CCOc1ccc(-c2nc(-c3ccc4c(C(N)=O)coc4c3)c(-c3ccncc3)[nH]2)cc1,10000.0,5.0,0,467.5290000000001
CN(C)CCOc1ccc(-c2nc(-c3ccc4c(C(O)C(F)(F)C(F)(F)F)csc4c3)c(-c3ccncc3)[nH]2)cc1,10000.0,5.0,0,588.6020000000001
CN(C)CCOc1ccc(-c2nc(-c3ccc4c(C(O)C(F)(F)F)csc4c3)c(-c3ccncc3)[nH]2)cc1,1515.0,5.8195873671616765,0,538.5950000000001
CN(C)CCOc1ccc(-c2nc(-c3ccc4c(C=O)csc4c3)c(-c3ccncc3)[nH]2)cc1,10000.0,5.0,0,468.5820000000001
CN(C)CCOc1ccc(-c2nc(-c3ccc4c(CO)coc4c3)c(-c3ccncc3)[nH]2)cc1,10000.0,5.0,0,454.5300000000001
CN(C)CCOc1ccc(-c2nc(-c3ccc4c(CO)csc4c3)c(-c3ccncc3)[nH]2)cc1,10000.0,5.0,0,470.59800000000007
CN(C)CCOc1ccc(-c2nc(-c3ccc4c(N)nccc4c3)c(-c3ccncc3)[nH]2)cc1,3100.0,5.508638306165727,0,450.54600000000005
CN(C)CCOc1ccc(-c2nc(-c3ccc4c(O)c(Cl)ccc4c3)c(-c3ccncc3)[nH]2)cc1,646.0,6.189767482004916,1,484.9870000000001
CN(C)CCOc1ccc(-c2nc(-c3ccc4c(O)c(F)ccc4c3)c(-c3ccncc3)[nH]2)cc1,139.5,6.855425792390384,1,468.5320000000001
CN(C)CCOc1ccc(-c2nc(-c3ccc4c(O)cccc4c3)c(-c3ccncc3)[nH]2)cc1,199.5,6.700057099977233,1,450.5420000000001
CN(C)CCOc1ccc(-c2nc(-c3ccc4c([C@@H](O)C(F)(F)F)csc4c3)c(-c3ccncc3)[nH]2)cc1,1245.0,5.904830648568245,0,538.5950000000001
CN(C)CCOc1ccc(-c2nc(-c3ccc4c([S+](C)[O-])csc4c3)c(-c3ccncc3)[nH]2)cc1,10000.0,5.0,0,502.66500000000013
CN(C)CCOc1ccc(-c2nc(-c3ccc4c(c3)CC3CC(=O)NN=C43)c(-c3ccncc3)[nH]2)cc1,55000.0,4.259637310505756,0,492.5830000000002
CN(C)CCOc1ccc(-c2nc(-c3ccc4c(c3)CCc3cn[nH]c3-4)c(-c3ccncc3)[nH]2)cc1,3820.0,5.4179366370882915,0,476.5840000000002
CN(C)CCOc1ccc(-c2nc(-c3ccc4c(c3)Cc3cn[nH]c3-4)c(-c3ccncc3)[nH]2)cc1,660.0,6.180456064458132,1,462.55700000000013
CN(C)CCOc1ccc(-c2nc(-c3ccc4c(c3)Cc3nn[nH]c3-4)c(-c3ccncc3)[nH]2)cc1,7200.0,5.142667503568732,0,463.54500000000013
CN(C)CCOc1ccc(-c2nc(-c3ccc4c(ccc5cn[nH]c54)c3)c(-c3ccncc3)[nH]2)cc1,13355.0,4.874356107642608,0,474.5680000000001
CN(C)CCOc1ccc(-c2nc(-c3ccc4cc(C(=O)O)ccc4c3)c(-c3ccncc3)[nH]2)cc1,10000.0,5.0,0,478.55200000000013
CN(C)CCOc1ccc(-c2nc(-c3ccc4cc(F)ccc4c3)c(-c3ccncc3)[nH]2)cc1,10000.0,5.0,0,452.5330000000001
CN(C)CCOc1ccc(-c2nc(-c3ccc4cc(O)ccc4c3)c(-c3ccncc3)[nH]2)cc1,11400.0,4.943095148663527,0,450.5420000000001
CN(C)CCOc1ccc(-c2nc(-c3ccc4ccc(=O)[nH]c4c3)c(-c3ccncc3)[nH]2)cc1,100000.0,4.0,0,451.5300000000001
CN(C)CCOc1ccc(-c2nc(-c3ccc4ccc(O)cc4c3)c(-c3ccncc3)[nH]2)cc1,2500.0,5.6020599913279625,0,450.5420000000001
CN(C)CCOc1ccc(-c2nc(-c3ccc4sc(C(O)C(F)(F)F)cc4c3)c(-c3ccncc3)[nH]2)cc1,10000.0,5.0,0,538.5950000000001
CN(C)CCOc1ccc(-c2nc(-c3ccncc3)c(-c3ccc4c(c3)CC/C4=N\O)[nH]2)cc1,3718.5664,5.42962445919569,0,453.5460000000002
CN(C)CCOc1cccc(N2C(=O)c3ccccc3C2(O)c2ccc3c(c2)NC(=O)CO3)c1,10000.0,5.0,0,459.50200000000024
CN(C)CCc1ccc(-c2cnn3c(-c4cccc(NC(=O)c5cccc(C(F)(F)F)c5)c4)ccnc23)cc1,26.0,7.585026652029182,1,529.5660000000001
CN(C)CCc1cccc(-c2cnn3c(-c4cccc(NC(=O)c5cccc(C(F)(F)F)c5)c4)ccnc23)c1,41.0,7.3872161432802645,1,529.5660000000001
CN(C)CCc1ccccc1-c1cnn2c(-c3cccc(NC(=O)c4cccc(C(F)(F)F)c4)c3)ccnc12,318.0,6.497572880015567,1,529.566
CN(C)CCn1cc(-c2ccc3c(c2)CC/C3=N\O)c(-c2ccncc2)n1,4.02,8.39577394691553,1,361.44900000000007
CN(C)Cc1cc(C(=O)N[C@@H]2CCc3ccc(Oc4ccnc(NC(=O)C5CC5)c4)cc3C2)cc(C(F)(F)F)c1,2.9,8.537602002101044,1,552.5970000000003
CN(C)Cc1cc(C(=O)N[C@@H]2CCc3ccc(Oc4ccnc5c4CCC(=O)N5)cc3C2)cc(C(F)(F)F)c1,12.16,7.915066425063284,1,538.5700000000003
CN(C)Cc1cc(C(=O)N[C@@H]2[C@H]3Oc4ccc(Oc5ccnc6c5CCC(=O)N6)cc4[C@@H]23)cc(C(F)(F)F)c1,3.6,8.443697499232712,1,538.5260000000003
CN(C)Cc1cc(C(=O)N[C@H]2CCc3ccc(Oc4ccnc(NC(=O)C5CC5)c4)cc3C2)cc(C(F)(F)F)c1,3.2,8.494850021680094,1,552.5970000000003
CN(C)Cc1cc(NC(=O)[C@H]2CCc3ccc(Oc4ccnc(NC(=O)C5CC5)c4)cc3C2)cc(C(F)(F)F)c1,4.0,8.397940008672037,1,552.5970000000003
CN(C)Cc1ccc(-c2cnn3c(-c4cccc(NC(=O)c5cccc(C(F)(F)F)c5)c4)ccnc23)cc1,24.0,7.619788758288394,1,515.5390000000002
CN(C)Cc1ccc(C(=O)N[C@@H]2[C@H]3Oc4ccc(Oc5ccnc6c5CCC(=O)N6)cc4[C@@H]23)cc1C(F)(F)F,14.0,7.853871964321762,1,538.5260000000004
CN(C)Cc1cccc(-c2cnn3c(-c4cccc(NC(=O)c5cccc(C(F)(F)F)c5)c4)ccnc23)c1,44.0,7.356547323513812,1,515.5390000000001
CN(C)Cc1cccc(N2C(=O)c3ccccc3C2(O)c2ccc3c(c2)NC(=O)CO3)c1,1000.0,6.0,1,429.47600000000017
CN(C)Cc1ccccc1-c1cnn2c(-c3cccc(NC(=O)c4cccc(C(F)(F)F)c4)c3)ccnc12,117.0,6.931814138253839,1,515.5390000000001
CN(C)Cc1nc2c(Oc3ccc(NC(=O)Nc4cc(C(F)(F)F)ccc4F)c(F)c3)ccnc2[nH]1,5365.0,5.27043027369803,0,506.4350000000001
CN(C)S(=O)(=O)Nc1ccc(F)c(C(=O)Nc2cnc3[nH]ccc3c2)c1F,200.0,6.698970004336019,1,395.3910000000001
CN(C)S(=O)(=O)Nc1ccc(F)c(C(=O)c2c[nH]c3ncc(-c4ccc(C(C)(C)C#N)cc4)cc23)c1F,100.0,7.0,1,523.5650000000003
CN(C)S(=O)(=O)Nc1ccc(F)c(C(=O)c2c[nH]c3ncc(-c4ccc(C5(C#N)CC5)cc4)cc23)c1F,100.0,7.0,1,521.5490000000003
CN(C)S(=O)(=O)Nc1ccc(F)c(C(=O)c2c[nH]c3ncc(-c4cnc(C5CC5)nc4)cc23)c1F,100.0,7.0,1,498.5150000000002
CN(C)S(=O)(=O)Nc1ccc(F)c(C(=O)c2c[nH]c3ncncc23)c1F,10000.0,5.0,0,381.36400000000003
CN(C)S(=O)(=O)Nc1ccc(F)c(Nc2ncccc2-c2ncnc3[nH]cnc23)c1F,50.666666666666664,7.29527766677489,1,446.44300000000015
CN(C)S(=O)(=O)Nc1cccc(C(=O)c2c[nH]c3ncc(-c4ccc(C#N)cc4)cc23)c1F,100.0,7.0,1,463.4940000000002
CN(C)S(=O)(=O)Nc1cccc(C(=O)c2c[nH]c3ncc(-c4ccc(C#N)nc4)cc23)c1F,100.0,7.0,1,464.4820000000002
CN(C)S(=O)(=O)Nc1cccc(C(=O)c2c[nH]c3ncc(-c4ccc(C(C)(C)C#N)cc4)cc23)c1F,100.0,7.0,1,505.5750000000003
CN(C)S(=O)(=O)Nc1cccc(C(=O)c2c[nH]c3ncc(-c4ccc(C(C)(C)O)cc4)cc23)c1F,100.0,7.0,1,496.56400000000025
CN(C)S(=O)(=O)Nc1cccc(C(=O)c2c[nH]c3ncc(-c4ccc(C(F)(F)F)nc4)cc23)c1F,100.0,7.0,1,507.46900000000016
CN(C)S(=O)(=O)Nc1cccc(C(=O)c2c[nH]c3ncc(-c4ccc(C5(C#N)CC5)cc4)cc23)c1F,100.0,7.0,1,503.5590000000003
CN(C)S(=O)(=O)Nc1cccc(C(=O)c2c[nH]c3ncc(-c4ccc(C5CC5)nc4)cc23)c1F,100.0,7.0,1,479.53700000000026
CN(C)S(=O)(=O)Nc1cccc(C(=O)c2c[nH]c3ncc(-c4ccc(F)cc4)cc23)c1F,100.0,7.0,1,456.47400000000016
CN(C)S(=O)(=O)Nc1cccc(C(=O)c2c[nH]c3ncc(-c4ccccc4)cc23)c1F,100.0,7.0,1,438.48400000000015
CN(C)S(=O)(=O)Nc1cccc(C(=O)c2c[nH]c3ncc(-c4cccnc4)cc23)c1F,100.0,7.0,1,439.47200000000015
CN(C)S(=O)(=O)Nc1cccc(C(=O)c2c[nH]c3ncc(-c4cnc(C#N)nc4)cc23)c1F,100.0,7.0,1,465.4700000000002
CN(C)S(=O)(=O)Nc1cccc(C(=O)c2c[nH]c3ncc(-c4cnc(C5CC5)nc4)cc23)c1F,100.0,7.0,1,480.52500000000026
CN(C)S(=O)(=O)Nc1cccc(C(=O)c2c[nH]c3ncc(-c4cnc(N5CCCC5)nc4)cc23)c1F,100.0,7.0,1,509.56700000000035
CN(C)S(=O)(=O)Nc1cccc(C(=O)c2c[nH]c3ncc(-c4cnc(NC5CC5)nc4)cc23)c1F,100.0,7.0,1,495.54000000000025
CN(C)S(=O)(=O)Nc1cccc(C(=O)c2c[nH]c3ncc(-c4cncc(C#N)c4)cc23)c1F,100.0,7.0,1,464.4820000000002
CN(C)S(=O)(=O)Nc1cccc(C(=O)c2c[nH]c3ncc(I)cc23)c1F,100.0,7.0,1,488.2820000000001
CN(C)S(=O)(=O)Nc1cccc(C(=O)c2c[nH]c3ncncc23)c1F,10000.0,5.0,0,363.3740000000001
CN(C)S(=O)(=O)c1ccc(-c2cnn3c(-c4cccc(NC(=O)c5cccc(C(F)(F)F)c5)c4)ccnc23)cc1,10000.0,5.0,0,565.5770000000001
CN(C)[C@@H]1CCCN(Cc2ccc(C(=O)N[C@@H]3[C@H]4Oc5ccc(Oc6ccnc7c6CCC(=O)N7)cc5[C@@H]34)cc2C(F)(F)F)C1,15.0,7.823908740944319,1,621.6600000000004
CN(C)[C@@H]1CCCN(c2ccc(C(=O)N[C@@H]3[C@H]4Oc5ccc(Oc6ccnc7c6CCC(=O)N7)cc5[C@@H]34)cc2C(F)(F)F)C1,16.0,7.795880017344075,1,607.6330000000004
CN(C)[C@@H]1CCN(Cc2ccc(C(=O)N[C@@H]3[C@H]4Oc5ccc(Oc6ccnc7c6CCC(=O)N7)cc5[C@@H]34)cc2C(F)(F)F)C1,14.0,7.853871964321762,1,607.6330000000004
CN(C)[C@@H]1CN(Cc2ccc(C(=O)N[C@@H]3[C@H]4Oc5ccc(Oc6ccnc7c6CCC(=O)N7)cc5[C@@H]34)cc2C(F)(F)F)CCN1,13.0,7.886056647693163,1,622.6480000000004
CN(C)[C@H]1CCCN(c2ccc(C(=O)N[C@@H]3[C@H]4Oc5ccc(Oc6ccnc7c6CCC(=O)N7)cc5[C@@H]34)cc2C(F)(F)F)C1,10.0,8.0,1,607.6330000000004
CN(C)[C@H]1CCN(Cc2ccc(C(=O)N[C@@H]3[C@H]4Oc5ccc(Oc6ccnc7c6CCC(=O)N7)cc5[C@@H]34)cc2C(F)(F)F)C1,17.0,7.769551078621726,1,607.6330000000004
CN(C)c1cc(N2C[C@@H]3C[C@H]2CN3C)ccc1-c1ccnc2c(-c3cccc4[nH]ncc34)c(-c3ccncc3)nn12,7.3,8.136677139879543,1,541.6630000000001
CN(C)c1cc(Oc2ccc(NC(=O)Nc3cccc(C(F)(F)F)c3)cc2)ncn1,1000.0,6.0,1,417.391
CN(C)c1cc(Oc2ccnc3[nH]c(=O)[nH]c23)ccc1NC(=O)Nc1ccc(Cl)c(C(F)(F)F)c1,15350.0,4.813891620186794,0,506.8720000000001
CN(C)c1ccc(-c2ccc3ncnc(Nc4cccc(O)c4)c3c2)cc1,282.20000000000005,6.549442990581671,1,356.4290000000001
CN(C)c1ccc(-c2ccc3ncnc(Nc4cccc5[nH]ncc45)c3c2)cc1,884.75,6.053179428690448,1,380.4550000000001
CN(C)c1ccc(-c2cnc3[nH]cc(C(=O)c4cccc(NS(=O)(=O)N(C)C)c4F)c3c2)cn1,100.0,7.0,1,482.5410000000001
CN(C)c1ccc(-c2cnc3[nH]cc(C(=O)c4cccc(NS(=O)(=O)N5CCCC5)c4F)c3c2)cn1,100.0,7.0,1,508.57900000000024
CN(C)c1ccc(-c2cnn3c(-c4cccc(NC(=O)c5cccc(C(F)(F)F)c5)c4)ccnc23)cc1,308.0,6.511449283499556,1,501.5120000000001
CN(C)c1ccc(C(=O)Nc2cccc(NC(=O)COc3ccc4c(=O)ccoc4c3)c2)cc1,10000.0,5.0,0,457.4860000000002
CN(C)c1ccc(CN2C(=O)c3ccccc3C2(O)c2ccc3c(c2)NC(=O)CO3)cc1,10000.0,5.0,0,429.47600000000017
CN(C)c1cccc(S(=O)(=O)Nc2cccc(Oc3cccc4[nH]c(=O)[nH]c34)c2)c1,71000.0,4.1487416512809245,0,424.4820000000001
CN(C)c1cnc2c(Oc3ccc(NC(=O)Nc4cc(C(C)(C)C)nn4-c4ccccc4)c(F)c3)ccnc2n1,5850.0,5.232844133917819,0,540.6030000000001
CN(C)c1cnc2c(Oc3ccc(NC(=O)Nc4cc(C(F)(F)F)ccc4F)c(F)c3)ccnc2n1,10110.0,4.995248844408999,0,504.4190000000001
CN(C)c1nc2c(Oc3ccc(NC(=O)Nc4cc(C(C)(C)C)nn4-c4ccccc4)c(F)c3)ccnc2[nH]1,1685.0,5.773400094792643,0,528.5920000000002
CN(C)c1nc2c(Oc3ccc(NC(=O)Nc4cc(C(F)(F)F)ccc4F)c(F)c3)ccnc2[nH]1,3012.5,5.521072944417075,0,492.4080000000001
CN(C)c1ncc(-c2cnc3[nH]cc(C(=O)c4c(F)ccc(NS(=O)(=O)N5CCCC5)c4F)c3c2)cn1,100.0,7.0,1,527.5570000000002
CN(C)c1ncc(-c2cnc3[nH]cc(C(=O)c4cccc(NS(=O)(=O)N(C)C)c4F)c3c2)cn1,100.0,7.0,1,483.52900000000017
CN(C)c1ncc2ncnc(Nc3cc(C(=O)Nc4cc(C(C)(C)C)on4)ccc3Cl)c2n1,6.0,8.221848749616356,1,466.9330000000002
CN(C)c1ncc2ncnc(Nc3cc(C(=O)Nc4cc(C(C)(C)C)on4)ccc3F)c2n1,1.0,9.0,1,450.4780000000002
CN(C)c1nccc(CNc2ccccc2C(=O)Nc2ccc3c(c2)OC(F)(F)O3)n1,349.0,6.45717457304082,1,427.4110000000001
CN(C)c1ncnc2[nH]cc(C(=O)c3c(F)ccc(NS(=O)(=O)c4ccc(C(F)(F)F)cc4)c3F)c12,100.0,7.0,1,525.4590000000001
CN(C1CC1)S(=O)(=O)Nc1ccc(F)c(C(=O)c2c[nH]c3ncc(-c4cnc(C5CC5)nc4)cc23)c1F,100.0,7.0,1,524.5530000000003
CN(C1CC1)S(=O)(=O)Nc1cccc(C(=O)c2c[nH]c3ncc(-c4cnc(C5CC5)nc4)cc23)c1F,100.0,7.0,1,506.5630000000003
CN(CC(F)(F)F)S(=O)(=O)Nc1ccc(F)c(C(=O)c2c[nH]c3ncc(-c4cnc(C5CC5)nc4)cc23)c1F,100.0,7.0,1,566.5120000000004
CN(CC1CC1)S(=O)(=O)Nc1cccc(C(=O)c2c[nH]c3ncc(-c4ccc(C5CC5)nc4)cc23)c1F,100.0,7.0,1,519.6020000000003
CN(CC1CC1)S(=O)(=O)Nc1cccc(C(=O)c2c[nH]c3ncc(-c4cnc(C5CC5)nc4)cc23)c1F,100.0,7.0,1,520.5900000000003
CN(CCN1CCCC1)c1ncc2ncnc(Nc3cc(C(=O)Nc4cc(C(C)(C)C)on4)ccc3C(F)(F)F)c2n1,835.0,6.078313524516398,1,583.6190000000004
CN(CCN1CCCC1)c1ncc2ncnc(Nc3cc(C(=O)Nc4cc(C(C)(C)C)on4)ccc3Cl)c2n1,3.0,8.522878745280337,1,550.0670000000002
CN(CCN1CCCC1)c1ncc2ncnc(Nc3cc(C(=O)Nc4cc(C(C)(C)C)on4)ccc3F)c2n1,14.0,7.853871964321762,1,533.6120000000003
CN(CCOC(=O)Nc1nc2cc(C3(O)c4ccccc4C(=O)N3c3cccc(Cl)c3F)ccc2[nH]1)Cc1ccccc1,100.0,7.0,1,600.0500000000002
CN(c1ccc(F)c(NC(=O)c2cccc(OC(C)(C)C#N)c2Cl)c1)c1ccc2nc(NC(=O)C3CC3)sc2n1,51.333333333333336,7.289600533883199,1,579.0570000000001
CN(c1nc(-c2cnc(N)nc2)nc(N2CCOCC2)n1)C1CCN(C(=O)c2ccccc2)CC1,118.0,6.928117992693875,1,475.5570000000003
CN/C=C/NC(=O)c1oc2cnccc2c1Nc1ccc2c(c1)Cc1c[nH]nc1-2,42.9,7.367542707815276,1,386.41500000000013
CN1C(=O)[C@@H](N2CCc3c(nn(Cc4ccccc4)c3Br)C2=O)COc2ccccc21,1000.0,6.0,1,481.3500000000002
CN1C(=O)[C@@H](N2CCc3cn(CC4CCS(=O)(=O)CC4)nc3C2=O)COc2ccccc21,1000.0,6.0,1,458.5400000000003
CN1C(=O)[C@@H](N2CCc3cn(Cc4ccccc4)nc3C2=O)COc2ccccc21,1000.0,6.0,1,402.45400000000024
CN1C(C)(C)CC(Oc2ccc(C(=O)N[C@@H]3[C@H]4Oc5ccc(Oc6ccnc7c6CCC(=O)N7)cc5[C@@H]34)cc2C(F)(F)F)CC1(C)C,13.0,7.886056647693163,1,650.6980000000002
CN1C2CC(CO)C1Cc1cnc3c(-c4ccc(Cl)c(O)c4)c(-c4ccncc4)nn3c12,0.6,9.221848749616356,1,447.92600000000016
CN1C2CC(S(=O)(=O)c3ccccc3)C1Cc1cnc3c(-c4ccc(Cl)c(O)c4)c(-c4ccncc4)nn3c12,0.8,9.096910013008056,1,558.0630000000001
CN1C2CCC1CN(c1ccc(-c3ccnc4c(-c5ccc(Cl)c(O)c5)c(-c5ccncc5)nn34)cc1)C2,0.32,9.494850021680094,1,523.0400000000002
CN1C2CCC1CN(c1ccc(-c3ccnc4c(-c5cccc(O)c5)c(-c5ccncc5)nn34)cc1)C2,0.9,9.045757490560675,1,488.5950000000002
CN1CC(Oc2cc(NC(=O)Nc3ccc(Oc4ccnc(NC(=O)C5CC5)c4)cc3)cc(C(F)(F)F)c2)C1,9.1,8.040958607678906,1,541.5300000000002
CN1CCC(C(=O)Nc2cc(Oc3ccc4c(c3)nc(Nc3cccc(C(C)(C)C)c3)n4C)ccn2)CC1,10.0,8.0,1,512.6580000000002
CN1CCC(CCOC(=O)Nc2nc3cc(C4(O)c5ccccc5C(=O)N4c4cccc(Cl)c4F)ccc3[nH]2)CC1,100.0,7.0,1,578.044
CN1CCC(CN2CCN(c3nc(N)c4ncnc(Nc5cc(C(=O)Nc6cccc(C(F)(F)F)c6)ccc5Br)c4n3)CC2)CC1,15.0,7.823908740944319,1,699.5799999999998
CN1CCC(CN2CCN(c3nc(N)c4ncnc(Nc5cccc(C(=O)Nc6cccc(C(F)(F)F)c6)c5)c4n3)CC2)CC1,13.0,7.886056647693163,1,620.6839999999999
CN1CCC(CN2CCN(c3ncc4ncnc(Nc5cc(C(=O)Nc6cc(C(C)(C)C)on6)ccc5F)c4n3)CC2)CC1,1.0,9.0,1,602.7189999999999
CN1CCC(COC(=O)Nc2nc3cc(C4(O)c5ccccc5C(=O)N4Cc4ccccc4)ccc3[nH]2)CC1,100.0,7.0,1,525.6090000000002
CN1CCC(COC(=O)Nc2nc3cc(C4(O)c5ccccc5C(=O)N4c4cccc(Cl)c4F)ccc3[nH]2)CC1,100.0,7.0,1,564.0169999999999
CN1CCC(N(C)c2ncc3ncnc(Nc4cc(C(=O)Nc5cc(C(C)(C)C)on5)ccc4F)c3n2)C1,4.0,8.397940008672037,1,519.5850000000003
CN1CCC(N2CCN(c3nc(N)c4ncnc(Nc5cc(C(=O)Nc6cccc(C(F)(F)F)c6)ccc5Br)c4n3)CC2)CC1,13.0,7.886056647693163,1,685.5529999999998
CN1CCC(N2CCN(c3nc(N)c4ncnc(Nc5cc(C(=O)Nc6cccc(C(F)(F)F)c6)ccc5Cl)c4n3)CC2)CC1,3.0,8.522878745280337,1,641.1019999999997
CN1CCC(N2CCN(c3nc(N)c4ncnc(Nc5cccc(C(=O)Nc6cccc(C(F)(F)F)c6)c5)c4n3)CC2)CC1,22.0,7.657577319177793,1,606.6569999999998
CN1CCC(NC(=O)N[C@@H]2[C@H]3Oc4ccc(Oc5ccnc6c5CCC(=O)N6)cc4[C@@H]23)CC1,20000.0,4.698970004336019,0,449.5110000000003
CN1CCC(Nc2cc(NC(=O)Nc3ccc(Oc4ccnc(NC(=O)C5CC5)c4)c(F)c3)cc(C(F)(F)F)c2)CC1,7.9,8.102372908709558,1,586.5900000000001
CN1CCC(Nc2cc(NC(=O)Nc3ccc(Oc4ccnc(NC(=O)C5CC5)c4)nc3)cc(C(F)(F)F)c2)CC1,12.5,7.903089986991944,1,569.5880000000001
CN1CCC(Nc2ccc(NC(=O)Nc3ccc(Oc4ccnc(NC(=O)C5CC5)c4)c(F)c3)cc2C(F)(F)F)CC1,7.9,8.102372908709558,1,586.5900000000003
CN1CCC(Nc2ncnc3[nH]cc(C(=O)c4c(F)ccc(NS(=O)(=O)c5ccc(C(F)(F)F)cc5)c4F)c23)CC1,100.0,7.0,1,594.566
CN1CCC(Oc2cc(NC(=O)Nc3ccc(Oc4ccnc(NC(=O)C5CC5)c4)c(F)c3)cc(C(F)(F)F)c2)C1,5.3,8.275724130399212,1,573.5470000000003
CN1CCC(Oc2cc(NC(=O)Nc3ccc(Oc4ccnc(NC(=O)C5CC5)c4)c(F)c3)cc(C(F)(F)F)c2)CC1,71.5,7.14569395819892,1,587.5740000000002
CN1CCC(Oc2ccc(C(=O)N[C@@H]3[C@H]4Oc5ccc(Oc6ccnc7c6CCC(=O)N7)cc5[C@@H]34)cc2C(F)(F)F)CC1,14.0,7.853871964321762,1,594.5900000000003
CN1CCC(Oc2ccc(NC(=O)Nc3ccc(Oc4ccnc(NC(=O)C5CC5)c4)c(F)c3)cc2C(F)(F)F)CC1,19.0,7.721246399047171,1,587.5740000000003
CN1CCC(c2cc(NC(=O)Nc3ccc(Oc4ccnc(NC(=O)C5CC5)c4)cc3)cc(C(F)(F)F)c2)CC1,5.5,8.259637310505756,1,553.585
CN1CCC(n2cc(-c3ccc4c(c3)CC/C4=N\O)c(-c3ccncc3)n2)CC1,0.34,9.468521082957745,1,387.48700000000014
CN1CCC(n2cc(-c3ccc4c(c3)Cc3c[nH]nc3-4)c(-c3ccncc3)n2)CC1,447.0,6.349692476868063,1,396.49800000000016
CN1CCCC(COC(=O)Nc2nc3ccc(C4(O)c5ccccc5C(=O)N4c4cccc(Cl)c4F)cc3[nH]2)C1,100.0,7.0,1,564.017
CN1CCCC1CCNC(=O)c1ccc(Nc2ncc3cc(-c4ccncc4)ccc3n2)cc1,82.12,7.085551059301445,1,452.5620000000002
CN1CCCCC1COC(=O)Nc1nc2ccc(C3(O)c4ccccc4C(=O)N3c3cccc(Cl)c3F)cc2[nH]1,100.0,7.0,1,564.0170000000002
CN1CCCN(CCNc2nccc(-c3c(-c4cccc(O)c4)nc4sccn34)n2)S1(=O)=O,5.05,8.296708621881338,1,485.59500000000014
CN1CCCN(c2nc(N)c3ncnc(Nc4cc(C(=O)Nc5cccc(C(F)(F)F)c5)ccc4Br)c3n2)CC1,83.0,7.080921907623926,1,616.4459999999999
CN1CCCN(c2nc(N)c3ncnc(Nc4cc(C(=O)Nc5cccc(C(F)(F)F)c5)ccc4Cl)c3n2)CC1,9.0,8.045757490560675,1,571.9949999999999
CN1CCCN(c2nc(N)c3ncnc(Nc4cccc(C(=O)Nc5cccc(C(F)(F)F)c5)c4)c3n2)CC1,50.0,7.301029995663981,1,537.5500000000001
CN1CCCN(c2ncc3ncnc(Nc4cc(C(=O)Nc5cc(C(C)(C)C)on5)ccc4C(F)(F)F)c3n2)CC1,88.0,7.055517327849832,1,569.592
CN1CCCN(c2ncc3ncnc(Nc4cc(C(=O)Nc5cc(C(C)(C)C)on5)ccc4Cl)c3n2)CC1,4.0,8.397940008672037,1,536.0400000000001
CN1CCCN(c2ncc3ncnc(Nc4cc(C(=O)Nc5cc(C(C)(C)C)on5)ccc4F)c3n2)CC1,1.0,9.0,1,519.5850000000003
CN1CCC[C@H]1COC(=O)Nc1nc2ccc(C3(O)c4ccccc4C(=O)N3c3cccc(Cl)c3F)cc2[nH]1,100.0,7.0,1,549.9900000000001
CN1CCN(C(=O)c2cc(-c3ccc4c(c3)Cc3cn[nH]c3-4)c(-c3ccncc3)o2)CC1,4115.0,5.385630160451711,0,425.49200000000013
CN1CCN(CC(=O)N2N=C(c3cccs3)CC2c2ccco2)CC1,100000.0,4.0,0,358.46700000000016
CN1CCN(CCCC#Cc2cnn3c(-c4cccc(NC(=O)c5cccc(C(F)(F)F)c5)c4)ccnc23)CC1,842.0,6.0746879085003505,1,546.597
CN1CCN(CCCC(=O)Nc2nc3cc(C4(O)c5ccccc5C(=O)N4Cc4ccccc4)ccc3[nH]2)CC1,100.0,7.0,1,538.6520000000002
CN1CCN(CCCOC(=O)Nc2nc3ccc(C4(O)c5ccccc5C(=O)N4Cc4ccccc4)cc3[nH]2)CC1,100.0,7.0,1,554.6510000000002
CN1CCN(CCCOC(=O)Nc2nc3ccc(C4(O)c5ccccc5C(=O)N4c4ccc(F)cc4)cc3[nH]2)CC1,100.0,7.0,1,558.614
CN1CCN(CCNc2nccc(-c3c(-c4cccc(O)c4)nc4occn34)n2)S1(=O)=O,2.54,8.595166283380062,1,455.50000000000017
CN1CCN(CCNc2nccc(-c3c(-c4cccc(O)c4)nc4sccn34)n2)S1(=O)=O,1.035,8.985059650207063,1,471.56800000000015
CN1CCN(CCOc2ccc(C(=O)N[C@@H]3[C@H]4Oc5ccc(Oc6ccnc7c6CCC(=O)N7)cc5[C@@H]34)cc2C(F)(F)F)CC1,14.0,7.853871964321762,1,623.6320000000003
CN1CCN(Cc2c3c(c(CN4CCN(C)CC4)c4c2CCC4)CCC3)CC1,100000.0,4.0,0,382.5960000000003
CN1CCN(Cc2cc(NC(=O)Nc3ccc(Oc4ccnc(NC(=O)C5CC5)c4)c(F)c3)cc(C(F)(F)F)c2)CC1,23.8,7.623423042943488,1,586.5900000000001
CN1CCN(Cc2cc(NC(=O)Nc3ccc(Oc4ccnc(NC(=O)C5CC5)c4)cc3)cc(C(F)(F)F)c2)CC1,4.6,8.337242168318426,1,568.6000000000001
CN1CCN(Cc2ccc(-c3cnn4c(-c5cccc(NC(=O)c6cccc(C(F)(F)F)c6)c5)ccnc34)cc2)CC1,38.0,7.42021640338319,1,570.619
CN1CCN(Cc2ccc(C(=O)NC3C4Oc5ccc(Oc6ccnc7c6CCC(=O)N7)cc5C34)cc2C(F)(F)F)CC1,21.0,7.6777807052660805,1,593.6060000000003
CN1CCN(Cc2ccc(C(=O)N[C@@H]3[C@H]4Oc5ccc(Oc6ccnc7c6CCC(=O)N7)cc5[C@@H]34)cc2)CC1,5.9,8.229147988357855,1,525.6090000000003
CN1CCN(Cc2ccc(C(=O)N[C@@H]3[C@H]4Oc5ccc(Oc6ccnc7c6CCC(=O)N7)cc5[C@@H]34)cc2Br)CC1,5.4,8.267606240177031,1,604.5050000000001
CN1CCN(Cc2ccc(C(=O)N[C@@H]3[C@H]4Oc5ccc(Oc6ccnc7c6CCC(=O)N7)cc5[C@@H]34)cc2C(F)(F)F)CC1,9.05,8.043351420794796,1,593.6060000000003
CN1CCN(Cc2ccc(C(=O)N[C@@H]3[C@H]4Oc5ccc(Oc6ccnc7c6CCC(=O)N7)cc5[C@@H]34)cc2Cl)CC1,4.8,8.318758762624412,1,560.0540000000002
CN1CCN(Cc2ccc(C(=O)N[C@@H]3[C@H]4Oc5ccc(Oc6ccnc7c6CCC(=O)N7)cc5[C@@H]34)cc2F)CC1,8.8,8.05551732784983,1,543.5990000000002
CN1CCN(Cc2ccc(C(=O)N[C@@H]3[C@H]4Oc5ccc(Oc6ccnc7c6CNC(=O)N7)cc5[C@@H]34)cc2C(F)(F)F)CC1,16.0,7.795880017344075,1,594.5940000000003
CN1CCN(Cc2ccc(C(=O)N[C@@H]3[C@H]4Oc5ccc(Oc6ccnc7c6COC(=O)N7)cc5[C@@H]34)cc2C(F)(F)F)CC1,11.0,7.958607314841775,1,595.5780000000003
CN1CCN(Cc2ccc(C(=O)Nc3ccc(OCCN4CCOCC4)c4ccccc34)cc2)CC1,100000.0,4.0,0,488.6320000000004
CN1CCN(Cc2ccc(NC(=O)c3cccc(NC(=O)c4cnc5[nH]ccc5c4)c3)cc2C(F)(F)F)CC1,48.0,7.318758762624412,1,536.558
CN1CCN(Cc2cnc(-c3oc4cnccc4c3Nc3ccc4c(O)cccc4c3)nc2)CC1,2.0,8.698970004336019,1,466.5450000000002
CN1CCN(c2cc(-c3cnc4[nH]cc(C(=O)c5c(F)ccc(NS(=O)(=O)N6CCCC6)c5F)c4c3)ccn2)CC1,100.0,7.0,1,581.6490000000001
CN1CCN(c2cc(-c3cnc4[nH]cc(C(=O)c5c(F)ccc(NS(=O)(=O)N6CCCC6)c5F)c4c3)ncn2)CC1,100.0,7.0,1,582.6370000000001
CN1CCN(c2cc(-c3cnc4[nH]cc(C(=O)c5cccc(NS(=O)(=O)N6CCCC6)c5F)c4c3)ncn2)CC1,100.0,7.0,1,564.6470000000002
CN1CCN(c2cc(NC(=O)c3ccc(F)c(Nc4ncnc5cnc(N6CCOCC6)nc45)c3)cc(C(F)(F)F)c2)CC1,1.0,9.0,1,611.6040000000004
CN1CCN(c2cc(NC(=O)c3ccc(F)c(Nc4ncnc5cnc(N6CCOCC6)nc45)c3)cc(C(F)(F)F)c2F)CC1,2.0,8.698970004336019,1,629.5940000000004
CN1CCN(c2cc(NC(=O)c3ccc(F)c(Nc4ncnc5cnc(NC6CCOC6)nc45)c3)cc(C(F)(F)F)c2)CC1,1.0,9.0,1,611.6040000000003
CN1CCN(c2cc(NC(=O)c3ccc(F)c(Nc4ncnc5cnc(NC6CCOC6)nc45)c3)cc(C(F)(F)F)c2F)CC1,1.0,9.0,1,629.5940000000003
CN1CCN(c2cc3nccc(-c4cccc(NC(=O)c5cccc(C(F)(F)F)c5)c4)n3n2)CC1,10000.0,5.0,0,480.4940000000002
CN1CCN(c2ccc(-c3cnn4c(-c5cc(NC(=O)c6cccc(C(F)(F)F)c6)ccc5F)ccnc34)cn2)CC1,30.0,7.522878745280337,1,575.5699999999999
CN1CCN(c2ccc(-c3cnn4c(-c5cccc(NC(=O)c6cccc(C(F)(F)F)c6)c5)ccnc34)cn2)CC1,44.0,7.356547323513812,1,557.5799999999999
CN1CCN(c2ccc(-c3nc(-c4ccc5c(c4)Cc4cn[nH]c4-5)c(-c4ccncc4)[nH]3)cc2)CC1,410.0,6.3872161432802645,1,473.5840000000002
CN1CCN(c2ccc(C(=O)N[C@@H]3[C@H]4Oc5ccc(Oc6ccnc7c6CCC(=O)N7)cc5[C@@H]34)cc2C(F)(F)F)CC1,9.5,8.022276394711152,1,579.5790000000003
CN1CCN(c2ccc(NC(=O)N[C@@H]3[C@H]4Oc5ccc(Oc6ccnc7c6CCC(=O)N7)cc5[C@@H]34)cc2C(F)(F)F)CC1,183000.0,3.7375489102695707,0,594.5940000000003
CN1CCN(c2cccc(-c3cnc4[nH]cc(C(=O)c5cccc(NS(=O)(=O)N6CCCC6)c5F)c4c3)n2)CC1,100.0,7.0,1,563.6590000000001
CN1CCN(c2cnc3c(Oc4ccc(NC(=O)Nc5cc(C(C)(C)C)nn5-c5ccccc5)c(F)c4)ccnc3n2)CC1,2425.0,5.615288257061717,0,595.683
CN1CCN(c2cnc3c(Oc4ccc(NC(=O)Nc5cc(C(F)(F)F)ccc5F)c(F)c4)ccnc3n2)CC1,8055.0,5.093934455244763,0,559.4989999999999
CN1CCN(c2nc(N)c3ncnc(Nc4cc(C(=O)Nc5cccc(C(F)(F)F)c5)ccc4Br)c3n2)CC1,70.0,7.154901959985743,1,602.4189999999999
CN1CCN(c2nc(N)c3ncnc(Nc4cc(C(=O)Nc5cccc(C(F)(F)F)c5)ccc4Cl)c3n2)CC1,14.0,7.853871964321762,1,557.9679999999998
CN1CCN(c2nc(N)c3ncnc(Nc4ccc(F)c(C(=O)Nc5cc(C(C)(C)C)n[nH]5)c4)c3n2)CC1,676.0,6.170053304058364,1,519.5890000000003
CN1CCN(c2nc(N)c3ncnc(Nc4cccc(C(=O)Nc5cccc(C(F)(F)F)c5)c4)c3n2)CC1,57.0,7.2441251443275085,1,523.5230000000001
CN1CCN(c2ncc(-c3cnc4[nH]cc(C(=O)c5c(F)ccc(NS(=O)(=O)N6CCCC6)c5F)c4c3)cn2)CC1,100.0,7.0,1,582.6370000000001
CN1CCN(c2ncc3ncnc(Nc4cc(C(=O)Nc5cc(C(C)(C)C)on5)ccc4C(F)(F)F)c3n2)CC1,230.0,6.638272163982407,1,555.5649999999999
CN1CCN(c2ncc3ncnc(Nc4cc(C(=O)Nc5cc(C(C)(C)C)on5)ccc4Cl)c3n2)CC1,4.0,8.397940008672037,1,522.0130000000001
CN1CCN(c2ncc3ncnc(Nc4cc(C(=O)Nc5cc(C(C)(C)C)on5)ccc4F)c3n2)CC1,2.0,8.698970004336019,1,505.5580000000003
CN1CCN(c2ncc3ncnc(Nc4cc(Cl)cc(C(=O)Nc5cc(C(C)(C)C)nn5C)c4)c3n2)CC1,8.0,8.096910013008056,1,535.0560000000002
CN1CCc2ccc(Nc3nccc(-c4c(-c5cccc(C(=O)Nc6c(F)cccc6F)c5)nc5ccccn45)n3)cc2C1,12.0,7.920818753952375,1,587.634
CN1CCc2ccc(Nc3nccc(-c4c(-c5cccc(NC(=O)Nc6c(F)cccc6F)c5)nc5ccccn45)n3)cc2C1,5.0,8.301029995663981,1,602.649
CN1CCc2ccc(Nc3nccc(-c4c(-c5cccc(NC(=O)c6c(F)cccc6F)c5)nc5ccccn45)n3)cc2C1,9.0,8.045757490560675,1,587.634
CN1CCc2ccc(Nc3nccc(-c4c(-c5cccc(NS(=O)(=O)c6ccccc6)c5)nc5ccccn45)n3)cc2C1,132.0,6.87942606879415,1,587.709
CN1C[C@@H]2CC[C@H]1CN2c1ccc(-c2ccnc3c(-c4cccc5[nH]ncc45)c(-c4ccncc4)nn23)c(F)c1,0.41,9.387216143280265,1,530.6110000000002
CN1C[C@@H]2CC[C@H]1CN2c1ccc(-c2ccnc3c(-c4cccc5[nH]ncc45)c(-c4ccncc4)nn23)cc1,0.71,9.148741651280925,1,512.6210000000002
CN1C[C@@H]2C[C@H]1CC2c1cc(F)ccc1-c1ccnc2c(-c3cccc4[nH]ncc34)c(-c3ccncc3)nn12,1.4,8.853871964321762,1,515.5960000000002
CN1C[C@@H]2C[C@H]1CN2c1c(F)c(F)c(-c2ccnc3c(-c4cccc5[nH]ncc45)c(-c4ccncc4)nn23)c(F)c1F,0.35,9.455931955649724,1,570.5540000000002
CN1C[C@@H]2C[C@H]1CN2c1c(F)cc(-c2ccnc3c(-c4cccc5[nH]ncc45)c(-c4ccncc4)nn23)cc1F,9.6,8.017728766960431,1,534.5740000000002
CN1C[C@@H]2C[C@H]1CN2c1cc(F)c(-c2ccnc3c(-c4ccc(F)c5[nH]ncc45)c(-c4ccncc4)nn23)c(F)c1,0.11,9.958607314841775,1,552.5640000000002
CN1C[C@@H]2C[C@H]1CN2c1cc(F)c(-c2ccnc3c(-c4cccc5[nH]ncc45)c(-c4ccncc4)nn23)c(F)c1,0.16,9.795880017344075,1,534.5740000000002
CN1C[C@@H]2C[C@H]1CN2c1cc(F)c(-c2ccnc3c(-c4cccc5[nH]ncc45)c(-c4ccncc4)nn23)cc1F,0.38,9.42021640338319,1,534.5740000000002
CN1C[C@@H]2C[C@H]1CN2c1ccc(-c2ccnc3c(-c4ccc(F)c(O)c4)c(-c4ccncc4)nn23)cc1,0.32,9.494850021680094,1,492.55800000000016
CN1C[C@@H]2C[C@H]1CN2c1ccc(-c2ccnc3c(-c4ccc(F)c5[nH]ncc45)c(-c4ccncc4)nn23)c(F)c1,0.1,10.0,1,534.5740000000002
CN1C[C@@H]2C[C@H]1CN2c1ccc(-c2ccnc3c(-c4ccc(F)c5[nH]ncc45)c(-c4ccncc4)nn23)cc1,0.5,9.301029995663981,1,516.5840000000002
CN1C[C@@H]2C[C@H]1CN2c1ccc(-c2ccnc3c(-c4cccc(O)c4)c(-c4ccncc4)nn23)c(Cl)c1,0.32,9.494850021680094,1,509.01300000000015
CN1C[C@@H]2C[C@H]1CN2c1ccc(-c2ccnc3c(-c4cccc(O)c4)c(-c4ccncc4)nn23)c(F)c1,0.32,9.494850021680094,1,492.55800000000016
CN1C[C@@H]2C[C@H]1CN2c1ccc(-c2ccnc3c(-c4cccc(O)c4)c(-c4ccncc4)nn23)cc1,0.38,9.42021640338319,1,474.56800000000015
CN1C[C@@H]2C[C@H]1CN2c1ccc(-c2ccnc3c(-c4cccc5[nH]ncc45)c(-c4ccncc4)nn23)c(Br)c1,0.32,9.494850021680094,1,577.4900000000002
CN1C[C@@H]2C[C@H]1CN2c1ccc(-c2ccnc3c(-c4cccc5[nH]ncc45)c(-c4ccncc4)nn23)c(C(F)(F)F)c1,1.4,8.853871964321762,1,566.5910000000003
CN1C[C@@H]2C[C@H]1CN2c1ccc(-c2ccnc3c(-c4cccc5[nH]ncc45)c(-c4ccncc4)nn23)c(Cl)c1,0.1,10.0,1,533.0390000000002
CN1C[C@@H]2C[C@H]1CN2c1ccc(-c2ccnc3c(-c4cccc5[nH]ncc45)c(-c4ccncc4)nn23)c(F)c1,0.23,9.638272163982407,1,516.5840000000002
CN1C[C@@H]2C[C@H]1CN2c1ccc(-c2ccnc3c(-c4cccc5[nH]ncc45)c(-c4ccncc4)nn23)c(F)c1F,0.61,9.214670164989233,1,534.5740000000002
CN1C[C@@H]2C[C@H]1CN2c1ccc(-c2ccnc3c(-c4cccc5[nH]ncc45)c(-c4ccncc4)nn23)c2ccccc12,1.0,9.0,1,548.6540000000002
CN1C[C@@H]2C[C@H]1CN2c1ccc(-c2ccnc3c(-c4cccc5[nH]ncc45)c(-c4ccncc4)nn23)cc1,1.2,8.920818753952375,1,498.59400000000016
CN1C[C@@H]2C[C@H]1CN2c1ccc(-c2ccnc3c(-c4cccc5[nH]ncc45)c(-c4ccncc4)nn23)cc1C(F)(F)F,2.0,8.698970004336019,1,566.5910000000003
CN1C[C@@H]2C[C@H]1CN2c1ccc(-c2ccnc3c(-c4cccc5[nH]ncc45)c(-c4ccncc4)nn23)cc1F,1.9,8.721246399047171,1,516.5840000000002
CN1C[C@@H]2C[C@H]1CN2c1cccc(-c2ccnc3c(-c4cccc5[nH]ncc45)c(-c4ccncc4)nn23)c1,61.0,7.214670164989233,1,498.59400000000016
CNC(=N)SCCCN1C(=O)C2=C(C1=O)n1ccc3cccc(c31)C1Cc3ccccc3N21,8000.0,5.096910013008056,0,457.5590000000002
CNC(=N)SCCCn1c(=O)c2c(c1=O)n1c3ccccc3cc1c1cccc3ccn2c31,8400.0,5.075720713938118,0,455.5430000000001
CNC(=O)C1CN(c2cc(-c3cc(NC(=O)c4cccc(C(F)(F)F)c4)cnc3C)nn3ccnc23)CCO1,19.85,7.702239488900866,1,539.5180000000001
CNC(=O)Nc1cc(CNc2ccccc2C(=O)Nc2ccc3c(c2)OC(F)(F)O3)ccn1,24.0,7.619788758288394,1,455.4210000000001
CNC(=O)Nc1cc(Oc2ccc3c(c2)C2C(O3)C2c2nc3ccc(C(F)(F)F)cc3[nH]2)ccn1,56.0,7.251811972993799,1,481.4340000000001
CNC(=O)Nc1ccc(CNc2c(C(=O)Nc3ccc(SC(F)(F)F)cc3)cnn2C)cn1,154.0,6.812479279163537,1,479.48800000000006
CNC(=O)Nc1ccc(CNc2c(C(=O)Nc3ccc4c(c3)OC(F)(F)C(F)(F)O4)cnn2C)cn1,191.0,6.718966632752273,1,509.42000000000013
CNC(=O)Nc1ccc(CNc2ncsc2C(=O)Nc2ccc3c(c2)OC(F)(F)O3)cn1,69.0,7.161150909262744,1,462.43800000000016
CNC(=O)Nc1ccc2c(c1)CC[C@@]21OC(=O)N(CC(=O)N(Cc2ccc(F)cc2)[C@@H](C)C(F)(F)F)C1=O,10000.0,5.0,0,536.4820000000002
CNC(=O)c1cc(CNc2c(C(=O)Nc3ccc4c(c3)OC(F)(F)O4)cnn2C)ccn1,199.0,6.701146923590294,1,444.3980000000001
CNC(=O)c1cc(CNc2ccccc2C(=O)Nc2ccc3c(c2)OC(F)(F)O3)ccn1,45.0,7.346787486224656,1,440.4060000000001
CNC(=O)c1cc(CNc2ccsc2C(=O)Nc2ccc3c(c2)OC(F)(F)O3)ccn1,61.0,7.214670164989233,1,446.4350000000002
CNC(=O)c1cc(CNc2ncsc2C(=O)Nc2ccc3c(c2)OC(F)(F)C(F)(F)O3)ccn1,192.0,6.716698771296451,1,497.4300000000002
CNC(=O)c1cc(CNc2ncsc2C(=O)Nc2ccc3c(c2)OC(F)(F)O3)ccn1,1240.0,5.906578314837765,0,447.4230000000002
CNC(=O)c1cc(Cn2cc(F)c3cc(NC(=O)Nc4ccc(Cl)c(C(F)(F)F)c4)ccc32)ccn1,1360.0,5.866461091629782,0,519.8860000000001
CNC(=O)c1cc(Cn2ccc3cc(NC(=O)Nc4ccc(Cl)c(C(F)(F)F)c4)ccc32)ccn1,510.0,6.292429823902063,1,501.89600000000013
CNC(=O)c1cc(OC2CCC(NC(=O)Nc3ccc(Cl)c(C(F)(F)F)c3)CC2)ccn1,450.0,6.346787486224656,1,470.87900000000013
CNC(=O)c1cc(O[C@H]2CC[C@@H](NC(=O)Nc3ccc(Cl)c(C(F)(F)F)c3)CC2)ccn1,5000.0,5.301029995663981,0,470.87900000000013
CNC(=O)c1cc(O[C@H]2CC[C@H](NC(=O)Nc3ccc(Cl)c(C(F)(F)F)c3)CC2)ccn1,570.0,6.2441251443275085,1,470.87900000000013
CNC(=O)c1cc(Oc2ccc(/C=C/C(=O)c3ccc(F)cc3)cc2)ccn1,50000.0,4.301029995663981,0,376.38700000000006
CNC(=O)c1cc(Oc2ccc(C(=O)/C=C/c3cc(OC)c(OC)c(OC)c3)cc2)ccn1,1800.0,5.7447274948966935,0,448.4750000000002
CNC(=O)c1cc(Oc2ccc(C(=O)/C=C/c3cccc(Br)c3)cc2)ccn1,2900.0,5.5376020021010435,0,437.29300000000006
CNC(=O)c1cc(Oc2ccc(C(=O)/C=C/c3ccccc3)cc2)ccn1,2400.0,5.619788758288394,0,358.39700000000005
CNC(=O)c1cc(Oc2ccc(C3=NNC(c4ccc(OC)cc4)C3)cc2)ccn1,50000.0,4.301029995663981,0,402.4540000000002
CNC(=O)c1cc(Oc2ccc(C3=NNC(c4cccc(Br)c4)C3)cc2)ccn1,3400.0,5.468521082957745,0,451.3240000000001
CNC(=O)c1cc(Oc2ccc(C3=NNC(c4ccccc4)C3)cc2)ccn1,3900.0,5.4089353929735005,0,372.4280000000001
CNC(=O)c1cc(Oc2ccc(C3CC(c4ccc([N+](=O)[O-])cc4)=NN3)cc2)ccn1,50000.0,4.301029995663981,0,417.42500000000007
CNC(=O)c1cc(Oc2ccc(CCC(=O)Nc3ccc(Cl)c(C(F)(F)F)c3)cc2)ccn1,61.0,7.214670164989233,1,477.87
CNC(=O)c1cc(Oc2ccc(NC(=O)NC34CC5CC(CC(C5)C3)C4)cc2)ccn1,7500.0,5.1249387366083,0,420.51300000000026
CNC(=O)c1cc(Oc2ccc(NC(=O)Nc3cc(C(C)(C)C)nn3-c3ccc(C)cc3)cc2)ccn1,236.7,6.625801742070918,1,498.5870000000003
CNC(=O)c1cc(Oc2ccc(NC(=O)Nc3cc(C(C)(C)C)nn3-c3ccc4ncccc4c3)c(F)c2)ccn1,1000.0,6.0,1,553.5980000000003
CNC(=O)c1cc(Oc2ccc(NC(=O)Nc3ccc(CN4CCN(C)CC4)cc3)cc2)ccn1,100000.0,4.0,0,474.56500000000034
CNC(=O)c1cc(Oc2ccc(NC(=O)Nc3ccc(Cl)c(C(F)(F)F)c3)c(F)c2)ccn1,22.583333333333332,7.646211955173219,1,482.82100000000014
CNC(=O)c1cc(Oc2ccc(NC(=O)Nc3ccc(Cl)c(C(F)(F)F)c3)cc2)ccn1,703.30375,6.1528570669318725,1,464.83100000000013
CNC(=O)c1cc(Oc2ccc(NC(=O)Nc3ccc(OC(F)(F)F)cc3)cc2)ccn1,5000.0,5.301029995663981,0,446.3850000000001
CNC(=O)c1cc(Oc2ccc(NC(=O)c3ccc(CN4CCN(C)CC4)cc3)cc2)ccn1,100000.0,4.0,0,459.5500000000003
CNC(=O)c1cc(Oc2ccc(NC(=O)c3ccc(Cl)c(C(F)(F)F)c3)cc2)ccc1N,73.0,7.136677139879544,1,463.8430000000001
CNC(=O)c1cc(Oc2ccc(NC(=O)c3ccc(Cl)cc3)cc2)ccc1N,165.0,6.782516055786093,1,395.84600000000006
CNC(=O)c1cc(Oc2ccc(NC(=O)c3ccc(F)cc3)cc2)ccc1N,303.0,6.518557371497695,1,379.3910000000001
CNC(=O)c1cc(Oc2ccc(NC(=O)c3ccc(N)cc3)cc2)ccc1N,942.0,6.025949097207123,1,376.4160000000001
CNC(=O)c1cc(Oc2ccc(NC(=O)c3ccc(OC)cc3)cc2)ccc1N,187.0,6.728158393463501,1,391.42700000000013
CNC(=O)c1cc(Oc2ccc(NC(=O)c3ccc4ccccc4c3)cc2)ccc1N,237.0,6.6252516539898965,1,411.4610000000001
CNC(=O)c1cc(Oc2ccc(NC(=O)c3cccc(N)c3)cc2)ccc1N,3260.0,5.486782399932061,0,376.4160000000001
CNC(=O)c1cc(Oc2ccc(NC(=O)c3cccc(O)c3)cc2)ccc1N,4060.0,5.391473966422806,0,377.4000000000001
CNC(=O)c1cc(Oc2ccc(NC(=O)c3ccccc3)cc2)ccc1N,342.0,6.465973893943865,1,361.40100000000007
CNC(=O)c1cc(Oc2ccc(NC(=O)c3cccnc3)cc2)ccc1N,1780.0,5.749579997691106,0,362.38900000000007
CNC(=O)c1cc(Oc2ccc(Nc3nc4cc(Cl)ccc4[nH]3)cc2)ccn1,25000.0,4.6020599913279625,0,393.83400000000006
CNC(=O)c1cc(Oc2ccc3[nH]c(Nc4ccc(Br)cc4)nc3c2)ccn1,39.0,7.4089353929735005,1,438.2850000000001
CNC(=O)c1cc(Oc2ccc3[nH]c(Nc4ccc(C(C)(C)C)cc4)nc3c2)ccn1,63.0,7.200659450546418,1,415.4970000000002
CNC(=O)c1cc(Oc2ccc3[nH]c(Nc4ccc(C(F)(F)F)cc4)nc3c2)ccn1,11.0,7.958607314841775,1,427.3860000000001
CNC(=O)c1cc(Oc2ccc3[nH]c(Nc4cccc(Br)c4)nc3c2)ccn1,1300.0,5.886056647693163,0,438.2850000000001
CNC(=O)c1cc(Oc2ccc3[nH]c(Nc4cccc(C(C)(C)C)c4)nc3c2)ccn1,26.0,7.585026652029182,1,415.4970000000002
CNC(=O)c1cc(Oc2ccc3[nH]c(Nc4cccc(C(F)(F)F)c4)nc3c2)ccn1,300.0,6.522878745280337,1,427.3860000000001
CNC(=O)c1cc(Oc2ccc3[nH]c(Nc4ccccc4)nc3c2)ccn1,7700.0,5.113509274827518,0,359.38900000000007
CNC(=O)c1cc(Oc2ccc3[nH]c(Nc4ccccc4Br)nc3c2)ccn1,2400.0,5.619788758288394,0,438.2850000000001
CNC(=O)c1cc(Oc2ccc3[nH]c(Nc4ccccc4C(F)(F)F)nc3c2)ccn1,9000.0,5.045757490560675,0,427.3860000000001
CNC(=O)c1cc(Oc2ccc3c(c2)C2C(O3)C2c2nc3ccc(C(F)(F)F)cc3[nH]2)ccn1,56.0,7.251811972993799,1,466.4190000000001
CNC(=O)c1cc(Oc2ccc3c(c2)CC(C(=O)Nc2cc(CN)cc(C(F)(F)F)c2)CC3)ccn1,20.0,7.698970004336019,1,498.5050000000002
CNC(=O)c1cc(Oc2ccc3c(c2)CC(C(=O)Nc2ccc(CN)c(C(F)(F)F)c2)CC3)ccn1,26.0,7.585026652029182,1,498.5050000000002
CNC(=O)c1cc(Oc2ccc3c(c2)CC(C(=O)Nc2ccc(Cl)c(C(F)(F)F)c2)CC3)ccn1,32.0,7.494850021680094,1,503.90800000000013
CNC(=O)c1cc(Oc2ccc3c(c2)[C@H]2[C@H](NC(=O)Nc4cc(F)c(F)cc4F)[C@H]2O3)ccn1,13000.0,4.886056647693163,0,470.4070000000001
CNC(=O)c1cc(Oc2ccc3c(c2)[C@H]2[C@H](NC(=O)Nc4ccc(Cl)c(C(F)(F)F)c4)[C@H]2O3)ccn1,88000.0,4.055517327849831,0,518.8790000000001
CNC(=O)c1cc(Oc2ccc3c(c2)[C@H]2[C@H](NC(=O)Nc4ccc(F)c(C(F)(F)F)c4)[C@H]2O3)ccn1,33000.0,4.481486060122113,0,502.4240000000001
CNC(=O)c1cc(Oc2ccc3c(c2)[C@H]2[C@H](NC(=O)Nc4cccc(C(F)(F)F)c4)[C@H]2O3)ccn1,26000.0,4.585026652029182,0,484.4340000000001
CNC(=O)c1cc(Oc2ccc3c(c2)[C@H]2[C@H](NC(=O)c4ccc(CN5CCN(C)CC5)c(C(F)(F)F)c4)[C@H]2O3)ccn1,49.0,7.309803919971486,1,581.5950000000004
CNC(=O)c1cc(Oc2ccc3c(c2)nc(NC2CCCCC2)n3C)ccn1,4400.0,5.356547323513812,0,379.4640000000002
CNC(=O)c1cc(Oc2ccc3c(c2)nc(NCC2CCCCC2)n3C)ccn1,140.0,6.853871964321762,1,393.49100000000027
CNC(=O)c1cc(Oc2ccc3c(c2)nc(Nc2ccc(Br)cc2)n3C)ccn1,2.0,8.698970004336019,1,452.31200000000007
CNC(=O)c1cc(Oc2ccc3c(c2)nc(Nc2ccc(C(C)(C)C)cc2)n3C)ccn1,140.0,6.853871964321762,1,429.52400000000017
CNC(=O)c1cc(Oc2ccc3c(c2)nc(Nc2ccc(C(F)(F)F)cc2)n3C)ccn1,88.0,7.055517327849832,1,441.41300000000007
CNC(=O)c1cc(Oc2ccc3c(c2)nc(Nc2ccc(Cl)c(C(F)(F)F)c2)n3C)ccn1,28.0,7.552841968657781,1,475.85800000000006
CNC(=O)c1cc(Oc2ccc3c(c2)nc(Nc2cccc(-c4ccncc4)c2)n3C)ccn1,14.0,7.853871964321762,1,450.5020000000001
CNC(=O)c1cc(Oc2ccc3c(c2)nc(Nc2cccc(Br)c2)n3C)ccn1,25.0,7.6020599913279625,1,452.31200000000007
CNC(=O)c1cc(Oc2ccc3c(c2)nc(Nc2cccc(C(C)(C)C)c2)n3C)ccn1,122.5,6.911863911299449,1,429.52400000000017
CNC(=O)c1cc(Oc2ccc3c(c2)nc(Nc2cccc(C(F)(F)F)c2)n3C)ccn1,8.0,8.096910013008056,1,441.41300000000007
CNC(=O)c1cc(Oc2ccc3c(c2)nc(Nc2ccccc2)n3C)ccn1,130.0,6.886056647693163,1,373.41600000000005
CNC(=O)c1cc(Oc2ccc3c(c2)nc(Nc2ccccc2Br)n3C)ccn1,39.0,7.4089353929735005,1,452.31200000000007
CNC(=O)c1cc(Oc2ccc3c(c2)nc(Nc2ccccc2C(F)(F)F)n3C)ccn1,1900.0,5.721246399047171,0,441.41300000000007
CNC(=O)c1cc(Oc2ccc3nc(NC(=O)Nc4cc(C(F)(F)F)cc(C(F)(F)F)c4)sc3c2)ccn1,1230.0,5.910094888560602,0,555.4600000000002
CNC(=O)c1cc(Oc2ccc3nc(NC(=O)Nc4ccc(Cl)c(C(F)(F)F)c4)sc3c2)ccn1,131.0,6.882728704344236,1,521.9080000000001
CNC(=O)c1cc(Oc2ccc3nc(NC(=O)Nc4ccc(Cl)c(Cl)c4)sc3c2)ccn1,95.0,7.022276394711152,1,488.3560000000002
CNC(=O)c1cc(Oc2ccc3nc(NC(=O)c4cc(C(F)(F)F)cc(C(F)(F)F)c4)sc3c2)ccn1,4300.0,5.366531544420414,0,540.445
CNC(=O)c1cc(Oc2ccc3nc(Nc4ccc(-c5cccnc5)cc4)ncc3c2)ccn1,25000.0,4.6020599913279625,0,448.4860000000001
CNC(=O)c1cc(Oc2ccc3nc(Nc4ccc(Br)cc4)n(C)c3c2)ccn1,500.0,6.301029995663981,1,452.3120000000001
CNC(=O)c1cc(Oc2ccc3nc(Nc4ccc(Br)cc4)ncc3c2)ccn1,310.0,6.508638306165727,1,450.2960000000001
CNC(=O)c1cc(Oc2ccc3nc(Nc4ccc(C(C)C)cc4)ncc3c2)ccn1,1.0,9.0,1,413.4810000000001
CNC(=O)c1cc(Oc2ccc3nc(Nc4ccc(C(F)(F)F)cc4)ncc3c2)ccn1,67.0,7.173925197299173,1,439.39700000000005
CNC(=O)c1cc(Oc2ccc3nc(Nc4ccc(Cl)c(C(F)(F)F)c4)[nH]c3c2)ccn1,280.0,6.552841968657781,1,461.8310000000001
CNC(=O)c1cc(Oc2ccc3nc(Nc4ccc(F)cc4)ncc3c2)ccn1,600.0,6.221848749616356,1,389.3900000000001
CNC(=O)c1cc(Oc2ccc3nc(Nc4ccc(OC(F)(F)F)cc4)ncc3c2)ccn1,80.0,7.096910013008056,1,455.3960000000001
CNC(=O)c1cc(Oc2ccc3nc(Nc4ccc(OC)cc4)ncc3c2)ccn1,390.0,6.4089353929735005,1,401.4260000000001
CNC(=O)c1cc(Oc2ccc3nc(Nc4ccc(Oc5ccccc5)cc4)ncc3c2)ccn1,600.0,6.221848749616356,1,463.4970000000001
CNC(=O)c1cc(Oc2ccc3nc(Nc4cccc(Br)c4)ncc3c2)ccn1,180.0,6.7447274948966935,1,450.2960000000001
CNC(=O)c1cc(Oc2ccc3nc(Nc4cccc(C(C)(C)C)c4)ccc3c2)ccn1,26.0,7.585026652029182,1,426.5200000000002
CNC(=O)c1cc(Oc2ccc3nc(Nc4cccc(C(C)(C)C)c4)cnc3c2)ccn1,25.0,7.6020599913279625,1,427.5080000000002
CNC(=O)c1cc(Oc2ccc3nc(Nc4cccc(C(C)(C)C)c4)ncc3c2)ccn1,45.0,7.346787486224656,1,427.5080000000002
CNC(=O)c1cc(Oc2ccc3nc(Nc4cccc(C(C)C)c4)ncc3c2)ccn1,150.0,6.823908740944319,1,413.48100000000017
CNC(=O)c1cc(Oc2ccc3nc(Nc4cccc(C(F)(F)F)c4)ncc3c2)ccn1,640.0,6.1938200260161125,1,439.3970000000001
CNC(=O)c1cc(Oc2ccc3nc(Nc4cccc(Cl)c4)ncc3c2)ccn1,660.0,6.180456064458132,1,405.8450000000001
CNC(=O)c1cc(Oc2ccc3nc(Nc4cccc(OC(F)(F)F)c4)ncc3c2)ccn1,70.0,7.154901959985743,1,455.39600000000013
CNC(=O)c1cc(Oc2ccc3nc(Nc4ccccc4)ncc3c2)ccn1,2200.0,5.657577319177793,0,371.4000000000001
CNC(=O)c1cc(Oc2ccc3nc(Nc4ccccc4Br)ncc3c2)ccn1,24000.0,4.619788758288394,0,450.2960000000001
CNC(=O)c1cc(Oc2ccc3nc(Nc4ccccc4Oc4ccccc4)ncc3c2)ccn1,5300.0,5.275724130399211,0,463.4970000000002
CNC(=O)c1cc(Oc2ccc3oc(Nc4ccc(Br)cc4)nc3c2)ccn1,25.0,7.6020599913279625,1,439.26900000000006
CNC(=O)c1cc(Oc2ccc3oc(Nc4ccc(C(C)C)cc4)nc3c2)ccn1,6.0,8.221848749616356,1,402.4540000000001
CNC(=O)c1cc(Oc2ccc3oc(Nc4ccc(Cl)cc4)nc3c2)ccn1,21.0,7.6777807052660805,1,394.81800000000004
CNC(=O)c1cc(Oc2ccc3oc(Nc4ccc(N(C)C)cc4)nc3c2)ccn1,130.0,6.886056647693163,1,403.4420000000001
CNC(=O)c1cc(Oc2ccc3oc(Nc4ccc(OC(F)(F)F)cc4)nc3c2)ccn1,12.0,7.920818753952375,1,444.3690000000001
CNC(=O)c1cc(Oc2ccc3oc(Nc4ccc(Oc5ccccc5)cc4)nc3c2)ccn1,680.0,6.167491087293763,1,452.47000000000014
CNC(=O)c1cc(Oc2ccc3oc(Nc4cccc(C(C)(C)C)c4)nc3c2)ccn1,6.0,8.221848749616356,1,416.48100000000017
CNC(=O)c1cc(Oc2ccc3oc(Nc4cccc(C(F)(F)F)c4)nc3c2)ccn1,110.0,6.958607314841775,1,428.37000000000006
CNC(=O)c1cc(Oc2ccc3oc(Nc4ccccc4Cl)nc3c2)ccn1,260.0,6.585026652029182,1,394.81800000000004
CNC(=O)c1cc(Oc2ccc3oc(Nc4ccccc4F)nc3c2)ccn1,580.0,6.236572006437063,1,378.36300000000006
CNC(=O)c1cc(Oc2ccc3sc(Nc4ccc(Br)cc4)nc3c2)ccn1,7.0,8.154901959985743,1,455.3370000000001
CNC(=O)c1cc(Oc2ccc3sc(Nc4ccc(C(C)C)cc4)nc3c2)ccn1,19.0,7.721246399047171,1,418.52200000000016
CNC(=O)c1cc(Oc2ccc3sc(Nc4ccc(C)cc4)nc3c2)ccn1,26.0,7.585026652029182,1,390.46800000000013
CNC(=O)c1cc(Oc2ccc3sc(Nc4ccc(Cl)cc4)nc3c2)ccn1,15.0,7.823908740944319,1,410.88600000000014
CNC(=O)c1cc(Oc2ccc3sc(Nc4ccc(OC(F)(F)F)cc4)nc3c2)ccn1,18.0,7.7447274948966935,1,460.4370000000001
CNC(=O)c1cc(Oc2ccc3sc(Nc4cccc(C(C)(C)C)c4)nc3c2)ccn1,4.0,8.397940008672037,1,432.5490000000002
CNC(=O)c1cc(Oc2cccc(CCC(=O)Nc3ccc(Cl)c(C(F)(F)F)c3)c2)ccn1,47.0,7.327902142064283,1,477.8700000000001
CNC(=O)c1cc(Oc2cccc3nc(NC(=O)Nc4ccc(Cl)c(C(F)(F)F)c4)ccc23)ccn1,316.0,6.5003129173815966,1,515.879
CNC(=O)c1ccc(-c2cn(C)nc2-c2ccncc2)cc1,647.0,6.189095719331299,1,292.342
CNC(=O)c1ccc(OC2CCC(NC(=O)Nc3ccc(OC(F)(F)F)cc3)CC2)cc1,10000.0,5.0,0,451.4450000000001
CNC(=O)c1ccc(O[C@H]2CC[C@H](NC(=O)Nc3ccc(Cl)c(C(F)(F)F)c3)CC2)cn1,1500.0,5.823908740944319,0,470.87900000000013
CNC(=O)c1ccc(Sc2ccc(NC(=O)Nc3cc(C(F)(F)F)cc(C(F)(F)F)c3)cc2)nc1,144.5,6.840132152907433,1,514.4510000000001
CNC(=O)c1ccc(Sc2ccc(NC(=O)Nc3ccc(Cl)c(C(F)(F)F)c3)cc2)nc1,25.0,7.6020599913279625,1,480.8990000000001
CNC(=O)c1ccc(Sc2ccc(NC(=O)Nc3ccc(F)c(C(F)(F)F)c3)cc2)nc1,56.5,7.247951552180561,1,464.4440000000001
CNC(=O)c1ccc(Sc2ccc(NC(=S)Nc3ccc(Cl)c(C(F)(F)F)c3)cc2)nc1,27.5,7.560667306169737,1,496.9670000000001
CNC(=O)c1ccc(Sc2ccc(NC(=S)Nc3ccc(Cl)cc3)cc2)nc1,1924.5,5.71568208456939,0,428.9700000000001
CNC(=O)c1ccc(Sc2ccc(NC(=S)Nc3ccc(F)c(C(F)(F)F)c3)cc2)nc1,39.0,7.4089353929735005,1,480.51200000000006
CNC(=O)c1ccc(Sc2ccc(NC(=S)Nc3ccc(F)c(F)c3)cc2)nc1,851.0,6.070070439915412,1,430.50500000000005
CNC(=O)c1ccc(Sc2ccc(NC(=S)Nc3ccc(OC(F)(F)F)cc3)cc2)nc1,9933.0,5.002919564528269,0,478.5210000000001
CNC(=O)c1ccc(Sc2ccc(NC(=S)Nc3cccc(C(F)(F)F)c3)cc2)nc1,537.0,6.270025714300444,1,462.52200000000005
CNC(=O)c1ccc(Sc2ccc(NC(=S)Nc3cccc(C)c3)cc2)nc1,10000.0,5.0,0,408.5520000000001
CNC(=O)c1ccc(Sc2cccc(NC(=S)Nc3cc(C(F)(F)F)cc(C(F)(F)F)c3)c2)nc1,163.5,6.786482243003695,1,530.519
CNC(=O)c1ccc(Sc2cccc(NC(=S)Nc3ccc(Cl)c(C(F)(F)F)c3)c2)nc1,16.5,7.782516055786093,1,496.9670000000001
CNC(=O)c1ccc(Sc2cccc(NC(=S)Nc3ccc(Cl)cc3)c2)nc1,824.0,6.084072788302884,1,428.9700000000001
CNC(=O)c1ccc(Sc2cccc(NC(=S)Nc3ccc(F)c(C(F)(F)F)c3)c2)nc1,73.0,7.136677139879544,1,480.51200000000006
CNC(=O)c1ccc(Sc2cccc(NC(=S)Nc3ccc(F)c(Cl)c3)c2)nc1,336.0,6.4736607226101555,1,446.9600000000001
CNC(=O)c1ccc(Sc2cccc(NC(=S)Nc3ccc(F)c(F)c3)c2)nc1,490.5,6.309360988284032,1,430.50500000000005
CNC(=O)c1ccc(Sc2cccc(NC(=S)Nc3ccc(OC(F)(F)F)cc3)c2)nc1,6668.0,5.176004408844032,0,478.5210000000001
CNC(=O)c1ccc(Sc2cccc(NC(=S)Nc3cccc(C(F)(F)F)c3)c2)nc1,1120.0,5.950781977329818,0,462.52200000000005
CNC(=O)c1cncc(NC(=O)c2cc(NC(=O)c3cccc(C(C)(C)C#N)c3)ccc2C)c1,17.0,7.769551078621726,1,455.5180000000002
CNC(=O)c1cnn2c(-c3cccc(NC(=O)c4cccc(C(F)(F)F)c4)c3)ccnc12,10000.0,5.0,0,439.3970000000001
CNC(=O)c1nc2cc(C3(O)c4ccccc4C(=O)N3Cc3ccccc3)ccc2[nH]1,1000.0,6.0,1,412.4490000000001
CNC(=O)c1ncc(-c2cc(NC(=O)c3ccnc(C(C)(F)F)c3)ccc2C)cc1N1CCOCC1,2.63,8.580044251510243,1,495.5300000000003
CNC(=O)c1ncc(C#Cc2cc(C(=O)Nc3ccc(CN4CCN(CCO)CC4)c(C(F)(F)F)c3)ccc2C)n1C,23.0,7.638272163982407,1,582.6270000000003
CNC1CCCC(n2cc(-c3ccc4c(c3)CC/C4=N\O)c(-c3ccncc3)n2)C1,0.23,9.638272163982407,1,401.51400000000007
CNC1CCN(S(=O)(=O)Nc2cccc(C(=O)c3c[nH]c4ncc(-c5cnc(C6CC6)nc5)cc34)c2F)C1,100.0,7.0,1,535.6050000000002
CNCCN(C)c1cc(C(=O)Nc2ccc(C)c(-c3cc(N4CCOCC4)c(=O)n(C)c3)c2)ccn1,30.75,7.5121548798885645,1,490.60800000000035
CNCCn1cc(-c2ccc3c(c2)Cc2c[nH]nc2-3)c(-c2ccncc2)n1,4118.25,5.385287292898923,0,356.43300000000005
CNC[C@@H]1CN(c2cc(-c3cc(NC(=O)c4ccnc(C(C)(C)C#N)c4)ccc3C)ccn2)CCO1,2.9173999999999998,8.535004021381136,1,484.6040000000003
CNCc1cc(C(=O)N[C@@H]2CCc3ccc(Oc4ccnc5c4CCC(=O)N5)cc3C2)cc(C(F)(F)F)c1,16.466666666666665,7.7833943057960155,1,524.5430000000002
CNS(=O)(=O)Nc1ccc(F)c(C(=O)c2c[nH]c3ncc(-c4cnc(C5CC5)nc4)cc23)c1F,100.0,7.0,1,484.4880000000002
CNS(=O)(=O)Nc1cccc(C(=O)c2c[nH]c3ncc(-c4cnc(OC)nc4)cc23)c1F,100.0,7.0,1,456.4590000000002
CNS(=O)(=O)Nc1cccc(Cn2c(=O)oc3cc(OC(=O)C(C)C)ccc3c2=O)c1F,720.0,6.142667503568732,1,465.45900000000023
CNS(=O)(=O)Nc1cccc(Cn2c(=O)oc3cc(OC(=O)N(C)C)ccc3c2=O)c1F,55.0,7.259637310505756,1,466.44700000000023
CNS(=O)(=O)Nc1cccc(Cn2c(=O)oc3cc(OC(C)=O)ccc3c2=O)c1F,610.0,6.214670164989233,1,437.4050000000002
CNS(=O)(=O)Nc1cccc(Cn2c(=O)oc3cc(OS(C)(=O)=O)ccc3c2=O)c1F,2540.0,5.5951662833800615,0,473.4600000000002
CNS(=O)(=O)Nc1cccc(Cn2cnc3c(F)c(Nc4ccc(C5CC5)cc4F)c(C(=O)NOCCO)cc32)c1,5.0,8.301029995663981,1,586.6210000000002
CNS(=O)(=O)Nc1cccc(Cn2cnc3c(F)c(Nc4ccc(C5CC5)cc4F)c(C(=O)NOCCO)cc32)c1F,4.0,8.397940008672037,1,604.6110000000002
CNS(=O)(=O)Nc1cccc(Cn2cnc3c(F)c(Nc4ccc(I)cc4F)c(C(=O)NOCCO)cc32)c1F,4.0,8.397940008672037,1,690.442
CNS(=O)(=O)Nc1nccc(Cc2c(C)c3ccc(Oc4ncccn4)cc3oc2=O)c1F,13.6,7.866461091629782,1,471.4700000000002
CNS(=O)(=O)c1ccc(Cl)c(Nc2ncnc3[nH]ccc23)c1,32.0,7.494850021680094,1,337.79200000000003
CNS(=O)(=O)c1ccc(N(C)C)c(Nc2ncnc3[nH]c(-c4cccc(C(F)(F)F)c4)cc23)c1,0.6,9.221848749616356,1,490.51100000000014
CNS(=O)(=O)c1ccc(N(C)C)c(Nc2ncnc3[nH]c(Br)cc23)c1,6.3,8.200659450546418,1,425.31200000000007
CNS(=O)(=O)c1ccc(N(C)C)c(Nc2ncnc3[nH]cc(Br)c23)c1,0.2,9.698970004336019,1,425.31200000000007
CNS(=O)(=O)c1ccc(N(C)C)c(Nc2ncnc3[nH]cc(C)c23)c1,0.5,9.301029995663981,1,360.4430000000001
CNS(=O)(=O)c1ccc(N(C)C)c(Nc2ncnc3[nH]ccc23)c1,6.0,8.221848749616356,1,346.41600000000005
CNS(=O)(=O)c1ccc(N(C)C)c(Nc2ncnc3cc(N)ccc23)c1,4000.0,5.3979400086720375,0,372.4540000000001
CNS(=O)(=O)c1ccc(N(C)C)c(Nc2ncnc3cc(OC)c(OC)cc23)c1,1000.0,6.0,1,417.4910000000002
CNS(=O)(=O)c1ccc(N(C)C)c(Nc2ncnc3cc(OC)cc(OC)c23)c1,79.0,7.102372908709558,1,417.4910000000002
CNS(=O)(=O)c1ccc(N(C)C)c(Nc2ncnc3cc(OCCCN4CCOCC4)ccc23)c1,2500.0,5.6020599913279625,0,500.62500000000045
CNS(=O)(=O)c1ccc(N(C)C)c(Nc2ncnc3cc(OCCCOC)ccc23)c1,800.0,6.096910013008056,1,445.5450000000003
CNS(=O)(=O)c1ccc(N(C)C)c(Nc2ncnc3cc[nH]c23)c1,250.0,6.6020599913279625,1,346.41600000000005
CNS(=O)(=O)c1ccc(N(C)C)c(Nc2ncnc3ccc(Cl)cc23)c1,400.0,6.3979400086720375,1,391.88400000000007
CNS(=O)(=O)c1ccc(N(C)C)c(Nc2ncnc3ccc(N)cc23)c1,630.0,6.200659450546418,1,372.4540000000001
CNS(=O)(=O)c1ccc(N(C)C)c(Nc2ncnc3ccc(OC)cc23)c1,1000.0,6.0,1,387.46500000000015
CNS(=O)(=O)c1ccc(N(C)C)c(Nc2ncnc3ccc([N+](=O)[O-])cc23)c1,6300.0,5.200659450546418,0,402.43600000000015
CNS(=O)(=O)c1ccc(N(C)C)c(Nc2ncnc3ccccc23)c1,250.0,6.6020599913279625,1,357.4390000000001
CNS(=O)(=O)c1ccc(N(C)C)c(Nc2ncnc3ccn(C)c23)c1,130.0,6.886056647693163,1,360.4430000000001
CNS(=O)(=O)c1ccc(N(C)C)c(Nc2ncnc3ccsc23)c1,1000.0,6.0,1,363.4680000000001
CNS(=O)(=O)c1ccc(N2CCOCC2)c(Nc2ncnc3[nH]c(-c4cccc(C(F)(F)F)c4)cc23)c1,1.3,8.886056647693163,1,532.548
CNS(=O)(=O)c1ccc(N2CCOCC2)c(Nc2ncnc3[nH]c(Br)cc23)c1,8.0,8.096910013008056,1,467.349
CNS(=O)(=O)c1ccc(N2CCOCC2)c(Nc2ncnc3[nH]cc(Br)c23)c1,0.5,9.301029995663981,1,467.349
CNS(=O)(=O)c1ccc(N2CCOCC2)c(Nc2ncnc3[nH]cc(C)c23)c1,1.3,8.886056647693163,1,402.48
CNS(=O)(=O)c1ccc(N2CCOCC2)c(Nc2ncnc3[nH]cc(Cl)c23)c1,0.6,9.221848749616356,1,422.89799999999997
CNS(=O)(=O)c1ccc(N2CCOCC2)c(Nc2ncnc3[nH]ccc23)c1,8.0,8.096910013008056,1,388.453
CNS(=O)(=O)c1ccc(OC)c(Nc2cc(Nc3ccc(Cl)cn3)ncn2)c1,20.0,7.698970004336019,1,420.8820000000001
CNS(=O)(=O)c1ccc(OCC(F)(F)F)c(Nc2cc(Nc3ccc(Cl)cn3)ncn2)c1,13.0,7.886056647693163,1,488.8790000000001
CNS(=O)(=O)c1ccc(OCC(F)(F)F)c(Nc2ncnc3cc(OC(C)C)c(OC)cc23)c1,32000.0,4.494850021680094,0,500.4990000000002
CNS(=O)(=O)c1ccc(OCC(F)(F)F)c(Nc2ncnc3cc(OC)c(OC)c(OC)c23)c1,79.0,7.102372908709558,1,502.47100000000023
CNS(=O)(=O)c1ccc(OCC(F)(F)F)c(Nc2ncnc3cc(OC)c(OC)cc23)c1,130.0,6.886056647693163,1,472.44500000000016
CNS(=O)(=O)c1ccc(OCC(F)(F)F)c(Nc2ncnc3cc(OC)cc(OC)c23)c1,50.0,7.301029995663981,1,472.44500000000016
CNS(=O)(=O)c1ccc(OCC(F)(F)F)c(Nc2ncnc3cc(OCCCN4CCOCC4)ccc23)c1,1300.0,5.886056647693163,0,555.5790000000004
CNS(=O)(=O)c1ccc(OCC(F)(F)F)c(Nc2ncnc3cc(OCCCOC)ccc23)c1,160.0,6.795880017344075,1,500.49900000000025
CNS(=O)(=O)c1ccc(S(=O)(=O)C(C)(C)C)c(Nc2cc(Nc3ccc(Cl)cn3)ncn2)c1,2000.0,5.698970004336019,0,511.02900000000017
CNS(=O)(=O)c1ccc(S(=O)(=O)C(C)C)c(Nc2cc(Nc3ccc(Cl)cn3)ncn2)c1,500.0,6.301029995663981,1,497.0020000000001
CNS(=O)(=O)c1ccc(S(C)(=O)=O)c(Nc2cc(Nc3ccc(Cl)cn3)ncn2)c1,200.0,6.698970004336019,1,468.94800000000015
CNS(=O)(=O)c1cccc(Nc2ncnc3[nH]c(-c4ccc(C)cc4)cc23)c1,1.0,9.0,1,393.47200000000015
CNS(=O)(=O)c1cccc(Nc2ncnc3[nH]c(-c4ccc(O)cc4)cc23)c1,1.0,9.0,1,395.44400000000013
CNS(=O)(=O)c1cccc(Nc2ncnc3[nH]c(-c4cccc(C(F)(F)F)c4)cc23)c1,6.0,8.221848749616356,1,447.4420000000001
CNS(=O)(=O)c1cccc(Nc2ncnc3[nH]c(-c4cccc(C)c4)cc23)c1,1.0,9.0,1,393.47200000000015
CNS(=O)(=O)c1cccc(Nc2ncnc3[nH]c(-c4ccccc4)cc23)c1,1.0,9.0,1,379.4450000000001
CNS(=O)(=O)c1cccc(Nc2ncnc3[nH]c(-c4ccccc4C)cc23)c1,6.0,8.221848749616356,1,393.47200000000015
CNS(=O)(=O)c1cccc(Nc2ncnc3[nH]c(-c4ccncc4)cc23)c1,1.0,9.0,1,380.4330000000001
CNS(=O)(=O)c1cccc(Nc2ncnc3[nH]c(Br)cc23)c1,16.0,7.795880017344075,1,382.24300000000005
CNS(=O)(=O)c1cccc(Nc2ncnc3[nH]c(C(=O)O)cc23)c1,40.0,7.3979400086720375,1,347.3560000000001
CNS(=O)(=O)c1cccc(Nc2ncnc3[nH]c4ccccc4c23)c1,40.0,7.3979400086720375,1,353.4070000000001
CNS(=O)(=O)c1cccc(Nc2ncnc3[nH]cc(-c4ccc(C(=O)O)cc4)c23)c1,16.0,7.795880017344075,1,423.4540000000002
CNS(=O)(=O)c1cccc(Nc2ncnc3[nH]cc(-c4ccc(CN)cc4)c23)c1,6.0,8.221848749616356,1,408.4870000000002
CNS(=O)(=O)c1cccc(Nc2ncnc3[nH]cc(-c4ccc(Cl)cc4)c23)c1,4.0,8.397940008672037,1,413.89000000000016
CNS(=O)(=O)c1cccc(Nc2ncnc3[nH]cc(-c4ccc(OC)cc4)c23)c1,4.0,8.397940008672037,1,409.4710000000002
CNS(=O)(=O)c1cccc(Nc2ncnc3[nH]cc(-c4cccc(Cl)c4)c23)c1,1.0,9.0,1,413.89000000000016
CNS(=O)(=O)c1cccc(Nc2ncnc3[nH]cc(-c4ccccc4)c23)c1,4.0,8.397940008672037,1,379.4450000000001
CNS(=O)(=O)c1cccc(Nc2ncnc3[nH]cc(-c4ccccc4Cl)c23)c1,10.0,8.0,1,413.89000000000016
CNS(=O)(=O)c1cccc(Nc2ncnc3[nH]cc(-c4ccncc4)c23)c1,32.0,7.494850021680094,1,380.4330000000001
CNS(=O)(=O)c1cccc(Nc2ncnc3[nH]cc(Br)c23)c1,5.0,8.301029995663981,1,382.24300000000005
CNS(=O)(=O)c1cccc(Nc2ncnc3[nH]cc(C(C)C)c23)c1,79.0,7.102372908709558,1,345.4280000000001
CNS(=O)(=O)c1cccc(Nc2ncnc3[nH]cc(C)c23)c1,63.0,7.200659450546418,1,317.3740000000001
CNS(=O)(=O)c1cccc(Nc2ncnc3[nH]cc(CC(C)C)c23)c1,40.0,7.3979400086720375,1,359.45500000000015
CNS(=O)(=O)c1cccc(Nc2ncnc3[nH]cc(Cl)c23)c1,13.0,7.886056647693163,1,337.7920000000001
CNS(=O)(=O)c1cccc(Nc2ncnc3[nH]cc(F)c23)c1,79.0,7.102372908709558,1,321.33700000000005
CNS(=O)(=O)c1cccc(Nc2ncnc3[nH]ccc23)c1,50.0,7.301029995663981,1,303.34700000000004
CNS(=O)(=O)c1cccc(Nc2ncnc3[nH]cnc23)c1,32.0,7.494850021680094,1,304.33500000000004
CN[C@@H]1C[C@H]2O[C@@](C)([C@@H]1OC)n1c3ccccc3c3c4c(c5c6ccccc6n2c5c31)C(=O)NC4,10.681111111111111,7.9713835671272495,1,466.5410000000003
CNc1cc(-c2cccnc2Nc2c(C)ccc3c(Nc4ccc(C#N)cc4)nccc23)ncn1,41.5,7.3819519032879075,1,458.5290000000001
CNc1cc(-c2cccnc2Nc2c(C)ccc3c(Nc4ccc(Cl)cc4)nccc23)ncn1,45.5,7.341988603342887,1,467.96400000000006
CNc1cc(-c2cccnc2Nc2c(C)ccc3c(Nc4ccc5sc(C)nc5c4)nccc23)ncn1,69.5,7.158015195409886,1,504.62300000000016
CNc1cc(C(C)(C)C(=O)Nc2cc(C(=O)Nc3ccc(Cl)c(C(F)(F)F)c3)ccc2C)ncn1,22.4,7.649751981665837,1,505.92800000000017
CNc1cc(C(C)(C)C(=O)Nc2cc(C(=O)Nc3ccc(OCC4CCN(C)CC4)c(C(F)(F)F)c3)ccc2C)ncn1,135.0,6.8696662315049934,1,598.6700000000002
CNc1cc(C2(C(=O)Nc3c(F)ccc(C(=O)Nc4ccc(Cl)c(C(F)(F)F)c4)c3F)CC2)ncn1,237.0,6.6252516539898965,1,525.8650000000001
CNc1cc(C2(C(=O)Nc3cc(C(=O)Nc4ccc(CN5CCN(C)CC5)c(C(F)(F)F)c4)ccc3C)CC2)ncn1,88.6,7.052566278112949,1,581.643
CNc1cc(C2(C(=O)Nc3cc(C(=O)Nc4ccc(CN5CCOCC5)c(C(F)(F)F)c4)ccc3C)CC2)ncn1,29.1,7.536107011014093,1,568.6000000000001
CNc1cc(C2(C(=O)Nc3cc(C(=O)Nc4ccc(Cl)c(C(F)(F)F)c4)ccc3C)CC2)ncn1,10.0,8.0,1,503.9120000000002
CNc1cc(C2(C(=O)Nc3cc(C(=O)Nc4ccc(Cl)c(C(F)(F)F)c4)ccc3Cl)CC2)ncn1,39.1,7.407823242604133,1,524.3300000000002
CNc1cc(C2(C(=O)Nc3cc(C(=O)Nc4ccc(Cl)c(C(F)(F)F)c4)ccc3F)CC2)ncn1,38.6,7.413412695328245,1,507.87500000000017
CNc1cc(C2(C(=O)Nc3cc(C(=O)Nc4ccc(Cl)cc4)ccc3C)CC2)ncn1,8.4,8.075720713938118,1,435.9150000000002
CNc1cc(C2(C(=O)Nc3cc(C(=O)Nc4ccc(F)cc4)ccc3C)CC2)ncn1,201.0,6.696803942579511,1,419.4600000000002
CNc1cc(C2(C(=O)Nc3cc(C(=O)Nc4ccc(N5CCN(C)CC5)c(C(F)(F)F)c4)ccc3C)CC2)ncn1,178.0,6.749579997691106,1,567.6160000000001
CNc1cc(C2(C(=O)Nc3cc(C(=O)Nc4ccc(N5CCOCC5)c(C(F)(F)F)c4)ccc3C)CC2)ncn1,25.1,7.600326278518962,1,554.5730000000002
CNc1cc(C2(C(=O)Nc3cc(C(=O)Nc4ccc(OC5CCN(C)CC5)c(C(F)(F)F)c4)ccc3C)CC2)ncn1,19.15,7.717831221695358,1,582.6270000000001
CNc1cc(C2(C(=O)Nc3cc(C(=O)Nc4ccc(OCC5CCN(C)CC5)c(C(F)(F)F)c4)ccc3C)CC2)ncn1,15.5,7.809668301829708,1,596.654
CNc1cc(C2(C(=O)Nc3cc(C(=O)Nc4ccc(OCCCN5CCOCC5)c(C(F)(F)F)c4)ccc3C)CC2)ncn1,23.85,7.622511616623867,1,612.6530000000001
CNc1cc(C2(C(=O)Nc3cc(C(=O)Nc4cccc(C#N)c4)ccc3C)CC2)ncn1,143.0,6.844663962534939,1,426.48000000000025
CNc1cc(C2(C(=O)Nc3cc(C(=O)Nc4cccc(Cl)c4)ccc3C)CC2)ncn1,0.3,9.522878745280337,1,435.9150000000002
CNc1cc(C2(C(=O)Nc3cc(C(=O)Nc4cccc(F)c4)ccc3C)CC2)ncn1,59.5,7.22548303427145,1,419.4600000000002
CNc1cc(C2(C(=O)Nc3cc(C(=O)Nc4ccccc4)ccc3C)CC2)ncn1,388.0,6.411168274405792,1,401.4700000000002
CNc1cc(C2(C(=O)Nc3cc(NC(=O)Nc4ccc(Cl)c(C(F)(F)F)c4)ccc3C)CC2)ncn1,18.5,7.732828271596986,1,518.9270000000001
CNc1cc(C2(C(=O)Nc3cc(NC(=O)c4ccc(Cl)c(C(F)(F)F)c4)ccc3C)CC2)ncn1,4.3,8.366531544420413,1,503.9120000000002
CNc1cc(C2(C(=O)Nc3cccc(C(=O)Nc4ccc(Cl)c(C(F)(F)F)c4)c3)CC2)ncn1,30.8,7.511449283499556,1,489.88500000000016
CNc1cc(C2(C(=O)Nc3cccc(C(=O)Nc4ccc(Cl)c(C(F)(F)F)c4)c3F)CC2)ncn1,152.0,6.818156412055227,1,507.87500000000017
CNc1cc(CNc2ccccc2C(=O)Nc2ccc3c(c2)OC(F)(F)O3)ccn1,100.0,7.0,1,412.39600000000013
CNc1cc(Oc2c(C)cc(NC(=O)Nc3cccc(C(F)(F)F)c3)c3ccccc23)ncn1,2000.0,5.698970004336019,0,467.45100000000014
CNc1cc(Oc2c(C)cc(NC(=O)Nc3cccc(C(F)(F)F)c3)cc2C)ncn1,2000.0,5.698970004336019,0,431.4180000000001
CNc1cc(Oc2c(C)cc(NC(=O)Nc3cccc(C(F)(F)F)c3)cc2Cl)ncn1,2000.0,5.698970004336019,0,451.8360000000001
CNc1cc(Oc2c(Cl)cc(NC(=O)Nc3cccc(C(F)(F)F)c3)cc2Cl)ncn1,2000.0,5.698970004336019,0,472.25400000000013
CNc1cc(Oc2c(F)cc(NC(=O)Nc3cccc(C(F)(F)F)c3)cc2F)ncn1,2000.0,5.698970004336019,0,439.3440000000001
CNc1cc(Oc2cc(C)c(NC(=O)Nc3cccc(C(F)(F)F)c3)cc2C)ncn1,2000.0,5.698970004336019,0,431.4180000000001
CNc1cc(Oc2ccc(NC(=O)Nc3cccc(C(C)(C)C)c3)cc2)ncn1,400.0,6.3979400086720375,1,391.47500000000014
CNc1cc(Oc2ccc(NC(=O)Nc3cccc(C(C)(F)F)c3)cc2)ncn1,500.0,6.301029995663981,1,399.40100000000007
CNc1cc(Oc2ccc(NC(=O)Nc3cccc(C(C)F)c3)cc2)ncn1,1000.0,6.0,1,381.41100000000006
CNc1cc(Oc2ccc(NC(=O)Nc3cccc(C(F)(F)F)c3)c(F)c2)ncn1,63.0,7.200659450546418,1,421.35400000000004
CNc1cc(Oc2ccc(NC(=O)Nc3cccc(C(F)(F)F)c3)c(F)c2F)ncn1,16.0,7.795880017344075,1,439.34400000000005
CNc1cc(Oc2ccc(NC(=O)Nc3cccc(C(F)(F)F)c3)c3ccccc23)ncn1,100.0,7.0,1,453.4240000000001
CNc1cc(Oc2ccc(NC(=O)Nc3cccc(C(F)(F)F)c3)cc2)ncn1,500.0,6.301029995663981,1,403.36400000000003
CNc1cc(Oc2ccc(NC(=O)Nc3cccc(C(F)(F)F)c3)cc2C)ncn1,160.0,6.795880017344075,1,417.3910000000001
CNc1cc(Oc2ccc(NC(=O)Nc3cccc(C(F)(F)F)c3)cc2Cl)ncn1,500.0,6.301029995663981,1,437.8090000000001
CNc1cc(Oc2ccc(NC(=O)Nc3cccc(C(F)(F)F)c3)cc2F)ncn1,1600.0,5.795880017344075,0,421.35400000000004
CNc1cc(Oc2ccc(NC(=O)Nc3cccc(C(F)F)c3)cc2)ncn1,2000.0,5.698970004336019,0,385.374
CNc1cc(Oc2ccc(NC(=O)Nc3cccc(C)c3)cc2)ncn1,2000.0,5.698970004336019,0,349.39400000000006
CNc1cc(Oc2ccc(NC(=O)Nc3cccc(CF)c3)cc2)ncn1,2000.0,5.698970004336019,0,367.38400000000007
CNc1cc(Oc2ccc(NC(=O)Nc3ccccc3)cc2)ncn1,2000.0,5.698970004336019,0,335.367
CNc1cc2c(cn1)cc(-c1ccc(F)c(NC(=O)Nc3cc(C(C)(C)C)no3)c1)c(=O)n2C1CCOC1,1000.0,6.0,1,520.5650000000003
CNc1cc2c(cn1)cc(-c1ccc(F)c(NC(=O)Nc3cc(C(C)(C)C)no3)c1)c(=O)n2[C@H]1CCOC1,8.6,8.065501548756432,1,520.5650000000003
CNc1cc2nc(C)c(-c3cc(NC(=O)NCCC(C)(C)C)c(F)cc3C)cc2cn1,31.0,7.508638306165727,1,423.5360000000002
CNc1cc2nc(C)c(-c3cc(NC(=O)NCCC(C)(C)C)ccc3C)cc2cn1,57.1,7.243363891754152,1,405.54600000000016
CNc1cc2nc(C)c(-c3cc(NC(=O)NCCC(C)(C)C)ccc3F)cc2cn1,36.0,7.443697499232712,1,409.5090000000001
CNc1cc2nc(C)c(-c3cc(NC(=O)NCCC(C)(C)F)c(F)cc3C)cc2cn1,19.0,7.721246399047171,1,427.49900000000014
CNc1cc2nc(C)c(-c3cc(NC(=O)NC[C@@H](O)C(C)(C)C)c(F)cc3C)cc2cn1,22.900000000000002,7.640164517660112,1,439.5350000000002
CNc1cc2nc(C)c(-c3ccc(F)c(NC(=O)NCCC(C)(C)C)c3)cc2cn1,31.133333333333336,7.506774378489569,1,409.5090000000002
CNc1ccc(NC(=O)c2cc(NC(=O)c3cccc(C(C)(C)C#N)c3)ccc2C)cn1,38.0,7.42021640338319,1,427.5080000000002
CNc1ccc(S(=O)(=O)NC)cc1Nc1ncnc2[nH]ccc12,1000.0,6.0,1,332.38900000000007
CNc1ccc2c(Nc3cc(S(=O)(=O)NC)ccc3N(C)C)ncnc2c1,10000.0,5.0,0,386.4810000000001
CNc1ccc2ncnc(Nc3cc(S(=O)(=O)NC)ccc3N(C)C)c2c1,1000.0,6.0,1,386.4810000000001
CNc1cnc2c(Oc3ccc(NC(=O)Nc4cc(C(F)(F)F)ccc4F)c(F)c3)ccnc2n1,22553.5,4.646786051890837,0,490.3920000000001
CNc1cncc(-c2cn(-c3cc(C(=O)Nc4cc(C(C)(C)C)on4)ccc3C)nn2)c1,14.0,7.853871964321762,1,431.50000000000017
CNc1nc(-c2cc(NC(=O)c3cccc(C(F)(F)F)c3)ccc2C)cc(N2CCOCC2)n1,0.818,9.087246696328677,1,471.4830000000003
CNc1nc(-c2ccc(Cl)c(Cl)c2)c2c(N)c(C(N)=O)sc2n1,718.0,6.1438755557577,1,368.2490000000001
CNc1nc2cc(C3(O)c4ccccc4C(=O)N3Cc3ccccc3)ccc2[nH]1,1000.0,6.0,1,384.439
CNc1nc2ccc(-c3c(C)ccc(C(=O)c4c(-c5ccccc5)n(C)n(-c5ccccc5)c4=O)c3N)cc2s1,1000.0,6.0,1,545.6680000000001
CNc1ncc(C(=O)Nc2cc(C(=O)Nc3ccc(CN4CCN(C)CC4)c(C(F)(F)F)c3)ccc2C)cn1,290.0,6.5376020021010435,1,541.5780000000002
CNc1ncc2c(Cl)cc(Oc3c(C)ccc(C(=O)c4c(-c5ccccc5)n(C)n(-c5ccccc5)c4=O)c3N)cc2n1,1000.0,6.0,1,591.071
CNc1ncc2c(F)cc(Oc3c(C)ccc(C(=O)c4c(-c5ccccc5)n(C)n(-c5ccccc5)c4=O)c3N)cc2n1,1000.0,6.0,1,574.616
CNc1ncc2cc(-c3c(C)ccc(C(=O)Nc4ccc(OC)c(C(F)(F)F)c4)c3N)ccc2n1,9.5,8.022276394711152,1,481.4780000000002
CNc1ncc2cc(-c3c(C)ccc4c(Nc5cc(C(C)(C)C)nn5C)nccc34)ccc2n1,46.0,7.337242168318426,1,451.5780000000002
CNc1ncc2cc(-c3c(C)ccc4c(Nc5ccc(Cl)cc5)nccc34)ccc2n1,137.7,6.861066059743076,1,425.9230000000001
CNc1ncc2cc(-c3c(C)ccc4c(Nc5ccc6c(c5)NC(=O)C6(C)C)nccc34)ccc2n1,24.0,7.619788758288394,1,474.5680000000002
CNc1ncc2cc(-c3cc(C(=O)Nc4cccc(C(F)(F)F)c4)ccc3C)ccc2n1,14.35,7.843148098929989,1,436.43700000000007
CNc1ncc2cc(-c3cc(NC(=O)NCCC(C)(C)C)c(F)cc3C)c(C)nc2n1,661.9777777777778,6.179156589337452,1,424.52400000000017
CNc1ncc2cc(-c3cc(NC(=O)NCCC(C)(C)C)c(F)cc3C)cnc2n1,11.133333333333333,7.953374787908098,1,410.4970000000001
CNc1ncc2cc(-c3ccc(F)c(NC(=O)NCCC(C)(C)C)c3)c(C)nc2n1,45.199999999999996,7.3448615651886175,1,410.49700000000024
CNc1ncc2ccc(Oc3c(C)ccc(C(=O)c4c(-c5ccccc5)n(C)n(-c5ccccc5)c4=O)c3N)cc2n1,300.0,6.522878745280337,1,556.626
CNc1ncc2ccc(Oc3cc(C(=O)c4c(-c5ccccc5)n(C)n(-c5ccccc5)c4=O)ccc3C)cc2n1,8.0,8.096910013008056,1,541.6110000000001
CNc1ncc2ccc(Oc3cc(C(=O)c4c(-c5ccccc5)n(C)n(-c5ccccc5)c4=O)ccc3Cl)cc2n1,13.0,7.886056647693163,1,562.029
CNc1ncc2ccc(Oc3cc(C(=O)c4c(-c5ccccc5)n(C)n(-c5ccccc5)c4=O)ccc3N)cc2n1,66.0,7.180456064458132,1,542.599
CNc1ncc2ncnc(Nc3cc(C(=O)Nc4cc(C(C)(C)C)on4)ccc3F)c2n1,6.0,8.221848749616356,1,436.4510000000002
CNc1ncc2ncnc(Nc3cc(C(=O)Nc4cc(CN5CCCC5)cc(C(F)(F)F)c4)ccc3C)c2n1,1.0,9.0,1,536.5620000000002
CNc1ncc2ncnc(Nc3cc(C(=O)Nc4cc(N(C)CCN(C)C)cc(C(F)(F)F)c4)ccc3C)c2n1,1.0,9.0,1,553.5930000000001
CNc1ncc2ncnc(Nc3cc(C(=O)Nc4cc(OCCN(C)C)cc(C(F)(F)F)c4)ccc3C)c2n1,1.0,9.0,1,540.5500000000002
CNc1ncc2ncnc(Nc3cc(C(=O)Nc4ccc(N(C)CCN(C)C)c(C(F)(F)F)c4)ccc3C)c2n1,1.0,9.0,1,553.5930000000001
CNc1nccc(-c2[nH]c(C(F)(F)F)nc2-c2cccc(NC(=O)Cc3ccc(Cl)cc3)c2)n1,24.0,7.619788758288394,1,486.88500000000016
CNc1nccc(-c2[nH]c(C3CC3)nc2-c2cccc(NC(=O)Cc3ccc(Cl)cc3)c2)n1,6.0,8.221848749616356,1,458.95300000000015
CNc1nccc(-c2[nH]c(C3CC3)nc2-c2cccc(NC(=O)Nc3ccc(Cl)c(C(F)(F)F)c3)c2)n1,18.5,7.732828271596986,1,527.9380000000001
CNc1nccc(-c2[nH]c(C3CC3)nc2-c2cccc(NS(=O)(=O)Cc3ccc(Cl)c(Cl)c3)c2)n1,303.5,6.517841304588724,1,529.4530000000001
CNc1nccc(-c2cn(C(C)C)nc2-c2cc(Cl)cc(NS(C)(=O)=O)c2F)n1,19.333333333333332,7.713693261156725,1,438.9160000000001
CNc1nccc(-c2nc(C3CC3)[nH]c2-c2cc(F)cc(NS(=O)(=O)c3c(F)cccc3F)c2Cl)n1,1.0,9.0,1,534.9510000000001
CNc1nccc(-c2nc(C3CC3)[nH]c2-c2cc(F)cc(NS(C)(=O)=O)c2Cl)n1,31.0,7.508638306165727,1,436.90000000000015
CNc1nccc(-c2nc(C3CC3)[nH]c2-c2cccc(NS(C)(=O)=O)c2F)n1,578.0,6.2380721615794705,1,402.4550000000001
CNc1nccc(C2(C(=O)Nc3cc(C(=O)Nc4ccc(Cl)c(C(F)(F)F)c4)ccc3C)CC2)n1,182.1,6.73969005420508,1,503.91200000000015
CNc1nccc(CNc2ccccc2C(=O)Nc2ccc3c(c2)OC(F)(F)O3)n1,26.0,7.585026652029182,1,413.3840000000001
CNc1nccc(Oc2ccc(NC(=O)Nc3cccc(C(F)(F)F)c3)cc2)n1,63.0,7.200659450546418,1,403.36400000000003
CNc1ncnc2[nH]cc(C(=O)c3c(F)ccc(NS(=O)(=O)c4ccc(C(F)(F)F)cc4)c3F)c12,100.0,7.0,1,511.4320000000001
CNc1ncnc2c(CNc3cc(NC(=O)c4cc(=O)c5ccccc5o4)ccc3C)cccc12,19500.0,4.709965388637482,0,465.5130000000002
CNc1ncnc2c(Nc3cc(C(=O)Nc4cc(C(C)(C)C)on4)ccc3C)ncnc12,1.0,9.0,1,432.48800000000017
CNc1ncnc2c(Nc3cc(NC(=O)c4cccc(C(C)(C)C#N)c4)ccc3C)ncnc12,1.0,9.0,1,452.5220000000002
CNc1ncnc2c(Nc3cccc(NC(=O)c4cccc(C(C)(C)C#N)c4)c3)ncnc12,13.0,7.886056647693163,1,438.4950000000002
COC(=O)C(=O)Nc1nc2ccc(C3(O)c4ccccc4C(=O)N3c3cccc(Cl)c3F)cc2[nH]1,1000.0,6.0,1,494.86600000000016
COC(=O)C(C)S(=O)(=O)Nc1cccc(C(=O)c2c[nH]c3ncc(-c4cnc(C5CC5)nc4)cc23)c1F,100.0,7.0,1,523.5460000000003
COC(=O)C1(c2ccc(-c3cnc4[nH]cc(C(=O)c5cccc(NS(=O)(=O)N6CCCC6)c5F)c4c3)cc2)CC1,100.0,7.0,1,562.6230000000002
COC(=O)C1CC2c3c(cnc4c(-c5ccc(Cl)c(O)c5)c(-c5ccncc5)nn34)CC1N2C,1.6,8.795880017344075,1,475.9360000000002
COC(=O)CCS(=O)(=O)Nc1cccc(C(=O)c2c[nH]c3ncc(-c4cnc(OC)nc4)cc23)c1F,100.0,7.0,1,513.5070000000003
COC(=O)NCCn1cc(-c2cc(NC(=O)c3cccc(C(F)(F)F)c3)ccc2C)cc(N2CCOCC2)c1=O,12.602,7.899560524720892,1,558.5570000000001
COC(=O)NCCn1cc(-c2cc(NC(=O)c3cccc(C(F)(F)F)c3)cnc2C)cc(N2CCOCC2)c1=O,103.56199999999998,6.984799571016457,1,559.5450000000001
COC(=O)NC[C@@H](C)Oc1ncc(-c2cc(NC(=O)c3cccc(C(F)(F)F)c3)cnc2C)cc1N1CCOCC1,4.12,8.385102783966865,1,573.5719999999999
COC(=O)NC[C@@H]1CN(c2cc(-c3cc(NC(=O)c4cccc(C(F)(F)F)c4)cnc3C)ccn2)CCO1,8.418000000000001,8.074791078587996,1,529.5190000000002
COC(=O)NC[C@H](C)Nc1nccc(-c2cn(C(C)C)nc2-c2cc(Cl)cc(NS(C)(=O)=O)c2F)n1,7.583333333333333,8.120139853726531,1,540.0210000000002
COC(=O)N[C@@H](C)CNc1nccc(-c2[nH]c(C3CC3)nc2-c2cc(Cl)cc(NS(C)(=O)=O)c2F)n1,0.2,9.698970004336019,1,538.0050000000002
COC(=O)N[C@@H](C)CNc1nccc(-c2c[nH]nc2-c2cc(Cl)cc(NS(C)(=O)=O)c2F)n1,30.666666666666668,7.513333427374107,1,497.9400000000002
COC(=O)N[C@@H](C)CNc1nccc(-c2cn(C(C)C)nc2-c2c(F)ccc(NS(C)(=O)=O)c2F)n1,10.916666666666666,7.961909950391861,1,523.5660000000003
COC(=O)N[C@@H](C)CNc1nccc(-c2cn(C(C)C)nc2-c2cc(C)cc(NS(C)(=O)=O)c2Cl)n1,1.8333333333333333,8.736758565225418,1,536.0580000000002
COC(=O)N[C@@H](C)CNc1nccc(-c2cn(C(C)C)nc2-c2cc(C)cc(NS(C)(=O)=O)c2F)n1,1.4583333333333333,8.83614319736133,1,519.6030000000003
COC(=O)N[C@@H](C)CNc1nccc(-c2cn(C(C)C)nc2-c2cc(Cl)cc(NS(=O)(=O)C3CC3)c2F)n1,2.0,8.698970004336019,1,566.0590000000002
COC(=O)N[C@@H](C)CNc1nccc(-c2cn(C(C)C)nc2-c2cc(Cl)cc(NS(C)(=O)=O)c2)n1,3.6666666666666665,8.435728569561437,1,522.0310000000002
COC(=O)N[C@@H](C)CNc1nccc(-c2cn(C(C)C)nc2-c2cc(Cl)cc(NS(C)(=O)=O)c2Cl)n1,6.0,8.221848749616356,1,556.4760000000002
COC(=O)N[C@@H](C)CNc1nccc(-c2cn(C(C)C)nc2-c2cc(Cl)cc(NS(C)(=O)=O)c2F)n1,1.3111111111111111,8.8823605021332,1,540.0210000000002
COC(=O)N[C@@H](C)CNc1nccc(-c2cn(C(C)C)nc2-c2cc(F)c(F)c(NS(C)(=O)=O)c2F)n1,45.0,7.346787486224656,1,541.5560000000003
COC(=O)N[C@@H](C)CNc1nccc(-c2cn(C(C)C)nc2-c2cc(F)cc(NS(=O)(=O)C3CC3)c2F)n1,23.0,7.638272163982407,1,549.6040000000003
COC(=O)N[C@@H](C)CNc1nccc(-c2cn(C(C)C)nc2-c2cc(F)cc(NS(C)(=O)=O)c2Cl)n1,1.5833333333333333,8.800427645094796,1,540.0210000000002
COC(=O)N[C@@H](C)CNc1nccc(-c2cn(C(C)C)nc2-c2cc(F)cc(NS(C)(=O)=O)c2F)n1,1.0,9.0,1,523.5660000000003
COC(=O)N[C@@H](C)CNc1nccc(-c2cn(C(C)C)nc2-c2cc(NS(C)(=O)=O)c(C)c(OC)c2)n1,3658.3333333333335,5.436716725805503,0,531.6390000000004
COC(=O)N[C@@H](C)CNc1nccc(-c2cn(C(C)C)nc2-c2ccc(F)c(NS(C)(=O)=O)c2F)n1,20.583333333333332,7.686484292787959,1,523.5660000000003
COC(=O)N[C@@H](C)CNc1nccc(-c2cn(C(C)C)nc2-c2cccc(NS(=O)(=O)CCC(F)(F)F)c2F)n1,27.0,7.568636235841013,1,587.6000000000004
COC(=O)N[C@@H](C)CNc1nccc(-c2cn(C(C)C)nc2-c2cccc(NS(C)(=O)=O)c2)n1,1150.0,5.939302159646388,0,487.58600000000024
COC(=O)N[C@@H](C)CNc1nccc(-c2cn(C(C)C)nc2-c2cccc(NS(C)(=O)=O)c2F)n1,7.416666666666667,8.129791239402712,1,505.57600000000025
COC(=O)N[C@@H](C)CNc1nccc(-c2cn(C(C)C)nc2-c2ccnc(NS(C)(=O)=O)c2Cl)n1,79.0,7.102372908709558,1,523.0190000000002
COC(=O)N[C@@H](C)CNc1nccc(-c2cn(C(C)C)nc2-c2ccnc(NS(C)(=O)=O)c2F)n1,253.33333333333334,6.596307662438871,1,506.56400000000025
COC(=O)N[C@@H](C)CNc1nccc(-c2cn(C3CCCCO3)nc2-c2cc(Cl)cc(NS(C)(=O)=O)c2F)n1,7.0,8.154901959985743,1,582.0580000000003
COC(=O)N[C@@H](C)CNc1nccc(-c2nc(-c3ccc(C(F)(F)F)cc3)[nH]c2-c2cc(F)cc(NS(C)(=O)=O)c2Cl)n1,2.0,8.698970004336019,1,642.035
COC(=O)N[C@@H](C)CNc1nccc(-c2nc(-c3ccc(F)cc3F)[nH]c2-c2cc(F)cc(NS(C)(=O)=O)c2Cl)n1,2040.0,5.690369832574102,0,610.018
COC(=O)N[C@@H](C)CNc1nccc(-c2nc(C(C)(C)C)[nH]c2-c2cc(C)cc(NS(=O)(=O)C(C)C)c2)n1,3.12,8.505845405981557,1,543.6940000000002
COC(=O)N[C@@H](C)CNc1nccc(-c2nc(C(C)(C)C)[nH]c2-c2cc(Cl)cc(NS(=O)(=O)C(C)C)c2)n1,1.35,8.869666231504993,1,564.1120000000002
COC(=O)N[C@@H](C)CNc1nccc(-c2nc(C(C)(C)C)[nH]c2-c2cc(Cl)cc(NS(=O)(=O)C(C)C)c2C)n1,67.2,7.172630726946175,1,578.1390000000001
COC(=O)N[C@@H](C)CNc1nccc(-c2nc(C(C)(C)C)[nH]c2-c2cc(Cl)cc(NS(=O)(=O)C(F)(F)F)c2)n1,235.0,6.628932137728263,1,590.0280000000004
COC(=O)N[C@@H](C)CNc1nccc(-c2nc(C(C)(C)C)[nH]c2-c2cc(Cl)cc(NS(=O)(=O)C3CC3)c2)n1,0.1,10.0,1,562.0960000000001
COC(=O)N[C@@H](C)CNc1nccc(-c2nc(C(C)(C)C)[nH]c2-c2cc(Cl)cc(NS(=O)(=O)C3CC3)c2C)n1,204.0,6.690369832574102,1,576.123
COC(=O)N[C@@H](C)CNc1nccc(-c2nc(C(C)(C)C)[nH]c2-c2cc(Cl)cc(NS(=O)(=O)CC(C)C)c2)n1,0.3,9.522878745280337,1,578.1390000000002
COC(=O)N[C@@H](C)CNc1nccc(-c2nc(C(C)(C)C)[nH]c2-c2cc(Cl)cc(NS(C)(=O)=O)c2)n1,0.32,9.494850021680094,1,536.0580000000002
COC(=O)N[C@@H](C)CNc1nccc(-c2nc(C(C)(C)C)[nH]c2-c2cc(Cl)cc(NS(C)(=O)=O)c2F)n1,0.28,9.55284196865778,1,554.0480000000002
COC(=O)N[C@@H](C)CNc1nccc(-c2nc(C(C)(C)C)[nH]c2-c2cc(F)cc(NS(C)(=O)=O)c2Cl)n1,1.0,9.0,1,554.0480000000002
COC(=O)N[C@@H](C)CNc1nccc(-c2nc(C(C)(C)C)[nH]c2-c2cc(NS(=O)(=O)C(C)C)c(C)c(OC)c2)n1,189.0,6.723538195826756,1,573.7200000000003
COC(=O)N[C@@H](C)CNc1nccc(-c2nc(C(C)(C)C)[nH]c2-c2cc(NS(=O)(=O)C(C)C)cc(OC(F)F)c2)n1,11.2,7.950781977329818,1,595.6730000000003
COC(=O)N[C@@H](C)CNc1nccc(-c2nc(C(C)(C)C)[nH]c2-c2cc(NS(=O)(=O)C3CC3)c(C)c(OC)c2)n1,157.0,6.804100347590766,1,571.7040000000003
COC(=O)N[C@@H](C)CNc1nccc(-c2nc(C(C)(C)C)[nH]c2-c2cccc(NS(=O)(=O)C(C)C)c2F)n1,0.78,9.10790539730952,1,547.6570000000003
COC(=O)N[C@@H](C)CNc1nccc(-c2nc(C(C)(C)C)[nH]c2-c2cccc(NS(=O)(=O)C3CC3)c2F)n1,0.27,9.568636235841012,1,545.6410000000003
COC(=O)N[C@@H](C)CNc1nccc(-c2nc(C(C)(C)C)[nH]c2-c2cccc(NS(=O)(=O)CCC(F)(F)F)c2F)n1,1.08,8.96657624451305,1,601.6270000000004
COC(=O)N[C@@H](C)CNc1nccc(-c2nc(C(C)(C)C)[nH]c2-c2cccc(NS(C)(=O)=O)c2)n1,34.5,7.462180904926726,1,501.6130000000002
COC(=O)N[C@@H](C)CNc1nccc(-c2nc(C(C)(C)C)[nH]c2-c2cccc(NS(C)(=O)=O)c2F)n1,0.61,9.214670164989233,1,519.6030000000002
COC(=O)N[C@@H](C)CNc1nccc(-c2nc(C3(C)CC3)[nH]c2-c2cc(C)cc(NS(C)(=O)=O)c2F)n1,1.0,9.0,1,531.6140000000003
COC(=O)N[C@@H](C)CNc1nccc(-c2nc(C3(C)CC3)[nH]c2-c2cc(Cl)cc(NS(C)(=O)=O)c2F)n1,1.0,9.0,1,552.0320000000003
COC(=O)N[C@@H](C)CNc1nccc(-c2nc(C3(C)CC3)[nH]c2-c2cccc(NS(C)(=O)=O)c2Cl)n1,1.0,9.0,1,534.0420000000003
COC(=O)N[C@@H](C)CNc1nccc(-c2nc(C3CC3)[nH]c2-c2c(F)ccc(NS(C)(=O)=O)c2Cl)n1,5.0,8.301029995663981,1,538.0050000000002
COC(=O)N[C@@H](C)CNc1nccc(-c2nc(C3CC3)[nH]c2-c2cc(C)cc(NS(=O)(=O)C(C)C)c2)n1,0.96,9.017728766960431,1,527.6510000000003
COC(=O)N[C@@H](C)CNc1nccc(-c2nc(C3CC3)[nH]c2-c2cc(C)cc(NS(=O)(=O)CC(F)(F)F)c2F)n1,0.25,9.602059991327963,1,585.5840000000003
COC(=O)N[C@@H](C)CNc1nccc(-c2nc(C3CC3)[nH]c2-c2cc(C)cc(NS(C)(=O)=O)c2Cl)n1,1.1,8.958607314841775,1,534.0420000000003
COC(=O)N[C@@H](C)CNc1nccc(-c2nc(C3CC3)[nH]c2-c2cc(C)cc(NS(C)(=O)=O)c2F)n1,0.2,9.698970004336019,1,517.5870000000002
COC(=O)N[C@@H](C)CNc1nccc(-c2nc(C3CC3)[nH]c2-c2cc(Cl)cc(NS(=O)(=O)C(C)C)c2)n1,0.63,9.200659450546418,1,548.0690000000002
COC(=O)N[C@@H](C)CNc1nccc(-c2nc(C3CC3)[nH]c2-c2cc(Cl)cc(NS(=O)(=O)C3CC3)c2F)n1,0.18,9.744727494896694,1,564.0430000000002
COC(=O)N[C@@H](C)CNc1nccc(-c2nc(C3CC3)[nH]c2-c2cc(Cl)cc(NS(=O)(=O)CC3CC3)c2F)n1,0.26,9.585026652029182,1,578.0700000000002
COC(=O)N[C@@H](C)CNc1nccc(-c2nc(C3CC3)[nH]c2-c2cc(Cl)cc(NS(=O)(=O)CCC(F)(F)F)c2F)n1,0.6,9.221848749616356,1,620.0290000000005
COC(=O)N[C@@H](C)CNc1nccc(-c2nc(C3CC3)[nH]c2-c2cc(Cl)cc(NS(=O)(=O)c3cc(F)cc(F)c3)c2F)n1,0.37,9.431798275933005,1,636.0560000000003
COC(=O)N[C@@H](C)CNc1nccc(-c2nc(C3CC3)[nH]c2-c2cc(Cl)cc(NS(=O)(=O)c3ccc(C(F)(F)F)cc3)c2F)n1,7.0,8.154901959985743,1,668.0730000000003
COC(=O)N[C@@H](C)CNc1nccc(-c2nc(C3CC3)[nH]c2-c2cc(Cl)cc(NS(=O)(=O)c3ccc(F)cc3)c2F)n1,1.0,9.0,1,618.0660000000003
COC(=O)N[C@@H](C)CNc1nccc(-c2nc(C3CC3)[nH]c2-c2cc(Cl)cc(NS(=O)(=O)c3cccc(F)c3)c2F)n1,0.33,9.481486060122112,1,618.0660000000003
COC(=O)N[C@@H](C)CNc1nccc(-c2nc(C3CC3)[nH]c2-c2cc(Cl)cc(NS(C)(=O)=O)c2)n1,0.48,9.318758762624412,1,520.0150000000002
COC(=O)N[C@@H](C)CNc1nccc(-c2nc(C3CC3)[nH]c2-c2cc(Cl)cc(NS(C)(=O)=O)c2Cl)n1,0.18,9.744727494896694,1,554.4600000000003
COC(=O)N[C@@H](C)CNc1nccc(-c2nc(C3CC3)[nH]c2-c2cc(F)cc(NS(=O)(=O)C3CC3)c2Cl)n1,0.3,9.522878745280337,1,564.0430000000002
COC(=O)N[C@@H](C)CNc1nccc(-c2nc(C3CC3)[nH]c2-c2cc(F)cc(NS(=O)(=O)c3c(F)cccc3F)c2Cl)n1,0.1,10.0,1,636.0560000000002
COC(=O)N[C@@H](C)CNc1nccc(-c2nc(C3CC3)[nH]c2-c2cc(F)cc(NS(C)(=O)=O)c2Cl)n1,0.4,9.397940008672037,1,538.0050000000002
COC(=O)N[C@@H](C)CNc1nccc(-c2nc(C3CC3)[nH]c2-c2cc(F)cc(NS(C)(=O)=O)c2F)n1,0.2,9.698970004336019,1,521.5500000000002
COC(=O)N[C@@H](C)CNc1nccc(-c2nc(C3CC3)[nH]c2-c2cccc(NS(C)(=O)=O)c2)n1,8.0,8.096910013008056,1,485.5700000000002
COC(=O)N[C@@H](C)CNc1nccc(-c2nc(C3CC3)[nH]c2-c2cccc(NS(C)(=O)=O)c2Cl)n1,0.47,9.327902142064282,1,520.0150000000002
COC(=O)N[C@@H](C)CNc1nccc(-c2nc(C3CC3)[nH]c2-c2cccc(NS(C)(=O)=O)c2F)n1,0.55,9.259637310505756,1,503.56000000000023
COC(=O)N[C@@H](C)CNc1nccc(-c2nc(C3CCC3)[nH]c2-c2cc(Cl)cc(NS(C)(=O)=O)c2F)n1,0.23,9.638272163982407,1,552.0320000000003
COC(=O)N[C@@H](C)CNc1nccc(-c2nc(C3CCC3)[nH]c2-c2cc(F)cc(NS(C)(=O)=O)c2Cl)n1,1.0,9.0,1,552.0320000000003
COC(=O)N[C@@H](C)CNc1nccc(C2=C(c3cc(Cl)cc(NS(=O)(=O)c4cc(F)ccc4F)c3F)C(=O)C(C)(C)O2)n1,50.0,7.301029995663981,1,640.0400000000001
COC(=O)N[C@@H](C)CNc1nccc(C2=C(c3cccc(NS(=O)(=O)c4c(F)cccc4F)c3F)C(=O)C(C)(C)O2)n1,97.0,7.013228265733755,1,605.595
COC(=O)N[C@@H](C)CNc1nccc(C2=C(c3cccc(NS(=O)(=O)c4c(F)cccc4F)c3F)C(=O)C(C)(CC(C)C)O2)n1,27.0,7.568636235841013,1,647.6759999999999
COC(=O)N[C@H](C)CNc1nccc(-c2cn(C(C)C)nc2-c2cc(Cl)cc(NS(C)(=O)=O)c2F)n1,1.8333333333333333,8.736758565225418,1,540.0210000000002
COC(=O)N[C@H](C)CNc1nccc(-c2nc(C3CC3)[nH]c2-c2cc(F)cc(NS(C)(=O)=O)c2Cl)n1,11.0,7.958607314841775,1,538.0050000000002
COC(=O)Nc1nc2cc(C(=O)c3ccccc3C(=O)NNc3ccccc3)ccc2[nH]1,100.0,7.0,1,429.43600000000004
COC(=O)Nc1nc2cc(C(=O)c3ccccc3C(=O)NOc3ccccc3)ccc2[nH]1,100.0,7.0,1,430.4200000000001
COC(=O)Nc1nc2cc(C(=O)c3ccccc3C(=O)OCc3ccccc3)ccc2[nH]1,100.0,7.0,1,429.43200000000013
COC(=O)Nc1nc2cc(C(=O)c3ccccc3NC(=O)Nc3ccccc3)ccc2[nH]1,100.0,7.0,1,429.4360000000001
COC(=O)Nc1nc2cc(C(=O)c3ccccc3NC(=O)OCc3ccccc3)ccc2[nH]1,1000.0,6.0,1,444.4470000000002
COC(=O)Nc1nc2cc(C3(O)NC(=O)c4ccccc43)ccc2[nH]1,10000.0,5.0,0,338.32300000000004
COC(=O)Nc1nc2cc(C3(O)c4c(F)cccc4C(=O)N3c3c(C)cccc3Cl)ccc2[nH]1,100.0,7.0,1,480.8830000000002
COC(=O)Nc1nc2cc(C3(O)c4ccccc4C(=O)N3C(C)c3cc(Br)cs3)ccc2[nH]1,100.0,7.0,1,527.4000000000001
COC(=O)Nc1nc2cc(C3(O)c4ccccc4C(=O)N3C(C)c3cc(C)cs3)ccc2[nH]1,100.0,7.0,1,462.5310000000002
COC(=O)Nc1nc2cc(C3(O)c4ccccc4C(=O)N3C(C)c3cc(Cl)ccc3C)ccc2[nH]1,1000.0,6.0,1,490.9470000000002
COC(=O)Nc1nc2cc(C3(O)c4ccccc4C(=O)N3C(C)c3cc(Cl)cs3)ccc2[nH]1,100.0,7.0,1,482.9490000000001
COC(=O)Nc1nc2cc(C3(O)c4ccccc4C(=O)N3C(C)c3cc(F)cc(F)c3)ccc2[nH]1,1000.0,6.0,1,478.45500000000015
COC(=O)Nc1nc2cc(C3(O)c4ccccc4C(=O)N3C(C)c3ccc(Br)s3)ccc2[nH]1,100.0,7.0,1,527.4000000000001
COC(=O)Nc1nc2cc(C3(O)c4ccccc4C(=O)N3C(C)c3ccc(C)s3)ccc2[nH]1,100.0,7.0,1,462.5310000000002
COC(=O)Nc1nc2cc(C3(O)c4ccccc4C(=O)N3C(C)c3ccc(Cl)s3)ccc2[nH]1,100.0,7.0,1,482.9490000000001
COC(=O)Nc1nc2cc(C3(O)c4ccccc4C(=O)N3C(C)c3cccc(C(F)(F)F)c3)ccc2[nH]1,1000.0,6.0,1,510.47200000000015
COC(=O)Nc1nc2cc(C3(O)c4ccccc4C(=O)N3C(C)c3cccc(Cl)c3)ccc2[nH]1,100.0,7.0,1,476.92000000000013
COC(=O)Nc1nc2cc(C3(O)c4ccccc4C(=O)N3C(C)c3cccc(Cl)c3C)ccc2[nH]1,1000.0,6.0,1,490.9470000000002
COC(=O)Nc1nc2cc(C3(O)c4ccccc4C(=O)N3C(C)c3cccc(F)c3)ccc2[nH]1,100.0,7.0,1,460.46500000000015
COC(=O)Nc1nc2cc(C3(O)c4ccccc4C(=O)N3C(C)c3ccccc3F)ccc2[nH]1,1000.0,6.0,1,460.46500000000015
COC(=O)Nc1nc2cc(C3(O)c4ccccc4C(=O)N3C(C)c3cccs3)ccc2[nH]1,100.0,7.0,1,448.50400000000013
COC(=O)Nc1nc2cc(C3(O)c4ccccc4C(=O)N3C(C)c3sccc3Cl)ccc2[nH]1,1000.0,6.0,1,482.9490000000001
COC(=O)Nc1nc2cc(C3(O)c4ccccc4C(=O)N3C3CCCCC3)ccc2[nH]1,100.0,7.0,1,420.4690000000003
COC(=O)Nc1nc2cc(C3(O)c4ccccc4C(=O)N3C3CCc4ccccc43)ccc2[nH]1,100.0,7.0,1,454.4860000000002
COC(=O)Nc1nc2cc(C3(O)c4ccccc4C(=O)N3C3Cc4ccccc4C3)ccc2[nH]1,10000.0,5.0,0,454.4860000000002
COC(=O)Nc1nc2cc(C3(O)c4ccccc4C(=O)N3CC(C)(C)C)ccc2[nH]1,1000.0,6.0,1,408.4580000000002
COC(=O)Nc1nc2cc(C3(O)c4ccccc4C(=O)N3CC(C)C)ccc2[nH]1,100.0,7.0,1,394.43100000000015
COC(=O)Nc1nc2cc(C3(O)c4ccccc4C(=O)N3CC3CC3)ccc2[nH]1,100.0,7.0,1,392.4150000000002
COC(=O)Nc1nc2cc(C3(O)c4ccccc4C(=O)N3CC3CCC3)ccc2[nH]1,100.0,7.0,1,406.44200000000023
COC(=O)Nc1nc2cc(C3(O)c4ccccc4C(=O)N3CC3CCCC3)ccc2[nH]1,100.0,7.0,1,420.4690000000003
COC(=O)Nc1nc2cc(C3(O)c4ccccc4C(=O)N3CC3CCCCC3)ccc2[nH]1,100.0,7.0,1,434.4960000000003
COC(=O)Nc1nc2cc(C3(O)c4ccccc4C(=O)N3CC3CCCN3)ccc2[nH]1,1000.0,6.0,1,421.4570000000002
COC(=O)Nc1nc2cc(C3(O)c4ccccc4C(=O)N3CC3CCCO3)ccc2[nH]1,100.0,7.0,1,422.44100000000026
COC(=O)Nc1nc2cc(C3(O)c4ccccc4C(=O)N3CC3CCNC3)ccc2[nH]1,1000.0,6.0,1,421.4570000000002
COC(=O)Nc1nc2cc(C3(O)c4ccccc4C(=O)N3CCc3ccccc3)ccc2[nH]1,1000.0,6.0,1,442.4750000000002
COC(=O)Nc1nc2cc(C3(O)c4ccccc4C(=O)N3Cc3ccc(C)cc3)ccc2[nH]1,1000.0,6.0,1,442.4750000000002
COC(=O)Nc1nc2cc(C3(O)c4ccccc4C(=O)N3Cc3ccc(OC)cc3)ccc2[nH]1,10000.0,5.0,0,458.4740000000002
COC(=O)Nc1nc2cc(C3(O)c4ccccc4C(=O)N3Cc3cccc(C)c3)ccc2[nH]1,100.0,7.0,1,442.4750000000002
COC(=O)Nc1nc2cc(C3(O)c4ccccc4C(=O)N3Cc3cccc(Cl)c3)ccc2[nH]1,100.0,7.0,1,462.8930000000002
COC(=O)Nc1nc2cc(C3(O)c4ccccc4C(=O)N3Cc3cccc(I)c3)ccc2[nH]1,100.0,7.0,1,554.3440000000002
COC(=O)Nc1nc2cc(C3(O)c4ccccc4C(=O)N3Cc3cccc(OC)c3)ccc2[nH]1,100.0,7.0,1,458.4740000000002
COC(=O)Nc1nc2cc(C3(O)c4ccccc4C(=O)N3Cc3ccccc3)ccc2[nH]1,100.0,7.0,1,428.44800000000015
COC(=O)Nc1nc2cc(C3(O)c4ccccc4C(=O)N3Cc3ccccc3)ccc2n1C,10000.0,5.0,0,442.4750000000002
COC(=O)Nc1nc2cc(C3(O)c4ccccc4C(=O)N3Cc3ccccc3Br)ccc2[nH]1,100.0,7.0,1,507.34400000000016
COC(=O)Nc1nc2cc(C3(O)c4ccccc4C(=O)N3Cc3ccccc3C)ccc2[nH]1,100.0,7.0,1,442.4750000000002
COC(=O)Nc1nc2cc(C3(O)c4ccccc4C(=O)N3Cc3ccccc3Cl)ccc2[nH]1,100.0,7.0,1,462.8930000000002
COC(=O)Nc1nc2cc(C3(O)c4ccccc4C(=O)N3Cc3ccccc3F)ccc2[nH]1,100.0,7.0,1,446.43800000000016
COC(=O)Nc1nc2cc(C3(O)c4ccccc4C(=O)N3Cc3ccccc3OC)ccc2[nH]1,1000.0,6.0,1,458.4740000000002
COC(=O)Nc1nc2cc(C3(O)c4ccccc4C(=O)N3Cc3ccccn3)ccc2[nH]1,100.0,7.0,1,429.43600000000015
COC(=O)Nc1nc2cc(C3(O)c4ccccc4C(=O)N3Cc3cccnc3)ccc2[nH]1,100.0,7.0,1,429.43600000000015
COC(=O)Nc1nc2cc(C3(O)c4ccccc4C(=O)N3Cc3ccco3)ccc2[nH]1,100.0,7.0,1,418.40900000000016
COC(=O)Nc1nc2cc(C3(O)c4ccccc4C(=O)N3Cc3cccs3)ccc2[nH]1,100.0,7.0,1,434.47700000000015
COC(=O)Nc1nc2cc(C3(O)c4ccccc4C(=O)N3Cc3ccncc3)ccc2[nH]1,10000.0,5.0,0,429.43600000000015
COC(=O)Nc1nc2cc(C3(O)c4ccccc4C(=O)N3Cc3ccsc3)ccc2[nH]1,100.0,7.0,1,434.47700000000015
COC(=O)Nc1nc2cc(C3(O)c4ccccc4C(=O)N3Cc3nccs3)ccc2[nH]1,100.0,7.0,1,435.46500000000015
COC(=O)Nc1nc2cc(C3(O)c4ccccc4C(=O)N3S(=O)(=O)c3ccccc3)ccc2[nH]1,1000.0,6.0,1,478.48600000000016
COC(=O)Nc1nc2cc(C3(O)c4ccccc4C(=O)N3[C@@H](C)C(=O)OC3CCCCC3)ccc2[nH]1,1000.0,6.0,1,492.5320000000004
COC(=O)Nc1nc2cc(C3(O)c4ccccc4C(=O)N3[C@@H](C)c3ccccc3)ccc2[nH]1,1000.0,6.0,1,442.47500000000014
COC(=O)Nc1nc2cc(C3(O)c4ccccc4C(=O)N3[C@H](C)c3ccccc3)ccc2[nH]1,100.0,7.0,1,442.47500000000014
COC(=O)Nc1nc2cc(C3(O)c4ccccc4C(=O)N3c3c(C)cccc3Br)ccc2[nH]1,100.0,7.0,1,507.34400000000016
COC(=O)Nc1nc2cc(C3(O)c4ccccc4C(=O)N3c3c(C)cccc3Cl)ccc2[nH]1,100.0,7.0,1,462.8930000000002
COC(=O)Nc1nc2cc(C3(O)c4ccccc4C(=O)N3c3c(Cl)ccc(F)c3F)ccc2[nH]1,100.0,7.0,1,484.8460000000002
COC(=O)Nc1nc2cc(C3(O)c4ccccc4C(=O)N3c3c(Cl)ccc(I)c3C)ccc2[nH]1,100.0,7.0,1,588.7890000000001
COC(=O)Nc1nc2cc(C3(O)c4ccccc4C(=O)N3c3c(F)ccc(Br)c3F)ccc2[nH]1,100.0,7.0,1,529.2970000000001
COC(=O)Nc1nc2cc(C3(O)c4ccccc4C(=O)N3c3c(F)ccc(Cl)c3F)ccc2[nH]1,100.0,7.0,1,484.8460000000002
COC(=O)Nc1nc2cc(C3(O)c4ccccc4C(=O)N3c3c(F)cccc3F)ccc2[nH]1,100.0,7.0,1,450.4010000000001
COC(=O)Nc1nc2cc(C3(O)c4ccccc4C(=O)N3c3c(F)cccc3OC)ccc2[nH]1,100.0,7.0,1,462.4370000000002
COC(=O)Nc1nc2cc(C3(O)c4ccccc4C(=O)N3c3cc(Br)c(F)cc3F)ccc2[nH]1,100.0,7.0,1,529.2970000000001
COC(=O)Nc1nc2cc(C3(O)c4ccccc4C(=O)N3c3cc(Br)ccc3F)ccc2[nH]1,100.0,7.0,1,511.30700000000013
COC(=O)Nc1nc2cc(C3(O)c4ccccc4C(=O)N3c3cc(C)cc(C(F)(F)F)c3)ccc2[nH]1,100.0,7.0,1,496.44500000000016
COC(=O)Nc1nc2cc(C3(O)c4ccccc4C(=O)N3c3cc(C)cc(C)c3)ccc2[nH]1,100.0,7.0,1,442.4750000000002
COC(=O)Nc1nc2cc(C3(O)c4ccccc4C(=O)N3c3cc(C)ccc3C)ccc2[nH]1,100.0,7.0,1,442.4750000000002
COC(=O)Nc1nc2cc(C3(O)c4ccccc4C(=O)N3c3cc(C)ccc3F)ccc2[nH]1,100.0,7.0,1,446.43800000000016
COC(=O)Nc1nc2cc(C3(O)c4ccccc4C(=O)N3c3cc(C)ccc3OC)ccc2[nH]1,100.0,7.0,1,458.4740000000002
COC(=O)Nc1nc2cc(C3(O)c4ccccc4C(=O)N3c3cc(Cl)c(Cl)cc3F)ccc2[nH]1,100.0,7.0,1,501.3010000000002
COC(=O)Nc1nc2cc(C3(O)c4ccccc4C(=O)N3c3cc(Cl)c(F)c(Cl)c3)ccc2[nH]1,1000.0,6.0,1,501.3010000000002
COC(=O)Nc1nc2cc(C3(O)c4ccccc4C(=O)N3c3cc(Cl)c(F)cc3F)ccc2[nH]1,100.0,7.0,1,484.8460000000002
COC(=O)Nc1nc2cc(C3(O)c4ccccc4C(=O)N3c3cc(Cl)cc(Cl)c3)ccc2[nH]1,100.0,7.0,1,483.3110000000002
COC(=O)Nc1nc2cc(C3(O)c4ccccc4C(=O)N3c3cc(Cl)ccc3C)ccc2[nH]1,1003.0,5.998699066979582,0,462.8930000000002
COC(=O)Nc1nc2cc(C3(O)c4ccccc4C(=O)N3c3cc(Cl)ccc3F)ccc2[nH]1,100.0,7.0,1,466.85600000000017
COC(=O)Nc1nc2cc(C3(O)c4ccccc4C(=O)N3c3cc(Cl)ccc3OC)ccc2[nH]1,100.0,7.0,1,478.8920000000002
COC(=O)Nc1nc2cc(C3(O)c4ccccc4C(=O)N3c3cc(F)cc(Cl)c3)ccc2[nH]1,100.0,7.0,1,466.85600000000017
COC(=O)Nc1nc2cc(C3(O)c4ccccc4C(=O)N3c3cc(F)cc(F)c3)ccc2[nH]1,100.0,7.0,1,450.4010000000001
COC(=O)Nc1nc2cc(C3(O)c4ccccc4C(=O)N3c3cc(F)ccc3F)ccc2[nH]1,100.0,7.0,1,450.4010000000001
COC(=O)Nc1nc2cc(C3(O)c4ccccc4C(=O)N3c3cc(OC)ccc3C)ccc2[nH]1,100.0,7.0,1,458.4740000000002
COC(=O)Nc1nc2cc(C3(O)c4ccccc4C(=O)N3c3ccc(Br)cc3)ccc2[nH]1,100.0,7.0,1,493.3170000000001
COC(=O)Nc1nc2cc(C3(O)c4ccccc4C(=O)N3c3ccc(C)cc3)ccc2[nH]1,100.0,7.0,1,428.44800000000015
COC(=O)Nc1nc2cc(C3(O)c4ccccc4C(=O)N3c3ccc(Cl)c(C)c3)ccc2[nH]1,100.0,7.0,1,462.8930000000002
COC(=O)Nc1nc2cc(C3(O)c4ccccc4C(=O)N3c3ccc(Cl)c(Cl)c3)ccc2[nH]1,100.0,7.0,1,483.3110000000002
COC(=O)Nc1nc2cc(C3(O)c4ccccc4C(=O)N3c3ccc(Cl)cc3)ccc2[nH]1,100.0,7.0,1,448.86600000000016
COC(=O)Nc1nc2cc(C3(O)c4ccccc4C(=O)N3c3ccc(F)c(Br)c3)ccc2[nH]1,100.0,7.0,1,511.30700000000013
COC(=O)Nc1nc2cc(C3(O)c4ccccc4C(=O)N3c3ccc(F)c(C)c3)ccc2[nH]1,100.0,7.0,1,446.43800000000016
COC(=O)Nc1nc2cc(C3(O)c4ccccc4C(=O)N3c3ccc(F)c(Cl)c3)ccc2[nH]1,100.0,7.0,1,466.85600000000017
COC(=O)Nc1nc2cc(C3(O)c4ccccc4C(=O)N3c3ccc(F)c(Cl)c3F)ccc2[nH]1,100.0,7.0,1,484.8460000000002
COC(=O)Nc1nc2cc(C3(O)c4ccccc4C(=O)N3c3ccc(F)c(F)c3)ccc2[nH]1,100.0,7.0,1,450.4010000000001
COC(=O)Nc1nc2cc(C3(O)c4ccccc4C(=O)N3c3ccc(F)cc3)ccc2[nH]1,100.0,7.0,1,432.4110000000001
COC(=O)Nc1nc2cc(C3(O)c4ccccc4C(=O)N3c3ccc(OC)cc3)ccc2[nH]1,1000.0,6.0,1,444.4470000000002
COC(=O)Nc1nc2cc(C3(O)c4ccccc4C(=O)N3c3cccc(-c4ccccc4)c3)ccc2[nH]1,1000.0,6.0,1,490.5190000000002
COC(=O)Nc1nc2cc(C3(O)c4ccccc4C(=O)N3c3cccc(Br)c3)ccc2[nH]1,100.0,7.0,1,493.3170000000001
COC(=O)Nc1nc2cc(C3(O)c4ccccc4C(=O)N3c3cccc(Br)c3F)ccc2[nH]1,100.0,7.0,1,511.30700000000013
COC(=O)Nc1nc2cc(C3(O)c4ccccc4C(=O)N3c3cccc(C#N)c3)ccc2[nH]1,100.0,7.0,1,439.43100000000015
COC(=O)Nc1nc2cc(C3(O)c4ccccc4C(=O)N3c3cccc(C(=O)c4ccccc4)c3)ccc2[nH]1,1000.0,6.0,1,518.5290000000002
COC(=O)Nc1nc2cc(C3(O)c4ccccc4C(=O)N3c3cccc(C(C)(C)C)c3)ccc2[nH]1,100.0,7.0,1,470.5290000000002
COC(=O)Nc1nc2cc(C3(O)c4ccccc4C(=O)N3c3cccc(C(C)=O)c3)ccc2[nH]1,100.0,7.0,1,456.4580000000002
COC(=O)Nc1nc2cc(C3(O)c4ccccc4C(=O)N3c3cccc(C(C)C)c3)ccc2[nH]1,100.0,7.0,1,456.5020000000002
COC(=O)Nc1nc2cc(C3(O)c4ccccc4C(=O)N3c3cccc(C(F)(F)F)c3)ccc2[nH]1,100.0,7.0,1,482.4180000000001
COC(=O)Nc1nc2cc(C3(O)c4ccccc4C(=O)N3c3cccc(C(N)=O)c3)ccc2[nH]1,100.0,7.0,1,457.4460000000002
COC(=O)Nc1nc2cc(C3(O)c4ccccc4C(=O)N3c3cccc(C)c3)ccc2[nH]1,100.0,7.0,1,428.44800000000015
COC(=O)Nc1nc2cc(C3(O)c4ccccc4C(=O)N3c3cccc(C)c3C)ccc2[nH]1,100.0,7.0,1,442.4750000000002
COC(=O)Nc1nc2cc(C3(O)c4ccccc4C(=O)N3c3cccc(C4CCNCC4)c3)ccc2[nH]1,100.0,7.0,1,497.5550000000003
COC(=O)Nc1nc2cc(C3(O)c4ccccc4C(=O)N3c3cccc(CN(C)C)c3)ccc2[nH]1,100.0,7.0,1,471.5170000000002
COC(=O)Nc1nc2cc(C3(O)c4ccccc4C(=O)N3c3cccc(Cc4ccccc4)c3)ccc2[nH]1,100.0,7.0,1,504.5460000000002
COC(=O)Nc1nc2cc(C3(O)c4ccccc4C(=O)N3c3cccc(Cl)c3)ccc2[nH]1,100.0,7.0,1,448.86600000000016
COC(=O)Nc1nc2cc(C3(O)c4ccccc4C(=O)N3c3cccc(Cl)c3C)ccc2[nH]1,100.0,7.0,1,462.8930000000002
COC(=O)Nc1nc2cc(C3(O)c4ccccc4C(=O)N3c3cccc(Cl)c3F)ccc2[nH]1,100.0,7.0,1,466.85600000000017
COC(=O)Nc1nc2cc(C3(O)c4ccccc4C(=O)N3c3cccc(F)c3)ccc2[nH]1,100.0,7.0,1,432.4110000000001
COC(=O)Nc1nc2cc(C3(O)c4ccccc4C(=O)N3c3cccc(F)c3F)ccc2[nH]1,100.0,7.0,1,450.4010000000001
COC(=O)Nc1nc2cc(C3(O)c4ccccc4C(=O)N3c3cccc(I)c3)ccc2[nH]1,100.0,7.0,1,540.3170000000001
COC(=O)Nc1nc2cc(C3(O)c4ccccc4C(=O)N3c3cccc(I)c3F)ccc2[nH]1,100.0,7.0,1,558.3070000000001
COC(=O)Nc1nc2cc(C3(O)c4ccccc4C(=O)N3c3cccc(N(C)C)c3)ccc2[nH]1,100.0,7.0,1,457.4900000000002
COC(=O)Nc1nc2cc(C3(O)c4ccccc4C(=O)N3c3cccc(N(C)C4CCCCC4)c3)ccc2[nH]1,100.0,7.0,1,525.6090000000004
COC(=O)Nc1nc2cc(C3(O)c4ccccc4C(=O)N3c3cccc(N(C)c4ccccc4)c3)ccc2[nH]1,100.0,7.0,1,519.5610000000003
COC(=O)Nc1nc2cc(C3(O)c4ccccc4C(=O)N3c3cccc(N)c3)ccc2[nH]1,100.0,7.0,1,429.43600000000015
COC(=O)Nc1nc2cc(C3(O)c4ccccc4C(=O)N3c3cccc(N4CCCC4)c3)ccc2[nH]1,1000.0,6.0,1,483.5280000000003
COC(=O)Nc1nc2cc(C3(O)c4ccccc4C(=O)N3c3cccc(N4CCOCC4)c3)ccc2[nH]1,1000.0,6.0,1,499.5270000000003
COC(=O)Nc1nc2cc(C3(O)c4ccccc4C(=O)N3c3cccc(NC(C)=O)c3)ccc2[nH]1,100.0,7.0,1,471.4730000000002
COC(=O)Nc1nc2cc(C3(O)c4ccccc4C(=O)N3c3cccc(Nc4ccccc4)c3)ccc2[nH]1,100.0,7.0,1,505.53400000000016
COC(=O)Nc1nc2cc(C3(O)c4ccccc4C(=O)N3c3cccc(OC(F)(F)C(F)F)c3)ccc2[nH]1,1000.0,6.0,1,530.4340000000001
COC(=O)Nc1nc2cc(C3(O)c4ccccc4C(=O)N3c3cccc(OC)c3)ccc2[nH]1,100.0,7.0,1,444.4470000000002
COC(=O)Nc1nc2cc(C3(O)c4ccccc4C(=O)N3c3cccc(OCCN(C)C)c3)ccc2[nH]1,1000.0,6.0,1,501.5430000000003
COC(=O)Nc1nc2cc(C3(O)c4ccccc4C(=O)N3c3cccc(OCc4ccccc4)c3)ccc2[nH]1,100.0,7.0,1,520.5450000000003
COC(=O)Nc1nc2cc(C3(O)c4ccccc4C(=O)N3c3cccc(Oc4ccccc4)c3)ccc2[nH]1,100.0,7.0,1,506.5180000000002
COC(=O)Nc1nc2cc(C3(O)c4ccccc4C(=O)N3c3cccc(S(C)(=O)=O)c3)ccc2[nH]1,100.0,7.0,1,492.5130000000002
COC(=O)Nc1nc2cc(C3(O)c4ccccc4C(=O)N3c3cccc(S(N)(=O)=O)c3)ccc2[nH]1,100.0,7.0,1,493.5010000000002
COC(=O)Nc1nc2cc(C3(O)c4ccccc4C(=O)N3c3ccccc3C)ccc2[nH]1,100.0,7.0,1,428.44800000000015
COC(=O)Nc1nc2cc(C3(O)c4ccccc4C(=O)N3c3ccccc3Cl)ccc2[nH]1,100.0,7.0,1,448.86600000000016
COC(=O)Nc1nc2cc(C3(O)c4ccccc4C(=O)N3c3ccccc3F)ccc2[nH]1,100.0,7.0,1,432.4110000000001
COC(=O)Nc1nc2cc(C3(O)c4ccccc4C(=O)N3c3ccccc3OC(F)(F)F)ccc2[nH]1,100.0,7.0,1,498.41700000000014
COC(=O)Nc1nc2cc(C3(O)c4ccccc4C(=O)N3c3ccccc3OC)ccc2[nH]1,100.0,7.0,1,444.4470000000002
COC(=O)Nc1nc2cc(C3(O)c4ccccc4C(=O)N3c3cccnc3)ccc2[nH]1,100.0,7.0,1,415.4090000000001
COC(=O)Nc1nc2cc(C3c4ccccc4C(=O)N3c3cccc(Br)c3)ccc2[nH]1,100.0,7.0,1,477.3180000000001
COC(=O)Nc1nc2ccc(C(=O)c3ccccc3C(=O)NCc3cccs3)cc2[nH]1,100.0,7.0,1,434.47700000000015
COC(=O)Nc1nc2ccc(C(=O)c3ccccc3C(=O)NCc3ccsc3)cc2[nH]1,100.0,7.0,1,434.47700000000015
COC(=O)Nc1nc2ccc(C(=O)c3ccccc3C(=O)Nc3c(F)cccc3Cl)cc2[nH]1,100.0,7.0,1,466.85600000000017
COC(=O)Nc1nc2ccc(C(=O)c3ccccc3C(=O)Nc3cc(Br)c(F)cc3F)cc2[nH]1,100.0,7.0,1,529.2970000000001
COC(=O)Nc1nc2ccc(C(=O)c3ccccc3C(=O)Nc3cc(Br)ccc3C)cc2[nH]1,100.0,7.0,1,507.34400000000016
COC(=O)Nc1nc2ccc(C(=O)c3ccccc3C(=O)Nc3cc(Br)ccc3F)cc2[nH]1,100.0,7.0,1,511.30700000000013
COC(=O)Nc1nc2ccc(C(=O)c3ccccc3C(=O)Nc3cc(C)ccc3F)cc2[nH]1,100.0,7.0,1,446.43800000000016
COC(=O)Nc1nc2ccc(C(=O)c3ccccc3C(=O)Nc3cc(Cl)c(F)cc3F)cc2[nH]1,100.0,7.0,1,484.8460000000002
COC(=O)Nc1nc2ccc(C(=O)c3ccccc3C(=O)Nc3cc(Cl)ccc3C)cc2[nH]1,100.0,7.0,1,462.8930000000002
COC(=O)Nc1nc2ccc(C(=O)c3ccccc3C(=O)Nc3ccc(F)c(Br)c3)cc2[nH]1,100.0,7.0,1,511.30700000000013
COC(=O)Nc1nc2ccc(C(=O)c3ccccc3C(=O)Nc3ccc(F)c(C)c3)cc2[nH]1,100.0,7.0,1,446.43800000000016
COC(=O)Nc1nc2ccc(C(=O)c3ccccc3C(=O)Nc3ccc(F)c(Cl)c3)cc2[nH]1,100.0,7.0,1,466.85600000000017
COC(=O)Nc1nc2ccc(C(=O)c3ccccc3C(=O)Nc3cccc(Br)c3)cc2[nH]1,100.0,7.0,1,493.3170000000001
COC(=O)Nc1nc2ccc(C(=O)c3ccccc3C(=O)Nc3cccc(Br)c3F)cc2[nH]1,100.0,7.0,1,511.30700000000013
COC(=O)Nc1nc2ccc(C(=O)c3ccccc3C(=O)Nc3cccc(C(C)C)c3)cc2[nH]1,100.0,7.0,1,456.5020000000002
COC(=O)Nc1nc2ccc(C(=O)c3ccccc3C(=O)Nc3cccc(C(F)(F)F)c3)cc2[nH]1,100.0,7.0,1,482.4180000000001
COC(=O)Nc1nc2ccc(C(=O)c3ccccc3C(=O)Nc3cccc(C)c3)cc2[nH]1,100.0,7.0,1,428.44800000000015
COC(=O)Nc1nc2ccc(C(=O)c3ccccc3C(=O)Nc3cccc(Cl)c3)cc2[nH]1,100.0,7.0,1,448.86600000000016
COC(=O)Nc1nc2ccc(C(=O)c3ccccc3C(=O)Nc3cccc(Cl)c3F)cc2[nH]1,100.0,7.0,1,466.85600000000017
COC(=O)Nc1nc2ccc(C(=O)c3ccccc3C(=O)Nc3cccc(F)c3)cc2[nH]1,100.0,7.0,1,432.4110000000001
COC(=O)Nc1nc2ccc(C(=O)c3ccccc3C(=O)Nc3cccc(I)c3)cc2[nH]1,100.0,7.0,1,540.3170000000001
COC(=O)Nc1nc2ccc(C(=O)c3ccccc3C(=O)Nc3cccc(I)c3F)cc2[nH]1,100.0,7.0,1,558.3070000000001
COC(=O)Nc1nc2ccc(C(=O)c3ccccc3C(=O)Nc3cccc(OC)c3)cc2[nH]1,100.0,7.0,1,444.4470000000002
COC(=O)Nc1nc2ccc(C(=O)c3ccccc3NC(=O)c3ccccc3)cc2[nH]1,1000.0,6.0,1,414.4210000000001
COC(=O)Nc1nc2ccc(C3(C)c4ccccc4C(=O)N3c3cccc(Br)c3)cc2[nH]1,100.0,7.0,1,491.34500000000014
COC(=O)Nc1nc2ccc(C3(C)c4ccccc4C(=O)N3c3cccc(C(F)(F)F)c3)cc2[nH]1,100.0,7.0,1,480.44600000000014
COC(=O)Nc1nc2ccc(C3(O)C4=CC(Cl)(Cl)CC=C4C(=O)N3c3cccc(Br)c3)cc2[nH]1,1000.0,6.0,1,564.2230000000002
COC(=O)Nc1nc2ccc(C3(O)c4c(Cl)ccc(Cl)c4C(=O)N3c3cccc(Cl)c3F)cc2[nH]1,1000.0,6.0,1,535.7460000000002
COC(=O)Nc1nc2ccc(C3(O)c4c(F)ccc(F)c4C(=O)N3c3c(C)cccc3Cl)cc2[nH]1,100.0,7.0,1,498.8730000000002
COC(=O)Nc1nc2ccc(C3(O)c4c(F)ccc(F)c4C(=O)N3c3cccc(Br)c3)cc2[nH]1,100.0,7.0,1,529.2970000000001
COC(=O)Nc1nc2ccc(C3(O)c4c(F)ccc(F)c4C(=O)N3c3cccc(Cl)c3F)cc2[nH]1,100.0,7.0,1,502.8360000000002
COC(=O)Nc1nc2ccc(C3(O)c4c(F)cccc4C(=O)N3c3cccc(Cl)c3F)cc2[nH]1,100.0,7.0,1,484.8460000000002
COC(=O)Nc1nc2ccc(C3(O)c4ccccc4C(=O)N3Cc3ccc(F)cc3)cc2[nH]1,100.0,7.0,1,446.43800000000016
COC(=O)Nc1nc2ccc(C3(O)c4ccccc4C(=O)N3Cc3cccc(Br)c3)cc2[nH]1,100.0,7.0,1,507.34400000000016
COC(=O)Nc1nc2ccc(C3(O)c4ccccc4C(=O)N3Cc3cccc(F)c3)cc2[nH]1,100.0,7.0,1,446.43800000000016
COC(=O)Nc1nc2ccc(C3(O)c4ccccc4C(=O)N3Cc3ccccc3)cc2n1C,10000.0,5.0,0,442.4750000000002
COC(=O)Nc1nc2ccc(C3(O)c4ccccc4C(=O)N3c3cc(N)cc(Cl)c3)cc2[nH]1,100.0,7.0,1,463.88100000000014
COC(=O)Nc1nc2ccc(C3(O)c4ccccc4C(=O)N3c3ccc(Cl)c(Cl)c3F)cc2[nH]1,100.0,7.0,1,501.3010000000002
COC(=O)Nc1nc2ccc(C3(O)c4ccccc4C(=O)N3c3cccc(C)c3F)cc2[nH]1,100.0,7.0,1,446.43800000000016
COC(=O)Nc1nc2ccc(C3(O)c4ccccc4C(=O)N3c3cccc(OC)c3F)cc2[nH]1,100.0,7.0,1,462.4370000000002
COC(=O)Nc1nc2ccc(C3(O)c4ccccc4C(=O)N3c3ccccc3)cc2[nH]1,100.0,7.0,1,414.4210000000001
COC(=O)Nc1nc2ccc(C3(O)c4ccccc4C(=O)N3c3ccccc3Oc3ccccc3)cc2[nH]1,100.0,7.0,1,506.5180000000002
COC(=O)Nc1nc2ccc(C3CCC(=O)N3c3cccc(Br)c3)cc2[nH]1,1000.0,6.0,1,429.274
COC(=O)c1c(Oc2cccc(NC(=O)c3cccc(C(C)(C)C#N)c3)c2)ccc2nc(NC(=O)C3CC3)sc12,18.0,7.7447274948966935,1,554.6280000000003
COC(=O)c1cc2cc(NCc3cc(NC(=O)c4cc(-n5cnc(C)c5)cc(C(F)(F)F)c4)ccc3C)cnc2[nH]1,10.0,8.0,1,562.5520000000001
COC(=O)c1ccc2c(c1)NC(=O)/C2=C(\Nc1ccc(-n2c(C)ccc2CN2CCN(C)CC2)cc1)c1ccccc1,1000.0,6.0,1,561.6860000000005
COC(=O)c1ccccc1-c1ccc(/C=C/[N+](=O)[O-])o1,1670.0,5.777283528852417,0,273.244
COC(=O)c1ccccc1-c1ccc(/C=C2/C(=O)NC(=S)N(c3ccc(C)cc3)C2=O)o1,1650.0,5.782516055786093,0,446.48400000000015
COC(=O)c1cnn2c(-c3cccc(NC(=O)c4cccc(C(F)(F)F)c4)c3)ccnc12,410.0,6.3872161432802645,1,440.3810000000001
COC(=O)c1sccc1S(=O)(=O)Nc1ccc(F)c(Nc2ncccc2-c2ncnc3[nH]cnc23)c1F,1500.0,5.823908740944319,0,543.5370000000001
COC(C)CCOC(=O)Nc1nc2cc(C3(O)c4ccccc4C(=O)N3Cc3ccccc3)ccc2[nH]1,100.0,7.0,1,500.55500000000023
COC(CNS(=O)(=O)c1ccc2[nH]c3c(C(N)=O)nccc3c2c1)OC,91550.0,4.038341651362285,0,378.41000000000014
COCC(C)(C)COC(=O)Nc1nc2cc(C3(O)c4ccccc4C(=O)N3Cc3ccccc3)ccc2[nH]1,100.0,7.0,1,514.5820000000002
COCC(C)(C)c1cc(NC(=O)Nc2cccc(Oc3ncnc4cc(OC)c(OC)cc34)c2)no1,324.0,6.489454989793388,1,493.52000000000027
COCC(C)Nc1cncc(-c2cn(-c3cc(C(=O)Nc4cc(C(C)(C)C)on4)ccc3C)nn2)c1,31.0,7.508638306165727,1,489.58000000000027
COCC1CN(C2CCN(c3cc(OC)c(Nc4ncc(Br)c(Nc5ccc6c(c5P(C)(C)=O)OCCO6)n4)cc3C)CC2)C1,10000.0,5.0,0,701.6029999999997
COCCC(=O)N(C)c1ccc(Nc2ncc3cc(-c4ccncc4)ccc3n2)cc1,35.34,7.451733454829255,1,413.48100000000017
COCCC(=O)NC(C)c1ccc(Nc2ncc3cc(-c4ccncc4)ccc3n2)cc1,55.5,7.255707016877324,1,427.5080000000001
COCCC(=O)N[C@@H](C)c1ccc(Nc2ncc3cc(-c4ccncc4)ccc3n2)cc1,78.32249999999999,7.106113458604349,1,427.5080000000001
COCCC(=O)N[C@H](C)c1ccc(Nc2ncc3cc(-c4ccncc4)ccc3n2)cc1,35.230000000000004,7.453087356818758,1,427.5080000000001
COCCC(=O)Nc1ccc(Nc2ncc3cc(-c4ccncc4)ccc3n2)cc1,277.84000000000003,6.556205229697294,1,399.45400000000006
COCCCN1CCN(c2cncc(-c3cn(-c4cc(C(=O)Nc5cc(C(C)(C)C)on5)ccc4C)nn3)c2)CC1,19.0,7.721246399047171,1,558.6870000000001
COCCCN1CCN(c2cncc(-c3cn(-c4cc(NC(=O)c5ccc(C(C)(C)C)o5)ccc4C)nn3)c2)CC1,1.0,9.0,1,557.6990000000002
COCCCN1CCN(c2cncc(-c3cn(-c4cc(NC(=O)c5ccc(C(C)(C)C)s5)ccc4C)nn3)c2)CC1,7.0,8.154901959985743,1,573.767
COCCCNC(=O)c1cc(CNc2ccccc2C(=O)Nc2ccc3c(c2)OC(F)(F)O3)ccn1,1030.0,5.987162775294828,0,498.4860000000002
COCCCNC(=O)c1cnn2c(-c3cccc(NC(=O)Nc4ccc(Cl)c(C(F)(F)F)c4)c3)ccnc12,270.0,6.568636235841013,1,546.9370000000001
COCCCNS(=O)(=O)c1ccc2[nH]c3c(C(N)=O)nccc3c2c1,22650.0,4.644931793651149,0,362.4110000000001
COCCCNc1cc(C2(C(=O)Nc3cc(C(=O)Nc4ccc(Cl)c(C(F)(F)F)c4)ccc3C)CC2)ncn1,35.8,7.446116973356125,1,561.9920000000001
COCCCNc1cc(CNc2ccccc2C(=O)Nc2ccc3c(c2)OC(F)(F)O3)ccn1,156.0,6.806875401645538,1,470.47600000000017
COCCCOc1cc(C2(C(=O)Nc3cc(C(=O)Nc4ccc(Cl)c(C(F)(F)F)c4)ccc3C)CC2)ncn1,441.0,6.355561410532162,1,562.976
COCCN(C)Cc1ccc(Nc2ncc3cc(-c4ccncc4)ccc3n2)cc1,79.21000000000001,7.101219986710174,1,399.49800000000005
COCCN(C)S(=O)(=O)Nc1cccc(C(=O)c2c[nH]c3ncc(-c4ccc(C5(C#N)CC5)cc4)cc23)c1F,100.0,7.0,1,547.6120000000003
COCCN(C)S(=O)(=O)Nc1cccc(C(=O)c2c[nH]c3ncc(-c4cnc(C5CC5)nc4)cc23)c1F,100.0,7.0,1,524.5780000000003
COCCN(C)S(=O)(=O)Nc1cccc(C(=O)c2c[nH]c3ncc(-c4cnc(NC5CC5)nc4)cc23)c1F,100.0,7.0,1,539.5930000000003
COCCN(C)S(=O)(=O)Nc1cccc(C(=O)c2c[nH]c3ncc(-c4cnc(OC)nc4)cc23)c1F,100.0,7.0,1,514.5390000000003
COCCN(C)c1cc(C(=O)Nc2ccc(C)c(-c3cc(N4CCOCC4)c(=O)n(C)c3)c2)ccn1,2.8,8.55284196865778,1,491.5920000000003
COCCN(C)c1ccc(Nc2ncc3cc(-c4ccncc4)ccc3n2)cc1,340.205,6.468259307841461,1,385.47100000000006
COCCN(C)c1cncc(-c2cn(-c3cc(C(=O)Nc4cc(C(C)(C)C)on4)ccc3C)nn2)c1,11.0,7.958607314841775,1,489.58000000000027
COCCN(C)c1cncc(-c2cn(-c3cc(C(=O)Nc4cc(C(F)(F)F)ccn4)ccc3C)nn2)c1,34.0,7.468521082957745,1,511.50800000000015
COCCN(C)c1ncc2ncnc(Nc3cc(C(=O)Nc4cc(C(C)(C)C)n[nH]4)ccc3C)c2n1,4.0,8.397940008672037,1,489.5840000000003
COCCN(C)c1ncc2ncnc(Nc3cc(C(=O)Nc4cc(C(C)(C)C)nn4C)ccc3C)c2n1,2.0,8.698970004336019,1,503.61100000000033
COCCN(C)c1ncc2ncnc(Nc3cc(C(=O)Nc4cc(C(C)(C)C)on4)ccc3C(F)(F)F)c2n1,150.0,6.823908740944319,1,544.5380000000002
COCCN(C)c1ncc2ncnc(Nc3cc(C(=O)Nc4cc(C(C)(C)C)on4)ccc3C)c2n1,1.0,9.0,1,490.5680000000003
COCCN(C)c1ncc2ncnc(Nc3cc(C(=O)Nc4cc(C(C)(C)C)on4)ccc3Cl)c2n1,5.0,8.301029995663981,1,510.98600000000033
COCCN(C)c1ncc2ncnc(Nc3cc(C(=O)Nc4cc(C(C)(C)C)on4)ccc3F)c2n1,2.0,8.698970004336019,1,494.5310000000003
COCCN(C)c1ncc2ncnc(Nc3cc(C(=O)Nc4cc(C(C)(C)C)on4)ccc3OC)c2n1,6.0,8.221848749616356,1,506.56700000000035
COCCN(C)c1ncc2ncnc(Nc3cc(C(=O)Nc4cc(C(F)(F)F)ccn4)ccc3C)c2n1,2.0,8.698970004336019,1,512.4960000000002
COCCN(C)c1ncc2ncnc(Nc3cc(C(=O)Nc4cc(CN5CCCC5)cc(C(F)(F)F)c4)ccc3C)c2n1,2.0,8.698970004336019,1,594.6420000000003
COCCN(C)c1ncc2ncnc(Nc3cc(C(=O)Nc4cc(N(C)CCN(C)C)cc(C(F)(F)F)c4)ccc3C)c2n1,1.0,9.0,1,611.6730000000002
COCCN(C)c1ncc2ncnc(Nc3cc(C(=O)Nc4cc(OCCN(C)C)cc(C(F)(F)F)c4)ccc3C)c2n1,2.0,8.698970004336019,1,598.6300000000002
COCCN(C)c1ncc2ncnc(Nc3cc(C(=O)Nc4ccc(N(C)CCN(C)C)c(C(F)(F)F)c4)ccc3C)c2n1,3.0,8.522878745280337,1,611.6730000000002
COCCN(C)c1ncc2ncnc(Nc3cc(C(=O)Nc4ccc(OC)c(C(F)(F)F)c4)ccc3C(F)(F)F)c2n1,64.0,7.1938200260161125,1,595.5040000000002
COCCN(C)c1ncc2ncnc(Nc3cc(C(=O)Nc4ccc(OC)c(C(F)(F)F)c4)ccc3C)c2n1,1.0,9.0,1,541.5340000000001
COCCN(C)c1ncc2ncnc(Nc3cc(C(=O)Nc4ccc(OC)c(C(F)(F)F)c4)ccc3Cl)c2n1,2.0,8.698970004336019,1,561.9520000000001
COCCN(C)c1ncc2ncnc(Nc3cc(C(=O)Nc4ccc(OC)c(C(F)(F)F)c4)ccc3F)c2n1,2.0,8.698970004336019,1,545.4970000000002
COCCN(C)c1ncc2ncnc(Nc3cc(C(=O)Nc4ccc(OC)c(C(F)(F)F)c4)ccc3OC)c2n1,3.0,8.522878745280337,1,557.5330000000001
COCCN(C)c1ncc2ncnc(Nc3cc(C(=O)Nc4cccc(C(C)(C)C)c4)ccc3C)c2n1,1.0,9.0,1,499.6190000000003
COCCN(C)c1ncc2ncnc(Nc3cc(C(=O)Nc4cccc(C(F)(F)F)c4)ccc3C)c2n1,2.0,8.698970004336019,1,511.5080000000002
COCCN1C(C)CN(c2cncc(-c3cn(-c4cc(C(=O)Nc5cc(C(C)(C)C)on5)ccc4C)nn3)c2)CC1C,29.0,7.5376020021010435,1,572.7140000000002
COCCN1CCC(Cc2ccc3ncnc(Nc4cc(C(=O)Nc5cc(C(C)(C)C)cc(NS(C)(=O)=O)c5OC)ccc4C)c3n2)CC1,496.0,6.304518323509803,1,689.883
COCCN1CCC(Nc2ncc3ncnc(Nc4cc(C(=O)Nc5cc(C(C)(C)C)on5)ccc4C)c3n2)CC1,1.0,9.0,1,559.6750000000002
COCCN1CCC(c2ccc3ncnc(Nc4cc(C(=O)Nc5cc(C(C)(C)C)cc(NS(C)(=O)=O)c5OC)ccc4C)c3n2)C1,315.0,6.501689446210399,1,661.8290000000001
COCCN1CCC(c2ccc3ncnc(Nc4cc(C(=O)Nc5cc(C(C)(C)C)cc(NS(C)(=O)=O)c5OC)ccc4C)c3n2)CC1,443.0,6.3535962737769305,1,675.856
COCCN1CCN(c2ccc3ncnc(Nc4cc(C(=O)Nc5cc(C(C)(C)C)cc(NS(C)(=O)=O)c5OC)ccc4C)c3n2)CC1,476.0,6.3223930472795065,1,676.8439999999999
COCCN1CCN(c2ccc3ncnc(Nc4cc(C(=O)Nc5cc(C(C)(C)C)on5)ccc4C)c3n2)CC1,35.0,7.455931955649724,1,544.6600000000002
COCCN1CCN(c2ccc3ncnc(Nc4cc(C(=O)Nc5ccc(OC)c(C(F)(F)F)c5)ccc4C)c3n2)CC1,140.0,6.853871964321762,1,595.626
COCCN1CCN(c2ccc3ncnc(Nc4cc(NC(=O)c5cccc(C(C)(C)C#N)c5)ccc4C)c3n2)CC1,18.0,7.7447274948966935,1,564.6940000000001
COCCN1CCN(c2ccc3ncnc(Sc4cc(C(=O)Nc5cc(C(C)(C)C)cc(NS(C)(=O)=O)c5OC)ccc4C)c3n2)CC1,1617.0,5.791289980093599,0,693.896
COCCN1CCN(c2ccc3ncnc(Sc4cc(C(=O)Nc5cc(C(C)(C)C)on5)ccc4C)c3n2)CC1,269.0,6.570247719997592,1,561.7120000000001
COCCN1CCN(c2ccc3ncnc(Sc4cc(C(=O)Nc5cc(N6CCN(C)CC6)cc(C(F)(F)F)c5)ccc4C)c3n2)CC1,190.0,6.721246399047171,1,680.8010000000003
COCCN1CCN(c2ccc3ncnc(Sc4cc(C(=O)Nc5cccc(C(C)(C)C#N)c5)ccc4C)c3n2)CC1,261.0,6.583359492661719,1,581.746
COCCN1CCN(c2cncc(-c3cn(-c4cc(C(=O)Nc5cc(C(F)(F)F)ccn5)ccc4C)nn3)c2)CC1,11.0,7.958607314841775,1,566.588
COCCN1CCN(c2nc(N)c3ncnc(Nc4cc(C(=O)Nc5cc(C(C)(C)C)n[nH]5)ccc4C)c3n2)CC1,5.0,8.301029995663981,1,559.6790000000001
COCCN1CCN(c2ncc3ncnc(N(C)c4cc(C(=O)Nc5cc(C(C)(C)C)on5)ccc4C)c3n2)CC1,74.0,7.130768280269024,1,559.6750000000002
COCCN1CCN(c2ncc3ncnc(N(C)c4cc(C(=O)Nc5ccc(OC)c(C(F)(F)F)c5)ccc4C)c3n2)CC1,193.0,6.714442690992226,1,610.641
COCCN1CCN(c2ncc3ncnc(Nc4cc(C(=O)Nc5cc(-n6cnc(C)c6)cc(C(F)(F)F)c5)ccc4C)c3n2)CC1,8.0,8.096910013008056,1,646.678
COCCN1CCN(c2ncc3ncnc(Nc4cc(C(=O)Nc5cc(C(C)(C)C)cc(NS(C)(=O)=O)c5OC)ccc4C)c3n2)CC1,49.0,7.309803919971486,1,677.832
COCCN1CCN(c2ncc3ncnc(Nc4cc(C(=O)Nc5cc(C(C)(C)C)ccc5OC)ccc4C)c3n2)CC1,5.0,8.301029995663981,1,584.725
COCCN1CCN(c2ncc3ncnc(Nc4cc(C(=O)Nc5cc(C(C)(C)C)n[nH]5)ccc4C)c3n2)CC1,7.0,8.154901959985743,1,544.6640000000001
COCCN1CCN(c2ncc3ncnc(Nc4cc(C(=O)Nc5cc(C(C)(C)C)nn5C)ccc4C)c3n2)CC1,12.0,7.920818753952375,1,558.6910000000001
COCCN1CCN(c2ncc3ncnc(Nc4cc(C(=O)Nc5cc(C(C)(C)C)on5)ccc4C)c3n2)CC1,3.0,8.522878745280337,1,545.6480000000001
COCCN1CCN(c2ncc3ncnc(Nc4cc(C(=O)Nc5cc(C(C)(C)C)on5)ccc4F)c3n2)CC1,4.0,8.397940008672037,1,549.6110000000001
COCCN1CCN(c2ncc3ncnc(Nc4cc(C(=O)Nc5cc(C(F)(F)F)ccc5-n5cccn5)ccc4C)c3n2)CC1,10.0,8.0,1,632.6509999999998
COCCN1CCN(c2ncc3ncnc(Nc4cc(C(=O)Nc5cc(C(F)(F)F)ccc5-n5ccnn5)ccc4C)c3n2)CC1,12.0,7.920818753952375,1,633.6389999999998
COCCN1CCN(c2ncc3ncnc(Nc4cc(C(=O)Nc5cc(C(F)(F)F)ccc5C#N)ccc4C)c3n2)CC1,13.0,7.886056647693163,1,591.598
COCCN1CCN(c2ncc3ncnc(Nc4cc(C(=O)Nc5cc(C(F)(F)F)ccc5Cl)ccc4C)c3n2)CC1,6.0,8.221848749616356,1,601.0329999999999
COCCN1CCN(c2ncc3ncnc(Nc4cc(C(=O)Nc5cc(C(F)(F)F)ccc5N5CCOCC5)ccc4C)c3n2)CC1,106.0,6.97469413473523,1,651.6939999999998
COCCN1CCN(c2ncc3ncnc(Nc4cc(C(=O)Nc5cc(C(F)(F)F)ccn5)ccc4C)c3n2)CC1,1.0,9.0,1,567.5759999999999
COCCN1CCN(c2ncc3ncnc(Nc4cc(C(=O)Nc5cc(N6CCN(C)CC6)c(F)c(C(F)(F)F)c5)ccc4C)c3n2)CC1,25.0,7.6020599913279625,1,682.7270000000002
COCCN1CCN(c2ncc3ncnc(Nc4cc(C(=O)Nc5cc(OC)cc(C(F)(F)F)c5)ccc4C)c3n2)CC1,4.0,8.397940008672037,1,596.6139999999999
COCCN1CCN(c2ncc3ncnc(Nc4cc(C(=O)Nc5ccc(C#N)c(C(F)(F)F)c5)ccc4C)c3n2)CC1,2.0,8.698970004336019,1,591.598
COCCN1CCN(c2ncc3ncnc(Nc4cc(C(=O)Nc5ccc(F)c(C(F)(F)F)c5)ccc4C)c3n2)CC1,1.0,9.0,1,584.5779999999999
COCCN1CCN(c2ncc3ncnc(Nc4cc(C(=O)Nc5ccc(OC)c(C(F)(F)F)c5)ccc4C)c3n2)CC1,2.0,8.698970004336019,1,596.6139999999999
COCCN1CCN(c2ncc3ncnc(Nc4cc(C(=O)Nc5ccc(OC)c(C(F)(F)F)c5)ccc4F)c3n2)CC1,2.0,8.698970004336019,1,600.577
COCCN1CCN(c2ncc3ncnc(Nc4cc(C(=O)Nc5ccc6c(c5)OC(F)(F)OC6(F)F)ccc4C)c3n2)CC1,7.0,8.154901959985743,1,628.587
COCCN1CCN(c2ncc3ncnc(Nc4cc(C(=O)Nc5cccc(C(F)(F)F)c5)ccc4C)c3n2)CC1,1.0,9.0,1,566.588
COCCNC(=O)c1cc(CNc2ccccc2C(=O)Nc2ccc3c(c2)OC(F)(F)O3)ccn1,497.0,6.303643611266668,1,484.4590000000002
COCCNC(=O)c1ccc(Nc2ncc3cc(-c4ccc(F)nc4)ccc3n2)cc1,12042.58,4.919280459944551,0,417.4440000000001
COCCNC(=O)c1ccc(Nc2ncc3cc(-c4ccc(OC)nc4)ccc3n2)cc1,9722.7175,5.012212332778778,0,429.48000000000013
COCCNC(=O)c1ccc(Nc2ncc3cc(-c4ccccc4)ccc3n2)cc1,1636.5025,5.786083326906312,0,398.46600000000007
COCCNC(=O)c1ccc(Nc2ncc3cc(-c4cccnc4)ccc3n2)cc1,2211.14,5.6553837588674245,0,399.45400000000006
COCCNC(=O)c1ccc(Nc2ncc3cc(-c4ccnc(C)c4)ccc3n2)cc1,4549.0275,5.342081437744203,0,413.4810000000001
COCCNC(=O)c1ccc(Nc2ncc3cc(-c4ccncc4)ccc3n2)cc1,5218.6033333333335,5.2824457126658,0,399.45400000000006
COCCNC(=O)c1ccc(Nc2ncc3cc(-c4ccncc4)ccc3n2)cc1C,177.5575,6.750660978446447,1,413.4810000000001
COCCNC(=O)c1ccc(Nc2ncc3cc(-c4ccncc4)ccc3n2)cc1F,328.685,6.483220115102657,1,417.4440000000001
COCCNC(=O)c1ccc(Nc2ncc3cc(-c4ccncc4C)ccc3n2)cc1,338.9575,6.469854752158497,1,413.4810000000001
COCCNC(=O)c1ccc(Nc2ncc3cc(-c4ccncc4Cl)ccc3n2)cc1,777.385,6.109363843535055,1,433.8990000000001
COCCNC(=O)c1ccc(Nc2ncc3cc(-c4ccncc4OC)ccc3n2)cc1,648.2574999999999,6.188252449969684,1,429.48000000000013
COCCNC(=O)c1ccc(Nc2ncc3cc(-c4cnccc4C)ccc3n2)cc1,56.0,7.251811972993799,1,413.4810000000001
COCCNC(=O)c1ccc(Nc2ncc3cc(-c4cncnc4)ccc3n2)cc1,2182.5625,5.661033310959632,0,400.44200000000006
COCCNC(=O)c1cccc(Nc2ncc3cc(-c4ccncc4)ccc3n2)c1,1747.7825,5.757512613421852,0,399.4540000000001
COCCNC(C)c1ccc(Nc2ncc3cc(-c4ccncc4)ccc3n2)cc1,43.5,7.361510743045363,1,399.49800000000005
COCCNCc1ccc(Nc2ncc3cc(-c4ccncc4)ccc3n2)cc1,259.0,6.586700235918748,1,385.47100000000006
COCCNc1cc(C2(C(=O)Nc3cc(C(=O)Nc4ccc(Cl)c(C(F)(F)F)c4)ccc3C)CC2)ncn1,43.1,7.3655227298392685,1,547.9650000000001
COCCNc1cc(CNc2ccccc2C(=O)Nc2ccc3c(c2)OC(F)(F)O3)ccn1,104.0,6.982966660701219,1,456.4490000000001
COCCNc1cncc(-c2cn(-c3cc(C(=O)Nc4cc(C(C)(C)C)on4)ccc3C)nn2)c1,16.0,7.795880017344075,1,475.5530000000002
COCCNc1ncc2ncnc(Nc3cc(C(=O)Nc4cc(C(C)(C)C)on4)ccc3C)c2n1,1.0,9.0,1,476.5410000000003
COCCNc1ncc2ncnc(Nc3cc(C(=O)Nc4cc(CN5CCCC5)cc(C(F)(F)F)c4)ccc3C)c2n1,1.0,9.0,1,580.6150000000002
COCCNc1ncc2ncnc(Nc3cc(C(=O)Nc4cc(N(C)CCN(C)C)cc(C(F)(F)F)c4)ccc3C)c2n1,1.0,9.0,1,597.6460000000002
COCCNc1ncc2ncnc(Nc3cc(C(=O)Nc4cc(OCCN(C)C)cc(C(F)(F)F)c4)ccc3C)c2n1,1.0,9.0,1,584.6030000000002
COCCNc1ncc2ncnc(Nc3cc(C(=O)Nc4ccc(N(C)CCN(C)C)c(C(F)(F)F)c4)ccc3C)c2n1,1.0,9.0,1,597.6460000000002
COCCNc1nccc(C2=C(c3cc(Cl)cc(NS(=O)(=O)c4cc(F)ccc4F)c3F)C(=O)C(C)(C)O2)n1,50.0,7.301029995663981,1,582.988
COCCNc1ncnc2[nH]cc(C(=O)c3c(F)ccc(NS(=O)(=O)c4ccc(C(F)(F)F)cc4)c3F)c12,100.0,7.0,1,555.4850000000001
COCCOC(=O)Nc1nc2cc(C3(O)c4ccccc4C(=O)N3Cc3ccccc3)ccc2[nH]1,100.0,7.0,1,472.5010000000002
COCCOC(=O)Nc1nc2cc(C3(O)c4ccccc4C(=O)N3c3cccc(Cl)c3F)ccc2[nH]1,100.0,7.0,1,510.90900000000016
COCCOCC(=O)Nc1ccc(-c2cnn3c(-c4cccc(NC(=O)c5cccc(C(F)(F)F)c5)c4)ccnc23)cc1,139.0,6.856985199745905,1,589.5740000000002
COCCOCC(=O)Nc1nc2ccc(Oc3ccc(F)c(NC(=O)Cc4cccc(C(F)(F)F)c4)c3)c(C#N)c2s1,5.75,8.24033215531037,1,602.566
COCCOc1cc(C2(C(=O)Nc3cc(C(=O)Nc4ccc(Cl)c(C(F)(F)F)c4)ccc3C)CC2)ncn1,251.0,6.600326278518962,1,548.9490000000002
COCCOc1cc2c(Oc3cccc(NC(=O)Nc4cc(C(C)(C)C)on4)c3)ncnc2cc1OC,59.0,7.229147988357855,1,507.54700000000025
COCCOc1cc2ncnc(Nc3ccc(NC(=O)Nc4ccc(Cl)c(C(F)(F)F)c4)c(Cl)c3)c2c2c1OCCO2,50.0,7.301029995663981,1,624.4029999999999
COCCOc1cc2ncnc(Oc3ccc(NC(=O)NC4CC4)c(Cl)c3)c2c2c1OCCO2,5000.0,5.301029995663981,0,486.9120000000003
COCCOc1cc2ncnc(Oc3ccc(NC(=O)Nc4cc(C(F)(F)F)ccc4F)cc3)c2c2c1OCCO2,275.0,6.560667306169737,1,574.4870000000001
COCCOc1cc2ncnc(Oc3ccc(NC(=O)Nc4ccc(Cl)c(C(F)(F)F)c4)c(F)c3)c2c2c1OCCO2,50.0,7.301029995663981,1,608.932
COCCOc1cc2ncnc(Oc3ccc(NC(=O)Nc4ccc(Cl)c(C(F)(F)F)c4)cc3)c2c2c1OCCO2,2750.0,5.560667306169737,0,590.942
COCCOc1cc2ncnc(Oc3ccc(NC(=O)Nc4ccc(F)cc4F)c(F)c3)c2c2c1OCCO2,5000.0,5.301029995663981,0,542.4700000000001
COCCOc1cc2ncnc(Oc3ccc(NC(=O)Nc4cccc(OC)c4)cc3)c2c2c1OCCO2,5000.0,5.301029995663981,0,518.5260000000003
COCCOc1cc2ncnc(Oc3cccc(NC(=O)Nc4cc(C(C)(C)C)on4)c3)c2cc1OC,100.0,7.0,1,507.5470000000003
COCCOc1ccc(Nc2ncc3cc(-c4ccncc4)ccc3n2)cc1,399.7325,6.398230540264143,1,372.42800000000005
COCCOc1cccc(N2C(=O)c3ccccc3C2(O)c2ccc3[nH]c(NC(=O)OC)nc3c2)c1,1000.0,6.0,1,488.5000000000002
COCCOc1ncc(-c2cc(NC(=O)c3cccc(C(F)(F)F)c3)cnc2C)cc1N1CCOCC1,4.0,8.397940008672037,1,516.5200000000002
COCCOc1nnc(-c2cc(NC(=O)c3cc(C(F)(F)F)ccn3)ccc2C)cc1N1CCOCC1,0.5,9.301029995663981,1,517.5080000000003
COCCOc1nnc(-c2cc(NC(=O)c3ccnc(C(C)(C)C#N)c3)ccc2C)cc1N1CCOCC1,1.1,8.958607314841775,1,516.6020000000003
COCCOc1nnc(-c2cc(NC(=O)c3ccnc(C(C)(C)F)c3)ccc2C)cc1N1CCOCC1,0.8,9.096910013008056,1,509.5820000000004
COCCOc1nnc(-c2cc(NC(=O)c3ccnc(C(C)(F)F)c3)ccc2C)cc1N1CCOCC1,0.5,9.301029995663981,1,513.5450000000003
COCCOc1nnc(-c2cc(NC(=O)c3ccnc(C(F)F)c3)ccc2C)cc1N1CCOCC1,1.1,8.958607314841775,1,499.5180000000003
COCCS(=O)(=O)Nc1ccc(F)c(Nc2ccc3ncn(C)c(=O)c3c2C)c1Cl,207.0,6.684029654543083,1,454.9110000000002
COCCS(=O)(=O)Nc1cccc(C(=O)c2c[nH]c3ncc(-c4cnc(OC)nc4)cc23)c1F,100.0,7.0,1,485.4970000000002
COCCn1cc(-c2ccc3c(c2)CC/C3=N\O)c(-c2ccncc2)n1,1.16,8.935542010773082,1,348.406
COC[C@@H](C)Oc1ncc(-c2cc(NC(=O)c3cccc(C(F)(F)F)c3)cnc2C)cc1N1CCOCC1,2.6,8.585026652029182,1,530.5470000000001
COC[C@@H]1CCCN1c1ncc2ncnc(Nc3cc(C(=O)Nc4cc(C(C)(C)C)on4)ccc3C)c2n1,3.0,8.522878745280337,1,516.6060000000003
COC[C@@H]1CCCN1c1ncc2ncnc(Nc3cc(C(=O)Nc4ccc(OC)c(C(F)(F)F)c4)ccc3C)c2n1,2.0,8.698970004336019,1,567.5720000000001
COC[C@@H]1C[C@H]2[C@@H]3CCc4cc(O)ccc4[C@H]3CC[C@]2(C)C1NN,2180.5,5.661443908990555,0,330.4720000000001
CO[C@@H](C)COc1ncc(-c2cc(NC(=O)c3cccc(C(F)(F)F)c3)cnc2C)cc1N1CCOCC1,1.49,8.826813731587725,1,530.5470000000001
COc1c(CN2CCCC2)cc(C(F)(F)F)cc1NC(=O)c1ccc(C)c(Nc2ncnc3cnc(N4CCOCC4)nc23)c1,2.0,8.698970004336019,1,622.6519999999999
COc1c(CN2CCCC2)cc(C(F)(F)F)cc1NC(=O)c1ccc(C)c(Nc2ncnc3cnc(N4CC[C@H](F)C4)nc23)c1,15.0,7.823908740944319,1,624.643
COc1c(CNC(C)C)cc(C(F)(F)F)cc1NC(=O)c1ccc(C)c(Nc2ncnc3cnc(N4CCOCC4)nc23)c1,5.0,8.301029995663981,1,610.641
COc1c(CNC(C)C)cc(C(F)(F)F)cc1NC(=O)c1ccc(C)c(Nc2ncnc3cnc(N4CC[C@H](F)C4)nc23)c1,12.0,7.920818753952375,1,612.6320000000001
COc1c(NC(=O)Nc2ccc(-c3ccc(CN4CCOCC4)nc3)c3ccccc23)cc(C(C)(C)C)cc1NS(C)(=O)=O,7200.0,5.142667503568732,0,617.7720000000004
COc1c(NC(=O)c2ccc(C)c(Nc3ncnc4ccc(C)nc34)c2)cc(C(C)(C)C)cc1NS(C)(=O)=O,431.0,6.3655227298392685,1,548.6690000000003
COc1c(NC(=O)c2ccc(C)c(Nc3ncnc4ccc(C5=CCN(C(C)C)CC5)nc34)c2)cc(C(C)(C)C)cc1NS(C)(=O)=O,295.0,6.530177984021837,1,657.8410000000003
COc1c(NC(=O)c2ccc(C)c(Nc3ncnc4ccc(C5=CCN(C)CC5)nc34)c2)cc(C(C)(C)C)cc1NS(C)(=O)=O,344.0,6.46344155742847,1,629.7870000000004
COc1c(NC(=O)c2ccc(C)c(Nc3ncnc4ccc(C5=CCNC5)nc34)c2)cc(C(C)(C)C)cc1NS(C)(=O)=O,282.0,6.549750891680639,1,601.7330000000004
COc1c(NC(=O)c2ccc(C)c(Nc3ncnc4ccc(C5=CCNCC5)nc34)c2)cc(C(C)(C)C)cc1NS(C)(=O)=O,101.0,6.995678626217358,1,615.7600000000003
COc1c(NC(=O)c2ccc(C)c(Nc3ncnc4ccc(C5CCCNC5)nc34)c2)cc(C(C)(C)C)cc1NS(C)(=O)=O,229.0,6.640164517660112,1,617.7760000000004
COc1c(NC(=O)c2ccc(C)c(Nc3ncnc4ccc(C5CCN(C(C)C)CC5)nc34)c2)cc(C(C)(C)C)cc1NS(C)(=O)=O,257.0,6.590066876668706,1,659.8570000000003
COc1c(NC(=O)c2ccc(C)c(Nc3ncnc4ccc(C5CCN(C)C5)nc34)c2)cc(C(C)(C)C)cc1NS(C)(=O)=O,286.0,6.543633966870957,1,617.7760000000004
COc1c(NC(=O)c2ccc(C)c(Nc3ncnc4ccc(C5CCN(C)CC5)nc34)c2)cc(C(C)(C)C)cc1NS(C)(=O)=O,151.0,6.82102305270683,1,631.8030000000003
COc1c(NC(=O)c2ccc(C)c(Nc3ncnc4ccc(C5CCN(CC6CC6)CC5)nc34)c2)cc(C(C)(C)C)cc1NS(C)(=O)=O,288.0,6.540607512240769,1,671.8680000000004
COc1c(NC(=O)c2ccc(C)c(Nc3ncnc4ccc(C5CCNC5)nc34)c2)cc(C(C)(C)C)cc1NS(C)(=O)=O,151.0,6.82102305270683,1,603.7490000000004
COc1c(NC(=O)c2ccc(C)c(Nc3ncnc4ccc(C5CCNCC5)nc34)c2)cc(C(C)(C)C)cc1NS(C)(=O)=O,70.0,7.154901959985743,1,617.7760000000004
COc1c(NC(=O)c2ccc(C)c(Nc3ncnc4ccc(CC5CCN(C(C)C)CC5)nc34)c2)cc(C(C)(C)C)cc1NS(C)(=O)=O,553.0,6.257274868695302,1,673.8840000000004
COc1c(NC(=O)c2ccc(C)c(Nc3ncnc4ccc(CC5CCN(C)CC5)nc34)c2)cc(C(C)(C)C)cc1NS(C)(=O)=O,364.0,6.438898616350944,1,645.8300000000004
COc1c(NC(=O)c2ccc(C)c(Nc3ncnc4ccc(CC5CCN(CC6CC6)CC5)nc34)c2)cc(C(C)(C)C)cc1NS(C)(=O)=O,504.0,6.297569463554475,1,685.8950000000003
COc1c(NC(=O)c2ccc(C)c(Nc3ncnc4ccc(CC5CCNCC5)nc34)c2)cc(C(C)(C)C)cc1NS(C)(=O)=O,170.0,6.769551078621726,1,631.8030000000003
COc1c(NC(=O)c2ccc(C)c(Nc3ncnc4ccc(CC5CNCCOC5)nc34)c2)cc(C(C)(C)C)cc1NS(C)(=O)=O,213.0,6.671620396561262,1,647.8020000000004
COc1c(NC(=O)c2ccc(C)c(Nc3ncnc4ccc(N(C)C5CCOC5)nc34)c2)cc(C(C)(C)C)cc1NS(C)(=O)=O,24.0,7.619788758288394,1,633.7750000000003
COc1c(NC(=O)c2ccc(C)c(Nc3ncnc4ccc(N5CCC(N6CCOCC6)C5)nc34)c2)cc(C(C)(C)C)cc1NS(C)(=O)=O,1457.0,5.83654044823001,0,688.8550000000002
COc1c(NC(=O)c2ccc(C)c(Nc3ncnc4ccc(N5CCN(C)CC5)nc34)c2)cc(C(C)(C)C)cc1NS(C)(=O)=O,225.0,6.647817481888637,1,632.7910000000004
COc1c(NC(=O)c2ccc(C)c(Nc3ncnc4ccc(N5CCN(CCN6CCOCC6)CC5)nc34)c2)cc(C(C)(C)C)cc1NS(C)(=O)=O,638.0,6.195179321278838,1,731.9240000000003
COc1c(NC(=O)c2ccc(C)c(Nc3ncnc4ccc(N5CCOCC5)nc34)c2)cc(C(C)(C)C)cc1NS(C)(=O)=O,50.0,7.301029995663981,1,619.7480000000004
COc1c(NC(=O)c2ccc(C)c(Nc3ncnc4ccc(N5CC[C@@H](F)C5)nc34)c2)cc(C(C)(C)C)cc1NS(C)(=O)=O,25.0,7.6020599913279625,1,621.7390000000004
COc1c(NC(=O)c2ccc(C)c(Nc3ncnc4ccc(NC5CCOC5)nc34)c2)cc(C(C)(C)C)cc1NS(C)(=O)=O,30.0,7.522878745280337,1,619.7480000000004
COc1c(NC(=O)c2ccc(C)c(Nc3ncnc4cnc(N(C)CCN(C)C)nc34)c2)cc(C(C)(C)C)cc1NS(C)(=O)=O,23.0,7.638272163982407,1,635.7950000000003
COc1c(NC(=O)c2ccc(C)c(Nc3ncnc4cnc(N5CCCC5)nc34)c2)cc(C(C)(C)C)cc1NS(C)(=O)=O,23.0,7.638272163982407,1,604.7370000000004
COc1c(NC(=O)c2ccc(C)c(Nc3ncnc4cnc(N5CCCCC5)nc34)c2)cc(C(C)(C)C)cc1NS(C)(=O)=O,41.0,7.3872161432802645,1,618.7640000000005
COc1c(NC(=O)c2ccc(C)c(Nc3ncnc4cnc(N5CCCN(C)CC5)nc34)c2)cc(C(C)(C)C)cc1NS(C)(=O)=O,17.0,7.769551078621726,1,647.8060000000004
COc1c(NC(=O)c2ccc(C)c(Nc3ncnc4cnc(N5CCN(C)CC5)nc34)c2)cc(C(F)(F)F)cc1NS(C)(=O)=O,27.0,7.568636235841013,1,645.6680000000003
COc1c(NC(=O)c2ccc(C)c(Nc3ncnc4cnc(N5CCOCC5)nc34)c2)cc(C(C)(C)C)cc1NS(C)(=O)=O,11.0,7.958607314841775,1,620.7360000000004
COc1c(NC(=O)c2ccc(C)c(Nc3ncnc4cnc(N5CC[C@H](F)C5)nc34)c2)cc(C(C)(C)C)cc1NS(C)(=O)=O,17.0,7.769551078621726,1,622.7270000000003
COc1cc(-c2c(-c3ccncc3)nn3c(-c4ccc(N5CC6CCC(C5)N6C)cc4)ccnc23)ccc1Cl,9.7,8.013228265733755,1,537.0670000000003
COc1cc(-c2c(-c3ccncc3)nn3c(-c4ccc(N5C[C@@H]6C[C@H]5CN6)cc4)ccnc23)ccc1F,8.7,8.060480747381382,1,492.5580000000002
COc1cc(-c2c(-c3ccncc3)nn3c(-c4ccc(N5C[C@@H]6C[C@H]5CN6C)cc4)ccnc23)ccc1F,21.0,7.6777807052660805,1,506.58500000000026
COc1cc(-c2c(-c3ccncc3)nn3c(-c4ccc(N5C[C@@H]6C[C@H]5CN6C)cc4C)ccnc23)ccc1F,1.0,9.0,1,520.6120000000003
COc1cc(-c2c(-c3ccncc3)nn3c(C4CC5CCC(C4)N5)ccnc23)ccc1Cl,8.5,8.070581074285707,1,445.9540000000002
COc1cc(-c2cc(NC(=O)c3cccc(C(F)(F)F)c3)ccc2C)cc(C2COC2)c1,2728.0,5.564155634015559,0,441.4490000000002
COc1cc(-c2cc(NC(=O)c3cccc(C(F)(F)F)c3)ccc2C)nc(N2CCOCC2)c1,1.9142,8.718012688106398,1,471.47900000000027
COc1cc(-c2cc(NC(=O)c3cccc(C(F)(F)F)c3)cnc2C)cc(C2COC2)c1,6883.0,5.162222230446266,0,442.4370000000002
COc1cc(-c2cc3c(Nc4cc(O)ccc4Cl)ncnc3cc2OC)ccc1O,43.849999999999994,7.358030402297941,1,423.85600000000017
COc1cc(-c2cc3c(Nc4ccc(C)c(O)c4)ncnc3cc2OC)ccc1O,307.55,6.512084268640233,1,403.43800000000016
COc1cc(-c2cc3c(Nc4cccc(O)c4)ncnc3cc2OC)ccc1O,90.5,7.043351420794797,1,389.4110000000002
COc1cc(-c2ccc3nccc(Nc4cc(NS(C)(=O)=O)ccc4F)c3c2)ccc1O,4209.0,5.375821074251978,0,453.4950000000002
COc1cc(-c2ccc3nccc(Nc4cc(O)ccc4F)c3c2)ccc1O,19.5,7.709965388637482,1,376.38700000000006
COc1cc(-c2ccc3nccc(Nc4cccc(O)c4)c3c2)ccc1O,22.0,7.657577319177793,1,358.39700000000005
COc1cc(-c2ccc3nccc(Nc4cccc5[nH]ncc45)c3c2)ccc1O,187.75,6.7264200543237935,1,382.42300000000006
COc1cc(-c2ccc3ncnc(Nc4c(F)ccc5[nH]ncc45)c3c2)ccc1O,308.8,6.510322708336301,1,401.40100000000007
COc1cc(-c2ccc3ncnc(Nc4c(F)cccc4F)c3c2)ccc1O,733.1,6.134836780493914,1,379.36600000000004
COc1cc(-c2ccc3ncnc(Nc4cc(NS(C)(=O)=O)ccc4F)c3c2)ccc1O,255.3,6.592949185195749,1,454.4830000000002
COc1cc(-c2ccc3ncnc(Nc4cc(O)c(C)cc4F)c3c2)ccc1O,69.5,7.158015195409886,1,391.4020000000001
COc1cc(-c2ccc3ncnc(Nc4cc(O)c(Cl)cc4Cl)c3c2)ccc1O,50.0,7.301029995663981,1,428.27500000000015
COc1cc(-c2ccc3ncnc(Nc4cc(O)c(Cl)cc4F)c3c2)ccc1O,15.399999999999999,7.812479279163537,1,411.8200000000001
COc1cc(-c2ccc3ncnc(Nc4cc(O)c(F)cc4F)c3c2)ccc1O,5.449999999999999,8.263603497723357,1,395.36500000000007
COc1cc(-c2ccc3ncnc(Nc4cc(O)ccc4C)c3c2)ccc1O,65.45,7.184090349113226,1,373.4120000000001
COc1cc(-c2ccc3ncnc(Nc4cc(O)ccc4Cl)c3c2)ccc1O,50.6,7.295849483160201,1,393.8300000000001
COc1cc(-c2ccc3ncnc(Nc4cc(O)ccc4F)c3c2)ccc1O,19.65,7.706637445288554,1,377.37500000000006
COc1cc(-c2ccc3ncnc(Nc4ccc(C(=O)O)cc4O)c3c2)ccc1O,532.85,6.273395029886437,1,403.3940000000001
COc1cc(-c2ccc3ncnc(Nc4ccc(C)c(O)c4)c3c2)ccc1O,194.5,6.711080394338273,1,373.4120000000001
COc1cc(-c2ccc3ncnc(Nc4ccc(C)cc4F)c3c2)ccc1O,632.85,6.198699215562438,1,375.4030000000001
COc1cc(-c2ccc3ncnc(Nc4ccc(Cl)c(O)c4)c3c2)ccc1O,32.15,7.492819022739759,1,393.8300000000001
COc1cc(-c2ccc3ncnc(Nc4ccc(Cl)cc4F)c3c2)ccc1O,813.4000000000001,6.089695831931431,1,395.8210000000001
COc1cc(-c2ccc3ncnc(Nc4ccc(Cl)cc4O)c3c2)ccc1O,1241.0,5.90622821850127,0,393.8300000000001
COc1cc(-c2ccc3ncnc(Nc4ccc(F)c(Cl)c4)c3c2)ccc1O,1051.0,5.978397283971757,0,395.8210000000001
COc1cc(-c2ccc3ncnc(Nc4ccc(F)c(O)c4)c3c2)ccc1O,20.15,7.695724949522872,1,377.37500000000006
COc1cc(-c2ccc3ncnc(Nc4ccc(F)c(O)c4F)c3c2)ccc1O,3.7,8.431798275933005,1,395.36500000000007
COc1cc(-c2ccc3ncnc(Nc4ccc(F)cc4)c3c2)ccc1O,1089.0,5.962972120244225,0,361.37600000000003
COc1cc(-c2ccc3ncnc(Nc4ccc(F)cc4F)c3c2)ccc1O,532.3,6.273843533827245,1,379.36600000000004
COc1cc(-c2ccc3ncnc(Nc4ccc(O)cc4)c3c2)ccc1O,539.5,6.268008550981071,1,359.38500000000005
COc1cc(-c2ccc3ncnc(Nc4ccc(S(N)(=O)=O)cc4)c3c2)ccc1O,600.1,6.2217763732339035,1,422.4660000000001
COc1cc(-c2ccc3ncnc(Nc4ccc5c(c4)OCO5)c3c2)ccc1O,683.1,6.165515714665195,1,387.39500000000015
COc1cc(-c2ccc3ncnc(Nc4ccc5cn[nH]c5c4)c3c2)ccc1O,1235.0,5.9083330424043154,0,383.41100000000006
COc1cc(-c2ccc3ncnc(Nc4ccc5nc[nH]c5c4)c3c2)ccc1O,684.25,6.164785193917838,1,383.41100000000006
COc1cc(-c2ccc3ncnc(Nc4ccc5nn[nH]c5c4)c3c2)ccc1O,971.9,6.012378417874516,1,384.39900000000006
COc1cc(-c2ccc3ncnc(Nc4cccc(C(F)(F)F)c4)c3c2)ccc1O,2152.5,5.6670568398743075,0,411.38300000000004
COc1cc(-c2ccc3ncnc(Nc4cccc(C(N)=O)c4)c3c2)ccc1O,303.95,6.51719785227954,1,386.4110000000001
COc1cc(-c2ccc3ncnc(Nc4cccc(F)c4)c3c2)ccc1O,552.1,6.257982252859862,1,361.3760000000001
COc1cc(-c2ccc3ncnc(Nc4cccc(N)c4)c3c2)ccc1O,710.7,6.148313684557572,1,358.40100000000007
COc1cc(-c2ccc3ncnc(Nc4cccc(NC(=O)C(F)(F)F)c4)c3c2)ccc1O,369.8,6.4320330931768455,1,454.4080000000001
COc1cc(-c2ccc3ncnc(Nc4cccc(NC(C)=O)c4)c3c2)ccc1O,435.5,6.361011840656318,1,400.4380000000001
COc1cc(-c2ccc3ncnc(Nc4cccc(NS(C)(=O)=O)c4)c3c2)ccc1O,446.35,6.35032446089012,1,436.4930000000001
COc1cc(-c2ccc3ncnc(Nc4cccc(O)c4)c3c2)ccc1O,33.8,7.471083299722345,1,359.38500000000005
COc1cc(-c2ccc3ncnc(Nc4cccc(O)c4C)c3c2)ccc1O,161.4,6.7920964696139485,1,373.4120000000001
COc1cc(-c2ccc3ncnc(Nc4cccc(O)c4Cl)c3c2)ccc1O,47.75,7.321026624080234,1,393.8300000000001
COc1cc(-c2ccc3ncnc(Nc4cccc(OC(F)F)c4)c3c2)ccc1O,536.8,6.270187492839065,1,409.39200000000005
COc1cc(-c2ccc3ncnc(Nc4cccc(S(N)(=O)=O)c4)c3c2)ccc1O,434.0,6.36251027048749,1,422.4660000000001
COc1cc(-c2ccc3ncnc(Nc4cccc([N+](=O)[O-])c4)c3c2)ccc1O,465.25,6.332313618197196,1,388.3830000000001
COc1cc(-c2ccc3ncnc(Nc4cccc5[nH]c(=O)[nH]c45)c3c2)ccc1O,987.3,6.005550862985964,1,399.4100000000001
COc1cc(-c2ccc3ncnc(Nc4cccc5[nH]nc(Cl)c45)c3c2)ccc1O,151.89999999999998,6.818442226137214,1,417.8560000000001
COc1cc(-c2ccc3ncnc(Nc4cccc5[nH]ncc45)c3c2)ccc1F,183.3,6.736837535037783,1,385.40200000000004
COc1cc(-c2ccc3ncnc(Nc4cccc5[nH]ncc45)c3c2)ccc1O,139.35,6.855893026950677,1,383.41100000000006
COc1cc(-c2ccc3ncnc(Nc4cccc5c4cnn5C)c3c2)ccc1O,404.29999999999995,6.393296258666326,1,397.4380000000001
COc1cc(-c2ccc3ncnc(Nc4cccc5nn[nH]c45)c3c2)ccc1O,685.2,6.164182645706527,1,384.39900000000006
COc1cc(-c2ccc3ncnc(Nc4ccccc4)c3c2)ccc1O,830.0,6.080921907623926,1,343.3860000000001
COc1cc(-c2ccc3ncnc(Nc4ccccc4C(N)=O)c3c2)ccc1O,1505.4,5.822348088301745,0,386.4110000000002
COc1cc(-c2ccc3ncnc(Nc4ccccc4F)c3c2)ccc1O,588.05,6.230585745691034,1,361.3760000000001
COc1cc(-c2ccc3ncnc(Nc4ccccc4O)c3c2)ccc1O,523.0,6.281498311132726,1,359.3850000000001
COc1cc(-c2ccncc2)cc2cnc(Nc3ccc([C@@H](C)NC(C)=O)cc3)nc12,33.5,7.474955192963154,1,413.48100000000017
COc1cc(-c2cnc3[nH]cc(C(=O)c4cccc(NS(=O)(=O)N(C)C)c4F)c3c2)ccc1C#N,100.0,7.0,1,493.5200000000002
COc1cc(-c2cnc3[nH]cc(C(=O)c4cccc(NS(=O)(=O)N5CCCC5)c4F)c3c2)ccc1C#N,100.0,7.0,1,519.5580000000003
COc1cc(-c2nc(-c3c[nH]c4ccccc34)c[nH]c2=O)cc(OC)c1OC,100000.0,4.0,0,377.40000000000026
COc1cc(-c2nc3occn3c2-c2ccnc(NCCCNS(=O)(=O)c3ccc(Cl)cc3)n2)ccc1F,11.3,7.94692155651658,1,557.0070000000004
COc1cc(-c2nc3sccn3c2-c2ccnc(NCCCNS(=O)(=O)c3ccc(Cl)cc3)n2)ccc1F,1.89,8.723538195826755,1,573.0750000000002
COc1cc(-c2nc3sccn3c2-c2ccnc(NCCCNS(=O)(=O)c3ccc(F)cc3)n2)ccc1F,5.23,8.281498311132726,1,556.6200000000002
COc1cc(-c2nn(-c3ccc(NC(=O)CN4CCOCC4)cc3)cc2-c2ccncc2)ccc1Cl,269.49,6.569457345599302,1,503.99000000000024
COc1cc(-c2nn(C(C)C)cc2-c2ccnc(NC[C@H](C)O)n2)cnc1N,6.5,8.187086643357144,1,383.45600000000013
COc1cc(/C=N/NC(=O)CN2CCN(c3ccc(F)cc3)CC2)ccc1O,100000.0,4.0,0,386.42700000000013
COc1cc(C(=O)N[C@@H]2[C@H]3Oc4ccc(Oc5ccnc6c5CCC(=O)N6)cc4[C@@H]23)ccc1CN1CCN(C)CC1,7.7,8.113509274827518,1,555.6350000000002
COc1cc(C(=O)Nc2cnc(C)c(-c3cc(N4CCOCC4)c(=O)n(C)c3)c2)ccc1F,21.124000000000002,7.675223841183542,1,452.4860000000002
COc1cc(C(=O)Nc2cnc(C)c(-c3ccnc(N4CCOCC4)c3)c2)ccc1F,25.818,7.588077403533801,1,422.4600000000002
COc1cc(C(Nc2ccccn2)c2cc(Cl)c3cccnc3c2O)cc(Br)c1O,1850.0,5.732828271596986,0,486.75300000000016
COc1cc(C)nc(Nc2nc3cc(C4(O)c5ccccc5C(=O)N4c4cccc(Cl)c4F)ccc3[nH]2)n1,100.0,7.0,1,530.9470000000002
COc1cc(C2=C(c3c[nH]c4ccccc34)C(=O)NC2=O)cc(OC)c1OC,40000.0,4.3979400086720375,0,378.3840000000002
COc1cc(C2=C(c3cn(C)c4ccccc34)C(=O)NC2)cc(OC)c1OC,50000.0,4.301029995663981,0,378.42800000000017
COc1cc(C2=C(c3cn(COC(C)(C)C)c4ccccc34)CNC2=O)cc(OC)c1OC,38000.0,4.42021640338319,0,450.5350000000002
COc1cc(C2C(C#N)=C(N)OC3=C2C(=O)CCC3)ccc1Cn1nc(C)c([N+](=O)[O-])c1C,100000.0,4.0,0,449.4670000000002
COc1cc(CN(c2ccc(F)c(C#Cc3cnc4[nH]nc(-c5ccc(F)cc5)c4c3)c2F)S(=O)(=O)c2cccnc2)c([N+](=O)[O-])cc1OC,10000.0,5.0,0,700.6550000000001
COc1cc(CNc2ccc3c(c2)ncn3-c2ccccc2)ccc1OCCO,1000.0,6.0,1,389.45500000000015
COc1cc(CNc2cncc(-c3cccc(NC(C)=O)c3)n2)cc(OC)c1OC,68500.0,4.164309428507575,0,408.4580000000002
COc1cc(Cl)c(C(F)(F)F)cc1NC(=O)Nc1ccc(Oc2ccnc3[nH]c(=O)[nH]c23)cc1,27.0,7.568636235841013,1,493.8290000000002
COc1cc(Cl)cc(-c2nn(-c3cccc(NC(=O)Nc4cc(C(F)(F)F)cc(C(F)(F)F)c4)c3)cc2-c2ccncc2)c1,390.0,6.4089353929735005,1,631.964
COc1cc(Cl)cc(-c2nn(-c3cccc(NC(=O)Nc4ccc(Cl)c(C(F)(F)F)c4)c3)cc2-c2ccncc2)c1,189.0,6.723538195826756,1,598.4120000000001
COc1cc(Cl)cc(-c2nn(-c3cccc(NC(=O)Nc4ccc(Cl)c(Cl)c4)c3)cc2-c2ccncc2)c1,251.0,6.600326278518962,1,564.8600000000002
COc1cc(Cl)cc(-c2nn(-c3cccc(NC(=O)Nc4cccc(C(F)(F)F)c4)c3)cc2-c2ccncc2)c1,475.0,6.323306390375134,1,563.9670000000002
COc1cc(Cl)cc(-c2nn(-c3cccc(NC(=O)Nc4ccccc4)c3)cc2-c2ccncc2)c1,488.0,6.311580177997289,1,495.9700000000002
COc1cc(Cl)cc(-c2nn(-c3cccc(NC(=O)c4cc(C(F)(F)F)cc(C(F)(F)F)c4)c3)cc2-c2ccncc2)c1,7410.0,5.130181792020672,0,616.9490000000001
COc1cc(Cl)cc(-c2nn(-c3cccc(NC(=O)c4ccc(Cl)c(Cl)c4)c3)cc2-c2ccncc2)c1,87200.0,4.059483515067432,0,549.8450000000004
COc1cc(Cl)cc(-c2nn(-c3cccc(NC(=O)c4ccc(N5CCOCC5)c(C(F)(F)F)c4)c3)cc2-c2ccncc2)c1,348.0,6.458420756053419,1,634.0580000000003
COc1cc(Cl)cc(-c2nn(-c3cccc(NC(=O)c4cccc(C(F)(F)F)c4)c3)cc2-c2ccncc2)c1,160.0,6.795880017344075,1,548.9520000000002
COc1cc(Cl)cc(-c2nn(-c3cccc(NC(=O)c4ccccc4)c3)cc2-c2ccncc2)c1,3690.0,5.432973633840939,0,480.9550000000002
COc1cc(N2CCC(N3CCN(S(C)(=O)=O)CC3)CC2)ccc1Nc1nccc(-c2c(-c3cccc(C(=O)Nc4c(F)cccc4F)c3)nc3ccccn23)n1,80.0,7.096910013008056,1,793.9010000000002
COc1cc(NC(=O)N[C@@H]2[C@H]3Oc4ccc(Oc5ccnc6c5CCC(=O)N6)cc4[C@@H]23)c(Cl)cc1Cl,11000.0,4.958607314841775,0,527.3640000000003
COc1cc(NC(=O)N[C@@H]2[C@H]3Oc4ccc(Oc5ccnc6c5CCC(=O)N6)cc4[C@@H]23)cc(OC)c1,1500.0,5.823908740944319,0,488.5000000000003
COc1cc(NC(=O)N[C@@H]2[C@H]3Oc4ccc(Oc5ccnc6c5CCC(=O)N6)cc4[C@@H]23)ccn1,2200.0,5.657577319177793,0,459.4620000000002
COc1cc(NC(=O)Nc2ccc(Cl)c(C(F)(F)F)c2)ccc1Oc1ccnc2[nH]c(=O)[nH]c12,2762.5,5.558697713306833,0,493.8290000000002
COc1cc(NC(=O)Nc2cccc(C(F)(F)F)c2)ccc1Oc1ccnc2[nH]c(=O)[nH]c12,14708.0,4.8324463788031755,0,459.3840000000002
COc1cc(NC(=O)c2ccc(C)c(Nc3ncnc4c(N)nc(N5CCN(C)CC5)nc34)c2)cc(C(F)(F)F)c1,5.0,8.301029995663981,1,567.5760000000005
COc1cc(NC(=O)c2cccc(OC(F)(F)F)c2)cc(Oc2cccc3[nH]c(=O)[nH]c23)c1,8332.0,5.079250738724292,0,459.38000000000017
COc1cc(Nc2cncc(-c3ccc(C(N)=O)cc3)n2)cc(OC)c1OC,1120.0,5.950781977329818,0,380.40400000000017
COc1cc(Nc2cncc(-c3ccc(C=O)cc3)n2)cc(OC)c1OC,3000.0,5.522878745280337,0,365.3890000000002
COc1cc(Nc2cncc(-c3ccc(CO)cc3)n2)cc(OC)c1OC,26000.0,4.585026652029182,0,367.40500000000014
COc1cc(Nc2cncc(-c3ccc(NC(=O)Nc4ccccc4)cc3)n2)cc(OC)c1OC,1160.0,5.935542010773082,0,471.5170000000002
COc1cc(Nc2cncc(-c3ccc(O)cc3)n2)cc(OC)c1OC,18000.0,4.7447274948966935,0,353.37800000000016
COc1cc(Nc2cncc(-c3cccc(C#N)c3)n2)cc(OC)c1OC,9800.0,5.008773924307505,0,362.3890000000002
COc1cc(Nc2cncc(-c3cccc(NC(C)=O)c3)c2)cc(OC)c1OC,26000.0,4.585026652029182,0,393.4430000000002
COc1cc(Nc2cncc(-c3cccc(NC(C)=O)c3)n2)cc(OC)c1,2850.0,5.54515513999149,0,364.40500000000014
COc1cc(Nc2cncc(-c3cccc(NC(C)=O)c3)n2)cc(OC)c1OC,3533.3333333333335,5.451815389454892,0,394.4310000000002
COc1cc(Nc2cncc(-c3cccc(O)c3)n2)cc(OC)c1OC,4000.0,5.3979400086720375,0,353.37800000000016
COc1cc(Nc2cncc(-c3cccnc3)n2)cc(OC)c1OC,22000.0,4.657577319177793,0,338.3670000000002
COc1cc(Nc2cncc(-c3ccncc3)n2)cc(OC)c1OC,2900.0,5.5376020021010435,0,338.3670000000002
COc1cc(Nc2cncc(Nc3ccc(F)cc3)n2)cc(OC)c1OC,19000.0,4.721246399047171,0,370.3840000000002
COc1cc(Nc2cncc(Nc3ccc(NC(C)=O)cc3)n2)cc(OC)c1OC,16000.0,4.795880017344075,0,409.4460000000002
COc1cc(Nc2cncc(Nc3ccc(O)cc3)n2)cc(OC)c1OC,4900.0,5.309803919971486,0,368.3930000000002
COc1cc(Nc2cncc(Nc3cccc(F)c3)n2)cc(OC)c1OC,12000.0,4.920818753952375,0,370.3840000000002
COc1cc(Nc2cncc(Nc3cccc(NC(C)=O)c3)n2)cc(OC)c1OC,14000.0,4.853871964321762,0,409.44600000000025
COc1cc(Nc2cncc(Nc3ccccc3)n2)cc(OC)c1OC,16000.0,4.795880017344075,0,352.3940000000002
COc1cc(Nc2cncc(Nc3ccncc3)n2)cc(OC)c1OC,4700.0,5.327902142064283,0,353.3820000000002
COc1cc(Nc2cncc(Oc3ccc(/C(C)=N/O)cc3)n2)cc(OC)c1OC,26000.0,4.585026652029182,0,410.4300000000002
COc1cc(Nc2cncc(Oc3ccc(C(C)=O)cc3)n2)cc(OC)c1OC,34000.0,4.468521082957745,0,395.4150000000002
COc1cc(Nc2cncc(Oc3ccc(NC(C)=O)c4ccccc34)n2)cc(OC)c1OC,560.0,6.251811972993799,1,460.49000000000024
COc1cc(Nc2cncc(Oc3ccc(NC(C)=O)cc3)n2)cc(OC)c1OC,5500.0,5.259637310505756,0,410.4300000000002
COc1cc(Nc2cncc(Oc3ccc4c(c3)/C(=N/O)CC4)n2)cc(OC)c1OC,86000.0,4.0655015487564325,0,422.44100000000026
COc1cc(Nc2cncc(Oc3ccc4c(c3)C(=O)CC4)n2)cc(OC)c1OC,22000.0,4.657577319177793,0,407.4260000000003
COc1cc(Nc2cncc(Oc3ccc4c(c3)CCC/C4=N\O)n2)cc(OC)c1OC,92000.0,4.036212172654444,0,436.46800000000025
COc1cc(Nc2cncc(Oc3ccc4c(c3)CCC4=O)n2)cc(OC)c1OC,70000.0,4.154901959985743,0,407.4260000000002
COc1cc(Nc2cncc(Oc3ccc4c(c3)CCCC4=O)n2)cc(OC)c1OC,76000.0,4.119186407719209,0,421.45300000000026
COc1cc(Nc2cncc(Oc3ccc4c(c3)OC(=O)CC4)n2)cc(OC)c1OC,44000.0,4.356547323513812,0,423.4250000000003
COc1cc(Nc2cncc(Oc3ccc4ccccc4c3)n2)cc(OC)c1OC,100000.0,4.0,0,403.4380000000002
COc1cc(Nc2cncc(Oc3ccc4ncccc4c3)n2)cc(OC)c1OC,29000.0,4.5376020021010435,0,404.4260000000002
COc1cc(Nc2cncc(Oc3cccc(/C(C)=N/O)c3)n2)cc(OC)c1OC,11000.0,4.958607314841775,0,410.4300000000002
COc1cc(Nc2cncc(Oc3cccc(C(C)=O)c3)n2)cc(OC)c1OC,19000.0,4.721246399047171,0,395.4150000000002
COc1cc(Nc2cncc(Oc3cccc(Cl)c3)n2)cc(OC)c1OC,36000.0,4.443697499232712,0,387.82300000000015
COc1cc(Nc2cncc(Oc3cccc(F)c3)n2)cc(OC)c1OC,56000.0,4.251811972993799,0,371.36800000000017
COc1cc(Nc2cncc(Oc3cccc(NC(C)=O)c3)n2)cc(OC)c1OC,13000.0,4.886056647693163,0,410.43000000000023
COc1cc(Nc2cncc(Oc3cccc4[nH]ccc34)n2)cc(OC)c1OC,7400.0,5.130768280269024,0,392.4150000000002
COc1cc(Nc2cncc(Oc3cccc4c(NC(C)=O)cccc34)n2)cc(OC)c1OC,410.0,6.3872161432802645,1,460.4900000000003
COc1cc(Nc2cncc(Oc3cccc4c3CC/C4=N\O)n2)cc(OC)c1OC,1400.0,5.853871964321762,0,422.4410000000002
COc1cc(Nc2cncc(Oc3cccc4c3CCC4=O)n2)cc(OC)c1OC,18000.0,4.7447274948966935,0,407.4260000000002
COc1cc(Nc2cncc(Oc3cccc4c3CCCC4)n2)cc(OC)c1OC,18000.0,4.7447274948966935,0,407.47000000000025
COc1cc(Nc2cncc(Oc3cccc4c3CCCC4=O)n2)cc(OC)c1OC,29000.0,4.5376020021010435,0,421.45300000000026
COc1cc(Nc2cncc(Oc3cccc4ccccc34)n2)cc(OC)c1OC,1200.0,5.920818753952375,0,403.4380000000002
COc1cc(Nc2cncc(Oc3cccc4cnccc34)n2)cc(OC)c1OC,3800.0,5.42021640338319,0,404.4260000000002
COc1cc(Nc2cncc(Oc3cccc4ncccc34)n2)cc(OC)c1OC,10000.0,5.0,0,404.4260000000002
COc1cc(Nc2cncc(Oc3ccccc3)n2)cc(OC)c1OC,31000.0,4.508638306165727,0,353.37800000000016
COc1cc(Nc2cncc(Oc3ccccc3-c3ccccc3)n2)cc(OC)c1OC,10000.0,5.0,0,429.47600000000017
COc1cc(Nc2cncc(Oc3ccccc3F)n2)cc(OC)c1OC,45000.0,4.346787486224656,0,371.36800000000017
COc1cc(Nc2cncc(Oc3cccnc3)n2)cc(OC)c1OC,45000.0,4.346787486224656,0,354.36600000000016
COc1cc(Nc2cncc(Oc3ccnc4ccccc34)n2)cc(OC)c1OC,1500.0,5.823908740944319,0,404.4260000000002
COc1cc(Nc2cncc(Oc3ccncc3)n2)cc(OC)c1OC,16000.0,4.795880017344075,0,354.36600000000016
COc1cc(Nc2cncc(Sc3cccc4ccccc34)n2)cc(OC)c1OC,9800.0,5.008773924307505,0,419.5060000000002
COc1cc(Nc2nc(-c3cccc(NC(C)=O)c3)cnc2NC(C)=O)cc(OC)c1OC,100000.0,4.0,0,451.48300000000023
COc1cc(Nc2nc3cc(C4(O)c5ccccc5C(=O)N4Cc4ccccc4)ccc3[nH]2)cc(OC)c1,10000.0,5.0,0,506.56200000000024
COc1cc(Nc2nc3cc(C4(O)c5ccccc5C(=O)N4c4ccccc4)ccc3[nH]2)cc(OC)c1,10000.0,5.0,0,492.5350000000002
COc1cc(Nc2nc3cc(C4(OC)c5ccccc5C(=O)N4C(C)C)ccc3[nH]2)cc(OC)c1,10000.0,5.0,0,472.54500000000024
COc1cc(Nc2nc3cc(C4(OC)c5ccccc5C(=O)N4Cc4ccccc4)ccc3[nH]2)cc(OC)c1,10000.0,5.0,0,520.5890000000003
COc1cc(OC)nc(Nc2nc3cc(C4(O)c5ccccc5C(=O)N4c4cccc(Cl)c4F)ccc3[nH]2)n1,100.0,7.0,1,546.946
COc1cc(Oc2ccc(NC(=O)Nc3cccc(C(F)(F)F)c3)cc2)ncn1,2000.0,5.698970004336019,0,404.348
COc1cc(Oc2ccnc3[nH]c(=O)[nH]c23)ccc1NC(=O)Nc1ccc(Cl)c(C(F)(F)F)c1,50053.0,4.300569887327524,0,493.8290000000001
COc1cc2c(Oc3ccc(NC(=O)NN4C(=O)CSC4c4c(F)cccc4F)cc3)ccnc2cc1OC1CCN(C(=O)NC(C)C)CC1,10000.0,5.0,0,706.7719999999998
COc1cc2c(Oc3cccc(NC(=O)Nc4cc(C(C)(C)C)on4)c3)ncnc2cc1O,110.0,6.958607314841775,1,449.4670000000002
COc1cc2c(Oc3cccc(NC(=O)Nc4cc(C(C)(C)C)on4)c3)ncnc2cc1OCCCN1CCOCC1,96.0,7.017728766960431,1,576.6540000000001
COc1cc2c(Oc3cccc(NC(=O)Nc4cc(C(C)(C)C)on4)c3)ncnc2cc1OCCN1CCOCC1,165.0,6.782516055786093,1,562.6270000000002
COc1cc2c(cc1Cl)C(c1ccc(Cl)c(Cl)c1)=NCC2,10000.0,5.0,0,340.6370000000001
COc1cc2c(cc1Cl)C(c1cccc(Cl)c1)=NCC2,10000.0,5.0,0,306.19200000000006
COc1cc2c(cnc3[nH]nc(C4CC4)c32)cc1-c1c(F)ccc(NS(=O)(=O)CCCF)c1Cl,7.0,8.154901959985743,1,506.9620000000002
COc1cc2c(cnc3[nH]nc(C4CC4)c32)cc1-c1c(F)ccc(NS(=O)(=O)CCCF)c1F,7.0,8.154901959985743,1,490.5070000000002
COc1cc2c(cnc3[nH]ncc32)cc1-c1c(F)ccc(NS(=O)(=O)CCCF)c1Cl,7.0,8.154901959985743,1,466.89700000000016
COc1cc2cc(Oc3ccc(NC(=O)Nc4ccc(Cl)c(C(F)(F)F)c4)cc3)c(C)nc2cc1OC,795.0,6.0996328713435295,1,531.9180000000001
COc1cc2nc(Nc3ccc([C@@H](C)NC(C)=O)cc3)ncc2cc1-c1ccncc1,111.5625,6.952481762207713,1,413.4810000000001
COc1cc2nccc(Oc3ccc(NC(=O)c4c(-c5ccccc5)n(C)n(-c5ccccc5)c4=O)nc3)c2cc1OC,1000.0,6.0,1,573.6090000000002
COc1cc2nccc(Oc3ccc4c(C(=O)Nc5ccc(Cl)cc5)cccc4c3)c2cc1OC,40.0,7.3979400086720375,1,484.9390000000002
COc1cc2ncnc(Nc3ccc(F)c(Cl)c3)c2cc1OCCCN1CCOCC1,16000.0,4.795880017344075,0,446.9100000000004
COc1cc2ncnc(Nc3ccc(NC(=O)Nc4ccc(Cl)c(C(F)(F)F)c4)c(Cl)c3)c2c2c1OCCO2,275.0,6.560667306169737,1,580.35
COc1cc2ncnc(Nc3ccc(NC(=O)Nc4ccc(Cl)c(C(F)(F)F)c4)cc3)c2cc1OCCCN1CCOCC1,455.0,6.341988603342887,1,631.0549999999997
COc1cc2ncnc(Nc3ccc(NC(=O)Nc4cccc(S(C)(=O)=O)c4)c(Cl)c3)c2c2c1OCCO2,5000.0,5.301029995663981,0,556.0000000000002
COc1cc2ncnc(Nc3cccc(NC(=O)Nc4cc(C(C)(C)C)on4)c3)c2cc1OC,82.0,7.086186147616283,1,462.5100000000003
COc1cc2ncnc(Nc3cccc(NC(=O)Nc4ccc(Cl)c(C(F)(F)F)c4)c3)c2cc1OCCCN1CCOCC1,135.0,6.8696662315049934,1,631.0549999999997
COc1cc2ncnc(Nc3cccc(NC(=O)Nc4ccc(F)c(Cl)c4)c3)c2cc1OCCCN1CCOCC1,43.0,7.366531544420414,1,581.0480000000001
COc1cc2ncnc(Nc3cccc(NC(=O)Nc4cccc(C)c4)c3)c2cc1OCCCN1CCOCC1,86.5,7.062983892535186,1,542.6400000000002
COc1cc2ncnc(Nc3cccc(O)c3)c2cc1-c1ccc(N)cc1,66.19999999999999,7.1791420105603,1,358.4010000000001
COc1cc2ncnc(Nc3cccc(O)c3)c2cc1-c1ccc(O)cc1,63.449999999999996,7.197568373569276,1,359.3850000000001
COc1cc2ncnc(Oc3cc(NC(=O)Nc4cc(C(C)(C)C)on4)c(F)cc3F)c2cc1OC,113.0,6.94692155651658,1,499.4740000000003
COc1cc2ncnc(Oc3cc(NC(=O)Nc4cc(C(C)(C)C)on4)ccc3F)c2cc1OC,62.0,7.2076083105017466,1,481.48400000000026
COc1cc2ncnc(Oc3ccc(Cl)c(NC(=O)Nc4cc(C(C)(C)C)on4)c3)c2cc1OC,229.0,6.640164517660112,1,497.9390000000003
COc1cc2ncnc(Oc3ccc(F)c(NC(=O)Nc4cc(C(C)(C)C)on4)c3)c2cc1OC,113.0,6.94692155651658,1,481.48400000000026
COc1cc2ncnc(Oc3ccc(NC(=O)Nc4cc(C(F)(F)F)ccc4F)cc3)c2c2c1OCCO2,275.0,6.560667306169737,1,530.4340000000002
COc1cc2ncnc(Oc3ccc(NC(=O)Nc4ccc(Cl)c(C(F)(F)F)c4)c(F)c3)c2c2c1OCCO2,50.0,7.301029995663981,1,564.8790000000001
COc1cc2ncnc(Oc3ccc(NC(=O)Nc4ccc(Cl)c(C(F)(F)F)c4)cc3)c2c2c1OCCO2,275.0,6.560667306169737,1,546.8890000000001
COc1cc2ncnc(Oc3ccc(NC(=O)Nc4cccc(C(F)(F)F)c4)cc3)c2cc1OC,63.0,7.200659450546418,1,484.4340000000002
COc1cc2ncnc(Oc3cccc(NC(=O)Nc4cc(-c5ccccc5)no4)c3)c2cc1OC,15000.0,4.823908740944319,0,483.4840000000002
COc1cc2ncnc(Oc3cccc(NC(=O)Nc4cc(-c5ccccc5)on4)c3)c2cc1OC,956.0,6.0195421077238995,1,483.4840000000002
COc1cc2ncnc(Oc3cccc(NC(=O)Nc4cc(C(C)(C)C#N)no4)c3)c2cc1OC,332.0,6.478861916295964,1,474.47700000000026
COc1cc2ncnc(Oc3cccc(NC(=O)Nc4cc(C(C)(C)C(F)(F)F)nn4-c4ccccc4)c3)c2cc1OC,62.0,7.2076083105017466,1,592.5780000000001
COc1cc2ncnc(Oc3cccc(NC(=O)Nc4cc(C(C)(C)C(F)(F)F)no4)c3)c2cc1OC,174.0,6.7594507517174005,1,517.4640000000002
COc1cc2ncnc(Oc3cccc(NC(=O)Nc4cc(C(C)(C)C(F)(F)F)on4)c3)c2cc1OC,82.0,7.086186147616283,1,517.4640000000002
COc1cc2ncnc(Oc3cccc(NC(=O)Nc4cc(C(C)(C)C)nn4-c4ccccc4)c3)c2cc1OC,21.0,7.6777807052660805,1,538.6080000000002
COc1cc2ncnc(Oc3cccc(NC(=O)Nc4cc(C(C)(C)C)nn4C(C)C)c3)c2cc1OC,505.0,6.296708621881338,1,504.5910000000003
COc1cc2ncnc(Oc3cccc(NC(=O)Nc4cc(C(C)(C)C)nn4C)c3)c2cc1OC,336.0,6.4736607226101555,1,476.53700000000026
COc1cc2ncnc(Oc3cccc(NC(=O)Nc4cc(C(C)(C)C)nn4C4CCCCC4)c3)c2cc1OC,1667.0,5.778064400171995,0,544.6560000000004
COc1cc2ncnc(Oc3cccc(NC(=O)Nc4cc(C(C)(C)C)nn4CC(C)C)c3)c2cc1OC,681.0,6.166852888087215,1,518.6180000000003
COc1cc2ncnc(Oc3cccc(NC(=O)Nc4cc(C(C)(C)C)nn4Cc4ccccc4)c3)c2cc1OC,480.0,6.318758762624412,1,552.6350000000002
COc1cc2ncnc(Oc3cccc(NC(=O)Nc4cc(C(C)(C)C)no4)c3)c2cc1OC,101.0,6.995678626217358,1,463.49400000000026
COc1cc2ncnc(Oc3cccc(NC(=O)Nc4cc(C(C)(C)C)on4)c3)c2cc1O,86.0,7.0655015487564325,1,449.4670000000002
COc1cc2ncnc(Oc3cccc(NC(=O)Nc4cc(C(C)(C)C)on4)c3)c2cc1OC,121.0,6.91721462968355,1,463.49400000000026
COc1cc2ncnc(Oc3cccc(NC(=O)Nc4cc(C(C)(C)C)on4)c3)c2cc1OCCCN1CCOCC1,36.0,7.443697499232712,1,576.6540000000001
COc1cc2ncnc(Oc3cccc(NC(=O)Nc4cc(C(C)(C)C)on4)c3)c2cc1OCCN1CCCCC1,293.0,6.533132379645891,1,560.6550000000001
COc1cc2ncnc(Oc3cccc(NC(=O)Nc4cc(C(C)(C)C)on4)c3)c2cc1OCCN1CCOCC1,52.0,7.2839966563652006,1,562.6270000000002
COc1cc2ncnc(Oc3cccc(NC(=O)Nc4cc(C(C)(C)C)on4)c3C)c2cc1OC,179.0,6.747146969020107,1,477.5210000000003
COc1cc2ncnc(Oc3cccc(NC(=O)Nc4cc(C(C)(C)CO)on4)c3)c2cc1OC,649.0,6.187755303199631,1,479.4930000000003
COc1cc2ncnc(Oc3cccc(NC(=O)Nc4cc(C(C)(C)F)no4)c3)c2cc1OC,155.0,6.809668301829708,1,467.4570000000002
COc1cc2ncnc(Oc3cccc(NC(=O)Nc4cc(C(C)(C)F)on4)c3)c2cc1OC,276.0,6.559090917934782,1,467.4570000000002
COc1cc2ncnc(Oc3cccc(NC(=O)Nc4cc(C(C)(CF)CF)no4)c3)c2cc1OC,339.0,6.4698003017969175,1,499.4740000000003
COc1cc2ncnc(Oc3cccc(NC(=O)Nc4cc(C(C)(CF)CF)on4)c3)c2cc1OC,109.0,6.962573502059376,1,499.4740000000003
COc1cc2ncnc(Oc3cccc(NC(=O)Nc4cc(C(C)(F)F)no4)c3)c2cc1OC,645.0,6.1904402853647325,1,471.4200000000002
COc1cc2ncnc(Oc3cccc(NC(=O)Nc4cc(C(C)C)no4)c3)c2cc1OC,340.0,6.468521082957745,1,449.4670000000002
COc1cc2ncnc(Oc3cccc(NC(=O)Nc4cc(C(C)C)on4)c3)c2cc1OC,355.0,6.449771646944906,1,449.4670000000002
COc1cc2ncnc(Oc3cccc(NC(=O)Nc4cc(C(F)(F)F)no4)c3)c2cc1OC,2229.0,5.651889931519762,0,475.38300000000015
COc1cc2ncnc(Oc3cccc(NC(=O)Nc4cc(C)on4)c3)c2cc1OC,15000.0,4.823908740944319,0,421.4130000000002
COc1cc2ncnc(Oc3cccc(NC(=O)Nc4cc(C5(C(F)(F)F)CC5)on4)c3)c2cc1OC,183.0,6.73754891026957,1,515.4480000000002
COc1cc2ncnc(Oc3cccc(NC(=O)Nc4cc(C5(C(F)(F)F)CCC5)no4)c3)c2cc1OC,308.0,6.511449283499556,1,529.4750000000003
COc1cc2ncnc(Oc3cccc(NC(=O)Nc4cc(C5CCCC5)no4)c3)c2cc1OC,1134.0,5.945386945443112,0,475.50500000000034
COc1cc2ncnc(Oc3cccc(NC(=O)Nc4cc(C5CCCC5)on4)c3)c2cc1OC,134.0,6.872895201635193,1,475.50500000000034
COc1cc2ncnc(Oc3cccc(NC(=O)Nc4ccc(C(C)(C)C)cc4)c3)c2cc1OC,290.0,6.5376020021010435,1,472.54500000000024
COc1cc2ncnc(Oc3cccc(NC(=O)Nc4ccc(Cl)c(C(F)(F)F)c4)c3)c2cc1OC,696.0,6.157390760389438,1,518.8790000000001
COc1cc2ncnc(Oc3cccc(NC(=O)Nc4ccc(Cl)cc4)c3)c2cc1OC,1850.0,5.732828271596986,0,450.8820000000001
COc1cc2ncnc(Oc3cccc(NC(=O)Nc4cccc(C(C)(C)C)c4)c3)c2cc1OC,333.0,6.47755576649368,1,472.54500000000024
COc1cc2ncnc(Oc3cccc(NC(=O)Nc4cccc(C(F)(F)F)c4)c3)c2cc1OC,1664.0,5.778846678045295,0,484.43400000000014
COc1cc2ncnc(Oc3cccc(NC(=O)Nc4ccccc4)c3)c2cc1OC,15000.0,4.823908740944319,0,416.4370000000001
COc1cc2ncnc(Oc3cccc(NC(=O)Nc4cnn(C(C)(C)C)c4)c3)c2cc1OC,1131.0,5.946537395074545,0,462.5100000000002
COc1cc2ncnc(Sc3cccc(NC(=O)Nc4cc(C(C)(C)C(F)(F)F)on4)c3)c2cc1OC,142.0,6.847711655616943,1,533.5320000000002
COc1cc2ncnc(Sc3cccc(NC(=O)Nc4cc(C(C)(C)C)on4)c3)c2cc1OC,118.0,6.928117992693875,1,479.5620000000003
COc1cc2ncnc(Sc3cccc(NC(=O)Nc4cc(C(C)(C)F)no4)c3)c2cc1OC,84.0,7.075720713938118,1,483.52500000000026
COc1cc2ncnc(Sc3cccc(NC(=O)Nc4cc(C(C)(CF)CF)on4)c3)c2cc1OC,93.0,7.031517051446065,1,515.5420000000003
COc1cc2ncnc(Sc3cccc(NC(=O)Nc4cc(C5(C(F)(F)F)CC5)on4)c3)c2cc1OC,469.0,6.328827157284917,1,531.5160000000002
COc1ccc(-c2c(C#N)c(N)nc3sc(C(N)=O)c(N)c23)cc1OC,19000.0,4.721246399047171,0,369.4060000000002
COc1ccc(-c2cc(C(=O)N3N=C(c4cccnc4)CC3c3ccccc3O)no2)cc1,237.7,6.62397081827182,1,440.4590000000002
COc1ccc(-c2cc3nccc(-c4cccc(NC(=O)c5cccc(C(F)(F)F)c5)c4)n3n2)cc1,10000.0,5.0,0,488.4690000000001
COc1ccc(-c2ccc(C(=O)N3N=C(c4cccnc4)CC3c3ccccc3O)o2)cc1,1859.0,5.730720610228102,0,439.4710000000001
COc1ccc(-c2ccc3nccc(Nc4cccc5[nH]ncc45)c3c2)cc1C=O,108.19999999999999,6.9657727392294495,1,394.43400000000014
COc1ccc(-c2ccc3nccc(Nc4cccc5[nH]ncc45)c3c2)cc1Cl,272.6,6.564474148501345,1,400.86900000000014
COc1ccc(-c2ccc3nccc(Nc4cccc5[nH]ncc45)c3c2)cc1F,194.4,6.711303739409744,1,384.4140000000001
COc1ccc(-c2ccc3nccc(Nc4cccc5[nH]ncc45)c3c2)cc1OC,276.85,6.5577554721520475,1,396.45000000000016
COc1ccc(-c2ccc3ncnc(Nc4cccc(O)c4)c3c2)cc1,83.5,7.078313524516398,1,343.3860000000001
COc1ccc(-c2ccc3ncnc(Nc4cccc5[nH]ncc45)c3c2)c(C)c1,804.5,6.094473951564952,1,381.43900000000014
COc1ccc(-c2ccc3ncnc(Nc4cccc5[nH]ncc45)c3c2)cc1,764.0,6.11690664142431,1,367.4120000000001
COc1ccc(-c2ccc3ncnc(Nc4cccc5[nH]ncc45)c3c2)cc1C,603.0999999999999,6.219610671529047,1,381.43900000000014
COc1ccc(-c2ccc3ncnc(Nc4cccc5[nH]ncc45)c3c2)cc1C=O,89.35,7.048905443158337,1,395.42200000000014
COc1ccc(-c2ccc3ncnc(Nc4cccc5[nH]ncc45)c3c2)cc1Cl,227.89999999999998,6.642255674819625,1,401.8570000000001
COc1ccc(-c2ccc3ncnc(Nc4cccc5[nH]ncc45)c3c2)cc1F,188.85000000000002,6.723883010836456,1,385.4020000000001
COc1ccc(-c2ccc3ncnc(Nc4cccc5[nH]ncc45)c3c2)cc1OC,231.85,6.634792899768176,1,397.43800000000016
COc1ccc(-c2ccc3ncnc(Oc4cccc(O)c4)c3c2)cc1,164.55,6.783702113369608,1,344.37000000000006
COc1ccc(-c2n[nH]c(/N=C/c3ccc(O)c(OC)c3)n2)cc1,700.0,6.154901959985743,1,324.3400000000001
COc1ccc(-c2nc3sccn3c2-c2ccnc(NCCNS(=O)(=O)c3ccc(C)cc3)n2)cc1,22905.0,4.640069703887898,0,520.6400000000003
COc1ccc(-c2nc3sccn3c2-c2ccnc(NCCNS(=O)(=O)c3ccc(F)cc3)n2)cc1,11230.0,4.949620243738543,0,524.6030000000003
COc1ccc(-c2nc3sccn3c2-c2ccnc(NCCNS(=O)(=O)c3ccc(OC)cc3)n2)cc1,18100.0,4.7423214251308154,0,536.6390000000004
COc1ccc(-c2nc3sccn3c2-c2ccnc(NCCNS(=O)(=O)c3cccc4ccccc34)n2)cc1,27890.0,4.55455148573395,0,556.6730000000002
COc1ccc(-c2nn(-c3cccc(NC(=O)c4cccc(C(F)(F)F)c4)c3)cc2-c2ccncc2)cc1Cl,158.0,6.801342913045577,1,548.9520000000001
COc1ccc(-n2c(SCC(=O)Nc3ccc(-c4nc5ccccc5[nH]4)cc3)nc3ccccc3c2=O)cc1,100000.0,4.0,0,533.6130000000003
COc1ccc(-n2cc(NC(=O)c3cccc(NC(=O)Nc4ccc(Cl)c(C(F)(F)F)c4)c3)cn2)cc1,127.5,6.894489815230026,1,529.9060000000001
COc1ccc(-n2cnc3ccc(-c4nnc(SCc5cccc(C#N)c5)o4)cc32)cc1,10000.0,5.0,0,439.5000000000002
COc1ccc(-n2nc(-c3ccncc3)c(-c3ccc(F)cc3)c2N)cc1,860.0,6.0655015487564325,1,360.3920000000001
COc1ccc(/C=C\c2cc(OC)c(OC)c(OC)c2)cc1NC(=O)CCC(=O)N[C@@H](CCCNC(=N)N)C(=O)O,10000.0,5.0,0,571.6310000000003
COc1ccc(/N=N/c2ccc(F)c(C(=O)Nc3cnc4[nH]nc(OC)c4c3)c2F)cc1,92.0,7.036212172654444,1,438.3940000000001
COc1ccc(/N=N/c2cccc(C(=O)Nc3cnc4[nH]nc(OC)c4c3)c2)cc1,100.0,7.0,1,402.41400000000016
COc1ccc(/N=N\c2ccc(F)c(C(=O)Nc3cnc4[nH]nc(OC)c4c3)c2F)cc1,470.0,6.327902142064283,1,438.3940000000001
COc1ccc(/N=N\c2cccc(C(=O)Nc3cnc4[nH]nc(OC)c4c3)c2)cc1,450.0,6.346787486224656,1,402.41400000000016
COc1ccc(C(=O)CSc2nccc(Nc3ccc(N4CCOCC4)cc3)n2)cc1,440.0,6.356547323513812,1,436.53700000000026
COc1ccc(C(=O)N2CCN(c3nnc(Cc4ccccc4)c4ccccc34)CC2)cc1,4668.0,5.330869152626668,0,438.5310000000001
COc1ccc(C(=O)Nc2cc(C(C)(C)C)on2)cc1Nc1ncnc2cnc(N(C)C)nc12,8.0,8.096910013008056,1,462.5140000000002
COc1ccc(C(=O)Nc2cc(C(C)(C)C)on2)cc1Nc1ncnc2cnc(N(C)CCN3CCCC3)nc12,4.0,8.397940008672037,1,545.6480000000003
COc1ccc(C(=O)Nc2cc(C(C)(C)C)on2)cc1Nc1ncnc2cnc(N3CCCC3)nc12,20.0,7.698970004336019,1,488.5520000000003
COc1ccc(C(=O)Nc2cc(C(C)(C)C)on2)cc1Nc1ncnc2cnc(N3CCCCCC3)nc12,3.0,8.522878745280337,1,516.6060000000003
COc1ccc(C(=O)Nc2cc(C(C)(C)C)on2)cc1Nc1ncnc2cnc(N3CCCN(C)CC3)nc12,2.0,8.698970004336019,1,531.6210000000003
COc1ccc(C(=O)Nc2cc(C(C)(C)C)on2)cc1Nc1ncnc2cnc(N3CCN(C)CC3)nc12,2.0,8.698970004336019,1,517.5940000000003
COc1ccc(C(=O)Nc2cc(C(C)(C)C)on2)cc1Nc1ncnc2cnc(N3CCOCC3)nc12,2.0,8.698970004336019,1,504.55100000000033
COc1ccc(C(=O)Nc2ccc(C)c(-c3cc(N4CCOCC4)c(=O)n(C)c3)c2)cc1C(F)(F)F,1.8,8.744727494896694,1,501.5050000000003
COc1ccc(C(=O)Nc2ccc(C)c(C(=O)Nc3ccc(-c4ncc[nH]4)nc3)c2)cc1,40400.0,4.393618634889395,0,427.4640000000001
COc1ccc(C(=O)Nc2ccc(C)c(C(=O)Nc3cccnc3)c2)cc1,115.0,6.939302159646388,1,361.40100000000007
COc1ccc(C(=O)Nc2ccc(C)c(Nc3ncnc4cnc(N(C)C)nc34)c2)cc1C(F)(F)F,3.0,8.522878745280337,1,497.48100000000017
COc1ccc(C(=O)Nc2ccc(C)c(Nc3ncnc4cnc(N5CCN(C)CC5)nc34)c2)cc1C(F)(F)F,13.0,7.886056647693163,1,552.5610000000005
COc1ccc(C(=O)Nc2ccc(OC)c(C(F)(F)F)c2)cc1Nc1ncnc2cnc(N(C)C)nc12,2.0,8.698970004336019,1,513.4800000000001
COc1ccc(C(=O)Nc2ccc(OC)c(C(F)(F)F)c2)cc1Nc1ncnc2cnc(N(C)CCN(C)C)nc12,4.0,8.397940008672037,1,570.576
COc1ccc(C(=O)Nc2ccc(OC)c(C(F)(F)F)c2)cc1Nc1ncnc2cnc(N(C)CCN3CCCC3)nc12,3.0,8.522878745280337,1,596.6139999999998
COc1ccc(C(=O)Nc2ccc(OC)c(C(F)(F)F)c2)cc1Nc1ncnc2cnc(N3CCCC3)nc12,24.0,7.619788758288394,1,539.5180000000001
COc1ccc(C(=O)Nc2ccc(OC)c(C(F)(F)F)c2)cc1Nc1ncnc2cnc(N3CCCCC3)nc12,7.0,8.154901959985743,1,553.5450000000001
COc1ccc(C(=O)Nc2ccc(OC)c(C(F)(F)F)c2)cc1Nc1ncnc2cnc(N3CCCCCC3)nc12,1.0,9.0,1,567.572
COc1ccc(C(=O)Nc2ccc(OC)c(C(F)(F)F)c2)cc1Nc1ncnc2cnc(N3CCCN(C)CC3)nc12,3.0,8.522878745280337,1,582.587
COc1ccc(C(=O)Nc2ccc(OC)c(C(F)(F)F)c2)cc1Nc1ncnc2cnc(N3CCN(C)CC3)nc12,6.0,8.221848749616356,1,568.56
COc1ccc(C(=O)Nc2ccc(OC)c(C(F)(F)F)c2)cc1Nc1ncnc2cnc(N3CCOCC3)nc12,2.0,8.698970004336019,1,555.517
COc1ccc(C(=O)Nc2ccc(OC)c(C(F)(F)F)c2)cc1Nc1ncnc2cnc(NCCCN3CCOCC3)nc12,5.0,8.301029995663981,1,612.6129999999998
COc1ccc(C(=O)Nc2ccc(OC)c(C(F)(F)F)c2)cc1Nc1ncnc2cnc(NCCN(C)C)nc12,8.0,8.096910013008056,1,556.5490000000001
COc1ccc(C(=O)Nc2ccc(OC)c(C(F)(F)F)c2)cc1Nc1ncnc2cnc(NCCN3CCOCC3)nc12,3.0,8.522878745280337,1,598.5859999999999
COc1ccc(C(=O)Nc2cccc(C(F)(F)F)c2)cc1Nc1ncnc2c(N)nc(N3CCCN(C)CC3)nc12,58.0,7.236572006437063,1,567.576
COc1ccc(C(=O)Nc2cccc(C(F)(F)F)c2)cc1Nc1ncnc2c(N)nc(N3CCN(C)CC3)nc12,35.0,7.455931955649724,1,553.5490000000001
COc1ccc(C(=O)Nc2cccc(C(F)(F)F)c2)cc1Nc1ncnc2c(N)nc(N3CCN(C4CCN(C)CC4)CC3)nc12,14.0,7.853871964321762,1,636.6829999999998
COc1ccc(C(=O)Nc2cccc(C(F)(F)F)c2)cc1Nc1ncnc2c(N)nc(N3CCN(CC4CCN(C)CC4)CC3)nc12,12.0,7.920818753952375,1,650.7099999999997
COc1ccc(C(=O)Nc2cnc(C)c(-c3cc(N4CCOCC4)c(=O)n(C)c3)c2)cc1C(F)(F)F,2.6768,8.572384076381681,1,502.4930000000003
COc1ccc(C(=O)Nc2cnc(C)c(-c3ccnc(N4CCOCC4)c3)c2)cc1C(F)(F)F,9.093399999999999,8.041273704769752,1,472.46700000000027
COc1ccc(C(=O)Nc2cnc(Cl)c(-c3cc(N4CCOCC4)c(=O)n(C)c3)c2)cc1C(F)(F)F,6.8,8.167491087293763,1,522.9110000000004
COc1ccc(C(C)(C)C)cc1NC(=O)c1ccc(C)c(Nc2ncnc3c(N)nc(N4CCN(C)CC4)nc23)c1,21.0,7.6777807052660805,1,555.6870000000002
COc1ccc(C(C)(C)C)cc1NC(=O)c1ccc(C)c(Nc2ncnc3cnc(N(C)CCN(C)C)nc23)c1,4.0,8.397940008672037,1,542.6880000000002
COc1ccc(C(C)(C)C)cc1NC(=O)c1ccc(C)c(Nc2ncnc3cnc(N4CCCCC4)nc23)c1,10.0,8.0,1,525.6570000000004
COc1ccc(C(C)(C)C)cc1NC(=O)c1ccc(C)c(Nc2ncnc3cnc(N4CCCN(C)CC4)nc23)c1,2.0,8.698970004336019,1,554.6990000000002
COc1ccc(C(C)(C)C)cc1NC(=O)c1ccc(C)c(Nc2ncnc3cnc(N4CCN(C)CC4)nc23)c1,6.0,8.221848749616356,1,540.6720000000003
COc1ccc(C(C)(C)C)cc1NC(=O)c1ccc(C)c(Nc2ncnc3cnc(N4CCN(CC5CCN(C)CC5)CC4)nc23)c1,3.0,8.522878745280337,1,637.8329999999999
COc1ccc(C(C)(C)C)cc1NC(=O)c1ccc(C)c(Nc2ncnc3cnc(N4CCNCC4)nc23)c1,2.0,8.698970004336019,1,526.6450000000003
COc1ccc(C(C)(C)C)cc1NC(=O)c1ccc(C)c(Nc2ncnc3cnc(N4CCOCC4)nc23)c1,4.0,8.397940008672037,1,527.6290000000004
COc1ccc(C(C)(C)C)cc1NC(=O)c1ccc(C)c(Nc2ncnc3cnc(N4CC[C@H](F)C4)nc23)c1,21.0,7.6777807052660805,1,529.6200000000002
COc1ccc(C(F)(F)F)cc1NC(=O)Nc1ccc(Oc2ccnc3[nH]c(=O)[nH]c23)cc1,12.0,7.920818753952375,1,459.3840000000002
COc1ccc(C(F)(F)F)cc1NC(=O)c1ccc(C)c(Nc2ncnc3cnc(N(C)CCN(C)C)nc23)c1,15.0,7.823908740944319,1,554.5770000000002
COc1ccc(C(F)(F)F)cc1NC(=O)c1ccc(C)c(Nc2ncnc3cnc(N4CCCC4)nc23)c1,120.0,6.920818753952375,1,523.5190000000003
COc1ccc(C(F)(F)F)cc1NC(=O)c1ccc(C)c(Nc2ncnc3cnc(N4CCCCC4)nc23)c1,9.0,8.045757490560675,1,537.5460000000003
COc1ccc(C(F)(F)F)cc1NC(=O)c1ccc(C)c(Nc2ncnc3cnc(N4CCCN(C)CC4)nc23)c1,8.0,8.096910013008056,1,566.5880000000002
COc1ccc(C(F)(F)F)cc1NC(=O)c1ccc(C)c(Nc2ncnc3cnc(N4CCN(C)CC4)nc23)c1,5.0,8.301029995663981,1,552.5610000000003
COc1ccc(C(F)(F)F)cc1NC(=O)c1ccc(C)c(Nc2ncnc3cnc(N4CCN(CC5CCN(C)CC5)CC4)nc23)c1,1.0,9.0,1,649.7219999999999
COc1ccc(C(F)(F)F)cc1NC(=O)c1ccc(C)c(Nc2ncnc3cnc(N4CCOCC4)nc23)c1,1.0,9.0,1,539.5180000000003
COc1ccc(C(F)(F)F)cc1NC(=O)c1ccc(C)c(Nc2ncnc3cnc(N4CC[C@H](F)C4)nc23)c1,2.0,8.698970004336019,1,541.5090000000002
COc1ccc(C(F)(F)F)cc1NC(=O)c1ccc(C)c(Nc2ncnc3cnc(NC4CCOC4)nc23)c1,1.0,9.0,1,539.5180000000003
COc1ccc(C(c2ccc3cccnc3c2O)N2CCOCC2)cc1,2450.0,5.610833915635467,0,350.4180000000002
COc1ccc(C2=NN(C(=O)c3ccc(Cl)cc3O)C(c3ccc(Cl)cc3)C2)cc1,810.0,6.0915149811213505,1,441.3140000000002
COc1ccc(C=C2C(=O)NC(=S)NC2=O)cc1OC(=O)c1ccccc1,4010.0,5.396855627379818,0,382.39700000000016
COc1ccc(CN2C(=O)c3ccccc3C2(O)c2ccc3c(c2)NC(=O)CO3)cc1,10000.0,5.0,0,416.43300000000016
COc1ccc(CN2CCCN(Cc3ccc(OC)cc3)C2c2cccc(C)n2)cc1,100000.0,4.0,0,417.5530000000001
COc1ccc(CNC(=O)N[C@@H]2[C@H]3Oc4ccc(Oc5ccnc6c5CCC(=O)N6)cc4[C@@H]23)cc1,40000.0,4.3979400086720375,0,472.50100000000026
COc1ccc(CNc2ccc3c(c2)ncn3-c2ccccc2)cc1OC,1000.0,6.0,1,359.4290000000001
COc1ccc(COc2ccc(Cc3cnc(N)nc3N)cc2OC)cc1,4800.0,5.318758762624412,0,366.4210000000001
COc1ccc(Cc2nnc(N3CCN(C(=O)Nc4ccc(Cl)c(C(F)(F)F)c4)CC3)c3ccccc23)cc1,2829.0,5.548367052543009,0,555.9880000000002
COc1ccc(Cc2nnc(N3CCN(C(=O)Nc4ccc(OC)cc4)CC3)c3ccccc23)cc1,3703.0,5.431446287950557,0,483.57200000000023
COc1ccc(Cc2nnc(N3CCN(C(=O)Nc4ccccc4)CC3)c3ccccc23)cc1,4753.0,5.323032185705242,0,453.54600000000016
COc1ccc(Cc2nnc(N3CCN(C(=O)c4ccccc4)CC3)c3ccccc23)cc1,3258.0,5.487048920027509,0,438.5310000000001
COc1ccc(Cc2nnc(N3CCN(C(=S)Nc4ccc(Cl)cc4)CC3)c3ccccc23)cc1,2466.0,5.608006927740287,0,504.0590000000002
COc1ccc(Cc2nnc(N3CCN(C(=S)Nc4ccc(OC)cc4)CC3)c3ccccc23)cc1,3051.0,5.515557792357593,0,499.6400000000002
COc1ccc(Cc2nnc(N3CCN(C(=S)Nc4cccc(Cl)c4)CC3)c3ccccc23)cc1,8138.0,5.0894823144827335,0,504.0590000000002
COc1ccc(Cc2nnc(N3CCN(C(=S)Nc4ccccc4)CC3)c3ccccc23)cc1,4734.0,5.324771746406936,0,469.61400000000015
COc1ccc(Cl)c(NC(=O)N[C@@H]2[C@H]3Oc4ccc(Oc5ccnc6c5CCC(=O)N6)cc4[C@@H]23)c1,2200.0,5.657577319177793,0,492.9190000000003
COc1ccc(Cl)cc1N1C(=O)c2ccccc2C1(O)c1ccc2c(c1)NC(=O)CO2,1000.0,6.0,1,436.8510000000002
COc1ccc(Cn2ncc(NC(=O)c3cc(NC(=O)Nc4ccc(Cl)c(C(F)(F)F)c4)ccc3C)c2N)cc1,3.32,8.478861916295964,1,572.975
COc1ccc(N(C)c2ncccc2-c2nc(C)nc(N)n2)cn1,1000.0,6.0,1,323.36000000000007
COc1ccc(N2CCN(c3c(CO)c(=O)oc4ccccc34)CC2)cc1,1840.0,5.735182176990463,0,366.4170000000001
COc1ccc(NC(=O)N2CCN(c3nnc(Cc4ccccc4)c4ccccc34)CC2)cc1,2429.0,5.614572485194869,0,453.54600000000016
COc1ccc(NC(=O)N[C@@H]2[C@H]3Oc4ccc(Oc5ccnc6c5CCC(=O)N6)cc4[C@@H]23)c(Cl)c1,1800.0,5.7447274948966935,0,492.9190000000002
COc1ccc(NC(=O)N[C@@H]2[C@H]3Oc4ccc(Oc5ccnc6c5CCC(=O)N6)cc4[C@@H]23)cc1,800.0,6.096910013008056,1,458.4740000000002
COc1ccc(NC(=O)N[C@@H]2[C@H]3Oc4ccc(Oc5ccnc6c5CCC(=O)N6)cc4[C@@H]23)cc1C(F)(F)F,12600.0,4.899629454882437,0,526.4710000000002
COc1ccc(NC(=O)N[C@@H]2[C@H]3Oc4ccc(Oc5ccnc6c5CCC(=O)N6)cc4[C@@H]23)cc1OC,2300.0,5.638272163982407,0,488.5000000000003
COc1ccc(NC(=O)Nc2ccc(Oc3ccc(C(=O)c4ncc[nH]4)cc3)cc2)cc1,1700.0,5.769551078621726,0,428.4480000000001
COc1ccc(NC(=O)Nc2cccc(Oc3ccc4nccnc4c3)c2)cc1,100.0,7.0,1,386.41100000000006
COc1ccc(NC(=O)Nc2cnc(Oc3ccnc(NC(=O)C4CC4)c3)c(C)c2)cc1C(F)(F)F,8.6,8.065501548756432,1,501.4650000000002
COc1ccc(NC(=O)c2cc(NC(=O)c3cccc(C(C)(C)C#N)c3)ccc2C)cn1,116.0,6.935542010773082,1,428.4920000000002
COc1ccc(NC(=O)c2ccc(C(F)(F)F)c(Nc3ncnc4cnc(N(C)C)nc34)c2)cc1C(F)(F)F,543.0,6.265200170411153,1,551.4510000000002
COc1ccc(NC(=O)c2ccc(C(F)(F)F)c(Nc3ncnc4cnc(N(C)CCN(C)C)nc34)c2)cc1C(F)(F)F,972.0,6.012333735073725,1,608.5470000000004
COc1ccc(NC(=O)c2ccc(C(F)(F)F)c(Nc3ncnc4cnc(N(C)CCN5CCCC5)nc34)c2)cc1C(F)(F)F,451.0,6.345823458122039,1,634.5850000000004
COc1ccc(NC(=O)c2ccc(C(F)(F)F)c(Nc3ncnc4cnc(N5CCCC5)nc34)c2)cc1C(F)(F)F,381.0,6.419075024324381,1,577.4890000000004
COc1ccc(NC(=O)c2ccc(C(F)(F)F)c(Nc3ncnc4cnc(N5CCCCC5)nc34)c2)cc1C(F)(F)F,1000.0,6.0,1,591.5160000000004
COc1ccc(NC(=O)c2ccc(C(F)(F)F)c(Nc3ncnc4cnc(N5CCCCCC5)nc34)c2)cc1C(F)(F)F,2000.0,5.698970004336019,0,605.5430000000005
COc1ccc(NC(=O)c2ccc(C(F)(F)F)c(Nc3ncnc4cnc(N5CCCN(C)CC5)nc34)c2)cc1C(F)(F)F,283.0,6.548213564475709,1,620.5580000000003
COc1ccc(NC(=O)c2ccc(C(F)(F)F)c(Nc3ncnc4cnc(N5CCN(C)CC5)nc34)c2)cc1C(F)(F)F,95.0,7.022276394711152,1,606.5310000000004
COc1ccc(NC(=O)c2ccc(C(F)(F)F)c(Nc3ncnc4cnc(N5CCOCC5)nc34)c2)cc1C(F)(F)F,5.0,8.301029995663981,1,593.4880000000004
COc1ccc(NC(=O)c2ccc(C(F)(F)F)c(Nc3ncnc4cnc(NCCCN5CCOCC5)nc34)c2)cc1C(F)(F)F,587.0,6.231361898752385,1,650.5840000000003
COc1ccc(NC(=O)c2ccc(C(F)(F)F)c(Nc3ncnc4cnc(NCCN(C)C)nc34)c2)cc1C(F)(F)F,2231.0,5.651500429716163,0,594.5200000000003
COc1ccc(NC(=O)c2ccc(C(F)(F)F)c(Nc3ncnc4cnc(NCCN5CCOCC5)nc34)c2)cc1C(F)(F)F,318.0,6.497572880015567,1,636.5570000000004
COc1ccc(NC(=O)c2ccc(C)c(N(C)c3ncnc4cnc(N5CCOCC5)nc34)c2)cc1C(F)(F)F,18.0,7.7447274948966935,1,553.5450000000004
COc1ccc(NC(=O)c2ccc(C)c(N(C)c3ncnc4cnc(N5CC[C@H](F)C5)nc34)c2)cc1C(F)(F)F,65.0,7.187086643357144,1,555.5360000000004
COc1ccc(NC(=O)c2ccc(C)c(N(C)c3ncnc4cnc(NC5CCOC5)nc34)c2)cc1C(F)(F)F,27.0,7.568636235841013,1,553.5450000000004
COc1ccc(NC(=O)c2ccc(C)c(Nc3ncnc4c(N)nc(N5CCCN(C)CC5)nc34)c2)cc1C(F)(F)F,1.0,9.0,1,581.6030000000005
COc1ccc(NC(=O)c2ccc(C)c(Nc3ncnc4c(N)nc(N5CCN(C)CC5)nc34)c2)cc1C(F)(F)F,26.0,7.585026652029182,1,567.5760000000005
COc1ccc(NC(=O)c2ccc(C)c(Nc3ncnc4c(N)nc(N5CCN(C6CCN(C)CC6)CC5)nc34)c2)cc1C(F)(F)F,1.0,9.0,1,650.7100000000004
COc1ccc(NC(=O)c2ccc(C)c(Nc3ncnc4c(N)nc(N5CCN(CC6CCN(C)CC6)CC5)nc34)c2)cc1C(F)(F)F,1.0,9.0,1,664.7370000000003
COc1ccc(NC(=O)c2ccc(C)c(Nc3ncnc4ccc(N(C)C)nc34)c2)cc1C(F)(F)F,44.0,7.356547323513812,1,496.49300000000017
COc1ccc(NC(=O)c2ccc(C)c(Nc3ncnc4ccc(N5CCN(C)CC5)nc34)c2)cc1C(F)(F)F,57.0,7.2441251443275085,1,551.5730000000004
COc1ccc(NC(=O)c2ccc(C)c(Nc3ncnc4ccc(N5CCN(CC6CCN(C)CC6)CC5)nc34)c2)cc1C(F)(F)F,26.0,7.585026652029182,1,648.7340000000004
COc1ccc(NC(=O)c2ccc(C)c(Nc3ncnc4ccc(N5CCOCC5)nc34)c2)cc1C(F)(F)F,11.0,7.958607314841775,1,538.5300000000004
COc1ccc(NC(=O)c2ccc(C)c(Nc3ncnc4cnc(-n5cnc(C)c5)nc34)c2)cc1C(F)(F)F,8.0,8.096910013008056,1,534.5020000000003
COc1ccc(NC(=O)c2ccc(C)c(Nc3ncnc4cnc(N(C)C5CCN(C)C5)nc34)c2)cc1C(F)(F)F,1.0,9.0,1,566.5880000000004
COc1ccc(NC(=O)c2ccc(C)c(Nc3ncnc4cnc(N(C)C5CCOC5)nc34)c2)cc1C(F)(F)F,3.0,8.522878745280337,1,553.5450000000004
COc1ccc(NC(=O)c2ccc(C)c(Nc3ncnc4cnc(N(C)CC5CCCCO5)nc34)c2)cc1C(F)(F)F,9.0,8.045757490560675,1,581.5990000000005
COc1ccc(NC(=O)c2ccc(C)c(Nc3ncnc4cnc(N(C)CC5CCCO5)nc34)c2)cc1C(F)(F)F,3.0,8.522878745280337,1,567.5720000000005
COc1ccc(NC(=O)c2ccc(C)c(Nc3ncnc4cnc(N5CCC(CN(C)C)CC5)nc34)c2)cc1C(F)(F)F,1.0,9.0,1,594.6420000000005
COc1ccc(NC(=O)c2ccc(C)c(Nc3ncnc4cnc(N5CCC(N(C)C)C5)nc34)c2)cc1C(F)(F)F,2.0,8.698970004336019,1,566.5880000000004
COc1ccc(NC(=O)c2ccc(C)c(Nc3ncnc4cnc(N5CCC(N(C)C)CC5)nc34)c2)cc1C(F)(F)F,1.0,9.0,1,580.6150000000005
COc1ccc(NC(=O)c2ccc(C)c(Nc3ncnc4cnc(N5CCC(N6CCCC6)CC5)nc34)c2)cc1C(F)(F)F,7.0,8.154901959985743,1,606.6530000000006
COc1ccc(NC(=O)c2ccc(C)c(Nc3ncnc4cnc(N5CCC(N6CCCCC6)CC5)nc34)c2)cc1C(F)(F)F,7.0,8.154901959985743,1,620.6800000000005
COc1ccc(NC(=O)c2ccc(C)c(Nc3ncnc4cnc(N5CCC(N6CCOCC6)CC5)nc34)c2)cc1C(F)(F)F,23.0,7.638272163982407,1,622.6520000000005
COc1ccc(NC(=O)c2ccc(C)c(Nc3ncnc4cnc(N5CCC(N6C[C@@H](C)O[C@@H](C)C6)CC5)nc34)c2)cc1C(F)(F)F,14.0,7.853871964321762,1,650.7060000000004
COc1ccc(NC(=O)c2ccc(C)c(Nc3ncnc4cnc(N5CCCC5)cc34)c2)cc1C(F)(F)F,316.0,6.5003129173815966,1,522.5310000000003
COc1ccc(NC(=O)c2ccc(C)c(Nc3ncnc4cnc(N5CCCC5)nc34)c2)cc1C(F)(F)F,2.0,8.698970004336019,1,523.5190000000003
COc1ccc(NC(=O)c2ccc(C)c(Nc3ncnc4cnc(N5CCCN(C)CC5)nc34)c2)cc1C(F)(F)F,1.0,9.0,1,566.5880000000005
COc1ccc(NC(=O)c2ccc(C)c(Nc3ncnc4cnc(N5CCCOCC5)nc34)c2)cc1C(F)(F)F,1.0,9.0,1,553.5450000000005
COc1ccc(NC(=O)c2ccc(C)c(Nc3ncnc4cnc(N5CCC[C@H]5CO)nc34)c2)cc1C(F)(F)F,4.0,8.397940008672037,1,553.5450000000004
COc1ccc(NC(=O)c2ccc(C)c(Nc3ncnc4cnc(N5CCN(C(C)C)CC5)nc34)c2)cc1C(F)(F)F,2.0,8.698970004336019,1,580.6150000000005
COc1ccc(NC(=O)c2ccc(C)c(Nc3ncnc4cnc(N5CCN(C)CC5)cc34)c2)cc1C(F)(F)F,224.0,6.649751981665837,1,551.5730000000004
COc1ccc(NC(=O)c2ccc(C)c(Nc3ncnc4cnc(N5CCN(C)CC5)nc34)c2)cc1C(F)(F)F,2.0,8.698970004336019,1,552.5610000000005
COc1ccc(NC(=O)c2ccc(C)c(Nc3ncnc4cnc(N5CCN(C6CC6)CC5)nc34)c2)cc1C(F)(F)F,7.0,8.154901959985743,1,578.5990000000005
COc1ccc(NC(=O)c2ccc(C)c(Nc3ncnc4cnc(N5CCN(C6CCN(C)CC6)CC5)nc34)c2)cc1C(F)(F)F,4.0,8.397940008672037,1,635.6950000000005
COc1ccc(NC(=O)c2ccc(C)c(Nc3ncnc4cnc(N5CCN(CC(C)C)CC5)nc34)c2)cc1C(F)(F)F,4.0,8.397940008672037,1,594.6420000000005
COc1ccc(NC(=O)c2ccc(C)c(Nc3ncnc4cnc(N5CCN(CC6CCCN(C)C6)CC5)nc34)c2)cc1C(F)(F)F,3.0,8.522878745280337,1,649.7220000000004
COc1ccc(NC(=O)c2ccc(C)c(Nc3ncnc4cnc(N5CCN(CC6CCN(C)CC6)CC5)nc34)c2)cc1C(F)(F)F,1.0,9.0,1,649.7220000000004
COc1ccc(NC(=O)c2ccc(C)c(Nc3ncnc4cnc(N5CCN(CC6CCOC6)CC5)nc34)c2)cc1C(F)(F)F,6.0,8.221848749616356,1,622.6520000000005
COc1ccc(NC(=O)c2ccc(C)c(Nc3ncnc4cnc(N5CCN(CCCN6CCCC6)CC5)nc34)c2)cc1C(F)(F)F,2.0,8.698970004336019,1,649.7220000000004
COc1ccc(NC(=O)c2ccc(C)c(Nc3ncnc4cnc(N5CCN(CCN6CCOCC6)CC5)nc34)c2)cc1C(F)(F)F,17.0,7.769551078621726,1,651.6940000000004
COc1ccc(NC(=O)c2ccc(C)c(Nc3ncnc4cnc(N5CCN6CCCCC6C5)nc34)c2)cc1C(F)(F)F,18.0,7.7447274948966935,1,592.6260000000005
COc1ccc(NC(=O)c2ccc(C)c(Nc3ncnc4cnc(N5CCOCC5)cc34)c2)cc1C(F)(F)F,106.0,6.97469413473523,1,538.5300000000004
COc1ccc(NC(=O)c2ccc(C)c(Nc3ncnc4cnc(N5CCOCC5)nc34)c2)cc1C(F)(F)F,1.0,9.0,1,539.5180000000004
COc1ccc(NC(=O)c2ccc(C)c(Nc3ncnc4cnc(N5CC[C@H](F)C5)nc34)c2)cc1C(F)(F)F,3.0,8.522878745280337,1,541.5090000000004
COc1ccc(NC(=O)c2ccc(C)c(Nc3ncnc4cnc(N5C[C@@H](C)N[C@@H](C)C5)nc34)c2)cc1C(F)(F)F,2.0,8.698970004336019,1,566.5880000000004
COc1ccc(NC(=O)c2ccc(C)c(Nc3ncnc4cnc(N5C[C@@H](C)O[C@@H](C)C5)nc34)c2)cc1C(F)(F)F,4.0,8.397940008672037,1,567.5720000000005
COc1ccc(NC(=O)c2ccc(C)c(Nc3ncnc4cnc(N5C[C@H]6C[C@@H]5CN6C)nc34)c2)cc1C(F)(F)F,3.0,8.522878745280337,1,564.5720000000005
COc1ccc(NC(=O)c2ccc(C)c(Nc3ncnc4cnc(NC5CC(N6CCN(C)CC6)C5)nc34)c2)cc1C(F)(F)F,1.0,9.0,1,621.6680000000005
COc1ccc(NC(=O)c2ccc(C)c(Nc3ncnc4cnc(NC5CCOC5)nc34)c2)cc1C(F)(F)F,1.0,9.0,1,539.5180000000004
COc1ccc(NC(=O)c2ccc(C)c(Nc3ncnc4cnc(NCC(C)C)nc34)c2)cc1C(F)(F)F,1.0,9.0,1,525.5350000000002
COc1ccc(NC(=O)c2ccc(C)c(Nc3ncnc4cnc(NCC5CCCCO5)nc34)c2)cc1C(F)(F)F,1.0,9.0,1,567.5720000000005
COc1ccc(NC(=O)c2ccc(Cl)c(Nc3ncnc4cnc(N(C)C)nc34)c2)cc1C(F)(F)F,2.0,8.698970004336019,1,517.8990000000002
COc1ccc(NC(=O)c2ccc(Cl)c(Nc3ncnc4cnc(N(C)CCN(C)C)nc34)c2)cc1C(F)(F)F,2.0,8.698970004336019,1,574.9950000000005
COc1ccc(NC(=O)c2ccc(Cl)c(Nc3ncnc4cnc(N(C)CCN5CCCC5)nc34)c2)cc1C(F)(F)F,3.0,8.522878745280337,1,601.0330000000005
COc1ccc(NC(=O)c2ccc(Cl)c(Nc3ncnc4cnc(N5CCCC5)nc34)c2)cc1C(F)(F)F,9.0,8.045757490560675,1,543.9370000000004
COc1ccc(NC(=O)c2ccc(Cl)c(Nc3ncnc4cnc(N5CCCCC5)nc34)c2)cc1C(F)(F)F,6.0,8.221848749616356,1,557.9640000000005
COc1ccc(NC(=O)c2ccc(Cl)c(Nc3ncnc4cnc(N5CCCCCC5)nc34)c2)cc1C(F)(F)F,7.0,8.154901959985743,1,571.9910000000006
COc1ccc(NC(=O)c2ccc(Cl)c(Nc3ncnc4cnc(N5CCCN(C)CC5)nc34)c2)cc1C(F)(F)F,1.0,9.0,1,587.0060000000004
COc1ccc(NC(=O)c2ccc(Cl)c(Nc3ncnc4cnc(N5CCN(C)CC5)nc34)c2)cc1C(F)(F)F,7.0,8.154901959985743,1,572.9790000000005
COc1ccc(NC(=O)c2ccc(Cl)c(Nc3ncnc4cnc(N5CCOCC5)nc34)c2)cc1C(F)(F)F,2.0,8.698970004336019,1,559.9360000000005
COc1ccc(NC(=O)c2ccc(Cl)c(Nc3ncnc4cnc(NCCCN5CCOCC5)nc34)c2)cc1C(F)(F)F,4.0,8.397940008672037,1,617.0320000000005
COc1ccc(NC(=O)c2ccc(Cl)c(Nc3ncnc4cnc(NCCN(C)C)nc34)c2)cc1C(F)(F)F,3.0,8.522878745280337,1,560.9680000000004
COc1ccc(NC(=O)c2ccc(Cl)c(Nc3ncnc4cnc(NCCN5CCOCC5)nc34)c2)cc1C(F)(F)F,5.0,8.301029995663981,1,603.0050000000005
COc1ccc(NC(=O)c2ccc(F)c(Nc3ncnc4cnc(N(C)C)nc34)c2)cc1C(F)(F)F,1.0,9.0,1,501.4440000000002
COc1ccc(NC(=O)c2ccc(F)c(Nc3ncnc4cnc(N(C)CCN(C)C)nc34)c2)cc1C(F)(F)F,1.0,9.0,1,558.5400000000004
COc1ccc(NC(=O)c2ccc(F)c(Nc3ncnc4cnc(N(C)CCN5CCCC5)nc34)c2)cc1C(F)(F)F,1.0,9.0,1,584.5780000000005
COc1ccc(NC(=O)c2ccc(F)c(Nc3ncnc4cnc(N5CCC(N(C)C)CC5)nc34)c2)cc1C(F)(F)F,3.0,8.522878745280337,1,584.5780000000004
COc1ccc(NC(=O)c2ccc(F)c(Nc3ncnc4cnc(N5CCCC5)nc34)c2)cc1C(F)(F)F,5.0,8.301029995663981,1,527.4820000000003
COc1ccc(NC(=O)c2ccc(F)c(Nc3ncnc4cnc(N5CCCCC5)nc34)c2)cc1C(F)(F)F,5.0,8.301029995663981,1,541.5090000000005
COc1ccc(NC(=O)c2ccc(F)c(Nc3ncnc4cnc(N5CCCCCC5)nc34)c2)cc1C(F)(F)F,1.0,9.0,1,555.5360000000005
COc1ccc(NC(=O)c2ccc(F)c(Nc3ncnc4cnc(N5CCN(C(C)C)CC5)nc34)c2)cc1C(F)(F)F,3.0,8.522878745280337,1,584.5780000000004
COc1ccc(NC(=O)c2ccc(F)c(Nc3ncnc4cnc(N5CCN(C)CC5)nc34)c2)cc1C(F)(F)F,2.0,8.698970004336019,1,556.5240000000005
COc1ccc(NC(=O)c2ccc(F)c(Nc3ncnc4cnc(N5CCN(CC6CC6)CC5)nc34)c2)cc1C(F)(F)F,6.0,8.221848749616356,1,596.5890000000005
COc1ccc(NC(=O)c2ccc(F)c(Nc3ncnc4cnc(N5CCOCC5)nc34)c2)cc1C(F)(F)F,4.0,8.397940008672037,1,543.4810000000004
COc1ccc(NC(=O)c2ccc(F)c(Nc3ncnc4cnc(NC5CCOC5)nc34)c2)cc1C(F)(F)F,1.0,9.0,1,543.4810000000003
COc1ccc(NC(=O)c2ccc(F)c(Nc3ncnc4cnc(NCCCN5CCOCC5)nc34)c2)cc1C(F)(F)F,3.0,8.522878745280337,1,600.5770000000006
COc1ccc(NC(=O)c2ccc(F)c(Nc3ncnc4cnc(NCCN(C)C)nc34)c2)cc1C(F)(F)F,2.0,8.698970004336019,1,544.5130000000004
COc1ccc(NC(=O)c2ccc(F)c(Nc3ncnc4cnc(NCCN5CCOCC5)nc34)c2)cc1C(F)(F)F,2.0,8.698970004336019,1,586.5500000000005
COc1ccc(NC(=O)c2cccc(C(F)(F)F)c2)cc1-c1ccnc2c(-c3cn[nH]c3)cnn12,98.0,7.008773924307505,1,478.43400000000014
COc1ccc(NC(=O)c2cccc(OC(F)(F)F)c2)cc1Oc1cccc2[nH]c(=O)[nH]c12,50170.0,4.299555898972248,0,459.38000000000017
COc1ccc(NC(=S)N2CCN(c3nnc(Cc4ccccc4)c4ccccc34)CC2)cc1,4495.0,5.3472703039307525,0,469.6140000000002
COc1ccc(Nc2ccccc2-c2nc(C)nc(N)n2)cn1,1000.0,6.0,1,308.345
COc1ccc(Nc2cncc(-c3cccc(NC(C)=O)c3)n2)c(OC)c1,14900.0,4.826813731587726,0,364.40500000000014
COc1ccc(Nc2cncc(-c3cccc(NC(C)=O)c3)n2)cc1,26000.0,4.585026652029182,0,334.3790000000001
COc1ccc(Nc2cncc(-c3cccc(NC(C)=O)c3)n2)cc1OC,3850.0,5.414539270491499,0,364.40500000000014
COc1ccc(Nc2nccc3c(NC(=O)c4csc5c(N)ncnc45)c(C)ccc23)cc1,23.5,7.628932137728263,1,456.53100000000023
COc1ccc(Nc2ncccc2-c2nc(C)nc(N)n2)cn1,1000.0,6.0,1,309.333
COc1ccc(Nc2ncccc2-c2nc(C)nc3nc[nH]c23)cn1,1000.0,6.0,1,333.355
COc1ccc(Nc2nccnc2-c2cc(N)nc(C)n2)cn1,1000.0,6.0,1,309.333
COc1ccc(Nc2nccnc2-c2nc(C)nc(N)n2)cn1,1000.0,6.0,1,310.321
COc1ccc(Nc2ncnc3ccc(-c4ccc(O)c(OC)c4)cc23)cc1O,974.0,6.011441043121384,1,389.4110000000002
COc1ccc(Nc2ncncc2-c2nc(C)nc(N)n2)cn1,1000.0,6.0,1,310.321
COc1ccc(OC)c(C(O)c2coc3ccc(O)c(CN4CCOCC4)c23)c1,100000.0,4.0,0,399.44300000000027
COc1ccc(OCCNc2cncc(-c3cccc(NC(C)=O)c3)n2)cc1,48000.0,4.318758762624412,0,378.43200000000013
COc1ccc(Oc2cc(C)c(-c3csc(NC(=O)c4ccnc(F)c4)n3)c(C)c2)cc1,10000.0,5.0,0,449.5070000000002
COc1ccc(S(=O)(=O)NCCCCNc2nccc(-c3c(-c4cccc(N)c4)nc4sccn34)n2)cc1,1.2,8.920818753952375,1,549.6820000000001
COc1ccc(S(=O)(=O)NCCCNc2nccc(-c3[nH]c(-c4ccccc4)nc3-c3ccc(Cl)c(O)c3)n2)cc1,7.81,8.1073489661227,1,591.0930000000002
COc1ccc(S(=O)(=O)NCCCNc2nccc(-c3[nH]c(-c4ccccc4)nc3-c3ccc(F)c(O)c3)n2)cc1,2.49,8.603800652904264,1,574.6380000000001
COc1ccc(S(=O)(=O)NCCCNc2nccc(-c3c(-c4ccc(F)c(O)c4)nc4occn34)n2)cc1,0.08,10.096910013008056,1,538.5610000000001
COc1ccc(S(=O)(=O)NCCCNc2nccc(-c3c(-c4ccc(F)c(O)c4)nc4sccn34)n2)cc1,0.05,10.301029995663981,1,554.6290000000001
COc1ccc(S(=O)(=O)NCCCNc2nccc(-c3c(-c4cccc(F)c4)nc4sccn34)n2)cc1,40.1,7.396855627379818,1,538.6300000000001
COc1ccc(S(=O)(=O)NCCCNc2nccc(-c3c(-c4cccc(OC)c4)nc4sccn34)n2)cc1,372.5,6.4288737229156885,1,550.6660000000002
COc1ccc(S(=O)(=O)NCCCNc2nccc(-c3c(-c4ccccc4)nc4sccn34)n2)cc1,182.55,6.738618162714253,1,520.6400000000002
COc1ccc(S(=O)(=O)NCCCNc2nccc(-n3ccc4cccnc43)n2)cc1,790.0,6.102372908709558,1,438.5130000000001
COc1ccc(S(=O)(=O)NCCNc2nccc(-c3c(-c4cccc(N)c4)nc4sccn34)n2)cc1,23.4,7.6307841425898575,1,521.6280000000003
COc1ccc(S(=O)(=O)NCCNc2nccc(-c3c(-c4cccc(OC)c4)nc4sccn34)n2)cc1,452.5,6.344381416458778,1,536.6390000000002
COc1ccc(S(=O)(=O)NCCNc2nccc(-c3c(-c4ccccc4)nc4sccn34)n2)cc1,268.0833333333333,6.571730185145655,1,506.61300000000017
COc1ccc(S(=O)(=O)Nc2ccc(F)c(C(=O)c3c[nH]c4ncnc(C)c34)c2F)cc1F,100.0,7.0,1,476.43600000000015
COc1ccc(S(=O)(=O)Nc2ccc(F)c(C(=O)c3c[nH]c4ncnc(OC)c34)c2F)cn1,100.0,7.0,1,475.43300000000016
COc1ccc(S(=O)(=O)Nc2ccc(F)c(Nc3ncccc3-c3ncnc4[nH]cnc34)c2F)cc1OC,1200.0,5.920818753952375,0,539.5240000000001
COc1ccc2c(=O)n(Cc3cccc(NS(=O)(=O)NCCC#N)c3F)c(=O)oc2c1,10000.0,5.0,0,448.43200000000024
COc1ccc2cc(-c3n[nH]c4cccnc34)[nH]c2c1,30000.0,4.522878745280337,0,264.288
COc1ccc2nc(C3C4Oc5ccc(Oc6ccnc7c6CCC(=O)N7)cc5C43)[nH]c2c1,15.0,7.823908740944319,1,440.45900000000023
COc1ccc2ncnc(Oc3ccc(NC(=O)Nc4cccc(C(F)(F)F)c4)cc3)c2c1,400.0,6.3979400086720375,1,454.4080000000001
COc1cccc(-c2c(-c3ccncc3)nn3c(-c4ccc(N5CC6CCC(C5)N6C)cc4)ccnc23)c1,17.0,7.769551078621726,1,502.6220000000003
COc1cccc(-c2c(-c3ccncc3)nn3c(-c4ccc(N5C[C@@H]6C[C@H]5CN6)cc4)ccnc23)c1,12.0,7.920818753952375,1,474.5680000000002
COc1cccc(-c2c(-c3ccncc3)nn3c(-c4ccc(N5C[C@@H]6C[C@H]5CN6)cc4F)ccnc23)c1,0.44,9.356547323513812,1,492.5580000000002
COc1cccc(-c2c(-c3ccncc3)nn3c(-c4ccc(N5C[C@@H]6C[C@H]5CN6C)cc4)ccnc23)c1,8.2,8.086186147616283,1,488.59500000000025
COc1cccc(-c2c(-c3ccncc3)nn3c(C4CC5CCC(C4)N5)ccnc23)c1,70.8,7.149966742310231,1,411.50900000000024
COc1cccc(-c2cc(C(=O)N3N=C(c4cccnc4)CC3c3ccccc3O)no2)c1,468.35,6.329429475433922,1,440.4590000000001
COc1cccc(-c2ccc3nccc(Nc4cccc5[nH]ncc45)c3c2)c1,383.675,6.4160364982105165,1,366.4240000000001
COc1cccc(-c2ccc3nccc(Nc4cccc5[nH]ncc45)c3c2)c1F,91.65,7.037867530701765,1,384.4140000000001
COc1cccc(-c2ccc3ncnc(Nc4cccc(O)c4)c3c2)c1,120.89999999999999,6.917573699139228,1,343.3860000000001
COc1cccc(-c2ccc3ncnc(Nc4cccc5[nH]ncc45)c3c2)c1,390.29999999999995,6.408601448718751,1,367.4120000000001
COc1cccc(-c2ccc3ncnc(Nc4cccc5[nH]ncc45)c3c2)c1F,126.55000000000001,6.8977378505057265,1,385.4020000000001
COc1cccc(-c2ccc3ncnc(Nc4cccc5[nH]ncc45)c3c2)c1OC,447.45,6.349255487582256,1,397.43800000000016
COc1cccc(-c2ccc3ncnc(Nc4ccccc4)c3c2)c1,3343.0,5.475863623407432,0,327.38700000000006
COc1cccc(-c2nc(NC3CC3)nc3sc(C(N)=O)c(N)c23)c1,6212.0,5.206768552943479,0,355.4230000000002
COc1cccc(-c2nc3sccn3c2-c2ccnc(NCCCNS(=O)(=O)c3ccc(C)cc3)n2)c1,531.0,6.274905478918531,1,534.6670000000003
COc1cccc(-c2nc3sccn3c2-c2ccnc(NCCCNS(=O)(=O)c3ccc(F)cc3)n2)c1,260.15,6.584776169767944,1,538.6300000000002
COc1cccc(-c2nc3sccn3c2-c2ccnc(NCCCNS(=O)(=O)c3ccc4ccccc4c3)n2)c1,503.5,6.298000525110363,1,570.7000000000003
COc1cccc(-c2nc3sccn3c2-c2ccnc(NCCCNS(=O)(=O)c3cccc(F)c3)n2)c1,314.0,6.503070351926785,1,538.6300000000002
COc1cccc(-c2nc3sccn3c2-c2ccnc(NCCCNS(=O)(=O)c3ccccc3)n2)c1,415.0,6.3819519032879075,1,520.6400000000003
COc1cccc(-c2nc3sccn3c2-c2ccnc(NCCN3CC(C)(C)NS3(=O)=O)n2)c1,11.165,7.952141272592543,1,499.6220000000003
COc1cccc(-c2nc3sccn3c2-c2ccnc(NCCN3CCCN(C(=O)OC(C)(C)C)S3(=O)=O)n2)c1,17.95,7.745935547085662,1,585.7120000000004
COc1cccc(-c2nc3sccn3c2-c2ccnc(NCCN3CCCN(C)S3(=O)=O)n2)c1,5.4399999999999995,8.26440110030182,1,499.62200000000036
COc1cccc(-c2nc3sccn3c2-c2ccnc(NCCN3CCCNS3(=O)=O)n2)c1,14.055,7.8521691500565405,1,485.5950000000003
COc1cccc(-c2nc3sccn3c2-c2ccnc(NCCN3CCN(C)S3(=O)=O)n2)c1,3.815,8.4185054577091,1,485.5950000000003
COc1cccc(-c2nc3sccn3c2-c2ccnc(NCCN3CCN(Cc4ccccc4)S3(=O)=O)n2)c1,12.84,7.891434976267165,1,561.6930000000003
COc1cccc(-c2nc3sccn3c2-c2ccnc(NCCN3CCNS3(=O)=O)n2)c1,15.415,7.812056470937473,1,471.56800000000027
COc1cccc(-c2nc3sccn3c2-c2ccnc(NCCNS(=O)(=O)c3ccc(C(F)(F)F)cc3)n2)c1,392.51666666666665,6.40614189793098,1,574.6100000000002
COc1cccc(-c2nc3sccn3c2-c2ccnc(NCCNS(=O)(=O)c3ccc(C)cc3)n2)c1,582.0,6.235077015350112,1,520.6400000000003
COc1cccc(-c2nc3sccn3c2-c2ccnc(NCCNS(=O)(=O)c3ccc(F)cc3)n2)c1,318.5,6.4968905633286305,1,524.6030000000003
COc1cccc(-c2nc3sccn3c2-c2ccnc(NCCNS(=O)(=O)c3ccc4ccccc4c3)n2)c1,545.0,6.2636034977233574,1,556.6730000000002
COc1cccc(-c2nc3sccn3c2-c2ccnc(NCCNS(=O)(=O)c3cccc(F)c3)n2)c1,336.5,6.473014931440004,1,524.6030000000003
COc1cccc(-c2nc3sccn3c2-c2ccnc(NCCNS(=O)(=O)c3ccccc3)n2)c1,530.5,6.27531461176264,1,506.6130000000002
COc1cccc(-c2nn(-c3ccccc3)cc2-c2ccnc(NCCCNC(=O)Nc3ccc(Cl)c(Cl)c3)c2)c1,770.0,6.113509274827518,1,587.5110000000002
COc1cccc(-c2nn(-c3ccccc3)cc2-c2ccncc2)c1,1440.0,5.841637507904751,0,327.387
COc1cccc(-n2nc(C(C)(C)C)cc2NC(=O)Nc2ccc(Oc3ccnc4[nH]c(=O)cnc34)cc2F)c1,27.5,7.560667306169737,1,543.5590000000003
COc1cccc(C(=O)Nc2ccc(C)c(C(=O)Nc3ccc(-c4ncc[nH]4)nc3)c2)c1,2470.0,5.607303046740334,0,427.46400000000006
COc1cccc(C(=O)Nc2ccc(C)c(Nc3ncccc3-c3ncnc4[nH]cnc34)c2)c1,1.2,8.920818753952375,1,451.4900000000001
COc1cccc(C(=O)Nc2cccc(-c3ccnc4cc(-c5ccncc5)nn34)c2)c1,4000.0,5.3979400086720375,0,421.4600000000001
COc1cccc(C2=NN(C(=S)Nc3ccccc3)C(c3ccc4c(c3)OCCO4)C2)c1,200000.0,3.6989700043360187,0,445.54400000000027
COc1cccc(C2CC(C(F)(F)F)n3ncc(C(=O)Nc4ccc(OC)cc4OC)c3N2)c1,100000.0,4.0,0,476.4550000000002
COc1cccc(CC(=O)Nc2ccc(Oc3ccnc4[nH]c(=O)[nH]c34)cc2)c1,10000.0,5.0,0,390.39900000000006
COc1cccc(CN2C(=O)c3ccccc3C2(O)c2ccc3c(c2)NC(=O)CO3)c1,10000.0,5.0,0,416.43300000000016
COc1cccc(CN2C(=O)c3ccccc3C2(O)c2ccc3c(c2)NC(=O)CO3)c1OC,10000.0,5.0,0,446.45900000000023
COc1cccc(N2C(=O)/C(=C\c3ccc(CN(CCC#N)S(C)(=O)=O)o3)C(=O)NC2=S)c1,1840.0,5.735182176990463,0,488.5470000000002
COc1cccc(N2C(=O)CC(N3CCN(Cc4ccccc4)CC3)C2=O)c1,100000.0,4.0,0,379.4600000000001
COc1cccc(N2C(=O)c3ccccc3C2(O)c2ccc3[nH]c(Nc4cnccn4)nc3c2)c1,100.0,7.0,1,464.4850000000001
COc1cccc(N2C(=O)c3ccccc3C2(O)c2ccc3c(c2)NC(=O)CO3)c1,100.0,7.0,1,402.4060000000002
COc1cccc(N2C(=O)c3ccccc3C2(O)c2ccc3nc(Nc4ncccn4)[nH]c3c2)c1,100.0,7.0,1,464.4850000000001
COc1cccc(N2CCN(c3c(CO)c(=O)oc4ccccc34)CC2)c1,1760.0,5.7544873321858505,0,366.4170000000001
COc1cccc(NC(=O)N[C@@H]2[C@H]3Oc4ccc(Oc5ccnc6c5CCC(=O)N6)cc4[C@@H]23)c1Cl,1900.0,5.721246399047171,0,492.9190000000003
COc1cccc(NC(=O)Nc2cccc(-c3csc4c(-c5cccnc5)cnc(N)c34)c2)c1,9.6,8.017728766960431,1,467.5540000000002
COc1cccc(NC(=O)Nc2cccc(Oc3ncnc4cc(OC)c(OC)cc34)c2)c1,10000.0,5.0,0,446.4630000000002
COc1cccc(NC(=O)c2ccc(C)c(-c3cc(N4CCOCC4)c(=O)n(C)c3)c2)c1,93.95,7.027103215563455,1,433.50800000000027
COc1cccc(NC(=S)N2CCN(c3nnc(Cc4ccccc4)c4ccccc34)CC2)c1,3878.0,5.411392195257314,0,469.61400000000026
COc1cccc(Nc2cncc(-c3cccc(NC(C)=O)c3)n2)c1,4400.0,5.356547323513812,0,334.3790000000001
COc1cccc(Nc2ncnc3ccc(-c4ccc(O)c(OC)c4)cc23)c1,565.0,6.247951552180561,1,373.41200000000015
COc1cccc(S(=O)(=O)Nc2ccc(F)c(-n3cc(-c4cnc5[nH]nc(OC)c5c4)nn3)c2F)c1,272.0,6.565431095965801,1,513.4860000000002
COc1cccc(S(=O)(=O)Nc2ccc(F)c(C#Cc3cnc4[nH]nc(OC)c4c3)c2F)c1,4000.0,5.3979400086720375,0,470.45700000000016
COc1cccc2nc(Nc3cccc(NC(=O)c4cc(-n5cnc(C)c5)cc(C(F)(F)F)c4)c3)ccc12,5190.0,5.284832642151542,0,517.5110000000001
COc1cccc2nc(Nc3cccc(NC(=O)c4cc(C(F)(F)F)cc(C(F)(F)F)c4)c3)ccc12,54725.0,4.261814229760031,0,505.41800000000006
COc1cccc2nc(Nc3cccc(NC(=O)c4cc(N5CCOCC5)cc(C(F)(F)F)c4)c3)ccc12,3680.0,5.434152181326482,0,522.5270000000003
COc1cccc2nc(Nc3cccc(NC(=O)c4ccc(N5CCN(C)CC5)c(C(F)(F)F)c4)c3)ccc12,2200.0,5.657577319177793,0,535.5700000000003
COc1cccc2nc(Nc3cccc(NC(=O)c4ccc(N5CCOCC5)c(C(F)(F)F)c4)c3)ccc12,22735.0,4.643305041458873,0,522.5270000000003
COc1ccccc1/N=N/c1ccc(F)c(C(=O)Nc2cnc3[nH]nc(OC)c3c2)c1F,300.0,6.522878745280337,1,438.3940000000001
COc1ccccc1/N=N\c1ccc(F)c(C(=O)Nc2cnc3[nH]nc(OC)c3c2)c1F,360.0,6.443697499232712,1,438.3940000000001
COc1ccccc1C1=NN(C(=S)Nc2ccccc2)C(c2ccc3c(c2)OCCO3)C1,200000.0,3.6989700043360187,0,445.54400000000027
COc1ccccc1CN1C(=O)c2ccccc2C1(O)c1ccc2c(c1)NC(=O)CO2,10000.0,5.0,0,416.43300000000016
COc1ccccc1N1C(=O)CC(N2CCC(C(N)=O)CC2)C1=O,100000.0,4.0,0,331.3720000000001
COc1ccccc1N1CCN(c2c(CO)c(=O)oc3ccccc23)CC1,10120.0,4.99481948749622,0,366.4170000000001
COc1ccccc1Nc1cncc(-c2cccc(NC(C)=O)c2)n1,74000.0,4.130768280269024,0,334.3790000000001
COc1ccnc(-c2cnc3[nH]cc(C(=O)c4cccc(NS(=O)(=O)N5CCCC5)c4F)c3c2)n1,100.0,7.0,1,496.5240000000003
COc1ccnc2[nH]cc(C(=O)c3c(F)ccc(NS(=O)(=O)c4c(F)cccc4F)c3F)c12,550.0,6.259637310505756,1,479.4110000000001
COc1ccnc2[nH]cc(C(=O)c3c(F)ccc(NS(=O)(=O)c4cc(F)ccc4F)c3F)c12,55.0,7.259637310505756,1,479.4110000000001
COc1ccnc2[nH]cc(C(=O)c3c(F)ccc(NS(=O)(=O)c4cccc(F)c4)c3F)c12,10.0,8.0,1,461.4210000000001
COc1ccnc2[nH]cc(C(=O)c3c(F)ccc(NS(=O)(=O)c4ccccc4F)c3F)c12,100.0,7.0,1,461.4210000000001
COc1ccnc2[nH]cc(C(=O)c3c(F)ccc(NS(=O)(=O)c4cccnc4)c3F)c12,100.0,7.0,1,444.4190000000001
COc1cnc2[nH]cc(C(=O)c3c(F)ccc(NS(=O)(=O)c4cc(F)ccc4F)c3F)c2c1,55.0,7.259637310505756,1,479.4110000000001
COc1cnc2[nH]cc(C(=O)c3c(F)ccc(NS(=O)(=O)c4ccccc4F)c3F)c2c1,55.0,7.259637310505756,1,461.4210000000001
COc1cncc(-c2nc(NC(C)(C)CO)nc3sc(C(N)=O)c(N)c23)c1,534.0,6.272458742971444,1,388.45300000000015
COc1cncc(-c2nc(NC3CC3)nc3sc(C(N)=O)c(N)c23)c1,351.0,6.454692883534176,1,356.4110000000002
COc1cncc(-c2nc(N[C@H](C)CO)nc3sc(C(N)=O)c(N)c23)c1,1275.0,5.894489815230026,0,374.42600000000016
COc1cncc(NC(=O)c2cc(NC(=O)c3cccc(C(C)(C)C#N)c3)ccc2C)c1,14.0,7.853871964321762,1,428.4920000000002
COc1cncc(NC(=O)c2ccc(C)c(-c3cc(N4CCOCC4)c(=O)n(C)c3)c2)c1,68.85,7.162096055407058,1,434.49600000000027
COc1n[nH]c2ncc(-c3cn(-c4c(Cl)ccc(NS(=O)(=O)c5cccc(Cl)c5)c4Cl)nn3)cc12,436.0,6.360513510731414,1,550.8150000000002
COc1n[nH]c2ncc(-c3cn(-c4c(F)ccc(NC(=O)Cc5cccc(Cl)c5)c4F)nn3)cc12,83.1,7.080398976215889,1,495.8770000000001
COc1n[nH]c2ncc(-c3cn(-c4c(F)ccc(NC(=O)Nc5cccc(Cl)c5)c4F)nn3)cc12,51.6,7.287350298372789,1,496.86500000000007
COc1n[nH]c2ncc(-c3cn(-c4c(F)ccc(NC(=O)c5cccc(Cl)c5)c4F)nn3)cc12,11.4,7.943095148663527,1,481.8500000000001
COc1n[nH]c2ncc(-c3cn(-c4c(F)ccc(NS(=O)(=O)c5ccc6ccccc6c5)c4F)nn3)cc12,856.0,6.0675262353228465,1,533.5200000000001
COc1n[nH]c2ncc(-c3cn(-c4c(F)ccc(NS(=O)(=O)c5cccc(-c6ccccc6)c5)c4F)nn3)cc12,1000.0,6.0,1,559.558
COc1n[nH]c2ncc(-c3cn(-c4c(F)ccc(NS(=O)(=O)c5cccc(Br)c5)c4F)nn3)cc12,272.3,6.564952358660036,1,562.356
COc1n[nH]c2ncc(-c3cn(-c4c(F)ccc(NS(=O)(=O)c5cccc(C#N)c5)c4F)nn3)cc12,470.3,6.327625021253921,1,508.47000000000014
COc1n[nH]c2ncc(-c3cn(-c4c(F)ccc(NS(=O)(=O)c5cccc(C(C)C)c5)c4F)nn3)cc12,190.0,6.721246399047171,1,525.5410000000002
COc1n[nH]c2ncc(-c3cn(-c4c(F)ccc(NS(=O)(=O)c5cccc(C)c5)c4F)nn3)cc12,453.0,6.343901797987168,1,497.48700000000014
COc1n[nH]c2ncc(-c3cn(-c4c(F)ccc(NS(=O)(=O)c5cccc(Cl)c5)c4F)nn3)cc12,198.0,6.703334809738469,1,517.9050000000001
COc1n[nH]c2ncc(-c3cn(-c4c(F)ccc(NS(=O)(=O)c5cccc6ccccc56)c4F)nn3)cc12,125.7,6.900664722314042,1,533.5200000000001
COc1n[nH]c2ncc(-c3cn(-c4c(F)ccc(NS(=O)(=O)c5ccccc5)c4F)nn3)cc12,39.0,7.4089353929735005,1,483.4600000000001
COc1n[nH]c2ncc(-c3cn(-c4cc(NS(=O)(=O)c5cccc(Cl)c5)ccc4F)nn3)cc12,334.0,6.476253533188435,1,499.91500000000013
COc1n[nH]c2ncc(-c3cn(-c4cccc(NS(=O)(=O)c5cccc(Cl)c5)c4)nn3)cc12,1000.0,6.0,1,481.9250000000001
COc1n[nH]c2ncc(-c3cn(-c4cccc(NS(=O)(=O)c5cccc(Cl)c5)c4F)nn3)cc12,795.0,6.0996328713435295,1,499.91500000000013
COc1n[nH]c2ncc(-c3nc(-c4c(F)ccc(NS(=O)(=O)c5cccc(Cl)c5)c4F)no3)cc12,1000.0,6.0,1,518.8890000000001
COc1n[nH]c2ncc(-c3ncc(-c4c(F)ccc(NS(=O)(=O)c5cccc(Cl)c5)c4F)[nH]3)cc12,1000.0,6.0,1,516.917
COc1n[nH]c2ncc(-c3nnc(-c4c(F)ccc(NS(=O)(=O)c5cccc(Cl)c5)c4F)o3)cc12,1000.0,6.0,1,518.8890000000001
COc1n[nH]c2ncc(C#Cc3c(F)ccc(NS(=O)(=O)c4ccc(Cl)cc4)c3F)cc12,5500.0,5.259637310505756,0,474.87600000000015
COc1n[nH]c2ncc(C#Cc3c(F)ccc(NS(=O)(=O)c4cccc(Br)c4)c3F)cc12,1000.0,6.0,1,519.3270000000001
COc1n[nH]c2ncc(C#Cc3c(F)ccc(NS(=O)(=O)c4cccc(C#N)c4)c3F)cc12,4666.666666666667,5.330993219041424,0,465.44100000000014
COc1n[nH]c2ncc(C#Cc3c(F)ccc(NS(=O)(=O)c4cccc(C)c4)c3F)cc12,10000.0,5.0,0,454.45800000000014
COc1n[nH]c2ncc(C#Cc3c(F)ccc(NS(=O)(=O)c4cccc(Cl)c4)c3F)cc12,2633.9333333333334,5.579395221527563,0,474.87600000000015
COc1n[nH]c2ncc(C#Cc3c(F)ccc(NS(=O)(=O)c4cccc(Cl)c4Cl)c3F)cc12,6000.0,5.221848749616356,0,509.3210000000002
COc1n[nH]c2ncc(C#Cc3c(F)ccc(NS(=O)(=O)c4ccccc4)c3F)cc12,5084.6,5.29374320687608,0,440.4310000000001
COc1n[nH]c2ncc(C#Cc3c(F)ccc(NS(=O)(=O)c4ccccc4Cl)c3F)cc12,1000.0,6.0,1,474.87600000000015
COc1n[nH]c2ncc(C#Cc3c(F)ccc(NS(=O)(=O)c4cccnc4)c3F)cc12,17.0,7.769551078621726,1,441.4190000000001
COc1n[nH]c2ncc(NC(=O)c3c(F)ccc(/N=N/c4ccc(C)cc4)c3F)cc12,32.0,7.494850021680094,1,422.3950000000001
COc1n[nH]c2ncc(NC(=O)c3c(F)ccc(/N=N/c4ccc(F)cc4)c3F)cc12,2600.0,5.585026652029182,0,426.35800000000006
COc1n[nH]c2ncc(NC(=O)c3c(F)ccc(/N=N/c4ccccc4)c3F)cc12,1680.0,5.774690718274137,0,408.36800000000005
COc1n[nH]c2ncc(NC(=O)c3c(F)ccc(/N=N/c4ccccc4C)c3F)cc12,1700.0,5.769551078621726,0,422.3950000000001
COc1n[nH]c2ncc(NC(=O)c3c(F)ccc(/N=N/c4ccccc4F)c3F)cc12,320.0,6.494850021680094,1,426.35800000000006
COc1n[nH]c2ncc(NC(=O)c3c(F)ccc(/N=N\c4ccc(C)cc4)c3F)cc12,9.0,8.045757490560675,1,422.3950000000001
COc1n[nH]c2ncc(NC(=O)c3c(F)ccc(/N=N\c4ccc(F)cc4)c3F)cc12,8100.0,5.0915149811213505,0,426.35800000000006
COc1n[nH]c2ncc(NC(=O)c3c(F)ccc(/N=N\c4ccccc4)c3F)cc12,157.0,6.804100347590766,1,408.36800000000005
COc1n[nH]c2ncc(NC(=O)c3c(F)ccc(/N=N\c4ccccc4C)c3F)cc12,540.0,6.267606240177032,1,422.3950000000001
COc1n[nH]c2ncc(NC(=O)c3c(F)ccc(/N=N\c4ccccc4F)c3F)cc12,660.0,6.180456064458132,1,426.35800000000006
COc1n[nH]c2ncc(NC(=O)c3c(F)ccc(NC(=O)c4cccc(C(C)(C)C#N)c4)c3F)cc12,91.15,7.040243327009005,1,490.4700000000002
COc1n[nH]c2ncc(NC(=O)c3c(F)ccc(NC(=O)c4ccccc4)c3F)cc12,6019.5,5.22043958121048,0,423.3790000000001
COc1n[nH]c2ncc(NC(=O)c3c(F)ccc(NS(=O)(=O)C4CC4)c3F)cc12,63.0,7.200659450546418,1,423.4010000000001
COc1n[nH]c2ncc(NC(=O)c3c(F)ccc(NS(=O)(=O)CC(C)C)c3F)cc12,4.5,8.346787486224656,1,439.44400000000013
COc1n[nH]c2ncc(NC(=O)c3c(F)ccc(NS(=O)(=O)CC4CC4)c3F)cc12,17.0,7.769551078621726,1,437.42800000000017
COc1n[nH]c2ncc(NC(=O)c3c(F)ccc(NS(=O)(=O)CCCF)c3F)cc12,1.3,8.886056647693163,1,443.40700000000015
COc1n[nH]c2ncc(NC(=O)c3c(F)ccc(NS(=O)(=O)Cc4ccccc4)c3F)cc12,190.0,6.721246399047171,1,473.4610000000001
COc1n[nH]c2ncc(NC(=O)c3c(F)ccc(NS(=O)(=O)N(C)C)c3F)cc12,18.0,7.7447274948966935,1,426.4050000000001
COc1n[nH]c2ncc(NC(=O)c3c(F)ccc(NS(=O)(=O)N4CCCC4)c3F)cc12,8.6,8.065501548756432,1,452.4430000000002
COc1n[nH]c2ncc(NC(=O)c3c(F)ccc(NS(=O)(=O)NC(C)C)c3F)cc12,110.0,6.958607314841775,1,440.4320000000001
COc1n[nH]c2ncc(NC(=O)c3c(F)ccc(NS(=O)(=O)NCC(F)F)c3F)cc12,13.0,7.886056647693163,1,462.38500000000005
COc1n[nH]c2ncc(NC(=O)c3c(F)ccc(NS(=O)(=O)c4cc(F)ccc4F)c3F)cc12,1.0,9.0,1,495.4140000000001
COc1n[nH]c2ncc(NC(=O)c3c(F)ccc(NS(=O)(=O)c4ccc(F)cc4)c3F)cc12,46.0,7.337242168318426,1,477.4240000000001
COc1n[nH]c2ncc(NC(=O)c3c(F)ccc(NS(=O)(=O)c4cccc(F)c4)c3F)cc12,0.7,9.154901959985743,1,477.4240000000001
COc1n[nH]c2ncc(NC(=O)c3c(F)ccc(NS(=O)(=O)c4ccccc4)c3F)cc12,11.8,7.928117992693875,1,459.4340000000001
COc1n[nH]c2ncc(NC(=O)c3c(F)ccc(NS(=O)(=O)c4ccccc4F)c3F)cc12,1.8,8.744727494896694,1,477.4240000000001
COc1n[nH]c2ncc(NC(=O)c3c(F)ccc(NS(=O)(=O)c4ccccn4)c3F)cc12,16.0,7.795880017344075,1,460.4220000000001
COc1n[nH]c2ncc(NC(=O)c3c(F)ccc(NS(=O)(=O)c4cccnc4)c3F)cc12,0.5,9.301029995663981,1,460.4220000000001
COc1n[nH]c2ncc(NC(=O)c3c(F)ccc(NS(=O)(=O)c4ccco4)c3F)cc12,0.7,9.154901959985743,1,449.3950000000001
COc1n[nH]c2ncc(NC(=O)c3c(F)ccc(NS(=O)(=O)c4cccs4)c3F)cc12,0.2,9.698970004336019,1,465.4630000000001
COc1n[nH]c2ncc(NC(=O)c3c(F)ccc(NS(=O)(=O)c4cn(C)cn4)c3F)cc12,320.0,6.494850021680094,1,463.4260000000001
COc1n[nH]c2ncc(NC(=O)c3cc(C(=O)Nc4cccc(C(F)(F)F)c4)ccc3C)cc12,29.3,7.533132379645891,1,469.4230000000001
COc1n[nH]c2ncc(NC(=O)c3cc(NC(=O)c4ccc(Cl)c(C(F)(F)F)c4)ccc3F)cc12,48.65,7.312917155395629,1,507.83100000000013
COc1n[nH]c2ncc(NC(=O)c3cc(NC(=O)c4cccc(C(C)(C)C#N)c4)ccc3C)cc12,9.95,8.002176919254275,1,468.5170000000002
COc1n[nH]c2ncc(NC(=O)c3cc(NC(=O)c4cccc(C(C)(C)C#N)c4)ccc3Cl)cc12,11.6,7.935542010773082,1,488.93500000000023
COc1n[nH]c2ncc(NC(=O)c3cc(NC(=O)c4cccc(C(C)(C)C#N)c4)ccc3F)cc12,10.5,7.978810700930062,1,472.4800000000002
COc1n[nH]c2ncc(NC(=O)c3cccc(C(=O)Nc4ccccc4)c3)cc12,5040.0,5.297569463554475,0,387.39900000000006
COc1n[nH]c2ncc(NC(=O)c3cccc(NC(=O)c4cccc(C(C)(C)C#N)c4)c3)cc12,70.45,7.152119002554625,1,454.49000000000024
COc1n[nH]c2ncc(NC(=O)c3cccc(NC(=O)c4cccc(C(C)(C)C#N)c4)c3F)cc12,902.55,6.044528729452663,1,472.48000000000025
COc1ncc(-c2cc(C(=O)Nc3cccc(C(C)(C)C#N)c3)ccc2C)cc1C1(O)COC1,3311.0,5.4800408192479315,0,457.53000000000026
COc1ncc(-c2cc(C(=O)Nc3ccnc(S(C)(=O)=O)c3)ccc2C)cc1C1(O)COC1,49260.0,4.3075055924969154,0,469.5190000000003
COc1ncc(-c2cc(NC(=O)c3cc(C(C)(C)C#N)ccn3)ccc2C)cc1C1(F)COC1,3565.0,5.447940465812116,0,460.5090000000002
COc1ncc(-c2cc(NC(=O)c3cc(C(C)(C)C#N)ccn3)ccc2C)cc1C1(O)COC1,6473.0,5.1888943929820694,0,458.5180000000002
COc1ncc(-c2cc(NC(=O)c3cc(C(C)(C)C#N)ccn3)cnc2C)cc1C1(F)COC1,14709.0,4.832416852034159,0,461.4970000000002
COc1ncc(-c2cc(NC(=O)c3cc(C(C)(C)F)ccn3)ccc2C)cc1C1(O)COC1,3921.0,5.406603157699793,0,451.4980000000002
COc1ncc(-c2cc(NC(=O)c3cc(C(C)(C)F)ccn3)cnc2C)cc1C1(F)COC1,8029.0,5.095338542084476,0,454.4770000000002
COc1ncc(-c2cc(NC(=O)c3cc(C(C)(C)F)ccn3)cnc2C)cc1C1(O)COC1,31774.0,4.497928108793339,0,452.4860000000002
COc1ncc(-c2cc(NC(=O)c3cc(C(C)(C)N)cc(C(F)(F)F)c3)ccc2C)cc1C1(C(F)F)COC1,1214.0,5.915781313260761,0,549.54
COc1ncc(-c2cc(NC(=O)c3cc(C(C)(C)N)cc(C(F)(F)F)c3)ccc2C)cc1C1(CF)COC1,1803.0,5.744004273277598,0,531.5500000000001
COc1ncc(-c2cc(NC(=O)c3cc(C(C)(C)N)cc(C(F)(F)F)c3)ccc2C)cc1C1(F)COC1,2964.0,5.528121800692709,0,517.5230000000001
COc1ncc(-c2cc(NC(=O)c3cc(C(C)(C)N)cc(C(F)(F)F)c3)ccc2C)cc1C1(O)COC1,6391.0,5.194431182451444,0,515.5320000000002
COc1ncc(-c2cc(NC(=O)c3cc(C(C)(C)N)cc(C(F)(F)F)c3)cnc2C)cc1C1(C#N)COC1,17518.0,4.756515477993542,0,525.5310000000002
COc1ncc(-c2cc(NC(=O)c3cc(C(C)(C)N)cc(C(F)(F)F)c3)cnc2C)cc1C1(C(F)F)COC1,4745.0,5.323763783236688,0,550.528
COc1ncc(-c2cc(NC(=O)c3cc(C(C)(C)N)cc(C(F)(F)F)c3)cnc2C)cc1C1(CF)COC1,9500.0,5.022276394711152,0,532.5380000000001
COc1ncc(-c2cc(NC(=O)c3cc(C(C)(C)N)cc(C(F)(F)F)c3)cnc2C)cc1C1(F)COC1,13153.0,4.880975179885217,0,518.5110000000001
COc1ncc(-c2cc(NC(=O)c3cc(C(C)(C)O)ccn3)ccc2C)cc1C1(F)COC1,4165.0,5.380384994257193,0,451.49800000000016
COc1ncc(-c2cc(NC(=O)c3cc(C(C)(F)F)ccn3)ccc2C)cc1C1(F)COC1,1188.0,5.925183559354825,0,457.45200000000017
COc1ncc(-c2cc(NC(=O)c3cc(C(C)(F)F)ccn3)ccc2C)cc1C1(O)COC1,2202.0,5.657182685364267,0,455.4610000000002
COc1ncc(-c2cc(NC(=O)c3cc(C(C)(F)F)ccn3)cnc2C)cc1C1(F)COC1,3612.0,5.442252258358532,0,458.44000000000017
COc1ncc(-c2cc(NC(=O)c3cc(C(C)(F)F)ccn3)cnc2C)cc1C1(O)COC1,13035.0,4.884888964495652,0,456.4490000000002
COc1ncc(-c2cc(NC(=O)c3cc(C(F)(F)F)ccn3)ccc2C)cc1C1(F)COC1,934.0,6.029653123769907,1,461.4150000000002
COc1ncc(-c2cc(NC(=O)c3cc(C(F)(F)F)ccn3)ccc2C)cc1C1(O)COC1,2206.0,5.656394491895828,0,459.4240000000002
COc1ncc(-c2cc(NC(=O)c3cc(C(F)(F)F)ccn3)cnc2C)cc1C1(F)COC1,59.3,7.226945306635737,1,462.4030000000002
COc1ncc(-c2cc(NC(=O)c3cc(C(F)(F)F)ccn3)cnc2C)cc1C1(O)COC1,23498.0,4.6289691005336735,0,460.4120000000002
COc1ncc(-c2cc(NC(=O)c3cc(CN(C)C)cc(C(F)(F)F)c3)cnc2C)nc1N1CCOCC1,12.149999999999999,7.915423722065669,1,530.551
COc1ncc(-c2cc(NC(=O)c3cccc(C(F)(F)F)c3)ccc2C)cc1N1CCOCC1,1.082,8.965772739229449,1,471.47900000000027
COc1ncc(-c2cc(NC(=O)c3cccc(C(F)(F)F)c3)cnc2C)cc1C1(CF)COC1,469.0,6.328827157284917,1,475.44200000000023
COc1ncc(-c2cc(NC(=O)c3cccc(C(F)(F)F)c3)cnc2C)cc1C1(O)COC1,10362.0,4.984556412048898,0,459.4240000000002
COc1ncc(-c2cc(NC(=O)c3cccc(C(F)(F)F)c3)cnc2C)cc1N1CCOCC1,1.7614,8.754142007992803,1,472.46700000000027
COc1ncc(-c2cc(NC(=O)c3cccc(C(F)(F)F)c3)nnc2C)cc1N1CCOCC1,4.2,8.3767507096021,1,473.45500000000027
COc1ncc(-c2cc(NC(=O)c3ccnc(C(C)(C)C#N)c3)ccc2C)cc1C1(C=O)COC1,10228.0,4.990209280645702,0,470.5290000000003
COc1ncc(-c2cc(NC(=O)c3ccnc(C(C)(C)C#N)c3)ccc2C)cc1C1(CF)COC1,580.0,6.236572006437063,1,474.5360000000003
COc1ncc(-c2cc(NC(=O)c3ccnc(C(C)(C)C#N)c3)ccc2C)cc1C1(F)COC1,1297.0,5.88706002391592,0,460.50900000000024
COc1ncc(-c2cc(NC(=O)c3ccnc(C(C)(C)C#N)c3)ccc2C)cc1C1(O)COC1,4196.0,5.3771645204784795,0,458.51800000000026
COc1ncc(-c2cc(NC(=O)c3ccnc(C(C)(C)C#N)c3)ccc2C)cc1N1CCOCC1,3.7884,8.421544172060157,1,471.5610000000003
COc1ncc(-c2cc(NC(=O)c3ccnc(C(C)(C)C#N)c3)cnc2C)cc1N1CCOCC1,13.947999999999999,7.855488061296061,1,472.5490000000003
COc1ncc(-c2cc(NC(=O)c3ccnc(C(C)(C)C#N)c3)cnc2C)nc1N1CCOCC1,12.55,7.901356274182943,1,473.5370000000003
COc1ncc(-c2cc(NC(=O)c3ccnc(C(C)(C)C#N)c3)cnc2Cl)cc1N1CCOCC1,8.6,8.065501548756432,1,492.9670000000003
COc1ncc(-c2cc(NC(=O)c3ccnc(C(C)(C)F)c3)ccc2C)cc1C1(C#N)COC1,2746.0,5.561299467099263,0,460.50900000000024
COc1ncc(-c2cc(NC(=O)c3ccnc(C(C)(C)F)c3)ccc2C)cc1C1(CF)COC1,417.0,6.379863945026242,1,467.51600000000025
COc1ncc(-c2cc(NC(=O)c3ccnc(C(C)(C)F)c3)ccc2C)cc1C1(O)COC1,2665.0,5.574302786637409,0,451.4980000000002
COc1ncc(-c2cc(NC(=O)c3ccnc(C(C)(C)F)c3)cnc2C)cc1C1(C(F)F)COC1,1421.0,5.8474059220725305,0,486.4940000000002
COc1ncc(-c2cc(NC(=O)c3ccnc(C(C)(C)F)c3)cnc2C)cc1C1(F)COC1,3732.0,5.428058364925538,0,454.4770000000002
COc1ncc(-c2cc(NC(=O)c3ccnc(C(C)(C)F)c3)cnc2C)cc1C1(O)COC1,22782.0,4.642408152476559,0,452.4860000000002
COc1ncc(-c2cc(NC(=O)c3ccnc(C(C)(C)F)c3)cnc2C)cc1N1CCOCC1,6.3,8.200659450546418,1,465.5290000000003
COc1ncc(-c2cc(NC(=O)c3ccnc(C(C)(C)F)c3)cnc2C)nc1N1CCOCC1,4.75,8.323306390375134,1,466.5170000000003
COc1ncc(-c2cc(NC(=O)c3ccnc(C(C)(C)F)c3)cnc2Cl)cc1N1CCOCC1,3.4,8.468521082957745,1,485.94700000000023
COc1ncc(-c2cc(NC(=O)c3ccnc(C(C)(C)O)c3)ccc2C)cc1C1(O)COC1,23382.0,4.631118343823666,0,449.50700000000023
COc1ncc(-c2cc(NC(=O)c3ccnc(C(C)(C)O)c3)cnc2C)cc1C1(F)COC1,34902.0,4.457149685817988,0,452.4860000000002
COc1ncc(-c2cc(NC(=O)c3ccnc(C(C)(F)F)c3)ccc2C)cc1C1(CF)COC1,293.0,6.533132379645891,1,471.4790000000002
COc1ncc(-c2cc(NC(=O)c3ccnc(C(C)(F)F)c3)ccc2C)cc1C1(O)COC1,2066.0,5.684869682816398,0,455.4610000000002
COc1ncc(-c2cc(NC(=O)c3ccnc(C(C)(F)F)c3)cnc2C)cc1C1(C#N)COC1,6218.0,5.206349282292827,0,465.4600000000002
COc1ncc(-c2cc(NC(=O)c3ccnc(C(C)(F)F)c3)cnc2C)cc1C1(O)COC1,24010.0,4.619607839942972,0,456.4490000000002
COc1ncc(-c2cc(NC(=O)c3ccnc(C(C)(F)F)c3)cnc2C)nc1N1CCOCC1,5.65,8.247951552180561,1,470.48000000000025
COc1ncc(-c2cc(NC(=O)c3ccnc(C(C)(F)F)c3)cnc2Cl)cc1N1CCOCC1,1.8,8.744727494896694,1,489.9100000000002
COc1ncc(-c2cc(NC(=O)c3ccnc(C(C)C)c3)cnc2C)cc1N1CCOCC1,12.95,7.887730231582729,1,447.53900000000027
COc1ncc(-c2cc(NC(=O)c3ccnc(C(F)(F)F)c3)ccc2C)cc1C1(CF)COC1,323.0,6.490797477668897,1,475.44200000000023
COc1ncc(-c2cc(NC(=O)c3ccnc(C(F)(F)F)c3)ccc2C)cc1C1(O)COC1,2838.0,5.546987608878545,0,459.4240000000002
COc1ncc(-c2cc(NC(=O)c3ccnc(C(F)(F)F)c3)cnc2C)cc1C1(C#N)COC1,7008.0,5.154405906839975,0,469.42300000000023
COc1ncc(-c2cc(NC(=O)c3ccnc(C(F)(F)F)c3)cnc2C)cc1C1(O)COC1,40280.0,4.3949105381184195,0,460.4120000000002
COc1ncc(-c2cc(NC(=O)c3ccnc(C(F)(F)F)c3)cnc2C)cc1N1CCOCC1,7.4,8.130768280269024,1,473.45500000000027
COc1ncc(-c2cc(NC(=O)c3ccnc(C(F)F)c3)ccc2C)cc1C1(O)COC1,13061.0,4.884023570545183,0,441.4340000000002
COc1ncc(-c2cc(NC(=O)c3ccnc(C4(C#N)CC4)c3)ccc2C)cc1C1(O)COC1,2203.0,5.656985502849232,0,456.5020000000003
COc1ncc(-c2cc(NC(=O)c3ccnc(C4(C#N)CC4)c3)cnc2C)cc1N1CCOCC1,6.0,8.221848749616356,1,470.53300000000036
COc1ncc(-c2cc(NC(=O)c3ccnc(C4(C#N)CC4)c3)cnc2C)nc1N1CCOCC1,4.2,8.3767507096021,1,471.52100000000036
COc1ncc(-c2cc(NC(=O)c3ccnc(C4(C#N)CC4)c3)cnc2Cl)cc1N1CCOCC1,2.9,8.537602002101044,1,490.95100000000036
COc1ncc(-c2cc(NC(=O)c3ccnc(S(C)(=O)=O)c3)ccc2C)nc1N1CCOCC1,5.0,8.301029995663981,1,483.55000000000035
COc1ncc(-c2cc(NC(=O)c3cnnc(C(F)(F)F)c3)cnc2Cl)cc1N1CCOCC1,9.0,8.045757490560675,1,494.8610000000002
COc1ncc(-c2cnc3[nH]cc(C(=O)c4c(F)ccc(NS(=O)(=O)N5CCCC5)c4F)c3c2)s1,100.0,7.0,1,519.5550000000003
COc1ncc(-c2cnc3[nH]cc(C(=O)c4c(F)ccc(NS(=O)(=O)c5c(F)cccc5F)c4F)c3c2)cn1,10.0,8.0,1,557.4850000000001
COc1ncc(-c2cnc3[nH]cc(C(=O)c4c(F)ccc(NS(=O)(=O)c5cc(F)ccc5F)c4F)c3c2)cn1,10.0,8.0,1,557.4850000000001
COc1ncc(-c2cnc3[nH]cc(C(=O)c4c(F)ccc(NS(=O)(=O)c5cccc(F)c5)c4F)c3c2)cn1,55.0,7.259637310505756,1,539.4950000000001
COc1ncc(-c2cnc3[nH]cc(C(=O)c4c(F)ccc(NS(=O)(=O)c5ccccc5F)c4F)c3c2)cn1,10.0,8.0,1,539.4950000000001
COc1ncc(-c2cnc3[nH]cc(C(=O)c4cccc(NS(=O)(=O)C5CC5)c4F)c3c2)cn1,100.0,7.0,1,467.4820000000002
COc1ncc(-c2cnc3[nH]cc(C(=O)c4cccc(NS(=O)(=O)N(C)C(C)C)c4F)c3c2)cn1,100.0,7.0,1,498.5400000000002
COc1ncc(-c2cnc3[nH]cc(C(=O)c4cccc(NS(=O)(=O)N(C)C5CC5)c4F)c3c2)cn1,100.0,7.0,1,496.5240000000002
COc1ncc(-c2cnc3[nH]cc(C(=O)c4cccc(NS(=O)(=O)N(C)CC(C)C)c4F)c3c2)cn1,100.0,7.0,1,512.5670000000002
COc1ncc(-c2cnc3[nH]cc(C(=O)c4cccc(NS(=O)(=O)N(C)CC5CC5)c4F)c3c2)cn1,100.0,7.0,1,510.5510000000003
COc1ncc(-c2cnc3[nH]cc(C(=O)c4cccc(NS(=O)(=O)N5CC(F)(F)C5)c4F)c3c2)cn1,100.0,7.0,1,518.4770000000002
COc1ncc(-c2cnc3[nH]cc(C(=O)c4cccc(NS(=O)(=O)N5CCC(OCc6ccccc6)C5)c4F)c3c2)cn1,100.0,7.0,1,602.6480000000001
COc1ncc(-c2cnc3[nH]cc(C(=O)c4cccc(NS(=O)(=O)N5CCCC5)c4F)c3c2)c(OC)n1,100.0,7.0,1,526.5500000000003
COc1ncc(-c2cnc3[nH]cc(C(=O)c4cccc(NS(=O)(=O)N5CCCC5C)c4F)c3c2)cn1,100.0,7.0,1,510.5510000000003
COc1ncc(N2CCOCC2)cc1-c1cc(NC(=O)c2cccc(C(F)(F)F)c2)ccc1C,3.8873999999999995,8.41034076967103,1,471.47900000000016
COc1ncc(NC(=O)c2ccnc(C(C)(C)C#N)c2)cc1-c1ccnc(N2CCOCC2)c1,37.23428571428571,7.429056973049823,1,458.5220000000003
COc1ncc2ncnc(Nc3cc(C(=O)Nc4cc(C(C)(C)C)n[nH]4)ccc3C)c2n1,3.0,8.522878745280337,1,432.4880000000002
COc1ncc2ncnc(Nc3cc(C(=O)Nc4cc(C(C)(C)C)nn4C)ccc3C)c2n1,11.0,7.958607314841775,1,446.51500000000027
COc1ncc2ncnc(Nc3cc(C(=O)Nc4cc(C(C)(C)C)on4)ccc3C)c2n1,2.0,8.698970004336019,1,433.47200000000026
COc1ncc2ncnc(Nc3cc(C(=O)Nc4cc(CN5CCCC5)cc(C(F)(F)F)c4)ccc3C)c2n1,1.0,9.0,1,537.5460000000003
COc1ncc2ncnc(Nc3cc(C(=O)Nc4cc(N(C)CCN(C)C)cc(C(F)(F)F)c4)ccc3C)c2n1,2.0,8.698970004336019,1,554.5770000000001
COc1ncc2ncnc(Nc3cc(C(=O)Nc4cc(N5CCN(C(C)C)CC5)cc(C(F)(F)F)c4)ccc3C)c2n1,2.0,8.698970004336019,1,580.6150000000002
COc1ncc2ncnc(Nc3cc(C(=O)Nc4ccc(OC)c(C(F)(F)F)c4)ccc3C)c2n1,2.0,8.698970004336019,1,484.4380000000002
COc1ncc2ncnc(Nc3cc(C(=O)Nc4cccc(C(C)(C)C)c4)ccc3C)c2n1,1.0,9.0,1,442.52300000000025
COc1ncc2ncnc(Nc3cc(C(=O)Nc4cccc(C(F)(F)F)c4)ccc3C)c2n1,1.0,9.0,1,454.41200000000015
COc1ncc2ncnc(Nc3cc(NC(=O)c4cc(N5CCN(C)CC5)cc(C(F)(F)F)c4)ccc3C)c2n1,3.0,8.522878745280337,1,552.5610000000003
COc1ncc2ncnc(Nc3cc(NC(=O)c4ccc(Cl)c(C(F)(F)F)c4)ccc3C)c2n1,59.0,7.229147988357855,1,488.85700000000014
COc1ncc2ncnc(Nc3cc(NC(=O)c4ccc(OC)c(C(F)(F)F)c4)ccc3C)c2n1,13.0,7.886056647693163,1,484.4380000000002
COc1ncc2ncnc(Nc3cc(NC(=O)c4cccc(C(C)(C)C#N)c4)ccc3C)c2n1,2.0,8.698970004336019,1,453.50600000000026
COc1ncnc2[nH]cc(C(=O)c3c(F)ccc(NS(=O)(=O)CC(C)C)c3F)c12,100.0,7.0,1,424.42900000000014
COc1ncnc2[nH]cc(C(=O)c3c(F)ccc(NS(=O)(=O)c4cc(C)cc(C)c4)c3F)c12,100.0,7.0,1,472.4730000000002
COc1ncnc2[nH]cc(C(=O)c3c(F)ccc(NS(=O)(=O)c4ccc(C(C)C)cc4)c3F)c12,100.0,7.0,1,486.50000000000017
COc1ncnc2[nH]cc(C(=O)c3c(F)ccc(NS(=O)(=O)c4ccc(C(F)(F)F)cc4)c3F)c12,10000.0,5.0,0,512.416
COc1ncnc2[nH]cc(C(=O)c3c(F)ccc(NS(=O)(=O)c4cccnc4)c3F)c12,10000.0,5.0,0,445.4070000000001
COc1ncnc2[nH]cc(C(=O)c3cccc(NS(=O)(=O)c4ccc(C(F)(F)F)cc4)c3F)c12,10000.0,5.0,0,494.42600000000016
COc1nnc(-c2cc(C(=O)Nc3ccnc(C(C)(F)F)c3)ccc2C)cc1N1CCOCC1,1.11,8.954677021213342,1,469.4920000000003
COc1nnc(-c2cc(C(=O)Nc3ccnc(C(F)(F)F)c3)ccc2C)cc1N1CCOCC1,0.98,9.008773924307505,1,473.45500000000027
COc1nnc(-c2cc(NC(=O)c3cccc(C(F)F)c3)cnc2C)cc1N1CCOCC1,2.3,8.638272163982407,1,455.46500000000026
COc1nnc(-c2cc(NC(=O)c3cccc(S(C)(=O)=O)c3)ccc2C)cc1N1CCOCC1,1.2,8.920818753952375,1,482.56200000000035
COc1nnc(-c2cc(NC(=O)c3ccnc(C(C)(C)C#N)c3)ccc2C)cc1N1CCOCC1,2.1,8.67778070526608,1,472.5490000000003
COc1nnc(-c2cc(NC(=O)c3ccnc(C(C)(C)F)c3)ccc2C)cc1N1CCOCC1,3.0,8.522878745280337,1,465.5290000000003
COc1nnc(-c2cc(NC(=O)c3ccnc(C(C)(C)F)c3)cnc2C)cc1N1CCOCC1,4.9,8.309803919971486,1,466.5170000000003
COc1nnc(-c2cc(NC(=O)c3ccnc(C(C)(C)O)c3)ccc2C)cc1N1CCOCC1,3.9,8.4089353929735,1,463.5380000000003
COc1nnc(-c2cc(NC(=O)c3ccnc(C(C)(F)F)c3)ccc2C)cc1N1CCOCC1,1.1,8.958607314841775,1,469.49200000000025
COc1nnc(-c2cc(NC(=O)c3ccnc(C(C)(F)F)c3)cnc2C)cc1N1CCOCC1,2.7,8.568636235841012,1,470.48000000000025
COc1nnc(-c2cc(NC(=O)c3ccnc(C(F)(F)F)c3)ccc2C)cc1N1CCOCC1,1.0,9.0,1,473.45500000000027
COc1nnc(-c2cc(NC(=O)c3ccnc(C(F)(F)F)c3)cnc2C)cc1N1CCOCC1,2.7,8.568636235841012,1,474.44300000000027
COc1nnc(-c2cc(NC(=O)c3ccnc(C4CC4)c3)ccc2C)cc1N1CCOCC1,1.2,8.920818753952375,1,445.5230000000003
COc1nnc(-c2cc(NC(=O)c3ccnc(C4CC4)c3)cnc2C)cc1N1CCOCC1,3.5,8.455931955649724,1,446.5110000000003
COc1nnc(-c2cc(NC(=O)c3cnnc(C(C)(C)C#N)c3)ccc2C)cc1N1CCOCC1,5.4,8.267606240177031,1,473.5370000000003
COc1nnc(-c2cc(NC(=O)c3cnnc(C(F)(F)F)c3)ccc2C)cc1N1CCOCC1,1.2,8.920818753952375,1,474.44300000000027
CS(=O)(=O)C1C2CCC1CC(c1ccnc3c(-c4ccc(Cl)c(O)c4)c(-c4ccncc4)nn13)C2,2.0,8.698970004336019,1,509.03100000000023
CS(=O)(=O)CCNC(=O)c1cc(CNc2ccccc2C(=O)Nc2ccc3c(c2)OC(F)(F)O3)ccn1,221.0,6.655607726314889,1,532.5250000000002
CS(=O)(=O)N(CCC#N)Cc1ccc(/C=C2/C(=O)NC(=S)N(c3ccc(Br)cc3)C2=O)o1,440.0,6.356547323513812,1,537.4170000000001
CS(=O)(=O)N(CCC#N)Cc1ccc(/C=C2/C(=O)NC(=S)N(c3ccc(Cl)c(Cl)c3)C2=O)o1,820.0,6.086186147616283,1,527.4110000000002
CS(=O)(=O)N1C2CCC1CC(c1ccnc3c(-c4cccc5[nH]ncc45)c(-c4ccncc4)nn13)C2,4.9,8.309803919971486,1,499.6000000000002
CS(=O)(=O)N1CCCC(NC(=O)[C@H](CCC2CCCCC2)NC(=O)c2ccc(CNC(=O)c3cnc4ccccn34)cc2)C1,25000.0,4.6020599913279625,0,622.7920000000004
CS(=O)(=O)Nc1cc(CNc2ccccc2C(=O)Nc2ccc3c(c2)OC(F)(F)O3)ccn1,594.0,6.2262135550188065,1,476.4610000000002
CS(=O)(=O)Nc1cc(Cl)cc(-c2[nH]c(C3CC3)nc2-c2ccnc(N)n2)c1F,4.0,8.397940008672037,1,422.8730000000002
CS(=O)(=O)Nc1cc(Cl)cc(-c2[nH]c(C3CC3)nc2-c2ccnc(NCCC#N)n2)c1F,0.08,10.096910013008056,1,475.9370000000003
CS(=O)(=O)Nc1cc(F)cc(-c2[nH]c(C3CC3)nc2-c2ccnc(N)n2)c1Cl,12.0,7.920818753952375,1,422.87300000000016
CS(=O)(=O)Nc1cc(F)cc(-c2[nH]c(C3CC3)nc2-c2ccncn2)c1Cl,87.0,7.060480747381382,1,407.85800000000006
CS(=O)(=O)Nc1cc(NC(=O)Nc2ccc(Oc3ccnc(NC(=O)C4CC4)c3)c(F)c2)cc(C(F)(F)F)c1,6.6,8.18045606445813,1,567.5210000000004
CS(=O)(=O)Nc1ccc(-c2ccc3ncnc(Nc4cccc5[nH]ncc45)c3c2)cc1,426.4,6.370182803981484,1,430.4930000000001
CS(=O)(=O)Nc1ccc(F)c(Nc2ncccc2-c2ncnc3[nH]cnc23)c1F,376.0,6.424812155072339,1,417.4010000000001
CS(=O)(=O)Nc1cccc(-c2[nH]c(C3CC3)nc2-c2ccnc(NCC3(C#N)CC3)n2)c1Cl,35.0,7.455931955649724,1,483.98500000000024
CS(=O)(=O)Nc1cccc(-c2[nH]c(C3CC3)nc2-c2ccnc(NCCC#N)n2)c1F,4.0,8.397940008672037,1,441.4920000000002
CS(=O)(=O)Nc1cccc(-c2ccc3ncnc(Nc4cccc(O)c4)c3c2)c1,81.9,7.086716098239582,1,406.46700000000016
CS(=O)(=O)Nc1cccc(-c2ccc3ncnc(Nc4cccc5[nH]ncc45)c3c2)c1,482.1,6.316862868516993,1,430.49300000000017
CS(=O)(=O)Nc1cccc(Cn2c(=O)oc3cc(OC(=O)c4ccccc4)ccc3c2=O)c1F,10000.0,5.0,0,484.46100000000024
CS(=O)(=O)c1cc(NC(=O)Nc2ccc(Oc3ccnc(NC(=O)C4CC4)c3)c(F)c2)cc(C(F)(F)F)c1,26.0,7.585026652029182,1,552.5060000000003
CS(=O)(=O)c1cc(NC(=O)Nc2ccc(Oc3ccnc(NC(=O)C4CC4)c3)cc2)cc(C(F)(F)F)c1,5.1,8.292429823902063,1,534.5160000000002
CS(=O)(=O)c1cc(NC(=O)Nc2ccc(Oc3ccnc(NC(=O)C4CC4)c3)cn2)cc(C(F)(F)F)c1,29.0,7.5376020021010435,1,535.5040000000002
CS(=O)(=O)c1cc(NC(=O)Nc2ccc(Oc3ccnc(NC(=O)C4CC4)c3)nc2)cc(C(F)(F)F)c1,29.7,7.527243550682788,1,535.5040000000002
CS(=O)(=O)c1cc(Oc2ccnc3[nH]c(=O)[nH]c23)ccc1NC(=O)Nc1ccc(Cl)c(C(F)(F)F)c1,5545.0,5.2560984495148215,0,541.8950000000002
CS(=O)(=O)c1ccc(-c2ccc3nccc(Nc4cccc5[nH]ncc45)c3c2)cc1,126.45,6.898081166319576,1,414.4900000000001
CS(=O)(=O)c1ccc(-c2ccc3ncnc(Nc4cccc5[nH]ncc45)c3c2)cc1,260.1,6.5848596478041275,1,415.4780000000001
CS(=O)(=O)c1ccc(-c2cnc(C3COc4ccc(Oc5ccnc6c5CCC(=O)N6)cc4C3)[nH]2)cc1,100.0,7.0,1,516.5790000000003
CS(=O)(=O)c1cccc(N2C(=O)c3ccccc3C2(O)c2ccc3c(c2)NC(=O)CO3)c1,10000.0,5.0,0,450.47200000000026
CS(=O)(=O)c1nccc(-c2c(-c3cccc(OCc4ccccc4)c3)nc3sccn23)n1,13200.0,4.87942606879415,0,462.55600000000015
CSc1cc(Oc2ccnc3[nH]c(=O)[nH]c23)ccc1NC(=O)Nc1cc(C(C)(C)C)nn1-c1ccc(C)cc1,66.0,7.180456064458132,1,543.6530000000002
CSc1cc(Oc2ccnc3[nH]c(=O)[nH]c23)ccc1NC(=O)Nc1cc(C(F)(F)F)ccc1F,1536.0,5.813608784304507,0,493.4420000000001
CSc1cc(Oc2ccnc3[nH]c(=O)[nH]c23)ccc1NC(=O)Nc1ccc(Cl)c(C(F)(F)F)c1,305.5,6.514988785421427,1,509.8970000000001
CSc1cc(Oc2ccnc3[nH]c(=O)[nH]c23)ccc1NC(=O)Nc1cccc(C(F)(F)F)c1,650.5,6.186752699102395,1,475.4520000000001
CSc1cc(Oc2ccnc3[nH]c(=O)c(=O)[nH]c23)ccc1NC(=O)Nc1cc(C(F)(F)F)ccc1F,276.0,6.559090917934782,1,521.4520000000001
CSc1cc(Oc2ccnc3[nH]c(=O)c(=O)[nH]c23)ccc1NC(=O)Nc1ccc(Cl)c(C(F)(F)F)c1,296.5,6.527975302299718,1,537.9070000000002
CSc1cc(Oc2ccnc3[nH]c(=O)c(C)nc23)ccc1NC(=O)Nc1cc(C(C)(C)C)nn1-c1ccc(C)cc1,15.0,7.823908740944319,1,569.6910000000003
CSc1cc(Oc2ccnc3[nH]c(=O)c(C)nc23)ccc1NC(=O)Nc1cc(C(C)(C)C)nn1-c1ccccc1,11.5,7.939302159646388,1,555.6640000000003
CSc1cc(Oc2ccnc3[nH]c(=O)c(C)nc23)ccc1NC(=O)Nc1cc(C(F)(F)F)ccc1F,49.5,7.305394801066432,1,519.4800000000001
CSc1cc(Oc2ccnc3[nH]c(=O)cnc23)ccc1NC(=O)Nc1cc(C(C)(C)C)nn1-c1ccc(C)cc1,12.0,7.920818753952375,1,555.6640000000002
CSc1cc(Oc2ccnc3[nH]c(=O)cnc23)ccc1NC(=O)Nc1cc(C(C)(C)C)nn1-c1ccccc1,10.0,8.0,1,541.6370000000003
CSc1cc(Oc2ccnc3[nH]c(=O)cnc23)ccc1NC(=O)Nc1cc(C(F)(F)F)ccc1F,99.5,7.002176919254275,1,505.4530000000001
CSc1cc(Oc2ccnc3[nH]c(=O)cnc23)ccc1NC(=O)Nc1ccc(Cl)c(C(F)(F)F)c1,95.5,7.019996628416254,1,521.9080000000001
CSc1cc(Oc2ccnc3ncc(=O)[nH]c23)ccc1NC(=O)Nc1cc(C(C)(C)C)nn1-c1ccccc1,275.5,6.559878396812196,1,541.6370000000003
CSc1cc(Oc2ccnc3ncc(=O)[nH]c23)ccc1NC(=O)Nc1cc(C(F)(F)F)ccc1F,3423.0,5.465593100862123,0,505.4530000000001
CSc1cc(Oc2ccnc3ncc(=O)[nH]c23)ccc1NC(=O)Nc1ccc(Cl)c(C(F)(F)F)c1,2030.5,5.692397006173945,0,521.9080000000001
CSc1ccc(C2=NN(C(=S)Nc3ccccc3)C(c3ccc4c(c3)OCCO4)C2)cc1,156000.0,3.8068754016455384,0,461.6120000000003
CSc1ccccc1CN1C(=O)c2ccccc2C1(O)c1ccc2c(c1)NC(=O)CO2,10000.0,5.0,0,432.50100000000015
CSc1csc2cc(-c3nc(-c4ccc(OCCN(C)C)cc4)[nH]c3-c3ccncc3)ccc12,14000.0,4.853871964321762,0,486.6660000000002
CSc1nc2c(c(=O)[nH]c(=O)n2C)n1Cc1ccccc1,30110.0,4.521289244487241,0,302.359
C[C@@H](NC(=O)C1CCCCN1C)c1ccc(Nc2ncc3cc(-c4ccncc4)ccc3n2)cc1,134.0,6.872895201635193,1,466.58900000000017
C[C@@H](NC(=O)C1CCNCC1)c1ccc(Nc2ncc3cc(-c4ccncc4)ccc3n2)cc1,344.2725,6.463097666738366,1,452.5620000000001
C[C@@H](NC(=O)[C@H]1CCCCN1)c1ccc(Nc2ncc3cc(-c4ccncc4)ccc3n2)cc1,201.0475,6.696701322923941,1,452.5620000000002
C[C@@H](NC(=O)[C@H]1CCCCN1C)c1ccc(Nc2ncc3cc(-c4ccncc4)ccc3n2)cc1,223.435,6.6508487957849685,1,466.58900000000017
C[C@@H](NC(=O)[C@H]1CCCCN1CCO)c1ccc(Nc2ncc3cc(-c4ccncc4)ccc3n2)cc1,82.8325,7.081799230832067,1,496.6150000000001
C[C@@H](NC(=O)[C@H]1CCCN1)c1ccc(Nc2ncc3cc(-c4ccncc4)ccc3n2)cc1,178.95,6.747268297273977,1,438.53500000000014
C[C@@H](NC(=O)[C@H]1CCCNC1)c1ccc(Nc2ncc3cc(-c4ccncc4)ccc3n2)cc1,227.26,6.643476997658174,1,452.5620000000001
C[C@@H](NC(=O)c1ncnc(N)c1Cl)c1ncc(C(=O)Nc2cc(C(F)(F)F)c(Cl)cn2)s1,363.6,6.43937612545007,1,506.2970000000001
C[C@@H](NC1=CC(=O)CC1)c1ccc(Nc2ncc3cc(-c4ccncc4)ccc3n2)cc1,71.5825,7.145193138060502,1,421.50400000000013
C[C@@H](NC1=CC(=O)CCC1)c1ccc(Nc2ncc3cc(-c4ccncc4)ccc3n2)cc1,28.7875,7.540796049027713,1,435.5310000000001
C[C@@H](NC1=CC(=O)CNC1)c1ccc(Nc2ncc3cc(-c4ccncc4)ccc3n2)cc1,44.975,7.347028827982411,1,436.5190000000001
C[C@@H](NC1=CC(=O)NCC1)c1ccc(Nc2ncc3cc(-c4ccncc4)ccc3n2)cc1,120.6225,6.918571674663331,1,436.5190000000001
C[C@@H](O)CNc1cc(Oc2ccc(NC(=O)Nc3cccc(C(F)(F)F)c3)cc2)ncn1,1000.0,6.0,1,447.41700000000003
C[C@@H]1CCN(S(=O)(=O)Nc2cccc(C(=O)c3c[nH]c4ncc(-c5cnc(C6CC6)nc5)cc34)c2F)C1,100.0,7.0,1,520.5900000000001
C[C@@H]1CN(Cc2ccc(C(=O)N[C@@H]3[C@H]4Oc5ccc(Oc6ccnc7c6CCC(=O)N7)cc5[C@@H]34)cc2C(F)(F)F)C[C@H](C)O1,86.0,7.0655015487564325,1,608.6170000000003
C[C@@H]1COCCN1c1nc(-c2cccc3[nH]ccc23)nc2ccc(-c3ccnn3C)cc12,1774.0,5.751046384504292,0,424.5080000000002
C[C@@H]1C[C@H]1C(=O)N1CCN(c2cnc(C#N)c(-c3cnn(C)c3)n2)C[C@H]1C,100000.0,4.0,0,365.4410000000001
C[C@H](CO)Cc1nc(-c2ccc(Cl)c(Cl)c2)c2c(N)c(C(N)=O)sc2n1,7359.5,5.133151690365927,0,411.3140000000002
C[C@H](CO)Nc1nc(-c2ccc(Cl)c(Cl)c2)c2c(N)c(C(N)=O)sc2n1,1943.5,5.711415455032715,0,412.3020000000002
C[C@H](CO)Oc1nc(-c2ccc(Cl)c(Cl)c2)c2c(N)c(C(N)=O)sc2n1,3465.0,5.460296761052175,0,413.28600000000023
C[C@H](NC(=O)c1ncnc(N)c1Cl)c1ncc(C(=O)Nc2cc(C(F)(F)F)c(Cl)cn2)s1,70.0,7.154901959985743,1,506.2970000000001
C[C@H](O)CNc1cc(Oc2ccc(NC(=O)Nc3cccc(C(F)(F)F)c3)cc2)ncn1,800.0,6.096910013008056,1,447.41700000000003
C[C@H](O)CNc1nccc(-c2nc(C3CC3)[nH]c2-c2cccc(NS(C)(=O)=O)c2F)n1,28.0,7.552841968657781,1,446.5080000000001
C[C@H](O)CNc1nccc(-n2ccnc2Cc2cccc(NC(=O)Nc3ccc(Cl)c(C(F)(F)F)c3)c2)n1,112.15,6.950200722081013,1,545.9530000000001
C[C@H](O)CNc1nccc(C2=C(c3cc(Cl)cc(NS(=O)(=O)c4cc(F)ccc4F)c3F)C(=O)C(C)(C)O2)n1,24.0,7.619788758288394,1,582.988
C[C@H](c1ccccc1)N1C(=O)c2ccccc2C1(O)c1ccc2[nH]c(NC(=O)OCc3ccccc3)nc2c1,100.0,7.0,1,518.5730000000002
C[C@H]1CCN(S(=O)(=O)Nc2ccc(F)c(C(=O)c3c[nH]c4ncc(-c5cnc(C6CC6)nc5)cc34)c2F)C1,100.0,7.0,1,538.5800000000003
C[C@H]1CN(Cc2ccc(C(=O)N[C@@H]3[C@H]4Oc5ccc(Oc6ccnc7c6CCC(=O)N7)cc5[C@@H]34)cc2C(F)(F)F)CCN1,6.2,8.207608310501746,1,593.6060000000002
C[S+]([O-])c1ccc(-c2nc(-c3ccc(F)cc3)c(-c3ccncc3)[nH]2)cc1,1000.0,6.0,1,377.444
C[Si](C)(C)CCOCn1cnc2c(Oc3ccc4c(c3)[C@H]3[C@H](NC(=O)Nc5ccc(F)c(C(F)(F)F)c5)[C@H]3O4)ncnc21,10000.0,5.0,0,616.648
Cc1c(-c2nc3c(c(N4CCOCC4)n2)CS(=O)(=O)C3)cc(NC(=O)c2cccc(C(F)(F)F)c2)c[n+]1[O-],1300.0,5.886056647693163,0,549.5310000000002
Cc1c(Cc2ccc(F)cc2)c(=O)oc2cc(OC(=O)N(C)C)ccc12,320.0,6.494850021680094,1,355.3650000000001
Cc1c(Cl)cccc1N1C(=O)/C(=C\c2ccc(-c3ccc(C(=O)O)cc3)o2)C(=O)NC1=S,2490.0,5.603800652904264,0,466.90200000000016
Cc1c(Cl)cccc1N1C(=O)c2ccccc2C1(O)c1ccc2c(c1)NC(=O)CO2,100.0,7.0,1,420.85200000000015
Cc1c(Cl)cccc1S(=O)(=O)Nc1ccc(F)c(Nc2ncccc2-c2ncnc3[nH]cnc23)c1F,2.0,8.698970004336019,1,527.9440000000002
Cc1c(NC(=O)Nc2ccc(Cl)c(C(F)(F)F)c2)ccc(Oc2ccnc3[nH]c(=O)[nH]c23)c1C,1978.0,5.7037737127388395,0,491.8570000000002
Cc1c(NC(=O)c2cccc(OC(F)(F)F)c2)cccc1Oc1cccc2[nH]c(=O)[nH]c12,55000.0,4.259637310505756,0,443.3810000000001
Cc1c(Nc2c(F)c(F)cc(NS(=O)(=O)CCCF)c2Cl)ccc2ncn(C)c(=O)c12,1.45,8.838631997765026,1,474.8920000000003
Cc1c(Nc2c(F)c(F)cc(NS(=O)(=O)CCCF)c2F)ccc2ncn(C)c(=O)c12,1.75,8.756961951313706,1,458.43700000000024
Cc1c(Nc2c(F)ccc(NS(=O)(=O)C3CC3)c2Cl)ccc2ncn(C)c(=O)c12,195.5,6.708853238268114,1,436.8960000000002
Cc1c(Nc2c(F)ccc(NS(=O)(=O)CC(C)C)c2Cl)ccc2ncn(C)c(=O)c12,74.9025,7.12550368673197,1,452.9390000000002
Cc1c(Nc2c(F)ccc(NS(=O)(=O)CC3CC3)c2Cl)ccc2ncn(C)c(=O)c12,67.975,7.167650783740462,1,450.92300000000023
Cc1c(Nc2c(F)ccc(NS(=O)(=O)CCCF)c2Cl)ccc2ncn(C)c(=O)c12,9.4,8.0268721464003,1,456.90200000000016
Cc1c(Nc2c(F)ccc(NS(=O)(=O)CCCF)c2F)ccc2ncn(C)c(=O)c12,14.2,7.847711655616943,1,440.4470000000001
Cc1c(Nc2c(F)ccc(NS(=O)(=O)N3CCCC3)c2Cl)ccc2ncn(C)c(=O)c12,34.7,7.459670525209126,1,465.9380000000002
Cc1c(Nc2c(F)ccc(NS(=O)(=O)N3CC[C@@H](F)C3)c2Cl)ccc2ncn(C)c(=O)c12,13.7,7.863279432843593,1,483.9280000000002
Cc1c(Nc2c(F)ccc(NS(=O)(=O)c3cc(F)ccc3F)c2Cl)ccc2ncn(C)c(=O)c12,0.34,9.468521082957745,1,508.9090000000002
Cc1c(Nc2c(F)ccc(NS(=O)(=O)c3ccccc3)c2Cl)ccc2ncn(C)c(=O)c12,3.95,8.40340290437354,1,472.9290000000002
Cc1c(Nc2c(F)ccc(NS(=O)(=O)c3ccccn3)c2Cl)ccc2ncn(C)c(=O)c12,49.2,7.308034897232639,1,473.91700000000014
Cc1c(Nc2c(F)ccc(NS(=O)(=O)c3ccco3)c2Cl)ccc2ncn(C)c(=O)c12,0.7,9.154901959985743,1,462.8900000000002
Cc1c(Nc2c(F)cnc(NS(=O)(=O)CC3CC3)c2Cl)ccc2ncn(C)c(=O)c12,41.7,7.379863945026242,1,451.9110000000002
Cc1c(Nc2c(F)cnc(NS(=O)(=O)CC3CC3)c2F)ccc2ncn(C)c(=O)c12,60.3,7.219682687859849,1,435.4560000000002
Cc1c(Nc2c(F)cnc(NS(=O)(=O)CCCF)c2Cl)ccc2ncn(C)c(=O)c12,6.2,8.207608310501746,1,457.8900000000001
Cc1c(Nc2c(F)cnc(NS(=O)(=O)CCCF)c2F)ccc2ncn(C)c(=O)c12,9.7,8.013228265733755,1,441.4350000000001
Cc1c(Nc2cc(F)cc(NS(=O)(=O)CCCF)c2Cl)ccc2ncn(C)c(=O)c12,6.05,8.21824462534753,1,456.90200000000016
Cc1c(Nc2cccc(NS(=O)(=O)CCCF)c2Cl)ccc2ncn(C)c(=O)c12,12.100000000000001,7.91721462968355,1,438.91200000000015
Cc1c(Oc2c(F)ccc(NS(=O)(=O)CCCF)c2Cl)ccc2ncn(C)c(=O)c12,2.4,8.619788758288394,1,457.8860000000002
Cc1c(Oc2c(F)ccc(NS(=O)(=O)CCCF)c2F)ccc2ncn(C)c(=O)c12,12.9,7.889410289700751,1,441.43100000000015
Cc1c(Oc2c(F)cnc(NS(=O)(=O)CCCF)c2F)ccc2ncn(C)c(=O)c12,10.4,7.982966660701219,1,442.41900000000015
Cc1c(Oc2cc(F)cc(NS(=O)(=O)CCCF)c2F)ccc2ncn(C)c(=O)c12,4.25,8.371611069949688,1,441.43100000000015
Cc1c(Oc2cccc(NS(=O)(=O)CCCF)c2Cl)ccc2ncn(C)c(=O)c12,8.55,8.068033885271827,1,439.8960000000001
Cc1c(Oc2cccc(NS(=O)(=O)CCCF)c2F)ccc2ncn(C)c(=O)c12,20.8,7.681936665037238,1,423.4410000000001
Cc1c[nH]nc1-c1ccc(-c2cn(C)nc2-c2ccncc2)cc1,5.7,8.244125144327509,1,315.38
Cc1c[nH]nc1-c1ccc(-c2nc(-c3ccc(OCCN(C)C)cc3)[nH]c2-c2ccncc2)cc1,1610.0,5.79317412396815,0,464.57300000000015
Cc1cc(-c2cccnc2Nc2cccc(O)c2)nc(N)n1,1000.0,6.0,1,293.33000000000004
Cc1cc(-c2cccnc2Oc2cccc3[nH]ccc23)nc(N)n1,1000.0,6.0,1,317.3520000000001
Cc1cc(-c2oc3cnccc3c2Nc2ccc3c(c2)CC/C3=N\O)no1,183.5,6.7363639314118915,1,360.37300000000016
Cc1cc(/C=N/NC(=O)Nc2ccc(-c3nc(N4CCOCC4)c4sccc4n3)cc2)cc(C)c1O,10000.0,5.0,0,502.6000000000003
Cc1cc(=O)c(C(=O)Nc2cccc(C(F)(F)F)c2)cn1-c1ccnc(N2CCOCC2)c1,80.0,7.096910013008056,1,458.4400000000002
Cc1cc(C(=O)N[C@@H]2[C@H]3Oc4ccc(Oc5ccnc6c5CCC(=O)N6)cc4[C@@H]23)ccc1CN1CCN(C)CC1,5.5,8.259637310505756,1,539.6360000000003
Cc1cc(C(=O)N[C@@H]2[C@H]3Oc4ccc(Oc5ccnc6c5CCC(=O)N6)cc4[C@@H]23)ccc1CO,1.0,9.0,1,457.4860000000003
Cc1cc(C(=O)Nc2cc(C(C)(C)C)nn2C)cc(Nc2ncnc3cnc(N4CCN(C)CC4)nc23)c1C,8.0,8.096910013008056,1,528.6650000000003
Cc1cc(C(=O)Nc2cc(C(C)(C)C)nn2C)cc(Nc2ncnc3cnc(N4CCOCC4)nc23)c1C,5.0,8.301029995663981,1,515.6220000000003
Cc1cc(C(=O)Nc2cc(Oc3ccc4nc(NC(=O)C5CC5)nn4c3)ccc2F)n(C)n1,10000.0,5.0,0,449.4460000000002
Cc1cc(C(=O)Nc2ccc(C)c(-c3cc(N4CCOCC4)c(=O)n(C)c3)c2)n(C)n1,100.0,7.0,1,421.5010000000002
Cc1cc(C(=O)Nc2ccc(C)c(Nc3ncccc3-c3ncnc4[nH]cnc34)c2)ccc1Cl,2.56,8.59176003468815,1,469.93600000000015
Cc1cc(C(=O)Nc2cccc(Oc3ccc4nc(NC(=O)C5CC5)cn4c3)c2)n(C)n1,1000.0,6.0,1,430.4680000000002
Cc1cc(C(=O)Nc2cccc(Oc3ccc4nc(NC(=O)C5CC5)cn4n3)c2)n(C)n1,5500.0,5.259637310505756,0,431.4560000000002
Cc1cc(C(=O)Nc2cccc(Oc3ccc4nc(NC(=O)C5CC5)nn4c3)c2)n(C)n1,290.0,6.5376020021010435,1,431.4560000000002
Cc1cc(C(=O)Nc2cccc(Oc3ccc4nc(NC(=O)C5CC5)sc4c3)c2)n(C)n1,1000.0,6.0,1,447.5200000000002
Cc1cc(C(=O)Nc2cccc(Oc3ccc4nc(NC(=O)C5CC5)sc4n3)c2)n(C)n1,1000.0,6.0,1,448.5080000000002
Cc1cc(C(=O)Nc2cccc(Oc3cccc4[nH]c(=O)[nH]c34)c2)n(C)n1,89500.0,4.048176964684088,0,363.3770000000001
Cc1cc(C(=O)Nc2cnc(C)c(-c3cc(N4CCOCC4)c(=O)n(C)c3)c2)n(C)n1,2800.0,5.552841968657781,0,422.48900000000015
Cc1cc(C(=O)Nc2cnc(C)c(-c3cc4[nH]cnc4c(N4CCOCC4)n3)c2)n(C)n1,200.0,6.698970004336019,1,432.4880000000003
Cc1cc(C)c2c(=O)n(C(=O)c3cccs3)sc2n1,500.0,6.301029995663981,1,290.369
Cc1cc(C)cc(S(=O)(=O)Nc2ccc(F)c(C(=O)c3c[nH]c4ncnc(C)c34)c2F)c1,100.0,7.0,1,456.47400000000016
Cc1cc(C)cc(S(=O)(=O)Nc2ccc(F)c(C(=O)c3c[nH]c4ncnc(NC(C)C)c34)c2F)c1,100.0,7.0,1,499.5430000000002
Cc1cc(C)n(-c2nc3c(c(=O)n(C)c(=O)n3C)n2Cc2ccccc2)n1,57710.0,4.238748925691337,0,364.4090000000001
Cc1cc(C2C(C(=O)c3ccc4c(c3)OCCO4)=C(O)C(=O)N2CCCn2ccnc2)co1,100000.0,4.0,0,449.4630000000002
Cc1cc(Cl)ccc1NC(=O)N[C@@H]1[C@H]2Oc3ccc(Oc4ccnc5c4CCC(=O)N5)cc3[C@@H]12,1100.0,5.958607314841775,0,476.9200000000003
Cc1cc(F)c(NC(=O)NCCC(C)(C)C)cc1-c1cc2cnc(N)nc2nc1C,7.9,8.102372908709558,1,410.4970000000001
Cc1cc(N2C[C@@H]3C[C@H]2CN3)ccc1-c1ccnc2c(-c3cccc(O)c3)c(-c3ccncc3)nn12,0.32,9.494850021680094,1,474.5680000000002
Cc1cc(N2C[C@@H]3C[C@H]2CN3C)ccc1-c1ccnc2c(-c3ccc(F)c(O)c3)c(-c3ccncc3)nn12,0.32,9.494850021680094,1,506.5850000000002
Cc1cc(N2C[C@@H]3C[C@H]2CN3C)ccc1-c1ccnc2c(-c3ccc(F)c4[nH]ncc34)c(-c3ccncc3)nn12,0.32,9.494850021680094,1,530.6110000000001
Cc1cc(N2C[C@@H]3C[C@H]2CN3C)ccc1-c1ccnc2c(-c3cccc(O)c3)c(-c3ccncc3)nn12,0.32,9.494850021680094,1,488.5950000000002
Cc1cc(N2C[C@@H]3C[C@H]2CN3C)ccc1-c1ccnc2c(-c3cccc4[nH]ncc34)c(-c3ccncc3)nn12,0.51,9.292429823902063,1,512.6210000000002
Cc1cc(NC(=O)N[C@@H]2[C@H]3Oc4ccc(Oc5ccnc6c5CCC(=O)N6)cc4[C@@H]23)ccc1F,1500.0,5.823908740944319,0,460.4650000000002
Cc1cc(NC(=O)Nc2cc(C(C)(F)F)ccc2F)ccc1Oc1cc(NC(=O)C2CC2)ncn1,111.0,6.954677021213342,1,485.46600000000024
Cc1cc(NC(=O)Nc2cc(C(C)(F)F)ccc2F)ccc1Oc1ccnc(NC(=O)C2CC2)c1,16.0,7.795880017344075,1,484.47800000000024
Cc1cc(NC(=O)Nc2cc(C(F)(F)F)ccc2F)cnc1Oc1ccnc(NC(=O)C2CC2)c1,10.4,7.982966660701219,1,489.42900000000026
Cc1cc(NC(=O)Nc2cc(OC(C)C)cc(C(F)(F)F)c2)cnc1Oc1ccnc(NC(=O)C2CC2)c1,61.4,7.211831628858833,1,529.5190000000001
Cc1cc(NC(=O)Nc2ccc(Cl)c(C(C)(F)F)c2)ccc1Oc1ccnc(NC(=O)C2CC2)c1,21.5,7.667561540084395,1,500.9330000000003
Cc1cc(NC(=O)Nc2ccc(Cl)c(C(F)(F)F)c2)ccc1Oc1cc(NC(=O)C2CC2)ncn1,97.0,7.013228265733755,1,505.88400000000024
Cc1cc(NC(=O)Nc2ccc(Cl)c(C(F)(F)F)c2)ccc1Oc1ccnc(NC(=O)C2CC2)c1,25.0,7.6020599913279625,1,504.89600000000024
Cc1cc(NC(=O)Nc2ccc(Cl)c(C(F)(F)F)c2)ccc1Oc1ccnc2[nH]c(=O)[nH]c12,29511.5,4.530008715773949,0,477.83000000000015
Cc1cc(NC(=O)Nc2ccc(Cl)c(C(F)(F)F)c2)cnc1Oc1ccnc(NC(=O)C2CC2)c1,15.7,7.804100347590766,1,505.88400000000024
Cc1cc(NC(=O)Nc2ccc(F)c(C(C)(F)F)c2)ccc1Oc1cc(NC(=O)C2CC2)ncn1,293.0,6.533132379645891,1,485.46600000000024
Cc1cc(NC(=O)Nc2ccc(F)c(C(F)(F)F)c2)ccc1Oc1ccnc(NC(=O)C2CC2)c1,20.7,7.684029654543083,1,488.44100000000026
Cc1cc(NC(=O)Nc2ccc(Oc3ccnc4[nH]c(=O)[nH]c34)cc2)n(-c2ccc(Cl)cc2)n1,35145.0,4.454136452347356,0,475.89600000000013
Cc1cc(NC(=O)Nc2cccc(C(F)(F)F)c2)ccc1Oc1ccnc(NC(=O)C2CC2)c1,12.5,7.903089986991944,1,470.45100000000025
Cc1cc(NC(=O)Nc2cccc(OC(F)(F)F)c2)ccc1Oc1ccnc(NC(=O)C2CC2)c1,14.0,7.853871964321762,1,486.4500000000003
Cc1cc(NC(=O)c2ccc(C)c(Nc3ncccc3-c3ncnc4[nH]cnc34)c2)ccc1Cl,8.153333333333334,8.088664802019396,1,469.93600000000015
Cc1cc(NS(C)(=O)=O)c(Cl)c(-c2[nH]c(C3(C)CC3)nc2-c2ccnc(NCCC#N)n2)c1,0.29,9.537602002101044,1,486.0010000000003
Cc1cc(NS(C)(=O)=O)c(F)c(-c2[nH]c(C3(C)CC3)nc2-c2ccnc(NCCC#N)n2)c1,0.37,9.431798275933005,1,469.5460000000003
Cc1cc(Nc2c(-c3ncccn3)oc3cnccc23)c2cn[nH]c2c1Cl,0.3,9.522878745280337,1,376.80700000000013
Cc1cc(Oc2cc(NC(=O)C3CC3)ncn2)ccc1NC(=O)Nc1ccc(Cl)c(C(C)(F)F)c1,45.0,7.346787486224656,1,501.9210000000001
Cc1cc(Oc2cc(NC(=O)C3CC3)ncn2)ccc1NC(=O)Nc1ccc(Cl)c(C(F)(F)F)c1,39.0,7.4089353929735005,1,505.88400000000007
Cc1cc(Oc2cc(NC(=O)C3CC3)ncn2)ccc1NC(=O)Nc1ccc(F)c(C(F)(F)F)c1,145.0,6.838631997765025,1,489.4290000000001
Cc1cc(Oc2cc(NC(=O)C3CC3)ncn2)ccc1NC(=O)Nc1cccc(C(F)(F)F)c1,146.0,6.835647144215563,1,471.4390000000001
Cc1cc(Oc2ccc(NC(=O)Nc3cccc(C(F)(F)F)c3)cc2)c2ccccc2n1,1260.0,5.8996294548824375,0,437.42100000000005
Cc1cc(Oc2ccc(NC(=O)Nc3cccc(C(F)(F)F)c3)cc2)ncn1,1260.0,5.8996294548824375,0,388.349
Cc1cc(Oc2ccc3c(c2)CC(c2ncc(-c4ccccc4)[nH]2)CO3)ccn1,52.0,7.2839966563652006,1,383.4510000000001
Cc1cc(Oc2ccnc(NC(=O)C3CC3)c2)ccc1NC(=O)Nc1cc(OC(F)(F)F)ccc1F,13.0,7.886056647693163,1,504.4400000000001
Cc1cc(Oc2ccnc(NC(=O)C3CC3)c2)ccc1NC(=O)Nc1ccc(Cl)c(C(C)(F)F)c1,11.7,7.931814138253839,1,500.93300000000016
Cc1cc(Oc2ccnc(NC(=O)C3CC3)c2)ccc1NC(=O)Nc1ccc(Cl)c(C(F)(F)F)c1,15.0,7.823908740944319,1,504.89600000000013
Cc1cc(Oc2ccnc(NC(=O)C3CC3)c2)ccc1NC(=O)Nc1ccc(F)c(C(F)(F)F)c1,10.0,8.0,1,488.4410000000001
Cc1cc(Oc2ccnc(NC(=O)C3CC3)c2)ccc1NC(=O)Nc1ccc(F)c(OC(F)(F)F)c1,13.0,7.886056647693163,1,504.4400000000001
Cc1cc(Oc2ccnc(NC(=O)C3CC3)c2)ccc1NC(=O)Nc1cccc(C(F)(F)F)c1,6.8,8.167491087293763,1,470.4510000000001
Cc1cc(Oc2ccnc(NC(=O)C3CC3)c2)ccc1NC(=O)Nc1cccc(OC(F)(F)F)c1,8.8,8.05551732784983,1,486.4500000000001
Cc1cc(Oc2ccnc(NC(=O)C3CC3)c2)ncc1NC(=O)Nc1cc(C(C)(F)F)ccc1F,6.2,8.207608310501746,1,485.4660000000001
Cc1cc(Oc2ccnc(NC(=O)C3CC3)c2)ncc1NC(=O)Nc1cc(C(F)(F)F)ccc1F,7.2,8.142667503568731,1,489.4290000000001
Cc1cc(Oc2ccnc3[nH]c(=O)[nH]c23)ccc1NC(=O)Nc1ccc(Cl)c(C(F)(F)F)c1,2378.5,5.62369684424408,0,477.8300000000001
Cc1cc(Oc2ccnc3c2CCC(=O)N3)cc2c1OC1C(c3nc4ccc(C(F)(F)F)cc4[nH]3)C21,61.0,7.214670164989233,1,492.4570000000001
Cc1cc(S(=O)(=O)Nc2ccc(F)c(Nc3ncccc3-c3ncnc4[nH]cnc34)c2F)c(C(F)(F)F)o1,30.0,7.522878745280337,1,551.4570000000002
Cc1cc(S(=O)(=O)Nc2ccc(F)c(Nc3ncccc3-c3ncnc4[nH]cnc34)c2F)c(C)o1,15.0,7.823908740944319,1,497.4870000000002
Cc1cc2[nH]c(C3C4Oc5ccc(Oc6ccnc7c6CCC(=O)N7)cc5C43)nc2cc1F,2.4,8.619788758288394,1,442.4500000000002
Cc1cc2[nH]c(C3[C@H]4Oc5ccc(Oc6ccnc7c6CCC(=O)N7)cc5[C@@H]34)nc2cc1F,21.0,7.6777807052660805,1,442.4500000000002
Cc1cc2[nH]c(C3[C@H]4c5cc(Oc6ccnc7c6CCC(=O)N7)ccc5O[C@@H]34)nc2cc1F,3.4,8.468521082957745,1,442.45000000000016
Cc1cc2[nH]c([C@@H]3[C@H]4Oc5ccc(Oc6ccnc7c6CCC(=O)N7)cc5[C@H]43)nc2cc1F,3.4,8.468521082957745,1,442.4500000000002
Cc1cc2[nH]c([C@H]3[C@@H]4Oc5ccc(Oc6ccnc7c6CCC(=O)N7)cc5[C@@H]43)nc2cc1F,21.0,7.6777807052660805,1,442.4500000000002
Cc1cc2nc(C3C4Oc5cc(Cl)c(Oc6ccnc7c6CCC(=O)N7)cc5C43)[nH]c2cc1F,173.0,6.761953896871205,1,476.8950000000002
Cc1ccc(-c2cc(-c3cccc(NC(=O)Nc4ccc(Cl)c(C(F)(F)F)c4)c3)[nH]n2)cc1,6320.0,5.199282921717615,0,470.88200000000006
Cc1ccc(-c2cc(-c3cccc(NC(=O)c4cc(-n5ccnc5C)cc(C(F)(F)F)c4)c3)[nH]n2)cc1,830.0,6.080921907623926,1,501.5120000000001
Cc1ccc(-c2cc(-c3cccc(NC(=O)c4cc(-n5cnc(C)c5)cc(C(F)(F)F)c4)c3)[nH]n2)cc1,3250.0,5.488116639021126,0,501.5120000000001
Cc1ccc(-c2cc(-c3cccc(NC(=O)c4cc(N5CCOCC5)cc(C(F)(F)F)c4)c3)[nH]n2)cc1,3740.0,5.42712839779952,0,506.52800000000025
Cc1ccc(-c2cc(-c3cccc(NC(=O)c4ccc(C(F)(F)F)c(N5CCOCC5)c4)c3)[nH]n2)cc1,15700.0,4.804100347590766,0,506.52800000000025
Cc1ccc(-c2cc(-c3cccc(NC(=O)c4ccc5ccccc5n4)c3)[nH]n2)cc1,26800.0,4.5718652059712115,0,404.47300000000007
Cc1ccc(-c2cc3cccc(C#Cc4nn(C(C)C)c5ncnc(N)c45)c3cn2)cc1,24.0,7.619788758288394,1,418.50400000000013
Cc1ccc(-c2ccc(C(=O)N3N=C(c4cccnc4)CC3c3ccccc3O)o2)cc1,1229.0,5.910448117113546,0,423.47200000000015
Cc1ccc(-c2ccnc(-c3ccnc4[nH]ccc34)n2)c(C)n1,3100.0,5.508638306165727,0,301.35300000000007
Cc1ccc(-c2cnc3[nH]cc(C(=O)c4cccc(NS(=O)(=O)N(C)C)c4F)c3c2)cn1,100.0,7.0,1,453.49900000000014
Cc1ccc(-c2cnc3[nH]cc(C(=O)c4cccc(NS(=O)(=O)N5CCCC5)c4F)c3c2)cn1,100.0,7.0,1,479.53700000000026
Cc1ccc(-c2nc(NC3CC3)nc3sc(C(N)=O)c(N)c23)cc1O,103.0,6.987162775294828,1,355.4230000000001
Cc1ccc(-c2oc3cnccc3c2Nc2ccc3c(c2)CC/C3=N\O)cc1,1001.5,5.999349046370405,0,369.42400000000015
Cc1ccc(-n2nc(-c3ccncc3)c(-c3ccc(F)cc3)c2N)cc1,890.0,6.050609993355087,1,344.39300000000014
Cc1ccc(-n2nc(C(C)(C)C)cc2NC(=O)Nc2ccc(C)c(Nc3nccc(-c4cccnc4)n3)c2)cc1,413.9,6.38310457359924,1,532.6520000000003
Cc1ccc(-n2nc(C(C)(C)C)cc2NC(=O)Nc2ccc(OCCN3CCOCC3)c3ccccc23)cc1,71.7,7.144480844332199,1,527.6690000000006
Cc1ccc(-n2nc(C(C)(C)C)cc2NC(=O)Nc2ccc(Oc3ccnc4[nH]c(=O)[nH]c34)c3ccccc23)cc1,342.0,6.465973893943865,1,547.6190000000003
Cc1ccc(-n2nc(C(C)(C)C)cc2NC(=O)Nc2ccc(Oc3ccnc4[nH]c(=O)[nH]c34)cc2)cc1,281.0,6.55129368009492,1,497.55900000000025
Cc1ccc(-n2nc(C(C)(C)C)cc2NC(=O)Nc2ccc(Oc3ccnc4[nH]c(=O)[nH]c34)cc2F)cc1,75.0,7.1249387366083,1,515.5490000000003
Cc1ccc(-n2nc(C(C)(C)C)cc2NC(=O)Nc2ccc(Oc3ccnc4[nH]c(=O)c(=O)[nH]c34)cc2F)cc1,82.5,7.0835460514500745,1,543.5590000000003
Cc1ccc(-n2nc(C(C)(C)C)cc2NC(=O)Nc2ccc(Oc3ccnc4[nH]c(=O)c(C)nc34)c3ccccc23)cc1,52.0,7.2839966563652006,1,573.6570000000004
Cc1ccc(-n2nc(C(C)(C)C)cc2NC(=O)Nc2ccc(Oc3ccnc4[nH]c(=O)c(N)nc34)c3ccccc23)cc1,78.5,7.105130343254747,1,574.6450000000003
Cc1ccc(-n2nc(C(C)(C)C)cc2NC(=O)Nc2ccc(Oc3ccnc4[nH]c(=O)c(N)nc34)cc2F)cc1,165.5,6.781202001888262,1,542.5750000000004
Cc1ccc(-n2nc(C(C)(C)C)cc2NC(=O)Nc2ccc(Oc3ccnc4[nH]c(=O)cnc34)c3ccccc23)cc1,45.0,7.346787486224656,1,559.6300000000003
Cc1ccc(-n2nc(C(C)(C)C)cc2NC(=O)Nc2ccc(Oc3ccnc4[nH]c(=O)cnc34)cc2)cc1,174.0,6.7594507517174005,1,509.5700000000003
Cc1ccc(-n2nc(C(C)(C)C)cc2NC(=O)Nc2ccc(Oc3ccnc4[nH]c(=O)cnc34)cc2F)cc1,44.0,7.356547323513812,1,527.5600000000003
Cc1ccc(-n2nc(C(C)(C)C)cc2NC(=O)Nc2ccc(Oc3ccnc4[nH]c(=O)n(C)c34)c3ccccc23)cc1,1153.0,5.938170692705301,0,561.6460000000003
Cc1ccc(-n2nc(C(C)(C)C)cc2NC(=O)Nc2ccc(Oc3ccnc4[nH]c(=O)n(C)c34)cc2)cc1,146.0,6.835647144215563,1,511.5860000000003
Cc1ccc(-n2nc(C(C)(C)C)cc2NC(=O)Nc2ccc(Oc3ccnc4[nH]c(S)nc34)cc2F)cc1,182.5,6.738737131207507,1,531.6170000000003
Cc1ccc(-n2nc(C(C)(C)C)cc2NC(=O)Nc2ccc(Oc3ccnc4[nH]nnc34)cc2F)cc1,2235.0,5.650722472532045,0,500.53800000000024
Cc1ccc(-n2nc(C(C)(C)C)cc2NC(=O)Nc2ccc(Oc3ccnc4c3NCC(=O)N4)cc2F)cc1,31.0,7.508638306165727,1,529.5760000000004
Cc1ccc(-n2nc(C(C)(C)C)cc2NC(=O)Nc2ccc(Oc3ccnc4c3[nH]c(=O)n4C)c3ccccc23)cc1,3185.0,5.4968905633286305,0,561.6460000000003
Cc1ccc(-n2nc(C(C)(C)C)cc2NC(=O)Nc2ccc(Oc3ccnc4c3[nH]c(=O)n4C)cc2)cc1,622.0,6.206209615309182,1,511.5860000000003
Cc1ccc(-n2nc(C(C)(C)C)cc2NC(=O)Nc2ccc(Oc3ccnc4c3[nH]c(=O)n4C)cc2)cc1.O=C(O)CC(O)(CC(=O)O)C(=O)O,1518.0,5.818728228440539,0,703.7090000000003
Cc1ccc(-n2nc(C(C)(C)C)cc2NC(=O)Nc2ccc(Oc3ccnc4c3[nH]c(=O)n4C)cc2F)cn1,296.0,6.528708288941061,1,530.5640000000003
Cc1ccc(-n2nc(C(C)(C)C)cc2NC(=O)Nc2ccc(Oc3ccnc4c3n(C)c(=O)n4C)cc2)cc1,995.0,6.002176919254275,1,525.6130000000004
Cc1ccc(-n2nc(C(C)(C)C)cc2NC(=O)Nc2ccc(Oc3ccnc4c3n(C)c(=O)n4C)cc2F)cc1,591.0,6.228412519118745,1,543.6030000000004
Cc1ccc(-n2nc(C(C)(C)C)cc2NC(=O)Nc2ccc(Oc3ccnc4nc(C)c(=O)[nH]c34)c3ccccc23)cc1,8588.0,5.066107964235789,0,573.6570000000004
Cc1ccc(-n2nc(C(C)(C)C)cc2NC(=O)Nc2ccc(Oc3ccnc4nc(N)c(=O)[nH]c34)cc2F)cc1,146.0,6.835647144215563,1,542.5750000000004
Cc1ccc(-n2nc(C(C)(C)C)cc2NC(=O)Nc2ccc(Oc3ccnc4nc(N5CCOCC5)cnc34)cc2F)cc1,5140.0,5.289036881004725,0,596.6670000000004
Cc1ccc(-n2nc(C(C)(C)C)cc2NC(=O)Nc2ccc(Oc3ccnc4ncc(=O)[nH]c34)cc2)cc1,1462.0,5.835052627378158,0,509.5700000000003
Cc1ccc(-n2nc(C(C)(C)C)cc2NC(=O)Nc2ccc(Sc3ccnc4[nH]c(=O)[nH]c34)cc2)cc1,1217.0,5.914709421769935,0,513.6270000000003
Cc1ccc(-n2nc(C(C)(C)C)cc2NC(=O)Nc2cccc(Oc3cccc4[nH]c(=O)[nH]c34)c2)cc1,479.0,6.319664486585437,1,496.57100000000025
Cc1ccc(-n2nc(C(C)(C)C)cc2NC(=O)Nc2cccc(Oc3ccnc4[nH]c(=O)c(C)nc34)c2)cc1,100.5,6.997833938243493,1,523.5970000000003
Cc1ccc(-n2nc(C(C)(C)C)cc2NC(=O)Nc2cccc(Oc3ccnc4[nH]c(=O)cnc34)c2)cc1,180.5,6.7435227937583235,1,509.5700000000003
Cc1ccc(-n2nc(C(C)(C)C)cc2NC(=O)Nc2cccc(Oc3ccnc4ncc(=O)[nH]c34)c2)cc1,680.0,6.167491087293763,1,509.5700000000003
Cc1ccc(-n2nc(C(C)(C)C)cc2NC(=O)c2cccc(Oc3cccc4[nH]c(=O)[nH]c34)c2)cc1,1320.0,5.87942606879415,0,481.5560000000002
Cc1ccc(-n2nc(C(F)(F)F)cc2NC(=O)Nc2ccc(Oc3ccnc4[nH]c(=O)n(C)c34)cc2)cc1,1688.0,5.772627557710364,0,523.4750000000003
Cc1ccc(-n2nc(C(F)(F)F)cc2NC(=O)Nc2cccc(Oc3cccc4[nH]c(=O)[nH]c34)c2)cc1,2600.0,5.585026652029182,0,508.4600000000002
Cc1ccc(-n2nc(C(F)(F)F)cc2NC(=O)c2cccc(Oc3cccc4[nH]c(=O)[nH]c34)c2)cc1,7650.0,5.116338564846382,0,493.44500000000016
Cc1ccc(C(=O)N(C)C)cc1Nc1ncnc2cnc(NC3CCC(O)CC3)nc12,7000.0,5.154901959985743,0,421.5050000000003
Cc1ccc(C(=O)N2CCOCC2)cc1Nc1ncnc2cnc(N3CCOCC3)cc12,1400.0,5.853871964321762,0,434.5000000000003
Cc1ccc(C(=O)NC2CC2)cc1Nc1ncnc2cnc(N(C)CCN(C)C)nc12,10000.0,5.0,0,420.52100000000024
Cc1ccc(C(=O)NC2CC2)cc1Nc1ncnc2cnc(N3CCCC3)nc12,2000.0,5.698970004336019,0,389.46300000000025
Cc1ccc(C(=O)NC2CC2)cc1Nc1ncnc2cnc(N3CCCCC3)nc12,2000.0,5.698970004336019,0,403.4900000000003
Cc1ccc(C(=O)NC2CC2)cc1Nc1ncnc2cnc(N3CCCN(C)CC3)nc12,15000.0,4.823908740944319,0,432.5320000000003
Cc1ccc(C(=O)NC2CC2)cc1Nc1ncnc2cnc(N3CCN(C)CC3)nc12,15000.0,4.823908740944319,0,418.5050000000003
Cc1ccc(C(=O)NC2CC2)cc1Nc1ncnc2cnc(N3CCOCC3)nc12,2000.0,5.698970004336019,0,405.4620000000003
Cc1ccc(C(=O)NC2CC2)cc1Nc1ncnc2cnc(N3CC[C@@H](F)C3)nc12,2000.0,5.698970004336019,0,407.4530000000002
Cc1ccc(C(=O)NC2CCCCC2)cc1Nc1ncnc2cnc(N(C)CCN(C)C)nc12,10000.0,5.0,0,462.6020000000002
Cc1ccc(C(=O)NC2CCCCC2)cc1Nc1ncnc2cnc(N3CCCC3)nc12,15000.0,4.823908740944319,0,431.5440000000002
Cc1ccc(C(=O)NC2CCCCC2)cc1Nc1ncnc2cnc(N3CCCCC3)nc12,10000.0,5.0,0,445.57100000000025
Cc1ccc(C(=O)NC2CCCCC2)cc1Nc1ncnc2cnc(N3CCCN(C)CC3)nc12,15000.0,4.823908740944319,0,474.6130000000003
Cc1ccc(C(=O)NC2CCCCC2)cc1Nc1ncnc2cnc(N3CCN(C)CC3)nc12,15000.0,4.823908740944319,0,460.58600000000024
Cc1ccc(C(=O)NC2CCCCC2)cc1Nc1ncnc2cnc(N3CCOCC3)nc12,1400.0,5.853871964321762,0,447.54300000000023
Cc1ccc(C(=O)NC2CCCCC2)cc1Nc1ncnc2cnc(N3CC[C@@H](F)C3)nc12,2000.0,5.698970004336019,0,449.53400000000016
Cc1ccc(C(=O)NCC2CCOC2)cc1Nc1ncnc2cnc(N(C)CCN(C)C)nc12,15000.0,4.823908740944319,0,464.57400000000024
Cc1ccc(C(=O)NCC2CCOC2)cc1Nc1ncnc2cnc(N3CCCC3)nc12,15000.0,4.823908740944319,0,433.51600000000025
Cc1ccc(C(=O)NCC2CCOC2)cc1Nc1ncnc2cnc(N3CCCCC3)nc12,15000.0,4.823908740944319,0,447.5430000000003
Cc1ccc(C(=O)NCC2CCOC2)cc1Nc1ncnc2cnc(N3CCCN(C)CC3)nc12,7000.0,5.154901959985743,0,476.5850000000003
Cc1ccc(C(=O)NCC2CCOC2)cc1Nc1ncnc2cnc(N3CCN(C)CC3)nc12,2000.0,5.698970004336019,0,462.5580000000003
Cc1ccc(C(=O)NCC2CCOC2)cc1Nc1ncnc2cnc(N3CCOCC3)nc12,15000.0,4.823908740944319,0,449.51500000000027
Cc1ccc(C(=O)NCC2CCOC2)cc1Nc1ncnc2cnc(N3CC[C@@H](F)C3)nc12,2000.0,5.698970004336019,0,451.5060000000002
Cc1ccc(C(=O)NCc2ccc(C(C)(C)C)cc2)cc1Nc1ncnc2cnc(N(C)CCN(C)C)nc12,571.0,6.243363891754152,1,526.6890000000002
Cc1ccc(C(=O)NCc2ccc(C(C)(C)C)cc2)cc1Nc1ncnc2cnc(N3CCCC3)nc12,836.0,6.077793722560983,1,495.6310000000003
Cc1ccc(C(=O)NCc2ccc(C(C)(C)C)cc2)cc1Nc1ncnc2cnc(N3CCCCC3)nc12,460.0,6.337242168318426,1,509.65800000000036
Cc1ccc(C(=O)NCc2ccc(C(C)(C)C)cc2)cc1Nc1ncnc2cnc(N3CCCN(C)CC3)nc12,293.0,6.533132379645891,1,538.7000000000003
Cc1ccc(C(=O)NCc2ccc(C(C)(C)C)cc2)cc1Nc1ncnc2cnc(N3CCN(C)CC3)nc12,101.0,6.995678626217358,1,524.6730000000002
Cc1ccc(C(=O)NCc2ccc(C(C)(C)C)cc2)cc1Nc1ncnc2cnc(N3CCOCC3)nc12,115.0,6.939302159646388,1,511.63000000000034
Cc1ccc(C(=O)NCc2ccc(C(C)(C)C)cc2)cc1Nc1ncnc2cnc(N3CC[C@@H](F)C3)nc12,48.0,7.318758762624412,1,513.6210000000002
Cc1ccc(C(=O)NCc2ccc(C(F)(F)F)cc2)cc1Nc1ncnc2cnc(N(C)CCN(C)C)nc12,1124.0,5.949233688766958,0,538.5780000000002
Cc1ccc(C(=O)NCc2ccc(C(F)(F)F)cc2)cc1Nc1ncnc2cnc(N3CCCC3)nc12,40.0,7.3979400086720375,1,507.5200000000003
Cc1ccc(C(=O)NCc2ccc(C(F)(F)F)cc2)cc1Nc1ncnc2cnc(N3CCCCC3)nc12,29.0,7.5376020021010435,1,521.5470000000004
Cc1ccc(C(=O)NCc2ccc(C(F)(F)F)cc2)cc1Nc1ncnc2cnc(N3CCCN(C)CC3)nc12,171.0,6.767003889607846,1,550.5890000000002
Cc1ccc(C(=O)NCc2ccc(C(F)(F)F)cc2)cc1Nc1ncnc2cnc(N3CCN(C)CC3)nc12,41.0,7.3872161432802645,1,536.5620000000002
Cc1ccc(C(=O)NCc2ccc(C(F)(F)F)cc2)cc1Nc1ncnc2cnc(N3CCOCC3)nc12,114.0,6.943095148663527,1,523.5190000000003
Cc1ccc(C(=O)NCc2ccc(C(F)(F)F)cc2)cc1Nc1ncnc2cnc(N3CC[C@@H](F)C3)nc12,19.0,7.721246399047171,1,525.5100000000002
Cc1ccc(C(=O)NCc2cccc(C(C)(C)C)c2)cc1Nc1ncnc2cnc(N(C)CCN(C)C)nc12,118.0,6.928117992693875,1,526.6890000000002
Cc1ccc(C(=O)NCc2cccc(C(C)(C)C)c2)cc1Nc1ncnc2cnc(N3CCCC3)nc12,88.0,7.055517327849832,1,495.6310000000003
Cc1ccc(C(=O)NCc2cccc(C(C)(C)C)c2)cc1Nc1ncnc2cnc(N3CCCCC3)nc12,47.0,7.327902142064283,1,509.65800000000036
Cc1ccc(C(=O)NCc2cccc(C(C)(C)C)c2)cc1Nc1ncnc2cnc(N3CCCN(C)CC3)nc12,140.0,6.853871964321762,1,538.7000000000003
Cc1ccc(C(=O)NCc2cccc(C(C)(C)C)c2)cc1Nc1ncnc2cnc(N3CCN(C)CC3)nc12,50.0,7.301029995663981,1,524.6730000000002
Cc1ccc(C(=O)NCc2cccc(C(C)(C)C)c2)cc1Nc1ncnc2cnc(N3CCOCC3)nc12,56.0,7.251811972993799,1,511.63000000000034
Cc1ccc(C(=O)NCc2cccc(C(F)(F)F)c2)cc1Nc1ncnc2cnc(N(C)CCN(C)C)nc12,971.0,6.012780770091995,1,538.5780000000002
Cc1ccc(C(=O)NCc2cccc(C(F)(F)F)c2)cc1Nc1ncnc2cnc(N3CCCC3)nc12,61.0,7.214670164989233,1,507.5200000000003
Cc1ccc(C(=O)NCc2cccc(C(F)(F)F)c2)cc1Nc1ncnc2cnc(N3CCCCC3)nc12,56.0,7.251811972993799,1,521.5470000000004
Cc1ccc(C(=O)NCc2cccc(C(F)(F)F)c2)cc1Nc1ncnc2cnc(N3CCCN(C)CC3)nc12,245.0,6.610833915635467,1,550.5890000000002
Cc1ccc(C(=O)NCc2cccc(C(F)(F)F)c2)cc1Nc1ncnc2cnc(N3CCN(C)CC3)nc12,104.0,6.982966660701219,1,536.5620000000002
Cc1ccc(C(=O)NCc2cccc(C(F)(F)F)c2)cc1Nc1ncnc2cnc(N3CCOCC3)nc12,55.0,7.259637310505756,1,523.5190000000003
Cc1ccc(C(=O)NCc2cccc(C(F)(F)F)c2)cc1Nc1ncnc2cnc(N3CC[C@@H](F)C3)nc12,11.0,7.958607314841775,1,525.5100000000002
Cc1ccc(C(=O)Nc2cc(-n3ccnc3)cc(C(F)(F)F)c2)cc1Nc1ncnc2cnc(N3CCOCC3)nc12,582.0,6.235077015350112,1,575.555
Cc1ccc(C(=O)Nc2cc(Br)cc(C(F)(F)F)c2)cc1Nc1ncnc2c(N)nc(N3CCN(C)CC3)nc12,9.0,8.045757490560675,1,616.4459999999997
Cc1ccc(C(=O)Nc2cc(C(C)(C)C)ccn2)cc1-n1cc(-c2cncc(N3CCN(C)CC3)c2)nn1,18.0,7.7447274948966935,1,510.64600000000036
Cc1ccc(C(=O)Nc2cc(C(C)(C)C)n[nH]2)cc1-n1cc(-c2cncc(N3CCOCC3)c2)nn1,12.0,7.920818753952375,1,486.5800000000003
Cc1ccc(C(=O)Nc2cc(C(C)(C)C)n[nH]2)cc1Nc1ncnc2c(N)nc(N3CCC(N4CCN(C)CC4)CC3)nc12,55.0,7.259637310505756,1,598.76
Cc1ccc(C(=O)Nc2cc(C(C)(C)C)n[nH]2)cc1Nc1ncnc2c(N)nc(N3CCCN(C)CC3)nc12,3.0,8.522878745280337,1,529.6530000000004
Cc1ccc(C(=O)Nc2cc(C(C)(C)C)n[nH]2)cc1Nc1ncnc2c(N)nc(N3CCN(C)CC3)nc12,3.0,8.522878745280337,1,515.6260000000003
Cc1ccc(C(=O)Nc2cc(C(C)(C)C)n[nH]2)cc1Nc1ncnc2c(N)nc(N3CCN(C4CC4)CC3)nc12,9.0,8.045757490560675,1,541.6640000000002
Cc1ccc(C(=O)Nc2cc(C(C)(C)C)n[nH]2)cc1Nc1ncnc2c(N)nc(N3CCN(C4CCCC4)CC3)nc12,5.0,8.301029995663981,1,569.7180000000001
Cc1ccc(C(=O)Nc2cc(C(C)(C)C)n[nH]2)cc1Nc1ncnc2c(N)nc(N3CCN(C4CCN(C)CC4)CC3)nc12,2.0,8.698970004336019,1,598.76
Cc1ccc(C(=O)Nc2cc(C(C)(C)C)n[nH]2)cc1Nc1ncnc2c(N)nc(N3CCN(CC(C)C)CC3)nc12,4.0,8.397940008672037,1,557.7070000000001
Cc1ccc(C(=O)Nc2cc(C(C)(C)C)n[nH]2)cc1Nc1ncnc2c(N)nc(N3CCN(CC4CCCN(C)C4)CC3)nc12,3.0,8.522878745280337,1,612.7869999999999
Cc1ccc(C(=O)Nc2cc(C(C)(C)C)n[nH]2)cc1Nc1ncnc2c(N)nc(N3CCN(CC4CCCO4)CC3)nc12,6.0,8.221848749616356,1,585.7170000000001
Cc1ccc(C(=O)Nc2cc(C(C)(C)C)n[nH]2)cc1Nc1ncnc2c(N)nc(N3CCN(CC4CCN(C)CC4)CC3)nc12,4.0,8.397940008672037,1,612.7869999999999
Cc1ccc(C(=O)Nc2cc(C(C)(C)C)n[nH]2)cc1Nc1ncnc2c(N)nc(N3CCN4CCCC4C3)nc12,2.0,8.698970004336019,1,541.6640000000002
Cc1ccc(C(=O)Nc2cc(C(C)(C)C)n[nH]2)cc1Nc1ncnc2c(N)nc(N3CCN4CCCCC4C3)nc12,4.0,8.397940008672037,1,555.6910000000003
Cc1ccc(C(=O)Nc2cc(C(C)(C)C)n[nH]2)cc1Nc1ncnc2c(N)nc(N3C[C@@H](C)N[C@@H](C)C3)nc12,2.0,8.698970004336019,1,529.6530000000002
Cc1ccc(C(=O)Nc2cc(C(C)(C)C)n[nH]2)cc1Nc1ncnc2c(N)nc(N3C[C@@H]4C[C@H]3CN4)nc12,2.0,8.698970004336019,1,513.6100000000002
Cc1ccc(C(=O)Nc2cc(C(C)(C)C)n[nH]2)cc1Nc1ncnc2c(N)nc(N3C[C@H]4C[C@@H]3CN4C)nc12,4.0,8.397940008672037,1,527.6370000000003
Cc1ccc(C(=O)Nc2cc(C(C)(C)C)n[nH]2)cc1Nc1ncnc2ccc(N3CCOCC3)nc12,7.0,8.154901959985743,1,486.5800000000003
Cc1ccc(C(=O)Nc2cc(C(C)(C)C)n[nH]2)cc1Nc1ncnc2cnc(N3CCC(CN4CCCC4)CC3)nc12,3.0,8.522878745280337,1,568.7300000000001
Cc1ccc(C(=O)Nc2cc(C(C)(C)C)n[nH]2)cc1Nc1ncnc2cnc(N3CCCN(C)CC3)nc12,6.0,8.221848749616356,1,514.6380000000004
Cc1ccc(C(=O)Nc2cc(C(C)(C)C)n[nH]2)cc1Nc1ncnc2cnc(N3CCN(C)CC3)nc12,8.0,8.096910013008056,1,500.61100000000033
Cc1ccc(C(=O)Nc2cc(C(C)(C)C)n[nH]2)cc1Nc1ncnc2cnc(N3CCN(CC(C)C)CC3)nc12,13.0,7.886056647693163,1,542.6920000000002
Cc1ccc(C(=O)Nc2cc(C(C)(C)C)n[nH]2)cc1Nc1ncnc2cnc(N3CCN(CC4CCN(C)CC4)CC3)nc12,2.0,8.698970004336019,1,597.7719999999999
Cc1ccc(C(=O)Nc2cc(C(C)(C)C)n[nH]2)cc1Nc1ncnc2cnc(N3CCN(CC4CCOC4)CC3)nc12,9.0,8.045757490560675,1,570.7020000000001
Cc1ccc(C(=O)Nc2cc(C(C)(C)C)n[nH]2)cc1Nc1ncnc2cnc(N3CCOCC3)nc12,1.0,9.0,1,487.5680000000003
Cc1ccc(C(=O)Nc2cc(C(C)(C)C)n[nH]2)cc1Nc1ncnc2cnc(N3CC[C@H](F)C3)nc12,3.0,8.522878745280337,1,489.55900000000025
Cc1ccc(C(=O)Nc2cc(C(C)(C)C)n[nH]2)cc1Nc1ncnc2cnc(NC3CCOC3)nc12,1.0,9.0,1,487.56800000000027
Cc1ccc(C(=O)Nc2cc(C(C)(C)C)n[nH]2)cc1Nc1ncnc2cnc(NCc3ccccc3)nc12,2.0,8.698970004336019,1,507.6020000000002
Cc1ccc(C(=O)Nc2cc(C(C)(C)C)n[nH]2)cc1Nc1ncnc2cncnc12,5.0,8.301029995663981,1,402.4620000000001
Cc1ccc(C(=O)Nc2cc(C(C)(C)C)nn2C)cc1-n1cc(-c2cncc(N3CCN(C)CC3)c2)nn1,16.0,7.795880017344075,1,513.6500000000003
Cc1ccc(C(=O)Nc2cc(C(C)(C)C)nn2C)cc1-n1cc(-c2cncc(N3CCOCC3)c2)nn1,19.0,7.721246399047171,1,500.6070000000003
Cc1ccc(C(=O)Nc2cc(C(C)(C)C)nn2C)cc1Nc1ncnc2c(N)nc(N3CCN(C)CC3)nc12,12.0,7.920818753952375,1,529.6530000000002
Cc1ccc(C(=O)Nc2cc(C(C)(C)C)nn2C)cc1Nc1ncnc2c(N)nc(N3CCN(CC(C)C)CC3)nc12,11.0,7.958607314841775,1,571.734
Cc1ccc(C(=O)Nc2cc(C(C)(C)C)nn2C)cc1Nc1ncnc2c(N)nc(N3CCN4CCCC4C3)nc12,7.0,8.154901959985743,1,555.6910000000003
Cc1ccc(C(=O)Nc2cc(C(C)(C)C)nn2C)cc1Nc1ncnc2ccc(N3CCOCC3)nc12,15.0,7.823908740944319,1,500.6070000000003
Cc1ccc(C(=O)Nc2cc(C(C)(C)C)nn2C)cc1Nc1ncnc2cnc(N(C)CC3CCCCO3)nc12,17.0,7.769551078621726,1,543.6760000000003
Cc1ccc(C(=O)Nc2cc(C(C)(C)C)nn2C)cc1Nc1ncnc2cnc(N3CCN(CC4CCN(C)CC4)CC3)nc12,7.0,8.154901959985743,1,611.7989999999999
Cc1ccc(C(=O)Nc2cc(C(C)(C)C)nn2C)cc1Nc1ncnc2cnc(N3CCOCC3)nc12,1.0,9.0,1,501.5950000000003
Cc1ccc(C(=O)Nc2cc(C(C)(C)C)nn2C)cc1Nc1ncnc2cnc(NC3CCOC3)nc12,1.0,9.0,1,501.59500000000025
Cc1ccc(C(=O)Nc2cc(C(C)(C)C)nn2C)cc1Nc1ncnc2cnc(NCC(C)C)nc12,3.0,8.522878745280337,1,487.6120000000002
Cc1ccc(C(=O)Nc2cc(C(C)(C)C)nn2C)cc1Nc1ncnc2cnc(NCc3ccccc3)nc12,2.0,8.698970004336019,1,521.6290000000001
Cc1ccc(C(=O)Nc2cc(C(C)(C)C)nn2C)cc1Nc1ncnc2cncnc12,14.0,7.853871964321762,1,416.4890000000001
Cc1ccc(C(=O)Nc2cc(C(C)(C)C)nn2C)cc1Oc1ncnc2cnc(N3CCOCC3)nc12,1.0,9.0,1,502.57900000000035
Cc1ccc(C(=O)Nc2cc(C(C)(C)C)on2)cc1-n1cc(-c2cncc(N(C)C(C)C)c2)nn1,45.0,7.346787486224656,1,473.5810000000002
Cc1ccc(C(=O)Nc2cc(C(C)(C)C)on2)cc1-n1cc(-c2cncc(N(C)C)c2)nn1,13.0,7.886056647693163,1,445.52700000000016
Cc1ccc(C(=O)Nc2cc(C(C)(C)C)on2)cc1-n1cc(-c2cncc(N(C)C3CCOC3)c2)nn1,8.0,8.096910013008056,1,501.5910000000003
Cc1ccc(C(=O)Nc2cc(C(C)(C)C)on2)cc1-n1cc(-c2cncc(N(C)C3CCOCC3)c2)nn1,7.0,8.154901959985743,1,515.6180000000003
Cc1ccc(C(=O)Nc2cc(C(C)(C)C)on2)cc1-n1cc(-c2cncc(N(C)CC3CCCO3)c2)nn1,45.0,7.346787486224656,1,515.6180000000003
Cc1ccc(C(=O)Nc2cc(C(C)(C)C)on2)cc1-n1cc(-c2cncc(N(C)CCN(C)C)c2)nn1,7.0,8.154901959985743,1,502.6230000000003
Cc1ccc(C(=O)Nc2cc(C(C)(C)C)on2)cc1-n1cc(-c2cncc(N3CC(C)NC(C)C3)c2)nn1,9.0,8.045757490560675,1,514.6340000000002
Cc1ccc(C(=O)Nc2cc(C(C)(C)C)on2)cc1-n1cc(-c2cncc(N3CC(N4CCN(C)CC4)C3)c2)nn1,8.0,8.096910013008056,1,555.6870000000002
Cc1ccc(C(=O)Nc2cc(C(C)(C)C)on2)cc1-n1cc(-c2cncc(N3CCC(CN(C)C)CC3)c2)nn1,12.0,7.920818753952375,1,542.6880000000003
Cc1ccc(C(=O)Nc2cc(C(C)(C)C)on2)cc1-n1cc(-c2cncc(N3CCC(N(C)C)CC3)c2)nn1,12.0,7.920818753952375,1,528.6610000000003
Cc1ccc(C(=O)Nc2cc(C(C)(C)C)on2)cc1-n1cc(-c2cncc(N3CCC(N4CCN(C(C)C)CC4)C3)c2)nn1,8.0,8.096910013008056,1,597.768
Cc1ccc(C(=O)Nc2cc(C(C)(C)C)on2)cc1-n1cc(-c2cncc(N3CCC(N4CCN(C)CC4)C3)c2)nn1,6.0,8.221848749616356,1,569.7140000000002
Cc1ccc(C(=O)Nc2cc(C(C)(C)C)on2)cc1-n1cc(-c2cncc(N3CCC(N4CCN(C)CC4)CC3)c2)nn1,10.0,8.0,1,583.7410000000001
Cc1ccc(C(=O)Nc2cc(C(C)(C)C)on2)cc1-n1cc(-c2cncc(N3CCC3)c2)nn1,11.0,7.958607314841775,1,457.53800000000024
Cc1ccc(C(=O)Nc2cc(C(C)(C)C)on2)cc1-n1cc(-c2cncc(N3CCCC3)c2)nn1,41.0,7.3872161432802645,1,471.5650000000003
Cc1ccc(C(=O)Nc2cc(C(C)(C)C)on2)cc1-n1cc(-c2cncc(N3CCCCC3)c2)nn1,61.0,7.214670164989233,1,485.5920000000003
Cc1ccc(C(=O)Nc2cc(C(C)(C)C)on2)cc1-n1cc(-c2cncc(N3CCCN(C(C)C)CC3)c2)nn1,18.0,7.7447274948966935,1,542.6880000000003
Cc1ccc(C(=O)Nc2cc(C(C)(C)C)on2)cc1-n1cc(-c2cncc(N3CCCN(C)CC3)c2)nn1,8.0,8.096910013008056,1,514.6340000000004
Cc1ccc(C(=O)Nc2cc(C(C)(C)C)on2)cc1-n1cc(-c2cncc(N3CCCOCC3)c2)nn1,16.0,7.795880017344075,1,501.59100000000035
Cc1ccc(C(=O)Nc2cc(C(C)(C)C)on2)cc1-n1cc(-c2cncc(N3CCN(C(C)(C)C)CC3)c2)nn1,12.0,7.920818753952375,1,542.6880000000003
Cc1ccc(C(=O)Nc2cc(C(C)(C)C)on2)cc1-n1cc(-c2cncc(N3CCN(C(C)C)C(C)C3)c2)nn1,20.0,7.698970004336019,1,542.6880000000002
Cc1ccc(C(=O)Nc2cc(C(C)(C)C)on2)cc1-n1cc(-c2cncc(N3CCN(C(C)C)CC3)c2)nn1,11.0,7.958607314841775,1,528.6610000000003
Cc1ccc(C(=O)Nc2cc(C(C)(C)C)on2)cc1-n1cc(-c2cncc(N3CCN(C)C(C)C3)c2)nn1,21.0,7.6777807052660805,1,514.6340000000002
Cc1ccc(C(=O)Nc2cc(C(C)(C)C)on2)cc1-n1cc(-c2cncc(N3CCN(C)CC3)c2)nn1,8.0,8.096910013008056,1,500.6070000000003
Cc1ccc(C(=O)Nc2cc(C(C)(C)C)on2)cc1-n1cc(-c2cncc(N3CCN(C4CC4)CC3)c2)nn1,28.0,7.552841968657781,1,526.6450000000003
Cc1ccc(C(=O)Nc2cc(C(C)(C)C)on2)cc1-n1cc(-c2cncc(N3CCN(C4CCCC4)CC3)c2)nn1,14.0,7.853871964321762,1,554.6990000000003
Cc1ccc(C(=O)Nc2cc(C(C)(C)C)on2)cc1-n1cc(-c2cncc(N3CCN(CC(C)C)CC3)c2)nn1,13.0,7.886056647693163,1,542.6880000000003
Cc1ccc(C(=O)Nc2cc(C(C)(C)C)on2)cc1-n1cc(-c2cncc(N3CCN(CC(F)(F)F)CC3)c2)nn1,98.0,7.008773924307505,1,568.604
Cc1ccc(C(=O)Nc2cc(C(C)(C)C)on2)cc1-n1cc(-c2cncc(N3CCN(CC4CCCO4)CC3)c2)nn1,22.0,7.657577319177793,1,570.6980000000002
Cc1ccc(C(=O)Nc2cc(C(C)(C)C)on2)cc1-n1cc(-c2cncc(N3CCN(CCN4CCOCC4)CC3)c2)nn1,14.0,7.853871964321762,1,599.74
Cc1ccc(C(=O)Nc2cc(C(C)(C)C)on2)cc1-n1cc(-c2cncc(N3CCOCC3)c2)nn1,10.0,8.0,1,487.5640000000003
Cc1ccc(C(=O)Nc2cc(C(C)(C)C)on2)cc1-n1cc(-c2cncc(N3C[C@@H](C)O[C@@H](C)C3)c2)nn1,26.0,7.585026652029182,1,515.6180000000003
Cc1ccc(C(=O)Nc2cc(C(C)(C)C)on2)cc1-n1cc(-c2cncc(NC(C)(C)C)c2)nn1,18.0,7.7447274948966935,1,473.5810000000002
Cc1ccc(C(=O)Nc2cc(C(C)(C)C)on2)cc1-n1cc(-c2cncc(NC(C)C)c2)nn1,17.0,7.769551078621726,1,459.55400000000014
Cc1ccc(C(=O)Nc2cc(C(C)(C)C)on2)cc1-n1cc(-c2cncc(NC3CC3)c2)nn1,10.0,8.0,1,457.5380000000002
Cc1ccc(C(=O)Nc2cc(C(C)(C)C)on2)cc1-n1cc(-c2cncc(NC3CCCC3)c2)nn1,38.0,7.42021640338319,1,485.59200000000027
Cc1ccc(C(=O)Nc2cc(C(C)(C)C)on2)cc1-n1cc(-c2cncc(NC3CCOC3)c2)nn1,6.0,8.221848749616356,1,487.56400000000025
Cc1ccc(C(=O)Nc2cc(C(C)(C)C)on2)cc1-n1cc(-c2cncc(NC3CCOCC3)c2)nn1,10.0,8.0,1,501.5910000000003
Cc1ccc(C(=O)Nc2cc(C(C)(C)C)on2)cc1-n1cc(-c2cncc(NCC(F)(F)F)c2)nn1,50.0,7.301029995663981,1,499.4970000000001
Cc1ccc(C(=O)Nc2cc(C(C)(C)C)on2)cc1-n1cc(-c2cncc(NCC(F)F)c2)nn1,51.0,7.292429823902063,1,481.5070000000001
Cc1ccc(C(=O)Nc2cc(C(C)(C)C)on2)cc1-n1cc(-c2cncc(NCC3CCCO3)c2)nn1,9.0,8.045757490560675,1,501.5910000000003
Cc1ccc(C(=O)Nc2cc(C(C)(C)C)on2)cc1-n1cc(-c2cncc(NCCF)c2)nn1,16.0,7.795880017344075,1,463.51700000000017
Cc1ccc(C(=O)Nc2cc(C(C)(C)C)on2)cc1-n1cc(-c2cncc(NCCN(C)C)c2)nn1,7.0,8.154901959985743,1,488.59600000000023
Cc1ccc(C(=O)Nc2cc(C(C)(C)C)on2)cc1N(C)c1ncnc2cnc(N3CCOCC3)nc12,28.0,7.552841968657781,1,502.57900000000035
Cc1ccc(C(=O)Nc2cc(C(C)(C)C)on2)cc1N(C)c1ncnc2cnc(N3CC[C@H](F)C3)nc12,32.0,7.494850021680094,1,504.5700000000003
Cc1ccc(C(=O)Nc2cc(C(C)(C)C)on2)cc1N(C)c1ncnc2cnc(NC3CCOC3)nc12,33.0,7.481486060122112,1,502.5790000000003
Cc1ccc(C(=O)Nc2cc(C(C)(C)C)on2)cc1Nc1ncnc2c(N)nc(N3CCCN(C)CC3)nc12,1.0,9.0,1,530.6370000000003
Cc1ccc(C(=O)Nc2cc(C(C)(C)C)on2)cc1Nc1ncnc2c(N)nc(N3CCN(C)CC3)nc12,3.0,8.522878745280337,1,516.6100000000004
Cc1ccc(C(=O)Nc2cc(C(C)(C)C)on2)cc1Nc1ncnc2c(N)nc(N3CCN(C4CCN(C)CC4)CC3)nc12,1.0,9.0,1,599.7439999999999
Cc1ccc(C(=O)Nc2cc(C(C)(C)C)on2)cc1Nc1ncnc2ccc(C3=CCNCC3)nc12,23.0,7.638272163982407,1,483.57600000000025
Cc1ccc(C(=O)Nc2cc(C(C)(C)C)on2)cc1Nc1ncnc2ccc(N(C)C)nc12,9.0,8.045757490560675,1,445.52700000000016
Cc1ccc(C(=O)Nc2cc(C(C)(C)C)on2)cc1Nc1ncnc2ccc(N3CCN(C)CC3)nc12,12.0,7.920818753952375,1,500.6070000000003
Cc1ccc(C(=O)Nc2cc(C(C)(C)C)on2)cc1Nc1ncnc2ccc(N3CCN(CC4CCN(C)CC4)CC3)nc12,12.0,7.920818753952375,1,597.7679999999999
Cc1ccc(C(=O)Nc2cc(C(C)(C)C)on2)cc1Nc1ncnc2ccc(N3CCOCC3)nc12,32.0,7.494850021680094,1,487.5640000000003
Cc1ccc(C(=O)Nc2cc(C(C)(C)C)on2)cc1Nc1ncnc2cnc(N(C)C3CC(N4CCN(C)CC4)C3)nc12,2.0,8.698970004336019,1,584.7289999999999
Cc1ccc(C(=O)Nc2cc(C(C)(C)C)on2)cc1Nc1ncnc2cnc(N(C)C3CCOC3)nc12,1.0,9.0,1,502.5790000000003
Cc1ccc(C(=O)Nc2cc(C(C)(C)C)on2)cc1Nc1ncnc2cnc(N(C)CC3CCCCO3)nc12,4.0,8.397940008672037,1,530.6330000000003
Cc1ccc(C(=O)Nc2cc(C(C)(C)C)on2)cc1Nc1ncnc2cnc(N(C)CC3CCOC3)nc12,3.0,8.522878745280337,1,516.6060000000003
Cc1ccc(C(=O)Nc2cc(C(C)(C)C)on2)cc1Nc1ncnc2cnc(N3CC(F)(F)C3)nc12,6.0,8.221848749616356,1,494.5060000000002
Cc1ccc(C(=O)Nc2cc(C(C)(C)C)on2)cc1Nc1ncnc2cnc(N3CCC(N(C)C)CC3)nc12,2.0,8.698970004336019,1,529.6490000000002
Cc1ccc(C(=O)Nc2cc(C(C)(C)C)on2)cc1Nc1ncnc2cnc(N3CCC(N4CCCC4)CC3)nc12,2.0,8.698970004336019,1,555.6870000000001
Cc1ccc(C(=O)Nc2cc(C(C)(C)C)on2)cc1Nc1ncnc2cnc(N3CCC(N4CCCCC4)CC3)nc12,3.0,8.522878745280337,1,569.714
Cc1ccc(C(=O)Nc2cc(C(C)(C)C)on2)cc1Nc1ncnc2cnc(N3CCC(N4CCOCC4)CC3)nc12,1.0,9.0,1,571.686
Cc1ccc(C(=O)Nc2cc(C(C)(C)C)on2)cc1Nc1ncnc2cnc(N3CCC(N4C[C@@H](C)O[C@@H](C)C4)CC3)nc12,6.0,8.221848749616356,1,599.74
Cc1ccc(C(=O)Nc2cc(C(C)(C)C)on2)cc1Nc1ncnc2cnc(N3CCC4(CCN(C)C4)C3)nc12,1.0,9.0,1,541.6600000000002
Cc1ccc(C(=O)Nc2cc(C(C)(C)C)on2)cc1Nc1ncnc2cnc(N3CCCOCC3)nc12,2.0,8.698970004336019,1,502.57900000000035
Cc1ccc(C(=O)Nc2cc(C(C)(C)C)on2)cc1Nc1ncnc2cnc(N3CCC[C@H]3CO)nc12,1.0,9.0,1,502.5790000000003
Cc1ccc(C(=O)Nc2cc(C(C)(C)C)on2)cc1Nc1ncnc2cnc(N3CCN(C(C)C)CC3)nc12,2.0,8.698970004336019,1,529.6490000000002
Cc1ccc(C(=O)Nc2cc(C(C)(C)C)on2)cc1Nc1ncnc2cnc(N3CCN(C)CC3)nc12,2.0,8.698970004336019,1,501.5950000000003
Cc1ccc(C(=O)Nc2cc(C(C)(C)C)on2)cc1Nc1ncnc2cnc(N3CCN(C4CC4)CC3)nc12,5.0,8.301029995663981,1,527.6330000000003
Cc1ccc(C(=O)Nc2cc(C(C)(C)C)on2)cc1Nc1ncnc2cnc(N3CCN(C4CCN(C)CC4)CC3)nc12,4.0,8.397940008672037,1,584.7289999999999
Cc1ccc(C(=O)Nc2cc(C(C)(C)C)on2)cc1Nc1ncnc2cnc(N3CCN(CC(C)C)CC3)nc12,4.0,8.397940008672037,1,543.6760000000002
Cc1ccc(C(=O)Nc2cc(C(C)(C)C)on2)cc1Nc1ncnc2cnc(N3CCN(CC4CCCN(C)C4)CC3)nc12,1.0,9.0,1,598.756
Cc1ccc(C(=O)Nc2cc(C(C)(C)C)on2)cc1Nc1ncnc2cnc(N3CCN(CC4CCN(C)CC4)CC3)nc12,1.0,9.0,1,598.756
Cc1ccc(C(=O)Nc2cc(C(C)(C)C)on2)cc1Nc1ncnc2cnc(N3CCN(CC4CCOC4)CC3)nc12,4.0,8.397940008672037,1,571.686
Cc1ccc(C(=O)Nc2cc(C(C)(C)C)on2)cc1Nc1ncnc2cnc(N3CCN(CCCN4CCCC4)CC3)nc12,1.0,9.0,1,598.756
Cc1ccc(C(=O)Nc2cc(C(C)(C)C)on2)cc1Nc1ncnc2cnc(N3CCN(CCN4CCOCC4)CC3)nc12,1.0,9.0,1,600.728
Cc1ccc(C(=O)Nc2cc(C(C)(C)C)on2)cc1Nc1ncnc2cnc(N3CCN4CCCC4C3)nc12,3.0,8.522878745280337,1,527.6330000000003
Cc1ccc(C(=O)Nc2cc(C(C)(C)C)on2)cc1Nc1ncnc2cnc(N3CCOCC3)nc12,1.0,9.0,1,488.5520000000003
Cc1ccc(C(=O)Nc2cc(C(C)(C)C)on2)cc1Nc1ncnc2cnc(N3CC[C@H](F)C3)nc12,5.0,8.301029995663981,1,490.54300000000023
Cc1ccc(C(=O)Nc2cc(C(C)(C)C)on2)cc1Nc1ncnc2cnc(N3C[C@@H](C)N[C@@H](C)C3)nc12,2.0,8.698970004336019,1,515.6220000000002
Cc1ccc(C(=O)Nc2cc(C(C)(C)C)on2)cc1Nc1ncnc2cnc(N3C[C@@H](C)O[C@@H](C)C3)nc12,14.0,7.853871964321762,1,516.6060000000002
Cc1ccc(C(=O)Nc2cc(C(C)(C)C)on2)cc1Nc1ncnc2cnc(N3C[C@H]4C[C@@H]3CN4C)nc12,2.0,8.698970004336019,1,513.6060000000002
Cc1ccc(C(=O)Nc2cc(C(C)(C)C)on2)cc1Nc1ncnc2cnc(NC3CC(N4CCN(C)CC4)C3)nc12,1.0,9.0,1,570.702
Cc1ccc(C(=O)Nc2cc(C(C)(C)C)on2)cc1Nc1ncnc2cnc(NC3CCOC3)nc12,1.0,9.0,1,488.55200000000025
Cc1ccc(C(=O)Nc2cc(C(C)(C)C)on2)cc1Nc1ncnc2cnc(NCC(C)C)nc12,13.0,7.886056647693163,1,474.5690000000002
Cc1ccc(C(=O)Nc2cc(C(C)(C)C)on2)cc1Nc1ncnc2cnc(NCC3CCCCO3)nc12,2.0,8.698970004336019,1,516.6060000000003
Cc1ccc(C(=O)Nc2cc(C(C)(C)C)on2)cc1Nc1ncnc2cnc(NCC3CCOC3)nc12,2.0,8.698970004336019,1,502.5790000000003
Cc1ccc(C(=O)Nc2cc(C(C)(C)C)on2)cc1Nc1ncnc2cnc(NCCCN(C)C)nc12,1.0,9.0,1,503.6110000000003
Cc1ccc(C(=O)Nc2cc(C(C)(C)C)on2)cc1Nc1ncnc2cnc(NCc3ccccc3)nc12,2.0,8.698970004336019,1,508.5860000000002
Cc1ccc(C(=O)Nc2cc(C(C)(C)C)on2)cc1Nc1ncnc2cncnc12,2.0,8.698970004336019,1,403.4460000000001
Cc1ccc(C(=O)Nc2cc(C(F)(F)F)ccn2)cc1-n1cc(-c2cncc(N(C)C)c2)nn1,24.0,7.619788758288394,1,467.45500000000015
Cc1ccc(C(=O)Nc2cc(C(F)(F)F)ccn2)cc1-n1cc(-c2cncc(N(C)C3CCN(C)C3)c2)nn1,4.0,8.397940008672037,1,536.5620000000002
Cc1ccc(C(=O)Nc2cc(C(F)(F)F)ccn2)cc1-n1cc(-c2cncc(N(C)C3CCN(C)CC3)c2)nn1,12.0,7.920818753952375,1,550.5890000000003
Cc1ccc(C(=O)Nc2cc(C(F)(F)F)ccn2)cc1-n1cc(-c2cncc(N(C)C3CCOC3)c2)nn1,7.0,8.154901959985743,1,523.5190000000002
Cc1ccc(C(=O)Nc2cc(C(F)(F)F)ccn2)cc1-n1cc(-c2cncc(N(C)C3CCOCC3)c2)nn1,30.0,7.522878745280337,1,537.5460000000003
Cc1ccc(C(=O)Nc2cc(C(F)(F)F)ccn2)cc1-n1cc(-c2cncc(N(C)CC3CCCO3)c2)nn1,44.0,7.356547323513812,1,537.5460000000003
Cc1ccc(C(=O)Nc2cc(C(F)(F)F)ccn2)cc1-n1cc(-c2cncc(N(C)CCN(C)C)c2)nn1,10.0,8.0,1,524.5510000000003
Cc1ccc(C(=O)Nc2cc(C(F)(F)F)ccn2)cc1-n1cc(-c2cncc(N(C)CCN3CCCC3)c2)nn1,9.0,8.045757490560675,1,550.5890000000003
Cc1ccc(C(=O)Nc2cc(C(F)(F)F)ccn2)cc1-n1cc(-c2cncc(N3CCC(N(C)C)C3)c2)nn1,7.0,8.154901959985743,1,536.5620000000002
Cc1ccc(C(=O)Nc2cc(C(F)(F)F)ccn2)cc1-n1cc(-c2cncc(N3CCC(N(C)C)CC3)c2)nn1,8.0,8.096910013008056,1,550.5890000000003
Cc1ccc(C(=O)Nc2cc(C(F)(F)F)ccn2)cc1-n1cc(-c2cncc(N3CCC3)c2)nn1,16.0,7.795880017344075,1,479.46600000000024
Cc1ccc(C(=O)Nc2cc(C(F)(F)F)ccn2)cc1-n1cc(-c2cncc(N3CCCC3)c2)nn1,7.0,8.154901959985743,1,493.4930000000003
Cc1ccc(C(=O)Nc2cc(C(F)(F)F)ccn2)cc1-n1cc(-c2cncc(N3CCCCC3)c2)nn1,69.0,7.161150909262744,1,507.5200000000003
Cc1ccc(C(=O)Nc2cc(C(F)(F)F)ccn2)cc1-n1cc(-c2cncc(N3CCCOCC3)c2)nn1,24.0,7.619788758288394,1,523.5190000000003
Cc1ccc(C(=O)Nc2cc(C(F)(F)F)ccn2)cc1-n1cc(-c2cncc(N3CCN(C(C)C)CC3)c2)nn1,8.0,8.096910013008056,1,550.5890000000003
Cc1ccc(C(=O)Nc2cc(C(F)(F)F)ccn2)cc1-n1cc(-c2cncc(N3CCN(C)CC3)c2)nn1,7.0,8.154901959985743,1,522.5350000000003
Cc1ccc(C(=O)Nc2cc(C(F)(F)F)ccn2)cc1-n1cc(-c2cncc(N3CCNCC3)c2)nn1,5.0,8.301029995663981,1,508.50800000000027
Cc1ccc(C(=O)Nc2cc(C(F)(F)F)ccn2)cc1-n1cc(-c2cncc(N3CCOCC3)c2)nn1,12.0,7.920818753952375,1,509.4920000000003
Cc1ccc(C(=O)Nc2cc(C(F)(F)F)ccn2)cc1-n1cc(-c2cncc(N3CC[C@@H](N(C)C)C3)c2)nn1,15.0,7.823908740944319,1,536.5620000000002
Cc1ccc(C(=O)Nc2cc(C(F)(F)F)ccn2)cc1-n1cc(-c2cncc(N3CC[C@H](N(C)C)C3)c2)nn1,9.0,8.045757490560675,1,536.5620000000002
Cc1ccc(C(=O)Nc2cc(C(F)(F)F)ccn2)cc1-n1cc(-c2cncc(N3C[C@@H]4C[C@H]3CN4)c2)nn1,4.0,8.397940008672037,1,520.5190000000002
Cc1ccc(C(=O)Nc2cc(C(F)(F)F)ccn2)cc1-n1cc(-c2cncc(N3C[C@@H]4C[C@H]3CN4C)c2)nn1,6.0,8.221848749616356,1,534.5460000000002
Cc1ccc(C(=O)Nc2cc(C(F)(F)F)ccn2)cc1-n1cc(-c2cncc(NC3CC3)c2)nn1,44.0,7.356547323513812,1,479.4660000000002
Cc1ccc(C(=O)Nc2cc(C(F)(F)F)ccn2)cc1-n1cc(-c2cncc(NC3CCN(C)C3)c2)nn1,6.0,8.221848749616356,1,522.5350000000002
Cc1ccc(C(=O)Nc2cc(C(F)(F)F)ccn2)cc1-n1cc(-c2cncc(NC3CCN(C)CC3)c2)nn1,21.0,7.6777807052660805,1,536.5620000000002
Cc1ccc(C(=O)Nc2cc(C(F)(F)F)ccn2)cc1-n1cc(-c2cncc(NC3CCOC3)c2)nn1,11.0,7.958607314841775,1,509.49200000000025
Cc1ccc(C(=O)Nc2cc(C(F)(F)F)ccn2)cc1-n1cc(-c2cncc(NC3CCOCC3)c2)nn1,10.0,8.0,1,523.5190000000002
Cc1ccc(C(=O)Nc2cc(C(F)(F)F)ccn2)cc1-n1cc(-c2cncc(NCC3CCCO3)c2)nn1,11.0,7.958607314841775,1,523.5190000000002
Cc1ccc(C(=O)Nc2cc(C(F)(F)F)ccn2)cc1-n1cc(-c2cncc(NCCN(C)C)c2)nn1,10.0,8.0,1,510.5240000000002
Cc1ccc(C(=O)Nc2cc(C(F)(F)F)ccn2)cc1Nc1ncnc2c(N)nc(N3CCN(C)CC3)nc12,2.0,8.698970004336019,1,538.5380000000002
Cc1ccc(C(=O)Nc2cc(C(F)(F)F)ccn2)cc1Nc1ncnc2cnc(N(C)CCN(C)C)nc12,6.0,8.221848749616356,1,525.5390000000002
Cc1ccc(C(=O)Nc2cc(C(F)(F)F)ccn2)cc1Nc1ncnc2cnc(N3CCCC3)nc12,2.0,8.698970004336019,1,494.4810000000003
Cc1ccc(C(=O)Nc2cc(C(F)(F)F)ccn2)cc1Nc1ncnc2cnc(N3CCCCC3)nc12,8.0,8.096910013008056,1,508.5080000000003
Cc1ccc(C(=O)Nc2cc(C(F)(F)F)ccn2)cc1Nc1ncnc2cnc(N3CCCN(C)CC3)nc12,3.0,8.522878745280337,1,537.5500000000003
Cc1ccc(C(=O)Nc2cc(C(F)(F)F)ccn2)cc1Nc1ncnc2cnc(N3CCN(C)CC3)nc12,1.0,9.0,1,523.5230000000003
Cc1ccc(C(=O)Nc2cc(C(F)(F)F)ccn2)cc1Nc1ncnc2cnc(N3CCN(CC(C)C)CC3)nc12,3.0,8.522878745280337,1,565.604
Cc1ccc(C(=O)Nc2cc(C(F)(F)F)ccn2)cc1Nc1ncnc2cnc(N3CCN(CC4CCN(C)CC4)CC3)nc12,1.0,9.0,1,620.6839999999999
Cc1ccc(C(=O)Nc2cc(C(F)(F)F)ccn2)cc1Nc1ncnc2cnc(N3CCOCC3)nc12,1.0,9.0,1,510.4800000000003
Cc1ccc(C(=O)Nc2cc(C(F)(F)F)ccn2)cc1Nc1ncnc2cnc(N3CC[C@H](F)C3)nc12,1.0,9.0,1,512.4710000000002
Cc1ccc(C(=O)Nc2cc(C(F)(F)F)ccn2)cc1Nc1ncnc2cnc(NC3CCOC3)nc12,1.0,9.0,1,510.48000000000025
Cc1ccc(C(=O)Nc2cc(C(F)(F)F)ccn2)cc1Nc1ncnc2cnc(NCC(C)C)nc12,1.0,9.0,1,496.4970000000002
Cc1ccc(C(=O)Nc2cc(C(F)(F)F)ccn2)cc1Nc1ncnc2cnc(NCc3ccccc3)nc12,3.0,8.522878745280337,1,530.5140000000001
Cc1ccc(C(=O)Nc2cc(CN3CCCC3)c(Cl)c(C(F)(F)F)c2)cc1Nc1ncnc2cnc(N3CCOCC3)nc12,2.0,8.698970004336019,1,627.0709999999997
Cc1ccc(C(=O)Nc2cc(CN3CCCC3)cc(C(F)(F)F)c2)cc1Nc1ncnc2ccc(N3CCOCC3)nc12,4.0,8.397940008672037,1,591.6379999999998
Cc1ccc(C(=O)Nc2cc(CN3CCCC3)cc(C(F)(F)F)c2)cc1Nc1ncnc2cnc(N(C)C)nc12,2.0,8.698970004336019,1,550.5889999999999
Cc1ccc(C(=O)Nc2cc(CN3CCCC3)cc(C(F)(F)F)c2)cc1Nc1ncnc2cnc(N3CCC(F)(F)CC3)nc12,4.0,8.397940008672037,1,626.6339999999999
Cc1ccc(C(=O)Nc2cc(CN3CCCC3)cc(C(F)(F)F)c2)cc1Nc1ncnc2cnc(N3CCC(F)CC3)nc12,2.0,8.698970004336019,1,608.6439999999999
Cc1ccc(C(=O)Nc2cc(CN3CCCC3)cc(C(F)(F)F)c2)cc1Nc1ncnc2cnc(N3CCC3)nc12,4.0,8.397940008672037,1,562.5999999999999
Cc1ccc(C(=O)Nc2cc(CN3CCCC3)cc(C(F)(F)F)c2)cc1Nc1ncnc2cnc(N3CCCC3)nc12,2.0,8.698970004336019,1,576.6269999999998
Cc1ccc(C(=O)Nc2cc(CN3CCCC3)cc(C(F)(F)F)c2)cc1Nc1ncnc2cnc(N3CCCCC3)nc12,2.0,8.698970004336019,1,590.6539999999998
Cc1ccc(C(=O)Nc2cc(CN3CCCC3)cc(C(F)(F)F)c2)cc1Nc1ncnc2cnc(N3CCOCC3)nc12,1.0,9.0,1,592.6259999999999
Cc1ccc(C(=O)Nc2cc(CN3CCCC3)cc(C(F)(F)F)c2)cc1Nc1ncnc2cnc(N3CCSCC3)nc12,5.0,8.301029995663981,1,608.6939999999998
Cc1ccc(C(=O)Nc2cc(CN3CCCC3)cc(C(F)(F)F)c2)cc1Nc1ncnc2cnc(N3CC[C@H](F)C3)nc12,2.0,8.698970004336019,1,594.617
Cc1ccc(C(=O)Nc2cc(CN3CCCC3)cc(C(F)(F)F)c2)cc1Nc1ncnc2cnc(NC3CC3)nc12,1.0,9.0,1,562.5999999999998
Cc1ccc(C(=O)Nc2cc(CN3CCCC3)cc(C(F)(F)F)c2)cc1Nc1ncnc2cnc(NCC(C)C)nc12,2.0,8.698970004336019,1,578.6429999999999
Cc1ccc(C(=O)Nc2cc(CN3CCCC3)cc(C(F)(F)F)c2)cc1Nc1ncnc2cnc(NCC3CCOC3)nc12,1.0,9.0,1,606.6529999999998
Cc1ccc(C(=O)Nc2cc(CN3CCCC3)cc(C(F)(F)F)c2)cc1Nc1ncnc2cnc(NCCF)nc12,1.0,9.0,1,568.579
Cc1ccc(C(=O)Nc2cc(CN3CCCC3)cc(C(F)(F)F)c2)cc1Nc1ncnc2cnc(NCCc3ccccc3)nc12,2.0,8.698970004336019,1,626.6869999999999
Cc1ccc(C(=O)Nc2cc(CN3CCCC3)cc(C(F)(F)F)c2)cc1Nc1ncnc2cnc(NCc3ccccc3)nc12,3.0,8.522878745280337,1,612.66
Cc1ccc(C(=O)Nc2cc(CN3CCCC3)cc(C(F)(F)F)c2)cc1Nc1ncnc2cnc(NCc3ccccn3)nc12,2.0,8.698970004336019,1,613.6479999999999
Cc1ccc(C(=O)Nc2cc(CN3CCCC3)cc(C(F)(F)F)c2)cc1Nc1ncnc2cnc(NCc3cccnc3)nc12,1.0,9.0,1,613.6479999999999
Cc1ccc(C(=O)Nc2cc(CN3CCCC3)cc(C(F)(F)F)c2)cc1Nc1ncnc2cnc(NCc3ccncc3)nc12,2.0,8.698970004336019,1,613.6479999999999
Cc1ccc(C(=O)Nc2cc(CN3CCCC3)cc(C(F)(F)F)c2)cc1Nc1ncnc2cncnc12,4.0,8.397940008672037,1,507.52000000000004
Cc1ccc(C(=O)Nc2cc(N(C)CCN(C)C)cc(C(F)(F)F)c2)cc1Nc1ncnc2c(N)nc(N(C)C)nc12,8.0,8.096910013008056,1,582.6349999999999
Cc1ccc(C(=O)Nc2cc(N(C)CCN(C)C)cc(C(F)(F)F)c2)cc1Nc1ncnc2c(N)nc(N3CCCOCC3)nc12,3.0,8.522878745280337,1,638.6989999999996
Cc1ccc(C(=O)Nc2cc(N(C)CCN(C)C)cc(C(F)(F)F)c2)cc1Nc1ncnc2c(N)nc(N3CCOCC3)nc12,1.0,9.0,1,624.6719999999997
Cc1ccc(C(=O)Nc2cc(N(C)CCN(C)C)cc(C(F)(F)F)c2)cc1Nc1ncnc2c(N)nc(N3CC[C@H](F)C3)nc12,4.0,8.397940008672037,1,626.6629999999998
Cc1ccc(C(=O)Nc2cc(N(C)CCN(C)C)cc(C(F)(F)F)c2)cc1Nc1ncnc2cnc(N(C)C)nc12,2.0,8.698970004336019,1,567.62
Cc1ccc(C(=O)Nc2cc(N(C)CCN(C)C)cc(C(F)(F)F)c2)cc1Nc1ncnc2cnc(N(C)CC3CCCCO3)nc12,10.0,8.0,1,651.7379999999997
Cc1ccc(C(=O)Nc2cc(N(C)CCN(C)C)cc(C(F)(F)F)c2)cc1Nc1ncnc2cnc(N3CCC(F)(F)CC3)nc12,9.0,8.045757490560675,1,643.6649999999998
Cc1ccc(C(=O)Nc2cc(N(C)CCN(C)C)cc(C(F)(F)F)c2)cc1Nc1ncnc2cnc(N3CCC(F)CC3)nc12,2.0,8.698970004336019,1,625.6749999999998
Cc1ccc(C(=O)Nc2cc(N(C)CCN(C)C)cc(C(F)(F)F)c2)cc1Nc1ncnc2cnc(N3CCC3)nc12,3.0,8.522878745280337,1,579.6309999999999
Cc1ccc(C(=O)Nc2cc(N(C)CCN(C)C)cc(C(F)(F)F)c2)cc1Nc1ncnc2cnc(N3CCCC3)nc12,272.0,6.565431095965801,1,593.6579999999998
Cc1ccc(C(=O)Nc2cc(N(C)CCN(C)C)cc(C(F)(F)F)c2)cc1Nc1ncnc2cnc(N3CCCCC3)nc12,5.0,8.301029995663981,1,607.6849999999997
Cc1ccc(C(=O)Nc2cc(N(C)CCN(C)C)cc(C(F)(F)F)c2)cc1Nc1ncnc2cnc(N3CCCCCC3)nc12,7.0,8.154901959985743,1,621.7119999999996
Cc1ccc(C(=O)Nc2cc(N(C)CCN(C)C)cc(C(F)(F)F)c2)cc1Nc1ncnc2cnc(N3CCOCC3)nc12,1.0,9.0,1,609.6569999999998
Cc1ccc(C(=O)Nc2cc(N(C)CCN(C)C)cc(C(F)(F)F)c2)cc1Nc1ncnc2cnc(N3CCSCC3)nc12,5.0,8.301029995663981,1,625.7249999999998
Cc1ccc(C(=O)Nc2cc(N(C)CCN(C)C)cc(C(F)(F)F)c2)cc1Nc1ncnc2cnc(N3CC[C@H](F)C3)nc12,6.0,8.221848749616356,1,611.6479999999999
Cc1ccc(C(=O)Nc2cc(N(C)CCN(C)C)cc(C(F)(F)F)c2)cc1Nc1ncnc2cnc(N3CC[S+]([O-])CC3)nc12,6.0,8.221848749616356,1,641.7239999999998
Cc1ccc(C(=O)Nc2cc(N(C)CCN(C)C)cc(C(F)(F)F)c2)cc1Nc1ncnc2cnc(NC3CC3)nc12,1.0,9.0,1,579.6309999999999
Cc1ccc(C(=O)Nc2cc(N(C)CCN(C)C)cc(C(F)(F)F)c2)cc1Nc1ncnc2cnc(NCC(C)C)nc12,3.0,8.522878745280337,1,595.6739999999999
Cc1ccc(C(=O)Nc2cc(N(C)CCN(C)C)cc(C(F)(F)F)c2)cc1Nc1ncnc2cnc(NCC(F)(F)F)nc12,2.0,8.698970004336019,1,621.59
Cc1ccc(C(=O)Nc2cc(N(C)CCN(C)C)cc(C(F)(F)F)c2)cc1Nc1ncnc2cnc(NCC3CCOC3)nc12,1.0,9.0,1,623.6839999999997
Cc1ccc(C(=O)Nc2cc(N(C)CCN(C)C)cc(C(F)(F)F)c2)cc1Nc1ncnc2cnc(NCCF)nc12,1.0,9.0,1,585.6099999999999
Cc1ccc(C(=O)Nc2cc(N(C)CCN(C)C)cc(C(F)(F)F)c2)cc1Nc1ncnc2cnc(NCCc3ccccc3)nc12,4.0,8.397940008672037,1,643.7179999999998
Cc1ccc(C(=O)Nc2cc(N(C)CCN(C)C)cc(C(F)(F)F)c2)cc1Nc1ncnc2cnc(NCc3ccccc3)nc12,4.0,8.397940008672037,1,629.6909999999999
Cc1ccc(C(=O)Nc2cc(N(C)CCN(C)C)cc(C(F)(F)F)c2)cc1Nc1ncnc2cnc(NCc3ccccn3)nc12,2.0,8.698970004336019,1,630.6789999999999
Cc1ccc(C(=O)Nc2cc(N(C)CCN(C)C)cc(C(F)(F)F)c2)cc1Nc1ncnc2cnc(NCc3cccnc3)nc12,1.0,9.0,1,630.6789999999999
Cc1ccc(C(=O)Nc2cc(N(C)CCN(C)C)cc(C(F)(F)F)c2)cc1Nc1ncnc2cnc(NCc3ccncc3)nc12,1.0,9.0,1,630.6789999999999
Cc1ccc(C(=O)Nc2cc(N3CCCN(C)CC3)cc(C(F)(F)F)c2)cc1Nc1ncnc2ccc(N3CCOCC3)nc12,5.0,8.301029995663981,1,620.6799999999997
Cc1ccc(C(=O)Nc2cc(N3CCCN(C)CC3)cc(C(F)(F)F)c2)cc1Nc1ncnc2cnc(N(C)CCF)nc12,1.0,9.0,1,611.6479999999999
Cc1ccc(C(=O)Nc2cc(N3CCCN(C)CC3)cc(C(F)(F)F)c2)cc1Nc1ncnc2cnc(N3CCOCC3)nc12,2.0,8.698970004336019,1,621.6679999999998
Cc1ccc(C(=O)Nc2cc(N3CCCN(C)CC3)cc(C(F)(F)F)c2)cc1Nc1ncnc2cnc(N3CC[C@H](F)C3)nc12,1.0,9.0,1,623.6589999999999
Cc1ccc(C(=O)Nc2cc(N3CCN(C(C)C)CC3)cc(C(F)(F)F)c2)cc1Nc1ncnc2cnc(N3CCOCC3)nc12,2.0,8.698970004336019,1,635.6949999999998
Cc1ccc(C(=O)Nc2cc(N3CCN(C(C)C)CC3)cc(C(F)(F)F)c2)cc1Nc1ncnc2cnc(N3CC[C@H](F)C3)nc12,3.0,8.522878745280337,1,637.6859999999999
Cc1ccc(C(=O)Nc2cc(N3CCN(C)CC3)c(F)c(C(F)(F)F)c2)cc1Nc1ncnc2cnc(N3CCN(CC4CCN(C)CC4)CC3)nc12,5.0,8.301029995663981,1,735.8349999999991
Cc1ccc(C(=O)Nc2cc(N3CCN(C)CC3)c(F)c(C(F)(F)F)c2)cc1Nc1ncnc2cnc(N3CCOCC3)nc12,1.0,9.0,1,625.6309999999996
Cc1ccc(C(=O)Nc2cc(N3CCN(C)CC3)c(F)c(C(F)(F)F)c2)cc1Nc1ncnc2cnc(N3CC[C@H](F)C3)nc12,4.0,8.397940008672037,1,627.6219999999997
Cc1ccc(C(=O)Nc2cc(N3CCN(C)CC3)c(F)c(C(F)(F)F)c2)cc1Nc1ncnc2cnc(NC3CCOC3)nc12,4.0,8.397940008672037,1,625.6309999999997
Cc1ccc(C(=O)Nc2cc(N3CCN(C)CC3)cc(C(F)(F)F)c2)cc1Nc1ncnc2ccc(N3CCOCC3)nc12,4.0,8.397940008672037,1,606.6529999999998
Cc1ccc(C(=O)Nc2cc(N3CCN(C)CC3)cc(C(F)(F)F)c2)cc1Nc1ncnc2cnc(N(C)CCF)nc12,2.0,8.698970004336019,1,597.6209999999999
Cc1ccc(C(=O)Nc2cc(N3CCN(C)CC3)cc(C(F)(F)F)c2)cc1Nc1ncnc2cnc(N3CCOCC3)nc12,1.0,9.0,1,607.6409999999997
Cc1ccc(C(=O)Nc2cc(N3CCN(C)CC3)cc(C(F)(F)F)c2)cc1Nc1ncnc2cnc(N3CC[C@H](F)C3)nc12,4.0,8.397940008672037,1,609.6319999999998
Cc1ccc(C(=O)Nc2cc(N3CCN(CC(C)C)CC3)cc(C(F)(F)F)c2)cc1Nc1ncnc2cnc(N3CCOCC3)nc12,4.0,8.397940008672037,1,649.7219999999998
Cc1ccc(C(=O)Nc2cc(N3CCN(CC(C)C)CC3)cc(C(F)(F)F)c2)cc1Nc1ncnc2cnc(N3CC[C@H](F)C3)nc12,8.0,8.096910013008056,1,651.7129999999999
Cc1ccc(C(=O)Nc2cc(N3CCN(CCO)CC3)cc(C(F)(F)F)c2)cc1Nc1ncnc2cnc(N3CCOCC3)nc12,4.0,8.397940008672037,1,637.6669999999997
Cc1ccc(C(=O)Nc2cc(N3CCN[C@H](C)C3)cc(C(F)(F)F)c2)cc1Nc1ncnc2cnc(N3CCOCC3)nc12,1.0,9.0,1,607.6409999999998
Cc1ccc(C(=O)Nc2cc(N3CCOCC3)cc(C(F)(F)F)c2)cc1Nc1ncnc2cnc(N3CCOCC3)nc12,3.0,8.522878745280337,1,594.5979999999998
Cc1ccc(C(=O)Nc2cc(N3C[C@@H](C)N[C@@H](C)C3)cc(C(F)(F)F)c2)cc1Nc1ncnc2cnc(N3CCOCC3)nc12,3.0,8.522878745280337,1,621.6679999999998
Cc1ccc(C(=O)Nc2cc(OCCN(C)C)cc(C(F)(F)F)c2)cc1Nc1ncnc2cnc(N(C)C)nc12,2.0,8.698970004336019,1,554.577
Cc1ccc(C(=O)Nc2cc(OCCN(C)C)cc(C(F)(F)F)c2)cc1Nc1ncnc2cnc(N3CCC(F)CC3)nc12,2.0,8.698970004336019,1,612.6319999999998
Cc1ccc(C(=O)Nc2cc(OCCN(C)C)cc(C(F)(F)F)c2)cc1Nc1ncnc2cnc(N3CCC3)nc12,2.0,8.698970004336019,1,566.5879999999999
Cc1ccc(C(=O)Nc2cc(OCCN(C)C)cc(C(F)(F)F)c2)cc1Nc1ncnc2cnc(N3CCCC3)nc12,2.0,8.698970004336019,1,580.6149999999998
Cc1ccc(C(=O)Nc2cc(OCCN(C)C)cc(C(F)(F)F)c2)cc1Nc1ncnc2cnc(N3CCOCC3)nc12,1.0,9.0,1,596.6139999999998
Cc1ccc(C(=O)Nc2cc(OCCN(C)C)cc(C(F)(F)F)c2)cc1Nc1ncnc2cnc(N3CCSCC3)nc12,3.0,8.522878745280337,1,612.6819999999998
Cc1ccc(C(=O)Nc2cc(OCCN(C)C)cc(C(F)(F)F)c2)cc1Nc1ncnc2cnc(NC3CC3)nc12,1.0,9.0,1,566.5879999999999
Cc1ccc(C(=O)Nc2cc(OCCN(C)C)cc(C(F)(F)F)c2)cc1Nc1ncnc2cnc(NCC(C)C)nc12,1.0,9.0,1,582.631
Cc1ccc(C(=O)Nc2cc(OCCN(C)C)cc(C(F)(F)F)c2)cc1Nc1ncnc2cnc(NCC3CCOC3)nc12,1.0,9.0,1,610.6409999999998
Cc1ccc(C(=O)Nc2cc(OCCN(C)C)cc(C(F)(F)F)c2)cc1Nc1ncnc2cnc(NCCF)nc12,1.0,9.0,1,572.567
Cc1ccc(C(=O)Nc2cc(OCCN(C)C)cc(C(F)(F)F)c2)cc1Nc1ncnc2cnc(NCc3ccccc3)nc12,1.0,9.0,1,616.648
Cc1ccc(C(=O)Nc2cc(OCCN(C)C)cc(C(F)(F)F)c2)cc1Nc1ncnc2cnc(NCc3ccccn3)nc12,4.0,8.397940008672037,1,617.636
Cc1ccc(C(=O)Nc2cc(OCCN(C)C)cc(C(F)(F)F)c2)cc1Nc1ncnc2cnc(NCc3cccnc3)nc12,1.0,9.0,1,617.636
Cc1ccc(C(=O)Nc2cc(OCCN3CCCC3)cc(C(F)(F)F)c2)cc1Nc1ncnc2cnc(N3CCOCC3)nc12,1.0,9.0,1,622.6519999999997
Cc1ccc(C(=O)Nc2cc(OCCN3CCOCC3)cc(C(F)(F)F)c2)cc1Nc1ncnc2cnc(N3CCOCC3)nc12,3.0,8.522878745280337,1,638.6509999999997
Cc1ccc(C(=O)Nc2ccc(C#N)c(C(F)(F)F)c2)cc1Nc1ncnc2c(N)nc(N3CCN(C)CC3)nc12,7.0,8.154901959985743,1,562.5600000000001
Cc1ccc(C(=O)Nc2ccc(C#N)c(C(F)(F)F)c2)cc1Nc1ncnc2cnc(N(C)CCN(C)C)nc12,5.0,8.301029995663981,1,549.5610000000001
Cc1ccc(C(=O)Nc2ccc(C#N)c(C(F)(F)F)c2)cc1Nc1ncnc2cnc(N3CCCC3)nc12,31.0,7.508638306165727,1,518.5030000000003
Cc1ccc(C(=O)Nc2ccc(C#N)c(C(F)(F)F)c2)cc1Nc1ncnc2cnc(N3CCCCC3)nc12,56.0,7.251811972993799,1,532.5300000000003
Cc1ccc(C(=O)Nc2ccc(C#N)c(C(F)(F)F)c2)cc1Nc1ncnc2cnc(N3CCCN(C)CC3)nc12,3.0,8.522878745280337,1,561.5720000000001
Cc1ccc(C(=O)Nc2ccc(C#N)c(C(F)(F)F)c2)cc1Nc1ncnc2cnc(N3CCN(C)CC3)nc12,2.0,8.698970004336019,1,547.5450000000002
Cc1ccc(C(=O)Nc2ccc(C#N)c(C(F)(F)F)c2)cc1Nc1ncnc2cnc(N3CCOCC3)nc12,4.0,8.397940008672037,1,534.5020000000003
Cc1ccc(C(=O)Nc2ccc(C#N)c(C(F)(F)F)c2)cc1Nc1ncnc2cnc(N3CC[C@H](F)C3)nc12,36.0,7.443697499232712,1,536.4930000000002
Cc1ccc(C(=O)Nc2ccc(C(F)(F)F)c(Cl)c2)cc1NC(=O)C1(c2cc(NCCCN3CCN(C)CC3)ncn2)CC1,15.549999999999999,7.808269606637143,1,630.1149999999999
Cc1ccc(C(=O)Nc2ccc(C(F)(F)F)c(Cl)c2)cc1NC(=O)C1(c2ccnc(NCCN3CCN(C)CC3)n2)CC1,14.966666666666667,7.824874913716339,1,616.0879999999999
Cc1ccc(C(=O)Nc2ccc(C(F)(F)F)cc2)cc1Nc1ncccc1-c1ncnc2[nH]cnc12,1.5,8.823908740944319,1,489.4610000000001
Cc1ccc(C(=O)Nc2ccc(C(F)(F)F)cc2)cc1Nc1ncnc2c(N)nc(N3CCCN(C)CC3)nc12,9.0,8.045757490560675,1,551.5770000000002
Cc1ccc(C(=O)Nc2ccc(C(F)(F)F)cc2)cc1Nc1ncnc2c(N)nc(N3CCN(C)CC3)nc12,5.0,8.301029995663981,1,537.5500000000003
Cc1ccc(C(=O)Nc2ccc(C(F)(F)F)cc2)cc1Nc1ncnc2c(N)nc(N3CCN(C4CCN(C)CC4)CC3)nc12,3.0,8.522878745280337,1,620.6839999999999
Cc1ccc(C(=O)Nc2ccc(C(F)(F)F)cc2)cc1Nc1ncnc2c(N)nc(N3CCN(CC4CCN(C)CC4)CC3)nc12,2.0,8.698970004336019,1,634.7109999999998
Cc1ccc(C(=O)Nc2ccc(C(F)(F)F)cc2)cc1Nc1ncnc2c(N)nc(N3CCNCC3)nc12,7.0,8.154901959985743,1,523.5230000000003
Cc1ccc(C(=O)Nc2ccc(C(F)(F)F)cc2)cc1Nc1ncnc2c(N)nc(NCCN(C)C)nc12,68.0,7.167491087293763,1,525.5390000000002
Cc1ccc(C(=O)Nc2ccc(CN3CCN(C)CC3)c(C(F)(F)F)c2)cc1NC(=O)c1ccc(O)nc1,10000.0,5.0,0,527.5470000000001
Cc1ccc(C(=O)Nc2ccc(CN3CCN(C)CC3)c(C(F)(F)F)c2)cc1NC(=O)c1ccc2[nH]ccc2c1,220.0,6.657577319177793,1,549.5970000000002
Cc1ccc(C(=O)Nc2ccc(CN3CCN(C)CC3)c(C(F)(F)F)c2)cc1NC(=O)c1ccccc1,240.0,6.619788758288394,1,510.5600000000002
Cc1ccc(C(=O)Nc2ccc(CN3CCN(C)CC3)c(C(F)(F)F)c2)cc1NC(=O)c1ccccn1,573.0,6.24184537803261,1,511.5480000000002
Cc1ccc(C(=O)Nc2ccc(CN3CCN(C)CC3)c(C(F)(F)F)c2)cc1NC(=O)c1cccnc1,551.0,6.258848401148215,1,511.5480000000002
Cc1ccc(C(=O)Nc2ccc(CN3CCN(C)CC3)c(C(F)(F)F)c2)cc1NC(=O)c1ccncc1,110.0,6.958607314841775,1,511.5480000000002
Cc1ccc(C(=O)Nc2ccc(CN3CCN(C)CC3)c(C(F)(F)F)c2)cc1NC(=O)c1cnc(N(C)C)nc1,300.0,6.522878745280337,1,555.6050000000001
Cc1ccc(C(=O)Nc2ccc(CN3CCN(C)CC3)c(C(F)(F)F)c2)cc1NC(=O)c1cnc(N)nc1,410.0,6.3872161432802645,1,527.5510000000002
Cc1ccc(C(=O)Nc2ccc(CN3CCN(C)CC3)c(C(F)(F)F)c2)cc1NC(=O)c1cnc(NC(C)C)nc1,340.0,6.468521082957745,1,569.6320000000001
Cc1ccc(C(=O)Nc2ccc(CN3CCN(C)CC3)c(C(F)(F)F)c2)cc1NC(=O)c1cnc(NC2CC2)nc1,390.0,6.4089353929735005,1,567.616
Cc1ccc(C(=O)Nc2ccc(CN3CCN(C)CC3)c(C(F)(F)F)c2)cc1NC(=O)c1cnc(NC2CCCC2)nc1,230.0,6.638272163982407,1,595.6699999999998
Cc1ccc(C(=O)Nc2ccc(CN3CCN(C)CC3)c(C(F)(F)F)c2)cc1NC(=O)c1cnc(NC2CCCCC2)nc1,37.0,7.431798275933005,1,609.6969999999998
Cc1ccc(C(=O)Nc2ccc(CN3CCN(C)CC3)c(C(F)(F)F)c2)cc1NC(=O)c1cnc(Nc2ccccc2)nc1,210.0,6.6777807052660805,1,603.6490000000002
Cc1ccc(C(=O)Nc2ccc(CN3CCN(C)CC3)c(C(F)(F)F)c2)cc1NC(=O)c1cnc2[nH]ccc2c1,51.0,7.292429823902063,1,550.5850000000002
Cc1ccc(C(=O)Nc2ccc(CN3CCN(C)CC3)c(C(F)(F)F)c2)cc1NC(=O)c1cnc2[nH]ncc2c1,48.0,7.318758762624412,1,551.5730000000001
Cc1ccc(C(=O)Nc2ccc(CN3CCN(C)CC3)c(C(F)(F)F)c2)cc1NC(=O)c1cnccn1,280.0,6.552841968657781,1,512.5360000000002
Cc1ccc(C(=O)Nc2ccc(CN3CCN(C)CC3)c(C(F)(F)F)c2)cc1NC(=O)c1cncnc1,670.0,6.173925197299173,1,512.5360000000002
Cc1ccc(C(=O)Nc2ccc(CNC(=O)OC(C)(C)C)c(C(F)(F)F)c2)cc1-c1cc(N2CCOCC2)c(=O)n(C)c1,12.05,7.919012953089113,1,600.638
Cc1ccc(C(=O)Nc2ccc(Cl)c(Br)c2)cc1Nc1ncccc1-c1ncnc2[nH]cnc12,3.62,8.441291429466835,1,534.8050000000001
Cc1ccc(C(=O)Nc2ccc(Cl)c(C(F)(F)F)c2)cc1NC(=O)C(C)(C)c1cc(NCC2CCN(C)CC2)ncn1,145.0,6.838631997765025,1,603.089
Cc1ccc(C(=O)Nc2ccc(Cl)c(C(F)(F)F)c2)cc1NC(=O)C(C)(C)c1ncnc2[nH]ccc12,6.2,8.207608310501746,1,515.9230000000002
Cc1ccc(C(=O)Nc2ccc(Cl)c(C(F)(F)F)c2)cc1NC(=O)C1(c2cc(NC(C)C)ncn2)CC1,140.0,6.853871964321762,1,531.9660000000001
Cc1ccc(C(=O)Nc2ccc(Cl)c(C(F)(F)F)c2)cc1NC(=O)C1(c2cc(NC3CCN(C)CC3)ncn2)CC1,21.4,7.669586226650809,1,587.046
Cc1ccc(C(=O)Nc2ccc(Cl)c(C(F)(F)F)c2)cc1NC(=O)C1(c2cc(NCC3CCN(C)CC3)ncn2)CC1,27.049999999999997,7.567832730557412,1,601.073
Cc1ccc(C(=O)Nc2ccc(Cl)c(C(F)(F)F)c2)cc1NC(=O)C1(c2cc(NCCC(=O)O)ncn2)CC1,80.2,7.095825631715837,1,561.9480000000001
Cc1ccc(C(=O)Nc2ccc(Cl)c(C(F)(F)F)c2)cc1NC(=O)C1(c2cc(NCCCN(C)C)ncn2)CC1,26.25,7.580870692258024,1,575.0350000000001
Cc1ccc(C(=O)Nc2ccc(Cl)c(C(F)(F)F)c2)cc1NC(=O)C1(c2cc(NCCCN3CCN(C)CC3)ncn2)CC1,20.95,7.678815972697686,1,630.1149999999999
Cc1ccc(C(=O)Nc2ccc(Cl)c(C(F)(F)F)c2)cc1NC(=O)C1(c2cc(NCCCN3CCOCC3)ncn2)CC1,18.3,7.73754891026957,1,617.072
Cc1ccc(C(=O)Nc2ccc(Cl)c(C(F)(F)F)c2)cc1NC(=O)C1(c2cc(NCCN(C)C)ncn2)CC1,68.2,7.166215625343521,1,561.0080000000002
Cc1ccc(C(=O)Nc2ccc(Cl)c(C(F)(F)F)c2)cc1NC(=O)C1(c2cc(NCCN3CCCC3)ncn2)CC1,35.8,7.446116973356125,1,587.046
Cc1ccc(C(=O)Nc2ccc(Cl)c(C(F)(F)F)c2)cc1NC(=O)C1(c2cc(NCCN3CCCCC3)ncn2)CC1,41.7,7.379863945026242,1,601.073
Cc1ccc(C(=O)Nc2ccc(Cl)c(C(F)(F)F)c2)cc1NC(=O)C1(c2cc(NCCN3CCN(C)CC3)ncn2)CC1,13.9,7.856985199745905,1,616.088
Cc1ccc(C(=O)Nc2ccc(Cl)c(C(F)(F)F)c2)cc1NC(=O)C1(c2cc(NCCN3CCOCC3)ncn2)CC1,21.6,7.665546248849069,1,603.045
Cc1ccc(C(=O)Nc2ccc(Cl)c(C(F)(F)F)c2)cc1NC(=O)C1(c2cc(NCCO)ncn2)CC1,31.5,7.501689446210399,1,533.9380000000001
Cc1ccc(C(=O)Nc2ccc(Cl)c(C(F)(F)F)c2)cc1NC(=O)C1(c2ccnc(NCCN3CCN(C)CC3)n2)CC1,16.15,7.791827473332878,1,616.0879999999999
Cc1ccc(C(=O)Nc2ccc(Cl)c(C(F)(F)F)c2)cc1NC(=O)C1(c2ncnc3[nH]ccc23)CC1,6.45,8.190440285364732,1,513.9070000000003
Cc1ccc(C(=O)Nc2ccc(Cl)c(C(F)(F)F)c2)cc1NC(=O)C1(c2ncnc3[nH]cnc23)CC1,1.45,8.838631997765026,1,514.8950000000002
Cc1ccc(C(=O)Nc2ccc(Cl)c(C(F)(F)F)c2)cc1Nc1ncccc1-c1ncnc2[nH]cnc12,3.15,8.5016894462104,1,523.9060000000002
Cc1ccc(C(=O)Nc2ccc(Cl)c(C(F)(F)F)c2)cc1Nc1ncnc2c(N)nc(N3CCN(C)CC3)nc12,3.0,8.522878745280337,1,571.995
Cc1ccc(C(=O)Nc2ccc(Cl)c(C(F)(F)F)c2)cc1Nc1ncnc2cnc(N(C)CCN(C)C)nc12,2.0,8.698970004336019,1,558.9960000000001
Cc1ccc(C(=O)Nc2ccc(Cl)c(C(F)(F)F)c2)cc1Nc1ncnc2cnc(N3CCCC3)nc12,33.0,7.481486060122112,1,527.9380000000002
Cc1ccc(C(=O)Nc2ccc(Cl)c(C(F)(F)F)c2)cc1Nc1ncnc2cnc(N3CCCCC3)nc12,10.0,8.0,1,541.9650000000001
Cc1ccc(C(=O)Nc2ccc(Cl)c(C(F)(F)F)c2)cc1Nc1ncnc2cnc(N3CCCN(C)CC3)nc12,5.0,8.301029995663981,1,571.0070000000001
Cc1ccc(C(=O)Nc2ccc(Cl)c(C(F)(F)F)c2)cc1Nc1ncnc2cnc(N3CCN(C)CC3)nc12,4.0,8.397940008672037,1,556.98
Cc1ccc(C(=O)Nc2ccc(Cl)c(C(F)(F)F)c2)cc1Nc1ncnc2cnc(N3CCOCC3)nc12,2.0,8.698970004336019,1,543.9370000000001
Cc1ccc(C(=O)Nc2ccc(Cl)c(C(F)(F)F)c2)cc1Nc1ncnc2cnc(N3CC[C@H](F)C3)nc12,13.0,7.886056647693163,1,545.9280000000001
Cc1ccc(C(=O)Nc2ccc(Cl)cc2)cc1NC(=O)C1(c2ncnc3[nH]ccc23)CC1,1.2,8.920818753952375,1,445.91000000000025
Cc1ccc(C(=O)Nc2ccc(F)c(C(F)(F)F)c2)cc1Nc1ncnc2cnc(N(C)CCN(C)C)nc12,29.0,7.5376020021010435,1,542.5410000000002
Cc1ccc(C(=O)Nc2ccc(F)c(C(F)(F)F)c2)cc1Nc1ncnc2cnc(N3CCCC3)nc12,4.0,8.397940008672037,1,511.4830000000003
Cc1ccc(C(=O)Nc2ccc(F)c(C(F)(F)F)c2)cc1Nc1ncnc2cnc(N3CCCCC3)nc12,17.0,7.769551078621726,1,525.5100000000002
Cc1ccc(C(=O)Nc2ccc(F)c(C(F)(F)F)c2)cc1Nc1ncnc2cnc(N3CCCN(C)CC3)nc12,3.0,8.522878745280337,1,554.552
Cc1ccc(C(=O)Nc2ccc(F)c(C(F)(F)F)c2)cc1Nc1ncnc2cnc(N3CCN(C)CC3)nc12,1.0,9.0,1,540.5250000000001
Cc1ccc(C(=O)Nc2ccc(F)c(C(F)(F)F)c2)cc1Nc1ncnc2cnc(N3CCOCC3)nc12,9.0,8.045757490560675,1,527.4820000000002
Cc1ccc(C(=O)Nc2ccc(F)c(C(F)(F)F)c2)cc1Nc1ncnc2cnc(N3CC[C@H](F)C3)nc12,3.0,8.522878745280337,1,529.4730000000002
Cc1ccc(C(=O)Nc2ccc(F)cc2)cc1NC(=O)C1(c2ncnc3[nH]ccc23)CC1,17.0,7.769551078621726,1,429.4550000000002
Cc1ccc(C(=O)Nc2ccc(N(C)CCN(C)C)c(C(F)(F)F)c2)cc1Nc1ncnc2cnc(N(C)C)nc12,3.0,8.522878745280337,1,567.62
Cc1ccc(C(=O)Nc2ccc(N(C)CCN(C)C)c(C(F)(F)F)c2)cc1Nc1ncnc2cnc(N3CCC(F)(F)CC3)nc12,3.0,8.522878745280337,1,643.6649999999998
Cc1ccc(C(=O)Nc2ccc(N(C)CCN(C)C)c(C(F)(F)F)c2)cc1Nc1ncnc2cnc(N3CCC(F)CC3)nc12,4.0,8.397940008672037,1,625.6749999999998
Cc1ccc(C(=O)Nc2ccc(N(C)CCN(C)C)c(C(F)(F)F)c2)cc1Nc1ncnc2cnc(N3CCC3)nc12,2.0,8.698970004336019,1,579.6309999999999
Cc1ccc(C(=O)Nc2ccc(N(C)CCN(C)C)c(C(F)(F)F)c2)cc1Nc1ncnc2cnc(N3CCCC3)nc12,2.0,8.698970004336019,1,593.6579999999998
Cc1ccc(C(=O)Nc2ccc(N(C)CCN(C)C)c(C(F)(F)F)c2)cc1Nc1ncnc2cnc(N3CCCCC3)nc12,3.0,8.522878745280337,1,607.6849999999997
Cc1ccc(C(=O)Nc2ccc(N(C)CCN(C)C)c(C(F)(F)F)c2)cc1Nc1ncnc2cnc(N3CCCCCC3)nc12,3.0,8.522878745280337,1,621.7119999999996
Cc1ccc(C(=O)Nc2ccc(N(C)CCN(C)C)c(C(F)(F)F)c2)cc1Nc1ncnc2cnc(N3CCOCC3)nc12,3.0,8.522878745280337,1,609.6569999999998
Cc1ccc(C(=O)Nc2ccc(N(C)CCN(C)C)c(C(F)(F)F)c2)cc1Nc1ncnc2cnc(N3CCSCC3)nc12,2.0,8.698970004336019,1,625.7249999999998
Cc1ccc(C(=O)Nc2ccc(N(C)CCN(C)C)c(C(F)(F)F)c2)cc1Nc1ncnc2cnc(NC3CC3)nc12,1.0,9.0,1,579.631
Cc1ccc(C(=O)Nc2ccc(N(C)CCN(C)C)c(C(F)(F)F)c2)cc1Nc1ncnc2cnc(NCC(C)C)nc12,2.0,8.698970004336019,1,595.674
Cc1ccc(C(=O)Nc2ccc(N(C)CCN(C)C)c(C(F)(F)F)c2)cc1Nc1ncnc2cnc(NCC3CCOC3)nc12,1.0,9.0,1,623.6839999999999
Cc1ccc(C(=O)Nc2ccc(N(C)CCN(C)C)c(C(F)(F)F)c2)cc1Nc1ncnc2cnc(NCCF)nc12,1.0,9.0,1,585.61
Cc1ccc(C(=O)Nc2ccc(N(C)CCN(C)C)c(C(F)(F)F)c2)cc1Nc1ncnc2cnc(NCCc3ccccc3)nc12,5.0,8.301029995663981,1,643.718
Cc1ccc(C(=O)Nc2ccc(N(C)CCN(C)C)c(C(F)(F)F)c2)cc1Nc1ncnc2cnc(NCc3ccccc3)nc12,3.0,8.522878745280337,1,629.691
Cc1ccc(C(=O)Nc2ccc(N(C)CCN(C)C)c(C(F)(F)F)c2)cc1Nc1ncnc2cnc(NCc3ccccn3)nc12,4.0,8.397940008672037,1,630.679
Cc1ccc(C(=O)Nc2ccc(N(C)CCN(C)C)c(C(F)(F)F)c2)cc1Nc1ncnc2cnc(NCc3cccnc3)nc12,2.0,8.698970004336019,1,630.679
Cc1ccc(C(=O)Nc2ccc(N(C)CCN(C)C)c(C(F)(F)F)c2)cc1Nc1ncnc2cnc(NCc3ccncc3)nc12,3.0,8.522878745280337,1,630.679
Cc1ccc(C(=O)Nc2ccc(N3CCN(C)CC3)c(C(F)(F)F)c2)cc1NC(=O)C1(c2ncnc3[nH]ccc23)CC1,34.5,7.462180904926726,1,577.611
Cc1ccc(C(=O)Nc2ccc(N3CCOCC3)c(C(F)(F)F)c2)cc1NC(=O)C1(c2ncnc3[nH]ccc23)CC1,13.4,7.872895201635193,1,564.568
Cc1ccc(C(=O)Nc2ccc(OC3CCN(C)CC3)c(C(F)(F)F)c2)cc1NC(=O)C1(c2ncnc3[nH]ccc23)CC1,29.450000000000003,7.530914700876879,1,592.6220000000001
Cc1ccc(C(=O)Nc2ccc(OCC3CCN(C)CC3)c(C(F)(F)F)c2)cc1NC(=O)C(C)(C)c1ncnc2[nH]ccc12,43.7,7.359518563029578,1,608.6650000000001
Cc1ccc(C(=O)Nc2ccc(OCC3CCN(C)CC3)c(C(F)(F)F)c2)cc1NC(=O)C1(c2ncnc3[nH]ccc23)CC1,109.0,6.962573502059376,1,606.649
Cc1ccc(C(=O)Nc2ccc(OCCCN3CCOCC3)c(C(F)(F)F)c2)cc1NC(=O)C1(c2ncnc3[nH]ccc23)CC1,7.4,8.130768280269024,1,622.648
Cc1ccc(C(=O)Nc2ccc3c(c2)C(C)(C)C(=O)N3CCN2CCCC2)cc1Nc1ncnc2cnc(N(C)CCN(C)C)nc12,16.0,7.795880017344075,1,636.805
Cc1ccc(C(=O)Nc2ccc3c(c2)C(C)(C)C(=O)N3CCN2CCCC2)cc1Nc1ncnc2cnc(N3CCCC3)nc12,23.0,7.638272163982407,1,605.747
Cc1ccc(C(=O)Nc2ccc3c(c2)C(C)(C)C(=O)N3CCN2CCCC2)cc1Nc1ncnc2cnc(N3CCCCC3)nc12,4.0,8.397940008672037,1,619.7739999999999
Cc1ccc(C(=O)Nc2ccc3c(c2)C(C)(C)C(=O)N3CCN2CCCC2)cc1Nc1ncnc2cnc(N3CCCN(C)CC3)nc12,8.0,8.096910013008056,1,648.8159999999998
Cc1ccc(C(=O)Nc2ccc3c(c2)C(C)(C)C(=O)N3CCN2CCCC2)cc1Nc1ncnc2cnc(N3CCN(C)CC3)nc12,26.0,7.585026652029182,1,634.7889999999999
Cc1ccc(C(=O)Nc2ccc3c(c2)C(C)(C)C(=O)N3CCN2CCCC2)cc1Nc1ncnc2cnc(N3CCOCC3)nc12,2.0,8.698970004336019,1,621.746
Cc1ccc(C(=O)Nc2ccc3c(c2)C(C)(C)C(=O)N3CCN2CCCC2)cc1Nc1ncnc2cnc(N3CC[C@@H](F)C3)nc12,4.0,8.397940008672037,1,623.7370000000001
Cc1ccc(C(=O)Nc2ccc3c(c2)OC(F)(F)C(F)(F)O3)cc1Nc1ncnc2cnc(N3CCN(CCN(C)C)CC3)nc12,1.0,9.0,1,641.6299999999997
Cc1ccc(C(=O)Nc2cccc(-c3nnco3)c2)cc1-c1cc(N2CCOCC2)c(=O)n(C)c1,15.2,7.818156412055227,1,471.5170000000004
Cc1ccc(C(=O)Nc2cccc(C#N)c2)cc1Nc1ncccc1-c1ncnc2[nH]cnc12,15.058499999999999,7.822218286712166,1,446.47400000000016
Cc1ccc(C(=O)Nc2cccc(C(C)(C)C#N)c2)cc1-c1cc(N2CCOCC2)c(=O)n(C)c1,3.7,8.431798275933005,1,470.5730000000004
Cc1ccc(C(=O)Nc2cccc(C(C)(C)C#N)c2)cc1-c1cc(N2CCOCC2)n(C)c(=O)c1,4.5,8.346787486224656,1,470.5730000000004
Cc1ccc(C(=O)Nc2cccc(C(C)(C)C#N)c2)cc1Nc1ncnc2cnc(N(C)CCN(C)C)nc12,11.0,7.958607314841775,1,523.6450000000003
Cc1ccc(C(=O)Nc2cccc(C(C)(C)C#N)c2)cc1Nc1ncnc2cnc(N3CCCC3)nc12,6.0,8.221848749616356,1,492.58700000000033
Cc1ccc(C(=O)Nc2cccc(C(C)(C)C#N)c2)cc1Nc1ncnc2cnc(N3CCCCC3)nc12,3.0,8.522878745280337,1,506.6140000000004
Cc1ccc(C(=O)Nc2cccc(C(C)(C)C#N)c2)cc1Nc1ncnc2cnc(N3CCCN(C)CC3)nc12,3.0,8.522878745280337,1,535.6560000000003
Cc1ccc(C(=O)Nc2cccc(C(C)(C)C#N)c2)cc1Nc1ncnc2cnc(N3CCN(C)CC3)nc12,2.0,8.698970004336019,1,521.6290000000004
Cc1ccc(C(=O)Nc2cccc(C(C)(C)C#N)c2)cc1Nc1ncnc2cnc(N3CCOCC3)nc12,1.0,9.0,1,508.58600000000035
Cc1ccc(C(=O)Nc2cccc(C(C)(C)C#N)c2)cc1Nc1ncnc2cnc(N3CC[C@@H](F)C3)nc12,2.0,8.698970004336019,1,510.5770000000003
Cc1ccc(C(=O)Nc2cccc(C(C)(C)C#N)c2)cc1Nc1ncnc2cnc(NCC(C)C)nc12,2.0,8.698970004336019,1,494.60300000000024
Cc1ccc(C(=O)Nc2cccc(C(C)(C)C#N)c2)cc1Nc1ncnc2cnc(NCc3ccccc3)nc12,7.0,8.154901959985743,1,528.6200000000001
Cc1ccc(C(=O)Nc2cccc(C(C)(C)C)c2)cc1Nc1ncnc2c(N)nc(N3CCN(C)CC3)nc12,2.0,8.698970004336019,1,525.6610000000003
Cc1ccc(C(=O)Nc2cccc(C(C)(C)C)c2)cc1Nc1ncnc2cnc(N(C)CCN(C)C)nc12,6.0,8.221848749616356,1,512.6620000000003
Cc1ccc(C(=O)Nc2cccc(C(C)(C)C)c2)cc1Nc1ncnc2cnc(N3CCCC3)nc12,2.0,8.698970004336019,1,481.6040000000003
Cc1ccc(C(=O)Nc2cccc(C(C)(C)C)c2)cc1Nc1ncnc2cnc(N3CCCCC3)nc12,2.0,8.698970004336019,1,495.63100000000037
Cc1ccc(C(=O)Nc2cccc(C(C)(C)C)c2)cc1Nc1ncnc2cnc(N3CCCN(C)CC3)nc12,1.0,9.0,1,524.6730000000003
Cc1ccc(C(=O)Nc2cccc(C(C)(C)C)c2)cc1Nc1ncnc2cnc(N3CCN(C)CC3)nc12,1.0,9.0,1,510.64600000000036
Cc1ccc(C(=O)Nc2cccc(C(C)(C)C)c2)cc1Nc1ncnc2cnc(N3CCN(CC4CCN(C)CC4)CC3)nc12,1.0,9.0,1,607.807
Cc1ccc(C(=O)Nc2cccc(C(C)(C)C)c2)cc1Nc1ncnc2cnc(N3CCNCC3)nc12,1.0,9.0,1,496.6190000000003
Cc1ccc(C(=O)Nc2cccc(C(C)(C)C)c2)cc1Nc1ncnc2cnc(N3CCOCC3)nc12,1.0,9.0,1,497.60300000000035
Cc1ccc(C(=O)Nc2cccc(C(C)(C)C)c2)cc1Nc1ncnc2cnc(N3CC[C@@H](F)C3)nc12,1.0,9.0,1,499.5940000000003
Cc1ccc(C(=O)Nc2cccc(C(C)(C)C)c2)cc1Nc1ncnc2cnc(NC3CCOC3)nc12,1.0,9.0,1,497.6030000000003
Cc1ccc(C(=O)Nc2cccc(C(C)(C)C)c2)cc1Nc1ncnc2cnc(NCC(C)C)nc12,1.0,9.0,1,483.62000000000023
Cc1ccc(C(=O)Nc2cccc(C(C)(C)C)c2)cc1Nc1ncnc2cnc(NCc3ccccc3)nc12,1.0,9.0,1,517.6370000000002
Cc1ccc(C(=O)Nc2cccc(C(C)(C)O)c2)cc1-c1cc(N2CCOCC2)c(=O)n(C)c1,6.3,8.200659450546418,1,461.56200000000035
Cc1ccc(C(=O)Nc2cccc(C(C)(C)O)c2)cc1-c1cc(N2CCOCC2)n(C)c(=O)c1,17.85,7.748361779551788,1,461.56200000000035
Cc1ccc(C(=O)Nc2cccc(C(C)C)c2)cc1-c1cc(N2CCOCC2)c(=O)n(C)c1,3.8,8.42021640338319,1,445.56300000000033
Cc1ccc(C(=O)Nc2cccc(C(C)C)c2)cc1Nc1ncccc1-c1ncnc2[nH]cnc12,10.395000000000001,7.983175506332512,1,463.54500000000013
Cc1ccc(C(=O)Nc2cccc(C(C)C)c2)cc1Nc1ncccc1-c1ncnc2c1ncn2C,7.44,8.12842706445412,1,477.5720000000002
Cc1ccc(C(=O)Nc2cccc(C(F)(F)F)c2)cc1-c1cc(N2CCOCC2)c(=O)n(C)c1,5.1144,8.291205308574192,1,471.4790000000003
Cc1ccc(C(=O)Nc2cccc(C(F)(F)F)c2)cc1-c1cc(N2CCOCC2)c(=O)n(C)n1,3.112428571428571,8.506900606607974,1,472.4670000000003
Cc1ccc(C(=O)Nc2cccc(C(F)(F)F)c2)cc1-c1cc(N2CCOCC2)c(=O)n(CCS(C)(=O)=O)c1,7.233199999999999,8.140669526373154,1,563.5980000000004
Cc1ccc(C(=O)Nc2cccc(C(F)(F)F)c2)cc1-c1cc(N2CCOCC2)c2nccn2n1,1.6,8.795880017344075,1,481.4780000000003
Cc1ccc(C(=O)Nc2cccc(C(F)(F)F)c2)cc1-c1cc(N2CCOCC2)ccn1,0.9,9.045757490560675,1,441.45300000000026
Cc1ccc(C(=O)Nc2cccc(C(F)(F)F)c2)cc1-c1cc(N2CCOCC2)n(C)c(=O)c1,1.2,8.920818753952375,1,471.4790000000003
Cc1ccc(C(=O)Nc2cccc(C(F)(F)F)c2)cc1-c1cc(N2CCOCC2)nc(N2CC(O)C2)n1,1.8,8.744727494896694,1,513.5200000000003
Cc1ccc(C(=O)Nc2cccc(C(F)(F)F)c2)cc1-c1cc(N2CCOCC2)nc(N2CCOCC2)c1,2.3888,8.62182020961905,1,526.5590000000004
Cc1ccc(C(=O)Nc2cccc(C(F)(F)F)c2)cc1-c1cc(N2CCOCC2)nc(N2CCOCC2)n1,1.4882,8.827338699798466,1,527.5470000000004
Cc1ccc(C(=O)Nc2cccc(C(F)(F)F)c2)cc1-c1cc(N2CCOCC2)nc(N2CCS(=O)(=O)CC2)n1,1.3195,8.879590605443932,1,575.6130000000002
Cc1ccc(C(=O)Nc2cccc(C(F)(F)F)c2)cc1-c1cc(N2CCOCC2=O)nc(N2CCOCC2)n1,1.3106666666666669,8.882507745559565,1,541.5300000000003
Cc1ccc(C(=O)Nc2cccc(C(F)(F)F)c2)cc1-c1cc(N2CCS(=O)(=O)CC2)nc(N2CCOCC2)n1,2.8891999999999998,8.539222393811746,1,575.6130000000002
Cc1ccc(C(=O)Nc2cccc(C(F)(F)F)c2)cc1-c1cc(OCc2ccccc2)cc(N2CCOCC2)n1,6.715,8.172953982995265,1,547.5770000000001
Cc1ccc(C(=O)Nc2cccc(C(F)(F)F)c2)cc1-c1cccc(C2(C)COC2)c1,2298.0,5.638649975647733,0,425.4500000000002
Cc1ccc(C(=O)Nc2cccc(C(F)(F)F)c2)cc1-c1ccnc(N2CCOCC2)c1,2.3706,8.625141719934911,1,441.45300000000026
Cc1ccc(C(=O)Nc2cccc(C(F)(F)F)c2)cc1-c1nc(N2CCOCC2)cc(N2CCOCC2)n1,2.0054,8.697798989394618,1,527.5470000000004
Cc1ccc(C(=O)Nc2cccc(C(F)(F)F)c2)cc1-c1nc2c(c(N3CCOCC3)n1)CNC2,3.3,8.481486060122112,1,483.49400000000037
Cc1ccc(C(=O)Nc2cccc(C(F)(F)F)c2)cc1Nc1ncccc1-c1ccncn1,7.73,8.111820506081676,1,449.4360000000001
Cc1ccc(C(=O)Nc2cccc(C(F)(F)F)c2)cc1Nc1ncccc1-c1ncnc2[nH]cnc12,6.285,8.201694717978024,1,489.4610000000001
Cc1ccc(C(=O)Nc2cccc(C(F)(F)F)c2)cc1Nc1ncnc2c(N)nc(N3CC(C)NC(C)C3)nc12,2.0,8.698970004336019,1,551.5770000000001
Cc1ccc(C(=O)Nc2cccc(C(F)(F)F)c2)cc1Nc1ncnc2c(N)nc(N3CCCN(C)CC3)nc12,1.0,9.0,1,551.5770000000002
Cc1ccc(C(=O)Nc2cccc(C(F)(F)F)c2)cc1Nc1ncnc2c(N)nc(N3CCCN(C4CC4)CC3)nc12,1.0,9.0,1,577.615
Cc1ccc(C(=O)Nc2cccc(C(F)(F)F)c2)cc1Nc1ncnc2c(N)nc(N3CCCN(c4ccccn4)CC3)nc12,3.0,8.522878745280337,1,614.6360000000001
Cc1ccc(C(=O)Nc2cccc(C(F)(F)F)c2)cc1Nc1ncnc2c(N)nc(N3CCCN(c4ccncc4)CC3)nc12,1.0,9.0,1,614.6360000000001
Cc1ccc(C(=O)Nc2cccc(C(F)(F)F)c2)cc1Nc1ncnc2c(N)nc(N3CCCN(c4ncccn4)CC3)nc12,1.0,9.0,1,615.624
Cc1ccc(C(=O)Nc2cccc(C(F)(F)F)c2)cc1Nc1ncnc2c(N)nc(N3CCCNCC3)nc12,1.0,9.0,1,537.5500000000003
Cc1ccc(C(=O)Nc2cccc(C(F)(F)F)c2)cc1Nc1ncnc2c(N)nc(N3CCN(C(C)C)CC3)nc12,1.0,9.0,1,565.604
Cc1ccc(C(=O)Nc2cccc(C(F)(F)F)c2)cc1Nc1ncnc2c(N)nc(N3CCN(C)CC3)nc12,1.0,9.0,1,537.5500000000003
Cc1ccc(C(=O)Nc2cccc(C(F)(F)F)c2)cc1Nc1ncnc2c(N)nc(N3CCN(C4CCCC4)CC3)nc12,1.0,9.0,1,591.6419999999999
Cc1ccc(C(=O)Nc2cccc(C(F)(F)F)c2)cc1Nc1ncnc2c(N)nc(N3CCN(C4CCN(C)CC4)CC3)nc12,1.0,9.0,1,620.6839999999999
Cc1ccc(C(=O)Nc2cccc(C(F)(F)F)c2)cc1Nc1ncnc2c(N)nc(N3CCN(CC4CCN(C)CC4)CC3)nc12,1.0,9.0,1,634.7109999999998
Cc1ccc(C(=O)Nc2cccc(C(F)(F)F)c2)cc1Nc1ncnc2c(N)nc(N3CCNCC3)nc12,1.0,9.0,1,523.5230000000003
Cc1ccc(C(=O)Nc2cccc(C(F)(F)F)c2)cc1Nc1ncnc2c(N)nc(N3C[C@H]4C[C@@H]3CN4C)nc12,1.0,9.0,1,549.5610000000001
Cc1ccc(C(=O)Nc2cccc(C(F)(F)F)c2)cc1Nc1ncnc2cnc(N(C)CCN(C)C)nc12,4.0,8.397940008672037,1,524.5510000000002
Cc1ccc(C(=O)Nc2cccc(C(F)(F)F)c2)cc1Nc1ncnc2cnc(N3CCCC3)nc12,1.0,9.0,1,493.4930000000003
Cc1ccc(C(=O)Nc2cccc(C(F)(F)F)c2)cc1Nc1ncnc2cnc(N3CCCCC3)nc12,6.0,8.221848749616356,1,507.5200000000003
Cc1ccc(C(=O)Nc2cccc(C(F)(F)F)c2)cc1Nc1ncnc2cnc(N3CCCN(C)CC3)nc12,2.0,8.698970004336019,1,536.5620000000002
Cc1ccc(C(=O)Nc2cccc(C(F)(F)F)c2)cc1Nc1ncnc2cnc(N3CCN(C)CC3)nc12,1.0,9.0,1,522.5350000000003
Cc1ccc(C(=O)Nc2cccc(C(F)(F)F)c2)cc1Nc1ncnc2cnc(N3CCN(CC4CCN(C)CC4)CC3)nc12,1.0,9.0,1,619.6959999999999
Cc1ccc(C(=O)Nc2cccc(C(F)(F)F)c2)cc1Nc1ncnc2cnc(N3CCNCC3)nc12,1.0,9.0,1,508.50800000000027
Cc1ccc(C(=O)Nc2cccc(C(F)(F)F)c2)cc1Nc1ncnc2cnc(N3CCOCC3)nc12,1.0,9.0,1,509.4920000000003
Cc1ccc(C(=O)Nc2cccc(C(F)(F)F)c2)cc1Nc1ncnc2cnc(N3CC[C@H](F)C3)nc12,1.0,9.0,1,511.48300000000023
Cc1ccc(C(=O)Nc2cccc(C(F)(F)F)c2)cc1Nc1ncnc2cnc(NC3CCOC3)nc12,1.0,9.0,1,509.49200000000025
Cc1ccc(C(=O)Nc2cccc(C(F)F)c2)cc1-c1cc(N2CCOCC2)c(=O)n(C)c1,1.6,8.795880017344075,1,453.4890000000004
Cc1ccc(C(=O)Nc2cccc(C(F)F)c2)cc1-c1cc(N2CCOCC2)n(C)c(=O)c1,1.1,8.958607314841775,1,453.4890000000004
Cc1ccc(C(=O)Nc2cccc(Cl)c2)cc1NC(=O)C1(c2ncnc3[nH]ccc23)CC1,0.2,9.698970004336019,1,445.91000000000025
Cc1ccc(C(=O)Nc2cccc(Cl)c2)cc1Nc1ncccc1-c1ncnc2[nH]cnc12,1.3,8.886056647693163,1,455.90900000000016
Cc1ccc(C(=O)Nc2cccc(F)c2)cc1NC(=O)C1(c2ncnc3[nH]ccc23)CC1,12.3,7.910094888560602,1,429.4550000000002
Cc1ccc(C(=O)Nc2cccc(F)c2)cc1Nc1ncccc1-c1ncnc2[nH]cnc12,1.03,8.987162775294827,1,439.4540000000001
Cc1ccc(C(=O)Nc2cccc(N(C)C)c2)cc1Nc1ncnc2cnc(N(C)CCN(C)C)nc12,87.0,7.060480747381382,1,499.6230000000003
Cc1ccc(C(=O)Nc2cccc(N(C)C)c2)cc1Nc1ncnc2cnc(N3CCCC3)nc12,10.0,8.0,1,468.5650000000003
Cc1ccc(C(=O)Nc2cccc(N(C)C)c2)cc1Nc1ncnc2cnc(N3CCCCC3)nc12,1.0,9.0,1,482.5920000000003
Cc1ccc(C(=O)Nc2cccc(N(C)C)c2)cc1Nc1ncnc2cnc(N3CCCN(C)CC3)nc12,15.0,7.823908740944319,1,511.63400000000036
Cc1ccc(C(=O)Nc2cccc(N(C)C)c2)cc1Nc1ncnc2cnc(N3CCN(C)CC3)nc12,5.0,8.301029995663981,1,497.6070000000003
Cc1ccc(C(=O)Nc2cccc(N(C)C)c2)cc1Nc1ncnc2cnc(N3CCNCC3)nc12,15.0,7.823908740944319,1,483.58000000000027
Cc1ccc(C(=O)Nc2cccc(N(C)C)c2)cc1Nc1ncnc2cnc(N3CCOCC3)nc12,4.0,8.397940008672037,1,484.5640000000003
Cc1ccc(C(=O)Nc2cccc(N(C)C)c2)cc1Nc1ncnc2cnc(N3CC[C@@H](F)C3)nc12,1.0,9.0,1,486.55500000000023
Cc1ccc(C(=O)Nc2cccc(OC(F)(F)F)c2)cc1-c1cc(N2CCOCC2)c(=O)n(C)c1,33.1,7.480172006224281,1,487.47800000000035
Cc1ccc(C(=O)Nc2cccc(OC(F)(F)F)c2)cc1Nc1ncnc2cnc(N(C)CCN(C)C)nc12,2.0,8.698970004336019,1,540.5500000000002
Cc1ccc(C(=O)Nc2cccc(OC(F)(F)F)c2)cc1Nc1ncnc2cnc(N3CCCC3)nc12,20.0,7.698970004336019,1,509.4920000000003
Cc1ccc(C(=O)Nc2cccc(OC(F)(F)F)c2)cc1Nc1ncnc2cnc(N3CCCCC3)nc12,4.0,8.397940008672037,1,523.5190000000003
Cc1ccc(C(=O)Nc2cccc(OC(F)(F)F)c2)cc1Nc1ncnc2cnc(N3CCCN(C)CC3)nc12,1.0,9.0,1,552.5610000000001
Cc1ccc(C(=O)Nc2cccc(OC(F)(F)F)c2)cc1Nc1ncnc2cnc(N3CCN(C)CC3)nc12,1.0,9.0,1,538.5340000000002
Cc1ccc(C(=O)Nc2cccc(OC(F)(F)F)c2)cc1Nc1ncnc2cnc(N3CCOCC3)nc12,1.0,9.0,1,525.4910000000002
Cc1ccc(C(=O)Nc2cccc(OC(F)(F)F)c2)cc1Nc1ncnc2cnc(N3CC[C@H](F)C3)nc12,1.0,9.0,1,527.4820000000002
Cc1ccc(C(=O)Nc2cccc(S(=O)(=O)N(C)C)c2)cc1Nc1ncnc2cnc(N(C)CCN(C)C)nc12,59.0,7.229147988357855,1,563.6880000000002
Cc1ccc(C(=O)Nc2cccc(S(=O)(=O)N(C)C)c2)cc1Nc1ncnc2cnc(N3CCCC3)nc12,3.0,8.522878745280337,1,532.6300000000003
Cc1ccc(C(=O)Nc2cccc(S(=O)(=O)N(C)C)c2)cc1Nc1ncnc2cnc(N3CCCCC3)nc12,10.0,8.0,1,546.6570000000003
Cc1ccc(C(=O)Nc2cccc(S(=O)(=O)N(C)C)c2)cc1Nc1ncnc2cnc(N3CCCN(C)CC3)nc12,19.0,7.721246399047171,1,575.6990000000001
Cc1ccc(C(=O)Nc2cccc(S(=O)(=O)N(C)C)c2)cc1Nc1ncnc2cnc(N3CCN(C)CC3)nc12,7.0,8.154901959985743,1,561.6720000000001
Cc1ccc(C(=O)Nc2cccc(S(=O)(=O)N(C)C)c2)cc1Nc1ncnc2cnc(N3CCNCC3)nc12,7.0,8.154901959985743,1,547.6450000000002
Cc1ccc(C(=O)Nc2cccc(S(=O)(=O)N(C)C)c2)cc1Nc1ncnc2cnc(N3CCOCC3)nc12,2.0,8.698970004336019,1,548.6290000000002
Cc1ccc(C(=O)Nc2cccc(S(=O)(=O)N(C)C)c2)cc1Nc1ncnc2cnc(N3CC[C@H](F)C3)nc12,7.0,8.154901959985743,1,550.6200000000001
Cc1ccc(C(=O)Nc2ccccc2)cc1-c1cc(N2CCOCC2)c(=O)n(C)c1,33.85,7.470441326978837,1,403.4820000000003
Cc1ccc(C(=O)Nc2ccccc2)cc1-c1cc(N2CCOCC2)n(C)c(=O)c1,79.0,7.102372908709558,1,403.4820000000003
Cc1ccc(C(=O)Nc2ccccc2)cc1NC(=O)C1(c2ncnc3[nH]ccc23)CC1,34.1,7.467245621007502,1,411.4650000000002
Cc1ccc(C(=O)Nc2ccccc2)cc1Nc1ncnc2cnc(N(C)CCN(C)C)nc12,2000.0,5.698970004336019,0,456.5540000000003
Cc1ccc(C(=O)Nc2ccccc2)cc1Nc1ncnc2cnc(N3CCCC3)nc12,505.0,6.296708621881338,1,425.4960000000003
Cc1ccc(C(=O)Nc2ccccc2)cc1Nc1ncnc2cnc(N3CCCCC3)nc12,269.0,6.570247719997592,1,439.52300000000037
Cc1ccc(C(=O)Nc2ccccc2)cc1Nc1ncnc2cnc(N3CCCN(C)CC3)nc12,2880.0,5.540607512240769,0,468.5650000000004
Cc1ccc(C(=O)Nc2ccccc2)cc1Nc1ncnc2cnc(N3CCN(C)CC3)nc12,1535.0,5.813891620186794,0,454.53800000000035
Cc1ccc(C(=O)Nc2ccccc2)cc1Nc1ncnc2cnc(N3CCOCC3)nc12,292.0,6.534617148551582,1,441.49500000000035
Cc1ccc(C(=O)Nc2ccccc2)cc1Nc1ncnc2cnc(N3CC[C@@H](F)C3)nc12,162.0,6.790484985457369,1,443.4860000000003
Cc1ccc(C(=O)Nc2ccccn2)cc1-c1cc(N2CCOCC2)c(=O)n(C)c1,99.0,7.00436480540245,1,404.4700000000003
Cc1ccc(C(=O)Nc2cccnc2)cc1-c1cc(N2CCOCC2)c(=O)n(C)c1,200.0,6.698970004336019,1,404.4700000000003
Cc1ccc(C(=O)Nc2ccnc(C(C)(C)C)c2)cc1Nc1ncnc2cnc(N(C)C3CC(N4CCN(C)CC4)C3)nc12,5.0,8.301029995663981,1,594.768
Cc1ccc(C(=O)Nc2ccnc(C(C)(C)C)c2)cc1Nc1ncnc2cnc(N3CCC(CCN(C)C)CC3)nc12,3.0,8.522878745280337,1,567.7420000000001
Cc1ccc(C(=O)Nc2ccnc(C(C)(C)C)c2)cc1Nc1ncnc2cnc(N3CCC(CN4CCCC4)CC3)nc12,3.0,8.522878745280337,1,579.7530000000002
Cc1ccc(C(=O)Nc2ccnc(C(C)(C)C)c2)cc1Nc1ncnc2cnc(NC3CCN(C)CC3)nc12,1.0,9.0,1,525.6610000000003
Cc1ccc(C(=O)Nc2nnc(C(F)(F)F)s2)cc1Nc1ncnc2cnc(N(C)CCN(C)C)nc12,10000.0,5.0,0,532.5560000000002
Cc1ccc(C(=O)Nc2nnc(C(F)(F)F)s2)cc1Nc1ncnc2cnc(N3CCCC3)nc12,2600.0,5.585026652029182,0,501.4980000000003
Cc1ccc(C(=O)Nc2nnc(C(F)(F)F)s2)cc1Nc1ncnc2cnc(N3CCCCC3)nc12,442.0,6.354577730650908,1,515.5250000000003
Cc1ccc(C(=O)Nc2nnc(C(F)(F)F)s2)cc1Nc1ncnc2cnc(N3CCCN(C)CC3)nc12,1400.0,5.853871964321762,0,544.5670000000001
Cc1ccc(C(=O)Nc2nnc(C(F)(F)F)s2)cc1Nc1ncnc2cnc(N3CCN(C)CC3)nc12,198.0,6.703334809738469,1,530.5400000000002
Cc1ccc(C(=O)Nc2nnc(C(F)(F)F)s2)cc1Nc1ncnc2cnc(N3CCNCC3)nc12,2121.0,5.673459331483438,0,516.5130000000003
Cc1ccc(C(=O)Nc2nnc(C(F)(F)F)s2)cc1Nc1ncnc2cnc(N3CCOCC3)nc12,200.0,6.698970004336019,1,517.4970000000003
Cc1ccc(C(=O)Nc2nnc(C(F)(F)F)s2)cc1Nc1ncnc2cnc(N3CC[C@H](F)C3)nc12,274.0,6.562249437179612,1,519.4880000000002
Cc1ccc(C(=O)c2c(-c3ccccc3)n(C)n(-c3ccccc3)c2=O)c(N)c1-c1ccc2nc(C(F)(F)F)sc2c1,1000.0,6.0,1,584.6230000000003
Cc1ccc(C(=O)c2c(-c3ccccc3)n(C)n(-c3ccccc3)c2=O)c(N)c1-c1ccc2nc(C(F)F)sc2c1,1000.0,6.0,1,566.6330000000002
Cc1ccc(C(=O)c2c(-c3ccccc3)n(C)n(-c3ccccc3)c2=O)c(N)c1-c1ccc2nc(CF)sc2c1,1000.0,6.0,1,548.6430000000003
Cc1ccc(C(=O)c2c(-c3ccccc3)n(C)n(-c3ccccc3)c2=O)c(N)c1-c1ccc2nc(N)sc2c1,1000.0,6.0,1,531.6410000000003
Cc1ccc(C(=O)n2nc(C(C)(C)C)cc2N)cc1Nc1ncnc2ccc(N3CCOCC3)nc12,2060.0,5.686132779630847,0,486.5800000000003
Cc1ccc(C(=O)n2nc(C(C)(C)C)cc2N)cc1Nc1ncnc2cnc(NC3CCOC3)nc12,20.0,7.698970004336019,1,487.56800000000027
Cc1ccc(C2=NN(C(=S)Nc3ccccc3)C(c3ccc4c(c3)OCCO4)C2)cc1,200000.0,3.6989700043360187,0,429.5450000000003
Cc1ccc(C2=NN(C(=S)Nc3ccccc3)C(c3ccc4c(c3)OCCO4)C2)cc1C,48900.0,4.31069114087638,0,443.57200000000034
Cc1ccc(C2=NN=C(NC(=S)Nc3ccc(Cl)cc3)SC2)cc1,180.0,6.7447274948966935,1,374.92200000000014
Cc1ccc(C2CC(c3ccccc3)=NN2C(=O)CN2CCOCC2)o1,100000.0,4.0,0,353.42200000000025
Cc1ccc(CC[C@@H]2CCN2C)c(NC(=O)Nc2cccc(Oc3ccc4nc[nH]c(=O)c4c3)c2)c1,3.9,8.4089353929735,1,483.57200000000023
Cc1ccc(CN2C(=O)c3ccccc3C2(O)c2ccc3c(c2)NC(=O)CO3)cc1,10000.0,5.0,0,400.4340000000002
Cc1ccc(CN2C(=O)c3ccccc3C2(O)c2ccc3c(c2)NC(=O)CO3)cc1C,10000.0,5.0,0,414.46100000000024
Cc1ccc(Cl)cc1N1C(=O)c2ccccc2C1(O)c1ccc2c(c1)NC(=O)CO2,100.0,7.0,1,420.8520000000002
Cc1ccc(Cl)cc1N1C(=O)c2ccccc2C1(O)c1ccc2nc(Nc3ncccn3)[nH]c2c1,100.0,7.0,1,482.93100000000015
Cc1ccc(F)cc1-c1ccc2ncnc(Nc3cccc4[nH]ncc34)c2c1,295.85,6.528928426386969,1,369.40300000000013
Cc1ccc(N)cc1-c1cc(N2CCOCC2)c(OC2CCOCC2)nn1,0.6,9.221848749616356,1,370.4530000000002
Cc1ccc(N2C(=O)/C(=C\c3ccc(-c4ccc(C(=O)O)c(Cl)c4)o3)C(=O)NC2=S)cc1,3240.0,5.489454989793388,0,466.90200000000016
Cc1ccc(N2C(=O)/C(=C\c3ccc(-c4ccc(C(=O)O)cc4)o3)C(=O)NC2=S)cc1,1600.0,5.795880017344075,0,432.45700000000016
Cc1ccc(N2C(=O)/C(=C\c3ccc(-c4ccc(F)cc4)o3)C(=O)NC2=S)cc1,4110.0,5.386158178123931,0,406.4380000000001
Cc1ccc(N2C(=O)/C(=C\c3ccc(-c4cccc(C(=O)O)c4)o3)C(=O)NC2=S)cc1,4020.0,5.39577394691553,0,432.45700000000016
Cc1ccc(N2C(=O)/C(=C\c3ccc(CN(CCC#N)S(C)(=O)=O)o3)C(=O)NC2=S)cc1,970.0,6.013228265733755,1,472.5480000000002
Cc1ccc(N2C(=O)/C(=C\c3ccc(CN(CCC#N)S(C)(=O)=O)o3)C(=O)NC2=S)cc1Cl,310.0,6.508638306165727,1,506.99300000000017
Cc1ccc(N2C(=O)c3ccccc3C2(O)c2ccc3c(c2)NC(=O)CO3)cc1,10000.0,5.0,0,386.4070000000002
Cc1ccc(NC(=O)N2CCO[C@@H](C(F)(F)F)C2)cc1-c1cc(OCCO)nc(N2CCOCC2)c1,6.4,8.193820026016112,1,510.51300000000043
Cc1ccc(NC(=O)N2CCO[C@H](C(F)(F)F)C2)cc1-c1cc(OCCO)nc(N2CCOCC2)c1,0.6,9.221848749616356,1,510.51300000000043
Cc1ccc(NC(=O)N2CC[C@@H](C(F)(F)F)C2)cc1-c1cc(OCCO)nc(N2CCOCC2)c1,4.6,8.337242168318426,1,494.51400000000035
Cc1ccc(NC(=O)N2CC[C@@H](CC(F)(F)F)C2)cc1-c1cc(N[C@H](C)CO)nc(N2CCOCC2)c1,3.5,8.455931955649724,1,521.5840000000004
Cc1ccc(NC(=O)N2CC[C@@H](CC(F)(F)F)C2)cc1-c1cc(OCC(C)(C)O)nc(N2CCOCC2)c1,5.4,8.267606240177031,1,536.5950000000004
Cc1ccc(NC(=O)N2CC[C@@H](CC(F)(F)F)C2)cc1-c1cc(OCCO)nc(N2CCOCC2)c1,1.9,8.721246399047171,1,508.5410000000004
Cc1ccc(NC(=O)N2CC[C@@H](CC(F)(F)F)C2)cc1-c1cc(OC[C@@H](C)O)nc(N2CCOCC2)c1,5.4,8.267606240177031,1,522.5680000000004
Cc1ccc(NC(=O)N2CC[C@@H](CC(F)(F)F)C2)cc1-c1cc(O[C@@H](C)CO)nc(N2CCOCC2)c1,5.0,8.301029995663981,1,522.5680000000004
Cc1ccc(NC(=O)N2CC[C@@H](CC(F)(F)F)C2)cc1-c1cc(O[C@H](C)CO)nc(N2CCOCC2)c1,5.6,8.2518119729938,1,522.5680000000004
Cc1ccc(NC(=O)N2CC[C@H](C(F)(F)F)C2)cc1-c1cc(OCCO)nc(N2CCOCC2)c1,1.6,8.795880017344075,1,494.51400000000035
Cc1ccc(NC(=O)Nc2ccc(Cl)c(C(F)(F)F)c2)cc1NC(=O)C1(c2ncnc3[nH]ccc23)CC1,2.1,8.67778070526608,1,528.922
Cc1ccc(NC(=O)Nc2ccc(Cl)c(C(F)(F)F)c2)cc1Nc1nccc(-c2cccnc2)n1,180.1,6.744486287180466,1,498.89600000000013
Cc1ccc(NC(=O)Nc2ccc(Cl)c(C(F)(F)F)c2)cc1Nc1ncccc1-c1ncnc2[nH]cnc12,4.21,8.37571790416433,1,538.921
Cc1ccc(NC(=O)Nc2ccc(F)c(C(=O)c3c[nH]c4ncccc34)c2F)cc1,85.0,7.070581074285707,1,406.39200000000005
Cc1ccc(NC(=O)Nc2cccc(-c3nc(NC4CC4)nc4sc(C(N)=O)c(N)c34)c2)cc1,687.3333333333334,6.162832593772165,1,473.56200000000035
Cc1ccc(NC(=O)[C@@H]2CCN[C@H](C(F)(F)F)C2)cc1-c1cc(C2COCCO2)nc(N2CCOCC2)c1,270.0,6.568636235841013,1,534.5790000000004
Cc1ccc(NC(=O)c2cc(Br)cc(C(F)(F)F)c2)cc1-c1cc(N2CCOCC2)c(=O)n(C)c1,4.5,8.346787486224656,1,550.3750000000002
Cc1ccc(NC(=O)c2cc(C(C)(C)C#N)ccn2)cc1-c1cc(N2CCOCC2)c(=O)n(C)c1,3.64,8.438898616350944,1,471.5610000000004
Cc1ccc(NC(=O)c2cc(C(C)(C)C#N)ccn2)cc1-c1cc(N2CCOCC2)c(=O)n(C)n1,5.09,8.293282217663242,1,472.5490000000004
Cc1ccc(NC(=O)c2cc(C(C)(C)C#N)ccn2)cc1-c1cc(N2CCOCC2)n(C)c(=O)c1,3.17,8.498940737782249,1,471.5610000000004
Cc1ccc(NC(=O)c2cc(C(C)(C)C#N)ccn2)cc1-c1cnc(OC(C)C)c(N2CCOCC2)c1,2.33,8.63264407897398,1,499.6150000000004
Cc1ccc(NC(=O)c2cc(C(C)(C)C)n[nH]2)cc1Nc1ncnc2cnc(N3CCN(C)CC3)nc12,44.0,7.356547323513812,1,500.61100000000033
Cc1ccc(NC(=O)c2cc(C(C)(C)C)nn2C)cc1-n1cc(-c2cncc(N3CCN(C)CC3)c2)nn1,8.0,8.096910013008056,1,513.6500000000003
Cc1ccc(NC(=O)c2cc(C(C)(C)C)nn2C)cc1-n1cc(-c2cncc(N3CCOCC3)c2)nn1,11.0,7.958607314841775,1,500.6070000000003
Cc1ccc(NC(=O)c2cc(C(C)(C)C)nn2C)cc1Nc1ncnc2cnc(N(C)CCCN(C)C)nc12,72.0,7.142667503568732,1,530.6810000000003
Cc1ccc(NC(=O)c2cc(C(C)(C)C)nn2C)cc1Nc1ncnc2cnc(N3CCN(C)CC3)nc12,221.0,6.655607726314889,1,514.6380000000003
Cc1ccc(NC(=O)c2cc(C(C)(C)C)no2)cc1-c1cc(N2CCOCC2)nc(N2CCOCC2)n1,1.3752,8.861634136321005,1,506.6070000000005
Cc1ccc(NC(=O)c2cc(C(C)(C)C)oc2C)cc1-n1cc(-c2cncc(N3CCOCC3)c2)nn1,15.0,7.823908740944319,1,500.6030000000003
Cc1ccc(NC(=O)c2cc(C(C)(C)C)on2)cc1-c1cc(N2CCOCC2)nc(N2CCOCC2)n1,1.1994,8.921035955498239,1,506.6070000000005
Cc1ccc(NC(=O)c2cc(C(C)(C)C)on2)cc1-n1cc(-c2cncc(N3CCN(C)CC3)c2)nn1,5.0,8.301029995663981,1,500.6070000000003
Cc1ccc(NC(=O)c2cc(C(C)(C)C)on2)cc1-n1cc(-c2cncc(N3CCOCC3)c2)nn1,8.0,8.096910013008056,1,487.5640000000003
Cc1ccc(NC(=O)c2cc(C(C)(C)C)on2)cc1Nc1ncnc2cnc(N3CCN(C)CC3)nc12,129.0,6.889410289700751,1,501.5950000000003
Cc1ccc(NC(=O)c2cc(C(C)(C)F)ccn2)cc1-c1cc(N2CCOCC2)c(=O)n(C)c1,4.43,8.35359627377693,1,464.54100000000034
Cc1ccc(NC(=O)c2cc(C(C)(C)O)ccn2)cc1-c1cc(N2CCOCC2)c(=O)n(C)c1,9.45,8.024568191490737,1,462.55000000000035
Cc1ccc(NC(=O)c2cc(C(C)(C)O)ccn2)cc1-c1cnc(OC(C)C)c(N2CCOCC2)c1,3.63,8.440093374963887,1,490.6040000000004
Cc1ccc(NC(=O)c2cc(C(C)(F)F)ccn2)cc1-c1cc(N2CCOCC2)c(=O)n(C)c1,2.33,8.63264407897398,1,468.50400000000036
Cc1ccc(NC(=O)c2cc(C(C)C)on2)cc1-c1cc(N2CCOCC2)c(=O)n(C)c1,0.8,9.096910013008056,1,436.5120000000003
Cc1ccc(NC(=O)c2cc(C(F)(F)F)cc(C(C)(C)NC(=O)OC(C)(C)C)c2)cc1-c1cc(N2CCOCC2)c(=O)n(C)c1,6.88,8.162411561764488,1,628.692
Cc1ccc(NC(=O)c2cc(C(F)(F)F)cc(S(C)(=O)=O)c2)cc1-c1cc(N2CCOCC2)c(=O)n(C)c1,2.4828,8.60505826328664,1,549.5710000000004
Cc1ccc(NC(=O)c2cc(C(F)(F)F)ccn2)cc1-c1cc(N2CCOCC2)c(=O)n(C)c1,2.1,8.67778070526608,1,472.4670000000003
Cc1ccc(NC(=O)c2cc(C(F)(F)F)ccn2)cc1-c1cc(N2CCOCC2)c(OC(C)C)nn1,0.8,9.096910013008056,1,501.50900000000036
Cc1ccc(NC(=O)c2cc(C(F)(F)F)ccn2)cc1-c1cc(N2CCOCC2)c(OC2CCOCC2)nn1,0.5,9.301029995663981,1,543.5460000000003
Cc1ccc(NC(=O)c2cc(C(F)(F)F)ccn2)cc1-c1cc(N2CCOCC2)c(OCCO)nn1,1.0,9.0,1,503.4810000000004
Cc1ccc(NC(=O)c2cc(C(F)(F)F)ccn2)cc1-c1cc(N2CCOCC2)c(S(C)(=O)=O)nn1,0.78,9.10790539730952,1,521.5210000000003
Cc1ccc(NC(=O)c2cc(C(F)(F)F)ccn2)cc1-c1cc(OCCO)nc(N2CCOCC2)c1,1.12,8.950781977329818,1,502.4930000000004
Cc1ccc(NC(=O)c2cc(C(F)(F)F)ccn2)cc1-n1cc(-c2cncc(N3CCN(C)CC3)c2)nn1,4.0,8.397940008672037,1,522.5350000000003
Cc1ccc(NC(=O)c2cc(C(F)(F)F)ccn2)cc1-n1cc(-c2cncc(N3CCOCC3)c2)nn1,9.0,8.045757490560675,1,509.4920000000003
Cc1ccc(NC(=O)c2cc(C(F)(F)F)cnn2)cc1-c1ccc2c(c1)OC1(CCOCC1)CC(=O)N2,7.85,8.105130343254748,1,512.4880000000004
Cc1ccc(NC(=O)c2cc(C(F)(F)F)nn2C)cc1-c1cc(N2CCOCC2)c(=O)n(C)c1,53.05,7.27531461176264,1,475.47100000000034
Cc1ccc(NC(=O)c2cc(C)n(C(C)(C)C)n2)cc1-n1cc(-c2cncc(N3CCCN(C)CC3)c2)nn1,9.0,8.045757490560675,1,527.6770000000002
Cc1ccc(NC(=O)c2cc(C)n(C(C)(C)C)n2)cc1-n1cc(-c2cncc(N3CCN(C(C)C)CC3)c2)nn1,13.0,7.886056647693163,1,541.7040000000003
Cc1ccc(NC(=O)c2cc(C)n(C(C)(C)C)n2)cc1-n1cc(-c2cncc(N3CCN(C)CC3)c2)nn1,11.0,7.958607314841775,1,513.6500000000003
Cc1ccc(NC(=O)c2cc(C)n(C(C)(C)C)n2)cc1-n1cc(-c2cncc(N3CCN(C4CC4)CC3)c2)nn1,31.0,7.508638306165727,1,539.6880000000003
Cc1ccc(NC(=O)c2cc(C)n(C(C)(C)C)n2)cc1-n1cc(-c2cncc(N3CCOCC3)c2)nn1,18.0,7.7447274948966935,1,500.6070000000003
Cc1ccc(NC(=O)c2cc(C3CC3)nn2C)cc1-c1cc(N2CCOCC2)c(=O)n(C)c1,12.1,7.91721462968355,1,447.5390000000003
Cc1ccc(NC(=O)c2cc(C3CC3)on2)cc1-c1cc(N2CCOCC2)c(=O)n(C)c1,0.7,9.154901959985743,1,434.49600000000027
Cc1ccc(NC(=O)c2cc(C3CC3)on2)cc1-c1cc(N2CCOCC2)nc(N2CC(O)C2)c1,1.11,8.954677021213342,1,475.5490000000003
Cc1ccc(NC(=O)c2cc(CN(C)C)c(C(C)(C)C)o2)cc1-n1cc(-c2cncc(N3CCOCC3)c2)nn1,11.0,7.958607314841775,1,543.6720000000003
Cc1ccc(NC(=O)c2cc(CN(C)C)cc(C(F)(F)F)c2)cc1-c1cc(N2CCOCC2)c(=O)n(C)c1,10.8,7.966576244513051,1,528.5750000000003
Cc1ccc(NC(=O)c2cc(CN(C)C)cc(C(F)(F)F)c2)cc1-c1cc(N2CCOCC2)c(=O)n(C)n1,4.3,8.366531544420413,1,529.5630000000002
Cc1ccc(NC(=O)c2cc(CN(C)C)cc(C(F)(F)F)c2)cc1-c1cc(N2CCOCC2)n(C)c(=O)c1,2.8,8.55284196865778,1,528.5750000000003
Cc1ccc(NC(=O)c2cc(CN(C)C)cc(C(F)(F)F)c2)cc1-c1cc(N2CCOCC2)nc(N2CCOCC2)n1,1.9814,8.703027841343468,1,584.643
Cc1ccc(NC(=O)c2cc(CN(C)CCN(C)C)c(C(C)(C)C)o2)cc1-n1cc(-c2cncc(N3CCOCC3)c2)nn1,36.0,7.443697499232712,1,600.768
Cc1ccc(NC(=O)c2cc(CN)cc(C(F)(F)F)c2)cc1-c1cc(N2CCOCC2)c(=O)n(C)c1,4.5,8.346787486224656,1,500.52100000000036
Cc1ccc(NC(=O)c2cc(CN3CCCC3)c(C(C)(C)C)o2)cc1-n1cc(-c2cncc(N3CCOCC3)c2)nn1,11.0,7.958607314841775,1,569.71
Cc1ccc(NC(=O)c2cc(CN3CCN(C)CC3)c(C(C)(C)C)o2)cc1-n1cc(-c2cncc(N3CCOCC3)c2)nn1,16.0,7.795880017344075,1,598.7520000000001
Cc1ccc(NC(=O)c2cc(CNC(C)(C)C)c(C(C)(C)C)o2)cc1-n1cc(-c2cncc(N3CCOCC3)c2)nn1,11.0,7.958607314841775,1,571.7260000000001
Cc1ccc(NC(=O)c2cc(CNC(C)C)c(C(C)(C)C)o2)cc1-n1cc(-c2cncc(N3CCOCC3)c2)nn1,14.0,7.853871964321762,1,557.6990000000002
Cc1ccc(NC(=O)c2cc(CNC3CCN(C)CC3)c(C(C)(C)C)o2)cc1-n1cc(-c2cncc(N3CCOCC3)c2)nn1,14.0,7.853871964321762,1,612.7790000000001
Cc1ccc(NC(=O)c2cc(CNCCN(C)C)c(C(C)(C)C)o2)cc1-n1cc(-c2cncc(N3CCOCC3)c2)nn1,10.0,8.0,1,586.7410000000001
Cc1ccc(NC(=O)c2cc(F)cc(N3CCOCC3)c2)cc1-c1cc(N2CCOCC2)n(C)c(=O)c1,2.1,8.67778070526608,1,506.57800000000043
Cc1ccc(NC(=O)c2cc(N3CCN(C)CC3)cc(C(C)(C)C#N)c2)cc1Nc1ncnc2cnc(N3CCOCC3)nc12,3.0,8.522878745280337,1,606.7349999999999
Cc1ccc(NC(=O)c2cc(N3CCN(C)CC3)cc(C(F)(F)F)c2)cc1NC(=O)c1cnoc1C,3314.0,5.479647495916682,0,501.5090000000001
Cc1ccc(NC(=O)c2cc(N3CCN(C)CC3)cc(C(F)(F)F)c2)cc1Nc1ncnc2cnc(N(C)C)nc12,3.0,8.522878745280337,1,565.6039999999999
Cc1ccc(NC(=O)c2cc(N3CCN(C)CC3)cc(C(F)(F)F)c2)cc1Nc1ncnc2cnc(N(C)CCCN(C)C)nc12,4.0,8.397940008672037,1,636.7269999999996
Cc1ccc(NC(=O)c2cc(N3CCN(C)CC3)cc(C(F)(F)F)c2)cc1Nc1ncnc2cnc(N(C)CCN(C)C)nc12,9.0,8.045757490560675,1,622.6999999999997
Cc1ccc(NC(=O)c2cc(NC(=O)c3cccc(C(C)(C)C#N)c3)ccc2C)cn1,48.0,7.318758762624412,1,412.49300000000017
Cc1ccc(NC(=O)c2ccc(C(C)(C)C)o2)cc1-n1cc(-c2cncc(N3CCN(C(C)(C)C)CC3)c2)nn1,3.0,8.522878745280337,1,541.7000000000003
Cc1ccc(NC(=O)c2ccc(C(C)(C)C)o2)cc1-n1cc(-c2cncc(N3CCN(C)CC3)c2)nn1,2.0,8.698970004336019,1,499.6190000000003
Cc1ccc(NC(=O)c2ccc(C(C)(C)C)o2)cc1-n1cc(-c2cncc(N3CCN(CC(C)C)CC3)c2)nn1,5.0,8.301029995663981,1,541.7000000000003
Cc1ccc(NC(=O)c2ccc(C(C)(C)C)o2)cc1-n1cc(-c2cncc(N3CCN(CC4CC4)CC3)c2)nn1,2.0,8.698970004336019,1,539.6840000000003
Cc1ccc(NC(=O)c2ccc(C(C)(C)C)o2)cc1-n1cc(-c2cncc(N3CCNCC3)c2)nn1,1.0,9.0,1,485.59200000000027
Cc1ccc(NC(=O)c2ccc(C(C)(C)C)o2)cc1-n1cc(-c2cncc(N3CCOCC3)c2)nn1,9.0,8.045757490560675,1,486.5760000000003
Cc1ccc(NC(=O)c2ccc(C(C)(C)C)s2)cc1-n1cc(-c2cncc(N3CCN(C(=O)OC(C)(C)C)CC3)c2)nn1,141.0,6.85078088734462,1,601.777
Cc1ccc(NC(=O)c2ccc(C(C)(C)C)s2)cc1-n1cc(-c2cncc(N3CCN(C(C)(C)C)CC3)c2)nn1,10.0,8.0,1,557.7680000000003
Cc1ccc(NC(=O)c2ccc(C(C)(C)C)s2)cc1-n1cc(-c2cncc(N3CCN(C)CC3)c2)nn1,6.0,8.221848749616356,1,515.6870000000004
Cc1ccc(NC(=O)c2ccc(C(C)(C)C)s2)cc1-n1cc(-c2cncc(N3CCN(CC(C)C)CC3)c2)nn1,18.0,7.7447274948966935,1,557.7680000000003
Cc1ccc(NC(=O)c2ccc(C(C)(C)C)s2)cc1-n1cc(-c2cncc(N3CCN(CC4CC4)CC3)c2)nn1,8.0,8.096910013008056,1,555.7520000000003
Cc1ccc(NC(=O)c2ccc(C(C)(C)C)s2)cc1-n1cc(-c2cncc(N3CCNCC3)c2)nn1,4.0,8.397940008672037,1,501.6600000000003
Cc1ccc(NC(=O)c2ccc(C(C)(C)C)s2)cc1-n1cc(-c2cncc(N3CCOCC3)c2)nn1,10.0,8.0,1,502.64400000000035
Cc1ccc(NC(=O)c2ccc(C(O)CO)c(C(F)(F)F)c2)cc1-c1cc(N2CCOCC2)c(=O)n(C)c1,15.95,7.7972393126068,1,531.5310000000003
Cc1ccc(NC(=O)c2ccc(C)c(C(F)(F)F)c2)cc1C#Cc1nn([C@H]2CC[C@H](O)CC2)c2ncnc(N)c12,98.5,7.006563769502388,1,548.5690000000002
Cc1ccc(NC(=O)c2ccc(CBr)c(C(F)(F)F)c2)cc1-c1cc(N2CCOCC2)c2nccn2c1,2.4,8.619788758288394,1,573.4130000000002
Cc1ccc(NC(=O)c2ccc(CCl)c(C(F)(F)F)c2)cc1-c1cc(N2CCOCC2)c(=O)n(C)c1,8.25,8.083546051450075,1,519.9510000000004
Cc1ccc(NC(=O)c2ccc(CN3CCN(C)CC3)cc2)cc1Nc1nccc(-c2cccnc2)n1,100000.0,4.0,0,493.6150000000002
Cc1ccc(NC(=O)c2ccc(Cl)c(C(F)(F)F)c2)cc1C(=O)Nc1cccnc1,9.0,8.045757490560675,1,433.8170000000001
Cc1ccc(NC(=O)c2ccc(Cl)c(C(F)(F)F)c2)cc1NC(=O)C1(c2ncnc3[nH]ccc23)CC1,2.3,8.638272163982407,1,513.9070000000003
Cc1ccc(NC(=O)c2ccc(Cl)c(C(F)(F)F)c2)cc1Nc1ncccc1-c1ncnc2[nH]cnc12,2.71,8.567030709125595,1,523.9060000000002
Cc1ccc(NC(=O)c2ccc3c(c2)OCCO3)cc1NC(=O)c1ccc2nc(OCCN3CCCC3)ccc2c1,2900.0,5.5376020021010435,0,552.6310000000004
Cc1ccc(NC(=O)c2cccc(-c3nnco3)c2)cc1-c1cc(N2CCOCC2)c(=O)n(C)c1,6.2,8.207608310501746,1,471.5170000000004
Cc1ccc(NC(=O)c2cccc(-c3nnco3)c2)cc1-c1cc(N2CCOCC2)c(=O)n(C)n1,7.3,8.136677139879543,1,472.5050000000004
Cc1ccc(NC(=O)c2cccc(-c3nnco3)c2)cc1-c1cc(N2CCOCC2)n(C)c(=O)c1,4.1,8.387216143280265,1,471.5170000000004
Cc1ccc(NC(=O)c2cccc(-c3nnco3)c2)cc1-c1cc(N2CCOCC2)nc(N2CC(O)C2)c1,3.89,8.410050398674292,1,512.5700000000005
Cc1ccc(NC(=O)c2cccc(C#N)c2)cc1C(=O)Nc1cccnc1,237.0,6.6252516539898965,1,356.38500000000005
Cc1ccc(NC(=O)c2cccc(C#N)c2)cc1Nc1ncccc1-c1ncnc2[nH]cnc12,0.669,9.174573882232178,1,446.47400000000016
Cc1ccc(NC(=O)c2cccc(C(C)(C)C#N)c2)cc1-c1cc(C2CCOCC2)nc(N2CCOCC2)c1,1.6172,8.791236267338363,1,524.6650000000005
Cc1ccc(NC(=O)c2cccc(C(C)(C)C#N)c2)cc1-c1cc(N2CCOCC2)c(=O)n(C)c1,2.9056,8.536764173159009,1,470.5730000000004
Cc1ccc(NC(=O)c2cccc(C(C)(C)C#N)c2)cc1-c1cc(N2CCOCC2)c2nccn2n1,0.6,9.221848749616356,1,480.57200000000034
Cc1ccc(NC(=O)c2cccc(C(C)(C)C#N)c2)cc1-c1cc(N2CCOCC2)nc(N2CCOCC2)n1,1.5122,8.8203907662738,1,526.6410000000004
Cc1ccc(NC(=O)c2cccc(C(C)(C)C#N)c2)cc1C(=O)Nc1ccc(C#N)nc1,205.0,6.688246138944246,1,423.47600000000017
Cc1ccc(NC(=O)c2cccc(C(C)(C)C#N)c2)cc1C(=O)Nc1ccc(C(C#N)N(C)C)nc1,48.0,7.318758762624412,1,480.57200000000023
Cc1ccc(NC(=O)c2cccc(C(C)(C)C#N)c2)cc1C(=O)Nc1ccc(N)nc1,14.0,7.853871964321762,1,413.48100000000017
Cc1ccc(NC(=O)c2cccc(C(C)(C)C#N)c2)cc1C(=O)Nc1ccc(N2CCOCC2)nc1,79.0,7.102372908709558,1,483.57200000000034
Cc1ccc(NC(=O)c2cccc(C(C)(C)C#N)c2)cc1C(=O)Nc1cccnc1,7.0,8.154901959985743,1,398.4660000000001
Cc1ccc(NC(=O)c2cccc(C(C)(C)C#N)c2)cc1C(=O)Nc1cnc(C)c(Cl)c1,28.0,7.552841968657781,1,446.9380000000002
Cc1ccc(NC(=O)c2cccc(C(C)(C)C#N)c2)cc1C(=O)Nc1cnc(N)c(Cl)c1,16.0,7.795880017344075,1,447.92600000000016
Cc1ccc(NC(=O)c2cccc(C(C)(C)C#N)c2)cc1C(=O)Nc1cncc(Cl)c1,35.0,7.455931955649724,1,432.9110000000002
Cc1ccc(NC(=O)c2cccc(C(C)(C)C#N)c2)cc1Nc1ccc2ncn(C)c(=O)c2c1,284.41818181818184,6.5460426441908215,1,451.5300000000002
Cc1ccc(NC(=O)c2cccc(C(C)(C)C#N)c2)cc1Nc1ncnc2ccc(N3CCN(C)CC3)nc12,8.0,8.096910013008056,1,520.6410000000003
Cc1ccc(NC(=O)c2cccc(C(C)(C)C#N)c2)cc1Nc1ncnc2ccc(N3CCOCC3)nc12,4.0,8.397940008672037,1,507.59800000000035
Cc1ccc(NC(=O)c2cccc(C(C)(C)C#N)c2)cc1Nc1ncnc2ccc(N3CC[C@H](F)C3)nc12,11.0,7.958607314841775,1,509.5890000000003
Cc1ccc(NC(=O)c2cccc(C(C)(C)C#N)c2)cc1Nc1ncnc2ccc(N[C@H]3CCOC3)nc12,5.0,8.301029995663981,1,507.5980000000003
Cc1ccc(NC(=O)c2cccc(C(C)(C)C#N)c2)cc1Nc1ncnc2cnc(N(C)C)nc12,1.0,9.0,1,466.5490000000002
Cc1ccc(NC(=O)c2cccc(C(C)(C)C#N)c2)cc1Nc1ncnc2cnc(N(C)C3CCN(C)CC3)nc12,1.0,9.0,1,549.6830000000002
Cc1ccc(NC(=O)c2cccc(C(C)(C)C#N)c2)cc1Nc1ncnc2cnc(N(C)C3CCOC3)nc12,1.0,9.0,1,522.6130000000003
Cc1ccc(NC(=O)c2cccc(C(C)(C)C#N)c2)cc1Nc1ncnc2cnc(N(C)C3CCOCC3)nc12,5.0,8.301029995663981,1,536.6400000000003
Cc1ccc(NC(=O)c2cccc(C(C)(C)C#N)c2)cc1Nc1ncnc2cnc(N(C)CC3CCOCC3)nc12,4.0,8.397940008672037,1,550.6670000000003
Cc1ccc(NC(=O)c2cccc(C(C)(C)C#N)c2)cc1Nc1ncnc2cnc(N(C)CCCN(C)C)nc12,2.0,8.698970004336019,1,537.6720000000003
Cc1ccc(NC(=O)c2cccc(C(C)(C)C#N)c2)cc1Nc1ncnc2cnc(N3CCC(F)(F)C3)nc12,2.0,8.698970004336019,1,528.5670000000002
Cc1ccc(NC(=O)c2cccc(C(C)(C)C#N)c2)cc1Nc1ncnc2cnc(N3CCN(C)CC3)nc12,1.0,9.0,1,521.6290000000004
Cc1ccc(NC(=O)c2cccc(C(C)(C)C#N)c2)cc1Nc1ncnc2cnc(N3CCN(C4CC4)CC3)nc12,2.0,8.698970004336019,1,547.6670000000003
Cc1ccc(NC(=O)c2cccc(C(C)(C)C#N)c2)cc1Nc1ncnc2cnc(N3CCOCC3)nc12,1.0,9.0,1,508.58600000000035
Cc1ccc(NC(=O)c2cccc(C(C)(C)C#N)c2)cc1Nc1ncnc2cnc(N3CC[C@@H](F)C3)nc12,2.0,8.698970004336019,1,510.5770000000003
Cc1ccc(NC(=O)c2cccc(C(C)(C)C#N)c2)cc1Nc1ncnc2cnc(N3CC[C@H](F)C3)nc12,2.0,8.698970004336019,1,510.5770000000003
Cc1ccc(NC(=O)c2cccc(C(C)(C)C#N)c2)cc1Nc1ncnc2cnc(NC3CCN(C)CC3)nc12,1.0,9.0,1,535.6560000000003
Cc1ccc(NC(=O)c2cccc(C(C)(C)C#N)c2)cc1Nc1ncnc2cnc(NC3CCOC3)nc12,1.0,9.0,1,508.5860000000003
Cc1ccc(NC(=O)c2cccc(C(C)(C)C#N)c2)cc1Nc1ncnc2cnc(NC3CCOCC3)nc12,2.0,8.698970004336019,1,522.6130000000003
Cc1ccc(NC(=O)c2cccc(C(C)(C)S(C)(=O)=O)c2)cc1-c1cc(N2CCOCC2)c(=O)n(C)c1,19.75,7.704432900037521,1,523.6550000000004
Cc1ccc(NC(=O)c2cccc(C(C)(C)S(C)(=O)=O)c2)cc1-c1cc(N2CCOCC2)c(=O)n(C)n1,24.95,7.602929450040591,1,524.6430000000004
Cc1ccc(NC(=O)c2cccc(C(C)(C)S(C)(=O)=O)c2)cc1-c1cc(N2CCOCC2)n(C)c(=O)c1,16.9,7.772113295386326,1,523.6550000000004
Cc1ccc(NC(=O)c2cccc(C(C)(C)S(C)(=O)=O)c2)cc1-c1cc(N2CCOCC2)nc(N2CC(O)C2)c1,18.9,7.723538195826756,1,564.7080000000004
Cc1ccc(NC(=O)c2cccc(C(C)(F)F)c2)cc1-c1cc(N2CCOCC2)c(=O)n(C)c1,0.7043999999999999,9.15218065270476,1,467.51600000000036
Cc1ccc(NC(=O)c2cccc(C(C)C)c2)cc1C(=O)Nc1cccnc1,15.0,7.823908740944319,1,373.4560000000001
Cc1ccc(NC(=O)c2cccc(C(F)(F)F)c2)cc1-c1c[nH]c(=O)c(N2CCOCC2)c1,1.9116,8.718602978151244,1,457.4520000000003
Cc1ccc(NC(=O)c2cccc(C(F)(F)F)c2)cc1-c1c[nH]c(=O)c(N2CCOCC2)n1,1.2067999999999999,8.918364698497049,1,458.4400000000003
Cc1ccc(NC(=O)c2cccc(C(F)(F)F)c2)cc1-c1cc(-c2cnn(C)c2)nc(N2CCOCC2)c1,1.1234,8.949465580459876,1,521.5430000000003
Cc1ccc(NC(=O)c2cccc(C(F)(F)F)c2)cc1-c1cc(=O)cc(N2CCOCC2)[nH]1,6.733,8.171791385532055,1,457.4520000000003
Cc1ccc(NC(=O)c2cccc(C(F)(F)F)c2)cc1-c1cc(C(C)C)nc(N2CCOCC2)n1,5.6876,8.245070954455025,1,484.52200000000033
Cc1ccc(NC(=O)c2cccc(C(F)(F)F)c2)cc1-c1cc(C(F)(F)F)nc(N2CCOCC2)n1,2.2826,8.641570187069956,1,510.4380000000003
Cc1ccc(NC(=O)c2cccc(C(F)(F)F)c2)cc1-c1cc(C2CCOCC2)nc(N2CCOCC2)c1,1.6936,8.771189154988644,1,525.5710000000005
Cc1ccc(NC(=O)c2cccc(C(F)(F)F)c2)cc1-c1cc(N(C)C)nc(N2CCOCC2)c1,3.2124,8.493170382765442,1,484.52200000000033
Cc1ccc(NC(=O)c2cccc(C(F)(F)F)c2)cc1-c1cc(N)nc(N2CCOCC2)c1,0.8008000000000001,9.096475935528737,1,456.4680000000003
Cc1ccc(NC(=O)c2cccc(C(F)(F)F)c2)cc1-c1cc(N2C3CCC2COC3)nc(N2CCOCC2)n1,1.4992857142857143,8.824115597095837,1,553.5850000000003
Cc1ccc(NC(=O)c2cccc(C(F)(F)F)c2)cc1-c1cc(N2CC3(COC3)C2)nc(N2CCOCC2)n1,2.4708,8.607162407334343,1,539.5580000000003
Cc1ccc(NC(=O)c2cccc(C(F)(F)F)c2)cc1-c1cc(N2CC3CC(C2)O3)c(=O)n(C)c1,16.09,7.793443955900971,1,483.4900000000003
Cc1ccc(NC(=O)c2cccc(C(F)(F)F)c2)cc1-c1cc(N2CC3CC2CO3)nc(N2CCOCC2)n1,3.1764,8.498064812651027,1,539.5580000000003
Cc1ccc(NC(=O)c2cccc(C(F)(F)F)c2)cc1-c1cc(N2CC3CCC(C2)O3)nc(N2CCOCC2)n1,0.8896000000000001,9.050805225762018,1,553.5850000000003
Cc1ccc(NC(=O)c2cccc(C(F)(F)F)c2)cc1-c1cc(N2CCCOCC2)nc(N2CCOCC2)n1,1.1182,8.951480512077346,1,541.5740000000003
Cc1ccc(NC(=O)c2cccc(C(F)(F)F)c2)cc1-c1cc(N2CCOC(C)(C)C2)nc(N2CCOCC2)n1,2.1116,8.67538834667108,1,555.6010000000002
Cc1ccc(NC(=O)c2cccc(C(F)(F)F)c2)cc1-c1cc(N2CCOCC2)c(=O)n(C(C)C)c1,3.9753999999999996,8.400619166616861,1,499.53300000000036
Cc1ccc(NC(=O)c2cccc(C(F)(F)F)c2)cc1-c1cc(N2CCOCC2)c(=O)n(C)c1,2.1390000000000002,8.669789215428471,1,471.4790000000003
Cc1ccc(NC(=O)c2cccc(C(F)(F)F)c2)cc1-c1cc(N2CCOCC2)c(=O)n(C)n1,1.625,8.789146634685107,1,472.4670000000003
Cc1ccc(NC(=O)c2cccc(C(F)(F)F)c2)cc1-c1cc(N2CCOCC2)c(=O)n(CC#N)c1,0.8544,9.068338760315518,1,496.4890000000004
Cc1ccc(NC(=O)c2cccc(C(F)(F)F)c2)cc1-c1cc(N2CCOCC2)c(=O)n(CC2(C)COC2)c1,12.75,7.894489815230026,1,541.5700000000004
Cc1ccc(NC(=O)c2cccc(C(F)(F)F)c2)cc1-c1cc(N2CCOCC2)c(=O)n(CCO)c1,2.218,8.654038458186859,1,501.5050000000004
Cc1ccc(NC(=O)c2cccc(C(F)(F)F)c2)cc1-c1cc(N2CCOCC2)c(=O)n(CCS(C)(=O)=O)c1,3.9585999999999997,8.40245837967472,1,563.5980000000004
Cc1ccc(NC(=O)c2cccc(C(F)(F)F)c2)cc1-c1cc(N2CCOCC2)c(=O)n([C@@H](C)C#N)c1,2.1882,8.659912986302574,1,510.51600000000036
Cc1ccc(NC(=O)c2cccc(C(F)(F)F)c2)cc1-c1cc(N2CCOCC2)c(=O)n([C@H](C)C#N)c1,1.8938,8.722665887784016,1,510.51600000000036
Cc1ccc(NC(=O)c2cccc(C(F)(F)F)c2)cc1-c1cc(N2CCOCC2)c(OCCO)nn1,0.9,9.045757490560675,1,502.4930000000004
Cc1ccc(NC(=O)c2cccc(C(F)(F)F)c2)cc1-c1cc(N2CCOCC2)c(S(C)(=O)=O)nn1,1.2,8.920818753952375,1,520.5330000000004
Cc1ccc(NC(=O)c2cccc(C(F)(F)F)c2)cc1-c1cc(N2CCOCC2)c2nccn2n1,1.5126666666666668,8.820256763170745,1,481.4780000000003
Cc1ccc(NC(=O)c2cccc(C(F)(F)F)c2)cc1-c1cc(N2CCOCC2)c2oc(=O)[nH]c2c1,3.1995,8.49491788549489,1,497.47300000000035
Cc1ccc(NC(=O)c2cccc(C(F)(F)F)c2)cc1-c1cc(N2CCOCC2)c[nH]c1=O,22.186,7.653920991347058,1,457.4520000000003
Cc1ccc(NC(=O)c2cccc(C(F)(F)F)c2)cc1-c1cc(N2CCOCC2)cc(N)n1,0.6,9.221848749616356,1,456.4680000000003
Cc1ccc(NC(=O)c2cccc(C(F)(F)F)c2)cc1-c1cc(N2CCOCC2)cc2[nH]c(=O)oc12,5.024,8.29895036927086,1,497.47300000000035
Cc1ccc(NC(=O)c2cccc(C(F)(F)F)c2)cc1-c1cc(N2CCOCC2)ccn1,0.5,9.301029995663981,1,441.45300000000026
Cc1ccc(NC(=O)c2cccc(C(F)(F)F)c2)cc1-c1cc(N2CCOCC2)cn(C)c1=O,23.112000000000002,7.63616247116386,1,471.4790000000003
Cc1ccc(NC(=O)c2cccc(C(F)(F)F)c2)cc1-c1cc(N2CCOCC2)cnn1,2.713,8.566550206238404,1,442.44100000000026
Cc1ccc(NC(=O)c2cccc(C(F)(F)F)c2)cc1-c1cc(N2CCOCC2)n(C)c(=O)c1,1.8210000000000002,8.739690054205079,1,471.4790000000003
Cc1ccc(NC(=O)c2cccc(C(F)(F)F)c2)cc1-c1cc(N2CCOCC2)nc(-n2cc(C(C)(C)O)nn2)n1,0.7832000000000001,9.106127321204918,1,567.5720000000002
Cc1ccc(NC(=O)c2cccc(C(F)(F)F)c2)cc1-c1cc(N2CCOCC2)nc(-n2ccnc2)n1,0.47400000000000003,9.324221658325914,1,508.5040000000003
Cc1ccc(NC(=O)c2cccc(C(F)(F)F)c2)cc1-c1cc(N2CCOCC2)nc(N)n1,1.4196666666666669,8.847813614645913,1,457.4560000000003
Cc1ccc(NC(=O)c2cccc(C(F)(F)F)c2)cc1-c1cc(N2CCOCC2)nc(N2C(=O)OC[C@@H]2C)n1,6.3,8.200659450546418,1,541.5300000000003
Cc1ccc(NC(=O)c2cccc(C(F)(F)F)c2)cc1-c1cc(N2CCOCC2)nc(N2CC(O)C2)n1,1.2666666666666666,8.897337658102852,1,513.5200000000003
Cc1ccc(NC(=O)c2cccc(C(F)(F)F)c2)cc1-c1cc(N2CCOCC2)nc(N2CC3(COC3)C2)n1,1.3052,8.884322934884162,1,539.5580000000003
Cc1ccc(NC(=O)c2cccc(C(F)(F)F)c2)cc1-c1cc(N2CCOCC2)nc(N2CCC(O)C2)n1,1.6949999999999998,8.770830297460899,1,527.5470000000004
Cc1ccc(NC(=O)c2cccc(C(F)(F)F)c2)cc1-c1cc(N2CCOCC2)nc(N2CCCC2=O)n1,1.2874,8.89028649520705,1,525.5310000000004
Cc1ccc(NC(=O)c2cccc(C(F)(F)F)c2)cc1-c1cc(N2CCOCC2)nc(N2CCOCC2)c1,1.1244,8.949079163064598,1,526.5590000000004
Cc1ccc(NC(=O)c2cccc(C(F)(F)F)c2)cc1-c1cc(N2CCOCC2)nc(N2CCOCC2)n1,0.318,9.497572880015568,1,527.5470000000004
Cc1ccc(NC(=O)c2cccc(C(F)(F)F)c2)cc1-c1cc(N2CCOCC2)nc(N2CCS(=O)(=O)CC2)n1,1.041,8.982549270489464,1,575.6130000000002
Cc1ccc(NC(=O)c2cccc(C(F)(F)F)c2)cc1-c1cc(N2CCOCC2)nc(N2CC[C@@H](O)C2=O)c1,0.53,9.275724130399212,1,540.5420000000004
Cc1ccc(NC(=O)c2cccc(C(F)(F)F)c2)cc1-c1cc(N2CCOCC2)nc(N2C[C@H](O)CC2=O)c1,0.65,9.187086643357144,1,540.5420000000004
Cc1ccc(NC(=O)c2cccc(C(F)(F)F)c2)cc1-c1cc(N2CCOCC2)nc(NC(CO)CO)n1,0.8103999999999999,9.091300567647776,1,531.5350000000003
Cc1ccc(NC(=O)c2cccc(C(F)(F)F)c2)cc1-c1cc(N2CCOCC2)nc(NCCO)n1,0.7228,9.140981856111106,1,501.50900000000036
Cc1ccc(NC(=O)c2cccc(C(F)(F)F)c2)cc1-c1cc(N2CCOCC2)nc(NS(C)(=O)=O)n1,3.4707999999999997,8.45957041122023,1,535.5480000000002
Cc1ccc(NC(=O)c2cccc(C(F)(F)F)c2)cc1-c1cc(N2CCOCC2)nc(OCCO)n1,1.0217142857142858,8.990670534226396,1,502.4930000000004
Cc1ccc(NC(=O)c2cccc(C(F)(F)F)c2)cc1-c1cc(N2CCOCC2)nc(S(C)(=O)=O)n1,1.104090909090909,8.956995166017077,1,520.5330000000004
Cc1ccc(NC(=O)c2cccc(C(F)(F)F)c2)cc1-c1cc(N2CCOCC2)ncn1,0.336,9.473660722610155,1,442.44100000000026
Cc1ccc(NC(=O)c2cccc(C(F)(F)F)c2)cc1-c1cc(N2CCOCC2=O)c(=O)n(C)c1,83.85,7.0764969330578955,1,485.46200000000033
Cc1ccc(NC(=O)c2cccc(C(F)(F)F)c2)cc1-c1cc(N2CCOCC2=O)nc(N2CCOCC2)n1,0.5033333333333333,9.298144307426494,1,541.5300000000003
Cc1ccc(NC(=O)c2cccc(C(F)(F)F)c2)cc1-c1cc(N2CCOC[C@H]2CO)nc(N2CCOCC2)n1,1.418,8.848323769152952,1,557.5730000000002
Cc1ccc(NC(=O)c2cccc(C(F)(F)F)c2)cc1-c1cc(N2CCO[C@@H](C)C2)nc(N2CCOCC2)n1,3.124,8.505288974794738,1,541.5740000000003
Cc1ccc(NC(=O)c2cccc(C(F)(F)F)c2)cc1-c1cc(N2CCO[C@H](C)C2)nc(N2CCOCC2)n1,2.4998,8.602094736276332,1,541.5740000000003
Cc1ccc(NC(=O)c2cccc(C(F)(F)F)c2)cc1-c1cc(N2CCS(=O)(=O)CC2)nc(N2CCOCC2)n1,1.3,8.886056647693163,1,575.6130000000002
Cc1ccc(NC(=O)c2cccc(C(F)(F)F)c2)cc1-c1cc(NC(=O)C(C)O)nc(N2CCOCC2)c1,0.58,9.236572006437063,1,528.5310000000003
Cc1ccc(NC(=O)c2cccc(C(F)(F)F)c2)cc1-c1cc(NCC(C)(C)O)nc(N2CCOCC2)c1,0.98,9.008773924307505,1,528.5750000000003
Cc1ccc(NC(=O)c2cccc(C(F)(F)F)c2)cc1-c1cc(NCC(O)C(F)(F)F)nc(N2CCOCC2)c1,1.48,8.829738284605043,1,568.518
Cc1ccc(NC(=O)c2cccc(C(F)(F)F)c2)cc1-c1cc(NCCO)nc(N2CCOCC2)c1,12.88,7.890084136976206,1,500.52100000000036
Cc1ccc(NC(=O)c2cccc(C(F)(F)F)c2)cc1-c1cc(OC2CCOCC2)nc(N2CCOCC2)n1,1.0002,8.999913149788352,1,542.5580000000002
Cc1ccc(NC(=O)c2cccc(C(F)(F)F)c2)cc1-c1cc(OCc2ccccc2)cc(N2CCOCC2)n1,6.715,8.172953982995265,1,547.5770000000001
Cc1ccc(NC(=O)c2cccc(C(F)(F)F)c2)cc1-c1cc2[nH]cnc2c(N2CCOCC2)n1,1.067,8.97183558057553,1,481.4780000000003
Cc1ccc(NC(=O)c2cccc(C(F)(F)F)c2)cc1-c1cc2[nH]cnc2c(N2CCOC[C@H]2C)n1,6.287,8.201556539649813,1,495.5050000000003
Cc1ccc(NC(=O)c2cccc(C(F)(F)F)c2)cc1-c1cc2nccn2c(N2CCOCC2)n1,0.9803333333333333,9.008626230212593,1,481.4780000000003
Cc1ccc(NC(=O)c2cccc(C(F)(F)F)c2)cc1-c1cccc(C2(C)COC2)c1,870.0,6.060480747381382,1,425.4500000000002
Cc1ccc(NC(=O)c2cccc(C(F)(F)F)c2)cc1-c1ccnc(N2CCOCC2)c1,1.088,8.963371104637838,1,441.45300000000026
Cc1ccc(NC(=O)c2cccc(C(F)(F)F)c2)cc1-c1ccnc(N2CCOCC2=O)c1,4.99,8.30189945437661,1,455.43600000000026
Cc1ccc(NC(=O)c2cccc(C(F)(F)F)c2)cc1-c1ccnc(N2CCO[C@H](CO)C2)c1,1.494,8.82564940252062,1,471.47900000000027
Cc1ccc(NC(=O)c2cccc(C(F)(F)F)c2)cc1-c1cn(C)c(=O)c(N2CCOCC2)n1,0.4,9.397940008672037,1,472.4670000000003
Cc1ccc(NC(=O)c2cccc(C(F)(F)F)c2)cc1-c1cn(CC(F)F)c(=O)c(N2CCOCC2)n1,1.2876,8.890219031986424,1,522.4740000000003
Cc1ccc(NC(=O)c2cccc(C(F)(F)F)c2)cc1-c1cn2ccnc2c(N2CCOCC2)n1,0.39633333333333337,9.401939400100972,1,481.4780000000003
Cc1ccc(NC(=O)c2cccc(C(F)(F)F)c2)cc1-c1cn2ccnc2c(N2CCOC[C@H]2C)n1,1.2953333333333334,8.887618458455899,1,495.5050000000003
Cc1ccc(NC(=O)c2cccc(C(F)(F)F)c2)cc1-c1cnc(N2CCOCC2)s1,0.8,9.096910013008056,1,447.48200000000026
Cc1ccc(NC(=O)c2cccc(C(F)(F)F)c2)cc1-c1cnc(OC(C)C)c(N2CCOCC2)c1,4.1826,8.37855366687985,1,499.53300000000036
Cc1ccc(NC(=O)c2cccc(C(F)(F)F)c2)cc1-c1cnc(OC2CCOCC2)c(C2(O)COC2)c1,808.0,6.092588639225414,1,528.5270000000004
Cc1ccc(NC(=O)c2cccc(C(F)(F)F)c2)cc1-c1cnc(OC2CCOCC2)c(N2CCOCC2)c1,2.7056,8.567736409746333,1,541.5700000000003
Cc1ccc(NC(=O)c2cccc(C(F)(F)F)c2)cc1-c1cnc(O[C@@H](C)C#N)c(N2CCOCC2)c1,3.2989999999999995,8.481617684454656,1,510.51600000000036
Cc1ccc(NC(=O)c2cccc(C(F)(F)F)c2)cc1-c1cnc(O[C@H](C)C#N)c(N2CCOCC2)c1,1.0126,8.994562076949178,1,510.51600000000036
Cc1ccc(NC(=O)c2cccc(C(F)(F)F)c2)cc1-c1cncc(N2CCOCC2)n1,0.8805999999999999,9.055221318876493,1,442.44100000000026
Cc1ccc(NC(=O)c2cccc(C(F)(F)F)c2)cc1-c1csc(N2CCOCC2)n1,3.6,8.443697499232712,1,447.48200000000026
Cc1ccc(NC(=O)c2cccc(C(F)(F)F)c2)cc1-c1nc(C(C)C)cc(N2CCOCC2)n1,2.8869999999999996,8.53955321611928,1,484.52200000000033
Cc1ccc(NC(=O)c2cccc(C(F)(F)F)c2)cc1-c1nc(N2CCOCC2)c2[nH]ccc2n1,0.6,9.221848749616356,1,481.4780000000003
Cc1ccc(NC(=O)c2cccc(C(F)(F)F)c2)cc1-c1nc(N2CCOCC2)c2c(cnn2C)n1,0.2,9.698970004336019,1,496.49300000000034
Cc1ccc(NC(=O)c2cccc(C(F)(F)F)c2)cc1-c1nc(N2CCOCC2)c2cccnc2n1,1.7,8.769551078621726,1,493.4890000000003
Cc1ccc(NC(=O)c2cccc(C(F)(F)F)c2)cc1-c1nc(N2CCOCC2)c2cnn(C)c2n1,0.6,9.221848749616356,1,496.49300000000034
Cc1ccc(NC(=O)c2cccc(C(F)(F)F)c2)cc1-c1nc(N2CCOCC2)c2ncsc2n1,0.9,9.045757490560675,1,499.5180000000003
Cc1ccc(NC(=O)c2cccc(C(F)(F)F)c2)cc1-c1nc(N2CCOCC2)c2occc2n1,0.9,9.045757490560675,1,482.46200000000033
Cc1ccc(NC(=O)c2cccc(C(F)(F)F)c2)cc1-c1nc(N2CCOCC2)c2sccc2n1,0.18400000000000002,9.735182176990463,1,498.5300000000003
Cc1ccc(NC(=O)c2cccc(C(F)(F)F)c2)cc1-c1nc(N2CCOCC2)cc(N2CCOCC2)n1,2.1816000000000004,8.661224875066427,1,527.5470000000004
Cc1ccc(NC(=O)c2cccc(C(F)(F)F)c2)cc1-c1nc(N2CCOCC2)nc(N2CCOCC2)c1C,0.9955999999999999,9.001915112063445,1,541.5740000000003
Cc1ccc(NC(=O)c2cccc(C(F)(F)F)c2)cc1-c1nc2c(c(N3CCOCC3)n1)CCN(C(=O)OC(C)(C)C)C2,0.6,9.221848749616356,1,597.6380000000003
Cc1ccc(NC(=O)c2cccc(C(F)(F)F)c2)cc1-c1nc2c(c(N3CCOCC3)n1)CNC2,3.1,8.508638306165727,1,483.49400000000037
Cc1ccc(NC(=O)c2cccc(C(F)(F)F)c2)cc1-c1nc2c(c(N3CCOCC3)n1)CNCC2,2.1,8.67778070526608,1,497.5210000000004
Cc1ccc(NC(=O)c2cccc(C(F)(F)F)c2)cc1-c1nc2c(c(N3CCOCC3)n1)S(=O)(=O)CC2,0.4,9.397940008672037,1,532.5440000000002
Cc1ccc(NC(=O)c2cccc(C(F)(F)F)c2)cc1-n1cc(-c2cncc(N3CCOCC3)c2)cn1,5.895,8.229516190568892,1,507.5160000000003
Cc1ccc(NC(=O)c2cccc(C(F)(F)F)c2)cc1C#Cc1nn(C2CCN(C)CC2)c2ncnc(N)c12,16.333333333333332,7.786925174691149,1,533.5580000000002
Cc1ccc(NC(=O)c2cccc(C(F)(F)F)c2)cc1C(=O)Nc1cccnc1,7.0,8.154901959985743,1,399.37200000000007
Cc1ccc(NC(=O)c2cccc(C(F)(F)F)c2)cc1C(=O)Nc1cnc(N)c(Cl)c1,12.0,7.920818753952375,1,448.8320000000001
Cc1ccc(NC(=O)c2cccc(C(F)(F)F)c2)cc1NC(=O)c1ccc2ncccc2c1,2.0,8.698970004336019,1,449.43200000000013
Cc1ccc(NC(=O)c2cccc(C(F)(F)F)c2)cc1NC(=O)c1ccc2nccnc2c1,1.0,9.0,1,450.42000000000013
Cc1ccc(NC(=O)c2cccc(C(F)(F)F)c2)cc1NC(=O)c1cccc2c(N)nccc12,74.0,7.130768280269024,1,464.4470000000002
Cc1ccc(NC(=O)c2cccc(C(F)(F)F)c2)cc1NC(=O)c1ccccn1,580.0,6.236572006437063,1,399.37200000000007
Cc1ccc(NC(=O)c2cccc(C(F)(F)F)c2)cc1NC(=O)c1cccnc1,49.0,7.309803919971486,1,399.37200000000007
Cc1ccc(NC(=O)c2cccc(C(F)(F)F)c2)cc1NC(=O)c1ccncc1,21100.0,4.675717544702307,0,399.37200000000007
Cc1ccc(NC(=O)c2cccc(C(F)(F)F)c2)cc1NC(=O)c1cnc2ccccc2c1,5.0,8.301029995663981,1,449.43200000000013
Cc1ccc(NC(=O)c2cccc(C(F)(F)F)c2)cc1NC(=O)c1cnc2ccccc2n1,10500.0,4.978810700930062,0,450.42000000000013
Cc1ccc(NC(=O)c2cccc(C(F)(F)F)c2)cc1NC(=O)c1cnccn1,1200.0,5.920818753952375,0,400.36000000000007
Cc1ccc(NC(=O)c2cccc(C(F)(F)F)c2)cc1NC(=O)c1cncnc1,625.0,6.204119982655925,1,400.36000000000007
Cc1ccc(NC(=O)c2cccc(C(F)(F)F)c2)cc1Nc1ncccc1-c1ncnc2[nH]cnc12,2.51,8.600326278518962,1,489.4610000000001
Cc1ccc(NC(=O)c2cccc(C(F)(F)F)c2)cc1Nc1ncnc2c(N)nc(N(C)C)nc12,15.0,7.823908740944319,1,482.4700000000002
Cc1ccc(NC(=O)c2cccc(C(F)(F)F)c2)cc1Nc1ncnc2c(N)nc(N3CC(C)NC(C)C3)nc12,40.0,7.3979400086720375,1,551.5770000000001
Cc1ccc(NC(=O)c2cccc(C(F)(F)F)c2)cc1Nc1ncnc2c(N)nc(N3CC4CC3CN4C)nc12,9.0,8.045757490560675,1,549.5610000000001
Cc1ccc(NC(=O)c2cccc(C(F)(F)F)c2)cc1Nc1ncnc2c(N)nc(N3CCCN(C)CC3)nc12,41.0,7.3872161432802645,1,551.5770000000002
Cc1ccc(NC(=O)c2cccc(C(F)(F)F)c2)cc1Nc1ncnc2c(N)nc(N3CCCN(C4CC4)CC3)nc12,25.0,7.6020599913279625,1,577.615
Cc1ccc(NC(=O)c2cccc(C(F)(F)F)c2)cc1Nc1ncnc2c(N)nc(N3CCCN(c4ccncc4)CC3)nc12,7.0,8.154901959985743,1,614.6360000000001
Cc1ccc(NC(=O)c2cccc(C(F)(F)F)c2)cc1Nc1ncnc2c(N)nc(N3CCCN(c4ncccn4)CC3)nc12,45.0,7.346787486224656,1,615.624
Cc1ccc(NC(=O)c2cccc(C(F)(F)F)c2)cc1Nc1ncnc2c(N)nc(N3CCCNCC3)nc12,20.0,7.698970004336019,1,537.5500000000003
Cc1ccc(NC(=O)c2cccc(C(F)(F)F)c2)cc1Nc1ncnc2c(N)nc(N3CCN(C(C)C)CC3)nc12,13.0,7.886056647693163,1,565.604
Cc1ccc(NC(=O)c2cccc(C(F)(F)F)c2)cc1Nc1ncnc2c(N)nc(N3CCN(C)CC3)nc12,26.0,7.585026652029182,1,537.5500000000003
Cc1ccc(NC(=O)c2cccc(C(F)(F)F)c2)cc1Nc1ncnc2c(N)nc(N3CCN(C4CCCC4)CC3)nc12,24.0,7.619788758288394,1,591.6419999999999
Cc1ccc(NC(=O)c2cccc(C(F)(F)F)c2)cc1Nc1ncnc2c(N)nc(N3CCN(C4CCN(C)CC4)CC3)nc12,2.0,8.698970004336019,1,620.6839999999999
Cc1ccc(NC(=O)c2cccc(C(F)(F)F)c2)cc1Nc1ncnc2c(N)nc(N3CCN(CC4CCN(C)CC4)CC3)nc12,4.0,8.397940008672037,1,634.7109999999998
Cc1ccc(NC(=O)c2cccc(C(F)(F)F)c2)cc1Nc1ncnc2c(N)nc(N3CCNCC3)nc12,9.0,8.045757490560675,1,523.5230000000003
Cc1ccc(NC(=O)c2cccc(C(F)(F)F)c2)cc1Nc1ncnc2c(N)nc(N3C[C@H](C)NC[C@H]3C)nc12,7.0,8.154901959985743,1,551.5770000000001
Cc1ccc(NC(=O)c2cccc(C(F)(F)F)c2)cc1Nc1ncnc2c(N)nc(NCc3ccccn3)nc12,96.0,7.017728766960431,1,545.5290000000001
Cc1ccc(NC(=O)c2cccc(C(F)(F)F)c2)cc1Nc1ncnc2c(N)nc(NCc3cccnc3)nc12,50.0,7.301029995663981,1,545.5290000000001
Cc1ccc(NC(=O)c2cccc(C(F)(F)F)c2)cc1Nc1ncnc2c(N)nc(NCc3ccncc3)nc12,81.0,7.0915149811213505,1,545.5290000000001
Cc1ccc(NC(=O)c2cccc(C(F)(F)F)c2)cc1Nc1ncnc2c(N)nc(NN3CCN(C)CC3)nc12,50.0,7.301029995663981,1,552.565
Cc1ccc(NC(=O)c2cccc(C(F)(F)F)c2)cc1Nc1ncnc2cnc(N3CCN(C)CC3)nc12,12.0,7.920818753952375,1,522.5350000000003
Cc1ccc(NC(=O)c2cccc(C(F)F)c2)cc1-c1cc(N2CCOCC2)c(=O)n(C)c1,1.2708,8.89592279384489,1,453.4890000000004
Cc1ccc(NC(=O)c2cccc(C(F)F)c2)cc1-c1cc(N2CCOCC2)c(=O)n(C)n1,2.2084,8.655922261531899,1,454.4770000000004
Cc1ccc(NC(=O)c2cccc(C(F)F)c2)cc1-c1cc(N2CCOCC2)c(=O)n(CCC#N)c1,5.5,8.259637310505756,1,492.52600000000047
Cc1ccc(NC(=O)c2cccc(C(F)F)c2)cc1-c1cc(N2CCOCC2)c2nccn2c1,0.4,9.397940008672037,1,462.50000000000034
Cc1ccc(NC(=O)c2cccc(C(F)F)c2)cc1-c1cc(N2CCOCC2)c2nccn2n1,0.2,9.698970004336019,1,463.48800000000034
Cc1ccc(NC(=O)c2cccc(C(F)F)c2)cc1-c1cc(N2CCOCC2)n(C)c(=O)c1,0.4,9.397940008672037,1,453.4890000000004
Cc1ccc(NC(=O)c2cccc(C(F)F)c2)cc1-c1cc(N2CCOCC2)nc(N2CC(O)C2)c1,0.85,9.070581074285707,1,494.5420000000004
Cc1ccc(NC(=O)c2cccc(C(F)F)c2)cc1-c1cc(N2CCOCC2)nc(N2CCOCC2)c1,0.82,9.086186147616283,1,508.5690000000005
Cc1ccc(NC(=O)c2cccc(C(F)F)c2)cc1-c1cc(NCCO)nc(N2CCOCC2)c1,0.54,9.267606240177031,1,482.5310000000004
Cc1ccc(NC(=O)c2cccc(C(F)F)c2)cc1-c1ccnc(N2CCOCC2)c1,0.39,9.4089353929735,1,423.4630000000003
Cc1ccc(NC(=O)c2cccc(C(F)F)c2)cc1-c1nc2c(c(N3CCOCC3)n1)S(=O)(=O)CC2,0.8,9.096910013008056,1,514.5540000000004
Cc1ccc(NC(=O)c2cccc(C3(C#N)CC3)c2Cl)cc1-c1cc(N2CCOCC2)c(=O)n(C)c1,8.7,8.060480747381382,1,503.00200000000035
Cc1ccc(NC(=O)c2cccc(C3(C#N)CC3)c2Cl)cc1-c1cc(N2CCOCC2)nc(N2CCOCC2)n1,3.07,8.512861624522813,1,559.0700000000002
Cc1ccc(NC(=O)c2cccc(C3COC3)c2)cc1-c1cc(N2CCOCC2)c(=O)n(C)c1,2.2,8.657577319177793,1,459.54600000000033
Cc1ccc(NC(=O)c2cccc(C3COC3)c2)cc1-c1cc(N2CCOCC2)n(C)c(=O)c1,3.0,8.522878745280337,1,459.54600000000033
Cc1ccc(NC(=O)c2cccc(CC#N)c2)cc1-c1cc(N2CCOCC2)c(=O)n(C)c1,5.5,8.259637310505756,1,442.51900000000035
Cc1ccc(NC(=O)c2cccc(CC#N)c2)cc1-c1cc(N2CCOCC2)c(=O)n(C)n1,6.7,8.173925197299173,1,443.50700000000035
Cc1ccc(NC(=O)c2cccc(Cl)c2)cc1C(=O)Nc1cccnc1,12.0,7.920818753952375,1,365.8200000000001
Cc1ccc(NC(=O)c2cccc(Cl)c2)cc1Nc1ncccc1-c1ncnc2[nH]cnc12,1.77,8.752026733638193,1,455.90900000000016
Cc1ccc(NC(=O)c2cccc(F)c2)cc1C(=O)Nc1cccnc1,322.0,6.492144128304169,1,349.36500000000007
Cc1ccc(NC(=O)c2cccc(N(C)C)c2)cc1C(=O)Nc1cccnc1,16.0,7.795880017344075,1,374.4440000000001
Cc1ccc(NC(=O)c2cccc(N(C)C)c2)cc1NC(=O)c1ccc(O)cc1,230.0,6.638272163982407,1,389.4550000000001
Cc1ccc(NC(=O)c2cccc(N(C)C)c2)cc1Nc1ncccc1-c1ncnc2[nH]cnc12,4.073333333333333,8.390050048813126,1,464.53300000000013
Cc1ccc(NC(=O)c2cccc(OC(C)C)c2)cc1-c1cc(N2CCOCC2)c(=O)n(C)c1,1.6,8.795880017344075,1,461.56200000000035
Cc1ccc(NC(=O)c2cccc(OC(C)C)c2)cc1C(=O)Nc1cccnc1,15.0,7.823908740944319,1,389.4550000000001
Cc1ccc(NC(=O)c2cccc(OC(F)(F)F)c2)cc1-c1cc(N2CCOCC2)c(=O)n(C)c1,36.2,7.441291429466834,1,487.47800000000035
Cc1ccc(NC(=O)c2cccc(OC(F)(F)F)c2)cc1-c1cc(N2CCOCC2)nc(N2CCOCC2)n1,0.6708000000000001,9.173406946065953,1,543.5460000000003
Cc1ccc(NC(=O)c2cccc(OC(F)(F)F)c2)cc1Oc1cccc2[nH]c(=O)[nH]c12,55000.0,4.259637310505756,0,443.38100000000014
Cc1ccc(NC(=O)c2cccc(OCC(C)C)c2)cc1C(=O)Nc1cccnc1,28.0,7.552841968657781,1,403.4820000000001
Cc1ccc(NC(=O)c2cccc(S(C)(=O)=O)c2)cc1-c1cc(N2CCOCC2)c(=O)n(C)c1,1.8118000000000003,8.741889744678119,1,481.57400000000035
Cc1ccc(NC(=O)c2cccc(S(C)(=O)=O)c2)cc1-c1cc(N2CCOCC2)n(C)c(=O)c1,1.9,8.721246399047171,1,481.57400000000035
Cc1ccc(NC(=O)c2cccc(S(C)(=O)=O)c2)cc1-c1cc(N2CCOCC2)nc(N2CC(C)(O)C2)c1,1.86,8.730487055782083,1,536.6540000000003
Cc1ccc(NC(=O)c2cccc(S(C)(=O)=O)c2)cc1-c1cc(N2CCOCC2)nc(N2CC(O)C2)c1,2.0,8.698970004336019,1,522.6270000000004
Cc1ccc(NC(=O)c2cccc(S(C)(=O)=O)c2)cc1-c1cc(N2CCOCC2)nc(N2CCOCC2)n1,2.4112,8.617766765029444,1,537.6420000000004
Cc1ccc(NC(=O)c2cccc(S(C)(=O)=O)c2)cc1-c1ccnc(N2CCOCC2)c1,0.624,9.204815410317575,1,451.5480000000003
Cc1ccc(NC(=O)c2cccc(S(C)(=O)=O)c2)cc1C(=O)Nc1cccnc1,11.0,7.958607314841775,1,409.4670000000001
Cc1ccc(NC(=O)c2cccc(S(N)(=O)=O)c2)cc1C(=O)Nc1cccnc1,30.0,7.522878745280337,1,410.4550000000001
Cc1ccc(NC(=O)c2ccccc2)cc1-c1cc(N2CCOCC2)c(=O)n(C)c1,18.85,7.724688645458189,1,403.4820000000003
Cc1ccc(NC(=O)c2ccccc2)cc1-c1cc(N2CCOCC2)n(C)c(=O)c1,12.05,7.919012953089113,1,403.4820000000003
Cc1ccc(NC(=O)c2cccnn2)cc1-c1ccnc(N2CCOCC2)c1,474.83000000000004,6.32346184990518,1,375.43200000000024
Cc1ccc(NC(=O)c2ccnc(C(C)(C)C#N)c2)cc1-c1cc(C2(C)COC2)c2nccn2n1,4947.0,5.305658089635819,0,466.5450000000003
Cc1ccc(NC(=O)c2ccnc(C(C)(C)C#N)c2)cc1-c1cc(C2CCOCC2)c(=O)n(C)n1,4.9,8.309803919971486,1,471.5610000000004
Cc1ccc(NC(=O)c2ccnc(C(C)(C)C#N)c2)cc1-c1cc(C2CCOCC2)nc(N2CCOCC2)c1,1.7056,8.768122812653521,1,525.6530000000005
Cc1ccc(NC(=O)c2ccnc(C(C)(C)C#N)c2)cc1-c1cc(N2C3CCC2COC3)c(=O)n(C)n1,10.0,8.0,1,498.5870000000004
Cc1ccc(NC(=O)c2ccnc(C(C)(C)C#N)c2)cc1-c1cc(N2CC3CC(C2)O3)c(=O)n(C)c1,100.0,7.0,1,483.57200000000034
Cc1ccc(NC(=O)c2ccnc(C(C)(C)C#N)c2)cc1-c1cc(N2CCOC(C)(C)C2)c(=O)n(C)n1,7.8,8.10790539730952,1,500.6030000000004
Cc1ccc(NC(=O)c2ccnc(C(C)(C)C#N)c2)cc1-c1cc(N2CCOCC2(C)C)c(=O)n(C)n1,25.75,7.5892227666227905,1,500.6030000000004
Cc1ccc(NC(=O)c2ccnc(C(C)(C)C#N)c2)cc1-c1cc(N2CCOCC2)c(=O)n(C)c1,2.5,8.602059991327963,1,471.5610000000004
Cc1ccc(NC(=O)c2ccnc(C(C)(C)C#N)c2)cc1-c1cc(N2CCOCC2)c(=O)n(C)n1,7.1692857142857145,8.14452411152844,1,472.5490000000004
Cc1ccc(NC(=O)c2ccnc(C(C)(C)C#N)c2)cc1-c1cc(N2CCOCC2)c(=O)n(CC2(C)COC2)c1,9000.0,5.045757490560675,0,541.6520000000004
Cc1ccc(NC(=O)c2ccnc(C(C)(C)C#N)c2)cc1-c1cc(N2CCOCC2)c(=O)n(CCC#N)c1,4.4,8.356547323513812,1,510.59800000000047
Cc1ccc(NC(=O)c2ccnc(C(C)(C)C#N)c2)cc1-c1cc(N2CCOCC2)c(=O)n(CCO)c1,9.988,8.00052146632069,1,501.58700000000044
Cc1ccc(NC(=O)c2ccnc(C(C)(C)C#N)c2)cc1-c1cc(N2CCOCC2)c(OC(C)C)nn1,1.3,8.886056647693163,1,500.6030000000004
Cc1ccc(NC(=O)c2ccnc(C(C)(C)C#N)c2)cc1-c1cc(N2CCOCC2)c(OC2CCOCC2)nn1,1.2,8.920818753952375,1,542.6400000000003
Cc1ccc(NC(=O)c2ccnc(C(C)(C)C#N)c2)cc1-c1cc(N2CCOCC2)c(OCCO)nn1,2.1,8.67778070526608,1,502.57500000000044
Cc1ccc(NC(=O)c2ccnc(C(C)(C)C#N)c2)cc1-c1cc(N2CCOCC2)c(S(C)(=O)=O)nn1,2.7,8.568636235841012,1,520.6150000000004
Cc1ccc(NC(=O)c2ccnc(C(C)(C)C#N)c2)cc1-c1cc(N2CCOCC2)c2nccn2n1,1.7,8.769551078621726,1,481.56000000000034
Cc1ccc(NC(=O)c2ccnc(C(C)(C)C#N)c2)cc1-c1cc(N2CCOCC2)n(C)c(=O)c1,2.8,8.55284196865778,1,471.5610000000004
Cc1ccc(NC(=O)c2ccnc(C(C)(C)C#N)c2)cc1-c1cc(N2CCOCC2)n2nccc2n1,1.7,8.769551078621726,1,481.56000000000034
Cc1ccc(NC(=O)c2ccnc(C(C)(C)C#N)c2)cc1-c1cc(N2CCOCC2)nc(N(C)C)n1,17.9,7.747146969020107,1,485.5920000000004
Cc1ccc(NC(=O)c2ccnc(C(C)(C)C#N)c2)cc1-c1cc(N2CCOCC2)nc(N2C(=O)OC[C@@H]2C)n1,22.15,7.654626269440912,1,541.6120000000004
Cc1ccc(NC(=O)c2ccnc(C(C)(C)C#N)c2)cc1-c1cc(N2CCOCC2)nc(N2CC(C)(O)C2)c1,4.82,8.31695296176115,1,526.6410000000004
Cc1ccc(NC(=O)c2ccnc(C(C)(C)C#N)c2)cc1-c1cc(N2CCOCC2)nc(N2CC(O)C2)c1,3.84,8.415668775632469,1,512.6140000000005
Cc1ccc(NC(=O)c2ccnc(C(C)(C)C#N)c2)cc1-c1cc(N2CCOCC2)nc(N2CC(O)C2)n1,10.1,7.995678626217358,1,513.6020000000004
Cc1ccc(NC(=O)c2ccnc(C(C)(C)C#N)c2)cc1-c1cc(N2CCOCC2)nc(N2CCOCC2)c1,1.32,8.87942606879415,1,526.6410000000005
Cc1ccc(NC(=O)c2ccnc(C(C)(C)C#N)c2)cc1-c1cc(N2CCOCC2)nc(N2CCOCC2)n1,2.2128,8.655057837234764,1,527.6290000000005
Cc1ccc(NC(=O)c2ccnc(C(C)(C)C#N)c2)cc1-c1cc(N2CCOCC2)nc(NC(C)(C)CO)n1,1.4,8.853871964321762,1,529.6450000000004
Cc1ccc(NC(=O)c2ccnc(C(C)(C)C#N)c2)cc1-c1cc(N2CCOCC2)nc(NC2(CO)CCOCC2)n1,3.4,8.468521082957745,1,571.6820000000002
Cc1ccc(NC(=O)c2ccnc(C(C)(C)C#N)c2)cc1-c1cc(N2CCOCC2)nc(NC2CNC2)n1,14.95,7.825358807339551,1,512.6180000000004
Cc1ccc(NC(=O)c2ccnc(C(C)(C)C#N)c2)cc1-c1cc(N2CCOCC2)nc(NCCO)n1,6.9,8.161150909262744,1,501.5910000000004
Cc1ccc(NC(=O)c2ccnc(C(C)(C)C#N)c2)cc1-c1cc(N2CCOCC2)nc(NC[C@@H](C)O)n1,5.1,8.292429823902063,1,515.6180000000004
Cc1ccc(NC(=O)c2ccnc(C(C)(C)C#N)c2)cc1-c1cc(N2CCOCC2)nc(NC[C@H](C)O)n1,4.1,8.387216143280265,1,515.6180000000004
Cc1ccc(NC(=O)c2ccnc(C(C)(C)C#N)c2)cc1-c1cc(N2CCOCC2)nc(N[C@@H](C)CO)n1,4.6,8.337242168318426,1,515.6180000000004
Cc1ccc(NC(=O)c2ccnc(C(C)(C)C#N)c2)cc1-c1cc(N2CCOCC2)nc(N[C@H](C)CO)n1,1.9,8.721246399047171,1,515.6180000000004
Cc1ccc(NC(=O)c2ccnc(C(C)(C)C#N)c2)cc1-c1cc(N2CCOCC2)nc(OC2CNC2)n1,0.2,9.698970004336019,1,513.6020000000004
Cc1ccc(NC(=O)c2ccnc(C(C)(C)C#N)c2)cc1-c1cc(N2CCOCC2)ncn1,5.5355,8.256843144896617,1,442.5230000000003
Cc1ccc(NC(=O)c2ccnc(C(C)(C)C#N)c2)cc1-c1cc(N2CCOC[C@@H]2C)c(=O)n(C)n1,9.2,8.036212172654444,1,486.57600000000036
Cc1ccc(NC(=O)c2ccnc(C(C)(C)C#N)c2)cc1-c1cc(N2CCOC[C@H]2C)c(=O)n(C)n1,15.9,7.798602875679548,1,486.57600000000036
Cc1ccc(NC(=O)c2ccnc(C(C)(C)C#N)c2)cc1-c1cc(NC[C@@H](C)O)nc(N2CCOCC2)n1,12.95,7.887730231582729,1,515.6180000000004
Cc1ccc(NC(=O)c2ccnc(C(C)(C)C#N)c2)cc1-c1cc(OC2CCOCC2)nc(N2CCOCC2)c1,1.25,8.903089986991944,1,541.6520000000004
Cc1ccc(NC(=O)c2ccnc(C(C)(C)C#N)c2)cc1-c1cc(OCCO)nc(N2CCOCC2)c1,1.5,8.823908740944319,1,501.58700000000044
Cc1ccc(NC(=O)c2ccnc(C(C)(C)C#N)c2)cc1-c1cc2[nH]cnc2c(N2CCOCC2)n1,9.218,8.035363296211498,1,481.56000000000034
Cc1ccc(NC(=O)c2ccnc(C(C)(C)C#N)c2)cc1-c1cc2[nH]cnc2c(N2CCOC[C@H]2C)n1,22.045,7.656689896837658,1,495.58700000000033
Cc1ccc(NC(=O)c2ccnc(C(C)(C)C#N)c2)cc1-c1cc2c(c(N3CCOC[C@H]3C)n1)SCC2,22.1,7.655607726314889,1,513.6670000000004
Cc1ccc(NC(=O)c2ccnc(C(C)(C)C#N)c2)cc1-c1ccnc(N2CCOCC2)c1,3.0004,8.52282084320947,1,441.5350000000003
Cc1ccc(NC(=O)c2ccnc(C(C)(C)C#N)c2)cc1-c1ccnc(N2CCOC[C@H]2C)c1,14.494,7.83881174301774,1,455.5620000000003
Cc1ccc(NC(=O)c2ccnc(C(C)(C)C#N)c2)cc1-c1ccnc(N2CCO[C@H](CO)C2)c1,2.5186,8.59884080097621,1,471.5610000000003
Cc1ccc(NC(=O)c2ccnc(C(C)(C)C#N)c2)cc1-c1ccnc(N2C[C@@H](CN(C)C)OC[C@H]2C)c1,101.192,6.994853820432867,1,512.6580000000004
Cc1ccc(NC(=O)c2ccnc(C(C)(C)C#N)c2)cc1-c1ccnc(N2C[C@H](CN(C)C)OC[C@@H]2C)c1,30.810000000000002,7.5113083016830595,1,512.6580000000004
Cc1ccc(NC(=O)c2ccnc(C(C)(C)C#N)c2)cc1-c1cn2ccnc2c(N2CCOCC2)n1,11.8,7.928117992693875,1,481.56000000000034
Cc1ccc(NC(=O)c2ccnc(C(C)(C)C#N)c2)cc1-c1cnc(OC(F)F)c(N2CCOCC2)c1,2.2,8.657577319177793,1,507.54100000000034
Cc1ccc(NC(=O)c2ccnc(C(C)(C)C#N)c2)cc1-c1cnc(OC2CCOCC2)c(C2(O)COC2)c1,2136.0,5.670398751643481,0,528.6090000000004
Cc1ccc(NC(=O)c2ccnc(C(C)(C)C#N)c2)cc1-c1cnc(OCCO)c(N2CCOCC2)c1,3.0,8.522878745280337,1,501.58700000000044
Cc1ccc(NC(=O)c2ccnc(C(C)(C)C#N)c2)cc1-c1cncc(N2CCOCC2)n1,5.0,8.301029995663981,1,442.5230000000003
Cc1ccc(NC(=O)c2ccnc(C(C)(C)C#N)c2)cc1-c1nc(N2CCOCC2)c2[nH]ccc2n1,2.8,8.55284196865778,1,481.56000000000034
Cc1ccc(NC(=O)c2ccnc(C(C)(C)C#N)c2)cc1-c1nc(N2CCOCC2)c2c(cnn2C)n1,2.5,8.602059991327963,1,496.5750000000004
Cc1ccc(NC(=O)c2ccnc(C(C)(C)C#N)c2)cc1-c1nc(N2CCOCC2)c2sccc2n1,0.9,9.045757490560675,1,498.61200000000036
Cc1ccc(NC(=O)c2ccnc(C(C)(C)C#N)c2)cc1-c1nc2c(c(N3CCOCC3)n1)CCNC2,3700.0,5.431798275933005,0,497.60300000000046
Cc1ccc(NC(=O)c2ccnc(C(C)(C)C#N)c2)cc1-c1nc2c(c(N3CCOCC3)n1)CN(C(=O)OC(C)(C)C)CC2,70.1,7.154281982033341,1,597.7200000000001
Cc1ccc(NC(=O)c2ccnc(C(C)(C)C#N)c2)cc1-c1nc2c(c(N3CCOCC3)n1)CNC2,7.6,8.119186407719209,1,483.5760000000004
Cc1ccc(NC(=O)c2ccnc(C(C)(C)C#N)c2)cc1-c1nc2c(c(N3CCOCC3)n1)S(=O)(=O)CC2,2.3,8.638272163982407,1,532.6260000000003
Cc1ccc(NC(=O)c2ccnc(C(C)(C)C#N)c2)cc1-c1nnc(OC(C)C)c(N2CCOCC2)n1,1.3,8.886056647693163,1,501.5910000000004
Cc1ccc(NC(=O)c2ccnc(C(C)(C)C)c2)cc1-c1cc(N2CCOCC2)c(=O)n(C)c1,2.4708,8.607162407334343,1,460.5780000000004
Cc1ccc(NC(=O)c2ccnc(C(C)(C)C)c2)cc1-c1cc(N2CCOCC2)c2nccn2n1,0.9,9.045757490560675,1,470.57700000000034
Cc1ccc(NC(=O)c2ccnc(C(C)(C)C)c2)cc1-c1cc(N2CCOCC2)n(C)c(=O)c1,2.1,8.67778070526608,1,460.5780000000004
Cc1ccc(NC(=O)c2ccnc(C(C)(C)C)c2)cc1-c1cc(N2CCOCC2)nc(N2CCOCC2)n1,1.875,8.726998727936262,1,516.6460000000005
Cc1ccc(NC(=O)c2ccnc(C(C)(C)C)c2)cc1-c1ccnc(N2CCOCC2)c1,2.0707999999999998,8.683861843690181,1,430.5520000000003
Cc1ccc(NC(=O)c2ccnc(C(C)(C)F)c2)cc1-c1cc(C2CCOCC2)c(=O)n(C)n1,2.4,8.619788758288394,1,464.54100000000034
Cc1ccc(NC(=O)c2ccnc(C(C)(C)F)c2)cc1-c1cc(C2COC2)c(=O)n(C)c1,9983.0,5.000738928886899,0,435.49900000000025
Cc1ccc(NC(=O)c2ccnc(C(C)(C)F)c2)cc1-c1cc(C2COCCO2)nc(N2CCOCC2)c1,1.56,8.806875401645538,1,520.6050000000005
Cc1ccc(NC(=O)c2ccnc(C(C)(C)F)c2)cc1-c1cc(N2C3CCC2COC3)c(=O)n(C)n1,4.1,8.387216143280265,1,491.56700000000035
Cc1ccc(NC(=O)c2ccnc(C(C)(C)F)c2)cc1-c1cc(N2CCOC(C)(C)C2)c(=O)n(C)n1,6.7,8.173925197299173,1,493.58300000000037
Cc1ccc(NC(=O)c2ccnc(C(C)(C)F)c2)cc1-c1cc(N2CCOCC2)c(=O)n(C)c1,2.5,8.602059991327963,1,464.54100000000034
Cc1ccc(NC(=O)c2ccnc(C(C)(C)F)c2)cc1-c1cc(N2CCOCC2)c(=O)n(C)n1,1.7,8.769551078621726,1,465.52900000000034
Cc1ccc(NC(=O)c2ccnc(C(C)(C)F)c2)cc1-c1cc(N2CCOCC2)c(OC(C)C)nn1,0.6,9.221848749616356,1,493.58300000000037
Cc1ccc(NC(=O)c2ccnc(C(C)(C)F)c2)cc1-c1cc(N2CCOCC2)c(OC2CCOCC2)nn1,0.8,9.096910013008056,1,535.6200000000005
Cc1ccc(NC(=O)c2ccnc(C(C)(C)F)c2)cc1-c1cc(N2CCOCC2)c(OCCO)nn1,2.2,8.657577319177793,1,495.5550000000004
Cc1ccc(NC(=O)c2ccnc(C(C)(C)F)c2)cc1-c1cc(N2CCOCC2)c(S(C)(=O)=O)nn1,1.9,8.721246399047171,1,513.5950000000004
Cc1ccc(NC(=O)c2ccnc(C(C)(C)F)c2)cc1-c1cc(N2CCOCC2)n(C)c(=O)c1,1.8,8.744727494896694,1,464.54100000000034
Cc1ccc(NC(=O)c2ccnc(C(C)(C)F)c2)cc1-c1cc(N2CCOC[C@@H]2C)c(=O)n(C)n1,3.9,8.4089353929735,1,479.5560000000003
Cc1ccc(NC(=O)c2ccnc(C(C)(C)F)c2)cc1-c1cc(N2CCOC[C@H]2C)c(=O)n(C)n1,6.3,8.200659450546418,1,479.5560000000003
Cc1ccc(NC(=O)c2ccnc(C(C)(C)F)c2)cc1-c1cc(NC[C@@H](C)O)nc(N2CCOCC2)n1,12.85,7.891096872332686,1,508.59800000000035
Cc1ccc(NC(=O)c2ccnc(C(C)(C)F)c2)cc1-c1cc(OCCO)nc(N2CCOCC2)c1,1.63,8.787812395596042,1,494.5670000000004
Cc1ccc(NC(=O)c2ccnc(C(C)(C)F)c2)cc1-c1cnc(OC(C)C)c(N2CCOCC2)c1,2.36,8.627087997029893,1,492.59500000000037
Cc1ccc(NC(=O)c2ccnc(C(C)(C)F)c2)cc1-c1cnc(OCCO)c(N2CCOCC2)c1,2.0,8.698970004336019,1,494.5670000000004
Cc1ccc(NC(=O)c2ccnc(C(C)(C)O)c2)cc1-c1cc(C2(C)COC2)c2nccn2n1,3774.0,5.423198104171087,0,457.5340000000003
Cc1ccc(NC(=O)c2ccnc(C(C)(C)O)c2)cc1-c1cc(N2CCOCC2)c(=O)n(C)c1,3.5,8.455931955649724,1,462.55000000000035
Cc1ccc(NC(=O)c2ccnc(C(C)(C)O)c2)cc1-c1cc(N2CCOCC2)c(=O)n(C)n1,9.6,8.017728766960431,1,463.53800000000035
Cc1ccc(NC(=O)c2ccnc(C(C)(C)O)c2)cc1-c1cc(N2CCOCC2)c(OC2CCOCC2)nn1,2.2,8.657577319177793,1,533.6290000000005
Cc1ccc(NC(=O)c2ccnc(C(C)(C)O)c2)cc1-c1cc(N2CCOCC2)c(S(C)(=O)=O)nn1,6.89,8.161780778092375,1,511.6040000000004
Cc1ccc(NC(=O)c2ccnc(C(C)(C)O)c2)cc1-c1cc(N2CCOCC2)c2nccn2n1,1.7,8.769551078621726,1,472.5490000000003
Cc1ccc(NC(=O)c2ccnc(C(C)(C)O)c2)cc1-c1cc(N2CCOCC2)n(C)c(=O)c1,3.5,8.455931955649724,1,462.55000000000035
Cc1ccc(NC(=O)c2ccnc(C(C)(C)O)c2)cc1-c1cc(N2CCOCC2)n2nccc2n1,2.6,8.585026652029182,1,472.5490000000003
Cc1ccc(NC(=O)c2ccnc(C(C)(C)O)c2)cc1-c1cc(N2CCOCC2)nc(N2CC(O)C2)c1,5.75,8.24033215531037,1,503.6030000000004
Cc1ccc(NC(=O)c2ccnc(C(C)(C)O)c2)cc1-c1cc(NCCO)nc(N2CCOCC2)c1F,28.95,7.538351431936545,1,509.5820000000004
Cc1ccc(NC(=O)c2ccnc(C(C)(C)O)c2)cc1-c1cc(OC2CCOCC2)nc(N2CCOCC2)c1,1.6,8.795880017344075,1,532.6410000000004
Cc1ccc(NC(=O)c2ccnc(C(C)(C)O)c2)cc1-c1cnc(OC(C)C)c(N2CCOCC2)c1,1.76,8.75448733218585,1,490.6040000000004
Cc1ccc(NC(=O)c2ccnc(C(C)(C)O)c2)cc1-c1cnc(OC(F)F)c(N2CCOCC2)c1,1.9,8.721246399047171,1,498.5300000000003
Cc1ccc(NC(=O)c2ccnc(C(C)(C)O)c2)cc1-c1cnc(OC2CCOCC2)c(N2CCOCC2)c1,1.0,9.0,1,532.6410000000004
Cc1ccc(NC(=O)c2ccnc(C(C)(F)F)c2)cc1-c1cc(C2COCCO2)nc(N2CCOCC2)c1,1.3,8.886056647693163,1,524.5680000000006
Cc1ccc(NC(=O)c2ccnc(C(C)(F)F)c2)cc1-c1cc(N2C3CCC2COC3)c(=O)n(C)n1,2.8,8.55284196865778,1,495.53000000000037
Cc1ccc(NC(=O)c2ccnc(C(C)(F)F)c2)cc1-c1cc(N2C3CCC2COC3)cc(=O)n1C,23.9,7.621602099051862,1,494.54200000000037
Cc1ccc(NC(=O)c2ccnc(C(C)(F)F)c2)cc1-c1cc(N2C3CCC2COC3)n(C)c(=O)c1,5.6,8.2518119729938,1,494.54200000000037
Cc1ccc(NC(=O)c2ccnc(C(C)(F)F)c2)cc1-c1cc(N2CCOC(C)(C)C2)c(=O)n(C)n1,3.4,8.468521082957745,1,497.5460000000004
Cc1ccc(NC(=O)c2ccnc(C(C)(F)F)c2)cc1-c1cc(N2CCOCC2)c(=O)n(C)c1,0.8768,9.057099458859707,1,468.50400000000036
Cc1ccc(NC(=O)c2ccnc(C(C)(F)F)c2)cc1-c1cc(N2CCOCC2)c(=O)n(C)n1,1.1,8.958607314841775,1,469.49200000000036
Cc1ccc(NC(=O)c2ccnc(C(C)(F)F)c2)cc1-c1cc(N2CCOCC2)c(=O)n(CCC#N)c1,2.3,8.638272163982407,1,507.54100000000045
Cc1ccc(NC(=O)c2ccnc(C(C)(F)F)c2)cc1-c1cc(N2CCOCC2)c(OC(C)C)nn1,0.7,9.154901959985743,1,497.5460000000004
Cc1ccc(NC(=O)c2ccnc(C(C)(F)F)c2)cc1-c1cc(N2CCOCC2)c(OC2CCOCC2)nn1,0.6,9.221848749616356,1,539.5830000000004
Cc1ccc(NC(=O)c2ccnc(C(C)(F)F)c2)cc1-c1cc(N2CCOCC2)c(OCCO)nn1,1.1,8.958607314841775,1,499.5180000000004
Cc1ccc(NC(=O)c2ccnc(C(C)(F)F)c2)cc1-c1cc(N2CCOCC2)c(S(C)(=O)=O)nn1,1.05,8.978810700930062,1,517.5580000000003
Cc1ccc(NC(=O)c2ccnc(C(C)(F)F)c2)cc1-c1cc(N2CCOCC2)c2nccn2n1,0.8,9.096910013008056,1,478.5030000000003
Cc1ccc(NC(=O)c2ccnc(C(C)(F)F)c2)cc1-c1cc(N2CCOCC2)nc(N(C)C)n1,4.2,8.3767507096021,1,482.53500000000037
Cc1ccc(NC(=O)c2ccnc(C(C)(F)F)c2)cc1-c1cc(N2CCOCC2)nc(N2CC(O)C2)c1,0.67,9.173925197299173,1,509.5570000000004
Cc1ccc(NC(=O)c2ccnc(C(C)(F)F)c2)cc1-c1cc(N2CCOCC2)nc(N2CC(O)C2)n1,1.9,8.721246399047171,1,510.5450000000004
Cc1ccc(NC(=O)c2ccnc(C(C)(F)F)c2)cc1-c1cc(N2CCOCC2)nc(OC2CNC2)n1,2.2,8.657577319177793,1,510.5450000000004
Cc1ccc(NC(=O)c2ccnc(C(C)(F)F)c2)cc1-c1cc(N2CCOC[C@@H]2C)c(=O)n(C)n1,2.9,8.537602002101044,1,483.51900000000035
Cc1ccc(NC(=O)c2ccnc(C(C)(F)F)c2)cc1-c1cc(N2CCOC[C@@H]2C)n(C)c(=O)c1,3.8,8.42021640338319,1,482.53100000000035
Cc1ccc(NC(=O)c2ccnc(C(C)(F)F)c2)cc1-c1cc(N2CCOC[C@H]2C)c(=O)n(C)n1,3.7,8.431798275933005,1,483.51900000000035
Cc1ccc(NC(=O)c2ccnc(C(C)(F)F)c2)cc1-c1cc(N2CCOC[C@H]2C)n(C)c(=O)c1,3.7,8.431798275933005,1,482.53100000000035
Cc1ccc(NC(=O)c2ccnc(C(C)(F)F)c2)cc1-c1cc(NCCO)nc(N2CCOCC2)c1,1.07,8.97061622231479,1,497.5460000000004
Cc1ccc(NC(=O)c2ccnc(C(C)(F)F)c2)cc1-c1cc(NC[C@@H](C)O)nc(N2CCOCC2)n1,5.1,8.292429823902063,1,512.5610000000004
Cc1ccc(NC(=O)c2ccnc(C(C)(F)F)c2)cc1-c1cc(OCCO)nc(N2CCOCC2)c1,0.75,9.1249387366083,1,498.5300000000004
Cc1ccc(NC(=O)c2ccnc(C(C)(F)F)c2)cc1-c1ccnc(N2CCOCC2)c1,0.62,9.207608310501746,1,438.4780000000003
Cc1ccc(NC(=O)c2ccnc(C(C)(F)F)c2)cc1-c1cnc(-c2cnn(C)c2)c(C2(O)COC2)c1,1670.0,5.777283528852417,0,505.5250000000003
Cc1ccc(NC(=O)c2ccnc(C(C)(F)F)c2)cc1-c1cnc(OC(C)C)c(N2CCOCC2)c1,1.35,8.869666231504993,1,496.5580000000004
Cc1ccc(NC(=O)c2ccnc(C(C)(F)F)c2)cc1-c1cnc(OCCO)c(N2CCOCC2)c1,2.15,8.667561540084394,1,498.5300000000004
Cc1ccc(NC(=O)c2ccnc(C(C)C)c2)cc1-c1cc(N2CCOCC2)c(=O)n(C)c1,2.7,8.568636235841012,1,446.55100000000033
Cc1ccc(NC(=O)c2ccnc(C(C)C)c2)cc1-c1cc(N2CCOCC2)c2nccn2n1,1.3,8.886056647693163,1,456.5500000000003
Cc1ccc(NC(=O)c2ccnc(C(C)C)c2)cc1-c1cc(N2CCOCC2)n(C)c(=O)c1,0.6,9.221848749616356,1,446.55100000000033
Cc1ccc(NC(=O)c2ccnc(C(C)C)c2)cc1-c1cc(N2CCOCC2)nc(N(C)C)n1,1.4,8.853871964321762,1,460.58200000000033
Cc1ccc(NC(=O)c2ccnc(C(C)C)c2)cc1-c1cc(N2CCOCC2)nc(N2CC(O)C2)c1,2.64,8.578396073130168,1,487.6040000000004
Cc1ccc(NC(=O)c2ccnc(C(C)C)c2)cc1-c1cc(N2CCOCC2)nc(N2CC(O)C2)n1,2.5,8.602059991327963,1,488.5920000000004
Cc1ccc(NC(=O)c2ccnc(C(C)C)c2)cc1-c1cc(N2CCOCC2)nc(N2CCOCC2)c1,1.31,8.882728704344236,1,501.6310000000005
Cc1ccc(NC(=O)c2ccnc(C(C)C)c2)cc1-c1cc(N2CCOCC2)nc(OC2CNC2)n1,2.3,8.638272163982407,1,488.5920000000004
Cc1ccc(NC(=O)c2ccnc(C(F)(F)F)c2)cc1-c1c(F)c(NCCO)nc(N2CCOCC2)c1F,12.9,7.889410289700751,1,537.4890000000004
Cc1ccc(NC(=O)c2ccnc(C(F)(F)F)c2)cc1-c1cc(-c2c(C)n[nH]c2C)nc(N2CCOCC2)c1,1.48,8.829738284605043,1,536.5580000000003
Cc1ccc(NC(=O)c2ccnc(C(F)(F)F)c2)cc1-c1cc(-c2cnn(C)c2)nc(N2CCOCC2)c1,1.85,8.732828271596986,1,522.5310000000004
Cc1ccc(NC(=O)c2ccnc(C(F)(F)F)c2)cc1-c1cc(N2CCNCC2)nc(N2CCOCC2)c1,2.16,8.665546248849068,1,526.5630000000004
Cc1ccc(NC(=O)c2ccnc(C(F)(F)F)c2)cc1-c1cc(N2CCOCC2)c(=O)n(C)c1,0.9040000000000001,9.043831569524636,1,472.4670000000003
Cc1ccc(NC(=O)c2ccnc(C(F)(F)F)c2)cc1-c1cc(N2CCOCC2)c(=O)n(C)n1,3.117,8.50626319772316,1,473.4550000000003
Cc1ccc(NC(=O)c2ccnc(C(F)(F)F)c2)cc1-c1cc(N2CCOCC2)c(OCCO)nn1,1.4,8.853871964321762,1,503.4810000000004
Cc1ccc(NC(=O)c2ccnc(C(F)(F)F)c2)cc1-c1cc(N2CCOCC2)c(S(C)(=O)=O)nn1,1.03,8.987162775294827,1,521.5210000000003
Cc1ccc(NC(=O)c2ccnc(C(F)(F)F)c2)cc1-c1cc(N2CCOCC2)c2nccn2c1,3.8,8.42021640338319,1,481.4780000000003
Cc1ccc(NC(=O)c2ccnc(C(F)(F)F)c2)cc1-c1cc(N2CCOCC2)n(C)c(=O)c1,1.1,8.958607314841775,1,472.4670000000003
Cc1ccc(NC(=O)c2ccnc(C(F)(F)F)c2)cc1-c1cc(N2CCOCC2)nc(N(C)C)n1,2.8,8.55284196865778,1,486.49800000000033
Cc1ccc(NC(=O)c2ccnc(C(F)(F)F)c2)cc1-c1cc(N2CCOCC2)nc(N2CC(O)C2)c1,3.93,8.405607449624574,1,513.5200000000004
Cc1ccc(NC(=O)c2ccnc(C(F)(F)F)c2)cc1-c1cc(N2CCOCC2)nc(N2CC(O)C2)n1,1.7,8.769551078621726,1,514.5080000000004
Cc1ccc(NC(=O)c2ccnc(C(F)(F)F)c2)cc1-c1cc(N2CCOCC2)nc(N2CCC(O)C2)c1,2.24,8.649751981665837,1,527.5470000000004
Cc1ccc(NC(=O)c2ccnc(C(F)(F)F)c2)cc1-c1cc(N2CCOCC2)nc(N2CCOCC2)c1,0.83,9.080921907623926,1,527.5470000000004
Cc1ccc(NC(=O)c2ccnc(C(F)(F)F)c2)cc1-c1cc(N2CCOCC2)nc(NCCO)c1F,3.97,8.401209493236886,1,519.4990000000004
Cc1ccc(NC(=O)c2ccnc(C(F)(F)F)c2)cc1-c1cc(N2CCOCC2)nc(OC2CNC2)n1,2.1,8.67778070526608,1,514.5080000000004
Cc1ccc(NC(=O)c2ccnc(C(F)(F)F)c2)cc1-c1cc(NC2CCOC2)nc(N2CCOCC2)c1,1.18,8.928117992693874,1,527.5470000000004
Cc1ccc(NC(=O)c2ccnc(C(F)(F)F)c2)cc1-c1cc(NCC2CCOC2)nc(N2CCOCC2)c1,1.17,8.931814138253838,1,541.5740000000003
Cc1ccc(NC(=O)c2ccnc(C(F)(F)F)c2)cc1-c1cc(NCCO)nc(N2CCOCC2)c1F,13.15,7.881074247174223,1,519.4990000000004
Cc1ccc(NC(=O)c2ccnc(C(F)(F)F)c2)cc1-c1cc(NC[C@@H](C)O)nc(N2CCOCC2)c1,2.36,8.627087997029893,1,515.5360000000004
Cc1ccc(NC(=O)c2ccnc(C(F)(F)F)c2)cc1-c1cc(NC[C@@H](C)O)nc(N2CCOCC2)n1,2.32,8.6345120151091,1,516.5240000000003
Cc1ccc(NC(=O)c2ccnc(C(F)(F)F)c2)cc1-c1cc(OCCO)nc(N2CCOCC2)c1,19.108571428571427,7.718771779919316,1,502.4930000000004
Cc1ccc(NC(=O)c2ccnc(C(F)(F)F)c2)cc1-c1ccc2c(c1)OC1(CCOCC1)CC(=O)N2,11.5,7.939302159646388,1,511.5000000000004
Cc1ccc(NC(=O)c2ccnc(C(F)(F)F)c2)cc1-c1ccc2c(c1)OC1(CCOCC1)NC2=O,32.7,7.485452247339714,1,497.47300000000035
Cc1ccc(NC(=O)c2ccnc(C(F)(F)F)c2)cc1-c1ccnc(N2CCOCC2)c1,0.62,9.207608310501746,1,442.44100000000026
Cc1ccc(NC(=O)c2ccnc(C(F)(F)F)c2)cc1-c1cnc(OC2CCOCC2)c(C2(O)COC2)c1,966.0,6.015022873584506,1,529.5150000000003
Cc1ccc(NC(=O)c2ccnc(C(F)(F)F)c2)cc1-c1cnc(OCCO)c(N2CCOCC2)c1,1.75,8.756961951313706,1,502.4930000000004
Cc1ccc(NC(=O)c2ccnc(C(F)F)c2)cc1-c1cc(N2CCOCC2)c(=O)n(C)c1,7.2874,8.137427391717823,1,454.4770000000004
Cc1ccc(NC(=O)c2ccnc(C(F)F)c2)cc1-c1cc(N2CCOCC2)c(=O)n(C)n1,5.285,8.276955008356556,1,455.4650000000004
Cc1ccc(NC(=O)c2ccnc(C(F)F)c2)cc1-c1cc(N2CCOCC2)c(OC(C)C)nn1,0.6,9.221848749616356,1,483.5190000000004
Cc1ccc(NC(=O)c2ccnc(C(F)F)c2)cc1-c1cc(N2CCOCC2)c2nccn2c1,0.6,9.221848749616356,1,463.48800000000034
Cc1ccc(NC(=O)c2ccnc(C(F)F)c2)cc1-c1cc(N2CCOCC2)n(C)c(=O)c1,1.1,8.958607314841775,1,454.4770000000004
Cc1ccc(NC(=O)c2ccnc(C(F)F)c2)cc1-c1cc(N2CCOCC2)n2nccc2n1,0.4,9.397940008672037,1,464.47600000000034
Cc1ccc(NC(=O)c2ccnc(C(F)F)c2)cc1-c1cc(N2CCOCC2)nc(N2C(=O)OC[C@@H]2C)n1,7.5,8.1249387366083,1,524.5280000000005
Cc1ccc(NC(=O)c2ccnc(C(F)F)c2)cc1-c1cc(N2CCOCC2)nc(N2CC(C)(O)C2)c1,1.74,8.7594507517174,1,509.55700000000047
Cc1ccc(NC(=O)c2ccnc(C(F)F)c2)cc1-c1cc(N2CCOCC2)nc(N2CC(O)C2)c1,0.6,9.221848749616356,1,495.5300000000004
Cc1ccc(NC(=O)c2ccnc(C(F)F)c2)cc1-c1cc(N2CCOCC2)nc(N2CCOCC2)c1,0.65,9.187086643357144,1,509.5570000000005
Cc1ccc(NC(=O)c2ccnc(C(F)F)c2)cc1-c1cc(N2CCOCC2)nc(NCCO)c1F,2.27,8.643974142806877,1,501.5090000000004
Cc1ccc(NC(=O)c2ccnc(C(F)F)c2)cc1-c1cc(NCCO)nc(N2CCOCC2)c1,0.86,9.065501548756432,1,483.5190000000004
Cc1ccc(NC(=O)c2ccnc(C(F)F)c2)cc1-c1cc(NCCO)nc(N2CCOCC2)c1F,14.9,7.826813731587726,1,501.5090000000004
Cc1ccc(NC(=O)c2ccnc(C(F)F)c2)cc1-c1cc(OC2CCOCC2)nc(N2CCOCC2)c1,0.6,9.221848749616356,1,524.5680000000006
Cc1ccc(NC(=O)c2ccnc(C(F)F)c2)cc1-c1cc(OCCO)nc(N2CCOCC2)c1,0.55,9.259637310505756,1,484.50300000000044
Cc1ccc(NC(=O)c2ccnc(C(F)F)c2)cc1-c1nc2c(c(N3CCOCC3)n1)S(=O)(=O)CC2,5.5,8.259637310505756,1,515.5420000000004
Cc1ccc(NC(=O)c2ccnc(C3(C#N)CC3)c2)cc1-c1cc(N2CCOCC2)c(=O)n(C)c1,3.4,8.468521082957745,1,469.54500000000036
Cc1ccc(NC(=O)c2ccnc(C3(C#N)CC3)c2)cc1-c1cc(N2CCOCC2)c(=O)n(C)n1,0.7,9.154901959985743,1,470.53300000000036
Cc1ccc(NC(=O)c2ccnc(C3(C#N)CC3)c2)cc1-c1cc(N2CCOCC2)n(C)c(=O)c1,0.6,9.221848749616356,1,469.54500000000036
Cc1ccc(NC(=O)c2ccnc(C3(C#N)CC3)c2)cc1-c1cc(N2CCOCC2)n2nccc2n1,0.7,9.154901959985743,1,479.5440000000003
Cc1ccc(NC(=O)c2ccnc(C3(C#N)CC3)c2)cc1-c1cc(N2CCOCC2)nc(N2CC(C)(O)C2)c1,2.09,8.679853713888946,1,524.6250000000005
Cc1ccc(NC(=O)c2ccnc(C3(C#N)CC3)c2)cc1-c1cc(N2CCOCC2)nc(N2CC(O)C2)c1,2.08,8.681936665037238,1,510.5980000000004
Cc1ccc(NC(=O)c2ccnc(C3(C#N)CC3)c2)cc1-c1cc(NCCO)nc(N2CCOCC2)c1,1.31,8.882728704344236,1,498.5870000000004
Cc1ccc(NC(=O)c2ccnc(C3(C#N)CC3)c2)cc1-c1cc(NCCO)nc(N2CCOCC2)c1F,24.25,7.615288257061717,1,516.5770000000005
Cc1ccc(NC(=O)c2ccnc(C3CC3)c2)cc1-c1cc(N2CCOCC2)c(=O)n(C)c1,1.0,9.0,1,444.5350000000003
Cc1ccc(NC(=O)c2ccnc(C3CC3)c2)cc1-c1cc(N2CCOCC2)c(=O)n(C)n1,1.0,9.0,1,445.5230000000003
Cc1ccc(NC(=O)c2ccnc(C3CC3)c2)cc1-c1cc(N2CCOCC2)n(C)c(=O)c1,0.4,9.397940008672037,1,444.5350000000003
Cc1ccc(NC(=O)c2ccnc(C3CC3)c2)cc1-c1cc(N2CCOCC2)nc(N2CC(O)C2)c1,0.72,9.142667503568731,1,485.58800000000036
Cc1ccc(NC(=O)c2ccnc(C3CC3)c2)cc1-c1cc(OCCO)nc(N2CCOCC2)c1,0.43,9.366531544420413,1,474.5610000000004
Cc1ccc(NC(=O)c2ccnc(C3CC3)c2)cc1-c1cnc(OCCO)c(N2CCOCC2)c1,0.91,9.040958607678906,1,474.5610000000004
Cc1ccc(NC(=O)c2ccnc(C3COC3)c2)cc1-c1cc(N2CCOCC2)c(=O)n(C)c1,3.9,8.4089353929735,1,460.53400000000033
Cc1ccc(NC(=O)c2ccnc(C3COC3)c2)cc1-c1cc(N2CCOCC2)c(=O)n(C)n1,4.5,8.346787486224656,1,461.52200000000033
Cc1ccc(NC(=O)c2ccnc(C3COC3)c2)cc1-c1cc(N2CCOCC2)n(C)c(=O)c1,2.5,8.602059991327963,1,460.53400000000033
Cc1ccc(NC(=O)c2ccnc(N(C)C)c2)cc1-c1cc(N2CCOCC2)c(=O)n(C)c1,2.3,8.638272163982407,1,447.5390000000003
Cc1ccc(NC(=O)c2ccnc(N(C)CCO)c2)cc1-c1cc(N2CCOCC2)c(=O)n(C)c1,3.3,8.481486060122112,1,477.56500000000034
Cc1ccc(NC(=O)c2ccnc(N3CCC3)c2)cc1-c1cc(N2CCOCC2)c(=O)n(C)c1,1.9,8.721246399047171,1,459.55000000000035
Cc1ccc(NC(=O)c2ccnc(S(C)(=O)=O)c2)cc1-c1cc(N2CCOCC2)c(=O)n(C)c1,2.5604,8.591692181476247,1,482.56200000000035
Cc1ccc(NC(=O)c2ccnc(S(C)(=O)=O)c2)cc1-c1cc(N2CCOCC2)c(OC2CCOCC2)nn1,0.8,9.096910013008056,1,553.6410000000003
Cc1ccc(NC(=O)c2ccnc(S(C)(=O)=O)c2)cc1-c1cc(N2CCOCC2)c2nccn2c1,0.9,9.045757490560675,1,491.5730000000003
Cc1ccc(NC(=O)c2ccnc(S(C)(=O)=O)c2)cc1-c1cc(N2CCOCC2)n(C)c(=O)c1,2.2,8.657577319177793,1,482.56200000000035
Cc1ccc(NC(=O)c2ccnc(S(C)(=O)=O)c2)cc1-c1cc(N2CCOCC2)n2nccc2n1,1.1,8.958607314841775,1,492.5610000000003
Cc1ccc(NC(=O)c2ccnc(S(C)(=O)=O)c2)cc1-c1cc(N2CCOCC2)nc(N(C)C)n1,11.75,7.9299621333922445,1,496.59300000000036
Cc1ccc(NC(=O)c2ccnc(S(C)(=O)=O)c2)cc1-c1cc(N2CCOCC2)nc(N2CC(O)C2)c1,3.32,8.478861916295964,1,523.6150000000005
Cc1ccc(NC(=O)c2ccnc(S(C)(=O)=O)c2)cc1-c1cc(N2CCOCC2)nc(N2CCOCC2)c1,1.02,8.991399828238082,1,537.6420000000004
Cc1ccc(NC(=O)c2ccnc(S(C)(=O)=O)c2)cc1-c1ccnc(N2CCOCC2)c1,1.6598,8.779944239748659,1,452.5360000000003
Cc1ccc(NC(=O)c2ccnc(S(C)(=O)=O)c2)cc1-c1cnc(OC(C)C)c(N2CCOCC2)c1,0.47,9.327902142064282,1,510.6160000000004
Cc1ccc(NC(=O)c2ccnc(S(C)(=O)=O)c2)cc1-c1cnc(OC2CCOCC2)c(N2CCOCC2)c1,0.8,9.096910013008056,1,552.6530000000004
Cc1ccc(NC(=O)c2ccnc(S(C)(=O)=O)c2)cc1-c1cnc(OC[C@H](C)O)c(N2CCOCC2)c1,1.96,8.707743928643524,1,526.6150000000004
Cc1ccc(NC(=O)c2ccnnc2)cc1-c1ccnc(N2CCOCC2)c1,623.426,6.205215089417108,1,375.43200000000024
Cc1ccc(NC(=O)c2cn(C(C)C)nc2C)cc1-c1cc(N2CCOCC2)c(=O)n(C)c1,13.0,7.886056647693163,1,449.55500000000035
Cc1ccc(NC(=O)c2cn(C)nc2C)cc1-c1cc(N2CCOCC2)c(=O)n(C)c1,100.0,7.0,1,421.5010000000003
Cc1ccc(NC(=O)c2cncc(C(C)(C)C)c2)cc1-c1cc(N2CCOCC2)nc(N2CCOCC2)n1,1.851,8.732593581247096,1,516.6460000000005
Cc1ccc(NC(=O)c2cncc(C(F)(F)F)c2)cc1-c1cc(-c2cnn(C)c2)nc(N2CCOCC2)c1,1.85,8.732828271596986,1,522.5310000000004
Cc1ccc(NC(=O)c2cncc(C(F)(F)F)c2)cc1-c1cc(N2CCOCC2)c(=O)n(C)c1,2.01,8.69680394257951,1,472.4670000000003
Cc1ccc(NC(=O)c2cncc(C(F)(F)F)c2)cc1-c1cc(N2CCOCC2)c(=O)n(C)n1,1.56,8.806875401645538,1,473.4550000000003
Cc1ccc(NC(=O)c2cncc(C(F)(F)F)c2)cc1-c1cc(N2CCOCC2)n(C)c(=O)c1,0.85,9.070581074285707,1,472.4670000000003
Cc1ccc(NC(=O)c2cncc(C(F)(F)F)c2)cc1-c1cnc(OC(C)C)c(N2CCOCC2)c1,0.31,9.508638306165727,1,500.52100000000036
Cc1ccc(NC(=O)c2cncc(C(F)(F)F)c2)cc1-c1cnc(OCCO)c(N2CCOCC2)c1,1.36,8.866461091629782,1,502.4930000000004
Cc1ccc(NC(=O)c2cncc(N(C)C)c2)cc1-c1cc(N2CCOCC2)c(=O)n(C)c1,1.5244,8.81690105989987,1,447.5390000000003
Cc1ccc(NC(=O)c2cncc(N(C)C)c2)cc1-c1cc(N2CCOCC2)nc(N2CCOCC2)n1,0.4744,9.323855319643794,1,503.6070000000005
Cc1ccc(NC(=O)c2cnccn2)cc1-c1ccnc(N2CCOCC2)c1,174.2,6.758951849328356,1,375.43200000000024
Cc1ccc(NC(=O)c2cncnc2)cc1-c1ccnc(N2CCOCC2)c1,599.438,6.222255729413046,1,375.43200000000024
Cc1ccc(NC(=O)c2cnnc(C(C)(C)C#N)c2)cc1-c1cc(N2CCOCC2)c(=O)n(C)c1,6.0,8.221848749616356,1,472.5490000000004
Cc1ccc(NC(=O)c2cnnc(C(C)(C)C#N)c2)cc1-c1cc(N2CCOCC2)c(=O)n(C)n1,8.4,8.075720713938118,1,473.5370000000004
Cc1ccc(NC(=O)c2cnnc(C(C)(C)C#N)c2)cc1-c1cc(N2CCOCC2)c(OC2CCOCC2)nn1,1.3,8.886056647693163,1,543.6280000000004
Cc1ccc(NC(=O)c2cnnc(C(C)(C)C#N)c2)cc1-c1cc(N2CCOCC2)n(C)c(=O)c1,2.4,8.619788758288394,1,472.5490000000004
Cc1ccc(NC(=O)c2cnnc(C(C)(C)C#N)c2)cc1-c1cc(N2CCOCC2)n2nccc2n1,1.8,8.744727494896694,1,482.54800000000034
Cc1ccc(NC(=O)c2cnnc(C(C)(C)C#N)c2)cc1-c1cc(N2CCOCC2)nc(NCCO)n1,17.95,7.745935547085662,1,502.5790000000004
Cc1ccc(NC(=O)c2cnnc(C(C)(C)C#N)c2)cc1-c1cc(NCCO)nc(N2CCOCC2)c1,7.69,8.114073660198569,1,501.5910000000004
Cc1ccc(NC(=O)c2cnnc(C(C)(C)C#N)c2)cc1-c1cc(NCCO)nc(N2CCOCC2)c1F,70.8,7.149966742310231,1,519.5810000000005
Cc1ccc(NC(=O)c2cnnc(C(C)(C)C#N)c2)cc1-c1cc(OC2CCOCC2)nc(N2CCOCC2)c1,2.15,8.667561540084394,1,542.6400000000003
Cc1ccc(NC(=O)c2cnnc(C(C)(C)F)c2)cc1-c1cc(N2CCOCC2)c(=O)n(C)c1,3.8,8.42021640338319,1,465.52900000000034
Cc1ccc(NC(=O)c2cnnc(C(F)(F)F)c2)cc1-c1c(F)c(NCCO)nc(N2CCOCC2)c1F,29.25,7.5338741295818,1,538.4770000000004
Cc1ccc(NC(=O)c2cnnc(C(F)(F)F)c2)cc1-c1cc(N2CCOCC2)c(=O)n(C)c1,2.8,8.55284196865778,1,473.4550000000003
Cc1ccc(NC(=O)c2cnnc(C(F)(F)F)c2)cc1-c1cc(N2CCOCC2)c(=O)n(C)n1,5.3,8.275724130399212,1,474.4430000000003
Cc1ccc(NC(=O)c2cnnc(C(F)(F)F)c2)cc1-c1cc(N2CCOCC2)c(OC2CCOCC2)nn1,0.6,9.221848749616356,1,544.5340000000003
Cc1ccc(NC(=O)c2cnnc(C(F)(F)F)c2)cc1-c1cc(N2CCOCC2)c2nccn2c1,0.7,9.154901959985743,1,482.4660000000003
Cc1ccc(NC(=O)c2cnnc(C(F)(F)F)c2)cc1-c1cc(N2CCOCC2)n(C)c(=O)c1,4.5,8.346787486224656,1,473.4550000000003
Cc1ccc(NC(=O)c2cnnc(C(F)(F)F)c2)cc1-c1cc(N2CCOCC2)nc(N2CC(C)(O)C2)c1,2.99,8.52432881167557,1,528.5350000000003
Cc1ccc(NC(=O)c2cnnc(C(F)(F)F)c2)cc1-c1cc(N2CCOCC2)nc(N2CC(O)C2)c1,2.41,8.61798295742513,1,514.5080000000004
Cc1ccc(NC(=O)c2cnnc(C(F)(F)F)c2)cc1-c1cc(N2CCOCC2)nc(NCCO)c1F,5.38,8.269217724333611,1,520.4870000000004
Cc1ccc(NC(=O)c2cnnc(C(F)(F)F)c2)cc1-c1cc(NCCO)nc(N2CCOCC2)c1,3.95,8.40340290437354,1,502.49700000000036
Cc1ccc(NC(=O)c2cnnc(C(F)(F)F)c2)cc1-c1cc(NCCO)nc(N2CCOCC2)c1F,9.79,8.009217308196861,1,520.4870000000004
Cc1ccc(NC(=O)c2cnnc(C(F)(F)F)c2)cc1-c1cc(OC2CCOCC2)nc(N2CCOCC2)c1,0.66,9.18045606445813,1,543.5460000000003
Cc1ccc(NC(=O)c2cnnc(C(F)(F)F)c2)cc1-c1cc(OCCO)nc(N2CCOCC2)c1,0.57,9.244125144327509,1,503.4810000000004
Cc1ccc(NC(=O)c2cnnc(C(F)(F)F)c2)cc1-c1cnc(OC2CCOCC2)c(N2CCOCC2)c1,0.5,9.301029995663981,1,543.5460000000003
Cc1ccc(NC(=O)c2cnnc(C3(C#N)CC3)c2)cc1-c1cc(N2CCOCC2)c(=O)n(C)c1,3.37,8.47237009912866,1,470.53300000000036
Cc1ccc(NC(=O)c2cnnc(C3(C#N)CC3)c2)cc1-c1cc(N2CCOCC2)n(C)c(=O)c1,1.87,8.7281583934635,1,470.53300000000036
Cc1ccc(NC(=O)c2cnnc(C3(C#N)CC3)c2)cc1-c1cnc(OC2CCOCC2)c(N2CCOCC2)c1,0.6,9.221848749616356,1,540.6240000000004
Cc1ccc(NC(=O)c2cnnc(C3CC3)c2)cc1-c1cc(N2CCOCC2)c(=O)n(C)c1,2.9,8.537602002101044,1,445.5230000000003
Cc1ccc(NC(=O)c2cnnc(C3CC3)c2)cc1-c1cc(N2CCOCC2)c(=O)n(C)n1,2.9,8.537602002101044,1,446.5110000000003
Cc1ccc(NC(=O)c2cnnc(C3CC3)c2)cc1-c1cc(N2CCOCC2)n(C)c(=O)c1,0.9,9.045757490560675,1,445.5230000000003
Cc1ccc(NC(=O)c2cnnc(C3CC3)c2)cc1-c1cc(N2CCOCC2)nc(N2CC(C)(O)C2)c1,2.31,8.636388020107855,1,500.6030000000004
Cc1ccc(NC(=O)c2cnnc(C3CC3)c2)cc1-c1cc(NCCO)nc(N2CCOCC2)c1,1.55,8.809668301829708,1,474.56500000000034
Cc1ccc(NC(=O)c2cnnc(C3CC3)c2)cc1-c1cc(OC2CCOCC2)nc(N2CCOCC2)c1,0.6,9.221848749616356,1,515.6140000000005
Cc1ccc(NC(=O)c2cnnc(C3CC3)c2)cc1-c1cc(OCCO)nc(N2CCOCC2)c1,0.38,9.42021640338319,1,475.5490000000004
Cc1ccc(NC(=O)c2cnnc(C3CC3)c2)cc1-c1cnc(OC2CCOCC2)c(N2CCOCC2)c1,0.4,9.397940008672037,1,515.6140000000005
Cc1ccc(NC(=O)c2cnncc2C(F)F)cc1-c1cc(N2CCOCC2)nc(N2CC(O)C2)c1,682.0,6.166215625343521,1,496.5180000000004
Cc1ccc(NC(=O)c2csc(C(F)(F)F)n2)cc1-c1cc(N2CCOCC2)nc(N2CCOCC2)n1,2.1874000000000002,8.660071792221487,1,534.5640000000003
Cc1ccc(NS(=O)(=O)C(C)C)cc1Nc1ncnc2cnc(N3CCN(C)CC3)nc12,49.0,7.309803919971486,1,456.5760000000003
Cc1ccc(NS(=O)(=O)C2CC2)cc1Nc1ncnc2cnc(N3CCN(C)CC3)nc12,595.0,6.22548303427145,1,454.5600000000003
Cc1ccc(NS(=O)(=O)C2CCCCC2)cc1Nc1ncnc2cnc(N3CCN(C)CC3)nc12,10000.0,5.0,0,496.64100000000025
Cc1ccc(NS(=O)(=O)CC(C)C)cc1Nc1ncnc2cnc(N3CCN(C)CC3)nc12,10000.0,5.0,0,470.6030000000003
Cc1ccc(NS(=O)(=O)CC(F)(F)F)cc1Nc1ncnc2cnc(N3CCN(C)CC3)nc12,10000.0,5.0,0,496.5190000000003
Cc1ccc(NS(=O)(=O)CC2CC2)cc1Nc1ncnc2cnc(N3CCN(C)CC3)nc12,2000.0,5.698970004336019,0,468.5870000000003
Cc1ccc(NS(=O)(=O)CC2CCCO2)cc1Nc1ncnc2cnc(N3CCN(C)CC3)nc12,2000.0,5.698970004336019,0,498.6130000000003
Cc1ccc(NS(=O)(=O)CCC(C)C)cc1Nc1ncnc2cnc(N3CCN(C)CC3)nc12,10000.0,5.0,0,484.63000000000034
Cc1ccc(NS(=O)(=O)CCC(F)(F)F)cc1Nc1ncnc2cnc(N3CCN(C)CC3)nc12,2000.0,5.698970004336019,0,510.5460000000003
Cc1ccc(NS(=O)(=O)c2ccc3[nH]c4c(C(N)=O)nccc4c3c2)cc1,13540.0,4.8683813356508745,0,380.42900000000014
Cc1ccc(NS(=O)(=O)c2cccc(C(F)(F)F)c2)cc1Nc1ncnc2cnc(N3CCN(C)CC3)nc12,10000.0,5.0,0,558.59
Cc1ccc(NS(C)(=O)=O)cc1Nc1ncnc2cnc(N3CCN(C)CC3)nc12,10000.0,5.0,0,428.52200000000033
Cc1ccc(Nc2c(-c3ncccn3)oc3cnccc23)c2cn[nH]c12,2.4,8.619788758288394,1,342.3620000000001
Cc1ccc(Nc2nc3cc(Oc4ncnc5c4cnn5C)ccc3n2C)cc1,85.2,7.069560405233299,1,385.4310000000001
Cc1ccc(Nc2nccc3c(C#Cc4nn(C(C)C)c5ncnc(N)c45)cccc23)cc1C(F)(F)F,300.0,6.522878745280337,1,501.5160000000002
Cc1ccc(Oc2cccc3[nH]c(=O)[nH]c23)cc1NC(=O)c1cccc(OC(F)(F)F)c1,55000.0,4.259637310505756,0,443.38100000000014
Cc1ccc(Oc2ccnc(NC(=O)C3CC3)c2)cc1NC(=O)Nc1cc(C(C)(F)F)ccc1F,27.0,7.568636235841013,1,484.4780000000001
Cc1ccc(Oc2ccnc(NC(=O)C3CC3)c2)cc1NC(=O)Nc1cc(C(F)(F)F)ccc1F,11.0,7.958607314841775,1,488.4410000000001
Cc1ccc(Oc2ccnc(NC(=O)C3CC3)c2)cc1NC(=O)Nc1cc(F)cc(C(F)(F)F)c1,29.0,7.5376020021010435,1,488.4410000000001
Cc1ccc(Oc2ccnc(NC(=O)C3CC3)c2)cc1NC(=O)Nc1ccc(Cl)c(C(F)(F)F)c1,18.0,7.7447274948966935,1,504.89600000000013
Cc1ccc(S(=O)(=O)NCCCNc2nccc(-c3[nH]c(-c4ccccc4)nc3-c3ccc(Cl)c(O)c3)n2)cc1,8.04,8.094743951251548,1,575.0940000000002
Cc1ccc(S(=O)(=O)NCCCNc2nccc(-c3[nH]c(-c4ccccc4)nc3-c3ccc(F)c(O)c3)n2)cc1,8.68,8.061480274823507,1,558.6390000000002
Cc1ccc(S(=O)(=O)NCCCNc2nccc(-c3c(-c4cccc(F)c4)nc4sccn34)n2)cc1,135.5,6.868060704789575,1,522.6310000000002
Cc1ccc(S(=O)(=O)NCCCNc2nccc(-c3c(-c4cccc(O)c4)nc4sccn34)n2)cc1,13.5,7.8696662315049934,1,520.6400000000002
Cc1ccc(S(=O)(=O)NCCCNc2nccc(-c3c(-c4ccccc4)nc4sccn34)n2)cc1,303.15,6.5183424274290145,1,504.6410000000002
Cc1ccc(S(=O)(=O)NCCCNc2nccc(-n3ccc4cccnc43)n2)cc1,1000.0,6.0,1,422.5140000000001
Cc1ccc(S(=O)(=O)NCCNc2nccc(-c3c(-c4ccc(O)cc4)nc4sccn34)n2)cc1,16325.0,4.787146810052889,0,506.61300000000017
Cc1ccc(S(=O)(=O)NCCNc2nccc(-c3c(-c4cccc(N)c4)nc4sccn34)n2)cc1,59.1,7.228412519118745,1,505.6290000000002
Cc1ccc(S(=O)(=O)NCCNc2nccc(-c3c(-c4cccc(O)c4)nc4sccn34)n2)cc1,59.5,7.22548303427145,1,506.61300000000017
Cc1ccc(S(=O)(=O)NCCNc2nccc(-c3c(-c4ccccc4)nc4sccn34)n2)cc1,356.15,6.448367051319412,1,490.61400000000015
Cc1ccc(S(=O)(=O)Nc2ccc(F)c(Nc3ncccc3-c3ncnc4[nH]cnc34)c2F)o1,15.0,7.823908740944319,1,483.46000000000015
Cc1ccc2c(Nc3ccc(Cl)c(CN(C)C)c3)nccc2c1NC(=O)c1csc2c(N)ncnc12,24.5,7.610833915635467,1,518.0460000000002
Cc1ccc2c(Nc3ccc(Cl)cc3)nccc2c1NC(=O)c1csc2c(N)ncnc12,71.5,7.14569395819892,1,460.9500000000002
Cc1ccc2c(Nc3ccc(Cl)cc3)nccc2c1Nc1ncccc1-c1ccncn1,18.7,7.728158393463501,1,438.92200000000014
Cc1ccc2c(Nc3ccc(Cl)cc3)nccc2c1Nc1ncccc1-c1ncnc2[nH]cnc12,1.9000000000000001,8.721246399047171,1,478.9470000000002
Cc1ccc2c(Nc3ccc(F)c(Cl)c3)nccc2c1NC(=O)c1csc2c(N)ncnc12,105.0,6.978810700930062,1,478.9400000000002
Cc1ccc2c(Nc3ccc(O)c(Cl)c3F)nccc2c1NC(=O)c1csc2c(N)ncnc12,211.0,6.675717544702307,1,494.93900000000025
Cc1ccc2c(Nc3ccc(OC(F)F)cc3)nccc2c1NC(=O)c1csc2c(N)ncnc12,77.0,7.113509274827518,1,492.51100000000025
Cc1ccc2c(Nc3cccc(C(F)(F)F)c3)nccc2c1C#Cc1nn(C(C)C)c2ncnc(N)c12,21.0,7.6777807052660805,1,501.5160000000003
Cc1ccc2c(Nc3cccc(C(F)(F)F)c3)nccc2c1Nc1ncccc1-c1ccncn1,35.0,7.455931955649724,1,472.47400000000016
Cc1ccc2c(Nc3cccc(Cl)c3)nccc2c1NC(=O)c1csc2c(N)ncnc12,37.5,7.425968732272281,1,460.9500000000002
Cc1ccc2c(Nc3cccc(Cl)c3F)nccc2c1NC(=O)c1csc2c(N)ncnc12,47.0,7.327902142064283,1,478.9400000000002
Cc1ccc2cc(-c3c(C)ccc(C(=O)c4c(-c5ccccc5)n(C)n(-c5ccccc5)c4=O)c3N)ccc2n1,1000.0,6.0,1,524.6240000000001
Cc1ccc2cc(-c3cccc(C(F)(F)F)c3)ncc2c1C#Cc1nn(C(C)C)c2ncnc(N)c12,1172.0,5.931072388317928,0,486.50100000000026
Cc1ccc2cc(C(=O)Nc3cc(NC(=O)c4ccc5c(c4)OCCO5)ccc3C)ccc2n1,366.7175,6.435668364726912,1,453.4980000000003
Cc1ccc2nc(C3C4Oc5ccc(Oc6ccnc7c6CCC(=O)N7)cc5C43)[nH]c2c1,3.7000000000000006,8.431798275933005,1,424.4600000000002
Cc1cccc(-c2n[nH]cc2-c2ccc3ncccc3n2)n1,16000.0,4.795880017344075,0,287.3260000000001
Cc1cccc(-n2nc(C(C)(C)C)cc2NC(=O)Nc2ccc(Oc3ccnc4[nH]c(=O)cnc34)cc2F)c1,55.5,7.255707016877324,1,527.5600000000003
Cc1cccc(C(=O)Nc2ccc(C)c(C(=O)Nc3cccnc3)c2)c1,16.0,7.795880017344075,1,345.40200000000004
Cc1cccc(C(=O)Nc2cccc(Nc3ccnc(NC(=O)C4CC4)c3)c2)c1,1210.0,5.91721462968355,0,386.4550000000002
Cc1cccc(C)c1-n1c(=O)c2cnc(Nc3ccc(N4CCN(C)CC4)cc3)nc2n2c3ccccc3nc12,540.0,6.267606240177032,1,530.6360000000003
Cc1cccc(C)c1NC(=O)CSc1nnc(CN2CCOCC2)n1C,100000.0,4.0,0,375.4980000000003
Cc1cccc(Cl)c1N1C(=O)c2ccccc2C1(O)c1ccc2nc(Nc3cnccn3)[nH]c2c1,100.0,7.0,1,482.93100000000015
Cc1cccc(Cl)c1NC(=O)N[C@@H]1[C@H]2Oc3ccc(Oc4ccnc5c4CCC(=O)N5)cc3[C@@H]12,5100.0,5.292429823902063,0,476.9200000000003
Cc1cccc(Cl)c1S(=O)(=O)Nc1ccc(F)c(Nc2ncccc2-c2ncnc3[nH]cnc23)c1F,80.0,7.096910013008056,1,527.9440000000002
Cc1cccc(F)c1C(=O)N[C@@H]1[C@H]2Oc3ccc(Oc4ccnc5c4CCC(=O)N5)cc3[C@@H]12,7.5,8.1249387366083,1,445.4500000000003
Cc1cccc(N2C(=O)/C(=C\c3ccc(CN(CCC#N)S(C)(=O)=O)o3)C(=O)NC2=S)c1,500.0,6.301029995663981,1,472.5480000000002
Cc1cccc(N2C(=O)c3ccccc3C2(O)c2ccc3c(c2)NC(=O)CO3)c1,100.0,7.0,1,386.40700000000015
Cc1cccc(N2C(=O)c3ccccc3C2(O)c2ccc3nc(Nc4cnccn4)[nH]c3c2)c1,100.0,7.0,1,448.4860000000001
Cc1cccc(N2C(=O)c3ccccc3C2(O)c2ccc3nc(Nc4ncccn4)[nH]c3c2)c1,100.0,7.0,1,448.4860000000001
Cc1ccccc1-c1ccc(C(=O)N2N=C(c3cccnc3)CC2c2ccccc2O)s1,789.5,6.102647865655687,1,439.54000000000013
Cc1ccccc1N1C(=O)c2ccccc2C1(O)c1ccc2c(c1)NC(=O)CO2,1000.0,6.0,1,386.40700000000015
Cc1ccccc1S(=O)(=O)Nc1ccc(F)c(Nc2ncccc2-c2ncnc3[nH]cnc23)c1F,50.0,7.301029995663981,1,493.49900000000014
Cc1ccnc(-c2cnc3[nH]cc(C(=O)c4cccc(NS(=O)(=O)N5CCCC5)c4F)c3c2)n1,100.0,7.0,1,480.5250000000003
Cc1ccnc(Nc2nc3cc(C4(O)c5ccccc5C(=O)N4c4cccc(Cl)c4F)ccc3[nH]2)n1,100.0,7.0,1,500.92100000000016
Cc1ccncc1NC(=O)N[C@@H]1[C@H]2Oc3ccc(Oc4ccnc5c4CCC(=O)N5)cc3[C@@H]12,2600.0,5.585026652029182,0,443.46300000000025
Cc1cn(-c2cc(C(=O)Nc3cccc(-c4cc(C(C)C)n[nH]4)c3)cc(C(F)(F)F)c2)cn1,9420.0,5.025949097207122,0,453.4680000000001
Cc1cn(-c2cc(NC(=O)c3ccc(C)c(-c4cc(N5CCOCC5)c(=O)n(C)c4)c3)cc(C(F)(F)F)c2)cn1,10.05,7.997833938243493,1,551.5690000000003
Cc1cn(-c2cc(NC(=O)c3ccc(C)c(Nc4ncnc5c(N)nc(N6CCN(C)CC6)nc45)c3)cc(C(F)(F)F)c2)cn1,54.0,7.267606240177032,1,617.6400000000004
Cc1cn(-c2cc(NC(=O)c3ccc(C)c(Nc4ncnc5cnc(N6CCC(F)(F)C6)nc45)c3)cc(C(F)(F)F)c2)cn1,3.0,8.522878745280337,1,609.5630000000003
Cc1cn(-c2cc(NC(=O)c3ccc(C)c(Nc4ncnc5cnc(N6CC[C@H](F)C6)nc45)c3)cc(C(F)(F)F)c2)cn1,4.0,8.397940008672037,1,591.5730000000003
Cc1cn(-c2cc(NC(=O)c3ccc(C)c(Nc4ncnc5cnc(NC6CCOC6)nc45)c3)cc(C(F)(F)F)c2)cn1,1.0,9.0,1,589.5820000000003
Cc1cn(-c2cc(Nc3nccc4c(C#Cc5nn(C(C)C)c6ncnc(N)c56)cccc34)cc(C(F)(F)F)c2)cn1,300.0,6.522878745280337,1,567.5790000000002
Cc1cn(-c2ncc3ncnc(Nc4cc(C(=O)Nc5cc(C(C)(C)C)n[nH]5)ccc4C)c3n2)cn1,6.0,8.221848749616356,1,482.55200000000025
Cc1cn(-c2ncc3ncnc(Nc4cc(C(=O)Nc5cc(C(C)(C)C)on5)ccc4C)c3n2)cn1,2.0,8.698970004336019,1,483.5360000000003
Cc1cn(CCN2CCN(c3ccccc3-c3cc(C#N)cc(C(=O)NCCCN4CCCC4)c3)CC2)c2ccccc12,20000.0,4.698970004336019,0,574.7730000000006
Cc1cnc(-c2cc(Cl)ccc2F)cc1-n1c(=O)n(CC(N)=O)c2cnccc21,5000.0,5.301029995663981,0,411.8240000000002
Cc1cnc(-c2cc(Oc3ccc4c(c3)nc(Nc3cc(C(F)(F)F)ccc3F)n4C)ccn2)[nH]1,620.0,6.2076083105017466,1,482.4410000000001
Cc1cnc2[nH]cc(C(=O)c3c(F)ccc(NS(=O)(=O)c4c(F)cccc4F)c3F)c2c1,100.0,7.0,1,463.41200000000015
Cc1cnc2[nH]cc(C(=O)c3c(F)ccc(NS(=O)(=O)c4cc(F)ccc4F)c3F)c2c1,55.0,7.259637310505756,1,463.41200000000015
Cc1cnc2[nH]cc(C(=O)c3c(F)ccc(NS(=O)(=O)c4cccc(F)c4)c3F)c2c1,55.0,7.259637310505756,1,445.42200000000014
Cc1cnc2[nH]cc(C(=O)c3c(F)ccc(NS(=O)(=O)c4ccccc4F)c3F)c2c1,55.0,7.259637310505756,1,445.42200000000014
Cc1cnc2[nH]cc(C(=O)c3c(F)ccc(NS(=O)(=O)c4cccnc4)c3F)c2c1,10.0,8.0,1,428.42000000000013
Cc1cnc2[nH]cc(C(=O)c3c(F)ccc(N[S+]([O-])C(C)C)c3F)c2c1,127.0,6.896196279044043,1,377.4160000000001
Cc1cnc2[nH]cc(C(=O)c3cccc(NS(=O)(=O)N4CCCC4)c3F)c2c1,100.0,7.0,1,402.45100000000025
Cc1cncc(NC(=O)c2cc(NC(=O)c3cccc(C(C)(C)C#N)c3)ccc2C)c1,16.0,7.795880017344075,1,412.49300000000017
Cc1cncn1-c1cc(C(=O)Nc2cccc(CNc3ccc4c(C(=O)N[C@@H](C)C(N)=O)[nH]nc4c3)c2)cc(C(F)(F)F)c1,8635.0,5.063737658096523,0,604.5930000000003
Cc1n[nH]c(C)c1S(=O)(=O)Nc1ccc(F)c(Nc2ncccc2-c2ncnc3[nH]cnc23)c1F,608.0,6.216096420727265,1,497.4910000000001
Cc1n[nH]c2ncc(C#Cc3c(F)ccc(NS(=O)(=O)c4cccnc4)c3F)cc12,25.0,7.6020599913279625,1,425.42000000000013
Cc1nc(-c2ccc(C(=O)N3N=C(c4cccnc4)CC3c3ccccc3O)s2)cs1,108.5,6.964570261815451,1,446.55700000000013
Cc1nc(-c2cccc(NC(=O)c3ccc(C)c(-c4cc(N5CCOCC5)c(=O)n(C)c4)c3)c2)no1,27.8,7.555955204081924,1,485.54400000000027
Cc1nc(-c2ccccc2)sc1C(=O)N1N=C(c2cccnc2)CC1c1ccccc1O,668.95,6.174606341926642,1,440.5280000000001
Cc1nc(-c2cccnc2)sc1C(=O)N1N=C(c2cccnc2)CC1c1ccccc1O,474.05,6.324175849087762,1,441.51600000000013
Cc1nc(-c2cccnc2Nc2cccc3n[nH]cc23)c2[nH]cnc2n1,1000.0,6.0,1,342.3660000000001
Cc1nc(-c2cccnc2Nc2cccc3n[nH]cc23)c2c[nH]nc2n1,1000.0,6.0,1,342.3660000000001
Cc1nc(-c2cnccn2)sc1C(=O)N1N=C(c2cccnc2)CC1c1ccccc1O,358.25,6.445813800930618,1,442.50400000000013
Cc1nc(C(=O)Nc2cnc(C)c(-c3cc(N4CCOCC4)c(=O)n(C)c3)c2)c(C)o1,2800.0,5.552841968657781,0,423.4730000000002
Cc1nc(C)c(S(=O)(=O)Nc2ccc(F)c(Nc3ncccc3-c3ncnc4[nH]cnc34)c2F)s1,160.0,6.795880017344075,1,514.5430000000001
Cc1nc(N)c(F)c(-c2cccnc2Nc2cccc3[nH]ncc23)n1,1000.0,6.0,1,335.34600000000006
Cc1nc(N)c2c(-c3ccc4c(c3)CCN4CC(=O)c3cc(F)cc(C(F)(F)F)c3)cn(C)c2n1,1000.0,6.0,1,483.46900000000005
Cc1nc(N)cc(-c2cccnc2Nc2cccc(O)c2)n1,1000.0,6.0,1,293.33000000000004
Cc1nc(N)cc(-c2cccnc2Nc2cccc3[nH]ncc23)n1,1000.0,6.0,1,317.35600000000005
Cc1nc(N)nc(-c2cccnc2Nc2cccc(O)c2)n1,1000.0,6.0,1,294.31800000000004
Cc1nc(N)nc(-c2cccnc2Nc2cccc3[nH]ccc23)n1,1000.0,6.0,1,317.35600000000005
Cc1nc(N)nc(-c2cccnc2Nc2cccc3[nH]ncc23)n1,1000.0,6.0,1,318.34400000000005
Cc1nc(NCC#N)nc(-n2c(Nc3cccc(O)c3)nc3ccccc32)n1,1200.0,5.920818753952375,0,372.3920000000001
Cc1nc(Nc2cccc(NC(=O)Nc3ccc(Cl)c(C(F)(F)F)c3)c2)cc(N2CCOCC2)n1,206.5,6.6850799440075805,1,506.9160000000003
Cc1nc2c(F)cc(-c3nc(Nc4ccc5c(n4)CCN(CCN(C)C)C5)ncc3F)cc2n1C(C)C,8294.0,5.081235968972001,0,506.6050000000003
Cc1nc2c(Oc3ccc(NC(=O)Nc4cc(C(C)(C)C)nn4-c4ccccc4)c4ccccc34)ccnc2[nH]c1=O,37.5,7.425968732272281,1,559.6300000000001
Cc1nc2c(Oc3ccc(NC(=O)Nc4cc(C(F)(F)F)ccc4F)c(F)c3)ccnc2[nH]c1=O,296.5,6.527975302299718,1,491.3760000000001
Cc1nc2c(Oc3ccc(NC(=O)Nc4cc(C(F)(F)F)ccc4F)c4ccccc34)ccnc2[nH]c1=O,33.0,7.481486060122112,1,523.4460000000001
Cc1nc2c(Oc3cccc(NC(=O)c4cccc(C(C)(C)C)c4)c3)ccnc2[nH]c1=O,720.0,6.142667503568732,1,428.49200000000013
Cc1nc2cc(-c3c(C)ccc(C(=O)c4c(-c5ccccc5)n(C)n(-c5ccccc5)c4=O)c3N)ccc2s1,1000.0,6.0,1,530.6530000000001
Cc1nc2cc(C3(O)c4ccccc4C(=O)N3Cc3ccccc3)ccc2[nH]1,10000.0,5.0,0,369.424
Cc1nc2ccc(-c3c(C)ccc(C(=O)c4c(-c5ccccc5)n(C)n(-c5ccccc5)c4=O)c3N)cc2s1,1000.0,6.0,1,530.6530000000001
Cc1nc2ccc(S(=O)(=O)Nc3ccc(F)c(Nc4ncccc4-c4ncnc5[nH]cnc45)c3F)cc2s1,400.0,6.3979400086720375,1,550.5760000000001
Cc1nc2cnccn2c1Nc1ccc(Cl)cc1,1200.0,5.920818753952375,0,258.712
Cc1nc2nccc(Oc3ccc(NC(=O)Nc4cc(C(C)(C)C)nn4-c4ccccc4)c(F)c3)c2[nH]c1=O,4445.0,5.352128234693767,0,527.5600000000002
Cc1nc2nccc(Oc3ccc(NC(=O)Nc4cc(C(C)(C)C)nn4-c4ccccc4)c4ccccc34)c2[nH]c1=O,1570.5,5.803962059265476,0,559.6300000000002
Cc1nc2nccc(Oc3ccc(NC(=O)Nc4cc(C(F)(F)F)ccc4F)c(F)c3)c2[nH]c1=O,10129.0,4.994433428866706,0,491.3760000000001
Cc1nc2nccc(Oc3ccc(NC(=O)Nc4cc(C(F)(F)F)ccc4F)c4ccccc34)c2[nH]c1=O,1754.0,5.7559704109699785,0,523.4460000000001
Cc1ncc(-c2cnc3[nH]cc(C(=O)c4cccc(NS(=O)(=O)N(C)C)c4F)c3c2)cn1,100.0,7.0,1,454.48700000000014
Cc1ncc(-c2cnc3[nH]cc(C(=O)c4cccc(NS(=O)(=O)N(C)CC5CC5)c4F)c3c2)cn1,100.0,7.0,1,494.55200000000025
Cc1ncc(-c2cnc3[nH]cc(C(=O)c4cccc(NS(=O)(=O)N5CCCC5)c4F)c3c2)cn1,100.0,7.0,1,480.52500000000026
Cc1ncc(C(=O)Nc2cccc(C(C)(C)C#N)c2)cc1-c1cc(N2CCOCC2)c(=O)n(C)c1,44.9,7.347753658996677,1,471.5610000000004
Cc1ncc(C(=O)Nc2cccc(C(C)(C)O)c2)cc1-c1cc(N2CCOCC2)c(=O)n(C)c1,100.0,7.0,1,462.55000000000035
Cc1ncc(C(=O)Nc2cccc(C(F)(F)F)c2)cc1-c1cc(N2CCOCC2)c(=O)n(C)c1,6.2,8.207608310501746,1,472.4670000000003
Cc1ncc(C(=O)Nc2cccc(C(F)(F)F)c2)cc1-c1cc(N2CCOCC2=O)nc(N2CCOCC2)n1,3.0,8.522878745280337,1,542.5180000000003
Cc1ncc(C(=O)Nc2cccc(C(F)F)c2)cc1-c1cc(N2CCOCC2)c(=O)n(C)c1,12.0,7.920818753952375,1,454.4770000000004
Cc1ncc(N(C)C(=O)c2cccc(C(F)(F)F)c2)cc1-c1cnc(OC2CCOCC2)c(N2CCOCC2)c1,62.2,7.206209615309182,1,556.5850000000003
Cc1ncc(NC(=O)c2cc(C(C)(C)C#N)ccn2)cc1-c1cccc(C2(C)COC2)c1,7736.0,5.111483538925055,0,426.52000000000027
Cc1ncc(NC(=O)c2cc(C(C)(C)C#N)ccn2)cc1-c1cnc(OC(C)C)c(N2CCOCC2)c1,9.15,8.038578905933552,1,500.6030000000004
Cc1ncc(NC(=O)c2cc(C(C)(C)C#N)ccn2)cc1-c1cnc(OC(F)F)c(N2CCOCC2)c1,7.65,8.116338564846382,1,508.52900000000034
Cc1ncc(NC(=O)c2cc(C(C)(C)C#N)ccn2)cc1-c1cnc(OC2CC3(COC3)C2)c(N2CCOCC2)c1,8.79,8.056011124926227,1,554.6510000000003
Cc1ncc(NC(=O)c2cc(C(C)(C)C#N)ccn2)cc1-c1cnc(OC2CCOCC2)c(N2CCOCC2)c1,9.51,8.021819483062586,1,542.6400000000003
Cc1ncc(NC(=O)c2cc(C(C)(C)C#N)ccn2)cc1-c1cnc(OCCO)c(N2CCOCC2)c1,15.9,7.798602875679548,1,502.57500000000044
Cc1ncc(NC(=O)c2cc(C(C)(C)F)ccn2)cc1-c1cnc(OC(C)C)c(N2CCOCC2)c1,6.23,8.20551195334083,1,493.58300000000037
Cc1ncc(NC(=O)c2cc(C(C)(C)F)ccn2)cc1-c1cnc(OC2CC3(COC3)C2)c(N2CCOCC2)c1,3.72,8.429457060118102,1,547.6310000000003
Cc1ncc(NC(=O)c2cc(C(C)(C)F)ccn2)cc1-c1cnc(OCCO)c(N2CCOCC2)c1,8.27,8.082494490447454,1,495.5550000000004
Cc1ncc(NC(=O)c2cc(C(C)(C)O)ccn2)cc1-c1cnc(OC(C)C)c(N2CCOCC2)c1,19.2,7.716698771296451,1,491.5920000000004
Cc1ncc(NC(=O)c2cc(C(C)(C)O)ccn2)cc1-c1cnc(OC2CC3(COC3)C2)c(N2CCOCC2)c1,18.0,7.7447274948966935,1,545.6400000000003
Cc1ncc(NC(=O)c2cc(C(C)(C)O)ccn2)cc1-c1cnc(OCCO)c(N2CCOCC2)c1,37.0,7.431798275933005,1,493.5640000000004
Cc1ncc(NC(=O)c2cc(C(C)(F)F)ccn2)cc1-c1cnc(OC(C)C)c(N2CCOCC2)c1,2.94,8.531652669587842,1,497.5460000000004
Cc1ncc(NC(=O)c2cc(C(C)(F)F)ccn2)cc1-c1cnc(OCCO)c(N2CCOCC2)c1,2.78,8.555955204081924,1,499.5180000000004
Cc1ncc(NC(=O)c2cc(C(C)C)on2)cc1-c1cc(N2CCOCC2)c(=O)n(C)c1,5.9,8.229147988357855,1,437.50000000000034
Cc1ncc(NC(=O)c2cc(C(F)(F)F)cc(S(C)(=O)=O)c2)cc1-c1ccnc(N2CCOCC2)c1,4.83,8.316052869248487,1,520.5330000000004
Cc1ncc(NC(=O)c2cc(C(F)(F)F)ccn2)cc1-c1cc(N2CCOCC2)c(OC2CCOCC2)nn1,1.2,8.920818753952375,1,544.5340000000003
Cc1ncc(NC(=O)c2cc(C(F)(F)F)ccn2)cc1-c1cc(N2CCOCC2)c(OCC(F)F)nn1,1.31,8.882728704344236,1,524.4500000000003
Cc1ncc(NC(=O)c2cc(C(F)(F)F)ccn2)cc1-c1cc(N2CCOCC2)c(S(C)(=O)=O)nn1,5.46,8.262807357295262,1,522.5090000000004
Cc1ncc(NC(=O)c2cc(C(F)(F)F)ccn2)cc1-c1cc(N2CCOCC2)c2nccn2c1,2.4,8.619788758288394,1,482.4660000000003
Cc1ncc(NC(=O)c2cc(C(F)(F)F)ccn2)cc1-c1cc(N2CCOCC2)c2nccn2n1,1.3,8.886056647693163,1,483.4540000000003
Cc1ncc(NC(=O)c2cc(C(F)(F)F)ccn2)cc1-c1cc(N2CCOCC2)n2nccc2n1,1.4,8.853871964321762,1,483.4540000000003
Cc1ncc(NC(=O)c2cc(C(F)(F)F)ccn2)cc1-c1cnc(OC2CCOCC2)c(N2CCOCC2)c1,2.17,8.66354026615147,1,543.5460000000003
Cc1ncc(NC(=O)c2cc(C(F)(F)F)ccn2)cc1-c1cnc(OCCO)c(N2CCOCC2)c1,3.2,8.494850021680094,1,503.4810000000004
Cc1ncc(NC(=O)c2cc(C(F)(F)F)nn2C)cc1-c1cc(N2CCOCC2)c(=O)n(C)c1,900.0,6.045757490560675,1,476.45900000000034
Cc1ncc(NC(=O)c2cc(C3CC3)nn2C)cc1-c1cc(N2CCOCC2)c(=O)n(C)c1,200.0,6.698970004336019,1,448.5270000000003
Cc1ncc(NC(=O)c2cc(C3CC3)nn2C)cc1-c1cc2[nH]cnc2c(N2CCOCC2)n1,18.2,7.739928612014925,1,458.5260000000003
Cc1ncc(NC(=O)c2cc(C3CC3)on2)cc1-c1cc(N2CCOCC2)c(=O)n(C)c1,12.75,7.894489815230026,1,435.48400000000026
Cc1ncc(NC(=O)c2cc(C3CC3)on2)cc1-c1cc(N2CCOCC2)nc(N2CC(O)C2)c1,6.58,8.181774106386044,1,476.5370000000003
Cc1ncc(NC(=O)c2cc(C3CC3)on2)cc1-c1cc2[nH]cnc2c(N2CCOCC2)n1,1.4,8.853871964321762,1,445.48300000000023
Cc1ncc(NC(=O)c2cc(CN(C)C)cc(C(F)(F)F)c2)cc1-c1cc(N2CCOCC2)c(=O)n(C)c1,100.0,7.0,1,529.5630000000003
Cc1ncc(NC(=O)c2cc(CN(C)C)cc(C(F)(F)F)c2)cc1-c1cc(N2CCOCC2)nc(N2CC(O)C2)c1,108.0,6.966576244513051,1,570.6160000000003
Cc1ncc(NC(=O)c2cc(CN(C)C)cc(C(F)(F)F)c2)cc1-c1ccc(C#N)c(N2CCOCC2)c1,21.2,7.673664139071248,1,523.5590000000003
Cc1ncc(NC(=O)c2cc(CN(C)C)cc(C(F)(F)F)c2)cc1-c1cnc(C#N)c(N2CCOCC2)c1,36.75,7.434742656579786,1,524.5470000000004
Cc1ncc(NC(=O)c2cc(CN(C)C)cc(C(F)(F)F)c2)cc1-c1cnc(N(C)C)c(N2CCOCC2)c1,2.4,8.619788758288394,1,542.6060000000001
Cc1ncc(NC(=O)c2ccc(C#N)c(C(F)(F)F)c2)cc1-c1cc(N2CCOCC2)c2nccn2c1,6.5,8.187086643357144,1,506.48800000000034
Cc1ncc(NC(=O)c2ccc(C#N)c(C(F)(F)F)c2)cc1-c1cc(N2CCOCC2)c2nccn2n1,6.5,8.187086643357144,1,507.47600000000034
Cc1ncc(NC(=O)c2ccc(C(O)CO)c(C(F)(F)F)c2)cc1-c1cc(N2CCOCC2)c2nccn2n1,2.8,8.55284196865778,1,542.5180000000003
Cc1ncc(NC(=O)c2ccc(CBr)c(C(F)(F)F)c2)cc1-c1cc(N2CCOCC2)c2nccn2c1,12.15,7.915423722065669,1,574.4010000000003
Cc1ncc(NC(=O)c2ccc(CBr)c(C(F)(F)F)c2)cc1-c1cc(N2CCOCC2)c2nccn2n1,6.6,8.18045606445813,1,575.3890000000002
Cc1ncc(NC(=O)c2ccc(F)c(OC(C)C)c2)cc1-c1cc(N2CCOCC2)c(=O)n(C)c1,10.9,7.962573502059376,1,480.54000000000036
Cc1ncc(NC(=O)c2cccc(-c3nnco3)c2)cc1-c1cc(N2CCOCC2)nc(N2CC(O)C2)c1,34.95,7.4565528199183,1,513.5580000000004
Cc1ncc(NC(=O)c2cccc(-c3nnco3)c2)cc1-c1cc2[nH]cnc2c(N2CCOCC2)n1,7.7,8.113509274827518,1,482.50400000000036
Cc1ncc(NC(=O)c2cccc(C(C)(C)C#N)c2)cc1-c1cc(N2CCOCC2)c(=O)n(C)c1,64.1,7.193141970481182,1,471.5610000000004
Cc1ncc(NC(=O)c2cccc(C(C)(C)S(C)(=O)=O)c2)cc1-c1cc(N2CCOCC2)n(C)c(=O)c1,59.9,7.2225731776106885,1,524.6430000000005
Cc1ncc(NC(=O)c2cccc(C(C)(C)S(C)(=O)=O)c2)cc1-c1cc(N2CCOCC2)nc(N2CC(O)C2)c1,1115.0,5.952725132615821,0,565.6960000000005
Cc1ncc(NC(=O)c2cccc(C(C)(F)F)c2)cc1-c1cc(N2CCOCC2)c(=O)n(C)c1,4.6,8.337242168318426,1,468.50400000000036
Cc1ncc(NC(=O)c2cccc(C(C)(F)F)c2)cc1-c1ccnc(N2CCOCC2)c1,2.1886,8.659833605113924,1,438.4780000000003
Cc1ncc(NC(=O)c2cccc(C(F)(F)F)c2)cc1-c1c[nH]c(=O)c(N2CCOCC2)n1,4.4702,8.349673045782318,1,459.4280000000003
Cc1ncc(NC(=O)c2cccc(C(F)(F)F)c2)cc1-c1cc(C2(F)COC2)c(=O)n(CCCO)c1,67935.0,4.167906420261361,0,505.46800000000036
Cc1ncc(NC(=O)c2cccc(C(F)(F)F)c2)cc1-c1cc(N2CCNCC2)nc(N2CCOCC2)c1,4.64,8.33348201944512,1,526.5630000000004
Cc1ncc(NC(=O)c2cccc(C(F)(F)F)c2)cc1-c1cc(N2CCOC(c3ncc[nH]3)C2)c2nccn2n1,1400.0,5.853871964321762,0,548.5290000000002
Cc1ncc(NC(=O)c2cccc(C(F)(F)F)c2)cc1-c1cc(N2CCOCC2)c(=O)n(C(C)C)c1,28.936,7.538561504246436,1,500.52100000000036
Cc1ncc(NC(=O)c2cccc(C(F)(F)F)c2)cc1-c1cc(N2CCOCC2)c(=O)n(C)c1,3.7464,8.426385855225977,1,472.4670000000003
Cc1ncc(NC(=O)c2cccc(C(F)(F)F)c2)cc1-c1cc(N2CCOCC2)c(=O)n(C)n1,6.913285714285714,8.160315494097812,1,473.4550000000003
Cc1ncc(NC(=O)c2cccc(C(F)(F)F)c2)cc1-c1cc(N2CCOCC2)c(=O)n(C2CCOCC2)c1,5.781999999999999,8.23792191266536,1,542.5580000000003
Cc1ncc(NC(=O)c2cccc(C(F)(F)F)c2)cc1-c1cc(N2CCOCC2)c(=O)n(CCC#N)c1,11.2,7.950781977329818,1,511.5040000000004
Cc1ncc(NC(=O)c2cccc(C(F)(F)F)c2)cc1-c1cc(N2CCOCC2)c(=O)n(CCO)c1,13.930000000000001,7.856048883576037,1,502.4930000000004
Cc1ncc(NC(=O)c2cccc(C(F)(F)F)c2)cc1-c1cc(N2CCOCC2)c(=O)n(CCS(C)(=O)=O)c1,19.886000000000003,7.7014525649212935,1,564.5860000000005
Cc1ncc(NC(=O)c2cccc(C(F)(F)F)c2)cc1-c1cc(N2CCOCC2)c(OC2CCOCC2)nn1,1.3,8.886056647693163,1,543.5460000000003
Cc1ncc(NC(=O)c2cccc(C(F)(F)F)c2)cc1-c1cc(N2CCOCC2)c(OCC(F)F)nn1,1.17,8.931814138253838,1,523.4620000000003
Cc1ncc(NC(=O)c2cccc(C(F)(F)F)c2)cc1-c1cc(N2CCOCC2)c(S(C)(=O)=O)nn1,4.11,8.38615817812393,1,521.5210000000003
Cc1ncc(NC(=O)c2cccc(C(F)(F)F)c2)cc1-c1cc(N2CCOCC2)c2nccn2c1,10.775,7.967582721167231,1,481.4780000000003
Cc1ncc(NC(=O)c2cccc(C(F)(F)F)c2)cc1-c1cc(N2CCOCC2)c2nccn2n1,1.4,8.853871964321762,1,482.4660000000003
Cc1ncc(NC(=O)c2cccc(C(F)(F)F)c2)cc1-c1cc(N2CCOCC2)cn(C)c1=O,82.814,7.0818962379882535,1,472.4670000000003
Cc1ncc(NC(=O)c2cccc(C(F)(F)F)c2)cc1-c1cc(N2CCOCC2)cnn1,7.1012,8.148668255598936,1,443.42900000000026
Cc1ncc(NC(=O)c2cccc(C(F)(F)F)c2)cc1-c1cc(N2CCOCC2)n(C)c(=O)c1,6.894,8.161528720928072,1,472.4670000000003
Cc1ncc(NC(=O)c2cccc(C(F)(F)F)c2)cc1-c1cc(N2CCOCC2)n2nccc2n1,1.3,8.886056647693163,1,482.4660000000003
Cc1ncc(NC(=O)c2cccc(C(F)(F)F)c2)cc1-c1cc(N2CCOCC2)nc(C(C)(C)O)n1,200.0,6.698970004336019,1,501.50900000000036
Cc1ncc(NC(=O)c2cccc(C(F)(F)F)c2)cc1-c1cc(N2CCOCC2)nc(N(C)C)n1,11.15,7.952725132615821,1,486.49800000000033
Cc1ncc(NC(=O)c2cccc(C(F)(F)F)c2)cc1-c1cc(N2CCOCC2)nc(N2C(=O)OC[C@@H]2C)n1,10.9,7.962573502059376,1,542.5180000000004
Cc1ncc(NC(=O)c2cccc(C(F)(F)F)c2)cc1-c1cc(N2CCOCC2)nc(N2CC(O)C2)c1,3.84,8.415668775632469,1,513.5200000000004
Cc1ncc(NC(=O)c2cccc(C(F)(F)F)c2)cc1-c1cc(N2CCOCC2)nc(N2CC(O)C2)n1,11.05,7.95663772197887,1,514.5080000000004
Cc1ncc(NC(=O)c2cccc(C(F)(F)F)c2)cc1-c1cc(N2CCOCC2)nc(N2CCC(O)C2)c1,2.34,8.630784142589857,1,527.5470000000004
Cc1ncc(NC(=O)c2cccc(C(F)(F)F)c2)cc1-c1cc(N2CCOCC2)nc(N2CCNCC2)n1,20.0,7.698970004336019,1,527.5510000000004
Cc1ncc(NC(=O)c2cccc(C(F)(F)F)c2)cc1-c1cc(N2CCOCC2)nc(N2CCOCC2)c1,0.6188,9.20844969497267,1,527.5470000000004
Cc1ncc(NC(=O)c2cccc(C(F)(F)F)c2)cc1-c1cc(N2CCOCC2)nc(N2CCOCC2)n1,1.812,8.741841806659206,1,528.5350000000003
Cc1ncc(NC(=O)c2cccc(C(F)(F)F)c2)cc1-c1cc(N2CCOCC2)nc(NC(C)(C)CO)n1,1.8,8.744727494896694,1,530.5510000000004
Cc1ncc(NC(=O)c2cccc(C(F)(F)F)c2)cc1-c1cc(N2CCOCC2)nc(NC2CNC2)n1,5.5,8.259637310505756,1,513.5240000000003
Cc1ncc(NC(=O)c2cccc(C(F)(F)F)c2)cc1-c1cc(N2CCOCC2)nc(NCCO)n1,4.3,8.366531544420413,1,502.49700000000036
Cc1ncc(NC(=O)c2cccc(C(F)(F)F)c2)cc1-c1cc(N2CCOCC2)nc(NC[C@H](C)O)n1,2.1,8.67778070526608,1,516.5240000000003
Cc1ncc(NC(=O)c2cccc(C(F)(F)F)c2)cc1-c1cc(N2CCOCC2)nc(N[C@@H](C)CO)n1,3.6,8.443697499232712,1,516.5240000000003
Cc1ncc(NC(=O)c2cccc(C(F)(F)F)c2)cc1-c1cc(N2CCOCC2)nc(N[C@H](C)CO)n1,1.9,8.721246399047171,1,516.5240000000003
Cc1ncc(NC(=O)c2cccc(C(F)(F)F)c2)cc1-c1cc(N2CCOCC2)nc(OC2CNC2)n1,25000.0,4.6020599913279625,0,514.5080000000004
Cc1ncc(NC(=O)c2cccc(C(F)(F)F)c2)cc1-c1cc(N2CCOCC2)nc(OCCO)n1,1.853,8.732124580681102,1,503.4810000000004
Cc1ncc(NC(=O)c2cccc(C(F)(F)F)c2)cc1-c1cc(N2CCOCC2=O)nc(N2CCOCC2)n1,2.998666666666667,8.523071807956068,1,542.5180000000003
Cc1ncc(NC(=O)c2cccc(C(F)(F)F)c2)cc1-c1ccc(C#N)c(N2CCOCC2)c1,2.9,8.537602002101044,1,466.4630000000003
Cc1ncc(NC(=O)c2cccc(C(F)(F)F)c2)cc1-c1ccc(S(C)(=O)=O)c(N2CCOCC2)c1,0.8,9.096910013008056,1,519.5450000000004
Cc1ncc(NC(=O)c2cccc(C(F)(F)F)c2)cc1-c1cccc(C2COC2)c1,3642.5,5.438600439557972,0,412.4110000000002
Cc1ncc(NC(=O)c2cccc(C(F)(F)F)c2)cc1-c1ccnc(N2CCOCC2)c1,1.2242000000000002,8.912147624836832,1,442.44100000000026
Cc1ncc(NC(=O)c2cccc(C(F)(F)F)c2)cc1-c1ccnc(N2CCOCC2=O)c1,43.0,7.366531544420414,1,456.42400000000026
Cc1ncc(NC(=O)c2cccc(C(F)(F)F)c2)cc1-c1ccnc(N2CCO[C@H](CNC(=O)CO)C2)c1,12.378,7.907349521643205,1,529.5190000000002
Cc1ncc(NC(=O)c2cccc(C(F)(F)F)c2)cc1-c1cnc(C#N)c(N2CCOCC2)c1,3.8,8.42021640338319,1,467.4510000000003
Cc1ncc(NC(=O)c2cccc(C(F)(F)F)c2)cc1-c1cnc(C(C)(C)C#N)c(N2CCOCC2)c1,3.7,8.431798275933005,1,509.5320000000004
Cc1ncc(NC(=O)c2cccc(C(F)(F)F)c2)cc1-c1cnc(C=C2CCOCC2)c(N2CCOCC2)c1,1.93,8.714442690992227,1,538.5700000000004
Cc1ncc(NC(=O)c2cccc(C(F)(F)F)c2)cc1-c1cnc(CC2(O)CCOCC2)c(N2CCOCC2)c1,9.66,8.015022873584506,1,556.5850000000003
Cc1ncc(NC(=O)c2cccc(C(F)(F)F)c2)cc1-c1cnc(CS(C)(=O)=O)c(N2CCOCC2)c1,3.9,8.4089353929735,1,534.5600000000003
Cc1ncc(NC(=O)c2cccc(C(F)(F)F)c2)cc1-c1cnc(N(C)C)c(N2CCOCC2)c1,0.6,9.221848749616356,1,485.51000000000033
Cc1ncc(NC(=O)c2cccc(C(F)(F)F)c2)cc1-c1cnc(N(C)CCO)c(N2CCOCC2)c1,0.83,9.080921907623926,1,515.5360000000004
Cc1ncc(NC(=O)c2cccc(C(F)(F)F)c2)cc1-c1cnc(O)c(N2CCOCC2)c1,5.83,8.234331445240986,1,458.4400000000003
Cc1ncc(NC(=O)c2cccc(C(F)(F)F)c2)cc1-c1cnc(OC(C)C)c(N2CCOCC2)c1,3.144,8.50251746263263,1,500.52100000000036
Cc1ncc(NC(=O)c2cccc(C(F)(F)F)c2)cc1-c1cnc(OC(F)F)c(N2CCOCC2)c1,2.7,8.568636235841012,1,508.4470000000003
Cc1ncc(NC(=O)c2cccc(C(F)(F)F)c2)cc1-c1cnc(OC2CC3(COC3)C2)c(N2CCOCC2)c1,1.1,8.958607314841775,1,554.5690000000003
Cc1ncc(NC(=O)c2cccc(C(F)(F)F)c2)cc1-c1cnc(OC2CCCC(O)C2)c(N2CCOCC2)c1,1.7,8.769551078621726,1,556.5850000000003
Cc1ncc(NC(=O)c2cccc(C(F)(F)F)c2)cc1-c1cnc(OC2CCOCC2)c(C2(O)COC2)c1,3894.0,5.409604052815987,0,529.5150000000003
Cc1ncc(NC(=O)c2cccc(C(F)(F)F)c2)cc1-c1cnc(OC2CCOCC2)c(N2CCOCC2)c1,0.9076666666666666,9.042073613379698,1,542.5580000000003
Cc1ncc(NC(=O)c2cccc(C(F)(F)F)c2)cc1-c1cnc(OC2CCOCC2)c(N2CCOCC2=O)c1,9.2,8.036212172654444,1,556.5410000000004
Cc1ncc(NC(=O)c2cccc(C(F)(F)F)c2)cc1-c1cnc(OC2CCOCC2F)c(N2CCOCC2)c1,0.92,9.036212172654444,1,560.5480000000002
Cc1ncc(NC(=O)c2cccc(C(F)(F)F)c2)cc1-c1cnc(OC2CCS(=O)(=O)CC2)c(N2CCOCC2)c1,1.59,8.79860287567955,1,590.6240000000001
Cc1ncc(NC(=O)c2cccc(C(F)(F)F)c2)cc1-c1cnc(OC2CN(C)C2)c(N2CCOCC2)c1,24.9,7.603800652904264,1,527.5470000000004
Cc1ncc(NC(=O)c2cccc(C(F)(F)F)c2)cc1-c1cnc(OC2CNC2)c(N2CCOCC2)c1,300.0,6.522878745280337,1,513.5200000000004
Cc1ncc(NC(=O)c2cccc(C(F)(F)F)c2)cc1-c1cnc(OC2COC2)c(N2CCOCC2)c1,0.8,9.096910013008056,1,514.5040000000005
Cc1ncc(NC(=O)c2cccc(C(F)(F)F)c2)cc1-c1cnc(OCC(F)F)c(N2CCOCC2)c1,1.8,8.744727494896694,1,522.4740000000004
Cc1ncc(NC(=O)c2cccc(C(F)(F)F)c2)cc1-c1cnc(OCC2COCCO2)c(N2CCOCC2)c1,1.63,8.787812395596042,1,558.5570000000002
Cc1ncc(NC(=O)c2cccc(C(F)(F)F)c2)cc1-c1cnc(OCCO)c(C2(F)COC2)c1,1851.0,5.732593581247096,0,491.4410000000003
Cc1ncc(NC(=O)c2cccc(C(F)(F)F)c2)cc1-c1cnc(OCCO)c(C2(O)COC2)c1,11992.0,4.921108380159777,0,489.45000000000033
Cc1ncc(NC(=O)c2cccc(C(F)(F)F)c2)cc1-c1cnc(OCCO)c(N2CCOCC2)c1,3.4732,8.459270207649359,1,502.4930000000004
Cc1ncc(NC(=O)c2cccc(C(F)(F)F)c2)cc1-c1cnc(OCCOCCO)c(N2CCOCC2)c1,2.08,8.681936665037238,1,546.5460000000003
Cc1ncc(NC(=O)c2cccc(C(F)(F)F)c2)cc1-c1cnc(OC[C@@H](C)O)c(N2CCOCC2)c1,2.28,8.642065152999546,1,516.5200000000004
Cc1ncc(NC(=O)c2cccc(C(F)(F)F)c2)cc1-c1cnc(O[C@@H](C)CO)c(N2CCOCC2)c1,2.01,8.69680394257951,1,516.5200000000004
Cc1ncc(NC(=O)c2cccc(C(F)(F)F)c2)cc1-c1cnc(O[C@@H]2CCOC2)c(N2CCOCC2)c1,2.4,8.619788758288394,1,528.5310000000004
Cc1ncc(NC(=O)c2cccc(C(F)(F)F)c2)cc1-c1cnc(O[C@H]2CCOC2)c(N2CCOCC2)c1,1.8,8.744727494896694,1,528.5310000000004
Cc1ncc(NC(=O)c2cccc(C(F)(F)F)c2)cc1-c1cnc(O[C@H]2CCOC[C@H]2F)c(N2CCOCC2)c1,3.27,8.485452247339714,1,560.5480000000002
Cc1ncc(NC(=O)c2cccc(C(F)(F)F)c2)cc1-c1cnc(O[C@H]2CC[C@@H](O)CC2)c(N2CCOCC2)c1,3.1,8.508638306165727,1,556.5850000000003
Cc1ncc(NC(=O)c2cccc(C(F)(F)F)c2)cc1-c1cnc(O[C@H]2CC[C@H](O)C2)c(N2CCOCC2)c1,2.25,8.647817481888637,1,542.5580000000002
Cc1ncc(NC(=O)c2cccc(C(F)(F)F)c2)cc1-c1cnnc(N2CCOCC2)c1,8.789,8.056060535527784,1,443.42900000000026
Cc1ncc(NC(=O)c2cccc(C(F)(F)F)c2)cc1-c1nc2c(c(N3CCOCC3)n1)CS(=O)(=O)C2,7.6,8.119186407719209,1,533.5320000000003
Cc1ncc(NC(=O)c2cccc(C(F)F)c2)cc1-c1cc(N2CCOCC2)c(=O)n(C)c1,3.6,8.443697499232712,1,454.4770000000004
Cc1ncc(NC(=O)c2cccc(C(F)F)c2)cc1-c1cc(N2CCOCC2)c(=O)n(C)n1,3.1,8.508638306165727,1,455.4650000000004
Cc1ncc(NC(=O)c2cccc(C(F)F)c2)cc1-c1cc(N2CCOCC2)c2nccn2c1,3.2,8.494850021680094,1,463.48800000000034
Cc1ncc(NC(=O)c2cccc(C(F)F)c2)cc1-c1cc(N2CCOCC2)c2nccn2n1,3.2,8.494850021680094,1,464.47600000000034
Cc1ncc(NC(=O)c2cccc(C(F)F)c2)cc1-c1cc(N2CCOCC2)n(C)c(=O)c1,1.8,8.744727494896694,1,454.4770000000004
Cc1ncc(NC(=O)c2cccc(C(F)F)c2)cc1-c1cc(N2CCOCC2)n2nccc2n1,0.8,9.096910013008056,1,464.47600000000034
Cc1ncc(NC(=O)c2cccc(C(F)F)c2)cc1-c1cc(N2CCOCC2)nc(N2CC(O)C2)c1,4.64,8.33348201944512,1,495.5300000000004
Cc1ncc(NC(=O)c2cccc(C(F)F)c2)cc1-c1cc(N2CCOCC2)nc(N2CC(O)C2)n1,5.3,8.275724130399212,1,496.5180000000004
Cc1ncc(NC(=O)c2cccc(C(F)F)c2)cc1-c1cc(N2CCOCC2)nc(N2CCOCC2)c1,1.93,8.714442690992227,1,509.5570000000005
Cc1ncc(NC(=O)c2cccc(C(F)F)c2)cc1-c1cc(NCCO)nc(N2CCOCC2)c1,2.86,8.543633966870956,1,483.5190000000004
Cc1ncc(NC(=O)c2cccc(C(F)F)c2)cc1-c1ccnc(N2CCOCC2)c1,1.182,8.927382523454764,1,424.4510000000003
Cc1ncc(NC(=O)c2cccc(C(O)C(F)(F)F)c2)cc1-c1cnc(OC2CCOCC2)c(N2CCOCC2)c1,4.21,8.37571790416433,1,572.5840000000003
Cc1ncc(NC(=O)c2cccc(C3(C#N)CC3)c2Cl)cc1-c1cc(N2CCOCC2)c(=O)n(C)c1,62.0,7.2076083105017466,1,503.99000000000035
Cc1ncc(NC(=O)c2cccc(OC(C)C)c2)cc1-c1cc(N2CCOCC2)c(=O)n(C)c1,8.4,8.075720713938118,1,462.55000000000035
Cc1ncc(NC(=O)c2cccc(S(C)(=O)=O)c2)cc1-c1cc(N2CCOCC2)c2nc[nH]c2c1,2.7,8.568636235841012,1,491.5730000000003
Cc1ncc(NC(=O)c2cccc(S(C)(=O)=O)c2)cc1-c1cc(N2CCOCC2)n(C)c(=O)c1,17.15,7.7657358756212105,1,482.56200000000035
Cc1ncc(NC(=O)c2cccc(S(C)(=O)=O)c2)cc1-c1cc(N2CCOCC2)nc(N2CC(O)C2)c1,23.15,7.635449004646028,1,523.6150000000005
Cc1ncc(NC(=O)c2cccc(S(C)(=O)=O)c2)cc1-c1ccnc(N2CCOCC2)c1,18.246,7.738832329472224,1,452.5360000000003
Cc1ncc(NC(=O)c2cccc(S(C)(=O)=O)c2)cc1-c1cnc(OC2CCOCC2)c(N2CCOCC2)c1,4.53,8.343901797987169,1,552.6530000000004
Cc1ncc(NC(=O)c2ccccc2)cc1-c1cc(N2CCOCC2)n(C)c(=O)c1,200.0,6.698970004336019,1,404.4700000000003
Cc1ncc(NC(=O)c2ccnc(C(C)(C)C#N)c2)cc1-c1cc(N2CCOCC2)c(=O)n(C)c1,39.946000000000005,7.39852670232999,1,472.5490000000004
Cc1ncc(NC(=O)c2ccnc(C(C)(C)C#N)c2)cc1-c1cc(N2CCOCC2)c(=O)n(C)n1,76.20428571428572,7.118020603335914,1,473.5370000000004
Cc1ncc(NC(=O)c2ccnc(C(C)(C)C#N)c2)cc1-c1cc(N2CCOCC2)c(OC2CCOCC2)nn1,7.2,8.142667503568731,1,543.6280000000004
Cc1ncc(NC(=O)c2ccnc(C(C)(C)C#N)c2)cc1-c1cc(N2CCOCC2)c(S(C)(=O)=O)nn1,57.85,7.237696636712232,1,521.6030000000004
Cc1ncc(NC(=O)c2ccnc(C(C)(C)C#N)c2)cc1-c1cc(N2CCOCC2)c2nccn2c1,33.0,7.481486060122112,1,481.56000000000034
Cc1ncc(NC(=O)c2ccnc(C(C)(C)C#N)c2)cc1-c1cc(N2CCOCC2)c2nccn2n1,32.6,7.486782399932061,1,482.54800000000034
Cc1ncc(NC(=O)c2ccnc(C(C)(C)C#N)c2)cc1-c1cc(N2CCOCC2)n(C)c(=O)c1,21.95,7.6585654754218595,1,472.5490000000004
Cc1ncc(NC(=O)c2ccnc(C(C)(C)C#N)c2)cc1-c1cc(N2CCOCC2)n2nccc2n1,11.2,7.950781977329818,1,482.54800000000034
Cc1ncc(NC(=O)c2ccnc(C(C)(C)C#N)c2)cc1-c1cc(N2CCOCC2)nc(N2C(=O)OC[C@@H]2C)n1,200.0,6.698970004336019,1,542.6000000000004
Cc1ncc(NC(=O)c2ccnc(C(C)(C)C#N)c2)cc1-c1cc(N2CCOCC2)nc(N2CC(C)(O)C2)c1,20.2,7.694648630553377,1,527.6290000000004
Cc1ncc(NC(=O)c2ccnc(C(C)(C)C#N)c2)cc1-c1cc(N2CCOCC2)nc(N2CC(O)C2)c1,35.1,7.454692883534176,1,513.6020000000004
Cc1ncc(NC(=O)c2ccnc(C(C)(C)C#N)c2)cc1-c1cc(N2CCOCC2)nc(N2CC(O)C2)n1,47.2,7.3260580013659125,1,514.5900000000004
Cc1ncc(NC(=O)c2ccnc(C(C)(C)C#N)c2)cc1-c1cc(N2CCOCC2)nc(N2CCOCC2)c1,10.9,7.962573502059376,1,527.6290000000005
Cc1ncc(NC(=O)c2ccnc(C(C)(C)C#N)c2)cc1-c1cc(N2CCOCC2)nc(NC(C)(C)CO)n1,22.2,7.653647025549361,1,530.6330000000004
Cc1ncc(NC(=O)c2ccnc(C(C)(C)C#N)c2)cc1-c1cc(N2CCOCC2)nc(NCCO)n1,47.9,7.319664486585437,1,502.5790000000004
Cc1ncc(NC(=O)c2ccnc(C(C)(C)C#N)c2)cc1-c1cc(N2CCOCC2)nc(NC[C@@H](C)O)n1,38.8,7.411168274405793,1,516.6060000000003
Cc1ncc(NC(=O)c2ccnc(C(C)(C)C#N)c2)cc1-c1cc(N2CCOCC2)nc(NC[C@H](C)O)n1,33.1,7.480172006224281,1,516.6060000000003
Cc1ncc(NC(=O)c2ccnc(C(C)(C)C#N)c2)cc1-c1cc(N2CCOCC2)nc(N[C@@H](C)CO)n1,42.85,7.368049173740783,1,516.6060000000003
Cc1ncc(NC(=O)c2ccnc(C(C)(C)C#N)c2)cc1-c1cc(N2CCOCC2)nc(N[C@H](C)CO)n1,19.0,7.721246399047171,1,516.6060000000003
Cc1ncc(NC(=O)c2ccnc(C(C)(C)C#N)c2)cc1-c1cc(N2CCOCC2)ncn1,4.8,8.318758762624412,1,443.5110000000003
Cc1ncc(NC(=O)c2ccnc(C(C)(C)C#N)c2)cc1-c1cc(NCCO)nc(N2CCOCC2)c1,40.8,7.38933983691012,1,501.5910000000004
Cc1ncc(NC(=O)c2ccnc(C(C)(C)C#N)c2)cc1-c1ccnc(N2CCOCC2)c1,13.492,7.869923667482836,1,442.5230000000003
Cc1ncc(NC(=O)c2ccnc(C(C)(C)C#N)c2)cc1-c1cnc(Cl)c(N2CCOCC2)c1,15.8,7.801342913045577,1,476.9680000000003
Cc1ncc(NC(=O)c2ccnc(C(C)(C)C#N)c2)cc1-c1cnc(N(C)C)c(N2CCOCC2)c1,4.5,8.346787486224656,1,485.5920000000004
Cc1ncc(NC(=O)c2ccnc(C(C)(C)C#N)c2)cc1-c1cnc(OC(C)C)c(N2CCOCC2)c1,7.3,8.136677139879543,1,500.6030000000004
Cc1ncc(NC(=O)c2ccnc(C(C)(C)C#N)c2)cc1-c1cnc(OC(F)F)c(N2CCOCC2)c1,12.15,7.915423722065669,1,508.52900000000034
Cc1ncc(NC(=O)c2ccnc(C(C)(C)C#N)c2)cc1-c1cnc(OC2CC3(COC3)C2)c(N2CCOCC2)c1,5.74,8.241088107602026,1,554.6510000000003
Cc1ncc(NC(=O)c2ccnc(C(C)(C)C#N)c2)cc1-c1cnc(OC2CCOCC2)c(C2(O)COC2)c1,20480.0,4.688670047696207,0,529.5970000000004
Cc1ncc(NC(=O)c2ccnc(C(C)(C)C#N)c2)cc1-c1cnc(OC2CCOCC2)c(N2CCOCC2)c1,6.3,8.200659450546418,1,542.6400000000003
Cc1ncc(NC(=O)c2ccnc(C(C)(C)C#N)c2)cc1-c1cnc(OCC(F)F)c(N2CCOCC2)c1,4.7,8.327902142064282,1,522.5560000000004
Cc1ncc(NC(=O)c2ccnc(C(C)(C)C#N)c2)cc1-c1cnc(OCCO)c(N2CCOCC2)c1,14.8,7.8297382846050425,1,502.57500000000044
Cc1ncc(NC(=O)c2ccnc(C(C)(C)C#N)c2)cc1-c1cncc(N2CCOCC2)c1,18.9,7.723538195826756,1,442.5230000000003
Cc1ncc(NC(=O)c2ccnc(C(C)(C)C#N)c2)cc1-c1cncc(N2CCOCC2)n1,7.7,8.113509274827518,1,443.5110000000003
Cc1ncc(NC(=O)c2ccnc(C(C)(C)C)c2)cc1-c1cc(N2CCOCC2)c(=O)n(C)c1,42.85,7.368049173740783,1,461.5660000000004
Cc1ncc(NC(=O)c2ccnc(C(C)(C)C)c2)cc1-c1cc(N2CCOCC2)n(C)c(=O)c1,20.8,7.681936665037238,1,461.5660000000004
Cc1ncc(NC(=O)c2ccnc(C(C)(C)C)c2)cc1-c1cc(N2CCOCC2)nc(N2CC(O)C2)c1,71.2,7.147520006363144,1,502.6190000000004
Cc1ncc(NC(=O)c2ccnc(C(C)(C)C)c2)cc1-c1ccnc(N2CCOCC2)c1,38.706,7.412221707722306,1,431.5400000000003
Cc1ncc(NC(=O)c2ccnc(C(C)(C)F)c2)cc1-c1cc(C2COCCO2)nc(N2CCOCC2)c1,7.62,8.118045028660399,1,521.5930000000005
Cc1ncc(NC(=O)c2ccnc(C(C)(C)F)c2)cc1-c1cc(N2CCOCC2)c(=O)n(C)n1,12.85,7.891096872332686,1,466.51700000000034
Cc1ncc(NC(=O)c2ccnc(C(C)(C)F)c2)cc1-c1cc(N2CCOCC2)c(OC(C)C)nn1,3.58,8.446116973356126,1,494.57100000000037
Cc1ncc(NC(=O)c2ccnc(C(C)(C)F)c2)cc1-c1cc(N2CCOCC2)c(OC2CCOCC2)nn1,2.9,8.537602002101044,1,536.6080000000004
Cc1ncc(NC(=O)c2ccnc(C(C)(C)F)c2)cc1-c1cc(N2CCOCC2)c(S(C)(=O)=O)nn1,7.91,8.101823516502323,1,514.5830000000003
Cc1ncc(NC(=O)c2ccnc(C(C)(C)F)c2)cc1-c1cc(N2CCOCC2)n2nccc2n1,3.5,8.455931955649724,1,475.5280000000003
Cc1ncc(NC(=O)c2ccnc(C(C)(C)F)c2)cc1-c1cc(N2CCOCC2)nc(N2CC(C)(O)C2)c1,8.59,8.066006836168757,1,520.6090000000005
Cc1ncc(NC(=O)c2ccnc(C(C)(C)F)c2)cc1-c1cc(NCCO)nc(N2CCOCC2)c1,11.1,7.954677021213342,1,494.57100000000037
Cc1ncc(NC(=O)c2ccnc(C(C)(C)F)c2)cc1-c1cc(NCCO)nc(N2CCOC[C@H]2C)c1,27.9,7.554395796726403,1,508.59800000000035
Cc1ncc(NC(=O)c2ccnc(C(C)(C)F)c2)cc1-c1cccc(C2(C)COC2)c1,5102.0,5.292259545726229,0,419.5000000000002
Cc1ncc(NC(=O)c2ccnc(C(C)(C)F)c2)cc1-c1cnc(Cl)c(N2CCOCC2)c1,6.0,8.221848749616356,1,469.9480000000003
Cc1ncc(NC(=O)c2ccnc(C(C)(C)F)c2)cc1-c1cnc(F)c(N2CCOCC2)c1,3.9,8.4089353929735,1,453.4930000000003
Cc1ncc(NC(=O)c2ccnc(C(C)(C)F)c2)cc1-c1cnc(N(C)C)c(N2CCOCC2)c1,1.6,8.795880017344075,1,478.57200000000034
Cc1ncc(NC(=O)c2ccnc(C(C)(C)F)c2)cc1-c1cnc(OC(C)C)c(N2CCOCC2)c1,3.33,8.47755576649368,1,493.58300000000037
Cc1ncc(NC(=O)c2ccnc(C(C)(C)F)c2)cc1-c1cnc(OC2CC3(COC3)C2)c(N2CCOCC2)c1,2.88,8.540607512240769,1,547.6310000000003
Cc1ncc(NC(=O)c2ccnc(C(C)(C)F)c2)cc1-c1cnc(OC2CCOCC2)c(N2C3CCC2COC3)c1,3200.0,5.494850021680094,0,561.6580000000004
Cc1ncc(NC(=O)c2ccnc(C(C)(C)F)c2)cc1-c1cnc(OC2CCOCC2)c(N2CCOCC2)c1,2.7,8.568636235841012,1,535.6200000000005
Cc1ncc(NC(=O)c2ccnc(C(C)(C)F)c2)cc1-c1cnc(OCCO)c(N2CCOCC2)c1,6.9,8.161150909262744,1,495.5550000000004
Cc1ncc(NC(=O)c2ccnc(C(C)(C)F)c2)cc1-c1cnc(OC[C@H](C)O)c(N2CCOCC2)c1,5.41,8.26680273489343,1,509.5820000000004
Cc1ncc(NC(=O)c2ccnc(C(C)(C)F)c2)cc1-c1cncc(N2CCOCC2)c1,10.9,7.962573502059376,1,435.50300000000027
Cc1ncc(NC(=O)c2ccnc(C(C)(C)F)c2)cc1-c1cncc(N2CCOCC2)n1,6.0,8.221848749616356,1,436.49100000000027
Cc1ncc(NC(=O)c2ccnc(C(C)(C)O)c2)cc1-c1cc(N2CCOCC2)c(OC2CCOCC2)nn1,17.05,7.768275616671484,1,534.6170000000004
Cc1ncc(NC(=O)c2ccnc(C(C)(C)O)c2)cc1-c1cc(N2CCOCC2)c2nccn2c1,100.0,7.0,1,472.5490000000003
Cc1ncc(NC(=O)c2ccnc(C(C)(C)O)c2)cc1-c1cc(N2CCOCC2)c2nccn2n1,38.333333333333336,7.416423414366051,1,473.5370000000003
Cc1ncc(NC(=O)c2ccnc(C(C)(C)O)c2)cc1-c1cc(N2CCOCC2)n(C)c(=O)c1,32.1,7.493494967595128,1,463.53800000000035
Cc1ncc(NC(=O)c2ccnc(C(C)(C)O)c2)cc1-c1cc(N2CCOCC2)n2nccc2n1,24.85,7.604673606930649,1,473.5370000000003
Cc1ncc(NC(=O)c2ccnc(C(C)(C)O)c2)cc1-c1cc(N2CCOCC2)nc(N2CC(O)C2)c1,58.1,7.235823867609669,1,504.5910000000004
Cc1ncc(NC(=O)c2ccnc(C(C)(C)O)c2)cc1-c1cc(NCCO)nc(N2CCOCC2)c1,68.2,7.166215625343521,1,492.5800000000004
Cc1ncc(NC(=O)c2ccnc(C(C)(C)O)c2)cc1-c1cc2[nH]cnc2c(N2CCOCC2)n1,9.4,8.0268721464003,1,473.5370000000003
Cc1ncc(NC(=O)c2ccnc(C(C)(C)O)c2)cc1-c1cnc(OC(C)C)c(N2CCOCC2)c1,18.05,7.7435227937583235,1,491.5920000000004
Cc1ncc(NC(=O)c2ccnc(C(C)(C)O)c2)cc1-c1cnc(OC(F)F)c(N2CCOCC2)c1,13.8,7.860120913598763,1,499.5180000000003
Cc1ncc(NC(=O)c2ccnc(C(C)(C)O)c2)cc1-c1cnc(OC2CC3(COC3)C2)c(N2CCOCC2)c1,8.13,8.089909454405932,1,545.6400000000003
Cc1ncc(NC(=O)c2ccnc(C(C)(C)O)c2)cc1-c1cnc(OC2CCOCC2)c(N2CCOCC2)c1,15.15,7.8195873671616765,1,533.6290000000005
Cc1ncc(NC(=O)c2ccnc(C(C)(F)F)c2)cc1-c1cc(C2COCCO2)nc(N2CCOCC2)c1,3.28,8.48412615628832,1,525.5560000000005
Cc1ncc(NC(=O)c2ccnc(C(C)(F)F)c2)cc1-c1cc(N2CCOCC2)c(=O)n(C)c1,12.15,7.915423722065669,1,469.49200000000036
Cc1ncc(NC(=O)c2ccnc(C(C)(F)F)c2)cc1-c1cc(N2CCOCC2)c(=O)n(C)n1,6.4,8.193820026016112,1,470.48000000000036
Cc1ncc(NC(=O)c2ccnc(C(C)(F)F)c2)cc1-c1cc(N2CCOCC2)c(OC(C)C)nn1,2.25,8.647817481888637,1,498.5340000000004
Cc1ncc(NC(=O)c2ccnc(C(C)(F)F)c2)cc1-c1cc(N2CCOCC2)c(OC2CCOCC2)nn1,1.8,8.744727494896694,1,540.5710000000004
Cc1ncc(NC(=O)c2ccnc(C(C)(F)F)c2)cc1-c1cc(N2CCOCC2)c(OCC(F)F)nn1,1.11,8.954677021213342,1,520.4870000000003
Cc1ncc(NC(=O)c2ccnc(C(C)(F)F)c2)cc1-c1cc(N2CCOCC2)c(S(C)(=O)=O)nn1,8.85,8.053056729302174,1,518.5460000000004
Cc1ncc(NC(=O)c2ccnc(C(C)(F)F)c2)cc1-c1cc(N2CCOCC2)c2nccn2c1,6.1,8.214670164989233,1,478.5030000000003
Cc1ncc(NC(=O)c2ccnc(C(C)(F)F)c2)cc1-c1cc(N2CCOCC2)c2nccn2n1,2.433333333333333,8.613798394599206,1,479.4910000000003
Cc1ncc(NC(=O)c2ccnc(C(C)(F)F)c2)cc1-c1cc(N2CCOCC2)n(C)c(=O)c1,7.5,8.1249387366083,1,469.49200000000036
Cc1ncc(NC(=O)c2ccnc(C(C)(F)F)c2)cc1-c1cc(N2CCOCC2)n2nccc2n1,1.5,8.823908740944319,1,479.4910000000003
Cc1ncc(NC(=O)c2ccnc(C(C)(F)F)c2)cc1-c1cc(N2CCOCC2)nc(N2CC(C)(O)C2)c1,5.62,8.250263684430939,1,524.5720000000005
Cc1ncc(NC(=O)c2ccnc(C(C)(F)F)c2)cc1-c1cc(N2CCOCC2)nc(N2CC(O)C2)c1,12.95,7.887730231582729,1,510.5450000000004
Cc1ncc(NC(=O)c2ccnc(C(C)(F)F)c2)cc1-c1cc(N2CCOC[C@@H]2C)n(C)c(=O)c1,49.85,7.302334837352325,1,483.51900000000035
Cc1ncc(NC(=O)c2ccnc(C(C)(F)F)c2)cc1-c1cc(N2CCOC[C@H]2C)n(C)c(=O)c1,41.1,7.386158178123931,1,483.51900000000035
Cc1ncc(NC(=O)c2ccnc(C(C)(F)F)c2)cc1-c1cc(N2CCO[C@@H](CO)C2)n(C)c(=O)c1,76.05,7.118900781610983,1,499.51800000000037
Cc1ncc(NC(=O)c2ccnc(C(C)(F)F)c2)cc1-c1cc(N2CCO[C@H](CO)C2)n(C)c(=O)c1,51.15,7.291154361951821,1,499.51800000000037
Cc1ncc(NC(=O)c2ccnc(C(C)(F)F)c2)cc1-c1cc(NCCO)nc(N2CCOCC2)c1,5.72,8.242603971206975,1,498.5340000000004
Cc1ncc(NC(=O)c2ccnc(C(C)(F)F)c2)cc1-c1cc(NCCO)nc(N2CCOC[C@H]2C)c1,14.15,7.849243560139691,1,512.5610000000004
Cc1ncc(NC(=O)c2ccnc(C(C)(F)F)c2)cc1-c1cccc(C2(C)COC2)c1,3707.0,5.430977413970436,0,423.46300000000025
Cc1ncc(NC(=O)c2ccnc(C(C)(F)F)c2)cc1-c1cccc(C2COC2)c1,12935.0,4.888233566947438,0,409.4360000000002
Cc1ncc(NC(=O)c2ccnc(C(C)(F)F)c2)cc1-c1ccnc(N2CCOCC2)c1,4.0938,8.387873378336451,1,439.4660000000003
Cc1ncc(NC(=O)c2ccnc(C(C)(F)F)c2)cc1-c1cnc(C#N)c(N2CCOCC2)c1,3.1,8.508638306165727,1,464.47600000000034
Cc1ncc(NC(=O)c2ccnc(C(C)(F)F)c2)cc1-c1cnc(N(C)C)c(N2CCOCC2)c1,1.1,8.958607314841775,1,482.53500000000037
Cc1ncc(NC(=O)c2ccnc(C(C)(F)F)c2)cc1-c1cnc(OC(C)C)c(N2CCOCC2)c1,1.98,8.703334809738468,1,497.5460000000004
Cc1ncc(NC(=O)c2ccnc(C(C)(F)F)c2)cc1-c1cnc(OC(F)F)c(N2CCOCC2)c1,1.99,8.701146923590294,1,505.4720000000003
Cc1ncc(NC(=O)c2ccnc(C(C)(F)F)c2)cc1-c1cnc(OC2CCOCC2)c(N2CCOCC2)c1,2.36,8.627087997029893,1,539.5830000000004
Cc1ncc(NC(=O)c2ccnc(C(C)(F)F)c2)cc1-c1cnc(OCCO)c(C2(F)COC2)c1,5900.0,5.229147988357856,0,488.46600000000035
Cc1ncc(NC(=O)c2ccnc(C(C)(F)F)c2)cc1-c1cncc(N2CCOCC2)n1,4.4,8.356547323513812,1,440.4540000000003
Cc1ncc(NC(=O)c2ccnc(C(C)C)c2)cc1-c1cc(N2CCOCC2)c(=O)n(C)c1,35.05,7.455311977697322,1,447.5390000000003
Cc1ncc(NC(=O)c2ccnc(C(C)C)c2)cc1-c1cc(N2CCOCC2)c2nccn2c1,8.1,8.09151498112135,1,456.5500000000003
Cc1ncc(NC(=O)c2ccnc(C(C)C)c2)cc1-c1cc(N2CCOCC2)c2nccn2n1,1.3,8.886056647693163,1,457.5380000000003
Cc1ncc(NC(=O)c2ccnc(C(C)C)c2)cc1-c1cc(N2CCOCC2)n(C)c(=O)c1,5.8,8.236572006437063,1,447.5390000000003
Cc1ncc(NC(=O)c2ccnc(C(C)C)c2)cc1-c1cc(N2CCOCC2)nc(N2CC(O)C2)c1,6.43,8.191789027075778,1,488.5920000000004
Cc1ncc(NC(=O)c2ccnc(C(C)C)c2)cc1-c1cc(N2CCOCC2)nc(N2CCOCC2)c1,2.0,8.698970004336019,1,502.6190000000005
Cc1ncc(NC(=O)c2ccnc(C(C)C)c2)cc1-c1ccc(C#N)c(N2CCOCC2)c1,1.7,8.769551078621726,1,441.5350000000003
Cc1ncc(NC(=O)c2ccnc(C(C)C)c2)cc1-c1ccnc(N2CCOCC2)c1,5.03,8.298432014944073,1,417.51300000000026
Cc1ncc(NC(=O)c2ccnc(C(C)C)c2)cc1-c1cnc(C#N)c(N2CCOCC2)c1,3.1,8.508638306165727,1,442.5230000000003
Cc1ncc(NC(=O)c2ccnc(C(C)C)c2)cc1-c1cnc(N(C)C)c(N2CCOCC2)c1,0.8,9.096910013008056,1,460.58200000000033
Cc1ncc(NC(=O)c2ccnc(C(C)C)c2)cc1-c1cnc(OC2CCOCC2)c(N2CCOCC2)c1,7.0,8.154901959985743,1,517.6300000000006
Cc1ncc(NC(=O)c2ccnc(C(F)(F)F)c2)cc1-c1cc(C2COCCO2)nc(N2CCOCC2)c1,2.82,8.549750891680638,1,529.5190000000003
Cc1ncc(NC(=O)c2ccnc(C(F)(F)F)c2)cc1-c1cc(N2CCOCC2)c(=O)n(C)c1,5.4,8.267606240177031,1,473.4550000000003
Cc1ncc(NC(=O)c2ccnc(C(F)(F)F)c2)cc1-c1cc(N2CCOCC2)c(S(C)(=O)=O)nn1,7.73,8.111820506081676,1,522.5090000000004
Cc1ncc(NC(=O)c2ccnc(C(F)(F)F)c2)cc1-c1cc(N2CCOCC2)n(C)c(=O)c1,5.6,8.2518119729938,1,473.4550000000003
Cc1ncc(NC(=O)c2ccnc(C(F)(F)F)c2)cc1-c1cc(N2CCOCC2)n2nccc2n1,1.1,8.958607314841775,1,483.4540000000003
Cc1ncc(NC(=O)c2ccnc(C(F)(F)F)c2)cc1-c1cc(N2CCOCC2)nc(N2CC(C)(O)C2)c1,7.64,8.11690664142431,1,528.5350000000003
Cc1ncc(NC(=O)c2ccnc(C(F)(F)F)c2)cc1-c1cc(N2CCOCC2)nc(N2CC(O)C2)c1,4.06,8.391473966422806,1,514.5080000000004
Cc1ncc(NC(=O)c2ccnc(C(F)(F)F)c2)cc1-c1cc(N2CCOCC2)nc(N2CCOCC2)c1,1.63,8.787812395596042,1,528.5350000000004
Cc1ncc(NC(=O)c2ccnc(C(F)(F)F)c2)cc1-c1cc(N2CCOCC2)nc(NC[C@@H](C)O)n1,3.7,8.431798275933005,1,517.5120000000003
Cc1ncc(NC(=O)c2ccnc(C(F)(F)F)c2)cc1-c1cc(NCCO)nc(N2CCOCC2)c1,4.35,8.361510743045363,1,502.49700000000036
Cc1ncc(NC(=O)c2ccnc(C(F)(F)F)c2)cc1-c1cc(NCCO)nc(N2CCOC[C@H]2C)c1,13.2,7.87942606879415,1,516.5240000000003
Cc1ncc(NC(=O)c2ccnc(C(F)(F)F)c2)cc1-c1cnc(C(C)(C)C#N)c(N2CCOCC2)c1,3.7,8.431798275933005,1,510.5200000000004
Cc1ncc(NC(=O)c2ccnc(C(F)(F)F)c2)cc1-c1cnc(CS(C)(=O)=O)c(N2CCOCC2)c1,3.9,8.4089353929735,1,535.5480000000003
Cc1ncc(NC(=O)c2ccnc(C(F)(F)F)c2)cc1-c1cnc(Cl)c(N2CCOCC2)c1,2.3,8.638272163982407,1,477.87400000000025
Cc1ncc(NC(=O)c2ccnc(C(F)(F)F)c2)cc1-c1cnc(OC(F)F)c(N2CCOCC2)c1,1.86,8.730487055782083,1,509.4350000000003
Cc1ncc(NC(=O)c2ccnc(C(F)(F)F)c2)cc1-c1cnc(OC2CCOCC2)c(N2C3CCC2COC3)c1,8.4,8.075720713938118,1,569.5840000000003
Cc1ncc(NC(=O)c2ccnc(C(F)(F)F)c2)cc1-c1cnc(OC2CCOCC2)c(N2CCOCC2)c1,6.0,8.221848749616356,1,543.5460000000003
Cc1ncc(NC(=O)c2ccnc(C(F)(F)F)c2)cc1-c1cnc(OC2CNC2)c(N2CCOCC2)c1,300.0,6.522878745280337,1,514.5080000000004
Cc1ncc(NC(=O)c2ccnc(C(F)(F)F)c2)cc1-c1cnc(OCCO)c(C2(F)COC2)c1,4838.0,5.3153341359741395,0,492.4290000000003
Cc1ncc(NC(=O)c2ccnc(C(F)(F)F)c2)cc1-c1cncc(N2CCOCC2)c1,3.6,8.443697499232712,1,443.42900000000026
Cc1ncc(NC(=O)c2ccnc(C(F)F)c2)cc1-c1cc(N2CCOCC2)c(=O)n(C)c1,15.15,7.8195873671616765,1,455.4650000000004
Cc1ncc(NC(=O)c2ccnc(C(F)F)c2)cc1-c1cc(N2CCOCC2)c(=O)n(C)n1,14.8,7.8297382846050425,1,456.4530000000004
Cc1ncc(NC(=O)c2ccnc(C(F)F)c2)cc1-c1cc(N2CCOCC2)c(OC(C)C)nn1,2.16,8.665546248849068,1,484.5070000000004
Cc1ncc(NC(=O)c2ccnc(C(F)F)c2)cc1-c1cc(N2CCOCC2)n(C)c(=O)c1,7.8,8.10790539730952,1,455.4650000000004
Cc1ncc(NC(=O)c2ccnc(C(F)F)c2)cc1-c1cc(N2CCOCC2)n2nccc2n1,1.9,8.721246399047171,1,465.46400000000034
Cc1ncc(NC(=O)c2ccnc(C(F)F)c2)cc1-c1cc(N2CCOCC2)nc(N2CC(C)(O)C2)c1,6.7,8.173925197299173,1,510.54500000000047
Cc1ncc(NC(=O)c2ccnc(C(F)F)c2)cc1-c1cc(N2CCOCC2)nc(N2CCOCC2)c1,3.31,8.480172006224281,1,510.5450000000005
Cc1ncc(NC(=O)c2ccnc(C(F)F)c2)cc1-c1cc(NCCO)nc(N2CCOCC2)c1,5.04,8.297569463554474,1,484.5070000000004
Cc1ncc(NC(=O)c2ccnc(C(F)F)c2)cc1-c1cc(NCCO)nc(N2CCOC[C@H]2C)c1,15.85,7.79997073344623,1,498.5340000000004
Cc1ncc(NC(=O)c2ccnc(C(F)F)c2)cc1-c1cnc(OC(F)F)c(N2CCOCC2)c1,2.44,8.61261017366127,1,491.44500000000033
Cc1ncc(NC(=O)c2ccnc(C(F)F)c2)cc1-c1cnc(OC2CC3(COC3)C2)c(N2CCOCC2)c1,1.87,8.7281583934635,1,537.5670000000005
Cc1ncc(NC(=O)c2ccnc(C(F)F)c2)cc1-c1cncc(N2CCOCC2)n1,45.75,7.339608901597533,1,426.4270000000003
Cc1ncc(NC(=O)c2ccnc(C3(C#N)CC3)c2)cc1-c1cc(N2CCOCC2)c(=O)n(C)n1,11.1,7.954677021213342,1,471.52100000000036
Cc1ncc(NC(=O)c2ccnc(C3(C#N)CC3)c2)cc1-c1cc(N2CCOCC2)n2nccc2n1,3.1,8.508638306165727,1,480.5320000000003
Cc1ncc(NC(=O)c2ccnc(C3(C#N)CC3)c2)cc1-c1cc(N2CCOCC2)nc(N2CC(C)(O)C2)c1,8.02,8.095825631715837,1,525.6130000000004
Cc1ncc(NC(=O)c2ccnc(C3(C#N)CC3)c2)cc1-c1cnc(Cl)c(N2CCOCC2)c1,6.0,8.221848749616356,1,474.95200000000034
Cc1ncc(NC(=O)c2ccnc(C3(C#N)CC3)c2)cc1-c1cnc(N(C)C)c(N2CCOCC2)c1,1.9,8.721246399047171,1,483.57600000000036
Cc1ncc(NC(=O)c2ccnc(C3(C#N)CC3)c2)cc1-c1cnc(OC2CCOCC2)c(N2CCOCC2)c1,4.81,8.317854923626168,1,540.6240000000004
Cc1ncc(NC(=O)c2ccnc(C3CC3)c2)cc1-c1cc(C2COCCO2)nc(N2CCOCC2)c1,3.01,8.521433504406156,1,501.58700000000044
Cc1ncc(NC(=O)c2ccnc(C3CC3)c2)cc1-c1cc(N2CCOCC2)c(=O)n(C)n1,6.9,8.161150909262744,1,446.5110000000003
Cc1ncc(NC(=O)c2ccnc(C3CC3)c2)cc1-c1cc(N2CCOCC2)n(C)c(=O)c1,6.4,8.193820026016112,1,445.5230000000003
Cc1ncc(NC(=O)c2ccnc(C3CC3)c2)cc1-c1cc(N2CCOCC2)nc(N2CC(C)(O)C2)c1,4.45,8.351639989019068,1,500.6030000000004
Cc1ncc(NC(=O)c2ccnc(C3CC3)c2)cc1-c1cc(NCCO)nc(N2CCOCC2)c1,4.12,8.385102783966865,1,474.56500000000034
Cc1ncc(NC(=O)c2ccnc(C3CC3)c2)cc1-c1cnc(OC2CC3(COC3)C2)c(N2CCOCC2)c1,1.35,8.869666231504993,1,527.6250000000005
Cc1ncc(NC(=O)c2ccnc(C3CC3)c2)cc1-c1cnc(OC2CCOCC2)c(N2CCOCC2)c1,2.28,8.642065152999546,1,515.6140000000005
Cc1ncc(NC(=O)c2ccnc(S(C)(=O)=O)c2)cc1-c1cc(N2CCOCC2)c(OC2CCOCC2)nn1,7.5,8.1249387366083,1,554.6290000000002
Cc1ncc(NC(=O)c2ccnc(S(C)(=O)=O)c2)cc1-c1cc(N2CCOCC2)n(C)c(=O)c1,21.0,7.6777807052660805,1,483.55000000000035
Cc1ncc(NC(=O)c2ccnc(S(C)(=O)=O)c2)cc1-c1cc(N2CCOCC2)n2nccc2n1,8.8,8.05551732784983,1,493.5490000000003
Cc1ncc(NC(=O)c2ccnc(S(C)(=O)=O)c2)cc1-c1cc(N2CCOCC2)nc(N2CC(O)C2)c1,51.05,7.292004253577071,1,524.6030000000004
Cc1ncc(NC(=O)c2ccnc(S(C)(=O)=O)c2)cc1-c1cc(N2CCOCC2)nc(N2CCOCC2)c1,12.05,7.919012953089113,1,538.6300000000005
Cc1ncc(NC(=O)c2ccnc(S(C)(=O)=O)c2)cc1-c1cc(NCCO)nc(N2CCOCC2)c1,22.9,7.640164517660112,1,512.5920000000004
Cc1ncc(NC(=O)c2ccnc(S(C)(=O)=O)c2)cc1-c1cc2[nH]cnc2c(N2CCOCC2)n1,3.8,8.42021640338319,1,493.5490000000003
Cc1ncc(NC(=O)c2ccnc(S(C)(=O)=O)c2)cc1-c1ccnc(N2CCOCC2)c1,28.01,7.552686891176432,1,453.5240000000003
Cc1ncc(NC(=O)c2cncc(C(F)(F)F)c2)cc1-c1cc(N2CCOCC2)c(OCC(F)F)nn1,0.8,9.096910013008056,1,524.4500000000003
Cc1ncc(NC(=O)c2cncc(C(F)(F)F)c2)cc1-c1cnc(OC(C)C)c(N2CCOCC2)c1,2.66,8.575118363368933,1,501.50900000000036
Cc1ncc(NC(=O)c2cncc(C(F)(F)F)c2)cc1-c1cnc(OCC(F)F)c(N2CCOCC2)c1,2.04,8.6903698325741,1,523.4620000000003
Cc1ncc(NC(=O)c2cncc(N(C)C)c2)cc1-c1ccnc(N2CCOCC2)c1,14.004,7.853747897907005,1,418.50100000000026
Cc1ncc(NC(=O)c2cnnc(C(C)(C)C#N)c2)cc1-c1cc(N2CCOCC2)c(OC2CCOCC2)nn1,18.9,7.723538195826756,1,544.6160000000003
Cc1ncc(NC(=O)c2cnnc(C(C)(C)C#N)c2)cc1-c1cnc(Cl)c(N2CCOCC2)c1,32.15,7.492819022739759,1,477.95600000000036
Cc1ncc(NC(=O)c2cnnc(C(C)(C)C#N)c2)cc1-c1cnc(OCC(F)F)c(N2CCOCC2)c1,15.2,7.818156412055227,1,523.5440000000004
Cc1ncc(NC(=O)c2cnnc(C(C)(C)C#N)c2)cc1-c1cncc(N2CCOCC2)c1,24.85,7.604673606930649,1,443.5110000000003
Cc1ncc(NC(=O)c2cnnc(C(F)(F)F)c2)cc1-c1cc(N2CCOCC2)c(OC2CCOCC2)nn1,2.7,8.568636235841012,1,545.5220000000003
Cc1ncc(NC(=O)c2cnnc(C(F)(F)F)c2)cc1-c1cc(N2CCOCC2)n2nccc2n1,3.0,8.522878745280337,1,484.4420000000003
Cc1ncc(NC(=O)c2cnnc(C(F)(F)F)c2)cc1-c1cc(N2CCOCC2)nc(N2CC(C)(O)C2)c1,13.2,7.87942606879415,1,529.5230000000004
Cc1ncc(NC(=O)c2cnnc(C(F)(F)F)c2)cc1-c1cc(NCCO)nc(N2CCOCC2)c1,8.19,8.086716098239581,1,503.48500000000035
Cc1ncc(NC(=O)c2cnnc(C(F)(F)F)c2)cc1-c1cc(NCCO)nc(N2CCOCC2)c1F,83.8,7.076755981369724,1,521.4750000000004
Cc1ncc(NC(=O)c2cnnc(C(F)(F)F)c2)cc1-c1cnc(Cl)c(N2CCOCC2)c1,3.8,8.42021640338319,1,478.8620000000003
Cc1ncc(NC(=O)c2cnnc(C(F)(F)F)c2)cc1-c1cnc(N(C)C)c(N2CCOCC2)c1,0.5,9.301029995663981,1,487.48600000000033
Cc1ncc(NC(=O)c2cnnc(C3(C#N)CC3)c2)cc1-c1cnc(OC2CCOCC2)c(N2CCOCC2)c1,3.89,8.410050398674292,1,541.6120000000003
Cc1ncc(NC(=O)c2cnnc(C3(C#N)CC3)c2)cc1-c1cnc(OCC(F)F)c(N2CCOCC2)c1,7.55,8.122053048370812,1,521.5280000000004
Cc1ncc(NC(=O)c2cnnc(C3CC3)c2)cc1-c1cc(N2CCOCC2)nc(N2CC(C)(O)C2)c1,13.85,7.858550226599533,1,501.5910000000004
Cc1ncc(NC(=O)c2cnnc(C3CC3)c2)cc1-c1cc(NCCO)nc(N2CCOCC2)c1,8.24,8.084072788302883,1,475.55300000000034
Cc1ncc(NC(=O)c2cnnc(C3CC3)c2)cc1-c1cnc(N(C)C)c(N2CCOCC2)c1,0.7,9.154901959985743,1,459.5540000000003
Cc1ncc2ccc(Oc3c(C)ccc(C(=O)c4c(-c5ccccc5)n(C)n(-c5ccccc5)c4=O)c3N)cc2n1,1000.0,6.0,1,541.6110000000001
Cc1nccn1-c1cc(C(=O)Nc2cccc(-c3cc(C(=O)OCCN4CCOCC4)[nH]n3)c2)cc(C(F)(F)F)c1,100.0,7.0,1,568.5560000000005
Cc1ncnc(-n2c(Nc3cccc(O)c3)nc3ccccc32)n1,1000.0,6.0,1,318.34000000000003
Cc1ncnc2[nH]cc(C(=O)c3c(F)ccc(NS(=O)(=O)CC(C)C)c3F)c12,100.0,7.0,1,408.4300000000002
Cc1ncnc2[nH]cc(C(=O)c3c(F)ccc(NS(=O)(=O)c4ccc(C(C)C)cc4)c3F)c12,100.0,7.0,1,470.5010000000002
Cc1ncnc2[nH]cc(C(=O)c3c(F)ccc(NS(=O)(=O)c4ccc(C(F)(F)F)cc4)c3F)c12,100.0,7.0,1,496.41700000000014
Cc1nn(-c2ccccc2)c(Cl)c1Nc1ccc(C(F)(F)F)cc1,66.0,7.180456064458132,1,351.759
Cc1nn(C(C)C)cc1C(=O)Nc1cnc(C)c(-c2cc(N3CCOCC3)c(=O)n(C)c2)c1,200.0,6.698970004336019,1,450.5430000000003
Cc1nn(C(C)C)cc1C(=O)Nc1cnc(C)c(-c2cc3[nH]cnc3c(N3CCOCC3)n2)c1,17.2,7.764471553092451,1,460.54200000000026
Cc1nn(C)cc1C(=O)Nc1cnc(C)c(-c2cc(N3CCOCC3)c(=O)n(C)c2)c1,3400.0,5.468521082957745,0,422.48900000000026
Cc1nn(C)cc1C(=O)Nc1cnc(C)c(-c2cc3[nH]cnc3c(N3CCOCC3)n2)c1,100.0,7.0,1,432.4880000000002
Cc1noc(C)c1NC(=O)Nc1cccc(-c2csc3c(-c4cccnc4)cnc(N)c23)c1,692.0,6.1598939055432425,1,456.5310000000002
Cc1sc(C(=O)N[C@@H]2[C@H](N)CCCC2(F)F)cc1-c1cnn2cc(Cl)cnc12,1100.0,5.958607314841775,0,425.89200000000005
Clc1cc(Cl)c(N/N=C/c2ccncc2)c(Cl)c1,2500.0,5.6020599913279625,0,300.576
Clc1cc(Nc2c(-c3ncccn3)oc3cnccc23)c2cn[nH]c2c1,5.7,8.244125144327509,1,362.7800000000001
Clc1ccc(-c2ccc3ncnc(Nc4cccc5[nH]ncc45)c3c2)cc1,287.9,6.540758335121918,1,371.8310000000001
Clc1ccc(Nc2c(-c3ccccc3)nc3cnccn23)cc1,38285.0,4.416971348570042,0,320.783
Clc1ccc(Nc2c(-c3ncccn3)oc3cnccc23)c2cn[nH]c12,4.2,8.3767507096021,1,362.7800000000001
Clc1ccc2[nH]ncc2c1Nc1c(-c2ncccn2)oc2cnccc12,240.0,6.619788758288394,1,362.7800000000001
Cn1c(=O)[nH]c(=O)c2c1nc(N/N=C\c1ccc([N+](=O)[O-])cc1)n2Cc1ccccc1,57890.0,4.237396450433197,0,419.4010000000001
Cn1c(=O)[nH]c(=O)c2c1nc(N/N=C\c1cccc([N+](=O)[O-])c1)n2Cc1ccccc1,50000.0,4.301029995663981,0,419.4010000000001
Cn1c(=O)[nH]c(=O)c2c1nc(S)n2Cc1ccc(Cl)cc1,2100.0,5.6777807052660805,0,322.77700000000004
Cn1c(=O)[nH]c(=O)c2c1nc(SCC(N)=O)n2Cc1cccc(Br)c1,11080.0,4.955460239607589,0,424.28000000000003
Cn1c(=O)[nH]c2c(Oc3ccc(NC(=O)Nc4cc(C(C)(C)C)nn4-c4ccccc4)c4ccccc34)ccnc21,3463.5,5.460484808027142,0,547.6190000000003
Cn1c(=O)[nH]c2c(Oc3ccc(NC(=O)Nc4cc(C(C)(C)C)nn4-c4ccccc4)cc3)ccnc21,505.0,6.296708621881338,1,497.55900000000025
Cn1c(=O)[nH]c2c(Oc3ccc(NC(=O)Nc4cc(C(F)(F)F)ccc4F)c4ccccc34)ccnc21,1083.5,5.965171084344163,0,511.4350000000002
Cn1c(=O)[nH]c2c(Oc3ccc(NC(=O)Nc4cc(C(F)(F)F)ccc4F)cc3)ccnc21,46.0,7.337242168318426,1,461.3750000000001
Cn1c(=O)[nH]c2c(Oc3ccc(NC(=O)Nc4ccc(Cl)c(C(F)(F)F)c4)c4ccccc34)ccnc21,1648.0,5.783042792638903,0,527.8900000000001
Cn1c(=O)[nH]c2c(Oc3ccc(NC(=O)Nc4ccc(Cl)c(C(F)(F)F)c4)cc3)ccnc21,45.0,7.346787486224656,1,477.8300000000001
Cn1c(=O)[nH]c2c(Oc3ccc(NC(=O)Nc4cccc(C(C)(C)C)c4)c4ccccc34)ccnc21,23215.0,4.634231311997807,0,481.55600000000027
Cn1c(=O)[nH]c2c(Oc3ccc(NC(=O)Nc4cccc(C(C)(C)C)c4)cc3)ccnc21,60.0,7.221848749616356,1,431.4960000000002
Cn1c(=O)[nH]c2nccc(Oc3ccc(NC(=O)Nc4cc(C(C)(C)C)nn4-c4ccc(F)cc4)c4ccccc34)c21,174.0,6.7594507517174005,1,565.6090000000002
Cn1c(=O)[nH]c2nccc(Oc3ccc(NC(=O)Nc4cc(C(C)(C)C)nn4-c4ccc(F)cc4)cc3)c21,747.5,6.1263888030035325,1,515.5490000000002
Cn1c(=O)[nH]c2nccc(Oc3ccc(NC(=O)Nc4cc(C(C)(C)C)nn4-c4ccccc4)c4ccccc34)c21,135.0,6.8696662315049934,1,547.6190000000001
Cn1c(=O)[nH]c2nccc(Oc3ccc(NC(=O)Nc4cc(C(C)(C)C)nn4-c4ccccc4)cc3)c21,189.5,6.722390785695909,1,497.5590000000002
Cn1c(=O)[nH]c2nccc(Oc3ccc(NC(=O)Nc4cc(C(C)(C)C)nn4-c4cccnc4)c4ccccc34)c21,445.0,6.351639989019068,1,548.6070000000002
Cn1c(=O)[nH]c2nccc(Oc3ccc(NC(=O)Nc4cc(C(C)(C)C)nn4-c4cccnc4)cc3)c21,610.0,6.214670164989233,1,498.5470000000002
Cn1c(=O)[nH]c2nccc(Oc3ccc(NC(=O)Nc4cc(C(F)(F)F)ccc4F)c4ccccc34)c21,413.5,6.383524486111434,1,511.4350000000001
Cn1c(=O)[nH]c2nccc(Oc3ccc(NC(=O)Nc4cc(C5CC5)nn4-c4ccccc4)cc3)c21,9171.5,5.0375596296027965,0,481.5160000000002
Cn1c(=O)[nH]c2nccc(Oc3ccc(NC(=O)Nc4ccc(Cl)c(C(F)(F)F)c4)c(F)c3)c21,1104.0,5.95703092660682,0,495.82000000000005
Cn1c(=O)[nH]c2nccc(Oc3ccc(NC(=O)Nc4ccc(Cl)c(C(F)(F)F)c4)c4ccccc34)c21,396.5,6.401756808346377,1,527.89
Cn1c(=O)[nH]c2nccc(Oc3ccc(NC(=O)Nc4ccc(Cl)c(C(F)(F)F)c4)cc3)c21,22.0,7.657577319177793,1,477.83000000000004
Cn1c(=O)[nH]c2nccc(Oc3ccc(NC(=O)Nc4cccc(C(C)(C)C)c4)c4ccccc34)c21,548.5,6.26082336808927,1,481.5560000000002
Cn1c(=O)[nH]c2nccc(Oc3ccc(NC(=O)Nc4cccc(C(C)(C)C)c4)cc3)c21,163.0,6.787812395596042,1,431.49600000000015
Cn1c(=O)[nH]c2nccc(Oc3ccc(NC(=O)Nc4cccc(C(F)(F)F)c4)c4ccccc34)c21,305.0,6.515700160653214,1,493.4450000000001
Cn1c(=O)[nH]c2nccc(Oc3ccc(NC(=O)Nc4cccc(SC(F)(F)F)c4)c4ccccc34)c21,742.0,6.129596094720973,1,525.5120000000001
Cn1c(=O)[nH]c2nccc(Oc3ccc(NC(=O)c4cccc(OC(F)(F)F)c4)c4ccccc34)c21,18100.0,4.7423214251308154,0,494.42900000000014
Cn1c(=O)[nH]c2nccc(Oc3ccc(NC(=O)c4cccc(SC(F)(F)F)c4)c4ccccc34)c21,11500.0,4.939302159646388,0,510.4970000000001
Cn1c(=O)c(S(=O)(=O)c2ccc(F)cc2F)cc2cnc(Nc3ccc4[nH]ccc4c3)nc21,10000.0,5.0,0,467.4570000000001
Cn1c(=O)n(C)c2c(Oc3ccc(NC(=O)Nc4cc(C(C)(C)C)nn4-c4ccccc4)c(F)c3)ccnc21,606.0,6.217527375833714,1,529.5760000000001
Cn1c(=O)n(C)c2c(Oc3ccc(NC(=O)Nc4ccc(Cl)c(C(F)(F)F)c4)cc3)ccnc21,61.0,7.214670164989233,1,491.85700000000014
Cn1c(=O)n(Cc2ccccc2)c(=O)c2c1nc(SCCO)n2Cc1ccccc1,1720.0,5.764471553092451,0,422.51000000000016
Cn1c(C2C3Oc4ccc(Oc5ccnc6c5CCC(=O)N6)cc4C32)nc2cc(C(F)(F)F)ccc21,47.0,7.327902142064283,1,492.4570000000001
Cn1c(C2C3Oc4ccc(Oc5ccnc6c5CCC(=O)N6)cc4C32)nc2ccc(C(F)(F)F)cc21,204.0,6.690369832574102,1,492.4570000000001
Cn1c(C2C3Oc4ccc(Oc5ccnc6c5CCC(=O)N6)cc4C32)nc2ccccc21,12.0,7.920818753952375,1,424.4600000000001
Cn1c(N2C3CCC2COC3)cc(-c2cc(NC(=O)c3ccnc(C(C)(F)F)c3)cnc2Cl)cc1=O,15.1,7.82102305270683,1,515.9480000000001
Cn1c(N2CCOCC2)cc(-c2cc(NC(=O)c3ccnc(C(C)(F)F)c3)cnc2Cl)cc1=O,2.4,8.619788758288394,1,489.91000000000014
Cn1c(Nc2cc(C(C)(C)C)ccc2F)nc2cc(Oc3ccnc(-c4ncc(C(F)(F)F)[nH]4)c3)ccc21,42.0,7.376750709602099,1,524.5220000000002
Cn1c(Nc2cc(C(F)(F)F)ccc2F)nc2cc(Oc3ccnc(-c4ncc(C(F)(F)F)[nH]4)c3)ccc21,210.0,6.6777807052660805,1,536.4110000000002
Cn1c(Nc2ccc(Br)cc2)nc2cc(Oc3ccnc(C(=O)NCCC4CNCCO4)c3)ccc21,31.0,7.508638306165727,1,551.4450000000004
Cn1c(Nc2ccc(Br)cc2)nc2cc(Oc3ccnc(C(=O)NCCO)c3)ccc21,11.0,7.958607314841775,1,482.33800000000025
Cn1c(Nc2ccc(C(C)(C)C)cc2)nc2cc(Oc3ccnc(-c4ncc(C(F)(F)F)[nH]4)c3)ccc21,130.0,6.886056647693163,1,506.53200000000015
Cn1c(Nc2ccc(C(F)(F)F)cc2)nc2cc(Oc3ccnc(-c4ncc(C(F)(F)F)[nH]4)c3)ccc21,50.07142857142857,7.300410017711579,1,518.421
Cn1c(Nc2ccc(C(F)(F)F)cc2)nc2ccc(Oc3ccnc(-c4cnc(C(F)(F)F)[nH]4)c3)cc21,3.0,8.522878745280337,1,518.4210000000002
Cn1c(Nc2cccc(C(C)(C)C)c2)nc2cc(Oc3ccnc(-c4ncc(-c5ccccc5)[nH]4)c3)ccc21,480.0,6.318758762624412,1,514.6330000000002
Cn1c(Nc2cccc(C(C)(C)C)c2)nc2cc(Oc3ccnc(-c4ncc(C(F)(F)F)[nH]4)c3)ccc21,87.5,7.057991946977687,1,506.5320000000001
Cn1c(Nc2cccc(C(C)(C)C)c2)nc2cc(Oc3ccnc(-c4ncc[nH]4)c3)ccc21,240.0,6.619788758288394,1,438.5350000000001
Cn1c(Nc2cccc(C(C)(C)C)c2)nc2cc(Oc3ccnc(NC(=O)C4CCNCC4)c3)ccc21,7.0,8.154901959985743,1,498.63100000000026
Cn1c(Nc2cccc(C(F)(F)F)c2)nc2cc(Oc3ccnc(-c4ncc(C(F)(F)F)[nH]4)c3)ccc21,780.0,6.107905397309519,1,518.421
Cn1cc(-c2cc(C(=O)N[C@@H]3CCc4ccc(Oc5ccnc6c5CCC(=O)N6)cc4C3)cc(C(F)(F)F)c2)cn1,18.05,7.7435227937583235,1,561.5640000000002
Cn1cc(-c2cc(C(=O)Nc3cccc(C(C)(C)C#N)c3)ccc2Cl)cc(N2CCOCC2)c1=O,6.0,8.221848749616356,1,490.99100000000027
Cn1cc(-c2cc(C(=O)Nc3cccc(C(C)(C)O)c3)cnc2Cl)cc(N2CCOCC2)c1=O,50.2,7.29929628285498,1,482.96800000000025
Cn1cc(-c2cc(C(=O)Nc3cccc(C(F)(F)F)c3)ccc2C(F)F)cc(N2CCOCC2)c1=O,33.932,7.469390541670374,1,507.4590000000003
Cn1cc(-c2cc(C(=O)Nc3cccc(C(F)(F)F)c3)ccc2Cl)cc(N2CCOCC2)c1=O,2.6,8.585026652029182,1,491.89700000000033
Cn1cc(-c2cc(C(=O)Nc3cccc(C(F)(F)F)c3)cnc2Cl)cc(N2CCOCC2)c1=O,6.0,8.221848749616356,1,492.8850000000003
Cn1cc(-c2cc(C(=O)Nc3cccc(C(F)F)c3)ccc2Cl)cc(N2CCOCC2)c1=O,2.4,8.619788758288394,1,473.9070000000003
Cn1cc(-c2cc(NC(=O)c3cccc(C(F)(F)F)c3)ccc2C#N)cc(N2CCOCC2)c1=O,3100.0,5.508638306165727,0,482.46200000000033
Cn1cc(-c2cc(NC(=O)c3cccc(C(F)(F)F)c3)ccc2Cl)cc(N2CCOCC2)c1=O,1.7,8.769551078621726,1,491.89700000000033
Cn1cc(-c2cc(NC(=O)c3cccc(C(F)(F)F)c3)ccc2F)cc(N2CCOCC2)c1=O,2.0,8.698970004336019,1,475.4420000000003
Cn1cc(-c2cc(NC(=O)c3cccc(C(F)(F)F)c3)cnc2Cl)cc(N2CCOCC2)c1=O,1.4,8.853871964321762,1,492.8850000000003
Cn1cc(-c2cc(NC(=O)c3cccc(C(F)F)c3)ccc2C#N)cc(N2CCOCC2)c1=O,3600.0,5.443697499232712,0,464.4720000000003
Cn1cc(-c2cc(NC(=O)c3cccc(C(F)F)c3)ccc2Cl)cc(N2CCOCC2)c1=O,0.8,9.096910013008056,1,473.9070000000003
Cn1cc(-c2cc(NC(=O)c3cccc(C(F)F)c3)ccc2F)cc(N2CCOCC2)c1=O,3.1,8.508638306165727,1,457.4520000000003
Cn1cc(-c2cc(NC(=O)c3cccc(C(F)F)c3)cnc2Cl)cc(N2CCOCC2)c1=O,1.3,8.886056647693163,1,474.89500000000027
Cn1cc(-c2cc(NC(=O)c3ccnc(C(C)(F)F)c3)ccc2C#N)cc(N2CCOCC2)c1=O,1100.0,5.958607314841775,0,479.4870000000003
Cn1cc(-c2cc(NC(=O)c3ccnc(C(C)(F)F)c3)ccc2Cl)cc(N2CCOCC2)c1=O,1.4,8.853871964321762,1,488.9220000000003
Cn1cc(-c2cc(NC(=O)c3ccnc(C(C)(F)F)c3)ccc2F)cc(N2CCOCC2)c1=O,4.3,8.366531544420413,1,472.46700000000027
Cn1cc(-c2cc(NC(=O)c3ccnc(C(C)(F)F)c3)cnc2Cl)cc(N2CCOCC2)c1=O,4.5,8.346787486224656,1,489.91000000000025
Cn1cc(-c2cc(NC(=O)c3ccnc(C(F)(F)F)c3)ccc2C#N)cc(N2CCOCC2)c1=O,10100.0,4.995678626217358,0,483.45000000000033
Cn1cc(-c2cc(NC(=O)c3ccnc(C(F)(F)F)c3)ccc2Cl)cc(N2CCOCC2)c1=O,0.4,9.397940008672037,1,492.8850000000003
Cn1cc(-c2cc(NC(=O)c3ccnc(C(F)(F)F)c3)ccc2F)cc(N2CCOCC2)c1=O,3.5,8.455931955649724,1,476.4300000000003
Cn1cc(-c2cc(NC(=O)c3ccnc(C(F)(F)F)c3)cnc2Cl)cc(N2CCOCC2)c1=O,4.3,8.366531544420413,1,493.87300000000033
Cn1cc(-c2ccc(-c3cc[nH]c3)cc2)c(-c2ccncc2)n1,788.0,6.103473782510445,1,300.365
Cn1cc(-c2ccc(-c3cc[nH]n3)cc2)c(-c2ccncc2)n1,68.2,7.166215625343521,1,301.353
Cn1cc(-c2ccc(-c3cn[nH]n3)cc2)c(-c2ccncc2)n1,55.0,7.259637310505756,1,302.341
Cn1cc(-c2ccc(/C(N)=N\O)cc2)c(-c2ccncc2)n1,18.4,7.735182176990463,1,293.33
Cn1cc(-c2ccc(C(=O)N3N=C(c4cccnc4)CC3c3c(O)cccc3F)s2)cn1,29.0,7.5376020021010435,1,447.4950000000001
Cn1cc(-c2ccc(C(=O)N3N=C(c4cccnc4)CC3c3ccccc3O)s2)cn1,49.0,7.309803919971486,1,429.5050000000001
Cn1cc(-c2ccc(S(N)(=O)=O)cc2)c(-c2ccncc2)n1,1000.0,6.0,1,314.37
Cn1cc(-c2ccc3[nH]ccc3c2)c(-c2ccncc2)n1,861.0,6.064996848546345,1,274.327
Cn1cc(-c2ccc3[nH]ncc3c2)c(-c2ccncc2)n1,1000.0,6.0,1,275.315
Cn1cc(-c2ccc3c(O)cccc3c2)c(-c2ccncc2)n1,1.4,8.853871964321762,1,301.349
Cn1cc(-c2ccc3c(c2)C(=O)NC3)c(-c2ccncc2)n1,68.4,7.164943898279883,1,290.32599999999996
Cn1cc(-c2ccc3c(c2)CC/C3=N\O)c(-c2ccc3c(cnn3C)c2)n1,969.6,6.013407393177789,1,357.41700000000003
Cn1cc(-c2ccc3c(c2)CC/C3=N\O)c(-c2cccnc2)n1,433.8,6.362710452321825,1,304.35299999999995
Cn1cc(-c2ccc3c(c2)CC/C3=N\O)c(-c2ccnc(N)c2)n1,2.1,8.67778070526608,1,319.368
Cn1cc(-c2ccc3c(c2)CC/C3=N\O)c(-c2ccnc(O)c2)n1,2.9,8.537602002101044,1,320.352
Cn1cc(-c2ccc3c(c2)CC/C3=N\O)c(-c2ccncc2)n1,0.02,10.698970004336019,1,304.35299999999995
Cn1cc(-c2ccc3c(c2)CC/C3=N\O)c(-c2ccncn2)n1,3.1,8.508638306165727,1,305.34099999999995
Cn1cc(-c2ccc3c(c2)CC/C3=N\O)c(-c2cnco2)n1,4.1,8.387216143280265,1,294.31399999999996
Cn1cc(-c2ccc3c(c2)CCN/C3=N/O)c(-c2ccncc2)n1,16.0,7.795880017344075,1,319.368
Cn1cc(-c2ccc3c(c2)CCN3CC(=O)c2cc(F)cc(C(F)(F)F)c2)c2c(N)ncnc21,1000.0,6.0,1,469.44200000000006
Cn1cc(-c2ccc3c(c2)CCc2c[nH]nc2-3)c(-c2ccncc2)n1,23.0,7.638272163982407,1,327.39099999999996
Cn1cc(-c2ccc3c(c2)CCc2n[nH]cc2-3)c(-c2ccncc2)n1,1000.0,6.0,1,327.39099999999996
Cn1cc(-c2ccc3c(c2)CN/C3=N/O)c(-c2ccncc2)n1,2.0,8.698970004336019,1,305.341
Cn1cc(-c2ccc3c(c2)CNC3=O)c(-c2ccncc2)n1,94.0,7.026872146400302,1,290.32599999999996
Cn1cc(-c2ccc3c(c2)Cc2c[nH]nc2-3)c(-c2ccncc2)n1,1.5,8.823908740944319,1,313.364
Cn1cc(-c2ccc3c(c2)Cc2n[nH]nc2-3)c(-c2ccncc2)n1,11.0,7.958607314841775,1,314.352
Cn1cc(-c2ccc3cc(O)ccc3c2)c(-c2ccncc2)n1,77.0,7.113509274827518,1,301.349
Cn1cc(-c2ccc3cc[nH]c3c2)c(-c2ccncc2)n1,328.0,6.484126156288321,1,274.327
Cn1cc(-c2ccc3cn[nH]c3c2)c(-c2ccncc2)n1,104.5,6.980883709552927,1,275.315
Cn1cc(-c2cccc(NC(=O)c3cc4c(nc3O[C@H]3C[C@@H](O)C3)OC(C)(C)C4)n2)cn1,25712.0,4.589864140580731,0,435.4840000000002
Cn1cc(-c2cccc3[nH]ncc23)c(-c2ccncc2)n1,468.0,6.329754146925876,1,275.315
Cn1cc(-c2cnc3[nH]cc(C(=O)c4cccc(NS(=O)(=O)CC5CC5)c4F)c3c2)cn1,100.0,7.0,1,453.49900000000025
Cn1cc(-c2cnc3c(-c4csc(C(=O)NCC(F)(F)F)c4)cnn3c2)cn1,1500.0,5.823908740944319,0,406.39300000000003
Cn1cc(-c2cnc3c(-c4csc(C(=O)N[C@@H]5CCCC[C@@H]5N)c4)cnn3c2)cn1,19.0,7.721246399047171,1,421.5300000000002
Cn1cc(-c2cnc3ccc(C(=O)c4cccc(NC(=O)Nc5ccc(Cl)c(C(F)(F)F)c5)c4)cc3n2)cn1,100.0,7.0,1,550.928
Cn1cc(N)c(-c2ccncc2)n1,1000.0,6.0,1,174.207
Cn1cc(Nc2ncnc3[nH]cc(C(=O)c4c(F)ccc(NS(=O)(=O)c5ccc(C(F)(F)F)cc5)c4F)c23)cn1,100.0,7.0,1,577.4950000000001
Cn1cc(O)c(-c2ccncc2)n1,1000.0,6.0,1,175.19099999999997
Cn1cc(S(=O)(=O)Nc2ccc(F)c(Nc3ncccc3-c3ncnc4[nH]cnc34)c2F)cn1,214.25,6.669079169404764,1,483.46400000000017
Cn1ccc2c(Oc3ccc(NC(=O)Nc4ccc(Cl)c(C(F)(F)F)c4)cc3)ncnc21,37.55,7.425390058659813,1,461.83100000000013
Cn1ccc2c(S(=O)(=O)Nc3ccc(F)c(Nc4ncccc4-c4ncnc5[nH]cnc45)c3F)cccc21,550.0,6.259637310505756,1,532.5360000000002
Cn1ccc2cc(S(=O)(=O)Nc3ccc(F)c(Nc4ncccc4-c4ncnc5[nH]cnc45)c3F)ccc21,10000.0,5.0,0,532.5360000000002
Cn1ccc2cccc(S(=O)(=O)Nc3ccc(F)c(Nc4ncccc4-c4ncnc5[nH]cnc45)c3F)c21,800.0,6.096910013008056,1,532.5360000000002
Cn1ccc2ncnc(Oc3ccc(NC(=O)Nc4cccc(C(F)(F)F)c4)c(F)c3)c21,900.0,6.045757490560675,1,445.37600000000015
Cn1cccc1C(=O)Nc1cccc(-c2csc3c(-c4cccnc4)cnc(N)c23)c1,4170.0,5.379863945026242,0,425.51700000000017
Cn1cnc(-c2cc(C(=O)N[C@@H]3CCc4ccc(Oc5ccnc6c5CCC(=O)N6)cc4C3)cc(C(F)(F)F)c2)c1,62.55,7.203772685970561,1,561.5640000000003
Cn1cnc(S(=O)(=O)Nc2ccc(F)c(Nc3ncccc3-c3ncnc4[nH]cnc34)c2F)c1,1800.0,5.7447274948966935,0,483.4640000000001
Cn1cncc1-c1cc2nccc(-c3cccc(NC(=O)c4cccc(C(F)(F)F)c4)c3)n2n1,100.0,7.0,1,462.4350000000001
Cn1nc(C(C)(C)C)cc1C(=O)Nc1cccc(Nc2cc3c(=O)[nH][nH]c(=O)c3cc2Cl)c1,293.0,6.533132379645891,1,466.9290000000002
Cn1nc(C(C)(C)C)cc1C(=O)Nc1cccc(Nc2cc3c(cc2Cl)C(=O)NC3=O)c1,349.0,6.45717457304082,1,451.9140000000002
Cn1nc(C(C)(C)C)cc1NC(=O)Nc1ccc(Oc2ccnc3[nH]c(=O)[nH]c23)c2ccccc12,1155.5,5.937230050184872,0,471.5210000000002
Cn1nc(C(C)(C)C)cc1NC(=O)Nc1ccc(Oc2ccnc3[nH]c(=O)[nH]c23)cc1,14016.5,4.853360418641189,0,421.4610000000001
Cn1nc(C(C)(C)C)cc1NC(=O)Nc1ccc(Oc2ccnc3[nH]c(=O)cnc23)cc1F,318.5,6.4968905633286305,1,451.46200000000016
Cn1nc(C(C)(C)C)cc1NC(=O)Nc1ccc(Oc2ccnc3[nH]c(=O)n(C)c23)c2ccccc12,241.0,6.617982957425132,1,485.54800000000023
Cn1nc(C(C)(C)C)cc1NC(=O)Nc1ccc(Oc2ccnc3[nH]c(=O)n(C)c23)cc1,7092.0,5.14923127307112,0,435.48800000000017
Cn1nc(C(C)(C)C)cc1NC(=O)Nc1ccc(Oc2ccnc3c2[nH]c(=O)n3C)c2ccccc12,333.5,6.4769041617474326,1,485.54800000000023
Cn1nc(C(C)(C)C)cc1NC(=O)Nc1ccc(Oc2ccnc3c2[nH]c(=O)n3C)cc1,1579.0,5.801617869991706,0,435.48800000000017
Cn1nc(C(C)(C)C)cc1NC(=O)c1cc(Cl)cc(Nc2ncnc3cnc(N4CCCC4)nc23)c1,4.0,8.397940008672037,1,506.0140000000003
Cn1nc(C(C)(C)C)cc1NC(=O)c1cc(Cl)cc(Nc2ncnc3cnc(N4CCCC4)nc23)c1Cl,2000.0,5.698970004336019,0,540.4590000000003
Cn1nc(C(C)(C)C)cc1NC(=O)c1cc(Cl)cc(Nc2ncnc3cnc(N4CCOCC4)nc23)c1,7.0,8.154901959985743,1,522.0130000000004
Cn1nc(C(C)(C)C)cc1NC(=O)c1cc(Cl)cc(Nc2ncnc3cnc(N4CCOCC4)nc23)c1Cl,2000.0,5.698970004336019,0,556.4580000000003
Cn1nc(C(C)(C)C)cc1NC(=O)c1ccc(F)c(Nc2ncnc3cnc(N4CCOCC4)nc23)c1,2.0,8.698970004336019,1,505.55800000000033
Cn1nc(C(C)(C)C)cc1NC(=O)c1ccc(F)c(Nc2ncnc3cnc(NC4CCOC4)nc23)c1,2.0,8.698970004336019,1,505.5580000000003
Cn1ncc(-c2ccc3c(c2)CC/C3=N\O)c1-c1ccncc1,0.48,9.318758762624412,1,304.35299999999995
Cn1ncc2c(Oc3ccc(NC(=O)Nc4ccc(Cl)c(C(F)(F)F)c4)cc3)ncnc21,37.55,7.425390058659813,1,462.8190000000001
Cn1ncc2c(Oc3ccc4c(c3)nc(Nc3ccc(Br)cc3)n4C)ncnc21,40.9,7.388276691992658,1,450.3000000000001
Cn1ncc2c(Oc3ccc4c(c3)nc(Nc3ccc(C(F)(F)F)cc3)n4C)ncnc21,215.6,6.666351243485299,1,439.4010000000001
Cn1ncc2c(Oc3ccc4c(c3)nc(Nc3ccc(Cl)c(Cl)c3)n4C)ncnc21,487.8,6.311758204022288,1,440.29400000000015
Cn1ncc2c(Oc3ccc4c(c3)nc(Nc3ccc(Cl)cc3)n4C)ncnc21,105.6,6.976336081802207,1,405.8490000000001
Cn1ncc2c(Oc3ccc4c(c3)nc(Nc3ccc(F)cc3)n4C)ncnc21,407.2,6.390192230671298,1,389.3940000000001
Cn1ncc2c(Oc3ccc4c(c3)nc(Nc3ccc(OC(F)(F)F)cc3)n4C)ncnc21,171.5,6.7657358756212105,1,455.40000000000015
Cn1ncc2c(Oc3ccc4c(c3)nc(Nc3cccc(C(F)(F)F)c3)n4C)ncnc21,476.3,6.322119418488409,1,439.4010000000001
Cn1ncc2cc(C#Cc3c(F)ccc(NS(=O)(=O)c4cccc(Cl)c4)c3F)cnc21,10000.0,5.0,0,458.8770000000002
Cn1nccc1-c1cc(C(=O)N[C@@H]2CCc3ccc(Oc4ccnc5c4CCC(=O)N5)cc3C2)cc(C(F)(F)F)c1,37.75,7.423083044034793,1,561.5640000000004
Cn1nnnc1Sc1cc(NS(=O)(=O)c2cccs2)c2ccccc2c1O,285.0,6.54515513999149,1,419.5130000000001
FC(F)(F)c1ccc(C2=NN(C(=S)Nc3ccccc3)C(c3ccc4c(c3)OCCO4)C2)cc1,35600.0,4.448550002027125,0,483.5150000000003
FC(F)(F)c1ccc2nc(C3C4Oc5ccc(Oc6ccnc(-c7nc(C(F)(F)F)c[nH]7)c6)cc5C43)[nH]c2c1,291.0,6.536107011014093,1,543.4270000000001
FC(F)(F)c1ccc2nc(C3C4Oc5ccc(Oc6ccnc7[nH]ccc67)cc5C43)[nH]c2c1,522.0,6.282329496997738,1,448.4040000000001
FC(F)(F)c1ccc2nc(C3C4Oc5ccc(Oc6ccncc6)cc5C43)[nH]c2c1,518.0,6.285670240254767,1,409.3670000000001
FC(F)(F)c1ccc2nc(C3C4Oc5ccc(Oc6ccncn6)cc5C43)[nH]c2c1,569.0,6.244887733604929,1,410.3550000000001
FC(F)(F)c1ccc2nc(C3C4Oc5ccc(Oc6ncnc7[nH]cnc67)cc5C43)[nH]c2c1,56.0,7.251811972993799,1,450.3800000000001
FC(F)(F)c1cccc(-c2ccc3ncnc(Nc4cccc5[nH]ncc45)c3c2)c1,363.45000000000005,6.439555326806812,1,405.3830000000001
F[C@@H]1CNCC[C@H]1n1cc(-c2ccc3c(c2)Cc2c[nH]nc2-3)c(-c2ccncc2)n1,308.75,6.510393033732278,1,400.46100000000007
F[C@H]1CCNC[C@H]1n1cc(-c2ccc3c(c2)Cc2c[nH]nc2-3)c(-c2ccncc2)n1,1061.1,5.974243685465586,0,400.46100000000007
F[C@H]1CNCC[C@@H]1n1cc(-c2ccc3c(c2)Cc2c[nH]nc2-3)c(-c2ccncc2)n1,336.625,6.472853633580433,1,400.46100000000007
F[C@H]1CNCC[C@H]1n1cc(-c2ccc3c(c2)Cc2c[nH]nc2-3)c(-c2ccncc2)n1,205.4,6.687399560738741,1,400.46100000000007
Fc1cc(CN2C3COCC2COC3)ccc1-c1ccnc2c(-c3cccc4[nH]ncc34)c(-c3ccncc3)nn12,0.77,9.113509274827518,1,547.594
Fc1cc(CN2C[C@@H]3C[C@H]2CO3)ccc1-c1ccnc2c(-c3cccc4[nH]ncc34)c(-c3ccncc3)nn12,1.2,8.920818753952375,1,517.5680000000002
Fc1cc(CN2C[C@H]3C[C@@H]2CO3)ccc1-c1ccnc2c(-c3cccc4[nH]ncc34)c(-c3ccncc3)nn12,0.52,9.2839966563652,1,517.5680000000002
Fc1cc(N2C[C@@H]3C[C@H]2CN3C2CCC2)cc(F)c1-c1ccnc2c(-c3cccc4[nH]ncc34)c(-c3ccncc3)nn12,0.32,9.494850021680094,1,574.6390000000001
Fc1ccc(-c2c(-c3ccncc3)nn3c(C4CC5CCC(C4)N5)ccnc23)c2cn[nH]c12,3.8,8.42021640338319,1,439.4980000000002
Fc1ccc(-c2ccc3ncnc(Nc4cccc5[nH]ncc45)c3c2)cc1Cl,535.25,6.271443324033524,1,389.821
Fc1ccc(-c2ccc3ncnc(Nc4cccc5[nH]ncc45)c3c2)cc1F,191.60000000000002,6.717604495257475,1,373.36600000000004
Fc1ccc(-c2cn(-c3c(Cl)cc(Cl)cc3Cl)nc2-c2ccncc2)cc1,2500.0,5.6020599913279625,0,418.6860000000001
Fc1ccc(-c2cn(-c3ccc(C(F)(F)F)cc3)nc2-c2ccncc2)cc1,2700.0,5.568636235841013,0,383.34800000000007
Fc1ccc(C2=NN(C(=S)Nc3ccccc3)C(c3ccc4c(c3)OCCO4)C2)cc1,23100.0,4.636388020107856,0,433.5080000000003
Fc1ccc(Nc2c(-c3ncccn3)oc3cnccc23)c2cn[nH]c12,2.0,8.698970004336019,1,346.3250000000001
Fc1cccc(-c2ccc3ncnc(Nc4cccc5[nH]ncc45)c3c2)c1,261.75,6.58211330964912,1,355.3760000000001
Fc1ccccc1-c1ccc2nccc(Nc3cccc4[nH]ncc34)c2c1,353.9,6.451119437362485,1,354.3880000000001
Fc1ccccc1-c1ccc2ncnc(Nc3cccc4[nH]ncc34)c2c1,205.10000000000002,6.688034339631634,1,355.3760000000001
N#CC(=C(/N)Sc1ccccc1N)/C(C#N)=C(\N)Sc1ccccc1N,250.0,6.6020599913279625,1,380.5020000000001
N#CC1(c2ccc(-c3cnc4[nH]cc(C(=O)c5c(F)ccc(NS(=O)(=O)N6CCCC6)c5F)c4c3)cc2)CC1,100.0,7.0,1,547.5870000000001
N#CC1(c2ccc(-c3cnc4[nH]cc(C(=O)c5cccc(NS(=O)(=O)N6CCCC6)c5F)c4c3)cc2)CC1,100.0,7.0,1,529.5970000000002
N#CC1(c2cccc(C(=O)N[C@@H]3[C@H]4Oc5ccc(Oc6ccnc7c6CCC(=O)N7)cc5[C@@H]34)c2)CC1,2.5,8.602059991327963,1,478.5080000000003
N#CC1(c2cccc(C(=O)Nc3cc(Oc4ccc5nc(NC(=O)C6CC6)sc5n4)ccc3F)c2Cl)CC1,5.6,8.2518119729938,1,547.999
N#CC1(c2cccc(C(=O)Nc3cccc(Nc4ccnc(NC(=O)C5CC5)c4)c3)c2)CC1,1055.0,5.976747540366288,0,437.50300000000027
N#CCNC(=O)c1ccc(-c2ccnc(Nc3ccc(N4CCOCC4)cc3)n2)cc1,1000.0,6.0,1,414.4690000000002
N#CCNc1ncnc(-n2c(Nc3cccc(O)c3)nc3ccccc32)n1,3.0,8.522878745280337,1,358.36500000000007
N#CNc1cccc(-c2nc(NC3CC3)nc3sc(C(N)=O)c(N)c23)c1,1600.0,5.795880017344075,0,365.42200000000014
N#Cc1c(-c2ccc(Cl)cc2Cl)cc(-c2c[nH]c3ccccc23)[nH]c1=O,97.5,7.010995384301463,1,380.23400000000004
N#Cc1c(N)nc2sc(C(N)=O)c(N)c2c1-c1ccc(Cl)cc1,2000.0,5.698970004336019,0,343.799
N#Cc1c(Oc2ccc(F)c(NC(=O)Cc3cccc(C(F)(F)F)c3)c2)ccc2nc(NC(=O)C3CC3)sc12,18.388823529411766,7.73544605493965,1,554.5250000000001
N#Cc1c(Oc2ccc(F)c(NC(=O)Cc3cccc(C(F)(F)F)c3)c2)ccc2nc(NC(=O)COCC(=O)Nc3nc4ccc(Oc5ccc(F)c(NC(=O)Cc6cccc(C(F)(F)F)c6)c5)c(C#N)c4s3)sc12,479.0,6.319664486585437,1,1070.9569999999997
N#Cc1c(Oc2ccc(F)c(NC(=O)Cc3cccc(C(F)(F)F)c3)c2)ccc2nc(NC(=O)COCCOCCOCC(=O)Nc3nc4ccc(Oc5ccc(F)c(NC(=O)Cc6cccc(C(F)(F)F)c6)c5)c(C#N)c4s3)sc12,80.55000000000001,7.093934455244763,1,1159.0629999999996
N#Cc1c(Oc2ccc(F)c(NC(=O)Cc3cccc(C(F)(F)F)c3)c2)ccc2nc(NC(=O)COCCOCCOCC(=O)Nc3nccs3)sc12,20.3,7.692503962086787,1,772.7589999999998
N#Cc1c(Oc2ccc(F)c(NC(=O)Cc3cccc(C(F)(F)F)c3)c2)ccc2nc(NC(=O)COCCOCCOCCOCC(=O)Nc3nc4ccc(Oc5ccc(F)c(NC(=O)Cc6cccc(C(F)(F)F)c6)c5)c(C#N)c4s3)sc12,392.0,6.406713932979542,1,1203.1159999999995
N#Cc1c(Oc2ccc(F)c(NC(=O)Cc3cccc(C(F)(F)F)c3)c2)ccc2nc(NC(=O)COCCOCCOCCOCCOCC(=O)Nc3nc4ccc(Oc5ccc(F)c(NC(=O)Cc6cccc(C(F)(F)F)c6)c5)c(C#N)c4s3)sc12,79.65,7.09881421986285,1,1247.1689999999994
N#Cc1c(Oc2ccc(F)c(NC(=O)Cc3cccc(C(F)(F)F)c3)c2)ccc2nc(NC(=O)COCCOCCOCCOCCOCCOCCOCC(=O)Nc3nc4ccc(Oc5ccc(F)c(NC(=O)Cc6cccc(C(F)(F)F)c6)c5)c(C#N)c4s3)sc12,542.0,6.266000713461613,1,1335.2749999999992
N#Cc1c(Oc2ccc(F)c(NC(=O)Nc3ccc(C(F)(F)F)cc3)c2)ccc2nc(NC(=O)C3CC3)sc12,53.5,7.2716462179787715,1,555.5130000000001
N#Cc1c(Oc2ccc(F)c(NC(=O)Nc3cccc(C(F)(F)F)c3)c2)ccc2nc(NC(=O)C3CC3)sc12,35.5,7.449771646944906,1,555.5130000000001
N#Cc1c(Oc2cccc(NC(=O)Cc3ccc(C(F)(F)F)cc3)c2)ccc2nc(NC(=O)C3CC3)sc12,164.75,6.783174576733953,1,536.5350000000001
N#Cc1c(Oc2cccc(NC(=O)Cc3cccc(C(F)(F)F)c3)c2)ccc2nc(NC(=O)C3CC3)sc12,180.65,6.743162034095959,1,536.5350000000001
N#Cc1c(Oc2cccc(NC(=O)Cc3ccccc3C(F)(F)F)c2)ccc2nc(NC(=O)C3CC3)sc12,257.0,6.590066876668706,1,536.5350000000001
N#Cc1c(Oc2cccc(NC(=O)Nc3ccc(C(F)(F)F)cc3)c2)ccc2nc(NC(=O)C3CC3)sc12,64.0,7.1938200260161125,1,537.5230000000001
N#Cc1c(Oc2cccc(NC(=O)Nc3cccc(C(F)(F)F)c3)c2)ccc2nc(NC(=O)C3CC3)sc12,46.5,7.3325470471100465,1,537.5230000000001
N#Cc1c(Oc2cccc(NC(=O)Nc3ccccc3C(F)(F)F)c2)ccc2nc(NC(=O)C3CC3)sc12,259.5,6.585862637815524,1,537.5230000000001
N#Cc1cc(CNc2ccccc2C(=O)Nc2ccc3c(c2)OC(F)(F)O3)ccn1,110.0,6.958607314841775,1,408.36400000000015
N#Cc1cc(NC(=O)Nc2ccc(Oc3ccnc(NC(=O)C4CC4)c3)c(F)c2)cc(C(F)(F)F)c1,87.0,7.060480747381382,1,499.42400000000015
N#Cc1cc(NC(=O)Nc2ccc(Oc3ccnc(NC(=O)C4CC4)c3)cc2)cc(C(F)(F)F)c1,72.0,7.142667503568732,1,481.43400000000014
N#Cc1ccc(-c2cnc3[nH]cc(C(=O)c4cccc(NS(=O)(=O)N5CCCC5)c4F)c3c2)cc1,100.0,7.0,1,489.53200000000027
N#Cc1ccc(-c2cnc3[nH]cc(C(=O)c4cccc(NS(=O)(=O)N5CCCC5)c4F)c3c2)cn1,100.0,7.0,1,490.52000000000027
N#Cc1ccc(-c2cnc3ccc(NCc4ccccc4)nn23)cc1,2500.0,5.6020599913279625,0,325.375
N#Cc1ccc(-n2nc(-c3ccncc3)c(-c3ccc(F)cc3)c2N)cc1,1700.0,5.769551078621726,0,355.3760000000001
N#Cc1ccc(C(=O)CSc2nccc(Nc3ccc(C(=O)O)cc3)n2)cc1,1700.0,5.769551078621726,0,390.4240000000001
N#Cc1ccc(NC(=O)Nc2ccc(Oc3ccnc(NC(=O)C4CC4)c3)c(F)c2)cc1C(F)(F)F,7.0,8.154901959985743,1,499.4240000000002
N#Cc1ccc(NC(=O)Nc2ccc(Oc3ccnc(NC(=O)C4CC4)c3)cc2)cc1C(F)(F)F,13.0,7.886056647693163,1,481.4340000000002
N#Cc1ccc(NC(=O)Nc2ccc(Oc3ccnc(NC(=O)C4CC4)c3)cc2F)cc1Cl,11.0,7.958607314841775,1,465.8720000000002
N#Cc1ccc(NC(=O)Nc2ccc(Oc3ccnc(NC(=O)C4CC4)c3)cn2)cc1C(F)(F)F,25.0,7.6020599913279625,1,482.4220000000002
N#Cc1ccc2nc(C3C4Oc5ccc(Oc6ccnc7c6CCC(=O)N7)cc5C43)[nH]c2c1,22.0,7.657577319177793,1,435.4430000000002
N#Cc1cccc(-c2ccc3nccc(Nc4cccc5[nH]ncc45)c3c2)c1,111.0,6.954677021213342,1,361.4080000000001
N#Cc1cccc(-c2ccc3ncnc(Nc4cccc5[nH]ncc45)c3c2)c1,166.6,6.778325002929231,1,362.3960000000001
N#Cc1cccc(C(=O)Nc2cccc(Nc3cc4c(=O)[nH][nH]c(=O)c4cc3Cl)c2)c1,296.0,6.528708288941061,1,431.83900000000017
N#Cc1cccc(C(=O)Nc2cccc(Nc3cc4c(cc3Cl)C(=O)NC4=O)c2)c1,297.0,6.527243550682788,1,416.8240000000002
N#Cc1cccc(C(=O)Nc2cccc(Nc3ccnc(NC(=O)C4CC4)c3)c2)c1,3530.0,5.452225294612178,0,397.43800000000016
N#Cc1cccc(N2C(=O)c3ccccc3C2(O)c2ccc3c(c2)NC(=O)CO3)c1,1000.0,6.0,1,397.39000000000016
N#Cc1ccccc1-c1ccc(C=C2C(=O)NC(=S)NC2=O)o1,740.0,6.130768280269024,1,323.333
N#Cc1ccccc1S(=O)(=O)N1N=C(c2cccnc2)CC1c1ccccc1O,450.0,6.346787486224656,1,404.4510000000001
N#Cc1ccnc2[nH]cc(C(=O)c3c(F)ccc(NS(=O)(=O)c4c(F)cccc4F)c3F)c12,55.0,7.259637310505756,1,474.39500000000015
N#Cc1ccnc2[nH]cc(C(=O)c3c(F)ccc(NS(=O)(=O)c4cc(F)ccc4F)c3F)c12,10.0,8.0,1,474.39500000000015
N#Cc1ccnc2[nH]cc(C(=O)c3c(F)ccc(NS(=O)(=O)c4cccc(F)c4)c3F)c12,10.0,8.0,1,456.40500000000014
N#Cc1ccnc2[nH]cc(C(=O)c3c(F)ccc(NS(=O)(=O)c4ccccc4F)c3F)c12,10.0,8.0,1,456.40500000000014
N#Cc1ccnc2[nH]cc(C(=O)c3c(F)ccc(NS(=O)(=O)c4cccnc4)c3F)c12,10.0,8.0,1,439.40300000000013
N#Cc1cnc2[nH]cc(C(=O)c3c(F)ccc(NS(=O)(=O)c4c(F)cccc4F)c3F)c2c1,55.0,7.259637310505756,1,474.39500000000015
N#Cc1cnc2[nH]cc(C(=O)c3c(F)ccc(NS(=O)(=O)c4ccccc4)c3F)c2c1,10.0,8.0,1,438.41500000000013
N#Cc1cnc2[nH]cc(C(=O)c3c(F)ccc(NS(=O)(=O)c4ccccc4F)c3F)c2c1,55.0,7.259637310505756,1,456.40500000000014
N#Cc1cnc2[nH]cc(C(=O)c3c(F)ccc(NS(=O)(=O)c4cccnc4)c3F)c2c1,10.0,8.0,1,439.40300000000013
N#Cc1cnc2[nH]cc(C(=O)c3cccc(NS(=O)(=O)c4c(F)cccc4F)c3F)c2c1,55.0,7.259637310505756,1,456.40500000000014
N#Cc1cnc2[nH]cc(C(=O)c3cccc(NS(=O)(=O)c4cc(F)ccc4F)c3F)c2c1,55.0,7.259637310505756,1,456.40500000000014
N#Cc1cnc2[nH]cc(C(=O)c3cccc(NS(=O)(=O)c4cccc(F)c4)c3F)c2c1,10.0,8.0,1,438.41500000000013
N#Cc1cnc2[nH]cc(C(=O)c3cccc(NS(=O)(=O)c4ccccc4)c3F)c2c1,55.0,7.259637310505756,1,420.4250000000001
N#Cc1cnc2[nH]cc(C(=O)c3cccc(NS(=O)(=O)c4ccccc4F)c3F)c2c1,55.0,7.259637310505756,1,438.41500000000013
N#Cc1cnc2[nH]cc(C(=O)c3cccc(NS(=O)(=O)c4cccnc4)c3F)c2c1,10.0,8.0,1,421.4130000000001
N#Cc1cnc2cc(-c3cccnc3)sc2c1-c1cccc(NC(=O)c2cccc(C(F)(F)F)c2)c1,10000.0,5.0,0,500.5050000000001
N#Cc1cnc2cc(-c3ccncc3)sc2c1-c1cccc(NC(=O)c2cccc(C(F)(F)F)c2)c1,5940.0,5.2262135550188065,0,500.5050000000001
N#Cc1cnc2sc(-c3cccnc3)cc2c1-c1cccc(NC(=O)c2cccc(C(F)(F)F)c2)c1,10000.0,5.0,0,500.5050000000001
N#Cc1cnc2sc(-c3ccncc3)cc2c1-c1cccc(NC(=O)c2cccc(C(F)(F)F)c2)c1,10000.0,5.0,0,500.5050000000001
N#Cc1cncc(-c2cnc3[nH]cc(C(=O)c4cccc(NS(=O)(=O)N5CCCC5)c4F)c3c2)c1,100.0,7.0,1,490.52000000000027
N#Cc1cnn2c(-c3cccc(NC(=O)c4cccc(C(F)(F)F)c4)c3)ccnc12,10000.0,5.0,0,407.3550000000001
N#Cc1ncc(-c2cnc3[nH]cc(C(=O)c4cccc(NS(=O)(=O)N5CCCC5)c4F)c3c2)cn1,100.0,7.0,1,491.50800000000027
N#Cc1ncnc2[nH]cc(C(=O)c3c(F)ccc(NS(=O)(=O)c4ccc(C(F)(F)F)cc4)c3F)c12,100.0,7.0,1,507.40000000000015
N=C(N)SCCCn1c(=O)c2c(c1=O)n1c3ccccc3cc1c1cccc3ccn2c31,1200.0,5.920818753952375,0,441.51600000000013
NC(=O)C1(c2ccc(-c3cnc4[nH]cc(C(=O)c5cccc(NS(=O)(=O)N6CCCC6)c5F)c4c3)cc2)CC1,100.0,7.0,1,547.6120000000002
NC(=O)CCn1cc(-c2ccc3ncnc(Nc4cc(O)c(F)cc4F)c3c2)nn1,54.0,7.267606240177032,1,411.3720000000001
NC(=O)c1c(-c2ccncc2)nn(-c2c(Cl)cc(Cl)cc2Cl)c1N,100000.0,4.0,0,382.6380000000001
NC(=O)c1c(-c2ccncc2)nn(-c2ccccc2)c1N,64000.0,4.1938200260161125,0,279.30300000000005
NC(=O)c1cc(CNc2ccccc2C(=O)Nc2ccc3c(c2)OC(F)(F)O3)ccn1,34.0,7.468521082957745,1,426.37900000000013
NC(=O)c1cc(Oc2ccc(NC(=O)c3ccc(Cl)c(C(F)(F)F)c3)cc2)ccc1N,688.0,6.162411561764489,1,449.8160000000001
NC(=O)c1ccc2[nH]cc(-c3cccc(O)c3)c2c1,10000.0,5.0,0,252.273
NC(=O)c1ccc2nc(C3C4Oc5ccc(Oc6ccnc7c6CCC(=O)N7)cc5C43)[nH]c2c1,4.0,8.397940008672037,1,453.4580000000002
NC(=O)c1cccc(-c2ccc3nccc(Nc4cccc5[nH]ncc45)c3c2)c1,110.4,6.95703092660682,1,379.42300000000006
NC(=O)c1cccc(-c2ccc3ncnc(Nc4cccc5[nH]ncc45)c3c2)c1,131.3,6.881735273910521,1,380.41100000000006
NC(=O)c1cccc(-c2cnn3c(-c4cccc(NC(=O)c5cccc(C(F)(F)F)c5)c4)ccnc23)c1,57.0,7.2441251443275085,1,501.46800000000013
NC(=O)c1cccc(N2C(=O)c3ccccc3C2(O)c2ccc3c(c2)NC(=O)CO3)c1,1000.0,6.0,1,415.40500000000014
NC(=O)c1cccc(Nc2nccc(-c3[nH]c(C(F)(F)F)nc3-c3cccc(NC(=O)Cc4ccc(Cl)cc4)c3)n2)c1,96.5,7.015472686656207,1,591.9810000000002
NC(=O)c1cccc(Nc2nccc(-c3[nH]c(C4CC4)nc3-c3cccc(NC(=O)Cc4ccc(Cl)cc4)c3)n2)c1,3.5,8.455931955649724,1,564.0490000000002
NC(=O)c1cccc(Nc2nccc(-c3[nH]c(C4CC4)nc3-c3cccc(NC(=O)Nc4ccc(Cl)c(C(F)(F)F)c4)c3)n2)c1,48.0,7.318758762624412,1,633.0340000000003
NC(=O)c1cccc(Nc2nccc(-c3[nH]c(C4CC4)nc3-c3cccc(NS(=O)(=O)Cc4ccc(Cl)c(Cl)c4)c3)n2)c1,580.5,6.236197775925407,1,634.5490000000002
NC(=O)c1cnn2c(-c3cccc(NC(=O)c4cccc(C(F)(F)F)c4)c3)ccnc12,10000.0,5.0,0,425.37000000000006
NC(=O)c1nccc2c1[nH]c1ccc(S(=O)(=O)NC3CC3)cc12,9070.0,5.042392712939905,0,330.3690000000001
NC(=O)c1nccc2c1[nH]c1ccc(S(=O)(=O)NCC(O)CO)cc12,45090.0,4.34591976469343,0,364.3830000000001
NC(=O)c1nccc2c1[nH]c1ccc(S(=O)(=O)NCCCO)cc12,20500.0,4.688246138944246,0,348.3840000000001
NC(=O)c1nccc2c1[nH]c1ccc(S(=O)(=O)NCCO)cc12,23740.0,4.624519285381427,0,334.3570000000001
NC(=O)c1nccc2c1[nH]c1ccc(S(=O)(=O)Nc3ccc(F)cc3)cc12,8890.0,5.051098239029786,0,384.39200000000005
NC(=O)c1nccc2c1[nH]c1ccc(S(=O)(=O)Nc3ccccc3)cc12,2740.0,5.562249437179612,0,366.40200000000004
NC(=O)c1nccc2c1[nH]c1ccc(S(=O)(=O)Nc3ccccn3)cc12,3760.0,5.424812155072339,0,367.39000000000004
NC(=O)c1nccc2c1[nH]c1ccc(S(=O)(=O)Nc3nccs3)cc12,7480.0,5.126098402135539,0,373.41900000000004
NC(=O)c1nccc2c1[nH]c1ccc(S(N)(=O)=O)cc12,2120.0,5.673664139071248,0,290.30400000000003
NC(=O)c1sc2nc(N)nc(-c3ccc(Cl)c(Cl)c3)c2c1N,9003.5,5.045588631093815,0,354.2220000000001
NC(=O)c1sc2nc(NC3CC3)nc(-c3cc(O)cc(Cl)c3)c2c1N,13.5,7.8696662315049934,1,375.8410000000001
NC(=O)c1sc2nc(NC3CC3)nc(-c3ccc(Cl)c(Cl)c3)c2c1N,2528.0,5.597222930389653,0,394.28700000000015
NC(=O)c1sc2nc(NC3CC3)nc(-c3ccc(Cl)c(O)c3)c2c1N,138.0,6.860120913598763,1,375.8410000000001
NC(=O)c1sc2nc(NC3CC3)nc(-c3ccc(F)c(F)c3)c2c1N,1210.0,5.91721462968355,0,361.37700000000007
NC(=O)c1sc2nc(NC3CC3)nc(-c3ccc(O)cc3)c2c1N,7427.0,5.129186576084402,0,341.3960000000001
NC(=O)c1sc2nc(NC3CC3)nc(-c3ccc4nc[nH]c4c3)c2c1N,15400.0,4.8124792791635365,0,365.4220000000001
NC(=O)c1sc2nc(NC3CC3)nc(-c3cccc(CO)c3)c2c1N,1330.0,5.876148359032914,0,355.4230000000001
NC(=O)c1sc2nc(NC3CC3)nc(-c3cccc(N)c3)c2c1N,1540.0,5.812479279163537,0,340.4120000000001
NC(=O)c1sc2nc(NC3CC3)nc(-c3cccc(NC(=O)Nc4ccc(C(F)(F)F)cc4)c3)c2c1N,297.3333333333333,6.526756400343539,1,527.532
NC(=O)c1sc2nc(NC3CC3)nc(-c3cccc(NC(=O)Nc4ccccc4)c3)c2c1N,3390.0,5.4698003017969175,0,459.53500000000014
NC(=O)c1sc2nc(NC3CC3)nc(-c3cccc(O)c3)c2c1N,113.0,6.94692155651658,1,341.3960000000001
NC(=O)c1sc2nc(NC3CC3)nc(-c3cccc(O)c3F)c2c1N,57.5,7.2403321553103694,1,359.3860000000001
NC(=O)c1sc2nc(NC3CC3)nc(-c3cccnc3)c2c1N,1120.0,5.950781977329818,0,326.38500000000005
NC(=O)c1sc2nc(NCCO)nc(-c3ccc(Cl)c(Cl)c3)c2c1N,4092.5,5.388011311916021,0,398.2750000000001
NC(=O)c1sc2ncnc(-c3ccc(Cl)c(Cl)c3)c2c1N,30253.5,4.519224374969933,0,339.20700000000005
NC(=O)c1sc2ncnc(-c3cccc(NC(=O)Nc4ccc(C(F)(F)F)cc4)c3)c2c1N,164.0,6.785156151952302,1,472.4520000000001
NC(=S)c1cc(CNc2ccccc2C(=O)Nc2ccc3c(c2)OC(F)(F)O3)ccn1,100.0,7.0,1,442.4470000000002
NC1(c2cc(C(=O)N[C@@H]3CCc4ccc(Oc5ccnc6c5CCC(=O)N6)cc4C3)cc(C(F)(F)F)c2)CCC1,34.4,7.46344155742847,1,550.581
NC1(c2cc(C(=O)N[C@@H]3[C@H]4Oc5ccc(Oc6ccnc7c6CCC(=O)N7)cc5[C@@H]34)cc(C(F)(F)F)c2)CC1,2.2,8.657577319177793,1,536.5100000000001
NCCCCCCC(=S)N/N=C1\CC2(CCCCC2)Oc2c1ccc1ccccc21,2700.0,5.568636235841013,0,423.6260000000002
NCCCc1n[nH]c2c(Cl)ccc(Nc3c(-c4ncccn4)oc4cnccc34)c12,4.3,8.366531544420413,1,419.87600000000015
NCCCc1nc(-c2cccc(NS(=O)(=O)c3cc(F)ccc3F)c2F)c(-c2ccnc(N)n2)s1,6.3,8.200659450546418,1,520.5620000000001
NCCCn1cc(-c2ccc3c(c2)CC/C3=N\O)c(-c2ccncc2)n1,0.39,9.4089353929735,1,347.42199999999997
NCCNc1nc(-c2ccc(Cl)c(Cl)c2)c2c(N)c(C(N)=O)sc2n1,4930.0,5.30715308072277,0,397.29100000000017
NCCn1cc(-c2ccc3c(c2)CC/C3=N\O)c(-c2ccncc2)n1,2.4,8.619788758288394,1,333.3949999999999
NCc1cc(C(=O)N[C@@H]2CCc3ccc(Oc4ccnc5c4CCC(=O)N5)cc3C2)cc(C(F)(F)F)c1,138.45,6.858707039918407,1,510.51600000000025
NCc1cc(NC(=O)C2CCc3ccc(Oc4ccnc(NC(=O)C5CC5)c4)cc3C2)cc(C(F)(F)F)c1,8.0,8.096910013008056,1,524.5430000000002
NCc1cc(NC(=O)[C@@H]2CCc3ccc(Oc4ccnc(NC(=O)C5CC5)c4)cc3C2)cc(C(F)(F)F)c1,6.0,8.221848749616356,1,524.5430000000002
NCc1cc(NC(=O)[C@H]2CCc3ccc(Oc4ccnc(NC(=O)C5CC5)c4)cc3C2)cc(C(F)(F)F)c1,5.0,8.301029995663981,1,524.5430000000002
NCc1ccc(-c2cc3ccncc3cc2OC2CCNCC2)cc1,10000.0,5.0,0,333.4350000000001
NCc1ccc(-c2ccc(C(=O)N3N=C(c4cccnc4)CC3c3c(O)cccc3F)s2)cc1,20.0,7.698970004336019,1,472.54500000000013
NCc1ccc(-c2ccc(C(=O)N3N=C(c4cccnc4)CC3c3ccccc3O)s2)cc1,43.5,7.361510743045363,1,454.5550000000001
NCc1ccc(-c2nc(-c3ccc(Cl)c(O)c3)c(-c3ccncc3)[nH]2)cc1,8.0,8.096910013008056,1,376.84700000000004
NCc1ccc(Nc2c(-c3ccccc3)nc3cnccn23)cc1,1400.0,5.853871964321762,0,315.38000000000005
NCc1cccc(-c2ccc(C(=O)N3N=C(c4cccnc4)CC3c3ccccc3O)s2)c1,198.0,6.703334809738469,1,454.5550000000001
NCc1ccccc1-c1ccc(C(=O)N2N=C(c3cccnc3)CC2c2c(O)cccc2F)s1,46.0,7.337242168318426,1,472.54500000000013
NCc1ccccc1-c1ccc(C(=O)N2N=C(c3cccnc3)CC2c2ccccc2O)s1,140.0,6.853871964321762,1,454.5550000000001
NCc1ccccc1-c1ccc(C(=O)N2N=C(c3cncc(F)c3)CC2c2ccccc2O)s1,100.5,6.997833938243493,1,472.54500000000013
NCc1ccccc1-c1ccc(C(=O)N2N=C(c3cncc(N)c3)CC2c2c(O)cccc2F)s1,30.0,7.522878745280337,1,487.5600000000002
NCc1ccccc1-c1ccc(C(=O)N2N=C(c3cncc(N)c3)CC2c2ccccc2O)s1,35.5,7.449771646944906,1,469.57000000000016
NS(=O)(=O)Nc1ccc(F)c(C(=O)c2c[nH]c3ncc(-c4cnc(C5CC5)nc4)cc23)c1F,100.0,7.0,1,470.46100000000024
NS(=O)(=O)c1ccc(-c2cc3ccncc3cc2OC2CCNCC2)cc1,10000.0,5.0,0,383.4730000000002
NS(=O)(=O)c1ccc2[nH]c3cnccc3c2c1,2490.0,5.603800652904264,0,247.279
NS(=O)(=O)c1cccc(N2C(=O)c3ccccc3C2(O)c2ccc3c(c2)NC(=O)CO3)c1,10000.0,5.0,0,451.4600000000002
N[C@@H]1[C@H]2Oc3ccc(Oc4ccnc5c4CNC(=O)N5)cc3[C@@H]12,2839.0,5.546834607474143,0,310.313
N[C@H](CO)c1cc(C(=O)N[C@@H]2CCc3ccc(Oc4ccnc5c4CCC(=O)N5)cc3C2)cc(C(F)(F)F)c1,104.35,6.981507546598527,1,540.5420000000003
N[C@H]1CC[C@@H](n2cc(-c3ccc4c(c3)Cc3c[nH]nc3-4)c(-c3ccncc3)n2)CC1,769.45,6.113819596013928,1,396.49800000000016
N[C@H]1CC[C@H](n2cc(-c3ccc4c(c3)Cc3c[nH]nc3-4)c(-c3ccncc3)n2)CC1,198.33,6.702611588119373,1,396.49800000000016
Nc1c(-c2ccc(F)cc2)c(-c2ccncc2)nn1-c1c(Cl)cc(Cl)cc1Cl,522.0,6.282329496997738,1,433.70100000000014
Nc1c(-c2ccc(F)cc2)c(-c2ccncc2)nn1-c1ccc(C(F)(F)F)cc1,1500.0,5.823908740944319,0,398.36300000000006
Nc1c(-c2ccc(F)cc2)c(-c2ccncc2)nn1-c1ccc(Cl)cc1,800.0,6.096910013008056,1,364.81100000000004
Nc1c(-c2ccc(F)cc2)c(-c2ccncc2)nn1-c1ccc([N+](=O)[O-])cc1,1400.0,5.853871964321762,0,375.3630000000001
Nc1c(-c2ccc(F)cc2)c(-c2ccncc2)nn1-c1ccccc1,900.0,6.045757490560675,1,330.36600000000004
Nc1c(C(=O)O)c(-c2ccncc2)nn1-c1c(Cl)cc(Cl)cc1Cl,100000.0,4.0,0,383.62200000000007
Nc1cc(-c2cccnc2Nc2cccc3[nH]ncc23)nc(C(F)(F)F)n1,1000.0,6.0,1,371.3260000000001
Nc1cc(-c2ccncc2)nn1-c1c(Cl)cc(Cl)cc1Cl,100000.0,4.0,0,339.61300000000006
Nc1cc(-c2cnc3[nH]cc(C(=O)c4cccc(NS(=O)(=O)N5CCCC5)c4F)c3c2)ncn1,100.0,7.0,1,481.5130000000003
Nc1cc(-c2nc3sccn3c2-c2ccnc(NCCCNS(=O)(=O)c3ccc(F)cc3)n2)ccc1F,1.855,8.731656086048936,1,541.6090000000003
Nc1cc(CNc2ccccc2C(=O)Nc2ccc3c(c2)OC(F)(F)O3)ccn1,454.0,6.342944147142896,1,398.3690000000001
Nc1cc(Cl)cc(N2C(=O)c3ccccc3C2(O)c2ccc3c(c2)NC(=O)CO3)c1,100.0,7.0,1,421.8400000000002
Nc1cc(NC(=O)Nc2ccc(Oc3ccnc(NC(=O)C4CC4)c3)c(F)c2)cc(C(F)(F)F)c1,7.0,8.154901959985743,1,489.4290000000002
Nc1cc(Oc2ccc(NC(=O)Nc3cccc(C(F)(F)F)c3)cc2)ncn1,1600.0,5.795880017344075,0,389.337
Nc1cc(Oc2ccc3c(c2)[C@H]2[C@H](NC(=O)Nc4cc(F)c(F)cc4F)[C@H]2O3)ccn1,18000.0,4.7447274948966935,0,428.3700000000001
Nc1cc(Oc2ccc3c(c2)[C@H]2[C@H](NC(=O)Nc4ccc(F)cc4F)[C@H]2O3)ccn1,36000.0,4.443697499232712,0,410.3800000000001
Nc1ccc(-c2ccc3ncc4c(=O)[nH]c(=O)n(-c5cccc(C(F)(F)F)c5)c4c3n2)cn1,10000.0,5.0,0,450.38000000000005
Nc1ccc(-c2ccc3nccc(Nc4cccc5[nH]ncc45)c3c2)cc1,255.8,6.592099459857365,1,351.41300000000007
Nc1ccc(-c2ccc3ncnc(Nc4cccc5[nH]ncc45)c3c2)cc1,300.75,6.521794363988118,1,352.40100000000007
Nc1ccc(-c2cn(-c3c(F)ccc(NS(=O)(=O)c4cccc(Cl)c4)c3F)nn2)cn1,1000.0,6.0,1,462.8690000000001
Nc1ccc(-c2cnn3c(-c4cccc(NC(=O)c5cccc(C(F)(F)F)c5)c4)ccnc23)cn1,112.0,6.950781977329818,1,474.4460000000001
Nc1ccc(F)c(-c2ccc3nccc(Nc4cccc5[nH]ncc45)c3c2)c1,150.5,6.822463500070138,1,369.40300000000013
Nc1ccc(F)c(-c2ccc3ncnc(Nc4cccc5[nH]ncc45)c3c2)c1,252.05,6.59851329822583,1,370.39100000000013
Nc1cccc(-c2csc3c(-c4cccnc4)cnc(N)c23)c1,10000.0,5.0,0,318.4050000000001
Nc1cccc(-c2nc3sccn3c2-c2ccnc(NCCCCNS(=O)(=O)c3ccc(Br)cc3)n2)c1,4.31,8.365522729839268,1,598.5520000000002
Nc1cccc(-c2nc3sccn3c2-c2ccnc(NCCCCNS(=O)(=O)c3ccc(C(F)(F)F)cc3)n2)c1,11.4,7.943095148663527,1,587.6530000000004
Nc1cccc(-c2nc3sccn3c2-c2ccnc(NCCCCNS(=O)(=O)c3ccc(Cl)cc3)n2)c1,20.4,7.690369832574102,1,554.1010000000002
Nc1cccc(-c2nc3sccn3c2-c2ccnc(NCCCCNS(=O)(=O)c3ccc(F)cc3)n2)c1,6.21,8.20690839982342,1,537.6460000000003
Nc1cccc(-c2nc3sccn3c2-c2ccnc(NCCCCNS(=O)(=O)c3cccc(F)c3)n2)c1,13.5,7.8696662315049934,1,537.6460000000003
Nc1cccc(-c2nc3sccn3c2-c2ccnc(NCCCCNS(=O)(=O)c3cccc4ccccc34)n2)c1,24.5,7.610833915635467,1,569.7160000000002
Nc1cccc(-c2nc3sccn3c2-c2ccnc(NCCNS(=O)(=O)c3ccc(Br)cc3)n2)c1,73.7,7.132532512140949,1,570.4980000000002
Nc1cccc(-c2nc3sccn3c2-c2ccnc(NCCNS(=O)(=O)c3ccc(C(F)(F)F)cc3)n2)c1,141.0,6.85078088734462,1,559.5990000000002
Nc1cccc(-c2nc3sccn3c2-c2ccnc(NCCNS(=O)(=O)c3ccc(Cl)cc3)n2)c1,16.7,7.777283528852417,1,526.0470000000001
Nc1cccc(-c2nc3sccn3c2-c2ccnc(NCCNS(=O)(=O)c3ccc(F)cc3)n2)c1,12.7,7.896196279044043,1,509.5920000000002
Nc1cccc(-c2nc3sccn3c2-c2ccnc(NCCNS(=O)(=O)c3cccc(F)c3)n2)c1,28.3,7.548213564475709,1,509.5920000000002
Nc1cccc(-c2nc3sccn3c2-c2ccnc(NCCNS(=O)(=O)c3cccc4ccccc34)n2)c1,152.0,6.818156412055227,1,541.6620000000001
Nc1cccc(N2C(=O)c3ccccc3C2(O)c2ccc3c(c2)NC(=O)CO3)c1,100.0,7.0,1,387.39500000000015
Nc1ccccc1N1C(=O)c2ccccc2C1(O)c1ccc2c(c1)NC(=O)CO2,100.0,7.0,1,387.39500000000015
Nc1cncc(C2=NN(C(=O)c3ccc(-c4ccccn4)s3)C(c3c(O)cccc3F)C2)c1,10.5,7.978810700930062,1,459.50600000000014
Nc1cncc(C2=NN(C(=O)c3ccc(-c4ccccn4)s3)C(c3ccccc3O)C2)c1,17.0,7.769551078621726,1,441.51600000000013
Nc1n[nH]c2cccc(-c3ccc(NC(=S)Nc4cc(Br)ccc4OC(F)(F)F)cc3)c12,20.0,7.698970004336019,1,522.3500000000001
Nc1n[nH]c2cccc(C#Cc3cccc(NC(=O)c4ccc(N5CCOCC5)c(C(F)(F)F)c4)c3)c12,122.0,6.913640169325252,1,505.5000000000003
Nc1nc2c(Oc3ccc(NC(=O)Nc4cc(C(F)(F)F)ccc4F)c(F)c3)ccnc2[nH]c1=O,790.0,6.102372908709558,1,492.3640000000001
Nc1nc2c(Oc3ccc(NC(=O)Nc4cc(C(F)(F)F)ccc4F)c4ccccc34)ccnc2[nH]c1=O,27.0,7.568636235841013,1,524.4340000000001
Nc1nc2cc(C3(O)c4ccccc4C(=O)N3Cc3ccccc3)ccc2[nH]1,1000.0,6.0,1,370.412
Nc1nc2nccc(Oc3ccc(NC(=O)Nc4cc(C(F)(F)F)ccc4F)c(F)c3)c2[nH]c1=O,5034.0,5.298086788787656,0,492.3640000000001
Nc1nc2nccc(Oc3ccc(NC(=O)Nc4cc(C(F)(F)F)ccc4F)c4ccccc34)c2[nH]c1=O,136.0,6.866461091629782,1,524.4340000000001
Nc1ncc(-c2cccnc2)c2scc(-c3cccc(NC(=O)C4CCCCC4)c3)c12,1550.0,5.809668301829708,0,428.56100000000026
Nc1ncc(-c2cccnc2)c2scc(-c3cccc(NC(=O)Cc4ccccc4)c3)c12,19.0,7.721246399047171,1,436.54000000000013
Nc1ncc(-c2cccnc2)c2scc(-c3cccc(NC(=O)Cc4cccs4)c3)c12,45.0,7.346787486224656,1,442.56900000000013
Nc1ncc(-c2cccnc2)c2scc(-c3cccc(NC(=O)NC4CCCCC4)c3)c12,30.9,7.510041520575165,1,443.57600000000025
Nc1ncc(-c2cccnc2)c2scc(-c3cccc(NC(=O)NCc4ccccc4)c3)c12,20.9,7.679853713888946,1,451.5550000000001
Nc1ncc(-c2cccnc2)c2scc(-c3cccc(NC(=O)Nc4c(F)cccc4F)c3)c12,19.5,7.709965388637482,1,473.5080000000001
Nc1ncc(-c2cccnc2)c2scc(-c3cccc(NC(=O)Nc4cc(C(F)(F)F)ccc4F)c3)c12,21.4,7.669586226650809,1,523.5150000000001
Nc1ncc(-c2cccnc2)c2scc(-c3cccc(NC(=O)Nc4ccc(C(F)(F)F)cc4)c3)c12,25.1,7.600326278518962,1,505.5250000000001
Nc1ncc(-c2cccnc2)c2scc(-c3cccc(NC(=O)Nc4ccc(Cl)c(C(F)(F)F)c4)c3)c12,16.6,7.779891911959945,1,539.9700000000001
Nc1ncc(-c2cccnc2)c2scc(-c3cccc(NC(=O)Nc4ccc(OCc5ccccc5)cc4)c3)c12,933.0,6.0301183562535,1,543.6520000000002
Nc1ncc(-c2cccnc2)c2scc(-c3cccc(NC(=O)Nc4ccccc4)c3)c12,13.8,7.860120913598763,1,437.5280000000001
Nc1ncc(-c2cccnc2)c2scc(-c3cccc(NC(=O)c4cc(F)ccc4F)c3)c12,49.0,7.309803919971486,1,458.4930000000001
Nc1ncc(-c2cccnc2)c2scc(-c3cccc(NC(=O)c4cccc(C(F)(F)F)c4)c3)c12,5.1,8.292429823902063,1,490.5100000000001
Nc1ncc(-c2cccnc2)c2scc(-c3cccc(NC(=O)c4ccccc4)c3)c12,93.0,7.031517051446065,1,422.5130000000001
Nc1ncc(-c2cccnc2)c2scc(-c3cccc(NS(=O)(=O)c4ccccc4)c3)c12,10000.0,5.0,0,458.5680000000001
Nc1ncc(-c2cn(-c3c(F)ccc(NS(=O)(=O)c4cccc(Cl)c4)c3F)nn2)cn1,1000.0,6.0,1,463.85700000000014
Nc1ncc(-c2cnc3[nH]cc(C(=O)c4c(F)ccc(NS(=O)(=O)N5CCCC5)c4F)c3c2)cn1,100.0,7.0,1,499.50300000000027
Nc1ncc(NC(=O)c2cc(NC(=O)c3cccc(C(F)(F)F)c3)ccc2Cl)cc1Cl,27.0,7.568636235841013,1,469.2500000000001
Nc1nccc(-c2nc(C3CC3)[nH]c2-c2cc(Cl)cc(NS(=O)(=O)c3c(F)cccc3F)c2F)n1,0.1,10.0,1,520.9240000000001
Nc1nccc(-c2nc(C3CC3)[nH]c2-c2cc(F)cc(NS(=O)(=O)c3c(F)cccc3F)c2Cl)n1,0.19,9.721246399047171,1,520.9240000000001
Nc1nccc(-c2nc(C3CC3)[nH]c2-c2cccc(NS(=O)(=O)c3c(F)cccc3F)c2Cl)n1,1.0,9.0,1,502.93400000000014
Nc1nccc(-c2sc(C3CCCCN3)nc2-c2cccc(NS(=O)(=O)c3cc(F)ccc3F)c2F)n1,1.7,8.769551078621726,1,546.6000000000001
Nc1nccc(-c2sc(C3CCCN3)nc2-c2cccc(NS(=O)(=O)c3cc(F)ccc3F)c2F)n1,1.7,8.769551078621726,1,532.5730000000001
Nc1nccc(-c2sc(C3CCCNC3)nc2-c2cccc(NS(=O)(=O)c3cc(F)ccc3F)c2F)n1,4.5,8.346787486224656,1,546.6000000000001
Nc1nccc(-c2sc(C3CCN(C4CC4)CC3)nc2-c2cccc(NS(=O)(=O)c3cc(F)ccc3F)c2F)n1,4.4,8.356547323513812,1,586.6650000000002
Nc1nccc(-c2sc(C3CCN3)nc2-c2cccc(NS(=O)(=O)c3cc(F)ccc3F)c2F)n1,2.1,8.67778070526608,1,518.546
Nc1nccc(-c2sc(C3CNCCN3)nc2-c2cccc(NS(=O)(=O)c3cc(F)ccc3F)c2F)n1,5.9,8.229147988357855,1,547.5880000000001
Nc1nccc(-c2sc(C3COCCN3)nc2-c2cc(Cl)cc(NS(=O)(=O)c3cc(F)ccc3F)c2F)n1,2.0,8.698970004336019,1,583.017
Nc1nccc(-c2sc(C3COCCN3)nc2-c2cccc(NS(=O)(=O)c3cc(F)ccc3F)c2F)n1,6.0,8.221848749616356,1,548.5720000000001
Nc1nccc(C2=C(c3cc(Cl)cc(NS(=O)(=O)c4c(F)cccc4F)c3Cl)C(=O)C3(CCCC3)O2)n1,2.4,8.619788758288394,1,567.4010000000002
Nc1nccc(C2=C(c3cc(Cl)cc(NS(=O)(=O)c4c(F)cccc4F)c3F)C(=O)C3(CCCC3)O2)n1,1.3,8.886056647693163,1,550.9460000000003
Nc1nccc(C2=C(c3cc(Cl)cc(NS(=O)(=O)c4cc(F)ccc4F)c3F)C(=O)C3(CCCC3)O2)n1,2.6,8.585026652029182,1,550.9460000000003
Nc1nccc(C2=C(c3cccc(NS(=O)(=O)c4c(F)cccc4F)c3Cl)C(=O)C3(CCCC3)O2)n1,3.7,8.431798275933005,1,532.9560000000004
Nc1nccc(C2=C(c3cccc(NS(=O)(=O)c4c(F)cccc4F)c3F)C(=O)C3(CCCC3)O2)n1,29.0,7.5376020021010435,1,516.5010000000003
Nc1ncnc2[nH]cc(C(=O)c3c(F)ccc(NS(=O)(=O)c4ccc(C(F)(F)F)cc4)c3F)c12,100.0,7.0,1,497.40500000000014
Nc1ncnc2c(C(=O)Nc3c(Cl)ccc(NS(=O)(=O)CCCF)c3F)cccc12,0.7074,9.150334944521267,1,455.8740000000002
Nc1ncnc2c(C(=O)Nc3c(Cl)ccc(NS(=O)(=O)CCCF)c3F)csc12,4.857,8.313631896526964,1,461.9030000000002
Nc1ncnc2c1ncn2CC(=O)c1c[nH]c2ccccc12,82000.0,4.086186147616283,0,292.302
O/N=C1/CCc2cc(Nc3c(-c4ccccc4)nc4cnccn34)ccc21,9517.5,5.021477114513595,0,355.40100000000007
O/N=C1/CCc2cc(Nc3c(-c4ccccc4)sc4cnccc34)ccc21,751.5,6.124071015077073,1,371.4650000000001
O/N=C1/CCc2cc(Nc3c(-c4cccnc4)nc4cnccn34)ccc21,8023.5,5.095636143049302,0,356.38900000000007
O/N=C1/CCc2cc(Nc3c(-c4cccnc4)oc4cnccc34)ccc21,481.0,6.317854923626168,1,356.38500000000005
O/N=C1/CCc2cc(Nc3c(-c4cccnc4)sc4cnccc34)ccc21,86.5,7.062983892535186,1,372.4530000000001
O/N=C1/CCc2cc(Nc3c(-c4ccco4)nc4cnccn34)ccc21,702.0,6.153662887870195,1,345.362
O/N=C1/CCc2cc(Nc3csc4cnccc34)ccc21,3666.0,5.435807539373802,0,295.3670000000001
O/N=C1\CCc2cc(-c3c[nH]nc3-c3ccncc3)ccc21,0.15,9.823908740944319,1,290.3260000000001
O/N=C1\CCc2cc(-c3cn(C4CCCC4)nc3-c3ccncc3)ccc21,3.46,8.460923901207224,1,358.445
O/N=C1\CCc2cc(-c3cn(C4CCNCC4)nc3-c3ccncc3)ccc21,3.02,8.51999305704285,1,373.4600000000001
O/N=C1\CCc2cc(-c3cn(C4CCOCC4)nc3-c3ccncc3)ccc21,0.22,9.657577319177793,1,374.4440000000001
O/N=C1\CCc2cc(-c3cn(CC4CCCNC4)nc3-c3ccncc3)ccc21,0.85,9.070581074285707,1,387.4870000000001
O/N=C1\CCc2cc(-c3cn(CC4CCNCC4)nc3-c3ccncc3)ccc21,1.2,8.920818753952375,1,387.4870000000001
O/N=C1\CCc2cc(-c3cn([C@@H]4CCC[C@@H](O)C4)nc3-c3ccncc3)ccc21,0.09,10.045757490560675,1,388.47100000000006
O/N=C1\CCc2cc(-c3cn([C@@H]4CCC[C@H](O)C4)nc3-c3ccncc3)ccc21,0.04,10.397940008672037,1,388.47100000000006
O/N=C1\CCc2cc(-c3cn([C@H]4CCC[C@@H]4O)nc3-c3ccncc3)ccc21,0.33,9.481486060122112,1,374.4440000000001
O/N=C1\CCc2cc(-c3cn([C@H]4CCC[C@H]4O)nc3-c3ccncc3)ccc21,3.91,8.407823242604133,1,374.4440000000001
O/N=C1\CCc2cc(Nc3c(-c4ccccn4)oc4cnccc34)ccc21,76.0,7.119186407719209,1,356.38500000000005
O/N=C1\CCc2cc(Nc3c(-c4ncccn4)oc4cnccc34)ccc21,2.6,8.585026652029182,1,357.37300000000005
O/N=C1\NCc2cc(Nc3c(-c4ncccn4)oc4cnccc34)ccc21,0.5,9.301029995663981,1,358.36100000000005
O=C(/C(=C\c1ccc(F)cc1)S(=O)(=O)Cc1ccccc1)c1ccc(Cl)cc1,1780.0,5.749579997691106,0,414.8850000000001
O=C(/C(=C\c1ccc([N+](=O)[O-])cc1)S(=O)(=O)Cc1ccccc1)c1ccc(Cl)cc1,1230.0,5.910094888560602,0,441.89200000000005
O=C(/C(=C\c1ccc([N+](=O)[O-])cc1)S(=O)(=O)Cc1ccccc1)c1ccccc1,1370.0,5.863279432843593,0,407.44700000000006
O=C(/C=C/S(=O)(=O)c1ccc(Cl)cc1)c1ccc(F)cc1,600.0,6.221848749616356,1,324.76000000000005
O=C(/C=C/c1cccc(C(F)(F)F)c1)N[C@@H]1[C@H]2Oc3ccc(Oc4ccnc5c4CCC(=O)N5)cc3[C@@H]12,16.0,7.795880017344075,1,507.4680000000003
O=C(CC(O)(C(F)(F)F)C(F)(F)F)Nc1nc2cc(C3(O)c4ccccc4C(=O)N3Cc3ccccc3)ccc2[nH]1,1000.0,6.0,1,578.4690000000003
O=C(CC1CC1)N1N=C(c2cccnc2)CC1c1ccccc1O,4041.5,5.39345741686543,0,321.38000000000005
O=C(CCCCCCNc1nccc(-c2sc(-c3ccccc3)nc2-c2cccc(NS(=O)(=O)c3c(F)cccc3F)c2F)n1)NO,1.71,8.767003889607846,1,682.7500000000003
O=C(CCCCCNC(=O)c1cc(Oc2ccc(NC(=O)Nc3ccc(Cl)c(C(F)(F)F)c3)cc2)ccn1)NO,1000.0,6.0,1,579.9630000000002
O=C(CCCN1CCCC1)Nc1nc2cc(C3(O)c4ccccc4C(=O)N3Cc3ccccc3)ccc2[nH]1,100.0,7.0,1,509.61000000000024
O=C(CCCN1CCCCC1)Nc1nc2cc(C3(O)c4ccccc4C(=O)N3Cc3ccccc3)ccc2[nH]1,100.0,7.0,1,523.6370000000003
O=C(CCCN1CCCCC1)Nc1nc2cc(C3(O)c4ccccc4C(=O)N3c3ccc(F)cc3)ccc2[nH]1,100.0,7.0,1,527.6000000000001
O=C(CCCN1CCCCC1)Nc1nc2cc(C3(O)c4ccccc4C(=O)N3c3cccc(Cl)c3F)ccc2[nH]1,100.0,7.0,1,562.0450000000002
O=C(CCCN1CCCCC1)Nc1nc2cc(C3(O)c4ccccc4C(=O)N3c3cccc(Oc4ccccc4)c3)ccc2[nH]1,100.0,7.0,1,601.7070000000002
O=C(CCCOCc1ccccc1)Nc1nc2cc(C3(O)c4ccccc4C(=O)N3Cc3ccccc3)ccc2[nH]1,100.0,7.0,1,546.6270000000003
O=C(CCN1CCCCC1)Nc1nc2cc(C3(O)c4ccccc4C(=O)N3Cc3ccccc3)ccc2[nH]1,100.0,7.0,1,509.61000000000024
O=C(CSc1nc2ccccc2c(=O)n1-c1ccc(Cl)cc1)Nc1ccc(-c2nc3ccccc3[nH]2)cc1,11.0,7.958607314841775,1,538.0320000000002
O=C(CSc1nc2sc3c(c2c(=O)n1-c1ccc(Cl)cc1)CCCC3)NNC(=O)Nc1ccc(Cl)c(C(F)(F)F)c1,56.5,7.247951552180561,1,642.5120000000003
O=C(CSc1nc2sc3c(c2c(=O)n1-c1ccc(Cl)cc1)CCCC3)NNC(=O)Nc1cccc(C(F)(F)F)c1,80.0,7.096910013008056,1,608.0670000000003
O=C(CSc1nccc(Nc2ccc(N3CCOCC3)cc2)n1)c1ccc(F)cc1,110.0,6.958607314841775,1,424.50100000000015
O=C(Cc1cc(F)cc(F)c1)Nc1ccc(Oc2ccnc3[nH]c(=O)[nH]c23)cc1,100000.0,4.0,0,396.35300000000007
O=C(Cc1ccc(Cl)cc1)Nc1cccc(-c2nc(C(F)(F)F)[nH]c2-c2ccnc(NCCN3CCNC3=O)n2)c1,47.0,7.327902142064283,1,584.9900000000001
O=C(Cc1ccc(Cl)cc1)Nc1cccc(-c2nc(C3CC3)[nH]c2-c2ccnc(NCCN3CCNC3=O)n2)c1,4.5,8.346787486224656,1,557.0580000000003
O=C(Cc1cccc(C(F)(F)F)c1)Nc1ccc(Oc2ccnc3[nH]c(=O)[nH]c23)c2ccccc12,55000.0,4.259637310505756,0,478.4300000000002
O=C(Cc1cccc(C(F)(F)F)c1)Nc1ccc(Oc2ccnc3[nH]c(=O)[nH]c23)cc1,10000.0,5.0,0,428.3700000000001
O=C(Cc1cccc(OC(F)(F)F)c1)Nc1ccc(Oc2ccnc3[nH]c(=O)[nH]c23)c2ccccc12,55000.0,4.259637310505756,0,494.4290000000002
O=C(Cc1cccc(OC(F)(F)F)c1)Nc1ccc(Oc2ccnc3[nH]c(=O)[nH]c23)cc1,10000.0,5.0,0,444.36900000000014
O=C(Cc1ccccc1)Nc1ccc(Oc2ccnc3[nH]c(=O)[nH]c23)cc1,16700.0,4.777283528852417,0,360.37300000000005
O=C(Cc1cccs1)Nc1nc2cc(C3(O)c4ccccc4C(=O)N3c3cccc(Cl)c3F)ccc2[nH]1,100.0,7.0,1,532.9840000000002
O=C(Cn1c2ccccc2n2ncnc12)c1cccs1,100000.0,4.0,0,282.328
O=C(N/N=C1\CC2(CCCC2)Oc2ccccc21)Nc1ccc(Cl)cc1,2900.0,5.5376020021010435,0,369.852
O=C(N/N=C1\CC2(CCCCC2)Oc2c1ccc1ccccc21)C1C2CC3CC(C2)CC1C3,2600.0,5.585026652029182,0,442.60300000000024
O=C(NC(C(=O)c1ccccc1)N1CCOCC1)c1cccs1,100000.0,4.0,0,330.409
O=C(NC1CC1)c1cc(CNc2ccccc2C(=O)Nc2ccc3c(c2)OC(F)(F)O3)ccn1,192.0,6.716698771296451,1,466.44400000000013
O=C(NC1CCOC1)c1ccc(F)c(Nc2ncnc3cnc(NC4CCOC4)nc23)c1,1400.0,5.853871964321762,0,439.45100000000025
O=C(NCC(F)(F)F)c1cc(-c2cnn3cc(-c4ccc(OCCN5CCCCC5)cc4)cnc23)cs1,550.0,6.259637310505756,1,529.5880000000004
O=C(NCCCN1CCOCC1)c1cc(CNc2ccccc2C(=O)Nc2ccc3c(c2)OC(F)(F)O3)ccn1,6830.0,5.165579296318468,0,553.5660000000001
O=C(NCCN1CCCC1)c1ccc(Nc2ncc3cc(-c4ccncc4)ccc3n2)cc1,179.70499999999998,6.745439839183734,1,438.5350000000002
O=C(NCCN1CCCCC1)c1cc(Oc2ccc3nc(Nc4ccc(Br)cc4)ncc3c2)ccn1,1300.0,5.886056647693163,0,547.4570000000001
O=C(NCCN1CCOCC1)c1cc(Oc2ccc3sc(Nc4ccc(Br)cc4)nc3c2)ccn1,240.0,6.619788758288394,1,554.4700000000001
O=C(NCCNc1nccc(-c2c(-c3cccc(F)c3)nc3sccn23)n1)c1c(F)cccc1F,64.2,7.192464971931146,1,494.5020000000001
O=C(NCCNc1nccc(-c2c(-c3cccc(F)c3)nc3sccn23)n1)c1ccc(Cl)cc1,66.11,7.1797328428390355,1,492.9670000000001
O=C(NCCNc1nccc(-c2c(-c3cccc(F)c3)nc3sccn23)n1)c1ccccc1,99.5,7.002176919254275,1,458.5220000000001
O=C(NCCNc1nccc(-c2c(-c3cccc(O)c3)nc3sccn23)n1)c1ccccc1,0.979,9.009217308196861,1,456.5310000000001
O=C(NCCO)C1=Cc2c(ncnc2Nc2ccc(Oc3cccc4sccc34)c(Cl)c2)NCC1,230.0,6.638272163982407,1,508.00300000000027
O=C(NCCO)c1cc(CNc2ccccc2C(=O)Nc2ccc3c(c2)OC(F)(F)O3)ccn1,397.0,6.401209493236885,1,470.43200000000013
O=C(NCCO)c1cc(Oc2ccc3nc(Nc4ccc(Br)cc4)ncc3c2)ccn1,8600.0,5.0655015487564325,0,480.32200000000006
O=C(NCCc1ccc(O)c(Br)c1)/C(Cc1cc(Br)c(O)c(-c2cc(C/C(=N/O)C(=O)NCCc3ccc(O)c(Br)c3)cc(Br)c2O)c1)=N\O,2700.0,5.568636235841013,0,942.2500000000001
O=C(NCCc1ccc(O)c(Br)c1)/C(Cc1cc(Br)c(O)c(Oc2ccc(CCNC(=O)/C(Cc3cc(Br)c(O)c(-c4cc(C/C(=N\O)C(=O)NCCc5ccc(O)c(Br)c5)cc(Br)c4O)c3)=N/O)cc2Br)c1)=N/O,1700.0,5.769551078621726,0,1412.367
O=C(NCc1ccccc1)Nc1cc(CNc2ccccc2C(=O)Nc2ccc3c(c2)OC(F)(F)O3)ccn1,232.0,6.634512015109101,1,531.5190000000002
O=C(NCc1ccccc1)Nc1nc2cc(C3(O)c4ccccc4C(=O)N3Cc3ccccc3)ccc2[nH]1,100.0,7.0,1,503.5620000000002
O=C(NOC[C@H](O)CO)c1ccc(F)c(F)c1Nc1ccc(I)cc1F,6.0,8.221848749616356,1,482.196
O=C(Nc1c[nH]c(=O)c(-c2ccnc(N3CCOCC3)c2)c1)c1cccc(C(F)F)c1,25000.0,4.6020599913279625,0,426.4230000000001
O=C(Nc1c[nH]c(=O)c(-c2ccnc(N3CCOCC3)c2)c1)c1ccnc(C(F)(F)F)c1,25000.04857142857,4.602059147556646,0,445.4010000000001
O=C(Nc1cc(-c2ccc(Br)cc2)[nH]n1)c1ccnc(F)c1,3160.0,5.5003129173815966,0,361.17400000000004
O=C(Nc1cc(-c2cccnc2)cc(C(F)(F)F)c1)Nc1ccc(Oc2ccnc(NC(=O)C3CC3)c2)c(F)c1,27.5,7.560667306169737,1,551.5000000000002
O=C(Nc1cc(-c2ccncc2)cc(C(F)(F)F)c1)Nc1ccc(Oc2ccnc(NC(=O)C3CC3)c2)c(F)c1,35.4,7.450996737974212,1,551.5000000000002
O=C(Nc1cc(C(F)(F)F)ccc1F)Nc1ccc(Oc2ccnc3[nH]c(=O)[nH]c23)c2ccccc12,125.5,6.901356274182943,1,497.4080000000002
O=C(Nc1cc(C(F)(F)F)ccc1F)Nc1ccc(Oc2ccnc3[nH]c(=O)c(C(F)(F)F)nc23)c2ccccc12,5067.0,5.295249095709329,0,577.4160000000002
O=C(Nc1cc(C(F)(F)F)ccc1F)Nc1ccc(Oc2ccnc3nc(C(F)(F)F)c(=O)[nH]c23)c2ccccc12,4790.0,5.319664486585437,0,577.4160000000002
O=C(Nc1cc(C(F)(F)F)ccc1F)Nc1ccc(Oc2ccnc3ncc(=O)[nH]c23)c2ccccc12,1077.0,5.9677842967020185,0,509.4190000000002
O=C(Nc1cc(C(F)(F)F)ccc1F)c1cccc(Oc2cccc3[nH]c(=O)[nH]c23)c1,19850.0,4.702239488900866,0,431.34500000000014
O=C(Nc1cc(C(F)(F)F)ccc1N1CCOCC1)Nc1ccc(Oc2ccnc3[nH]c(=O)[nH]c23)c2ccccc12,180.0,6.7447274948966935,1,564.5240000000002
O=C(Nc1cc(C(F)(F)F)ccn1)c1ccc(F)c(Nc2ncnc3cnc(N4CCOCC4)nc23)c1,1.0,9.0,1,514.4430000000003
O=C(Nc1cc(Cl)cc(Oc2cccc3[nH]c(=O)[nH]c23)c1)c1cccc(OC(F)(F)F)c1,5666.5,5.246685106896351,0,463.7990000000001
O=C(Nc1cc(F)c(F)c(C(=O)c2ccc3ncc(N4CCOCC4)nc3c2)c1)c1cccc(C(F)(F)F)c1,100.0,7.0,1,542.4640000000003
O=C(Nc1cc(F)c(F)c(C(=O)c2ccc3nccnc3c2)c1F)c1cccc(C(F)(F)F)c1,100.0,7.0,1,475.34800000000007
O=C(Nc1cc(F)c(F)cc1F)N[C@@H]1[C@H]2Oc3ccc(Oc4ccnc5c4COC(=O)N5)cc3[C@@H]12,2600.0,5.585026652029182,0,484.39000000000027
O=C(Nc1cc(F)c(F)cc1F)N[C@@H]1[C@H]2Oc3ccc(Oc4ccncc4)cc3[C@@H]12,50000.0,4.301029995663981,0,413.35500000000013
O=C(Nc1cc(F)cc(C(=O)c2ccc3ncc(N4CCOCC4)nc3c2)c1)Nc1cccc(C(F)(F)F)c1,100.0,7.0,1,539.4890000000003
O=C(Nc1cc(F)cc(C(=O)c2ccc3ncc(N4CCOCC4)nc3c2)c1)c1cccc(C(F)(F)F)c1,100.0,7.0,1,524.4740000000003
O=C(Nc1cc(F)cc(C(F)(F)F)c1)Nc1ccc(Oc2ccnc(NC(=O)C3CC3)c2)cc1F,37.0,7.431798275933005,1,492.4040000000002
O=C(Nc1cc(F)cc(C(F)(F)F)c1)Nc1ccc(Oc2ccnc3[nH]c(=O)[nH]c23)cc1F,648.5,6.188090019579901,1,465.33800000000014
O=C(Nc1cc(F)cc(Oc2cccc3[nH]c(=O)[nH]c23)c1)c1cccc(OC(F)(F)F)c1,8016.5,5.096015203094978,0,447.3440000000001
O=C(Nc1cc(F)cc(Oc2ccnc(NC(=O)C3CC3)c2)c1)Nc1ccc(Cl)c(C(F)(F)F)c1,5.1,8.292429823902063,1,508.8590000000002
O=C(Nc1cc(N2CC(F)(F)C2)cc(C(F)(F)F)c1)Nc1ccc(Oc2ccnc(NC(=O)C3CC3)c2)cc1F,20.1,7.696803942579511,1,565.4740000000003
O=C(Nc1cc(N2CCC(O)CC2)cc(C(F)(F)F)c1)Nc1ccc(Oc2ccnc(NC(=O)C3CC3)c2)c(F)c1,23.6,7.627087997029894,1,573.5470000000001
O=C(Nc1cc(N2CCCC2=O)cc(C(F)(F)F)c1)Nc1ccc(Oc2ccnc(NC(=O)C3CC3)c2)c(F)c1,13.0,7.886056647693163,1,557.5040000000002
O=C(Nc1cc(N2CCOCC2)cc(C(F)(F)F)c1)Nc1ccc(Oc2ccnc(NC(=O)C3CC3)c2)c(F)c1,29.8,7.525783735923745,1,559.5200000000003
O=C(Nc1cc(N2CCS(=O)(=O)CC2)cc(C(F)(F)F)c1)Nc1ccc(Oc2ccnc(NC(=O)C3CC3)c2)c(F)c1,27.0,7.568636235841013,1,607.586
O=C(Nc1cc(Oc2cccc3[nH]c(=O)[nH]c23)c(Cl)cc1Cl)c1cccc(OC(F)(F)F)c1,50385.0,4.297698737102654,0,498.24400000000014
O=C(Nc1cc(Oc2cccc3[nH]c(=O)[nH]c23)c(F)c(F)c1F)c1cccc(OC(F)(F)F)c1,1366.3333333333333,5.864443336403161,0,483.3240000000001
O=C(Nc1cc(Oc2cccc3[nH]c(=O)[nH]c23)c(F)cc1F)c1cccc(OC(F)(F)F)c1,3455.0,5.461551948289783,0,465.3340000000001
O=C(Nc1cc(Oc2cccc3[nH]c(=O)[nH]c23)ccc1Cl)c1cccc(OC(F)(F)F)c1,50120.0,4.299988937677887,0,463.7990000000001
O=C(Nc1ccc(-c2ccc3c(=O)[nH]cnc3c2)cc1)Nc1ccc(F)c(F)c1,500.0,6.301029995663981,1,392.36500000000007
O=C(Nc1ccc(Br)cc1)Nc1ccc(F)c(C(=O)c2c[nH]c3ncc(Br)cc23)c1F,80.0,7.096910013008056,1,550.1570000000002
O=C(Nc1ccc(C(F)(F)F)cc1)Nc1ccc(F)c(C(=O)c2c[nH]c3ncccc23)c1F,114.0,6.943095148663527,1,460.3620000000002
O=C(Nc1ccc(Cl)c(-c2ccnc3c(-c4cn[nH]c4)cnn23)c1)c1cccc(C(F)(F)F)c1,42.0,7.376750709602099,1,482.85300000000007
O=C(Nc1ccc(Cl)c(C(=O)Nc2ccc(-c3ncc[nH]3)nc2)c1)c1ccc(Cl)c(C(F)(F)F)c1,650.0,6.187086643357144,1,520.2980000000001
O=C(Nc1ccc(Cl)c(C(F)(F)F)c1)N1CCN(c2nnc(Cc3ccccc3)c3ccccc23)CC1,1483.0,5.828858848971618,0,525.9620000000002
O=C(Nc1ccc(Cl)c(C(F)(F)F)c1)NC1CCC(Oc2ccc(C(=O)O)cc2)CC1,10000.0,5.0,0,456.8480000000003
O=C(Nc1ccc(Cl)c(C(F)(F)F)c1)N[C@H]1CC[C@H](Oc2ccc(C(F)(F)F)cn2)CC1,10000.0,5.0,0,481.82400000000024
O=C(Nc1ccc(Cl)c(C(F)(F)F)c1)Nc1ccc(OCCN2CCOCC2)c2ccccc12,1.0,9.0,1,493.91300000000035
O=C(Nc1ccc(Cl)c(C(F)(F)F)c1)Nc1ccc(Oc2cc(NC(=O)C3CC3)ncn2)cc1F,26.0,7.585026652029182,1,509.8470000000002
O=C(Nc1ccc(Cl)c(C(F)(F)F)c1)Nc1ccc(Oc2ccnc(NC(=O)C3CC3)c2)cc1F,7.3,8.136677139879543,1,508.8590000000002
O=C(Nc1ccc(Cl)c(C(F)(F)F)c1)Nc1ccc(Oc2ccnc(NC(=O)C3CC3)c2)cn1,24.7,7.607303046740334,1,491.8570000000002
O=C(Nc1ccc(Cl)c(C(F)(F)F)c1)Nc1ccc(Oc2ccnc3[nH]c(=O)[nH]c23)c2ccccc12,294.5,6.530914700876879,1,513.8630000000002
O=C(Nc1ccc(Cl)c(C(F)(F)F)c1)Nc1ccc(Oc2ccnc3[nH]c(=O)[nH]c23)cc1-c1ccccc1,53250.0,4.273680387889224,0,539.9010000000002
O=C(Nc1ccc(Cl)c(C(F)(F)F)c1)Nc1ccc(Oc2ccnc3[nH]c(=O)[nH]c23)cc1C(F)(F)F,1801.0,5.744486287180466,0,531.8000000000002
O=C(Nc1ccc(Cl)c(C(F)(F)F)c1)Nc1ccc(Oc2ccnc3[nH]c(=O)[nH]c23)cc1Cl,675.5,6.1703746466419505,1,498.24800000000016
O=C(Nc1ccc(Cl)c(C(F)(F)F)c1)Nc1ccc(Oc2ccnc3[nH]c(=O)[nH]c23)cc1F,1089.0,5.962972120244225,0,481.7930000000001
O=C(Nc1ccc(Cl)c(C(F)(F)F)c1)Nc1ccc(Oc2ccnc3[nH]c(=O)cnc23)cc1F,333.0,6.47755576649368,1,493.80400000000014
O=C(Nc1ccc(Cl)c(C(F)(F)F)c1)Nc1ccc(Oc2ccnc3ncc(=O)[nH]c23)cc1F,8029.5,5.095311497560887,0,493.80400000000014
O=C(Nc1ccc(Cl)c(C(F)(F)F)c1)c1ccc(Cl)c(C(=O)Nc2ccc(-c3ncc[nH]3)nc2)c1,531.0,6.274905478918531,1,520.2980000000002
O=C(Nc1ccc(Cl)c(C(F)(F)F)c1)c1ccc(Cl)c(Nc2ncccc2-c2ncnc3[nH]cnc23)c1,10.8,7.966576244513051,1,544.3240000000001
O=C(Nc1ccc(Cl)c(C(F)(F)F)c1)c1ccc(F)c(Nc2ncccc2-c2ncnc3[nH]cnc23)c1,4.82,8.31695296176115,1,527.8690000000001
O=C(Nc1ccc(Cl)c(C(F)(F)F)c1)c1cccc(Nc2ncccc2-c2ncnc3[nH]cnc23)c1,13.5,7.8696662315049934,1,509.87900000000013
O=C(Nc1ccc(Cl)c(C(F)(F)F)c1)c1cccc(Oc2cccc3[nH]c(=O)[nH]c23)c1,4145.0,5.382475465113708,0,447.8000000000001
O=C(Nc1ccc(Cl)c(Cl)c1)c1ccc(Cl)c(Nc2ncccc2-c2ncnc3[nH]cnc23)c1,1.6,8.795880017344075,1,510.77200000000016
O=C(Nc1ccc(Cl)cc1)N1CCN(c2nnc(Cc3ccccc3)c3ccccc23)CC1,3655.0,5.437112618706121,0,457.96500000000026
O=C(Nc1ccc(Cl)cc1)Nc1ccc(Oc2ccnc3[nH]c(=O)[nH]c23)cc1,100000.0,4.0,0,395.8060000000001
O=C(Nc1ccc(F)c(-c2ccnc3c(-c4cn[nH]c4)cnn23)c1)c1cccc(C(F)(F)F)c1,18.0,7.7447274948966935,1,466.3980000000001
O=C(Nc1ccc(F)c(C(=O)c2ccc3ncc(N4CCOCC4)nc3c2)c1)Nc1ccc(Cl)c(C(F)(F)F)c1,100.0,7.0,1,573.9340000000004
O=C(Nc1ccc(F)c(C(=O)c2ccc3ncc(N4CCOCC4)nc3c2)c1)c1ccc(Cl)c(C(F)(F)F)c1,100.0,7.0,1,558.9190000000003
O=C(Nc1ccc(F)c(C(=O)c2ccc3ncc(N4CCOCC4)nc3c2)c1)c1cccc(C(F)(F)F)c1,100.0,7.0,1,524.4740000000003
O=C(Nc1ccc(F)c(C(=O)c2ccc3nccnc3c2)c1)Nc1ccc(Cl)c(C(F)(F)F)c1,100.0,7.0,1,488.82800000000015
O=C(Nc1ccc(F)c(C(=O)c2ccc3nccnc3c2)c1Cl)c1ccc(Cl)c(C(F)(F)F)c1,100.0,7.0,1,508.2580000000001
O=C(Nc1ccc(F)c(C(F)(F)F)c1)N[C@@H]1[C@H]2Oc3ccc(Oc4ccncc4)cc3[C@@H]12,24000.0,4.619788758288394,0,445.3720000000002
O=C(Nc1ccc(F)c(C(F)(F)F)c1)Nc1ccc(Oc2ccnc(NC(=O)C3CC3)c2)cc1F,13.0,7.886056647693163,1,492.4040000000002
O=C(Nc1ccc(F)c(F)c1)N[C@@H]1[C@H]2Oc3ccc(Oc4ccncn4)cc3[C@@H]12,111000.0,3.9546770212133424,0,396.3530000000001
O=C(Nc1ccc(F)c(F)c1)Nc1ccc(Oc2ccnc3[nH]c(=O)[nH]c23)c2ccccc12,50110.0,4.300075597257523,0,447.4010000000001
O=C(Nc1ccc(F)c(OC(F)(F)F)c1)Nc1ccc(Oc2ccnc(NC(=O)C3CC3)c2)cc1F,19.0,7.721246399047171,1,508.40300000000025
O=C(Nc1ccc(F)c(Oc2ccc3ncc(N4CCOCC4)nc3c2)c1)Nc1ccc(Cl)c(C(F)(F)F)c1,100.0,7.0,1,561.9230000000003
O=C(Nc1ccc(F)cc1F)N[C@@H]1[C@H]2Oc3ccc(Oc4ncnc5[nH]cnc45)cc3[C@@H]12,24000.0,4.619788758288394,0,436.37800000000016
O=C(Nc1ccc(OC(F)(F)F)cc1)Nc1ccc(Oc2ccnc(NC(=O)C3CC3)c2)c(F)c1,34.7,7.459670525209126,1,490.41300000000024
O=C(Nc1ccc(OCCN2CCOCC2)cc1)Nc1ccc(Cl)c(C(F)(F)F)c1,92.3,7.034798298974088,1,443.853
O=C(Nc1ccc(Oc2cc(NC(=O)C3CC3)ncn2)c(F)c1)Nc1ccc(Cl)c(C(F)(F)F)c1,24.9,7.603800652904264,1,509.84700000000004
O=C(Nc1ccc(Oc2cc(NC(=O)C3CC3)ncn2)cc1)Nc1ccc(Cl)c(C(F)(F)F)c1,24.8,7.605548319173784,1,491.857
O=C(Nc1ccc(Oc2cc(NC(=O)C3CC3)ncn2)cc1F)Nc1cc(C(F)(F)F)ccc1F,31.0,7.508638306165727,1,493.39200000000005
O=C(Nc1ccc(Oc2cc(NCCO)ncn2)cc1)Nc1cccc(C(F)(F)F)c1,1000.0,6.0,1,433.39000000000004
O=C(Nc1ccc(Oc2cc(Nc3cccc(CN4CCCC4)c3)ncn2)cc1)Nc1cccc(C(F)(F)F)c1,200.0,6.698970004336019,1,548.5690000000003
O=C(Nc1ccc(Oc2cc(O)ncn2)cc1)Nc1cccc(C(F)(F)F)c1,2000.0,5.698970004336019,0,390.3210000000001
O=C(Nc1ccc(Oc2ccc(C(=O)c3ncc[nH]3)cc2)cc1)Nc1ccc(C(F)(F)F)c(Cl)c1,86.0,7.0655015487564325,1,500.86400000000003
O=C(Nc1ccc(Oc2ccc(C(=O)c3ncc[nH]3)cc2)cc1)Nc1ccc(Cl)c(C(F)(F)F)c1,110.0,6.958607314841775,1,500.8640000000001
O=C(Nc1ccc(Oc2ccc3nccnc3c2)cc1)Nc1cccc(C(F)(F)F)c1,100.0,7.0,1,424.38200000000006
O=C(Nc1ccc(Oc2cccc3[nH]c(=O)[nH]c23)cc1)Nc1ccc(Cl)c(C(F)(F)F)c1,23.0,7.638272163982407,1,462.8150000000001
O=C(Nc1ccc(Oc2cccc3[nH]c(=O)[nH]c23)cc1)c1cc(F)cc(N2CCOCC2)c1,100000.0,4.0,0,448.4540000000003
O=C(Nc1ccc(Oc2cccc3[nH]c(=O)[nH]c23)cc1)c1ccc(Br)cc1,14000.0,4.853871964321762,0,424.2540000000001
O=C(Nc1ccc(Oc2cccc3[nH]c(=O)[nH]c23)cc1)c1ccc(Cl)c(C(F)(F)F)c1,15900.0,4.798602875679548,0,447.8000000000001
O=C(Nc1ccc(Oc2cccc3[nH]c(=O)[nH]c23)cc1)c1ccccc1,100000.0,4.0,0,345.35800000000006
O=C(Nc1ccc(Oc2ccnc(NC(=O)C3CC3)c2)c(F)c1)Nc1cc(C(F)(F)F)ccc1Cl,43.0,7.366531544420414,1,508.85900000000004
O=C(Nc1ccc(Oc2ccnc(NC(=O)C3CC3)c2)c(F)c1)Nc1cc(C(F)(F)F)ccc1F,37.0,7.431798275933005,1,492.40400000000005
O=C(Nc1ccc(Oc2ccnc(NC(=O)C3CC3)c2)c(F)c1)Nc1cc(C(F)(F)F)ncn1,96.0,7.017728766960431,1,476.39000000000004
O=C(Nc1ccc(Oc2ccnc(NC(=O)C3CC3)c2)c(F)c1)Nc1cc(C2CC2)ccc1F,116.0,6.935542010773082,1,464.47200000000015
O=C(Nc1ccc(Oc2ccnc(NC(=O)C3CC3)c2)c(F)c1)Nc1cc(Cl)ccc1F,73.4,7.134303940083929,1,458.8520000000001
O=C(Nc1ccc(Oc2ccnc(NC(=O)C3CC3)c2)c(F)c1)Nc1ccc(Cl)c(C(F)(F)F)c1,3.6,8.443697499232712,1,508.8590000000001
O=C(Nc1ccc(Oc2ccnc(NC(=O)C3CC3)c2)c(F)c1)Nc1ccc(Cl)c(OC(F)(F)F)c1,14.9,7.826813731587726,1,524.8580000000002
O=C(Nc1ccc(Oc2ccnc(NC(=O)C3CC3)c2)c(F)c1)Nc1ccc(F)c(C(F)(F)F)c1,32.0,7.494850021680094,1,492.40400000000005
O=C(Nc1ccc(Oc2ccnc(NC(=O)C3CC3)c2)c(F)c1)Nc1ccc2[nH]cc(F)c2c1,90.0,7.045757490560675,1,463.4440000000001
O=C(Nc1ccc(Oc2ccnc(NC(=O)C3CC3)c2)cc1)Nc1cc(C(F)(F)F)ccc1Cl,39.0,7.4089353929735005,1,490.869
O=C(Nc1ccc(Oc2ccnc(NC(=O)C3CC3)c2)cc1)Nc1cc(F)cc(C(F)(F)F)c1,125.0,6.903089986991944,1,474.41400000000004
O=C(Nc1ccc(Oc2ccnc(NC(=O)C3CC3)c2)cc1)Nc1cc(OCC2CNC2)cc(C(F)(F)F)c1,3.7,8.431798275933005,1,541.5300000000002
O=C(Nc1ccc(Oc2ccnc(NC(=O)C3CC3)c2)cc1)Nc1ccc(Cl)c(C(F)(F)F)c1,11.3,7.94692155651658,1,490.8690000000001
O=C(Nc1ccc(Oc2ccnc(NC(=O)C3CC3)c2)cc1)Nc1ccc(F)c(C(F)(F)F)c1,26.0,7.585026652029182,1,474.41400000000004
O=C(Nc1ccc(Oc2ccnc(NC(=O)C3CC3)c2)cc1)Nc1ccc2c(c1)C(F)(F)CCO2,3.3,8.481486060122112,1,480.4710000000002
O=C(Nc1ccc(Oc2ccnc(NC(=O)C3CC3)c2)cc1)Nc1cccc(C(F)(F)F)c1,30.0,7.522878745280337,1,456.42400000000004
O=C(Nc1ccc(Oc2ccnc(NC(=O)C3CC3)c2)cc1)Nc1cccc(OC(F)(F)F)c1,14.0,7.853871964321762,1,472.42300000000006
O=C(Nc1ccc(Oc2ccnc(NC(=O)C3CC3)c2)cc1F)Nc1cc(C(F)(F)F)ccc1Cl,19.0,7.721246399047171,1,508.85900000000004
O=C(Nc1ccc(Oc2ccnc(NC(=O)C3CC3)c2)cc1F)Nc1cc(C(F)(F)F)ccc1F,9.0,8.045757490560675,1,492.40400000000005
O=C(Nc1ccc(Oc2ccnc(NC(=O)C3CC3)c2)nc1)Nc1cc(N2CCS(=O)(=O)CC2)cc(C(F)(F)F)c1,39.0,7.4089353929735005,1,590.5840000000004
O=C(Nc1ccc(Oc2ccnc(NC(=O)C3CC3)c2)nc1)Nc1ccc(Cl)c(C(F)(F)F)c1,19.7,7.705533773838407,1,491.857
O=C(Nc1ccc(Oc2ccnc3[nH]c(=O)[nH]c23)c(F)c1)Nc1ccc(Cl)c(C(F)(F)F)c1,17023.5,4.768951144931912,0,481.79300000000006
O=C(Nc1ccc(Oc2ccnc3[nH]c(=O)[nH]c23)cc1)Nc1cc(C(F)(F)F)ccc1F,52.0,7.2839966563652006,1,447.34800000000007
O=C(Nc1ccc(Oc2ccnc3[nH]c(=O)[nH]c23)cc1)Nc1cc(C(F)(F)F)ccc1N1CCOCC1,860.0,6.0655015487564325,1,514.4640000000002
O=C(Nc1ccc(Oc2ccnc3[nH]c(=O)[nH]c23)cc1)Nc1cc(Cl)cc(C(F)(F)F)c1,100.0,7.0,1,463.80300000000005
O=C(Nc1ccc(Oc2ccnc3[nH]c(=O)[nH]c23)cc1)Nc1cc(F)cc(N2CCOCC2)c1,600.0,6.221848749616356,1,464.4570000000003
O=C(Nc1ccc(Oc2ccnc3[nH]c(=O)[nH]c23)cc1)Nc1ccc(C(F)(F)F)cc1,100000.0,4.0,0,429.35800000000006
O=C(Nc1ccc(Oc2ccnc3[nH]c(=O)[nH]c23)cc1)Nc1ccc(Cl)c(C(F)(F)F)c1,812.0,6.090443970758825,1,463.80300000000005
O=C(Nc1ccc(Oc2ccnc3[nH]c(=O)[nH]c23)cc1)Nc1cccc(C(F)(F)F)c1,14.0,7.853871964321762,1,429.35800000000006
O=C(Nc1ccc(Oc2ccnc3[nH]c(=O)[nH]c23)cc1)Nc1cccc(F)c1,2840.0,5.546681659952962,0,379.35100000000006
O=C(Nc1ccc(Oc2ccnc3[nH]c(=O)[nH]c23)cc1)Nc1cccc(OC(F)(F)F)c1,21.0,7.6777807052660805,1,445.3570000000001
O=C(Nc1ccc(Oc2ccnc3[nH]c(=O)[nH]c23)cc1)Nc1ccccc1C(F)(F)F,100000.0,4.0,0,429.35800000000006
O=C(Nc1ccc(Oc2ccnc3[nH]c(=O)[nH]c23)cc1)Nc1nnc(C2CCCO2)s1,29085.0,4.5363309318656135,0,439.4570000000002
O=C(Nc1ccc(Oc2ccnc3[nH]c(=O)[nH]c23)cc1)c1cc(F)cc(N2CCOCC2)c1,100000.0,4.0,0,449.4420000000003
O=C(Nc1ccc(Oc2ccnc3[nH]c(=O)[nH]c23)cc1)c1ccc(Cl)c(C(F)(F)F)c1,15900.0,4.798602875679548,0,448.78800000000007
O=C(Nc1ccc(Oc2ccnc3[nH]c(=O)[nH]c23)cc1)c1cccc(Br)c1,14000.0,4.853871964321762,0,425.2420000000001
O=C(Nc1ccc(Oc2ccnc3[nH]c(=O)[nH]c23)cc1)c1cccc(C(F)(F)F)c1,17200.0,4.764471553092451,0,414.3430000000001
O=C(Nc1ccc(Oc2ccnc3[nH]c(=O)[nH]c23)cc1)c1cccc(OC(F)(F)F)c1,100000.0,4.0,0,430.3420000000001
O=C(Nc1ccc(Oc2ccnc3[nH]c(=O)[nH]c23)cc1)c1ccccc1,100000.0,4.0,0,346.34600000000006
O=C(Nc1ccc(Oc2ccnc3[nH]c(=O)c(=O)[nH]c23)cc1)Nc1ccc(Cl)c(C(F)(F)F)c1,2610.5,5.583276302453266,0,491.81300000000005
O=C(Nc1ccc(Oc2ccnc3[nH]c(=O)c(=O)[nH]c23)cc1F)Nc1cc(C(F)(F)F)ccc1F,302.5,6.519274621011513,1,493.34800000000007
O=C(Nc1ccc(Oc2ccnc3[nH]c(=O)cnc23)cc1)Nc1ccc(Cl)c(C(F)(F)F)c1,2450.5,5.610745293151352,0,475.814
O=C(Nc1ccc(Oc2ccnc3[nH]c(=O)cnc23)cc1F)Nc1cc(C(F)(F)F)ccc1F,392.0,6.406713932979542,1,477.34900000000005
O=C(Nc1ccc(Oc2ccnc3[nH]c(S)nc23)cc1F)Nc1cc(C(F)(F)F)ccc1F,6508.5,5.186519090815107,0,481.4060000000001
O=C(Nc1ccc(Oc2ccnc3[nH]ccc23)cc1)Nc1cccc(C(F)(F)F)c1,320.0,6.494850021680094,1,412.37100000000004
O=C(Nc1ccc(Oc2ccnc3[nH]cnc23)cc1F)Nc1cc(C(F)(F)F)ccc1F,4271.0,5.369470428573176,0,449.33900000000006
O=C(Nc1ccc(Oc2ccnc3[nH]nnc23)cc1F)Nc1cc(C(F)(F)F)ccc1F,12034.5,4.919571948741824,0,450.32700000000006
O=C(Nc1ccc(Oc2ccnc3ccccc23)cc1)Nc1cccc(C(F)(F)F)c1,200.0,6.698970004336019,1,423.39400000000006
O=C(Nc1ccc(Oc2ccnc3nc(N4CCOCC4)cnc23)cc1F)Nc1cc(C(F)(F)F)ccc1F,1948.5,5.7102995898712905,0,546.4560000000002
O=C(Nc1ccc(Oc2ccnc3ncc(=O)[nH]c23)cc1)Nc1cc(C(F)(F)F)ccc1F,2745.0,5.561457651213889,0,459.35900000000004
O=C(Nc1ccc(Oc2ccnc3ncc(=O)[nH]c23)cc1)Nc1ccc(Cl)c(C(F)(F)F)c1,50066.5,4.300452767774565,0,475.814
O=C(Nc1ccc(Oc2ccnc3ncc(=O)[nH]c23)cc1F)Nc1cc(C(F)(F)F)ccc1F,34538.0,4.461702814832026,0,477.34900000000005
O=C(Nc1ccc(Oc2ccncc2)cc1)Nc1cccc(C(F)(F)F)c1,630.0,6.200659450546418,1,373.33400000000006
O=C(Nc1ccc(Oc2ccncn2)cc1)Nc1cccc(C(F)(F)F)c1,1000.0,6.0,1,374.32200000000006
O=C(Nc1ccc(Oc2ncnc3[nH]ccc23)cc1)Nc1cccc(C(F)(F)F)c1,400.0,6.3979400086720375,1,413.35900000000004
O=C(Nc1ccc(Oc2ncnc3cc(OCCCN4CCCC4)c4c(c23)OCCO4)cc1Cl)NC1CC1,5000.0,5.301029995663981,0,540.0200000000002
O=C(Nc1ccc(Oc2ncnc3cc(OCCCN4CCOCC4)c4c(c23)OCCO4)c(F)c1)Nc1cc(C(F)(F)F)ccc1F,275.0,6.560667306169737,1,661.5840000000005
O=C(Nc1ccc(Oc2ncnc3cc(OCCCN4CCOCC4)c4c(c23)OCCO4)c(F)c1)Nc1ccc(Cl)c(C(F)(F)F)c1,275.0,6.560667306169737,1,678.0390000000004
O=C(Nc1ccc(Oc2ncnc3cc(OCCCN4CCOCC4)c4c(c23)OCCO4)cc1)Nc1cc(C(F)(F)F)ccc1F,275.0,6.560667306169737,1,643.5940000000005
O=C(Nc1ccc(Oc2ncnc3cc(OCCCN4CCOCC4)c4c(c23)OCCO4)cc1)Nc1ccc(Cl)c(C(F)(F)F)c1,275.0,6.560667306169737,1,660.0490000000004
O=C(Nc1ccc(Oc2ncnc3cc(OCCCN4CCOCC4)c4c(c23)OCCO4)cc1Cl)NC1CC1,5000.0,5.301029995663981,0,556.0190000000002
O=C(Nc1ccc(Oc2ncnc3ccccc23)cc1)Nc1cccc(C(F)(F)F)c1,1260.0,5.8996294548824375,0,424.38200000000006
O=C(Nc1ccc(Sc2ccnc3[nH]c(=O)[nH]c23)cc1)Nc1cc(C(F)(F)F)ccc1F,29.0,7.5376020021010435,1,463.4160000000001
O=C(Nc1ccc(Sc2ccnc3[nH]c(=O)[nH]c23)cc1)Nc1ccc(Cl)c(C(F)(F)F)c1,40.0,7.3979400086720375,1,479.87100000000015
O=C(Nc1ccc(Sc2ccnc3[nH]c(=O)[nH]c23)cc1)Nc1cccc(C(F)(F)F)c1,28.0,7.552841968657781,1,445.4260000000001
O=C(Nc1ccc([N+](=O)[O-])cc1Cl)c1cc(Cl)ccc1O,100000.0,4.0,0,327.12300000000005
O=C(Nc1ccc2c(c1)CCC2)Nc1cc(CNc2ccccc2C(=O)Nc2ccc3c(c2)OC(F)(F)O3)ccn1,64.0,7.1938200260161125,1,557.5570000000001
O=C(Nc1ccc2c(c1)OC(F)(F)C(F)(F)O2)c1ccccc1NCc1ccncc1,40.0,7.3979400086720375,1,433.36100000000005
O=C(Nc1ccc2c(c1)OC(F)(F)C(F)(F)O2)c1ncsc1NCc1ccncc1,2560.0,5.591760034688151,0,440.37800000000004
O=C(Nc1ccc2c(c1)OC(F)(F)O2)c1ccccc1NCc1ccnc(C2=NCCN2)c1,153.0,6.815308569182402,1,451.43300000000016
O=C(Nc1ccc2c(c1)OC(F)(F)O2)c1ccccc1NCc1ccnc(NCCCO)c1,142.0,6.847711655616943,1,456.4490000000002
O=C(Nc1ccc2c(c1)OC(F)(F)O2)c1ccccc1NCc1ccnc(NCCCn2ccnc2)c1,101.0,6.995678626217358,1,506.5130000000002
O=C(Nc1ccc2c(c1)OC(F)(F)O2)c1ccccc1NCc1ccnc(NCCO)c1,112.0,6.950781977329818,1,442.42200000000014
O=C(Nc1ccc2c(c1)OC(F)(F)O2)c1ccccc1NCc1ccnc(NCCOCCO)c1,165.0,6.782516055786093,1,486.47500000000025
O=C(Nc1ccc2c(c1)OC(F)(F)O2)c1ccccc1NCc1ccnc(NCCc2cnc[nH]2)c1,146.0,6.835647144215563,1,492.48600000000016
O=C(Nc1cccc(-c2ccnc3c(-c4ccc(CN5CCCC5)cc4)cnn23)c1)c1cccc(C(F)(F)F)c1,20.0,7.698970004336019,1,541.5770000000002
O=C(Nc1cccc(-c2ccnc3c(-c4cccnc4)cnn23)c1)c1cccc(C(F)(F)F)c1,113.0,6.94692155651658,1,459.4310000000001
O=C(Nc1cccc(-c2ccnc3c(-c4ccoc4)cnn23)c1)c1cccc(C(F)(F)F)c1,326.0,6.486782399932061,1,448.40400000000005
O=C(Nc1cccc(-c2ccnc3c(-c4cn[nH]c4)cnn23)c1)c1cccc(C(F)(F)F)c1,84.0,7.075720713938118,1,448.4080000000001
O=C(Nc1cccc(-c2ccnc3c(-c4cnc(N5CCOCC5)nc4)cnn23)c1)c1cccc(C(F)(F)F)c1,941.0,6.026410376572743,1,545.5250000000003
O=C(Nc1cccc(-c2ccnc3c(-c4cnn(CCN5CCCC5)c4)cnn23)c1)c1cccc(C(F)(F)F)c1,393.0,6.405607449624573,1,545.5690000000004
O=C(Nc1cccc(-c2ccnc3c(-c4coc(CN5CCCC5)c4)cnn23)c1)c1cccc(C(F)(F)F)c1,362.0,6.441291429466834,1,531.5380000000002
O=C(Nc1cccc(-c2ccnc3c(C#CCCCN4CCOCC4)cnn23)c1)c1cccc(C(F)(F)F)c1,552.0,6.2580609222708015,1,533.5540000000002
O=C(Nc1cccc(-c2ccnc3c(C(=O)NCCN4CCOCC4)cnn23)c1)Nc1ccc(Cl)c(C(F)(F)F)c1,160.0,6.795880017344075,1,587.9900000000005
O=C(Nc1cccc(-c2ccnc3c(C(=O)NCCN4CCOCC4)cnn23)c1)c1cccc(C(F)(F)F)c1,6340.0,5.1979107421182675,0,538.5300000000003
O=C(Nc1cccc(-c2ccnc3c(C(=O)O)cnn23)c1)c1cccc(C(F)(F)F)c1,10000.0,5.0,0,426.35400000000004
O=C(Nc1cccc(-c2ccnc3c(C(=O)OCC(F)(F)F)cnn23)c1)c1cccc(C(F)(F)F)c1,1450.0,5.838631997765025,0,508.37800000000004
O=C(Nc1cccc(-c2ccnc3cc(-c4cccc(C(F)(F)F)c4)nn23)c1)c1cccc(C(F)(F)F)c1,10000.0,5.0,0,526.4400000000002
O=C(Nc1cccc(-c2ccnc3cc(-c4cccnc4)nn23)c1)c1cccc(C(F)(F)F)c1,10000.0,5.0,0,459.4310000000001
O=C(Nc1cccc(-c2ccnc3cc(-c4cccs4)nn23)c1)c1cccc(C(F)(F)F)c1,10000.0,5.0,0,464.4720000000001
O=C(Nc1cccc(-c2ccnc3cc(-c4ccnc(NCCCN5CCCC5)c4)nn23)c1)c1cccc(C(F)(F)F)c1,110.0,6.958607314841775,1,585.6340000000006
O=C(Nc1cccc(-c2ccnc3cc(-c4ccnc(NCCCN5CCCC5=O)c4)nn23)c1)c1cccc(C(F)(F)F)c1,110.0,6.958607314841775,1,599.6170000000005
O=C(Nc1cccc(-c2ccnc3cc(-c4ccnc(NCCCN5CCOCC5)c4)nn23)c1)c1cccc(C(F)(F)F)c1,130.0,6.886056647693163,1,601.6330000000005
O=C(Nc1cccc(-c2ccnc3cc(-c4ccnc(NCCCc5ncc[nH]5)c4)nn23)c1)c1cccc(C(F)(F)F)c1,66.0,7.180456064458132,1,582.5900000000004
O=C(Nc1cccc(-c2ccnc3cc(-c4ccnc(NCCN5CCC(O)CC5)c4)nn23)c1)c1cccc(C(F)(F)F)c1,66.0,7.180456064458132,1,601.6330000000005
O=C(Nc1cccc(-c2ccnc3cc(-c4ccnc(NCCN5CCCC5)c4)nn23)c1)c1cccc(C(F)(F)F)c1,68.0,7.167491087293763,1,571.6070000000005
O=C(Nc1cccc(-c2ccnc3cc(-c4ccnc(NCCN5CCOCC5)c4)nn23)c1)c1cccc(C(F)(F)F)c1,160.0,6.795880017344075,1,587.6060000000006
O=C(Nc1cccc(-c2ccnc3cc(-c4ccncc4)nn23)c1)Nc1ccc(Cl)c(C(F)(F)F)c1,40.0,7.3979400086720375,1,508.89100000000013
O=C(Nc1cccc(-c2ccnc3cc(-c4ccncc4)nn23)c1)Nc1cccc(C(F)(F)F)c1,25.0,7.6020599913279625,1,474.4460000000001
O=C(Nc1cccc(-c2ccnc3cc(-c4ccncc4)nn23)c1)c1ccc(Cl)c(C(F)(F)F)c1,60.0,7.221848749616356,1,493.87600000000015
O=C(Nc1cccc(-c2ccnc3cc(-c4ccncc4)nn23)c1)c1ccc(Cl)c(Cl)c1,660.0,6.180456064458132,1,460.3240000000002
O=C(Nc1cccc(-c2ccnc3cc(-c4ccncc4)nn23)c1)c1cccc(C(F)(F)F)c1,32.0,7.494850021680094,1,459.4310000000001
O=C(Nc1cccc(-c2ccnc3cc(-c4ccncc4)nn23)c1)c1cccc(Cl)c1,1100.0,5.958607314841775,0,425.87900000000013
O=C(Nc1cccc(-c2ccnc3cc(-c4cnc[nH]4)nn23)c1)c1cccc(C(F)(F)F)c1,1600.0,5.795880017344075,0,448.4080000000001
O=C(Nc1cccc(-c2ccnc3cc(N4CCNCC4)nn23)c1)c1cccc(C(F)(F)F)c1,6200.0,5.207608310501746,0,466.46700000000016
O=C(Nc1cccc(-c2ccnc3cc(N4CCOCC4)nn23)c1)c1cccc(C(F)(F)F)c1,99.0,7.00436480540245,1,467.45100000000014
O=C(Nc1cccc(-c2ccnc3ccnn23)c1)c1cccc(C(F)(F)F)c1,10000.0,5.0,0,382.345
O=C(Nc1cccc(-c2cnc3c(NC(=O)c4cc(C(F)(F)F)cc(C(F)(F)F)c4)nccn23)c1)Nc1ccc(Cl)c(C(F)(F)F)c1,12500.0,4.903089986991944,0,686.922
O=C(Nc1cccc(-c2cnc3c(NC(=O)c4cc(Cl)cc(Cl)c4)nccn23)c1)Nc1ccc(Cl)c(C(F)(F)F)c1,12500.0,4.903089986991944,0,619.8180000000002
O=C(Nc1cccc(-c2cnc3c(NC(=O)c4cc(Cl)cc(Cl)c4)nccn23)c1)Nc1ccc(F)cc1F,12500.0,4.903089986991944,0,553.3560000000002
O=C(Nc1cccc(-c2cnc3c(NC(=O)c4cc(Cl)cc(Cl)c4)nccn23)c1)c1ccc(Cl)c(C(F)(F)F)c1,12500.0,4.903089986991944,0,604.8030000000002
O=C(Nc1cccc(-c2cnc3c(NC(=O)c4ccc(F)c(C(F)(F)F)c4)nccn23)c1)Nc1ccc(Cl)c(C(F)(F)F)c1,8755.0,5.057743849580535,0,636.9150000000002
O=C(Nc1cccc(-c2nc(C3CC3)[nH]c2-c2ccnc(NCCN3CCNC3=O)n2)c1)Nc1ccc(Cl)c(C(F)(F)F)c1,44.0,7.356547323513812,1,626.0430000000003
O=C(Nc1cccc(-c2ncnc3cc(-c4cccnc4)sc23)c1)c1cccc(C(F)(F)F)c1,10000.0,5.0,0,476.48300000000006
O=C(Nc1cccc(-c2ncnc3cc(-c4ccncc4)sc23)c1)c1cccc(C(F)(F)F)c1,540.0,6.267606240177032,1,476.48300000000006
O=C(Nc1cccc(-c2ncnc3sc(-c4cccnc4)cc23)c1)c1cccc(C(F)(F)F)c1,1110.0,5.954677021213342,0,476.48300000000006
O=C(Nc1cccc(-c2ncnc3sc(-c4ccncc4)cc23)c1)c1cccc(C(F)(F)F)c1,80.0,7.096910013008056,1,476.48300000000006
O=C(Nc1cccc(-n2cc(-c3ccncc3)c(-c3cc(O)cc(Cl)c3)n2)c1)Nc1cc(C(F)(F)F)cc(C(F)(F)F)c1,2115.0,5.674689628288939,0,617.9370000000002
O=C(Nc1cccc(-n2cc(-c3ccncc3)c(-c3cc(O)cc(Cl)c3)n2)c1)Nc1ccc(Cl)c(C(F)(F)F)c1,7.0,8.154901959985743,1,584.3850000000003
O=C(Nc1cccc(-n2cc(-c3ccncc3)c(-c3cc(O)cc(Cl)c3)n2)c1)Nc1ccc(Cl)c(Cl)c1,45.0,7.346787486224656,1,550.8330000000002
O=C(Nc1cccc(-n2cc(-c3ccncc3)c(-c3cc(O)cc(Cl)c3)n2)c1)Nc1cccc(C(F)(F)F)c1,30.0,7.522878745280337,1,549.9400000000002
O=C(Nc1cccc(-n2cc(-c3ccncc3)c(-c3cc(O)cc(Cl)c3)n2)c1)c1cc(C(F)(F)F)cc(C(F)(F)F)c1,212.0,6.673664139071248,1,602.9220000000003
O=C(Nc1cccc(-n2cc(-c3ccncc3)c(-c3cc(O)cc(Cl)c3)n2)c1)c1ccc(Cl)c(Cl)c1,47.0,7.327902142064283,1,535.8180000000002
O=C(Nc1cccc(-n2cc(-c3ccncc3)c(-c3cc(O)cc(Cl)c3)n2)c1)c1ccc(N2CCOCC2)c(C(F)(F)F)c1,14.0,7.853871964321762,1,620.0310000000003
O=C(Nc1cccc(-n2cc(-c3ccncc3)c(-c3cc(O)cc(Cl)c3)n2)c1)c1cccc(C(F)(F)F)c1,38.0,7.42021640338319,1,534.9250000000002
O=C(Nc1cccc(-n2cc(-c3ccncc3)c(-c3cc(O)cc(Cl)c3)n2)c1)c1ccccc1,26.0,7.585026652029182,1,466.9280000000001
O=C(Nc1cccc(C(=O)c2ccc3ncc(-c4cccnc4)nc3c2)c1)Nc1ccc(Cl)c(C(F)(F)F)c1,100.0,7.0,1,547.9240000000002
O=C(Nc1cccc(C(=O)c2ccc3ncc(-c4cccnc4)nc3c2)c1)c1ccc(C(F)(F)F)c(Cl)c1,100.0,7.0,1,532.9090000000001
O=C(Nc1cccc(C(=O)c2ccc3ncc(-c4cn[nH]c4)nc3c2)c1)Nc1ccc(Cl)c(C(F)(F)F)c1,100.0,7.0,1,536.9010000000002
O=C(Nc1cccc(C(=O)c2ccc3ncc(N4CCCC4)nc3c2)c1)c1cccc(C(F)(F)F)c1,100.0,7.0,1,490.4850000000002
O=C(Nc1cccc(C(=O)c2ccc3ncc(N4CCCC4)nc3c2)c1)c1cccc(F)c1,100.0,7.0,1,440.4780000000002
O=C(Nc1cccc(C(=O)c2ccc3ncc(N4CCOCC4)nc3c2)c1)Nc1ccc(Cl)c(C(F)(F)F)c1,100.0,7.0,1,555.9440000000003
O=C(Nc1cccc(C(=O)c2ccc3ncc(N4CCOCC4)nc3c2)c1)Nc1cccc(C(F)(F)F)c1,100.0,7.0,1,521.4990000000003
O=C(Nc1cccc(C(=O)c2ccc3ncc(N4CCOCC4)nc3c2)c1)c1cccc(C(F)(F)F)c1,100.0,7.0,1,506.4840000000002
O=C(Nc1cccc(C(=O)c2ccc3nccnc3c2)c1)Nc1ccc(Cl)c(C(F)(F)F)c1,100.0,7.0,1,470.838
O=C(Nc1cccc(C(=O)c2ccc3nccnc3c2)c1)Nc1cccc(C(F)(F)F)c1,100.0,7.0,1,436.39300000000003
O=C(Nc1cccc(C(F)(F)F)c1)N[C@@H]1[C@H]2Oc3ccc(Oc4ccncc4)cc3[C@@H]12,58000.0,4.236572006437063,0,427.3820000000001
O=C(Nc1cccc(C(F)(F)F)c1)Nc1cc(F)c(F)c(C(=O)c2ccc3ncc(N4CCOCC4)nc3c2)c1,100.0,7.0,1,557.4790000000003
O=C(Nc1cccc(C(F)(F)F)c1)Nc1ccc(F)c(C(=O)c2ccc3ncc(N4CCOCC4)nc3c2)c1,100.0,7.0,1,539.4890000000004
O=C(Nc1cccc(C(F)(F)F)c1)Nc1ccc(F)c(C(=O)c2ccc3nccnc3c2)c1,100.0,7.0,1,454.38300000000015
O=C(Nc1cccc(C(F)(F)F)c1)Nc1ccc(Oc2cc(NC(=O)C3CC3)ncn2)cc1F,41.0,7.3872161432802645,1,475.4020000000002
O=C(Nc1cccc(C(F)(F)F)c1)Nc1ccc(Oc2ccnc(NC(=O)C3CC3)c2)c(F)c1,6.3,8.200659450546418,1,474.4140000000002
O=C(Nc1cccc(C(F)(F)F)c1)Nc1ccc(Oc2ccnc(NC(=O)C3CC3)c2)cc1F,6.4,8.193820026016112,1,474.4140000000002
O=C(Nc1cccc(C(F)(F)F)c1)Nc1ccc(Oc2ccnc3[nH]c(=O)[nH]c23)c2ccccc12,958.0,6.018634490921456,1,479.4180000000002
O=C(Nc1cccc(C(F)(F)F)c1)Nc1ccc(Oc2ccnc3[nH]c(=O)[nH]c23)cc1F,1731.0,5.7617029321246065,0,447.3480000000001
O=C(Nc1cccc(C(F)(F)F)c1)c1ccc(C(F)F)c(-c2ccnc(N3CCOCC3)c2)c1,5.023000000000001,8.29903682184045,1,477.4330000000003
O=C(Nc1cccc(C(F)(F)F)c1)c1ccc(CF)c(-c2ccnc(N3CCOCC3)c2)c1,2.193,8.658961368322476,1,459.44300000000027
O=C(Nc1cccc(C(F)(F)F)c1)c1ccc(CO)c(-c2ccnc(N3CCOCC3)c2)c1,6.1066,8.214200526619845,1,457.4520000000002
O=C(Nc1cccc(C(F)(F)F)c1)c1ccc(Cl)c(Nc2ncccc2-c2ncnc3[nH]cnc23)c1,2.78,8.555955204081924,1,509.87900000000013
O=C(Nc1cccc(F)c1)Nc1ccc(F)c(C(=O)c2ccc3ncc(N4CCOCC4)nc3c2)c1,100.0,7.0,1,489.4820000000003
O=C(Nc1cccc(F)c1)Nc1ccc(Oc2ccnc3[nH]c(=O)[nH]c23)c2ccccc12,125.5,6.901356274182943,1,429.4110000000001
O=C(Nc1cccc(F)c1)Nc1cccc(C(=O)c2ccc3ncc(N4CCCC4)nc3c2)c1,100.0,7.0,1,455.4930000000003
O=C(Nc1cccc(F)c1)Nc1cccc(C(=O)c2ccc3ncc(N4CCOCC4)nc3c2)c1,100.0,7.0,1,471.4920000000003
O=C(Nc1cccc(F)c1)Nc1cccc(Oc2cccc3[nH]c(=O)[nH]c23)c1,26475.0,4.5771640312204775,0,378.36300000000006
O=C(Nc1cccc(Nc2cc3c(=O)[nH][nH]c(=O)c3cc2Cl)c1)c1cccc(Br)c1,19.0,7.721246399047171,1,485.72500000000014
O=C(Nc1cccc(Nc2cc3c(=O)[nH][nH]c(=O)c3cc2Cl)c1)c1cccc(C(F)(F)F)c1,17.0,7.769551078621726,1,474.82600000000014
O=C(Nc1cccc(Nc2cc3c(=O)[nH][nH]c(=O)c3cc2Cl)c1)c1cccc(Cl)c1,35.0,7.455931955649724,1,441.2740000000001
O=C(Nc1cccc(Nc2cc3c(=O)[nH][nH]c(=O)c3cc2Cl)c1)c1cccc(I)c1,8.0,8.096910013008056,1,532.7250000000001
O=C(Nc1cccc(Nc2cc3c(=O)[nH][nH]c(=O)c3cc2Cl)c1)c1cccc(OC(F)(F)F)c1,18.0,7.7447274948966935,1,490.82500000000016
O=C(Nc1cccc(Nc2cc3c(cc2Cl)C(=O)NC3=O)c1)c1cccc(Br)c1,35.0,7.455931955649724,1,470.7100000000001
O=C(Nc1cccc(Nc2cc3c(cc2Cl)C(=O)NC3=O)c1)c1cccc(C(F)(F)F)c1,10.0,8.0,1,459.8110000000001
O=C(Nc1cccc(Nc2cc3c(cc2Cl)C(=O)NC3=O)c1)c1cccc(Cl)c1,117.0,6.931814138253839,1,426.2590000000001
O=C(Nc1cccc(Nc2cc3c(cc2Cl)C(=O)NC3=O)c1)c1cccc(I)c1,8.0,8.096910013008056,1,517.7100000000002
O=C(Nc1cccc(Nc2cc3c(cc2Cl)C(=O)NC3=O)c1)c1cccc(OC(F)(F)F)c1,6.0,8.221848749616356,1,475.8100000000001
O=C(Nc1cccc(Nc2ccnc(NC(=O)C3CC3)c2)c1)c1ccc(C(F)(F)F)cc1,10000.0,5.0,0,440.42500000000007
O=C(Nc1cccc(Nc2ccnc(NC(=O)C3CC3)c2)c1)c1cccc(C(F)(F)F)c1,141.0,6.85078088734462,1,440.42500000000007
O=C(Nc1cccc(Nc2ccnc(NC(=O)C3CC3)c2)c1)c1cccc(C2CC2)c1,244.0,6.61261017366127,1,412.49300000000017
O=C(Nc1cccc(Nc2ccnc(NC(=O)C3CC3)c2)c1)c1cccc(Cl)c1,785.0,6.105130343254747,1,406.87300000000005
O=C(Nc1cccc(Nc2ccnc(NC(=O)C3CC3)c2)c1)c1cccc([N+](=O)[O-])c1,1512.0,5.820448208834812,0,417.4250000000001
O=C(Nc1cccc(Nc2ccnc(NC(=O)C3CC3)c2)c1)c1ccccc1C(F)(F)F,10000.0,5.0,0,440.42500000000007
O=C(Nc1cccc(Nc2ccnc(NC(=O)C3CCC3)c2)c1)c1cccc(C2CC2)c1,182.0,6.739928612014925,1,426.5200000000002
O=C(Nc1cccc(Nc2ccnc(NC(=O)C3CCCC3)c2)c1)c1cccc(C2CC2)c1,434.0,6.36251027048749,1,440.54700000000025
O=C(Nc1cccc(Nc2ccnc(NC(=O)C3CCCCC3)c2)c1)c1cccc(C2CC2)c1,563.0,6.249491605148654,1,454.5740000000003
O=C(Nc1cccc(Nc2ncccc2-c2ncnc3[nH]cnc23)c1)C1CC1,471.0,6.326979092871103,1,371.4040000000001
O=C(Nc1cccc(Nc2ncccc2-c2ncnc3[nH]cnc23)c1)Nc1ccc(Cl)c(C(F)(F)F)c1,12.0,7.920818753952375,1,524.8940000000001
O=C(Nc1cccc(Nc2ncccc2-c2ncnc3[nH]cnc23)c1)c1ccc(Cl)c(C(F)(F)F)c1,3.03,8.518557371497694,1,509.8790000000001
O=C(Nc1cccc(Nc2ncnc3cc(OCCCN4CCN(CCO)CC4)ccc23)c1)Nc1ccc(Cl)c(C(F)(F)F)c1,79.5,7.0996328713435295,1,644.0980000000004
O=C(Nc1cccc(Nc2ncnc3cc(OCCCN4CCOCC4)ccc23)c1)Nc1ccc(F)c(Cl)c1,57.0,7.2441251443275085,1,551.0220000000003
O=C(Nc1cccc(OC(F)(F)C(F)F)c1)c1cccc(Oc2cccc3[nH]c(=O)[nH]c23)c1,4120.0,5.3851027839668655,0,461.3710000000001
O=C(Nc1cccc(OC(F)(F)F)c1)Nc1ccc(Oc2ccnc(NC(=O)C3CC3)c2)c(F)c1,9.8,8.008773924307505,1,490.41300000000024
O=C(Nc1cccc(OC(F)(F)F)c1)Nc1ccc(Oc2ccnc(NC(=O)C3CC3)c2)cc1F,9.4,8.0268721464003,1,490.41300000000024
O=C(Nc1cccc(OC(F)(F)F)c1)c1cccc(Oc2cccc3[nH]c(=O)[nH]c23)c1,7324.0,5.135251664370341,0,429.3540000000001
O=C(Nc1cccc(Oc2ccc3nc(NC(=O)C4CC4)cn3n2)c1)c1cccc(F)c1,650.0,6.187086643357144,1,431.42700000000013
O=C(Nc1cccc(Oc2ccc3nc(NC(=O)C4CCOCC4)cn3n2)c1)c1cccc(C(F)(F)F)c1,1921.5,5.716359611199632,0,525.4870000000003
O=C(Nc1cccc(Oc2ccc3nccn3n2)c1)c1cccc(C(F)(F)F)c1,290.0,6.5376020021010435,1,398.34400000000005
O=C(Nc1cccc(Oc2ccc3nccnc3c2)c1)Nc1ccc(Cl)c(C(F)(F)F)c1,100.0,7.0,1,458.82700000000006
O=C(Nc1cccc(Oc2ccc3nccnc3c2)c1)Nc1cccc(C(F)(F)F)c1,100.0,7.0,1,424.38200000000006
O=C(Nc1cccc(Oc2ccc3nccnc3c2)c1)c1cccc(C(F)(F)F)c1,100.0,7.0,1,409.3670000000001
O=C(Nc1cccc(Oc2cccc3[nH]c(=O)[nH]c23)c1)Nc1cc(C(F)(F)F)ccc1F,6113.0,5.21374560421022,0,446.36000000000007
O=C(Nc1cccc(Oc2cccc3[nH]c(=O)[nH]c23)c1)Nc1cc(C(F)(F)F)ccc1N1CCOCC1,21370.0,4.6701954778359305,0,513.4760000000002
O=C(Nc1cccc(Oc2cccc3[nH]c(=O)[nH]c23)c1)Nc1ccc(Cl)c(C(F)(F)F)c1,5357.5,5.271037820286134,0,462.8150000000001
O=C(Nc1cccc(Oc2cccc3[nH]c(=O)[nH]c23)c1)Nc1ccc(F)c(F)c1,20060.0,4.697669071315601,0,396.35300000000007
O=C(Nc1cccc(Oc2cccc3[nH]c(=O)[nH]c23)c1)c1cc(Cl)cc(OC(F)(F)F)c1,7335.5,5.134570278570497,0,463.79900000000015
O=C(Nc1cccc(Oc2cccc3[nH]c(=O)[nH]c23)c1)c1cc(F)cc(N2CCOCC2)c1,10581.0,4.975473285612848,0,448.4540000000003
O=C(Nc1cccc(Oc2cccc3[nH]c(=O)[nH]c23)c1)c1cc(OC(F)(F)F)ccc1F,7521.5,5.123695540158281,0,447.3440000000001
O=C(Nc1cccc(Oc2cccc3[nH]c(=O)[nH]c23)c1)c1ccc(Cl)c(C(F)(F)F)c1,14062.0,4.851952906400665,0,447.8000000000001
O=C(Nc1cccc(Oc2cccc3[nH]c(=O)[nH]c23)c1)c1ccc(F)c(OC(F)(F)F)c1,13874.5,4.85778265873888,0,447.3440000000001
O=C(Nc1cccc(Oc2cccc3[nH]c(=O)[nH]c23)c1)c1ccc2c(c1)NSN2,100000.0,4.0,0,405.4390000000001
O=C(Nc1cccc(Oc2cccc3[nH]c(=O)[nH]c23)c1)c1ccc2sccc2c1,44000.0,4.356547323513812,0,401.4470000000001
O=C(Nc1cccc(Oc2cccc3[nH]c(=O)[nH]c23)c1)c1cccc(-n2cccc2)c1,10228.5,4.990188050499685,0,410.4330000000001
O=C(Nc1cccc(Oc2cccc3[nH]c(=O)[nH]c23)c1)c1cccc(-n2ccnc2)c1,55000.0,4.259637310505756,0,411.4210000000001
O=C(Nc1cccc(Oc2cccc3[nH]c(=O)[nH]c23)c1)c1cccc(Br)c1,50780.0,4.294307303462297,0,424.2540000000001
O=C(Nc1cccc(Oc2cccc3[nH]c(=O)[nH]c23)c1)c1cccc(N2CCCC2)c1,50057.5,4.300530843967039,0,414.46500000000026
O=C(Nc1cccc(Oc2cccc3[nH]c(=O)[nH]c23)c1)c1cccc(N2CCCCC2)c1,7723.5,5.112185849117084,0,428.4920000000003
O=C(Nc1cccc(Oc2cccc3[nH]c(=O)[nH]c23)c1)c1cccc(OC(F)(F)C(F)F)c1,2861.5,5.543406249755592,0,461.3710000000001
O=C(Nc1cccc(Oc2cccc3[nH]c(=O)[nH]c23)c1)c1cccc(OC(F)(F)F)c1,3787.0,5.421704694879174,0,429.3540000000001
O=C(Nc1cccc(Oc2cccc3[nH]c(=O)[nH]c23)c1)c1cccc(OC(F)(F)F)c1F,3357.5,5.4739839786592475,0,447.3440000000001
O=C(Nc1cccc(Oc2cccc3[nH]c(=O)[nH]c23)c1)c1cccc(SC(F)(F)F)c1,3242.5,5.489120015243882,0,445.4220000000001
O=C(Nc1cccc(Oc2cccc3[nH]c(=O)[nH]c23)c1)c1cccc2c1OCCCO2,100000.0,4.0,0,417.4210000000003
O=C(Nc1cccc(Oc2cccc3[nH]c(=O)[nH]c23)c1)c1cccc2c1OCCO2,100000.0,4.0,0,403.39400000000023
O=C(Nc1cccc(Oc2cccc3[nH]c(=O)[nH]c23)c1)c1cccc2ccccc12,14960.0,4.825068406471558,0,395.4180000000001
O=C(Nc1cccc(Oc2cccc3[nH]c(=O)[nH]c23)c1)c1ccccc1,62600.0,4.20342566678957,0,345.35800000000006
O=C(Nc1cccc(Oc2cccc3[nH]c(=O)[nH]c23)c1)c1ccccc1OC(F)(F)F,57400.0,4.241088107602026,0,429.3540000000001
O=C(Nc1cccc(Oc2cccc3[nH]c(=O)[nH]c23)c1)c1ccnc(Cl)c1,96500.0,4.015472686656207,0,380.79100000000005
O=C(Nc1cccc(Oc2cccc3[nH]c(=O)[nH]c23)c1)c1ccnc(N2CCSCC2)c1,19900.0,4.701146923590294,0,447.52000000000027
O=C(Nc1cccc(Oc2cccc3[nH]c(=O)[nH]c23)c1)c1ccnn1-c1ccccc1,96000.0,4.017728766960432,0,411.4210000000001
O=C(Nc1cccc(Oc2cccc3[nH]c(=O)[nH]c23)c1)c1cnn(-c2ccccc2)c1C(F)(F)F,69000.0,4.161150909262744,0,479.4180000000001
O=C(Nc1cccc(Oc2ccnc3[nH]c(=O)c(O)nc23)c1)c1cccc(OC(F)(F)F)c1,3312.0,5.479909671887158,0,458.3520000000001
O=C(Nc1cccc(Oc2ccnc3[nH]c(=O)cnc23)c1)Nc1cc(C(F)(F)F)ccc1F,5020.0,5.29929628285498,0,459.3590000000001
O=C(Nc1cccc(Oc2ccnc3[nH]c(=O)cnc23)c1)c1cccc(OC(F)(F)F)c1,2010.5,5.69669592256107,0,442.3530000000001
O=C(Nc1cccc(Oc2ccnc3ncc(=O)[nH]c23)c1)Nc1cc(C(F)(F)F)ccc1F,50052.5,4.300574225695365,0,459.3590000000001
O=C(Nc1cccc(Oc2ccnc3ncc(=O)[nH]c23)c1)c1cccc(OC(F)(F)F)c1,18653.0,4.729251309771251,0,442.3530000000001
O=C(Nc1cccc(SC(F)(F)F)c1)Nc1ccc(Oc2ccnc3[nH]c(=O)[nH]c23)cc1F,2078.5,5.682249971157766,0,479.41500000000013
O=C(Nc1cccc(SC(F)(F)F)c1)c1cccc(Oc2cccc3[nH]c(=O)[nH]c23)c1,6593.5,5.18088398947587,0,445.4220000000001
O=C(Nc1ccccc1)N(Cc1ccc(Br)cc1O)c1cc(-c2ccccc2)[nH]n1,190.0,6.721246399047171,1,463.33500000000004
O=C(Nc1ccccc1)N1CCN(c2nnc(Cc3ccccc3)c3ccccc23)CC1,9312.0,5.030957032694187,0,423.5200000000001
O=C(Nc1ccccc1)Nc1cc(CNc2ccccc2C(=O)Nc2ccc3c(c2)OC(F)(F)O3)ccn1,39.0,7.4089353929735005,1,517.4920000000002
O=C(Nc1ccccc1)Nc1ccc(Oc2ccnc3[nH]c(=O)[nH]c23)cc1,100000.0,4.0,0,361.36100000000005
O=C(Nc1ccccc1)Nc1cccc(-n2cc(-c3ccncc3)c(-c3cc(O)cc(Cl)c3)n2)c1,919.0,6.036684488613889,1,481.94300000000015
O=C(Nc1ccccc1)Nc1cccc(C(=O)Nc2cnc3[nH]ncc3c2)c1,5000.35,5.300999596114219,0,372.38800000000003
O=C(Nc1ccncn1)c1oc2cnccc2c1Nc1ccc2c(O)cccc2c1,1.4,8.853871964321762,1,397.3940000000001
O=C(Nc1cnc(Oc2ccnc(NC(=O)C3CC3)c2)c(Cl)c1)Nc1ccc(Cl)c(C(F)(F)F)c1,18.1,7.7423214251308154,1,526.3020000000001
O=C(Nc1cnc(Oc2ccnc(NC(=O)C3CC3)c2)c(F)c1)Nc1ccc(Cl)c(C(F)(F)F)c1,9.1,8.040958607678906,1,509.84700000000015
O=C(Nc1cnc2[nH]ccc2c1)c1c(F)ccc(NS(=O)(=O)C2CC2)c1F,99.0,7.00436480540245,1,392.38700000000017
O=C(Nc1cnc2[nH]ccc2c1)c1c(F)ccc(NS(=O)(=O)CC(F)(F)F)c1F,38.0,7.42021640338319,1,434.3460000000001
O=C(Nc1cnc2[nH]ccc2c1)c1c(F)ccc(NS(=O)(=O)CC2CC2)c1F,29.0,7.5376020021010435,1,406.4140000000002
O=C(Nc1cnc2[nH]ccc2c1)c1c(F)ccc(NS(=O)(=O)CCC(F)(F)F)c1F,33.0,7.481486060122112,1,448.37300000000016
O=C(Nc1cnc2[nH]ccc2c1)c1c(F)ccc(NS(=O)(=O)CCCF)c1F,19.0,7.721246399047171,1,412.3930000000002
O=C(Nc1cnc2[nH]ccc2c1)c1c(F)ccc(NS(=O)(=O)N2CCCC2)c1F,120.0,6.920818753952375,1,421.42900000000026
O=C(Nc1cnc2[nH]nc(C3CC3)c2c1)c1c(F)ccc(NS(=O)(=O)CCCF)c1Cl,25.8,7.58838029403677,1,469.9010000000002
O=C(Nc1nc2cc(C3(O)c4ccccc4C(=O)N3Cc3ccccc3)ccc2[nH]1)N1CCCCC1,1000.0,6.0,1,481.5560000000003
O=C(Nc1nc2cc(C3(O)c4ccccc4C(=O)N3Cc3ccccc3)ccc2[nH]1)N1CCOCC1,1000.0,6.0,1,483.5280000000003
O=C(Nc1nc2cc(C3(O)c4ccccc4C(=O)N3Cc3ccccc3)ccc2[nH]1)OC1CCCCC1,100.0,7.0,1,496.56700000000035
O=C(Nc1nc2cc(C3(O)c4ccccc4C(=O)N3Cc3ccccc3)ccc2[nH]1)OC1CCNCC1,100.0,7.0,1,497.5550000000003
O=C(Nc1nc2cc(C3(O)c4ccccc4C(=O)N3Cc3ccccc3)ccc2[nH]1)OCC(F)(F)F,100.0,7.0,1,496.44500000000016
O=C(Nc1nc2cc(C3(O)c4ccccc4C(=O)N3Cc3ccccc3)ccc2[nH]1)OCC(O)CO,100.0,7.0,1,488.5000000000002
O=C(Nc1nc2cc(C3(O)c4ccccc4C(=O)N3Cc3ccccc3)ccc2[nH]1)OCC1CC1,100.0,7.0,1,468.51300000000026
O=C(Nc1nc2cc(C3(O)c4ccccc4C(=O)N3Cc3ccccc3)ccc2[nH]1)OCC1CCCO1,100.0,7.0,1,498.5390000000003
O=C(Nc1nc2cc(C3(O)c4ccccc4C(=O)N3Cc3ccccc3)ccc2[nH]1)OCC1CCNCC1,100.0,7.0,1,511.58200000000033
O=C(Nc1nc2cc(C3(O)c4ccccc4C(=O)N3Cc3ccccc3)ccc2[nH]1)OCC1CCOC1,100.0,7.0,1,498.5390000000003
O=C(Nc1nc2cc(C3(O)c4ccccc4C(=O)N3Cc3ccccc3)ccc2[nH]1)OCCF,100.0,7.0,1,460.4650000000002
O=C(Nc1nc2cc(C3(O)c4ccccc4C(=O)N3Cc3ccccc3)ccc2[nH]1)OCc1ccccc1,100.0,7.0,1,504.5460000000002
O=C(Nc1nc2cc(C3(O)c4ccccc4C(=O)N3c3ccc(F)cc3)ccc2[nH]1)OCCN1CCCCC1,100.0,7.0,1,529.5720000000002
O=C(Nc1nc2cc(C3(O)c4ccccc4C(=O)N3c3cccc(Cl)c3F)ccc2[nH]1)C1CC1,100.0,7.0,1,476.89500000000015
O=C(Nc1nc2cc(C3(O)c4ccccc4C(=O)N3c3cccc(Cl)c3F)ccc2[nH]1)C1CCC1,100.0,7.0,1,490.9220000000002
O=C(Nc1nc2cc(C3(O)c4ccccc4C(=O)N3c3cccc(Cl)c3F)ccc2[nH]1)OC1CC(F)(F)C1(F)F,100.0,7.0,1,578.8810000000002
O=C(Nc1nc2cc(C3(O)c4ccccc4C(=O)N3c3cccc(Cl)c3F)ccc2[nH]1)OCCN1CCCCC1,100.0,7.0,1,564.0169999999999
O=C(Nc1nc2ccc(C3(O)c4ccccc4C(=O)N3Cc3ccccc3)cc2[nH]1)C1CC1(F)F,100.0,7.0,1,474.46700000000016
O=C(Nc1nc2ccc(C3(O)c4ccccc4C(=O)N3c3ccc(F)cc3)cc2[nH]1)OCCCN1CCCCC1,100.0,7.0,1,543.5990000000002
O=C(Nc1nc2ccc(C3(O)c4ccccc4C(=O)N3c3cccc(Cl)c3F)cc2[nH]1)C1CC1(F)F,100.0,7.0,1,512.8750000000001
O=C(Nc1nc2ccc(C3(O)c4ccccc4C(=O)N3c3cccc(Cl)c3F)cc2[nH]1)OC1CCC1,100.0,7.0,1,506.9210000000002
O=C(Nc1nc2ccc(C3(O)c4ccccc4C(=O)N3c3cccc(Cl)c3F)cc2[nH]1)OCC(F)(F)F,100.0,7.0,1,534.8530000000002
O=C(Nc1nc2ccc(C3(O)c4ccccc4C(=O)N3c3cccc(Cl)c3F)cc2[nH]1)OCC(F)F,100.0,7.0,1,516.8630000000002
O=C(Nc1nc2ccc(C3(O)c4ccccc4C(=O)N3c3cccc(Cl)c3F)cc2[nH]1)OCC1CC1,100.0,7.0,1,506.9210000000002
O=C(Nc1nc2ccc(C3(O)c4ccccc4C(=O)N3c3cccc(Cl)c3F)cc2[nH]1)OCC1CC2CCC(C1)N2,100.0,7.0,1,576.028
O=C(Nc1nc2ccc(C3(O)c4ccccc4C(=O)N3c3cccc(Cl)c3F)cc2[nH]1)OCC1CCC1,100.0,7.0,1,520.9480000000002
O=C(Nc1nc2ccc(C3(O)c4ccccc4C(=O)N3c3cccc(Cl)c3F)cc2[nH]1)OCC1CCCN2CCCCC12,100.0,7.0,1,604.0819999999999
O=C(Nc1nc2ccc(C3(O)c4ccccc4C(=O)N3c3cccc(Cl)c3F)cc2[nH]1)OCC1CCCO1,100.0,7.0,1,536.9470000000002
O=C(Nc1nc2ccc(C3(O)c4ccccc4C(=O)N3c3cccc(Cl)c3F)cc2[nH]1)OCCCN1CCCCC1,1000.0,6.0,1,578.0439999999999
O=C(Nc1nc2ccc(C3(O)c4ccccc4C(=O)N3c3cccc(Cl)c3F)cc2[nH]1)OCCF,100.0,7.0,1,498.87300000000016
O=C(Nc1nc2ccc(C3(O)c4ccccc4C(=O)N3c3cccc(Cl)c3F)cc2[nH]1)OCCN1C(=O)CCC1=O,100.0,7.0,1,577.956
O=C(Nc1nc2ccc(C3(O)c4ccccc4C(=O)N3c3cccc(Cl)c3F)cc2[nH]1)OCCN1CCCC1=O,100.0,7.0,1,563.9730000000001
O=C(Nc1nc2ccc(C3(O)c4ccccc4C(=O)N3c3cccc(Cl)c3F)cc2[nH]1)OCCN1CCOCC1,100.0,7.0,1,565.989
O=C(Nc1nc2ccc(C3c4ccccc4C(=O)N3c3cccc(Br)c3)cc2[nH]1)OCCN1CCCCC1,100.0,7.0,1,574.4789999999998
O=C(Nc1ncccn1)c1oc2cnccc2c1Nc1ccc(Cl)c(O)c1,1.6,8.795880017344075,1,381.7790000000001
O=C(O)CN1CCN(c2cc(-c3cnc4ccc(N5CCC[C@@H]5c5cccc(F)c5)nn34)ccn2)CC1,6200.0,5.207608310501746,0,501.5660000000003
O=C(O)Cc1cccc(Nc2cc(Oc3ccc(NC(=O)Nc4cccc(C(F)(F)F)c4)cc3)ncn2)c1,630.0,6.200659450546418,1,523.4710000000001
O=C(O)[C@H]1CCCN1C(=O)N1C2CCC1CC(c1ccnc3c(-c4cccc5[nH]ncc45)c(-c4ccncc4)nn13)C2,2.1,8.67778070526608,1,562.634
O=C(O)c1ccc(Nc2ccnc(SCC(=O)c3ccc(Cl)cc3)n2)cc1,370.0,6.431798275933005,1,399.8590000000001
O=C(c1[nH]nc2c1CCC2)N1N=C(c2cccnc2)CC1c1ccccc1O,178.5,6.748361779551788,1,373.4160000000001
O=C(c1c(F)ccc(NS(=O)(=O)C2CCC2)c1F)c1c[nH]c2ncncc12,10000.0,5.0,0,392.387
O=C(c1c(F)ccc(NS(=O)(=O)C2CCCC2)c1F)c1c[nH]c2ncncc12,10000.0,5.0,0,406.41400000000004
O=C(c1c(F)ccc(NS(=O)(=O)C2CCCCC2)c1F)c1c[nH]c2ncncc12,10000.0,5.0,0,420.4410000000001
O=C(c1c(F)ccc(NS(=O)(=O)CC(F)(F)F)c1F)c1c[nH]c2ncncc12,10000.0,5.0,0,420.319
O=C(c1c(F)ccc(NS(=O)(=O)CCC(F)(F)F)c1F)c1c[nH]c2ncncc12,10000.0,5.0,0,434.346
O=C(c1c(F)ccc(NS(=O)(=O)N2CCC(F)(F)C2)c1F)c1c[nH]c2ncc(-c3cnc(C4CC4)nc3)cc12,100.0,7.0,1,560.5330000000001
O=C(c1c(F)ccc(NS(=O)(=O)N2CCC(F)C2)c1F)c1c[nH]c2ncc(-c3cnc(C4CC4)nc3)cc12,100.0,7.0,1,542.5430000000002
O=C(c1c(F)ccc(NS(=O)(=O)N2CCCC2)c1F)c1c[nH]c2ncc(-c3cc(C(F)(F)F)ncn3)cc12,100.0,7.0,1,552.485
O=C(c1c(F)ccc(NS(=O)(=O)N2CCCC2)c1F)c1c[nH]c2ncc(-c3cc(N4CCOCC4)ncn3)cc12,100.0,7.0,1,569.5940000000002
O=C(c1c(F)ccc(NS(=O)(=O)N2CCCC2)c1F)c1c[nH]c2ncc(-c3ccc(Cl)cc3)cc12,100.0,7.0,1,516.9570000000001
O=C(c1c(F)ccc(NS(=O)(=O)N2CCCC2)c1F)c1c[nH]c2ncc(-c3ccnc(C4CC4)c3)cc12,100.0,7.0,1,523.5650000000002
O=C(c1c(F)ccc(NS(=O)(=O)N2CCCC2)c1F)c1c[nH]c2ncc(-c3ccnc(N4CCOCC4)n3)cc12,100.0,7.0,1,569.594
O=C(c1c(F)ccc(NS(=O)(=O)N2CCCC2)c1F)c1c[nH]c2ncc(-c3ccnc(OC4CCC4)c3)cc12,100.0,7.0,1,553.5910000000001
O=C(c1c(F)ccc(NS(=O)(=O)N2CCCC2)c1F)c1c[nH]c2ncc(-c3cnc(C4CC4)nc3)cc12,100.0,7.0,1,524.5530000000002
O=C(c1c(F)ccc(NS(=O)(=O)N2CCCC2)c1F)c1c[nH]c2ncc(-c3cnc(N4CCC(O)CC4)nc3)cc12,100.0,7.0,1,583.621
O=C(c1c(F)ccc(NS(=O)(=O)N2CCCC2)c1F)c1c[nH]c2ncc(-c3cnc(N4CCC4)nc3)cc12,100.0,7.0,1,539.5680000000002
O=C(c1c(F)ccc(NS(=O)(=O)N2CCCC2)c1F)c1c[nH]c2ncc(-c3cnc(N4CCNCC4)nc3)cc12,100.0,7.0,1,568.6100000000001
O=C(c1c(F)ccc(NS(=O)(=O)N2CCCC2)c1F)c1c[nH]c2ncc(-c3cnc(N4CCOCC4)nc3)cc12,100.0,7.0,1,569.5940000000002
O=C(c1c(F)ccc(NS(=O)(=O)N2CCCC2)c1F)c1c[nH]c2ncc(F)c(I)c12,100.0,7.0,1,550.3
O=C(c1c(F)ccc(NS(=O)(=O)N2CCCC2)c1F)c1c[nH]c2ncc(F)c(NCC3CC3)c12,100.0,7.0,1,493.5110000000002
O=C(c1c(F)ccc(NS(=O)(=O)N2CCCC2)c1F)c1c[nH]c2ncc(I)cc12,100.0,7.0,1,532.3100000000001
O=C(c1c(F)ccc(NS(=O)(=O)N2CCCC2)c1F)c1c[nH]c2ncncc12,10000.0,5.0,0,407.40200000000004
O=C(c1c(F)ccc(NS(=O)(=O)N2CCOCC2)c1F)c1c[nH]c2ncncc12,10000.0,5.0,0,423.4010000000001
O=C(c1c(F)ccc(NS(=O)(=O)N2CC[C@@H](F)C2)c1F)c1c[nH]c2ncc(-c3cnc(C4CC4)nc3)cc12,100.0,7.0,1,542.5430000000002
O=C(c1c(F)ccc(NS(=O)(=O)N2CC[C@H](F)C2)c1F)c1c[nH]c2ncc(-c3cnc(C4CC4)nc3)cc12,51.825,7.285460689234101,1,542.5430000000002
O=C(c1c(F)ccc(NS(=O)(=O)c2c(F)cccc2F)c1F)c1c[nH]c2ncc(Cl)cc12,100.0,7.0,1,483.8300000000001
O=C(c1c(F)ccc(NS(=O)(=O)c2c(F)cccc2F)c1F)c1c[nH]c2nccc(Cl)c12,55.0,7.259637310505756,1,483.8300000000001
O=C(c1c(F)ccc(NS(=O)(=O)c2c(F)cccc2F)c1F)c1c[nH]c2ncncc12,10000.0,5.0,0,450.37300000000005
O=C(c1c(F)ccc(NS(=O)(=O)c2cc(F)ccc2F)c1F)c1c[nH]c2ncc(Cl)cc12,10.0,8.0,1,483.8300000000001
O=C(c1c(F)ccc(NS(=O)(=O)c2cc(F)ccc2F)c1F)c1c[nH]c2nccc(Cl)c12,10.0,8.0,1,483.8300000000001
O=C(c1c(F)ccc(NS(=O)(=O)c2cc(F)ccc2F)c1F)c1c[nH]c2ncncc12,10000.0,5.0,0,450.37300000000005
O=C(c1c(F)ccc(NS(=O)(=O)c2ccc(C(F)(F)F)cc2)c1F)c1c[nH]c2nccnc12,10000.0,5.0,0,482.39000000000004
O=C(c1c(F)ccc(NS(=O)(=O)c2ccc(C(F)(F)F)cc2)c1F)c1c[nH]c2ncnc(Cl)c12,100.0,7.0,1,516.835
O=C(c1c(F)ccc(NS(=O)(=O)c2ccc(C(F)(F)F)cc2)c1F)c1c[nH]c2ncnc(N3CCCC3)c12,100.0,7.0,1,551.497
O=C(c1c(F)ccc(NS(=O)(=O)c2ccc(C(F)(F)F)cc2)c1F)c1c[nH]c2ncnc(N3CCOCC3)c12,100.0,7.0,1,567.496
O=C(c1c(F)ccc(NS(=O)(=O)c2ccc(C(F)(F)F)cc2)c1F)c1c[nH]c2ncnc(NC3CC3)c12,100.0,7.0,1,537.47
O=C(c1c(F)ccc(NS(=O)(=O)c2ccc(C(F)(F)F)cc2)c1F)c1c[nH]c2ncnc(NC3CCCC3)c12,100.0,7.0,1,565.5239999999999
O=C(c1c(F)ccc(NS(=O)(=O)c2ccc(C(F)(F)F)cc2)c1F)c1c[nH]c2ncnc(NC3CCOC3)c12,100.0,7.0,1,567.496
O=C(c1c(F)ccc(NS(=O)(=O)c2ccc(C(F)(F)F)cc2)c1F)c1c[nH]c2ncnc(NC3CCOCC3)c12,100.0,7.0,1,581.5229999999999
O=C(c1c(F)ccc(NS(=O)(=O)c2ccc(C(F)(F)F)cc2)c1F)c1c[nH]c2ncnc(NC3COC3)c12,100.0,7.0,1,553.4689999999999
O=C(c1c(F)ccc(NS(=O)(=O)c2ccc(C(F)(F)F)cc2)c1F)c1c[nH]c2ncnc(NCC3CC3)c12,100.0,7.0,1,551.497
O=C(c1c(F)ccc(NS(=O)(=O)c2ccc(C(F)(F)F)cc2)c1F)c1c[nH]c2ncnc(NCCO)c12,100.0,7.0,1,541.4580000000001
O=C(c1c(F)ccc(NS(=O)(=O)c2ccc(C(F)(F)F)cc2)c1F)c1c[nH]c2ncnc(Nc3ccccc3)c12,100.0,7.0,1,573.503
O=C(c1c(F)ccc(NS(=O)(=O)c2ccc(C(F)(F)F)cc2)c1F)c1c[nH]c2ncnc(O)c12,100.0,7.0,1,498.38900000000007
O=C(c1c(F)ccc(NS(=O)(=O)c2ccc(C(F)(F)F)cc2)c1F)c1c[nH]c2ncnc(OC3CCOCC3)c12,100.0,7.0,1,582.5069999999998
O=C(c1c(F)ccc(NS(=O)(=O)c2ccc(C(F)(F)F)cc2)c1F)c1c[nH]c2ncnc(OCC3CC3)c12,100.0,7.0,1,552.481
O=C(c1c(F)ccc(NS(=O)(=O)c2ccc(C(F)(F)F)cc2)c1F)c1c[nH]c2ncncc12,10000.0,5.0,0,482.39000000000004
O=C(c1c(F)ccc(NS(=O)(=O)c2ccc(F)cc2)c1F)c1c[nH]c2ncncc12,10000.0,5.0,0,432.3830000000001
O=C(c1c(F)ccc(NS(=O)(=O)c2ccc(F)cc2F)c1F)c1c[nH]c2ncncc12,10000.0,5.0,0,450.3730000000001
O=C(c1c(F)ccc(NS(=O)(=O)c2ccc(OC(F)F)cc2)c1F)c1c[nH]c2ncncc12,10000.0,5.0,0,480.39900000000006
O=C(c1c(F)ccc(NS(=O)(=O)c2cccc(F)c2)c1F)c1c[nH]c2nccc(Cl)c12,10.0,8.0,1,465.8400000000001
O=C(c1c(F)ccc(NS(=O)(=O)c2cccc(F)c2)c1F)c1c[nH]c2ncncc12,10000.0,5.0,0,432.3830000000001
O=C(c1c(F)ccc(NS(=O)(=O)c2cccc(OC(F)F)c2)c1F)c1c[nH]c2ncncc12,10000.0,5.0,0,480.39900000000006
O=C(c1c(F)ccc(NS(=O)(=O)c2ccccc2F)c1F)c1c[nH]c2nccc(Cl)c12,55.0,7.259637310505756,1,465.8400000000001
O=C(c1c(F)ccc(NS(=O)(=O)c2ccccc2F)c1F)c1c[nH]c2ncncc12,10000.0,5.0,0,432.3830000000001
O=C(c1c(F)ccc(NS(=O)(=O)c2ccccn2)c1F)c1c[nH]c2ncncc12,10000.0,5.0,0,415.3810000000001
O=C(c1c(F)ccc(NS(=O)(=O)c2cccnc2)c1F)c1c[nH]c2ncc(Cl)cc12,10.0,8.0,1,448.83800000000014
O=C(c1c(F)ccc(NS(=O)(=O)c2cccnc2)c1F)c1c[nH]c2nccc(Cl)c12,10.0,8.0,1,448.83800000000014
O=C(c1cc(-c2ccc(Cl)cc2)cs1)N1N=C(c2cccnc2)CC1c1ccccc1O,216.0,6.665546248849069,1,459.9580000000002
O=C(c1cc(-c2ccc3c(c2)Cc2cn[nH]c2-3)c(-c2ccncc2)o1)N1CCNCC1,1875.0,5.726998727936262,0,411.4650000000002
O=C(c1cc(-c2ccc3c(c2)Cc2cn[nH]c2-3)c(-c2ccncc2)o1)N1CCOCC1,1495.0,5.825358807339551,0,412.44900000000024
O=C(c1cc(-c2ccc3c(c2)OCCO3)n[nH]1)N1N=C(c2cccnc2)CC1c1ccccc1O,125.35,6.901875661705764,1,467.4850000000002
O=C(c1cc(-c2ccc3c(c2)OCO3)on1)N1N=C(c2cccnc2)CC1c1ccccc1O,304.3,6.516698047641833,1,454.4420000000002
O=C(c1cc(-c2ccccc2)no1)N1N=C(c2cccnc2)CC1c1ccccc1O,554.0,6.2564902352715706,1,410.4330000000001
O=C(c1cc(-c2ccccc2)on1)N1N=C(c2cccnc2)CC1c1ccccc1O,409.0,6.388276691992658,1,410.4330000000001
O=C(c1cc(-c2ccccc2O)on1)N1N=C(c2cccnc2)CC1c1ccccc1O,72.15,7.141763664570487,1,426.43200000000013
O=C(c1cc(-c2ccco2)on1)N1N=C(c2cccnc2)CC1c1ccccc1O,487.8,6.311758204022288,1,400.3940000000001
O=C(c1cc(-c2cccs2)n[nH]1)N1N=C(c2cccnc2)CC1c1ccccc1O,210.15,6.677470605658544,1,415.4780000000001
O=C(c1cc(F)cc(C(F)(F)F)c1)N1N=C(c2cccnc2)CC1c1ccccc1O,4805.0,5.318306607995436,0,429.3730000000001
O=C(c1cc2c(s1)CCC2)N1N=C(c2cccnc2)CC1c1ccccc1O,463.45,6.333997113505279,1,389.48000000000013
O=C(c1ccc(-c2ccc(CO)cc2)s1)N1N=C(c2cccnc2)CC1c1ccccc1O,72.5,7.139661993429006,1,455.53900000000016
O=C(c1ccc(-c2ccc(Cl)cc2)s1)N1N=C(c2cccnc2)CC1c1ccccc1O,140.0,6.853871964321762,1,459.9580000000002
O=C(c1ccc(-c2ccc3c(c2)CCNC3)s1)N1N=C(c2cccnc2)CC1c1c(O)cccc1F,18.5,7.732828271596986,1,498.58300000000014
O=C(c1ccc(-c2ccc3c(c2)CCNC3)s1)N1N=C(c2cccnc2)CC1c1ccccc1O,13.0,7.886056647693163,1,480.59300000000013
O=C(c1ccc(-c2ccc3c(c2)CNC3)s1)N1N=C(c2cccnc2)CC1c1c(O)cccc1F,31.0,7.508638306165727,1,484.55600000000015
O=C(c1ccc(-c2ccc3c(c2)CNC3)s1)N1N=C(c2cccnc2)CC1c1ccccc1O,11.5,7.939302159646388,1,466.56600000000014
O=C(c1ccc(-c2ccc3c(c2)CNC3)s1)N1N=C(c2cncc(CO)c2)CC1c1c(O)cccc1F,61.5,7.211124884224583,1,514.5820000000002
O=C(c1ccc(-c2ccc3c(c2)CNCC3)s1)N1N=C(c2cccnc2)CC1c1c(O)cccc1F,12.0,7.920818753952375,1,498.58300000000014
O=C(c1ccc(-c2ccc3c(c2)CNCC3)s1)N1N=C(c2cccnc2)CC1c1ccccc1O,14.5,7.838631997765025,1,480.59300000000013
O=C(c1ccc(-c2cccc(CN3CCCC3)c2)s1)N1N=C(c2cccnc2)CC1c1c(O)cccc1F,24.5,7.610833915635467,1,526.6370000000002
O=C(c1ccc(-c2cccc(CN3CCCC3)c2)s1)N1N=C(c2cccnc2)CC1c1ccccc1O,58.0,7.236572006437063,1,508.6470000000001
O=C(c1ccc(-c2cccc3c2CCNC3)s1)N1N=C(c2cccnc2)CC1c1c(O)cccc1F,180.0,6.7447274948966935,1,498.58300000000014
O=C(c1ccc(-c2ccccc2)[nH]1)N1N=C(c2cccnc2)CC1c1ccccc1O,570.75,6.243554079837727,1,408.4610000000001
O=C(c1ccc(-c2ccccc2)o1)N1N=C(c2cccnc2)CC1c1ccccc1O,858.0,6.066512712151295,1,409.4450000000001
O=C(c1ccc(-c2ccccn2)s1)N1N=C(c2cccnc2)CC1c1c(O)cccc1F,42.5,7.371611069949688,1,444.49100000000016
O=C(c1ccc(-c2ccccn2)s1)N1N=C(c2cccnc2)CC1c1cc(F)ccc1O,343.5,6.464073258604431,1,444.49100000000016
O=C(c1ccc(-c2ccccn2)s1)N1N=C(c2cccnc2)CC1c1ccc(F)cc1O,705.5,6.151502981909633,1,444.49100000000016
O=C(c1ccc(-c2ccccn2)s1)N1N=C(c2cccnc2)CC1c1cccc(F)c1O,706.5,6.150887833815423,1,444.49100000000016
O=C(c1ccc(-c2ccccn2)s1)N1N=C(c2cccnc2)CC1c1cccc(O)c1,12835.0,4.891604126992537,0,426.50100000000015
O=C(c1ccc(-c2ccccn2)s1)N1N=C(c2cccnc2)CC1c1ccccc1,799.0,6.097453220686009,1,410.5020000000001
O=C(c1ccc(-c2ccccn2)s1)N1N=C(c2cccnc2)CC1c1ccccc1O,2420.5,5.616094913023091,0,426.50100000000015
O=C(c1ccc(-c2ccccn2)s1)N1N=C(c2cncc(CO)c2)CC1c1ccccc1O,21.0,7.6777807052660805,1,456.5270000000002
O=C(c1ccc(-c2cccnc2)s1)N1N=C(c2cccnc2)CC1c1ccccc1O,2244.5285714285715,5.648874861933171,0,426.50100000000015
O=C(c1ccc(Br)o1)N1N=C(c2cccnc2)CC1c1ccccc1O,703.95,6.152458186731824,1,412.2430000000001
O=C(c1ccc(C(F)(F)F)c(F)c1)N1N=C(c2cccnc2)CC1c1ccccc1O,660.0,6.180456064458132,1,429.3730000000001
O=C(c1ccc(Cl)cc1)N1CCN(c2nnc(Cc3ccccc3)c3ccccc23)CC1,1482.0,5.82915179635669,0,442.9500000000002
O=C(c1ccc(F)c(C(F)(F)F)c1)N1N=C(c2cccnc2)CC1c1ccccc1O,2000.0,5.698970004336019,0,429.3730000000001
O=C(c1ccc(F)c(F)c1Nc1ccc(I)cc1F)N1CC(O)([C@@H]2CCCCN2)C1,6667.266666666666,5.176052174311097,0,531.3160000000003
O=C(c1ccc(F)cc1C(F)(F)F)N1N=C(c2cccnc2)CC1c1ccccc1O,10000.0,5.0,0,429.3730000000001
O=C(c1ccc([N+](=O)[O-])o1)N1N=C(c2cccnc2)CC1c1ccccc1O,130.0,6.886056647693163,1,378.3440000000001
O=C(c1ccc[nH]1)N1N=C(c2cccnc2)CC1c1ccccc1O,1011.3,5.995119992759365,0,332.36300000000006
O=C(c1cccc(-n2cccn2)c1)N1N=C(c2cccnc2)CC1c1ccccc1O,4371.0,5.359419193510347,0,409.4490000000001
O=C(c1cccc(-n2cnnn2)c1)N1N=C(c2cccnc2)CC1c1ccccc1O,5014.0,5.299815670377802,0,411.4250000000001
O=C(c1cccc(C(F)(F)F)c1F)N1N=C(c2cccnc2)CC1c1ccccc1O,10000.0,5.0,0,429.3730000000001
O=C(c1cccc(NS(=O)(=O)C2CCC2)c1F)c1c[nH]c2ncncc12,10000.0,5.0,0,374.39700000000005
O=C(c1cccc(NS(=O)(=O)C2CCCC2)c1F)c1c[nH]c2ncncc12,10000.0,5.0,0,388.42400000000004
O=C(c1cccc(NS(=O)(=O)C2CCCCC2)c1F)c1c[nH]c2ncncc12,10000.0,5.0,0,402.451
O=C(c1cccc(NS(=O)(=O)CC(F)(F)F)c1F)c1c[nH]c2ncncc12,10000.0,5.0,0,402.329
O=C(c1cccc(NS(=O)(=O)N2CCCC2)c1F)c1c[nH]c2ncc(-c3cc(N4CCOCC4)ncn3)cc12,100.0,7.0,1,551.6040000000003
O=C(c1cccc(NS(=O)(=O)N2CCCC2)c1F)c1c[nH]c2ncc(-c3ccc(C(F)(F)F)nc3)cc12,100.0,7.0,1,533.5070000000001
O=C(c1cccc(NS(=O)(=O)N2CCCC2)c1F)c1c[nH]c2ncc(-c3ccc(C4(C(=O)O)CC4)cc3)cc12,100.0,7.0,1,548.5960000000002
O=C(c1cccc(NS(=O)(=O)N2CCCC2)c1F)c1c[nH]c2ncc(-c3ccc(F)cc3)cc12,100.0,7.0,1,482.5120000000001
O=C(c1cccc(NS(=O)(=O)N2CCCC2)c1F)c1c[nH]c2ncc(-c3ccccc3)cc12,100.0,7.0,1,464.5220000000001
O=C(c1cccc(NS(=O)(=O)N2CCCC2)c1F)c1c[nH]c2ncc(-c3cccnc3)cc12,100.0,7.0,1,465.5100000000001
O=C(c1cccc(NS(=O)(=O)N2CCCC2)c1F)c1c[nH]c2ncc(-c3ccncc3)cc12,100.0,7.0,1,465.5100000000001
O=C(c1cccc(NS(=O)(=O)N2CCCC2)c1F)c1c[nH]c2ncc(-c3cnc(C4CC4)nc3)cc12,100.0,7.0,1,506.5630000000002
O=C(c1cccc(NS(=O)(=O)N2CCCC2)c1F)c1c[nH]c2ncc(-c3cnc(N4CCCC4)nc3)cc12,100.0,7.0,1,535.6050000000002
O=C(c1cccc(NS(=O)(=O)N2CCCC2)c1F)c1c[nH]c2ncc(-c3cnc(N4CCOCC4)nc3)cc12,100.0,7.0,1,551.6040000000003
O=C(c1cccc(NS(=O)(=O)N2CCCC2)c1F)c1c[nH]c2ncc(-c3cnc(NC4CC4)nc3)cc12,100.0,7.0,1,521.5780000000002
O=C(c1cccc(NS(=O)(=O)N2CCCC2)c1F)c1c[nH]c2ncc(C3CC3)cc12,100.0,7.0,1,428.48900000000015
O=C(c1cccc(NS(=O)(=O)N2CCCC2)c1F)c1c[nH]c2ncncc12,10000.0,5.0,0,389.41200000000003
O=C(c1cccc(NS(=O)(=O)N2CCOCC2)c1F)c1c[nH]c2ncncc12,10000.0,5.0,0,405.41100000000006
O=C(c1cccc(NS(=O)(=O)N2CC[C@@H](F)C2)c1F)c1c[nH]c2ncc(-c3cnc(C4CC4)nc3)cc12,100.0,7.0,1,524.5530000000002
O=C(c1cccc(NS(=O)(=O)c2c(F)cccc2F)c1F)c1c[nH]c2ncncc12,10000.0,5.0,0,432.3830000000001
O=C(c1cccc(NS(=O)(=O)c2cc(F)ccc2F)c1F)c1c[nH]c2ncncc12,10000.0,5.0,0,432.3830000000001
O=C(c1cccc(NS(=O)(=O)c2ccc(C(F)(F)F)cc2)c1F)c1c[nH]c2nccnc12,10000.0,5.0,0,464.4000000000001
O=C(c1cccc(NS(=O)(=O)c2ccc(C(F)(F)F)cc2)c1F)c1c[nH]c2ncncc12,10000.0,5.0,0,464.4000000000001
O=C(c1cccc(NS(=O)(=O)c2ccc(F)cc2)c1F)c1c[nH]c2ncncc12,10000.0,5.0,0,414.3930000000001
O=C(c1cccc(NS(=O)(=O)c2ccc(F)cc2F)c1F)c1c[nH]c2ncncc12,10000.0,5.0,0,432.3830000000001
O=C(c1cccc(NS(=O)(=O)c2cccc(F)c2)c1F)c1c[nH]c2ncncc12,10000.0,5.0,0,414.3930000000001
O=C(c1cccc(NS(=O)(=O)c2ccccc2F)c1F)c1c[nH]c2ncncc12,10000.0,5.0,0,414.3930000000001
O=C(c1cccc(NS(=O)(=O)c2cccnc2)c1F)c1c[nH]c2ncncc12,10000.0,5.0,0,397.3910000000001
O=C(c1cccc(Oc2ccccc2)c1)N1N=C(c2cccnc2)CC1c1ccccc1O,156.0,6.806875401645538,1,435.4830000000002
O=C(c1cccc2c(F)cccc12)N1N=C(c2cccnc2)CC1c1ccccc1O,10000.0,5.0,0,411.43600000000015
O=C(c1ccccc1)N1CCN(c2nnc(Cc3ccccc3)c3ccccc23)CC1,7821.0,5.1067377141120085,0,408.5050000000001
O=C(c1ccccc1-c1ccc(F)cc1)N1N=C(c2cccnc2)CC1c1ccccc1O,10000.0,5.0,0,437.4740000000001
O=C(c1ccccc1Oc1ccccc1)N1N=C(c2cccnc2)CC1c1ccccc1O,10000.0,5.0,0,435.4830000000001
O=C(c1ccco1)N1N=C(c2cccnc2)CC1c1ccccc1O,1000.0,6.0,1,333.34700000000004
O=C(c1cccs1)N1N=C(c2cccnc2)CC1c1ccccc1O,513.7333333333333,6.289262254378699,1,349.4150000000001
O=C(c1cn2c(n1)sc1ccccc12)N1N=C(c2cccnc2)CC1c1ccccc1O,35.05,7.455311977697322,1,439.50000000000017
O=C(c1cncc(-c2cccs2)c1)N1N=C(c2cccnc2)CC1c1ccccc1O,5130.0,5.289882634888183,0,426.50100000000015
O=C1C(Sc2ncn[nH]2)=C/C(=N\S(=O)(=O)c2cccs2)c2ccccc21,210.0,6.6777807052660805,1,402.4820000000001
O=C1CC(c2cccc(NC(=O)c3ccc(Cl)c(C(F)(F)F)c3)c2)=Nc2cnn(Cc3ccccc3)c2N1,655.2,6.183626111247638,1,537.9290000000001
O=C1CCC(=O)N1c1ccc(F)c(S(=O)(=O)Nc2cc(Sc3ncn[nH]3)c(O)c3ccccc23)c1F,675.0,6.170696227168975,1,531.5220000000002
O=C1CCc2c(Oc3cc4c(cc3Cl)OC3C(c5nc6ccc(C(F)(F)F)cc6[nH]5)C43)ccnc2N1,117.0,6.931814138253839,1,512.8750000000001
O=C1CCc2c(Oc3ccc4c(c3)C3C(C4)C3C(=O)Nc3ccccc3S)ccnc2N1,88.0,7.055517327849832,1,443.528
O=C1CCc2c(Oc3ccc4c(c3)C3C(C4)C3C(=O)O)ccnc2N1,5000.0,5.301029995663981,0,336.347
O=C1CCc2c(Oc3ccc4c(c3)C3C(C4)C3c3nc4ccc(C(F)(F)F)cc4[nH]3)ccnc2N1,72.0,7.142667503568732,1,476.4580000000001
O=C1CCc2c(Oc3ccc4c(c3)C3C(C4)C3c3nc4ccccc4[nH]3)ccnc2N1,11.0,7.958607314841775,1,408.46100000000007
O=C1CCc2c(Oc3ccc4c(c3)C3C(C4)C3c3nc4ccccc4s3)ccnc2N1,88.0,7.055517327849832,1,425.5130000000001
O=C1CCc2c(Oc3ccc4c(c3)C3C(O4)C3C(=O)O)ccnc2N1,5000.0,5.301029995663981,0,338.319
O=C1CCc2c(Oc3ccc4c(c3)C3C(O4)C3C(=O)OCC(=O)c3ccccc3)ccnc2N1,0.72,9.142667503568731,1,456.4540000000002
O=C1CCc2c(Oc3ccc4c(c3)C3C(O4)C3c3nc(-c4ccccc4)c[nH]3)ccnc2N1,0.72,9.142667503568731,1,436.47100000000006
O=C1CCc2c(Oc3ccc4c(c3)C3C(O4)C3c3nc(-c4ccccc4)no3)ccnc2N1,3.2000000000000006,8.494850021680094,1,438.4430000000001
O=C1CCc2c(Oc3ccc4c(c3)C3C(O4)C3c3nc(-c4ccccc4Cl)c[nH]3)ccnc2N1,3.2999999999999994,8.481486060122112,1,470.91600000000005
O=C1CCc2c(Oc3ccc4c(c3)C3C(O4)C3c3nc(-c4ccncc4)c[nH]3)ccnc2N1,3.7000000000000006,8.431798275933005,1,437.45900000000006
O=C1CCc2c(Oc3ccc4c(c3)C3C(O4)C3c3nc(C(F)(F)F)c[nH]3)ccnc2N1,6.0,8.221848749616356,1,428.37
O=C1CCc2c(Oc3ccc4c(c3)C3C(O4)C3c3nc4c(Cl)cc(C(F)(F)F)cc4[nH]3)ccnc2N1,80.0,7.096910013008056,1,512.8750000000001
O=C1CCc2c(Oc3ccc4c(c3)C3C(O4)C3c3nc4cc(C(F)(F)F)ccc4n3CCO)ccnc2N1,30.0,7.522878745280337,1,522.4830000000002
O=C1CCc2c(Oc3ccc4c(c3)C3C(O4)C3c3nc4cc(Cl)c(C(F)(F)F)cc4[nH]3)ccnc2N1,19.0,7.721246399047171,1,512.8750000000001
O=C1CCc2c(Oc3ccc4c(c3)C3C(O4)C3c3nc4cc(Cl)c(Cl)cc4[nH]3)ccnc2N1,32.0,7.494850021680094,1,479.32300000000015
O=C1CCc2c(Oc3ccc4c(c3)C3C(O4)C3c3nc4cc(Cl)c(F)cc4[nH]3)ccnc2N1,5.400000000000001,8.267606240177031,1,462.8680000000001
O=C1CCc2c(Oc3ccc4c(c3)C3C(O4)C3c3nc4cc(F)c(F)cc4[nH]3)ccnc2N1,5.900000000000001,8.229147988357855,1,446.41300000000007
O=C1CCc2c(Oc3ccc4c(c3)C3C(O4)C3c3nc4cc5c(cc4[nH]3)CCC5)ccnc2N1,1.2,8.920818753952375,1,450.4980000000002
O=C1CCc2c(Oc3ccc4c(c3)C3C(O4)C3c3nc4ccc(-c5ccccc5)cc4[nH]3)ccnc2N1,232.0,6.634512015109101,1,486.5310000000001
O=C1CCc2c(Oc3ccc4c(c3)C3C(O4)C3c3nc4ccc(Br)cc4[nH]3)ccnc2N1,63.4,7.1979107421182675,1,489.32900000000006
O=C1CCc2c(Oc3ccc4c(c3)C3C(O4)C3c3nc4ccc(C(F)(F)F)cc4[nH]3)ccnc2N1,7.2,8.142667503568731,1,478.43000000000006
O=C1CCc2c(Oc3ccc4c(c3)C3C(O4)C3c3nc4ccc(Cl)cc4[nH]3)ccnc2N1,12.0,7.920818753952375,1,444.8780000000001
O=C1CCc2c(Oc3ccc4c(c3)C3C(O4)C3c3nc4ccc(F)cc4[nH]3)ccnc2N1,10.0,8.0,1,428.42300000000006
O=C1CCc2c(Oc3ccc4c(c3)C3C(O4)C3c3nc4ccc(O)cc4[nH]3)ccnc2N1,2.5,8.602059991327963,1,426.4320000000001
O=C1CCc2c(Oc3ccc4c(c3)C3C(O4)C3c3nc4ccc(OC(F)(F)F)cc4[nH]3)ccnc2N1,28.0,7.552841968657781,1,494.4290000000001
O=C1CCc2c(Oc3ccc4c(c3)C3C(O4)C3c3nc4cccc(C(F)(F)F)c4[nH]3)ccnc2N1,89.0,7.050609993355087,1,478.43000000000006
O=C1CCc2c(Oc3ccc4c(c3)C3C(O4)C3c3nc4cccc(Cl)c4[nH]3)ccnc2N1,16.0,7.795880017344075,1,444.8780000000001
O=C1CCc2c(Oc3ccc4c(c3)C3C(O4)C3c3nc4cccc(F)c4[nH]3)ccnc2N1,11.0,7.958607314841775,1,428.42300000000006
O=C1CCc2c(Oc3ccc4c(c3)C3C(O4)C3c3nc4ccccc4[nH]3)ccnc2N1,3.1,8.508638306165727,1,410.43300000000005
O=C1CCc2c(Oc3ccc4c(c3)C3C(O4)C3c3nc4ccncc4[nH]3)ccnc2N1,42.0,7.376750709602099,1,411.42100000000005
O=C1CCc2c(Oc3ccc4c(c3)C=C(c3nc(-c5ccccc5)c[nH]3)CO4)ccnc2N1,52.0,7.2839966563652006,1,436.47100000000006
O=C1CCc2c(Oc3ccc4c(c3)CC(c3cc(-c5ccccc5)[nH]n3)CO4)ccnc2N1,4.0,8.397940008672037,1,438.4870000000001
O=C1CCc2c(Oc3ccc4c(c3)CC(c3nc(-c5ccccc5)c[nH]3)CO4)ccnc2N1,2.6166666666666667,8.58225159797441,1,438.4870000000001
O=C1CCc2c(Oc3ccc4c(c3)CC(c3nc(-c5ccccc5)no3)CO4)ccnc2N1,52.0,7.2839966563652006,1,440.4590000000001
O=C1CCc2c(Oc3ccc4c(c3)CC(c3nc(-c5cccs5)c[nH]3)CO4)ccnc2N1,2.55,8.593459819566045,1,444.5160000000001
O=C1CCc2c(Oc3ccc4c(c3)CC(c3nc(-c5ccncc5)c[nH]3)CO4)ccnc2N1,4.0,8.397940008672037,1,439.4750000000001
O=C1CCc2c(Oc3ccc4c(c3)CC(c3nc(-c5ccsc5)c[nH]3)CO4)ccnc2N1,2.5,8.602059991327963,1,444.5160000000001
O=C1CCc2c(Oc3ccc4c(c3)CC(c3nc(-c5coc6ccccc56)c[nH]3)CO4)ccnc2N1,4.0,8.397940008672037,1,478.50800000000015
O=C1CCc2c(Oc3ccc4c(c3)CC(c3nc5cccc(Cl)c5[nH]3)CO4)ccnc2N1,52.0,7.2839966563652006,1,446.89400000000006
O=C1CCc2c(Oc3ccc4c(c3)CC(c3nc5ccccc5[nH]3)CO4)ccnc2N1,4.0,8.397940008672037,1,412.44900000000007
O=C1CCc2c(Oc3ccc4c(c3)CC(c3ncc(-c5ccc(F)cc5)[nH]3)CO4)ccnc2N1,4.0,8.397940008672037,1,456.4770000000001
O=C1CCc2c(Oc3ccc4c(c3)CC(c3ncc(-c5ccc6c(c5)OCCO6)[nH]3)CO4)ccnc2N1,52.0,7.2839966563652006,1,496.52300000000025
O=C1CCc2c(Oc3ccc4c(c3)CC(c3ncc(-c5ccc6c(c5)OCO6)[nH]3)CO4)ccnc2N1,4.0,8.397940008672037,1,482.4960000000002
O=C1CCc2c(Oc3ccc4c(c3)CC(c3ncc(-c5cccc(Cl)c5)[nH]3)CO4)ccnc2N1,4.0,8.397940008672037,1,472.93200000000013
O=C1CCc2c(Oc3ccc4c(c3)CC(c3ncc(-c5ccccc5Cl)[nH]3)CO4)ccnc2N1,4.0,8.397940008672037,1,472.93200000000013
O=C1CCc2c(Oc3ccc4c(c3)CC(c3ncc(-c5cccnc5)[nH]3)CO4)ccnc2N1,4.0,8.397940008672037,1,439.4750000000001
O=C1CCc2c(Oc3ccc4c(c3)C[C@H](NC(=O)c3cc(-c5cc[nH]n5)cc(C(F)(F)F)c3)CC4)ccnc2N1,65.25,7.185419483989682,1,547.537
O=C1CCc2c(Oc3ccc4c(c3)C[C@H](NC(=O)c3cc(-c5cn[nH]c5)cc(C(F)(F)F)c3)CC4)ccnc2N1,28.95,7.538351431936545,1,547.537
O=C1CCc2c(Oc3ccc4c(c3)C[C@H](NC(=O)c3cc(-c5cnc[nH]5)cc(C(F)(F)F)c3)CC4)ccnc2N1,20.0,7.698970004336019,1,547.537
O=C1CCc2c(Oc3ccc4c(c3)C[C@H](NC(=O)c3cc(C(F)(F)F)cc(C5(O)CNC5)c3)CC4)ccnc2N1,428.1,6.36845477216569,1,552.5530000000001
O=C1CCc2c(Oc3ccc4c(c3)C[C@H](NC(=O)c3cc(CN5CCOCC5CO)cc(C(F)(F)F)c3)CC4)ccnc2N1,129.0,6.889410289700751,1,610.633
O=C1CCc2c(Oc3ccc4c(c3)C[C@H](NC(=O)c3cccc(C(F)(F)F)c3)CC4)ccnc2N1,245.05,6.610745293151352,1,481.4740000000001
O=C1CCc2c(Oc3ccc4c(c3)O[C@@H](c3nc(-c5ccccc5)c[nH]3)CO4)ccnc2N1,4.0,8.397940008672037,1,440.45900000000006
O=C1CCc2c(Oc3ccc4c(c3)O[C@H](c3nc(-c5ccccc5)c[nH]3)CO4)ccnc2N1,4.0,8.397940008672037,1,440.45900000000006
O=C1CCc2c(Oc3ccc4c(c3)[C@@H]3C(c5nc6cc(Cl)c(C(F)(F)F)cc6[nH]5)[C@@H]3O4)ccnc2N1,126.0,6.899629454882437,1,512.8750000000001
O=C1CCc2c(Oc3ccc4c(c3)[C@@H]3C(c5nc6cc(Cl)c(Cl)cc6[nH]5)[C@@H]3O4)ccnc2N1,11.0,7.958607314841775,1,479.32300000000015
O=C1CCc2c(Oc3ccc4c(c3)[C@@H]3C(c5nc6ccc(C(F)(F)F)cc6[nH]5)[C@@H]3O4)ccnc2N1,53.0,7.275724130399211,1,478.43000000000006
O=C1CCc2c(Oc3ccc4c(c3)[C@@H]3[C@@H](NC(=O)Nc5cc(C(F)(F)F)ccn5)[C@@H]3O4)ccnc2N1,1900.0,5.721246399047171,0,497.4330000000001
O=C1CCc2c(Oc3ccc4c(c3)[C@@H]3[C@@H](NC(=O)Nc5cccc(C(F)(F)F)c5)[C@@H]3O4)ccnc2N1,3000.0,5.522878745280337,0,496.4450000000001
O=C1CCc2c(Oc3ccc4c(c3)[C@@H]3[C@H](O4)[C@H]3c3nc4cc(C(F)(F)F)ccc4[nH]3)ccnc2N1,43.0,7.366531544420414,1,478.43000000000006
O=C1CCc2c(Oc3ccc4c(c3)[C@@H]3[C@H](O4)[C@H]3c3nc4cc(Cl)c(C(F)(F)F)cc4[nH]3)ccnc2N1,126.0,6.899629454882437,1,512.8750000000001
O=C1CCc2c(Oc3ccc4c(c3)[C@@H]3[C@H](O4)[C@H]3c3nc4cc(Cl)c(Cl)cc4[nH]3)ccnc2N1,21.5,7.667561540084395,1,479.32300000000015
O=C1CCc2c(Oc3ccc4c(c3)[C@H]3C(NC(=O)NCc5ccc(F)cc5C(F)(F)F)[C@H]3O4)ccnc2N1,3400.0,5.468521082957745,0,528.4620000000001
O=C1CCc2c(Oc3ccc4c(c3)[C@H]3C(c5nc6cc(Cl)c(C(F)(F)F)cc6[nH]5)[C@H]3O4)ccnc2N1,11.0,7.958607314841775,1,512.8750000000001
O=C1CCc2c(Oc3ccc4c(c3)[C@H]3C(c5nc6cc(Cl)c(Cl)cc6[nH]5)[C@H]3O4)ccnc2N1,32.0,7.494850021680094,1,479.32300000000015
O=C1CCc2c(Oc3ccc4c(c3)[C@H]3C(c5nc6ccc(C(F)(F)F)cc6[nH]5)[C@H]3O4)ccnc2N1,6.7,8.173925197299173,1,478.43000000000006
O=C1CCc2c(Oc3ccc4c(c3)[C@H]3[C@@H](O4)[C@@H]3c3nc4cc(Cl)c(C(F)(F)F)cc4[nH]3)ccnc2N1,11.0,7.958607314841775,1,512.8750000000001
O=C1CCc2c(Oc3ccc4c(c3)[C@H]3[C@@H](O4)[C@@H]3c3nc4cc(Cl)c(Cl)cc4[nH]3)ccnc2N1,21.5,7.667561540084395,1,479.32300000000015
O=C1CCc2c(Oc3ccc4c(c3)[C@H]3[C@@H](O4)[C@@H]3c3nc4ccc(C(F)(F)F)cc4[nH]3)ccnc2N1,26.48,7.577082019232337,1,478.43000000000006
O=C1CCc2c(Oc3ccc4c(c3)[C@H]3[C@H](NC(=O)Cc5cccc(C(F)(F)F)c5)[C@H]3O4)ccnc2N1,1.5,8.823908740944319,1,495.4570000000001
O=C1CCc2c(Oc3ccc4c(c3)[C@H]3[C@H](NC(=O)NC5CC5)[C@H]3O4)ccnc2N1,30000.0,4.522878745280337,0,392.41500000000013
O=C1CCc2c(Oc3ccc4c(c3)[C@H]3[C@H](NC(=O)NC5CCCC5)[C@H]3O4)ccnc2N1,590.0,6.229147988357855,1,420.4690000000002
O=C1CCc2c(Oc3ccc4c(c3)[C@H]3[C@H](NC(=O)NC5CCCCC5)[C@H]3O4)ccnc2N1,2300.0,5.638272163982407,0,434.49600000000027
O=C1CCc2c(Oc3ccc4c(c3)[C@H]3[C@H](NC(=O)NC5CCCCCC5)[C@H]3O4)ccnc2N1,1400.0,5.853871964321762,0,448.5230000000003
O=C1CCc2c(Oc3ccc4c(c3)[C@H]3[C@H](NC(=O)NC5CCOCC5)[C@H]3O4)ccnc2N1,4200.0,5.376750709602099,0,436.46800000000025
O=C1CCc2c(Oc3ccc4c(c3)[C@H]3[C@H](NC(=O)NCc5ccc(C(F)(F)F)cc5)[C@H]3O4)ccnc2N1,158000.0,3.8013429130455774,0,510.47200000000015
O=C1CCc2c(Oc3ccc4c(c3)[C@H]3[C@H](NC(=O)NCc5ccc(F)cc5)[C@H]3O4)ccnc2N1,840.0,6.075720713938118,1,460.46500000000015
O=C1CCc2c(Oc3ccc4c(c3)[C@H]3[C@H](NC(=O)NCc5cccc(C(F)(F)F)c5)[C@H]3O4)ccnc2N1,1900.0,5.721246399047171,0,510.47200000000015
O=C1CCc2c(Oc3ccc4c(c3)[C@H]3[C@H](NC(=O)NCc5cccc(F)c5)[C@H]3O4)ccnc2N1,770.0,6.113509274827518,1,460.46500000000015
O=C1CCc2c(Oc3ccc4c(c3)[C@H]3[C@H](NC(=O)N[C@@H]5CCCc6ccccc65)[C@H]3O4)ccnc2N1,4000.0,5.3979400086720375,0,482.54000000000025
O=C1CCc2c(Oc3ccc4c(c3)[C@H]3[C@H](NC(=O)N[C@@H]5CCc6ccccc65)[C@H]3O4)ccnc2N1,2400.0,5.619788758288394,0,468.5130000000002
O=C1CCc2c(Oc3ccc4c(c3)[C@H]3[C@H](NC(=O)N[C@H]5CCCc6ccccc65)[C@H]3O4)ccnc2N1,3200.0,5.494850021680094,0,482.54000000000025
O=C1CCc2c(Oc3ccc4c(c3)[C@H]3[C@H](NC(=O)N[C@H]5CCc6ccccc65)[C@H]3O4)ccnc2N1,2700.0,5.568636235841013,0,468.5130000000002
O=C1CCc2c(Oc3ccc4c(c3)[C@H]3[C@H](NC(=O)Nc5c(F)cc(F)cc5F)[C@H]3O4)ccnc2N1,1600.0,5.795880017344075,0,482.4180000000001
O=C1CCc2c(Oc3ccc4c(c3)[C@H]3[C@H](NC(=O)Nc5c(F)ccc(F)c5F)[C@H]3O4)ccnc2N1,740.0,6.130768280269024,1,482.4180000000001
O=C1CCc2c(Oc3ccc4c(c3)[C@H]3[C@H](NC(=O)Nc5c(F)cccc5F)[C@H]3O4)ccnc2N1,1300.0,5.886056647693163,0,464.4280000000001
O=C1CCc2c(Oc3ccc4c(c3)[C@H]3[C@H](NC(=O)Nc5cc(Br)ccc5Cl)[C@H]3O4)ccnc2N1,8700.0,5.060480747381382,0,541.789
O=C1CCc2c(Oc3ccc4c(c3)[C@H]3[C@H](NC(=O)Nc5cc(C(F)(F)F)cc(C(F)(F)F)c5)[C@H]3O4)ccnc2N1,116000.0,3.9355420107730814,0,564.442
O=C1CCc2c(Oc3ccc4c(c3)[C@H]3[C@H](NC(=O)Nc5cc(C(F)(F)F)ccc5F)[C@H]3O4)ccnc2N1,9500.0,5.022276394711152,0,514.4350000000002
O=C1CCc2c(Oc3ccc4c(c3)[C@H]3[C@H](NC(=O)Nc5cc(C(F)(F)F)ccn5)[C@H]3O4)ccnc2N1,4000.0,5.3979400086720375,0,497.4330000000001
O=C1CCc2c(Oc3ccc4c(c3)[C@H]3[C@H](NC(=O)Nc5cc(Cl)ccn5)[C@H]3O4)ccnc2N1,850.0,6.070581074285707,1,463.88100000000014
O=C1CCc2c(Oc3ccc4c(c3)[C@H]3[C@H](NC(=O)Nc5cc(F)c(F)c(F)c5)[C@H]3O4)ccnc2N1,4100.0,5.3872161432802645,0,482.4180000000001
O=C1CCc2c(Oc3ccc4c(c3)[C@H]3[C@H](NC(=O)Nc5cc(F)c(F)cc5F)[C@H]3O4)ccnc2N1,1200.0,5.920818753952375,0,482.4180000000001
O=C1CCc2c(Oc3ccc4c(c3)[C@H]3[C@H](NC(=O)Nc5cc(F)cc(C(F)(F)F)c5)[C@H]3O4)ccnc2N1,5500.0,5.259637310505756,0,514.4350000000002
O=C1CCc2c(Oc3ccc4c(c3)[C@H]3[C@H](NC(=O)Nc5cc(F)cc(F)c5)[C@H]3O4)ccnc2N1,1800.0,5.7447274948966935,0,464.4280000000001
O=C1CCc2c(Oc3ccc4c(c3)[C@H]3[C@H](NC(=O)Nc5cc(F)cc(F)c5F)[C@H]3O4)ccnc2N1,2900.0,5.5376020021010435,0,482.4180000000001
O=C1CCc2c(Oc3ccc4c(c3)[C@H]3[C@H](NC(=O)Nc5cc(F)ccc5F)[C@H]3O4)ccnc2N1,1200.0,5.920818753952375,0,464.4280000000001
O=C1CCc2c(Oc3ccc4c(c3)[C@H]3[C@H](NC(=O)Nc5ccc(Br)cc5Cl)[C@H]3O4)ccnc2N1,6300.0,5.200659450546418,0,541.789
O=C1CCc2c(Oc3ccc4c(c3)[C@H]3[C@H](NC(=O)Nc5ccc(C(F)(F)F)c(F)c5)[C@H]3O4)ccnc2N1,27000.0,4.568636235841013,0,514.4350000000002
O=C1CCc2c(Oc3ccc4c(c3)[C@H]3[C@H](NC(=O)Nc5ccc(C(F)(F)F)cc5)[C@H]3O4)ccnc2N1,6900.0,5.161150909262744,0,496.4450000000001
O=C1CCc2c(Oc3ccc4c(c3)[C@H]3[C@H](NC(=O)Nc5ccc(C(F)(F)F)cc5F)[C@H]3O4)ccnc2N1,13000.0,4.886056647693163,0,514.4350000000002
O=C1CCc2c(Oc3ccc4c(c3)[C@H]3[C@H](NC(=O)Nc5ccc(C(F)(F)F)cn5)[C@H]3O4)ccnc2N1,4000.0,5.3979400086720375,0,497.4330000000001
O=C1CCc2c(Oc3ccc4c(c3)[C@H]3[C@H](NC(=O)Nc5ccc(Cl)c(C(F)(F)F)c5)[C@H]3O4)ccnc2N1,27000.0,4.568636235841013,0,530.8900000000001
O=C1CCc2c(Oc3ccc4c(c3)[C@H]3[C@H](NC(=O)Nc5ccc(Cl)c(Cl)c5)[C@H]3O4)ccnc2N1,5500.0,5.259637310505756,0,497.3380000000002
O=C1CCc2c(Oc3ccc4c(c3)[C@H]3[C@H](NC(=O)Nc5ccc(Cl)cc5C(F)(F)F)[C@H]3O4)ccnc2N1,9500.0,5.022276394711152,0,530.8900000000001
O=C1CCc2c(Oc3ccc4c(c3)[C@H]3[C@H](NC(=O)Nc5ccc(F)c(C(F)(F)F)c5)[C@H]3O4)ccnc2N1,7700.0,5.113509274827518,0,514.4350000000002
O=C1CCc2c(Oc3ccc4c(c3)[C@H]3[C@H](NC(=O)Nc5ccc(F)c(F)c5)[C@H]3O4)ccnc2N1,1100.0,5.958607314841775,0,464.4280000000001
O=C1CCc2c(Oc3ccc4c(c3)[C@H]3[C@H](NC(=O)Nc5ccc(F)c(F)c5F)[C@H]3O4)ccnc2N1,780.0,6.107905397309519,1,482.4180000000001
O=C1CCc2c(Oc3ccc4c(c3)[C@H]3[C@H](NC(=O)Nc5ccc(F)cc5)[C@H]3O4)ccnc2N1,800.0,6.096910013008056,1,446.4380000000001
O=C1CCc2c(Oc3ccc4c(c3)[C@H]3[C@H](NC(=O)Nc5ccc(F)cc5F)[C@H]3O4)ccnc2N1,590.0,6.229147988357855,1,464.4280000000001
O=C1CCc2c(Oc3ccc4c(c3)[C@H]3[C@H](NC(=O)Nc5ccc(OC(F)(F)F)cc5)[C@H]3O4)ccnc2N1,7400.0,5.130768280269024,0,512.4440000000002
O=C1CCc2c(Oc3ccc4c(c3)[C@H]3[C@H](NC(=O)Nc5ccc6c(c5)CCC6)[C@H]3O4)ccnc2N1,2600.0,5.585026652029182,0,468.51300000000026
O=C1CCc2c(Oc3ccc4c(c3)[C@H]3[C@H](NC(=O)Nc5cccc(C(F)(F)F)c5)[C@H]3O4)ccnc2N1,9000.0,5.045757490560675,0,496.4450000000001
O=C1CCc2c(Oc3ccc4c(c3)[C@H]3[C@H](NC(=O)Nc5cccc(C(F)(F)F)c5F)[C@H]3O4)ccnc2N1,4700.0,5.327902142064283,0,514.4350000000002
O=C1CCc2c(Oc3ccc4c(c3)[C@H]3[C@H](NC(=O)Nc5cccc(F)c5)[C@H]3O4)ccnc2N1,1005.0,5.997833938243493,0,446.4380000000001
O=C1CCc2c(Oc3ccc4c(c3)[C@H]3[C@H](NC(=O)Nc5cccc(F)c5F)[C@H]3O4)ccnc2N1,940.0,6.026872146400302,1,464.4280000000001
O=C1CCc2c(Oc3ccc4c(c3)[C@H]3[C@H](NC(=O)Nc5cccc(OC(F)(F)F)c5)[C@H]3O4)ccnc2N1,8600.0,5.0655015487564325,0,512.4440000000002
O=C1CCc2c(Oc3ccc4c(c3)[C@H]3[C@H](NC(=O)Nc5cccc([N+](=O)[O-])c5)[C@H]3O4)ccnc2N1,1800.0,5.7447274948966935,0,473.44500000000016
O=C1CCc2c(Oc3ccc4c(c3)[C@H]3[C@H](NC(=O)Nc5ccccc5C(F)(F)F)[C@H]3O4)ccnc2N1,3000.0,5.522878745280337,0,496.4450000000001
O=C1CCc2c(Oc3ccc4c(c3)[C@H]3[C@H](NC(=O)Nc5ccccc5F)[C@H]3O4)ccnc2N1,367.0553333333333,6.43526846122498,1,446.4380000000001
O=C1CCc2c(Oc3ccc4c(c3)[C@H]3[C@H](NC(=O)Nc5ccccc5OC(F)(F)F)[C@H]3O4)ccnc2N1,6300.0,5.200659450546418,0,512.4440000000002
O=C1CCc2c(Oc3ccc4c(c3)[C@H]3[C@H](NC(=O)Nc5ccncn5)[C@H]3O4)ccnc2N1,1300.0,5.886056647693163,0,430.4240000000001
O=C1CCc2c(Oc3ccc4c(c3)[C@H]3[C@H](NC(=O)c5cc(C(F)(F)F)ccn5)[C@H]3O4)ccnc2N1,3.1,8.508638306165727,1,482.41800000000006
O=C1CCc2c(Oc3ccc4c(c3)[C@H]3[C@H](NC(=O)c5ccc(-c6ccccc6)o5)[C@H]3O4)ccnc2N1,4.9,8.309803919971486,1,479.49200000000013
O=C1CCc2c(Oc3ccc4c(c3)[C@H]3[C@H](NC(=O)c5ccc(C(F)(F)F)c(F)c5)[C@H]3O4)ccnc2N1,9.2,8.036212172654444,1,499.4200000000001
O=C1CCc2c(Oc3ccc4c(c3)[C@H]3[C@H](NC(=O)c5ccc(C(F)(F)F)cc5)[C@H]3O4)ccnc2N1,8.1,8.09151498112135,1,481.43000000000006
O=C1CCc2c(Oc3ccc4c(c3)[C@H]3[C@H](NC(=O)c5ccc(CN6CCCCC6)c(C(F)(F)F)c5)[C@H]3O4)ccnc2N1,41.0,7.3872161432802645,1,578.5910000000002
O=C1CCc2c(Oc3ccc4c(c3)[C@H]3[C@H](NC(=O)c5ccc(CN6CCC[C@@H](O)C6)c(C(F)(F)F)c5)[C@H]3O4)ccnc2N1,30.0,7.522878745280337,1,594.5900000000001
O=C1CCc2c(Oc3ccc4c(c3)[C@H]3[C@H](NC(=O)c5ccc(CN6CCC[C@H](O)C6)c(C(F)(F)F)c5)[C@H]3O4)ccnc2N1,28.0,7.552841968657781,1,594.5900000000001
O=C1CCc2c(Oc3ccc4c(c3)[C@H]3[C@H](NC(=O)c5ccc(CN6CCN(CC(F)(F)F)CC6)c(C(F)(F)F)c5)[C@H]3O4)ccnc2N1,27.0,7.568636235841013,1,661.6030000000004
O=C1CCc2c(Oc3ccc4c(c3)[C@H]3[C@H](NC(=O)c5ccc(CN6CCN(CCO)CC6)c(C(F)(F)F)c5)[C@H]3O4)ccnc2N1,10.4,7.982966660701219,1,623.6320000000003
O=C1CCc2c(Oc3ccc4c(c3)[C@H]3[C@H](NC(=O)c5ccc(CN6CCN7CCC[C@@H]7C6)c(C(F)(F)F)c5)[C@H]3O4)ccnc2N1,9.0,8.045757490560675,1,619.6440000000003
O=C1CCc2c(Oc3ccc4c(c3)[C@H]3[C@H](NC(=O)c5ccc(CN6CCNCC6)c(C(F)(F)F)c5)[C@H]3O4)ccnc2N1,27.2,7.565431095965801,1,579.5790000000002
O=C1CCc2c(Oc3ccc4c(c3)[C@H]3[C@H](NC(=O)c5ccc(CN6CCOCC6)c(C(F)(F)F)c5)[C@H]3O4)ccnc2N1,36.0,7.443697499232712,1,580.5630000000002
O=C1CCc2c(Oc3ccc4c(c3)[C@H]3[C@H](NC(=O)c5ccc(CN6CCn7c(nnc7C(F)(F)F)C6)c(C(F)(F)F)c5)[C@H]3O4)ccnc2N1,20.0,7.698970004336019,1,685.5850000000004
O=C1CCc2c(Oc3ccc4c(c3)[C@H]3[C@H](NC(=O)c5ccc(CO)c(C(F)(F)F)c5)[C@H]3O4)ccnc2N1,3.7,8.431798275933005,1,511.45600000000013
O=C1CCc2c(Oc3ccc4c(c3)[C@H]3[C@H](NC(=O)c5ccc(F)c(F)c5)[C@H]3O4)ccnc2N1,1.2,8.920818753952375,1,449.41300000000007
O=C1CCc2c(Oc3ccc4c(c3)[C@H]3[C@H](NC(=O)c5ccc(F)cc5)[C@H]3O4)ccnc2N1,1.4,8.853871964321762,1,431.42300000000006
O=C1CCc2c(Oc3ccc4c(c3)[C@H]3[C@H](NC(=O)c5cccc(C(F)(F)F)c5)[C@H]3O4)ccnc2N1,1.2,8.920818753952375,1,481.43000000000006
O=C1CCc2c(Oc3ccc4c(c3)[C@H]3[C@H](NC(=O)c5cccc(C(F)(F)F)n5)[C@H]3O4)ccnc2N1,2.5,8.602059991327963,1,482.41800000000006
O=C1CCc2c(Oc3ccc4c(c3)[C@H]3[C@H](NC(=O)c5cccc(F)c5)[C@H]3O4)ccnc2N1,0.76,9.119186407719209,1,431.42300000000006
O=C1CCc2c(Oc3ccc4c(c3)[C@H]3[C@H](NC(=O)c5ccccc5C(F)(F)F)[C@H]3O4)ccnc2N1,4.8,8.318758762624412,1,481.43000000000006
O=C1CCc2c(Oc3ccc4c(c3)[C@H]3[C@H](NC(=O)c5ccccc5F)[C@H]3O4)ccnc2N1,4.7,8.327902142064282,1,431.42300000000006
O=C1CCc2c(Oc3ccc4c(c3)[C@H]3[C@H](NC(=O)c5ccnc(C(F)(F)F)c5)[C@H]3O4)ccnc2N1,1.5,8.823908740944319,1,482.41800000000006
O=C1CCc2c(Oc3ccc4c(c3)[C@H]3[C@H](NC(=O)c5cncc(C(F)(F)F)c5)[C@H]3O4)ccnc2N1,1.3,8.886056647693163,1,482.41800000000006
O=C1CCc2c(Oc3cccc4c3OC3C(c5nc6ccc(C(F)(F)F)cc6[nH]5)C43)ccnc2N1,849.0,6.071092309756048,1,478.43000000000006
O=C1CCc2c(ncc(Cl)c2Oc2ccc3c(c2)C2C(O3)C2c2nc3ccc(C(F)(F)F)cc3[nH]2)N1,1000.0,6.0,1,512.8750000000001
O=C1CCc2cc(Nc3c(-c4ncccn4)oc4cnccc34)ccc21,16.0,7.795880017344075,1,342.35800000000006
O=C1CNc2ccc(C3(O)c4ccccc4C(=O)N3Cc3ccccc3)cc2N1,1000.0,6.0,1,385.4230000000001
O=C1CNc2ccc(C3(O)c4ccccc4C(=O)N3c3cccc(Cl)c3)cc2N1,10000.0,5.0,0,405.84100000000007
O=C1CNc2nccc(Oc3ccc(NC(=O)Nc4cc(C(F)(F)F)ccc4F)cc3)c2N1,1777.0,5.750312572194699,0,461.3750000000001
O=C1COc2ccc(C(=O)c3ccccc3-c3nc(-c4ccccc4)no3)cc2N1,10000.0,5.0,0,397.39000000000004
O=C1COc2ccc(C(=O)c3ccccc3-c3nc4ccccc4[nH]3)cc2N1,10000.0,5.0,0,369.38
O=C1COc2ccc(C3(O)c4ccccc4C(=O)N3C3CCNCC3)cc2N1,10000.0,5.0,0,379.41600000000017
O=C1COc2ccc(C3(O)c4ccccc4C(=O)N3CCCc3ccccc3)cc2N1,10000.0,5.0,0,414.4610000000002
O=C1COc2ccc(C3(O)c4ccccc4C(=O)N3CCc3ccccc3)cc2N1,10000.0,5.0,0,400.43400000000014
O=C1COc2ccc(C3(O)c4ccccc4C(=O)N3Cc3cc(Br)ccc3F)cc2N1,1000.0,6.0,1,483.2930000000001
O=C1COc2ccc(C3(O)c4ccccc4C(=O)N3Cc3ccc(Br)cc3)cc2N1,10000.0,5.0,0,465.3030000000001
O=C1COc2ccc(C3(O)c4ccccc4C(=O)N3Cc3ccc(Cl)c(C(F)(F)F)c3)cc2N1,10000.0,5.0,0,488.84900000000016
O=C1COc2ccc(C3(O)c4ccccc4C(=O)N3Cc3ccc(Cl)c(Cl)c3)cc2N1,10000.0,5.0,0,455.2970000000002
O=C1COc2ccc(C3(O)c4ccccc4C(=O)N3Cc3ccc(Cl)cc3)cc2N1,10000.0,5.0,0,420.85200000000015
O=C1COc2ccc(C3(O)c4ccccc4C(=O)N3Cc3ccc(F)cc3)cc2N1,10000.0,5.0,0,404.3970000000001
O=C1COc2ccc(C3(O)c4ccccc4C(=O)N3Cc3cccc(Br)c3)cc2N1,1000.0,6.0,1,465.3030000000001
O=C1COc2ccc(C3(O)c4ccccc4C(=O)N3Cc3cccc(C(F)(F)F)c3)cc2N1,10000.0,5.0,0,454.4040000000001
O=C1COc2ccc(C3(O)c4ccccc4C(=O)N3Cc3cccc(Cl)c3)cc2N1,1000.0,6.0,1,420.85200000000015
O=C1COc2ccc(C3(O)c4ccccc4C(=O)N3Cc3cccc(F)c3)cc2N1,1000.0,6.0,1,404.3970000000001
O=C1COc2ccc(C3(O)c4ccccc4C(=O)N3Cc3cccc(I)c3)cc2N1,1000.0,6.0,1,512.3030000000001
O=C1COc2ccc(C3(O)c4ccccc4C(=O)N3Cc3cccc(OC(F)(F)F)c3)cc2N1,10000.0,5.0,0,470.40300000000013
O=C1COc2ccc(C3(O)c4ccccc4C(=O)N3Cc3cccc([N+](=O)[O-])c3)cc2N1,1000.0,6.0,1,431.40400000000017
O=C1COc2ccc(C3(O)c4ccccc4C(=O)N3Cc3ccccc3Br)cc2N1,10000.0,5.0,0,465.3030000000001
O=C1COc2ccc(C3(O)c4ccccc4C(=O)N3Cc3ccccc3C(F)(F)F)cc2N1,10000.0,5.0,0,454.4040000000001
O=C1COc2ccc(C3(O)c4ccccc4C(=O)N3Cc3ccccc3Cl)cc2N1,10000.0,5.0,0,420.85200000000015
O=C1COc2ccc(C3(O)c4ccccc4C(=O)N3Cc3ccccc3F)cc2N1,10000.0,5.0,0,404.3970000000001
O=C1COc2ccc(C3(O)c4ccccc4C(=O)N3c3cc(Cl)ccc3Cl)cc2N1,1000.0,6.0,1,441.27000000000015
O=C1COc2ccc(C3(O)c4ccccc4C(=O)N3c3cc(F)cc(F)c3)cc2N1,1000.0,6.0,1,408.36000000000007
O=C1COc2ccc(C3(O)c4ccccc4C(=O)N3c3cc(F)cc(I)c3)cc2N1,1000.0,6.0,1,516.2660000000001
O=C1COc2ccc(C3(O)c4ccccc4C(=O)N3c3ccc(Cl)c(Cl)c3)cc2N1,1000.0,6.0,1,441.27000000000015
O=C1COc2ccc(C3(O)c4ccccc4C(=O)N3c3ccc(Cl)cc3)cc2N1,1000.0,6.0,1,406.8250000000001
O=C1COc2ccc(C3(O)c4ccccc4C(=O)N3c3ccc(F)c(C(F)(F)F)c3)cc2N1,10000.0,5.0,0,458.3670000000001
O=C1COc2ccc(C3(O)c4ccccc4C(=O)N3c3ccc(F)c(F)c3)cc2N1,1000.0,6.0,1,408.36000000000007
O=C1COc2ccc(C3(O)c4ccccc4C(=O)N3c3cccc(-c4ccccc4)c3)cc2N1,10000.0,5.0,0,448.4780000000001
O=C1COc2ccc(C3(O)c4ccccc4C(=O)N3c3cccc(Br)c3)cc2N1,100.0,7.0,1,451.27600000000007
O=C1COc2ccc(C3(O)c4ccccc4C(=O)N3c3cccc(C(F)(F)F)c3)cc2N1,1000.0,6.0,1,440.37700000000007
O=C1COc2ccc(C3(O)c4ccccc4C(=O)N3c3cccc(CO)c3)cc2N1,1000.0,6.0,1,402.4060000000001
O=C1COc2ccc(C3(O)c4ccccc4C(=O)N3c3cccc(Cl)c3)cc2N1,100.0,7.0,1,406.8250000000001
O=C1COc2ccc(C3(O)c4ccccc4C(=O)N3c3cccc(F)c3)cc2N1,1000.0,6.0,1,390.37000000000006
O=C1COc2ccc(C3(O)c4ccccc4C(=O)N3c3cccc(I)c3)cc2N1,100.0,7.0,1,498.27600000000007
O=C1COc2ccc(C3(O)c4ccccc4C(=O)N3c3cccc(O)c3)cc2N1,1000.0,6.0,1,388.3790000000001
O=C1COc2ccc(C3(O)c4ccccc4C(=O)N3c3cccc(OC(F)(F)F)c3)cc2N1,10000.0,5.0,0,456.3760000000001
O=C1COc2ccc(C3(O)c4ccccc4C(=O)N3c3cccc(OCc4ccccc4)c3)cc2N1,10000.0,5.0,0,478.5040000000002
O=C1COc2ccc(C3(O)c4ccccc4C(=O)N3c3cccc(Oc4ccccc4)c3)cc2N1,1000.0,6.0,1,464.47700000000015
O=C1COc2ccc(C3(O)c4ccccc4C(=O)N3c3cccc([N+](=O)[O-])c3)cc2N1,1000.0,6.0,1,417.3770000000001
O=C1COc2ccc(C3(O)c4ccccc4C(=O)N3c3ccccc3)cc2N1,100.0,7.0,1,372.38000000000005
O=C1COc2ccc(C3(O)c4ccccc4C(=O)N3c3ccccc3Cl)cc2N1,1000.0,6.0,1,406.8250000000001
O=C1COc2ccc(C3(O)c4ccccc4C(=O)N3c3ccccc3F)cc2N1,100.0,7.0,1,390.37000000000006
O=C1N/C=C/c2ccc(c(Br)c2)Oc2cc(cc(Br)c2O)CCNC(=O)/C(=N/O)Cc2ccc(c(Br)c2)Oc2cc(cc(Br)c2O)C/C1=N\O,4400.0,5.356547323513812,0,938.218
O=C1NC(=O)c2cc(Nc3cccc(O)c3)c(Nc3cccc(O)c3)cc21,338.0,6.471083299722345,1,361.3570000000001
O=C1NC(=O)c2cc(Nc3cccc(O)c3)c(Nc3ccccc3)cc21,1680.0,5.774690718274137,0,345.35800000000006
O=C1NC(=O)c2cc3c(-c4cccc(O)c4)c[nH]c3cc21,3470.0,5.459670525209126,0,278.26700000000005
O=C1NC(=O)c2ccc(I)cc2/C1=C/NCc1ccc(-c2ccoc2)c(O)c1,10000.0,5.0,0,486.2650000000002
O=C1NC(=S)N(c2ccc(Br)cc2)C(=O)/C1=C\c1ccc(-c2ccc(C(=O)O)c(Cl)c2)o1,4750.0,5.323306390375134,0,531.7710000000003
O=C1NC(=S)N(c2ccc(Br)cc2)C(=O)/C1=C\c1ccc(-c2ccc(C(=O)O)cc2)o1,2230.0,5.651695136951839,0,497.3260000000003
O=C1NC(=S)N(c2ccc(Br)cc2)C(=O)/C1=C\c1ccc(-c2cccc(C(=O)O)c2)o1,1800.0,5.7447274948966935,0,497.3260000000003
O=C1NC(=S)N(c2ccc(Br)cc2)C(=O)/C1=C\c1ccc(-c2ccccc2C(=O)O)o1,3450.0,5.462180904926726,0,497.3260000000003
O=C1NC(=S)N(c2cccc(Cl)c2Cl)C(=O)/C1=C\c1ccc(-c2ccc(C(=O)O)cc2)o1,1540.0,5.812479279163537,0,487.3200000000003
O=C1NC(=S)NC(=O)C1=Cc1ccc(-c2ccc(Br)cc2)o1,470.0,6.327902142064283,1,377.21900000000005
O=C1NC(=S)NC(=O)C1=Cc1ccc(-c2ccc([N+](=O)[O-])cc2)o1,730.0,6.136677139879544,1,343.3200000000001
O=C1NC(=S)NC(=O)C1=Cc1ccc(-c2ccc3c(c2)OCO3)o1,725.0,6.139661993429006,1,342.33200000000016
O=C1NC(=S)NC(=O)C1=Cc1ccc(-c2cccc([N+](=O)[O-])c2)o1,830.0,6.080921907623926,1,343.3200000000001
O=C1NC(=S)NC(=O)C1=Cc1ccc(-c2ccccc2[N+](=O)[O-])o1,670.0,6.173925197299173,1,343.3200000000001
O=C1NCCN1CCNc1nccc(-c2[nH]c(C3CC3)nc2-c2cc(Cl)ccc2Cl)n1,10.0,8.0,1,458.35300000000024
O=C1NCCN1CCNc1nccc(-c2[nH]c(C3CC3)nc2-c2cccc(NS(=O)(=O)Cc3ccc(Cl)c(Cl)c3)c2)n1,242.0,6.616184634019569,1,627.5580000000002
O=C1NCc2c(Oc3ccc4c(c3)[C@H]3[C@H](NC(=O)Nc5cc(F)c(F)cc5F)[C@H]3O4)ccnc2N1,2300.0,5.638272163982407,0,483.4060000000001
O=C1NCc2c(Oc3ccc4c(c3)[C@H]3[C@H](NC(=O)Nc5ccc(F)c(C(F)(F)F)c5)[C@H]3O4)ccnc2N1,11000.0,4.958607314841775,0,515.4230000000001
O=C1Nc2ccc(I)cc2C1=Cc1cc(Br)c(O)c(Br)c1,23.343888888888888,7.631826792579534,1,520.9460000000001
O=C1Nc2nccc(Oc3ccc4c(c3)C3C(O4)C3c3nc4ccc(C(F)(F)F)cc4[nH]3)c2CO1,26.0,7.585026652029182,1,480.40200000000016
O=C1c2c(F)ccc(F)c2C(O)(c2ccc3[nH]c(Nc4ncccn4)nc3c2)N1c1cccc(Cl)c1F,100.0,7.0,1,522.8740000000001
O=C1c2ccccc2C(O)(c2ccc3[nH]c(=O)[nH]c3c2)N1c1cccc(Cl)c1F,1000.0,6.0,1,409.8040000000001
O=C1c2ccccc2C(O)(c2ccc3[nH]c(NC(=O)C(O)(C(F)(F)F)C(F)(F)F)nc3c2)N1Cc1ccccc1,1000.0,6.0,1,564.4420000000001
O=C1c2ccccc2C(O)(c2ccc3[nH]c(Nc4ccc(Cl)nn4)nc3c2)N1c1cccc(Cl)c1F,100.0,7.0,1,521.3390000000002
O=C1c2ccccc2C(O)(c2ccc3[nH]c(Nc4ccccc4)nc3c2)N1c1cccc(Cl)c1F,1000.0,6.0,1,484.9180000000001
O=C1c2ccccc2C(O)(c2ccc3[nH]c(Nc4cnccn4)nc3c2)N1c1cccc(Cl)c1F,100.0,7.0,1,486.8940000000001
O=C1c2ccccc2C(O)(c2ccc3[nH]c(Nc4ncc(Cl)cn4)nc3c2)N1c1cccc(Cl)c1F,100.0,7.0,1,521.3390000000002
O=C1c2ccccc2C(O)(c2ccc3[nH]c(Nc4ncccn4)nc3c2)N1c1cccc(Cl)c1F,100.0,7.0,1,486.8940000000001
O=C1c2ccccc2C(O)(c2ccc3[nH]c(Nc4nccs4)nc3c2)N1c1cccc(Cl)c1F,100.0,7.0,1,491.9350000000002
O=C1c2ccccc2C(O)(c2ccc3[nH]ccc3c2)N1Cc1ccccc1,10000.0,5.0,0,354.4090000000001
O=C1c2ccccc2C(O)(c2ccc3[nH]cnc3c2)N1Cc1ccccc1,1000.0,6.0,1,355.3970000000001
O=C1c2ccccc2C(O)(c2ccc3[nH]ncc3c2)N1Cc1ccccc1,100.0,7.0,1,355.3970000000001
O=C1c2ccccc2C(O)(c2ccc3cc[nH]c3c2)N1Cc1ccccc1,10000.0,5.0,0,354.4090000000001
O=C1c2ccccc2C(O)(c2ccc3cn[nH]c3c2)N1Cc1ccccc1,10000.0,5.0,0,355.3970000000001
O=C1c2ccccc2C(O)(c2ccc3nc(Nc4ccccn4)[nH]c3c2)N1c1cccc(Cl)c1F,100.0,7.0,1,485.90600000000006
O=Cc1c(F)ccc(NS(=O)(=O)c2ccc(C(F)(F)F)cc2)c1F,100.0,7.0,1,365.279
O=Cc1c(F)ccc(NS(=O)(=O)c2ccccc2)c1F,100.0,7.0,1,297.282
O=S(=O)(CC(F)(F)F)Nc1ccc(F)c(Nc2ncccc2-c2ncnc3[nH]cnc23)c1F,17.666666666666668,7.7528453851188734,1,485.39800000000014
O=S(=O)(CC1CC1)Nc1ccc(F)c(Nc2ncccc2-c2ncnc3[nH]cnc23)c1F,22.333333333333332,7.651046452018836,1,457.4660000000001
O=S(=O)(Cc1ccccc1)Nc1ccc(F)c(Nc2ncccc2-c2ncnc3[nH]cnc23)c1F,432.3333333333333,6.3641812786355825,1,493.49900000000014
O=S(=O)(NCCCNc1cc(-c2cn(-c3ccccc3)nc2-c2cccc(O)c2)ccn1)c1ccc(Cl)cc1,3015.0,5.52071268352383,0,560.0790000000002
O=S(=O)(NCCCNc1nccc(-c2[nH]c(-c3ccccc3)nc2-c2ccc(Cl)c(O)c2)n1)c1ccc(Br)cc1,21.8,7.661543506395395,1,639.9630000000002
O=S(=O)(NCCCNc1nccc(-c2[nH]c(-c3ccccc3)nc2-c2ccc(Cl)c(O)c2)n1)c1cccc(F)c1,14.8,7.8297382846050425,1,579.0570000000002
O=S(=O)(NCCCNc1nccc(-c2[nH]c(-c3ccccc3)nc2-c2ccc(Cl)c(O)c2)n1)c1ccccc1,4.25,8.371611069949688,1,561.0670000000002
O=S(=O)(NCCCNc1nccc(-c2[nH]c(-c3ccccc3)nc2-c2ccc(F)c(O)c2)n1)c1ccc(Br)cc1,26.3,7.580044251510242,1,623.5080000000002
O=S(=O)(NCCCNc1nccc(-c2[nH]c(-c3ccccc3)nc2-c2ccc(F)c(O)c2)n1)c1cccc(F)c1,30.3,7.518557371497695,1,562.6020000000002
O=S(=O)(NCCCNc1nccc(-c2[nH]c(-c3ccccc3)nc2-c2ccc(F)c(O)c2)n1)c1ccccc1,5.62,8.250263684430939,1,544.6120000000002
O=S(=O)(NCCCNc1nccc(-c2c(-c3ccc(F)c(O)c3)nc3occn23)n1)c1ccc(Cl)cc1,0.15,9.823908740944319,1,542.9800000000002
O=S(=O)(NCCCNc1nccc(-c2c(-c3ccc(F)c(O)c3)nc3occn23)n1)c1ccccc1,0.16,9.795880017344075,1,508.5350000000002
O=S(=O)(NCCCNc1nccc(-c2c(-c3ccc(F)c(O)c3)nc3sccn23)n1)c1ccc(Cl)cc1,0.27,9.568636235841012,1,559.0480000000002
O=S(=O)(NCCCNc1nccc(-c2c(-c3cccc(F)c3)nc3occn23)n1)c1ccccc1,121.60679999999999,6.915042139537733,1,492.5360000000002
O=S(=O)(NCCCNc1nccc(-c2c(-c3cccc(F)c3)nc3sccn23)n1)c1ccc(Br)cc1,16.1,7.79317412396815,1,587.5000000000002
O=S(=O)(NCCCNc1nccc(-c2c(-c3cccc(F)c3)nc3sccn23)n1)c1ccc(C(F)(F)F)cc1,44.5,7.351639989019068,1,576.6010000000003
O=S(=O)(NCCCNc1nccc(-c2c(-c3cccc(F)c3)nc3sccn23)n1)c1ccc(Cl)cc1,32.9,7.482804102050026,1,543.0490000000002
O=S(=O)(NCCCNc1nccc(-c2c(-c3cccc(O)c3)nc3sccn23)n1)c1ccc(F)cc1,1293.7925,5.888135370754701,0,524.6030000000002
O=S(=O)(NCCCNc1nccc(-c2c(-c3cccc(O)c3)nc3sccn23)n1)c1cccc(F)c1,2.59,8.586700235918748,1,524.6030000000002
O=S(=O)(NCCCNc1nccc(-c2c(-c3cccc(O)c3)nc3sccn23)n1)c1ccccc1,24.5,7.610833915635467,1,506.61300000000017
O=S(=O)(NCCCNc1nccc(-c2c(-c3ccccc3)nc3sccn23)n1)c1ccc(F)cc1,166.85,6.777673789009189,1,508.60400000000016
O=S(=O)(NCCCNc1nccc(-n2ccc3cccnc32)n1)c1ccc(Br)cc1,350.0,6.455931955649724,1,487.38300000000015
O=S(=O)(NCCCNc1nccc(-n2ccc3cccnc32)n1)c1ccc(F)cc1,880.0,6.055517327849832,1,426.47700000000015
O=S(=O)(NCCCNc1nccc(-n2ccc3cccnc32)n1)c1cccc(Br)c1,500.0,6.301029995663981,1,487.38300000000015
O=S(=O)(NCCCNc1nccc(-n2ccc3cccnc32)n1)c1cccc(C(F)(F)F)c1,1100.0,5.958607314841775,0,476.48400000000015
O=S(=O)(NCCCNc1nccc(-n2ccc3cccnc32)n1)c1ccccc1,750.0,6.1249387366083,1,408.48700000000014
O=S(=O)(NCCNc1cc(-c2[nH]c(-c3ccccc3)nc2-c2cccc(O)c2)ccn1)c1ccc(O)cc1,32.0,7.494850021680094,1,527.6060000000002
O=S(=O)(NCCNc1nccc(-c2c(-c3ccc(F)c(O)c3)nc3occn23)n1)c1ccc(Cl)cc1,0.37,9.431798275933005,1,528.9530000000002
O=S(=O)(NCCNc1nccc(-c2c(-c3ccc(F)c(O)c3)nc3occn23)n1)c1ccc(F)cc1,0.36,9.443697499232712,1,512.4980000000002
O=S(=O)(NCCNc1nccc(-c2c(-c3ccc(F)c(O)c3)nc3sccn23)n1)c1ccc(Cl)cc1,6.96,8.157390760389438,1,545.0210000000002
O=S(=O)(NCCNc1nccc(-c2c(-c3ccc(F)c(O)c3)nc3sccn23)n1)c1ccc(F)cc1,0.36,9.443697499232712,1,528.5660000000001
O=S(=O)(NCCNc1nccc(-c2c(-c3ccc(F)c(O)c3)nc3sccn23)n1)c1ccccc1,0.15,9.823908740944319,1,510.57600000000014
O=S(=O)(NCCNc1nccc(-c2c(-c3ccc(F)cc3)nc3sccn23)n1)c1ccc(O)cc1,19.0,7.721246399047171,1,510.57600000000014
O=S(=O)(NCCNc1nccc(-c2c(-c3ccc(O)cc3)nc3sccn23)n1)c1ccc(O)cc1,17415.0,4.759076521205745,0,508.58500000000015
O=S(=O)(NCCNc1nccc(-c2c(-c3cccc(F)c3)nc3sccn23)n1)c1ccc(C(F)(F)F)cc1,53.75,7.269621531412357,1,562.5740000000002
O=S(=O)(NCCNc1nccc(-c2c(-c3cccc(O)c3)nc3sccn23)n1)c1ccc(F)cc1,2.85,8.54515513999149,1,510.57600000000014
O=S(=O)(NCCNc1nccc(-c2c(-c3cccc(O)c3)nc3sccn23)n1)c1ccccc1,27.0,7.568636235841013,1,492.5860000000001
O=S(=O)(NCCNc1nccc(-c2c(-c3ccccc3)nc3sccn23)n1)c1ccc(F)cc1,222.05,6.653549222490305,1,494.5770000000001
O=S(=O)(NCCNc1nccc(-c2c(-c3ccccc3)nc3sccn23)n1)c1ccc(O)cc1,81.0,7.0915149811213505,1,492.5860000000001
O=S(=O)(Nc1cc(Br)c(O)c2ccccc12)c1cccs1,330.0,6.481486060122113,1,384.27600000000007
O=S(=O)(Nc1cc(Cl)c(O)c2ccccc12)c1cccs1,415.0,6.3819519032879075,1,339.82500000000005
O=S(=O)(Nc1cc(F)cc(-c2[nH]c(C3CC3)nc2-c2ccncn2)c1Cl)c1c(F)cccc1F,1.0,9.0,1,505.90900000000016
O=S(=O)(Nc1cc(Sc2ccccc2)c(O)c2ccccc12)c1cccs1,425.0,6.371611069949688,1,413.54500000000013
O=S(=O)(Nc1cc(Sc2ccccn2)c(O)c2ccccc12)c1cccs1,270.0,6.568636235841013,1,414.53300000000013
O=S(=O)(Nc1cc(Sc2cnn[nH]2)c(O)c2ccccc12)c1cccs1,1095.0,5.960585880823863,0,404.4980000000001
O=S(=O)(Nc1cc(Sc2ncc[nH]2)c(O)c2ccccc12)c1cccs1,145.0,6.838631997765025,1,403.5100000000001
O=S(=O)(Nc1cc(Sc2ncn[nH]2)c(O)c2ccccc12)c1c(F)c(F)c(F)c(F)c1F,555.0,6.255707016877324,1,488.41900000000015
O=S(=O)(Nc1cc(Sc2ncn[nH]2)c(O)c2ccccc12)c1c(F)ccc(N(Cc2ccccc2)Cc2ccccc2)c1F,4700.0,5.327902142064283,0,629.7140000000002
O=S(=O)(Nc1cc(Sc2ncn[nH]2)c(O)c2ccccc12)c1ccc(-c2ccccc2)cc1,150.0,6.823908740944319,1,474.5670000000002
O=S(=O)(Nc1cc(Sc2ncn[nH]2)c(O)c2ccccc12)c1ccc(C(F)(F)F)cc1,200.0,6.698970004336019,1,466.4660000000001
O=S(=O)(Nc1cc(Sc2ncn[nH]2)c(O)c2ccccc12)c1ccc2ccccc2c1,275.0,6.560667306169737,1,448.52900000000017
O=S(=O)(Nc1cc(Sc2ncn[nH]2)c(O)c2ccccc12)c1cccs1,180.0,6.7447274948966935,1,404.4980000000001
O=S(=O)(Nc1ccc(F)c(C#Cc2ccc3[nH]ncc3c2)c1F)c1cccc(Cl)c1,10000.0,5.0,0,443.8620000000001
O=S(=O)(Nc1ccc(F)c(C#Cc2ccc3[nH]ncc3c2)c1F)c1cccnc1,4310.0,5.3655227298392685,0,410.4050000000001
O=S(=O)(Nc1ccc(F)c(C#Cc2cnc3[nH]ccc3c2)c1F)c1cccc(Cl)c1,10000.0,5.0,0,443.8620000000001
O=S(=O)(Nc1ccc(F)c(C#Cc2cnc3[nH]ccc3c2)c1F)c1cccnc1,48.0,7.318758762624412,1,410.4050000000001
O=S(=O)(Nc1ccc(F)c(C#Cc2cnc3[nH]nc(-c4ccc(Cl)cc4)c3c2)c1F)c1cccnc1,21.0,7.6777807052660805,1,521.9360000000003
O=S(=O)(Nc1ccc(F)c(C#Cc2cnc3[nH]nc(-c4ccc(F)cc4)c3c2)c1F)c1cccnc1,16.0,7.795880017344075,1,505.48100000000017
O=S(=O)(Nc1ccc(F)c(C#Cc2cnc3[nH]nc(-c4cccc(Cl)c4)c3c2)c1F)c1cccnc1,107.0,6.97061622231479,1,521.9360000000003
O=S(=O)(Nc1ccc(F)c(C#Cc2cnc3[nH]nc(-c4ccccc4)c3c2)c1F)c1cccnc1,16.0,7.795880017344075,1,487.49100000000016
O=S(=O)(Nc1ccc(F)c(C#Cc2cnc3[nH]nc(-c4ccccc4Cl)c3c2)c1F)c1cccnc1,131.0,6.882728704344236,1,521.9360000000003
O=S(=O)(Nc1ccc(F)c(C#Cc2cnc3[nH]nc(-c4ccncc4)c3c2)c1F)c1cccnc1,3.0,8.522878745280337,1,488.47900000000016
O=S(=O)(Nc1ccc(F)c(C#Cc2cnc3[nH]nc(C4CC4)c3c2)c1F)c1cccnc1,10.0,8.0,1,451.4580000000002
O=S(=O)(Nc1ccc(F)c(C#Cc2cnc3[nH]nc(OC4CCCC4)c3c2)c1F)c1cccc(Cl)c1,10000.0,5.0,0,528.9680000000003
O=S(=O)(Nc1ccc(F)c(C#Cc2cnc3[nH]ncc3c2)c1F)c1ccc(F)cc1,917.0,6.037630664329979,1,428.3950000000001
O=S(=O)(Nc1ccc(F)c(C#Cc2cnc3[nH]ncc3c2)c1F)c1cccc(Cl)c1,7500.0,5.1249387366083,0,444.85000000000014
O=S(=O)(Nc1ccc(F)c(C#Cc2cnc3[nH]ncc3c2)c1F)c1cccc(F)c1,68.0,7.167491087293763,1,428.3950000000001
O=S(=O)(Nc1ccc(F)c(C#Cc2cnc3[nH]ncc3c2)c1F)c1ccccc1,149.0,6.826813731587726,1,410.4050000000001
O=S(=O)(Nc1ccc(F)c(C#Cc2cnc3[nH]ncc3c2)c1F)c1ccccc1F,177.0,6.752026733638194,1,428.3950000000001
O=S(=O)(Nc1ccc(F)c(C#Cc2cnc3[nH]ncc3c2)c1F)c1ccccn1,593.0,6.226945306635737,1,411.3930000000001
O=S(=O)(Nc1ccc(F)c(C#Cc2cnc3[nH]ncc3c2)c1F)c1cccnc1,51.0,7.292429823902063,1,411.3930000000001
O=S(=O)(Nc1ccc(F)c(C#Cc2cnc3ccnn3c2)c1F)c1cccnc1,533.0,6.273272790973428,1,411.39300000000003
O=S(=O)(Nc1ccc(F)c(Nc2ccccc2-c2ncnc3[nH]cnc23)c1F)c1ccoc1,2.1,8.67778070526608,1,468.44500000000016
O=S(=O)(Nc1ccc(F)c(Nc2ncccc2-c2ncnc3[nH]cnc23)c1F)C1CC1,99.0,7.00436480540245,1,443.4390000000002
O=S(=O)(Nc1ccc(F)c(Nc2ncccc2-c2ncnc3[nH]cnc23)c1F)C1CCC1,30.333333333333332,7.518079862398569,1,457.46600000000024
O=S(=O)(Nc1ccc(F)c(Nc2ncccc2-c2ncnc3[nH]cnc23)c1F)C1CCCC1,11.333333333333334,7.945642337677407,1,471.4930000000003
O=S(=O)(Nc1ccc(F)c(Nc2ncccc2-c2ncnc3[nH]cnc23)c1F)C1CCCCC1,78.75,7.103749437538362,1,485.5200000000003
O=S(=O)(Nc1ccc(F)c(Nc2ncccc2-c2ncnc3[nH]cnc23)c1F)C1CCOC1,20.666666666666668,7.684729565221408,1,473.46500000000026
O=S(=O)(Nc1ccc(F)c(Nc2ncccc2-c2ncnc3[nH]cnc23)c1F)C1CCOCC1,188.66666666666666,6.724304823531391,1,487.4920000000003
O=S(=O)(Nc1ccc(F)c(Nc2ncccc2-c2ncnc3[nH]cnc23)c1F)N1CCCC1,25.666666666666668,7.59063052954718,1,472.4810000000003
O=S(=O)(Nc1ccc(F)c(Nc2ncccc2-c2ncnc3[nH]cnc23)c1F)N1CCCCC1,39.333333333333336,7.405239247413537,1,486.5080000000003
O=S(=O)(Nc1ccc(F)c(Nc2ncccc2-c2ncnc3[nH]cnc23)c1F)N1CCNCC1,1000.0,6.0,1,487.49600000000027
O=S(=O)(Nc1ccc(F)c(Nc2ncccc2-c2ncnc3[nH]cnc23)c1F)N1CCOCC1,439.25,6.357288229832667,1,488.4800000000003
O=S(=O)(Nc1ccc(F)c(Nc2ncccc2-c2ncnc3[nH]cnc23)c1F)N1CC[C@@H](O)C1,105.66666666666667,6.9760619925019105,1,488.48000000000025
O=S(=O)(Nc1ccc(F)c(Nc2ncccc2-c2ncnc3[nH]cnc23)c1F)N1CC[C@H](O)C1,110.66666666666667,6.955983171015626,1,488.48000000000025
O=S(=O)(Nc1ccc(F)c(Nc2ncccc2-c2ncnc3[nH]cnc23)c1F)c1cc2ccccc2o1,832.0,6.079876673709276,1,519.4930000000002
O=S(=O)(Nc1ccc(F)c(Nc2ncccc2-c2ncnc3[nH]cnc23)c1F)c1ccc(C(F)(F)F)cc1,30.0,7.522878745280337,1,547.4690000000002
O=S(=O)(Nc1ccc(F)c(Nc2ncccc2-c2ncnc3[nH]cnc23)c1F)c1ccc(Cl)c(Cl)c1,720.0,6.142667503568732,1,548.3620000000002
O=S(=O)(Nc1ccc(F)c(Nc2ncccc2-c2ncnc3[nH]cnc23)c1F)c1ccc(Cl)cc1F,33.7,7.4723700991286615,1,531.9070000000002
O=S(=O)(Nc1ccc(F)c(Nc2ncccc2-c2ncnc3[nH]cnc23)c1F)c1ccc(Cl)s1,20.0,7.698970004336019,1,519.9460000000001
O=S(=O)(Nc1ccc(F)c(Nc2ncccc2-c2ncnc3[nH]cnc23)c1F)c1ccc(F)c(Cl)c1,300.0,6.522878745280337,1,531.9070000000002
O=S(=O)(Nc1ccc(F)c(Nc2ncccc2-c2ncnc3[nH]cnc23)c1F)c1ccc(F)cc1,120.33333333333333,6.919614052814005,1,497.46200000000016
O=S(=O)(Nc1ccc(F)c(Nc2ncccc2-c2ncnc3[nH]cnc23)c1F)c1ccc(F)cc1C(F)(F)F,420.0,6.376750709602099,1,565.4590000000003
O=S(=O)(Nc1ccc(F)c(Nc2ncccc2-c2ncnc3[nH]cnc23)c1F)c1ccc(OC(F)(F)F)cc1,610.0,6.214670164989233,1,563.4680000000003
O=S(=O)(Nc1ccc(F)c(Nc2ncccc2-c2ncnc3[nH]cnc23)c1F)c1cccc(C(F)(F)F)c1,8.8,8.05551732784983,1,547.4690000000003
O=S(=O)(Nc1ccc(F)c(Nc2ncccc2-c2ncnc3[nH]cnc23)c1F)c1cccc(Cl)c1,80.0,7.096910013008056,1,513.9170000000001
O=S(=O)(Nc1ccc(F)c(Nc2ncccc2-c2ncnc3[nH]cnc23)c1F)c1cccc(Cl)c1Cl,40.0,7.3979400086720375,1,548.3620000000001
O=S(=O)(Nc1ccc(F)c(Nc2ncccc2-c2ncnc3[nH]cnc23)c1F)c1cccc(Cl)c1F,80.0,7.096910013008056,1,531.9070000000002
O=S(=O)(Nc1ccc(F)c(Nc2ncccc2-c2ncnc3[nH]cnc23)c1F)c1cccc(F)c1,7.333333333333333,8.134698573897456,1,497.46200000000016
O=S(=O)(Nc1ccc(F)c(Nc2ncccc2-c2ncnc3[nH]cnc23)c1F)c1cccc2c1OCC2,1020.0,5.991399828238082,0,521.5090000000002
O=S(=O)(Nc1ccc(F)c(Nc2ncccc2-c2ncnc3[nH]cnc23)c1F)c1cccc2c1OCCC2,900.0,6.045757490560675,1,535.5360000000002
O=S(=O)(Nc1ccc(F)c(Nc2ncccc2-c2ncnc3[nH]cnc23)c1F)c1cccc2ccoc12,90.0,7.045757490560675,1,519.4930000000002
O=S(=O)(Nc1ccc(F)c(Nc2ncccc2-c2ncnc3[nH]cnc23)c1F)c1ccccc1,18.0,7.7447274948966935,1,479.47200000000015
O=S(=O)(Nc1ccc(F)c(Nc2ncccc2-c2ncnc3[nH]cnc23)c1F)c1ccccc1Cl,30.0,7.522878745280337,1,513.9170000000001
O=S(=O)(Nc1ccc(F)c(Nc2ncccc2-c2ncnc3[nH]cnc23)c1F)c1ccccc1F,8.333333333333334,8.079181246047625,1,497.46200000000016
O=S(=O)(Nc1ccc(F)c(Nc2ncccc2-c2ncnc3[nH]cnc23)c1F)c1ccccn1,79.66666666666667,7.098723353771525,1,480.46000000000015
O=S(=O)(Nc1ccc(F)c(Nc2ncccc2-c2ncnc3[nH]cnc23)c1F)c1cccnc1,4.0,8.397940008672037,1,480.46000000000015
O=S(=O)(Nc1ccc(F)c(Nc2ncccc2-c2ncnc3[nH]cnc23)c1F)c1ccco1,1.0,9.0,1,469.43300000000016
O=S(=O)(Nc1ccc(F)c(Nc2ncccc2-c2ncnc3[nH]cnc23)c1F)c1cccs1,5.125,8.290306130272208,1,485.50100000000015
O=S(=O)(Nc1ccc(F)c(Nc2ncccc2-c2ncnc3[nH]cnc23)c1F)c1ccoc1,1.0,9.0,1,469.43300000000016
O=S(=O)(Nc1ccc(F)c(Nc2ncccc2-c2ncnc3[nH]cnc23)c1F)c1ccsc1,7.0,8.154901959985743,1,485.50100000000015
O=S(=O)(Nc1ccc(F)c(Nc2ncccc2-c2ncnc3[nH]cnc23)c1F)c1cn[nH]c1,2.4,8.619788758288394,1,469.4370000000001
O=S(=O)(Nc1ccc(F)c(Nc2ncccc2-c2ncnc3[nH]cnc23)c1F)c1nccs1,11.333333333333334,7.945642337677407,1,486.48900000000015
O=S(=O)(Nc1ccc(F)c(Nc2ncccc2-c2ncnc3[nH]cnc23)c1F)c1occc1C1OCCO1,220.0,6.657577319177793,1,541.4960000000002
O=S(=O)(Nc1ccc(O)c2ccccc12)c1cccs1,7550.0,5.1220530483708115,0,305.38
O=S(=O)(c1ccc(-c2cccnc2)s1)N1N=C(c2cccnc2)CC1c1ccccc1O,6000.0,5.221848749616356,0,462.5560000000002
O=S(=O)(c1ccc(F)cc1)N1CCCC(Nc2nccc(-c3c(-c4ccc(F)cc4)nc4sccn34)n2)C1,23.0,7.638272163982407,1,552.632
O=S1(=O)CC2(OCCO2)c2cc3nccc(Nc4ccc5scnc5c4)c3cc21,1362.0,5.865822892423234,0,425.49100000000016
O=S1(=O)N(CCNc2nccc(-c3c(-c4cccc(O)c4)nc4sccn34)n2)CCN1Cc1ccccc1,11.4,7.943095148663527,1,547.6660000000003
O=S1(=O)NCCCN1CCNc1nccc(-c2c(-c3cccc(O)c3)nc3sccn23)n1,7.385,8.131649500352031,1,471.56800000000015
O=S1(=O)NCCN1CCNc1nccc(-c2c(-c3cccc(O)c3)nc3sccn23)n1,5.904999999999999,8.228780098050466,1,457.5410000000001
O=[N+]([O-])c1ccc(C2=NN(C(=S)Nc3ccccc3)C(c3ccc4c(c3)OCCO4)C2)cc1,200000.0,3.6989700043360187,0,460.51500000000027
O=[N+]([O-])c1cccc(-c2ccc3ncnc(Nc4cccc5[nH]ncc45)c3c2)c1,481.70000000000005,6.3172233536855655,1,382.3830000000001
O=[N+]([O-])c1cccc(-c2nc3sccn3c2-c2ccnc(NCCCNS(=O)(=O)c3ccc(F)cc3)n2)c1,35.0,7.455931955649724,1,553.6010000000002
O=[N+]([O-])c1cccc(-c2nc3sccn3c2-c2ccnc(NCCCNS(=O)(=O)c3cccc(F)c3)n2)c1,21.0,7.6777807052660805,1,553.6010000000002
O=[N+]([O-])c1ccccc1CS(=O)(=O)Nc1ccc(F)c(Nc2ncccc2-c2ncnc3[nH]cnc23)c1F,1500.0,5.823908740944319,0,538.4960000000002
O=[SH](=O)Nc1ccc(-c2ccc3ncnc(Nc4cccc5[nH]ncc45)c3c2)cc1,336.20000000000005,6.473402290896548,1,416.4660000000001
O=c1[nH][nH]c(=O)c2cc(Nc3cccc(O)c3)c(Nc3cccc(O)c3)cc12,290.0,6.5376020021010435,1,376.37200000000007
O=c1[nH][nH]c(=O)c2cc(Nc3cccc(O)c3)c(Nc3ccccc3)cc12,3770.0,5.423658649794207,0,360.37300000000005
O=c1[nH]c2cccc(Oc3ccc(NS(=O)(=O)c4ccc(Cl)c(C(F)(F)F)c4)cc3)c2[nH]1,100000.0,4.0,0,483.85500000000013
O=c1[nH]c2cccc(Oc3ccc(NS(=O)(=O)c4ccc(OC(F)(F)F)cc4)cc3)c2[nH]1,100000.0,4.0,0,465.4090000000001
O=c1[nH]c2cccc(Oc3ccc(NS(=O)(=O)c4cccc(C(F)(F)F)c4)cc3)c2[nH]1,100000.0,4.0,0,449.4100000000001
O=c1[nH]c2cccc(Oc3ccc(NS(=O)(=O)c4ccccc4)cc3)c2[nH]1,850.0,6.070581074285707,1,381.41300000000007
O=c1[nH]c2cccc(Oc3cccc(Cc4cccc(OC(F)(F)F)c4)c3)c2[nH]1,55000.0,4.259637310505756,0,400.35600000000005
O=c1[nH]c2cccc(Oc3cccc(NS(=O)(=O)CCc4ccccc4)c3)c2[nH]1,97000.0,4.013228265733755,0,409.46700000000016
O=c1[nH]c2cccc(Oc3cccc(NS(=O)(=O)Cc4cccc(C(F)(F)F)c4)c3)c2[nH]1,13900.0,4.856985199745905,0,463.4370000000001
O=c1[nH]c2cccc(Oc3cccc(NS(=O)(=O)Cc4cccc(OC(F)(F)F)c4)c3)c2[nH]1,11400.0,4.943095148663527,0,479.43600000000015
O=c1[nH]c2cccc(Oc3cccc(NS(=O)(=O)Cc4ccccc4)c3)c2[nH]1,93500.0,4.029188389127482,0,395.4400000000001
O=c1[nH]c2cccc(Oc3cccc(NS(=O)(=O)c4cc(C(F)(F)F)cc(Cl)c4F)c3)c2[nH]1,32810.0,4.483993769613952,0,501.8450000000001
O=c1[nH]c2cccc(Oc3cccc(NS(=O)(=O)c4cc(Cl)cc(C(F)(F)F)c4)c3)c2[nH]1,12295.0,4.910271466925264,0,483.85500000000013
O=c1[nH]c2cccc(Oc3cccc(NS(=O)(=O)c4ccc(C(F)(F)F)cc4)c3)c2[nH]1,50365.0,4.297871161713119,0,449.4100000000001
O=c1[nH]c2cccc(Oc3cccc(NS(=O)(=O)c4ccc(Cl)c(C(F)(F)F)c4)c3)c2[nH]1,36400.0,4.438898616350944,0,483.85500000000013
O=c1[nH]c2cccc(Oc3cccc(NS(=O)(=O)c4ccc(Cl)cc4)c3)c2[nH]1,84000.0,4.075720713938118,0,415.8580000000001
O=c1[nH]c2cccc(Oc3cccc(NS(=O)(=O)c4cccc(C(F)(F)F)c4)c3)c2[nH]1,36200.0,4.441291429466834,0,449.4100000000001
O=c1[nH]c2cccc(Oc3cccc(NS(=O)(=O)c4cccc(OC(F)(F)F)c4)c3)c2[nH]1,52650.0,4.278601624478495,0,465.4090000000001
O=c1[nH]c2cccc(Oc3cccc(NS(=O)(=O)c4cccc5ccccc45)c3)c2[nH]1,23150.0,4.635449004646028,0,431.4730000000001
O=c1[nH]c2cccc(Oc3cccc(NS(=O)(=O)c4ccccc4)c3)c2[nH]1,15630.0,4.806041021980813,0,381.41300000000007
O=c1[nH]c2nccc(Oc3ccc(NC(=S)Nc4ccc(Cl)c(C(F)(F)F)c4)cc3)c2[nH]1,85.0,7.070581074285707,1,479.8710000000001
O=c1[nH]c2nccc(Oc3ccc(NS(=O)(=O)c4ccc(C(F)(F)F)cc4)cc3)c2[nH]1,100000.0,4.0,0,450.3980000000001
O=c1[nH]c2nccc(Oc3ccc(NS(=O)(=O)c4ccc(Cl)c(C(F)(F)F)c4)cc3)c2[nH]1,100000.0,4.0,0,484.8430000000001
O=c1[nH]c2nccc(Oc3ccc(NS(=O)(=O)c4ccc(Cl)cc4)cc3)c2[nH]1,100000.0,4.0,0,416.84600000000006
O=c1[nH]c2nccc(Oc3ccc(NS(=O)(=O)c4ccc(F)cc4)cc3)c2[nH]1,100000.0,4.0,0,400.3910000000001
O=c1[nH]c2nccc(Oc3ccc(NS(=O)(=O)c4ccccc4)cc3)c2[nH]1,850.0,6.070581074285707,1,382.40100000000007
O=c1[nH]c2nccc(Oc3ccc(NS(=O)(=O)c4ccccc4F)cc3)c2[nH]1,32500.0,4.488116639021126,0,400.3910000000001
O=c1[nH]c2nccc(Oc3ccc(NS(=O)(=O)c4cccs4)cc3)c2[nH]1,12200.0,4.913640169325252,0,388.43000000000006
O=c1c(O)c(-c2cc(O)c(O)c(O)c2)oc2cc(O)cc(O)c12,1562.0,5.806318970458719,0,318.237
O=c1c(O)c(-c2ccc(O)c(O)c2)oc2cc(O)cc(O)c12,7589.0,5.119815447173567,0,302.23800000000006
O=c1oc2c(O)c(O)cc3c(=O)oc4c(O)c(O)cc1c4c23,1760.0,5.7544873321858505,0,302.194
O=c1oc2ccccc2c(N2CCN(C(c3ccc(F)cc3)c3ccc(F)cc3)CC2)c1CO,680.0,6.167491087293763,1,462.4960000000002
O=c1oc2ccccc2c(N2CCN(C(c3ccccc3)c3ccc(Cl)cc3)CC2)c1CO,920.0,6.036212172654444,1,460.96100000000024
O=c1oc2ccccc2c(N2CCN(C(c3ccccc3)c3ccccc3)CC2)c1CO,370.0,6.431798275933005,1,426.5160000000002
O=c1oc2ccccc2c(N2CCN(c3ccc(Cl)c(Cl)c3)CC2)c1CO,2560.0,5.591760034688151,0,405.2810000000002
O=c1oc2ccccc2c(N2CCN(c3ccc(F)cc3)CC2)c1CO,17810.0,4.749336080536756,0,354.38100000000014
O=c1oc2ccccc2c(N2CCN(c3cccc(C(F)(F)F)c3)CC2)c1CO,24230.0,4.6156465858624935,0,404.3880000000001
O=c1oc2ccccc2c(N2CCN(c3cccc(Cl)c3)CC2)c1CO,33490.0,4.475084852460133,0,370.8360000000001
O=c1oc2ccccc2c(N2CCN(c3cccc(Cl)c3Cl)CC2)c1CO,3270.0,5.485452247339714,0,405.2810000000002
O=c1oc2ccccc2c(N2CCN(c3ccccc3)CC2)c1CO,8930.0,5.049148541111453,0,336.39100000000013
O=c1oc2ccccc2c(N2CCN(c3ccccc3F)CC2)c1CO,22010.0,4.657379957446652,0,354.38100000000014
OC1CCN(c2cc(-c3cnc4ccc(N5CCC[C@@H]5c5cccc(F)c5)nn34)ccn2)CC1,5900.0,5.229147988357856,0,458.5410000000001
OCC(CO)n1cc(-c2ccc3c(c2)CC/C3=N\O)c(-c2ccncc2)n1,0.56,9.2518119729938,1,364.40500000000003
OCC(O)Cn1cc(-c2ccc3c(c2)CC/C3=N\O)c(-c2ccncc2)n1,0.87,9.060480747381382,1,364.4050000000001
OCC1(Nc2nc(Cl)cc(N3CCOCC3)n2)CCOCC1,30.95,7.509339346643864,1,328.8000000000001
OCCCc1n[nH]c2c(Cl)ccc(Nc3c(-c4ncccn4)oc4cnccc34)c12,0.8,9.096910013008056,1,420.8600000000001
OCCCn1cc(-c2ccc3c(c2)CC/C3=N\O)c(-c2ccncc2)n1,0.05,10.301029995663981,1,348.406
OCCN1C2CCC1CC(c1ccnc3c(-c4cccc5[nH]ncc45)c(-c4ccncc4)nn13)C2,22.8,7.642065152999546,1,465.56100000000015
OCCn1cc(-c2ccc3c(c2)CC/C3=N/O)c(-c2ccncc2)n1,21.283333333333335,7.6719603531202285,1,334.37899999999996
OCCn1cc(-c2ccc3c(c2)CC/C3=N\O)c(-c2ccncc2)n1,333.57166666666666,6.476810845123313,1,334.37899999999996
OCCn1cc(-c2ccc3c(c2)CCC3=NO)c(-c2ccncc2)n1,35.71,7.447210149807218,1,334.37899999999996
OCc1cccc(-c2[nH]c(-c3ccccc3)nc2-c2ccncc2)c1,1585.0,5.79997073344623,0,327.387
OCc1cccc(-c2ccc3ncnc(Nc4cccc5[nH]ncc45)c3c2)c1,490.65,6.309228196819337,1,367.4120000000001
O[C@@H]1CCC[C@H](n2cc(-c3ccc4c(c3)Cc3c[nH]nc3-4)c(-c3ccncc3)n2)C1,304.5,6.516412703031106,1,397.48200000000014
O[C@@H]1CNCC[C@H]1n1cc(-c2ccc3c(c2)Cc2c[nH]nc2-3)c(-c2ccncc2)n1,2437.95,5.612975205586697,0,398.4700000000001
Oc1c(C(Nc2ccccn2)c2ccco2)cc(Cl)c2cccnc12,600.0,6.221848749616356,1,351.79300000000006
Oc1c(C(Nc2cccnc2)c2ccsc2)ccc2cccnc12,1400.0,5.853871964321762,0,333.41600000000005
Oc1c(F)ccc(Nc2ncnc3ccc(-c4ccc(Cl)cc4)cc23)c1F,183.75,6.735772652243767,1,383.785
Oc1c(F)ccc(Nc2ncnc3ccc(-c4ccc5[nH]ncc5c4)cc23)c1F,3.45,8.462180904926726,1,389.36500000000007
Oc1cc(-c2[nH]c(-c3cccnc3)nc2-c2ccncc2)ccc1Cl,6.0,8.221848749616356,1,348.793
Oc1cc(-c2[nH]c(-c3ccco3)nc2-c2ccncc2)ccc1Cl,13.0,7.886056647693163,1,337.7660000000001
Oc1cc(-c2[nH]cnc2-c2ccncc2)ccc1Cl,33.0,7.481486060122112,1,271.707
Oc1cc(-c2c(-c3ccncc3)nn3c(-c4ccc(N5C[C@@H]6C[C@H]5CN6)cc4)ccnc23)ccc1F,0.32,9.494850021680094,1,478.5310000000002
Oc1cc(-c2c(-c3ccncc3)nn3c(C4CC5CCC(C4)N5)ccnc23)ccc1Cl,0.4,9.397940008672037,1,431.92700000000013
Oc1cc(-c2nc(-c3ccccc3)[nH]c2-c2ccncc2)ccc1Cl,10.0,8.0,1,347.80500000000006
Oc1cc(Nc2c(-c3ncccn3)oc3cnccc23)ccc1Cl,1.4,8.853871964321762,1,338.75400000000013
Oc1cc(Nc2ncnc3ccc(-c4ccc(Cl)cc4)cc23)c(F)cc1F,13.95,7.855425792390384,1,383.7850000000001
Oc1cc(O)c(-c2noc3ccc(NCCN4CCOCC4)cc23)cc1Cl,20000.0,4.698970004336019,0,389.83900000000017
Oc1ccc(-c2[nH]c(-c3ccccc3)nc2-c2ccncc2)cc1,339.0,6.4698003017969175,1,313.36000000000007
Oc1ccc(-c2ccc3nccc(Nc4cccc5[nH]ncc45)c3c2)cc1,186.55,6.729204746623152,1,352.39700000000005
Oc1ccc(-c2ccc3ncnc(Nc4cccc(O)c4)c3c2)cc1,46.3,7.334419008982047,1,329.35900000000004
Oc1ccc(-c2ccc3ncnc(Nc4cccc5[nH]ncc45)c3c2)cc1,499.2,6.301725423325633,1,353.38500000000005
Oc1ccc(-c2ccc3ncnc(Nc4ccccc4)c3c2)cc1,4428.0,5.353792387793315,0,313.36000000000007
Oc1cccc(-c2c(-c3ccncc3)nn3c(-c4ccc(N5C[C@@H]6C[C@H]5CN6)cc4)ccnc23)c1,0.49,9.309803919971486,1,460.5410000000002
Oc1cccc(-c2c(-c3ccncc3)nn3c(-c4ccc(N5C[C@@H]6C[C@H]5CN6)cc4Cl)ccnc23)c1,0.32,9.494850021680094,1,494.9860000000002
Oc1cccc(-c2c(-c3ccncc3)nn3c(-c4ccc(N5C[C@@H]6C[C@H]5CN6)cc4F)ccnc23)c1,0.32,9.494850021680094,1,478.53100000000023
Oc1cccc(-c2c(-c3ccncc3)nn3c(-c4ccc(NCC56CCN(CC5)CC6)cc4)ccnc23)c1,2.0,8.698970004336019,1,502.6220000000004
Oc1cccc(-c2c(-c3ccncc3)nn3c(-c4ccc(N[C@@H]5CN6CCC5CC6)cc4)ccnc23)c1,1.5,8.823908740944319,1,488.5950000000003
Oc1cccc(-c2c(-c3ccncc3)nn3c(-c4ccc(N[C@H]5CN6CCC5CC6)cc4)ccnc23)c1,1.0,9.0,1,488.5950000000003
Oc1cccc(-c2c(-c3ccncc3)nn3c(C4CC5CCC(C4)N5)ccnc23)c1,4.0,8.397940008672037,1,397.4820000000002
Oc1cccc(-c2ccc3nccc(Nc4cccc5[nH]ncc45)c3c2)c1,294.55,6.5308409729279875,1,352.3970000000001
Oc1cccc(-c2ccc3ncnc(Nc4cccc5[nH]ncc45)c3c2)c1,292.05,6.534542789424287,1,353.3850000000001
Oc1cccc(Nc2ncnc3ccc(-c4cccc(O)c4)cc23)c1,39.7,7.401209493236885,1,329.3590000000001
Oc1cccc(Nc2ncnc3ccc(-c4ccccc4)cc23)c1,210.75,6.67623241670322,1,313.36000000000007
Oc1cccc2cc(Nc3c(-c4ncccn4)oc4cnccc34)ccc12,1.0,9.0,1,354.3690000000001
S=C(Nc1ccc(Cl)cc1)N1CCN(c2nnc(Cc3ccccc3)c3ccccc23)CC1,4992.0,5.301725423325633,0,474.03300000000024
S=C(Nc1cccc(Cl)c1)N1CCN(c2nnc(Cc3ccccc3)c3ccccc23)CC1,1156.0,5.93704216591549,0,474.03300000000024
S=C(Nc1ccccc1)N1CCN(c2nnc(Cc3ccccc3)c3ccccc23)CC1,8754.0,5.057793457722905,0,439.5880000000002
S=C(Nc1ccccc1)N1N=C(c2ccc(Br)cc2)CC1c1ccc2c(c1)OCCO2,18700.0,4.728158393463501,0,494.41400000000027
S=C(Nc1ccccc1)N1N=C(c2ccc(Cl)c(Cl)c2)CC1c1ccc2c(c1)OCCO2,39300.0,4.405607449624573,0,484.4080000000003
S=C(Nc1ccccc1)N1N=C(c2ccc(Cl)cc2)CC1c1ccc2c(c1)OCCO2,200000.0,3.6989700043360187,0,449.96300000000025
S=C(Nc1ccccc1)N1N=C(c2ccc(OCc3ccccc3)cc2)CC1c1ccc2c(c1)OCCO2,5230.0,5.281498311132726,0,521.6420000000003
S=C(Nc1ccccc1)N1N=C(c2cccc(Cl)c2)CC1c1ccc2c(c1)OCCO2,95900.0,4.018181392829336,0,449.96300000000025
S=C(Nc1ccccc1)N1N=C(c2ccccc2)CC1c1ccc2c(c1)OCCO2,21300.0,4.671620396561262,0,415.51800000000026
S=C(Nc1ccccc1)N1N=C(c2ccccc2Br)CC1c1ccc2c(c1)OCCO2,124000.0,3.906578314837765,0,494.41400000000027
S=C(Nc1ccccc1)N1N=C(c2cccs2)CC1c1ccc2c(c1)OCCO2,5210.0,5.283162276700476,0,421.54700000000025
[C-]#[N+]C(C)(C)c1cccc(NC(=O)c2ccc(C)c(Nc3ncnc4ccc(N5CCOCC5)nc34)c2)c1,7.0,8.154901959985743,1,507.5980000000003
[C-]#[N+]C1(c2ccc(-c3cnc4[nH]cc(C(=O)c5c(F)ccc(NS(=O)(=O)N(C)C)c5F)c4c3)cc2)CC1,100.0,7.0,1,521.5490000000001
[C-]#[N+]C1(c2ccc(-c3cnc4[nH]cc(C(=O)c5c(F)ccc(NS(=O)(=O)N(C)CC)c5F)c4c3)cc2)CC1,100.0,7.0,1,535.576
[C-]#[N+]C1(c2ccc(-c3cnc4[nH]cc(C(=O)c5c(F)ccc(NS(=O)(=O)N6CCCC6)c5F)c4c3)cc2)CC1,100.0,7.0,1,547.5870000000001
[C-]#[N+]c1ccc(-c2ccc3ncnc(Nc4cccc5[nH]ncc45)c3c2)cc1,274.05,6.562170193591781,1,362.3960000000001
c1cc(-c2[nH]c(C3CCNCC3)nc2-c2ccc3c(c2)Cc2cn[nH]c2-3)ccn1,3115.0,5.506541949004812,0,382.47100000000006
c1cc(-c2c(-c3ccncc3)nn3c(-c4ccc(CN5C[C@@H]6C[C@H]5CN6)cc4)ccnc23)c2cn[nH]c2c1,2.3,8.638272163982407,1,498.59400000000016
c1cc(-c2c(-c3ccncc3)nn3c(-c4ccc(CN5C[C@@H]6C[C@H]5CO6)cc4)ccnc23)c2cn[nH]c2c1,10.0,8.0,1,499.5780000000002
c1cc(-c2ccc3nc(Nc4ccc(OCCN5CCCC5)cc4)ncc3c2)ccn1,178.0,6.749579997691106,1,411.5090000000001
c1cc(-c2nn(C3CC4CCC(C3)N4)cc2-c2ccc3c(c2)Cc2c[nH]nc2-3)ccn1,131.285,6.881784891499001,1,408.5090000000001
c1cc(-c2nn(C3CC4COCC(C3)N4)cc2-c2ccc3c(c2)Cc2c[nH]nc2-3)ccn1,312.0,6.505845405981558,1,424.5080000000001
c1cc(-c2nn(C3CCCNC3)cc2-c2ccc3c(c2)Cc2c[nH]nc2-3)ccn1,837.35,6.077092975343999,1,382.47100000000006
c1cc(-c2nn(C3CCCNCC3)cc2-c2ccc3c(c2)Cc2c[nH]nc2-3)ccn1,771.6,6.112607781028153,1,396.4980000000001
c1cc(-c2nn(C3CCNCC3)cc2-c2ccc3c(c2)Cc2c[nH]nc2-3)ccn1,116.5,6.933674074637962,1,382.47100000000006
c1cc(Nc2ncnc3ccc(-c4ccc5[nH]ncc5c4)cc23)c2cn[nH]c2c1,212.14999999999998,6.6733569638973655,1,377.4110000000001
c1cc(Nc2ncnc3ccc(-c4ccc5c(c4)OCO5)cc23)c2cn[nH]c2c1,151.05,6.820879270390701,1,381.39500000000015
c1ccc(-c2cc3ccncc3cc2OC2CCNCC2)cc1,10000.0,5.0,0,304.39300000000003
c1ccc(-c2ccc3ncnc(Nc4cccc5[nH]ncc45)c3c2)cc1,244.2,6.612254340391137,1,337.3860000000001
c1ccc(-n2cc(-c3ccc4c(c3)Cc3c[nH]nc3-4)c(-c3ccncc3)n2)cc1,2188.3,5.65989313964511,0,375.43500000000006
c1ccc(COc2cccc(-c3nc4sccn4c3-c3ccncn3)c2)cc1,1293.5,5.888233566947438,0,384.46400000000006
c1ccc(Nc2c[nH]c3ncccc23)cc1,100000.0,4.0,0,209.252
c1cnc(-c2oc3cnccc3c2Nc2ccc3c(c2)Cc2c[nH]nc2-3)nc1,4.0,8.397940008672037,1,366.38400000000007
c1cnc(-c2oc3cnccc3c2Nc2cccc3[nH]ncc23)nc1,14.0,7.853871964321762,1,328.33500000000004
