SMILES,IC50,pIC50,Activity,MolWt
C=CC(=O)N(C)CC(=O)NC(CC)CCNC(=O)c1cnc(NCCc2ccncc2)nc1NCCC,1.0,9.0,1,510.643
C=CC(=O)N(C)CC(=O)Nc1cccc(NC(=O)c2cnc(NCCc3ccncc3)nc2NCCC)c1,1.0,9.0,1,516.606
C=CC(=O)NC(C)(C)C(=O)Nc1cccc(NC(=O)c2cnc(NCCc3ccncc3)nc2NCCC)c1,1.0,9.0,1,530.633
C=CC(=O)NCC(=O)NC(CC)CCNC(=O)c1cnc(NCCc2ccncc2)nc1NCCC,1.0,9.0,1,496.616
C=CC(=O)NCC(=O)NCCCNC(=O)c1cnc(NCCc2ccncc2)nc1NCCC,1.0,9.0,1,468.562
C=CC(=O)NCC(=O)Nc1cccc(NC(=O)c2cnc(NCCc3ccncc3)nc2NCCC)c1,1.0,9.0,1,502.579
C=CC(=O)N[C@@H](C)C(=O)Nc1cccc(NC(=O)c2cnc(NCCc3ccncc3)nc2NCCC)c1,1.0,9.0,1,516.606
CC(C)Oc1cncnc1-c1ccc2nc(Nc3cc([C@@H](C)N4CCN(C(=O)CC(F)(F)F)CC4)ccn3)[nH]c2c1,1.0,9.0,1,568.604
CCCCNc1ncc(-c2ccc(C3(N4CCOCC4)CCCC3)cn2)c(NC2CCC(O)CC2)n1,1.0,9.0,1,494.684
CCCN(C)c1nc(NCCc2ccncc2)ncc1C#Cc1cccc(NC(=O)[C@H](C)N(C)C(=O)/C=C/CN(C)C)c1,1.0,9.0,1,582.753
CCCNc1nc(NCCc2ccncc2)ncc1C#Cc1cccc(NC(=O)[C@H](C)N(C)C(=O)/C=C/CN(C)C)c1,1.0,9.0,1,568.726
CCCNc1nc(NCCc2ccncc2)ncc1C(=O)NCCC(CC)NC(=O)CN(C)C(=O)/C=C/CN(C)C,1.0,9.0,1,567.739
CCCNc1nc(NCCc2ccncc2)ncc1C(=O)NCCC(CC)NC(=O)CNC(=O)/C=C/CN(C)C,1.0,9.0,1,553.712
CCCNc1nc(NCCc2ccncc2)ncc1C(=O)NCCCNC(=O)CNC(=O)/C=C/CN(C)C,1.0,9.0,1,525.658
CCCNc1nc(NCCc2ccncc2)ncc1C(=O)Nc1ccc(C)c(NC(=O)CNC(=O)/C=C/CN(C)C)c1,1.0,9.0,1,573.702
CCCNc1nc(NCCc2ccncc2)ncc1C(=O)Nc1cccc(NC(=O)CNC(=O)/C=C/CN(C)C)c1,1.0,9.0,1,559.675
CCCNc1nc(NCCc2ccncc2)ncc1C(=O)Nc1cccc(NC(=O)CNC(=O)/C=C/CN2CC(C)NC(C)C2)c1,1.0,9.0,1,628.782
CCCNc1nc(NCCc2ccncc2)ncc1C(=O)Nc1cccc(NC(=O)CNC(=O)/C=C/CN2CCN(CCO)CC2)c1,1.0,9.0,1,644.781
CCCNc1nc(NCCc2ccncc2)ncc1C(=O)Nc1cccc(NC(=O)[C@H](C)N(C)C(=O)/C=C/CN(C)C)c1,1.0,9.0,1,587.729
CCCNc1nc(NCCc2ccncc2)ncc1C(=O)Nc1cccc(NC(=O)[C@H](C)NC(=O)/C=C/CN(C)C)c1,1.0,9.0,1,573.702
CCCNc1nc(Nc2ccc(C#N)cc2)ncc1C#CCCCNC(=O)[C@H](C)N(C)C(=O)/C=C/CN(C)C,1.0,9.0,1,530.677
CCCNc1nc(Nc2ccc(C(N)=O)cc2)ncc1C#Cc1cccc(NC(=O)[C@H](C)N(C)C(=O)/C=C/CN(C)C)c1,1.0,9.0,1,582.709
CCCNc1nc(Nc2ccc(C(N)=O)cc2)ncc1C(=O)NC1CCCC(NC(=O)CN(C)C(=O)/C=C/CN(C)C)C1,1.0,9.0,1,593.733
CCCNc1nc(Nc2ccc(C(N)=O)cc2)ncc1C(=O)NCCCNC(=O)[C@H](C)N(C)C(=O)/C=C/CN(C)C,1.0,9.0,1,567.695
CCCNc1nc(Nc2ccc(C(N)=O)cc2)ncc1C(=O)Nc1cccc(NC(=O)[C@H](C)N(C)C(=O)/C=C/CN(C)C)c1,1.0,9.0,1,601.712
CCCNc1nc(Nc2ccc(C(N)=O)cc2)ncc1C(=O)Nc1cccc(NC(=O)[C@H](C)N(C)C(=O)/C=C/CN2CC(O)C2)c1,1.0,9.0,1,629.722
CCCNc1nc(Nc2ccc3cnccc3c2)ncc1C(=O)Nc1cccc(NC(=O)[C@H](C)N(C)C(=O)/C=C/CN(C)C)c1,1.0,9.0,1,609.735
CCCNc1nc(Nc2cccc(F)c2)ncc1C#CCCCNC(=O)[C@H](C)N(C)C(=O)/C=C/CN(C)C,1.0,9.0,1,523.657
CCCNc1nc(Nc2cccc(F)c2)ncc1C#C[C@H]1C[C@@H](NC(=O)[C@H](C)N(C)C(=O)/C=C/CN(C)C)C1,1.0,9.0,1,535.668
CCN1CCC(Oc2ccc(C(=O)Nc3ccc(NC(=O)Nc4cc(C(C)(C)C)on4)cc3)nc2)CC1,1.0,9.0,1,506.607
CN(C)c1cc(-c2ccc3nc(Nc4cc(CN5CCN(C(=O)CC(F)(F)F)CC5)ccn4)[nH]c3c2)ccn1,1.0,9.0,1,538.578
CN1CCN(CCc2ccc(Nc3ncc4c(=O)c(C(N)=O)cn(-c5ccc6c(c5)CCC6)c4n3)cc2)CC1,1.0,9.0,1,523.641
CN1CCN(Cc2ccc(-c3cn([C@H]4CC[C@H](O)CC4)c4nc(NCCC5CC5)ncc34)cc2)CC1,1.0,9.0,1,488.68
CN1CCN(Cc2ccc(Nc3ncc4c(=O)c(C(N)=O)cn(-c5ccc6c(c5)CCC6)c4n3)cc2)CC1,1.0,9.0,1,509.614
CNc1nc(Nc2ccc(F)cc2)ncc1C#C[C@H]1C[C@@H](NC(=O)[C@H](C)N(C)C(=O)/C=C/CN(C)C)C1,1.0,9.0,1,507.614
CO/N=C/c1c(N)ncnc1N1CCN(C(=O)Nc2ccc(Oc3ccccc3)cc2)CC1,1.0,9.0,1,447.499
COc1ccc(Cn2ncc(NC(=O)c3cc(NC(=O)Nc4ccc(Cl)c(C(F)(F)F)c4)ccc3C)c2N)cc1,1.0,9.0,1,572.975
C[C@@H](C(=O)N[C@H]1C[C@@H](C#Cc2cnc(Nc3ccc(F)cc3)nc2NC2CC2)C1)N(C)C(=O)/C=C/CN(C)C,1.0,9.0,1,533.652
C[C@@H](C(=O)Nc1cccc(C#Cc2cnc(NCCc3ccncc3)nc2N2CCOCC2)c1)N(C)C(=O)/C=C/CN(C)C,1.0,9.0,1,596.736
C[C@H]1CC[C@@H](n2c3cnccc3c3cnc(Nc4ccc5c(n4)CCN(C(=O)CO)C5)nc32)CC1,1.0,9.0,1,471.565
C[C@H]1CC[C@H](n2c3cnccc3c3cnc(Nc4ccc(N5CCC(N)CC5)cn4)nc32)CC1,1.0,9.0,1,456.598
Cn1cc(Nc2ncc(Br)c(N[C@H]3[C@@H](C(N)=O)[C@@H]4C=C[C@H]3C4)n2)cn1,1.0,9.0,1,404.272
NC1CCC(n2cc(-c3ccc(F)cc3)c3cnc(NCCC4CC4)nc32)CC1,1.0,9.0,1,393.51
Nc1cc(-c2cnn3cc(-c4ccc(OCCN5CCOCC5)cc4)cnc23)ccn1,1.0,9.0,1,416.485
O=C1Nc2ccc(Br)cc2/C1=C1/Nc2ccccc2/C1=N\OCCN1CCNCC1,1.0,9.0,1,468.355
O=c1ccc(-c2cnn3cc(-c4ccc(OCCN5CCOCC5)cc4)cnc23)c[nH]1,1.0,9.0,1,417.469
Oc1ccc(-c2cnn3cc(-c4ccc(OCCN5CCOCC5)cc4)cnc23)cc1O,1.0,9.0,1,432.48
c1cc(-c2cnc3c(-c4cn[nH]c4)cnn3c2)ccc1OCCN1CCOCC1,1.0,9.0,1,390.447
c1cc(-c2cnn3cc(-c4ccc(OCCN5CCCCC5)cc4)cnc23)ccn1,1.0,9.0,1,399.498
c1cc(-c2cnn3cc(-c4ccc(OCCN5CCOCC5)cc4)cnc23)ccn1,1.0,9.0,1,401.47
O=C(Nc1ccc(CN2CCNCC2)cc1)c1n[nH]cc1Nc1ncnc2[nH]ccc12,1.03,8.99,1,417.477
O=C(Nc1ccc(CNC2CC2)cc1)c1n[nH]cc1Nc1ncnc2sccc12,1.05,8.98,1,405.487
COc1cc2c(Oc3ccc(NC(=O)c4cc(-c5ccc(C)cc5)ccn4)cc3F)ccnc2cc1OCCCN1CCN(C)CC1,1.08,8.97,1,635.74
Cc1ccc2c(-c3nc(Nc4cc(CN5C[C@@H](C)N[C@@H](C)C5)cc(C5CC5)c4)ncc3Cl)c[nH]c2c1,1.1,8.96,1,501.078
Cc1cnc(Nc2ccc(N3CCN(C)CC3)c(F)c2)nc1Nc1ccc(S(=O)(=O)NC(C)(C)C)cc1,1.1,8.96,1,527.67
O[C@H]1CC[C@H](Nc2nc(Nc3ccc(F)cc3)ncc2-c2ccc(CN3CCCC3)cn2)CC1,1.1,8.96,1,462.573
O=C(Nc1ccc(Oc2ccnc3[nH]ccc23)c(F)c1)c1cc2cccnc2n(-c2ccc(F)cc2)c1=O,1.16,8.94,1,509.472
CN1CCN(C(=O)CO/N=C2/C(=C3/C(=O)Nc4ccccc43)Nc3ccccc32)CC1.Cl,1.17,8.93,1,453.93
Cl.O=C(CO/N=C1/C(=C2/C(=O)Nc3ccc(Cl)cc32)Nc2ccccc21)NC1CCNCC1,1.18,8.93,1,488.375
CC(C)(C)c1cc(NC(=O)Nc2ccc(-c3cn4c(n3)sc3nc(OCCN5C[C@@H]6C[C@H]5CN6)ccc34)cc2)no1,1.2,8.92,1,572.695
CCCCNc1ncc2c(-c3ccc(S(=O)(=O)N4CCN(C)CC4)c(F)c3)cn([C@H]3CC[C@H](O)CC3)c2n1,1.2,8.92,1,544.697
CN1CCN(Cc2ccc(-c3cn(C4CCC(O)CC4)c4nc(NCCC5CC5)ncc34)cc2)CC1,1.2,8.92,1,488.68
COc1ccc(NC(=O)Nc2ccc3c(c2)NC(=O)/C3=C\c2ccc[nH]2)cc1OC,1.2,8.92,1,404.426
COc1ccn2ncc(/C=N/N(C)S(=O)(=O)c3cc([N+](=O)[O-])ccc3C)c2n1,1.19,8.92,1,404.408
CSc1cc(N2CCOCC2)ccc1NC(=O)c1cnn2ccc(N[C@@H]3CCCNC3)nc12,1.2,8.92,1,467.599
Cc1ccc2c(-c3nc(Nc4cc(CN5C[C@@H](C)N[C@@H](C)C5)cc(C5CC5)c4)ncc3F)c[nH]c2c1,1.2,8.92,1,484.623
Nc1ncc(-c2cnn(CCO)c2)c2scc(-c3ccc(NC(=O)Nc4cccc(F)c4)cc3)c12,1.2149999999999999,8.92,1,488.548
COc1ccc(NC(=O)Nc2ccc(-c3csc4c(-c5cnn(C[C@H](O)CO)c5)cnc(N)c34)cc2)cc1,1.22,8.91,1,530.61
C[C@H]1CC[C@H](n2c3cnccc3c3cnc(Nc4ccc5c(n4)CCN(C(=O)CO)C5)nc32)CC1,1.25,8.91,1,471.565
Cl.O=C1Nc2ccc(F)cc2/C1=C1/Nc2ccccc2/C1=N\OCCC(=O)N1CCNCC1,1.23,8.91,1,471.92
CN1CCN(c2ccc3nc(-c4n[nH]c5ccc(C(=O)NCCCN)cc45)[nH]c3c2)CC1,1.26,8.9,1,432.532
CCCCNc1ncc(-c2cc(NC(C)C)ncn2)c(NC2CCC(O)CC2)n1,1.3,8.89,1,399.543
CCCCNc1ncc2c(-c3ccc(CN4CCN(C)CC4)cc3)cn(C3CCC(O)CC3)c2n1,1.3,8.89,1,476.669
CCCCNc1ncc2c(-c3ccc(S(=O)(=O)N4CCC(F)(F)CC4)cc3)cn(C3CCC(O)CC3)c2n1,1.3,8.89,1,547.672
CN1CCN(C(=O)CO/N=C2/C(=C3/C(=O)Nc4ccc(Cl)cc43)Nc3ccccc32)CC1.Cl,1.3,8.89,1,488.375
CN1CCN(Cc2ccc(NC(=O)[C@@H]3CCN(c4ccc5ncc(-c6ccccn6)n5n4)C3)cc2C(F)(F)F)CC1,1.3,8.89,1,564.616
C[C@H]1CC[C@H](n2c3cnccc3c3cnc(Nc4ccc5c(n4)CCNC5)nc32)CC1,1.3,8.89,1,413.529
Cc1c(NC(=O)CCN2CCCCC2)c[nH]c1/C=C1\C(=O)Nc2ccc(F)cc21,1.3,8.89,1,396.466
Cc1ccc([N+](=O)[O-])cc1S(=O)(=O)n1ccc(-c2cnn3ccc(Cl)nc23)n1,1.28,8.89,1,418.822
O=C1Nc2ccc(Cl)cc2/C1=C1/Nc2ccccc2/C1=N\OCCN1CCNCC1,1.3,8.89,1,423.904
O[C@H]1CC[C@H](Nc2nc(Nc3ccc(Br)cc3)ncc2-c2ccc(CN3CCCC3)cn2)CC1,1.3,8.89,1,523.479
Cc1cc(=O)n(-c2ccc(F)cc2)nc1C(=O)Nc1ccc(Oc2ccnc3[nH]ccc23)c(F)c1,1.32,8.88,1,473.439
Cc1ccc(C(=O)Nc2ccc(CN3CCN(C)CC3)c(C(F)(F)F)c2)cc1C#Cc1cnc2[nH]ncc2c1,1.33,8.88,1,532.57
O=C(NC1CCNCC1)c1ccc2[nH]nc(-c3nc4ccc(N5CCOCC5)cc4[nH]3)c2c1,1.33,8.88,1,445.527
Cc1cc(C)c2[nH]ccc2c1-c1nc(C(N)=O)c(-c2ccc(N3CCNC(C)(C)C3)cc2)o1,1.37,8.86,1,443.551
Cc1csc2ncnc(Nc3c[nH]nc3C(=O)Nc3ccc(CN4CCOCC4)cc3)c12,1.37,8.86,1,449.54
NCCNC(=O)c1ccc2[nH]nc(-c3nc4ccc(N5CCOCC5)cc4[nH]3)c2c1,1.39,8.86,1,405.462
CN1CC[C@@H](NC(=O)CO/N=C2/C(=C3/C(=O)Nc4ccccc43)Nc3ccccc32)C1.Cl,1.4,8.85,1,453.93
CNc1ncc2c(-c3ccc(N4CCN(C)CC4)cc3)nn(CC3CCCC3)c2n1,1.4,8.85,1,405.55
COc1cc(N2CCN(C(C)=O)CC2)ccc1NC(=O)c1cnn2ccc(N[C@@H]3CCCNC3)nc12,1.4,8.85,1,492.584
COc1ccc(NC(=O)Nc2ccc3c(c2)NC(=O)/C3=C\c2ccc[nH]2)cc1,1.4,8.85,1,374.4
C[C@H]1CC[C@H](n2c3cnccc3c3cnc(Nc4ccc5c(n4)C(O)CNC5)nc32)CC1,1.4,8.85,1,429.528
Cc1c(NC(=O)CN2CCCC2)c[nH]c1/C=C1\C(=O)Nc2ccc(F)cc21,1.4,8.85,1,368.412
Cc1cc(N2CCOCC2)ccc1NC(=O)c1cnn2ccc(N[C@@H]3CCCNC3)nc12,1.4,8.85,1,435.532
O[C@H]1CC[C@H](Nc2nc(Nc3ccc(Cl)cc3)ncc2-c2ccc(CN3CCCC3)cn2)CC1,1.4,8.85,1,479.028
CCCCNc1ncc2c(-c3ccc(N4CCN(C)CC4)cc3)cn(C3CCC(O)CC3)c2n1,1.5,8.82,1,462.642
CCCCNc1ncc2c(-c3ccc(N4CCN(C)CC4)cc3)cn([C@H]3CC[C@H](O)CC3)c2n1,1.5,8.82,1,462.642
Cc1ccc(Nc2ncc(-c3ccc(CN4CCCC4)cn3)c(N[C@H]3CC[C@H](O)CC3)n2)cc1,1.5,8.82,1,458.61
Cc1ccc2c(-c3nc(Nc4cc(CN5C[C@H](CO)N[C@H](C)C5)cc(C5CC5)c4)ncc3Cl)c[nH]c2c1,1.5,8.82,1,517.077
Cc1cnc(Nc2ccc(N3CCN(C)CC3)cc2)nc1Nc1ccc(S(=O)(=O)NC(C)(C)C)cc1,1.5,8.82,1,509.68
O=C(NCC1CNC1)c1ccc2[nH]nc(-c3nc4ccc(N5CCOCC5)cc4[nH]3)c2c1,1.52,8.82,1,431.5
O=C(Nc1ccc(-c2ccc3ccccc3c2)cc1)Nc1ccc2c(c1)NC(=O)/C2=C\c1ccc[nH]1,1.5,8.82,1,470.532
OC1CCC(Nc2nc(Nc3ccncc3)ncc2-c2ccccn2)CC1,1.5,8.82,1,362.437
CC1(C)CN(c2ccc(-c3oc(-c4cccc5[nH]ccc45)nc3C(N)=O)cc2)CCN1,1.54,8.81,1,415.497
CCc1cc2c(Nc3c[nH]nc3C(=O)Nc3ccc(CN4CCOCC4)cc3)ncnc2s1,1.56,8.81,1,463.567
Cc1cc(Nc2ncc3ncc(=O)n(-c4ccc(N)cc4)c3n2)ccc1N1CCN(C)CC1,1.56,8.81,1,442.527
CC(=O)N1Cc2ccc(Nc3ncc4c5ccncc5n([C@H]5CC[C@H](C)CC5)c4n3)nc2[C@H](C)C1,1.6,8.8,1,469.593
CC(C)OCc1ccc2c(c1)c1c3c(c4c(c1n2CCCO)Cc1ccccc1-4)C(=O)NC3,1.6,8.8,1,440.543
CCCCNc1ncc(-c2ccc(C3(N4CCOCC4)CCC3)cn2)c(NC2CCC(O)CC2)n1,1.6,8.8,1,480.657
CCCCNc1ncc2c(-c3ccc(S(=O)(=O)N4CCOCC4)c(F)c3)cn([C@H]3CC[C@H](O)CC3)c2n1,1.6,8.8,1,531.654
NCCCCNC(=O)c1ccc2[nH]nc(-c3nc4ccc(N5CCOCC5)cc4[nH]3)c2c1,1.59,8.8,1,433.516
CCc1nc(C(N)=O)c(Nc2ccc(N3CCC(N4CCN(C)CC4)CC3)c(OC)c2)cc1NC1CCOCC1,1.63,8.79,1,551.736
COc1ccc2c(c1)/C(=C1/Nc3ccccc3/C1=N\OCC(=O)N1CCNCC1)C(=O)N2.Cl,1.66,8.78,1,469.929
CCCCNc1ncc2c(-c3ccc(C4(N5CCOCC5)CC4)cc3)cn(C3CCC(O)CC3)c2n1,1.7,8.77,1,489.664
CCCNCCC(=O)Nc1c[nH]c(/C=C2\C(=O)Nc3ccc(F)cc32)c1C,1.7,8.77,1,370.428
COCCN1CCc2nc(Nc3ncc4c5ccncc5n([C@H]5CC[C@H](C)CC5)c4n3)ccc2C1,1.7,8.77,1,471.609
Cc1c(NC(=O)CCN(C)C)c[nH]c1/C=C1\C(=O)Nc2ccc(F)cc21,1.7,8.77,1,356.401
CN1CCN(c2ccc3nc(-c4c(N)c5c(F)cccc5[nH]c4=O)[nH]c3c2)CC1,2.0,8.76,1,392.438
CN[C@@H]1C[C@H]2O[C@@](C)([C@@H]1OC)n1c3ccccc3c3c4c(c5c6ccccc6n2c5c31)C(=O)NC4,1.74,8.757333333333333,1,466.541
CC1CNCc2ccc(Nc3ncc4c5ccncc5n([C@H]5CC[C@H](C)CC5)c4n3)nc21,1.8,8.74,1,427.556
CCCCNc1ncc(-c2ccc(C=C3CCNCC3)cn2)c(N[C@H]2CC[C@H](O)CC2)n1,1.8,8.74,1,436.604
C[C@H]1CC[C@H](n2c3cnccc3c3cnc(Nc4ccc5c(n4)CCN(CCO)C5)nc32)CC1,1.8,8.74,1,457.582
Cc1c(NC(=O)CCN2CCCC2)c[nH]c1/C=C1\C(=O)Nc2ccc(F)cc21,1.8,8.74,1,382.439
Cc1c(NC(=O)CCNC(C)(C)C)c[nH]c1/C=C1\C(=O)Nc2ccc(F)cc21,1.8,8.74,1,384.455
Cc1cccc(NC(=O)Nc2ccc(-c3csc4c(-c5cn[nH]c5)cnc(N)c34)cc2)c1,1.81,8.74,1,440.532
Cl.NC1CCN(C(=O)CO/N=C2/C(=C3/C(=O)Nc4ccc(Cl)cc43)Nc3ccccc32)CC1,1.82,8.74,1,488.375
O=C1Nc2ccc(I)cc2/C1=C1/Nc2ccccc2/C1=N\OCCN1CCNCC1,1.8,8.74,1,515.355
CC1(C)CN(c2ccc(-c3oc(-c4c(F)ccc5[nH]ccc45)nc3C(N)=O)cc2)CCN1,1.92,8.72,1,433.487
C[C@@H]1CN(Cc2cc(Nc3ncc(Cl)c(-c4c[nH]c5cc(Cl)ccc45)n3)cc(C3CC3)c2)C[C@H](C)N1,1.9,8.72,1,521.496
Cc1ccc([N+](=O)[O-])cc1S(=O)(=O)n1cc(-c2cnn3ccc(Cl)nc23)cn1,1.9,8.72,1,418.822
Cn1cc(-c2cnc3c(-c4csc(C(=O)N[C@@H]5CCCC[C@@H]5N)c4)cnn3c2)cn1,1.9,8.72,1,421.53
O=C(Nc1ccc(Cl)cc1)Nc1ccc2c(c1)NC(=O)/C2=C\c1ccc[nH]1,1.9,8.72,1,378.819
COc1ccc(NC(=O)Nc2ccc(-c3csc4c(-c5cnn(CC(C)(C)O)c5)cnc(N)c34)cc2)cc1,1.93,8.71,1,528.638
NCCCNC(=O)c1ccc2[nH]nc(-c3nc4ccc(F)cc4[nH]3)c2c1,1.96,8.71,1,352.373
Cn1ccc2cc(Nc3ncc(C(F)(F)F)c(N[C@H]4CC[C@@H](N)CC4)n3)ccc2c1=O,1.48,8.703333333333333,1,432.45
C#Cc1ccc(Nc2ncc(-c3ccccn3)c(NC3CCC(O)CC3)n2)cc1,2.0,8.7,1,385.471
CC(C)(C)c1cc(NC(=O)Nc2ccc(Oc3ncnc4[nH]ncc34)c(Cl)c2)no1,2.0,8.7,1,427.852
CC1CCC(n2c3cnccc3c3cnc(Nc4ccc(N5CCNCC5)cn4)nc32)CC1,2.0,8.7,1,442.571
CCCCNc1ncc(-c2ccc(C=C3CCN(C(C)C)CC3)cn2)c(N[C@H]2CC[C@H](O)CC2)n1,2.0,8.7,1,478.685
CCCCNc1ncc(-c2ccc(CN3C4CCC3CC4)cn2)c(N[C@H]2CC[C@H](O)CC2)n1,2.0,8.7,1,450.631
CCCCNc1ncc2c(-c3ccc(F)cc3)cn(C3CCC(N)CC3)c2n1,2.0,8.7,1,381.499
CCCCNc1ncc2c(-c3ccc(NC4CCCNCC4)cc3)cn(C3CCC(O)CC3)c2n1,2.0,8.7,1,476.669
CCN(CC)CCC(=O)Nc1c[nH]c(/C=C2\C(=O)Nc3ccc(F)cc32)c1C,2.0,8.7,1,384.455
CCN1C(=O)C(C)(C)c2cc3[nH]c4c(c3cc21)CCCc1c(C)n[nH]c1-4,2.0,8.7,1,348.45
CCN1C(C)(C)CC(Oc2ccc(C(=O)Nc3ccc(NC(=O)Nc4cc(C(C)(C)C)on4)cc3)nc2)CC1(C)C,2.0,8.7,1,562.715
CN(C)C1CCN(c2ccc(Nc3ncc4c5ccncc5n([C@H]5CC[C@H](C)CC5)c4n3)nc2)CC1,2.0,8.7,1,484.652
CN1C(C)(C)CC(Oc2ccc(C(=O)Nc3ccc(NC(=O)Nc4cc(C(C)(C)C)on4)cc3)nc2)CC1(C)C,2.0,8.7,1,548.688
CN1CC[C@H](NC(=O)CO/N=C2/C(=C3/C(=O)Nc4ccccc43)Nc3ccccc32)C1.Cl,2.01,8.7,1,453.93
CNC(=O)c1cc(Oc2ccc(NC(=O)Nc3cc(C(C)(C)C)nn3-c3ccc4ncccc4c3)c(F)c2)ccn1,2.0,8.7,1,553.598
COCCOc1cc2ncnc(Oc3cnn(CC(=O)Nc4cccc(OC)c4)c3)c2cc1OC,2.0,8.7,1,479.493
COCCOc1ccn2c(-c3ccc4cccc(OC5CCNCC5)c4n3)cnc2c1,2.0,8.7,1,418.497
COc1cccc(NC(=O)Cn2cc(Oc3ncnc4cc(OC)c(OC)cc34)cn2)c1,2.0,8.7,1,435.44
C[C@H]1CC[C@H](n2c3cnccc3c3cnc(Nc4ccc(N5CCNCC5)cn4)nc32)CC1,2.0,8.7,1,442.571
C[C@H]1CC[C@H](n2c3cnccc3c3cnc(Nc4ccc5c(n4)CCN(CCCO)C5)nc32)CC1,2.0,8.7,1,471.609
C[C@]1(CO)C[C@H]2O[C@]1(C)n1c3ccccc3c3c4c(c5c6ccccc6n2c5c31)CNC4=O,2.0,8.7,1,437.499
Cc1c(NC(=O)CN(C)C)c[nH]c1/C=C1\C(=O)Nc2ccc(F)cc21,2.0,8.7,1,342.374
Cc1cc(-c2cc(NC(=O)c3ccc(CN4CCN(C)CC4)cc3)[nH]n2)ccc1NC(=O)Nc1cc(C(C)(C)C)on1,2.0,8.7,1,570.698
Cc1cc(NC(=O)Nc2ccc(-c3ccnc4[nH]nc(C)c34)cc2)ccc1N1CCOCC1,2.0,8.7,1,442.523
Cc1cc2oc(-c3cc(-c4cnn(C5CCNCC5)c4)cnc3N)nc2cc1O.O=C(O)C(F)(F)F,2.0,8.7,1,504.469
Cc1ccc(NC(=O)Nc2ccc(-c3cccc4[nH]nc(N)c34)cc2)cc1,2.0,8.7,1,357.417
Cc1cccc(NC(=O)Nc2ccc(-c3csc4ncnc(N)c34)cc2)c1,2.0,8.7,1,375.457
Cl.O=C(CO/N=C1/C(=C2/C(=O)Nc3ccccc32)Nc2ccccc21)NC1CCNCC1,2.02,8.7,1,453.93
Nc1n[nH]c2nccc(-c3ccc(NC(=O)Nc4cccc(C(F)(F)F)c4)cc3)c12,2.0,8.7,1,412.375
Nc1ncnc2c1N=C(c1ccc(NC(=O)Nc3cc(C(F)(F)F)ccc3F)cc1)CCN2,2.0,8.7,1,459.407
Nc1ncnc2c1N=C(c1ccc(NC(=O)Nc3cccc(C(F)(F)F)c3)cc1)CCN2,2.0,8.7,1,441.417
OC1CCC(n2cc(-c3ccc(CN4CCOCC4)cc3)c3cnc(NCCC4CC4)nc32)CC1,2.0,8.7,1,475.637
c1cc2c3cnc(Nc4ccc(N5CCNCC5)cn4)nc3n(C3CCCCC3)c2cn1,2.0,8.7,1,428.544
O=C(Nc1ccc(CN2CCOCC2)cc1)c1n[nH]cc1Nc1ncnc2[nH]ccc12,2.06,8.69,1,418.461
O=C(Nc1ccc(Oc2ccnc3[nH]ccc23)c(F)c1)c1nnn(-c2ccc(F)cc2)c1C(F)(F)F,2.06,8.69,1,500.387
CC(C)Oc1cc(-n2cnc3ccc(N[C@@H](C)c4ccc(F)cn4)nc32)n[nH]1,2.1,8.68,1,381.415
CCCCNc1ncc(-c2ccc(CNC3CCC3)cn2)c(NC2CCC(O)CC2)n1,2.1,8.68,1,424.593
CN1CCN(Cc2ccc(-c3cn(C4CCC(O)CC4)c4nc(NCCCCO)ncc34)cc2)CC1,2.1,8.68,1,492.668
COc1cc(N2CCC(N3CCN(C)CC3)CC2)ccc1Nc1ncc(Cl)c(Nc2ccccc2P(C)(C)=O)n1,2.1,8.68,1,584.105
COc1ccc(NC(=O)CC(=O)Nc2ccc3c(c2)NC(=O)/C3=C\c2[nH]c(C)c(C(=O)NCCN3CCCC3)c2C)cc1,2.1,8.68,1,584.677
COc1ccc2c(c1)/C(=C1/Nc3ccccc3/C1=N\OCCN1CCN(C)CC1)C(=O)N2,2.1,8.68,1,433.512
COc1ccc2c(c1)/C(=C1/Nc3ccccc3/C1=N\OCCN1CCN(C)CC1)C(=O)N2.Cl,2.1,8.68,1,469.973
Cl.NC1CCN(C(=O)CO/N=C2/C(=C3/C(=O)Nc4ccccc43)Nc3ccccc32)CC1,2.07,8.68,1,453.93
O=C(NCCC1CNC1)c1ccc2[nH]nc(-c3nc4ccc(N5CCOCC5)cc4[nH]3)c2c1,2.08,8.68,1,445.527
COc1cc2c(Oc3ccc(NC(=O)c4c(Cl)c5ccccc5n(-c5ccc(F)cc5)c4=O)cc3F)ccnc2cc1OCCCN1CCN(C)CC1,2.15,8.67,1,740.207
CC(C)c1c2cc(-c3ccnc(Nc4ccc5c(N6CCN(C)CC6)ccnc5c4)n3)ccc2nn1C,2.2,8.66,1,492.631
CCCCNc1ncc(-c2cc(NC3CCCCC3)ncn2)c(NC2CCC(O)CC2)n1,2.2,8.66,1,439.608
CCCCNc1ncc(-c2ccc(CNC3CCCC3)cn2)c(NC2CCC(O)CC2)n1,2.2,8.66,1,438.62
CCCCNc1ncc(C(=O)Nc2ccc(CCN3CCN(C)CC3)cc2)c(N[C@H]2CC[C@H](O)CC2)n1,2.2,8.66,1,509.699
CCCCNc1ncc2c(-c3ccc(S(=O)(=O)N4CCOCC4)cc3)cn([C@H]3CC[C@H](O)CC3)c2n1,2.2,8.66,1,513.664
CCCNC(=O)c1cc(Oc2ccc(NC(=O)c3cc4cccnc4n(-c4ccc(F)cc4)c3=O)cc2)ccn1,2.18,8.66,1,537.551
Cc1cc(Nc2cc(N3CCN(C)CC3)nc(/C=C/c3ccccc3)n2)n[nH]1,1.86,8.66,1,375.48
Cc1cccc(NC(=O)Nc2ccc(-c3csc4c(-c5cnn(C[C@H](C)O)c5)cnc(N)c34)cc2)c1,2.18,8.66,1,498.612
NCCCNC(=O)c1ccc2[nH]nc(-c3nc4ccccc4[nH]3)c2c1,2.23,8.65,1,334.383
CC(=O)N1Cc2ccc(Nc3ncc4c5ccncc5n([C@H]5CC[C@H](C)CC5)c4n3)nc2[C@@H](C)C1,2.3,8.64,1,469.593
CC(C)c1cc2c(Nc3c[nH]nc3C(=O)Nc3ccc(CN4CCN(C)CC4)cc3)ncnc2s1,2.31,8.64,1,490.637
CCCCNc1ncc(-c2cc(NC(C)(C)C)ncn2)c(NC2CCC(O)CC2)n1,2.3,8.64,1,413.57
Cc1ccc2c(-c3nc(Nc4cc(CN5C[C@@H](C)NC(C)(C)C5)cc(C5CC5)c4)ncc3Cl)c[nH]c2c1,2.3,8.64,1,515.105
O[C@H]1CC[C@H](Nc2nc(Nc3cccc(F)c3)ncc2-c2ccc(CN3CCCC3)cn2)CC1,2.3,8.64,1,462.573
CCCCNc1ncc(-c2ccc(CN3C4CCCC3CC4)cn2)c(N[C@H]2CC[C@H](O)CC2)n1,2.4,8.62,1,464.658
CN(C)CCn1cc(-c2ccn3c(-c4ccc(C(N)=O)s4)cnc3c2)cn1,2.4,8.62,1,380.477
CN1CCN(CCO/N=C2/C(=C3/C(=O)Nc4ccc(Cl)cc43)Nc3ccccc32)CC1,2.4,8.62,1,437.931
Cc1c(NC(=O)C2CCCCN2)c[nH]c1/C=C1\C(=O)Nc2ccc(F)cc21,2.4,8.62,1,368.412
Cc1cc(Nc2ncc(C(F)(F)F)c(N[C@H]3CC[C@@H](N)CC3)n2)ccc1C(N)=O,2.47,8.61,1,408.428
CC1=CC(=O)N(Nc2nc(-c3cccs3)nc3sc(-c4ccc(OCCNCC(C)C)cc4)c(C)c23)C1=O.Cl,2.495,8.6,1,584.167
CCCCNc1ncc(C(=O)Nc2ccc(CN3CCN(C)CC3)cc2)c(N[C@H]2CC[C@H](O)CC2)n1,2.5,8.6,1,495.672
CCNCCC(=O)Nc1c[nH]c(/C=C2\C(=O)Nc3ccc(F)cc32)c1C,2.5,8.6,1,356.401
CN1CCN(Cc2ccc(-c3cn4c5nc(ncc35)NCCCCCCCCNC(=O)[C@@H](N)CCCC4)cc2)CC1,2.5,8.6,1,560.791
Cc1c(NC(=O)[C@@H]2CCCN2)c[nH]c1/C=C1\C(=O)Nc2ccc(F)cc21,2.5,8.6,1,354.385
Cl.NC1CCN(C(=O)CO/N=C2/C(=C3/C(=O)Nc4ccc(F)cc43)Nc3ccccc32)CC1,2.54,8.6,1,471.92
O=C(Nc1ccc(N2CCNCC2)cc1)c1n[nH]cc1Nc1nc(C2CC2)nc2sccc12,2.53,8.6,1,460.567
CC1(COc2ccc3c(c2)ncn3-c2ccc3cccc(N4CCC(N)CC4)c3n2)COC1,2.0,8.597999999999999,1,443.551
CCN(CC)CCNC(=O)c1c(C)[nH]c2c1CCC/C2=C1/C(=O)Nc2ccc(F)cc21,3.15,8.595,1,424.52
CCCCNc1ncc(-c2cc(Cl)c(CN3CCCC3)cn2)c(N[C@H]2CC[C@H](O)CC2)n1,2.6,8.59,1,459.038
CCCCNc1ncc(-c2ccc(C3=CCNCC3)cn2)c(N[C@H]2CC[C@H](O)CC2)n1,2.6,8.59,1,422.577
CCCCNc1ncc(-c2ccc(CN(CC)CC)cn2)c(N[C@H]2CC[C@H](O)CC2)n1,2.6,8.59,1,426.609
CCCCNc1ncc(-c2ccc(CNC3CCCCC3)cn2)c(NC2CCC(O)CC2)n1,2.6,8.59,1,452.647
CN1CCN(Cc2ccc(NC(=O)c3n[nH]cc3Nc3ncnc4occc34)cc2)CC1,2.56,8.59,1,432.488
COc1ccc(Nc2ncc(-c3ccc(CN4CCCC4)cn3)c(N[C@H]3CC[C@H](O)CC3)n2)cc1,2.6,8.59,1,474.609
N#Cc1cc(N2CCOCC2)ccc1NC(=O)c1cnn2ccc(N[C@@H]3CCCNC3)nc12.O=C(O)C(F)(F)F,2.6,8.59,1,560.537
Cl.O=C(CO/N=C1/C(=C2/C(=O)Nc3ccc(F)cc32)Nc2ccccc21)NC1CCNCC1,2.62,8.58,1,471.92
CCCCNc1ncc(-c2ccnc(N)n2)c(N[C@H]2CC[C@H](O)CC2)n1,2.7,8.57,1,357.462
CCOc1cc(N2CCOCC2)ccc1NC(=O)c1cnn2ccc(N[C@@H]3CCCNC3)nc12,2.7,8.57,1,465.558
COc1cc(N2CCOCC2)ccc1NC(=O)c1cnn2ccc(N[C@@H]3CCCNC3)nc12,2.7,8.57,1,451.531
COc1ccc(C(=O)NC(=O)Nc2ccc3c(c2)NC(=O)/C3=C\c2[nH]c(C)c(CCC(=O)O)c2C)cc1,2.7,8.57,1,502.527
COc1ccc(NC(=O)Nc2ccc3c(c2)NC(=O)/C3=C\c2[nH]c(C)c(CCC(=O)O)c2C)cc1,2.7,8.57,1,474.517
C[C@H]1CC[C@H](n2c3cnccc3c3cnc(Nc4cc5c(cn4)CCN(CCO)C5)nc32)CC1,2.7,8.57,1,457.582
Cc1c(NC(=O)CC2CCCN2)c[nH]c1/C=C1\C(=O)Nc2ccc(F)cc21,2.7,8.57,1,368.412
Cc1c(NC(=O)CN2CCN(C)CC2)c[nH]c1/C=C1\C(=O)Nc2ccc(F)cc21,2.7,8.57,1,397.454
Cl.O=C1Nc2ccccc2/C1=C1/Nc2ccccc2/C1=N\OCCN1CCNCC1,2.7,8.57,1,425.92
O=C(c1ccncc1)N1CCc2nc(-c3cc4cc(F)ccc4[nH]c3=O)[nH]c2C1,2.7,8.57,1,389.39
O=C1Nc2ccccc2/C1=C1/Nc2ccccc2/C1=N\OCCN1CCNCC1,2.7,8.57,1,389.459
CC1(C)CN(c2ccc(-c3oc(-c4ccc(C(F)(F)F)c5[nH]ccc45)nc3C(N)=O)cc2)CCN1,2.8,8.55,1,483.494
CCCCNc1ncc(-c2ncc(CN3CCN(C)CC3)s2)c(N[C@H]2CC[C@H](O)CC2)n1,2.8,8.55,1,459.664
CCCCNc1ncc(C(=O)Nc2ccc(CN3CCOCC3)cc2)c(NC2CCC(O)CC2)n1,2.8,8.55,1,482.629
CCCCNc1ncc2c(-c3ccc(CN4CCOCC4)cc3)cn(C3CCC(O)CC3)c2n1,2.8,8.55,1,463.626
CCCCNc1ncc2c(-c3ccc(S(=O)(=O)C4CCOCC4)cc3)cn(C3CCC(O)CC3)c2n1,2.8,8.55,1,512.676
CCCCNc1ncc(-c2cc(NCCC)ncn2)c(NC2CCC(O)CC2)n1,2.9,8.54,1,399.543
CCCCNc1ncc(-c2ccc(C(=O)NC3CCN(C)CC3)cn2)c(NC2CCC(O)CC2)n1,2.9,8.54,1,481.645
COc1cc(N2CCC(N3CCOCC3)CC2)ccc1NC(=O)c1cnn2ccc(N[C@@H]3CCCNC3)nc12,2.9,8.54,1,534.665
C[C@H]1CC[C@H](n2c3cnccc3c3cnc(Nc4ccc5c(n4)C(O)CN(CCO)C5)nc32)CC1,2.9,8.54,1,473.581
CCCCNc1ncc(-c2ccc(CNC3CC4CCC(C3)N4C)cn2)c(N[C@H]2CC[C@H](O)CC2)n1,2.9,8.535,1,493.7
COCCOCC#Cc1cc(-c2n[nH]c3c2Cc2ccc(Cn4cncn4)cc2-3)cs1,3.0,8.522878745280337,1,431.521
Nc1nccc(Oc2ccc(NC(=O)c3c[nH]cc(-c4ccc(F)cc4)c3=O)cc2F)c1Cl,3.0,8.522878745280337,1,468.847
CC1(C)CCCC(n2c3cnccc3c3cnc(Nc4ccc(N5CCNCC5)cn4)nc32)C1,3.0,8.52,1,456.598
CCCCNc1ncc(-c2ccc(C3(N4CCOCC4)CC3)cn2)c(NC2CCC(O)CC2)n1,3.0,8.52,1,466.63
CCCCNc1ncc(-c2ncc(CN3CCCC3)s2)c(NC2CCC(O)CC2)n1,3.0,8.52,1,430.622
CCCCNc1ncc2c(-c3ccc(CN4CCCN(C)CC4)cc3)cn(C3CCC(O)CC3)c2n1,3.0,8.52,1,490.696
CCCCNc1ncc2c(-c3ccc(S(=O)(=O)N4CCOCC4)cc3)nn([C@H]3CC[C@H](O)CC3)c2n1,3.0,8.52,1,514.652
CN1CCC(c2ccc(Nc3nc(N)n(-c4ccccn4)n3)cc2)CC1,3.0,8.52,1,349.442
CN1CCN(CCO/N=C2/C(=C3/C(=O)Nc4ccc(C(=O)O)cc43)Nc3ccccc32)CC1,3.0,8.52,1,447.495
CN1CCN(S(=O)(=O)c2ccc(-c3cn([C@H]4CC[C@H](O)CC4)c4nc(NCCC5CC5)ncc34)c(F)c2)CC1,3.0,8.52,1,556.708
CN1CCN(c2ccc(Nc3ncc4c(=O)c(C(N)=O)cn(-c5ccc6c(c5)CCC6)c4n3)cc2)CC1,3.0,8.52,1,495.587
CO/N=C/c1c(N)ncnc1N1CCN(C(=O)Nc2ccc(N3CCCC3)cc2)CC1,3.0,8.52,1,424.509
COC(=O)c1ccc2c(c1)/C(=C1/Nc3ccccc3/C1=N\OCCN1CCNCC1)C(=O)N2,3.0,8.52,1,447.495
COC(=O)c1ccc2c(c1)/C(=C1/Nc3ccccc3/C1=N\OCCN1CCNCC1)C(=O)N2.Cl.Cl,3.0,8.52,1,520.417
COCCOc1cc2c(Oc3cnn(CC(=O)Nc4cccc(OC)c4)c3)ncnc2cc1OC,3.0,8.52,1,479.493
COc1cc2ncnc(Oc3cnn(CC(=O)Nc4ccc(N(C)C)cn4)c3)c2cc1OC,3.0,8.52,1,449.471
C[C@H]1CC[C@H](n2c3cnccc3c3cnc(Nc4ccc(N5CCC6(CCC(=O)N6)CC5)cn4)nc32)CC1,3.0,8.52,1,510.646
C[C@]12O[C@@H](C[C@]1(O)CO)n1c3ccccc3c3c4c(c5c6ccccc6n2c5c31)CNC4=O,3.0,8.52,1,439.471
Cc1c(NC(=O)CCN2CCN(C)CC2)c[nH]c1/C=C1\C(=O)Nc2ccc(F)cc21,3.0,8.52,1,411.481
Cc1ccccc1NC(=O)Nc1ccc(-c2cccc3[nH]nc(N)c23)cc1,3.0,8.52,1,357.417
NCCC(Nc1cccc(-c2cnc3c(N[C@H]4CC[C@H](N)CC4)nccn23)n1)c1ccccc1,3.0,8.52,1,456.598
NCCO/N=C1/C(=C2/C(=O)Nc3ccc(C(=O)O)cc32)Nc2ccccc21,3.0,8.52,1,364.361
Nc1n[nH]c2cccc(-c3ccc(NC(=O)Nc4cccc(Cl)c4)cc3)c12,3.0,8.52,1,377.835
Nc1ncnc2c1N=C(c1ccc(NC(=O)Nc3cccc(C(F)(F)F)c3F)cc1)CCN2,3.0,8.52,1,459.407
O=C1Nc2ccc(C(=O)O)cc2/C1=C1/Nc2ccccc2/C1=N\OCCN1CCNCC1,3.0,8.52,1,433.468
CC1CN(CCO)Cc2ccc(Nc3ncc4c5ccncc5n([C@H]5CC[C@H](C)CC5)c4n3)nc21,3.1,8.51,1,471.609
CCCCNc1ncc(-c2cc(NC)ncn2)c(N[C@H]2CC[C@H](O)CC2)n1,3.1,8.51,1,371.489
CCCCNc1ncc(-c2nc(C(N)=O)cs2)c(N[C@H]2CC[C@H](O)CC2)n1,3.1,8.51,1,390.513
CN1CCC(Nc2ccc(C(=O)Nc3cc(-c4cc(C#N)cs4)n[nH]3)cc2)CC1,3.0965,8.51,1,406.515
CN1CCN(S(=O)(=O)c2ccc(-c3cn(C4CCC(O)CC4)c4nc(NCCC5CC5)ncc34)c(F)c2)CC1,3.1,8.51,1,556.708
COc1ccc(-c2ccn3ncc(/C=N/N(C)S(=O)(=O)c4cc([N+](=O)[O-])ccc4C)c3n2)cc1OC,3.12,8.51,1,510.532
CN1CCN(Cc2ccc(NC(=O)c3n[nH]cc3Nc3ncnc4ccccc34)cc2)CC1,3.17,8.5,1,442.527
COc1cc(Nc2ncc3ncc(=O)n(-c4ccc(N)cc4)c3n2)ccc1N1CCN(C)CC1,3.19,8.5,1,458.526
O=C(Nc1ccc(Oc2cc(NC(=O)C3CC3)ncn2)cc1)Nc1ccc(CN2CCn3ccnc3C2)c(C(F)(F)F)c1,3.162,8.5,1,592.582
C[C@]12O[C@H](C[C@]1(O)CO)n1c3ccccc3c3c4c(c5c6ccccc6n2c5c31)CNC4=O,3.0,8.49090909090909,1,439.471
CC(=O)N1CCc2nc(Nc3ncc4c5ccncc5n([C@H]5CC[C@H](C)CC5)c4n3)ccc2C1,3.2,8.49,1,455.566
CC(=O)N1Cc2ccc(Nc3ncc4c5ccncc5n([C@H]5CC[C@H](C)CC5)c4n3)nc2C(C)C1,3.2,8.49,1,469.593
CCCCNc1ncc(-c2cc(NCC)ncn2)c(N[C@H]2CC[C@H](O)CC2)n1,3.2,8.49,1,385.516
CCCCNc1ncc(-c2ccc(CNCc3ccncc3)cn2)c(NC2CCC(O)CC2)n1,3.2,8.49,1,461.614
CN1CCN(CCO/N=C2/C(=C3/C(=O)Nc4ccc(F)cc43)Nc3ccccc32)CC1,3.2,8.49,1,421.476
O=S(=O)(c1ccc(-c2cn(C3CCC(O)CC3)c3nc(NCCC4CC4)ncc23)c(F)c1)N1CCOCC1,3.2,8.49,1,543.665
CCCCNc1ncc(-c2ccc(C3=CCN(C)CC3)cn2)c(N[C@H]2CC[C@H](O)CC2)n1,3.3,8.48,1,436.604
CN1CCN(CCO/N=C2/C(=C3/C(=O)Nc4ccc(F)cc43)Nc3ccccc32)CC1.Cl,3.3,8.48,1,457.937
C[C@H]1CC[C@H](n2c3cnccc3c3cnc(Nc4ccc5c(n4)CCN(C(=O)C(=O)O)C5)nc32)CC1,3.3,8.48,1,485.548
Cl.O=C1Nc2ccc(F)cc2/C1=C1/Nc2ccccc2/C1=N\OCS(=O)(=O)N1CCNCC1,3.29,8.48,1,493.948
OCCCCNc1ncc2c(-c3ccc(CN4CCOCC4)cc3)cn(C3CCC(O)CC3)c2n1,3.3,8.48,1,479.625
CCCCNc1ncc(C(=O)Nc2ccc(CCN3CCOCC3)cc2)c(N[C@H]2CC[C@H](O)CC2)n1,3.4,8.47,1,496.656
CCCCNc1ncc2c(-c3ccc(NC4CCNCC4)cc3)cn([C@H]3CC[C@H](O)CC3)c2n1,3.4,8.47,1,462.642
CCc1nc(Nc2c[nH]nc2C(=O)Nc2ccc(N3CCNCC3)cc2)c2ccsc2n1,3.42,8.47,1,448.556
C[C@H]1CC[C@H](n2c3cnccc3c3cnc(Nc4ccc5c(n4)CCN(CCF)C5)nc32)CC1,3.4,8.47,1,459.573
CCCCNc1ncc(-c2ccc(CNCC3CC3)cn2)c(NC2CCC(O)CC2)n1,3.5,8.46,1,424.593
COc1cc(N(C)CCN(C)C)ccc1NC(=O)c1cnn2ccc(N[C@@H]3CCCNC3)nc12,3.5,8.46,1,466.59
COc1cc(N2CCOCC2)ccc1NC(=O)c1cnn2ccc(N3CCC[C@@H](N)C3)nc12,3.5,8.46,1,451.531
COc1cc2c(Oc3ccc(NC(=O)c4nn(-c5ccc(F)cc5)c(=O)c5ccccc45)cc3F)ccnc2cc1OCCCN1CCCC1,3.49,8.46,1,677.708
O=C(NC1CNC1)c1ccc2[nH]nc(-c3nc4ccc(N5CCOCC5)cc4[nH]3)c2c1,3.51,8.46,1,417.473
CN(C)c1ccc(-c2ccc3nc(-c4n[nH]c5ccc(C(=O)NCCCN)cc45)[nH]c3c2)cc1,3.57,8.45,1,453.55
Cc1sc2ncnc(Nc3c[nH]nc3C(=O)Nc3ccc(CN4CCOCC4)cc3)c2c1C,3.52,8.45,1,463.567
O=C(c1ccc2[nH]nc(-c3nc4ccc(N5CCOCC5)cc4[nH]3)c2c1)N1CC2(CNC2)C1,3.54,8.45,1,443.511
CCCCNc1ncc(-c2ccc(CC3CCNC3)cn2)c(N[C@H]2CC[C@H](O)CC2)n1,3.6,8.44,1,424.593
Cc1nc(Nc2c[nH]nc2C(=O)Nc2ccc(CN3CCOCC3)cc2)c2ccsc2n1,3.63,8.44,1,449.54
Cl.O=C1Nc2ccc(OC(F)(F)F)cc2/C1=C1/Nc2ccccc2/C1=N\OCC(=O)N1CCNCC1,3.65,8.44,1,523.899
Nc1ccc2nc(-c3cc(-c4cnn(C5CCNCC5)c4)cnc3N)oc2c1.O=C(O)C(F)(F)F,3.6,8.44,1,489.458
Cc1cc2[nH]cc(-c3nc(Nc4cc(CN5C[C@@H](C)N[C@@H](C)C5)cc(C5CC5)c4)ncc3Cl)c2cc1O,3.7,8.43,1,517.077
CC1=CC(=O)N(Nc2nc(-c3cccs3)nc3sc(-c4ccc(OC5CCNC5)cc4)c(C)c23)C1=O.Cl,3.769,8.42,1,554.097
CCCCNc1ncc(-c2cc(N)ncn2)c(N[C@H]2CC[C@H](O)CC2)n1,3.8,8.42,1,357.462
CCCCNc1ncc(-c2ccc(CNCCO)cn2)c(NC2CCC(O)CC2)n1,3.8,8.42,1,414.554
CNC(=O)c1ncc(C#Cc2cc(C(=O)Nc3ccc(CN4CCN(CCO)CC4)c(C(F)(F)F)c3)ccc2C)n1C,4.6,8.42,1,582.627
COc1cc(N2CCNCC2)ccc1NC(=O)c1cnn2ccc(N3CCC[C@@H](N)C3)nc12,3.8,8.42,1,450.547
COc1ccc2ncnc(Nc3c[nH]nc3C(=O)Nc3ccc(CN4CCOCC4)cc3)c2c1,3.78,8.42,1,459.51
Cc1nc(Nc2c[nH]nc2C(=O)Nc2ccc(N3CCOCC3)cc2)c2ccsc2n1,3.8,8.42,1,435.513
NC(=O)c1ccc(Nc2ncc(C(F)(F)F)c(N[C@H]3CC[C@@H](O)CC3)n2)cc1,3.83,8.42,1,395.385
CCCCNc1ncc(-c2ccccn2)c(NCC2CCC(N)CC2)n1,3.9,8.41,1,354.502
COc1cc(N2CCN(S(C)(=O)=O)CC2)ccc1NC(=O)c1cnn2ccc(N3CCC[C@@H](N)C3)nc12,3.9,8.41,1,528.639
NC(=O)c1ccc(Nc2ncc(C(F)(F)F)c(N[C@H]3CC[C@@H](N)CC3)n2)cc1,3.89,8.41,1,394.401
CC(C)(C)c1cc(NC(=O)Nc2ccc(-c3c[nH]c4ncnc(N)c34)cc2F)no1,4.0,8.4,1,409.425
CCCCNc1cc(-c2cnc(NCCCC)nc2NC2CCC(O)CC2)ncn1,4.0,8.4,1,413.57
CCS(=O)(=O)N1CCN(c2ccc(Nc3ncc(C(N)=O)c(NC4CC4)n3)cc2)CC1,4.0,8.4,1,445.549
CCc1cc2oc(-c3cc(-c4cnn(C5CCNCC5)c4)cnc3N)nc2cc1O.O=C(O)C(F)(F)F,4.0,8.4,1,518.496
CCn1cc(NC(=O)Cc2ccc(Oc3ccnc4cc(OC)c(OC)cc34)cc2)cn1,4.0,8.4,1,432.48
CCn1cc(NC(=O)Cn2cc(Oc3ncnc4cc(OC)c(OC)cc34)cn2)cn1,4.0,8.4,1,423.433
CN(C)C1CCN(c2ccc(Nc3ncc4c5ccncc5n([C@H]5CC[C@H](C)CC5)c4n3)nn2)CC1,4.0,8.4,1,485.64
CN1CCN(Cc2ccc(C(=O)Nc3cc(-c4ccc(CNC(=O)Nc5cc(C(C)(C)C)on5)cc4)n[nH]3)cc2)CC1,4.0,8.4,1,570.698
COCCOc1ccn2c(-c3ccc4cccc(O[C@@H]5CCNC[C@@H]5F)c4n3)cnc2c1,4.0,8.4,1,436.487
COc1cc(Nc2ncc(C(F)(F)F)c(N[C@H]3CC[C@@H](N)CC3)n2)ccc1C(N)=O,3.99,8.4,1,424.427
COc1cc2ncnc(Nc3cnn(CC(=O)Nc4ccc(N(C)C)cc4)c3)c2cc1OC,4.0,8.4,1,447.499
COc1cc2ncnc(Nc3cnn(CC(=O)Nc4cccc(F)c4)c3)c2cc1OC,4.0,8.4,1,422.42
COc1ccc(NC(=O)Nc2ccc3c(c2)NC(=O)/C3=C\c2[nH]c(C)c(CC(=O)O)c2C)cc1,4.0,8.4,1,460.49
Cc1ccc(NC(=O)Nc2ccc(-c3cccc4onc(N)c34)cc2)cc1,4.0,8.4,1,358.401
Cc1cccc(NC(=O)Nc2ccc(-c3cc(C)nc4noc(N)c34)cc2)c1,4.0,8.4,1,373.416
Cc1cccc(NC(=O)Nc2ccc(-c3cncc4c3c(N)nn4C)cc2)c1,4.0,8.4,1,372.432
Cc1cnc(Nc2ccc(N3CCC(N(C)CCO)CC3)c(F)c2)nc1-c1cnn(C(C)C)c1,4.0,8.4,1,467.593
Cc1nc(Nc2cc(-c3ccc(CNC(=O)OCc4cccnc4)cc3)n[nH]2)cc(N2CCN(C)CC2)n1,4.0,8.4,1,513.606
Cn1cc(-c2cn3c(-c4cccc(NC5CCNC5)n4)cnc3cc2CO)cn1,4.0,8.4,1,389.463
N[C@H]1CC[C@@H](Nc2nc(Nc3ccc4c(c3)CNC4=O)ncc2C(F)(F)F)CC1,3.97,8.4,1,406.412
Nc1ncc(-c2cnn(C3CCNCC3)c2)cc1-c1nc2ccc(O)cc2o1.O=C(O)C(F)(F)F,4.0,8.4,1,490.442
Nc1noc2cccc(-c3ccc(NC(=O)Nc4ccc(F)cc4)cc3)c12,4.0,8.4,1,362.364
O=C(Nc1ccc(Oc2ccnc3[nH]ccc23)c(F)c1)c1cccn(-c2ccc(F)cc2)c1=O,4.0,8.4,1,458.424
Oc1ccc(-c2ccc3c(-c4ccc(N5CCNCC5)cc4)n[nH]c3n2)cc1,4.0,8.4,1,371.444
CCCCNc1ncc(-c2cc(N3CCCC3)ncn2)c(NC2CCC(O)CC2)n1,4.1,8.39,1,411.554
CCN(CC)CCOc1ccc(/C=C2\C(=O)Nc3ccc(Cl)cc32)cc1,4.1,8.39,1,370.88
Cc1cc(-c2ccc(NC(=O)Nc3ccc(Cl)c(C(F)(F)F)c3)cc2)c2c(N)onc2n1,4.3,8.385,1,461.831
CCCCNc1ncc(-c2ccc(F)cn2)c(NCC2CCC(N)CC2)n1,4.2,8.38,1,372.492
CNC(=O)c1ccc(Nc2ncc(C(F)(F)F)c(N[C@H]3CC[C@@H](N)CC3)n2)cc1,4.31,8.37,1,408.428
CCCCNc1ncc(-c2cccc(CN3CCCCC3)n2)c(N[C@H]2CC[C@H](O)CC2)n1,4.4,8.36,1,438.62
CCN(CC)CCNC(=O)c1c(C)[nH]c(/C=C2\C(=O)Nc3cc(NC(=O)NC(=O)c4ccc(OC)cc4F)ccc32)c1C,4.4,8.36,1,590.656
COc1cc(O)c2c(c1)-c1cccc(c1)[C@@H](O)[C@H](O)C(=O)/C=C\C[C@H](C)OC2=O,4.37,8.36,1,398.411
CCCCNc1ncc(-c2ccc(CN3CCNCC3(C)C)cn2)c(NC2CCC(O)CC2)n1,4.5,8.35,1,467.662
CN1Cc2cc(Nc3ncc(C(F)(F)F)c(N[C@H]4CC[C@@H](N)CC4)n3)ccc2C1=O,4.43,8.35,1,420.439
O=C(c1ccc2[nH]nc(-c3nc4ccc(N5CCOCC5)cc4[nH]3)c2c1)N1CCNCC1,4.47,8.35,1,431.5
CC(=O)N1CCN(c2ccc(Nc3ncc(C(F)(F)F)c(N4Cc5cccc(N(C)S(C)(=O)=O)c5C4)n3)cc2)CC1,4.6,8.34,1,589.644
CCCCNc1ncc(-c2ccc(CNC(C)(C)C)cn2)c(N[C@H]2CC[C@H](O)CC2)n1,4.6,8.34,1,426.609
CCCCNc1ncc(-c2ccccn2)c(NC2CCC(CN)CC2)n1,4.6,8.34,1,354.502
Cn1cc(-c2nc(N[C@@H]3CCCC[C@@H]3N)c(F)c3c2C(=O)NC3)cn1,4.6,8.34,1,344.394
N[C@H]1CC[C@@H](Nc2nc(Nc3ccc(NC(=O)C4CC4)cc3)ncc2C(F)(F)F)CC1,4.58,8.34,1,434.466
O=C(NCc1ccc(-c2cc(NC(=O)c3ccc(OCCN4CCCC4)cc3)[nH]n2)cc1)OCc1ccccc1,10.0,8.333333333333334,1,539.636
CCCCNc1ncc(-c2cc(NC3CC3)ncn2)c(NC2CCC(O)CC2)n1,4.7,8.33,1,397.527
CCCCNc1ncc(-c2ccc(CN3CCCC3)cn2)c(NC2CCC(O)CC2)n1,4.7,8.33,1,424.593
CN1CCN(Cc2ccc(NC(=O)c3n[nH]cc3Nc3ncnc4sccc34)cc2)CC1,5.01,8.33,1,448.556
CN[C@@H]1CC2OC([C@@H]1OC)n1c3ccccc3c3c4c(c5c6ccccc6n2c5c31)C(=O)NC4,4.66,8.33,1,452.514
CC(=O)Nc1ccc(Nc2ncc(C(F)(F)F)c(N[C@H]3CC[C@@H](N)CC3)n2)cc1,4.74,8.32,1,408.428
CCCCNc1ncc(-c2ccc(CNC34CC5CC(CC(C5)C3)C4)cn2)c(N[C@H]2CC[C@H](O)CC2)n1,4.8,8.32,1,504.723
CN1CCN(CCO/N=C2/C(=C3/C(=O)Nc4ccc(Br)cc43)Nc3ccccc32)CC1,4.8,8.32,1,482.382
COc1cc2c(Oc3ccc(NC(=O)C4(C(=O)Nc5ccc(F)cc5)CC4)cc3F)ccnc2cc1OCCCN1CCOCC1,5.38,8.32,1,632.664
O=C(Nc1ccccc1)Nc1ccc2c(c1)NC(=O)/C2=C\c1ccc[nH]1,6.15,8.32,1,344.374
Oc1ccc(Nc2nc(NCCc3ccncc3)ncc2-c2nnc(C3CC3)o2)cc1,4.8,8.32,1,415.457
CCCCNc1ncc(-c2ccc(CNCC)cn2)c(NC2CCC(O)CC2)n1,4.9,8.31,1,398.555
CCCCNc1ncc(-c2ncc(C(N)=O)s2)c(N[C@H]2CC[C@H](O)CC2)n1,4.9,8.31,1,390.513
CCCNc1nc(NCCc2ccncc2)ncc1-c1nnc(C2CC2)o1,4.9,8.31,1,365.441
CN1CCN(Cc2ccc(NC(=O)c3n[nH]cc3Nc3ccnc4ccc(Br)cc34)cc2)CC1,4.84,8.31,1,520.435
COc1cc(O)c2c(c1)/C=C/C[C@@H](O)[C@H](O)C(=O)/C=C\C[C@H](C)OC2=O,4.9,8.31,1,362.378
CNc1nccn2c(-c3ccnc(Nc4ccccc4)n3)cnc12,5.0,8.301029995663981,1,317.356
NCC(Nc1cccc(-c2cnc3c(NCCN4CCOCC4)nccn23)n1)c1cccc(Cl)c1,5.0,8.301029995663981,1,493.015
NCC(Nc1cccc(-c2cnc3c(N[C@H]4CC[C@H](N)CC4)nccn23)n1)c1ccccc1,5.0,8.301029995663981,1,442.571
NCC(Nc1nccc(-c2cnc3c(N[C@H]4CC[C@H](N)CC4)nccn23)n1)c1ccccc1,5.0,8.301029995663981,1,443.559
NCCC(Nc1cccc(-c2cnc3c(NCCN4CCOCC4)nccn23)n1)c1cccc(Cl)c1,5.0,8.301029995663981,1,507.042
NCCC(Nc1nccc(-c2cnc3c(N[C@H]4CC[C@H](N)CC4)nccn23)n1)c1ccccc1,5.0,8.301029995663981,1,457.586
N[C@H]1CC[C@H](Nc2nccn3c(-c4cccc(NCc5ccccc5Cl)n4)cnc23)CC1,5.0,8.301029995663981,1,447.974
N[C@H]1CC[C@H](Nc2nccn3c(-c4cccc(NCc5ccsc5)n4)cnc23)CC1,5.0,8.301029995663981,1,419.558
N[C@H]1CC[C@H](Nc2nccn3c(-c4ccnc(NCc5cccc(Cl)c5)n4)cnc23)CC1,5.0,8.301029995663981,1,448.962
N[C@H]1CC[C@H](Nc2nccn3c(-c4ccnc(NCc5ccccc5)n4)cnc23)CC1,5.0,8.301029995663981,1,414.517
N[C@H]1CC[C@H](Nc2nccn3c(-c4ccnc(NCc5ccccc5Cl)n4)cnc23)CC1,5.0,8.301029995663981,1,448.962
CC(C)(C)c1cc(NC(=O)Nc2ccc(Oc3ncnc4[nH]ncc34)c(F)c2)no1,5.0,8.3,1,411.397
CCCCNc1ncc2c(-c3ccc(NC4CCNCC4)cc3)cn(C3CCC(O)CC3)c2n1,5.0,8.3,1,462.642
CCN(CCO)Cc1cc(Nc2nc(C)cn3c(-c4cn[nH]c4)cnc23)sn1,5.0,8.3,1,398.496
CCN(Cc1cc(Nc2nc(C)cn3c(-c4cn[nH]c4)cnc23)sn1)C(C)(C)CO.Cl,5.0,8.3,1,463.011
CCN1CCN(Cc2ccc(NC(=O)Nc3ccc(Oc4cc(NC)ncn4)cc3)cc2C(F)(F)F)CC1,5.012,8.3,1,529.567
CCNc1cc(O)c2c(c1)/C=C/C[C@H](O)[C@H](O)C(=O)/C=C\[C@@H](C)[C@H](C)OC2=O,5.0,8.3,1,389.448
CCc1cc(NC(=O)Cc2ccc(Oc3ncnc4cc(OC)c(OC)cc34)cc2)n[nH]1,5.0,8.3,1,433.468
COC(=O)c1ccc2c(c1)/C(=C1/Nc3ccccc3/C1=N\OCCN)C(=O)N2,5.0,8.3,1,378.388
COCc1cc(-c2ccc3nc(Nc4cc([C@@H](C)N5CCN(C(=O)CC(F)(F)F)CC5)ccn4)[nH]c3c2)ncn1,5.0,8.3,1,554.577
COc1cccc(NC(=O)Cn2cc(Oc3ncnc4cc(OC)cc(OC)c34)cn2)c1,5.0,8.3,1,435.44
COc1cccc(NC(=O)Cn2cc(Oc3ncnc4cc(OCCN5CCCC5)c(OC)cc34)cn2)c1,5.0,8.3,1,518.574
C[C@H]1CC[C@H](n2c3cnccc3c3cnc(Nc4ccc(N5CCC6(CC5)CCS(=O)(=O)C6)nn4)nc32)CC1,5.0,8.3,1,546.701
Cc1cc(-c2ccc(NC(=O)Nc3cccc(Cl)c3)cc2)c2c(N)onc2n1,5.0,8.3,1,393.834
Cc1cc(/C=C2\C(=O)Nc3ccc(F)c(F)c32)c2ccccc(OCCCN(C)C)c1-2,5.0,8.3,1,422.475
Cc1cccc(NC(=O)Nc2ccc(-c3cnc4c(-c5cnn(C)c5)ccn4c3N)cc2)c1,5.0,8.3,1,437.507
Cc1cn2c(-c3cn[nH]c3)cnc2c(Nc2cc(C(NC(C)(C)C)c3ccccn3)ns2)n1,5.0,8.3,1,459.583
Cc1nc(Nc2cc(-c3ccc(CNC(=O)OCc4cc(C)on4)cc3)n[nH]2)cc(N2CCN(C)CC2)n1,5.0,8.3,1,517.594
Cl.O=C(CO/N=C1/C(=C2/C(=O)Nc3ccccc32)Nc2ccccc21)NC1CNC1,4.95,8.3,1,425.876
Clc1nccc2c3cnc(Nc4ccc(N5CCNCC5)cn4)nc3n(C3CCCC3)c12,5.0,8.3,1,448.962
FC(F)(F)c1n[nH]cc1-c1nc2ccc3[nH]ncc3c2c2c1CCCC2,5.0,8.3,1,357.339
N[C@H]1CC[C@@H](Nc2cc[nH]c(=O)c2-c2nc3ccccc3[nH]2)CC1,5.0,8.3,1,323.4
Nc1n[nH]c2cccc(-c3ccc(NC(=O)Nc4ccsc4)cc3)c12,5.0,8.3,1,349.419
Nc1noc2cccc(-c3ccc(NC(=O)Nc4cccc([N+](=O)[O-])c4)cc3)c12,5.0,8.3,1,389.371
O[C@H]1CC[C@H](n2c3cnccc3c3cnc(Nc4ccc(N5CCNCC5)cn4)nc32)CC1,5.0,8.3,1,444.543
CCCCNc1ncc(-c2ccc(C(=O)N(C)C3CCN(C)CC3)cn2)c(NC2CCC(O)CC2)n1,5.1,8.29,1,495.672
Cc1ccc([N+](=O)[O-])cc1S(=O)(=O)N(C)/N=C/c1cnc2ccc(Br)cn12,5.15,8.29,1,452.29
CC1=CC(=O)N(Nc2nc(-c3cccs3)nc3sc(-c4ccc(OCCNCCO)cc4)c(C)c23)C1=O.Cl,5.314,8.28,1,572.112
CCCCNc1ncc(-c2cc(SC)nc(C)n2)c(N[C@H]2CC[C@H](O)CC2)n1,5.2,8.28,1,402.568
CCCCNc1ncc(-c2ccc(CN3CCN(C)CC3)cn2)c(NC2CCC(O)CC2)n1,5.2,8.28,1,453.635
CCCCNc1ncc(-c2ccc(CN3C[C@@H]4C[C@H]3CN4)cn2)c(NC2CCC(O)CC2)n1,5.3,8.28,1,451.619
CCCCNc1ncc(-c2ccc(CNC3CC3)cn2)c(NC2CCC(O)CC2)n1,5.2,8.28,1,410.566
CCCCNc1ncc2c(-c3ccc(NC4CCN(C)CC4)cc3)cn(C3CCC(O)CC3)c2n1,5.3,8.28,1,476.669
CN1CCN(c2ccc(Nc3ncc4ncc(=O)n(-c5ccc(N)cc5)c4n3)cc2Cl)CC1,5.24,8.28,1,462.945
COc1cc2c(Oc3ccc(NC(=O)c4cc5cccnc5n(-c5ccc(F)cc5)c4=O)cc3F)ccnc2cc1OCCCN1CCN(C)CC1,5.31,8.28,1,706.75
Cc1[nH]c(/C=C2\C(=O)Nc3ccc(F)cc32)c(C)c1NC(=O)[C@H]1CCCN1.Cl,5.3,8.28,1,404.873
CCCCNc1ncc(-c2cc(OC)ncn2)c(N[C@H]2CC[C@H](O)CC2)n1,5.4,8.27,1,372.473
CCCCNc1ncc(-c2ccc(C=C3CCN(C)CC3)cn2)c(N[C@H]2CC[C@H](O)CC2)n1,5.4,8.27,1,450.631
CCN(CC)Cc1ccc(NC(=O)c2n[nH]cc2Nc2ncnc3sccc23)cc1,5.36,8.27,1,421.53
CN1CCN(C(=O)c2ccc(NC(=O)c3csc4c(=O)[nH]cnc34)c(-c3ccccc3)c2)CC1,5.4,8.27,1,473.558
CN1CCN(Cc2ccc(-c3cn4c5nc(ncc35)NCCCCCCC(O)CCCCC4)cc2)CC1,5.4,8.27,1,504.723
C=CC(=O)NCC(=O)N(C)c1cccc(NC(=O)c2cnc(NCCc3ccncc3)nc2NCCC)c1,5.5,8.26,1,516.606
C=CC(=O)NCC(=O)Nc1cc(Cl)cc(NC(=O)c2cnc(NCCc3ccncc3)nc2NCCC)c1,5.5,8.26,1,537.024
C=CC(=O)NCC(=O)Nc1cccc(CNC(=O)c2cnc(NCCc3ccncc3)nc2NCCC)c1,5.5,8.26,1,516.606
C=CC(=O)NCC(=O)Nc1ccccc1CNC(=O)c1cnc(NCCc2ccncc2)nc1NCCC,5.5,8.26,1,516.606
C=CC(=O)NCCNc1cccc(NC(=O)c2cnc(NCCc3ccncc3)nc2NCCC)c1,5.5,8.26,1,488.596
C=CC(=O)NCCOc1cccc(NC(=O)c2cnc(NCCc3ccncc3)nc2NCCC)c1,5.5,8.26,1,489.58
C=CC(=O)N[C@H](C)C(=O)Nc1cccc(NC(=O)c2cnc(NCCc3ccncc3)nc2NCCC)c1,5.5,8.26,1,516.606
CCCCNc1ncc(-c2cc(N3CCOCC3)ncn2)c(NC2CCC(O)CC2)n1,5.5,8.26,1,427.553
CCCCNc1ncc(-c2cc(Nc3ccccc3)ncn2)c(N[C@H]2CC[C@H](O)CC2)n1,5.5,8.26,1,433.56
CCCCNc1ncc(-c2ccc(CN3CC[C@@H](N(C)C)C3)cn2)c(NC2CCC(O)CC2)n1,5.5,8.26,1,467.662
CCCNc1nc(NCCc2ccncc2)ncc1C(=O)Nc1cccc(NC(=O)CNC(=O)/C=C/CN2CCN(C)CC2)c1,5.5,8.26,1,614.755
CCCNc1nc(NCCc2ccncc2)ncc1C(=O)Nc1cccc(NC(=O)CNC(=O)/C=C/CN2CCOCC2)c1,5.5,8.26,1,601.712
CCCNc1nc(Nc2ccc(C(N)=O)cc2)ncc1C#Cc1cccc(NCCNC(=O)/C=C/CN(C)C)c1,5.5,8.26,1,540.672
CCCNc1nc(Nc2cccc(C#N)c2)ncc1C#CCCCNC(=O)[C@H](C)N(C)C(=O)/C=C/CN(C)C,5.5,8.26,1,530.677
COCCOc1ccn2c(-c3ccc4cccc(O[C@@H]5CCNC[C@H]5F)c4n3)cnc2c1,6.5,8.26,1,436.487
O=C(Nc1ccc(N2CCOCC2)cc1C(F)(F)F)c1cnn2ccc(N[C@@H]3CCNC3)nc12,5.5,8.26,1,475.475
CC(C)(C)c1cc(NC(=O)Nc2ccc(-c3cn4c5c(sc4n3)CCc3c[nH]cc3-5)cc2)no1,5.6,8.25,1,472.574
CCCCNc1ncc(-c2cc(NC3CCCC3)ncn2)c(NC2CCC(O)CC2)n1,5.6,8.25,1,425.581
CCCCNc1ncc(-c2ccc(CN3CCN[C@H](C)C3)cn2)c(NC2CCC(O)CC2)n1,5.6,8.25,1,453.635
CN1CCN(CCO/N=C2/C(=C3/C(=O)Nc4ccc(OC(F)(F)F)cc43)Nc3ccccc32)CC1,5.6,8.25,1,487.482
CN1CCN(CCO/N=C2/C(=C3/C(=O)Nc4ccc(OC(F)(F)F)cc43)Nc3ccccc32)CC1.Cl,5.62,8.25,1,523.943
COc1cc(O)c2c(c1)CCC[C@H](O)[C@H](O)C(=O)/C=C\C[C@H](C)OC2=O,1.8,8.25,1,364.394
CN1CCN(CCO/N=C2/C(=C3/C(=O)Nc4ccc(I)cc43)Nc3ccccc32)CC1,5.8,8.24,1,529.382
O[C@H]1CC[C@H](Nc2nc(NCCC3CC3)ncc2-c2nccs2)CC1,5.8,8.24,1,359.499
C#Cc1cccc(NC(=O)Nc2nnc(Sc3ncnc4cc(OCCCN5CCOCC5)ccc34)s2)c1,6.0,8.22,1,547.666
CC(C)(C)c1cc(NC(=O)Nc2ccc(-c3c[nH]c4ncnc(N)c34)cc2)no1,6.0,8.22,1,391.435
CC(C)(C)c1cc(NC(=O)Nc2ccc(-c3cn(CCC#N)c4ncnc(N)c34)cc2)no1,6.0,8.22,1,444.499
CC(C)(C)c1cc(NC(=O)Nc2ccc(Oc3ncnc4[nH]ncc34)cc2F)no1,6.0,8.22,1,411.397
CCCCNc1ncc(-c2ccc(N3CCN(C)CC3)cn2)c(NC2CCC(O)CC2)n1,6.0,8.22,1,439.608
CN1CCN(c2ccc(C(=O)Nc3cc(-c4ccc(CNC(=O)OCc5ccccc5)cc4)n[nH]3)cc2)CC1,6.0,8.22,1,524.625
CNc1cc(-c2ccc3nc(Nc4cc(CN5CCN(C(=O)CC(F)(F)F)CC5)ccn4)[nH]c3c2)ncn1,6.0,8.22,1,525.539
COc1cc2cc(c1OCCN1CCCC1)COCC=CCOCc1cccc(c1)-c1ccnc(n1)N2,6.0,8.22,1,502.615
C[C@@H](O)CN(C)C1CCN(c2ccc(Nc3ncc4c5ccncc5n([C@H]5CC[C@H](C)CC5)c4n3)nn2)CC1,6.0,8.22,1,529.693
C[C@H]1CC[C@H](n2c3cnccc3c3cnc(Nc4ccc(N5CCNCC5)nn4)nc32)CC1,6.0,8.22,1,443.559
Cc1cc(NC(=O)Nc2cc(C(C)(C)C)on2)ccc1Oc1ncnc2[nH]ncc12,6.0,8.22,1,407.434
Cc1cc(NC(=O)Nc2ccc(-c3cc(NC(=O)c4ccc(N5CCN(C)CC5)cc4)[nH]n3)cc2)no1,6.0,8.22,1,500.563
Cc1nc(Nc2cc(-c3cccc(NS(=O)(=O)c4ccccc4)c3)n[nH]2)cc(N2CCN(C)CC2)n1,6.0,8.22,1,504.62
Clc1ccccc1CNc1nccc(-c2cnc3c(NCCN4CCOCC4)nccn23)n1,6.0,8.22,1,464.961
NCCCCNc1nc(Nc2ccc(CN3CCOCC3)cc2)c2ncn(C3CCCC3)c2n1,6.0,8.22,1,464.618
N[C@H]1CC[C@H](Nc2nccn3c(-c4cccc(NCc5ccccc5)n4)cnc23)CC1,6.0,8.22,1,413.529
N[C@H]1CC[C@H](Nc2nccn3c(-c4cccc(NCc5cccs5)n4)cnc23)CC1,6.0,8.22,1,419.558
Nc1ncnc2c1N=C(c1ccc(NC(=O)Nc3cccc(Cl)c3)cc1)CCN2,6.0,8.22,1,407.865
Nc1noc2cccc(-c3ccc(NC(=O)Nc4cccc(Cl)c4)cc3)c12,6.0,8.22,1,378.819
CN1CCN(c2ccc(Nc3ncc4ncc(=O)n(-c5cccc(N)c5)c4n3)cc2)CC1,6.13,8.21,1,428.5
COc1cc2nccc(Oc3ccc(NC(=O)C(OC(=O)c4ccc(F)cc4)C(C)(C)C)cc3F)c2cc1OC,6.15,8.21,1,550.558
O=C(Nc1ccc(CN2CCOCC2)cc1)c1n[nH]cc1Nc1ncnc2ccsc12,6.15,8.21,1,435.513
O=C(Nc1ccc(Oc2ncnc3[nH]ncc23)cc1)Nc1ccc(Cl)c(C(F)(F)F)c1,3.5,8.209999999999999,1,448.792
CCCCCNc1cc(-c2cnc(NCCCC)nc2NC2CCC(O)CC2)ncn1,6.3,8.2,1,427.597
CCc1nc(C(N)=O)c(Nc2ccc(N3CCC(N4CCNCC4)CC3)c(OC)c2)nc1NC1CCOCC1,6.25,8.2,1,538.697
CN1CCN(Cc2ccc(-c3cn4c5nc(ncc35)NCCCCCC(O)CCCCC4)cc2)CC1,6.3,8.2,1,490.696
O[C@H]1CC[C@H](Nc2nc(Nc3ccc(C(F)(F)F)cc3)ncc2-c2ccc(CN3CCCC3)cn2)CC1,6.3,8.2,1,512.58
CC1=CC(=O)N(Nc2nc(-c3cccs3)nc3sc(-c4ccc(OCCN5CCCC5)cc4)c(C)c23)C1=O.Cl,6.427,8.19,1,582.151
CCCCNc1ncc(-c2ccc(CN3CCNC[C@@H]3C)cn2)c(NC2CCC(O)CC2)n1,6.4,8.19,1,453.635
CO[C@]1(C(=O)N[C@@H](C)c2ccc(-n3cc(F)cn3)nc2)CC[C@H](c2nc(C)cc(Nc3cc(C)[nH]n3)n2)CC1,6.5,8.19,1,533.612
COc1ccc(NC(=O)CC(=O)Nc2ccc3c(c2)NC(=O)/C3=C\c2[nH]c(C)c(C(=O)O)c2C)cc1,6.4,8.19,1,488.5
N[C@H]1CC[C@@H](Nc2nc(Nc3ccc4c(=O)[nH]ccc4c3)ncc2C(F)(F)F)CC1,6.5,8.19,1,418.423
CC(=O)c1ccc(NC(=O)N2CCN(c3ccnc(Nc4ccc(N5CCOCC5)cc4)n3)CC2)cc1,15.7,8.184999999999999,1,501.591
CCCCNc1ncc(-c2ccc(CNCC(C)(C)C)cn2)c(N[C@H]2CC[C@H](O)CC2)n1,6.6,8.18,1,440.636
CCCCNc1ncc2c(C3CCN(C(=O)c4cc(C)nc(C)c4)CC3)cn([C@H]3CC[C@H](O)CC3)c2n1,6.6,8.18,1,504.679
COc1cc(-c2n[nH]c3ncc(-c4cccc(N)c4)cc23)cc(OC)c1OC,6.6,8.18,1,376.416
COc1ccc(Nc2cccc(-c3cnc4cc(-c5cnn(C)c5)ccn34)n2)cc1OC,6.63,8.18,1,426.48
CN(C)C(=O)c1ccc(Nc2ncc(C(F)(F)F)c(N[C@H]3CC[C@@H](N)CC3)n2)cc1,6.734999999999999,8.17,1,422.455
CN1CCN(Cc2ccc(-c3cn4c5nc(ncc35)NCCCCCCCC(O)CCCC4)cc2)CC1,6.8,8.17,1,504.723
N[C@H]1CC[C@@H](Nc2nc(Nc3ccc4c(=O)n(CC5CC5)ccc4c3)ncc2C(F)(F)F)CC1,6.8,8.17,1,472.515
CCCCNc1ncc(-c2ncc(C)s2)c(N[C@H]2CC[C@H](O)CC2)n1,6.9,8.16,1,361.515
C=CCn1cc(-c2ccc(NC(=O)Nc3cc(C(C)(C)C)on3)cc2)c2c(N)ncnc21,7.0,8.15,1,431.5
CCCCNc1ncc(-c2ccc(CN(C)C)cn2)c(NC2CCC(O)CC2)n1,7.0,8.15,1,398.555
CCn1cc(-c2ccc(NC(=O)Nc3cc(C(C)(C)C)on3)cc2)c2c(N)ncnc21,7.0,8.15,1,419.489
CN1CCN(Cc2ccc(C(=O)Nc3cc(-c4ccc(CNC(=O)OCc5ccccc5)cc4)n[nH]3)cc2)CC1,7.0,8.15,1,538.652
CN1CCN(c2ccc(C(=O)Nc3cc(-c4ccc(NC(=O)OCc5ccccc5)cc4)n[nH]3)cc2)CC1,7.0,8.15,1,510.598
COc1cc(N2CCCC2)ccc1NC(=O)c1cnn2ccc(N[C@@H]3CCCNC3)nc12,7.1,8.15,1,435.532
COc1cc2ncnc(Oc3ccc(CC(=O)Nc4cnn(C(C)C)c4)cc3)c2cc1OC,7.0,8.15,1,447.495
COc1cc2ncnc(Sc3nccs3)c2cc1OC,7.0,8.15,1,305.384
COc1cccc(NC(=O)Cc2ccc(Oc3ncnc4cc(OC)c(OC)cc34)cc2)c1,7.0,8.15,1,445.475
Cc1cc(NC(=O)Nc2ccc(-c3cccc4[nH]nc(N)c34)cc2)ccc1F,7.0,8.15,1,375.407
Cc1cccc(S(=O)(=O)Nc2cccc(-c3cc(NC(=O)c4ccc(N5CCN(C)CC5)cc4)[nH]n3)c2)c1,7.0,8.15,1,530.654
Cc1n[nH]c2cc(F)c3nc(-c4c[nH]nc4C(F)(F)F)c4c(c3c12)CCCC4,7.0,8.15,1,389.356
Cn1cc(-c2ccc(NC(=O)Nc3cc(C(C)(C)C)on3)cc2)c2c(N)ncnc21,7.0,8.15,1,405.462
Nc1ncnc2c1N=C(c1ccc(NC(=O)Nc3ccc(F)c(C(F)(F)F)c3)cc1)CCN2,7.0,8.15,1,459.407
Nc1noc2cccc(-c3ccc(NC(=O)Nc4ccccc4)cc3)c12,7.0,8.15,1,344.374
O=C(Nc1cc(-c2cccc(NS(=O)(=O)c3ccccc3)c2)n[nH]1)c1ccc(OCCN2CCCC2)cc1,7.0,8.15,1,531.638
O=C(Nc1ccc(N2CCOCC2)cc1C(F)(F)F)c1cnn2ccc(N[C@H]3CN4CCC3CC4)nc12,7.0,8.15,1,515.54
CCCCNc1ncc(-c2ccc(C3(N4CCN(C)CC4)CCC3)cn2)c(NC2CCC(O)CC2)n1,7.2,8.14,1,493.7
CCCCNc1ncc(-c2ccc(C3=CCN(C(C)C)CC3)cn2)c(N[C@H]2CC[C@H](O)CC2)n1,7.2,8.14,1,464.658
CN1CCC(NC(=O)CO/N=C2/C(=C3/C(=O)Nc4ccc(F)cc43)Nc3ccccc32)CC1.Cl,7.31,8.14,1,485.947
CN1CCN(Cc2ccc(NC(=O)c3n[nH]cc3Nc3ccncn3)cc2)CC1,7.29,8.14,1,392.467
COCC/C(=N\S(=O)(=O)Cc1ccc(Cl)cc1)Nc1ccc(Oc2ccnc3cc(OCCCN4CCOCC4)c(OC)cc23)c(F)c1,7.28,8.14,1,701.217
Cc1ccc(NC(=O)Nc2ccc3c(c2)NC(=O)/C3=C\c2[nH]c(C)c(C(=O)O)c2C)cc1,7.3,8.14,1,430.464
NCCCNC(=O)c1ccc2[nH]nc(-c3nc4ccc(C(F)(F)F)cc4[nH]3)c2c1,7.16,8.14,1,402.38
CC1(COc2ccc(Nc3ncc(C(F)(F)F)c(N[C@H]4CC[C@@H](N)CC4)n3)cc2)COC1,7.42,8.13,1,451.493
CN1CCN(CCO/N=C2/C(=C3/C(=O)Nc4ccccc43)Nc3ccccc32)CC1,7.42,8.13,1,403.486
Cc1ccc([N+](=O)[O-])cc1S(=O)(=O)N(C)/N=C/c1cnn2ccc(-c3cccnc3)nc12,7.48,8.13,1,451.468
O=C(c1ccc2[nH]nc(-c3nc4ccc(N5CCOCC5)cc4[nH]3)c2c1)N1CCCNCC1,7.34,8.13,1,445.527
CC(C)c1cc2c(Nc3c[nH]nc3C(=O)Nc3ccc(CN4CCOCC4)cc3)ncnc2s1,7.63,8.12,1,477.594
CN1CCN(Cc2ccc(-c3cn4c5nc(ncc35)NCCCCCCCC(O)CCC4)cc2)CC1,7.5,8.12,1,490.696
CCCCNc1ncc(-c2cc(N3CCN(C)CC3)ncn2)c(NC2CCC(O)CC2)n1,7.7,8.11,1,440.596
CCCCNc1ncc(-c2ccc(CC3CCN(C)CC3)cn2)c(N[C@H]2CC[C@H](O)CC2)n1,7.8,8.11,1,452.647
CCCCNc1ncc(-c2ccc(CN3CCC(F)(F)CC3)cn2)c(NC2CCC(O)CC2)n1,7.8,8.11,1,474.6
CCCCNc1ncc(C(=O)Nc2ccc(N3CCOCC3)cc2)c(NC2CCC(O)CC2)n1,7.8,8.11,1,468.602
O=C(Nc1ccc(N2CCNCC2)cc1)c1n[nH]cc1Nc1cc(OC2CCCC2)ncn1,7.84,8.11,1,448.531
COc1cc2c(Oc3ccc(NC(=O)Nc4cccc(C)c4)cc3F)ccnc2cc1OCCCN1CCOCC1,8.0,8.100000000000001,1,560.626
C1=C/Cn2ccc3ccc(cc32)-c2ccnc(n2)Nc2ccc(OCCN3CCCC3)c(c2)COC/1,7.9,8.1,1,481.6
CC(C)(C)c1cc(NC(=O)Nc2ccc(Oc3ncnc4[nH]ncc34)cc2)on1,8.0,8.1,1,393.407
CC(C)(C)c1csc(NC(=O)Nc2ccc(Oc3ncnc4[nH]ncc34)cc2)n1,8.0,8.1,1,409.475
CC1(C)C(=O)N([C@H]2CCc3c(O)cccc32)c2nc(Nc3ccccc3)ncc21,8.0,8.1,1,386.455
CN1CCN(Cc2ccc(C(=O)Nc3cc(-c4ccc(NC(=O)Nc5cc(C(C)(C)C)on5)cc4)n[nH]3)cc2)CC1,8.0,8.1,1,556.671
CN1CCN(c2ccc(C(=O)Nc3cc(-c4cccc(NS(=O)(=O)c5cccc(Cl)c5)c4)n[nH]3)cc2)CC1,8.0,8.1,1,551.072
CNC(=O)c1ccc(F)c(-c2cnc3cc(-c4cnn(C)c4)c(OC)nn23)c1,8.0,8.1,1,380.383
CNc1ncc2c(-c3ccc(N4CCN(C)CC4)nc3)nn(CC3CCCC3)c2n1,8.0,8.1,1,406.538
COCCNCc1ccc(-c2cc3nccc(Oc4ccc(NC(=O)C5(C(=O)Nc6ccc(F)cc6)CC5)cc4F)c3s2)nc1,8.0,8.1,1,629.689
COCCOc1ccn2c(-c3ccc4cccc(O[C@H]5CCNC[C@@H]5F)c4n3)cnc2c1,8.0,8.1,1,436.487
COc1cc(N2CCCCC2)ccc1NC(=O)c1cnn2ccc(N[C@@H]3CCCNC3)nc12,8.0,8.1,1,449.559
COc1ccc(NC(=O)Nc2ccc(-c3cccc4onc(N)c34)cc2)cc1Cl,8.0,8.1,1,408.845
COc1cccc(NC(=O)NCc2ccc(Oc3ncnc4cc(OC)c(OC)cc34)cc2)c1,8.0,8.1,1,460.49
CS(=O)(=O)CC1CCN(c2ccc(Nc3ncc4c5ccncc5n([C@H]5CC[C@H](C)CC5)c4n3)nn2)CC1,8.0,8.1,1,534.69
C[C@H]1CC[C@H](n2c3cnccc3c3cnc(Nc4ccc(N5CCN(C(=O)CO)CC5)nn4)nc32)CC1,8.0,8.1,1,501.595
Cc1cccc(NC(=O)Nc2ccc(-c3cccc4c3c(N)nn4C)cc2)c1,8.0,8.1,1,371.444
Clc1cn2c(-c3cccc(NC4CCNC4)n3)cnc2cc1OCCN1CCOCC1,8.0,8.1,1,442.951
Cn1cc(-c2ccn3c(-c4cccc(Nc5ccc(S(C)(=O)=O)cc5)n4)cnc3c2)cn1,7.94,8.1,1,444.52
Fc1cc2cc(c1)-c1ccnc(n1)Nc1ccc(OCCN3CCCC3)c(c1)COCC=CCOC2,8.0,8.1,1,490.579
Nc1noc2cccc(-c3ccc(NC(=O)Nc4ccccc4F)cc3)c12,8.0,8.1,1,362.364
O=C1Nc2ccc(C(=O)O)cc2/C1=C1/Nc2ccccc2/C1=N\OCCN1CCOCC1,8.0,8.1,1,434.452
c1ccc(CNc2nccc(-c3cnc4c(NCCN5CCOCC5)nccn34)n2)cc1,8.0,8.1,1,430.516
CCS(=O)(=O)N1CCCc2cc(Nc3ncc(C(F)(F)F)c(NCCCN)n3)ccc21,8.1,8.09,1,458.51
CN1CCN(Cc2ccc(-c3cn4c5nc(ncc35)NCCCCCCCCC(O)CCCC4)cc2)CC1,8.1,8.09,1,518.75
CN1CCN(c2ccc(Nc3ncc4ncc(=O)n(-c5ccc(N6CCNCC6)cc5)c4n3)cc2)CC1,8.2,8.09,1,497.607
COc1cc2c(Oc3ccc(NC(=O)c4nn(-c5ccccc5F)c(=O)n4C)cc3F)ccnc2cc1OCCCN1CCN(C)CC1,8.19,8.09,1,659.694
CCCCNc1ncc2c(-c3ccc(NC4CCCN(C)CC4)cc3)cn(C3CCC(O)CC3)c2n1,8.3,8.08,1,490.696
CCCCNc1ncc2c(-c3ccc(S(=O)(=O)N4CCN(CC(F)(F)F)CC4)c(F)c3)cn([C@H]3CC[C@H](O)CC3)c2n1,8.3,8.08,1,612.694
Cn1cc(-c2ccc3c(Nc4ccc(NC(=O)Nc5cccc(F)c5)cc4)ncnc3c2)cn1,8.237,8.08,1,453.481
C#Cc1cccc(Nc2ncc(-c3ccccn3)c(NC3CCC(O)CC3)n2)c1,8.5,8.07,1,385.471
CCCCNc1ncc(-c2ccc(C(=O)N3CCN(C)CC3)cn2)c(NC2CCC(O)CC2)n1,8.6,8.07,1,467.618
CCCCNc1ncc(-c2nc(CO)cs2)c(N[C@H]2CC[C@H](O)CC2)n1,8.6,8.07,1,377.514
COc1cc2c(Oc3ccc(C4SCC(=O)N4NC(=O)Nc4ccc(F)cc4F)cc3F)ccnc2cc1OCCCN1CCN(C)CC1,8.6,8.07,1,696.752
COc1cc2c(Oc3ccc(NC(=O)c4nn(-c5ccccc5C(F)(F)F)c5ccccc5c4=O)cc3F)ccnc2cc1OCCCN1CCCC1,8.5,8.07,1,727.715
Cl.NCCO/N=C1/C(=C2/C(=O)Nc3ccc([N+](=O)[O-])cc32)Nc2ccc(O)cc21,8.6,8.07,1,417.809
O=C(Nc1ccc(N2CCNCC2)cc1)c1n[nH]cc1Nc1cc(C2CC2)ncn1,8.42,8.07,1,404.478
O=C1Nc2cc(NC(=O)c3cccn(-c4ccc(F)cc4)c3=O)ccc2/C1=C/c1ccc[nH]1,8.6,8.07,1,440.434
CCCCNc1ncc(-c2ccc(CC3CCN(C(C)C)CC3)cn2)c(N[C@H]2CC[C@H](O)CC2)n1,8.7,8.06,1,480.701
CCCCNc1ncc(-c2ncc(CO)s2)c(N[C@H]2CC[C@H](O)CC2)n1,8.7,8.06,1,377.514
CN1CCN(c2ccc(Nc3ncc4ncc(=O)n(-c5ccc(N)cc5)c4n3)cc2)CC1,8.74,8.06,1,428.5
COc1cc2c(Oc3ccc(NC(=O)c4nnn(-c5ccc(F)cc5)c4C(F)(F)F)cc3F)ccnc2cc1OCCCN1CCCC1,8.78,8.06,1,668.623
Cl.NC(=O)c1cc(N2CCOCC2)ccc1NC(=O)c1cnn2ccc(N[C@@H]3CCCNC3)nc12,8.7,8.06,1,500.991
CC(C)(C)c1cc(NC(=O)Nc2ccc(-c3cn(CC#N)c4ncnc(N)c34)cc2)no1,9.0,8.05,1,430.472
CC(C)(C)c1cc(NC(=O)Nc2ccc(-c3cn(CCCN4CCOCC4)c4ncnc(N)c34)cc2)no1,9.0,8.05,1,518.622
CC(C)(C)c1cc(NC(=O)Nc2ccc(-c3cn(CCN4CCNCC4)c4ncnc(N)c34)cc2)no1,9.0,8.05,1,503.611
CCCCNc1ncc(-c2ccc(CN3CCN[C@@H](C)C3)cn2)c(NC2CCC(O)CC2)n1,8.9,8.05,1,453.635
CCCCNc1ncc(-c2ccc(CNCc3ccccc3)cn2)c(NC2CCC(O)CC2)n1,8.9,8.05,1,460.626
CN1CCN(Cc2ccc(-c3cn4c5nc(ncc35)NCCCCCCCCC(O)CCC4)cc2)CC1,8.9,8.05,1,504.723
CN1CCN(Cc2ccc3c(c2)Cc2c(-c4csc(C#CCOc5ccccc5)c4)n[nH]c2-3)CC1,9.0,8.05,1,480.637
COc1cc2c(Oc3ccc(NC(=O)c4cn(-c5ccccc5Cl)nn4)cc3F)ccnc2cc1OCCCN1CCCCC1,8.91,8.05,1,631.108
COc1cc2ncnc(Oc3ccc(CC(=O)Nc4ccc(N(C)C)cn4)cc3)c2cc1OC,9.0,8.05,1,459.506
COc1cc2ncnc(Sc3nncs3)c2cc1OC,9.0,8.05,1,306.372
COc1ccccc1Nc1nc(N)n(-c2cc(NCCN(C)C)ncn2)n1,9.0,8.05,1,369.433
CS(=O)(=O)N1CCCc2cc(Nc3ncc(C(F)(F)F)c(NCCCN)n3)ccc21,8.86,8.05,1,444.483
Cc1cc(-c2ccc(NC(=O)Nc3cccc(C(F)(F)F)c3)cc2)c2c(N)onc2n1,9.0,8.05,1,427.386
Cc1cc(-c2ccc3nc(Nc4cc(CN5CCN(C(=O)CC(F)(F)F)CC5)ccn4)[nH]c3c2)ncn1,9.0,8.05,1,510.524
Cc1cc(NC(=O)Nc2ccc(-c3cc(NC(=O)c4ccc(N5CCN(C)CC5)cc4)[nH]n3)cc2C)no1,9.0,8.05,1,514.59
Cc1cnc(Nc2ccc(N3CCC(N(C)CCCO)CC3)c(F)c2)nc1-c1cnn(C(C)C)c1,9.0,8.05,1,481.62
Nc1ncnc2c1N=C(c1ccc(NC(=O)Nc3ccc(C(F)(F)F)cc3)cc1)CCN2,9.0,8.05,1,441.417
O=C(CC(F)(F)F)N1CCN(Cc2ccnc(Nc3nc4ccc(-c5cnn(CC6CC6)c5)cc4[nH]3)c2)CC1,9.0,8.05,1,538.578
O=C(NCc1ccc(-c2cc(NC(=O)c3ccc(OCCN4CCOCC4)cc3)[nH]n2)cc1)Nc1ccccc1,9.0,8.05,1,540.624
O=C(Nc1ccc(Oc2ncnc3[nH]ncc23)cc1)Nc1cccc(C(F)(F)F)c1,9.0,8.05,1,414.347
O=C1Nc2ccc(S(=O)(=O)[O-])cc2/C1=C1/Nc2ccccc2/C1=N\O.[Na+],9.0,8.05,1,379.329
CCCCNc1ncc(-c2ccc(CN3C[C@H](C)NC[C@H]3C)cn2)c(NC2CCC(O)CC2)n1,9.2,8.04,1,467.662
CCCCNc1ncc(-c2ccc(C3=CCC(CN(C)C)CC3)cn2)c(N[C@H]2CC[C@H](O)CC2)n1,9.3,8.03,1,478.685
CN1CCN(CCO/N=C2/C(=C3/C(=O)Nc4ccccc43)Nc3ccccc32)CC1.Cl,9.29,8.03,1,439.947
CNCCOc1ccc(-c2sc3nc(-c4cccs4)nc(NN4C(=O)C=C(C)C4=O)c3c2C)cc1.Cl,9.562999999999999,8.03,1,542.086
COc1cc2c(Oc3ccc(NC(=O)c4nn(-c5ccccc5)c(=O)cc4C)cc3F)ccnc2cc1OCCCN1CCOCC1,9.28,8.03,1,639.684
COc1cc2c(Oc3ccc(NC(=O)c4nn(-c5ccccc5C(F)(F)F)c(=O)cc4C)cc3F)ccnc2cc1OCCCN1CCOCC1,9.28,8.03,1,707.681
C=Cc1ccc(Nc2ncc(-c3ccccn3)c(NC3CCC(O)CC3)n2)cc1,9.6,8.02,1,387.487
CC1(COc2ccc(Nc3ncc(C(F)(F)F)c(N[C@H]4CC[C@@H](O)CC4)n3)cc2)COC1,9.46,8.02,1,452.477
CCN(CC)CCOc1ccc2c(n1)sc1nc(-c3ccc(NC(=O)Nc4cc(C(C)(C)C)on4)cc3)cn12,9.6,8.02,1,547.685
CN1CCN(Cc2ccc(-c3cn4c5nc(ncc35)NCCCCCCCC(O)CCCCC4)cc2)CC1,9.6,8.02,1,518.75
COc1cc2c(-c3nc(Nc4cc(CN5C[C@@H](C)N[C@@H](C)C5)cc(C5CC5)c4)ncc3Cl)c[nH]c2cc1C,9.5,8.02,1,531.104
Cl.O=C1Nc2ccc(F)cc2/C1=C1/Nc2ccccc2/C1=N\OCCNC1CCNCC1,9.47,8.02,1,457.937
O=C1Nc2ccc(F)cc2/C1=C1/Nc2ccccc2/C1=N\OCCNC1CCNCC1,9.47,8.02,1,421.476
O=C(c1ccc(/C=C/c2n[nH]c3ccccc23)cc1)N1CCNCC1,9.85,8.0175,1,332.407
O=C(Nc1ccc(CN2CCN(c3ccccc3)CC2)cc1)c1n[nH]c2ccccc12,10.0,8.016666666666667,1,411.509
CCCCNc1ncc(-c2cncc(N3CCCC3)n2)c(N[C@H]2CC[C@H](O)CC2)n1,9.8,8.01,1,411.554
Cn1cc(-c2ccn3c(-c4ccc(C(N)=O)s4)cnc3c2)cn1,9.7,8.01,1,323.381
CC(C)(C)c1cc(NC(=O)Nc2ccc(Oc3ncnc4[nH]ncc34)cc2)n(C(=O)O)n1,10.0,8.0,1,436.432
CC(C)(O)CC(=O)N1CCc2cc(Nc3ncc(C(F)(F)F)c(N[C@H]4CC[C@@H](N)CC4)n3)ccc2C1,10.0,8.0,1,506.573
CC(C)Nc1ccc(Oc2cc(O)cc(O)c2-c2cc(C(=O)NC3CCN(C)CC3)no2)cc1,10.0,8.0,1,466.538
CCCCNc1ncc(-c2cc(Nc3cccc(OC)c3)ncn2)c(N[C@H]2CC[C@H](O)CC2)n1,10.0,8.0,1,463.586
CCCCNc1ncc(-c2ccc(CN3CCOCC3)cn2)c(NC2CCC(O)CC2)n1,10.0,8.0,1,440.592
CCN1CCN(c2ccc(Nc3nc(N[C@H]4CC[C@H](N)CC4)nc4c3ncn4C3CCCC3)cc2)CC1,10.0,8.0,1,503.699
CCc1ccc2c(c1)c(=O)c(C(=O)Nc1ccc(Oc3ncnc4cc(OC)c(OC)cc34)c(F)c1)c(C)n2C,10.0,8.0,1,542.567
CCn1cc(NC(=O)Cc2ccc(Oc3ncnc4cc(OC)c(OC)cc34)cc2)cn1,10.0,8.0,1,433.468
CN(C)CCNc1ccc2c(n1)sc1nc(-c3ccc(NC(=O)Nc4cc(C(C)(C)C)on4)cc3)cn12,10.0,8.0,1,518.647
CN(C)c1ccc(Oc2cc(O)cc(O)c2-c2cc(C(=O)NC3CCN(C4CCC5(CC4)OCCO5)CC3)no2)cc1,10.0,8.0,1,578.666
CN1CCC(NC(=O)c2cc(-c3c(O)cc(O)cc3Oc3ccc(N(C)C)cc3)on2)CC1,10.0,8.0,1,452.511
CN1CCC(NC(=O)c2cc(-c3c(O)cc(O)cc3Oc3ccc([N+](=O)[O-])cc3)on2)CC1,10.0,8.0,1,454.439
COc1cc(-c2n[nH]c3ncc(-c4ccc5[nH]ncc5c4)cc23)cc(OC)c1OC,9.9,8.0,1,401.426
COc1cc2ncnc(Nc3cnn(CC(=O)Nc4ccc(N(C)C)cn4)c3)c2cc1OC,10.0,8.0,1,448.487
COc1ccc(-c2ccn3ncc(/C=N/N(C)S(=O)(=O)c4cc([N+](=O)[O-])ccc4C)c3n2)cn1,10.0,8.0,1,481.494
COc1ccc(C(=O)NC(=O)Nc2ccc3c(c2)NC(=O)/C3=C\c2[nH]c(C)c(CCC(=O)O)c2C)c(F)c1,10.0,8.0,1,520.517
COc1cccc(CC(=O)Nc2ccc(Oc3ncnc4cc(OC)c(OC)cc34)cc2)c1,10.0,8.0,1,445.475
COc1cccc(NC(=O)Cn2cc(Oc3ncnc4cc(OC)c(OCCN5CCCCC5)cc34)cn2)c1,10.0,8.0,1,532.601
Cc1cc(-c2ccc3nc(Nc4cc([C@@H](C)N5CCN(C(=O)CC(F)(F)F)CC5)ccn4)[nH]c3c2)ncn1,10.0,8.0,1,524.551
Cc1cc(Nc2cc3c(cn2)ncc(=O)n3-c2ccc(N)cc2)ncc1N1CCOCC1,10.0,8.0,1,429.484
Cc1ccc(C(=O)Nc2ccc3c(c2)C(F)(F)C[C@@H]3N2CCN(C)CC2)cc1C#Cc1cnc2cccnn12,10.0,8.0,1,526.591
Cc1ccc(NC(=O)Nc2nnc(Sc3ncnc4cc(OCCCN5CCOCC5)ccc34)s2)cc1,10.0,8.0,1,537.671
Cc1ccc([N+](=O)[O-])cc1S(=O)(=O)N(C)/N=C/c1cnn2ccc(N(C)C)nc12,10.0,8.0,1,417.451
Cc1cccc(NC(=O)Nc2ccc(-c3csc4ncnc(N)c34)c(F)c2)c1,10.0,8.0,1,393.447
Cc1cnc(Nc2ccc(CCNC(=O)/C=C/CN(C)C)cc2)nc1-c1cnn(C(C)C)c1,10.0,8.0,1,447.587
Cc1cnc(Nc2ccc(CCNC(=O)CCCN(C)C)cc2)nc1-c1cnn(C(C)C)c1,10.0,8.0,1,449.603
Cc1cnc(Nc2ccc(CCNC(=O)CCCl)cc2)nc1-c1cnn(C(C)C)c1,10.0,8.0,1,426.952
Cc1nc(NCCCN2CCOCC2)cc(Nc2cc(-c3cccc(NS(=O)(=O)c4ccccc4)c3)n[nH]2)n1,10.0,8.0,1,548.673
Cc1nc(Nc2cc(-c3ccc(CNC(=O)OCc4ccccc4)cc3)n[nH]2)cc(N2CCN(CCO)CC2)n1,10.0,8.0,1,542.644
Cc1nc(Nc2cc(-c3cccc(NS(=O)(=O)c4ccccc4)c3)n[nH]2)cc(N2CCC(O)CC2)n1,10.0,8.0,1,505.604
Cc1nc(Nc2ncc(-c3ccc(NC(=O)Nc4cc(C)on4)cc3)s2)cc(N2CCN(C)CC2)n1,10.0,8.0,1,505.608
Cn1cc(-c2cnc3c(-c4csc(C(=O)NCC(F)(F)F)c4)cnn3c2)cn1,10.0,8.0,1,406.393
N[C@H]1CC[C@H](Nc2nccn3c(-c4cccc(NCc5cccc(Cl)c5)n4)cnc23)CC1,10.0,8.0,1,447.974
Nc1n[nH]c2cccc(-c3ccc(NC(=O)Nc4cccc(C(F)(F)F)c4)cc3)c12,10.0,8.0,1,411.387
Nc1nc(Nc2ccc(N3CCOCC3)cc2)nn1-c1ccccn1,10.0,8.0,1,337.387
O=C(NCC(F)(F)F)c1cc(-c2cnn3cc(-c4ccc(OCCN5CCCCC5)cc4)cnc23)cs1,10.0,8.0,1,529.588
O=C(Nc1c[nH]nc1-c1nc2ccc(CN3CCOCC3)cc2[nH]1)NC1CC1,10.0,8.0,1,381.44
COc1cc2ncnc(Oc3ccc(Nc4nccc5[nH]cc(-c6ccc(F)cc6)c(=O)c45)cc3F)c2cc1OC,10.2,7.99,1,553.525
Cc1ccc(F)c(NC(=O)Nc2ccc(-c3cccc4[nH]nc(N)c34)cc2)c1,12.0,7.981428571428572,1,375.407
N[C@H]1CC[C@@H](Nc2nc(Nc3ccc4c(=O)n(CCO)ccc4c3)ncc2C(F)(F)F)CC1,10.78,7.97,1,462.476
Cc1nc2c(c(Nc3c[nH]nc3C(=O)Nc3ccc(N4CCNCC4)cc3)n1)CCC2,11.0,7.966666666666666,1,418.505
CC(C)(C)c1cc(NC(=O)Nc2ccc(-c3cn4c(n3)sc3nc(OCC5CCNCC5)ccc34)cc2)no1,11.0,7.96,1,545.669
CC(C)(C)c1cc(NC(=O)Nc2ccc(Oc3ncnc4[nH]ncc34)cc2)no1,11.0,7.96,1,393.407
CC1(COc2cccc(Nc3ncc(C(F)(F)F)c(NCC4CCNCC4)n3)c2)COC1,10.99,7.96,1,451.493
CCCCNc1ncc(-c2ccc(CN3CC(C)NC(C)C3)cn2)c(NC2CCC(O)CC2)n1,11.0,7.96,1,467.662
CCCCNc1ncc(-c2ccc(NC(=O)C3CCN(C)CC3)cn2)c(NC2CCC(O)CC2)n1,11.0,7.96,1,481.645
CCCCNc1ncc(-c2ccc(NC3CC3)nn2)c(N[C@H]2CC[C@H](O)CC2)n1,11.0,7.96,1,397.527
CCCCNc1ncc(-c2cccc(CNC3CC3)n2)c(NC2CCC(O)CC2)n1,11.0,7.96,1,410.566
CCCCNc1ncc(-c2nccs2)c(N[C@H]2CC[C@H](O)CC2)n1,11.0,7.96,1,347.488
CCCCNc1ncc(C(=O)Nc2ccc(OC)cc2)c(N[C@H]2CC[C@H](O)CC2)n1,11.0,7.96,1,413.522
CCN(CC)CCNC(=O)[C@H]1CC[C@H](NC(=O)c2cnc3nc2Nc2ccc(F)c(c2)OC/C=C\CN3)CC1,11.0,7.96,1,539.656
CN1CCC(NC(=O)[C@H]2CC[C@H](NC(=O)c3cnc4nc3Nc3ccc(F)c(c3)OC/C=C\CN4)CC2)CC1,11.0,7.96,1,537.64
CN1CCN(c2ccc(Nc3ncc(F)c(Nc4ccccc4C(=O)NN)n3)cc2F)CC1,11.0,7.96,1,454.485
CN1C[C@@H]2C[C@H]1CN2CCOc1ccc2c(n1)sc1nc(-c3ccc(NC(=O)Nc4cc(C(C)(C)C)on4)cc3)cn12,10.9,7.96,1,586.722
COC(=O)c1ccc2c(c1)/C(=C1/Nc3ccccc3/C1=N\OCCN1CCN(C)CC1)C(=O)N2,11.0,7.96,1,461.522
Cc1cnc(Nc2ccc(N3CCC(N(C)CCN4CCN(C)CC4)CC3)c(F)c2)nc1-c1cnn(C(C)C)c1,11.0,7.96,1,549.743
Cc1cnc(Nc2ccc(OCCN3CCCC3)cc2)nc1Nc1ccc(C(=O)NO)cc1,10.9,7.96,1,448.527
Cn1cc(-c2ccc3nc(Nc4cc(CN5CCN(C(=O)CC(F)(F)F)CC5)ccn4)[nH]c3c2)cn1,11.0,7.96,1,498.513
Cn1cc(-c2cccc(NC(=O)c3cc4c(nc3O[C@H]3C[C@@H](O)C3)OC(C)(C)C4)n2)cn1,11.0,7.96,1,435.484
Cn1cc(Nc2ncc(Cl)c(NC3COC4C(NS(C)(=O)=O)COC34)n2)cn1,11.0,7.96,1,429.89
Fc1nccc2c3cnc(Nc4ccc(N5CCNCC5)cn4)nc3n(C3CCCC3)c12,11.0,7.96,1,432.507
O=C(CC(=O)Nc1ccc2c(c1)NC(=O)/C2=C\c1ccc[nH]1)Nc1ccc(F)cc1,11.0,7.96,1,404.401
CC(C)c1nc(Nc2c[nH]nc2C(=O)Nc2ccc(N3CCNCC3)cc2)c2ccsc2n1,11.31,7.95,1,462.583
Cc1nc(Nc2c[nH]nc2C(=O)Nc2ccc(N3CCNCC3)cc2)cc(Oc2ccccc2)n1,11.16,7.95,1,470.537
NCCCNc1nc(Nc2ccc3c(c2)CCCN3S(=O)(=O)C2CC2)ncc1C(F)(F)F,11.23,7.95,1,470.521
O=C(Nc1ccc(N2CCNCC2)cc1)c1n[nH]cc1Nc1cc(OCC2CCCC2)ncn1,11.31,7.95,1,462.558
CCC[C@H](C)Nc1ncc2c(-c3ccc(CN4CCCN(C)CC4)cc3)cn([C@H]3CC[C@H](O)CC3)c2n1,20.75,7.9425,1,504.723
CC1=CC(=O)N(Nc2nc(-c3cccs3)nc3sc(C)c(C)c23)C1=O,11.38,7.94,1,370.459
COc1cc(-c2n[nH]c3ncc(-c4ccc(C)c(NCCO)c4)cc23)cc(OC)c1OC,11.6,7.94,1,434.496
Cl.O=C1Nc2ccc(F)cc2/C1=C1/Nc2ccc(F)cc2/C1=N\OCCNC1CCNCC1,11.6,7.94,1,475.927
NCC1CCCN(C(=O)c2ccc3[nH]nc(-c4nc5ccc(N6CCOCC6)cc5[nH]4)c3c2)C1,11.4,7.94,1,459.554
NCCCNc1nc(Nc2ccc3c(c2)CCN(S(=O)(=O)C2CC2)C3)ncc1C(F)(F)F,11.58,7.94,1,470.521
COc1cc(-c2n[nH]c3ncc(-c4ccc(C)c(N)c4)cc23)cc(OC)c1OC,11.7,7.93,1,390.443
Cc1c2cc(cc1C(=O)Nc1cc(CN3CCN(C)CC3)cc(C3CC3)c1)OCCCCCCCNC(=O)c1ccc3ncc(n3n1)C#C2,11.63,7.93,1,659.835
NC(=O)c1ccc(Nc2ncc(C(F)(F)F)c(N[C@H]3CC[C@H](O)CC3)n2)cc1,11.66,7.93,1,395.385
CN1CCN(c2ccc(C(=O)Nc3cc(-c4cccc(NS(=O)(=O)c5ccccc5)c4)n[nH]3)cc2)CC1,12.0,7.925,1,516.627
CC(=O)c1ccc(NC(=O)N2CCN(c3ccnc(Nc4ccc(N5CCN(C)CC5)cc4)n3)CC2)cc1,12.0,7.92,1,514.634
CCCCNc1ncc(-c2ccc(CC3CCNCC3)cn2)c(N[C@H]2CC[C@H](O)CC2)n1,12.0,7.92,1,438.62
CCCCNc1ncc(-c2ccc(CCN3CCCN(C)CC3)cn2)c(N[C@H]2CC[C@H](O)CC2)n1,12.0,7.92,1,481.689
CCCCNc1ncc(-c2ccc(CNC3C(C)(C)C3(C)C)cn2)c(N[C@H]2CC[C@H](O)CC2)n1,12.0,7.92,1,466.674
CCCCNc1ncc(C(=O)NC2CC2)c(NC2CCC(O)CC2)n1,12.0,7.92,1,347.463
CN1C/C=C/COCc2ccc(s2)-c2ccnc(n2)Nc2ccc(OCCN3CCCC3)c(c2)C1,12.0,7.92,1,491.661
CN1CCN(Cc2ccc(-c3cn4c5nc(ncc35)NCCCCCC(O)CCC4)cc2)CC1,12.0,7.92,1,462.642
CN1CCN(Cc2ccc(-c3cn4c5nc(ncc35)NCCCCCCC(O)CCCC4)cc2)CC1,12.0,7.92,1,490.696
CN1CCN(Cc2ccc(-c3cn4c5nc(ncc35)NCCCCCCNC(=O)[C@@H](N)CCCC4)cc2)CC1,12.0,7.92,1,532.737
CN1CCN(c2ccc(C(=O)Nc3cc(-c4ccc(NC(=O)Oc5ccccc5)cc4)n[nH]3)cc2)CC1,12.0,7.92,1,496.571
CN1CCN(c2ccc(Nc3ncc(F)c(Nc4ccccc4C(=O)NN)n3)cc2)CC1,12.0,7.92,1,436.495
CNC(=O)c1cccc(-c2cnc3cc(-c4cnn(C)c4)c(OC)nn23)c1,12.0,7.92,1,362.393
COc1cc(-c2n[nH]c3ncc(-c4cccc5[nH]ncc45)cc23)cc(OC)c1OC,12.0,7.92,1,401.426
COc1cc(N2CCN(C)CC2)ccc1NC(=O)c1cnn2ccc(N3CCC[C@@H](N)C3)nc12,12.0,7.92,1,464.574
COc1ccc2cc1-c1ccnc(n1)Nc1ccc(OCCN3CCCC3)c(c1)COCC=CCOC2,12.0,7.92,1,502.615
Cc1cc(/C=C2\C(=O)Nc3ccc(F)c(F)c32)c2ccccc(OCCCN3CCOCC3)c1-2,12.0,7.92,1,464.512
Cc1cc(/C=C2\C(=O)Nc3ccc(F)cc32)c2ccccc(OCCCN(C)C)c1-2,12.0,7.92,1,404.485
Cc1cc(NC(=O)NC(=O)Cc2ccc(F)cc2)ncc1Oc1ccnc(-c2cnn(C)c2)c1,12.0,7.92,1,460.469
Cc1cccc(NC(=O)Nc2ccc(-c3cccc4[nH]nc(N)c34)cc2)c1,12.0,7.92,1,357.417
Cn1cc(-c2cc(Oc3ccc(NC(=O)NC(=O)Cc4ccc(F)cc4)nc3)ccn2)cn1,12.0,7.92,1,446.442
FC(F)(F)Oc1cccc(-n2nnc3ccc(NCC4CC5(CCNCC5)C4)nc32)c1,12.0,7.92,1,432.45
O[C@H]1CC[C@H](Nc2nc(NCCC3CC3)ncc2-c2ccc(CN3CCCC3)cn2)CC1,12.0,7.92,1,436.604
O[C@H]1CC[C@H](Nc2nc(Nc3ccccc3F)ncc2-c2ccc(CN3CCCC3)cn2)CC1,12.0,7.92,1,462.573
CN1CCN(c2ccc(Nc3ncc4cc(C#N)c(=O)n(C5CCCC5)c4n3)cc2)CC1,12.22,7.91,1,429.528
COc1ccc2c(c1)/C(=C1/Nc3ccccc3/C1=N\OCCN1CCNCC1)C(=O)N2,12.4,7.91,1,419.485
COc1ccc2c(c1)/C(=C1/Nc3ccccc3/C1=N\OCCN1CCNCC1)C(=O)N2.Cl,12.4,7.91,1,455.946
Cl.O=C1Nc2ccc([N+](=O)[O-])cc2/C1=C1/Nc2ccc(O)cc2/C1=N\OCCN1CCNCC1,12.2,7.91,1,486.916
NC(=O)c1ccc(Nc2ncc(C(F)(F)F)c(N[C@H]3CC[C@H](N)CC3)n2)cc1,12.25,7.91,1,394.401
Cc1ccc(C(=O)Nc2ccc(CN3CCN(C)CC3)c(C(F)(F)F)c2)cc1C#Cc1cnc2cccnn12,12.8,7.895,1,532.57
C#CCn1cc(-c2ccc(NC(=O)Nc3cc(C(C)(C)C)on3)cc2)c2c(N)ncnc21,13.0,7.89,1,429.484
C=CC(=O)Nc1cccc(CNc2nc(Nc3ccc(N4CCN(C)CC4)cc3OC)ncc2Cl)c1,13.0,7.89,1,508.026
CC(=O)c1ccc(NC(=O)N2CCN(c3ccnc(Nc4ccc(OCCCN5CCCC5)cc4)n3)CC2)cc1,13.0,7.89,1,543.672
CC(C)(C)c1cc(NC(=O)Nc2ccc(Nc3ncnc4c3OCCCN4)cc2)no1,13.0,7.89,1,423.477
CCCCNc1ncc(-c2ccc(CN3CCCN(C)CC3)cn2)c(NC2CCC(O)CC2)n1,13.0,7.89,1,467.662
CCCCNc1ncc(-c2ccc3ccccc3n2)c(NC2CCC(O)CC2)n1,13.0,7.89,1,391.519
CCCCNc1ncc(-c2cccc(CN3CCN(C)CC3)n2)c(NC2CCC(O)CC2)n1,13.0,7.89,1,453.635
CCN1CCN(c2ccc(Nc3nc(NCCCCN)nc4c3ncn4C3CCCC3)cc2)CC1,13.0,7.89,1,477.661
CN1CCC(COc2ccc3c(n2)sc2nc(-c4ccc(NC(=O)Nc5cc(C(C)(C)C)on5)cc4)cn23)CC1,13.0,7.89,1,559.696
CN1CCN(Cc2ccc(-c3cn4c5nc(ncc35)NCCCCCCC(O)CCC4)cc2)CC1,13.0,7.89,1,476.669
CN1CCN(Cc2ccc(-c3cn4c5nc(ncc35)NCCCCCCCCC(O)CCCCC4)cc2)CC1,13.0,7.89,1,532.777
CN1CCN(c2ccc(C(=O)Nc3cc(-c4ccc(NC(=O)Nc5ccccc5)cc4)n[nH]3)cc2)CC1,13.0,7.89,1,495.587
C[C@H](c1ccnc(Nc2nc3ccc(-c4cc(OCC5CC5)ncn4)cc3[nH]2)c1)N1CCN(C(=O)CC(F)(F)F)CC1,13.0,7.89,1,580.615
Cc1cc(NC(=O)NCc2ccc(-c3cc(NC(=O)c4ccc(N5CCN(C)CC5)cc4)[nH]n3)cc2)no1,13.0,7.89,1,514.59
Cc1ccc(F)c(NC(=O)Nc2ccc(C3=Nc4c(N)ncnc4NCC3)cc2)c1,13.0,7.89,1,405.437
Cc1cccc(NC(=O)Nc2ccc(-c3ccc(Br)c4[nH]nc(N)c34)cc2)c1,13.0,7.89,1,436.313
NNC(=O)c1ccccc1Nc1nc(Nc2ccc(N3CCOCC3)cc2)ncc1F,13.0,7.89,1,423.452
N[C@H]1CC[C@H](Nc2nc(Nc3ccc(CN4CCOCC4)cc3)c3ncn(C4CCCC4)c3n2)CC1,13.0,7.89,1,490.656
N[C@H]1CC[C@H](Nc2nc(Nc3ccc(N4CC5(COC5)C4)cc3)c3ncn(C4CCCC4)c3n2)CC1,13.0,7.89,1,488.64
Nc1n[nH]c2cccc(-c3ccc(NC(=O)C4CCCCC4)cc3)c12,13.0,7.89,1,334.423
O=C1Nc2ccc(C(=O)O)cc2/C1=C1/Nc2ccccc2/C1=N\OCCBr,13.0,7.89,1,428.242
Cl.O=C1Nc2ccc([N+](=O)[O-])cc2/C1=C1/Nc2ccccc2/C1=N\OCCN1CCNCC1,13.2,7.88,1,470.917
O=C1Nc2ccc([N+](=O)[O-])cc2/C1=C1/Nc2ccccc2/C1=N\OCCN1CCNCC1,13.2,7.88,1,434.456
N#Cc1cnc(C(=O)Nc2ccc(C3CCN(CCN4CCOCC4)CC3)cc2C2=CCCCC2)[nH]1,15.5,7.869999999999999,1,488.636
CCS(=O)(=O)N1CCc2cc(Nc3ncc(C(F)(F)F)c(NCCCN)n3)ccc2C1,13.94,7.86,1,458.51
Cn1cc2c(c1)-c1c(sc3nc(-c4ccc(NC(=O)Nc5cc(C(C)(C)C)on5)cc4)cn13)CC2,13.9,7.86,1,486.601
CC1(COc2ccc(Nc3ncc(C(F)(F)F)c(N[C@@H]4CCCNC4)n3)cc2)COC1,14.26,7.85,1,437.466
CCCCNc1ncc(-c2cc(NC3CCCCCC3)ncn2)c(N[C@H]2CC[C@H](O)CC2)n1,14.0,7.85,1,453.635
CCCCNc1ncc(-c2ccc(CCN3CCCC3)cn2)c(N[C@H]2CC[C@H](O)CC2)n1,14.0,7.85,1,438.62
CCCCNc1ncc2c(-c3ccc(CN4CCN(C)CC4)cc3)cn([C@H]3CC[C@H](O)CC3)c2n1,14.0,7.85,1,476.669
CCN(CC)CCCOc1ccccc2c(/C=C3\C(=O)Nc4ccc(F)c(F)c43)cc(C)c1-2,14.0,7.85,1,450.529
CCc1cc(NC(=O)Nc2ccc(-c3cnc(Nc4cc(N5CCC(N)C5)nc(C)n4)s3)cc2)no1,14.0,7.85,1,505.608
CN1CCN(c2ccc(C(=O)Nc3cc(-c4ccc(CNC(=O)OCc5cccnc5)cc4)n[nH]3)cc2)CC1,14.0,7.85,1,525.613
CN1CCN(c2ccc(C(=O)Nc3cc(-c4cccc(N)c4)n[nH]3)cc2)CC1,14.0,7.85,1,376.464
CO/N=C/c1c(N)ncnc1N1CCN(C(=O)Nc2ccc(N(C)C)cc2)CC1,14.0,7.85,1,398.471
Cc1cccc(NC(=O)Nc2ccc(-c3ccc(F)c4[nH]nc(N)c34)cc2)c1,14.0,7.85,1,375.407
Cc1cccc(NC(=O)Nc2ccc(-c3cccc4onc(N)c34)cc2)c1,14.0,7.85,1,358.401
Cc1cn2c(-c3cn[nH]c3)cnc2c(Nc2cc(Cc3ccccn3)ns2)n1,14.0,7.85,1,388.46
Nc1ncc(-c2cnn(C3CCNCC3)c2)cc1-c1nc2ccc(O)c(-c3ccccc3)c2o1.O=C(O)C(F)(F)F,14.0,7.85,1,566.54
O=C1Nc2ccc(Cl)cc2/C1=C/c1ccc(OCCN2CCOCC2)cc1,14.0,7.85,1,384.863
O[C@H]1CC[C@H](Nc2nc(Nc3cccnc3)ncc2-c2ccccn2)CC1,14.0,7.85,1,362.437
c1cc2c3cnc(Nc4ccc(N5CCNCC5)cn4)nc3n(C3CCCC3)c2cn1,14.0,7.85,1,414.517
COc1ccc(NC(=O)Nc2ccc3c(c2)NC(=O)/C3=C\c2[nH]c(C)c(C(=O)O)c2C)cc1,14.9,7.83,1,446.463
NC(=O)c1ccc(Nc2ncc(C(F)(F)F)c(N[C@H]3CC[C@@H](N)CC3)n2)cn1,14.83,7.83,1,395.389
C#Cc1cn2c(-c3cccc(NC4CCNC4)n3)cnc2cc1CO,15.0,7.82,1,333.395
CC(C)(C)c1cc(NC(=O)Nc2ccc(-c3cc(NC(=O)c4ccc(OCCN5CCCC5)cc4)[nH]n3)cc2)no1,15.0,7.82,1,557.655
CCCCN(C)C1CCN(c2ccc(Nc3ncc(C)c(-c4cnn(C(C)C)c4)n3)cc2F)CC1,15.0,7.82,1,479.648
CCCCNc1ncc(-c2ccc(CCN(C)C)cn2)c(N[C@H]2CC[C@H](O)CC2)n1,15.0,7.82,1,412.582
CCCCNc1ncc(-c2ccc(COC(C)C)cn2)c(N[C@H]2CC[C@H](O)CC2)n1,15.0,7.82,1,413.566
CCCCNc1ncc(C(=O)NCc2ccc(-n3cnc(C)c3)cc2)c(N[C@H]2CC[C@H](O)CC2)n1,15.0,7.82,1,477.613
CCCCNc1ncc2c(-c3ccc(NC4CCCCC4)cc3)cn(C3CCC(O)CC3)c2n1,15.0,7.82,1,461.654
CCCn1cc(-c2ccc(NC(=O)Nc3cc(C(C)(C)C)on3)cc2)c2c(N)ncnc21,15.0,7.82,1,433.516
CN1CCC(NC(=O)CO/N=C2/C(=C3/C(=O)Nc4ccc(Cl)cc43)Nc3ccccc32)CC1.Cl,15.0,7.82,1,502.402
CO/N=C/c1c(N)ncnc1N1CCN(C(=O)Nc2ccc(C(C)C)cc2)CC1,15.0,7.82,1,397.483
COc1cc2ncc(-c3cccc(NC4CCCNC4)n3)n2cc1-c1cn[nH]c1,15.0,7.82,1,389.463
COc1cc2ncc(-c3cccc(NC4CCNC4)n3)n2cc1-c1ccncc1,15.0,7.82,1,386.459
Cc1ccc(S(=O)(=O)Nc2cccc(-c3cc(NC(=O)c4ccc(N5CCN(C)CC5)cc4)[nH]n3)c2)cc1,15.0,7.82,1,530.654
Cc1ccc([N+](=O)[O-])cc1S(=O)(=O)N(C)/N=C/c1cnn2ccc(N3CCOCC3)nc12,15.1,7.82,1,459.488
Cc1cccc(NC(=O)Nc2ccc(-c3ccc(OCCN4CCCC4=O)c4[nH]nc(N)c34)cc2)c1,15.0,7.82,1,484.56
Fc1ccc(-c2cnc3cc(-c4cccs4)ccn23)cc1,15.0,7.82,1,294.354
Fc1cnc2nc1-c1cccc(c1)COCC=CCOCc1cc(ccc1OCCN1CCCC1)N2,15.0,7.82,1,490.579
O=C1Nc2ccc(F)cc2/C1=C1/Nc2ccccc2/C1=N\O,15.0,7.82,1,295.273
O=C(Nc1ccc(N2CCNCC2)cc1)c1n[nH]cc1Nc1cc(C2CCCC2)ncn1,15.39,7.81,1,432.532
CC(=O)N1CCC2(CCC(Nc3nc(Nc4cnn(C)c4)ncc3Cl)CC2)CC1,16.0,7.8,1,417.945
CC(C)(C)c1cc(NC(=O)Nc2ccc(-c3cn(CCCCO)c4ncnc(N)c34)cc2)no1,16.0,7.8,1,463.542
CCCCNc1ncc(-c2cc(Cl)ccn2)c(N[C@H]2CC[C@H](O)CC2)n1,16.0,7.8,1,375.904
CCNc1nc(C)c(-c2ccnc(Nc3ccc(N4CCNCC4)cc3)n2)s1,16.0,7.8,1,395.536
CN1CCC(NC(=O)CO/N=C2/C(=C3/C(=O)Nc4ccccc43)Nc3ccccc32)CC1.Cl,15.8,7.8,1,467.957
CN1CCN(Cc2ccc(NC(=O)c3n[nH]cc3Nc3nc(C4CC4)nc4sccc34)cc2)CC1,15.7,7.8,1,488.621
CN1CCN(c2ccc(C(=O)Nc3cc(-c4ccc(CNC(=O)Oc5ccccc5)cc4)n[nH]3)cc2)CC1,16.0,7.8,1,510.598
COc1ccc(-c2ccc(NC(=O)Nc3cccc(Br)c3)cc2)c2c(N)noc12,16.0,7.8,1,453.296
Cc1cc(-c2c(C)nn(C)c2C)cnc1-c1nnc(N(C)Cc2ccc3ncc(-c4ccc(CN(C)C)cc4)n3c2)o1,15.85,7.8,1,561.694
Cc1ccc2nc(Nc3cnn(C4CCN(C)CC4)c3)nc(OC3(C)CC3)c2n1,16.0,7.8,1,393.495
Cl.O=C1Nc2ccc(F)cc2/C1=C1/Nc2ccc(F)cc2/C1=N\OCCN1CCNCC1,15.8,7.8,1,461.9
Clc1ccc2ncc(-c3cccc(NC4CCNCC4)n3)n2c1,16.0,7.8,1,327.819
Fc1ccc(-c2cnc3cc(-c4ccccc4)ccn23)cc1,16.0,7.8,1,288.325
NC(=O)c1ccc(Nc2ncc(C(F)(F)F)c(N[C@H]3CC[C@H](N)CC3)n2)cn1,15.96,7.8,1,395.389
N[C@H]1CC[C@H](Nc2nc(Nc3ccc(Br)cc3)c3ncn(C4CCCC4)c3n2)CC1,16.0,7.8,1,470.419
Nc1ncnc2c1N=C(c1ccc(NC(=O)Nc3ccc(Cl)c(C(F)(F)F)c3)cc1)CCN2,16.0,7.8,1,475.862
O=C(NCc1ccc(-c2cc(NC(=O)c3ccc(OCCN4CCOCC4)cc3)[nH]n2)cc1)Nc1ccc(Cl)cc1,16.0,7.8,1,575.069
CC1=CC(=O)N(Nc2nc(-c3nccs3)nc3sc(C)c(C)c23)C1=O,16.03,7.79,1,371.447
COc1ccc(C(=O)NC(=O)Nc2cc3c(cc2F)/C(=C/c2[nH]c(C)c(CCC(=O)O)c2C)C(=O)N3)c(F)c1,16.3,7.79,1,538.507
COc1ccc(C(=O)NC(=O)Nc2ccc3c(c2)NC(=O)/C3=C\c2[nH]c(C)c(C(=O)NCCN(C)C)c2C)c(F)c1,16.2,7.79,1,562.602
CS(=O)(=O)N1CCc2cc(Nc3ncc(C(F)(F)F)c(NCCCN)n3)ccc2C1,16.39,7.79,1,444.483
CCOc1ccn(-c2ccc(F)cc2)c(=O)c1C(=O)Nc1ccc(Oc2ccnc(N)c2Cl)c(F)c1,16.0,7.7875,1,512.9
CC1(COc2cccc(Nc3ncc(C(F)(F)F)c(N[C@@H]4CCCNC4)n3)c2)COC1,16.48,7.78,1,437.466
CC1=CC(=O)N(Nc2nc(-c3cccs3)nc3sc(C)cc23)C1=O,16.78,7.78,1,356.432
COc1ccc(NC(=O)CC(=O)Nc2ccc3c(c2)NC(=O)/C3=C\c2ccc[nH]2)cc1,16.6,7.78,1,416.437
O=C(Nc1ccc(CN2CCOCC2)cc1)c1n[nH]cc1Nc1nc(C2CC2)nc2sccc12,16.5,7.78,1,475.578
O=C(Nc1ccc(N2CCOCC2)cc1C(F)(F)F)c1cnn2ccc(NC3CCNCC3)nc12,16.5,7.78,1,489.502
C=CCn1cc(-c2ccc(NC(=O)Nc3cc(C(C)(C)C)on3)c(F)c2)c2c(N)ncnc21,17.0,7.77,1,449.49
CC1(C)CCC(n2c3cnccc3c3cnc(Nc4ccc(N5CCNCC5)cn4)nc32)CC1,17.0,7.77,1,456.598
CCOC(=O)NCc1ccc(-c2cc(NC(=O)c3ccc(N4CCN(C)CC4)cc3)[nH]n2)cc1,17.0,7.77,1,462.554
CCn1cc(-c2ccc3nc(Nc4cc(CN5CCN(C(=O)CC(F)(F)F)CC5)ccn4)[nH]c3c2)cn1,17.0,7.77,1,512.54
CN(C)CCn1cc(-c2ccc(NC(=O)Nc3cc(C(C)(C)C)on3)cc2)c2c(N)ncnc21,17.0,7.77,1,462.558
CN1CCN(c2ccc(-c3n[nH]c4cc(C=C5C(=O)Nc6ccccc65)ccc34)cn2)CC1,17.0,7.77,1,436.519
COc1cc(/C=C2\C(=O)Nc3ccc(Cl)cc32)ccc1OCCCC#N,17.0,7.77,1,368.82
COc1cc(O)c2c(c1)-c1cccc(c1)CCC(=O)/C=C\C[C@H](C)OC2=O,17.0,7.77,1,366.413
COc1cc2ncc(-c3cccc(NC4CCNC4)n3)n2cc1OC,17.0,7.77,1,339.399
COc1cc2ncnc(Oc3ccc(Nc4nccc5[nH]cc(-c6ccc(F)cc6)c(=O)c45)cc3)c2cc1OC,16.9,7.77,1,535.535
COc1cc2nn(CC(=O)N3CCOCC3)cc2cc1NC(=O)c1cccc(NCC(C)C)n1,17.0,7.77,1,466.542
CS(=O)(=O)N1Cc2ccc(Nc3ncc(C(F)(F)F)c(NCCCN)n3)cc2C1,16.86,7.77,1,430.456
Cc1cc(/C=C2\C(=O)Nc3ccc(F)c(F)c32)c2ccccc(OCCCN3CCCCC3)c1-2,17.0,7.77,1,462.54
Cc1cc(C)cc(NC(=O)Nc2ccc(-c3cccc4onc(N)c34)cc2)c1,17.0,7.77,1,372.428
Cc1cnc2nc1-c1ccc3ccn(c3c1)C/C=C/COCc1cc(ccc1OCCN1CCCC1)N2,17.0,7.77,1,495.627
Cc1nc(Nc2cc(-c3ccc(CNC(=O)Nc4cc(C)on4)cc3)n[nH]2)cc(N2CCN(CCO)CC2)n1,17.0,7.77,1,532.609
Cc1nc(Nc2cc(-c3ccc(CNC(=O)OCc4ccccc4)cc3)n[nH]2)cc(N2CCNCC2)n1,17.0,7.77,1,498.591
Clc1cc(OCCN2CCOCC2)ccc1Nc1nc2c(-c3nnc[nH]3)cccc2c2cnccc12,17.0,7.77,1,501.978
O=C(NCc1ccc(-c2cc(NC(=O)c3ccc(OCCN4CCOCC4)cc3)[nH]n2)cc1)OCc1ccccc1,17.0,7.77,1,555.635
O=C(Nc1ccc(CN2CCOCC2)cc1)c1n[nH]cc1Nc1ccnc2ccc(Br)cc12,16.9,7.77,1,507.392
O=c1[nH]ccc2c3cnc(Nc4ccc(N5CCNCC5)cn4)nc3n(C3CCCC3)c12,17.0,7.77,1,430.516
COc1ccc(NC(=O)Nc2ccc3c(c2)NC(=O)/C3=C\c2[nH]ccc2-c2ccc(C(=O)O)s2)cc1,17.3,7.76,1,500.536
CC(C)(C)c1cc(NC(=O)NCc2ccc(-c3cc(NC(=O)c4ccc(OCCN5CCOCC5)cc4)[nH]n3)cc2)no1,18.0,7.75,1,587.681
CC1CCN(c2cc(N3CCN(C)CC3)ccc2NC(=O)c2cc(C#N)c[nH]2)CC1,18.0,7.75,1,406.534
CCCCNc1ncc(-c2ccc(CCCN3CCN(C)CC3)cn2)c(NC2CCC(O)CC2)n1,18.0,7.75,1,481.689
CCO/N=C/c1c(N)ncnc1N1CCN(C(=O)Nc2ccc(OC(C)C)cc2)CC1,18.0,7.75,1,427.509
CN(C)CCOc1ccc2c(n1)sc1nc(-c3ccc(NC(=O)Nc4cc(C(C)(C)C)on4)cc3)cn12,18.0,7.75,1,519.631
CO/N=C/c1c(N)ncnc1N1CCN(C(=O)Nc2ccc(OC3CCCC3)nc2)CC1,18.0,7.75,1,440.508
C[C@H](c1ccnc(Nc2nc3ccc(-c4cnn(CC5CC5)c4)cc3[nH]2)c1)N1CCN(C(=O)CC(F)(F)F)CC1,18.0,7.75,1,552.605
Cc1cc(/C=C2\C(=O)Nc3ccc(F)cc32)c2ccccc(OCCN3CCC(N(C)C)CC3)c1-2,18.0,7.75,1,473.592
Cc1nc(Nc2cc(-c3ccc(CNC(=O)OCc4ccccc4)cc3)n[nH]2)cc(N2CCN(C)CC2)n1,18.0,7.75,1,512.618
NC(=O)c1ccc(Nc2ncc(C(F)(F)F)c(N[C@H]3CC[C@H](O)CC3)n2)cn1,18.12,7.74,1,396.373
CCCCNc1ncc(-c2ccccn2)c(Nc2ccc(N)cc2)n1,28.35,7.734999999999999,1,334.427
N=C(N)c1ccc(/N=N/c2c(N)ncc3ccc(Br)cc23)cc1,18.6,7.73,1,369.226
C1=CCOCc2cccc(c2)-c2ccnc(n2)Nc2cc(cc(OCCN3CCOCC3)c2)COC1,19.0,7.72,1,488.588
CC(C)(C)c1cc(NC(=O)Nc2ccc(-c3cc(NC(=O)c4ccc(OCCN5CCOCC5)cc4)[nH]n3)cc2)no1,19.0,7.72,1,573.654
CC(C)(C)c1cc(NC(=O)Nc2ccc(-c3cn(CC#N)c4ncnc(N)c34)cc2F)no1,19.0,7.72,1,448.462
CC(C)(C)c1cc(NC(=O)Nc2ccc(-c3cn4c(n3)sc3nc(N5CCOCC5)ncc34)cc2)no1,19.0,7.72,1,518.603
CCCCNc1ncc(-c2cc(Nc3ccc(OC)cc3)ncn2)c(N[C@H]2CC[C@H](O)CC2)n1,19.0,7.72,1,463.586
CCCCNc1ncc(-c2ccc(CN3CC(F)(F)C3)o2)c(NC2CCC(O)CC2)n1,19.0,7.72,1,435.519
CCCCNc1ncc(-c2ccccn2)c(Nc2ccc(O)cc2)n1,19.0,7.72,1,335.411
CCCCNc1ncc(C(=O)NC2CCC2)c(NC2CCC(O)CC2)n1,19.0,7.72,1,361.49
CCC[C@H](C)Nc1ncc2c(-c3ccc(CN4C5CCC4CC5)cc3)cn([C@H]3CC[C@H](O)CC3)c2n1,19.0,7.72,1,487.692
CCN(CC)CCNc1ccc2c(n1)sc1nc(-c3ccc(NC(=O)Nc4cc(C(C)(C)C)on4)cc3)cn12,19.0,7.72,1,546.701
CCOc1cccc2c1c(/C=C1\C(=O)NN=C1c1snnc1C)cn2C,19.0,7.72,1,367.434
CN(C)CCCOc1ccc2c(NCCc3cnc(NC(=O)Nc4cccc(Cl)c4)s3)ncnc2c1,19.0,7.72,1,526.066
CN1C/C=C/CCOc2cccc(c2)-c2ccnc(n2)Nc2cc(N)cc(c2)C1,19.0,7.72,1,387.487
CN1CCN(CCO/N=C2/C(=C3/C(=O)Nc4ccc([N+](=O)[O-])cc43)Nc3ccc(O)cc32)CC1,18.9,7.72,1,464.482
CN1CCN(CCO/N=C2/C(=C3/C(=O)Nc4ccc([N+](=O)[O-])cc43)Nc3ccc(O)cc32)CC1.Cl,18.9,7.72,1,500.943
COC(=O)c1ccc2c(c1)/C(=C1/Nc3ccccc3/C1=N\OCCBr)C(=O)N2,19.0,7.72,1,442.269
COc1ccc(-c2ccc(NC(=O)Nc3cccc(C(F)(F)F)c3)cc2)c2c(N)noc12,19.0,7.72,1,442.397
COc1ccc2c(c1)[C@]1(C[C@H]1c1ccc3c(/C=C/c4ccc(CN(C)C)cc4)n[nH]c3c1)C(=O)N2,19.0,7.72,1,464.569
CS(=O)(=O)N1CCc2cc(Nc3ncc(C(F)(F)F)c(NCCCN)n3)ccc21,19.1,7.72,1,430.456
Cc1cc(/C=C2\C(=O)Nc3ccc(F)cc32)c2ccccc(OCCN3CCOCC3)c1-2,19.0,7.72,1,432.495
Cc1cnc2nc1-c1cccc(c1)COC/C=C/COCc1cc(ccc1OCCN1CCCC1)N2,19.0,7.72,1,486.616
Cc1cnc2nc1-c1cccc(c1)COCC=CCOCc1cc(ccc1OCCN1CCCC1)N2,19.0,7.72,1,486.616
Clc1cccc(CNc2nccc(-c3cnc4c(NCCN5CCOCC5)nccn34)n2)c1,19.0,7.72,1,464.961
Nc1nc(Nc2ccc(C(=O)NCCN3CCOCC3)cc2)nn1-c1ccccn1,19.0,7.72,1,408.466
O=C(NCc1ccc(-c2cc(NC(=O)c3ccc(OCCCN4CCCC4)cc3)[nH]n2)cc1)OCc1ccccc1,19.0,7.72,1,553.663
O=C(Nc1ccc(N2CCNCC2)cc1)c1n[nH]cc1Nc1cc(OC2CCCCC2)ncn1,19.21,7.72,1,462.558
CCN(CC)CCNC(=O)c1c(C)[nH]c(/C=C2\CNc3ccc(F)cc32)c1C,19.3,7.71,1,384.499
CN1CCN(Cc2ccc(NC(=O)c3n[nH]cc3Nc3cc(C4CCCC4)ncn3)cc2)CC1,19.44,7.71,1,460.586
NCCCNc1nc(Nc2ccc3c(c2)CCS3(=O)=O)ncc1C(F)(F)F,19.29,7.71,1,401.414
CC(C)(C)c1cc(NC(=O)Nc2ccc(-c3cn(CCN4CCOCC4)c4ncnc(N)c34)cc2)no1,20.0,7.7,1,504.595
CC(C)n1cc(-c2ccc(NC(=O)Nc3cc(C(C)(C)C)on3)cc2)c2c(N)ncnc21,20.0,7.7,1,433.516
CCCCNc1ncc(-c2ccc(C#CCN3CCN(C)CC3)cn2)c(NC2CCC(O)CC2)n1,20.0,7.7,1,477.657
CCCCNc1ncc(-c2ccc(N3CCN(C(=O)OC(C)(C)C)CC3)nn2)c(N[C@H]2CC[C@H](O)CC2)n1,20.0,7.7,1,526.686
CCN1CCN(c2cc(Nc3ncc(-c4ccncc4)s3)ncn2)CC1.Cl,20.0,7.7,1,403.943
CCn1ccc(NC(=O)Cc2ccc(Oc3ncnc4cc(OC)c(OC)cc34)cc2)n1,20.0,7.7,1,433.468
CN1CCN(Cc2ccc(-c3cn4c5nc(ncc35)NCCCCNC(=O)[C@@H](N)CCC4)cc2)CC1,20.0,7.7,1,490.656
CN1CCN(c2ccc(C(=O)Nc3cc(-c4cccc(NC(=O)Nc5ccccc5)c4)n[nH]3)cc2)CC1,20.0,7.7,1,495.587
CNc1ncc2c(-c3ccc(N4CCNCC4)nc3)nn(CC3CCCC3)c2n1,20.0,7.7,1,392.511
COc1cc2c(Nc3cnc(OCCCC4CCCC4)nc3)ncnc2cc1OCCCN1CCCCC1,19.95,7.7,1,520.678
COc1cc2ncc(-c3cccc(NC4CCNC4)n3)n2cc1-c1cnn(CCN2CCOCC2)c1,20.0,7.7,1,488.596
COc1cc2ncnc(Nc3ccc(CC(=O)Nc4cnn(C(C)C)c4)cc3)c2cc1OC,20.0,7.7,1,446.511
COc1cccc(COc2ccc(Oc3ncnc4cc(OC)c(OC)cc34)cc2)c1,20.0,7.7,1,418.449
COc1cccc(NC(=O)Cn2cc(Oc3ccnc4cc(OC)c(OC)cc34)cn2)c1,20.0,7.7,1,434.452
Cc1cc(-c2c(C)nn(C)c2C)ccc1-c1nnc(N(C)Cc2ccc3ncc(-c4cnn(CCN(C)C)c4)n3c2)o1,19.95,7.7,1,564.698
Cc1cc(-c2cc(NC(=O)c3ccc(OCCN4CCOCC4)cc3)[nH]n2)ccc1NC(=O)Nc1cc(C(C)(C)C)on1,20.0,7.7,1,587.681
Cc1nc(Nc2ncc(-c3ccc(NC(=O)Nc4cccc(Cl)c4)cc3)s2)cc(N2CCNCC2)n1,20.0,7.7,1,521.05
N[C@H]1CCCC[C@H]1Nc1cc2nc[nH]c(=O)c2c(Nc2cccc3cc[nH]c23)n1,20.0,7.7,1,389.463
N[C@H]1COCC[C@H]1Nc1cc2cc[nH]c(=O)c2c(Nc2cccc3cc[nH]c23)n1,20.0,7.7,1,390.447
O=C(NCc1ccc(-c2cc(NC(=O)c3ccc(OCCN4CCOCC4)cc3)[nH]n2)cc1)OCc1cccnc1,20.0,7.7,1,556.623
COc1cccc(NC(=O)Cn2cc(Nc3ncnc4cc(OC)c(OC)cc34)cn2)c1,20.0,7.698970004336019,1,434.456
CC(C)(C)c1nc(Nc2c[nH]nc2C(=O)Nc2ccc(N3CCNCC3)cc2)c2ccsc2n1,20.51,7.69,1,476.61
COc1cc2nccc(Oc3ccc(NC(=O)Nc4cc(C)on4)c(Cl)c3)c2cc1OC,211.5,7.6899999999999995,1,454.87
CCCCNc1ncc(-c2ccc(N3CCCC3)nn2)c(N[C@H]2CC[C@H](O)CC2)n1,21.0,7.68,1,411.554
CCCCNc1ncc(-c2cncc(NC3CCCCC3)n2)c(N[C@H]2CC[C@H](O)CC2)n1,21.0,7.68,1,439.608
CC[C@H]1C[C@@H]1Nc1ncc2c(C3CCN(C(=O)c4cc(C)nc(C)c4)CC3)cn([C@H]3CC[C@H](O)CC3)c2n1,21.0,7.68,1,516.69
CN(/N=C/c1cnn2ccc(Cl)nc12)S(=O)(=O)c1cc([N+](=O)[O-])ccc1Cl,21.0,7.68,1,429.245
COCCn1cc(-c2ccc(NC(=O)Nc3cc(C(C)(C)C)on3)cc2)c2c(N)ncnc21,21.0,7.68,1,449.515
Cc1nc(Nc2cc(-c3ccc(CNC(=O)Nc4cc(C)on4)cc3)n[nH]2)cc(N2CCN(C)CC2)n1,21.0,7.68,1,502.583
Cc1nc(Nc2cc(-c3ccc(CNC(=O)OCc4cccnc4)cc3)n[nH]2)cc(N2CCN(CCO)CC2)n1,21.0,7.68,1,543.632
Cl.O=C1Nc2ccccc2/C1=C1/Nc2ccccc2/C1=N\OCCNC1CCNCC1,20.9,7.68,1,439.947
Fc1cc2[nH]ncc2c2c3c(c(-c4cn[nH]c4)nc12)CCCC3,21.0,7.68,1,307.332
NC(=O)c1ccc(NC(=O)N2CCN(c3ccnc(Nc4ccc(N5CCOCC5)cc4)n3)CC2)cc1,21.0,7.68,1,502.579
NCCCCCCNc1nc(Nc2ccc(CN3CCOCC3)cc2)c2ncn(C3CCCC3)c2n1,21.0,7.68,1,492.672
N[C@H]1CC[C@H](Nc2nc(Nc3ccc(N4CCCC4)cc3)c3ncn(C4CCCC4)c3n2)CC1,21.0,7.68,1,460.63
N[C@H]1CC[C@H](Nc2nc(Nc3ccc(N4CCOCC4)cc3)c3ncn(C4CCCC4)c3n2)CC1,21.0,7.68,1,476.629
OC1CCC(Nc2nc(Nc3ccc4ccccc4c3)ncc2-c2ccccn2)CC1,21.0,7.68,1,411.509
O[C@H]1CC[C@@H](Oc2cccc3nc(Nc4ccc5nc[nH]c5c4)ncc23)CC1,21.0,7.68,1,375.432
C[C@H]1CC[C@H](n2c3cnccc3c3cnc(Nc4ccc5c(n4)CCN(CCC(F)(F)F)C5)nc32)CC1,21.4,7.67,1,509.58
O=C(Nc1ccc(N2CCNCC2)cc1)c1n[nH]cc1Nc1cc(NC2CCCC2)ncn1,21.24,7.67,1,447.547
C1=CCOCc2cccc(c2)-c2ccnc(n2)Nc2cc(cc(OCCN3CCCC3)c2)COC1,22.0,7.66,1,472.589
CC(C)(C)c1cc(NC(=O)Nc2ccc(-c3cn(CCC#N)c4ncnc(N)c34)cc2F)no1,22.0,7.66,1,462.489
CCCCc1cc(NC(=O)Nc2ccc(-c3cnc(Nc4cc(N5CCN(C)CC5)nc(C)n4)s3)cc2)no1,22.0,7.66,1,547.689
CN(C)CCCNC(=O)c1csc2nc(-c3ccc(NC(=O)Nc4cc(C(C)(C)C)on4)cc3)cn12,22.0,7.66,1,509.636
CN(C)CCNC(=O)c1csc2nc(-c3ccc(NC(=O)Nc4cc(C(C)(C)C)on4)cc3)cn12,22.0,7.66,1,495.609
CN(C[C@@H]1COCCO1)S(=O)(=O)Nc1ccc2ccc3ncc(-c4cnn(C)c4)cc3c(=O)c2c1,22.0,7.66,1,495.561
CN1CCN(CC(=O)Nc2cccc3c2Cc2c-3n[nH]c2-c2csc(C#CCOc3ccccc3)c2)CC1,22.0,7.66,1,523.662
CN1CCN(Cc2ccc(C(=O)Nc3cc(-c4ccc(CNC(=O)Nc5ccccc5)cc4)n[nH]3)cc2)CC1,22.0,7.66,1,523.641
COCCOc1ccc2cc1CN(C)C/C=C/COCc1ccc(s1)-c1ccnc(n1)N2,22.0,7.66,1,452.58
CONC(=O)c1cn(-c2ccc3c(c2)CCC3)c2nc(Nc3ccc(C4CCN(C)CC4)cc3)ncc2c1=O,43.0,7.66,1,524.625
COc1cc(-c2ccnc(Nc3cccc(N(C)C)c3)n2)ccc1O,22.0,7.66,1,336.395
Cc1ccc(F)c(NC(=O)Nc2ccc(-c3cccc4onc(N)c34)cc2)c1,22.0,7.66,1,376.391
Cc1cnc2nc1-c1cccc(c1)OCC/C=C/CN(C)Cc1cccc(c1)N2,22.0,7.66,1,386.499
Cc1nccc2c3cnc(Nc4ccc(N5CCNCC5)cn4)nc3n(C3CCCC3)c12,22.0,7.66,1,428.544
Clc1ccc2ncc(-c3cccc(NC4CCCNC4)n3)n2c1,22.0,7.66,1,327.819
Nc1noc2cccc(-c3ccc(NC(=O)Nc4ccc(F)c(Cl)c4)cc3)c12,22.0,7.66,1,396.809
CCN1CCN(Cc2ccc(NC(=O)CNc3ccc(-c4ccc(NC(=O)C5CC5)nc4)cc3)cc2C(F)(F)F)CC1,22.0,7.6598943791441965,1,580.655
CN1CCN(Cc2ccc(NC(=O)CNc3ccc(-c4ccc(NC(=O)C5CC5)nc4)cc3F)cc2C(F)(F)F)CC1,22.0,7.6598943791441965,1,584.618
Cc1cnc(Nc2ccc(N3CCN(C)CC3)cc2)nc1Nc1cccc(S(=O)(=O)NC(C)(C)C)c1,25.0,7.656666666666666,1,509.68
CC(=O)Nc1ccc(-n2c(=O)cnc3cnc(Nc4ccc(N5CCN(C)CC5)cc4)nc32)cc1,22.2,7.65,1,470.537
COc1cc(-c2n[nH]c3ncc(-c4cccc(O)c4)cc23)cc(OC)c1OC,22.4,7.65,1,377.4
CN1C/C=C/CCOc2cccc(c2)-c2ccnc(n2)Nc2cc(cc(NC(=O)C(F)(F)F)c2)C1,23.0,7.64,1,483.494
CNC(=O)c1cccc2c1nc(Nc1ccccc1Cl)c1ccncc12,23.0,7.64,1,362.82
NCCCCNc1nc(Nc2ccc(N3CCOCC3)cc2)c2ncn(C3CCCC3)c2n1,23.0,7.64,1,450.591
O=C1Nc2ccc(F)cc2/C1=C/c1cc(F)c2cccccc1-2,23.0,7.64,1,307.299
COc1cc(-c2n[nH]c3ncc(-c4ccc(N)nc4)cc23)cc(OC)c1OC,23.6,7.63,1,377.404
O=C1Nc2ccc([N+](=O)[O-])cc2/C1=C1/Nc2ccc(O)cc2/C1=N\O,23.4,7.63,1,338.279
FC(F)(F)c1ccc(CNc2ccc(Cc3c[nH]c4ncc(Cl)cc34)cn2)cn1,11.0,7.620909090909091,1,417.822
C1=C/COCc2cc(ccc2OCCN2CCCC2)Nc2nccc(n2)-c2ccc(s2)COC/1,24.0,7.62,1,478.618
CCCCNc1ncc(-c2cc(N3CCCCC3)ncn2)c(NC2CCC(O)CC2)n1,24.0,7.62,1,425.581
CCN1CCN(c2cc(Nc3ncc(-c4ccccn4)s3)nc(C)n2)CC1.Cl,24.0,7.62,1,417.97
Cc1cccc(NC(=O)Nc2ccc(-c3ccc(OCCN4CCOCC4)c4[nH]nc(N)c34)cc2)c1,24.0,7.62,1,486.576
Nc1onc2nc(-c3ccccc3)cc(-c3ccc(NC(=O)Nc4ccc(Cl)c(C(F)(F)F)c4)cc3)c12,24.0,7.62,1,523.902
CCc1cc(NC(=O)Nc2ccc(-c3cnc(Nc4cc(N5CCN(CC)CC5)nc(C)n4)s3)cc2)no1,38.0,7.613333333333333,1,533.662
CC(C)(C)OC(=O)n1cc(-c2ccc(NC(=O)Nc3cc(C(C)(C)C)on3)cc2)c2c(N)ncnc21,25.0,7.6,1,491.552
CN(C)CC(=O)N1CCC(c2ccc(NC(=O)c3nc(C#N)c[nH]3)c(C3=CCCCC3)c2)CC1,25.5,7.6,1,460.582
CNC(=O)c1cccc(-c2cnc3cc(-c4cnn(C)c4)c(O[C@H]4CCOC4)nn23)c1,25.0,7.6,1,418.457
CNc1nccc(-c2cnc3c(NC)nccn23)n1,25.0,7.6,1,255.285
COCCOc1ccc2cc1CN(C)C/C=C/CCOc1cccc(c1)-c1ccnc(n1)N2,25.0,7.6,1,446.551
Cc1cc(/C=C2/C(=O)Nc3ccc(F)cc32)c2ccccc(OCCCN(C)C)c1-2,25.0,7.6,1,404.485
Cc1cnn2cc(-c3cnn(C(C)(C)C)c3)cc(O[C@H](C)[C@H]3CNC(=O)C3)c12,25.0,7.6,1,381.48
Cc1n[nH]c2ccc3nc(-c4c[nH]nc4C(F)(F)F)c4c(c3c12)CCCC4,25.0,7.6,1,371.366
NCCCCCNc1nc(Nc2ccc(CN3CCOCC3)cc2)c2ncn(C3CCCC3)c2n1,25.0,7.6,1,478.645
Nc1n[nH]c2cccc(-c3ccc(NC(=O)Nc4cccc(F)c4)cc3)c12,25.0,7.6,1,361.38
O=C(Nc1ccc(N2CCNCC2)cc1)c1n[nH]cc1Nc1cc(C2=CCOCC2)ncn1,25.12,7.6,1,446.515
O=C(Nc1ccc(N2CCOCC2)cc1F)c1cnn2ccc(N[C@@H]3CCCNC3)nc12,25.1,7.6,1,439.495
CCc1nc(C(N)=O)c(Nc2ccc(N3CCC(N4CCN(C)CC4)CC3)c(OC)c2)nc1NC1CCOCC1,10.59,7.5840000000000005,1,552.724
C1=CCOCc2cc(ccc2OCCN2CCCCC2)Nc2nccc(n2)-c2cccc(c2)COC1,26.0,7.58,1,486.616
CC#CCn1cc(-c2ccc(NC(=O)Nc3cc(C(C)(C)C)on3)cc2)c2c(N)ncnc21,26.0,7.58,1,443.511
CC(C)(C)c1cc(NC(=O)Nc2ccc(-c3cn(CCN4CCN(S(C)(=O)=O)CC4)c4ncnc(N)c34)cc2)no1,26.0,7.58,1,581.703
CCCCNc1ncc(-c2ccc(NC(=O)C3CC3)cn2)c(NC2CCC(O)CC2)n1,26.0,7.58,1,424.549
CCCCNc1ncc(-c2cccc(CN3CCOCC3)n2)c(NC2CCC(O)CC2)n1,26.0,7.58,1,440.592
COC(=O)c1ccc2c(c1)NC(=O)/C2=C(\Nc1ccc(N(C)C(=O)CN2CCN(C)CC2)cc1)c1ccccc1,26.0,7.58,1,539.636
COc1cc2ncc(-c3cccc(NC4CCNC4)n3)n2cc1-c1cccnc1,26.0,7.58,1,386.459
Cc1nc(Nc2cc(-c3ccc(CNC(=O)Nc4cc(C(C)(C)C)on4)cc3)n[nH]2)cc(N2CCNCC2)n1,26.0,7.58,1,530.637
Cc1nc(Nc2cc(-c3ccc(CNC(=O)Nc4cccc(Cl)c4)cc3)n[nH]2)cc(N2CCNCC2)n1,26.0,7.58,1,518.025
Nc1n[nH]c2cccc(-c3ccc(NC(=O)Nc4ccc(F)cc4)cc3)c12,26.0,7.58,1,361.38
Nc1n[nH]c2cccc(-c3ccc(NC(=O)Nc4cccc(O)c4)cc3)c12,26.0,7.58,1,359.389
O=C(c1ccc(-c2cn3c4nc(ncc24)NCCCCCCCC(O)CCCC3)cc1)N1CCOCC1,26.0,7.58,1,505.663
O=C1Nc2ccc(F)cc2/C1=C1/Nc2ccc(F)cc2/C1=N\OCCN1CCNCC1,26.2,7.58,1,425.439
Oc1cccc(Nc2ccnc3cc(-c4cccc(CN5CCOCC5)c4)sc23)c1,26.1,7.58,1,417.534
CCCCNc1ncc(-c2ccc(CCN3CCN(C)CC3)cn2)c(NC2CCC(O)CC2)n1,27.0,7.57,1,467.662
CN1CCN(CCO/N=C2/C(=C3/C(=O)Nc4ccc(F)cc43)Nc3ccc(F)cc32)CC1.Cl,27.0,7.57,1,475.927
COc1ccc(C(=O)Nc2sc3c(c2C(N)=O)CCC3)cc1OC,27.0,7.57,1,346.408
Cc1cc(COC(=O)NCc2ccc(-c3cc(NC(=O)c4ccc(N5CCN(C)CC5)cc4)[nH]n3)cc2)no1,27.0,7.57,1,529.601
Cc1sc2ncnc(N)c2c1-c1ccc(NC(=O)Nc2cc(C(F)(F)F)ccc2F)cc1,27.0,7.57,1,461.444
Cn1ncc2c(Oc3ccc(NC(=O)Nc4cc(C(C)(C)C)on4)cc3)ncnc21,27.0,7.57,1,407.434
Nc1nc(Nc2cc(N3CCOCC3)ccc2F)nn1-c1ccccn1,27.0,7.57,1,355.377
Nc1noc2cccc(-c3ccc(NC(=O)Nc4ccc(OC(F)(F)F)cc4)cc3)c12,27.0,7.57,1,428.37
O=C1Nc2ccccc2C1=Cc1ccc2c(-c3cccnc3)n[nH]c2c1,27.0,7.57,1,338.37
COc1ccc(Nc2ncc3ncc(=O)n(-c4ccc(N)cc4)c3n2)cc1Cl,27.7,7.56,1,394.822
Cl.O=C1Nc2ccc([N+](=O)[O-])cc2/C1=C1/Nc2ccc(F)cc2/C1=N\OCCN1CCNCC1,27.6,7.56,1,488.907
NCCCNc1nc(Nc2ccc3c(c2)CCCC3=O)ncc1C(F)(F)F,27.66,7.56,1,379.386
COc1ccc(Nc2ncc3ncc(=O)n(-c4ccc(N)cc4)c3n2)cc1,28.0,7.555,1,360.377
O=C(Nc1ccc(C(=O)N2CCN(c3ccccc3)CC2)cc1)c1n[nH]c2ccccc12,28.5,7.555,1,425.492
CC(C)(C)c1cc(NC(=O)Nc2ccc(-c3cn4c(n3)sc3nc(NCCN5C[C@@H]6C[C@H]5CO6)ccc34)cc2)no1,28.0,7.55,1,572.695
CCCCNc1ncc(-c2ccc(CCCN3CCCC3)cn2)c(N[C@H]2CC[C@H](O)CC2)n1,28.0,7.55,1,452.647
CCN1CCN(Cc2ccc(NC(=O)Nc3ccc(C4=Nc5cscc5NC(=O)C4)cc3)cc2C(F)(F)F)CC1,27.9,7.55,1,570.641
CN(C)CCCc1cccc(Nc2ncc3c(n2)-c2ccc(Cl)cc2NC(=S)C3)c1,28.0,7.55,1,438.0
CN(c1cccc(-c2cnc3ccc(Cl)cn23)n1)C1CCNCC1,28.0,7.55,1,341.846
COc1ccc2c(c1)C(=Cc1ccc3c(-c4ccc(N5CCN(C)CC5)nc4)n[nH]c3c1)C(=O)N2,28.0,7.55,1,466.545
C[C@H]1CC[C@H](Nc2nc(Nc3ccc(C(N)=O)nc3)ncc2C(F)(F)F)CC1,28.47,7.55,1,394.401
Cc1ccc2c(c1)/C(=C1/Nc3ccccc3/C1=N\O)C(=O)N2,28.0,7.55,1,291.31
FC(F)(F)c1cccc(-n2nnc3ccc(NCC4CC5(CCNCC5)C4)nc32)c1,28.0,7.55,1,416.451
Fc1cc2[nH]ncc2c2c3c(c(-c4c[nH]nc4C(F)(F)F)nc12)C1CCC3C1,28.0,7.55,1,387.34
Nc1noc2cccc(-c3ccc(NC(=O)Nc4ccc(F)c(C(F)(F)F)c4)cc3)c12,28.0,7.55,1,430.361
O=C(Nc1ccc(Oc2ncnc3[nH]ncc23)cc1)Nc1cc(C(F)(F)F)on1,28.0,7.55,1,405.296
CC(C)(C)c1cc(NC(=O)Nc2ccc(-c3cn4c(n3)sc3nc(NCCN5CCOCC5)ccc34)cc2)no1,29.0,7.54,1,560.684
CC1(COc2ccc(Nc3ncc(C(F)(F)F)c(NC4CCNCC4)n3)cc2)COC1,28.91,7.54,1,437.466
CCCCNc1ncc(-c2ccc(Cl)cn2)c(NC2CCC(O)CC2)n1,29.0,7.54,1,375.904
CCN(CC)CCOc1ccc2cc1COCC=CCOCc1cccc(c1)-c1ccnc(n1)N2,29.0,7.54,1,474.605
CN1CCN(Cc2ccc(-c3cn4c5nc(ncc35)NCCCCCC(O)CCCC4)cc2)CC1,29.0,7.54,1,476.669
COc1cc(/C=C2\C(=O)Nc3ccc(Cl)cc32)ccc1OCCN(C)C,29.0,7.54,1,372.852
COc1ccc(-c2ccc(NC(=O)Nc3cccc(C)c3)cc2)c2c(N)n[nH]c12,29.0,7.54,1,387.443
N#CCN1C/C=C/CCOc2cccc(c2)-c2ccnc(n2)Nc2ccc(OCCN3CCCC3)c(c2)C1,29.0,7.54,1,510.642
NCCCNc1nc(Nc2ccc3c(c2)CCN(S(=O)(=O)C2CCCCC2)C3)ncc1C(F)(F)F,28.98,7.54,1,512.602
O=C(Nc1cc(-c2cccc(NS(=O)(=O)c3ccccc3)c2)n[nH]1)c1ccc(N2CCOCC2)cc1,29.0,7.54,1,503.584
O=C(Nc1ccc(N2CCNCC2)cc1)c1n[nH]cc1Nc1cc(C2CCCCCC2)ncn1,28.91,7.54,1,460.586
O=C(Nc1ccc(N2CCNCC2)cc1)c1n[nH]cc1Nc1cc(OC2CCCCCC2)ncn1,28.8,7.54,1,476.585
CC1(COc2ccc(Nc3ncc(C(F)(F)F)c(N[C@H]4CC[C@H](O)CC4)n3)cc2)COC1,29.56,7.53,1,452.477
O=C(Nc1ccc(CN2CCOCC2)cc1)c1n[nH]cc1Nc1cc(C2CCCC2)ncn1,29.72,7.53,1,447.543
C=C(C)Cn1cc(-c2ccc(NC(=O)Nc3cc(C(C)(C)C)on3)cc2)c2c(N)ncnc21,30.0,7.52,1,445.527
CC(=O)N1CCC(n2cc(Nc3nc(OC4CCOCC4)c4nc(C)ccc4n3)cn2)CC1,30.0,7.52,1,451.531
CC1(COc2ccc(Nc3ncc(C(F)(F)F)c(N[C@H]4CC[C@H](N)CC4)n3)cc2)COC1,29.9,7.52,1,451.493
CCCCNc1ncc(-c2cnc(SC)cn2)c(N[C@H]2CC[C@H](O)CC2)n1,30.0,7.52,1,388.541
CCCCNc1ncc(C(=O)NC2CCCCCC2)c(NC2CCC(O)CC2)n1,30.0,7.52,1,403.571
CCCNNC(=O)c1ccc(Cn2cc(Nc3ncc(Cl)c(-c4cnc5ccccn45)n3)cn2)cc1,30.4,7.52,1,501.982
CCN(CC)CCCOc1ccccc2c(/C=C3/C(=O)Nc4ccc(F)cc43)cc(C)c1-2,30.0,7.52,1,432.539
CCN(CC)CCOc1ccc2cc1CN(C)C/C=C/CCOc1cccc(c1)-c1ccnc(n1)N2,30.0,7.52,1,487.648
CCN1CCN(c2cc(Nc3ncc(-c4ccncc4)s3)nc(C)n2)CC1.Cl,30.0,7.52,1,417.97
CN1C/C=C/CCOc2cc(F)cc(c2)-c2ccnc(n2)Nc2cccc(c2)C1,30.0,7.52,1,390.462
CN1CCN(c2ccc(C(=O)Nc3cc(-c4ccc(NC(=O)Nc5cc(C(C)(C)C)on5)cc4)n[nH]3)cc2)CC1,30.0,7.52,1,542.644
CN1CCN(c2ccc3cc2COCC=CCOCc2cccc(c2)-c2ccnc(n2)N3)CC1,30.0,7.52,1,457.578
COc1cc2ncc(-c3cccc(NC4CCNC4)n3)n2cc1-c1cc[nH]c1,30.0,7.52,1,374.448
COc1cc2nccc(Oc3ccc(CC(=O)Nc4cn(C)nc4C)cc3)c2cc1OC,30.0,7.52,1,432.48
COc1ccc(-c2ccc(NC(=O)Nc3cccc(Cl)c3)cc2)c2c(N)noc12,30.0,7.52,1,408.845
COc1ccc(CNc2ccc3c(c2)ncn3-c2ccccc2)cc1OC,30.0,7.52,1,359.429
Cc1cc(Nc2cc(N3CCN(C)CC3)nc(Sc3ccc(NC(=O)C4CC4)cc3)n2)n[nH]1,30.0,7.52,1,464.599
Cc1noc(-c2ccc3nc(Nc4cc([C@@H](C)N5CCN(C(=O)CC(F)(F)F)CC5)ccn4)[nH]c3c2)n1,30.0,7.52,1,514.512
Clc1ccc2ncc(-c3cccc(NC4CCNC4)n3)n2c1,30.0,7.52,1,313.792
NS(=O)(=O)c1ccc(NC(=O)N2CCN(c3ccnc(Nc4ccc(N5CCOCC5)cc4)n3)CC2)cc1,30.0,7.52,1,538.634
Nc1ncc(-c2ncccc2OC(F)(F)F)nc1C(=O)Nc1ccncc1N1CCC(N)CC1,30.0,7.52,1,474.447
C1=C/COCc2cc(ccc2OCCN2CCCC2)Nc2nccc(n2)-c2ccnc(c2)OCC/1,31.0,7.51,1,473.577
CCCCNc1ncc(C(=O)NCc2ccc(-c3cccnc3)nc2)c(N[C@H]2CC[C@H](O)CC2)n1,31.0,7.51,1,475.597
CCN(CC)C(=O)n1cc(-c2ccc(NC(=O)Nc3cc(C(C)(C)C)on3)cc2)c2c(N)ncnc21,31.0,7.51,1,490.568
CN(C)CCN(C)c1ccc2cc1COC/C=C/COCc1cccc(c1)-c1ccnc(n1)N2,31.0,7.51,1,459.594
CN(C)CCN(C)c1ccc2cc1COCC=CCOCc1cccc(c1)-c1ccnc(n1)N2,31.0,7.51,1,459.594
CN1CCN(CCO/N=C2/C(=C3/C(=O)Nc4ccc([N+](=O)[O-])cc43)Nc3ccc(F)cc32)CC1.Cl,31.2,7.51,1,502.934
COc1cc2c(Oc3ccc(NC(=O)C4(C(=O)Nc5ccc(F)cc5)CC4)cc3F)ccnc2cc1OCCCC(=O)NO,31.0,7.51,1,606.582
COc1cc2nn(CC(=O)N3CCOCC3)cc2cc1NC(=O)c1cccc(C(F)F)n1,31.0,7.51,1,445.426
Cc1cc(Nc2cc(C)[nH]n2)nc(N2CCC3(CC2)OCCN([C@@H](C)c2ccc(-n4cc(F)cn4)nc2)C3=O)n1,30.8,7.51,1,546.611
Cc1cnc2nc1-c1ccnc(c1)OCC/C=C/COCc1cc(ccc1OCCN1CCCC1)N2,31.0,7.51,1,487.604
Fc1cc2[nH]ncc2c2c3c(c(-c4c[nH]nc4C(F)(F)F)nc12)CCCC3,31.0,7.51,1,375.329
Nc1ncc(-c2cccc3[nH]ncc23)nc1C(=O)Nc1ncccc1N1CCC(N)CC1,31.0,7.51,1,429.488
OCCCCNc1ncc(-c2nccs2)c(N[C@H]2CC[C@H](O)CC2)n1,31.0,7.51,1,363.487
C1=CCOCc2cc(ccc2N2CCOCC2)Nc2nccc(n2)-c2cccc(c2)COC1,32.0,7.5,1,444.535
CC(C)(C)c1cc(NC(=O)Nc2ccc(-c3cn(C4CCCC4)c4ncnc(N)c34)cc2)no1,32.0,7.5,1,459.554
CC1=CC(=O)N(Nc2nc(-c3cccs3)nc3sc(-c4ccc(OC5CCNCC5)cc4)c(C)c23)C1=O.Cl,31.44,7.5,1,568.124
CCCCNc1ncc(-c2cc(Nc3ccccc3OC)ncn2)c(N[C@H]2CC[C@H](O)CC2)n1,32.0,7.5,1,463.586
CCCCNc1ncc(-c2ccc(-c3cccc(C(=O)O)c3)nn2)c(N[C@H]2CC[C@H](O)CC2)n1,32.0,7.5,1,462.554
CCCCNc1ncc(-c2ccc(C)nn2)c(N[C@H]2CC[C@H](O)CC2)n1,32.0,7.5,1,356.474
CCCCNc1ncc(-c2ccc(N)cn2)c(N[C@H]2CC[C@H](O)CC2)n1,32.0,7.5,1,356.474
CCCCNc1ncc(C(=O)Nc2cccc(OC)c2)c(NC2CCC(O)CC2)n1,32.0,7.5,1,413.522
CN(C)Cc1ccc(/C=C/c2n[nH]c3cc([C@@H]4C[C@@]45C(=O)Nc4ccc(OC(F)F)cc45)ccc23)cc1,32.0,7.5,1,500.549
CN1CCN(c2ccc(Nc3ncc4ncc(=O)n(-c5ccc(NS(C)(=O)=O)cc5)c4n3)cc2)CC1,32.0,7.5,1,506.592
COCCn1cc(-c2ccc(NC(=O)Nc3cc(C(C)(C)C)on3)c(F)c2)c2c(N)ncnc21,32.0,7.5,1,467.505
COc1ccc(C(=O)NC(=O)Nc2ccc3c(c2)NC(=O)/C3=C\c2[nH]c(C)c(CC(=O)O)c2C)cc1,31.7,7.5,1,488.5
Cc1cc(-c2c(C)nn(C)c2C)cnc1-c1nnc(N(C)Cc2ccc3ncc(-c4cccc(CN(C)C)c4)n3c2)o1,31.62,7.5,1,561.694
Cc1ccc([N+](=O)[O-])cc1S(=O)(=O)N(C)/N=C/c1cnn2ccc(Cl)nc12,32.0,7.5,1,408.827
NCCCNc1nc(Nc2ccc3c(c2)CCN(S(=O)(=O)c2ccccc2)C3)ncc1C(F)(F)F,31.32,7.5,1,506.554
O=C(Nc1ccc(Oc2ncnc3[nH]ncc23)cc1)Nc1ccc(C(F)(F)F)cc1,32.0,7.5,1,414.347
O=S(=O)(c1ccc(-c2cn3c4nc(ncc24)NCCCCCCCC(O)CCCC3)cc1)N1CCOCC1,32.0,7.5,1,541.718
OCc1n[nH]c2ccc3nc(-c4c[nH]nc4C(F)(F)F)c4c(c3c12)CCCC4,32.0,7.5,1,387.365
COc1ccc(Nc2ncc3ncc(=O)n(-c4cccc(N)c4)c3n2)cc1,32.0,7.494999999999999,1,360.377
CC1(COc2ccc(Nc3ncc(C(F)(F)F)c(NCC4CCNCC4)n3)cc2)COC1,32.37,7.49,1,451.493
CC1(COc2cccc(Nc3ncc(C(F)(F)F)c(NC4CCNCC4)n3)c2)COC1,32.14,7.49,1,437.466
CC(C)Oc1cc(N2CCOCC2)ccc1NC(=O)c1cnn2ccc(N[C@@H]3CCCNC3)nc12,32.9,7.48,1,479.585
CC1=CC(=O)N(Nc2nc(-c3nccs3)nc3sc(C)cc23)C1=O,33.43,7.48,1,357.42
CCN1CCN(c2cc(Nc3ncc(-c4ccc(NC(=O)Nc5cc(C6CC6)on5)cc4)s3)nc(C)n2)CC1,33.0,7.48,1,545.673
CN(C)Cc1ccc(/C=C/c2n[nH]c3cc([C@@H]4C[C@@]45C(=O)Nc4ccccc45)ccc23)cc1,55.5,7.48,1,434.543
CN1CCN(CCOc2ccc3c(c2)sc2nc(-c4ccc(NC(=O)Nc5cc(C(C)(C)C)on5)cc4)cn23)CC1,33.0,7.48,1,573.723
COc1cc2c3cnc(Nc4ccc5c(n4)CCNC5)nc3n([C@H]3CC[C@H](C)CC3)c2cn1,33.0,7.48,1,443.555
COc1cc2ncc(-c3cccc(NC4CCNC4)n3)n2cc1C#N,33.0,7.48,1,334.383
Cc1ccc(C#N)cc1S(=O)(=O)N(C)/N=C/c1cnn2ccc(Cl)nc12,33.0,7.48,1,388.84
Cn1cc(-c2cc(Oc3ccc(NC(=O)NC(=O)Cc4ccc(F)cc4)cc3F)ccn2)cn1,33.0,7.48,1,463.444
Nc1ncc(-c2cccc3[nH]ccc23)nc1C(=O)Nc1ncccc1N1CCC(N)CC1,33.0,7.48,1,428.5
O=C1Nc2ccccc2[C@]12C[C@H]2c1ccc2c(/C=C/c3ccncc3)n[nH]c2c1,33.0,7.48,1,378.435
O=Nc1c(-c2c(O)[nH]c3ccccc23)[nH]c2ccccc12,33.0,7.48,1,277.283
CC(C)(C)c1cc(NC(=O)Nc2ccc(-c3cn4c(n3)sc3nc(N5CCC(N6CCOCC6)CC5)ccc34)cc2)no1,34.0,7.47,1,600.749
CC(C)(C)c1cc(NC(=O)Nc2ccc(-c3cn4c(n3)sc3nc(OCCN5CCNCC5)ccc34)cc2)no1,34.0,7.47,1,560.684
CCCCNc1ncc(-c2ccccn2)c(NC2CCNCC2)n1,34.0,7.47,1,326.448
CCCCNc1ncc(C(=O)NCc2ccc(N3CCCC3)cc2)c(N[C@H]2CC[C@H](O)CC2)n1,34.0,7.47,1,466.63
CCCCn1cc(-c2ccc(NC(=O)Nc3cc(C(C)(C)C)on3)cc2)c2c(N)ncnc21,34.0,7.47,1,447.543
CCc1ccc(-c2c(-c3cnc(C)[nH]3)c(=O)[nH]c3ccc(Cl)cc23)cc1,34.0,7.47,1,363.848
COCCOc1ccc(-c2ccc(NC(=O)Nc3cccc(C)c3)cc2)c2c(N)n[nH]c12,34.0,7.47,1,431.496
COc1ccc(-n2c(=O)cnc3cnc(Nc4cccc(N)c4)nc32)cc1,34.0,7.47,1,360.377
Cc1c(O)ccc2nc(-c3cc(-c4cnn(C5CCNCC5)c4)cnc3N)oc12.O=C(O)C(F)(F)F,34.0,7.47,1,504.469
Cc1ccc(F)c(NC(=O)Nc2ccc(-c3ccc(OCCN4CCOCC4)c4onc(N)c34)cc2)c1,34.0,7.47,1,505.55
Oc1cccc(Nc2nc(NCCc3ccncc3)ncc2-c2nnc(C3CC3)o2)c1,34.0,7.47,1,415.457
CN(C)Cc1ccc(/C=C/c2n[nH]c3cc(/C=C4/C(=O)Nc5ccccc54)ccc23)cc1,35.0,7.46,1,420.516
CN1C/C=C/CCOc2cccc(c2)-c2ccnc(n2)Nc2ccc(OCCN3CCCC3)c(c2)C1,35.0,7.46,1,485.632
CNc1nc(NCCc2ccncc2)ncc1-c1nnc(C2CC2)o1,35.0,7.46,1,337.387
Cc1nc(Nc2cc(-c3ccc(CNC(=O)Nc4cc(C(C)(C)C)on4)cc3)n[nH]2)cc(N2CCN(C)CC2)n1,35.0,7.46,1,544.664
Cc1nc(Nc2ncc(-c3ccncc3)s2)cc(N2CCC(N(C)C)CC2)n1.Cl,35.0,7.46,1,431.997
Cc1nc(Nc2ncc(-c3ccncc3)s2)cc(OCCN2CCOCC2)n1.Cl,35.0,7.46,1,434.953
Nc1ncc(-c2cnn(C3CCNCC3)c2)cc1-c1nc2ccc(O)c(-c3cnccn3)c2o1.O=C(O)C(F)(F)F,35.0,7.46,1,568.516
O=C(NCc1ccc(-c2cc(NC(=O)c3ccc(OCCN4CCCC4)cc3)[nH]n2)cc1)OCc1cccnc1,35.0,7.46,1,540.624
O=C1Nc2ccccc2/C1=C\c1ccc2c(/C=C/c3ccncc3)n[nH]c2c1,35.0,7.46,1,364.408
CN1CCN(CCO/N=C2/C(=C3/C(=O)Nc4ccc([N+](=O)[O-])cc43)Nc3ccc(F)cc32)CC1,35.5,7.45,1,466.473
CN1CCN(c2ccc(Nc3ncc4ncc(=O)n(-c5ccc(N)cc5)c4n3)cc2F)CC1,35.8,7.45,1,446.49
O=C1Nc2ccc([N+](=O)[O-])cc2/C1=C1/Nc2ccc(F)cc2/C1=N\OCCN1CCNCC1,35.5,7.45,1,452.446
CNC(=O)c1cc(Oc2ccc(NC(=O)Nc3ccc(Cl)c(C(F)(F)F)c3)cc2)ccn1,48.6,7.44842105263158,1,464.831
Cn1cc(-c2[nH]c3cc(NC(=O)[C@H](N)C4CCCCC4)cc4c3c2C=NNC4=O)cn1,38.0,7.445,1,419.489
CC(C)(C)c1cc(NC(=O)Nc2ccc(-c3cn(CCCCC4CN(CCCCC(=O)Nc5cccc6c5CN(C5CCC(=O)NC5=O)C6=O)N=N4)c4ncnc(N)c34)cc2)no1,36.0,7.44,1,857.977
CC(C)Oc1ccc(NC(=O)N2CCN(c3ncnc(N)c3/C=N/OCCN3CCOCC3)CC2)cc1,36.0,7.44,1,512.615
CN1CCC(CNc2ccc3ncc(-c4cccc(OC(F)(F)F)c4)n3n2)CC1,44.0,7.44,1,405.424
CONC(=O)c1cn(-c2ccc3c(c2)CCC3)c2nc(Nc3ccc(CCN4CCN(C)CC4)cc3)ncc2c1=O,36.0,7.44,1,553.667
COc1ccc(-c2ccc(NC(=O)Nc3cc(C)ccc3F)cc2)c2c(N)noc12,36.0,7.44,1,406.417
COc1ccc(N2CCOCC2)cc1Nc1nc(N)n(-c2ccccn2)n1,36.0,7.44,1,367.413
CS(=O)(=O)CCN1CCc2nc(Nc3ncc4c5ccncc5n([C@H]5CC[C@H](C)CC5)c4n3)ccc2C1,36.1,7.44,1,519.675
Cc1cccc(NC(=O)Nc2ccc3c(c2)CCC2Sc4ncnc(N)c4C32)c1,36.0,7.44,1,403.511
Cn1nc(C(F)(F)F)cc1NC(=O)Nc1ccc(Oc2ncnc3[nH]ncc23)c(F)c1,36.0,7.44,1,436.329
CCC(=O)N1CC[C@H](N2C(=O)N(c3cc(OC)ccc3Cl)Cc3cnc(Nc4ccc(N5CCN(C6COC6)CC5)c(C)c4)nc32)C1,37.0,7.43,1,661.207
CCC(C)CNc1ncc2c(-c3ccc(CN4CCN(C)CC4)cc3)cn([C@H]3CC[C@H](O)CC3)c2n1,37.0,7.43,1,490.696
CCCCNc1ncc(C(=O)NC2CCCCC2)c(N[C@H]2CC[C@H](O)CC2)n1,37.0,7.43,1,389.544
CCCCNc1ncc(C(=O)NCc2cccs2)c(N[C@H]2CC[C@H](O)CC2)n1,37.0,7.43,1,403.552
CCC[C@H](C)Nc1ncc2c(C3CCN(C(=O)c4cc(C)nc(C)c4)CC3)cn([C@H]3CC[C@H](O)CC3)c2n1,90.0,7.43,1,518.706
CCOCCn1cc(-c2ccc(NC(=O)Nc3cc(C(C)(C)C)on3)cc2)c2c(N)ncnc21,37.0,7.43,1,463.542
CN1C/C=C/CCOc2cccc(c2)-c2ccnc(n2)Nc2cc(cc(NC(=O)N3CCOCC3)c2)C1,37.0,7.43,1,500.603
CN1CCN(c2ccc(Nc3ncc4ncc(=O)n(-c5ccc(CN)cc5)c4n3)cc2)CC1,37.2,7.43,1,442.527
C[C@@H](Oc1cc(-c2cnc3cc(-c4cnn(CCN(C)C)c4)ccn23)sc1C(N)=O)c1ccccc1C(F)(F)F,37.0,7.43,1,568.625
Cc1ccc(NC(=O)Nc2ccc(-c3cccc4onc(N)c34)cc2)cc1Cl,37.0,7.43,1,392.846
Cc1nc(Nc2ncc(-c3ccncc3)s2)cc(N2CCN(CCF)CC2)n1.Cl,37.0,7.43,1,435.96
Cc1noc(-c2ccc3nc(Nc4cc(CN5CCN(C(=O)CC(F)(F)F)CC5)ccn4)[nH]c3c2)n1,37.0,7.43,1,500.485
NCCCNc1nc(Nc2ccc3c(c2)CCCN3S(=O)(=O)c2ccccc2)ncc1C(F)(F)F,37.04,7.43,1,506.554
OC1CCCCCCCNc2ncc3c(-c4ccncc4)cn(c3n2)CCCC1,37.0,7.43,1,393.535
C=CCCn1cc(-c2ccc(NC(=O)Nc3cc(C(C)(C)C)on3)cc2)c2c(N)ncnc21,38.0,7.42,1,445.527
CC(=O)N1CCN(c2ccc3cc2COCC=CCOCc2cccc(c2)-c2ccnc(n2)N3)CC1,38.0,7.42,1,485.588
CC(C)(C)c1cc(NC(=O)Nc2ccc(-c3cn4c(n3)sc3nc(OCC5(N)CC5)ccc34)cc2)no1,38.0,7.42,1,517.615
CCCCNc1ncc(-c2cncc(N3CCOCC3)n2)c(N[C@H]2CC[C@H](O)CC2)n1,38.0,7.42,1,427.553
CCN1CCN(c2cc(Nc3ncc(-c4ccccc4)s3)nc(C)n2)CC1.Cl,38.0,7.42,1,416.982
COc1ccccc1NC(=O)c1cnn2ccc(N[C@@H]3CCCNC3)nc12,38.2,7.42,1,366.425
Cn1nc(C(F)(F)F)cc1NC(=O)Nc1ccc(Oc2ncnc3[nH]ncc23)cc1,38.0,7.42,1,418.339
O=C(Nc1ccc(N2CCOCC2)cc1)c1cnn2ccc(N[C@@H]3CCCNC3)nc12,37.7,7.42,1,421.505
COc1cc2nccc(Oc3ccc(NC(=O)C4(C(=O)Nc5ccc(F)cc5)CC4)cc3)c2cc1OC,11.3,7.410114443962665,1,501.514
C/C=C\C(=O)Nc1ccc(NC(=O)Nc2ccc(-c3cc(C)nc4noc(N)c34)cc2)cc1C,39.0,7.41,1,456.506
CCCCNc1ncc(-c2ccc(NC(=O)C3CCCCC3)cn2)c(NC2CCC(O)CC2)n1,39.0,7.41,1,466.63
CCCCNc1ncc(-c2ccc(OC)nn2)c(N[C@H]2CC[C@H](O)CC2)n1,39.0,7.41,1,372.473
CCCCNc1ncc(-c2ccccn2)c(NCC2CCNCC2)n1,39.0,7.41,1,340.475
CCN(CC)CCCOc1ccccc2c(/C=C3\C(=O)Nc4ccc(F)cc43)cc(C)c1-2,39.0,7.41,1,432.539
Nc1n[nH]c2cccc(-c3ccc(NC(=O)NC4CCCC4)cc3)c12,39.0,7.41,1,335.411
O=C1Nc2ccccc2[C@]12C[C@H]2c1ccc2c(/C=C/c3ccc(CN4CCCCC4)cc3)n[nH]c2c1,57.5,7.41,1,474.608
Oc1ccc(Nc2nc3c(-c4nnc[nH]4)cccc3c3cnccc23)c(Cl)c1,39.0,7.41,1,388.818
C=C(CN1CCOCC1)C(=O)Nc1ccc(NC(=O)Nc2ccc(-c3cc(C)nc4noc(N)c34)cc2)cc1C,40.0,7.4,1,541.612
CC(=O)c1ccc(NC(=O)N2CCN(c3ccnc(Nc4ccc(N5CCSCC5)cc4)n3)CC2)cc1,40.0,7.4,1,517.659
CCCCNc1ncc(-c2ccc(CN3CCC(F)(F)CC3)o2)c(NC2CCC(O)CC2)n1,40.0,7.4,1,463.573
CCn1cc(NC(=O)Cc2ccc(Oc3ccnc4cc(OC)c(OC)cc34)cn2)cn1,40.0,7.4,1,433.468
CN(C)CC(=O)N1CCC[C@@H](n2nc(-c3ccc(Oc4ccccc4)cc3)c3c(N)ncnc32)C1,40.0,7.4,1,471.565
CN1C/C=C/CCOc2cccc(c2)-c2ccnc(n2)Nc2ccc(OCCN3CCOCC3)c(c2)C1,40.0,7.4,1,501.631
CN1CCN(c2ccc(C(=O)Nc3cc(-c4ccc(NC(=O)Nc5ccccn5)cc4)n[nH]3)cc2)CC1,40.0,7.4,1,496.575
COc1cc2ncc(-c3cccc(NC4CCNC4)n3)n2cc1-c1cn[nH]c1,40.0,7.4,1,375.436
COc1cccc(NC(=O)Cn2cc(Oc3ccnc4cc(OC)c(C#N)cc34)cn2)c1,40.0,7.4,1,429.436
Cl.O=C1Nc2ccc(OC(F)(F)F)cc2/C1=C1/Nc2ccccc2/C1=N\OCCN1CCNCC1,40.2,7.4,1,509.916
Fc1ccc2cc1COCC=CCOCc1cc(ccc1OCCN1CCCC1)Nc1nccc-2n1,40.0,7.4,1,490.579
O=C(Nc1ccc(-c2cc(NC(=O)c3ccc(OCCN4CCCC4)cc3)[nH]n2)cc1)Oc1ccccc1,40.0,7.4,1,511.582
O=C(Nc1ccc(N2CCOCC2)cc1C(F)(F)F)c1cnn2ccc(NC3CNC3)nc12,39.9,7.4,1,461.448
O=C1Nc2ccc(OC(F)(F)F)cc2/C1=C1/Nc2ccccc2/C1=N\OCCN1CCNCC1,40.2,7.4,1,473.455
CC(C)n1cc(-c2cc(O[C@H](C)[C@H]3CNC(=O)C3)c3cccnc3c2)cn1,41.0,7.39,1,364.449
CCCCNc1ncc(-c2ccc(NC(=O)C3CCCC3)cn2)c(NC2CCC(O)CC2)n1,41.0,7.39,1,452.603
CCCCNc1ncc(-c2ccc(NC(=O)c3ccccc3)cn2)c(NC2CCC(O)CC2)n1,41.0,7.39,1,460.582
CCCCNc1ncc(-c2ccc(NC(C)=O)cn2)c(NC2CCC(O)CC2)n1,41.0,7.39,1,398.511
CCCCNc1ncc(C(=O)NCc2ccc(-c3ccccc3)nc2)c(N[C@H]2CC[C@H](O)CC2)n1,41.0,7.39,1,474.609
CN1CCN(CCO/N=C2/C(=C3/C(=O)Nc4ccc(F)cc43)Nc3ccc(F)cc32)CC1,40.4,7.39,1,439.466
CONC(=O)c1cn(-c2ccc3c(c2)CCC3)c2nc(Nc3ccc(C4CCN(CC(=O)O)CC4)cc3)ncc2c1=O,41.0,7.39,1,568.634
COc1cc(O)c2c(c1)-c1cccc(c1)[C@H](O)[C@H](O)C(=O)/C=C\C[C@H](C)OC2=O,41.0,7.39,1,398.411
Fc1ccc(-c2cnc3cc(-c4ccco4)ccn23)cc1,41.0,7.39,1,278.286
Nc1ncnc(N2CCN(C(=O)Nc3ccc(N4CCCC4)cc3)CC2)c1/C=N/OCC(=O)N1CCOCC1,41.0,7.39,1,537.625
C1=C/CN(C2CC2)Cc2cccc(c2)Nc2nccc(n2)-c2cccc(c2)OCC/1,42.0,7.38,1,398.51
CC(C)(C)c1cc(NC(=O)Nc2ccc(Oc3ncnc4[nH]ncc34)c(F)c2)n(-c2ccc(F)cc2)n1,42.0,7.38,1,504.501
CCCCNc1ncc(C(=O)NCc2ccc(-c3cccs3)nc2)c(N[C@H]2CC[C@H](O)CC2)n1,42.0,7.38,1,480.638
COc1ccc(C(=O)NC(=O)Nc2ccc3c(c2)NC(=O)/C3=C\c2[nH]c(C)c(CCC(=O)N3CCN(C)CC3)c2C)c(F)c1,41.4,7.38,1,602.667
Cl.O=C1Nc2ccccc2/C1=C1/Nc2ccccc2/C1=N\OCCN1CCCC1,41.3,7.38,1,410.905
O=C(Nc1ccc(C(=O)N2CCN(C(=O)OCc3ccccc3)CC2)cc1)c1n[nH]c2ccccc12,42.0,7.38,1,483.528
O=C(Nc1ccc(N2CCNCC2)cc1)c1n[nH]cc1Nc1cc(-c2ccoc2)ncn1,41.3,7.38,1,430.472
CCC[C@H](C)Nc1ncc2c(-c3ccnc(N4CCNCC4)c3)cn([C@H]3CC[C@H](O)CC3)c2n1,43.0,7.37,1,463.63
CN(C)C(=O)N1CCN(C(=O)c2ccc(NC(=O)c3n[nH]c4ccccc34)cc2)CC1,43.0,7.37,1,420.473
CN(CCN1CCOCC1)c1ccc2c(n1)sc1nc(-c3ccc(NC(=O)Nc4cc(C(C)(C)C)on4)cc3)cn12,43.0,7.37,1,574.711
COc1ccc(-n2c(=O)cnc3cnc(Nc4ccc(N)cc4)nc32)cc1,43.0,7.37,1,360.377
C[C@@H](CO)n1c2cnccc2c2cnc(Nc3ccc(N4CCNCC4)cn3)nc21,43.0,7.37,1,404.478
Cc1cc(COC(=O)NCc2ccc(-c3cc(NC(=O)c4ccc(OCCN5CCCC5)cc4)[nH]n3)cc2)no1,43.0,7.37,1,544.612
Cc1cnn2cc(-c3cnn(C(C)(C)C)c3)nc(O[C@H](C)[C@H]3CNC(=O)C3)c12,43.0,7.37,1,382.468
Cc1nc(Nc2ncc(-c3ccncc3)s2)cc(N2CCN(CCO)CC2)n1.Cl,43.0,7.37,1,433.969
Nc1ccc(-c2cccc3[nH]nc(N)c23)cc1,43.0,7.37,1,224.267
O=C(Nc1c[nH]nc1C(=O)Nc1ccc(CN2CCOCC2)cc1)c1ccccc1,42.6,7.37,1,405.458
O=C(Nc1ccc(CN2CCOCC2)cc1)c1n[nH]cc1Nc1nccc2ccccc12,42.38,7.37,1,428.496
CC(=O)Nc1ccc(-n2cnc3cc(-c4ccc(OCCN5CCCCC5)cc4)ccc32)cc1,43.8,7.36,1,454.574
CCCCNc1ncc(-c2ccc(C(=O)O)nn2)c(N[C@H]2CC[C@H](O)CC2)n1,44.0,7.36,1,386.456
CCCCNc1ncc(C(=O)NCc2ccc3ccccc3n2)c(N[C@H]2CC[C@H](O)CC2)n1,44.0,7.36,1,448.571
CN1CCC(CNc2ccc3ncc(-c4cccc(OC(F)(F)F)c4)n3n2)CC1.O=S(=O)(O)O,44.0,7.36,1,503.503
COCCOc1ccc(Nc2nc3c(-c4nnc[nH]4)cccc3c3cnccc23)c(F)c1,44.0,7.36,1,430.443
COc1cc2nn(CC(=O)N3CCOCC3)cc2cc1NC(=O)c1coc(C2CCOCC2)n1,44.0,7.36,1,469.498
COc1ccc2c(c1)[C@]1(C[C@H]1c1ccc3c(-c4ccc(N5CCNCC5)cc4)n[nH]c3c1)C(=O)N2,44.0,7.36,1,465.557
C1=N/C2=N/c3ccc(OCCN4CCCC4)c(c3)COC/C=C/COCc3cccc(c3)C(=C1)N2,22.0,7.352363570499425,1,472.589
C1=C/COCc2cc(ccc2OCCN2CCCC2)Nc2nccc(n2)-c2csc(c2)COC/1,45.0,7.35,1,478.618
CCCCNc1ncc(-c2ccc(NC(=O)C3CCC3)cn2)c(NC2CCC(O)CC2)n1,45.0,7.35,1,438.576
CCCCNc1ncc(C(=O)NC2CC(C)(C)N(C)C(C)(C)C2)c(NC2CCC(O)CC2)n1,45.0,7.35,1,460.667
CCC[C@H](C)Nc1ncc2c(-c3cnn(C4CCNCC4)c3)cn([C@H]3CC[C@H](O)CC3)c2n1,45.0,7.35,1,451.619
CN1C/C=C/CCOc2cccc(c2)-c2ccnc(n2)Nc2ccc(OCCN3CCCCC3)c(c2)C1,45.0,7.35,1,499.659
CS(=O)(=O)CCNc1nccn2c(-c3ccnc(NC4CCOCC4)n3)cnc12,45.0,7.35,1,417.495
C[C@H](Nc1nc(Nc2cn(C)cn2)c2cc[nH]c2n1)c1ncc(F)cn1,45.0,7.35,1,353.365
Cl.O=C1Nc2ccc(F)cc2/C1=C1/Nc2ccc(F)cc2/C1=N\OCCN1CCCCC1,45.0,7.35,1,460.912
O=C1Nc2ccc(F)cc2/C1=C1/Nc2ccc(F)cc2/C1=N\OCCN1CCCCC1,45.0,7.35,1,424.451
C#CCn1cc(-c2ccc(NC(=O)Nc3cc(C(C)(C)C)on3)c(F)c2)c2c(N)ncnc21,46.0,7.34,1,447.474
CCCCNc1ncc(C(=O)NCc2ccc(Cn3ccnc3)cc2)c(N[C@H]2CC[C@H](O)CC2)n1,46.0,7.34,1,477.613
CCOC(=O)N1CCN(C(=O)c2ccc(NC(=O)c3n[nH]c4ccccc34)cc2)CC1,46.0,7.34,1,421.457
Cl.[2H]C([2H])(c1cc(Nc2nc(C)cn3c(-c4cn[nH]c4)cnc23)sn1)N1CCC(F)(F)C1,46.0,7.34,1,454.934
Fc1ccc(Cl)cc1Nc1nc2c(-c3nnc[nH]3)cccc2c2cnccc12,46.0,7.34,1,390.809
N#Cc1nccc2c3cnc(Nc4ccc(N5CCNCC5)cn4)nc3n(C3CCCC3)c12,46.0,7.34,1,439.527
O=C(Nc1ccc(N2CCNCC2)cc1)c1n[nH]cc1Nc1cc(-c2ccccc2)ncn1,45.2,7.34,1,440.511
O=C1Nc2ccc(F)cc2/C1=C1/Nc2ccc(F)cc2/C1=N\OCCNC1CCNCC1,45.2,7.34,1,439.466
CC(C)(C)c1cc(NC(=O)Nc2ccc(-c3cn4c(n3)sc3nc(OCCCN5CCOCC5)ccc34)cc2)no1,47.0,7.33,1,575.695
CCc1ccc(-c2c(-c3cnc(C)[nH]3)c(=O)[nH]c3ccc(C#N)cc23)cc1,47.0,7.33,1,354.413
COCCOc1ccn2c(-c3ccc4cccc(OCC(C)(C)CN)c4n3)cnc2c1,47.0,7.33,1,420.513
COc1ccc2c(c1CN1CCNCC1)O/C(=C\c1n[nH]c3ccccc13)C2=O,47.0,7.33,1,390.443
Cc1ccc(NC(=O)Nc2ccc(-c3cccc4[nH]nc(N)c34)cc2)cc1F,47.0,7.33,1,375.407
Cc1nc(N)sc1-c1ccnc(Nc2ccc(N3CCOCC3)cc2)n1,56.56,7.33,1,368.466
c1ccc(Nc2nc(NCCc3ccncc3)ncc2-c2nnc(C3CC3)o2)cc1,47.0,7.33,1,399.458
CN1CCN(Cc2ccc(-c3cnc4[nH]cc(-c5ccc6[nH]ccc6c5)c4c3)cc2)CC1,282.0,7.325,1,421.548
C1=C/COCc2cc(ccc2OCCN2CCCC2)Nc2nccc(n2)-c2coc(c2)COC/1,48.0,7.32,1,462.55
C=CC(=O)Oc1ccc(-n2c(=O)cnc3cnc(Nc4ccc(OC)cc4)nc32)cc1,48.0,7.32,1,415.409
CCCCNc1ncc(C(=O)NCc2ccc(-c3ccco3)nc2)c(N[C@H]2CC[C@H](O)CC2)n1,48.0,7.32,1,464.57
CCCCNc1ncc(C(=O)NCc2ccc(-n3cccn3)nc2)c(N[C@H]2CC[C@H](O)CC2)n1,48.0,7.32,1,464.574
CCCCNc1ncc(C(=O)NCc2ccc(-n3cnc(C(F)(F)F)c3)cc2)c(N[C@H]2CC[C@H](O)CC2)n1,48.0,7.32,1,531.583
C=CC(=O)Nc1ccc(-n2c(=O)cnc3cnc(Nc4ccc(N5CCN(C)CC5)cc4)nc32)cc1,49.0,7.3100000000000005,1,482.548
COc1ccc2c(c1)[C@]1(C[C@H]1c1ccc3c(/C=C/c4ccc(N5CCN(C)CC5)nc4)n[nH]c3c1)C(=O)N2,62.0,7.3100000000000005,1,506.61
C1=CCOCc2cc(ccc2N2CCNCC2)Nc2nccc(n2)-c2cccc(c2)COC1,49.0,7.31,1,443.551
CCCCNc1ncc(C(=O)NC2CCN(CC3CC3)CC2)c(N[C@H]2CC[C@H](O)CC2)n1,49.0,7.31,1,444.624
CCC[C@H](C)Nc1ncc2c(-c3ccc(CNCCN(CC)CC)cc3)cn([C@H]3CC[C@H](O)CC3)c2n1,49.0,7.31,1,506.739
CCCn1cc(-c2cc(O[C@H](C)[C@H]3CNC(=O)C3)c3cccnc3c2)cn1,49.0,7.31,1,364.449
CCO/N=C/c1c(N)ncnc1N1CCN(C(=O)Nc2ccc(N3CCCCC3)cc2)CC1,49.0,7.31,1,452.563
CCOCCn1cc(-c2ccc(NC(=O)Nc3cc(C(C)(C)C)on3)c(F)c2)c2c(N)ncnc21,49.0,7.31,1,481.532
CCc1cc(NC(=O)Nc2ccc(-c3cnc(Nc4cc(N5CCN(C)CC5)nc(C)n4)s3)cc2)no1,49.0,7.31,1,519.635
O=C1Nc2ccccc2/C1=C\c1ccc2cn[nH]c2c1,49.0,7.31,1,261.284
CN(C)C1CCN(c2ccc(C(=O)Nc3n[nH]c4cc(OCCOCc5ccccc5)ccc34)cc2)CC1,50.0,7.301029995663981,1,513.642
CN(C)CCN(C)c1ccc(C(=O)Nc2n[nH]c3cc(OCCOCc4ccccc4)ccc23)cc1,50.0,7.301029995663981,1,487.604
CN1CCC(CNc2ccc(C(=O)Nc3n[nH]c4cc(OCCOCc5ccccc5)ccc34)cc2)CC1,50.0,7.301029995663981,1,513.642
CN1CCC(N(C)c2ccc(C(=O)Nc3n[nH]c4cc(OCCOCc5ccccc5)ccc34)cc2)CC1,50.0,7.301029995663981,1,513.642
CN1CCC(Nc2ccc(C(=O)Nc3n[nH]c4cc(OCCOCc5ccccc5)ccc34)cc2)CC1,50.0,7.301029995663981,1,499.615
CN1CCC(Nc2ccccc2C(=O)Nc2n[nH]c3cc(OCCOCc4ccccc4)ccc23)CC1,50.0,7.301029995663981,1,499.615
CN1CCN(c2ccc(C(=O)Nc3n[nH]c4cc(OCCOCc5ccc(C(F)(F)F)cc5)ccc34)cc2)CC1,50.0,7.301029995663981,1,553.585
CN1CCN(c2ccc(C(=O)Nc3n[nH]c4cc(OCCOCc5ccc(F)cc5)ccc34)cc2)CC1,50.0,7.301029995663981,1,503.578
CN1CCN(c2ccc(C(=O)Nc3n[nH]c4cc(OCCOCc5ccccc5)ccc34)cc2)CC1,50.0,7.301029995663981,1,485.588
CN1CCN(c2ccc(C(=O)Nc3n[nH]c4cc(OCCOc5ccccc5)ccc34)cc2)CC1,50.0,7.301029995663981,1,471.561
COc1cc2nccc(Oc3ccc(NC(=O)C4(C(=O)Nc5ccc(F)c(O)c5)CC4)cc3)c2cc1OC,50.0,7.301029995663981,1,517.513
COc1cc2nccc(Oc3ccc(NC(=O)C4(C(=O)Nc5ccc(F)cc5O)CC4)cc3)c2cc1OC,50.0,7.301029995663981,1,517.513
COc1ccc(COCCOc2ccc3c(NC(=O)c4ccc(N5CCN(C)CC5)cc4)n[nH]c3c2)cc1,50.0,7.301029995663981,1,515.614
C[N+]1([O-])CCN(c2ccc(C(=O)Nc3n[nH]c4cc(OCCOCc5ccc(C(F)(F)F)cc5)ccc34)cc2)CC1,50.0,7.301029995663981,1,569.584
C[N+]1([O-])CCN(c2ccc(C(=O)Nc3n[nH]c4cc(OCCOCc5ccccc5)ccc34)cc2)CC1,50.0,7.301029995663981,1,501.587
Cc1ccc(C(=O)Nc2n[nH]c3cc(OCCOCc4ccccc4)ccc23)c(N)c1C1CCN(C)CC1,50.0,7.301029995663981,1,513.642
Cl.O=C1Nc2ccc(F)cc2/C1=C1/Nc2ccccc2/C1=N\OCCS(=O)(=O)N1CCNCC1,50.0,7.301029995663981,1,507.975
O=C(Nc1n[nH]c2cc(OCCOCc3ccccc3)ccc12)c1ccc(N2CCNCC2)cc1,50.0,7.301029995663981,1,471.561
CC(C)(C)c1cc(NC(=O)Nc2ccc(Oc3ncnc4[nH]ncc34)cc2)n(-c2ccccc2)n1,50.0,7.3,1,468.521
CCCCNc1ncc(C(=O)NC2CCCC2)c(NC2CCC(O)CC2)n1,50.0,7.3,1,375.517
CCCCNc1ncc2c(-c3ccc(NC4CCCCCC4)cc3)cn(C3CCC(O)CC3)c2n1,50.0,7.3,1,475.681
CN1CCN(c2ccc3nc(-c4c(N)c5sccc5[nH]c4=O)[nH]c3c2)CC1,50.0,7.3,1,380.477
CNc1cc2ccc(C#CCOc3ccc(CN4CCNCC4)c(C(F)(F)F)c3)cc2cn1,50.0,7.3,1,454.496
CO/N=C/c1c(N)ncnc1N1CCN(C(=O)Nc2ccc(N3CCCCC3)cc2)CC1,50.0,7.3,1,438.536
CO/N=C/c1c(N)ncnc1N1CCN(C(=O)Nc2ccc(OC(C)C)cc2)CC1,50.0,7.3,1,413.482
COc1cc2ncnc(N3CCN(C(=O)Nc4ccc(C(C)C)cc4)CC3)c2cc1OC,50.0,7.3,1,435.528
Cc1cc(Nc2cc3c(cn2)ncc(=O)n3-c2ccc(N)cc2)ncc1N1CCN(C)CC1,50.0,7.3,1,442.527
Cc1cnc(NC(=O)Nc2ccc(-c3cc(NC(=O)c4ccc(N5CCN(C)CC5)cc4)[nH]n3)cc2)s1,50.0,7.3,1,516.631
Cc1nc(Nc2cc(-c3cccc(NS(=O)(=O)c4ccccc4)c3)n[nH]2)cc(N2CCN(CCO)CC2)n1,50.0,7.3,1,534.646
O=C1Nc2ccccc2C1=Cc1ccc2c(-c3ccc[nH]3)n[nH]c2c1,50.0,7.3,1,326.359
CN1C/C=C/CCOc2cccc(c2)-c2ccnc(n2)Nc2cccc(c2)C1,56.0,7.293333333333333,1,372.472
C=CCCn1cc(-c2ccc(NC(=O)Nc3cc(C(C)(C)C)on3)c(F)c2)c2c(N)ncnc21,51.0,7.29,1,463.517
CCCCNc1ncc(-c2ccc(CN3CCOCC3)o2)c(NC2CCC(O)CC2)n1,51.0,7.29,1,429.565
CCC[C@H](C)Nc1ncc2c(-c3ccc(CN4CC[C@H](N(C)C)C4)cc3)cn([C@H]3CC[C@H](O)CC3)c2n1,51.0,7.29,1,504.723
CN1CCN(c2nccn3c(-c4ccnc(NC(CCN)c5ccsc5)n4)cnc23)CC1,51.0,7.29,1,449.588
Cc1[nH]c(/C=C2\C(=O)Nc3cc(NC(=O)Nc4ccccc4)ccc32)c(C)c1CC(=O)O,51.2,7.29,1,430.464
Cc1cc(-c2ccc(NC(=O)Nc3ccccc3Cl)cc2)c2c(N)onc2n1,51.0,7.29,1,393.834
N#CCc1ccc(-c2cnc3cc(-c4cccs4)ccn23)cc1,51.0,7.29,1,315.401
O=C1Nc2ccccc2/C1=C1/Nc2ccccc2/C1=N\OCCN1CCCC1,51.9,7.29,1,374.444
O=C1Nc2ccccc2/C1=C1/Nc2ccccc2/C1=N\OCCNC1CCNCC1,50.9,7.29,1,403.486
c1cc(NC2CCNC2)nc(-c2cnc3ccc(-c4cn[nH]c4)cn23)c1,76.0,7.286666666666666,1,345.41
CC(C)(C)c1cc(NC(=O)Nc2ccc(Oc3ncnc4[nH]ncc34)c(F)c2)n(C2CCCC2)n1,53.0,7.28,1,478.532
CC(C)(C)c1cc(NC(=O)Nc2ccc(Oc3ncnc4[nH]ncc34)cc2)n(C2CCCC2)n1,52.0,7.28,1,460.542
CC(C)(CO)n1cc(C(=O)c2cncc(NC(=O)Cc3ccc(Cl)cn3)c2)c2cnc(N)nc21,53.0,7.28,1,479.928
CN(c1ccc(C(=O)Nc2n[nH]c3cc(OCCOCc4ccccc4)ccc23)cc1)C1CC[N+](C)([O-])CC1,52.0,7.28,1,529.641
CN1CCN(c2ccc(C(=O)Nc3cc(-c4ccc(NC(=O)NC5CC5)cc4)n[nH]3)cc2)CC1,52.0,7.28,1,459.554
CNC1(COc2ccc3c(n2)sc2nc(-c4ccc(NC(=O)Nc5cc(C(C)(C)C)on5)cc4)cn23)CC1,52.0,7.28,1,531.642
COc1cc2ncc(-c3nc(NC4CCNC4)c(F)cc3F)n2cc1-c1cn[nH]c1,53.0,7.28,1,411.416
COc1cccc(F)c1-c1nccc(C(=O)Nc2ccc3sc(C)nc3c2N2CC[C@@H](N)C2)n1,53.0,7.28,1,478.553
Cc1cc(COC(=O)NCc2ccc(-c3cc(NC(=O)c4ccc(OCCN5CCOCC5)cc4)[nH]n3)cc2)no1,52.0,7.28,1,560.611
Cc1ccc(C(=O)Nc2sc3c(c2C(N)=O)CCCC3)cc1,52.0,7.28,1,314.41
Cn1cc(-c2ccn3c(-c4ccc(-c5cccc(Cl)c5)s4)cnc3c2)cn1,53.0,7.28,1,390.899
Nc1cc2cc(c1)Nc1nccc(n1)-c1cccc(c1)COCC=CCOC2,52.0,7.28,1,374.444
Nc1ncnc2c1c(-c1ccc(Oc3ccccc3)cc1)nn2C[C@@H]1SSC[C@@H]1O,52.0,7.28,1,437.55
Nc1ncnc2c1c(-c1ccc(Oc3ccccc3)cc1)nn2C[C@@H]1SSC[C@H]1O,52.0,7.28,1,437.55
Nc1ncnc2c1c(-c1ccc(Oc3ccccc3)cc1)nn2C[C@H]1SSC[C@H]1O,52.0,7.28,1,437.55
O[C@H]1CC[C@H](Nc2ccn3ncc(-c4cccc(C(F)(F)F)c4)c3n2)CC1,53.0,7.28,1,376.382
Nc1n[nH]c2cccc(-c3ccc(NC(=O)Nc4ccccc4)cc3)c12,54.0,7.27,1,343.39
C=CC(=O)N[C@@H]1Cn2c(c(-c3ccc(Oc4ccccc4)cc3)c3c(N)ncnc32)C1=C,55.0,7.26,1,423.476
CCCCNc1ncc(C(=O)NCc2ccc(-n3ccnc3)cc2)c(N[C@H]2CC[C@H](O)CC2)n1,55.0,7.26,1,463.586
CCCCNc1ncc(C(=O)NCc2cncs2)c(N[C@H]2CC[C@H](O)CC2)n1,55.0,7.26,1,404.54
CC[C@@H]1C[C@H]1Nc1ncc2c(C3CCN(C(=O)c4cc(C)nc(C)c4)CC3)cn([C@H]3CC[C@H](O)CC3)c2n1,55.0,7.26,1,516.69
CCc1cccc(NC(=O)Nc2ccc(-c3cccc4[nH]nc(N)c34)cc2)c1,55.0,7.26,1,371.444
COc1sc2nc(-c3cccs3)nc(NN3C(=O)C=C(C)C3=O)c2c1C,55.0,7.26,1,386.458
CC(C)(C)c1cc(NC(=O)Nc2ccc(Oc3ncnc4[nH]ncc34)c(F)c2)n(-c2ccccc2)n1,56.0,7.25,1,486.511
CCCCNc1ncc(-c2cnc(N)cn2)c(N[C@H]2CC[C@H](O)CC2)n1,56.0,7.25,1,357.462
CCCCNc1ncc(-c2cnccn2)c(NC2CCC(O)CC2)n1,56.0,7.25,1,342.447
CCNC1(COc2ccc3c(n2)sc2nc(-c4ccc(NC(=O)Nc5cc(C(C)(C)C)on5)cc4)cn23)CC1,56.0,7.25,1,545.669
CN1CCC(Oc2ccc(C(=O)Nc3n[nH]c4cc(OCCOCc5ccccc5)ccc34)cc2)CC1,56.0,7.25,1,500.599
CN1CCN(Oc2ccc(C(=O)Nc3n[nH]c4cc(OCCOCc5ccccc5)ccc34)cc2)CC1,56.0,7.25,1,501.587
CN1CCN(c2ccc(C(=O)Nc3n[nH]c4cc(OCCOCc5cccc(C(F)(F)F)c5)ccc34)cc2)CC1,56.0,7.25,1,553.585
COc1cc2ncccc2cc1NC(=O)c1csc2cncnc12,56.0,7.25,1,336.376
COc1cc2nn(CC(=O)N3CCOCC3)cc2cc1NC(=O)c1cccc([C@@H](O)C(F)(F)F)n1,56.0,7.25,1,493.442
NC(=O)c1ccc(Nc2ncc(C(F)(F)F)c(NCC3CCNCC3)n2)cn1,56.5,7.25,1,395.389
O=C(Nc1ccc(C(=O)N2CCN(C(c3ccccc3)c3ccccc3)CC2)cc1)c1n[nH]c2ccccc12,56.0,7.25,1,515.617
OC1CCCCCCCNc2ncc3c(-c4cccnc4)cn(c3n2)CCCC1,56.0,7.25,1,393.535
CCCCNc1ncc(C(=O)NC2CCN(CCc3ccccc3)CC2)c(N[C@H]2CC[C@H](O)CC2)n1,58.0,7.24,1,494.684
CCCCNc1ncc(C(=O)NCc2ccc(-c3cccc(OC)c3)nc2)c(N[C@H]2CC[C@H](O)CC2)n1,58.0,7.24,1,504.635
CCCCNc1ncc(C(=O)NCc2ccc(CN3CCOCC3)cc2)c(NC2CCC(O)CC2)n1,58.0,7.24,1,496.656
CCCCNc1ncc(C(=O)NCc2cccc(OC)c2)c(N[C@H]2CC[C@H](O)CC2)n1,57.0,7.24,1,427.549
CCO/N=C/c1c(N)ncnc1N1CCN(C(=O)Nc2ccc(OC3CCC3)nc2)CC1,58.0,7.24,1,440.508
CN1C/C=C/CCOc2cccc(c2)-c2nc(nc3[nH]cnc23)Nc2cccc(c2)C1,58.0,7.24,1,412.497
CN1CCC(NC(=O)[C@H]2CC[C@H](NC(=O)c3cnc4nc3Nc3ccc(Cl)c(c3)OC/C=C\CN4)CC2)CC1,57.0,7.24,1,554.095
COc1ccc(C(=O)NC(=O)Nc2ccc3c(c2)NC(=O)/C3=C\c2[nH]c(C)c(C(=O)N3CCN(C)CC3)c2C)c(F)c1,57.1,7.24,1,574.613
COc1ccc(C(=O)NC(=O)Nc2cccc3c2/C(=C/c2ccc[nH]2)C(=O)N3)cc1,58.2,7.24,1,402.41
COc1ccc2cc1OC/C=C\CNc1ncc(C(=O)N[C@H]3CC[C@H](C(=O)NC4CCN(C)CC4)CC3)c(n1)N2,58.0,7.24,1,549.676
COc1cccc(F)c1-c1nccc(C(=O)Nc2ccc3c(ncn3C)c2N2CC[C@@H](N)C2)n1,58.0,7.24,1,461.501
Cc1ccc(F)c(NC(=O)Nc2ccc(-c3ccc(OC(F)(F)F)c4onc(N)c34)cc2)c1,58.0,7.24,1,460.387
Cn1cc(Nc2ncc(Cl)c(NC3COC4C(OCCO)COC34)n2)cn1,57.0,7.24,1,396.835
NCCCNc1nc(Nc2ccc3c(c2)CCC3=O)ncc1C(F)(F)F,57.53,7.24,1,365.359
Cc1ccc(/C=C/c2n[nH]c3cc([C@@H]4C[C@@]45C(=O)Nc4ccccc45)ccc23)c(C)n1,59.0,7.23,1,406.489
Cc1cccc(NC(=O)Nc2ccc(-c3csc4ncnc(N)c34)c(Cl)c2)c1,59.0,7.23,1,409.902
O=C(Nc1ccc(N2CCOCC2)cc1)c1n[nH]cc1Nc1cc(C2CCCC2)ncn1,58.3,7.23,1,433.516
COc1cccc(NC(=O)Cc2ccc(Nc3ncnc4cc(OC)c(OC)cc34)cc2)c1,60.0,7.221848749616356,1,444.491
O=C(c1cc2cc(O)ccc2[nH]1)c1cc2cc(O)ccc2[nH]1,70.0,7.220000000000001,1,292.294
C1=C/COCc2cc(ccc2OCCN2CCCC2)Nc2nccc(n2)-c2ccc(o2)COC/1,60.0,7.22,1,462.55
CCCCNc1ncc(C(=O)NC2CCN(CCCc3ccccc3)CC2)c(N[C@H]2CC[C@H](O)CC2)n1,60.0,7.22,1,508.711
CCCCNc1ncc(C(=O)NCc2ccc(-n3cnc(CO)c3)cc2)c(N[C@H]2CC[C@H](O)CC2)n1,60.0,7.22,1,493.612
CCN(CC)CCOc1ccc(-c2ccc(NC(=O)Nc3cccc(C)c3)cc2)c2c(N)n[nH]c12,60.0,7.22,1,472.593
CCN1CCN(c2cc(Nc3ncc(-c4cccnc4)s3)ncn2)CC1.Cl,60.0,7.22,1,403.943
CCc1cc(NC(=O)Cc2ccc(Oc3ccnc4cc(OC)c(OC)cc34)cc2OC)n[nH]1,60.0,7.22,1,462.506
CN1CCN(C(=O)c2ccc(Nc3ncc(C(F)(F)F)c(NCC4CCNCC4)n3)cn2)CC1,60.64,7.22,1,478.523
COc1ccc2cc(-c3n[nH]c4cccnc34)[nH]c2c1,60.0,7.22,1,264.288
Cc1cc(/C=C2/C(=O)Nc3ccc(F)cc32)c2cccccc1-2,60.0,7.22,1,303.336
Cc1nc(NCCN2CCOCC2)cc(Nc2cc(-c3cccc(NS(=O)(=O)c4ccccc4)c3)n[nH]2)n1,60.0,7.22,1,534.646
Nc1noc2cccc(-c3ccc(NC(=O)Nc4ccccc4OC(F)(F)F)cc3)c12,60.0,7.22,1,428.37
CC(C)(C)c1cc(NC(=O)Nc2ccc(-c3cn4c(n3)sc3cc(OCCN5CCOCC5)ccc34)cc2)no1,33.2,7.217368421052631,1,560.68
C1=C/COc2ccc(o2)-c2ccnc(n2)Nc2ccc(OCCN3CCCC3)c(c2)COC/1,62.0,7.21,1,448.523
CC(C)Oc1ccc(NC(=O)N2CCN(c3ncnc(N)c3/C=N/OCC(=O)N3CCOCC3)CC2)cc1,62.0,7.21,1,526.598
CCCCNc1ncc(-c2ccc(C=O)o2)c(N[C@H]2CC[C@H](O)CC2)n1,62.0,7.21,1,358.442
CCCCNc1ncc(C(=O)NC2CCN(c3ncccn3)CC2)c(NC2CCC(O)CC2)n1,62.0,7.21,1,468.606
CCCCNc1ncc(C(=O)NCC2CCN(C3CCCC3)CC2)c(NC2CCC(O)CC2)n1,61.0,7.21,1,472.678
CCC[C@H](C)Nc1ncc2c(-c3ccc(CN4CCOCC4)cc3)cn([C@H]3CC[C@H](O)CC3)c2n1,61.0,7.21,1,477.653
CN(C)CCCN(C)c1ccc(C(=O)Nc2n[nH]c3cc(OCCOCc4ccccc4)ccc23)cc1,62.0,7.21,1,501.631
CN1CCN(c2ccc(C(=O)Nc3n[nH]c4cc(OC/C=C/c5ccccc5)ccc34)cc2)CC1,62.0,7.21,1,467.573
Cc1cc(Nc2cc3c(cn2)ncc(=O)n3-c2ccc(N)cc2)ncc1N1CCN(C(C)C)CC1,62.0,7.21,1,470.581
Cc1ccc(F)c(NC(=O)Nc2ccc(-c3ccc(C)c4onc(N)c34)cc2)c1,61.0,7.21,1,390.418
Cc1cnc(Nc2ccc3c(c2)CCN(C(=O)/C=C/CN(C)C)C3)nc1-c1cnn(C(C)C)c1,62.0,7.21,1,459.598
Cn1nc(C(C)(C)C)cc1NC(=O)Nc1ccc(Oc2ncnc3[nH]ncc23)cc1,62.0,7.21,1,406.45
Fc1cc(OCCN2CCCC2)ccc1Nc1nc2c(-c3nnc[nH]3)cccc2c2cnccc12,61.0,7.21,1,469.524
O=C(Nc1ccc(C(=O)N2CCNCC2)cc1)c1n[nH]c2ccccc12,61.0,7.21,1,349.394
O=Nc1c(-c2c(O)[nH]c3ccc([N+](=O)[O-])cc23)[nH]c2ccccc12,62.0,7.21,1,322.28
C1=C/COCc2cc(ccc2OCCN2CCCC2)Nc2nccc(n2)-c2cncc(c2)COC/1,63.0,7.2,1,473.577
CCN1CCN(c2cc(Nc3ncc(-c4cccnc4)s3)nc(C)n2)CC1.Cl,63.0,7.2,1,417.97
COc1cc2c(N3CCN(C(=O)Nc4ccc(OC(C)C)cc4)CC3)ncnc2cc1OCCCN1CCOCC1,70.0,7.2,1,564.687
Cc1c(C(=O)Nc2ccc(Oc3ccnc4[nH]cc(-c5ccccc5)c34)c(F)c2)c(=O)n(-c2ccc(F)cc2)n1C,63.1,7.2,1,551.553
O=C(c1ccc(Nc2ncc(C(F)(F)F)c(NCC3CCNCC3)n2)cn1)N1CCOCC1,62.59,7.2,1,465.48
OC1CCCCCCCNc2ncc3c(-c4ccccn4)cn(c3n2)CCCC1,63.0,7.2,1,393.535
OCCNc1nc(NCCc2ccncc2)ncc1-c1nnc(C2CC2)o1,63.0,7.2,1,367.413
CC1=CC(=O)N(Nc2nc(-c3cccs3)nc3scc(C)c23)C1=O,65.0,7.19,1,356.432
CCC#CCn1cc(-c2ccc(NC(=O)Nc3cc(C(C)(C)C)on3)cc2)c2c(N)ncnc21,64.0,7.19,1,457.538
CCN1CCN(c2cc(Nc3ncc(-c4ccnc(C)c4)s3)nc(C)n2)CC1.Cl,64.0,7.19,1,431.997
CN(C)c1ccc2c(Oc3ccc(NC(=O)NCc4ccc(C(F)(F)F)nc4)cc3)ncnc2c1,64.3,7.19,1,482.466
CN1CCN(c2cccc(C(=O)Nc3cc(-c4cccc(NS(=O)(=O)c5ccccc5)c4)n[nH]3)c2)CC1,65.0,7.19,1,516.627
COC(=O)C(=O)Nc1cccc2c1Cc1c-2n[nH]c1-c1csc(C#CCOc2ccccc2)c1,65.0,7.19,1,469.522
N[C@H]1CC[C@H](Nc2nccn3c(-c4cccc(NCc5ccc(Cl)cc5)n4)cnc23)CC1,64.0,7.19,1,447.974
Nc1noc2cccc(-c3ccc(NC(=O)Nc4cccc(C(F)(F)F)c4)cc3)c12,64.0,7.19,1,412.371
Cc1cccc2[nH]c(C(=O)c3cc4cc(O)ccc4[nH]3)cc12,65.0,7.1899999999999995,1,290.322
CCC[C@H](C)Nc1ncc2c(-c3ccc(CN4CCN(C)CC4)cc3)cn([C@H]3CC[C@H](O)CC3)c2n1,66.0,7.18,1,490.696
CN1CCC(Nc2ccc(C(=O)Nc3cc(-c4ccc5c(c4)OCO5)n[nH]3)cc2)CC1,66.75,7.18,1,419.485
COc1ccc2cc1CN(C)C/C=C/CCOc1cccc(c1)-c1ccnc(n1)N2,66.0,7.18,1,402.498
Cn1nc(C(C)(C)C)cc1NC(=O)Nc1ccc(Oc2ncnc3[nH]ncc23)c(F)c1,66.0,7.18,1,424.44
O=C(NCc1ccc(-c2cc(NC(=O)c3ccc(OCCN4CCOCC4)cc3)[nH]n2)cc1)Nc1ccc(F)cc1,66.0,7.18,1,558.614
COc1ccc2c(c1)[C@]1(C[C@H]1c1ccc3c(-c4ccc(N5CCN(C)CC5)cc4)n[nH]c3c1)C(=O)N2,72.5,7.175,1,479.584
CC(C)(C)c1cc(NC(=O)Nc2ccc(-c3cn4c(n3)sc3nc(OCCN5C[C@@H]6C[C@H]5CO6)ccc34)cc2)no1,68.0,7.17,1,573.679
CCN(CC)CCNC(=O)[C@H]1CC[C@H](NC(=O)c2cnc3nc2Nc2ccc(Cl)c(c2)OC/C=C\CN3)CC1,67.0,7.17,1,556.111
CNC(=O)c1ccc(Sc2ccc(NC(=O)Nc3ccc(Cl)c(C(F)(F)F)c3)cc2)nc1,67.0,7.17,1,480.899
Cc1cc(C)cc(Nc2nccc(-c3cc(C(=O)N[C@H]4CCCC[C@H]4N)n(C)n3)n2)c1,68.0,7.17,1,419.533
Cc1cc2cc(Oc3ccnc(Nc4cccc(CS(=O)(=O)NCCN(C)C)c4)n3)ccc2[nH]1,67.0,7.17,1,480.594
Cc1cccc(NC(=O)Nc2ccc(-c3csc4ncnc(N)c34)cc2F)c1,67.0,7.17,1,393.447
Nc1ccc(-c2cccc3onc(N)c23)cc1,68.0,7.17,1,225.251
O=C1CCN(CCOc2ccc3cc2COCC=CCOCc2cccc(c2)-c2ccnc(n2)N3)C1,67.0,7.17,1,486.572
OC1CCCCCCCNc2ncc3c(-c4ccc(N5CCOCC5)cc4)cn(c3n2)CCCC1,68.0,7.17,1,477.653
c1cc(NC2CCNC2)nc(-c2cnc3cc(OCCN4CCOCC4)c(-c4cn[nH]c4)cn23)c1,68.0,7.17,1,474.569
C=CCCCCn1cc(-c2ccc(NC(=O)Nc3cc(C(C)(C)C)on3)cc2)c2c(N)ncnc21,70.0,7.16,1,473.581
C=CCCCn1cc(-c2ccc(NC(=O)Nc3cc(C(C)(C)C)on3)cc2)c2c(N)ncnc21,69.0,7.16,1,459.554
CC(C)(C)c1cc(NC(=O)Nc2ccc(-c3cn4c(n3)sc3cc(OCCN5CCOCC5)ccc34)cc2)no1.Cl.Cl,69.0,7.16,1,633.602
CC1=CC(=O)N(Nc2nc(-c3cccs3)nc3scc(-c4cccs4)c23)C1=O,69.0,7.16,1,424.532
CCCCNc1ncc(C(=O)NC2CCN(CC3CCCCC3)CC2)c(N[C@H]2CC[C@H](O)CC2)n1,70.0,7.16,1,486.705
CCCCNc1ncc(C(=O)NCc2ccc(-n3cccn3)cc2)c(N[C@H]2CC[C@H](O)CC2)n1,70.0,7.16,1,463.586
CCN(CC)CCNC(=O)[C@H]1CC[C@H](NC(=O)c2cnc3nc2Nc2ccc(C)c(c2)OC/C=C\CN3)CC1,70.0,7.16,1,535.693
CN1CCN(Cc2ccc(-c3cn4c5nc(ncc35)NCCCCCCCCNC(=O)[C@@H](N)CCC4)cc2)CC1,70.0,7.16,1,546.764
CN1CCN(c2ccc(C(=O)Nc3cc(-c4ccc(NC(=O)N5CCCC5)cc4)n[nH]3)cc2)CC1,70.0,7.16,1,473.581
COc1cc2c(N3CCN(C(=O)Nc4ccc(OC(C)C)cc4)CC3)ncnc2cc1OCCN1CCCCC1,70.0,7.16,1,548.688
COc1ccc(-c2cc3c(NN4C(=O)C=C(C)C4=O)nc(-c4cccs4)nc3s2)cc1,68.64,7.16,1,448.529
Fc1ccccc1Nc1nc2c(-c3nnc[nH]3)cccc2c2cnccc12,70.0,7.16,1,356.364
O=C(CC(F)(F)F)N1CCN(Cc2ccnc(Nc3nc4ccc(-c5nc(C6CC6)no5)cc4[nH]3)c2)CC1,69.0,7.16,1,526.523
O=C(Nc1cc(-c2cccc(NS(=O)(=O)c3ccccc3)c2)n[nH]1)c1ccc(OCCN2CCOCC2)cc1,70.0,7.16,1,547.637
OCCN1CCN(c2ccc3cc2COC/C=C/COCc2cccc(c2)-c2ccnc(n2)N3)CC1,70.0,7.16,1,487.604
OCCN1CCN(c2ccc3cc2COCC=CCOCc2cccc(c2)-c2ccnc(n2)N3)CC1,70.0,7.16,1,487.604
CC(C)Cn1c2ccc(Nc3ncccn3)cc2c2c3c(c4c(c21)CCc1nn(C)cc1-4)C(=O)NC3,71.0,7.15,1,477.572
CCN(CC)CCNC(=O)[C@H]1CC[C@H](NC(=O)c2cnc3nc2Nc2ccc(OC)c(c2)OC/C=C\CN3)CC1,71.0,7.15,1,551.692
CN1C/C=C/CCOc2cccc(c2)-c2ccnc(n2)Nc2ccc(N3CCOCC3)c(c2)C1,71.0,7.15,1,457.578
Cc1nc(NCCN(C)C)cc(Nc2cc(-c3cccc(NS(=O)(=O)c4ccccc4)c3)n[nH]2)n1,71.0,7.15,1,492.609
C1=C/Cn2ccc3ccc(cc32)-c2ccnc(n2)Nc2cccc(c2)COC/1,73.0,7.14,1,368.44
CC1=CC(=O)N(Nc2nc(-c3cccs3)nc3sc(-c4ccc(OCCNCc5ccccc5)cc4)c(C)c23)C1=O.Cl,71.87,7.14,1,618.184
CN1CCN(Cc2ccc(-c3cn([C@H]4CC[C@H](O)CC4)c4nc(NC5CCCCC5)ncc34)cc2)CC1,73.0,7.14,1,502.707
Cc1cc(Nc2cc3c(cn2)ncc(=O)n3-c2ccc(N)cc2)ncc1N1CCC(N)CC1,72.0,7.14,1,442.527
Cc1cccc(NC(=O)Nc2ccc(-c3ccc(OCCN(C)C)c4[nH]nc(N)c34)cc2)c1,73.0,7.14,1,444.539
Cc1nc(Nc2cc(-c3ccc(CNC(=O)OCc4cc(C)on4)cc3)n[nH]2)cc(N2CCN(CCO)CC2)n1,72.0,7.14,1,547.62
Cc1nc(Nc2ncc(-c3ccc(NC(=O)Nc4ccccc4)cc3)s2)cc(N2CCC(N)CC2)n1,73.0,7.14,1,500.632
O=C(Nc1ccc(Oc2ncnc3[nH]ncc23)cc1)Nc1nc(-c2ccccc2)cs1,73.0,7.14,1,429.465
O=C1Nc2ccccc2/C1=C\c1ccc2c(-c3nccs3)n[nH]c2c1,72.0,7.14,1,344.399
CCCCNc1ncc(-c2nc(C(F)(F)F)cs2)c(N[C@H]2CC[C@H](O)CC2)n1,74.0,7.13,1,415.485
CCCCNc1ncc(-c2ncc(COCc3ccccc3)s2)c(NC2CCC(O)CC2)n1,74.0,7.13,1,467.639
CCCCNc1ncc(C(=O)NCc2ccc(NC(=O)CC)nc2)c(N[C@H]2CC[C@H](O)CC2)n1,74.0,7.13,1,469.59
CN1CCN(c2ccc(C(=O)Nc3cc(-c4ccc(NC(=O)Nc5cccnc5)cc4)n[nH]3)cc2)CC1,74.0,7.13,1,496.575
C[C@H]1CC[C@H](n2c3cnccc3c3cnc(Nc4cc5c(cn4)CCNC5)nc32)CC1,73.7,7.13,1,413.529
O=C(Nc1n[nH]c2cc(OCCOCc3ccccc3)ccc12)c1ccc(NCCN2CCOCC2)cc1,74.0,7.13,1,515.614
CS(=O)(=O)CCN1CCC(c2ccc(NC(=O)c3nc(C#N)c[nH]3)c(C3=CCCCC3)c2)CC1,78.0,7.125,1,481.622
CC1=CC(=O)N(Nc2nc(-c3cccs3)nc3sc(-c4ccc(O)cc4)cc23)C1=O,75.51,7.12,1,434.502
CCCCCNc1ncc(-c2ccccn2)c(N[C@H]2CC[C@H](O)CC2)n1,76.0,7.12,1,355.486
CCCCNc1ncc(-c2cc(Nc3cccc([N+](=O)[O-])c3)ncn2)c(N[C@H]2CC[C@H](O)CC2)n1,76.0,7.12,1,478.557
CCCCNc1ncc(-c2ncc(C(=O)O)s2)c(N[C@H]2CC[C@H](O)CC2)n1,76.0,7.12,1,391.497
CCCCNc1ncc(C(=O)NCc2ccc(-c3ccccc3OC)nc2)c(N[C@H]2CC[C@H](O)CC2)n1,76.0,7.12,1,504.635
CO/N=C/c1c(N)ncnc1N1CCN(C(=O)Nc2ccc(OC3CCC3)nc2)CC1,75.0,7.12,1,426.481
Cc1cn2c(-c3cn[nH]c3)cnc2c(Nc2cc(CN3CCC(F)(F)C3)ns2)n1.Cl,76.0,7.12,1,452.922
ClCCOc1ccc2cc1COCC=CCOCc1cccc(c1)-c1ccnc(n1)N2,76.0,7.12,1,437.927
OC1CCCCCCCNc2ncc3c(-c4ccc(CN5CCOCC5)cc4)cn(c3n2)CCCC1,75.0,7.12,1,491.68
CCCCNc1ncc(C(=O)NC2CCN(C3CCN(C)CC3)CC2)c(NC2CCC(O)CC2)n1,77.0,7.11,1,487.693
CCCCNc1ncc(C(=O)NCc2ccc(-c3c(C)noc3C)nc2)c(N[C@H]2CC[C@H](O)CC2)n1,77.0,7.11,1,493.612
CCN(CC)CCC(=O)Nc1cc2cc(c1)Nc1nccc(n1)-c1cccc(c1)COCC=CCOC2,78.0,7.11,1,501.631
CN1C/C=C/CCOc2cccc(c2)-c2ccnc(n2)Nc2ccc(Cl)c(c2)C1,77.0,7.11,1,406.917
COc1ccc(-c2ccn3c(-c4ccc(F)cc4)cnc3c2)cc1,78.0,7.11,1,318.351
COc1ccc2c(c1)[C@]1(C[C@H]1c1ccc3c(-c4ccc(N5CCN(CCO)CC5)cc4)n[nH]c3c1)C(=O)N2,77.0,7.11,1,509.61
COc1ccc2cc1COCC=CCOc1cccc(c1)-c1ccnc(n1)N2,78.0,7.11,1,375.428
CCN1CCN(c2ccc(-c3n[nH]c4cc([C@@H]5C[C@@]56C(=O)Nc5ccc(OC)cc56)ccc34)cc2)CC1,81.0,7.105,1,493.611
CC1=CC(=O)N(Nc2nc(-c3ccc[nH]3)nc3sc(C)c(C)c23)C1=O,79.33,7.1,1,353.407
CCCCNc1ncc(C(=O)NCc2ccco2)c(N[C@H]2CC[C@H](O)CC2)n1,79.0,7.1,1,387.484
CCOc1nc(NCCc2ccncc2)ncc1-c1nnc(C2CC2)o1,80.0,7.1,1,352.398
CCc1cc(NC(=O)Cc2ccc(Oc3ccnc4cc(OC)ccc34)cc2OC)no1,80.0,7.1,1,433.464
CN(C)CCCn1ncc2c(Oc3ccc(NC(=O)Nc4cc(C(C)(C)C)on4)cc3)ncnc21,80.0,7.1,1,478.557
CN1CCC(Nc2ccc(C(=O)Nc3cc(-c4ccc5ncn(Cc6ccccc6)c5c4)[nH]n3)cc2)CC1,79.51,7.1,1,505.626
COc1cc2ncnc(Oc3ccc(CC(=O)Nc4cnn(C)c4)cc3)c2cc1OC,80.0,7.1,1,419.441
COc1ccc(C(=O)NC(=O)Nc2ccc3c(c2)NC(=O)/C3=C\c2[nH]c(C)c(C(=O)N3CCOCC3)c2C)c(F)c1,79.5,7.1,1,561.57
Cc1cc(-c2cnn(C)c2C)ccc1-c1nnc(N(C)Cc2ccc3nccn3c2)o1,79.43,7.1,1,413.485
Cc1cnc(-c2ccc(-c3ccc(NC(=O)Nc4cccc(C(F)(F)F)c4)cc3F)c3c2C(=O)NC3)[nH]1,80.0,7.1,1,509.463
Cc1nc(Nc2ncc(-c3ccc(NC(=O)Nc4ccccc4)cc3)s2)cc(N2CCN(C)CC2)n1,79.0,7.1,1,500.632
O=C1Nc2ccc(C(=O)O)cc2/C1=C1/Nc2ccccc2/C1=N\O,8.0,7.099999999999999,1,321.292
CCN(CC)CCNC(=O)c1c(C)[nH]c(/C=C2\C(=O)Nc3ccc(F)cc32)c1C,140.5,7.09909090909091,1,398.482
COc1ccc2c(c1)[C@]1(C[C@H]1c1ccc3c(/C=C/c4ccc(CN5CCOCC5)cc4)n[nH]c3c1)C(=O)N2,82.5,7.095000000000001,1,506.606
CC(C)c1cc(NC(=O)Nc2ccc(Oc3ncnc4[nH]ncc34)cc2)n(C)n1,82.0,7.09,1,392.423
CN1CCN(c2nccn3c(-c4ccnc(NC(CN)c5ccsc5)n4)cnc23)CC1,82.0,7.09,1,435.561
CNC(=O)c1cc(Oc2ccc(NC(=O)Nc3ccc(Cl)c(C(F)(F)F)c3)c(F)c2)ccn1,82.0,7.09,1,482.821
Cc1ccc(F)c(NC(=O)Nc2ccc(-c3ccc(CN4CCOCC4)c4onc(N)c34)cc2)c1,82.0,7.09,1,475.524
NC1CCN(CCO/N=C2/C(=C3/C(=O)Nc4ccc(F)cc43)Nc3ccc(F)cc32)CC1,81.5,7.09,1,439.466
NCCCNc1nc(Nc2ccc3c(c2)COC3=O)ncc1C(F)(F)F,81.79,7.09,1,367.331
O=C1Nc2ccc(Cl)cc2/C1=C1/Nc2ccccc2/C1=N\O,82.0,7.09,1,311.728
Cc1cc(C=C2C(=O)Nc3ccc(F)cc32)c2ccccc(OCCN3CCC[C@H]3CO)c1-2,84.0,7.085,1,446.522
CCCCNc1ncc(C(=O)NC2CCN(CC3CCCC3)CC2)c(N[C@H]2CC[C@H](O)CC2)n1,84.0,7.08,1,472.678
CCCCNc1ncc(C(=O)NCC2CCN(C(C)C)CC2)c(N[C@H]2CC[C@H](O)CC2)n1,83.0,7.08,1,446.64
CCN1CCN(c2cc(Nc3ncc(-c4ccc(NC(=O)OCc5ccccc5)cc4)s3)nc(C)n2)CC1,83.0,7.08,1,529.67
CN1CCN(Cc2ccc(-c3cnc4[nH]cc(-c5cnc6[nH]ccc6c5)c4c3)cc2)CC1,369.75,7.08,1,422.536
NCCCNc1nc(Nc2ccc3c(c2)OCCC3=O)ncc1C(F)(F)F,83.91,7.08,1,381.358
O=C(Nc1ccc(-c2cn3c4nc(ncc24)NCCCCCCCC(O)CCCC3)cc1)N1CCOCC1,84.0,7.08,1,520.678
c1ccc(CNc2nc(Nc3ccc(CN4CCOCC4)cc3)c3ncn(C4CCCC4)c3n2)cc1,83.0,7.08,1,483.62
Brc1ccc2ncc(-c3cccc(NC4CNC4)n3)n2c1,85.0,7.07,1,344.216
CC(C)(C)c1cc(NC(=O)Nc2ccc(-c3cn(Cc4ccccc4)c4ncnc(N)c34)cc2)no1,86.0,7.07,1,481.56
CC1(C)c2cc(C3CCN(CC4CCOCC4)CC3)ccc2C(=O)c2c1[nH]c1cc(C#N)ccc21,85.7,7.07,1,467.613
CC1(COc2ccc(Nc3ncc(C(F)(F)F)c(N4CCC(O)CC4)n3)cc2)COC1,85.97,7.07,1,438.45
CC1=CC(=O)N(Nc2nc(-c3cccs3)nc3scc(-c4ccc(OCCN5CCCCC5)cc4)c23)C1=O.Cl,85.0,7.07,1,582.151
CCCCNc1ncc(C(=O)NC2CCN(Cc3ccccc3)CC2)c(N[C@H]2CC[C@H](O)CC2)n1,86.0,7.07,1,480.657
CN1CCN(c2ccc(NC(=O)c3cnc4nc3Nc3ccc(C#N)c(c3)OC/C=C\CN4)cc2)CC1,86.0,7.07,1,496.575
COc1cc(CNc2ccc3c(c2)ncn3-c2ccccc2)ccc1OCCO,85.0,7.07,1,389.455
COc1cc2nn(CC(=O)N3CCOCC3)cc2cc1NC(=O)c1cccc(C)n1,85.0,7.07,1,409.446
CS(=O)(=O)N1CCOc2cc(Nc3ncc(C(F)(F)F)c(NCCCN)n3)ccc21,84.7,7.07,1,446.455
Cc1cc(/C=C2\C(=O)Nc3ncc(Br)cc32)c2ccccc(OCCCN3CCOCC3)c1-2,86.0,7.07,1,508.416
Cc1cc(Nc2cc3c(cn2)ncc(=O)n3-c2ccc(N)cc2)ncc1N1C[C@@H](C)N[C@@H](C)C1,85.0,7.07,1,456.554
CCCCNc1ncc(C(=O)NCc2ccc(-c3ccc(C#N)cc3)nc2)c(N[C@H]2CC[C@H](O)CC2)n1,87.0,7.06,1,499.619
COc1c(Nc2ncc(Cl)c(N[C@H]3[C@@H](C(N)=O)[C@@H]4C=C[C@H]3C4)n2)ccc2c1CC[C@@H](N1CCOCC1)CC2,88.0,7.06,1,539.08
O=C(CCCCCCN1C/C=C/CCOc2cccc(c2)-c2ccnc(n2)Nc2cccc(c2)C1)NO,87.0,7.06,1,501.631
CCCCNc1ncc(-c2cnc(N)c(OC)n2)c(N[C@H]2CC[C@H](O)CC2)n1,89.0,7.05,1,387.488
CCCCNc1ncc(-c2csc(C)n2)c(N[C@H]2CC[C@H](O)CC2)n1,89.0,7.05,1,361.515
CCCCNc1ncc(C(=O)NCc2ccc(-n3ccnc3C)cc2)c(N[C@H]2CC[C@H](O)CC2)n1,89.0,7.05,1,477.613
CN(/N=C/c1cnn2ccc(Cl)nc12)S(=O)(=O)c1cccc(C#N)c1,90.0,7.05,1,374.813
CN1CCN(C(=O)c2ccc(NC(=O)c3n[nH]c4ccccc34)cc2)CC1,90.0,7.05,1,363.421
COc1ccc(S(=O)(=O)Nc2cccc(-c3cc(NC(=O)c4ccc(N5CCN(C)CC5)cc4)[nH]n3)c2)cc1,90.0,7.05,1,546.653
Cc1cc(/C=C2\C(=O)Nc3ncc(F)cc32)c2ccccc(OCCCN3CCOCC3)c1-2,90.0,7.05,1,447.51
O=C(Nc1n[nH]c2cc(OCCOCc3ccccc3)ccc12)c1ccc(NC2CCOCC2)cc1,90.0,7.05,1,486.572
O=C1Nc2ccccc2/C1=C1/Nc2ccccc2/C1=N\O,90.0,7.05,1,277.283
O=C1c2ccccc2-c2n[nH]c3cccc1c23,90.0,7.05,1,220.231
CC(=O)Nc1cc(Oc2ccc(NC(=O)Cc3ccccc3C(F)(F)F)cc2)ncn1,90.8,7.04,1,430.386
CC(C)(C)c1cc(NC(=O)Nc2ccc(-n3nc(-c4ccc(OCCN5CCOCC5)cc4)c4c(N)ncnc43)cc2)no1,91.0,7.04,1,597.68
CNc1cc(O)c2c(c1)/C=C/C[C@H](O)[C@H](O)C(=O)/C=C\[C@@H](C)[C@H](C)OC2=O,91.0,7.04,1,375.421
COc1ccc2cc1COC/C=C/COCc1cc(ccc1OCCN1CCCC1)Nc1nccc-2n1,92.0,7.04,1,502.615
COc1ccc2cc1COCC=CCOCc1cc(ccc1OCCN1CCCC1)Nc1nccc-2n1,92.0,7.04,1,502.615
CCCCNc1ncc(C(=O)NC2CCN(C3CCCC3)CC2)c(N[C@H]2CC[C@H](O)CC2)n1,93.0,7.03,1,458.651
CCCCNc1ncc(C(=O)NC2CN(C)C2)c(NC2CCC(O)CC2)n1,94.0,7.03,1,376.505
CCCCNc1ncc(C(=O)NCc2cc[nH]n2)c(N[C@H]2CC[C@H](O)CC2)n1,94.0,7.03,1,387.488
CCCCNc1ncc(C(=O)Nc2ccc(C(F)(F)F)cc2)c(N[C@H]2CC[C@H](O)CC2)n1,94.0,7.03,1,451.493
CCNC(=O)Nc1ccc(-c2cc(NC(=O)c3ccc(N4CCN(C)CC4)cc3)[nH]n2)cc1,94.0,7.03,1,447.543
CCS(=O)(=O)CCOc1ccc2cc1CN(C)C/C=C/CCOc1cccc(c1)-c1ccnc(n1)N2,93.0,7.03,1,508.644
CN1C/C=C/CCn2ccc3ccc(cc32)-c2ccnc(n2)Nc2cccc(c2)C1,93.0,7.03,1,395.51
O=C(NC1CC1)c1ccc(Nc2ncc(C(F)(F)F)c(NCC3CCNCC3)n2)cn1,93.99,7.03,1,435.454
CC(C)(C)c1cc(NC(=O)Nc2ccc(-c3cn4c(C(=O)NCCS(C)(=O)=O)csc4n3)cc2)no1,95.0,7.02,1,530.632
CCCCNc1ncc(C(=O)NC2CCN(Cc3ccc(N4CCOCC4)cc3)CC2)c(N[C@H]2CC[C@H](O)CC2)n1,95.0,7.02,1,565.763
CN(C)CCCc1cncc(Nc2ncc3c(n2)-c2ccc(Cl)cc2NC(=S)C3)c1,95.0,7.02,1,438.988
CN(C)c1ccc(C(F)(F)F)c(-c2cnc(N)c(C(=O)Nc3ncccc3N3CCC(N)CC3)n2)n1,95.0,7.02,1,501.517
COc1cc(Nc2cccc(-c3cnc4cc(-c5ccc(S(C)(=O)=O)cc5)ccn34)n2)cc(OC)c1OC,94.58,7.02,1,530.606
Cc1nc(Nc2cc(-c3ccc(CNC(=O)Nc4cc(C(C)(C)C)on4)cc3)n[nH]2)cc(N2CCN(CCO)CC2)n1,95.0,7.02,1,574.69
Fc1ccc(Nc2nc3c(-c4nnc[nH]4)cccc3c3cnccc23)c(F)c1,95.0,7.02,1,374.354
O=C(Nc1ccc(C(=O)N2CCOCC2)cc1)c1n[nH]c2ccccc12,95.0,7.02,1,350.378
O=C(Nc1cccc(-n2ccc3c(NC(=O)c4ccccc4)nccc32)c1)c1ccc(N2CCOCC2)c(C(F)(F)F)c1,96.0,7.02,1,585.586
OC1CCC(Nc2nc(Nc3ccccn3)ncc2-c2ccccn2)CC1,95.0,7.02,1,362.437
c1cc2c3cnc(Nc4ccc(N5CCNCC5)cn4)nc3n(C3CCCC3)c2nn1,95.0,7.02,1,415.505
O=C1Nc2ccccc2[C@]12C[C@H]2c1ccc2c(/C=C/c3ccc(CN4CCOCC4)cc3)n[nH]c2c1,96.5,7.015000000000001,1,476.58
CN1CCN(c2ccc(-c3n[nH]c4cc([C@@H]5C[C@@]56C(=O)Nc5ccc(F)cc56)ccc34)cn2)CC1,98.0,7.01,1,468.536
CNC(=O)c1cc(-c2cnc3cc(-c4cnn(C)c4)c(O[C@H]4CCOC4)nn23)c(F)c(C(F)F)c1,98.0,7.01,1,486.454
CNC(=O)c1cc(C)c(F)c(-c2cnc3cc(-c4cnn(C)c4)c(O[C@H]4CCOC4)nn23)c1,97.0,7.01,1,450.474
COc1cc2cc(c1OCCN1CCCC1)CN(C)C/C=C/CCOc1cccc(c1)-c1ccnc(n1)N2,98.0,7.01,1,515.658
COc1ccc([N+](=O)[O-])cc1S(=O)(=O)N(C)/N=C/c1cnn2ccc(Cl)nc12,97.0,7.01,1,424.826
COc1ccc2c(Nc3c[nH]nc3C(=O)Nc3ccc(CN4CCOCC4)cc3)ccnc2c1,97.4,7.01,1,458.522
Cc1[nH]c(/C=C2\C(=O)Nc3cc(NC(=O)Nc4ccc(Cl)cc4)ccc32)c(C)c1C(=O)O,97.8,7.01,1,450.882
Cc1cc(C)cc(Nc2nccc(-c3cc(C(=O)N[C@H](CN4CCCC4)C(C)C)n(C)n3)n2)c1,97.0,7.01,1,461.614
Cl.O=C1Nc2ccc(F)cc2/C1=C1/Nc2ccc(F)cc2/C1=N\OCCN1CCOCC1,98.3,7.01,1,462.884
NCCCNc1nc(Nc2ccc3c(c2)OCCO3)ncc1C(F)(F)F,98.49,7.01,1,369.347
C=CC(=O)Nc1ccc(Nc2ncc3ncc(=O)n(-c4ccc(OC)cc4)c3n2)cc1,100.0,7.0,1,414.425
CC(=O)O.CNc1nc(Nc2cnc(C#N)c(O[C@@H]3CCCNC3)c2)ncc1-c1cnn(C)c1,100.45,7.0,1,465.518
CC1=CC(=O)N(Nc2nc(-c3ccco3)nc3sc(C)c(C)c23)C1=O,100.3,7.0,1,354.391
CCCCNc1ncc(C(=O)NCc2cc(OC)cc(OC)c2)c(N[C@H]2CC[C@H](O)CC2)n1,101.0,7.0,1,457.575
CCCCNc1ncc(C(=O)NCc2ccc(CN3CCN(C)CC3)cc2)c(N[C@H]2CC[C@H](O)CC2)n1,101.0,7.0,1,509.699
CCCS(=O)(=O)Nc1cccc(-c2cc(NC(=O)c3ccc(N4CCN(C)CC4)cc3)[nH]n2)c1,100.0,7.0,1,482.61
CCN(CCO)CCCOc1ccc2c(Nc3cc(CC(=O)Nc4cccc(F)c4)[nH]n3)ncnc2c1,100.0,7.0,1,507.57
CCN1CCN(c2ccc(-c3nn(CC4CCCC4)c4nc(NC)ncc34)cn2)CC1,100.0,7.0,1,420.565
CN1CCN(Cc2ccc(-c3cn4c5nc(ncc35)NCCCCCCNC(=O)[C@@H](N)CCC4)cc2)CC1,100.0,7.0,1,518.71
CNc1ccc2ccc(NC(=O)[C@H]3O[C@@H](n4cc(-c5ccn(C)n5)c5c(N)ncnc54)[C@@H](F)[C@@H]3O)cc2n1,100.0,7.0,1,517.525
CNc1ncc2c(-c3ccc(N4CCNCC4)nc3)nn(CC3OCCO3)c2n1,100.0,7.0,1,396.455
CO/N=C/c1c(N)ncnc1N1CCN(C(=O)Nc2ccc(C3CCCCC3)cc2)CC1,99.0,7.0,1,437.548
COc1ccc(CNc2ccc(Cc3c[nH]c4ncc(C)cc34)c(F)n2)cn1,100.0,7.0,1,377.423
COc1ccc(CNc2ncc(Cc3c[nH]c4ncc(C)cc34)cn2)cn1,100.0,7.0,1,360.421
COc1ccc(CNc2ncc(Cc3c[nH]c4ncc(Cl)cc34)cn2)cn1,100.0,7.0,1,380.839
COc1ccc2c(c1)[C@]1(CC1c1ccc3c(/C=C/c4cc(F)c(CN5CCOCC5)c(F)c4)n[nH]c3c1)C(=O)N2,100.0,7.0,1,542.586
COc1ccc2c(c1)[C@]1(C[C@H]1c1ccc3c(-c4ccc(N5CCN(C(C)C)CC5)cc4)n[nH]c3c1)C(=O)N2,100.0,7.0,1,507.638
COc1ccc2c(c1)[C@]1(C[C@H]1c1ccc3c(/C=C/c4ccc(N5CCN(C)CC5)cc4)n[nH]c3c1)C(=O)N2,100.0,7.0,1,505.622
COc1ccc2c(c1)[C@]1(C[C@H]1c1ccc3c(/C=C/c4cccc(CN(C)C)c4)n[nH]c3c1)C(=O)N2,100.0,7.0,1,464.569
COc1ccc2c(c1)[C@]1(C[C@H]1c1ccc3c(/C=C/c4cccc(CN5CCOCC5)c4)n[nH]c3c1)C(=O)N2,100.0,7.0,1,506.606
COc1ccnc2[nH]cc(Cc3ccc(NCc4ccc(Cl)cc4)nc3F)c12,100.0,7.0,1,396.853
COc1cnc(CNc2ccc(Cc3c[nH]c4ncc(C)cc34)c(F)n2)cc1F,100.0,7.0,1,395.413
COc1cnc2[nH]cc(Cc3ccc(NCc4ccc(Cl)cc4)nc3F)c2c1,100.0,7.0,1,396.853
COc1cnc2[nH]cc(Cc3ccc(NCc4ccc(OC)nc4)nc3F)c2c1,100.0,7.0,1,393.422
COc1cnc2[nH]cc(Cc3ccc(NCc4ccccc4Cl)nc3F)c2c1,100.0,7.0,1,396.853
COc1ncc(CNc2ccc(Cc3c[nH]c4ncc(C(F)(F)F)cc34)c(F)n2)cc1F,100.0,7.0,1,449.383
COc1ncc(CNc2ccc(Cc3c[nH]c4ncc(Cl)cc34)c(F)n2)cc1F,100.0,7.0,1,415.831
C[C@@H](Oc1ccc2[nH]nc(-c3nc4cc(N5CCN(C)CC5)ccc4[nH]3)c2c1)c1c(Cl)cncc1Cl,100.0,7.0,1,522.44
Cc1cc(-c2c(C)nn(C)c2C)cnc1-c1nnc(N(C)Cc2ccc3ncc(-c4ccc(CN(C)C)nc4)n3c2)o1,100.0,7.0,1,562.682
Cc1cc(C#N)ncc1Oc1cc(Nc2ccc(N3CCOCC3)nn2)c2ncn(C)c2n1,100.0,7.0,1,443.471
Cc1cnc2[nH]cc(Cc3ccc(NCc4ccc(C(F)(F)F)nc4)nc3)c2c1,100.0,7.0,1,397.404
Cc1cnc2[nH]cc(Cc3ccc(NCc4ccc(C(F)(F)F)nc4)nc3F)c2c1,100.0,7.0,1,415.394
Clc1cnc2[nH]cc(Cc3ccc(NCc4ccc(Cl)nc4)nc3)c2c1,100.0,7.0,1,384.27
Cn1ccc(-c2cn([C@@H]3O[C@H](C(=O)Nc4cc[nH]n4)[C@@H](O)[C@H]3O)c3ncnc(N)c23)n1,100.0,7.0,1,425.409
FC(F)(F)c1cnc2[nH]cc(Cc3ccc(NCc4ccc(C(F)(F)F)nc4)nc3)c2c1,100.0,7.0,1,451.374
Fc1cc(CNc2ncc(Cc3c[nH]c4ncc(Cl)cc34)cn2)cc(C(F)(F)F)c1,100.0,7.0,1,435.812
Fc1ccc(CNc2ccc(Cc3c[nH]c4ncc(Cl)cc34)cn2)cn1,100.0,7.0,1,367.815
Fc1nc(NCc2ccc(Cl)cn2)ccc1Cc1c[nH]c2ncccc12,100.0,7.0,1,367.815
N#Cc1cn([C@@H]2O[C@H](C(=O)Nc3ccc4ccc(N5CCC5)nc4c3)[C@@H](O)[C@H]2O)c2ncnc(N)c12,100.0,7.0,1,486.492
O=C1Nc2cc(NC(=O)c3c[nH]cc(-c4ccccc4F)c3=O)ccc2/C1=C/c1ccc[nH]1,100.0,7.0,1,440.434
CCN1CCN(c2cnc(Nc3cc4c(cn3)ncc(=O)n4-c3ccc(N)cc3)cc2C)CC1,102.0,6.99,1,456.554
CN(C)C(=O)c1ccccc1Nc1nc(Nc2ccc3nc(CN4CCCC4)[nH]c3c2)ncc1Cl,103.1,6.99,1,490.999
CN1CCN(Cc2ccc(C(=O)Nc3ncc(-c4cccnc4)s3)cc2)CC1.Cl,103.0,6.99,1,429.977
CNc1nccc(-c2cnc3c(NC(C)C)nccn23)n1,102.0,6.99,1,283.339
COc1cc2c(Oc3ccc(NC(=O)C4(c5nnc(-c6ccc(F)cc6)o5)CC4)cc3F)ccnc2cc1OCCCN1CCCCC1,103.0,6.99,1,655.702
Cc1cc(Nc2cc3c(cn2)ncc(=O)n3-c2ccc(N)cc2)ncc1N1CCN(C2CC2)CC1,103.0,6.99,1,468.565
Cc1cc(Nc2cc3c(cn2)ncc(=O)n3-c2ccc(N)cc2)ncc1N1CCNCC1,102.0,6.99,1,428.5
c1ccc(Nc2nc3c(-c4nnc[nH]4)cccc3c3cnccc23)cc1,103.0,6.99,1,338.374
CCCCCCn1cc(-c2ccc(NC(=O)Nc3cc(C(C)(C)C)on3)cc2)c2c(N)ncnc21,105.0,6.98,1,475.597
CCCCNc1ncc(C(=O)NC2CCN(Cc3cccnc3)CC2)c(N[C@H]2CC[C@H](O)CC2)n1,105.0,6.98,1,481.645
CCCCNc1ncc(C(=O)NCC2CCOCC2)c(N[C@H]2CC[C@H](O)CC2)n1,105.0,6.98,1,405.543
CN(C)Cc1ccc(C(=O)Nc2n[nH]c3cc(OCCOCc4ccccc4)ccc23)cc1,104.0,6.98,1,444.535
CNc1nccc(-c2cnc3c(NC4CCNCC4)nccn23)n1,105.0,6.98,1,324.392
Clc1ccccc1Nc1nc2c(-c3nnc[nH]3)cccc2c2cnccc12,104.0,6.98,1,372.819
CCCCNc1ncc(C(=O)NCc2cccnc2)c(NC2CCC(O)CC2)n1,108.0,6.97,1,398.511
CCC[C@H](C)Nc1ncc2c(-c3ccc(NC4CCNCC4)cc3)cn([C@H]3CC[C@H](O)CC3)c2n1,107.0,6.97,1,476.669
CCN(CC)C(=O)c1ccc(NC(=O)c2n[nH]c3ccccc23)cc1,107.0,6.97,1,336.395
COc1ccc(C(=O)NC(=O)Nc2ccc3c(c2)NC(=O)/C3=C\c2[nH]c(C)c(CCC(=O)N3CCOCC3)c2C)c(F)c1,106.0,6.97,1,589.624
COc1ccc(Nc2nccc(-c3cn(C)c4ccccc34)n2)cc1OCCOCCn1ccnc1[N+](=O)[O-],108.0,6.97,1,529.557
Cc1ccc(Nc2nc(NCCc3ccncc3)ncc2-c2nnc(C3CC3)o2)cc1,106.0,6.97,1,413.485
Cc1oncc1C(=O)Nc1ccc2cnc(-c3cc(N4CCN(C)CC4)cc(C(F)(F)F)c3)nc2c1,106.0,6.97,1,496.493
Nc1n[nH]c2cccc(-c3ccc(NC(=O)Nc4cccc(Br)c4)cc3)c12,106.0,6.97,1,422.286
O=C(CCCCCN1C/C=C/CCOc2cccc(c2)-c2ccnc(n2)Nc2cccc(c2)C1)NO,108.0,6.97,1,487.604
C1=C/CNCc2cccc(c2)Nc2nccc(n2)-c2cccc(c2)OCC/1,110.0,6.96,1,358.445
CCCC(C)Nc1ncc2c(-c3ccc(CN4CCN(C)CC4)cc3)cn([C@H]3CC[C@H](O)CC3)c2n1,109.0,6.96,1,490.696
CCCCNc1ncc(C(=O)NC2CCN(CCCF)CC2)c(N[C@H]2CC[C@H](O)CC2)n1,110.0,6.96,1,450.603
CCCCS(=O)(=O)Nc1cccc(-c2cc(Nc3cc(N4CCN(C)CC4)nc(C)n3)[nH]n2)c1,110.0,6.96,1,484.63
CN(C)C(=O)c1ccc(NC(=O)c2n[nH]c3ccccc23)cc1,110.0,6.96,1,308.341
COc1cc(O)c2c(c1)-c1cccc(c1)[C@H](O)[C@@H](O)C(=O)/C=C\C[C@H](C)OC2=O,110.0,6.96,1,398.411
COc1cc2nn(CC(=O)N3CCOCC3)cc2cc1NC(=O)c1cccc(C(F)(F)F)n1,111.0,6.96,1,463.416
COc1cc2nn(CC(=O)N3CCOCC3)cc2cc1NC(=O)c1cccc(N2CCOCC2)n1,110.0,6.96,1,480.525
COc1cccc(C(=O)Nc2sc3c(c2C(N)=O)CCCC3)c1,110.0,6.96,1,330.409
Cn1cc(-c2ccn3c(-c4ccc(-c5cnn(C)c5)s4)cnc3c2)cn1,110.0,6.96,1,360.446
FC(F)(F)CN1C/C=C/CCOc2cccc(c2)-c2ccnc(n2)Nc2ccc(OCCN3CCCC3)c(c2)C1,110.0,6.96,1,553.629
NC(=O)c1c(NC(=O)c2ccncc2)sc2c1CCCC2,110.0,6.96,1,301.371
Oc1ccc(-c2ccc3c(-c4ccc(N5CCNCC5)cc4)c[nH]c3n2)cc1,111.0,6.96,1,370.456
CC(C)=CCn1cc(-c2ccc(NC(=O)Nc3cc(C(C)(C)C)on3)cc2)c2c(N)ncnc21,113.0,6.95,1,459.554
CCCCNc1ncc(C(=O)NC2CCOCC2)c(NC2CCC(O)CC2)n1,113.0,6.95,1,391.516
COc1ccc(C(=O)NC(=O)Nc2ccc3c(c2)NC(=O)/C3=C\c2[nH]c(C)c(C(=O)O)c2C)c(F)c1,111.1,6.95,1,492.463
Cc1cc(Nc2cc(N3CCN(C)CC3)nc(Nc3ccc(CC(=O)Nc4cccc(F)c4)cc3)n2)[nH]n1,112.95,6.95,1,515.597
O=C(Nc1ccc(C(=O)N2CCCCC2)cc1)c1n[nH]c2ccccc12,113.0,6.95,1,348.406
O=C1Nc2ccc([N+](=O)[O-])cc2/C1=C1/Nc2ccc(F)cc2/C1=N\OCCN1CCCC1,112.0,6.95,1,437.431
CCC(=O)Nc1ccc(-n2c(=O)cnc3cnc(Nc4ccc(OC)cc4)nc32)cc1,115.0,6.94,1,416.441
CCCCNc1ncc(C(=O)NCC2CCN(C(C)=O)CC2)c(N[C@H]2CC[C@H](O)CC2)n1,114.0,6.94,1,446.596
CN(C)c1cc(-c2ccc3nc(Nc4cc(CN5CCN(C(=O)CC(F)(F)F)CC5)ccn4)[nH]c3c2)ncn1,114.0,6.94,1,539.566
CNC(=O)c1cc(C)cc(-c2cnc3cc(-c4cnn(C(C)C)c4)c(O[C@H]4CCOC4)nn23)c1,114.0,6.94,1,460.538
Cl.O=C1Nc2ccc(F)cc2/C1=C1/Nc2ccc(F)cc2/C1=N\OCCN1CCCC1,116.0,6.94,1,446.885
O=C1Nc2ccc(F)cc2/C1=C1/Nc2ccc(F)cc2/C1=N\OCCN1CCCC1,116.0,6.94,1,410.424
C=CC(=O)Nc1ccc(-n2c(=O)cnc3cnc(Nc4ccc(OC)cc4)nc32)cc1,118.0,6.93,1,414.425
CC1=CC(=O)N(Nc2nc(-c3cccs3)nc3sc(C#N)c(C)c23)C1=O,118.2,6.93,1,381.442
Cc1cn(-c2cc(F)cc(NC(=O)c3ccc(C)c(Nc4nccc(-c5cccnc5)n4)c3)c2)cn1,117.8,6.93,1,479.519
C=CC(=O)Nc1cccc(Nc2ncc3ncc(=O)n(-c4ccc(OC)cc4)c3n2)c1,119.0,6.92,1,414.425
CCCCNc1ncc(C(=O)NC2CCN(CCF)CC2)c(N[C@H]2CC[C@H](O)CC2)n1,120.0,6.92,1,436.576
CCCCNc1ncc(C(=O)NCC(=O)N2CCCCC2)c(N[C@H]2CC[C@H](O)CC2)n1,120.0,6.92,1,432.569
CCCCNc1ncc(C(=O)NCc2ccc(N3CCOCC3)cc2)c(N[C@H]2CC[C@H](O)CC2)n1,121.0,6.92,1,482.629
CCC[C@H](C)Nc1ncc2c(C3CCN(C(=O)c4ccnc(C)c4)CC3)cn([C@H]3CC[C@H](O)CC3)c2n1,120.0,6.92,1,504.679
CN1C/C=C/COCc2ccc(o2)-c2ccnc(n2)Nc2ccc(OCCN3CCCC3)c(c2)C1,120.0,6.92,1,475.593
CN1CCN(Cc2ccc(/C=C/c3n[nH]c4cc([C@@H]5C[C@@]56C(=O)Nc5ccccc56)ccc34)cc2)CC1,120.0,6.92,1,489.623
CN1CCN(c2ccc(-c3c(-c4cc(F)c(O)c(F)c4)cnc4[nH]ccc34)cc2)CC1,120.0,6.92,1,420.463
CN1CCN(c2ccc(C(=O)Nc3cc(-c4cccc(NS(=O)(=O)c5ccc(Cl)cc5)c4)n[nH]3)cc2)CC1,120.0,6.92,1,551.072
COc1ccc(C(=O)Nc2sc3c(c2C(N)=O)CCCC3)cc1,120.0,6.92,1,330.409
COc1ccn2c(-c3cccc(NC4CNC4)n3)cnc2c1,120.0,6.92,1,295.346
CS(=O)(=O)c1ccc(-c2ccn3c(-c4ccc(-c5ccoc5)s4)cnc3c2)cc1,120.0,6.92,1,420.515
Cc1cccc(NC(=O)Nc2ccc(-c3ccc(OCCN4CCCC4)c4[nH]nc(N)c34)cc2)c1,120.0,6.92,1,470.577
Cc1cccc(S(=O)(=O)Nc2cccc(-c3cc(Nc4cc(N5CCN(C)CC5)nc(C)n4)[nH]n3)c2)c1,120.0,6.92,1,518.647
Cn1cc(-c2ccc(-c3cnc4cc(-c5ccc(S(C)(=O)=O)cc5)ccn34)s2)cn1,120.0,6.92,1,434.546
NS(=O)(=O)c1ccc(Nc2ncc(-c3ccc(=O)[nH]c3)o2)cc1,120.0,6.92,1,332.341
O=C(Nc1ccc(F)cc1F)c1cccnc1Nc1ccc(Oc2ccnc3[nH]ccc23)c(F)c1,120.0,6.92,1,475.43
O=C1Nc2ccccc2C1=Cc1ccc2c(-c3ccncc3)n[nH]c2c1,120.0,6.92,1,338.37
COc1cc(C2=C(c3c[nH]c4ccccc34)C(=O)NC2=O)cc(OC)c1OC,218.0,6.9175,1,378.384
CO[C@@H]1[C@H](N(C)C(=O)c2ccccc2)C[C@H]2O[C@]1(C)n1c3ccccc3c3c4c(c5c6ccccc6n2c5c31)C(=O)NC4,132.0,6.912857142857143,1,570.649
CC1=CC(=O)N(Nc2nc(-c3cccs3)nc3sc(-c4ccc(F)cc4)cc23)C1=O,124.0,6.91,1,436.493
CCCCNc1ncc(-c2cn(C)cn2)c(N[C@H]2CC[C@H](O)CC2)n1,124.0,6.91,1,344.463
CCCCNc1ncc(C(=O)NCC2CCN(C3CCCCC3)CC2)c(N[C@H]2CC[C@H](O)CC2)n1,123.0,6.91,1,486.705
CCCCNc1ncc(C(=O)NCc2ccc(C3=CCCCC3)nc2)c(N[C@H]2CC[C@H](O)CC2)n1,124.0,6.91,1,478.641
CCc1ccccc1C(=O)Nc1n[nH]c2c(C)c(F)c(C3C(C#N)=C(C)N(C)C(C)=C3C#N)cc12,124.0,6.91,1,468.536
CN1CCC(Nc2ccc(-c3n[nH]c4c3CN(S(=O)(=O)c3c(Cl)cccc3Cl)CC4)cc2)CC1,124.0,6.91,1,520.486
CNc1nccn2c(-c3ccnc(N4CCOCC4)n3)cnc12,122.0,6.91,1,311.349
Cc1cc(Nc2cc3c(cn2)ncc(=O)n3-c2ccc(N)cc2)ncc1N1CCN(S(C)(=O)=O)CC1,122.0,6.91,1,506.592
Fc1cc(F)c(-c2cnc3ccc(Cl)cn23)nc1NC1CNC1,126.0,6.91,1,335.745
O=C(Nc1ccccc1)c1ccc(Nc2ncc(C(F)(F)F)c(NCC3CCNCC3)n2)cn1,124.25,6.91,1,471.487
CC(C)(O)[C@H]1CC[C@H](Nc2ccn3ncc(-c4cccc(Cl)c4)c3n2)CC1,125.0,6.9,1,384.911
COc1ccc(Nc2ncc3ncc(=O)n(-c4ccc(NC(C)=O)cc4)c3n2)cc1,127.0,6.9,1,402.414
FC(F)(F)Oc1cccc(-n2nnc3cc(Cl)c(NCC4CCNCC4)nc32)c1,125.0,6.9,1,426.83
CCCCNc1ncc(C(=O)NCC2CCN(c3ccccc3)CC2)c(N[C@H]2CC[C@H](O)CC2)n1,130.0,6.89,1,480.657
CN1CCC(NC(=O)[C@H]2CC[C@H](NC(=O)c3cnc4nc3Nc3ccc(C#N)c(c3)OC/C=C\CN4)CC2)CC1,130.0,6.89,1,544.66
CN1CCN(Cc2ccc(-c3cn4c5nc(ncc35)NCCCCNC(=O)[C@@H](N)CCCC4)cc2)CC1,130.0,6.89,1,504.683
COc1cc(-c2csc3ncnc(N)c23)ccc1NC(=O)Nc1cccc(C)c1,130.0,6.89,1,405.483
COc1cc2c(N3CCN(C(=O)Nc4ccc(OC(C)C)cc4)CC3)ncnc2cc1OCCCN1CCC(C)CC1,128.0,6.89,1,576.742
COc1ccc(/C=C/C(=O)Nc2sc3c(c2C(N)=O)CCCC3)cc1OC,130.0,6.89,1,386.473
Cc1cc(/C=C2\C(=O)Nc3ccc(F)cc32)c2cccccc1-2,128.0,6.89,1,303.336
Cl.O=C1Nc2ccccc2/C1=C1/Nc2ccccc2/C1=N\OCCN1CCCCC1,128.0,6.89,1,424.932
NS(=O)(=O)c1ccc(Nc2ncc(-c3ccc(O)c(O)c3)o2)cc1,130.0,6.89,1,347.352
Nc1ccc2c(c1)/C(=C1/Nc3ccccc3/C1=N\O)C(=O)N2,128.0,6.89,1,292.298
Nc1onc2nc(-c3ccccc3)cc(-c3ccc(NC(=O)Nc4cccc(Cl)c4)cc3)c12,128.0,6.89,1,455.905
C=CC(=O)Nc1cc(Nc2ncc(Cl)c(O[C@@H]3CO[C@H]4[C@@H]3OC[C@H]4OC)n2)ccc1N(C)CCN(C)C,132.0,6.88,1,533.029
CC1=CC(=O)N(Nc2nc(-c3cccs3)nc3sc(C(N)=O)c(C)c23)C1=O,131.0,6.88,1,399.457
CC1=CC(=O)N(Nc2nc(-c3cccs3)nc3scc(-c4cccc(OCCN5CCCCC5)c4)c23)C1=O.Cl,133.0,6.88,1,582.151
CCCCNc1ncc(-c2ccc(C(=O)NC3CCN(C)CC3)o2)c(NC2CCC(O)CC2)n1,131.0,6.88,1,470.618
CCCCNc1ncc(C(=O)NCc2ccc(-c3ccc(OC)cc3)nc2)c(N[C@H]2CC[C@H](O)CC2)n1,133.0,6.88,1,504.635
CN(C)c1ccc(C(=O)NC(=O)Nc2ccc3c(c2)NC(=O)/C3=C\c2ccc[nH]2)cc1,133.5,6.88,1,415.453
CN1CCN(C2CCN(C(=O)c3ccc(Nc4ncc(C(F)(F)F)c(NCC5CCNCC5)n4)cn3)CC2)CC1,133.5,6.88,1,561.657
COc1cc(C2=C(c3c[nH]c4ncccc34)C(=O)NC2=O)cc(OC)c1OC,132.0,6.88,1,379.372
COc1cc2nn(CC(=O)N3CCOCC3)cc2cc1NC(=O)c1cccc(C(C)O)n1,133.0,6.88,1,439.472
CC1=CC(=O)N(Nc2nc(-c3ccc[nH]3)nc3sc(C)cc23)C1=O,135.2,6.87,1,339.38
CCCCNc1ncc(C(=O)Nc2ccc(CCCC)cc2)c(N[C@H]2CC[C@H](O)CC2)n1,135.0,6.87,1,439.604
CN1CCC(Nc2ccc(C(=O)Nc3n[nH]c4cc(Oc5ccccc5)ccc34)cc2)CC1,136.1,6.87,1,441.535
CN1CCN(Cc2nc3ccc(Nc4ncc(Cl)c(Nc5ccccc5NS(C)(=O)=O)n4)cc3[nH]2)CC1,134.7,6.87,1,542.069
COc1cc2c(Oc3ccc(NC(=O)c4[nH]c(=O)n(-c5ccccc5Cl)c4C)cc3F)ccnc2cc1OCCCN1CCN(C)CC1,134.0,6.87,1,675.161
Cc1ccc(C2=Nc3c(N)ncnc3NCC2)cc1NC(=O)Nc1cccc(C(F)(F)F)c1,135.0,6.87,1,455.444
Cc1ccccc1Nc1nc(NCCc2ccncc2)ncc1-c1nnc(C2CC2)o1,134.0,6.87,1,413.485
Cc1n[nH]c2ccc(-c3cncc(OC[C@@H](N)Cc4ccccc4)c3)cc12,134.0,6.87,1,358.445
Cn1cc(Nc2ncc(Cl)c(NC3CC4CN(S(C)(=O)=O)CC4C3)n2)cn1,134.0,6.87,1,411.919
O=C(Nc1n[nH]c2cc(OCCOCc3ccccc3)ccc12)c1ccc(N2CC(N3CCCC3)C2)cc1,136.0,6.87,1,511.626
COc1ccc2c(c1)[C@]1(C[C@H]1c1ccc3c(-c4ccc(N5CCN(C)CC5)nc4)n[nH]c3c1)C(=O)N2,100.0,6.863333333333333,1,480.572
CC1(COc2ccc(Nc3ncc(C(F)(F)F)c(N4CCC(N)CC4)n3)cc2)COC1,138.1,6.86,1,437.466
CCCCNc1ncc(C(=O)NCC2CCN(C)CC2)c(NC2CCC(O)CC2)n1,138.0,6.86,1,418.586
CCCCNc1ncc(C(=O)NCc2ccccn2)c(NC2CCC(O)CC2)n1,137.0,6.86,1,398.511
NC(=O)c1cnc(N[C@@H]2CCCC[C@@H]2N)nc1Nc1cccc(-n2nccn2)c1,139.0,6.86,1,393.455
O=C(Nc1ccc(-c2ccnc(Nc3ccc(N4CCOCC4)cc3)n2)cc1)[C@H]1CCCN1,139.7,6.86,1,444.539
CC(C)NC(=O)c1cnc2nc1Nc1ccc(N)c(c1)OC/C=C\CCCN2,140.0,6.85,1,382.468
CC(C)NCC(=O)N1C/C=C/CCOc2cccc(c2)-c2ccnc(n2)Nc2cccc(c2)C1,140.0,6.85,1,457.578
CCCCNc1ncc(C(=O)NCc2cncnc2)c(N[C@H]2CC[C@H](O)CC2)n1,142.0,6.85,1,399.499
CCN(CC)CCNC(=O)[C@H]1CC[C@H](NC(=O)c2cnc3nc2Nc2ccc(C#N)c(c2)OC/C=C\CN3)CC1,140.0,6.85,1,546.676
CCS(=O)(=O)CNc1cc2cc(c1)Nc1nccc(n1)-c1cccc(c1)OCC/C=C/CN(C)C2,140.0,6.85,1,493.633
CN1CCN(c2ccc(C(=O)Nc3cc(-c4ccc(CNS(=O)(=O)c5ccccc5)cc4)n[nH]3)cc2)CC1,140.0,6.85,1,530.654
COc1cc(NC(=O)Nc2cccc(C)c2)ccc1-c1csc2ncnc(N)c12,140.0,6.85,1,405.483
COc1ccc(C(=O)Nc2sc(C)c(C)c2C(N)=O)cc1OC,140.0,6.85,1,334.397
C[C@@H](Oc1cc(-c2ccc3c(c2)CNCC3)cc2ncccc12)[C@H]1CNC(=O)C1,140.0,6.85,1,387.483
Cc1cccc(C(=O)Nc2sc3c(c2C(N)=O)CCCC3)c1,140.0,6.85,1,314.41
Cc1noc(C)c1-c1cn2c(-c3cccc(NC4CCNC4)n3)cnc2cc1CO,140.0,6.85,1,404.474
Cl.O=C1Nc2ccc(F)cc2/C1=C1/Nc2ccccc2/C1=N\OCCN1CCCCC1,142.0,6.85,1,442.922
Cn1cc(-c2ccc(CNc3cc(-c4cnc5cc(OCCCN6CCCC6)ccn45)ncn3)cc2)cn1,141.0,6.85,1,508.63
NC(=O)c1c(NC(=O)c2ccc3c(c2)OCO3)sc2c1CCCC2,140.0,6.85,1,344.392
Nc1ccc2cc1OC/C=C/CNc1ncc(-c3ccccn3)c(n1)N2,140.0,6.85,1,346.394
Nc1ncc(-c2nc(N3CCC3)ccc2C(F)(F)F)nc1C(=O)Nc1ncccc1N1CCC(N)CC1,140.0,6.85,1,513.528
O=C1CCCN1CCOc1ccc2cc1COCC=CCOCc1cccc(c1)-c1ccnc(n1)N2,140.0,6.85,1,486.572
O=C1Nc2ccc(F)cc2/C1=C1/Nc2ccccc2/C1=N\OCCN1CCCCC1,142.0,6.85,1,406.461
O=C1Nc2ccccc2/C1=C/c1ccc2cn[nH]c2c1,140.0,6.85,1,261.284
CC(C)Oc1ccc(NC(=O)N2CCN(c3ncnc(N)c3/C=N/OCCNS(C)(=O)=O)CC2)cc1,146.0,6.84,1,520.616
CCCCNc1ncc(C(=O)NCc2cc3ccccc3o2)c(N[C@H]2CC[C@H](O)CC2)n1,146.0,6.84,1,437.544
CCCCNc1ncc(C(=O)NCc2ccc(-n3cnc(-c4ccccc4)c3)cc2)c(N[C@H]2CC[C@H](O)CC2)n1,143.0,6.84,1,539.684
COc1cc2c3cnc(Nc4ccc5c(n4)CCN(C(=O)CO)C5)nc3n([C@H]3CC[C@H](C)CC3)c2cn1,144.0,6.84,1,501.591
Nc1ncnc2c1N=C(c1cccc(NC(=O)Nc3cccc(C(F)(F)F)c3)c1)CCN2,145.0,6.84,1,441.417
C=CC(=O)Nc1ccc(-n2c(=O)cnc3cnc(Nc4ccccc4)nc32)cc1,147.0,6.835,1,384.399
CC(C)OC(=O)c1c(O)cc(OCCCN2CCOCC2)cc1/C=C/CN1C(=O)C=CC1=O,150.0,6.82,1,458.511
CCCCNc1ncc(-c2cc(Nc3cccc(C(C)C)c3)ncn2)c(N[C@H]2CC[C@H](O)CC2)n1,150.0,6.82,1,475.641
CCC[C@H](C)Nc1ncc2c(C3CCN(C(=O)c4ccncc4)CC3)cn([C@H]3CC[C@H](O)CC3)c2n1,150.0,6.82,1,490.652
CCS(=O)(=O)N1CCN(c2ccc3cc2COCC=CCOCc2cccc(c2)-c2ccnc(n2)N3)CC1,150.0,6.82,1,535.67
CN1C/C=C/CCOc2cccc(c2)-c2ccnc(n2)Nc2ccc(OCC(=O)N3CCCC3)c(c2)C1,150.0,6.82,1,499.615
COCC(=O)Nc1cccc2c1Cc1c-2n[nH]c1-c1csc(C#CCOc2ccccc2)c1,153.0,6.82,1,455.539
COc1ccc2c(c1)[C@]1(C[C@H]1c1ccc3c(/C=C/c4cc(F)c(CN5CCOCC5)c(F)c4)n[nH]c3c1)C(=O)N2,150.0,6.82,1,542.586
CS(=O)(=O)NCCO/N=C/c1c(N)ncnc1N1CCN(C(=O)Nc2ccc(N3CCCC3)cc2)CC1,150.0,6.82,1,531.643
O=C1Nc2ccc(Cl)cc2/C1=C\c1ccc(-c2cccc(C(=O)N3CCCNCC3)c2)o1,150.0,6.82,1,447.922
c1cc2c(ncc3ccc(C4CCCCC4)n32)[nH]1,150.0,6.82,1,239.322
C=CC(=O)Nc1ccc(-n2c(=O)cnc3cnc(Nc4ccc(N5CCOCC5)cc4)nc32)cc1,155.0,6.8100000000000005,1,469.505
CCCCNc1ncc(C(=O)NCc2ccc(-n3ccnc3-c3ccccc3)cc2)c(N[C@H]2CC[C@H](O)CC2)n1,155.0,6.81,1,539.684
CN(/N=C/c1cnn2ccc(Cl)nc12)S(=O)(=O)c1cccc([N+](=O)[O-])c1,154.0,6.81,1,394.8
CNC(=O)c1cc(F)c(F)c(-c2cnc3cc(-c4cnn(C)c4)c(O[C@H]4CCOC4)nn23)c1,155.0,6.81,1,454.437
COc1cc2c(Oc3ccc(Nc4nn(C)cc4C(=O)NC4CCCCC4)cc3F)ccnc2cc1OCCCN1CCOCC1,155.8,6.81,1,632.737
Clc1cc2ncc(-c3cccc(NC4CNC4)n3)n2cc1Cl,154.0,6.81,1,334.21
CC(C)NC(=O)c1cnc2nc1Nc1ccc(N)c(c1)OC/C=C/CCCN2,160.0,6.8,1,382.468
CC(C)NC(=O)c1cnc2nc1Nc1cccc(c1)OC/C=C\CN2,160.0,6.8,1,339.399
CC(C)S(=O)(=O)Nc1cccc(-c2cc(NC(=O)c3ccc(N4CCN(C)CC4)cc3)[nH]n2)c1,160.0,6.8,1,482.61
CCCCNc1ncc(-c2cc(Nc3cccc(C(C)(C)C)c3)ncn2)c(N[C@H]2CC[C@H](O)CC2)n1,160.0,6.8,1,489.668
CN(c1ccn2ncc(C(=O)Nc3ccc(N4CCOCC4)cc3C(F)(F)F)c2n1)[C@@H]1CCCNC1,159.6,6.8,1,503.529
CN1C/C=C/CCOc2cccc(c2)-c2ccnc(n2)Nc2ccc(OC(F)(F)F)c(c2)C1,160.0,6.8,1,456.468
CN1CCN(Cc2ccc(-c3cn4c5nc(ncc35)NCCCCNC(=O)CCC4)cc2)CC1,160.0,6.8,1,461.614
Cc1cc(C)c(/C=C2\C(=O)Nc3ccccc32)[nH]1,160.0,6.8,1,238.29
Cc1ccc(-c2cnc3cc(-c4ccco4)ccn23)cc1,160.0,6.8,1,274.323
Cc1ccc2cc1OC/C=C\CNc1ncc(C(=O)N[C@H]3CC[C@H](C(=O)NC4CCN(C)CC4)CC3)c(n1)N2,160.0,6.8,1,533.677
Cn1cc(-c2ccn3c(-c4ccc(-c5cccc(F)c5)s4)cnc3c2)cn1,160.0,6.8,1,374.444
Nc1n[nH]c2cccc(-c3ccc(NC(=O)Nc4ccccc4F)cc3)c12,157.0,6.8,1,361.38
O[C@H]1CC[C@H](Nc2ccn3ncc(-c4cccc(OC(F)(F)F)c4)c3n2)CC1,157.0,6.8,1,392.381
O=C(O)c1ccc2c(c1)nc(Nc1cccc(Cl)c1)c1ccncc12,45.0,6.795,1,349.777
CCCC[C@H](C)Nc1ncc2c(-c3ccc(CN4CCN(C)CC4)cc3)cn([C@H]3CC[C@H](O)CC3)c2n1,162.0,6.79,1,504.723
CCN1CCN(c2cc(Nc3ncc(-c4cncnc4)s3)nc(C)n2)CC1.Cl,163.0,6.79,1,418.958
CN1CCN(c2ccc(C(=O)Nc3n[nH]c4ccc(Cc5cc(F)cc(F)c5)cc34)c(NC3CCOCC3)c2)CC1,164.0,6.79,1,560.649
Cc1nn(C)cc1-c1nc2c(Oc3ccc(C(=O)Nc4ccccc4)cc3)c(Cl)cnc2[nH]1,162.0,6.79,1,458.909
O=C(Nc1n[nH]c2cc(OCCOCc3ccccc3)ccc12)c1ccc(N2CCOCC2)cc1,162.0,6.79,1,472.545
O=C(Nc1n[nH]c2cc(OCCOCc3ccccc3)ccc12)c1cccc(N2CCOCC2)c1,162.0,6.79,1,472.545
C=CC(=O)Nc1ccc(-n2c(=O)cnc3cnc(Nc4ccc(N5CCN(C)CC5)cc4OC)nc32)cc1,166.5,6.785,1,512.574
CC1=CC(=O)N(Nc2nc(-c3cccs3)nc3sc(CO)c(C)c23)C1=O,165.5,6.785,1,386.458
CC(=O)N1CCN(c2cnc(Nc3cc4c(cn3)ncc(=O)n4-c3ccc(N)cc3)cc2C)CC1,166.0,6.78,1,470.537
CC(C)Nc1nccc(-c2cnc3c(NCCO)nccn23)n1,166.0,6.78,1,313.365
CN1CCN(c2ccc(C(=O)Nc3n[nH]c4cc(OCCOCc5ccccc5F)ccc34)cc2)CC1,166.0,6.78,1,503.578
COc1cc2ncc(-c3cccc(OC4CCNC4)n3)n2cc1-c1cn[nH]c1,166.0,6.78,1,376.42
COc1ccc(Nc2ncc3ncc(=O)n(-c4ccc(NC(=O)/C=C/CN(C)C)cc4)c3n2)cc1,168.0,6.78,1,471.521
Nc1ncnc(N2CCN(C(=O)Nc3ccc(N4CCCC4)cc3)CC2)c1/C=N/OCCN1CCOCC1,165.0,6.78,1,523.642
CC1=CC(=O)N(Nc2nc(-c3ccco3)nc3sc(C)cc23)C1=O,170.7,6.77,1,340.364
CN1CCC(n2cc(Nc3nc(OC4(C)CC4)c4nc(-c5cnn(C)c5)ccc4n3)cn2)CC1,170.0,6.77,1,459.558
C[C@@]1(C(=O)Nc2ccc(F)nc2)CCCN1c1nc(Nc2cc(C3CC3)n[nH]2)c2cccn2n1,170.0,6.77,1,461.505
Cc1ccc2cc1OC/C=C\CNc1ncc(C(=O)NC(C)C)c(n1)N2,170.0,6.77,1,353.426
NC(=O)c1c(NC(=O)c2ccco2)sc2c1CCCC2,170.0,6.77,1,290.344
O=C(c1cc2cc(O)ccc2[nH]1)c1cc2cc(F)ccc2[nH]1,170.0,6.77,1,294.285
Oc1ccc2cc1COCC=CCOCc1cccc(c1)-c1ccnc(n1)N2,170.0,6.77,1,375.428
CC(C)Cc1noc(-c2ccc3nc(Nc4cc(CN5CCN(C(=O)CC(F)(F)F)CC5)ccn4)[nH]c3c2)n1,173.0,6.76,1,542.566
CC1=CC(=O)N(Nc2nc(-c3cccs3)nc3scc(-c4cccc(OCCN(C)C)c4)c23)C1=O.Cl,175.0,6.76,1,542.086
CC1=CC(=O)N(Nc2nc(-c3cccs3)nc3sccc23)C1=O,175.0,6.76,1,342.405
COc1cc(CCc2cc(-c3nc4ccc(N5CCN(C)CC5)cc4[nH]3)n[nH]2)cc(OC)c1,172.6,6.76,1,446.555
Cc1cc(C)cc(Nc2nccc(-c3cc(C(=O)N[C@@H](C)CN4CCCC4)n(C)n3)n2)c1,173.0,6.76,1,433.56
Cc1ccc(F)c(NC(=O)Nc2ccc(-c3ccc(F)c4onc(N)c34)cc2)c1,173.0,6.76,1,394.381
C1=C/COCc2cc(ccc2OCCN2CCCC2)Nc2nccc(n2)-c2cc(co2)COC/1,180.0,6.75,1,462.55
CC(C)(O)[C@H](F)CN1Cc2cc(NC(=O)c3cnn4cccnc34)c(N3CCOCC3)cc2C1=O,177.0,6.75,1,482.516
CC(C)NC(=O)c1cnc2nc1Nc1cc(C#N)cc(c1)OC/C=C\CN2,180.0,6.75,1,364.409
CC(C)n1c2c(c3c1-c1ccccc1C3=O)C(=O)CCC2=O,180.0,6.75,1,293.322
COc1ccc(C(=O)NC(=O)Nc2ccc3c(c2)NC(=O)/C3=C\c2[nH]c(C)c(C(=O)O)c2C)cc1,179.8,6.75,1,474.473
COc1ccc(NC(=O)Nc2ccc(-c3cc(-c4ccccc4)nc4noc(N)c34)cc2)cc1,177.0,6.75,1,451.486
COc1ccc2c(c1)/C(=C\c1ccc3c(/C=C/c4ccc(N5CCN(C)CC5)nc4)n[nH]c3c1)C(=O)N2,180.0,6.75,1,492.583
Cc1cc(/C=C2/C(=O)Nc3c(F)cccc32)c2ccccc(OCCCN(C)C)c1-2,177.0,6.75,1,404.485
NCCCNc1nc(Nc2ccc3c(c2)OCO3)ncc1C(F)(F)F,179.6,6.75,1,355.32
O=C(CCCCN1C/C=C/CCOc2cccc(c2)-c2ccnc(n2)Nc2cccc(c2)C1)NO,180.0,6.75,1,473.577
CC(C)NC(=O)c1cnc2nc1Nc1ccnc(c1)OC/C=C\CN2,182.0,6.74,1,340.387
CCCCNc1ncc(C(=O)NCc2ccc(N(C)C)cc2)c(NC2CCC(O)CC2)n1,181.0,6.74,1,440.592
CCCCNc1ncc(C(=O)NCc2cccc(N3CCCC3)c2)c(N[C@H]2CC[C@H](O)CC2)n1,183.0,6.74,1,466.63
COc1cc(Nc2nccc(-c3cc(C(=O)N[C@@H](C)CN4CCC4)n(C)n3)n2)cc(OC)c1,182.0,6.74,1,451.531
NC(=O)c1ccc(Nc2ncc(C(F)(F)F)c(NCC3CCOCC3)n2)cn1,181.3,6.74,1,396.373
COc1cc(C2=C(c3c[nH]c4cnccc34)C(=O)NC2=O)cc(OC)c1OC,960.0,6.734999999999999,1,379.372
CCCCNc1ncc(C(=O)NCc2ccc(-c3cncnc3)nc2)c(N[C@H]2CC[C@H](O)CC2)n1,185.0,6.73,1,476.585
COc1cc(O)c2c(c1)CCC[C@H](O)[C@H](O)C(=O)CCC[C@H](C)OC2=O,188.0,6.73,1,366.41
CS(=O)(=O)Nc1ccccc1Nc1nc(Nc2ccc3nc(CN4CCCCC4)[nH]c3c2)ncc1Cl,185.5,6.73,1,527.054
Cc1cc(Nc2cc3c(cn2)ncc(=O)n3-c2ccc(N)cc2)ncc1N1CCSCC1,185.0,6.73,1,445.552
CC(C)CN1C/C=C/CCOc2cccc(c2)-c2ccnc(n2)Nc2cccc(c2)C1,190.0,6.72,1,414.553
CC1(C)CC=C(c2nc(C3CC(C)(C)OC(C)(C)C3)ccc2NC(=O)c2nc(C#N)c[nH]2)CC1,190.0,6.72,1,461.61
CC1=CC(=O)N(Nc2nc(-c3cccs3)nc3sc(-c4ccc(OCCNCCC#N)cc4)c(C)c23)C1=O.Cl,191.4,6.72,1,581.123
CCCCNc1ncc(C(=O)NCc2ccc(C(F)(F)F)cc2)c(NC2CCC(O)CC2)n1,190.0,6.72,1,465.52
CCC[C@H](C)Nc1ncc2c(-c3ccc(S(=O)(=O)N4CCN(C)CC4)cc3F)cn([C@H]3CC[C@H](O)CC3)c2n1,189.0,6.72,1,558.724
CNc1nc(Nc2ccc(C(N)=O)nc2)ncc1C(F)(F)F,190.3,6.72,1,312.255
COc1ccc2cc1COC/C=C/COCc1cccc(c1)-c1ccnc(n1)N2,190.0,6.72,1,389.455
COc1ccc2cc1COCC=CCOCc1cccc(c1)-c1ccnc(n1)N2,190.0,6.72,1,389.455
Cc1cccc(NC(=O)Nc2ccc(-c3cc(-c4ccccc4)nc4noc(N)c34)cc2)c1,191.0,6.72,1,435.487
N#CCc1ccc(-c2cnc3cc(-c4ccco4)ccn23)cc1,190.0,6.72,1,299.333
CCCCNc1ncc(C(=O)NCc2ccc(-n3cccc3)cc2)c(N[C@H]2CC[C@H](O)CC2)n1,197.0,6.71,1,462.598
COc1ccc2c(Nc3c[nH]nc3C(=O)Nc3ccc(CN4CCN(C)CC4)cc3)ccnc2c1,197.0,6.71,1,471.565
Cc1cc(Nc2cc3c(cn2)ncc(=O)n3-c2ccc(N)cc2)ncc1N1CCC(O)CC1,193.0,6.71,1,443.511
Cn1nc(C(N)=O)c2c1-c1nc(Nc3cc(N4CCNCC4)ccc3OC(F)(F)F)ncc1CC2,194.0,6.71,1,488.474
O=C(Nc1ccncc1)c1ccc(Nc2ncc(C(F)(F)F)c(NCC3CCNCC3)n2)cn1,196.65,6.71,1,472.475
Cc1nc(Nc2n[nH]c3c2CN(C(=O)N[C@H](CN(C)C)c2ccccc2)C3(C)C)c2sccc2n1,251.5,6.705,1,490.637
Cc1cnc(Nc2ccc(OCCN3CCCC3)cc2)nc1Nc1cccc(S(=O)(=O)NC(C)(C)C)c1,381.2,6.702727272727273,1,524.691
CCC(CC)CNc1ncc2c(-c3ccc(CN4CCN(C)CC4)cc3)cn([C@H]3CC[C@H](O)CC3)c2n1,202.0,6.7,1,504.723
CCC[C@H](C)Nc1ncc2c(C3CCN(CC4CCNCC4)CC3)cn([C@H]3CC[C@H](O)CC3)c2n1,200.0,6.7,1,482.717
CCn1cc(NC(=O)Cc2ccc(Oc3ccnc4cc(OC)c(OC)cc34)cc2OC)cn1,200.0,6.7,1,462.506
CCn1cc(NC(=O)Cc2ccc(Oc3ncnc4cc(OC)c(OC)cc34)c(OC)c2)cn1,200.0,6.7,1,463.494
CN1CCN(c2ccc(-c3n[nH]c4cc([C@@H]5C[C@@]56C(=O)Nc5ccccc56)ccc34)cn2)CC1,200.0,6.7,1,450.546
COc1cc2c(N3CCN(C(=O)Nc4ccc(OC(C)C)cc4)CC3)ncnc2cc1OCCCN1CCCCC1C,200.0,6.7,1,576.742
COc1ccc(C(=O)NC(=O)Nc2ccc3c(c2)/C(=C/c2ccc[nH]2)C(=O)N3)cc1,201.1,6.7,1,402.41
COc1ccc2c(c1)[C@]1(C[C@H]1c1ccc3c(-c4ccc(C5(F)CCN(C)CC5)cc4)n[nH]c3c1)C(=O)N2,200.0,6.7,1,496.586
Cc1cc(-c2c(C)nn(C)c2C)cnc1-c1nnc(N(C)Cc2ccc3ncc(-c4cnn(CCN(C)C)c4)n3c2)o1,199.53,6.7,1,565.686
Cc1nn(C)c(C)c1-c1ccc(-c2nnc(N(C)Cc3ccc4nccn4c3)o2)cc1,199.53,6.7,1,413.485
Cn1cc(-c2ccn3c(-c4ccc(-c5ccc(Cl)cc5)s4)cnc3c2)cn1,200.0,6.7,1,390.899
CN(C)Cc1nc2ccc(Nc3ncc(Cl)c(Nc4ccccc4C(=O)N(C)C)n3)cc2[nH]1,200.0,6.698970004336019,1,464.961
CN(C)Cc1nc2ccc(Nc3ncc(Cl)c(Nc4ccccc4NS(C)(=O)=O)n3)cc2[nH]1,200.0,6.698970004336019,1,486.989
CN1CCN(Cc2nc3ccc(Nc4ncc(Cl)c(Nc5ccccc5C(=O)N(C)C)n4)cc3[nH]2)CC1,200.0,6.698970004336019,1,520.041
COc1cc2c(Oc3ccc(NC(=O)C(C)c4nnc(-c5ccc(F)cc5)o4)cc3F)ccnc2cc1OCCCN1CCC(C)CC1,200.0,6.698970004336019,1,657.718
C=CC(=O)Nc1ccc(-n2c(=O)c(C)nc3cnc(Nc4ccc(OC)cc4)nc32)cc1,206.0,6.69,1,428.452
CCCCNc1ncc(C(=O)NCC2CCNCC2)c(N[C@H]2CC[C@H](O)CC2)n1,204.0,6.69,1,404.559
N#CCC(=O)N1CC(Nc2cccc(-c3cnc4ccc(Cl)cn34)n2)C1,205.0,6.69,1,366.812
CC1=CC(=O)N(Nc2nc(-c3ccc(F)cc3)nc3sc(C)c(C)c23)C1=O,211.1,6.68,1,382.42
CC1=CC(=O)N(Nc2nc(-c3cccs3)nc3scc(-c4ccccc4)c23)C1=O,208.0,6.68,1,418.503
CCCCNc1ncc(-c2ccccn2)c(NCCCCCO)n1,211.0,6.68,1,329.448
CCC[C@H](C)Nc1ncc2c(C3CCN(C(=O)c4ccnnc4)CC3)cn([C@H]3CC[C@H](O)CC3)c2n1,210.0,6.68,1,491.64
CN1C/C=C/COCc2cccc(c2)-c2ccnc(n2)Nc2cccc(c2)C1,210.0,6.68,1,372.472
Cc1cc(C(=O)N2CCC(c3cn([C@H]4CC[C@H](O)CC4)c4nc(NCC5CCCCC5)ncc34)CC2)cc(C)n1,210.0,6.68,1,544.744
Cc1cc(C)cc(Nc2nccc(-c3cc(C(=O)N[C@H](CN4CCC4)C(C)C)n(C)n3)n2)c1,209.0,6.68,1,447.587
Cc1ccc2[nH]c(O)c(C3=Nc4ccccc4C3=O)c2c1,209.0,6.68,1,276.295
CCCCNc1ncc2c(-c3ccc(Oc4ccccc4)cc3)cn([C@H]3CC[C@H](O)CC3)c2n1,214.0,6.67,1,456.59
CN1CCN(c2ccc(OC(F)(F)F)c(Nc3ncc4c(n3)-c3c(c(C(N)=O)nn3CCF)CC4)c2)CC1,216.0,6.67,1,534.518
Cc1cccc(NC(=O)Nc2ccc(-c3ccc(CN4CCN(C)CC4)c4[nH]nc(N)c34)cc2)c1,215.0,6.67,1,469.593
Cn1cc(-c2ccc3ncc(-c4cccc(NC5CNC5)n4)n3c2)cn1,213.0,6.67,1,345.41
Nc1noc2cccc(-c3ccc(NC(=O)Nc4cc(C(F)(F)F)ccc4F)cc3)c12,213.0,6.67,1,430.361
O=C1C(c2c(O)[nH]c3ccc(Cl)cc23)=Nc2ccccc21,212.0,6.67,1,296.713
CC(C)n1ncc2c(Oc3ccc(NC(=O)Nc4cc(C(C)(C)C)on4)cc3)ncnc21,217.0,6.66,1,435.488
CCCCNc1ncc(C(=O)NC2CCN(C)CC2)c(N[C@H]2CC[C@H](O)CC2)n1,220.0,6.66,1,404.559
CCCCNc1ncc2c(-c3ccc(Nc4ccccc4)cc3)cn(C3CCC(O)CC3)c2n1,220.0,6.66,1,455.606
CCC[C@H](C)Nc1ncc2c(C3CCN(C(=O)[C@H]4CCCN(C)C4)CC3)cn([C@H]3CC[C@H](O)CC3)c2n1,220.0,6.66,1,510.727
CNc1nccc(-c2cnc3c(NCCO)nccn23)n1,218.0,6.66,1,285.311
COc1cc2c(N3CCN(C(=O)Nc4ccc(OC(C)C)cc4)CC3)ccnc2cc1OCCCN1CCCCC1,220.0,6.66,1,561.727
N=C(NO)c1cccc(C#Cc2c(N)ncc3ccc(Cl)cc23)c1,217.0,6.66,1,336.782
O=C(CCCCC(=O)N1C/C=C/COCc2cccc(c2)-c2ccnc(n2)Nc2cccc(c2)C1)NO,221.0,6.66,1,501.587
O=C(CCCCCCN1C/C=C/COCc2cccc(c2)-c2ccnc(n2)Nc2cccc(c2)C1)NO,217.0,6.66,1,501.631
O=C(CCCCN1C/C=C/COCc2cccc(c2)-c2ccnc(n2)Nc2cccc(c2)C1)NO,218.0,6.66,1,473.577
c1cc2c(ncc3[nH]nc(C4CCCCC4)c32)[nH]1,220.0,6.66,1,240.31
C=Cn1nc(C(N)=O)c2c1-c1nc(Nc3cc(N4CCN(C)CC4)ccc3OC(F)(F)F)ncc1CC2,226.0,6.65,1,514.512
CCCCNc1ncc(C(=O)NC2CCN(C(C)C)CC2)c(NC2CCC(O)CC2)n1,226.0,6.65,1,432.613
COc1cc2nn(CC(=O)N3CCOCC3)cc2cc1NC(=O)c1cccc(C(C)(C)O)n1,222.0,6.65,1,453.499
COc1ccc(Oc2ccc3c(NC(=O)c4ccc(NC5CCN(C)CC5)cc4)n[nH]c3c2)cc1,221.7,6.65,1,471.561
Cc1cc(/C=C2\C(=O)Nc3ccc(F)cc32)c2ccccc(OCCCN3CCOCC3)c1-2,224.0,6.65,1,446.522
COc1cc(N2CCC(N3CCN(C)CC3)CC2)ccc1Nc1ncc(Cl)c(Nc2ccccc2S(=O)(=O)C(C)C)n1,545.0,6.643219686320084,1,614.216
CC1(COc2ccc(Nc3ncc(C(F)(F)F)c(N4CCNCC4)n3)cc2)COC1,231.2,6.64,1,423.439
CCCCNc1ncc(-c2ccccn2)c(NC2CC[C@H](O)C2)n1,231.0,6.64,1,327.432
COc1cc(C2=C(c3cn(CCN)c4ccccc34)C(=O)NC2=O)cc(OC)c1OC,227.0,6.64,1,421.453
COc1cc2ncnc(N3CCN(C(=O)Nc4ccc(Oc5ccccc5)cc4)CC3)c2cc1OC,230.0,6.64,1,485.544
Cn1cc(-c2ccn3c(-c4ccc(-c5cccnc5)s4)cnc3c2)cn1,230.0,6.64,1,357.442
FC(F)(F)Oc1cccc(-n2nnc3ccc(NCC4CCNCC4)nc32)c1,231.0,6.64,1,392.385
N#Cc1cc(-c2cnc3cc(-c4ccccc4)ccn23)ccc1F,230.0,6.64,1,313.335
Nc1ncc(-c2nc(N3CCOCC3)ccc2C(F)(F)F)nc1C(=O)Nc1ncccc1N1CCC(N)CC1,230.0,6.64,1,543.554
Nc1ncc(-c2ncccc2OC(F)(F)F)nc1C(=O)Nc1cnccc1N1CCC(N)CC1,230.0,6.64,1,474.447
COc1cc(-c2cn[nH]c2)ccc1C(=O)Nc1ccc2c(c1)CCNCC2.Cl,360.0,6.6375,1,398.894
CCCCNc1ncc(C(=O)NCc2cccc3ccccc23)c(N[C@H]2CC[C@H](O)CC2)n1,237.0,6.62,1,447.583
COc1cc(C2=C(c3cn(CCOC(=O)C(N)CC(C)C)c4ccccc34)C(=O)NC2=O)cc(OC)c1OC,239.0,6.62,1,535.597
COc1ccc2c(c1)[C@]1(C[C@H]1c1ccc3c(-c4ccc(N5CCC(O)CC5)nc4)n[nH]c3c1)C(=O)N2,240.0,6.62,1,481.556
Nc1ncc(-c2cc([C@H]3[C@@H]4CN(C5COC5)C[C@@H]43)n(CC3CC3)n2)cc1C(F)(F)F,238.0,6.62,1,419.451
c1cc2c(ncc3ncc(C4CCCCC4)n32)[nH]1,240.0,6.62,1,240.31
CCCCNc1ncc2c(-c3ccc(Oc4ccccc4)cc3)cn(C3CCC(O)CC3)c2n1,248.0,6.61,1,456.59
CN1CCN(c2ccc(C(=O)Nc3n[nH]c4cc(OC5CCN(Cc6ccccc6)CC5)ccc34)cc2)CC1,248.0,6.61,1,524.669
CC(C)NC(=O)c1cnc2nc1Nc1ccc(N)c(c1)OC/C=C\CCN2,250.0,6.6,1,368.441
CN1CCN(CCOc2ccc3cc2CN(C)C/C=C/CCOc2cccc(c2)-c2ccnc(n2)N3)CC1,250.0,6.6,1,514.674
CN1CCN(c2ccc(C(=O)Nc3n[nH]c4cc(OCC#Cc5ccccc5)ccc34)cc2)CC1,249.0,6.6,1,465.557
CNc1ncc2c(-c3ccc(OC)cc3)nn(CC3OCCO3)c2n1,250.0,6.6,1,341.371
COC(=O)c1ccc2c(c1)/C(=C1/Nc3ccccc3/C1=N\OCCN1CCOCC1)C(=O)N2,253.0,6.6,1,448.479
COc1ccc(-c2cn3c4nc(ncc24)NCCCCCCCC(O)CCCC3)cc1,250.0,6.6,1,422.573
COc1ccc(/C=C/C(=O)Nc2sc3c(c2C(N)=O)CCCC3)cc1,250.0,6.6,1,356.447
Cc1cc(-c2c(C)nn(C)c2C)ccc1-c1nnc(N(C)Cc2ccc3ncc(C4CCN(C)CC4)n3c2)o1,251.19,6.6,1,524.673
NC(=O)c1c(NC(=O)/C=C/c2ccccc2)sc2c1CCCC2,250.0,6.6,1,326.421
O=C1Nc2ccccc2/C1=C1/Nc2ccccc2/C1=N\OCCN1CCCCC1,251.0,6.6,1,388.471
C=CC(=O)N1CCC[C@@H](n2nc(-c3ccc(Oc4ccccc4)cc3)c3c(N)ncnc32)C1,231.0,6.593333333333334,1,440.507
Cc1cc(Nc2ncc(Cl)c(Nc3ccccc3S(=O)(=O)C(C)C)n2)c(OC(C)C)cc1C1CCNCC1,86.4,6.593333333333334,1,558.148
C=CC(=O)Nc1ccc(NC(=O)Nc2ccc(-c3cc(C)nc4noc(N)c34)cc2)cc1,256.0,6.59,1,428.452
COc1ccc(Nc2ncc3ncc(=O)n(-c4ccc(NS(C)(=O)=O)cc4)c3n2)cc1,255.0,6.59,1,438.469
Cl.O=C1Nc2ccc(F)cc2/C1=C1/Nc2ccccc2/C1=N\OCCN1CCCC1,257.0,6.59,1,428.895
CC(C)Oc1ccc(NC(=O)N2CCN(c3ncnc(N)c3/C=N/OCCCO)CC2)cc1,260.0,6.58,1,457.535
CN1CCC[C@@H](Nc2ccn3ncc(C(=O)Nc4ccc(N5CCOCC5)cc4C(F)(F)F)c3n2)C1,264.2,6.58,1,503.529
CNCc1cc(F)c(-c2cc3c(-c4cnn(C)c4)n[nH]c3cn2)c(OC)c1,260.0,6.58,1,366.4
CS(=O)(=O)c1ccc(-c2ccn3c(-c4ccc(-c5cccnc5)s4)cnc3c2)cc1,260.0,6.58,1,431.542
c1cc(NC2CNC2)nc(-c2cnc3ccccn23)c1,260.0,6.58,1,265.32
C1=C/CN(CC2CC2)Cc2cccc(c2)Nc2nccc(n2)-c2cccc(c2)OCC/1,270.0,6.57,1,412.537
CC(C)(O)[C@H]1CC[C@H](Nc2ccn3ncc(-c4cccc(C(F)(F)F)c4)c3n2)CC1,271.0,6.57,1,418.463
CCCCNc1ncc(-c2cc(O)c(CN3CCCC3)cn2)c(N[C@H]2CC[C@H](O)CC2)n1,271.0,6.57,1,440.592
CN1CCN(c2ccc(C(=O)Nc3cc(-c4cccc(NC(=O)c5ccccc5)c4)n[nH]3)cc2)CC1,270.0,6.57,1,480.572
COc1cc2c(Oc3ccc(NC(=O)c4nc5ccccc5n(-c5ccc(F)cc5)c4=O)cc3F)ccnc2cc1OCCCN1CCN(C)CC1,268.81,6.57,1,706.75
CS(=O)(=O)c1ccc(-c2ccn3c(-c4ccc(-c5ccc(F)cc5)s4)cnc3c2)cc1,270.0,6.57,1,448.544
C[C@@H](Oc1cc(-c2ccc3c(c2)ncn3C)cc2ncccc12)[C@H]1CNC(=O)C1,267.0,6.57,1,386.455
Cc1cccc(NC(=O)Nc2ccc(-c3cccc4c3c(N)nn4CCO)cc2)c1,270.0,6.57,1,401.47
Cn1cc(-c2ccn3c(-c4ccc(-c5ccc(F)cc5)s4)cnc3c2)cn1,270.0,6.57,1,374.444
Nc1n[nH]c2cccc(-c3ccc(NC(=O)Nc4cc(C(F)(F)F)ccc4F)cc3)c12,270.0,6.57,1,429.377
O=C(CCCCCCCC(=O)N1C/C=C/COCc2cccc(c2)-c2ccnc(n2)Nc2cccc(c2)C1)NO,272.0,6.57,1,543.668
O=C(Nc1ccc(Cl)cc1)c1ccc(Nc2ncc(C(F)(F)F)c(NCC3CCNCC3)n2)cn1,269.2,6.57,1,505.932
O=C(c1cc2cc(O)ccc2[nH]1)c1cc2cc(O)ccc2o1,270.0,6.57,1,293.278
O=C1Nc2ccc(F)cc2/C1=C1/Nc2ccccc2/C1=N\OCCN1CCCC1,267.0,6.57,1,392.434
C[C@@H](Oc1cc(-c2cnn(C3CCNCC3)c2)cc2nn(C)cc12)[C@H]1CNC(=O)C1,100.0,6.5633333333333335,1,408.506
CC1=CC(=O)N(Nc2nc(-c3ccc(F)cc3)nc3sc(C)cc23)C1=O,273.7,6.56,1,368.393
CCCCNc1ncc(C(=O)NCc2ccon2)c(N[C@H]2CC[C@H](O)CC2)n1,278.0,6.56,1,388.472
COc1ccc(COc2ccc(Nc3ccc4ncc(N5CCOCC5)nc4c3C#N)cc2)cc1,275.0,6.56,1,467.529
COc1ccc(COc2ccc(Nc3ccc4ncc(OC(C)C)nc4c3C#N)cc2OC)cn1,275.0,6.56,1,471.517
CN1CCN(Cc2ccc(-c3ccc(CO[C@H]4CCC[C@@H]4NC(=O)c4cc(-c5cnn(C)c5)cnc4N)cc3)cc2)CC1,5003.9715,6.55,1,579.749
CNC(=O)c1ccc(NC(=O)c2n[nH]c3ccccc23)cc1,281.0,6.55,1,294.314
COCc1sc2nc(-c3cccs3)nc(NN3C(=O)C=C(C)C3=O)c2c1C,282.0,6.55,1,400.485
C[C@H]1CN(c2cccc3nc(-c4nc(-c5cc(C(=O)N(C)C)ccn5)cnc4N)n(C)c23)CCN1,280.0,6.55,1,471.569
Cc1cc(C(=O)N2CCC(c3cn([C@H]4CC[C@H](O)CC4)c4nc(NCc5ccccc5)ncc34)CC2)cc(C)n1,280.0,6.55,1,538.696
Cc1nc(Nc2cc(-c3ccc(NC(=O)Nc4ccccc4)cc3)n[nH]2)cc(N2CCN(C)CC2)n1,280.0,6.55,1,483.58
O=C1C(c2c(O)[nH]c3ccc(S(=O)(=O)[O-])cc23)=Nc2ccccc21.[Na+],280.0,6.55,1,364.314
OC1CCCCCCCNc2ncc3c(-c4ccccc4)cn(c3n2)CCCC1,280.0,6.55,1,392.547
Cc1cnc(Nc2ccc(CNC(=O)/C=C/C(=O)c3ccccc3)cc2)nc1-c1cnn(C(C)C)c1,431.85,6.545,1,480.572
CC(C)(C)c1ccc(-c2ccc(-c3cnc4cc(-c5ccc(S(C)(=O)=O)cc5)ccn34)s2)cc1,290.0,6.54,1,486.662
CCC[C@H](C)Nc1ncc2c(C3CCN(C(=O)c4ccncn4)CC3)cn([C@H]3CC[C@H](O)CC3)c2n1,290.0,6.54,1,491.64
CCn1c(N)c(C(=O)NC)c(=O)c2ccc(C#C[C@@](C)(O)COC)nc21,290.0,6.54,1,358.398
Cc1cc(NC2CNC2)nc(-c2cnc3ccc(Cl)cn23)c1,291.0,6.54,1,313.792
Cc1cc(Nc2cc3c(cn2)ncc(=O)n3-c2ccc(N)cc2)ncc1N1CCC(F)(F)CC1,288.0,6.54,1,463.492
Cn1cc(-c2ccn3c(-c4cccc(Nc5cccc(C(C)(C)C)c5)n4)cnc3c2)cn1,288.0,6.54,1,422.536
O=C(CCCCCN1C/C=C/COCc2cccc(c2)-c2ccnc(n2)Nc2cccc(c2)C1)NO,288.0,6.54,1,487.604
C=CCN1CCC(CNC(=O)c2cnc(NCCCC)nc2N[C@H]2CC[C@H](O)CC2)CC1,295.0,6.53,1,444.624
CC1(COc2ccc(Nc3ncc(C(F)(F)F)c(N4CCC[C@H](N)C4)n3)cc2)COC1,294.95,6.53,1,437.466
CCC[C@H](C)Nc1ncc2c(-c3cccc(N4CCN(C)CC4)c3)cn([C@H]3CC[C@H](O)CC3)c2n1,296.0,6.53,1,476.669
CN(c1cccc(-c2cnc3cc(CO)c(-c4cn[nH]c4)cn23)n1)C1CCNC1,298.0,6.53,1,389.463
O=C(Nc1ccc(Oc2ncnc3[nH]ncc23)cc1)Nc1nc2ccccc2s1,294.0,6.53,1,403.427
CC1=CC(=O)N(Nc2nc(-c3cccs3)nc3sc(-c4ccc([N+](=O)[O-])cc4)c(C)c23)C1=O,301.0,6.52,1,477.527
CCc1cc(NC(=O)Cc2ccc(Oc3ccnc4cc(OC)ccc34)cc2OC)n[nH]1,300.0,6.52,1,432.48
CNc1ncc2c(-c3ccc(N4CCN(C(=O)C(C)(C)C)CC4)nc3)nn(CC3CCCC3)c2n1,300.0,6.52,1,476.629
COc1ccc2c(Oc3ccc(CC(=O)Nc4cc(C)cc(CN(C)C)c4)c(OC)c3)ccnc2c1,300.0,6.52,1,485.584
Cc1c[nH]c2nccc(Oc3c(F)cc(Nc4cc(Cl)nc(N)n4)cc3F)c12,303.0,6.52,1,402.792
Cc1cc(C)cc(Nc2nccc(-c3cc(C(=O)N[C@@H]4CCCNC4)n(C)n3)n2)c1,299.0,6.52,1,405.506
Cc1ccc(-c2cnc3cc(-c4ccccc4)ccn23)cc1,300.0,6.52,1,284.362
Cn1cc(-c2ccn3c(-c4ccc(-c5cccc(C(F)(F)F)c5)s4)cnc3c2)cn1,300.0,6.52,1,424.451
c1ccc(-c2n[nH]c3c2oc2ccccc23)cc1,300.0,6.52,1,234.258
c1cn2cc(-c3ccc4cn[nH]c4c3)nc(Nc3ccc(N4CCOCC4)cc3)c2n1,303.0,6.52,1,411.469
CC(C)NC(=O)c1cnc2nc1Nc1cnc(N)c(c1)OC/C=C\CN2,310.0,6.51,1,355.402
CN1C/C=C/CCOc2cc(ccn2)-c2ccnc(n2)Nc2cccc(c2)C1,310.0,6.51,1,373.46
CN1C/C=C/COCc2cccc(c2)Nc2nccc(n2)-c2cccc(c2)C1,310.0,6.51,1,372.472
COc1cc2nccc(Oc3ccc(NC(=O)N/N=C/c4cn(-c5ccccc5OC)nn4)cc3)c2cc1OC,312.0,6.51,1,539.552
COc1ccc2cc1COCC=CCCOc1cccc(c1)-c1ccnc(n1)N2,310.0,6.51,1,389.455
COc1ccc2cc1OCC/C=C/CN(C)Cc1cccc(c1)Nc1nccc-2n1,310.0,6.51,1,402.498
COc1cccc(OC)c1-c1ccc(-c2cnc3cc(-c4cnn(C)c4)ccn23)s1,310.0,6.51,1,416.506
C[C@@H](Oc1cc(-c2cnn(C(C)(C)C)c2)cc2ncn(C)c12)[C@H]1CNC(=O)C1,307.0,6.51,1,381.48
Cc1ccc(NC(=O)Nc2ccc(-c3cc(-c4ccccc4)nc4noc(N)c34)cc2)cc1,311.0,6.51,1,435.487
Cc1ccc(NC(=O)c2n[nH]c3ccccc23)cc1,310.0,6.51,1,251.289
Cc1nc2cc(-c3cc(O[C@H](C)[C@H]4CNC(=O)C4)c4cccnc4c3)ccc2n1C,309.0,6.51,1,400.482
NC(=O)c1c(NC(=O)c2ccc(Br)cc2)sc2c1CCCC2,310.0,6.51,1,379.279
NC(=O)c1c(NC(=O)c2ccc(Cl)cc2)sc2c1CCCC2,310.0,6.51,1,334.828
C=CC(=O)Nc1cccc(-n2c(=O)cnc3cnc(Nc4ccc(N5CCN(C)CC5)cc4)nc32)c1,317.0,6.5,1,482.548
CCCCNc1ncc(-c2nc(C(=O)O)cs2)c(N[C@H]2CC[C@H](O)CC2)n1,313.0,6.5,1,391.497
CCC[C@H](C)Nc1ncc2c(-c3cccc(CN4CCN(C)CC4)c3)cn([C@H]3CC[C@H](O)CC3)c2n1,316.0,6.5,1,490.696
CCN1CCN(c2cc(Nc3ncc(-c4ccc(NC(=O)Nc5ccc(Cl)cc5)cc4)s3)nc(C)n2)CC1,320.0,6.5,1,549.104
COc1ccc2c(c1)[C@]1(C[C@H]1c1ccc3c(-c4ccnc(N5CCN(C)CC5)c4)n[nH]c3c1)C(=O)N2,320.0,6.5,1,480.572
Cc1nn(C)c(C)c1-c1ccc(-c2nnc(N(C)Cc3ccc4nccn4c3)o2)c(F)c1,316.23,6.5,1,431.475
FC(F)(F)c1cccc(-n2nnc3ccc(NC4CC5(CCNCC5)C4)nc32)c1,314.0,6.5,1,402.424
N#Cc1ccc2ncc(-c3cccc(NC4CNC4)n3)n2c1,313.0,6.5,1,290.33
N[C@H]1CCCCNc2nc(ncc2C(=O)NCc2ccc(F)cc2)NCCCCCCNC1=O,320.0,6.5,1,471.581
CN1CCN(c2nccn3c(-c4ccnc(NC(CN)c5cccc(Cl)c5)n4)cnc23)CC1,321.0,6.49,1,463.977
Cc1nc2ccc(-c3cc(O[C@H](C)[C@H]4CNC(=O)C4)c4cccnc4c3)cc2s1,321.0,6.49,1,403.507
O=C1Nc2ccc([N+](=O)[O-])cc2/C1=C1/Nc2ccc(O)cc2/C1=N\OCCBr,324.0,6.49,1,445.229
COc1cc(O)c2c(c1)/C=C/CCCC(=O)/C=C/C[C@H](C)OC2=O,330.0,6.48,1,330.38
COc1cc(O)c2c(c1)CCCCCC(=O)/C=C/C[C@H](C)OC2=O,330.0,6.48,1,332.396
COc1ccc(C(=O)NC(=O)Nc2ccc3c(c2)NC(=O)/C3=C\c2ccc[nH]2)cc1,333.9,6.48,1,402.41
Cc1nc2cc(-c3cc(O[C@H](C)[C@H]4CNC(=O)C4)c4cccnc4c3)ccc2[nH]1,330.0,6.48,1,386.455
CC1(COc2ccc(Nc3ncc(C(F)(F)F)c(N4CCOCC4)n3)cc2)COC1,339.5,6.47,1,424.423
CN1CCN(c2nc(Nc3ccc(OCC4(C)COC4)cc3)ncc2C(F)(F)F)CC1,339.2,6.47,1,437.466
CO/N=C/c1c(N)ncnc1N1CCN(C(=O)Nc2ccc(N3CCOCC3)cc2)CC1,340.0,6.47,1,440.508
O=C(Nc1nc2cccc(-c3ccc(CN4CCS(=O)(=O)CC4)cc3)n2n1)C1CC1,338.0,6.47,1,425.514
O=C(c1cc2cc(O)ccc2[nH]1)c1cc2c(F)cccc2[nH]1,340.0,6.47,1,294.285
C=C(Br)C(=O)N1CCCC(n2nc(-c3ccc(Oc4ccccc4)nc3)c3c(N)ncnc32)C1,350.0,6.46,1,520.391
CCC[C@H](C)Nc1ncc2c(C3CCN(C(=O)c4cccnc4)CC3)cn([C@H]3CC[C@H](O)CC3)c2n1,350.0,6.46,1,490.652
CO[C@@H]1[C@H](N(C)C(=O)c2ccccc2)C[C@H]2O[C@]1(C)n1c3ccccc3c3c4c(c5c6ccccc6n2c5c31)C(=O)N[C@H]4O,350.0,6.46,1,586.648
COc1ccc(-c2nc(Nc3cccc(NC(=O)CN)c3)nc3[nH]cnc23)cc1OC,350.0,6.46,1,419.445
COc1ccc(C(=O)Nc2sc3c(c2C(N)=O)CCCC3)cc1OC,1471.0,6.46,1,360.435
COc1ccc(Nc2ncc3ncc(=O)n(-c4ccc(N)cc4)c3n2)c(C)c1,347.0,6.46,1,374.404
Cl.O=C1Nc2ccc([N+](=O)[O-])cc2/C1=C1/Nc2ccc(O)cc2/C1=N\OCCN1CCOCC1,345.0,6.46,1,487.9
O=C(Nc1cc(-c2cccc(NS(=O)(=O)c3ccccc3)c2)n[nH]1)c1ccc(CN2CCOCC2)cc1,350.0,6.46,1,517.611
O=C1Nc2ccccc2/C1=C/c1ccc[nH]1,350.0,6.46,1,210.236
OCCN1C/C=C/CCOc2cccc(c2)-c2ccnc(n2)Nc2cccc(c2)C1,350.0,6.46,1,402.498
CN1Cc2nn(C)c(C#N)c2-c2cnc3[nH]cc(c3c2)-c2cn(nc2C(F)(F)F)CCCC1=O,354.0,6.45,1,468.443
COc1ccc(NC(=O)c2n[nH]c3ccccc23)cc1,352.0,6.45,1,267.288
C[C@H](c1ccnc(Nc2nc3ccc(-c4cnn(CC5CCC5)c4)cc3[nH]2)c1)N1CCN(C(=O)CC(F)(F)F)CC1,357.0,6.45,1,566.632
N=C(NO)c1ccc(C#Cc2c(N)ncc3ccc(Cl)cc23)cc1,359.0,6.45,1,336.782
NC(=O)c1ccc(Nc2ncc(C(F)(F)F)c(N3CCC(O)CC3)n2)cn1,356.9,6.45,1,382.346
Nc1ccc2c(c1)/C(=C1/Nc3ccccc3C1=O)C(=O)N2,359.0,6.45,1,277.283
COc1ccc2c(c1)[C@]1(C[C@H]1c1ccc3c(-c4ccc(N5C[C@@H](C)N[C@@H](C)C5)cc4)n[nH]c3c1)C(=O)N2,390.0,6.449999999999999,1,493.611
C=CCc1cccc(/C=N/NC(=O)Nc2ccc(Oc3ccnc4cc(OCCCN5CCCCC5)c(OC)cc34)c(F)c2)c1O,366.7,6.44,1,627.717
CCCCNc1ncc(C(=O)NCC2CCCCC2)c(N[C@H]2CC[C@H](O)CC2)n1,362.0,6.44,1,403.571
CCN1CCN(CCCOc2cc3nccc(Oc4c(F)cc(NC(=O)NN5C(=O)CSC5c5ccc(F)cc5F)cc4F)c3cc2OC)CC1,361.6,6.44,1,728.769
CCS(=O)(=O)Nc1cccc(-c2cc(NC(=O)c3ccc(N4CCN(C)CC4)cc3)[nH]n2)c1,360.0,6.44,1,468.583
CNC(=O)c1cc(-c2ccc(NC(=O)Nc3ccc(N4CCN(C)CC4)c(C(F)(F)F)c3)cc2)nc2cccnc12,362.0,6.44,1,563.584
CNCc1cc(F)c(-c2cc3c(-c4cnn(C)c4)n[nH]c3cn2)c(F)c1,366.0,6.44,1,354.364
NC(=O)c1c(NC(=O)c2ccccc2)sc2c1CCCC2,360.0,6.44,1,300.383
C=CC(=O)Nc1ccc(-n2c(=O)cnc3cnc(Nc4ccc(Cl)cc4)nc32)cc1,371.0,6.4350000000000005,1,418.844
CCCNc1nc(NCCc2cccs2)ncc1-c1nnc(C)o1,373.0,6.43,1,344.444
CCC[C@H](C)Nc1ncc2c(C3CCN(C(=O)c4cncnc4)CC3)cn([C@H]3CC[C@H](O)CC3)c2n1,370.0,6.43,1,491.64
COc1cc(O)c2c(c1)-c1cccc(c1)[C@H](O)[C@@H](O)C(=O)CCC[C@H](C)OC2=O,370.0,6.43,1,400.427
OC1CCCCCCCNc2ncc3c(-c4ccc(F)cc4)cn(c3n2)CCCC1,370.0,6.43,1,410.537
CCCCNc1ncc(C(=O)NCc2ccc(-c3ccc4ccccc4c3)nc2)c(N[C@H]2CC[C@H](O)CC2)n1,385.0,6.42,1,524.669
COc1cc2c(Oc3ccc(NC(=O)N/N=C/c4ccc(F)cc4F)cc3F)ccnc2cc1OCCCN1CCC(C)CC1,380.0,6.42,1,621.66
COc1cc2nccc(Oc3ccc(NC(=O)N/N=C/c4cn(-c5cccc(F)c5)nn4)cc3)c2cc1OC,384.0,6.42,1,527.516
C[C@@H](Oc1nc(-c2cnn(C(C)(C)C)c2)cc2ncn(C)c12)[C@H]1CNC(=O)C1,384.0,6.42,1,382.468
Cc1n[nH]c(C)c1-c1cn2c(-c3cccc(NC4CCNC4)n3)cnc2cc1CO,380.0,6.42,1,403.49
O=C(NC(=O)c1ccc(Cl)c(C(F)(F)F)c1)Nc1ccc2c(c1)NC(=O)/C2=C\c1ccc[nH]1,384.8,6.42,1,474.826
O=C(Nc1ccccc1)c1n[nH]c2ccccc12,383.5,6.42,1,237.262
CC1(COc2ccc(Nc3ncc(C(F)(F)F)c(N4CCC[C@@H](N)C4)n3)cc2)COC1,393.95,6.41,1,437.466
CCc1cccc(CC)c1NC(=O)N1Cc2[nH]nc(NC(=O)c3ccc(N4CCN(C)CC4)cc3)c2C1,390.0,6.41,1,501.635
CN1CCN(c2ccc(-c3cnc4ccc(/C=C5\SC(=O)NC5=O)nn34)cc2)CC1,390.0,6.41,1,420.498
COc1cc2c(Oc3ccc(CC(=O)N/N=C/c4ccc(C(F)(F)F)cc4)cc3F)ccnc2cc1OCCCN1CCCC1,390.0,6.41,1,624.635
COc1ccc2c(Oc3ccc(NC(=O)c4c(C)n(CC(C)(C)O)n(-c5ccccc5)c4=O)nc3)ccnc2c1,391.0,6.41,1,539.592
COc1cccc(OCCCN)c1-c1cc(Nc2cnc(C#N)cn2)n[nH]1,385.98,6.41,1,365.397
Cc1cc(NC(=O)Nc2ccc(-c3cc(NC(=O)c4ccc(N5CCN(C)CC5)cc4)[nH]n3)cc2Cl)no1,390.0,6.41,1,535.008
Cc1cccc2[nH]c(C(=O)c3cc4cc(OCCN5CCCCC5)ccc4[nH]3)cc12,460.0,6.41,1,401.51
CC(=O)N1CC(Nc2cccc(-c3cnc4ccc(Cl)cn34)n2)C1,399.0,6.4,1,341.802
CCC[C@H](C)Nc1ncc2c(C3CCN(C(=O)c4ccccn4)CC3)cn([C@H]3CC[C@H](O)CC3)c2n1,400.0,6.4,1,490.652
COc1cc2c(Oc3ccc(NC(=O)NS(=O)(=O)Cc4ccc(F)cc4)cc3F)ccnc2cc1OCCCN1CCCC1,400.0,6.4,1,626.682
COc1cc2c(Oc3ccc(NC(=O)c4cn(-c5ccccc5OC)cn4)cc3F)ccnc2cc1OCCCN1CCN(C)CC1,400.0,6.4,1,640.716
Cc1cc(-c2c(C)nn(C)c2C)ccc1-c1nnc(N(C)Cc2ccc3ncc(-c4cnn(C)c4)n3c2)o1,6300.92,6.4,1,507.602
Cc1cccc2c1/C(=C/c1ccc(N(C)C)c3ccccc13)C(=O)N2,400.0,6.4,1,328.415
O=C(c1cc2ccccc2[nH]1)c1cc2ccccc2o1,400.0,6.4,1,261.28
COc1cccc(CNC(=O)c2ccc(Oc3ncnc4cc(OC)c(OC)cc34)cc2)c1,400.0,6.3979400086720375,1,445.475
CCCCNc1ncc(C(=O)NCc2ccccc2C(F)(F)F)c(NC2CCC(O)CC2)n1,407.0,6.39,1,465.52
CCC[C@H](C)Nc1ncc2c(C3CCN(Cc4cc(C)nc(C)c4)CC3)cn([C@H]3CC[C@H](O)CC3)c2n1,410.0,6.39,1,504.723
COc1ccc(C(=O)NC(=O)Nc2cc3c(cc2F)/C(=C/c2[nH]c(C)c(C(=O)O)c2C)C(=O)N3)c(F)c1,405.5,6.39,1,510.453
C[C@@H](Oc1nc(-c2ccc(C(F)(F)F)nc2)cc2nn(C)cc12)[C@H]1CNC(=O)C1,411.0,6.39,1,405.38
CC(C)(C)OC(=O)N1CCN(c2ccc(C(=O)Nc3n[nH]c4cc(OCCOCc5ccccc5)ccc34)cc2)CC1,414.0,6.38,1,571.678
CC(C)Oc1nc2nc(C34COC(C)(C3)C4)cn2cc1C(=O)Nc1cccn(C2CC2)c1=O,418.0,6.38,1,449.511
CCC[C@H](C)Nc1ncc2c(C3CCN(C4CCNCC4)CC3)cn([C@H]3CC[C@H](O)CC3)c2n1,420.0,6.38,1,468.69
NC(=O)c1c(OCc2c(F)cc(Br)cc2F)nsc1NC(=O)NCCCCN1CCCC1,419.0,6.38,1,532.411
Nc1ncnc2c1c(-c1cccc(OCc3ccccc3)c1)cn2[C@H]1C[C@@H](CN2CCC2)C1,420.0,6.38,1,439.563
O=Nc1c(-c2c(O)[nH]c3ccc(I)cc23)[nH]c2ccccc12,418.0,6.38,1,403.179
CN1CCN(c2ccc(C(=O)Nc3n[nH]c4cc(OCc5ccccc5)ccc34)cc2)CC1,428.0,6.37,1,441.535
COc1cc(O)c(C(=O)OC(C)C)c(CCCN2C(=O)C=CC2=O)c1,430.0,6.37,1,347.367
COc1ccc(-c2ccn3c(-c4ccc(CC#N)cc4)cnc3c2)cc1,430.0,6.37,1,339.398
Cc1cc(C)cc(Nc2nccc(-c3cc(C(=O)N[C@@H](C)CN4CCC4)n(C)n3)n2)c1,425.0,6.37,1,419.533
C/C=C\C(=O)Nc1ccc(NC(=O)Nc2ccc(-c3cc(C)nc4noc(N)c34)cc2)cc1,438.0,6.36,1,442.479
CCS(=O)(=O)c1ccc2cc1CN(C)C/C=C/CCOc1cccc(c1)-c1ccnc(n1)N2,440.0,6.36,1,464.591
COc1c(O)cc2oc(-c3ccc(O)cc3)cc(=O)c2c1O,440.0,6.36,1,300.266
COc1ccc(-c2ccn3c(-c4ccc(C)cc4)cnc3c2)cc1,440.0,6.36,1,314.388
Cc1cc(Nc2cc3c(cn2)ncc(=O)n3-c2ccc(N)cc2)ncc1NC1CCN(C)CC1,440.0,6.36,1,456.554
Cc1ccn2c(-c3cccc(NC4CNC4)n3)cnc2c1,442.0,6.36,1,279.347
Cn1nc(C2CCCCC2)c2c3cc[nH]c3ncc21,440.0,6.36,1,254.337
Cc1cnc(Nc2ccc(CNC(=O)CCl)cc2)nc1-c1cnn(C(C)C)c1,583.6,6.355,1,398.898
CC(C)(C)c1cc(NC(=O)Nc2ccc(Oc3ncnc4c3cnn4CCN3CCOCC3)cc2)no1,449.0,6.35,1,506.567
CC(CO)NC(=N)c1c(O)nsc1Nc1ccc(Nc2ccccc2)cc1,448.0,6.35,1,383.477
COCCOc1cc2ncnc(N3CCN(C(=O)Nc4ccc(OC(C)C)cc4)CC3)c2cc1OC,450.0,6.35,1,495.58
Cc1cccc(NC(=O)Nc2ccc(-c3ccc(CN4CCOCC4)c4[nH]nc(N)c34)cc2)c1,450.0,6.35,1,456.55
Cc1cccc(NC(=O)c2n[nH]c3ccccc23)c1,443.0,6.35,1,251.289
Cn1cc(-c2ccn3c(-c4ccc(-c5ccncc5)s4)cnc3c2)cn1,450.0,6.35,1,357.442
NC(=O)c1ccc(Nc2ncc(C(F)(F)F)c(N3CCC(N)CC3)n2)cn1,442.7,6.35,1,381.362
Nc1onc2nc(-c3ccccc3)cc(-c3ccc(NC(=O)Nc4ccc(F)cc4)cc3)c12,449.0,6.35,1,439.45
O=C(Nc1ccc2c(c1)C=Nc1c(Cl)ncnc1O2)Nc1ccc(Cl)c(C(F)(F)F)c1,450.0,6.35,1,468.222
CN1CCN(Cc2ccc(NC(=O)c3cnc4nc3Nc3ccc(C#N)c(c3)OC/C=C\CN4)cc2)CC1,460.0,6.34,1,510.602
O=C1Nc2ccc([N+](=O)[O-])cc2/C1=C1/Nc2ccc(F)cc2/C1=N\OCCN1CCCCC1,453.0,6.34,1,451.458
c1cc(NC2CNC2)nc(-c2cnc3ccc(-c4cn[nH]c4)cn23)c1,460.0,6.34,1,331.383
COc1cccc(-c2cn3c4nc(ncc24)NCCCCCCCC(O)CCCC3)c1,470.0,6.33,1,422.573
COc1cccc(F)c1-c1nccc(C(=O)Nc2cc3cnn(C)c3cc2N2CC[C@@H](N)C2)n1,465.0,6.33,1,461.501
N#Cc1cc(-c2cnc3cc(-c4ccco4)ccn23)ccc1F,470.0,6.33,1,303.296
NNc1nc(-c2cccs2)nc2scc(-c3cccs3)c12,470.0,6.33,1,330.463
O=C1Nc2ccccc2C1=Cc1ccc2cccccc1-2,470.0,6.33,1,271.319
CCCCN(C)c1ncc2c(-c3ccc(CN4CCN(C)CC4)cc3)cn([C@H]3CC[C@H](O)CC3)c2n1,483.0,6.32,1,490.696
CCN1CCN(c2ccc(NC(=O)Nc3ccc(-c4cc(C(=O)NC)c5ncccc5n4)cc3)cc2C(F)(F)F)CC1,483.6,6.32,1,577.611
COCCn1nc(N)c2c(-c3ccc(NC(=O)Nc4cc(C)ccc4F)cc3)cccc21,480.0,6.32,1,433.487
COc1cc(C2=C(c3cn(CCCOC(=O)C(N)CC(C)C)c4ccccc34)C(=O)NC2=O)cc(OC)c1OC,480.0,6.32,1,549.624
Cc1c(NC(=O)c2ccc(C(C)(C)C)cc2)cccc1-c1nc(Nc2ccc(C(=O)N3CCOCC3)cc2)c2nc[nH]c2n1,479.0,6.32,1,589.7
Fc1ccc(-c2cnc3ccccn23)cc1,480.0,6.32,1,212.227
CC(C)c1ccc(/C=C/C(=O)Nc2sc3c(c2C(N)=O)CCCC3)cc1,490.0,6.31,1,368.502
CC1=CC(=O)N(Nc2nc(-c3cccs3)nc3scc(-c4cccc(O)c4)c23)C1=O,488.0,6.31,1,434.502
CCC[C@H](C)Nc1ncc2c(C3CCN(C(=O)C4CCN(C)CC4)CC3)cn([C@H]3CC[C@H](O)CC3)c2n1,490.0,6.31,1,510.727
COCCN1C/C=C/CCOc2cccc(c2)-c2ccnc(n2)Nc2cccc(c2)C1,490.0,6.31,1,416.525
CN1CCN(c2ccc3nc(-c4c(N)c5ccsc5[nH]c4=O)[nH]c3c2)CC1,500.0,6.301029995663981,1,380.477
COc1ccc(COc2ccc(Nc3ccc4ncc(N5CCOCC5)nc4c3C#N)c(F)c2)cc1,500.0,6.301029995663981,1,485.519
COc1ccc(COc2ccc(Nc3ccc4ncc(N5CCOCC5)nc4c3C#N)cn2)cc1,500.0,6.301029995663981,1,468.517
CCCCNc1ncc(C(=O)Nc2ccccc2OC)c(N[C@H]2CC[C@H](O)CC2)n1,501.0,6.3,1,413.522
CCOC(=O)N1CC2CC(Nc3nc(Nc4cnn(C)c4)ncc3Cl)CC2C1,503.0,6.3,1,405.89
CN1CCN(c2ccc(-c3cnc4ccccc4c3)cc2NC(=O)c2c[nH]c(=O)cc2C(F)(F)F)CC1,500.0,6.3,1,507.516
COc1cc(-c2c(C)nn(C)c2C)ccc1-c1nnc(N(C)Cc2ccc3nccn3c2)o1,501.19,6.3,1,443.511
COc1cc(Oc2ccnc3cc(OC)c(OC)cc23)ccc1CC(=O)Nc1noc(C)c1C,500.0,6.3,1,463.49
COc1cc2c(Oc3ccc(N/C=C4\C(=O)NC(=O)N(c5ccc(C)cc5)C4=O)cc3F)ccnc2cc1OCCCN1CCCC1,496.3,6.3,1,639.684
C[C@@H](Oc1cc(-c2ccc(F)cn2)cc2nn(C)cc12)[C@H]1CNC(=O)C1,505.0,6.3,1,354.385
Cc1cc(-c2c(C)nc(C)n2C)ccc1-c1nnc(N(C)Cc2ccc3nccn3c2)o1,501.19,6.3,1,427.512
Cc1cc(-c2c(C)nn(C)c2C)ccc1-c1nnc(N(C)Cc2ccc3ncc(-c4ccccc4)n3c2)o1,3987.45,6.3,1,503.61
Cc1cn(-c2cc(-c3nc4cc(NC(=O)c5cnoc5C)ccc4[nH]3)cc(C(F)(F)F)c2)cn1,495.0,6.3,1,466.423
Cc1oncc1C(=O)Nc1ccc2[nH]c(-c3cc(-n4ccnc4C)cc(C(F)(F)F)c3)nc2c1,495.0,6.3,1,466.423
Cc1oncc1C(=O)Nc1ccc2[nH]c(-c3cc(-n4cncc4C)cc(C(F)(F)F)c3)nc2c1,495.0,6.3,1,466.423
Cc1oncc1C(=O)Nc1ccc2[nH]c(-c3cc(N4CCN(C)CC4)cc(C(F)(F)F)c3)nc2c1,495.0,6.3,1,484.482
Cc1oncc1C(=O)Nc1ccc2[nH]c(-c3cc(N4CCOCC4)cc(C(F)(F)F)c3)nc2c1,495.0,6.3,1,471.439
Cc1oncc1C(=O)Nc1ccc2[nH]c(-c3cnn(-c4ccccc4)c3C(F)(F)F)nc2c1,495.0,6.3,1,452.396
CN1CCN(c2ccc(OC(F)(F)F)c(Nc3ncc4c(n3)-c3c(c(C(N)=O)nn3CCO)CC4)c2)CC1,510.0,6.29,1,532.527
CS(=O)(=O)CCNc1nc(NCCc2ccncc2)ncc1-c1nnc(C2CC2)o1,515.0,6.29,1,429.506
Cc1cc(C)cc(Nc2nccc(-c3cc(C(=O)N[C@H](CO)C(C)C)n(C)n3)n2)c1,509.0,6.29,1,408.506
C=CS(=O)(=O)NCc1ccc(Nc2ncc(C)c(-c3cnn(C(C)C)c3)n2)cc1,524.8,6.285,1,412.519
CCC[C@H](C)Nc1ncc2c(C3CCN(C(=O)[C@@H]4CCCCN4C)CC3)cn([C@H]3CC[C@H](O)CC3)c2n1,520.0,6.28,1,510.727
CCN1CCN(c2cc(Nc3ncc(-c4ccc(NS(=O)(=O)c5ccccc5)cc4)s3)nc(C)n2)CC1,520.0,6.28,1,535.699
CNc1ncc2c(-c3ccc(N4CCNCC4)nc3)nn(Cc3cn(Cc4ccccc4)nn3)c2n1,530.0,6.28,1,481.568
COc1cc2nn(CC(=O)N3CCOCC3)cc2cc1NC(=O)c1cccc([C@H](O)C(F)(F)F)n1,521.0,6.28,1,493.442
COc1ccc2cc(C(=O)c3cc4cc(O)ccc4[nH]3)[nH]c2c1,530.0,6.28,1,306.321
Cl.c1csc(-c2nc(N3CCNCC3)c3c(-c4cccs4)csc3n2)c1,521.0,6.28,1,421.016
CC1=CC(=O)N(Nc2nc(-c3cccs3)nc3scc(-c4cccc(OCCN5CCOCC5)c4)c23)C1=O.Cl,540.0,6.27,1,584.123
CCCCNc1ncc(C(=O)NCc2ccc(-c3ccccc3)cc2)c(NC2CCC(O)CC2)n1,536.0,6.27,1,473.621
CCN1CCN(Cc2ccc(NC(=O)c3ccc(C)c(Oc4ccnc5[nH]ccc45)c3)cc2C(F)(F)F)CC1,536.0,6.27,1,537.586
CN(C)c1ncnc(-c2ccc3nc(Nc4cc(CN5CCN(C(=O)CC(F)(F)F)CC5)ccn4)[nH]c3c2)c1Cl,536.0,6.27,1,574.011
CN1CCN(c2ccc(C(=O)Nc3n[nH]c4cc(OCCOCc5ccccc5)ccc34)c(F)c2)CC1,539.0,6.27,1,503.578
CN1CCN(c2nccn3c(-c4cccc(NC(CN)c5ccccc5)n4)cnc23)CC1,540.0,6.27,1,428.544
CN1CCN(c2nccn3c(-c4ccnc(NC(CN)c5ccccc5)n4)cnc23)CC1,539.0,6.27,1,429.532
COc1cc(O)c(C(=O)OC(C)C)c(/C=C/CN2C(=O)C=CC2=O)c1,540.0,6.27,1,345.351
CS(=O)(=O)c1ccc(-c2ccn3c(-c4ccc(-c5ccccc5C(F)(F)F)s4)cnc3c2)cc1,540.0,6.27,1,498.551
CS(=O)(=O)c1ccc(-c2ccn3c(-c4ccc(-c5ccncc5)s4)cnc3c2)cc1,540.0,6.27,1,431.542
Cc1ccc(C(=O)Nc2sc3c(c2C(N)=O)CCCC3)cc1C,540.0,6.27,1,328.437
Nc1n[nH]c2cccc(C#Cc3cccc(NC(=O)c4ccc(N5CCOCC5)c(C(F)(F)F)c4)c3)c12,535.0,6.27,1,505.5
CC1=CC(=O)N(Nc2nc(-c3ccc(N)cc3)nc3scc(-c4ccccc4)c23)C1=O,546.0,6.26,1,427.489
CCCCC[C@H](C)Nc1ncc2c(-c3ccc(CN4CCN(C)CC4)cc3)cn([C@H]3CC[C@H](O)CC3)c2n1,544.0,6.26,1,518.75
CCCCNc1ncc(-c2cc(Nc3cccc(-c4ccccc4)c3)ncn2)c(N[C@H]2CC[C@H](O)CC2)n1,554.0,6.26,1,509.658
CCCCNc1ncc(-c2ccccn2)c(NCCCCO)n1,547.0,6.26,1,315.421
CCC[C@@H](C)Nc1ncc2c(-c3ccc(CN4CCN(C)CC4)cc3)cn([C@H]3CC[C@H](O)CC3)c2n1,543.0,6.26,1,490.696
COC(=O)c1ccc(NC(=O)c2n[nH]c3ccccc23)cc1,552.0,6.26,1,295.298
COc1cc(C2=C(c3cn(CCO)c4ccccc34)C(=O)NC2=O)cc(OC)c1OC,554.0,6.26,1,422.437
COc1ccc(-c2cc(=O)c3c(O)c(OC)c(OC)cc3o2)cc1,550.0,6.26,1,328.32
COc1ccc2c(c1)[C@]1(CC1c1ccc3c(C#Cc4ccc(CN5CCOCC5)cc4)n[nH]c3c1)C(=O)N2,550.0,6.26,1,504.59
COc1ccc2c(c1)[C@]1(C[C@H]1c1ccc3c(-c4ccc(N(C)CCN(C)C)cc4)n[nH]c3c1)C(=O)N2,550.0,6.26,1,481.6
COc1ccc2c(c1)[C@]1(C[C@H]1c1ccc3c(-c4ccc(N5CCN(C6CCCC6)CC5)cc4)n[nH]c3c1)C(=O)N2,550.0,6.26,1,533.676
COc1ccc2c(c1)[C@]1(C[C@H]1c1ccc3c(-c4ccc(N5CC[C@H](N(C)C)C5)cc4)n[nH]c3c1)C(=O)N2,550.0,6.26,1,493.611
COc1ccc2c(c1)[C@]1(C[C@H]1c1ccc3c(-c4ccc(OCCN5CCOCC5)cc4)n[nH]c3c1)C(=O)N2,550.0,6.26,1,510.594
COc1ccc2c(c1)[C@]1(C[C@H]1c1ccc3c(-c4ccc5c(c4)CNCC5)n[nH]c3c1)C(=O)N2,550.0,6.26,1,436.515
COc1ccc2c(c1)[C@]1(C[C@H]1c1ccc3c(/C=C/c4ccc(CN5CC[C@@H](F)C5)cc4)n[nH]c3c1)C(=O)N2,550.0,6.26,1,508.597
COc1ccc2c(c1)[C@]1(C[C@H]1c1ccc3c(/C=C/c4ccc(CN5C[C@@H](C)O[C@@H](C)C5)cc4)n[nH]c3c1)C(=O)N2,550.0,6.26,1,534.66
COc1ccccc1-c1cn2c3nc(ncc13)NCCCCCCCC(O)CCCC2,550.0,6.26,1,422.573
N#CCc1ccc(-c2cnc3cc(-c4ccccc4)ccn23)cc1,550.0,6.26,1,309.372
O=C1Nc2ccccc2[C@]12CC2c1ccc2c(-c3ccc(CN4CCOCC4)cc3)n[nH]c2c1,550.0,6.26,1,450.542
COc1cc(C2=C(c3cn(CCCO)c4ccccc34)C(=O)NC2=O)cc(OC)c1OC,556.0,6.253333333333333,1,436.464
C1=C/COCc2cncc(c2)-c2ccnc(n2)Nc2cccc(c2)COC/1,560.0,6.25,1,360.417
C=CC(=O)Nc1cccc(-n2c(=O)c(C)nc3cnc(Nc4ccc(OC)cc4)nc32)c1,568.0,6.25,1,428.452
CCC[C@H](C)Nc1ncc2c(-c3ccnc(C(=O)OC)c3)cn([C@H]3CC[C@H](O)CC3)c2n1,558.0,6.25,1,437.544
Cc1cc(-c2c(C)nn(C)c2C)ccc1-c1nnc(N(C)Cc2ccc3ncc(C(=O)N(C)C)n3c2)o1,5015.81,6.25,1,498.591
Cc1cc(-c2c(C)nn(C)c2C)cnc1-c1nnc(N(C)Cc2ccc3ncc(-c4ccc(CN(C)C)cn4)n3c2)o1,12565.725,6.25,1,562.682
NC(=O)c1c(NC(=O)/C=C/c2ccco2)sc2c1CCCC2,560.0,6.25,1,316.382
Nc1onc2nc(-c3ccccc3)cc(-c3ccc(NC(=O)Nc4cccc(F)c4)cc3)c12,565.0,6.25,1,439.45
O=C(CCCCC(=O)N1C/C=C/CCOc2cccc(c2)-c2ccnc(n2)Nc2cccc(c2)C1)NO,556.0,6.25,1,501.587
CC(C)OC(=O)c1c(O)cc(OCCN2CCOCC2)cc1CCCN1C(=O)C=CC1=O,580.0,6.24,1,446.5
CCC[C@H](C)Nc1ncc2c(C3CCN(C(=O)c4ccc(N(C)C)cc4)CC3)cn([C@H]3CC[C@H](O)CC3)c2n1,580.0,6.24,1,532.733
C[C@@H](Oc1cc(-c2ccc(C3CCN(C)CC3)cc2)cc2nn(C)cc12)[C@H]1CNC(=O)C1,550.0,6.24,1,432.568
Cc1cc(NC(=O)Nc2ccc(-c3cnc(NC(=O)c4ccc(OCCN5CCOCC5)cc4)s3)cc2)no1,580.0,6.24,1,548.625
Cc1sc(C(=O)N[C@@H]2[C@H](N)CCCC2(F)F)cc1-c1cnn2cc(Cl)cnc12,580.0,6.24,1,425.892
Cn1cc(-c2ccc3ncc(-c4ccc(-c5ccoc5)s4)n3c2)cn1,580.0,6.24,1,346.415
N#Cc1ccc2cc1OC/C=C\CNc1ncc(C(=O)N[C@H]3CC[C@H](C(=O)N4CCOCC4)CC3)c(n1)N2,570.0,6.24,1,517.59
O=C(c1cc2ccccc2[nH]1)c1cc2cc(O)ccc2[nH]1,570.0,6.24,1,276.295
CC(=O)c1ccc(C(=O)Nc2sc3c(c2C(N)=O)CCCC3)cc1,590.0,6.23,1,342.42
CCCCNc1ncc(C(=O)NCc2ccc(OC)cc2OC)c(N[C@H]2CC[C@H](O)CC2)n1,585.0,6.23,1,457.575
CCCCNc1ncc(C(=O)Nc2ccc(C)cc2C)c(N[C@H]2CC[C@H](O)CC2)n1,592.0,6.23,1,411.55
CCC[C@H](C)Nc1ncc2c(C3CCN(C(=O)c4cnccn4)CC3)cn([C@H]3CC[C@H](O)CC3)c2n1,590.0,6.23,1,491.64
CN1CCN(c2ccc(C(=O)Nc3cc(-c4ccc(NS(=O)(=O)c5ccccc5)cc4)n[nH]3)cc2)CC1,590.0,6.23,1,516.627
COc1cc(O)c2c(c1)/C=C\CCCC(=O)/C=C/C[C@H](C)OC2=O,590.0,6.23,1,330.38
COc1ccc(CCCN(C)C)cc1Nc1ncc2c(n1)-c1ccc(Cl)cc1NC(=S)C2,590.0,6.23,1,468.026
O=c1c(O)c(-c2ccc(O)c(O)c2)oc2cc(O)cc(O)c12,590.0,6.23,1,302.238
OCCNc1nccn2c(-c3ccnc(N4CCOCC4)n3)cnc12,589.0,6.23,1,341.375
CN1CCN(c2ccc(Nc3cc4c(cn3)ncc(=O)n4-c3ccc(N)cc3)nc2)CC1,599.0,6.22,1,428.5
Nc1ccc2oc(C(=O)c3cc4cc(N)ccc4o3)cc2c1,600.0,6.22,1,292.294
Cc1cnc(Nc2ccc(CNS(=O)(=O)C3CC3)cc2)nc1-c1cnn(C(C)C)c1,775.55,6.215,1,426.546
C1=C/COCc2ccc(o2)-c2ccnc(n2)Nc2cccc(c2)COC/1,620.0,6.21,1,349.39
CC1=CC(=O)N(Nc2nc(-c3ccc(C)s3)nc3scc(-c4cccs4)c23)C1=O,611.0,6.21,1,438.559
CCC[C@H](C)Nc1ncc2c(C3CCN(C(=O)C4CCOCC4)CC3)cn([C@H]3CC[C@H](O)CC3)c2n1,620.0,6.21,1,497.684
CN1CCN(c2ccc(Nc3[nH]nc4c3-c3ccccc3CC4)cc2)CC1,610.0,6.21,1,359.477
COCCOCC(=O)Nc1cccc2c1Cc1c-2n[nH]c1-c1csc(C#CCOc2ccccc2)c1,624.0,6.21,1,499.592
COc1cccc2nc(-c3cccs3)nc(NN3C(=O)C=C(C)C3=O)c12,618.0,6.21,1,366.402
NC(=O)Nc1ccc(-c2cccc3onc(N)c23)cc1,619.0,6.21,1,268.276
CC(C)(C)c1ccc(C(=O)Nc2sc3c(c2C(N)=O)CCCC3)cc1,630.0,6.2,1,356.491
CC1=CC(=O)N(Nc2nc(-c3cccs3)nc3sc(-c4cccc(O)c4)c(C)c23)C1=O,633.0,6.2,1,448.529
CN1CCN(c2cccc(C(=O)Nc3n[nH]c4cc(OCCOCc5ccccc5)ccc34)c2)CC1,635.0,6.2,1,485.588
COc1cc(-c2cc3ncccc3c(O[C@H](C)[C@H]3CNC(=O)C3)n2)ccc1OC(F)(F)F,633.0,6.2,1,447.413
Cc1cc(C)c(/C=C2\C(=O)Nc3ccc(N)cc32)[nH]1,630.0,6.2,1,253.305
NC(=O)c1c(NC(=O)c2cccc(Cl)c2)sc2c1CCCC2,630.0,6.2,1,334.828
Cc1cnc(Nc2ccc(CNC(=O)C3CC3)cc2)nc1-c1cnn(C(C)C)c1,793.75,6.199999999999999,1,390.491
CN1CCN(c2ccc(C(=O)Nc3n[nH]c4cc(Oc5cccc(F)c5)ccc34)cc2)CC1,639.0,6.19,1,445.498
COc1ccc(-c2cc(=O)c3c(O)c(OC)c(O)cc3o2)cc1,650.0,6.19,1,314.293
C[C@@H](Oc1cc(-c2ccccn2)cc2ncccc12)[C@H]1CNC(=O)C1,640.0,6.19,1,333.391
NC(=O)c1c(NC(=O)c2ccccn2)sc2c1CCCC2,640.0,6.19,1,301.371
CN1CCN(c2ccc(OC(F)(F)F)c(Nc3nccc(-c4cc5c(n4C)CCNC5=O)n3)c2)CC1,659.0,6.18,1,501.513
Cc1cc(Oc2ncnc3[nH]ncc23)ccc1NC(=O)Nc1cc(C(C)(C)C)on1,657.0,6.18,1,407.434
N#Cc1cnc(Nc2cc(NC[C@H]3CNCCO3)c(C(F)(F)F)cn2)cn1,582.0,6.173333333333333,1,379.346
CCC[C@H](C)Nc1ncc2c(C3CCNCC3)cn([C@H]3CC[C@H](O)CC3)c2n1,680.0,6.17,1,385.556
CCOC(=O)Cc1csc2nc(-c3cccs3)nc(NN3C(=O)C=C(C)C3=O)c12,673.0,6.17,1,428.495
CO[C@@H](C(=O)N1Cc2[nH]nc(NC(=O)c3ccc(N4CCN(C)CC4)cc3)c2C1)c1ccccc1,669.0,6.17,1,474.565
COc1cccc2[nH]c(C(=O)c3cc4cc(O)ccc4[nH]3)cc12,670.0,6.17,1,306.321
O=C(NC(=O)c1ccc(Cl)cc1)Nc1ccc2c(c1)NC(=O)/C2=C\c1ccc[nH]1,675.8,6.17,1,406.829
CCn1cc(NC(=O)Cc2ccc(Oc3ccnc4cc(OC)ccc34)cc2OC)cn1,700.0,6.16,1,432.48
CNc1ncc2c(-c3ccc(N4CCN(C)CC4)nc3)nn(Cc3cn(Cc4ccccc4)nn3)c2n1,700.0,6.16,1,495.595
Cc1cccc(NC(=O)Nc2ccc(-c3csc4ncnc(N)c34)cc2Cl)c1,700.0,6.16,1,409.902
Nc1n[nH]c2cccc(-c3ccc(NC(=O)c4ccccc4)cc3)c12,694.0,6.16,1,328.375
CC(C)n1nc(-c2cnc(N)c(OC(F)(F)F)c2)cc1[C@H]1[C@@H]2CN(C3COC3)C[C@@H]21,709.0,6.15,1,423.439
C[C@@H]1CCNC(=O)c2cc3ccc(C(=O)Nc4nc5ccccc5n4CCCN(C)C)cc3n21,714.0,6.15,1,458.566
Cc1cc(C)cc(Nc2nccc(-c3cc(C(=O)NCC(F)(F)F)n(C)n3)n2)c1,704.0,6.15,1,404.396
O=C(c1ccccc1)N1CC(Nc2cccc(-c3cnc4ccc(Cl)cn34)n2)C1,709.0,6.15,1,403.873
C[C@@H](Oc1cc(-c2cnc3ccc(C#N)cn23)cc2nn(C)cc12)[C@H]1CNC(=O)C1,157.0,6.140000000000001,1,400.442
CC1=CC(=O)N(Nc2nc(-c3cccs3)nc3sc(-c4ccc(O)cc4)c(C)c23)C1=O,721.0,6.14,1,448.529
CCCCNc1ncc(-c2ccccn2)c(NCCCO)n1,717.0,6.14,1,301.394
Cc1ccc(CCCN(C)C)cc1Nc1ncc2c(n1)-c1ccc(Cl)cc1NC(=S)C2,720.0,6.14,1,452.027
Cc1ncc(CCCN(C)C)cc1Nc1ncc2c(n1)-c1ccc(Cl)cc1NC(=S)C2,730.0,6.14,1,453.015
N#Cc1ccc(-c2cnc3ccc(NCc4ccccc4)nn23)cc1,720.0,6.14,1,325.375
CCCCNc1ncc(C(=O)NCc2nccs2)c(N[C@H]2CC[C@H](O)CC2)n1,742.0,6.13,1,404.54
CN1CCN(c2ccc(Nc3cc4c(cn3)ncc(=O)n4-c3ccc(N(C)C)cc3)nc2)CC1,747.0,6.13,1,456.554
C[C@@H](Oc1nc(-c2cc3nn(C)cc3c(O[C@H](C)[C@H]3CNC(=O)C3)n2)cc2nn(C)cc12)[C@@H]1CNC(=O)C1,738.0,6.13,1,518.578
Cc1cc(/C=C2/C(=O)Nc3cc(F)ccc32)c2ccccc(OCCCN(C)C)c1-2,742.0,6.13,1,404.485
Cc1ccc2[nH]c(C(=O)c3cc4cc(O)ccc4[nH]3)cc2c1,740.0,6.13,1,290.322
N#Cc1ccc2cc1OC/C=C\CNc1ncc(C(=O)NC3CCNCC3)c(n1)N2,740.0,6.13,1,405.462
C=CC(=O)NCc1ccc(Nc2ncc(C)c(-c3cnn(C(C)C)c3)n2)cc1,1040.1,6.125,1,376.464
CC1=CC(=O)N(Nc2nc(-c3cccs3)nc3scc(-c4ccc(O)cc4)c23)C1=O,750.0,6.12,1,434.502
COc1cc(C(F)(F)F)ccc1-c1ccc(-c2cnc3cc(-c4cnn(C)c4)ccn23)s1,760.0,6.12,1,454.477
Cc1cc(C)cc(Nc2nccc(-c3cc(C(=O)N[C@H](CO)C4CCCCC4)n(C)n3)n2)c1,761.0,6.12,1,448.571
Nc1ncnc2c1c(-c1ccc(Oc3ccccc3)cc1)nn2C[C@H]1SSC[C@@H]1O,750.0,6.12,1,437.55
c1ccc2c(-c3coc4cc(-c5ccc(N6CCNCC6)cc5)cnc34)ccnc2c1,751.0,6.12,1,406.489
CC(C)NC(=O)c1cnc2nc1Nc1ccc(N)c(c1)OC/C=C\CN2,780.0,6.11,1,354.414
CN1C/C=C/COCc2ccc(o2)-c2ccnc(n2)Nc2cccc(c2)C1,770.0,6.11,1,362.433
CNC(=O)c1ccc(Sc2cccc(NC(=S)Nc3ccc(Cl)c(C(F)(F)F)c3)c2)nc1,781.0,6.11,1,496.967
COc1cccc(NC(=O)c2n[nH]c3ccccc23)c1,786.0,6.11,1,267.288
FC(F)(F)Oc1cccc(-n2nnc3ccc(NC4CC5(CCNCC5)C4)nc32)c1,778.0,6.11,1,418.423
O=C(Nc1ccc(Oc2ccnc3[nH]ccc23)cc1)c1nn(-c2ccc(Cl)c(C(F)(F)F)c2)ccc1=O,770.0,6.11,1,525.874
COc1cc2c(N3CCN(C(=O)Nc4ccc(OC(C)C)cc4)CC3)ncnc2cc1OCCCN1CCCCC1,220.0,6.105789473684211,1,562.715
CC(CO)/N=C(\N)c1c(O)nsc1Nc1ccc(Oc2ccccc2)cc1,795.0,6.1,1,384.461
CCS(=O)(=O)NCc1ccc(Nc2ncc(C)c(-c3cnn(C(C)C)c3)n2)cc1,958.85,6.1,1,414.535
COC(=O)c1sc2nc(-c3cccs3)nc(NN3C(=O)C=C(C)C3=O)c2c1C,787.0,6.1,1,414.468
Cc1cc(-c2c(C)nn(C)c2C#N)ccc1-c1nnc(N(C)Cc2ccc3nccn3c2)o1,7944.37,6.1,1,438.495
Cc1nc(NC(=O)NC(=O)C2CCCCC2)ccc1Oc1ccnc(-c2cnn(C)c2)c1,790.0,6.1,1,434.5
CCn1cc(NC(=O)Cc2ccc(Oc3ncnc4cc(OC)c(OC)cc34)cc2OC)cn1,800.0,6.096910013008056,1,463.494
CCn1cc(NC(=O)Cc2ncc(Oc3ccnc4cc(OC)ccc34)cc2OC)cn1,800.0,6.096910013008056,1,433.468
COc1cc2ncnc(Oc3ccc(CC(=O)Nc4cn[nH]c4)cc3)c2cc1OC,800.0,6.096910013008056,1,405.414
CCC[C@H](C)Nc1ncc2c(C3CCN(C)CC3)cn([C@H]3CC[C@H](O)CC3)c2n1,840.0,6.08,1,399.583
CN1CCN(c2ccc(Nc3[nH]nc4c3-c3ccccc3CO4)cc2)CC1,842.0,6.08,1,361.449
Cc1cc(C)cc(Nc2nccc(-c3cc(C(=O)NCCN)n(C)n3)n2)c1,833.0,6.08,1,365.441
Cc1cnc(Nc2ccc(CNC(=O)/C=C/CN(C)C)cc2)nc1-c1cnn(C(C)C)c1,825.6,6.08,1,433.56
N#Cc1ccc2cc1OC/C=C\CNc1ncc(C(=O)NCC3CCNCC3)c(n1)N2,840.0,6.08,1,419.489
O=C(CCCCCCC(=O)N1C/C=C/COCc2cccc(c2)-c2ccnc(n2)Nc2cccc(c2)C1)NO,833.0,6.08,1,529.641
O=C(NCCNc1nccc(-c2c(-c3cccc(O)c3)nc3sccn23)n1)c1ccccc1,838.0,6.08,1,456.531
O=c1cc(-c2ccc(O)c(O)c2)oc2cc(O)cc(O)c12,830.0,6.08,1,286.239
CCC[C@H](C)Nc1ncc2c(C3CCN(C(C)C)CC3)cn([C@H]3CC[C@H](O)CC3)c2n1,860.0,6.07,1,427.637
CCN1CCN(c2cc(Nc3ncc(-c4ccc(NC(=O)c5ccccc5)cc4)s3)nc(C)n2)CC1,850.0,6.07,1,499.644
CN1CCN(c2ccc(Nc3cc4c(cn3)ncc(=O)n4-c3ccc(NS(C)(=O)=O)cc3)nc2)CC1,856.0,6.07,1,506.592
CNc1ncc2c(-c3ccc(N4CCNCC4)nc3)nn(Cc3cn(-c4ccsc4C(=O)OC)nn3)c2n1,860.0,6.07,1,531.606
COc1cc(O)c2c(c1)CCCCCC(=O)/C=C\C[C@H](C)OC2=O,850.0,6.07,1,332.396
COc1cc2c(cc1OC)Nc1ncnc(Oc3ccc(NC(=O)C4(C(=O)Nc5ccc(F)cc5)CC4)cc3F)c1NC2,851.8,6.07,1,588.571
COc1ccc(-c2sc3nc(-c4cccs4)nc(NN4C(=O)C=C(C)C4=O)c3c2C)cc1,846.0,6.07,1,462.556
Cc1cccc(NC(=O)Nc2ccc(-c3cccc4c3c(N)nn4CCN3CCOCC3)cc2)c1,860.0,6.07,1,470.577
C1=CCOc2cccc(c2)Nc2nccc(n2)-c2cccc(c2)OCC1,880.0,6.06,1,345.402
C=CC(=O)NCCOCCNC(=O)CCN1CCC(c2cc(OC(C)C)c(Nc3ncc(Cl)c(Nc4ccccc4S(=O)(=O)C(C)C)n3)cc2C)CC1,875.0,6.06,1,770.397
CC(C)NC(=O)c1cnc2nc1Nc1ccc(C#N)c(c1)OC/C=C\CN2,870.0,6.06,1,364.409
CN1CCN(c2nccn3c(-c4ccnc(NCc5cccc(Cl)c5)n4)cnc23)CC1,868.0,6.06,1,434.935
COC(=O)Cc1sc2nc(-c3cccs3)nc(NN3C(=O)C=C(C)C3=O)c2c1C,866.0,6.06,1,428.495
COc1ccc(-c2cc(=O)c3c(O)cc(O)cc3o2)cc1,880.0,6.06,1,284.267
COc1ccc2[nH]c(C(=O)c3cc4cc(F)ccc4[nH]3)cc2c1,880.0,6.06,1,308.312
CCCS(=O)(=O)NCc1ccc(Nc2ncc(C)c(-c3cnn(C(C)C)c3)n2)cc1,885.4,6.05,1,428.562
COc1cc(NC2CNC2)nc(-c2cnc3ccc(Cl)cn23)c1,892.0,6.05,1,329.791
COc1ccc2cc(C(=O)c3cc4ccccc4[nH]3)[nH]c2c1,890.0,6.05,1,290.322
Cc1cc(NC(=O)c2ccc(C)c(Nc3nccc(-c4cccnc4)n3)c2)cc(-n2cnc(C)c2)c1,882.0,6.05,1,475.556
Cc1ccc(NC2CNC2)nc1-c1cnc2ccc(Cl)cn12,892.0,6.05,1,313.792
Cc1cnc(Nc2ccc(CCNC(=O)/C=C/C(=O)c3ccccc3)cc2)nc1-c1cnn(C(C)C)c1,882.4,6.05,1,494.599
O=C(Nc1ccc2c(c1)CNc1cnc(Cl)nc1O2)Nc1ccc(Cl)c(C(F)(F)F)c1,900.0,6.05,1,470.238
c1cc2c(ncc3cnc(C4CCCCC4)n32)[nH]1,890.0,6.05,1,240.31
COc1ccc2c(Oc3ccc(CC(=O)Nc4ncc(C)s4)c(OC)c3)ccnc2c1,900.0,6.045757490560675,1,435.505
CN1CCN(c2ccc(Nc3cc4c(cn3)ncc(=O)n4-c3cccc(N)c3)nc2)CC1,915.0,6.04,1,428.5
COc1ccc(C(=O)NC(=O)Nc2cc3c(cc2F)/C(=C/c2[nH]c(C)c(C(=O)O)c2C)C(=O)N3)cc1,908.9,6.04,1,492.463
O=C(c1cc2cc(O)ccc2[nH]1)c1cc2c(Cl)cccc2[nH]1,920.0,6.04,1,310.74
C[C@@H](Oc1nc(-c2cnn(C3CCC(F)(F)CC3)c2)cc2nn(C)cc12)[C@H]1CNC(=O)C1,312.0,6.036666666666666,1,444.486
CC(=O)Nc1ccc(-n2c(=O)cnc3cnc(Nc4ccc(N5CCN(C)CC5)cn4)cc32)cc1,939.0,6.03,1,470.537
O=C1Nc2ccc(F)cc2/C1=C1/Nc2ccccc2/C1=N\OCCN1CCOCC1,939.0,6.03,1,408.433
C=CC(=O)Nc1cccc(-n2c(=O)cnc3cnc(Nc4ccc(N5CCOCC5)cc4)nc32)c1,967.0,6.025,1,469.505
CNC(=O)c1ccc(Sc2ccc(NC(=S)Nc3ccc(Cl)c(C(F)(F)F)c3)cc2)nc1,949.0,6.02,1,496.967
COc1cc(Cl)cn2c(-c3cccc(NC4CNC4)n3)cnc12,953.0,6.02,1,329.791
C[C@@H](Oc1cc(-c2ccc(N3CCN(C)CC3)cc2)cc2nn(C)cc12)[C@H]1CNC(=O)C1,950.0,6.02,1,433.556
Cc1cc(=O)n(-c2ccc(F)cc2)nc1C(=O)Nc1ccc(Oc2ncnc3ccsc23)c(F)c1,950.0,6.02,1,491.479
Cc1cc(C)c2c(c1)/C(=C1/Nc3ccccc3/C1=N\O)C(=O)N2,952.0,6.02,1,305.337
COc1cc(OC)cc(N(CC#Cc2ccncc2C#N)c2ccc3ncc(-c4cnn(C)c4)nc3c2)c1,994.425,6.015000000000001,1,501.55
CN(C)CCCc1ccc(Cl)c(Nc2ncc3c(n2)-c2ccc(Cl)cc2NC(=S)C3)c1,970.0,6.01,1,472.445
CN1CCN(c2ccc(C(=O)Nc3n[nH]c4cc(Oc5ccc(OCc6ccccc6)cc5)ccc34)cc2)CC1,974.0,6.01,1,533.632
Cc1cn(-c2cccc(NC(=O)c3ccc(C)c(Nc4nccc(-c5cccnc5)n4)c3)c2)cn1,973.9,6.01,1,461.529
Clc1ccn2c(-c3cccc(NC4CNC4)n3)cnc2c1,973.0,6.01,1,299.765
Nc1ncnc2c1c(-c1cccc(O)c1)cn2C1CCCC1,970.0,6.01,1,294.358
C=C(Br)C(=O)N1CCCC(n2nc(-c3ccc(Oc4ccccc4)cc3)c3c(N)ncnc32)C1,1000.0,6.0,1,519.403
C=CC(=O)N1CCC[C@@H](n2nc(-c3ccc(Oc4ccc(F)cc4)nc3)c3c(N)ncnc32)C1,1000.0,6.0,1,459.485
C=CC(=O)N1CCC[C@@H](n2nc(-c3ccc(Oc4ccccc4)nc3F)c3c(N)ncnc32)C1,1000.0,6.0,1,459.485
CC(=O)N1CCC(CNC(=O)[C@H]2O[C@@H](n3cc(-c4ccn(C)n4)c4c(N)ncnc43)[C@H](O)[C@@H]2O)CC1,1000.0,6.0,1,498.544
CC(=O)N1CCC(NC(=O)[C@H]2O[C@@H](n3cc(-c4ccn(C)n4)c4c(N)ncnc43)[C@H](O)[C@@H]2O)CC1,1000.0,6.0,1,484.517
CC(C)n1cc(C(=O)Nc2cc(F)c(-c3c[nH]c4ncnc(N)c34)cc2F)c(=O)c(-c2ccc(F)cc2)c1,1000.0,6.0,1,518.499
CC(C)n1cc(C(=O)Nc2ccc(Oc3ccnc(NC(=O)C4CC4)c3)c(F)c2)c(=O)n(-c2ccc(F)cc2)c1=O,1000.0,6.0,1,561.545
CC(NC(=O)c1ccc(C2CC2)c(-c2ccc3nc(Nc4cnn(C5CC5)c4)ncc3c2)c1)c1cccc(C(F)(F)F)c1,1000.0,6.0,1,582.63
CC(NC(=O)c1cccc(C(F)(F)F)c1)c1ccc(C2CC2)c(-c2ccc3nc(Nc4cnn(C5CC5)c4)ncc3c2)c1,1000.0,6.0,1,582.63
CC(O)CCN(C(=O)[C@H]1O[C@@H](n2cc(-c3ccn(C)n3)c3c(N)ncnc32)[C@H](O)[C@@H]1O)C1CCN(C)CC1,1000.0,6.0,1,528.614
CC(O)CN(C(=O)[C@H]1O[C@@H](n2cc(-c3ccn(C)n3)c3c(N)ncnc32)[C@H](O)[C@@H]1O)C1CCN(C)CC1,1000.0,6.0,1,514.587
CCC(NC(=O)c1ccc(C2CC2)c(-c2ccc3nc(Nc4cnn(C5CC5)c4)ncc3c2)c1)c1cccc(C(F)(F)F)c1,1000.0,6.0,1,596.657
CCN(CC)C(=O)[C@H]1O[C@@H](n2cc(-c3ccn(C)n3)c3c(N)ncnc32)[C@H](O)[C@@H]1O,1000.0,6.0,1,415.454
CCN(CC)CCCNc1nc(-c2ccc(NC(=O)Nc3ccc(Cl)cc3)cc2)nc2ccsc12,1000.0,6.0,1,509.079
CCN1CCN(c2cc(Nc3nc(-c4cccnc4)cs3)nc(C)n2)CC1.Cl,1000.0,6.0,1,417.97
CCNc1cc(CNC(=O)[C@H]2O[C@@H](n3cc(-c4ccn(C)n4)c4c(N)ncnc43)[C@H](O)[C@@H]2O)ccn1,1000.0,6.0,1,493.528
CCNc1ccnc(NC(=O)[C@H]2O[C@@H](n3cc(-c4ccn(C)n4)c4c(N)ncnc43)[C@H](O)[C@@H]2O)n1,1000.0,6.0,1,480.489
CCOC(=O)CCc1c(C)[nH]c(/C=C2\C(=O)Nc3cc(NC(=O)NC(=O)c4ccc(OC)cc4F)ccc32)c1C,1000.0,6.0,1,548.571
CCOC(=O)c1c(C)[nH]c(/C=C2\C(=O)Nc3cc(NC(=O)NC(=O)c4ccc(OC)cc4F)ccc32)c1C,1000.0,6.0,1,520.517
CCc1[nH]nc(NC(=O)Cc2ncc(Oc3ccnc4cc(OC)c(OC)cc34)cc2OC)c1C,1000.0,6.0,1,477.521
CCc1c[nH]nc1NC(=O)Cc1ccc(Oc2ccnc3cc(OC)ccc23)cc1OC,1000.0,6.0,1,432.48
CCc1ccc(C(C)NC(=O)c2cccc(C(F)(F)F)c2)cc1-c1ccc2nc(Nc3cnn(C)c3)ncc2c1,1000.0,6.0,1,544.581
CCc1ccc2c(c1)[C@]1(C[C@H]1c1ccc3c(-c4cccc(CN5CCOCC5)c4)n[nH]c3c1)C(=O)N2,1000.0,6.0,1,478.596
CCn1cc(NC(=O)Cc2cc(Oc3ccnc4cc(OC)c(OC)cc34)n[nH]2)cn1,1000.0,6.0,1,422.445
CCn1cc(NC(=O)Cc2ccc(Oc3ccnc4cc(F)ccc34)cc2OC)cn1,1000.0,6.0,1,420.444
CCn1cc(NC(=O)Cc2ccc(Oc3ccnc4ccc(F)cc34)cc2OC)cn1,1000.0,6.0,1,420.444
CCn1cc(NC(=O)Cc2ccc(Oc3ccnc4ccc(OC)cc34)cc2OC)cn1,1000.0,6.0,1,432.48
CN(C)CCCNC(=O)[C@H]1O[C@@H](n2cc(-c3ccn(C)n3)c3c(N)ncnc32)[C@H](O)[C@@H]1O,1000.0,6.0,1,444.496
CN(C)CCCc1c(/C=C2\C(=O)Nc3ccc(NS(=O)(=O)c4ccccc4)cc32)[nH]c2c1C(=O)CCC2,1000.0,6.0,1,518.639
CN(C)S(=O)(=O)c1ccc2c(c1)/C(=C/c1ccc3cccccc1-3)C(=O)N2,1000.0,6.0,1,378.453
CN(C)c1cccc(-n2nnc3ccc(NCC4CCNCC4)nc32)c1,1000.0,6.0,1,351.458
CN(C)c1ccnc(NC(=O)[C@H]2O[C@@H](n3cc(-c4ccn(C)n4)c4c(N)ncnc43)[C@H](O)[C@@H]2O)c1,1000.0,6.0,1,479.501
CN1C(=O)[C@@H](N2CCc3c(nn(Cc4ccccc4)c3Br)C2=O)COc2ccccc21,1000.0,6.0,1,481.35
CN1C(=O)[C@@H](N2CCc3cn(CC4CCS(=O)(=O)CC4)nc3C2=O)COc2ccccc21,1000.0,6.0,1,458.54
CN1C(=O)[C@@H](N2CCc3cn(Cc4ccccc4)nc3C2=O)COc2ccccc21,1000.0,6.0,1,402.454
CN1CCC(N(C(=O)[C@H]2O[C@@H](n3cc(-c4ccn(C)n4)c4c(N)ncnc43)[C@H](O)[C@@H]2O)C2CC2)CC1,1000.0,6.0,1,496.572
CN1CCC(N(CCC#N)C(=O)[C@H]2O[C@@H](n3cc(-c4ccn(C)n4)c4c(N)ncnc43)[C@H](O)[C@@H]2O)CC1,1000.0,6.0,1,509.571
CN1CCC(N(CCCN)C(=O)[C@H]2O[C@@H](n3cc(-c4ccn(C)n4)c4c(N)ncnc43)[C@H](O)[C@@H]2O)CC1,1000.0,6.0,1,513.603
CN1CCC(N(CCCO)C(=O)[C@H]2O[C@@H](n3cc(-c4ccn(C)n4)c4c(N)ncnc43)[C@H](O)[C@@H]2O)CC1,1000.0,6.0,1,514.587
CN1CCC(N(CCOCCO)C(=O)[C@H]2O[C@@H](n3cc(-c4ccn(C)n4)c4c(N)ncnc43)[C@H](O)[C@@H]2O)CC1,1000.0,6.0,1,544.613
CN1CCC(N(CC[C@H](N)C(=O)O)C(=O)[C@H]2O[C@@H](n3cc(-c4ccn(C)n4)c4c(N)ncnc43)[C@H](O)[C@@H]2O)CC1,1000.0,6.0,1,557.612
CN1CCC(NC(=O)[C@H]2C[C@@H](n3cc(-c4ccn(C)n4)c4c(N)ncnc43)[C@H](O)[C@@H]2O)CC1,1000.0,6.0,1,454.535
CN1CCC(NC(=O)[C@H]2O[C@@H](n3cc(-c4ccn(C)n4)c4c(N)ncnc43)[C@@H](F)[C@@H]2O)CC1,1000.0,6.0,1,458.498
CN1CCC(NC(=O)[C@H]2O[C@@H](n3cc(-c4ccn(C)n4)c4c(N)ncnc43)[C@H](O)[C@@H]2O)CC1=O,1000.0,6.0,1,470.49
CN1CCC(NC(=O)[C@H]2O[C@@H](n3cc(C4CCCC4)c4c(N)ncnc43)[C@H](O)[C@@H]2O)CC1,1000.0,6.0,1,444.536
CN1CCC(NC(=O)[C@H]2O[C@@H](n3cc(C4CCCO4)c4c(N)ncnc43)[C@H](O)[C@@H]2O)CC1,1000.0,6.0,1,446.508
CN1CCC[C@@H](NC(=O)[C@H]2O[C@@H](n3cc(-c4ccn(C)n4)c4c(N)ncnc43)[C@H](O)[C@@H]2O)C1,1000.0,6.0,1,456.507
CN1CC[C@@H](NC(=O)[C@H]2O[C@@H](n3cc(-c4ccn(C)n4)c4c(N)ncnc43)[C@H](O)[C@@H]2O)C1,1000.0,6.0,1,442.48
CN1CC[C@H](NC(=O)[C@H]2O[C@@H](n3cc(-c4ccn(C)n4)c4c(N)ncnc43)[C@H](O)[C@@H]2O)C1,1000.0,6.0,1,442.48
CN1[C@@H]2CC[C@H]1C[C@@H](NC(=O)[C@H]1O[C@@H](n3cc(-c4ccn(C)n4)c4c(N)ncnc43)[C@H](O)[C@@H]1O)C2,1000.0,6.0,1,482.545
CN1[C@@H]2CC[C@H]1C[C@H](NC(=O)[C@H]1O[C@@H](n3cc(-c4ccn(C)n4)c4c(N)ncnc43)[C@H](O)[C@@H]1O)C2,1000.0,6.0,1,482.545
CNC(=O)Nc1cc(NC(=O)[C@H]2O[C@@H](n3cc(-c4ccn(C)n4)c4c(N)ncnc43)[C@H](O)[C@@H]2O)ccn1,1000.0,6.0,1,508.499
CNC(=O)c1cc(Oc2ccc3nc(Nc4cccc(C(C)(C)C)c4)ccc3c2)ccn1,1000.0,6.0,1,426.52
CNC(=O)c1cc(Oc2ccc3nc(Nc4cccc(C(C)(C)C)c4)cnc3c2)ccn1,1000.0,6.0,1,427.508
CNC(=O)c1cc(Oc2ccc3nc(Nc4cccc(C(C)(C)C)c4)ncc3c2)ccn1,1000.0,6.0,1,427.508
CNC(=O)c1cccc2cc(Oc3ccnc(NC(=O)c4ccc(N5CCN(C)CC5)cc4)c3)ccc12,1000.0,6.0,1,495.583
CNc1ccc2ccc(NC(=O)[C@H]3O[C@@H](n4cc(-c5ccn(C)n5)c5c(N)ncnc54)C[C@@H]3O)cc2n1,1000.0,6.0,1,499.535
CNc1ccc2ccc(NC(=O)[C@H]3O[C@@H](n4ccc5c(N)ncnc54)[C@@H](F)[C@@H]3O)cc2n1,1000.0,6.0,1,437.435
CNc1cccc(CCNC(=O)[C@H]2O[C@@H](n3cc(-c4ccn(C)n4)c4c(N)ncnc43)[C@H](O)[C@@H]2O)n1,1000.0,6.0,1,493.528
CNc1nc2ccc(NC(=O)[C@H]3O[C@@H](n4cc(-c5ccn(C)n5)c5c(N)ncnc54)[C@H](O)[C@@H]3O)cc2[nH]1,1000.0,6.0,1,504.511
COC(=O)[C@@H](N)CCNC(=O)[C@H]1O[C@@H](n2cc(-c3ccn(C)n3)c3c(N)ncnc32)[C@H](O)[C@@H]1O,1000.0,6.0,1,474.478
COCCN1C(=O)[C@@]2(C[C@H]2c2ccc3c(/C=C/c4ccc(CN(C)C)cc4)n[nH]c3c2)c2ccccc21,1000.0,6.0,1,492.623
COCCNc1ccnc(NC(=O)[C@H]2O[C@@H](n3cc(-c4ccn(C)n4)c4c(N)ncnc43)[C@H](O)[C@@H]2O)c1,1000.0,6.0,1,509.527
COCCn1ccc(-c2cn([C@@H]3O[C@H](C(=O)NC4CCN(C)CC4)[C@@H](O)[C@H]3O)c3ncnc(N)c23)n1,1000.0,6.0,1,500.56
COc1cc(C2=C(c3cn(CCCN)c4ccccc34)C(=O)NC2=O)cc(OC)c1OC,1000.0,6.0,1,435.48
COc1cc(C2=C(c3cn(CCCNC(=O)C(N)CC(C)C)c4ccccc34)C(=O)NC2=O)cc(OC)c1OC,1000.0,6.0,1,548.64
COc1cc(C2=C(c3cn(CCN(C)C)c4ccccc34)C(=O)NC2=O)cc(OC)c1OC,1000.0,6.0,1,449.507
COc1cc(C2CN(C(=O)c3cc(COC[C@@H](O)CO)ccn3)C2)ccc1OCc1ccc(C2CC2)cc1,1000.0,6.0,1,518.61
COc1cc(OC)cc(C(=O)NC(=O)Nc2ccc3c(c2)NC(=O)/C3=C\c2ccc[nH]2)c1,1000.0,6.0,1,432.436
COc1cc(Oc2ccnc3cc(F)ccc23)ccc1CC(=O)Nc1noc(C)c1C,1000.0,6.0,1,421.428
COc1cc(Oc2ccnc3cc(OC)c(OC)cc23)ccc1CC(=O)Nc1cn(C)nc1C,1000.0,6.0,1,462.506
COc1cc(Oc2ccnc3ccc(F)cc23)ccc1CC(=O)Nc1noc(C)c1C,1000.0,6.0,1,421.428
COc1cc(Oc2ncnc3cc(OC)c(OC)cc23)ccc1CC(=O)Nc1cn(C)nc1C,1000.0,6.0,1,463.494
COc1cc2/c(=N/c3ccc(Br)cc3F)nc[nH]c2cc1OCC1CCN(C)CC1,1000.0,6.0,1,475.362
COc1cc2nccc(Oc3ccc(NC(=O)N/N=C/c4cn(-c5cccc(Cl)c5)nn4)cc3)c2cc1OC,1000.0,6.0,1,543.971
COc1cc2nccc(Oc3ccc(NC(=O)N/N=C/c4cn(-c5ccccc5F)nn4)cc3)c2cc1OC,1000.0,6.0,1,527.516
COc1ccc(C(=O)NC(=O)Nc2cc3c(cc2F)/C(=C/c2[nH]c(C)c(CCC(=O)O)c2C)C(=O)N3)cc1,1000.0,6.0,1,520.517
COc1ccc(C(=O)NC(=O)Nc2ccc3c(c2)NC(=O)/C3=C/c2ccc(O)cc2)cc1,1000.0,6.0,1,429.432
COc1ccc(C(=O)NC(=O)Nc2ccc3c(c2)NC(=O)/C3=C/c2ccccn2)cc1,1000.0,6.0,1,414.421
COc1ccc(C(=O)NC(=O)Nc2ccc3c(c2)NC(=O)/C3=C/c2cccs2)cc1,1000.0,6.0,1,419.462
COc1ccc(C(=O)NC(=O)Nc2ccc3c(c2)NC(=O)/C3=C\c2[nH]c(C)c(-c3ccccc3)c2C)cc1,1000.0,6.0,1,506.562
COc1ccc(C(=O)NC(=O)Nc2ccc3c(c2)NC(=O)/C3=C\c2[nH]c(C)cc2C)cc1,1000.0,6.0,1,430.464
COc1ccc(C(=O)NC(=O)Nc2ccc3c(c2)NC(=O)/C3=C\c2ccc(C(=O)O)[nH]2)cc1,1000.0,6.0,1,446.419
COc1ccc(NC(=O)Nc2ccc3c(c2)NC(=O)/C3=C\c2ccc(C(=O)O)[nH]2)cc1,1000.0,6.0,1,418.409
COc1ccc2c(Oc3ccc(CC(=O)Nc4cc(C)nn4C)c(OC)c3)ccnc2c1,1000.0,6.0,1,432.48
COc1ccc2c(Oc3ccc(CC(=O)Nc4cnn(C)c4)c(OC)c3)ccnc2c1,1000.0,6.0,1,418.453
COc1ccc2c(Oc3ccc(CC(=O)Nc4cnn(C)c4C)c(OC)c3)ccnc2c1,1000.0,6.0,1,432.48
COc1ccc2c(Oc3ccc(CC(=O)Nc4n[nH]c(C)c4C)c(OC)c3)ccnc2c1,1000.0,6.0,1,432.48
COc1ccc2c(Oc3ccc(CC(=O)Nc4noc(C)c4C)c(OC)c3)ccnc2c1,1000.0,6.0,1,433.464
COc1ccc2c(Oc3cnc(CC(=O)Nc4cn(C)nc4C)c(OC)c3)ccnc2c1,1000.0,6.0,1,433.468
COc1ccc2c(c1)[C@]1(CC1c1ccc3c(-c4ccc(CO)cc4)n[nH]c3c1)C(=O)N2,1000.0,6.0,1,411.461
COc1ccc2c(c1)[C@]1(CC1c1ccc3c(-c4cccc(C(=O)N5CCN(C)CC5)c4)n[nH]c3c1)C(=O)N2,1000.0,6.0,1,507.594
COc1ccc2c(c1)[C@]1(CC1c1ccc3c(-c4cccc(CN5CCCCC5)c4)n[nH]c3c1)C(=O)N2,1000.0,6.0,1,478.596
COc1ccc2c(c1)[C@]1(CC1c1ccc3c(-c4cccc(N5CCNCC5)c4)n[nH]c3c1)C(=O)N2,1000.0,6.0,1,465.557
COc1ccc2c(c1)[C@]1(C[C@H]1c1ccc3c(-c4cccc(CN5CCOCC5)c4)n[nH]c3c1)C(=O)N2,1000.0,6.0,1,480.568
COc1ccc2nccc(Oc3ccc(CC(=O)Nc4noc(C)c4C)c(OC)c3)c2c1,1000.0,6.0,1,433.464
COc1cccc(-n2cc(/C=N/NC(=O)Nc3ccc(Oc4ccnc5cc(OC)c(OC)cc45)cc3)nn2)c1,1000.0,6.0,1,539.552
COc1cccc(C(=O)NCc2ccc(Oc3ncnc4cc(OC)c(OC)cc34)cc2)c1,1000.0,6.0,1,445.475
COc1cccc(CNC(=O)[C@H]2O[C@@H](n3cc(-c4ccn(C)n4)c4c(N)ncnc43)[C@H](O)[C@@H]2O)c1,1000.0,6.0,1,479.497
COc1cccc(NC(=O)Cc2cccc(Oc3ncnc4cc(OC)c(OC)cc34)c2)c1,1000.0,6.0,1,445.475
COc1cccc(NC(=O)[C@H]2O[C@@H](n3cc(-c4ccn(C)n4)c4c(N)ncnc43)[C@H](O)[C@@H]2O)c1,1000.0,6.0,1,465.47
COc1cccc(S(=O)(=O)NCc2ccc(Oc3ncnc4cc(OC)c(OC)cc34)cc2)c1,1000.0,6.0,1,481.53
C[C@@H](NC(=O)[C@H]1O[C@@H](n2cc(-c3ccn(C)n3)c3c(N)ncnc32)[C@H](O)[C@@H]1O)C1CCNCC1,1000.0,6.0,1,470.534
C[C@@H](Oc1cc(-c2cnn(C3CCNCC3)c2)cnc1N)c1c(Cl)ccc(F)c1Cl,1000.0,6.0,1,450.345
C[C@@H]1C[C@@H](NC(=O)[C@H]2O[C@@H](n3cc(-c4ccn(C)n4)c4c(N)ncnc43)[C@H](O)[C@@H]2O)CCN1C,1000.0,6.0,1,470.534
C[C@H](NC(=O)[C@H]1O[C@@H](n2cc(-c3ccn(C)n3)c3c(N)ncnc32)[C@H](O)[C@@H]1O)C1CCNCC1,1000.0,6.0,1,470.534
C[C@H]1CC(NC(=O)[C@H]2O[C@@H](n3cc(-c4ccn(C)n4)c4c(N)ncnc43)[C@H](O)[C@@H]2O)CCN1,1000.0,6.0,1,456.507
C[C@H]1C[C@@H](NC(=O)[C@H]2O[C@@H](n3cc(-c4ccn(C)n4)c4c(N)ncnc43)[C@H](O)[C@@H]2O)CCN1,1000.0,6.0,1,456.507
C[C@H]1C[C@@H](NC(=O)[C@H]2O[C@@H](n3cc(-c4ccn(C)n4)c4c(N)ncnc43)[C@H](O)[C@@H]2O)CCN1C,1000.0,6.0,1,470.534
C[C@H]1C[C@H](NC(=O)[C@H]2O[C@@H](n3cc(-c4ccn(C)n4)c4c(N)ncnc43)[C@H](O)[C@@H]2O)CCN1,1000.0,6.0,1,456.507
C[C@H]1C[C@H](NC(=O)[C@H]2O[C@@H](n3cc(-c4ccn(C)n4)c4c(N)ncnc43)[C@H](O)[C@@H]2O)CCN1C,1000.0,6.0,1,470.534
Cc1cc(/C=C2/C(=O)Nc3ccccc32)c2cccccc1-2,1000.0,6.0,1,285.346
Cc1cc(/C=C2\C(=O)Nc3ccccc32)c2cccccc1-2,1000.0,6.0,1,285.346
Cc1cc(C(=O)O)[nH]c1/C=C1\C(=O)Nc2cc(NC(=O)Nc3ccc(Cl)cc3)ccc21,1000.0,6.0,1,436.855
Cc1cc(C(=O)O)[nH]c1/C=C1\C(=O)Nc2cc(NC(=O)Nc3ccccc3)ccc21,1000.0,6.0,1,402.41
Cc1ccc(/C=C/C(=O)Nc2sc3c(c2C(N)=O)CCCC3)o1,1000.0,6.0,1,330.409
Cc1ccc(C(=O)NC(=O)Nc2ccc3c(c2)NC(=O)/C3=C\c2ccc[nH]2)cc1,1000.0,6.0,1,386.411
Cc1ccc2c(c1)/C(=C/c1ccc3cccccc1-3)C(=O)N2,1000.0,6.0,1,285.346
Cc1ccccc1-c1ccc(-c2nnc(N(C)Cc3ccc4nccn4c3)o2)cc1,1000.0,6.0,1,395.466
Cc1ccnc(NC(=O)[C@H]2O[C@@H](n3cc(-c4ccn(C)n4)c4c(N)ncnc43)[C@H](O)[C@@H]2O)c1,1000.0,6.0,1,450.459
Cc1nc2cc3nc(-c4cccs4)cnc3cc2n1C,1000.0,6.0,1,280.356
Cn1cc(-c2cnc(Nc3cccc(Cn4nc(-c5cnn(C)c5)ccc4=O)c3)nc2)cn1,1000.0,6.0,1,439.483
Cn1ccc(-c2cn([C@@H]3O[C@H](C(=O)N4CCC[C@@H](C(N)=O)C4)[C@@H](O)[C@H]3O)c3ncnc(N)c23)n1,1000.0,6.0,1,470.49
Cn1ccc(-c2cn([C@@H]3O[C@H](C(=O)N4CCC[C@@H](NS(C)(=O)=O)C4)[C@@H](O)[C@H]3O)c3ncnc(N)c23)n1,1000.0,6.0,1,520.572
Cn1ccc(-c2cn([C@@H]3O[C@H](C(=O)N4CCC[C@H](NS(C)(=O)=O)C4)[C@@H](O)[C@H]3O)c3ncnc(N)c23)n1,1000.0,6.0,1,520.572
Cn1ccc(-c2cn([C@@H]3O[C@H](C(=O)N4CCNC(=O)C4)[C@@H](O)[C@H]3O)c3ncnc(N)c23)n1,1000.0,6.0,1,442.436
Cn1ccc(-c2cn([C@@H]3O[C@H](C(=O)N4CCNCC4)[C@@H](O)[C@H]3O)c3ncnc(N)c23)n1,1000.0,6.0,1,428.453
Cn1ccc(-c2cn([C@@H]3O[C@H](C(=O)NC4CC5(CNC5)C4)[C@@H](O)[C@H]3O)c3ncnc(N)c23)n1,1000.0,6.0,1,454.491
Cn1ccc(-c2cn([C@@H]3O[C@H](C(=O)NC4CCN(CCO)CC4)[C@@H](O)[C@H]3O)c3ncnc(N)c23)n1,1000.0,6.0,1,486.533
Cn1ccc(-c2cn([C@@H]3O[C@H](C(=O)NC4CCNC(=O)C4)[C@@H](O)[C@H]3O)c3ncnc(N)c23)n1,1000.0,6.0,1,456.463
Cn1ccc(-c2cn([C@@H]3O[C@H](C(=O)NC4CCNC(C)(C)C4)[C@@H](O)[C@H]3O)c3ncnc(N)c23)n1,1000.0,6.0,1,470.534
Cn1ccc(-c2cn([C@@H]3O[C@H](C(=O)NC4CCOCC4)[C@@H](O)[C@H]3O)c3ncnc(N)c23)n1,1000.0,6.0,1,443.464
Cn1ccc(-c2cn([C@@H]3O[C@H](C(=O)NC4CCc5cnc(N)nc5C4)[C@@H](O)[C@H]3O)c3ncnc(N)c23)n1,1000.0,6.0,1,506.527
Cn1ccc(-c2cn([C@@H]3O[C@H](C(=O)NC4CCc5nc[nH]c5C4)[C@@H](O)[C@H]3O)c3ncnc(N)c23)n1,1000.0,6.0,1,479.501
Cn1ccc(-c2cn([C@@H]3O[C@H](C(=O)NCC#N)[C@@H](O)[C@H]3O)c3ncnc(N)c23)n1,1000.0,6.0,1,398.383
Cn1ccc(-c2cn([C@@H]3O[C@H](C(=O)NCC4(O)CCNCC4)[C@@H](O)[C@H]3O)c3ncnc(N)c23)n1,1000.0,6.0,1,472.506
Cn1ccc(-c2cn([C@@H]3O[C@H](C(=O)NCCCN4CCCC4)[C@@H](O)[C@H]3O)c3ncnc(N)c23)n1,1000.0,6.0,1,470.534
Cn1ccc(-c2cn([C@@H]3O[C@H](C(=O)NCC[C@H](N)C(=O)O)[C@@H](O)[C@H]3O)c3ncnc(N)c23)n1,1000.0,6.0,1,460.451
Cn1ccc(-c2cn([C@@H]3O[C@H](C(=O)NCCc4c[nH]cn4)[C@@H](O)[C@H]3O)c3ncnc(N)c23)n1,1000.0,6.0,1,453.463
Cn1ccc(-c2cn([C@@H]3O[C@H](C(=O)NCCc4ccccc4)[C@@H](O)[C@H]3O)c3ncnc(N)c23)n1,1000.0,6.0,1,463.498
Cn1ccc(-c2cn([C@@H]3O[C@H](C(=O)NCCc4cccnc4)[C@@H](O)[C@H]3O)c3ncnc(N)c23)n1,1000.0,6.0,1,464.486
Cn1ccc(-c2cn([C@@H]3O[C@H](C(=O)NC[C@H]4CC[C@@H](O)CC4)[C@@H](O)[C@H]3O)c3ncnc(N)c23)n1,1000.0,6.0,1,471.518
Cn1ccc(-c2cn([C@@H]3O[C@H](C(=O)NC[C@H]4CC[C@H](O)CC4)[C@@H](O)[C@H]3O)c3ncnc(N)c23)n1,1000.0,6.0,1,471.518
Cn1ccc(-c2cn([C@@H]3O[C@H](C(=O)NCc4cc(F)cc(F)c4)[C@@H](O)[C@H]3O)c3ncnc(N)c23)n1,1000.0,6.0,1,485.451
Cn1ccc(-c2cn([C@@H]3O[C@H](C(=O)NN4CCCCC4)[C@@H](O)[C@H]3O)c3ncnc(N)c23)n1,1000.0,6.0,1,442.48
Cn1ccc(-c2cn([C@@H]3O[C@H](C(=O)N[C@@H]4CCC(=O)NC4)[C@@H](O)[C@H]3O)c3ncnc(N)c23)n1,1000.0,6.0,1,456.463
Cn1ccc(-c2cn([C@@H]3O[C@H](C(=O)N[C@@H]4CCCNC4)[C@@H](O)[C@H]3O)c3ncnc(N)c23)n1,1000.0,6.0,1,442.48
Cn1ccc(-c2cn([C@@H]3O[C@H](C(=O)N[C@@H]4CCc5nc(N)sc5C4)[C@@H](O)[C@H]3O)c3ncnc(N)c23)n1,1000.0,6.0,1,511.568
Cn1ccc(-c2cn([C@@H]3O[C@H](C(=O)N[C@H]4CCC(=O)NC4)[C@@H](O)[C@H]3O)c3ncnc(N)c23)n1,1000.0,6.0,1,456.463
Cn1ccc(-c2cn([C@@H]3O[C@H](C(=O)N[C@H]4CCCNC4)[C@@H](O)[C@H]3O)c3ncnc(N)c23)n1,1000.0,6.0,1,442.48
Cn1ccc(-c2cn([C@@H]3O[C@H](C(=O)N[C@H]4CC[C@@](C)(O)CC4)[C@@H](O)[C@H]3O)c3ncnc(N)c23)n1,1000.0,6.0,1,471.518
Cn1ccc(-c2cn([C@@H]3O[C@H](C(=O)N[C@H]4CC[C@](C)(O)CC4)[C@@H](O)[C@H]3O)c3ncnc(N)c23)n1,1000.0,6.0,1,471.518
Cn1ccc(-c2cn([C@@H]3O[C@H](C(=O)N[C@H]4CCc5nc(N)sc5C4)[C@@H](O)[C@H]3O)c3ncnc(N)c23)n1,1000.0,6.0,1,511.568
Cn1ccc(-c2cn([C@@H]3O[C@H](C(=O)Nc4cc(F)cc(F)c4)[C@@H](O)[C@H]3O)c3ncnc(N)c23)n1,1000.0,6.0,1,471.424
Cn1ccc(-c2cn([C@@H]3O[C@H](C(=O)Nc4cc(N5CCC5)ccn4)[C@@H](O)[C@H]3O)c3ncnc(N)c23)n1,1000.0,6.0,1,491.512
Cn1ccc(-c2cn([C@@H]3O[C@H](C(=O)Nc4cc(NC5CCC5)ccn4)[C@@H](O)[C@H]3O)c3ncnc(N)c23)n1,1000.0,6.0,1,505.539
Cn1ccc(-c2cn([C@@H]3O[C@H](C(=O)Nc4cc(NC5CCC5)ncn4)[C@@H](O)[C@H]3O)c3ncnc(N)c23)n1,1000.0,6.0,1,506.527
Cn1ccc(-c2cn([C@@H]3O[C@H](C(=O)Nc4cc(NCC(F)F)ccn4)[C@@H](O)[C@H]3O)c3ncnc(N)c23)n1,1000.0,6.0,1,515.481
Cn1ccc(-c2cn([C@@H]3O[C@H](C(=O)Nc4cc(NCC5CC5)ccn4)[C@@H](O)[C@H]3O)c3ncnc(N)c23)n1,1000.0,6.0,1,505.539
Cn1ccc(-c2cn([C@@H]3O[C@H](C(=O)Nc4ccc5ccc(N6CCC6)nc5c4)[C@@H](O)[C@@H]3F)c3ncnc(N)c23)n1,1000.0,6.0,1,543.563
Cn1ccc(-c2cn([C@@H]3O[C@H](C(=O)Nc4ccccc4)[C@@H](O)[C@H]3O)c3ncnc(N)c23)n1,1000.0,6.0,1,435.444
Cn1ccc(-c2cn([C@@H]3O[C@H](C(=O)Nc4cccnc4)[C@@H](O)[C@H]3O)c3ncnc(N)c23)n1,1000.0,6.0,1,436.432
Cn1ccc(-c2cn([C@@H]3O[C@H](C(=O)Nc4ccnc(NC5CCC5)c4)[C@@H](O)[C@H]3O)c3ncnc(N)c23)n1,1000.0,6.0,1,505.539
Cn1ccc(-c2cn([C@@H]3O[C@H](C(=O)Nc4ccon4)[C@@H](O)[C@H]3O)c3ncnc(N)c23)n1,1000.0,6.0,1,426.393
Cn1ccc(-c2cn([C@@H]3O[C@H](C(N)=O)[C@@H](O)[C@H]3O)c3ncnc(N)c23)n1,1000.0,6.0,1,359.346
FC(F)(F)Oc1cccc(-n2nnc3ccc(NC4CCNCC4)nc32)c1,1000.0,6.0,1,378.358
N#CCNC(=O)c1ccc(-c2ccnc(Nc3ccc(N4CCOCC4)cc3)n2)cc1,1000.0,6.0,1,414.469
Nc1ncnc2c1ccn2[C@@H]1O[C@H](C(=O)Nc2ccc3ccc(N4CCC4)nc3c2)[C@@H](O)[C@@H]1F,1000.0,6.0,1,463.473
Nc1onc2nc(-c3ccccc3)cc(-c3ccc(NC(=O)Nc4ccccc4)cc3)c12,1010.0,6.0,1,421.46
O=C(NC(=O)c1ccc(C(F)(F)F)cc1)Nc1ccc2c(c1)NC(=O)/C2=C\c1ccc[nH]1,1000.0,6.0,1,440.381
O=C(NC(=O)c1ccc(Cl)c(Cl)c1)Nc1ccc2c(c1)NC(=O)/C2=C\c1ccc[nH]1,1000.0,6.0,1,441.274
O=C(NC(=O)c1ccccc1)Nc1ccc2c(c1)NC(=O)/C2=C\c1ccc[nH]1,1000.0,6.0,1,372.384
O=C(NC(=O)c1ccccc1F)Nc1ccc2c(c1)NC(=O)/C2=C\c1ccc[nH]1,1000.0,6.0,1,390.374
O=C(Nc1cc(-c2cccc(NS(=O)(=O)c3ccccc3)c2)n[nH]1)c1ccc(C(F)(F)F)cc1,1000.0,6.0,1,486.475
O=C(Nc1cc(-c2cccc(NS(=O)(=O)c3ccccc3)c2)n[nH]1)c1cccc(C(F)(F)F)c1,1000.0,6.0,1,486.475
O=C(Nc1cc(-c2cccc(NS(=O)(=O)c3ccccc3)c2)n[nH]1)c1cccc(N2CCOCC2)c1,1000.0,6.0,1,503.584
O=C(Nc1ccc(N2CCOCC2)cc1C(F)(F)F)c1cnn2ccc(NC3CCCCC3)nc12,1000.0,6.0,1,488.514
O=C(Nc1ccc(N2CCOCC2)cc1C(F)(F)F)c1cnn2ccc(N[C@H]3CCCNC3)nc12,1000.0,6.0,1,489.502
O=C(Nc1cccc(C(F)(F)F)c1)c1ccc(C2CC2)c(-c2ccc3nc(Nc4cnn(C5CC5)c4)ncc3c2)c1,1000.0,6.0,1,554.576
O=C(c1cc2cc(O)ccc2[nH]1)c1cc2ccc(F)cc2[nH]1,1000.0,6.0,1,294.285
O=C1Nc2ccc(Br)cc2/C1=C/c1ccc2cccccc1-2,1000.0,6.0,1,350.215
O=C1Nc2ccc(Br)cc2/C1=C\c1ccc2cccccc1-2,1000.0,6.0,1,350.215
O=C1Nc2ccc(F)cc2/C1=C/c1ccc2cccccc1-2,1000.0,6.0,1,289.309
OC1CCCCCCCNc2ncc3c(C4CCOCC4)cn(c3n2)CCCC1,1000.0,6.0,1,400.567
O[C@H]1CC[C@@H](Nc2ccc3nnn(-c4cccc(OC(F)(F)F)c4)c3n2)CC1,1000.0,6.0,1,393.369
O[C@H]1CC[C@H](Nc2ccc3nnn(-c4cccc(OC(F)(F)F)c4)c3n2)CC1,1000.0,6.0,1,393.369
O=C1CC/C=C\COc2cccc(c2)-c2ccnc(n2)Nc2cccc(c2)N1,1010.0,5.995,0,372.428
C[C@@H](Oc1nc(-c2cnn(C3CCCCC3)c2)cc2nn(C)cc12)[C@H]1CNC(=O)C1,452.0,5.973333333333334,0,408.506
CN1CCCN(C(=O)c2cccc(-c3ccc(/C=C4/C(=O)Nc5ccc(Cl)cc54)o3)c2)CC1,5067.0,5.9350000000000005,0,461.949
COc1cc(OC)cc(N(CCN)c2ccc3ncc(-c4cnn(CCO)c4)nc3c2)c1.Cl,5072.27,5.92,0,470.961
C=CC(=O)Nc1cccc(-n2c(=O)cnc3cnc(Nc4ccc(N5CCCCC5)cc4)nc32)c1,1312.5,5.91,0,467.533
Cc1nn(C)c(C)c1-c1ccc(-c2nnc(N(C)Cc3ccc4nccn4c3)o2)c(Cl)c1,10016.025,5.9,0,447.93
C[C@@H](Oc1cc(-c2cscn2)cc2nn(C)cc12)[C@H]1CNC(=O)C1,315.0,5.896666666666667,0,342.424
CN1CCN(C(=O)C(C)(C)c2ccc(C(=O)Nc3cn4cc(-c5ccncc5)ccc4n3)cc2)CC1,1554.0,5.890000000000001,0,482.588
COc1cc(OC)cc(N(Cc2cc3ncccc3o2)c2ccc3ncc(-c4cnn(C)c4)nc3c2)c1,1400.49,5.890000000000001,0,492.539
COc1ncc(F)cc1CNc1ccc(Cc2c[nH]c3ncc(C)cc23)c(F)n1,390.0,5.846,0,395.413
C[C@@H](Oc1nc(-c2cnn(CCC(F)(F)F)c2)cc2nn(C)cc12)[C@H]1CNC(=O)C1,5124.5,5.842499999999999,0,422.411
C[C@H](c1ccnc(Nc2nc3ccc(-c4cc(N(C)C)ncn4)cc3[nH]2)c1)N1CCN(C(=O)CC(F)(F)F)CC1,10061.5,5.8044850021680094,0,553.593
COc1cc(-c2cc3nn(C)cc3c(O[C@H](C)[C@H]3CNC(=O)C3)n2)ccc1O,369.0,5.761428571428572,0,382.42
Cc1ccc(NC(=O)c2ccc(CN3CCN(C)CC3)cc2)cc1Nc1nccc(-c2cccnc2)n1,15065.5,5.701439372640168,0,493.615
COc1cc(-c2cc3nn(C)cc3c(O[C@H](C)[C@H]3CNC(=O)C3)n2)ccc1OC(C)C,5240.0,5.684,0,424.501
Cc1cc(-c2c(C)nn(C)c2C)ccc1-c1nnc(N(C)Cc2ccc3nccn3c2)o1,15848.93,5.666666666666667,0,427.512
COc1cc(Cl)cc(N(CCCN2CCCC2)c2ccc3ncc(-c4cnn(C)c4)nc3c2)c1.Cl,5379.29,5.5600000000000005,0,513.473
Cc1cc(-c2c(C#N)nn(C)c2C)ccc1-c1nnc(N(C)Cc2ccc3nccn3c2)o1,12717.545,5.55,0,438.495
COc1cc(OC)cc(N(CC(=O)O)c2ccc3ncc(-c4cnn(C)c4)nc3c2)c1.Cl,5500.0,5.5,0,455.902
Cc1cc(-c2c(C)nn(C)c2C)cnc1-c1nnc(N(C)Cc2ccc3nccn3c2)o1,10373.475,5.4,0,428.5
CCCCNc1ncc(-c2ccccn2)c(NC2CCCCC2)n1,1015.0,5.99,0,325.46
CCC[C@H](C)Nc1ncc2c(-c3ccc(C4CCOCC4)cc3)cn([C@H]3CC[C@H](O)CC3)c2n1,1026.0,5.99,0,462.638
CCNC(=O)N1CC2CC(Nc3nc(Nc4cnn(C)c4)ncc3Cl)CC2C1,1025.0,5.99,0,404.906
CN1CCN(c2ccc(Nc3cc4c(cn3)ncc(=O)n4-c3ccc(CN)cc3)nc2)CC1,1042.0,5.98,0,442.527
Cc1cc(C)cc(Nc2nccc(-c3cc(C(=O)NCCN4CCCC4)n(C)n3)n2)c1,1047.0,5.98,0,419.533
CNCCNC(=O)c1cc(-c2ccnc(Nc3cc(C)cc(C)c3)n2)nn1C,1060.0,5.97,0,379.468
C1=CCCOc2cccc(c2)-c2ccnc(n2)Nc2cccc(c2)OCC1,1100.0,5.96,0,359.429
CCC[C@H](C)Nc1ncc2c(C3CCN(C(=O)c4ncccn4)CC3)cn([C@H]3CC[C@H](O)CC3)c2n1,1100.0,5.96,0,491.64
CCC[C@H](C)Nc1ncc2c(C3CCNC3)cn([C@H]3CC[C@H](O)CC3)c2n1,1100.0,5.96,0,371.529
CCOC(=O)CC(=O)Nc1cccc2c1Cc1c-2n[nH]c1-c1csc(C#CCOc2ccccc2)c1,1108.0,5.96,0,497.576
CN1CCN(c2nccn3c(-c4ccnc(NCc5ccsc5)n4)cnc23)CC1,1096.0,5.96,0,406.519
COc1ccc(-c2cc(=O)c3c(O)c(OC)c(OC)cc3o2)cc1O,1100.0,5.96,0,344.319
C[C@@H](Oc1nc(-c2ccc(C3CCN(C)CC3)cc2)cc2nn(C)cc12)[C@H]1CNC(=O)C1,1110.0,5.96,0,433.556
Cc1cc2ncc(-c3ccccc3)nc2cc1C,1100.0,5.96,0,234.302
Cc1ccc(-n2cc(-c3ccccn3)nn2)cc1,1100.0,5.96,0,236.278
N#Cc1ccc2cc1OC/C=C\CNc1ncc(C(=O)NC3CCN(C(=O)C4CCOCC4)CC3)c(n1)N2,1100.0,5.96,0,517.59
NC(=O)c1c(NC(=O)c2cccnc2)sc2c1CCCC2,1100.0,5.96,0,301.371
Nc1ncnn2ccc(C(=O)Nc3ccc(NC(=O)Nc4cccc(F)c4)cc3)c12,1100.0,5.96,0,405.393
CN1CCN(c2ccc(C(=O)Nc3n[nH]c4cc(Oc5ccccc5)ccc34)cc2)CC1,1134.0,5.95,0,427.508
CN1CCN(c2ccc(C(=O)Nc3n[nH]c4cc(OCCOCc5ccncc5)ccc34)cc2)CC1,1176.0,5.93,0,486.576
CN1CCN(c2ccc(C(=O)Nc3n[nH]c4cc(OCc5cccc(Oc6ccccc6)c5)ccc34)cc2)CC1,1171.0,5.93,0,533.632
C[C@@H](Oc1cc(-c2ccc(N3CCOCC3)cc2)cc2nn(C)cc12)[C@H]1CNC(=O)C1,1170.0,5.93,0,420.513
Clc1ccc2ncc(-c3cccc(NC4CNC4)n3)n2c1,1177.0,5.93,0,299.765
CN1CCC(n2cc(Nc3nc(OC4(C)CC4)c4nc(-c5cncnc5)ccc4n3)cn2)CC1,1200.0,5.92,0,457.542
CNc1ncc2c(-c3ccc(N4CCN(C(=O)C(C)(C)C)CC4)nc3)nn(Cc3cn(Cc4ccccc4)nn3)c2n1,1200.0,5.92,0,565.686
COCCOc1ccc2cc1CN(C)C/C=C/COCc1ccc(o1)-c1ccnc(n1)N2,1200.0,5.92,0,436.512
COc1ccc2c(c1)[C@]1(C[C@H]1c1ccc3c(-c4ccc(N5CCOCC5)nc4)n[nH]c3c1)C(=O)N2,1200.0,5.92,0,467.529
Cc1ccc2cc(C(=O)c3cc4cc(O)ccc4[nH]3)[nH]c2c1,1200.0,5.92,0,290.322
Cn1cc(-c2ccc3ncc(-c4ccc(-c5cnn(C)c5)s4)n3c2)cn1,1210.0,5.92,0,360.446
COc1cc(C2=C(c3cn(CCN4CCCCC4)c4ccccc34)C(=O)NC2=O)cc(OC)c1OC,1242.0,5.91,0,489.572
Cc1cc(C)cc(Nc2nccc(-c3cc(C(=O)NCCN4CCCCC4)n(C)n3)n2)c1,1244.0,5.91,0,433.56
C=CC(=O)Nc1cccc(-n2c(=O)cnc3cnc(Nc4ccc(N5CCN(C)CC5)cc4OC)nc32)c1,1243.0,5.904999999999999,0,512.574
CS(=O)(=O)c1cnc(Nc2ccc(O)cc2)nc1NCc1ccccc1,1258.93,5.9,0,370.434
Cc1c(-c2cc(O[C@H](C)[C@H]3CNC(=O)C3)c3cccnc3c2)cnn1C,1250.0,5.9,0,350.422
Nc1nsc2cccc(-c3ccc(NC(=O)Nc4cccc(C(F)(F)F)c4)cc3)c12,1260.0,5.9,0,428.439
O=C(CCCCCCC(=O)N1C/C=C/CCOc2cccc(c2)-c2ccnc(n2)Nc2cccc(c2)C1)NO,1256.0,5.9,0,529.641
C=CC(=O)Nc1cccc(-n2c(=O)cnc3cnc(Nc4ccc(N5CCCC5)cc4)nc32)c1,1306.0,5.890000000000001,0,453.506
CCC[C@H](C)Nc1ncc2c(-c3ccc(NC4CCCCC4)cc3)cn([C@H]3CC[C@H](O)CC3)c2n1,1296.0,5.89,0,475.681
CCC[C@H](C)Nc1ncc2c(C3CCN(C(=O)c4cscn4)CC3)cn([C@H]3CC[C@H](O)CC3)c2n1,1300.0,5.89,0,496.681
CC[C@@H](CO)NC(=O)c1cc(-c2ccnc(Nc3cc(C)cc(C)c3)n2)nn1C,1296.0,5.89,0,394.479
CN1CCN(c2nccn3c(-c4ccnc(NCc5ccccc5)n4)cnc23)CC1,1281.0,5.89,0,400.49
COc1ccc(-c2n[nH]c3ncc(-c4ccc(Cl)cc4N)cc23)cc1,1300.0,5.89,0,350.809
COc1ccc2cc(C(=O)c3cc4cc(OCCN5CCCCC5)ccc4[nH]3)[nH]c2c1,1300.0,5.89,0,417.509
NC(=O)c1c(NC(=O)C2CC2)sc2c1CCCC2,1300.0,5.89,0,264.35
c1cc(-c2cnc3c(NC4CCNCC4)nccn23)nc(N2CCOCC2)n1,1290.0,5.89,0,380.456
CCCCNc1ncc(-c2cn(C(c3ccccc3)(c3ccccc3)c3ccccc3)cn2)c(N[C@H]2CC[C@H](O)CC2)n1,1334.0,5.88,0,572.757
CN1CCN(c2nccn3c(-c4cccc(NCc5ccccc5Cl)n4)cnc23)CC1,1330.0,5.88,0,433.947
O[C@H]1CC[C@H](Nc2nc(NC3CCCCC3)ncc2-c2ccccn2)CC1,1321.0,5.88,0,367.497
CCCCN(C)c1ncc(-c2ccccn2)c(N[C@H]2CC[C@H](O)CC2)n1,1366.0,5.87,0,355.486
CN(C)C(=O)Cn1cc(-c2ccc(-c3cncc4ccccc34)cc2)cn1,1360.0,5.87,0,356.429
CN1CCN(c2nccn3c(-c4ccnc(NCc5ccccc5Cl)n4)cnc23)CC1,1355.0,5.87,0,434.935
CNC(=O)c1cncc(-c2cnc3cc(-c4cnn(C)c4)c(OC4CCOC4)nn23)c1,1343.0,5.87,0,419.445
Cc1c2c(O[C@H](C)[C@H]3CNC(=O)O3)nc(-c3cnn(C(C)(C)C)c3)cc2nn1C,1340.0,5.87,0,398.467
c1ccc(COc2cccc(-c3nc4sccn4c3-c3ccncn3)c2)cc1,1362.0,5.87,0,384.464
C=CC(=O)Nc1cccc(-n2c(=O)cnc3cnc(Nc4ccc(N(CC)CC)cc4)nc32)c1,1406.5,5.865,0,455.522
CO/N=C/c1c(N)ncnc1N1CCN(C(=O)Nc2ccc(Cl)cc2)CC1,1370.0,5.86,0,389.847
COc1cc(OC)cc(N(CC#Cc2cc(N)nc(C)n2)c2ccc3ncc(-c4cnn(C)c4)nc3c2)c1,1433.415,5.86,0,506.57
COc1ccc2c(OCc3nnc4sc(-c5cnn(C)c5)nn34)ccnc2c1,1370.0,5.86,0,393.432
COC(C)(C)C(=O)NC(=O)Nc1ccc(Oc2ccnc(-c3cnn(C)c3)c2)c(C)n1,1400.0,5.85,0,424.461
Fc1ccc(-n2nncc2-c2ccncc2)cc1,1400.0,5.85,0,240.241
Nc1noc2cccc(-c3ccc(NC(=O)/C=C/c4cccc(C(F)(F)F)c4)cc3)c12,1400.0,5.85,0,423.394
O=C(NCCc1ccc(O)c(Br)c1)/C(Cc1cc(Br)c(O)c(Oc2ccc(CCNC(=O)/C(Cc3cc(Br)c(O)c(-c4cc(C/C(=N\O)C(=O)NCCc5ccc(O)c(Br)c5)cc(Br)c4O)c3)=N/O)cc2Br)c1)=N/O,1400.0,5.85,0,1412.367
C1=C/CN(Cc2ccccn2)Cc2cccc(c2)Nc2nccc(n2)-c2cccc(c2)OCC/1,1450.0,5.84,0,449.558
Cc1cc(/C=C2\C(=O)Nc3ncccc32)c2ccccc(OCCCN(C)C)c1-2,1460.0,5.84,0,387.483
O=c1cc(-c2ccc(O)cc2)oc2cc(O)cc(O)c12,1450.0,5.84,0,270.24
CCC(=O)Nc1cccc(-n2c(=O)cnc3cnc(Nc4ccc(OC)cc4)nc32)c1,1486.0,5.83,0,416.441
CCCCNc1ncc(C(=O)Nc2cc(OC)ccc2OC)c(N[C@H]2CC[C@H](O)CC2)n1,1477.0,5.83,0,443.548
COc1c(O)cc2oc(-c3ccccc3)cc(=O)c2c1O,1480.0,5.83,0,284.267
Cn1cc(-c2ccc3c(Nc4cccc(NC(=O)Nc5cccc(F)c5)c4)ncnc3c2)cn1,1475.6,5.83,0,453.481
O=S(=O)(NCCCNc1nccc(-c2c(-c3cccc(O)c3)nc3sccn23)n1)c1cccc(F)c1,1480.0,5.83,0,524.603
COc1cc(C2=C(c3c[nH]c4cccnc34)C(=O)NC2=O)cc(OC)c1OC,1508.0,5.8219543704721595,0,379.372
C#Cc1cccc(Nc2ncnc3cc(OC)c(OCCCCCCC(=O)NO)cc23)c1,1500.0,5.82,0,434.496
CCC[C@H](C)Nc1ncc2c(C3CCN(C(=O)c4cccnn4)CC3)cn([C@H]3CC[C@H](O)CC3)c2n1,1500.0,5.82,0,491.64
CCNc1ncc(-c2ccc(Oc3ccnc(-n4cnc(C)c4)c3)c(C)n2)c(=O)[nH]1,1500.0,5.82,0,403.446
CN1CCN(CCNc2nccc(-c3c(-c4cccc(O)c4)nc4sccn34)n2)S1(=O)=O,1510.0,5.82,0,471.568
CN1CCN(c2ccc(C(=O)Nc3n[nH]c4cc(Oc5cccc(OCc6ccccc6)c5)ccc34)cc2)CC1,1504.0,5.82,0,533.632
CN1CCN(c2ccc(OC(F)(F)F)c(Nc3ncc4c(n3)-c3c(c(C(N)=O)nn3C)CC4)c2)CC1,1517.0,5.82,0,502.501
CNCc1cc(C)c(-c2cc3c(-c4cnn(C)c4)n[nH]c3cn2)c(F)c1,1507.0,5.82,0,350.401
COc1cc(C2=C(c3cn(CCCN(C)C)c4ccccc34)C(=O)NC2=O)cc(OC)c1OC,1529.0,5.82,0,463.534
Cc1ccc(F)c(NC(=O)Nc2ccc(-c3cccc4snc(N)c34)cc2)c1,1500.0,5.82,0,392.459
Cc1ncc(-c2nc3c(NC(C)C)nc(Nc4cnn(C5CC6(C5)CN(C)C6)c4)nc3cc2F)cn1,1500.0,5.82,0,488.575
O=C(c1cc2cc(F)ccc2[nH]1)c1cc2cc(OCCN3CCCCC3)ccc2[nH]1,1500.0,5.82,0,405.473
CN(C)CCCc1ccc(OC(F)(F)F)c(Nc2ncc3c(n2)-c2ccc(Cl)cc2NC(=S)C3)c1,1600.0,5.8,0,521.996
CNC(=O)c1sc(N2CC3CC2(CNC(=O)c2c[nH]c4ncc(C)cc24)C3)nc1C(F)(F)F,1584.89,5.8,0,478.5
CNC(=O)c1sc(N2CC3CC2(CNC(=O)c2c[nH]c4ncc(Cl)cc24)C3)nc1C(F)(F)F,1592.4450000000002,5.8,0,498.918
COc1ccc2cc1OC/C=C\CNc1ncc(C(=O)NC(C)C)c(n1)N2,1600.0,5.8,0,369.425
C[C@@H](Oc1nc(-c2ccc3c(c2)CN(C)CC3)cc2nn(C)cc12)[C@H]1CNC(=O)C1,1590.0,5.8,0,405.502
Cc1nc(-c2c(C)nn(C)c2C)ccc1-c1nnc(N(C)Cc2ccc3nccn3c2)o1,1584.89,5.8,0,428.5
Cc1nc(NC(=O)NC(=O)Cc2ccc(F)cc2)ccc1Oc1ccnc(-c2cnn(C)c2)c1,1600.0,5.8,0,460.469
Nc1noc2cccc(-c3ccc(NC(=O)Nc4ccccc4C(F)(F)F)cc3)c12,1570.0,5.8,0,412.371
CC1=CC(=O)N(Nc2nc(-c3ccccc3)nc3scc(-c4cccs4)c23)C1=O,1603.0,5.79,0,418.503
COc1cc(O)c(C(=O)OCc2ccc(F)cc2)c(/C=C/CN2C(=O)C=CC2=O)c1,1640.0,5.79,0,411.385
Cc1nccn1Cc1ccc(-c2cc3nn(C)cc3c(O[C@H](C)[C@H]3CNC(=O)C3)n2)cc1,1610.0,5.79,0,430.512
Cn1cc(-c2ccc3ncc(-c4ccc(-c5ccc(Cl)cc5)s4)n3c2)cn1,1640.0,5.79,0,390.899
CCCCS(=O)(=O)NCc1ccc(Nc2ncc(C)c(-c3cnn(C(C)C)c3)n2)cc1,1665.4,5.78,0,442.589
CCC[C@H](C)Nc1ncc2c(C3CCN(C(=O)c4cc(C)cc(C)c4)CC3)cn([C@H]3CC[C@H](O)CC3)c2n1,1680.0,5.78,0,517.718
CCC[C@H](C)Nc1ncc2c(C3CCN(S(=O)(=O)C4CCOCC4)CC3)cn([C@H]3CC[C@H](O)CC3)c2n1,1650.0,5.78,0,533.739
C[C@@H](Oc1nc(-c2ccc(N3CCN(C)CC3)cc2)cc2nn(C)cc12)[C@H]1CNC(=O)C1,1680.0,5.78,0,434.544
Cc1cc(C)cc(Nc2nccc(-c3cc(C(=O)NCCN(C)C)n(C)n3)n2)c1,1648.0,5.78,0,393.495
Cc1cnc(Nc2ccc(CCNC(=O)CCl)cc2)nc1-c1cnn(C(C)C)c1,1676.2,5.78,0,412.925
CC(=O)Oc1ccc2oc(C(=O)c3cc4cc(OC(C)=O)ccc4o3)cc2c1,1700.0,5.77,0,378.336
CC(C)NC(=O)c1cnc2nc1Nc1ccc(N)c(c1)OCCCCN2,1700.0,5.77,0,356.43
CCC[C@H](C)Nc1ncc2c(C3CCN(S(C)(=O)=O)CC3)cn([C@H]3CC[C@H](O)CC3)c2n1,1690.0,5.77,0,463.648
COc1cc(O)c2c(=O)cc(-c3ccc(O)cc3)oc2c1,1700.0,5.77,0,284.267
COc1cc(OC)cc(C(=O)Nc2sc3c(c2C(N)=O)CCCC3)c1,1700.0,5.77,0,360.435
COc1ccc(-c2cnn3c(N)c(-c4ccccc4)c(OC4CCN(C)CC4)nc23)cc1OC,1700.0,5.77,0,459.55
Cc1cc2nc(n1)Nc1cccc(c1)CN(C)C/C=C/CCOc1cccc-2c1,1700.0,5.77,0,386.499
Clc1ccc(-n2nncc2-c2ccncc2)cc1,1700.0,5.77,0,256.696
O=c1c(O)c(-c2cc(O)c(O)c(O)c2)oc2cc(O)cc(O)c12,1690.0,5.77,0,318.237
C=CC(=O)Nc1cccc(-n2c(=O)cnc3cnc(Nc4ccc(OC)cc4)nc32)c1,1730.0,5.765000000000001,0,414.425
COc1cc(C)cc(-c2c(-c3ccnc(-c4ccc(N(C)C)cc4)c3)cnn2CC#N)c1,1740.0,5.76,0,423.52
C=CC(=O)Nc1cccc(-n2c(=O)cnc3cnc(Nc4ccc(C(N)=O)cc4)nc32)c1,1791.0,5.75,0,427.424
C=CS(=O)(=O)NCCc1ccc(Nc2ncc(C)c(-c3cnn(C(C)C)c3)n2)cc1,1796.7,5.75,0,426.546
CC(C)NC(=O)c1cnc2nc1Nc1ccc(N)c(c1)OC/C=C/CN2,1800.0,5.75,0,354.414
CCNc1ncc(-c2ccc(Oc3ccnc(-c4cnn(C)c4)c3)cn2)c(=O)[nH]1,1800.0,5.75,0,389.419
Cc1nc(C)c2cc(-c3cc(O[C@H](C)[C@H]4CNC(=O)C4)c4cccnc4c3)ccc2n1,1760.0,5.75,0,412.493
O=C(c1cc2ccc(O)cc2o1)c1cc2ccc(O)cc2o1,1800.0,5.75,0,294.262
O=C1Nc2ccccc2/C1=C\c1ccc(O)cc1,1800.0,5.75,0,237.258
c1cc2c(ncc3onc(C4CCCCC4)c32)[nH]1,1800.0,5.75,0,241.294
CN1CCN(c2nccn3c(-c4ccnc(NC(CCN)c5cccc(Cl)c5)n4)cnc23)CC1,1830.0,5.74,0,478.004
Cc1c2c(O[C@H](C)[C@H]3CNC(=O)C3)cc(-c3cnn([C@@H]4CCOC(C)(C)C4)c3)cc2nn1C,1840.0,5.74,0,451.571
Cc1cccc(NC(=O)Nc2ccc(-c3ccnc4[nH]nc(C)c34)cc2)c1,1880.0,5.73,0,357.417
CN(/N=C/c1cnn2ccc(Cl)nc12)S(=O)(=O)c1cccnc1,1913.0,5.72,0,350.791
COc1cc(O)c(C(=O)OCc2ccc(Br)cc2)c(/C=C/CN2C(=O)C=CC2=O)c1,1900.0,5.72,0,472.291
COc1cc2c(N3CCN(C(=O)Nc4ccc(C#N)cc4)CC3)ncnc2cc1OCCCN1CCC(C)CC1,1910.0,5.72,0,543.672
Cc1cc(C)cc(Nc2nccc(-c3cc(C(=O)NCCCN(C)C)n(C)n3)n2)c1,1917.0,5.72,0,407.522
Cn1cc(-c2ccc3ncc(-c4ccc(-c5ccc(F)cc5)s4)n3c2)cn1,1910.0,5.72,0,374.444
Cc1c2c(O[C@H](C)[C@H]3CNC(=O)C3)cc(-c3cnn(C4CCC(F)(F)C4)c3)cc2nn1C,1948.0,5.71,0,443.498
CC(=O)Nc1sc2c(c1C(N)=O)CCCC2,2000.0,5.7,0,238.312
CCN1CCN(c2ccc(-c3cnc4ccc(/C=C5\SC(=O)NC5=O)nn34)cc2F)CC1,2000.0,5.7,0,452.515
CCN1CCN(c2ccc3ncc(-c4cccc(NC5CNC5)n4)n3c2)CC1,1998.0,5.7,0,377.496
Cc1c2c(O[C@H](C)[C@H]3CNC(=O)C3)cc(-c3cnn([C@H]4CO[C@@H]5CCCO[C@@H]54)c3)cc2nn1C,2015.0,5.7,0,465.554
O=C(Nc1cccc(-c2cn3ccnc3c(NCc3ccncc3)n2)c1)Nc1cccc(C(F)(F)F)c1,2000.0,5.7,0,503.488
O=S(=O)(NCCNc1nccc(-c2c(-c3cccc(O)c3)nc3sccn23)n1)c1ccc(F)cc1,1990.0,5.7,0,510.576
CN(C(=O)c1n[nH]c2ccccc12)c1ccccc1,2000.0,5.698970004336019,0,251.289
COC(=O)c1cccc(NC(=O)c2n[nH]c3ccccc23)c1,2000.0,5.698970004336019,0,295.298
COC(=O)c1ccccc1NC(=O)c1n[nH]c2ccccc12,2000.0,5.698970004336019,0,295.298
COc1ccccc1NC(=O)c1n[nH]c2ccccc12,2000.0,5.698970004336019,0,267.288
Cc1ccccc1NC(=O)c1n[nH]c2ccccc12,2000.0,5.698970004336019,0,251.289
Cn1nc(C(=O)Nc2ccccc2)c2ccccc21,2000.0,5.698970004336019,0,251.289
O=C(Nc1ccc(N2CCN(c3ccccc3)CC2)cc1)c1n[nH]c2ccccc12,2000.0,5.698970004336019,0,397.482
O=C(Nc1ccccc1)c1c[nH]c2ccccc12,2000.0,5.698970004336019,0,236.274
COc1cc(OC)cc(N(CC#Cc2cc(N)ccn2)c2ccc3ncc(-c4cnn(C)c4)nc3c2)c1,2105.065,5.685,0,491.555
CCC(=O)Nc1sc2c(c1C(N)=O)CCCC2,2100.0,5.68,0,252.339
COc1ccc(C(=O)Nc2sccc2C(N)=O)cc1OC,2100.0,5.68,0,306.343
CS(=O)(=O)c1ccc(-c2ccc3ncc(-c4ccc(-c5cccc(Cl)c5)s4)n3c2)cc1,2080.0,5.68,0,464.999
Cc1c2c(O[C@H](C)[C@H]3CNC(=O)C3)cc(-c3cnn(CC4CC4)c3)cc2nn1C,2071.0,5.68,0,393.491
CCNc1ncc(-c2ccc(Oc3ccnc(-c4ccc(C)nc4)c3)c(C)n2)c(=O)[nH]1,2200.0,5.66,0,414.469
CN1CCN(c2ccc(Nc3cc4c(cn3)ncc(=O)n4-c3ccc(N)cc3)cc2)CC1,2170.0,5.66,0,427.512
COc1cc(C2=C(c3c[nH]c4ccccc34)C(=O)NC2)cc(OC)c1OC,2200.0,5.66,0,364.401
COc1cccc(-c2nc3sccn3c2-c2ccnc(NCCNS(=O)(=O)c3ccc(C(F)(F)F)cc3)n2)c1,2170.0,5.66,0,574.61
Cc1c2c(O[C@H](C)[C@H]3CNC(=O)C3)cc(-c3cnn(C4CCC4)c3)cc2nn1C,2210.0,5.66,0,393.491
Cc1nc(-c2cnc(N3CCCC3)[nH]c2=O)ccc1Oc1ccnc(-c2cnn(C)c2)c1,2200.0,5.66,0,429.484
CNCc1cc(F)c(-c2cc3c(-c4cnn(C)c4)n[nH]c3cn2)c(C(F)(F)F)c1,2233.0,5.65,0,404.371
COc1cc(-c2cn[nH]c2)cn2c(-c3cccc(NC4CCNC4)n3)cnc12,2221.0,5.65,0,375.436
C[C@@H](Oc1cc(-c2cnn(C3CCC3)c2)cc2nn(C)c(F)c12)[C@H]1CNC(=O)C1,2230.0,5.65,0,397.454
Nc1nccc(Oc2ccc(NC(=O)C3(C(=O)Nc4ccc(F)cc4)CC3)cc2F)c1Cl,2216.0,5.65,0,458.852
COc1cc(-c2cc(O[C@H](C)[C@H]3CNC(=O)C3)c3cccnc3c2)ccc1C(F)(F)F,2270.0,5.64,0,430.426
Cc1cc(/C=N/NC(=O)Nc2ccc(-c3nc(N4CCOCC4)c4sccc4n3)cc2)cc(C)c1O,2300.0,5.64,0,502.6
Cc1cc(C)c(/C=C2\C(=O)Nc3ccc(-c4cccnc4)cc32)[nH]1,2300.0,5.64,0,315.376
Cc1ccc(-n2nncc2-c2ccncc2)cc1,2300.0,5.64,0,236.278
O=C(c1cc2ccccc2[nH]1)c1cc2cc(F)ccc2[nH]1,2300.0,5.64,0,278.286
C=CC(=O)Nc1cccc(-n2c(=O)cnc3cnc(Nc4ccccc4)nc32)c1,2389.5,5.635,0,384.399
C[C@@H](Oc1cc(-c2ccc(N3CCN(C)CC3)c(C(F)(F)F)c2)cc2nn(C)cc12)[C@H]1CNC(=O)C1,2350.0,5.63,0,501.553
O=c1c(O)c(-c2ccc(O)cc2)oc2cc(O)cc(O)c12,2320.0,5.63,0,286.239
CN(C)CCNc1nc(/C=C/c2ccc(S(C)(=O)=O)cc2)nc2ccccc12,2400.0,5.62,0,396.516
COc1cc(O)c2c(c1)CCCCCC(=O)C[C@H](Br)C[C@H](C)OC2=O,2400.0,5.62,0,413.308
C[C@@H](Oc1cc(-c2ccc3c(c2)c(N)nn3C)cc2nn(C)cc12)[C@H]1CNC(=O)C1,2390.0,5.62,0,404.474
O=C(NCCc1ccc(O)c(Br)c1)/C(Cc1cc(Br)c(O)c(-c2cc(C/C(=N/O)C(=O)NCCc3ccc(O)c(Br)c3)cc(Br)c2O)c1)=N\O,2400.0,5.62,0,942.25
C[C@@H](Oc1cc(-c2cnn(C3CCC(F)(F)C3)c2)cc2nn(C)c(F)c12)[C@H]1CNC(=O)C1,2440.0,5.61,0,447.461
Cc1ccc(NC(=O)c2cccc(C(F)(F)F)c2)cc1NC(=O)c1cccc2c(N)nccc12,2500.0,5.6020599913279625,0,464.447
NC(=O)c1cnc(Nc2cccc(O)n2)cc1Nc1ccccc1Cl,2500.0,5.6020599913279625,0,355.785
CN1CCN(c2ccc(Nc3ccc4ncc(=O)n(-c5ccc(N)cc5)c4n3)nc2)CC1,2537.0,5.6,0,428.5
CNc1ncc(-c2ccc(Oc3ccnc(-c4cnn(C)c4)c3)c(C)n2)c(=O)[nH]1,2500.0,5.6,0,389.419
COc1cc(O)c2c(c1)/C=C/CCCC(=O)C[C@H](Br)C[C@H](C)OC2=O,2500.0,5.6,0,411.292
COc1cc(OC)cc(N(CC#Cc2cc(Cl)nc(N)n2)c2ccc3ncc(-c4cnn(C)c4)nc3c2)c1,2544.585,5.6,0,526.988
Cc1cc(-c2cnc(N3CCCC3)[nH]c2=O)ncc1Oc1ccnc(-c2cnn(C)c2)c1,2500.0,5.6,0,429.484
COc1cc(OC)cc(N(CC#Cc2ccnc(N)n2)c2ccc3ncc(-c4cnn(C)c4)nc3c2)c1,2569.485,5.595000000000001,0,492.543
CC(C)(C)c1ccc(C(=O)Nc2ccc(C(N)=O)c(NC3CCCNC3)c2)cc1,2540.0,5.59,0,394.519
CCCCNc1ncc(-c2nccnc2N)c(N[C@H]2CC[C@H](O)CC2)n1,2656.0,5.58,0,357.462
COc1ccc2[nH]c(C(=O)c3cc4c(C)cccc4[nH]3)cc2c1,2600.0,5.58,0,304.349
Cc1cccc2[nH]c(C(=O)c3cc4cc(F)ccc4[nH]3)cc12,2600.0,5.58,0,292.313
Nc1ccc2c(c1)/C(=C/c1ccc[nH]1)C(=O)N2,2600.0,5.58,0,225.251
O=C(N/N=C/c1ccc(Br)cc1)Nc1ccc(Oc2ccnc3[nH]ccc23)c(F)c1,2600.0,5.58,0,468.286
CC(=O)Nc1ccc(-n2c(=O)cnc3cnc(Nc4ccc(N5CCN(C)CC5)cc4)cc32)cc1,2722.0,5.57,0,469.549
COc1cc(O)c(C(=O)OCC2CCCCC2)c(/C=C/CN2C(=O)C=CC2=O)c1,2690.0,5.57,0,399.443
COc1ccc(CCC(=O)Nc2sc3c(c2C(N)=O)CCCC3)cc1,2700.0,5.57,0,358.463
Cc1nc(NC(=O)NC(=O)CC2CCCCC2)ccc1Oc1ccnc(-c2cnn(C)c2)c1,2700.0,5.57,0,448.527
Nc1ncnc2c1N=C(c1cccc(NC(=O)Nc3ccccc3)c1)CCN2,2696.0,5.57,0,373.42
COc1ccc(-c2cc3nn(C)cc3c(O[C@H](C)[C@H]3CNC(=O)C3)n2)cc1OC,3990.0,5.5680000000000005,0,396.447
CN1C/C=C/CC(=O)Nc2cccc(c2)-c2ccnc(n2)Nc2cccc(c2)C1,2750.0,5.56,0,385.471
COc1cc2c(Oc3ccc(NC(=O)C4(C(=O)Nc5ccc(F)cc5)CC4)cc3)cc[n+]([O-])c2cc1OC,2750.0,5.56,0,517.513
COc1cc2nccc(Oc3ccc(NC(=O)C4(C(=O)O)CC4)cc3)c2cc1OC,2750.0,5.56,0,408.41
C[C@@H](Oc1cc(-c2cnn(C3CCN(C)CC3)c2)cc2nn(C)cc12)[C@H]1CNC(=O)C1,2780.0,5.56,0,422.533
Cc1cc(C)cc(Nc2nccc(-c3cc(C(=O)NCc4ncc[nH]4)n(C)n3)n2)c1,2767.0,5.56,0,402.462
CC(C)n1cc(-c2cc(O[C@H](C)[C@H]3CNC(=O)C3)c3c(F)n(C)nc3c2)cn1,2834.0,5.55,0,385.443
Cc1ccc(-c2cnc3ccc(Cl)cn23)nc1NC1CNC1,2787.0,5.55,0,313.792
C1=C/CNc2cccc(c2)Nc2nccc(n2)-c2cccc(c2)OCC/1,2900.0,5.54,0,344.418
CCc1cc(Nc2nccc(-c3c(-c4ccc(OC)c(C(=O)Nc5c(F)cccc5F)c4)nc4ccccn34)n2)c(OC)cc1N1CCC(N2CCN(S(C)(=O)=O)CC2)CC1,2850.0,5.54,0,851.981
Cn1cc(-c2ccc(-c3cnc4ccc(-c5ccc(S(C)(=O)=O)cc5)cn34)s2)cn1,2910.0,5.54,0,434.546
Nc1nc(N)c2c(n1)NCCC(c1ccc(NC(=O)Nc3ccccc3)cc1)=N2,2858.0,5.54,0,388.435
O=C1N/C=C/c2ccc(c(Br)c2)Oc2cc(cc(Br)c2O)CCNC(=O)/C(=N/O)Cc2ccc(c(Br)c2)Oc2cc(cc(Br)c2O)C/C1=N\O,2900.0,5.54,0,938.218
C=CC(=O)Nc1cccc(-n2c(=O)cnc3cnc(Nc4ccc(CC(N)=O)cc4)nc32)c1,2958.0,5.53,0,441.451
COc1cccc(-c2nc3sccn3c2-c2ccnc(NCCCNS(=O)(=O)c3cccc(F)c3)n2)c1,2980.0,5.53,0,538.63
Cc1nc(-c2cnc(NC(C)C)n(C)c2=O)ccc1Oc1ccnc(-c2cnn(C)c2)c1,3000.0,5.525743030061056,0,431.5
C[C@@H](Oc1cc(-c2csc(C(F)F)n2)cc2nn(C)cc12)[C@H]1CNC(=O)C1,1180.0,5.523333333333333,0,392.431
C=CC(=O)NCc1coc(-c2c(N)ncnc2Nc2ccc(OCc3ccccn3)c(Cl)c2)n1,3000.0,5.522878745280337,0,477.912
Cn1ccc2c(Oc3ccc(NC(=O)Cc4ccc(C(F)(F)F)c(F)c4)cc3)ncnc21,3000.0,5.522878745280337,0,444.388
COc1cc(OC)cc(N(Cc2cccs2)c2ccc3ncc(-c4cnn(C)c4)nc3c2)c1,3019.95,5.520000247408364,0,457.559
CC(C)(O)CCn1cc2cc(NC(=O)c3cccc(C(F)(F)F)n3)c(O[C@H]3CCOC3)cc2n1,3000.0,5.52,0,478.471
CCOc1cc2nccc(Oc3cnc(CC(=O)Nc4n[nH]c(CC)c4C)c(OC)c3)c2cc1OC,3000.0,5.52,0,491.548
COC(=O)c1ccc2c(c1)/C(=C1/Nc3ccccc3/C1=N\O)C(=O)N2,3040.0,5.52,0,335.319
COc1cc(C2=C(c3cn(CC(O)CO)c4ccccc34)CNC2=O)cc(OC)c1OC,3000.0,5.52,0,438.48
COc1cc(O)c(C(=O)OCC(C)c2ccccc2)c(/C=C/CN2C(=O)C=CC2=O)c1,3010.0,5.52,0,421.449
Cc1ccccc1C(=O)Nc1sc2c(c1C(N)=O)CCCC2,3000.0,5.52,0,314.41
N#Cc1ccc2cc1OC/C=C\CNc1ncc(C(=O)Nc3ccncc3)c(n1)N2,3000.0,5.52,0,399.414
Nc1ncc(-c2ncccc2C(F)(F)F)nc1C(=O)Nc1cccnc1N1CCC(N)CC1,3000.0,5.52,0,458.448
C[C@@H](Oc1nc(-c2ccc3c(c2)CCN(C)CC3)cc2nn(C)cc12)[C@H]1CNC(=O)C1,3070.0,5.51,0,419.529
c1cnc2cc(-c3cnnn3C3C4CC5CC(C4)CC3C5)ccc2n1,3100.0,5.51,0,331.423
COc1cc(OC)cc(N(CCF)c2ccc3ncc(-c4cnn(C)c4)nc3c2)c1,3929.1949999999997,5.505,0,407.449
C=CC(=O)Nc1cccc(-n2c(=O)cnc3cnc(Nc4ccc(Cl)cc4)nc32)c1,3207.0,5.5,0,418.844
CN(C)c1ccc(C(=O)Nc2n[nH]c3cc(OCCOCc4ccccc4)ccc23)cc1,3175.0,5.5,0,430.508
CN(C)c1ccc(C(=O)Nc2n[nH]c3cc(OCc4ccccc4)ccc23)cc1,3175.0,5.5,0,386.455
COc1cc(N2CCC(O)CC2)ccc1Nc1nc(Nc2ccccc2S(=O)(=O)C(C)C)c2cn[nH]c2n1,3138.0,5.5,0,537.646
COc1ccc2[nH]c(C(=O)c3cc4ccccc4[nH]3)cc2c1,3200.0,5.5,0,290.322
NC(=O)c1c(NC(=O)Cc2ccccc2)sc2c1CCCC2,3200.0,5.5,0,314.41
O=C1Nc2ccccc2[C@]12C[C@H]2c1ccc2cn[nH]c2c1,3200.0,5.5,0,275.311
C=CS(=O)(=O)N1CCC[C@@H]1Cn1cc(-c2ccc3c(c2)OCO3)c2c(N)ncnc21,3275.0,5.49,0,427.486
CCN1CCN(c2ccc(Nc3cc(N(C)C(=O)Nc4c(Cl)c(OC)cc(OC)c4Cl)ncn3)cc2)CC1,3252.0,5.49,0,560.486
CCN1CCN(c2ccc(Nc3cc(N(C)C(=O)Nc4c(Cl)c(OC)cc(OC)c4Cl)ncn3)cc2)CC1.O=P(O)(O)O,3252.0,5.49,0,658.48
COc1ccc(Cl)c(N(CCNC(C)C)c2ccc3ncc(-c4cnn(C)c4)nc3c2)c1.Cl,5523.5650000000005,5.49,0,487.435
CC(=O)Nc1cc(Oc2ccc(-c3cnc(NC(C)C)[nH]c3=O)nc2C)ccn1,3300.0,5.481486060122112,0,394.435
CCC(=O)NC(=O)Nc1ccc(Oc2ccnc(-c3cnn(C)c3)c2)c(C)n1,3300.0,5.481486060122112,0,380.408
CCNc1ncc(-c2ccc(Oc3ccnc(-c4cnn(C)c4)c3)c(C)n2)c(=O)[nH]1,3300.0,5.481486060122112,0,403.446
CCc1nc(NC(=O)NC(=O)C(C)(C)C)ccc1Oc1ccnc(-c2cnn(C)c2)c1,3300.0,5.481486060122112,0,422.489
CCn1cc(-c2cc(Oc3ccc(-c4cnc(NC(C)C)[nH]c4=O)nc3C)ccn2)cn1,3300.0,5.481486060122112,0,431.5
CNC(=O)c1cc(Oc2ccc(-c3cnc(NC(C)C)[nH]c3=O)nc2)ccn1,3300.0,5.481486060122112,0,380.408
COC(C)(C)C(=O)NC(=O)Nc1ccc(Oc2ccnc(-c3cc(C)no3)c2)c(C)n1,3300.0,5.481486060122112,0,425.445
COC(C)(C)C(=O)NC(=O)Nc1ccc(Oc2ccnc(-c3ccnc(C)c3)c2)c(C)n1,3300.0,5.481486060122112,0,435.484
COC(C)(C)C(=O)NC(=O)Nc1ccc(Oc2ccnc(-c3cnc(C)s3)c2)c(C)n1,3300.0,5.481486060122112,0,441.513
COC1(C(=O)NC(=O)Nc2ccc(Oc3ccnc(-c4cnn(C)c4)c3)c(C)n2)CC1,3300.0,5.481486060122112,0,422.445
COCC(=O)NC(=O)Nc1ccc(Oc2ccnc(-c3cnn(C)c3)c2)c(C)n1,3300.0,5.481486060122112,0,396.407
Cc1nc(-c2cnc(N(C)C)[nH]c2=O)ccc1Oc1ccnc(-c2cnn(C)c2)c1,3300.0,5.481486060122112,0,403.446
Cc1nc(-c2cnc(N3CCCCC3)[nH]c2=O)ccc1Oc1ccnc(-c2cnn(C)c2)c1,3300.0,5.481486060122112,0,443.511
Cc1nc(-c2cnc(N3CCOCC3)[nH]c2=O)ccc1Oc1ccnc(-c2cnn(C)c2)c1,3300.0,5.481486060122112,0,445.483
Cc1nc(-c2cnc(NC(C)C)[nH]c2=O)ccc1Oc1ccnc(-c2cnn(C)c2)c1,3300.0,5.481486060122112,0,417.473
Cc1nc(-c2cnc(NC3CC3)[nH]c2=O)ccc1Oc1ccnc(-c2cnn(C)c2)c1,3300.0,5.481486060122112,0,415.457
Cc1nc(-c2cnc(NC3CC3)n(C)c2=O)ccc1Oc1ccnc(-c2cnn(C)c2)c1,3300.0,5.481486060122112,0,429.484
Cc1nc(-c2cnc(NC3CCCC3)[nH]c2=O)ccc1Oc1ccnc(-c2cnn(C)c2)c1,3300.0,5.481486060122112,0,443.511
Cc1nc(-c2cnc(NC3CCOCC3)[nH]c2=O)ccc1Oc1ccnc(-c2cnn(C)c2)c1,3300.0,5.481486060122112,0,459.51
Cc1nc(NC(=O)NC(=O)C(C)(C)C)ccc1Oc1ccnc(-c2cnn(C)c2)c1,3300.0,5.481486060122112,0,408.462
Cc1nc(NC(=O)NC(=O)C(C)C)ccc1Oc1ccnc(-c2cnn(C)c2)c1,3300.0,5.481486060122112,0,394.435
Cc1nc(NC(=O)NC(=O)C2(C)CC2)ccc1Oc1ccnc(-c2cnn(C)c2)c1,3300.0,5.481486060122112,0,406.446
Cc1nc(NC(=O)NC(=O)C2(C)CCOCC2)ccc1Oc1ccnc(-c2cnn(C)c2)c1,3300.0,5.481486060122112,0,450.499
Cc1nc(NC(=O)NC(=O)C2CCC2)ccc1Oc1ccnc(-c2cnn(C)c2)c1,3300.0,5.481486060122112,0,406.446
Cc1nc(NC(=O)NC(=O)C2CCCC2)ccc1Oc1ccnc(-c2cnn(C)c2)c1,3300.0,5.481486060122112,0,420.473
Cc1nc(NC(=O)NC(=O)C2CCOC2)ccc1Oc1ccnc(-c2cnn(C)c2)c1,3300.0,5.481486060122112,0,422.445
Cc1nc(NC(=O)NC(=O)C2CCOCC2)ccc1Oc1ccnc(-c2cnn(C)c2)c1,3300.0,5.481486060122112,0,436.472
Cc1nc(NC(=O)NC(=O)CC2CCOCC2)ccc1Oc1ccnc(-c2cnn(C)c2)c1,3300.0,5.481486060122112,0,450.499
CC1=CC(=O)N(Nc2nc(-c3cccs3)nc3sc(Cc4ccc(O)cc4)c(C)c23)C1=O,3286.0,5.48,0,462.556
CN(/N=C/c1cnn2ccc(Cl)nc12)S(=O)(=O)c1ccc(F)cc1,3301.0,5.48,0,367.793
COc1cc2ncnc(N3CCN(C(=O)Nc4ccc([N+](=O)[O-])cc4)CC3)c2cc1OC,3300.0,5.48,0,438.444
Cc1c2c(O[C@H](C)[C@H]3CNC(=O)C3)cc(-c3cnn(C4CC4)c3)cc2nn1C,3316.0,5.48,0,379.464
O=C(O)CN1CCN(c2cc(-c3cnc4ccc(N5CCC[C@@H]5c5cccc(F)c5)nn34)ccn2)CC1,3300.0,5.48,0,501.566
COC(=O)Nc1ccc(-c2c(OC3CCN(C)CC3)nc3c(-c4ccc(OC)c(OC)c4)cnn3c2N)cc1,3400.0,5.47,0,532.601
COc1cc(/C=C/CN2C(=O)C=CC2=O)c(C(=O)OC(C)C)c(OC(C)=O)c1,3370.0,5.47,0,387.388
CSc1ccc(/C=C/c2nc(NCCN(C)C)c3cc(Cl)ccc3n2)cc1,3400.0,5.47,0,398.963
Cn1cc(-c2ccc(-c3cnc4ccccn34)s2)cn1,3350.0,5.47,0,280.356
O=C(c1cc2cc(O)ccc2[nH]1)c1cc2c(Br)cccc2[nH]1,3400.0,5.47,0,355.191
COc1ccc(Cl)c(N(CCNC(C)C)c2ccc3ncc(-c4cn[nH]c4)nc3c2)c1.Cl,5587.45,5.465,0,473.408
CC(C)c1ccc(/C=C/c2nc(NCCN(C)C)c3ccccc3n2)cc1,3500.0,5.46,0,360.505
CO[C@@H](C)c1c(Nc2ccc([C@H](N(C)C(=O)C3CCS(=O)(=O)CC3)C(F)(F)F)cc2)cnc2cc(Cl)nn12,3500.0,5.46,0,574.025
Cc1c2c(O[C@H](C)[C@H]3CNC(=O)C3)cc(-c3cnn(C4CC(C)(C)OC4(C)C)c3)cc2nn1C,3490.0,5.46,0,465.598
Cc1c2c(O[C@H](C)[C@H]3CNC(=O)C3)cc(-c3cnn(CCF)c3)cc2nn1C,3480.0,5.46,0,385.443
O=C(c1cc2ccccc2o1)c1cc2ccccc2o1,3500.0,5.46,0,262.264
Cc1c(C(=O)N2CCOc3ccc(-c4ccc(N)nc4)cc3C2)ccc(S(C)(=O)=O)c1F,3500.0,5.455931955649724,0,455.511
COc1cc(OC)cc(N(CC#Cc2cc(OC)ncn2)c2ccc3ncc(-c4cnn(C)c4)nc3c2)c1,3571.675,5.45,0,507.554
Cc1cc(C)cc(Nc2nccc(-c3cc(C(=O)N[C@@H](C)CO)n(C)n3)n2)c1,3551.0,5.45,0,380.452
CNC(=O)c1nc(-c2ccc(Cl)c(S(=O)(=O)Nc3cccc(F)c3C)c2)cnc1N,3600.0,5.443697499232712,0,449.895
CNC(=O)c1nc(-c2ccc(Cl)c(S(=O)(=O)Nc3cccc(F)c3F)c2)cnc1N,3600.0,5.443697499232712,0,453.858
O=c1[nH]c(CN2CC[C@@H](O)C2)nc2c1oc1ccc(Br)cc12,3600.0,5.443697499232712,0,364.199
CC(C)c1ccc(/C=C/c2nc(NCCN(C)C)c3cc(Cl)ccc3n2)cc1,3620.0,5.44,0,394.95
CN(C)CCNc1nc(/C=C/c2ccc(S(C)(=O)=O)cc2)nc2ccc(Cl)cc12,3660.0,5.44,0,430.961
COc1nc(C(C)C)ccc1-c1cnc2sc(N3CCC(O)(CN)CC3)nn12,3600.0,5.44,0,402.524
NC(=O)c1c(NC(=O)CCc2ccccc2)sc2c1CCCC2,3600.0,5.44,0,328.437
O=C(c1cc2cc(O)ccc2o1)c1cc2cc(O)ccc2o1,3600.0,5.44,0,294.262
CCC[C@H](C)Nc1ncc2c(-c3ccc4nc(C)oc4c3)cn([C@H]3CC[C@H](O)CC3)c2n1,3729.0,5.43,0,433.556
CS(=O)(=O)c1ccc(-c2ccc3ncc(-c4ccc(-c5ccc(F)cc5)s4)n3c2)cc1,3720.0,5.43,0,448.544
C[C@@H](Oc1cc(-c2ccc3c(cnn3C)c2)cc2nn(C)cc12)[C@H]1CNC(=O)C1,3690.0,5.43,0,389.459
C[C@@H](Oc1cc(-c2cnn(CC3CC3)c2)cc2nn(C)c(F)c12)[C@H]1CNC(=O)C1,3730.0,5.43,0,397.454
C[C@@H](Oc1nc(-c2cc3cccc(Cl)c3[nH]2)cc2nn(C)cc12)[C@H]1CNC(=O)C1,3750.0,5.43,0,409.877
C[C@@H](Oc1nc(-c2cnn(C3CCNCC3)c2)cc2nn(C)cc12)[C@H]1CNC(=O)C1,3670.0,5.43,0,409.494
COc1cc(O)cc(N(CCNC(C)C)c2ccc3ncc(-c4cnn(C)c4)nc3c2)c1,5706.27,5.425,0,432.528
COc1cc(OC)c(F)c(N(CCNC(C)C)c2ccc3ncc(-c4cnn(C)c4)nc3c2)c1F,5706.27,5.425,0,482.535
CCCCNc1ncc(-c2ccccn2)c(NCCO)n1,3760.0,5.42,0,287.367
CN(C)C/C=C/C(=O)Nc1cccc(-n2c(=O)cnc3cnc(Nc4ccccc4)nc32)c1,3778.0,5.42,0,441.495
CN1CCN(c2ccc(Nc3ccc4ncc(=O)n(-c5ccc(N)cc5)c4n3)cc2)CC1,3826.0,5.42,0,427.512
O=C(N/N=C/c1cccn1CCCN1CCCC1)Nc1ccc(Oc2ccnc3[nH]ccc23)cc1,3800.0,5.42,0,471.565
COc1cc(OC)cc(N(CC#Cc2nccnc2Cl)c2ccc3ncc(-c4cnn(C)c4)nc3c2)c1,3846.17,5.415,0,511.973
C[C@@H](Oc1nc(-c2cnn(C3CCCCO3)c2)cc2nn(C)cc12)[C@H]1CNC(=O)C1,1820.0,5.413333333333334,0,410.478
C[C@@H](Oc1cc(-c2ccc(N3CCCS3(=O)=O)cc2)cc2nn(C)cc12)[C@H]1CNC(=O)C1,3880.0,5.41,0,454.552
CCN1CCN(Cc2ccc(Nc3ncc(F)c(-c4cc(F)c5nc(C)n(C(C)C)c5c4)n3)nc2)CC1,3960.0,5.4,0,506.605
CN1CCN(CCc2ccc(NC(=O)c3cc(-c4ccc5c(c4)OCO5)cnc3O)cc2)CC1,4000.0,5.4,0,460.534
CN1CCOc2c1cnn1c(-c3ccc4c(F)ccc(NCC5(F)CCNCC5)c4n3)nnc21,3970.0,5.4,0,466.496
COC(=O)c1ccnc(C#CCN(c2cc(OC)cc(OC)c2)c2ccc3ncc(-c4cnn(C)c4)nc3c2)n1,4087.075,5.4,0,535.564
C[C@@H](Oc1cc(-c2cnn(C3CC3)c2)cc2nn(C)c(F)c12)[C@H]1CNC(=O)C1,3990.0,5.4,0,383.427
C[C@@H](Oc1cc(-c2cnn(C3CC(C)(C)OC3(C)C)c2)cc2nn(C)c(F)c12)[C@H]1CNC(=O)C1,4050.0,5.39,0,469.561
Nc1ncc(-c2ncnc3sccc23)nc1C(=O)Nc1ncccc1N1CCC(N)CC1,4100.0,5.39,0,447.528
COc1cc(NCC2CCNCC2)nc2c1nnn2-c1cccc(OC(F)(F)F)c1,4175.0,5.380000000000001,0,422.411
COc1cc(-c2cc3nn(C)cc3c(O[C@H](C)[C@H]3CNC(=O)C3)n2)ccc1OC1CCOCC1,4170.0,5.38,0,466.538
COc1cc(OC)cc(N(Cc2ccc(Cl)s2)c2ccc3ncc(-c4cnn(CCN5CCNCC5)c4)nc3c2)c1.Cl,4217.245,5.375,0,626.614
CCOC(=O)c1c(C)[nH]c(/C=C2\C(=O)Nc3ccccc32)c1C,4300.0,5.37,0,310.353
OC1CCN(c2cc(-c3cnc4ccc(N5CCC[C@@H]5c5cccc(F)c5)nn34)ccn2)CC1,4300.0,5.37,0,458.541
COc1cc(C2=C(c3c[nH]c4ccncc34)C(=O)NC2=O)cc(OC)c1OC,4634.0,5.361439372640168,0,379.372
CCC[C@@H](Nc1ncc2c(-c3ccc(CN4CCN(C)CC4)cc3)cn([C@H]3CC[C@H](O)CC3)c2n1)C(F)(F)F,4372.0,5.36,0,544.666
CN1CC(NC(=O)c2cnc3nc2Nc2ccc(C#N)c(c2)OC/C=C\CN3)C1,4400.0,5.36,0,391.435
COc1ccc(Nc2ncc3ncc(=O)n(-c4cccc(NC(=O)/C=C/CN(C)C)c4)c3n2)cc1,4400.0,5.36,0,471.521
COc1cccc2[nH]c(C(=O)c3cc4ccccc4[nH]3)cc12,4400.0,5.36,0,290.322
Clc1cccc(-n2nncc2-c2ccncc2)c1,4400.0,5.36,0,256.696
Nc1ncnc2c1c(-c1cccc(O)c1)cn2[C@H]1C[C@@H](CO)C1,4400.0,5.36,0,310.357
C=CC(=O)Nc1cccc(-n2c(=O)cnc3cnc(Nc4ccc(NC(C)=O)cc4)nc32)c1,4498.5,5.355,0,441.451
COc1cc(OC)cc(N(C)c2ccc3ncc(-c4cnn(C)c4)nc3c2)c1,5974.92,5.355,0,375.432
C[C@@H](Oc1nc(-c2ccc(N3CCOCC3)nc2)cc2nn(C)cc12)[C@H]1CNC(=O)C1,4440.0,5.35,0,422.489
Cc1cc(-c2c(C)n[nH]c2C)ccc1-c1nnc(N(C)Cc2ccc3nccn3c2)o1,5227.585,5.35,0,413.485
COc1cc(OC)cc(N(CCNC(C)C)c2ccc3ncc(-c4cnn(C5CCN(C(=O)OC(C)(C)C)CC5)c4)nc3c2)c1,4526.05,5.345000000000001,0,615.779
COc1cc(OC)cc(N(c2ccc3ncc(-c4cnn(C)c4)nc3c2)[C@H]2CC[C@H](NC(C)C)CC2)c1,4586.105,5.345,0,500.647
C=C1/C=C\C[C@H](C)OC(=O)c2c(O)cc(OC)cc2-c2cccc(c2)[C@@H](O)[C@@H]1O,4530.0,5.34,0,396.439
CNC(=O)c1cc(OC)cc(N(CCNC(C)C)c2ccc3ncc(-c4cnn(C(C)C)c4)nc3c2)c1,6044.65,5.34,0,501.635
COc1cc(OC)cc(N(CC#Cc2cc(OC)ccn2)c2ccc3ncc(-c4cnn(C)c4)nc3c2)c1,4669.38,5.34,0,506.566
COc1cc(OC)cc(N(CCN(CCCN)C(C)C)c2ccc3ncc(-c4cnn(C)c4)nc3c2)c1.Cl,4572.095,5.34,0,540.112
O=C(c1cc2ccccc2[nH]1)c1cc2ccccc2[nH]1,4600.0,5.34,0,260.296
CN(/N=C/c1cnn2ccc(Cl)nc12)S(=O)(=O)c1ccccc1,4628.0,5.33,0,349.803
Cc1c2c(O[C@H](C)[C@H]3CNC(=O)C3)cc(-c3cnn(C(C)C)c3)cc2nn1C,4673.0,5.33,0,381.48
O=C1C(c2c(O)[nH]c3ccc(I)cc23)=Nc2ccccc21,4722.0,5.33,0,388.164
COc1cc(OC)cc(N(CCO)c2ccc3ncc(-c4cnn(C)c4CCCO)nc3c2)c1,6119.36,5.325,0,463.538
CC(C)NC(=O)c1cnc2nc1Nc1ccc(N)c(c1)OC/C=C/CCN2,4800.0,5.32,0,368.441
CCNC(=O)Nc1ccc(Oc2ncnc(N)c2/C=N/OC)cc1Cl,4800.0,5.32,0,364.793
CN1C/C=C/COCc2cncc(c2)-c2ccnc(n2)Nc2cccc(c2)C1,4800.0,5.32,0,373.46
C[C@@H](Oc1cc(-c2cnn(C3CCOCC3)c2)cc2nn(C)cc12)[C@H]1CNC(=O)C1,4770.0,5.32,0,409.49
C[C@@H](Oc1nc(-c2ccc3c(cnn3C)c2)cc2nn(C)cc12)[C@H]1CNC(=O)C1,4780.0,5.32,0,390.447
Cc1ccc(-c2cn([C@H]3CC[C@@H](N)CC3)c3ncnc(N)c23)c(F)c1,4785.0,5.32,0,339.418
O=C(Nc1ccc(Oc2ccnc3[nH]ccc23)c(F)c1)c1cn(-c2ccc(F)cc2)c2ccccc2c1=O,4776.0,5.32,0,508.484
c1cc(-c2cnnn2C2C3CC4CC(C3)CC2C4)ccn1,4800.0,5.32,0,280.375
COc1ccnc(C#CCN(c2ccc3ncc(-c4cnn(C)c4)nc3c2)c2c(F)c(OC)cc(OC)c2F)n1,5195.385,5.315,0,543.534
COc1cc(OC)cc(N(CC2CC2)c2ccc3ncc(-c4cnn(C(C)(C)C(=O)N5CCNCC5)c4)nc3c2)c1,4880.605,5.3149999999999995,0,555.683
COc1cc(OC)cc(N(CCNC(C)C)c2ccc3ncc(-c4cnn(C5CCN(C)CC5)c4)nc3c2)c1.Cl,5028.2,5.3100000000000005,0,566.15
CCCCNc1ncc(-c2cc(NC(=O)c3ccc(F)cc3)ncn2)c(N[C@H]2CC[C@H](O)CC2)n1,4914.0,5.31,0,479.56
CCc1c(-c2cnc3ccc(N(CCO)c4cc(OC)cc(OC)c4)cc3n2)cnn1C,6030.91,5.31,0,433.512
CN1CCN(c2nccn3c(-c4ccnc(NC(CCN)c5ccccc5)n4)cnc23)CC1,4930.0,5.31,0,443.559
Cc1cc(C(=O)N2CCC(c3cn([C@H]4CC[C@H](O)CC4)c4nc(N[C@@H](C)c5ccccc5)ncc34)CC2)cc(C)n1,4920.0,5.31,0,552.723
CCN(CC)CCCNc1nc(/C=C/c2ccc(OC)cc2)nc2ccc(Br)cc12,7230.0,5.305,0,469.427
CCCS(=O)(=O)Nc1ccc(F)c(C(=O)c2c[nH]c3ncc(Cl)cc23)c1F,5000.0,5.301029995663981,0,413.833
Cn1c(=O)c(S(=O)(=O)c2ccc(F)cc2F)cc2cnc(Nc3ccc4[nH]ccc4c3)nc21,5000.0,5.301029995663981,0,467.457
O=C(Cc1cccc(OCCCC2CCNCC2)c1)Nc1nc(-c2ccncc2)cs1,5000.0,5.301029995663981,0,436.581
O=C(NCc1ccccn1)c1ccc(-n2cc(-c3ccncc3)cn2)cc1,5000.0,5.301029995663981,0,355.401
CN1CCN(c2ccc(NC(=O)c3cc(-c4ccc5c(c4)OCO5)cnc3O)cc2)CC1,5000.0,5.3,0,432.48
CNC(=O)c1sc(N2CC3CC2(CNC(=O)c2c[nH]c4ncccc24)C3)nc1C(F)(F)F,5011.87,5.3,0,464.473
COc1cc(C2=C(c3cn(C)c4ccccc34)C(=O)NC2)cc(OC)c1OC,5000.0,5.3,0,378.428
C[C@@H](Oc1cc(-c2cnn(CCC(F)(F)F)c2)cc2nn(C)c(F)c12)[C@H]1CNC(=O)C1,5030.0,5.3,0,439.413
Cc1c2c(O[C@H](C)[C@H]3CNC(=O)C3)cc(-c3cnn(CC(C)C)c3)cc2nn1C,4954.0,5.3,0,395.507
Cc1ccc(Br)cc1S(=O)(=O)N(C)/N=C/c1cnn2ccc(Cl)nc12,5047.0,5.3,0,442.726
Clc1ccc2ncc(-c3cc(Br)cc(NC4CNC4)n3)n2c1,4956.0,5.3,0,378.661
Cc1ccc(NC(=O)Nc2cc(C(F)(F)F)ccc2F)cc1Nc1ccc2c(c1)NC(=O)/C2=C\c1ccc[nH]1,5100.0,5.29,0,535.501
CNC(=O)c1cc(Oc2ccc(C3=NNC(c4cccc(Br)c4)C3)cc2)ccn1,5200.0,5.28,0,451.324
CNC(=O)c1cccc2c1nc(Nc1ccccc1Cl)c1ccsc12,5300.0,5.28,0,367.861
Cc1c2c(O[C@H](C)[C@H]3CNC(=O)C3)cc(-c3cnn(C(C)(C)C)c3)cc2nn1C,5219.0,5.28,0,395.507
O=C1NCCc2cc(Br)c(O)c(c2)Oc2c(Br)cc(cc2Br)CCNC(=O)/C(=N/O)Cc2cc(Br)c(O)c(c2)Oc2c(Br)cc(cc2Br)C/C1=N\O,5300.0,5.28,0,1098.026
COc1cc(OC)cc(N(CCC2CCN(C(C)C)CC2)c2ccc3ncc(-c4cnn(C)c4)nc3c2)c1,5317.639999999999,5.275,0,514.674
CC(C)NC(=O)c1cnc2nc1Nc1ccc(F)c(c1)OC/C=C\CN2,5400.0,5.27,0,357.389
CC(C)NCCN(c1cc(Cl)cc(Cl)c1)c1ccc2ncc(-c3cnn(C)c3)nc2c1,5393.115,5.27,0,455.393
COc1cc(OC)cc(N(CC2CC2)c2ccc3ncc(-c4cnn(CCCN5CCN(CCCO)CC5)c4)nc3c2)c1.Cl,5371.74,5.27,0,622.214
COc1cc(OC)cc(N(CCCO)c2ccc3ncc(-c4cnn(C(C)C)c4)nc3c2)c1,6475.605,5.265000000000001,0,447.539
COc1cc(OC)cc(N(CC2CC2)c2ccc3ncc(-c4cnn(CCC5CCNCC5)c4)nc3c2)c1.Cl,5432.865,5.265,0,549.119
COc1cc(OC)cc(N(CC2CC2)c2ccc3ncc(-c4cnn(CCN5CCNCC5)c4)nc3c2)c1.Cl,5559.41,5.255,0,550.107
CCN(CC)CCNC(=O)c1cc(-c2ccnc(Nc3cc(C)cc(C)c3)n2)nn1C,5581.0,5.25,0,421.549
CN(C)CCCc1ccc(C(F)(F)F)c(Nc2ncc3c(n2)-c2ccc(Cl)cc2NC(=S)C3)c1,5600.0,5.25,0,505.997
COc1cc(OC)c(F)c(N(CCO)c2ccc3ncc(-c4cnn(C)c4)nc3c2)c1F,6581.14,5.25,0,441.438
COc1cc(OC)cc(N(CC#Cc2ccnc(C#N)c2)c2ccc3ncc(-c4cnn(C)c4)nc3c2)c1,5719.09,5.25,0,501.55
Cc1cnc(Nc2ccc(CNC(=O)CCCl)cc2)nc1-c1cnn(C(C)C)c1,5560.4,5.25,0,412.925
C=CCOc1cc(OC)ccc1C(=O)/C=C/c1ccc(OC)cc1,5700.0,5.24,0,324.376
CN1CCN(c2nccn3c(-c4cccc(NC(CCN)c5ccccc5)n4)cnc23)CC1,5780.0,5.24,0,442.571
Clc1ccc(-n2cc(-c3ccncc3)nn2)cc1,5800.0,5.24,0,256.696
COc1cc(OC)c(Cl)c(N(CCNC(C)C)c2ccc3ncc(-c4cnn(C)c4)nc3c2)c1Cl,5960.855,5.234999999999999,0,515.445
[2H]C([2H])([2H])Oc1cc(OC([2H])([2H])[2H])cc(N(c2ccc3ncc(-c4cnn(C)c4)nc3c2)C([2H])([2H])C([2H])([2H])O)c1,6694.22,5.234999999999999,0,415.519
CC(=O)c1c(C)c2cnc(Nc3ccc(N4CCNCC4)cn3)nc2n(C2CCCC2)c1=O,6740.0,5.23,0,447.543
COc1cc(OC)cc(N(CC#Cc2cnccn2)c2ccc3ncc(-c4cnn(C)c4)nc3c2)c1,6078.33,5.23,0,477.528
COc1cc(OC)cc(N(CC2CC2)c2ccc3ncc(-c4cnn(CC(=O)NCCN5CCCC5)c4)nc3c2)c1,5902.49,5.23,0,555.683
COc1cc(OC)cc(N(CC2CC2)c2ccc3ncc(-c4cnn(CC(O)CN5CCCCC5)c4)nc3c2)c1,5902.49,5.23,0,542.684
COc1cc(OC)cc(N(CC2CC2)c2ccc3ncc(-c4cnn(CC5CCN(C)CC5)c4)nc3c2)c1,5913.43,5.23,0,512.658
COc1cc(OC)cc(N(CCCNCC(F)(F)F)c2ccc3ncc(-c4cnn(CCCN)c4)nc3c2)c1.Cl,6015.33,5.23,0,580.055
Cc1cnc(Nc2ccc(CNC(=O)CCCN(C)C)cc2)nc1-c1cnn(C(C)C)c1,5843.6,5.23,0,435.576
Fc1ccc(-c2ccc(-c3cnc4ccccn34)s2)cc1,5850.0,5.23,0,294.354
NCCn1cc(-c2cc(-c3cc4ccccc4s3)c3[nH]ncc3c2)c2nc(N)ncc21,5900.0,5.23,0,425.521
COc1cc(OC)cc(N(CCO)c2ccc3ncc(-c4cnn(C5CCN(C)CC5)c4)nc3c2)c1,6774.0650000000005,5.225,0,488.592
COc1cc(F)cc(N(CCCNC(C)C)c2ccc3ncc(-c4cnn(C)c4)nc3c2)c1,6815.39,5.220000000000001,0,448.546
COc1cc(OC)cc(N(CCCO)c2ccc3ncc(-c4cnn(C5CCCCO5)c4)nc3c2)c1,6857.675,5.215,0,489.576
CCN(CC)CCNc1nc(/C=C/c2ccc(S(C)(=O)=O)cc2)nc2ccc(Cl)cc12,6130.0,5.21,0,459.015
COc1cc(C2=C(c3c[nH]c4ccccc34)CNC2=O)cc(OC)c1OC,6100.0,5.21,0,364.401
COc1cc(OC)cc(N(CCCN2C[C@@H](C)N[C@@H](C)C2)c2ccc3ncc(-c4cnn(C)c4)nc3c2)c1,6402.83,5.21,0,515.662
Cc1ccccc1-n1nncc1-c1ccncc1,6200.0,5.21,0,236.278
CCn1c(-c2nnc(N(C)Cc3ccc4nccn4c3)o2)nc2ccccc21,6309.57,5.2,0,373.42
CN1CCOc2c1cnn1c(-c3ccc4c(F)c(F)cc(NCC5(F)CCNCC5)c4n3)nnc21,6320.0,5.2,0,484.486
COc1cc(OC)cc(N(CC2CC2)c2ccc3ncc(-c4cnn(CCN5CCN(CCO)CC5)c4)nc3c2)c1.Cl,6311.245,5.2,0,594.16
COc1cc2ncc(-c3cccc(NC4CCNC4)n3)n2cc1-c1nnn[nH]1,6255.0,5.2,0,377.412
Cc1ccc(C(N)=O)cc1S(=O)(=O)N(C)/N=C/c1cnn2ccc(Cl)nc12,6264.0,5.2,0,406.855
Clc1ccc(-n2cc(-c3ccccn3)nn2)cc1,6300.0,5.2,0,256.696
c1ccc(Cn2cc(-c3ccc4nccnc4c3)nn2)cc1,6300.0,5.2,0,287.326
[2H]C([2H])([2H])Oc1cc(OC([2H])([2H])[2H])cc(N(CC#Cc2ccncc2)c2ccc3ncc(-c4cnn(C(C)C)c4)nc3c2)c1,6513.05,5.199999999999999,0,510.631
COc1ccc2c(c1)[C@@]1(C[C@@H]1c1ccc3c(-c4ccc(N5CCN(C)CC5)nc4)n[nH]c3c1)C(=O)N2,6500.0,5.19,0,480.572
Cc1ccc(S(C)(=O)=O)cc1S(=O)(=O)N(C)/N=C/c1cnn2ccc(Cl)nc12,6456.0,5.19,0,441.922
N#Cc1ccc2cc1OC/C=C\CNc1ncc(C(=O)NC3CCN(CC4CCOCC4)CC3)c(n1)N2,6500.0,5.19,0,503.607
COc1cc(OC)cc(N(CC#CC2CCNCC2)c2ccc3ncc(-c4cnn(C)c4)nc3c2)c1.Cl,6628.46,5.1899999999999995,0,519.049
COc1ccc(Cl)c(N(CCO)c2ccc3ncc(-c4cnn(C)c4)nc3c2)c1,7132.9,5.1850000000000005,0,409.877
COc1cc(OC)cc(N(CC#Cc2ncccn2)c2ccc3ncc(-c4cnn(C)c4)nc3c2)c1,6670.09,5.18,0,477.528
COc1cccc(N(CCNC(C)C)c2ccc3ncc(-c4cnn(C)c4)nc3c2)c1.Cl,7182.58,5.18,0,452.99
COc1cccc2cc(C(=O)c3cc4cc(O)ccc4[nH]3)[nH]c12,6600.0,5.18,0,306.321
Cc1cc(C)cc(Nc2nccc(-c3cc(C(=O)NCc4ccccn4)n(C)n3)n2)c1,6561.0,5.18,0,413.485
Cc1ccc(-n2cc(-c3ccncc3)nn2)cc1,6600.0,5.18,0,236.278
N#Cc1ccc2cc1OC/C=C\CNc1ncc(C(=O)N[C@H]3CCNC3)c(n1)N2,6600.0,5.18,0,391.435
C=CCN(c1cc(OC)cc(OC)c1)c1ccc2ncc(-c3cnn(C)c3)nc2c1,7233.42,5.175,0,401.47
COc1cc(OC)cc(N(CC2CC2)c2ccc3ncc(-c4cnn(C5CCNCC5)c4)nc3c2)c1,6843.98,5.175,0,484.604
COc1cc(OC)cc(N(CCCN2CCC(N3CCCCC3)C2)c2ccc3ncc(-c4cnn(C)c4)nc3c2)c1,6719.35,5.175,0,555.727
COc1cc2ncnc(Nc3ccc(F)c(Cl)c3)c2cc1NC(=O)/C(F)=C/CN(C)C,6810.0,5.17,0,447.873
COc1ccc2cc(C(=O)c3cc4cc(OCCN(C)C)ccc4[nH]3)[nH]c2c1,6700.0,5.17,0,377.444
CSc1ccc(/C=C/c2nc(NCCN(C)C)c3ccccc3n2)cc1,6780.0,5.17,0,364.518
Cc1cc2c(O[C@H](C)[C@H]3CNC(=O)C3)cc(-c3cnn(C(C)(C)C)c3)cn2n1,6677.0,5.17,0,381.48
Fc1ccc(-n2cc(-c3ccccn3)nn2)cc1,6700.0,5.17,0,240.241
c1ccc(Cc2cnc(N3CCN(c4ncnc5ccccc45)CC3)nc2)cc1,6692.0,5.17,0,382.471
CNc1cccc(N(CC2CC2)c2ccc3ncc(-c4cnn(C)c4)nc3c2)c1,7393.15,5.16,0,384.487
COc1cc(NCC2CCNCC2)nc2c1nnn2-c1cccc(N(C)C)c1,7000.0,5.16,0,381.484
COc1cc(OC)cc(N(CC#Cc2nccs2)c2ccc3ncc(-c4cnn(C)c4)nc3c2)c1,7393.15,5.16,0,482.569
COc1cc(OC)cc(N(Cc2nnc(N)o2)c2ccc3ncc(-c4cnn(C)c4)nc3c2)c1,7393.15,5.16,0,458.482
COc1cc2nn(C3CCCS(=O)(=O)C3)cc2cc1NC(=O)c1cccc(C(F)(F)F)n1,7000.0,5.16,0,468.457
COc1ccc(C(=O)Nc2sc3c(c2C(N)=O)CCCCC3)cc1OC,6900.0,5.16,0,374.462
COc1cccnc1C#CCN(c1ccc2ncc(-c3cnn(C)c3)nc2c1)c1c(F)c(OC)cc(OC)c1F,7393.15,5.16,0,542.546
Cc1nc(Nc2ncc(C(=O)Nc3c(Cl)ccnc3C)s2)cc(NN2CCN(CCO)CC2)n1,6900.0,5.16,0,504.02
CCN(C)Cc1cc(OC)cc(N(CC2CC2)c2ccc3ncc(-c4cnn(C)c4)nc3c2)c1,7203.96,5.154999999999999,0,456.594
COc1cc(OC)cc(N(CCCN2CCC[C@H]2CNS(=O)(=O)C(F)(F)F)c2ccc3ncc(-c4cnn(C)c4)nc3c2)c1,7448.895,5.154999999999999,0,633.697
COc1cc(OC)cc(N(CCO)c2ccc3ncc(-c4cnn(C)c4CCO)nc3c2)c1,7448.895,5.154999999999999,0,449.511
CC(C)N(C)C(=O)c1cnc2nc1Nc1ccc(C#N)c(c1)OC/C=C\CN2,7100.0,5.15,0,378.436
CC(C)c1ccc(/C=C/c2nc(NCCN(C)C)c3cc(F)ccc3n2)cc1,7080.0,5.15,0,378.495
CN(C)CCNc1nc(/C=C/c2ccc(F)cc2)nc2ccccc12,7020.0,5.15,0,336.414
COc1cc(O)c2c(c1)/C=C\CCCC(=O)C[C@H](Br)C[C@H](C)OC2=O,7100.0,5.15,0,411.292
COc1cc2ncnc(N3CCN(C(=O)Nc4ccsc4)CC3)c2cc1OC.Cl,7020.0,5.15,0,435.937
COc1cc(F)cc(N(CCCN2CCCC2)c2ccc3ncc(-c4cn[nH]c4)nc3c2)c1.Cl,7624.035,5.140000000000001,0,482.991
COc1cc(OC)cc(N(CCCc2ncccn2)c2ccc3ncc(-c4cnn(C)c4)nc3c2)c1,7624.035,5.140000000000001,0,481.56
CN1CCN(c2nccn3c(-c4cccc(NCc5ccccc5)n4)cnc23)CC1,7155.0,5.14,0,399.502
Oc1ccc(-c2nc(Nc3cccc(Cl)c3)nc3[nH]cnc23)cc1,7300.0,5.14,0,337.77
COc1cc(O)c2c(c1)-c1cccc(c1)[C@@H](O)[C@H](O)C(=O)CCC[C@H](C)OC2=O,7393.0,5.13,0,400.427
COc1cc(OC)cc(N(CC2CC2)c2ccc3ncc(-c4cnn(CC5(OC)CCNCC5)c4)nc3c2)c1,7747.705,5.13,0,528.657
Cc1c2c(O[C@H](C)[C@H]3CNC(=O)C3)nc(-c3c[nH]nc3C(C)(C)C)cc2nn1C,7410.0,5.13,0,396.495
COc1cc(F)cc(N(CCNC(C)C)c2ccc3ncc(-c4cnn(C)c4)nc3c2)c1,7811.705,5.125,0,434.519
COc1cc(OC)cc(N(CC#Cc2ccncc2)c2ccc3ncc(-c4cnn(C)c4)nc3c2)c1,7811.705,5.125,0,476.54
COc1cc(OC)cc(N(CC2CC2)c2ccc3ncc(-c4cnn(CC5CCNCC5)c4)nc3c2)c1,7811.705,5.125,0,498.631
COc1cc(OC)cc(N(CCN2CCCNCC2)c2ccc3ncc(-c4cnn(C)c4)nc3c2)c1.O=C(O)C(=O)O,7811.705,5.125,0,577.642
COc1cc(OCCF)cc(N(CCNC(C)C)c2ccc3ncc(-c4cnn(C)c4)nc3c2)c1.Cl,7811.705,5.125,0,515.033
COc1ccc(OC)c(N(CCCN2CCCC2)c2ccc3ncc(-c4cnn(C)c4)nc3c2)c1.Cl,7811.705,5.125,0,509.054
CCCC[C@H](CO)Nc1ncc2c(-c3ccc(CN4CCN(C)CC4)cc3)cn([C@H]3CC[C@H](O)CC3)c2n1,7513.0,5.12,0,520.722
CNCCn1cc(-c2cnc3ccc(N(CC4CC4)c4cc(OC)cc(OC)c4)cc3n2)cn1,7585.78,5.12,0,458.566
COc1cc(OC)cc(N(CC#Cc2nccc(OC)n2)c2ccc3ncc(-c4cnn(C)c4)nc3c2)c1,7714.84,5.12,0,507.554
COc1cc(OC)cc(N(CC2CC2)c2ccc3ncc(-c4cnn(CCN5CCCC5)c4)nc3c2)c1.Cl,7877.2,5.12,0,535.092
COc1cc(OC)cc(N(CCNC(C)C)c2ccc3ncc(-c4cnn(C5CCNCC5)c4)nc3c2)c1,7877.2,5.12,0,515.662
COc1cc(OC)cc(N(Cc2cc(C)no2)c2ccc3ncc(-c4cnn(C)c4)nc3c2)c1,7877.2,5.12,0,456.506
COc1ccc2[nH]c(C(=O)c3cc4ccc(F)cc4[nH]3)cc2c1,7600.0,5.12,0,308.312
Cc1cc(-c2cc3nn(C)cc3c(O[C@H](C)[C@H]3CNC(=O)C3)n2)ccc1N1CCCS1(=O)=O,7650.0,5.12,0,469.567
COc1cccc(N(Cc2cc(C)no2)c2ccc3ncc(-c4cnn(C)c4)nc3c2)c1,7944.219999999999,5.115,0,426.48
CN(/N=C/c1cnn2ccc(Cl)nc12)S(=O)(=O)c1cccc(OC(F)(F)F)c1,7791.0,5.11,0,433.799
COc1cc(O)c2c(c1)-c1cccc(c1)[C@H](O)[C@H](O)C(=O)CCC[C@H](C)OC2=O,7800.0,5.11,0,400.427
C[C@@H](Oc1nc(-c2cnn(C3CCN(C)CC3)c2)cc2nn(C)cc12)[C@H]1CNC(=O)C1,7780.0,5.11,0,423.521
CNCCOc1cc(OC)cc(N(CC2CC2)c2ccc3ncc(-c4cnn(C)c4)nc3c2)c1,8012.8,5.109999999999999,0,458.566
COc1cc(OC)cc(N(CCCO)c2ccc3ncc(-c4cn[nH]c4)nc3c2)c1,8012.8,5.109999999999999,0,405.458
COc1cc(OC)cc(N(CCCO)c2ccc3ncc(-c4cnn(C)c4)nc3c2)c1,8012.8,5.109999999999999,0,419.485
COc1cc(OC)cc(N(CCO)c2ccc3ncc(-c4cnn(C5CCN(C(=O)OC(C)(C)C)CC5)c4)nc3c2)c1,8012.8,5.109999999999999,0,574.682
CCc1c(-c2cnc3ccc(N(CCNC(C)C)c4cc(OC)cc(OC)c4)cc3n2)cnn1C.Cl,8003.235000000001,5.105,0,511.07
COc1cc(CN)cc(N(CC2CC2)c2ccc3ncc(-c4cnn(C)c4)nc3c2)c1.Cl,8082.975,5.105,0,450.974
COc1cc(F)cc(N(CCNC(C)C)c2ccc3ncc(-c4cn[nH]c4)nc3c2)c1.Cl,8082.975,5.105,0,456.953
COc1cc(OC)cc(N(CC#Cc2cccc(N)n2)c2ccc3ncc(-c4cnn(C)c4)nc3c2)c1,8082.975,5.105,0,491.555
COc1cc(OCCO)cc(N(CCCO)c2ccc3ncc(-c4cnn(C)c4)nc3c2)c1,8082.975,5.105,0,449.511
CCN(c1cc(OC)cc(OC)c1)c1ccc2ncc(-c3cnn(C)c3)nc2c1,8154.785,5.1,0,389.459
COc1cc(OC)cc(N(CCCN2CC=CCC2)c2ccc3ncc(-c4cnn(C)c4)nc3c2)c1.Cl,8154.785,5.1,0,521.065
COc1ccnc(C#CCN(c2ccc3ncc(-c4cnn(C)c4)nc3c2)c2c(Cl)c(OC)cc(OC)c2Cl)n1,8154.785,5.1,0,576.444
Cc1cc(C(=O)N2CCC(c3cn([C@H]4CC[C@H](O)CC4)c4nc(N[C@H]5CCc6ccccc65)ncc34)CC2)cc(C)n1,7890.0,5.1,0,564.734
Nc1ccc(-c2ccc3ncc4c(=O)[nH]c(=O)n(-c5cccc(C(F)(F)F)c5)c4c3n2)cn1,8123.5,5.1,0,450.38
C#CCN(c1ccc2ncc(-c3cnn(C)c3)nc2c1)c1c(F)c(OC)cc(OC)c1F,8228.27,5.095000000000001,0,435.434
CNC1CCN(CCCN(c2cc(OC)cc(OC)c2)c2ccc3ncc(-c4cnn(C)c4)nc3c2)C1.Cl,8228.27,5.095000000000001,0,538.096
COc1cc(O)cc(N(CCNC(C)C)c2ccc3ncc(-c4cn[nH]c4)nc3c2)c1.Cl,8228.27,5.095000000000001,0,454.962
CC(C)NC(=O)c1cnc2nc1Nc1ccc(Cl)c(c1)OC/C=C\CN2,8100.0,5.09,0,373.844
CNCCCN(c1cc(OC)cc(OC)c1)c1ccc2ncc(-c3cnn(C)c3)nc2c1,8303.465,5.09,0,432.528
COc1cc(OC)cc(N(CC2CC2)c2ccc3ncc(-c4cnn(CCN)c4)nc3c2)c1,8303.465,5.09,0,444.539
COc1cc(OC)cc(N(CCCNC(C)C)c2ccc3ncc(-c4cnn(C)c4)nc3c2)c1.Cl,8303.465,5.09,0,497.043
Fc1cccc([C@H]2CCCN2c2ccc3ncc(-c4ccccn4)n3n2)c1,8100.0,5.09,0,359.408
COc1cc(O)cc(N(CCCNCC(F)(F)F)c2ccc3ncc(-c4cnn(C)c4)nc3c2)c1,8380.415,5.085,0,486.498
CCC[C@H](Nc1ncc2c(-c3ccc(CN4CCN(C)CC4)cc3)cn([C@H]3CC[C@H](O)CC3)c2n1)C(F)(F)F,8299.0,5.08,0,544.666
CCOc1ccnc(C#CCN(c2cc(OC)cc(OC)c2)c2ccc3ncc(-c4cnn(C)c4)nc3c2)n1,8326.46,5.08,0,521.581
COc1cc(OC)cc(N(CCC2CCNCC2)c2ccc3ncc(-c4cnn(C)c4)nc3c2)c1,8459.155,5.08,0,472.593
COc1cc(OC)cc(N(CCCN2CCCC2)c2ccc3ncc(-c4cnn(C(C)C)c4)nc3c2)c1.Cl,8459.155,5.08,0,537.108
COc1cc(OC)cc(N(CCNC(C)C)c2ccc3ncc(-c4cnn(C)c4C)nc3c2)c1,8459.155,5.08,0,460.582
COc1cc(OC)cc(N(CCNC(C)C)c2ccc3ncc(-c4cnn(C5CCOCC5)c4)nc3c2)c1,8459.155,5.08,0,516.646
COc1cc(OC)cc(N(Cc2csc(C)n2)c2ccc3ncc(-c4cnn(CCN5CCNCC5)c4)nc3c2)c1,8337.49,5.08,0,570.723
C[C@@H](Oc1nc(-c2cnn([C@H]3CC[C@H](N4CCN(C)C(=O)C4)CC3)c2)cc2nn(C)cc12)[C@H]1CNC(=O)C1,8330.0,5.08,0,520.638
[2H]C([2H])([2H])Oc1cc(OC([2H])([2H])[2H])cc(N(c2ccc3ncc(-c4cnn(C)c4)nc3c2)C([2H])([2H])C([2H])([2H])C([2H])([2H])O)c1,8459.155,5.08,0,431.558
CNC(=O)c1cc(F)cc(N(CC2CC2)c2ccc3ncc(-c4cnn(C(C)C)c4)nc3c2)c1,8539.73,5.075,0,458.541
COc1cc(OC)cc(N(CC#Cc2ccccn2)c2ccc3ncc(-c4cnn(C)c4)nc3c2)c1,8539.73,5.075,0,476.54
COc1cc(OC)cc(N(CCNC[Si](C)(C)C)c2ccc3ncc(-c4cnn(C)c4)nc3c2)c1.Cl,8539.73,5.075,0,527.145
COc1cc(OCCO)cc(N(CCCN2CCCC2)c2ccc3ncc(-c4cnn(C)c4)nc3c2)c1,8539.73,5.075,0,502.619
COc1cc(OC)cc(N(CC#Cc2nccc(C)n2)c2ccc3ncc(-c4cnn(C)c4)nc3c2)c1,8481.515,5.074999999999999,0,491.555
CNc1cccnc1C#CCN(c1cc(OC)cc(OC)c1)c1ccc2ncc(-c3cnn(C)c3)nc2c1,8592.735,5.07,0,505.582
COc1cc(OC)cc(N(CCCN2CCNCC2)c2ccc3ncc(-c4cnn(C)c4)nc3c2)c1,8622.18,5.07,0,487.608
COc1cc(OC)cc(N(CCCN2[C@@H](C)CC[C@@H]2C)c2ccc3ncc(-c4cnn(C)c4)nc3c2)c1.Cl,8622.18,5.07,0,537.108
Nc1ncc(-c2ncccc2OC(F)(F)F)nc1C(=O)Nc1ncccc1N1CCC(N)CC1,8460.0,5.07,0,474.447
CNC(=O)c1cc(OC)cc(N(CCNC(C)C)c2ccc3ncc(-c4cnn(C)c4)nc3c2)c1,8706.55,5.0649999999999995,0,473.581
COc1cc(OC)cc(N(CC#Cc2cc(CO)ccn2)c2ccc3ncc(-c4cnn(C)c4)nc3c2)c1,8706.55,5.0649999999999995,0,506.566
COc1cc(OC)cc(N(c2ccc3ncc(-c4cnn(C)c4)nc3c2)C2COC2)c1,8706.55,5.0649999999999995,0,417.469
[2H]C([2H])([2H])Oc1cc(OC([2H])([2H])[2H])cc(N(CCCO)c2ccc3ncc(-c4cnn(C)c4)nc3c2)c1,8706.55,5.0649999999999995,0,425.522
CCc1ccnc(C#CCN(c2cc(OC)cc(OC)c2)c2ccc3ncc(-c4cnn(C)c4)nc3c2)n1,8792.89,5.0600000000000005,0,505.582
COc1cc(OC)cc(N(C/C(=N\O)C(C)C)c2ccc3ncc(-c4cnn(C)c4)nc3c2)c1,8792.89,5.0600000000000005,0,460.538
COc1cc(OC)cc(N(CC#Cc2ncccc2N)c2ccc3ncc(-c4cnn(C)c4)nc3c2)c1,8792.89,5.0600000000000005,0,491.555
COc1cc(OC)cc(N(CCCN2CCC(N)C2)c2ccc3ncc(-c4cnn(C)c4)nc3c2)c1,8792.89,5.0600000000000005,0,487.608
COc1cc(OC)cc(N(CCCN2CCC[C@H]2C)c2ccc3ncc(-c4cnn(C)c4)nc3c2)c1.Cl,8792.89,5.0600000000000005,0,523.081
COc1cc(OC)cc(N(CCNCC2CC2)c2ccc3ncc(-c4cnn(C)c4)nc3c2)c1,8792.89,5.0600000000000005,0,458.566
CN(C)S(=O)(=O)c1ccc2c(c1)/C(=C/c1cc3c([nH]1)CCCC3)C(=O)N2,8700.0,5.06,0,371.462
COc1cc2c(N3CCN(C(=O)Nc4ccc(C#N)cc4)CC3)ncnc2cc1OCCCN1CCCCC1C,8790.0,5.06,0,543.672
Cn1cc(-c2cc(Oc3ccc(NC(=O)N4CCC5(CCCC(F)(F)C5)C4=O)nc3)ccn2)cn1,8632.0,5.06,0,482.491
Nc1ncc(-c2ncccc2C(F)(F)F)nc1C(=O)Nc1ncccc1N1CCC(N)CC1,8700.0,5.06,0,458.448
CNC(=O)c1cc(F)cc(N(CC2CC2)c2ccc3ncc(-c4cnn(C)c4)nc3c2)c1,8881.235,5.055,0,430.487
COC[C@H](O)CN(c1cc(OC)cc(OC)c1)c1ccc2ncc(-c3cnn(C(C)C)c3)nc2c1.Cl,8881.235,5.055,0,514.026
COc1cc(O)cc(N(CCO)c2ccc3ncc(-c4cnn(C)c4)nc3c2)c1,8881.235,5.055,0,391.431
COc1cc(OC)c(Cl)c(N(CCCN2CCCC2)c2ccc3ncc(-c4cnn(C)c4)nc3c2)c1.Cl,8881.235,5.055,0,543.499
COc1cc(OC)cc(N(CCCN)c2ccc3ncc(-c4cnn(C(C)C)c4)nc3c2)c1,8881.235,5.055,0,446.555
COc1cc(OC)cc(N(CCCNC(C)(C)CF)c2ccc3ncc(-c4cnn(C)c4)nc3c2)c1,8881.235,5.055,0,492.599
COc1cc(OC)cc(N(CCCn2ccnc2C)c2ccc3ncc(-c4cnn(C)c4)nc3c2)c1,8881.235,5.055,0,483.576
COc1cc(OC)cc(N(CCn2cccn2)c2ccc3ncc(-c4cnn(C)c4)nc3c2)c1.Cl,8881.235,5.055,0,491.983
C#Cc1ccccc1Nc1ncc(-c2ccccn2)c(NC2CCC(O)CC2)n1,9003.0,5.05,0,385.471
CN(/N=C/c1cnn2ccc(Cl)nc12)S(=O)(=O)c1ccc[n+]([O-])c1,8882.0,5.05,0,366.79
CN(/N=C/c1cnn2ccc(Cl)nc12)S(=O)(=O)c1cccc(F)c1,8855.0,5.05,0,367.793
COc1cc(OC)c(Cl)c(N(CCNC(C)C)c2ccc3ncc(-c4cnn(C)c4)nc3c2)c1.Cl,8971.64,5.05,0,517.461
COc1cc(OC)cc(N(CC#CCO)c2ccc3ncc(-c4cnn(C)c4)nc3c2)c1,8971.64,5.05,0,429.48
COc1cc(OC)cc(N(CCCN2CCC(S(C)(=O)=O)C2)c2ccc3ncc(-c4cnn(C)c4)nc3c2)c1,8971.64,5.05,0,550.685
COc1cc(OC)cc(N(CCN2CCN(C)CC2)c2ccc3ncc(-c4cnn(C)c4)nc3c2)c1,8971.64,5.05,0,487.608
C[C@@H](Oc1cc(-c2cnn(C(F)F)c2)cc2nn(C)cc12)[C@H]1CNC(=O)C1,8950.0,5.05,0,375.379
C[C@@H](Oc1nc(-c2ccc3cc(C(=O)N(C)C)n(C)c3c2)cc2nn(C)cc12)[C@H]1CNC(=O)C1,8940.0,5.05,0,460.538
Cn1cc(-c2ccc3ncc(N(CCN)c4cc(F)cc(OCCO)c4)nc3c2)cn1,8971.64,5.05,0,422.464
[2H]C([2H])([2H])Oc1cc(OC([2H])([2H])[2H])cc(N(c2ccc3ncc(-c4cnn(C)c4)nc3c2)C([2H])([2H])C([2H])([2H])NC(C)C)c1,8971.64,5.05,0,456.616
[2H]C([2H])([2H])Oc1cc(OC)cc(N(CCO)c2ccc3ncc(-c4cnn(C)c4)nc3c2)c1,8971.64,5.05,0,408.476
[2H]C([2H])([2H])n1cc(-c2ccc3ncc(N(CCO)c4cc(OC)cc(OC)c4)nc3c2)cn1,8971.64,5.05,0,408.476
Cc1ncc(-c2nc3c(OC4(C)CC4)nc(Nc4cnn(C5CCN(C)CC5)c4)nc3cc2F)cn1,9000.0,5.045757490560675,0,489.559
CNC(=O)c1cc(OC)cc(N(CCCN2CCCC2)c2ccc3ncc(-c4cnn(C)c4)nc3c2)c1,9064.155,5.045,0,499.619
COc1cc(OC)cc(N(CC#Cc2ccc(C)cn2)c2ccc3ncc(-c4cnn(C)c4)nc3c2)c1,9064.155,5.045,0,490.567
COc1cc(OC)cc(N(CC#Cc2nccn2C)c2ccc3ncc(-c4cnn(C)c4)nc3c2)c1,9064.155,5.045,0,479.544
COc1cc(OC)cc(N(CC2CO2)c2ccc3ncc(-c4cnn(C)c4)nc3c2)c1,9064.155,5.045,0,417.469
COc1cc(OC)cc(N(CCCN2CCCC2)c2ccc3ncc(-c4cnn(C)c4)nc3c2)c1.Cl,9064.155,5.045,0,509.054
COc1cc(OC)cc(N(CCCn2c(C)cnc2C)c2ccc3ncc(-c4cnn(C)c4)nc3c2)c1.Cl,9064.155,5.045,0,534.064
COc1cc(OC)cc(N(Cc2cn(CCO)nn2)c2ccc3ncc(-c4cnn(C)c4)nc3c2)c1,9064.155,5.045,0,486.536
CNC(=O)c1cc(Oc2ccc3nc(N[C@@H]4CCCC[C@H]4O)sc3c2)ccn1,9100.0,5.04,0,398.488
COc1cc(OC)c(C)c(N(CCCN2CCCC2)c2ccc3ncc(-c4cnn(C)c4)nc3c2)c1.Cl,9158.82,5.04,0,523.081
COc1cc(OC)cc(N(CC#Cc2cc(C#N)ccn2)c2ccc3ncc(-c4cnn(C)c4)nc3c2)c1,9158.82,5.04,0,501.55
COc1cccc(C#CCN(c2cc(OC)cc(OC)c2)c2ccc3ncc(-c4cnn(C)c4)nc3c2)c1,9158.82,5.04,0,505.578
COc1cc(CN(C)C)cc(N(CC2CC2)c2ccc3ncc(-c4cnn(C)c4)nc3c2)c1,9255.689999999999,5.035,0,442.567
COc1cc(OC)c(Cl)c(N(CCO)c2ccc3ncc(-c4cnn(C)c4)nc3c2)c1,9255.689999999999,5.035,0,439.903
COc1cc(OC)c(Cl)c(N(CCO)c2ccc3ncc(-c4cnn(C)c4)nc3c2)c1Cl,9255.689999999999,5.035,0,474.348
COc1cc(OC)cc(N(CC#Cc2nccc(OC(C)C)n2)c2ccc3ncc(-c4cnn(C)c4)nc3c2)c1,9255.689999999999,5.035,0,535.608
COc1cc(OC)cc(N(CC2COCC(C)(C)N2)c2ccc3ncc(-c4cnn(C)c4)nc3c2)c1,9255.689999999999,5.035,0,488.592
COc1cc(OC)cc(N(CCCN2CCC(F)C2)c2ccc3ncc(-c4cnn(C)c4)nc3c2)c1.Cl,9255.689999999999,5.035,0,527.044
COc1cc(OC)cc(N(CCCN2CCC[C@@H]2CC#N)c2ccc3ncc(-c4cnn(C)c4)nc3c2)c1.Cl,9255.689999999999,5.035,0,548.091
COc1cc(OC)cc(N(CCNCC(F)(F)F)c2ccc3ncc(-c4cnn(C)c4)nc3c2)c1,9255.689999999999,5.035,0,486.498
COc1cc(OC)cc(N(c2ccc3ncc(-c4cnn(C)c4)nc3c2)[C@H]2CC[C@@H](NC(C)C)CC2)c1,9255.689999999999,5.035,0,500.647
CCCC1(Nc2ncc(-c3ccc(CN4CCN(C)CC4)cn3)c(NC3CCC(O)CC3)n2)CC1,9422.0,5.03,0,479.673
Cc1ccccc1-n1cc(-c2ccccn2)nn1,9300.0,5.03,0,236.278
COc1cc(OC)c(C)c(N(CCNC(C)C)c2ccc3ncc(-c4cnn(C)c4)nc3c2)c1.Cl,9354.82,5.029999999999999,0,497.043
COc1cc(OC)cc(N(CC#Cc2cccc(CO)n2)c2ccc3ncc(-c4cnn(C)c4)nc3c2)c1,9354.82,5.029999999999999,0,506.566
COc1cc(OC)cc(N(CCNC(C)C)c2ccc3ncc(-c4cnn(CC5CCOCC5)c4)nc3c2)c1.Cl,9354.82,5.029999999999999,0,567.134
COc1cc(OC)cc(N(C[C@H](C)N)c2ccc3ncc(-c4cnn(C)c4)nc3c2)c1,9354.82,5.029999999999999,0,418.501
COc1cc(OC)cc(N(CC#Cc2cc(C)ccn2)c2ccc3ncc(-c4cnn(C)c4)nc3c2)c1,9456.255000000001,5.025,0,490.567
COc1ccc(OC)c(N(CCNC(C)C)c2ccc3ncc(-c4cnn(C)c4)nc3c2)c1,9456.255000000001,5.025,0,446.555
Cn1c(=O)c(Sc2ccc(F)cc2)cc2cnc(Nc3ccc4[nH]ccc4c3)nc21,9423.5,5.025,0,417.469
C=CC(=O)NC/C=C/c1cc(OCCCN2CCOCC2)cc(O)c1C(=O)OC(C)C,9610.0,5.02,0,432.517
COc1cc(OC)cc(N(C/C=C\c2ncccc2OC)c2ccc3ncc(-c4cnn(C)c4)nc3c2)c1,9560.055,5.02,0,508.582
COc1cc(OC)cc(N(CCCN2CCC(C3C[C@@H](C)O[C@H](C)C3)C2)c2ccc3ncc(-c4cnn(C)c4)nc3c2)c1.Cl,9560.055,5.02,0,621.226
COc1cc(OC)cc(N(CCCN2CCCC2(C)C)c2ccc3ncc(-c4cnn(C)c4)nc3c2)c1.Cl,9560.055,5.02,0,537.108
COc1cc(OC)cc(N(CCNC(C)C)c2ccc3ncc(-c4cnn(CCCN)c4)nc3c2)c1.O=C(O)C(F)(F)F,9560.055,5.02,0,603.646
COc1cc(OC)cc(N(CCNCCC(F)(F)F)c2ccc3ncc(-c4cnn(C)c4)nc3c2)c1,9560.055,5.02,0,500.525
C[C@@H](Oc1nc(-c2ccc(C3CC3)nc2)cc2nn(C)cc12)[C@H]1CNC(=O)C1,9520.0,5.02,0,377.448
Cc1cn(-c2cc(NC(=O)c3ccc(C)c(Nc4nccc(-c5cccnc5)n4)c3)cc(C(F)(F)F)c2)cn1,9548.0,5.02,0,529.526
COc1cc(OC)cc(N(CC(NC(C)C)C(C)C)c2ccc3ncc(-c4cnn(C)c4)nc3c2)c1.Cl,9774.965,5.01,0,525.097
COc1cc(OC)cc(N(CC(OCC(O)C(C)C)C(C)C)c2ccc3ncc(-c4cnn(C)c4)nc3c2)c1,9774.965,5.01,0,533.673
C[C@@H](Oc1nc(-c2ccc(C(F)(F)F)cc2)cc2nn(C)cc12)[C@H]1CNC(=O)C1,9750.0,5.01,0,404.392
[2H]C([2H])([2H])Oc1cc(OC([2H])([2H])[2H])cc(N(c2ccc3ncc(-c4cnn(C)c4)nc3c2)C([2H])([2H])C([2H])([2H])C([2H])([2H])NCC(F)(F)F)c1,9774.965,5.01,0,512.598
c1cnc2cc(-c3cn(C4C5CC6CC(C5)CC4C6)nn3)ccc2n1,9700.0,5.01,0,331.423
C#CCN(c1cc(OC)cc(OC)c1)c1ccc2ncc(-c3cnn(CC4CCOCC4)c3)nc2c1,9886.185000000001,5.005,0,483.572
CNC(=O)c1cc(OC)cc(N(CC2CC2)c2ccc3ncc(-c4cnn(C)c4)nc3c2)c1,9886.185000000001,5.005,0,442.523
COc1cc(OC)cc(N(CC2CC2)c2ccc3ncc(-c4cnn(C5CN(CCO)C5)c4)nc3c2)c1,9886.185000000001,5.005,0,500.603
COc1cc(OC)cc(N(CCCc2ccncc2)c2ccc3ncc(-c4cnn(C)c4)nc3c2)c1,9886.185000000001,5.005,0,480.572
COc1cc(OC)cc(N(CCNC(C)C)c2ccc3ncc(-c4cnn(C(C)C)c4)nc3c2)c1.Cl,9886.185000000001,5.005,0,511.07
Br.COc1cc(OC)cc(N(CCP(=O)(O)O)c2ccc3ncc(-c4cnn(C)c4)nc3c2)c1,10000.0,5.0,0,550.35
C#CCN(c1cc(OC)cc(OC)c1)c1ccc2ncc(-c3cnn(C)c3)nc2c1,10000.0,5.0,0,399.454
C#CCN(c1ccc2ncc(-c3cnn(C)c3)nc2c1)c1c(Cl)c(OC)cc(OC)c1Cl,10000.0,5.0,0,468.344
C=CC(=O)N1CCC(Cn2cc(-c3ccc4c(c3)OCO4)c3c(N)ncnc32)CC1,10000.0,5.0,0,405.458
C=CC(=O)N1CCC[C@H]1C(=O)Nc1cc2c(Nc3ccc(F)c(Cl)c3F)ncnc2cc1OCCOC,10000.0,5.0,0,531.947
C=CC(=O)N1CCC[C@H]1C(=O)Nc1cc2c(Nc3cccc(Cl)c3F)ncnc2cc1OCCOC,10000.0,5.0,0,513.957
C=CCN(c1cc(F)cc(OC)c1)c1ccc2ncc(-c3cnn(C)c3)nc2c1,10000.0,5.0,0,389.434
C=Cc1cc(OC)cc(N(CC2CC2)c2ccc3ncc(-c4cnn(C)c4)nc3c2)c1.Cl,10000.0,5.0,0,447.97
CC(=O)N1/C(=C2\C(=O)Nc3ccccc32)C(=O)c2ccccc21,10000.0,5.0,0,304.305
CC(=O)N1CCC(Nc2ncc3c(n2)-c2c(c(C(N)=O)nn2C)CC3)CC1,10000.0,5.0,0,369.429
CC(C)(C)C(=O)N1Cc2c(NC(=O)c3cc(F)cc(F)c3)n[nH]c2C1(C)C,10000.0,5.0,0,376.407
CC(C)(C)CN1C/C=C/CCOc2cccc(c2)-c2ccnc(n2)Nc2cccc(c2)C1,10000.0,5.0,0,428.58
CC(C)(C)CNC(=O)CC1CNC(=O)c2cc(-c3ccsc3)cn21,10000.0,5.0,0,345.468
CC(C)C(=O)Nc1sc2c(c1C(N)=O)CCCC2,10000.0,5.0,0,266.366
CC(C)CC(=O)Nc1n[nH]c2c1CN(C(=O)C1CCN(C)CC1)C2(C)C,10000.0,5.0,0,361.49
CC(C)Oc1cccc(N(CC2CC2)c2ccc3ncc(-c4cnn(C)c4)nc3c2)c1,10000.0,5.0,0,413.525
CCCn1cc(-c2cnc3ccc(N(CCN)c4cc(OC)cc(OC)c4)cc3n2)cn1.Cl,10000.0,5.0,0,468.989
CCN(CC)CCN(c1cc(OC)cc(OC)c1)c1ccc2ncc(-c3cnn(C)c3)nc2c1,10000.0,5.0,0,460.582
CCN(CC)CCOc1ccc(Nc2cc(NC(=O)Nc3c(Cl)cccc3Cl)ncn2)cc1,10000.0,5.0,0,489.407
CCN(CC)Cc1cc(OC)cc(N(CCCN2CCCC2)c2ccc3ncc(-c4cnn(C)c4)nc3c2)c1,10000.0,5.0,0,527.717
CCN(CCN(c1cc(OC)cc(OC)c1)c1ccc2ncc(-c3cnn(C)c3)nc2c1)C(C)C.Cl,10000.0,5.0,0,511.07
CCN1CCN(c2ccc(-c3nn(Cc4cn(Cc5ccccc5)nn4)c4nc(NC)ncc34)cn2)CC1,10000.0,5.0,0,509.622
CCNCCN(c1cc(OC)cc(OC)c1)c1ccc2ncc(-c3cnn(C)c3)nc2c1,10000.0,5.0,0,432.528
CCOC(=O)C1CCN(CCN(c2cc(OC)cc(OC)c2)c2ccc3ncc(-c4cnn(C)c4)nc3c2)CC1,10000.0,5.0,0,544.656
CCOC(=O)CN(c1cc(OC)cc(OC)c1)c1ccc2ncc(-c3cnn(C)c3)nc2c1,10000.0,5.0,0,447.495
CCOC(=O)Cn1cc(CN(c2cc(OC)cc(OC)c2)c2ccc3ncc(-c4cnn(C)c4)nc3c2)nn1,10000.0,5.0,0,528.573
CCOCCN(c1cc(OC)cc(OC)c1)c1ccc2ncc(-c3cnn(C)c3)nc2c1,10000.0,5.0,0,433.512
CCOCc1cc(OC)cc(N(CC2CC2)c2ccc3ncc(-c4cnn(C)c4)nc3c2)c1,10000.0,5.0,0,443.551
CCOc1cc(F)cc(N(CCN)c2ccc3ncc(-c4cnn(C)c4)nc3c2)c1,10000.0,5.0,0,406.465
CCOc1cc(F)cc(N(CCO)c2ccc3ncc(-c4cnn(C)c4)nc3c2)c1,10000.0,5.0,0,407.449
CCOc1cccc2cc(C(=O)N3N=C(c4cccnc4)CC3c3ccccc3O)oc12,10000.0,5.0,0,427.46
CCS(=O)(=O)NCCN(c1cc(OC)cc(OC)c1)c1ccc2ncc(-c3cnn(C)c3)nc2c1,10000.0,5.0,0,496.593
CC[C@@H]1C(=O)N(C)c2cnc(Nc3ccc(C(=O)NC4CCN(C)CC4)cc3OC)nc2N1C1CCCC1,10000.0,5.0,0,521.666
CCc1c(-c2cnc3ccc(N(CCNCC(F)(F)F)c4cc(OC)cc(OC)c4)cc3n2)cnn1C,10000.0,5.0,0,514.552
CCc1cccc(CC)c1NC(=O)c1nn(C)c2c1CCc1cnc(Nc3ccc(C(=O)NC4CCN(C)CC4)cc3OC(F)(F)F)nc1-2,10000.0,5.0,0,676.744
CCc1cccc2cc(C(=O)c3cc4cc(O)ccc4[nH]3)[nH]c12,10000.0,5.0,0,304.349
CCn1cc(-c2cnc3ccc(N(CCN)c4cc(OC)cc(OC)c4)cc3n2)cn1,10000.0,5.0,0,418.501
CCn1cc(-c2cnc3ccc(N(CCNC(C)C)c4cc(OC)cc(OC)c4)cc3n2)cn1.Cl,10000.0,5.0,0,497.043
CCn1cc(-c2cnc3ccc(N(CCNC)c4cc(OC)cc(OC)c4)cc3n2)cn1,10000.0,5.0,0,432.528
CCn1ccnc1CN(c1cc(OC)cc(OC)c1)c1ccc2ncc(-c3cnn(C)c3)nc2c1,10000.0,5.0,0,469.549
CN(/N=C/c1cnn2ccc(Cl)nc12)S(=O)(=O)c1ccc(F)c(F)c1,10000.0,5.0,0,385.783
CN(/N=C/c1cnn2ccc(Cl)nc12)S(=O)(=O)c1ccc([N+](=O)[O-])cc1,10000.0,5.0,0,394.8
CN(C)C/C=C/C(=O)Nc1cc2c(Nc3ccc(F)c(Cl)c3)ncnc2cc1O[C@H]1CCOC1,10000.0,5.0,0,485.947
CN(C)c1ccc(C(=O)Nc2cccc(NC(=O)COc3ccc4c(=O)ccoc4c3)c2)cc1,10000.0,5.0,0,457.486
CN(C)c1cccc(N(CC2CC2)c2ccc3ncc(-c4cnn(C)c4)nc3c2)c1.Cl,10000.0,5.0,0,434.975
CN(Cc1ccc2nccn2c1)c1nnc(-c2ccc(-c3ccccc3C#N)cc2)o1,10000.0,5.0,0,406.449
CN1C/C=C/CCOc2cccc(c2)-c2cc(N3CCCC3)nc(n2)Nc2cccc(c2)C1,10000.0,5.0,0,441.579
CN1C/C=C/CNC(=O)c2cccc(c2)-c2ccnc(n2)Nc2cccc(c2)C1,10000.0,5.0,0,385.471
CN1C/C=C/COCC2CCCN(C2)c2ccnc(n2)Nc2cccc(c2)C1,10000.0,5.0,0,379.508
CN1CCC(CNc2cccc3ccc(-c4nnc5c6c(cnn45)N(C)CCO6)nc23)CC1,10000.0,5.0,0,444.543
CN1CCC(Nc2cccc3ccc(-c4nnc5c6c(cnn45)N(C)CCO6)nc23)CC1,10000.0,5.0,0,430.516
CN1CCN(C(=O)C(C)(C)c2ccc(C(=O)Nc3cn4cc(-c5cc(C(C)(C)C)cc(C(C)(C)C)c5)ccc4n3)cc2)CC1,10000.0,5.0,0,593.816
CN1CCN(C(=O)c2cccc(Cn3nnc4c3C(=O)c3ccccc3C4=O)c2)CC1,10000.0,5.0,0,415.453
CN1CCN(C[C@@H](NC(=O)C[C@H]2CNC(=O)c3cc(-c4cccc(Cl)c4)cn32)C2CCCCC2)CC1,10000.0,5.0,0,512.098
CN1CCN(c2cc(F)c3c(c2)nc(Cc2ccc4c(c2)OCO4)n2nc(N)nc32)CC1,10000.0,5.0,0,435.463
CN1CCOc2c1cnn1c(-c3ccc4ccc(Cl)c(NCC5(F)CCNCC5)c4n3)nnc21,10000.0,5.0,0,482.951
CN1CCOc2c1cnn1c(-c3ccc4cccc(NC5CCCCC5)c4c3)nnc21,10000.0,5.0,0,414.513
CN1CCOc2c1cnn1c(-c3ccc4cccc(NC5CCCCC5)c4n3)nnc21,10000.0,5.0,0,415.501
CN1CCOc2c1cnn1c(-c3ccc4cccc(NCC5(F)CCNCC5)c4n3)nnc21,10000.0,5.0,0,448.506
CN1CCOc2c1cnn1c(-c3ccc4ccnc(NC5CCCCC5)c4c3)nnc21,10000.0,5.0,0,415.501
CN1CCOc2c1cnn1c(-c3ccc4ccnc(NCC5(F)CCNCC5)c4c3)nnc21,10000.0,5.0,0,448.506
CNC(=O)C(C)(C)n1cc(-c2cnc3ccc(N(CC4CC4)c4cc(OC)cc(OC)c4)cc3n2)cn1,10000.0,5.0,0,500.603
CNC(=O)CN(c1cc(OC)cc(OC)c1)c1ccc2ncc(-c3cnn(C)c3)nc2c1,10000.0,5.0,0,432.484
CNC(=O)Cn1cc(-c2ccc3ncc(N(CCN)c4cc(OC)cc(OC)c4)nc3c2)cn1,10000.0,5.0,0,461.526
CNC(=O)Cn1cc(-c2cnc3ccc(N(CC4CC4)c4cc(OC)cc(OC)c4)cc3n2)cn1,10000.0,5.0,0,472.549
CNC(=O)Cn1cc(-c2cnc3ccc(N(CCCN)c4cc(OC)cc(OC)c4)cc3n2)cn1,10000.0,5.0,0,475.553
CNC(=O)Cn1cc(-c2cnc3ccc(N(CCCN4CCCC4)c4cc(OC)cc(OC)c4)cc3n2)cn1,10000.0,5.0,0,529.645
CNC(=O)Cn1cc(-c2cnc3ccc(N(CCCNC(C)C)c4cc(OC)cc(OC)c4)cc3n2)cn1,10000.0,5.0,0,517.634
CNC(=O)Cn1cc(-c2cnc3ccc(N(CCCO)c4cc(OC)cc(OC)c4)cc3n2)cn1,10000.0,5.0,0,476.537
CNC(=O)Cn1cc(-c2cnc3ccc(N(CCNC(C)C)c4cc(OC)cc(OC)c4)cc3n2)cn1.Cl,10000.0,5.0,0,540.068
CNC(=O)Cn1cc(-c2cnc3ccc(N(CCO)c4cc(OC)cc(OC)c4)cc3n2)cn1,10000.0,5.0,0,462.51
CNC(=O)OCCN(c1cc(OC)cc(OC)c1)c1ccc2ncc(-c3cnn(C)c3)nc2c1,10000.0,5.0,0,462.51
CNC(=O)c1cc(F)cc(N(CCO)c2ccc3ncc(-c4cnn(C)c4)nc3c2)c1,10000.0,5.0,0,420.448
CNC(=O)c1cc(OC)cc(N(CC(O)CO)c2ccc3ncc(-c4cnn(C)c4)nc3c2)c1,10000.0,5.0,0,462.51
CNC(=O)c1cc(OC)cc(N(CC2CC2)c2ccc3ncc(-c4cn[nH]c4)nc3c2)c1,10000.0,5.0,0,428.496
CNC(=O)c1cc(OC)cc(N(CC2CC2)c2ccc3ncc(-c4cnn(CCOC)c4)nc3c2)c1,10000.0,5.0,0,486.576
CNC(=O)c1cc(OC)cc(N(CCCN2CCCC2)c2ccc3ncc(-c4cnn(CCO)c4)nc3c2)c1,10000.0,5.0,0,529.645
CNC(=O)c1cc(OC)cc(N(CCCO)c2ccc3ncc(-c4cnn(CCO)c4)nc3c2)c1,10000.0,5.0,0,476.537
CNC(=O)c1cc(OC)cc(N(CCN)c2ccc3ncc(-c4cnn(C)c4)nc3c2)c1,10000.0,5.0,0,431.5
CNC(=O)c1cc(OC)cc(N(CCO)c2ccc3ncc(-c4cnn(CCOC)c4)nc3c2)c1,10000.0,5.0,0,476.537
CNC(=O)c1nn(C)c2c1CCc1cnc(NC3CCN(C(=O)C4CCN(S(C)(=O)=O)CC4)CC3)nc1-2,10000.0,5.0,0,530.655
CNCC(O)CN(c1cc(OC)cc(OC)c1)c1ccc2ncc(-c3cnn(C)c3)nc2c1,10000.0,5.0,0,448.527
CNCC(O)CN(c1cc(OC)cc(OC)c1)c1ccc2ncc(-c3cnn(C)c3)nc2c1.Cl,10000.0,5.0,0,484.988
CNCCN(c1cc(F)cc(OC)c1)c1ccc2ncc(-c3cnn(C)c3)nc2c1,10000.0,5.0,0,406.465
CNCCN(c1cc(OC)cc(OC)c1)c1ccc2ncc(-c3cn[nH]c3)nc2c1,10000.0,5.0,0,404.474
CNCCN(c1cc(OC)cc(OC)c1)c1ccc2ncc(-c3cnn(C(C)C)c3)nc2c1.Cl,10000.0,5.0,0,483.016
CNCCN(c1cc(OC)cc(OC)c1)c1ccc2ncc(-c3cnn(C)c3)nc2c1,10000.0,5.0,0,418.501
CNCCN(c1cc(OC)cc(OC)c1)c1ccc2ncc(-c3cnn(CC(=O)NC)c3)nc2c1,10000.0,5.0,0,475.553
CNCCN(c1cc(OC)cc(OC)c1)c1ccc2ncc(-c3cnn(CC(=O)NC)c3)nc2c1.Cl,10000.0,5.0,0,512.014
CNCCN(c1cc(OC)cc(OC)c1)c1ccc2ncc(-c3cnn(CC4CCOCC4)c3)nc2c1.Cl,10000.0,5.0,0,539.08
CNCCN(c1cc(OC)cc(OC)c1)c1ccc2ncc(-c3cnn(CCO)c3)nc2c1,10000.0,5.0,0,448.527
CNCCN(c1cc(OC)cc(OC)c1)c1ccc2ncc(-c3cnn(CCS(C)(=O)=O)c3)nc2c1,10000.0,5.0,0,510.62
CNCCN(c1cc(OC)cc(OCCO)c1)c1ccc2ncc(-c3cnn(C)c3)nc2c1.Cl,10000.0,5.0,0,484.988
CNC[C@@H](O)CN(c1cc(OC)cc(OC)c1)c1ccc2ncc(-c3cnn(C)c3)nc2c1,10000.0,5.0,0,448.527
CNC[C@H](O)CN(c1cc(OC)cc(OC)c1)c1ccc2ncc(-c3cnn(C)c3)nc2c1,10000.0,5.0,0,448.527
CNc1ncc2c(-c3ccc(N4CCNCC4)cc3)nn(Cc3cn(Cc4ccccc4)nn3)c2n1,10000.0,5.0,0,480.58
COC(=O)c1cccnc1C#CCN(c1cc(OC)cc(OC)c1)c1ccc2ncc(-c3cnn(C)c3)nc2c1,10000.0,5.0,0,534.576
COC/C(CN(c1cc(OC)cc(OC)c1)c1ccc2ncc(-c3cnn(C)c3)nc2c1)=N/O,10000.0,5.0,0,462.51
COC/C(CN(c1cc(OC)cc(OC)c1)c1ccc2ncc(-c3cnn(C)c3)nc2c1)=N\O,10000.0,5.0,0,462.51
COC1=CC(N(CCN(Cc2ccccc2N)C(C)C)c2ccc3ncc(-c4cnn(C)c4)nc3c2)CC(OC)=C1,10000.0,5.0,0,553.711
COC1=CC(N(CCO)c2ccc3ncc(-c4c(C(F)(F)F)nn(C)c4C(F)(F)F)nc3c2)CC(OC)=C1,10000.0,5.0,0,543.468
COC1=CC(N(CCO)c2ccc3ncc(-c4cn(C)nc4C(F)(F)F)nc3c2)CC(OC)=C1,10000.0,5.0,0,475.471
COCC(O)CN(c1cc(OC)cc(OC)c1)c1ccc2ncc(-c3cnn(C(C)C)c3)nc2c1,10000.0,5.0,0,477.565
COCC(O)CN(c1cc(OC)cc(OC)c1)c1ccc2ncc(-c3cnn(C(C)C)c3)nc2c1.Cl,10000.0,5.0,0,514.026
COCC(O)CN(c1cc(OC)cc(OC)c1)c1ccc2ncc(-c3cnn(C)c3)nc2c1,10000.0,5.0,0,449.511
COCCN(c1cc(OC)cc(OC)c1)c1ccc2ncc(-c3cnn(C)c3)nc2c1,10000.0,5.0,0,419.485
COCCN(c1cccc(OC)c1)c1ccc2ncc(-c3cnn(C)c3)nc2c1,10000.0,5.0,0,389.459
COCCN1CCOc2c1cnn1c(-c3ccc4cccc(NCC5CCNCC5)c4n3)nnc21,10000.0,5.0,0,474.569
COCCNC(=O)C(C)(C)n1cc(-c2cnc3ccc(N(CC4CC4)c4cc(OC)cc(OC)c4)cc3n2)cn1,10000.0,5.0,0,544.656
COCCNC(=O)CN(c1cc(OC)cc(OC)c1)c1ccc2ncc(-c3cnn(C)c3)nc2c1,10000.0,5.0,0,476.537
COCCNC(=O)Cn1cc(-c2cnc3ccc(N(CC4CC4)c4cc(OC)cc(OC)c4)cc3n2)cn1,10000.0,5.0,0,516.602
COCCc1cc(OC)cc(N(CC2CC2)c2ccc3ncc(-c4cnn(C)c4)nc3c2)c1.Cl,10000.0,5.0,0,480.012
COCCn1cc(-c2cnc3ccc(N(CC4CC4)c4cc(OC)cc(OC)c4)cc3n2)cn1,10000.0,5.0,0,459.55
COCCn1cc(-c2cnc3ccc(N(Cc4cc(C)no4)c4cc(OC)cc(OC)c4)cc3n2)cn1,10000.0,5.0,0,500.559
COC[C@@H](C)Nc1cc(NC(=O)N2CCCc3cc(CN4CCCCOC4=O)c(C=O)nc32)ncc1C#N,10000.0,5.0,0,521.578
COC[C@@H](CN(c1cc(OC)cc(OC)c1)c1ccc2ncc(-c3cnn(C)c3)nc2c1)OC(C)=O,10000.0,5.0,0,491.548
COC[C@@H](O)CN(c1cc(OC)cc(OC)c1)c1ccc2ncc(-c3cnn(C(C)C)c3)nc2c1.Cl,10000.0,5.0,0,514.026
COC[C@@H](O)CN(c1cc(OC)cc(OC)c1)c1ccc2ncc(-c3cnn(CCCN)c3)nc2c1.Cl,10000.0,5.0,0,529.041
COC[C@H](CN(c1cc(OC)cc(OC)c1)c1ccc2ncc(-c3cnn(C)c3)nc2c1)OC(C)=O,10000.0,5.0,0,491.548
COC[C@H](O)CN(c1cc(OC)cc(OC)c1)c1ccc2ncc(-c3cnn(CCCN)c3)nc2c1.Cl,10000.0,5.0,0,529.041
COCc1cc(OC)cc(N(CC2CC2)c2ccc3ncc(-c4cnn(C)c4)nc3c2)c1,10000.0,5.0,0,429.524
COc1cc(-c2ccc3c(c2)Nc2ccc(C(C)(C)C(=O)Nc4ccc(N5CCOCC5)cc4)cc2NC3=O)ccc1N,10000.0,5.0,0,577.685
COc1cc(C#N)cc(N(CC2CC2)c2ccc3ncc(-c4cnn(C)c4)nc3c2)c1,10000.0,5.0,0,410.481
COc1cc(C(=O)N2CCCC2)cc(N(CC2CC2)c2ccc3ncc(-c4cnn(C)c4)nc3c2)c1,10000.0,5.0,0,482.588
COc1cc(C(=O)N2CCCC2)cc(N(CCCN2CCCC2)c2ccc3ncc(-c4cnn(C)c4)nc3c2)c1,10000.0,5.0,0,539.684
COc1cc(C(=O)N2CCCC2)cc(N(CCCO)c2ccc3ncc(-c4cnn(C)c4)nc3c2)c1.Cl,10000.0,5.0,0,523.037
COc1cc(C(=O)Nc2sc3c(c2C(N)=O)CCCC3)cc(OC)c1OC,10000.0,5.0,0,390.461
COc1cc(C2=C(c3cn(CCCN4CCN(C)CC4)c4ccccc34)C(=O)NC2=O)cc(OC)c1OC,10000.0,5.0,0,518.614
COc1cc(C2=C(c3cn(CCN4CCOCC4)c4ccccc34)C(=O)NC2=O)cc(OC)c1OC,10000.0,5.0,0,491.544
COc1cc(C2OCCO2)cc(N(CC2CC2)c2ccc3ncc(-c4cnn(C)c4)nc3c2)c1,10000.0,5.0,0,457.534
COc1cc(CO)cc(N(CCCN2CCCC2)c2ccc3ncc(-c4cnn(C)c4)nc3c2)c1,10000.0,5.0,0,472.593
COc1cc(Cl)cc(N(CC2CC2)c2ccc3ncc(-c4cnn(C)c4)nc3c2)c1,10000.0,5.0,0,419.916
COc1cc(F)cc(N(CC2CC2)c2ccc3ncc(-c4cn[nH]c4)nc3c2)c1,10000.0,5.0,0,389.434
COc1cc(F)cc(N(CC2CC2)c2ccc3ncc(-c4cnn(CCO)c4)nc3c2)c1,10000.0,5.0,0,433.487
COc1cc(F)cc(N(CCCN2CCC(C#N)C2)c2ccc3ncc(-c4cnn(C)c4)nc3c2)c1,10000.0,5.0,0,485.567
COc1cc(F)cc(N(CCCNCC(F)(F)F)c2ccc3ncc(-c4cnn(C)c4)nc3c2)c1,10000.0,5.0,0,488.489
COc1cc(F)cc(N(CCCO)c2ccc3ncc(-c4cnn(C)c4)nc3c2)c1,10000.0,5.0,0,407.449
COc1cc(F)cc(N(CCCO)c2ccc3ncc(-c4cnn(CCO)c4)nc3c2)c1,10000.0,5.0,0,437.475
COc1cc(F)cc(N(CCN)c2ccc3ncc(-c4cnn(C)c4)nc3c2)c1,10000.0,5.0,0,392.438
COc1cc(F)cc(N(CCO)c2ccc3ncc(-c4cn[nH]c4)nc3c2)c1,10000.0,5.0,0,379.395
COc1cc(F)cc(N(CCO)c2ccc3ncc(-c4cnn(CCO)c4)nc3c2)c1,10000.0,5.0,0,423.448
COc1cc(N(CC2CC2)c2ccc3ncc(-c4cnn(C)c4)nc3c2)cc(C(F)(F)F)c1,10000.0,5.0,0,453.468
COc1cc(N(CCCN)c2ccc3ncc(-c4cnn(C)c4)nc3c2)cc(OC)c1C(O)C(F)(F)F,10000.0,5.0,0,516.524
COc1cc(N(CCCNCC(F)(F)F)c2ccc3ncc(-c4cnn(C)c4)nc3c2)cc(F)c1F.Cl,10000.0,5.0,0,542.94
COc1cc(N(CCNC(C)C)c2ccc3ncc(-c4cnn(C)c4)nc3c2)cc2c1OCO2,10000.0,5.0,0,460.538
COc1cc(O)cc(N(CC2CC2)c2ccc3ncc(-c4cnn(C)c4)nc3c2)c1,10000.0,5.0,0,401.47
COc1cc(O)cc(N(CCCNCC(F)(F)F)c2ccc3ncc(-c4cn[nH]c4)nc3c2)c1.Cl,10000.0,5.0,0,508.932
COc1cc(O)cc(N(CCN)c2ccc3ncc(-c4cnn(C)c4)nc3c2)c1,10000.0,5.0,0,390.447
COc1cc(OC(C)C)cc(N(CC2CC2)c2ccc3ncc(-c4cnn(C)c4)nc3c2)c1.Cl,10000.0,5.0,0,480.012
COc1cc(OC)c(C)c(N(CCO)c2ccc3ncc(-c4cnn(C)c4)nc3c2)c1,10000.0,5.0,0,419.485
COc1cc(OC)cc(N(C/C(=N/O)C(C)C)c2ccc3ncc(-c4cnn(C)c4)nc3c2)c1,10000.0,5.0,0,460.538
COc1cc(OC)cc(N(C/C(C)=N/O)c2ccc3ncc(-c4cnn(C)c4)nc3c2)c1,10000.0,5.0,0,432.484
COc1cc(OC)cc(N(C/C(C)=N\O)c2ccc3ncc(-c4cnn(C)c4)nc3c2)c1,10000.0,5.0,0,432.484
COc1cc(OC)cc(N(C/C=C/c2cc(C)ccn2)c2ccc3ncc(-c4cnn(C)c4)nc3c2)c1,10000.0,5.0,0,492.583
COc1cc(OC)cc(N(C/C=C/c2nccc(OC)n2)c2ccc3ncc(-c4cnn(C)c4)nc3c2)c1,10000.0,5.0,0,509.57
COc1cc(OC)cc(N(C/C=C/c2ncccc2OC)c2ccc3ncc(-c4cnn(C)c4)nc3c2)c1,10000.0,5.0,0,508.582
COc1cc(OC)cc(N(C/C=C\c2cc(C)ccn2)c2ccc3ncc(-c4cnn(C)c4)nc3c2)c1,10000.0,5.0,0,492.583
COc1cc(OC)cc(N(C/C=C\c2ncccn2)c2ccc3ncc(-c4cnn(C)c4)nc3c2)c1,10000.0,5.0,0,479.544
COc1cc(OC)cc(N(CC#CC(C)(C)O)c2ccc3ncc(-c4cnn(C)c4)nc3c2)c1,10000.0,5.0,0,457.534
COc1cc(OC)cc(N(CC#CC2(O)CCN(C(=O)OC(C)(C)C)CC2)c2ccc3ncc(-c4cnn(C)c4)nc3c2)c1.O=C(O)C(=O)O,10000.0,5.0,0,688.738
COc1cc(OC)cc(N(CC#CC2(O)CCNC2)c2ccc3ncc(-c4cnn(C)c4)nc3c2)c1,10000.0,5.0,0,484.56
COc1cc(OC)cc(N(CC#CC2(O)CCNCC2)c2ccc3ncc(-c4cnn(C)c4)nc3c2)c1,10000.0,5.0,0,498.587
COc1cc(OC)cc(N(CC#CC2(O)CCOC2)c2ccc3ncc(-c4cnn(C)c4)nc3c2)c1,10000.0,5.0,0,485.544
COc1cc(OC)cc(N(CC#CC2(O)CCOCC2)c2ccc3ncc(-c4cnn(C)c4)nc3c2)c1,10000.0,5.0,0,499.571
COc1cc(OC)cc(N(CC#CC2(O)CNC2)c2ccc3ncc(-c4cnn(C)c4)nc3c2)c1,10000.0,5.0,0,470.533
COc1cc(OC)cc(N(CC#CC2CCCCC2)c2ccc3ncc(-c4cnn(C)c4)nc3c2)c1,10000.0,5.0,0,481.6
COc1cc(OC)cc(N(CC#CC2CCN(C(=O)OC(C)(C)C)CC2)c2ccc3ncc(-c4cnn(C)c4)nc3c2)c1,10000.0,5.0,0,582.705
COc1cc(OC)cc(N(CC#Cc2cc(C(N)=O)ccn2)c2ccc3ncc(-c4cnn(C)c4)nc3c2)c1,10000.0,5.0,0,519.565
COc1cc(OC)cc(N(CC#Cc2cc(OC)nc(OC)n2)c2ccc3ncc(-c4cnn(C)c4)nc3c2)c1,10000.0,5.0,0,537.58
COc1cc(OC)cc(N(CC#Cc2ccc(C#N)cc2)c2ccc3ncc(-c4cnn(C)c4)nc3c2)c1,10000.0,5.0,0,500.562
COc1cc(OC)cc(N(CC#Cc2ccc(N)cc2)c2ccc3ncc(-c4cnn(C)c4)nc3c2)c1,10000.0,5.0,0,490.567
COc1cc(OC)cc(N(CC#Cc2cccc(C#N)c2)c2ccc3ncc(-c4cnn(C)c4)nc3c2)c1,10000.0,5.0,0,500.562
COc1cc(OC)cc(N(CC#Cc2cccc(C#N)n2)c2ccc3ncc(-c4cnn(C)c4)nc3c2)c1,10000.0,5.0,0,501.55
COc1cc(OC)cc(N(CC#Cc2cccc(N)c2)c2ccc3ncc(-c4cnn(C)c4)nc3c2)c1,10000.0,5.0,0,490.567
COc1cc(OC)cc(N(CC#Cc2cccc(OC)n2)c2ccc3ncc(-c4cnn(C)c4)nc3c2)c1,10000.0,5.0,0,506.566
COc1cc(OC)cc(N(CC#Cc2ccccc2)c2ccc3ncc(-c4cnn(C)c4)nc3c2)c1,10000.0,5.0,0,475.552
COc1cc(OC)cc(N(CC#Cc2ccccc2C#N)c2ccc3ncc(-c4cnn(C)c4)nc3c2)c1,10000.0,5.0,0,500.562
COc1cc(OC)cc(N(CC#Cc2cccnc2)c2ccc3ncc(-c4cnn(C)c4)nc3c2)c1,10000.0,5.0,0,476.54
COc1cc(OC)cc(N(CC#Cc2cccnc2Br)c2ccc3ncc(-c4cnn(C)c4)nc3c2)c1,10000.0,5.0,0,555.436
COc1cc(OC)cc(N(CC#Cc2ccnc(OC)c2)c2ccc3ncc(-c4cnn(C)c4)nc3c2)c1,10000.0,5.0,0,506.566
COc1cc(OC)cc(N(CC#Cc2cnc(N)cn2)c2ccc3ncc(-c4cnn(C)c4)nc3c2)c1,10000.0,5.0,0,492.543
COc1cc(OC)cc(N(CC#Cc2cnc3[nH]ccc3n2)c2ccc3ncc(-c4cnn(C)c4)nc3c2)c1,10000.0,5.0,0,516.565
COc1cc(OC)cc(N(CC#Cc2cncn2C)c2ccc3ncc(-c4cnn(C)c4)nc3c2)c1,10000.0,5.0,0,479.544
COc1cc(OC)cc(N(CC#Cc2cnn(C)c2)c2ccc3ncc(-c4cnn(C)c4)nc3c2)c1,10000.0,5.0,0,479.544
COc1cc(OC)cc(N(CC#Cc2ncccc2C(F)(F)F)c2ccc3ncc(-c4cnn(C)c4)nc3c2)c1,10000.0,5.0,0,544.537
COc1cc(OC)cc(N(CC#Cc2ncccc2C)c2ccc3ncc(-c4cnn(C)c4)nc3c2)c1,10000.0,5.0,0,490.567
COc1cc(OC)cc(N(CC#Cc2ncccc2F)c2ccc3ncc(-c4cnn(C)c4)nc3c2)c1,10000.0,5.0,0,494.53
COc1cc(OC)cc(N(CC#Cc2ncccc2OC)c2ccc3ncc(-c4cnn(C(C)C)c4)nc3c2)c1,10000.0,5.0,0,534.62
COc1cc(OC)cc(N(CC#Cc2ncccc2OC)c2ccc3ncc(-c4cnn(C)c4)nc3c2)c1,10000.0,5.0,0,506.566
COc1cc(OC)cc(N(CC#Cc2nccnc2OC)c2ccc3ncc(-c4cnn(C)c4)nc3c2)c1,10000.0,5.0,0,507.554
COc1cc(OC)cc(N(CC(=O)N2CCCC2)c2ccc3ncc(-c4cnn(C)c4)nc3c2)c1,10000.0,5.0,0,472.549
COc1cc(OC)cc(N(CC(=O)NC(C)C)c2ccc3ncc(-c4cnn(C)c4)nc3c2)c1,10000.0,5.0,0,460.538
COc1cc(OC)cc(N(CC(=O)NCCN)c2ccc3ncc(-c4cnn(C)c4)nc3c2)c1.Cl,10000.0,5.0,0,497.987
COc1cc(OC)cc(N(CC(=O)NCCN2CCCC2)c2ccc3ncc(-c4cnn(C)c4)nc3c2)c1,10000.0,5.0,0,515.618
COc1cc(OC)cc(N(CC(=O)NCCO)c2ccc3ncc(-c4cnn(C)c4)nc3c2)c1,10000.0,5.0,0,462.51
COc1cc(OC)cc(N(CC(=O)Nc2cc(C)ccn2)c2ccc3ncc(-c4cnn(C)c4)nc3c2)c1,10000.0,5.0,0,509.57
COc1cc(OC)cc(N(CC(=O)Nc2cc(O)ccn2)c2ccc3ncc(-c4cnn(C)c4)nc3c2)c1,10000.0,5.0,0,511.542
COc1cc(OC)cc(N(CC(=O)Nc2ncccc2OC)c2ccc3ncc(-c4cnn(C)c4)nc3c2)c1,10000.0,5.0,0,525.569
COc1cc(OC)cc(N(CC(C)(C)O)c2ccc3ncc(-c4cn[nH]c4)nc3c2)c1,10000.0,5.0,0,419.485
COc1cc(OC)cc(N(CC(C)(C)O)c2ccc3ncc(-c4cnn(C)c4)nc3c2)c1,10000.0,5.0,0,433.512
COc1cc(OC)cc(N(CC(C)N)c2ccc3ncc(-c4cnn(C)c4)nc3c2)c1,10000.0,5.0,0,418.501
COc1cc(OC)cc(N(CC(C)NC(C)C)c2ccc3ncc(-c4cnn(C)c4)nc3c2)c1.Cl,10000.0,5.0,0,497.043
COc1cc(OC)cc(N(CC(C)NCC(F)(F)F)c2ccc3ncc(-c4cnn(C)c4)nc3c2)c1,10000.0,5.0,0,500.525
COc1cc(OC)cc(N(CC(C)O)c2ccc3ncc(-c4cnn(C)c4)nc3c2)c1,10000.0,5.0,0,419.485
COc1cc(OC)cc(N(CC(F)CN)c2ccc3ncc(-c4cnn(C)c4)nc3c2)c1,10000.0,5.0,0,436.491
COc1cc(OC)cc(N(CC(N)=O)c2ccc3ncc(-c4cnn(C)c4)nc3c2)c1,10000.0,5.0,0,418.457
COc1cc(OC)cc(N(CC(NC(C)C)C(C)C)c2ccc3ncc(-c4cnn(C)c4)nc3c2)c1,10000.0,5.0,0,488.636
COc1cc(OC)cc(N(CC(O)C(C)C)c2ccc3ncc(-c4cnn(C)c4)nc3c2)c1,10000.0,5.0,0,447.539
COc1cc(OC)cc(N(CC(O)C(F)(F)F)c2ccc3ncc(-c4cnn(C(C)C)c4)nc3c2)c1,10000.0,5.0,0,501.509
COc1cc(OC)cc(N(CC(O)C(F)(F)F)c2ccc3ncc(-c4cnn(C)c4)nc3c2)c1,10000.0,5.0,0,473.455
COc1cc(OC)cc(N(CC(O)CN)c2ccc3ncc(-c4cnn(C)c4)nc3c2)c1,10000.0,5.0,0,434.5
COc1cc(OC)cc(N(CC(O)CN2CCC(F)(F)C2)c2ccc3ncc(-c4cnn(C)c4)nc3c2)c1.Cl,10000.0,5.0,0,561.033
COc1cc(OC)cc(N(CC(O)CN2CCCCC2)c2ccc3ncc(-c4cnn(C)c4)nc3c2)c1,10000.0,5.0,0,502.619
COc1cc(OC)cc(N(CC(O)CN2CCOCC2)c2ccc3ncc(-c4cnn(C)c4)nc3c2)c1,10000.0,5.0,0,504.591
COc1cc(OC)cc(N(CC(O)CNC(C)C)c2ccc3ncc(-c4cnn(C)c4)nc3c2)c1,10000.0,5.0,0,476.581
COc1cc(OC)cc(N(CC(O)CNCC(F)(F)F)c2ccc3ncc(-c4cnn(C)c4)nc3c2)c1,10000.0,5.0,0,516.524
COc1cc(OC)cc(N(CC(O)CO)c2ccc3ncc(-c4cnn(C)c4)nc3c2)c1,10000.0,5.0,0,435.484
COc1cc(OC)cc(N(CC(OCC(O)C(C)C)C(C)C)c2ccc3ncc(-c4cnn(C)c4)nc3c2)c1.Cl,10000.0,5.0,0,570.134
COc1cc(OC)cc(N(CC2(C)COC2)c2ccc3ncc(-c4cnn(C)c4)nc3c2)c1,10000.0,5.0,0,445.523
COc1cc(OC)cc(N(CC2(CNC(C)C)COC2)c2ccc3ncc(-c4cnn(C)c4)nc3c2)c1,10000.0,5.0,0,502.619
COc1cc(OC)cc(N(CC2(O)CCNCC2)c2ccc3ncc(-c4cnn(C)c4)nc3c2)c1,10000.0,5.0,0,474.565
COc1cc(OC)cc(N(CC2(OC)CCCNC2)c2ccc3ncc(-c4cnn(C)c4)nc3c2)c1.Cl,10000.0,5.0,0,525.053
COc1cc(OC)cc(N(CC2CC2)c2ccc3ncc(-c4cn[nH]c4)nc3c2)c1,10000.0,5.0,0,401.47
COc1cc(OC)cc(N(CC2CC2)c2ccc3ncc(-c4cnn(C(C)(C)C(=O)NCCO)c4)nc3c2)c1,10000.0,5.0,0,530.629
COc1cc(OC)cc(N(CC2CC2)c2ccc3ncc(-c4cnn(C)c4)nc3c2)c1,10000.0,5.0,0,415.497
COc1cc(OC)cc(N(CC2CC2)c2ccc3ncc(-c4cnn(C5CCN(S(C)(=O)=O)CC5)c4)nc3c2)c1,10000.0,5.0,0,562.696
COc1cc(OC)cc(N(CC2CC2)c2ccc3ncc(-c4cnn(CC(=O)N(C)C)c4)nc3c2)c1,10000.0,5.0,0,486.576
COc1cc(OC)cc(N(CC2CC2)c2ccc3ncc(-c4cnn(CC(=O)N5CCC(O)C5)c4)nc3c2)c1,10000.0,5.0,0,528.613
COc1cc(OC)cc(N(CC2CC2)c2ccc3ncc(-c4cnn(CC(=O)NCCO)c4)nc3c2)c1,10000.0,5.0,0,502.575
COc1cc(OC)cc(N(CC2CC2)c2ccc3ncc(-c4cnn(CC(C)(C)O)c4)nc3c2)c1,10000.0,5.0,0,473.577
COc1cc(OC)cc(N(CC2CC2)c2ccc3ncc(-c4cnn(CC(C)C)c4)nc3c2)c1,10000.0,5.0,0,457.578
COc1cc(OC)cc(N(CC2CC2)c2ccc3ncc(-c4cnn(CC(O)CO)c4)nc3c2)c1,10000.0,5.0,0,475.549
COc1cc(OC)cc(N(CC2CC2)c2ccc3ncc(-c4cnn(CC5(O)CCNCC5)c4)nc3c2)c1,10000.0,5.0,0,514.63
COc1cc(OC)cc(N(CC2CC2)c2ccc3ncc(-c4cnn(CC5CCOCC5)c4)nc3c2)c1,10000.0,5.0,0,499.615
COc1cc(OC)cc(N(CC2CC2)c2ccc3ncc(-c4cnn(CCCN)c4)nc3c2)c1,10000.0,5.0,0,458.566
COc1cc(OC)cc(N(CC2CC2)c2ccc3ncc(-c4cnn(CCCN5CCOCC5)c4)nc3c2)c1.Cl,10000.0,5.0,0,565.118
COc1cc(OC)cc(N(CC2CC2)c2ccc3ncc(-c4cnn(CCCNCCS(C)(=O)=O)c4)nc3c2)c1,10000.0,5.0,0,564.712
COc1cc(OC)cc(N(CC2CC2)c2ccc3ncc(-c4cnn(CCF)c4)nc3c2)c1,10000.0,5.0,0,447.514
COc1cc(OC)cc(N(CC2CC2)c2ccc3ncc(-c4cnn(CCNS(=O)(=O)N(C)C)c4)nc3c2)c1,10000.0,5.0,0,551.673
COc1cc(OC)cc(N(CC2CC2)c2ccc3ncc(-c4cnn(CCNS(C)(=O)=O)c4)nc3c2)c1,10000.0,5.0,0,522.631
COc1cc(OC)cc(N(CC2CC2)c2ccc3ncc(-c4cnn(CCO)c4)nc3c2)c1,10000.0,5.0,0,445.523
COc1cc(OC)cc(N(CC2CC2)c2ccc3ncc(-c4cnn(C[Si](C)(C)C)c4)nc3c2)c1,10000.0,5.0,0,487.68
COc1cc(OC)cc(N(CC2CC2)c2ccc3ncc(-c4cnn(S(=O)(=O)N(C)C)c4)nc3c2)c1,10000.0,5.0,0,508.604
COc1cc(OC)cc(N(CC2CC2)c2ccc3ncc(-c4cnn(S(C)(=O)=O)c4)nc3c2)c1,10000.0,5.0,0,479.562
COc1cc(OC)cc(N(CC2CC2c2ccncc2)c2ccc3ncc(-c4cnn(C)c4)nc3c2)c1,10000.0,5.0,0,492.583
COc1cc(OC)cc(N(CC2CCCC2)c2ccc3ncc(-c4cnn(C)c4)nc3c2)c1,10000.0,5.0,0,443.551
COc1cc(OC)cc(N(CC2CCCO2)c2ccc3ncc(-c4cnn(C)c4)nc3c2)c1,10000.0,5.0,0,445.523
COc1cc(OC)cc(N(CC2CCN(C(C)C)CC2)c2ccc3ncc(-c4cnn(C)c4)nc3c2)c1,10000.0,5.0,0,500.647
COc1cc(OC)cc(N(CC2CCN(C)CC2)c2ccc3ncc(-c4cnn(C)c4)nc3c2)c1,10000.0,5.0,0,472.593
COc1cc(OC)cc(N(CC2CCN(CC(F)(F)F)CC2)c2ccc3ncc(-c4cnn(C)c4)nc3c2)c1,10000.0,5.0,0,540.59
COc1cc(OC)cc(N(CC2CCN(c3nccc(OC)n3)CC2)c2ccc3ncc(-c4cnn(C)c4)nc3c2)c1,10000.0,5.0,0,566.666
COc1cc(OC)cc(N(CC2CCNCC2)c2ccc3ncc(-c4cnn(C)c4)nc3c2)c1.Cl,10000.0,5.0,0,495.027
COc1cc(OC)cc(N(CC2CCOCC2)c2ccc3ncc(-c4cnn(C)c4)nc3c2)c1,10000.0,5.0,0,459.55
COc1cc(OC)cc(N(CC2CN(Cc3ccccc3)CCN2Cc2ccccc2)c2ccc3ncc(-c4cnn(C)c4)nc3c2)c1,10000.0,5.0,0,639.804
COc1cc(OC)cc(N(CC2CN(Cc3ccccc3)CCO2)c2ccc3ncc(-c4cnn(C)c4)nc3c2)c1,10000.0,5.0,0,550.663
COc1cc(OC)cc(N(CC2COCCN2)c2ccc3ncc(-c4cnn(C)c4)nc3c2)c1,10000.0,5.0,0,460.538
COc1cc(OC)cc(N(CC2OCCO2)c2ccc3ncc(-c4cnn(C)c4)nc3c2)c1,10000.0,5.0,0,447.495
COc1cc(OC)cc(N(CCC#Cc2ccccc2)c2ccc3ncc(-c4cnn(C)c4)nc3c2)c1,10000.0,5.0,0,489.579
COc1cc(OC)cc(N(CCC#N)c2ccc3ncc(-c4cnn(C)c4)nc3c2)c1,10000.0,5.0,0,414.469
COc1cc(OC)cc(N(CCC#N)c2ccc3ncc(-c4cnn(CCO)c4)nc3c2)c1,10000.0,5.0,0,444.495
COc1cc(OC)cc(N(CCC(=O)N(C)OC)c2ccc3ncc(-c4cnn(C)c4)nc3c2)c1,10000.0,5.0,0,476.537
COc1cc(OC)cc(N(CCC(=O)NC(C)C)c2ccc3ncc(-c4cnn(C)c4)nc3c2)c1,10000.0,5.0,0,474.565
COc1cc(OC)cc(N(CCC(=O)NCC(F)(F)F)c2ccc3ncc(-c4cnn(C)c4)nc3c2)c1,10000.0,5.0,0,514.508
COc1cc(OC)cc(N(CCC(=O)O)c2ccc3ncc(-c4cnn(C)c4)nc3c2)c1.Cl,10000.0,5.0,0,469.929
COc1cc(OC)cc(N(CCC(C)(C)O)c2ccc3ncc(-c4cnn(C)c4)nc3c2)c1,10000.0,5.0,0,447.539
COc1cc(OC)cc(N(CCCC#N)c2ccc3ncc(-c4cnn(C)c4)nc3c2)c1,10000.0,5.0,0,428.496
COc1cc(OC)cc(N(CCCCN)c2ccc3ncc(-c4cnn(C)c4)nc3c2)c1,10000.0,5.0,0,432.528
COc1cc(OC)cc(N(CCCN)c2ccc3ncc(-c4cn[nH]c4)nc3c2)c1,10000.0,5.0,0,404.474
COc1cc(OC)cc(N(CCCN)c2ccc3ncc(-c4cnn(C)c4)nc3c2)c1,10000.0,5.0,0,418.501
COc1cc(OC)cc(N(CCCN)c2ccc3ncc(-c4cnn(CCO)c4)nc3c2)c1,10000.0,5.0,0,448.527
COc1cc(OC)cc(N(CCCN)c2ccc3ncc(-c4cnn(CCS(C)(=O)=O)c4)nc3c2)c1,10000.0,5.0,0,510.62
COc1cc(OC)cc(N(CCCN2CC(F)(F)C2)c2ccc3ncc(-c4cnn(C)c4)nc3c2)c1,10000.0,5.0,0,494.546
COc1cc(OC)cc(N(CCCN2CC(O)C2)c2ccc3ncc(-c4cnn(C)c4)nc3c2)c1,10000.0,5.0,0,474.565
COc1cc(OC)cc(N(CCCN2CCC(C(F)(F)F)CC2)c2ccc3ncc(-c4cnn(C)c4)nc3c2)c1,10000.0,5.0,0,554.617
COc1cc(OC)cc(N(CCCN2CCC(F)(F)C2)c2ccc3ncc(-c4cn[nH]c4)nc3c2)c1,10000.0,5.0,0,494.546
COc1cc(OC)cc(N(CCCN2CCC(F)(F)C2)c2ccc3ncc(-c4cn[nH]c4)nc3c2)c1.Cl,10000.0,5.0,0,531.007
COc1cc(OC)cc(N(CCCN2CCC(F)(F)C2)c2ccc3ncc(-c4cnn(C)c4)nc3c2)c1.Cl,10000.0,5.0,0,545.034
COc1cc(OC)cc(N(CCCN2CCC(F)(F)C2)c2ccc3ncc(-c4cnn(CC5CCOCC5)c4)nc3c2)c1.Cl,10000.0,5.0,0,629.152
COc1cc(OC)cc(N(CCCN2CCC(N3C[C@@H](C)O[C@@H](C)C3)C2)c2ccc3ncc(-c4cnn(C)c4)nc3c2)c1.Cl,10000.0,5.0,0,622.214
COc1cc(OC)cc(N(CCCN2CCC(O)C2)c2ccc3ncc(-c4cnn(C)c4)nc3c2)c1.Cl,10000.0,5.0,0,525.053
COc1cc(OC)cc(N(CCCN2CCC(OC)CC2)c2ccc3ncc(-c4cnn(C)c4)nc3c2)c1,10000.0,5.0,0,516.646
COc1cc(OC)cc(N(CCCN2CCCC(C#N)C2)c2ccc3ncc(-c4cnn(C)c4)nc3c2)c1,10000.0,5.0,0,511.63
COc1cc(OC)cc(N(CCCN2CCCC(C(N)=O)C2)c2ccc3ncc(-c4cnn(C)c4)nc3c2)c1,10000.0,5.0,0,529.645
COc1cc(OC)cc(N(CCCN2CCCC2)c2ccc3ncc(-c4cn[nH]c4)nc3c2)c1,10000.0,5.0,0,458.566
COc1cc(OC)cc(N(CCCN2CCCC2)c2ccc3ncc(-c4cnn(CCO)c4)nc3c2)c1.Cl,10000.0,5.0,0,539.08
COc1cc(OC)cc(N(CCCN2CCCC2)c2ccc3ncc(-c4cnn(CCS(C)(=O)=O)c4)nc3c2)c1,10000.0,5.0,0,564.712
COc1cc(OC)cc(N(CCCN2CCCC2=O)c2ccc3ncc(-c4cnn(C(C)C)c4)nc3c2)c1,10000.0,5.0,0,514.63
COc1cc(OC)cc(N(CCCN2CCCC2=O)c2ccc3ncc(-c4cnn(C)c4)nc3c2)c1,10000.0,5.0,0,486.576
COc1cc(OC)cc(N(CCCN2CCCCC2)c2ccc3ncc(-c4cnn(C)c4)nc3c2)c1.Cl,10000.0,5.0,0,523.081
COc1cc(OC)cc(N(CCCN2CCCCC2C)c2ccc3ncc(-c4cnn(C)c4)nc3c2)c1.Cl,10000.0,5.0,0,537.108
COc1cc(OC)cc(N(CCCN2CCC[C@@H]2C)c2ccc3ncc(-c4cnn(C)c4)nc3c2)c1.Cl,10000.0,5.0,0,523.081
COc1cc(OC)cc(N(CCCN2CCC[C@@H]2CO)c2ccc3ncc(-c4cnn(C)c4)nc3c2)c1,10000.0,5.0,0,502.619
COc1cc(OC)cc(N(CCCN2CCC[C@H]2CC#N)c2ccc3ncc(-c4cnn(C)c4)nc3c2)c1.Cl,10000.0,5.0,0,548.091
COc1cc(OC)cc(N(CCCN2CCC[C@H]2CO)c2ccc3ncc(-c4cnn(C)c4)nc3c2)c1,10000.0,5.0,0,502.619
COc1cc(OC)cc(N(CCCN2CCOC2=O)c2ccc3ncc(-c4cnn(C)c4)nc3c2)c1,10000.0,5.0,0,488.548
COc1cc(OC)cc(N(CCCN2CCOCC2)c2ccc3ncc(-c4cnn(C)c4)nc3c2)c1.Cl,10000.0,5.0,0,525.053
COc1cc(OC)cc(N(CCCN2CCS(=O)(=O)CC2)c2ccc3ncc(-c4cnn(C)c4)nc3c2)c1,10000.0,5.0,0,536.658
COc1cc(OC)cc(N(CCCN2CC[C@H](C#N)C2)c2ccc3ncc(-c4cnn(C)c4)nc3c2)c1.Cl,10000.0,5.0,0,534.064
COc1cc(OC)cc(N(CCCN2C[C@@H](C)O[C@@H](C)C2)c2ccc3ncc(-c4cnn(C)c4)nc3c2)c1,10000.0,5.0,0,516.646
COc1cc(OC)cc(N(CCCN2[C@H](C)CC[C@@H]2C)c2ccc3ncc(-c4cnn(C)c4)nc3c2)c1,10000.0,5.0,0,500.647
COc1cc(OC)cc(N(CCCN2[C@H](C)CC[C@@H]2C)c2ccc3ncc(-c4cnn(C)c4)nc3c2)c1.Cl,10000.0,5.0,0,537.108
COc1cc(OC)cc(N(CCCNC(=O)C(C)(O)C(F)(F)F)c2ccc3ncc(-c4cnn(C)c4)nc3c2)c1,10000.0,5.0,0,558.561
COc1cc(OC)cc(N(CCCNC(=O)C(C)(O)C(F)(F)F)c2ccc3ncc(-c4cnn(C)c4)nc3c2)c1.Cl,10000.0,5.0,0,595.022
COc1cc(OC)cc(N(CCCNC(=O)C(F)(F)F)c2ccc3ncc(-c4cn[nH]c4)nc3c2)c1.O=C(O)C(F)(F)F,10000.0,5.0,0,614.503
COc1cc(OC)cc(N(CCCNC(=O)C(F)(F)F)c2ccc3ncc(-c4cnn(C)c4)nc3c2)c1,10000.0,5.0,0,514.508
COc1cc(OC)cc(N(CCCNC(C)C)c2ccc3ncc(-c4cnn(C)c4)nc3c2)c1,10000.0,5.0,0,460.582
COc1cc(OC)cc(N(CCCNCC(C)(F)F)c2ccc3ncc(-c4cnn(C)c4)nc3c2)c1,10000.0,5.0,0,496.562
COc1cc(OC)cc(N(CCCNCC(F)(F)F)c2ccc3ncc(-c4cn[nH]c4)nc3c2)c1,10000.0,5.0,0,486.498
COc1cc(OC)cc(N(CCCNCC(F)(F)F)c2ccc3ncc(-c4cnn(C(C)C)c4)nc3c2)c1.Cl,10000.0,5.0,0,565.04
COc1cc(OC)cc(N(CCCNCC(F)(F)F)c2ccc3ncc(-c4cnn(C)c4)nc3c2)c1,10000.0,5.0,0,500.525
COc1cc(OC)cc(N(CCCNCC(F)F)c2ccc3ncc(-c4cnn(C)c4)nc3c2)c1,10000.0,5.0,0,482.535
COc1cc(OC)cc(N(CCCNCC(N)=O)c2ccc3ncc(-c4cnn(C)c4)nc3c2)c1,10000.0,5.0,0,475.553
COc1cc(OC)cc(N(CCCNS(=O)(=O)N(C)C)c2ccc3ncc(-c4cnn(C)c4)nc3c2)c1,10000.0,5.0,0,525.635
COc1cc(OC)cc(N(CCCNS(C)(=O)=O)c2ccc3ncc(-c4cnn(C)c4)nc3c2)c1,10000.0,5.0,0,496.593
COc1cc(OC)cc(N(CCCO)c2ccc3ncc(-c4c(C)nn(C)c4C)nc3c2)c1,10000.0,5.0,0,447.539
COc1cc(OC)cc(N(CCCO)c2ccc3ncc(-c4cnn(CCO)c4)nc3c2)c1,10000.0,5.0,0,449.511
COc1cc(OC)cc(N(CCCO)c2ccc3ncc(-c4cnn(CCS(C)(=O)=O)c4)nc3c2)c1,10000.0,5.0,0,511.604
COc1cc(OC)cc(N(CCCc2cc(C)ccn2)c2ccc3ncc(-c4cnn(C)c4)nc3c2)c1,10000.0,5.0,0,494.599
COc1cc(OC)cc(N(CCCc2nccc(OC)n2)c2ccc3ncc(-c4cnn(C)c4)nc3c2)c1,10000.0,5.0,0,511.586
COc1cc(OC)cc(N(CCCc2ncccc2OC)c2ccc3ncc(-c4cnn(C)c4)nc3c2)c1,10000.0,5.0,0,510.598
COc1cc(OC)cc(N(CCN(C)C(C)C)c2ccc3ncc(-c4cnn(C)c4)nc3c2)c1,10000.0,5.0,0,460.582
COc1cc(OC)cc(N(CCN(C)C)c2ccc3ncc(-c4cnn(C)c4)nc3c2)c1,10000.0,5.0,0,432.528
COc1cc(OC)cc(N(CCN(Cc2ccc(N)cc2)C(C)C)c2ccc3ncc(-c4cnn(C)c4)nc3c2)c1,10000.0,5.0,0,551.695
COc1cc(OC)cc(N(CCN)c2ccc3ncc(-c4cn[nH]c4)nc3c2)c1.Cl,10000.0,5.0,0,426.908
COc1cc(OC)cc(N(CCN)c2ccc3ncc(-c4cnn(C(C)C)c4)nc3c2)c1,10000.0,5.0,0,432.528
COc1cc(OC)cc(N(CCN)c2ccc3ncc(-c4cnn(C)c4)nc3c2)c1,10000.0,5.0,0,404.474
COc1cc(OC)cc(N(CCN)c2ccc3ncc(-c4cnn(CC5CCOCC5)c4)nc3c2)c1.Cl,10000.0,5.0,0,525.053
COc1cc(OC)cc(N(CCN)c2ccc3ncc(-c4cnn(CCS(C)(=O)=O)c4)nc3c2)c1,10000.0,5.0,0,496.593
COc1cc(OC)cc(N(CCN2C(=O)c3ccccc3C2=O)c2ccc3ncc(-c4cnn(C)c4)nc3c2)c1,10000.0,5.0,0,534.576
COc1cc(OC)cc(N(CCN2C(C)CCCC2C)c2ccc3ncc(-c4cnn(C)c4)nc3c2)c1,10000.0,5.0,0,500.647
COc1cc(OC)cc(N(CCN2CC(C)(C)N=C2C)c2ccc3ncc(-c4cnn(C)c4)nc3c2)c1,10000.0,5.0,0,499.619
COc1cc(OC)cc(N(CCN2CC3(COC3)C2)c2ccc3ncc(-c4cnn(C)c4)nc3c2)c1,10000.0,5.0,0,486.576
COc1cc(OC)cc(N(CCN2CC=CCC2)c2ccc3ncc(-c4cnn(C)c4)nc3c2)c1.Cl,10000.0,5.0,0,507.038
COc1cc(OC)cc(N(CCN2CCC(C(C)(C)O)CC2)c2ccc3ncc(-c4cnn(C(C)C)c4)nc3c2)c1,10000.0,5.0,0,558.727
COc1cc(OC)cc(N(CCN2CCC(C(C)(C)O)CC2)c2ccc3ncc(-c4cnn(C)c4)nc3c2)c1,10000.0,5.0,0,530.673
COc1cc(OC)cc(N(CCN2CCC(CCO)CC2)c2ccc3ncc(-c4cnn(C)c4)nc3c2)c1,10000.0,5.0,0,516.646
COc1cc(OC)cc(N(CCN2CCC(CO)CC2)c2ccc3ncc(-c4cnn(C)c4)nc3c2)c1,10000.0,5.0,0,502.619
COc1cc(OC)cc(N(CCN2CCC(F)(F)CC2)c2ccc3ncc(-c4cnn(C)c4)nc3c2)c1,10000.0,5.0,0,508.573
COc1cc(OC)cc(N(CCN2CCC(N(C)C)C2)c2ccc3ncc(-c4cnn(C)c4)nc3c2)c1,10000.0,5.0,0,501.635
COc1cc(OC)cc(N(CCN2CCC(N(C)C)CC2)c2ccc3ncc(-c4cnn(C)c4)nc3c2)c1,10000.0,5.0,0,515.662
COc1cc(OC)cc(N(CCN2CCC(N)C2)c2ccc3ncc(-c4cnn(C)c4)nc3c2)c1.Cl,10000.0,5.0,0,510.042
COc1cc(OC)cc(N(CCN2CCC(N)CC2)c2ccc3ncc(-c4cnn(C)c4)nc3c2)c1,10000.0,5.0,0,487.608
COc1cc(OC)cc(N(CCN2CCC(O)C2)c2ccc3ncc(-c4cnn(C)c4)nc3c2)c1.Cl,10000.0,5.0,0,511.026
COc1cc(OC)cc(N(CCN2CCC(O)CC2)c2ccc3ncc(-c4cnn(C)c4)nc3c2)c1,10000.0,5.0,0,488.592
COc1cc(OC)cc(N(CCN2CCCC(C#N)C2)c2ccc3ncc(-c4cnn(C)c4)nc3c2)c1,10000.0,5.0,0,497.603
COc1cc(OC)cc(N(CCN2CCCC(C(N)=O)C2)c2ccc3ncc(-c4cnn(C)c4)nc3c2)c1,10000.0,5.0,0,515.618
COc1cc(OC)cc(N(CCN2CCCC(N)C2)c2ccc3ncc(-c4cnn(C)c4)nc3c2)c1,10000.0,5.0,0,487.608
COc1cc(OC)cc(N(CCN2CCCC2)c2ccc3ncc(-c4cn[nH]c4)nc3c2)c1.Cl,10000.0,5.0,0,481.0
COc1cc(OC)cc(N(CCN2CCCC2)c2ccc3ncc(-c4cnn(C)c4)nc3c2)c1.Cl,10000.0,5.0,0,495.027
COc1cc(OC)cc(N(CCN2CCCC2=O)c2ccc3ncc(-c4cnn(C)c4)nc3c2)c1,10000.0,5.0,0,472.549
COc1cc(OC)cc(N(CCN2CCCCC2)c2ccc3ncc(-c4cnn(C)c4)nc3c2)c1,10000.0,5.0,0,472.593
COc1cc(OC)cc(N(CCN2CCCCC2C)c2ccc3ncc(-c4cnn(C)c4)nc3c2)c1.Cl,10000.0,5.0,0,523.081
COc1cc(OC)cc(N(CCN2CCC[C@@H]2C)c2ccc3ncc(-c4cnn(C)c4)nc3c2)c1.Cl,10000.0,5.0,0,509.054
COc1cc(OC)cc(N(CCN2CCC[C@@H]2CO)c2ccc3ncc(-c4cnn(C)c4)nc3c2)c1,10000.0,5.0,0,488.592
COc1cc(OC)cc(N(CCN2CCC[C@H]2C(=O)O)c2ccc3ncc(-c4cnn(C)c4)nc3c2)c1.Cl,10000.0,5.0,0,539.036
COc1cc(OC)cc(N(CCN2CCC[C@H]2C)c2ccc3ncc(-c4cnn(C)c4)nc3c2)c1.Cl,10000.0,5.0,0,509.054
COc1cc(OC)cc(N(CCN2CCC[C@H]2CO)c2ccc3ncc(-c4cnn(C)c4)nc3c2)c1,10000.0,5.0,0,488.592
COc1cc(OC)cc(N(CCN2CCN(C(=O)C3CC3)CC2)c2ccc3ncc(-c4cnn(C)c4)nc3c2)c1,10000.0,5.0,0,541.656
COc1cc(OC)cc(N(CCN2CCN(C(C)=O)CC2)c2ccc3ncc(-c4cnn(C)c4)nc3c2)c1,10000.0,5.0,0,515.618
COc1cc(OC)cc(N(CCN2CCN(C3CCN(C(C)=O)CC3)CC2)c2ccc3ncc(-c4cnn(C)c4)nc3c2)c1,10000.0,5.0,0,598.752
COc1cc(OC)cc(N(CCN2CCN(CCO)CC2)c2ccc3ncc(-c4cnn(C)c4)nc3c2)c1,10000.0,5.0,0,517.634
COc1cc(OC)cc(N(CCN2CCNC(=O)C2)c2ccc3ncc(-c4cnn(C)c4)nc3c2)c1,10000.0,5.0,0,487.564
COc1cc(OC)cc(N(CCN2CCNCC2)c2ccc3ncc(-c4cnn(C)c4)nc3c2)c1.Cl,10000.0,5.0,0,510.042
COc1cc(OC)cc(N(CCN2CCOC2=O)c2ccc3ncc(-c4cnn(C)c4)nc3c2)c1,10000.0,5.0,0,474.521
COc1cc(OC)cc(N(CCN2CCOCC2)c2ccc3ncc(-c4cnn(C)c4)nc3c2)c1.Cl,10000.0,5.0,0,511.026
COc1cc(OC)cc(N(CCN2CC[C@H](C#N)C2)c2ccc3ncc(-c4cn[nH]c4)nc3c2)c1,10000.0,5.0,0,469.549
COc1cc(OC)cc(N(CCN2CC[C@H](C#N)C2)c2ccc3ncc(-c4cnn(C)c4)nc3c2)c1,10000.0,5.0,0,483.576
COc1cc(OC)cc(N(CCN2CC[C@H](C#N)C2)c2ccc3ncc(-c4cnn(CC5CCOCC5)c4)nc3c2)c1,10000.0,5.0,0,567.694
COc1cc(OC)cc(N(CCN2C[C@@H](C)O[C@@H](C)C2)c2ccc3ncc(-c4cnn(C)c4)nc3c2)c1.Cl,10000.0,5.0,0,539.08
COc1cc(OC)cc(N(CCN2C[C@@H]3C[C@H]2CN3)c2ccc3ncc(-c4cnn(C)c4)nc3c2)c1.Cl,10000.0,5.0,0,522.053
COc1cc(OC)cc(N(CCN2C[C@@H]3C[C@H]2CN3C(=O)OC(C)(C)C)c2ccc3ncc(-c4cnn(C)c4)nc3c2)c1,10000.0,5.0,0,585.709
COc1cc(OC)cc(N(CCN2C[C@H](C)C[C@@H](C)C2)c2ccc3ncc(-c4cnn(C)c4)nc3c2)c1.Cl,10000.0,5.0,0,537.108
COc1cc(OC)cc(N(CCN2C[C@H](C)C[C@H](C)C2)c2ccc3ncc(-c4cnn(C)c4)nc3c2)c1,10000.0,5.0,0,500.647
COc1cc(OC)cc(N(CCN2[C@@H](C)CC[C@@H]2C)c2ccc3ncc(-c4cnn(C)c4)nc3c2)c1,10000.0,5.0,0,486.62
COc1cc(OC)cc(N(CCNC(=O)C(C)(O)C(F)(F)F)c2ccc3ncc(-c4cnn(C)c4)nc3c2)c1,10000.0,5.0,0,544.534
COc1cc(OC)cc(N(CCNC(=O)C(F)(F)F)c2ccc3ncc(-c4cnn(C)c4)nc3c2)c1,10000.0,5.0,0,500.481
COc1cc(OC)cc(N(CCNC(=O)C2CC2)c2ccc3ncc(-c4cnn(C)c4)nc3c2)c1,10000.0,5.0,0,472.549
COc1cc(OC)cc(N(CCNC(=O)C2CCCN(C)C2)c2ccc3ncc(-c4cnn(C)c4)nc3c2)c1,10000.0,5.0,0,529.645
COc1cc(OC)cc(N(CCNC(C)=O)c2ccc3ncc(-c4cnn(C)c4)nc3c2)c1,10000.0,5.0,0,446.511
COc1cc(OC)cc(N(CCNC(C)C)c2ccc3ncc(-c4c(C)nn(C)c4C)nc3c2)c1.Cl,10000.0,5.0,0,511.07
COc1cc(OC)cc(N(CCNC(C)C)c2ccc3ncc(-c4cn(C)nc4C(F)(F)F)nc3c2)c1.Cl,10000.0,5.0,0,551.013
COc1cc(OC)cc(N(CCNC(C)C)c2ccc3ncc(-c4cn[nH]c4)nc3c2)c1.Cl,10000.0,5.0,0,468.989
COc1cc(OC)cc(N(CCNC(C)C)c2ccc3ncc(-c4cnn(C)c4)nc3c2)c1,10000.0,5.0,0,446.555
COc1cc(OC)cc(N(CCNC(C)C)c2ccc3ncc(-c4cnn(C)c4CN(C)C)nc3c2)c1,10000.0,5.0,0,503.651
COc1cc(OC)cc(N(CCNC(C)C)c2ccc3ncc(-c4cnn(C)c4CO)nc3c2)c1,10000.0,5.0,0,476.581
COc1cc(OC)cc(N(CCNC(C)C)c2ccc3ncc(-c4cnn(CCC#N)c4)nc3c2)c1,10000.0,5.0,0,485.592
COc1cc(OC)cc(N(CCNC(C)C)c2ccc3ncc(-c4cnn(CCCN5CCN(CCCO)CC5)c4)nc3c2)c1.Cl,10000.0,5.0,0,653.272
COc1cc(OC)cc(N(CCNC(C)C)c2ccc3ncc(-c4cnn(CCCN5CCN(CCO)CC5)c4)nc3c2)c1.Cl,10000.0,5.0,0,639.245
COc1cc(OC)cc(N(CCNC2CC(C)(C)NC(C)(C)C2)c2ccc3ncc(-c4cnn(C)c4)nc3c2)c1,10000.0,5.0,0,543.716
COc1cc(OC)cc(N(CCNC2CC2)c2ccc3ncc(-c4cnn(C)c4)nc3c2)c1,10000.0,5.0,0,444.539
COc1cc(OC)cc(N(CCNC2CCCC2)c2ccc3ncc(-c4cnn(C)c4)nc3c2)c1,10000.0,5.0,0,472.593
COc1cc(OC)cc(N(CCNC2CCN(S(N)(=O)=O)CC2)c2ccc3ncc(-c4cnn(C)c4)nc3c2)c1,10000.0,5.0,0,566.688
COc1cc(OC)cc(N(CCNCC(F)F)c2ccc3ncc(-c4cnn(C)c4)nc3c2)c1,10000.0,5.0,0,468.508
COc1cc(OC)cc(N(CCNCC(N)=O)c2ccc3ncc(-c4cnn(C)c4)nc3c2)c1,10000.0,5.0,0,461.526
COc1cc(OC)cc(N(CCNCC2CCCO2)c2ccc3ncc(-c4cnn(C)c4)nc3c2)c1.Cl,10000.0,5.0,0,525.053
COc1cc(OC)cc(N(CCNCCC#N)c2ccc3ncc(-c4cnn(C)c4)nc3c2)c1,10000.0,5.0,0,457.538
COc1cc(OC)cc(N(CCNCCF)c2ccc3ncc(-c4cnn(C)c4)nc3c2)c1,10000.0,5.0,0,450.518
COc1cc(OC)cc(N(CCNCCO)c2ccc3ncc(-c4cnn(C)c4)nc3c2)c1,10000.0,5.0,0,448.527
COc1cc(OC)cc(N(CCNS(=O)(=O)C(C)C)c2ccc3ncc(-c4cnn(C)c4)nc3c2)c1,10000.0,5.0,0,510.62
COc1cc(OC)cc(N(CCNS(=O)(=O)N(C)C)c2ccc3ncc(-c4cnn(C)c4)nc3c2)c1,10000.0,5.0,0,511.608
COc1cc(OC)cc(N(CCNS(C)(=O)=O)c2ccc3ncc(-c4cnn(C)c4)nc3c2)c1,10000.0,5.0,0,482.566
COc1cc(OC)cc(N(CCO)c2ccc3ncc(-c4c(C)nn(C)c4C)nc3c2)c1,10000.0,5.0,0,433.512
COc1cc(OC)cc(N(CCO)c2ccc3ncc(-c4cn[nH]c4)nc3c2)c1,10000.0,5.0,0,391.431
COc1cc(OC)cc(N(CCO)c2ccc3ncc(-c4cnn(C)c4)nc3c2)c1,10000.0,5.0,0,405.458
COc1cc(OC)cc(N(CCO)c2ccc3ncc(-c4cnn(C)c4CN(C)C)nc3c2)c1,10000.0,5.0,0,462.554
COc1cc(OC)cc(N(CCO)c2ccc3ncc(-c4cnn(CCCN)c4)nc3c2)c1.Cl,10000.0,5.0,0,484.988
COc1cc(OC)cc(N(CCO)c2ccc3ncc(-c4cnn(CCO)c4)nc3c2)c1,10000.0,5.0,0,435.484
COc1cc(OC)cc(N(CCO)c2ccc3ncc(-c4cnn(CCS(C)(=O)=O)c4)nc3c2)c1,10000.0,5.0,0,497.577
COc1cc(OC)cc(N(CCS(C)(=O)=O)c2ccc3ncc(-c4cnn(C)c4)nc3c2)c1,10000.0,5.0,0,467.551
COc1cc(OC)cc(N(CCc2nnn[nH]2)c2ccc3ncc(-c4cnn(C)c4)nc3c2)c1,10000.0,5.0,0,457.498
COc1cc(OC)cc(N(CCn2c(C)cnc2C)c2ccc3ncc(-c4cnn(C)c4)nc3c2)c1,10000.0,5.0,0,483.576
COc1cc(OC)cc(N(CCn2cc(C)nc2C)c2ccc3ncc(-c4cnn(C)c4)nc3c2)c1.Cl,10000.0,5.0,0,520.037
COc1cc(OC)cc(N(CCn2cccc2)c2ccc3ncc(-c4cnn(C)c4)nc3c2)c1,10000.0,5.0,0,454.534
COc1cc(OC)cc(N(CCn2cccc2)c2ccc3ncc(-c4cnn(C)c4)nc3c2)c1.Cl,10000.0,5.0,0,490.995
COc1cc(OC)cc(N(CCn2cccn2)c2ccc3ncc(-c4cnn(C)c4)nc3c2)c1,10000.0,5.0,0,455.522
COc1cc(OC)cc(N(CCn2ccnc2C)c2ccc3ncc(-c4cnn(C)c4)nc3c2)c1,10000.0,5.0,0,469.549
COc1cc(OC)cc(N(CCn2cnc(C)n2)c2ccc3ncc(-c4cnn(C)c4)nc3c2)c1,10000.0,5.0,0,470.537
COc1cc(OC)cc(N(CCn2cnnc2)c2ccc3ncc(-c4cnn(C)c4)nc3c2)c1,10000.0,5.0,0,456.51
COc1cc(OC)cc(N(CCn2nccc2C)c2ccc3ncc(-c4cnn(C)c4)nc3c2)c1,10000.0,5.0,0,469.549
COc1cc(OC)cc(N(CCn2ncnc2C)c2ccc3ncc(-c4cnn(CC(C)C)c4)nc3c2)c1,10000.0,5.0,0,512.618
COc1cc(OC)cc(N(C[C@@H](C)N)c2ccc3ncc(-c4cnn(C)c4)nc3c2)c1,10000.0,5.0,0,418.501
COc1cc(OC)cc(N(C[C@@H](O)C(F)(F)F)c2ccc3ncc(-c4cnn(C(C)C)c4)nc3c2)c1,10000.0,5.0,0,501.509
COc1cc(OC)cc(N(C[C@@H](O)C(F)(F)F)c2ccc3ncc(-c4cnn(C)c4)nc3c2)c1,10000.0,5.0,0,473.455
COc1cc(OC)cc(N(C[C@@H](O)C(F)(F)F)c2ccc3ncc(-c4cnn(CCCN)c4)nc3c2)c1,10000.0,5.0,0,516.524
COc1cc(OC)cc(N(C[C@@H](O)CN2CC[C@H](C#N)C2)c2ccc3ncc(-c4cnn(C)c4)nc3c2)c1.Cl,10000.0,5.0,0,550.063
COc1cc(OC)cc(N(C[C@@H](O)CNC(C)C)c2ccc3ncc(-c4cnn(C)c4)nc3c2)c1.Cl,10000.0,5.0,0,513.042
COc1cc(OC)cc(N(C[C@@H](O)CNCC(F)(F)F)c2ccc3ncc(-c4cnn(C)c4)nc3c2)c1,10000.0,5.0,0,516.524
COc1cc(OC)cc(N(C[C@@H](O)CO)c2ccc3ncc(-c4cnn(C)c4)nc3c2)c1,10000.0,5.0,0,435.484
COc1cc(OC)cc(N(C[C@@H](OC(C)=O)C(F)(F)F)c2ccc3ncc(-c4cnn(C)c4)nc3c2)c1,10000.0,5.0,0,515.492
COc1cc(OC)cc(N(C[C@@H]2CCCN2)c2ccc3ncc(-c4cnn(C)c4)nc3c2)c1,10000.0,5.0,0,444.539
COc1cc(OC)cc(N(C[C@@H]2C[C@H]2CO)c2ccc3ncc(-c4cnn(C)c4)nc3c2)c1,10000.0,5.0,0,445.523
COc1cc(OC)cc(N(C[C@@H]2C[C@H]2c2ccccn2)c2ccc3ncc(-c4cnn(C)c4)nc3c2)c1,10000.0,5.0,0,492.583
COc1cc(OC)cc(N(C[C@H](O)C(F)(F)F)c2ccc3ncc(-c4cnn(C(C)C)c4)nc3c2)c1,10000.0,5.0,0,501.509
COc1cc(OC)cc(N(C[C@H](O)C(F)(F)F)c2ccc3ncc(-c4cnn(C)c4)nc3c2)c1,10000.0,5.0,0,473.455
COc1cc(OC)cc(N(C[C@H](O)C(F)(F)F)c2ccc3ncc(-c4cnn(CCCN)c4)nc3c2)c1,10000.0,5.0,0,516.524
COc1cc(OC)cc(N(C[C@H](O)CN2CC[C@H](C#N)C2)c2ccc3ncc(-c4cnn(C)c4)nc3c2)c1.Cl,10000.0,5.0,0,550.063
COc1cc(OC)cc(N(C[C@H](O)CNC(C)C)c2ccc3ncc(-c4cnn(C)c4)nc3c2)c1.Cl,10000.0,5.0,0,513.042
COc1cc(OC)cc(N(C[C@H](O)CNCC(F)(F)F)c2ccc3ncc(-c4cnn(C)c4)nc3c2)c1,10000.0,5.0,0,516.524
COc1cc(OC)cc(N(C[C@H](O)CO)c2ccc3ncc(-c4cnn(C)c4)nc3c2)c1,10000.0,5.0,0,435.484
COc1cc(OC)cc(N(C[C@H](OC(C)=O)C(F)(F)F)c2ccc3ncc(-c4cnn(C)c4)nc3c2)c1,10000.0,5.0,0,515.492
COc1cc(OC)cc(N(C[C@H]2C[C@@H]2c2ccccn2)c2ccc3ncc(-c4cnn(C)c4)nc3c2)c1,10000.0,5.0,0,492.583
COc1cc(OC)cc(N(Cc2cc(C)n(C)n2)c2ccc3ncc(-c4cnn(C)c4)nc3c2)c1,10000.0,5.0,0,469.549
COc1cc(OC)cc(N(Cc2cc(C)no2)c2ccc3ncc(-c4cnn(CCO)c4)nc3c2)c1,10000.0,5.0,0,486.532
COc1cc(OC)cc(N(Cc2cc(C)on2)c2ccc3ncc(-c4cnn(C)c4)nc3c2)c1,10000.0,5.0,0,456.506
COc1cc(OC)cc(N(Cc2cc3ncccc3[nH]2)c2ccc3ncc(-c4cnn(C)c4)nc3c2)c1,10000.0,5.0,0,491.555
COc1cc(OC)cc(N(Cc2cc3ncccc3n2C)c2ccc3ncc(-c4cnn(C)c4)nc3c2)c1,10000.0,5.0,0,505.582
COc1cc(OC)cc(N(Cc2ccc(Cl)cc2)c2ccc3ncc(-c4cnn(C)c4)nc3c2)c1,10000.0,5.0,0,485.975
COc1cc(OC)cc(N(Cc2ccc(Cl)nc2)c2ccc3ncc(-c4cnn(C)c4)nc3c2)c1,10000.0,5.0,0,486.963
COc1cc(OC)cc(N(Cc2ccc(Cl)s2)c2ccc3ncc(-c4cn[nH]c4)nc3c2)c1,10000.0,5.0,0,477.977
COc1cc(OC)cc(N(Cc2ccc(Cl)s2)c2ccc3ncc(-c4cnn(C)c4)nc3c2)c1,10000.0,5.0,0,492.004
COc1cc(OC)cc(N(Cc2ccc(Cl)s2)c2ccc3ncc(-c4cnn(CCO)c4)nc3c2)c1,10000.0,5.0,0,522.03
COc1cc(OC)cc(N(Cc2ccc(Cl)s2)c2ccc3ncc(-c4cnn(Cc5ccc(Cl)s5)c4)nc3c2)c1,10000.0,5.0,0,608.576
COc1cc(OC)cc(N(Cc2cccc(Br)n2)c2ccc3ncc(-c4cnn(C)c4)nc3c2)c1,10000.0,5.0,0,531.414
COc1cc(OC)cc(N(Cc2cccc(Cl)c2)c2ccc3ncc(-c4cnn(C)c4)nc3c2)c1,10000.0,5.0,0,485.975
COc1cc(OC)cc(N(Cc2cccc(N(C)C)n2)c2ccc3ncc(-c4cnn(C)c4)nc3c2)c1,10000.0,5.0,0,495.587
COc1cc(OC)cc(N(Cc2cccc(OC)n2)c2ccc3ncc(-c4cnn(C)c4)nc3c2)c1,10000.0,5.0,0,482.544
COc1cc(OC)cc(N(Cc2ccccc2)c2ccc3ncc(-c4cnn(C)c4)nc3c2)c1,10000.0,5.0,0,451.53
COc1cc(OC)cc(N(Cc2ccccc2Cl)c2ccc3ncc(-c4cnn(C)c4)nc3c2)c1,10000.0,5.0,0,485.975
COc1cc(OC)cc(N(Cc2cccnc2)c2ccc3ncc(-c4cnn(C)c4)nc3c2)c1,10000.0,5.0,0,452.518
COc1cc(OC)cc(N(Cc2ccco2)c2ccc3ncc(-c4cnn(C)c4)nc3c2)c1,10000.0,5.0,0,441.491
COc1cc(OC)cc(N(Cc2ccncc2)c2ccc3ncc(-c4cnn(C)c4)nc3c2)c1,10000.0,5.0,0,452.518
COc1cc(OC)cc(N(Cc2cn[nH]n2)c2ccc3ncc(-c4cnn(C)c4)nc3c2)c1,10000.0,5.0,0,442.483
COc1cc(OC)cc(N(Cc2cnccn2)c2ccc3ncc(-c4cnn(C)c4)nc3c2)c1,10000.0,5.0,0,453.506
COc1cc(OC)cc(N(Cc2csc(C)n2)c2ccc3ncc(-c4cn[nH]c4)nc3c2)c1,10000.0,5.0,0,458.547
COc1cc(OC)cc(N(Cc2csc(C)n2)c2ccc3ncc(-c4cnn(C)c4)nc3c2)c1,10000.0,5.0,0,472.574
COc1cc(OC)cc(N(Cc2nc(OC)cc(OC)n2)c2ccc3ncc(-c4cnn(C)c4)nc3c2)c1,10000.0,5.0,0,513.558
COc1cc(OC)cc(N(Cc2ncc[nH]2)c2ccc3ncc(-c4cnn(C)c4)nc3c2)c1,10000.0,5.0,0,441.495
COc1cc(OC)cc(N(Cc2ncccn2)c2ccc3ncc(-c4cnn(C)c4)nc3c2)c1,10000.0,5.0,0,453.506
COc1cc(OC)cc(N(Cc2nccn2C)c2ccc3ncc(-c4cnn(C)c4)nc3c2)c1,10000.0,5.0,0,455.522
COc1cc(OC)cc(N(Cc2nccn2S(=O)(=O)N(C)C)c2ccc3ncc(-c4cnn(C)c4)nc3c2)c1,10000.0,5.0,0,548.629
COc1cc(OC)cc(N(Cc2nnc(NCCO)o2)c2ccc3ncc(-c4cnn(C)c4)nc3c2)c1,10000.0,5.0,0,502.535
COc1cc(OC)cc(N(c2ccc3ncc(-c4cnn(C)c4)nc3c2)C(C)(C)C#Cc2nccc(OC)n2)c1,10000.0,5.0,0,535.608
COc1cc(OC)cc(N(c2ccc3ncc(-c4cnn(C)c4)nc3c2)C(C)C(=O)NC(C)C)c1,10000.0,5.0,0,474.565
COc1cc(OC)cc(N(c2ccc3ncc(-c4cnn(C)c4)nc3c2)C(C)C(N)=O)c1,10000.0,5.0,0,432.484
COc1cc(OC)cc(N(c2ccc3ncc(-c4cnn(C)c4)nc3c2)C(C)CN)c1,10000.0,5.0,0,418.501
COc1cc(OC)cc(N(c2ccc3ncc(-c4cnn(C)c4)nc3c2)C(C)CNC(C)C)c1,10000.0,5.0,0,460.582
COc1cc(OC)cc(N(c2ccc3ncc(-c4cnn(C)c4)nc3c2)C(C)CNCC(F)(F)F)c1,10000.0,5.0,0,500.525
COc1cc(OC)cc(N(c2ccc3ncc(-c4cnn(C)c4)nc3c2)S(=O)(=O)N(C)C)c1,10000.0,5.0,0,468.539
COc1cc(OC)cc(N(c2ccc3ncc(-c4cnn(C)c4)nc3c2)[C@@H](C)CN)c1,10000.0,5.0,0,418.501
COc1cc(OC)cc(N(c2ccc3ncc(-c4cnn(C)c4)nc3c2)[C@H](C)CN)c1,10000.0,5.0,0,418.501
COc1cc(OCC2CC2)cc(N(CC2CC2)c2ccc3ncc(-c4cnn(C)c4)nc3c2)c1.Cl,10000.0,5.0,0,492.023
COc1cc(OCCF)cc(N(CCO)c2ccc3ncc(-c4cnn(C)c4)nc3c2)c1,10000.0,5.0,0,437.475
COc1cc(OCCN)cc(N(CC2CC2)c2ccc3ncc(-c4cnn(C)c4)nc3c2)c1,10000.0,5.0,0,444.539
COc1cc(OCCO)cc(N(CC2CC2)c2ccc3ncc(-c4cn[nH]c4)nc3c2)c1,10000.0,5.0,0,431.496
COc1cc(OCCO)cc(N(CC2CC2)c2ccc3ncc(-c4cnn(C)c4)nc3c2)c1,10000.0,5.0,0,445.523
COc1cc(OCCO)cc(N(CC2CC2)c2ccc3ncc(-c4cnn(CCO)c4)nc3c2)c1.Cl,10000.0,5.0,0,512.01
COc1cc(OCCO)cc(N(CC2CC2)c2ccc3ncc(-c4cnn(CCS(C)(=O)=O)c4)nc3c2)c1,10000.0,5.0,0,537.642
COc1cc(OCCO)cc(N(CCCN2CCCC2)c2ccc3ncc(-c4cn[nH]c4)nc3c2)c1,10000.0,5.0,0,488.592
COc1cc(OCCO)cc(N(CCN)c2ccc3ncc(-c4cnn(C)c4)nc3c2)c1.Cl,10000.0,5.0,0,470.961
COc1cc(OCCO)cc(N(CCO)c2ccc3ncc(-c4cnn(CCO)c4)nc3c2)c1,10000.0,5.0,0,465.51
COc1cc2c(Nc3cnc(NC(=O)c4cccn4C)nc3)ncnc2cc1OCCCNC1CCCC1,10000.0,5.0,0,516.606
COc1ccc(C#CCN(c2cc(OC)cc(OC)c2)c2ccc3ncc(-c4cnn(C)c4)nc3c2)nc1,10000.0,5.0,0,506.566
COc1ccc(C2=C(c3c[nH]c4ccccc34)C(=O)NC2)cc1,9900.0,5.0,0,304.349
COc1ccc(Cl)c(N(CCCN2CCCC2)c2ccc3ncc(-c4cnn(C)c4)nc3c2)c1.Cl,10000.0,5.0,0,513.473
COc1ccc(Cl)c(N(CCO)c2ccc3ncc(-c4cn[nH]c4)nc3c2)c1.Cl,10000.0,5.0,0,432.311
COc1ccc(OC)c(N(CCN)c2ccc3ncc(-c4cn[nH]c4)nc3c2)c1.Cl,10000.0,5.0,0,426.908
COc1ccc(OC)c(N(CCNC(C)C)c2ccc3ncc(-c4cn[nH]c4)nc3c2)c1,10000.0,5.0,0,432.528
COc1ccc(OC)c(N(CCO)c2ccc3ncc(-c4cnn(C)c4)nc3c2)c1.Cl,10000.0,5.0,0,441.919
COc1ccc(OCC(=O)Nc2sc3c(c2C(N)=O)CCCC3)cc1,10000.0,5.0,0,360.435
COc1ccc(Oc2cc(C)c(-c3csc(NC(=O)c4ccnc(F)c4)n3)c(C)c2)cc1,10000.0,5.0,0,449.507
COc1ccc2[nH]c(C(=O)c3cc4c(Cl)cccc4[nH]3)cc2c1,10000.0,5.0,0,324.767
COc1ccc2[nH]c(C(=O)c3cc4c(F)cccc4[nH]3)cc2c1,10000.0,5.0,0,308.312
COc1ccc2[nH]c(C(=O)c3cc4cc(Br)ccc4[nH]3)cc2c1,9900.0,5.0,0,369.218
COc1ccc2[nH]c(C(=O)c3cc4cc(C)ccc4[nH]3)cc2c1,10000.0,5.0,0,304.349
COc1ccc2[nH]c(C(=O)c3cc4ccc(C)cc4[nH]3)cc2c1,10000.0,5.0,0,304.349
COc1ccc2cc(C(=O)c3cc4cc(OCc5ccccc5)ccc4[nH]3)[nH]c2c1,10000.0,5.0,0,396.446
COc1cccc(N(CC2CC2)c2ccc3ncc(-c4cnn(C)c4)nc3c2)c1OC,10000.0,5.0,0,415.497
COc1cccc(N(CCO)c2ccc3ncc(-c4cnn(C)c4)nc3c2)c1,10000.0,5.0,0,375.432
COc1cccc(S(=O)(=O)N(C)/N=C/c2cnn3ccc(Cl)nc23)c1,10000.0,5.0,0,379.829
COc1ccccc1C(=O)Nc1sc2c(c1C(N)=O)CCCC2,10000.0,5.0,0,330.409
COc1cccnc1C#CCN(c1ccc2ncc(-c3cnn(C)c3)nc2c1)c1c(Cl)c(OC)cc(OC)c1Cl,10000.0,5.0,0,575.456
CS(=O)(=O)Cc1cccc(Nc2nccc(Oc3ccc4c(C(=O)Nc5cccc(F)c5)cccc4c3)n2)c1,10000.0,5.0,0,542.592
CS(=O)(=O)Cc1cccc(Nc2nccc(Oc3ccc4c(C(=O)Nc5ccccc5)cccc4c3)n2)c1,10000.0,5.0,0,524.602
CS(=O)(=O)Cc1cccc(Nc2nccc(Oc3ccc4c(C(=O)Nc5cccnc5)cccc4c3)n2)c1,10000.0,5.0,0,525.59
C[C@@H]1CN(c2cnc(Nc3cc(F)c(OCC4CC4)c(F)c3)nc2NC2CCOCC2)CCN1,10000.0,5.0,0,474.556
C[C@@H]1COCCN1c1nc(-c2ccnc3[nH]ccc23)nc2c1ccn2S(C)(=O)=O,10000.0,5.0,0,412.475
C[C@@H]1COCCN1c1nc(-c2cncc3[nH]ccc23)nc2c1ccn2S(C)(=O)=O,10000.0,5.0,0,412.475
C[C@@H]1C[C@H](N)C[C@H](c2ccncc2NC(=O)c2ccc(F)c(-c3c(F)cccc3F)n2)C1,10000.0,5.0,0,440.469
Cc1cc(C)cc(Nc2nccc(-c3cc(C(=O)NCCO)n(C)n3)n2)c1,10000.0,5.0,0,366.425
Cc1cc(C)cc(Nc2nccc(-c3cc(C(=O)N[C@@H](C)CN4CC(F)(F)C4)n(C)n3)n2)c1,10000.0,5.0,0,455.513
Cc1cc(C)cc(Nc2nccc(-c3cc(C(=O)N[C@H](C)CO)n(C)n3)n2)c1,10000.0,5.0,0,380.452
Cc1cc(CS(=O)(=O)c2ccccc2)cc(OCc2ccc(CN3CCC[C@@H]3CO)cc2)c1,10000.0,5.0,0,465.615
Cc1cc(Cl)cc2c1NC(=O)/C2=C1\Nc2ccccc2\C1=N/O,10000.0,5.0,0,325.755
Cc1cc(OCc2ccc(CN3CCC[C@@H]3CO)cc2)cc(CS(=O)(=O)c2ccccc2)c1Br,10000.0,5.0,0,544.511
Cc1ccc(C(=O)NCCO)cc1-n1cnc(OCc2ccc(F)cc2F)c(Cl)c1=O,10000.0,5.0,0,449.841
Cc1ccc(C(=O)O)cc1S(=O)(=O)N(C)/N=C/c1cnn2ccc(Cl)nc12,10000.0,5.0,0,407.839
Cc1ccc(F)cc1S(=O)(=O)N(C)/N=C/c1cnn2ccc(Cl)nc12,10000.0,5.0,0,381.82
Cc1ccc2c(c1)nc(CCN1C(=O)c3cccc4cccc(c34)C1=O)n2-c1ccncc1,10000.0,5.0,0,432.483
Cc1cccc(S(=O)(=O)N(C)/N=C/c2cnn3ccc(Cl)nc23)c1,10000.0,5.0,0,363.83
Cc1ccccc1Cn1nnc2c1C(=O)c1ccccc1C2=O,10000.0,5.0,0,303.321
Cc1ccccc1S(=O)(=O)N(C)/N=C/c1cnn2ccc(Cl)nc12,10000.0,5.0,0,363.83
Cc1nc(NC(=O)N2CCC3(CCC(F)(F)CC3)C2=O)ccc1Oc1ccnc(-c2cnn(C)c2)c1,10000.0,5.0,0,496.518
Cc1nc(NC(=O)N2CCC3(CCC3)C2=O)ccc1Oc1ccnc(-c2cnn(C)c2)c1,10000.0,5.0,0,432.484
Cc1nc2c(c(C)c1O)/C(=C/c1ccc3ccccc3n1)C(=O)N2,10000.0,5.0,0,317.348
Cl.Cn1cc(-c2cnc3ccc(N(CC4CC4)c4cccc(OC(F)(F)F)c4)cc3n2)cn1,10000.0,5.0,0,475.902
Cl.[2H]C([2H])([2H])Oc1cc(OC)cc(N(CCNC(C)C)c2ccc3ncc(-c4cn[nH]c4)nc3c2)c1,10000.0,5.0,0,472.007
Cl.c1ccc(N(CC2CC2)c2ccc3ncc(-c4cn[nH]c4)nc3c2)cc1,10000.0,5.0,0,377.879
Clc1ccccc1Nc1nc2c(-c3nnc[nH]3)cccc2c2ccsc12,10000.0,5.0,0,377.86
Clc1ccccc1Nc1nc2c(-c3nnc[nH]3)cccc2c2cscc12,10000.0,5.0,0,377.86
Clc1ccccc1Nc1nc2c(-c3nnc[nH]3)cccc2c2sccc12,10000.0,5.0,0,377.86
Clc1ccccc1Nc1nc2c(-c3nnc[nH]3)cccc2n2cccc12,10000.0,5.0,0,360.808
Clc1nc(NCc2ccccn2)c2c(-c3ccccc3)cccc2n1,10110.0,5.0,0,346.821
Cn1c2c(c3ccc(Cl)c(Cl)c31)C(C#N)C1(CCNCC1)NC2=O,10000.0,5.0,0,363.248
Cn1cc(-c2cc(Oc3ccc(NC(=O)N4CCC5(CCC(=O)C5)C4=O)nc3)ccn2)cn1,10000.0,5.0,0,446.467
Cn1cc(-c2cc(Oc3ccc(NC(=O)N4CCC5(CCC(F)(F)CC5)C4=O)nc3)ccn2)cn1,10000.0,5.0,0,482.491
Cn1cc(-c2cc(Oc3ccc(NC(=O)N4CCC5(CCC5)C4=O)nc3)ccn2)cn1,10000.0,5.0,0,418.457
Cn1cc(-c2cc(Oc3ccc(NC(=O)N4CCC5(CN(S(C)(=O)=O)C5)C4=O)nc3)ccn2)cn1,10000.0,5.0,0,497.537
Cn1cc(-c2ccc3nnc(Cc4cccc5c(=O)[nH]ccc45)n3n2)cn1,10000.0,5.0,0,357.377
Cn1cc(-c2cnc3ccc(N(CC4CC4)c4cccc(C#N)c4)cc3n2)cn1,10000.0,5.0,0,380.455
Cn1cc(-c2cnc3ccc(N(CC4CC4)c4cccc(OC(F)F)c4)cc3n2)cn1,10000.0,5.0,0,421.451
Cn1cc(-c2cnc3ccc(N(CC4CC4)c4ccccc4)cc3n2)cn1,10000.0,5.0,0,355.445
Cn1cc(-c2cnc3ccc(N(CCCNCC(F)(F)F)c4cc(Cl)cc(Cl)c4)cc3n2)cn1,10000.0,5.0,0,509.363
Cn1nc(C(N)=O)c2c1-c1nc(NC3CCN(C(=O)c4ccccc4)CC3)ncc1CC2,10000.0,5.0,0,431.5
N#CC1(CNc2cccc(-c3cc(Nc4cnn(Cc5ccc(C(=O)Nc6ccccc6N)cc5)c4)ncc3Cl)n2)CCOCC1,10000.0,5.0,0,634.144
NC(=O)c1c(NC(=O)C2CCCCC2)sc2c1CCCC2,10000.0,5.0,0,306.431
NC(=O)c1c(NC(=O)COc2ccccc2)sc2c1CCCC2,10000.0,5.0,0,330.409
NC(=O)c1c(NC(=O)CSc2ccccc2)sc2c1CCCC2,10000.0,5.0,0,346.477
NC(=O)c1c(NC(=O)c2ccc(-c3ccccc3)cc2)sc2c1CCCC2,10000.0,5.0,0,376.481
NC(=O)c1c(NC(=O)c2ccc(Oc3ccccc3)cc2)sc2c1CCCC2,10000.0,5.0,0,392.48
NC(=O)c1c(NC(=O)c2ccccc2Cl)sc2c1CCCC2,10000.0,5.0,0,334.828
NC(=O)c1cc(-c2ccnc(N)n2)[nH]c1-c1ccccc1,10000.0,5.0,0,279.303
NC(=O)c1cc(F)cc2c1C(=O)N(C1CCN(C3CCC(F)(F)CC3)CC1)C2,10000.0,5.0,0,395.425
Nc1ccc2c(c1)nc(Cc1ccc3c(c1)OCO3)n1nc(N)nc21,10000.0,5.0,0,334.339
Nc1nc2c3c(F)cccc3nc(Cc3ccc4c(c3)OCO4)n2n1,10000.0,5.0,0,337.314
Nc1nc2c3ccc(NCCO)cc3nc(Cc3ccc4c(c3)OCO4)n2n1,10000.0,5.0,0,378.392
Nc1nccn2c1c(-c1ccc3ccc(-c4ccccc4)nc3c1)nc2[C@H]1C[C@@H](CN2CCC2)C1,10000.0,5.0,0,460.585
Nc1ncnc2scc(-c3ccc4c(C(=O)Nc5ccccc5)cccc4c3)c12,10000.0,5.0,0,396.475
O=C(CCCCCCC(=O)Nc1ccccc1)NO,10000.0,5.0,0,264.325
O=C(N1C/C=C/CCOc2cccc(c2)-c2ccnc(n2)Nc2cccc(c2)C1)C(F)(F)F,10000.0,5.0,0,454.452
O=C(O)C1CN(Cc2ccc(OCc3ccc(Cl)c(Cl)c3)cc2)C1,10000.0,5.0,0,366.244
O=C(c1cc2ccccc2[nH]1)c1cc2cc(Oc3ccccc3)ccc2[nH]1,10000.0,5.0,0,352.393
O=C(c1ccc(Br)o1)N1N=C(c2cccnc2)CC1c1ccccc1O,10000.0,5.0,0,412.243
O=C(c1ccc(F)c(F)c1Nc1ccc(I)cc1F)N1CC(O)([C@@H]2CCCCN2)C1,10000.0,5.0,0,531.316
O=C(c1ccc[nH]1)N1N=C(c2cccnc2)CC1c1ccccc1O,10000.0,5.0,0,332.363
O=C(c1cccc(-n2cccn2)c1)N1N=C(c2cccnc2)CC1c1ccccc1O,10000.0,5.0,0,409.449
O=C(c1ccco1)N1N=C(c2cccnc2)CC1c1ccccc1O,10000.0,5.0,0,333.347
O=C(c1cccs1)N1N=C(c2cccnc2)CC1c1ccccc1O,10000.0,5.0,0,349.415
O=C1C(c2c(O)[nH]c3ccc(F)cc23)=Nc2ccccc21,10070.0,5.0,0,280.258
O=C1C(c2c(O)[nH]c3ccc([N+](=O)[O-])cc23)=Nc2ccccc21,10000.0,5.0,0,307.265
O=C1C[C@@H](c2ccc(O)c(O)c2)Oc2cc(O)cc(O)c21,10000.0,5.0,0,288.255
O=C1C[C@@H](c2ccc(O)cc2)Oc2cc(O)cc(O)c21,10000.0,5.0,0,272.256
O=C1Cc2cnn(-c3ccc(Cl)cc3)c2-c2ccccc2N1,10000.0,5.0,0,309.756
O=C1Nc2ccc(OC(F)(F)F)cc2/C1=C1/Nc2ccccc2/C1=N\O,10000.0,5.0,0,361.279
O=C1Nc2ccc([N+](=O)[O-])cc2/C1=C1/Nc2ccc(Br)cc2/C1=N/O,10000.0,5.0,0,401.176
O=C1Nc2ccccc2/C1=C1/Nc2ccccc2C1=O,10000.0,5.0,0,262.268
O=C1c2c(O)cc(O)cc2O[C@H](c2ccc(O)c(O)c2)[C@H]1O,10000.0,5.0,0,304.254
O=C1c2c(O)cc(O)cc2O[C@H](c2ccc(O)cc2)[C@H]1O,10000.0,5.0,0,288.255
O=c1[nH]ccc2c(Cc3nnc4ccc(-c5ccccc5)nn34)cccc12,10000.0,5.0,0,353.385
O=c1c(O)c(-c2ccccc2)oc2cc(O)cc(O)c12,10000.0,5.0,0,270.24
O=c1c(OC2O[C@H](CO)[C@@H](O)[C@H](O)[C@@H]2O)c(-c2ccc(O)c(O)c2)oc2cc(O)cc(O)c12,10000.0,5.0,0,464.379
O=c1c(OC2O[C@H](CO)[C@H](O)[C@H](O)[C@H]2O)c(-c2ccc(O)c(O)c2)oc2cc(O)cc(O)c12,10000.0,5.0,0,464.379
O=c1c(O[C@@H]2O[C@H](CO)[C@@H](O)[C@H](O)[C@H]2O)c(-c2ccc(O)c(O)c2)oc2cc(O)cc(O)c12,10000.0,5.0,0,464.379
O=c1cc(-c2ccc(O)cc2)oc2cc(O)c(O)c(O)c12,10000.0,5.0,0,286.239
O=c1cc(-c2ccccc2)oc2cc(O)c(O)c(O)c12,10000.0,5.0,0,270.24
O=c1cc(-c2ccccc2)oc2cc(O)cc(O)c12,10000.0,5.0,0,254.241
OCCCNc1ccc2c(c1)nc(-c1ccc3c(c1)OCO3)n1ncnc21,10000.0,5.0,0,363.377
OCCn1cc(-c2cnc3ccc(N(CC4CC4)c4ccccc4)cc3n2)cn1,10000.0,5.0,0,385.471
[2H]C([2H])([2H])Oc1cc(F)cc(N(CCN)c2ccc3ncc(-c4cnn(C)c4)nc3c2)c1,10000.0,5.0,0,395.456
[2H]C([2H])([2H])Oc1cc(OC([2H])([2H])[2H])cc(N(CCCNCC(F)(F)F)c2ccc3ncc(-c4cnn(C)c4)nc3c2)c1,10000.0,5.0,0,506.562
[2H]C([2H])([2H])Oc1cc(OC)cc(N(CCNC(C)C)c2ccc3ncc(-c4cnn(C)c4)nc3c2)c1,10000.0,5.0,0,449.573
[2H]C([2H])([2H])n1cc(-c2cnc3ccc(N(CCNC(C)C)c4cc(OC)cc(OC)c4)cc3n2)cn1,10000.0,5.0,0,449.573
COc1cc(O)cc(N(CCCO)c2ccc3ncc(-c4cn[nH]c4)nc3c2)c1,10116.465,4.995,0,391.431
COc1cc(OC)c(F)c(N(CCCNCC(F)(F)F)c2ccc3ncc(-c4cnn(C)c4)nc3c2)c1F,10116.465,4.995,0,536.505
c1ccc(-c2cnnn2C2C3CC4CC(C3)CC2C4)nc1,10200.0,4.99,0,280.375
Clc1cccc(-n2cc(-c3ccncc3)nn2)c1,10500.0,4.98,0,256.696
C=CS(=O)(=O)NC/C=C/c1cc(OC)cc(O)c1C(=O)OC(C)C,10820.0,4.97,0,355.412
C[C@@H](Oc1cc(-c2n[nH]c3ccc(C#N)cc23)cc2nn(C)cc12)[C@H]1CNC(=O)C1,10600.0,4.97,0,400.442
COc1ccc2[nH]c(C(=O)c3cc4cc(Cl)ccc4[nH]3)cc2c1,11000.0,4.96,0,324.767
Cc1cc(C(=O)N2CCC(c3cn([C@H]4CC[C@H](O)CC4)c4nc(N[C@@H]5CCc6ccccc65)ncc34)CC2)cc(C)n1,10970.0,4.96,0,564.734
c1cnc2cc(-c3cn(CCN4CCOCC4)nn3)ccc2n1,10900.0,4.96,0,310.361
CC(=O)N1CCN([C@H]2C[C@@H](n3cc(-c4cc(O)ccc4F)c4c(N)ncnc43)C2)CC1,11000.0,4.958607314841775,0,424.48
COc1ccc(-c2cnn3c(N)c(-c4nccs4)c(OC4CCN(C)CC4)nc23)cc1OC,11000.0,4.958607314841775,0,466.567
C[C@@H](Oc1cc(-c2ccc(N3CCOCC3)c(C(F)(F)F)c2)cc2nn(C)cc12)[C@H]1CNC(=O)C1,11350.0,4.95,0,488.51
C[C@@H](Oc1nc(-c2cnn(C(C)(C)C)c2)cc2nn(C)cc12)[C@H]1CNC(=O)C1,14800.0,4.95,0,382.468
C[C@@H](Oc1nc(-c2cnn([C@@H]3CCOC3)c2)cc2nn(C)cc12)[C@H]1CNC(=O)C1,11150.0,4.95,0,396.451
Cc1c2c(O[C@H](C)[C@H]3CNC(=O)C3)cc(-c3cnn(C(C)(C)C#N)c3)cc2nn1C,11295.0,4.95,0,406.49
CN(C)CCCNc1nc(/C=C/c2ccc(S(C)(=O)=O)cc2)nc2ccc(Cl)cc12,11370.0,4.94,0,444.988
COc1cc2ncnc(N3CCN(C(=O)Nc4ccc(Br)cc4)CC3)c2cc1OC,11400.0,4.94,0,472.343
COc1cc(O)c2c(c1)/C=C\CCCC(=O)C[C@H](Cl)C[C@H](C)OC2=O,12000.0,4.92,0,366.841
Fc1ccc(-n2cc(-c3ccc4nccnc4c3)nn2)cc1,12400.0,4.91,0,291.289
Nc1noc2cccc(-c3ccc(NC(=O)c4ccccc4)cc3)c12,12500.0,4.903089986991944,0,329.359
COc1ccc(COc2ccc(Cc3cnc(N)nc3N)cc2OC)cc1,13000.0,4.886056647693163,0,366.421
C[C@@H](Oc1nc(-c2cnn(C)c2)cc2nn(C)cc12)[C@H]1CNC(=O)C1,13240.0,4.88,0,340.387
CN(C)S(=O)(=O)Nc1cccc(-c2cnn(-c3ccc(C(F)(F)F)cc3)c2)c1,13600.0,4.87,0,410.421
C[C@@H](Oc1cc(-c2cnn(C(C)(C)C)c2)cc2nn(C)cc12)[C@H]1CNC(=O)C1,13400.0,4.87,0,381.48
CCC[C@H](C)Nc1ncc2c(-c3cnc(C4CC4)nc3)cn([C@H]3CC[C@H](O)CC3)c2n1,13790.0,4.86,0,420.561
COc1ccc(C(=O)/C=C/c2ccc(OC)c(OC)c2)c(O)c1,13800.0,4.86,0,314.337
O=C(Nc1ccc2c(c1)CNc1c(Cl)ncnc1O2)Nc1ccc(Cl)c(C(F)(F)F)c1,13700.0,4.86,0,470.238
COc1ccc(C2=C(c3cn(C)c4ccccc34)C(=O)NC2)cc1,14000.0,4.85,0,318.376
N#Cc1ccc2cc1OC/C=C\CNc1ncc(C(=O)N3CCNCC3)c(n1)N2,14000.0,4.85,0,391.435
CC(C)n1cc(-c2cc3nn(C)cc3c(O[C@H](C)[C@H]3CNC(=O)C3)n2)cn1,14850.0,4.83,0,368.441
COc1cc2ncnc(N3CCN(/C(S)=N\Cc4ccc5c(c4)OCO5)CC3)c2cc1OC,14900.0,4.83,0,467.551
COc1ccc2[nH]c(C(=O)c3cc4ccc(Cl)cc4[nH]3)cc2c1,16665.0,4.825,0,324.767
C[C@@H](Oc1ccc2ncc(C3CC3C(N)=O)cc2c1)c1c(Cl)ccc(F)c1Cl,15000.0,4.82,0,419.283
CN(Cc1ccc2nccn2c1)c1ccc(-c2ccc(-c3ccccc3Cl)cc2)o1,15800.0,4.8,0,413.908
CN(Cc1ccc2nccn2c1)c1nnc(-c2ccc(-c3ccccc3Cl)cc2)o1,15848.93,4.8,0,415.884
CN(Cc1ccc2nccn2c1)c1nnc(-c2ccc(-c3ccccc3Cl)nc2)o1,15848.93,4.8,0,416.872
COc1cc(O)c2c(c1)CCCCCC(=O)C[C@H](Cl)C[C@H](C)OC2=O,16000.0,4.8,0,368.857
Cc1ccc(-c2cc3nn(C)cc3c(O[C@H](C)[C@H]3CNC(=O)C3)n2)s1,16000.0,4.8,0,356.451
C/C=C/C(=O)NC/C=C/c1cc(OCCCN2CCOCC2)cc(O)c1C(=O)OC(C)C,16220.0,4.79,0,446.544
CCn1cc(-c2cc3nn(C)cc3c(O[C@H](C)[C@H]3CNC(=O)C3)n2)cn1,17100.0,4.77,0,354.414
C[C@@H](Oc1cc(-c2cc3cccc(Cl)c3[nH]2)cc2nn(C)cc12)[C@H]1CNC(=O)C1,16860.0,4.77,0,408.889
C[C@@H](Oc1nc(-c2cnn([C@H]3CCOC3)c2)cc2nn(C)cc12)[C@H]1CNC(=O)C1,16990.0,4.77,0,396.451
O=C(/C=C/c1ccc(O)cc1)c1ccc(O)cc1O,17300.0,4.76,0,256.257
COc1cc(-c2cn[nH]c2)ccc1C(=O)Nc1ccc2c(c1)CCNCC2,18000.0,4.75,0,362.433
CCN(CC)CCNc1nc(/C=C/c2ccc(C(C)C)cc2)nc2ccc(F)cc12,18920.0,4.72,0,406.549
COc1cc2ncnc(N3CCN(C(=O)Nc4ccc(C#N)cc4)CC3)c2cc1OC,19700.0,4.71,0,418.457
C[C@@H](Oc1nc(-c2ccc3cnn(C)c3c2)cc2nn(C)cc12)[C@H]1CNC(=O)C1,19600.0,4.71,0,390.447
CN(Cc1ccc2nccn2c1)c1nnc(-c2ccc(OC3CCCC3)cc2)o1,19952.62,4.7,0,389.459
COc1cc(C2=C(c3cn(COC(C)(C)C)c4ccccc34)CNC2=O)cc(OC)c1OC,20000.0,4.7,0,450.535
Cc1ncccc1-c1ccc(-c2nnc(N(C)Cc3ccc4nccn4c3)o2)cc1,19952.62,4.7,0,396.454
CN1CCN(CCCc2ccc(NC(=O)c3cc(-c4ccc5c(c4)OCO5)cnc3O)cc2)CC1,20000.0,4.698970004336019,0,474.561
CN1CCN(Cc2ccc(NC(=O)c3cc(-c4ccc5c(c4)OCO5)cnc3O)cc2)CC1,20000.0,4.698970004336019,0,446.507
COc1ccc2c(Oc3ccc(CC(=O)Nc4cn(C)nc4C)c(OC)c3)ccnc2c1,20000.0,4.698970004336019,0,432.48
Cc1cccn2c(-c3ccc(-c4ccc(F)cc4)s3)cnc12,20000.0,4.698970004336019,0,308.381
Cc1cccn2c(-c3ccc(-c4cnn(C)c4)s3)cnc12,20000.0,4.698970004336019,0,294.383
Cc1cn(CCN2CCN(c3ccccc3-c3cc(C#N)cc(C(=O)NCCCN4CCCC4)c3)CC2)c2ccccc12,20000.0,4.698970004336019,0,574.773
C[C@@H](Oc1nc(-c2ccc(C(F)F)nc2)cc2nn(C)cc12)[C@H]1CNC(=O)C1,20870.0,4.68,0,387.39
C[C@@H](Oc1nc(-c2cnn(C3CCOCC3)c2)cc2nn(C)cc12)[C@H]1CNC(=O)C1,21620.0,4.67,0,410.478
COc1cc2nn(CCC(C)(C)O)cc2cc1NC(=O)c1cccc(C(F)(F)F)n1,22000.0,4.66,0,422.407
C[C@@H](Oc1nc(-c2cnn(C3CC3)c2)cc2nn(C)cc12)[C@H]1CNC(=O)C1,22040.0,4.66,0,366.425
Cc1nn(C)cc1-c1cc2nn(C)cc2c(O[C@H](C)[C@H]2CNC(=O)C2)n1,22430.0,4.65,0,354.414
Oc1ccc(-c2ccc3c(-c4ccc(N5CCNCC5)cc4)c[nH]c3c2)cc1,25000.0,4.6020599913279625,0,369.468
CN(C)CCCNc1nc(/C=C/c2ccc(F)cc2)nc2ccc(Cl)cc12,24900.0,4.6,0,384.886
CN(Cc1ccc2nccn2c1)c1nnc(-c2ccc(-c3ccccc3)cc2)o1,25118.86,4.6,0,381.439
CN(Cc1ccc2nccn2c1)c1nnc(-c2ccc(C3CC3)cc2)o1,25118.86,4.6,0,345.406
COCn1cc(C2=C(c3cc(OC)c(OC)c(OC)c3)C(=O)NC2)c2ccccc21,25000.0,4.6,0,408.454
C[C@@H](Oc1nc(-c2cn(C(F)F)cn2)cc2nn(C)cc12)[C@H]1CNC(=O)C1,25600.0,4.59,0,376.367
Cc1nc(Nc2ncc(C(=O)Nc3c(C)cccc3Cl)s2)cc(N2CCN(CCO)CC2)n1.O,25700.0,4.59,0,506.032
CC(C)Oc1ccc(-c2cc(O[C@H](C)[C@H]3CNC(=O)C3)c3cn(C)nc3c2)cn1,26640.0,4.57,0,394.475
Cc1nn(C2CCOCC2)cc1-c1cc2nn(C)cc2c(O[C@H](C)[C@H]2CNC(=O)C2)n1,26740.0,4.57,0,424.505
c1cc2c(ncc3nnc(C4CCCCC4)n32)[nH]1,27300.0,4.56,0,241.298
C/C=C/C(=O)NC/C=C/c1cc(OC)cc(O)c1C(=O)OC(C)C,30000.0,4.522878745280337,0,333.384
C/C=C/C(=O)NC/C=C/c1cc(OCCc2ccc(F)cc2)cc(O)c1C(=O)OC(C)C,30000.0,4.522878745280337,0,441.499
C=CC(=O)NC/C=C/c1cc(OC)cc(O)c1C(=O)OC(C)C,30000.0,4.522878745280337,0,319.357
C=CC(=O)NC/C=C/c1cc(OC)cc(O)c1C(=O)O[C@@H](C)C(C)C,30000.0,4.522878745280337,0,347.411
C=CC(=O)NC/C=C/c1cc(OCCc2ccc(F)cc2)cc(O)c1C(=O)OC(C)C,30000.0,4.522878745280337,0,427.472
C=CS(=O)(=O)NC/C=C/c1cc(OC)cc(O)c1C(=O)OCC(C)c1ccccc1,30000.0,4.522878745280337,0,431.51
C=CS(=O)(=O)NC/C=C/c1cc(OC)cc(O)c1C(=O)OCC1CCCCC1,30000.0,4.522878745280337,0,409.504
C=CS(=O)(=O)NC/C=C/c1cc(OC)cc(O)c1C(=O)OCc1ccc(Br)cc1,30000.0,4.522878745280337,0,482.352
C=CS(=O)(=O)NC/C=C/c1cc(OC)cc(O)c1C(=O)OCc1ccc(F)cc1,30000.0,4.522878745280337,0,421.446
C=CS(=O)(=O)NCCCc1cc(OCCN2CCOCC2)cc(O)c1C(=O)OC(C)C,30000.0,4.522878745280337,0,456.561
CC(=O)c1ccc(N2CCN(C(=O)CN3CC[C@@H](C(=O)Nc4ccc(O)c(Cl)c4)C3)CC2)cc1,30000.0,4.522878745280337,0,484.984
CCN(CC)C/C=C/C(=O)NC/C=C/c1cc(OC)cc(O)c1C(=O)OC(C)C,30000.0,4.522878745280337,0,404.507
CCN(CC)C/C=C/C(=O)NC/C=C/c1cc(OC)cc(O)c1C(=O)O[C@@H](C)C(C)C,30000.0,4.522878745280337,0,432.561
CCN(CC)C/C=C/C(=O)NC/C=C/c1cc(OCCc2ccc(F)cc2)cc(O)c1C(=O)OC(C)C,30000.0,4.522878745280337,0,512.622
CN(C)CCN1CCN(C(=O)c2cc(C(C)(C)C)sc2NC(=O)Nc2cccc(Cl)c2Cl)CCC1=O,30000.0,4.522878745280337,0,554.544
CN1C(=O)COc2c1cnc1ccc(Sc3nnc4c(F)cc(-c5cnn(C)c5)cn34)cc21,30000.0,4.522878745280337,0,461.482
COc1cc2ncnc(N3CCN(/C(S)=N\Cc4ccccc4)CC3)c2cc1OC,30000.0,4.522878745280337,0,423.542
COc1ccc2[nH]c(C(=O)c3cc4cccc(Cl)c4[nH]3)cc2c1,30000.0,4.522878745280337,0,324.767
COc1ccc2[nH]c(Cc3cc4cc(F)ccc4[nH]3)cc2c1,30000.0,4.522878745280337,0,294.329
COc1ccc2[nH]c(Cc3cc4ccccc4[nH]3)cc2c1,30000.0,4.522878745280337,0,276.339
COc1ccc2cc(-c3c(-c4ccncc4)nc(-c4ccc([S+](C)[O-])cc4C)n3C)ccc2c1,30000.0,4.522878745280337,0,467.594
COc1ccc2cc(C(=O)c3cc4ccc(OC)cc4o3)oc2c1,30000.0,4.522878745280337,0,322.316
COc1ccc2oc(C(=O)c3cc4cc(OC)ccc4o3)cc2c1,30000.0,4.522878745280337,0,322.316
COc1cccc2cc(C(=O)c3cc4cccc(OC)c4o3)oc12,30000.0,4.522878745280337,0,322.316
COc1cccc2oc(C(=O)c3cc4c(OC)cccc4o3)cc12,30000.0,4.522878745280337,0,322.316
Cc1ccc(-n2nc(C(C)(C)C)cc2NC(=O)Nc2ccc(OCCN3CCOCC3)c3ccccc23)cc1,30000.0,4.522878745280337,0,527.669
Cc1n[nH]c2ncc(C(=O)N3CCC[C@H]3c3ccc(Cl)cc3)cc12,30000.0,4.522878745280337,0,340.814
Clc1ccc(-c2ccc(-c3nccn3-c3ccc(N4CCNCC4)cc3)o2)cc1,30000.0,4.522878745280337,0,404.901
O=C(c1cc2cc(F)ccc2[nH]1)c1cc2cc(OCc3ccccc3)ccc2[nH]1,30000.0,4.522878745280337,0,384.41
O=C(c1cc2cc(O)ccc2[nH]1)c1cc2cccc(F)c2[nH]1,30000.0,4.522878745280337,0,294.285
O=C(c1cc2cccc(O)c2o1)c1cc2cccc(O)c2o1,30000.0,4.522878745280337,0,294.262
O=C1c2oc(-c3ccc(Cl)cc3)cc2Cc2cc(N3CCNCC3)ccc2N1Cc1ccccc1-c1cccnc1,30000.0,4.522878745280337,0,561.085
CCCC1(Nc2ncc(-c3ccccn3)c(NC3CCC(O)CC3)n2)CC1,30000.0,4.52,0,367.497
CCCCNc1ncc(-c2ccccn2)c(N2CCNCC2)n1,30000.0,4.52,0,312.421
CCCCNc1ncc(-c2ncccc2CN2CCOCC2)c(N[C@H]2CC[C@H](O)CC2)n1,30000.0,4.52,0,440.592
OC1CCC(Nc2nc(Nc3cccc4ccccc34)ncc2-c2ccccn2)CC1,30000.0,4.52,0,411.509
O[C@H]1CC[C@H](Nc2nc(N3CCCCC3)ncc2-c2ccccn2)CC1,30000.0,4.52,0,353.47
COCCCn1cc2cc(NC(=O)c3cccc(C(F)(F)F)n3)c(OC)cc2n1,32000.0,4.5,0,408.38
COCCn1cc(-c2cc3nn(C)cc3c(O[C@H](C)[C@H]3CNC(=O)C3)n2)cn1,31970.0,4.5,0,384.44
C[C@@H](Oc1ccc2ncc(/C=C/C(N)=O)cc2c1)c1c(Cl)ccc(F)c1Cl,32000.0,4.5,0,405.256
Cc1cc(N(C)C)ccc1-c1nnc(N(C)Cc2ccc3nccn3c2)o1,31622.78,4.5,0,362.437
