SMILES,IC50,pIC50,Activity,MolWt
Brc1ccc(C2=NN(c3ccccc3)C(c3ccc4ccccc4c3)C2)cc1,1280.0,5.892790030352131,0,427.34500000000014
Brc1ccc(C2=NN(c3ccccc3)C(c3cccc4ccccc34)C2)cc1,2320.0,5.634512015109101,0,427.34500000000014
Brc1ccc(C2=NN(c3nc(-c4ccc(Br)cc4)cs3)C(c3ccc4c(c3)OCCO4)C2)cc1,460.0,6.337242168318426,1,597.3319999999999
Brc1ccc(C2=NN(c3nc(-c4ccc(Br)cc4)cs3)C(c3ccc4c(c3)OCO4)C2)cc1,180.0,6.7447274948966935,1,583.305
Brc1cccc(Nc2ncnc3ccc(NCc4ccc5c(c4)OCCCO5)cc23)c1,4800.0,5.318758762624412,0,477.36200000000036
Brc1cccc(Nc2ncnc3cnc(NCCN4CCOCC4)cc23)c1,219000.0,3.6595558851598815,0,429.32200000000034
C#CC(=O)Nc1cc2c(Nc3cccc(Br)c3)ncnc2cn1,2.4,8.619788758288394,1,368.1940000000001
C#CC(=O)Nc1ccc2ncnc(Nc3cccc(Br)c3)c2c1,1.9,8.721246399047171,1,367.206
C#CCCCn1c(Cc2cc(OC)c(OC)cc2Br)nc2c(N)nc(F)nc21,50000.0,4.301029995663981,0,448.2960000000001
C#CCCCn1c(Cc2cc(OC)c(OC)cc2Cl)nc2c(N)nc(F)nc21,30000.0,4.522878745280337,0,403.84500000000014
C#CCCCn1c(Cc2cc(OC)c(OC)cc2I)nc2c(N)nc(F)nc21,50000.0,4.301029995663981,0,495.2960000000001
C#CCCCn1c(Cc2cc3c(cc2Br)OCO3)nc2c(N)nc(F)nc21,210.0,6.6777807052660805,1,432.2530000000002
C#CCCCn1c(Cc2cc3c(cc2Cl)OCO3)nc2c(N)nc(F)nc21,300.0,6.522878745280337,1,387.80200000000013
C#CCCCn1c(Cc2cc3c(cc2I)OCO3)nc2c(N)nc(F)nc21,90.0,7.045757490560675,1,479.2530000000002
C#CCCCn1c(Sc2cc(Cl)c(Cl)cc2Cl)nc2c(N)ncnc21,58000.0,4.236572006437063,0,412.7330000000002
C#CCCCn1c(Sc2cc(OC)c(OC)c(OC)c2Cl)nc2c(N)nc(F)nc21,1500.0,5.823908740944319,0,451.9110000000002
C#CCCCn1c(Sc2cc(OC)ccc2I)nc2c(N)nc(F)nc21,360.0,6.443697499232712,1,483.3100000000001
C#CCCCn1c(Sc2cc(OC)ccc2I)nc2c(N)ncnc21,280.0,6.552841968657781,1,465.3200000000001
C#CCCCn1c(Sc2cc3c(cc2Br)OCO3)nc2c(N)ncnc21,332.5,6.478208350360877,1,432.3030000000002
C#CCOc1cc2ncnc(Nc3ccc(F)c(Cl)c3)c2cc1NC(=O)C=C,55.0,7.259637310505756,1,396.80900000000014
C#Cc1cc(Nc2ncnc3cc(OC)c(OCCCCCCC(=O)NO)cc23)ccc1F,76.5,7.116338564846382,1,452.4860000000002
C#Cc1cc(Nc2ncnc3cc(OC)c(OCCCCCCC(=O)NO)cc23)ccc1O,100.0,7.0,1,450.49500000000023
C#Cc1cc(Nc2ncnc3cc(OC)c(OCCCCCCCC(=O)NO)cc23)ccc1F,100.0,7.0,1,466.51300000000026
C#Cc1cc(Nc2ncnc3cc(OCCOC)c(OCCCCCCCC(=O)NO)cc23)ccc1F,100.0,7.0,1,510.5660000000004
C#Cc1cccc(Nc2c(C#N)cnc3cc(OCCOC)c(OCCOC)cc23)c1,11750.0,4.9299621333922445,0,417.46500000000026
C#Cc1cccc(Nc2cccc3cc(OC)c(OCCCCCCC(=O)NO)cc23)c1,15.7,7.804100347590766,1,432.5200000000003
C#Cc1cccc(Nc2ncnc3c2/C(=C/c2[nH]c(C(=O)NCCN4CCOCC4)cc2C)C(=O)N3)c1,270.0,6.568636235841013,1,497.5590000000004
C#Cc1cccc(Nc2ncnc3cc(O)c(OCCCCCCC(=O)NO)cc23)c1,100.0,7.0,1,420.4690000000003
C#Cc1cccc(Nc2ncnc3cc(OC)c(NC(=O)CCCCCCC(=O)NO)cc23)c1,100.0,7.0,1,461.5220000000004
C#Cc1cccc(Nc2ncnc3cc(OC)c(OCC(=O)NO)cc23)c1,100.0,7.0,1,364.3610000000001
C#Cc1cccc(Nc2ncnc3cc(OC)c(OCCCCC(=O)NO)cc23)c1,38.4,7.4156687756324695,1,406.44200000000023
C#Cc1cccc(Nc2ncnc3cc(OC)c(OCCCCCC(=O)NO)cc23)c1,69.1,7.1605219526258015,1,420.4690000000003
C#Cc1cccc(Nc2ncnc3cc(OC)c(OCCCCCCC(=O)NO)cc23)c1,52.457142857142856,7.280195367485052,1,434.4960000000003
C#Cc1cccc(Nc2ncnc3cc(OCCCCCCC(=O)NO)c(OC)cc23)c1,75.8,7.120330794367947,1,434.4960000000002
C#Cc1cccc(Nc2ncnc3cc(OCCCCCCC(=O)NO)c(OCCOC)cc23)c1,100.0,7.0,1,478.5490000000003
C#Cc1cccc(Nc2ncnc3cc(OCCOC)c(OCCOC)cc23)c1,1984.060975609756,5.702444984921799,0,393.4430000000002
C#Cc1cccc(Nc2ncnc3cc(OCCOCC)c(NC(=O)/C=C/CN(C)C)cc23)c1,3.63,8.440093374963887,1,459.55000000000024
C#Cc1cccc(Nc2ncnc3cc4c(cc23)N(C(=O)/C=C/CN(C)C)CCO4)c1,250.0,6.6020599913279625,1,413.4810000000003
C#Cc1cccc(Nc2ncnc3cc4c(cc23)N(C(=O)/C=C/CN(CC)CC)CCO4)c1,250.0,6.6020599913279625,1,441.53500000000037
C#Cc1cccc(Nc2ncnc3cc4c(cc23)N(C(=O)/C=C/CN2CCC(C)CC2)CCO4)c1,330.0,6.481486060122113,1,467.57300000000043
C#Cc1cccc(Nc2ncnc3cc4c(cc23)N(C(=O)/C=C/CN2CCCC2)CCO4)c1,230.0,6.638272163982407,1,439.5190000000004
C#Cc1cccc(Nc2ncnc3cc4c(cc23)N(C(=O)/C=C/CN2CCCCC2)CCO4)c1,290.0,6.5376020021010435,1,453.54600000000045
C#Cc1cccc(Nc2ncnc3cc4c(cc23)N(C(=O)/C=C/CN2CCCCC2C)CCO4)c1,290.0,6.5376020021010435,1,467.57300000000043
C#Cc1cccc(Nc2ncnc3cc4c(cc23)N(C(=O)/C=C/CN2CCN(C)CC2)CCO4)c1,1110.0,5.954677021213342,0,468.56100000000043
C#Cc1cccc(Nc2ncnc3cc4c(cc23)N(C(=O)/C=C/CN2CCOCC2)CCO4)c1,930.0,6.031517051446065,1,455.5180000000004
C#Cc1cccc(Nc2ncnc3ccc(-c4cnn(C)c4)cc23)c1,590.0,6.229147988357855,1,325.37500000000006
C#Cc1cccc(Nc2ncnc3ccc(OCCCCNCCS(C)(=O)=O)cc23)c1,957.0,6.019088062223156,1,438.5530000000002
C#Cc1cccc(Nc2ncnc3ccc(OCCCCOP(N)(=O)N(CCCl)CCCl)cc23)c1,2100.0,5.6777807052660805,0,536.4000000000002
C#Cc1cccc(Nc2ncnc3ccc(OCCCOP(N)(=O)N(CCCl)CCCl)cc23)c1,190.0,6.721246399047171,1,522.3730000000003
C#Cc1cccc(Nc2ncnc3ccc(OCc4ccc(C(=O)Nc5ccccc5N)cc4)cc23)c1,66.0,7.180456064458132,1,485.5470000000002
C#Cc1cccc(Nc2ncnc3ccc(S(=O)(=O)n4ccc(/C=C/C(=O)NO)c4)cc23)c1,3400.0,5.468521082957745,0,459.48700000000014
C#Cc1cccc(Nc2ncnc3ccc(S(=O)(=O)n4ccc(/C=C/C(=O)Nc5ccccc5N)c4)cc23)c1,1483.0,5.828858848971618,0,534.6010000000002
C#Cc1cccc(Nc2ncnn3ccc(CN4CCC(N)CC4)c23)c1,7.0,8.154901959985743,1,346.43800000000016
C#Cc1cccc(Nc2ncnn3ccc(COC[C@@H]4CNCCO4)c23)c1,20.0,7.698970004336019,1,363.42100000000016
C#Cc1cncnc1Nc1ccc(OCc2cccc(F)c2)c(Cl)c1,3800.0,5.42021640338319,0,353.784
C/C(=C1\C(=O)Nc2ccccc21)c1ccc(N2CCCCC2)cc1,100000.0,4.0,0,318.4200000000001
C/C(=C\c1c(C)ncnc1Nc1ccc(OCc2cccc(F)c2)c(Cl)c1)C(=O)NCCN1CCOCC1,81.0,7.0915149811213505,1,540.0390000000001
C/C=C/C(=O)Nc1cc2c(Nc3ccc(F)c(Cl)c3)c(C#N)cnc2cc1OCC,21510.0,4.667359589612538,0,424.8630000000002
C/C=C/C(=O)Nc1ccc2ncc(C#N)c(Nc3cccc(Br)c3)c2c1,4500.0,5.346787486224656,0,407.2710000000001
C/C=C/C(=O)Nc1ccc2ncnc(Nc3cccc(Br)c3)c2c1,91325.0,4.039410319116046,0,383.2490000000001
C/C=C\C(=O)Nc1ccc2ncnc(Nc3cccc(Br)c3)c2c1,21657.0,4.664401703466997,0,383.2490000000001
C=C(C)C(=O)Nc1ccc2ncnc(Nc3cccc(Br)c3)c2c1,15238.0,4.817072030763008,0,383.249
C=C(CN(C)C)C(=O)Nc1cc2c(Nc3ccc(F)c(Cl)c3)c(C#N)cnc2cc1OCC,1210.0,5.91721462968355,0,467.9320000000002
C=C(CN(C)C)C(=O)Nc1cc2c(Nc3ccc(OCc4ccccc4)c(Cl)c3)c(C#N)cnc2cc1OCC,246.0,6.609064892896621,1,556.0660000000001
C=C(CN1CCOCC1)C(=O)Nc1cc2c(Nc3ccc(OCc4ccccc4)c(Cl)c3)c(C#N)cnc2cc1OCC,89.0,7.050609993355087,1,598.1030000000001
C=C(CN1CCOCC1)C(=O)Nc1ccc2ncc(C#N)c(Nc3ccc(F)c(Cl)c3)c2c1,4390.0,5.357535479757878,0,465.9160000000002
C=C(CN1CCOCC1)C(=O)Nc1ccc2ncnc(Nc3cccc(Br)c3)c2c1,458.0,6.33913452199613,1,468.35500000000013
C=C(CNc1cc2c(Nc3ccc(OCc4ccccc4)c(Cl)c3)c(C#N)cnc2cc1OCC)C(=O)O,3781.0,5.422393322637465,0,528.9960000000003
C=C(F)C(=O)N1CCC[C@@H](n2nc(-c3ccc(Oc4ccc5c(c4)ncn5C)c(C)c3)c3c(C)ncnc32)C1,4645.0,5.333014281670339,0,525.5880000000002
C=C(F)C(=O)Nc1cc2c(Nc3ccc(Oc4cc5nncn5cn4)c(C)c3)ncnc2cc1OCC,4.05,8.39254497678533,1,500.4940000000002
C=C1C[C@@H]2C=Nc3cc(OCCCC(=O)Nc4cc(C(=O)Nc5cc(C(=O)Nc6cc(C(=O)NCCCO)n(C)c6)n(C)c5)n(C)c4)c(OC)cc3C(=O)N2C1,12.8,7.892790030352131,1,767.8439999999998
C=C1C[C@@H]2C=Nc3cc(OCCCC(=O)Nc4cn(C)c(C(=O)Nc5cc(C(=O)Nc6cc(C(=O)NCCCO)n(C)c6)n(C)c5)n4)c(OC)cc3C(=O)N2C1,21.66,7.664341547710698,1,768.8319999999998
C=C1C[C@H]2C=Nc3cc(OCCCC(=O)Nc4cn(C)c(C(=O)Nc5cc(C(=O)N6Cc7ccc(N)cc7C6)n(C)c5)n4)c(OC)cc3C(=O)N2C1,9.874,8.005506877116488,1,705.776
C=C1C[C@H]2C=Nc3cc(OCCCC(=O)Nc4cn(C)c(C(=O)Nc5cc(C(=O)NCc6ccc(N)cc6)n(C)c5)n4)c(OC)cc3C(=O)N2C1,79.4,7.100179497572904,1,693.765
C=C1C[C@H]2C=Nc3cc(OCCCC(=O)Nc4cn(C)c(C(=O)Nc5cc(C(=O)Nc6cc(C(=O)N7CCc8cc(N)ccc87)n(C)c6)n(C)c5)n4)c(OC)cc3C(=O)N2C1,13.680000000000001,7.863913902615902,1,827.9029999999997
C=C1C[C@H]2C=Nc3cc(OCCCC(=O)Nc4cn(C)c(C(=O)Nc5cc(C(=O)Nc6cc(C(=O)N7Cc8ccc(N)cc8C7)n(C)c6)n(C)c5)n4)c(OC)cc3C(=O)N2C1,7.4,8.130768280269024,1,827.9029999999997
C=C1C[C@H]2C=Nc3cc(OCCCC(=O)Nc4cn(C)c(C(=O)Nc5cc(C(=O)Nc6cc(C(=O)NCc7ccc(N)cc7)n(C)c6)n(C)c5)n4)c(OC)cc3C(=O)N2C1,214.34,6.6688967736235005,1,815.8919999999997
C=C1C[C@H]2C=Nc3cc(OCCCC(=O)Nc4cn(C)c(C(=O)Nc5cc(C(=O)Nc6cc(C(=O)O)n(C)c6)n(C)c5)n4)c(OC)cc3C(=O)N2C1,292.0,6.534617148551582,1,711.7359999999999
C=C1C[C@H]2C=Nc3cc(OCCCC(=O)Nc4cn(C)c(C(=O)Nc5cc(C(=O)Nc6cc(C(=O)n7ccc8c(N)cccc87)n(C)c6)n(C)c5)n4)c(OC)cc3C(=O)N2C1,6.454000000000001,8.190171038932114,1,825.8869999999997
C=C1C[C@H]2C=Nc3cc(OCCCC(=O)Nc4cn(C)c(C(=O)Nc5cc(C(=O)Nc6cc(C(=O)n7ccc8cc(C(=O)OC)ccc87)n(C)c6)n(C)c5)n4)c(OC)cc3C(=O)N2C1,1.624,8.789413975094844,1,868.9079999999998
C=C1C[C@H]2C=Nc3cc(OCCCC(=O)Nc4cn(C)c(C(=O)Nc5cc(C(=O)Nc6cc(C(=O)n7ccc8cc(C(=O)OC)cnc87)n(C)c6)n(C)c5)n4)c(OC)cc3C(=O)N2C1,6.01,8.22112552799726,1,869.8959999999997
C=C1C[C@H]2C=Nc3cc(OCCCC(=O)Nc4cn(C)c(C(=O)Nc5cc(C(=O)Nc6cc(C(=O)n7ccc8cc(CN)ccc87)n(C)c6)n(C)c5)n4)c(OC)cc3C(=O)N2C1,1.418,8.848323769152952,1,839.9139999999996
C=C1C[C@H]2C=Nc3cc(OCCCC(=O)Nc4cn(C)c(C(=O)Nc5cc(C(=O)Nc6cc(C(=O)n7ccc8cc(N)ccc87)n(C)c6)n(C)c5)n4)c(OC)cc3C(=O)N2C1,1.5240000000000002,8.817015032996418,1,825.8869999999997
C=C1C[C@H]2C=Nc3cc(OCCCC(=O)Nc4cn(C)c(C(=O)Nc5cc(C(=O)Nc6cc(C(=O)n7ccc8cc(OC)ccc87)n(C)c6)n(C)c5)n4)c(OC)cc3C(=O)N2C1,0.97,9.013228265733755,1,840.8979999999998
C=C1C[C@H]2C=Nc3cc(OCCCC(=O)Nc4cn(C)c(C(=O)Nc5cc(C(=O)Nc6cc(C(=O)n7ccc8cc(S(C)(=O)=O)ccc87)n(C)c6)n(C)c5)n4)c(OC)cc3C(=O)N2C1,75.88,7.119872677783375,1,888.9639999999998
C=C1C[C@H]2C=Nc3cc(OCCCC(=O)Nc4cn(C)c(C(=O)Nc5cc(C(=O)Nc6cc(C(=O)n7ccc8cc(SC)ccc87)n(C)c6)n(C)c5)n4)c(OC)cc3C(=O)N2C1,0.916,9.03810452633215,1,856.9659999999998
C=C1C[C@H]2C=Nc3cc(OCCCC(=O)Nc4cn(C)c(C(=O)Nc5cc(C(=O)Nc6cc(C(=O)n7ccc8ccc(N)cc87)n(C)c6)n(C)c5)n4)c(OC)cc3C(=O)N2C1,2.302,8.637894680706227,1,825.8869999999997
C=C1C[C@H]2C=Nc3cc(OCCCC(=O)Nc4cn(C)c(C(=O)Nc5cc(C(=O)Nc6cc(C(=O)n7ncc8cc(N)ccc87)n(C)c6)n(C)c5)n4)c(OC)cc3C(=O)N2C1,1.152,8.938547520912806,1,826.8749999999997
C=C1C[C@H]2C=Nc3cc(OCCCC(=O)Nc4cn(C)c(C(=O)Nc5cc(C(=O)Nc6cc(C(=O)n7ncc8ccc(N)cc87)n(C)c6)n(C)c5)n4)c(OC)cc3C(=O)N2C1,1.456,8.836838625022981,1,826.8749999999997
C=C1C[C@H]2C=Nc3cc(OCCCC(=O)Nc4cn(C)c(C(=O)Nc5cc(C(=O)Nc6ccc7[nH]ccc7c6)n(C)c5)n4)c(OC)cc3C(=O)N2C1,16.259999999999998,7.788879458741951,1,703.7599999999999
C=C1C[C@H]2C=Nc3cc(OCCCC(=O)Nc4cn(C)c(C(=O)Nc5cc(C(=O)Nc6cnc7[nH]ccc7c6)n(C)c5)n4)c(O)cc3C(=O)N2C1,2.992,8.524038410807576,1,690.721
C=C1C[C@H]2C=Nc3cc(OCCCC(=O)Nc4cn(C)c(C(=O)Nc5cc(C(=O)n6ccc7cc(N)ccc76)n(C)c5)n4)c(OC)cc3C(=O)N2C1,5.540000000000001,8.25649023527157,1,703.7599999999999
C=C1C[C@H]2C=Nc3cc(OCCCC(=O)Nc4nc(C(=O)Nc5cc(C(=O)Nc6cc(C(=O)n7ccc8cc(N)ccc87)n(C)c6)n(C)c5)cs4)c(OC)cc3C(=O)N2C1,3.4200000000000004,8.465973893943865,1,828.9119999999998
C=CC(=O)N(C)c1nc2c(Nc3ccc(F)c(Cl)c3)ncnc2cc1OCCCN1CCOCC1,200.0,6.698970004336019,1,500.96200000000044
C=CC(=O)N1C(n2nc(Nc3ccc(CC(=O)N(C)C)c(C)c3C)c3c(N)ncnc32)CC[C@H]1C,17.0,7.769551078621726,1,476.5850000000003
C=CC(=O)N1C(n2nc(Nc3ccc(CC(=O)N(C)C)cc3Cl)c3c(N)ncnc32)CC[C@H]1C,14.0,7.853871964321762,1,482.9760000000002
C=CC(=O)N1C=CCN(n2nc(C(=O)Nc3ccc(OC(=O)N4CCCC4)cc3C)c3c(N)ncnc32)C1,9.2,8.036212172654444,1,517.5500000000004
C=CC(=O)N1C=CCN(n2nc(C(=O)Nc3ccc(OC(=O)N4CCCCC4)cc3C)c3c(N)ncnc32)C1,10.0,8.0,1,531.5770000000003
C=CC(=O)N1CC(F)C[C@@H](n2nc(C(=O)Nc3ccc(CC(=O)N(C)C)c(C)c3C)c3c(N)ncnc32)C1,13.0,7.886056647693163,1,522.5850000000004
C=CC(=O)N1CC(F)C[C@@H](n2nc(C(=O)Nc3ccc(CC(=O)N(C)C)cc3Cl)c3c(N)ncnc32)C1,5.0,8.301029995663981,1,528.9760000000002
C=CC(=O)N1CC(OC2=CC3C(Nc4ccc(Cl)c(Cl)c4)=NC=NC3C=C2OC)C1,6.466666666666666,8.189319524789436,1,447.32200000000023
C=CC(=O)N1CC(Oc2cc3c(Nc4ccc(Br)c(Cl)c4)ncnc3cc2OC)C1,20.833333333333332,7.681241237375588,1,489.75700000000023
C=CC(=O)N1CC(Oc2cc3c(Nc4ccc(C(F)(F)F)cc4)ncnc3cc2OC)C1,89.0,7.050609993355087,1,444.4130000000002
C=CC(=O)N1CC(Oc2cc3c(Nc4ccc(Cl)c(CO)c4)ncnc3cc2OC)C1,490.0,6.309803919971486,1,440.8870000000002
C=CC(=O)N1CC(Oc2cc3c(Nc4ccc(Cl)c(Cl)c4F)ncnc3cc2OC)C1,8.799999999999999,8.05551732784983,1,463.2960000000002
C=CC(=O)N1CC(Oc2cc3c(Nc4ccc(Cl)cc4Cl)ncnc3cc2OC)C1,33.333333333333336,7.477121254719663,1,445.3060000000002
C=CC(=O)N1CC(Oc2cc3c(Nc4ccc(Cl)cc4Cl)ncnc3cn2)C1,1146.6666666666667,5.940562812148133,0,416.26800000000014
C=CC(=O)N1CC(Oc2cc3c(Nc4ccc(OC(F)(F)F)c(Cl)c4)ncnc3cc2OC)C1,293.3333333333333,6.5326385825694935,1,494.85700000000014
C=CC(=O)N1CC(Oc2cc3c(Nc4cccc(-c5cnco5)c4)ncnc3cc2OC)C1,583.3333333333334,6.234083206033368,1,443.4630000000002
C=CC(=O)N1CC(Oc2cc3c(Nc4cccc(C5CC5)c4)ncnc3cc2OC)C1,279.6666666666667,6.553359293890962,1,416.4810000000003
C=CC(=O)N1CC(Oc2cc3c(Nc4cccc5cnn(C)c45)ncnc3cc2OC)C1,12366.666666666666,4.9077473451046165,0,430.46800000000025
C=CC(=O)N1CC(Oc2cc3c(Nc4ccccc4)ncnc3cc2OC)C1,27.333333333333332,7.563307402335946,1,376.41600000000017
C=CC(=O)N1CC(Oc2ccc3ncnc(Nc4ccc(Br)c(Cl)c4)c3n2)C1,516.6666666666666,6.286789556549371,1,460.71900000000016
C=CC(=O)N1CC(Oc2ccc3ncnc(Nc4ccc(Cl)c(Cl)c4)c3n2)C1,106.0,6.97469413473523,1,416.26800000000014
C=CC(=O)N1CC(Oc2nn(C(C)(C)C)c3ncnc(N)c23)C1,5340.0,5.272458742971444,0,316.36500000000007
C=CC(=O)N1CC2(n3nc(-c4ccc(Oc5ccc6c(c5)ncn6C)c(C)c4)c4c(C)ncnc43)CC1C2,53.0,7.275724130399211,1,505.58200000000033
C=CC(=O)N1CC=CN(n2nc(C(=O)Nc3ccc(OC(=O)N(C)c4ccccc4)cc3C)c3c(N)ncnc32)C1,7.7,8.113509274827518,1,553.5830000000002
C=CC(=O)N1CC=CN(n2nc(C(=O)Nc3ccc(OC(=O)N4CCCC4)cc3C)c3c(N)ncnc32)C1,92.0,7.036212172654444,1,517.5500000000004
C=CC(=O)N1CC=CN(n2nc(C(=O)Nc3ccc(OC(=O)N4CCCCC4)cc3C)c3c(N)ncnc32)C1,10.0,8.0,1,531.5770000000003
C=CC(=O)N1CCC(Cn2cc(-c3ccc4c(c3)OCO4)c3c(N)ncnc32)CC1,10000.0,5.0,0,405.45800000000025
C=CC(=O)N1CCC(OC2=CC3C(Nc4ccc(Cl)c(Cl)c4F)=C(C#N)C=NC3C=C2OC)CC1,34.0,7.468521082957745,1,517.3880000000001
C=CC(=O)N1CCC(Oc2cc3c(Nc4ccc(Br)c(Cl)c4)c(C#N)cnc3cc2OC)CC1,1619.5,5.790619047653804,0,541.833
C=CC(=O)N1CCC(Oc2cc3c(Nc4ccc(Br)c(Cl)c4)ncnc3cc2OC)CC1,21.333333333333332,7.670941280735775,1,517.8110000000001
C=CC(=O)N1CCC(Oc2cc3c(Nc4ccc(Cl)c(-c5cnco5)c4)c(C#N)cnc3cc2OC)CC1,5450.0,5.2636034977233574,0,529.9840000000002
C=CC(=O)N1CCC(Oc2cc3c(Nc4ccc(Cl)c(CO)c4)c(C#N)cnc3cc2OC)CC1,325.0,6.488116639021126,1,492.96300000000036
C=CC(=O)N1CCC(Oc2cc3c(Nc4ccc(Cl)c(Cl)c4)c(C#N)cnc3cc2OC)CC1,59.5,7.22548303427145,1,497.38200000000035
C=CC(=O)N1CCC(Oc2cc3c(Nc4ccc(Cl)c(Cl)c4)ncnc3cc2OC)CC1,13.833333333333334,7.85907315800757,1,473.3600000000003
C=CC(=O)N1CCC(Oc2cc3c(Nc4ccc(Cl)c(Cl)c4F)ncnc3cc2OC)C1,43.666666666666664,7.359849959063898,1,477.32300000000026
C=CC(=O)N1CCC(Oc2cc3c(Nc4ccc(Cl)c(Cl)c4F)ncnc3cc2OC)CC1,6.203333333333333,8.207374881588896,1,491.3500000000003
C=CC(=O)N1CCC(Oc2cc3c(Nc4ccc(Cl)c(Cl)c4F)ncnc3cc2O[C@H]2CCOC2)CC1,0.96,9.017728766960431,1,547.4140000000001
C=CC(=O)N1CCC(Oc2cc3c(Nc4ccc(Cl)cc4Cl)c(C#N)cnc3cc2OC)CC1,80.0,7.096910013008056,1,497.38200000000035
C=CC(=O)N1CCC(Oc2cc3c(Nc4ccc(Cl)cc4Cl)ncnc3cc2OC)C1,813.3333333333334,6.089731428380933,1,459.33300000000025
C=CC(=O)N1CCC(Oc2cc3c(Nc4ccc(Cl)cc4Cl)ncnc3cc2OC)CC1,53.333333333333336,7.273001272063738,1,473.3600000000003
C=CC(=O)N1CCC(Oc2cc3c(Nc4cccc(-c5cnco5)c4)c(C#N)cnc3cc2OC)CC1,885.0,6.053056729302175,1,495.5390000000003
C=CC(=O)N1CCC(Oc2cc3c(Nc4cccc(-c5cnco5)c4)ncnc3cc2OC)C1,330.0,6.481486060122113,1,457.49000000000024
C=CC(=O)N1CCC(Oc2cc3c(Nc4cccc(-c5cnco5)c4)ncnc3cc2OC)CC1,233.33333333333334,6.632023214705406,1,471.5170000000003
C=CC(=O)N1CCC(Oc2cc3c(Nc4cccc(CO)c4)c(C#N)cnc3cc2OC)CC1,2380.0,5.623423042943488,0,458.5180000000003
C=CC(=O)N1CCC(Oc2cc3c(Nc4cccc(Cl)c4F)ncnc3cc2O[C@H]2CCOC2)CC1,1.42,8.847711655616944,1,512.9690000000004
C=CC(=O)N1CCC(Oc2cc3c(Nc4cccc5cnn(C)c45)c(C#N)cnc3cc2OC)CC1,12000.0,4.920818753952375,0,482.5440000000003
C=CC(=O)N1CCC(Oc2cc3c(Nc4ccccc4)ncnc3cc2OC)C1,350.0,6.455931955649724,1,390.44300000000015
C=CC(=O)N1CCC(Oc2cc3c(Nc4ccccc4)ncnc3cc2OC)CC1,47.666666666666664,7.3217852172546,1,404.4700000000002
C=CC(=O)N1CCC([C@@H]2CCNC3C(C(N)=O)C(c4ccc(Oc5ccccc5)cc4)=NN32)CC1,88.0,7.055517327849832,1,473.5770000000002
C=CC(=O)N1CCC([C@@H]2CCNc3c(C(N)=O)c(-c4ccc(Oc5ccccc5)cc4)nn32)CC1,530.0,6.275724130399211,1,471.5610000000002
C=CC(=O)N1CCC(n2nc(-c3ccc(Oc4ccc5c(c4)ncn5C)c(C)c3)c3c(C)ncnc32)CC1,4375.0,5.359021942641668,0,507.59800000000035
C=CC(=O)N1CCCC(n2nc(C(=O)Nc3ccc([C@@H](NC)C(=O)OC)cc3C)c3c(N)ncnc32)C1,11.0,7.958607314841775,1,506.56700000000035
C=CC(=O)N1CCCC(n2nc(Nc3cc(Br)c(CC(=O)N(C)C)cc3C)c3c(N)ncnc32)C1,10.0,8.0,1,541.4540000000002
C=CC(=O)N1CCCC(n2nc(Nc3cc(C)c(CC(=O)N(C)C)cc3Cl)c3c(N)ncnc32)C1,8.3,8.080921907623926,1,497.0030000000003
C=CC(=O)N1CCCC(n2nc(Nc3ccc(C(=O)N(C)C)cc3)c3c(N)ncnc32)C1,26.0,7.585026652029182,1,434.50400000000025
C=CC(=O)N1CCCC(n2nc(Nc3ccc(C(=O)N(C)C)cc3F)c3c(N)ncnc32)C1,21.0,7.6777807052660805,1,452.49400000000026
C=CC(=O)N1CCCC(n2nc(Nc3ccc(CC(=O)N(C)C)c(C)c3Cl)c3c(N)ncnc32)C1,7.1,8.148741651280925,1,497.0030000000003
C=CC(=O)N1CCCC(n2nc(Nc3ccc(CC(=O)N(C)C)c4ccccc34)c3c(N)ncnc32)C1,11.0,7.958607314841775,1,498.5910000000003
C=CC(=O)N1CCCC(n2nc(Nc3ccc(CC(=O)N(C)C)cc3C)c3c(N)ncnc32)C1,12.0,7.920818753952375,1,462.5580000000003
C=CC(=O)N1CCCC(n2nc(Nc3ccc(N(C)c4ccccc4)cc3C)c3c(N)ncnc32)C1,7.7,8.113509274827518,1,482.59200000000027
C=CC(=O)N1CCCC(n2nc(Nc3ccc(OC(=O)N(C)C)c4ccccc34)c3c(N)ncnc32)C1,11.0,7.958607314841775,1,500.56300000000033
C=CC(=O)N1CCCC(n2nc(Nc3ccc(OC(=O)N(C)C)c4cccnc34)c3c(N)ncnc32)C1,11.0,7.958607314841775,1,501.55100000000033
C=CC(=O)N1CCCC(n2nc(Nc3ccc(OC(=O)N(C)C)cc3CC)c3c(N)ncnc32)C1,22.0,7.657577319177793,1,478.55700000000036
C=CC(=O)N1CCC[C@@H](n2nc(-c3ccc(OCc4ccccn4)c(Cl)c3)c3c(N)ncnc32)C1,8.1,8.09151498112135,1,489.96700000000016
C=CC(=O)N1CCC[C@@H](n2nc(-c3ccc(Oc4ccc5c(c4)ncn5C)c(C)c3)c3c(C)ncnc32)C1,100.0,7.0,1,507.5980000000003
C=CC(=O)N1CCC[C@@H](n2nc(-c3ccc(Oc4ccc5c(c4)ncn5C)c(C)c3)c3c(C)ncnc32)CC1,2016.0,5.6955094722265125,0,521.6250000000002
C=CC(=O)N1CCC[C@@H](n2nc(-c3ccc(Oc4ccc5c(c4)ncn5C)c(C)c3)c3c(C4CC4)ncnc32)C1,4271.0,5.369470428573176,0,533.6360000000002
C=CC(=O)N1CCC[C@@H](n2nc(-c3ccc(Oc4ccc5c(c4)ncn5C)c(C)c3)c3c(CC)ncnc32)C1,5000.0,5.301029995663981,0,521.6250000000002
C=CC(=O)N1CCC[C@@H](n2nc(-c3ccc(Oc4ccc5c(c4)ncn5C)c(C)c3)c3c(N)ncnc32)C1,41.0,7.3872161432802645,1,508.5860000000003
C=CC(=O)N1CCC[C@@H](n2nc(-c3ccc(Oc4ccc5c(c4)ncn5C)c(C)c3)c3cncnc32)C1,195.0,6.709965388637482,1,493.57100000000025
C=CC(=O)N1CCC[C@@H](n2nc(-c3ccc(Oc4ccc5cn(C)nc5c4)c(C)c3)c3c(N)ncnc32)C1,100.0,7.0,1,508.5860000000003
C=CC(=O)N1CCC[C@@H](n2nc(-c3ccc(Oc4ccccc4)cc3)c3c(N)ncnc32)C1,16.025000000000002,7.795201961809145,1,440.5070000000002
C=CC(=O)N1CCC[C@@H](n2nc(-c3ccc(Oc4ccn(C)c(=O)c4)c(C)c3)c3c(N)ncnc32)C1,1197.0,5.921905849593589,0,485.5480000000003
C=CC(=O)N1CCC[C@@H](n2nc(-c3ccc(Oc4ccn5ncnc5c4)c(C)c3)c3c(N)ncnc32)C1,59.0,7.229147988357855,1,495.54700000000025
C=CC(=O)N1CCC[C@@H](n2nc(-c3ccc(Oc4ccn5ncnc5c4)cc3)c3c(N)ncnc32)C1,183.0,6.73754891026957,1,481.5200000000002
C=CC(=O)N1CCC[C@@H](n2nc(C(=O)Nc3c(C)cc(OC(=O)N(C)C)cc3C)c3c(N)ncnc32)C1,46.0,7.337242168318426,1,506.56700000000035
C=CC(=O)N1CCC[C@@H](n2nc(C(=O)Nc3cc(Br)c(CC(=O)N(C)C)cc3C)c3c(N)ncnc32)C1,10.0,8.0,1,569.4640000000002
C=CC(=O)N1CCC[C@@H](n2nc(C(=O)Nc3cc(C#N)c(CC(=O)N(C)C)cc3C)c3c(N)ncnc32)C1,38.0,7.42021640338319,1,515.5780000000003
C=CC(=O)N1CCC[C@@H](n2nc(C(=O)Nc3cc(C)c(CC(=O)N(C)C)cc3C)c3c(N)ncnc32)C1,22.0,7.657577319177793,1,504.59500000000037
C=CC(=O)N1CCC[C@@H](n2nc(C(=O)Nc3cc(C)c(CC(=O)N(C)C)cc3Cl)c3c(N)ncnc32)C1,8.3,8.080921907623926,1,525.0130000000003
C=CC(=O)N1CCC[C@@H](n2nc(C(=O)Nc3cc(C)c(OC(=O)N(C)C)c(C)c3)c3c(N)ncnc32)C1,44.0,7.356547323513812,1,506.56700000000035
C=CC(=O)N1CCC[C@@H](n2nc(C(=O)Nc3cc(C)c(OC(=O)N(C)C)cc3C)c3c(N)ncnc32)C1,10.0,8.0,1,506.56700000000035
C=CC(=O)N1CCC[C@@H](n2nc(C(=O)Nc3cc(Cl)c(CC(=O)N(C)C)cc3C)c3c(N)ncnc32)C1,10.0,8.0,1,525.0130000000003
C=CC(=O)N1CCC[C@@H](n2nc(C(=O)Nc3cc(Cl)c(CC(=O)N(C)C)cc3Cl)c3c(N)ncnc32)C1,13.0,7.886056647693163,1,545.4310000000002
C=CC(=O)N1CCC[C@@H](n2nc(C(=O)Nc3cc(Cl)c(CC(=O)N(C)C)cc3OC)c3c(N)ncnc32)C1,10.0,8.0,1,541.0120000000002
C=CC(=O)N1CCC[C@@H](n2nc(C(=O)Nc3cc(Cl)c(OC(=O)N(C)C)c(Cl)c3)c3c(N)ncnc32)C1,28.0,7.552841968657781,1,547.4030000000001
C=CC(=O)N1CCC[C@@H](n2nc(C(=O)Nc3cc(F)c(CC(=O)N(C)C)cc3C)c3c(N)ncnc32)C1,13.0,7.886056647693163,1,508.5580000000004
C=CC(=O)N1CCC[C@@H](n2nc(C(=O)Nc3cc(F)c(CC(=O)N(C)C)cc3Cl)c3c(N)ncnc32)C1,4.4,8.356547323513812,1,528.9760000000002
C=CC(=O)N1CCC[C@@H](n2nc(C(=O)Nc3cc(F)c(OC(=O)N(C)C)c(F)c3)c3c(N)ncnc32)C1,14.0,7.853871964321762,1,514.4930000000003
C=CC(=O)N1CCC[C@@H](n2nc(C(=O)Nc3ccc(CC(=O)N(C)C)c(C)c3C)c3c(N)ncnc32)C1,13.0,7.886056647693163,1,504.5950000000004
C=CC(=O)N1CCC[C@@H](n2nc(C(=O)Nc3ccc(CC(=O)N(C)C)c(C)c3Cl)c3c(N)ncnc32)C1,7.1,8.148741651280925,1,525.0130000000004
C=CC(=O)N1CCC[C@@H](n2nc(C(=O)Nc3ccc(CC(=O)N(C)C)c(Cl)c3)c3c(N)ncnc32)C1,9.2,8.036212172654444,1,510.9860000000004
C=CC(=O)N1CCC[C@@H](n2nc(C(=O)Nc3ccc(CC(=O)N(C)C)c(Cl)c3OC)c3c(N)ncnc32)C1,7.5,8.1249387366083,1,541.0120000000003
C=CC(=O)N1CCC[C@@H](n2nc(C(=O)Nc3ccc(CC(=O)N(C)C)c(F)c3)c3c(N)ncnc32)C1,18.0,7.7447274948966935,1,494.53100000000035
C=CC(=O)N1CCC[C@@H](n2nc(C(=O)Nc3ccc(CC(=O)N(C)C)c(F)c3C)c3c(N)ncnc32)C1,7.5,8.1249387366083,1,508.5580000000004
C=CC(=O)N1CCC[C@@H](n2nc(C(=O)Nc3ccc(CC(=O)N(C)C)c(F)c3Cl)c3c(N)ncnc32)C1,2.9,8.537602002101044,1,528.9760000000002
C=CC(=O)N1CCC[C@@H](n2nc(C(=O)Nc3ccc(CC(=O)N(C)C)c(F)c3OC)c3c(N)ncnc32)C1,4.6,8.337242168318426,1,524.5570000000004
C=CC(=O)N1CCC[C@@H](n2nc(C(=O)Nc3ccc(CC(=O)N(C)C)c(OC)c3)c3c(N)ncnc32)C1,23.0,7.638272163982407,1,506.5670000000004
C=CC(=O)N1CCC[C@@H](n2nc(C(=O)Nc3ccc(CC(=O)N(C)C)c4c3OCO4)c3c(N)ncnc32)C1,14.0,7.853871964321762,1,520.5500000000004
C=CC(=O)N1CCC[C@@H](n2nc(C(=O)Nc3ccc(CC(=O)N(C)C)c4ccccc34)c3c(N)ncnc32)C1,11.0,7.958607314841775,1,526.6010000000002
C=CC(=O)N1CCC[C@@H](n2nc(C(=O)Nc3ccc(CC(=O)N(C)C)cc3)c3c(N)ncnc32)C1,46.0,7.337242168318426,1,476.54100000000034
C=CC(=O)N1CCC[C@@H](n2nc(C(=O)Nc3ccc(CC(=O)N(C)C)cc3-c3ccco3)c3c(N)ncnc32)C1,17.0,7.769551078621726,1,542.6000000000003
C=CC(=O)N1CCC[C@@H](n2nc(C(=O)Nc3ccc(CC(=O)N(C)C)cc3-c3ccoc3)c3c(N)ncnc32)C1,13.0,7.886056647693163,1,542.6000000000003
C=CC(=O)N1CCC[C@@H](n2nc(C(=O)Nc3ccc(CC(=O)N(C)C)cc3Br)c3c(N)ncnc32)C1,5.900000000000001,8.229147988357855,1,555.4370000000001
C=CC(=O)N1CCC[C@@H](n2nc(C(=O)Nc3ccc(CC(=O)N(C)C)cc3C#N)c3c(N)ncnc32)C1,20.0,7.698970004336019,1,501.5510000000004
C=CC(=O)N1CCC[C@@H](n2nc(C(=O)Nc3ccc(CC(=O)N(C)C)cc3C)c3c(N)ncnc32)C1,12.0,7.920818753952375,1,490.5680000000004
C=CC(=O)N1CCC[C@@H](n2nc(C(=O)Nc3ccc(CC(=O)N(C)C)cc3C3CC3)c3c(N)ncnc32)C1,48.0,7.318758762624412,1,516.6060000000003
C=CC(=O)N1CCC[C@@H](n2nc(C(=O)Nc3ccc(CC(=O)N(C)C)cc3C=C)c3c(N)ncnc32)C1,8.5,8.070581074285707,1,502.5790000000004
C=CC(=O)N1CCC[C@@H](n2nc(C(=O)Nc3ccc(CC(=O)N(C)C)cc3CC)c3c(N)ncnc32)C1,20.0,7.698970004336019,1,504.5950000000004
C=CC(=O)N1CCC[C@@H](n2nc(C(=O)Nc3ccc(CC(=O)N(C)C)cc3Cl)c3c(N)ncnc32)C1,4.0,8.397940008672037,1,510.9860000000004
C=CC(=O)N1CCC[C@@H](n2nc(C(=O)Nc3ccc(CC(=O)N(C)C)cc3F)c3c(N)ncnc32)C1,21.0,7.6777807052660805,1,494.53100000000035
C=CC(=O)N1CCC[C@@H](n2nc(C(=O)Nc3ccc(CC(=O)N(C)C)cc3N(C)C)c3c(N)ncnc32)C1,52.0,7.2839966563652006,1,519.6100000000004
C=CC(=O)N1CCC[C@@H](n2nc(C(=O)Nc3ccc(CC(=O)N(C)C)cc3OC(F)F)c3c(N)ncnc32)C1,8.6,8.065501548756432,1,542.5470000000001
C=CC(=O)N1CCC[C@@H](n2nc(C(=O)Nc3ccc(CC(=O)N(C)C)cc3OC)c3c(N)ncnc32)C1,7.099999999999999,8.148741651280925,1,506.5670000000004
C=CC(=O)N1CCC[C@@H](n2nc(C(=O)Nc3ccc(CC(=O)N(C)C)cc3OCF)c3c(N)ncnc32)C1,10.0,8.0,1,524.5570000000004
C=CC(=O)N1CCC[C@@H](n2nc(C(=O)Nc3ccc(CC(=O)N(C)OC)cc3C)c3c(N)ncnc32)C1,11.0,7.958607314841775,1,506.5670000000004
C=CC(=O)N1CCC[C@@H](n2nc(C(=O)Nc3ccc(CC(=O)N4CC(O)C4)cc3C)c3c(N)ncnc32)C1,74.0,7.130768280269024,1,518.5780000000003
C=CC(=O)N1CCC[C@@H](n2nc(C(=O)Nc3ccc(CC(=O)N4CCCC4)cc3C)c3c(N)ncnc32)C1,11.0,7.958607314841775,1,516.6060000000004
C=CC(=O)N1CCC[C@@H](n2nc(C(=O)Nc3ccc(NC(=O)N(C)C)cc3C)c3c(N)ncnc32)C1,17.0,7.769551078621726,1,491.5560000000003
C=CC(=O)N1CCC[C@@H](n2nc(C(=O)Nc3ccc(NC(=O)N4CCCC4)cc3C)c3c(N)ncnc32)C1,16.0,7.795880017344075,1,517.5940000000004
C=CC(=O)N1CCC[C@@H](n2nc(C(=O)Nc3ccc(OC(=O)N(C)C)c(C)c3)c3c(N)ncnc32)C1,8.7,8.060480747381382,1,492.54000000000036
C=CC(=O)N1CCC[C@@H](n2nc(C(=O)Nc3ccc(OC(=O)N(C)C)c(C)c3C)c3c(N)ncnc32)C1,9.3,8.031517051446064,1,506.5670000000004
C=CC(=O)N1CCC[C@@H](n2nc(C(=O)Nc3ccc(OC(=O)N(C)C)c(Cl)c3)c3c(N)ncnc32)C1,6.5,8.187086643357144,1,512.9580000000003
C=CC(=O)N1CCC[C@@H](n2nc(C(=O)Nc3ccc(OC(=O)N(C)C)c(F)c3)c3c(N)ncnc32)C1,11.0,7.958607314841775,1,496.5030000000003
C=CC(=O)N1CCC[C@@H](n2nc(C(=O)Nc3ccc(OC(=O)N(C)C)c(F)c3F)c3c(N)ncnc32)C1,16.0,7.795880017344075,1,514.4930000000003
C=CC(=O)N1CCC[C@@H](n2nc(C(=O)Nc3ccc(OC(=O)N(C)C)c4ccccc34)c3c(N)ncnc32)C1,6.0,8.221848749616356,1,528.5730000000002
C=CC(=O)N1CCC[C@@H](n2nc(C(=O)Nc3ccc(OC(=O)N(C)C)c4cccnc34)c3c(N)ncnc32)C1,11.0,7.958607314841775,1,529.5610000000003
C=CC(=O)N1CCC[C@@H](n2nc(C(=O)Nc3ccc(OC(=O)N(C)C)cc3)c3c(N)ncnc32)C1,26.0,7.585026652029182,1,478.5130000000003
C=CC(=O)N1CCC[C@@H](n2nc(C(=O)Nc3ccc(OC(=O)N(C)C)cc3C)c3c(N)ncnc32)C1,7.0,8.154901959985743,1,492.54000000000036
C=CC(=O)N1CCC[C@@H](n2nc(C(=O)Nc3ccc(OC(=O)N(C)C)cc3Cl)c3c(N)ncnc32)C1,3.9,8.4089353929735,1,512.9580000000003
C=CC(=O)N1CCC[C@@H](n2nc(C(=O)Nc3ccc(OC(=O)N(C)C)cc3F)c3c(N)ncnc32)C1,13.0,7.886056647693163,1,496.5030000000003
C=CC(=O)N1CCC[C@@H](n2nc(C(=O)Nc3ccc(OC(=O)N(C)C)cc3OC)c3c(N)ncnc32)C1,5.400000000000001,8.267606240177031,1,508.5390000000004
C=CC(=O)N1CCC[C@@H](n2nc(C(=O)Nc3cccc4c(CC(=O)N(C)C)ccnc34)c3c(N)ncnc32)C1,18.0,7.7447274948966935,1,527.5890000000003
C=CC(=O)N1CCC[C@H](n2nc(-c3ccc(Oc4ccc5c(c4)ncn5C)c(C)c3)c3c(C)ncnc32)C1,1046.0,5.980468315468745,0,507.5980000000003
C=CC(=O)N1CCC[C@H](n2nc(-c3ccc(Oc4ccc5c(c4)ncn5C)c(C)c3)c3c(C)ncnc32)CC1,218.0,6.661543506395395,1,521.6250000000002
C=CC(=O)N1CCC[C@H](n2nc(C(=O)c3ccc(CC(=O)N(C)C)c(C)c3C)c3c(N)ncnc32)C1,13.0,7.886056647693163,1,489.5800000000003
C=CC(=O)N1CCC[C@H]1C(=O)Nc1cc2c(Nc3ccc(F)c(Cl)c3F)ncnc2cc1OCCOC,18.0,7.7447274948966935,1,531.9470000000002
C=CC(=O)N1CCC[C@H]1C(=O)Nc1cc2c(Nc3cccc(Cl)c3F)ncnc2cc1OCCOC,42.0,7.376750709602099,1,513.9570000000002
C=CC(=O)N1CCOc2c1ccc1ncnc(Nc3ccc(OCc4ccc(F)cc4)cc3)c21,50.0,7.301029995663981,1,456.4770000000002
C=CC(=O)N1CCOc2c1ccc1ncnc(Nc3ccc(OCc4cccc(C(F)(F)F)c4)cc3)c21,50.0,7.301029995663981,1,506.4840000000002
C=CC(=O)N1CCOc2c1ccc1ncnc(Nc3ccc(OCc4cccc(F)c4)c(C(F)(F)F)c3)c21,50.0,7.301029995663981,1,524.4740000000002
C=CC(=O)N1CCOc2c1ccc1ncnc(Nc3ccc(OCc4cccc(F)c4)c(Cl)c3)c21,50.0,7.301029995663981,1,490.9220000000002
C=CC(=O)N1CCOc2c1ccc1ncnc(Nc3ccc(OCc4cccc(F)c4)c(F)c3)c21,50.0,7.301029995663981,1,474.4670000000002
C=CC(=O)N1CCOc2c1ccc1ncnc(Nc3ccc(OCc4cccc(F)c4)c(OC)c3)c21,50.0,7.301029995663981,1,486.50300000000027
C=CC(=O)N1CCOc2c1ccc1ncnc(Nc3ccc(OCc4cccc(F)c4)cc3)c21,50.0,7.301029995663981,1,456.4770000000002
C=CC(=O)N1CCOc2c1ccc1ncnc(Nc3ccc(OCc4ccccn4)c(Cl)c3)c21,50.0,7.301029995663981,1,473.92000000000024
C=CC(=O)N1CCOc2c1ccc1ncnc(Nc3ccc(OCc4ccccn4)cc3)c21,50.0,7.301029995663981,1,439.4750000000002
C=CC(=O)N1CCOc2c1ccc1ncnc(Nc3ccc(OCc4cccs4)cc3)c21,50.0,7.301029995663981,1,444.5160000000002
C=CC(=O)N1CCOc2c1ccc1ncnc(Nc3ccc(OCc4nccs4)cc3)c21,50.0,7.301029995663981,1,445.5040000000002
C=CC(=O)N1CCOc2c1ccc1ncnc(Nc3ccc(Oc4ccc(Cl)cc4)cc3)c21,50.0,7.301029995663981,1,458.90500000000014
C=CC(=O)N1CCOc2c1ccc1ncnc(Nc3ccc(Oc4ccc(F)cc4)cc3)c21,50.0,7.301029995663981,1,442.45000000000016
C=CC(=O)N1CCOc2c1ccc1ncnc(Nc3ccc(Oc4cccc(C(F)(F)F)c4)cc3)c21,50.0,7.301029995663981,1,492.45700000000016
C=CC(=O)N1CCOc2c1ccc1ncnc(Nc3ccc(Oc4cccc(C)c4)cc3)c21,50.0,7.301029995663981,1,438.4870000000002
C=CC(=O)N1CCOc2c1ccc1ncnc(Nc3ccc(Oc4cccc(Cl)c4)cc3)c21,50.0,7.301029995663981,1,458.90500000000014
C=CC(=O)N1CCOc2c1ccc1ncnc(Nc3ccc(Oc4cccc(F)c4)cc3)c21,50.0,7.301029995663981,1,442.45000000000016
C=CC(=O)N1CCOc2c1ccc1ncnc(Nc3ccc(Oc4cccc(OC)c4)cc3)c21,50.0,7.301029995663981,1,454.4860000000002
C=CC(=O)N1CCOc2c1ccc1ncnc(Nc3ccc(Oc4ccccc4)c(Cl)c3)c21,50.0,7.301029995663981,1,458.90500000000014
C=CC(=O)N1CCOc2c1ccc1ncnc(Nc3ccc(Oc4ccccc4)c(F)c3)c21,50.0,7.301029995663981,1,442.45000000000016
C=CC(=O)N1CCOc2c1ccc1ncnc(Nc3ccc(Oc4ccccc4)cc3)c21,50.0,7.301029995663981,1,424.46000000000015
C=CC(=O)N1CCOc2c1ccc1ncnc(Nc3ccc(Oc4ccccc4)cc3F)c21,50.0,7.301029995663981,1,442.45000000000016
C=CC(=O)N1CCOc2c1ccc1ncnc(Nc3ccc(Oc4ccccc4F)cc3)c21,50.0,7.301029995663981,1,442.45000000000016
C=CC(=O)N1CCOc2c1ccc1ncnc(Nc3ccc(Oc4ccccc4OC)cc3)c21,50.0,7.301029995663981,1,454.4860000000002
C=CC(=O)N1CCOc2c1ccc1ncnc(Nc3ccc(Oc4ccccc4OCCCN(C)C)cc3)c21,275.0,6.560667306169737,1,525.6090000000004
C=CC(=O)N1CCOc2c1ccc1ncnc(Nc3ccc(Oc4ccccc4OCCN(C)C)cc3)c21,50.0,7.301029995663981,1,511.58200000000033
C=CC(=O)N1CCOc2c1ccc1ncnc(Nc3ccc(Oc4ccccc4OCCOC)cc3)c21,50.0,7.301029995663981,1,498.5390000000003
C=CC(=O)N1CCOc2c1ccc1ncnc(Nc3ccc(Oc4ccccn4)cc3)c21,50.0,7.301029995663981,1,425.44800000000015
C=CC(=O)N1CCOc2c1ccc1ncnc(Nc3ccc(Oc4cccnc4)cc3)c21,50.0,7.301029995663981,1,425.44800000000015
C=CC(=O)N1CCOc2c1ccc1ncnc(Nc3ccc(Oc4nccs4)cc3)c21,50.0,7.301029995663981,1,431.47700000000015
C=CC(=O)N1CCOc2c1ccc1ncnc(Nc3ccc(SCc4ccccc4)cc3)c21,50.0,7.301029995663981,1,454.5550000000002
C=CC(=O)N1CCOc2c1ccc1ncnc(Nc3ccc(Sc4ccc(F)cc4)cc3)c21,50.0,7.301029995663981,1,458.51800000000014
C=CC(=O)N1CCOc2c1ccc1ncnc(Oc3ccc(OCc4ccc(F)cc4)cc3)c21,50.0,7.301029995663981,1,457.46100000000024
C=CC(=O)N1CCOc2c1ccc1ncnc(Oc3ccc(OCc4cccc(F)c4)c(Cl)c3)c21,50.0,7.301029995663981,1,491.90600000000023
C=CC(=O)N1CCOc2c1ccc1ncnc(Oc3ccc(OCc4cccc(F)c4)cc3)c21,50.0,7.301029995663981,1,457.46100000000024
C=CC(=O)N1CCOc2c1ccc1ncnc(Oc3ccc(OCc4ccccc4F)cc3)c21,50.0,7.301029995663981,1,457.46100000000024
C=CC(=O)N1CCOc2c1ccc1ncnc(Oc3ccc(OCc4ccccn4)c(Cl)c3)c21,50.0,7.301029995663981,1,474.9040000000003
C=CC(=O)N1CCOc2c1ccc1ncnc(Oc3ccc(OCc4ccccn4)cc3)c21,50.0,7.301029995663981,1,440.45900000000023
C=CC(=O)N1CCOc2c1ccc1ncnc(Oc3ccc(Oc4cc(Cl)ccc4Cl)cc3)c21,50.0,7.301029995663981,1,494.33400000000023
C=CC(=O)N1CCOc2c1ccc1ncnc(Oc3ccc(Oc4ccc(Cl)cc4)cc3)c21,50.0,7.301029995663981,1,459.8890000000002
C=CC(=O)N1CCOc2c1ccc1ncnc(Oc3ccc(Oc4ccc(F)cc4)cc3)c21,50.0,7.301029995663981,1,443.4340000000002
C=CC(=O)N1CCOc2c1ccc1ncnc(Oc3ccc(Oc4ccccc4)cc3)c21,50.0,7.301029995663981,1,425.4440000000002
C=CC(=O)N1CC[C@@H](N2N=C(Nc3ccc(Oc4ccccc4)cc3)c3c[nH]c4ncnc2c34)C1,219.0,6.6595558851598815,1,465.51700000000017
C=CC(=O)N1CC[C@@H](n2nc(-c3ccc(Oc4ccc5c(c4)ncn5C)c(C)c3)c3c(C)ncnc32)C1,160.0,6.795880017344075,1,493.5710000000003
C=CC(=O)N1CC[C@@H](n2nc(C(=O)Nc3cc(Cl)c(CC(=O)N(C)C)cc3C)c3c(N)ncnc32)C1,72.0,7.142667503568732,1,510.9860000000004
C=CC(=O)N1CC[C@@H](n2nc(C(=O)Nc3ccc(CC(=O)N(C)C)c(C)c3C)c3c(N)ncnc32)C1,45.0,7.346787486224656,1,490.5680000000004
C=CC(=O)N1CC[C@@H](n2nc(C(=O)Nc3ccc(CC(=O)N(C)C)c(Cl)c3OC)c3c(N)ncnc32)C1,49.0,7.309803919971486,1,526.9850000000002
C=CC(=O)N1CC[C@@H](n2nc(C(=O)Nc3ccc(CC(=O)N(C)C)c(F)c3C)c3c(N)ncnc32)C1,22.0,7.657577319177793,1,494.53100000000035
C=CC(=O)N1CC[C@@H](n2nc(C(=O)Nc3ccc(CC(=O)N(C)C)c(F)c3Cl)c3c(N)ncnc32)C1,20.0,7.698970004336019,1,514.9490000000003
C=CC(=O)N1CC[C@@H](n2nc(C(=O)Nc3ccc(CC(=O)N(C)C)c(F)c3OC)c3c(N)ncnc32)C1,31.0,7.508638306165727,1,510.53000000000037
C=CC(=O)N1CC[C@@H](n2nc(C(=O)Nc3ccc(CC(=O)N(C)C)c4ccccc34)c3c(N)ncnc32)C1,24.5,7.610833915635467,1,512.5740000000003
C=CC(=O)N1CC[C@@H](n2nc(C(=O)Nc3ccc(CC(=O)N(C)C)cc3Br)c3c(N)ncnc32)C1,59.0,7.229147988357855,1,541.4100000000001
C=CC(=O)N1CC[C@@H](n2nc(C(=O)Nc3ccc(CC(=O)N(C)C)cc3C=C)c3c(N)ncnc32)C1,20.0,7.698970004336019,1,488.55200000000036
C=CC(=O)N1CC[C@@H](n2nc(C(=O)Nc3ccc(CC(=O)N(C)C)cc3Cl)c3c(N)ncnc32)C1,31.0,7.508638306165727,1,496.95900000000034
C=CC(=O)N1CC[C@@H](n2nc(C(=O)Nc3ccc(OC(=O)N(C)C)c(C)c3C)c3c(N)ncnc32)C1,49.0,7.309803919971486,1,492.54000000000036
C=CC(=O)N1CC[C@@H](n2nc(C(=O)Nc3ccc(OC(=O)N(C)C)c4ccccc34)c3c(N)ncnc32)C1,11.0,7.958607314841775,1,514.5460000000003
C=CC(=O)N1CC[C@@H](n2nc(C(=O)Nc3ccc(OC(=O)N(C)C)cc3C)c3c(N)ncnc32)C1,38.0,7.42021640338319,1,478.5130000000003
C=CC(=O)N1CC[C@H](n2cc(-c3cc4cc(C)cc(OC)c4s3)c3c(N)ncnc32)C1,1000.0,6.0,1,433.5370000000002
C=CC(=O)N1CC[C@H](n2cc(-c3ccncc3)c(-c3cccc(/C=C/c4ncc(C5CC5)o4)c3)n2)C1,31.0,7.508638306165727,1,477.56800000000027
C=CC(=O)N1CC[C@]12C[C@@H](n1nc(-c3ccc(Oc4ccc5c(c4)ncn5C)c(C)c3)c3c(C)ncnc31)C2,558.0,6.253365801062421,1,519.6090000000003
C=CC(=O)N1CC[C@]12C[C@H](n1nc(-c3ccc(Oc4ccc5c(c4)ncn5C)c(C)c3)c3c(C)ncnc31)C2,1082.0,5.9657727392294495,0,519.6090000000003
C=CC(=O)N1C[C@@H](F)C[C@@H](n2nc(-c3ccc(Oc4ccc5c(c4)ncn5C)c(C)c3)c3c(C)ncnc32)C1,1540.0,5.812479279163537,0,525.5880000000002
C=CC(=O)N1C[C@H](C)[C@@H](n2nc(C(=O)Nc3ccc(CC(=O)N(C)C)c(C)c3C)c3c(N)ncnc32)C1,17.0,7.769551078621726,1,504.5950000000004
C=CC(=O)N1C[C@H](C)[C@@H](n2nc(C(=O)Nc3ccc(CC(=O)N(C)C)cc3Cl)c3c(N)ncnc32)C1,14.0,7.853871964321762,1,510.9860000000004
C=CC(=O)N1C[C@H](F)C[C@@H](n2nc(-c3ccc(Oc4ccc5c(c4)ncn5C)c(C)c3)c3c(C)ncnc32)C1,267.0,6.573488738635425,1,525.5880000000002
C=CC(=O)N1C[C@H](Nc2ncnc3[nH]ccc23)CC[C@@H]1C,50000.0,4.301029995663981,0,285.35100000000006
C=CC(=O)N1C[C@H](n2nc(C(=O)Nc3ccc(CC(=O)N(C)C)c(C)c3C)c3c(N)ncnc32)C[C@H]1C,17.0,7.769551078621726,1,504.59500000000037
C=CC(=O)N1C[C@H](n2nc(C(=O)Nc3ccc(CC(=O)N(C)C)cc3Cl)c3c(N)ncnc32)C[C@H]1C,14.0,7.853871964321762,1,510.98600000000033
C=CC(=O)N1C[C@H]2C[C@@H](n3nc(-c4ccc(Oc5ccc6c(c5)ncn6C)c(C)c4)c4c(C)ncnc43)[C@@H]1C2,214.0,6.669586226650809,1,519.6090000000002
C=CC(=O)N1[C@@H]2CC[C@H]1C[C@@H](n1nc(-c3cc(C)c(Oc4ccc5c(c4)ncn5C)c(F)c3)c3c(C)ncnc31)C2,73.0,7.136677139879544,1,551.6260000000001
C=CC(=O)N1[C@@H]2CC[C@H]1C[C@@H](n1nc(-c3cc(F)c(Oc4ccc5c(c4)ncn5C)c(Cl)c3)c3c(C)ncnc31)C2,49.0,7.309803919971486,1,572.0440000000001
C=CC(=O)N1[C@@H]2CC[C@H]1C[C@@H](n1nc(-c3ccc(Oc4ccc5c(c4)ncn5C)c(C)c3)c3c(C)ncnc31)C2,63.0,7.200659450546418,1,533.6360000000002
C=CC(=O)N1[C@@H]2CC[C@H]1C[C@@H](n1nc(-c3ccc(Oc4ccc5c(c4)ncn5C)c(C)c3F)c3c(C)ncnc31)C2,308.0,6.511449283499556,1,551.6260000000002
C=CC(=O)N1[C@@H]2CC[C@H]1C[C@@H](n1nc(-c3ccc(Oc4ccc5c(c4)ncn5C)c(Cl)c3)c3c(C)ncnc31)C2,84.0,7.075720713938118,1,554.0540000000001
C=CC(=O)N1[C@@H]2CC[C@H]1C[C@H](n1nc(-c3ccc(Oc4ccc5c(c4)ncn5C)c(C)c3)c3c(C)ncnc31)C2,3440.0,5.46344155742847,0,533.6360000000002
C=CC(=O)NCC(=O)Nc1cccc(Nc2ncc(NC(=O)c3cc(NC(=O)c4cccc(C(F)(F)F)c4)ccc3C)cn2)c1,7.0,8.154901959985743,1,617.5880000000002
C=CC(=O)NCc1ccc(-n2nc3c(=O)[nH]nc(N)c3c2-c2oc3ccc(C)cc3c2C)cc1,1000.0,6.0,1,454.4900000000003
C=CC(=O)NCc1coc(-c2c(N)ncnc2Nc2ccc(OCc3ccccn3)c(Cl)c2)n1,22.4,7.649751981665837,1,477.9120000000002
C=CC(=O)N[C@@H]1Cn2c(c(-c3ccc(Oc4ccccc4)cc3)c3c(N)ncnc32)C1=C,23.2,7.634512015109101,1,423.47600000000017
C=CC(=O)N[C@H]1CC[C@@H](n2nc(-c3ccc(Oc4ccccc4)cc3)c3c(N)ncnc32)CC1,1536.0,5.813608784304507,0,454.5340000000002
C=CC(=O)Nc1cc(-c2c[nH]c3ncnc(Nc4ccc(CN5C(=O)c6ccccc6C5=O)cc4)c23)ccc1OCCN(C)C,23.0,7.638272163982407,1,601.667
C=CC(=O)Nc1cc(-c2c[nH]c3ncnc(Nc4ccc(CN5C(=O)c6ccccc6C5=O)cc4)c23)ccc1OCCO,15.0,7.823908740944319,1,574.5970000000002
C=CC(=O)Nc1cc(-c2c[nH]c3ncnc(Nc4ccc(OCc5ccccn5)c(Cl)c4)c23)ccc1OC(C)COC,14.0,7.853871964321762,1,585.0640000000002
C=CC(=O)Nc1cc(-c2c[nH]c3ncnc(Nc4ccc(OCc5ccccn5)c(Cl)c4)c23)ccc1OCCCO,9.3,8.031517051446064,1,571.0370000000001
C=CC(=O)Nc1cc(-c2c[nH]c3ncnc(Nc4ccc(OCc5ccccn5)c(Cl)c4)c23)ccc1OCCN(C)C,15.0,7.823908740944319,1,584.08
C=CC(=O)Nc1cc(-c2c[nH]c3ncnc(Nc4ccc(OCc5ccccn5)c(Cl)c4)c23)ccc1OCCO,1.9,8.721246399047171,1,557.0100000000002
C=CC(=O)Nc1cc(-c2c[nH]c3ncnc(Nc4ccc5[nH]c(Cc6ccccc6)nc5c4)c23)ccc1OCCO,188.0,6.72584215073632,1,545.6030000000002
C=CC(=O)Nc1cc(-c2c[nH]c3ncnc(Nc4ccc5c(cnn5Cc5ccccc5)c4)c23)ccc1OCCO,14.0,7.853871964321762,1,545.6030000000002
C=CC(=O)Nc1cc(Nc2ncc(Cl)c(Nc3ccccc3S(=O)(=O)C(C)C)n2)c(OC)cc1N(C)CCN(C)C,37.0,7.431798275933005,1,602.161
C=CC(=O)Nc1cc(Nc2nccc(-c3cn(C)c4ccccc34)n2)c(OC)cc1N(C)CCN(C)C,4.8,8.318758762624412,1,499.6190000000003
C=CC(=O)Nc1cc2c(Nc3ccc(F)c(Br)c3)ncnc2cc1OCCCN1CCOCC1,8.2,8.086186147616283,1,530.3980000000003
C=CC(=O)Nc1cc2c(Nc3ccc(F)c(Br)c3)ncnc2cn1,1.1,8.958607314841775,1,388.20000000000005
C=CC(=O)Nc1cc2c(Nc3ccc(F)c(Cl)c3)c(C#N)cnc2cc1OCCCN1CCOCC1,1692.0,5.771599641296995,0,509.96900000000045
C=CC(=O)Nc1cc2c(Nc3ccc(F)c(Cl)c3)ncnc2cc1C#CC(C)(C)N1CCN(C)CC1,19.0,7.721246399047171,1,507.0130000000004
C=CC(=O)Nc1cc2c(Nc3ccc(F)c(Cl)c3)ncnc2cc1OCCCN1CCOCC1,45.07,7.346112441929022,1,485.9470000000004
C=CC(=O)Nc1cc2c(Nc3ccc(F)c(Cl)c3)ncnc2cc1OCc1cn(-c2ccccc2)nn1,471.0,6.326979092871103,1,515.9360000000001
C=CC(=O)Nc1cc2c(Nc3ccc(F)c(Cl)c3)ncnc2cc1OCc1cn(CCC(=O)NO)nn1,5.4,8.267606240177031,1,526.9160000000002
C=CC(=O)Nc1cc2c(Nc3ccc(F)c(Cl)c3)ncnc2cc1OCc1cn(CCCC(=O)NO)nn1,5.7,8.244125144327509,1,540.9430000000002
C=CC(=O)Nc1cc2c(Nc3ccc(F)c(Cl)c3)ncnc2cc1OCc1cn(CCCCC(=O)NO)nn1,7.3,8.136677139879543,1,554.9700000000003
C=CC(=O)Nc1cc2c(Nc3ccc(F)c(Cl)c3)ncnc2cc1OCc1cn(CCCN2CCOCC2)nn1,54.0,7.267606240177032,1,567.0250000000002
C=CC(=O)Nc1cc2c(Nc3ccc(F)c(Cl)c3)ncnc2cc1OCc1cn(CCCO)nn1,67.0,7.173925197299173,1,497.9180000000003
C=CC(=O)Nc1cc2c(Nc3ccc(F)c(Cl)c3)ncnc2cc1OCc1cn(CCc2ccccc2)nn1,448.0,6.3487219860018556,1,543.9900000000002
C=CC(=O)Nc1cc2c(Nc3ccc(F)c(Cl)c3)ncnc2cc1OCc1cn(Cc2ccc(C)cc2)nn1,158.0,6.801342913045577,1,543.9900000000002
C=CC(=O)Nc1cc2c(Nc3ccc(F)c(Cl)c3)ncnc2cc1OCc1cn(Cc2ccc(Cl)cc2)nn1,225.0,6.647817481888637,1,564.4080000000001
C=CC(=O)Nc1cc2c(Nc3ccc(F)c(Cl)c3)ncnc2cc1OCc1cn(Cc2ccc(F)cc2)nn1,212.0,6.673664139071248,1,547.9530000000002
C=CC(=O)Nc1cc2c(Nc3ccc(F)c(Cl)c3)ncnc2cc1OCc1cn(Cc2ccc(OC)cc2)nn1,212.0,6.673664139071248,1,559.9890000000003
C=CC(=O)Nc1cc2c(Nc3ccc(F)c(Cl)c3)ncnc2cc1OCc1cn(Cc2cccc(F)c2)nn1,209.0,6.679853713888946,1,547.9530000000002
C=CC(=O)Nc1cc2c(Nc3ccc(F)c(Cl)c3)ncnc2cc1OCc1cn(Cc2ccccc2)nn1,90.0,7.045757490560675,1,529.9630000000002
C=CC(=O)Nc1cc2c(Nc3ccc(F)c(Cl)c3)ncnc2cc1OCc1cn(Cc2ccccc2F)nn1,78.0,7.107905397309519,1,547.9530000000002
C=CC(=O)Nc1cc2c(Nc3ccc(F)c(Cl)c3)ncnc2cn1,3.0,8.522878745280337,1,343.749
C=CC(=O)Nc1cc2c(Nc3ccc(F)c(Cl)c3)ncnc2s1,40.0,7.3979400086720375,1,348.79
C=CC(=O)Nc1cc2c(Nc3ccc(OCc4cccc(F)c4)c(Cl)c3)ncnc2cc1OCc1cn(CCC(=O)NO)nn1,3.7,8.431798275933005,1,633.04
C=CC(=O)Nc1cc2c(Nc3ccc(OCc4cccc(F)c4)c(Cl)c3)ncnc2cc1OCc1cn(CCCC(=O)NO)nn1,3.7,8.431798275933005,1,647.0669999999999
C=CC(=O)Nc1cc2c(Nc3ccc(OCc4cccc(F)c4)c(Cl)c3)ncnc2cc1OCc1cn(CCCCC(=O)NO)nn1,3.8,8.42021640338319,1,661.0939999999998
C=CC(=O)Nc1cc2c(Nc3ccc(Oc4cc5nncn5cn4)c(C)c3)ncnc2cc1OCC,1.93,8.714442690992227,1,482.5040000000002
C=CC(=O)Nc1cc2c(Nc3cccc(Br)c3)c(C#N)cnc2cc1OC,4680.0,5.329754146925876,0,423.27000000000015
C=CC(=O)Nc1cc2c(Nc3cccc(Br)c3)ncnc2cc1OCCCN1CCOCC1,6.4,8.193820026016112,1,512.4080000000004
C=CC(=O)Nc1cc2c(Nc3cccc(Br)c3)ncnc2cn1,3.9,8.4089353929735,1,370.21000000000004
C=CC(=O)Nc1cc2c(Nc3cccc(C)c3)ncnc2cn1,8.8,8.05551732784983,1,305.341
C=CC(=O)Nc1cc2c(Nc3cccc(Cl)c3F)ncnc2cc1OCc1cn(CCC(=O)NO)nn1,13.0,7.886056647693163,1,526.9160000000002
C=CC(=O)Nc1cc2c(Nc3cccc(Cl)c3F)ncnc2cc1OCc1cn(CCCC(=O)NO)nn1,8.0,8.096910013008056,1,540.9430000000002
C=CC(=O)Nc1cc2c(Nc3cccc(Cl)c3F)ncnc2cc1OCc1cn(CCCCC(=O)NO)nn1,16.0,7.795880017344075,1,554.9700000000003
C=CC(=O)Nc1ccc(-n2nc3c(=O)[nH]nc(N)c3c2-c2oc3ccc(C)cc3c2C)cc1,1000.0,6.0,1,440.46300000000025
C=CC(=O)Nc1ccc2c(Nc3cccc(Br)c3)ncnc2c1,73.0,7.136677139879544,1,369.22200000000004
C=CC(=O)Nc1ccc2ncc(C#N)c(Nc3cccc(Br)c3)c2c1,1630.0,5.787812395596042,0,393.244
C=CC(=O)Nc1ccc2nccc(Oc3ccc(C(=O)Nc4cc(CC)ccn4)cc3)c2c1,268.0,6.5718652059712115,1,438.48700000000014
C=CC(=O)Nc1ccc2ncnc(Nc3ccc(F)c(Br)c3)c2c1,7.3,8.136677139879543,1,387.21200000000005
C=CC(=O)Nc1ccc2ncnc(Nc3ccc(F)c(Br)c3)c2n1,26.0,7.585026652029182,1,388.20000000000005
C=CC(=O)Nc1ccc2ncnc(Nc3ccc(F)c(Cl)c3)c2c1,4.3,8.366531544420413,1,342.761
C=CC(=O)Nc1ccc2ncnc(Nc3ccc(F)c(Cl)c3)c2n1,12.0,7.920818753952375,1,343.749
C=CC(=O)Nc1ccc2ncnc(Nc3ccc(OCc4cccc(F)c4)c(Cl)c3)c2c1,3.0,8.522878745280337,1,448.88500000000016
C=CC(=O)Nc1ccc2ncnc(Nc3ccc(OCc4ccccc4)cc3)c2c1,7.6,8.119186407719209,1,396.4500000000001
C=CC(=O)Nc1ccc2ncnc(Nc3ccc(Oc4ccccc4)cc3)c2c1,8.6,8.065501548756432,1,382.42300000000006
C=CC(=O)Nc1ccc2ncnc(Nc3ccc4[nH]cc(Br)c4c3)c2c1,3.5,8.455931955649724,1,408.25900000000007
C=CC(=O)Nc1ccc2ncnc(Nc3cccc(Br)c3)c2c1,37.35,7.427709393848582,1,369.22200000000004
C=CC(=O)Nc1ccc2ncnc(Nc3cccc(C)c3)c2c1,12.1,7.91721462968355,1,304.35300000000007
C=CC(=O)Nc1cccc(-c2c(-c3ccc(N4CCN(C)CC4)cc3)[nH]c3ncn(C(C)C)c(=O)c23)c1,592.0,6.22767829327708,1,496.61500000000024
C=CC(=O)Nc1cccc(-c2c(-c3ccc(N4CCN(C)CC4)cc3)[nH]c3ncn(C)c(=O)c23)c1,146.0,6.835647144215563,1,468.5610000000002
C=CC(=O)Nc1cccc(-c2c(-c3ccc(N4CCN(C)CC4)cc3)[nH]c3ncn(CC(C)C)c(=O)c23)c1,321.0,6.493494967595128,1,510.6420000000003
C=CC(=O)Nc1cccc(-c2c(-c3ccc(N4CCN(C)CC4)cc3)[nH]c3ncn(CC)c(=O)c23)c1,84.0,7.075720713938118,1,482.58800000000025
C=CC(=O)Nc1cccc(-c2c(-c3ccc(N4CCN(C)CC4)cc3)[nH]c3ncnc(Nc4ccc(CN5C(=O)c6ccccc6C5=O)cc4)c23)c1,55.0,7.259637310505756,1,688.7920000000001
C=CC(=O)Nc1cccc(-c2c(-c3ccc(N4CCN(C)CC4)cc3)[nH]c3ncnc(Nc4ccc(NC(=O)C(c5ccccc5)N5Cc6ccccc6C5=O)cc4)c23)c1,43.0,7.366531544420414,1,793.932
C=CC(=O)Nc1cccc(-c2c(-c3ccc(N4CCN(C)CC4)cc3)[nH]c3ncnc(Nc4ccc(O)cc4)c23)c1,3.9,8.4089353929735,1,545.6470000000002
C=CC(=O)Nc1cccc(-c2c(-c3ccc(N4CCN(C)CC4)cc3)[nH]c3ncnc(Nc4ccc(OC(=O)C(c5ccccc5)N5Cc6ccccc6C5=O)cc4)c23)c1,13.0,7.886056647693163,1,794.916
C=CC(=O)Nc1cccc(-c2c(-c3ccc(N4CCN(C)CC4)cc3)[nH]c3ncnc(Nc4ccc(OC(c5ccccc5)c5ccccc5)cc4)c23)c1,4.5,8.346787486224656,1,711.8700000000002
C=CC(=O)Nc1cccc(-c2c(-c3ccc(N4CCN(C)CC4)cc3)[nH]c3ncnc(Nc4ccc(OCN5C(=O)c6ccccc6C5=O)cc4)c23)c1,12.0,7.920818753952375,1,704.7910000000002
C=CC(=O)Nc1cccc(-c2c(-c3ccc(N4CCN(C)CC4)cc3)[nH]c3ncnc(Nc4ccc(OCc5cccc(F)c5)c(Cl)c4)c23)c1,95.0,7.022276394711152,1,688.2070000000002
C=CC(=O)Nc1cccc(-c2c(-c3ccc(N4CCN(C)CC4)cc3)[nH]c3ncnc(Nc4ccc(OCc5ccccn5)c(Cl)c4)c23)c1,14.0,7.853871964321762,1,671.2050000000002
C=CC(=O)Nc1cccc(-c2c(-c3ccc(N4CCN(C)CC4)cc3)[nH]c3ncnc(OC(C)C)c23)c1,21.0,7.6777807052660805,1,496.61500000000024
C=CC(=O)Nc1cccc(-c2c(-c3ccc(N4CCN(C)CC4)cc3)[nH]c3ncnc(OC)c23)c1,50.0,7.301029995663981,1,468.5610000000002
C=CC(=O)Nc1cccc(-c2c(-c3ccc(N4CCN(C)CC4)cc3)[nH]c3ncnc(OCC(C)C)c23)c1,26.0,7.585026652029182,1,510.6420000000003
C=CC(=O)Nc1cccc(-c2c(-c3ccc(N4CCN(C)CC4)cc3)[nH]c3ncnc(OCC)c23)c1,14.0,7.853871964321762,1,482.58800000000025
C=CC(=O)Nc1cccc(-c2c[nH]c3ncnc(Nc4ccc(CN5C(=O)c6ccccc6C5=O)cc4)c23)c1,11.0,7.958607314841775,1,514.5450000000003
C=CC(=O)Nc1cccc(-c2c[nH]c3ncnc(Nc4ccc(Cc5ccccc5)cc4)c23)c1,29.0,7.5376020021010435,1,445.5260000000002
C=CC(=O)Nc1cccc(-c2c[nH]c3ncnc(Nc4ccc(OC(c5ccccc5)c5ccccc5)cc4)c23)c1,26.0,7.585026652029182,1,537.6230000000002
C=CC(=O)Nc1cccc(-c2c[nH]c3ncnc(Nc4ccc(OCN5C(=O)c6ccccc6C5=O)cc4)c23)c1,4.5,8.346787486224656,1,530.5440000000003
C=CC(=O)Nc1cccc(-c2c[nH]c3ncnc(Nc4ccc(OCc5cccc(F)c5)c(Cl)c4)c23)c1,14.0,7.853871964321762,1,513.9600000000003
C=CC(=O)Nc1cccc(-c2c[nH]c3ncnc(Nc4ccc(OCc5ccccn5)c(Cl)c4)c23)c1,11.0,7.958607314841775,1,496.95800000000025
C=CC(=O)Nc1cccc(-c2c[nH]c3ncnc(Nc4ccc(Oc5ccccc5)cc4)c23)c1,13.0,7.886056647693163,1,447.49800000000016
C=CC(=O)Nc1cccc(-c2c[nH]c3ncnc(Nc4ccc5[nH]c(Cc6ccccc6)nc5c4)c23)c1,3.5,8.455931955649724,1,485.5510000000002
C=CC(=O)Nc1cccc(-c2c[nH]c3ncnc(Nc4ccc5c(ccn5Cc5ccccc5)c4)c23)c1,7.9,8.102372908709558,1,484.5630000000002
C=CC(=O)Nc1cccc(-c2c[nH]c3ncnc(Nc4ccc5c(cnn5Cc5ccccc5)c4)c23)c1,12.0,7.920818753952375,1,485.5510000000002
C=CC(=O)Nc1cccc(Nc2ncc(NC(=O)c3cc(NC(=O)c4cccc(C(F)(F)F)c4)ccc3C)cn2)c1,19.0,7.721246399047171,1,560.5360000000001
C=CC(=O)Nc1cccc(Oc2cc(Nc3ccc(OCc4cccc(F)c4)c(Cl)c3)ncn2)c1,29.0,7.5376020021010435,1,490.92200000000014
C=CC(=O)Nc1nc2c(Nc3ccc(F)c(Cl)c3)ncnc2cc1/C=C/CCN1CCOCC1,12.0,7.920818753952375,1,482.94700000000034
C=CC(=O)Nc1nc2c(Nc3ccc(F)c(Cl)c3)ncnc2cc1CCCCN1CCOCC1,5000.0,5.301029995663981,0,484.9630000000004
C=CC(=O)Nc1nc2c(Nc3ccc(F)c(Cl)c3)ncnc2cc1OC,125.0,6.903089986991944,1,373.7750000000001
C=CC(=O)Nc1nc2c(Nc3ccc(F)c(Cl)c3)ncnc2cc1OCCCN1CCN(C)CC1,182.0,6.739928612014925,1,499.9780000000004
C=CC(=O)Nc1nc2c(Nc3ccc(F)c(Cl)c3)ncnc2cc1OCCCN1CCOCC1,189.0,6.723538195826756,1,486.9350000000004
C=CCCCCN1CCOC(COc2cc3ncnc(Nc4ccc(Cl)c(Cl)c4)c3cc2OC)C1,10500.0,4.978810700930062,0,517.4570000000002
C=CCN(C)CC#CC(=O)Nc1ccc2ncnc(Nc3cccc(Br)c3)c2c1,85.0,7.070581074285707,1,450.3400000000001
C=CCNC1=C2C[C@@H](C)C[C@H](OC)[C@H](O)[C@@H](C)/C=C(\C)[C@H](OC(N)=O)[C@@H](OC)/C=C\C=C(/C)C(=O)NC(=CC1=O)C2=O,31.0,7.508638306165727,1,585.6980000000002
C=CCOc1ccc2ncnc(Nc3ccc(OCc4ccccc4)cc3)c2c1,347.0,6.459670525209126,1,383.4510000000001
C=CS(=O)(=O)N1CCC[C@@H]1Cn1cc(-c2ccc3c(c2)OCO3)c2c(N)ncnc21,1350.0,5.8696662315049934,0,427.4860000000002
C=CS(=O)(=O)Nc1cc2c(Nc3ccc(OCc4ccccc4)c(Cl)c3)c(C#N)cnc2cc1OCC,61.0,7.214670164989233,1,535.0250000000001
CC#CC(=O)N1CCC[C@@H](n2nc(-c3ccc(Oc4ccc5c(c4)ncn5C)c(C)c3)c3c(C)ncnc32)C1,4045.0,5.393081474051709,0,519.6090000000003
CC#CC(=O)N1CCC[C@H]1c1nc(-c2ccc(C(=O)Nc3cc(C(F)(F)F)ccn3)c(OC)c2)c2c(N)nccn12,1000.0,6.0,1,563.5400000000001
CC#CC(=O)N1CCC[C@H]1c1nc(-c2ccc(C(=O)Nc3ccccn3)cc2)c2c(N)nccn12,1000.0,6.0,1,465.5170000000001
CC#CC(=O)N1CCC[C@H]1n1nc(-c2ccc(C(=O)Nc3ccccn3)cc2)c2c(N)ncnc21,1000.0,6.0,1,466.50500000000017
CC#CC(=O)N1CCOc2c1ccc1ncnc(Nc3ccc(OCc4ccccn4)c(Cl)c3)c21,50.0,7.301029995663981,1,485.9310000000002
CC#CC(=O)N1CC[C@@H](n2c(=O)n(-c3ccc(Oc4ccccc4)cc3)c3c(N)ncnc32)C1,1000.0,6.0,1,454.4900000000002
CC#CC(=O)NCCCC(=O)c1nc(-c2ccc(C(=O)Nc3ccccn3)cc2)c2c(N)nccn12,552.0,6.2580609222708015,1,481.51600000000013
CC#CC(=O)Nc1cc2c(Nc3ccc(F)c(Cl)c3)ncnc2cn1,12.55,7.901356274182943,1,355.76000000000005
CC#CC(=O)Nc1cc2c(Nc3cccc(Br)c3)c(C#N)cnc2cc1OC,2120.0,5.673664139071248,0,435.2810000000002
CC#CC(=O)Nc1cc2c(Oc3ccc(C(=O)Nc4ccccn4)cc3)ccnc2cc1OCCN1CCOCC1,1000.0,6.0,1,551.6030000000002
CC#CC(=O)Nc1ccc2ncc(C#N)c(Nc3cccc(Br)c3)c2c1,3870.0,5.412289034981089,0,405.25500000000005
CC#CC(=O)Nc1ccc2ncnc(Nc3cccc(Br)c3)c2c1,197.5,6.704432900037521,1,381.23300000000006
CC(=O)N1CCC(c2cc3c(N[C@H](C)c4cc(N)cc(C(F)(F)F)c4)nc(C)nc3n(C)c2=O)CC1,10000.0,5.0,0,502.5410000000003
CC(=O)N1CCC[C@@H]1C#Cc1cc2ncnc(Nc3ccc(OCc4cccc(F)c4)c(Cl)c3)c2s1,38.0,7.42021640338319,1,521.0170000000002
CC(=O)N1CCN(C/C=C/C(=O)N2CCOc3c2ccc2ncnc(Nc4ccc(OCc5ccccn5)c(Cl)c4)c32)CC1,50.0,7.301029995663981,1,614.106
CC(=O)N1CCN(CCOc2n[nH]c3ncnc(Nc4ccc(OCc5ccccn5)c(Cl)c4)c23)CC1,65.0,7.187086643357144,1,522.9970000000003
CC(=O)N1CCN(Cc2ccc(-c3ccc4ncnc(Nc5ccc(OCc6cccc(F)c6)c(Cl)c5)c4c3)o2)CC1.Cc1ccc(S(=O)(=O)O)cc1,6.8,8.167491087293763,1,758.2720000000002
CC(=O)N1CCN(Cc2ccn3ncnc(Nc4ccc5c(cnn5Cc5cccc(F)c5)c4)c23)CC1,610.0,6.214670164989233,1,498.5660000000003
CC(=O)N1CCN([C@H]2C[C@@H](n3cc(-c4cc(OC[C@@H]5CCCO5)ccc4F)c4c(N)ncnc43)C2)CC1,10000.0,5.0,0,508.5980000000004
CC(=O)N1CCN([C@H]2C[C@@H](n3cc(-c4cccc(OC[C@@H]5CCCO5)c4F)c4c(N)ncnc43)C2)CC1,10000.0,5.0,0,508.5980000000005
CC(=O)N1CCN(c2cnc3cc(C(F)(F)F)cc(NCc4cccc([N+](=O)[O-])c4)c3c2)CC1,10000.0,5.0,0,473.45500000000027
CC(=O)N1N=C(c2ccc(Br)cc2)CC1c1ccc(C(=O)OC(C)Cn2c([N+](=O)[O-])cnc2C)cc1,8270.0,5.082494490447453,0,554.4010000000002
CC(=O)N1N=C(c2ccc(Br)cc2)CC1c1ccc(C(=O)OCCn2c([N+](=O)[O-])cnc2C)cc1,3450.0,5.462180904926726,0,540.3740000000003
CC(=O)N1N=C(c2ccc(C(F)(F)F)cc2)CC1c1ccc(C(=O)OC(C)Cn2c([N+](=O)[O-])cnc2C)cc1,5620.0,5.250263684430939,0,543.5020000000003
CC(=O)N1N=C(c2ccc(C(F)(F)F)cc2)CC1c1ccc(C(=O)OCCn2c([N+](=O)[O-])cnc2C)cc1,510.0,6.292429823902063,1,529.4750000000004
CC(=O)N1N=C(c2ccc(C)cc2)CC1c1ccc(C(=O)OC(C)Cn2c([N+](=O)[O-])cnc2C)cc1,18890.0,4.7237680420781665,0,489.53200000000027
CC(=O)N1N=C(c2ccc(C)cc2)CC1c1ccc(C(=O)OCCn2c([N+](=O)[O-])cnc2C)cc1,13160.0,4.8807441107220635,0,475.5050000000003
CC(=O)N1N=C(c2ccc(Cl)cc2)CC1c1ccc(C(=O)OC(C)Cn2c([N+](=O)[O-])cnc2C)cc1,9960.0,5.001740661576301,0,509.9500000000003
CC(=O)N1N=C(c2ccc(Cl)cc2)CC1c1ccc(C(=O)OCCn2c([N+](=O)[O-])cnc2C)cc1,4100.0,5.3872161432802645,0,495.9230000000003
CC(=O)N1N=C(c2ccc(F)cc2)CC1c1ccc(C(=O)OC(C)Cn2c([N+](=O)[O-])cnc2C)cc1,8540.0,5.068542129310995,0,493.49500000000023
CC(=O)N1N=C(c2ccc(F)cc2)CC1c1ccc(C(=O)OCCn2c([N+](=O)[O-])cnc2C)cc1,4070.0,5.39040559077478,0,479.46800000000025
CC(=O)N1N=C(c2ccc(I)cc2)CC1c1ccc(C(=O)OC(C)Cn2c([N+](=O)[O-])cnc2C)cc1,12660.0,4.897566294318664,0,601.4010000000002
CC(=O)N1N=C(c2ccc(I)cc2)CC1c1ccc(C(=O)OCCn2c([N+](=O)[O-])cnc2C)cc1,2750.0,5.560667306169737,0,587.3740000000003
CC(=O)N1N=C(c2ccc([N+](=O)[O-])cc2)CC1c1ccc(C(=O)OC(C)Cn2c([N+](=O)[O-])cnc2C)cc1,3530.0,5.452225294612178,0,520.5020000000003
CC(=O)N1N=C(c2ccc([N+](=O)[O-])cc2)CC1c1ccc(C(=O)OCCn2c([N+](=O)[O-])cnc2C)cc1,2060.0,5.686132779630847,0,506.4750000000003
CC(=O)N1N=C(c2ccccc2)CC1c1ccc(C(=O)OC(C)Cn2c([N+](=O)[O-])cnc2C)cc1,17000.0,4.769551078621726,0,475.5050000000002
CC(=O)N1N=C(c2ccccc2)CC1c1ccc(C(=O)OCCn2c([N+](=O)[O-])cnc2C)cc1,14040.0,4.852632892206214,0,461.47800000000024
CC(=O)NC1CCN(Cc2ccn3ncnc(Nc4ccc5c(cnn5Cc5cccc(F)c5)c4)c23)CC1,180.0,6.7447274948966935,1,512.5930000000003
CC(=O)NCCn1ccc2ncnc(Nc3ccc(Oc4cccc5sncc45)c(Cl)c3)c21,1.6,8.795880017344075,1,478.9650000000002
CC(=O)NCc1cccc(C#Cc2cncnc2Nc2ccc(OCc3cccc(F)c3)c(Cl)c2)c1,52.0,7.2839966563652006,1,500.96100000000024
CC(=O)NNC(=O)c1csc2ncc(-c3ccc(Br)cc3)n12,108.0,6.966576244513051,1,379.23900000000003
CC(=O)Nc1ccc(-c2cc3c(Nc4ccc(Oc5cccc(C(F)(F)F)c5)c(Cl)c4)ncnc3s2)cc1,879.0,6.056011124926228,1,554.981
CC(=O)Nc1ccc(C#Cc2cncnc2Nc2ccc(OCc3cccc(F)c3)c(Cl)c2)cc1,1820.0,5.739928612014925,0,486.9340000000002
CC(=O)Nc1ccc2ncnc(Nc3ccc(OCc4cccc(F)c4)c(Cl)c3)c2c1,32.3,7.490797477668897,1,436.8740000000001
CC(=O)Nc1ccc2ncnc(Nc3ccc(OCc4ccccn4)c(Cl)c3)c2c1,16.0,7.795880017344075,1,419.8720000000001
CC(=O)Nc1cccc(C#Cc2cncnc2Nc2ccc(OCc3cccc(F)c3)c(Cl)c2)c1,13.0,7.886056647693163,1,486.9340000000002
CC(=O)Nc1cccc(C#Cc2cncnc2Nc2ccc(OCc3cccc(F)c3)c(Cl)c2)n1,59.0,7.229147988357855,1,487.9220000000002
CC(=O)Nc1cccc(Oc2cc(Nc3ccc(OCc4cccc(F)c4)c(Cl)c3)ncn2)c1,135.0,6.8696662315049934,1,478.9110000000002
CC(=O)OC[C@H]1O[C@@H](N(C(C)=O)C2=NN(C(C)=O)C(c3cc(=O)oc4cc(OCC(C)C)ccc34)S2)[C@H](OC(C)=O)[C@@H](OC(C)=O)[C@@H]1OC(C)=O,130.0,6.886056647693163,1,733.7490000000003
CC(=O)OC[C@H]1O[C@@H](N(C(C)=O)C2=NN(C(C)=O)C(c3cc(=O)oc4cc(OCCC(C)C)ccc34)S2)[C@H](OC(C)=O)[C@@H](OC(C)=O)[C@@H]1OC(C)=O,130.0,6.886056647693163,1,747.7760000000003
CC(=O)OC[C@H]1O[C@@H](N(C(C)=O)C2=NN(C(C)=O)C(c3cc(=O)oc4ccc(OCCC(C)C)cc34)S2)[C@H](OC(C)=O)[C@@H](OC(C)=O)[C@@H]1OC(C)=O,130.0,6.886056647693163,1,747.7760000000003
CC(=O)OC[C@H]1O[C@@H](n2c(-c3ccccc3)cs/c2=N\N=C\c2cc(=O)oc3cc(OCCC(C)C)ccc23)[C@H](OC(C)=O)[C@@H](OC(C)=O)[C@@H]1OC(C)=O,150.0,6.823908740944319,1,763.8220000000003
CC(=O)OC[C@H]1O[C@@H](n2c(-c3ccccc3)cs/c2=N\N=C\c2cc(=O)oc3ccc(OCC(C)C)cc23)[C@H](OC(C)=O)[C@@H](OC(C)=O)[C@@H]1OC(C)=O,150.0,6.823908740944319,1,749.7950000000003
CC(=O)O[C@H]1C(=O)[C@@]2(C)[C@H]([C@H](OC(=O)c3ccccc3)[C@]3(O)C[C@H](OC(=O)[C@H](O)[C@@H](NC(=O)c4ccccc4)c4ccccc4)C(C)=C1C3(C)C)[C@]1(OC(C)=O)CO[C@@H]1C[C@@H]2O,11108.0,4.95436412892178,0,853.918
CC(=O)c1ccc2[nH]c3nccc(Nc4cccc(Cl)c4)c3c2c1,1150.0,5.939302159646388,0,335.7940000000001
CC(=O)c1ccc2[nH]c3nccc(Nc4cccc(N)c4)c3c2c1,1640.0,5.785156151952302,0,316.3640000000001
CC(=O)c1ccc2[nH]c3nccc(Nc4cccc(O)c4)c3c2c1,13.0,7.886056647693163,1,317.34800000000007
CC(=O)c1ccc2[nH]c3nccc(Nc4cccc([N+](=O)[O-])c4)c3c2c1,978.0,6.009661145212399,1,346.3460000000001
CC(C(=O)NCCn1ccc2ncnc(Nc3ccc(Oc4cccc(C(F)(F)F)c4)c(Cl)c3)c21)S(C)(=O)=O,7.1,8.148741651280925,1,582.0040000000001
CC(C(=O)NCCn1ccc2ncnc(Nc3ccc(Oc4cccc(Cl)c4)c(Cl)c3)c21)S(C)(=O)=O,4.1,8.387216143280265,1,548.4520000000003
CC(C)(/C=C(/C#N)C(=O)N1CCC[C@@H]1Cn1nc(-c2ccc(Oc3ccccc3)cc2F)c2c(N)ncnc21)N1CCOCC1,5000.0,5.301029995663981,0,610.6939999999998
CC(C)(C(=O)NCCn1ccc2ncnc(Nc3ccc(Oc4cccc(C(F)(F)F)c4)c(Cl)c3)c21)S(C)(=O)=O,17.0,7.769551078621726,1,596.0310000000002
CC(C)(C(=O)NCCn1ccc2ncnc(Nc3ccc(Oc4cccc(Cl)c4)c(Cl)c3)c21)S(C)(=O)=O,11.0,7.958607314841775,1,562.4790000000002
CC(C)(C(=O)NCCn1ccc2ncnc(Nc3ccc(Oc4cccc(Cl)c4)c(Cl)c3)c21)S(C)(=O)=O.Cc1ccc(S(=O)(=O)O)cc1,11.0,7.958607314841775,1,734.6840000000002
CC(C)(C(=O)NCCn1ccc2ncnc(Nc3ccc(Oc4cccc5sncc45)c(Cl)c3)c21)S(C)(=O)=O,2.0,8.698970004336019,1,585.1110000000002
CC(C)(C)/C=C(\C#N)C(=O)N1CCC[C@@H](n2nc(-c3ccc(Oc4ccccc4)cc3F)c3c(N)ncnc32)C1,1081.0,5.96617430604669,0,539.615
CC(C)(C)C(=O)NCCn1ccc2ncnc(Nc3ccc(Oc4cccc5sncc45)c(Cl)c3)c21,6.1,8.214670164989233,1,521.0460000000002
CC(C)(C)CC(C)(C)c1ccc(OCCOCC[N+](C)(C)Cc2ccccc2)cc1,2084.0,5.681102285372513,0,412.6380000000001
CC(C)(C)NC(=O)c1ccc(N(CCCl)CCCl)cc1,46100.0,4.336299074610352,0,317.26
CC(C)(C)NC(=O)c1cccc(Oc2ccc(Nc3ncnc4ccn(CCO)c34)cc2Cl)c1,2.3,8.638272163982407,1,479.9680000000002
CC(C)(C)Oc1cc(/C=C(\C#N)C(=N)S)cc(C(C)(C)C)c1O,1000.0,6.0,1,332.4690000000001
CC(C)(C)S(=O)(=O)CC(=O)NCCn1ccc2ncnc(Nc3ccc(Oc4cccc(C(F)(F)F)c4)c(Cl)c3)c21,14.0,7.853871964321762,1,610.0580000000001
CC(C)(C)c1cc(/C=C(\C#N)C(N)=S)cc(C(C)(C)C)c1O,1000.0,6.0,1,316.47
CC(C)(C)c1cc(/C=C2\C(=O)Nc3ccccc32)cc(C(C)(C)C)c1O,64900.0,4.187755303199631,0,349.47400000000016
CC(C)(C)c1ccc(C(=O)CCCN2CCC(OC(c3ccccc3)c3ccccc3)CC2)cc1,1057.5,5.97571962395292,0,469.6690000000001
CC(C)(C)c1ccc(Nc2ncnc3cc4oc(=O)n(CCOC(=O)CBr)c4cc23)cc1,6200.0,5.207608310501746,0,499.36500000000024
CC(C)(C)c1cnc(CSc2cnc(NC(=O)C3CCNCC3)s2)o1,25000.0,4.6020599913279625,0,380.53900000000016
CC(C)(C)c1cnc(CSc2cnc(NC(=O)Cc3ccc(CNC(CO)CO)cc3)s2)o1,25000.0,4.6020599913279625,0,490.65100000000024
CC(C)(CO)C(=O)NCCn1ccc2ncnc(Nc3ccc(Oc4cccc5sncc45)c(Cl)c3)c21,3.3,8.481486060122112,1,537.0450000000002
CC(C)(N)C(=O)NCCn1ccc2ncnc(Nc3ccc(Oc4cccc5sncc45)c(Cl)c3)c21,0.98,9.008773924307505,1,522.0340000000002
CC(C)(O)C(=O)NCCn1ccc2ncnc(Nc3ccc(Oc4cccc(C(F)(F)F)c4)c(Cl)c3)c21,15.0,7.823908740944319,1,533.9380000000002
CC(C)(O)C(=O)NCCn1ccc2ncnc(Nc3ccc(Oc4cccc5sncc45)c(Cl)c3)c21,2.2,8.657577319177793,1,523.0180000000003
CC(C)(O)CC(=O)NCCc1ccc2ncnc(Nc3ccc(Oc4cccc(C(F)(F)F)c4)c(Cl)c3)c2c1,19.0,7.721246399047171,1,558.9880000000002
CC(C)(O)CC(=O)NCCn1ccc2ncnc(Nc3ccc(Oc4cccc(C(F)(F)F)c4)c(Cl)c3)c21,11.525,7.9383590659383145,1,547.9650000000001
CC(C)(Oc1cccc2ncnc(Nc3ccc(OCc4ccccn4)c(Cl)c3)c12)C(N)=O,2.0,8.698970004336019,1,463.9250000000002
CC(C)C(=O)N(C)C1CN[C@H](C(=O)N2CC=C(c3ccccc3)CC2)[C@@H](C(=O)NO)C1,15.5,7.809668301829708,1,428.5330000000002
CC(C)C(=O)N(C)C1CN[C@H](C(=O)N2CC[C@H](c3ccccc3)C2)[C@@H](C(=O)NO)C1,52.0,7.2839966563652006,1,416.5220000000001
CC(C)CO/N=C/c1c(N)ncnc1Nc1ccc2c(cnn2Cc2cccc(F)c2)c1,173.0,6.761953896871205,1,433.49100000000016
CC(C)COC(=O)Nc1ccc(-c2cnc3c(-c4ccc(N5CCN(C)CC5)cc4)cnn3c2N)cc1,10000.0,5.0,0,499.6190000000003
CC(C)COc1cc(N2CCC(N3CCCCC3)CC2)ccc1Nc1nccc(-c2c(-c3cccc(C(=O)Nc4c(F)cccc4F)c3)nc3ccccn23)n1,100.0,7.0,1,756.902
CC(C)C[C@H](NC(=O)[C@H](Cc1ccccc1)NC(=O)c1cnccn1)B1OC(C)(C)C(C)(c2ccc(C(=O)N3CCC(COc4ccc(-n5c(O)nnc5-c5cc(C(C)C)c(O)cc5O)cc4)CC3)cc2)O1,407.0,6.39040559077478,1,978.9569999999997
CC(C)C[C@H](NC(=O)[C@H](Cc1ccccc1)NC(=O)c1cnccn1)B1OC(C)(C)C2(CCN(C(=O)CCn3ccc4cc(-n5c(O)nnc5-c5cc(C(C)C)c(O)cc5O)ccc43)CC2)O1,2118.0,5.674074044228534,0,911.8699999999999
CC(C)C[C@H](NC(=O)[C@H](Cc1ccccc1)NC(=O)c1cnccn1)B1O[C@H]2C[C@H]3C[C@H](C3(C)C)[C@@]2(CC(=O)N2CCC(CCn3ccc4cc(N(C(=N)c5cc(C(C)C)c(O)cc5O)C(N)=O)ccc43)CC2)O1,117.0,6.931814138253839,1,1008.0429999999996
CC(C)C[C@H](NC(O)[C@H](Cc1ccccc1)NC(=O)c1cnccn1)B1OC(C)(C)C(C)(c2ccc(C(=O)N3CCC(CCn4ccc5cc(-n6c(O)nnc6-c6cc(C(C)C)c(O)cc6O)ccc54)CC3)cc2)O1,5000.0,5.301029995663981,0,1018.0379999999996
CC(C)C[C@H](NC(O)[C@H](Cc1ccccc1)NC(=O)c1cnccn1)B1OC(C)(C)C(C)(c2ccc(C(=O)N3CCN(Cc4ccc(-n5c(O)nnc5-c5cc(C(C)C)c(O)cc5O)cc4)CC3)cc2)O1,710.0,6.1487416512809245,1,965.9619999999996
CC(C)C[C@H](NC(O)[C@H](Cc1ccccc1)NC(=O)c1cnccn1)B1OC(C)(C)C(C)(c2ccc(C(=O)N3CCN(c4ccc(-n5c(O)nnc5-c5cc(C(C)C)c(O)cc5O)cc4)CC3)cc2)O1,5000.0,5.301029995663981,0,951.9349999999997
CC(C)C[C@H](NC(O)[C@H](Cc1ccccc1)NC(=O)c1cnccn1)B1OC(C)(C)C(C)(c2ccc(C(=O)N3CCc4ccc(-n5c(O)nnc5-c5cc(C(C)C)c(O)cc5O)cc4C3)cc2)O1,5000.0,5.301029995663981,0,922.8929999999998
CC(C)Cc1cc(N2CCC(N3CCCCC3)CC2)ccc1Nc1nccc(-c2c(-c3cccc(C(=O)Nc4c(F)cccc4F)c3)nc3ccccn23)n1,100.0,7.0,1,740.903
CC(C)N(C)C/C=C/C(=O)N1CCOc2c1ccc1ncnc(Nc3ccc(OCc4ccccn4)c(Cl)c3)c21,50.0,7.301029995663981,1,559.0700000000002
CC(C)N(C)C/C=C/C(=O)N1CCOc2c1ccc1ncnc(Nc3ccc(Oc4ccn5ncnc5c4)c(Cl)c3)c21,50.0,7.301029995663981,1,585.0680000000001
CC(C)N(C)CC#CC(=O)Nc1ccc2ncnc(Nc3cccc(Br)c3)c2c1,113.0,6.94692155651658,1,452.3560000000001
CC(C)N(CC#CC(=O)Nc1cc2c(Nc3ccc(F)c(Cl)c3)ncnc2cn1)C(C)C,518.0,6.285670240254767,1,454.9370000000001
CC(C)N(CC#CC(=O)Nc1ccc2ncc(C#N)c(Nc3cccc(Br)c3)c2c1)C(C)C,320.0,6.494850021680094,1,504.43200000000013
CC(C)N(CC#CC(=O)Nc1ccc2ncnc(Nc3ccc(F)c(Cl)c3)c2c1)C(C)C,33.9,7.4698003017969175,1,453.9490000000001
CC(C)N(CC#CC(=O)Nc1ccc2ncnc(Nc3cccc(Br)c3)c2c1)C(C)C,162.0,6.790484985457369,1,480.41000000000014
CC(C)N1CCC(N2CCC(n3nc(-c4ccc(Nc5nc6cccc(Cl)c6o5)cc4)c4c(N)ncnc43)CC2)CC1,15.1,7.82102305270683,1,586.1439999999999
CC(C)N1CCN([C@H]2CC[C@@H](n3nc(-c4ccc(Nc5nc6cccc(Cl)c6o5)cc4)c4c(N)ncnc43)CC2)CC1,62.0,7.2076083105017466,1,586.1439999999999
CC(C)N1CCN([C@H]2CC[C@H](n3nc(-c4ccc(Nc5nc6cccc(Cl)c6o5)cc4)c4c(N)ncnc43)CC2)CC1,9.8,8.008773924307505,1,586.1439999999999
CC(C)NC(=O)c1cccc2[nH]c(-c3n[nH]c4ncc(-c5cncc6ccccc56)cc34)nc12,10000.0,5.0,0,447.5020000000002
CC(C)NC(CS(C)(=O)=O)c1ccc(-c2ccc3ncnc(Nc4ccc(OCc5cccc(F)c5)c(Cl)c4)c3c2)o1,48.3,7.316052869248487,1,609.1230000000002
CC(C)NC/C=C/C(=O)N1CCOc2c1ccc1ncnc(Nc3ccc(OCc4ccccn4)c(Cl)c3)c21,50.0,7.301029995663981,1,545.0430000000001
CC(C)NC/C=C/C(=O)Nc1ccc2ncnc3c2c1C=CN3c1ccc(OCc2ccccn2)c(Cl)c1,2.9,8.537602002101044,1,527.0280000000002
CC(C)NC/C=C/C(=O)Nc1ccc2ncnc3c2c1CCN3c1ccc(OCc2ccccn2)c(Cl)c1,2.52,8.598599459218455,1,529.0440000000003
CC(C)NCCCn1c(Cc2cc3c(cc2I)OCO3)nc2c(N)nc(F)nc21,80.0,7.096910013008056,1,512.3270000000002
CC(C)NCCCn1c(Sc2cc3c(cc2Br)OCO3)nc2c(N)ncnc21,205.0,6.688246138944246,1,465.3770000000002
CC(C)NCCCn1c(Sc2cc3c(cc2I)OCO3)nc2c(N)ncnc21,100.0,7.0,1,512.3770000000002
CC(C)NCc1cccc2[nH]c(-c3n[nH]c4ncc(-c5cncc6ccccc56)cc34)nc12,100000.0,4.0,0,433.5190000000002
CC(C)Nc1ncnn2ccc(CN3CCC(N)CC3)c12,880.0,6.055517327849832,1,288.39900000000006
CC(C)O/N=C/c1c(N)ncnc1Nc1ccc2c(cnn2Cc2cccc(F)c2)c1,25.0,7.6020599913279625,1,419.46400000000017
CC(C)OC(=O)N(C)C1CN[C@H](C(=O)N2CC=C(c3ccccc3)CC2)[C@@H](C(=O)NO)C1,8.5,8.070581074285707,1,444.5320000000002
CC(C)OCCOc1cc2ncnc(Nc3ccc(F)c(Cl)c3)c2cc1NC(=O)/C=C/CN(C)C,83.82,7.076652343502174,1,501.99000000000024
CC(C)OCc1cccc2[nH]c(-c3n[nH]c4ncc(-c5cncc6ccccc56)cc34)nc12,100000.0,4.0,0,434.50300000000016
CC(C)O[C@@H]1[C@H](OC(C)C)[C@@H](COC(=O)CCCC(=O)Oc2ccc(/C=C/[N+](=O)[O-])cc2)O[C@H]1n1cnc2c(N)ncnc21,4500.0,5.346787486224656,0,612.6399999999999
CC(C)Oc1cc(F)ccc1Nc1ncnc2ccc(-c3ccc(C(=O)N4CCNCC4)cc3)nc12,7491.0,5.1254602029289895,0,486.55100000000033
CC(C)Oc1cc(N2CCC(N3CCCCC3)CC2)ccc1Nc1nccc(-c2c(-c3cccc(C(=O)Nc4c(F)cccc4F)c3)nc3ccccn23)n1,100.0,7.0,1,742.8750000000001
CC(C)Oc1cc2c(Nc3ccc(Cl)c(Cl)c3)ncnc2cc1OCC1CN(C)CCO1,50.0,7.301029995663981,1,477.39200000000034
CC(C)Oc1cc2c(Nc3ccc(Cl)c(Cl)c3)ncnc2cc1OCC1CNCCO1,50.0,7.301029995663981,1,463.3650000000003
CC(C)S(=O)(=O)CC(=O)NCCn1ccc2ncnc(Nc3ccc(Oc4cccc(C(F)(F)F)c4)c(Cl)c3)c21,11.0,7.958607314841775,1,596.0310000000001
CC(C)S(=O)(=O)CCNCc1ccc(-c2ccc3ncnc(Nc4ccc(OCc5cccc(F)c5)c(Cl)c4)c3c2)o1,24.0,7.619788758288394,1,609.1230000000002
CC(C)c1cc(/C=C2\C(=O)Nc3ccc(Cl)cc32)cc(C(C)C)c1O,8200.0,5.086186147616283,0,355.8650000000001
CC(C)c1cc(/C=C2\C(=O)Nc3ccccc32)cc(C(C)C)c1O,7000.0,5.154901959985743,0,321.4200000000001
CC(C)c1ccc(-c2n[nH]nc2C#N)cc1,13500.0,4.8696662315049934,0,212.256
CC(C)c1ccc(/C=C2/C(=O)Nc3ccccc32)cc1,16900.0,4.772113295386326,0,263.34
CC(C)c1ccc(NC(=O)c2ccc(N(CCCl)CCCl)cc2)cc1,2320.0,5.634512015109101,0,379.331
CC(C)c1cccc(C2CCN(C(=O)[C@H]3CC[C@H](CC(=O)N4CCCCC4)C[C@@H]3C(=O)NO)CC2)c1,67.0,7.173925197299173,1,497.68000000000035
CC(C)n1c2c(c3c1-c1ccccc1C3=O)C(=O)CCC2,35000.0,4.455931955649724,0,279.33900000000006
CC(C)n1cc(C(=O)Nc2cc(F)c(-c3c[nH]c4ncnc(N)c34)cc2F)c(=O)c(-c2ccc(F)cc2)c1,1000.0,6.0,1,518.4990000000003
CC(NC(=O)/C(C#N)=C/c1ccc(O)c(O)c1)c1ccccc1,37076.759999999995,4.430898224247088,0,308.337
CC(NC(=O)c1ccc(C2CC2)c(-c2ccc3nc(Nc4cnn(C5CC5)c4)ncc3c2)c1)c1cccc(C(F)(F)F)c1,1000.0,6.0,1,582.6300000000003
CC(NC(=O)c1ccc2[nH]nc(-c3ccncc3)c2c1)c1cccc(Cl)c1,1000.0,6.0,1,376.8470000000001
CC(NC(=O)c1cccc(C(F)(F)F)c1)c1ccc(C2CC2)c(-c2ccc3nc(Nc4cnn(C5CC5)c4)ncc3c2)c1,1000.0,6.0,1,582.6300000000002
CC(Oc1ccc(Nc2ncnc3ccc4c(c23)OCCN4C(=O)/C=C/CN(C)C)cc1)c1cccc(F)c1,50.0,7.301029995663981,1,527.6000000000003
CC(Oc1ccc(Nc2ncnc3ccc4c(c23)OCCN4C(=O)/C=C/CN(C)C)cc1)c1ccccn1,50.0,7.301029995663981,1,510.59800000000024
CC(c1cccc(F)c1)n1ncc2cc(Nc3ncnc4cc(C#C[C@@H]5C[C@@H](OC(=O)N6CCOCC6)CN5)sc34)ccc21,130.0,6.886056647693163,1,611.7030000000003
CC/C(=C(\c1ccccc1)c1ccc(OCCN(C)C)cc1)c1ccccc1,2949.0,5.530325227448202,0,371.524
CC1(C)C(=O)N([C@H]2CCc3c(O)cccc32)c2nc(Nc3ccccc3)ncc21,10000.0,5.0,0,386.45500000000004
CC1(C)CC2=Nc3ccccc3NC(c3cccc(O)c3O)C2=C(O)C1,61000.0,4.214670164989233,0,350.4180000000001
CC1(C)OB(c2ccc3ncnc(Nc4ccc(F)c(Cl)c4)c3c2)OC1(C)C,1000.0,6.0,1,399.66200000000015
CC1(C)OB(c2ccc3ncnc(Nc4cccc(Cl)c4)c3c2)OC1(C)C,1000.0,6.0,1,381.67200000000014
CC1(C)c2cc(C3CCN(C4COC4)CC3)ccc2C(=O)c2c1[nH]c1cc(C#N)ccc21,50000.0,4.301029995663981,0,425.53200000000015
CC1(C)c2cc(C3CCN(CC4CCOCC4)CC3)ccc2C(=O)c2c1[nH]c1cc(C#N)ccc21,1000.0,6.0,1,467.61300000000017
CC1(C)c2cc(OCCN3CCOCC3)ccc2C(=O)c2c1oc1cc(C#Cc3cc(OCC4CC4)ccn3)ccc21,10000.0,5.0,0,562.6660000000003
CC1(N)CCN(Cc2ccn3ncnc(Nc4ccc5c(cnn5Cc5cccc(F)c5)c4)c23)CC1,43.0,7.366531544420414,1,484.5830000000003
CC1(O)CCN(C/C=C/C(=O)N2CCOc3c2ccc2ncnc(Nc4ccc(OCc5ccccn5)c(Cl)c4)c32)CC1,50.0,7.301029995663981,1,601.107
CC1=C(c2ccccc2)CCN(C(=O)[C@H]2NCC3(CC3)C[C@@H]2C(=O)NO)C1,1000.0,6.0,1,369.4650000000001
CC1=CC(=O)c2c(O)cccc2C1=O,30800.0,4.511449283499556,0,188.182
CC1CCCCN1C/C=C/C(=O)N1CCOc2cc3ncnc(Nc4ccc(F)c(Cl)c4)c3cc21,384.0,6.4156687756324695,1,495.9860000000001
CC1CCN(C/C=C/C(=O)N2CCOc3cc4ncnc(Nc5ccc(F)c(Cl)c5)c4cc32)CC1,337.0,6.4723700991286615,1,495.9860000000002
CC1CNCCN(Cc2ccn3ncnc(Nc4ccc5c(cnn5Cc5cccc(F)c5)c4)c23)C1,74.0,7.130768280269024,1,484.5830000000003
CCC(=O)N1CCC[C@@H](n2nc(-c3ccc(Oc4ccc5c(c4)ncn5C)c(C)c3)c3c(C)ncnc32)C1,5000.0,5.301029995663981,0,509.61400000000026
CCC(=O)N1CCOC(COc2cc3ncnc(Nc4ccc(Cl)c(Cl)c4)c3cc2OC)C1,50.0,7.301029995663981,1,491.37500000000017
CCC(=O)N1CC[C@H](Nc2ncnc3c2CN(c2cnc(OC)c(C(F)(F)F)c2)CC3)C1,10000.0,5.0,0,450.4650000000002
CCC(=O)NNC(=O)c1csc2ncc(-c3ccc(C)cc3)n12,244.0,6.61261017366127,1,328.39700000000005
CCC(=O)Nc1cc2c(Nc3ccc(F)c(Cl)c3)ncnc2cc1OC,406.0,6.391473966422806,1,374.80300000000005
CCC(=O)Nc1cc2c(Nc3ccc(F)c(Cl)c3)ncnc2cc1OCCCN1CCOCC1,509.0,6.293282217663241,1,487.96300000000036
CCC(=O)Nc1cc2c(Nc3ccc(NS(=O)(=O)c4ccccc4)cc3)ncnc2cc1OC,798.0,6.09799710864927,1,477.54600000000016
CCC(=O)Nc1cc2c(Nc3ccc(NS(=O)(=O)c4ccccc4)nc3)ncnc2cc1OC,958.0,6.018634490921456,1,478.53400000000016
CCC(=O)Nc1cc2c(Nc3ccc(OCc4cccc(F)c4)c(Cl)c3)ncnc2cc1OC,458.0,6.33913452199613,1,480.9270000000001
CCC(=O)Nc1cc2c(Nc3ccc(OCc4ccccc4)cc3)ncnc2cc1OC,404.0,6.393618634889395,1,428.4920000000001
CCC(=O)Nc1cc2c(Nc3ccc(OCc4ccccn4)cc3)ncnc2cc1OC,815.0,6.088842391260023,1,429.4800000000001
CCC(=O)Nc1cc2c(Nc3ccc(Oc4ccccc4)cc3)ncnc2cc1OC,419.0,6.377785977033705,1,414.4650000000001
CCC(=O)Nc1cc2c(Nc3ccc4[nH]ccc4c3)ncnc2cc1OC,800.0,6.096910013008056,1,361.4050000000001
CCC(=O)Nc1cc2c(Nc3ccc4c(c3)CCN4Cc3ccccc3)ncnc2cc1OC,556.0,6.2549252084179425,1,453.54600000000016
CCC(=O)Nc1cc2c(Nc3ccc4c(c3)CCN4Cc3ccccn3)ncnc2cc1OC,897.0,6.047207556955908,1,454.53400000000016
CCC(=O)Nc1cc2c(Nc3ccc4c(ccn4Cc4ccccc4)c3)ncnc2cc1OC,124.0,6.906578314837765,1,451.53000000000014
CCC(=O)Nc1cc2c(Nc3ccc4c(ccn4Cc4ccccn4)c3)ncnc2cc1OC,642.0,6.192464971931146,1,452.51800000000014
CCC(=O)Nc1cc2c(Nc3ccc4c(ccn4Cc4ccco4)c3)ncnc2cc1OC,782.0,6.106793246940152,1,441.49100000000016
CCC(=O)Nc1cc2c(Nc3ccc4c(ccn4S(=O)(=O)c4ccccc4)c3)ncnc2cc1OC,286.0,6.543633966870957,1,501.5680000000002
CCC(=O)Nc1cc2c(Nc3ccc4c(cnn4Cc4ccccc4)c3)ncnc2cc1OC,153.0,6.815308569182402,1,452.51800000000014
CCC(=O)ON[C@H](CS(C)(=O)=O)c1ccc(-c2ccc3ncnc(Nc4ccc(OCc5cccc(F)c5)c(Cl)c4)c3c2)o1,152.0,6.818156412055227,1,639.1050000000002
CCC(=O)O[C@H]1CN[C@H](C#Cc2cc3ncnc(Nc4ccc(OCc5cccc(F)c5)c(Cl)c4)c3s2)C1,90.0,7.045757490560675,1,551.0430000000001
CCC(C)NCCCn1c(Sc2cc(OC)ccc2I)nc2c(N)ncnc21,210.0,6.6777807052660805,1,512.421
CCC(CC)NCCCn1c(Sc2cc(OC)ccc2I)nc2c(N)ncnc21,210.0,6.6777807052660805,1,526.4480000000001
CCC(NC(=O)c1ccc(C2CC2)c(-c2ccc3nc(Nc4cnn(C5CC5)c4)ncc3c2)c1)c1cccc(C(F)(F)F)c1,1000.0,6.0,1,596.6570000000003
CCC1=C2C(Nc3ccc4c(cnn4Cc4cccc(F)c4)c3)=NC=NC2N=C1NC(=O)OC[C@@H]1COCCN1,22.0,7.657577319177793,1,544.5910000000001
CCC1=C2C(Nc3ccc4c(cnn4Cc4ccccc4)c3)=NC=NC2N=C1NC(=O)OCC1CCCCN1,30.0,7.522878745280337,1,524.6290000000004
CCC1=C2C(Nc3ccc4c(cnn4Cc4ccccc4)c3)=NC=NC2N=C1NC(=O)OCC1CCCNC1,29.0,7.5376020021010435,1,524.6290000000002
CCC1=C2C(Nc3ccc4c(cnn4Cc4ccccc4)c3)=NC=NC2N=C1NC(=O)OCC1CCNCC1,23.0,7.638272163982407,1,524.6290000000002
CCC1=C2C(Nc3ccc4c(cnn4Cc4ccccc4)c3)=NC=NC2N=C1NC(=O)OCCC1CCNCC1,37.0,7.431798275933005,1,538.6560000000002
CCC1=C2C(Nc3ccc4c(cnn4Cc4ccccc4)c3)=NC=NC2N=C1NC(=O)OCCN1CCCCC1,28.0,7.552841968657781,1,538.6560000000002
CCC1=C2C(Nc3ccc4c(cnn4Cc4ccccc4)c3)=NC=NC2N=C1NC(=O)OCCN1CCNCC1,18.0,7.7447274948966935,1,539.6440000000001
CCC1=C2C(Nc3ccc4c(cnn4Cc4ccccc4)c3)=NC=NC2N=C1NC(=O)OCCN1CCOCC1,77.0,7.113509274827518,1,540.6280000000002
CCC1=C2C(Nc3ccc4c(cnn4Cc4ccccc4)c3)=NC=NC2N=C1NC(=O)OCCn1ccnc1,44.0,7.356547323513812,1,521.5850000000003
CCC1=C2C(Nc3ccc4c(cnn4Cc4ccccc4)c3)=NC=NC2N=C1NC(=O)OC[C@@H]1COCCN1,21.0,7.6777807052660805,1,526.6010000000003
CCC1=C2C(Nc3ccc4c(cnn4Cc4ccccc4)c3)=NC=NC2N=C1NC(=O)O[C@H]1CC[C@@](C)(N)CC1,20.0,7.698970004336019,1,538.6560000000002
CCC1=C2C(Nc3ccc4c(cnn4Cc4ccccc4)c3)=NC=NC2N=C1NC(=O)O[C@H]1CC[C@H](N)CC1,18.0,7.7447274948966935,1,524.6290000000002
CCC1Cc2nc(COc3cc4ncnc(Nc5ccc(Cl)c(Cl)c5)c4cc3OC)sc2CN1,10500.0,4.978810700930062,0,516.4540000000003
CCCC#CC(=O)Nc1cc2c(Nc3ccc(F)c(Cl)c3)ncnc2cn1,86.9,7.060980223551334,1,383.8140000000001
CCCCC#CC(=O)Nc1cc2c(Nc3ccc(F)c(Cl)c3)ncnc2cn1,12.7,7.896196279044043,1,397.8410000000001
CCCCC(=O)ON[C@H](CS(C)(=O)=O)c1ccc(-c2ccc3ncnc(Nc4ccc(OCc5cccc(F)c5)c(Cl)c4)c3c2)o1,163.8,6.785686102575601,1,667.1590000000002
CCCCCCC(=O)ON[C@H](CS(C)(=O)=O)c1ccc(-c2ccc3ncnc(Nc4ccc(OCc5cccc(F)c5)c(Cl)c4)c3c2)o1,158.2,6.800793520838342,1,695.2130000000003
CCCCCCCCCCCCCCCC[n+]1ccccc1,1878.0,5.726304412069908,0,304.5419999999999
CCCCCCCCCCCCNC(=O)c1ccc(N(CCCl)CCCl)cc1,50000.0,4.301029995663981,0,429.4760000000001
CCCCCOc1ccc(Nc2c(C#N)cnc3cc(OCC)c(NC(=O)/C=C/CN(C)C)cc23)cc1Cl,1477.0,5.830619504688051,0,536.0760000000004
CCCCCOc1ccc2oc(=O)cc(/C=N/N=c3\scc(-c4ccccc4)n3[C@@H]3O[C@H](COC(C)=O)[C@@H](OC(C)=O)[C@H](OC(C)=O)[C@H]3OC(C)=O)c2c1,150.0,6.823908740944319,1,763.8220000000001
CCCCCOc1ccc2oc(=O)cc(C3SC(N(C(C)=O)[C@@H]4O[C@H](COC(C)=O)[C@@H](OC(C)=O)[C@H](OC(C)=O)[C@H]4OC(C)=O)=NN3C(C)=O)c2c1,130.0,6.886056647693163,1,747.7760000000002
CCCCN(CC#CC(=O)Nc1cc2c(Nc3ccc(F)c(Cl)c3)ncnc2cn1)CCCC,193.5,6.71331903064507,1,482.99100000000027
CCCCN(CC#CC(=O)Nc1ccc2ncnc(Nc3ccc(F)c(Cl)c3)c2c1)CCCC,248.0,6.605548319173784,1,482.00300000000027
CCCCN(CCCC)C(=O)c1ccc(N(CCCl)CCCl)cc1,44510.0,4.351542405717478,0,373.36800000000005
CCCCN(Cc1cc(Br)cc(Br)c1O)C(=O)Nc1ccccc1,50000.0,4.301029995663981,0,456.1780000000001
CCCCN(Cc1cc(Br)cc(Br)c1O)C(=S)Nc1ccccc1,50000.0,4.301029995663981,0,472.2460000000001
CCCCN(Cc1cc(C)cc(C)c1O)C(=O)Nc1ccccc1,50000.0,4.301029995663981,0,326.44
CCCCN(Cc1cc(Cl)cc(Cl)c1O)C(=O)Nc1ccccc1,50000.0,4.301029995663981,0,367.27600000000007
CCCCN(Cc1cc(Cl)cc(Cl)c1O)C(=S)Nc1ccccc1,39780.0,4.400335221211583,0,383.34400000000005
CCCCN(Cc1cccc(Br)c1O)C(=O)Nc1ccccc1,50000.0,4.301029995663981,0,377.28200000000004
CCCCN(Cc1cccc(Br)c1O)C(=S)Nc1ccccc1,39510.0,4.403292970318554,0,393.35
CCCCN(Cc1cccc(C)c1O)C(=O)Nc1ccccc1,50000.0,4.301029995663981,0,312.413
CCCCN(Cc1cccc(C)c1O)C(=S)Nc1ccccc1,50000.0,4.301029995663981,0,328.48100000000005
CCCCN(Cc1cccc(Cl)c1O)C(=O)Nc1ccccc1,50000.0,4.301029995663981,0,332.831
CCCCN(Cc1cccc(Cl)c1O)C(=S)Nc1ccccc1,32540.0,4.48758245139916,0,348.899
CCCCN1CCOC(COc2cc3ncnc(Nc4ccc(Cl)c(Cl)c4)c3cc2OC)C1,50.0,7.301029995663981,1,491.41900000000027
CCCCNC(=O)c1ccc(N(CCCl)CCCl)cc1,30060.0,4.52201102374911,0,317.25999999999993
CCCCOc1cc(Nc2ccc(S(N)(=O)=O)cc2)nc(N)c1C(=O)c1c(F)cccc1F,100000.0,4.0,0,476.50500000000017
CCCCOc1ccc2oc(=O)cc(C3SC(N(C(C)=O)[C@@H]4O[C@H](COC(C)=O)[C@@H](OC(C)=O)[C@H](OC(C)=O)[C@H]4OC(C)=O)=NN3C(C)=O)c2c1,130.0,6.886056647693163,1,733.7490000000001
CCCCc1oc2ccccc2c1C(=O)c1cc(I)c(OCCN(CC)CC)c(I)c1,9148.0,5.038673844065289,0,645.3190000000002
CCCCn1c(Cc2cc(OC)c(OC)c(OC)c2)nc2c(N)ncnc21,40000.0,4.3979400086720375,0,371.44100000000003
CCCCn1c(Cc2cc(OC)ccc2Br)nc2c(N)ncnc21,8000.0,5.096910013008056,0,390.2850000000001
CCCCn1c(Cc2cc(OC)ccc2Cl)nc2c(N)ncnc21,20000.0,4.698970004336019,0,345.83400000000006
CCCCn1c(Cc2cc(OC)ccc2I)nc2c(N)ncnc21,5000.0,5.301029995663981,0,437.2850000000001
CCCCn1c(Cc2cc(OC)ccc2OC)nc2c(N)ncnc21,12000.0,4.920818753952375,0,341.4150000000001
CCCCn1c(S(=O)(=O)c2cc(OC)c(OC)c(OC)c2)nc2c(N)ncnc21,310000.0,3.5086383061657274,0,421.47900000000016
CCCCn1c(Sc2cc(OC)ccc2OC)nc2c(N)ncnc21,3500.0,5.455931955649724,0,359.4550000000001
CCCN(C/C=C/C(=O)Nc1ccc2ncnc(Nc3cccc(Br)c3)c2c1)CCC,1428.0,5.845271792559845,0,482.42600000000016
CCCN(CC#CC(=O)Nc1ccc2ncc(C#N)c(Nc3cccc(Br)c3)c2c1)CCC,370.0,6.431798275933005,1,504.4320000000002
CCCN(CC#CC(=O)Nc1ccc2ncnc(Nc3cccc(Br)c3)c2c1)CCC,177.0,6.752026733638194,1,480.4100000000002
CCCN(CCC)C(=O)c1ccc(N(CCCl)CCCl)cc1,39640.0,4.401866354186763,0,345.3140000000001
CCCN(CCS(C)(=O)=O)Cc1ccc(-c2ccc3ncnc(Nc4ccc(OCc5cccc(F)c5)c(Cl)c4)c3c2)o1,20.0,7.698970004336019,1,623.1500000000002
CCCN1CCC(c2cc(OC)c(Nc3nccc(-c4c(-c5ccc(OC)c(C(=O)Nc6c(F)cccc6F)c5)nc5ccccn45)n3)cc2C)CC1,1000.0,6.0,1,717.8209999999999
CCCN1CCC(c2cc(OC)c(Nc3nccc(-c4c(-c5ccc(OCC)c(C(=O)Nc6c(F)cccc6F)c5)nc5ccccn45)n3)cc2C)CC1,1000.0,6.0,1,731.848
CCCN1CCC(c2cc(OC)c(Nc3nccc(-c4c(-c5cccc(C(=O)Nc6c(F)cccc6F)c5)nc5ccccn45)n3)cc2C)CC1,100.0,7.0,1,687.7949999999998
CCCN1CCC(c2ccc(Nc3nccc(-c4c(-c5ccc(OC)c(C(=O)Nc6c(F)cccc6F)c5)nc5ccccn45)n3)c(OC)c2)CC1,1000.0,6.0,1,703.7939999999999
CCCN1CCC(c2ccc(Nc3nccc(-c4c(-c5ccc(OC)c(C(=O)Nc6c(F)cccc6F)c5)nc5ccccn45)n3)c(OCC)c2)CC1,1000.0,6.0,1,717.8209999999998
CCCN1CCC(c2ccc(Nc3nccc(-c4c(-c5ccc(OCC)c(C(=O)Nc6c(F)cccc6F)c5)nc5ccccn45)n3)c(OCC)c2)CC1,1000.0,6.0,1,731.8479999999998
CCCN1CCC(c2ccc(Nc3nccc(-c4c(-c5cccc(C(=O)Nc6c(F)cccc6F)c5)nc5ccccn45)n3)c(OC)c2)CC1,100.0,7.0,1,673.7679999999999
CCCN1CCC(c2ccc(Nc3nccc(-c4c(-c5cccc(C(=O)Nc6c(F)cccc6F)c5)nc5ccccn45)n3)c(OCC)c2)CC1,100.0,7.0,1,687.7949999999998
CCCN1CCCOC(COc2cc3ncnc(Nc4ccc(Cl)c(Cl)c4)c3cc2OC)C1,5275.0,5.2777775360302694,0,491.41900000000027
CCCN1CCN(c2ccc(Nc3nccc(-c4c(-c5ccc(OC)c(C(=O)Nc6c(F)cccc6F)c5)nc5ccccn45)n3)c(OC)c2)CC1,1000.0,6.0,1,704.7819999999999
CCCN1CCN(c2ccc(Nc3nccc(-c4c(-c5ccc(OC)c(C(=O)Nc6c(F)cccc6F)c5)nc5ccccn45)n3)c(OCC)c2)CC1,1000.0,6.0,1,718.8089999999999
CCCN1CCN(c2ccc(Nc3nccc(-c4c(-c5ccc(OCC)c(C(=O)Nc6c(F)cccc6F)c5)nc5ccccn45)n3)c(OC)c2)CC1,1000.0,6.0,1,718.809
CCCN1CCN(c2ccc(Nc3nccc(-c4c(-c5ccc(OCC)c(C(=O)Nc6c(F)cccc6F)c5)nc5ccccn45)n3)c(OCC)c2)CC1,1000.0,6.0,1,732.8359999999999
CCCN1CCN(c2ccc(Nc3nccc(-c4c(-c5cccc(C(=O)Nc6c(F)cccc6F)c5)nc5ccccn45)n3)c(OC)c2)CC1,100.0,7.0,1,674.756
CCCN1CCN(c2ccc(Nc3nccc(-c4c(-c5cccc(C(=O)Nc6c(F)cccc6F)c5)nc5ccccn45)n3)c(OCC)c2)CC1,100.0,7.0,1,688.7829999999999
CCCNCc1cncc(-c2cnc3[nH]nc(-c4nc5c(COC)cccc5[nH]4)c3c2)c1,10000.0,5.0,0,427.51200000000017
CCCOCCOc1cc2ncnc(Nc3ccc(F)c(Cl)c3)c2cc1NC(=O)/C=C/CN(C)C,131.8,6.880084589742009,1,501.99000000000024
CCCOc1cc(N2CCC(N3CCCCC3)CC2)ccc1Nc1nccc(-c2c(-c3cccc(C(=O)Nc4c(F)cccc4F)c3)nc3ccccn23)n1,100.0,7.0,1,742.875
CCCS(=O)(=O)CCNCc1ccc(-c2ccc3ncnc(Nc4ccc(OCc5cccc(F)c5)c(Cl)c4)c3c2)o1,26.0,7.585026652029182,1,609.1230000000002
CCCc1c(C(=O)OCC)cn2ncnc(Nc3ccc4c(cnn4Cc4ccccc4)c3)c12,1200.0,5.920818753952375,0,454.5340000000002
CCCc1cc(C2CCN(CCS(C)(=O)=O)CC2)ccc1Nc1nccc(-c2c(-c3ccc(OC)c(C(=O)Nc4c(F)cccc4F)c3)nc3ccccn23)n1,1000.0,6.0,1,779.9140000000001
CCCc1cc(C2CCN(CCS(C)(=O)=O)CC2)ccc1Nc1nccc(-c2c(-c3ccc(OCC)c(C(=O)Nc4c(F)cccc4F)c3)nc3ccccn23)n1,1000.0,6.0,1,793.9410000000001
CCCc1cc(C2CCN(CCS(C)(=O)=O)CC2)ccc1Nc1nccc(-c2c(-c3cccc(C(=O)Nc4c(F)cccc4F)c3)nc3ccccn23)n1,100.0,7.0,1,749.8880000000001
CCCc1cc(N2CCC(N3CCCCC3)CC2)ccc1Nc1nccc(-c2c(-c3cccc(C(=O)Nc4c(F)cccc4F)c3)nc3ccccn23)n1,100.0,7.0,1,726.8760000000001
CCN(C)C(=O)O[C@H]1CN[C@H](C#Cc2cc3ncnc(Nc4ccc(OCc5cccc(F)c5)c(Cl)c4)c3s2)C1,32.0,7.494850021680094,1,580.0850000000002
CCN(CC)C(=O)O[C@H]1CN[C@H](C#Cc2cc3ncnc(Nc4ccc(OCc5cccc(F)c5)c(Cl)c4)c3s2)C1,50.0,7.301029995663981,1,594.1120000000001
CCN(CC)C(=O)c1c(N)ncnc1Nc1ccc(OCc2ccccc2)c(Cl)c1,100000.0,4.0,0,425.9200000000002
CCN(CC)C(=O)c1cccc2[nH]c(-c3n[nH]c4ncc(-c5cncc6ccccc56)cc34)nc12,10000.0,5.0,0,461.5290000000002
CCN(CC)C(C)/C=C/C(=O)Nc1cc2c(Nc3ccc(F)c(Cl)c3)c(C#N)cnc2cc1OC,9580.0,5.018634490921456,0,495.98600000000016
CCN(CC)C/C=C/C(=O)N1CCOc2c1ccc1ncnc(Nc3ccc(OCc4ccccn4)c(Cl)c3)c21,50.0,7.301029995663981,1,559.0700000000002
CCN(CC)C/C=C/C(=O)N1CCOc2c1ccc1ncnc(Nc3ccc(Oc4ccccc4)cc3)c21,50.0,7.301029995663981,1,509.6100000000002
CCN(CC)C/C=C/C(=O)N1CCOc2c1ccc1ncnc(Nc3ccc(Oc4ccn5ncnc5c4)c(C)c3)c21,50.0,7.301029995663981,1,564.6500000000001
CCN(CC)C/C=C/C(=O)N1CCOc2c1ccc1ncnc(Nc3ccc(Oc4ccn5ncnc5c4)c(Cl)c3)c21,50.0,7.301029995663981,1,585.0680000000001
CCN(CC)C/C=C/C(=O)N1CCOc2cc3ncnc(Nc4ccc(OCc5cccc(F)c5)c(Cl)c4)c3cc21,4.0,8.397940008672037,1,576.0720000000001
CCN(CC)C/C=C/C(=O)Nc1cc2c(Nc3ccc(F)c(Cl)c3)c(C#N)cnc2cc1OC,7800.0,5.107905397309519,0,481.95900000000023
CCN(CC)C/C=C/C(=O)Nc1ccc2ncnc(Nc3cccc(Br)c3)c2c1,1164.0,5.934047019686131,0,454.3720000000001
CCN(CC)C/C=C/c1nc(O)c2c(ccc3nc(Nc4c(Cl)cccc4Cl)n(C)c32)c1C,10000.0,5.0,0,484.4310000000002
CCN(CC)CC#CC(=O)Nc1cc2c(Nc3ccc(F)c(Cl)c3)ncnc2cn1,356.5,6.447940465812116,1,426.88300000000015
CCN(CC)CC#CC(=O)Nc1ccc2ncnc(Nc3ccc(F)c(Cl)c3)c2c1,26.75,7.572676213642753,1,425.89500000000015
CCN(CC)CC#CC(=O)Nc1ccc2ncnc(Nc3cccc(Br)c3)c2c1,38.0,7.42021640338319,1,452.3560000000001
CCN(CC)CC1CCN(c2ncc3ncnc(Nc4ccc(F)c(Cl)c4)c3n2)CC1,290.0,6.5376020021010435,1,443.9580000000002
CCN(CC)CCC#CC(=O)Nc1ccc2ncnc(Nc3ccc(F)c(Cl)c3)c2c1,12.8,7.892790030352131,1,439.9220000000001
CCN(CC)CCCNC(=O)/C=C/C(=O)Nc1cc2c(Nc3cccc(Br)c3)ncnc2cn1,14.0,7.853871964321762,1,526.4390000000001
CCN(CC)CCCNC(=O)Nc1cc2c(Nc3ccc(F)c(Cl)c3)ncnc2cc1O[C@H]1CCOC1,78.0,7.107905397309519,1,531.0320000000002
CCN(CC)CCNC(=O)c1[nH]c2cnnc(Nc3ccc(OCc4cccc(F)c4)c(Cl)c3)c2c1C,483.5,6.31560352158098,1,525.0280000000002
CCN(CC)CCNC(=O)c1cc(C)c(/C=C2\C(=O)Nc3ncnc(Nc4ccc(F)c(Cl)c4)c32)[nH]1,285.0,6.54515513999149,1,511.9890000000001
CCN(CC)CCNC(=O)c1cc2cnnc(Nc3ccc(OCc4cccc(F)c4)c(Cl)c3)c2[nH]1,3840.0,5.4156687756324695,0,511.00100000000026
CCN(CC)CCOc1ccc(/C(=C(/Cl)c2ccccc2)c2ccccc2)cc1,1669.0,5.7775436633207535,0,405.96900000000005
CCN(CC)Cc1cccc2[nH]c(-c3n[nH]c4ncc(-c5cncc6ccccc56)cc34)nc12,89.0,7.050609993355087,1,447.5460000000002
CCN(CC)[C@H]1CO[C@H]2[C@@H]1OC[C@@H]2Oc1cc2ncnc(Nc3ccc(Br)c(Cl)c3)c2cc1OC,1000.0,6.0,1,563.8800000000001
CCN(CC)c1ccc(-c2csc(COc3cc4ncnc(Nc5ccc(Cl)c(Cl)c5)c4cc3OC)n2)cc1,50.0,7.301029995663981,1,580.5410000000002
CCN/C(=N\C#N)N1CCOC(COc2cc3ncnc(Nc4ccc(Cl)c(Cl)c4)c3cc2OC)C1,50.0,7.301029995663981,1,530.416
CCN1CCC(c2nc(COc3cc4ncnc(Nc5ccc(Cl)c(Cl)c5)c4cc3OC)cs2)CC1,525.0,6.279840696594043,1,544.508
CCN1CCC(c2nc(COc3cc4ncnc(Nc5ccc(Cl)c(Cl)c5)c4cc3OC)no2)CC1,50.0,7.301029995663981,1,529.4280000000001
CCN1CCC2N=C(COc3cc4ncnc(Nc5ccc(Cl)c(Cl)c5)c4cc3OC)SC2C1,50.0,7.301029995663981,1,518.4700000000003
CCN1CCCC(c2nc(COc3cc4ncnc(Nc5ccc(Cl)c(Cl)c5)c4cc3OC)cs2)C1,525.0,6.279840696594043,1,544.5080000000002
CCN1CCCC(c2nc(COc3cc4ncnc(Nc5ccc(Cl)c(Cl)c5)c4cc3OC)no2)C1,5275.0,5.2777775360302694,0,529.4280000000002
CCN1CCCC1c1nc(COc2cc3ncnc(Nc4ccc(Cl)c(Cl)c4)c3cc2OC)cs1,10500.0,4.978810700930062,0,530.4810000000002
CCN1CCCC1c1nc(COc2cc3ncnc(Nc4ccc(Cl)c(Cl)c4)c3cc2OC)no1,10500.0,4.978810700930062,0,515.4010000000003
CCN1CCCC1c1noc(COc2cc3ncnc(Nc4ccc(Cl)c(Cl)c4)c3cc2OC)n1,10500.0,4.978810700930062,0,515.4010000000002
CCN1CCCCC1c1nc(COc2cc3ncnc(Nc4ccc(Cl)c(Cl)c4)c3cc2OC)cs1,10500.0,4.978810700930062,0,544.5080000000003
CCN1CCCCC1c1nc(COc2cc3ncnc(Nc4ccc(Cl)c(Cl)c4)c3cc2OC)no1,50.0,7.301029995663981,1,529.4280000000002
CCN1CCCOC(COc2cc3ncnc(Nc4ccc(Cl)c(Cl)c4)c3cc2OC)C1,287.5,6.541362150974351,1,477.3920000000002
CCN1CCN(C(=O)/C(F)=C/c2c(C)ncnc2Nc2ccc(OCc3cccc(F)c3)c(Cl)c2)CC1,102.0,6.991399828238082,1,528.0030000000002
CCN1CCN(C(=O)c2cc(C)c(/C=C3\C(=O)Nc4ncnc(Nc5ccc(F)c(Cl)c5)c43)[nH]2)CC1,225.0,6.647817481888637,1,509.97300000000024
CCN1CCN(C2CCN(c3ccc(Nc4nccc(-c5c(-c6cccc(C(=O)Nc7c(F)cccc7F)c6)nc6ccccn56)n4)c(OC)c3)CC2)CC1,100.0,7.0,1,743.8629999999998
CCN1CCN(CC#CC(=O)Nc2ccc3ncnc(Nc4cccc(Br)c4)c3c2)CC1,183.0,6.73754891026957,1,493.4090000000002
CCN1CCN(CCCC#Cc2c(C)ncnc2Nc2ccc(OCc3cccc(F)c3)c(Cl)c2)CC1,36.0,7.443697499232712,1,522.0680000000002
CCN1CCN(CCCOc2cc3nccc(Oc4c(F)cc(NC(=O)NN5C(=O)CSC5c5c(F)cccc5F)cc4F)c3cc2OC)CC1,10000.0,5.0,0,728.7690000000001
CCN1CCN(Cc2ccc(-c3cc4c(N[C@H](C)c5ccccc5)ncnc4[nH]3)cc2)CC1,6.0,8.221848749616356,1,440.59500000000014
CCN1CCN(c2ccc(Nc3cc(N(C)C(=O)Nc4c(Cl)c(OC)cc(OC)c4Cl)ncn3)cc2)CC1,10000.0,5.0,0,560.4860000000001
CCN1CCN(c2ccc(Nc3nccc(-c4c(-c5cccc(NC(=O)Cc6ccccc6)c5)nc5sccn45)n3)cc2)CC1,240.0,6.619788758288394,1,614.779
CCN1CCN(c2ccc(Nc3nccc(-c4c(-c5cccc(NC(=O)c6c(F)cccc6F)c5)nc5sccn45)n3)cc2)CC1,41.5,7.3819519032879075,1,636.732
CCN1CCN(c2nc(COc3cc4ncnc(Nc5ccc(Cl)c(Cl)c5)c4cc3OC)cs2)CC1,525.0,6.279840696594043,1,545.496
CCN1CCN(c2noc(COc3cc4ncnc(Nc5ccc(Cl)c(Cl)c5)c4cc3OC)n2)CC1,525.0,6.279840696594043,1,530.416
CCN1CCOC(COc2cc3ncnc(Nc4ccc(Cl)c(Cl)c4)c3cc2OC)C1,50.0,7.301029995663981,1,463.3650000000003
CCN1CC[C@H](Oc2cccc3ncnc(Nc4ccc(Oc5ccn6ncnc6c5)c(C)c4)c23)C(F)(F)C1,7.56,8.121478204498793,1,531.5670000000002
CCN1C[C@H]2C[C@@H](COc3cc4ncnc(Nc5ccc(Br)c(Cl)c5F)c4cc3OC)C[C@H]2C1,525.0,6.279840696594043,1,549.8720000000001
CCNC(=O)C(=N)N(C(=N)c1cc(C(C)C)c(O)cc1O)c1ccc(C(=O)N2CCC3(CC2)OB([C@H](CC(C)C)NC(=O)[C@H](Cc2ccccc2)NC(=O)c2cnccn2)OC3(C)C)cc1,5000.0,5.301029995663981,0,901.8750000000001
CCNC(=O)CN1CCC(Oc2cc3c(Nc4cccc(Cl)c4F)ncnc3cc2OC)CC1,76.5,7.116338564846382,1,487.96300000000025
CCNC(=O)Nc1ccc(C(=O)Nc2ccc3ncnc(Nc4ccc(F)c(Cl)c4)c3c2)cc1,855.0,6.068033885271827,1,478.91500000000013
CCNC(=O)Nc1ccc2ncnc(Nc3ccc(OCc4cccc(F)c4)c(Cl)c3)c2c1,126.0,6.899629454882437,1,465.9160000000002
CCNC(=O)Nc1ccc2ncnc(Nc3ccc(OCc4ccccn4)c(Cl)c3)c2c1,1390.0,5.856985199745905,0,448.91400000000016
CCNC(=O)Nc1ccc2ncnc(Nc3ccc(Oc4ccc(Cl)c(Cl)c4)c(Cl)c3)c2c1,10000.0,5.0,0,502.78900000000027
CCNC(=O)Nc1ccc2ncnc(Nc3ccc(Oc4cccc(C(F)(F)F)c4)c(Cl)c3)c2c1,625.0,6.204119982655925,1,501.89600000000013
CCNC(=O)O[C@@H]1CN[C@@H](C#Cc2cc3ncnc(Nc4ccc(OCc5cccc(F)c5)c(Cl)c4)c3s2)C1,32.0,7.494850021680094,1,566.0580000000001
CCNC(=O)O[C@@H]1CN[C@H](C#Cc2cc3ncnc(Nc4ccc(OCc5cccc(F)c5)c(Cl)c4)c3s2)C1,63.0,7.200659450546418,1,566.0580000000001
CCNC(=O)O[C@H]1CN[C@@H](C#Cc2cc3ncnc(Nc4ccc(OCc5cccc(F)c5)c(Cl)c4)c3s2)C1,20.0,7.698970004336019,1,566.0580000000001
CCNC(=O)O[C@H]1CN[C@H](C#Cc2cc3ncnc(Nc4ccc(OCc5cccc(F)c5)c(Cl)c4)c3s2)C1,32.0,7.494850021680094,1,566.0580000000001
CCNC(=O)c1cncc(/C=C/c2c[nH]nc2-c2nc3ccc(OC)cc3[nH]2)c1,37000.0,4.431798275933005,0,388.4310000000001
CCNC(=O)c1nnc(-c2cc(C(C)C)c(O)cc2O)n1-c1ccc(C(=O)N(C)CC[C@]23OB([C@H](CC(C)C)NC(=O)[C@H](Cc4ccccc4)NC(=O)c4cnccn4)O[C@H]2C[C@H]2C[C@@H]3C2(C)C)cc1,100.0,7.0,1,953.9509999999999
CCNC(=O)c1nnc(-c2cc(C(C)C)c(O)cc2O)n1-c1ccc(C(=O)NCCCCCCC2(C)OB([C@H](CC(C)C)NC(=O)[C@H](Cc3ccccc3)NC(=O)c3cnccn3)OC2(C)C)cc1,36.0,7.443697499232712,1,943.956
CCNC(=O)c1nnc(-c2cc(C(C)C)c(O)cc2O)n1-c1ccc(Oc2ccc(C(=O)N3CCC4(CC3)OB([C@H](CC(C)C)NC(=O)[C@H](Cc3ccccc3)NC(=O)c3cnccn3)OC4(C)C)cc2)cc1,36.0,7.443697499232712,1,991.9559999999999
CCNC(=O)c1nnc(-c2cc(C(C)C)c(O)cc2O)n1-c1ccc(Oc2ccc(C(=O)NCCCCCCC3(C)OB([C@H](CC(C)C)NC(=O)[C@H](Cc4ccccc4)NC(=O)c4cnccn4)OC3(C)C)cc2)cc1,110.0,6.958607314841775,1,1036.0529999999999
CCNC(=O)c1nnc(-c2cc(C(C)C)c(O)cc2O)n1-c1ccc(Oc2ccc(C(=O)NCC[C@]34OB([C@H](CC(C)C)NC(=O)[C@H](Cc5ccccc5)NC(=O)c5cnccn5)O[C@H]3C[C@@H]3C[C@H]4C3(C)C)cc2)cc1,37.0,7.431798275933005,1,1032.0209999999997
CCNC(=O)c1nnc(-c2cc(C(C)C)c(O)cc2O)n1-c1ccc2c(ccn2CCC2CCN(C(=O)c3ccc(C4(C)OB([C@H](CC(C)C)NC(O)[C@H](Cc5ccccc5)NC(=O)c5cnccn5)OC4(C)C)cc3)CC2)c1,5000.0,5.301029995663981,0,1073.1180000000002
CCNC(CS(C)(=O)=O)c1ccc(-c2ccc3ncnc(Nc4ccc(OCc5cccc(F)c5)c(Cl)c4)c3c2)o1,15.5,7.809668301829708,1,595.0960000000002
CCNCc1ccc(-c2cc3c(Nc4ccc(OCc5cccc(F)c5)c(Cl)c4)ncnc3s2)[nH]1,111.0,6.954677021213342,1,508.0220000000001
CCNCc1ccc(-c2cc3ncnc(Nc4ccc(OCc5cccc(F)c5)c(Cl)c4)c3s2)[nH]1,68.0,7.167491087293763,1,508.0220000000002
CCNCc1cn2ncnc(Nc3ccc4c(cnn4Cc4ccccc4)c3)c2c1CC,9700.0,5.013228265733755,0,425.5400000000002
CCNCc1cncc(-c2cnc3[nH]nc(-c4nc5c(COC)cccc5[nH]4)c3c2)c1C,100000.0,4.0,0,427.5120000000002
CCNCc1cncc(-c2cnc3[nH]nc(-c4nc5cc(F)c(F)cc5[nH]4)c3c2)c1,3600.0,5.443697499232712,0,405.4120000000001
CCNCc1cncc(-c2cnc3[nH]nc(-c4nc5cc(F)ccc5[nH]4)c3c2)c1,5120.0,5.29073003902417,0,387.4220000000001
CCNCc1cncc(-c2cnc3[nH]nc(-c4nc5cc(N6CCN(C)CC6)ccc5[nH]4)c3c2)c1,1070.0,5.97061622231479,0,467.5810000000003
CCNCc1cncc(-c2cnc3[nH]nc(-c4nc5cc(OC)ccc5[nH]4)c3c2)c1,4170.0,5.379863945026242,0,399.45800000000014
CCNCc1cncc(/C=C/c2c[nH]nc2-c2nc(C(F)(F)F)c[nH]2)c1,100000.0,4.0,0,362.359
CCNCc1cncc(/C=C/c2c[nH]nc2-c2nc3ccc(OC)cc3[nH]2)c1,3030.0,5.518557371497695,0,374.4480000000001
CCO/N=C/c1c(N)ncnc1Nc1ccc2c(cnn2Cc2cccc(F)c2)c1,7.0,8.154901959985743,1,405.4370000000001
CCOC(=O)/C=C/C(=O)Nc1cccc(Oc2cc(Nc3ccc(OCc4cccc(F)c4)c(Cl)c3)ncn2)c1,196.0,6.707743928643524,1,562.9850000000001
CCOC(=O)C(=CNC(=O)Nc1ccc(C(=O)Nc2ccc3ncnc(Nc4ccc(F)c(Cl)c4)c3c2)cc1)C(=O)OCC,10000.0,5.0,0,621.0250000000002
CCOC(=O)C(=CNc1ccc2ncnc(Nc3ccc(OCc4cccc(F)c4)c(Cl)c3)c2c1)C(=O)OCC,5050.0,5.296708621881339,0,565.0010000000002
CCOC(=O)C(=CNc1ccc2ncnc(Nc3ccc(OCc4ccccn4)c(Cl)c3)c2c1)C(=O)OCC,3290.0,5.482804102050026,0,547.9990000000001
CCOC(=O)C(=CNc1ccc2ncnc(Nc3ccc(Oc4ccc(Cl)c(Cl)c4)c(Cl)c3)c2c1)C(=O)OCC,10000.0,5.0,0,601.8740000000001
CCOC(=O)C(=CNc1ccc2ncnc(Nc3ccc(Oc4cccc(C(F)(F)F)c4)c(Cl)c3)c2c1)C(=O)OCC,1000.0,6.0,1,600.981
CCOC(=O)C(C)N1CCOC(COc2cc3ncnc(Nc4ccc(Cl)c(Cl)c4)c3cc2OC)C1,10500.0,4.978810700930062,0,535.4280000000001
CCOC(=O)C(Cc1ccccc1)NC(=O)/C(C#N)=C/c1ccc(O)c(O)c1,332065.56,3.4787761646833486,0,380.4000000000001
CCOC(=O)C1=C(C(F)(F)F)NC2=C(C(=O)CC(C)(C)C2)C1c1ccc(S(=O)(=O)c2ccccc2)cc1,0.6,9.221848749616356,1,533.5680000000002
CCOC(=O)C1=C(N)N(c2cccnc2)C2=C(C(=O)CCC2)C1c1cc2cc(C)ccc2n2nnnc12,4100.0,5.3872161432802645,0,495.54300000000035
CCOC(=O)C1=C(N)N(c2cccnc2)C2=C(C(=O)CCC2)C1c1cc2cc(Cl)ccc2n2nnnc12,22700.0,4.6439741428068775,0,515.9610000000004
CCOC(=O)C1=C(N)N(c2cccnc2)C2=C(C(=O)CCC2)C1c1cc2cc(OC)ccc2n2nnnc12,800.0,6.096910013008056,1,511.54200000000037
CCOC(=O)C1=C(N)N(c2cccnc2)C2=C(C(=O)CCC2)C1c1cc2ccccc2n2nnnc12,200.0,6.698970004336019,1,481.5160000000003
CCOC(=O)C1=C2C(=NC1=O)c1cccc3cccc2c13,10000.0,5.0,0,277.27900000000005
CCOC(=O)CNc1cccc(Oc2cc(Nc3ccc(OCc4cccc(F)c4)c(Cl)c3)ncn2)c1,219.0,6.6595558851598815,1,522.9640000000002
CCOC(=O)N1CCN(Cc2ccc(-c3ccc4ncnc(Nc5ccc(OCc6cccc(F)c6)c(Cl)c5)c4c3)o2)CC1.Cc1ccc(S(=O)(=O)O)cc1,14.4,7.841637507904751,1,788.2980000000001
CCOC(=O)N1CCN([C@H]2CC[C@H](n3nc(-c4ccc5nc(Cc6ccccc6OC)[nH]c5c4)c4c(N)ncnc43)CC2)CC1,270.0,6.568636235841013,1,609.7349999999999
CCOC(=O)N[C@H]1CN[C@H](C#Cc2cc3ncnc(Nc4ccc(OCc5cccc(F)c5)c(Cl)c4)c3s2)C1,78.0,7.107905397309519,1,566.0580000000001
CCOC(=O)O[C@H]1CN[C@H](C#Cc2cc3ncnc(Nc4ccc(OCc5cccc(F)c5)c(Cl)c4)c3s2)C1,135.0,6.8696662315049934,1,567.0420000000001
CCOC(=O)c1[nH]c(C)c2cnnc(Nc3ccc(OCc4cccc(F)c4)c(Cl)c3)c12,934.0,6.029653123769907,1,454.8890000000002
CCOC(=O)c1c(C)[nH]c(/C=C2\C(=O)Nc3ccccc32)c1C,100000.0,4.0,0,310.35300000000007
CCOC(=O)c1c[nH]c(/C=C2\C(=O)Nc3ccccc32)c1C,100000.0,4.0,0,296.3260000000001
CCOC(=O)c1cc2c(Nc3ccc4c(cnn4Cc4ccccc4)c3)ncnn2c1,390.0,6.4089353929735005,1,412.45300000000003
CCOC(=O)c1cc2cc(Nc3ncnc4cc(OCCCN(CC)CC)c(OC)cc34)ccc2s1,2290.0,5.640164517660112,0,508.6440000000004
CCOC(=O)c1cc2cc(Nc3ncnc4cc(OCCCN5CCC(C)CC5)c(OC)cc34)ccc2s1,1320.0,5.87942606879415,0,534.6820000000005
CCOC(=O)c1ccc(Nc2ncnc3cc4oc(=O)n(CCOC(=O)CBr)c4cc23)cc1,10000.0,5.0,0,515.3200000000003
CCOC(=O)c1cn2ncnc(NCc3ccccc3)c2c1CC,7200.0,5.142667503568732,0,324.3840000000001
CCOC(=O)c1cn2ncnc(Nc3ccc(F)c(Cl)c3)c2c1CC,2800.0,5.552841968657781,0,362.7920000000002
CCOC(=O)c1cn2ncnc(Nc3ccc(Oc4ccccc4)cc3)c2c1CC,820.0,6.086186147616283,1,402.4540000000002
CCOC(=O)c1cn2ncnc(Nc3ccc4[nH]ncc4c3)c2c1CC,3300.0,5.481486060122113,0,350.3820000000002
CCOC(=O)c1cn2ncnc(Nc3ccc4c(cnn4Cc4ccccc4)c3)c2c1C,200.0,6.698970004336019,1,426.4800000000002
CCOC(=O)c1cn2ncnc(Nc3ccc4c(cnn4Cc4ccccc4)c3)c2c1C(C)C,210.0,6.6777807052660805,1,454.5340000000002
CCOC(=O)c1cn2ncnc(Nc3ccc4c(cnn4Cc4ccccc4)c3)c2c1CC,180.0,6.7447274948966935,1,440.50700000000023
CCOC(=O)c1cn2ncnc(Nc3ccc4c(cnn4Cc4ccccc4)c3)c2c1Cc1ccccc1,25000.0,4.6020599913279625,0,502.57800000000026
CCOC(=O)c1cn2ncnc(Nc3cccc(Br)c3)c2c1CC,3000.0,5.522878745280337,0,389.25300000000016
CCOCCOc1cc2ncnc(Nc3ccc(F)c(Cl)c3)c2cc1NC(=O)/C=C/CN(C)C,42.105000000000004,7.37566632830988,1,487.9630000000002
CCOCCOc1cc2ncnc(Nc3ccc(F)c(Cl)c3)c2cc1NC(=O)/C=C/CN(CC)CC,10.94,7.960982678002588,1,516.0170000000003
CCOCCOc1cc2ncnc(Nc3ccc(F)c(Cl)c3)c2cc1NC(=O)/C=C\Cl,10.9,7.962573502059376,1,465.3120000000001
CCOCCOc1cc2ncnc(Nc3ccc(OCc4cccc(F)c4)c(Cl)c3)c2cc1NC(=O)/C=C/CN(C)C,261.9,6.581864501574768,1,594.0870000000001
CCOCCOc1cc2ncnc(Nc3ccc(OCc4ccccn4)c(Cl)c3)c2cc1NC(=O)/C=C/CN(C)C,53.9,7.268411234813262,1,577.0850000000002
CCOCc1cn2ncnc(Nc3ccc4c(cnn4Cc4ccccc4)c3)c2c1CC,1400.0,5.853871964321762,0,426.5240000000002
CCOP(=O)(CC(=O)N1CCOc2c1ccc1ncnc(Nc3ccc(OCc4ccccn4)c(Cl)c3)c21)OCC,50.0,7.301029995663981,1,597.9960000000001
CCO[C@H]1CN[C@H](C#Cc2cc3ncnc(Nc4ccc(OCc5cccc(F)c5)c(Cl)c4)c3s2)C1,98.0,7.008773924307505,1,523.0330000000002
CCO[C@H]1CO[C@H]2[C@@H]1OC[C@@H]2Oc1cc2ncnc(Nc3ccc(Br)c(Cl)c3)c2cc1OC,50.0,7.301029995663981,1,536.8100000000002
CCOc1cc(C2CCN(CCS(C)(=O)=O)CC2)ccc1Nc1nccc(-c2c(-c3ccc(OC(C)C)c(C(=O)Nc4c(F)cccc4F)c3)nc3ccccn23)n1,1000.0,6.0,1,809.94
CCOc1cc(C2CCN(CCS(C)(=O)=O)CC2)ccc1Nc1nccc(-c2c(-c3ccc(OC)c(C(=O)Nc4c(F)cccc4F)c3)nc3ccccn23)n1,1000.0,6.0,1,781.8860000000002
CCOc1cc(C2CCN(CCS(C)(=O)=O)CC2)ccc1Nc1nccc(-c2c(-c3ccc(OCC)c(C(=O)Nc4c(F)cccc4F)c3)nc3ccccn23)n1,1000.0,6.0,1,795.9130000000001
CCOc1cc(C2CCN(CCS(C)(=O)=O)CC2)ccc1Nc1nccc(-c2c(-c3cccc(C(=O)Nc4c(F)cccc4F)c3)nc3ccccn23)n1,100.0,7.0,1,751.8600000000001
CCOc1cc(N2CCC(CCS(C)(=O)=O)CC2)c(C)cc1Nc1nccc(-c2c(-c3ccc(OC(C)C)c(C(=O)Nc4c(F)cccc4F)c3)nc3ccccn23)n1,1000.0,6.0,1,823.9670000000001
CCOc1cc(N2CCC(CCS(C)(=O)=O)CC2)c(C)cc1Nc1nccc(-c2c(-c3ccc(OC)c(C(=O)Nc4c(F)cccc4F)c3)nc3cc(F)ccn23)n1,1000.0,6.0,1,813.9030000000001
CCOc1cc(N2CCC(CCS(C)(=O)=O)CC2)c(C)cc1Nc1nccc(-c2c(-c3ccc(OC)c(C(=O)Nc4c(F)cccc4F)c3)nc3ccccn23)n1,1000.0,6.0,1,795.9130000000001
CCOc1cc(N2CCC(CCS(C)(=O)=O)CC2)c(C)cc1Nc1nccc(-c2c(-c3ccc(OCC)c(C(=O)Nc4c(F)cccc4F)c3)nc3ccccn23)n1,1000.0,6.0,1,809.9400000000002
CCOc1cc(N2CCC(CCS(C)(=O)=O)CC2)c(C)cc1Nc1nccc(-c2c(-c3cccc(C(=O)Nc4c(F)cccc4F)c3)nc3ccccn23)n1,1000.0,6.0,1,765.8870000000002
CCOc1cc(N2CCC(CCS(C)(=O)=O)CC2)c(CC)cc1Nc1nccc(-c2c(-c3ccc(OC)c(C(=O)Nc4c(F)cccc4F)c3)nc3ccccn23)n1,1000.0,6.0,1,809.9400000000002
CCOc1cc(N2CCC(CCS(C)(=O)=O)CC2)c(CC)cc1Nc1nccc(-c2c(-c3ccc(OCC)c(C(=O)Nc4c(F)cccc4F)c3)nc3ccccn23)n1,1000.0,6.0,1,823.9670000000001
CCOc1cc(N2CCC(N3CCCCC3)CC2)ccc1Nc1nccc(-c2c(-c3cccc(C(=O)Nc4c(F)cccc4F)c3)nc3ccccn23)n1,100.0,7.0,1,728.8480000000001
CCOc1cc(N2CCC(N3CCN(CC(F)F)CC3)CC2)ccc1Nc1nccc(-c2c(-c3cccc(C(=O)Nc4c(F)cccc4F)c3)nc3ccccn23)n1,100.0,7.0,1,793.8700000000001
CCOc1cc(N2CCC(N3CCN(CCC(F)(F)F)CC3)CC2)ccc1Nc1nccc(-c2c(-c3cccc(C(=O)Nc4c(F)cccc4F)c3)nc3ccccn23)n1,100.0,7.0,1,825.8870000000002
CCOc1cc(N2CCC(N3CCN(CCF)CC3)CC2)ccc1Nc1nccc(-c2c(-c3cccc(C(=O)Nc4c(F)cccc4F)c3)nc3ccccn23)n1,100.0,7.0,1,775.8800000000001
CCOc1cc(N2CCC(N3CCN(CCS(C)(=O)=O)CC3)CC2)ccc1Nc1nccc(-c2c(-c3cccc(C(=O)Nc4c(F)cccc4F)c3)nc3ccccn23)n1,100.0,7.0,1,835.9820000000002
CCOc1cc(N2CCC(N3CCN(S(C)(=O)=O)CC3)CC2)c(CC)cc1Nc1nccc(-c2c(-c3ccc(OC)c(C(=O)Nc4c(F)cccc4F)c3)nc3ccccn23)n1,1000.0,6.0,1,866.0080000000003
CCOc1cc(N2CCC(N3CCN(S(C)(=O)=O)CC3)CC2)c(CC)cc1Nc1nccc(-c2c(-c3ccc(OCC)c(C(=O)Nc4c(F)cccc4F)c3)nc3ccccn23)n1,1000.0,6.0,1,880.0350000000002
CCOc1cc(N2CCC(N3CCN(S(C)(=O)=O)CC3)CC2)ccc1Nc1nccc(-c2c(-c3ccc(OC)c(C(=O)Nc4c(F)cccc4F)c3)nc3ccccn23)n1,1000.0,6.0,1,837.9540000000002
CCOc1cc(N2CCC(N3CCN(S(C)(=O)=O)CC3)CC2)ccc1Nc1nccc(-c2c(-c3ccc(OCC)c(C(=O)Nc4c(F)cccc4F)c3)nc3ccccn23)n1,1000.0,6.0,1,851.9810000000001
CCOc1cc(N2CCC(N3CCN(S(C)(=O)=O)CC3)CC2)ccc1Nc1nccc(-c2c(-c3cccc(C(=O)Nc4c(F)cccc4F)c3)nc3ccccn23)n1,1000.0,6.0,1,807.9280000000002
CCOc1cc(N2CCN(C(C)C)CC2)ccc1Nc1nccc(-c2c(-c3ccc(OC)c(C(=O)Nc4c(F)cccc4F)c3)nc3ccccn23)n1,1000.0,6.0,1,718.8090000000002
CCOc1cc(N2CCN(C(C)C)CC2)ccc1Nc1nccc(-c2c(-c3cccc(C(=O)Nc4c(F)cccc4F)c3)nc3ccccn23)n1,100.0,7.0,1,688.7830000000001
CCOc1cc(N2CCN(C)CC2)ccc1Nc1nccc(-c2c(-c3ccc(OC)c(C(=O)Nc4c(F)cccc4F)c3)nc3ccccn23)n1,100.0,7.0,1,690.7550000000001
CCOc1cc(N2CCN(C)CC2)ccc1Nc1nccc(-c2c(-c3cccc(C(=O)Nc4c(F)cccc4F)c3)nc3ccccn23)n1,1000.0,6.0,1,660.729
CCOc1cc(N2CCN(C3CCN(CCF)CC3)CC2)ccc1Nc1nccc(-c2c(-c3cccc(C(=O)Nc4c(F)cccc4F)c3)nc3ccccn23)n1,100.0,7.0,1,775.8800000000001
CCOc1cc(N2CCN(C3CCN(CCS(C)(=O)=O)CC3)CC2)ccc1Nc1nccc(-c2c(-c3cccc(C(=O)Nc4c(F)cccc4F)c3)nc3ccccn23)n1,100.0,7.0,1,835.9820000000002
CCOc1cc(N2CCN(CCS(C)(=O)=O)CC2)c(C)cc1Nc1nccc(-c2c(-c3ccc(OC(C)C)c(C(=O)Nc4c(F)cccc4F)c3)nc3ccccn23)n1,1000.0,6.0,1,824.955
CCOc1cc(N2CCN(CCS(C)(=O)=O)CC2)c(C)cc1Nc1nccc(-c2c(-c3ccc(OC)c(C(=O)Nc4c(F)cccc4F)c3)nc3ccccn23)n1,1000.0,6.0,1,796.9010000000002
CCOc1cc(N2CCN(CCS(C)(=O)=O)CC2)c(C)cc1Nc1nccc(-c2c(-c3ccc(OCC)c(C(=O)Nc4c(F)cccc4F)c3)nc3ccccn23)n1,1000.0,6.0,1,810.9280000000001
CCOc1cc(N2CCN(CCS(C)(=O)=O)CC2)c(C)cc1Nc1nccc(-c2c(-c3cccc(C(=O)Nc4c(F)cccc4F)c3)nc3ccccn23)n1,100.0,7.0,1,766.8750000000001
CCOc1cc(N2CCN(CCS(C)(=O)=O)CC2)c(CC)cc1Nc1nccc(-c2c(-c3ccc(OCC)c(C(=O)Nc4c(F)cccc4F)c3)nc3ccccn23)n1,1000.0,6.0,1,824.955
CCOc1cc(N2CCN(CCS(C)(=O)=O)CC2)c(Cl)cc1Nc1nccc(-c2c(-c3ccc(OCC)c(C(=O)Nc4c(F)cccc4F)c3)nc3ccccn23)n1,1000.0,6.0,1,831.346
CCOc1cc(N2CCN(CCS(C)(=O)=O)CC2)ccc1Nc1nccc(-c2c(-c3ccc(OC)c(C(=O)Nc4c(F)cccc4F)c3)nc3ccccn23)n1,1000.0,6.0,1,782.8740000000001
CCOc1cc(N2CCN(CCS(C)(=O)=O)CC2)ccc1Nc1nccc(-c2c(-c3ccc(OCC)c(C(=O)Nc4c(F)cccc4F)c3)nc3ccccn23)n1,1000.0,6.0,1,796.9010000000002
CCOc1cc(N2CCN(CCS(C)(=O)=O)CC2)ccc1Nc1nccc(-c2c(-c3cccc(C(=O)Nc4c(F)cccc4F)c3)nc3ccccn23)n1,100.0,7.0,1,752.8480000000002
CCOc1cc(N2CCN(S(C)(=O)=O)CC2)c(C)cc1Nc1nccc(-c2c(-c3ccc(OC)c(C(=O)Nc4c(F)cccc4F)c3)nc3ccccn23)n1,1000.0,6.0,1,768.8470000000001
CCOc1cc2c(Nc3ccc(Cl)c(Cl)c3)ncnc2cc1OCC1CN(C)CCO1,50.0,7.301029995663981,1,463.3650000000003
CCOc1cc2c(Nc3ccc(Cl)c(Cl)c3)ncnc2cc1OCC1CNCCO1,50.0,7.301029995663981,1,449.33800000000025
CCOc1cc2ncc(C#N)c(Nc3cc(Cl)c(OCc4cccc(F)c4)c(Cl)c3)c2cc1NC(=O)/C=C/CN(C)C,1331.0,5.875821944525325,0,608.501
CCOc1cc2ncc(C#N)c(Nc3cc(Cl)c(OCc4ccccc4)c(Cl)c3)c2cc1NC(=O)/C=C/CN(C)C,406.0,6.391473966422806,1,590.5110000000001
CCOc1cc2ncc(C#N)c(Nc3ccc(Cn4ccnc4)c(Cl)c3)c2cc1NC(=O)/C=C/CN(C)C,1055.0,5.976747540366288,0,530.0320000000002
CCOc1cc2ncc(C#N)c(Nc3ccc(F)c(Cl)c3)c2cc1NC(=O)/C=C/CN(C)C,2670.4454545454546,5.573416288330249,0,467.9320000000002
CCOc1cc2ncc(C#N)c(Nc3ccc(F)c(Cl)c3)c2cc1NC(=O)C1CSSC1,550.0,6.259637310505756,1,488.9970000000002
CCOc1cc2ncc(C#N)c(Nc3ccc(F)c(Cl)c3)c2cc1NC(=O)CCCCC1CCSS1,550.0,6.259637310505756,1,545.1050000000004
CCOc1cc2ncc(C#N)c(Nc3ccc(N(C)Cc4ccccc4)c(Cl)c3)c2cc1NC(=O)/C=C/CN(C)C,2100.0,5.6777807052660805,0,569.109
CCOc1cc2ncc(C#N)c(Nc3ccc(N4CCOCC4)c(Cl)c3)c2cc1NC(=O)/C=C/CN(C)C,2600.0,5.585026652029182,0,535.0480000000002
CCOc1cc2ncc(C#N)c(Nc3ccc(NCc4cccc5ccccc45)c(Cl)c3)c2cc1NC(=O)/C=C/CN(C)C,83.0,7.080921907623926,1,605.1419999999999
CCOc1cc2ncc(C#N)c(Nc3ccc(NCc4ccccc4)c(Cl)c3)c2cc1NC(=O)/C=C/CN(C)C,103.0,6.987162775294828,1,555.0820000000001
CCOc1cc2ncc(C#N)c(Nc3ccc(OCC4CCCCC4)c(Cl)c3)c2cc1NC(=O)/C=C/CN(C)C,28.0,7.552841968657781,1,562.1140000000001
CCOc1cc2ncc(C#N)c(Nc3ccc(OCCc4ccccc4)c(Cl)c3)c2cc1NC(=O)/C=C/CN(C)C,281.0,6.55129368009492,1,570.0930000000001
CCOc1cc2ncc(C#N)c(Nc3ccc(OCc4cc(F)cc(F)c4)c(Cl)c3)c2cc1NC(=O)/C=C/CN(C)C,388.0,6.411168274405792,1,592.046
CCOc1cc2ncc(C#N)c(Nc3ccc(OCc4ccc(Cl)cc4)c(Cl)c3)c2cc1NC(=O)/C=C/CN(C)C,24.0,7.619788758288394,1,590.5110000000001
CCOc1cc2ncc(C#N)c(Nc3ccc(OCc4ccc(F)cc4)c(Cl)c3)c2cc1NC(=O)/C=C/CN(C)C,78.0,7.107905397309519,1,574.056
CCOc1cc2ncc(C#N)c(Nc3ccc(OCc4ccc(F)cc4F)c(Cl)c3)c2cc1NC(=O)/C=C/CN(C)C,81.0,7.0915149811213505,1,592.046
CCOc1cc2ncc(C#N)c(Nc3ccc(OCc4ccc(OCc5ccccc5)cc4)c(Cl)c3)c2cc1NC(=O)/C=C/CN(C)C,3775.0,5.423083044034793,0,662.19
CCOc1cc2ncc(C#N)c(Nc3ccc(OCc4ccc5ccccc5c4)c(Cl)c3)c2cc1NC(=O)/C=C/CN(C)C,18.0,7.7447274948966935,1,606.126
CCOc1cc2ncc(C#N)c(Nc3ccc(OCc4cccc(C#N)c4)c(Cl)c3)c2cc1NC(=O)/C=C/CN(C)C,161.0,6.79317412396815,1,581.076
CCOc1cc2ncc(C#N)c(Nc3ccc(OCc4cccc(C)c4)c(Cl)c3)c2cc1NC(=O)/C=C/CN(C)C,132.0,6.87942606879415,1,570.0930000000001
CCOc1cc2ncc(C#N)c(Nc3ccc(OCc4cccc(Cl)c4)c(Cl)c3)c2cc1NC(=O)/C=C/CN(C)C,8.0,8.096910013008056,1,590.5110000000001
CCOc1cc2ncc(C#N)c(Nc3ccc(OCc4cccc(F)c4)c(Cl)c3)c2cc1NC(=O)/C=C/CN(C)C,885.5833333333334,6.052770565468851,1,574.056
CCOc1cc2ncc(C#N)c(Nc3ccc(OCc4cccc(F)c4)c(Cl)c3)c2cc1NC(=O)C(CSC(C)=O)CSC(C)=O,550.0,6.259637310505756,1,681.211
CCOc1cc2ncc(C#N)c(Nc3ccc(OCc4cccc(F)c4)c(Cl)c3)c2cc1NC(=O)C1CSSC1,640.0,6.1938200260161125,1,595.1210000000001
CCOc1cc2ncc(C#N)c(Nc3ccc(OCc4cccc(F)c4)c(Cl)c3)c2cc1NC(=O)CC1CCSS1,355.0,6.449771646944906,1,609.1480000000001
CCOc1cc2ncc(C#N)c(Nc3ccc(OCc4cccc5ccccc45)c(Cl)c3)c2cc1NC(=O)/C=C/CN(C)C,20.0,7.698970004336019,1,606.126
CCOc1cc2ncc(C#N)c(Nc3ccc(OCc4ccccc4)c(C#N)c3)c2cc1NC(=O)/C=C/CN(C)C,1134.0,5.945386945443112,0,546.6310000000001
CCOc1cc2ncc(C#N)c(Nc3ccc(OCc4ccccc4)c(Cl)c3)c2cc1NC(=O)/C=C/CN(C(C)C)C(C)C,28.0,7.552841968657781,1,612.1740000000001
CCOc1cc2ncc(C#N)c(Nc3ccc(OCc4ccccc4)c(Cl)c3)c2cc1NC(=O)/C=C/CN(C)C,76.0,7.119186407719209,1,556.0660000000001
CCOc1cc2ncc(C#N)c(Nc3ccc(OCc4ccccc4)c(Cl)c3)c2cc1NC(=O)/C=C/CN(C)CCO,27.0,7.568636235841013,1,586.0920000000001
CCOc1cc2ncc(C#N)c(Nc3ccc(OCc4ccccc4)c(Cl)c3)c2cc1NC(=O)/C=C/CN(C)CCOC,183.0,6.73754891026957,1,600.119
CCOc1cc2ncc(C#N)c(Nc3ccc(OCc4ccccc4)c(Cl)c3)c2cc1NC(=O)/C=C/CN(C)NC[C@H](O)[C@@H](O)[C@H](O)[C@H](O)CO,966.0,6.015022873584506,1,721.2110000000004
CCOc1cc2ncc(C#N)c(Nc3ccc(OCc4ccccc4)c(Cl)c3)c2cc1NC(=O)/C=C/CN(CC(C)O)CC(C)O,104.0,6.982966660701219,1,644.1720000000001
CCOc1cc2ncc(C#N)c(Nc3ccc(OCc4ccccc4)c(Cl)c3)c2cc1NC(=O)/C=C/CN1C(C)CCCC1C,412.0,6.3851027839668655,1,624.185
CCOc1cc2ncc(C#N)c(Nc3ccc(OCc4ccccc4)c(Cl)c3)c2cc1NC(=O)/C=C/CN1CC1C(=O)OC,196.0,6.707743928643524,1,612.0860000000001
CCOc1cc2ncc(C#N)c(Nc3ccc(OCc4ccccc4)c(Cl)c3)c2cc1NC(=O)/C=C/CN1CCC(O)(O)CC1,58.0,7.236572006437063,1,628.129
CCOc1cc2ncc(C#N)c(Nc3ccc(OCc4ccccc4)c(Cl)c3)c2cc1NC(=O)/C=C/CN1CCC(O)CC1,169.0,6.772113295386326,1,612.13
CCOc1cc2ncc(C#N)c(Nc3ccc(OCc4ccccc4)c(Cl)c3)c2cc1NC(=O)/C=C/CN1CCC1,40.0,7.3979400086720375,1,568.077
CCOc1cc2ncc(C#N)c(Nc3ccc(OCc4ccccc4)c(Cl)c3)c2cc1NC(=O)/C=C/CN1CCCC1,59.0,7.229147988357855,1,582.1039999999999
CCOc1cc2ncc(C#N)c(Nc3ccc(OCc4ccccc4)c(Cl)c3)c2cc1NC(=O)/C=C/CN1CCCC1COC,171.0,6.767003889607846,1,626.1569999999999
CCOc1cc2ncc(C#N)c(Nc3ccc(OCc4ccccc4)c(Cl)c3)c2cc1NC(=O)/C=C/CN1CCCCC1,25.0,7.6020599913279625,1,596.1309999999999
CCOc1cc2ncc(C#N)c(Nc3ccc(OCc4ccccc4)c(Cl)c3)c2cc1NC(=O)/C=C/CN1CCN(C)CC1,540.0,6.267606240177032,1,611.1459999999998
CCOc1cc2ncc(C#N)c(Nc3ccc(OCc4ccccc4)c(Cl)c3)c2cc1NC(=O)/C=C/CN1CCOCC1,59.0,7.229147988357855,1,598.103
CCOc1cc2ncc(C#N)c(Nc3ccc(OCc4ccccc4)c(Cl)c3)c2cc1NC(=O)/C=C/CN1CCOCCOCCOCC1,603.0,6.219682687859849,1,686.2089999999997
CCOc1cc2ncc(C#N)c(Nc3ccc(OCc4ccccc4)c(Cl)c3)c2cc1NC(=O)/C=C/CN1CCSCC1,29.0,7.5376020021010435,1,614.1709999999999
CCOc1cc2ncc(C#N)c(Nc3ccc(OCc4ccccc4)c(Cl)c3)c2cc1NC(=O)/C=C/Cc1c[nH]cn1,69.0,7.161150909262744,1,579.0600000000002
CCOc1cc2ncc(C#N)c(Nc3ccc(OCc4ccccc4)c(Cl)c3)c2cc1NC(=O)/C=C/c1cccc2cccnc12,1134.0,5.945386945443112,0,626.1160000000001
CCOc1cc2ncc(C#N)c(Nc3ccc(OCc4ccccc4)c(Cl)c3)c2cc1NC(=O)/C=C/c1ccccc1N(C)C,1391.0,5.856672870007953,0,618.1370000000001
CCOc1cc2ncc(C#N)c(Nc3ccc(OCc4ccccc4)c(Cl)c3)c2cc1NC(=O)/C=C/c1cn(C)cn1,227.0,6.6439741428068775,1,579.0600000000001
CCOc1cc2ncc(C#N)c(Nc3ccc(OCc4ccccc4)cc3)c2cc1NC(=O)/C=C/CN(C)C,498.0,6.302770657240282,1,521.6210000000002
CCOc1cc2ncc(C#N)c(Nc3ccc(OCc4ccccc4Cl)c(Cl)c3)c2cc1NC(=O)/C=C/CN(C)C,10.0,8.0,1,590.5110000000001
CCOc1cc2ncc(C#N)c(Nc3ccc(OCc4ccccc4F)c(Cl)c3)c2cc1NC(=O)/C=C/CN(C)C,732.0,6.135488918941608,1,574.056
CCOc1cc2ncc(C#N)c(Nc3ccc(OCc4ccccc4OC)c(Cl)c3)c2cc1NC(=O)/C=C/CN(C)C,44.0,7.356547323513812,1,586.0920000000001
CCOc1cc2ncc(C#N)c(Nc3ccc(OCc4ccccn4)c(Cl)c3)c2cc1NC(=O)/C=C/CN(C)C,28.337058823529414,7.547645228294565,1,557.054
CCOc1cc2ncc(C#N)c(Nc3ccc(OCc4ccccn4)c(Cl)c3)c2cc1NC(=O)/C=C/[C@H]1CCCN1C,13.97,7.854803593885818,1,583.0919999999999
CCOc1cc2ncc(C#N)c(Nc3ccc(OCc4ccccn4)c(Cl)c3)c2cc1NC(=O)CCN(C)C,970.0,6.013228265733755,1,545.0430000000001
CCOc1cc2ncc(C#N)c(Nc3ccc(OCc4ccccn4)c(Cl)c3)c2cc1NC(=O)CCN1CCCCC1,980.0,6.008773924307505,1,585.1079999999998
CCOc1cc2ncc(C#N)c(Nc3ccc(OCc4ccccn4)c(F)c3)c2cc1NC(=O)/C=C/CN(C)C,59.0,7.229147988357855,1,540.5990000000002
CCOc1cc2ncc(C#N)c(Nc3ccc(OCc4ccccn4)cc3)c2cc1NC(=O)/C=C/CN(C)C,59.0,7.229147988357855,1,522.6090000000002
CCOc1cc2ncc(C#N)c(Nc3ccc(OCc4cccnc4)c(Cl)c3)c2cc1NC(=O)/C=C/CN(C)C,269.0,6.570247719997592,1,557.054
CCOc1cc2ncc(C#N)c(Nc3ccc(OCc4ccco4)c(Cl)c3)c2cc1NC(=O)/C=C/CN(C)C,62.0,7.2076083105017466,1,546.0270000000002
CCOc1cc2ncc(C#N)c(Nc3ccc(OCc4cccs4)c(Cl)c3)c2cc1NC(=O)/C=C/CN(C)C,131.0,6.882728704344236,1,562.095
CCOc1cc2ncc(C#N)c(Nc3ccc(OCc4ccnc5ccccc45)c(Cl)c3)c2cc1NC(=O)/C=C/CN(C)C,1184.0,5.926648297613099,0,607.1139999999999
CCOc1cc2ncc(C#N)c(Nc3ccc(OCc4nc5ccccc5s4)c(Cl)c3)c2cc1NC(=O)/C=C/CN(C)C,64.0,7.1938200260161125,1,613.1429999999999
CCOc1cc2ncc(C#N)c(Nc3ccc(OCc4nccn4C)c(Cl)c3)c2cc1NC(=O)/C=C/CN(C)C,625.0,6.204119982655925,1,560.058
CCOc1cc2ncc(C#N)c(Nc3ccc(O[C@@H](C)c4ccccc4)c(Cl)c3)c2cc1NC(=O)/C=C/CN(C)C,26000.0,4.585026652029182,0,570.0930000000001
CCOc1cc2ncc(C#N)c(Nc3ccc(O[C@@H]4CCc5ccccc54)c(Cl)c3)c2cc1NC(=O)/C=C/CN(C)C,2100.0,5.6777807052660805,0,582.1040000000002
CCOc1cc2ncc(C#N)c(Nc3ccc(O[C@H](C)c4ccccc4)c(Cl)c3)c2cc1NC(=O)/C=C/CN(C)C,76.0,7.119186407719209,1,570.0930000000001
CCOc1cc2ncc(C#N)c(Nc3ccc(O[C@H]4CCc5ccccc54)c(Cl)c3)c2cc1NC(=O)/C=C/CN(C)C,9800.0,5.008773924307505,0,582.1040000000002
CCOc1cc2ncc(C#N)c(Nc3ccc(Oc4ccccc4)c(Cl)c3)c2cc1NC(=O)/C=C/CN(C)C,184.0,6.735182176990463,1,542.0390000000001
CCOc1cc2ncc(C#N)c(Nc3ccc(Oc4ccncc4)c(Cl)c3)c2cc1NC(=O)/C=C/CN(C)C,8100.0,5.0915149811213505,0,543.0270000000002
CCOc1cc2ncc(C#N)c(Nc3ccc(Sc4nc(-c5ccccc5)cs4)c(Cl)c3)c2cc1NC(=O)/C=C/CN(C)C,13.0,7.886056647693163,1,641.222
CCOc1cc2ncc(C#N)c(Nc3ccc4c(c3)CCN4Cc3ccccc3)c2cc1NC(=O)/C=C/CN(C)C,230.0,6.638272163982407,1,546.6750000000002
CCOc1cc2ncc(C#N)c(Nc3ccc4c(ccn4Cc4ccccc4)c3)c2cc1NC(=O)/C=C/CN(C)C,15.0,7.823908740944319,1,544.6590000000001
CCOc1cc2ncc(C#N)c(Nc3ccc4c(ccn4S(=O)(=O)c4ccccc4)c3)c2cc1NC(=O)/C=C/CN(C)C,25.0,7.6020599913279625,1,594.697
CCOc1cc2ncc(C#N)c(Nc3cccc(Br)c3)c2cc1NC(=O)/C=C/CN(C)C,2970.0,5.527243550682788,0,494.3930000000002
CCOc1cc2ncc(C#N)c(Nc3cccc(Br)c3)c2cc1NC(=O)/C=C/CN1CCOCC1,33950.0,4.469160221383479,0,536.4300000000002
CCOc1cc2ncc(C#N)c(Nc3cccc(OCc4ccccc4)c3)c2cc1NC(=O)/C=C/CN(C)C,13200.0,4.87942606879415,0,521.6210000000002
CCOc1cc2ncnc(NCc3ccc(F)cc3)c2cc1OCC,231.0,6.636388020107856,1,341.38600000000014
CCOc1cc2ncnc(Nc3ccc(Cl)c(Cl)c3F)c2cc1NC(=O)/C=C/CN1C[C@@H]2OCCO[C@@H]2C1,7.0,8.154901959985743,1,562.4290000000002
CCOc1cc2ncnc(Nc3ccc(F)c(Cl)c3)c2cc1NC(=O)/C=C/CN1CC[C@@H]1COC,1.6,8.795880017344075,1,499.97400000000033
CCOc1cc2ncnc(Nc3ccc(F)c(Cl)c3)c2cc1NC(=O)/C=C/CN1CC[C@H]1COC,8.1,8.09151498112135,1,499.97400000000033
CCOc1cc2ncnc(Nc3ccc(F)c(Cl)c3)c2cc1NC(=O)/C=C/CN1C[C@@H]2OCCO[C@@H]2C1,8.1,8.09151498112135,1,527.9840000000003
CCOc1cc2ncnc(Nc3ccc(NS(=O)(=O)c4ccccc4)cc3)c2cc1NC(=O)/C=C/CN1CCCC1,45.0,7.346787486224656,1,572.6909999999999
CCOc1cc2ncnc(Nc3ccc(NS(=O)(=O)c4ccccc4)cc3)c2cc1NC(=O)/C=C/CN1CCN(C)CC1,290.0,6.5376020021010435,1,601.7329999999998
CCOc1cc2ncnc(Nc3ccc(NS(=O)(=O)c4ccccc4)cc3)c2cc1NC(=O)/C=C/CN1CCOCC1,174.0,6.7594507517174005,1,588.6899999999999
CCOc1cc2ncnc(Nc3ccc(OCc4cccc(F)c4)c(Cl)c3)c2cc1NC(=O)/C=C/CN1CCCC1,10.0,8.0,1,576.0719999999999
CCOc1cc2ncnc(Nc3ccc(OCc4cccc(F)c4)c(Cl)c3)c2cc1NC(=O)/C=C/CN1CCN(C)CC1,20.0,7.698970004336019,1,605.1139999999998
CCOc1cc2ncnc(Nc3ccc(OCc4cccc(F)c4)c(Cl)c3)c2cc1NC(=O)/C=C/CN1C[C@@H]2OCCO[C@@H]2C1,6.6,8.18045606445813,1,634.108
CCOc1cc2ncnc(Nc3ccc(OCc4ccccn4)c(Cl)c3)c2cc1NC(=O)/C(F)=C/CN(C)C,1.38,8.860120913598763,1,551.0220000000002
CCOc1cc2ncnc(Nc3ccc(OCc4ccccn4)c(Cl)c3)c2cc1NC(=O)/C=C/CN1C[C@@H]2OCCO[C@@H]2C1,1.7,8.769551078621726,1,617.106
CCOc1cc2ncnc(Nc3ccc(OCc4ccccn4)cc3)c2cc1NC(=O)/C=C/CN1CCCC1,278.0,6.555955204081924,1,524.6250000000002
CCOc1cc2ncnc(Nc3ccc(OCc4ccccn4)cc3)c2cc1NC(=O)/C=C/CN1CCN(C)CC1,1000.0,6.0,1,553.6670000000001
CCOc1cc2ncnc(Nc3ccc(Oc4cc5nncn5cn4)c(C)c3)c2cc1NC(=O)/C(F)=C/[C@@H]1CCCN1C,3.38,8.471083299722345,1,583.6279999999999
CCOc1cc2ncnc(Nc3ccc(Oc4cc5nncn5cn4)c(C)c3)c2cc1NC(=O)/C(F)=C/[C@H]1CCCN1C,1.016,8.993106292052099,1,583.6279999999999
CCOc1cc2ncnc(Nc3ccc(Oc4cc5nncn5cn4)c(C)c3)c2cc1NC(=O)/C(F)=C\[C@@H]1CCCN1C,3.68,8.434152181326482,1,583.6279999999999
CCOc1cc2ncnc(Nc3ccc(Oc4cc5nncn5cn4)c(C)c3)c2cc1NC(=O)/C(F)=C\[C@H]1CCCN1C,7.3,8.136677139879543,1,583.6279999999999
CCOc1cc2ncnc(Nc3ccc(Oc4cc5nncn5cn4)c(C)c3)c2cc1NC(=O)/C=C/[C@H]1CCCN1C,1.67,8.777283528852417,1,565.638
CCOc1cc2ncnc(Nc3ccc4c(ccn4S(=O)(=O)c4ccccc4)c3)c2cc1NC(=O)/C=C/CN(C)C,38.0,7.42021640338319,1,570.6750000000001
CCOc1cc2ncnc(Nc3ccc4c(ccn4S(=O)(=O)c4ccccc4)c3)c2cc1NC(=O)/C=C/CN1CCCC1,30.0,7.522878745280337,1,596.7129999999999
CCOc1cc2ncnc(Nc3ccc4c(ccn4S(=O)(=O)c4ccccc4)c3)c2cc1NC(=O)/C=C/CN1CCOCC1,100.0,7.0,1,612.7119999999999
CCOc1cc2ncnc(Nc3ccc4c(cnn4Cc4cccc(F)c4)c3)c2cc1NC(=O)/C=C/CN1C[C@@H]2OCCO[C@@H]2C1,1.6,8.795880017344075,1,623.6890000000001
CCOc1cc2ncnc(Nc3ccc4c(cnn4Cc4ccccc4)c3)c2cc1NC(=O)/C=C/CN(C(C)C)C(C)C,30.0,7.522878745280337,1,577.7330000000002
CCOc1cc2ncnc(Nc3ccc4c(cnn4Cc4ccccc4)c3)c2cc1NC(=O)/C=C/CN(C)C,12.0,7.920818753952375,1,521.6250000000002
CCOc1cc2ncnc(Nc3ccc4c(cnn4Cc4ccccc4)c3)c2cc1NC(=O)/C=C/CN1CCCC1,19.0,7.721246399047171,1,547.6630000000001
CCOc1cc2ncnc(Nc3ccc4c(cnn4Cc4ccccc4)c3)c2cc1NC(=O)/C=C/CN1CCCCC1,19.0,7.721246399047171,1,561.69
CCOc1cc2ncnc(Nc3ccc4c(cnn4Cc4ccccc4)c3)c2cc1NC(=O)/C=C/CN1CCN(C)CC1,23.0,7.638272163982407,1,576.705
CCOc1cc2ncnc(Nc3ccc4c(cnn4Cc4ccccc4)c3)c2cc1NC(=O)/C=C/CN1CCOCC1,27.0,7.568636235841013,1,563.6620000000001
CCOc1cc2ncnc(Nc3ccc4c(cnn4Cc4ccccc4)c3)c2cc1NC(=O)/C=C/CN1C[C@@H](C)N[C@@H](C)C1,19.0,7.721246399047171,1,590.7320000000002
CCOc1cc2ncnc(Nc3ccc4c(cnn4Cc4ccccc4)c3)c2cc1NC(=O)/C=C/CN1[C@H](C)CCC[C@@H]1C,128.0,6.892790030352131,1,589.744
CCOc1cc2ncnc(Nc3ccc4c(cnn4Cc4ccccc4)c3)c2cc1NC(=O)/C=C/CN1[C@H](C)CNC[C@@H]1C,198.0,6.703334809738469,1,590.7320000000001
CCOc1cc2ncnc(Nc3cccc(Br)c3)c2cc1OCC,215.0,6.667561540084395,1,388.26500000000016
CCOc1cc2ncnc(Nc3cccc(I)c3)c2cc1OCC,69.0,7.161150909262744,1,435.26500000000016
CCOc1ccc(-c2nc3ccccn3c2-c2ccnc(Nc3cc(C)c(C4CCN(CCS(C)(=O)=O)CC4)cc3OC)n2)cc1C(=O)Nc1c(F)cccc1F,1000.0,6.0,1,795.9130000000001
CCOc1ccc(-c2nc3ccccn3c2-c2ccnc(Nc3cc(C)c(N4CCC(CCS(C)(=O)=O)CC4)cc3OC)n2)cc1C(=O)Nc1c(F)cccc1F,1000.0,6.0,1,795.9130000000001
CCOc1ccc(-c2nc3ccccn3c2-c2ccnc(Nc3cc(C)c(N4CCCN(CCS(C)(=O)=O)CC4)cc3OC)n2)cc1C(=O)Nc1c(F)cccc1F,1000.0,6.0,1,810.9280000000001
CCOc1ccc(-c2nc3ccccn3c2-c2ccnc(Nc3cc(C)c(N4CCN(CCOC)CC4)cc3OC)n2)cc1C(=O)Nc1c(F)cccc1F,1000.0,6.0,1,748.8350000000004
CCOc1ccc(-c2nc3ccccn3c2-c2ccnc(Nc3cc(C)c(N4CCN(CCS(C)(=O)=O)CC4)cc3OC)n2)cc1C(=O)Nc1c(F)cccc1F,1000.0,6.0,1,796.9010000000001
CCOc1ccc(-c2nc3ccccn3c2-c2ccnc(Nc3cc(CC)c(N4CCC(CCS(C)(=O)=O)CC4)cc3OC)n2)cc1C(=O)Nc1c(F)cccc1F,1000.0,6.0,1,809.9400000000002
CCOc1ccc(-c2nc3ccccn3c2-c2ccnc(Nc3cc(CC)c(N4CCC(N5CCN(S(C)(=O)=O)CC5)CC4)cc3OC)n2)cc1C(=O)Nc1c(F)cccc1F,1000.0,6.0,1,866.008
CCOc1ccc(-c2nc3ccccn3c2-c2ccnc(Nc3cc(CC)c(N4CCN(CCS(C)(=O)=O)CC4)cc3OC)n2)cc1C(=O)Nc1c(F)cccc1F,1000.0,6.0,1,810.9280000000001
CCOc1ccc(-c2nc3ccccn3c2-c2ccnc(Nc3ccc(C4CCN(CC(C)C)CC4)cc3OC)n2)cc1C(=O)Nc1c(F)cccc1F,1000.0,6.0,1,731.8480000000003
CCOc1ccc(-c2nc3ccccn3c2-c2ccnc(Nc3ccc(C4CCN(CCS(C)(=O)=O)CC4)cc3OC)n2)cc1C(=O)Nc1c(F)cccc1F,1000.0,6.0,1,781.8860000000001
CCOc1ccc(-c2nc3ccccn3c2-c2ccnc(Nc3ccc(CCN4CCN(C)CC4)cc3OC)n2)cc1C(=O)Nc1c(F)cccc1F,1000.0,6.0,1,718.8090000000003
CCOc1ccc(-c2nc3ccccn3c2-c2ccnc(Nc3ccc(N4CCC(CCS(C)(=O)=O)CC4)cc3OC)n2)cc1C(=O)Nc1c(F)cccc1F,1000.0,6.0,1,781.8860000000001
CCOc1ccc(-c2nc3ccccn3c2-c2ccnc(Nc3ccc(N4CCC(N5CCC(CCS(C)(=O)=O)CC5)CC4)cc3OC)n2)cc1C(=O)Nc1c(F)cccc1F,1000.0,6.0,1,865.02
CCOc1ccc(-c2nc3ccccn3c2-c2ccnc(Nc3ccc(N4CCC(N5CCCCC5)CC4)c(C)c3OC)n2)cc1C(=O)Nc1c(F)cccc1F,1000.0,6.0,1,772.9010000000003
CCOc1ccc(-c2nc3ccccn3c2-c2ccnc(Nc3ccc(N4CCC(N5CCN(CCF)CC5)CC4)cc3OC)n2)cc1C(=O)Nc1c(F)cccc1F,1000.0,6.0,1,805.9060000000001
CCOc1ccc(-c2nc3ccccn3c2-c2ccnc(Nc3ccc(N4CCC(N5CCN(CCS(C)(=O)=O)CC5)CC4)cc3OC)n2)cc1C(=O)Nc1c(F)cccc1F,1000.0,6.0,1,866.008
CCOc1ccc(-c2nc3ccccn3c2-c2ccnc(Nc3ccc(N4CCC(N5CCN(S(C)(=O)=O)CC5)CC4)cc3OC)n2)cc1C(=O)Nc1c(F)cccc1F,1000.0,6.0,1,837.954
CCOc1ccc(-c2nc3ccccn3c2-c2ccnc(Nc3ccc(N4CCN(C(C)C)CC4)cc3OC)n2)cc1C(=O)Nc1c(F)cccc1F,1000.0,6.0,1,718.8090000000003
CCOc1ccc(-c2nc3ccccn3c2-c2ccnc(Nc3ccc(N4CCN(CCOC)CC4)cc3OC)n2)cc1C(=O)Nc1c(F)cccc1F,1000.0,6.0,1,734.8080000000003
CCOc1ccc(-c2nc3ccccn3c2-c2ccnc(Nc3ccc(N4CCN(S(C)(=O)=O)CC4)cc3OC)n2)cc1C(=O)Nc1c(F)cccc1F,1000.0,6.0,1,754.8200000000003
CCOc1ccc(C2=NN(C(C)=O)C(c3ccc(C(=O)OC(C)Cn4c([N+](=O)[O-])cnc4C)cc3)C2)cc1,18120.0,4.741841806659206,0,519.5580000000003
CCOc1ccc(C2=NN(C(C)=O)C(c3ccc(C(=O)OCCn4c([N+](=O)[O-])cnc4C)cc3)C2)cc1,14930.0,4.825940192274975,0,505.5310000000003
CCOc1ccc2c(C3SC(N(C(C)=O)[C@@H]4O[C@H](COC(C)=O)[C@H](OC(C)=O)[C@H](OC(C)=O)[C@H]4OC(C)=O)=NN3C(C)=O)cc(=O)oc2c1,130.0,6.886056647693163,1,705.6950000000002
CCOc1ccc2oc(=O)cc(C3SC(N(C(C)=O)[C@@H]4O[C@H](COC(C)=O)[C@H](OC(C)=O)[C@H](OC(C)=O)[C@H]4OC(C)=O)=NN3C(C)=O)c2c1,130.0,6.886056647693163,1,705.6950000000002
CCOc1cccc(Nc2ccnc3[nH]c4ccc(S(=O)(=O)N5CCN(CCO)CC5)cc4c23)c1,6530.0,5.185086818724926,0,495.60500000000036
CCOc1cccc(Nc2ccnc3[nH]c4ccc(S(=O)(=O)N5CCNCC5)cc4c23)c1,576.0,6.239577516576788,1,451.55200000000025
CCOc1cccc(Nc2ccnc3[nH]c4ccc(S(=O)(=O)N5CCOCC5)cc4c23)c1,54800.0,4.261219441515631,0,452.5360000000003
CCOc1nc2cccc(C(=O)O)c2n1Cc1ccc(-c2ccccc2-c2nnn[nH]2)cc1,5947.2,5.225687456248349,0,440.4630000000001
CCS(=O)(=O)CC(=O)NCCn1ccc2ncnc(Nc3ccc(Oc4cccc(C(F)(F)F)c4)c(Cl)c3)c21,8.5,8.070581074285707,1,582.0040000000001
CCS(=O)(=O)N1CCOC(COc2cc3ncnc(Nc4ccc(Cl)c(Cl)c4)c3cc2OC)C1,50.0,7.301029995663981,1,527.4300000000001
CCS(=O)(=O)N[C@H]1CN[C@H](C#Cc2cc3ncnc(Nc4ccc(OCc5cccc(F)c5)c(Cl)c4)c3s2)C1,87.0,7.060480747381382,1,586.1140000000001
CC[C@@H]1C(=O)N(C)c2cnc(Nc3ccc(C(=O)NC4CCN(C)CC4)cc3OC)nc2N1C1CCCC1,10000.0,5.0,0,521.6660000000004
CC[S@+]([O-])c1ccc(-c2coc3ccc(-c4ccc(C)o4)cc23)cc1,10000.0,5.0,0,350.4390000000001
CC[n+]1c(/C=C/c2ccc(-c3ccc4ncnc(Nc5ccc(OCc6cccc(F)c6)c(Cl)c5)c4c3)o2)sc2ccccc21,50.0,7.301029995663981,1,634.1560000000002
CC[n+]1c(/C=C/c2ccc(-c3ccc4ncnc(Nc5ccc(OCc6cccc(F)c6)c(Cl)c5)c4c3)s2)sc2ccccc21,105.0,6.978810700930062,1,650.2240000000002
CCc1c(/C=C2\C(=O)Nc3ccccc32)[nH]c(C)c1C,100000.0,4.0,0,266.344
CCc1c(C(=O)N(C)C)cn2ncnc(Nc3ccc4c(cnn4Cc4ccccc4)c3)c12,500.0,6.301029995663981,1,439.5230000000002
CCc1c(C(=O)NC)cn2ncnc(Nc3ccc4c(cnn4Cc4ccccc4)c3)c12,130.0,6.886056647693163,1,425.49600000000015
CCc1c(C(=O)NCCCn2ccnc2)cn2ncnc(Nc3ccc4c(cnn4Cc4ccccc4)c3)c12,4276.666666666667,5.368894598344734,0,519.6130000000002
CCc1c(C(=O)O)cn2ncnc(Nc3ccc4c(cnn4Cc4ccccc4)c3)c12,40.0,7.3979400086720375,1,412.4530000000001
CCc1c(C(=O)OCCCn2ccnc2)cn2ncnc(Nc3ccc4c(cnn4Cc4ccccc4)c3)c12,1646.6666666666667,5.7833943057960155,0,520.5970000000002
CCc1c(C(N)=O)cn2ncnc(Nc3ccc4c(cnn4Cc4ccccc4)c3)c12,110.0,6.958607314841775,1,411.4690000000001
CCc1c(C)[nH]c(/C=C2\C(=O)Nc3ccccc32)c1C,100000.0,4.0,0,266.344
CCc1c(CC(=O)O)cn2ncnc(Nc3ccc4c(cnn4Cc4ccccc4)c3)c12,680.0,6.167491087293763,1,426.4800000000002
CCc1c(CC(N)=O)cn2ncnc(Nc3ccc4c(cnn4Cc4ccccc4)c3)c12,2400.0,5.619788758288394,0,425.4960000000002
CCc1c(CO)cn2ncnc(Nc3ccc4c(cnn4Cc4ccccc4)c3)c12,730.0,6.136677139879544,1,398.47000000000014
CCc1c(NC(=O)OCCn2ccnc2)cn2ncnc(Nc3ccc4c(cnn4Cc4ccccc4)c3)c12,453.3333333333333,6.343582346349445,1,521.5850000000003
CCc1c(NC(=O)OCc2ccccc2)cn2ncnc(Nc3ccc4c(cnn4Cc4ccccc4)c3)c12,170.0,6.769551078621726,1,517.5930000000002
CCc1cc(N2CCC(N3CCCCC3)CC2)ccc1Nc1nccc(-c2c(-c3cccc(C(=O)Nc4c(F)cccc4F)c3)nc3ccccn23)n1,100.0,7.0,1,712.849
CCc1cc(Nc2nccc(-c3c(-c4ccc(OC)c(C(=O)Nc5c(F)cccc5F)c4)nc4ccccn34)n2)c(OC)cc1N1CCC(CCS(C)(=O)=O)CC1,1000.0,6.0,1,795.9129999999996
CCc1cc(Nc2nccc(-c3c(-c4ccc(OC)c(C(=O)Nc5c(F)cccc5F)c4)nc4ccccn34)n2)c(OC)cc1N1CCC(N2CCN(S(C)(=O)=O)CC2)CC1,8200.0,5.086186147616283,0,851.9809999999993
CCc1cc(Nc2nccc(-c3c(-c4ccc(OC)c(C(=O)Nc5c(F)cccc5F)c4)nc4ccccn34)n2)c(OC)cc1N1CCN(CCS(C)(=O)=O)CC1,1000.0,6.0,1,796.9009999999995
CCc1cc(Nc2nccc(-c3c(-c4cccc(C(=O)Nc5c(F)cccc5F)c4)nc4ccccn34)n2)c(OC)cc1N1CCC(N2CCN(S(C)(=O)=O)CC2)CC1,77.0,7.113509274827518,1,821.9549999999994
CCc1cc2c(cc1N1CCN(C3COC3)CC1)C(C)(C)c1[nH]c3cc(C#N)ccc3c1C2=O,50000.0,4.301029995663981,0,454.5740000000002
CCc1cc2c(cc1N1CCN(CC3(O)CCOCC3)CC1)C(C)(C)c1[nH]c3cc(C#N)ccc3c1C2=O,1000.0,6.0,1,512.6540000000003
CCc1ccc(-c2ccc3c(c2)-c2[nH]ncc2S(=O)(=O)N3C)cc1,10000.0,5.0,0,339.4200000000001
CCc1ccc(-c2ccc3c(c2)-c2c(cnn2C)S(=O)(=O)N3C)cc1,10000.0,5.0,0,353.44700000000006
CCc1ccc(/C=C2/C(=O)Nc3ccccc32)o1,100000.0,4.0,0,239.274
CCc1ccc(/C=C2\C(=O)Nc3ccccc32)s1,100000.0,4.0,0,255.342
CCc1ccc(C(C)NC(=O)c2cccc(C(F)(F)F)c2)cc1-c1ccc2nc(Nc3cnn(C)c3)ncc2c1,1000.0,6.0,1,544.5810000000001
CCc1cccc(NC(=O)CSc2nc3cc4ccccc4cc3c(=O)n2-c2ccc(S(N)(=O)=O)cc2)c1,42.0,7.376750709602099,1,544.6580000000002
CCc1cnc(CSc2cnc(NC(C)=O)s2)o1,25000.0,4.6020599913279625,0,283.378
CCc1ncnc(Nc2ccc(OCc3cccc(F)c3)c(Cl)c2)c1C,2900.0,5.5376020021010435,0,371.8430000000001
CN(C(=O)N(CCCl)N=O)c1ccc2ncnc(Nc3cccc(Br)c3)c2c1,3060.0,5.51427857351842,0,463.7230000000001
CN(C(=O)N(CCCl)N=O)c1ccc2ncnc(Nc3cccc(Cl)c3)c2c1,680.0,6.167491087293763,1,419.2720000000001
CN(C(=O)c1ccc(N(CCCl)CCCl)cc1)c1ccccc1,22750.0,4.643018599006869,0,351.277
CN(C(=O)c1ccccc1)C1CN[C@H](C(=O)N2CC=C(c3ccccc3)CC2)[C@@H](C(=O)NO)C1,10.0,8.0,1,462.55000000000024
CN(C(=O)c1ccccc1)C1CN[C@H](C(=O)N2CC[C@H](c3ccccc3)C2)[C@@H](C(=O)NO)C1,29.0,7.5376020021010435,1,450.5390000000002
CN(C)/C=C/C(=O)Nc1ccc2ncnc(Nc3cccc(Br)c3)c2c1,25710.0,4.58989792335714,0,412.29100000000005
CN(C)/N=C/c1c(N)ncnc1Nc1ccc2c(cnn2Cc2cccc(F)c2)c1,8.5,8.070581074285707,1,404.45300000000015
CN(C)C(=O)/C=C/CC1CCNC[C@H]1n1nc(C(=O)Nc2ccc(OC(=O)N(C)C)c3ccccc23)c2c(N)ncnc21,19.0,7.721246399047171,1,585.669
CN(C)C(=O)CN1CCN([C@H]2CC[C@H](n3nc(-c4ccc(Nc5nc6cccc(Cl)c6o5)cc4)c4c(N)ncnc43)CC2)CC1,21.5,7.667561540084395,1,629.1689999999998
CN(C)C(=O)O[C@@H]1CN[C@@H](C#Cc2cc3ncnc(Nc4ccc(OCc5cccc(F)c5)c(Cl)c4)c3s2)C1,40.0,7.3979400086720375,1,566.0580000000001
CN(C)C(=O)O[C@@H]1CN[C@H](C#Cc2cc3ncnc(Nc4ccc(OCc5cccc(F)c5)c(Cl)c4)c3s2)C1,63.0,7.200659450546418,1,566.0580000000001
CN(C)C(=O)O[C@H]1CN[C@@H](C#Cc2cc3ncnc(Nc4ccc(OCc5cccc(F)c5)c(Cl)c4)c3s2)C1,63.0,7.200659450546418,1,566.0580000000001
CN(C)C(=O)O[C@H]1CN[C@H](C#Cc2cc3ncnc(Nc4ccc(OCc5cccc(F)c5)c(Cl)c4)c3s2)C1,48.666666666666664,7.3127683989352255,1,566.0580000000001
CN(C)C(=O)O[C@H]1C[C@H](C(=O)NO)[C@@H](C(=O)N2CCN(c3ccccc3)CC2)N(C)C1,31.0,7.508638306165727,1,433.50900000000024
CN(C)C(CS(C)(=O)=O)c1ccc(-c2ccc3ncnc(Nc4ccc(OCc5cccc(F)c5)c(Cl)c4)c3c2)o1,3.6,8.443697499232712,1,595.0960000000002
CN(C)C/C=C(/F)C(=O)Nc1cc2c(Nc3ccc(F)c(Cl)c3)ncnc2cc1O[C@H]1CCOC1,97.1,7.012780770091995,1,503.93700000000035
CN(C)C/C=C(\F)C(=O)Nc1cc2c(Nc3ccc(F)c(Cl)c3)ncnc2cc1O[C@H]1CCOC1,149.4,6.82564940252062,1,503.93700000000035
CN(C)C/C=C/C(=O)N1CCN[C@H](n2nc(C(=O)Nc3ccc(CC(=O)N(C)C)c4ccccc34)c3c(N)ncnc32)C1,19.0,7.721246399047171,1,584.6850000000001
CN(C)C/C=C/C(=O)N1CCOc2c1ccc1ncnc(Nc3ccc(OCc4cc(F)ccc4Cl)cc3)c21,50.0,7.301029995663981,1,548.0180000000001
CN(C)C/C=C/C(=O)N1CCOc2c1ccc1ncnc(Nc3ccc(OCc4cc(F)ccc4F)cc3)c21,50.0,7.301029995663981,1,531.5630000000002
CN(C)C/C=C/C(=O)N1CCOc2c1ccc1ncnc(Nc3ccc(OCc4ccc(Cl)cc4)cc3)c21,50.0,7.301029995663981,1,530.0280000000001
CN(C)C/C=C/C(=O)N1CCOc2c1ccc1ncnc(Nc3ccc(OCc4ccc(F)cc4)cc3)c21,50.0,7.301029995663981,1,513.5730000000002
CN(C)C/C=C/C(=O)N1CCOc2c1ccc1ncnc(Nc3ccc(OCc4cccc(C#N)c4)cc3)c21,50.0,7.301029995663981,1,520.5930000000002
CN(C)C/C=C/C(=O)N1CCOc2c1ccc1ncnc(Nc3ccc(OCc4cccc(C(F)(F)F)c4)cc3)c21,50.0,7.301029995663981,1,563.5800000000002
CN(C)C/C=C/C(=O)N1CCOc2c1ccc1ncnc(Nc3ccc(OCc4cccc(Cl)c4)cc3)c21,50.0,7.301029995663981,1,530.0280000000001
CN(C)C/C=C/C(=O)N1CCOc2c1ccc1ncnc(Nc3ccc(OCc4cccc(F)c4)c(C(F)(F)F)c3)c21,50.0,7.301029995663981,1,581.5700000000003
CN(C)C/C=C/C(=O)N1CCOc2c1ccc1ncnc(Nc3ccc(OCc4cccc(F)c4)c(Cl)c3)c21,50.0,7.301029995663981,1,548.0180000000001
CN(C)C/C=C/C(=O)N1CCOc2c1ccc1ncnc(Nc3ccc(OCc4cccc(F)c4)c(F)c3)c21,50.0,7.301029995663981,1,531.5630000000002
CN(C)C/C=C/C(=O)N1CCOc2c1ccc1ncnc(Nc3ccc(OCc4cccc(F)c4)cc3)c21,50.0,7.301029995663981,1,513.5730000000002
CN(C)C/C=C/C(=O)N1CCOc2c1ccc1ncnc(Nc3ccc(OCc4ccccc4)cc3)c21,50.0,7.301029995663981,1,495.5830000000002
CN(C)C/C=C/C(=O)N1CCOc2c1ccc1ncnc(Nc3ccc(OCc4ccccc4Cl)cc3)c21,50.0,7.301029995663981,1,530.0280000000001
CN(C)C/C=C/C(=O)N1CCOc2c1ccc1ncnc(Nc3ccc(OCc4ccccc4F)cc3)c21,50.0,7.301029995663981,1,513.5730000000002
CN(C)C/C=C/C(=O)N1CCOc2c1ccc1ncnc(Nc3ccc(OCc4ccccn4)c(Cl)c3)c21,50.0,7.301029995663981,1,531.0160000000002
CN(C)C/C=C/C(=O)N1CCOc2c1ccc1ncnc(Nc3ccc(OCc4ccccn4)cc3)c21,50.0,7.301029995663981,1,496.5710000000002
CN(C)C/C=C/C(=O)N1CCOc2c1ccc1ncnc(Nc3ccc(OCc4cccnc4)cc3)c21,50.0,7.301029995663981,1,496.5710000000002
CN(C)C/C=C/C(=O)N1CCOc2c1ccc1ncnc(Nc3ccc(OCc4cccs4)cc3)c21,50.0,7.301029995663981,1,501.6120000000002
CN(C)C/C=C/C(=O)N1CCOc2c1ccc1ncnc(Nc3ccc(OCc4ccncc4)cc3)c21,50.0,7.301029995663981,1,496.5710000000002
CN(C)C/C=C/C(=O)N1CCOc2c1ccc1ncnc(Nc3ccc(OCc4nccs4)cc3)c21,50.0,7.301029995663981,1,502.6000000000002
CN(C)C/C=C/C(=O)N1CCOc2c1ccc1ncnc(Nc3ccc(Oc4cc(Cl)ccc4F)cc3)c21,50.0,7.301029995663981,1,533.9910000000001
CN(C)C/C=C/C(=O)N1CCOc2c1ccc1ncnc(Nc3ccc(Oc4cc(F)ccc4F)cc3)c21,50.0,7.301029995663981,1,517.5360000000002
CN(C)C/C=C/C(=O)N1CCOc2c1ccc1ncnc(Nc3ccc(Oc4ccc(Cl)cc4)cc3)c21,50.0,7.301029995663981,1,516.0010000000001
CN(C)C/C=C/C(=O)N1CCOc2c1ccc1ncnc(Nc3ccc(Oc4ccc(F)cc4)cc3)c21,50.0,7.301029995663981,1,499.54600000000016
CN(C)C/C=C/C(=O)N1CCOc2c1ccc1ncnc(Nc3ccc(Oc4cccc(C(F)(F)F)c4)cc3)c21,50.0,7.301029995663981,1,549.5530000000001
CN(C)C/C=C/C(=O)N1CCOc2c1ccc1ncnc(Nc3ccc(Oc4cccc(Cl)c4)cc3)c21,50.0,7.301029995663981,1,516.0010000000001
CN(C)C/C=C/C(=O)N1CCOc2c1ccc1ncnc(Nc3ccc(Oc4cccc(F)c4)cc3)c21,50.0,7.301029995663981,1,499.54600000000016
CN(C)C/C=C/C(=O)N1CCOc2c1ccc1ncnc(Nc3ccc(Oc4ccccc4)c(Cl)c3)c21,50.0,7.301029995663981,1,516.0010000000001
CN(C)C/C=C/C(=O)N1CCOc2c1ccc1ncnc(Nc3ccc(Oc4ccccc4)c(F)c3)c21,50.0,7.301029995663981,1,499.54600000000016
CN(C)C/C=C/C(=O)N1CCOc2c1ccc1ncnc(Nc3ccc(Oc4ccccc4)cc3)c21,50.0,7.301029995663981,1,481.55600000000015
CN(C)C/C=C/C(=O)N1CCOc2c1ccc1ncnc(Nc3ccc(Oc4ccccc4F)cc3)c21,50.0,7.301029995663981,1,499.54600000000016
CN(C)C/C=C/C(=O)N1CCOc2c1ccc1ncnc(Nc3ccc(Oc4ccccn4)cc3)c21,50.0,7.301029995663981,1,482.54400000000015
CN(C)C/C=C/C(=O)N1CCOc2c1ccc1ncnc(Nc3ccc(Oc4cccnc4)cc3)c21,50.0,7.301029995663981,1,482.54400000000015
CN(C)C/C=C/C(=O)N1CCOc2c1ccc1ncnc(Nc3ccc(Oc4ccn5ncnc5c4)c(Cl)c3)c21,50.0,7.301029995663981,1,557.0140000000001
CN(C)C/C=C/C(=O)N1CCOc2c1ccc1ncnc(Nc3ccc(Oc4nccs4)cc3)c21,50.0,7.301029995663981,1,488.57300000000015
CN(C)C/C=C/C(=O)N1CCOc2c1ccc1ncnc(Nc3ccc(SCc4ccccc4)cc3)c21,50.0,7.301029995663981,1,511.6510000000002
CN(C)C/C=C/C(=O)N1CCOc2c1ccc1ncnc(Nc3ccc(Sc4ccc(F)cc4)cc3)c21,50.0,7.301029995663981,1,515.6140000000001
CN(C)C/C=C/C(=O)N1CCOc2cc3ncnc(Nc4ccc(F)c(Cl)c4)c3cc21,319.0,6.496209316942819,1,441.8940000000001
CN(C)C/C=C/C(=O)Nc1cc2c(Nc3ccc(Cc4ccccn4)cc3)ncnc2cn1,11.0,7.958607314841775,1,439.5230000000001
CN(C)C/C=C/C(=O)Nc1cc2c(Nc3ccc(F)c(Cl)c3)c(C#N)cnc2cc1OC(F)(F)F,4130.0,5.384049948343599,0,507.8750000000001
CN(C)C/C=C/C(=O)Nc1cc2c(Nc3ccc(F)c(Cl)c3)ncnc2cc1C#CC12COCC1C2,100.0,7.0,1,505.9810000000003
CN(C)C/C=C/C(=O)Nc1cc2c(Nc3ccc(F)c(Cl)c3)ncnc2cc1C#C[C@@H]1CCCO1,100.0,7.0,1,493.97000000000025
CN(C)C/C=C/C(=O)Nc1cc2c(Nc3ccc(F)c(Cl)c3)ncnc2cc1C#C[C@@H]1[C@H]2COC[C@@H]12,100.0,7.0,1,505.9810000000002
CN(C)C/C=C/C(=O)Nc1cc2c(Nc3ccc(F)c(Cl)c3)ncnc2cc1C#C[C@@]12COC[C@@H]1C2,100.0,7.0,1,505.9810000000003
CN(C)C/C=C/C(=O)Nc1cc2c(Nc3ccc(F)c(Cl)c3)ncnc2cc1C#C[C@H]1CCCO1,100.0,7.0,1,493.97000000000025
CN(C)C/C=C/C(=O)Nc1cc2c(Nc3ccc(F)c(Cl)c3)ncnc2cc1C#C[C@]12COC[C@H]1C2,100.0,7.0,1,505.9810000000003
CN(C)C/C=C/C(=O)Nc1cc2c(Nc3ccc(F)c(Cl)c3)ncnc2cc1OCC12COCC1C2,91.0,7.040958607678906,1,511.9850000000003
CN(C)C/C=C/C(=O)Nc1cc2c(Nc3ccc(F)c(Cl)c3)ncnc2cc1OCC1C2COCC21,6.0,8.221848749616356,1,511.98500000000024
CN(C)C/C=C/C(=O)Nc1cc2c(Nc3ccc(F)c(Cl)c3)ncnc2cc1OC[C@@]12COC[C@@H]1C2,22.0,7.657577319177793,1,511.9850000000003
CN(C)C/C=C/C(=O)Nc1cc2c(Nc3ccc(F)c(Cl)c3)ncnc2cc1O[C@@H]1CCOC1,14.0,7.853871964321762,1,485.94700000000023
CN(C)C/C=C/C(=O)Nc1cc2c(Nc3ccc(F)c(Cl)c3)ncnc2cc1O[C@H]1CCOC1,20.170588235294115,7.69528143626333,1,485.94700000000023
CN(C)C/C=C/C(=O)Nc1cc2c(Nc3ccc(F)c(Cl)c3)ncnc2cc1O[C@H]1CCOC1.O=C(O)/C=C\C(=O)O.O=C(O)/C=C\C(=O)O,1437.0,5.842543231865775,0,718.0910000000005
CN(C)C/C=C/C(=O)Nc1cc2c(Nc3ccc(F)c(Cl)c3)ncnc2cn1,2.0,8.698970004336019,1,400.845
CN(C)C/C=C/C(=O)Nc1cc2c(Nc3ccc(OCc4cccc(F)c4)c(Cl)c3)ncnc2cn1,42.0,7.376750709602099,1,506.96900000000016
CN(C)C/C=C/C(=O)Nc1cc2c(Nc3ccc(Oc4ccccc4)cc3)ncnc2cn1,100.0,7.0,1,440.5070000000001
CN(C)C/C=C/C(=O)Nc1cc2c(Nc3ccc4c(cnn4Cc4ccccc4)c3)ncnc2cn1,62.0,7.2076083105017466,1,478.5600000000001
CN(C)C/C=C/C(=O)Nc1cc2cnc(NC3=CCC(F)(Cl)C=C3)nc2cc1C#CC1CCOC1,100.0,7.0,1,495.9860000000003
CN(C)C/C=C/C(=O)Nc1cc2ncnc(Nc3ccc(F)c(Cl)c3)c2cc1O[C@@H]1CCOC1,6.2,8.207608310501746,1,485.94700000000023
CN(C)C/C=C/C(=O)Nc1ccc2ncc(C#N)c(Nc3ccc(F)c(Cl)c3)c2c1,1950.0,5.709965388637482,0,423.8790000000001
CN(C)C/C=C/C(=O)Nc1ccc2ncc(C#N)c(Nc3cccc(Br)c3)c2c1,4160.0,5.380906669373258,0,450.34000000000003
CN(C)C/C=C/C(=O)Nc1ccc2ncnc(Nc3cc(Cl)c(Cl)cc3F)c2c1,50.0,7.301029995663981,1,434.3020000000002
CN(C)C/C=C/C(=O)Nc1ccc2ncnc(Nc3ccc(OCc4cccc(F)c4)c(Cl)c3)c2c1-c1ccccc1,7.92,8.101274818410506,1,582.0790000000003
CN(C)C/C=C/C(=O)Nc1ccc2ncnc(Nc3ccc(OCc4ccccn4)c(Cl)c3)c2c1-c1ccccc1,2.67,8.573488738635424,1,565.0770000000003
CN(C)C/C=C/C(=O)Nc1ccc2ncnc(Nc3cccc(Br)c3)c2c1,301.0,6.521433504406157,1,426.3180000000001
CN(C)C/C=C/C(=O)Nc1ccc2ncnc3c2c1C=CN3c1ccc(F)c(Cl)c1,70.64,7.150949309430488,1,423.879
CN(C)C/C=C/C(=O)Nc1ccc2ncnc3c2c1C=CN3c1ccc(OCc2cccc(F)c2)c(Cl)c1,4.08,8.38933983691012,1,530.0030000000002
CN(C)C/C=C/C(=O)Nc1ccc2ncnc3c2c1C=CN3c1ccc(OCc2ccccn2)c(Cl)c1,2.73,8.563837352959244,1,513.0010000000002
CN(C)C/C=C/C(=O)Nc1ccc2ncnc3c2c1C=CN3c1cccc(Cl)c1F,113.6,6.9446216686249995,1,423.879
CN(C)C/C=C/C(=O)Nc1ccc2ncnc3c2c1CCN3c1ccc(F)c(Cl)c1,51.64,7.287013766405617,1,425.8950000000001
CN(C)C/C=C/C(=O)Nc1ccc2ncnc3c2c1CCN3c1ccc(OCc2cccc(F)c2)c(Cl)c1,4.35,8.361510743045363,1,532.0190000000002
CN(C)C/C=C/C(=O)Nc1ccc2ncnc3c2c1CCN3c1ccc(OCc2ccccn2)c(Cl)c1,1.55,8.809668301829708,1,515.0170000000003
CN(C)C/C=C/C(=O)Nc1ccc2ncnc3c2c1CCN3c1cccc(Cl)c1F,300.9,6.5215778122599195,1,425.8950000000001
CN(C)C/C=C\C(=O)N1CCCC(n2nc(Nc3ccc(OC(=O)N(C)C)c4ccccc34)c3c(N)ncnc32)C1,19.0,7.721246399047171,1,557.6590000000001
CN(C)C1CCN(Cc2ccn3ncnc(Nc4ccc5c(cnn5Cc5cccc(F)c5)c4)c23)CC1,110.0,6.958607314841775,1,498.61000000000035
CN(C)CC#CC(=O)Nc1ccc2ncnc(Nc3cccc(Br)c3)c2c1,14.0,7.853871964321762,1,424.3020000000001
CN(C)CC/C=C/C(=O)Nc1cc2c(Nc3ccc(F)c(Cl)c3)ncnc2cc1OC[C@]12COC[C@H]1C2,23.0,7.638272163982407,1,526.0120000000003
CN(C)CCCN1c2ccccc2Sc2ccc(Cl)cc21,19366.0,4.712960072482757,0,318.8730000000001
CN(C)CCCNC(=O)/C=C/C(=O)Nc1cc2c(Nc3cccc(Br)c3)ncnc2cn1,13.0,7.886056647693163,1,498.3850000000001
CN(C)CCCNC(=O)/C=C/C(=O)Nc1ccc2ncnc(Nc3cccc(Br)c3)c2c1,207.0,6.684029654543083,1,497.3970000000001
CN(C)CCCNC(=O)c1csc2nc(-c3ccc(NC(=O)Nc4cc(C(C)(C)C)on4)cc3)cn12,10000.0,5.0,0,509.63600000000025
CN(C)CCCOC(=O)/C=C/C(=O)Nc1ccc2ncnc(Nc3cccc(Br)c3)c2c1,110.0,6.958607314841775,1,498.38100000000014
CN(C)CCCOCc1ccn2ncnc(Nc3ccc4c(cnn4Cc4cccc(F)c4)c3)c12,560.0,6.251811972993799,1,473.5560000000002
CN(C)CCNc1cc2c(Nc3cccc(Br)c3)ncnc2cn1,379000.0,3.421360790031928,0,387.2850000000001
CN(C)CCOc1ccc(/C=C/c2cc(-c3cc4c(=O)[nH]cnc4[nH]3)ccn2)cc1,9500.0,5.022276394711152,0,401.47
CN(C)CCOc1cccc(Nc2nccc(-c3c(-c4cccc(C(=O)Nc5c(F)cc(F)cc5F)c4)nc4ccccn34)n2)c1,100.0,7.0,1,623.639
CN(C)CCOc1cccc(Nc2nccc(-c3c(-c4cccc(C(=O)Nc5c(F)cccc5F)c4)nc4ccccn34)n2)c1,100.0,7.0,1,605.6490000000001
CN(C)CCOc1cccc(Nc2nccc(-c3c(-c4cccc(C(=O)Nc5cc(C(F)(F)F)ccc5F)c4)nc4ccccn34)n2)c1,1000.0,6.0,1,655.6560000000001
CN(C)CCOc1cccc(Nc2nccc(-c3c(-c4cccc(C(=O)Nc5cc(Cl)ccc5F)c4)nc4ccccn34)n2)c1,100.0,7.0,1,622.104
CN(C)CCOc1cccc(Nc2nccc(-c3c(-c4cccc(C(=O)Nc5ccc(F)cc5F)c4)nc4ccccn34)n2)c1,100.0,7.0,1,605.6490000000001
CN(C)CCc1ccc(Nc2nccc(-c3c(-c4cccc(NC(=O)c5c(F)cccc5F)c4)nc4sccn34)n2)cc1,15.65,7.805485658117533,1,595.6790000000001
CN(C)CCc1cccc(Nc2nccc(-c3c(-c4cccc(NC(=O)Cc5ccccc5)c4)nc4sccn34)n2)c1,150.0,6.823908740944319,1,573.7260000000001
CN(C)Cc1ccc(-c2cc3c(Nc4ccc(OCc5cccc(F)c5)c(Cl)c4)ncnc3s2)[nH]1,246.0,6.609064892896621,1,508.0220000000001
CN(C)Cc1ccc(-c2cc3ncnc(Nc4ccc(OCc5cccc(F)c5)c(Cl)c4)c3s2)[nH]1,76.0,7.119186407719209,1,508.0220000000002
CN(C)Cc1ccc(-c2cc3ncnc(Nc4ccc(OCc5cccc(F)c5)c(Cl)c4)c3s2)o1,146.0,6.835647144215563,1,509.00600000000026
CN(C)S(=O)(=O)c1ccc(Nc2ccc(C(=O)c3c(F)cccc3F)c(N)n2)cc1,100000.0,4.0,0,432.4520000000001
CN(C)[C@@H](CS(C)(=O)=O)c1ccc(-c2ccc3ncnc(Nc4ccc(OCc5cccc(F)c5)c(Cl)c4)c3c2)o1,26.1,7.583359492661719,1,595.0960000000002
CN(C)[C@H](CS(C)(=O)=O)c1ccc(-c2ccc3ncnc(Nc4ccc(OCc5cccc(F)c5)c(Cl)c4)c3c2)o1,0.5,9.301029995663981,1,595.0960000000002
CN(C)c1cc2c(Nc3ccc4c(cnn4Cc4ccccc4)c3)ncnc2cn1,61.0,7.214670164989233,1,395.47
CN(C)c1ccc(/C=C2\C(=O)N(C)c3ccccc32)cc1,100000.0,4.0,0,278.35499999999996
CN(C)c1ccc(/C=C2\C(=O)Nc3cc(F)ccc32)cc1,100000.0,4.0,0,282.318
CN(C)c1ccc(/C=C2\C(=O)Nc3ccccc32)cc1,100000.0,4.0,0,264.328
CN(C)c1ccc(C(=O)Nc2cccc(NC(=O)COc3ccc4c(=O)ccoc4c3)c2)cc1,10000.0,5.0,0,457.4860000000002
CN(C/C=C/C(=O)N1CCOc2c1ccc1ncnc(Nc3ccc(OCc4ccccn4)c(Cl)c3)c21)C1CC1,50.0,7.301029995663981,1,557.0540000000001
CN(C/C=C/C(=O)N1CCOc2c1ccc1ncnc(Nc3ccc(OCc4ccccn4)c(Cl)c3)c21)C1CCC1,50.0,7.301029995663981,1,571.081
CN(C/C=C/C(=O)N1CCOc2c1ccc1ncnc(Nc3ccc(OCc4ccccn4)c(Cl)c3)c21)CCCO,50.0,7.301029995663981,1,575.0690000000001
CN(C/C=C/C(=O)N1CCOc2c1ccc1ncnc(Nc3ccc(OCc4ccccn4)c(Cl)c3)c21)CCO,50.0,7.301029995663981,1,561.0420000000001
CN(C/C=C/C(=O)N1CCOc2c1ccc1ncnc(Nc3ccc(Oc4ccn5ncnc5c4)c(Cl)c3)c21)C1CCC1,50.0,7.301029995663981,1,597.079
CN(C/C=C/C(=O)Nc1ccc2ncnc(Nc3cccc(Br)c3)c2c1)CCO,414.0,6.382999658879101,1,456.34400000000016
CN(CCCOc1ccc2ncnc(Nc3ccc(OCc4ccccc4)cc3)c2c1)CCS(C)(=O)=O,1778.0,5.7500682433658055,0,520.6550000000003
CN(CCCl)C(=O)Nc1ccc2ncnc(Nc3cccc(Br)c3)c2c1,11080.0,4.955460239607589,0,434.72500000000014
CN(CCCl)C(=O)Nc1ccc2ncnc(Nc3cccc(Cl)c3)c2c1,23030.0,4.637706062035769,0,390.27400000000017
CN(CCO)C(=O)COc1cccc2ncnc(Nc3ccc(OCc4ccccn4)c(Cl)c3)c12,120.0,6.920818753952375,1,493.9510000000002
CN(CCO)Cc1ccn2ncnc(Nc3ccc4c(cnn4Cc4cccc(F)c4)c3)c12,110.0,6.958607314841775,1,445.5020000000002
CN(CCO)c1cc2c(Nc3ccc4c(cnn4Cc4ccccc4)c3)ncnc2cn1,30.0,7.522878745280337,1,425.4960000000001
CN(CCOc1cccc2ncnc(Nc3ccc(OCc4ccccn4)c(Cl)c3)c12)C(=O)CO,23.5,7.628932137728263,1,493.9510000000003
CN(CCc1ccc(-c2ccccc2)cc1)Cc1cn(C)c2ccc(C(=O)Nc3ccc(F)cc3)cc12,24000.0,4.619788758288394,0,491.6100000000002
CN(CCn1ccc2ncnc(Nc3ccc(Oc4cccc(C(F)(F)F)c4)c(Cl)c3)c21)C(=O)CO,5.7,8.244125144327509,1,519.9110000000003
CN(c1ccc(F)c(NC(=O)c2cccc(OC(C)(C)C#N)c2Cl)c1)c1ccc2nc(NC(=O)C3CC3)sc2n1,1200.0,5.920818753952375,0,579.0570000000001
CN/C(=N\C#N)N1CCOC(COc2cc3ncnc(Nc4ccc(Cl)c(C)c4)c3cc2OC)C1,50.0,7.301029995663981,1,495.9710000000003
CN/N=C/c1c(N)ncnc1Nc1ccc2c(cnn2Cc2cccc(F)c2)c1,222.5,6.652669984683049,1,390.4260000000001
CN1C(=O)/C(=C\c2ccc(Br)cc2)c2ccccc21,22500.0,4.647817481888637,0,314.182
CN1C(=O)COc2c1cnc1ccc(Sc3nnc4c(F)cc(-c5cnn(C)c5)cn34)cc21,30000.0,4.522878745280337,0,461.48200000000014
CN1C(=O)c2ccc(NC(=O)CSc3nc4cc5ccccc5cc4c(=O)n3-c3ccc(S(N)(=O)=O)cc3)cc2C1=O,1320.0,5.87942606879415,0,599.6500000000002
CN1CC(CC(=O)N2CCCC2)C[C@H](C(=O)NO)[C@H]1C(=O)N1CCN(c2ccccc2)CC1,194.0,6.7121982700697735,1,457.5750000000003
CN1CC(CC(=O)N2CCCCC2)C[C@H](C(=O)NO)[C@H]1C(=O)N1CCN(c2ccccc2)CC1,102.0,6.991399828238082,1,471.60200000000026
CN1CC2(CC2)C[C@H](C(=O)NO)[C@H]1C(=O)N1CC=C(c2ccccc2)CC1,160.0,6.795880017344075,1,369.46500000000015
CN1CC2(CC2)C[C@H](C(=O)NO)[C@H]1C(=O)N1CCN(c2ccccc2)CC1,230.0,6.638272163982407,1,372.4690000000001
CN1CCC(COc2ccc3c(Nc4ccc(NC(=O)Nc5cccc(F)c5)cc4)ncnc3c2)CC1,10000.0,5.0,0,500.5780000000002
CN1CCC(N2CCC(n3nc(-c4ccc(Nc5nc6cccc(Cl)c6o5)cc4)c4c(N)ncnc43)CC2)CC1,14.5,7.838631997765025,1,558.0899999999999
CN1CCC(Nc2ncc3ncnc(Nc4ccc(F)c(Cl)c4)c3n2)CC1,1701.5,5.769168046568172,0,387.85000000000014
CN1CCC(Oc2cccc3ncnc(Nc4ccc(OCc5cccc(F)c5)c(Cl)c4)c23)CC1,29.0,7.5376020021010435,1,492.98200000000026
CN1CCC(Oc2cccc3ncnc(Nc4ccc(OCc5ccccn5)c(Cl)c4)c23)CC1,31.5,7.501689446210399,1,475.9800000000003
CN1CCC(Oc2cccc3ncnc(Nc4ccc(OCc5ccccn5)cc4)c23)CC1,70.0,7.154901959985743,1,441.53500000000025
CN1CCC(Oc2cccc3ncnc(Nc4ccc(OCc5cnccn5)c(Cl)c4)c23)CC1,2.0,8.698970004336019,1,476.96800000000025
CN1CCC(Oc2cccc3ncnc(Nc4ccc(OCc5cscn5)c(Cl)c4)c23)CC1,2.0,8.698970004336019,1,482.0090000000003
CN1CCC=C(C(=O)Nc2ccc3ncnc(Nc4cccc(Br)c4)c3c2)C1,5042.0,5.297397158659573,0,438.3290000000001
CN1CCCN(Cc2ccn3ncnc(Nc4ccc5c(cnn5Cc5cccc(F)c5)c4)c23)CC1,120.0,6.920818753952375,1,484.5830000000003
CN1CCC[C@@H]1/C=C/C(=O)Nc1ccc2ncnc(Nc3ccc(OCc4cccc(F)c4)c(Cl)c3)c2c1-c1ccccc1,10.74,7.968995718636463,1,608.1170000000002
CN1CCC[C@@H]1/C=C/C(=O)Nc1ccc2ncnc(Nc3ccc(OCc4ccccn4)c(Cl)c3)c2c1,6.05,8.21824462534753,1,515.0170000000003
CN1CCC[C@@H]1/C=C/C(=O)Nc1ccc2ncnc(Nc3ccc(OCc4ccccn4)c(Cl)c3)c2c1-c1ccccc1,6.03,8.219682687859848,1,591.1150000000002
CN1CCC[C@@H]1/C=C/C(=O)Nc1ccc2ncnc3c2c1C=CN3c1ccc(OCc2ccccn2)c(Cl)c1,2.13,8.671620396561263,1,539.0390000000003
CN1CCC[C@@H]1/C=C/C(=O)Nc1ccc2ncnc3c2c1CCN3c1ccc(OCc2ccccn2)c(Cl)c1,2.96,8.528708288941061,1,541.0550000000004
CN1CCC[C@H]1/C=C/C(=O)N1CCOc2c1ccc1ncnc(Nc3ccc(OCc4ccccn4)c(Cl)c3)c21,50.0,7.301029995663981,1,557.0540000000002
CN1CCN(/N=C/c2c(N)ncnc2Nc2ccc3c(cnn3Cc3cccc(F)c3)c2)CC1,258.5,6.587539452570039,1,459.53300000000024
CN1CCN(C(=O)CC2CC[C@H](C(=O)N3CCN(c4ccccc4)CC3)[C@@H](C(=O)NO)C2)CC1,100.0,7.0,1,471.60200000000026
CN1CCN(C(=O)COc2cccc3ncnc(Nc4ccc(OCc5ccccn5)c(Cl)c4)c23)CC1,350.0,6.455931955649724,1,519.0050000000002
CN1CCN(C(=O)c2ccc(-c3ccc4ncnc(Nc5ccc(OCc6cccc(F)c6)c(Cl)c5)c4c3)o2)CC1.Cc1ccc(S(=O)(=O)O)cc1,53.3,7.273272790973428,1,744.2450000000001
CN1CCN(C(C)(C)/C=C(\C#N)C(=O)N2CCC[C@@H](n3nc(-c4ccc(Oc5ccccc5)cc4F)c4c(N)ncnc43)C2)CC1,4346.0,5.361910278015494,0,623.7369999999997
CN1CCN(C/C=C/C(=O)N2CCOc3c2ccc2ncnc(Nc4ccc(OCc5ccccn5)c(Cl)c4)c32)CC1,50.0,7.301029995663981,1,586.096
CN1CCN(C/C=C/C(=O)N2CCOc3c2ccc2ncnc(Nc4ccc(Oc5ccccc5)cc4)c32)CC1,50.0,7.301029995663981,1,536.6360000000001
CN1CCN(C/C=C/C(=O)N2CCOc3c2ccc2ncnc(Nc4ccc(Oc5ccn6ncnc6c5)c(Cl)c4)c32)CC1,50.0,7.301029995663981,1,612.0939999999999
CN1CCN(C/C=C/C(=O)N2CCOc3cc4ncnc(Nc5ccc(F)c(Cl)c5)c4cc32)CC1,674.0,6.17134010346468,1,496.97400000000016
CN1CCN(C/C=C/C(=O)N2CCOc3cc4ncnc(Nc5ccc(OCc6cccc(F)c6)c(Cl)c5)c4cc32)CC1,12.0,7.920818753952375,1,603.098
CN1CCN(C/C=C/C(=O)Nc2cc3c(Nc4ccc(Cc5ccccn5)cc4)ncnc3cn2)CC1,1000.0,6.0,1,494.60300000000024
CN1CCN(C/C=C/C(=O)Nc2cc3c(Nc4ccc(F)c(Cl)c4)ncnc3cn2)CC1,89.0,7.050609993355087,1,455.9250000000002
CN1CCN(CC(=O)Nc2ccc3ncnc(Nc4ccc(OCc5cccc(F)c5)c(Cl)c4)c3c2)CC1,6.1,8.214670164989233,1,535.0230000000001
CN1CCN(CCC#CC(=O)Nc2cc3c(Nc4ccc(F)c(Br)c4)ncnc3cn2)CC1,2.0,8.698970004336019,1,512.3870000000002
CN1CCN(CCC#CC(=O)Nc2cc3c(Nc4ccc(F)c(Cl)c4)ncnc3cn2)CC1,0.8333333333333334,9.079181246047625,1,467.93600000000015
CN1CCN(CCCOc2ccc3ncnc(Nc4ccc(OCc5cccc(F)c5)c(Cl)c4)c3c2)CC1,8.3,8.080921907623926,1,536.0510000000002
CN1CCN(CCCOc2n[nH]c3ncnc(Nc4ccc(OCc5ccccn5)c(Cl)c4)c23)CC1,4.0,8.397940008672037,1,509.0140000000003
CN1CCN(CCOc2n[nH]c3ncnc(Nc4ccc(OCc5ccccn5)c(Cl)c4)c23)CC1,83.5,7.078313524516398,1,494.98700000000025
CN1CCN(Cc2ccc(-c3cc4ncnc(Nc5ccc(OCc6cccc(F)c6)c(Cl)c5)c4s3)o2)CC1,250.0,6.6020599913279625,1,564.086
CN1CCN(Cc2ccc(-c3ccc4ncnc(Nc5ccc(OCc6cccc(F)c6)c(Cl)c5)c4c3)o2)CC1.Cc1ccc(S(=O)(=O)O)cc1,23.7,7.6252516539898965,1,730.2620000000002
CN1CCN(Cc2ccn3ncnc(Nc4ccc5c(cnn5Cc5cccc(F)c5)c4)c23)CC1,120.0,6.920818753952375,1,470.55600000000027
CN1CCN([C@H]2CC[C@@H](n3nc(-c4ccc(Nc5nc6cccc(Cl)c6o5)c(F)c4)c4c(N)ncnc43)CC2)CC1,1350.0,5.8696662315049934,0,576.0799999999999
CN1CCN([C@H]2CC[C@@H](n3nc(-c4ccc(Nc5nc6cccc(Cl)c6o5)cc4)c4c(N)ncnc43)CC2)CC1,200.0,6.698970004336019,1,558.0899999999999
CN1CCN([C@H]2CC[C@H](n3nc(-c4ccc(Nc5nc6cccc(Cl)c6o5)c(Cl)c4)c4c(N)ncnc43)CC2)CC1,29.0,7.5376020021010435,1,592.5349999999999
CN1CCN([C@H]2CC[C@H](n3nc(-c4ccc(Nc5nc6cccc(Cl)c6o5)c(F)c4)c4c(N)ncnc43)CC2)CC1,189.0,6.723538195826756,1,576.0799999999999
CN1CCN([C@H]2CC[C@H](n3nc(-c4ccc(Nc5nc6cccc(Cl)c6o5)cc4)c4c(N)ncnc43)CC2)CC1,173.75,6.760075186737849,1,558.0899999999999
CN1CCN([C@H]2CC[C@H](n3nc(-c4ccc(Nc5nc6cccc(Cl)c6o5)cc4Cl)c4c(N)ncnc43)CC2)CC1,15.4,7.8124792791635365,1,592.5349999999999
CN1CCN([C@H]2C[C@@H](c3nc(-c4ccc5ccc(-c6ccccc6)nc5c4)c4c(N)nccn43)C2)CC1,30000.0,4.522878745280337,0,489.62700000000024
CN1CCN(c2ccc(Nc3ncc4nc(Nc5ccccc5)n(C5CCCC5)c4n3)cc2)CC1,60.0,7.221848749616356,1,468.6090000000003
CN1CCN(c2ccc(Nc3ncnc4cc5oc(=O)n(CCOC(=O)CBr)c5cc34)cc2Cl)CC1,33.0,7.481486060122112,1,575.8510000000001
CN1CCN(c2ccc(Nc3ncnc4cc5oc(=O)n(CCOC(=O)CCl)c5cc34)cc2Cl)CC1,9.0,8.045757490560675,1,531.4000000000002
CN1CCN(c2ccc3[nH]c(-c4n[nH]c5ncc(-c6cncc7ccccc67)cc45)nc3c2)CC1,6510.0,5.186419011431808,0,460.5450000000002
CN1CCN(c2ccc3nc(-c4n[nH]cc4/C=C/c4cccnc4)[nH]c3c2)CC1,9300.0,5.031517051446065,0,385.4750000000001
CN1CCN(c2ccnc(Nc3ccc(-c4nc5ccccc5s4)cc3)n2)CC1,10000.0,5.0,0,402.52700000000016
CN1CCN(c2nc(C3=C(c4c[nH]c5ccccc45)C(=O)NC3=O)c3ccccc3n2)CC1,10000.0,5.0,0,438.49100000000027
CN1CC[C@H](c2c(O)cc(O)c3c(=O)cc(-c4ccccc4Cl)oc23)[C@H](O)C1,15800.0,4.801342913045577,0,401.8460000000001
CN1CCc2cc(Nc3nccc(-c4c(-c5cccc(NC(=O)Cc6ccccc6)c5)nc5sccn45)n3)ccc2C1,160.0,6.795880017344075,1,571.71
CN1C[C@@H](OC(=O)N2CC=CC2)C[C@H](C(=O)NO)[C@H]1C(=O)N1CCN(c2ccccc2)CC1,3.8,8.42021640338319,1,457.5310000000003
CN1C[C@@H](OC(=O)N2CCC(F)(F)C2)C[C@H](C(=O)NO)[C@H]1C(=O)N1CCN(c2ccccc2)CC1,50.5,7.296708621881338,1,495.5270000000002
CN1C[C@@H](OC(=O)N2CCC2)C[C@H](C(=O)NO)[C@H]1C(=O)N1CCN(c2ccccc2)CC1,44.5,7.351639989019068,1,445.52000000000027
CN1C[C@@H](OC(=O)N2CCCC2)C[C@H](C(=O)NO)[C@H]1C(=O)N1CCN(c2ccccc2)CC1,11.5,7.939302159646388,1,459.54700000000025
CN1C[C@@H](OC(=O)N2CCCCC2)C[C@H](C(=O)NO)[C@H]1C(=O)N1CCN(c2ccccc2)CC1,7.3,8.136677139879543,1,473.57400000000024
CN1C[C@@H](OC(=O)N2CCCCCC2)C[C@H](C(=O)NO)[C@H]1C(=O)N1CCN(c2ccccc2)CC1,4.4,8.356547323513812,1,487.60100000000017
CN1C[C@@H](OC(=O)N2CCCCCCC2)C[C@H](C(=O)NO)[C@H]1C(=O)N1CCN(c2ccccc2)CC1,27.5,7.560667306169737,1,501.6280000000002
CN1c2ccc(NCc3ccc(C(C)(C)C)cc3)cc2-c2c(cnn2C)S1(=O)=O,10000.0,5.0,0,410.5430000000002
CNC(=O)CCN1CCC(Oc2cc3c(Nc4cccc(Cl)c4F)ncnc3cc2OC)CC1,550.0,6.259637310505756,1,487.96300000000025
CNC(=O)CN(C)CCOc1cc2c(Nc3cccc(Cl)c3F)ncnc2cc1OC,1500.0,5.823908740944319,0,447.8980000000002
CNC(=O)CN1CC(Oc2cc3c(Nc4cccc(Cl)c4F)ncnc3cc2OC)C1,1100.0,5.958607314841775,0,445.88200000000023
CNC(=O)CN1CCC(Oc2cc3c(Nc4cc(Cl)ccc4F)ncnc3cc2OC)CC1,860.0,6.0655015487564325,1,473.9360000000002
CNC(=O)CN1CCC(Oc2cc3c(Nc4ccc(F)c(Cl)c4)ncnc3cc2OC)CC1,264.0,6.578396073130169,1,473.9360000000002
CNC(=O)CN1CCC(Oc2cc3c(Nc4ccc(F)c(Cl)c4F)ncnc3cc2OC)CC1,89.0,7.050609993355087,1,491.9260000000002
CNC(=O)CN1CCC(Oc2cc3c(Nc4cccc(Cl)c4)ncnc3cc2OC)CC1,360.0,6.443697499232712,1,455.9460000000002
CNC(=O)CN1CCC(Oc2cc3c(Nc4cccc(Cl)c4F)ncnc3cc2OC)C1,250.0,6.6020599913279625,1,459.90900000000016
CNC(=O)CN1CCC(Oc2cc3c(Nc4cccc(Cl)c4F)ncnc3cc2OC)CC1,18.8,7.72584215073632,1,473.9360000000002
CNC(=O)CN1CCCC(Oc2cc3c(Nc4cccc(Cl)c4F)ncnc3cc2OC)C1,230.0,6.638272163982407,1,473.9360000000002
CNC(=O)NCc1cccc(C#Cc2cncnc2Nc2ccc(OCc3cccc(F)c3)c(Cl)c2)n1,69.0,7.161150909262744,1,516.9640000000002
CNC(=O)O[C@H]1CN[C@H](C#Cc2cc3ncnc(Nc4ccc(OCc5cccc(F)c5)c(Cl)c4)c3s2)C1,20.0,7.698970004336019,1,552.0310000000001
CNC(=O)[C@@H](C)Oc1cccc2ncnc(Nc3ccc(OCc4ccccn4)c(Cl)c3)c12,66.0,7.180456064458132,1,463.92500000000024
CNC(=O)[C@@H](C)Oc1cccc2ncnc(Nc3ccc4c(cnn4Cc4cccc(F)c4)c3)c12,57.0,7.2441251443275085,1,470.5080000000002
CNC(=O)[C@@H](C)Oc1cccc2ncnc(Nc3ccc4c(cnn4Cc4ccccn4)c3)c12,59.0,7.229147988357855,1,453.5060000000002
CNC(=O)[C@@H](C)Oc1cccc2ncnc(Nc3ccc4c(cnn4Cc4nccs4)c3)c12,240.0,6.619788758288394,1,459.5350000000002
CNC(=O)c1cc(Nc2ccc(-c3nc4ccccc4s3)cc2)ccn1,1100.0,5.958607314841775,0,360.44200000000006
CNC(=O)c1cc(Oc2ccc(NC(=O)Nc3cc(C(C)(C)C)nn3-c3ccc4ncccc4c3)c(F)c2)ccn1,1000.0,6.0,1,553.5980000000003
CNC(=O)c1cc(Oc2ccc(NC(=O)Nc3ccc(Cl)c(C(F)(F)F)c3)cc2)ccn1,97.89,7.009261671492463,1,464.83100000000013
CNC(=O)c1ccc(Oc2ccc(Nc3ncnc4ccc(C#CCNC(=O)COC)cc34)cc2C)cc1,10000.0,5.0,0,509.5660000000003
CNC(=O)c1cccc(C#Cc2cncnc2Nc2ccc(OCc3cccc(F)c3)c(Cl)c2)c1,32.0,7.494850021680094,1,486.9340000000002
CNC(=O)c1cccc(Oc2ccc(Nc3ncnc4ccc(C#CCNC(=O)COC)cc34)cc2C)c1,10000.0,5.0,0,509.5660000000004
CNC(=O)c1cccc2cc(Oc3ccnc(NC(=O)c4ccc(N5CCN(C)CC5)cc4)c3)ccc12,1000.0,6.0,1,495.5830000000003
CNC(=O)c1ccccc1Nc1nc(Nc2ccc(N3CCOCC3)cc2OC)ncc1Cl,710.0,6.1487416512809245,1,468.9450000000003
CNC(CS(C)(=O)=O)c1ccc(-c2ccc3ncnc(Nc4ccc(OCc5cccc(F)c5)c(Cl)c4)c3c2)o1,1.0,9.0,1,581.0690000000002
CNC1CC2OC(C)(C1OC)n1c3ccccc3c3c4c(c5c6ccccc6n2c5c31)C(=O)NC4,63.0,7.200659450546418,1,466.5410000000003
CNC1CCN(Cc2ccn3ncnc(Nc4ccc5c(cnn5Cc5cccc(F)c5)c4)c23)CC1,54.0,7.267606240177032,1,484.5830000000003
CNCCOc1n[nH]c2ncnc(Nc3ccc(OCc4ccccn4)c(Cl)c3)c12,501.5,6.299729062643563,1,425.88000000000017
CNCc1cncc(-c2cnc3[nH]nc(-c4nc5c(COC)cccc5[nH]4)c3c2)c1,100000.0,4.0,0,399.45800000000014
CNCc1cncc(-c2cnc3[nH]nc(-c4nc5cc(OC(F)(F)F)ccc5[nH]4)c3c2)c1,3820.0,5.4179366370882915,0,439.40100000000007
CN[C@@H]1CC2OC([C@@H]1OC)n1c3ccccc3c3c4c(c5c6ccccc6n2c5c31)C(=O)NC4,63.0,7.200659450546418,1,452.51400000000024
CN[C@@H]1C[C@H]2O[C@@](C)([C@@H]1OC)n1c3ccccc3c3c4c(c5c6ccccc6n2c5c31)C(=O)NC4,76.416,7.116815699222762,1,466.5410000000003
CN[C@H]1CO[C@H]2[C@@H]1OC[C@@H]2Oc1cc2ncnc(Nc3ccc(Br)c(Cl)c3)c2cc1OC,1000.0,6.0,1,521.7990000000001
CNc1cc(Nc2ccc(-c3nc4ccccc4s3)cc2)ccn1,10000.0,5.0,0,332.432
CNc1cc2c(Nc3ccc(OC4CCN(C(=O)Nc5c(F)cccc5F)CC4)c(C)c3)ncnc2cn1,102.5,6.989276134608227,1,519.5560000000002
CNc1cc2c(Nc3ccc(Oc4ccc(C(=O)NCC(C)(C)C)cc4)c(C)c3)ncnc2cn1,21.5,7.667561540084395,1,470.5770000000002
CNc1cc2c(Nc3cccc(Br)c3)ncnc2cn1,52000.0,4.2839966563652006,0,330.189
CNc1ccc2ncnc(Nc3cccc(Br)c3)c2c1,170.0,6.769551078621726,1,329.2010000000001
CNc1ccc2ncnc(Nc3cccc(C)c3)c2c1,2070.0,5.684029654543083,0,264.332
CNc1ccc2ncnc(Nc3cccc(Cl)c3)c2c1,890.0,6.050609993355087,1,284.75000000000006
CNc1ccnc(Nc2ccc(-c3nc4ccccc4s3)cc2)n1,10000.0,5.0,0,333.4200000000001
CNc1nccc(Nc2ccc(-c3nc4ccccc4s3)cc2)n1,10000.0,5.0,0,333.42
CO/N=C/c1c(N)ncnc1NCc1ccc(F)c(Cl)c1,5220.0,5.282329496997738,0,309.73199999999997
CO/N=C/c1c(N)ncnc1Nc1ccc(F)c(Cl)c1,204.0,6.690369832574102,1,295.70500000000004
CO/N=C/c1c(N)ncnc1Nc1ccc(OCc2cccc(F)c2)c(Cl)c1,18.0,7.7447274948966935,1,401.82900000000006
CO/N=C/c1c(N)ncnc1Nc1ccc(OCc2ccccc2)c(Cl)c1,153.0,6.815308569182402,1,383.83900000000006
CO/N=C/c1c(N)ncnc1Nc1ccc2[nH]c(Cc3cccc(F)c3)nc2c1,76.0,7.119186407719209,1,391.41000000000014
CO/N=C/c1c(N)ncnc1Nc1ccc2[nH]ncc2c1,4123.0,5.384786665198641,0,283.2950000000001
CO/N=C/c1c(N)ncnc1Nc1ccc2c(c1)CCN2Cc1cccc(F)c1,255.0,6.5934598195660445,1,392.43800000000016
CO/N=C/c1c(N)ncnc1Nc1ccc2c(ccn2Cc2cccc(F)c2)c1,27.0,7.568636235841013,1,390.42200000000014
CO/N=C/c1c(N)ncnc1Nc1ccc2c(cnn2Cc2ccc(F)cc2)c1,189.0,6.723538195826756,1,391.41000000000014
CO/N=C/c1c(N)ncnc1Nc1ccc2c(cnn2Cc2cccc(C#N)c2)c1,44.0,7.356547323513812,1,398.4300000000002
CO/N=C/c1c(N)ncnc1Nc1ccc2c(cnn2Cc2cccc(Cl)c2)c1,30.0,7.522878745280337,1,407.8650000000001
CO/N=C/c1c(N)ncnc1Nc1ccc2c(cnn2Cc2cccc(F)c2)c1,108.33333333333333,6.965237893740788,1,391.41000000000014
CO/N=C/c1c(N)ncnc1Nc1ccc2c(cnn2Cc2ccccc2)c1,22.0,7.657577319177793,1,373.42000000000013
CO/N=C/c1c(N)ncnc1Nc1cccc(Br)c1,557.0,6.254144804826271,1,322.16600000000005
COC(=O)C1=C(N)N(c2cccnc2)C2=C(C(=O)CCC2)C1c1cc2cc(C)ccc2n2nnnc12,5200.0,5.2839966563652006,0,481.5160000000003
COC(=O)C1=C(N)N(c2cccnc2)C2=C(C(=O)CCC2)C1c1cc2cc(Cl)ccc2n2nnnc12,9000.0,5.045757490560675,0,501.9340000000003
COC(=O)C1=C(N)N(c2cccnc2)C2=C(C(=O)CCC2)C1c1cc2cc(OC)ccc2n2nnnc12,2100.0,5.6777807052660805,0,497.5150000000003
COC(=O)C1=C(N)N(c2cccnc2)C2=C(C(=O)CCC2)C1c1cc2ccccc2n2nnnc12,1900.0,5.721246399047171,0,467.48900000000026
COC(=O)C1=Cc2c(ncnc2Nc2ccc(Oc3cccc(C(F)(F)F)c3)c(Cl)c2)NCC1,100.0,7.0,1,490.86900000000014
COC(=O)C1=Cc2c(ncnc2Nc2ccc(Oc3cccc4sccc34)c(Cl)c2)NCC1,18.0,7.7447274948966935,1,478.96100000000024
COC(=O)C1CCN(Cc2ccn3ncnc(Nc4ccc5c(cnn5Cc5cccc(F)c5)c4)c23)CC1,1000.0,6.0,1,513.5770000000003
COC(=O)CCCC(=O)Nc1cccc(C#Cc2cncnc2Nc2ccc(OCc3cccc(F)c3)c(Cl)c2)c1,29.0,7.5376020021010435,1,573.0240000000002
COC(=O)CCN1CCOC(COc2cc3ncnc(Nc4ccc(Cl)c(Cl)c4)c3cc2OC)C1,10500.0,4.978810700930062,0,521.4010000000002
COC(=O)CCc1c[nH]c(/C=C2\C(=O)Nc3ccccc32)c1C,100000.0,4.0,0,310.35300000000007
COC(=O)CNCc1ccc(-c2cc3c(Nc4ccc(OCc5ccccc5)cc4)ncnc3cn2)o1,13.0,7.886056647693163,1,495.5390000000002
COC(=O)COCc1ccn2ncnc(Nc3ccc4c(cnn4Cc4cccc(F)c4)c3)c12,280.0,6.552841968657781,1,460.4690000000002
COC(=O)N1CC2(CC2)C[C@H](C(=O)NO)[C@H]1C(=O)N1CC=C(c2ccccc2)CC1,68.0,7.167491087293763,1,413.4740000000002
COC(=O)N1CCC[C@@H]1C#Cc1cc2ncnc(Nc3ccc(OCc4cccc(F)c4)c(Cl)c3)c2s1,120.0,6.920818753952375,1,537.0160000000002
COC(=O)N1C[C@@H](OC(=O)N2CCCC2)C[C@H](C(=O)NO)[C@H]1C(=O)N1CCN(c2ccccc2)CC1,8.1,8.09151498112135,1,503.5560000000002
COC(=O)c1c(N)ncnc1Nc1ccc(OCc2ccccc2)c(Cl)c1,100.0,7.0,1,384.8230000000001
COC(=O)c1ccc2c(c1)NC(=O)/C2=C(\Nc1ccc(CN(C)C(=O)N(C)C)cc1)c1ccccc1,10000.0,5.0,0,484.55600000000027
COC(=O)c1ccc2c(c1)NC(=O)/C2=C(\Nc1ccc(N(C)C(=O)CN2CCN(C)CC2)cc1)c1ccccc1,30000.0,4.522878745280337,0,539.6360000000004
COC(=O)c1ccc2c(c1)S(=O)(=O)N=S2c1ccc(Br)cc1,1000.0,6.0,1,400.27500000000003
COC(=O)c1cccc2[nH]c(-c3n[nH]c4ncc(-c5cncc6ccccc56)cc34)nc12,100000.0,4.0,0,420.43200000000013
COC(=O)c1cncc(/C=C/c2c[nH]nc2-c2nc3ccc(OC)cc3[nH]2)c1,100000.0,4.0,0,375.3880000000001
COC/C=C/C(=O)N1CCC[C@@H](n2nc(-c3ccc(Oc4ccc5c(c4)ncn5C)c(C)c3)c3c(C)ncnc32)C1,5000.0,5.301029995663981,0,551.6510000000002
COC/C=C/C(=O)Nc1ccc2ncnc(Nc3cccc(Br)c3)c2c1,8832.0,5.0539409396148764,0,413.2750000000001
COC1=CC(=O)C(N[C@@H](CO)C(=O)O)=CC1=O,100000.0,4.0,0,241.19899999999998
COC1=CC(=O)C=C(/C=C2\CCCC3CCCCC23)C1=O,100000.0,4.0,0,286.3709999999999
COC1=CC(=O)C=CC1=O,29000.0,4.5376020021010435,0,138.12199999999999
COC1CCN(CCOc2n[nH]c3ncnc(Nc4ccc(OCc5ccccn5)c(Cl)c4)c23)CC1,43.0,7.366531544420414,1,509.99800000000033
COC1CCN(c2nccc(Nc3cc4c(cn3)nc(COCCN3CCN(c5ccc6c(c5)C(=O)N(C5CCC(=O)NC5=O)C6=O)CC3)n4C(C)C)n2)CC1,21500.0,4.667561540084395,0,765.8759999999999
COC1CCN(c2nccc(Nc3cc4c(cn3)nc(COCCOCCOCC(=O)N[C@H](C(=O)N3C[C@@H](O)C[C@@H]3C(=O)N[C@@H](C)c3ccc(-c5scnc5C)cc3)C(C)(C)C)n4C(C)C)n2)CC1,16700.0,4.777283528852417,0,970.2109999999999
COC1CCN(c2nccc(Nc3cc4c(cn3)nc(COCCOCCOCCOc3ccc5c(c3)C(=O)N(C3CCC(=O)NC3=O)C5=O)n4C(C)C)n2)CC1,24500.0,4.610833915635467,0,785.859
COC1CNCCN(Cc2ccn3ncnc(Nc4ccc5c(cnn5Cc5cccc(F)c5)c4)c23)C1,170.0,6.769551078621726,1,500.5820000000003
COCC#CC(=O)Nc1cc2c(Nc3cccc(Br)c3)c(C#N)cnc2cc1OC,380.0,6.42021640338319,1,465.3070000000002
COCC#CC(=O)Nc1ccc2ncc(C#N)c(Nc3cccc(Br)c3)c2c1,300.0,6.522878745280337,1,435.2810000000001
COCC#CC(=O)Nc1ccc2ncnc(Nc3cccc(Br)c3)c2c1,33.0,7.481486060122112,1,411.25900000000007
COCC(=O)NC/C=C/c1ccc2ncnc(Nc3ccc(Oc4cc5nncn5cn4)c(C)c3)c2c1,2.55,8.593459819566045,1,496.53100000000023
COCC(=O)NC/C=C/c1ccc2ncnc(Nc3ccc(Oc4ccc(C)nc4)c(C)c3)c2c1,1114.875,5.952773823067344,0,469.54500000000024
COCC(=O)NCC#Cc1ccc2ncnc(Nc3ccc(OC4CCN(C(=O)C5CCC5)CC4)c(C)c3)c2c1,100.5,6.997833938243493,1,541.6520000000005
COCC(=O)NCC#Cc1ccc2ncnc(Nc3ccc(OC4CCN(C(=O)C5CCCO5)CC4)c(C)c3)c2c1,1725.0,5.763210900590707,0,557.6510000000005
COCC(=O)NCC#Cc1ccc2ncnc(Nc3ccc(OC4CCN(C(=O)CC(C)(C)C)CC4)c(C)c3)c2c1,55.0,7.259637310505756,1,557.6950000000005
COCC(=O)NCC#Cc1ccc2ncnc(Nc3ccc(OC4CCN(C(=O)COC)CC4)c(C)c3)c2c1,10000.0,5.0,0,531.6130000000005
COCC(=O)NCC#Cc1ccc2ncnc(Nc3ccc(OC4CCN(C(=O)Nc5c(F)cccc5F)CC4)c(C)c3)c2c1,133.0,6.876148359032914,1,614.6530000000001
COCC(=O)NCC#Cc1ccc2ncnc(Nc3ccc(OC4CCN(C(=O)c5cccc(Cl)c5)CC4)c(C)c3)c2c1,142.5,6.846185135655471,1,598.1030000000001
COCC(=O)NCC#Cc1ccc2ncnc(Nc3ccc(OC4CCN(C(C)=O)CC4)c(C)c3)c2c1,10000.0,5.0,0,501.58700000000044
COCC(=O)NCC#Cc1ccc2ncnc(Nc3ccc(OC4CCN(C)CC4)c(C)c3)c2c1,10000.0,5.0,0,473.5770000000004
COCC(=O)NCC#Cc1ccc2ncnc(Nc3ccc(OC4CCNCC4)c(C)c3)c2c1,10000.0,5.0,0,459.55000000000035
COCC(=O)NCC#Cc1ccc2ncnc(Nc3ccc(Oc4ccc(C(=O)N(C)C)cc4)c(C)c3)c2c1,10000.0,5.0,0,523.5930000000004
COCC(=O)NCC#Cc1ccc2ncnc(Nc3ccc(Oc4ccc(C(=O)NC(C)(C)C)cc4)c(C)c3)c2c1,10000.0,5.0,0,551.6470000000003
COCC(=O)NCC#Cc1ccc2ncnc(Nc3ccc(Oc4ccc(C(=O)NCC(C)(C)C)cc4)c(C)c3)c2c1,81.5,7.088842391260023,1,565.6740000000003
COCC(=O)NCC#Cc1ccc2ncnc(Nc3ccc(Oc4ccc(C(=O)Nc5ccccc5)cc4)c(C)c3)c2c1,10000.0,5.0,0,571.6370000000002
COCC(=O)NCC#Cc1ccc2ncnc(Nc3ccc(Oc4cccc(C(=O)N(C)C)c4)c(C)c3)c2c1,10000.0,5.0,0,523.5930000000004
COCC(=O)NCC#Cc1ccc2ncnc(Nc3ccc(Oc4cccc(C(=O)NC(C)(C)C)c4)c(C)c3)c2c1,24.0,7.619788758288394,1,551.6470000000003
COCC(=O)NCC#Cc1ccc2ncnc(Nc3ccc(Oc4cccc(C(=O)NC5CCC5)c4)c(C)c3)c2c1,195.0,6.709965388637482,1,549.6310000000004
COCC(=O)NCC#Cc1ccc2ncnc(Nc3ccc(Oc4cccc(C(=O)NCC(C)(C)C)c4)c(C)c3)c2c1,120.0,6.920818753952375,1,565.6740000000003
COCC(=O)NCC#Cc1ccc2ncnc(Nc3ccc(Oc4cccc(C(=O)Nc5ccccc5)c4)c(C)c3)c2c1,140.0,6.853871964321762,1,571.6370000000002
COCC(=O)Nc1ccc2ncnc(Nc3cc(Cl)c(Cl)cc3F)c2c1,500.0,6.301029995663981,1,395.22100000000006
COCC1CCCN1CC#CC(=O)Nc1ccc2ncc(C#N)c(Nc3cccc(Br)c3)c2c1,1220.0,5.913640169325252,0,518.4150000000002
COCC1CCCN1CC#CC(=O)Nc1ccc2ncnc(Nc3cccc(Br)c3)c2c1,117.0,6.931814138253839,1,494.39300000000014
COCC1CCN1C/C=C/C(=O)Nc1cc2c(Nc3ccc(F)c(Cl)c3)ncnc2cc1OC[C@@H]1COCCO1,5.0,8.301029995663981,1,572.0370000000001
COCC1CCN1C/C=C/C(=O)Nc1cc2c(Nc3ccc(F)c(Cl)c3)ncnc2cc1O[C@H]1CCOC1,1.5,8.823908740944319,1,542.0110000000002
COCCCCNC/C=C/C(=O)N1CCOc2c1ccc1ncnc(Nc3ccc(Oc4ccccc4F)cc3)c21,50.0,7.301029995663981,1,557.6260000000002
COCCCN1CCC(N2CCC(n3nc(-c4ccc(Nc5nc6cccc(Cl)c6o5)cc4)c4c(N)ncnc43)CC2)CC1,13.8,7.860120913598763,1,616.1699999999998
COCCCN1CCC([C@H]2CC[C@H](n3nc(-c4ccc5nc(Cc6ccccc6Cl)[nH]c5c4)c4c(N)ncnc43)CC2)CC1,54.0,7.267606240177032,1,613.2099999999999
COCCCN1CCN([C@H]2CC[C@@H](n3nc(-c4ccc(Nc5nc6cccc(Cl)c6o5)cc4)c4c(N)ncnc43)CC2)CC1,397.0,6.401209493236885,1,616.1699999999998
COCCCN1CCN([C@H]2CC[C@H](n3nc(-c4ccc(Nc5nc6cccc(Cl)c6o5)cc4)c4c(N)ncnc43)CC2)CC1,21.5,7.667561540084395,1,616.1699999999998
COCCCN1CCN([C@H]2CC[C@H](n3nc(-c4ccc5nc(Cc6ccccc6OC)[nH]c5c4)c4c(N)ncnc43)CC2)CC1,54.0,7.267606240177032,1,609.7789999999999
COCCCOc1cc2ncnc(Nc3ccc(F)c(Cl)c3)c2cc1NC(=O)/C=C/CN(C)C,39.28,7.405828520885088,1,487.9630000000002
COCCN(C)C(=O)[C@@H](C)Oc1cccc2ncnc(Nc3ccc(Oc4ccc(C)nc4)c(C)c3)c12,120.0,6.920818753952375,1,501.5870000000003
COCCN(C)C/C=C/C(=O)N1CCOc2c1ccc1ncnc(Nc3ccc(OCc4ccccn4)c(Cl)c3)c21,50.0,7.301029995663981,1,575.0690000000001
COCCN(C)C/C=C/C(=O)N1CCOc2c1ccc1ncnc(Nc3ccc(Oc4ccn5ncnc5c4)c(C)c3)c21,50.0,7.301029995663981,1,580.649
COCCN(C)C/C=C/C(=O)N1CCOc2c1ccc1ncnc(Nc3ccc(Oc4ccn5ncnc5c4)c(Cl)c3)c21,50.0,7.301029995663981,1,601.067
COCCN(C)C/C=C/C(=O)Nc1ccc2ncnc(Nc3cccc(Br)c3)c2c1,634.0,6.1979107421182675,1,470.3710000000001
COCCN(CCOC)C1CCN(c2ccc(Nc3nccc(-c4c(-c5cccc(C(=O)Nc6c(F)cccc6F)c5)nc5ccccn45)n3)c(OC)c2)CC1,100.0,7.0,1,762.862
COCCN1CCCOC(COc2cc3ncnc(Nc4ccc(Cl)c(Cl)c4)c3cc2OC)C1,525.0,6.279840696594043,1,507.4180000000003
COCCN1CCC[C@@H]1C#Cc1cc2ncnc(Nc3ccc(OCc4cccc(F)c4)c(Cl)c3)c2s1,110.0,6.958607314841775,1,537.0600000000002
COCCN1CCN(c2cc(OC)c(Nc3nccc(-c4c(-c5ccc(OC)c(C(=O)Nc6c(F)cccc6F)c5)nc5ccccn45)n3)cc2C)CC1,1000.0,6.0,1,734.808
COCCN1CCN(c2cc(OC)c(Nc3nccc(-c4c(-c5cccc(C(=O)Nc6c(F)cccc6F)c5)nc5ccccn45)n3)cc2C)CC1,100.0,7.0,1,704.7819999999999
COCCN1CCN(c2ccc(Nc3nccc(-c4c(-c5ccc(OC)c(C(=O)Nc6c(F)cccc6F)c5)nc5ccccn45)n3)c(OC)c2)CC1,1000.0,6.0,1,720.781
COCCN1CCN(c2ccc(Nc3nccc(-c4c(-c5cccc(C(=O)Nc6c(F)cccc6F)c5)nc5ccccn45)n3)c(OC)c2)CC1,1000.0,6.0,1,690.7549999999999
COCCN1CCOC(COc2cc3ncnc(Nc4ccc(Cl)c(Cl)c4)c3cc2OC)C1,525.0,6.279840696594043,1,493.39100000000025
COCCNC(=O)CN1CCC(Oc2cc3c(Nc4cccc(Cl)c4F)ncnc3cc2OC)CC1,170.5,6.768275616671484,1,517.9890000000001
COCCNC(=O)c1c(N)ncnc1Nc1ccc(OCc2ccccc2)c(Cl)c1,100000.0,4.0,0,427.89200000000017
COCCO/N=C/c1c(N)ncnc1Nc1ccc2c(cnn2Cc2cccc(F)c2)c1,6.0,8.221848749616356,1,435.4630000000002
COCCOCC#CC(=O)Nc1ccc2ncc(C#N)c(Nc3cccc(Br)c3)c2c1,450.0,6.346787486224656,1,479.3340000000001
COCCOCC#CC(=O)Nc1ccc2ncnc(Nc3cccc(Br)c3)c2c1,116.0,6.935542010773082,1,455.3120000000001
COCCOCc1ccn2ncnc(Nc3ccc4c(cnn4Cc4cccc(F)c4)c3)c12,420.0,6.376750709602099,1,446.4860000000002
COCCOc1cc2c(Nc3ccc(F)c(Cl)c3)ncnc2cc1OCCCCCCC(=O)NO,100.0,7.0,1,506.9620000000004
COCCOc1cc2ncnc(Nc3ccc(B(O)O)cc3)c2cc1OC,1000.0,6.0,1,369.18600000000015
COCCOc1cc2ncnc(Nc3ccc(B(O)O)cc3)c2cc1OCCOC,1000.0,6.0,1,413.23900000000026
COCCOc1cc2ncnc(Nc3ccc(Cl)c(Cl)c3F)c2cc1NC(=O)/C=C/CN1C[C@@H]2OCCO[C@@H]2C1,9.6,8.017728766960431,1,592.4550000000002
COCCOc1cc2ncnc(Nc3ccc(F)c(Cl)c3)c2cc1NC(=O)/C=C/CN1CC[C@@H]1COC,1.9,8.721246399047171,1,530.0000000000003
COCCOc1cc2ncnc(Nc3ccc(F)c(Cl)c3)c2cc1NC(=O)/C=C/CN1CC[C@H]1COC,4.6,8.337242168318426,1,530.0000000000003
COCCOc1cc2ncnc(Nc3ccc(F)c(Cl)c3)c2cc1NC(=O)/C=C/CN1C[C@@H]2OCCO[C@@H]2C1,10.4,7.982966660701219,1,558.0100000000002
COCCOc1cc2ncnc(Nc3ccc(F)c(Cl)c3)c2cc1NC(=O)CCCCCCC(=O)NO,100.0,7.0,1,533.9880000000005
COCCOc1cc2ncnc(Nc3ccc(F)c(Cl)c3)c2cc1OCCCCCCC(=O)NO,62.0,7.2076083105017466,1,506.96200000000044
COCCOc1cc2ncnc(Nc3ccc(OC4CCN(C(=O)C5CCCC5)CC4)c(C)c3)c2cc1OCCOC,303.5,6.517841304588724,1,578.7100000000004
COCCOc1cc2ncnc(Nc3ccc(OC4CCN(C(=O)CC(C)(C)C)CC4)c(C)c3)c2cc1OCCOC,395.0,6.403402904373539,1,580.7260000000003
COCCOc1cc2ncnc(Nc3ccc(OC4CCN(C(=O)Nc5c(F)cccc5F)CC4)c(C)c3)c2cc1OCCOC,535.0,6.2716462179787715,1,637.6840000000001
COCCOc1cc2ncnc(Nc3ccc(OCc4cccc(F)c4)c(Cl)c3)c2cc1OCCCCCCC(=O)NO,100.0,7.0,1,613.0860000000001
COCCOc1cc2ncnc(Nc3ccc4c(cnn4Cc4ccccc4)c3)c2cc1NC(=O)/C=C/CN(C)C,4.0,8.397940008672037,1,551.6510000000002
COCCOc1cc2ncnc(Nc3ccc4c(cnn4Cc4ccccc4)c3)c2cc1NC(=O)/C=C/CN1CCCC1,5.0,8.301029995663981,1,577.689
COCCOc1cc2ncnc(Nc3ccc4c(cnn4Cc4ccccc4)c3)c2cc1NC(=O)/C=C/CN1CCN(C)CC1,19.0,7.721246399047171,1,606.7309999999999
COCCOc1cc2ncnc(Nc3cccc(B(O)O)c3)c2cc1OC,1000.0,6.0,1,369.18600000000015
COCCOc1cc2ncnc(Nc3cccc(B(O)O)c3)c2cc1OCCOC,1000.0,6.0,1,413.23900000000026
COCCOc1ccc2ncnc(Nc3ccc(OC4CCN(C(=O)C5CCCC5)CC4)c(C)c3)c2c1,36.5,7.437707135543525,1,504.6310000000005
COCCOc1ccc2ncnc(Nc3ccc(OC4CCN(C(=O)CC(C)(C)C)CC4)c(C)c3)c2c1,69.5,7.158015195409886,1,506.64700000000045
COCCOc1ccc2ncnc(Nc3ccc(OC4CCN(C(=O)Nc5c(F)cccc5F)CC4)c(C)c3)c2c1,30.0,7.522878745280337,1,563.6050000000002
COCCc1ccc(OCc2ccc(-c3cc(C(F)(F)F)cc(S(=O)(=O)NCCc4cccc(F)c4)c3)cc2)cc1,25400.0,4.5951662833800615,0,587.6350000000002
COCOC#CC(=O)Nc1ccc2ncc(C#N)c(Nc3cccc(Br)c3)c2c1,380.0,6.42021640338319,1,451.2800000000001
COCOCC#CC(=O)Nc1ccc2ncnc(Nc3cccc(Br)c3)c2c1,65.5,7.183758700008217,1,441.2850000000001
COC[C@@H](C)Nc1cc(NC(=O)N2CCCc3cc(CN4CCCCOC4=O)c(C=O)nc32)ncc1C#N,10000.0,5.0,0,521.5780000000004
COC[C@@H](C)Oc1cc2ncnc(Nc3ccc(F)c(Cl)c3)c2cc1NC(=O)/C=C/CN(C)C,148.15,6.82929834418393,1,487.9630000000002
COC[C@@H]1CCCN1/N=C/c1c(N)ncnc1Nc1ccc2c(cnn2Cc2cccc(F)c2)c1,232.5,6.633577042774027,1,474.5440000000002
COC[C@@H]1CCCN1C/C=C/C(=O)Nc1ccc2ncnc(Nc3cccc(Br)c3)c2c1,1912.0,5.718512112059918,0,496.40900000000016
COC[C@@H]1CCCN1C/C=C\C(=O)Nc1ccc2ncnc(Nc3cccc(Br)c3)c2c1,2921.0,5.534468443026451,0,496.40900000000016
COC[C@@H]1CCN1C/C=C/C(=O)Nc1cc2c(Nc3ccc(F)c(Cl)c3)ncnc2cc1OC,14.2,7.847711655616943,1,485.9470000000002
COC[C@@H]1CCN1C/C=C/C(=O)Nc1cc2c(Nc3ccc(F)c(Cl)c3)ncnc2cc1OCC1CC1,32.8,7.484126156288321,1,526.0120000000002
COC[C@@H]1CCN1C/C=C/C(=O)Nc1cc2c(Nc3ccc(F)c(Cl)c3)ncnc2cc1OC[C@H]1COCCO1,11.2,7.950781977329818,1,572.0370000000001
COC[C@@H]1CCN1C/C=C/C(=O)Nc1cc2c(Nc3ccc(F)c(Cl)c3)ncnc2cc1OC[C@H]1[C@@H]2COC[C@@H]21,15.6,7.806875401645538,1,568.0490000000001
COC[C@H](C)Oc1cc2ncnc(Nc3ccc(F)c(Cl)c3)c2cc1NC(=O)/C=C/CN(C)C,482.05,6.316907912802871,1,487.9630000000002
COC[C@H]1CCCN1/N=C/c1c(N)ncnc1Nc1ccc2c(cnn2Cc2cccc(F)c2)c1,72.0,7.142667503568732,1,474.5440000000002
COC[C@H]1CCCN1C/C=C/C(=O)Nc1ccc2ncnc(Nc3cccc(Br)c3)c2c1,733.0,6.134896025358872,1,496.40900000000016
COC[C@H]1CCN1C/C=C/C(=O)Nc1cc2c(Nc3ccc(F)c(Cl)c3)ncnc2cc1OC,1.6,8.795880017344075,1,485.9470000000002
COC[C@H]1CCN1C/C=C/C(=O)Nc1cc2c(Nc3ccc(F)c(Cl)c3)ncnc2cc1OCC1CC1,15.5,7.809668301829708,1,526.0120000000002
COC[C@H]1CCN1C/C=C/C(=O)Nc1cc2c(Nc3ccc(F)c(Cl)c3)ncnc2cc1OC[C@H]1COCCO1,1.2,8.920818753952375,1,572.0370000000001
COC[C@H]1CCN1C/C=C/C(=O)Nc1cc2c(Nc3ccc(F)c(Cl)c3)ncnc2cc1OC[C@H]1[C@@H]2COC[C@@H]21,2.8,8.55284196865778,1,568.0490000000001
COCc1cccc2[nH]c(-c3n[nH]c4ncc(-c5cccnc5)cc34)nc12,100000.0,4.0,0,356.38900000000007
COCc1cccc2[nH]c(-c3n[nH]c4ncc(-c5ccncc5)cc34)nc12,100000.0,4.0,0,356.38900000000007
COCc1cccc2[nH]c(-c3n[nH]c4ncc(-c5cnc6ccccc6c5)cc34)nc12,100000.0,4.0,0,406.4490000000001
COCc1cccc2[nH]c(-c3n[nH]c4ncc(-c5cncc(CN(C)C)c5)cc34)nc12,100000.0,4.0,0,413.4850000000002
COCc1cccc2[nH]c(-c3n[nH]c4ncc(-c5cncc6ccccc56)cc34)nc12,85.0,7.070581074285707,1,406.4490000000001
COCc1cccc2[nH]c(-c3n[nH]c4ncc(-c5cncnc5)cc34)nc12,100000.0,4.0,0,357.37700000000007
COCc1cccc2[nH]c(-c3nn(C)c4ncc(-c5cncc6ccccc56)cc34)nc12,100000.0,4.0,0,420.4760000000001
COCc1ccn2ncnc(Nc3ccc4c(cnn4Cc4cccc(F)c4)c3)c12,420.0,6.376750709602099,1,402.4330000000001
CONC(=O)c1cc(Nc2ncnn3cc(-c4nnc(C(F)(F)S(C)(=O)=O)o4)c(C(C)C)c23)c(F)cc1F,25000.0,4.6020599913279625,0,557.4860000000003
CONC(=O)c1cc(Nc2ncnn3cc(-c4nnc(C(F)F)o4)c(C(C)C)c23)c(F)cc1F,10000.0,5.0,0,479.3940000000002
CONC(=O)c1cc(Nc2ncnn3cc(-c4nnc(C)o4)c(C(C)C)c23)c(F)cc1F,8000.0,5.096910013008056,0,443.4140000000002
CONC(=O)c1cc(Nc2ncnn3cc(NC(=O)OCC4CCCO4)c(C(C)C)c23)c(F)cc1F,10000.0,5.0,0,504.49400000000037
CONC(=O)c1cc(Nc2ncnn3cc(NC(=O)OCCCS(C)(=O)=O)c(C(C)C)c23)c(F)cc1F,5300.0,5.275724130399211,0,540.5490000000004
CONC(=O)c1ccc(F)c(Nc2ncnn3cc(NC(=O)OCCCS(C)(=O)=O)c(C(C)C)c23)c1,5300.0,5.275724130399211,0,522.5590000000004
CO[C@@H]1COC2C1OC[C@H]2Oc1cc2ncnc(Nc3ccc(F)c(Cl)c3)c2cc1NC(=O)/C=C/CN(C)C,25.0,7.6020599913279625,1,558.01
CO[C@H]1/C=C\C=C(/C)C(=O)NC2=CC(=O)C(NC/C=C/CCC[C@@H]3C[C@H]4[C@@H]5CCc6cc(O)ccc6[C@H]5CC[C@]4(C)[C@H]3O)=C(C[C@@H](C)C[C@H](OC)[C@H](O)[C@@H](C)/C=C(\C)[C@@H]1OC(N)=O)C2=O,100.0,7.0,1,898.151
CO[C@H]1/C=C\C=C(/C)C(=O)NC2=CC(=O)C(NC/C=C/C[C@@H]3C[C@H]4[C@@H]5CCc6cc(O)ccc6[C@H]5CC[C@]4(C)[C@H]3O)=C(C[C@@H](C)C[C@H](OC)[C@H](O)[C@@H](C)/C=C(\C)[C@@H]1OC(N)=O)C2=O,100.0,7.0,1,870.0970000000001
CO[C@H]1/C=C\C=C(/C)C(=O)NC2=CC(=O)C(NCC#CCC[C@@H]3C[C@H]4[C@@H]5CCc6cc(O)ccc6[C@H]5CC[C@]4(C)[C@H]3O)=C(C[C@@H](C)C[C@H](OC)[C@H](O)[C@@H](C)/C=C(\C)[C@@H]1OC(N)=O)C2=O,100.0,7.0,1,882.1080000000002
CO[C@H]1/C=C\C=C(/C)C(=O)NC2=CC(=O)C(NCCCCNC3=C4C[C@@H](C)C[C@H](OC)[C@H](O)[C@@H](C)/C=C(\C)[C@H](OC(N)=O)[C@@H](OC)/C=C\C=C(/C)C(=O)NC(=CC3=O)C4=O)=C(C[C@@H](C)C[C@H](OC)[C@H](O)[C@@H](C)/C=C(\C)[C@@H]1OC(N)=O)C2=O,60.0,7.221848749616356,1,1145.3580000000002
COc1c(Br)cc(/C=C2\C(=O)Nc3ccc(Cl)cc32)cc1C(C)(C)C,15200.0,4.818156412055227,0,420.73400000000015
COc1c(Br)cc(/C=C2\C(=O)Nc3ccccc32)cc1C(C)(C)C,19000.0,4.721246399047171,0,386.28900000000016
COc1c(Nc2nccc(-c3c(-c4cccc(C(=O)Nc5c(F)cccc5F)c4)nc4ccccn34)n2)ccc(N2CCC(N3CCCCC3)CC2)c1C,100.0,7.0,1,728.8479999999993
COc1cc(-c2n[nH]nc2C#N)cc(OC)c1OC,50000.0,4.301029995663981,0,260.253
COc1cc(-c2nc(-c3c[nH]c4ccccc34)c[nH]c2=O)cc(OC)c1OC,100000.0,4.0,0,377.40000000000026
COc1cc(-c2nc3ccccc3s2)ccc1Nc1ncnc2cc(OC)c(OCCCN3CCN(C)CC3)cc12,10000.0,5.0,0,570.7190000000003
COc1cc(-c2nc3ccccc3s2)ccc1Nc1ncnc2cc(OCCCN3CCN(C)CC3)c(OC)cc12,10000.0,5.0,0,570.7190000000004
COc1cc(-c2nnc(CN(C)C)o2)ccc1Nc1nccc(-c2c(-c3ccc(OC)c(C(=O)Nc4c(F)cccc4F)c3)nc3ccccn23)n1,1000.0,6.0,1,703.7100000000003
COc1cc(-c2nnc(CN(C)C)o2)ccc1Nc1nccc(-c2c(-c3cccc(C(=O)Nc4c(F)cccc4F)c3)nc3ccccn23)n1,100.0,7.0,1,673.6840000000002
COc1cc(-c2nnc(CN3CCCC3)o2)ccc1Nc1nccc(-c2c(-c3ccc(OC)c(C(=O)Nc4c(F)cccc4F)c3)nc3ccccn23)n1,1000.0,6.0,1,729.7480000000002
COc1cc(-c2nnc(CN3CCCC3)o2)ccc1Nc1nccc(-c2c(-c3cccc(C(=O)Nc4c(F)cccc4F)c3)nc3ccccn23)n1,100.0,7.0,1,699.7220000000001
COc1cc(/C=C(/C#N)C(N)=O)cc(CSCc2ccc(Cl)cc2)c1O,1995.26,5.700000503883016,0,388.8760000000001
COc1cc(/C=C(\C#N)C(N)=O)cc(CSC2=NCCS2)c1O,8709.64,5.059999795537068,0,349.43700000000007
COc1cc(/C=C(\C#N)C(N)=O)cc(CSCc2ccccc2)c1O,10000.0,5.0,0,354.43100000000004
COc1cc(/C=C(\C#N)C(N)=O)cc(CSCc2ccccc2Cl)c1O,251.19,6.599997654072044,1,388.8760000000001
COc1cc(/C=C(\C#N)C(N)=O)cc(CSc2ccc(C)cc2)c1O,1659.59,5.779999190713337,0,354.43100000000004
COc1cc(/C=C(\C#N)C(N)=O)cc(CSc2cccc3ccccc23)c1O,4570.88,5.3400001801593495,0,390.46400000000006
COc1cc(/C=C(\C#N)C(N)=O)cc(CSc2ccccc2)c1O,128.82,6.890016705180107,1,340.404
COc1cc(/C=C(\C#N)C(N)=O)cc(CSc2ccccc2C(=O)O)c1O,446.68,6.350003492533959,1,384.41300000000007
COc1cc(/C=C(\C#N)C(N)=O)cc(CSc2ccccc2NC(C)=O)c1O,3311.31,5.480000159330324,0,397.4560000000001
COc1cc(/C=C(\C#N)C(N)=O)cc(CSc2ccccn2)c1O,707.95,6.149997413907539,1,341.392
COc1cc(/C=C(\C#N)C(N)=O)cc(CSc2nc3cc(Cl)ccc3s2)c1O,15135.61,4.820000071285178,0,431.9260000000001
COc1cc(/C=C(\C#N)C(N)=O)cc(CSc2nc3ccccc3[nH]2)c1O,6165.95,5.210000001311122,0,380.42900000000003
COc1cc(/C=C(\C#N)C(N)=O)cc(CSc2nc3ccccc3o2)c1O,1513.56,5.820000358220839,0,381.41300000000007
COc1cc(/C=C(\C#N)C(N)=O)cc(CSc2nc3ccccc3s2)c1O,346.74,6.459996055149973,1,397.48100000000005
COc1cc(/C=C(\C#N)C(N)=O)cc(SCCC(=O)O)c1O,91201.08,4.040000018741066,0,322.34200000000004
COc1cc(/C=C(\C#N)C(N)=O)cc(SCCCC(=O)O)c1O,15848.93,4.800000052738446,0,336.3690000000001
COc1cc(C2=C(c3c[nH]c4ccc(Br)cc34)C(=O)NC2=O)cc(OC)c1OC,13316.0,4.87562621351537,0,457.28000000000026
COc1cc(C2=C(c3c[nH]c4ccc(F)cc34)C(=O)NC2=O)cc(OC)c1OC,8480.0,5.071604147743286,0,396.37400000000014
COc1cc(C2=C(c3c[nH]c4ccc(I)cc34)C(=O)NC2=O)cc(OC)c1OC,15180.0,4.818728228440539,0,504.28000000000026
COc1cc(C2=C(c3c[nH]c4ccccc34)C(=O)NC2=O)cc(OC)c1OC,29700.0,4.527243550682788,0,378.3840000000002
COc1cc(C2=C(c3cn(COC(C)(C)C)c4ccccc34)CNC2=O)cc(OC)c1OC,25000.0,4.6020599913279625,0,450.5350000000002
COc1cc(C2=C(c3cn(COCc4ccccc4)c4ccccc34)CNC2=O)cc(OC)c1OC,36000.0,4.443697499232712,0,484.55200000000025
COc1cc(C2=C(c3cn(COc4ccccc4)c4ccccc34)CNC2=O)cc(OC)c1OC,37000.0,4.431798275933005,0,470.52500000000026
COc1cc(C2CC(c3ccccc3O)=NN2)ccc1O,18000.0,4.7447274948966935,0,284.31500000000005
COc1cc(C2CCN(C3CCN(CCF)CC3)CC2)ccc1Nc1nccc(-c2c(-c3cccc(C(=O)Nc4c(F)cccc4F)c3)nc3ccccn23)n1,100.0,7.0,1,760.865
COc1cc(C2CCN(C3CCN(CCS(C)(=O)=O)CC3)CC2)ccc1Nc1nccc(-c2c(-c3cccc(C(=O)Nc4c(F)cccc4F)c3)nc3ccccn23)n1,100.0,7.0,1,820.9670000000002
COc1cc(C2CCN(CC(C)C)CC2)ccc1Nc1nccc(-c2c(-c3ccc(OC)c(C(=O)Nc4c(F)cccc4F)c3)nc3ccccn23)n1,1000.0,6.0,1,717.8210000000001
COc1cc(C2CCN(CC(C)C)CC2)ccc1Nc1nccc(-c2c(-c3cccc(C(=O)Nc4c(F)cccc4F)c3)nc3ccccn23)n1,100.0,7.0,1,687.7950000000001
COc1cc(C2CCN(CCF)CC2)ccc1Nc1nccc(-c2c(-c3ccc(OC)c(C(=O)Nc4c(F)cccc4F)c3)nc3ccccn23)n1,1000.0,6.0,1,707.7570000000002
COc1cc(C2CCN(CCS(C)(=O)=O)CC2)c(C)cc1Nc1nccc(-c2c(-c3ccc(OC)c(C(=O)Nc4c(F)cccc4F)c3)nc3ccccn23)n1,1000.0,6.0,1,781.8860000000002
COc1cc(C2CCN(CCS(C)(=O)=O)CC2)c(C)cc1Nc1nccc(-c2c(-c3cccc(C(=O)Nc4c(F)cccc4F)c3)nc3ccccn23)n1,100.0,7.0,1,751.8600000000001
COc1cc(C2CCN(CCS(C)(=O)=O)CC2)ccc1Nc1nccc(-c2c(-c3ccc(OC)c(C(=O)Nc4c(F)cccc4F)c3)nc3ccccn23)n1,1000.0,6.0,1,767.8590000000002
COc1cc(C2CCN(CCS(C)(=O)=O)CC2)ccc1Nc1nccc(-c2c(-c3cccc(C(=O)Nc4c(F)cccc4F)c3)nc3ccccn23)n1,100.0,7.0,1,737.8330000000001
COc1cc(C2NCCc3c2[nH]c2ccccc32)ccc1OCc1cc(C(F)(F)F)cc(C(F)(F)F)c1,98200.0,4.00788851221305,0,520.4730000000002
COc1cc(C=C(C#N)C#N)cc(C)c1O,112201.85,3.949999982311873,0,214.224
COc1cc(C=C(C#N)C#N)cc(CS(=O)(=O)c2ccc(C)cc2)c1O,17378.01,4.759999957202692,0,368.4140000000001
COc1cc(C=C(C#N)C#N)cc(CSc2ccccc2)c1O,2511.89,5.59999938302362,0,322.389
COc1cc(C=C(C#N)C#N)cc(CSc2ccccc2C(=O)O)c1O,10000.0,5.0,0,366.3980000000001
COc1cc(C=C(C#N)C#N)cc(SCC(=O)O)c1O,4570.88,5.3400001801593495,0,290.3
COc1cc(CCCN2CCCCC2)ccc1Nc1nccc(-c2c(-c3ccc(OC)c(C(=O)Nc4c(F)cccc4F)c3)nc3ccccn23)n1,1000.0,6.0,1,703.7940000000002
COc1cc(CCCN2CCCCC2)ccc1Nc1nccc(-c2c(-c3cccc(C(=O)Nc4c(F)cccc4F)c3)nc3ccccn23)n1,100.0,7.0,1,673.7680000000001
COc1cc(CCCN2CCN(C)CC2)ccc1Nc1nccc(-c2c(-c3ccc(OC)c(C(=O)Nc4c(F)cccc4F)c3)nc3ccccn23)n1,1000.0,6.0,1,718.8090000000002
COc1cc(CCCN2CCN(C)CC2)ccc1Nc1nccc(-c2c(-c3cccc(C(=O)Nc4c(F)cccc4F)c3)nc3ccccn23)n1,100.0,7.0,1,688.7830000000001
COc1cc(CCN2CCCCC2)c(F)cc1Nc1nccc(-c2c(-c3ccc(OC)c(C(=O)Nc4c(F)cccc4F)c3)nc3ccccn23)n1,1000.0,6.0,1,707.7570000000002
COc1cc(CCN2CCCCC2)c(F)cc1Nc1nccc(-c2c(-c3cccc(C(=O)Nc4c(F)cc(F)cc4F)c3)nc3ccccn23)n1,100.0,7.0,1,695.7210000000001
COc1cc(CCN2CCCCC2)c(F)cc1Nc1nccc(-c2c(-c3cccc(C(=O)Nc4c(F)cccc4F)c3)nc3ccccn23)n1,100.0,7.0,1,677.7310000000001
COc1cc(CCN2CCN(C)CC2)ccc1Nc1nccc(-c2c(-c3ccc(OC(C)C)c(C(=O)Nc4c(F)cccc4F)c3)nc3ccccn23)n1,1000.0,6.0,1,732.8360000000001
COc1cc(CCN2CCN(C)CC2)ccc1Nc1nccc(-c2c(-c3ccc(OC)c(C(=O)Nc4c(F)cccc4F)c3)nc3ccccn23)n1,1000.0,6.0,1,704.7820000000002
COc1cc(CCN2CCN(C)CC2)ccc1Nc1nccc(-c2c(-c3cccc(C(=O)Nc4c(F)cccc4F)c3)nc3ccccn23)n1,100.0,7.0,1,674.7560000000001
COc1cc(CCN2CCOCC2)c(F)cc1Nc1nccc(-c2c(-c3ccc(OC)c(C(=O)Nc4c(F)cccc4F)c3)nc3ccccn23)n1,1000.0,6.0,1,709.7290000000002
COc1cc(N2CCC(C3CCN(CCF)CC3)CC2)ccc1Nc1nccc(-c2c(-c3ccc(OC)c(C(=O)Nc4c(F)cccc4F)c3)nc3ccccn23)n1,1000.0,6.0,1,790.8910000000001
COc1cc(N2CCC(C3CCN(CCF)CC3)CC2)ccc1Nc1nccc(-c2c(-c3cccc(C(=O)Nc4c(F)cccc4F)c3)nc3ccccn23)n1,100.0,7.0,1,760.865
COc1cc(N2CCC(C3CCN(CCS(C)(=O)=O)CC3)CC2)ccc1Nc1nccc(-c2c(-c3ccc(OC)c(C(=O)Nc4c(F)cccc4F)c3)nc3ccccn23)n1,1000.0,6.0,1,850.9930000000002
COc1cc(N2CCC(C3CCN(CCS(C)(=O)=O)CC3)CC2)ccc1Nc1nccc(-c2c(-c3cccc(C(=O)Nc4c(F)cccc4F)c3)nc3ccccn23)n1,100.0,7.0,1,820.9670000000002
COc1cc(N2CCC(CCS(C)(=O)=O)CC2)c(C)cc1Nc1nccc(-c2c(-c3ccc(OC(C)C)c(C(=O)Nc4c(F)cccc4F)c3)nc3ccccn23)n1,1000.0,6.0,1,809.94
COc1cc(N2CCC(CCS(C)(=O)=O)CC2)c(C)cc1Nc1nccc(-c2c(-c3ccc(OC)c(C(=O)Nc4c(F)cccc4F)c3)nc3cc(F)ccn23)n1,1000.0,6.0,1,799.8760000000002
COc1cc(N2CCC(CCS(C)(=O)=O)CC2)c(C)cc1Nc1nccc(-c2c(-c3ccc(OC)c(C(=O)Nc4c(F)cccc4F)c3)nc3ccccn23)n1,1000.0,6.0,1,781.8860000000002
COc1cc(N2CCC(CCS(C)(=O)=O)CC2)c(C)cc1Nc1nccc(-c2c(-c3cccc(C(=O)Nc4c(F)cccc4F)c3)nc3ccccn23)n1,1000.0,6.0,1,751.8600000000001
COc1cc(N2CCC(CCS(C)(=O)=O)CC2)ccc1Nc1nccc(-c2c(-c3ccc(OC)c(C(=O)Nc4c(F)cccc4F)c3)nc3cc(F)ccn23)n1,1000.0,6.0,1,785.8490000000002
COc1cc(N2CCC(CCS(C)(=O)=O)CC2)ccc1Nc1nccc(-c2c(-c3ccc(OC)c(C(=O)Nc4c(F)cccc4F)c3)nc3ccccn23)n1,1000.0,6.0,1,767.8590000000002
COc1cc(N2CCC(CCS(C)(=O)=O)CC2)ccc1Nc1nccc(-c2c(-c3cccc(C(=O)Nc4c(F)cccc4F)c3)nc3ccccn23)n1,100.0,7.0,1,737.8330000000001
COc1cc(N2CCC(CN3CCCCC3)CC2)ccc1Nc1nccc(-c2c(-c3cccc(C(=O)Nc4c(F)cccc4F)c3)nc3ccccn23)n1,100.0,7.0,1,728.8480000000001
COc1cc(N2CCC(CN3CCN(C)CC3)CC2)ccc1Nc1nccc(-c2c(-c3cccc(C(=O)Nc4c(F)cccc4F)c3)nc3ccccn23)n1,100.0,7.0,1,743.863
COc1cc(N2CCC(N(C)C)CC2)ccc1Nc1nccc(-c2c(-c3cccc(C(=O)Nc4c(F)cccc4F)c3)nc3ccccn23)n1,100.0,7.0,1,674.7560000000001
COc1cc(N2CCC(N3CCC(C(F)(F)F)CC3)CC2)ccc1Nc1nccc(-c2c(-c3cccc(C(=O)Nc4c(F)cccc4F)c3)nc3ccccn23)n1,100.0,7.0,1,782.8180000000002
COc1cc(N2CCC(N3CCC(C)CC3)CC2)ccc1Nc1nccc(-c2c(-c3cccc(C(=O)Nc4c(F)cccc4F)c3)nc3ccccn23)n1,100.0,7.0,1,728.8480000000001
COc1cc(N2CCC(N3CCC(CCS(C)(=O)=O)CC3)CC2)ccc1Nc1nccc(-c2c(-c3ccc(OC)c(C(=O)Nc4c(F)cccc4F)c3)nc3ccccn23)n1,1000.0,6.0,1,850.9930000000002
COc1cc(N2CCC(N3CCC(CCS(C)(=O)=O)CC3)CC2)ccc1Nc1nccc(-c2c(-c3cccc(C(=O)Nc4c(F)cccc4F)c3)nc3ccccn23)n1,100.0,7.0,1,820.9670000000002
COc1cc(N2CCC(N3CCC(F)CC3)CC2)ccc1Nc1nccc(-c2c(-c3cccc(C(=O)Nc4c(F)cccc4F)c3)nc3ccccn23)n1,100.0,7.0,1,732.811
COc1cc(N2CCC(N3CCC(O)CC3)CC2)ccc1Nc1nccc(-c2c(-c3ccc(OC)c(C(=O)Nc4c(F)cccc4F)c3)nc3ccccn23)n1,1000.0,6.0,1,760.846
COc1cc(N2CCC(N3CCC(O)CC3)CC2)ccc1Nc1nccc(-c2c(-c3cccc(C(=O)Nc4c(F)cccc4F)c3)nc3ccccn23)n1,100.0,7.0,1,730.82
COc1cc(N2CCC(N3CCCC(F)(F)C3)CC2)ccc1Nc1nccc(-c2c(-c3cccc(C(=O)Nc4c(F)cccc4F)c3)nc3ccccn23)n1,100.0,7.0,1,750.801
COc1cc(N2CCC(N3CCCC3)CC2)ccc1Nc1nccc(-c2c(-c3cccc(C(=O)Nc4c(F)cccc4F)c3)nc3ccccn23)n1,100.0,7.0,1,700.7940000000001
COc1cc(N2CCC(N3CCCCC3)CC2)c(C)cc1Nc1nccc(-c2c(-c3ccc(OC)c(C(=O)Nc4c(F)cccc4F)c3)nc3ccccn23)n1,1000.0,6.0,1,758.8740000000001
COc1cc(N2CCC(N3CCCCC3)CC2)c(C)cc1Nc1nccc(-c2c(-c3cccc(C(=O)Nc4c(F)cccc4F)c3)nc3ccccn23)n1,100.0,7.0,1,728.8480000000001
COc1cc(N2CCC(N3CCCCC3)CC2)c(Cl)cc1Nc1nccc(-c2c(-c3ccc(OC)c(C(=O)Nc4c(F)cccc4F)c3)nc3ccccn23)n1,1000.0,6.0,1,779.292
COc1cc(N2CCC(N3CCCCC3)CC2)c(Cl)cc1Nc1nccc(-c2c(-c3cccc(C(=O)Nc4c(F)cccc4F)c3)nc3ccccn23)n1,100.0,7.0,1,749.2660000000001
COc1cc(N2CCC(N3CCCCC3)CC2)c(F)cc1Nc1nccc(-c2c(-c3ccc(OC)c(C(=O)Nc4c(F)cccc4F)c3)nc3ccccn23)n1,1000.0,6.0,1,762.837
COc1cc(N2CCC(N3CCCCC3)CC2)c(F)cc1Nc1nccc(-c2c(-c3cccc(C(=O)Nc4c(F)cccc4F)c3)nc3ccccn23)n1,100.0,7.0,1,732.811
COc1cc(N2CCC(N3CCCCC3)CC2)c(OC)cc1Nc1nccc(-c2c(-c3cccc(C(=O)Nc4c(F)cccc4F)c3)nc3ccccn23)n1,100.0,7.0,1,744.8470000000001
COc1cc(N2CCC(N3CCCCC3)CC2)ccc1Nc1nccc(-c2c(-c3ccc(OC)c(C(=O)Nc4c(F)cccc4F)c3)nc3cc(C)ccn23)n1,1000.0,6.0,1,758.874
COc1cc(N2CCC(N3CCCCC3)CC2)ccc1Nc1nccc(-c2c(-c3ccc(OC)c(C(=O)Nc4c(F)cccc4F)c3)nc3cc(F)ccn23)n1,1000.0,6.0,1,762.8370000000001
COc1cc(N2CCC(N3CCCCC3)CC2)ccc1Nc1nccc(-c2c(-c3ccc(OC)c(C(=O)Nc4c(F)cccc4F)c3)nc3ccccn23)n1,1000.0,6.0,1,744.8470000000001
COc1cc(N2CCC(N3CCCCC3)CC2)ccc1Nc1nccc(-c2c(-c3cccc(C(=O)Nc4c(F)cccc4F)c3)nc3c(C)cccn23)n1,100.0,7.0,1,728.848
COc1cc(N2CCC(N3CCCCC3)CC2)ccc1Nc1nccc(-c2c(-c3cccc(C(=O)Nc4c(F)cccc4F)c3)nc3c(F)cccn23)n1,100.0,7.0,1,732.811
COc1cc(N2CCC(N3CCCCC3)CC2)ccc1Nc1nccc(-c2c(-c3cccc(C(=O)Nc4c(F)cccc4F)c3)nc3cc(C(F)(F)F)ccn23)n1,100.0,7.0,1,782.8180000000001
COc1cc(N2CCC(N3CCCCC3)CC2)ccc1Nc1nccc(-c2c(-c3cccc(C(=O)Nc4c(F)cccc4F)c3)nc3cc(C)ccn23)n1,100.0,7.0,1,728.848
COc1cc(N2CCC(N3CCCCC3)CC2)ccc1Nc1nccc(-c2c(-c3cccc(C(=O)Nc4c(F)cccc4F)c3)nc3cc(F)ccn23)n1,100.0,7.0,1,732.811
COc1cc(N2CCC(N3CCCCC3)CC2)ccc1Nc1nccc(-c2c(-c3cccc(C(=O)Nc4c(F)cccc4F)c3)nc3ccccn23)n1,100.0,7.0,1,714.821
COc1cc(N2CCC(N3CCCCC3)CC2)ccc1Nc1nccc(-c2c(-c3cccc(C(=O)Nc4ccc(Cl)cc4F)c3)nc3ccccn23)n1,1000.0,6.0,1,731.276
COc1cc(N2CCC(N3CCCCC3)CC2)ccc1Nc1nccc(-c2c(-c3cccc(C(=O)Nc4ccc(F)cc4Cl)c3)nc3ccccn23)n1,1000.0,6.0,1,731.276
COc1cc(N2CCC(N3CCCCC3)CC2)ccc1Nc1nccc(-c2c(-c3cccc(C(=O)Nc4ccc(F)cc4F)c3)nc3ccccn23)n1,1000.0,6.0,1,714.821
COc1cc(N2CCC(N3CCCCCC3)CC2)ccc1Nc1nccc(-c2c(-c3cccc(C(=O)Nc4c(F)cccc4F)c3)nc3ccccn23)n1,100.0,7.0,1,728.8480000000001
COc1cc(N2CCC(N3CCCN(C)CC3)CC2)ccc1Nc1nccc(-c2c(-c3cccc(C(=O)Nc4c(F)cccc4F)c3)nc3ccccn23)n1,100.0,7.0,1,743.863
COc1cc(N2CCC(N3CCC[C@H](O)C3)CC2)ccc1Nc1nccc(-c2c(-c3ccc(OC)c(C(=O)Nc4c(F)cccc4F)c3)nc3ccccn23)n1,1000.0,6.0,1,760.846
COc1cc(N2CCC(N3CCC[C@H](O)C3)CC2)ccc1Nc1nccc(-c2c(-c3cccc(C(=O)Nc4c(F)cccc4F)c3)nc3ccccn23)n1,100.0,7.0,1,730.82
COc1cc(N2CCC(N3CCN(C(C)=O)CC3)CC2)ccc1Nc1nccc(-c2c(-c3cccc(C(=O)Nc4c(F)cccc4F)c3)nc3ccccn23)n1,100.0,7.0,1,757.8460000000001
COc1cc(N2CCC(N3CCN(C)CC3)CC2)ccc1Nc1ncc(Cl)c(Nc2ccccc2P(C)(C)=O)n1,42.0,7.376750709602099,1,584.105
COc1cc(N2CCC(N3CCN(C)CC3)CC2)ccc1Nc1nccc(-c2c(-c3cccc(C(=O)Nc4c(F)cccc4F)c3)nc3ccccn23)n1,100.0,7.0,1,729.8360000000001
COc1cc(N2CCC(N3CCN(CCF)C(=O)C3)CC2)ccc1Nc1nccc(-c2c(-c3cccc(C(=O)Nc4c(F)cccc4F)c3)nc3ccccn23)n1,100.0,7.0,1,775.8360000000001
COc1cc(N2CCC(N3CCN(CCF)CC3)CC2)c(C)cc1Nc1nccc(-c2c(-c3cccc(C(=O)Nc4c(F)cccc4F)c3)nc3ccccn23)n1,100.0,7.0,1,775.8800000000001
COc1cc(N2CCC(N3CCN(CCF)CC3)CC2)c(Cl)cc1Nc1nccc(-c2c(-c3cccc(C(=O)Nc4c(F)cccc4F)c3)nc3ccccn23)n1,100.0,7.0,1,796.298
COc1cc(N2CCC(N3CCN(CCF)CC3)CC2)c(OC)cc1Nc1nccc(-c2c(-c3cccc(C(=O)Nc4c(F)cccc4F)c3)nc3ccccn23)n1,100.0,7.0,1,791.879
COc1cc(N2CCC(N3CCN(CCF)CC3)CC2)ccc1Nc1nccc(-c2c(-c3ccc(OC)c(C(=O)Nc4c(F)cccc4F)c3)nc3cc(F)ccn23)n1,1000.0,6.0,1,809.869
COc1cc(N2CCC(N3CCN(CCF)CC3)CC2)ccc1Nc1nccc(-c2c(-c3ccc(OC)c(C(=O)Nc4c(F)cccc4F)c3)nc3ccccn23)n1,1000.0,6.0,1,791.879
COc1cc(N2CCC(N3CCN(CCF)CC3)CC2)ccc1Nc1nccc(-c2c(-c3cccc(C(=O)Nc4c(F)cccc4F)c3)nc3c(C)cccn23)n1,100.0,7.0,1,775.88
COc1cc(N2CCC(N3CCN(CCF)CC3)CC2)ccc1Nc1nccc(-c2c(-c3cccc(C(=O)Nc4c(F)cccc4F)c3)nc3c(F)cccn23)n1,100.0,7.0,1,779.8430000000001
COc1cc(N2CCC(N3CCN(CCF)CC3)CC2)ccc1Nc1nccc(-c2c(-c3cccc(C(=O)Nc4c(F)cccc4F)c3)nc3cc(C(F)(F)F)ccn23)n1,100.0,7.0,1,829.8500000000001
COc1cc(N2CCC(N3CCN(CCF)CC3)CC2)ccc1Nc1nccc(-c2c(-c3cccc(C(=O)Nc4c(F)cccc4F)c3)nc3cc(F)ccn23)n1,100.0,7.0,1,779.8430000000001
COc1cc(N2CCC(N3CCN(CCF)CC3)CC2)ccc1Nc1nccc(-c2c(-c3cccc(C(=O)Nc4c(F)cccc4F)c3)nc3ccccn23)n1,100.0,7.0,1,761.8530000000001
COc1cc(N2CCC(N3CCN(CCS(C)(=O)=O)CC3)CC2)c(C)cc1Nc1nccc(-c2c(-c3cccc(C(=O)Nc4c(F)cccc4F)c3)nc3ccccn23)n1,100.0,7.0,1,835.9820000000002
COc1cc(N2CCC(N3CCN(CCS(C)(=O)=O)CC3)CC2)c(Cl)cc1Nc1nccc(-c2c(-c3cccc(C(=O)Nc4c(F)cccc4F)c3)nc3ccccn23)n1,100.0,7.0,1,856.4000000000001
COc1cc(N2CCC(N3CCN(CCS(C)(=O)=O)CC3)CC2)ccc1Nc1nccc(-c2c(-c3ccc(OC)c(C(=O)Nc4c(F)cccc4F)c3)nc3ccccn23)n1,1000.0,6.0,1,851.9810000000001
COc1cc(N2CCC(N3CCN(CCS(C)(=O)=O)CC3)CC2)ccc1Nc1nccc(-c2c(-c3cccc(C(=O)Nc4c(F)cccc4F)c3)nc3c(C)cccn23)n1,100.0,7.0,1,835.9820000000001
COc1cc(N2CCC(N3CCN(CCS(C)(=O)=O)CC3)CC2)ccc1Nc1nccc(-c2c(-c3cccc(C(=O)Nc4c(F)cccc4F)c3)nc3c(F)cccn23)n1,100.0,7.0,1,839.9450000000002
COc1cc(N2CCC(N3CCN(CCS(C)(=O)=O)CC3)CC2)ccc1Nc1nccc(-c2c(-c3cccc(C(=O)Nc4c(F)cccc4F)c3)nc3ccccn23)n1,100.0,7.0,1,821.9550000000002
COc1cc(N2CCC(N3CCN(S(C)(=O)=O)CC3)CC2)c(C)cc1Nc1nccc(-c2c(-c3ccc(OC)c(C(=O)Nc4c(F)cccc4F)c3)nc3ccccn23)n1,1000.0,6.0,1,837.9540000000002
COc1cc(N2CCC(N3CCN(S(C)(=O)=O)CC3)CC2)c(C)cc1Nc1nccc(-c2c(-c3cccc(C(=O)Nc4c(F)cccc4F)c3)nc3ccccn23)n1,100.0,7.0,1,807.9280000000002
COc1cc(N2CCC(N3CCN(S(C)(=O)=O)CC3)CC2)ccc1Nc1nccc(-c2c(-c3ccc(OC(C)C)c(C(=O)Nc4c(F)cccc4F)c3)nc3ccccn23)n1,1000.0,6.0,1,851.9810000000001
COc1cc(N2CCC(N3CCN(S(C)(=O)=O)CC3)CC2)ccc1Nc1nccc(-c2c(-c3ccc(OC)c(C(=O)Nc4c(F)cccc4F)c3)nc3cc(F)ccn23)n1,1000.0,6.0,1,841.9170000000001
COc1cc(N2CCC(N3CCN(S(C)(=O)=O)CC3)CC2)ccc1Nc1nccc(-c2c(-c3ccc(OC)c(C(=O)Nc4c(F)cccc4F)c3)nc3ccccn23)n1,1000.0,6.0,1,823.9270000000001
COc1cc(N2CCC(N3CCN(S(C)(=O)=O)CC3)CC2)ccc1Nc1nccc(-c2c(-c3cccc(C(=O)Nc4c(F)cccc4F)c3)nc3c(C)cccn23)n1,100.0,7.0,1,807.9280000000001
COc1cc(N2CCC(N3CCN(S(C)(=O)=O)CC3)CC2)ccc1Nc1nccc(-c2c(-c3cccc(C(=O)Nc4c(F)cccc4F)c3)nc3c(F)cccn23)n1,100.0,7.0,1,811.8910000000002
COc1cc(N2CCC(N3CCN(S(C)(=O)=O)CC3)CC2)ccc1Nc1nccc(-c2c(-c3cccc(C(=O)Nc4c(F)cccc4F)c3)nc3cc(F)ccn23)n1,100.0,7.0,1,811.8910000000002
COc1cc(N2CCC(N3CCN(S(C)(=O)=O)CC3)CC2)ccc1Nc1nccc(-c2c(-c3cccc(C(=O)Nc4c(F)cccc4F)c3)nc3ccccn23)n1,86.0,7.0655015487564325,1,793.9010000000002
COc1cc(N2CCC(N3CCN4CCOC[C@@H]4C3)CC2)ccc1Nc1nccc(-c2c(-c3ccc(OC)c(C(=O)Nc4c(F)cccc4F)c3)nc3ccccn23)n1,1000.0,6.0,1,801.8990000000001
COc1cc(N2CCC(N3CCN4CCOC[C@@H]4C3)CC2)ccc1Nc1nccc(-c2c(-c3cccc(C(=O)Nc4c(F)cccc4F)c3)nc3ccccn23)n1,100.0,7.0,1,771.8730000000002
COc1cc(N2CCC(N3CCOCC3)CC2)ccc1Nc1nccc(-c2c(-c3cccc(C(=O)Nc4c(F)cccc4F)c3)nc3ccccn23)n1,100.0,7.0,1,716.7930000000001
COc1cc(N2CCC(N3CCSCC3)CC2)ccc1Nc1nccc(-c2c(-c3cccc(C(=O)Nc4c(F)cccc4F)c3)nc3ccccn23)n1,100.0,7.0,1,732.861
COc1cc(N2CCC(N3CC[C@@H](F)C3)CC2)ccc1Nc1nccc(-c2c(-c3cccc(C(=O)Nc4c(F)cccc4F)c3)nc3ccccn23)n1,100.0,7.0,1,718.7840000000001
COc1cc(N2CCC(N3CC[C@H](F)C3)CC2)ccc1Nc1nccc(-c2c(-c3cccc(C(=O)Nc4c(F)cccc4F)c3)nc3ccccn23)n1,100.0,7.0,1,718.7840000000001
COc1cc(N2CCC(N3C[C@@H](C)O[C@@H](C)C3)CC2)ccc1Nc1nccc(-c2c(-c3cccc(C(=O)Nc4c(F)cccc4F)c3)nc3ccccn23)n1,100.0,7.0,1,744.8470000000001
COc1cc(N2CCC(N3C[C@@H]4C[C@H]3CN4CCF)CC2)ccc1Nc1nccc(-c2c(-c3cccc(C(=O)Nc4c(F)cccc4F)c3)nc3ccccn23)n1,100.0,7.0,1,773.8640000000001
COc1cc(N2CCC(O)CC2)ccc1Nc1nccc(-c2c(-c3ccc(OC)c(C(=O)Nc4c(F)cccc4F)c3)nc3ccccn23)n1,1000.0,6.0,1,677.7120000000002
COc1cc(N2CCC(O)CC2)ccc1Nc1nccc(-c2c(-c3cccc(C(=O)Nc4c(F)cccc4F)c3)nc3ccccn23)n1,1000.0,6.0,1,647.6860000000001
COc1cc(N2CCC(OC)CC2)ccc1Nc1nccc(-c2c(-c3ccc(OC)c(C(=O)Nc4c(F)cccc4F)c3)nc3ccccn23)n1,1000.0,6.0,1,691.7390000000001
COc1cc(N2CCC(OC)CC2)ccc1Nc1nccc(-c2c(-c3cccc(C(=O)Nc4c(F)cccc4F)c3)nc3ccccn23)n1,100.0,7.0,1,661.7130000000001
COc1cc(N2CCC[C@@H](O)C2)ccc1Nc1nccc(-c2c(-c3cccc(C(=O)Nc4c(F)cccc4F)c3)nc3ccccn23)n1,100.0,7.0,1,647.6860000000001
COc1cc(N2CCC[C@H](O)C2)ccc1Nc1nccc(-c2c(-c3cccc(C(=O)Nc4c(F)cccc4F)c3)nc3ccccn23)n1,100.0,7.0,1,647.6860000000001
COc1cc(N2CCN(C(C)C)CC2)ccc1Nc1nccc(-c2c(-c3ccc(OC)c(C(=O)Nc4c(F)cccc4F)c3)nc3ccccn23)n1,1000.0,6.0,1,704.7820000000003
COc1cc(N2CCN(C(C)C)CC2)ccc1Nc1nccc(-c2c(-c3cccc(C(=O)Nc4c(F)cccc4F)c3)nc3ccccn23)n1,100.0,7.0,1,674.7560000000002
COc1cc(N2CCN(C3CCN(CCF)CC3)CC2)ccc1Nc1nccc(-c2c(-c3cccc(C(=O)Nc4c(F)cccc4F)c3)nc3ccccn23)n1,100.0,7.0,1,761.8530000000001
COc1cc(N2CCN(C3CCN(CCS(C)(=O)=O)CC3)CC2)ccc1Nc1nccc(-c2c(-c3cccc(C(=O)Nc4c(F)cccc4F)c3)nc3ccccn23)n1,100.0,7.0,1,821.9550000000002
COc1cc(N2CCN(CCS(C)(=O)=O)CC2)c(C)cc1Nc1nccc(-c2c(-c3ccc(OC)c(C(=O)Nc4c(F)cccc4F)c3)nc3ccccn23)n1,1000.0,6.0,1,782.8740000000001
COc1cc(N2CCN(CCS(C)(=O)=O)CC2)c(C)cc1Nc1nccc(-c2c(-c3cccc(C(=O)Nc4c(F)cccc4F)c3)nc3ccccn23)n1,100.0,7.0,1,752.8480000000002
COc1cc(N2CCN(CCS(C)(=O)=O)CC2)c(Cl)cc1Nc1nccc(-c2c(-c3ccc(OC)c(C(=O)Nc4c(F)cccc4F)c3)nc3ccccn23)n1,1000.0,6.0,1,803.292
COc1cc(N2CCN(CCS(C)(=O)=O)CC2)ccc1Nc1nccc(-c2c(-c3ccc(OC)c(C(=O)Nc4c(F)cccc4F)c3)nc3ccccn23)n1,1000.0,6.0,1,768.8470000000001
COc1cc(N2CCN(CCS(C)(=O)=O)CC2)ccc1Nc1nccc(-c2c(-c3cccc(C(=O)Nc4c(F)cccc4F)c3)nc3ccccn23)n1,100.0,7.0,1,738.8210000000001
COc1cc(N2CCN(CCS(C)(=O)=O)[C@@H](C(C)C)C2)ccc1Nc1nccc(-c2c(-c3ccc(OC)c(C(=O)Nc4c(F)cccc4F)c3)nc3ccccn23)n1,1000.0,6.0,1,810.9280000000001
COc1cc(N2CCN(S(C)(=O)=O)CC2)c(C)cc1Nc1nccc(-c2c(-c3cccc(C(=O)Nc4c(F)cccc4F)c3)nc3ccccn23)n1,1000.0,6.0,1,724.7940000000001
COc1cc(N2CCN(S(C)(=O)=O)CC2)ccc1Nc1nccc(-c2c(-c3ccc(OC)c(C(=O)Nc4c(F)cccc4F)c3)nc3ccccn23)n1,1000.0,6.0,1,740.7930000000001
COc1cc(N2CCN(S(C)(=O)=O)CC2)ccc1Nc1nccc(-c2c(-c3cccc(C(=O)Nc4c(F)cccc4F)c3)nc3ccccn23)n1,1000.0,6.0,1,710.7670000000002
COc1cc(N2CCN3CCOC[C@@H]3C2)ccc1Nc1nccc(-c2c(-c3ccc(OC)c(C(=O)Nc4c(F)cccc4F)c3)nc3ccccn23)n1,1000.0,6.0,1,718.7650000000002
COc1cc(N2CCN3CCOC[C@@H]3C2)ccc1Nc1nccc(-c2c(-c3cccc(C(=O)Nc4c(F)cccc4F)c3)nc3ccccn23)n1,100.0,7.0,1,688.7390000000001
COc1cc(N2CCOCC2)ccc1Nc1nccc(-c2c(-c3cccc(C(=O)Nc4c(F)cccc4F)c3)nc3ccccn23)n1,100.0,7.0,1,633.6590000000001
COc1cc(NC(=O)/C=C/CN(C)C)cc2c(Nc3cccc(Br)c3)c(C#N)cnc12,9325.0,5.030351159519275,0,480.36600000000016
COc1cc(NC(=O)/C=C/CN2CCOCC2)cc2c(Nc3cccc(Br)c3)c(C#N)cnc12,23590.0,4.6272720591144045,0,522.4030000000001
COc1cc(Nc2c(C#N)cnc3cc(OCCCN4CCN(C)CC4)c(OC)cc23)c(Cl)cc1Cl,2600.0,5.585026652029182,0,530.4560000000004
COc1cc(Nc2c(C#N)cnc3cc4[nH]c(CN5CCOCC5)nc4cc23)cc(OC)c1OC,1000.0,6.0,1,474.5210000000004
COc1cc(Nc2c(C#N)cnc3cc4[nH]c(NCCN5CCOCC5)nc4cc23)cc(OC)c1OC,1000.0,6.0,1,503.56300000000044
COc1cc(Nc2c(C#N)cnc3cc4[nH]cnc4cc23)c(Br)cc1Cl,1000.0,6.0,1,428.67700000000013
COc1cc(Nc2c(C#N)cnc3cc4[nH]cnc4cc23)cc(OC)c1OC,1000.0,6.0,1,375.3880000000002
COc1cc(Nc2c(C#N)cnc3cc4c(cc23)ncn4CCN2CCOCC2)c(Br)cc1Cl,1000.0,6.0,1,541.8370000000003
COc1cc(Nc2c(C#N)cnc3cc4c(cc23)ncn4CCN2CCOCC2)c(C)cc1Cl,1000.0,6.0,1,476.9680000000004
COc1cc(Nc2c(C#N)cnc3cc4c(cc23)ncn4CCN2CCOCC2)cc(OC)c1OC,1000.0,6.0,1,488.54800000000046
COc1cc(Nc2c(C#N)cnc3cc4cc(OCCN5CCOCC5)c(OC)cc4cc23)c(Cl)cc1Cl,2500.0,5.6020599913279625,0,553.4460000000004
COc1cc(Nc2nccc(Nc3cc(C)[nH]n3)n2)ccc1-c1nc2ccccc2s1,10000.0,5.0,0,429.5090000000002
COc1cc(Nc2ncnc3[nH]ccc23)ccc1-c1nc2ccccc2s1,1600.0,5.795880017344075,0,373.4410000000001
COc1cc(Nc2ncnc3[nH]cnc23)ccc1-c1nc2ccccc2s1,10000.0,5.0,0,374.4290000000001
COc1cc(Nc2ncnc3[nH]nc(OCCN4CCC(O)CC4)c23)ccc1OCc1cccc(F)c1,308.0,6.511449283499556,1,508.5540000000003
COc1cc(Nc2ncnc3[nH]nc(OCCN4CCC(O)CC4)c23)ccc1OCc1ccccn1,748.5,6.1258081953209285,1,491.5520000000003
COc1cc(Nc2ncnc3ccc(-c4ccc(CN5C[C@@H]6[C@@H](CO)[C@@H]6C5)cc4)cc23)ccc1Oc1ccccc1,11.0,7.958607314841775,1,544.6550000000003
COc1cc(Nc2ncnc3ccc(-c4ccc(CN5C[C@@H]6[C@H](CO)[C@@H]6C5)cc4)cc23)ccc1Oc1ccccc1,8.0,8.096910013008056,1,544.6550000000003
COc1cc(Nc2ncnc3ccc(-c4ccc(CNCCS(C)(=O)=O)o4)cc23)ccc1OCc1cccc(F)c1,90.0,7.045757490560675,1,576.6500000000003
COc1cc(Nc2ncnc3ccc(-c4cn(CCCCCC(=O)NO)nn4)cc23)ccc1Oc1ccccc1,1000.0,6.0,1,539.5960000000003
COc1cc(Nc2ncnc3ccc(-c4cn(CCCCCCC(=O)NO)nn4)cc23)ccc1Oc1ccccc1,1000.0,6.0,1,553.6230000000004
COc1cc(Nc2ncnc3ccc4c(c23)OCCN4C(=O)/C=C/CN(C)C)ccc1OCc1cccc(F)c1,50.0,7.301029995663981,1,543.5990000000003
COc1cc(Nc2ncnc3cccc(O[C@H](C)C(=O)N4CCOCC4)c23)ccc1Oc1ccc(C)nc1,23.0,7.638272163982407,1,515.5700000000004
COc1cc(Nc2ncnc3ccsc23)ccc1-c1nc2ccccc2s1,10000.0,5.0,0,390.4930000000001
COc1cc(O)c2c(c1)CCC[C@H](O)CC(=O)/C=C\C[C@H](C)OC2=O,10000.0,5.0,0,348.3950000000001
COc1cc(O)c2c(c1)CCC[C@H](O)[C@H](O)C(=O)/C=C\C[C@H](C)OC2=O,10000.0,5.0,0,364.3940000000001
COc1cc(OC)c2cc(-c3ccncc3)cnc2c1,10000.0,5.0,0,266.3
COc1cc(OC2CCN(C)CC2(F)F)c2c(Nc3ccc(Oc4cc5ncnn5cc4F)c(C)c3)ncnc2c1,11.6,7.935542010773082,1,565.556
COc1cc(OC2CCN(C)CC2(F)F)c2c(Nc3ccc(Oc4ccn5ccnc5c4)c(C)c3)ncnc2c1,6.92,8.159893905543242,1,546.5780000000001
COc1cc(OC2CCN(C)CC2(F)F)c2c(Nc3ccc(Oc4ccn5ncnc5c4)c(C)c3)ncnc2c1,10.3,7.987162775294828,1,547.5660000000001
COc1cc(ON2CCC(C)CC2)c2c(Nc3ccc(OCc4ccccn4)c(Cl)c3)ncnc2c1,5.0,8.301029995663981,1,506.00600000000026
COc1cc(O[C@H]2CCN(C)CC2(F)F)c2c(Nc3cc(C)c(Oc4ccn5ncnc5c4)cc3F)ncnc2c1,19.7,7.705533773838407,1,565.556
COc1cc(O[C@H]2CCN(C)CC2(F)F)c2c(Nc3ccc(Oc4ccn5ncnc5c4)c(C)c3)ncnc2c1,21.0,7.6777807052660805,1,547.5660000000001
COc1cc(O[C@H]2CCNCC2(F)F)c2c(Nc3ccc(Oc4ccn5ncnc5c4)c(C)c3)ncnc2c1,10.6,7.97469413473523,1,533.5390000000002
COc1cc(Sc2nc3c(N)ncnc3n2CCOC(C)C)c(Cl)cc1Cl,58300.0,4.2343314452409855,0,428.34500000000014
COc1cc([C@H]2CC[C@@H](N3CCN(CCS(C)(=O)=O)CC3)CC2)ccc1Nc1nccc(-c2c(-c3cccc(C(=O)Nc4c(F)cccc4F)c3)nc3ccccn23)n1,100.0,7.0,1,820.9670000000001
COc1cc([C@H]2CC[C@H](N3CCN(CCS(C)(=O)=O)CC3)CC2)ccc1Nc1nccc(-c2c(-c3cccc(C(=O)Nc4c(F)cccc4F)c3)nc3ccccn23)n1,100.0,7.0,1,820.9670000000001
COc1cc2c(N[C@H]3COC[C@@H]3OC)ncnc2cc1O[C@H]1CO[C@H]2[C@@H]1OC[C@@H]2O,50.0,7.301029995663981,1,419.4340000000002
COc1cc2c(Nc3cc(Br)cc(C(F)(F)F)c3)ncnc2cc1O[C@@H]1CO[C@@H]2[C@H]1OC[C@H]2F,50.0,7.301029995663981,1,544.2990000000002
COc1cc2c(Nc3cc(Cl)c(Br)cc3F)ncnc2cc1OCC1CN(C)C(C)(C)CO1,50.0,7.301029995663981,1,539.8330000000003
COc1cc2c(Nc3cc(Cl)c(Br)cc3F)ncnc2cc1OCC1COCCN1C,50.0,7.301029995663981,1,511.77900000000034
COc1cc2c(Nc3cc(Cl)c(Br)cc3F)ncnc2cc1OCC1CO[C@@H]2[C@@H](OC)CO[C@H]12,525.0,6.279840696594043,1,554.8000000000003
COc1cc2c(Nc3cc(Cl)c(Br)cc3F)ncnc2cc1OC[C@@H]1CN2CCC[C@H]2CO1,50.0,7.301029995663981,1,537.8170000000003
COc1cc2c(Nc3cc(Cl)c(Br)cc3F)ncnc2cc1OC[C@@H]1CN2CCOCC2CO1,525.0,6.279840696594043,1,553.8160000000004
COc1cc2c(Nc3cc(Cl)c(Br)cc3F)ncnc2cc1OC[C@@H]1CN2CCOC[C@H]2CO1,50.0,7.301029995663981,1,553.8160000000004
COc1cc2c(Nc3cc(Cl)c(Br)cc3F)ncnc2cc1OC[C@H]1CN2CCC[C@@H]2CO1,525.0,6.279840696594043,1,537.8170000000003
COc1cc2c(Nc3cc(Cl)c(Br)cc3F)ncnc2cc1OC[C@H]1CN2CCOCC2CO1,525.0,6.279840696594043,1,553.8160000000004
COc1cc2c(Nc3cc(Cl)c(Br)cc3F)ncnc2cc1OC[C@H]1CN2CCOC[C@H]2CO1,50.0,7.301029995663981,1,553.8160000000004
COc1cc2c(Nc3cc(Cl)c(Br)cc3F)ncnc2cc1OC[C@H]1C[C@@H]2CN(C)C[C@@H]2C1,50.0,7.301029995663981,1,535.8450000000003
COc1cc2c(Nc3cc(Cl)c(Br)cc3F)ncnc2cc1O[C@@H]1C[C@H]2OC[C@H](OC)[C@H]2O1,1000.0,6.0,1,540.7730000000004
COc1cc2c(Nc3cc(Cl)c(Br)cc3F)ncnc2cc1O[C@H]1CO[C@H]2[C@@H]1OC[C@@H]2OC,525.0,6.279840696594043,1,540.7730000000003
COc1cc2c(Nc3cc(Cl)c(Cl)c(Cl)c3)ncnc2cc1OCC1CN(C)CCO1,50.0,7.301029995663981,1,483.78300000000036
COc1cc2c(Nc3cc(Cl)c(Cl)cc3F)ncnc2cc1OCC1CN(C)C(C)(C)CO1,50.0,7.301029995663981,1,495.38200000000035
COc1cc2c(Nc3cc(Cl)c(Cl)cc3F)ncnc2cc1OCC1CN(C)CCO1,50.0,7.301029995663981,1,467.3280000000003
COc1cc2c(Nc3cc(Cl)c(Cl)cc3F)ncnc2cc1OC[C@@H]1CN2CCC[C@H]2CO1,5275.0,5.2777775360302694,0,493.3660000000004
COc1cc2c(Nc3cc(Cl)c(Cl)cc3F)ncnc2cc1OC[C@@H]1CN2CCOCC2CO1,525.0,6.279840696594043,1,509.3650000000004
COc1cc2c(Nc3cc(Cl)c(Cl)cc3F)ncnc2cc1OC[C@@H]1CN2CCOC[C@H]2CO1,50.0,7.301029995663981,1,509.3650000000004
COc1cc2c(Nc3cc(Cl)c(Cl)cc3F)ncnc2cc1OC[C@@H]1CO[C@H]2[C@@H]1OC[C@@H]2OC,50.0,7.301029995663981,1,510.34900000000033
COc1cc2c(Nc3cc(Cl)c(Cl)cc3F)ncnc2cc1OC[C@H]1CN2CCOCC2CO1,525.0,6.279840696594043,1,509.3650000000004
COc1cc2c(Nc3cc(Cl)c(Cl)cc3F)ncnc2cc1OC[C@H]1CN2CCOC[C@H]2CO1,50.0,7.301029995663981,1,509.3650000000004
COc1cc2c(Nc3cc(Cl)c(Cl)cc3F)ncnc2cc1OC[C@H]1C[C@@H]2CN(C)C[C@@H]2C1,50.0,7.301029995663981,1,491.39400000000035
COc1cc2c(Nc3cc(Cl)c(Cl)cc3F)ncnc2cc1O[C@@H]1C[C@H]2OC[C@H](OC)[C@H]2O1,1000.0,6.0,1,496.3220000000003
COc1cc2c(Nc3cc(Cl)c(Cl)cc3F)ncnc2cc1O[C@H]1CO[C@H]2[C@@H]1OC[C@@H]2OC,50.0,7.301029995663981,1,496.3220000000003
COc1cc2c(Nc3cc(F)c(Br)c(F)c3)ncnc2cc1OCC1CN(C)CCO1,50.0,7.301029995663981,1,495.3240000000003
COc1cc2c(Nc3cc(F)c(Br)cc3F)ncnc2cc1OCC1CN(C)CCO1,50.0,7.301029995663981,1,495.3240000000003
COc1cc2c(Nc3ccc(-c4nc5cc(C(F)(F)F)ccc5s4)cc3)ncnc2cc1OCCCN1CCN(C)CC1,10000.0,5.0,0,608.6899999999998
COc1cc2c(Nc3ccc(-c4nc5cc(Cl)ccc5s4)cc3)ncnc2cc1OCCCN1CCN(C)CC1,10000.0,5.0,0,575.138
COc1cc2c(Nc3ccc(-c4nc5ccc(Cl)cc5s4)cc3)ncnc2cc1OCCCN1CCN(C)CC1,2300.0,5.638272163982407,0,575.138
COc1cc2c(Nc3ccc(-c4nc5ccc(Cl)cc5s4)cc3F)ncnc2cc1OCCCN1CCN(C)CC1,10000.0,5.0,0,593.1279999999999
COc1cc2c(Nc3ccc(-c4nc5ccc(F)cc5s4)cc3)ncnc2cc1OCCCN1CCN(C)CC1,6950.0,5.158015195409886,0,558.6830000000001
COc1cc2c(Nc3ccc(-c4nc5ccccc5s4)c(C)c3)ncnc2cc1OCCCN1CCN(C)CC1,32.0,7.494850021680094,1,554.7200000000003
COc1cc2c(Nc3ccc(-c4nc5ccccc5s4)c(Cl)c3)ncnc2cc1OCCCN1CCN(C)CC1,38.0,7.42021640338319,1,575.138
COc1cc2c(Nc3ccc(-c4nc5ccccc5s4)c(F)c3)ncnc2cc1OCCCN1CCN(C)CC1,300.0,6.522878745280337,1,558.6830000000001
COc1cc2c(Nc3ccc(-c4nc5ccccc5s4)c(O)c3)ncnc2cc1OCCCN1CCN(C)CC1,780.0,6.107905397309519,1,556.6920000000001
COc1cc2c(Nc3ccc(-c4nc5ccccc5s4)c(OC)c3)ncnc2cc1OCCCN1CCN(C)CC1,5.0,8.301029995663981,1,570.7190000000002
COc1cc2c(Nc3ccc(-c4nc5ccccc5s4)cc3)ncnc2cc1OCCCN1CCN(C)CC1,100.0,7.0,1,540.6930000000002
COc1cc2c(Nc3ccc(-c4nc5ccccc5s4)cc3C)ncnc2cc1OCCCN1CCN(C)CC1,490.0,6.309803919971486,1,554.7200000000003
COc1cc2c(Nc3ccc(-c4nc5ccccc5s4)cc3F)ncnc2cc1OCCCN1CCN(C)CC1,2400.0,5.619788758288394,0,558.6830000000001
COc1cc2c(Nc3ccc(-c4nc5ccccc5s4)cc3O)ncnc2cc1OCCCN1CCN(C)CC1,3600.0,5.443697499232712,0,556.6920000000001
COc1cc2c(Nc3ccc(-c4nc5ccccc5s4)cc3OC(F)(F)F)ncnc2cc1OCCCN1CCN(C)CC1,10000.0,5.0,0,624.6889999999997
COc1cc2c(Nc3ccc(Br)c(C)c3)ncnc2cc1OCC1CN(C)CCO1,50.0,7.301029995663981,1,473.3710000000003
COc1cc2c(Nc3ccc(Br)c(Cl)c3)ncnc2cc1OC1=CO[C@H]2[C@H]1OC[C@@]21COC(C)(C)O1,1000.0,6.0,1,576.8310000000002
COc1cc2c(Nc3ccc(Br)c(Cl)c3)ncnc2cc1OC1CCN(C)C1,1000.0,6.0,1,463.76300000000026
COc1cc2c(Nc3ccc(Br)c(Cl)c3)ncnc2cc1OCC1CN(C)CCO1,50.0,7.301029995663981,1,493.7890000000003
COc1cc2c(Nc3ccc(Br)c(Cl)c3)ncnc2cc1O[C@@H]1CCOC1,50.0,7.301029995663981,1,450.72000000000025
COc1cc2c(Nc3ccc(Br)c(Cl)c3)ncnc2cc1O[C@@H]1CO[C@H]2[C@@H]1OC[C@@H]2C(F)(F)F,50.0,7.301029995663981,1,560.7540000000004
COc1cc2c(Nc3ccc(Br)c(Cl)c3)ncnc2cc1O[C@@H]1CO[C@H]2[C@@H]1OC[C@@H]2NC(F)(F)F,50.0,7.301029995663981,1,575.7690000000003
COc1cc2c(Nc3ccc(Br)c(Cl)c3)ncnc2cc1O[C@@H]1CO[C@H]2[C@@H]1OC[C@@H]2NS(C)(=O)=O,50.0,7.301029995663981,1,585.8640000000003
COc1cc2c(Nc3ccc(Br)c(Cl)c3)ncnc2cc1O[C@@H]1CO[C@H]2[C@@H]1OC[C@@H]2O,50.0,7.301029995663981,1,508.75600000000026
COc1cc2c(Nc3ccc(Br)c(Cl)c3)ncnc2cc1O[C@@H]1CO[C@H]2[C@@H]1OC[C@@H]2OS(C)(=O)=O,1000.0,6.0,1,586.8480000000003
COc1cc2c(Nc3ccc(Br)c(Cl)c3)ncnc2cc1O[C@@H]1C[C@H]2OCC3(OCCO3)[C@H]2O1,50.0,7.301029995663981,1,550.7930000000003
COc1cc2c(Nc3ccc(Br)c(Cl)c3)ncnc2cc1O[C@H]1CO[C@@H]2CCO[C@H]12,50.0,7.301029995663981,1,492.7570000000003
COc1cc2c(Nc3ccc(Br)c(Cl)c3)ncnc2cc1O[C@H]1CO[C@H]2[C@@H]1OCC21OCCO1,287.5,6.541362150974351,1,550.7930000000002
COc1cc2c(Nc3ccc(Br)c(Cl)c3)ncnc2cc1O[C@H]1CO[C@H]2[C@@H]1OC[C@@H]2N,1000.0,6.0,1,507.7720000000003
COc1cc2c(Nc3ccc(Br)c(Cl)c3)ncnc2cc1O[C@H]1CO[C@H]2[C@@H]1OC[C@@H]2N1CCCC1,1000.0,6.0,1,561.864
COc1cc2c(Nc3ccc(Br)c(Cl)c3)ncnc2cc1O[C@H]1CO[C@H]2[C@@H]1OC[C@@H]2N1CCCCC1,1000.0,6.0,1,575.891
COc1cc2c(Nc3ccc(Br)c(Cl)c3)ncnc2cc1O[C@H]1CO[C@H]2[C@@H]1OC[C@@H]2N1CCN(C)CC1,1000.0,6.0,1,590.906
COc1cc2c(Nc3ccc(Br)c(Cl)c3)ncnc2cc1O[C@H]1CO[C@H]2[C@@H]1OC[C@@H]2N1CCOCC1,1000.0,6.0,1,577.863
COc1cc2c(Nc3ccc(Br)c(Cl)c3)ncnc2cc1O[C@H]1CO[C@H]2[C@@H]1OC[C@@H]2NC(C)=O,1000.0,6.0,1,549.8090000000002
COc1cc2c(Nc3ccc(Br)c(Cl)c3)ncnc2cc1O[C@H]1CO[C@H]2[C@@H]1OC[C@@H]2O,50.0,7.301029995663981,1,508.75600000000026
COc1cc2c(Nc3ccc(Br)c(Cl)c3)ncnc2cc1O[C@H]1CO[C@H]2[C@@H]1OC[C@@H]2OC,50.0,7.301029995663981,1,522.7830000000002
COc1cc2c(Nc3ccc(Br)c(Cl)c3)ncnc2cc1O[C@H]1CO[C@H]2[C@@H]1OC[C@@H]2OC(C)=O,1000.0,6.0,1,550.7930000000002
COc1cc2c(Nc3ccc(Br)c(Cl)c3)ncnc2cc1O[C@H]1CO[C@H]2[C@@H]1OC[C@@H]2OC(F)F,50.0,7.301029995663981,1,558.7630000000004
COc1cc2c(Nc3ccc(Br)c(Cl)c3)ncnc2cc1O[C@H]1CO[C@H]2[C@@H]1OC[C@@H]2S(C)(=O)=O,50.0,7.301029995663981,1,570.8490000000003
COc1cc2c(Nc3ccc(Br)c(Cl)c3)ncnc2cc1O[C@H]1CO[C@H]2[C@@H]1OC[C@@H]2SC,1000.0,6.0,1,538.8510000000002
COc1cc2c(Nc3ccc(Br)c(Cl)c3)ncnc2cc1O[C@H]1CO[C@H]2[C@@H]1OC[C@H]2OC,762.5,6.117760151981177,1,522.7830000000002
COc1cc2c(Nc3ccc(Br)c(Cl)c3C)ncnc2cc1OCC1CN(C)CCO1,50.0,7.301029995663981,1,507.8160000000004
COc1cc2c(Nc3ccc(Br)c(Cl)c3Cl)ncnc2cc1OCC1CN(C)C(C)(C)CO1,50.0,7.301029995663981,1,556.2880000000002
COc1cc2c(Nc3ccc(Br)c(Cl)c3Cl)ncnc2cc1OCC1CN(C)CCO1,50.0,7.301029995663981,1,528.2340000000004
COc1cc2c(Nc3ccc(Br)c(Cl)c3Cl)ncnc2cc1OC[C@@H]1CN2CCC[C@H]2CO1,3533.3333333333335,5.451815389454892,0,554.2720000000004
COc1cc2c(Nc3ccc(Br)c(Cl)c3Cl)ncnc2cc1OC[C@@H]1CN2CCOCC2CO1,525.0,6.279840696594043,1,570.2710000000002
COc1cc2c(Nc3ccc(Br)c(Cl)c3Cl)ncnc2cc1OC[C@@H]1CN2CCOC[C@H]2CO1,1000.0,6.0,1,570.2710000000002
COc1cc2c(Nc3ccc(Br)c(Cl)c3Cl)ncnc2cc1OC[C@@H]1CO[C@H]2[C@@H]1OC[C@@H]2OC,762.5,6.117760151981177,1,571.2550000000002
COc1cc2c(Nc3ccc(Br)c(Cl)c3Cl)ncnc2cc1OC[C@H]1CN2CCCC[C@H]2CO1,1000.0,6.0,1,568.2990000000003
COc1cc2c(Nc3ccc(Br)c(Cl)c3Cl)ncnc2cc1OC[C@H]1CN2CCOCC2CO1,525.0,6.279840696594043,1,570.2710000000002
COc1cc2c(Nc3ccc(Br)c(Cl)c3Cl)ncnc2cc1OC[C@H]1C[C@@H]2CN(C)C[C@@H]2C1,525.0,6.279840696594043,1,552.3000000000002
COc1cc2c(Nc3ccc(Br)c(Cl)c3Cl)ncnc2cc1O[C@@H]1C[C@H]2OC[C@H](OC)[C@H]2O1,50.0,7.301029995663981,1,557.2280000000003
COc1cc2c(Nc3ccc(Br)c(Cl)c3Cl)ncnc2cc1O[C@H]1CO[C@H]2[C@@H]1OC[C@@H]2OC,10500.0,4.978810700930062,0,557.2280000000003
COc1cc2c(Nc3ccc(Br)c(Cl)c3F)ncnc2cc1OCC1CN(C)C(C)(C)CO1,50.0,7.301029995663981,1,539.8330000000003
COc1cc2c(Nc3ccc(Br)c(Cl)c3F)ncnc2cc1OCC1CN(C)CCO1,50.0,7.301029995663981,1,511.77900000000034
COc1cc2c(Nc3ccc(Br)c(Cl)c3F)ncnc2cc1OCC1CO[C@@H]2[C@@H](OC)CO[C@H]12,10500.0,4.978810700930062,0,554.8000000000003
COc1cc2c(Nc3ccc(Br)c(Cl)c3F)ncnc2cc1OC[C@@H]1CN(C)CC(=O)N1,50.0,7.301029995663981,1,524.7780000000004
COc1cc2c(Nc3ccc(Br)c(Cl)c3F)ncnc2cc1OC[C@@H]1CN(C)CC(=O)N1C,1000.0,6.0,1,538.8050000000003
COc1cc2c(Nc3ccc(Br)c(Cl)c3F)ncnc2cc1OC[C@@H]1CN2CCC[C@H]2C(=O)N1,762.5,6.117760151981177,1,550.8160000000004
COc1cc2c(Nc3ccc(Br)c(Cl)c3F)ncnc2cc1OC[C@@H]1CN2CCC[C@H]2CO1,50.0,7.301029995663981,1,537.8170000000003
COc1cc2c(Nc3ccc(Br)c(Cl)c3F)ncnc2cc1OC[C@@H]1CN2CCOCC2CO1,50.0,7.301029995663981,1,553.8160000000004
COc1cc2c(Nc3ccc(Br)c(Cl)c3F)ncnc2cc1OC[C@@H]1CN2CCOC[C@H]2CO1,50.0,7.301029995663981,1,553.8160000000004
COc1cc2c(Nc3ccc(Br)c(Cl)c3F)ncnc2cc1OC[C@@H]1C[C@@H]2CN(C(C)=O)C[C@@H]2C1,525.0,6.279840696594043,1,563.8550000000001
COc1cc2c(Nc3ccc(Br)c(Cl)c3F)ncnc2cc1OC[C@@H]1C[C@@H]2CN(CC(C)C)C[C@@H]2C1,10500.0,4.978810700930062,0,577.9260000000002
COc1cc2c(Nc3ccc(Br)c(Cl)c3F)ncnc2cc1OC[C@@H]1C[C@@H]2CN(S(C)(=O)=O)C[C@@H]2C1,525.0,6.279840696594043,1,599.9100000000002
COc1cc2c(Nc3ccc(Br)c(Cl)c3F)ncnc2cc1OC[C@H]1CN2CCOCC2CO1,525.0,6.279840696594043,1,553.8160000000004
COc1cc2c(Nc3ccc(Br)c(Cl)c3F)ncnc2cc1OC[C@H]1CN2CCOC[C@H]2CO1,50.0,7.301029995663981,1,553.8160000000004
COc1cc2c(Nc3ccc(Br)c(Cl)c3F)ncnc2cc1OC[C@H]1C[C@@H]2CN(C)C[C@@H]2C1,525.0,6.279840696594043,1,535.8450000000003
COc1cc2c(Nc3ccc(Br)c(Cl)c3F)ncnc2cc1O[C@@H]1C[C@H]2OC[C@H](OC)[C@H]2O1,50.0,7.301029995663981,1,540.7730000000004
COc1cc2c(Nc3ccc(Br)c(Cl)c3F)ncnc2cc1O[C@H]1CO[C@H]2[C@@H]1OC[C@@H]2OC,525.0,6.279840696594043,1,540.7730000000003
COc1cc2c(Nc3ccc(Br)c(F)c3F)ncnc2cc1OCC1CN(C)CCO1,50.0,7.301029995663981,1,495.32400000000035
COc1cc2c(Nc3ccc(Br)cc3F)ncnc2cc1OCC1CCN(C)CC1,20000.0,4.698970004336019,0,475.36200000000036
COc1cc2c(Nc3ccc(Br)cc3F)ncnc2cc1OCCn1ccnn1,100000.0,4.0,0,459.2790000000002
COc1cc2c(Nc3ccc(C(F)(F)F)cc3Br)ncnc2cc1O[C@@H]1CO[C@@H]2[C@H]1OC[C@H]2F,525.0,6.279840696594043,1,544.2990000000002
COc1cc2c(Nc3ccc(C)c(Br)c3)ncnc2cc1OCC1CN(C)CCO1,50.0,7.301029995663981,1,473.3710000000003
COc1cc2c(Nc3ccc(C)c(Cl)c3Cl)ncnc2cc1OCC1CN(C)CCO1,1000.0,6.0,1,463.3650000000003
COc1cc2c(Nc3ccc(Cl)c(Cl)c3)ncnc2cc1OC1CC2CCC(C1)N2C,525.0,6.279840696594043,1,459.3770000000003
COc1cc2c(Nc3ccc(Cl)c(Cl)c3)ncnc2cc1OC1C[C@@H]2CN(C)C[C@@H]2C1,3533.3333333333335,5.451815389454892,0,459.3770000000003
COc1cc2c(Nc3ccc(Cl)c(Cl)c3)ncnc2cc1OCC1CC1,50.0,7.301029995663981,1,390.2700000000002
COc1cc2c(Nc3ccc(Cl)c(Cl)c3)ncnc2cc1OCC1CC2CCC(C1)N2C,5275.0,5.2777775360302694,0,473.40400000000034
COc1cc2c(Nc3ccc(Cl)c(Cl)c3)ncnc2cc1OCC1CCC1,50.0,7.301029995663981,1,404.29700000000025
COc1cc2c(Nc3ccc(Cl)c(Cl)c3)ncnc2cc1OCC1CCCO1,50.0,7.301029995663981,1,420.2960000000003
COc1cc2c(Nc3ccc(Cl)c(Cl)c3)ncnc2cc1OCC1CN(/C(=N/C#N)N2CCCC2)CCO1,50.0,7.301029995663981,1,556.4540000000003
COc1cc2c(Nc3ccc(Cl)c(Cl)c3)ncnc2cc1OCC1CN(/C(=N/C#N)N2CCCCC2)CCO1,50.0,7.301029995663981,1,570.4810000000002
COc1cc2c(Nc3ccc(Cl)c(Cl)c3)ncnc2cc1OCC1CN(/C(N)=N/C#N)CCO1,50.0,7.301029995663981,1,502.36200000000036
COc1cc2c(Nc3ccc(Cl)c(Cl)c3)ncnc2cc1OCC1CN(C(=O)C2CCCC2)CCO1,50.0,7.301029995663981,1,531.4400000000004
COc1cc2c(Nc3ccc(Cl)c(Cl)c3)ncnc2cc1OCC1CN(C(=O)OC(C)(C)C)CCO1,525.0,6.279840696594043,1,535.4280000000003
COc1cc2c(Nc3ccc(Cl)c(Cl)c3)ncnc2cc1OCC1CN(C(=O)c2c(C)noc2C)CCO1,50.0,7.301029995663981,1,558.4220000000003
COc1cc2c(Nc3ccc(Cl)c(Cl)c3)ncnc2cc1OCC1CN(C(=O)c2cccnc2Cl)CCO1,50.0,7.301029995663981,1,574.8520000000002
COc1cc2c(Nc3ccc(Cl)c(Cl)c3)ncnc2cc1OCC1CN(C(C)=O)CCCO1,50.0,7.301029995663981,1,491.3750000000004
COc1cc2c(Nc3ccc(Cl)c(Cl)c3)ncnc2cc1OCC1CN(C(C)C)CCCO1,525.0,6.279840696594043,1,491.4190000000004
COc1cc2c(Nc3ccc(Cl)c(Cl)c3)ncnc2cc1OCC1CN(C(C)C)CCO1,525.0,6.279840696594043,1,477.39200000000034
COc1cc2c(Nc3ccc(Cl)c(Cl)c3)ncnc2cc1OCC1CN(C)C(C)(C)C(=O)O1,50.0,7.301029995663981,1,491.37500000000034
COc1cc2c(Nc3ccc(Cl)c(Cl)c3)ncnc2cc1OCC1CN(C)C(C)(C)CO1,50.0,7.301029995663981,1,477.39200000000034
COc1cc2c(Nc3ccc(Cl)c(Cl)c3)ncnc2cc1OCC1CN(C)CC(C)(C)O1,50.0,7.301029995663981,1,477.39200000000034
COc1cc2c(Nc3ccc(Cl)c(Cl)c3)ncnc2cc1OCC1CN(C)CCN1C,525.0,6.279840696594043,1,462.3810000000003
COc1cc2c(Nc3ccc(Cl)c(Cl)c3)ncnc2cc1OCC1CN(C2CCCC2)CCO1,10500.0,4.978810700930062,0,503.43000000000046
COc1cc2c(Nc3ccc(Cl)c(Cl)c3)ncnc2cc1OCC1CN(CC(N)=O)CCO1,50.0,7.301029995663981,1,492.3630000000004
COc1cc2c(Nc3ccc(Cl)c(Cl)c3)ncnc2cc1OCC1CN(CC2CC2)CCCO1,10500.0,4.978810700930062,0,503.43000000000046
COc1cc2c(Nc3ccc(Cl)c(Cl)c3)ncnc2cc1OCC1CN(CCCCCC#N)CCO1,287.5,6.541362150974351,1,530.4560000000005
COc1cc2c(Nc3ccc(Cl)c(Cl)c3)ncnc2cc1OCC1CN(CCCc2ccccc2)CCO1,525.0,6.279840696594043,1,553.4900000000002
COc1cc2c(Nc3ccc(Cl)c(Cl)c3)ncnc2cc1OCC1CN(CCOCCO)CCO1,10500.0,4.978810700930062,0,523.4170000000005
COc1cc2c(Nc3ccc(Cl)c(Cl)c3)ncnc2cc1OCC1CN(S(=O)(=O)CCCCl)CCO1,50.0,7.301029995663981,1,575.9020000000003
COc1cc2c(Nc3ccc(Cl)c(Cl)c3)ncnc2cc1OCC1CN(S(C)(=O)=O)CCCO1,50.0,7.301029995663981,1,527.4300000000004
COc1cc2c(Nc3ccc(Cl)c(Cl)c3)ncnc2cc1OCC1CN(S(C)(=O)=O)CCO1,50.0,7.301029995663981,1,513.4030000000004
COc1cc2c(Nc3ccc(Cl)c(Cl)c3)ncnc2cc1OCC1CN2CCOCC2CO1,3533.3333333333335,5.451815389454892,0,491.3750000000004
COc1cc2c(Nc3ccc(Cl)c(Cl)c3)ncnc2cc1OCC1CN2CSC[C@H]2CO1,287.5,6.541362150974351,1,493.41600000000034
COc1cc2c(Nc3ccc(Cl)c(Cl)c3)ncnc2cc1OCC1CNCC(C)(C)O1,50.0,7.301029995663981,1,463.3650000000003
COc1cc2c(Nc3ccc(Cl)c(Cl)c3)ncnc2cc1OCCC1CC2CCC(C1)N2C,525.0,6.279840696594043,1,487.4310000000004
COc1cc2c(Nc3ccc(Cl)c(Cl)c3)ncnc2cc1OCCC1CCCN1C,50.0,7.301029995663981,1,447.3660000000003
COc1cc2c(Nc3ccc(Cl)c(Cl)c3)ncnc2cc1OCCC1CN(C(=O)OC(C)(C)C)C(C)(C)CO1,1000.0,6.0,1,577.5090000000002
COc1cc2c(Nc3ccc(Cl)c(Cl)c3)ncnc2cc1OCCC1CN(C)C(C)(C)CO1,50.0,7.301029995663981,1,491.4190000000004
COc1cc2c(Nc3ccc(Cl)c(Cl)c3)ncnc2cc1OCCC1CN(C)CC(C)(C)O1,50.0,7.301029995663981,1,491.4190000000004
COc1cc2c(Nc3ccc(Cl)c(Cl)c3)ncnc2cc1OCCC1CNC(C)(C)CO1,50.0,7.301029995663981,1,477.39200000000034
COc1cc2c(Nc3ccc(Cl)c(Cl)c3)ncnc2cc1OCCN1C(=O)c2ccccc2C1=O,50.0,7.301029995663981,1,509.34900000000033
COc1cc2c(Nc3ccc(Cl)c(Cl)c3)ncnc2cc1OCCNC1CC2CCC(C1)N2C,525.0,6.279840696594043,1,502.44600000000037
COc1cc2c(Nc3ccc(Cl)c(Cl)c3)ncnc2cc1OC[C@@H]1CN2CCC[C@@H]2CO1,287.5,6.541362150974351,1,475.3760000000004
COc1cc2c(Nc3ccc(Cl)c(Cl)c3)ncnc2cc1OC[C@@H]1CN2CCC[C@H]2CO1,50.0,7.301029995663981,1,475.3760000000004
COc1cc2c(Nc3ccc(Cl)c(Cl)c3)ncnc2cc1OC[C@@H]1CO[C@H]2[C@@H]1OC[C@@H]2OC,5275.0,5.2777775360302694,0,492.3590000000003
COc1cc2c(Nc3ccc(Cl)c(Cl)c3)ncnc2cc1OC[C@@H]1O[C@@H](OC)[C@@H](O)[C@H](O)[C@H]1O,50.0,7.301029995663981,1,512.3460000000002
COc1cc2c(Nc3ccc(Cl)c(Cl)c3)ncnc2cc1OC[C@H]1CN2CCC[C@@H]2CO1,50.0,7.301029995663981,1,475.3760000000004
COc1cc2c(Nc3ccc(Cl)c(Cl)c3)ncnc2cc1OC[C@H]1CN2CCC[C@H]2CO1,287.5,6.541362150974351,1,475.3760000000004
COc1cc2c(Nc3ccc(Cl)c(Cl)c3)ncnc2cc1OC[C@H]1C[C@@H]2CN(C)C[C@@H]2C1,50.0,7.301029995663981,1,473.40400000000034
COc1cc2c(Nc3ccc(Cl)c(Cl)c3)ncnc2cc1OCc1c(-c2c(Cl)cccc2Cl)noc1C,525.0,6.279840696594043,1,576.2670000000002
COc1cc2c(Nc3ccc(Cl)c(Cl)c3)ncnc2cc1OCc1c(-c2ccccc2)nn(C)c1Cl,50.0,7.301029995663981,1,540.8380000000003
COc1cc2c(Nc3ccc(Cl)c(Cl)c3)ncnc2cc1OCc1c(F)cccc1F,10500.0,4.978810700930062,0,462.2830000000002
COc1cc2c(Nc3ccc(Cl)c(Cl)c3)ncnc2cc1OCc1cc(Br)cc(Br)c1,525.0,6.279840696594043,1,584.0950000000003
COc1cc2c(Nc3ccc(Cl)c(Cl)c3)ncnc2cc1OCc1cc(C)on1,50.0,7.301029995663981,1,431.2790000000002
COc1cc2c(Nc3ccc(Cl)c(Cl)c3)ncnc2cc1OCc1cc(F)cc2c1OCCO2,525.0,6.279840696594043,1,502.32900000000035
COc1cc2c(Nc3ccc(Cl)c(Cl)c3)ncnc2cc1OCc1ccc2nc(C(F)(F)F)cc(Cl)c2c1,50.0,7.301029995663981,1,579.7930000000001
COc1cc2c(Nc3ccc(Cl)c(Cl)c3)ncnc2cc1OCc1ccc2nonc2c1,50.0,7.301029995663981,1,468.30000000000024
COc1cc2c(Nc3ccc(Cl)c(Cl)c3)ncnc2cc1OCc1ccncc1,525.0,6.279840696594043,1,427.29100000000017
COc1cc2c(Nc3ccc(Cl)c(Cl)c3)ncnc2cc1OCc1csc(-c2ccc(C(F)(F)F)cc2)n1,525.0,6.279840696594043,1,577.4150000000003
COc1cc2c(Nc3ccc(Cl)c(Cl)c3)ncnc2cc1OCc1csc(-c2ccc(Cl)cc2)n1,525.0,6.279840696594043,1,543.8630000000002
COc1cc2c(Nc3ccc(Cl)c(Cl)c3)ncnc2cc1OCc1csc(C2CCCCN2)n1,5275.0,5.2777775360302694,0,516.4540000000003
COc1cc2c(Nc3ccc(Cl)c(Cl)c3)ncnc2cc1OCc1csc(C2CCCCN2C)n1,10500.0,4.978810700930062,0,530.4810000000003
COc1cc2c(Nc3ccc(Cl)c(Cl)c3)ncnc2cc1OCc1csc(C2CCCN(C)C2)n1,50.0,7.301029995663981,1,530.4810000000002
COc1cc2c(Nc3ccc(Cl)c(Cl)c3)ncnc2cc1OCc1csc(C2CCCN2)n1,50.0,7.301029995663981,1,502.4270000000003
COc1cc2c(Nc3ccc(Cl)c(Cl)c3)ncnc2cc1OCc1csc(C2CCCNC2)n1,10500.0,4.978810700930062,0,516.4540000000003
COc1cc2c(Nc3ccc(Cl)c(Cl)c3)ncnc2cc1OCc1csc(C2CCN(C)CC2)n1,50.0,7.301029995663981,1,530.4810000000002
COc1cc2c(Nc3ccc(Cl)c(Cl)c3)ncnc2cc1OCc1csc(C2CCNCC2)n1,50.0,7.301029995663981,1,516.4540000000003
COc1cc2c(Nc3ccc(Cl)c(Cl)c3)ncnc2cc1OCc1csc(CO)n1,525.0,6.279840696594043,1,463.34600000000023
COc1cc2c(Nc3ccc(Cl)c(Cl)c3)ncnc2cc1OCc1csc(COC(=O)c2ccccc2)n1,50.0,7.301029995663981,1,567.4540000000003
COc1cc2c(Nc3ccc(Cl)c(Cl)c3)ncnc2cc1OCc1csc(N(C)C)n1,525.0,6.279840696594043,1,476.38900000000024
COc1cc2c(Nc3ccc(Cl)c(Cl)c3)ncnc2cc1OCc1csc(N2CCN(C)CC2)n1,50.0,7.301029995663981,1,531.4690000000003
COc1cc2c(Nc3ccc(Cl)c(Cl)c3)ncnc2cc1OCc1csc(N2CCNCC2)n1,10500.0,4.978810700930062,0,517.4420000000003
COc1cc2c(Nc3ccc(Cl)c(Cl)c3)ncnc2cc1OCc1csc(N2CCOCC2)n1,525.0,6.279840696594043,1,518.4260000000004
COc1cc2c(Nc3ccc(Cl)c(Cl)c3)ncnc2cc1OCc1csc([C@@H]2CCCN2C)n1,10500.0,4.978810700930062,0,516.4540000000003
COc1cc2c(Nc3ccc(Cl)c(Cl)c3)ncnc2cc1OCc1csc([C@@H]2CSCN2)n1,525.0,6.279840696594043,1,520.4670000000002
COc1cc2c(Nc3ccc(Cl)c(Cl)c3)ncnc2cc1OCc1csc2ccc(Cl)cc12,10500.0,4.978810700930062,0,516.8370000000002
COc1cc2c(Nc3ccc(Cl)c(Cl)c3)ncnc2cc1OCc1cscn1,50.0,7.301029995663981,1,433.32000000000016
COc1cc2c(Nc3ccc(Cl)c(Cl)c3)ncnc2cc1OCc1nc(-c2ccc(C(C)(C)C)cc2)no1,50.0,7.301029995663981,1,550.4460000000004
COc1cc2c(Nc3ccc(Cl)c(Cl)c3)ncnc2cc1OCc1nc(-c2ccc(N3CCCC3)cc2)cs1,50.0,7.301029995663981,1,578.5250000000004
COc1cc2c(Nc3ccc(Cl)c(Cl)c3)ncnc2cc1OCc1nc(-c2ccccn2)cs1,50.0,7.301029995663981,1,510.40600000000023
COc1cc2c(Nc3ccc(Cl)c(Cl)c3)ncnc2cc1OCc1nc(-c2ccncc2)cs1,525.0,6.279840696594043,1,510.40600000000023
COc1cc2c(Nc3ccc(Cl)c(Cl)c3)ncnc2cc1OCc1nc(C2CCCN2)no1,50.0,7.301029995663981,1,487.3470000000003
COc1cc2c(Nc3ccc(Cl)c(Cl)c3)ncnc2cc1OCc1nc(CN2CCN(C)CC2)cs1,50.0,7.301029995663981,1,545.4960000000004
COc1cc2c(Nc3ccc(Cl)c(Cl)c3)ncnc2cc1OCc1nc(N2CCCC2)no1,50.0,7.301029995663981,1,487.3470000000004
COc1cc2c(Nc3ccc(Cl)c(Cl)c3)ncnc2cc1OCc1nc(N2CCN(C(=O)OC(C)(C)C)CC2)no1,50.0,7.301029995663981,1,602.4790000000002
COc1cc2c(Nc3ccc(Cl)c(Cl)c3)ncnc2cc1OCc1nc(N2CCN(C)CC2)no1,50.0,7.301029995663981,1,516.3890000000004
COc1cc2c(Nc3ccc(Cl)c(Cl)c3)ncnc2cc1OCc1nc(N2CCNCC2)no1,50.0,7.301029995663981,1,502.36200000000036
COc1cc2c(Nc3ccc(Cl)c(Cl)c3)ncnc2cc1OCc1nc([C@@H]2CCCN2C)no1,10500.0,4.978810700930062,0,501.37400000000036
COc1cc2c(Nc3ccc(Cl)c(Cl)c3)ncnc2cc1OCc1nc2c(s1)CN(C)CC2,50.0,7.301029995663981,1,502.42700000000036
COc1cc2c(Nc3ccc(Cl)c(Cl)c3)ncnc2cc1OCc1nc2c(s1)CNC(C)C2,525.0,6.279840696594043,1,502.4270000000003
COc1cc2c(Nc3ccc(Cl)c(Cl)c3)ncnc2cc1OCc1nc2c(s1)CNCC2,50.0,7.301029995663981,1,488.4000000000003
COc1cc2c(Nc3ccc(Cl)c(Cl)c3)ncnc2cc1OCc1nccn1Cc1ccccc1,525.0,6.279840696594043,1,506.39300000000026
COc1cc2c(Nc3ccc(Cl)c(Cl)c3)ncnc2cc1OCc1nnc(-c2ccc(C)cc2)o1,525.0,6.279840696594043,1,508.3650000000003
COc1cc2c(Nc3ccc(Cl)c(Cl)c3)ncnc2cc1OCc1noc(-c2c(C)noc2C)n1,525.0,6.279840696594043,1,513.3410000000003
COc1cc2c(Nc3ccc(Cl)c(Cl)c3)ncnc2cc1OCc1noc(-c2ccc(C(F)(F)F)cc2)n1,50.0,7.301029995663981,1,562.3350000000003
COc1cc2c(Nc3ccc(Cl)c(Cl)c3)ncnc2cc1OCc1noc(-c2ccccc2)n1,525.0,6.279840696594043,1,494.33800000000025
COc1cc2c(Nc3ccc(Cl)c(Cl)c3)ncnc2cc1OCc1noc(-c2ccccc2OC)n1,525.0,6.279840696594043,1,524.3640000000003
COc1cc2c(Nc3ccc(Cl)c(Cl)c3)ncnc2cc1OCc1noc(C2CCCCN2C(=O)OC(C)(C)C)n1,50.0,7.301029995663981,1,601.4910000000002
COc1cc2c(Nc3ccc(Cl)c(Cl)c3)ncnc2cc1OCc1noc(C2CCCCN2C)n1,50.0,7.301029995663981,1,515.4010000000004
COc1cc2c(Nc3ccc(Cl)c(Cl)c3)ncnc2cc1OCc1noc(C2CCCN2)n1,10500.0,4.978810700930062,0,487.3470000000003
COc1cc2c(Nc3ccc(Cl)c(Cl)c3)ncnc2cc1OCc1nsc(-c2cccs2)n1,525.0,6.279840696594043,1,516.4350000000002
COc1cc2c(Nc3ccc(Cl)c(Cl)c3)ncnc2cc1O[C@@H]1CO[C@@H]2[C@H]1OC[C@H]2F,50.0,7.301029995663981,1,466.2960000000002
COc1cc2c(Nc3ccc(Cl)c(Cl)c3)ncnc2cc1O[C@@H]1C[C@H]2OC[C@H](OC)[C@H]2O1,50.0,7.301029995663981,1,478.3320000000003
COc1cc2c(Nc3ccc(Cl)c(Cl)c3)ncnc2cc1O[C@H]1CO[C@H]2[C@@H]1OC[C@@H]2OC,3691.6666666666665,5.432777519824556,0,478.3320000000003
COc1cc2c(Nc3ccc(Cl)c(Cl)c3C)ncnc2cc1OCC1CN(C)CCO1,1000.0,6.0,1,463.3650000000003
COc1cc2c(Nc3ccc(Cl)c(Cl)c3Cl)ncnc2cc1OCC1CN(C)CCO1,50.0,7.301029995663981,1,483.78300000000036
COc1cc2c(Nc3ccc(Cl)c(Cl)c3Cl)ncnc2cc1O[C@@H]1C[C@H]2OC[C@H](OC)[C@H]2O1,1000.0,6.0,1,512.7770000000003
COc1cc2c(Nc3ccc(Cl)c(Cl)c3Cl)ncnc2cc1O[C@H]1CO[C@H]2[C@@H]1OC[C@@H]2OC,525.0,6.279840696594043,1,512.7770000000003
COc1cc2c(Nc3ccc(Cl)c(Cl)c3F)ncnc2cc1OCC1CN(C)C(C)(C)CO1,50.0,7.301029995663981,1,495.38200000000035
COc1cc2c(Nc3ccc(Cl)c(Cl)c3F)ncnc2cc1OCC1CN(C)CCO1,50.0,7.301029995663981,1,467.3280000000003
COc1cc2c(Nc3ccc(Cl)c(Cl)c3F)ncnc2cc1OCC1CO[C@@H]2[C@@H](OC)CO[C@H]12,10500.0,4.978810700930062,0,510.34900000000033
COc1cc2c(Nc3ccc(Cl)c(Cl)c3F)ncnc2cc1OC[C@@H]1CN(C)CC(=O)N1,50.0,7.301029995663981,1,480.3270000000003
COc1cc2c(Nc3ccc(Cl)c(Cl)c3F)ncnc2cc1OC[C@@H]1CN(C)CC(=O)N1C,1000.0,6.0,1,494.3540000000003
COc1cc2c(Nc3ccc(Cl)c(Cl)c3F)ncnc2cc1OC[C@@H]1CN2CCCC[C@@H]2C(=O)N1,1000.0,6.0,1,520.3920000000004
COc1cc2c(Nc3ccc(Cl)c(Cl)c3F)ncnc2cc1OC[C@@H]1CN2CCCC[C@H]2C(=O)N1,762.5,6.117760151981177,1,520.3920000000004
COc1cc2c(Nc3ccc(Cl)c(Cl)c3F)ncnc2cc1OC[C@@H]1CN2CCC[C@@H]2C(=O)N1,762.5,6.117760151981177,1,506.36500000000035
COc1cc2c(Nc3ccc(Cl)c(Cl)c3F)ncnc2cc1OC[C@@H]1CN2CCC[C@H]2C(=O)N1,5275.0,5.2777775360302694,0,506.36500000000035
COc1cc2c(Nc3ccc(Cl)c(Cl)c3F)ncnc2cc1OC[C@@H]1CN2CCC[C@H]2C(=O)N1C,1000.0,6.0,1,520.3920000000004
COc1cc2c(Nc3ccc(Cl)c(Cl)c3F)ncnc2cc1OC[C@@H]1CN2CCC[C@H]2CO1,5275.0,5.2777775360302694,0,493.3660000000004
COc1cc2c(Nc3ccc(Cl)c(Cl)c3F)ncnc2cc1OC[C@@H]1CN2CCOCC2CO1,525.0,6.279840696594043,1,509.3650000000004
COc1cc2c(Nc3ccc(Cl)c(Cl)c3F)ncnc2cc1OC[C@@H]1CN2CCOC[C@H]2CO1,50.0,7.301029995663981,1,509.3650000000004
COc1cc2c(Nc3ccc(Cl)c(Cl)c3F)ncnc2cc1OC[C@@H]1C[C@@H]2CN(C(C)C)C[C@@H]2C1,50.0,7.301029995663981,1,519.4480000000003
COc1cc2c(Nc3ccc(Cl)c(Cl)c3F)ncnc2cc1OC[C@@H]1C[C@@H]2CN(C)C[C@@H]2C1,50.0,7.301029995663981,1,491.39400000000035
COc1cc2c(Nc3ccc(Cl)c(Cl)c3F)ncnc2cc1OC[C@@H]1C[C@@H]2CN(CC(C)C)C[C@@H]2C1,10500.0,4.978810700930062,0,533.4750000000004
COc1cc2c(Nc3ccc(Cl)c(Cl)c3F)ncnc2cc1OC[C@H]1CN2CCC[C@@H]2C(=O)N1C,10500.0,4.978810700930062,0,520.3920000000004
COc1cc2c(Nc3ccc(Cl)c(Cl)c3F)ncnc2cc1OC[C@H]1CN2CCOCC2CO1,525.0,6.279840696594043,1,509.3650000000004
COc1cc2c(Nc3ccc(Cl)c(Cl)c3F)ncnc2cc1OC[C@H]1CN2CCOC[C@H]2CO1,50.0,7.301029995663981,1,509.3650000000004
COc1cc2c(Nc3ccc(Cl)c(Cl)c3F)ncnc2cc1OC[C@H]1C[C@@H]2CN(C)C[C@@H]2C1,525.0,6.279840696594043,1,491.39400000000035
COc1cc2c(Nc3ccc(Cl)c(Cl)c3F)ncnc2cc1O[C@@H]1CO[C@@H]2[C@H]1OC[C@H]2F,525.0,6.279840696594043,1,484.28600000000023
COc1cc2c(Nc3ccc(Cl)c(Cl)c3F)ncnc2cc1O[C@@H]1C[C@H]2OC[C@H](OC)[C@H]2O1,50.0,7.301029995663981,1,496.3220000000003
COc1cc2c(Nc3ccc(Cl)c(Cl)c3F)ncnc2cc1O[C@H]1CO[C@H]2[C@@H]1OC[C@@H]2OC,525.0,6.279840696594043,1,496.3220000000003
COc1cc2c(Nc3ccc(Cl)c(Cl)c3N3CCN(C)CC3)ncnc2cc1O[C@H]1CO[C@H]2[C@@H]1OC[C@@H]2F,1000.0,6.0,1,564.4450000000004
COc1cc2c(Nc3ccc(Cl)cc3Cl)ncnc2cc1O[C@@H]1CO[C@@H]2[C@H]1OC[C@H]2F,525.0,6.279840696594043,1,466.2960000000002
COc1cc2c(Nc3ccc(F)c(Cl)c3)ncnc2cc1OCCCCCCC(=O)NO,85.6,7.0675262353228465,1,462.9090000000004
COc1cc2c(Nc3ccc(F)c(Cl)c3F)ncnc2cc1OCC1CN(C)C(C)(C)CO1,50.0,7.301029995663981,1,478.9270000000003
COc1cc2c(Nc3ccc(F)c(Cl)c3F)ncnc2cc1OCC1CN(C)CCO1,50.0,7.301029995663981,1,450.8730000000003
COc1cc2c(Nc3ccc(F)c(Cl)c3F)ncnc2cc1OC[C@@H]1CN2CCC[C@H]2CO1,208.33333333333334,6.681241237375587,1,476.91100000000034
COc1cc2c(Nc3ccc(F)c(Cl)c3F)ncnc2cc1OC[C@@H]1CN2CCOCC2CO1,525.0,6.279840696594043,1,492.91000000000037
COc1cc2c(Nc3ccc(F)c(Cl)c3F)ncnc2cc1OC[C@@H]1CN2CCOC[C@H]2CO1,50.0,7.301029995663981,1,492.91000000000037
COc1cc2c(Nc3ccc(F)c(Cl)c3F)ncnc2cc1OC[C@H]1CN2CCOCC2CO1,525.0,6.279840696594043,1,492.91000000000037
COc1cc2c(Nc3ccc(F)c(Cl)c3F)ncnc2cc1OC[C@H]1CN2CCOC[C@H]2CO1,50.0,7.301029995663981,1,492.91000000000037
COc1cc2c(Nc3ccc(F)c(Cl)c3F)ncnc2cc1OC[C@H]1C[C@@H]2CN(C)C[C@@H]2C1,525.0,6.279840696594043,1,474.9390000000003
COc1cc2c(Nc3ccc(F)c(Cl)c3F)ncnc2cc1O[C@@H]1C[C@H]2OC[C@H](OC)[C@H]2O1,1000.0,6.0,1,479.86700000000025
COc1cc2c(Nc3ccc(F)c(Cl)c3F)ncnc2cc1O[C@H]1CO[C@H]2[C@@H]1OC[C@@H]2OC,10500.0,4.978810700930062,0,479.86700000000025
COc1cc2c(Nc3ccc(F)c(F)c3)ncnc2cc1O[C@@H]1CO[C@@H]2[C@H]1OC[C@H]2F,525.0,6.279840696594043,1,433.3860000000002
COc1cc2c(Nc3ccc(N4CCN(C)C(F)C4)cc3)ncnc2cc1O[C@H]1CO[C@H]2[C@@H]1OC[C@@H]2F,1000.0,6.0,1,513.5450000000003
COc1cc2c(Nc3ccc(N4CCN(C)CC4)c(Cl)c3Cl)ncnc2cc1O[C@H]1CO[C@H]2[C@@H]1OC[C@@H]2F,1000.0,6.0,1,564.4450000000002
COc1cc2c(Nc3ccc(N4CCN(C)CC4)cc3)ncnc2cc1O[C@H]1CO[C@H]2[C@@H]1OC[C@@H]2F,1000.0,6.0,1,495.5550000000002
COc1cc2c(Nc3cccc(Br)c3C)ncnc2cc1O[C@H]1CO[C@H]2[C@@H]1OC[C@@H]2OC,1000.0,6.0,1,502.3650000000003
COc1cc2c(Nc3cccc(Cl)c3C)ncnc2cc1O[C@H]1CO[C@H]2[C@@H]1OC[C@@H]2OC,1000.0,6.0,1,457.91400000000027
COc1cc2c(Nc3cccc(Cl)c3Cl)ncnc2cc1OCC1CN(C(C)=N)CCCO1,50.0,7.301029995663981,1,490.39100000000036
COc1cc2c(Nc3cccc(Cl)c3F)ncnc2cc1OCC1CN(/C(N)=N/C#N)CCCO1,50.0,7.301029995663981,1,499.9340000000004
COc1cc2c(Nc3cccc(Cl)c3F)ncnc2cc1O[C@H]1CO[C@H]2[C@@H]1OC[C@@H]2F,50.0,7.301029995663981,1,449.84100000000024
COc1cc2c(Nc3cccc(Cl)c3F)ncnc2cc1O[C@H]1CO[C@H]2[C@@H]1OC[C@@H]2OC,50.0,7.301029995663981,1,461.8770000000003
COc1cc2c(cc1Cl)C(c1ccc(Cl)c(Cl)c1)=NCC2,10000.0,5.0,0,340.6370000000001
COc1cc2c(cc1Cl)C(c1cccc(Cl)c1)=NCC2,10000.0,5.0,0,306.19200000000006
COc1cc2c(cc1OC)-c1n[nH]c(Nc3cccc(F)c3)c1C2,10000.0,5.0,0,325.3430000000001
COc1cc2c(cc1OCCCC(=O)Nc1cc(C(=O)Nc3cc(C(=O)Nc4cc(C(=O)NCCCO)n(C)c4)n(C)c3)n(C)c1)N=C[C@@H]1CCCN1C2=O,53.0,7.275724130399211,1,755.8329999999997
COc1cc2c(cc1OCCCC(=O)Nc1cc(C(=O)Nc3cc(C(=O)Nc4cc(C(=O)NCCCO)n(C)c4)n(C)c3)n(C)c1)N=C[C@@H]1Cc3ccccc3N1C2=O,15.940000000000001,7.7975116829399065,1,803.8769999999998
COc1cc2c(cc1OCCCC(=O)Nc1cn(C)c(C(=O)Nc3cc(C(=O)Nc4cc(C(=O)n5ccc6cc(N)ccc65)n(C)c4)n(C)c3)n1)N=C[C@@H]1Cc3ccccc3N1C2=O,0.796,9.099086932262331,1,861.9199999999996
COc1cc2cc(-c3ccncc3)cnc2cc1OC,10000.0,5.0,0,266.3
COc1cc2ncc(C#N)c(Nc3ccc(-n4ccnc4)c(Cl)c3)c2cc1NC(=O)/C=C/CN(C)C,800.0,6.096910013008056,1,501.9780000000003
COc1cc2ncc(C#N)c(Nc3ccc(Cc4nc(-c5ccccc5)cs4)c(Cl)c3)c2cc1NC(=O)/C=C/CN(C)C,74.0,7.130768280269024,1,609.155
COc1cc2ncc(C#N)c(Nc3ccc(F)c(Cl)c3)c2cc1NC(=O)/C=C/C(C)N(C)C,11820.0,4.927382523454764,0,467.9320000000002
COc1cc2ncc(C#N)c(Nc3ccc(F)c(Cl)c3)c2cc1NC(=O)/C=C/C(C)N1CCOCC1,33950.0,4.469160221383479,0,509.96900000000034
COc1cc2ncc(C#N)c(Nc3ccc(F)c(Cl)c3)c2cc1NC(=O)/C=C/CN(C)C,4490.0,5.347753658996677,0,453.9050000000002
COc1cc2ncc(C#N)c(Nc3ccc(F)c(Cl)c3)c2cc1NC(=O)/C=C/CN1CCOCC1,31430.0,4.50265561898242,0,495.94200000000035
COc1cc2ncc(C#N)c(Nc3ccc(F)c(Cl)c3)c2cc1OCCCN1CCOCC1,14700.0,4.8326826652518236,0,470.9320000000004
COc1cc2ncc(C#N)c(Nc3ccc(NCNc4ccccc4)c(Cl)c3)c2cc1NC(=O)/C=C/CN(C)C,1100.0,5.958607314841775,0,556.0700000000002
COc1cc2ncc(C#N)c(Nc3ccc(NCc4ccccc4)c(Cl)c3)c2cc1NC(=O)/C=C/CN(C)C,13000.0,4.886056647693163,0,541.0550000000002
COc1cc2ncc(C#N)c(Nc3ccc(NCc4cccnc4)c(Cl)c3)c2cc1NC(=O)/C=C/CN(C)C,3900.0,5.4089353929735005,0,542.0430000000001
COc1cc2ncc(C#N)c(Nc3ccc(OCc4ccccc4)c(Cl)c3)c2cc1NC(=O)/C=C/CN(C)C,39.0,7.4089353929735005,1,542.0390000000001
COc1cc2ncc(C#N)c(Nc3ccc(OCc4ccccc4)cc3)c2cc1NC(=O)/C=C/CN(C)C,363.0,6.440093374963888,1,507.5940000000002
COc1cc2ncc(C#N)c(Nc3ccc(OCc4ccccn4)c(Cl)c3)c2cc1NC(=O)/C=C/CN(C)C,17.0,7.769551078621726,1,543.0270000000002
COc1cc2ncc(C#N)c(Nc3ccc(Sc4ncc(-c5ccccc5)s4)c(Cl)c3)c2cc1NC(=O)/C=C/CN(C)C,1003.5,5.998482623176495,0,627.1949999999999
COc1cc2ncc(C#N)c(Nc3ccc(Sc4ncccn4)c(Cl)c3)c2cc1NC(=O)/C=C/CN(C)C,348.0,6.458420756053419,1,546.0560000000002
COc1cc2ncc(C#N)c(Nc3ccc(Sc4nccn4C)c(Cl)c3)c2cc1NC(=O)/C=C/CN(C)C,155.0,6.809668301829708,1,548.0720000000001
COc1cc2ncc(C#N)c(Nc3ccc(Sc4nccs4)c(Cl)c3)c2cc1NC(=O)/C=C/CN(C)C,83.0,7.080921907623926,1,551.0970000000001
COc1cc2ncc(C#N)c(Nc3ccc4c(cnn4Cc4ccccc4)c3)c2cc1NC(=O)/C=C/CN(C)C,75.0,7.1249387366083,1,531.6200000000002
COc1cc2ncc(C#N)c(Nc3cccc(Br)c3)c2cc1NC(=O)/C=C/CN(C)C,5660.0,5.247183568811729,0,480.3660000000002
COc1cc2ncc(C#N)c(Nc3cccc(Br)c3)c2cc1NC(=O)/C=C/CN1CCOCC1,34130.0,4.466863711721361,0,522.4030000000002
COc1cc2ncc(C#N)c(Nc3cccc(Br)c3)c2cc1NC(=O)C#CCN(C)C,180.0,6.7447274948966935,1,478.35000000000025
COc1cc2nccc(Nc3ccc(N4C(=O)c5ccc(Cl)cc5C4=O)c(C)c3)c2cc1OC,1700.0,5.769551078621726,0,473.9160000000002
COc1cc2nccc(Oc3ccc(C(=O)Nc4ccccn4)cc3)c2cc1NC(=O)C#CCCN1CCOCC1,41.0,7.3872161432802645,1,551.6030000000002
COc1cc2nccc(Oc3ccc(NC(=O)Nc4cc(C)on4)c(Cl)c3)c2cc1OC,1.0,9.0,1,454.8700000000003
COc1cc2nccc(Oc3ccc(NC(=O)Nc4ccc(F)cc4)cc3F)c2cc1OC,500.0,6.301029995663981,1,451.4290000000002
COc1cc2nccc(Oc3ccc(NC(=O)Nc4ccc(F)cc4F)cc3F)c2cc1OC,500.0,6.301029995663981,1,469.4190000000002
COc1cc2nccc(Oc3ccc(NC(=O)Nc4ccccc4F)cc3F)c2cc1OC,500.0,6.301029995663981,1,451.4290000000002
COc1cc2ncn(-c3cc(OCc4ccccc4S(C)(=O)=O)c(C#N)s3)c2cc1OC,10000.0,5.0,0,469.5440000000002
COc1cc2ncnc(NCCOc3ccccc3F)c2cc1OC,8730.0,5.0589857562944305,0,343.3580000000001
COc1cc2ncnc(NCc3ccc(Cl)c(F)c3)c2cc1OCCCCCCC(=O)NO,478.2,6.320390428220244,1,476.9360000000004
COc1cc2ncnc(NCc3ccc(F)c(Cl)c3)c2cc1OCCCCCCC(=O)NO,1000.0,6.0,1,476.9360000000004
COc1cc2ncnc(NCc3ccc(F)cc3)c2cc1OCCCCCCC(=O)NO,295.4,6.52958950902407,1,442.4910000000004
COc1cc2ncnc(NCc3ccccc3)c2cc1OCCCCCCC(=O)NO,162.6,6.788879458741951,1,424.5010000000004
COc1cc2ncnc(N[C@@H](C)c3ccc(Cl)cc3)c2cc1OCCCCCCC(=O)NO,556.9,6.254222782110241,1,472.9730000000004
COc1cc2ncnc(N[C@@H](C)c3ccc(F)cc3)c2cc1OCCCCCCC(=O)NO,175.0,6.756961951313706,1,456.51800000000037
COc1cc2ncnc(N[C@@H](C)c3ccccc3)c2cc1OCCCCCCC(=O)NO,2000.0,5.698970004336019,0,438.52800000000036
COc1cc2ncnc(N[C@H](C)c3ccccc3)c2cc1OCCCCCCC(=O)NO,63.9,7.1944991418416,1,438.52800000000036
COc1cc2ncnc(Nc3ccc(-c4cc(-c5ccc(Br)cc5)c(C#N)c(=N)[nH]4)cc3)c2cc1OC,1036.0,5.984640244590786,0,553.4200000000001
COc1cc2ncnc(Nc3ccc(-c4nc5cc(C(F)(F)F)ccc5s4)cc3)c2cc1OCCCN1CCN(C)CC1,10000.0,5.0,0,608.6899999999998
COc1cc2ncnc(Nc3ccc(-c4nc5cc(Cl)ccc5s4)cc3)c2cc1OCCCN1CCN(C)CC1,10000.0,5.0,0,575.138
COc1cc2ncnc(Nc3ccc(-c4nc5ccccc5s4)c(Cl)c3)c2cc1OCCCN1CCN(C)CC1,180.0,6.7447274948966935,1,575.1380000000001
COc1cc2ncnc(Nc3ccc(-c4nc5ccccc5s4)c(F)c3)c2cc1OCCCN1CCN(C)CC1,10000.0,5.0,0,558.6830000000002
COc1cc2ncnc(Nc3ccc(-c4nc5ccccc5s4)c(O)c3)c2cc1OCCCN1CCN(C)CC1,10000.0,5.0,0,556.6920000000002
COc1cc2ncnc(Nc3ccc(-c4nc5ccccc5s4)c(OC)c3)c2cc1OCCCN1CCN(C)CC1,47.0,7.327902142064283,1,570.7190000000002
COc1cc2ncnc(Nc3ccc(-c4nc5ccccc5s4)cc3)c2cc1OCCCN1CCN(C)CC1,2200.0,5.657577319177793,0,540.6930000000002
COc1cc2ncnc(Nc3ccc(-c4nc5ccccc5s4)cc3C)c2cc1OCCCN1CCN(C)CC1,5900.0,5.229147988357856,0,554.7200000000003
COc1cc2ncnc(Nc3ccc(-c4nc5ccccc5s4)cc3F)c2cc1OCCCN1CCN(C)CC1,10000.0,5.0,0,558.6830000000002
COc1cc2ncnc(Nc3ccc(-c4nc5ccccc5s4)cc3O)c2cc1OCCCN1CCN(C)CC1,2300.0,5.638272163982407,0,556.6920000000002
COc1cc2ncnc(Nc3ccc(B(O)O)cc3)c2cc1OC,1000.0,6.0,1,325.13300000000015
COc1cc2ncnc(Nc3ccc(Cc4ccccn4)cc3)c2cc1NC(=O)/C=C/CN1CCCC1,413.0,6.384049948343599,1,494.59900000000033
COc1cc2ncnc(Nc3ccc(Cl)c(Cl)c3F)c2cc1NC(=O)/C=C/CN1C[C@@H]2OCCO[C@@H]2C1,9.1,8.040958607678906,1,548.4020000000003
COc1cc2ncnc(Nc3ccc(F)c(Cl)c3)c2cc1B(O)O,1000.0,6.0,1,347.5420000000001
COc1cc2ncnc(Nc3ccc(F)c(Cl)c3)c2cc1B1OC(C)(C)C(C)(C)O1,1000.0,6.0,1,429.6880000000003
COc1cc2ncnc(Nc3ccc(F)c(Cl)c3)c2cc1CCCCCC(=O)NO,100.0,7.0,1,432.8830000000003
COc1cc2ncnc(Nc3ccc(F)c(Cl)c3)c2cc1NC(=O)/C(F)=C/CN(C)C,75.0,7.1249387366083,1,447.8730000000002
COc1cc2ncnc(Nc3ccc(F)c(Cl)c3)c2cc1NC(=O)/C(F)=C/CN1CCCCC1,324.4,6.4889191544608815,1,487.9380000000004
COc1cc2ncnc(Nc3ccc(F)c(Cl)c3)c2cc1NC(=O)/C(F)=C/CN1CCOCC1,1536.0,5.813608784304507,0,489.91000000000037
COc1cc2ncnc(Nc3ccc(F)c(Cl)c3)c2cc1NC(=O)/C=C/CN(C(C)C)C(C)C,32.0,7.494850021680094,1,485.99100000000027
COc1cc2ncnc(Nc3ccc(F)c(Cl)c3)c2cc1NC(=O)/C=C/CN1CCC(F)CC1,247.12,6.607092104706606,1,487.93800000000033
COc1cc2ncnc(Nc3ccc(F)c(Cl)c3)c2cc1NC(=O)/C=C/CN1CCC1CO,5.0,8.301029995663981,1,471.9200000000003
COc1cc2ncnc(Nc3ccc(F)c(Cl)c3)c2cc1NC(=O)/C=C/CN1CCCC(F)C1,212.11,6.673438856035807,1,487.93800000000033
COc1cc2ncnc(Nc3ccc(F)c(Cl)c3)c2cc1NC(=O)/C=C/CN1CCCCC1,42.5,7.371611069949688,1,469.9480000000004
COc1cc2ncnc(Nc3ccc(F)c(Cl)c3)c2cc1NC(=O)/C=C/CN1CCCCCC1,85.98,7.065602559219012,1,483.9750000000004
COc1cc2ncnc(Nc3ccc(F)c(Cl)c3)c2cc1NC(=O)/C=C/CN1C[C@@H]2OCCO[C@@H]2C1,14.9,7.826813731587726,1,513.9570000000003
COc1cc2ncnc(Nc3ccc(F)c(Cl)c3)c2cc1NC(=O)/C=C/CN1C[C@@H]2OCCO[C@H]2C1,31.0,7.508638306165727,1,513.9570000000003
COc1cc2ncnc(Nc3ccc(F)c(Cl)c3)c2cc1NC(=O)CCCCCCC(=O)NO,60.05,7.221486988261075,1,489.9350000000004
COc1cc2ncnc(Nc3ccc(F)c(Cl)c3)c2cc1OC,24.0,7.619788758288394,1,333.7500000000001
COc1cc2ncnc(Nc3ccc(F)c(Cl)c3)c2cc1OCCC(=O)NO,10.6,7.97469413473523,1,406.8010000000002
COc1cc2ncnc(Nc3ccc(F)c(Cl)c3)c2cc1OCCCC(=O)NO,12.4,7.906578314837765,1,420.82800000000026
COc1cc2ncnc(Nc3ccc(F)c(Cl)c3)c2cc1OCCCCC(=O)NO,15.0,7.823908740944319,1,434.8550000000003
COc1cc2ncnc(Nc3ccc(F)c(Cl)c3)c2cc1OCCCCCC(=O)NO,20.0,7.698970004336019,1,448.88200000000035
COc1cc2ncnc(Nc3ccc(F)c(Cl)c3)c2cc1OCCCCCCC(=O)NO,46.0,7.337242168318426,1,462.9090000000004
COc1cc2ncnc(Nc3ccc(F)c(Cl)c3)c2cc1OCCCN1CCOCC1,1296.9130434782608,5.887089141883205,0,446.9100000000004
COc1cc2ncnc(Nc3ccc(F)c(Cl)c3)c2cc1OCCCOP(N)(=O)N(CCCl)CCCl,1300.0,5.886056647693163,0,580.8120000000002
COc1cc2ncnc(Nc3ccc(F)c(Cl)c3)c2cc1S(=O)(=O)CCCCCCC(=O)NO,2000.0,5.698970004336019,0,510.9750000000004
COc1cc2ncnc(Nc3ccc(F)c(Cl)c3)c2cc1SCCCCC(=O)NO,100.0,7.0,1,450.9230000000003
COc1cc2ncnc(Nc3ccc(F)c(Cl)c3)c2cc1SCCCCCCC(=O)NO,62.1,7.20690839982342,1,478.9770000000004
COc1cc2ncnc(Nc3ccc(F)c(Cl)c3F)c2cc1NC(=O)/C=C/CN1C[C@@H]2OCCO[C@@H]2C1,17.8,7.749579997691106,1,531.9470000000003
COc1cc2ncnc(Nc3ccc(OC4CCN(C(=O)CC(C)(C)C)CC4)c(C)c3)c2cc1OC,88.0,7.055517327849832,1,492.6200000000004
COc1cc2ncnc(Nc3ccc(OC4CCN(C(=O)Nc5c(F)cccc5F)CC4)c(C)c3)c2cc1OC,43.0,7.366531544420414,1,549.5780000000002
COc1cc2ncnc(Nc3ccc(OCc4cccc(F)c4)c(Cl)c3)c2cc1NC(=O)/C=C/CN1C[C@@H]2OCCO[C@@H]2C1,3.7,8.431798275933005,1,620.081
COc1cc2ncnc(Nc3ccc(OCc4cccc(F)c4)c(Cl)c3)c2cc1OCCCCCCC(=O)NO,55.05,7.25924267669223,1,569.0330000000005
COc1cc2ncnc(Nc3ccc(OCc4cccc(F)c4)c(Cl)c3)c2cc1OCCCN1CCNCCNCC1,9.6,8.017728766960431,1,595.1190000000001
COc1cc2ncnc(Nc3ccc(OCc4cccc(F)c4)c(Cl)c3)c2cc1OCCCN1CCNCCNCCNCC1,2.1,8.67778070526608,1,638.188
COc1cc2ncnc(Nc3ccc(OCc4cccc(F)c4)c(Cl)c3)c2cc1OCCCOP(N)(=O)N(CCCl)CCCl,1100.0,5.958607314841775,0,686.9359999999999
COc1cc2ncnc(Nc3ccc(OCc4ccccn4)c(C)c3)c2cc1OC,56.0,7.251811972993799,1,402.4540000000002
COc1cc2ncnc(Nc3ccc(OCc4ccccn4)c(Cl)c3)c2cc1NC(=O)/C=C/CN1C[C@@H]2OCCO[C@@H]2C1,1.8,8.744727494896694,1,603.0790000000001
COc1cc2ncnc(Nc3ccc(Oc4ccc(C(=O)NCC(C)(C)C)cc4)c(C)c3)c2cc1OC,193.5,6.71331903064507,1,500.59900000000033
COc1cc2ncnc(Nc3ccc(Oc4ccc(C)nc4)c(C)c3)c2cc1NC(=O)C1CSSC1,570.0,6.2441251443275085,1,519.6520000000002
COc1cc2ncnc(Nc3ccc(Oc4ccc(C)nc4)c(C)c3)c2cc1NC(=O)CC1CCSS1,71.5,7.14569395819892,1,533.6790000000003
COc1cc2ncnc(Nc3ccc(Oc4ccccc4)cc3)c2cc1NC(=O)/C=C/CN1CCCCC1,73.0,7.136677139879544,1,509.6100000000004
COc1cc2ncnc(Nc3ccc4c(ccn4Cc4ccccc4)c3)c2cc1OC,350.0,6.455931955649724,1,410.47700000000015
COc1cc2ncnc(Nc3ccc4c(cnn4Cc4cccc(F)c4)c3)c2cc1NC(=O)/C=C/CN1C[C@@H]2OCCO[C@@H]2C1,2.2,8.657577319177793,1,609.6620000000001
COc1cc2ncnc(Nc3ccc4c(cnn4Cc4ccccc4)c3)c2cc1OC,290.0,6.5376020021010435,1,411.46500000000015
COc1cc2ncnc(Nc3ccc4nc(Cc5ccccc5)[nH]c4c3)c2cc1OC,1100.0,5.958607314841775,0,411.46500000000015
COc1cc2ncnc(Nc3ccc4nn(Cc5ccccc5)cc4c3)c2cc1OC,3100.0,5.508638306165727,0,411.46500000000015
COc1cc2ncnc(Nc3ccc4occc4c3)c2cc1OCCCCCCC(=O)NO,100.0,7.0,1,450.4950000000004
COc1cc2ncnc(Nc3cccc(B(O)O)c3)c2cc1OC,1000.0,6.0,1,325.13300000000015
COc1cc2ncnc(Nc3cccc(Br)c3)c2cc1OC,2771.5,5.55728511707152,0,360.2110000000001
COc1cc2ncnc(Nc3cccc(Br)c3)c2cc1OCCCOP(N)(=O)N(CCCl)CCCl,6000.0,5.221848749616356,0,607.2730000000003
COc1cc2ncnc(Nc3cccc(Cl)c3)c2cc1B(O)O,1000.0,6.0,1,329.5520000000001
COc1cc2ncnc(Nc3cccc(Cl)c3)c2cc1B1OC(C)(C)C(C)(C)O1,1000.0,6.0,1,411.69800000000026
COc1cc2ncnc(Nc3cccc(Cl)c3F)c2cc1OC1CCN(CC(=O)N(C)C)CC1,445.0,6.351639989019068,1,487.9630000000004
COc1cc2ncnc(Nc3cccc(Cl)c3F)c2cc1OC1CCN(CC(=O)NC(C)C)CC1,260.0,6.585026652029182,1,501.9900000000004
COc1cc2ncnc(Nc3cccc(Cl)c3F)c2cc1OC1CCN(CC(N)=O)CC1,76.5,7.116338564846382,1,459.9090000000004
COc1ccc(-c2c(CN3CCOCC3)nc3scc(C(=O)NN)n23)cc1,78.0,7.107905397309519,1,387.46500000000003
COc1ccc(-c2c(NC(=O)/C=C/CN(C)C)ccc3ncnc(Nc4ccc(OCc5cccc(F)c5)c(Cl)c4)c23)cc1OC,45.16,7.34524606674707,1,642.1310000000001
COc1ccc(-c2c(NC(=O)/C=C/CN(C)C)ccc3ncnc(Nc4ccc(OCc5ccccn5)c(Cl)c4)c23)cc1OC,11.1,7.954677021213342,1,625.1290000000001
COc1ccc(-c2c(NC(=O)/C=C/[C@H]3CCCN3C)ccc3ncnc(Nc4ccc(OCc5cccc(F)c5)c(Cl)c4)c23)cc1OC,25.72,7.5897290357478155,1,668.1690000000001
COc1ccc(-c2c(NC(=O)/C=C/[C@H]3CCCN3C)ccc3ncnc(Nc4ccc(OCc5ccccn5)c(Cl)c4)c23)cc1OC,9.07,8.042392712939904,1,651.167
COc1ccc(-c2ccc3c(ccn3Cc3coc(/C=C/c4ccc(C(F)(F)F)cc4)n3)c2)cc1,1110.0,5.954677021213342,0,474.482
COc1ccc(-c2csc(N3N=C(c4ccc(Br)cc4)CC3c3ccc4c(c3)OCCO4)n2)cc1,1320.0,5.87942606879415,0,548.4620000000002
COc1ccc(-c2csc(N3N=C(c4ccc(Br)cc4)CC3c3ccc4c(c3)OCO4)n2)cc1,850.0,6.070581074285707,1,534.4350000000003
COc1ccc(-c2n[nH]nc2C#N)cc1,50000.0,4.301029995663981,0,200.201
COc1ccc(-c2n[nH]nc2C#N)cc1OC,50000.0,4.301029995663981,0,230.22699999999998
COc1ccc(-c2nc3cc(C)ccn3c2-c2ccnc(Nc3cccc(OCCN(C)C)c3)n2)cc1C(=O)Nc1c(F)cccc1F,1000.0,6.0,1,649.7020000000003
COc1ccc(-c2nc3ccccn3c2-c2ccnc(Nc3ccc(N4CCC(N5CCCCC5)CC4)c(C)c3OC)n2)cc1C(=O)Nc1c(F)cccc1F,1000.0,6.0,1,758.8740000000004
COc1ccc(-c2nc3ccccn3c2-c2ccnc(Nc3cccc(CN4CCN(C)CC4)c3C)n2)cc1C(=O)Nc1c(F)cccc1F,1000.0,6.0,1,674.7560000000004
COc1ccc(-c2nc3ccccn3c2-c2ccnc(Nc3cccc(OCCN(C)C)c3)n2)cc1C(=O)Nc1c(F)cccc1F,1000.0,6.0,1,635.6750000000004
COc1ccc(-c2nnc(Cc3nc4ccccc4[nH]3)o2)cc1,910.0,6.040958607678906,1,306.325
COc1ccc(-n2cnc3ccc(-c4nnc(SCc5cccc(C#N)c5)o4)cc32)cc1,10000.0,5.0,0,439.5000000000002
COc1ccc(/C=C/C(=O)Nc2cccc(Oc3cc(Nc4ccc(OCc5cccc(F)c5)c(Cl)c4)ncn3)c2)cc1OC,1234.0,5.908684840302777,0,627.0720000000001
COc1ccc(/C=C/C(=O)OCCn2c([N+](=O)[O-])cnc2C)cc1,14320.0,4.844056982028163,0,331.328
COc1ccc(/C=C2/N=C(c3ccc(Cl)cc3)N(C(=O)Cc3nc4c(c(C)nn4-c4ccccc4)c(=O)[nH]3)NC2=O)cc1,865.7,6.062632582482711,1,594.0310000000003
COc1ccc(/C=C2\C(=O)Nc3ccc(Cl)cc32)cc1C(C)(C)C,16200.0,4.790484985457369,0,341.83800000000014
COc1ccc(/C=C2\C(=O)Nc3ccccc32)cc1,100000.0,4.0,0,251.28500000000003
COc1ccc(/C=C2\C(=O)Nc3ccccc32)cc1C(C)(C)C,13200.0,4.87942606879415,0,307.3930000000001
COc1ccc(/C=N/NC2=NC(=O)CS2)cc1,9170.0,5.037630664329979,0,249.295
COc1ccc(/N=C/c2c(N)ncnc2Nc2ccc3c(cnn3Cc3cccc(F)c3)c2)cc1,704.5,6.152119002554625,1,467.5080000000002
COc1ccc(C#CC(C)(C)N)cc1-c1[nH]nc2nc(Nc3ccc(F)cc3F)ncc12,5000.0,5.301029995663981,0,434.4500000000001
COc1ccc(C)c(Nc2c(C#N)cnc3cc4[nH]c(NCCN5CCOCC5)nc4cc23)c1,1000.0,6.0,1,457.53800000000035
COc1ccc(C)c(Nc2c(C#N)cnc3cc4c(cc23)ncn4CCN2CCOCC2)c1,1000.0,6.0,1,442.5230000000003
COc1ccc(C2=NN(C(=O)c3ccc(Cl)cc3O)C(c3ccc(Cl)cc3)C2)cc1,25000.0,4.6020599913279625,0,441.3140000000002
COc1ccc(C2=NN(C(C)=O)C(c3ccc(C(=O)OC(C)Cn4c([N+](=O)[O-])cnc4C)cc3)C2)cc1,12050.0,4.919012953089113,0,505.5310000000003
COc1ccc(C2=NN(C(C)=O)C(c3ccc(C(=O)OCCn4c([N+](=O)[O-])cnc4C)cc3)C2)cc1,17250.0,4.763210900590707,0,491.5040000000003
COc1ccc(C2=NN(C(N)=S)C(c3ccc4ccccc4c3)C2)cc1,3280.0,5.484126156288321,0,361.4700000000001
COc1ccc(C2=NN(C(N)=S)C(c3cccc4ccccc34)C2)cc1,4180.0,5.3788237182249645,0,361.47000000000014
COc1ccc(C2=NN(C3=NC(=O)CS3)C(c3ccc(Br)cc3)C2)cc1,2750.0,5.560667306169737,0,430.32700000000006
COc1ccc(C2=NN(C3=NC(=O)CS3)C(c3ccc(C)cc3)C2)cc1,7350.0,5.133712660915805,0,365.4580000000001
COc1ccc(C2=NN(C3=NC(=O)CS3)C(c3ccc(Cl)cc3)C2)cc1,7590.0,5.11975822410452,0,385.8760000000001
COc1ccc(C2=NN(C3=NC(=O)CS3)C(c3ccc(F)cc3)C2)cc1,8040.0,5.094743951251549,0,369.42100000000005
COc1ccc(C2=NN(C3=NC(=O)CS3)C(c3ccc(OC)cc3)C2)cc1,10480.0,4.979638717352292,0,381.4570000000001
COc1ccc(C2=NN(C3=NC(=O)CS3)C(c3ccccc3)C2)cc1,4120.0,5.3851027839668655,0,351.43100000000004
COc1ccc(C2=NN(c3ccccc3)C(c3ccc4ccccc4c3)C2)cc1,1450.0,5.838631997765025,0,378.47500000000014
COc1ccc(C2=NN(c3ccccc3)C(c3cccc4ccccc34)C2)cc1,3010.0,5.521433504406157,0,378.47500000000014
COc1ccc(C2CC(c3ccc(Br)cc3)=NN2C2=NC(=O)CS2)cc1,9270.0,5.032920265855503,0,430.3270000000001
COc1ccc(C2CC(c3ccc(C)c(C)c3)=NN2C(N)=S)cc1,2770.0,5.557520230935552,0,339.46400000000006
COc1ccc(C2CC(c3ccc(C)cc3)=NN2C2=NC(=O)CS2)cc1,6230.0,5.205511953340831,0,365.4580000000001
COc1ccc(C2CC(c3ccc(Cl)cc3)=NN2C2=NC(=O)CS2)cc1,10340.0,4.985479461242076,0,385.87600000000015
COc1ccc(C2CC(c3ccc(F)cc3)=NN2C2=NC(=O)CS2)cc1,12430.0,4.905528871358356,0,369.4210000000001
COc1ccc(C2CC(c3ccccc3)=NN2C2=NC(=O)CS2)cc1,6210.0,5.20690839982342,0,351.4310000000001
COc1ccc(CC(=O)NS(=O)(=O)c2ccc(Br)cc2)cc1,25030.0,4.601539150391777,0,384.251
COc1ccc(CC(=O)NS(=O)(=O)c2ccc(C)cc2)cc1,50000.0,4.301029995663981,0,319.382
COc1ccc(CC(=O)NS(=O)(=O)c2ccc(Cl)cc2)cc1,37930.0,4.421017157297209,0,339.8
COc1ccc(CC(=O)NS(=O)(=O)c2ccc(F)cc2)cc1,23450.0,4.629857152948898,0,323.345
COc1ccc(CC(=O)NS(=O)(=O)c2ccccc2)cc1,29070.0,4.536554968229572,0,305.355
COc1ccc(CCN2CCC(Nc3nc4ccccc4n3Cc3ccc(F)cc3)CC2)cc1,13084.0,4.883259464547056,0,458.58100000000024
COc1ccc(CCNC(=O)c2c(N)ncnc2Nc2ccc(OCc3ccccc3)c(Cl)c2)cc1,100000.0,4.0,0,503.99000000000024
COc1ccc(COc2ccc(Cc3cnc(N)nc3N)cc2OC)cc1,24000.0,4.619788758288394,0,366.4210000000001
COc1ccc(COc2ccc(Nc3ncnc4cc5oc(=O)n(CCOC(=O)CBr)c5cc34)cc2)cc1,3900.0,5.4089353929735005,0,579.4070000000004
COc1ccc(Cl)c(Nc2c(C#N)cnc3cc4[nH]cnc4cc23)c1,1000.0,6.0,1,349.78100000000006
COc1ccc(Cl)c(Nc2c(C#N)cnc3cc4c(cc23)ncn4CCN2CCOCC2)c1,1000.0,6.0,1,462.9410000000004
COc1ccc(I)c(Sc2nc3c(N)ncnc3n2CCC=C(C)C)c1,370.0,6.431798275933005,1,481.3630000000003
COc1ccc(I)c(Sc2nc3c(N)ncnc3n2CCCNC(C)(C)C)c1,140.0,6.853871964321762,1,512.4210000000004
COc1ccc(I)c(Sc2nc3c(N)ncnc3n2CCCNC(C)C)c1,180.0,6.7447274948966935,1,498.3940000000003
COc1ccc(I)c(Sc2nc3c(N)ncnc3n2CCNCC(C)(C)C)c1,90.0,7.045757490560675,1,512.4210000000004
COc1ccc(I)c(Sc2nc3c(N)ncnc3n2CCNCC(C)C)c1,100.0,7.0,1,498.3940000000003
COc1ccc(N2CCC(N3CCCCC3)CC2)cc1Nc1nccc(-c2c(-c3ccc(OC)c(C(=O)Nc4c(F)cccc4F)c3)nc3ccccn23)n1,1000.0,6.0,1,744.8470000000001
COc1ccc(N2CCC(N3CCCCC3)CC2)cc1Nc1nccc(-c2c(-c3cccc(C(=O)Nc4c(F)cccc4F)c3)nc3ccccn23)n1,1000.0,6.0,1,714.821
COc1ccc(NC(=O)/C(C#N)=C/c2ccc(O)c(O)c2)c(OC)c1,165979.345,3.7799459535903677,0,340.3350000000001
COc1ccc(NC(=O)c2c(N)ncnc2Nc2ccc(OCc3ccccc3)c(Cl)c2)cc1,100000.0,4.0,0,475.93600000000015
COc1ccc(NC(=O)c2ccc(N(CCCl)CCCl)cc2)cc1,410.0,6.3872161432802645,1,367.27600000000007
COc1ccc(NCc2coc(/C=C/c3ccc(C(F)(F)F)cc3)n2)cc1,1840.0,5.735182176990463,0,374.362
COc1ccc(Nc2ncnc3cccc(OC4CCN(C)CC4)c23)cc1Cl,1100.0,5.958607314841775,0,398.89400000000023
COc1ccc(Nc2ncnn3ccc(CN4CCC(N)CC4)c23)cc1Cl,70.0,7.154901959985743,1,386.88700000000017
COc1ccc(OC(=O)CCCC(=O)Oc2ccc(/C=C/[N+](=O)[O-])cc2)cc1,6600.0,5.180456064458132,0,385.372
COc1ccc(OCC(=O)Nc2cccc(Oc3cc(Nc4ccc(OCc5cccc(F)c5)c(Cl)c4)ncn3)c2)cc1OC,10000.0,5.0,0,631.0600000000001
COc1ccc(S(=O)(=O)N2CCCCC2C(=O)NO)cc1,670.0,6.173925197299173,1,314.36299999999994
COc1ccc2c(c1)cc(C1C(C#N)=C(N)N(c3cccnc3)C3=C1C(=O)CCC3)c1nnnn12,8900.0,5.050609993355087,0,464.48900000000026
COc1ccc2nc(-c3ccc(Nc4ncnc5cc(OCCCN6CCN(C)CC6)c(OC)cc45)cc3)sc2c1,130.0,6.886056647693163,1,570.7190000000005
COc1ccc2nc(-c3n[nH]cc3/C=C/c3cccnc3)[nH]c2c1,10000.0,5.0,0,317.35200000000003
COc1ccc2nc(-c3n[nH]cc3/C=C/c3cncc(C#N)c3)[nH]c2c1,100000.0,4.0,0,342.3620000000001
COc1ccc2nc(-c3n[nH]cc3/C=C/c3cncc4ccccc34)[nH]c2c1,100000.0,4.0,0,367.4120000000001
COc1ccc2nc(-c3n[nH]cc3/C=C/c3cnccc3C)[nH]c2c1,10000.0,5.0,0,331.3790000000001
COc1ccc2ncnc(Nc3ccc(OC4CCN(C(=O)CC(C)(C)C)CC4)c(C)c3)c2c1,96.0,7.017728766960431,1,462.5940000000004
COc1ccc2ncnc(Nc3ccc(OC4CCN(C(=O)Nc5c(F)cccc5F)CC4)c(C)c3)c2c1,148.0,6.8297382846050425,1,519.5520000000004
COc1ccc2ncnc(Nc3ccc(OCc4ccccc4)cc3)c2c1,309.0,6.510041520575165,1,357.41300000000007
COc1ccc2ncnc(Nc3ccc(Oc4cc5ncnn5cc4F)c(C)c3)c2c1OC1CCN(C)CC1(F)F,6.17,8.209714835966759,1,565.5560000000003
COc1ccc2ncnc(Nc3ccc(Oc4ccn5ncnc5c4)c(C)c3)c2c1OC1CCN(C)CC1(F)F,5.84,8.233587152887601,1,547.5660000000005
COc1ccc2ncnc(Nc3ccc(Oc4ccn5ncnc5c4)c(C)c3)c2c1OC1CCN(C)CC1F,26.0,7.585026652029182,1,529.5760000000004
COc1ccc2ncnc(Nc3ccc(Oc4ccn5ncnc5c4)c(C)c3)c2c1OC1CN(C)CCC1(F)F,6.83,8.165579296318468,1,547.5660000000005
COc1ccc2ncnc(Nc3ccc(Oc4ccn5ncnc5c4)c(C)c3)c2c1OC[C@H]1CC(F)(F)CCN1C,7.96,8.099086932262331,1,561.5930000000001
COc1cccc(-c2c(NC(=O)/C=C/CN(C)C)ccc3ncnc(Nc4ccc(OCc5cccc(F)c5)c(Cl)c4)c23)c1,1.55,8.809668301829708,1,612.1050000000001
COc1cccc(-c2c(NC(=O)/C=C/CN(C)C)ccc3ncnc(Nc4ccc(OCc5ccccn5)c(Cl)c4)c23)c1,3.3,8.481486060122112,1,595.1030000000002
COc1cccc(-c2c(NC(=O)/C=C/[C@H]3CCCN3C)ccc3ncnc(Nc4ccc(OCc5cccc(F)c5)c(Cl)c4)c23)c1,14.96,7.825068406471558,1,638.1430000000001
COc1cccc(-c2c(NC(=O)/C=C/[C@H]3CCCN3C)ccc3ncnc(Nc4ccc(OCc5ccccn5)c(Cl)c4)c23)c1,4.94,8.306273051076353,1,621.1410000000001
COc1cccc(-c2ccc3c(ccn3Cc3coc(/C=C/c4ccc(C(F)(F)F)cc4)n3)c2)c1,3250.0,5.488116639021126,0,474.4820000000001
COc1cccc(-c2n[nH]nc2C#N)c1OC,50000.0,4.301029995663981,0,230.22699999999998
COc1cccc(-c2nnc(Cc3nc4ccccc4[nH]3)o2)c1OC,100000.0,4.0,0,336.35100000000006
COc1cccc(/C=C/C(=O)OCCn2c([N+](=O)[O-])cnc2C)c1,18820.0,4.725380380908762,0,331.32800000000003
COc1cccc(/C=N/NC2=NC(=O)CS2)c1,45510.0,4.341893164493607,0,249.295
COc1cccc(COc2ccc(Nc3ncnc4ccc5c(c34)OCCN5C(=O)/C=C/CN(C)C)cc2)c1,50.0,7.301029995663981,1,525.6090000000004
COc1cccc(NCc2coc(/C=C/c3ccc(C(F)(F)F)cc3)n2)c1,100000.0,4.0,0,374.362
COc1cccc(Nc2ccnc3[nH]c4ccc(Br)cc4c23)c1,91200.0,4.0400051616715835,0,368.23400000000004
COc1cccc(Nc2ccnc3[nH]c4ccc(S(=O)(=O)N5CCN(CCO)CC5)cc4c23)c1,689.0,6.161780778092374,1,481.5780000000004
COc1cccc(Nc2ccnc3[nH]c4ccc(S(=O)(=O)N5CCNCC5)cc4c23)c1,390.0,6.4089353929735005,1,437.52500000000026
COc1cccc(Nc2ccnc3[nH]c4ccc(S(=O)(=O)N5CCOCC5)cc4c23)c1,1240.0,5.906578314837765,0,438.5090000000003
COc1cccc(Oc2ccc(Nc3ncnc4cc[nH]c34)cc2Cl)c1,26.0,7.585026652029182,1,366.8080000000001
COc1cccc(Oc2ccc(Nc3ncnc4ccc5c(c34)OCCN5C(=O)/C=C/CN(C)C)cc2)c1,50.0,7.301029995663981,1,511.5820000000004
COc1cccc2c1C(=O)c1c(O)c3c(c(O)c1C2=O)C[C@@](O)(C(=O)CO)C[C@@H]3O[C@H]1C[C@H](N)[C@H](O)[C@H](C)O1,2485.0,5.604673606930649,0,543.5250000000003
COc1cccc2ncnc(Nc3ccc(OCc4ccccn4)c(Cl)c3)c12,24.0,7.619788758288394,1,392.84600000000006
COc1ccccc1-c1ccc2c(ccn2Cc2coc(/C=C/c3ccc(C(F)(F)F)cc3)n2)c1,2210.0,5.655607726314889,0,474.4820000000001
COc1ccccc1/C=C/C(=O)OCCn1c([N+](=O)[O-])cnc1C,50000.0,4.301029995663981,0,331.32800000000003
COc1ccccc1CO/N=C/c1c(N)ncnc1Nc1ccc2c(cnn2Cc2cccc(F)c2)c1,435.0,6.361510743045363,1,497.5340000000002
COc1ccccc1COc1ccc(Nc2ncnc3ccc4c(c23)OCCN4C(=O)/C=C/CN(C)C)cc1,50.0,7.301029995663981,1,525.6090000000004
COc1ccccc1Cc1nc2ccc(-c3nn([C@H]4CC[C@H](C5CCN(C)CC5)CC4)c4ncnc(N)c34)cc2[nH]1,54.0,7.267606240177032,1,550.7110000000005
COc1ccccc1Cc1nc2ccc(-c3nn([C@H]4CC[C@H](N5CCN(C(=O)N(C)C)CC5)CC4)c4ncnc(N)c34)cc2[nH]1,17.0,7.769551078621726,1,608.7510000000003
COc1ccccc1Cc1nc2ccc(-c3nn([C@H]4CC[C@H](N5CCN(C(C)=O)CC5)CC4)c4ncnc(N)c34)cc2[nH]1,59.0,7.229147988357855,1,579.7090000000004
COc1ccccc1Cc1nc2ccc(-c3nn([C@H]4CC[C@H](N5CCN(CC6CC6)CC5)CC4)c4ncnc(N)c34)cc2[nH]1,13.0,7.886056647693163,1,591.7640000000004
COc1ccccc1Cc1nc2ccc(-c3nn([C@H]4CC[C@H](N5CCNCC5)CC4)c4ncnc(N)c34)cc2[nH]1,44.0,7.356547323513812,1,537.6720000000005
COc1ccccc1Cc1nc2ccc(-c3nn([C@H]4CC[C@H](N5CCOCC5)CC4)c4ncnc(N)c34)cc2[nH]1,53.0,7.275724130399211,1,538.6560000000005
COc1ccccc1NCc1coc(/C=C/c2ccc(C(F)(F)F)cc2)n1,3070.0,5.512861624522814,0,374.362
COc1ccccc1Oc1ccc(Nc2ncnc3ccc4c(c23)OCCN4C(=O)/C=C/CN(C)C)cc1,50.0,7.301029995663981,1,511.58200000000033
COc1ccn2c(-c3ccnc(Nc4ccc(N5CCC(N6CCCCC6)CC5)cc4OC)n3)c(-c3ccc(OC)c(C(=O)Nc4c(F)cccc4F)c3)nc2c1,1000.0,6.0,1,774.8730000000004
COc1ccn2c(-c3ccnc(Nc4ccc(N5CCC(N6CCCCC6)CC5)cc4OC)n3)c(-c3cccc(C(=O)Nc4c(F)cccc4F)c3)nc2c1,100.0,7.0,1,744.8470000000004
COc1ccn2c(-c3ccnc(Nc4ccc(N5CCC(N6CCN(CCF)CC6)CC5)cc4OC)n3)c(-c3cccc(C(=O)Nc4c(F)cccc4F)c3)nc2c1,100.0,7.0,1,791.8790000000004
COc1ccn2c(-c3ccnc(Nc4cccc(OCCN(C)C)c4)n3)c(-c3ccc(OC)c(C(=O)Nc4c(F)cccc4F)c3)nc2c1,1000.0,6.0,1,665.7010000000004
COc1ccn2c(-c3ccnc(Nc4cccc(OCCN(C)C)c4)n3)c(-c3cccc(C(=O)Nc4c(F)cccc4F)c3)nc2c1,100.0,7.0,1,635.6750000000003
COc1ccn2c(-c3ccnc(Nc4cccc(OCCN(C)C)c4)n3)c(-c3cccc(C(=O)Nc4ccc(F)cc4F)c3)nc2c1,100.0,7.0,1,635.6750000000003
COc1ccn2c(-c3ccnc(Nc4cccc(OCCN(C)C)c4)n3)c(-c3cccc(C(=O)Nc4cccc(F)c4F)c3)nc2c1,100.0,7.0,1,635.6750000000003
COc1cn2ncnc(Nc3ccc4c(cnn4Cc4cccc(F)c4)c3)c2c1CN1CCC(N)CC1,43.0,7.366531544420414,1,500.58200000000033
COc1cn2ncnc(Nc3ccc4c(cnn4Cc4cccc(F)c4)c3)c2c1CN1CCCNCC1,170.0,6.769551078621726,1,500.58200000000033
COc1cn2ncnc(Nc3ccc4c(cnn4Cc4cccc(F)c4)c3)c2c1COC[C@@H]1CNCCO1,250.0,6.6020599913279625,1,517.5650000000003
COc1cncc(/C=C/c2c[nH]nc2-c2nc3ccc(OC)cc3[nH]2)c1,12000.0,4.920818753952375,0,347.3780000000001
COc1nc(Nc2ccc(-c3nc4ccccc4s3)c(OC)c2)c2cc[nH]c2n1,10000.0,5.0,0,403.4670000000001
COc1nc(Nc2ccc(-c3nc4ccccc4s3)cc2)c2cc[nH]c2n1,10000.0,5.0,0,373.44100000000003
COc1ncc(F)cc1CNc1ccc(Cc2c[nH]c3ncc(C)cc23)c(F)n1,1000.0,6.0,1,395.41300000000007
CS(=O)(=O)CC(=O)NCCn1ccc2ncnc(Nc3ccc(Oc4cccc(C(F)(F)F)c4)c(Cl)c3)c21,6.3,8.200659450546418,1,567.9770000000002
CS(=O)(=O)CC(=O)NCCn1ccc2ncnc(Nc3ccc(Oc4cccc(Cl)c4)c(Cl)c3)c21,2.9,8.537602002101044,1,534.4250000000002
CS(=O)(=O)CC(N)c1ccc(-c2ccc3ncnc(Nc4ccc(OCc5cccc(F)c5)c(Cl)c4)c3c2)o1,3.4,8.468521082957745,1,567.0420000000003
CS(=O)(=O)CC(NC1CCCCC1)c1ccc(-c2ccc3ncnc(Nc4ccc(OCc5cccc(F)c5)c(Cl)c4)c3c2)o1,58.6,7.23210238398191,1,649.1880000000002
CS(=O)(=O)CCC(=O)Nc1cccc(C#Cc2cncnc2Nc2ccc(OCc3cccc(F)c3)c(Cl)c2)c1,32.0,7.494850021680094,1,579.0530000000002
CS(=O)(=O)CCN(CC#N)Cc1ccc(-c2ccc3ncnc(Nc4ccc(OCc5cccc(F)c5)c(Cl)c4)c3c2)o1,22.0,7.657577319177793,1,620.1060000000002
CS(=O)(=O)CCN(CCCCOc1ccc2ncnc(Nc3ccc(OCc4ccccc4)cc3)c2c1)C(=O)C(F)(F)F,977.0,6.0101054362812265,1,616.6620000000004
CS(=O)(=O)CCN(Cc1ccccc1)Cc1ccc(-c2ccc3ncnc(Nc4ccc(OCc5cccc(F)c5)c(Cl)c4)c3c2)o1,141.0,6.85078088734462,1,671.1940000000003
CS(=O)(=O)CCN1CCN(C2CCN(c3ccc(Nc4nccc(-c5c(-c6cccc(C(=O)Nc7c(F)cccc7F)c6)nc6ccccn56)n4)c(OCC(F)(F)F)c3)CC2)CC1,100.0,7.0,1,889.9519999999999
CS(=O)(=O)CCNC(=O)C1=Cc2c(ncnc2Nc2ccc(Oc3cccc(C(F)(F)F)c3)c(Cl)c2)NCC1,65.0,7.187086643357144,1,582.004
CS(=O)(=O)CCNC(=O)C1=Cc2c(ncnc2Nc2ccc(Oc3cccc4sccc34)c(Cl)c2)NCC1,30.0,7.522878745280337,1,570.096
CS(=O)(=O)CCNC(=O)NCc1cccc(C#Cc2cncnc2Nc2ccc(OCc3cccc(F)c3)c(Cl)c2)n1,9.0,8.045757490560675,1,609.0830000000002
CS(=O)(=O)CCNC(=O)O[C@H]1CN[C@H](C#Cc2cc3ncnc(Nc4ccc(OCc5cccc(F)c5)c(Cl)c4)c3s2)C1,32.0,7.494850021680094,1,644.1500000000001
CS(=O)(=O)CCNC(CS(C)(=O)=O)c1ccc(-c2ccc3ncnc(Nc4ccc(OCc5cccc(F)c5)c(Cl)c4)c3c2)o1,52.2,7.282329496997738,1,673.1880000000002
CS(=O)(=O)CCNC1CCN(Cc2ccn3ncnc(Nc4ccc5c(cnn5Cc5cccc(F)c5)c4)c23)CC1,190.0,6.721246399047171,1,576.7020000000001
CS(=O)(=O)CCNCCCCOc1ccc2ncnc(Nc3ccc(F)c(Cl)c3)c2c1,795.0,6.0996328713435295,1,466.96600000000007
CS(=O)(=O)CCNCCCCOc1ccc2ncnc(Nc3ccc(OCc4cccc(F)c4)c(Cl)c3)c2c1,10.0,8.0,1,573.0900000000001
CS(=O)(=O)CCNCCCCOc1ccc2ncnc(Nc3ccc(OCc4ccccc4)cc3)c2c1,95.0,7.022276394711152,1,520.6550000000002
CS(=O)(=O)CCNCCCCOc1ccc2ncnc(Nc3ccc(S(=O)(=O)c4ccccc4)cc3)c2c1,147.0,6.8326826652518236,1,554.6940000000002
CS(=O)(=O)CCNCCCCOc1ccc2ncnc(Nc3ccc4c(cnn4Cc4cccc(F)c4)c3)c2c1,204.5,6.689306687656639,1,562.6710000000002
CS(=O)(=O)CCNCCCOc1ccc2ncnc(Nc3ccc(OCc4ccccc4)cc3)c2c1,234.0,6.6307841425898575,1,506.6280000000002
CS(=O)(=O)CCNCc1cc(-c2cc3c(Nc4ccc(OCc5cccc(F)c5)c(Cl)c4)ncnc3s2)cs1,299.0,6.52432881167557,1,603.1660000000002
CS(=O)(=O)CCNCc1cc(-c2cc3ncnc(Nc4ccc(OCc5cccc(F)c5)c(Cl)c4)c3s2)co1,86.0,7.0655015487564325,1,587.0980000000002
CS(=O)(=O)CCNCc1cc(-c2cc3ncnc(Nc4ccc(OCc5cccc(F)c5)c(Cl)c4)c3s2)cs1,31.0,7.508638306165727,1,603.1660000000002
CS(=O)(=O)CCNCc1ccc(-c2cc3c(Nc4ccc(OCc5cccc(F)c5)c(Cl)c4)ncnc3s2)[nH]1,153.0,6.815308569182402,1,586.1140000000001
CS(=O)(=O)CCNCc1ccc(-c2cc3c(Nc4ccc(OCc5cccc(F)c5)c(Cl)c4)ncnc3s2)o1,6.0,8.221848749616356,1,587.0980000000002
CS(=O)(=O)CCNCc1ccc(-c2cc3c(Nc4ccc(OCc5cccc(F)c5)c(Cl)c4)ncnc3s2)s1,95.0,7.022276394711152,1,603.1660000000002
CS(=O)(=O)CCNCc1ccc(-c2cc3c(Nc4ccc(OCc5ccccc5)cc4)ncnc3cn2)o1,26.0,7.585026652029182,1,529.6220000000002
CS(=O)(=O)CCNCc1ccc(-c2cc3ncnc(Nc4ccc(OCc5cccc(F)c5)c(Cl)c4)c3s2)[nH]1,272.0,6.565431095965801,1,586.1140000000001
CS(=O)(=O)CCNCc1ccc(-c2cc3ncnc(Nc4ccc(OCc5cccc(F)c5)c(Cl)c4)c3s2)o1,71.0,7.1487416512809245,1,587.0980000000002
CS(=O)(=O)CCNCc1ccc(-c2ccc3ncnc(Nc4ccc(OCc5cccc(Br)c5)cc4)c3c2)o1,100.0,7.0,1,607.5300000000002
CS(=O)(=O)CCNCc1ccc(-c2ccc3ncnc(Nc4ccc(OCc5cccc(C(F)(F)F)c5)cc4)c3c2)o1,360.0,6.443697499232712,1,596.6310000000002
CS(=O)(=O)CCNCc1ccc(-c2ccc3ncnc(Nc4ccc(OCc5cccc(F)c5)c(C(F)(F)F)c4)c3c2)o1,220.0,6.657577319177793,1,614.6210000000003
CS(=O)(=O)CCNCc1ccc(-c2ccc3ncnc(Nc4ccc(OCc5cccc(F)c5)c(Cl)c4)c3c2)o1,4861.2484375,5.313252183435173,0,581.0690000000002
CS(=O)(=O)CCNCc1ccc(-c2ccc3ncnc(Nc4ccc(OCc5cccc(F)c5)c(Cl)c4)c3c2)o1.Cc1ccc(S(=O)(=O)O)cc1.Cc1ccc(S(=O)(=O)O)cc1,24.185714285714287,7.616441081905322,1,925.4790000000003
CS(=O)(=O)CCNCc1ccc(-c2ccc3ncnc(Nc4ccc(OCc5cccc(F)c5)cc4)c3c2)o1,31.0,7.508638306165727,1,546.6240000000003
CS(=O)(=O)CCNCc1ccc(-c2ccc3ncnc(Nc4ccc(OCc5ccccc5)c(Br)c4)c3c2)o1,25.0,7.6020599913279625,1,607.5300000000002
CS(=O)(=O)CCNCc1ccc(-c2ccc3ncnc(Nc4ccc(OCc5ccccc5)c(C(F)(F)F)c4)c3c2)o1,200.0,6.698970004336019,1,596.6310000000003
CS(=O)(=O)CCNCc1ccc(-c2ccc3ncnc(Nc4ccc(OCc5ccccc5)c(Cl)c4)c3c2)o1,22.0,7.657577319177793,1,563.0790000000002
CS(=O)(=O)CCNCc1ccc(-c2ccc3ncnc(Nc4ccc(OCc5ccccc5)cc4)c3c2)o1,26.0,7.585026652029182,1,528.6340000000002
CS(=O)(=O)CCNCc1ccc(-c2ccc3ncnc(Nc4ccc5c(cnn5Cc5ccccc5)c4)c3c2)o1,1.0,9.0,1,552.6600000000002
CS(=O)(=O)CCNCc1nc(-c2ccc3ncnc(Nc4ccc(OCc5cccc(F)c5)c(Cl)c4)c3c2)cs1,10.0,8.0,1,598.1250000000002
CS(=O)(=O)CCNc1nc(-c2ccc3ncnc(Nc4ccc(F)c(Cl)c4)c3c2)cs1,2333.3333333333335,5.632023214705406,0,477.9740000000001
CS(=O)(=O)CCNc1nc(-c2ccc3ncnc(Nc4ccc(OCc5cccc(C(F)(F)F)c5)cc4)c3c2)cs1,7650.0,5.116338564846382,0,599.6600000000002
CS(=O)(=O)CCNc1nc(-c2ccc3ncnc(Nc4ccc(OCc5cccc(F)c5)c(Cl)c4)c3c2)cs1,84.66666666666667,7.072287538099724,1,584.0980000000002
CS(=O)(=O)CCNc1nc(-c2ccc3ncnc(Nc4ccc(OCc5ccccc5)c(Cl)c4)c3c2)cs1,218.0,6.661543506395395,1,566.1080000000003
CS(=O)(=O)CCNc1nc(-c2ccc3ncnc(Nc4ccc(OCc5ccccc5)cc4)c3c2)cs1,802.6666666666666,6.095464772133876,1,531.6630000000002
CS(=O)(=O)CCNc1nc(-c2ccc3ncnc(Nc4ccc5c(cnn5Cc5ccccc5)c4)c3c2)cs1,59.333333333333336,7.226701252410768,1,555.6890000000003
CS(=O)(=O)CCOCc1ccc(-c2ccc3ncnc(Nc4ccc(OCc5cccc(F)c5)c(Cl)c4)c3c2)o1,17.0,7.769551078621726,1,582.0530000000002
CS(=O)(=O)C[C@@H](N)c1ccc(-c2ccc3ncnc(Nc4ccc(OCc5cccc(F)c5)c(Cl)c4)c3c2)o1,2.9,8.537602002101044,1,567.0420000000003
CS(=O)(=O)C[C@H](N)c1ccc(-c2ccc3ncnc(Nc4ccc(OCc5cccc(F)c5)c(Cl)c4)c3c2)o1,10.6,7.97469413473523,1,567.0420000000003
CS(=O)(=O)Cc1cccc(Nc2nccc(Oc3ccc4c(C(=O)Nc5cccc(F)c5)cccc4c3)n2)c1,10000.0,5.0,0,542.5920000000002
CS(=O)(=O)Cc1cccc(Nc2nccc(Oc3ccc4c(C(=O)Nc5ccccc5)cccc4c3)n2)c1,10000.0,5.0,0,524.6020000000003
CS(=O)(=O)Cc1cccc(Nc2nccc(Oc3ccc4c(C(=O)Nc5cccnc5)cccc4c3)n2)c1,10000.0,5.0,0,525.5900000000003
CS(=O)(=O)N1CCCN(Cc2ccn3ncnc(Nc4ccc5c(cnn5Cc5cccc(F)c5)c4)c23)CC1,120.0,6.920818753952375,1,548.6480000000001
CS(=O)(=O)N1CCC[C@@H]1C#Cc1cc2ncnc(Nc3ccc(OCc4cccc(F)c4)c(Cl)c3)c2s1,88.0,7.055517327849832,1,557.0720000000002
CS(=O)(=O)N1CCN(Cc2ccc(-c3ccc4ncnc(Nc5ccc(OCc6cccc(F)c6)c(Cl)c5)c4c3)o2)CC1.Cc1ccc(S(=O)(=O)O)cc1,19.8,7.703334809738469,1,794.3270000000001
CS(=O)(=O)NCCNCc1ccc(-c2ccc3ncnc(Nc4ccc(OCc5cccc(F)c5)c(Cl)c4)c3c2)o1.Cc1ccc(S(=O)(=O)O)cc1,15.9,7.798602875679548,1,768.2890000000003
CS(=O)(=O)Nc1ccc(-c2cc3c(Nc4ccc(Oc5cccc(C(F)(F)F)c5)c(Cl)c4)ncnc3s2)cc1,19200.0,4.716698771296451,0,591.0360000000002
CS(=O)(=O)Nc1ccc2c(c1)S(=O)(=O)N=S2c1ccc(Br)cc1,40000.0,4.3979400086720375,0,435.34600000000006
CS(=O)(=O)Nc1cccc(C#Cc2cncnc2Nc2ccc(OCc3cccc(F)c3)c(Cl)c2)c1,45.0,7.346787486224656,1,522.9890000000003
CS(=O)(=O)O[C@H]1CN[C@H](C#Cc2cc3ncnc(Nc4ccc(OCc5cccc(F)c5)c(Cl)c4)c3s2)C1,40.0,7.3979400086720375,1,573.0710000000001
CSCCNCc1ccc(-c2ccc3ncnc(Nc4ccc(OCc5cccc(F)c5)c(Cl)c4)c3c2)o1.Cc1ccc(S(=O)(=O)O)cc1,18.3,7.73754891026957,1,721.2760000000003
CSc1ccc(/C=C2\C(=O)Nc3cccc(C)c32)s1,91400.0,4.039053804266168,0,287.409
CSc1ccc(/C=C2\C(=O)Nc3ccccc32)s1,100000.0,4.0,0,273.382
C[C@@H](CN(C)C(=O)CO)Oc1cccc2ncnc(Nc3ccc(OCc4ccccn4)c(Cl)c3)c12,156.5,6.805485658117533,1,507.97800000000024
C[C@@H](COc1cccc2ncnc(Nc3ccc(OCc4ccccn4)c(Cl)c3)c12)N(C)C(=O)CO,75.0,7.1249387366083,1,507.97800000000024
C[C@@H](Nc1ncnc2[nH]c(-c3ccc(C(=O)NCCNCCC(=O)NO)cc3)cc12)c1ccccc1,100.0,7.0,1,487.5640000000002
C[C@@H](Nc1ncnc2[nH]c(-c3ccc(C(=O)NCCNCCCCCC(=O)NO)cc3)cc12)c1ccccc1,100.0,7.0,1,529.6450000000003
C[C@@H](Nc1ncnc2[nH]c(-c3ccc(C(=O)NCCNCCCCCCC(=O)NO)cc3)cc12)c1ccccc1,100.0,7.0,1,543.6720000000004
C[C@@H](Nc1ncnc2[nH]c(-c3ccc(C(=O)NO)cc3)cc12)c1ccc(F)cc1,100.0,7.0,1,391.4060000000001
C[C@@H](Nc1ncnc2[nH]c(-c3ccc(C(=O)NO)cc3)cc12)c1ccccc1,100.0,7.0,1,373.4160000000001
C[C@@H](Nc1ncnc2[nH]c(-c3ccc(CN4CCC(NCCCCCCCC(=O)NO)CC4)cc3)cc12)c1ccccc1,100.0,7.0,1,583.7810000000004
C[C@@H](Nc1ncnc2[nH]c(-c3ccc(CN4CCN(CC(=O)NO)CC4)cc3)cc12)c1ccccc1,100.0,7.0,1,485.5920000000002
C[C@@H](Nc1ncnc2[nH]c(-c3ccc(CN4CCN(CCC(=O)NO)CC4)cc3)cc12)c1ccccc1,100.0,7.0,1,499.61900000000026
C[C@@H](Nc1ncnc2[nH]c(-c3ccc(CN4CCN(CCCC(=O)NO)CC4)cc3)cc12)c1ccccc1,100.0,7.0,1,513.6460000000003
C[C@@H](Nc1ncnc2[nH]c(-c3ccc(CN4CCN(CCCCC(=O)NO)CC4)cc3)cc12)c1ccccc1,100.0,7.0,1,527.6730000000003
C[C@@H](Nc1ncnc2[nH]c(-c3ccc(CN4CCN(CCCCCC(=O)NO)CC4)cc3)cc12)c1ccccc1,100.0,7.0,1,541.7000000000004
C[C@@H](Nc1ncnc2[nH]c(-c3ccc(CN4CCN(CCCCCCC(=O)NO)CC4)cc3)cc12)c1ccccc1,100.0,7.0,1,555.7270000000004
C[C@@H](Nc1ncnc2[nH]c(-c3ccc(CNCC(=O)NO)cc3)cc12)c1ccccc1,1000.0,6.0,1,416.48500000000007
C[C@@H](Nc1ncnc2[nH]c(-c3ccc(CNCCC(=O)NO)cc3)cc12)c1ccccc1,100.0,7.0,1,430.51200000000006
C[C@@H](Nc1ncnc2[nH]c(-c3ccc(CNCCCCCC(=O)NO)cc3)cc12)c1ccccc1,100.0,7.0,1,472.5930000000002
C[C@@H](Nc1ncnc2[nH]c(-c3ccc(CNCCCCCCC(=O)NO)cc3)cc12)c1ccccc1,100.0,7.0,1,486.62000000000023
C[C@@H](Nc1ncnc2[nH]c(-c3ccc(CNCCCCCCCC(=O)NO)cc3)cc12)c1ccccc1,100.0,7.0,1,500.6470000000003
C[C@@H](Nc1ncnc2[nH]c(-c3ccc(CNCc4ccc(/C=C/C(=O)NO)cc4)cc3)cc12)c1ccccc1,10000.0,5.0,0,518.6210000000002
C[C@@H](Nc1ncnc2[nH]c(-c3ccc(CNCc4ccc(C(=O)NO)cc4)cc3)cc12)c1ccccc1,100.0,7.0,1,492.58300000000014
C[C@@H](Nc1ncnc2[nH]c(-c3ccc(NC(=O)CCC(=O)NO)cc3)cc12)c1ccccc1,100.0,7.0,1,444.4950000000001
C[C@@H](Nc1ncnc2[nH]c(-c3ccc(NC(=O)CCCC(=O)NO)cc3)cc12)c1ccccc1,100.0,7.0,1,458.52200000000016
C[C@@H](Nc1ncnc2[nH]c(-c3ccc(NC(=O)CCCCC(=O)NO)cc3)cc12)c1ccccc1,100.0,7.0,1,472.5490000000002
C[C@@H](Nc1ncnc2[nH]c(-c3ccc(NC(=O)CCCCCCC(=O)NO)cc3)cc12)c1ccccc1,100.0,7.0,1,500.6030000000003
C[C@@H](Nc1ncnc2[nH]c(-c3ccc(NC(=O)CCNCC(=O)NO)cc3)cc12)c1ccccc1,100.0,7.0,1,473.53700000000015
C[C@@H](Nc1ncnc2[nH]c(-c3ccc(NCCCCCC(=O)NO)cc3)cc12)c1ccccc1,100.0,7.0,1,458.56600000000014
C[C@@H](Nc1ncnc2[nH]c(-c3ccc(NCCCCCCC(=O)NO)cc3)cc12)c1ccccc1,100.0,7.0,1,472.5930000000002
C[C@@H](Nc1ncnc2[nH]c(-c3ccc(NCc4ccc(/C=C/C(=O)NO)cc4)cc3)cc12)c1ccccc1,100.0,7.0,1,504.59400000000016
C[C@@H](Nc1ncnc2[nH]c(-c3ccc(NCc4ccc(C(=O)NO)cc4)cc3)cc12)c1ccccc1,100.0,7.0,1,478.55600000000015
C[C@@H](Nc1ncnc2[nH]c(-c3ccc(OCC(=O)NO)cc3)cc12)c1ccccc1,100.0,7.0,1,403.44200000000006
C[C@@H](Nc1ncnc2[nH]c(-c3ccc(OCCCC(=O)NO)cc3)cc12)c1ccccc1,100.0,7.0,1,431.49600000000004
C[C@@H](Nc1ncnc2[nH]c(-c3ccc(OCCCCC(=O)NO)cc3)cc12)c1ccccc1,100.0,7.0,1,445.5230000000001
C[C@@H](Nc1ncnc2[nH]c(-c3ccc(OCCCCCC(=O)NO)cc3)cc12)c1ccccc1,100.0,7.0,1,459.5500000000001
C[C@@H](Nc1ncnc2[nH]c(-c3ccc(OCCCCCCC(=O)NO)cc3)cc12)c1ccc(F)cc1,100.0,7.0,1,491.5670000000002
C[C@@H](Nc1ncnc2[nH]c(-c3ccc(OCCCCCCC(=O)NO)cc3)cc12)c1ccccc1,100.0,7.0,1,473.57700000000017
C[C@@H](Nc1ncnc2[nH]c(-c3ccc(OCCNCCCCCCC(=O)NO)cc3)cc12)c1ccccc1,100.0,7.0,1,516.6460000000004
C[C@@H](Nc1ncnc2[nH]c(-c3ccc(OCCNCCCCCCCC(=O)NO)cc3)cc12)c1ccccc1,100.0,7.0,1,530.6730000000005
C[C@@H](Nc1ncnc2c1cc(-c1ccc(C(=O)NCCNCCCCCCC(=O)NO)cc1)n2C)c1ccccc1,100.0,7.0,1,557.6990000000004
C[C@@H](Oc1c[nH]c(=O)c(C(=O)Nc2ccc(N3CCN(C)CC3)cc2)c1)c1c(Cl)ccc(F)c1Cl,1000.0,6.0,1,519.4040000000002
C[C@@H](Oc1cc(-c2cnn(C3CCNCC3)c2)cnc1N)c1c(Cl)ccc(F)c1Cl,1000.0,6.0,1,450.34500000000014
C[C@@H](Oc1ccc2[nH]nc(-c3nc4cc(N5CCN(C)CC5)ccc4[nH]3)c2c1)c1c(Cl)cncc1Cl,1000.0,6.0,1,522.4400000000002
C[C@@H](Oc1cccc2ncnc(Nc3ccc(OCc4ccccn4)c(Cl)c3)c12)C(=O)N(C)C,17.5,7.756961951313706,1,477.95200000000017
C[C@@H](Oc1cccc2ncnc(Nc3ccc(OCc4ccccn4)c(Cl)c3)c12)C(=O)N(C)CCO,31.0,7.508638306165727,1,507.97800000000024
C[C@@H](Oc1cccc2ncnc(Nc3ccc(OCc4ccccn4)c(Cl)c3)c12)C(=O)N1CCOCC1,19.0,7.721246399047171,1,519.9890000000003
C[C@@H](Oc1cccc2ncnc(Nc3ccc4c(cnn4Cc4cccc(F)c4)c3)c12)C(=O)N(C)C,8.0,8.096910013008056,1,484.53500000000025
C[C@@H](Oc1cccc2ncnc(Nc3ccc4c(cnn4Cc4cccc(F)c4)c3)c12)C(=O)N1CCOCC1,22.0,7.657577319177793,1,526.5720000000002
C[C@@H](Oc1cccc2ncnc(Nc3ccc4c(cnn4Cc4ccccn4)c3)c12)C(=O)N(C)C,49.0,7.309803919971486,1,467.53300000000024
C[C@@H](Oc1cccc2ncnc(Nc3ccc4c(cnn4Cc4ccccn4)c3)c12)C(=O)N1CCOCC1,51.0,7.292429823902063,1,509.5700000000004
C[C@@H](Oc1cccc2ncnc(Nc3ccc4c(cnn4Cc4ccccn4)c3)c12)C(N)=O,32.0,7.494850021680094,1,439.4790000000002
C[C@@H](Oc1cccc2ncnc(Nc3ccc4c(cnn4Cc4cscn4)c3)c12)C(=O)N(C)C,230.0,6.638272163982407,1,473.56200000000024
C[C@@H](Oc1cccc2ncnc(Nc3ccc4c(cnn4Cc4cscn4)c3)c12)C(=O)N1CCOCC1,160.0,6.795880017344075,1,515.5990000000003
C[C@@H](Oc1cccc2ncnc(Nc3ccc4c(cnn4Cc4cscn4)c3)c12)C(N)=O,140.0,6.853871964321762,1,445.5080000000002
C[C@@H](Oc1cccc2ncnc(Nc3ccc4c(cnn4Cc4nccs4)c3)c12)C(=O)N(C)C,26.0,7.585026652029182,1,473.56200000000024
C[C@@H](Oc1cccc2ncnc(Nc3ccc4c(cnn4Cc4nccs4)c3)c12)C(=O)N1CCOCC1,43.0,7.366531544420414,1,515.5990000000003
C[C@@H](c1cccc(F)c1)n1ncc2cc(Nc3ncnn4ccc(COC[C@@H]5CNCCO5)c34)ccc21,510.0,6.292429823902063,1,501.5660000000004
C[C@@H](c1ccccc1)n1ncc2cc(Nc3ncnn4ccc(COC[C@@H]5CNCCO5)c34)ccc21,850.0,6.070581074285707,1,483.57600000000036
C[C@@H]1CN(C)CCN1C/C=C/C(=O)N1CCOc2c1ccc1ncnc(Nc3ccc(OCc4ccccn4)c(Cl)c3)c21,50.0,7.301029995663981,1,600.1230000000002
C[C@@H]1COC(Nc2ccc3ncnc(Nc4ccc(OCc5nccs5)c(Cl)c4)c3c2)=N1,2.0,8.698970004336019,1,466.9540000000002
C[C@@H]1C[C@H](N)C[C@H](c2ccncc2NC(=O)c2ccc(F)c(-c3c(F)cccc3F)n2)C1,10000.0,5.0,0,440.46900000000016
C[C@@H]1C[C@H]1C(=O)N1CCN(c2cnc(C#N)c(-c3cnn(C)c3)n2)C[C@H]1C,100000.0,4.0,0,365.4410000000001
C[C@H](CN(C)C(=O)CO)Oc1cccc2ncnc(Nc3ccc(OCc4ccccn4)c(Cl)c3)c12,6.5,8.187086643357144,1,507.97800000000024
C[C@H](CN(C)C)Oc1cccc2ncnc(Nc3ccc(OCc4cnccn4)c(Cl)c3)c12,1.0,9.0,1,464.95700000000016
C[C@H](COc1cccc2ncnc(Nc3ccc(OCc4ccccn4)c(Cl)c3)c12)N(C)C(=O)CO,6.5,8.187086643357144,1,507.97800000000024
C[C@H](NC(=O)c1cc(-c2cnn(C3CCOCC3)c2)cnc1N)c1c(Cl)ccc(F)c1Cl,10000.0,5.0,0,478.35500000000013
C[C@H](Oc1cccc2ncnc(Nc3ccc(OCc4ccccn4)c(Cl)c3)c12)C(=O)N(C)C,43.0,7.366531544420414,1,477.95200000000017
C[C@H](Oc1cccc2ncnc(Nc3ccc(OCc4ccccn4)c(Cl)c3)c12)C(=O)N(C)CCO,79.0,7.102372908709558,1,507.97800000000024
C[C@H](Oc1cccc2ncnc(Nc3ccc4c(cnn4Cc4cccc(F)c4)c3)c12)C(=O)N(C)C,6.0,8.221848749616356,1,484.53500000000025
C[C@H](Oc1cccc2ncnc(Nc3ccc4c(cnn4Cc4ccccn4)c3)c12)C(=O)N(C)C,80.0,7.096910013008056,1,467.53300000000024
C[C@H](Oc1cccc2ncnc(Nc3ccc4c(cnn4Cc4ccccn4)c3)c12)C(=O)N1CCOCC1,140.0,6.853871964321762,1,509.5700000000004
C[C@H](Oc1cccc2ncnc(Nc3ccc4c(cnn4Cc4cscn4)c3)c12)C(=O)N(C)C,130.0,6.886056647693163,1,473.56200000000024
C[C@H](Oc1cccc2ncnc(Nc3ccc4c(cnn4Cc4nccs4)c3)c12)C(=O)N(C)C,24.0,7.619788758288394,1,473.56200000000024
C[C@H](Oc1cccc2ncnc(Nc3ccc4c(cnn4Cc4nccs4)c3)c12)C(=O)N1CCOCC1,12.0,7.920818753952375,1,515.5990000000003
C[C@H](c1cccc(F)c1)n1ncc2cc(Nc3ncnn4ccc(COC[C@@H]5CNCCO5)c34)ccc21,41.0,7.3872161432802645,1,501.5660000000004
C[C@H](c1ccccc1)n1ncc2cc(Nc3ncnn4ccc(COC[C@@H]5CNCCO5)c34)ccc21,130.0,6.886056647693163,1,483.57600000000036
C[C@H]1CN(C)CCN1C/C=C/C(=O)N1CCOc2c1ccc1ncnc(Nc3ccc(OCc4ccccn4)c(Cl)c3)c21,50.0,7.301029995663981,1,600.1230000000002
C[C@]1(O)C[C@@H](c2nc(-c3ccc4ccc(-c5ccccc5)nc4c3)c3c(N)nccn32)C1,10000.0,5.0,0,421.5040000000002
C[S+]([O-])CCNCc1ccc(-c2ccc3ncnc(Nc4ccc(OCc5cccc(F)c5)c(Cl)c4)c3c2)o1.Cc1ccc(S(=O)(=O)O)cc1,8.5,8.070581074285707,1,737.2750000000003
C[S+]([O-])c1ccc(-c2nc(-c3ccc(F)cc3)c(-c3ccncc3)[nH]2)cc1,18896.0,4.723630119730561,0,377.444
Cc1c(C(=O)N2CCOc3ccc(-c4ccc(N)nc4)cc3C2)ccc(S(C)(=O)=O)c1F,3500.0,5.455931955649724,0,455.5110000000002
Cc1c(C(=O)NCCCN2CCN(C)CC2)[nH]c2cnnc(Nc3ccc(OCc4cccc(F)c4)c(Cl)c3)c12,2240.0,5.649751981665837,0,566.0810000000001
Cc1c(C(=O)NCCN2CCN(C)CC2)[nH]c2cnnc(Nc3ccc(OCc4cccc(F)c4)c(Cl)c3)c12,843.0,6.074172425375258,1,552.0540000000002
Cc1c(C(=O)NCCN2CCOCC2)[nH]c2cnnc(Nc3ccc(OCc4cccc(F)c4)c(Cl)c3)c12,2502.0,5.601712694642599,0,539.0110000000002
Cc1c(C(=O)NCCN2CCOCC2)[nH]c2cnnc(Nc3ccc(OCc4ccccn4)c(Cl)c3)c12,5000.0,5.301029995663981,0,522.0090000000001
Cc1c(CN2CCN(C)CC2)cccc1Nc1nccc(-c2c(-c3cccc(C(=O)Nc4c(F)cccc4F)c3)nc3ccccn23)n1,100.0,7.0,1,644.7300000000001
Cc1c(NC(=O)/C=C/CN(C)C)ccc2ncnc(Nc3ccc(OCc4ccccn4)c(Cl)c3)c12,12.87,7.890421453095613,1,503.00600000000026
Cc1c(NC(=O)OC[C@@H]2COCCN2)cn2ncnc(Nc3ccc4c(cnn4Cc4cccc(F)c4)c3)c12,25.0,7.6020599913279625,1,530.5640000000002
Cc1c(Nc2ccc(OCc3cccc(F)c3)c(Cl)c2)ncnc1-c1ccccc1,65000.0,4.187086643357144,0,419.88700000000006
Cc1c(Nc2nccc(-c3c(-c4cccc(C(=O)Nc5c(F)cccc5F)c4)nc4ccccn34)n2)cccc1OCCN(C)C,100.0,7.0,1,619.6759999999999
Cc1c[nH]c(/C=C2\C(=O)Nc3ccccc32)c1C,100000.0,4.0,0,238.29
Cc1c[nH]c(/C=C2\C(=O)Nc3ccccc32)c1CCC(=O)O,100000.0,4.0,0,296.326
Cc1cc(-c2n[nH]c3ccc(C(=O)NC(C)c4c(Cl)cncc4Cl)cc23)ccn1,1000.0,6.0,1,426.30700000000013
Cc1cc(-c2nn([C@@H]3CCCN(C(=O)[C@@H](C)Cl)C3)c3ncnc(C)c23)ccc1Oc1ccc2c(c1)ncn2C,3889.0,5.41016205685254,0,544.0590000000002
Cc1cc(-c2nn([C@@H]3CCCN(C(=O)[C@H](C)Cl)C3)c3ncnc(C)c23)ccc1Oc1ccc2c(c1)ncn2C,2061.0,5.685922008220787,0,544.0590000000002
Cc1cc(Br)c2oc(Nc3ccc(-c4cn([C@H]5CC[C@@H](N6CCN(C)CC6)CC5)c5ncnc(N)c45)cc3F)nc2c1,62500.0,4.204119982655925,0,633.5700000000003
Cc1cc(C(=O)N2CC(C)NC(C)C2)[nH]c1/C=C1\C(=O)Nc2ncnc(Nc3ccc(F)c(Cl)c3)c21,505.0,6.296708621881338,1,509.97300000000024
Cc1cc(C(=O)N2CCN(C)CC2)[nH]c1/C=C1\C(=O)Nc2ncnc(Nc3ccc(F)c(Cl)c3)c21,285.0,6.54515513999149,1,495.9460000000001
Cc1cc(C(=O)N2CCOCC2)[nH]c1/C=C1\C(=O)Nc2ncnc(Nc3ccc(F)c(Cl)c3)c21,805.0,6.094204119632131,1,482.9030000000001
Cc1cc(C(=O)N2CCOCC2)[nH]c1/C=C1\C(=O)Nc2ncnc(Nc3ccc4c(c3)CCC4)c21,3890.0,5.410050398674292,0,470.53300000000024
Cc1cc(C(=O)N2CCOCC2)[nH]c1/C=C1\C(=O)Nc2ncnc(Nc3ccc4c(ccn4Cc4ccccc4)c3)c21,100.0,7.0,1,559.6300000000002
Cc1cc(C(=O)N2CCOCC2)[nH]c1/C=C1\C(=O)Nc2ncnc(Nc3ccc4c(cnn4Cc4ccccc4)c3)c21,100.0,7.0,1,560.6180000000002
Cc1cc(C(=O)NC(C)(C)C)cc(C#Cc2ccc3c4c(oc3c2)C(C)(C)c2cc(NS(C)(=O)=O)ccc2C4=O)n1,10000.0,5.0,0,569.6830000000002
Cc1cc(C(=O)NCCN2CCOCC2)[nH]c1/C=C1\C(=O)Nc2ncnc(Nc3ccc(F)c(Cl)c3)c21,670.0,6.173925197299173,1,525.9720000000001
Cc1cc(C(=O)NCCN2CCOCC2)[nH]c1/C=C1\C(=O)Nc2ncnc(Nc3ccc4c(ccn4Cc4ccccc4)c3)c21,800.0,6.096910013008056,1,602.6990000000002
Cc1cc(C(=O)Nc2cc(Oc3ccc4nc(NC(=O)C5CC5)nn4c3)ccc2F)n(C)n1,10000.0,5.0,0,449.4460000000002
Cc1cc(C(=O)O)[nH]c1/C=C1\C(=O)Nc2ncnc(Nc3ccc(F)c(Cl)c3)c21,27150.0,4.566230166075134,0,413.7960000000001
Cc1cc(C(C#N)c2ccc(Cl)cc2)c(Cl)cc1NC(=O)c1cc(I)cc(I)c1O,2468.0,5.6076548446387955,0,663.0800000000002
Cc1cc(C)c(/C=C2\C(=O)Nc3cc(F)ccc32)[nH]1,100000.0,4.0,0,256.28
Cc1cc(C)c(/C=C2\C(=O)Nc3cccc(C)c32)[nH]1,100000.0,4.0,0,252.317
Cc1cc(C)c(/C=C2\C(=O)Nc3ccccc32)[nH]1,100000.0,4.0,0,238.29000000000002
Cc1cc(C)c(/C=C2\C(=O)Nc3ncnc(Nc4ccc(F)c(Cl)c4)c32)[nH]1,1400.0,5.853871964321762,0,383.814
Cc1cc(C)c(C(=O)/C(C#N)=C/c2ccc(O)c(O)c2)c(C)c1,50059.36,4.300514707069889,0,307.34900000000005
Cc1cc(C)c(NC(=O)/C(C#N)=C/c2ccc(O)c(O)c2)c(C)c1,20892.96,4.68000002720016,0,322.36400000000003
Cc1cc(C)c(O)c(CN(Cc2ccc(F)cc2)C(=O)Nc2ccccc2)c1,50000.0,4.301029995663981,0,378.44700000000006
Cc1cc(C)c(O)c(CN(Cc2ccc(F)cc2)C(=S)Nc2ccccc2)c1,37820.0,4.422278475490979,0,394.51500000000004
Cc1cc(C)c(O)c(CN(Cc2ccc(O)cc2)C(=O)Nc2ccccc2)c1,16120.0,4.792634962530928,0,376.456
Cc1cc(C)c(O)c(CN(Cc2ccc(O)cc2)C(=S)Nc2ccccc2)c1,9470.0,5.023650020996727,0,392.524
Cc1cc(C)c(O)c(CN(Cc2ccccc2)C(=S)Nc2ccccc2)c1,50000.0,4.301029995663981,0,376.52500000000003
Cc1cc(C)c2oc(Nc3ccc(-c4nn([C@H]5CC[C@@H](N6CCN(C)CC6)CC5)c5ncnc(N)c45)cc3F)nc2c1,4030.0,5.394694953858891,0,569.6890000000003
Cc1cc(C2CCN(CCCF)CC2)cc2[nH]c(-c3c(NCCn4cc(Cl)cn4)cc[nH]c3=O)nc12,6000.0,5.221848749616356,0,512.0330000000002
Cc1cc(C=C(C#N)C#N)cc(O)c1O,58884.37,4.229999967073058,0,200.197
Cc1cc(CS(=O)(=O)c2ccccc2)cc(OCc2ccc(CN3CCC[C@@H]3CO)cc2)c1,10000.0,5.0,0,465.61500000000035
Cc1cc(Cl)c2oc(Nc3ccc(-c4nn([C@H]5CC[C@@H](N6CCN(C)CC6)CC5)c5ncnc(N)c45)cc3)nc2c1,5230.0,5.281498311132726,0,572.1170000000004
Cc1cc(N2CCC(N3CCCCC3)CC2)ccc1Nc1nccc(-c2c(-c3cccc(C(=O)Nc4c(F)cccc4F)c3)nc3ccccn23)n1,100.0,7.0,1,698.8220000000001
Cc1cc(N2CCOCC2)cc2[nH]c(-c3c(NC[C@@H](O)c4cccc(Cl)c4)cc[nH]c3=O)nc12,17100.0,4.767003889607846,0,479.96800000000013
Cc1cc(Nc2c(C#N)cnc3ccc(NC(=O)/C=C/CN(C)C)cc23)ccc1Oc1cc2nncn2cn1,62.26,7.205790883653504,1,519.5690000000003
Cc1cc(Nc2c(C#N)cnc3ccc(NC(=O)/C=C/[C@H]4CCCN4C)cc23)ccc1Oc1cc2nncn2cn1,10.77,7.9677842967020185,1,545.6070000000003
Cc1cc(Nc2cc(Nc3ccc(-c4nc5ccccc5s4)cc3)ccn2)n[nH]1,10000.0,5.0,0,398.49500000000006
Cc1cc(Nc2ccc(OCc3cccc(F)c3)c(Cl)c2)ncn1,6500.0,5.187086643357144,0,343.789
Cc1cc(Nc2nc(Nc3ccccc3S(=O)(=O)C(C)C)c3c(C)[nH]nc3n2)c(OC(C)C)cc1C1CCN(C)CC1,7800.0,5.107905397309519,0,591.782
Cc1cc(Nc2nc3cccc(Cl)c3o2)ccc1-c1nn([C@H]2CC[C@H](N3CCN(C)CC3)CC2)c2ncnc(N)c12,478.0,6.320572103387881,1,572.1170000000003
Cc1cc(Nc2ncc(C(=O)Nc3c(C)cccc3Cl)s2)nc(C)n1,2850.0,5.54515513999149,0,373.8690000000001
Cc1cc(Nc2ncnc3[nH]nc(OCCN4CCC(O)CC4)c23)ccc1OCc1cccc(F)c1,54.0,7.267606240177032,1,492.5550000000003
Cc1cc(Nc2ncnc3[nH]nc(OCCN4CCC(O)CC4)c23)ccc1OCc1ccccn1,350.0,6.455931955649724,1,475.5530000000003
Cc1cc(Nc2ncnc3cc(F)cc(O[C@H]4CCN(C)CC4(F)F)c23)ccc1Oc1ccn2ncnc2c1,44.0,7.356547323513812,1,535.5300000000002
Cc1cc(Nc2ncnc3cc(N)cc(OC4CCN(C)CC4(F)F)c23)ccc1Oc1ccn2ncnc2c1,7.86,8.104577453960593,1,532.5550000000002
Cc1cc(Nc2ncnc3cc(O)c(NC(=O)/C=C/[C@H]4CCCN4C)cc23)ccc1Oc1cc2nccn2cn1,1.06,8.97469413473523,1,536.5960000000003
Cc1cc(Nc2ncnc3cc(O)c(NC(=O)/C=C/[C@H]4CCCN4C)cc23)ccc1Oc1ccc2nccn2c1,6.42,8.192464971931146,1,535.6080000000003
Cc1cc(Nc2ncnc3cc(O)c(NC(=O)/C=C/[C@H]4CCCN4C)cc23)ccc1Oc1ccn2ccnc2c1,1.7,8.769551078621726,1,535.6080000000003
Cc1cc(Nc2ncnc3cc(O)c(NC(=O)/C=C/[C@H]4CCCN4C)cc23)ccc1Oc1ccn2cnnc2c1,6.31,8.199970640755867,1,536.5960000000003
Cc1cc(Nc2ncnc3cc(O)c(NC(=O)/C=C/[C@H]4CCCN4C)cc23)ccc1Oc1ccn2ncnc2c1,1.43,8.844663962534938,1,536.5960000000003
Cc1cc(Nc2ncnc3cc(O)c(NC(=O)/C=C/[C@H]4CCCN4C)cc23)ccc1Oc1cnc2ccnn2c1,2.41,8.61798295742513,1,536.5960000000003
Cc1cc(Nc2ncnc3cc(O)c(NC(=O)/C=C/[C@H]4CCCN4C)cc23)ccc1Oc1cnn2cnnc2c1,16.01,7.795608668080701,1,537.5840000000003
Cc1cc(Nc2ncnc3cc(OC4CCOC4)cc(OC4CCN(C)CC4(F)F)c23)ccc1Oc1ccn2ncnc2c1,12.6,7.8996294548824375,1,603.6300000000001
Cc1cc(Nc2ncnc3ccc(NC(=O)/C=C/CN(C)C)cc23)ccc1Oc1cc2nncn2cn1,2.85,8.54515513999149,1,495.54700000000025
Cc1cc(Nc2ncnc3ccc(NC(=O)/C=C/[C@H]4CCCN4C)cc23)ccc1Oc1cc2nncn2cn1,1.4,8.853871964321762,1,521.5850000000004
Cc1cc(Nc2ncnc3ccc(NC4=NC(C)(C)CO4)cc23)ccc1Oc1ccn2ncnc2c1,7.359999999999999,8.1331221856625,1,480.53200000000027
Cc1cc(Nc2ncnc3ccc(OCCCN4CCOCC4)cc23)ccc1OC1CCN(C(=O)CC(C)(C)C)CC1,54.5,7.2636034977233574,1,575.7540000000002
Cc1cc(Nc2ncnc3ccc(OCCCN4CCOCC4)cc23)ccc1OC1CCN(C(=O)Nc2c(F)cccc2F)CC1,55.0,7.259637310505756,1,632.7120000000003
Cc1cc(Nc2ncnc3ccc4c(c23)OCCN4C(=O)/C=C/CN(C)C(C)C)ccc1Oc1ccn2ncnc2c1,50.0,7.301029995663981,1,564.6500000000002
Cc1cc(Nc2ncnc3ccc4c(c23)OCCN4C(=O)/C=C/CN(C)C)ccc1Oc1ccn2ncnc2c1,50.0,7.301029995663981,1,536.5960000000002
Cc1cc(Nc2ncnc3ccc4c(c23)OCCN4C(=O)/C=C/CN(C)C2CCC2)ccc1Oc1ccn2ncnc2c1,50.0,7.301029995663981,1,576.6610000000003
Cc1cc(Nc2ncnc3ccc4c(c23)OCCN4C(=O)/C=C/CN2CCCCC2)ccc1Oc1ccn2ncnc2c1,50.0,7.301029995663981,1,576.6610000000003
Cc1cc(Nc2ncnc3ccc4c(c23)OCCN4C(=O)/C=C/CN2CCN(C)CC2)ccc1Oc1ccn2ncnc2c1,50.0,7.301029995663981,1,591.6760000000003
Cc1cc(Nc2ncnc3cccc(OC45CCN(CC4)CC5)c23)ccc1Oc1ccn2ccnc2c1,21.8,7.661543506395395,1,492.5830000000003
Cc1cc(Nc2ncnc3cccc(OC4CCN(C)CC4(F)F)c23)ccc1Oc1ccc2c(c1)ncn2C,5.57,8.254144804826272,1,530.5790000000002
Cc1cc(Nc2ncnc3cccc(OC4CCN(C)CC4(F)F)c23)ccc1Oc1ccc2ccnn2c1,16.2,7.790484985457369,1,516.5520000000002
Cc1cc(Nc2ncnc3cccc(OC4CCN(C)CC4(F)F)c23)ccc1Oc1ccn2ncnc2c1,8.120000000000001,8.090443970758825,1,517.5400000000003
Cc1cc(Nc2ncnc3cccc(OC4CCN(C)CC4F)c23)ccc1Oc1ccn2ccnc2c1,13.1,7.882728704344236,1,498.56200000000024
Cc1cc(Nc2ncnc3cccc(OC4CCN(C)CCC4(F)F)c23)ccc1Oc1ccn2ccnc2c1,61.3,7.212539525481585,1,530.5790000000003
Cc1cc(Nc2ncnc3cccc(O[C@@H]4C[C@H]5CC[C@@H](C4)N5C)c23)ccc1Oc1ccn2ncnc2c1,12.6,7.8996294548824375,1,507.5980000000003
Cc1cc(Nc2ncnc3cccc(O[C@H]4CCN(C)[C@@H](C(F)(F)F)C4)c23)ccc1Oc1ccn2ncnc2c1,16.8,7.774690718274137,1,549.5570000000001
Cc1cc(Nc2ncnc3cccc(O[C@H]4CCN[C@H](C(F)F)C4)c23)ccc1Oc1ccn2ccnc2c1,2.55,8.593459819566045,1,516.5520000000002
Cc1cc(Nc2ncnc3cccc(O[C@H]4C[C@H](C)N(C)CC4(F)F)c23)ccc1Oc1ccn2ncnc2c1,9.56,8.0195421077239,1,531.5670000000002
Cc1cc(Nc2ncnc3cccc(O[C@H]4C[C@H]5CC[C@@H](C4)N5CC(F)F)c23)ccc1Oc1ccn2ncnc2c1,6.17,8.209714835966759,1,557.6050000000002
Cc1cc(Nc2ncnc3cnc(N(C)C)cc23)ccc1OC1CCN(C(=O)CC(C)(C)C)CC1,30.5,7.515700160653214,1,476.62500000000045
Cc1cc(Nc2ncnc3cnc(N(C)C)cc23)ccc1OC1CCN(C(=O)Nc2c(F)cccc2F)CC1,20.5,7.688246138944246,1,533.5830000000002
Cc1cc(Nc2ncnc3cnc(N(C)C)cc23)ccc1Oc1ccc(C(=O)NCC(C)(C)C)cc1,29.0,7.5376020021010435,1,484.6040000000003
Cc1cc(Nc2ncnc3cnc(N4CCCC4)cc23)ccc1Oc1ccc(C(=O)NCC(C)(C)C)cc1,23.0,7.638272163982407,1,510.6420000000003
Cc1cc(Nc2ncnc3cnc(N4CCN(C)CC4)cc23)ccc1Oc1ccc(C(=O)NCC(C)(C)C)cc1,72.5,7.139661993429006,1,539.6840000000003
Cc1cc(Nc2ncnc3cnc(N4CCOCC4)cc23)ccc1OC1CCN(C(=O)C2CCCC2)CC1,25.5,7.5934598195660445,1,516.6460000000004
Cc1cc(Nc2ncnc3cnc(N4CCOCC4)cc23)ccc1OC1CCN(C(=O)CC(C)(C)C)CC1,16.5,7.782516055786093,1,518.6620000000004
Cc1cc(Nc2ncnc3cnc(N4CCOCC4)cc23)ccc1OC1CCN(C(=O)Nc2c(F)cccc2F)CC1,11.5,7.939302159646388,1,575.6200000000001
Cc1cc(Nc2ncnc3cnc(N4CCOCC4)cc23)ccc1Oc1ccc(C(=O)NCC(C)(C)C)cc1,22.5,7.647817481888637,1,526.6410000000003
Cc1cc(Nc2ncnc3cnc(NCCN4CCOCC4)cc23)ccc1Oc1ccc(C(=O)NCC(C)(C)C)cc1,147.5,6.831207979685818,1,569.7100000000003
Cc1cc(OC2CCN(C)CC2)ccc1Nc1nccc(-c2c(-c3cccc(C(=O)Nc4c(F)cccc4F)c3)nc3ccccn23)n1,100.0,7.0,1,645.714
Cc1cc(OC2CCN(CCS(C)(=O)=O)CC2)ccc1Nc1nccc(-c2c(-c3cccc(C(=O)Nc4c(F)cccc4F)c3)nc3ccccn23)n1,1000.0,6.0,1,737.8330000000001
Cc1cc(OC2CCNCC2)ccc1Nc1nccc(-c2c(-c3cccc(C(=O)Nc4c(F)cccc4F)c3)nc3ccccn23)n1,100.0,7.0,1,631.6870000000001
Cc1cc(OCc2ccc(CN3CCC[C@@H]3CO)cc2)cc(CS(=O)(=O)c2ccccc2)c1Br,10000.0,5.0,0,544.5110000000002
Cc1cc(Oc2ccc(Nc3ncnc4cc(C#C[C@@H]5C[C@@H](OC(=O)N6CCOCC6)CN5)sc34)cc2Cl)no1,370.0,6.431798275933005,1,581.0540000000003
Cc1cc([N+](=O)[O-])ccc1C1=CCN(C(=O)[C@H]2NCC3(CC3)C[C@@H]2C(=O)NO)CC1,300.0,6.522878745280337,1,414.46200000000033
Cc1cc([N+](=O)[O-])ccc1N1CCN(C(=O)[C@H]2NCC3(CC3)C[C@@H]2C(=O)NO)CC1,160.0,6.795880017344075,1,417.4660000000003
Cc1cc2cc(Nc3ncnn4cc(-c5nnc(C)o5)c(C(C)C)c34)cnc2[nH]1,5000.0,5.301029995663981,0,388.4350000000002
Cc1cc2nc(CBr)c(-c3ccccc3)nc2cc1C,21000.0,4.6777807052660805,0,327.2250000000001
Cc1cc2ncnc(Nc3ccc(Oc4cccc(C(F)(F)F)c4)c(Cl)c3)c2n1CCOCCO,12.0,7.920818753952375,1,506.9120000000003
Cc1ccc(-c2c(CN3CCCCC3)nc3scc(C(=O)O)n23)cc1,146.0,6.835647144215563,1,355.463
Cc1ccc(-c2c(CN3CCOCC3)nc3scc(C(=O)NN)n23)cc1,357.0,6.447331783887806,1,371.46600000000007
Cc1ccc(-c2ccc3c(ccn3Cc3coc(/C=C/c4ccc(C(F)(F)F)cc4)n3)c2)cc1,34720.0,4.459420283495546,0,458.48300000000006
Cc1ccc(-c2ccc3occ(-c4ccc([S@+](C)[O-])cc4)c3c2)o1,10000.0,5.0,0,336.4120000000001
Cc1ccc(-c2n[nH]nc2C#N)cc1,36500.0,4.437707135543525,0,184.20200000000003
Cc1ccc(-c2nn(-c3ccccc3)cc2C(=O)NOCc2ccccc2F)cc1,25000.0,4.6020599913279625,0,401.4410000000002
Cc1ccc(-n2nc(C(C)(C)C)cc2NC(=O)Nc2ccc(OCCN3CCOCC3)c3ccccc23)cc1,20000.0,4.698970004336019,0,527.6690000000006
Cc1ccc(/C=C/C(=O)OCCn2c([N+](=O)[O-])cnc2C)cc1,9650.0,5.015472686656207,0,315.329
Cc1ccc(/C=C2/C(=O)Nc3ccccc32)o1,100000.0,4.0,0,225.247
Cc1ccc(/C=N/NC2=NC(=O)CS2)cc1,5830.0,5.2343314452409855,0,233.296
Cc1ccc(C(=O)/C(C#N)=C/c2ccc(O)c(O)c2)cc1,10000.0,5.0,0,279.295
Cc1ccc(C(=O)NC2CC2)cc1Nc1ncnn2cc(C(=O)c3ccccc3)c(C)c12,25000.0,4.6020599913279625,0,425.4920000000002
Cc1ccc(C(=O)Nc2ccon2)cc1Nc1ncnc(NC2CCCC2)c1C#N,50000.0,4.301029995663981,0,403.44600000000025
Cc1ccc(C2=N/C(=C/c3ccc(Cl)cc3)C(=O)NN2C(=O)Cc2nc3c(c(C)nn3-c3ccccc3)c(=O)[nH]2)cc1,633.7,6.198116292874761,1,578.0320000000003
Cc1ccc(C2=N/C(=C\c3ccc(Cl)cc3)C(=O)NN2C(=O)c2nc3c(c(C)nn3-c3ccccc3)c(=O)[nH]2)cc1,11211.4,4.9503401524085096,0,564.0050000000002
Cc1ccc(C2=NN(C(N)=S)C(c3ccc4ccccc4c3)C2)cc1,1040.0,5.982966660701219,0,345.4710000000001
Cc1ccc(C2=NN(C(N)=S)C(c3cccc4ccccc34)C2)cc1,6680.0,5.175223537524454,0,345.4710000000001
Cc1ccc(C2=NN(C3=NC(=O)CS3)C(c3ccc(Br)cc3)C2)cc1,1070.0,5.97061622231479,0,414.3280000000001
Cc1ccc(C2=NN(C3=NC(=O)CS3)C(c3ccc(C)cc3)C2)cc1,2520.0,5.598599459218456,0,349.4590000000001
Cc1ccc(C2=NN(C3=NC(=O)CS3)C(c3ccc(Cl)cc3)C2)cc1,3110.0,5.507239610973162,0,369.87700000000007
Cc1ccc(C2=NN(C3=NC(=O)CS3)C(c3ccc(F)cc3)C2)cc1,3530.0,5.452225294612178,0,353.4220000000001
Cc1ccc(C2=NN(C3=NC(=O)CS3)C(c3ccccc3)C2)cc1,2240.0,5.649751981665837,0,335.4320000000001
Cc1ccc(C2=NN(c3ccccc3)C(c3ccc4ccccc4c3)C2)cc1,1130.0,5.94692155651658,0,362.47600000000017
Cc1ccc(C2=NN(c3ccccc3)C(c3cccc4ccccc34)C2)cc1,1910.0,5.718966632752273,0,362.47600000000017
Cc1ccc(C2=NN(c3nc(-c4ccc(Br)cc4)cs3)C(c3ccc4c(c3)OCO4)C2)cc1,2230.0,5.651695136951839,0,518.4360000000003
Cc1ccc(C2CC(c3ccc(Br)cc3)=NN2C2=NC(=O)CS2)cc1,7040.0,5.152427340857888,0,414.32800000000015
Cc1ccc(C2CC(c3ccc(Cl)cc3)=NN2C2=NC(=O)CS2)cc1,8130.0,5.089909454405932,0,369.8770000000001
Cc1ccc(C2CC(c3ccc(F)cc3)=NN2C2=NC(=O)CS2)cc1,10260.0,4.988852639224203,0,353.42200000000014
Cc1ccc(C2CC(c3ccccc3)=NN2C2=NC(=O)CS2)cc1,4640.0,5.333482019445119,0,335.43200000000013
Cc1ccc(COc2ccc(Nc3ncnc4ccc5c(c34)OCCN5C(=O)/C=C/CN(C)C)cc2)cc1,50.0,7.301029995663981,1,509.6100000000004
Cc1ccc(F)c(Oc2ccc(Nc3ncnc4ccc5c(c34)OCCN5C(=O)/C=C/CN(C)C)cc2)c1,50.0,7.301029995663981,1,513.5730000000004
Cc1ccc(NC(=O)CSc2nc3cc4ccccc4cc3c(=O)n2-c2ccc(S(N)(=O)=O)cc2)cc1,21.0,7.6777807052660805,1,530.6310000000003
Cc1ccc(NC(=O)CSc2nc3cc4ccccc4cc3c(=O)n2-c2ccc(S(N)(=O)=O)cc2)cc1C,5400.0,5.267606240177032,0,544.6580000000002
Cc1ccc(NC(=O)c2ccc(C)c(C(F)(F)F)c2)cc1C#Cc1nn([C@H]2CC[C@H](O)CC2)c2ncnc(N)c12,165.0,6.782516055786093,1,548.5690000000002
Cc1ccc(NC(=O)c2ccc(CN3CCN(C)CC3)cc2)cc1Nc1nccc(-c2cccnc2)n1,0.06,10.221848749616356,1,493.6150000000002
Cc1ccc(NC(=O)c2ccc(N(CCCl)CCCl)cc2)cc1,1880.0,5.72584215073632,0,351.27700000000004
Cc1ccc(NC(=O)c2cccc(C(F)(F)F)c2)cc1C#Cc1nn(C2CCN(C)CC2)c2ncnc(N)c12,251.0,6.600326278518962,1,533.5580000000002
Cc1ccc(NC(=O)c2cccc(C(F)(F)F)c2)cc1NC(=O)c1cccc2c(N)nccc12,2500.0,5.6020599913279625,0,464.4470000000002
Cc1ccc(NCc2coc(/C=C/c3ccc(C(F)(F)F)cc3)n2)cc1,1830.0,5.73754891026957,0,358.363
Cc1ccc(Nc2ncnn3ccc(CN4CCC(N)CC4)c23)cc1,6.0,8.221848749616356,1,336.4430000000001
Cc1ccc(OCCN(C)C)cc1Nc1nccc(-c2c(-c3cccc(C(=O)Nc4c(F)cccc4F)c3)nc3ccccn23)n1,1000.0,6.0,1,619.6760000000002
Cc1ccc(Oc2ccc(Nc3c(C#N)cnc4ccc(NC(=O)CC5CCSS5)cc34)cc2C)cn1,10000.0,5.0,0,527.6750000000003
Cc1ccc(Oc2ccc(Nc3ncnc4[nH]nc(OCCN5CCC(O)CC5)c34)cc2C)cn1,213.0,6.671620396561262,1,475.5530000000004
Cc1ccc(Oc2ccc(Nc3ncnc4[nH]nc(OCCN5CCC(O)CC5)c34)cc2Cl)cn1,92.5,7.0338582672609675,1,495.9710000000004
Cc1ccc(Oc2ccc(Nc3ncnc4[nH]nc(OCCN5CCC(O)CC5)c34)cc2F)cn1,5.0,8.301029995663981,1,479.51600000000036
Cc1ccc(Oc2ccc(Nc3ncnc4cc[nH]c34)cc2C)cn1,60.0,7.221848749616356,1,331.37900000000013
Cc1ccc(Oc2ccc(Nc3ncnc4ccc(-c5cn(CCCCCC(=O)NO)nn5)cc34)cc2C)cn1,1000.0,6.0,1,538.6120000000004
Cc1ccc(Oc2ccc(Nc3ncnc4ccc(-c5cn(CCCCCCC(=O)NO)nn5)cc34)cc2C)cn1,1000.0,6.0,1,552.6390000000004
Cc1ccc(Oc2ccc(Nc3ncnc4cccc(OCC(=O)N(C)CCO)c34)cc2C)cn1,130.0,6.886056647693163,1,473.53300000000036
Cc1ccc(Oc2ccc(Nc3ncnc4cccc(O[C@@H](C)C(=O)N(C)C)c34)cc2C)cn1,30.0,7.522878745280337,1,457.5340000000003
Cc1ccc(Oc2ccc(Nc3ncnc4cccc(O[C@@H](C)C(=O)N(C)CCO)c34)cc2C)cn1,78.0,7.107905397309519,1,487.56000000000034
Cc1ccc(Oc2ccc(Nc3ncnc4cccc(O[C@@H](C)C(=O)N5CCOCC5)c34)cc2C)cn1,35.0,7.455931955649724,1,499.5710000000004
Cc1ccc(Oc2ccc(Nc3ncnc4cccc(O[C@H](C)C(=O)N(C)C)c34)cc2C)cn1,15.666666666666666,7.805023396783945,1,457.5340000000003
Cc1ccc(Oc2ccc(Nc3ncnc4cccc(O[C@H](C)C(=O)N(C)CCO)c34)cc2C)cn1,35.5,7.449771646944906,1,487.56000000000034
Cc1ccc(Oc2ccc(Nc3ncnc4cccc(O[C@H](C)C(=O)N5CCOCC5)c34)cc2C)cn1,22.0,7.657577319177793,1,499.5710000000004
Cc1ccc(Oc2ccc(Nc3ncnc4cccc(O[C@H](C)C(=O)N5CCOCC5)c34)cc2Cl)cn1,27.0,7.568636235841013,1,519.9890000000004
Cc1ccc(Oc2ccc(Nc3ncnc4cccc(O[C@H](C)C(=O)NCCO)c34)cc2C)cn1,200.0,6.698970004336019,1,473.5330000000003
Cc1ccc(S(=O)(=O)NC(=O)Cc2ccc(Br)cc2)cc1,20330.0,4.691862621361961,0,368.252
Cc1ccc(S(=O)(=O)NC(=O)Cc2ccc(Cl)cc2)cc1,15570.0,4.80771138743188,0,323.80100000000004
Cc1ccc(S(=O)(=O)NC(=O)Cc2ccc(F)cc2)cc1,10530.0,4.9775716288145135,0,307.346
Cc1ccc(S(=O)(=O)NC(=O)Cc2cccc(Br)c2)cc1,27890.0,4.55455148573395,0,368.252
Cc1ccc(S(=O)(=O)NC(=O)Cn2c([N+](=O)[O-])cnc2C)cc1,4760.0,5.3223930472795065,0,338.3450000000001
Cc1ccc(S(=O)(=O)O)cc1.Fc1cccc(COc2ccc(Nc3ncnc4ccc(-c5ccc(CN6CCNCC6)o5)cc34)cc2Cl)c1,12.3,7.910094888560602,1,716.2349999999998
Cc1ccc(S(=O)(=O)O)cc1.Fc1cccc(COc2ccc(Nc3ncnc4ccc(-c5ccc(CN6CCOCC6)o5)cc34)cc2Cl)c1,13.1,7.882728704344236,1,717.2189999999998
Cc1ccc(S(=O)(=O)O)cc1.NS(=O)(=O)CCNCc1ccc(-c2ccc3ncnc(Nc4ccc(OCc5cccc(F)c5)c(Cl)c4)c3c2)o1,3.9,8.4089353929735,1,754.2620000000002
Cc1ccc(S(=O)(=O)O)cc1.O=S(=O)(CCNCc1ccc(-c2ccc3ncnc(Nc4ccc(OCc5cccc(F)c5)c(Cl)c4)c3c2)o1)CC(F)(F)F,8.6,8.065501548756432,1,821.2710000000002
Cc1ccc(S(=O)(=O)c2ccc(C3C(C(=O)c4ccccc4)=C(N)NC4=C3C(=O)CC(C)(C)C4)cc2)cc1,0.34,9.468521082957745,1,526.6580000000004
Cc1ccc2c(C)nc(Nc3nc(O)cc(CSc4nnnn4-c4ccccc4)n3)nc2c1,6029.0,5.219754716134648,0,457.52300000000014
Cc1ccc2c(c1)/C(=C/c1[nH]c(C)cc1C)C(=O)N2,100000.0,4.0,0,252.31699999999998
Cc1ccc2c(c1)cc(C1C(C#N)=C(N)N(c3cccnc3)C3=C1C(=O)CCC3)c1nnnn12,14800.0,4.8297382846050425,0,448.49000000000024
Cc1cccc(-c2c(NC(=O)/C=C/CN(C)C)ccc3ncnc(Nc4ccc(OCc5cccc(F)c5)c(Cl)c4)c23)c1,14.89,7.827105302247824,1,596.1060000000002
Cc1cccc(-c2c(NC(=O)/C=C/CN(C)C)ccc3ncnc(Nc4ccc(OCc5ccccn5)c(Cl)c4)c23)c1,1.63,8.787812395596042,1,579.1040000000003
Cc1cccc(-c2c(NC(=O)/C=C/[C@H]3CCCN3C)ccc3ncnc(Nc4ccc(OCc5cccc(F)c5)c(Cl)c4)c23)c1,19.98,7.699404516110037,1,622.1440000000001
Cc1cccc(-c2c(NC(=O)/C=C/[C@H]3CCCN3C)ccc3ncnc(Nc4ccc(OCc5ccccn5)c(Cl)c4)c23)c1,4.74,8.324221658325914,1,605.142
Cc1cccc(-c2ccc3c(ccn3Cc3coc(/C=C/c4ccc(C(F)(F)F)cc4)n3)c2)c1,820.0,6.086186147616283,1,458.48300000000006
Cc1cccc(/C=N/NC2=NC(=O)CS2)c1,31780.0,4.497846107128639,0,233.296
Cc1cccc(C)c1NC(=O)/C(C#N)=C/c1ccc(O)c(O)c1,33942.21,4.469259883893475,0,308.33700000000005
Cc1cccc(CN(Cc2ccc(F)cc2)C(=O)Nc2ccccc2)c1O,38230.0,4.4175957019809715,0,364.4200000000001
Cc1cccc(CN(Cc2ccc(F)cc2)C(=S)Nc2ccccc2)c1O,15660.0,4.805208242278075,0,380.48800000000006
Cc1cccc(CN(Cc2ccc(O)cc2)C(=O)Nc2ccccc2)c1O,18430.0,4.734474664780926,0,362.4290000000001
Cc1cccc(CN(Cc2ccc(O)cc2)C(=S)Nc2ccccc2)c1O,7130.0,5.146910470148135,0,378.49700000000007
Cc1cccc(COc2ccc(Nc3ncnc4ccc5c(c34)OCCN5C(=O)/C=C/CN(C)C)cc2)c1,50.0,7.301029995663981,1,509.6100000000004
Cc1cccc(Cl)c1NC(=O)c1cnc(NC(=O)C2CC2)s1,25000.0,4.6020599913279625,0,335.81600000000014
Cc1cccc(Cl)c1Nc1nc2ccc(N3CCN[C@@H](C)C3)nc2n2cncc12,1000.0,6.0,1,407.90900000000016
Cc1cccc(NCc2coc(/C=C/c3ccc(C(F)(F)F)cc3)n2)c1,860.0,6.0655015487564325,1,358.363
Cc1cccc(Nc2ncnc3ccc(N(C)C(=O)N(CCCl)N=O)cc23)c1,6880.0,5.162411561764489,0,398.85400000000016
Cc1cccc(Nc2ncnc3ccc(N)cc23)c1,6390.0,5.1944991418416,0,250.30500000000004
Cc1cccc(Nc2ncnc3ccc(NC(=O)N(C)CCCl)cc23)c1,11800.0,4.928117992693875,0,369.85600000000017
Cc1cccc(Nc2ncnc3ccc(NC(=O)N(CCCl)N=O)cc23)c1,12180.0,4.914352711703144,0,384.8270000000002
Cc1cccc(Nc2ncnc3ccc(NC(=O)NCCCl)cc23)c1,2100.0,5.6777807052660805,0,355.8290000000001
Cc1cccc(Nc2ncnn3ccc(CN4CCC(N)CC4)c23)c1,5.0,8.301029995663981,1,336.44300000000015
Cc1cccc(Oc2ccc(Nc3ncnc4cc[nH]c34)cc2Cl)c1,4.6,8.337242168318426,1,350.8090000000001
Cc1cccc(Oc2ccc(Nc3ncnc4ccc(NC(=O)CN5CCN(C)CC5)cc34)cc2Cl)c1,5.4,8.267606240177031,1,517.0330000000004
Cc1cccc(Oc2ccc(Nc3ncnc4ccc5c(c34)OCCN5C(=O)/C=C/CN(C)C)cc2)c1,50.0,7.301029995663981,1,495.58300000000037
Cc1cccc2[nH]c(-c3n[nH]c4ncc(-c5cncc6ccccc56)cc34)nc12,1000.0,6.0,1,376.4230000000001
Cc1cccc2c1/C(=C/c1ccc(N(C)C)cc1)C(=O)N2,100000.0,4.0,0,278.355
Cc1cccc2c1/C(=C/c1ccc(N3CCN(C=O)CC3)cc1)C(=O)N2,100000.0,4.0,0,347.4180000000001
Cc1cccc2c1/C(=C/c1ccc(N3CCOCC3)cc1)C(=O)N2,66600.0,4.176525770829699,0,320.392
Cc1cccc2c1/C(=C/c1ccc[nH]1)C(=O)N2,100000.0,4.0,0,224.26300000000003
Cc1ccccc1-c1ccc2c(ccn2Cc2coc(/C=C/c3ccc(C(F)(F)F)cc3)n2)c1,13340.0,4.87484417041947,0,458.48300000000006
Cc1ccccc1-c1nnc(Cc2nc3ccccc3[nH]2)o1,46800.0,4.329754146925876,0,290.326
Cc1ccccc1COc1ccc(Nc2ncnc3ccc4c(c23)OCCN4C(=O)/C=C/CN(C)C)cc1,50.0,7.301029995663981,1,509.61000000000035
Cc1ccccc1NC(=O)CSc1nc2cc3ccccc3cc2c(=O)n1-c1ccc(S(N)(=O)=O)cc1,21.0,7.6777807052660805,1,530.6310000000003
Cc1ccccc1NCc1coc(/C=C/c2ccc(C(F)(F)F)cc2)n1,440.0,6.356547323513812,1,358.363
Cc1ccccc1Nc1ccnc2[nH]c3ccccc3c12,978.0,6.009661145212399,1,273.33900000000006
Cc1ccccc1Nc1ncnn2ccc(CN3CCC(N)CC3)c12,20.0,7.698970004336019,1,336.44300000000015
Cc1ccn2c(-c3ccnc(Nc4cccc(OCCN(C)C)c4)n3)c(-c3cccc(C(=O)Nc4c(F)cccc4F)c3)nc2c1,100.0,7.0,1,619.6760000000003
Cc1ccn2ncnc(Nc3ccc(F)c(Cl)c3)c12,1000.0,6.0,1,276.702
Cc1ccn2ncnc(Nc3ccc(OCc4cccc(F)c4)c(Cl)c3)c12,430.0,6.366531544420414,1,382.8260000000001
Cc1ccn2ncnc(Nc3ccc4[nH]ncc4c3)c12,1000.0,6.0,1,264.29200000000003
Cc1ccn2ncnc(Nc3ccc4c(cnn4Cc4cccc(F)c4)c3)c12,88.0,7.055517327849832,1,372.4070000000001
Cc1ccn2ncnc(Nc3ccc4c(cnn4Cc4ccccc4)c3)c12,110.0,6.958607314841775,1,354.4170000000001
Cc1ccn2ncnc(Nc3ccc4c(cnn4Cc4ccccn4)c3)c12,310.0,6.508638306165727,1,355.4050000000001
Cc1ccn2ncnc(Nc3ccc4c(cnn4Cc4cccnc4)c3)c12,250.0,6.6020599913279625,1,355.4050000000001
Cc1cn(CCN2CCN(c3ccccc3-c3cc(C#N)cc(C(=O)NCCCN4CCCC4)c3)CC2)c2ccccc12,20000.0,4.698970004336019,0,574.7730000000006
Cc1cnc(-c2cc(Cl)ccc2F)cc1-n1c(=O)n(CC(N)=O)c2cnccc21,5000.0,5.301029995663981,0,411.8240000000002
Cc1cncc(COc2ccc(Nc3ncnn4ccc(CN5CCC(N)CC5)c34)cc2Cl)c1,60.0,7.221848749616356,1,478.00000000000034
Cc1cncc(Cn2ncc3cc(Nc4ncnn5ccc(CN6CCC(N)CC6)c45)ccc32)c1,13.0,7.886056647693163,1,467.58100000000036
Cc1n[nH]c2ccc(-c3cc(N[C@@H](CO)c4ccccc4)cnc3-c3cc(Cl)ccc3O)cc12,1.0,9.0,1,470.9600000000002
Cc1n[nH]c2ccc(-c3cc(N[C@@H](CO)c4ccccc4)cnc3-c3cc(F)ccc3O)cc12,10.0,8.0,1,454.50500000000017
Cc1n[nH]c2ccc(-c3cc(N[C@@H](CO)c4ccccc4)cnc3-c3ccc(F)cc3O)cc12,1.0,9.0,1,454.50500000000017
Cc1n[nH]c2ccc(-c3cc(N[C@@H](CO)c4ccccc4)cnc3Cl)cc12,1000.0,6.0,1,378.8630000000001
Cc1nc(Nc2ncc(C(=O)Nc3c(C)cccc3Cl)s2)cc(N2CCN(CCO)CC2)n1,710.0,6.1487416512809245,1,488.01700000000034
Cc1ncc(C#N)c(Nc2ccc(OCc3ccccn3)c(Cl)c2)c1/C=C/c1ccc(CNCCS(C)(=O)=O)o1,10000.0,5.0,0,578.0940000000003
Cc1ncc(C#N)c(Nc2ccc(OCc3ccccn3)c(Cl)c2)c1/C=C/c1cccc(NC(=O)/C=C/CN(C)C)c1,10000.0,5.0,0,579.104
Cc1ncc([N+](=O)[O-])n1CC(=O)NS(=O)(=O)c1ccc(Br)cc1,3590.0,5.444905551421681,0,403.21400000000006
Cc1ncc([N+](=O)[O-])n1CC(=O)NS(=O)(=O)c1ccc(Cl)cc1,3410.0,5.467245621007502,0,358.76300000000003
Cc1ncc([N+](=O)[O-])n1CC(=O)NS(=O)(=O)c1ccc(F)cc1,1530.0,5.815308569182402,0,342.30800000000005
Cc1ncc([N+](=O)[O-])n1CC(=O)NS(=O)(=O)c1ccccc1,4210.0,5.375717904164332,0,324.31800000000004
Cc1ncc([N+](=O)[O-])n1CCOC(=O)/C=C/c1ccc(-c2ccccc2)cc1,2150.0,5.667561540084395,0,377.40000000000003
Cc1ncc([N+](=O)[O-])n1CCOC(=O)/C=C/c1ccc(Br)cc1,4650.0,5.3325470471100465,0,380.198
Cc1ncc([N+](=O)[O-])n1CCOC(=O)/C=C/c1ccc(C(C)C)cc1,9970.0,5.001304841688344,0,343.38300000000004
Cc1ncc([N+](=O)[O-])n1CCOC(=O)/C=C/c1ccc(Cl)cc1,4770.0,5.321481620959886,0,335.74699999999996
Cc1ncc([N+](=O)[O-])n1CCOC(=O)/C=C/c1ccc(F)cc1,5840.0,5.2335871528876,0,319.292
Cc1ncc([N+](=O)[O-])n1CCOC(=O)/C=C/c1ccc(OCc2ccccc2)cc1,3460.0,5.460923901207224,0,407.4260000000001
Cc1ncc([N+](=O)[O-])n1CCOC(=O)/C=C/c1ccc2ccccc2c1,9240.0,5.0343280287798935,0,351.362
Cc1ncc([N+](=O)[O-])n1CCOC(=O)/C=C/c1cccc(F)c1,16750.0,4.775985188627136,0,319.292
Cc1ncc([N+](=O)[O-])n1CCOC(=O)/C=C/c1cccc([N+](=O)[O-])c1,19340.0,4.713543530253017,0,346.29900000000004
Cc1ncc([N+](=O)[O-])n1CCOC(=O)/C=C/c1cccc2ccccc12,5030.0,5.298432014944073,0,351.362
Cc1ncc([N+](=O)[O-])n1CCOC(=O)/C=C/c1ccccc1,10780.0,4.96738123914928,0,301.30199999999996
Cc1ncc([N+](=O)[O-])n1CCOC(=O)/C=C/c1ccccc1Br,44850.0,4.348237552619889,0,380.198
Cc1ncc([N+](=O)[O-])n1CCOC(=O)/C=C/c1ccccc1Cl,36450.0,4.4383024673460065,0,335.74699999999996
Cc1ncc([N+](=O)[O-])n1CCOC(=O)/C=C/c1ccccc1F,41260.0,4.384470776362868,0,319.292
Cc1ncc([N+](=O)[O-])n1CCOC(=O)/C=C/c1ccccc1[N+](=O)[O-],40000.0,4.3979400086720375,0,346.29900000000004
Cc1ncnc(Nc2ccc(OCc3cccc(F)c3)c(Cl)c2)c1-c1cccc(CN2CCOCC2)c1,3750.0,5.425968732272281,0,519.0200000000003
Cc1ncnc(Nc2ccc(OCc3cccc(F)c3)c(Cl)c2)c1/C=C(\F)C(=O)NCCN1CCCC1,19.0,7.721246399047171,1,528.0030000000002
Cc1ncnc(Nc2ccc(OCc3cccc(F)c3)c(Cl)c2)c1/C=C(\F)C(=O)NCCN1CCOCC1,78.0,7.107905397309519,1,544.0020000000001
Cc1ncnc(Nc2ccc(OCc3cccc(F)c3)c(Cl)c2)c1/C=C(\F)C(=O)NCCS(C)(=O)=O,71.0,7.1487416512809245,1,536.9880000000002
Cc1ncnc(Nc2ccc(OCc3cccc(F)c3)c(Cl)c2)c1/C=C/C(=O)NCCN1CCOCC1,318.0,6.497572880015567,1,526.0120000000003
Cc1ncnc(Nc2ccc(OCc3cccc(F)c3)c(Cl)c2)c1/C=C/c1ccc(CN2CCOCC2)cc1,190.0,6.721246399047171,1,545.0580000000002
Cc1ncnc(Nc2ccc(OCc3cccc(F)c3)c(Cl)c2)c1/C=C/c1ccc(CNC(C)C)cc1,30.0,7.522878745280337,1,517.0480000000002
Cc1ncnc(Nc2ccc(OCc3cccc(F)c3)c(Cl)c2)c1/C=C/c1ccc(CNC2CC2)cc1,86.0,7.0655015487564325,1,515.0320000000003
Cc1ncnc(Nc2ccc(OCc3cccc(F)c3)c(Cl)c2)c1/C=C/c1ccc(CNCCS(C)(=O)=O)cc1,120.0,6.920818753952375,1,581.1130000000003
Cc1ncnc(Nc2ccc(OCc3cccc(F)c3)c(Cl)c2)c1/C=C/c1ccc(CNCCS(C)(=O)=O)o1,10000.0,5.0,0,571.0740000000003
Cc1ncnc(Nc2ccc(OCc3cccc(F)c3)c(Cl)c2)c1/C=C/c1cccc(NC(=O)/C=C/CN(C)C)c1,10000.0,5.0,0,572.084
Cc1ncnc(Nc2ccc(OCc3cccc(F)c3)c(Cl)c2)c1/C=N/OCCCN1CCOCC1,1800.0,5.7447274948966935,0,514.0010000000003
Cc1ncnc(Nc2ccc(OCc3cccc(F)c3)c(Cl)c2)c1/C=N/OCCN1CCOCC1,740.0,6.130768280269024,1,499.97400000000033
Cc1ncnc(Nc2ccc(OCc3cccc(F)c3)c(Cl)c2)c1C,140.0,6.853871964321762,1,357.81600000000003
Cc1ncnc(Nc2ccc(OCc3cccc(F)c3)c(Cl)c2)c1C#C/C=N/OCCN1CCOCC1,70.0,7.154901959985743,1,523.9960000000003
Cc1ncnc(Nc2ccc(OCc3cccc(F)c3)c(Cl)c2)c1C#CCCCN1CCCC1,95.0,7.022276394711152,1,478.99900000000036
Cc1ncnc(Nc2ccc(OCc3cccc(F)c3)c(Cl)c2)c1C#CCCCN1CCOCC1,150.0,6.823908740944319,1,494.9980000000004
Cc1ncnc(Nc2ccc(OCc3cccc(F)c3)c(Cl)c2)c1C#CCCN1CCOCC1,74.0,7.130768280269024,1,480.97100000000034
Cc1ncnc(Nc2ccc(OCc3cccc(F)c3)c(Cl)c2)c1C#CCCNCc1ccccc1,810.0,6.0915149811213505,1,501.0050000000002
Cc1ncnc(Nc2ccc(OCc3cccc(F)c3)c(Cl)c2)c1C#CCN1CCOCC1,5380.0,5.269217724333611,0,466.9440000000003
Cc1ncnc(Nc2ccc(OCc3cccc(F)c3)c(Cl)c2)c1C#CCOc1ccc(CNC(C)C)cc1,130.0,6.886056647693163,1,545.0580000000002
Cc1ncnc(Nc2ccc(OCc3cccc(F)c3)c(Cl)c2)c1C#Cc1ccc(CN(C)C)cc1,41.0,7.3872161432802645,1,501.0050000000002
Cc1ncnc(Nc2ccc(OCc3cccc(F)c3)c(Cl)c2)c1C#Cc1ccc(CN2CCCC2)c(F)c1,62.0,7.2076083105017466,1,545.0330000000004
Cc1ncnc(Nc2ccc(OCc3cccc(F)c3)c(Cl)c2)c1C#Cc1ccc(CN2CCCC2)cc1,41.0,7.3872161432802645,1,527.0430000000003
Cc1ncnc(Nc2ccc(OCc3cccc(F)c3)c(Cl)c2)c1C#Cc1ccc(CN2CCCC2)o1,140.0,6.853871964321762,1,517.0040000000004
Cc1ncnc(Nc2ccc(OCc3cccc(F)c3)c(Cl)c2)c1C#Cc1ccc(CN2CCCC2)s1,180.0,6.7447274948966935,1,533.0720000000003
Cc1ncnc(Nc2ccc(OCc3cccc(F)c3)c(Cl)c2)c1C#Cc1ccc(CN2CCOCC2)cc1,440.0,6.356547323513812,1,543.0420000000003
Cc1ncnc(Nc2ccc(OCc3cccc(F)c3)c(Cl)c2)c1C#Cc1ccc(CNC(C)C)cc1,18.0,7.7447274948966935,1,515.0320000000003
Cc1ncnc(Nc2ccc(OCc3cccc(F)c3)c(Cl)c2)c1C#Cc1ccc(CNCCS(C)(=O)=O)cc1,220.0,6.657577319177793,1,579.0970000000003
Cc1ncnc(Nc2ccc(OCc3cccc(F)c3)c(Cl)c2)c1C#Cc1ccc(CNCCS(C)(=O)=O)o1,10000.0,5.0,0,569.0580000000003
Cc1ncnc(Nc2ccc(OCc3cccc(F)c3)c(Cl)c2)c1C#Cc1cccc(CN(C)C)c1,73.0,7.136677139879544,1,501.0050000000002
Cc1ncnc(Nc2ccc(OCc3cccc(F)c3)c(Cl)c2)c1C#Cc1ccccc1,750.0,6.1249387366083,1,443.9090000000001
Cc1ncnc(Nc2ccc(OCc3cccc(F)c3)c(Cl)c2)c1C#Cc1ncc(CN2CCCC2)s1,110.0,6.958607314841775,1,534.0600000000003
Cc1ncsc1-c1ccc(CNC(=O)[C@@H]2C[C@@H](O)CN2C(=O)[C@@H](NC(=O)COCCN2CCN(Cc3ccc(-c4cc5c(NCc6ccccc6Cl)ncnc5[nH]4)cc3)CC2)C(C)(C)C)cc1,1500.0,5.823908740944319,0,947.6069999999997
Cc1ncsc1-c1ccc(CNC(=O)[C@@H]2C[C@@H](O)CN2C(=O)[C@@H](NC(=O)COCCOCCN2CCN(Cc3ccc(-c4cc5c(NCc6ccccc6Cl)ncnc5[nH]4)cc3)CC2)C(C)(C)C)cc1,1800.0,5.7447274948966935,0,991.6599999999995
Cc1ncsc1-c1ccc(CNC(=O)[C@@H]2C[C@@H](O)CN2C(=O)[C@@H](NC(=O)COCCOCCOCCN2CCN(Cc3ccc(-c4cc5c(NCc6ccccc6Cl)ncnc5[nH]4)cc3)CC2)C(C)(C)C)cc1,1200.0,5.920818753952375,0,1035.7129999999995
Cc1ncsc1-c1ccc(CNC(=O)[C@@H]2C[C@@H](O)CN2C(=O)[C@@H](NC(=O)COCCOCCOCCOCCN2CCN(Cc3ccc(-c4cc5c(NCc6ccccc6Cl)ncnc5[nH]4)cc3)CC2)C(C)(C)C)cc1,2300.0,5.638272163982407,0,1079.7659999999992
Cc1ncsc1-c1ccc(CNC(=O)[C@@H]2C[C@@H](O)CN2C(=O)[C@@H](NC(=O)COCCOCCOCCOCCOCCN2CCN(Cc3ccc(-c4cc5c(NCc6ccccc6Cl)ncnc5[nH]4)cc3)CC2)C(C)(C)C)cc1,1500.0,5.823908740944319,0,1123.818999999999
Cc1ncsc1-c1ccc(CNC(=O)[C@@H]2C[C@@H](O)CN2C(=O)[C@@H](NC(=O)COCCOCCOCCOc2ccc(-c3cc4c(NCc5ccccc5Cl)ncnc4[nH]3)cc2)C(C)(C)C)cc1,11000.0,4.958607314841775,0,953.5629999999999
Cc1ncsc1-c1ccc(CNC(=O)[C@@H]2C[C@@H](O)CN2C(=O)[C@@H](NC(=O)COCCOCCOc2ccc(-c3cc4c(NCc5ccccc5Cl)ncnc4[nH]3)cc2)C(C)(C)C)cc1,19000.0,4.721246399047171,0,909.5099999999999
Cc1nn(-c2ccc(F)cc2)c2c(Nc3ccc(F)c(Cl)c3)ncnc12,250.0,6.6020599913279625,1,371.7780000000001
Cc1nn(-c2ccc(F)cc2)c2ncnc(Nc3ccc(F)c(Cl)c3)c12,254.0,6.5951662833800615,1,371.7780000000001
Cc1nn(-c2ccccc2)c2nc(CC(=O)N3NC(=O)/C(=C\c4ccccc4)N=C3c3ccccc3)[nH]c(=O)c12,872.3,6.059334127524171,1,529.5600000000001
Cc1nnc(-c2cn3ncnc(Nc4cnc5[nH]ccc5c4)c3c2C(C)C)o1,500.0,6.301029995663981,1,374.4080000000002
Cc1sc(C(=O)N[C@@H]2[C@H](N)CCCC2(F)F)cc1-c1cnn2cc(Cl)cnc12,100000.0,4.0,0,425.89200000000005
Clc1cc(Nc2ncnc3[nH]nc(OCCCN4CCOCC4)c23)ccc1OCc1ccccn1,220.5,6.656591406196142,1,495.97100000000034
Clc1cc(Nc2ncnc3[nH]nc(OCCN4CCCC4)c23)ccc1OCc1ccccn1,410.0,6.3872161432802645,1,465.94500000000033
Clc1cc(Nc2ncnc3[nH]nc(OCCN4CCCCCO4)c23)ccc1OCc1ccccn1,74.5,7.127843727251707,1,495.9710000000004
Clc1cc(Nc2ncnc3[nH]nc(OCCN4CCNCC4)c23)ccc1OCc1ccccn1,65.5,7.183758700008217,1,480.9600000000003
Clc1cc(Nc2ncnc3[nH]nc(OCCN4CCOCC4)c23)ccc1OCc1ccccn1,1.0,9.0,1,481.94400000000036
Clc1cc(Nc2ncnc3cc[nH]c23)ccc1OCc1ccccn1,22.0,7.657577319177793,1,351.79700000000014
Clc1cc(Nc2ncnc3cc[nH]c23)ccc1Oc1ccccc1,16.0,7.795880017344075,1,336.7820000000001
Clc1cc(Nc2ncnc3cccc(OC4CCOCC4)c23)ccc1OCc1ccccn1,24.0,7.619788758288394,1,462.9370000000003
Clc1cc(Nc2ncnc3ccsc23)ccc1-c1nc2ccccc2s1,10000.0,5.0,0,394.91200000000015
Clc1cc(Nc2ncnc3nn4ccccc4c23)ccc1OCc1ccccc1,200.0,6.698970004336019,1,401.8570000000002
Clc1ccc(-c2nnc(Cc3nc4ccc(Cl)cc4[nH]3)o2)c(Cl)c1,52600.0,4.279014255846261,0,379.634
Clc1ccc(-c2nnc(Cc3nc4ccc(Cl)cc4[nH]3)o2)cc1,2500.0,5.6020599913279625,0,345.189
Clc1ccc(-c2nnc(Cc3nc4ccccc4[nH]3)o2)c(Cl)c1,4700.0,5.327902142064283,0,345.1890000000001
Clc1ccc(-c2nnc(Cc3nc4ccccc4[nH]3)o2)cc1,610.0,6.214670164989233,1,310.744
Clc1ccc(C2=NN(c3ccccc3)C(c3ccc4ccccc4c3)C2)cc1,1460.0,5.835647144215563,0,382.8940000000002
Clc1ccc(C2=NN(c3ccccc3)C(c3ccc4ccccc4c3)C2)cc1Cl,1020.0,5.991399828238082,0,417.33900000000017
Clc1ccc(C2=NN(c3ccccc3)C(c3cccc4ccccc34)C2)cc1,3070.0,5.512861624522814,0,382.8940000000002
Clc1ccc(C2=NN(c3ccccc3)C(c3cccc4ccccc34)C2)cc1Cl,1980.0,5.703334809738469,0,417.33900000000017
Clc1ccc(C2=NN(c3nc(-c4ccc(Br)cc4)cs3)C(c3ccc4c(c3)OCO4)C2)cc1,2380.0,5.623423042943488,0,538.8540000000003
Clc1ccc(COC(Cn2ccnc2)c2ccc(Cl)cc2Cl)c(Cl)c1,27430.0,4.561774192395471,0,416.1350000000001
Clc1ccc(COC(Cn2ccnc2)c2ccc(Cl)cc2Cl)cc1,13904.0,4.856860240895409,0,381.69000000000005
Clc1ccc(Nc2ccnc3[nH]c4ccccc4c23)cc1,310.0,6.508638306165727,1,293.75700000000006
Clc1ccc2cc(-c3ccncc3)cnc2c1,10000.0,5.0,0,240.693
Clc1ccc2nc(Cc3nnc(-c4ccccc4Cl)o3)[nH]c2c1,45700.0,4.34008379993015,0,345.189
Clc1cccc(Nc2ccnc3[nH]c4ccc(Br)cc4c23)c1,1150.0,5.939302159646388,0,372.6530000000001
Clc1cccc(Nc2ccnc3[nH]c4ccccc4c23)c1,66.0,7.180456064458132,1,293.75700000000006
Clc1cccc(Nc2ncnc3ccc(NCc4ccc5c(c4)OCCCCO5)cc23)c1,10000.0,5.0,0,446.93800000000033
Clc1cccc(Nc2ncnc3ccc(NCc4ccc5c(c4)OCO5)cc23)c1,6500.0,5.187086643357144,0,404.8570000000002
Clc1cccc(Oc2ccc(Nc3ncnc4cc[nH]c34)cc2Cl)c1,8.3,8.080921907623926,1,371.2270000000001
Clc1ccccc1-c1nnc(Cc2nc3ccccc3[nH]2)o1,6500.0,5.187086643357144,0,310.74399999999997
Clc1ccccc1C(c1ccccc1)(c1ccccc1)n1ccnc1,66405.0,4.177799218965471,0,344.845
Clc1ccccc1Oc1ccc(Nc2ncnc3cc[nH]c23)cc1Cl,11.0,7.958607314841775,1,371.2270000000001
Cn1c(=O)c(S(=O)(=O)c2ccc(F)cc2F)cc2cnc(Nc3ccc4[nH]ccc4c3)nc21,10000.0,5.0,0,467.4570000000001
Cn1c2c(c3ccc(Cl)c(Cl)c31)C(C#N)C1(CCNCC1)NC2=O,10000.0,5.0,0,363.24800000000016
Cn1cc(-c2ccc3c(Nc4cccc(NC(=O)Nc5cccc(F)c5)c4)ncnc3c2)cn1,2000.0,5.698970004336019,0,453.4810000000001
Cn1cc(-c2ccc3ncnc(Nc4ccc(F)c(Cl)c4)c3c2)cn1,676.0,6.170053304058364,1,353.788
Cn1cc(-c2ccc3ncnc(Nc4ccc5ncccc5c4)c3c2)cn1,874.0,6.058488567365597,1,352.40100000000007
Cn1cc(-c2cccc(Nc3nccc(-c4c(-c5cccc(C(=O)Nc6c(F)cccc6F)c5)nc5ccccn45)n3)c2)cn1,100.0,7.0,1,598.6170000000001
Cn1cc(-c2cnc(Nc3cccc(Cn4nc(-c5cnn(C)c5)ccc4=O)c3)nc2)cn1,1000.0,6.0,1,439.4830000000001
Cn1cc(-c2cnc3c(-c4csc(C(=O)NCC(F)(F)F)c4)cnn3c2)cn1,100000.0,4.0,0,406.39300000000003
Cn1cc(-c2cnc3c(-c4csc(C(=O)N[C@@H]5CCCC[C@@H]5N)c4)cnn3c2)cn1,1000.0,6.0,1,421.5300000000002
Cn1cc(Cl)c(/C=C2\C(=O)Nc3ccccc32)n1,100000.0,4.0,0,259.696
Cn1ccc2ncnc(Nc3ccc(Oc4cccc(C(F)(F)F)c4)c(Cl)c3)c21,11.0,7.958607314841775,1,418.8060000000001
Cn1ccc2ncnc(Nc3ccc(Oc4cccc(Cl)c4)c(Cl)c3)c21,3.3,8.481486060122112,1,385.2540000000001
Cn1ccc2ncnc(Nc3ccc(Oc4cccc(OC(F)(F)F)c4)c(Cl)c3)c21,17.0,7.769551078621726,1,434.8050000000001
Cn1ccc2ncnc(Oc3ccc(NC(=O)Nc4cccc(C(F)(F)F)c4)c(F)c3)c21,10000.0,5.0,0,445.37600000000015
Cn1cccc1/C=C1\C(=O)Nc2ccccc21,100000.0,4.0,0,224.263
Cn1ccnc1S(=O)(=O)CCNCc1ccc(-c2ccc3ncnc(Nc4ccc(OCc5cccc(F)c5)c(C(F)(F)F)c4)c3c2)o1,26.0,7.585026652029182,1,680.6840000000003
Cn1nc(C(C)(C)C)cc1NC(=O)Nc1ccc(Cc2ccncc2)cc1,4.2,8.3767507096021,1,363.4650000000001
Cn1ncc2c(Oc3ccc(Nc4ncnc5ccn(CCO)c45)cc3Cl)cccc21,2.1,8.67778070526608,1,434.8870000000002
Cn1ncc2cc(Nc3ncnn4ccc(CN5CCC(N)CC5)c34)ccc21,360.0,6.443697499232712,1,376.4680000000002
Cn1ncc2cc(Nc3ncnn4ccc(COC[C@@H]5CNCCO5)c34)ccc21,1000.0,6.0,1,393.4510000000002
FC(F)(F)Oc1cccc(Oc2ccc(Nc3ncnc4cc[nH]c34)cc2Cl)c1,41.0,7.3872161432802645,1,420.77800000000013
FC(F)(F)Oc1ccccc1Oc1ccc(Nc2ncnc3cc[nH]c23)cc1Cl,55.0,7.259637310505756,1,420.77800000000013
FC(F)(F)c1c[nH]c(-c2n[nH]cc2/C=C/c2cccnc2)n1,100000.0,4.0,0,305.26300000000003
FC(F)(F)c1c[nH]c(-c2n[nH]cc2/C=C/c2cncc3ccccc23)n1,32730.0,4.485053994691996,0,355.3230000000001
FC(F)(F)c1ccc(/C=C/c2nc(CNc3ccc(Br)cc3)co2)cc1,30.0,7.522878745280337,1,423.2320000000001
FC(F)(F)c1ccc(/C=C/c2nc(CNc3ccc(Cl)cc3)co2)cc1,1290.0,5.889410289700751,0,378.78100000000006
FC(F)(F)c1ccc(/C=C/c2nc(CNc3cccc(Br)c3)co2)cc1,230.0,6.638272163982407,1,423.2320000000001
FC(F)(F)c1ccc(/C=C/c2nc(CNc3cccc(Cl)c3)co2)cc1,2010.0,5.696803942579511,0,378.78100000000006
FC(F)(F)c1ccc(/C=C/c2nc(CNc3ccccc3)co2)cc1,5300.0,5.275724130399211,0,344.33600000000007
FC(F)(F)c1ccc(/C=C/c2nc(CNc3ccccc3Br)co2)cc1,1070.0,5.97061622231479,0,423.2320000000001
FC(F)(F)c1ccc(/C=C/c2nc(CNc3ccccc3Cl)co2)cc1,2790.0,5.554395796726403,0,378.78100000000006
FC(F)(F)c1ccc(/C=C/c2nc(COc3ccc(CCCCn4ccnn4)cc3)co2)cc1,160.33333333333334,6.794976178345831,1,468.47900000000027
FC(F)(F)c1ccc(/C=C/c2nc(Cn3ccc4cc(-c5ccc(Br)cc5)ccc43)co2)cc1,4860.0,5.313363730737707,0,523.3520000000002
FC(F)(F)c1ccc(/C=C/c2nc(Cn3ccc4cc(-c5ccc(Cl)cc5)ccc43)co2)cc1,3580.0,5.446116973356125,0,478.9010000000001
FC(F)(F)c1ccc(/C=C/c2nc(Cn3ccc4cc(-c5cccc(Br)c5)ccc43)co2)cc1,250.0,6.6020599913279625,1,523.3520000000002
FC(F)(F)c1ccc(/C=C/c2nc(Cn3ccc4cc(-c5cccc(Cl)c5)ccc43)co2)cc1,2250.0,5.647817481888637,0,478.9010000000001
FC(F)(F)c1ccc(/C=C/c2nc(Cn3ccc4cc(-c5ccccc5)ccc43)co2)cc1,7590.0,5.11975822410452,0,444.45600000000013
FC(F)(F)c1ccc(/C=C/c2nc(Cn3ccc4cc(-c5ccccc5Br)ccc43)co2)cc1,9280.0,5.032452023781138,0,523.3520000000002
FC(F)(F)c1ccc(/C=C/c2nc(Cn3ccc4cc(-c5ccccc5Cl)ccc43)co2)cc1,10230.0,4.99012436628784,0,478.9010000000001
FC(F)(F)c1cccc(Oc2ccc(Nc3ncnc4cc[nH]c34)cc2Cl)c1,30.0,7.522878745280337,1,404.7790000000001
FC(F)(F)c1ccccc1Oc1ccc(Nc2ncnc3cc[nH]c23)cc1Cl,120.0,6.920818753952375,1,404.7790000000001
Fc1cc(-c2nc3ccccc3s2)ccc1Nc1ncnc2ccsc12,10000.0,5.0,0,378.4570000000001
Fc1ccc(-c2ccc3c(ccn3Cc3coc(/C=C/c4ccc(C(F)(F)F)cc4)n3)c2)cc1,5260.0,5.279014255846261,0,462.4460000000001
Fc1ccc(-c2csc(N3N=C(c4ccc(N5CCOCC5)cc4)CC3c3ccc(Cl)cc3)n2)cc1,6960.0,5.157390760389438,0,519.0450000000004
Fc1ccc(-c2nn3ccccc3c2-c2ccncc2)cc1,10000.0,5.0,0,289.31300000000005
Fc1ccc(C2=NN(c3ccccc3)C(c3ccc4ccccc4c3)C2)cc1,2010.0,5.696803942579511,0,366.43900000000014
Fc1ccc(C2=NN(c3ccccc3)C(c3cccc4ccccc34)C2)cc1,3590.0,5.444905551421681,0,366.4390000000002
Fc1ccc(NCc2coc(/C=C/c3ccc(C(F)(F)F)cc3)n2)cc1,2170.0,5.663540266151471,0,362.326
Fc1ccc(Nc2ncnc3ccc(-c4cnn(C5CCNCC5)c4)cc23)cc1Cl,1202.0,5.92009553233328,0,422.8950000000002
Fc1ccc(Nc2ncnc3nn4ccccc4c23)cc1Cl,10000.0,5.0,0,313.72300000000007
Fc1cccc(-c2ccc3c(ccn3Cc3coc(/C=C/c4ccc(C(F)(F)F)cc4)n3)c2)c1,1940.0,5.7121982700697735,0,462.446
Fc1cccc(COc2ccc(Nc3cc(-c4ccccc4)ncn3)cc2Cl)c1,6300.0,5.200659450546418,0,405.8600000000001
Fc1cccc(COc2ccc(Nc3cc(-c4cccnc4)ncn3)cc2Cl)c1,100000.0,4.0,0,406.84800000000007
Fc1cccc(COc2ccc(Nc3cc(-c4ccsc4)ncn3)cc2Cl)c1,36000.0,4.443697499232712,0,411.8890000000001
Fc1cccc(COc2ccc(Nc3cc(N4CCCC4)ncn3)cc2Cl)c1,100000.0,4.0,0,398.86900000000014
Fc1cccc(COc2ccc(Nc3cc(Oc4cccc(NCc5ccccc5)c4)ncn3)cc2Cl)c1,10000.0,5.0,0,526.9990000000001
Fc1cccc(COc2ccc(Nc3cc(Oc4ccccc4)ncn3)cc2Cl)c1,100000.0,4.0,0,421.85900000000004
Fc1cccc(COc2ccc(Nc3ccncn3)cc2Cl)c1,23000.0,4.638272163982407,0,329.76200000000006
Fc1cccc(COc2ccc(Nc3ncnc4cc(-c5ccc[nH]5)sc34)cc2Cl)c1,473.5,6.324680016660707,1,450.92600000000016
Fc1cccc(COc2ccc(Nc3ncnc4cc(-c5ccco5)sc34)cc2Cl)c1,709.0,6.149353764816934,1,451.9100000000002
Fc1cccc(COc2ccc(Nc3ncnc4cc(-c5cccs5)sc34)cc2Cl)c1,113.0,6.94692155651658,1,467.9780000000002
Fc1cccc(COc2ccc(Nc3ncnc4cc(C#C[C@@H]5CCCN5)sc34)cc2Cl)c1,54.0,7.267606240177032,1,478.98000000000025
Fc1cccc(COc2ccc(Nc3ncnc4cc(C#C[C@H]5CCCN5)sc34)cc2Cl)c1,13.0,7.886056647693163,1,478.98000000000025
Fc1cccc(COc2ccc(Nc3ncnc4cc[nH]c34)cc2Cl)c1,13.0,7.886056647693163,1,368.7990000000001
Fc1cccc(COc2ccc(Nc3ncnc4ccc(NC(=S)NCCCN5CCOCC5)cc34)cc2Cl)c1,12.1,7.91721462968355,1,581.1170000000004
Fc1cccc(COc2ccc(Nc3ncnc4ccc(NC(=S)NCCN5CCCCC5)cc34)cc2Cl)c1,40.6,7.391473966422806,1,565.1180000000004
Fc1cccc(COc2ccc(Nc3ncnc4ccc(NC(=S)NCCN5CCOCC5)cc34)cc2Cl)c1,33.1,7.480172006224281,1,567.0900000000004
Fc1cccc(COc2ccc(Nc3ncnc4nn5ccccc5c34)cc2Cl)c1,63.0,7.200659450546418,1,419.8470000000001
Fc1cccc(COc2ccc(Nc3ncnc4sc(-c5ccc(CNCc6ccccc6)o5)cc34)cc2Cl)c1,898.0,6.0467236633326955,1,571.0770000000002
Fc1cccc(COc2ccc(Nc3ncnc4sc(-c5ccc[nH]5)cc34)cc2Cl)c1,203.0,6.692503962086787,1,450.92600000000016
Fc1cccc(COc2ccc(Nc3ncnc4sc(-c5ccco5)cc34)cc2Cl)c1,14.0,7.853871964321762,1,451.9100000000002
Fc1cccc(COc2ccc(Nc3ncnc4sc(-c5cccs5)cc34)cc2Cl)c1,43.0,7.366531544420414,1,467.9780000000002
Fc1cccc(COc2ccc(Nc3ncncc3C#Cc3cc[nH]n3)cc2Cl)c1,66.0,7.180456064458132,1,419.8470000000001
Fc1cccc(COc2ccc(Nc3ncncc3C#Cc3ccccc3)cc2Cl)c1,780.0,6.107905397309519,1,429.8820000000002
Fc1cccc(COc2ccc(Nc3ncncc3C#Cc3ccccn3)cc2Cl)c1,55.0,7.259637310505756,1,430.8700000000001
Fc1cccc(COc2ccc(Nc3ncncc3C#Cc3cccnc3)cc2Cl)c1,140.0,6.853871964321762,1,430.8700000000001
Fc1cccc(COc2ccc(Nc3ncncc3C#Cc3ncccn3)cc2Cl)c1,60.0,7.221848749616356,1,431.8580000000002
Fc1cccc(COc2ccc(Nc3ncnn4ccc(CN5CCCNCC5)c34)cc2Cl)c1,41.0,7.3872161432802645,1,480.97500000000036
Fc1cccc(COc2ccc(Nc3ncnn4ccc(COC[C@@H]5CNCCO5)c34)cc2Cl)c1,560.0,6.251811972993799,1,497.9580000000004
Fc1cccc(Cn2ncc3cc(Nc4ncnn5ccc(CN6CCCC6)c45)ccc32)c1,360.0,6.443697499232712,1,441.51400000000035
Fc1cccc(Cn2ncc3cc(Nc4ncnn5ccc(CN6CCCNCC6)c45)ccc32)c1,27.0,7.568636235841013,1,470.5560000000004
Fc1cccc(Cn2ncc3cc(Nc4ncnn5ccc(CN6CCNCC6)c45)ccc32)c1,81.0,7.0915149811213505,1,456.52900000000034
Fc1cccc(Cn2ncc3cc(Nc4ncnn5ccc(CNC6CCNCC6)c45)ccc32)c1,76.0,7.119186407719209,1,470.5560000000003
Fc1cccc(Cn2ncc3cc(Nc4ncnn5ccc(COC6CCNCC6)c45)ccc32)c1,70.0,7.154901959985743,1,471.54000000000036
Fc1cccc(Cn2ncc3cc(Nc4ncnn5ccc(COCC6CCNCC6)c45)ccc32)c1,120.0,6.920818753952375,1,485.5670000000004
Fc1cccc(Cn2ncc3cc(Nc4ncnn5ccc(COCC6CNCCOC6)c45)ccc32)c1,140.0,6.853871964321762,1,501.56600000000043
Fc1cccc(Cn2ncc3cc(Nc4ncnn5ccc(COC[C@@H]6CNCCO6)c45)ccc32)c1,55.0,7.259637310505756,1,487.5390000000004
Fc1cccc(Cn2ncc3cc(Nc4ncnn5ccc(COC[C@@H]6COCCN6)c45)ccc32)c1,590.0,6.229147988357855,1,487.5390000000004
Fc1cccc(Cn2ncc3cc(Nc4ncnn5ccc(COC[C@H]6CCCNC6)c45)ccc32)c1,170.0,6.769551078621726,1,485.5670000000004
Fc1cccc(Cn2ncc3cc(Nc4ncnn5ccc(COC[C@H]6CNCCO6)c45)ccc32)c1,60.0,7.221848749616356,1,487.5390000000004
Fc1cccc(NCc2coc(/C=C/c3ccc(C(F)(F)F)cc3)n2)c1,8630.0,5.06398920428479,0,362.326
Fc1cccc(Oc2ccc(Nc3ncnc4cc[nH]c34)cc2Cl)c1,20.0,7.698970004336019,1,354.77200000000005
Fc1ccccc1-c1ccc2c(ccn2Cc2coc(/C=C/c3ccc(C(F)(F)F)cc3)n2)c1,12140.0,4.915781313260761,0,462.4460000000001
Fc1ccccc1NCc1coc(/C=C/c2ccc(C(F)(F)F)cc2)n1,5790.0,5.2373214362725635,0,362.326
Fc1ccccc1Oc1ccc(Nc2ncnc3cc[nH]c23)cc1Cl,9.3,8.031517051446064,1,354.77200000000005
N#C/C(=C\c1cc(O)c(O)c(CSCc2ccccc2)c1)C(N)=O,1023.29,5.990001269951939,0,340.40400000000005
N#C/C(=C\c1ccc(O)c(O)c1)C(=O)N1CCN(c2ccccc2)CC1,49000.0,4.309803919971486,0,349.3900000000001
N#C/C(=C\c1ccc(O)c(O)c1)C(=O)N1CCc2ccccc21,4898.895,5.309901868853383,0,306.32099999999997
N#C/C(=C\c1ccc(O)c(O)c1)C(=O)NC1CCCCC1,16991.22,4.769775436890474,0,286.3310000000001
N#C/C(=C\c1ccc(O)c(O)c1)C(=O)NCCCCc1ccccc1,500395.74333333335,3.3006863933325494,0,336.391
N#C/C(=C\c1ccc(O)c(O)c1)C(=O)NCCCc1ccccc1,34891.23,4.45728372035421,0,322.364
N#C/C(=C\c1ccc(O)c(O)c1)C(=O)NCCc1ccccc1,22969.559999999998,4.638847323977907,0,308.337
N#C/C(=C\c1ccc(O)c(O)c1)C(=O)NCc1ccc(O)cc1,2884.03,5.540000226349733,0,310.309
N#C/C(=C\c1ccc(O)c(O)c1)C(=O)NCc1ccccc1,13496.543333333333,4.869777446577885,0,294.31
N#C/C(=C\c1ccc(O)c(O)c1)C(=O)Nc1cccc(C(F)(F)F)c1,16000.0,4.795880017344075,0,348.28000000000003
N#C/C(=C\c1ccc(O)c(O)c1)C(=O)Nc1ccccc1,41895.64666666667,4.377831101779952,0,280.283
N#C/C(=C\c1ccc(O)c(O)c1)C(=O)Nc1ccccc1Cl,57271.994999999995,4.242057688505303,0,314.72800000000007
N#C/C(=C\c1ccc(O)c(O)c1)C(=O)c1ccc(F)cc1,13241.25,4.878071014709184,0,283.258
N#C/C(=C\c1ccc(O)c(O)c1)C(=O)c1ccc(O)c(O)c1,17491.22,4.7571798977374735,0,297.266
N#C/C(=C\c1ccc(O)c(O)c1)C(=O)c1ccc([N+](=O)[O-])cc1,3009.975,5.521437111518162,0,310.26500000000004
N#C/C(=C\c1ccc(O)c(O)c1)C(=O)c1ccccc1,18098.504999999997,4.742357297896877,0,265.268
N#C/C(=C\c1ccc(O)c(O)c1)C(=O)c1ccccc1Cl,12011.32,4.92040926260418,0,299.71299999999997
N#C/C(=C\c1ccc(O)c(O)c1)C(=O)c1cccs1,34891.23,4.45728372035421,0,271.29699999999997
N#C/C(=C\c1ccc(O)c(O)c1)C(N)=O,6428.27,5.191905890302048,0,204.18499999999997
N#C/C(=C\c1ccc(O)c(O)c1)C(N)=S,5700.0,5.2441251443275085,0,220.253
N#C/C(=C\c1cccc(-c2cccc3[nH]ncc23)c1)C(N)=O,2050.0,5.688246138944246,0,288.31000000000006
N#CC(C#N)=CNc1ccc2ncnc(Nc3ccc(OCc4cccc(F)c4)c(Cl)c3)c2c1,2720.0,5.565431095965801,0,470.89500000000027
N#CC(C#N)=CNc1ccc2ncnc(Nc3ccc(OCc4ccccn4)c(Cl)c3)c2c1,8000.0,5.096910013008056,0,453.8930000000002
N#CC(C#N)=CNc1ccc2ncnc(Nc3ccc(Oc4ccc(Cl)c(Cl)c4)c(Cl)c3)c2c1,10000.0,5.0,0,507.7680000000003
N#CC1=C(N)N(c2cccnc2)C2=C(C(=O)CCC2)C1c1cc2cc(Cl)ccc2n2nnnc12,19300.0,4.714442690992226,0,468.90800000000013
N#CC1=C(N)N(c2cccnc2)C2=C(C(=O)CCC2)C1c1cc2ccccc2n2nnnc12,5200.0,5.2839966563652006,0,434.4630000000001
N#CCC(=O)N/N=C1\C(=O)Nc2ccc(S(=O)(=O)N3CCOCC3)cc21,240.0,6.619788758288394,1,377.38200000000023
N#CCC(=O)Nc1cccc(Oc2cc(Nc3ccc(OCc4cccc(F)c4)c(Cl)c3)ncn2)c1,38.0,7.42021640338319,1,503.92100000000016
N#CCNC(=O)c1ccc(-c2ccnc(Nc3ccc(N4CCOCC4)cc3)n2)cc1,1000.0,6.0,1,414.4690000000002
N#CCNCc1ccc(-c2cc3ncnc(Nc4ccc(OCc5cccc(F)c5)c(Cl)c4)c3s2)o1,68.0,7.167491087293763,1,519.9890000000001
N#CN[C@H]1CCc2ccc(-c3ncnc4[nH]cc(-c5cccc(CO)c5)c34)cc21,10000.0,5.0,0,381.43900000000014
N#CN[C@H]1CCc2ccc(-c3ncnc4[nH]ccc34)cc21,10000.0,5.0,0,275.31500000000005
N#CN[C@H]1C[C@@H](NS(=O)(=O)c2cccc(F)c2)c2ccc(-c3ncnc4[nH]ccc34)cc21,10000.0,5.0,0,448.4830000000002
N#Cc1c(N)ncnc1Nc1ccc(OCc2ccccc2)c(Cl)c1,470.0,6.327902142064283,1,351.797
N#Cc1c(NC(=O)CNc2n[nH]c3ncccc23)sc2c1CCCC2,0.14,9.853871964321762,1,352.42300000000023
N#Cc1c(NC(=O)c2cccc3ccccc23)sc2c1CCCC2,10000.0,5.0,0,332.4280000000002
N#Cc1c(NC(=O)c2cccc3ccccc23)sc2c1CCCN2C(=O)C1CC1,10000.0,5.0,0,401.4910000000003
N#Cc1c(Oc2ccc(F)c(NC(=O)Cc3cccc(C(F)(F)F)c3)c2)ccc2nc(NC(=O)C3CC3)sc12,10000.0,5.0,0,554.5250000000001
N#Cc1c[nH]c(-c2n[nH]cc2/C=C/c2cccnc2)n1,100000.0,4.0,0,262.276
N#Cc1cc2ncnc(Nc3ccc(Oc4cccc(C(F)(F)F)c4)c(Cl)c3)c2n1CCOCCO,19.0,7.721246399047171,1,517.8950000000003
N#Cc1ccc(-c2csc(N3N=C(c4ccc(N5CCCCC5)cc4)CC3c3ccc(Cl)cc3)n2)cc1,30000.0,4.522878745280337,0,524.0930000000004
N#Cc1ccc(-c2csc(N3N=C(c4ccc(N5CCOCC5)cc4)CC3c3ccc(Cl)cc3)n2)cc1,2280.0,5.642065152999546,0,526.0650000000004
N#Cc1ccc(N2CC[C@@H](Nc3c(C(N)=O)cnc4[nH]ccc34)[C@@H](F)C2)nc1,1000.0,6.0,1,379.39900000000006
N#Cc1ccc(Oc2ccc(Nc3ncnc4cc[nH]c34)cc2Cl)cc1,720.0,6.142667503568732,1,361.79200000000003
N#Cc1ccc2c(c1)S(=O)(=O)N=S2c1ccc(Br)cc1,3000.0,5.522878745280337,0,367.249
N#Cc1cccc(Oc2ccc(Nc3ncnc4cc[nH]c34)cc2Cl)c1,8.2,8.086186147616283,1,361.79200000000003
N#Cc1ccccc1Oc1ccc(Nc2ncnc3cc[nH]c23)cc1Cl,8.0,8.096910013008056,1,361.79200000000003
N#Cc1cnc2cc(OC[C@@H](O)CO)c(NC(=O)C3CSSC3)cc2c1Nc1ccc(OCc2cccc(F)c2)c(Cl)c1,294.6666666666667,6.530668989706589,1,641.1460000000003
N#Cc1cnc2cc(OC[C@@H](O)CO)c(NC(=O)CC3CSSC3)cc2c1Nc1ccc(OCc2cccc(F)c2)c(Cl)c1,333.25,6.477229841914103,1,655.1730000000003
N#Cc1cnc2cc(OC[C@@H](O)CO)c(NC(=O)C[C@@H]3CCSS3)cc2c1Nc1ccc(OCc2cccc(F)c2)c(Cl)c1,550.0,6.259637310505756,1,655.1730000000003
N#Cc1cnc2cc(OC[C@@H](O)CO)c(NC(=O)C[C@H]3CCSS3)cc2c1Nc1ccc(OCc2cccc(F)c2)c(Cl)c1,550.0,6.259637310505756,1,655.1730000000003
N#Cc1cnc2cc(OC[C@H](O)CO)c(NC(=O)CC3CCSS3)cc2c1Nc1ccc(OCc2cccc(F)c2)c(Cl)c1,550.0,6.259637310505756,1,655.1730000000003
N#Cc1cnc2cc(OC[C@H](O)CO)c(NC(=O)CC3CSSC3)cc2c1Nc1ccc(OCc2cccc(F)c2)c(Cl)c1,327.0,6.485452247339714,1,655.1730000000003
N#Cc1cnc2cc(OC[C@H](O)CO)c(NC(=O)C[C@H]3CCSS3)cc2c1Nc1ccc(OCc2cccc(F)c2)c(Cl)c1,550.0,6.259637310505756,1,655.1730000000003
N#Cc1cnc2cc3[nH]cnc3cc2c1Nc1ccc(Cl)cc1Br,1000.0,6.0,1,398.651
N#Cc1cnc2ccc(NC(=O)/C=C/CN3CCOCC3)cc2c1Nc1ccc(F)c(Cl)c1,8740.0,5.058488567365597,0,465.91600000000017
N#Cc1cnc2ccc(NC(=O)C#CCN3CCSCC3)cc2c1Nc1cccc(Br)c1,1040.0,5.982966660701219,0,506.4290000000001
N#Cc1cnc2ccc(NC(=O)CC3CCSS3)cc2c1Nc1ccc(OCc2cccc(F)c2)c(Cl)c1,730.0,6.136677139879544,1,565.0950000000001
N#Cc1n[nH]nc1-c1ccc(Br)cc1,7900.0,5.102372908709558,0,249.071
N#Cc1n[nH]nc1-c1ccc(Cl)cc1,11000.0,4.958607314841775,0,204.62
N#Cc1n[nH]nc1-c1ccc(F)cc1,31600.0,4.5003129173815966,0,188.165
N#Cc1n[nH]nc1-c1ccc(Oc2ccccc2)c(F)c1,16600.0,4.779891911959945,0,280.262
N#Cc1n[nH]nc1-c1ccc(Oc2ccccc2)cc1,6600.0,5.180456064458132,0,262.272
N#Cc1n[nH]nc1-c1ccccc1,53500.0,4.2716462179787715,0,170.175
N=C(N)SCCCn1c(=O)c2c(c1=O)n1c3ccccc3cc1c1cccc3ccn2c31,7700.0,5.113509274827518,0,441.51600000000013
N=C1N=C(NCCS(=O)(=O)O)/C(=C/C(O)CNC(=O)c2cc(Br)c(Br)[nH]2)N1,37930.0,4.421017157297209,0,528.1830000000001
N=C1N=C(NCCS(=O)(=O)O)/C(=C/C(O)CNC(=O)c2cc(Br)c[nH]2)N1,37930.0,4.421017157297209,0,449.28700000000003
N=C1NC(=O)/C(=C2/CCNC(=O)c3[nH]c(Br)c(Br)c32)N1,20990.0,4.677987561417599,0,403.034
N=C1NC(=O)/C(=C2/CCNC(=O)c3[nH]cc(Br)c32)N1,18460.0,4.733768303310106,0,324.138
NC(=O)C1CCN(Cc2ccn3ncnc(Nc4ccc5c(cnn5Cc5cccc(F)c5)c4)c23)CC1,310.0,6.508638306165727,1,498.5660000000003
NC(=O)COCc1ccn2ncnc(Nc3ccc4c(cnn4Cc4cccc(F)c4)c3)c12,110.0,6.958607314841775,1,445.4580000000002
NC(=O)COc1cccc2ncnc(Nc3ccc(OCc4ccccn4)c(Cl)c3)c12,180.0,6.7447274948966935,1,435.87100000000015
NC(=O)Nc1ccc(C(=O)Nc2ccc3ncnc(Nc4ccc(F)c(Cl)c4)c3c2)cc1,275.0,6.560667306169737,1,450.86100000000005
NC(=O)Nc1ccc2ncnc(Nc3ccc(OCc4cccc(F)c4)c(Cl)c3)c2c1,156.9,6.804377056413063,1,437.86200000000014
NC(=O)Nc1ccc2ncnc(Nc3ccc(Oc4ccc(Cl)c(Cl)c4)c(Cl)c3)c2c1,706.0,6.151195298948196,1,474.7350000000002
NC(=O)Nc1ccc2ncnc(Nc3ccc(Oc4cccc(C(F)(F)F)c4)c(Cl)c3)c2c1,77.0,7.113509274827518,1,473.84200000000004
NC(=O)O[C@H]1CN[C@H](C#Cc2cc3ncnc(Nc4ccc(OCc5cccc(F)c5)c(Cl)c4)c3s2)C1,16.0,7.795880017344075,1,538.0040000000001
NC(=O)c1ccc2c(c1)NC(=O)/C2=C(\Nc1ccc(CN2CCCCC2)cc1)c1ccccc1,10000.0,5.0,0,452.5580000000003
NC(=O)c1ccc2c(c1)S(=O)(=O)N=S2c1ccc(Br)cc1,40000.0,4.3979400086720375,0,385.264
NC(=S)N1N=C(c2ccc(Br)cc2)CC1c1ccc2ccccc2c1,1210.0,5.91721462968355,0,410.34000000000015
NC(=S)N1N=C(c2ccc(Br)cc2)CC1c1cccc2ccccc12,9150.0,5.0385789059335515,0,410.34000000000015
NC(=S)N1N=C(c2ccc(Cl)c(Cl)c2)CC1c1ccc(O)cc1,6580.0,5.181774106386045,0,366.27300000000014
NC(=S)N1N=C(c2ccc(Cl)c(Cl)c2)CC1c1ccc2ccccc2c1,880.0,6.055517327849832,1,400.3340000000002
NC(=S)N1N=C(c2ccc(Cl)c(Cl)c2)CC1c1cccc2ccccc12,6840.0,5.164943898279883,0,400.3340000000002
NC(=S)N1N=C(c2ccc(Cl)cc2)CC1c1ccc2ccccc2c1,3870.0,5.412289034981089,0,365.88900000000007
NC(=S)N1N=C(c2ccc(Cl)cc2)CC1c1cccc2ccccc12,5460.0,5.262807357295263,0,365.88900000000007
NC(=S)N1N=C(c2ccc(F)cc2)CC1c1ccc2ccccc2c1,1750.0,5.756961951313706,0,349.4340000000001
NC(=S)N1N=C(c2ccc(F)cc2)CC1c1cccc2ccccc12,10630.0,4.973466735476703,0,349.4340000000001
NC(=S)N1N=C(c2ccccc2)CC1c1ccc2ccccc2c1,5690.0,5.244887733604929,0,331.4440000000001
NC(=S)N1N=C(c2ccccc2)CC1c1cccc2ccccc12,7240.0,5.140261433802853,0,331.4440000000001
NC1CCN(Cc2ccn3ncnc(Nc4cc(Cl)cc(Cl)c4)c23)CC1,34.0,7.468521082957745,1,391.3060000000002
NC1CCN(Cc2ccn3ncnc(Nc4ccc(F)c(Cl)c4)c23)CC1,6.0,8.221848749616356,1,374.85100000000017
NC1CCN(Cc2ccn3ncnc(Nc4ccc(OCc5cccc(F)c5)c(Cl)c4)c23)CC1,32.0,7.494850021680094,1,480.9750000000003
NC1CCN(Cc2ccn3ncnc(Nc4ccc(OCc5cccc[n+]5[O-])c(Cl)c4)c23)CC1,18.0,7.7447274948966935,1,479.97200000000026
NC1CCN(Cc2ccn3ncnc(Nc4ccc(OCc5ccccn5)c(Cl)c4)c23)CC1,22.0,7.657577319177793,1,463.97300000000024
NC1CCN(Cc2ccn3ncnc(Nc4ccc(OCc5cccnc5)c(Cl)c4)c23)CC1,36.0,7.443697499232712,1,463.97300000000024
NC1CCN(Cc2ccn3ncnc(Nc4ccc(OCc5cnccn5)c(Cl)c4)c23)CC1,26.0,7.585026652029182,1,464.9610000000003
NC1CCN(Cc2ccn3ncnc(Nc4ccc5c(cnn5Cc5cccc(F)c5)c4)c23)CC1,22.5,7.647817481888637,1,470.55600000000027
NC1CCN(Cc2ccn3ncnc(Nc4ccc5c(cnn5Cc5ccccn5)c4)c23)CC1,35.0,7.455931955649724,1,453.55400000000026
NC1CCN(Cc2ccn3ncnc(Nc4ccc5c(cnn5Cc5cccnc5)c4)c23)CC1,34.0,7.468521082957745,1,453.55400000000026
NC1CCN(Cc2ccn3ncnc(Nc4ccc5c(cnn5Cc5ccncc5)c4)c23)CC1,190.0,6.721246399047171,1,453.55400000000026
NC1CCN(Cc2ccn3ncnc(Nc4cccc(Br)c4)c23)CC1,4.0,8.397940008672037,1,401.3120000000001
NC1CCN(Cc2ccn3ncnc(Nc4cccc(Cl)c4)c23)CC1,4.0,8.397940008672037,1,356.86100000000016
NC1CCN(Cc2ccn3ncnc(Nc4cccc(F)c4)c23)CC1,6.0,8.221848749616356,1,340.4060000000001
NC1CCN(Cc2ccn3ncnc(Nc4ccccc4)c23)CC1,9.0,8.045757490560675,1,322.4160000000001
NC1CCN(Cc2ccn3ncnc(Oc4ccc(NC(=O)NC(=O)Cc5ccc(F)cc5)cc4F)c23)CC1,5000.0,5.301029995663981,0,535.5550000000001
NCC1CCN(Cc2ccn3ncnc(Nc4ccc5c(cnn5Cc5cccc(F)c5)c4)c23)CC1,38.0,7.42021640338319,1,484.5830000000003
NCCCCCNC(=O)CC1CN[C@H](C(=O)N2CCC(c3ccccc3)C2)[C@@H](C(=O)NO)C1,162.0,6.790484985457369,1,459.5910000000002
NCCCCNC(=O)CC1CN[C@H](C(=O)N2CCC(c3ccccc3)C2)[C@@H](C(=O)NO)C1,162.0,6.790484985457369,1,445.56400000000014
NCCCCOCc1ccn2ncnc(Nc3ccc4c(cnn4Cc4cccc(F)c4)c3)c12,130.0,6.886056647693163,1,459.5290000000002
NCCCOCc1ccn2ncnc(Nc3ccc4c(cnn4Cc4cccc(F)c4)c3)c12,60.0,7.221848749616356,1,445.5020000000002
NCCOCc1ccn2ncnc(Nc3ccc4c(cnn4Cc4cccc(F)c4)c3)c12,90.0,7.045757490560675,1,431.47500000000014
NCCn1cc(-c2cc(-c3cc4ccccc4s3)c3[nH]ncc3c2)c2nc(N)ncc21,10000.0,5.0,0,425.52100000000013
NCc1cccc(C#Cc2cncnc2Nc2ccc(OCc3cccc(F)c3)c(Cl)c2)n1,38.0,7.42021640338319,1,459.9120000000002
NNC(=O)c1c(N)ncnc1Nc1ccc(OCc2ccccc2)c(Cl)c1,146.0,6.835647144215563,1,384.8270000000001
NNC(=O)c1csc2nc(CN3CCOCC3)c(-c3ccc(Br)cc3)n12,121.0,6.91721462968355,1,436.335
NP(=O)(OCCCC(=O)Oc1ccc2ncnc(Nc3ccc(F)c(Cl)c3)c2c1)N(CCCl)CCCl,2500.0,5.6020599913279625,0,578.796
NP(=O)(OCCCC(=O)Oc1ccc2ncnc(Nc3ccc(OCc4cccc(F)c4)c(Cl)c3)c2c1)N(CCCl)CCCl,3200.0,5.494850021680094,0,684.9199999999998
NP(=O)(OCCCC(=O)Oc1ccc2ncnc(Nc3cccc(Br)c3)c2c1)N(CCCl)CCCl,240.0,6.619788758288394,1,605.2570000000001
NP(=O)(OCCCCCOc1ccc2ncnc(Nc3cccc(Br)c3)c2c1)N(CCCl)CCCl,160.0,6.795880017344075,1,605.301
NP(=O)(OCCCCOc1ccc2ncnc(Nc3ccc(F)c(Cl)c3)c2c1)N(CCCl)CCCl,2400.0,5.619788758288394,0,564.813
NP(=O)(OCCCCOc1ccc2ncnc(Nc3ccc(OCc4cccc(F)c4)c(Cl)c3)c2c1)N(CCCl)CCCl,190.0,6.721246399047171,1,670.9369999999998
NP(=O)(OCCCCOc1ccc2ncnc(Nc3cccc(Br)c3)c2c1)N(CCCl)CCCl,82.0,7.086186147616283,1,591.274
NP(=O)(OCCCOc1ccc2ncnc(Nc3ccc(F)c(Cl)c3)c2c1)N(CCCl)CCCl,2700.0,5.568636235841013,0,550.7860000000002
NP(=O)(OCCCOc1ccc2ncnc(Nc3ccc(OCc4cccc(F)c4)c(Cl)c3)c2c1)N(CCCl)CCCl,1700.0,5.769551078621726,0,656.91
NP(=O)(OCCCOc1ccc2ncnc(Nc3cccc(Br)c3)c2c1)N(CCCl)CCCl,890.0,6.050609993355087,1,577.2470000000001
NP(=O)(OCCOc1ccc2ncnc(Nc3cccc(Br)c3)c2c1)N(CCCl)CCCl,180.0,6.7447274948966935,1,563.2200000000001
NP(=O)(Oc1ccc2ncnc(Nc3cccc(Br)c3)c2c1)N(CCCl)CCCl,1200.0,5.920818753952375,0,519.1670000000003
NS(=O)(=O)c1ccc(-n2c(SCC(=O)Nc3cc(Cl)c(Cl)cc3Cl)nc3cc4ccccc4cc3c2=O)cc1,760.0,6.119186407719209,1,619.9390000000002
NS(=O)(=O)c1ccc(-n2c(SCC(=O)Nc3ccc([N+](=O)[O-])cc3[N+](=O)[O-])nc3cc4ccccc4cc3c2=O)cc1,300.0,6.522878745280337,1,606.5980000000002
NS(=O)(=O)c1ccc(-n2c(SCC(=O)Nc3cnc4ccccc4c3)nc3cc4ccccc4cc3c2=O)cc1,390.0,6.4089353929735005,1,567.6520000000002
NS(=O)(=O)c1ccc(CCn2c(SCC(=O)Nc3ccc(Cl)cc3)nc3ccccc3c2=O)cc1,170.0,6.769551078621726,1,529.0430000000001
NS(=O)(=O)c1ccc(CNc2ccnc(Nc3cccc(CN4CCOCC4)c3)n2)cc1,10000.0,5.0,0,454.55600000000027
NS(=O)(=O)c1ccc(Nc2nc(N3CCOCC3)nc3[nH]cnc23)cc1,10000.0,5.0,0,375.41400000000004
N[C@@H]1CCN(Cc2ccn3ncnc(Nc4ccc5c(cnn5Cc5cccc(F)c5)c4)c23)C1,70.0,7.154901959985743,1,456.5290000000002
N[C@H]1CCN(Cc2ccn3ncnc(Nc4ccc5c(cnn5Cc5cccc(F)c5)c4)c23)C1,52.0,7.2839966563652006,1,456.5290000000002
Nc1[nH]cnc2nc(Sc3cc(Cl)c(Cl)cc3Cl)nc1-2,47800.0,4.320572103387881,0,346.6300000000001
Nc1cc(Nc2cccc(Oc3cc(Nc4ccc(OCc5cccc(F)c5)c(Cl)c4)ncn3)c2)ncn1,42.0,7.376750709602099,1,529.9630000000002
Nc1cc2c(Nc3ccc4[nH]c(Cc5ccccc5)nc4c3)ncnc2cn1,1860.0,5.730487055782084,0,367.41600000000005
Nc1cc2c(Nc3ccc4c(cnn4Cc4ccccc4)c3)ncnc2cn1,97.0,7.013228265733755,1,367.41600000000005
Nc1ccc(-c2cc3c(Nc4ccc(Oc5cccc(C(F)(F)F)c5)c(Cl)c4)ncnc3s2)cc1,1500.0,5.823908740944319,0,512.9440000000002
Nc1ccc(C#Cc2cncnc2Nc2ccc(OCc3cccc(F)c3)c(Cl)c2)cc1,36.0,7.443697499232712,1,444.89700000000016
Nc1ccc2ncnc(Nc3cccc(Br)c3)c2c1,670.0,6.173925197299173,1,315.17400000000004
Nc1ccc2ncnc(Nc3cccc(Cl)c3)c2c1,3290.0,5.482804102050026,0,270.72300000000007
Nc1cccc(C#Cc2cncnc2Nc2ccc(OCc3cccc(F)c3)c(Cl)c2)c1,44.0,7.356547323513812,1,444.89700000000016
Nc1cccc(Oc2cc(Nc3ccc(OCc4cccc(F)c4)c(Cl)c3)ncn2)c1,559.0,6.252588192113577,1,436.874
Nc1ccccc1C#Cc1cncnc1Nc1ccc(OCc2cccc(F)c2)c(Cl)c1,91.0,7.040958607678906,1,444.89700000000016
Nc1ccccc1NC(=O)/C=C/c1ccc(-c2ccc3ncnc(Nc4ccc(OCc5cccc(F)c5)c(Cl)c4)c3c2)cc1,15.0,7.823908740944319,1,616.0960000000002
Nc1ccccc1NC(=O)/C=C/c1ccc(-c2ccc3ncnc(Nc4ccc(OCc5cccc(F)c5)c(Cl)c4)c3c2)o1,8.7,8.060480747381382,1,606.0570000000002
Nc1ccccc1NC(=O)/C=C/c1cccc(-c2ccc3ncnc(Nc4ccc(OCc5cccc(F)c5)c(Cl)c4)c3c2)c1,14.0,7.853871964321762,1,616.0960000000002
Nc1ccccc1NC(=O)CCc1ccc(-c2ccc3ncnc(Nc4ccc(OCc5cccc(F)c5)c(Cl)c4)c3c2)cc1,4.7,8.327902142064282,1,618.1120000000002
Nc1ccccc1NC(=O)c1ccc(-c2ccc3ncnc(Nc4ccc(OCc5cccc(F)c5)c(Cl)c4)c3c2)o1,5.7,8.244125144327509,1,580.0190000000002
Nc1ccccc1NC(=O)c1ccc(-c2ccc3ncnc(Nc4ccc(OCc5cccc(F)c5)c(Cl)c4)c3c2)s1,4.9,8.309803919971486,1,596.0870000000002
Nc1ccccc1NC(=O)c1ccc(COc2ccc3ncnc(Nc4cccc(Br)c4)c3c2)cc1,39.0,7.4089353929735005,1,540.4210000000002
Nc1nc(Nc2ccc(S(N)(=O)=O)cc2)ccc1C(=O)c1c(F)cccc1F,100000.0,4.0,0,404.3980000000001
Nc1nc(Nc2ccc(S(N)(=O)=O)cc2)nn1C(=O)c1sccc1-n1cccc1,200.0,6.698970004336019,1,429.4870000000001
Nc1nc2ccc(-c3c(-c4cccc(NC(=O)c5ccccc5Cl)c4)nc4sccn34)cc2[nH]1,12500.0,4.903089986991944,0,484.9720000000001
Nc1ncc(-c2cccc(S(N)(=O)=O)c2)c2occ(-c3ccc(NC(=O)Nc4cc(C(F)(F)F)ccc4F)cc3)c12,10000.0,5.0,0,585.5390000000001
Nc1ncc(-c2cccc(S(N)(=O)=O)c2)c2scc(-c3ccc(F)c(Cl)c3)c12,10000.0,5.0,0,433.9170000000001
Nc1nccc(C#Cc2cncnc2Nc2ccc(OCc3cccc(F)c3)c(Cl)c2)n1,12.0,7.920818753952375,1,446.8730000000002
Nc1nccc(Oc2ccc3c(C(=O)Nc4cccc(C(F)(F)F)c4)cccc3c2)n1,500.0,6.301029995663981,1,424.38200000000006
Nc1ncnc(Nc2ccc(OCc3ccccc3)c(Cl)c2)c1-c1nnc(CCN2CCOCC2)o1,80.0,7.096910013008056,1,507.9820000000004
Nc1ncnc(Nc2ccc(OCc3ccccc3)c(Cl)c2)c1C(=O)NCCN1CCCCC1,10000.0,5.0,0,481.0000000000004
Nc1ncnc(Nc2ccc(OCc3ccccc3)c(Cl)c2)c1C(=O)NCCN1CCOCC1,10000.0,5.0,0,482.9720000000004
Nc1ncnc(Nc2ccc(OCc3ccccc3)c(Cl)c2)c1C(=O)NNC(=O)CCN1CCOCC1,5700.0,5.2441251443275085,0,525.9970000000003
Nc1ncnc(Nc2ccc(OCc3ccccc3)c(Cl)c2)c1C(=O)Nc1ccccc1,776.0,6.110138278741812,1,445.91000000000014
Nc1ncnc(Nc2ccc(OCc3ccccc3)c(Cl)c2)c1C(=O)O,776.0,6.110138278741812,1,370.7960000000001
Nc1ncnc(Nc2ccc(OCc3ccccc3)c(Cl)c2)c1C(=O)OCCN1CCOCC1,1530.0,5.815308569182402,0,483.9560000000004
Nc1ncnc(Nc2ccc(OCc3ccccc3)c(Cl)c2)c1C(=O)OCc1cccc(F)c1,100000.0,4.0,0,478.91100000000023
Nc1ncnc(Nc2ccc3c(cnn3Cc3cccc(F)c3)c2)c1/C=N/N1CCCCC1,83.0,7.080921907623926,1,444.51800000000026
Nc1ncnc(Nc2ccc3c(cnn3Cc3cccc(F)c3)c2)c1/C=N/N1CCN(CCO)CC1,31.0,7.508638306165727,1,489.5590000000003
Nc1ncnc(Nc2ccc3c(cnn3Cc3cccc(F)c3)c2)c1/C=N/N1CCOCC1,45.0,7.346787486224656,1,446.49000000000024
Nc1ncnc(Nc2ccc3c(cnn3Cc3cccc(F)c3)c2)c1/C=N/NCC(F)(F)F,139.0,6.856985199745905,1,458.42300000000006
Nc1ncnc(Nc2ccc3c(cnn3Cc3cccc(F)c3)c2)c1/C=N/O,42.0,7.376750709602099,1,377.38300000000004
Nc1ncnc(Nc2ccc3c(cnn3Cc3cccc(F)c3)c2)c1/C=N/OCc1ccccc1,95.0,7.022276394711152,1,467.50800000000015
Nc1ncnc2[nH]c(Sc3cc(Cl)ccc3Cl)nc12,120000.0,3.9208187539523753,0,312.18500000000006
Nc1ncnc2c1c(-c1ccc(Nc3nc4cccc(Cl)c4o3)cc1)nn2[C@H]1CC[C@H](N2CCOCC2)CC1,334.0,6.476253533188435,1,545.0470000000001
Nc1ncnc2c1c(-c1ccc(Oc3ccccc3)cc1)cn2C[C@H]1CCCN1C[C@@H]1CO1,1000.0,6.0,1,441.5350000000003
Nc1ncnc2c1c(-c1ccc3nc(Cc4ccccc4)[nH]c3c1)nn2[C@H]1CC[C@H](N2CCOCC2)CC1,186.0,6.730487055782084,1,508.6300000000004
Nc1ncnc2c1c(-c1ccc3nc(Cc4ccccc4Cl)[nH]c3c1)nn2[C@H]1CC[C@H](N2CCOCC2)CC1,664.0,6.1778319206319825,1,543.075
Nc1ncnc2c1c(-c1ccc3nc(Cc4cccs4)[nH]c3c1)nn2[C@H]1CC[C@H](N2CCOCC2)CC1,250.0,6.6020599913279625,1,514.6590000000003
Nc1ncnc2c1c(-c1cccc(OCC34CCC(CC3)O4)c1)cn2[C@H]1C[C@@H](CN2CCC2)C1,10000.0,5.0,0,459.59400000000034
Nc1ncnc2c1c(-c1cccc(OC[C@@H]3CCCO3)c1)cn2[C@H]1C[C@@H](CN2CCC2)C1,10000.0,5.0,0,433.55600000000027
Nc1ncnc2c1c(-c1cccc(OCc3ccccc3)c1)cn2[C@H]1C[C@@H](CN2CCC2)C1,7050.0,5.151810883008602,0,439.5630000000003
Nc1ncnc2c1c(-c1cccc(OCc3ccccc3)c1)cn2[C@H]1C[C@H](N2CCCC2)C1,10000.0,5.0,0,439.5630000000003
Nc1ncnc2c1ncn2CC(=O)c1c[nH]c2ccccc12,95000.0,4.022276394711152,0,292.302
Nc1ncnc2c1ncn2[C@@H]1O[C@H](CO)[C@@H](O)[C@H]1S,45000.0,4.346787486224656,0,283.313
Nc1ncnc2nn3ccccc3c12,10000.0,5.0,0,185.19
Nc1ncnc2scc(-c3ccc4c(C(=O)Nc5ccccc5)cccc4c3)c12,10000.0,5.0,0,396.4750000000001
O=C(/C=C/C(=O)Nc1cc2c(Nc3ccc(F)c(Cl)c3)ncnc2cn1)NCCCN1CCOCC1,24.0,7.619788758288394,1,513.9610000000004
O=C(/C=C/C(=O)Nc1cc2c(Nc3cccc(Br)c3)ncnc2cn1)NCCCN1CCOCC1,5.0,8.301029995663981,1,540.4220000000001
O=C(/C=C/C(=O)Nc1cc2c(Nc3cccc(Br)c3)ncnc2cn1)NCCCn1ccnc1,8.1,8.09151498112135,1,521.3790000000002
O=C(/C=C/CN1CC2CCC1C(=O)C2)Nc1cc2c(Nc3ccc(F)c(Cl)c3)ncnc2s1,30.0,7.522878745280337,1,485.97200000000015
O=C(/C=C/CN1CCC(CO)CC1)N1CCOc2c1ccc1ncnc(Nc3ccc(OCc4ccccn4)c(Cl)c3)c21,50.0,7.301029995663981,1,601.1070000000001
O=C(/C=C/CN1CCC(F)CC1)N1CCOc2c1ccc1ncnc(Nc3ccc(OCc4ccccn4)c(Cl)c3)c21,50.0,7.301029995663981,1,589.071
O=C(/C=C/CN1CCC(N2CCCCC2)CC1)Nc1ccc2ncnc(Nc3cccc(Br)c3)c2c1,1592.0,5.79805693659835,0,549.517
O=C(/C=C/CN1CCC(O)CC1)N1CCOc2c1ccc1ncnc(Nc3ccc(OCc4ccccn4)c(Cl)c3)c21,50.0,7.301029995663981,1,587.08
O=C(/C=C/CN1CCC1CO)Nc1cc2c(Nc3ccc(F)c(Cl)c3)ncnc2cc1OCC1CC1,11.8,7.928117992693875,1,511.98500000000035
O=C(/C=C/CN1CCC1CO)Nc1cc2c(Nc3ccc(F)c(Cl)c3)ncnc2cc1OC[C@@H]1COCCO1,39.5,7.403402904373539,1,558.0100000000002
O=C(/C=C/CN1CCC1CO)Nc1cc2c(Nc3ccc(F)c(Cl)c3)ncnc2cc1OC[C@H]1COCCO1,13.5,7.8696662315049934,1,558.0100000000002
O=C(/C=C/CN1CCC1CO)Nc1cc2c(Nc3ccc(F)c(Cl)c3)ncnc2cc1OC[C@H]1[C@@H]2COC[C@@H]21,11.2,7.950781977329818,1,554.0220000000003
O=C(/C=C/CN1CCC1CO)Nc1cc2c(Nc3ccc(F)c(Cl)c3)ncnc2cc1O[C@H]1CCOC1,9.6,8.017728766960431,1,527.9840000000003
O=C(/C=C/CN1CCCC1)N1CCOc2c1ccc1ncnc(Nc3ccc(OCc4ccccn4)c(Cl)c3)c21,50.0,7.301029995663981,1,557.0540000000002
O=C(/C=C/CN1CCCC1)N1CCOc2c1ccc1ncnc(Nc3ccc(Oc4ccccc4)cc3)c21,50.0,7.301029995663981,1,507.5940000000002
O=C(/C=C/CN1CCCC1)N1CCOc2cc3ncnc(Nc4ccc(F)c(Cl)c4)c3cc21,250.0,6.6020599913279625,1,467.93200000000013
O=C(/C=C/CN1CCCC1)N1CCOc2cc3ncnc(Nc4ccc(OCc5cccc(F)c5)c(Cl)c4)c3cc21,4.0,8.397940008672037,1,574.0560000000002
O=C(/C=C/CN1CCCC1)Nc1cc2c(Nc3ccc(Cc4ccccn4)cc3)ncnc2cn1,17.0,7.769551078621726,1,465.5610000000002
O=C(/C=C/CN1CCCC1)Nc1cc2c(Nc3ccc(OCc4cccc(F)c4)c(Cl)c3)ncnc2cn1,53.0,7.275724130399211,1,533.0070000000003
O=C(/C=C/CN1CCCC1)Nc1cc2c(Nc3ccc(Oc4ccccc4)cc3)ncnc2cn1,102.0,6.991399828238082,1,466.5450000000002
O=C(/C=C/CN1CCCC1)Nc1cc2c(Nc3ccc4c(cnn4Cc4ccccc4)c3)ncnc2cn1,62.0,7.2076083105017466,1,504.59800000000024
O=C(/C=C/CN1CCCC1)Nc1ccc2ncnc3c2c1C=CN3c1ccc(OCc2ccccn2)c(Cl)c1,3.83,8.416801226031378,1,539.0390000000003
O=C(/C=C/CN1CCCC1)Nc1ccc2ncnc3c2c1CCN3c1ccc(OCc2ccccn2)c(Cl)c1,2.39,8.621602099051863,1,541.0550000000004
O=C(/C=C/CN1CCCCC1)N1CCOc2c1ccc1ncnc(Nc3ccc(OCc4ccccn4)c(Cl)c3)c21,50.0,7.301029995663981,1,571.0810000000002
O=C(/C=C/CN1CCCCC1)N1CCOc2c1ccc1ncnc(Nc3ccc(Oc4ccccc4)c(F)c3)c21,50.0,7.301029995663981,1,539.6110000000002
O=C(/C=C/CN1CCCCC1)N1CCOc2c1ccc1ncnc(Nc3ccc(Oc4ccccc4)cc3)c21,50.0,7.301029995663981,1,521.6210000000002
O=C(/C=C/CN1CCCCC1)N1CCOc2c1ccc1ncnc(Nc3ccc(Oc4ccccc4)cc3F)c21,50.0,7.301029995663981,1,539.6110000000002
O=C(/C=C/CN1CCCCC1)N1CCOc2c1ccc1ncnc(Nc3ccc(Oc4ccn5ncnc5c4)c(Cl)c3)c21,50.0,7.301029995663981,1,597.0790000000002
O=C(/C=C/CN1CCCCC1)N1CCOc2cc3ncnc(Nc4ccc(F)c(Cl)c4)c3cc21,344.0,6.46344155742847,1,481.9590000000002
O=C(/C=C/CN1CCCCC1)Nc1cc2c(Nc3ccc(F)c(Cl)c3)ncnc2cc1OCC(F)F,244.39,6.611916568616351,1,519.9550000000002
O=C(/C=C/CN1CCCCC1)Nc1cc2c(Nc3ccc(F)c(Cl)c3)ncnc2cc1OCCCN1CCOCC1,84.05,7.07546228222451,1,583.1080000000001
O=C(/C=C/CN1CCCCC1)Nc1cc2c(Nc3ccc(F)c(Cl)c3)ncnc2cn1,14.0,7.853871964321762,1,440.9100000000001
O=C(/C=C/CN1CCCCC1)Nc1ccc2ncnc(Nc3cccc(Br)c3)c2c1,1559.0,5.807153884811158,0,466.38300000000015
O=C(/C=C/CN1CCCCC1)Nc1ccc2ncnc3c2c1C=CN3c1ccc(OCc2ccccn2)c(Cl)c1,3.57,8.447331783887806,1,553.0660000000004
O=C(/C=C/CN1CCCCC1)Nc1ccc2ncnc3c2c1CCN3c1ccc(OCc2ccccn2)c(Cl)c1,2.81,8.55129368009492,1,555.0820000000004
O=C(/C=C/CN1CCOCC1)N1CCOc2c1ccc1ncnc(Nc3ccc(OCc4cccc(F)c4)c(Cl)c3)c21,50.0,7.301029995663981,1,590.0550000000002
O=C(/C=C/CN1CCOCC1)N1CCOc2c1ccc1ncnc(Nc3ccc(OCc4ccccn4)c(Cl)c3)c21,50.0,7.301029995663981,1,573.0530000000001
O=C(/C=C/CN1CCOCC1)N1CCOc2c1ccc1ncnc(Nc3ccc(Oc4ccccc4)cc3)c21,50.0,7.301029995663981,1,523.5930000000002
O=C(/C=C/CN1CCOCC1)N1CCOc2cc3ncnc(Nc4ccc(F)c(Cl)c4)c3cc21,996.0,6.001740661576301,1,483.93100000000015
O=C(/C=C/CN1CCOCC1)N1CCOc2cc3ncnc(Nc4ccc(OCc5cccc(F)c5)c(Cl)c4)c3cc21,12.0,7.920818753952375,1,590.0550000000002
O=C(/C=C/CN1CCOCC1)Nc1cc2c(Nc3ccc(F)c(Cl)c3)ncnc2cn1,35.0,7.455931955649724,1,442.88200000000006
O=C(/C=C/CN1CCOCC1)Nc1ccc2ncnc(Nc3cccc(Br)c3)c2c1,2776.0,5.556580538217182,0,468.35500000000013
O=C(/C=C/CN1CCSCC1)Nc1ccc2ncnc(Nc3cccc(Br)c3)c2c1,2808.0,5.551602896542232,0,484.4230000000001
O=C(/C=C/CN1C[C@@H]2OCCO[C@@H]2C1)Nc1cc2c(Nc3ccc(Cl)c(Cl)c3F)ncnc2cc1O[C@H]1CCOC1,20.3,7.692503962086787,1,604.466
O=C(/C=C/CN1C[C@@H]2OCCO[C@@H]2C1)Nc1cc2c(Nc3ccc(F)c(Cl)c3)ncnc2cc1OCC(F)(F)F,44.0,7.356547323513812,1,581.9540000000003
O=C(/C=C/CN1C[C@@H]2OCCO[C@@H]2C1)Nc1cc2c(Nc3ccc(F)c(Cl)c3)ncnc2cc1O[C@H]1CCOC1,11.7,7.931814138253839,1,570.021
O=C(/C=C/CN1C[C@@H]2OCCO[C@@H]2C1)Nc1cc2c(Nc3ccc(OCc4ccccn4)c(Cl)c3)ncnc2cc1O[C@H]1CCOC1,2.5,8.602059991327963,1,659.143
O=C(/C=C/CN1C[C@@H]2OCCO[C@@H]2C1)Nc1ccc2ncnc(Nc3ccc(OCc4cccc(F)c4)c(Cl)c3)c2c1,3.5,8.455931955649724,1,590.0550000000002
O=C(/C=C/CN1C[C@@H]2OCCO[C@@H]2C1)Nc1ccc2ncnc(Nc3ccc(OCc4ccccn4)c(Cl)c3)c2c1,1.9,8.721246399047171,1,573.0530000000002
O=C(/C=C/CN1C[C@@H]2OCCO[C@@H]2C1)Nc1ccc2ncnc(Nc3ccc4c(cnn4Cc4cccc(F)c4)c3)c2c1,1.6,8.795880017344075,1,579.6360000000002
O=C(/C=C/CNC1CC1)N1CCOc2c1ccc1ncnc(Nc3ccc(OCc4ccccn4)c(Cl)c3)c21,275.0,6.560667306169737,1,543.0270000000002
O=C(/C=C/CNC1CC1)Nc1ccc2ncnc3c2c1C=CN3c1ccc(OCc2ccccn2)c(Cl)c1,2.54,8.595166283380062,1,525.0120000000003
O=C(/C=C/CNC1CC1)Nc1ccc2ncnc3c2c1CCN3c1ccc(OCc2ccccn2)c(Cl)c1,2.91,8.536107011014092,1,527.0280000000004
O=C(/C=C/CNC1CCC1)N1CCOc2c1ccc1ncnc(Nc3ccc(OCc4ccccn4)c(Cl)c3)c21,50.0,7.301029995663981,1,557.0540000000002
O=C(/C=C/CNC1CCC1)Nc1ccc2ncnc3c2c1C=CN3c1ccc(OCc2ccccn2)c(Cl)c1,3.49,8.45717457304082,1,539.0390000000003
O=C(/C=C/Cn1cccn1)Nc1ccc2ncnc(Nc3cccc(Br)c3)c2c1,15624.0,4.806207769720202,0,449.31200000000007
O=C(/C=C/N1CCOCC1)Nc1ccc2ncnc(Nc3cccc(Br)c3)c2c1,4182.0,5.378615971518347,0,454.32800000000015
O=C(/C=C/c1ccc(-c2ccc3ncnc(Nc4ccc(OCc5cccc(F)c5)c(Cl)c4)c3c2)cc1)NO,12.0,7.920818753952375,1,540.9820000000003
O=C(/C=C/c1ccc(-c2ccc3ncnc(Nc4ccc(OCc5cccc(F)c5)c(Cl)c4)c3c2)o1)NO,4.1,8.387216143280265,1,530.9430000000003
O=C(/C=C/c1ccc(-c2ccc3ncnc(Nc4ccc(OCc5cccc(F)c5)c(Cl)c4)c3c2)s1)NO,3.5,8.455931955649724,1,547.0110000000002
O=C(/C=C/c1ccc(F)cc1)Nc1cccc(Oc2cc(Nc3ccc(OCc4cccc(F)c4)c(Cl)c3)ncn2)c1,1293.0,5.888401475119606,0,585.0100000000001
O=C(/C=C/c1ccc(O)c(O)c1)OCCc1ccccc1,1329.0,5.876475019057268,0,284.311
O=C(/C=C/c1cccc(-c2ccc3ncnc(Nc4ccc(OCc5cccc(F)c5)c(Cl)c4)c3c2)c1)NO,11.0,7.958607314841775,1,540.9820000000003
O=C(/C=C/c1ccccc1)Nc1cccc(Oc2cc(Nc3ccc(OCc4cccc(F)c4)c(Cl)c3)ncn2)c1,3740.0,5.42712839779952,0,567.0200000000001
O=C(C#CCCN1CCCCC1)Nc1cc2c(Nc3ccc(F)c(Cl)c3)ncnc2cn1,2.05,8.688246138944246,1,452.92100000000005
O=C(C#CCCN1CCOCC1)Nc1cc2c(Nc3ccc(F)c(Br)c3)ncnc2cn1,0.6,9.221848749616356,1,499.3440000000001
O=C(C#CCCN1CCOCC1)Nc1cc2c(Nc3ccc(F)c(Cl)c3)ncnc2cn1,2.9,8.537602002101044,1,454.89300000000014
O=C(C#CCCN1CCOCC1)Nc1ccc2ncnc(Nc3ccc(F)c(Cl)c3)c2c1,4.949999999999999,8.30539480106643,1,453.90500000000014
O=C(C#CCN1CCCCC1)Nc1ccc2ncnc(Nc3cccc(Br)c3)c2c1,73.0,7.136677139879544,1,464.36700000000013
O=C(C#CCN1CCOCC1)Nc1cc2c(Nc3ccc(F)c(Cl)c3)ncnc2cn1,24.0,7.619788758288394,1,440.8660000000001
O=C(C#CCN1CCOCC1)Nc1ccc2ncnc(Nc3ccc(F)c(Cl)c3)c2c1,236.5,6.62616885492617,1,439.8780000000001
O=C(C#CCN1CCOCC1)Nc1ccc2ncnc(Nc3cccc(Br)c3)c2c1,53.0,7.275724130399211,1,466.3390000000001
O=C(C#CCN1CCSCC1)Nc1ccc2ncnc(Nc3cccc(Br)c3)c2c1,124.0,6.906578314837765,1,482.4070000000001
O=C(C#CCO)Nc1ccc2ncnc(Nc3ccc(F)c(Cl)c3)c2c1,22.55,7.64685345378602,1,370.77100000000013
O=C(C#CCO)Nc1ccc2ncnc(Nc3cccc(Br)c3)c2c1,16.0,7.795880017344075,1,397.2320000000001
O=C(CBr)OCCn1c(=O)oc2cc3ncnc(Nc4ccc(F)c(Cl)c4)c3cc21,1100.0,5.958607314841775,0,495.6920000000001
O=C(CBr)OCCn1c(=O)oc2cc3ncnc(Nc4ccc(F)c(F)c4)c3cc21,1300.0,5.886056647693163,0,479.23700000000014
O=C(CBr)OCCn1c(=O)oc2cc3ncnc(Nc4ccc(N5CCCCC5)c(Cl)c4)c3cc21,10000.0,5.0,0,560.8360000000002
O=C(CBr)OCCn1c(=O)oc2cc3ncnc(Nc4ccc(N5CCOCC5)c(Cl)c4)c3cc21,21.0,7.6777807052660805,1,562.8080000000002
O=C(CBr)OCCn1c(=O)oc2cc3ncnc(Nc4ccc(NC(=O)N5CCCCC5)cc4)c3cc21,10000.0,5.0,0,569.4160000000003
O=C(CBr)OCCn1c(=O)oc2cc3ncnc(Nc4ccc(OCc5ccc(Cl)cc5)cc4)c3cc21,10000.0,5.0,0,583.8260000000001
O=C(CBr)OCCn1c(=O)oc2cc3ncnc(Nc4ccc(OCc5cccc(F)c5)c(Cl)c4)c3cc21,180.0,6.7447274948966935,1,601.8160000000001
O=C(CBr)OCCn1c(=O)oc2cc3ncnc(Nc4ccc(Oc5cccc(C(F)(F)F)c5)c(Cl)c4)c3cc21,120.0,6.920818753952375,1,637.796
O=C(CC1CCCC1)Nc1cccc(-c2nc3sccn3c2-c2ccnc(Nc3ccc(N4CCOCC4)cc3)n2)c1,1300.0,5.886056647693163,0,579.7300000000002
O=C(CC1CCCCC1)Nc1cccc(-c2nc3sccn3c2-c2ccnc(Nc3ccc(N4CCOCC4)cc3)n2)c1,1400.0,5.853871964321762,0,593.7570000000001
O=C(CC1CN[C@H](C(=O)N2CCC(c3ccccc3)C2)[C@@H](C(=O)NO)C1)NCCCCCNC(=O)OCc1ccccc1,137.0,6.863279432843593,1,593.7250000000004
O=C(CCCC(=O)Oc1ccc(/C=C/[N+](=O)[O-])cc1)OCc1ccco1,3800.0,5.42021640338319,0,359.3340000000001
O=C(CCCC(=O)Oc1ccc(/C=C/[N+](=O)[O-])cc1)Oc1ccccc1,4400.0,5.356547323513812,0,355.34600000000006
O=C(CCCCCCCNCc1ccc(-c2ccc3ncnc(Nc4ccc(OCc5cccc(F)c5)c(Cl)c4)c3c2)o1)NO,100.0,7.0,1,632.1360000000003
O=C(CCCCCCOc1ccc(-c2cc3c(NCc4ccccc4)ncnc3[nH]2)cc1)NO,1000.0,6.0,1,459.5500000000001
O=C(CCCCCCOc1ccc2ncnc(Nc3ccc(F)c(Cl)c3)c2c1)NO,62.333333333333336,7.205279648183163,1,432.88300000000015
O=C(CCCCCCOc1ccc2ncnc(Nc3ccc(OCc4cccc(F)c4)c(Cl)c3)c2c1)NO,100.0,7.0,1,539.0070000000004
O=C(CCCCCCn1cc(-c2ccc3ncnc(Nc4ccc(F)c(Cl)c4)c3c2)nn1)NO,176.7,6.752763450493236,1,483.9350000000002
O=C(CCCCCCn1cc(-c2ccc3ncnc(Nc4ccc(OCc5cccc(F)c5)c(Cl)c4)c3c2)nn1)NO,16.4,7.785156151952302,1,590.0590000000002
O=C(CCCCCCn1cc(-c2ccc3ncnc(Nc4ccc(OCc5nccs5)c(Cl)c4)c3c2)nn1)NO,706.7,6.150764908685278,1,579.0860000000002
O=C(CCCCCCn1cc(-c2ccc3ncnc(Nc4cccc(Cl)c4F)c3c2)nn1)NO,174.9,6.757210190521324,1,483.9350000000002
O=C(CCCCCN1CCN(Cc2ccc(-c3cc4c(NCc5ccccc5)ncnc4[nH]3)cc2)CC1)NO,100.0,7.0,1,527.6730000000002
O=C(CCCCCNCc1ccc(-c2ccc3ncnc(Nc4ccc(OCc5cccc(F)c5)c(Cl)c4)c3c2)o1)NO,100.0,7.0,1,604.0820000000003
O=C(CCCCCn1cc(-c2ccc3ncnc(Nc4ccc(F)c(Cl)c4)c3c2)nn1)NO,165.5,6.781202001888262,1,469.90800000000013
O=C(CCCCCn1cc(-c2ccc3ncnc(Nc4ccc(OCc5cccc(F)c5)c(Cl)c4)c3c2)nn1)NO,192.8,6.714892970433188,1,576.0320000000003
O=C(CCCCCn1cc(-c2ccc3ncnc(Nc4ccc(OCc5nccs5)c(Cl)c4)c3c2)nn1)NO,537.4,6.26970233790285,1,565.0590000000003
O=C(CCCCCn1cc(-c2ccc3ncnc(Nc4cccc(Cl)c4F)c3c2)nn1)NO,386.1,6.413300198375951,1,469.90800000000013
O=C(CCCl)Nc1ccc2ncnc(Nc3ccc4[nH]cc(Br)c4c3)c2c1,75.1,7.124360062995832,1,444.72000000000014
O=C(CCO)NCCn1ccc2ncnc(Nc3ccc(Oc4cccc(C(F)(F)F)c4)c(Cl)c3)c21,2.8,8.55284196865778,1,519.9110000000002
O=C(CCSC(=S)N1CCN(c2ccccc2)CC1)Nc1cccc(NC(=O)c2ccccn2)c1,54.0,7.267606240177032,1,505.6690000000002
O=C(CCl)Nc1ccc2ncnc(Nc3cc(Cl)c(Cl)cc3F)c2c1,50.0,7.301029995663981,1,399.64000000000016
O=C(CCl)OCCn1c(=O)oc2cc3ncnc(Nc4ccc(F)c(Cl)c4)c3cc21,1600.0,5.795880017344075,0,451.2410000000001
O=C(CCl)OCCn1c(=O)oc2cc3ncnc(Nc4ccc(F)c(F)c4)c3cc21,3200.0,5.494850021680094,0,434.7860000000001
O=C(CCl)OCCn1c(=O)oc2cc3ncnc(Nc4ccc(N5CCCCC5)c(Cl)c4)c3cc21,77.0,7.113509274827518,1,516.3850000000003
O=C(CCl)OCCn1c(=O)oc2cc3ncnc(Nc4ccc(N5CCOCC5)c(Cl)c4)c3cc21,35.0,7.455931955649724,1,518.3570000000003
O=C(CCl)OCCn1c(=O)oc2cc3ncnc(Nc4ccc(OCc5cccc(F)c5)c(Cl)c4)c3cc21,10000.0,5.0,0,557.3650000000001
O=C(CCl)OCCn1c(=O)oc2cc3ncnc(Nc4ccc(Oc5cccc(C(F)(F)F)c5)c(Cl)c4)c3cc21,230.0,6.638272163982407,1,593.3450000000001
O=C(CNCCO)Nc1ccc2ncnc(Nc3ccc(OCc4cccc(F)c4)c(Cl)c3)c2c1,10.4,7.982966660701219,1,495.9420000000003
O=C(CO)N1CCC[C@@H]1COc1cccc2ncnc(Nc3ccc(OCc4ccccn4)c(Cl)c3)c12,74.5,7.127843727251707,1,519.9890000000001
O=C(CO)N1CCC[C@H]1COc1cccc2ncnc(Nc3ccc(OCc4ccccn4)c(Cl)c3)c12,130.5,6.8843894883257,1,519.9890000000001
O=C(CO)NC1CCN(Cc2ccn3ncnc(Nc4ccc5c(cnn5Cc5cccc(F)c5)c4)c23)CC1,120.0,6.920818753952375,1,528.5920000000001
O=C(CO)NCCn1ccc2ncnc(Nc3ccc(Oc4cccc(C(F)(F)F)c4)c(Cl)c3)c21,4.3,8.366531544420413,1,505.8840000000002
O=C(COc1cc(F)c(F)c(F)c1)Nc1cccc(Oc2cc(Nc3ccc(OCc4cccc(F)c4)c(Cl)c3)ncn2)c1,2138.0,5.669992299127241,0,624.9780000000002
O=C(COc1cccc2ncnc(Nc3ccc(OCc4ccccn4)c(Cl)c3)c12)N1CCOCC1,140.0,6.853871964321762,1,505.96200000000033
O=C(COc1ccccc1)Nc1cccc(Oc2cc(Nc3ccc(OCc4cccc(F)c4)c(Cl)c3)ncn2)c1,79.0,7.102372908709558,1,571.0080000000002
O=C(CSC(=S)N1CCCCC1)Nc1cccc(NC(=O)c2ccccn2)c1,104.0,6.982966660701219,1,414.55600000000004
O=C(Cc1c[nH]c2ccccc12)NNC(=S)Nc1ncccc1Br,12370.0,4.907630300370879,0,404.29300000000006
O=C(Cc1cc(F)c(F)cc1F)Nc1cccc(Oc2cc(Nc3ccc(OCc4cccc(F)c4)c(Cl)c3)ncn2)c1,834.0,6.078833949362261,1,608.9790000000002
O=C(Cc1ccc(Br)cc1)NS(=O)(=O)c1ccc(Br)cc1,19830.0,4.702677285794698,0,433.1210000000001
O=C(Cc1ccc(Br)cc1)NS(=O)(=O)c1ccc(Cl)cc1,18940.0,4.722620025332746,0,388.6700000000001
O=C(Cc1ccc(Br)cc1)NS(=O)(=O)c1ccc(F)cc1,16260.0,4.788879458741951,0,372.2150000000001
O=C(Cc1ccc(Br)cc1)NS(=O)(=O)c1ccccc1,19050.0,4.720105019988361,0,354.2250000000001
O=C(Cc1ccc(Cl)cc1)NS(=O)(=O)c1ccc(Br)cc1,13560.0,4.867740310468956,0,388.67
O=C(Cc1ccc(Cl)cc1)NS(=O)(=O)c1ccc(Cl)cc1,13320.0,4.875495775165717,0,344.21900000000005
O=C(Cc1ccc(Cl)cc1)NS(=O)(=O)c1ccc(F)cc1,11050.0,4.95663772197887,0,327.764
O=C(Cc1ccc(Cl)cc1)NS(=O)(=O)c1ccccc1,13070.0,4.883724412419456,0,309.774
O=C(Cc1ccc(F)cc1)NS(=O)(=O)c1ccc(Br)cc1,8180.0,5.087246696328677,0,372.21500000000003
O=C(Cc1ccc(F)cc1)NS(=O)(=O)c1ccc(Cl)cc1,7560.0,5.121478204498794,0,327.764
O=C(Cc1ccc(F)cc1)NS(=O)(=O)c1ccc(F)cc1,7020.0,5.153662887870195,0,311.309
O=C(Cc1ccc(F)cc1)NS(=O)(=O)c1ccccc1,8410.0,5.075204004202088,0,293.319
O=C(Cc1cccc(Br)c1)NS(=O)(=O)c1ccc(Br)cc1,27380.0,4.562566556202029,0,433.1210000000001
O=C(Cc1cccc(Br)c1)NS(=O)(=O)c1ccc(Cl)cc1,23460.0,4.62967199222049,0,388.6700000000001
O=C(Cc1cccc(Br)c1)NS(=O)(=O)c1ccc(F)cc1,20450.0,4.689306687656639,0,372.2150000000001
O=C(Cc1cccc(Br)c1)NS(=O)(=O)c1ccccc1,26330.0,4.579549140893932,0,354.2250000000001
O=C(Cc1ccccc1)Nc1cccc(-c2nc3sccn3c2-c2ccnc(Nc3ccc(N4CCOCC4)cc3)n2)c1,370.0,6.431798275933005,1,587.7090000000001
O=C(Cc1ccccc1)Nc1cccc(-c2nc3sccn3c2-c2ccnc(Nc3ccc4c(c3)CCNC4)n2)c1,87.5,7.057991946977687,1,557.6830000000001
O=C(Cc1ccccc1)Nc1cccc(-c2nc3sccn3c2-c2ccnc(Nc3cccc(N4CCOCC4)c3)n2)c1,376.5,6.42423501946328,1,587.7090000000001
O=C(NC1CC1)c1cc(NCc2cnc(Nc3ccccn3)s2)c(F)cc1F,50000.0,4.301029995663981,0,401.44200000000006
O=C(NC1CCCC1)c1ccc(N(CCCl)CCCl)cc1,48350.0,4.31560352158098,0,329.2710000000001
O=C(NCC(F)(F)F)c1cc(-c2cnn3cc(-c4ccc(OCCN5CCCCC5)cc4)cnc23)cs1,35000.0,4.455931955649724,0,529.5880000000004
O=C(NCCCCOc1ccc2ncnc(Nc3ccc(OCc4ccccc4)cc3)c2c1)C(F)(F)F,117.0,6.931814138253839,1,510.5160000000002
O=C(NCCCN1CCOCC1)c1ccc(N(CCCl)CCCl)cc1,50000.0,4.301029995663981,0,388.33900000000006
O=C(NCCCl)Nc1ccc2ncnc(Nc3cccc(Br)c3)c2c1,1770.0,5.752026733638194,0,420.6980000000001
O=C(NCCCl)Nc1ccc2ncnc(Nc3cccc(Cl)c3)c2c1,1350.0,5.8696662315049934,0,376.2470000000001
O=C(NCCN1CCCC1)Nc1cc2c(Nc3ccc(F)c(Cl)c3)ncnc2cc1O[C@H]1CCOC1,112.0,6.950781977329818,1,514.9890000000003
O=C(NCCN1CCCC1)c1cc2cnnc(Nc3ccc(OCc4cccc(F)c4)c(Cl)c3)c2[nH]1,620.0,6.2076083105017466,1,508.9850000000003
O=C(NCCN1CCCCC1)Nc1ccc2ncnc(Nc3ccc(OCc4cccc(F)c4)c(Cl)c3)c2c1,19.2,7.716698771296451,1,549.0500000000002
O=C(NCCN1CCOCC1)Nc1ccc(-c2cc3c(Nc4ccc(Oc5cccc(C(F)(F)F)c5)c(Cl)c4)ncnc3s2)cc1,1200.0,5.920818753952375,0,669.1290000000001
O=C(NCCO)C1=Cc2c(ncnc2Nc2ccc(Oc3cccc(C(F)(F)F)c3)c(Cl)c2)NCC1,29.0,7.5376020021010435,1,519.9110000000001
O=C(NCCO)C1=Cc2c(ncnc2Nc2ccc(Oc3cccc4sccc34)c(Cl)c2)NCC1,24.0,7.619788758288394,1,508.00300000000027
O=C(NCCc1ccc(O)c(Br)c1)/C(Cc1cc(Br)c(O)c(-c2cc(C/C(=N/O)C(=O)NCCc3ccc(O)c(Br)c3)cc(Br)c2O)c1)=N\O,2100.0,5.6777807052660805,0,942.2500000000001
O=C(NCCc1ccc(O)c(Br)c1)/C(Cc1cc(Br)c(O)c(Oc2ccc(CCNC(=O)/C(Cc3cc(Br)c(O)c(-c4cc(C/C(=N\O)C(=O)NCCc5ccc(O)c(Br)c5)cc(Br)c4O)c3)=N/O)cc2Br)c1)=N/O,2100.0,5.6777807052660805,0,1412.367
O=C(NCCn1ccc2ncnc(Nc3ccc(Oc4cccc5sncc45)c(Cl)c3)c21)[C@@H]1CCCN1,0.92,9.036212172654444,1,534.0450000000003
O=C(NCc1ccccc1)c1ccc(N(CCCl)CCCl)cc1,25870.0,4.587203571283457,0,351.27700000000004
O=C(NO)[C@H]1CC(CC(=O)N2CCCC2)CC[C@@H]1C(=O)N1CCN(c2ccccc2)CC1,99.0,7.00436480540245,1,442.5600000000002
O=C(NO)[C@H]1CC(CC(=O)N2CCCC2)CN[C@@H]1C(=O)N1CC=C(c2ccccc2)CC1,4.3,8.366531544420413,1,440.5440000000002
O=C(NO)[C@H]1CC(CC(=O)N2CCCC2)CN[C@@H]1C(=O)N1CCN(c2ccccc2)CC1,28.0,7.552841968657781,1,443.54800000000023
O=C(NO)[C@H]1CC(CC(=O)N2CCCC2)CN[C@@H]1C(=O)N1CC[C@H](c2ccccc2)C1,5.6,8.2518119729938,1,428.5330000000002
O=C(NO)[C@H]1CC(CC(=O)N2CCCCC2)CC[C@@H]1C(=O)N1CCN(c2ccccc2)CC1,60.0,7.221848749616356,1,456.58700000000016
O=C(NO)[C@H]1CC(CC(=O)N2CCOCC2)CC[C@@H]1C(=O)N1CCN(c2ccccc2)CC1,208.0,6.681936665037238,1,458.5590000000002
O=C(NO)[C@H]1CC(CC(=O)N2CC[C@@H](O)C2)CC[C@@H]1C(=O)N1CCN(c2ccccc2)CC1,226.0,6.645891560852599,1,458.55900000000025
O=C(NO)[C@H]1CC(OC(=O)N2CCCC2)CN[C@@H]1C(=O)N1CC=C(c2ccccc2)CC1,5.6,8.2518119729938,1,442.5160000000002
O=C(NO)[C@H]1CC(OC(=O)N2CCCC2)CN[C@@H]1C(=O)N1CC[C@H](c2ccccc2)C1,28.0,7.552841968657781,1,430.50500000000017
O=C(NO)[C@H]1CC(OC(=O)N2CCCC2)CN[C@@H]1C(=O)N1Cc2ccccc2C1,70.0,7.154901959985743,1,402.45100000000014
O=C(NO)[C@H]1CC2(CC2)CN[C@@H]1C(=O)N1CC=C(c2ccccc2)C1,13.0,7.886056647693163,1,341.41100000000006
O=C(NO)[C@H]1CC2(CC2)CN[C@@H]1C(=O)N1CC=C(c2ccccc2)CC1,18.0,7.7447274948966935,1,355.4380000000001
O=C(NO)[C@H]1CC2(CC2)CN[C@@H]1C(=O)N1CCC(c2ccccc2)C1,358.5,6.445510839996181,1,343.4270000000001
O=C(NO)[C@H]1CC2(CC2)CN[C@@H]1C(=O)N1CCC(c2ccccc2)CC1,140.0,6.853871964321762,1,357.4540000000001
O=C(NO)[C@H]1CC2(CC2)CN[C@@H]1C(=O)N1CCN(c2ccccc2)CC1,52.0,7.2839966563652006,1,358.4420000000001
O=C(NO)[C@H]1CC2(CC2)CN[C@@H]1C(=O)N1CCN2c3ccccc3CC2C1,280.0,6.552841968657781,1,370.45300000000015
O=C(NO)[C@H]1CC2(CC2)CN[C@@H]1C(=O)N1CC[C@H](c2ccccc2)C1,92.0,7.036212172654444,1,343.4270000000001
O=C(NO)[C@H]1CC2(CC[C@@H]1C(=O)N1CCN(c3ccccc3)CC1)CC2,100.0,7.0,1,357.4540000000002
O=C(NO)[C@H]1CCCC[C@@H]1C(=O)N1CCN(c2ccccc2)CC1,470.0,6.327902142064283,1,331.41600000000005
O=C(NO)[C@H]1CCCN[C@@H]1C(=O)N1CC[C@H](c2ccccc2)C1,560.0,6.251811972993799,1,317.38900000000007
O=C(NO)[C@H]1C[C@@H](CC(=O)N2CCCCC2)CC[C@@H]1C(=O)N1CCN(c2ccccc2)CC1,18.0,7.7447274948966935,1,456.58700000000016
O=C(NO)[C@H]1C[C@@H](OC(=O)N2CCCC2)CN[C@@H]1C(=O)N1CC=C(c2ccccc2)CC1,30.0,7.522878745280337,1,442.5160000000002
O=C(NO)[C@H]1C[C@H](CC(=O)N2CCCCC2)CC[C@@H]1C(=O)N1CCN(c2ccccc2)CC1,170.0,6.769551078621726,1,456.58700000000016
O=C(NO)[C@H]1C[C@H](OC(=O)N2CCCC2)CN[C@@H]1C(=O)N1CC=C(c2ccccc2)C1,11.0,7.958607314841775,1,428.48900000000015
O=C(NO)[C@H]1C[C@H](OC(=O)N2CCCC2)CN[C@@H]1C(=O)N1CCC(c2ccccc2)CC1,42.0,7.376750709602099,1,444.5320000000002
O=C(NO)[C@H]1C[C@H](OC(=O)N2CCCC2)CN[C@@H]1C(=O)N1CCN(c2ccccc2)CC1,3.8,8.42021640338319,1,445.5200000000002
O=C(NO)c1ccc(-c2cc3c(NCc4ccccc4)ncnc3[nH]2)cc1,100.0,7.0,1,359.389
O=C(NO)c1ccc(-c2ccc3ncnc(Nc4ccc(OCc5cccc(F)c5)c(Cl)c4)c3c2)o1,2.0,8.698970004336019,1,504.90500000000026
O=C(NO)c1ccc(-c2ccc3ncnc(Nc4ccc(OCc5cccc(F)c5)c(Cl)c4)c3c2)s1,3.5,8.455931955649724,1,520.9730000000002
O=C(Nc1c(F)cccc1F)c1cccc(-c2nc3ccccn3c2-c2ccnc(Nc3ccc(N4CCC(N5CCCCC5)CC4)cc3)n2)c1,100.0,7.0,1,684.7949999999997
O=C(Nc1cc2c(Nc3ccc(F)c(Cl)c3)ncnc2cc1O[C@H]1CCOC1)/C(F)=C/CN1CCOCC1,1574.0,5.802995271976954,0,545.9740000000003
O=C(Nc1ccc(-c2cc3c(Nc4ccc(Oc5cccc(C(F)(F)F)c5)c(Cl)c4)ncnc3s2)cc1)NC1CC1,37100.0,4.430626090384954,0,596.0339999999999
O=C(Nc1ccc(Br)cc1)c1cc(Br)cc(Br)c1O,5970.0,5.224025668870631,0,449.92400000000004
O=C(Nc1ccc(Br)cc1)c1ccc(N(CCCl)CCCl)cc1,2580.0,5.58838029403677,0,416.1460000000002
O=C(Nc1ccc(Cl)cc1)c1ccc(N(CCCl)CCCl)cc1,3330.0,5.47755576649368,0,371.69500000000005
O=C(Nc1ccc(F)cc1)c1ccc(N(CCCl)CCCl)cc1,3890.0,5.410050398674292,0,355.24
O=C(Nc1ccc(Nc2ncnc3cc4oc(=O)n(CCOC(=O)CBr)c4cc23)cc1)NC1CCCCC1,4700.0,5.327902142064283,0,583.4429999999999
O=C(Nc1ccc(Oc2ncnc3[nH]ncc23)cc1)Nc1ccc(Cl)c(C(F)(F)F)c1,10000.0,5.0,0,448.7920000000001
O=C(Nc1ccc(Oc2ncnc3scc(-c4ccccc4)c23)c(F)c1)c1cccn(-c2ccc(F)cc2)c1=O,10000.0,5.0,0,552.5620000000001
O=C(Nc1ccc([N+](=O)[O-])cc1)c1ccc(N(CCCl)CCCl)cc1,27190.0,4.565590792412499,0,382.24700000000007
O=C(Nc1ccc2ncnc(Nc3ccc(Oc4cccc(F)c4)c(Cl)c3)c2c1)c1ccc(CNCCO)cc1,12.0,7.920818753952375,1,558.0130000000003
O=C(Nc1ccc2ncnc(Nc3cccc(Br)c3)c2c1)c1ccc(C(F)(F)F)cc1O,96.0,7.017728766960431,1,503.2780000000001
O=C(Nc1cccc(-c2nc3sccn3c2-c2ccnc(Nc3ccc(N4CCOCC4)cc3)n2)c1)Oc1ccccc1,170.0,6.769551078621726,1,589.6810000000003
O=C(Nc1cccc(-c2nc3sccn3c2-c2ccnc(Nc3ccc(N4CCOCC4)cc3)n2)c1)c1c(F)cccc1F,86.0,7.0655015487564325,1,609.6620000000004
O=C(Nc1cccc(-c2nc3sccn3c2-c2ccnc(Nc3ccc(N4CCOCC4)cc3)n2)c1)c1ccccc1,4.8,8.318758762624412,1,573.6820000000004
O=C(Nc1cccc(-c2nc3sccn3c2-c2ccnc(Nc3ccc4c(c3)CCNC4)n2)c1)c1c(F)cccc1F,7.2,8.142667503568731,1,579.6360000000003
O=C(Nc1cccc(-c2nc3sccn3c2-c2ccnc(Nc3cccc(N4CCOCC4)c3)n2)c1)c1c(F)cccc1F,86.0,7.0655015487564325,1,609.6620000000004
O=C(Nc1cccc(-c2nc3sccn3c2-c2ccnc(Nc3ccccc3)n2)c1)c1ccccc1,6.3,8.200659450546418,1,488.5760000000001
O=C(Nc1cccc(-c2nc3sccn3c2-c2ccnc(Nc3ccccc3)n2)c1)c1ccccc1Cl,35.0,7.455931955649724,1,523.0210000000001
O=C(Nc1cccc(-c2nc3sccn3c2-c2ccncc2)c1)c1ccccc1Cl,240.0,6.619788758288394,1,430.9200000000001
O=C(Nc1cccc(C(F)(F)F)c1)c1ccc(C2CC2)c(-c2ccc3nc(Nc4cnn(C5CC5)c4)ncc3c2)c1,1000.0,6.0,1,554.5760000000002
O=C(Nc1cccc(C(F)(F)F)c1)c1cccc2cc(Oc3cc(CO)ncn3)ccc12,500.0,6.301029995663981,1,439.39300000000014
O=C(Nc1cccc(C(F)(F)F)c1)c1ccccc1NCc1ccncc1,1000.0,6.0,1,371.3620000000001
O=C(Nc1cccc(NC(=O)c2ccccn2)c1)NC1CCCCC1,64.0,7.1938200260161125,1,338.41100000000023
O=C(Nc1cccc(Oc2cc(Nc3ccc(OCc4cccc(F)c4)c(Cl)c3)ncn2)c1)c1ccc([N+](=O)[O-])cc1,10000.0,5.0,0,585.9790000000002
O=C(Nc1cccc2ccccc12)c1ccc(N(CCCl)CCCl)cc1,350.0,6.455931955649724,1,387.31000000000006
O=C(Nc1ccccc1)N(Cc1ccc(F)cc1)Cc1cc(Br)cc(Br)c1O,12420.0,4.905878404159439,0,508.18500000000006
O=C(Nc1ccccc1)N(Cc1ccc(F)cc1)Cc1cc(Cl)cc(Cl)c1O,9640.0,5.015922966097169,0,419.28300000000013
O=C(Nc1ccccc1)N(Cc1ccc(F)cc1)Cc1cccc(Br)c1O,5170.0,5.286509456906058,0,429.28900000000004
O=C(Nc1ccccc1)N(Cc1ccc(F)cc1)Cc1cccc(Cl)c1O,3450.0,5.462180904926726,0,384.8380000000001
O=C(Nc1ccccc1)N(Cc1ccc(O)cc1)Cc1cc(Br)cc(Br)c1O,4515.0,5.3453422453504755,0,506.194
O=C(Nc1ccccc1)N(Cc1ccc(O)cc1)Cc1cc(Cl)cc(Cl)c1O,2210.0,5.655607726314889,0,417.29200000000003
O=C(Nc1ccccc1)N(Cc1ccc(O)cc1)Cc1cccc(Br)c1O,2660.0,5.575118363368933,0,427.298
O=C(Nc1ccccc1)N(Cc1ccc(O)cc1)Cc1cccc(Cl)c1O,2270.0,5.6439741428068775,0,382.847
O=C(Nc1ccccc1)Nc1cccc(-c2nc3sccn3c2-c2ccnc(Nc3ccc(N4CCOCC4)cc3)n2)c1,170.0,6.769551078621726,1,588.6970000000001
O=C(Nc1ccccc1Br)c1ccc(N(CCCl)CCCl)cc1,9950.0,5.002176919254275,0,416.1460000000001
O=C(Nc1ccccc1Cl)c1ccc(N(CCCl)CCCl)cc1,12870.0,4.890421453095613,0,371.69500000000005
O=C(Nc1ccccc1F)c1ccc(N(CCCl)CCCl)cc1,15390.0,4.812761380168522,0,355.24
O=C(O)C1CCN(Cc2ccn3ncnc(Nc4ccc5c(cnn5Cc5cccc(F)c5)c4)c23)CC1,110.0,6.958607314841775,1,499.55000000000035
O=C(O)C1CN(Cc2ccc(OCc3ccc(Cl)c(Cl)c3)cc2)C1,10000.0,5.0,0,366.24400000000014
O=C(O)CNCc1ccc(-c2cc3c(Nc4ccc(OCc5ccccc5)cc4)ncnc3cn2)o1,19.0,7.721246399047171,1,481.51200000000017
O=C(O)COCc1ccn2ncnc(Nc3ccc4c(cnn4Cc4cccc(F)c4)c3)c12,18.0,7.7447274948966935,1,446.4420000000002
O=C(O)c1ccc(C(=O)/C(=C\c2ccc(F)c([N+](=O)[O-])c2)SCc2ccc(Br)cc2)cc1,10000.0,5.0,0,516.3440000000002
O=C(O)c1cccc2[nH]c(-c3n[nH]c4ncc(-c5cncc6ccccc56)cc34)nc12,100000.0,4.0,0,406.40500000000014
O=C(O[C@@H]1CN[C@@H](C#Cc2cc3ncnc(Nc4ccc(OCc5cccc(F)c5)c(Cl)c4)c3s2)C1)N1CCOCC1,32.0,7.494850021680094,1,608.0949999999999
O=C(O[C@@H]1CN[C@H](C#Cc2cc3ncnc(Nc4ccc(OCc5cccc(F)c5)c(Cl)c4)c3s2)C1)N1CCOCC1,40.0,7.3979400086720375,1,608.0949999999999
O=C(O[C@H]1CN[C@@H](C#Cc2cc3ncnc(Nc4ccc(OCc5cccc(F)c5)c(Cl)c4)c3s2)C1)N1CCOCC1,63.0,7.200659450546418,1,608.0949999999999
O=C(O[C@H]1CN[C@H](C#Cc2cc3ncnc(NCc4cccc(Oc5ccccc5)c4)c3s2)C1)N1CCOCC1,87.0,7.060480747381382,1,555.6600000000001
O=C(O[C@H]1CN[C@H](C#Cc2cc3ncnc(Nc4ccc(Cc5ccccc5)cc4)c3s2)C1)N1CCOCC1,60.0,7.221848749616356,1,539.6610000000002
O=C(O[C@H]1CN[C@H](C#Cc2cc3ncnc(Nc4ccc(OCc5cccc(F)c5)c(Cl)c4)c3s2)C1)N1CCCC1,32.0,7.494850021680094,1,592.0959999999999
O=C(O[C@H]1CN[C@H](C#Cc2cc3ncnc(Nc4ccc(OCc5cccc(F)c5)c(Cl)c4)c3s2)C1)N1CCNCC1,20.0,7.698970004336019,1,607.1109999999999
O=C(O[C@H]1CN[C@H](C#Cc2cc3ncnc(Nc4ccc(OCc5cccc(F)c5)c(Cl)c4)c3s2)C1)N1CCOCC1,74.5,7.127843727251707,1,608.0949999999999
O=C(O[C@H]1CN[C@H](C#Cc2cc3ncnc(Nc4ccc(OCc5cccc(F)c5)nc4)c3s2)C1)N1CCOCC1,450.0,6.346787486224656,1,574.638
O=C(O[C@H]1CN[C@H](C#Cc2cc3ncnc(Nc4ccc(OCc5ccccn5)c(Cl)c4)c3s2)C1)N1CCOCC1,30.0,7.522878745280337,1,591.093
O=C(O[C@H]1CN[C@H](C#Cc2cc3ncnc(Nc4ccc(OCc5cscn5)c(Cl)c4)c3s2)C1)N1CCOCC1,60.0,7.221848749616356,1,597.122
O=C(O[C@H]1CN[C@H](C#Cc2cc3ncnc(Nc4ccc(Oc5ccccn5)c(Cl)c4)c3s2)C1)N1CCOCC1,60.0,7.221848749616356,1,577.0659999999999
O=C(O[C@H]1CN[C@H](C#Cc2cc3ncnc(Nc4ccc(Oc5ccnc6ccc(F)cc56)c(Cl)c4)c3s2)C1)N1CCOCC1,180.0,6.7447274948966935,1,645.1159999999998
O=C(O[C@H]1CN[C@H](C#Cc2cc3ncnc(Nc4ccc(Sc5cccc(F)c5)c(Cl)c4)c3s2)C1)N1CCOCC1,800.0,6.096910013008056,1,610.1359999999999
O=C(O[C@H]1CN[C@H](C#Cc2cc3ncnc(Nc4ccc(Sc5ccccn5)cc4)c3s2)C1)N1CCOCC1,220.0,6.657577319177793,1,558.6890000000001
O=C(O[C@H]1CN[C@H](C#Cc2cc3ncnc(Nc4ccc5c(Oc6ccccn6)cccc5c4)c3s2)C1)N1CCOCC1,260.0,6.585026652029182,1,592.6809999999999
O=C(O[C@H]1CN[C@H](C#Cc2cc3ncnc(Nc4ccc5c(c4)c(F)cn5Cc4ccccc4)c3s2)C1)N1CCOCC1,210.0,6.6777807052660805,1,596.688
O=C(O[C@H]1CN[C@H](C#Cc2cc3ncnc(Nc4ccc5c(ccn5CCc5ccccc5)c4)c3s2)C1)N1CCOCC1,2660.0,5.575118363368933,0,592.725
O=C(O[C@H]1CN[C@H](C#Cc2cc3ncnc(Nc4ccc5c(ccn5Cc5ccccc5)c4)c3s2)C1)N1CCOCC1,60.0,7.221848749616356,1,578.698
O=C(O[C@H]1CN[C@H](C#Cc2cc3ncnc(Nc4ccc5c(ccn5Cc5cscn5)c4)c3s2)C1)N1CCOCC1,180.0,6.7447274948966935,1,585.7149999999999
O=C(O[C@H]1CN[C@H](C#Cc2cc3ncnc(Nc4ccc5c(ccn5S(=O)(=O)c5ccsc5)c4)c3s2)C1)N1CCOCC1,120.0,6.920818753952375,1,634.7649999999998
O=C(O[C@H]1CN[C@H](C#Cc2cc3ncnc(Nc4ccc5c(cnn5Cc5cc(F)ccc5F)c4)c3s2)C1)N1CCOCC1,35.0,7.455931955649724,1,615.6659999999998
O=C(O[C@H]1CN[C@H](C#Cc2cc3ncnc(Nc4ccc5c(cnn5Cc5cccc(F)c5)c4)c3s2)C1)N1CCOCC1,30.0,7.522878745280337,1,597.6759999999999
O=C(O[C@H]1CN[C@H](C#Cc2cc3ncnc(Nc4ccc5c(cnn5Cc5ccccc5)c4)c3s2)C1)N1CCOCC1,50.0,7.301029995663981,1,579.686
O=C(O[C@H]1CN[C@H](C#Cc2cc3ncnc(Nc4ccc5c(cnn5S(=O)(=O)c5cccc(F)c5)c4)c3s2)C1)N1CCOCC1,85.0,7.070581074285707,1,647.7139999999998
O=C(c1ccc(F)c(F)c1Nc1ccc(I)cc1F)N1CC(O)([C@@H]2CCCCN2)C1,10000.0,5.0,0,531.3160000000003
O=C1C(CO)=C(CO)C(=O)c2c(O)ccc(O)c21,11400.0,4.943095148663527,0,250.206
O=C1C2=C(C(=O)c3c(O)ccc(O)c31)[C@@H](O)[C@@H](O)[C@@H](O)C2,10800.0,4.966576244513051,0,292.24300000000005
O=C1CCC(N2C(=O)c3cccc(NCCOCCOCCN4CCN(Cc5ccc(-c6cc7c(NCc8ccccc8Cl)ncnc7[nH]6)cc5)CC4)c3C2=O)C(=O)N1,590.0,6.229147988357855,1,820.351
O=C1CCC(N2C(=O)c3cccc(NCCOCCOCCOCCN4CCN(Cc5ccc(-c6cc7c(NCc8ccccc8Cl)ncnc7[nH]6)cc5)CC4)c3C2=O)C(=O)N1,520.0,6.2839966563652006,1,864.404
O=C1CCC(N2C(=O)c3cccc(NCCOCCOCCOCCOCCN4CCN(Cc5ccc(-c6cc7c(NCc8ccccc8Cl)ncnc7[nH]6)cc5)CC4)c3C2=O)C(=O)N1,300.0,6.522878745280337,1,908.4569999999999
O=C1CCC(N2C(=O)c3cccc(NCCOCCOCCOCCOCCOCCN4CCN(Cc5ccc(-c6cc7c(NCc8ccccc8Cl)ncnc7[nH]6)cc5)CC4)c3C2=O)C(=O)N1,1200.0,5.920818753952375,0,952.51
O=C1CCC(N2C(=O)c3cccc(NCCOCCOCCOCCOc4ccc(-c5cc6c(NCc7ccccc7Cl)ncnc6[nH]5)cc4)c3C2=O)C(=O)N1,3700.0,5.431798275933005,0,782.2540000000002
O=C1CCC(N2C(=O)c3cccc(NCCOCCOCCOc4ccc(-c5cc6c(NCc7ccccc7Cl)ncnc6[nH]5)cc4)c3C2=O)C(=O)N1,30000.0,4.522878745280337,0,738.2010000000001
O=C1CCC(N2C(=O)c3cccc(NCCOCCOc4ccc(-c5cc6c(NCc7ccccc7Cl)ncnc6[nH]5)cc4)c3C2=O)C(=O)N1,30000.0,4.522878745280337,0,694.148
O=C1CCC(N2C(=O)c3cccc(NCCOCCc4ccc(-c5cc6c(NCc7ccccc7Cl)ncnc6[nH]5)cc4)c3C2=O)C(=O)N1,190.0,6.721246399047171,1,678.149
O=C1CCN(Cc2ccn3ncnc(Nc4ccc5c(cnn5Cc5cccc(F)c5)c4)c23)CCN1,750.0,6.1249387366083,1,484.5390000000002
O=C1CN(Cc2ccn3ncnc(Nc4ccc5c(cnn5Cc5cccc(F)c5)c4)c23)CCN1,200.0,6.698970004336019,1,470.5120000000002
O=C1CNCCN(Cc2ccn3ncnc(Nc4ccc5c(cnn5Cc5cccc(F)c5)c4)c23)C1,39.0,7.4089353929735005,1,484.53900000000027
O=C1CSC(N/N=C/c2cc(Br)cc(Br)c2O)=N1,3730.0,5.428291168191312,0,393.06000000000006
O=C1CSC(N/N=C/c2cc(Br)ccc2O)=N1,420.0,6.376750709602099,1,314.16400000000004
O=C1CSC(N/N=C/c2cc(Cl)cc(Cl)c2O)=N1,4510.0,5.345823458122039,0,304.1580000000001
O=C1CSC(N/N=C/c2cc(Cl)ccc2O)=N1,1780.0,5.749579997691106,0,269.713
O=C1CSC(N/N=C/c2cc(F)ccc2O)=N1,3590.0,5.444905551421681,0,253.258
O=C1CSC(N/N=C/c2ccc(Br)cc2)=N1,2430.0,5.614393726401688,0,298.165
O=C1CSC(N/N=C/c2ccc(Cl)cc2)=N1,2750.0,5.560667306169737,0,253.71400000000003
O=C1CSC(N/N=C/c2ccc(F)cc2)=N1,3890.0,5.410050398674292,0,237.25900000000001
O=C1CSC(N/N=C/c2ccc(O)cc2)=N1,6930.0,5.159266765388193,0,235.26800000000003
O=C1CSC(N/N=C/c2ccc([N+](=O)[O-])cc2)=N1,8460.0,5.0726296369609765,0,264.266
O=C1CSC(N/N=C/c2cccc(Br)c2)=N1,10260.0,4.988852639224203,0,298.165
O=C1CSC(N/N=C/c2cccc(Cl)c2)=N1,14340.0,4.843450848668219,0,253.71400000000003
O=C1CSC(N/N=C/c2cccc(F)c2)=N1,21750.0,4.662540738709344,0,237.25900000000001
O=C1CSC(N/N=C/c2cccc(O)c2)=N1,27830.0,4.555486793665957,0,235.26800000000003
O=C1CSC(N/N=C/c2cccc([N+](=O)[O-])c2)=N1,37640.0,4.4243503852447805,0,264.266
O=C1CSC(N2N=C(c3ccc(Br)cc3)CC2c2ccc(Br)cc2)=N1,3650.0,5.437707135543525,0,479.1970000000002
O=C1CSC(N2N=C(c3ccc(Br)cc3)CC2c2ccc(Cl)cc2)=N1,5870.0,5.231361898752385,0,434.74600000000015
O=C1CSC(N2N=C(c3ccc(Br)cc3)CC2c2ccc(F)cc2)=N1,8140.0,5.089375595110798,0,418.29100000000017
O=C1CSC(N2N=C(c3ccc(Br)cc3)CC2c2ccccc2)=N1,4870.0,5.3124710387853655,0,400.30100000000016
O=C1CSC(N2N=C(c3ccc(Cl)cc3)CC2c2ccc(Br)cc2)=N1,3840.0,5.4156687756324695,0,434.7460000000001
O=C1CSC(N2N=C(c3ccc(Cl)cc3)CC2c2ccc(Cl)cc2)=N1,9960.0,5.001740661576301,0,390.29500000000013
O=C1CSC(N2N=C(c3ccc(Cl)cc3)CC2c2ccc(F)cc2)=N1,16420.0,4.784626847216578,0,373.8400000000001
O=C1CSC(N2N=C(c3ccc(Cl)cc3)CC2c2ccccc2)=N1,7050.0,5.151810883008602,0,355.8500000000001
O=C1CSC(N2N=C(c3ccc(F)cc3)CC2c2ccc(Br)cc2)=N1,6240.0,5.204815410317576,0,418.29100000000005
O=C1CSC(N2N=C(c3ccc(F)cc3)CC2c2ccc(Cl)cc2)=N1,13160.0,4.8807441107220635,0,373.8400000000001
O=C1CSC(N2N=C(c3ccc(F)cc3)CC2c2ccc(F)cc2)=N1,18120.0,4.741841806659206,0,357.38500000000005
O=C1CSC(N2N=C(c3ccc(F)cc3)CC2c2ccccc2)=N1,10530.0,4.9775716288145135,0,339.39500000000004
O=C1CSC(N2N=C(c3ccccc3)CC2c2ccc(Br)cc2)=N1,3050.0,5.515700160653214,0,400.30100000000004
O=C1CSC(N2N=C(c3ccccc3)CC2c2ccc(Cl)cc2)=N1,4830.0,5.316052869248487,0,355.8500000000001
O=C1CSC(N2N=C(c3ccccc3)CC2c2ccc(F)cc2)=N1,6350.0,5.197226274708024,0,339.39500000000004
O=C1CSC(N2N=C(c3ccccc3)CC2c2ccccc2)=N1,5120.0,5.29073003902417,0,321.40500000000003
O=C1CSC(NN=C2CCC2)=N1,50000.0,4.301029995663981,0,183.23599999999996
O=C1CSC(NN=C2CCCC2)=N1,50000.0,4.301029995663981,0,197.26299999999995
O=C1CSC(NN=C2CCCCC2)=N1,50000.0,4.301029995663981,0,211.28999999999994
O=C1CSC(NN=C2CCCCCC2)=N1,47000.0,4.327902142064283,0,225.31699999999992
O=C1CSC(NN=C2CCCCCCC2)=N1,31000.0,4.508638306165727,0,239.3439999999999
O=C1Cc2c(cccc2Oc2ccc(Nc3ncnc4ccn(CCO)c34)cc2Cl)N1,1.6,8.795880017344075,1,435.8710000000002
O=C1Cc2cc(Oc3ccc(Nc4ncnc5ccn(CCO)c45)cc3Cl)ccc2N1,28.0,7.552841968657781,1,435.87100000000015
O=C1Cc2ccc(Oc3ccc(Nc4ncnc5ccn(CCO)c45)cc3Cl)cc2N1,130.0,6.886056647693163,1,435.87100000000015
O=C1Cc2cccc(Oc3ccc(Nc4ncnc5ccn(CCO)c45)cc3Cl)c2N1,1.5,8.823908740944319,1,435.87100000000015
O=C1N/C=C/c2ccc(c(Br)c2)Oc2cc(cc(Br)c2O)CCNC(=O)/C(=N/O)Cc2ccc(c(Br)c2)Oc2cc(cc(Br)c2O)C/C1=N\O,2800.0,5.552841968657781,0,938.218
O=C1N=C(C(=O)c2c[nH]c3ccccc23)N/C1=C\c1c[nH]c2cc(O)ccc12,7400.0,5.130768280269024,0,370.36800000000005
O=C1NC(=O)c2c1c1c3ccccc3n3c1c1c2c2ccccc2n1[C@@H]1O[C@H]3C[C@@H]1CO,250.0,6.6020599913279625,1,423.42800000000017
O=C1NCCc2cc(Br)c(O)c(c2)Oc2c(Br)cc(cc2Br)CCNC(=O)/C(=N/O)Cc2cc(Br)c(O)c(c2)Oc2c(Br)cc(cc2Br)C/C1=N\O,7000.0,5.154901959985743,0,1098.0259999999998
O=C1NCCc2ccc(O)c(c2)Oc2c(Br)cc(cc2Br)CCNC(=O)/C(=N/O)Cc2cc(Br)c(O)c(c2)Oc2c(Br)cc(cc2Br)C/C1=N\O,4500.0,5.346787486224656,0,1019.1299999999999
O=C1NCc2c(Oc3ccc(Nc4ncnc5ccn(CCO)c45)cc3Cl)cccc21,150.0,6.823908740944319,1,435.87100000000015
O=C1NCc2cc(Oc3ccc(Nc4ncnc5ccn(CCO)c45)cc3Cl)ccc21,18.0,7.7447274948966935,1,435.87100000000015
O=C1NCc2ccc(Oc3ccc(Nc4ncnc5ccn(CCO)c45)cc3Cl)cc21,1.3,8.886056647693163,1,435.87100000000015
O=C1NCc2cccc(Oc3ccc(Nc4ncnc5ccn(CCO)c45)cc3Cl)c21,2.5,8.602059991327963,1,435.87100000000015
O=C1Nc2cc(F)ccc2/C1=C/c1ccc[nH]1,100000.0,4.0,0,228.226
O=C1Nc2ccc(Br)cc2/C1=C/c1ccc(N2CCOCC2)cc1,10000.0,5.0,0,385.2610000000002
O=C1Nc2ccc(Cl)cc2/C1=C/c1ccc(N2CCOCC2)cc1,10000.0,5.0,0,340.8100000000002
O=C1Nc2ccc(Cl)cc2/C1=C/c1ccc[nH]1,100000.0,4.0,0,244.681
O=C1Nc2ccc([N+](=O)[O-])cc2/C1=C/c1ccc[nH]1,100000.0,4.0,0,255.233
O=C1Nc2ccccc2/C1=C/c1cc(Br)cs1,100000.0,4.0,0,306.18399999999997
O=C1Nc2ccccc2/C1=C/c1ccc(Br)cc1,100000.0,4.0,0,300.155
O=C1Nc2ccccc2/C1=C/c1ccc(C(=O)O)cc1,100000.0,4.0,0,265.268
O=C1Nc2ccccc2/C1=C/c1ccc(N2CCCC2)cc1,100000.0,4.0,0,290.366
O=C1Nc2ccccc2/C1=C/c1ccc(N2CCCCC2)cc1,92600.0,4.033389013318065,0,304.39300000000003
O=C1Nc2ccccc2/C1=C/c1ccc(N2CCOCC2)cc1,100000.0,4.0,0,306.365
O=C1Nc2ccccc2/C1=C/c1ccc(O)cc1,100000.0,4.0,0,237.25799999999998
O=C1Nc2ccccc2/C1=C/c1ccc[nH]1,100000.0,4.0,0,210.236
O=C1Nc2ccccc2/C1=C/c1n[nH]cc1Cl,100000.0,4.0,0,245.66899999999998
O=C1Nc2ccccc2/C1=C/c1sccc1Br,100000.0,4.0,0,306.18399999999997
O=C1Nc2ccccc2/C1=C\c1ccco1,100000.0,4.0,0,211.21999999999997
O=C1c2c(O)ccc(O)c2C(=O)c2c(NCCNCCO)ccc(NCCNCCO)c21,2035.2,5.69139290603168,0,444.4880000000002
O=CN1CCN(c2ccc(/C=C3\C(=O)Nc4ccc(Br)cc43)cc2)CC1,50000.0,4.301029995663981,0,412.2870000000001
O=CN1CCN(c2ccc(/C=C3\C(=O)Nc4ccccc43)cc2)CC1,90200.0,4.044793462458058,0,333.39100000000013
O=NN(CCCl)C(=O)Nc1ccc2ncnc(Nc3cccc(Br)c3)c2c1,1150.0,5.939302159646388,0,449.6960000000001
O=NN(CCCl)C(=O)Nc1ccc2ncnc(Nc3cccc(Cl)c3)c2c1,5400.0,5.267606240177032,0,405.24500000000006
O=S(=O)(CCCCNCc1ccc(-c2ccc3ncnc(Nc4ccc(OCc5ccccc5)c(Cl)c4)c3c2)o1)c1ccccc1,38.0,7.42021640338319,1,653.2040000000002
O=S(=O)(CCNCc1ccc(-c2ccc3ncnc(Nc4ccc(OCc5cccc(F)c5)c(C(F)(F)F)c4)c3c2)o1)c1ccccn1,30.0,7.522878745280337,1,677.6800000000003
O=S(=O)(CCNCc1ccc(-c2ccc3ncnc(Nc4ccc(OCc5cccc(F)c5)c(Cl)c4)c3c2)o1)c1ccccc1,30.0,7.522878745280337,1,643.1400000000002
O=S(=O)(CCO)CCn1ccc2ncnc(Nc3ccc(Oc4cccc(C(F)(F)F)c4)c(Cl)c3)c21,12.0,7.920818753952375,1,540.9510000000001
O=S(=O)(CCOCc1ccc(-c2ccc3ncnc(Nc4ccc(OCc5cccc(F)c5)c(Cl)c4)c3c2)o1)c1ccccc1,28.0,7.552841968657781,1,644.1240000000003
O=S(=O)(NCCc1cccc(F)c1)c1cc(-c2ccc(-c3cccs3)s2)cc(C(F)(F)F)c1,31500.0,4.501689446210399,0,511.5870000000001
O=S(=O)(NCCc1cccc(F)c1)c1cc(-c2ccc(COc3cccc(C(F)(F)F)c3)cc2)cc(C(F)(F)F)c1,18000.0,4.7447274948966935,0,597.5520000000002
O=S(=O)(NCCc1cccc(F)c1)c1cc(-c2cccc3c2Sc2ccccc2S3)cc(C(F)(F)F)c1,10400.0,4.982966660701219,0,561.6470000000003
O=S(=O)(NCCc1cccc(F)c1)c1cc(-c2ccccc2COc2cccc(C(F)(F)F)c2)cc(C(F)(F)F)c1,9710.0,5.012780770091995,0,597.5520000000002
O=S(=O)(Nc1ccc(Cl)cc1O)c1ccccc1,31000.0,4.508638306165727,0,283.736
O=S(=O)(c1ccc2[nH]c3nccc(Nc4cccc(O)c4)c3c2c1)N1CCN(CCO)CC1,376.0,6.424812155072339,1,467.5510000000004
O=S(=O)(c1ccc2[nH]c3nccc(Nc4cccc(O)c4)c3c2c1)N1CCOCC1,298.0,6.525783735923745,1,424.4820000000003
O=S(=O)(c1ccc2[nH]c3nccc(Nc4cccc(OCc5ccccc5)c4)c3c2c1)N1CCOCC1,28300.0,4.548213564475709,0,514.6070000000003
O=S1(=O)N=S(c2ccc(Br)cc2)c2ccc(C(F)(F)F)cc21,40000.0,4.3979400086720375,0,410.2360000000001
O=S1(=O)N=S(c2ccc(Br)cc2)c2ccc(F)cc21,40000.0,4.3979400086720375,0,360.2290000000001
O=S1(=O)N=S(c2ccc(Br)cc2)c2ccc(NS(=O)(=O)c3ccccc3)cc21,40000.0,4.3979400086720375,0,497.4170000000002
O=S1(=O)N=S(c2ccc(Br)cc2)c2ccncc21,590.0,6.229147988357855,1,343.2270000000001
O=[N+]([O-])c1ccc2c(c1)S(=O)(=O)N=S2c1ccc(Br)cc1,2000.0,5.698970004336019,0,387.236
O=[N+]([O-])c1cccc(-c2nc3sccn3c2-c2ccnc(Nc3ccccc3)n2)c1,6000.0,5.221848749616356,0,414.45000000000005
O=[N+]([O-])c1cccc(Nc2ccnc3[nH]c4ccc(Br)cc4c23)c1,8830.0,5.054039296422431,0,383.20500000000004
O=[N+]([O-])c1cccc(Oc2cc(Nc3ccc(OCc4cccc(F)c4)c(Cl)c3)ncn2)c1,2421.0,5.616005210558267,0,466.8560000000001
O=c1[nH]cnc2[nH]c(-c3ccnc(/C=C/c4ccc(CN5CCOCC5)cc4)c3)cc12,10000.0,5.0,0,413.4810000000003
O=c1oc2c(O)c(O)cc3c(=O)oc4c(O)c(O)cc1c4c23,3540.0,5.450996737974212,0,302.194
OB(O)c1ccc2ncnc(Nc3ccc(F)c(Cl)c3)c2c1,1000.0,6.0,1,317.516
OB(O)c1ccc2ncnc(Nc3cccc(Cl)c3)c2c1,1000.0,6.0,1,299.526
OC1CCN(CCCOc2n[nH]c3ncnc(Nc4ccc(OCc5ccccn5)c(Cl)c4)c23)CC1,6.0,8.221848749616356,1,509.99800000000033
OC1CCN(CCOc2n[nH]c3ncnc(Nc4ccc(OCc5cccc(F)c5)c(Cl)c4)c23)CC1,10.0,8.0,1,512.9730000000003
OC1CCN(CCOc2n[nH]c3ncnc(Nc4ccc(OCc5ccccn5)c(Cl)c4)c23)CC1,70.0,7.154901959985743,1,495.9710000000003
OC1CCN(Cc2ccn3ncnc(Nc4ccc5c(cnn5Cc5cccc(F)c5)c4)c23)CC1,63.0,7.200659450546418,1,471.54000000000025
OCCCCCn1ccc2ncnc(Nc3ccc(Oc4cccc(C(F)(F)F)c4)c(Cl)c3)c21,15.0,7.823908740944319,1,490.9130000000002
OCCN1CCN(CCCN2c3ccccc3Sc3ccc(C(F)(F)F)cc32)CC1,19570.0,4.708409174341999,0,437.5310000000002
OCCNC1CCN(Cc2ccn3ncnc(Nc4ccc5c(cnn5Cc5cccc(F)c5)c4)c23)CC1,31.0,7.508638306165727,1,514.6090000000003
OCCNCCn1ccc2ncnc(Nc3ccc(Oc4cccc(C(F)(F)F)c4)c(Cl)c3)c21,7.7,8.113509274827518,1,491.90100000000024
OCCNCc1ccn2ncnc(Nc3ccc4c(cnn4Cc4cccc(F)c4)c3)c12,47.0,7.327902142064283,1,431.4750000000002
OCCOCCn1ccc2ncnc(Nc3ccc(Oc4cccc(C(F)(F)F)c4)c(Cl)c3)c21,5.1,8.292429823902063,1,492.88500000000016
OCCOCCn1ccc2ncnc(Nc3ccc(Oc4cccc(Cl)c4)c(Cl)c3)c21,2.1,8.67778070526608,1,459.33300000000025
OCCOCCn1ccc2ncnc(Nc3ccc(Oc4cccc(OC(F)(F)F)c4)c(Cl)c3)c21,8.4,8.075720713938118,1,508.8840000000002
OCCOCCn1ccc2ncnc(Nc3cnc(Oc4cccc(C(F)(F)F)c4)c(Cl)c3)c21,11.0,7.958607314841775,1,493.8730000000002
OCCOc1n[nH]c2ncnc(Nc3ccc(OCc4ccccn4)c(Cl)c3)c12,4.0,8.397940008672037,1,412.83700000000016
OCCSCCn1ccc2ncnc(Nc3ccc(Oc4cccc(C(F)(F)F)c4)c(Cl)c3)c21,9.4,8.0268721464003,1,508.95300000000026
OCCn1ccc2ncnc(Nc3ccc(Oc4cccc(C(F)(F)F)c4)c(Cl)c3)c21,12.0,7.920818753952375,1,448.83200000000005
OCCn1ccc2ncnc(Nc3ccc(Oc4cccc(Cl)c4)c(Cl)c3)c21,4.1,8.387216143280265,1,415.28000000000014
OCCn1ccc2ncnc(Nc3ccc(Oc4cccc(OC(F)(F)F)c4)c(Cl)c3)c21,29.0,7.5376020021010435,1,464.8310000000001
OCCn1ccc2ncnc(Nc3ccc(Oc4cccc5[nH]ccc45)c(Cl)c3)c21,2.5,8.602059991327963,1,419.8720000000001
OCCn1ccc2ncnc(Nc3ccc(Oc4cccc5[nH]ncc45)c(Cl)c3)c21,1.7,8.769551078621726,1,420.86000000000007
OCCn1ccc2ncnc(Nc3ccc(Oc4cccc5sccc45)c(Cl)c3)c21,6.0,8.221848749616356,1,436.92400000000015
OCCn1ccc2ncnc(Nc3ccc(Oc4cccc5sncc45)c(Cl)c3)c21,2.1,8.67778070526608,1,437.9120000000001
OC[C@H](Nc1cnc(-c2cc(Cl)ccc2O)c(-c2ccc3cnccc3c2)c1)c1ccccc1,1.0,9.0,1,467.9560000000002
OCc1ccc(-c2cc3c(Nc4ccc(OCc5ccccc5)cc4)ncnc3cn2)o1,4.0,8.397940008672037,1,424.4600000000001
OCc1ccc(-c2cc3ncnc(Nc4ccc(OCc5cccc(F)c5)c(Cl)c4)c3s2)o1,122.0,6.913640169325252,1,481.9360000000002
OCc1ccc(C#Cc2cncnc2Nc2ccc(OCc3cccc(F)c3)c(Cl)c2)o1,47.0,7.327902142064283,1,449.86900000000014
OCc1cccc(C#Cc2cncnc2Nc2ccc(OCc3cccc(F)c3)c(Cl)c2)n1,13.0,7.886056647693163,1,460.89600000000024
OCc1cccc2[nH]c(-c3n[nH]c4ncc(-c5cncc6ccccc56)cc34)nc12,240.0,6.619788758288394,1,392.42200000000014
OCc1ccn2ncnc(Nc3ccc4c(cnn4Cc4cccc(F)c4)c3)c12,110.0,6.958607314841775,1,388.4060000000002
OCc1nc(C#Cc2cncnc2Nc2ccc(OCc3cccc(F)c3)c(Cl)c2)cs1,160.0,6.795880017344075,1,466.9250000000002
O[C@@H]1CNCCN(Cc2ccn3ncnc(Nc4ccc5c(cnn5Cc5cccc(F)c5)c4)c23)C1,76.0,7.119186407719209,1,486.5550000000003
O[C@H]1CNCCN(Cc2ccn3ncnc(Nc4ccc5c(cnn5Cc5cccc(F)c5)c4)c23)C1,16.0,7.795880017344075,1,486.5550000000003
O[C@H]1CN[C@H](C#Cc2cc3ncnc(Nc4ccc(OCc5cccc(F)c5)c(Cl)c4)c3s2)C1,11.0,7.958607314841775,1,494.9790000000002
Oc1c(Br)cc(Br)cc1CN(Cc1ccc(F)cc1)C(=S)Nc1ccccc1,6730.0,5.171984935776023,0,524.2530000000003
Oc1c(Br)cccc1CN(Cc1ccc(F)cc1)C(=S)Nc1ccccc1,1885.0,5.724688645458189,0,445.3570000000001
Oc1c(Cl)cc(Cl)c(Cl)c1Cc1c(O)c(Cl)cc(Cl)c1Cl,3318.8,5.479018918580702,0,406.90700000000004
Oc1c(Cl)cc(Cl)cc1CN(Cc1ccc(F)cc1)C(=S)Nc1ccccc1,6490.0,5.187755303199631,0,435.35100000000006
Oc1c(Cl)cc(Cl)cc1Sc1cc(Cl)cc(Cl)c1O,2147.0,5.668167955563751,0,356.057
Oc1c(Cl)cccc1CN(Cc1ccc(F)cc1)C(=S)Nc1ccccc1,1410.0,5.85078088734462,0,400.906
Oc1c(I)cc(I)c2cccnc12,8577.0,5.066664589922349,0,396.95300000000003
Oc1cc2c(cc1O)[C@@H]1c3ccc(O)c(O)c3OC[C@]1(O)C2,960.0,6.017728766960431,1,302.2820000000001
Oc1cc2cc(-c3ccncc3)cnc2cc1O,10000.0,5.0,0,238.24599999999998
Oc1ccc(CN(Cc2cc(Br)cc(Br)c2O)C(=S)Nc2ccccc2)cc1,2240.0,5.649751981665837,0,522.2620000000002
Oc1ccc(CN(Cc2cc(Cl)cc(Cl)c2O)C(=S)Nc2ccccc2)cc1,1230.0,5.910094888560602,0,433.36000000000007
Oc1ccc(CN(Cc2cccc(Br)c2O)C(=S)Nc2ccccc2)cc1,660.0,6.180456064458132,1,443.3660000000001
Oc1ccc(CN(Cc2cccc(Cl)c2O)C(=S)Nc2ccccc2)cc1,350.0,6.455931955649724,1,398.9150000000001
Oc1ccc2ncnc(Nc3ccc(OCc4ccccc4)cc3)c2c1,263.0,6.580044251510242,1,343.386
Oc1cccc(Nc2ccnc3[nH]c4ccc(Br)cc4c23)c1,29.0,7.5376020021010435,1,354.2070000000001
Oc1cccc(Nc2ccnc3[nH]c4ccccc4c23)c1,1300.0,5.886056647693163,0,275.31100000000004
[O-][S+](CCO)CCn1ccc2ncnc(Nc3ccc(Oc4cccc(C(F)(F)F)c4)c(Cl)c3)c21,12.0,7.920818753952375,1,524.9520000000001
[O-][S+]1CCN(Cc2ccc(-c3cc4c(Nc5ccc(OCc6cccc(F)c6)cc5)ncnc4cn3)o2)CC1,21.0,7.6777807052660805,1,543.6240000000001
[O-][S+]1CCN(Cc2ccc(-c3ccc4ncnc(Nc5ccc(OCc6cccc(F)c6)c(C(F)(F)F)c5)c4c3)o2)CC1,141.0,6.85078088734462,1,610.6330000000002
[O-][S+]1CCN(Cc2ccc(-c3ccc4ncnc(Nc5ccc(OCc6cccc(F)c6)c(Cl)c5)c4c3)o2)CC1,18.0,7.7447274948966935,1,577.0810000000001
[O-][S+]1CCN(Cc2ccc(-c3ccc4ncnc(Nc5ccc(OCc6ccccc6)c(Cl)c5)c4c3)o2)CC1,23.0,7.638272163982407,1,559.0910000000002
[O-][S+]1CCN(Cc2ccc(-c3ccc4ncnc(Nc5ccc(OCc6ccccc6)c(F)c5)c4c3)o2)CC1,35.0,7.455931955649724,1,542.6360000000001
c1ccc(-c2n[nH]c3c2oc2ccccc23)cc1,10000.0,5.0,0,234.258
c1ccc(-c2nnc(Cc3nc4ccccc4[nH]3)o2)cc1,40000.0,4.3979400086720375,0,276.29900000000004
c1ccc(C(c2ccccc2)c2nnc(Cc3nc4ccccc4[nH]3)o2)cc1,57600.0,4.239577516576788,0,366.424
c1ccc(C2=NN(c3ccccc3)C(c3ccc4ccccc4c3)C2)cc1,1890.0,5.723538195826756,0,348.4490000000001
c1ccc(C2=NN(c3ccccc3)C(c3cccc4ccccc34)C2)cc1,3830.0,5.416801226031377,0,348.4490000000001
c1ccc(Cc2nc3cc(Nc4ncnc5nn6ccccc6c45)ccc3[nH]2)cc1,1580.0,5.801342913045577,0,391.4380000000001
c1ccc(Cc2nc3ccc(Nc4ncnc5ccccc45)cc3[nH]2)cc1,1300.0,5.886056647693163,0,351.41300000000007
c1ccc(Cc2nnc(Cc3nc4ccccc4[nH]3)o2)cc1,36900.0,4.432973633840939,0,290.326
c1ccc(Cn2ccc3cc(Nc4ncnc5ccccc45)ccc32)cc1,1300.0,5.886056647693163,0,350.42500000000007
c1ccc(Cn2cnc3cc(Nc4ncnc5ccccc45)ccc32)cc1,27000.0,4.568636235841013,0,351.4130000000001
c1ccc(Cn2cnc3ccc(Nc4ncnc5ccccc45)cc32)cc1,21000.0,4.6777807052660805,0,351.4130000000001
c1ccc(Cn2ncc3cc(Nc4ncnn5ccc(COC[C@@H]6CNCCO6)c45)ccc32)nc1,380.0,6.42021640338319,1,470.5370000000004
c1ccc(OCc2nnc(Cc3nc4ccccc4[nH]3)o2)cc1,52400.0,4.280668713016273,0,306.325
c1ccc(Oc2ccc(Nc3ccnc4ccccc34)cc2)cc1,733.0,6.134896025358872,1,312.372
c1ccc2c(-c3cnc4[nH]nc(-c5nc6cc(N7CCOCC7)ccc6[nH]5)c4c3)cncc2c1,100000.0,4.0,0,447.50200000000024
c1ccc2c(-c3cnc4[nH]nc(-c5nc6ccccc6[nH]5)c4c3)cncc2c1,140.0,6.853871964321762,1,362.3960000000001
c1ccc2c(Cc3nnc(Cc4nc5ccccc5[nH]4)o3)cccc2c1,8800.0,5.055517327849832,0,340.386
c1ccc2c(c1)cc1ccc3cccc4ccc2c1c34,41503.0,4.381920509640779,0,252.31599999999997
c1ccc2sc(-c3ccc(Nc4ncnc5[nH]ccc45)cc3)nc2c1,3100.0,5.508638306165727,0,343.4150000000001
c1ccc2sc(-c3ccc(Nc4ncnc5ccsc45)cc3)nc2c1,10000.0,5.0,0,360.4670000000001
c1cnc2ccc(Nc3ncnc4ccc(-c5cnn(C6CCNCC6)c5)cc34)cc2c1,1350.0,5.8696662315049934,0,421.5080000000002
c1cncc(Cn2ncc3cc(Nc4ncnn5ccc(COC[C@@H]6CNCCO6)c45)ccc32)c1,410.0,6.3872161432802645,1,470.5370000000004
