SMILES,IC50,pIC50,Activity,MolWt
C#CC1(NCc2cc(-c3ccc4c(N5CCOC[C@@H]5C)nc(N5CCOC[C@@H]5C)nc4n3)ccc2OC)CCCCC1,60.0,7.221848749616356,1,570.7379999999999
C#CCN(C)C(=O)c1cc(-c2ccc3c(N4CCOC[C@@H]4C)nc(N4CCOC[C@@H]4C)nc3n2)ccc1F,140.0,6.853871964321762,1,518.5930000000003
C#CCN(C)C(=O)c1cccc(-c2ccc3c(N4CCOC[C@@H]4C)nc(N4CCOC[C@@H]4C)nc3n2)c1,120.0,6.920818753952375,1,500.60300000000035
C#CCN1CCN(C(=O)c2c(F)cc(-c3ncnc(CC)c3C#Cc3ccc(N)nc3)cc2F)CC1,8.6,8.065501548756432,1,486.52600000000035
C#CCN1CCN(C(=O)c2ccc(-c3ncnc(CC)c3C#Cc3ccc(N)nc3)cc2F)CC1,2.49,8.603800652904264,1,468.5360000000003
C#CCNc1nc(C)nc(-n2c(Nc3cc[nH]n3)nc3ccccc32)n1,543.3333333333334,6.2649336503157045,1,345.3700000000001
C(#CC1CC1)c1n[nH]c2ccccc12,75000.0,4.1249387366083,0,182.22600000000003
C(#CC1CCCC1)c1n[nH]c2ccccc12,75000.0,4.1249387366083,0,210.28000000000003
C(#Cc1n[nH]c2ccccc12)c1ccccc1,75000.0,4.1249387366083,0,218.259
C(#Cc1n[nH]c2ccccc12)c1ccccn1,75000.0,4.1249387366083,0,219.24699999999999
C(#Cc1n[nH]c2ccccc12)c1cccnc1,75000.0,4.1249387366083,0,219.24699999999999
C(#Cc1n[nH]c2ccccc12)c1ccncc1,12150.0,4.915423722065669,0,219.24699999999999
C(#Cc1n[nH]c2ccccc12)c1ccsc1,100000.0,4.0,0,224.28799999999998
C(#Cc1n[nH]c2ncccc12)c1cccnc1,7500.0,5.1249387366083,0,220.235
C(#Cc1n[nH]c2ncccc12)c1ccncc1,14550.0,4.8371370066780734,0,220.235
C/C(=N\NC(=O)c1ccc(C)c(Br)c1)c1ccc(C(F)(F)F)cc1,4760.0,5.3223930472795065,0,399.21000000000004
C/C(=N\NC(=O)c1ccc(C)c(Br)c1)c1ccc(N)cc1,7300.0,5.136677139879544,0,346.22800000000007
C/C(=N\NC(=O)c1ccc(C)c(Br)c1)c1ccc(O)cc1,2010.0,5.696803942579511,0,347.21200000000005
C/C(=N\NC(=O)c1ccc(C)c(Br)c1)c1ccncc1,5240.0,5.280668713016273,0,332.201
C/C(=N\NC(=O)c1ccc(C)c(F)c1)c1ccc(C(=O)Nc2cc(N3CCOCC3)ccn2)cc1,3830.0,5.416801226031377,0,475.5240000000002
C/C(=N\NC(=O)c1ccc(C)c(F)c1)c1ccc(N)cc1,4320.0,5.364516253185088,0,285.322
C/C(=N\NC(=O)c1ccc(C)c(I)c1)N1CCOCC1,1020.0,5.991399828238082,0,387.2210000000002
C/C(=N\NC(=O)c1ccc(C)c(I)c1)c1ccc(C(F)(F)F)cc1,1980.0,5.703334809738469,0,446.21000000000004
C/C(=N\NC(=O)c1ccc(C)c(I)c1)c1ccc(N)cc1,5080.0,5.294136287716081,0,393.22800000000007
C/C(=N\NC(=O)c1ccc(C)c(I)c1)c1ccncc1,1660.0,5.779891911959945,0,379.201
C/C(=N\NC(=O)c1cccc(Br)c1)N1CCOCC1,950.0,6.022276394711152,1,326.1940000000002
C/C(=N\NC(=O)c1cccc(Br)c1)c1cc(O)cc(O)c1,8200.0,5.086186147616283,0,349.184
C/C(=N\NC(=O)c1cccc(Br)c1)c1ccc(C(=O)NN2CCOCC2)cc1,4840.0,5.315154638355588,0,445.31700000000023
C/C(=N\NC(=O)c1cccc(Br)c1)c1ccc(C(=O)Nc2cc(N3CCOCC3)ccn2)cc1,2450.0,5.610833915635467,0,522.4030000000004
C/C(=N\NC(=O)c1cccc(Br)c1)c1ccc(C(=O)Nc2cc[nH]n2)cc1,1290.0,5.889410289700751,0,426.27400000000006
C/C(=N\NC(=O)c1cccc(Br)c1)c1ccc(C(=O)Nc2nc3ccccc3[nH]2)cc1,304.0,6.517126416391246,1,476.3340000000001
C/C(=N\NC(=O)c1cccc(Br)c1)c1ccc(C(=O)O)cc1,690.0,6.161150909262744,1,361.19500000000005
C/C(=N\NC(=O)c1cccc(Br)c1)c1ccc(N)cc1,6210.0,5.20690839982342,0,332.201
C/C(=N\NC(=O)c1cccc(F)c1)N1CCOCC1,43600.0,4.360513510731414,0,265.28799999999995
C/C(=N\NC(=O)c1cccc(F)c1)c1ccc(C(=O)Nc2nc3ccccc3[nH]2)cc1,830.0,6.080921907623926,1,415.42800000000005
C/C(=N\NC(=O)c1cccc(F)c1)c1ccc(O)cc1O,4220.0,5.374687549038326,0,288.278
C/C(=N\NC(=O)c1cccc(I)c1)c1ccc(C(=O)O)cc1,820.0,6.086186147616283,1,408.1950000000001
C/C(=N\NC(=O)c1cccc(I)c1)c1ccc(N)cc1,4790.0,5.319664486585437,0,379.2010000000001
C/C(=N\NC(=O)c1cccc(I)c1)c1ccncc1,1170.0,5.931814138253839,0,365.17400000000004
C=C1C(=O)OCC1C(=O)N1Cc2cc3ccccc3nc2C1,7000.0,5.154901959985743,0,294.31000000000006
C=CC(=O)N1CCC(Cn2cc(-c3ccc4c(c3)OCO4)c3c(N)ncnc32)CC1,10000.0,5.0,0,405.45800000000025
C=CC(=O)N1CCc2ccc(-n3c(=O)ccc4cnc5ccc(-c6ccc(N)nc6)cc5c43)cc21,98.0,7.008773924307505,1,459.50900000000024
C=CC(=O)N1CCc2ccc(-n3c(=O)ccc4cnc5ccc(-c6ccc(N7CCN(C)CC7)cc6)cc5c43)cc21,516.0,6.287350298372789,1,541.6550000000003
C=CC(=O)N1CCc2ccc(-n3c(=O)ccc4cnc5ccc(-c6ccc(S(=O)(=O)NC(C)(C)C)cc6)cc5c43)cc21,536.0,6.27083521030723,1,578.6940000000002
C=CC(=O)N1CCc2ccc(-n3c(=O)ccc4cnc5ccc(-c6cn[nH]c6)cc5c43)cc21,209.0,6.679853713888946,1,433.4710000000002
C=CC(=O)N1CCc2ccc(-n3c(=O)ccc4cnc5ccc(-c6cnc7ccccc7c6)cc5c43)cc21,59.0,7.229147988357855,1,494.55400000000026
C=CC(=O)N1CCc2ccc(-n3c(=O)ccc4cnc5ccc(-c6cnn(C)c6)cc5c43)cc21,1200.0,5.920818753952375,0,447.4980000000002
C=CC(=O)Nc1cc(-n2c(=O)ccc3cnc4ccc(-c5ccc(N)nc5)cc4c32)ccc1C,17.0,7.769551078621726,1,447.4980000000002
C=CC(=O)Nc1cc(-n2c(=O)ccc3cnc4ccc(-c5ccc(NS(C)(=O)=O)cc5)cc4c32)ccc1C,325.0,6.488116639021126,1,524.6020000000002
C=CC(=O)Nc1cc(-n2c(=O)ccc3cnc4ccc(-c5ccc6c(c5)OCCO6)cc4c32)ccc1C,642.0,6.192464971931146,1,489.53100000000035
C=CC(=O)Nc1cc(-n2c(=O)ccc3cnc4ccc(-c5ccccc5)cc4c32)ccc1C,210.0,6.6777807052660805,1,431.4950000000002
C=CC(=O)Nc1cc(-n2c(=O)ccc3cnc4ccc(-c5cccnc5)cc4c32)ccc1C,1.0,9.0,1,432.4830000000002
C=CC(=O)Nc1cc(-n2c(=O)ccc3cnc4ccc(-c5ccoc5)cc4c32)ccc1C,4790.0,5.319664486585437,0,421.4560000000002
C=CC(=O)Nc1cc(-n2c(=O)ccc3cnc4ccc(-c5ccsc5)cc4c32)ccc1C,369.0,6.432973633840939,1,437.52400000000017
C=CC(=O)Nc1cc(-n2c(=O)ccc3cnc4ccc(-c5cn[nH]c5)cc4c32)ccc1C,22.0,7.657577319177793,1,421.46000000000015
C=CC(=O)Nc1cc(-n2c(=O)ccc3cnc4ccc(-c5cnc6ccccc6c5)cc4c32)ccc1C,32.0,7.494850021680094,1,482.54300000000023
C=CC(=O)Nc1cc(-n2c(=O)ccc3cnc4ccc(-c5cnn(C)c5)cc4c32)ccc1C,173.0,6.761953896871205,1,435.4870000000002
C=CC(=O)Nc1ccc(-n2c(=O)ccc3oc4ccc(-c5cccnc5)cc4c32)cc1,228.0,6.642065152999546,1,407.4290000000001
C=CC(=O)Nc1cccc(-n2c(=O)ccc3cnc4ccc(-c5ccc(N)nc5)cc4c32)c1,19.0,7.721246399047171,1,433.4710000000002
C=CC(=O)Nc1cccc(-n2c(=O)ccc3cnc4ccc(-c5cn[nH]c5)cc4c32)c1,41.0,7.3872161432802645,1,407.4330000000001
C=CC(=O)Nc1cccc(-n2c(=O)ccc3oc4ccc(-c5cccnc5)cc4c32)c1,10000.0,5.0,0,407.4290000000001
C=CCN(/C=C1/C(=O)O[C@H](COC)[C@@]2(C)C1=C(O)C(=O)C1=C2[C@H](OC(C)=O)C[C@]2(C)C(=O)CC[C@@H]12)CC=C,3100.0,5.508638306165727,0,525.5980000000004
C=CCN(C)C(=O)c1cc(-c2ccc3c(N4CCOC[C@@H]4C)nc(N4CCOC[C@@H]4C)nc3n2)ccc1F,340.0,6.468521082957745,1,520.6090000000003
C=CCN(C)C(=O)c1cccc(-c2ccc3c(N4CCOC[C@@H]4C)nc(N4CCOC[C@@H]4C)nc3n2)c1,560.0,6.251811972993799,1,502.61900000000037
C=CC[C@@H]1/C=C(\C)C[C@H](C)C[C@H](OC)C2C[C@@](O)(C(=O)C(=O)N3CCCCC3C(=O)O[C@H](C(C)C[C@@H]3CC[C@@H](CC(=O)Nc4ccc(CCCC(=O)O)cc4)C(OC)C3)[C@H](C)[C@@H](O)CC1=O)[C@H](C)C[C@@H]2OC,1.88,8.72584215073632,1,1007.3159999999998
C=CC[C@@H]1/C=C(\C)C[C@H](C)C[C@H](OC)C2C[C@@](O)(C(=O)C(=O)N3CCCCC3C(=O)O[C@H](C(C)C[C@@H]3CC[C@@H](CC(=O)Nc4ccc(CCCC(=O)OC)cc4)C(OC)C3)[C@H](C)[C@@H](O)CC1=O)[C@H](C)C[C@@H]2OC,1.45,8.838631997765026,1,1021.3429999999997
C=CC[C@@H]1/C=C(\C)C[C@H](C)C[C@H](OC)[C@H]2O[C@@](O)(C(=O)C(=O)N3CCCC[C@H]3C(=O)O[C@H](/C(C)=C/[C@@H]3CC[C@@H](O)[C@H](OC)C3)[C@H](C)[C@@H](O)CC1=O)[C@H](C)C[C@@H]2OC,2.056,8.686976889676762,1,804.0310000000001
C=CCn1nc(-c2ccc(OCC)c(OC)c2)c2c(N)ncnc21,4800.0,5.318758762624412,0,325.372
C=Cc1cnc(Nc2ccc(OC)nc2)c(-c2nc(C)nc3[nH]cnc23)c1,10000.0,5.0,0,359.39300000000003
C=Cc1cnc(Nc2cnc(Cl)c(NS(C)(=O)=O)c2)c(-c2cc(N)nc(C)n2)c1,264.0,6.578396073130169,1,431.9090000000002
CC(=O)/C=C/c1cnc2ccc(-c3ccc(N)cc3)cc2c1Nc1cccc(C(F)(F)F)c1,7766.0,5.109802613789971,0,447.4600000000001
CC(=O)N(C)Cc1ccc(-c2ccc3c(N4CCOC[C@@H]4C)nc(N4CCOC[C@@H]4C)nc3n2)cc1,560.0,6.251811972993799,1,490.6080000000003
CC(=O)N(C)Cc1cccc(-c2ccc3c(N4CCOC[C@@H]4C)nc(N4CCOC[C@@H]4C)nc3n2)c1,190.0,6.721246399047171,1,490.6080000000003
CC(=O)N(C)c1ccc(-c2nc(N3CCOCC3)c3cnn(-c4ccccc4)c3n2)cc1,480.0,6.318758762624412,1,428.49600000000004
CC(=O)N1CC(S(=O)(=O)c2cc(-c3cnc(N)nc3)cc(N3CCOCC3)c2)C1,1210.0,5.91721462968355,0,417.49100000000027
CC(=O)N1CCC(N(C)c2ncnc3ccc(-c4ccc5oc(N)nc5c4)cc23)CC1,10000.0,5.0,0,416.48500000000024
CC(=O)N1CCC(Nc2ncnc3ccc(-c4ccc5oc(N)nc5c4)cc23)CC1,1000.0,6.0,1,402.45800000000025
CC(=O)N1CCC(S(=O)(=O)c2cc(-c3cnc(N)nc3)cc(N3CCOCC3)c2)C1,2580.0,5.58838029403677,0,431.5180000000003
CC(=O)N1CCC(n2c(=O)n(C)c3cnc4ccc(-c5ccc(-c6cnn(C)c6)nc5)cc4c32)C1,550.0,6.259637310505756,1,467.53300000000024
CC(=O)N1CCC(n2cnc3c(N4CCOCC4)nc(-c4cccc(CO)c4)nc32)CC1,2100.0,5.6777807052660805,0,436.5160000000002
CC(=O)N1CCC(n2nc(-c3cc4c(Cl)ccc(O)c4[nH]3)c3c(N)ncnc32)CC1,5.0,8.301029995663981,1,425.8800000000002
CC(=O)N1CCC(n2nc(-c3cc4cc(O)cc(Cl)c4[nH]3)c3c(N)ncnc32)CC1,5.0,8.301029995663981,1,425.8800000000002
CC(=O)N1CCC(n2nc(-c3cc4cc(O)ccc4[nH]3)c3c(N)ncnc32)CC1,25.0,7.6020599913279625,1,391.4350000000002
CC(=O)N1CCC(n2nc(-c3cc4ccc(O)cc4[nH]3)c3c(N)ncnc32)CC1,10.0,8.0,1,391.4350000000002
CC(=O)N1CCC(n2nc(-c3ccc4oc(N)nc4c3)c3c(N)ncnc32)CC1,100.0,7.0,1,392.42300000000023
CC(=O)N1CCC(n2ncc3c(N4CCOCC4)nc(-c4cccc(O)c4)nc32)CC1,49.0,7.309803919971486,1,422.48900000000015
CC(=O)N1CCCN(c2ncnc(C)c2C#Cc2ccc(N)nc2)CC1,94.0,7.026872146400302,1,350.42600000000016
CC(=O)N1CCN(C2CN(c3cnc4ccc(-c5ccc6oc(N)nc6c5)cc4n3)C2)CC1,10000.0,5.0,0,443.5110000000003
CC(=O)N1CCN(c2ccc(-n3c(=O)ccc4cnc5ccc(-c6cnc7ccccc7c6)cc5c43)cc2C(F)(F)F)CC1,5.4,8.267606240177031,1,593.6090000000003
CC(=O)N1CCN(c2ccc(Nc3c(C(N)=O)cnc4ccc(-c5cnc6ccccc6c5)cc34)cc2C(F)(F)F)CC1,31.0,7.508638306165727,1,584.6020000000002
CC(=O)N1CCN(c2ccc(Nc3c(NC(=O)C(C)(C)C)cnc4ccc(-c5cnc6ccccc6c5)cc34)cc2C(F)(F)F)CC1,36.0,7.443697499232712,1,640.7100000000002
CC(=O)N1CCN(c2cnc3ccc(-c4cnc(Cl)c(NS(=O)(=O)c5ccc(F)cc5)c4)cc3n2)CC1,3.13,8.504455662453552,1,541.008
CC(=O)N1CCc2c(N3CCOC[C@H]3C)nc(-c3cccc4[nH]ccc34)nc2C1(C)C,13.0,7.886056647693163,1,419.5290000000001
CC(=O)NC1CCCN(c2ncnc(C)c2C#Cc2ccc(N)nc2)C1,46.0,7.337242168318426,1,350.4260000000001
CC(=O)NC1CCN(c2ncnc(C)c2C#Cc2ccc(N)nc2)CC1,42.0,7.376750709602099,1,350.4260000000001
CC(=O)NCC1CCN(c2ncnc(C)c2C#Cc2ccc(N)nc2)CC1,15.0,7.823908740944319,1,364.45300000000015
CC(=O)NCc1cc(-c2ccc3c(N4CCOC[C@@H]4C)nc(N4CCOC[C@@H]4C)nc3n2)ccc1F,57.0,7.2441251443275085,1,494.57100000000025
CC(=O)NCc1ccc(-c2ccc3c(N4CCOC[C@@H]4C)nc(N4CCOC[C@@H]4C)nc3n2)cc1,91.0,7.040958607678906,1,476.58100000000024
CC(=O)NCc1cccc(-c2ccc3c(N4CCOC[C@@H]4C)nc(N4CCOC[C@@H]4C)nc3n2)c1,23.0,7.638272163982407,1,476.58100000000024
CC(=O)N[C@H]1CC[C@@H](n2c(=O)n(C)c3cnc4ccc(-c5ccc(-c6cnn(C)c6)nc5)cc4c32)CC1,10.0,8.0,1,495.5870000000003
CC(=O)Nc1cc(-c2c(Nc3cc[nH]n3)nc3ccccn23)nc(C)n1,9.0,8.045757490560675,1,348.37000000000006
CC(=O)Nc1cc(-c2c(Nc3cc[nH]n3)nc3cccnn23)nc(C)n1,3.0,8.522878745280337,1,349.35800000000006
CC(=O)Nc1cc(-c2c(Nc3ccn(C)n3)nc3ccc(-c4cccnc4C)cn23)nc(C)n1,15.0,7.823908740944319,1,453.51000000000016
CC(=O)Nc1cc(-c2c(Nc3ccn(C)n3)nc3ccc(-c4cnco4)cn23)nc(C)n1,20.0,7.698970004336019,1,429.44400000000013
CC(=O)Nc1cc(-c2c(Nc3ccn(C)n3)nc3ccc(-c4cnn(C(C)C)c4)cn23)nc(C)n1,16.0,7.795880017344075,1,470.54100000000017
CC(=O)Nc1cc(-c2c(Nc3ccn(C)n3)nc3ccccn23)nc(C)n1,67.0,7.173925197299173,1,362.39700000000005
CC(=O)Nc1cc(-c2c(Nc3ccn(C)n3)nc3cccnn23)nc(C)n1,55.0,7.259637310505756,1,363.38500000000005
CC(=O)Nc1cc(-c2ccc3c(N4CCOC[C@@H]4C)nc(N4CCOC[C@@H]4C)nc3n2)ccn1,7.5,8.1249387366083,1,463.5420000000002
CC(=O)Nc1cc(-c2cnccc2Nc2cccc3[nH]ccc23)nc(C)n1,50000.0,4.301029995663981,0,358.4050000000001
CC(=O)Nc1cc(C(F)(F)F)c(-c2nc(N3CCOCC3)nc(N3CCOCC3)n2)cn1,729.0,6.137272471682025,1,453.4250000000003
CC(=O)Nc1cc2ccc(-c3ccc4oc(N)nc4c3)cc2s1,10000.0,5.0,0,323.377
CC(=O)Nc1ccc(-c2ccc3c(N4CCOC[C@@H]4C)nc(N4CCOC[C@@H]4C)nc3n2)cn1,34.0,7.468521082957745,1,463.5420000000002
CC(=O)Nc1ccc(-c2ccc3ncc4c(c3n2)N(c2cccc(C(F)(F)F)c2)C(=O)N(C)C4)cn1,38.7,7.412289034981089,1,492.4610000000002
CC(=O)Nc1ccc(-c2nc(N3CC4CCC(C3)O4)c3sccc3n2)cc1,26.5,7.576754126063192,1,380.473
CC(=O)Nc1ccc(-c2nc(N3CCOCC3)c3cnn(-c4ccccc4)c3n2)cc1,16.0,7.795880017344075,1,414.469
CC(=O)Nc1ccc(-c2nc(N3CCOCC3)c3cnn(C4CCN(Cc5cccnc5)CC4)c3n2)cc1,7.0,8.154901959985743,1,512.6180000000003
CC(=O)Nc1ccc(NC(=O)Nc2ccc(-c3nc(N4CCOCC4)c4cccnc4n3)cc2)cc1,30.8,7.511449283499556,1,483.53200000000027
CC(=O)Nc1ccc(NC(=O)Nc2ccc(-c3nc(N4CCOCC4)c4ncccc4n3)cc2)cc1,104.0,6.982966660701219,1,483.53200000000027
CC(=O)Nc1ccc(NC(=O)Nc2nc(N3CCOCC3)c3ccccc3n2)cc1,114.0,6.943095148663527,1,406.44600000000014
CC(=O)Nc1ccc(Nc2cc3c(cn2)n(C)c(=O)n3C2CCCC2)cc1,9290.0,5.031984286006359,0,365.4370000000002
CC(=O)Nc1ccc(Nc2nc3ccccc3n2-c2nc(C)nc(N)n2)cc1,177.66666666666666,6.75039404569309,1,374.40800000000013
CC(=O)Nc1ccc(Nc2ncc(CN3CCN(S(C)(=O)=O)CC3)cc2-c2nc(C)nc(N)n2)cc1,161.0,6.79317412396815,1,511.6120000000003
CC(=O)Nc1ccc(Nc2ncc(CN3CCN(S(C)(=O)=O)CC3)cc2-c2nc(C)nc(N)n2)cc1F,623.0,6.205511953340831,1,529.6020000000003
CC(=O)Nc1ccc(Nc2ncc(CN3CCN(S(C)(=O)=O)CC3)cc2-c2nc(C)nc(N)n2)cn1,1115.0,5.952725132615821,0,512.6000000000003
CC(=O)Nc1ccc(Nc2ncc(Cc3ccc(S(C)(=O)=O)cc3)cc2-c2nc(C)nc3[nH]cnc23)cn1,270.0,6.568636235841013,1,528.5980000000002
CC(=O)Nc1ccc(Nc2ncc(Cl)cc2-c2nc(C)nc(N)n2)cc1F,463.0,6.334419008982047,1,387.8060000000001
CC(=O)Nc1ccc(Nc2ncc(Cl)cc2-c2nc(C)nc(N)n2)cn1,10000.0,5.0,0,370.8040000000001
CC(=O)Nc1ccc(Nc2ncccc2-c2nc(C)nc3[nH]cnc23)cc1,35.0,7.455931955649724,1,359.39300000000003
CC(=O)Nc1ccc(Nc2ncccc2-c2nc(C)nc3[nH]cnc23)cc1Cl,10000.0,5.0,0,393.8380000000001
CC(=O)Nc1ccc(Nc2ncccc2-c2ncnc3[nH]cnc23)cn1,1686.0,5.773142429711276,0,346.35400000000004
CC(=O)Nc1ccc(S(=O)(=O)N(c2ccccc2)c2ccnc3ccc(-c4ccc(O)cc4)cc23)cc1,613.0,6.212539525481585,1,509.5870000000002
CC(=O)Nc1ccc(S(=O)(=O)c2cc(-c3cnc(N)nc3)cc(N3CCOCC3)c2)cc1,8690.0,5.060980223551334,0,453.5240000000003
CC(=O)Nc1cccc(-c2ccc3nc(Nc4cc[nH]n4)c(-c4nc(C)nc(N)n4)n3c2)c1,10.0,8.0,1,440.4710000000002
CC(=O)Nc1cccc(-c2nc(N3CCOCC3)c3cnn(C4CCN(Cc5ccccc5)CC4)c3n2)c1,2450.0,5.610833915635467,0,511.6300000000003
CC(=O)Nc1cccc(-c2nc3c(N4CCOCC4)nc(N4CCOCC4)nc3[nH]2)c1,1447.0,5.8395314688809625,0,423.4770000000002
CC(=O)Nc1cccc(Nc2cc3c(cn2)n(C)c(=O)n3C2CCCC2)c1,100000.0,4.0,0,365.4370000000002
CC(=O)Nc1cccc(Nc2nc3ccccc3n2-c2nc(C)nc(N)n2)c1,636.6666666666666,6.1960878874719345,1,374.40800000000013
CC(=O)Nc1ccccc1Nc1cc2c(cn1)n(C)c(=O)n2C1CCCC1,100000.0,4.0,0,365.4370000000002
CC(=O)Nc1cn2cc(-c3ccc4oc(N)nc4c3)ccc2n1,1000.0,6.0,1,307.313
CC(=O)Nc1cn2cc(-c3cnc(Cl)c(NS(=O)(=O)c4ccc(F)cc4)c3)ccc2n1,6.6,8.18045606445813,1,459.89000000000016
CC(=O)Nc1cn2nc(-c3cnc(Cl)c(NS(=O)(=O)c4ccc(F)cc4)c3)ccc2n1,0.4,9.397940008672037,1,460.87800000000016
CC(=O)Nc1cnc2ccc(-c3cnc4ccccc4c3)cc2c1Nc1ccc(C#N)cc1,3000.0,5.522878745280337,0,429.4830000000002
CC(=O)Nc1cnc2ccc(-c3cnc4ccccc4c3)cc2c1Nc1ccc(C(C)(C)C#N)cc1,114.0,6.943095148663527,1,471.56400000000025
CC(=O)Nc1cnc2ccc(-c3cnc4ccccc4c3)cc2c1Nc1ccc(C(F)(F)F)cc1,3000.0,5.522878745280337,0,472.47000000000014
CC(=O)Nc1cnc2ccc(-c3cnc4ccccc4c3)cc2c1Nc1ccc(N2CCN(C(C)=O)CC2)c(C(F)(F)F)c1,30.0,7.522878745280337,1,598.6290000000005
CC(=O)Nc1cnc2ccc(-c3cnc4ccccc4c3)cc2c1Nc1ccc(N2CCN(S(C)(=O)=O)CC2)c(C(F)(F)F)c1,25.0,7.6020599913279625,1,634.6840000000002
CC(=O)Nc1cnc2ccc(-c3cnc4ccccc4c3)cc2c1Nc1ccc(N2CCNCC2)c(C(F)(F)F)c1,22.0,7.657577319177793,1,556.5920000000004
CC(=O)Nc1nc2cc(-c3nn(C(C)C)c4ncnc(N)c34)ccc2o1,100.0,7.0,1,351.3700000000001
CC(=O)Nc1nc2ccc(-c3ccc4nccc(-c5ccncc5)c4c3)cc2s1,10000.0,5.0,0,396.4750000000001
CC(=O)Nc1nc2ccc(-c3ccc4oc(N)nc4c3)cc2s1,10000.0,5.0,0,324.365
CC(=O)Nc1nc2ccc(-c3ccnc(CCc4ccccc4)n3)cc2s1,6000.0,5.221848749616356,0,374.469
CC(=O)Nc1nc2ccc(-c3ccnc(Cc4ccccc4)n3)cc2s1,6000.0,5.221848749616356,0,360.442
CC(=O)Nc1nc2ccc(-c3ccnc(N(C)S(=O)(=O)c4ccc(C)cc4)n3)cc2s1,269.0,6.570247719997592,1,453.54900000000015
CC(=O)Nc1nc2ccc(-c3ccnc(N(C)S(=O)(=O)c4ccccc4F)n3)cc2s1,6000.0,5.221848749616356,0,457.5120000000001
CC(=O)Nc1nc2ccc(-c3ccnc(NC(C)(C)c4ccccc4)n3)cc2s1,6000.0,5.221848749616356,0,403.5110000000001
CC(=O)Nc1nc2ccc(-c3ccnc(NCc4ccccc4)n3)cc2s1,6000.0,5.221848749616356,0,375.45700000000005
CC(=O)Nc1nc2ccc(-c3ccnc(NS(=O)(=O)c4ccc(C)cc4)n3)cc2s1,65.0,7.187086643357144,1,439.52200000000016
CC(=O)Nc1nc2ccc(-c3ccnc(NS(=O)(=O)c4ccc(F)cc4)n3)cc2s1,719.0,6.1432711096171175,1,443.4850000000001
CC(=O)Nc1nc2ccc(-c3ccnc(NS(=O)(=O)c4cccc(F)c4)n3)cc2s1,47.0,7.327902142064283,1,443.4850000000001
CC(=O)Nc1nc2ccc(-c3ccnc(NS(=O)(=O)c4ccccc4F)n3)cc2s1,45.0,7.346787486224656,1,443.4850000000001
CC(=O)Nc1nc2ccc(-c3ccnc(Nc4ccccc4)n3)cc2s1,6000.0,5.221848749616356,0,361.43000000000006
CC(=O)Nc1nc2ccc(-c3ccnc(OCCCN4CCOCC4)n3)cc2s1,6000.0,5.221848749616356,0,413.5030000000002
CC(=O)Nc1nc2ccc(-c3ccnc(OCCCc4ccccc4)n3)cc2s1,6000.0,5.221848749616356,0,404.49500000000006
CC(=O)Nc1nc2ccc(-c3ccnc(OCCCc4cccnc4)n3)cc2s1,913.0,6.039529222465701,1,405.48300000000006
CC(=O)Nc1nc2ccc(-c3ccnc(OCCCc4ccncc4)n3)cc2s1,6000.0,5.221848749616356,0,405.48300000000006
CC(=O)Nc1nc2ccc(-c3ccnc(OCc4ccc(C)cc4)n3)cc2s1,6000.0,5.221848749616356,0,390.4680000000001
CC(=O)Nc1nc2ccc(-c3ccnc(OCc4ccc(F)cc4)n3)cc2s1,6000.0,5.221848749616356,0,394.43100000000004
CC(=O)Nc1nc2ccc(-c3ccnc(OCc4cccc(C)c4)n3)cc2s1,6000.0,5.221848749616356,0,390.4680000000001
CC(=O)Nc1nc2ccc(-c3ccnc(OCc4cccc(F)c4)n3)cc2s1,6000.0,5.221848749616356,0,394.43100000000004
CC(=O)Nc1nc2ccc(-c3ccnc(OCc4ccccc4)n3)cc2s1,6000.0,5.221848749616356,0,376.44100000000003
CC(=O)Nc1nc2ccc(-c3ccnc(OCc4ccncc4)n3)cc2s1,6000.0,5.221848749616356,0,377.42900000000003
CC(=O)Nc1nc2ccc(-c3ccnc(Oc4ccccc4)n3)cc2s1,6000.0,5.221848749616356,0,362.41400000000004
CC(=O)Nc1nc2ccc(-c3ccnc(SCc4ccccc4)n3)cc2s1,6000.0,5.221848749616356,0,392.50900000000007
CC(=O)Nc1nc2ccc(-c3ccnc(Sc4ccc(C)cc4)n3)cc2s1,6000.0,5.221848749616356,0,392.50900000000007
CC(=O)Nc1nc2ccc(-c3ccnc(Sc4ccc(F)cc4)n3)cc2s1,6000.0,5.221848749616356,0,396.47200000000004
CC(=O)Nc1nc2ccc(-c3ccnc(Sc4cccc(C)c4)n3)cc2s1,6000.0,5.221848749616356,0,392.50900000000007
CC(=O)Nc1nc2ccc(-c3ccnc(Sc4cccc(F)c4)n3)cc2s1,6000.0,5.221848749616356,0,396.47200000000004
CC(=O)Nc1nc2ccc(-c3ccnc(Sc4ccccc4)n3)cc2s1,6000.0,5.221848749616356,0,378.482
CC(=O)Nc1nc2ccc(-c3ccnc(Sc4ccccc4C)n3)cc2s1,6000.0,5.221848749616356,0,392.50900000000007
CC(=O)Nc1nc2ccc(-c3ccnc(Sc4ccccc4F)n3)cc2s1,6000.0,5.221848749616356,0,396.47200000000004
CC(=O)Nc1nc2ccc(-c3cnc(Cl)c(NS(=O)(=O)c4ccc(C(C)(C)C)cc4)c3)cc2s1,2.1,8.67778070526608,1,515.0600000000002
CC(=O)Nc1nc2ccc(-c3cnc(Cl)c(NS(=O)(=O)c4ccc(C(F)(F)F)cc4)c3)cc2s1,1.6,8.795880017344075,1,526.9490000000001
CC(=O)Nc1nc2ccc(-c3cnc(Cl)c(NS(=O)(=O)c4ccc(Cl)cc4)c3)cc2s1,1.0,9.0,1,493.3970000000001
CC(=O)Nc1nc2ccc(-c3cnc(Cl)c(NS(=O)(=O)c4ccc(F)cc4)c3)cc2[nH]1,20.0,7.698970004336019,1,459.8900000000001
CC(=O)Nc1nc2ccc(-c3cnc(Cl)c(NS(=O)(=O)c4ccc(F)cc4)c3)cc2o1,146.0,6.835647144215563,1,460.87400000000014
CC(=O)Nc1nc2ccc(-c3cnc(Cl)c(NS(=O)(=O)c4ccc(F)cc4)c3)cc2s1,2.0,8.698970004336019,1,476.9420000000001
CC(=O)Nc1nc2ccc(-c3cnc(Cl)c(NS(=O)(=O)c4cccc(C(C)(C)C)c4)c3)cc2s1,2.1,8.67778070526608,1,515.0600000000002
CC(=O)Nc1nc2ccc(-c3cnc(Cl)c(NS(=O)(=O)c4cccc(C(F)(F)F)c4)c3)cc2s1,1.0,9.0,1,526.9490000000001
CC(=O)Nc1nc2ccc(-c3cnc(Cl)c(NS(=O)(=O)c4cccc(Cl)c4)c3)cc2s1,1.0,9.0,1,493.3970000000001
CC(=O)Nc1nc2ccc(-c3cnc(Cl)c(NS(=O)(=O)c4cccc(F)c4)c3)cc2s1,2.3,8.638272163982407,1,476.9420000000001
CC(=O)Nc1nc2ccc(-c3cnc(Cl)c(NS(=O)(=O)c4ccccc4)c3)cc2s1,1.0,9.0,1,458.9520000000001
CC(=O)Nc1nc2ccc(-c3cnc(Cl)c(NS(=O)(=O)c4ccccc4C(F)(F)F)c3)cc2s1,1.0,9.0,1,526.9490000000001
CC(=O)Nc1nc2ccc(-c3cnc(Cl)c(NS(=O)(=O)c4ccccc4Cl)c3)cc2s1,1.0,9.0,1,493.3970000000001
CC(=O)Nc1nc2ccc(-c3cnc(Cl)c(NS(=O)(=O)c4ccccc4F)c3)cc2s1,1.1,8.958607314841775,1,476.9420000000001
CC(=O)Nc1nc2ccc(-c3nn(C(C)C)c4ncnc(N)c34)cc2o1,10000.0,5.0,0,351.3700000000001
CC(=O)Nc1ncc(-c2cc(N3CCOCC3)cc(S(=O)(=O)c3ccccc3)c2)cn1,10900.0,4.962573502059376,0,438.50900000000007
CC(=O)Nc1ncc(-c2ccc3oc(N)nc3c2)s1,10000.0,5.0,0,274.305
CC(=O)Nc1noc2cc(-c3nn(C(C)C)c4ncnc(N)c34)ccc12,1000.0,6.0,1,351.3700000000001
CC(=O)OC(C)C(=O)Nc1nc(N2CCOC[C@@H]2C)c2ccc(-c3ccccc3)nc2n1,24.0,7.619788758288394,1,435.4840000000001
CC(=O)c1cc(-c2ccc3c(N4CCOC[C@@H]4C)nc(N4CCOC[C@@H]4C)nc3n2)ccc1O,120.0,6.920818753952375,1,463.5380000000002
CC(=O)c1cc2nc(N3CCOCC3)nc(N3CCOCC3)c2s1,2000.0,5.698970004336019,0,348.4280000000001
CC(=O)c1ccc(-c2ccc3ncc4c(=O)[nH]c(=O)n(-c5cccc(C(F)(F)F)c5)c4c3n2)cn1,57.0,7.2441251443275085,1,477.4020000000001
CC(=O)c1ccc(-c2ccc3ncc4nc(C)n(-c5ccc(F)cc5)c4c3c2)cc1,487.2,6.312292720375181,1,395.43700000000007
CC(=O)c1ccc(-c2nn(C(C)C)c3ncnc(N)c23)cc1,100000.0,4.0,0,295.346
CC(=O)c1ccc(-c2sc(NC(=O)NCCC(=O)NC(C)(C)C)nc2C)cc1,9100.0,5.040958607678906,0,402.5200000000001
CC(=O)c1ccc(NC(=O)Nc2ccc(-c3nc(N4CCOCC4)c4ncccc4n3)cc2)cc1,167.0,6.777283528852417,1,468.5170000000003
CC(=O)c1ccc(NC(=O)Nc2nc(N3CCOCC3)c3ccccc3n2)cc1,243.0,6.614393726401688,1,391.4310000000001
CC(=O)c1ccc(Nc2cc3c(cn2)n(C)c(=O)n3C2CCCC2)cc1,100000.0,4.0,0,350.42200000000014
CC(=O)c1cccc(-c2nn(C(C)C)c3ncnc(N)c23)c1,16000.0,4.795880017344075,0,295.346
CC(=O)c1cccc(Nc2cc3c(cn2)n(C)c(=O)n3C2CCCC2)c1,69200.0,4.1598939055432425,0,350.42200000000014
CC(=O)n1nc(C)c(-c2ccc(Cl)c(Cl)c2)c1N,100000.0,4.0,0,284.146
CC(C)(C#N)c1ccc(N2C(=O)OCc3cnc4ccc(-c5cnc6ccccc6c5)cc4c32)cc1,0.6,9.221848749616356,1,470.53200000000015
CC(C)(C#N)c1ccc(Nc2c(C(N)=O)cnc3ccc(-c4ccc(N)nc4)cc23)cc1,30.0,7.522878745280337,1,422.49200000000013
CC(C)(C#N)c1ccc(Nc2c(C(N)=O)cnc3ccc(-c4cnc5ccccc5c4)cc23)cc1,33.0,7.481486060122112,1,457.53700000000015
CC(C)(C#N)c1nc(-c2cccc3[nH]ccc23)nc2c1OCC1COCCN21,279.0,6.554395796726403,1,375.4320000000003
CC(C)(C)C(=O)C(=O)N1CCC[C@H]1C(=O)OCCCc1cccnc1,10000.0,5.0,0,346.427
CC(C)(C)C(=O)C(=O)N1CCC[C@H]1C(=O)OCCS(=O)(=O)c1ccccc1,10000.0,5.0,0,395.47700000000003
CC(C)(C)C(=O)Nc1cnc2ccc(-c3cnc4ccccc4c3)cc2c1Nc1ccc(N2CCNCC2)c(C(F)(F)F)c1,17.0,7.769551078621726,1,598.6730000000003
CC(C)(C)NS(=O)(=O)c1cncc(-c2ccn3nc(N)nc3c2)c1,10000.0,5.0,0,346.4160000000001
CC(C)(C)OC(=O)N1CC(S(=O)(=O)c2cc(-c3cnc(N)nc3)cc(N3CCOCC3)c2)C1,590.0,6.229147988357855,1,475.5710000000003
CC(C)(C)OC(=O)N1CC2CCC(C1)N2c1nc(-c2ccc(NC(=O)Nc3ccc4c(c3)COC4=O)cc2)nc(N2CCOCC2)n1,147.2,6.83209218999852,1,642.7169999999999
CC(C)(C)OC(=O)N1CCC(n2ncc3c(N4CCOCC4)nc(-c4ccc(N)cc4)nc32)CC1,0.4,9.397940008672037,1,479.5850000000004
CC(C)(C)OC(=O)N1CCC(n2ncc3c(N4CCOCC4)nc(-c4ccc(NC(=O)NC5CC5)cc4)nc32)CC1,0.6,9.221848749616356,1,562.6750000000002
CC(C)(C)OC(=O)N1CCC(n2ncc3c(N4CCOCC4)nc(-c4ccc(NC(=O)NCCF)cc4)nc32)CC1,0.5,9.301029995663981,1,568.6540000000001
CC(C)(C)OC(=O)N1CCN(c2nc(-c3ccc(NC(=O)Nc4ccc5c(c4)COC5=O)cc3)nc(N3CCOCC3)n2)CC1,165.1,6.782252926737207,1,616.6789999999999
CC(C)(C)OC(=O)N1Cc2cc(NC(=O)Nc3ccc(-c4nc(N5CCOCC5)nc(N5CCOCC5)n4)cc3)ccc2C1=O,52.5,7.279840696594043,1,616.6790000000004
CC(C)(C)OC(=O)N1Cc2ccc(NC(=O)Nc3ccc(-c4nc(N5CCOCC5)nc(N5CCOCC5)n4)cc3)cc2C1,30.6,7.51427857351842,1,602.6960000000003
CC(C)(C)OC(=O)N1Cc2ccc(NC(=O)Nc3ccc(-c4nc(N5CCOCC5)nc(N5CCOCC5)n4)cc3)cc2C1=O,48.3,7.316052869248487,1,616.6790000000003
CC(C)(C)OC(=O)Nc1ccc(-c2nc(N3CCOCC3)c3ncn(CCC4OCCO4)c3n2)cc1,18.0,7.7447274948966935,1,496.5680000000004
CC(C)(C)OC(=O)n1ccc2cc(-c3nn(C4CCCC4)c4ncnc(N)c34)ccc21,576.0,6.239577516576788,1,418.50100000000026
CC(C)(C)c1ccc(S(=O)(=O)N2CCN(Cn3cc4c(=O)oc5ccccc5c4n3)CC2)cc1,10000.0,5.0,0,480.5900000000002
CC(C)(N)C(=O)N1CCN(c2cnc3ccc(-c4ccc5oc(N)nc5c4)nc3n2)CC1,10000.0,5.0,0,432.4880000000002
CC(C)(O)c1cc2nc(-c3cccc4[nH]ncc34)nc(N3CCOCC3)c2s1,130.0,6.886056647693163,1,395.4880000000003
CC(C)(O)c1cc2nc(-c3cnc(N)nc3)nc(N3CCOCC3)c2s1,30.0,7.522878745280337,1,372.45400000000024
CC(C)(O)c1ccc(-c2cnc3[nH]c(=O)n(CC4CCCCC4)c3n2)cc1,567.3333333333334,6.246161698971093,1,366.46500000000026
CC(C)(O)c1ccc(-c2cnc3[nH]c(=O)n(CC4CCOCC4)c3n2)cn1,1363.0,5.865504144165326,0,369.42500000000024
CC(C)(O)c1ccc(-c2cnc3[nH]c(=O)n(CCC4CCOCC4)c3n2)cn1,64.0,7.1938200260161125,1,383.4520000000002
CC(C)(O)c1ccc(-c2cnc3c(n2)N(C2CCOCC2)C(=O)CN3)cn1,168.0,6.774690718274137,1,369.4250000000002
CC(C)(O)c1ccc(-c2cnc3c(n2)N(C2CCOCC2)CC(=O)N3)cn1,185.0,6.732828271596986,1,369.4250000000002
CC(C)(O)c1ccc(-c2cnc3c(n2)N(CC2CCCCC2)CC(=O)N3)cn1,108.0,6.966576244513051,1,381.4800000000002
CC(C)(O)c1ccc(-c2cnc3c(n2)N(CC2CCOCC2)C(=O)CN3)cn1,46.0,7.337242168318426,1,383.45200000000017
CC(C)(O)c1ccc(-c2cnc3c(n2)N(CC2CCOCC2)CC(=O)N3)cn1,175.66666666666666,6.755310639507115,1,383.45200000000017
CC(C)(O)c1ccc(-c2cnc3c(n2)N(CCC2CCOCC2)C(=O)CN3)cc1,25.0,7.6020599913279625,1,396.4910000000002
CC(C)(O)c1ccc(-c2cnc3c(n2)N(CCC2CCOCC2)C(=O)CN3)cn1,33.0,7.481486060122112,1,397.4790000000002
CC(C)(O)c1ccc(-c2cnc3c(n2)N(CCC2CCOCC2)CC(=O)N3)cc1,66.0,7.180456064458132,1,396.4910000000002
CC(C)(O)c1ccc(-c2cnc3c(n2)N(CCC2CCOCC2)CC(=O)N3)cn1,103.0,6.987162775294828,1,397.4790000000002
CC(C)(O)c1ccc(-c2cnc3c(n2)N([C@H]2CC[C@@H](O)CC2)C(=O)CN3)cn1,203.0,6.692503962086787,1,383.45200000000017
CC(C)(O)c1ccc(-c2cnc3c(n2)N([C@H]2CC[C@H](O)CC2)C(=O)CN3)cn1,38.0,7.42021640338319,1,383.45200000000017
CC(C)(O)c1nc(-c2cc(F)cc3[nH]ccc23)nc2c1OC[C@@H]1COCCN21,53.0,7.275724130399211,1,384.4110000000003
CC(C)(O)c1nc(-c2cccc3[nH]ccc23)nc2c1OCC1COCCN21,275.0,6.560667306169737,1,366.4210000000002
CC(C)(O)c1nc(-c2cccc3[nH]ccc23)nc2c1OC[C@@H]1COCCN21,44.0,7.356547323513812,1,366.4210000000002
CC(C)(c1cc(N2CCOCC2)nc(-c2cccc3[nH]ccc23)n1)S(C)(=O)=O,1445.0,5.840132152907433,0,400.5040000000001
CC(C)(c1nc(-[n+]2c(N)[nH]c3ccccc32)nc2c1OC[C@@H]1COCCN21)S(C)(=O)=O,226.0,6.645891560852599,1,445.5250000000003
CC(C)(c1nc(-[n+]2c(N3CCOCC3)[nH]c3ccccc32)nc2c1OC[C@@H]1COCCN21)S(C)(=O)=O,10000.0,5.0,0,515.6160000000003
CC(C)(c1nc(-c2c(F)ccc3[nH]ccc23)nc2c1OCC1COCCN21)S(C)(=O)=O,2190.0,5.6595558851598815,0,446.5040000000003
CC(C)(c1nc(-c2c(F)ccc3[nH]ccc23)nc2c1OC[C@H]1COCCN21)S(C)(=O)=O,10000.0,5.0,0,446.5040000000003
CC(C)(c1nc(-c2cc(C(F)(F)F)cc3[nH]ccc23)nc2c1OC[C@@H]1COCCN21)S(C)(=O)=O,227.0,6.6439741428068775,1,496.51100000000037
CC(C)(c1nc(-c2cc(F)cc3[nH]ccc23)nc2c1OC[C@@H]1COCCN21)S(C)(=O)=O,99.3,7.0030507515046185,1,446.5040000000003
CC(C)(c1nc(-c2ccc(F)c3[nH]ccc23)nc2c1OC[C@@H]1COCCN21)S(C)(=O)=O,1820.0,5.739928612014925,0,446.5040000000003
CC(C)(c1nc(-c2cccc3[nH]ccc23)nc2c1OCC1COCCN21)S(=O)(=O)C1CC1,274.0,6.562249437179612,1,454.55200000000036
CC(C)(c1nc(-c2cccc3[nH]ccc23)nc2c1OCC1COCCN21)S(C)(=O)=O,146.0,6.835647144215563,1,428.5140000000003
CC(C)(c1nc(-c2cccc3[nH]ccc23)nc2c1OCC[C@@H]1COCCN21)S(C)(=O)=O,582.0,6.235077015350112,1,442.54100000000034
CC(C)(c1nc(-c2cccc3[nH]ccc23)nc2c1OCC[C@H]1COCCN21)S(C)(=O)=O,1670.0,5.777283528852417,0,442.54100000000034
CC(C)(c1nc(-c2cccc3[nH]ccc23)nc2c1OC[C@@H]1COCCN21)S(=O)(=O)C1CC1,228.0,6.642065152999546,1,454.55200000000036
CC(C)(c1nc(-c2cccc3[nH]ccc23)nc2c1OC[C@H]1COCCN21)S(C)(=O)=O,851.0,6.070070439915412,1,428.5140000000003
CC(C)(c1nc(-c2cccc3[nH]ncc23)nc2c1OC[C@H]1COCCN21)S(C)(=O)=O,5580.0,5.253365801062421,0,429.5020000000003
CC(C)(c1nc(-c2ccnc3[nH]ccc23)nc2c1OCC1COCCN21)S(C)(=O)=O,852.0,6.069560405233299,1,429.50200000000024
CC(C)C(=O)CN1c2nc(N3CCOC[C@H]3C)cc(=O)n2CC[C@H]1C(F)(F)F,10000.0,5.0,0,402.4170000000001
CC(C)C(=O)N(C)Cc1cccc(-c2ccc3c(N4CCOC[C@@H]4C)nc(N4CCOC[C@@H]4C)nc3n2)c1,890.0,6.050609993355087,1,518.6620000000005
CC(C)C(=O)NCc1cc(-c2ccc3c(N4CCOC[C@@H]4C)nc(N4CCOC[C@@H]4C)nc3n2)ccc1F,160.0,6.795880017344075,1,522.6250000000003
CC(C)C(=O)NCc1cccc(-c2ccc3c(N4CCOC[C@@H]4C)nc(N4CCOC[C@@H]4C)nc3n2)c1,120.0,6.920818753952375,1,504.6350000000004
CC(C)CC(=O)C(=O)N1CCC[C@H]1C(=O)OC(C)CN1CCCCC1,10000.0,5.0,0,352.4750000000002
CC(C)CC(=O)C(=O)N1CCC[C@H]1C(=O)OCCCc1cccnc1,10000.0,5.0,0,346.427
CC(C)CC(=O)C(=O)N1CCC[C@H]1C(=O)OCCS(=O)(=O)c1ccccc1,10000.0,5.0,0,395.47700000000003
CC(C)CC(=O)N(C)Cc1cccc(-c2ccc3c(N4CCOC[C@@H]4C)nc(N4CCOC[C@@H]4C)nc3n2)c1,1400.0,5.853871964321762,0,532.6890000000004
CC(C)CC(=O)NCc1cc(-c2ccc3c(N4CCOC[C@@H]4C)nc(N4CCOC[C@@H]4C)nc3n2)ccc1F,440.0,6.356547323513812,1,536.6520000000004
CC(C)CC(=O)NCc1cccc(-c2ccc3c(N4CCOC[C@@H]4C)nc(N4CCOC[C@@H]4C)nc3n2)c1,370.0,6.431798275933005,1,518.6620000000005
CC(C)C[C@H]1COC(=O)N1c1ccn2ncc(-c3ccc(-c4nc[nH]n4)cc3)c2n1,7.5,8.1249387366083,1,403.4460000000001
CC(C)Cn1c(=O)[nH]c2ncc(-c3ccc(O)cc3)nc21,1020.0,5.991399828238082,0,284.319
CC(C)N(C)C(=O)c1cc(-c2ccc3c(N4CCOC[C@@H]4C)nc(N4CCOC[C@@H]4C)nc3n2)ccc1F,240.0,6.619788758288394,1,522.6250000000003
CC(C)N(C)C(=O)c1cccc(-c2ccc3c(N4CCOC[C@@H]4C)nc(N4CCOC[C@@H]4C)nc3n2)c1,170.0,6.769551078621726,1,504.6350000000004
CC(C)N(C)Cc1cc(-c2ccc3c(N4CCOC[C@@H]4C)nc(N4CCOC[C@@H]4C)nc3n2)ccc1F,220.0,6.657577319177793,1,508.6420000000003
CC(C)N(C)c1nc(-c2ccc(NC(=O)Nc3ccc(N4CCN(C)CC4)cc3)cc2)nc(N2C3CCC2COC3)n1,6.6,8.18045606445813,1,571.7300000000002
CC(C)N1C(=O)COc2ccc(-c3ccc(O)cc3)cc21,1000.0,6.0,1,283.32700000000006
CC(C)N1C(=O)COc2ccc(-c3cccc(NS(=O)(=O)c4ccc(F)cc4)c3)cc21,1000.0,6.0,1,440.49600000000015
CC(C)N1C(=O)COc2ccc(-c3cnc(Cl)c(NS(=O)(=O)c4ccc(F)cc4)c3)cc21,4.3,8.366531544420413,1,475.92900000000014
CC(C)N1C(=O)COc2ccc(-c3cnc4ccccc4c3)cc21,1000.0,6.0,1,318.3760000000001
CC(C)N1CCC(n2cnc3ccc(-c4ccc5oc(N)nc5c4)cc3c2=O)CC1,10000.0,5.0,0,403.4860000000002
CC(C)N1CCC(n2nc(-c3cc4c(Cl)ccc(O)c4[nH]3)c3c(N)ncnc32)CC1,100.0,7.0,1,425.92400000000026
CC(C)N1CCC(n2nc(-c3cc4cc(O)cc(Cl)c4[nH]3)c3c(N)ncnc32)CC1,500.0,6.301029995663981,1,425.9240000000002
CC(C)N1CCC(n2nc(-c3cc4cc(O)ccc4[nH]3)c3c(N)ncnc32)CC1,500.0,6.301029995663981,1,391.4790000000002
CC(C)N1CCC(n2nc(-c3cc4cccc(O)c4[nH]3)c3c(N)ncnc32)CC1,25.0,7.6020599913279625,1,391.4790000000002
CC(C)N1CCN(C(=O)c2ccc(NC(=O)Nc3ccc(-c4nc(C5CCOCC5)nc(N5C6CCC5COC6)n4)cc3)cc2)CC1,0.46,9.337242168318426,1,640.7890000000002
CC(C)N1CCN(C(=O)c2ccc(NC(=O)Nc3ccc(-c4nc(N5C6CCC5COC6)nc(N5CCOC[C@H]5C)n4)cc3)cc2)CC1,0.42,9.3767507096021,1,655.8040000000002
CC(C)N1CCN(C2CN(c3cnc4ccc(-c5ccc6oc(N)nc6c5)cc4n3)C2)CC1,10000.0,5.0,0,443.5550000000003
CC(C)N1CCN(C2CN(c3cnc4ccc(-c5ccc6oc(N)nc6c5)nc4n3)C2)CC1,10000.0,5.0,0,444.5430000000003
CC(C)N1CCN(c2ccc(NC(=O)Nc3ccc(-c4nc(C5CCOCC5)nc(N5C6CCC5COC6)n4)cc3)cc2)CC1,0.88,9.05551732784983,1,612.7790000000003
CC(C)N1CCN(c2ccc(NC(=O)Nc3ccc(-c4nc(N5C6CCC5COC6)nc(N5CCOC[C@H]5C)n4)cc3)cc2)CC1,1.25,8.903089986991944,1,627.7940000000003
CC(C)N1CCN(c2cnc3ccc(-c4ccc5oc(N)nc5c4)nc3c2)CC1,10000.0,5.0,0,388.4750000000002
CC(C)N1CCN(c2cnc3ccc(-c4cnc(Cl)c(NS(=O)(=O)c5ccc(F)cc5)c4)cc3n2)CC1,37.0,7.431798275933005,1,541.052
CC(C)NC(=O)Nc1ccc(-c2nc(N3CCOCC3)c3cnn(C4CCN(Cc5ccccc5)CC4)c3n2)cc1,4.8,8.318758762624412,1,554.6990000000003
CC(C)NC(=O)c1ccc(-c2cnc3[nH]c(=O)n(CC4CCCCC4)c3n2)cc1,8900.0,5.050609993355087,0,393.49100000000027
CC(C)NC(=O)c1cccc(-c2ccc3c(N4CCOC[C@@H]4C)nc(N4CCOC[C@@H]4C)nc3n2)c1,230.0,6.638272163982407,1,490.6080000000003
CC(C)NCc1cc(-c2ccc3c(N4CCOC[C@@H]4C)nc(N4CCOC[C@@H]4C)nc3n2)ccc1F,28.0,7.552841968657781,1,494.61500000000024
CC(C)NCc1ccc(-c2ccc3c(N4CCOC[C@@H]4C)nc(N4CCOC[C@@H]4C)nc3n2)o1,140.0,6.853871964321762,1,466.58600000000024
CC(C)NCc1cccc(-c2ccc3c(N4CCOC[C@@H]4C)nc(N4CCOC[C@@H]4C)nc3n2)c1,16.0,7.795880017344075,1,476.6250000000003
CC(C)Nc1nc(-c2ccc(NC(=O)Nc3ccc(N4CCN(C)CC4)cc3)cc2)nc(N2C3CCC2COC3)n1,5.4,8.267606240177031,1,557.7030000000003
CC(C)Nc1nc2ccccc2n1-c1nc2c(c(C(C)(C)S(C)(=O)=O)n1)OC[C@@H]1COCCN21,252.0,6.598599459218456,1,486.59800000000035
CC(C)OC(=O)N1CCC(n2ncc3c(N4CCOCC4)nc(-c4ccc(NC(=O)NC5CC5)cc4)nc32)CC1,0.5,9.301029995663981,1,548.6480000000001
CC(C)OC(=O)N1CCC(n2ncc3c(N4CCOCC4)nc(-c4ccc(NC(=O)NCCF)cc4)nc32)CC1,0.3,9.522878745280337,1,554.6270000000001
CC(C)Oc1ccc(-c2ccc3c(N4CCOC[C@@H]4C)nc(N4CCOC[C@@H]4C)nc3n2)cc1C#N,7500.0,5.1249387366083,0,488.59200000000027
CC(C)Oc1ccc(-c2ccc3c(N4CCOC[C@@H]4C)nc(N4CCOC[C@@H]4C)nc3n2)cc1C(N)=O,490.0,6.309803919971486,1,506.6070000000003
CC(C)Oc1nc(-c2ccc(NC(=O)Nc3ccc(C(=O)N(C)CCN(C)C)cc3)cc2)nc(N2CCOCC2)n1,0.3,9.522878745280337,1,562.6750000000002
CC(C)Oc1nc(-c2ccc(NC(=O)Nc3ccc(C(=O)N4CCN(C)CC4)cc3)cc2)nc(N2CCOCC2)n1,1.3,8.886056647693163,1,560.6590000000002
CC(C)Oc1nc(-c2ccc(NC(=O)Nc3ccc(C(=O)NCCN(C)C)cc3)cc2)nc(N2CCOCC2)n1,0.4,9.397940008672037,1,548.6480000000001
CC(C)Oc1nc(-c2ccc3oc(N)nc3c2)cnc1N,1000.0,6.0,1,285.307
CC(C)S(=O)(=O)Cc1cc(N2CCOCC2)nc(-c2ccccn2)n1,1540.0,5.812479279163537,0,362.45500000000004
CC(C)[C@@H](N)C(=O)N1CCN(c2cnc3ccc(-c4ccc5oc(N)nc5c4)cc3n2)CC1,10000.0,5.0,0,445.52700000000027
CC(C)[C@@H]1COCCN1c1nc(N2CCOC[C@H]2C)c2nc(-c3cccc4[nH]ccc34)[nH]c2n1,122.0,6.913640169325252,1,461.5700000000001
CC(C)[C@H]1CN(C)C(=O)N1c1ccn2ncc(-c3ccc(-c4nc[nH]n4)cc3)c2n1,9.4,8.0268721464003,1,402.4620000000001
CC(C)[C@H]1CN(C2CCNCC2)C(=O)N1c1ccn2ncc(-c3ccc(-c4nc[nH]n4)cc3)c2n1,22.4,7.649751981665837,1,471.56900000000013
CC(C)[C@H]1CN(C2CNC2)C(=O)N1c1ccn2ncc(-c3ccc(-c4nc[nH]n4)cc3)c2n1,22.4,7.649751981665837,1,443.51500000000016
CC(C)[C@H]1CN(CC2CCN(C)CC2)C(=O)N1c1ccn2ncc(-c3ccc(-c4nc[nH]n4)c(F)c3)c2n1,19.2,7.716698771296451,1,517.613
CC(C)[C@H]1CN(CC2CCN(C)CC2)C(=O)N1c1ccn2ncc(-c3ccc(-c4ncc[nH]4)cc3)c2n1,12.3,7.910094888560602,1,498.6350000000001
CC(C)[C@H]1CN(CC2CCNCC2)C(=O)N1c1ccn2ncc(-c3ccc(-c4nc[nH]n4)c(F)c3)c2n1,5.8,8.236572006437063,1,503.5860000000001
CC(C)[C@H]1CN(CC2CCNCC2)C(=O)N1c1ccn2ncc(-c3ccc(-c4nc[nH]n4)cc3)c2n1,20.4,7.690369832574102,1,485.5960000000001
CC(C)[C@H]1CN(CC2CCNCC2)C(=O)N1c1ccn2ncc(-c3ccc(-c4ncc[nH]4)cc3)c2n1,17.7,7.752026733638194,1,484.6080000000001
CC(C)[C@H]1CN(CCC2CCCN(C)C2)C(=O)N1c1ccn2ncc(-c3ccc(-c4nc[nH]n4)cc3)c2n1,72.7,7.138465589140962,1,513.6500000000001
CC(C)[C@H]1CN(CCC2CCCNC2)C(=O)N1c1ccn2ncc(-c3ccc(-c4nc[nH]n4)cc3)c2n1,27.6,7.559090917934782,1,499.6230000000001
CC(C)[C@H]1CN(CCCO)C(=O)N1c1ccn2ncc(-c3ccc(-c4nc[nH]n4)cc3)c2n1,8.3,8.080921907623926,1,446.51500000000016
CC(C)[C@H]1CN(CCCO)C(=O)N1c1ccn2ncc(-c3ccc(-c4ncc[nH]4)cc3)c2n1,1.5,8.823908740944319,1,445.52700000000016
CC(C)[C@H]1CN(CCN2CC3CCC(C2)O3)C(=O)N1c1ccn2ncc(-c3ccc(-c4nc[nH]n4)cc3)c2n1,5.1,8.292429823902063,1,527.633
CC(C)[C@H]1CN(CCN2CCCC2)C(=O)N1c1ccn2ncc(-c3ccc(-c4nc[nH]n4)cc3)c2n1,68.6,7.163675884293248,1,485.5960000000001
CC(C)[C@H]1CN(CCN2CCN(C)CC2)C(=O)N1c1ccn2ncc(-c3ccc(-c4nc[nH]n4)cc3)c2n1,21.9,7.6595558851598815,1,514.6380000000001
CC(C)[C@H]1CN(CCN2CCNC(=O)C2)C(=O)N1c1ccn2ncc(-c3ccc(-c4nc[nH]n4)cc3)c2n1,8.0,8.096910013008056,1,514.5940000000002
CC(C)[C@H]1CN(CCN2CCNCC2)C(=O)N1c1ccn2ncc(-c3ccc(-c4nc[nH]n4)cc3)c2n1,31.3,7.504455662453552,1,500.61100000000016
CC(C)[C@H]1CN(CCN2CCOCC2)C(=O)N1c1ccn2ncc(-c3ccc(-c4nc[nH]n4)cc3)c2n1,7.5,8.1249387366083,1,501.59500000000014
CC(C)[C@H]1CN(CCN2CC[C@@H](F)C2)C(=O)N1c1ccn2ncc(-c3ccc(-c4nc[nH]n4)cc3)c2n1,9.8,8.008773924307505,1,503.5860000000001
CC(C)[C@H]1CN(CCN2CC[C@@H](O)C2)C(=O)N1c1ccn2ncc(-c3ccc(-c4nc[nH]n4)cc3)c2n1,26.8,7.5718652059712115,1,501.59500000000014
CC(C)[C@H]1CN(CCN2CC[C@H](F)C2)C(=O)N1c1ccn2ncc(-c3ccc(-c4nc[nH]n4)cc3)c2n1,19.4,7.712198270069774,1,503.5860000000001
CC(C)[C@H]1CN(CCO)C(=O)N1c1ccn2ncc(-c3ccc(-c4nc[nH]n4)cc3)c2n1,2.5,8.602059991327963,1,432.48800000000017
CC(C)[C@H]1CN(CCO)C(=O)N1c1ccn2ncc(-c3ccc(-c4ncc[nH]4)cc3)c2n1,1.7,8.769551078621726,1,431.50000000000017
CC(C)[C@H]1CN(C[C@@H](O)CO)C(=O)N1c1ccn2ncc(-c3ccc(-c4nc[nH]n4)cc3)c2n1,11.5,7.939302159646388,1,462.5140000000001
CC(C)[C@H]1CN(C[C@@H]2COCCN2)C(=O)N1c1ccn2ncc(-c3ccc(-c4nc[nH]n4)cc3)c2n1,16.3,7.787812395596042,1,487.56800000000015
CC(C)[C@H]1CN(C[C@H](O)CO)C(=O)N1c1ccn2ncc(-c3ccc(-c4nc[nH]n4)cc3)c2n1,7.6,8.119186407719209,1,462.5140000000001
CC(C)[C@H]1CN(C[C@H](O)CO)C(=O)N1c1ccn2ncc(-c3ccc(-c4ncc[nH]4)cc3)c2n1,2.7,8.568636235841012,1,461.5260000000001
CC(C)[C@H]1CN(C[C@H]2CCCN2)C(=O)N1c1ccn2ncc(-c3ccc(-c4nc[nH]n4)c(F)c3)c2n1,11.0,7.958607314841775,1,489.55900000000014
CC(C)[C@H]1CN(C[C@H]2CCCN2)C(=O)N1c1ccn2ncc(-c3ccc(-c4nc[nH]n4)cc3)c2n1,40.6,7.391473966422806,1,471.56900000000013
CC(C)[C@H]1CN(C[C@H]2CCCN2C(C)C)C(=O)N1c1ccn2ncc(-c3ccc(-c4nc[nH]n4)c(F)c3)c2n1,14.0,7.853871964321762,1,531.6400000000001
CC(C)[C@H]1CN(C[C@H]2CNCCO2)C(=O)N1c1ccn2ncc(-c3ccc(-c4nc[nH]n4)cc3)c2n1,37.0,7.431798275933005,1,487.56800000000015
CC(C)[C@H]1CNC(=O)N1c1ccn2ncc(-c3ccc(-c4nc[nH]n4)cc3)c2n1,4.7,8.327902142064282,1,388.4350000000001
CC(C)[C@H]1CNC(=O)N1c1ccn2ncc(-c3ccc(-c4ncc[nH]4)cc3)c2n1,8.2,8.086186147616283,1,387.4470000000001
CC(C)[C@H]1COC(=O)N1c1ccn2ncc(-c3cc(F)c(-c4nc[nH]n4)c(F)c3)c2n1,14.2,7.847711655616943,1,425.3990000000001
CC(C)[C@H]1COC(=O)N1c1ccn2ncc(-c3ccc(-c4nc[nH]n4)c(Cl)c3)c2n1,2.8,8.55284196865778,1,423.86400000000015
CC(C)[C@H]1COC(=O)N1c1ccn2ncc(-c3ccc(-c4nc[nH]n4)c(F)c3)c2n1,2.0,8.698970004336019,1,407.4090000000001
CC(C)[C@H]1COC(=O)N1c1ccn2ncc(-c3ccc(-c4nc[nH]n4)cc3)c2n1,4.8,8.318758762624412,1,389.4190000000001
CC(C)[C@H]1COC(=O)N1c1ccn2ncc(-c3ccc(-c4nc[nH]n4)cc3Cl)c2n1,48.2,7.31695296176115,1,423.86400000000015
CC(C)[C@H]1COC(=O)N1c1ccn2ncc(-c3ccc(-c4nc[nH]n4)cc3F)c2n1,27.7,7.557520230935552,1,407.4090000000001
CC(C)[C@H]1COC(=O)N1c1ccn2ncc(-c3ccc(-c4ncc[nH]4)cc3)c2n1,2.4,8.619788758288394,1,388.4310000000001
CC(C)[C@H]1COC(=O)N1c1ccn2ncc(-c3ccc(-c4ncn(CC(=O)O)n4)cc3)c2n1,279.0,6.554395796726403,1,447.4550000000002
CC(C)[C@H]1COC(=O)N1c1ccn2ncc(-c3ccc(-c4ncn(CCO)n4)cc3)c2n1,189.0,6.723538195826756,1,433.4720000000002
CC(C)[C@H]1COC(=O)N1c1ccn2ncc(-c3ccc(-c4ncn(COP(=O)(O)O)n4)cc3)c2n1,12.3,7.910094888560602,1,499.4240000000002
CC(C)[C@H]1COC(=O)N1c1ccn2ncc(-c3ccc(-c4ncnn4CCO)cc3)c2n1,2046.0,5.689094370623859,0,433.4720000000002
CC(C)[C@H]1COC(=O)N1c1ccn2ncc(-c3ccc(-c4nnc(N)o4)cc3)c2n1,6.5,8.187086643357144,1,405.4180000000002
CC(C)[C@H]1COC(=O)N1c1ccn2ncc(-c3ccc(-c4nnc(N)s4)cc3)c2n1,6.6,8.18045606445813,1,421.48600000000016
CC(C)[C@H]1COC(=O)N1c1ccn2ncc(-c3ccc(-c4nnc(NCCO)o4)cc3)c2n1,18.9,7.723538195826756,1,449.47100000000023
CC(C)c1cc(C(=O)N2CCc3c(sc4nc(-c5ccc(NC(=O)Nc6cc(Cl)cc(Cl)c6)cc5)nc(N5CCOCC5)c34)C2)c(O)cc1O,106.0,6.97469413473523,1,733.6779999999998
CC(C)c1cc(C(=O)N2CCc3c(sc4nc(-c5ccc(NC(=O)Nc6ccc(F)c(Cl)c6)cc5)nc(N5CCOCC5)c34)C2)c(O)cc1O,29.0,7.5376020021010435,1,717.2229999999997
CC(C)c1cc(C(=O)N2CCc3c(sc4nc(-c5ccc(NC(=O)Nc6cccc(C(F)(F)F)c6)cc5)nc(N5CCOCC5)c34)C2)c(O)cc1O,218.0,6.661543506395395,1,732.7849999999997
CC(C)c1cc(C(=O)N2CCc3c(sc4nc(-c5ccc(NC(=O)Nc6cccc(Cl)c6)cc5)nc(N5CCOCC5)c34)C2)c(O)cc1O,82.0,7.086186147616283,1,699.2329999999998
CC(C)c1cc(C(=O)N2CCc3c(sc4nc(N5CCOC[C@@H]5C)nc(N5CCOC[C@@H]5C)c34)C2)c(O)cc1O,73.0,7.136677139879544,1,567.7120000000006
CC(C)c1cc(C(C)C)c(S(=O)(=O)N2CCN(Cn3cc4c(=O)oc5ccccc5c4n3)CC2)c(C(C)C)c1,10000.0,5.0,0,550.7250000000003
CC(C)c1ccc(-n2cc(/C=C3\SC(=S)NC3=O)cn2)cc1,89.0,7.050609993355087,1,329.45000000000005
CC(C)n1c(=O)[nH]c2ncc(-c3ccc(O)cc3)nc21,1040.0,5.982966660701219,0,270.29200000000003
CC(C)n1c(=O)n(C)c2cnc3cc(F)c(-c4ccc(OCCCN(C)C)nc4)cc3c21,31622.78,4.499999953328896,0,437.5190000000003
CC(C)n1c(=O)n(C)c2cnc3cc(F)c(-c4ccc(OCCCN5CCCCC5)nc4)cc3c21,8424.465,5.0744576696762485,0,477.58400000000046
CC(C)n1c(=O)n(C)c2cnc3ccc(-c4ccc(N5CC[C@@H](N(C)C)C5)nc4)cc3c21,3162.28,5.499999678657065,0,430.55600000000027
CC(C)n1c(=O)n(C)c2cnc3ccc(-c4ccc(OCCCN(C)C)nc4)cc3c21,10000.0,5.0,0,419.5290000000003
CC(C)n1c(=O)n(C)c2cnc3ccc(-c4ccc(OCCCN5CCCC5)nc4)cc3c21,10000.0,5.0,0,445.5670000000004
CC(C)n1cc(-c2ccc3oc(N)nc3c2)c2c(N)ncnc21,100.0,7.0,1,308.34499999999997
CC(C)n1cc(C(=O)Nc2ccc(Oc3ccnc(NC(=O)C4CC4)c3)c(F)c2)c(=O)n(-c2ccc(F)cc2)c1=O,1000.0,6.0,1,561.5450000000003
CC(C)n1cnc2c(-c3cnc(N)nc3)nc(N3CCOCC3)nc21,150.0,6.823908740944319,1,340.3910000000002
CC(C)n1cnc2c(N3CCOCC3)nc(-c3cnc(N)nc3)nc21,340.0,6.468521082957745,1,340.391
CC(C)n1nc(-c2cc(C=O)co2)c2c(N)ncnc21,766.0,6.115771230367396,1,271.28
CC(C)n1nc(-c2cc(F)c(C=O)c(F)c2)c2c(N)ncnc21,30000.0,4.522878745280337,0,317.299
CC(C)n1nc(-c2cc(F)c(O)cc2F)c2c(N)ncnc21,1130.0,5.94692155651658,0,305.28799999999995
CC(C)n1nc(-c2cc(F)c3cn[nH]c3c2)c2c(N)ncnc21,7000.0,5.154901959985743,0,311.324
CC(C)n1nc(-c2cc(O)cc(Br)c2)c2c(N)ncnc21,30000.0,4.522878745280337,0,348.20400000000006
CC(C)n1nc(-c2cc(O)cc(F)c2)c2c(N)ncnc21,14000.0,4.853871964321762,0,287.298
CC(C)n1nc(-c2cc3c(Cl)c(O)ccc3[nH]2)c2c(N)ncnc21,5.0,8.301029995663981,1,342.7900000000001
CC(C)n1nc(-c2cc3c(Cl)ccc(O)c3[nH]2)c2c(N)ncnc21,10.0,8.0,1,342.7900000000001
CC(C)n1nc(-c2cc3c(Cl)cccc3[nH]2)c2c(N)ncnc21,50.0,7.301029995663981,1,326.79100000000005
CC(C)n1nc(-c2cc3c(O)cccc3[nH]2)c2c(N)ncnc21,500.0,6.301029995663981,1,308.345
CC(C)n1nc(-c2cc3cc(C(N)=O)ccc3[nH]2)c2c(N)ncnc21,500.0,6.301029995663981,1,335.37100000000004
CC(C)n1nc(-c2cc3cc(C=O)ccc3s2)c2c(N)ncnc21,4500.0,5.346787486224656,0,337.4080000000001
CC(C)n1nc(-c2cc3cc(Cl)ccc3[nH]2)c2c(N)ncnc21,500.0,6.301029995663981,1,326.79100000000005
CC(C)n1nc(-c2cc3cc(F)ccc3[nH]2)c2c(N)ncnc21,500.0,6.301029995663981,1,310.336
CC(C)n1nc(-c2cc3cc(F)ccc3[nH]2)c2c(NC(=O)N(C)C)ncnc21,500.0,6.301029995663981,1,381.41500000000013
CC(C)n1nc(-c2cc3cc(O)c(Cl)cc3[nH]2)c2c(N)ncnc21,500.0,6.301029995663981,1,342.7900000000001
CC(C)n1nc(-c2cc3cc(O)cc(Cl)c3[nH]2)c2c(N)ncnc21,5.0,8.301029995663981,1,342.7900000000001
CC(C)n1nc(-c2cc3cc(O)cc(F)c3[nH]2)c2c(N)ncnc21,5.0,8.301029995663981,1,326.33500000000004
CC(C)n1nc(-c2cc3cc(O)ccc3[nH]2)c2c(N)nccc21,500.0,6.301029995663981,1,307.357
CC(C)n1nc(-c2cc3cc(O)ccc3[nH]2)c2c(N)ncnc21,137.15,6.862804188059452,1,308.345
CC(C)n1nc(-c2cc3ccc(C#N)cc3[nH]2)c2c(N)ncnc21,500.0,6.301029995663981,1,317.35600000000005
CC(C)n1nc(-c2cc3ccc(C(N)=O)cc3[nH]2)c2c(N)ncnc21,500.0,6.301029995663981,1,335.37100000000004
CC(C)n1nc(-c2cc3ccc(O)cc3[nH]2)c2c(N)ncnc21,50.0,7.301029995663981,1,308.345
CC(C)n1nc(-c2cc3cccc(Cl)c3[nH]2)c2c(N)ncnc21,50.0,7.301029995663981,1,326.79100000000005
CC(C)n1nc(-c2cc3cccc(O)c3[nH]2)c2c(N)ncnc21,5.0,8.301029995663981,1,308.345
CC(C)n1nc(-c2cc3ccccc3[nH]2)c2c(N)ncnc21,100.0,7.0,1,292.346
CC(C)n1nc(-c2cc3ccccc3n2C)c2c(N)ncnc21,500.0,6.301029995663981,1,306.373
CC(C)n1nc(-c2cc3ccccc3nc2Cl)c2c(N)ncnc21,2200.0,5.657577319177793,0,338.8020000000001
CC(C)n1nc(-c2cc3cnccc3[nH]2)c2c(N)ncnc21,500.0,6.301029995663981,1,293.334
CC(C)n1nc(-c2ccc(Br)c(O)c2)c2c(N)ncnc21,49.666666666666664,7.303934986307389,1,348.20400000000006
CC(C)n1nc(-c2ccc(C#N)c(F)c2)c2c(N)ncnc21,100000.0,4.0,0,296.30899999999997
CC(C)n1nc(-c2ccc(C#N)c(O)c2)c2c(N)ncnc21,596.0,6.2247537402597635,1,294.318
CC(C)n1nc(-c2ccc(C#N)nc2)c2c(N)ncnc21,5800.0,5.236572006437063,0,279.307
CC(C)n1nc(-c2ccc(C(N)=O)c(Cl)c2)c2c(N)ncnc21,10000.0,5.0,0,330.77900000000005
CC(C)n1nc(-c2ccc(C=O)c(F)c2)c2c(N)ncnc21,2400.0,5.619788758288394,0,299.30899999999997
CC(C)n1nc(-c2ccc(CC#N)cc2)c2c(N)ncnc21,3500.0,5.455931955649724,0,292.346
CC(C)n1nc(-c2ccc(Cl)c(O)c2)c2c(N)ncnc21,130.0,6.886056647693163,1,303.753
CC(C)n1nc(-c2ccc(F)c(C#N)c2)c2c(N)ncnc21,100000.0,4.0,0,296.30899999999997
CC(C)n1nc(-c2ccc(F)c(O)c2)c2c(N)ncnc21,37.0,7.431798275933005,1,287.298
CC(C)n1nc(-c2ccc(N)c(O)c2)c2c(N)ncnc21,3600.0,5.443697499232712,0,284.323
CC(C)n1nc(-c2ccc(NS(C)(=O)=O)cc2)c2c(N)ncnc21,3800.0,5.42021640338319,0,346.4160000000001
CC(C)n1nc(-c2ccc(O)c(F)c2)c2c(N)ncnc21,3.0,8.522878745280337,1,287.298
CC(C)n1nc(-c2ccc(O)cc2)c2c(N)ncnc21,6000.0,5.221848749616356,0,269.308
CC(C)n1nc(-c2ccc(S(N)(=O)=O)cc2)c2c(N)ncnc21,5000.0,5.301029995663981,0,332.38900000000007
CC(C)n1nc(-c2ccc3[nH]c(=O)[nH]c3c2)c2c(N)ncnc21,3600.0,5.443697499232712,0,309.333
CC(C)n1nc(-c2ccc3[nH]c(=O)ccc3c2)c2c(N)ncnc21,8700.0,5.060480747381382,0,320.35600000000005
CC(C)n1nc(-c2ccc3[nH]ccc3c2)c2c(N)ncnc21,364.0,6.438898616350944,1,292.346
CC(C)n1nc(-c2ccc3[nH]ncc3c2)c2c(N)ncnc21,657.0,6.182434630440219,1,293.334
CC(C)n1nc(-c2ccc3c(C=O)c[nH]c3c2)c2c(N)ncnc21,220.0,6.657577319177793,1,320.35600000000005
CC(C)n1nc(-c2ccc3c(N)n[nH]c3c2)c2c(N)ncnc21,1640.0,5.785156151952302,0,308.349
CC(C)n1nc(-c2ccc3c(N)noc3c2)c2c(N)ncnc21,1000.0,6.0,1,309.333
CC(C)n1nc(-c2ccc3c(NC4CC4)noc3c2)c2c(N)ncnc21,10000.0,5.0,0,349.3980000000001
CC(C)n1nc(-c2ccc3c(c2)CCO3)c2c(N)ncnc21,4500.0,5.346787486224656,0,295.34599999999995
CC(C)n1nc(-c2ccc3c(c2)OCCO3)c2c(N)ncnc21,1900.0,5.721246399047171,0,311.34499999999997
CC(C)n1nc(-c2ccc3c(ccn3C(=O)OC(C)(C)C)c2)c2c(N)ncnc21,300.0,6.522878745280337,1,392.46300000000014
CC(C)n1nc(-c2ccc3c(ccn3C)c2)c2c(N)ncnc21,457.0,6.34008379993015,1,306.373
CC(C)n1nc(-c2ccc3cc(O)ccc3c2)c2c(N)ncnc21,109.0,6.962573502059376,1,319.36800000000005
CC(C)n1nc(-c2ccc3cc[nH]c3c2)c2c(N)ncnc21,467.0,6.330683119433888,1,292.346
CC(C)n1nc(-c2ccc3ccncc3c2)c2c(N)ncnc21,1500.0,5.823908740944319,0,304.357
CC(C)n1nc(-c2ccc3cn[nH]c3c2)c2c(N)ncnc21,1200.0,5.920818753952375,0,293.334
CC(C)n1nc(-c2ccc3cnccc3c2)c2c(N)ncnc21,2200.0,5.657577319177793,0,304.357
CC(C)n1nc(-c2ccc3nc(Cl)ccc3c2)c2c(N)ncnc21,113.0,6.94692155651658,1,338.8020000000001
CC(C)n1nc(-c2ccc3nc(N)ccc3c2)c2c(N)ncnc21,33.0,7.481486060122112,1,319.372
CC(C)n1nc(-c2ccc3nc(N)oc3c2)c2c(N)ncnc21,667.3333333333334,6.175657181576362,1,309.333
CC(C)n1nc(-c2ccc3nc(NN)ccc3c2)c2c(N)ncnc21,783.0,6.106238237942057,1,334.38700000000006
CC(C)n1nc(-c2ccc3nc[nH]c(=O)c3c2)c2c(N)ncnc21,20.0,7.698970004336019,1,321.34400000000005
CC(C)n1nc(-c2ccc3nccc(N)c3c2)c2c(N)ncnc21,10000.0,5.0,0,319.372
CC(C)n1nc(-c2ccc3nccc(NC(=O)OC(C)(C)C)c3c2)c2c(N)ncnc21,3200.0,5.494850021680094,0,419.4890000000002
CC(C)n1nc(-c2ccc3ncccc3c2)c2c(N)ncnc21,140.0,6.853871964321762,1,304.357
CC(C)n1nc(-c2ccc3nccnc3c2)c2c(N)ncnc21,632.0,6.199282921717615,1,305.345
CC(C)n1nc(-c2ccc3nonc3c2)c2c(N)ncnc21,100000.0,4.0,0,295.306
CC(C)n1nc(-c2ccc3oc(N)nc3c2)c2c(N)ncnc21,30.265384615384615,7.519053802660802,1,309.333
CC(C)n1nc(-c2ccc3oc(N)nc3c2)c2cncnc21,0.815,9.088842391260023,1,294.318
CC(C)n1nc(-c2ccc3occc(=O)c3c2)c2c(N)ncnc21,1300.0,5.886056647693163,0,321.34000000000003
CC(C)n1nc(-c2ccc3occc3c2)c2c(N)ncnc21,3400.0,5.468521082957745,0,293.33
CC(C)n1nc(-c2ccc3onc(N)c3c2)c2c(N)ncnc21,10000.0,5.0,0,309.333
CC(C)n1nc(-c2ccc3onc(NC4CC4)c3c2)c2c(N)ncnc21,10000.0,5.0,0,349.3980000000001
CC(C)n1nc(-c2cccc(C#N)c2)c2c(N)ncnc21,40000.0,4.3979400086720375,0,278.319
CC(C)n1nc(-c2cccc(C(=O)NC3=NCCS3)c2)c2c(N)ncnc21,80.0,7.096910013008056,1,381.4650000000001
CC(C)n1nc(-c2cccc(CC#N)c2)c2c(N)ncnc21,12000.0,4.920818753952375,0,292.346
CC(C)n1nc(-c2cccc(CO)c2)c2c(N)ncnc21,5400.0,5.267606240177032,0,283.335
CC(C)n1nc(-c2cccc(NS(C)(=O)=O)c2)c2c(N)ncnc21,5000.0,5.301029995663981,0,346.4160000000001
CC(C)n1nc(-c2cccc(O)c2)c2c(N)ncnc21,2100.0,5.6777807052660805,0,269.308
CC(C)n1nc(-c2cccc(O)c2F)c2c(N)ncnc21,192.0,6.716698771296451,1,287.298
CC(C)n1nc(-c2cccc(S(N)(=O)=O)c2)c2c(N)ncnc21,4300.0,5.366531544420414,0,332.38900000000007
CC(C)n1nc(-c2cccc3[nH]ccc23)c2c(N)ncnc21,8000.0,5.096910013008056,0,292.346
CC(C)n1nc(-c2cccnc2)c2c(N)ncnc21,5500.0,5.259637310505756,0,254.297
CC(C)n1nc(-c2ccn3ccnc3c2)c2c(N)ncnc21,7600.0,5.119186407719209,0,293.334
CC(C)n1nc(-c2cnc3[nH]ccc3c2)c2c(N)ncnc21,60.0,7.221848749616356,1,293.334
CC(C)n1nc(-c2cnc3ccccc3c2)c2c(N)ncnc21,1900.0,5.721246399047171,0,304.357
CC(C)n1nc(-c2cnc3nccnc3c2)c2c(N)ncnc21,6800.0,5.167491087293763,0,306.333
CC(C)n1nc(-c2cncnc2)c2c(N)ncnc21,50000.0,4.301029995663981,0,255.285
CC(C)n1nc2ncnc(N)c2c1C1C=c2cc(O)ccc2=N1,8.0,8.096910013008056,1,308.345
CC(C)n1ncnc1-c1nc2c(s1)CCOc1cc(-c3cnn(CCO)c3)ccc1-2,4300.0,5.366531544420414,0,422.5140000000001
CC(C)n1nnc2c(N3CCOCC3)nc(-c3ccc(NC(=O)Nc4ccc(C(N)=O)cc4)cc3)nc21,0.31,9.508638306165727,1,501.55100000000016
CC(C)n1nnc2c(N3CCOCC3)nc(-c3ccc(NC(=O)Nc4ccc(CO)cc4)cc3)nc21,0.32,9.494850021680094,1,488.55200000000013
CC(C)n1nnc2c(N3CCOCC3)nc(-c3ccc(NC(=O)Nc4ccc(N(C)C)cc4)cc3)nc21,1.6,8.795880017344075,1,501.59500000000014
CC(C)n1nnc2c(N3CCOCC3)nc(-c3ccc(NC(=O)Nc4ccc(N5CCOCC5)cc4)cc3)nc21,0.35,9.455931955649724,1,543.6320000000002
CC(C)n1nnc2c(N3CCOCC3)nc(-c3ccc(NC(=O)Nc4cccnc4)cc3)nc21,0.57,9.244125144327509,1,459.51400000000007
CC(C)n1nnc2c(N3CCOCC3)nc(-c3ccc(NC(=O)Nc4ccncc4)cc3)nc21,0.51,9.292429823902063,1,459.51400000000007
CC(CN1CCCCC1)OC(=O)[C@@H]1CCCN1C(=O)C(=O)C(C)(C)C,10000.0,5.0,0,352.47500000000014
CC(CN1CCCCC1)OC(=O)[C@@H]1CCCN1C(=O)C(=O)c1ccccc1,10000.0,5.0,0,372.4650000000001
CC(CO)n1nc(-c2ccc3oc(N)nc3c2)c2c(N)ncnc21,100.0,7.0,1,325.33200000000005
CC(COc1no[n+]([O-])c1S(=O)(=O)c1ccccc1)NC(=O)CCCn1nc(-c2ccc3oc(N)nc3c2)c2c(N)ncnc21,5.96,8.224753740259764,1,634.635
CC(F)(F)CN1C(=O)[C@]2(C)COCCN2c2nc(-c3ccc(NC(=O)NC4CC4)cc3)ncc21,12.59,7.899974269892137,1,472.4960000000002
CC(NC(=O)Nc1cccc(Cl)c1)c1ccccc1,30000.0,4.522878745280337,0,274.751
CC(NC(=O)Nc1cccc(F)c1)c1ccccc1,16880.0,4.772627557710364,0,258.296
CC(O)c1cc(-c2nc3c(N4CCOC[C@@H]4C)nc(N4CCOCC4)nc3[nH]2)ccn1,2023.0,5.694004117229196,0,425.4930000000002
CC(O)c1cc2nc(N3C[C@@H](C)O[C@@H](C)C3)nc(N3CCOCC3)c2s1,632.0,6.199282921717615,1,378.4980000000002
CC(c1ccccc1)N(C)C(=O)Nc1ccccc1,15800.0,4.801342913045577,0,254.333
CC(c1ccccc1)c1cc(-c2cnc(N)nc2)nc(N2CCOCC2)c1,270.0,6.568636235841013,1,361.4490000000002
CC1(C)CN(C2CCOCC2)C(=O)c2c(nc(N3CC4CCC(C3)O4)nc2-c2ccc(NC(=O)Nc3ccon3)c(F)c2)O1,31.0,7.508638306165727,1,607.6430000000004
CC1(C)CN(C2CCOCC2)C(=O)c2c(nc(N3CC4CCC(C3)O4)nc2-c2ccc(NC(=O)Nc3ccon3)cc2)O1,27.0,7.568636235841013,1,589.6530000000004
CC1(C)CN(C2CN(c3cnc4ccc(-c5ccc6oc(N)nc6c5)cc4n3)C2)CCN1,100.0,7.0,1,429.52800000000025
CC1(C)CN(C2CN(c3cnc4ccc(-c5ccc6oc(N)nc6c5)nc4c3)C2)CCN1,10000.0,5.0,0,429.52800000000025
CC1(C)CN(C2CN(c3cnc4ccc(-c5ccc6oc(N)nc6c5)nc4n3)C2)CCN1,10000.0,5.0,0,430.51600000000025
CC1(C)CNC(=O)c2c(nc(N3CCOCC3)nc2-c2ccc(N)nc2)O1,624.0,6.204815410317576,1,370.41300000000007
CC1(C)OCCn2c1nc1c(N3CCOCC3)nc(-c3cnc(N)nc3)nc12,70.0,7.154901959985743,1,382.4280000000001
CC1(c2nc(-c3cccc4[nH]ccc34)nc3c2OCC2COCCN32)CCCS1(=O)=O,381.0,6.419075024324381,1,440.5250000000003
CC1CCC(n2nc(-c3ccc(F)c(O)c3)c3c(N)ncnc32)C1,815.0,6.088842391260023,1,327.3630000000001
CC1CCCN1C(=O)c1cccc(-c2ccc3c(N4CCOC[C@@H]4C)nc(N4CCOC[C@@H]4C)nc3n2)c1,380.0,6.42021640338319,1,516.6460000000005
CC1CN(c2cc(=O)c3ccc4ccccc4c3o2)CCO1,4800.0,5.318758762624412,0,295.3380000000001
CC1CN(c2ccn3ncc(-c4ccc(-c5ncc[nH]5)cc4)c3n2)C(=O)O1,58.1,7.235823867609669,1,360.37700000000007
CC1COCCN1c1nc(-c2c[nH]c3ccccc23)nc2c1CN(S(=O)(=O)C(C)C)C2,136.0,6.866461091629782,1,441.5570000000003
CC1OC(=O)c2cc(NC(=O)Nc3ccc(-c4nc(N5CCOCC5)nc(N5CCOCC5)n4)cc3)ccc21,7.2,8.142667503568731,1,531.5730000000004
CCC(=O)N1CC=C(c2ccc(-n3c(=O)ccc4cnc5ccc(-c6cnc7ccccc7c6)cc5c43)cc2C(F)(F)F)CC1,21.4,7.669586226650809,1,604.6320000000003
CCC(=O)N1CCC(n2ncc3c(N4CCOCC4)nc(-c4ccc(NC(=O)OC)cc4)nc32)CC1,5.0,8.301029995663981,1,493.56800000000027
CCC(=O)N1CCN(c2ccc(-n3c(=O)c(C)cc4cnc5ccc(-c6cnc7ccccc7c6)cc5c43)cc2C(F)(F)F)CC1,26.6,7.575118363368933,1,621.6630000000002
CCC(=O)N1CCN(c2ccc(-n3c(=O)cc(C)c4cnc5ccc(-c6cnc7ccccc7c6)cc5c43)cc2C(F)(F)F)CC1,51.9,7.284832642151542,1,621.6630000000002
CCC(=O)N1CCN(c2ccc(-n3c(=O)ccc4cnc5ccc(-c6cnc7ccccc7c6)cc5c43)cc2C(F)(F)F)CC1,2.2700000000000005,8.643974142806877,1,607.6360000000003
CCC(=O)N1CCN(c2ccc(-n3c(=O)n(C)c(=O)c4cnc5ccc(-c6cnc7ccccc7c6)cc5c43)cc2C(F)(F)F)CC1,230.0,6.638272163982407,1,638.6500000000002
CCC(=O)N1CCN(c2ccc(N3C(=O)N(C)Cc4cnc5ccc(-c6cnc7ccccc7c6)cc5c43)cc2C(F)(F)F)CC1,287.0,6.542118103266008,1,624.6670000000003
CCC(=O)N1CCN(c2ccc(N3C(=O)NCc4cnc5ccc(-c6cnc7ccccc7c6)cc5c43)cc2C(F)(F)F)CC1,396.0,6.402304814074488,1,610.6400000000002
CCC(=O)N1CCN(c2ccc(N3C(=O)OCc4cnc5ccc(-c6cnc7ccccc7c6)cc5c43)cc2C(F)(F)F)CC1,336.0,6.4736607226101555,1,611.6240000000001
CCC(=O)N1CCN(c2ccc(Nc3c(C(N)=O)cnc4ccc(-c5ccc(N)nc5)cc34)cc2C(F)(F)F)CC1,21.0,7.6777807052660805,1,563.5840000000002
CCC(=O)N1CC[C@H](Nc2ncnc3c2CN(c2cnc(OC)c(C(F)(F)F)c2)CC3)C1,9400.0,5.026872146400302,0,450.4650000000002
CCC(=O)N1CC[C@H](Nc2ncnc3sc(-c4cnc(OC)c(OC)c4)cc23)C1,10000.0,5.0,0,413.5030000000002
CCC(=O)Nc1ccc(-c2ccc3ncc4ccc(=O)n(-c5cccc(C(F)(F)F)c5)c4c3c2)cn1,29.24,7.534022631714177,1,488.4690000000001
CCC(=O)Nc1ccc(-c2nc(N3CC4CCC(C3)O4)nc3c2C(=O)N(CC)CC(C)(C)O3)cc1,472.0,6.3260580013659125,1,479.5810000000003
CCC(=O)c1ccc(NC(=O)Nc2ccc(-c3nc(N4CCOCC4)c4ncccc4n3)cc2)cc1,301.0,6.521433504406157,1,482.54400000000027
CCC(C)(C)C(=O)C(=O)N1CCC[C@H]1C(=O)OCCCc1cccnc1,20892.96,4.68000002720016,0,360.454
CCC(C)n1nc(-c2ccc(C)c(O)c2)c2c(N)ncnc21,16.0,7.795880017344075,1,297.362
CCC(CC)CNc1c(C(N)=O)cnc2ccc(C#N)cc12,3450.0,5.462180904926726,0,296.374
CCC(N)(CC)c1cnc(Nc2cnc(OC)c(F)c2)c(-c2nc(C)nc(N)n2)c1,4875.0,5.312025379965444,0,412.4730000000002
CCC(O)c1cc2nc(N3C[C@@H](C)O[C@@H](C)C3)nc(N3CCOCC3)c2s1,2000.0,5.698970004336019,0,392.5250000000002
CCC1(O)CCN(c2ncnc(C)c2C#Cc2ccc(N)nc2)CC1,5.0,8.301029995663981,1,337.42700000000013
CCC1C(c2cccnc2)OC(=O)N1c1cc(-c2cnc(N)nc2C(F)(F)F)nc(N2CCOCC2)n1,960.0,6.017728766960431,1,516.4840000000003
CCC1CCC(C)N(c2nc(N3CCOC[C@@H]3C)c3ccc(-c4ccc(OC)c(CO)c4)nc3n2)C1,190.0,6.721246399047171,1,491.63600000000025
CCC1CCCCN1c1nc(N2CCOC[C@@H]2C)c2ccc(-c3ccc(Cl)cc3)nc2n1,400.0,6.3979400086720375,1,452.0020000000001
CCC1CCCCN1c1nc(N2CCOC[C@@H]2C)c2ccc(-c3ccc(OC)c(CO)c3)nc2n1,1.84,8.735182176990463,1,477.6090000000002
CCCCCC(=O)NCC1CCN(c2ncnc(C)c2C#Cc2ccc(N)nc2)CC1,31.0,7.508638306165727,1,420.56100000000026
CCCCN(C)/C=C1/C(=O)O[C@H](COC)[C@@]2(C)C1=C(O)C(=O)C1=C2[C@H](OC(C)=O)C[C@]2(C)[C@@H](O)CC[C@@H]12,8700.0,5.060480747381382,0,517.6190000000004
CCCCN1CCN(C(=O)c2ccc(-c3ncnc(C)c3C#Cc3ccc(N)nc3)cc2)CC1,8.0,8.096910013008056,1,454.5780000000003
CCCCN1CCN(C(=O)c2ccc(-c3ncnc(CC)c3C#Cc3ccc(N)nc3)cc2C)CC1,1.52,8.818156412055227,1,482.6320000000004
CCCCN1CCN(C(=O)c2ccc(-c3ncnc(CC)c3C#Cc3ccc(N)nc3)cc2Cl)CC1,1.0,9.0,1,503.0500000000004
CCCCN1CCN(C(=O)c2ccc(-c3ncnc(CC)c3C#Cc3ccc(N)nc3)cc2F)CC1,4.0,8.397940008672037,1,486.59500000000037
CCCCN1CCN(C(=O)c2ccc(-c3ncnc(CC)c3C#Cc3ccc(N)nc3)cc2OC)CC1,4.52,8.344861565188618,1,498.6310000000004
CCCCNC(=O)c1ccc(NC(=O)Nc2ccc(-c3nc(N4CCOCC4)c4nnn(CC)c4n3)cc2)cc1,2.7,8.568636235841012,1,543.6320000000004
CCCCNCc1cc(-c2ccc3c(N4CCOC[C@@H]4C)nc(N4CCOC[C@@H]4C)nc3n2)ccc1OC,140.0,6.853871964321762,1,520.6780000000003
CCCCn1cnc2c(N3CCOC[C@@H]3C)cc(-c3ccc(NC(=O)NCC)cc3)nc21,425.0,6.371611069949688,1,436.5600000000001
CCCN1CCN(C(=O)c2c(F)cc(-c3ncnc(CC)c3C#Cc3ccc(N)nc3)cc2F)CC1,2.14,8.669586226650809,1,490.55800000000033
CCCN1CCN(C(=O)c2ccc(-c3ccnc(CC)c3C#Cc3ccc(N)nc3)cc2F)CC1,2.0,8.698970004336019,1,471.58000000000027
CCCN1CCN(C(=O)c2ccc(-c3ccnc(CC)c3C#Cc3ccc(N)nc3)cc2OC)CC1,11.0,7.958607314841775,1,483.6160000000003
CCCNC(=O)c1cc(-c2ccc3c(N4CCOC[C@@H]4C)nc(N4CCOC[C@@H]4C)nc3n2)ccc1F,140.0,6.853871964321762,1,508.59800000000024
CCCNc1nc2ccccc2n1-c1nc2c(c(C(C)(C)S(C)(=O)=O)n1)OC[C@@H]1COCCN21,921.0,6.035740369803151,1,486.59800000000035
CCCONS(=O)(=O)c1ccc(C)c(-c2cnc(N)c(-c3nc(C)no3)c2)c1,10000.0,5.0,0,403.46400000000017
CCC[C@@H]1COCCN1c1nc(N2CCOC[C@H]2C)c2nc(-c3cccc4[nH]ccc34)[nH]c2n1,194.0,6.7121982700697735,1,461.5700000000001
CCC[C@H]1COC(=O)N1c1ccn2ncc(-c3ccc(-c4nc[nH]n4)c(F)c3)c2n1,1.6,8.795880017344075,1,407.4090000000001
CCC[C@H]1COC(=O)N1c1ccn2ncc(-c3ccc(-c4nc[nH]n4)cc3)c2n1,6.4,8.193820026016112,1,389.4190000000001
CCCc1nc(N)nc(-n2c(Nc3cccc(O)c3)nc3ccccc32)n1,10780.0,4.96738123914928,0,361.4090000000001
CCCc1nn(C)c2c(=O)[nH]c(-c3cc(OC)cc(OC)c3)nc12,203.0,6.692503962086787,1,328.37200000000007
CCCn1c(C)nc2c(N3CCOC[C@@H]3C)cc(-c3ccc(NC(=O)NCC)cc3)nc21,423.0,6.373659632624958,1,436.5600000000001
CCCn1cnc2c(N3CCOCC3)cc(-c3ccc(NC(=O)NCC)cc3)nc21,399.0,6.399027104313252,1,408.5060000000001
CCCn1cnc2c(N3CCOC[C@@H]3C)cc(-c3ccc(NC(=O)NCC)cc3)nc21,290.0,6.5376020021010435,1,422.5330000000001
CCN(/C=C1/C(=O)O[C@H](COC)[C@@]2(C)C1=C(O)C(=O)C1=C2[C@H](O)C[C@]2(C)[C@@H](O)CC[C@@H]12)CC,20000.0,4.698970004336019,0,461.5550000000003
CCN(/C=C1/C(=O)O[C@H](COC)[C@@]2(C)C1=C(O)C(=O)C1=C2[C@H](OC(C)=O)C[C@]2(C)[C@@H](O)CC[C@@H]12)CC,14000.0,4.853871964321762,0,503.5920000000004
CCN(/C=C1/C(=O)O[C@H](COC)[C@@]2(C)C1=C(O)C(=O)C1=C2[C@H](OC(C)=O)C[C@]2(C)[C@@H](O)CC[C@@H]12)CCCN(C)C,3570.0,5.447331783887806,0,560.6880000000002
CCN(/C=C1/C(=O)O[C@H](COC)[C@@]2(C)C1=C(O)C(=O)C1=C2[C@H](OC(C)=O)C[C@]2(C)[C@@H](O)CC[C@@H]12)CCN(C)C,878.0,6.056505484093897,1,546.6610000000003
CCN(/C=C1/C(=O)O[C@H](COC)[C@@]2(C)C1=C(O)C(=O)C1=C2[C@H](OC(C)=O)C[C@]2(C)[C@@H](O)CC[C@@H]12)CCN(CC)CC,1480.0,5.8297382846050425,0,574.7150000000001
CCN(C)C(=O)CC1CCN(c2ncnc(C)c2C#Cc2ccc(N)nc2)CC1,53.0,7.275724130399211,1,392.5070000000002
CCN(C)C(=O)c1cc(-c2ccc3c(N4CCOC[C@@H]4C)nc(N4CCOC[C@@H]4C)nc3n2)ccc1F,26.0,7.585026652029182,1,508.59800000000024
CCN(C)C(=O)c1cc(-c2ccc3c(N4CCOC[C@@H]4C)nc(N4CCOC[C@@H]4C)nc3n2)ccc1OC,130.0,6.886056647693163,1,520.6340000000002
CCN(C)C(=O)c1cccc(-c2ccc3c(N4CCOC[C@@H]4C)nc(N4CCOC[C@@H]4C)nc3n2)c1,320.0,6.494850021680094,1,490.6080000000003
CCN(CC)C(=O)C1CCN(c2ccnc3c2c(/C=C2\Oc4ccc(NC(=O)Nc5cccnc5)cc4C2=O)cn3C)CC1,115.0,6.939302159646388,1,593.688
CCN(CC)C(=O)c1cc(-c2ccc3c(N4CCOC[C@@H]4C)nc(N4CCOC[C@@H]4C)nc3n2)ccc1F,500.0,6.301029995663981,1,522.6250000000003
CCN(CC)C(=O)c1cccc(-c2ccc3c(N4CCOC[C@@H]4C)nc(N4CCOC[C@@H]4C)nc3n2)c1,230.0,6.638272163982407,1,504.6350000000004
CCN(CC)C(=O)c1cccc(-c2ncnc(C)c2C#Cc2ccc(N)nc2)c1,82.0,7.086186147616283,1,385.4710000000001
CCN(CC)C1CN(c2cnc3ccc(-c4ccc5oc(N)nc5c4)cc3n2)C1,10000.0,5.0,0,388.4750000000002
CCN(CC)CCCC(C)Nc1ccnc2cc(Cl)ccc12,270.0,6.568636235841013,1,319.88000000000005
CCN(CC)CCCNCc1cc(-c2ccc3c(N4CCOC[C@@H]4C)nc(N4CCOC[C@@H]4C)nc3n2)ccc1OC,3.8,8.42021640338319,1,577.7740000000005
CCN(CC)CCCNc1nc(-c2ccc(NC(=O)Nc3ccc(Cl)cc3)cc2)nc2ccsc12,10000.0,5.0,0,509.0790000000001
CCN(CC)CCN(C)/C=C1/C(=O)O[C@H](COC)[C@@]2(C)C1=C(O)C(=O)C1=C2[C@H](OC(C)=O)C[C@]2(C)[C@@H](O)CC[C@@H]12,767.0,6.115204636051019,1,560.6880000000002
CCN(CC)CCNC(=O)Nc1nc2ccc(-c3cnc(OC)c(NS(=O)(=O)c4ccc(F)cc4)c3)cn2n1,123.0,6.910094888560602,1,556.6240000000001
CCN(CC)CCNC(=O)c1c(C)[nH]c(/C=C2\C(=O)Nc3ccc(F)cc32)c1C,50000.0,4.301029995663981,0,398.48200000000014
CCN(CC)S(=O)(=O)c1cc(Nc2nccc(-c3ccnc(-c4ccc(NC(=O)NC)cc4)c3)n2)ccc1C,88.0,7.055517327849832,1,545.6690000000002
CCN(CC)S(=O)(=O)c1cc(Nc2nccc(-c3ccnc(-c4ccc(NC(=O)NC)cc4)c3)n2)ccc1Cl,50.0,7.301029995663981,1,566.0870000000002
CCN(CC)S(=O)(=O)c1cccc(Nc2nccc(-c3ccnc(-c4ccc(NC(=O)NC)cc4)c3)n2)c1,25.0,7.6020599913279625,1,531.6420000000002
CCN(CC)c1cc(-c2ccnc(Nc3cccc(S(N)(=O)=O)c3)n2)ccn1,110.0,6.958607314841775,1,398.49200000000013
CCN(c1nccc(-c2ccc3nc(NC(C)=O)sc3c2)n1)S(=O)(=O)c1ccc(OC)cc1,262.0,6.581698708680254,1,483.5750000000002
CCN/C=C1/C(=O)O[C@H](COC)[C@@]2(C)C1=C(O)C(=O)C1=C2[C@H](OC(C)=O)C[C@]2(C)[C@@H](O)CC[C@@H]12,20000.0,4.698970004336019,0,475.5380000000003
CCN1C(=O)CNc2ncc(-c3ccc(-c4nc[nH]n4)nc3C)nc21,21.0,7.6777807052660805,1,336.3590000000001
CCN1CC(=O)Nc2ncc(-c3ccc(-c4nc[nH]n4)nc3C)nc21,90.0,7.045757490560675,1,336.3590000000001
CCN1CC(C)(C)Oc2nc(N3C4CCC3COC4)nc(-c3ccc(NC(=O)NC)c(F)c3)c2C1=O,18.0,7.7447274948966935,1,498.5590000000002
CCN1CC(C)(C)Oc2nc(N3C4CCC3COC4)nc(-c3ccc(NC(=O)NC4CC4)c(F)c3)c2C1=O,68.0,7.167491087293763,1,524.5970000000002
CCN1CC(C)(C)Oc2nc(N3C4CCC3COC4)nc(-c3ccc(NC(=O)Nc4cc(C)nc(C)c4)c(F)c3)c2C1=O,165.0,6.782516055786093,1,589.6720000000003
CCN1CC(C)(C)Oc2nc(N3C4CCC3COC4)nc(-c3ccc(NC(=O)Nc4cc(C)nc(C)n4)cc3)c2C1=O,72.0,7.142667503568732,1,572.6700000000002
CCN1CC(C)(C)Oc2nc(N3C4CCC3COC4)nc(-c3ccc(NC(=O)Nc4cc(OC)ccn4)cc3)c2C1=O,53.0,7.275724130399211,1,573.6540000000002
CCN1CC(C)(C)Oc2nc(N3C4CCC3COC4)nc(-c3ccc(NC(=O)Nc4cc(OC)ccn4)cc3F)c2C1=O,84.0,7.075720713938118,1,591.6440000000002
CCN1CC(C)(C)Oc2nc(N3C4CCC3COC4)nc(-c3ccc(NC(=O)Nc4ccc(C)nc4)c(F)c3)c2C1=O,43.0,7.366531544420414,1,575.6450000000002
CCN1CC(C)(C)Oc2nc(N3C4CCC3COC4)nc(-c3ccc(NC(=O)Nc4ccc(N5CC6CCC(C5)O6)nc4)c(F)c3)c2C1=O,87.0,7.060480747381382,1,672.7620000000001
CCN1CC(C)(C)Oc2nc(N3C4CCC3COC4)nc(-c3ccc(NC(=O)Nc4ccc(N5CCOCC5(C)C)nc4)c(F)c3)c2C1=O,142.0,6.847711655616943,1,674.778
CCN1CC(C)(C)Oc2nc(N3C4CCC3COC4)nc(-c3ccc(NC(=O)Nc4ccc(N5C[C@@H]6C[C@H]5CO6)nc4)c(F)c3)c2C1=O,72.0,7.142667503568732,1,658.7350000000001
CCN1CC(C)(C)Oc2nc(N3C4CCC3COC4)nc(-c3ccc(NC(=O)Nc4ccccn4)cc3)c2C1=O,31.0,7.508638306165727,1,543.6280000000002
CCN1CC(C)(C)Oc2nc(N3C4CCC3COC4)nc(-c3ccc(NC(=O)Nc4cccnc4)c(F)c3)c2C1=O,39.0,7.4089353929735005,1,561.6180000000002
CCN1CC(C)(C)Oc2nc(N3C4CCC3COC4)nc(-c3ccc(NC(=O)Nc4ccnc(C)c4)c(F)c3)c2C1=O,66.0,7.180456064458132,1,575.6450000000002
CCN1CC(C)(C)Oc2nc(N3C4CCC3COC4)nc(-c3ccc(NC(=O)Nc4ccncc4)c(F)c3)c2C1=O,20.0,7.698970004336019,1,561.6180000000002
CCN1CC(C)(C)Oc2nc(N3C4CCC3COC4)nc(-c3ccc(NC(=O)Nc4ccncc4F)cc3)c2C1=O,40.0,7.3979400086720375,1,561.6180000000002
CCN1CC(C)(C)Oc2nc(N3C4CCC3COC4)nc(-c3ccc(NC(=O)Nc4ccncn4)cc3)c2C1=O,40.0,7.3979400086720375,1,544.6160000000001
CCN1CC(C)(C)Oc2nc(N3C4CCC3COC4)nc(-c3ccc(NC(=O)OCCO)cc3)c2C1=O,27.0,7.568636235841013,1,511.5790000000003
CCN1CC(C)(C)Oc2nc(N3C4CCC3COC4)nc(-c3ccc(NC(=O)OCCO)cc3F)c2C1=O,63.0,7.200659450546418,1,529.5690000000003
CCN1CC(C)(C)Oc2nc(N3CC4CC35CC5O4)nc(-c3ccc(NC(=O)Nc4cc(C)nc(C)c4)c(F)c3)c2C1=O,28.0,7.552841968657781,1,587.6560000000002
CCN1CC(C)(C)Oc2nc(N3CC4CC35CC5O4)nc(-c3ccc(NC(=O)Nc4ccnc(C)c4)c(F)c3)c2C1=O,41.0,7.3872161432802645,1,573.6290000000001
CCN1CC(C)(C)Oc2nc(N3CC4CC35CC5O4)nc(-c3ccc(NC(=O)Nc4ccncc4)c(F)c3)c2C1=O,18.0,7.7447274948966935,1,559.6020000000001
CCN1CC(C)(C)Oc2nc(N3CC4CCC(C3)O4)nc(-c3ccc(N)nc3)c2C1=O,2648.0,5.577082019232337,0,424.50500000000017
CCN1CC(C)(C)Oc2nc(N3CC4CCC(C3)O4)nc(-c3ccc(NC(=O)NC(C)(C)CO)c(F)c3)c2C1=O,1120.0,5.950781977329818,0,556.6390000000002
CCN1CC(C)(C)Oc2nc(N3CC4CCC(C3)O4)nc(-c3ccc(NC(=O)NC)c(F)c3)c2C1=O,23.0,7.638272163982407,1,498.5590000000002
CCN1CC(C)(C)Oc2nc(N3CC4CCC(C3)O4)nc(-c3ccc(NC(=O)NC)cc3F)c2C1=O,34.0,7.468521082957745,1,498.5590000000002
CCN1CC(C)(C)Oc2nc(N3CC4CCC(C3)O4)nc(-c3ccc(NC(=O)NC4CC4)c(F)c3)c2C1=O,33.0,7.481486060122112,1,524.5970000000002
CCN1CC(C)(C)Oc2nc(N3CC4CCC(C3)O4)nc(-c3ccc(NC(=O)NC4COC4)c(F)c3)c2C1=O,29.0,7.5376020021010435,1,540.5960000000002
CCN1CC(C)(C)Oc2nc(N3CC4CCC(C3)O4)nc(-c3ccc(NC(=O)NCC(C)(C)O)c(F)c3)c2C1=O,1072.0,5.969805214643249,0,556.6390000000002
CCN1CC(C)(C)Oc2nc(N3CC4CCC(C3)O4)nc(-c3ccc(NC(=O)NCC4CCCO4)c(F)c3)c2C1=O,3475.0,5.4590451910738675,0,568.6500000000003
CCN1CC(C)(C)Oc2nc(N3CC4CCC(C3)O4)nc(-c3ccc(NC(=O)NCC4CCN(C)CC4)c(F)c3)c2C1=O,2120.0,5.673664139071248,0,595.7200000000004
CCN1CC(C)(C)Oc2nc(N3CC4CCC(C3)O4)nc(-c3ccc(NC(=O)NCC4CCOCC4)c(F)c3)c2C1=O,3165.0,5.4996262856466265,0,582.6770000000004
CCN1CC(C)(C)Oc2nc(N3CC4CCC(C3)O4)nc(-c3ccc(NC(=O)NCC4CCS(=O)(=O)C4)c(F)c3)c2C1=O,1384.0,5.858863909879261,0,616.7160000000001
CCN1CC(C)(C)Oc2nc(N3CC4CCC(C3)O4)nc(-c3ccc(NC(=O)NCCCO)cc3)c2C1=O,104.0,6.982966660701219,1,524.6220000000003
CCN1CC(C)(C)Oc2nc(N3CC4CCC(C3)O4)nc(-c3ccc(NC(=O)NCCF)cc3)c2C1=O,22.0,7.657577319177793,1,512.5860000000002
CCN1CC(C)(C)Oc2nc(N3CC4CCC(C3)O4)nc(-c3ccc(NC(=O)NCCO)cc3)c2C1=O,25.0,7.6020599913279625,1,510.59500000000025
CCN1CC(C)(C)Oc2nc(N3CC4CCC(C3)O4)nc(-c3ccc(NC(=O)NCCOC)c(F)c3)c2C1=O,383.0,6.416801226031377,1,542.6120000000002
CCN1CC(C)(C)Oc2nc(N3CC4CCC(C3)O4)nc(-c3ccc(NC(=O)NCc4ccc(OC)nc4)c(F)c3)c2C1=O,2977.0,5.526221165353276,0,605.6710000000003
CCN1CC(C)(C)Oc2nc(N3CC4CCC(C3)O4)nc(-c3ccc(NC(=O)N[C@@H](C)CO)c(F)c3)c2C1=O,239.0,6.621602099051862,1,542.6120000000002
CCN1CC(C)(C)Oc2nc(N3CC4CCC(C3)O4)nc(-c3ccc(NC(=O)N[C@H](C)CO)c(F)c3)c2C1=O,394.0,6.404503778174426,1,542.6120000000002
CCN1CC(C)(C)Oc2nc(N3CC4CCC(C3)O4)nc(-c3ccc(NC(=O)Nc4cc(C)nc(C)n4)c(F)c3)c2C1=O,450.0,6.346787486224656,1,590.6600000000002
CCN1CC(C)(C)Oc2nc(N3CC4CCC(C3)O4)nc(-c3ccc(NC(=O)Nc4cc(C)on4)cc3)c2C1=O,42.0,7.376750709602099,1,547.6160000000002
CCN1CC(C)(C)Oc2nc(N3CC4CCC(C3)O4)nc(-c3ccc(NC(=O)Nc4cc(OC)c(F)cc4F)cc3)c2C1=O,79.0,7.102372908709558,1,608.6460000000002
CCN1CC(C)(C)Oc2nc(N3CC4CCC(C3)O4)nc(-c3ccc(NC(=O)Nc4cc(OC)ccn4)cc3)c2C1=O,37.0,7.431798275933005,1,573.6540000000002
CCN1CC(C)(C)Oc2nc(N3CC4CCC(C3)O4)nc(-c3ccc(NC(=O)Nc4ccc(C#N)nc4)c(F)c3)c2C1=O,26.0,7.585026652029182,1,586.6280000000002
CCN1CC(C)(C)Oc2nc(N3CC4CCC(C3)O4)nc(-c3ccc(NC(=O)Nc4ccc(C(=O)N(C)CCN(C)C)cc4)cc3)c2C1=O,69.0,7.161150909262744,1,670.8149999999999
CCN1CC(C)(C)Oc2nc(N3CC4CCC(C3)O4)nc(-c3ccc(NC(=O)Nc4ccc(C(=O)N5CCC(N(C)C)CC5)cc4)cc3)c2C1=O,84.0,7.075720713938118,1,696.853
CCN1CC(C)(C)Oc2nc(N3CC4CCC(C3)O4)nc(-c3ccc(NC(=O)Nc4ccc(C(=O)NCC(C)(C)O)cc4)cc3)c2C1=O,40.0,7.3979400086720375,1,657.7720000000002
CCN1CC(C)(C)Oc2nc(N3CC4CCC(C3)O4)nc(-c3ccc(NC(=O)Nc4ccc(C(F)(F)F)cc4F)cc3)c2C1=O,182.0,6.739928612014925,1,628.6270000000002
CCN1CC(C)(C)Oc2nc(N3CC4CCC(C3)O4)nc(-c3ccc(NC(=O)Nc4ccc(C(F)(F)F)nc4)c(F)c3)c2C1=O,77.0,7.113509274827518,1,629.6150000000001
CCN1CC(C)(C)Oc2nc(N3CC4CCC(C3)O4)nc(-c3ccc(NC(=O)Nc4ccc(C)cn4)cc3)c2C1=O,43.0,7.366531544420414,1,557.6550000000002
CCN1CC(C)(C)Oc2nc(N3CC4CCC(C3)O4)nc(-c3ccc(NC(=O)Nc4ccc(C)nc4)c(F)c3)c2C1=O,24.0,7.619788758288394,1,575.6450000000002
CCN1CC(C)(C)Oc2nc(N3CC4CCC(C3)O4)nc(-c3ccc(NC(=O)Nc4ccc(CN5CCCCC5)cc4)cc3)c2C1=O,96.0,7.017728766960431,1,639.801
CCN1CC(C)(C)Oc2nc(N3CC4CCC(C3)O4)nc(-c3ccc(NC(=O)Nc4ccc(F)c(OC)c4)c(F)c3)c2C1=O,299.0,6.52432881167557,1,608.6460000000002
CCN1CC(C)(C)Oc2nc(N3CC4CCC(C3)O4)nc(-c3ccc(NC(=O)Nc4ccc(F)cc4F)cc3)c2C1=O,32.0,7.494850021680094,1,578.6200000000001
CCN1CC(C)(C)Oc2nc(N3CC4CCC(C3)O4)nc(-c3ccc(NC(=O)Nc4ccc(N(C)C)cn4)cc3)c2C1=O,24.0,7.619788758288394,1,586.6970000000001
CCN1CC(C)(C)Oc2nc(N3CC4CCC(C3)O4)nc(-c3ccc(NC(=O)Nc4ccc(N5CC6CCC(C5)O6)cn4)cc3)c2C1=O,64.0,7.1938200260161125,1,654.772
CCN1CC(C)(C)Oc2nc(N3CC4CCC(C3)O4)nc(-c3ccc(NC(=O)Nc4ccc(N5CCC(O)C5)cn4)cc3)c2C1=O,23.0,7.638272163982407,1,628.7340000000002
CCN1CC(C)(C)Oc2nc(N3CC4CCC(C3)O4)nc(-c3ccc(NC(=O)Nc4ccc(N5CCCC5)cn4)cc3)c2C1=O,130.0,6.886056647693163,1,612.7350000000001
CCN1CC(C)(C)Oc2nc(N3CC4CCC(C3)O4)nc(-c3ccc(NC(=O)Nc4ccc(N5CCCC5)nc4)c(F)c3)c2C1=O,84.0,7.075720713938118,1,630.7250000000001
CCN1CC(C)(C)Oc2nc(N3CC4CCC(C3)O4)nc(-c3ccc(NC(=O)Nc4ccc(N5CCCCC5)nc4)c(F)c3)c2C1=O,65.0,7.187086643357144,1,644.7520000000001
CCN1CC(C)(C)Oc2nc(N3CC4CCC(C3)O4)nc(-c3ccc(NC(=O)Nc4ccc(N5CCN(C(=O)OC)CC5)cc4)c(F)c3)c2C1=O,112.0,6.950781977329818,1,702.7880000000001
CCN1CC(C)(C)Oc2nc(N3CC4CCC(C3)O4)nc(-c3ccc(NC(=O)Nc4ccc(N5CCN(C(=O)OC)CC5)nc4)c(F)c3)c2C1=O,124.0,6.906578314837765,1,703.7760000000001
CCN1CC(C)(C)Oc2nc(N3CC4CCC(C3)O4)nc(-c3ccc(NC(=O)Nc4ccc(N5CCN(C)CC5)cc4)c(F)c3)c2C1=O,132.0,6.87942606879415,1,658.7790000000001
CCN1CC(C)(C)Oc2nc(N3CC4CCC(C3)O4)nc(-c3ccc(NC(=O)Nc4ccc(N5CCN(C)CC5)cc4)cc3)c2C1=O,63.0,7.200659450546418,1,640.7890000000001
CCN1CC(C)(C)Oc2nc(N3CC4CCC(C3)O4)nc(-c3ccc(NC(=O)Nc4ccc(N5CCN(C)CC5)nc4)c(F)c3)c2C1=O,61.0,7.214670164989233,1,659.767
CCN1CC(C)(C)Oc2nc(N3CC4CCC(C3)O4)nc(-c3ccc(NC(=O)Nc4ccc(N5CCN(S(C)(=O)=O)CC5)cc4)c(F)c3)c2C1=O,89.0,7.050609993355087,1,722.844
CCN1CC(C)(C)Oc2nc(N3CC4CCC(C3)O4)nc(-c3ccc(NC(=O)Nc4ccc(N5CCOCC5)cn4)cc3)c2C1=O,36.0,7.443697499232712,1,628.734
CCN1CC(C)(C)Oc2nc(N3CC4CCC(C3)O4)nc(-c3ccc(NC(=O)Nc4ccc(N5CCOCC5)nc4)c(F)c3)c2C1=O,52.0,7.2839966563652006,1,646.724
CCN1CC(C)(C)Oc2nc(N3CC4CCC(C3)O4)nc(-c3ccc(NC(=O)Nc4ccc(N5CCOC[C@@H]5C)nc4)c(F)c3)c2C1=O,38.0,7.42021640338319,1,660.7510000000001
CCN1CC(C)(C)Oc2nc(N3CC4CCC(C3)O4)nc(-c3ccc(NC(=O)Nc4ccc(N5CCOC[C@H]5C)nc4)c(F)c3)c2C1=O,21.0,7.6777807052660805,1,660.7510000000001
CCN1CC(C)(C)Oc2nc(N3CC4CCC(C3)O4)nc(-c3ccc(NC(=O)Nc4ccc(N5CCS(=O)(=O)CC5)cc4)c(F)c3)c2C1=O,39.0,7.4089353929735005,1,693.8020000000001
CCN1CC(C)(C)Oc2nc(N3CC4CCC(C3)O4)nc(-c3ccc(NC(=O)Nc4ccc(OC)cn4)cc3)c2C1=O,34.0,7.468521082957745,1,573.6540000000002
CCN1CC(C)(C)Oc2nc(N3CC4CCC(C3)O4)nc(-c3ccc(NC(=O)Nc4ccc(OC)nc4)c(C)c3)c2C1=O,585.0,6.232844133917819,1,587.6810000000002
CCN1CC(C)(C)Oc2nc(N3CC4CCC(C3)O4)nc(-c3ccc(NC(=O)Nc4ccc(OC)nc4)c(F)c3)c2C1=O,40.5,7.392544976785332,1,591.6440000000002
CCN1CC(C)(C)Oc2nc(N3CC4CCC(C3)O4)nc(-c3ccc(NC(=O)Nc4ccc(OC)nn4)c(F)c3)c2C1=O,45.0,7.346787486224656,1,592.6320000000002
CCN1CC(C)(C)Oc2nc(N3CC4CCC(C3)O4)nc(-c3ccc(NC(=O)Nc4ccc(OC)nn4)cc3)c2C1=O,35.0,7.455931955649724,1,574.6420000000002
CCN1CC(C)(C)Oc2nc(N3CC4CCC(C3)O4)nc(-c3ccc(NC(=O)Nc4ccc(OC5CCN(C)CC5)nc4)c(F)c3)c2C1=O,76.0,7.119186407719209,1,674.778
CCN1CC(C)(C)Oc2nc(N3CC4CCC(C3)O4)nc(-c3ccc(NC(=O)Nc4ccc(OC5CCOC5)cc4)c(F)c3)c2C1=O,56.0,7.251811972993799,1,646.7200000000001
CCN1CC(C)(C)Oc2nc(N3CC4CCC(C3)O4)nc(-c3ccc(NC(=O)Nc4ccc(OCCOC)cn4)cc3)c2C1=O,56.0,7.251811972993799,1,617.7070000000002
CCN1CC(C)(C)Oc2nc(N3CC4CCC(C3)O4)nc(-c3ccc(NC(=O)Nc4cccc(C(F)(F)F)c4)cc3)c2C1=O,182.0,6.739928612014925,1,610.6370000000002
CCN1CC(C)(C)Oc2nc(N3CC4CCC(C3)O4)nc(-c3ccc(NC(=O)Nc4cccc(OC(F)F)c4)cc3)c2C1=O,25.0,7.6020599913279625,1,608.6460000000002
CCN1CC(C)(C)Oc2nc(N3CC4CCC(C3)O4)nc(-c3ccc(NC(=O)Nc4cccc(OC)c4)cc3)c2C1=O,16.0,7.795880017344075,1,572.6660000000002
CCN1CC(C)(C)Oc2nc(N3CC4CCC(C3)O4)nc(-c3ccc(NC(=O)Nc4cccc(OC)n4)c(F)c3)c2C1=O,495.0,6.305394801066432,1,591.6440000000002
CCN1CC(C)(C)Oc2nc(N3CC4CCC(C3)O4)nc(-c3ccc(NC(=O)Nc4ccccn4)c(F)c3)c2C1=O,64.0,7.1938200260161125,1,561.6180000000002
CCN1CC(C)(C)Oc2nc(N3CC4CCC(C3)O4)nc(-c3ccc(NC(=O)Nc4ccccn4)cc3)c2C1=O,24.0,7.619788758288394,1,543.6280000000002
CCN1CC(C)(C)Oc2nc(N3CC4CCC(C3)O4)nc(-c3ccc(NC(=O)Nc4ccccn4)cc3F)c2C1=O,23.0,7.638272163982407,1,561.6180000000002
CCN1CC(C)(C)Oc2nc(N3CC4CCC(C3)O4)nc(-c3ccc(NC(=O)Nc4cccnc4)c(F)c3)c2C1=O,20.0,7.698970004336019,1,561.6180000000002
CCN1CC(C)(C)Oc2nc(N3CC4CCC(C3)O4)nc(-c3ccc(NC(=O)Nc4cccnc4)cc3)c2C1=O,20.0,7.698970004336019,1,543.6280000000002
CCN1CC(C)(C)Oc2nc(N3CC4CCC(C3)O4)nc(-c3ccc(NC(=O)Nc4ccn(C)n4)cc3)c2C1=O,19.0,7.721246399047171,1,546.6320000000002
CCN1CC(C)(C)Oc2nc(N3CC4CCC(C3)O4)nc(-c3ccc(NC(=O)Nc4ccnc(N(C)C)c4)c(F)c3)c2C1=O,90.0,7.045757490560675,1,604.6870000000002
CCN1CC(C)(C)Oc2nc(N3CC4CCC(C3)O4)nc(-c3ccc(NC(=O)Nc4ccnc(N5CC6CCC(C5)O6)c4)c(F)c3)c2C1=O,174.0,6.7594507517174005,1,672.7620000000001
CCN1CC(C)(C)Oc2nc(N3CC4CCC(C3)O4)nc(-c3ccc(NC(=O)Nc4ccnc(N5CCC(F)(F)CC5)c4)c(F)c3)c2C1=O,387.0,6.412289034981089,1,680.7320000000002
CCN1CC(C)(C)Oc2nc(N3CC4CCC(C3)O4)nc(-c3ccc(NC(=O)Nc4ccnc(N5CCN(S(C)(=O)=O)CC5)c4)c(F)c3)c2C1=O,72.0,7.142667503568732,1,723.8320000000001
CCN1CC(C)(C)Oc2nc(N3CC4CCC(C3)O4)nc(-c3ccc(NC(=O)Nc4ccnc(OC)n4)c(F)c3)c2C1=O,105.0,6.978810700930062,1,592.6320000000002
CCN1CC(C)(C)Oc2nc(N3CC4CCC(C3)O4)nc(-c3ccc(NC(=O)Nc4ccnc5[nH]ccc45)c(F)c3)c2C1=O,377.0,6.423658649794207,1,600.6550000000001
CCN1CC(C)(C)Oc2nc(N3CC4CCC(C3)O4)nc(-c3ccc(NC(=O)Nc4ccncc4)cc3F)c2C1=O,21.0,7.6777807052660805,1,561.6180000000002
CCN1CC(C)(C)Oc2nc(N3CC4CCC(C3)O4)nc(-c3ccc(NC(=O)Nc4ccncc4F)c(F)c3)c2C1=O,28.0,7.552841968657781,1,579.6080000000002
CCN1CC(C)(C)Oc2nc(N3CC4CCC(C3)O4)nc(-c3ccc(NC(=O)Nc4ccnn4C)cc3)c2C1=O,147.0,6.8326826652518236,1,546.6320000000002
CCN1CC(C)(C)Oc2nc(N3CC4CCC(C3)O4)nc(-c3ccc(NC(=O)Nc4ccon4)c(C)c3)c2C1=O,180.0,6.7447274948966935,1,547.6160000000002
CCN1CC(C)(C)Oc2nc(N3CC4CCC(C3)O4)nc(-c3ccc(NC(=O)Nc4ccon4)c(F)c3)c2C1=O,11.0,7.958607314841775,1,551.5790000000002
CCN1CC(C)(C)Oc2nc(N3CC4CCC(C3)O4)nc(-c3ccc(NC(=O)Nc4cn(C)cn4)c(F)c3)c2C1=O,27.0,7.568636235841013,1,564.6220000000002
CCN1CC(C)(C)Oc2nc(N3CC4CCC(C3)O4)nc(-c3ccc(NC(=O)Nc4cnc(N(C)C)cn4)c(F)c3)c2C1=O,67.0,7.173925197299173,1,605.6750000000002
CCN1CC(C)(C)Oc2nc(N3CC4CCC(C3)O4)nc(-c3ccc(NC(=O)Nc4cnc(N5CCOCC5)cn4)c(F)c3)c2C1=O,68.0,7.167491087293763,1,647.7120000000001
CCN1CC(C)(C)Oc2nc(N3CC4CCC(C3)O4)nc(-c3ccc(NC(=O)Nc4cnc(OC)cn4)cc3)c2C1=O,57.0,7.2441251443275085,1,574.6420000000002
CCN1CC(C)(C)Oc2nc(N3CC4CCC(C3)O4)nc(-c3ccc(NC(=O)Nc4cnc(OC)nc4)c(F)c3)c2C1=O,34.0,7.468521082957745,1,592.6320000000002
CCN1CC(C)(C)Oc2nc(N3CC4CCC(C3)O4)nc(-c3ccc(NC(=O)Nc4cncc(OC)n4)c(F)c3)c2C1=O,251.0,6.600326278518962,1,592.6320000000002
CCN1CC(C)(C)Oc2nc(N3CC4CCC(C3)O4)nc(-c3ccc(NC(=O)Nc4cncc(OC)n4)cc3)c2C1=O,59.0,7.229147988357855,1,574.6420000000002
CCN1CC(C)(C)Oc2nc(N3CC4CCC(C3)O4)nc(-c3ccc(NC(=O)Nc4cnccn4)cc3)c2C1=O,16.0,7.795880017344075,1,544.6160000000001
CCN1CC(C)(C)Oc2nc(N3CC4CCC(C3)O4)nc(-c3ccc(NC(=O)Nc4cnn(C)c4)c(F)c3)c2C1=O,19.0,7.721246399047171,1,564.6220000000002
CCN1CC(C)(C)Oc2nc(N3CC4CCC(C3)O4)nc(-c3ccc(NC(=O)Nc4cnn(C)c4)cc3)c2C1=O,13.0,7.886056647693163,1,546.6320000000002
CCN1CC(C)(C)Oc2nc(N3CC4CCC(C3)O4)nc(-c3ccc(NC(=O)Nc4nc5ccccc5[nH]4)cc3)c2C1=O,58.0,7.236572006437063,1,582.6650000000002
CCN1CC(C)(C)Oc2nc(N3CC4CCC(C3)O4)nc(-c3ccc(NC(=O)OC)cc3)c2C1=O,180.0,6.7447274948966935,1,481.5530000000002
CCN1CC(C)(C)Oc2nc(N3CC4CCC(C3)O4)nc(-c3ccc(NC(=O)OCCO)c(F)c3)c2C1=O,123.0,6.910094888560602,1,529.5690000000003
CCN1CC(C)(C)Oc2nc(N3CC4CCC(C3)O4)nc(-c3ccc(NC(=O)OCCO)cc3F)c2C1=O,82.0,7.086186147616283,1,529.5690000000003
CCN1CC(C)(C)Oc2nc(N3CC4CCC(C3)O4)nc(-c3ccc(NC(=O)OC[C@@H](C)O)c(F)c3)c2C1=O,1070.0,5.97061622231479,0,543.5960000000002
CCN1CC(C)(C)Oc2nc(N3CC4CCC(C3)O4)nc(-c3ccc(NC(=O)OC[C@H](C)O)c(F)c3)c2C1=O,286.0,6.543633966870957,1,543.5960000000002
CCN1CC(C)(C)Oc2nc(N3CC4CCC(C3)O4)nc(-c3ccc(NC(=O)OC[C@H](C)O)cc3)c2C1=O,198.0,6.703334809738469,1,525.6060000000002
CCN1CC(C)(C)Oc2nc(N3CC4CCC(C3)O4)nc(-c3ccc(NC(=O)O[C@@H](C)CO)c(F)c3)c2C1=O,993.0,6.0030507515046185,1,543.5960000000002
CCN1CC(C)(C)Oc2nc(N3CC4CCC(C3)O4)nc(-c3ccc(NC(=O)O[C@H](C)CO)c(F)c3)c2C1=O,667.0,6.175874166083451,1,543.5960000000002
CCN1CC(C)(C)Oc2nc(N3CC4CCC(C3)O4)nc(-c3ccc(NS(=O)(=O)CC)cc3)c2C1=O,6349.0,5.197294672925648,0,515.6360000000002
CCN1CC(C)(C)Oc2nc(N3CC4CCC(C3)O4)nc(-c3ccc(Nc4nnc(-c5ccc(OC)nc5)[nH]4)c(F)c3)c2C1=O,128.0,6.892790030352131,1,615.6700000000002
CCN1CC(C)(C)Oc2nc(N3CC4CCC(C3)O4)nc(-c3ccc(Nc4nnc(C)[nH]4)c(F)c3)c2C1=O,348.0,6.458420756053419,1,522.5850000000002
CCN1CC(C)(C)Oc2nc(N3CC4CCC(C3)O4)nc(-c3ccc(Nc4nnc(C)s4)cc3)c2C1=O,66.0,7.180456064458132,1,521.6470000000002
CCN1CC(C)(C)Oc2nc(N3CC4CCC(C3)O4)nc(-c3ccc(OC)c(CO)c3)c2C1=O,4045.0,5.393081474051709,0,468.55400000000026
CCN1CC(C)(C)Oc2nc(N3CCOCC3)nc(-c3ccc(N)cc3)c2C1=O,927.0,6.032920265855503,1,397.4790000000001
CCN1CC(C)(C)Oc2nc(N3CCOCC3)nc(-c3ccc(NC(=O)NOC)cc3)c2C1=O,1494.0,5.82564940252062,0,470.53000000000014
CCN1CC(C)(C)Oc2nc(N3CCOCC3)nc(-c3ccc(NC(=O)OC)cc3)c2C1=O,194.0,6.7121982700697735,1,455.51500000000016
CCN1CC(C)(C)Oc2nc(N3CCOCC3)nc(-c3ccc(OC)c(CO)c3)c2C1=O,7285.0,5.137570443893991,0,442.5160000000002
CCN1CC(C)(C)Oc2nc(N3CCOC[C@@H]3C)nc(-c3ccc(NC(=O)NC)c(F)c3)c2C1=O,22.0,7.657577319177793,1,486.5480000000002
CCN1CC(C)(C)Oc2nc(N3CCOC[C@@H]3C)nc(-c3ccc(NC(=O)NC)cc3F)c2C1=O,13.0,7.886056647693163,1,486.5480000000002
CCN1CC(C)(C)Oc2nc(N3CCOC[C@@H]3C)nc(-c3ccc(NC(=O)NC4CC4)c(F)c3)c2C1=O,40.0,7.3979400086720375,1,512.5860000000002
CCN1CC(C)(C)Oc2nc(N3CCOC[C@@H]3C)nc(-c3ccc(NC(=O)NCC(F)(F)F)c(F)c3)c2C1=O,113.0,6.94692155651658,1,554.5450000000001
CCN1CC(C)(C)Oc2nc(N3CCOC[C@@H]3C)nc(-c3ccc(NC(=O)Nc4cc(C)nc(C)n4)cc3)c2C1=O,53.0,7.275724130399211,1,560.6590000000002
CCN1CC(C)(C)Oc2nc(N3CCOC[C@@H]3C)nc(-c3ccc(NC(=O)Nc4cc(OC)c(F)cc4F)cc3)c2C1=O,81.0,7.0915149811213505,1,596.6350000000002
CCN1CC(C)(C)Oc2nc(N3CCOC[C@@H]3C)nc(-c3ccc(NC(=O)Nc4cc(OC)ccc4F)cc3)c2C1=O,48.0,7.318758762624412,1,578.6450000000002
CCN1CC(C)(C)Oc2nc(N3CCOC[C@@H]3C)nc(-c3ccc(NC(=O)Nc4cc(OC)ccn4)c(F)c3)c2C1=O,74.0,7.130768280269024,1,579.6330000000002
CCN1CC(C)(C)Oc2nc(N3CCOC[C@@H]3C)nc(-c3ccc(NC(=O)Nc4cc(OC)ccn4)cc3)c2C1=O,12.0,7.920818753952375,1,561.6430000000001
CCN1CC(C)(C)Oc2nc(N3CCOC[C@@H]3C)nc(-c3ccc(NC(=O)Nc4cc(OC)ccn4)cc3F)c2C1=O,89.0,7.050609993355087,1,579.6330000000002
CCN1CC(C)(C)Oc2nc(N3CCOC[C@@H]3C)nc(-c3ccc(NC(=O)Nc4ccc(C(=O)N(C)CCN(C)C)cc4)cc3)c2C1=O,48.0,7.318758762624412,1,658.8040000000001
CCN1CC(C)(C)Oc2nc(N3CCOC[C@@H]3C)nc(-c3ccc(NC(=O)Nc4ccc(C(=O)N5CCC(N(C)C)CC5)cc4)cc3)c2C1=O,51.0,7.292429823902063,1,684.842
CCN1CC(C)(C)Oc2nc(N3CCOC[C@@H]3C)nc(-c3ccc(NC(=O)Nc4ccc(C(=O)NCC(C)(C)O)cc4)cc3)c2C1=O,38.0,7.42021640338319,1,645.7610000000002
CCN1CC(C)(C)Oc2nc(N3CCOC[C@@H]3C)nc(-c3ccc(NC(=O)Nc4ccc(C)cn4)c(F)c3)c2C1=O,85.0,7.070581074285707,1,563.6340000000001
CCN1CC(C)(C)Oc2nc(N3CCOC[C@@H]3C)nc(-c3ccc(NC(=O)Nc4ccc(C)cn4)cc3)c2C1=O,24.5,7.610833915635467,1,545.6440000000001
CCN1CC(C)(C)Oc2nc(N3CCOC[C@@H]3C)nc(-c3ccc(NC(=O)Nc4ccc(C)nc4)c(F)c3)c2C1=O,38.0,7.42021640338319,1,563.6340000000001
CCN1CC(C)(C)Oc2nc(N3CCOC[C@@H]3C)nc(-c3ccc(NC(=O)Nc4ccc(F)cc4F)cc3)c2C1=O,24.0,7.619788758288394,1,566.6090000000002
CCN1CC(C)(C)Oc2nc(N3CCOC[C@@H]3C)nc(-c3ccc(NC(=O)Nc4ccc(N5CC6CCC(C5)O6)nc4)c(F)c3)c2C1=O,53.0,7.275724130399211,1,660.7510000000002
CCN1CC(C)(C)Oc2nc(N3CCOC[C@@H]3C)nc(-c3ccc(NC(=O)Nc4ccc(N5CCN(C)CC5)cn4)cc3)c2C1=O,58.0,7.236572006437063,1,629.7660000000001
CCN1CC(C)(C)Oc2nc(N3CCOC[C@@H]3C)nc(-c3ccc(NC(=O)Nc4ccc(N5CCN(C)CC5)nc4)c(F)c3)c2C1=O,37.0,7.431798275933005,1,647.7560000000001
CCN1CC(C)(C)Oc2nc(N3CCOC[C@@H]3C)nc(-c3ccc(NC(=O)Nc4ccc(N5CCN(C)CC5)nc4)cc3)c2C1=O,22.0,7.657577319177793,1,629.7660000000001
CCN1CC(C)(C)Oc2nc(N3CCOC[C@@H]3C)nc(-c3ccc(NC(=O)Nc4ccc(N5CCOCC5(C)C)nc4)c(F)c3)c2C1=O,196.0,6.707743928643524,1,662.7670000000002
CCN1CC(C)(C)Oc2nc(N3CCOC[C@@H]3C)nc(-c3ccc(NC(=O)Nc4ccc(N5CCOCC5)cc4)c(F)c3)c2C1=O,76.0,7.119186407719209,1,633.7250000000003
CCN1CC(C)(C)Oc2nc(N3CCOC[C@@H]3C)nc(-c3ccc(NC(=O)Nc4ccc(N5CCOCC5)nc4)c(F)c3)c2C1=O,37.0,7.431798275933005,1,634.7130000000002
CCN1CC(C)(C)Oc2nc(N3CCOC[C@@H]3C)nc(-c3ccc(NC(=O)Nc4ccc(N5C[C@@H]6C[C@H]5CO6)nc4)c(F)c3)c2C1=O,68.0,7.167491087293763,1,646.7240000000002
CCN1CC(C)(C)Oc2nc(N3CCOC[C@@H]3C)nc(-c3ccc(NC(=O)Nc4ccc(OC)cn4)c(F)c3)c2C1=O,55.0,7.259637310505756,1,579.6330000000002
CCN1CC(C)(C)Oc2nc(N3CCOC[C@@H]3C)nc(-c3ccc(NC(=O)Nc4ccc(OC)cn4)cc3)c2C1=O,12.0,7.920818753952375,1,561.6430000000001
CCN1CC(C)(C)Oc2nc(N3CCOC[C@@H]3C)nc(-c3ccc(NC(=O)Nc4ccc(OC)nc4)c(C)c3)c2C1=O,276.0,6.559090917934782,1,575.6700000000002
CCN1CC(C)(C)Oc2nc(N3CCOC[C@@H]3C)nc(-c3ccc(NC(=O)Nc4ccc(OC)nc4)c(F)c3)c2C1=O,34.0,7.468521082957745,1,579.6330000000002
CCN1CC(C)(C)Oc2nc(N3CCOC[C@@H]3C)nc(-c3ccc(NC(=O)Nc4cccc(C)n4)cc3)c2C1=O,55.0,7.259637310505756,1,545.6440000000001
CCN1CC(C)(C)Oc2nc(N3CCOC[C@@H]3C)nc(-c3ccc(NC(=O)Nc4cccc(OC(C)F)c4)c(F)c3)c2C1=O,141.0,6.85078088734462,1,610.6620000000001
CCN1CC(C)(C)Oc2nc(N3CCOC[C@@H]3C)nc(-c3ccc(NC(=O)Nc4cccc(OC(F)F)c4)cc3)c2C1=O,61.0,7.214670164989233,1,596.6350000000001
CCN1CC(C)(C)Oc2nc(N3CCOC[C@@H]3C)nc(-c3ccc(NC(=O)Nc4ccccc4F)cc3)c2C1=O,19.0,7.721246399047171,1,548.6190000000001
CCN1CC(C)(C)Oc2nc(N3CCOC[C@@H]3C)nc(-c3ccc(NC(=O)Nc4ccccn4)c(F)c3)c2C1=O,29.0,7.5376020021010435,1,549.6070000000001
CCN1CC(C)(C)Oc2nc(N3CCOC[C@@H]3C)nc(-c3ccc(NC(=O)Nc4ccccn4)cc3)c2C1=O,13.0,7.886056647693163,1,531.6170000000002
CCN1CC(C)(C)Oc2nc(N3CCOC[C@@H]3C)nc(-c3ccc(NC(=O)Nc4ccn(C)n4)c(F)c3)c2C1=O,86.0,7.0655015487564325,1,552.6110000000001
CCN1CC(C)(C)Oc2nc(N3CCOC[C@@H]3C)nc(-c3ccc(NC(=O)Nc4ccnc(C)c4)c(F)c3)c2C1=O,39.0,7.4089353929735005,1,563.6340000000001
CCN1CC(C)(C)Oc2nc(N3CCOC[C@@H]3C)nc(-c3ccc(NC(=O)Nc4ccncc4)c(F)c3)c2C1=O,16.0,7.795880017344075,1,549.6070000000001
CCN1CC(C)(C)Oc2nc(N3CCOC[C@@H]3C)nc(-c3ccc(NC(=O)Nc4ccncc4)cc3F)c2C1=O,17.0,7.769551078621726,1,549.6070000000001
CCN1CC(C)(C)Oc2nc(N3CCOC[C@@H]3C)nc(-c3ccc(NC(=O)Nc4ccon4)c(C)c3)c2C1=O,112.0,6.950781977329818,1,535.6050000000002
CCN1CC(C)(C)Oc2nc(N3CCOC[C@@H]3C)nc(-c3ccc(NC(=O)Nc4ccon4)c(F)c3)c2C1=O,18.0,7.7447274948966935,1,539.5680000000002
CCN1CC(C)(C)Oc2nc(N3CCOC[C@@H]3C)nc(-c3ccc(NC(=O)Nc4cn(C)cn4)c(F)c3)c2C1=O,26.0,7.585026652029182,1,552.6110000000001
CCN1CC(C)(C)Oc2nc(N3CCOC[C@@H]3C)nc(-c3ccc(NC(=O)Nc4cnc(C)cn4)c(F)c3)c2C1=O,62.0,7.2076083105017466,1,564.6220000000002
CCN1CC(C)(C)Oc2nc(N3CCOC[C@@H]3C)nc(-c3ccc(NC(=O)Nc4cnc(N5CCOCC5)cn4)cc3)c2C1=O,32.0,7.494850021680094,1,617.7110000000001
CCN1CC(C)(C)Oc2nc(N3CCOC[C@@H]3C)nc(-c3ccc(NC(=O)Nc4cnccn4)c(F)c3)c2C1=O,41.0,7.3872161432802645,1,550.5950000000001
CCN1CC(C)(C)Oc2nc(N3CCOC[C@@H]3C)nc(-c3ccc(NC(=O)Nc4nnc(C)o4)c(F)c3)c2C1=O,106.0,6.97469413473523,1,554.5830000000002
CCN1CC(C)(C)Oc2nc(N3CCOC[C@@H]3C)nc(-c3ccc(NC(=O)OCC(C)(C)O)cc3)c2C1=O,2448.0,5.611188586526477,0,527.6220000000003
CCN1CC(C)(C)Oc2nc(N3CCOC[C@@H]3C)nc(-c3ccc(NC(=O)OCCO)c(F)c3)c2C1=O,155.0,6.809668301829708,1,517.5580000000002
CCN1CC(C)(C)Oc2nc(N3CCOC[C@@H]3C)nc(-c3ccc(NC(=O)OCCO)cc3)c2C1=O,25.0,7.6020599913279625,1,499.56800000000027
CCN1CC(C)(C)Oc2nc(N3CCOC[C@@H]3C)nc(-c3ccc(NC(=O)O[C@H]4CCC[C@H]4O)cc3)c2C1=O,222.0,6.653647025549361,1,539.6330000000003
CCN1CC(C)(C)Oc2nc(N3CCOC[C@@H]3C)nc(-c3ccc(NC(=O)Oc4cccc(OC)c4)cc3)c2C1=O,970.0,6.013228265733755,1,561.6390000000002
CCN1CC(C)(C)Oc2nc(N3C[C@@H]4C[C@H]3CO4)nc(-c3ccc(NC(=O)NC)c(F)c3)c2C1=O,145.0,6.838631997765025,1,484.53200000000015
CCN1CC(N2CC(C(C)C)N(c3ccn4ncc(-c5ccc(-c6nc[nH]n6)c(F)c5)c4n3)C2=O)C1,21.7,7.663540266151471,1,489.55900000000025
CCN1CC(N2C[C@H](C(C)C)N(c3ccn4ncc(-c5ccc(-c6nc[nH]n6)cc5)c4n3)C2=O)C1,42.7,7.369572124974976,1,471.56900000000024
CCN1CCC(CN(C)C(=O)c2cc(-c3ccnc(C)c3C#Cc3ccc(N)nc3)ccc2F)C1,19.0,7.721246399047171,1,471.58000000000027
CCN1CCC(CN2CC(C(C)C)N(c3ccn4ncc(-c5ccc(-c6nc[nH]n6)c(F)c5)c4n3)C2=O)CC1,21.5,7.667561540084395,1,531.6400000000001
CCN1CCC(N(C)C(=O)c2cc(-c3ccnc(C)c3C#Cc3ccc(N)nc3)ccc2F)CC1,33.0,7.481486060122112,1,471.58000000000027
CCN1CCC(N2C[C@H](C(C)C)N(c3ccn4ncc(-c5ccc(-c6nc[nH]n6)cc5)c4n3)C2=O)CC1,59.1,7.228412519118745,1,499.6230000000003
CCN1CCC(n2c(=O)n(C)c3cnc4ccc(-c5ccc(-c6cnn(C)c6)nc5)cc4c32)C1,550.0,6.259637310505756,1,453.55000000000024
CCN1CCC[C@@H]1CN1C[C@H](C(C)C)N(c2ccn3ncc(-c4ccc(-c5nc[nH]n5)cc4)c3n2)C1=O,51.2,7.29073003902417,1,499.6230000000002
CCN1CCN(C(=O)Nc2ccc(-c3nc(N4CCOCC4)c4cnn(CCCCCCC(=O)NO)c4n3)cc2)CC1,3.1,8.508638306165727,1,579.7060000000004
CCN1CCN(C(=O)c2ccc(-c3ccnc(C)c3C#Cc3ccc(N)nc3C)cc2F)CC1,19.0,7.721246399047171,1,457.5530000000003
CCN1CCN(C2CN(c3cnc4ccc(-c5ccc6oc(N)nc6c5)cc4n3)C2)CC1,10000.0,5.0,0,429.5280000000003
CCN1CCN(C2CN(c3cnc4ccc(-c5ccc6oc(N)nc6c5)nc4n3)C2)CC1,10000.0,5.0,0,430.5160000000003
CCN1CCN(CC(=O)Nc2ccc(-c3cccc4c(=O)cc(N5CCOCC5)oc34)c3sc4ccccc4c23)CC1,10000.0,5.0,0,582.7260000000002
CCN1CCN(CC/C=C/c2ccc3c(Nc4ccc(Sc5nccn5C)c(Cl)c4)c(C#N)cnc3c2)CC1,30000.0,4.522878745280337,0,558.1550000000001
CCN1CCN(c2ccc(-c3nn(CC4CCCC4)c4nc(NC)ncc34)cn2)CC1,10000.0,5.0,0,420.56500000000017
CCN1CCN(c2ccc(-c3nn(Cc4cn(Cc5ccccc5)nn4)c4nc(NC)ncc34)cn2)CC1,10000.0,5.0,0,509.6220000000002
CCN1CCN(c2ccc(NC(=O)Nc3ccc(-c4nc(C5CCOCC5)nc(N5C6CCC5COC6)n4)cc3)cc2)CC1,0.56,9.2518119729938,1,598.7520000000003
CCN1CCN(c2ccc(NC(=O)Nc3ccc(-c4nc(N5C6CCC5COC6)nc(N5CCOC[C@H]5C)n4)cc3)cc2)CC1,1.2,8.920818753952375,1,613.7670000000003
CCN1CCN(c2ccc(Nc3cc(N(C)C(=O)Nc4c(Cl)c(OC)cc(OC)c4Cl)ncn3)cc2)CC1,9500.0,5.022276394711152,0,560.4860000000001
CCN1CCO[C@@H](CN2C[C@H](C(C)C)N(c3ccn4ncc(-c5ccc(-c6nc[nH]n6)cc5)c4n3)C2=O)C1,29.7,7.527243550682788,1,515.6220000000002
CCNC(=O)CC1CCN(c2ncnc(C)c2C#Cc2ccc(N)nc2)CC1,58.0,7.236572006437063,1,378.4800000000002
CCNC(=O)N1CC(S(=O)(=O)c2cc(-c3cnc(N)nc3)cc(N3CCOCC3)c2)C1,870.0,6.060480747381382,1,446.5330000000003
CCNC(=O)Nc1ccc(-c2cc(N3CCOCC3)c3ncn(CC)c3n2)cc1,422.0,6.374687549038326,1,394.4790000000001
CCNC(=O)Nc1ccc(-c2cc(N3CCOC[C@@H]3C)c3nc(C)n(CC(C)C)c3n2)cc1,430.0,6.366531544420414,1,450.58700000000016
CCNC(=O)Nc1ccc(-c2cc(N3CCOC[C@@H]3C)c3nc(C)n(CC)c3n2)cc1,330.0,6.481486060122113,1,422.53300000000013
CCNC(=O)Nc1ccc(-c2cc(N3CCOC[C@@H]3C)c3ncn(COCC)c3n2)cc1,403.0,6.394694953858891,1,438.53200000000015
CCNC(=O)Nc1ccc(-c2cc(N3CCOC[C@@H]3C)c3ncn(COCCOC)c3n2)cc1,410.0,6.3872161432802645,1,468.5580000000002
CCNC(=O)Nc1ccc(-c2nc(-c3ccncc3)c(SC)c(N3CCOCC3)n2)cc1,23.7,7.6252516539898965,1,450.56800000000027
CCNC(=O)Nc1ccc(-c2nc(C(=O)OCC)c(OCC)c(N3CCOCC3)n2)cc1,292.15,6.5343941093537135,1,443.5040000000003
CCNC(=O)Nc1ccc(-c2nc(C3=CCOCC3)c3sccc3n2)cc1,3.3,8.481486060122112,1,380.47300000000007
CCNC(=O)Nc1ccc(-c2nc(Cl)c(SC)c(N3CCOCC3)n2)cc1,116.15,6.934980785863746,1,407.92700000000025
CCNC(=O)Nc1ccc(-c2nc(N3C4CCC3COC4)c3cnn(C4CCN(C(=O)OC)CC4)c3n2)cc1,0.62,9.207608310501746,1,534.6210000000004
CCNC(=O)Nc1ccc(-c2nc(N3C4CCC3COC4)nc3c2C(=O)N(CC)CC(C)(C)O3)cc1F,72.0,7.142667503568732,1,512.5860000000004
CCNC(=O)Nc1ccc(-c2nc(N3CC4CCC(C3)O4)c3cnn(C4CCC5(CC4)OCCO5)c3n2)cc1,0.26,9.585026652029182,1,533.6330000000005
CCNC(=O)Nc1ccc(-c2nc(N3CC4CCC(C3)O4)c3cnn(C4CCN(C(=O)OC)CC4)c3n2)cc1,0.2,9.698970004336019,1,534.6210000000004
CCNC(=O)Nc1ccc(-c2nc(N3CC4CCC(C3)O4)c3cnn(CC)c3n2)cc1,0.6,9.221848749616356,1,421.50500000000017
CCNC(=O)Nc1ccc(-c2nc(N3CC4CCC(C3)O4)c3cnn(CCN(C)C)c3n2)cc1,13.0,7.886056647693163,1,464.57400000000024
CCNC(=O)Nc1ccc(-c2nc(N3CC4CCC(C3)O4)c3sccc3n2)cc1,0.7,9.154901959985743,1,409.5150000000001
CCNC(=O)Nc1ccc(-c2nc(N3CC4CCC(C3)O4)nc3c2C(=O)N(C2CCN(C)CC2)CC(C)(C)O3)cc1,245.0,6.610833915635467,1,563.7030000000004
CCNC(=O)Nc1ccc(-c2nc(N3CC4CCC(C3)O4)nc3c2C(=O)N(C2CCOCC2)CC(C)(C)O3)cc1,41.0,7.3872161432802645,1,550.6600000000004
CCNC(=O)Nc1ccc(-c2nc(N3CC4CCC(C3)O4)nc3c2C(=O)N(CC)CC(C)(C)O3)cc1,1445.0,5.840132152907433,0,494.59600000000034
CCNC(=O)Nc1ccc(-c2nc(N3CC4CCC(C3)O4)nc3c2C(=O)N(CC)CC(C)(C)O3)cc1F,45.0,7.346787486224656,1,512.5860000000004
CCNC(=O)Nc1ccc(-c2nc(N3CC4CCC(C3)O4)nc3c2C(=O)N(CC)CC(C)(C)O3)cn1,2487.0,5.604324214730064,0,495.58400000000034
CCNC(=O)Nc1ccc(-c2nc(N3CC4CCC(C3)O4)nc3c2C(=O)N(CCC(=O)N(C)C)CC(C)(C)O3)cc1,44.0,7.356547323513812,1,565.6750000000004
CCNC(=O)Nc1ccc(-c2nc(N3CC4CCC(C3)O4)nc3c2C(=O)N(CCC(=O)O)CC(C)(C)O3)cc1,17.0,7.769551078621726,1,538.6050000000004
CCNC(=O)Nc1ccc(-c2nc(N3CC4CCC(C3)O4)nc3c2C(=O)N(CCC(=O)OC(C)(C)C)CC(C)(C)O3)cc1,351.0,6.454692883534176,1,594.7130000000004
CCNC(=O)Nc1ccc(-c2nc(N3CC4CCC(C3)O4)nc3c2C(=O)N(CCCO)CC(C)(C)O3)cc1,65.0,7.187086643357144,1,524.6220000000004
CCNC(=O)Nc1ccc(-c2nc(N3CC4CCC(C3)O4)nc3c2C(=O)N(CCOC)CC(C)(C)O3)cc1,59.0,7.229147988357855,1,524.6220000000004
CCNC(=O)Nc1ccc(-c2nc(N3CC4CCC(C3)O4)nc3c2C(=O)N(CCOC)CC(C)(C)O3)cc1F,87.0,7.060480747381382,1,542.6120000000004
CCNC(=O)Nc1ccc(-c2nc(N3CC4CCC(C3)O4)nc3c2C(=O)N(C[C@@H]2CCCN2)CC(C)(C)O3)cc1F,721.0,6.142064735280571,1,567.6660000000004
CCNC(=O)Nc1ccc(-c2nc(N3CC4CCC(C3)O4)nc3c2C(=O)N(C[C@@H]2CCCN2C(=O)OCC)CC(C)(C)O3)cc1F,905.0,6.043351420794797,1,639.7290000000003
CCNC(=O)Nc1ccc(-c2nc(N3CC4CCC(C3)O4)nc3c2C(=O)N(C[C@@H]2CCCN2C(C)=O)CC(C)(C)O3)cc1F,1070.0,5.97061622231479,0,609.7030000000004
CCNC(=O)Nc1ccc(-c2nc(N3CCCOCC3)c3c(ncn3C)n2)cc1,8050.0,5.094204119632131,0,395.4670000000001
CCNC(=O)Nc1ccc(-c2nc(N3CCOC(C)C3)c3cnn(C4CCN(C(=O)OC)CC4)c3n2)cc1,1.9,8.721246399047171,1,522.6100000000004
CCNC(=O)Nc1ccc(-c2nc(N3CCOCC3)c3c(n2)C(C)(C)OC3=O)cc1,18.0,7.7447274948966935,1,411.46200000000016
CCNC(=O)Nc1ccc(-c2nc(N3CCOCC3)c3c(n2)[C@@](C)(CC(C)(C)O)OC3)cc1,42.0,7.376750709602099,1,455.55900000000025
CCNC(=O)Nc1ccc(-c2nc(N3CCOCC3)c3c(n2)[C@@](C)(CCO)OC3)cc1,35.0,7.455931955649724,1,427.5050000000002
CCNC(=O)Nc1ccc(-c2nc(N3CCOCC3)c3c(n2)[C@@](C)(CO)OC3)cc1,187.0,6.728158393463501,1,413.4780000000002
CCNC(=O)Nc1ccc(-c2nc(N3CCOCC3)c3c(n2)[C@](C)(CC(C)(C)O)OC3)cc1,9.1,8.040958607678906,1,455.55900000000025
CCNC(=O)Nc1ccc(-c2nc(N3CCOCC3)c3c(n2)[C@](C)(CCO)OC3)cc1,2.4000000000000004,8.619788758288394,1,427.5050000000002
CCNC(=O)Nc1ccc(-c2nc(N3CCOCC3)c3c(n2)[C@](C)(CO)OC3)cc1,31.0,7.508638306165727,1,413.4780000000002
CCNC(=O)Nc1ccc(-c2nc(N3CCOCC3)c3ccn(CCN(C)C)c3n2)cc1,30.0,7.522878745280337,1,437.5480000000002
CCNC(=O)Nc1ccc(-c2nc(N3CCOCC3)c3cnn(C4CCN(C(=O)OC)CC4)c3n2)cc1,0.32,9.494850021680094,1,508.5830000000003
CCNC(=O)Nc1ccc(-c2nc(N3CCOCC3)c3cnn(C4CCN(C(=O)OCC)CC4)c3n2)cc1,0.17,9.769551078621726,1,522.6100000000004
CCNC(=O)Nc1ccc(-c2nc(N3CCOCC3)c3cnn(C4CCN(Cc5ccccc5)CC4)c3n2)cc1,0.8,9.096910013008056,1,540.6720000000003
CCNC(=O)Nc1ccc(-c2nc(N3CCOCC3)nc(N3CCOCC3)n2)cc1,10.0,8.0,1,413.4820000000002
CCNC(=O)Nc1ccc(-c2nc(N3CCOCC3)nc3c2C(=O)N(CC)CC(C)(C)O3)cc1,72.0,7.142667503568732,1,468.5580000000003
CCNC(=O)Nc1ccc(-c2nc(N3CCOCC3)nc3c2C(=O)N(CC)CCO3)cc1,800.0,6.096910013008056,1,440.50400000000025
CCNC(=O)Nc1ccc(-c2nc(N3CCOCC3)nc3c2C(=O)NCC(C)(C)O3)cc1,112.0,6.950781977329818,1,440.5040000000002
CCNC(=O)Nc1ccc(-c2nc(N3CCOC[C@@H]3C)c3c(ccn3C)n2)cc1,93.5,7.029188389127482,1,394.47900000000004
CCNC(=O)Nc1ccc(-c2nc(N3CCOC[C@@H]3C)c3c(cnn3C)n2)cc1,27.5,7.560667306169737,1,395.46700000000004
CCNC(=O)Nc1ccc(-c2nc(N3CCOC[C@@H]3C)c3c(n2)C(C)(C)OC3)cc1,8.8,8.05551732784983,1,411.50600000000014
CCNC(=O)Nc1ccc(-c2nc(N3CCOC[C@@H]3C)c3c(n2)C(C)(C)OC3=O)cc1,10.3,7.987162775294828,1,425.48900000000015
CCNC(=O)Nc1ccc(-c2nc(N3CCOC[C@@H]3C)c3c(n2)C(C)(C)S(=O)(=O)C3)cc1,120.25,6.919914914954131,1,459.5720000000002
CCNC(=O)Nc1ccc(-c2nc(N3CCOC[C@@H]3C)c3c(n2)[C@@](C)(CC(C)(C)O)OC3)cc1,21.5,7.667561540084395,1,469.58600000000024
CCNC(=O)Nc1ccc(-c2nc(N3CCOC[C@@H]3C)c3c(n2)[C@@](C)(CC2CC2)OC3)cc1,3.9,8.4089353929735,1,451.57100000000025
CCNC(=O)Nc1ccc(-c2nc(N3CCOC[C@@H]3C)c3c(n2)[C@@](C)(CCC#N)OC3)cc1,11.15,7.952725132615821,1,450.54300000000023
CCNC(=O)Nc1ccc(-c2nc(N3CCOC[C@@H]3C)c3c(n2)[C@@](C)(CCO)OC3)cc1,29.5,7.530177984021837,1,441.5320000000002
CCNC(=O)Nc1ccc(-c2nc(N3CCOC[C@@H]3C)c3c(n2)[C@@](C)(CCOC)OC3)cc1,55.0,7.259637310505756,1,455.55900000000025
CCNC(=O)Nc1ccc(-c2nc(N3CCOC[C@@H]3C)c3c(n2)[C@@](C)(CO)OC3)cc1,62.5,7.204119982655925,1,427.50500000000017
CCNC(=O)Nc1ccc(-c2nc(N3CCOC[C@@H]3C)c3c(n2)[C@](C)(CC(C)(C)O)OC3)cc1,5.35,8.271646217978772,1,469.58600000000024
CCNC(=O)Nc1ccc(-c2nc(N3CCOC[C@@H]3C)c3c(n2)[C@](C)(CC2CC2)OC3)cc1,7.5,8.1249387366083,1,451.57100000000025
CCNC(=O)Nc1ccc(-c2nc(N3CCOC[C@@H]3C)c3c(n2)[C@](C)(CCC#N)OC3)cc1,13.0,7.886056647693163,1,450.54300000000023
CCNC(=O)Nc1ccc(-c2nc(N3CCOC[C@@H]3C)c3c(n2)[C@](C)(CCN(C)C)OC3)cc1,46.5,7.3325470471100465,1,468.60200000000026
CCNC(=O)Nc1ccc(-c2nc(N3CCOC[C@@H]3C)c3c(n2)[C@](C)(CCO)OC3)cc1,1.65,8.782516055786093,1,441.5320000000002
CCNC(=O)Nc1ccc(-c2nc(N3CCOC[C@@H]3C)c3c(n2)[C@](C)(CCOC)OC3)cc1,13.5,7.8696662315049934,1,455.55900000000025
CCNC(=O)Nc1ccc(-c2nc(N3CCOC[C@@H]3C)c3c(n2)[C@](C)(CO)OC3)cc1,11.5,7.939302159646388,1,427.50500000000017
CCNC(=O)Nc1ccc(-c2nc(N3CCOC[C@@H]3C)c3c(ncn3C)n2)cc1,1415.0,5.849243560139691,0,395.46700000000004
CCNC(=O)Nc1ccc(-c2nc(N3CCOC[C@@H]3C)c3cnn(C4CCN(C(=O)OCC)CC4)c3n2)cc1,1.8,8.744727494896694,1,536.6370000000004
CCNC(=O)Nc1ccc(-c2nc(N3CCOC[C@@H]3C)nc3c2C(=O)N(CC)CC(C)(C)O3)cc1,26.0,7.585026652029182,1,482.58500000000026
CCNC(=O)Nc1ccc(-c2nc(N3CCOC[C@@H]3C)nc3c2C(=O)N(CC)CC(C)(C)O3)cc1F,18.0,7.7447274948966935,1,500.5750000000003
CCNC(=O)Nc1ccc(-c2nc(N3CCOC[C@@H]3CC)c3c(ccn3C)n2)cc1,25.5,7.5934598195660445,1,408.5060000000001
CCNC(=O)Nc1ccc(-c2nc(N3CCOC[C@@H]3CC)c3c(cnn3C)n2)cc1,11.5,7.939302159646388,1,409.4940000000001
CCNC(=O)Nc1ccc(-c2nc(N3CCOC[C@@H]3CC)c3c(n2)c(C)nn3C)cc1,6.0,8.221848749616356,1,423.52100000000013
CCNC(=O)Nc1ccc(-c2nc(N3CCOC[C@@H]3CC)c3c(ncn3C)n2)cc1,111.0,6.954677021213342,1,409.4940000000001
CCNC(=O)Nc1ccc(-c2nc(N3CCOC[C@@H]3CC)nc3c2C(=O)N(CC)CC(C)(C)O3)cc1F,116.0,6.935542010773082,1,514.6020000000003
CCNC(=O)Nc1ccc(-c2nc(N3CCOC[C@H]3C)c3c(ncn3C)n2)cc1,690.0,6.161150909262744,1,395.46700000000004
CCNC(=O)Nc1ccc(-c2nc(N3CCOC[C@H]3C)c3cnn(C4CCN(C(=O)OCC)CC4)c3n2)cc1,0.87,9.060480747381382,1,536.6370000000004
CCNC(=O)Nc1ccc(-c2nc(N3C[C@@H](C)O[C@@H](C)C3)nc3c2C(=O)N(CC)CC(C)(C)CO3)cc1,7770.0,5.1095789811990855,0,510.6390000000004
CCNC(=O)Nc1ccc(-c2nc(N3C[C@@H](C)O[C@@H](C)C3)nc3c2C(=O)N(CC)CC(C)(C)O3)cc1,1220.0,5.913640169325252,0,496.61200000000036
CCNC(=O)Nc1ccc(-c2nc(N3C[C@@H]4C[C@H]3CO4)c3c(cnn3C)n2)cc1,305.0,6.515700160653214,1,393.4510000000001
CCNC(=O)Nc1ccc(-c2nc(N3C[C@H]4CC[C@@H](C3)O4)c3c(n2)[C@@](C)(CCO)OC3)cc1,27.5,7.560667306169737,1,453.5430000000003
CCNC(=O)Nc1ccc(-c2nc(N3C[C@H]4CC[C@@H](C3)O4)c3c(n2)[C@](C)(CCO)OC3)cc1,1.65,8.782516055786093,1,453.5430000000003
CCNC(=O)Nc1ccc(-c2nc3c(c(N4CCOC[C@@H]4C)n2)CCN(C2COC2)C3)cc1,21.4,7.669586226650809,1,452.5590000000003
CCNC(=O)Nc1ccc(-c2nc3c(c(N4CCOC[C@@H]4C)n2)CS(=O)(=O)CC3)cc1,27.0,7.568636235841013,1,445.54500000000024
CCNC(=O)Nc1ccc(-c2nc3c(c(N4C[C@@H]5C[C@H]4CO5)n2)CS(=O)(=O)C3)cc1,1290.0,5.889410289700751,0,429.5020000000002
CCNC(=O)Nc1ccc(-c2nc3c(c(N4C[C@H]5CC[C@@H](C4)O5)n2)CS(=O)(=O)C3)cc1,84.0,7.075720713938118,1,443.5290000000002
CCNC(=O)Nc1ccc(-c2nc3c(c(N4C[C@H]5CC[C@@H](C4)O5)n2)CS(=O)(=O)CC3)cc1,55.0,7.259637310505756,1,457.55600000000027
CCNC(=O)Nc1ccc2c(c1)C(=O)/C(=C/c1cn(C)c3nccc(N4CC5CCC(C4)O5)c13)O2,57.0,7.2441251443275085,1,473.5330000000003
CCNC(=O)c1cc(-c2ccc3c(N4CCOC[C@@H]4C)nc(N4CCOC[C@@H]4C)nc3n2)ccc1F,54.0,7.267606240177032,1,494.57100000000025
CCNC(=O)c1ccc(-c2ccc3c(N4CCOC[C@@H]4C)nc(N4CCOC[C@@H]4C)nc3n2)cc1F,720.0,6.142667503568732,1,494.57100000000025
CCNC(=O)c1ccc(NC(=O)Nc2ccc(-c3nc(N4CCOCC4)c4nnn(CC)c4n3)cc2)cc1,0.56,9.2518119729938,1,515.5780000000004
CCNCc1ccc(-c2ccc3c(N4CCOC[C@@H]4C)nc(N4CCOC[C@@H]4C)nc3n2)o1,97.0,7.013228265733755,1,452.55900000000025
CCNc1ccc(C#Cc2c(CC)ncnc2-c2ccc(C(=O)N3CC4(CN(C(=O)OC(C)(C)C)C4)C3)c(F)c2)cn1,9.26,8.033389013318066,1,570.6690000000004
CCNc1ccc(C#Cc2c(CC)ncnc2-c2ccc(C(=O)N3CCC(N4CCOCC4)CC3)c(F)c2)cn1,1.61,8.79317412396815,1,542.6590000000004
CCNc1ccc(C#Cc2c(CC)ncnc2-c2ccc(C(=O)N3CCC4(CC3)CN(C(=O)OC(C)(C)C)C4)c(F)c2)cn1,11.46,7.940815382368629,1,598.7230000000003
CCNc1ccc(C#Cc2c(CC)ncnc2-c2ccc(C(=O)N3CCC4(CC3)COC4)c(F)c2)cn1,2.09,8.679853713888946,1,499.5900000000004
CCNc1ccc(C#Cc2c(CC)ncnc2-c2ccc(C(=O)N3CCN(C4CCC4)CC3)c(F)c2)cn1,1.64,8.785156151952302,1,512.6330000000004
CCNc1ccc(C#Cc2c(CC)ncnc2-c2ccc(C(=O)N3CCN(CCCS(C)(=O)=O)CC3)c(F)c2)cn1,1.55,8.809668301829708,1,578.7140000000004
CCNc1ccc(C#Cc2c(CC)ncnc2-c2ccc(C(=O)N3CCN(CCNS(C)(=O)=O)CC3)c(F)c2)cn1,1.39,8.856985199745905,1,579.7020000000003
CCNc1ccc(C#Cc2c(CC)ncnc2-c2ccc(C(=O)N3CCn4c(C)cnc4C3)c(F)c2)cn1,1.63,8.787812395596042,1,509.5890000000003
CCNc1ccc(C#Cc2c(CC)ncnc2-c2ccc(C(=O)N3CCn4ccnc4C3)c(F)c2)cn1,0.81,9.09151498112135,1,495.56200000000024
CCNc1ccc(C#Cc2c(CC)ncnc2-c2ccc(C(=O)N3CCn4cnnc4C3)c(F)c2)cn1,1.46,8.835647144215564,1,496.55000000000024
CCNc1cnc(Nc2ccc(OC)nc2)c(-c2nc(C)nc3[nH]cnc23)c1,4138.0,5.383209513670284,0,376.4240000000001
CCNc1nc(N2CCOC[C@@H]2C)c2ccc(-c3ccc(OC)c(CO)c3)nc2n1,72.0,7.142667503568732,1,409.4900000000002
CCNc1nc2ccccc2n1-c1nc2c(c(C(C)(C)S(C)(=O)=O)n1)OC[C@@H]1COCCN21,505.0,6.296708621881338,1,472.5710000000003
CCOC(=O)C1=C(CSC(=S)N(C2CCCCC2)C2CCCCC2)N(C)C(=O)NC1c1ccccc1,640.0,6.1938200260161125,1,529.7720000000004
CCOC(=O)C1=C(CSc2nc3cc([N+](=O)[O-])ccc3[nH]2)N(C)C(=O)NC1c1ccccc1,720.0,6.142667503568732,1,467.5070000000001
CCOC(=O)C1CCCN(c2nc(N3CCOC[C@@H]3C)c3ccc(-c4ccc(OC)c(CO)c4)nc3n2)C1,180.0,6.7447274948966935,1,521.6180000000002
CCOC(=O)C1CCN(c2nc(N3CCOC[C@@H]3C)c3ccc(-c4ccc(OC)c(CO)c4)nc3n2)CC1,73.0,7.136677139879544,1,521.6180000000003
CCOC(=O)Cn1nc(-c2cc3cc(O)ccc3[nH]2)c2c(N)ncnc21,500.0,6.301029995663981,1,352.3540000000001
CCOC(=O)N1CCC(c2nc(-c3cccc4[nH]ccc34)nc3c2OC[C@@H]2COCCN32)(S(C)(=O)=O)CC1,2080.0,5.681936665037238,0,541.6300000000002
CCOC(=O)N1CCC(n2ncc3c(N4CCOC[C@@H]4C)nc(-c4ccc(NC(=O)NCCF)cc4)nc32)CC1,1.8,8.744727494896694,1,554.6270000000001
CCOC(=O)N1CCC(n2ncc3c(N4CCOC[C@@H]4C)nc(-c4ccc(NC(=O)Nc5ccncc5)cc4)nc32)CC1,0.58,9.236572006437063,1,585.669
CCOC(=O)N1CCC(n2ncc3c(N4CCOC[C@H]4C)nc(-c4ccc(NC(=O)NCCF)cc4)nc32)CC1,1.2,8.920818753952375,1,554.6270000000001
CCOC(=O)N1CCC(n2ncc3c(N4CCOC[C@H]4C)nc(-c4ccc(NC(=O)Nc5ccncc5)cc4)nc32)CC1,0.28,9.55284196865778,1,585.669
CCOC(=O)N1CCN(C(=O)c2ccc(-c3ncnc(CC)c3C#Cc3ccc(N)nc3)cc2C)CC1,2.68,8.57186520597121,1,498.5870000000004
CCOC(=O)N1CCN(C(=O)c2ccc(-c3ncnc(CC)c3C#Cc3ccc(N)nc3)cc2Cl)CC1,3.59,8.44490555142168,1,519.0050000000002
CCOC(=O)N1CCN(C(=O)c2ccc(-c3ncnc(CC)c3C#Cc3ccc(N)nc3)cc2F)CC1,16.0,7.795880017344075,1,502.55000000000035
CCOC(=O)N1CCN(C(=O)c2ccc(-c3ncnc(CC)c3C#Cc3ccc(N)nc3)cc2OC)CC1,19.5,7.709965388637482,1,514.5860000000004
CCOC(=O)N1CCN(CC#Cc2ccnc3ccc(-c4cnc(OC)c(NS(=O)(=O)c5ccc(F)cc5F)c4)cc23)CC1,9.9,8.00436480540245,1,621.6660000000002
CCOC(=O)N1CCN(c2cnc3ccc(-c4ccc5oc(N)nc5c4)cc3n2)CC1,10000.0,5.0,0,418.4570000000003
CCOC(=O)N1Cc2nc(-c3ccc(NC(=O)NC4CC4)cc3)nc(N3CCOC[C@@H]3C)c2C1,1000.0,6.0,1,466.5420000000004
CCOC(=O)Nc1ccc(-c2nc(N3CC4CCC(C3)O4)nc3c2C(=O)N(CC)CC(C)(C)O3)cc1,442.0,6.354577730650908,1,495.5800000000003
CCOC(=O)Nc1ccc(-c2nc(N3CCOCC3)c3cnn(C4CCN(Cc5ccccc5)CC4)c3n2)cc1,46.0,7.337242168318426,1,541.6560000000003
CCOC(=O)c1ccc(NC(=O)Nc2ccc(-c3nc(N4CCOCC4)c4ncccc4n3)cc2)cc1,1320.0,5.87942606879415,0,498.5430000000003
CCOC(=O)c1cnn2c(-c3cccc(NC(=O)c4cccc(C(F)(F)F)c4)c3)ccnc12,10000.0,5.0,0,454.40800000000013
CCOC(=O)c1nc(-c2ccc(NC(=O)NC)cc2)nc(N2CCOCC2)c1OCC,253.8,6.595508382241314,1,429.4770000000004
CCOC(=O)c1nc(-c2ccc(NC(=O)Nc3ccc(C(=O)N4CCN(C)CC4)cc3)cc2)nc(N2CCOCC2)c1OCC,105.8,6.975514332300833,1,617.7070000000001
CCOC(=O)c1nc(-c2ccc(NC(=O)Nc3ccc(C(=O)N4CCOCC4)cc3)cc2)nc(N2CCOCC2)c1OCC,67.0,7.173925197299173,1,604.6640000000002
CCOC(=O)c1nc(-c2ccc(NC(=O)Nc3ccc(C(=O)NCCN(C)C)cc3)cc2)nc(N2CCOCC2)c1OCC,78.3,7.106238237942057,1,605.6960000000001
CCOC(=O)c1nc(-c2ccc(NC(=O)Nc3ccc(C(N)=O)cc3)cc2)nc(N2CCOCC2)c1OCC,18.0,7.7447274948966935,1,534.5730000000003
CCOC(=O)c1nc(-c2ccc(NC(=O)Nc3ccc(N4CCN(C)CC4)cc3)cc2)nc(N2CCOCC2)c1OCC,105.1,6.978397283971757,1,589.6970000000002
CCOC(=O)c1nc(-c2ccc(NC(=O)Nc3ccc(N4CCOCC4)c(F)c3)cc2)nc(N2CCOCC2)c1OCC,134.8,6.870310107800699,1,594.6440000000002
CCOC(=O)c1nc(-c2ccc(NC(=O)Nc3ccc(N4CCOCC4)cc3)cc2)nc(N2CCOCC2)c1OCC,80.1,7.096367483915762,1,576.6540000000003
CCOC(=O)c1nc(-c2ccc(NC(=O)Nc3ccc(N4CCOCC4=O)cc3)cc2)nc(N2CCOCC2)c1OCC,11.5,7.939302159646388,1,590.6370000000002
CCOC(=O)c1nc(-c2ccc(NC(=O)Nc3ccc(N4CCOCC4=O)cc3)cc2F)nc(N2CCOCC2)c1OCC,93.0,7.031517051446065,1,608.6270000000002
CCOC(=O)c1nc(-c2ccc(NC(=O)Nc3ccc(N4CCSCC4)cc3)cc2)nc(N2CCOCC2)c1OCC,184.85,6.733180545090875,1,592.7220000000002
CCOC(=O)c1nc(-c2ccc(NC(=O)Nc3ccc(NC(C)=O)cc3)cc2)nc(N2CCOCC2)c1OCC,86.0,7.0655015487564325,1,548.6000000000003
CCOC(=O)c1nc(-c2ccc(NC(=O)Nc3ccc(NC(C)=O)nc3)cc2)nc(N2CCOCC2)c1OCC,76.8,7.114638779968488,1,549.5880000000003
CCOC(=O)c1nc(-c2ccc(NC(=O)Nc3ccc(NS(C)(=O)=O)cc3)cc2)nc(N2CCOCC2)c1OCC,214.05,6.669484767829672,1,584.6550000000001
CCOC(=O)c1nc(-c2ccc(NC(=O)Nc3ccc(S(C)(=O)=O)cc3)cc2)nc(N2CCOCC2)c1OCC,179.95,6.74484814901107,1,569.6400000000002
CCOC(=O)c1nc(-c2ccc(NC(=O)Nc3ccc(S(N)(=O)=O)cc3)cc2)nc(N2CCOCC2)c1OCC,81.1,7.090979145788844,1,570.6280000000003
CCOC(=O)c1nc(-c2ccc(NC(=O)Nc3ccc4oc(=O)[nH]c4c3)cc2)nc(N2CCOCC2)c1OCC,177.0,6.752026733638194,1,548.5560000000003
CCOC(=O)c1nc(-c2ccc(NC(=O)Nc3cccc(C(N)=O)c3)cc2)nc(N2CCOCC2)c1OCC,146.05,6.835498438690432,1,534.5730000000003
CCOC(=O)c1nc(-c2ccc(NC(=O)Nc3cccc(NC(C)=O)c3)cc2)nc(N2CCOCC2)c1OCC,150.1,6.823619307756729,1,548.6000000000003
CCOC(=O)c1nc(-c2ccc(NC(=O)Nc3ccccc3)cc2)nc(N2CCOCC2)c1OC,275.15,6.560430482852825,1,477.52100000000036
CCOC(=O)c1nc(-c2ccc(NC(=O)Nc3ccccc3)cc2)nc(N2CCOCC2)c1OCC,142.8,6.845271792559845,1,491.5480000000004
CCOC(=O)c1nc(-c2ccc(NC(=O)Nc3cccnc3)cc2)nc(N2CCOCC2)c1OCC,116.2,6.934793871945688,1,492.5360000000004
CCOC(=O)c1nc(-c2ccc(NC(=O)Nc3nccs3)cc2)nc(N2CCOCC2)c1OCC,72.2,7.141462802430361,1,498.5650000000004
CCOC(Cn1nc(-c2ccc3oc(N)nc3c2)c2c(N)ncnc21)OCC,15.0,7.823908740944319,1,383.4120000000002
CCOC(Cn1nc(-c2cnc3[nH]ccc3c2)c2c(N)ncnc21)OCC,328.0,6.484126156288321,1,367.4130000000002
CCOC1CCN(c2ncnc(CC)c2C#Cc2ccc(C)nc2)CC1,168.0,6.774690718274137,1,350.4660000000001
CCOC1CCN(c2ncnc(CC)c2C#Cc2ccc(N)nc2)CC1,16.0,7.795880017344075,1,351.4540000000001
CCOC[C@H]1COC(=O)N1c1ccn2ncc(-c3ccc(-c4nc[nH]n4)c(F)c3)c2n1,15.3,7.815308569182402,1,423.40800000000013
CCOCc1cccc(-c2ccc3c(N4CCOC[C@@H]4C)nc(N4CCOC[C@@H]4C)nc3n2)c1,130.0,6.886056647693163,1,463.5820000000002
CCOc1c(C(=O)N2CCCCC2)nc(-c2ccc(NC(=O)Nc3ccccc3)cc2)nc1N1CCOCC1,257.15,6.589813471342891,1,530.6290000000001
CCOc1c(C(=O)N2CCOCC2)nc(-c2ccc(NC(=O)Nc3ccc(C(N)=O)cc3)cc2)nc1N1CCOCC1,70.4,7.152427340857888,1,575.626
CCOc1c(C(=O)N2CCOCC2)nc(-c2ccc(NC(=O)Nc3ccccc3)cc2)nc1N1CCOCC1,102.25,6.990336683320621,1,532.6010000000001
CCOc1c(C(=O)N2CCOCC2)nc(-c2ccc(NC(=O)Nc3cccnc3)cc2)nc1N1CCOCC1,62.5,7.204119982655925,1,533.589
CCOc1c(CN2CCOCC2)nc(-c2ccc(NC(=O)Nc3ccccc3)cc2)nc1N1CCOCC1,210.05,6.677677314125989,1,518.6180000000002
CCOc1c(Cl)nc(-c2ccc(NC(=O)Nc3cccnc3)cc2)nc1N1CCOCC1,267.85,6.572108349291121,1,454.9180000000003
CCOc1c(Cl)nc(-c2ccc(NC(=O)Nc3ccncc3)cc2)nc1N1CCOCC1,255.75,6.592184357615802,1,454.9180000000003
CCOc1cc(-c2nn(C(C)C)c3ncnc(N)c23)ccc1OC,2400.0,5.619788758288394,0,327.3880000000001
CCOc1cc(-c2nn(CCO)c3ncnc(N)c23)ccc1OC,100000.0,4.0,0,329.36000000000007
CCOc1cc(N2CCC(O)CC2)ccc1Nc1ncc2c(n1)N(C)c1ccccc1C(=O)N2C,50000.0,4.301029995663981,0,474.5650000000002
CCOc1ccc(-c2ccc3c(N4CCOC[C@@H]4C)nc(N4CCOC[C@@H]4C)nc3n2)cc1C#N,1000.0,6.0,1,474.5650000000002
CCOc1ccc(-c2ccc3c(N4CCOC[C@@H]4C)nc(N4CCOC[C@@H]4C)nc3n2)cc1C(N)=O,2500.0,5.6020599913279625,0,492.58000000000027
CCOc1ccc(-c2n[nH]c3ncnc(N)c23)cc1OC,100000.0,4.0,0,285.307
CCOc1ccc(-c2nn(C(C)C)c3ncnc(N)c23)cc1OC,3300.0,5.481486060122113,0,327.3880000000001
CCOc1ccc(-c2nn(C3CCCC3)c3ncnc(N)c23)cc1O,110.0,6.958607314841775,1,339.39900000000006
CCOc1ccc(-c2nn(C3CCCC3)c3ncnc(N)c23)cc1OC,6500.0,5.187086643357144,0,353.4260000000001
CCOc1ccc(-c2nn(C3CCCCC3)c3ncnc(N)c23)cc1OC,616.0,6.210419287835575,1,367.4530000000001
CCOc1ccc(Nc2nc3ccccn3c2-c2nc(C)nc(N)n2)cn1,57.0,7.2441251443275085,1,362.3970000000001
CCOc1ccc(Nc2ncccc2-c2nc(C)nc(N)n2)cn1,14240.0,4.846490010699163,0,323.36
CCOc1ccc2cc(-c3nn(C)c4ncnc(N)c34)ccc2c1,100000.0,4.0,0,319.36800000000005
CCOc1cnc(-c2ccc(NC(=O)Nc3ccc(C(=O)N4CCOCC4)cc3)cc2)nc1N1CCOCC1,58.8,7.230622673923861,1,532.6010000000003
CCOc1cnc(-c2ccc(NC(=O)Nc3ccc(C(N)=O)cc3)cc2)nc1N1CCOCC1,50.1,7.300162274132754,1,462.51000000000033
CCOc1cnc(-c2ccc(NC(=O)Nc3ccc(N4CCN(S(C)(=O)=O)CC4)cc3)cc2)nc1N1CCOCC1,65.7,7.182434630440219,1,581.6990000000001
CCOc1cnc(-c2ccc(NC(=O)Nc3ccc(N4CCOCC4=O)cc3)cc2)nc1N1CCOCC1,24.8,7.605548319173784,1,518.5740000000004
CCOc1cnc(-c2ccc(NC(=O)Nc3ccc(NC(C)=O)cc3)cc2)nc1N1CCOCC1,83.4,7.078833949362261,1,476.5370000000003
CCOc1cnc(-c2ccc(NC(=O)Nc3ccc(NC(C)=O)nc3)cc2)nc1N1CCOCC1,39.0,7.4089353929735005,1,477.5250000000003
CCOc1cnc(-c2ccc(NC(=O)Nc3ccc(NS(C)(=O)=O)cc3)cc2)nc1N1CCOCC1,70.4,7.152427340857888,1,512.5920000000003
CCOc1cnc(-c2ccc(NC(=O)Nc3ccc(S(=O)(=O)N4CCOCC4)cc3)cc2)nc1N1CCOCC1,155.05,6.809528229426655,1,568.6560000000002
CCOc1cnc(-c2ccc(NC(=O)Nc3ccc(S(C)(=O)=O)cc3)cc2)nc1N1CCOCC1,30.1,7.521433504406157,1,497.57700000000034
CCOc1cnc(-c2ccc(NC(=O)Nc3ccc(S(N)(=O)=O)cc3)cc2)nc1N1CCOCC1,40.9,7.388276691992658,1,498.56500000000034
CCOc1cnc(-c2ccc(NC(=O)Nc3ccncc3)cc2)nc1N1CCOCC1,56.6,7.247183568811729,1,420.47300000000024
CCOc1nc(N2CCOC[C@@H]2C)c2ccc(-c3ccc(OC)c(CO)c3)nc2n1,43.0,7.366531544420414,1,410.47400000000016
CCS(=O)(=O)N(C)Cc1cccc(-c2ccc3c(N4CCOC[C@@H]4C)nc(N4CCOC[C@@H]4C)nc3n2)c1,500.0,6.301029995663981,1,540.6900000000004
CCS(=O)(=O)N1CC[C@H](n2c(=O)n(C)c3cnc4ccc(-c5ccc(-c6cnn(C)c6)nc5)cc4c32)C1,10.0,8.0,1,517.6150000000002
CCS(=O)(=O)c1cnc(Nc2cnc(OC)c(F)c2)c(-c2nc(C)nc(N)n2)c1,10000.0,5.0,0,419.4420000000002
CC[C@@H]1/C=C(\C)[C@@H](O)[C@@H](OC)C(=O)[C@H](C)C[C@H](C)/C=C/C=C/C=C(\C)[C@@H](OC)C[C@@H]2CC[C@@H](C)[C@@](O)(O2)C(=O)C(=O)N2CCCC[C@H]2C(=O)O[C@H]([C@H](C)C[C@@H]2CC[C@@H](OC(=O)C(C)(CO)CO)[C@H](OC)C2)CC1=O,2100.0,5.6777807052660805,0,1044.3299999999995
CC[C@@H]1/C=C/C=C/C=C(\C)[C@@H](OC)C[C@@H]2CC[C@@H](C)[C@@](O)(O2)C(=O)C(=O)N2CCCC[C@H]2C(=O)O[C@H]([C@H](C)C[C@@H]2CC[C@@H](OC(=O)C(C)(CO)CO)[C@H](OC)C2)CC(=O)[C@H](C)/C=C(\C)[C@@H](O)[C@@H](OC)C(=O)[C@H](C)C1,2500.0,5.6020599913279625,0,1044.33
CC[C@@H]1CC[C@H]2C[C@H](OC)/C(C)=C/C=C/C=C/[C@@H](C)C[C@@H](C)C(=O)[C@H](OC)[C@H](O)/C(C)=C/[C@@H](C)C(=O)C[C@@H]([C@H](C)C[C@@H]3CC[C@@H](OC(=O)C(C)(CO)CO)[C@H](OC)C3)OC(=O)[C@@H]3CCCCN3C(=O)C(=O)[C@]1(O)O2,1800.0,5.7447274948966935,0,1044.3299999999997
CC[C@@H]1COCCN1c1nc(N2CCOC[C@H]2C)c2nc(-c3cccc4[nH]ccc34)[nH]c2n1,60.0,7.221848749616356,1,447.5430000000001
CC[C@H](Nc1ncnc2[nH]cnc12)c1nc2cccc(F)c2c(=O)n1-c1ccccc1,5500.0,5.259637310505756,0,415.43200000000013
CC[C@H]1COC(=O)N1c1ccn2ncc(-c3ccc(-c4nc[nH]n4)c(F)c3)c2n1,31.7,7.498940737782249,1,393.38200000000006
CC[C@H]1COC(=O)N1c1ccn2ncc(-c3ccc(-c4nc[nH]n4)cc3)c2n1,14.9,7.826813731587726,1,375.39200000000005
CC[C@H]1COCCN1c1ccc(NC(=O)Nc2ccc(-c3nc(N4C5CCC4COC5)nc4c3C(=O)N(CC)CC(C)(C)O4)cc2F)cn1,365.0,6.437707135543525,1,674.7780000000001
CC[C@H]1COCCN1c1ccc(NC(=O)Nc2ccc(-c3nc(N4CCOC[C@@H]4C)nc4c3C(=O)N(CC)CC(C)(C)O4)cc2F)cn1,68.0,7.167491087293763,1,662.7670000000003
CC[C@H]1COCCN1c1nc2c(c(-c3ccc(NC(=O)NC)c(F)c3)n1)C(=O)N(CC)CC(C)(C)O2,70.0,7.154901959985743,1,500.57500000000033
CC[C@H]1COCCN1c1nc2c(c(-c3ccc(NC(=O)Nc4ccc(C)nc4)c(F)c3)n1)C(=O)N(CC)CC(C)(C)O2,122.0,6.913640169325252,1,577.6610000000002
CC[C@H]1[C@@H](c2ccccc2)OC(=O)N1c1cc(-c2cnc(N)nc2C(F)(F)F)nc(N2CCOCC2)n1,9700.0,5.013228265733755,0,515.4960000000002
CC[C@H]1[C@H](c2ccc(OC)cc2)OC(=O)N1c1cc(-c2cnc(N)nc2C(F)(F)F)nc(N2CCOCC2)n1,2800.0,5.552841968657781,0,545.522
CC[C@H]1[C@H](c2cccc(OC)c2)OC(=O)N1c1cc(-c2cnc(N)nc2C(F)(F)F)nc(N2CCOCC2)n1,4700.0,5.327902142064283,0,545.522
CC[C@H]1[C@H](c2nccs2)OC(=O)N1c1cc(-c2cnc(N)nc2C(F)(F)F)nc(N2CCOCC2)n1,2700.0,5.568636235841013,0,522.5130000000003
CCc1cc(-c2cc(-c3cc(S(=O)(=O)NCC(C)(C)O)ccc3C)cnc2N)on1,1400.0,5.853871964321762,0,430.53000000000014
CCc1cc(-c2ccnc(CC)c2C#Cc2ccc(N)nc2)ccn1,9.0,8.045757490560675,1,328.419
CCc1cc(-c2ccnc(CC)c2C#Cc2ccc(N)nc2C)ccn1,44.0,7.356547323513812,1,342.446
CCc1cc(-c2ncnc(CC)c2C#Cc2ccc(N)nc2)ccn1,11.0,7.958607314841775,1,329.407
CCc1cc(C(F)(F)F)nn1-c1nc(-c2cccc3[nH]ccc23)nc(N2CCOCC2)n1,280.5,6.55206713440782,1,443.4330000000003
CCc1cc(Nc2ncc(C(C)(C)O)cc2-c2nc(C)nc(N)n2)cnc1OC,15800.0,4.801342913045577,0,395.46700000000016
CCc1cnc(Nc2ccc(OC)nc2)c(-c2nc(C)nc3[nH]cnc23)c1,10000.0,5.0,0,361.40900000000005
CCc1cncc(C)c1-n1c(=O)n(C)c2cnc3cc(OC)c(-c4cnn(C)c4)cc3c21,30000.0,4.522878745280337,0,428.49600000000015
CCc1cncc(C)c1-n1c(=O)n(C)c2cnc3cc(OC)c(-c4cnn(CC)c4)cc3c21,30000.0,4.522878745280337,0,442.5230000000002
CCc1cncc(F)c1-n1c(=O)n(C)c2cnc3cc(OC)c(-c4cnn(C)c4)cc3c21,30000.0,4.522878745280337,0,432.4590000000002
CCc1cncc(F)c1-n1c(=O)n(C)c2cnc3cc(OC)c(-c4cnn(CC)c4)cc3c21,30000.0,4.522878745280337,0,446.4860000000002
CCc1nc(N)ccc1C#Cc1c(-c2ccc(C(=O)N3CCCC3)c(F)c2)ccnc1C,21.0,7.6777807052660805,1,428.5110000000002
CCc1nc(N)ccc1C#Cc1c(-c2ccc(C(=O)N3CCCC3)c(F)c2)ccnc1CC,79.0,7.102372908709558,1,442.53800000000024
CCc1nc(N)ccc1C#Cc1c(-c2ccc(C(=O)N3CCN(C)CC3)c(F)c2)ccnc1C,17.0,7.769551078621726,1,457.5530000000002
CCc1nc(N)ccc1C#Cc1c(-c2ccc(C(=O)N3CCN(C4CC4)CC3)c(F)c2)ccnc1C,11.0,7.958607314841775,1,483.5910000000003
CCc1nc(N)ccc1C#Cc1c(-c2ccc(C(=O)N3CCN(C4CC4)CC3)c(F)c2)ccnc1CC,96.0,7.017728766960431,1,497.61800000000034
CCc1nc(N)ccc1C#Cc1c(-c2ccc(C(=O)N3CCOCC3)c(F)c2)ccnc1C,44.0,7.356547323513812,1,444.5100000000002
CCc1nc(N)ccc1C#Cc1c(-c2ccc(C(=O)N3CCOCC3)c(F)c2)ccnc1CC,41.0,7.3872161432802645,1,458.53700000000026
CCc1nc(N)nc(-n2c(Nc3cccc(O)c3)nc3ccccc32)n1,2366.6666666666665,5.625862906000587,0,347.3820000000001
CCc1nccc(-c2cc(C)nc(C)c2)c1C#Cc1ccc(N)nc1,78.0,7.107905397309519,1,328.419
CCc1nccc(-c2cc(C)nc(C)c2)c1C#Cc1ccc(N)nc1C,15.0,7.823908740944319,1,342.446
CCc1nccc(-c2ccc(C(=O)N(C)CCOC)c(F)c2)c1C#Cc1ccc(N)nc1,3.0,8.522878745280337,1,432.49900000000014
CCc1nccc(-c2ccc(C(=O)N3CC(C)N(CCOC)C(C)C3)c(F)c2)c1C#Cc1ccc(N)nc1,9.0,8.045757490560675,1,515.6330000000003
CCc1nccc(-c2ccc(C(=O)N3CCC(C)(O)CC3)c(F)c2)c1C#Cc1ccc(N)nc1,2.0,8.698970004336019,1,458.5370000000002
CCc1nccc(-c2ccc(C(=O)N3CCC(O)CC3)c(F)c2)c1C#Cc1ccc(N)nc1,2.0,8.698970004336019,1,444.51000000000016
CCc1nccc(-c2ccc(C(=O)N3CCC(OC)CC3)c(F)c2)c1C#Cc1ccc(N)nc1,3.0,8.522878745280337,1,458.5370000000002
CCc1nccc(-c2ccc(C(=O)N3CCCN(C)CC3)c(F)c2)c1C#Cc1ccc(N)nc1,10.0,8.0,1,457.55300000000017
CCc1nccc(-c2ccc(C(=O)N3CCCOCC3)c(F)c2)c1C#Cc1ccc(N)nc1,2.0,8.698970004336019,1,444.51000000000016
CCc1nccc(-c2ccc(C(=O)N3CCN(C(C)(C)C)CC3)c(F)c2)c1C#Cc1ccc(N)nc1,5.0,8.301029995663981,1,485.60700000000026
CCc1nccc(-c2ccc(C(=O)N3CCN(C(C)(C)C)CC3)c(F)c2)c1C#Cc1ccc(N)nc1C,69.0,7.161150909262744,1,499.6340000000003
CCc1nccc(-c2ccc(C(=O)N3CCN(C(C)(C)C)CC3)c(F)c2)c1C#Cc1ccc(NC)nc1,10.0,8.0,1,499.63400000000024
CCc1nccc(-c2ccc(C(=O)N3CCN(C(C)=O)CC3)c(F)c2)c1C#Cc1ccc(N)nc1,2.0,8.698970004336019,1,471.53600000000023
CCc1nccc(-c2ccc(C(=O)N3CCN(C(C)C)C(C)C3)c(F)c2)c1C#Cc1ccc(N)nc1,10.0,8.0,1,485.6070000000002
CCc1nccc(-c2ccc(C(=O)N3CCN(C(C)C)CC3)c(F)c2)c1C#Cc1ccc(N)nc1,2.0,8.698970004336019,1,471.5800000000002
CCc1nccc(-c2ccc(C(=O)N3CCN(C(C)C)CC3)c(F)c2)c1C#Cc1ccc(NC)nc1,13.0,7.886056647693163,1,485.6070000000002
CCc1nccc(-c2ccc(C(=O)N3CCN(C(C)C)CC3)c(OC)c2)c1C#Cc1ccc(N)nc1,33.0,7.481486060122112,1,483.61600000000027
CCc1nccc(-c2ccc(C(=O)N3CCN(C)C(C)(C)C3)c(F)c2)c1C#Cc1ccc(N)nc1,9.0,8.045757490560675,1,471.5800000000002
CCc1nccc(-c2ccc(C(=O)N3CCN(C)C(C)C3)c(F)c2)c1C#Cc1ccc(N)nc1,6.0,8.221848749616356,1,457.55300000000017
CCc1nccc(-c2ccc(C(=O)N3CCN(C)CC3)c(F)c2)c1C#Cc1ccc(N)nc1,2.0,8.698970004336019,1,443.5260000000002
CCc1nccc(-c2ccc(C(=O)N3CCN(C)CC3)c(F)c2)c1C#Cc1ccc(N)nc1C,5.0,8.301029995663981,1,457.5530000000002
CCc1nccc(-c2ccc(C(=O)N3CCN(C)CC3)c(F)c2)c1C#Cc1ccc(NC)nc1,11.0,7.958607314841775,1,457.55300000000017
CCc1nccc(-c2ccc(C(=O)N3CCN(C)CC3)c(OC)c2)c1C#Cc1ccc(N)nc1,6.0,8.221848749616356,1,455.56200000000024
CCc1nccc(-c2ccc(C(=O)N3CCN(C4CC4)CC3)c(F)c2)c1C#Cc1ccc(N)nc1,4.0,8.397940008672037,1,469.56400000000025
CCc1nccc(-c2ccc(C(=O)N3CCN(C4CCCC4)CC3)c(F)c2)c1C#Cc1ccc(N)nc1,4.0,8.397940008672037,1,497.61800000000034
CCc1nccc(-c2ccc(C(=O)N3CCN(C4CCOCC4)CC3)c(F)c2)c1C#Cc1ccc(N)nc1,1.0,9.0,1,513.6170000000004
CCc1nccc(-c2ccc(C(=O)N3CCN(C4CCOCC4)CC3)c(F)c2)c1C#Cc1ccc(NC)nc1,5.0,8.301029995663981,1,527.6440000000003
CCc1nccc(-c2ccc(C(=O)N3CCN(C4COC4)CC3)c(F)c2)c1C#Cc1ccc(N)nc1,4.0,8.397940008672037,1,485.5630000000003
CCc1nccc(-c2ccc(C(=O)N3CCN(CC(=O)N(C)C)CC3)c(F)c2)c1C#Cc1ccc(N)nc1,2.0,8.698970004336019,1,514.6050000000002
CCc1nccc(-c2ccc(C(=O)N3CCN(CC)C(C)C3)c(F)c2)c1C#Cc1ccc(N)nc1,9.0,8.045757490560675,1,471.58000000000015
CCc1nccc(-c2ccc(C(=O)N3CCN(CC)CC3)c(F)c2)c1C#Cc1ccc(N)nc1,2.0,8.698970004336019,1,457.55300000000017
CCc1nccc(-c2ccc(C(=O)N3CCN(CC)CC3)c(F)c2)c1C#Cc1ccc(N)nc1C,38.0,7.42021640338319,1,471.5800000000002
CCc1nccc(-c2ccc(C(=O)N3CCN(CC)CC3)c(F)c2)c1C#Cc1ccc(NC)nc1,9.0,8.045757490560675,1,471.58000000000015
CCc1nccc(-c2ccc(C(=O)N3CCN(CC)CC3)c(OC)c2)c1C#Cc1ccc(N)nc1,32.0,7.494850021680094,1,469.5890000000002
CCc1nccc(-c2ccc(C(=O)N3CCN(CC4CC4)CC3)c(F)c2)c1C#Cc1ccc(N)nc1,2.0,8.698970004336019,1,483.5910000000003
CCc1nccc(-c2ccc(C(=O)N3CCN(CC4CC4)CC3)c(F)c2)c1C#Cc1ccc(NC)nc1,14.0,7.853871964321762,1,497.6180000000003
CCc1nccc(-c2ccc(C(=O)N3CCN(CC4CC4)CC3)c(OC)c2)c1C#Cc1ccc(N)nc1,27.0,7.568636235841013,1,495.62700000000035
CCc1nccc(-c2ccc(C(=O)N3CCN(CCOC)CC3)c(F)c2)c1C#Cc1ccc(N)nc1,2.0,8.698970004336019,1,487.57900000000024
CCc1nccc(-c2ccc(C(=O)N3CCN(CCOC)CC3)c(F)c2)c1C#Cc1ccc(N)nc1C,21.0,7.6777807052660805,1,501.6060000000003
CCc1nccc(-c2ccc(C(=O)N3CCN(CCOC)CC3)c(F)c2)c1C#Cc1ccc(NC)nc1,13.0,7.886056647693163,1,501.6060000000002
CCc1nccc(-c2ccc(C(=O)N3CCN4CCCC4C3)c(F)c2)c1C#Cc1ccc(N)nc1,3.0,8.522878745280337,1,469.5640000000002
CCc1nccc(-c2ccc(C(=O)N3CCN4CCCCC4C3)c(F)c2)c1C#Cc1ccc(N)nc1,4.0,8.397940008672037,1,483.59100000000024
CCc1nccc(-c2ccc(C(=O)N3CCNC(=O)C3)c(OC)c2)c1C#Cc1ccc(N)nc1,3.0,8.522878745280337,1,455.51800000000026
CCc1nccc(-c2ccc(C(=O)N3CCNCC3)c(F)c2)c1C#Cc1ccc(N)nc1,4.0,8.397940008672037,1,429.49900000000014
CCc1nccc(-c2ccc(C(=O)N3CCOCC3)c(F)c2)c1C#Cc1ccc(N)nc1,3.0,8.522878745280337,1,430.4830000000001
CCc1nccc(-c2ccc(C(=O)N3C[C@@H]4CC3CN4C)c(F)c2)c1C#Cc1ccc(N)nc1,9.0,8.045757490560675,1,455.53700000000015
CCc1nccc(-c2ccc(C(=O)N3C[C@@H]4CC3CN4c3ccc(F)cc3)c(F)c2)c1C#Cc1ccc(N)nc1,42.0,7.376750709602099,1,535.5980000000002
CCc1nccc(-c2ccc(C(=O)NC)c(Cl)c2)c1C#Cc1ccc(N)nc1,5.0,8.301029995663981,1,390.87400000000014
CCc1nccc(-c2ccc(C(=O)NC)c(Cl)c2)c1C#Cc1ccc(N)nc1C,4.0,8.397940008672037,1,404.9010000000002
CCc1nccc(-c2ccc(C(=O)NCCOC)c(F)c2)c1C#Cc1ccc(N)nc1,7.0,8.154901959985743,1,418.4720000000001
CCc1nccc(-c2ccc(C(C)(C)C#N)cc2)c1C#Cc1ccc(N)nc1,93.0,7.031517051446065,1,366.4680000000001
CCc1nccc(-c2ccc(C(F)(F)F)nc2)c1C#Cc1ccc(N)nc1,26.0,7.585026652029182,1,368.3620000000001
CCc1nccc(-c2ccc(C3CC3)nc2)c1C#Cc1ccc(N)nc1,47.0,7.327902142064283,1,340.43
CCc1nccc(-c2ccc(Cl)c(C(=O)NC)c2)c1C#Cc1ccc(N)nc1C,77.0,7.113509274827518,1,404.9010000000002
CCc1nccc(-c2ccc(F)c(C(=O)N(C)CCCOC)c2)c1C#Cc1ccc(N)nc1,28.0,7.552841968657781,1,446.52600000000024
CCc1nccc(-c2ccc(S(C)(=O)=O)cc2)c1C#Cc1ccc(N)nc1,17.0,7.769551078621726,1,377.4690000000001
CCc1nccc(-c2ccc(S(C)(=O)=O)cc2)c1C#Cc1ccc(N)nc1C,5.0,8.301029995663981,1,391.49600000000015
CCc1nccc(-c2ccnc(C(C)(C)C)c2)c1C#Cc1ccc(N)nc1,56.0,7.251811972993799,1,356.47300000000007
CCc1nccc(-c2ccnc(C)c2)c1C#Cc1ccc(N)nc1,10.0,8.0,1,314.392
CCc1nccn1-c1nc(-c2cccc3[nH]ccc23)nc(N2CCOCC2)n1,61.0,7.214670164989233,1,375.43600000000026
CCc1ncnc(-c2cc(C)nc(C)c2)c1C#Cc1ccc(N)nc1,8.0,8.096910013008056,1,329.40700000000004
CCc1ncnc(-c2cc(Cl)c(C(=O)N3CC4(CN(C)C4)C3)c(Cl)c2)c1C#Cc1ccc(N)nc1,9.74,8.011441043121385,1,507.4250000000003
CCc1ncnc(-c2cc(Cl)c(C(=O)N3CCC(C(C)(C)O)CC3)c(Cl)c2)c1C#Cc1ccc(N)nc1,1.62,8.790484985457368,1,538.4790000000003
CCc1ncnc(-c2cc(Cl)c(C(=O)N3CCC(C(C)O)CC3)c(Cl)c2)c1C#Cc1ccc(N)nc1,1.11,8.954677021213342,1,524.4520000000002
CCc1ncnc(-c2cc(Cl)c(C(=O)N3CCC(C)(O)CC3)c(Cl)c2)c1C#Cc1ccc(N)nc1,3.29,8.482804102050025,1,510.4250000000003
CCc1ncnc(-c2cc(Cl)c(C(=O)N3CCC(CO)CC3)c(Cl)c2)c1C#Cc1ccc(N)nc1,0.59,9.229147988357855,1,510.4250000000003
CCc1ncnc(-c2cc(Cl)c(C(=O)N3CCC4(CC3)CN(C)C4)c(Cl)c2)c1C#Cc1ccc(N)nc1,10.6,7.97469413473523,1,535.4790000000004
CCc1ncnc(-c2cc(Cl)c(C(=O)N3CCN(C)C(=O)C3)c(Cl)c2)c1C#Cc1ccc(N)nc1,1.99,8.701146923590294,1,509.3970000000003
CCc1ncnc(-c2cc(Cl)c(C(=O)N3CCN(C)CC3)c(Cl)c2)c1C#Cc1ccc(N)nc1,3.78,8.422508200162774,1,495.4140000000002
CCc1ncnc(-c2cc(Cl)c(C(=O)N3CCN(C=O)CC3)c(Cl)c2)c1C#Cc1ccc(N)nc1,3.92,8.406713932979542,1,509.3970000000003
CCc1ncnc(-c2cc(Cl)c(C(=O)N3CCN(CC(C)(C)O)CC3)c(Cl)c2)c1C#Cc1ccc(N)nc1,1.34,8.872895201635192,1,553.4940000000003
CCc1ncnc(-c2cc(Cl)c(C(=O)N3CCN(CC(F)F)CC3)c(Cl)c2)c1C#Cc1ccc(N)nc1,2.27,8.643974142806877,1,545.4210000000002
CCc1ncnc(-c2cc(Cl)c(C(=O)N3CCN(CC)CC3)c(Cl)c2)c1C#Cc1ccc(N)nc1,1.4,8.853871964321762,1,509.44100000000026
CCc1ncnc(-c2cc(Cl)c(C(=O)N3CCN(CCC#N)CC3)c(Cl)c2)c1C#Cc1ccc(N)nc1,1.38,8.860120913598763,1,534.4510000000004
CCc1ncnc(-c2cc(Cl)c(C(=O)N3CCN4CCC[C@H]4C3)c(Cl)c2)c1C#Cc1ccc(N)nc1,0.87,9.060480747381382,1,521.4520000000003
CCc1ncnc(-c2cc(Cl)c(C(=O)N3CC[C@@H](N(C)C)C3)c(Cl)c2)c1C#Cc1ccc(N)nc1,5.28,8.277366077466187,1,509.44100000000026
CCc1ncnc(-c2cc(F)c(C(=O)N(C)C)c(F)c2)c1C#Cc1ccc(N)nc1,2.49,8.603800652904264,1,407.42400000000015
CCc1ncnc(-c2cc(F)c(C(=O)N(C)C3CCN(C)CC3)c(F)c2)c1C#Cc1ccc(N)nc1,4.63,8.334419008982048,1,490.5580000000003
CCc1ncnc(-c2cc(F)c(C(=O)N(C)CCN(C)C)c(F)c2)c1C#Cc1ccc(N)nc1,2.11,8.675717544702307,1,464.52000000000015
CCc1ncnc(-c2cc(F)c(C(=O)N3CC4(CN(C)C4)C3)c(Cl)c2)c1C#Cc1ccc(N)nc1,5.54,8.25649023527157,1,490.97000000000025
CCc1ncnc(-c2cc(F)c(C(=O)N3CC4(CN(C)C4)C3)c(F)c2)c1C#Cc1ccc(N)nc1,3.8,8.42021640338319,1,474.5150000000002
CCc1ncnc(-c2cc(F)c(C(=O)N3CCC(C(C)(C)O)CC3)c(Cl)c2)c1C#Cc1ccc(N)nc1,0.96,9.017728766960431,1,522.0240000000003
CCc1ncnc(-c2cc(F)c(C(=O)N3CCC(C(C)(C)O)CC3)c(F)c2)c1C#Cc1ccc(NC)nc1,3.49,8.45717457304082,1,519.5960000000003
CCc1ncnc(-c2cc(F)c(C(=O)N3CCC(C(C)O)CC3)c(Cl)c2)c1C#Cc1ccc(N)nc1,0.25,9.602059991327963,1,507.9970000000003
CCc1ncnc(-c2cc(F)c(C(=O)N3CCC(C(C)O)CC3)c(F)c2)c1C#Cc1ccc(NC)nc1,1.51,8.821023052706831,1,505.56900000000024
CCc1ncnc(-c2cc(F)c(C(=O)N3CCC(C)(O)CC3)c(F)c2)c1C#Cc1ccc(NC)nc1,4.69,8.328827157284916,1,491.5420000000002
CCc1ncnc(-c2cc(F)c(C(=O)N3CCC(CN(C)C)CC3)c(Cl)c2)c1C#Cc1ccc(N)nc1,40.26,7.3951262294473645,1,521.0400000000003
CCc1ncnc(-c2cc(F)c(C(=O)N3CCC(CN)CC3)c(Cl)c2)c1C#Cc1ccc(N)nc1,13.91,7.856672870007953,1,492.98600000000033
CCc1ncnc(-c2cc(F)c(C(=O)N3CCC(CO)CC3)c(Cl)c2)c1C#Cc1ccc(N)nc1,0.2,9.698970004336019,1,493.97000000000025
CCc1ncnc(-c2cc(F)c(C(=O)N3CCC(CO)CC3)c(F)c2)c1C#Cc1ccc(NC)nc1,4.33,8.363512103646634,1,491.54200000000026
CCc1ncnc(-c2cc(F)c(C(=O)N3CCC(F)(F)CC3)c(F)c2)c1C#Cc1ccc(N)nc1,18.75,7.726998727936262,1,483.4690000000002
CCc1ncnc(-c2cc(F)c(C(=O)N3CCC(N4CCOCC4)CC3)c(Cl)c2)c1C#Cc1ccc(N)nc1,0.64,9.193820026016112,1,549.0500000000003
CCc1ncnc(-c2cc(F)c(C(=O)N3CCC(N4CCOCC4)CC3)c(F)c2)c1C#Cc1ccc(N)nc1,0.4,9.397940008672037,1,532.5950000000004
CCc1ncnc(-c2cc(F)c(C(=O)N3CCC(N4CCOCC4)CC3)c(F)c2)c1C#Cc1ccc(NC)nc1,1.96,8.707743928643524,1,546.6220000000003
CCc1ncnc(-c2cc(F)c(C(=O)N3CCC4(CC3)CC(=O)CO4)c(Cl)c2)c1C#Cc1ccc(N)nc1,0.52,9.2839966563652,1,533.9910000000003
CCc1ncnc(-c2cc(F)c(C(=O)N3CCC4(CC3)CC(=O)CO4)c(F)c2)c1C#Cc1ccc(N)nc1,2.11,8.675717544702307,1,517.5360000000004
CCc1ncnc(-c2cc(F)c(C(=O)N3CCC4(CC3)CN(C)C4)c(Cl)c2)c1C#Cc1ccc(N)nc1,10.07,7.996970529446382,1,519.0240000000003
CCc1ncnc(-c2cc(F)c(C(=O)N3CCC4(CC3)CN(C)C4)c(F)c2)c1C#Cc1ccc(N)nc1,5.21,8.283162276700475,1,502.5690000000003
CCc1ncnc(-c2cc(F)c(C(=O)N3CCC4(CC3)CNC4)c(Cl)c2)c1C#Cc1ccc(N)nc1,1.71,8.767003889607846,1,504.9970000000003
CCc1ncnc(-c2cc(F)c(C(=O)N3CCC4(CC3)CNC4)c(F)c2)c1C#Cc1ccc(N)nc1,10.4,7.982966660701219,1,488.54200000000026
CCc1ncnc(-c2cc(F)c(C(=O)N3CCC4(CC3)COC4)c(Cl)c2)c1C#Cc1ccc(N)nc1,0.53,9.275724130399212,1,505.98100000000034
CCc1ncnc(-c2cc(F)c(C(=O)N3CCC4(CC3)COC4)c(F)c2)c1C#Cc1ccc(N)nc1,0.88,9.05551732784983,1,489.5260000000003
CCc1ncnc(-c2cc(F)c(C(=O)N3CCCC3)c(F)c2)c1C#Cc1ccc(N)nc1,0.94,9.0268721464003,1,433.46200000000016
CCc1ncnc(-c2cc(F)c(C(=O)N3CCN(C(C)(C)C)CC3)c(F)c2)c1C#Cc1ccc(N)nc1,7.52,8.123782159408357,1,504.5850000000003
CCc1ncnc(-c2cc(F)c(C(=O)N3CCN(C(C)C)CC3)c(Cl)c2)c1C#Cc1ccc(N)nc1,0.67,9.173925197299173,1,507.01300000000026
CCc1ncnc(-c2cc(F)c(C(=O)N3CCN(C(C)C)CC3)c(F)c2)c1C#Cc1ccc(N)nc1,2.18,8.661543506395395,1,490.5580000000003
CCc1ncnc(-c2cc(F)c(C(=O)N3CCN(C(C)CO)CC3)c(Cl)c2)c1C#Cc1ccc(N)nc1,1.01,8.995678626217357,1,523.0120000000003
CCc1ncnc(-c2cc(F)c(C(=O)N3CCN(C(C)CO)CC3)c(F)c2)c1C#Cc1ccc(N)nc1,0.58,9.236572006437063,1,506.5570000000003
CCc1ncnc(-c2cc(F)c(C(=O)N3CCN(C(C)COC)CC3)c(Cl)c2)c1C#Cc1ccc(N)nc1,0.68,9.167491087293763,1,537.0390000000003
CCc1ncnc(-c2cc(F)c(C(=O)N3CCN(C(C)COC)CC3)c(F)c2)c1C#Cc1ccc(N)nc1,0.56,9.2518119729938,1,520.5840000000004
CCc1ncnc(-c2cc(F)c(C(=O)N3CCN(C)C(=O)C3)c(Cl)c2)c1C#Cc1ccc(N)nc1,0.26,9.585026652029182,1,492.94200000000023
CCc1ncnc(-c2cc(F)c(C(=O)N3CCN(C)C(=O)C3)c(F)c2)c1C#Cc1ccc(NC)nc1,2.87,8.542118103266008,1,490.51400000000024
CCc1ncnc(-c2cc(F)c(C(=O)N3CCN(C)CC3)c(Cl)c2)c1C#Cc1ccc(N)nc1,1.0,9.0,1,478.9590000000003
CCc1ncnc(-c2cc(F)c(C(=O)N3CCN(C)CC3)c(F)c2)c1C#Cc1ccc(N)nc1,1.29,8.88941028970075,1,462.50400000000025
CCc1ncnc(-c2cc(F)c(C(=O)N3CCN(C)CC3)c(F)c2)c1C#Cc1ccc(NC)nc1,2.84,8.546681659952963,1,476.53100000000023
CCc1ncnc(-c2cc(F)c(C(=O)N3CCN(C)C[C@@H]3C)c(Cl)c2)c1C#Cc1ccc(N)nc1,4.36,8.360513510731414,1,492.9860000000002
CCc1ncnc(-c2cc(F)c(C(=O)N3CCN(C)C[C@H]3C)c(F)c2)c1C#Cc1ccc(N)nc1,5.86,8.232102383981909,1,476.53100000000023
CCc1ncnc(-c2cc(F)c(C(=O)N3CCN(C4CCC4)CC3)c(Cl)c2)c1C#Cc1ccc(N)nc1,13.63,7.865504144165326,1,519.0240000000003
CCc1ncnc(-c2cc(F)c(C(=O)N3CCN(C4CCC4)CC3)c(F)c2)c1C#Cc1ccc(N)nc1,0.7,9.154901959985743,1,502.56900000000036
CCc1ncnc(-c2cc(F)c(C(=O)N3CCN(C4CCCC4O)CC3)c(Cl)c2)c1C#Cc1ccc(N)nc1,0.32,9.494850021680094,1,549.0500000000003
CCc1ncnc(-c2cc(F)c(C(=O)N3CCN(C4CCCC4O)CC3)c(F)c2)c1C#Cc1ccc(N)nc1,0.28,9.55284196865778,1,532.5950000000004
CCc1ncnc(-c2cc(F)c(C(=O)N3CCN(C4CCOCC4)CC3)c(F)c2)c1C#Cc1ccc(N)nc1,0.35,9.455931955649724,1,532.5950000000004
CCc1ncnc(-c2cc(F)c(C(=O)N3CCN(C4CCOCC4)CC3)c(F)c2)c1C#Cc1ccc(NC)nc1,2.14,8.669586226650809,1,546.6220000000003
CCc1ncnc(-c2cc(F)c(C(=O)N3CCN(C4COC4)CC3)c(Cl)c2)c1C#Cc1ccc(N)nc1,3.83,8.416801226031378,1,520.9960000000003
CCc1ncnc(-c2cc(F)c(C(=O)N3CCN(C4COC4)CC3)c(F)c2)c1C#Cc1ccc(N)nc1,3.07,8.512861624522813,1,504.54100000000034
CCc1ncnc(-c2cc(F)c(C(=O)N3CCN(C=O)CC3)c(F)c2)c1C#Cc1ccc(NC)nc1,3.2,8.494850021680094,1,490.51400000000024
CCc1ncnc(-c2cc(F)c(C(=O)N3CCN(CC(C)(C)O)CC3)c(Cl)c2)c1C#Cc1ccc(N)nc1,0.29,9.537602002101044,1,537.0390000000003
CCc1ncnc(-c2cc(F)c(C(=O)N3CCN(CC(C)(C)O)CC3)c(F)c2)c1C#Cc1ccc(NC)nc1,2.3,8.638272163982407,1,534.6110000000003
CCc1ncnc(-c2cc(F)c(C(=O)N3CCN(CC(C)O)CC3)c(Cl)c2)c1C#Cc1ccc(N)nc1,0.56,9.2518119729938,1,523.0120000000003
CCc1ncnc(-c2cc(F)c(C(=O)N3CCN(CC(F)F)CC3)c(F)c2)c1C#Cc1ccc(NC)nc1,7.56,8.121478204498793,1,526.5380000000002
CCc1ncnc(-c2cc(F)c(C(=O)N3CCN(CC)CC3)c(Cl)c2)c1C#Cc1ccc(N)nc1,1.24,8.906578314837764,1,492.98600000000033
CCc1ncnc(-c2cc(F)c(C(=O)N3CCN(CC)CC3)c(F)c2)c1C#Cc1ccc(N)nc1,2.24,8.649751981665837,1,476.5310000000003
CCc1ncnc(-c2cc(F)c(C(=O)N3CCN(CC)CC3)c(F)c2)c1C#Cc1ccc(NC)nc1,3.58,8.446116973356126,1,490.5580000000003
CCc1ncnc(-c2cc(F)c(C(=O)N3CCN(CC4CC4)CC3)c(F)c2)c1C#Cc1ccc(N)nc1,0.94,9.0268721464003,1,502.56900000000036
CCc1ncnc(-c2cc(F)c(C(=O)N3CCN(CCC#N)CC3)c(Cl)c2)c1C#Cc1ccc(N)nc1,0.73,9.136677139879543,1,517.9960000000003
CCc1ncnc(-c2cc(F)c(C(=O)N3CCN(CCC#N)CC3)c(F)c2)c1C#Cc1ccc(NC)nc1,2.21,8.655607726314889,1,515.5680000000003
CCc1ncnc(-c2cc(F)c(C(=O)N3CCN(CCCS(C)(=O)=O)CC3)c(Cl)c2)c1C#Cc1ccc(N)nc1,0.71,9.148741651280925,1,585.1050000000002
CCc1ncnc(-c2cc(F)c(C(=O)N3CCN(CCCS(C)(=O)=O)CC3)c(F)c2)c1C#Cc1ccc(N)nc1,0.54,9.267606240177031,1,568.6500000000002
CCc1ncnc(-c2cc(F)c(C(=O)N3CCN(CCN)CC3)c(Cl)c2)c1C#Cc1ccc(N)nc1,6.76,8.170053304058364,1,508.0010000000003
CCc1ncnc(-c2cc(F)c(C(=O)N3CCN(CCNS(C)(=O)=O)CC3)c(Cl)c2)c1C#Cc1ccc(N)nc1,1.88,8.72584215073632,1,586.0930000000002
CCc1ncnc(-c2cc(F)c(C(=O)N3CCN(CCNS(C)(=O)=O)CC3)c(F)c2)c1C#Cc1ccc(N)nc1,0.89,9.050609993355087,1,569.6380000000001
CCc1ncnc(-c2cc(F)c(C(=O)N3CCN(CCOC)CC3)c(F)c2)c1C#Cc1ccc(N)nc1,2.15,8.667561540084394,1,506.55700000000036
CCc1ncnc(-c2cc(F)c(C(=O)N3CCN(CCOCCO)CC3)c(Cl)c2)c1C#Cc1ccc(N)nc1,0.76,9.119186407719209,1,553.0380000000004
CCc1ncnc(-c2cc(F)c(C(=O)N3CCN(CCOCCO)CC3)c(F)c2)c1C#Cc1ccc(N)nc1,1.66,8.779891911959945,1,536.5830000000004
CCc1ncnc(-c2cc(F)c(C(=O)N3CCN(Cc4cc(C)no4)CC3)c(Cl)c2)c1C#Cc1ccc(N)nc1,1.26,8.899629454882437,1,560.0330000000001
CCc1ncnc(-c2cc(F)c(C(=O)N3CCN(Cc4cc(C)no4)CC3)c(F)c2)c1C#Cc1ccc(N)nc1,0.21,9.67778070526608,1,543.5780000000002
CCc1ncnc(-c2cc(F)c(C(=O)N3CCN(Cc4nc(C)c(C)o4)CC3)c(Cl)c2)c1C#Cc1ccc(N)nc1,0.45,9.346787486224656,1,574.0600000000002
CCc1ncnc(-c2cc(F)c(C(=O)N3CCN(Cc4nc(C)c(C)o4)CC3)c(F)c2)c1C#Cc1ccc(N)nc1,0.49,9.309803919971486,1,557.6050000000002
CCc1ncnc(-c2cc(F)c(C(=O)N3CCN4CCC[C@H]4C3)c(Cl)c2)c1C#Cc1ccc(N)nc1,0.07,10.154901959985743,1,504.9970000000003
CCc1ncnc(-c2cc(F)c(C(=O)N3CCN4CCC[C@H]4C3)c(F)c2)c1C#Cc1ccc(NC)nc1,2.51,8.600326278518962,1,502.5690000000003
CCc1ncnc(-c2cc(F)c(C(=O)N3CCNCC3)c(F)c2)c1C#Cc1ccc(N)nc1,1.02,8.991399828238082,1,448.4770000000002
CCc1ncnc(-c2cc(F)c(C(=O)N3CC[C@@H](N(C)C)C3)c(F)c2)c1C#Cc1ccc(NC)nc1,5.71,8.243363891754152,1,490.5580000000002
CCc1ncnc(-c2cc(F)c(C(=O)N3CCn4c(C)cnc4C3)c(Cl)c2)c1C#Cc1ccc(N)nc1,2.22,8.653647025549361,1,515.9800000000002
CCc1ncnc(-c2cc(F)c(C(=O)N3CCn4c(C)cnc4C3)c(F)c2)c1C#Cc1ccc(N)nc1,1.75,8.756961951313706,1,499.52500000000026
CCc1ncnc(-c2cc(F)c(C(=O)N3CCn4c(COC)nnc4C3)c(F)c2)c1C#Cc1ccc(N)nc1,23.12,7.636012170251509,1,530.5390000000003
CCc1ncnc(-c2cc(F)c(C(=O)N3CCn4ccnc4C3)c(Cl)c2)c1C#Cc1ccc(N)nc1,0.51,9.292429823902063,1,501.9530000000002
CCc1ncnc(-c2cc(F)c(C(=O)N3CCn4ccnc4C3)c(F)c2)c1C#Cc1ccc(N)nc1,1.36,8.866461091629782,1,485.4980000000002
CCc1ncnc(-c2cc(F)c(C(=O)N3CCn4cnnc4C3)c(Cl)c2)c1C#Cc1ccc(N)nc1,0.59,9.229147988357855,1,502.94100000000026
CCc1ncnc(-c2cc(F)c(C(=O)N3CCn4cnnc4C3)c(F)c2)c1C#Cc1ccc(N)nc1,0.89,9.050609993355087,1,486.4860000000002
CCc1ncnc(-c2cc(F)c(C(=O)NC)c(F)c2)c1C#Cc1ccc(N)nc1,3.42,8.465973893943865,1,393.3970000000001
CCc1ncnc(-c2cc(F)c(C(=O)NCC3CCNCC3)c(F)c2)c1C#Cc1ccc(N)nc1,39.16,7.4071573168689,1,476.53100000000023
CCc1ncnc(-c2cc(F)c(C(=O)NCCN3CCNCC3)c(F)c2)c1C#Cc1ccc(N)nc1,17.16,7.7654827164873135,1,491.5460000000003
CCc1ncnc(-c2cc(F)c(C(=O)NCCN3CCOCC3)c(F)c2)c1C#Cc1ccc(N)nc1,3.79,8.421360790031928,1,492.5300000000003
CCc1ncnc(-c2ccc(C(=O)C3CCC(C)(O)CC3)c(F)c2)c1C#Cc1ccc(N)nc1,2.0,8.698970004336019,1,458.5370000000002
CCc1ncnc(-c2ccc(C(=O)N(C)C)c(F)c2)c1C#Cc1ccc(C)nc1,19.0,7.721246399047171,1,388.44600000000014
CCc1ncnc(-c2ccc(C(=O)N(C)C)c(F)c2)c1C#Cc1ccc(N)nc1,2.0,8.698970004336019,1,389.43400000000014
CCc1ncnc(-c2ccc(C(=O)N(C)C)cc2)c1C#Cc1ccc(C)nc1,29.0,7.5376020021010435,1,370.45600000000013
CCc1ncnc(-c2ccc(C(=O)N(C)C3CCN(C)CC3)c(F)c2)c1C#Cc1ccc(N)nc1,33.0,7.481486060122112,1,472.56800000000027
CCc1ncnc(-c2ccc(C(=O)N(C)C3CCOCC3)c(F)c2)c1C#Cc1ccc(N)nc1,1.56,8.806875401645538,1,459.52500000000026
CCc1ncnc(-c2ccc(C(=O)N(C)C3CCS(=O)(=O)C3)c(C)c2)c1C#Cc1ccc(N)nc1,0.92,9.036212172654444,1,489.6010000000003
CCc1ncnc(-c2ccc(C(=O)N(C)C3CCS(=O)(=O)C3)c(Cl)c2)c1C#Cc1ccc(N)nc1,2.64,8.578396073130168,1,510.01900000000023
CCc1ncnc(-c2ccc(C(=O)N(C)C3CCS(=O)(=O)C3)c(F)c2)c1C#Cc1ccc(N)nc1,1.0,9.0,1,493.56400000000025
CCc1ncnc(-c2ccc(C(=O)N(C)C3CCS(=O)(=O)C3)c(OC)c2)c1C#Cc1ccc(N)nc1,4.84,8.315154638355587,1,505.6000000000003
CCc1ncnc(-c2ccc(C(=O)N(C)CC(C)(C)O)c(F)c2)c1C#Cc1ccc(N)nc1,4.0,8.397940008672037,1,447.5140000000001
CCc1ncnc(-c2ccc(C(=O)N(C)CC3CCCN(C)C3)c(F)c2)c1C#Cc1ccc(N)nc1,24.0,7.619788758288394,1,486.59500000000025
CCc1ncnc(-c2ccc(C(=O)N(C)CC3CCN(C)CC3)c(F)c2)c1C#Cc1ccc(N)nc1,13.0,7.886056647693163,1,486.59500000000025
CCc1ncnc(-c2ccc(C(=O)N(C)CCC3(O)CCCC3)c(F)c2)c1C#Cc1ccc(N)nc1,5.0,8.301029995663981,1,487.5790000000003
CCc1ncnc(-c2ccc(C(=O)N(C)CCCN(C)C)c(F)c2)c1C#Cc1ccc(N)nc1,33.0,7.481486060122112,1,460.5570000000002
CCc1ncnc(-c2ccc(C(=O)N(C)CCCO)c(F)c2)c1C#Cc1ccc(N)nc1,1.0,9.0,1,433.48700000000014
CCc1ncnc(-c2ccc(C(=O)N(C)CCCOC)c(Cl)c2)c1C#Cc1ccc(N)nc1,3.0,8.522878745280337,1,463.96900000000016
CCc1ncnc(-c2ccc(C(=O)N(C)CCCOC)c(F)c2)c1C#Cc1ccc(N)nc1,3.0,8.522878745280337,1,447.5140000000002
CCc1ncnc(-c2ccc(C(=O)N(C)CCN(C)C)c(F)c2)c1C#Cc1ccc(N)nc1,30.0,7.522878745280337,1,446.53000000000014
CCc1ncnc(-c2ccc(C(=O)N(C)CCN3CCCC3=O)c(C)c2)c1C#Cc1ccc(N)nc1,15.32,7.814741234703415,1,482.5880000000003
CCc1ncnc(-c2ccc(C(=O)N(C)CCN3CCCC3=O)c(Cl)c2)c1C#Cc1ccc(N)nc1,4.4,8.356547323513812,1,503.0060000000003
CCc1ncnc(-c2ccc(C(=O)N(C)CCN3CCCC3=O)c(F)c2)c1C#Cc1ccc(N)nc1,14.0,7.853871964321762,1,486.5510000000003
CCc1ncnc(-c2ccc(C(=O)N(C)CCN3CCCC3=O)c(OC)c2)c1C#Cc1ccc(N)nc1,15.76,7.802443786846464,1,498.58700000000033
CCc1ncnc(-c2ccc(C(=O)N(C)CCO)c(Cl)c2)c1C#Cc1ccc(N)nc1,1.0,9.0,1,435.9150000000002
CCc1ncnc(-c2ccc(C(=O)N(C)CCO)c(F)c2)c1C#Cc1ccc(N)nc1,2.0,8.698970004336019,1,419.46000000000015
CCc1ncnc(-c2ccc(C(=O)N(C)CCOC)c(Cl)c2)c1C#Cc1ccc(N)nc1,2.0,8.698970004336019,1,449.9420000000001
CCc1ncnc(-c2ccc(C(=O)N(C)CCOC)c(F)c2)c1C#Cc1ccc(N)nc1,2.0,8.698970004336019,1,433.48700000000014
CCc1ncnc(-c2ccc(C(=O)N(C)O)c(C)c2)c1C#Cc1ccc(N)nc1,27.44,7.5616158929652855,1,387.44300000000015
CCc1ncnc(-c2ccc(C(=O)N(C)O)c(Cl)c2)c1C#Cc1ccc(N)nc1,16.935000000000002,7.771214799019351,1,407.86100000000016
CCc1ncnc(-c2ccc(C(=O)N(C)O)c(F)c2)c1C#Cc1ccc(N)nc1,4.0,8.397940008672037,1,391.4060000000001
CCc1ncnc(-c2ccc(C(=O)N(C)OC)c(C)c2)c1C#Cc1ccc(N)nc1,2.87,8.542118103266008,1,401.47000000000014
CCc1ncnc(-c2ccc(C(=O)N(C)OC)c(Cl)c2)c1C#Cc1ccc(N)nc1,1.37,8.863279432843592,1,421.88800000000015
CCc1ncnc(-c2ccc(C(=O)N(C)OC)c(F)c2)c1C#Cc1ccc(N)nc1,7.0,8.154901959985743,1,405.43300000000016
CCc1ncnc(-c2ccc(C(=O)N(C)OC)c(OC)c2)c1C#Cc1ccc(N)nc1,6.43,8.191789027075778,1,417.46900000000016
CCc1ncnc(-c2ccc(C(=O)N(C)OC)cc2)c1C#Cc1ccc(N)nc1,16.0,7.795880017344075,1,387.44300000000015
CCc1ncnc(-c2ccc(C(=O)N3CC(C)NC(C)C3)c(F)c2)c1C#Cc1ccc(N)nc1,26.0,7.585026652029182,1,458.5410000000002
CCc1ncnc(-c2ccc(C(=O)N3CC(O)CO3)c(C)c2)c1C#Cc1ccc(N)nc1,1.82,8.739928612014925,1,429.4800000000002
CCc1ncnc(-c2ccc(C(=O)N3CC(O)CO3)c(Cl)c2)c1C#Cc1ccc(N)nc1,0.8,9.096910013008056,1,449.89800000000014
CCc1ncnc(-c2ccc(C(=O)N3CC(O)CO3)c(F)c2)c1C#Cc1ccc(N)nc1,7.0,8.154901959985743,1,433.44300000000015
CCc1ncnc(-c2ccc(C(=O)N3CC(O)CO3)c(OC)c2)c1C#Cc1ccc(N)nc1,6.64,8.177831920631982,1,445.4790000000002
CCc1ncnc(-c2ccc(C(=O)N3CC(O)CO3)cc2)c1C#Cc1ccc(N)nc1,12.0,7.920818753952375,1,415.45300000000015
CCc1ncnc(-c2ccc(C(=O)N3CC4(CN(C)C4)C3)c(Cl)c2)c1C#Cc1ccc(N)nc1,6.07,8.216811308924742,1,472.98000000000025
CCc1ncnc(-c2ccc(C(=O)N3CC4(CN(C)C4)C3)c(F)c2)c1C#Cc1ccc(N)nc1,9.81,8.008330992620051,1,456.5250000000002
CCc1ncnc(-c2ccc(C(=O)N3CC4(CNC4)C3)c(Cl)c2)c1C#Cc1ccc(N)nc1,13.23,7.878440155812499,1,458.9530000000002
CCc1ncnc(-c2ccc(C(=O)N3CC4(CNC4)C3)c(F)c2)c1C#Cc1ccc(N)nc1,15.21,7.817870785947002,1,442.49800000000016
CCc1ncnc(-c2ccc(C(=O)N3CCC(C(C)(C)O)CC3)c(C(F)(F)F)c2)c1C#Cc1ccc(N)nc1,11.52,7.938547520912807,1,537.5860000000002
CCc1ncnc(-c2ccc(C(=O)N3CCC(C(C)(C)O)CC3)c(C)c2)c1C#Cc1ccc(N)nc1,3.64,8.438898616350944,1,483.61600000000027
CCc1ncnc(-c2ccc(C(=O)N3CCC(C(C)(C)O)CC3)c(Cl)c2)c1C#Cc1ccc(N)nc1,4.5,8.346787486224656,1,504.0340000000002
CCc1ncnc(-c2ccc(C(=O)N3CCC(C(C)(C)O)CC3)c(Cl)c2)c1C#Cc1ccc(NC)nc1,3.43,8.46470587995723,1,518.0610000000003
CCc1ncnc(-c2ccc(C(=O)N3CCC(C(C)(C)O)CC3)c(F)c2)c1C#Cc1ccc(N)nc1,1.0,9.0,1,487.57900000000024
CCc1ncnc(-c2ccc(C(=O)N3CCC(C(C)(C)O)CC3)c(F)c2)c1C#Cc1ccc(NC)nc1,5.19,8.284832642151542,1,501.6060000000002
CCc1ncnc(-c2ccc(C(=O)N3CCC(C(C)(C)O)CC3)c(OC(F)(F)F)c2)c1C#Cc1ccc(N)nc1,13.28,7.876801924968001,1,553.5850000000002
CCc1ncnc(-c2ccc(C(=O)N3CCC(C(C)(C)O)CC3)c(OC)c2)c1C#Cc1ccc(N)nc1,11.35,7.945004138470859,1,499.6150000000003
CCc1ncnc(-c2ccc(C(=O)N3CCC(C(F)(F)F)CC3)c(F)c2)c1C#Cc1ccc(N)nc1C,27.0,7.568636235841013,1,511.52300000000025
CCc1ncnc(-c2ccc(C(=O)N3CCC(C)(O)CC3)c(C)c2)c1C#Cc1ccc(N)nc1,6.62,8.1791420105603,1,455.56200000000024
CCc1ncnc(-c2ccc(C(=O)N3CCC(C)(O)CC3)c(Cl)c2)c1C#Cc1ccc(N)nc1,5.95,8.22548303427145,1,475.98000000000025
CCc1ncnc(-c2ccc(C(=O)N3CCC(C4CCN(C)CC4)CC3)c(C)c2)c1C#Cc1ccc(N)nc1,73.02,7.136558171386292,1,522.6970000000005
CCc1ncnc(-c2ccc(C(=O)N3CCC(C4CCN(C)CC4)CC3)c(Cl)c2)c1C#Cc1ccc(N)nc1,6.995,8.155212281172153,1,543.1150000000002
CCc1ncnc(-c2ccc(C(=O)N3CCC(CCO)CC3)c(F)c2)c1C#Cc1ccc(N)nc1,6.0,8.221848749616356,1,473.5520000000002
CCc1ncnc(-c2ccc(C(=O)N3CCC(CN(C)C)CC3)c(Cl)c2)c1C#Cc1ccc(N)nc1,39.77,7.400444409014019,1,503.0500000000003
CCc1ncnc(-c2ccc(C(=O)N3CCC(CN(C)C)CC3)c(F)c2)c1C#Cc1ccc(N)nc1,24.53,7.610302451793614,1,486.59500000000025
CCc1ncnc(-c2ccc(C(=O)N3CCC(CN(C)C)CC3)c(F)c2)c1C#Cc1ccc(N)nc1C,144.8,6.839231438138872,1,500.6220000000003
CCc1ncnc(-c2ccc(C(=O)N3CCC(F)(F)CC3)c(F)c2)c1C#Cc1ccc(N)nc1,21.06,7.676541633150532,1,465.4790000000002
CCc1ncnc(-c2ccc(C(=O)N3CCC(N(C)C)C3)c(C)c2)c1C#Cc1ccc(N)nc1,24.16,7.616903070050906,1,454.57800000000026
CCc1ncnc(-c2ccc(C(=O)N3CCC(N(C)C)C3)c(Cl)c2)c1C#Cc1ccc(N)nc1,19.880000000000003,7.701583619938705,1,474.9960000000002
CCc1ncnc(-c2ccc(C(=O)N3CCC(N(C)C)C3)c(F)c2)c1C#Cc1ccc(N)nc1,2.0,8.698970004336019,1,458.5410000000002
CCc1ncnc(-c2ccc(C(=O)N3CCC(N(C)C)CC3)c(C)c2)c1C#Cc1ccc(N)nc1,3.23,8.490797477668897,1,468.6050000000003
CCc1ncnc(-c2ccc(C(=O)N3CCC(N(C)C)CC3)c(Cl)c2)c1C#Cc1ccc(N)nc1,29.85,7.525055664534612,1,489.02300000000025
CCc1ncnc(-c2ccc(C(=O)N3CCC(N(C)C)CC3)c(F)c2)c1C#Cc1ccc(N)nc1,16.0,7.795880017344075,1,472.56800000000027
CCc1ncnc(-c2ccc(C(=O)N3CCC(N(C)C)CC3)c(OC)c2)c1C#Cc1ccc(N)nc1,33.19,7.478992747591396,1,484.6040000000003
CCc1ncnc(-c2ccc(C(=O)N3CCC(N(CC)CC)C3)c(F)c2)c1C#Cc1ccc(N)nc1,25.0,7.6020599913279625,1,486.59500000000025
CCc1ncnc(-c2ccc(C(=O)N3CCC(N4CCC(C)CC4)C3)c(C)c2)c1C#Cc1ccc(N)nc1,10.41,7.982549270489464,1,508.67000000000036
CCc1ncnc(-c2ccc(C(=O)N3CCC(N4CCC(C)CC4)C3)c(Cl)c2)c1C#Cc1ccc(N)nc1,1.78,8.749579997691106,1,529.0880000000003
CCc1ncnc(-c2ccc(C(=O)N3CCC(N4CCC(C)CC4)C3)c(F)c2)c1C#Cc1ccc(N)nc1,13.0,7.886056647693163,1,512.6330000000004
CCc1ncnc(-c2ccc(C(=O)N3CCC(N4CCC(C)CC4)C3)c(OC)c2)c1C#Cc1ccc(N)nc1,75.07,7.124533584133615,1,524.6690000000004
CCc1ncnc(-c2ccc(C(=O)N3CCC(N4CCCC4)C3)c(F)c2)c1C#Cc1ccc(N)nc1,17.0,7.769551078621726,1,484.5790000000003
CCc1ncnc(-c2ccc(C(=O)N3CCC(N4CCCC4)CC3)c(C)c2)c1C#Cc1ccc(N)nc1,11.91,7.924088238517222,1,494.64300000000037
CCc1ncnc(-c2ccc(C(=O)N3CCC(N4CCCC4)CC3)c(Cl)c2)c1C#Cc1ccc(N)nc1,14.34,7.843450848668219,1,515.0610000000004
CCc1ncnc(-c2ccc(C(=O)N3CCC(N4CCCC4)CC3)c(F)c2)c1C#Cc1ccc(N)nc1,17.0,7.769551078621726,1,498.60600000000034
CCc1ncnc(-c2ccc(C(=O)N3CCC(N4CCCCC4)CC3)c(C)c2)c1C#Cc1ccc(N)nc1,3.5,8.455931955649724,1,508.6700000000004
CCc1ncnc(-c2ccc(C(=O)N3CCC(N4CCCCC4)CC3)c(Cl)c2)c1C#Cc1ccc(N)nc1,6.0,8.221848749616356,1,529.0880000000004
CCc1ncnc(-c2ccc(C(=O)N3CCC(N4CCCCC4)CC3)c(F)c2)c1C#Cc1ccc(N)nc1,5.0,8.301029995663981,1,512.6330000000004
CCc1ncnc(-c2ccc(C(=O)N3CCC(N4CCCCC4)CC3)c(OC)c2)c1C#Cc1ccc(N)nc1,32.4,7.489454989793388,1,524.6690000000004
CCc1ncnc(-c2ccc(C(=O)N3CCC(N4CCCCCC4)CC3)c(C)c2)c1C#Cc1ccc(N)nc1,11.54,7.937794191180288,1,522.6970000000005
CCc1ncnc(-c2ccc(C(=O)N3CCC(N4CCCCCC4)CC3)c(Cl)c2)c1C#Cc1ccc(N)nc1,42.980000000000004,7.366733588844576,1,543.1150000000004
CCc1ncnc(-c2ccc(C(=O)N3CCC(N4CCCCCC4)CC3)c(F)c2)c1C#Cc1ccc(N)nc1,24.0,7.619788758288394,1,526.6600000000004
CCc1ncnc(-c2ccc(C(=O)N3CCC(N4CCCCCC4)CC3)c(OC)c2)c1C#Cc1ccc(N)nc1,50.49,7.296794629304514,1,538.6960000000005
CCc1ncnc(-c2ccc(C(=O)N3CCC(N4CCN(C)CC4)CC3)c(C)c2)c1C#Cc1ccc(N)nc1,4.84,8.315154638355587,1,523.6850000000004
CCc1ncnc(-c2ccc(C(=O)N3CCC(N4CCN(C)CC4)CC3)c(Cl)c2)c1C#Cc1ccc(N)nc1,1.18,8.928117992693874,1,544.1030000000003
CCc1ncnc(-c2ccc(C(=O)N3CCC(N4CCN(C)CC4)CC3)c(Cl)c2)c1C#Cc1ccc(NC)nc1,276.6,6.558147824226708,1,558.1300000000003
CCc1ncnc(-c2ccc(C(=O)N3CCC(N4CCN(C)CC4)CC3)c(F)c2)c1C#Cc1ccc(N)nc1,3.0,8.522878745280337,1,527.6480000000004
CCc1ncnc(-c2ccc(C(=O)N3CCC(N4CCN(C)CC4)CC3)c(F)c2)c1C#Cc1ccc(NC)nc1,2.81,8.55129368009492,1,541.6750000000003
CCc1ncnc(-c2ccc(C(=O)N3CCC(N4CCN(C)CC4)CC3)c(OC)c2)c1C#Cc1ccc(N)nc1,10.2,7.991399828238082,1,539.6840000000003
CCc1ncnc(-c2ccc(C(=O)N3CCC(N4CCN(C5CCN(C)CC5)CC4)CC3)c(F)c2)c1C#Cc1ccc(N)nc1,2.0,8.698970004336019,1,610.7820000000003
CCc1ncnc(-c2ccc(C(=O)N3CCC(N4CCN(CC)CC4)CC3)c(F)c2)c1C#Cc1ccc(N)nc1,5.0,8.301029995663981,1,541.6750000000003
CCc1ncnc(-c2ccc(C(=O)N3CCC(N4CCOCC4)C3)c(F)c2)c1C#Cc1ccc(N)nc1,8.0,8.096910013008056,1,500.5780000000003
CCc1ncnc(-c2ccc(C(=O)N3CCC(N4CCOCC4)CC3)c(C)c2)c1C#Cc1ccc(N)nc1,3.43,8.46470587995723,1,510.6420000000004
CCc1ncnc(-c2ccc(C(=O)N3CCC(N4CCOCC4)CC3)c(Cl)c2)c1C#Cc1ccc(N)nc1,1.09,8.962573502059376,1,531.0600000000004
CCc1ncnc(-c2ccc(C(=O)N3CCC(N4CCOCC4)CC3)c(Cl)c2)c1C#Cc1ccc(NC)nc1,0.68,9.167491087293763,1,545.0870000000003
CCc1ncnc(-c2ccc(C(=O)N3CCC(N4CCOCC4)CC3)c(F)c2)c1C#Cc1ccc(N)nc1,2.0,8.698970004336019,1,514.6050000000004
CCc1ncnc(-c2ccc(C(=O)N3CCC(N4CCOCC4)CC3)c(F)c2)c1C#Cc1ccc(NC)nc1,3.11,8.507239610973162,1,528.6320000000003
CCc1ncnc(-c2ccc(C(=O)N3CCC(N4CCOCC4)CC3)c(OC(F)(F)F)c2)c1C#Cc1ccc(N)nc1,27.93,7.553929064298995,1,580.6110000000002
CCc1ncnc(-c2ccc(C(=O)N3CCC(N4CCOCC4)CC3)c(OC)c2)c1C#Cc1ccc(N)nc1,12.48,7.903785414653595,1,526.6410000000004
CCc1ncnc(-c2ccc(C(=O)N3CCC(O)(C(C)C)CC3)c(F)c2)c1C#Cc1ccc(N)nc1,7.0,8.154901959985743,1,487.5790000000003
CCc1ncnc(-c2ccc(C(=O)N3CCC(O)(C(F)(F)F)CC3)c(F)c2)c1C#Cc1ccc(N)nc1,17.0,7.769551078621726,1,513.4950000000002
CCc1ncnc(-c2ccc(C(=O)N3CCC(O)(CC)CC3)c(F)c2)c1C#Cc1ccc(N)nc1,4.0,8.397940008672037,1,473.55200000000025
CCc1ncnc(-c2ccc(C(=O)N3CCC(O)(CN(C)C)CC3)c(F)c2)c1C#Cc1ccc(N)nc1,28.0,7.552841968657781,1,502.5940000000003
CCc1ncnc(-c2ccc(C(=O)N3CCC(O)(c4ccccc4)CC3)c(F)c2)c1C#Cc1ccc(N)nc1,8.0,8.096910013008056,1,521.5960000000002
CCc1ncnc(-c2ccc(C(=O)N3CCC(O)CC3)c(C)c2)c1C#Cc1ccc(N)nc1,6.85,8.164309428507574,1,441.53500000000025
CCc1ncnc(-c2ccc(C(=O)N3CCC(O)CC3)c(Cl)c2)c1C#Cc1ccc(N)nc1,2.8,8.55284196865778,1,461.9530000000002
CCc1ncnc(-c2ccc(C(=O)N3CCC(O)CC3)c(F)c2)c1C#Cc1ccc(N)nc1,1.0,9.0,1,445.4980000000002
CCc1ncnc(-c2ccc(C(=O)N3CCC(OC)CC3)c(C)c2)c1C#Cc1ccc(N)nc1,10.94,7.960982678002588,1,455.56200000000024
CCc1ncnc(-c2ccc(C(=O)N3CCC(OC)CC3)c(Cl)c2)c1C#Cc1ccc(N)nc1,6.1,8.214670164989233,1,475.98000000000025
CCc1ncnc(-c2ccc(C(=O)N3CCC4(CC3)CC(N)C4)c(F)c2)c1C#Cc1ccc(N)nc1,5.95,8.22548303427145,1,484.57900000000024
CCc1ncnc(-c2ccc(C(=O)N3CCC4(CC3)CC(NC(=O)OC(C)(C)C)C4)c(F)c2)c1C#Cc1ccc(N)nc1,9.74,8.011441043121385,1,584.6960000000001
CCc1ncnc(-c2ccc(C(=O)N3CCC4(CC3)CN(C(=O)OC(C)(C)C)CCO4)c(F)c2)c1C#Cc1ccc(N)nc1,8.92,8.049635145623878,1,600.6950000000002
CCc1ncnc(-c2ccc(C(=O)N3CCC4(CC3)CN(C)C4)c(Cl)c2)c1C#Cc1ccc(N)nc1,4.85,8.314258261397736,1,501.0340000000002
CCc1ncnc(-c2ccc(C(=O)N3CCC4(CC3)CN(C)C4)c(F)c2)c1C#Cc1ccc(N)nc1,7.04,8.152427340857887,1,484.57900000000024
CCc1ncnc(-c2ccc(C(=O)N3CCC4(CC3)CNC4)c(Cl)c2)c1C#Cc1ccc(N)nc1,7.99,8.097453220686008,1,487.0070000000002
CCc1ncnc(-c2ccc(C(=O)N3CCC4(CC3)CNC4)c(F)c2)c1C#Cc1ccc(N)nc1,10.44,7.981299501333757,1,470.5520000000002
CCc1ncnc(-c2ccc(C(=O)N3CCC4(CC3)CNCCO4)c(F)c2)c1C#Cc1ccc(N)nc1,6.48,8.188424994129406,1,500.57800000000026
CCc1ncnc(-c2ccc(C(=O)N3CCC4(CC3)COC4)c(F)c2)c1C#Cc1ccc(N)nc1,1.47,8.832682665251824,1,471.53600000000023
CCc1ncnc(-c2ccc(C(=O)N3CCC4(CC3)OCCCO4)c(C)c2)c1C#Cc1ccc(N)nc1,5.09,8.293282217663242,1,497.59900000000033
CCc1ncnc(-c2ccc(C(=O)N3CCC4(CC3)OCCCO4)c(Cl)c2)c1C#Cc1ccc(N)nc1,8.74,8.058488567365597,1,518.0170000000003
CCc1ncnc(-c2ccc(C(=O)N3CCC4(CCN(C(=O)OC(C)(C)C)CC4)C3)c(F)c2)c1C#Cc1ccc(N)nc1,7.08,8.14996674231023,1,584.6960000000003
CCc1ncnc(-c2ccc(C(=O)N3CCC4(CCN(C)C4)C3)c(C)c2)c1C#Cc1ccc(N)nc1,4.51,8.34582345812204,1,480.61600000000027
CCc1ncnc(-c2ccc(C(=O)N3CCC4(CCN(C)C4)C3)c(Cl)c2)c1C#Cc1ccc(N)nc1,40.09,7.396963943749478,1,501.0340000000002
CCc1ncnc(-c2ccc(C(=O)N3CCC4(CCN(C)C4)C3)c(OC)c2)c1C#Cc1ccc(N)nc1,53.75,7.269621531412357,1,496.6150000000003
CCc1ncnc(-c2ccc(C(=O)N3CCC4(CCN(C)CC4)CC3)c(C)c2)c1C#Cc1ccc(N)nc1,14.54,7.837435593476981,1,508.67000000000036
CCc1ncnc(-c2ccc(C(=O)N3CCC4(CCN(C)CC4)CC3)c(Cl)c2)c1C#Cc1ccc(N)nc1,32.11,7.493359694433497,1,529.0880000000003
CCc1ncnc(-c2ccc(C(=O)N3CCC4(CCN(C)CC4)CC3)c(OC)c2)c1C#Cc1ccc(N)nc1,51.12,7.2914091548496565,1,524.6690000000004
CCc1ncnc(-c2ccc(C(=O)N3CCC4(CCNCC4)C3)c(F)c2)c1C#Cc1ccc(N)nc1,25.52,7.593119329950875,1,484.57900000000024
CCc1ncnc(-c2ccc(C(=O)N3CCC4(CN(C(=O)OC(C)(C)C)C4)C3)c(F)c2)c1C#Cc1ccc(N)nc1,9.67,8.014573525916997,1,556.6420000000002
CCc1ncnc(-c2ccc(C(=O)N3CCC4(CNC4)C3)c(F)c2)c1C#Cc1ccc(N)nc1,13.61,7.866141874796665,1,456.5250000000002
CCc1ncnc(-c2ccc(C(=O)N3CCCC(N(C)C)C3)c(C)c2)c1C#Cc1ccc(N)nc1,12.84,7.891434976267165,1,468.60500000000025
CCc1ncnc(-c2ccc(C(=O)N3CCCC(N(C)C)C3)c(Cl)c2)c1C#Cc1ccc(N)nc1,12.36,7.907981529247203,1,489.02300000000025
CCc1ncnc(-c2ccc(C(=O)N3CCCC(N(C)C)C3)c(OC)c2)c1C#Cc1ccc(N)nc1,88.48,7.053154886039377,1,484.60400000000027
CCc1ncnc(-c2ccc(C(=O)N3CCCC(O)C3)c(C)c2)c1C#Cc1ccc(N)nc1,2.69,8.570247719997592,1,441.5350000000002
CCc1ncnc(-c2ccc(C(=O)N3CCCC(O)C3)c(Cl)c2)c1C#Cc1ccc(N)nc1,3.0700000000000003,8.512861624522813,1,461.9530000000002
CCc1ncnc(-c2ccc(C(=O)N3CCCC(O)C3)c(F)c2)c1C#Cc1ccc(N)nc1,6.0,8.221848749616356,1,445.49800000000016
CCc1ncnc(-c2ccc(C(=O)N3CCCC(O)C3)c(OC)c2)c1C#Cc1ccc(N)nc1,11.86,7.925915310971757,1,457.5340000000002
CCc1ncnc(-c2ccc(C(=O)N3CCCCC3)c(Cl)c2)c1C#Cc1ccc(N)nc1,2.0,8.698970004336019,1,445.9540000000002
CCc1ncnc(-c2ccc(C(=O)N3CCCCC3)c(F)c2)c1C#Cc1ccc(N)nc1C,4.0,8.397940008672037,1,443.5260000000002
CCc1ncnc(-c2ccc(C(=O)N3CCCCO3)c(F)c2)c1C#Cc1ccc(N)nc1,11.0,7.958607314841775,1,431.4710000000001
CCc1ncnc(-c2ccc(C(=O)N3CCCCO3)cc2)c1C#Cc1ccc(N)nc1,13.0,7.886056647693163,1,413.4810000000001
CCc1ncnc(-c2ccc(C(=O)N3CCCN(C)CC3)c(C)c2)c1C#Cc1ccc(N)nc1,14.3,7.844663962534938,1,454.57800000000026
CCc1ncnc(-c2ccc(C(=O)N3CCCN(C)CC3)c(Cl)c2)c1C#Cc1ccc(N)nc1,22.09,7.655804284128565,1,474.9960000000002
CCc1ncnc(-c2ccc(C(=O)N3CCCN(C)CC3)c(F)c2)c1C#Cc1ccc(N)nc1,17.0,7.769551078621726,1,458.5410000000002
CCc1ncnc(-c2ccc(C(=O)N3CCCO3)c(C)c2)c1C#Cc1ccc(N)nc1,2.42,8.616184634019568,1,413.48100000000017
CCc1ncnc(-c2ccc(C(=O)N3CCCO3)c(Cl)c2)c1C#Cc1ccc(N)nc1,0.27,9.568636235841012,1,433.8990000000001
CCc1ncnc(-c2ccc(C(=O)N3CCCO3)c(F)c2)c1C#Cc1ccc(N)nc1,5.0,8.301029995663981,1,417.44400000000013
CCc1ncnc(-c2ccc(C(=O)N3CCCO3)c(OC)c2)c1C#Cc1ccc(N)nc1,8.86,8.05256627811295,1,429.4800000000002
CCc1ncnc(-c2ccc(C(=O)N3CCCO3)cc2)c1C#Cc1ccc(N)nc1,10.0,8.0,1,399.4540000000001
CCc1ncnc(-c2ccc(C(=O)N3CCCOCC3)c(C)c2)c1C#Cc1ccc(N)nc1,4.16,8.380906669373257,1,441.53500000000025
CCc1ncnc(-c2ccc(C(=O)N3CCCOCC3)c(Cl)c2)c1C#Cc1ccc(N)nc1,4.785,8.320118057887138,1,461.9530000000002
CCc1ncnc(-c2ccc(C(=O)N3CCCOCC3)c(F)c2)c1C#Cc1ccc(N)nc1,2.0,8.698970004336019,1,445.4980000000002
CCc1ncnc(-c2ccc(C(=O)N3CCC[C@@H]3CO)c(F)c2)c1C#Cc1ccc(N)nc1,5.0,8.301029995663981,1,445.4980000000001
CCc1ncnc(-c2ccc(C(=O)N3CCC[C@H]3CO)c(F)c2)c1C#Cc1ccc(N)nc1,3.2,8.494850021680094,1,445.4980000000001
CCc1ncnc(-c2ccc(C(=O)N3CCN(/C(=N/C)NC#N)CC3)c(F)c2)c1C#Cc1ccc(N)nc1,8.0,8.096910013008056,1,511.5650000000003
CCc1ncnc(-c2ccc(C(=O)N3CCN(C(C)(C)C)CC3)c(Cl)c2)c1C#Cc1ccc(N)nc1,2.0,8.698970004336019,1,503.0500000000003
CCc1ncnc(-c2ccc(C(=O)N3CCN(C(C)(C)C)CC3)c(OC)c2)c1C#Cc1ccc(N)nc1,3.0,8.522878745280337,1,498.6310000000003
CCc1ncnc(-c2ccc(C(=O)N3CCN(C(C)(C)O)CC3)c(Cl)c2)c1C#Cc1ccc(N)nc1,5.0,8.301029995663981,1,505.0220000000003
CCc1ncnc(-c2ccc(C(=O)N3CCN(C(C)=O)CC3)c(C)c2)c1C#Cc1ccc(N)nc1,9.66,8.015022873584506,1,468.56100000000026
CCc1ncnc(-c2ccc(C(=O)N3CCN(C(C)=O)CC3)c(Cl)c2)c1C#Cc1ccc(N)nc1,2.0,8.698970004336019,1,488.97900000000027
CCc1ncnc(-c2ccc(C(=O)N3CCN(C(C)=O)CC3)c(F)c2)c1C#Cc1ccc(N)nc1,6.0,8.221848749616356,1,472.5240000000002
CCc1ncnc(-c2ccc(C(=O)N3CCN(C(C)=O)CC3)c(F)c2)c1C#Cc1ccc(N)nc1C,4.0,8.397940008672037,1,486.5510000000003
CCc1ncnc(-c2ccc(C(=O)N3CCN(C(C)=O)CC3)c(OC)c2)c1C#Cc1ccc(N)nc1,2.0,8.698970004336019,1,484.5600000000003
CCc1ncnc(-c2ccc(C(=O)N3CCN(C(C)C)CC3)c(C(F)(F)F)c2)c1C#Cc1ccc(N)nc1,2.72,8.5654310959658,1,522.5750000000003
CCc1ncnc(-c2ccc(C(=O)N3CCN(C(C)C)CC3)c(Cl)c2)c1C#Cc1ccc(N)nc1,0.84,9.075720713938118,1,489.02300000000025
CCc1ncnc(-c2ccc(C(=O)N3CCN(C(C)C)CC3)c(F)c2)c1C#Cc1ccc(N)nc1,6.0,8.221848749616356,1,472.56800000000027
CCc1ncnc(-c2ccc(C(=O)N3CCN(C(C)C)CC3)c(OC(F)(F)F)c2)c1C#Cc1ccc(N)nc1,21.17,7.674279141980588,1,538.5740000000003
CCc1ncnc(-c2ccc(C(=O)N3CCN(C(C)C)CC3)c(OC)c2)c1C#Cc1ccc(N)nc1,2.0,8.698970004336019,1,484.6040000000003
CCc1ncnc(-c2ccc(C(=O)N3CCN(C(C)CC)CC3)c(F)c2)c1C#Cc1ccc(N)nc1,10.0,8.0,1,486.5950000000003
CCc1ncnc(-c2ccc(C(=O)N3CCN(C(C)CO)CC3)c(Cl)c2)c1C#Cc1ccc(N)nc1,1.68,8.774690718274137,1,505.0220000000003
CCc1ncnc(-c2ccc(C(=O)N3CCN(C(C)CO)CC3)c(F)c2)c1C#Cc1ccc(N)nc1,1.26,8.899629454882437,1,488.5670000000003
CCc1ncnc(-c2ccc(C(=O)N3CCN(C(C)COC)CC3)c(Cl)c2)c1C#Cc1ccc(N)nc1,0.92,9.036212172654444,1,519.0490000000003
CCc1ncnc(-c2ccc(C(=O)N3CCN(C(C)COC)CC3)c(F)c2)c1C#Cc1ccc(N)nc1,2.7,8.568636235841012,1,502.59400000000034
CCc1ncnc(-c2ccc(C(=O)N3CCN(C(CC)CC)CC3)c(F)c2)c1C#Cc1ccc(N)nc1,16.0,7.795880017344075,1,500.6220000000003
CCc1ncnc(-c2ccc(C(=O)N3CCN(C(F)(F)F)CC3)c(Cl)c2)c1C#Cc1ccc(N)nc1,18.0,7.7447274948966935,1,514.9390000000002
CCc1ncnc(-c2ccc(C(=O)N3CCN(C)C(=O)C3)c(F)c2)c1C#Cc1ccc(N)nc1,2.0,8.698970004336019,1,458.4970000000002
CCc1ncnc(-c2ccc(C(=O)N3CCN(C)C(C)(C)C3)c(F)c2)c1C#Cc1ccc(N)nc1,13.0,7.886056647693163,1,472.5680000000002
CCc1ncnc(-c2ccc(C(=O)N3CCN(C)C(C)C3)c(F)c2)c1C#Cc1ccc(N)nc1,8.0,8.096910013008056,1,458.5410000000002
CCc1ncnc(-c2ccc(C(=O)N3CCN(C)CC3)c(C(F)(F)F)c2)c1C#Cc1ccc(N)nc1,8.85,8.053056729302174,1,494.5210000000002
CCc1ncnc(-c2ccc(C(=O)N3CCN(C)CC3)c(Cl)c2)c1C#Cc1ccc(NC)nc1,2.86,8.543633966870956,1,474.99600000000015
CCc1ncnc(-c2ccc(C(=O)N3CCN(C)CC3)c(F)c2)c1C#Cc1ccc(N)nc1,2.0,8.698970004336019,1,444.5140000000002
CCc1ncnc(-c2ccc(C(=O)N3CCN(C)CC3)c(F)c2)c1C#Cc1ccc(N)nc1C,8.0,8.096910013008056,1,458.5410000000002
CCc1ncnc(-c2ccc(C(=O)N3CCN(C)CC3)c(F)c2)c1C#Cc1ccc(NC)nc1,4.7,8.327902142064282,1,458.54100000000017
CCc1ncnc(-c2ccc(C(=O)N3CCN(C)CC3)c(OC(F)(F)F)c2)c1C#Cc1ccc(N)nc1,14.07,7.8517059025652545,1,510.5200000000002
CCc1ncnc(-c2ccc(C(=O)N3CCN(C)CC3)c(OC)c2)c1C#Cc1ccc(N)nc1,2.0,8.698970004336019,1,456.55000000000024
CCc1ncnc(-c2ccc(C(=O)N3CCN(C)CC3)nc2)c1C#Cc1ccc(N)nc1,24.0,7.619788758288394,1,427.51200000000017
CCc1ncnc(-c2ccc(C(=O)N3CCN(C)C[C@@H]3C)c(Cl)c2)c1C#Cc1ccc(N)nc1,2.84,8.546681659952963,1,474.9960000000002
CCc1ncnc(-c2ccc(C(=O)N3CCN(C)C[C@@H]3C)c(F)c2)c1C#Cc1ccc(N)nc1,5.46,8.262807357295262,1,458.54100000000017
CCc1ncnc(-c2ccc(C(=O)N3CCN(C)C[C@H]3C)c(Cl)c2)c1C#Cc1ccc(N)nc1,5.62,8.250263684430939,1,474.9960000000002
CCc1ncnc(-c2ccc(C(=O)N3CCN(C)C[C@H]3C)c(F)c2)c1C#Cc1ccc(N)nc1,3.42,8.465973893943865,1,458.54100000000017
CCc1ncnc(-c2ccc(C(=O)N3CCN(C4CC4)CC3)c(Cl)c2)c1C#Cc1ccc(N)nc1,0.99,9.00436480540245,1,487.0070000000003
CCc1ncnc(-c2ccc(C(=O)N3CCN(C4CC4)CC3)c(F)c2)c1C#Cc1ccc(N)nc1,3.0,8.522878745280337,1,470.55200000000025
CCc1ncnc(-c2ccc(C(=O)N3CCN(C4CC4)CC3)c(F)c2)c1C#Cc1ccc(N)nc1C,4.0,8.397940008672037,1,484.5790000000003
CCc1ncnc(-c2ccc(C(=O)N3CCN(C4CC4)CC3)c(OC)c2)c1C#Cc1ccc(N)nc1,2.0,8.698970004336019,1,482.5880000000003
CCc1ncnc(-c2ccc(C(=O)N3CCN(C4CCC4)CC3)c(Cl)c2)c1C#Cc1ccc(N)nc1,0.57,9.244125144327509,1,501.03400000000033
CCc1ncnc(-c2ccc(C(=O)N3CCN(C4CCC4)CC3)c(F)c2)c1C#Cc1ccc(N)nc1,0.47,9.327902142064282,1,484.5790000000003
CCc1ncnc(-c2ccc(C(=O)N3CCN(C4CCCC4)CC3)c(C)c2)c1C#Cc1ccc(N)nc1,1.83,8.73754891026957,1,494.64300000000037
CCc1ncnc(-c2ccc(C(=O)N3CCN(C4CCCC4)CC3)c(Cl)c2)c1C#Cc1ccc(N)nc1,4.0,8.397940008672037,1,515.0610000000004
CCc1ncnc(-c2ccc(C(=O)N3CCN(C4CCCC4)CC3)c(F)c2)c1C#Cc1ccc(N)nc1,6.0,8.221848749616356,1,498.60600000000034
CCc1ncnc(-c2ccc(C(=O)N3CCN(C4CCCC4)CC3)c(OC)c2)c1C#Cc1ccc(N)nc1,6.82,8.16621562534352,1,510.6420000000004
CCc1ncnc(-c2ccc(C(=O)N3CCN(C4CCCC4O)CC3)c(Cl)c2)c1C#Cc1ccc(N)nc1,1.29,8.88941028970075,1,531.0600000000003
CCc1ncnc(-c2ccc(C(=O)N3CCN(C4CCCC4O)CC3)c(F)c2)c1C#Cc1ccc(N)nc1,0.68,9.167491087293763,1,514.6050000000004
CCc1ncnc(-c2ccc(C(=O)N3CCN(C4CCN(C)CC4)CC3)c(F)c2)c1C#Cc1ccc(N)nc1,2.0,8.698970004336019,1,527.6480000000004
CCc1ncnc(-c2ccc(C(=O)N3CCN(C4CCOCC4)CC3)c(C)c2)c1C#Cc1ccc(N)nc1,1.57,8.804100347590767,1,510.6420000000004
CCc1ncnc(-c2ccc(C(=O)N3CCN(C4CCOCC4)CC3)c(Cl)c2)c1C#Cc1ccc(N)nc1,0.88,9.05551732784983,1,531.0600000000004
CCc1ncnc(-c2ccc(C(=O)N3CCN(C4CCOCC4)CC3)c(Cl)c2)c1C#Cc1ccc(NC)nc1,1.93,8.714442690992227,1,545.0870000000003
CCc1ncnc(-c2ccc(C(=O)N3CCN(C4CCOCC4)CC3)c(F)c2)c1C#Cc1ccc(N)nc1,3.0,8.522878745280337,1,514.6050000000004
CCc1ncnc(-c2ccc(C(=O)N3CCN(C4CCOCC4)CC3)c(F)c2)c1C#Cc1ccc(N)nc1C,3.0,8.522878745280337,1,528.6320000000003
CCc1ncnc(-c2ccc(C(=O)N3CCN(C4CCOCC4)CC3)c(F)c2)c1C#Cc1ccc(NC)nc1,5.43,8.265200170411154,1,528.6320000000003
CCc1ncnc(-c2ccc(C(=O)N3CCN(C4CCOCC4)CC3)c(OC)c2)c1C#Cc1ccc(N)nc1,1.0,9.0,1,526.6410000000004
CCc1ncnc(-c2ccc(C(=O)N3CCN(C4CCS(=O)(=O)C4)CC3)c(C)c2)c1C#Cc1ccc(N)nc1,1.41,8.85078088734462,1,544.6810000000003
CCc1ncnc(-c2ccc(C(=O)N3CCN(C4CCS(=O)(=O)C4)CC3)c(Cl)c2)c1C#Cc1ccc(N)nc1,0.74,9.130768280269024,1,565.0990000000002
CCc1ncnc(-c2ccc(C(=O)N3CCN(C4CCS(=O)(=O)C4)CC3)c(F)c2)c1C#Cc1ccc(N)nc1,4.0,8.397940008672037,1,548.6440000000002
CCc1ncnc(-c2ccc(C(=O)N3CCN(C4CCS(=O)(=O)C4)CC3)c(F)c2)c1C#Cc1ccc(N)nc1C,7.0,8.154901959985743,1,562.6710000000002
CCc1ncnc(-c2ccc(C(=O)N3CCN(C4CCS(=O)(=O)C4)CC3)c(OC)c2)c1C#Cc1ccc(N)nc1,7.24,8.140261433802854,1,560.6800000000002
CCc1ncnc(-c2ccc(C(=O)N3CCN(C4COC4)CC3)c(Cl)c2)c1C#Cc1ccc(N)nc1,4.24,8.372634143407268,1,503.0060000000003
CCc1ncnc(-c2ccc(C(=O)N3CCN(C4COC4)CC3)c(F)c2)c1C#Cc1ccc(N)nc1,2.75,8.560667306169737,1,486.5510000000003
CCc1ncnc(-c2ccc(C(=O)N3CCN(C4COC4)CC3)c(F)c2)c1C#Cc1ccc(N)nc1C,16.96,7.770574152079305,1,500.5780000000003
CCc1ncnc(-c2ccc(C(=O)N3CCN(CC(=O)N(C)C)CC3)c(F)c2)c1C#Cc1ccc(N)nc1,7.0,8.154901959985743,1,515.5930000000003
CCc1ncnc(-c2ccc(C(=O)N3CCN(CC(=O)N(C)C)CC3)c(F)c2)c1C#Cc1ccc(N)nc1C,2.0,8.698970004336019,1,529.6200000000002
CCc1ncnc(-c2ccc(C(=O)N3CCN(CC(C)(C)O)CC3)c(F)c2)c1C#Cc1ccc(N)nc1,1.03,8.987162775294827,1,502.5940000000003
CCc1ncnc(-c2ccc(C(=O)N3CCN(CC(C)O)CC3)c(Cl)c2)c1C#Cc1ccc(N)nc1,2.23,8.651695136951838,1,505.0220000000003
CCc1ncnc(-c2ccc(C(=O)N3CCN(CC(C)O)CC3)c(F)c2)c1C#Cc1ccc(N)nc1,1.56,8.806875401645538,1,488.56700000000023
CCc1ncnc(-c2ccc(C(=O)N3CCN(CC(F)(F)F)CC3)c(F)c2)c1C#Cc1ccc(N)nc1,3.0,8.522878745280337,1,512.5110000000002
CCc1ncnc(-c2ccc(C(=O)N3CCN(CC(F)(F)F)CC3)c(OC)c2)c1C#Cc1ccc(N)nc1,4.0,8.397940008672037,1,524.5470000000003
CCc1ncnc(-c2ccc(C(=O)N3CCN(CC(F)F)CC3)c(Cl)c2)c1C#Cc1ccc(N)nc1,2.0,8.698970004336019,1,510.9760000000002
CCc1ncnc(-c2ccc(C(=O)N3CCN(CC(F)F)CC3)c(Cl)c2)c1C#Cc1ccc(NC)nc1,4.69,8.328827157284916,1,525.0030000000003
CCc1ncnc(-c2ccc(C(=O)N3CCN(CC(F)F)CC3)c(F)c2)c1C#Cc1ccc(N)nc1,1.0,9.0,1,494.52100000000024
CCc1ncnc(-c2ccc(C(=O)N3CCN(CC(F)F)CC3)c(F)c2)c1C#Cc1ccc(N)nc1C,3.0,8.522878745280337,1,508.5480000000003
CCc1ncnc(-c2ccc(C(=O)N3CCN(CC(F)F)CC3)c(OC)c2)c1C#Cc1ccc(N)nc1,2.0,8.698970004336019,1,506.5570000000003
CCc1ncnc(-c2ccc(C(=O)N3CCN(CC)CC3)c(C(F)(F)F)c2)c1C#Cc1ccc(N)nc1,13.62,7.865822892423234,1,508.54800000000023
CCc1ncnc(-c2ccc(C(=O)N3CCN(CC)CC3)c(Cl)c2)c1C#Cc1ccc(N)nc1,2.0,8.698970004336019,1,474.9960000000002
CCc1ncnc(-c2ccc(C(=O)N3CCN(CC)CC3)c(Cl)c2)c1C#Cc1ccc(NC)nc1,19.97,7.699621935129297,1,489.0230000000002
CCc1ncnc(-c2ccc(C(=O)N3CCN(CC)CC3)c(OC(F)(F)F)c2)c1C#Cc1ccc(N)nc1,14.41,7.841336019186011,1,524.5470000000003
CCc1ncnc(-c2ccc(C(=O)N3CCN(CC)CC3)c(OC)c2)c1C#Cc1ccc(N)nc1,3.0,8.522878745280337,1,470.5770000000003
CCc1ncnc(-c2ccc(C(=O)N3CCN(CC4CC4)CC3)c(C)c2)c1C#Cc1ccc(N)nc1,11.03,7.957424487559809,1,480.6160000000003
CCc1ncnc(-c2ccc(C(=O)N3CCN(CC4CC4)CC3)c(Cl)c2)c1C#Cc1ccc(N)nc1,5.205,8.283579266153446,1,501.03400000000033
CCc1ncnc(-c2ccc(C(=O)N3CCN(CC4CC4)CC3)c(F)c2)c1C#Cc1ccc(N)nc1,5.0,8.301029995663981,1,484.5790000000003
CCc1ncnc(-c2ccc(C(=O)N3CCN(CC4CCCCC4)CC3)c(C)c2)c1C#Cc1ccc(N)nc1,1.23,8.910094888560602,1,522.6970000000005
CCc1ncnc(-c2ccc(C(=O)N3CCN(CC4CCCCC4)CC3)c(F)c2)c1C#Cc1ccc(N)nc1,39.0,7.4089353929735005,1,526.6600000000004
CCc1ncnc(-c2ccc(C(=O)N3CCN(CC4CCCCC4)CC3)c(F)c2)c1C#Cc1ccc(N)nc1C,68.0,7.167491087293763,1,540.6870000000004
CCc1ncnc(-c2ccc(C(=O)N3CCN(CC4CCCCC4)CC3)c(OC)c2)c1C#Cc1ccc(N)nc1,15.89,7.798876102792621,1,538.6960000000005
CCc1ncnc(-c2ccc(C(=O)N3CCN(CC4CCCN(C)C4)CC3)c(F)c2)c1C#Cc1ccc(N)nc1,12.0,7.920818753952375,1,541.6750000000003
CCc1ncnc(-c2ccc(C(=O)N3CCN(CC4CCCO4)CC3)c(F)c2)c1C#Cc1ccc(N)nc1,4.0,8.397940008672037,1,514.6050000000004
CCc1ncnc(-c2ccc(C(=O)N3CCN(CC4CCCO4)CC3)c(F)c2)c1C#Cc1ccc(N)nc1C,5.0,8.301029995663981,1,528.6320000000003
CCc1ncnc(-c2ccc(C(=O)N3CCN(CCCS(C)(=O)=O)CC3)c(Cl)c2)c1C#Cc1ccc(N)nc1,2.7,8.568636235841012,1,567.1150000000001
CCc1ncnc(-c2ccc(C(=O)N3CCN(CCCS(C)(=O)=O)CC3)c(F)c2)c1C#Cc1ccc(N)nc1,4.36,8.360513510731414,1,550.6600000000002
CCc1ncnc(-c2ccc(C(=O)N3CCN(CCN(C)C)CC3)c(Cl)c2)c1C#Cc1ccc(N)nc1C,5.0,8.301029995663981,1,532.0920000000002
CCc1ncnc(-c2ccc(C(=O)N3CCN(CCN(C)C)CC3)c(F)c2)c1C#Cc1ccc(N)nc1,16.0,7.795880017344075,1,501.6100000000003
CCc1ncnc(-c2ccc(C(=O)N3CCN(CCN(C)C)CC3)c(F)c2)c1C#Cc1ccc(N)nc1C,7.0,8.154901959985743,1,515.6370000000003
CCc1ncnc(-c2ccc(C(=O)N3CCN(CCN(C)C)CC3)c(OC)c2)c1C#Cc1ccc(N)nc1,8.0,8.096910013008056,1,513.6460000000004
CCc1ncnc(-c2ccc(C(=O)N3CCN(CCN)CC3)c(Cl)c2)c1C#Cc1ccc(N)nc1,8.45,8.073143291050307,1,490.0110000000003
CCc1ncnc(-c2ccc(C(=O)N3CCN(CCNS(C)(=O)=O)CC3)c(Cl)c2)c1C#Cc1ccc(N)nc1,1.47,8.832682665251824,1,568.1030000000001
CCc1ncnc(-c2ccc(C(=O)N3CCN(CCNS(C)(=O)=O)CC3)c(F)c2)c1C#Cc1ccc(N)nc1,1.13,8.94692155651658,1,551.6480000000001
CCc1ncnc(-c2ccc(C(=O)N3CCN(CCO)CC3)c(Cl)c2)c1C#Cc1ccc(N)nc1,0.6,9.221848749616356,1,490.99500000000023
CCc1ncnc(-c2ccc(C(=O)N3CCN(CCO)CC3)c(F)c2)c1C#Cc1ccc(N)nc1,4.0,8.397940008672037,1,474.54000000000025
CCc1ncnc(-c2ccc(C(=O)N3CCN(CCO)CC3)c(OC)c2)c1C#Cc1ccc(N)nc1,3.0,8.522878745280337,1,486.5760000000003
CCc1ncnc(-c2ccc(C(=O)N3CCN(CCOC)CC3)c(F)c2)c1C#Cc1ccc(N)nc1,6.0,8.221848749616356,1,488.5670000000003
CCc1ncnc(-c2ccc(C(=O)N3CCN(CCOC)CC3)c(OC)c2)c1C#Cc1ccc(N)nc1,1.0,9.0,1,500.60300000000035
CCc1ncnc(-c2ccc(C(=O)N3CCN(CCOCCO)CC3)c(Cl)c2)c1C#Cc1ccc(N)nc1,1.28,8.892790030352131,1,535.0480000000003
CCc1ncnc(-c2ccc(C(=O)N3CCN(CCOCCO)CC3)c(F)c2)c1C#Cc1ccc(N)nc1,1.15,8.939302159646388,1,518.5930000000004
CCc1ncnc(-c2ccc(C(=O)N3CCN(Cc4cc(C)no4)CC3)c(Cl)c2)c1C#Cc1ccc(N)nc1,0.39,9.4089353929735,1,542.0430000000002
CCc1ncnc(-c2ccc(C(=O)N3CCN(Cc4cc(C)no4)CC3)c(F)c2)c1C#Cc1ccc(N)nc1,1.51,8.821023052706831,1,525.5880000000003
CCc1ncnc(-c2ccc(C(=O)N3CCN(Cc4ccccc4)CC3)c(C)c2)c1C#Cc1ccc(N)nc1,6.82,8.16621562534352,1,516.6490000000003
CCc1ncnc(-c2ccc(C(=O)N3CCN(Cc4ccccc4)CC3)c(Cl)c2)c1C#Cc1ccc(N)nc1,29.165,7.535138019233965,1,537.0670000000002
CCc1ncnc(-c2ccc(C(=O)N3CCN(Cc4ccccc4)CC3)c(F)c2)c1C#Cc1ccc(N)nc1,12.0,7.920818753952375,1,520.6120000000003
CCc1ncnc(-c2ccc(C(=O)N3CCN(Cc4ccccc4)CC3)c(F)c2)c1C#Cc1ccc(N)nc1C,9.0,8.045757490560675,1,534.6390000000002
CCc1ncnc(-c2ccc(C(=O)N3CCN(Cc4ccccc4)CC3)c(OC)c2)c1C#Cc1ccc(N)nc1,4.95,8.30539480106643,1,532.6480000000003
CCc1ncnc(-c2ccc(C(=O)N3CCN(Cc4nc(C)c(C)o4)CC3)c(Cl)c2)c1C#Cc1ccc(N)nc1,1.5,8.823908740944319,1,556.0700000000002
CCc1ncnc(-c2ccc(C(=O)N3CCN(Cc4nc(C)c(C)o4)CC3)c(F)c2)c1C#Cc1ccc(N)nc1,1.53,8.8153085691824,1,539.6150000000002
CCc1ncnc(-c2ccc(C(=O)N3CCN(Cc4ncon4)CC3)c(Cl)c2)c1C#Cc1ccc(N)nc1,0.66,9.18045606445813,1,529.0040000000002
CCc1ncnc(-c2ccc(C(=O)N3CCN(Cc4ncon4)CC3)c(F)c2)c1C#Cc1ccc(N)nc1,0.45,9.346787486224656,1,512.5490000000003
CCc1ncnc(-c2ccc(C(=O)N3CCN(O)CC3)c(Cl)c2)c1C#Cc1ccc(N)nc1,3.0,8.522878745280337,1,462.94100000000026
CCc1ncnc(-c2ccc(C(=O)N3CCN(OC)CC3)c(F)c2)c1C#Cc1ccc(N)nc1,9.0,8.045757490560675,1,460.51300000000026
CCc1ncnc(-c2ccc(C(=O)N3CCN(S(=O)(=O)CC)CC3)c(C)c2)c1C#Cc1ccc(N)nc1,2.48,8.605548319173783,1,518.6430000000004
CCc1ncnc(-c2ccc(C(=O)N3CCN(S(=O)(=O)CC)CC3)c(Cl)c2)c1C#Cc1ccc(N)nc1,0.36,9.443697499232712,1,539.0610000000003
CCc1ncnc(-c2ccc(C(=O)N3CCN(S(=O)(=O)CC)CC3)c(F)c2)c1C#Cc1ccc(N)nc1,5.0,8.301029995663981,1,522.6060000000003
CCc1ncnc(-c2ccc(C(=O)N3CCN(S(=O)(=O)CC)CC3)c(F)c2)c1C#Cc1ccc(N)nc1C,9.0,8.045757490560675,1,536.6330000000003
CCc1ncnc(-c2ccc(C(=O)N3CCN(S(=O)(=O)CC)CC3)c(OC)c2)c1C#Cc1ccc(N)nc1,2.0,8.698970004336019,1,534.6420000000004
CCc1ncnc(-c2ccc(C(=O)N3CCN(c4ccccc4)CC3)c(C)c2)c1C#Cc1ccc(N)nc1,3.15,8.5016894462104,1,502.6220000000003
CCc1ncnc(-c2ccc(C(=O)N3CCN(c4ccccc4)CC3)c(Cl)c2)c1C#Cc1ccc(N)nc1,5.0,8.301029995663981,1,523.0400000000003
CCc1ncnc(-c2ccc(C(=O)N3CCN(c4ccccc4)CC3)c(F)c2)c1C#Cc1ccc(N)nc1,10.0,8.0,1,506.58500000000026
CCc1ncnc(-c2ccc(C(=O)N3CCN(c4ccccc4)CC3)c(F)c2)c1C#Cc1ccc(N)nc1C,26.0,7.585026652029182,1,520.6120000000003
CCc1ncnc(-c2ccc(C(=O)N3CCN(c4ccccn4)CC3)c(C)c2)c1C#Cc1ccc(N)nc1,17.09,7.767257937279263,1,503.6100000000003
CCc1ncnc(-c2ccc(C(=O)N3CCN(c4ccccn4)CC3)c(Cl)c2)c1C#Cc1ccc(N)nc1,3.0,8.522878745280337,1,524.0280000000002
CCc1ncnc(-c2ccc(C(=O)N3CCN(c4ccccn4)CC3)c(F)c2)c1C#Cc1ccc(N)nc1,7.0,8.154901959985743,1,507.57300000000026
CCc1ncnc(-c2ccc(C(=O)N3CCN(c4ccncc4)CC3)c(C)c2)c1C#Cc1ccc(N)nc1,9.55,8.019996628416253,1,503.6100000000003
CCc1ncnc(-c2ccc(C(=O)N3CCN(c4ccncc4)CC3)c(Cl)c2)c1C#Cc1ccc(N)nc1,9.825,8.007667440952536,1,524.0280000000002
CCc1ncnc(-c2ccc(C(=O)N3CCN(c4ccncc4)CC3)c(F)c2)c1C#Cc1ccc(N)nc1,7.0,8.154901959985743,1,507.57300000000026
CCc1ncnc(-c2ccc(C(=O)N3CCN4CCCCC4C3)c(C)c2)c1C#Cc1ccc(N)nc1,7.8,8.10790539730952,1,480.6160000000003
CCc1ncnc(-c2ccc(C(=O)N3CCN4CCCCC4C3)c(F)c2)c1C#Cc1ccc(N)nc1,7.0,8.154901959985743,1,484.5790000000003
CCc1ncnc(-c2ccc(C(=O)N3CCN4CCCCC4C3)c(F)c2)c1C#Cc1ccc(N)nc1C,8.0,8.096910013008056,1,498.60600000000034
CCc1ncnc(-c2ccc(C(=O)N3CCN4CCCCC4C3)c(OC)c2)c1C#Cc1ccc(N)nc1,20.94,7.6790233226571765,1,496.61500000000035
CCc1ncnc(-c2ccc(C(=O)N3CCN4CCCC[C@@H]4C3)c(F)c2)c1C#Cc1ccc(N)nc1,0.73,9.136677139879543,1,484.5790000000003
CCc1ncnc(-c2ccc(C(=O)N3CCN4CCCC[C@H]4C3)c(Cl)c2)c1C#Cc1ccc(N)nc1,2.98,8.525783735923746,1,501.03400000000033
CCc1ncnc(-c2ccc(C(=O)N3CCN4CCCC[C@H]4C3)c(F)c2)c1C#Cc1ccc(N)nc1,5.45,8.263603497723357,1,484.5790000000003
CCc1ncnc(-c2ccc(C(=O)N3CCN4CCC[C@@H]4C3)c(Cl)c2)c1C#Cc1ccc(N)nc1,0.99,9.00436480540245,1,487.0070000000003
CCc1ncnc(-c2ccc(C(=O)N3CCN4CCC[C@@H]4C3)c(F)c2)c1C#Cc1ccc(N)nc1,1.69,8.772113295386326,1,470.55200000000025
CCc1ncnc(-c2ccc(C(=O)N3CCN4CCC[C@H]4C3)c(Cl)c2)c1C#Cc1ccc(N)nc1,1.5,8.823908740944319,1,487.0070000000003
CCc1ncnc(-c2ccc(C(=O)N3CCN4CCC[C@H]4C3)c(F)c2)c1C#Cc1ccc(N)nc1,1.15,8.939302159646388,1,470.55200000000025
CCc1ncnc(-c2ccc(C(=O)N3CCN4CCC[C@H]4C3)c(OC(F)(F)F)c2)c1C#Cc1ccc(N)nc1,9.33,8.0301183562535,1,536.5580000000002
CCc1ncnc(-c2ccc(C(=O)N3CCNC(=O)C3)c(Cl)c2)c1C#Cc1ccc(N)nc1,0.82,9.086186147616283,1,460.9250000000002
CCc1ncnc(-c2ccc(C(=O)N3CCNC(=O)C3)c(OC)c2)c1C#Cc1ccc(N)nc1,1.0,9.0,1,456.50600000000026
CCc1ncnc(-c2ccc(C(=O)N3CCNCC3)c(C)c2)c1C#Cc1ccc(N)nc1,13.88,7.8576105338811635,1,426.52400000000017
CCc1ncnc(-c2ccc(C(=O)N3CCNCC3)c(Cl)c2)c1C#Cc1ccc(N)nc1,7.925,8.101000729110211,1,446.9420000000001
CCc1ncnc(-c2ccc(C(=O)N3CCNCC3)c(F)c2)c1C#Cc1ccc(N)nc1,13.0,7.886056647693163,1,430.48700000000014
CCc1ncnc(-c2ccc(C(=O)N3CCOC(C)(C)C3)c(F)c2)c1C#Cc1ccc(N)nc1,8.945,8.048419655096609,1,459.5250000000002
CCc1ncnc(-c2ccc(C(=O)N3CCOC4(CCN(C(=O)OC(C)(C)C)CC4)C3)c(F)c2)c1C#Cc1ccc(N)nc1,67.77,7.168962514359975,1,600.6950000000003
CCc1ncnc(-c2ccc(C(=O)N3CCOC4(CCNCC4)C3)c(F)c2)c1C#Cc1ccc(N)nc1,11.42,7.942333896090171,1,500.5780000000003
CCc1ncnc(-c2ccc(C(=O)N3CCOCC3)c(C)c2)c1C#Cc1ccc(N)nc1,2.79,8.554395796726402,1,427.5080000000002
CCc1ncnc(-c2ccc(C(=O)N3CCOCC3)c(Cl)c2)c1C#Cc1ccc(N)nc1,0.46,9.337242168318426,1,447.92600000000016
CCc1ncnc(-c2ccc(C(=O)N3CCOCC3)c(F)c2)c1C#Cc1ccc(N)nc1,3.0,8.522878745280337,1,431.4710000000002
CCc1ncnc(-c2ccc(C(=O)N3CCOCC3)c(F)c2)c1C#Cc1ccc(N)nc1C,8.0,8.096910013008056,1,445.4980000000002
CCc1ncnc(-c2ccc(C(=O)N3CCOCC3)c(OC)c2)c1C#Cc1ccc(N)nc1,6.34,8.197910742118268,1,443.50700000000023
CCc1ncnc(-c2ccc(C(=O)N3CC[C@@H](N(C)C)C3)c(C)c2)c1C#Cc1ccc(N)nc1,1.78,8.749579997691106,1,454.57800000000026
CCc1ncnc(-c2ccc(C(=O)N3CC[C@@H](N(C)C)C3)c(Cl)c2)c1C#Cc1ccc(N)nc1,3.38,8.471083299722345,1,474.9960000000002
CCc1ncnc(-c2ccc(C(=O)N3CC[C@@H](N(C)C)C3)c(Cl)c2)c1C#Cc1ccc(NC)nc1,1.6,8.795880017344075,1,489.0230000000002
CCc1ncnc(-c2ccc(C(=O)N3CC[C@@H](N(C)C)C3)c(F)c2)c1C#Cc1ccc(N)nc1,8.0,8.096910013008056,1,458.5410000000002
CCc1ncnc(-c2ccc(C(=O)N3CC[C@@H](N(C)C)C3)c(F)c2)c1C#Cc1ccc(NC)nc1,8.83,8.054039296422431,1,472.5680000000002
CCc1ncnc(-c2ccc(C(=O)N3CC[C@@H](N(C)C)C3)c(OC(F)(F)F)c2)c1C#Cc1ccc(N)nc1,55.47,7.255941834121164,1,524.5470000000003
CCc1ncnc(-c2ccc(C(=O)N3CC[C@@H](N(C)C)C3)c(OC)c2)c1C#Cc1ccc(N)nc1,33.76,7.471597562046383,1,470.5770000000003
CCc1ncnc(-c2ccc(C(=O)N3CC[C@@H](O)C3)c(C)c2)c1C#Cc1ccc(N)nc1,28.7,7.542118103266008,1,427.5080000000002
CCc1ncnc(-c2ccc(C(=O)N3CC[C@@H](O)C3)c(Cl)c2)c1C#Cc1ccc(N)nc1,3.9699999999999998,8.401209493236886,1,447.92600000000016
CCc1ncnc(-c2ccc(C(=O)N3CC[C@@H](O)C3)c(F)c2)c1C#Cc1ccc(N)nc1,2.0,8.698970004336019,1,431.4710000000002
CCc1ncnc(-c2ccc(C(=O)N3CC[C@H](N(C)C)C3)c(C)c2)c1C#Cc1ccc(N)nc1,11.05,7.95663772197887,1,454.57800000000026
CCc1ncnc(-c2ccc(C(=O)N3CC[C@H](N(C)C)C3)c(Cl)c2)c1C#Cc1ccc(N)nc1,2.87,8.542118103266008,1,474.9960000000002
CCc1ncnc(-c2ccc(C(=O)N3CC[C@H](N(C)C)C3)c(Cl)c2)c1C#Cc1ccc(NC)nc1,5.16,8.287350298372788,1,489.0230000000002
CCc1ncnc(-c2ccc(C(=O)N3CC[C@H](N(C)C)C3)c(F)c2)c1C#Cc1ccc(N)nc1,18.0,7.7447274948966935,1,458.5410000000002
CCc1ncnc(-c2ccc(C(=O)N3CC[C@H](N(C)C)C3)c(F)c2)c1C#Cc1ccc(NC)nc1,2.44,8.61261017366127,1,472.5680000000002
CCc1ncnc(-c2ccc(C(=O)N3CC[C@H](N(C)C)C3)c(OC)c2)c1C#Cc1ccc(N)nc1,61.95,7.207958689287918,1,470.5770000000003
CCc1ncnc(-c2ccc(C(=O)N3CC[C@H](O)C3)c(C)c2)c1C#Cc1ccc(N)nc1,8.91,8.050122295963126,1,427.5080000000002
CCc1ncnc(-c2ccc(C(=O)N3CC[C@H](O)C3)c(Cl)c2)c1C#Cc1ccc(N)nc1,1.995,8.700057099977233,1,447.92600000000016
CCc1ncnc(-c2ccc(C(=O)N3CC[C@H](O)C3)c(F)c2)c1C#Cc1ccc(N)nc1,1.0,9.0,1,431.4710000000002
CCc1ncnc(-c2ccc(C(=O)N3CC[S+]([O-])CC3)c(C)c2)c1C#Cc1ccc(N)nc1,5.86,8.232102383981909,1,459.5750000000003
CCc1ncnc(-c2ccc(C(=O)N3CC[S+]([O-])CC3)c(Cl)c2)c1C#Cc1ccc(N)nc1,2.75,8.560667306169737,1,479.9930000000003
CCc1ncnc(-c2ccc(C(=O)N3CC[S+]([O-])CC3)c(F)c2)c1C#Cc1ccc(N)nc1,3.0,8.522878745280337,1,463.53800000000024
CCc1ncnc(-c2ccc(C(=O)N3CCc4ncccc4C3)c(F)c2)c1C#Cc1ccc(N)nc1,1.09,8.962573502059376,1,478.53100000000023
CCc1ncnc(-c2ccc(C(=O)N3CCn4c(C)cnc4C3)c(Cl)c2)c1C#Cc1ccc(N)nc1,0.97,9.013228265733755,1,497.99000000000024
CCc1ncnc(-c2ccc(C(=O)N3CCn4c(C)cnc4C3)c(F)c2)c1C#Cc1ccc(N)nc1,0.8,9.096910013008056,1,481.5350000000002
CCc1ncnc(-c2ccc(C(=O)N3CCn4c(COC)nnc4C3)c(F)c2)c1C#Cc1ccc(N)nc1,2.22,8.653647025549361,1,512.5490000000003
CCc1ncnc(-c2ccc(C(=O)N3CCn4ccnc4C3)c(Cl)c2)c1C#Cc1ccc(N)nc1,0.67,9.173925197299173,1,483.9630000000002
CCc1ncnc(-c2ccc(C(=O)N3CCn4ccnc4C3)c(F)c2)c1C#Cc1ccc(N)nc1,1.75,8.756961951313706,1,467.5080000000002
CCc1ncnc(-c2ccc(C(=O)N3CCn4cnnc4C3)c(Cl)c2)c1C#Cc1ccc(N)nc1,0.46,9.337242168318426,1,484.95100000000025
CCc1ncnc(-c2ccc(C(=O)N3CCn4cnnc4C3)c(F)c2)c1C#Cc1ccc(N)nc1,1.18,8.928117992693874,1,468.4960000000002
CCc1ncnc(-c2ccc(C(=O)N3C[C@@H]4CCN(C(=O)OC(C)(C)C)[C@@H]4C3)c(F)c2)c1C#Cc1ccc(N)nc1,5.0,8.301029995663981,1,556.6420000000002
CCc1ncnc(-c2ccc(C(=O)N3C[C@@H]4CCN[C@@H]4C3)c(F)c2)c1C#Cc1ccc(N)nc1,26.53,7.576262750017671,1,456.5250000000002
CCc1ncnc(-c2ccc(C(=O)N3C[C@H]4CN(C(=O)OC(C)(C)C)C[C@H]4C3)c(F)c2)c1C#Cc1ccc(N)nc1,4.43,8.35359627377693,1,556.6420000000002
CCc1ncnc(-c2ccc(C(=O)N3C[C@H]4CNC[C@H]4C3)c(F)c2)c1C#Cc1ccc(N)nc1,32.58,7.48704892002751,1,456.5250000000002
CCc1ncnc(-c2ccc(C(=O)N3C[C@H]4C[C@@H]3CN4C)c(F)c2)c1C#Cc1ccc(N)nc1,20.91,7.679645967182328,1,456.52500000000015
CCc1ncnc(-c2ccc(C(=O)N3[C@@H]4C[C@H]3N4C)c(F)c2)c1C#Cc1ccc(N)nc1,21.0,7.6777807052660805,1,428.4710000000002
CCc1ncnc(-c2ccc(C(=O)NC)c(Cl)c2)c1C#Cc1ccc(C)nc1,18.0,7.7447274948966935,1,390.87400000000014
CCc1ncnc(-c2ccc(C(=O)NC)c(Cl)c2)c1C#Cc1ccc(N)nc1,5.0,8.301029995663981,1,391.86200000000014
CCc1ncnc(-c2ccc(C(=O)NC)c(F)c2)c1C#Cc1ccc(N)nc1,8.0,8.096910013008056,1,375.40700000000015
CCc1ncnc(-c2ccc(C(=O)NC3CC(C)(C)N(C)C(C)(C)C3)c(F)c2)c1C#Cc1ccc(N)nc1,16.0,7.795880017344075,1,514.6490000000003
CCc1ncnc(-c2ccc(C(=O)NC3CC(C)(C)NC(C)(C)C3)c(F)c2)c1C#Cc1ccc(N)nc1,18.0,7.7447274948966935,1,500.62200000000024
CCc1ncnc(-c2ccc(C(=O)NC3CC(N4CCC(N5CCCC5)CC4)C3)c(F)c2)c1C#Cc1ccc(N)nc1,8.0,8.096910013008056,1,567.7130000000003
CCc1ncnc(-c2ccc(C(=O)NC3CC(N4CCCC4)C3)c(F)c2)c1C#Cc1ccc(N)nc1,11.0,7.958607314841775,1,484.57900000000035
CCc1ncnc(-c2ccc(C(=O)NC3CC(N4CCCCC4)C3)c(F)c2)c1C#Cc1ccc(N)nc1,10.0,8.0,1,498.6060000000004
CCc1ncnc(-c2ccc(C(=O)NC3CC(N4CCN(C)CC4)C3)c(F)c2)c1C#Cc1ccc(N)nc1,3.0,8.522878745280337,1,513.6210000000004
CCc1ncnc(-c2ccc(C(=O)NC3CC(N4CCN(O)CC4)C3)c(F)c2)c1C#Cc1ccc(N)nc1,13.0,7.886056647693163,1,515.5930000000004
CCc1ncnc(-c2ccc(C(=O)NC3CCCN(C)C3)c(C)c2)c1C#Cc1ccc(N)nc1,3.43,8.46470587995723,1,454.57800000000026
CCc1ncnc(-c2ccc(C(=O)NC3CCCN(C)C3)c(Cl)c2)c1C#Cc1ccc(N)nc1,56.754999999999995,7.245995871989368,1,474.9960000000002
CCc1ncnc(-c2ccc(C(=O)NC3CCCN(C)C3)c(F)c2)c1C#Cc1ccc(N)nc1,31.0,7.508638306165727,1,458.5410000000002
CCc1ncnc(-c2ccc(C(=O)NC3CCCN(C4CCN(C)CC4)C3)c(F)c2)c1C#Cc1ccc(N)nc1,28.0,7.552841968657781,1,541.6750000000003
CCc1ncnc(-c2ccc(C(=O)NC3CCN(C)C3)c(F)c2)c1C#Cc1ccc(N)nc1,15.0,7.823908740944319,1,444.5140000000002
CCc1ncnc(-c2ccc(C(=O)NC3CCN(C)CC3)c(F)c2)c1C#Cc1ccc(N)nc1,30.0,7.522878745280337,1,458.5410000000002
CCc1ncnc(-c2ccc(C(=O)NC3CCN(C4CCN(C)CC4)C3)c(F)c2)c1C#Cc1ccc(N)nc1,7.0,8.154901959985743,1,527.6480000000004
CCc1ncnc(-c2ccc(C(=O)NC3CCN(CCOC)CC3)c(F)c2)c1C#Cc1ccc(N)nc1,11.0,7.958607314841775,1,502.59400000000034
CCc1ncnc(-c2ccc(C(=O)NC3CCS(=O)(=O)C3)c(F)c2)c1C#Cc1ccc(N)nc1,5.0,8.301029995663981,1,479.53700000000026
CCc1ncnc(-c2ccc(C(=O)NCC(O)CN(C)C)c(F)c2)c1C#Cc1ccc(N)nc1,19.0,7.721246399047171,1,462.5290000000002
CCc1ncnc(-c2ccc(C(=O)NCC3(C)COC3)c(C)c2)c1C#Cc1ccc(N)nc1,16.74,7.776244546342759,1,441.53500000000025
CCc1ncnc(-c2ccc(C(=O)NCC3(C)COC3)c(Cl)c2)c1C#Cc1ccc(N)nc1,6.995,8.155212281172153,1,461.9530000000002
CCc1ncnc(-c2ccc(C(=O)NCC3(C)COC3)c(F)c2)c1C#Cc1ccc(N)nc1,1.0,9.0,1,445.4980000000002
CCc1ncnc(-c2ccc(C(=O)NCC3CCCN(C)C3)c(F)c2)c1C#Cc1ccc(N)nc1,33.0,7.481486060122112,1,472.5680000000002
CCc1ncnc(-c2ccc(C(=O)NCC3CCN(C)C3)c(F)c2)c1C#Cc1ccc(N)nc1,33.0,7.481486060122112,1,458.5410000000002
CCc1ncnc(-c2ccc(C(=O)NCC3CCN(C)CC3)c(F)c2)c1C#Cc1ccc(N)nc1,28.0,7.552841968657781,1,472.56800000000027
CCc1ncnc(-c2ccc(C(=O)NCC3CCNCC3)c(F)c2)c1C#Cc1ccc(N)nc1,6.8,8.167491087293763,1,458.5410000000002
CCc1ncnc(-c2ccc(C(=O)NCCN3CCCC3=O)c(F)c2)c1C#Cc1ccc(N)nc1,5.0,8.301029995663981,1,472.5240000000002
CCc1ncnc(-c2ccc(C(=O)NCCN3CCNCC3)c(F)c2)c1C#Cc1ccc(N)nc1,66.44,7.177570376220643,1,473.5560000000002
CCc1ncnc(-c2ccc(C(=O)NCCN3CCOCC3)c(C)c2)c1C#Cc1ccc(N)nc1,5.98,8.223298816011589,1,470.5770000000003
CCc1ncnc(-c2ccc(C(=O)NCCN3CCOCC3)c(Cl)c2)c1C#Cc1ccc(N)nc1,3.8,8.42021640338319,1,490.99500000000023
CCc1ncnc(-c2ccc(C(=O)NCCN3CCOCC3)c(F)c2)c1C#Cc1ccc(N)nc1,4.0,8.397940008672037,1,474.54000000000025
CCc1ncnc(-c2ccc(C(=O)NCCN3CCOCC3)c(OC)c2)c1C#Cc1ccc(N)nc1,21.85,7.660548558693559,1,486.5760000000003
CCc1ncnc(-c2ccc(C(=O)NCCOC)c(Cl)c2)c1C#Cc1ccc(N)nc1,3.0,8.522878745280337,1,435.9150000000002
CCc1ncnc(-c2ccc(C(=O)NC[C@H]3CCCN3CC)c(F)c2)c1C#Cc1ccc(N)nc1,46.0,7.337242168318426,1,472.5680000000002
CCc1ncnc(-c2ccc(C(C)(C)C#N)cc2)c1C#Cc1ccc(N)nc1,24.0,7.619788758288394,1,367.45600000000013
CCc1ncnc(-c2ccc(C(F)(F)F)nc2)c1C#Cc1ccc(N)nc1,50.0,7.301029995663981,1,369.3500000000001
CCc1ncnc(-c2ccc(C)nc2)c1C#Cc1ccc(N)nc1,22.0,7.657577319177793,1,315.38000000000005
CCc1ncnc(-c2ccc(C3CC3)nc2)c1C#Cc1ccc(N)nc1,32.0,7.494850021680094,1,341.41800000000006
CCc1ncnc(-c2ccc(Cl)c(C(=O)N(C)C)c2)c1C#Cc1ccc(N)nc1,4.0,8.397940008672037,1,405.8890000000002
CCc1ncnc(-c2ccc(Cl)c(C(=O)N(CC)CC)c2)c1C#Cc1ccc(N)nc1,17.0,7.769551078621726,1,433.9430000000002
CCc1ncnc(-c2ccc(Cl)c(C(=O)N3CCCCC3)c2)c1C#Cc1ccc(N)nc1,28.0,7.552841968657781,1,445.9540000000003
CCc1ncnc(-c2ccc(Cl)c(C(=O)NC)c2)c1C#Cc1ccc(N)nc1,31.0,7.508638306165727,1,391.86200000000014
CCc1ncnc(-c2ccc(F)c(C(=O)N(C)C)c2)c1C#Cc1ccc(N)nc1,20.0,7.698970004336019,1,389.43400000000014
CCc1ncnc(-c2ccc(F)c(C(=O)N3CCOCC3)c2)c1C#Cc1ccc(N)nc1,31.0,7.508638306165727,1,431.47100000000023
CCc1ncnc(-c2ccc(N(C)C)nc2)c1C#Cc1ccc(N)nc1,79.0,7.102372908709558,1,344.4220000000001
CCc1ncnc(-c2ccc(N3CCOCC3)nc2)c1C#Cc1ccc(N)nc1,41.0,7.3872161432802645,1,386.4590000000001
CCc1ncnc(-c2ccc(OC)nc2)c1C#Cc1ccc(N)nc1,51.0,7.292429823902063,1,331.379
CCc1ncnc(-c2ccc(S(C)(=O)=O)cc2)c1C#Cc1ccc(C)nc1,69.0,7.161150909262744,1,377.46900000000016
CCc1ncnc(-c2ccc(S(C)(=O)=O)cc2)c1C#Cc1ccc(N)nc1,18.0,7.7447274948966935,1,378.45700000000016
CCc1ncnc(-c2cccc(C(=O)N(CC)CC)c2)c1C#Cc1ccc(N)nc1,109.0,6.962573502059376,1,399.4980000000001
CCc1ncnc(-c2cccc(C(=O)NC)c2)c1C#Cc1ccc(N)nc1,44.0,7.356547323513812,1,357.4170000000001
CCc1ncnc(-c2ccccc2)c1C#Cc1ccc(N)nc1,64.0,7.1938200260161125,1,300.36500000000007
CCc1ncnc(-c2ccnc(C)c2)c1C#Cc1ccc(N)nc1,20.0,7.698970004336019,1,315.38000000000005
CCc1ncnc(-c2ccnc(OC)c2)c1C#Cc1ccc(N)nc1,34.0,7.468521082957745,1,331.379
CCc1ncnc(-c2cnc3ccccc3c2)c1C#Cc1ccc(N)nc1,34.0,7.468521082957745,1,351.41300000000007
CCc1ncnc(N2CCC(=O)CC2)c1C#Cc1ccc(N)nc1,28.0,7.552841968657781,1,321.384
CCc1ncnc(N2CCC(C(C)(C)O)CC2)c1C#Cc1ccc(N)nc1,7.0,8.154901959985743,1,365.4810000000001
CCc1ncnc(N2CCC(C(F)(F)F)CC2)c1C#Cc1ccc(N)nc1,9.0,8.045757490560675,1,375.3980000000001
CCc1ncnc(N2CCC(C)(O)CC2)c1C#Cc1ccc(C)nc1,30.0,7.522878745280337,1,336.439
CCc1ncnc(N2CCC(C)(O)CC2)c1C#Cc1ccc(N)nc1,6.0,8.221848749616356,1,337.427
CCc1ncnc(N2CCC(C)(OC)CC2)c1C#Cc1ccc(N)nc1,5.0,8.301029995663981,1,351.45400000000006
CCc1ncnc(N2CCC(C=C(C)C)CC2)c1C#Cc1ccc(N)nc1,64.0,7.1938200260161125,1,361.4930000000001
CCc1ncnc(N2CCC(CC(C)(C)O)CC2)c1C#Cc1ccc(N)nc1,9.0,8.045757490560675,1,379.5080000000001
CCc1ncnc(N2CCC(CCO)CC2)c1C#Cc1ccc(C)nc1,67.0,7.173925197299173,1,350.46600000000007
CCc1ncnc(N2CCC(CCO)CC2)c1C#Cc1ccc(N)nc1,5.0,8.301029995663981,1,351.45400000000006
CCc1ncnc(N2CCC(CO)CC2)c1C#Cc1ccc(C)nc1,70.0,7.154901959985743,1,336.439
CCc1ncnc(N2CCC(CO)CC2)c1C#Cc1ccc(N)nc1,10.0,8.0,1,337.427
CCc1ncnc(N2CCC(COC)CC2)c1C#Cc1ccc(N)nc1,19.0,7.721246399047171,1,351.45400000000006
CCc1ncnc(N2CCC(F)(F)CC2)c1C#Cc1ccc(N)nc1,31.0,7.508638306165727,1,343.38100000000003
CCc1ncnc(N2CCC(NC(C)=O)CC2)c1C#Cc1ccc(N)nc1,19.0,7.721246399047171,1,364.4530000000001
CCc1ncnc(N2CCC(O)(C(C)C)CC2)c1C#Cc1ccc(C)nc1,23.0,7.638272163982407,1,364.4930000000001
CCc1ncnc(N2CCC(O)(C(C)C)CC2)c1C#Cc1ccc(N)nc1,0.61,9.214670164989233,1,365.4810000000001
CCc1ncnc(N2CCC(O)(C(F)(F)F)CC2)c1C#Cc1ccc(C)nc1,37.0,7.431798275933005,1,390.40900000000016
CCc1ncnc(N2CCC(O)(C(F)(F)F)CC2)c1C#Cc1ccc(N)nc1,1.0,9.0,1,391.39700000000016
CCc1ncnc(N2CCC(O)(C3CCCCC3)CC2)c1C#Cc1ccc(N)nc1,16.0,7.795880017344075,1,405.54600000000016
CCc1ncnc(N2CCC(O)(CC)CC2)c1C#Cc1ccc(C)nc1,51.0,7.292429823902063,1,350.46600000000007
CCc1ncnc(N2CCC(O)(CC)CC2)c1C#Cc1ccc(N)nc1,4.0,8.397940008672037,1,351.45400000000006
CCc1ncnc(N2CCC(O)(Cc3ccccc3)CC2)c1C#Cc1ccc(N)nc1,74.0,7.130768280269024,1,413.52500000000026
CCc1ncnc(N2CCC(O)(c3ccccc3)CC2)c1C#Cc1ccc(N)nc1,7.0,8.154901959985743,1,399.4980000000002
CCc1ncnc(N2CCC(O)C(C)C2)c1C#Cc1ccc(N)nc1,10.0,8.0,1,337.4270000000001
CCc1ncnc(N2CCC(O)CC2)c1C#Cc1ccc(C)nc1,141.0,6.85078088734462,1,322.41200000000003
CCc1ncnc(N2CCC(O)CC2)c1C#Cc1ccc(N)nc1,14.0,7.853871964321762,1,323.40000000000003
CCc1ncnc(N2CCC(O)CC2)c1C#Cc1ccc(NC)nc1,20.0,7.698970004336019,1,337.427
CCc1ncnc(N2CCC(OC)CC2)c1C#Cc1ccc(C)nc1,122.0,6.913640169325252,1,336.439
CCc1ncnc(N2CCC(OC)CC2)c1C#Cc1ccc(N)nc1,10.0,8.0,1,337.427
CCc1ncnc(N2CCC(OC)CC2)c1C#Cc1ccc(NC)nc1,9.0,8.045757490560675,1,351.454
CCc1ncnc(N2CCC(OCCOC)CC2)c1C#Cc1ccc(N)nc1,36.0,7.443697499232712,1,381.4800000000001
CCc1ncnc(N2CCC3(CC2)CC(=O)NC(=O)C3)c1C#Cc1ccc(N)nc1,5.0,8.301029995663981,1,404.47400000000016
CCc1ncnc(N2CCC3(CC2)COC3)c1C#Cc1ccc(N)nc1,15.0,7.823908740944319,1,349.43800000000005
CCc1ncnc(N2CCC3(CC2)OCCCO3)c1C#Cc1ccc(N)nc1,4.0,8.397940008672037,1,379.46400000000006
CCc1ncnc(N2CCC3(CC2)OCCO3)c1C#Cc1ccc(N)nc1,4.0,8.397940008672037,1,365.43700000000007
CCc1ncnc(N2CCC3(CCCCC3)CC2)c1C#Cc1ccc(N)nc1,333.0,6.47755576649368,1,375.52000000000004
CCc1ncnc(N2CCC3(CCN(C(=O)COC)CC3)CC2)c1C#Cc1ccc(N)nc1,32.0,7.494850021680094,1,448.5710000000003
CCc1ncnc(N2CCC3(CCN(C(=O)NC)CC3)CC2)c1C#Cc1ccc(N)nc1,35.0,7.455931955649724,1,433.5600000000003
CCc1ncnc(N2CCC3(CCN(C(C)=O)CC3)CC2)c1C#Cc1ccc(N)nc1,30.0,7.522878745280337,1,418.54500000000024
CCc1ncnc(N2CCC3(CCN(C)C3=O)CC2)c1C#Cc1ccc(N)nc1,8.0,8.096910013008056,1,390.49100000000016
CCc1ncnc(N2CCC3(CCN(C)CC3)CC2)c1C#Cc1ccc(N)nc1,29.0,7.5376020021010435,1,390.53500000000014
CCc1ncnc(N2CCC3(CCNC3=O)CC2)c1C#Cc1ccc(N)nc1,30.0,7.522878745280337,1,376.4640000000001
CCc1ncnc(N2CCCC(CO)C2)c1C#Cc1ccc(C)nc1,108.0,6.966576244513051,1,336.439
CCc1ncnc(N2CCCC(CO)C2)c1C#Cc1ccc(N)nc1,28.0,7.552841968657781,1,337.427
CCc1ncnc(N2CCCC(NC(C)=O)C2)c1C#Cc1ccc(N)nc1,16.0,7.795880017344075,1,364.4530000000001
CCc1ncnc(N2CCCC2)c1C#Cc1ccc(N)nc1,42.0,7.376750709602099,1,293.37399999999997
CCc1ncnc(N2CCCCC2)c1C#Cc1ccc(NC)nc1,55.0,7.259637310505756,1,321.428
CCc1ncnc(N2CCN(C(=O)C3CC3)CC2)c1C#Cc1ccc(N)nc1,113.0,6.94692155651658,1,376.4640000000001
CCc1ncnc(N2CCN(C(=O)CC#N)CC2)c1C#Cc1ccc(N)nc1,91.0,7.040958607678906,1,375.4360000000001
CCc1ncnc(N2CCN(C(=O)N3CCOCC3)CC2)c1C#Cc1ccc(N)nc1,22.0,7.657577319177793,1,421.5050000000002
CCc1ncnc(N2CCN(C(=O)NC)CC2)c1C#Cc1ccc(N)nc1,84.0,7.075720713938118,1,365.4410000000001
CCc1ncnc(N2CCN(C(=O)OC)CC2)c1C#Cc1ccc(N)nc1,101.0,6.995678626217358,1,366.42500000000007
CCc1ncnc(N2CCN(C(=O)c3ccccc3)CC2)c1C#Cc1ccc(N)nc1,157.0,6.804100347590766,1,412.49700000000024
CCc1ncnc(N2CCN(C(=O)c3ccccn3)CC2)c1C#Cc1ccc(N)nc1,90.0,7.045757490560675,1,413.48500000000024
CCc1ncnc(N2CCN(C(=O)c3ccco3)CC2)c1C#Cc1ccc(N)nc1,60.0,7.221848749616356,1,402.45800000000025
CCc1ncnc(N2CCN(C(C)=O)CC2)c1C#Cc1ccc(N)nc1,32.0,7.494850021680094,1,350.42600000000004
CCc1ncnc(N2CCN(C(C)C)CC2)c1C#Cc1ccc(N)nc1,91.0,7.040958607678906,1,350.4700000000001
CCc1ncnc(N2CCN(C)C(=O)C2)c1C#Cc1ccc(N)nc1,37.0,7.431798275933005,1,336.399
CCc1ncnc(N2CCN(C)CC2)c1C#Cc1ccc(N)nc1,57.0,7.2441251443275085,1,322.416
CCc1ncnc(N2CCN(C3CC3)CC2)c1C#Cc1ccc(N)nc1,43.0,7.366531544420414,1,348.454
CCc1ncnc(N2CCN(C3CCN(C)CC3)CC2)c1C#Cc1ccc(N)nc1,1569.0,5.804377056413063,0,405.5500000000002
CCc1ncnc(N2CCN(C3CCOCC3)CC2)c1C#Cc1ccc(N)nc1,77.0,7.113509274827518,1,392.5070000000001
CCc1ncnc(N2CCN(C3COC3)CC2)c1C#Cc1ccc(N)nc1,47.0,7.327902142064283,1,364.4530000000001
CCc1ncnc(N2CCN(CC(C)(C)O)CC2)c1C#Cc1ccc(N)nc1,7.0,8.154901959985743,1,380.4960000000001
CCc1ncnc(N2CCN(CC(C)O)CC2)c1C#Cc1ccc(N)nc1,51.0,7.292429823902063,1,366.4690000000001
CCc1ncnc(N2CCN(CCCS(C)(=O)=O)CC2)c1C#Cc1ccc(N)nc1,25.0,7.6020599913279625,1,428.56200000000024
CCc1ncnc(N2CCN(CCN3CCOCC3)CC2)c1C#Cc1ccc(N)nc1,127.0,6.896196279044043,1,421.5490000000002
CCc1ncnc(N2CCN(CCNS(C)(=O)=O)CC2)c1C#Cc1ccc(N)nc1,18.0,7.7447274948966935,1,429.5500000000003
CCc1ncnc(N2CCN(CCOC)CC2)c1C#Cc1ccc(N)nc1,26.0,7.585026652029182,1,366.46900000000005
CCc1ncnc(N2CCN(Cc3nc(C)c(C)o3)CC2)c1C#Cc1ccc(N)nc1,258.0,6.58838029403677,1,417.5170000000002
CCc1ncnc(N2CCN(S(C)(=O)=O)CC2)c1C#Cc1ccc(N)nc1,16.0,7.795880017344075,1,386.48100000000017
CCc1ncnc(N2CCN(c3ccccc3)CC2)c1C#Cc1ccc(N)nc1,89.0,7.050609993355087,1,384.48700000000014
CCc1ncnc(N2CCN(c3ccccc3C(F)(F)F)CC2)c1C#Cc1ccc(N)nc1,2000.0,5.698970004336019,0,452.48400000000026
CCc1ncnc(N2CCN(c3ccccn3)CC2)c1C#Cc1ccc(N)nc1,33.0,7.481486060122112,1,385.4750000000002
CCc1ncnc(N2CCN(c3cccnc3)CC2)c1C#Cc1ccc(N)nc1,14.0,7.853871964321762,1,385.4750000000002
CCc1ncnc(N2CCN(c3ccncc3)CC2)c1C#Cc1ccc(N)nc1,49.0,7.309803919971486,1,385.4750000000002
CCc1ncnc(N2CCN(c3ncccn3)CC2)c1C#Cc1ccc(N)nc1,14.0,7.853871964321762,1,386.4630000000002
CCc1ncnc(N2CCNC(=O)C2)c1C#Cc1ccc(N)nc1,45.0,7.346787486224656,1,322.372
CCc1ncnc(N2CCNC(=O)CC2)c1C#Cc1ccc(N)nc1,14.0,7.853871964321762,1,336.399
CCc1ncnc(N2CCOC(C)(C)C2)c1C#Cc1ccc(N)nc1,30.0,7.522878745280337,1,337.427
CCc1ncnc(N2CCOCC2)c1C#Cc1ccc(N)nc1,93.0,7.031517051446065,1,309.373
CCc1ncnc(N2CCS(=O)(=O)CC2)c1C#Cc1ccc(N)nc1,12.0,7.920818753952375,1,357.4390000000001
CCc1ncnc(N2CC[S+]([O-])CC2)c1C#Cc1ccc(N)nc1,28.0,7.552841968657781,1,341.44000000000005
CCc1ncnc(N2CCc3c(ncnc3N3CCOCC3)C2)c1C#Cc1ccc(N)nc1,139.0,6.856985199745905,1,442.52700000000027
CCc1ncnc(N2CCc3cc(OC)c(OC)cc3C2)c1C#Cc1ccc(N)nc1,83.0,7.080921907623926,1,415.4970000000002
CCc1ncnc(N2CCc3ccccc3C2)c1C#Cc1ccc(N)nc1,68.0,7.167491087293763,1,355.4450000000001
CCc1ncnc(N2CCc3ncccc3C2)c1C#Cc1ccc(N)nc1,67.0,7.173925197299173,1,356.4330000000001
CCc1ncnc(N2CCc3ncncc3C2)c1C#Cc1ccc(N)nc1,27.0,7.568636235841013,1,357.4210000000001
CCc1ncnc(N2CCn3c(C)cnc3C2)c1C#Cc1ccc(N)nc1,31.0,7.508638306165727,1,359.43700000000007
CCc1ncnc(N2CCn3c(COC)nnc3C2)c1C#Cc1ccc(N)nc1,138.0,6.860120913598763,1,390.4510000000002
CCc1noc(-c2cc(-c3cc(S(=O)(=O)NCC(C)(C)O)ccc3C)cnc2N)n1,10000.0,5.0,0,431.51800000000014
CCn1c(=O)c(-c2cc[nH]n2)cc2c(C)nc(N)nc21,156.0,6.806875401645538,1,270.296
CCn1c(Cc2nc(N3CCOCC3)cc(=O)[nH]2)nc2ccccc21,10000.0,5.0,0,339.399
CCn1cc(-c2cc3c(cc2OC)ncc2c3n(-c3c(C)cncc3F)c(=O)n2C)cn1,30000.0,4.522878745280337,0,432.4590000000001
CCn1cc(-c2cc3c(cc2OC)ncc2c3n(-c3c(F)cncc3F)c(=O)n2C)cn1,30000.0,4.522878745280337,0,436.4220000000001
CCn1cc(-c2cc3c(cc2OC)ncc2c3n(-c3c(F)cncc3OC)c(=O)n2C)cn1,10000.0,5.0,0,448.45800000000014
CCn1cc(-c2cc3c(cc2OC)ncc2c3n(-c3ccncc3)c(=O)n2C)cn1,30000.0,4.522878745280337,0,400.44200000000006
CCn1cc(-c2cc3c(cc2OC)ncc2c3n(-c3ccncc3C)c(=O)n2C)cn1,30000.0,4.522878745280337,0,414.4690000000001
CCn1cc(-c2cc3c(cc2OC)ncc2c3n(-c3ccncc3F)c(=O)n2C)cn1,30000.0,4.522878745280337,0,418.4320000000001
CCn1cc(-c2cc3c(cc2OC)ncc2c3n(-c3cn(C)nc3C)c(=O)n2C)cn1,5000.0,5.301029995663981,0,417.4730000000001
CCn1cc(-c2cc3c(cc2OC)ncc2c3n(-c3ncccc3F)c(=O)n2C)cn1,30000.0,4.522878745280337,0,418.4320000000001
CCn1cc(/C=C2\Oc3cccc(O)c3C2=O)c2c(-c3ccc(C(=O)N4CCN(CCO)CC4)cc3)ccnc21,4.55,8.341988603342887,1,538.6040000000003
CCn1ccc2c(N3CCOCC3)nc(-c3ccc(NC(=O)Nc4ccc(C(=O)N5CCN(C)CC5)cc4)cc3)nc21,1.4,8.853871964321762,1,568.6820000000002
CCn1ccc2c(N3CCOCC3)nc(-c3ccc(NC(=O)Nc4ccc(C(=O)N5CCNCC5)cc4)cc3)nc21,0.9,9.045757490560675,1,554.6550000000002
CCn1ccc2c(N3CCOCC3)nc(-c3ccc(NC(=O)Nc4ccc(C(=O)NCCN(C)C)cc4)cc3)nc21,0.5,9.301029995663981,1,556.6710000000002
CCn1cccc([C@H]2COC(=O)N2c2ccn3ncc(-c4ccc(-c5nc[nH]n5)c(F)c4)c3n2)c1=O,49.5,7.305394801066432,1,486.4670000000002
CCn1nc(-c2ccc(OC)c(O)c2)c2c(N)ncnc21,20.0,7.698970004336019,1,285.30699999999996
CCn1nc(C#Cc2cc(C(=O)Nc3ccc(CN4CCN(C)CC4)c(C(F)(F)F)c3)ccc2C)c2c(N)ncnc21,10000.0,5.0,0,576.6270000000001
CCn1ncc2c(N3CC4CCC(C3)O4)nc(-c3ccc(NC(=O)NC)cc3)nc21,0.74,9.130768280269024,1,407.47800000000007
CCn1ncc2c(N3CC4CCC(C3)O4)nc(-c3ccc(NC(=O)NCCN(C)C)cc3)nc21,51.0,7.292429823902063,1,464.5740000000002
CCn1ncc2c(N3CC4CCC(C3)O4)nc(-c3ccc(NC(=O)Nc4ccc(C(=O)NN(C)C)cc4)cc3)nc21,0.3,9.522878745280337,1,555.6430000000001
CCn1ncc2c(N3CC4CCC(C3)O4)nc(-c3ccc(NC(=O)Nc4ccc(C(=O)NN5CCCC5)cc4)cc3)nc21,0.2,9.698970004336019,1,581.6810000000003
CCn1ncc2c(N3CC4CCC(C3)O4)nc(-c3ccc(NC(=O)Nc4ccc(CCO)cc4)cc3)nc21,0.1,10.0,1,513.6020000000002
CCn1ncc2c(N3CC4CCC(C3)O4)nc(-c3ccc(NC(=O)Nc4ccc(CN(C)C)cc4)cc3)nc21,1.1,8.958607314841775,1,526.6450000000001
CCn1ncc2c(N3CC4CCC(C3)O4)nc(-c3ccc(NC(=O)Nc4ccc(CN)cc4)cc3)nc21,0.2,9.698970004336019,1,498.5910000000002
CCn1ncc2c(N3CC4CCC(C3)O4)nc(-c3ccc(NC(=O)Nc4ccc(CN5CCN(C)CC5)cc4)cc3)nc21,0.7,9.154901959985743,1,581.7250000000003
CCn1ncc2c(N3CC4CCC(C3)O4)nc(-c3ccc(NC(=O)Nc4ccc(CO)cc4)cc3)nc21,0.1,10.0,1,499.57500000000016
CCn1ncc2c(N3CC4CCC(C3)O4)nc(-c3ccc(NC(=O)Nc4ccc(N(C)C)nc4)cc3)nc21,1.5,8.823908740944319,1,513.6060000000001
CCn1ncc2c(N3CC4CCC(C3)O4)nc(-c3ccc(NC(=O)Nc4ccc(N(C)CCN(C)C)cc4)cc3)nc21,0.9,9.045757490560675,1,569.7140000000002
CCn1ncc2c(N3CC4CCC(C3)O4)nc(-c3ccc(NC(=O)Nc4ccc(N5CCCC5)cc4)cc3)nc21,6.0,8.221848749616356,1,538.6560000000002
CCn1ncc2c(N3CC4CCC(C3)O4)nc(-c3ccc(NC(=O)Nc4ccc(N5CCN(C)CC5)cc4)cc3)nc21,0.3,9.522878745280337,1,567.6980000000002
CCn1ncc2c(N3CC4CCC(C3)O4)nc(-c3ccc(NC(=O)Nc4ccc(N5CCN(C)CC5)nc4)cc3)nc21,0.7,9.154901959985743,1,568.6860000000003
CCn1ncc2c(N3CC4CCC(C3)O4)nc(-c3ccc(NC(=O)Nc4ccc(N5CCOCC5)cc4)cc3)nc21,0.2,9.698970004336019,1,554.6550000000002
CCn1ncc2c(N3CC4CCC(C3)O4)nc(-c3ccc(NC(=O)Nc4ccc(N5CCOCC5)nc4)cc3)nc21,0.3,9.522878745280337,1,555.6430000000003
CCn1ncc2c(N3CC4CCC(C3)O4)nc(-c3ccc(NC(=O)Nc4ccc(NC)nc4)cc3)nc21,0.9,9.045757490560675,1,499.5790000000001
CCn1ncc2c(N3CC4CCC(C3)O4)nc(-c3ccc(NC(=O)Nc4ccc(NCCN(C)C)cc4)cc3)nc21,1.7,8.769551078621726,1,555.6870000000001
CCn1ncc2c(N3CC4CCC(C3)O4)nc(-c3ccc(NC(=O)Nc4ccc(OCCN(C)C)cc4)cc3)nc21,0.8,9.096910013008056,1,556.6710000000002
CCn1ncc2c(N3CC4CCC(C3)O4)nc(-c3ccc(NC(=O)Nc4ccc(OCCN5CCOCC5)nc4)cc3)nc21,1.0,9.0,1,599.6960000000001
CCn1ncc2c(N3CC4CCC(C3)O4)nc(-c3ccc(NC(=O)Nc4ccccc4)cc3)nc21,0.3,9.522878745280337,1,469.5490000000001
CCn1ncc2c(N3CC4CCC(C3)O4)nc(-c3ccc(NC(=O)Nc4cccnc4)cc3)nc21,0.1,10.0,1,470.5370000000001
CCn1nnc(CCNC(=O)Nc2nc(C)c(-c3ccc(S(C)(=O)=O)c(F)c3)s2)n1,9100.0,5.040958607678906,0,453.52500000000015
CCn1nnc2c(N3CCOCC3)nc(-c3ccc(NC(=O)Nc4ccc(C(=O)N(C)C)cc4)cc3)nc21,0.75,9.1249387366083,1,515.5780000000002
CCn1nnc2c(N3CCOCC3)nc(-c3ccc(NC(=O)Nc4ccc(C(=O)N5CCN(C)CC5)cc4)cc3)nc21,2.425,8.615288257061717,1,570.6580000000002
CCn1nnc2c(N3CCOCC3)nc(-c3ccc(NC(=O)Nc4ccc(C(=O)NCCCN(C)C)cc4)cc3)nc21,2.2,8.657577319177793,1,572.6740000000002
CCn1nnc2c(N3CCOCC3)nc(-c3ccc(NC(=O)Nc4ccc(C(=O)NCCN(C)C)cc4)cc3)nc21,0.5,9.301029995663981,1,558.6470000000002
CCn1nnc2c(N3CCOCC3)nc(-c3ccc(NC(=O)Nc4ccc(C(=O)NCCN5CCN(C)CC5)cc4)cc3)nc21,1.1,8.958607314841775,1,613.7270000000001
CCn1nnc2c(N3CCOCC3)nc(-c3ccc(NC(=O)Nc4ccc(C(=O)NCCc5ccccn5)cc4)cc3)nc21,1.21,8.91721462968355,1,592.6640000000001
CCn1nnc2c(N3CCOCC3)nc(-c3ccc(NC(=O)Nc4ccc(C(=O)OC)cc4)cc3)nc21,2.55,8.593459819566045,1,502.5350000000002
CCn1nnc2c(N3CCOCC3)nc(-c3ccc(NC(=O)Nc4ccc(C(N)=O)cc4)cc3)nc21,0.39,9.4089353929735,1,487.52400000000017
CCn1nnc2c(N3CCOCC3)nc(-c3ccc(NC(=O)Nc4cccnc4)cc3)nc21,0.89,9.050609993355087,1,445.4870000000001
CCn1nnc2c(N3CCOCC3)nc(-c3ccc(NC(=O)Nc4cccs4)cc3)nc21,3.0,8.522878745280337,1,450.5280000000001
CCn1nnc2c(N3CCOCC3)nc(-c3ccc(NC(=O)Nc4ccnc(C)c4)cc3)nc21,21.0,7.6777807052660805,1,459.5140000000001
CCn1nnc2c(N3CCOCC3)nc(-c3ccc(NC(=O)Nc4ccncc4)cc3)nc21,0.63,9.200659450546418,1,445.4870000000001
CN(C(=O)C1CCN(c2ccnc3c2c(/C=C2\Oc4ccc(NC(=O)Nc5cccnc5)cc4C2=O)cn3C)CC1)c1cccnc1,13.0,7.886056647693163,1,628.693
CN(C)C(=O)C1CCC(Oc2nc(-c3ccc(N)nc3)nc(N3CCOCC3)n2)CC1,1000.0,6.0,1,427.5090000000003
CN(C)C(=O)C1CCN(c2ccnc3c2c(/C=C2\Oc4ccc(NC(=O)Nc5cccnc5)cc4C2=O)cn3C)CC1,10.5,7.978810700930062,1,565.634
CN(C)C(=O)C1CCN(c2ccnc3c2c(/C=C2\Oc4cccc(O)c4C2=O)cn3C)CC1,0.67,9.173925197299173,1,446.5070000000003
CN(C)C(=O)Nc1ccc(-c2nc(N3CCOCC3)c3cnn(C4CCN(Cc5ccccc5)CC4)c3n2)cc1,76.0,7.119186407719209,1,540.6720000000003
CN(C)C(=O)c1cc(CN2CCOc3c(F)cccc32)c2oc(N3CCOCC3)cc(=O)c2c1,50000.0,4.301029995663981,0,467.4970000000003
CN(C)C(=O)c1ccc(-c2ccnc3c2c(/C=C2\Oc4cccc(O)c4C2=O)cn3C)cc1,0.55,9.259637310505756,1,439.4710000000001
CN(C)C(=O)c1ccc(Oc2nc(-c3ccc(N)nc3)nc(N3CCOCC3)n2)cc1,200.0,6.698970004336019,1,421.4610000000002
CN(C)C(=O)c1ccc(Oc2nc(-c3cccc4[nH]ncc34)nc(N3CCOCC3)n2)cc1,1350.0,5.8696662315049934,0,445.48300000000023
CN(C)C(=O)c1ccc(Oc2nc(-c3ccnc4[nH]ccc34)nc(N3CCOCC3)n2)cc1,220.0,6.657577319177793,1,445.48300000000023
CN(C)C(=O)c1ccc(Oc2nc(-c3cnc(N)cc3C(F)(F)F)nc(N3CCOCC3)n2)c(F)c1,1000.0,6.0,1,507.4480000000002
CN(C)C(=O)c1ccc(Oc2nc(-c3cnc(N)nc3)nc(N3CCOCC3)n2)cc1,960.0,6.017728766960431,1,422.4490000000002
CN(C)C(=O)c1ccc(Oc2nc(-c3cnc(N)s3)nc(N3CCOCC3)n2)cc1,10.0,8.0,1,427.4900000000002
CN(C)C(=O)c1ccc(Oc2nc(-c3cnc4[nH]ccc4c3)nc(N3CCOCC3)n2)c(F)c1,1000.0,6.0,1,463.47300000000024
CN(C)C(=O)c1cccc(-c2ccnc3c2c(/C=C2\Oc4cccc(O)c4C2=O)cn3C)c1,18.0,7.7447274948966935,1,439.4710000000002
CN(C)C(=O)c1ccccc1-c1ccnc2c1c(/C=C1\Oc3cccc(O)c3C1=O)cn2C,180.0,6.7447274948966935,1,439.4710000000002
CN(C)C1CCN(C(=O)C2CCN(c3ccnc4c3c(/C=C3\Oc5ccc(NC(=O)Nc6cccnc6)cc5C3=O)cn4C)CC2)C1,11.0,7.958607314841775,1,634.7409999999999
CN(C)C1CCN(C(=O)c2ccc(NC(=O)Nc3ccc(-c4cc(N5CCOCC5)nc(N5CCOCC5)n4)cc3)cc2)CC1,6.2,8.207608310501746,1,614.7510000000003
CN(C)C1CCN(C(=O)c2ccc(NC(=O)Nc3ccc(-c4nc(C5CCOCC5)nc(N5C6CCC5COC6)n4)cc3)cc2)CC1,0.34,9.468521082957745,1,640.7890000000002
CN(C)C1CCN(C(=O)c2ccc(NC(=O)Nc3ccc(-c4nc(N5CCOCC5)c5ccn(CC(F)(F)F)c5n4)cc3)cc2)CC1,1.7,8.769551078621726,1,650.7060000000002
CN(C)C1CCN(C(=O)c2ccc(NC(=O)Nc3ccc(-c4nc(N5CCOCC5)nc(N5CCOCC5)n4)cc3)cc2)CC1,1.4777777777777779,8.83039086847224,1,615.7390000000003
CN(C)C1CCN(C(=O)c2ccc(NC(=O)Nc3ccc(-c4nc(N5CCOCC5)nc(N5C[C@@H]6OCCO[C@H]6C5)n4)cc3)cc2)CC1,4.8,8.318758762624412,1,657.7760000000002
CN(C)C1CCN(C(=O)c2ccc(NC(=O)Nc3ccc(-c4nc(O[C@H]5CCOC5)nc(N5CCOCC5)n4)cc3)cc2)CC1,1.1,8.958607314841775,1,616.7230000000003
CN(C)C1CCN(C(=O)c2ccc3nc(Nc4ccc(-c5nc(N6CCOCC6)nc(N6CCOCC6)n5)cc4)[nH]c3c2)CC1,14600.0,4.835647144215563,0,612.7390000000004
CN(C)C1CCN(C(=O)c2cccc(NC(=O)Nc3ccc(-c4nc(N5CCOCC5)nc(N5CCOCC5)n4)cc3)c2)CC1,2100.0,5.6777807052660805,0,615.7390000000001
CN(C)C1CCN(CCn2nc(-c3ccc(CC(=O)O)cc3)c3c(N)ncnc32)CC1,1000.0,6.0,1,423.52100000000024
CN(C)C1CCN(CCn2nc(-c3ccc(CC(=O)OC(C)(C)C)cc3)c3c(N)ncnc32)CC1,1000.0,6.0,1,479.62900000000036
CN(C)C1CCN(CCn2nc(-c3ccc(NC(=O)OC(C)(C)C)cc3)c3c(N)ncnc32)CC1,1000.0,6.0,1,480.61700000000036
CN(C)C1CCN(CCn2nc(-c3cnc4[nH]ccc4c3)c3c(N)ncnc32)CC1,1000.0,6.0,1,405.5100000000003
CN(C)C1CCN(c2ccc(NC(=O)Nc3ccc(-c4nc(C5CCOCC5)nc(N5C6CCC5COC6)n4)cc3)cc2)CC1,0.56,9.2518119729938,1,612.7790000000003
CN(C)C1CCN(c2nc(-c3ccc(NC(=O)Nc4ccc5c(c4)COC5=O)cc3)nc(N3CCOCC3)n2)CC1,116.0,6.935542010773082,1,558.6430000000001
CN(C)CC#Cc1n[nH]c2ccccc12,75000.0,4.1249387366083,0,199.257
CN(C)CC(=O)N1CCC(c2nc(-c3cnc(N)c(-n4nnc5ccccc54)n3)n(C)n2)CC1,21000.0,4.6777807052660805,0,461.5340000000002
CN(C)CC(=O)N1CCC(n2cc(-c3cnc(N)c(-n4nnc5ccccc54)n3)cn2)CC1,15000.0,4.823908740944319,0,446.5190000000002
CN(C)CC(=O)N1CCN(c2cnc3ccc(-c4ccc5oc(N)nc5c4)cc3n2)CC1,10000.0,5.0,0,431.5000000000002
CN(C)CC1CCN(CCn2nc(-c3cnc4[nH]ccc4c3)c3c(N)ncnc32)CC1,4782.5,5.320345021300667,0,419.53700000000026
CN(C)CCC(=O)N1CCN(c2ccc(-n3c(=O)ccc4cnc5ccc(-c6cnc7ccccc7c6)cc5c43)cc2C(F)(F)F)CC1,3.6,8.443697499232712,1,650.705
CN(C)CCC(=O)N1CCN(c2ccc(Nc3ccnc4ccc(-c5cnc6ccccc6c5)cc34)cc2C(F)(F)F)CC1,3810.0,5.419075024324381,0,598.6730000000002
CN(C)CCCNC(=O)c1cn2cc(-c3cccc4[nH]ncc34)nc(N3CCOCC3)c2n1,10000.0,5.0,0,448.5310000000003
CN(C)CCCNC(=O)c1cn2cc(-c3cnc(N)nc3)nc(N3CCOCC3)c2n1,5000.0,5.301029995663981,0,425.4970000000003
CN(C)CCCOc1ccc(-c2cc3c(cc2F)ncc2c3n(C3(C)CCOCC3)c(=O)n2C)cn1,4930.0,5.30715308072277,0,493.58300000000037
CN(C)CCCOc1ccc(-c2cc3c(cc2F)ncc2c3n(C3CCOCC3)c(=O)n2C)cn1,14000.0,4.853871964321762,0,479.5560000000003
CN(C)CCCOc1ccc(-c2cc3c(cc2F)ncc2c3n(C3COC3)c(=O)n2C)cn1,21300.0,4.671620396561262,0,451.50200000000024
CN(C)CCCOc1ccc(-c2cc3c(cc2F)ncc2c3n([C@@H]3CCCOC3)c(=O)n2C)cn1,5900.0,5.229147988357856,0,479.5560000000003
CN(C)CCCOc1ccc(-c2cc3c(cc2F)ncc2c3n([C@H]3CCCOC3)c(=O)n2C)c(F)n1,23000.0,4.638272163982407,0,497.54600000000033
CN(C)CCCOc1ccc(-c2cc3c(cc2F)ncc2c3n([C@H]3CCCOC3)c(=O)n2C)cn1,9290.0,5.031984286006359,0,479.5560000000003
CN(C)CCCOc1ccc(-c2ccc3ncc4[nH]c(=O)n(C5CCOCC5)c4c3c2)cn1,248.0,6.605548319173784,1,447.5390000000003
CN(C)CCCOc1ccc(-c2ccc3ncc4c(c3c2)n(C2(C)CCOCC2)c(=O)n4C)cn1,266.0,6.575118363368933,1,475.59300000000036
CN(C)CCCOc1ccc(-c2ccc3ncc4c(c3c2)n(C2CCC2)c(=O)n4C)c(F)n1,5380.0,5.269217724333611,0,449.53000000000026
CN(C)CCCOc1ccc(-c2ccc3ncc4c(c3c2)n(C2CCOCC2)c(=O)n4C)c(F)n1,797.0,6.098541678603888,1,479.5560000000003
CN(C)CCCOc1ccc(-c2ccc3ncc4c(c3c2)n(C2CCOCC2)c(=O)n4C)cn1,669.7325000000001,6.174098625614831,1,461.5660000000003
CN(C)CCCOc1ccc(-c2ccc3ncc4c(c3c2)n(C2COC2)c(=O)n4C)c(F)n1,12100.0,4.91721462968355,0,451.50200000000024
CN(C)CCCOc1ccc(-c2ccc3ncc4c(c3c2)n(C2COC2)c(=O)n4C)cn1,3460.0,5.460923901207224,0,433.5120000000002
CN(C)CCCOc1ccc(-c2ccc3ncc4c(c3c2)n([C@@H]2CCCOC2)c(=O)n4C)c(F)n1,1370.0,5.863279432843593,0,479.5560000000003
CN(C)CCCOc1ccc(-c2ccc3ncc4c(c3c2)n([C@@H]2CCCOC2)c(=O)n4C)cn1,714.0,6.146301788223826,1,461.5660000000003
CN(C)CCCOc1ccc(-c2ccc3ncc4c(c3c2)n([C@@H]2CCOC2)c(=O)n4C)c(F)n1,4480.0,5.3487219860018556,0,465.5290000000003
CN(C)CCCOc1ccc(-c2ccc3ncc4c(c3c2)n([C@@H]2CCOC2)c(=O)n4C)cn1,2370.0,5.6252516539898965,0,447.53900000000027
CN(C)CCCOc1ccc(-c2ccc3ncc4c(c3c2)n([C@H]2CCCOC2)c(=O)n4C)c(F)n1,529.0,6.276544327964814,1,479.5560000000003
CN(C)CCCOc1ccc(-c2ccc3ncc4c(c3c2)n([C@H]2CCCOC2)c(=O)n4C)cn1,1470.0,5.8326826652518236,0,461.5660000000003
CN(C)CCCOc1ccc(-c2ccc3ncc4c(c3c2)n([C@H]2CCOC2)c(=O)n4C)c(F)n1,3760.0,5.424812155072339,0,465.5290000000003
CN(C)CCCOc1ccc(-c2ccc3ncc4c(c3c2)n([C@H]2CCOC2)c(=O)n4C)cn1,1190.0,5.924453038607469,0,447.53900000000027
CN(C)CCCOc1ccc(-c2ccc3ncc4c(c3c2)n([C@H]2C[C@@H](O)C2)c(=O)n4C)cn1,1360.0,5.866461091629782,0,447.5390000000002
CN(C)CCCOc1ccc(-c2ccc3ncc4nnc(C5CCOCC5)n4c3c2)cn1,20000.0,4.698970004336019,0,432.52800000000025
CN(C)CCCOc1ccc(CN2CCC(n3cnc4c(N5CCOCC5)nc(-c5cccc(CO)c5)nc43)CC2)cc1,4000.0,5.3979400086720375,0,585.7530000000002
CN(C)CCN(C)C(=O)c1ccc(NC(=O)Nc2ccc(-c3nc(N4CCOCC4)c4ccn(CC(F)(F)F)c4n3)cc2)cc1,0.6,9.221848749616356,1,624.6680000000003
CN(C)CCN(C)C(=O)c1ccc(NC(=O)Nc2ccc(-c3nc(N4CCOCC4)nc(N4CCOCC4)n3)cc2)cc1,0.6,9.221848749616356,1,589.7010000000004
CN(C)CCN(C)C(=O)c1ccc(NC(=O)Nc2ccc(-c3nc(O[C@H]4CCOC4)nc(N4CCOCC4)n3)cc2)cc1,0.7,9.154901959985743,1,590.6850000000004
CN(C)CCNC(=O)Nc1ccc(-c2nc(N3CCOCC3)c3cnn(C4CCN(Cc5ccccc5)CC4)c3n2)cc1,65.0,7.187086643357144,1,583.7410000000002
CN(C)CCNC(=O)Nc1ccc2c(c1)C(=O)/C(=C/c1cn(C)c3nccc(N4CC5CCC(C4)O5)c13)O2,5.6,8.2518119729938,1,516.6020000000003
CN(C)CCNC(=O)c1ccc(NC(=O)Nc2ccc(-c3nc(C4CCOCC4)nc(N4C5CCC4COC5)n3)cc2)cc1,0.14,9.853871964321762,1,600.7240000000004
CN(C)CCNC(=O)c1ccc(NC(=O)Nc2ccc(-c3nc(N4CCOCC4)c4ccn(CC(F)(F)F)c4n3)cc2)cc1,0.4,9.397940008672037,1,610.6410000000004
CN(C)CCNC(=O)c1ccc(NC(=O)Nc2ccc(-c3nc(N4CCOCC4)nc(N4CCOCC4)n3)cc2)cc1,0.5,9.301029995663981,1,575.6740000000005
CN(C)CCNC(=O)c1cn2cc(-c3cnc(N)nc3)nc(N3CCOCC3)c2n1,5000.0,5.301029995663981,0,411.47000000000025
CN(C)CCNCCn1ccc2c(N3CCOCC3)nc(-c3ccc(NC(=O)Nc4ccncc4)cc3)nc21,11.0,7.958607314841775,1,529.6490000000001
CN(C)CCOc1ccc(NC(=O)Nc2ccc(-c3nc(C4CCOCC4)nc(N4C5CCC4COC5)n3)cc2)cc1,0.7,9.154901959985743,1,573.6980000000004
CN(C)CCOc1ccc(NC(=O)Nc2ccc(-c3nc(N4C5CCC4COC5)nc(N4C5CCC4COC5)n3)cc2)cc1,1.6,8.795880017344075,1,600.7240000000003
CN(C)CCOc1ccc(NC(=O)Nc2ccc(-c3nc(N4CCOCC4)nc(N4C5CCC4COC5)n3)cc2)cc1,1.85,8.732828271596986,1,574.6860000000005
CN(C)CCn1c(=O)ccc2cnc3ccc(-c4cnc5ccccc5c4)cc3c21,389.0,6.410050398674292,1,394.4780000000001
CN(C)CCn1ccc2c(N3CCOCC3)nc(-c3ccc(NC(=O)Nc4ccc(F)cc4)cc3)nc21,8.0,8.096910013008056,1,503.5820000000001
CN(C)CCn1ccc2c(N3CCOCC3)nc(-c3ccc(NC(=O)Nc4ccccn4)cc3)nc21,7.0,8.154901959985743,1,486.5800000000001
CN(C)CCn1ccc2c(N3CCOCC3)nc(-c3ccc(NC(=O)Nc4cccnc4)cc3)nc21,3.0,8.522878745280337,1,486.5800000000001
CN(C)CCn1ccc2c(N3CCOCC3)nc(-c3ccc(NC(=O)Nc4ccncc4)cc3)nc21,2.0,8.698970004336019,1,486.5800000000001
CN(C)CCn1ccc2c(N3CCOCC3)nc(-c3cccc(CO)c3)nc21,800.0,6.096910013008056,1,381.4800000000001
CN(C)CCn1ccc2c(N3CCOCC3)nc(-c3cccc(O)c3)nc21,800.0,6.096910013008056,1,367.45300000000003
CN(C)CCn1ncc2c(N3CC4CCC(C3)O4)nc(-c3ccc(NC(=O)Nc4cccnc4)cc3)nc21,2.7,8.568636235841012,1,513.6060000000001
CN(C)Cc1c[nH]c2c(N3CCOCC3)nc(-c3cccc(CO)c3)nc12,108.0,6.966576244513051,1,367.45300000000003
CN(C)Cc1ccc(NC(=O)Nc2ccc(-c3nc(N4C5CCC4COC5)nc(N4C5CCC4COC5)n3)cc2)cc1,1.1,8.958607314841775,1,570.6980000000004
CN(C)NC(=O)Nc1ccc(-c2nc(N3CCOCC3)c3cnn(C4CCN(Cc5ccccc5)CC4)c3n2)cc1,84.0,7.075720713938118,1,555.6870000000004
CN(C)S(=O)(=O)Nc1cc(-c2cnc3cc(-c4cccnc4)ccn23)cnc1Cl,157.0,6.804100347590766,1,428.9050000000001
CN(C)S(=O)(=O)Nc1cc(-c2cnc3cc(-c4ccncc4)ccn23)cnc1Cl,258.0,6.58838029403677,1,428.9050000000001
CN(C)S(=O)(=O)Nc1cc(-c2cnc3ccc(-c4ccnc(C(F)(F)F)c4)cn23)cnc1Cl,15.0,7.823908740944319,1,496.90200000000016
CN(C)S(=O)(=O)Nc1cc(-c2cnc3ccc(-c4ccncc4)cn23)cnc1Cl,15.0,7.823908740944319,1,428.9050000000001
CN(C)[C@@H]1CCN(c2cnc3ccc(-c4ccc5oc(N)nc5c4)cc3n2)C1,1000.0,6.0,1,374.44800000000015
CN(C)[C@@H]1C[C@@H](C(N)=O)N(C(=O)c2ccc(NC(=O)Nc3ccc(-c4nc(N5CCOCC5)nc(N5CCOCC5)n4)cc3)cc2)C1,2.2,8.657577319177793,1,644.7370000000002
CN(C)[C@H]1C[C@@H](C(N)=O)N(C(=O)c2ccc(NC(=O)Nc3ccc(-c4nc(N5CCOCC5)nc(N5CCOCC5)n4)cc3)cc2)C1,3.1,8.508638306165727,1,644.7370000000002
CN(C)c1ccc(C(=O)Nc2cccc(NC(=O)COc3ccc4c(=O)ccoc4c3)c2)cc1,10000.0,5.0,0,457.4860000000002
CN(C)c1ccc(NC(=O)Nc2ccc(-c3nc(N4CCOCC4)nc(N4C5CCC4COC5)n3)cc2)cc1,13.5,7.8696662315049934,1,530.6330000000005
CN(C)c1cccc(-c2n[nH]c3ncc(-c4cnc(Cl)c(NS(=O)(=O)c5ccccc5)c4)cc23)c1,24.96,7.602755418989614,1,505.0030000000001
CN(C)c1nc2ccccc2n1-c1nc2c(c(C(C)(C)S(C)(=O)=O)n1)OC[C@@H]1COCCN21,10000.0,5.0,0,472.5710000000003
CN(Cc1ccc(O)cc1)C(=O)Nc1ccccc1,11650.0,4.933674074637962,0,256.305
CN(Cc1ccccc1)C(=O)C1CCN(c2ccnc3c2c(/C=C2\Oc4ccc(NC(=O)Nc5cccnc5)cc4C2=O)cn3C)CC1,102.5,6.989276134608227,1,641.732
CN(Cc1ccccc1)C(=O)Nc1ccc(C(F)(F)F)cc1,10130.0,4.994390554639719,0,308.30299999999994
CN(Cc1ccccn1)C(=O)C1CCN(c2ccnc3c2c(/C=C2\Oc4ccc(NC(=O)Nc5cccnc5)cc4C2=O)cn3C)CC1,8.4,8.075720713938118,1,642.72
CN(Cc1cccnc1)C(=O)C1CCN(c2ccnc3c2c(/C=C2\Oc4ccc(NC(=O)Nc5cccnc5)cc4C2=O)cn3C)CC1,10.9,7.962573502059376,1,642.72
CN(Cc1ccncc1)C(=O)C1CCN(c2ccnc3c2c(/C=C2\Oc4ccc(NC(=O)Nc5cccnc5)cc4C2=O)cn3C)CC1,9.3,8.031517051446064,1,642.72
CN1C2CCC1CC(Oc1nc(-c3ccc(NC(=O)Nc4ccc(C(N)=O)cc4)cc3)nc(N3CCOCC3)n1)C2,5.3,8.275724130399212,1,558.643
CN1CC(C(=O)N2CCN(c3cnc4ccc(-c5ccc6oc(N)nc6c5)cc4n3)CC2)C1,10000.0,5.0,0,443.5110000000003
CN1CC(C)(C)Oc2nc(N3C4CCC3COC4)nc(-c3ccc(NC(=O)Nc4ccccn4)cc3)c2C1=O,35.0,7.455931955649724,1,529.6010000000001
CN1CC(C)(C)Oc2nc(N3C4CCC3COC4)nc(-c3ccc(NC(=O)Nc4ccncc4)c(F)c3)c2C1=O,21.0,7.6777807052660805,1,547.5910000000001
CN1CC(C)(C)Oc2nc(N3C4CCC3COC4)nc(-c3ccc(NC(=O)Nc4ccncc4)cc3)c2C1=O,12.0,7.920818753952375,1,529.6010000000001
CN1CC(C)(C)Oc2nc(N3CC4CCC(C3)O4)nc(-c3ccc(NC(=O)Nc4ccc(N5C6CCC5COC6)nc4)c(F)c3)c2C1=O,63.0,7.200659450546418,1,658.735
CN1CC(C)(C)Oc2nc(N3CC4CCC(C3)O4)nc(-c3ccc(NC(=O)Nc4ccccn4)cc3)c2C1=O,26.0,7.585026652029182,1,529.6010000000001
CN1CC(C)(C)Oc2nc(N3CC4CCC(C3)O4)nc(-c3ccc(NC(=O)Nc4ccncc4)c(F)c3)c2C1=O,20.0,7.698970004336019,1,547.5910000000001
CN1CC(C)(C)Oc2nc(N3CC4CCC(C3)O4)nc(-c3ccc(NC(=O)Nc4ccncc4)cc3)c2C1=O,6.0,8.221848749616356,1,529.6010000000001
CN1CC(C)(C)Oc2nc(N3CC4CCC(C3)O4)nc(-c3ccc(NC(=O)Nc4ccncc4F)cc3)c2C1=O,24.0,7.619788758288394,1,547.5910000000001
CN1CC(C)(C)Oc2nc(N3CC4CCC(C3)O4)nc(-c3ccc(NC(=O)Oc4ccc(N5CC6CCC(C5)O6)cc4)c(F)c3)c2C1=O,60.0,7.221848749616356,1,658.7310000000002
CN1CC2CN(c3cnc4ccc(-c5ccc6oc(N)nc6c5)nc4n3)CC2C1,10000.0,5.0,0,387.4470000000002
CN1CCC(Cn2c(=O)[nH]c3ncc(-c4ccc(O)cc4)nc32)CC1,14100.0,4.85078088734462,0,339.3990000000001
CN1CCC(NC(=O)Nc2ccc(-c3nc(N4CCOCC4)c4cnn(C5CCN(Cc6ccccc6)CC5)c4n3)cc2)CC1,125.0,6.903089986991944,1,609.779
CN1CCC(NC(=O)c2ccc(-c3ccc(-n4c(=O)ccc5cnc6ccc(-c7cnc8ccccc8c7)cc6c54)cc3C(F)(F)F)cc2)CC1,3.01,8.521433504406156,1,683.7340000000002
CN1CCC(Nc2ncnc3ccc(-c4ccc5oc(N)nc5c4)cc23)CC1,10000.0,5.0,0,374.44800000000015
CN1CCC(c2nc(-c3cccc4[nH]ccc34)nc3c2OCC2COCCN32)(S(C)(=O)=O)CC1,10000.0,5.0,0,483.59400000000045
CN1CCC(n2c(=O)n(C)c3cnc4ccc(-c5ccc(-c6cnn(C)c6)nc5)cc4c32)C1,550.0,6.259637310505756,1,439.5230000000002
CN1CCC(n2cnc3ccc(-c4ccc5oc(N)nc5c4)cc3c2=O)CC1,10000.0,5.0,0,375.4320000000002
CN1CCN(C(=O)C2CCN(c3ccnc4c3c(/C=C3\Oc5ccc(NC(=O)Nc6cccnc6)cc5C3=O)cn4C)CC2)CC1,70.0,7.154901959985743,1,620.7139999999998
CN1CCN(C(=O)C2CCN(c3ccnc4c3c(/C=C3\Oc5cccc(O)c5C3=O)cn4C)CC2)CC1,3.1,8.508638306165727,1,501.5870000000004
CN1CCN(C(=O)C2CN(c3cnc4ccc(-c5ccc6oc(N)nc6c5)cc4n3)C2)CC1,10000.0,5.0,0,443.51100000000025
CN1CCN(C(=O)Nc2ccc(-c3nc(N4CCOCC4)c4cnn(CCCCCCC(=O)NO)c4n3)cc2)CC1,3.4,8.468521082957745,1,565.6790000000003
CN1CCN(C(=O)c2ccc(-c3ccc(-n4c(=O)ccc5cnc6ccc(-c7cnc8ccccc8c7)cc6c54)cc3C(F)(F)F)cc2)CC1,1.26,8.899629454882437,1,669.7070000000001
CN1CCN(C(=O)c2ccc(-c3ccnc4c3c(/C=C3\Oc5cccc(O)c5C3=O)cn4C)cc2)CC1,1.0,9.0,1,494.5510000000003
CN1CCN(C(=O)c2ccc(NC(=O)Nc3ccc(-c4nc(=O)nc(N5CCOCC5)[nH]4)cc3)cc2)CC1,1200.0,5.920818753952375,0,518.5780000000003
CN1CCN(C(=O)c2ccc(NC(=O)Nc3ccc(-c4nc(C5CCOCC5)nc(N5C6CCC5COC6)n4)cc3)cc2)CC1,0.81,9.09151498112135,1,612.7350000000002
CN1CCN(C(=O)c2ccc(NC(=O)Nc3ccc(-c4nc(N5CCOCC5)c5ccn(CC(F)(F)F)c5n4)cc3)cc2)CC1,1.7,8.769551078621726,1,622.6520000000002
CN1CCN(C(=O)c2ccc(NC(=O)Nc3ccc(-c4nc(N5CCOCC5)nc(N5CCOCC5)n4)cc3)cc2)CC1,1.4,8.853871964321762,1,587.6850000000004
CN1CCN(C(=O)c2ccc(NC(=O)Nc3ccc(-c4nc(OC5COC5)nc(N5CCOCC5)n4)cc3)cc2)CC1,3.0,8.522878745280337,1,574.6420000000004
CN1CCN(C(=O)c2ccc(NC(=O)Nc3ccc(-c4nc(O[C@H]5CCOC5)nc(N5CCOCC5)n4)cc3)cc2)CC1,1.7,8.769551078621726,1,588.6690000000004
CN1CCN(C(=O)c2ccc3nc(Nc4ccc(-c5nc(N6CCOCC6)nc(N6CCOCC6)n5)cc4)[nH]c3c2)CC1,13100.0,4.882728704344236,0,584.6850000000003
CN1CCN(C(=O)c2cccc(-c3ncnc4ccc(-c5cnc6ccccc6c5)cc34)c2)CC1,5300.0,5.275724130399211,0,459.5530000000002
CN1CCN(C(=O)c2cnc3ccc(-c4ccc5oc(N)nc5c4)cn23)CC1,10000.0,5.0,0,376.42000000000013
CN1CCN(C2CC(n3nc(-c4cc5cc(O)ccc5[nH]4)c4c(N)ncnc43)C2)CC1,500.0,6.301029995663981,1,418.5050000000002
CN1CCN(C2CCC(n3nc(-c4cc5cc(O)ccc5[nH]4)c4c(N)ncnc43)CC2)CC1,500.0,6.301029995663981,1,446.55900000000025
CN1CCN(C2CN(C(=O)c3cnc4ccc(-c5ccc6oc(N)nc6c5)cn34)C2)CC1,10000.0,5.0,0,431.5000000000003
CN1CCN(C2CN(c3cnc4ccc(-c5ccc6oc(N)nc6c5)cc4n3)C2)CC1,10000.0,5.0,0,415.50100000000026
CN1CCN(C2CN(c3cnc4ccc(-c5ccc6oc(N)nc6c5)cc4n3)C2)CC1=O,10000.0,5.0,0,429.48400000000026
CN1CCN(C2CN(c3cnc4ccc(-c5ccc6oc(N)nc6c5)nc4c3)C2)CC1=O,10000.0,5.0,0,429.48400000000026
CN1CCN(C2CN(c3cnc4ccc(-c5ccc6oc(N)nc6c5)nc4n3)C2)CC1,10000.0,5.0,0,416.48900000000026
CN1CCN(CC(=O)N2CCN(c3ccc(-n4c(=O)ccc5cnc6ccc(-c7cnc8ccccc8c7)cc6c54)cc3C(F)(F)F)CC2)CC1,0.57,9.244125144327509,1,691.7579999999999
CN1CCN(CC(=O)N2CCN(c3ccc(Nc4c(C(N)=O)cnc5ccc(-c6cnc7ccccc7c6)cc45)cc3C(F)(F)F)CC2)CC1,24.0,7.619788758288394,1,682.7510000000001
CN1CCN(CCOc2ccc(NC(=O)Nc3ccc(-c4nc(N5C6CCC5COC6)nc(N5C6CCC5COC6)n4)cc3)cc2)CC1,0.9,9.045757490560675,1,655.8040000000002
CN1CCN(CCn2ccc3c(N4CCOCC4)nc(-c4ccc(NC(=O)Nc5ccncc5)cc4)nc32)CC1,24.0,7.619788758288394,1,541.66
CN1CCN(Cc2cc3nc(-c4ccc(NC(=O)NC5CC5)cc4)nc(N4CC5CCC(C4)O5)c3s2)CC1,16.0,7.795880017344075,1,533.7020000000002
CN1CCN(Cc2cc3nc(-c4ccc(NC(=O)Nc5cccnc5)cc4)nc(N4CC5CCC(C4)O5)c3s2)CC1,4.7,8.327902142064282,1,570.7230000000002
CN1CCN(Cc2cc3nc(-c4ccc(NC(=O)Nc5ccncc5)cc4)nc(N4CC5CCC(C4)O5)c3s2)CC1,3.7,8.431798275933005,1,570.7230000000002
CN1CCN(Cc2ccc(-n3c(=O)ccc4cnc5ccc(-c6cnc7ccccc7c6)cc5c43)cc2)CC1,66.0,7.180456064458132,1,511.62900000000025
CN1CCN(Cc2ccc(NC(=O)Nc3ccc(-c4nc(N5C6CCC5COC6)nc(N5C6CCC5COC6)n4)cc3)cc2)CC1,1.0,9.0,1,625.7780000000001
CN1CCN(Cc2ccc(NC(=O)Nc3ccc(-c4nc(N5CCOCC5)nc(N5C6CCC5COC6)n4)cc3)cc2)CC1,0.8,9.096910013008056,1,599.7400000000004
CN1CCN(Cc2cccc(-c3n[nH]c4ncc(-c5cnc(Cl)c(NS(=O)(=O)c6ccccc6)c5)cc34)c2)CC1,31.67,7.499351936628088,1,574.11
CN1CCN([C@@H]2CCN(c3cnc4ccc(-c5ccc6oc(N)nc6c5)cc4n3)C2)CC1,10000.0,5.0,0,429.5280000000003
CN1CCN(c2cc(-c3ccnc(Nc4cccc(S(N)(=O)=O)c4)n3)ccn2)CC1,3300.0,5.481486060122113,0,425.5180000000002
CN1CCN(c2ccc(-c3ccc4ncc5c(c4n3)N(c3cccc(C(F)(F)F)c3)C(=O)N(C)C5)cn2)CC1,31.2,7.505845405981558,1,533.5580000000001
CN1CCN(c2ccc(-c3cnc4ccc(-c5ccc6oc(N)nc6c5)cn34)cn2)CC1,10000.0,5.0,0,425.4960000000002
CN1CCN(c2ccc(NC(=O)Nc3ccc(-c4nc(C5=CCOCC5)nc(N5C6CCC5COC6)n4)cc3)cc2)CC1,0.7,9.154901959985743,1,582.7090000000003
CN1CCN(c2ccc(NC(=O)Nc3ccc(-c4nc(C5CCOCC5)nc(N5C6CCC5COC6)n4)cc3)cc2)CC1,0.52,9.2839966563652,1,584.7250000000004
CN1CCN(c2ccc(NC(=O)Nc3ccc(-c4nc(N5C6CCC5COC6)nc(N5C6CCC5COC6)n4)cc3)cc2)CC1,1.0,9.0,1,611.7510000000002
CN1CCN(c2ccc(NC(=O)Nc3ccc(-c4nc(N5C6CCC5COC6)nc(N5[C@H](CO)CC[C@@H]5CO)n4)cc3)cc2)CC1,0.7,9.154901959985743,1,629.7660000000002
CN1CCN(c2ccc(NC(=O)Nc3ccc(-c4nc(N5CC6CCC(C5)O6)c5cnn(CC(F)(F)F)c5n4)cc3)cc2)CC1,0.6,9.221848749616356,1,621.6680000000001
CN1CCN(c2ccc(NC(=O)Nc3ccc(-c4nc(N5CCOCC5)nc(N5C6CCC5COC6)n4)cc3)cc2)CC1,1.1,8.958607314841775,1,585.7130000000003
CN1CCN(c2ccc(NC(=O)Nc3ccc(-c4nc(N5CCSCC5)nc(N5C6CCC5COC6)n4)cc3)cc2)CC1,8.8,8.05551732784983,1,601.7810000000003
CN1CCN(c2ccnc3c2c(/C=C2\Oc4cc(O)cc(O)c4C2=O)cn3C)CC1,0.94,9.0268721464003,1,406.4420000000002
CN1CCN(c2ccnc3c2c(/C=C2\Oc4cccc(O)c4C2=O)cn3C)CC1,2.75,8.560667306169737,1,390.4430000000002
CN1CCN(c2cnc3ccc(-c4ccc5oc(N)nc5c4)cc3n2)CC1,10000.0,5.0,0,360.4210000000001
CN1CCN(c2cnc3ccc(-c4ccc5oc(N)nc5c4)cc3n2)CC1=O,10000.0,5.0,0,374.4040000000001
CN1CCN(c2nc(-c3ccc(C(=O)NO)cc3)nc3cc(Cl)ccc23)CC1,133.7,6.873868592738016,1,397.86600000000016
CN1CCN(c2nc(-c3ccc(NC(=O)Nc4ccc5c(c4)COC5=O)cc3)nc(N3CCOCC3)n2)CC1,28.5,7.54515513999149,1,530.5890000000003
CN1CCN(c2nc(N3CCOCC3)c3sc(CO)cc3n2)CC1,2000.0,5.698970004336019,0,349.4600000000001
CN1Cc2cc(NC(=O)Nc3ccc(-c4nc(N5CCOCC5)nc(N5CCOCC5)n4)cc3)ccc2C1=O,11.2,7.950781977329818,1,530.5890000000004
CN1Cc2cnc3ccc(-c4ccc(-n5cccn5)nc4)nc3c2N(c2cccc(C(F)(F)F)c2)C1=O,43.7,7.359518563029578,1,501.47200000000015
CN1Cc2cnc3ccc(-c4ccc(N)nc4)nc3c2N(c2cccc(C(F)(F)F)c2)C1=O,8.86,8.05256627811295,1,450.4240000000001
CN1Cc2cnc3ccc(-c4cnc(N)nc4)nc3c2N(c2cccc(C(F)(F)F)c2)C1=O,8.5,8.070581074285707,1,451.4120000000001
CN1Cc2cnc3ccc(-c4cnc5[nH]ccc5c4)nc3c2N(c2cccc(C(F)(F)F)c2)C1=O,17.5,7.756961951313706,1,474.44600000000014
CN1Cc2cnc3ccc(-c4cnc5ccccc5c4)nc3c2N(c2ccc(C(C)(C)C#N)cc2)C1=O,66.5,7.1771783546968955,1,484.5630000000003
CNC(=O)CCCCCCCn1nc(-c2ccc3oc(N)nc3c2)c2c(N)ncnc21,4.05,8.39254497678533,1,422.49300000000017
CNC(=O)CCn1nc(-c2cc3cc(O)ccc3[nH]2)c2c(N)ncnc21,500.0,6.301029995663981,1,351.3700000000001
CNC(=O)Cc1ccc(-c2nc(N3CCOCC3)c3cnn(C4CCN(Cc5ccccc5)CC4)c3n2)cc1,170.0,6.769551078621726,1,525.6570000000003
CNC(=O)Cn1nc(-c2cc3cc(O)ccc3[nH]2)c2c(N)ncnc21,500.0,6.301029995663981,1,337.34300000000013
CNC(=O)Nc1ccc(-c2cc(-c3ccnc(Nc4ccc(C)c(S(=O)(=O)N(C)C)c4)n3)ccn2)cc1,45.0,7.346787486224656,1,517.6150000000002
CNC(=O)Nc1ccc(-c2cc(-c3ccnc(Nc4ccc(C)c(S(=O)(=O)NC)c4)n3)ccn2)cc1,18.0,7.7447274948966935,1,503.5880000000002
CNC(=O)Nc1ccc(-c2cc(-c3ccnc(Nc4ccc(C)c(S(N)(=O)=O)c4)n3)ccn2)cc1,16.0,7.795880017344075,1,489.5610000000002
CNC(=O)Nc1ccc(-c2cc(-c3ccnc(Nc4ccc(Cl)c(S(=O)(=O)N(C)C)c4)n3)ccn2)cc1,12.0,7.920818753952375,1,538.0330000000002
CNC(=O)Nc1ccc(-c2cc(-c3ccnc(Nc4ccc(Cl)c(S(=O)(=O)NC)c4)n3)ccn2)cc1,7.7,8.113509274827518,1,524.0060000000002
CNC(=O)Nc1ccc(-c2cc(-c3ccnc(Nc4cccc(S(=O)(=O)NC)c4)n3)ccn2)cc1,15.0,7.823908740944319,1,489.56100000000015
CNC(=O)Nc1ccc(-c2cc(-c3ccnc(Nc4cccc(S(N)(=O)=O)c4)n3)ccn2)cc1,18.0,7.7447274948966935,1,475.53400000000016
CNC(=O)Nc1ccc(-c2nc(-c3ccncc3)c(SC)c(N3CCOCC3)n2)cc1,25.1,7.600326278518962,1,436.5410000000003
CNC(=O)Nc1ccc(-c2nc(C)c3nc4n(c3n2)CCOC4)cc1,5011.87,5.300000202445418,0,338.37100000000015
CNC(=O)Nc1ccc(-c2nc(C3=CCOCC3)c3cnn(CC(F)(F)F)c3n2)cc1,2.0,8.698970004336019,1,432.40600000000006
CNC(=O)Nc1ccc(-c2nc(Cl)c(SC)c(N3CCOCC3)n2)cc1,116.2,6.934793871945688,1,393.9000000000002
CNC(=O)Nc1ccc(-c2nc(N3C4CCC3COC4)c3cnn(C4CCN(C(=O)OC)CC4)c3n2)cc1,0.22,9.657577319177793,1,520.5940000000004
CNC(=O)Nc1ccc(-c2nc(N3C4CCC3COC4)c3cnn(CC(F)(F)F)c3n2)cc1,0.56,9.2518119729938,1,461.44800000000015
CNC(=O)Nc1ccc(-c2nc(N3C4CCC3COC4)nc3c2C(=O)N(C)CC(C)(C)O3)cc1,27.0,7.568636235841013,1,466.5420000000003
CNC(=O)Nc1ccc(-c2nc(N3C4CCC3COC4)nc3c2C(=O)N(C)CC(C)(C)O3)cc1F,26.0,7.585026652029182,1,484.5320000000003
CNC(=O)Nc1ccc(-c2nc(N3CC4CCC(C3)O4)c3cnn(C(C)C)c3n2)cc1,0.12,9.920818753952375,1,421.5050000000001
CNC(=O)Nc1ccc(-c2nc(N3CC4CCC(C3)O4)c3cnn(C)c3n2)cc1,1.34,8.872895201635192,1,393.4510000000001
CNC(=O)Nc1ccc(-c2nc(N3CC4CCC(C3)O4)c3cnn(C4CCC(=O)CC4)c3n2)cc1,0.22,9.657577319177793,1,475.5530000000003
CNC(=O)Nc1ccc(-c2nc(N3CC4CCC(C3)O4)c3cnn(C4CCC(OC)(OC)CC4)c3n2)cc1,0.74,9.130768280269024,1,521.6220000000004
CNC(=O)Nc1ccc(-c2nc(N3CC4CCC(C3)O4)c3cnn(C4CCC5(CC4)OCCCO5)c3n2)cc1,1.19,8.924453038607469,1,533.6330000000005
CNC(=O)Nc1ccc(-c2nc(N3CC4CCC(C3)O4)c3cnn(C4CCC5(CC4)OCCO5)c3n2)cc1,72.61333333333334,7.138983626387755,1,519.6060000000004
CNC(=O)Nc1ccc(-c2nc(N3CC4CCC(C3)O4)c3cnn(C4CCN(C(=O)OC(C)(C)C)CC4)c3n2)cc1,0.26,9.585026652029182,1,562.6750000000003
CNC(=O)Nc1ccc(-c2nc(N3CC4CCC(C3)O4)c3cnn(C4CCN(C(=O)OC(C)C)CC4)c3n2)cc1,0.19,9.721246399047171,1,548.6480000000004
CNC(=O)Nc1ccc(-c2nc(N3CC4CCC(C3)O4)c3cnn(C4CCN(C(=O)OC)CC4)c3n2)cc1,0.22,9.657577319177793,1,520.5940000000004
CNC(=O)Nc1ccc(-c2nc(N3CC4CCC(C3)O4)c3cnn(C4CCN(Cc5cccnc5)CC4)c3n2)cc1,0.48,9.318758762624412,1,553.6710000000003
CNC(=O)Nc1ccc(-c2nc(N3CC4CCC(C3)O4)c3cnn(CC(F)(F)F)c3n2)cc1,0.5,9.301029995663981,1,461.4480000000001
CNC(=O)Nc1ccc(-c2nc(N3CC4CCC(C3)O4)c3cnn(CCN(C)C)c3n2)cc1,14.5,7.838631997765025,1,450.5470000000002
CNC(=O)Nc1ccc(-c2nc(N3CC4CCC(C3)O4)c3cnn(CCO)c3n2)cc1,2.85,8.54515513999149,1,423.47700000000015
CNC(=O)Nc1ccc(-c2nc(N3CC4CCC(C3)O4)c3cnn([C@H]4CC[C@@H](O)CC4)c3n2)cc1,0.3,9.522878745280337,1,477.56900000000024
CNC(=O)Nc1ccc(-c2nc(N3CC4CCC(C3)O4)c3cnn([C@H]4CC[C@@H](OC)CC4)c3n2)cc1,0.33,9.481486060122112,1,491.5960000000003
CNC(=O)Nc1ccc(-c2nc(N3CC4CCC(C3)O4)c3cnn([C@H]4CC[C@H](O)CC4)c3n2)cc1,0.24,9.619788758288394,1,477.56900000000024
CNC(=O)Nc1ccc(-c2nc(N3CC4CCC(C3)O4)c3cnn([C@H]4CC[C@H](OC)CC4)c3n2)cc1,0.38,9.42021640338319,1,491.5960000000003
CNC(=O)Nc1ccc(-c2nc(N3CC4CCC(C3)O4)c3sc(CN4CCN(C)CC4)cc3n2)cc1,20.0,7.698970004336019,1,507.6640000000003
CNC(=O)Nc1ccc(-c2nc(N3CC4CCC(C3)O4)c3sc(CN4CCN(S(C)(=O)=O)CC4)cc3n2)cc1,1.4,8.853871964321762,1,571.7290000000003
CNC(=O)Nc1ccc(-c2nc(N3CC4CCC(C3)O4)c3sccc3n2)cc1,0.9,9.045757490560675,1,395.48800000000006
CNC(=O)Nc1ccc(-c2nc(N3CC4CCC(C3)O4)nc3c2C(=O)N(C)CC(C)(C)O3)cc1,22.0,7.657577319177793,1,466.54200000000026
CNC(=O)Nc1ccc(-c2nc(N3CC4CCC(C3)O4)nc3c2C(=O)N(C)CC(C)(C)O3)cc1F,24.0,7.619788758288394,1,484.53200000000027
CNC(=O)Nc1ccc(-c2nc(N3CC4CCC(C3)O4)nc3c2C(=O)N(CCOC)CC(C)(C)O3)cc1F,41.0,7.3872161432802645,1,528.5850000000004
CNC(=O)Nc1ccc(-c2nc(N3CCOC(C)C3)c3cnn(C4CCN(C(=O)OC)CC4)c3n2)cc1,2.3,8.638272163982407,1,508.58300000000037
CNC(=O)Nc1ccc(-c2nc(N3CCOCC3)c3ccc4c(ccn4S(C)(=O)=O)c3n2)cc1,2.0,8.698970004336019,1,480.5500000000001
CNC(=O)Nc1ccc(-c2nc(N3CCOCC3)c3ccn(CCN(C)C)c3n2)cc1,33.0,7.481486060122112,1,423.52100000000013
CNC(=O)Nc1ccc(-c2nc(N3CCOCC3)c3cnn(C4CCN(C(=O)N(C)C)CC4)c3n2)cc1,1.1,8.958607314841775,1,507.5990000000003
CNC(=O)Nc1ccc(-c2nc(N3CCOCC3)c3cnn(C4CCN(C(=O)NC)CC4)c3n2)cc1,2.0,8.698970004336019,1,493.57200000000023
CNC(=O)Nc1ccc(-c2nc(N3CCOCC3)c3cnn(C4CCN(C(=O)OC(C)(C)C)CC4)c3n2)cc1,0.7,9.154901959985743,1,536.6370000000004
CNC(=O)Nc1ccc(-c2nc(N3CCOCC3)c3cnn(C4CCN(C(=O)OC(C)C)CC4)c3n2)cc1,0.2,9.698970004336019,1,522.6100000000004
CNC(=O)Nc1ccc(-c2nc(N3CCOCC3)c3cnn(C4CCN(C(=O)OC)CC4)c3n2)cc1,0.47333333333333333,9.324832910336607,1,494.55600000000027
CNC(=O)Nc1ccc(-c2nc(N3CCOCC3)c3cnn(C4CCN(C(C)=O)CC4)c3n2)cc1,2.1,8.67778070526608,1,478.55700000000024
CNC(=O)Nc1ccc(-c2nc(N3CCOCC3)c3cnn(C4CCN(C)CC4)c3n2)cc1,22.0,7.657577319177793,1,450.5470000000002
CNC(=O)Nc1ccc(-c2nc(N3CCOCC3)c3cnn(C4CCN(Cc5ccccc5)CC4)c3n2)cc1,0.51,9.292429823902063,1,526.6450000000003
CNC(=O)Nc1ccc(-c2nc(N3CCOCC3)c3cnn(C4CCN(Cc5cccnc5)CC4)c3n2)cc1,0.3866666666666667,9.412663265492744,1,527.6330000000003
CNC(=O)Nc1ccc(-c2nc(N3CCOCC3)c3cnn(C4CCNCC4)c3n2)cc1,1.4,8.853871964321762,1,436.52000000000015
CNC(=O)Nc1ccc(-c2nc(N3CCOCC3)c3cnn(CC(F)(F)F)c3n2)cc1,1.0,9.0,1,435.41
CNC(=O)Nc1ccc(-c2nc(N3CCOCC3)c3ncccc3n2)cc1,13.0,7.886056647693163,1,364.409
CNC(=O)Nc1ccc(-c2nc(N3CCOCC3)nc(N3CCOCC3)n2)cc1,11.3,7.94692155651658,1,399.45500000000015
CNC(=O)Nc1ccc(-c2nc(N3CCOCC3)nc3c2C=NC3C2CCOCC2)cc1,23.2,7.634512015109101,1,436.5160000000002
CNC(=O)Nc1ccc(-c2nc(N3CCOCC3)nc3c2cnn3C2CCOCC2)cc1,23.0,7.638272163982407,1,437.5040000000002
CNC(=O)Nc1ccc(-c2nc(N3CCOC[C@@H]3C)nc3c2C(=O)N(CCOC)CC(C)(C)O3)cc1F,36.0,7.443697499232712,1,516.5740000000004
CNC(=O)Nc1ccc(-c2nc(N3C[C@@H](C)O[C@@H](C)C3)c3cnn(C4CCN(Cc5cccnc5)CC4)c3n2)cc1,84.0,7.075720713938118,1,555.6870000000004
CNC(=O)Nc1ccc(-c2nc(N3C[C@@H]4C[C@H]3CO4)c3cnn(CC(F)(F)F)c3n2)cc1,5.5,8.259637310505756,1,447.4210000000001
CNC(=O)Nc1ccc(-c2nc(N3C[C@H]4C[C@@H]3CO4)c3cnn(CC(F)(F)F)c3n2)cc1,91.0,7.040958607678906,1,447.4210000000001
CNC(=O)Nc1ccc(-c2ncc(OC)c(N3CCOCC3)n2)cc1,241.0,6.617982957425132,1,343.3870000000001
CNC(=O)Nc1ccc(-c2ncc3c(n2)N2CCOCC2C(=O)N3)cc1,316.23,6.499996931948306,1,354.37000000000006
CNC(=O)Nc1ccc(-c2ncc3c(n2)N2CCOCC2C(=O)N3CC2CC2)cc1,31.62,7.50003813440381,1,408.4620000000002
CNC(=O)Nc1ccc(-c2ncc3c(n2)N2CCOCC2CC(=O)N3)cc1,1584.89,5.800000874803203,0,368.3970000000001
CNC(=O)Nc1ccc(-c2ncc3c(n2)N2CCOCC2CO3)cc1,501.19,6.299997602857746,1,341.3710000000001
CNC(=O)Nc1ccc(-c2ncc3c(n2)N2CCOC[C@@]2(C)C(=O)N3CC2CC2)cc1,7.943,8.100015437450608,1,422.48900000000026
CNC(=O)Nc1ccc(Nc2nc3ccccc3n2-c2nc(C)nc(N)n2)cc1,117.66666666666667,6.92934654933184,1,389.4230000000001
CNC(=O)Nc1ccc2c(c1)C(=O)/C(=C/c1cn(C)c3nccc(-c4ccccc4)c13)O2,37.0,7.431798275933005,1,424.46000000000015
CNC(=O)Nc1ccc2c(c1)C(=O)/C(=C/c1cn(C)c3nccc(N4CC5CCC(C4)O5)c13)O2,9.5,8.022276394711152,1,459.5060000000003
CNC(=O)Nc1ccc2c(c1)C(=O)/C(=C\c1c(-c3c(C)nn(C)c3C)[nH]c3c(F)cc(OC)cc13)O2,2.4,8.619788758288394,1,489.50700000000023
CNC(=O)Nc1ccc2c(c1)C(=O)/C(=C\c1c(-c3c(C)nn(C)c3C)[nH]c3ccc(OC)cc13)O2,1.3,8.886056647693163,1,471.5170000000002
CNC(=O)Nc1cccc2c1C(=O)/C(=C/c1cn(C)c3nccc(-c4ccccc4)c13)O2,3500.0,5.455931955649724,0,424.4600000000001
CNC(=O)Nc1nc(N2CCOCC2)c2ccccc2n1,61.2,7.213248577854439,1,287.323
CNC(=O)Nc1ncc(-c2nc(-c3ccc(CN4CCN(S(C)(=O)=O)CC4)s3)nc(N3CCOCC3)n2)cn1,10.9,7.962573502059376,1,574.6930000000001
CNC(=O)c1cc(-c2ccc3c(N4CCOC[C@@H]4C)nc(N4CCOCC4)nc3n2)ccc1OC,20.0,7.698970004336019,1,478.5530000000003
CNC(=O)c1cc(-c2ccc3c(N4CCOC[C@@H]4C)nc(N4CCOC[C@@H]4C)nc3n2)ccc1F,380.0,6.42021640338319,1,480.5440000000002
CNC(=O)c1cc(-c2ccc3c(N4CCOC[C@@H]4C)nc(N4CCOC[C@@H]4C)nc3n2)ccc1OC,66.0,7.180456064458132,1,492.58000000000027
CNC(=O)c1cc(-c2ccc3c(N4CCOC[C@@H]4C)nc(N4CCOC[C@@H]4C)nc3n2)ccc1OC(F)F,40.0,7.3979400086720375,1,528.5600000000003
CNC(=O)c1cc(-c2ccnc(C)c2C#Cc2ccc(C)nc2)ccc1Cl,497.0,6.303643611266668,1,375.85900000000004
CNC(=O)c1cc(-c2ccnc(C)c2C#Cc2ccc(N)nc2)ccc1Cl,42.0,7.376750709602099,1,376.8470000000001
CNC(=O)c1cc(-c2ccnc(C)c2C#Cc2ccc(N)nc2C)ccc1Cl,85.0,7.070581074285707,1,390.87400000000014
CNC(=O)c1cc(-c2ncnc(C)c2C#Cc2ccc(N)nc2)ccc1F,32.0,7.494850021680094,1,361.38000000000005
CNC(=O)c1cc(Oc2ccc(NC(=O)Nc3cc(C(C)(C)C)nn3-c3ccc4ncccc4c3)c(F)c2)ccn1,1000.0,6.0,1,553.5980000000003
CNC(=O)c1cc(Oc2ccc(NC(=O)Nc3ccc(Cl)c(C(F)(F)F)c3)cc2)ccn1,50000.0,4.301029995663981,0,464.83100000000013
CNC(=O)c1ccc(-c2ccc3c(N4CCOC[C@@H]4C)nc(N4CCOC[C@@H]4C)nc3n2)cc1,17.0,7.769551078621726,1,462.5540000000002
CNC(=O)c1ccc(-c2ccc3c(N4CCOC[C@@H]4C)nc(N4CCOC[C@@H]4C)nc3n2)cc1F,300.0,6.522878745280337,1,480.5440000000002
CNC(=O)c1ccc(-c2ccc3c(N4CCOC[C@@H]4C)nc(N4CCOC[C@@H]4C)nc3n2)cc1OC,250.0,6.6020599913279625,1,492.58000000000027
CNC(=O)c1ccc(-c2ccc3c(N4CCOC[C@@H]4C)nc(N4CCOC[C@@H]4C)nc3n2)cn1,130.0,6.886056647693163,1,463.5420000000002
CNC(=O)c1ccc(-c2ccc3ncc4nc(C)n(-c5ccc(F)cc5)c4c3c2)cc1,157.2,6.803547458296611,1,410.4520000000001
CNC(=O)c1ccc(-c2ccnc(C)c2C#Cc2ccc(N)nc2)cn1,28.0,7.552841968657781,1,343.39000000000004
CNC(=O)c1ccc(-c2cnc3[nH]c(=O)n(CC4CCCCC4)c3n2)cc1,120.0,6.920818753952375,1,365.4370000000002
CNC(=O)c1ccc(-c2ncnc(C)c2C#Cc2ccc(N)nc2)cc1Cl,3.0,8.522878745280337,1,377.83500000000004
CNC(=O)c1ccc(NC(=O)Nc2ccc(-c3nc(N4CCOCC4)c4cccnc4n3)cc2)cc1,32.9,7.482804102050026,1,483.53200000000027
CNC(=O)c1ccc(NC(=O)Nc2ccc(-c3nc(N4CCOCC4)c4ncccc4n3)cc2)cc1,40.5,7.392544976785332,1,483.53200000000027
CNC(=O)c1ccc(NC(=O)Nc2ccc(-c3nc(N4CCOCC4)nc(N4CCOCC4)n3)cc2)cc1,0.7,9.154901959985743,1,518.5780000000004
CNC(=O)c1ccc(NC(=O)Nc2nc(N3CCOCC3)c3ccccc3n2)cc1,59.1,7.228412519118745,1,406.44600000000014
CNC(=O)c1ccc(Nc2nc3ccccc3n2-c2nc(C)nc(N)n2)o1,8610.0,5.064996848546345,0,364.36900000000014
CNC(=O)c1ccc2c(c1)OCCc1cc(C(=O)N(C)c3ccc(C(=O)N(C)C)cc3Cl)sc1-2,530.0,6.275724130399211,1,498.0040000000002
CNC(=O)c1cccc(-c2ccc3c(N4C5CCC4COC5)nc(N4C5CCC4COC5)nc3n2)c1,60.0,7.221848749616356,1,486.57600000000036
CNC(=O)c1cccc(-c2ccc3c(N4C5CCC4COC5)nc(N4CCOCC4)nc3n2)c1,166.0,6.779891911959945,1,460.53800000000035
CNC(=O)c1cccc(-c2ccc3c(N4C5CCC4COC5)nc(N4CCOC[C@@H]4C)nc3n2)c1,39.0,7.4089353929735005,1,474.56500000000034
CNC(=O)c1cccc(-c2ccc3c(N4C5CCC4COC5)nc(N4C[C@@H](C)O[C@@H](C)C4)nc3n2)c1,93.0,7.031517051446065,1,488.5920000000003
CNC(=O)c1cccc(-c2ccc3c(N4CC5CCC(C4)O5)nc(N4C5CCC4COC5)nc3n2)c1,71.0,7.1487416512809245,1,486.5760000000003
CNC(=O)c1cccc(-c2ccc3c(N4CC5CCC(C4)O5)nc(N4CCOC[C@@H]4C)nc3n2)c1,64.0,7.1938200260161125,1,474.5650000000003
CNC(=O)c1cccc(-c2ccc3c(N4CCOC[C@@H]4C)nc(C(C)(C)C)nc3n2)c1,72.0,7.142667503568732,1,419.5290000000001
CNC(=O)c1cccc(-c2ccc3c(N4CCOC[C@@H]4C)nc(N4C5CCC4COC5)nc3n2)c1,21.0,7.6777807052660805,1,474.5650000000002
CNC(=O)c1cccc(-c2ccc3c(N4CCOC[C@@H]4C)nc(N4CC5CCC(C4)O5)nc3n2)c1,32.0,7.494850021680094,1,474.5650000000002
CNC(=O)c1cccc(-c2ccc3c(N4CCOC[C@@H]4C)nc(N4CCOC[C@@H]4C)nc3n2)c1,5.223333333333334,8.282052258251072,1,462.5540000000002
CNC(=O)c1cccc(S(=O)(=O)Nc2cc(-c3sc4c(-c5cccs5)ncnc4c3C)cnc2OC)c1,604.0,6.218963061378868,1,551.6750000000002
CNC(=O)c1cn2cc(-c3cccc4[nH]ncc34)nc(N3CCOCC3)c2n1,10000.0,5.0,0,377.40800000000024
CNC(=O)c1cnc2ccc(-c3ccc(N)nc3)cc2c1Nc1ccc(C(C)(C)C#N)cc1,280.0,6.552841968657781,1,436.5190000000002
CNC(=O)c1cnc2ccc(-c3cnc4ccccc4c3)cc2c1Nc1ccc(C(C)(C)C#N)cc1,514.0,6.289036881004725,1,471.56400000000025
CNC(=O)c1cnc2ccc(-c3cnc4ccccc4c3)cc2c1Nc1ccc(N2CCNCC2)c(C(F)(F)F)c1,806.0,6.09366495819491,1,556.5920000000004
CNC(=O)c1nc(-c2ccc(Cl)c(S(=O)(=O)Nc3cccc(F)c3C)c2)cnc1N,1781.0,5.749336080536756,0,449.89500000000015
CNC(=O)c1nc(-c2ccc(Cl)c(S(=O)(=O)Nc3cccc(F)c3F)c2)cnc1N,623.0,6.205511953340831,1,453.8580000000001
CNC(=O)c1nc(-c2nc(-c3cnc4ccccn34)c(C)nc2N)n(C)n1,29000.0,4.5376020021010435,0,363.38500000000016
CNC(=O)c1nnc2ccc(-c3ccc(OCCCN(C)C)nc3)cc2c1N[C@@H](C)C1CCOCC1,20000.0,4.698970004336019,0,492.6240000000003
CNC1CCN(C(=O)c2ccc(NC(=O)Nc3ccc(-c4nc(N5CCOCC5)nc(N5CCOCC5)n4)cc3)cc2)CC1,1.6,8.795880017344075,1,601.7120000000004
CNCCCOc1ccc(-c2ccc3ncc4c(c3c2)n(C2CCOCC2)c(=O)n4C)cn1,191.0,6.718966632752273,1,447.53900000000027
CNCCCOc1ccc(-c2ccc3ncc4c(c3c2)n([C@@H]2CCCOC2)c(=O)n4C)cn1,262.0,6.581698708680254,1,447.53900000000027
CNCCCOc1ccc(-c2ccc3ncc4c(c3c2)n([C@H]2CCCOC2)c(=O)n4C)cn1,395.0,6.403402904373539,1,447.53900000000027
CNCCCOc1ccc(-c2ccc3ncc4c(c3c2)n([C@H]2C[C@@H](OC)C2)c(=O)n4C)cn1,214.0,6.669586226650809,1,447.5390000000002
CNCCN(C)C(=O)c1ccc(NC(=O)Nc2ccc(-c3nc(OC)nc(N4CCOCC4)n3)cc2)cc1,14.5,7.838631997765025,1,520.5940000000004
CNCCNc1nc(N2CCOC[C@@H]2C)c2ccc(-c3ccc(OC)c(CO)c3)nc2n1,110.0,6.958607314841775,1,438.5320000000002
CNCCOc1nc(N2CCOC[C@@H]2C)c2ccc(-c3ccc(OC)c(CO)c3)nc2n1,3.1,8.508638306165727,1,439.5160000000002
CNCc1cc(-c2ccc3c(N4CCOC[C@@H]4C)nc(N4CCOC[C@@H]4C)nc3n2)ccc1F,120.0,6.920818753952375,1,466.5610000000002
CNCc1ccc(-c2cc(-c3nc(-c4ccc(S(=O)(=O)C(C)C)cc4)cnc3N)on2)cc1,4800.0,5.318758762624412,0,463.56300000000016
CNCc1ccc(-c2ccc3c(N4CCOC[C@@H]4C)nc(N4CCOC[C@@H]4C)nc3n2)cc1,1.6,8.795880017344075,1,448.5710000000002
CNCc1ccc(-c2ccc3c(N4CCOC[C@@H]4C)nc(N4CCOC[C@@H]4C)nc3n2)o1,94.0,7.026872146400302,1,438.5320000000002
CNCc1ccc(NC(=O)Nc2ccc(-c3nc(N4C5CCC4COC5)nc(N4C5CCC4COC5)n3)cc2)cc1,0.89,9.050609993355087,1,556.6710000000005
CNCc1cccc(-c2ccc3c(N4CCOC[C@@H]4C)nc(N4CCOC[C@@H]4C)nc3n2)c1,9.1,8.040958607678906,1,448.5710000000002
CNS(=O)(=O)c1cc(-c2nnc(Nc3ccc(OCC(N)=O)cc3)c3ccccc23)ccc1C,52200.0,4.282329496997738,0,477.5460000000003
CNc1cc(-c2c(Nc3cc[nH]n3)nc3cccnn23)nc(C)n1,63.0,7.200659450546418,1,321.3480000000001
CNc1cc(-c2ccc3c(N4CCOC[C@@H]4C)nc(N4CCOC[C@@H]4C)nc3n2)ccn1,110.0,6.958607314841775,1,435.53200000000015
CNc1ccc(-c2ccc3c(N4CCOC[C@@H]4C)nc(N4CCOC[C@@H]4C)nc3n2)cn1,20.0,7.698970004336019,1,435.5320000000002
CNc1ccc(C#Cc2c(-c3ccc(S(C)(=O)=O)cc3)ccnc2C)cn1,7.0,8.154901959985743,1,377.4690000000001
CNc1nc(C)c2cc(-c3cnc(OC)c(NS(=O)(=O)c4ccc(F)cc4F)c3)cc(OC3CCOCC3)c2n1,43.0,7.366531544420414,1,571.606
CNc1nc(C)c2cc(-c3cnc(OC)c(NS(=O)(=O)c4ccc(F)cc4F)c3)cc(O[C@@H]3CCOC3)c2n1,56.0,7.251811972993799,1,557.5790000000001
CNc1nc(C)nc(-c2cc(CN3CCN(S(C)(=O)=O)CC3)cnc2Nc2ccc(OC)nc2)n1,10000.0,5.0,0,499.6010000000003
CNc1nc(C)nc(-n2c(Nc3cc[nH]n3)nc3ccccc32)n1,260.3333333333333,6.584470220842362,1,321.34800000000007
CNc1nc(N2CCOC[C@@H]2C)c2ccc(-c3ccc(OC)c(CO)c3)nc2n1,49.0,7.309803919971486,1,395.4630000000002
CNc1nc2cc(-c3cnc4[nH]c(=O)n(CC5CCOCC5)c4n3)ccc2[nH]1,2503.0,5.601539150391777,0,379.4240000000001
CNc1nc2cc(Cl)ccc2n1-c1nc2c(c(C(C)(C)S(C)(=O)=O)n1)OC[C@@H]1COCCN21,501.0,6.300162274132754,1,492.9890000000003
CNc1nc2cc(Cl)ccc2n1-c1nc2c(c(C3(S(C)(=O)=O)CC3)n1)OC[C@@H]1COCCN21,3410.0,5.467245621007502,0,490.97300000000035
CNc1nc2cc(Cl)ccc2n1-c1nc2c(c(C3(S(C)(=O)=O)CCC3)n1)OC[C@@H]1COCCN21,4480.0,5.3487219860018556,0,505.0000000000004
CNc1nc2cc(F)ccc2n1-c1nc2c(c(C(C)(C)S(C)(=O)=O)n1)OC[C@@H]1COCCN21,1590.0,5.798602875679548,0,476.5340000000003
CNc1nc2cc(F)ccc2n1-c1nc2c(c(C3(S(C)(=O)=O)CCC3)n1)OC[C@@H]1COCCN21,6080.0,5.216096420727265,0,488.5450000000004
CNc1nc2ccc(C#N)cc2n1-c1nc2c(c(C(C)(C)S(C)(=O)=O)n1)OC[C@@H]1COCCN21,10000.0,5.0,0,483.5540000000003
CNc1nc2ccc(Cl)cc2n1-c1nc2c(c(C(C)(C)S(C)(=O)=O)n1)OC[C@@H]1COCCN21,5550.0,5.255707016877324,0,492.9890000000003
CNc1nc2ccc(Cl)cc2n1-c1nc2c(c(C3(S(C)(=O)=O)CC3)n1)OC[C@@H]1COCCN21,10000.0,5.0,0,490.97300000000035
CNc1nc2ccc(Cl)cc2n1-c1nc2c(c(C3(S(C)(=O)=O)CCC3)n1)OC[C@@H]1COCCN21,10000.0,5.0,0,505.0000000000004
CNc1nc2ccc(F)cc2n1-c1nc2c(c(C(C)(C)S(C)(=O)=O)n1)OC[C@@H]1COCCN21,2470.0,5.607303046740334,0,476.5340000000003
CNc1nc2ccc(F)cc2n1-c1nc2c(c(C3(S(C)(=O)=O)CCC3)n1)OC[C@@H]1COCCN21,6800.0,5.167491087293763,0,488.5450000000004
CNc1nc2ccccc2n1-c1nc(N2CCOC[C@H]2C)c2scc(S(C)(=O)=O)c2n1,58.8,7.230622673923861,1,458.56900000000013
CNc1nc2ccccc2n1-c1nc(N2CCOC[C@H]2C)cc(C2(S(C)(=O)=O)CC2)n1,1850.6666666666667,5.732671797272864,0,442.5450000000002
CNc1nc2ccccc2n1-c1nc(N2CCOC[C@H]2C)cc(C2([S@](C)(=N)=O)CC2)n1,4350.0,5.361510743045363,0,441.56100000000015
CNc1nc2ccccc2n1-c1nc2c(c(C(C)(C)O)n1)OCC1COCCN21,1240.0,5.906578314837765,0,396.4510000000002
CNc1nc2ccccc2n1-c1nc2c(c(C(C)(C)S(C)(=O)=O)n1)OCC1COCCN21,588.0,6.230622673923862,1,458.54400000000027
CNc1nc2ccccc2n1-c1nc2c(c(C(C)(C)S(C)(=O)=O)n1)OCCC1COCCN21,586.0,6.23210238398191,1,472.5710000000003
CNc1nc2ccccc2n1-c1nc2c(c(C(C)(C)S(C)(=O)=O)n1)OCC[C@@H]1COCCN21,6600.0,5.180456064458132,0,472.5710000000003
CNc1nc2ccccc2n1-c1nc2c(c(C(C)(C)S(C)(=O)=O)n1)OC[C@@H]1COCCN21,604.0,6.218963061378868,1,458.54400000000027
CNc1nc2ccccc2n1-c1nc2c(c(C3(S(C)(=O)=O)CC3)n1)OC[C@@H]1COCCN21,854.0,6.068542129310995,1,456.52800000000036
CNc1nc2ccccc2n1-c1nc2c(c(C3(S(C)(=O)=O)CCC3)n1)OC[C@@H]1COCCN21,1240.0,5.906578314837765,0,470.5550000000004
CNc1nc2ccccc2n1-c1nc2c(c(C3(S(C)(=O)=O)CCOCC3)n1)OCC1COCCN21,10000.0,5.0,0,500.5810000000005
CNc1nc2ccccc2n1-c1nc2c(c(C3(S(C)(=O)=O)CCOCC3)n1)OCCC1COCCN21,3090.0,5.510041520575165,0,514.6080000000005
CNc1ncc2c(-c3ccc(N4CCN(C(=O)C(C)(C)C)CC4)nc3)nn(CC3CCCC3)c2n1,10000.0,5.0,0,476.62900000000036
CNc1ncc2c(-c3ccc(N4CCN(C(=O)C(C)(C)C)CC4)nc3)nn(Cc3cn(Cc4ccccc4)nn3)c2n1,10000.0,5.0,0,565.6860000000001
CNc1ncc2c(-c3ccc(N4CCN(C)CC4)cc3)nn(CC3CCCC3)c2n1,10000.0,5.0,0,405.5500000000002
CNc1ncc2c(-c3ccc(N4CCN(C)CC4)nc3)nn(CC3CCCC3)c2n1,10000.0,5.0,0,406.5380000000002
CNc1ncc2c(-c3ccc(N4CCN(C)CC4)nc3)nn(Cc3cn(Cc4ccccc4)nn3)c2n1,10000.0,5.0,0,495.59500000000014
CNc1ncc2c(-c3ccc(N4CCNCC4)cc3)nn(Cc3cn(Cc4ccccc4)nn3)c2n1,10000.0,5.0,0,480.58000000000015
CNc1ncc2c(-c3ccc(N4CCNCC4)nc3)nn(CC3CCCC3)c2n1,10000.0,5.0,0,392.5110000000002
CNc1ncc2c(-c3ccc(N4CCNCC4)nc3)nn(CC3OCCO3)c2n1,10000.0,5.0,0,396.45500000000015
CNc1ncc2c(-c3ccc(N4CCNCC4)nc3)nn(Cc3cn(-c4ccsc4C(=O)OC)nn3)c2n1,10000.0,5.0,0,531.6060000000001
CNc1ncc2c(-c3ccc(N4CCNCC4)nc3)nn(Cc3cn(Cc4ccccc4)nn3)c2n1,10000.0,5.0,0,481.56800000000015
CNc1ncc2c(-c3ccc(OC)cc3)nn(CC3OCCO3)c2n1,10000.0,5.0,0,341.37100000000015
CNc1ncnc(-n2c(Nc3cccc(O)c3)nc3ccccc32)n1,1110.0,5.954677021213342,0,333.3550000000001
CNc1noc2cc(-c3nn(C(C)C)c4ncnc(N)c34)ccc12,10000.0,5.0,0,323.36000000000007
CNc1noc2ccc(-c3nn(C(C)C)c4ncnc(N)c34)cc12,10000.0,5.0,0,323.36000000000007
COC(=O)CCNC(=O)c1ccc(-c2ccnc(C)c2C#Cc2ccc(N)nc2C)cc1F,24.0,7.619788758288394,1,446.48200000000026
COC(=O)CN1CCC(n2c(=O)cnc3cnc4ccc(-c5ccc(N)nc5)cc4c32)CC1,4.0,8.397940008672037,1,444.4950000000003
COC(=O)N1CCC(n2c(=O)n(C)c3cnc4ccc(-c5ccc(OC)nc5)cc4c32)CC1,72.9,7.137272471682025,1,447.4950000000003
COC(=O)N1CCC(n2ncc3c(N4C5CCC4COC5)nc(-c4ccc(NC(=O)Nc5cccnc5)cc4)nc32)CC1,0.16,9.795880017344075,1,583.653
COC(=O)N1CCC(n2ncc3c(N4CC5CCC(C4)O5)nc(-c4ccc(NC(=O)NC5CC5)cc4)nc32)CC1,0.62,9.207608310501746,1,546.6320000000001
COC(=O)N1CCC(n2ncc3c(N4CC5CCC(C4)O5)nc(-c4ccc(NC(=O)Nc5cccnc5)cc4)nc32)CC1,0.11,9.958607314841775,1,583.653
COC(=O)N1CCC(n2ncc3c(N4CCOC(C)C4)nc(-c4ccc(NC(=O)Nc5cccnc5)cc4)nc32)CC1,0.62,9.207608310501746,1,571.642
COC(=O)N1CCC(n2ncc3c(N4CCOCC4)nc(-c4ccc(N)cc4)nc32)CC1,4.6,8.337242168318426,1,437.50400000000025
COC(=O)N1CCC(n2ncc3c(N4CCOCC4)nc(-c4ccc(NC(=O)NC5CC5)cc4)nc32)CC1,0.475,9.323306390375134,1,520.5940000000003
COC(=O)N1CCC(n2ncc3c(N4CCOCC4)nc(-c4ccc(NC(=O)NCCF)cc4)nc32)CC1,0.605,9.21824462534753,1,526.5730000000002
COC(=O)N1CCC(n2ncc3c(N4CCOCC4)nc(-c4ccc(NC(=O)Nc5ccc(CCN6CCCC6)cc5)cc4)nc32)CC1,0.7,9.154901959985743,1,653.7879999999999
COC(=O)N1CCC(n2ncc3c(N4CCOCC4)nc(-c4ccc(NC(=O)Nc5ccc(CCN6CCN(C)CC6)cc5)cc4)nc32)CC1,0.8,9.096910013008056,1,682.8299999999998
COC(=O)N1CCC(n2ncc3c(N4CCOCC4)nc(-c4ccc(NC(=O)Nc5ccc(CCN6CCOCC6)cc5)cc4)nc32)CC1,0.6,9.221848749616356,1,669.7869999999999
COC(=O)N1CCC(n2ncc3c(N4CCOCC4)nc(-c4ccc(NC(=O)Nc5ccc(CCO)cc5)cc4)nc32)CC1,0.1,10.0,1,600.6800000000001
COC(=O)N1CCC(n2ncc3c(N4CCOCC4)nc(-c4ccc(NC(=O)Nc5ccc(CO)cc5)cc4)nc32)CC1,0.08,10.096910013008056,1,586.653
COC(=O)N1CCC(n2ncc3c(N4CCOCC4)nc(-c4ccc(NC(=O)Nc5ccc(N6CCN(C)CC6)cc5)cc4)nc32)CC1,0.32,9.494850021680094,1,654.776
COC(=O)N1CCC(n2ncc3c(N4CCOCC4)nc(-c4ccc(NC(=O)Nc5ccccc5)cc4)nc32)CC1,0.3,9.522878745280337,1,556.627
COC(=O)N1CCC(n2ncc3c(N4CCOCC4)nc(-c4ccc(NC(=O)Nc5cccnc5)cc4)nc32)CC1,0.2,9.698970004336019,1,557.615
COC(=O)N1CCC(n2ncc3c(N4CCOCC4)nc(-c4ccc(NC(=O)Nc5ccncc5)cc4)nc32)CC1,0.3,9.522878745280337,1,557.615
COC(=O)N1CCC(n2ncc3c(N4CCOCC4)nc(-c4ccc(NC(=O)OCCO)cc4)nc32)CC1,1.0,9.0,1,525.5660000000003
COC(=O)N1CCC(n2ncc3c(N4CCOCC4)nc(-c4ccc5oc(N)nc5c4)nc32)CC1,1000.0,6.0,1,478.5130000000003
COC(=O)N1CCN(Cc2cnc(Nc3ccc(OC)nc3)c(-c3nc(C)nc(N)n3)c2)CC1,3700.0,5.431798275933005,0,465.5180000000003
COC(=O)N1CCN(Cc2cnc(Nc3ccc(OC)nc3)c(-c3nc(C)nc4[nH]cnc34)c2)CC1,346.0,6.460923901207224,1,489.5400000000003
COC(=O)Nc1cc(C(F)(F)F)c(-c2nc(N3CCOCC3)c3cc(CN4CCN(S(C)(=O)=O)CC4)cn3n2)cn1,10000.0,5.0,0,598.6080000000002
COC(=O)Nc1ccc(-c2nc(N3CC4CCC(C3)O4)c3sccc3n2)cc1,11.0,7.958607314841775,1,396.4720000000001
COC(=O)Nc1ccc(-c2nc(N3CCOCC3)c3cnn(-c4ccccc4)c3n2)cc1,20.0,7.698970004336019,1,430.468
COC(=O)Nc1ccc(-c2nc(N3CCOCC3)c3cnn(C4CCN(C(=O)OC)CC4)c3n2)cc1,4.766666666666667,8.3217852172546,1,495.54000000000025
COC(=O)Nc1ccc(-c2nc(N3CCOCC3)c3cnn(C4CCN(Cc5ccccc5)CC4)c3n2)cc1,12.0,7.920818753952375,1,527.6290000000002
COC(=O)Nc1ccc(-c2nc(N3CCOCC3)c3cnn(C4CCN(Cc5cccnc5)CC4)c3n2)cc1,5.3999999999999995,8.267606240177031,1,528.6170000000003
COC(=O)Nc1ccc(Nc2ncc(Cl)cc2-c2nc(C)nc(N)n2)cn1,10000.0,5.0,0,386.8030000000001
COC(=O)Nc1noc2cc(-c3nn(C(C)C)c4ncnc(N)c34)ccc12,10000.0,5.0,0,367.3690000000001
COC(=O)Nc1noc2ccc(-c3nn(C(C)C)c4ncnc(N)c34)cc12,10000.0,5.0,0,367.36900000000014
COC(=O)[C@@H]1CCCN1C(=O)c1ccc(NC(=O)Nc2ccc(-c3nc(N4CCOCC4)nc(N4CCOCC4)n3)cc2)cc1,4.2,8.3767507096021,1,616.6790000000002
COC(=O)[C@@H]1CCCN1c1nc(N2CCOC[C@@H]2C)c2ccc(-c3ccc(OC)c(CO)c3)nc2n1,30.0,7.522878745280337,1,493.56400000000025
COC(=O)[C@@H]1C[C@@H](O)CN1C(=O)c1ccc(NC(=O)Nc2ccc(-c3nc(N4CCOCC4)nc(N4CCOCC4)n3)cc2)cc1,3.3,8.481486060122112,1,632.6780000000002
COC(=O)[C@@H]1C[C@@H](O)CN1c1nc(N2CCOC[C@@H]2C)c2ccc(-c3ccc(OC)c(CO)c3)nc2n1,19.0,7.721246399047171,1,509.5630000000002
COC(=O)c1cc(-c2ccc3c(N4CCOC[C@@H]4C)nc(N4CCOC[C@@H]4C)nc3n2)ccc1OC,170.0,6.769551078621726,1,493.56400000000025
COC(=O)c1cc(-c2nc3c(N4CCOC[C@H]4C)nc(N4CCOC[C@H]4C)nc3[nH]2)c2cc[nH]c2c1,533.0,6.273272790973428,1,491.55200000000025
COC(=O)c1ccc(-c2ccc3c(N4CCOC[C@@H]4C)nc(N4CCOC[C@@H]4C)nc3n2)cc1OC,230.0,6.638272163982407,1,493.5640000000003
COC(=O)c1ccc(-c2ccc3ncc4nc(C)n(-c5ccc(F)cc5)c4c3c2)cc1,206.1,6.685922008220787,1,411.4360000000001
COC(=O)c1ccc(-c2cnc3[nH]c(=O)n(CC4CCCCC4)c3n2)cc1,10000.0,5.0,0,366.4210000000002
COC(=O)c1ccc(NC(=O)Nc2ccc(-c3nc(N4CCOCC4)nc(N4CCOCC4)n3)cc2)cc1,2.5,8.602059991327963,1,519.5620000000005
COC(=O)c1cccc(-c2ccc3c(N4CCOC[C@@H]4C)nc(N4CCOC[C@@H]4C)nc3n2)c1,440.0,6.356547323513812,1,463.53800000000024
COC(=O)c1cccc(-c2nc(N3CCOC[C@@H]3C)c3ccc(-c4ccc(OC)c(CO)c4)nc3n2)c1,770.0,6.113509274827518,1,500.55500000000023
COC(=O)c1cncc(-c2ccc3c(N4CCOC[C@@H]4C)nc(N4CCOC[C@@H]4C)nc3n2)c1,1100.0,5.958607314841775,0,464.52600000000024
COC(=O)c1cncn1-c1nc(N2CCOC[C@@H]2C)c2ccc(-c3ccc(OC)c(CO)c3)nc2n1,92.0,7.036212172654444,1,490.52000000000027
COC(Cn1ccc2c(N3CCOCC3)nc(-c3ccc(NC(=O)Nc4ccncc4)cc3)nc21)OC,1.0,9.0,1,503.5630000000001
COC(Cn1nc(-c2ccc3oc(N)nc3c2)c2c(N)ncnc21)OC,25.0,7.6020599913279625,1,355.35800000000006
COC1(C)CN(S(=O)(=O)c2ccc(C)c(-c3cnc(N)c(-c4nc(C)no4)c3)c2)C1,10000.0,5.0,0,429.50200000000024
COC1CCC(N2C(=O)CNc3ncc(-c4ccc(C(C)(C)O)nc4)nc32)CC1,16.0,7.795880017344075,1,397.4790000000002
COC1CCN(C(=O)C2CCN(c3ccnc4c3c(/C=C3\Oc5ccc(NC(=O)Nc6cccnc6)cc5C3=O)cn4C)CC2)C1,8.2,8.086186147616283,1,621.698
COC1CCN(c2nc(N3CCOCC3)c3nc(-c4cccc5[nH]ccc45)[nH]c3n2)CC1,172.0,6.764471553092451,1,433.51600000000013
COC1CCN(c2ncnc(C)c2C#Cc2ccc(N)nc2)CC1,18.0,7.7447274948966935,1,323.4000000000001
COCC(=O)N(C)Cc1ccc(-c2ccc3c(N4CCOC[C@@H]4C)nc(N4CCOC[C@@H]4C)nc3n2)cc1,670.0,6.173925197299173,1,520.6340000000005
COCC(=O)N(C)Cc1cccc(-c2ccc3c(N4CCOC[C@@H]4C)nc(N4CCOC[C@@H]4C)nc3n2)c1,200.0,6.698970004336019,1,520.6340000000005
COCC(=O)NCc1cc(-c2ccc3c(N4CCOC[C@@H]4C)nc(N4CCOC[C@@H]4C)nc3n2)ccc1F,160.0,6.795880017344075,1,524.5970000000003
COCC(=O)NCc1cccc(-c2ccc3c(N4CCOC[C@@H]4C)nc(N4CCOC[C@@H]4C)nc3n2)c1,54.0,7.267606240177032,1,506.60700000000037
COCC(C)Nc1nc(N2CCOC[C@@H]2C)c2ccc(-c3ccc(OC)c(CO)c3)nc2n1,26.0,7.585026652029182,1,453.5430000000002
COCC1(C)COC(=O)N1c1ccn2ncc(-c3ccc(-c4nc[nH]n4)c(F)c3)c2n1,6.6,8.18045606445813,1,423.40800000000013
COCCC(=O)N1CCN(c2ccc(Nc3ccnc4ccc(-c5cnc6ccccc6c5)cc34)cc2C(F)(F)F)CC1,966.0,6.015022873584506,1,585.6300000000002
COCCC(=O)NCC1CCN(c2ncnc(C)c2C#Cc2ccc(N)nc2)CC1,18.0,7.7447274948966935,1,408.50600000000026
COCCCN(C)C(=O)c1ccc(-c2ccnc(C)c2C#Cc2ccc(N)nc2)cn1,10.0,8.0,1,415.4970000000002
COCCCNC(=O)c1cn2cc(-c3cccc4[nH]ncc34)nc(N3CCOCC3)c2n1,10000.0,5.0,0,435.4880000000003
COCCCNC(=O)c1cn2cc(-c3cnc(N)nc3)nc(N3CCOCC3)c2n1,5000.0,5.301029995663981,0,412.4540000000003
COCCN(C)C(=O)c1cc(-c2ccnc(C)c2C#Cc2ccc(N)nc2)ccc1Cl,6.0,8.221848749616356,1,434.92700000000013
COCCN(C)C(=O)c1cc(-c2ccnc(C)c2C#Cc2ccc(N)nc2)ccc1F,6.0,8.221848749616356,1,418.47200000000015
COCCN(C)C(=O)c1ccc(-c2ccnc(C)c2C#Cc2ccc(N)nc2)cn1,20.0,7.698970004336019,1,401.47000000000014
COCCN(C)C(=O)c1cccc(-c2ccc3c(N4CCOC[C@@H]4C)nc(N4CCOC[C@@H]4C)nc3n2)c1,230.0,6.638272163982407,1,520.6340000000005
COCCN(C)Cc1cc(-c2ccc3c(N4CCOC[C@@H]4C)nc(N4CCOC[C@@H]4C)nc3n2)ccc1F,460.0,6.337242168318426,1,524.6410000000003
COCCN(C)c1nc(N2C3CCC2COC3)c2ccc(-c3ccc(OC)c(CO)c3)nc2n1,22.0,7.657577319177793,1,465.5540000000002
COCCN(C)c1nc(N2C3CCC2COC3)nc2nc(-c3ccc(OC)c(CO)c3)ccc12,57.0,7.2441251443275085,1,465.5540000000002
COCCN(CCOC)c1nc(N2CCOC[C@@H]2C)c2ccc(-c3ccc(OC)c(CO)c3)nc2n1,55.0,7.259637310505756,1,497.59600000000023
COCCN1C(=O)CNc2ncc(-c3ccc(-c4nc[nH]n4)nc3C)nc21,19.0,7.721246399047171,1,366.38500000000005
COCCN1C(=O)CNc2ncc(-c3ccc(C(C)(C)O)nc3)nc21,175.0,6.756961951313706,1,343.38700000000006
COCCN1CC(=O)Nc2ncc(-c3ccc(-c4nc[nH]n4)nc3C)nc21,68.0,7.167491087293763,1,366.38500000000005
COCCN1CC(=O)Nc2ncc(-c3ccc(C(C)(C)O)nc3)nc21,436.0,6.360513510731414,1,343.38700000000006
COCCN1CC(C)(C)Oc2nc(N3CC4CCC(C3)O4)nc(-c3ccc(NC(=O)Nc4ccc(F)cc4F)cc3)c2C1=O,147.0,6.8326826652518236,1,608.6460000000002
COCCN1CC(C)(C)Oc2nc(N3CC4CCC(C3)O4)nc(-c3ccc(NC(=O)Nc4ccc(OC)nc4)c(F)c3)c2C1=O,45.0,7.346787486224656,1,621.6700000000002
COCCN1CC(C)(C)Oc2nc(N3CC4CCC(C3)O4)nc(-c3ccc(NC(=O)Nc4ccc(OC)nc4)cc3)c2C1=O,117.0,6.931814138253839,1,603.6800000000002
COCCN1CC(C)(C)Oc2nc(N3CC4CCC(C3)O4)nc(-c3ccc(NC(=O)Nc4cccc(OC(C)F)c4)c(F)c3)c2C1=O,348.0,6.458420756053419,1,652.6990000000002
COCCN1CC(C)(C)Oc2nc(N3CC4CCC(C3)O4)nc(-c3ccc(NC(=O)Nc4ccon4)c(F)c3)c2C1=O,58.0,7.236572006437063,1,581.6050000000001
COCCN1CC(C)(C)Oc2nc(N3CC4CCC(C3)O4)nc(-c3ccc(NC(=O)Nc4ccon4)cc3)c2C1=O,20.0,7.698970004336019,1,563.6150000000001
COCCN1CC(C)(C)Oc2nc(N3CCOC[C@@H]3C)nc(-c3ccc(NC(=O)NCC(C)(C)O)c(F)c3)c2C1=O,1280.0,5.892790030352131,0,574.6540000000002
COCCN1CC(C)(C)Oc2nc(N3CCOC[C@@H]3C)nc(-c3ccc(NC(=O)Nc4ccc(F)cc4F)cc3)c2C1=O,63.0,7.200659450546418,1,596.6350000000001
COCCN1CC(C)(C)Oc2nc(N3CCOC[C@@H]3C)nc(-c3ccc(NC(=O)Nc4cccc(OC(F)F)c4)cc3)c2C1=O,125.0,6.903089986991944,1,626.6610000000002
COCCN1CC(C)(C)Oc2nc(N3CCOC[C@@H]3C)nc(-c3ccc(NC(=O)Nc4ccon4)cc3)c2C1=O,11.0,7.958607314841775,1,551.6040000000002
COCCN1CC(C)(C)Oc2nc(N3CCOC[C@@H]3C)nc(-c3ccc(NC(=O)Nc4cnn(C)c4)cc3)c2C1=O,48.0,7.318758762624412,1,564.6470000000002
COCCN1CCN(C(=O)c2ccc(-c3ccnc(C)c3C#Cc3ccc(N)nc3C)cc2F)CC1,5.0,8.301029995663981,1,487.57900000000035
COCCN1CCN(C(=O)c2ccc(-c3ncnc(C)c3C#Cc3ccc(N)nc3)cc2)CC1,3.0,8.522878745280337,1,456.5500000000003
COCCN1CCN(c2ccc3nc(Nc4cnc(OC)c(F)c4)c(-c4nc(C)nc(N)n4)n3c2)CC1,121.0,6.91721462968355,1,508.56200000000035
COCCN1CCN(c2ncnc(C)c2C#Cc2ccc(N)nc2)CC1,32.0,7.494850021680094,1,352.4420000000001
COCCN1C[C@H](C(C)C)N(c2ccn3ncc(-c4ccc(-c5ncc[nH]5)cc4)c3n2)C1=O,5.2,8.2839966563652,1,445.52700000000016
COCCNC(=O)CC1CCN(c2ncnc(C)c2C#Cc2ccc(N)nc2)CC1,144.0,6.841637507904751,1,408.5060000000002
COCCNC(=O)Nc1ccc(-c2nc(N3CCOCC3)c3cnn(C4CCN(Cc5ccccc5)CC4)c3n2)cc1,23.0,7.638272163982407,1,570.6980000000002
COCCNC(=O)c1ccc(-c2ccnc(C)c2C#Cc2ccc(N)nc2)cn1,88.0,7.055517327849832,1,387.4430000000001
COCCNC(=O)c1cccc(-c2ccc3c(N4CCOC[C@@H]4C)nc(N4CCOC[C@@H]4C)nc3n2)c1,180.0,6.7447274948966935,1,506.60700000000037
COCCNC(=O)c1cn2cc(-c3cnc(N)nc3)nc(N3CCOCC3)c2n1,2290.0,5.640164517660112,0,398.42700000000025
COCCNC(=O)c1cnc(Nc2ccc(OC)nc2)c(-c2nc(C)nc(N)n2)c1,10000.0,5.0,0,410.43800000000016
COCCNCc1cc(-c2ccc3c(N4CCOC[C@@H]4C)nc(N4CCOC[C@@H]4C)nc3n2)ccc1F,210.0,6.6777807052660805,1,510.6140000000003
COCCNCc1cc(-c2ccc3c(N4CCOC[C@@H]4C)nc(N4CCOC[C@@H]4C)nc3n2)ccc1OC,32.0,7.494850021680094,1,522.6500000000003
COCCNCc1ccc(-c2ccc3c(N4CCOC[C@@H]4C)nc(N4CCOC[C@@H]4C)nc3n2)o1,330.0,6.481486060122113,1,482.5850000000003
COCCNCc1cccc(-c2ccc3c(N4CCOC[C@@H]4C)nc(N4CCOC[C@@H]4C)nc3n2)c1,21.0,7.6777807052660805,1,492.6240000000003
COCCNCc1cnc(Nc2ccc(OC)nc2)c(-c2nc(C)nc(N)n2)c1,10000.0,5.0,0,396.45500000000015
COCCNc1cnc(Nc2ccc(OC)nc2)c(-c2nc(C)nc3[nH]cnc23)c1,3537.0,5.451364940185249,0,406.45000000000016
COCCNc1nc(C)nc(-c2cc(Cl)cnc2Nc2cnc(OC)c(F)c2)n1,10000.0,5.0,0,419.8480000000001
COCCNc1nc(N2CCOC[C@@H]2C)c2ccc(-c3ccc(OC)c(CO)c3)nc2n1,39.0,7.4089353929735005,1,439.5160000000002
COCCOCCN1C[C@H](C(C)C)N(c2ccn3ncc(-c4ccc(-c5nc[nH]n5)cc4)c3n2)C1=O,16.3,7.787812395596042,1,490.5680000000002
COCCOc1ccc(-c2nc(C)nc(N)n2)c(Nc2cnc(OC)c(F)c2)n1,10000.0,5.0,0,401.4020000000001
COCCOc1ccc(NC(=O)Nc2ccc(Nc3ncc(Cl)cc3-c3nc(C)nc(N)n3)cn2)cc1,10000.0,5.0,0,521.9690000000003
COCCOc1ccc([C@@H]2OC(=O)N(c3cc(-c4cnc(N)nc4C(F)(F)F)nc(N4CCOCC4)n3)[C@H]2CO)cc1,750.0,6.1249387366083,1,591.5470000000003
COCCOc1cnc(Nc2cnc(C)c(NS(C)(=O)=O)c2)c(-c2nc(C)nc(N)n2)c1,1942.0,5.711750774428014,0,460.52000000000027
COCCOc1cnc(Nc2cnc(Cl)c(NS(C)(=O)=O)c2)c(-c2nc(C)nc(N)n2)c1,41.5,7.3819519032879075,1,480.9380000000003
COCCOc1cnc(Nc2cnc(OC)c(NS(C)(=O)=O)c2)c(-c2nc(C)nc(N)n2)c1,1416.0,5.84893674664625,0,476.51900000000023
COCCOc1nc(N2CCOC[C@@H]2C)c2ccc(-c3ccc(OC)c(CO)c3)nc2n1,24.0,7.619788758288394,1,440.5000000000002
COCCn1c(=O)[nH]c2ncc(-c3ccc(O)cc3)nc21,2380.0,5.623423042943488,0,286.29100000000005
COCCn1c(=O)n(C)c2cnc(Nc3ccc(OC)cc3C)cc21,100000.0,4.0,0,342.3990000000001
COCCn1c(Cc2nc(N3CCOCC3)cc(=O)[nH]2)nc2cc(F)ccc21,10000.0,5.0,0,387.415
COCCn1nc(-c2cc3cc(O)ccc3[nH]2)c2c(N)ncnc21,100.0,7.0,1,324.34400000000005
COCOc1cc(-c2nn(C(C)C)c3ncnc(N)c23)ccc1Br,1100.0,5.958607314841775,0,392.25700000000006
COC[C@@H](C)Nc1nc(N2CCOC[C@@H]2C)c2ccc(-c3ccc(OC)c(CO)c3)nc2n1,58.0,7.236572006437063,1,453.5430000000002
COC[C@H]1OC(=O)/C(=C/N(C)C(C)(C)C)C2=C(O)C(=O)C3=C([C@H](OC(C)=O)C[C@]4(C)[C@@H](O)CC[C@@H]34)[C@]21C,6500.0,5.187086643357144,0,517.6190000000004
COC[C@H]1OC(=O)/C(=C/N(C)C2CCN(C)C2)C2=C(O)C(=O)C3=C([C@H](OC(C)=O)C[C@]4(C)[C@@H](O)CC[C@@H]34)[C@]21C,1210.0,5.91721462968355,0,544.6450000000003
COC[C@H]1OC(=O)/C(=C/N(C)CC(=O)OC(C)(C)C)C2=C(O)C(=O)C3=C([C@H](OC(C)=O)C[C@]4(C)[C@@H](O)CC[C@@H]34)[C@]21C,13900.0,4.856985199745905,0,575.6550000000001
COC[C@H]1OC(=O)/C(=C/N(C)CC(O)CO)C2=C(O)C(=O)C3=C([C@H](OC(C)=O)C[C@]4(C)[C@@H](O)CC[C@@H]34)[C@]21C,1870.0,5.728158393463501,0,535.5900000000003
COC[C@H]1OC(=O)/C(=C/N(C)CCCC(=O)O)C2=C(O)C(=O)C3=C([C@H](OC(C)=O)C[C@]4(C)[C@@H](O)CC[C@@H]34)[C@]21C,12600.0,4.899629454882437,0,547.6010000000003
COC[C@H]1OC(=O)/C(=C/N(C)CCCN(C)C)C2=C(O)C(=O)C3=C([C@H](O)C[C@]4(C)[C@@H](O)CC[C@@H]34)[C@]21C,20000.0,4.698970004336019,0,504.6240000000003
COC[C@H]1OC(=O)/C(=C/N(C)CCCN(C)C)C2=C(O)C(=O)C3=C([C@H](OC(C)=O)C[C@]4(C)[C@@H](O)CC[C@@H]34)[C@]21C,2920.0,5.534617148551582,0,546.6610000000003
COC[C@H]1OC(=O)/C(=C/N(C)CCCN2CCN(C)CC2)C2=C(O)C(=O)C3=C([C@H](OC(C)=O)C[C@]4(C)[C@@H](O)CC[C@@H]34)[C@]21C,2330.0,5.632644078973981,0,601.7410000000002
COC[C@H]1OC(=O)/C(=C/N(C)CCCN2CCN(c3ccc(OC)cc3)CC2)C2=C(O)C(=O)C3=C([C@H](OC(C)=O)C[C@]4(C)[C@@H](O)CC[C@@H]34)[C@]21C,1350.0,5.8696662315049934,0,693.838
COC[C@H]1OC(=O)/C(=C/N(C)CCCN2CCOCC2)C2=C(O)C(=O)C3=C([C@H](OC(C)=O)C[C@]4(C)[C@@H](O)CC[C@@H]34)[C@]21C,2290.0,5.640164517660112,0,588.6980000000002
COC[C@H]1OC(=O)/C(=C/N(C)CCN(C)C)C2=C(O)C(=O)C3=C([C@H](OC(C)=O)C[C@]4(C)[C@@H](O)CC[C@@H]34)[C@]21C,1470.0,5.8326826652518236,0,532.6340000000002
COC[C@H]1OC(=O)/C(=C/N(CCC#N)Cc2ccccc2)C2=C(O)C(=O)C3=C([C@H](OC(C)=O)C[C@]4(C)[C@@H](O)CC[C@@H]34)[C@]21C,1690.0,5.772113295386326,0,590.6730000000001
COC[C@H]1OC(=O)/C(=C/N(CCCN(C)C)C(C)(C)C)C2=C(O)C(=O)C3=C([C@H](OC(C)=O)C[C@]4(C)[C@@H](O)CC[C@@H]34)[C@]21C,816.0,6.088309841246139,1,588.7420000000002
COC[C@H]1OC(=O)/C(=C/N(CCCN(C)C)CCCN(C)C)C2=C(O)C(=O)C3=C([C@H](OC(C)=O)C[C@]4(C)[C@@H](O)CC[C@@H]34)[C@]21C,3560.0,5.448550002027125,0,617.7840000000002
COC[C@H]1OC(=O)/C(=C/N(CCN(C)C)Cc2ccccc2)C2=C(O)C(=O)C3=C([C@H](OC(C)=O)C[C@]4(C)[C@@H](O)CC[C@@H]34)[C@]21C,5600.0,5.251811972993799,0,608.7320000000002
COC[C@H]1OC(=O)/C(=C/N(CCO)C(C)(C)C)C2=C(O)C(=O)C3=C([C@H](OC(C)=O)C[C@]4(C)[C@@H](O)CC[C@@H]34)[C@]21C,28600.0,4.543633966870957,0,547.6450000000003
COC[C@H]1OC(=O)/C(=C/N(CCO)CCO)C2=C(O)C(=O)C3=C([C@H](OC(C)=O)C[C@]4(C)[C@@H](O)CC[C@@H]34)[C@]21C,18700.0,4.728158393463501,0,535.5900000000003
COC[C@H]1OC(=O)/C(=C/N2CCC(=O)CC2)C2=C(O)C(=O)C3=C([C@H](OC(C)=O)C[C@]4(C)[C@@H](O)CC[C@@H]34)[C@]21C,960.0,6.017728766960431,1,529.5860000000002
COC[C@H]1OC(=O)/C(=C/N2CCC(C(=O)O)CC2)C2=C(O)C(=O)C3=C([C@H](OC(C)=O)C[C@]4(C)[C@@H](O)CC[C@@H]34)[C@]21C,822.0,6.0851281824599495,1,559.6120000000002
COC[C@H]1OC(=O)/C(=C/N2CCC(C(=O)OC)CC2)C2=C(O)C(=O)C3=C([C@H](OC(C)=O)C[C@]4(C)[C@@H](O)CC[C@@H]34)[C@]21C,1690.0,5.772113295386326,0,573.6390000000001
COC[C@H]1OC(=O)/C(=C/N2CCC(N3CCCCC3)CC2)C2=C(O)C(=O)C3=C([C@H](OC(C)=O)C[C@]4(C)[C@@H](O)CC[C@@H]34)[C@]21C,568.0,6.245651664288981,1,598.7370000000003
COC[C@H]1OC(=O)/C(=C/N2CCC(c3ccccc3)CC2)C2=C(O)C(=O)C3=C([C@H](OC(C)=O)C[C@]4(C)[C@@H](O)CC[C@@H]34)[C@]21C,2450.0,5.610833915635467,0,591.7010000000002
COC[C@H]1OC(=O)/C(=C/N2CCCC2)C2=C(O)C(=O)C3=C([C@H](OC(C)=O)C[C@]4(C)[C@@H](O)CC[C@@H]34)[C@]21C,20000.0,4.698970004336019,0,501.5760000000003
COC[C@H]1OC(=O)/C(=C/N2CCCCC2)C2=C(O)C(=O)C3=C([C@H](OC(C)=O)C[C@]4(C)[C@@H](O)CC[C@@H]34)[C@]21C,1800.0,5.7447274948966935,0,515.6030000000003
COC[C@H]1OC(=O)/C(=C/N2CCN(C)CC2)C2=C(O)C(=O)C3=C([C@H](OC(C)=O)C[C@]4(C)[C@@H](O)CC[C@@H]34)[C@]21C,829.0,6.081445469449727,1,530.6180000000003
COC[C@H]1OC(=O)/C(=C/N2CCN(C3CCCCC3)CC2)C2=C(O)C(=O)C3=C([C@H](OC(C)=O)C[C@]4(C)[C@@H](O)CC[C@@H]34)[C@]21C,820.0,6.086186147616283,1,598.7370000000003
COC[C@H]1OC(=O)/C(=C/N2CCN(C3CCN(C)CC3)CC2)C2=C(O)C(=O)C3=C([C@H](OC(C)=O)C[C@]4(C)[C@@H](O)CC[C@@H]34)[C@]21C,961.0,6.017276612331455,1,613.7520000000003
COC[C@H]1OC(=O)/C(=C/N2CCN(CCCN(C)C)CC2)C2=C(O)C(=O)C3=C([C@H](OC(C)=O)C[C@]4(C)[C@@H](O)CC[C@@H]34)[C@]21C,249.0,6.603800652904264,1,601.7410000000002
COC[C@H]1OC(=O)/C(=C/N2CCN(CCCN3CCOCC3)CC2)C2=C(O)C(=O)C3=C([C@H](OC(C)=O)C[C@]4(C)[C@@H](O)CC[C@@H]34)[C@]21C,1200.0,5.920818753952375,0,643.7780000000001
COC[C@H]1OC(=O)/C(=C/N2CCN(CCN3CCOCC3)CC2)C2=C(O)C(=O)C3=C([C@H](OC(C)=O)C[C@]4(C)[C@@H](O)CC[C@@H]34)[C@]21C,619.0,6.208309350979882,1,629.7510000000002
COC[C@H]1OC(=O)/C(=C/N2CCN(Cc3ccccc3)CC2)C2=C(O)C(=O)C3=C([C@H](OC(C)=O)C[C@]4(C)[C@@H](O)CC[C@@H]34)[C@]21C,890.0,6.050609993355087,1,606.7160000000002
COC[C@H]1OC(=O)/C(=C/N2CCN(c3ccccc3)CC2)C2=C(O)C(=O)C3=C([C@H](OC(C)=O)C[C@]4(C)[C@@H](O)CC[C@@H]34)[C@]21C,692.0,6.1598939055432425,1,592.6890000000002
COC[C@H]1OC(=O)/C(=C/N2CCOCC2)C2=C(O)C(=O)C3=C([C@H](OC(C)=O)C[C@]4(C)[C@@H](O)CC[C@@H]34)[C@]21C,831.0,6.080398976215889,1,517.5750000000003
COC[C@H]1OC(=O)/C(=C/NC(C)(C)C)C2=C(O)C(=O)C3=C([C@H](OC(C)=O)C[C@]4(C)[C@@H](O)CC[C@@H]34)[C@]21C,20000.0,4.698970004336019,0,503.5920000000004
COC[C@H]1OC(=O)/C(=C/NCCCN(C)C)C2=C(O)C(=O)C3=C([C@H](OC(C)=O)C[C@]4(C)[C@@H](O)CC[C@@H]34)[C@]21C,20000.0,4.698970004336019,0,532.6340000000002
COC[C@H]1OC(=O)c2coc3c2[C@@]1(C)C1=C(C3=O)[C@@H]2CCC(=O)[C@@]2(C)C[C@H]1OC(C)=O,40.0,7.3979400086720375,1,428.4370000000003
COC[C@H]1OC(=O)c2coc3c2[C@@]1(C)C1=C(C3=O)[C@@H]2CC[C@H](O)[C@@]2(C)C[C@H]1OC(C)=O,193.0,6.714442690992226,1,430.45300000000026
COCc1cc(-c2ccc3c(N4CCOC[C@@H]4C)nc(N4CCOC[C@@H]4C)nc3n2)ccc1F,88.0,7.055517327849832,1,467.5450000000002
COCc1ccc(-c2cc3c(N[C@@H](C)c4ccn(C)n4)c(C(N)=O)cnc3cc2F)cn1,1480.0,5.8297382846050425,0,434.47500000000014
COCc1ccc(-c2ccc3ncc(C(N)=O)c(N[C@@H](C)C4CCOCC4)c3c2)cn1,2920.0,5.534617148551582,0,420.51300000000026
COCc1ccc(-c2ccc3ncc4c(c3c2)n([C@@H]2CCOCC2(C)C)c(=O)n4C)cn1,501.19,6.299997602857746,1,432.5240000000003
COCc1cccc(-c2ccc3c(N4CCOC[C@@H]4C)nc(N4CCOC[C@@H]4C)nc3n2)c1,140.0,6.853871964321762,1,449.55500000000023
COCc1cccc(-c2nc(CS(C)(=O)=O)cc(N3CCOCC3)n2)c1,22500.0,4.647817481888637,0,377.4660000000002
COCc1cccc(-c2nc(N3CCOC[C@@H]3C)c3ccc(-c4ccc(OC)c(CO)c4)nc3n2)c1,120.0,6.920818753952375,1,486.5720000000002
COCc1cnc(Nc2ccc(OC)nc2)c(-c2nc(C)nc(N)n2)c1,10000.0,5.0,0,353.3860000000001
CON(C)C(=O)c1cc(-c2ccc3c(N4CCOC[C@@H]4C)nc(N4CCOC[C@@H]4C)nc3n2)ccc1F,740.0,6.130768280269024,1,510.5700000000003
CON(C)C(=O)c1ccc(-c2ncnc(C)c2C#Cc2ccc(N)nc2)cc1Cl,17.0,7.769551078621726,1,407.8610000000001
CON(C)C(=O)c1ccc(-c2ncnc(C)c2C#Cc2ccc(N)nc2)cc1F,12.0,7.920818753952375,1,391.40600000000006
CON(C)C(=O)c1cccc(-c2ccc3c(N4CCOC[C@@H]4C)nc(N4CCOC[C@@H]4C)nc3n2)c1,370.0,6.431798275933005,1,492.58000000000027
CONC(=O)Nc1ccc(-c2nc(N3CCOCC3)c3cnn(C4CCN(Cc5ccccc5)CC4)c3n2)cc1,16.0,7.795880017344075,1,542.6440000000003
CONC(=O)Nc1ccc(-c2nc(N3CCOCC3)c3cnn(C4CCN(Cc5cccnc5)CC4)c3n2)cc1,23.0,7.638272163982407,1,543.6320000000003
CONc1cc(C(F)(F)F)c(-c2nc(N3CCOCC3)nc(N3CCOCC3)n2)cn1,5588.0,5.252743602557856,0,441.41400000000027
CO[C@@H](C)Cn1c(=O)n(C)c2cnc3ccc(-c4cncc(C(C)(C)O)c4)cc3c21,165.0,6.782516055786093,1,406.48600000000016
CO[C@@H](C)[C@H]1COC(=O)N1c1ccn2ncc(-c3ccc(-c4nc[nH]n4)c(F)c3)c2n1,7.4,8.130768280269024,1,423.40800000000013
CO[C@@H]1CCN(CCN2C[C@H](C(C)C)N(c3ccn4ncc(-c5ccc(-c6nc[nH]n6)cc5)c4n3)C2=O)C1,20.7,7.684029654543083,1,515.6220000000002
CO[C@@H]1CC[C@@H](n2c(=O)n(C)c3cnc4cc(F)c(-c5ccc(OCCCN(C)C)nc5)cc4c32)C1,30000.0,4.522878745280337,0,493.58300000000037
CO[C@@H]1CC[C@@H](n2c(=O)n(C)c3cnc4ccc(-c5ccc(NCCCN6CCCCC6)nc5)cc4c32)C1,12000.0,4.920818753952375,0,514.6740000000004
CO[C@@H]1CC[C@@H](n2c(=O)n(C)c3cnc4ccc(-c5ccc(OCCCN(C)C)nc5)cc4c32)C1,1190.0,5.924453038607469,0,475.59300000000036
CO[C@@H]1CC[C@@H](n2c(=O)n(C)c3cnc4ccc(-c5ccc(OCCCN(C)C)nc5F)cc4c32)C1,3180.0,5.497572880015567,0,493.58300000000037
CO[C@@H]1CC[C@@H](n2c(=O)n(C)c3cnc4ccc(-c5ccc(OCCCN6CCCC6)nc5)cc4c32)C1,996.0,6.001740661576301,1,501.6310000000005
CO[C@@H]1CC[C@H](n2c(=O)n(C)c3cnc4cc(F)c(-c5ccc(OCCCN(C)C)nc5)cc4c32)C1,15200.0,4.818156412055227,0,493.58300000000037
CO[C@@H]1C[C@H](C[C@@H](C)[C@@H]2CC(=O)[C@H](C)/C=C(\C)[C@@H](O)[C@@H](OC)C(=O)[C@H](C)C[C@H](C)/C=C/C=C/C=C(\C)[C@@H](c3cccc4c(C)c[nH]c34)C[C@@H]3CC[C@@H](C)[C@@](O)(O3)C(=O)C(=O)N3CCCC[C@H]3C(=O)O2)CC[C@H]1O,5.0,8.301029995663981,1,1013.3229999999995
CO[C@H]1CC[C@@H](CN2C(=O)CNc3ncc(-c4ccc(-c5nc[nH]n5)nc4C)nc32)CC1,3.0,8.522878745280337,1,434.50400000000025
CO[C@H]1CC[C@@H](CN2C(=O)CNc3ncc(-c4ccc(C(C)(C)O)nc4)nc32)CC1,12.0,7.920818753952375,1,411.50600000000026
CO[C@H]1CC[C@@H](CN2CC(=O)Nc3ncc(-c4ccc(C(C)(C)O)nc4)nc32)CC1,149.0,6.826813731587726,1,411.50600000000026
CO[C@H]1CC[C@@H](N2CC(=O)Nc3ncc(-c4ccc(-c5nc[nH]n5)nc4C)nc32)CC1,51.0,7.292429823902063,1,420.47700000000026
CO[C@H]1CC[C@@H](N2CC(=O)Nc3ncc(-c4ccc(C(C)(C)O)nc4)nc32)CC1,300.0,6.522878745280337,1,397.47900000000027
CO[C@H]1CC[C@@H](c2nnc3cnc4ccc(-c5cncc(C(F)F)c5)cc4n32)CC1,3390.0,5.4698003017969175,0,409.44000000000017
CO[C@H]1CC[C@@H](n2c(=O)n(C)c3cnc4cc(F)c(-c5ccc(OCCCN(C)C)nc5)cc4c32)C1,30000.0,4.522878745280337,0,493.58300000000037
CO[C@H]1CC[C@H](CN2C(=O)CNc3ncc(-c4ccc(-c5nc[nH]n5)nc4C)nc32)CC1,31.0,7.508638306165727,1,434.50400000000025
CO[C@H]1CC[C@H](CN2C(=O)CNc3ncc(-c4ccc(C(C)(C)O)nc4)nc32)CC1,97.0,7.013228265733755,1,411.50600000000026
CO[C@H]1CC[C@H](CN2CC(=O)Nc3ncc(-c4ccc(C(C)(C)O)nc4)nc32)CC1,170.0,6.769551078621726,1,411.50600000000026
CO[C@H]1CC[C@H](N2C(=O)CNc3ncc(-c4ccc(-c5nc[nH]n5)nc4C)nc32)CC1,15.0,7.823908740944319,1,420.4770000000002
CO[C@H]1CC[C@H](N2C(=O)CNc3ncc(-c4ccc(C(C)(C)O)nc4)nc32)CC1,14.0,7.853871964321762,1,397.4790000000002
CO[C@H]1CC[C@H](N2CC(=O)Nc3ncc(-c4ccc(-c5nc[nH]n5)nc4C)nc32)CC1,41.0,7.3872161432802645,1,420.47700000000026
CO[C@H]1CC[C@H](N2CC(=O)Nc3ncc(-c4ccc(C(C)(C)O)nc4)nc32)CC1,103.0,6.987162775294828,1,397.47900000000027
CO[C@H]1CC[C@H](c2nnc3cnc4ccc(-c5cncc(C(F)F)c5)cc4n32)CC1,3420.0,5.465973893943865,0,409.44000000000017
CO[C@H]1CC[C@H](n2c(=O)n(C)c3cnc4cc(F)c(-c5ccc(OCCCN(C)C)nc5)cc4c32)C1,10800.0,4.966576244513051,0,493.58300000000037
CO[C@H]1CC[C@H](n2c(=O)n(C)c3cnc4ccc(-c5ccc(NCCCN6CCCCC6)nc5)cc4c32)C1,6340.0,5.1979107421182675,0,514.6740000000004
CO[C@H]1CC[C@H](n2c(=O)n(C)c3cnc4ccc(-c5ccc(OCCCN(C)C)nc5)cc4c32)C1,360.0,6.443697499232712,1,475.59300000000036
CO[C@H]1CC[C@H](n2c(=O)n(C)c3cnc4ccc(-c5ccc(OCCCN6CCCC6)nc5)cc4c32)C1,3320.0,5.478861916295964,0,501.6310000000005
CO[C@H]1C[C@@H](n2c(=O)[nH]c3cnc4ccc(-c5ccc(OCCCN(C)C)nc5)cc4c32)C1,540.0,6.267606240177032,1,447.5390000000003
CO[C@H]1C[C@@H](n2c(=O)[nH]c3cnc4ccc(-c5ccc(OCCCN6CCCC6)nc5)cc4c32)C1,579.0,6.2373214362725635,1,473.57700000000045
CO[C@H]1C[C@@H](n2c(=O)n(C)c3cnc4cc(F)c(-c5ccc(OCCCN(C)C)nc5)cc4c32)C1,16900.0,4.772113295386326,0,479.5560000000004
CO[C@H]1C[C@@H](n2c(=O)n(C)c3cnc4cc(F)c(-c5ccc(OCCCN(C)C)nc5F)cc4c32)C1,13700.0,4.863279432843593,0,497.5460000000004
CO[C@H]1C[C@@H](n2c(=O)n(C)c3cnc4cc(F)c(-c5ccc(OCCCN6CCCC6)nc5)cc4c32)C1,17500.0,4.756961951313706,0,505.5940000000005
CO[C@H]1C[C@@H](n2c(=O)n(C)c3cnc4ccc(-c5ccc(OCCCN(C)C)nc5)cc4c32)C1,1170.0,5.931814138253839,0,461.5660000000004
CO[C@H]1C[C@@H](n2c(=O)n(C)c3cnc4ccc(-c5ccc(OCCCN(C)C)nc5F)cc4c32)C1,3780.0,5.422508200162775,0,479.5560000000004
CO[C@H]1C[C@@H](n2c(=O)n(C)c3cnc4ccc(-c5ccc(OCCCN6CCC6)nc5)cc4c32)C1,2240.0,5.649751981665837,0,473.57700000000045
CO[C@H]1C[C@@H](n2c(=O)n(C)c3cnc4ccc(-c5ccc(OCCCN6CCCC6)nc5)cc4c32)C1,2770.0,5.557520230935552,0,487.6040000000005
CO[C@H]1C[C@@H](n2c(=O)n(C)c3cnc4ccc(-c5ccc(OCCCN6CCCCC6)nc5)cc4c32)C1,2870.0,5.542118103266008,0,501.63100000000054
CO[C@H]1C[C@@H]2CC[C@@H](C)[C@@](O)(O2)C(=O)C(=O)N2CCCC[C@H]2C(=O)N[C@H](CCc2ccccc2)C(=O)NCC(=O)N(C)CC(=O)O[C@H]1C,9.6,8.017728766960431,1,672.7760000000001
CO[C@H]1C[C@@H]2CC[C@@H](C)[C@@](O)(O2)C(=O)C(=O)N2CCCC[C@H]2C(=O)OC([C@H](C)C[C@@H]2CC[C@@H](OC(=O)N(C)OC)[C@H](OC)C2)CC(=O)[C@H](C)/C=C(\C)[C@@H](O)[C@@H](OC)C(=O)[C@H](C)C[C@H](C)/C=C/C=C/C=C/1C,5.8,8.236572006437063,1,1001.265
CO[C@H]1C[C@@H]2CC[C@@H](C)[C@@](O)(O2)C(=O)C(=O)N2CCCC[C@H]2C(=O)O[C@H]([C@H](C)C[C@@H]2CC[C@@H](O)[C@H](OC)C2)CC(=O)[C@H](C)/C=C(\C)[C@@H](O)[C@@H](OC)C(=O)[C@H](C)C[C@H](C)/C=C/C=C/C=C/1C,890.7815,6.050228811093933,1,914.187
CO[C@H]1C[C@@H]2CC[C@@H](C)[C@@](O)(O2)C(=O)C(=O)N2CCCC[C@H]2C(=O)O[C@H]([C@H](C)C[C@@H]2CC[C@@H](OC(=O)C(C)(CO)CO)[C@H](OC)C2)CC(=O)[C@H](C)/C=C(\C)[C@@H](O)[C@@H](OC)C(=O)[C@H](C)C[C@H](C)/C=C/C=C/C=C/1C,1892.5,5.722964111827889,0,1030.3029999999999
CO[C@H]1C[C@@H]2CC[C@@H](C)[C@@](O)(O2)C(=O)C(=O)N2CCCC[C@H]2C(=O)O[C@H]([C@H](C)C[C@@H]2CC[C@@H](OCCO)[C@H](OC)C2)CC(=O)[C@H](C)/C=C(\C)[C@@H](O)[C@@H](OC)C(=O)[C@H](C)C[C@H](C)/C=C/C=C/C=C/1C,116.10000000000001,6.935167780261426,1,958.2400000000001
CO[C@H]1C[C@@H]2CC[C@@H](C)[C@@](O)(O2)C(=O)C(=O)N2CCCC[C@H]2C(=O)O[C@H]([C@H](C)C[C@@H]2CC[C@H](n3cnnn3)[C@H](OC)C2)CC(=O)[C@H](C)/C=C(\C)[C@@H](O)[C@@H](OC)C(=O)[C@H](C)C[C@H](C)/C=C/C=C/C=C/1C,3.3,8.481486060122112,1,966.227
CO[C@H]1C[C@@H]2CC[C@@H](C)[C@@](O)(O2)C(=O)C(=O)N2CCCC[C@H]2C(=O)O[C@H]([C@H](C)C[C@@H]2CC[C@H](n3ncnn3)[C@H](OC)C2)CC(=O)[C@H](C)/C=C(\C)[C@@H](O)[C@@H](OC)C(=O)[C@H](C)C[C@H](C)/C=C/C=C/C=C/1C,4.8,8.318758762624412,1,966.227
CO[C@H]1C[C@H](n2c(=O)n(C)c3cnc4ccc(-c5ccc(OCCCN6CCCCC6)nc5)cc4c32)C1,1258.93,5.899998417198648,0,501.63100000000054
CO[C@H]1[C@@H](O)[C@H](C)C[C@H](C)/C=C/C=C/C=C(\C)[C@@H](c2c[nH]c3c(C)cccc23)C[C@@H]2CC[C@@H](C)[C@@](O)(O2)C(=O)C(=O)N2CCCC[C@H]2C(=O)O[C@H]([C@H](C)C[C@@H]2CC[C@@H](O)[C@H](OC)C2)C[C@H](O)[C@H](C)/C=C(\C)[C@H]1O,10.0,8.0,1,1017.3549999999998
COc1c(C(=O)N2CCN(S(C)(=O)=O)CC2)nc(-c2ccc(NC(=O)Nc3ccccc3)cc2)nc1N1CCOCC1,223.75,6.6502369560120504,1,595.6819999999999
COc1c(C(=O)N2CCOCC2)nc(-c2ccc(NC(=O)Nc3ccccc3)cc2)nc1N1CCOCC1,102.15,6.9907616290315335,1,518.5740000000002
COc1c(Cl)nc(-c2ccc(NC(=O)Nc3ccncc3)cc2)nc1N1CCOCC1,175.95,6.75461072882879,1,440.8910000000003
COc1c(OCCCN2CCOCC2)ccc2c1N=C(NC(=O)c1cnc(N)nc1)N1CCN=C21,45.0,7.346787486224656,1,480.5290000000002
COc1cc(-c2cc3c(N[C@H]4CCN(C(=O)C5CCC5)C4)ncnc3s2)cnc1OC,10000.0,5.0,0,439.54100000000017
COc1cc(-c2cc3c(O[C@H]4CCN(C(=O)C5CCC5)C4)ncnc3s2)cnc1OC,10000.0,5.0,0,440.52500000000015
COc1cc(-c2ccc(-c3cc(N4CCOCC4)nc(N4CCOCC4)n3)o2)cc(OC)c1O,23.0,7.638272163982407,1,468.5100000000003
COc1cc(-c2ccc(-c3ccnc(N4CCOCC4)n3)o2)cc(OC)c1O,52.0,7.2839966563652006,1,383.4040000000001
COc1cc(-c2ccc3c(N4CCOC[C@@H]4C)nc(N4CCOC[C@@H]4C)nc3n2)ccn1,240.0,6.619788758288394,1,436.5160000000002
COc1cc(-c2cccc(-c3ccnc(N4CCOCC4)n3)n2)cc(OC)c1O,550.0,6.259637310505756,1,394.43100000000015
COc1cc(-c2cn(-c3ccnc(N4CCOCC4)n3)cn2)cc(OC)c1O,460.0,6.337242168318426,1,383.4080000000001
COc1cc(-c2cn(-c3nc(N4CCOCC4)nc(N4CCOCC4)n3)cn2)cc(OC)c1O,21.0,7.6777807052660805,1,469.5020000000003
COc1cc(-c2cn(-c3nccc(N4CCOCC4)n3)cn2)cc(OC)c1O,570.0,6.2441251443275085,1,383.4080000000001
COc1cc(-c2cnc3ccc(-c4ccncc4)cn23)cnc1OC,3748.0,5.426200417784259,0,332.3630000000001
COc1cc(-c2cnc3ccc(Br)cn23)cnc1OC,2169.0,5.6637404479858064,0,334.17300000000006
COc1cc(-c2cnc3ccc(N4C(=O)OC[C@@H]4Cc4ccccc4)cn23)cnc1OC,2038.0,5.690795820329592,0,430.4640000000001
COc1cc(-c2cnc3ccc(N4C(=O)OC[C@H]4Cc4ccccc4)cn23)cnc1OC,5101.0,5.292344676468813,0,430.4640000000001
COc1cc(-c2cnc3ccc(N4CCOC4=O)cn23)cnc1OC,9657.0,5.015157768594724,0,340.33900000000006
COc1cc(-c2cnc3ccc(N4CCOCC4)cn23)cnc1OC,4519.0,5.344957658668799,0,340.38300000000004
COc1cc(-c2cnc3ccccn23)cnc1OC,50000.0,4.301029995663981,0,255.27700000000002
COc1cc(-c2csc(-c3ccnc(N4CCOCC4)n3)n2)cc(OC)c1O,180.0,6.7447274948966935,1,400.4600000000002
COc1cc(-c2nc(-c3ccnc(N4CCOCC4)n3)cs2)cc(OC)c1O,560.0,6.251811972993799,1,400.4600000000001
COc1cc(-c2nc3c(N4CCOC[C@H]4C)nc(N4CCOC[C@@H]4C)nc3[nH]2)c2cc[nH]c2c1,28.0,7.552841968657781,1,463.5420000000002
COc1cc(-c2nc3c(c(C(C)(C)O)n2)OC[C@@H]2COCCN32)c2cc[nH]c2c1,38.0,7.42021640338319,1,396.4470000000002
COc1cc(-c2nc3c(c(C(C)(C)S(C)(=O)=O)n2)OC[C@@H]2COCCN32)c2cc[nH]c2c1,45.3,7.343901797987168,1,458.54000000000025
COc1cc(-c2nc3c(c(C4(S(C)(=O)=O)CC4)n2)OC[C@@H]2COCCN32)c2cc[nH]c2c1,93.0,7.031517051446065,1,456.5240000000002
COc1cc(-c2nc3c(c(C4(S(C)(=O)=O)CCC4)n2)OC[C@@H]2COCCN32)c2cc[nH]c2c1,47.0,7.327902142064283,1,470.5510000000003
COc1cc(-c2nc3c(c(C4(S(C)(=O)=O)CCOCC4)n2)OCC2COCCN32)c2cc[nH]c2c1,1760.0,5.7544873321858505,0,500.57700000000034
COc1cc(-c2nc3c(c(C4(S(C)(=O)=O)CCOCC4)n2)OCCC2COCCN32)c2cc[nH]c2c1,808.0,6.092588639225414,1,514.6040000000004
COc1cc(-c2nc3c(c(C4(S(C)(=O)=O)CCOCC4)n2)OC[C@@H]2COCCN32)c2cc[nH]c2c1,435.0,6.361510743045363,1,500.57700000000034
COc1cc(-c2nn(C(C)C)c3ncnc(N)c23)cc(OC)c1OC,100000.0,4.0,0,343.3870000000001
COc1cc(-c2nn(C(C)C)c3ncnc(N)c23)ccc1F,8200.0,5.086186147616283,0,301.325
COc1cc(-c2nn(C(C)C)c3ncnc(N)c23)ccc1N,100000.0,4.0,0,298.35
COc1cc(-c2nn(C(C)C)c3ncnc(N)c23)ccc1NC(=O)OC(C)(C)C,50000.0,4.301029995663981,0,398.46700000000016
COc1cc(-c2nn(C(C)C)c3ncnc(N)c23)ccc1NC(C)CO,18000.0,4.7447274948966935,0,356.43000000000006
COc1cc(-c2nn(C(C)C)c3ncnc(N)c23)ccc1O,1200.0,5.920818753952375,0,299.334
COc1cc(-c2nn(C3CCCC3)c3ncnc(N)c23)ccc1N,1900.0,5.721246399047171,0,324.38800000000003
COc1cc(-c2nn(CCN3CCC(CN(C)C)CC3)c3ncnc(N)c23)ccc1NC(=O)OC(C)(C)C,1000.0,6.0,1,524.6700000000003
COc1cc(-c2nn(CCN3CCC(N(C)C)CC3)c3ncnc(N)c23)ccc1CC(=O)OC(C)(C)C,1000.0,6.0,1,509.65500000000037
COc1cc(-c2nn(CCN3CCC(N(C)C)CC3)c3ncnc(N)c23)ccc1Cc1ncc(C)o1,1000.0,6.0,1,490.6120000000003
COc1cc(-c2nn(CCN3CCC(N(C)C)CC3)c3ncnc(N)c23)ccc1NC(=O)CC(C)(C)C,1000.0,6.0,1,508.67100000000033
COc1cc(-c2nn(CCN3CCC(N(C)C)CC3)c3ncnc(N)c23)ccc1NC(=O)NC(C)(C)C,1000.0,6.0,1,509.6590000000003
COc1cc(-c2nn(CCN3CCC(N(C)C)CC3)c3ncnc(N)c23)ccc1NC(=O)OC(C)(C)C,5500.0,5.259637310505756,0,510.6430000000003
COc1cc(-c2nn(CCN3CCC(N(C)C)CC3)c3ncnc(N)c23)ccc1NCc1ccccc1,1000.0,6.0,1,500.65100000000024
COc1cc(-c2nn(CCN3CCC(N4CCCC4)CC3)c3ncnc(N)c23)ccc1NC(=O)OC(C)(C)C,1000.0,6.0,1,536.6810000000003
COc1cc(-c2nn(CCN3CCC(N4CCCCC4)CC3)c3ncnc(N)c23)ccc1NC(=O)OC(C)(C)C,1000.0,6.0,1,550.7080000000003
COc1cc(-c2nn(CCN3CCC(OC)CC3)c3ncnc(N)c23)ccc1NC(=O)OC(C)(C)C,1000.0,6.0,1,497.60000000000025
COc1cc(/C=N/Nc2cc(N3CCOCC3)nc(N3CCOCC3)n2)cc(OC)c1O,660.0,6.180456064458132,1,444.4920000000003
COc1cc(/C=N/Nc2nc(N3CCCCC3)nc(N3CCCCC3)n2)cc(OC)c1O,5900.0,5.229147988357856,0,441.5360000000003
COc1cc(/C=N/Nc2nc(N3CCCCC3)nc(N3CCOCC3)n2)cc(OC)c1O,750.0,6.1249387366083,1,443.50800000000027
COc1cc(/C=N/Nc2nc(N3CCOCC3)nc(N3CCOCC3)n2)cc(OC)c1O,1003.3333333333334,5.9985547591258195,0,445.48000000000025
COc1cc(/C=N/Nc2nc(N3CCOCC3)nc(N3CCOCC3)n2)cc(OC)c1OC,30000.0,4.522878745280337,0,459.5070000000003
COc1cc(/C=N/Nc2nc3c(c(N4CCOCC4)n2)CS(=O)(=O)CC3)cc(OC)c1O,2200.0,5.657577319177793,0,463.51600000000025
COc1cc(/C=N/Nc2nc3c(c(N4CCOCC4)n2)CSCC3)cc(OC)c1O,800.0,6.096910013008056,1,431.5180000000002
COc1cc(Br)cc(-c2nn(C(C)C)c3ncnc(N)c23)c1,10000.0,5.0,0,362.2310000000001
COc1cc(CO)cc(-c2nc3c(N4CCOC[C@@H]4C)nc(N4CCOC[C@@H]4C)nc3[nH]2)c1,399.0,6.399027104313252,1,454.5310000000002
COc1cc(Cl)c2[nH]c(-c3nn(C(C)C)c4ncnc(N)c34)cc2c1,500.0,6.301029995663981,1,356.8170000000001
COc1cc(Cl)c2[nH]c(-c3nn(C4CCOCC4)c4ncnc(N)c34)cc2c1,500.0,6.301029995663981,1,398.85400000000016
COc1cc(F)c(-c2nn(C(C)C)c3ncnc(N)c23)cc1F,404.0,6.393618634889395,1,319.31500000000005
COc1cc(F)c2[nH]c(-c3c(C)nn(C)c3C)c(/C=C3/Oc4ccc(NC(=O)Nc5ccc(C(=O)N(C)CCN(C)C)cc5)cc4C3=O)c2c1,0.3,9.522878745280337,1,679.7529999999999
COc1cc(F)c2[nH]c(-c3c(C)nn(C)c3C)c(/C=C3/Oc4ccc(NC(=O)Nc5ccc(C(=O)N6CCOCC6)cc5)cc4C3=O)c2c1,2.5,8.602059991327963,1,664.6940000000001
COc1cc(F)c2[nH]c(-c3c(C)nn(C)c3C)c(/C=C3/Oc4ccc(NC(=O)Nc5cccnc5)cc4C3=O)c2c1,1.5,8.823908740944319,1,552.5660000000001
COc1cc(F)c2[nH]c(-c3nn(C(C)C)c4ncnc(N)c34)cc2c1,500.0,6.301029995663981,1,340.36200000000014
COc1cc(N2CCC(N)CC2)ccc1-n1c(=O)ccc2cnc3ccc(-c4cnc5ccccc5c4)cc3c21,95.0,7.022276394711152,1,527.6280000000002
COc1cc(Nc2c(C#N)cnc3cc(/C=C/CCN4CCN(C)CC4)c(OC)cc23)c(Cl)cc1Cl,10000.0,5.0,0,526.4680000000004
COc1cc(Nc2c(NC(C)=O)cnc3ccc(-c4cnc5ccccc5c4)cc23)cc(OC)c1,3000.0,5.522878745280337,0,464.5250000000002
COc1cc(Nc2nc3ccccc3nc2NS(=O)(=O)c2ccc(NC(=O)c3ccc(C)c(OC)c3)cc2)cc(OC)c1,190.0,6.721246399047171,1,599.6690000000003
COc1cc(Nc2ncc(C(C)(C)O)cc2-c2nc(C)nc(N)n2)cnc1Cl,474.0,6.324221658325915,1,401.8580000000002
COc1cc(Nc2ncc(C(C)(C)O)cc2-c2nc(C)nc(N)n2)cnc1OC,8045.0,5.094473951564952,0,397.4390000000002
COc1cc(Nc2ncc(CN3CCN(S(C)(=O)=O)C[C@@H]3C)cc2-c2nc(C)nc(N)n2)cnc1Cl,10000.0,5.0,0,534.0460000000003
COc1cc(Nc2ncc([C@@H](C)N3CCN(S(C)(=O)=O)CC3)cc2-c2nc(C)nc(N)n2)cnc1Cl,10000.0,5.0,0,534.0460000000004
COc1cc(Nc2ncccc2-c2nc(C)nc(N)n2)ccc1F,10000.0,5.0,0,326.33500000000004
COc1cc2cc(-c3nn(C(C)C)c4ncnc(N)c34)[nH]c2cc1Cl,500.0,6.301029995663981,1,356.8170000000001
COc1cc2ncc3c(c2cc1-c1c[nH]nc1C)n(-c1ccncc1C)c(=O)n3C,5000.0,5.301029995663981,0,400.4420000000002
COc1cc2ncc3c(c2cc1-c1cc(C)[nH]n1)n(-c1ncccc1F)c(=O)n3C,30000.0,4.522878745280337,0,404.40500000000014
COc1cc2ncc3c(c2cc1-c1cn(C)nc1C)n(-c1c(C)cncc1F)c(=O)n3C,30000.0,4.522878745280337,0,432.4590000000002
COc1cc2ncc3c(c2cc1-c1cn(C)nc1C)n(-c1c(F)cncc1OC)c(=O)n3C,30000.0,4.522878745280337,0,448.4580000000002
COc1cc2ncc3c(c2cc1-c1cn(C)nc1C)n(-c1cn(C)nc1C)c(=O)n3C,30000.0,4.522878745280337,0,417.4730000000002
COc1cc2ncc3c(c2cc1-c1cn(C)nc1C)n(-c1cnn(C)c1)c(=O)n3C,20000.0,4.698970004336019,0,403.44600000000014
COc1cc2ncc3c(c2cc1-c1cn(C)nc1C)n(-c1ncc(F)cc1F)c(=O)n3C,30000.0,4.522878745280337,0,436.42200000000014
COc1cc2ncc3c(c2cc1-c1cn(C)nc1C)n(-c1ncccc1F)c(=O)n3C,30000.0,4.522878745280337,0,418.43200000000013
COc1cc2ncc3c(c2cc1-c1cn(C)nn1)n(-c1ncccc1F)c(=O)n3C,30000.0,4.522878745280337,0,405.39300000000014
COc1cc2ncc3c(c2cc1-c1cn[nH]c1)n(-c1c(C)cncc1F)c(=O)n3C,5000.0,5.301029995663981,0,404.40500000000014
COc1cc2ncc3c(c2cc1-c1cn[nH]c1)n(-c1c(F)cncc1F)c(=O)n3C,5000.0,5.301029995663981,0,408.3680000000001
COc1cc2ncc3c(c2cc1-c1cn[nH]c1)n(-c1ccncc1C)c(=O)n3C,5000.0,5.301029995663981,0,386.41500000000013
COc1cc2ncc3c(c2cc1-c1cn[nH]c1)n(-c1ccncc1F)c(=O)n3C,10000.0,5.0,0,390.3780000000001
COc1cc2ncc3c(c2cc1-c1cn[nH]c1)n(-c1ccncc1OC)c(=O)n3C,10000.0,5.0,0,402.41400000000016
COc1cc2ncc3c(c2cc1-c1cn[nH]c1)n(-c1ccnn1C)c(=O)n3C,10000.0,5.0,0,375.3920000000001
COc1cc2ncc3c(c2cc1-c1cn[nH]c1)n(-c1cn(C)nc1C)c(=O)n3C,5000.0,5.301029995663981,0,389.41900000000015
COc1cc2ncc3c(c2cc1-c1cn[nH]c1)n(-c1cnn(C)c1)c(=O)n3C,10000.0,5.0,0,375.3920000000001
COc1cc2ncc3c(c2cc1-c1cn[nH]c1)n(-c1cnn(C2CCOCC2)c1)c(=O)n3C,10000.0,5.0,0,445.4830000000003
COc1cc2ncc3c(c2cc1-c1cn[nH]c1)n(-c1csc(C)n1)c(=O)n3C,30000.0,4.522878745280337,0,392.44400000000013
COc1cc2ncc3c(c2cc1-c1cn[nH]c1)n(-c1ncc(C)cc1F)c(=O)n3C,30000.0,4.522878745280337,0,404.40500000000014
COc1cc2ncc3c(c2cc1-c1cn[nH]c1)n(-c1ncc(F)cc1F)c(=O)n3C,30000.0,4.522878745280337,0,408.3680000000001
COc1cc2ncc3c(c2cc1-c1cn[nH]c1)n(-c1ncccc1F)c(=O)n3C,30000.0,4.522878745280337,0,390.3780000000001
COc1cc2ncc3c(c2cc1-c1cnn(C)c1)n(-c1c(C)cncc1F)c(=O)n3C,5000.0,5.301029995663981,0,418.4320000000002
COc1cc2ncc3c(c2cc1-c1cnn(C)c1)n(-c1c(F)cncc1C#N)c(=O)n3C,30000.0,4.522878745280337,0,429.4150000000002
COc1cc2ncc3c(c2cc1-c1cnn(C)c1)n(-c1c(F)cncc1F)c(=O)n3C,30000.0,4.522878745280337,0,422.39500000000015
COc1cc2ncc3c(c2cc1-c1cnn(C)c1)n(-c1c(F)cncc1OC)c(=O)n3C,30000.0,4.522878745280337,0,434.4310000000002
COc1cc2ncc3c(c2cc1-c1cnn(C)c1)n(-c1c[nH]nc1C)c(=O)n3C,30000.0,4.522878745280337,0,389.41900000000015
COc1cc2ncc3c(c2cc1-c1cnn(C)c1)n(-c1ccnc(C#N)c1)c(=O)n3C,30000.0,4.522878745280337,0,411.4250000000002
COc1cc2ncc3c(c2cc1-c1cnn(C)c1)n(-c1ccncc1)c(=O)n3C,30000.0,4.522878745280337,0,386.41500000000013
COc1cc2ncc3c(c2cc1-c1cnn(C)c1)n(-c1ccncc1C#N)c(=O)n3C,30000.0,4.522878745280337,0,411.4250000000002
COc1cc2ncc3c(c2cc1-c1cnn(C)c1)n(-c1ccncc1C)c(=O)n3C,30000.0,4.522878745280337,0,400.4420000000002
COc1cc2ncc3c(c2cc1-c1cnn(C)c1)n(-c1ccncc1Cl)c(=O)n3C,30000.0,4.522878745280337,0,420.8600000000002
COc1cc2ncc3c(c2cc1-c1cnn(C)c1)n(-c1ccncc1F)c(=O)n3C,30000.0,4.522878745280337,0,404.40500000000014
COc1cc2ncc3c(c2cc1-c1cnn(C)c1)n(-c1ccncc1OC)c(=O)n3C,30000.0,4.522878745280337,0,416.4410000000002
COc1cc2ncc3c(c2cc1-c1cnn(C)c1)n(-c1ccnn1C)c(=O)n3C,30000.0,4.522878745280337,0,389.41900000000015
COc1cc2ncc3c(c2cc1-c1cnn(C)c1)n(-c1cn(C)cn1)c(=O)n3C,30000.0,4.522878745280337,0,389.41900000000015
COc1cc2ncc3c(c2cc1-c1cnn(C)c1)n(-c1cn(C)nc1C)c(=O)n3C,30000.0,4.522878745280337,0,403.4460000000002
COc1cc2ncc3c(c2cc1-c1cnn(C)c1)n(-c1cn[nH]c1)c(=O)n3C,30000.0,4.522878745280337,0,375.3920000000001
COc1cc2ncc3c(c2cc1-c1cnn(C)c1)n(-c1cncnc1)c(=O)n3C,30000.0,4.522878745280337,0,387.40300000000013
COc1cc2ncc3c(c2cc1-c1cnn(C)c1)n(-c1cnn(C)c1)c(=O)n3C,20000.0,4.698970004336019,0,389.41900000000015
COc1cc2ncc3c(c2cc1-c1cnn(C)c1)n(-c1cnn(C2CCOCC2)c1)c(=O)n3C,30000.0,4.522878745280337,0,459.51000000000033
COc1cc2ncc3c(c2cc1-c1cnn(C)c1)n(-c1ncc(C)cc1F)c(=O)n3C,30000.0,4.522878745280337,0,418.4320000000002
COc1cc2ncc3c(c2cc1-c1cnn(C)c1)n(-c1ncc(F)cc1F)c(=O)n3C,30000.0,4.522878745280337,0,422.39500000000015
COc1cc2ncc3c(c2cc1-c1cnn(C)c1)n(-c1ncc(F)cn1)c(=O)n3C,30000.0,4.522878745280337,0,405.39300000000014
COc1cc2ncc3c(c2cc1-c1cnn(C)c1)n(-c1ncccc1F)c(=O)n3C,30000.0,4.522878745280337,0,404.40500000000014
COc1cc2ncc3c(c2cc1-c1cnn(C)c1)n(-c1nccs1)c(=O)n3C,30000.0,4.522878745280337,0,392.44400000000013
COc1cc2ncc3c(c2cc1-c1cnn(C)c1)n(-c1ncncc1F)c(=O)n3C,30000.0,4.522878745280337,0,405.39300000000014
COc1cc2ncnc(-n3nc(-c4ccccn4)nc3N)c2cc1OC,4590.0,5.338187314462739,0,349.35400000000016
COc1cc2ncnc(Nc3ccc(F)c(Cl)c3)c2cc1OCCCN1CCOCC1,50000.0,4.301029995663981,0,446.9100000000004
COc1ccc(-c2cc(OCCN(C)c3ncc(C(=O)NO)cn3)c3ncnc(C)c3c2)cn1,6262.0,5.2032869367191035,0,461.4820000000001
COc1ccc(-c2cc3c(C)nc(N)cc3n(C3CCCC3)c2=O)cn1,39.04,7.408490191005345,1,350.42200000000014
COc1ccc(-c2cc3c(C)nc(N)cc3n([C@H]3CC[C@H](OCCO)CC3)c2=O)cn1,11.19,7.95116991347165,1,424.50100000000026
COc1ccc(-c2cc3c(C)nc(N)nc3n(C3CCCC3)c2=O)cn1,30.09,7.5215778122599195,1,351.41000000000014
COc1ccc(-c2cc3c(C)nc(N)nc3n([C@H]3CC[C@H](OCCO)CC3)c2=O)cn1,10.6,7.97469413473523,1,425.48900000000026
COc1ccc(-c2cc3c(C)nc(N)nc3n2[C@H]2CC[C@H](OCCO)CC2)cn1,10000.0,5.0,0,397.4790000000002
COc1ccc(-c2cc3c(cc2F)ncc2ncc(=O)n(C4CCN(CC#N)CC4)c23)cc1,60.0,7.221848749616356,1,443.4820000000003
COc1ccc(-c2cc3c(cc2F)ncc2ncc(=O)n(C4CCN(CC#N)CC4)c23)cn1,32.0,7.494850021680094,1,444.4700000000003
COc1ccc(-c2cc3nc(N4C5CCC4COC5)nc(N4C5CCC4COC5)c3cn2)cc1CO,35.0,7.455931955649724,1,489.5760000000003
COc1ccc(-c2cc3nc(N4CC5CCC(C4)O5)nc(N4CC5CCC(C4)O5)c3cn2)cc1CO,80.0,7.096910013008056,1,489.5760000000003
COc1ccc(-c2cc3nc(N4CCOCC4)nc(N4C5CCC4COC5)c3cn2)cc1CO,35.0,7.455931955649724,1,463.53800000000024
COc1ccc(-c2cc3nc(N4CCOCC4)nc(N4CC5CCC(C4)O5)c3cn2)cc1CO,205.0,6.688246138944246,1,463.53800000000024
COc1ccc(-c2cc3nc(N4CCOCC4)nc(N4CCOCC4)c3cn2)cc1CO,451.0,6.345823458122039,1,437.5000000000002
COc1ccc(-c2cc3nc(N4CCOCC4)nc(N4CCOC[C@@H]4C)c3cn2)cc1CO,71.0,7.1487416512809245,1,451.5270000000002
COc1ccc(-c2cc3nc(N4CCOC[C@@H]4C)nc(N4C5CCC4COC5)c3cn2)cc1CO,18.0,7.7447274948966935,1,477.5650000000003
COc1ccc(-c2cc3nc(N4CCOC[C@@H]4C)nc(N4CC5CCC(C4)O5)c3cn2)cc1CO,73.0,7.136677139879544,1,477.5650000000003
COc1ccc(-c2cc3nc(N4CCOC[C@@H]4C)nc(N4CCOCC4)c3cn2)cc1CO,62.0,7.2076083105017466,1,451.52700000000027
COc1ccc(-c2cc3nc(N4CCOC[C@@H]4C)nc(N4CCOC[C@@H]4C)c3cn2)cc1CO,12.0,7.920818753952375,1,465.55400000000026
COc1ccc(-c2cc3nc(N4CCOC[C@@H]4C)nc(N4C[C@@H](C)O[C@@H](C)C4)c3cn2)cc1CO,1633.0,5.7870138152633315,0,479.58100000000024
COc1ccc(-c2cc3nc(N4C[C@@H](C)O[C@@H](C)C4)nc(N4CCOCC4)c3cn2)cc1CO,297.0,6.527243550682788,1,465.5540000000003
COc1ccc(-c2cc3nc(N4C[C@@H](C)O[C@@H](C)C4)nc(N4CCOCC4)c3s2)cn1,2000.0,5.698970004336019,0,441.55700000000024
COc1ccc(-c2cc3nc(N4C[C@@H](C)O[C@@H](C)C4)nc(N4C[C@@H](C)O[C@@H](C)C4)c3cn2)cc1CO,20000.0,4.698970004336019,0,493.6080000000003
COc1ccc(-c2ccc3c(C4CCOC[C@@H]4C)nc(N4CCOC[C@@H]4C)nc3n2)cc1CO,0.8,9.096910013008056,1,464.56600000000026
COc1ccc(-c2ccc3c(N4C5CCC4COC5)nc(N4C5CCC4COC5)nc3n2)cc1CO,1.0,9.0,1,489.57600000000025
COc1ccc(-c2ccc3c(N4C5CCC4COC5)nc(N4CC5CCC(C4)O5)nc3n2)cc1CO,4.0,8.397940008672037,1,489.57600000000025
COc1ccc(-c2ccc3c(N4C5CCC4COC5)nc(N4CCOCC4)nc3n2)cc1CO,5.0,8.301029995663981,1,463.53800000000024
COc1ccc(-c2ccc3c(N4C5CCC4COC5)nc(N4CCOC[C@@H]4C)nc3n2)cc1CO,3.0,8.522878745280337,1,477.5650000000002
COc1ccc(-c2ccc3c(N4C5CCC4COC5)nc(N4C[C@@H](C)O[C@@H](C)C4)nc3n2)cc1CO,5.0,8.301029995663981,1,491.5920000000002
COc1ccc(-c2ccc3c(N4CC5CCC(C4)O5)nc(N4C5CCC4COC5)nc3n2)cc1CO,9.0,8.045757490560675,1,489.57600000000025
COc1ccc(-c2ccc3c(N4CC5CCC(C4)O5)nc(N4CC5CCC(C4)O5)nc3n2)cc1CO,3.0,8.522878745280337,1,489.57600000000025
COc1ccc(-c2ccc3c(N4CCOCC4)nc(C#N)nc3n2)cc1CO,32.0,7.494850021680094,1,377.40400000000005
COc1ccc(-c2ccc3c(N4CCOCC4)nc(C(CO)CO)nc3n2)cc1CO,500.0,6.301029995663981,1,426.4730000000001
COc1ccc(-c2ccc3c(N4CCOCC4)nc(C(N)=O)nc3n2)cc1CO,48.0,7.318758762624412,1,395.4190000000001
COc1ccc(-c2ccc3c(N4CCOCC4)nc(CC#N)nc3n2)cc1CO,88.0,7.055517327849832,1,391.4310000000001
COc1ccc(-c2ccc3c(N4CCOCC4)nc(CN)nc3n2)cc1CO,146.0,6.835647144215563,1,381.4360000000001
COc1ccc(-c2ccc3c(N4CCOCC4)nc(CS(C)(=O)=O)nc3n2)cc1CO,500.0,6.301029995663981,1,444.51300000000015
COc1ccc(-c2ccc3c(N4CCOCC4)nc(N4C5CCC4COC5)nc3n2)cc1CO,11.0,7.958607314841775,1,463.53800000000024
COc1ccc(-c2ccc3c(N4CCOCC4)nc(N4C[C@@H](C)O[C@@H](C)C4)nc3n2)cc1CN,10.0,8.0,1,464.5700000000002
COc1ccc(-c2ccc3c(N4CCOCC4)nc(N4C[C@@H](C)O[C@@H](C)C4)nc3n2)cc1CO,44.666666666666664,7.3500164563548545,1,465.5540000000002
COc1ccc(-c2ccc3c(N4CCOC[C@@H]4C)cc(N4CCOC[C@@H]4C)nc3n2)cc1,100.0,7.0,1,434.5400000000002
COc1ccc(-c2ccc3c(N4CCOC[C@@H]4C)nc(-c4cc(C(=O)O)cc([N+](=O)[O-])c4)nc3n2)cc1CO,8.7,8.060480747381382,1,531.5250000000002
COc1ccc(-c2ccc3c(N4CCOC[C@@H]4C)nc(-c4cccc(-c5ccccc5)c4)nc3n2)cc1CO,250.0,6.6020599913279625,1,518.6170000000002
COc1ccc(-c2ccc3c(N4CCOC[C@@H]4C)nc(-c4cccc(C(F)(F)F)c4)nc3n2)cc1CO,410.0,6.3872161432802645,1,510.51600000000013
COc1ccc(-c2ccc3c(N4CCOC[C@@H]4C)nc(-c4cccc(C(N)=O)c4)nc3n2)cc1CO,77.0,7.113509274827518,1,485.5440000000002
COc1ccc(-c2ccc3c(N4CCOC[C@@H]4C)nc(-c4cccc(C)c4)nc3n2)cc1CO,220.0,6.657577319177793,1,456.54600000000016
COc1ccc(-c2ccc3c(N4CCOC[C@@H]4C)nc(-c4cccc(C=O)c4)nc3n2)cc1CO,18.0,7.7447274948966935,1,470.52900000000017
COc1ccc(-c2ccc3c(N4CCOC[C@@H]4C)nc(-c4cccc(CN)c4)nc3n2)cc1CO,110.0,6.958607314841775,1,471.5610000000002
COc1ccc(-c2ccc3c(N4CCOC[C@@H]4C)nc(-c4cccc(CO)c4)nc3n2)cc1CO,52.0,7.2839966563652006,1,472.5450000000002
COc1ccc(-c2ccc3c(N4CCOC[C@@H]4C)nc(-c4cccc([N+](=O)[O-])c4)nc3n2)cc1CO,280.0,6.552841968657781,1,487.5160000000002
COc1ccc(-c2ccc3c(N4CCOC[C@@H]4C)nc(-c4cccnc4)nc3n2)cc1CO,57.0,7.2441251443275085,1,443.5070000000001
COc1ccc(-c2ccc3c(N4CCOC[C@@H]4C)nc(-c4ccco4)nc3n2)cc1CO,48.0,7.318758762624412,1,432.48000000000013
COc1ccc(-c2ccc3c(N4CCOC[C@@H]4C)nc(-n4cc(Br)nc4C)nc3n2)cc1CO,43.0,7.366531544420414,1,525.4070000000002
COc1ccc(-c2ccc3c(N4CCOC[C@@H]4C)nc(-n4ccnc4)nc3n2)cc1CO,87.0,7.060480747381382,1,432.4840000000001
COc1ccc(-c2ccc3c(N4CCOC[C@@H]4C)nc(-n4ccnc4C)nc3n2)cc1CO,13.0,7.886056647693163,1,446.51100000000014
COc1ccc(-c2ccc3c(N4CCOC[C@@H]4C)nc(-n4ccnc4CO)nc3n2)cc1CO,370.0,6.431798275933005,1,462.51000000000016
COc1ccc(-c2ccc3c(N4CCOC[C@@H]4C)nc(-n4ccnc4I)nc3n2)cc1CO,97.0,7.013228265733755,1,558.38
COc1ccc(-c2ccc3c(N4CCOC[C@@H]4C)nc(-n4cnc(Br)c4)nc3n2)cc1CO,650.0,6.187086643357144,1,511.3800000000001
COc1ccc(-c2ccc3c(N4CCOC[C@@H]4C)nc(-n4cnc(C)c4C=O)nc3n2)cc1CO,160.0,6.795880017344075,1,474.5210000000002
COc1ccc(-c2ccc3c(N4CCOC[C@@H]4C)nc(C(C)(C)C)nc3n2)cc1CO,2.0,8.698970004336019,1,422.52900000000017
COc1ccc(-c2ccc3c(N4CCOC[C@@H]4C)nc(C(C)C)nc3n2)cc1CO,10.0,8.0,1,408.5020000000001
COc1ccc(-c2ccc3c(N4CCOC[C@@H]4C)nc(C)nc3n2)cc1CO,95.0,7.022276394711152,1,380.4480000000001
COc1ccc(-c2ccc3c(N4CCOC[C@@H]4C)nc(C4=CCOCC4)nc3n2)cc1CO,30.0,7.522878745280337,1,448.52300000000025
COc1ccc(-c2ccc3c(N4CCOC[C@@H]4C)nc(C4CCOCC4)nc3n2)cc1CO,53.0,7.275724130399211,1,450.53900000000027
COc1ccc(-c2ccc3c(N4CCOC[C@@H]4C)nc(CC(OC)OC)nc3n2)cc1CO,29.0,7.5376020021010435,1,454.5270000000002
COc1ccc(-c2ccc3c(N4CCOC[C@@H]4C)nc(N(C)CCO)nc3n2)cc1CO,6.3,8.200659450546418,1,439.5160000000002
COc1ccc(-c2ccc3c(N4CCOC[C@@H]4C)nc(N(CCO)C(C)C)nc3n2)cc1CO,4.7,8.327902142064282,1,467.5700000000002
COc1ccc(-c2ccc3c(N4CCOC[C@@H]4C)nc(N(CCO)CCO)nc3n2)cc1CO,9.5,8.022276394711152,1,469.54200000000026
COc1ccc(-c2ccc3c(N4CCOC[C@@H]4C)nc(N)nc3n2)cc1CO,100.0,7.0,1,381.4360000000001
COc1ccc(-c2ccc3c(N4CCOC[C@@H]4C)nc(N4C(C)CCC4C)nc3n2)cc1CO,47.0,7.327902142064283,1,463.5820000000002
COc1ccc(-c2ccc3c(N4CCOC[C@@H]4C)nc(N4C5CCC4COC5)nc3n2)cc1CO,2.0,8.698970004336019,1,477.5650000000003
COc1ccc(-c2ccc3c(N4CCOC[C@@H]4C)nc(N4CC(C)CC(C)C4)nc3n2)cc1CO,34.0,7.468521082957745,1,477.60900000000026
COc1ccc(-c2ccc3c(N4CCOC[C@@H]4C)nc(N4CCC(C#N)(c5ccccc5)CC4)nc3n2)cc1CO,140.0,6.853871964321762,1,550.6630000000002
COc1ccc(-c2ccc3c(N4CCOC[C@@H]4C)nc(N4CCC(C(=O)c5ccc(Cl)cc5)CC4)nc3n2)cc1CO,420.0,6.376750709602099,1,588.1080000000002
COc1ccc(-c2ccc3c(N4CCOC[C@@H]4C)nc(N4CCC(C(F)(F)F)CC4)nc3n2)cc1CO,230.0,6.638272163982407,1,517.5520000000002
COc1ccc(-c2ccc3c(N4CCOC[C@@H]4C)nc(N4CCC(C(N)=O)CC4)nc3n2)cc1CO,14.0,7.853871964321762,1,492.5800000000003
COc1ccc(-c2ccc3c(N4CCOC[C@@H]4C)nc(N4CCC(C)CC4)nc3n2)cc1CO,54.0,7.267606240177032,1,463.5820000000003
COc1ccc(-c2ccc3c(N4CCOC[C@@H]4C)nc(N4CCC(CCO)CC4)nc3n2)cc1CO,31.0,7.508638306165727,1,493.60800000000035
COc1ccc(-c2ccc3c(N4CCOC[C@@H]4C)nc(N4CCC(CN)CC4)nc3n2)cc1CO,37.0,7.431798275933005,1,478.5970000000003
COc1ccc(-c2ccc3c(N4CCOC[C@@H]4C)nc(N4CCC(CO)CC4)nc3n2)cc1CO,14.0,7.853871964321762,1,479.5810000000003
COc1ccc(-c2ccc3c(N4CCOC[C@@H]4C)nc(N4CCC(Cc5ccccc5)CC4)nc3n2)cc1CO,360.0,6.443697499232712,1,539.6800000000003
COc1ccc(-c2ccc3c(N4CCOC[C@@H]4C)nc(N4CCC(N(C5CC5)S(=O)(=O)c5ccc(Cl)cc5)CC4)nc3n2)cc1CO,780.0,6.107905397309519,1,679.2429999999999
COc1ccc(-c2ccc3c(N4CCOC[C@@H]4C)nc(N4CCC(N)CC4)nc3n2)cc1CO,78.0,7.107905397309519,1,464.5700000000003
COc1ccc(-c2ccc3c(N4CCOC[C@@H]4C)nc(N4CCC(N5CCCC5)CC4)nc3n2)cc1CO,63.0,7.200659450546418,1,518.6620000000005
COc1ccc(-c2ccc3c(N4CCOC[C@@H]4C)nc(N4CCC(N5CCCCC5)CC4)nc3n2)cc1CO,88.0,7.055517327849832,1,532.6890000000004
COc1ccc(-c2ccc3c(N4CCOC[C@@H]4C)nc(N4CCC(N5CCOCC5)CC4)nc3n2)cc1CO,14.0,7.853871964321762,1,534.6610000000004
COc1ccc(-c2ccc3c(N4CCOC[C@@H]4C)nc(N4CCC(O)(c5ccccc5)CC4)nc3n2)cc1CO,77.0,7.113509274827518,1,541.6520000000003
COc1ccc(-c2ccc3c(N4CCOC[C@@H]4C)nc(N4CCC(c5ccc(Cl)cc5)CC4)nc3n2)cc1CO,190.0,6.721246399047171,1,560.0980000000003
COc1ccc(-c2ccc3c(N4CCOC[C@@H]4C)nc(N4CCC(c5cccc(O)c5)CC4)nc3n2)cc1CO,38.0,7.42021640338319,1,541.6520000000003
COc1ccc(-c2ccc3c(N4CCOC[C@@H]4C)nc(N4CCC(c5ccccc5)CC4)nc3n2)cc1CO,790.0,6.102372908709558,1,525.6530000000004
COc1ccc(-c2ccc3c(N4CCOC[C@@H]4C)nc(N4CCC(c5ccncc5)CC4)nc3n2)cc1CO,320.0,6.494850021680094,1,526.6410000000003
COc1ccc(-c2ccc3c(N4CCOC[C@@H]4C)nc(N4CCC5CCCCC5C4)nc3n2)cc1CO,250.0,6.6020599913279625,1,503.6470000000004
COc1ccc(-c2ccc3c(N4CCOC[C@@H]4C)nc(N4CCCC(C(F)(F)F)C4)nc3n2)cc1CO,230.0,6.638272163982407,1,517.5520000000002
COc1ccc(-c2ccc3c(N4CCOC[C@@H]4C)nc(N4CCCC(C)C4)nc3n2)cc1CO,30.0,7.522878745280337,1,463.5820000000003
COc1ccc(-c2ccc3c(N4CCOC[C@@H]4C)nc(N4CCCC(CN(C)C)C4)nc3n2)cc1CO,80.0,7.096910013008056,1,506.65100000000035
COc1ccc(-c2ccc3c(N4CCOC[C@@H]4C)nc(N4CCCC(CO)C4)nc3n2)cc1CO,23.0,7.638272163982407,1,479.5810000000003
COc1ccc(-c2ccc3c(N4CCOC[C@@H]4C)nc(N4CCCC(N)C4)nc3n2)cc1CO,110.0,6.958607314841775,1,464.5700000000003
COc1ccc(-c2ccc3c(N4CCOC[C@@H]4C)nc(N4CCCC(O)C4)nc3n2)cc1CO,19.0,7.721246399047171,1,465.55400000000026
COc1ccc(-c2ccc3c(N4CCOC[C@@H]4C)nc(N4CCCC(OC)C4)nc3n2)cc1CO,22.0,7.657577319177793,1,479.5810000000003
COc1ccc(-c2ccc3c(N4CCOC[C@@H]4C)nc(N4CCCC(c5ccccc5)C4)nc3n2)cc1CO,88.0,7.055517327849832,1,525.6530000000004
COc1ccc(-c2ccc3c(N4CCOC[C@@H]4C)nc(N4CCCC(c5nc(C)no5)C4)nc3n2)cc1CO,79.0,7.102372908709558,1,531.6170000000003
COc1ccc(-c2ccc3c(N4CCOC[C@@H]4C)nc(N4CCCC4)nc3n2)cc1CO,110.0,6.958607314841775,1,435.52800000000025
COc1ccc(-c2ccc3c(N4CCOC[C@@H]4C)nc(N4CCCC4C)nc3n2)cc1CO,13.0,7.886056647693163,1,449.55500000000023
COc1ccc(-c2ccc3c(N4CCOC[C@@H]4C)nc(N4CCCCC(N)C4)nc3n2)cc1CO,39.0,7.4089353929735005,1,478.5970000000003
COc1ccc(-c2ccc3c(N4CCOC[C@@H]4C)nc(N4CCCCC4)nc3n2)cc1CO,66.0,7.180456064458132,1,449.5550000000003
COc1ccc(-c2ccc3c(N4CCOC[C@@H]4C)nc(N4CCCCC4CO)nc3n2)cc1CO,25.0,7.6020599913279625,1,479.5810000000003
COc1ccc(-c2ccc3c(N4CCOC[C@@H]4C)nc(N4CCCCCC4)nc3n2)cc1CO,150.0,6.823908740944319,1,463.58200000000033
COc1ccc(-c2ccc3c(N4CCOC[C@@H]4C)nc(N4CCCCO4)nc3n2)cc1CO,28.0,7.552841968657781,1,451.52700000000027
COc1ccc(-c2ccc3c(N4CCOC[C@@H]4C)nc(N4CCCC[C@H]4C)nc3n2)cc1CO,35.0,7.455931955649724,1,463.5820000000003
COc1ccc(-c2ccc3c(N4CCOC[C@@H]4C)nc(N4CCC[C@@H](O)C4)nc3n2)cc1CO,22.0,7.657577319177793,1,465.55400000000026
COc1ccc(-c2ccc3c(N4CCOC[C@@H]4C)nc(N4CCC[C@@H]4CO)nc3n2)cc1CO,29.0,7.5376020021010435,1,465.55400000000026
COc1ccc(-c2ccc3c(N4CCOC[C@@H]4C)nc(N4CCC[C@H](O)C4)nc3n2)cc1CO,24.0,7.619788758288394,1,465.55400000000026
COc1ccc(-c2ccc3c(N4CCOC[C@@H]4C)nc(N4CCC[C@H]4C(N)=O)nc3n2)cc1CO,73.0,7.136677139879544,1,478.5530000000003
COc1ccc(-c2ccc3c(N4CCOC[C@@H]4C)nc(N4CCC[C@H]4CO)nc3n2)cc1CO,23.0,7.638272163982407,1,465.55400000000026
COc1ccc(-c2ccc3c(N4CCOC[C@@H]4C)nc(N4CCN(C)CC4)nc3n2)cc1C(N)=O,30.0,7.522878745280337,1,477.5690000000003
COc1ccc(-c2ccc3c(N4CCOC[C@@H]4C)nc(N4CCN(C)CC4)nc3n2)cc1CO,67.0,7.173925197299173,1,464.5700000000003
COc1ccc(-c2ccc3c(N4CCOC[C@@H]4C)nc(N4CCN(CCO)CC4)nc3n2)cc1CO,68.0,7.167491087293763,1,494.59600000000034
COc1ccc(-c2ccc3c(N4CCOC[C@@H]4C)nc(N4CCNC(=O)C4)nc3n2)cc1CO,13.0,7.886056647693163,1,464.52600000000024
COc1ccc(-c2ccc3c(N4CCOC[C@@H]4C)nc(N4CCNC(=O)C4C)nc3n2)cc1CO,5.2,8.2839966563652,1,478.5530000000002
COc1ccc(-c2ccc3c(N4CCOC[C@@H]4C)nc(N4CCNCC4)nc3n2)cc1CO,2.6,8.585026652029182,1,450.54300000000023
COc1ccc(-c2ccc3c(N4CCOC[C@@H]4C)nc(N4CCOC(c5ccccc5)C4)nc3n2)cc1CO,77.0,7.113509274827518,1,527.6250000000003
COc1ccc(-c2ccc3c(N4CCOC[C@@H]4C)nc(N4CCOCC4)nc3n2)cc1C(N)=O,6.7,8.173925197299173,1,464.5260000000003
COc1ccc(-c2ccc3c(N4CCOC[C@@H]4C)nc(N4CCOCC4)nc3n2)cc1CO,5.7,8.244125144327509,1,451.52700000000027
COc1ccc(-c2ccc3c(N4CCOC[C@@H]4C)nc(N4CCOC[C@@H]4C)cc3n2)cc1,100.0,7.0,1,434.5400000000002
COc1ccc(-c2ccc3c(N4CCOC[C@@H]4C)nc(N4CCOC[C@@H]4C)cc3n2)cc1CO,100.0,7.0,1,464.56600000000026
COc1ccc(-c2ccc3c(N4CCOC[C@@H]4C)nc(N4CCOC[C@@H]4C)nc3n2)cc1,18.0,7.7447274948966935,1,435.5280000000002
COc1ccc(-c2ccc3c(N4CCOC[C@@H]4C)nc(N4CCOC[C@@H]4C)nc3n2)cc1C#N,310.0,6.508638306165727,1,460.53800000000024
COc1ccc(-c2ccc3c(N4CCOC[C@@H]4C)nc(N4CCOC[C@@H]4C)nc3n2)cc1C(=O)N(C)C,42.0,7.376750709602099,1,506.6070000000003
COc1ccc(-c2ccc3c(N4CCOC[C@@H]4C)nc(N4CCOC[C@@H]4C)nc3n2)cc1C(=O)NCCO,79.0,7.102372908709558,1,522.6060000000003
COc1ccc(-c2ccc3c(N4CCOC[C@@H]4C)nc(N4CCOC[C@@H]4C)nc3n2)cc1C(=O)O,0.15,9.823908740944319,1,479.53700000000026
COc1ccc(-c2ccc3c(N4CCOC[C@@H]4C)nc(N4CCOC[C@@H]4C)nc3n2)cc1C(N)=O,3.2,8.494850021680094,1,478.5530000000003
COc1ccc(-c2ccc3c(N4CCOC[C@@H]4C)nc(N4CCOC[C@@H]4C)nc3n2)cc1CNC(C)C,24.0,7.619788758288394,1,506.6510000000003
COc1ccc(-c2ccc3c(N4CCOC[C@@H]4C)nc(N4CCOC[C@@H]4C)nc3n2)cc1CNC(C)CC(C)C,96.0,7.017728766960431,1,548.7320000000003
COc1ccc(-c2ccc3c(N4CCOC[C@@H]4C)nc(N4CCOC[C@@H]4C)nc3n2)cc1CNC1CC1,64.0,7.1938200260161125,1,504.63500000000033
COc1ccc(-c2ccc3c(N4CCOC[C@@H]4C)nc(N4CCOC[C@@H]4C)nc3n2)cc1CNC1CCC(C)CC1,76.0,7.119186407719209,1,560.7430000000002
COc1ccc(-c2ccc3c(N4CCOC[C@@H]4C)nc(N4CCOC[C@@H]4C)nc3n2)cc1CNC1CCCC1,95.0,7.022276394711152,1,532.6890000000002
COc1ccc(-c2ccc3c(N4CCOC[C@@H]4C)nc(N4CCOC[C@@H]4C)nc3n2)cc1CNC1CCCCC1,64.0,7.1938200260161125,1,546.7160000000001
COc1ccc(-c2ccc3c(N4CCOC[C@@H]4C)nc(N4CCOC[C@@H]4C)nc3n2)cc1CNC1CCCCC1C,110.0,6.958607314841775,1,560.7430000000002
COc1ccc(-c2ccc3c(N4CCOC[C@@H]4C)nc(N4CCOC[C@@H]4C)nc3n2)cc1CNC1CCCCCCC1,59.0,7.229147988357855,1,574.77
COc1ccc(-c2ccc3c(N4CCOC[C@@H]4C)nc(N4CCOC[C@@H]4C)nc3n2)cc1CNC1CCOCC1,12.0,7.920818753952375,1,548.6880000000002
COc1ccc(-c2ccc3c(N4CCOC[C@@H]4C)nc(N4CCOC[C@@H]4C)nc3n2)cc1CNCC(C)C,38.0,7.42021640338319,1,520.6780000000003
COc1ccc(-c2ccc3c(N4CCOC[C@@H]4C)nc(N4CCOC[C@@H]4C)nc3n2)cc1CNCC1CC1,100.0,7.0,1,518.6620000000003
COc1ccc(-c2ccc3c(N4CCOC[C@@H]4C)nc(N4CCOC[C@@H]4C)nc3n2)cc1CNCCC(C)(C)C,91.0,7.040958607678906,1,548.7320000000003
COc1ccc(-c2ccc3c(N4CCOC[C@@H]4C)nc(N4CCOC[C@@H]4C)nc3n2)cc1CNCCC(C)C,120.0,6.920818753952375,1,534.7050000000003
COc1ccc(-c2ccc3c(N4CCOC[C@@H]4C)nc(N4CCOC[C@@H]4C)nc3n2)cc1CNCCO,13.0,7.886056647693163,1,508.62300000000033
COc1ccc(-c2ccc3c(N4CCOC[C@@H]4C)nc(N4CCOC[C@@H]4C)nc3n2)cc1CNCCc1cnc[nH]1,49.0,7.309803919971486,1,558.6870000000004
COc1ccc(-c2ccc3c(N4CCOC[C@@H]4C)nc(N4CCOC[C@@H]4C)nc3n2)cc1CNCc1cccs1,110.0,6.958607314841775,1,560.7240000000004
COc1ccc(-c2ccc3c(N4CCOC[C@@H]4C)nc(N4CCOC[C@@H]4C)nc3n2)cc1CO,11.850909090909092,7.926248333365119,1,465.55400000000026
COc1ccc(-c2ccc3c(N4CCOC[C@@H]4C)nc(N4CCOC[C@@H]4C)nc3n2)cc1F,39.0,7.4089353929735005,1,453.5180000000002
COc1ccc(-c2ccc3c(N4CCOC[C@@H]4C)nc(N4CCOC[C@@H]4C)nc3n2)cc1N,57.0,7.2441251443275085,1,450.54300000000023
COc1ccc(-c2ccc3c(N4CCOC[C@@H]4C)nc(N4CCOC[C@@H]4C)nc3n2)cn1,85.0,7.070581074285707,1,436.5160000000002
COc1ccc(-c2ccc3c(N4CCOC[C@@H]4C)nc(N4CCOC[C@H]4C)nc3n2)cc1CO,26.0,7.585026652029182,1,465.55400000000026
COc1ccc(-c2ccc3c(N4CCOC[C@@H]4C)nc(N4CCOc5ccccc54)nc3n2)cc1CO,610.0,6.214670164989233,1,499.57100000000025
COc1ccc(-c2ccc3c(N4CCOC[C@@H]4C)nc(N4CCSCC4)nc3n2)cc1C(N)=O,5.5,8.259637310505756,1,480.5940000000003
COc1ccc(-c2ccc3c(N4CCOC[C@@H]4C)nc(N4CCSCC4)nc3n2)cc1CO,78.0,7.107905397309519,1,467.59500000000025
COc1ccc(-c2ccc3c(N4CCOC[C@@H]4C)nc(N4CC[C@@H](O)C4)nc3n2)cc1CO,10.0,8.0,1,451.5270000000002
COc1ccc(-c2ccc3c(N4CCOC[C@@H]4C)nc(N4CC[C@H](O)C4)nc3n2)cc1CO,12.0,7.920818753952375,1,451.5270000000002
COc1ccc(-c2ccc3c(N4CCOC[C@@H]4C)nc(N4C[C@@H](C)O[C@@H](C)C4)nc3n2)cc1,91.0,7.040958607678906,1,449.5550000000002
COc1ccc(-c2ccc3c(N4CCOC[C@@H]4C)nc(N4C[C@@H](C)O[C@@H](C)C4)nc3n2)cc1CO,1.85,8.732828271596986,1,479.58100000000024
COc1ccc(-c2ccc3c(N4CCOC[C@@H]4C)nc(N4C[C@@H](C)O[C@@H](C)C4)nc3n2)cc1F,6.4,8.193820026016112,1,467.5450000000002
COc1ccc(-c2ccc3c(N4CCOC[C@@H]4C)nc(NC(=O)c4ccccc4)nc3n2)cc1CO,670.0,6.173925197299173,1,485.54400000000015
COc1ccc(-c2ccc3c(N4CCOC[C@@H]4C)nc(NC(C)(C)CO)nc3n2)cc1CO,18.0,7.7447274948966935,1,453.5430000000002
COc1ccc(-c2ccc3c(N4CCOC[C@@H]4C)nc(NC(C)C)nc3n2)cc1CO,30.0,7.522878745280337,1,423.5170000000001
COc1ccc(-c2ccc3c(N4CCOC[C@@H]4C)nc(NC(C)CC(C)C)nc3n2)cc1CO,270.0,6.568636235841013,1,465.5980000000002
COc1ccc(-c2ccc3c(N4CCOC[C@@H]4C)nc(NC(C)CN(C)C)nc3n2)cc1CO,97.0,7.013228265733755,1,466.5860000000002
COc1ccc(-c2ccc3c(N4CCOC[C@@H]4C)nc(NC(CO)CO)nc3n2)cc1CO,25.0,7.6020599913279625,1,455.51500000000016
COc1ccc(-c2ccc3c(N4CCOC[C@@H]4C)nc(NC4CCCC4)nc3n2)cc1CO,58.0,7.236572006437063,1,449.55500000000023
COc1ccc(-c2ccc3c(N4CCOC[C@@H]4C)nc(NCC(F)F)nc3n2)cc1CO,10.0,8.0,1,445.4700000000001
COc1ccc(-c2ccc3c(N4CCOC[C@@H]4C)nc(NCC(N)=O)nc3n2)cc1CO,47.0,7.327902142064283,1,438.48800000000017
COc1ccc(-c2ccc3c(N4CCOC[C@@H]4C)nc(NCCF)nc3n2)cc1CO,62.0,7.2076083105017466,1,427.48000000000013
COc1ccc(-c2ccc3c(N4CCOC[C@@H]4C)nc(NCCN(C)C)nc3n2)cc1CO,250.0,6.6020599913279625,1,452.5590000000002
COc1ccc(-c2ccc3c(N4CCOC[C@@H]4C)nc(NCCO)nc3n2)cc1CO,42.0,7.376750709602099,1,425.48900000000015
COc1ccc(-c2ccc3c(N4CCOC[C@@H]4C)nc(NS(=O)(=O)c4cccc(C)c4)nc3n2)cc1CO,1400.0,5.853871964321762,0,535.6260000000002
COc1ccc(-c2ccc3c(N4CCOC[C@@H]4C)nc(N[C@@H](C)C(N)=O)nc3n2)cc1CO,27.0,7.568636235841013,1,452.51500000000016
COc1ccc(-c2ccc3c(N4CCOC[C@@H]4C)nc(N[C@@H](C)CO)nc3n2)cc1CO,35.0,7.455931955649724,1,439.51600000000013
COc1ccc(-c2ccc3c(N4CCOC[C@@H]4C)nc(N[C@H](C)C(N)=O)nc3n2)cc1CO,5.7,8.244125144327509,1,452.51500000000016
COc1ccc(-c2ccc3c(N4CCOC[C@@H]4C)nc(N[C@H](C)CO)nc3n2)cc1CO,31.0,7.508638306165727,1,439.51600000000013
COc1ccc(-c2ccc3c(N4CCOC[C@@H]4C)nc(Nc4ccccc4)nc3n2)cc1CO,42.0,7.376750709602099,1,457.5340000000001
COc1ccc(-c2ccc3c(N4CCOC[C@@H]4C)nc(Nc4ccccn4)nc3n2)cc1CO,250.0,6.6020599913279625,1,458.5220000000001
COc1ccc(-c2ccc3c(N4CCOC[C@@H]4C)nc(Nc4cccnc4)nc3n2)cc1CO,510.0,6.292429823902063,1,458.5220000000001
COc1ccc(-c2ccc3c(N4CCOC[C@@H]4C)nc(Nc4ccncn4)nc3n2)cc1CO,310.0,6.508638306165727,1,459.5100000000001
COc1ccc(-c2ccc3c(N4CCOC[C@@H]4C)nc(OC(C)CN(C)C)nc3n2)cc1CO,79.0,7.102372908709558,1,467.5700000000002
COc1ccc(-c2ccc3c(N4CCOC[C@@H]4C)nc(OCCC#N)nc3n2)cc1CO,210.0,6.6777807052660805,1,435.4840000000002
COc1ccc(-c2ccc3c(N4CCOC[C@@H]4C)nc(OCCN(C)C)nc3n2)cc1CO,120.0,6.920818753952375,1,453.54300000000023
COc1ccc(-c2ccc3c(N4CCOC[C@@H]4C)nc(OCCO)nc3n2)cc1CO,34.0,7.468521082957745,1,426.4730000000002
COc1ccc(-c2ccc3c(N4CCOC[C@@H]4C)nc(OCCS(C)(=O)=O)nc3n2)cc1CO,710.0,6.1487416512809245,1,488.56600000000026
COc1ccc(-c2ccc3c(N4CCOC[C@@H]4C)ncnc3n2)cc1CO,200.0,6.698970004336019,1,366.42100000000005
COc1ccc(-c2ccc3c(N4CCOC[C@H]4C)nc(N4CCOC[C@@H]4C)nc3n2)cc1CO,9.4,8.0268721464003,1,465.55400000000026
COc1ccc(-c2ccc3c(N4CCOC[C@H]4C)nc(N4CCOC[C@H]4C)nc3n2)cc1CO,13.0,7.886056647693163,1,465.55400000000026
COc1ccc(-c2ccc3c(N4C[C@@H](C)O[C@@H](C)C4)nc(N4C5CCC4COC5)nc3n2)cc1CO,4872.0,5.312292720375181,0,491.5920000000003
COc1ccc(-c2ccc3ncc(C(N)=O)c(Nc4ccc(C(C)(C)C#N)cc4)c3c2)cn1,674.0,6.17134010346468,1,437.50300000000016
COc1ccc(-c2ccc3ncc(C(N)=O)c(Nc4ccc(N5CCNCC5)c(C(F)(F)F)c4)c3c2)cn1,284.0,6.546681659952962,1,522.5310000000002
COc1ccc(-c2ccc3ncc4c(c3c2)n(-c2ccc(N3CCNCC3)c(C(F)(F)F)c2)c(=O)n4C)cn1,1.99,8.701146923590294,1,534.5420000000003
COc1ccc(-c2ccc3ncc4c(c3c2)n(C2CCN(C(C)=O)CC2)c(=O)n4C)cn1,113.0,6.94692155651658,1,431.49600000000027
COc1ccc(-c2ccc3ncc4c(c3c2)n(C2CCNCC2)c(=O)n4C)cn1,237.0,6.6252516539898965,1,389.4590000000002
COc1ccc(-c2ccc3ncc4c(c3n2)N(C2CCN(C(=O)[C@@H](C)O)CC2)C(=O)N(C)C4)cn1,257.2,6.5897290357478155,1,476.5370000000003
COc1ccc(-c2ccc3ncc4c(c3n2)N(C2CCNCC2)C(=O)N(C)C4)cn1,732.3,6.135310965863149,1,404.4740000000002
COc1ccc(-c2ccc3ncc4c(c3n2)N(c2ccc(N3CCNCC3)c(C(F)(F)F)c2)C(=O)N(C)C4)cn1,91.94,7.036495500585709,1,549.5570000000001
COc1ccc(-c2ccc3ncc4c(c3n2)N(c2cccc(C(F)(F)F)c2)C(=O)N(C)C4)cn1,54.3,7.265200170411153,1,465.4350000000001
COc1ccc(-c2ccc3ncc4ccc(=O)n(-c5ccc(N6CCNCC6)c(C(F)(F)F)c5)c4c3c2)cc1,78.9,7.102922996790579,1,530.5500000000003
COc1ccc(-c2ccc3ncc4nc(C)n(-c5ccc(F)cc5)c4c3c2)cc1,1000.0,6.0,1,383.42600000000004
COc1ccc(-c2cn([C@H]3CC[C@H](OCCO)CC3)c3nc(N)nc(C)c23)cn1,10000.0,5.0,0,397.47900000000016
COc1ccc(-c2n[nH]c3ncnc(N)c23)cc1O,710.0,6.1487416512809245,1,257.253
COc1ccc(-c2nc(N3CCOCC3)c3sc(CN(C)c4ncc(C(=O)NO)cn4)cc3n2)cn1,308.0,6.511449283499556,1,508.5640000000002
COc1ccc(-c2nc(N3CCOC[C@@H]3C)c3ccc(-c4cccc(CO)c4)nc3n2)cn1,240.0,6.619788758288394,1,443.5070000000001
COc1ccc(-c2nc3c(N4CCOC[C@@H]4C)nc(N4CCOCC4)nc3[nH]2)cc1C(=O)O,3204.0,5.4943074925878,0,454.48700000000025
COc1ccc(-c2nc3c(c(C4(S(C)(=O)=O)CCOCC4)n2)OCC2COCCN32)c2cc[nH]c12,4400.0,5.356547323513812,0,500.5770000000004
COc1ccc(-c2ncnc(C)c2C#Cc2ccc(N)nc2)cn1,63.0,7.200659450546418,1,317.352
COc1ccc(-c2ncnc3ccc(-c4cnc5ccccc5c4)cc23)cc1OC,1800.0,5.7447274948966935,0,393.44600000000014
COc1ccc(-c2nn(C(C)(C)C)c3ncnc(N)c23)cc1OC,100000.0,4.0,0,327.3880000000001
COc1ccc(-c2nn(C(C)C)c3ncnc(N)c23)cc1,4300.0,5.366531544420414,0,283.33500000000004
COc1ccc(-c2nn(C(C)C)c3ncnc(N)c23)cc1O,3.0,8.522878745280337,1,299.33400000000006
COc1ccc(-c2nn(C(C)C)c3ncnc(N)c23)cc1OC,3100.0,5.508638306165727,0,313.3610000000001
COc1ccc(-c2nn(C)c3ncnc(N)c23)cc1O,98.0,7.008773924307505,1,271.28
COc1ccc(-c2nn(C3CCC(C)C3)c3ncnc(N)c23)cc1O,170.0,6.769551078621726,1,339.39900000000006
COc1ccc(-c2nn(C3CCC3)c3ncnc(N)c23)cc1OC,1700.0,5.769551078621726,0,325.37200000000007
COc1ccc(-c2nn(C3CCCC3)c3ncnc(N)c23)cc1O,40.0,7.3979400086720375,1,325.372
COc1ccc(-c2nn(C3CCCC3)c3ncnc(N)c23)cc1OC,2500.0,5.6020599913279625,0,339.39900000000006
COc1ccc(-c2nn(C3CNC3)c3ncnc(N)c23)cc1O,5100.0,5.292429823902063,0,312.3330000000001
COc1ccc(-c2nn(C[C@@H](C)CO)c3ncnc(N)c23)cc1OC,1200.0,5.920818753952375,0,343.3870000000001
COc1ccc(-c2nn(C[C@H](C)CO)c3ncnc(N)c23)cc1OC,1700.0,5.769551078621726,0,343.3870000000001
COc1ccc(-c2nn([C@@H]3CCNC3)c3ncnc(N)c23)cc1O,3900.0,5.4089353929735005,0,326.36000000000007
COc1ccc(-n2c(=O)n(C)c3cnc(Nc4ccc(OC)cc4C)cc32)cc1,85700.0,4.0670191780768015,0,390.44300000000015
COc1ccc(-n2c(=O)n(C)c3cnc4ccc(-c5ccncc5)cc4c32)cc1,380.0,6.42021640338319,1,382.42300000000006
COc1ccc(-n2c(C)nc3cnc4ccc(-c5cnc6[nH]ccc6c5)cc4c32)cc1,67.2,7.172630726946175,1,405.4610000000001
COc1ccc(C(=O)C2CCN(c3nc(N4CCOC[C@@H]4C)c4ccc(-c5ccc(OC)c(CO)c5)nc4n3)CC2)cc1,250.0,6.6020599913279625,1,583.6890000000001
COc1ccc(C(=O)NNC(=O)c2cc3nc(-c4cnc(N)nc4)nc(N4CCOCC4)c3s2)cc1,6.23,8.20551195334083,1,506.5480000000003
COc1ccc(C(=O)Nc2nccc(-c3ccc4nc(NC(C)=O)sc4c3)n2)cc1,6000.0,5.221848749616356,0,419.4660000000001
COc1ccc(C)c(Nc2cc3c(cn2)n(C)c(=O)n3C2CCCC2)c1,100000.0,4.0,0,352.4380000000002
COc1ccc(C2Cc3c(C)nc(N)nc3N([C@H]3CC[C@H](OCCO)CC3)C2=O)cn1,16.0,7.795880017344075,1,427.5050000000003
COc1ccc(CCNC(=O)c2sc3nc(-c4ccccc4)cc(-c4ccccc4)c3c2N)cc1OC,57600.0,4.239577516576788,0,509.63100000000026
COc1ccc(CCNCc2cc(-c3ccc4c(N5CCOC[C@@H]5C)nc(N5CCOC[C@@H]5C)nc4n3)ccc2OC)cc1,120.0,6.920818753952375,1,598.7480000000004
COc1ccc(CN(Cc2ccc(OC)cc2)c2nc(C)nc(Cl)n2)cc1.COc1ccc(CNc2nc(C)nc(Cl)n2)cc1.Cc1nc(Cl)nc(Cl)n1.Clc1nc(Cl)nc(Cl)n1,10000.0,5.0,0,997.9909999999994
COc1ccc(CN2CCC(n3cnc4c(N5CCOCC5)nc(-c5cccc(O)c5)nc43)CC2)cn1,51.0,7.292429823902063,1,501.59100000000035
COc1ccc(CN2C[C@H](C(C)C)N(c3ccn4ncc(-c5ccc(-c6ncc[nH]6)cc5)c4n3)C2=O)cc1,46.0,7.337242168318426,1,507.59800000000024
COc1ccc(CNc2cnc(Nc3ccc(OC)nc3)c(-c3nc(C)nc4[nH]cnc34)c2)cc1,10000.0,5.0,0,468.5210000000002
COc1ccc(COCc2cnc(Nc3cccc4[nH]ccc34)c(-c3nc(C)nc4[nH]cnc34)c2)cc1,50000.0,4.301029995663981,0,491.5550000000002
COc1ccc(COc2nccc(-c3ccc4nc(NC(C)=O)sc4c3)n2)cc1,6000.0,5.221848749616356,0,406.4670000000001
COc1ccc(Cl)c(Nc2nc3ccccc3nc2NS(=O)(=O)c2cccc(NC(=O)C(C)(C)N)c2)c1,15000.0,4.823908740944319,0,541.0330000000002
COc1ccc(Cl)c2cc(-c3nn(C4CCOCC4)c4ncnc(N)c34)[nH]c12,25.0,7.6020599913279625,1,398.85400000000016
COc1ccc(Cn2c(=O)[nH]c3ncc(-c4ccc(O)cc4)nc32)cc1,630.0,6.200659450546418,1,348.3620000000001
COc1ccc(Cn2c(=O)n(C)c3c4cc(-c5cnc(OC)c(NS(C)(=O)=O)c5)ccc4ncc32)cc1,1000.0,6.0,1,519.5830000000003
COc1ccc(Cn2c(=O)n(C)c3c4cc(-c5cnc6ccccc6c5)ccc4ncc32)cc1,676.0,6.170053304058364,1,446.51000000000016
COc1ccc(Cn2c(=O)n(C)c3cnc4ccc(-c5cnc(OC)c(NS(C)(=O)=O)c5)cc4c32)cc1,580.0,6.236572006437063,1,519.5830000000003
COc1ccc(Cn2ncc(NC(=O)c3cc(NC(=O)Nc4ccc(Cl)c(C(F)(F)F)c4)ccc3C)c2N)cc1,3018.0,5.520280764560429,0,572.975
COc1ccc(N(C)c2ncccc2-c2nc(C)nc(N)n2)cn1,10000.0,5.0,0,323.36000000000007
COc1ccc(N2C(=O)COc3ccc(-c4ccc(O)cc4)cc32)cc1,1000.0,6.0,1,347.37
COc1ccc(N2C(=O)COc3ccc(-c4cccc(NS(=O)(=O)c5ccc(F)cc5)c4)cc32)cc1,1000.0,6.0,1,504.53900000000016
COc1ccc(N2C(=O)COc3ccc(-c4cnc(Cl)c(NS(=O)(=O)c5ccc(F)cc5)c4)cc32)cc1,19.8,7.703334809738469,1,539.9720000000001
COc1ccc(N2C(=O)COc3ccc(-c4cnc(OC)c(NS(=O)(=O)c5ccc(F)cc5)c4)cc32)cc1,13.85,7.858550226599533,1,535.5530000000002
COc1ccc(N2C(=O)COc3ccc(-c4cnc5ccccc5c4)cc32)cc1,1000.0,6.0,1,382.41900000000004
COc1ccc(NC(=O)Nc2ccc(-c3nc(N4C5CCC4COC5)nc4c3C(=O)N(C)CC(C)(C)O4)cc2)nc1,32.0,7.494850021680094,1,559.6270000000004
COc1ccc(NC(=O)Nc2ccc(-c3nc(N4CC5CCC(C4)O5)nc4c3C(=O)N(C)CC(C)(C)O4)cc2)nc1,32.0,7.494850021680094,1,559.6270000000004
COc1ccc(NC(=O)Nc2ccc(-c3nc(N4CC5CCC(C4)O5)nc4c3C(=O)N(C3CCOCC3)CC(C)(C)O4)cc2)cn1,68.0,7.167491087293763,1,629.7180000000003
COc1ccc(NC(=O)Nc2ccc(-c3nc(N4CCOCC4)nc(N4C5CCC4COC5)n3)cc2)cc1OC,93.5,7.029188389127482,1,547.6160000000003
COc1ccc(NC(=O)Nc2ccc(-c3nc(N4CCOC[C@@H]4C)nc4c3C(=O)N(C3CCOCC3)CC(C)(C)O4)cc2F)cn1,62.0,7.2076083105017466,1,635.6970000000003
COc1ccc(NCc2cnc(Nc3ccc(OC)nc3)c(-c3nc(C)nc4[nH]cnc34)c2)cc1,353.0,6.452225294612178,1,468.5210000000002
COc1ccc(Nc2cc(-c3cnc(N)nc3)nc(N3CCOCC3)n2)cn1,4000.0,5.3979400086720375,0,380.4120000000002
COc1ccc(Nc2cc3c(cn2)n(C)c(=O)n3-c2ccc(O)cc2)c(C)c1,38600.0,4.413412695328245,0,376.41600000000005
COc1ccc(Nc2cc3c(cn2)n(C)c(=O)n3C2CCC(N)CC2)c(C)c1,100000.0,4.0,0,381.48000000000025
COc1ccc(Nc2cc3c(cn2)n(C)c(=O)n3C2CCC(NC(=O)OC(C)(C)C)CC2)c(C)c1,15200.0,4.818156412055227,0,481.5970000000004
COc1ccc(Nc2cc3c(cn2)n(C)c(=O)n3C2CCC(O)CC2)c(C)c1,16100.0,4.79317412396815,0,382.4640000000002
COc1ccc(Nc2cc3c(cn2)n(C)c(=O)n3C2CCC(OC)CC2)c(C)c1,25900.0,4.586700235918748,0,396.49100000000027
COc1ccc(Nc2cc3c(cn2)n(C)c(=O)n3C2CCC(OCc3ccccc3)CC2)c(C)c1,44800.0,4.3487219860018556,0,472.58900000000034
COc1ccc(Nc2cc3c(cn2)n(C)c(=O)n3C2CCCC2)c(C)c1,9670.0,5.014573525916998,0,352.4380000000002
COc1ccc(Nc2cc3c(cn2)n(C)c(=O)n3C2CCCC2)cc1,68800.0,4.162411561764489,0,338.4110000000002
COc1ccc(Nc2cc3c(cn2)n(C)c(=O)n3C2CCN(C(=O)OC(C)(C)C)CC2)c(C)c1,90500.0,4.043351420794797,0,467.5700000000004
COc1ccc(Nc2cc3c(cn2)n(C)c(=O)n3C2CCNCC2)c(C)c1,100000.0,4.0,0,367.4530000000002
COc1ccc(Nc2cc3c(cn2)n(C)c(=O)n3C2CCOCC2)c(C)c1,31300.0,4.504455662453552,0,368.43700000000024
COc1ccc(Nc2cc3c(cn2)n(C)c(=O)n3CCC2CCOCC2)c(C)c1,17300.0,4.761953896871205,0,396.49100000000027
COc1ccc(Nc2ccccc2-c2nc(C)nc(N)n2)cn1,10000.0,5.0,0,308.345
COc1ccc(Nc2cccnc2-c2nc(C)nc(N)n2)cn1,10000.0,5.0,0,309.333
COc1ccc(Nc2ccncc2-c2nc(C)nc3[nH]cnc23)cn1,10000.0,5.0,0,333.355
COc1ccc(Nc2cnc(Nc3ccc(OC)nc3)c(-c3nc(C)nc4[nH]cnc34)c2)cc1,743.0,6.129011186239425,1,454.49400000000014
COc1ccc(Nc2cnccc2-c2nc(C)nc(N)n2)cn1,10000.0,5.0,0,309.333
COc1ccc(Nc2nc(-c3ccc(F)cc3)ncc2-c2nc(C)nc(N)n2)cn1,10000.0,5.0,0,404.40900000000016
COc1ccc(Nc2nc(-c3cccnc3)ccc2-c2nc(C)nc(N)n2)cn1,10000.0,5.0,0,386.41900000000015
COc1ccc(Nc2nc(-c3ccncc3)ncc2-c2nc(C)nc(N)n2)cn1,10000.0,5.0,0,387.40700000000015
COc1ccc(Nc2nc(N(C)C)ncc2-c2nc(C)nc(N)n2)cn1,10000.0,5.0,0,353.3900000000001
COc1ccc(Nc2nc(N)ncc2-c2nc(C)nc(N)n2)cn1,10000.0,5.0,0,325.33600000000007
COc1ccc(Nc2nc(N3CCCC3)ncc2-c2nc(C)nc(N)n2)cn1,10000.0,5.0,0,379.42800000000005
COc1ccc(Nc2nc(N3CCCCC3)ncc2-c2nc(C)nc(N)n2)cn1,10000.0,5.0,0,393.4550000000001
COc1ccc(Nc2nc(N3CCOCC3)ncc2-c2nc(C)nc(N)n2)cn1,10000.0,5.0,0,395.42700000000013
COc1ccc(Nc2nc(NC3CCCC3)ncc2-c2nc(C)nc(N)n2)cn1,10000.0,5.0,0,393.45500000000015
COc1ccc(Nc2nc(OC)ncc2-c2nc(C)nc(N)n2)cn1,10000.0,5.0,0,340.34700000000004
COc1ccc(Nc2nc3ccc(C(C)(C)O)cn3c2-c2nc(C)nc(N)n2)cn1,36.0,7.443697499232712,1,406.45000000000016
COc1ccc(Nc2nc3ccc(N4CCN(C(=O)N(C)C)CC4)cn3c2-c2nc(C)nc(N)n2)cn1,34.0,7.468521082957745,1,503.5710000000003
COc1ccc(Nc2nc3ccc(N4CCNCC4)cn3c2-c2nc(C)nc(N)n2)cn1,20.0,7.698970004336019,1,432.4920000000002
COc1ccc(Nc2nc3ccccc3cc2-c2nc(C)nc(N)n2)cn1,10000.0,5.0,0,359.39300000000014
COc1ccc(Nc2nc3ccccc3cc2-c2nc(C)nc3[nH]cnc23)cn1,10000.0,5.0,0,383.41500000000013
COc1ccc(Nc2nc3ccccn3c2-c2nc(C)nc(N)n2)cn1,37.0,7.431798275933005,1,348.3700000000001
COc1ccc(Nc2ncc(-c3ccc(C)nc3)cc2-c2nc(C)nc(N)n2)cn1,10000.0,5.0,0,400.4460000000002
COc1ccc(Nc2ncc(-c3ccc(OC)nc3)cc2-c2nc(C)nc(N)n2)cn1,10000.0,5.0,0,416.44500000000016
COc1ccc(Nc2ncc(-c3ccccn3)cc2-c2nc(C)nc(N)n2)cn1,10000.0,5.0,0,386.41900000000015
COc1ccc(Nc2ncc(-c3ccnnc3)cc2-c2nc(C)nc(N)n2)cn1,10000.0,5.0,0,387.40700000000015
COc1ccc(Nc2ncc(-c3cn[nH]c3)cc2-c2nc(C)nc(N)n2)cn1,10000.0,5.0,0,375.39600000000013
COc1ccc(Nc2ncc(-c3cncc(F)c3)cc2-c2nc(C)nc(N)n2)cn1,10000.0,5.0,0,404.40900000000016
COc1ccc(Nc2ncc(-c3cnn(C)c3)cc2-c2nc(C)nc(N)n2)cn1,10000.0,5.0,0,389.4230000000002
COc1ccc(Nc2ncc(Br)cc2-c2nc(C)nc(N)n2)cn1,10000.0,5.0,0,388.22900000000016
COc1ccc(Nc2ncc(C(=O)N3CCOCC3)cc2-c2nc(C)nc(N)n2)cn1,5390.0,5.268411234813262,0,422.4490000000002
COc1ccc(Nc2ncc(C(C)(C)N)cc2-c2nc(C)nc(N)n2)cn1,517.0,6.286509456906058,1,366.4290000000001
COc1ccc(Nc2ncc(C(C)(C)N3CCN(S(C)(=O)=O)CC3)cc2-c2nc(C)nc(N)n2)cn1,1778.0,5.7500682433658055,0,513.6280000000003
COc1ccc(Nc2ncc(C(C)(C)O)cc2-c2nc(C)nc(N)n2)cn1,790.0,6.102372908709558,1,367.4130000000001
COc1ccc(Nc2ncc(C(C)(O)C(F)(F)F)cc2-c2nc(C)nc(N)n2)cn1,263.0,6.580044251510242,1,421.38300000000015
COc1ccc(Nc2ncc(C(C)=O)nc2-c2cc(N)nc(C)n2)cn1,10000.0,5.0,0,351.37000000000006
COc1ccc(Nc2ncc(C(C)N3CC(S(C)(=O)=O)C3)cc2-c2nc(C)nc(N)n2)cn1,1892.0,5.723078867934226,0,470.5590000000003
COc1ccc(Nc2ncc(C(C)N3CCN(S(C)(=O)=O)CC3)cc2-c2nc(C)nc(N)n2)cn1,2201.0,5.657379957446652,0,499.60100000000034
COc1ccc(Nc2ncc(C(C)N3CCN(S(C)(=O)=O)CC3)cc2-c2nc(C)nc3[nH]cnc23)cn1,476.0,6.3223930472795065,1,523.6230000000003
COc1ccc(Nc2ncc(C(C)N3CCN(S(C)(=O)=O)CC3)nc2-c2cc(N)nc(C)n2)cn1,1950.0,5.709965388637482,0,499.60100000000034
COc1ccc(Nc2ncc(C(C)c3ccc(S(C)(=O)=O)cc3)cc2-c2nc(C)nc(N)n2)cn1,10000.0,5.0,0,491.5770000000003
COc1ccc(Nc2ncc(C(N)C(F)(F)F)cc2-c2nc(C)nc(N)n2)cn1,1085.0,5.964570261815451,0,406.3720000000001
COc1ccc(Nc2ncc(C(N)c3ccc(S(=O)(=O)N(C)C)cc3)cc2-c2nc(C)nc(N)n2)cn1,10000.0,5.0,0,521.6070000000003
COc1ccc(Nc2ncc(C(N3CCN(S(C)(=O)=O)CC3)C(F)(F)F)cc2-c2nc(C)nc(N)n2)cn1,3093.0,5.509620079996821,0,553.5710000000001
COc1ccc(Nc2ncc(C(O)C(C)(C)C)cc2-c2nc(C)nc3[nH]cnc23)cn1,268.0,6.5718652059712115,1,419.48900000000015
COc1ccc(Nc2ncc(C(O)c3cc(Br)ccc3S(=O)(=O)N(C)C)cc2-c2nc(C)nc(N)n2)cn1,726.0,6.139063379299906,1,601.487
COc1ccc(Nc2ncc(C(O)c3ccc(S(=O)(=O)N(C)C)cc3)cc2-c2nc(C)nc(N)n2)cn1,4767.0,5.321754848072958,0,522.5910000000002
COc1ccc(Nc2ncc(C(O)c3ccc(S(C)(=O)=O)cc3)cc2-c2nc(C)nc3[nH]cnc23)cn1,10000.0,5.0,0,517.5710000000003
COc1ccc(Nc2ncc(C)cc2-c2nc(C)nc(N)n2)cn1,30000.0,4.522878745280337,0,323.36000000000007
COc1ccc(Nc2ncc(C3(N4CCN(S(C)(=O)=O)CC4)CC3)cc2-c2nc(C)nc(N)n2)cn1,10000.0,5.0,0,511.6120000000004
COc1ccc(Nc2ncc(C3=CCNCC3)cc2-c2nc(C)nc(N)n2)cn1,2614.0,5.582694416755475,0,390.45100000000014
COc1ccc(Nc2ncc(C3=CCOCC3)cc2-c2nc(C)nc(N)n2)cn1,10000.0,5.0,0,391.4350000000001
COc1ccc(Nc2ncc(CC3CCN(S(C)(=O)=O)CC3)cc2-c2nc(C)nc(N)n2)cn1,10000.0,5.0,0,484.5860000000003
COc1ccc(Nc2ncc(CCO)cc2-c2nc(C)nc3[nH]cnc23)cn1,248.0,6.605548319173784,1,377.4080000000001
COc1ccc(Nc2ncc(CN3CC(N)C3)cc2-c2nc(C)nc(N)n2)cn1,10000.0,5.0,0,393.45500000000015
COc1ccc(Nc2ncc(CN3CC(NS(C)(=O)=O)C3)cc2-c2nc(C)nc(N)n2)cn1,3739.0,5.42724453484578,0,471.5470000000003
COc1ccc(Nc2ncc(CN3CC(O)C3)cc2-c2nc(C)nc(N)n2)cn1,10000.0,5.0,0,394.43900000000014
COc1ccc(Nc2ncc(CN3CC(S(C)(=O)=O)C3)cc2-c2nc(C)nc(N)n2)cn1,10000.0,5.0,0,456.53200000000027
COc1ccc(Nc2ncc(CN3CC4(C3)NC(=O)NC4=O)cc2-c2nc(C)nc(N)n2)cn1,10000.0,5.0,0,462.4740000000002
COc1ccc(Nc2ncc(CN3CCC(O)CC3)cc2-c2nc(C)nc(N)n2)cn1,10000.0,5.0,0,422.49300000000017
COc1ccc(Nc2ncc(CN3CCC(S(C)(=O)=O)C3)cc2-c2nc(C)nc(N)n2)cn1,3589.0,5.44502654166676,0,470.55900000000025
COc1ccc(Nc2ncc(CN3CCC(S(C)(=O)=O)CC3)cc2-c2nc(C)nc(N)n2)cn1,10000.0,5.0,0,484.5860000000003
COc1ccc(Nc2ncc(CN3CCC3)cc2-c2nc(C)nc(N)n2)cn1,10000.0,5.0,0,378.44000000000005
COc1ccc(Nc2ncc(CN3CCCC3)cc2-c2nc(C)nc(N)n2)cn1,10000.0,5.0,0,392.4670000000001
COc1ccc(Nc2ncc(CN3CCCCC3)cc2-c2nc(C)nc(N)n2)cn1,10000.0,5.0,0,406.4940000000001
COc1ccc(Nc2ncc(CN3CCCN(S(C)(=O)=O)CC3)cc2-c2nc(C)nc(N)n2)cn1,10000.0,5.0,0,499.6010000000003
COc1ccc(Nc2ncc(CN3CCN(C(=O)N(C)C)CC3)cc2-c2nc(C)nc(N)n2)cn1,1400.0,5.853871964321762,0,478.56100000000026
COc1ccc(Nc2ncc(CN3CCN(C(=O)N(C)C)CC3)cc2-c2nc(C)nc3[nH]cnc23)cn1,1874.0,5.727230413448241,0,502.58300000000025
COc1ccc(Nc2ncc(CN3CCN(C(C)=O)CC3)cc2-c2nc(C)nc3[nH]cnc23)cn1,612.0,6.213248577854439,1,473.5410000000002
COc1ccc(Nc2ncc(CN3CCN(C)CC3)cc2-c2nc(C)nc(N)n2)cn1,10000.0,5.0,0,421.5090000000002
COc1ccc(Nc2ncc(CN3CCN(S(=O)(=O)N(C)C)CC3)cc2-c2nc(C)nc(N)n2)cn1,10000.0,5.0,0,514.6160000000003
COc1ccc(Nc2ncc(CN3CCN(S(=O)(=O)N(C)C)CC3)cc2-c2nc(C)nc3[nH]cnc23)cn1,10000.0,5.0,0,538.6380000000003
COc1ccc(Nc2ncc(CN3CCN(S(C)(=O)=O)CC3)cc2-c2cc(N)nc(C)n2)cn1,10000.0,5.0,0,484.5860000000003
COc1ccc(Nc2ncc(CN3CCN(S(C)(=O)=O)CC3)cc2-c2nc(C)nc(N)n2)cn1,6521.0,5.18568579979254,0,485.5740000000003
COc1ccc(Nc2ncc(CN3CCN(S(C)(=O)=O)CC3)cc2-c2nc(C)nc3[nH]cnc23)cn1,10000.0,5.0,0,509.5960000000003
COc1ccc(Nc2ncc(CN3CCN(S(C)(=O)=O)CC3)cc2-c2ncnc(C)n2)cn1,10000.0,5.0,0,470.55900000000025
COc1ccc(Nc2ncc(CN3CCN(S(C)(=O)=O)C[C@H]3C)cc2-c2nc(C)nc(N)n2)cn1,3284.0,5.483596851552597,0,499.6010000000003
COc1ccc(Nc2ncc(CN3CCNCC3)cc2-c2nc(C)nc(N)n2)cn1,10000.0,5.0,0,407.48200000000014
COc1ccc(Nc2ncc(CN3CCNCC3)cc2-c2nc(C)nc3[nH]cnc23)cn1,10000.0,5.0,0,431.50400000000013
COc1ccc(Nc2ncc(CN3CCOCC3)cc2-c2nc(C)nc(N)n2)cn1,10000.0,5.0,0,408.4660000000001
COc1ccc(Nc2ncc(CN3CCOCC3=O)cc2-c2nc(C)nc(N)n2)cn1,3030.0,5.518557371497695,0,422.4490000000001
COc1ccc(Nc2ncc(CN3CCOC[C@@H]3C)cc2-c2nc(C)nc(N)n2)cn1,10000.0,5.0,0,422.49300000000017
COc1ccc(Nc2ncc(CN3CCS(=O)(=O)CC3)cc2-c2nc(C)nc(N)n2)cn1,10000.0,5.0,0,456.53200000000027
COc1ccc(Nc2ncc(CN3CCSCC3)cc2-c2nc(C)nc(N)n2)cn1,10000.0,5.0,0,424.53400000000016
COc1ccc(Nc2ncc(CN3CC[C@@H](CO)C3)cc2-c2nc(C)nc(N)n2)cn1,10000.0,5.0,0,422.49300000000017
COc1ccc(Nc2ncc(CN3CC[S+]([O-])CC3)cc2-c2nc(C)nc(N)n2)cn1,10000.0,5.0,0,440.53300000000024
COc1ccc(Nc2ncc(CN3CCn4ncnc4C3)cc2-c2nc(C)nc(N)n2)cn1,4801.0,5.318668294030834,0,445.4910000000002
COc1ccc(Nc2ncc(CNC(C)(C)C)cc2-c2nc(C)nc3[nH]cnc23)cn1,10000.0,5.0,0,418.50500000000017
COc1ccc(Nc2ncc(CNC(C)C)cc2-c2nc(C)nc3[nH]cnc23)cn1,10000.0,5.0,0,404.4780000000001
COc1ccc(Nc2ncc(CNCCO)cc2-c2nc(C)nc(N)n2)cn1,10000.0,5.0,0,382.4280000000001
COc1ccc(Nc2ncc(CNCc3ccccn3)cc2-c2nc(C)nc3[nH]cnc23)cn1,556.0,6.2549252084179425,1,453.51000000000016
COc1ccc(Nc2ncc(CNCc3cccnc3)cc2-c2nc(C)nc3[nH]cnc23)cn1,1397.0,5.854803593885818,0,453.51000000000016
COc1ccc(Nc2ncc(CNCc3ccncc3)cc2-c2nc(C)nc3[nH]cnc23)cn1,550.0,6.259637310505756,1,453.51000000000016
COc1ccc(Nc2ncc(CN[C@H](C)CO)cc2-c2nc(C)nc(N)n2)cn1,10000.0,5.0,0,396.45500000000015
COc1ccc(Nc2ncc(CNc3ccccc3)cc2-c2nc(C)nc3[nH]cnc23)cn1,10000.0,5.0,0,438.4950000000002
COc1ccc(Nc2ncc(CNc3ccccn3)cc2-c2nc(C)nc3[nH]cnc23)cn1,10000.0,5.0,0,439.4830000000002
COc1ccc(Nc2ncc(CNc3cccnn3)cc2-c2nc(C)nc3[nH]cnc23)cn1,10000.0,5.0,0,440.4710000000002
COc1ccc(Nc2ncc(CNc3ccncc3)cc2-c2nc(C)nc3[nH]cnc23)cn1,10000.0,5.0,0,439.4830000000002
COc1ccc(Nc2ncc(CO)cc2-c2nc(C)nc(N)n2)cn1,2487.5,5.6042369105822365,0,339.35900000000004
COc1ccc(Nc2ncc(CO)cc2-c2nc(C)nc3[nH]cnc23)cn1,924.0,6.0343280287798935,1,363.38100000000003
COc1ccc(Nc2ncc(Cc3ccc(S(C)(=O)=O)cc3)cc2-c2nc(C)nc(N)n2)cn1,10000.0,5.0,0,477.55000000000024
COc1ccc(Nc2ncc(Cc3ccc(S(C)(=O)=O)cc3)cc2-c2nc(C)nc3[nH]cnc23)cn1,245.0,6.610833915635467,1,501.57200000000023
COc1ccc(Nc2ncc(Cc3ccccc3)cc2-c2nc(C)nc(N)n2)cn1,10000.0,5.0,0,399.4580000000002
COc1ccc(Nc2ncc(Cl)cc2-c2nc(C)nc(N)n2)cn1,10000.0,5.0,0,343.7780000000001
COc1ccc(Nc2ncc(Cl)cc2-c2nc(C)nc3[nH]cnc23)cn1,10000.0,5.0,0,367.80000000000007
COc1ccc(Nc2ncc(N3CCC(O)C3)cc2-c2nc(C)nc3[nH]cnc23)cn1,10000.0,5.0,0,418.4610000000001
COc1ccc(Nc2ncc(N3CCC[C@@H]3CO)cc2-c2nc(C)nc3[nH]cnc23)cn1,2701.0,5.568475415812549,0,432.4880000000001
COc1ccc(Nc2ncc(N3CCC[C@H]3CO)cc2-c2nc(C)nc3[nH]cnc23)cn1,1149.0,5.9396799713117145,0,432.4880000000001
COc1ccc(Nc2ncc(N3CCN(C)CC3)cc2-c2nc(C)nc(N)n2)cn1,1400.0,5.853871964321762,0,407.48200000000014
COc1ccc(Nc2ncc(N3CCN(S(C)(=O)=O)CC3)cc2-c2nc(C)nc3[nH]cnc23)cn1,186.0,6.730487055782084,1,495.5690000000003
COc1ccc(Nc2ncc(N3CCOCC3)cc2-c2nc(C)nc(N)n2)cn1,10000.0,5.0,0,394.43900000000014
COc1ccc(Nc2ncc(N3CCOCC3)cc2-c2nc(C)nc3[nH]cnc23)cn1,10000.0,5.0,0,418.4610000000001
COc1ccc(Nc2ncc(N3CC[C@@H](O)C3)cc2-c2nc(C)nc3[nH]cnc23)cn1,594.0,6.2262135550188065,1,418.4610000000001
COc1ccc(Nc2ncc(N3CC[C@H](CO)C3)cc2-c2nc(C)nc3[nH]cnc23)cn1,10000.0,5.0,0,432.4880000000001
COc1ccc(Nc2ncc(N3CC[C@H](O)C3)cc2-c2nc(C)nc3[nH]cnc23)cn1,839.0,6.0762380391713,1,418.4610000000001
COc1ccc(Nc2ncc(NCc3ccccc3)cc2-c2nc(C)nc3[nH]cnc23)cn1,10000.0,5.0,0,438.4950000000002
COc1ccc(Nc2ncc(Nc3ccccc3)cc2-c2nc(C)nc3[nH]cnc23)cn1,714.0,6.146301788223826,1,424.4680000000002
COc1ccc(Nc2ncc(OC(F)F)cc2-c2nc(C)nc(N)n2)cn1,10000.0,5.0,0,375.3390000000001
COc1ccc(Nc2ncc([C@@H](C)N3CCN(S(C)(=O)=O)CC3)cc2-c2nc(C)nc(N)n2)cn1,3249.0,5.488250288655017,0,499.60100000000034
COc1ccc(Nc2ncc([C@@H](O)C(C)(C)C)cc2-c2nc(C)nc3[nH]cnc23)cn1,129.0,6.889410289700751,1,419.48900000000015
COc1ccc(Nc2ncc([C@@H](O)C(F)(F)F)cc2-c2nc(C)nc(N)n2)cn1,599.0,6.2225731776106885,1,407.35600000000017
COc1ccc(Nc2ncc([C@@H](O)C(F)(F)F)cc2-c2nc(C)nc(N)n2)cn1.COc1ccc(Nc2ncc([C@H](O)C(F)(F)F)cc2-c2nc(C)nc(N)n2)cn1,581.0,6.235823867609669,1,814.7119999999999
COc1ccc(Nc2ncc([C@H](C)N3CCN(S(C)(=O)=O)CC3)cc2-c2nc(C)nc(N)n2)cn1,1719.0,5.764724123312948,0,499.60100000000034
COc1ccc(Nc2ncc([C@H](O)C(C)(C)C)cc2-c2nc(C)nc3[nH]cnc23)cn1,251.0,6.600326278518962,1,419.48900000000015
COc1ccc(Nc2ncc([C@H](O)C(F)(F)F)cc2-c2nc(C)nc(N)n2)cn1,379.0,6.421360790031928,1,407.35600000000017
COc1ccc(Nc2ncccc2-c2nc(C)nc(N)n2)cc1F,10000.0,5.0,0,326.33500000000004
COc1ccc(Nc2ncccc2-c2nc(C)nc(N)n2)cc1OC,10000.0,5.0,0,338.3710000000001
COc1ccc(Nc2ncccc2-c2nc(C)nc(N)n2)cn1,7767.0,5.109746694845466,0,309.333
COc1ccc(Nc2ncccc2-c2nc(C)nc3nc[nH]c23)cn1,291.0,6.536107011014093,1,333.355
COc1ccc(Nc2ncccc2-c2ncnc3nc[nH]c23)cn1,5112.0,5.2914091548496565,0,319.32800000000003
COc1ccc(Nc2nccnc2-c2cc(N)nc(C)n2)cn1,10000.0,5.0,0,309.333
COc1ccc(Nc2nccnc2-c2nc(C)nc(N)n2)cn1,10000.0,5.0,0,310.321
COc1ccc(Nc2ncncc2-c2nc(C)nc(N)n2)cn1,10000.0,5.0,0,310.321
COc1ccc(Oc2cc(C)c(-c3csc(NC(=O)c4ccnc(F)c4)n3)c(C)c2)cc1,10000.0,5.0,0,449.5070000000002
COc1ccc(S(=O)(=O)N(C)c2nccc(-c3ccc4nc(NC(C)=O)sc4c3)n2)cc1,285.0,6.54515513999149,1,469.5480000000002
COc1ccc(S(=O)(=O)N2CCN(c3nc(NCCN4CCOCC4)nc(N4CCOCC4)n3)CC2)cc1,20.78,7.6823544567788415,1,548.6700000000005
COc1ccc(S(=O)(=O)Nc2cc(-c3cc4c(C)nc(N)cc4n(C4CCCC4)c3=O)cnc2OC)cc1,65.64,7.182831427618944,1,535.6260000000004
COc1ccc(S(=O)(=O)Nc2cc(-c3ccc4nc(NC(C)=O)sc4c3)ccn2)cc1,29.0,7.5376020021010435,1,454.53300000000013
COc1ccc(S(=O)(=O)Nc2cc(-c3ccc4nc(NC(C)=O)sc4c3)cnc2C#N)cc1,1.6,8.795880017344075,1,479.5430000000002
COc1ccc(S(=O)(=O)Nc2cc(-c3ccc4nc(NC(C)=O)sc4c3)cnc2C)cc1,6.0,8.221848749616356,1,468.5600000000002
COc1ccc(S(=O)(=O)Nc2cc(-c3ccc4nc(NC(C)=O)sc4c3)cnc2Cl)cc1,2.1,8.67778070526608,1,488.9780000000002
COc1ccc(S(=O)(=O)Nc2cc(-c3ccc4nccc(=O)n4c3)cnc2OC)cc1,138.0,6.860120913598763,1,438.46500000000015
COc1ccc(S(=O)(=O)Nc2cc(-c3cnc4nc(N)nc(C)c4c3)cnc2OC)cc1,180.0,6.7447274948966935,1,452.4960000000002
COc1ccc(S(=O)(=O)Nc2cccc(-c3ccc4nc(NC(C)=O)sc4c3)c2)cc1,1500.0,5.823908740944319,0,453.5450000000002
COc1ccc(S(=O)(=O)Nc2cncc(-c3ccc4nc(NC(C)=O)sc4c3)c2)cc1,11.0,7.958607314841775,1,454.5330000000002
COc1ccc(S(=O)(=O)Nc2cncc(-c3ccc4nc(NC(C)=O)sc4c3)n2)cc1,15.0,7.823908740944319,1,455.5210000000002
COc1ccc(S(=O)(=O)Nc2nccc(-c3ccc4nc(NC(C)=O)sc4c3)n2)cc1,57.0,7.2441251443275085,1,455.5210000000002
COc1ccc(Sc2nccc(-c3ccc4nc(NC(C)=O)sc4c3)n2)cc1,3010.0,5.521433504406157,0,408.5080000000001
COc1ccc([C@@H](O)c2cc(-c3ncnc4cc(N5CCOCC5)ccc34)c(F)cc2Cl)nn1,22400.0,4.649751981665837,0,481.9150000000003
COc1ccc([C@@H]2OC(=O)N(c3cc(-c4cnc(N)nc4C(F)(F)F)nc(N4CCOCC4)n3)[C@H]2CO)cc1,850.0,6.070581074285707,1,547.4940000000004
COc1ccc([C@H]2COC(=O)N2c2ccn3ncc(-c4ccc(-c5nc[nH]n5)c(F)c4)c3n2)cc1,20.4,7.690369832574102,1,471.45200000000017
COc1ccc2[nH]c(-c3c(C)nn(C)c3C)c(/C=C3/Oc4ccc(NC(=O)Nc5ccc(C(=O)N(C)CCN(C)C)cc5)cc4C3=O)c2c1,1.1,8.958607314841775,1,661.7630000000001
COc1ccc2[nH]c(-c3c(C)nn(C)c3C)c(/C=C3/Oc4ccc(NC(=O)Nc5ccc(C(=O)N6CCN(C)CC6)cc5)cc4C3=O)c2c1,3.8,8.42021640338319,1,659.7470000000001
COc1ccc2[nH]c(-c3c(C)nn(C)c3C)c(/C=C3/Oc4ccc(NC(=O)Nc5ccc(C(=O)N6CCOCC6)cc5)cc4C3=O)c2c1,4.2,8.3767507096021,1,646.7040000000001
COc1ccc2[nH]c(-c3c(C)nn(C)c3C)c(/C=C3/Oc4ccc(NC(=O)Nc5cccnc5)cc4C3=O)c2c1,5.2,8.2839966563652,1,534.5760000000002
COc1ccc2[nH]c(-c3ccccc3)c(/C=C3\Oc4cc(O)cc(O)c4C3=O)c2c1,10.0,8.0,1,399.40200000000016
COc1ccc2[nH]c(-c3cccnc3)c(/C=C3\Oc4cc(O)cc(O)c4C3=O)c2c1,1.0,9.0,1,400.39000000000016
COc1ccc2[nH]c(-c3nn(C(C)C)c4ncnc(N)c34)cc2c1,500.0,6.301029995663981,1,322.37200000000007
COc1ccc2[nH]c(-c3nn(C(C)C)c4ncnc(N)c34)cc2n1,500.0,6.301029995663981,1,323.36000000000007
COc1ccc2[nH]c(C)c(/C=C3\Oc4cc(O)cc(O)c4C3=O)c2c1,3.0,8.522878745280337,1,337.3310000000001
COc1ccc2[nH]c(Cc3nc(N4CCOCC4)cc(=O)[nH]3)nc2c1,10000.0,5.0,0,341.371
COc1ccc2[nH]cc(/C=C3/Oc4ccc(NC(=O)Nc5ccc(C(=O)N6CCN(C)CC6)cc5)cc4C3=O)c2c1,4000.0,5.3979400086720375,0,551.6030000000003
COc1ccc2[nH]cc(/C=C3\Oc4cc(O)cc(O)c4C3=O)c2c1,265.0,6.576754126063192,1,323.3040000000001
COc1ccc2c(c1)OCCN2c1cc(-c2cnc(N)nc2)nc(N2CCOCC2)n1,9100.0,5.040958607678906,0,421.46100000000024
COc1ccc2c(c1)c(/C=C1\Oc3cc(O)cc(O)c3C1=O)c(C)n2C,4.0,8.397940008672037,1,351.3580000000001
COc1ccc2c(c1)c(/C=C1\Oc3cc(O)cc(O)c3C1=O)c(C)n2CCCN(C)C,118.0,6.928117992693875,1,422.4810000000003
COc1ccc2c(c1)c(/C=C1\Oc3cc(O)cc(O)c3C1=O)c(C)n2CCCN1CCN(C)CC1,153.0,6.815308569182402,1,477.56100000000043
COc1ccc2c(c1)c(/C=C1\Oc3cc(O)cc(O)c3C1=O)c(C)n2CCCN1CCN(CCO)CC1,108.0,6.966576244513051,1,507.5870000000005
COc1ccc2c(c1)c(/C=C1\Oc3cc(O)cc(O)c3C1=O)c(C)n2CCCN1CCOCC1,18.0,7.7447274948966935,1,464.5180000000004
COc1ccc2c(c1)c(/C=C1\Oc3cc(O)cc(O)c3C1=O)c(C)n2CCN(C)C,18.0,7.7447274948966935,1,408.45400000000024
COc1ccc2c(c1)c(/C=C1\Oc3cc(O)cc(O)c3C1=O)c(C)n2CCN1CCN(C)CC1,11.0,7.958607314841775,1,463.5340000000004
COc1ccc2c(c1)c(/C=C1\Oc3cc(O)cc(O)c3C1=O)c(C)n2CCN1CCN(CCCO)CC1,7.0,8.154901959985743,1,507.5870000000005
COc1ccc2c(c1)c(/C=C1\Oc3cc(O)cc(O)c3C1=O)c(C)n2CCN1CCOCC1,9.0,8.045757490560675,1,450.4910000000004
COc1ccc2c(c1)c(/C=C1\Oc3cc(O)cc(O)c3C1=O)cn2C,62.0,7.2076083105017466,1,337.3310000000001
COc1ccc2c(c1)c(/C=C1\Oc3cc(O)cc(O)c3C1=O)cn2CCCN(C)C,2125.0,5.67264106561367,0,408.45400000000024
COc1ccc2c(c1)c(/C=C1\Oc3cc(O)cc(O)c3C1=O)cn2CCCN1CCN(CCO)CC1,1650.0,5.782516055786093,0,493.56000000000046
COc1ccc2c(c1)c(/C=C1\Oc3cc(O)cc(O)c3C1=O)cn2CCCN1CCOCC1,430.0,6.366531544420414,1,450.4910000000004
COc1ccc2c(c1)c(/C=C1\Oc3cc(O)cc(O)c3C1=O)cn2CCN1CCN(CCCO)CC1,215.0,6.667561540084395,1,493.56000000000046
COc1ccc2cc(-c3nn(C(C)C)c4ncnc(N)c34)[nH]c2c1,500.0,6.301029995663981,1,322.372
COc1ccc2cc(-c3nn(C4CCOCC4)c4ncnc(N)c34)[nH]c2c1,500.0,6.301029995663981,1,364.409
COc1ccc2cc1C(=O)NCc1ccc(s1)-c1ncnc3cc(sc13)-c1cnc(OC)c(c1)NS2(=O)=O,5570.0,5.254144804826271,0,565.6580000000002
COc1cccc(-c2ccc3c(N4CCOC[C@@H]4C)nc(N4CCOC[C@@H]4C)nc3n2)c1,140.0,6.853871964321762,1,435.5280000000002
COc1cccc(-c2ccc3c(N4CCOC[C@@H]4C)nc(N4C[C@@H](C)O[C@@H](C)C4)nc3n2)c1,460.0,6.337242168318426,1,449.5550000000002
COc1cccc(-c2nc(N3CCOC[C@@H]3C)c3ccc(-c4ccc(OC)c(CO)c4)nc3n2)c1,143.0,6.844663962534939,1,472.5450000000002
COc1cccc(-c2nn(C(C)C)c3ncnc(N)c23)c1,8000.0,5.096910013008056,0,283.33500000000004
COc1cccc(-c2nn(C(C)C)c3ncnc(N)c23)c1OC,5500.0,5.259637310505756,0,313.3610000000001
COc1cccc(COc2nccc(-c3ccc4nc(NC(C)=O)sc4c3)n2)c1,6000.0,5.221848749616356,0,406.4670000000001
COc1cccc(Cn2c(=O)[nH]c3ncc(-c4ccc(O)cc4)nc32)c1,1270.0,5.896196279044043,0,348.3620000000001
COc1cccc(N2C(=O)COc3ccc(-c4ccc(O)cc4)cc32)c1,1000.0,6.0,1,347.37000000000006
COc1cccc(N2C(=O)COc3ccc(-c4cccc(NS(=O)(=O)c5ccc(F)cc5)c4)cc32)c1,1000.0,6.0,1,504.53900000000016
COc1cccc(N2C(=O)COc3ccc(-c4cnc(Cl)c(NS(=O)(=O)c5ccc(F)cc5)c4)cc32)c1,1000.0,6.0,1,539.9720000000001
COc1cccc(N2C(=O)COc3ccc(-c4cnc(OC)c(NS(=O)(=O)c5ccc(F)cc5)c4)cc32)c1,1000.0,6.0,1,535.5530000000002
COc1cccc(N2C(=O)COc3ccc(-c4cnc5ccccc5c4)cc32)c1,1000.0,6.0,1,382.4190000000001
COc1cccc(NCc2cnc(Nc3ccc(OC)nc3)c(-c3nc(C)nc4[nH]cnc34)c2)c1,10000.0,5.0,0,468.5210000000002
COc1cccc(Nc2cc3c(cn2)n(C)c(=O)n3C2CCCC2)c1,100000.0,4.0,0,338.4110000000002
COc1cccc(Nc2cnc(Nc3ccc(OC)nc3)c(-c3nc(C)nc4[nH]cnc34)c2)c1,10000.0,5.0,0,454.49400000000014
COc1cccc(Nc2nccc(-c3ccnc(N4CCOCC4)c3)n2)c1,4600.0,5.337242168318426,0,363.4210000000002
COc1cccc(S(=O)(=O)N2CCN(c3nc(NCCN4CCOCC4)nc(N4CCOCC4)n3)CC2)c1,22.16,7.654430243943608,1,548.6700000000003
COc1cccc(Sc2nccc(-c3ccc4nc(NC(C)=O)sc4c3)n2)c1,6000.0,5.221848749616356,0,408.5080000000001
COc1cccc([C@H]2COC(=O)N2c2ccn3ncc(-c4ccc(-c5nc[nH]n5)c(F)c4)c3n2)n1,2.7,8.568636235841012,1,472.44000000000017
COc1cccc([C@H]2COC(=O)N2c2ccn3ncc(-c4ccc(-c5nc[nH]n5)cc4)c3n2)n1,7.5,8.1249387366083,1,454.45000000000016
COc1cccc2cc(-c3nc(C4CCC(C(=O)O)CC4)n4ncnc(N)c34)[nH]c12,4.0,8.397940008672037,1,406.44600000000014
COc1cccc2cc(-c3nc([C@H]4CC[C@H](C(=O)O)CC4)n4ncnc(N)c34)[nH]c12,336.0,6.4736607226101555,1,406.44600000000014
COc1cccc2cc(-c3nn(C(C)C)c4ncnc(N)c34)[nH]c12,25.0,7.6020599913279625,1,322.37200000000007
COc1cccc2cc(-c3nn(C4CCN(C(=O)C5CC5)CC4)c4ncnc(N)c34)[nH]c12,500.0,6.301029995663981,1,431.5000000000002
COc1cccc2cc(-c3nn(C4CCOCC4)c4ncnc(N)c34)[nH]c12,5.0,8.301029995663981,1,364.40900000000005
COc1ccccc1-n1cc(/C=C2\SC(=S)NC2=O)cn1,94.2,7.025949097207123,1,317.39500000000004
COc1ccccc1Cn1c(=O)[nH]c2ncc(-c3ccc(O)cc3)nc21,2440.0,5.61261017366127,0,348.362
COc1ccccc1Nc1cc2c(cn1)n(C)c(=O)n2C1CCCC1,100000.0,4.0,0,338.4110000000002
COc1ccccc1Oc1cc(-c2cnc(N)nc2)nc(N2CCOCC2)c1,700.0,6.154901959985743,1,379.4200000000002
COc1ccccc1S(=O)(=O)N1CCN(c2nc(NCCN3CCOCC3)nc(N3CCOCC3)n2)CC1,25.5,7.5934598195660445,1,548.6700000000003
COc1ccccc1Sc1nccc(-c2ccc3nc(NC(C)=O)sc3c2)n1,6000.0,5.221848749616356,0,408.5080000000001
COc1ccccc1[C@H]1COC(=O)N1c1ccn2ncc(-c3ccc(-c4nc[nH]n4)c(F)c3)c2n1,1.7,8.769551078621726,1,471.4520000000001
COc1ccnc(NC(=O)Nc2ccc(-c3nc(N4C5CCC4COC5)nc4c3C(=O)N(C)CC(C)(C)O4)cc2)c1,27.0,7.568636235841013,1,559.6270000000005
COc1ccnc(NC(=O)Nc2ccc(-c3nc(N4CC5CCC(C4)O5)nc4c3C(=O)N(C)CC(C)(C)O4)cc2)c1,15.0,7.823908740944319,1,559.6270000000005
COc1cnc(-c2ccc(NC(=O)Nc3ccc(C(=O)N4CCOCC4)cc3)cc2)nc1N1CCOCC1,67.7,7.169411331314856,1,518.5740000000004
COc1cnc(-c2ccc(NC(=O)Nc3ccc(C(=O)NCCCN(C)C)cc3)cc2)nc1N1CCOCC1,97.7,7.0101054362812265,1,533.6330000000003
COc1cnc(-c2ccc(NC(=O)Nc3ccc(C(=O)O)cc3)cc2)nc1N1CCOCC1,65.7,7.182434630440219,1,449.46700000000027
COc1cnc(-c2ccc(NC(=O)Nc3ccc(C(N)=O)cc3)c(F)c2)nc1N1CCOCC1,215.0,6.667561540084395,1,466.4730000000003
COc1cnc(-c2ccc(NC(=O)Nc3ccc(C(N)=O)cc3)cc2)nc1N1CCOCC1,47.7,7.321481620959886,1,448.4830000000003
COc1cnc(-c2ccc(NC(=O)Nc3ccc(C(N)=O)cc3)cc2F)nc1N1CCOCC1,219.75,6.658071116254191,1,466.4730000000003
COc1cnc(-c2ccc(NC(=O)Nc3ccc(F)c(F)c3)cc2)nc1N1CCOCC1,233.1,6.632457726479423,1,441.4380000000003
COc1cnc(-c2ccc(NC(=O)Nc3ccc(F)cc3)cc2)nc1N1CCOCC1,206.9,6.684239509334265,1,423.44800000000026
COc1cnc(-c2ccc(NC(=O)Nc3ccc(N4CCN(C)CC4)cc3)cc2)nc1N1CCOCC1,272.1,6.565271458220242,1,503.6070000000004
COc1cnc(-c2ccc(NC(=O)Nc3ccc(N4CCN(S(C)(=O)=O)CC4)cc3)cc2)nc1N1CCOCC1,86.7,7.06198090252379,1,567.6720000000001
COc1cnc(-c2ccc(NC(=O)Nc3ccc(N4CCOCC4)c(F)c3)cc2)nc1N1CCOCC1,107.1,6.970210529168145,1,508.5540000000004
COc1cnc(-c2ccc(NC(=O)Nc3ccc(N4CCOCC4)cc3)cc2)nc1N1CCOCC1,86.8,7.061480274823508,1,490.5640000000004
COc1cnc(-c2ccc(NC(=O)Nc3ccc(N4CCOCC4)nc3)cc2)nc1N1CCOCC1,194.8,6.710411047457403,1,491.5520000000004
COc1cnc(-c2ccc(NC(=O)Nc3ccc(N4CCOCC4=O)cc3)c(F)c2)nc1N1CCOCC1,49.5,7.305394801066432,1,522.5370000000004
COc1cnc(-c2ccc(NC(=O)Nc3ccc(N4CCOCC4=O)cc3)cc2)nc1N1CCOCC1,8.1,8.09151498112135,1,504.5470000000004
COc1cnc(-c2ccc(NC(=O)Nc3ccc(N4CCOCC4=O)cc3)cc2F)nc1N1CCOCC1,179.85,6.74508955784547,1,522.5370000000004
COc1cnc(-c2ccc(NC(=O)Nc3ccc(N4CCSCC4)cc3)cc2)nc1N1CCOCC1,8.0,8.096910013008056,1,506.6320000000004
COc1cnc(-c2ccc(NC(=O)Nc3ccc(NS(C)(=O)=O)cc3)cc2)nc1N1CCOCC1,79.2,7.101274818410507,1,498.56500000000034
COc1cnc(-c2ccc(NC(=O)Nc3ccc(S(=O)(=O)N4CCOCC4)cc3)cc2)nc1N1CCOCC1,252.0,6.598599459218456,1,554.6290000000002
COc1cnc(-c2ccc(NC(=O)Nc3ccc(S(N)(=O)=O)cc3)cc2)nc1N1CCOCC1,30.5,7.515700160653214,1,484.5380000000003
COc1cnc(-c2ccc(NC(=O)Nc3cccc(C(N)=O)c3)cc2)nc1N1CCOCC1,214.15,6.6692819212674115,1,448.4830000000003
COc1cnc(-c2ccc(NC(=O)Nc3cccc(NC(C)=O)c3)cc2)nc1N1CCOCC1,173.95,6.759575566916392,1,462.5100000000003
COc1cnc(-c2ccc(NC(=O)Nc3ccccc3)cc2)nc1N1CCOCC1,253.2,6.596536298654683,1,405.45800000000025
COc1cnc(-c2ccc(NC(=O)Nc3cccnc3)cc2)nc1N1CCOCC1,82.6,7.083019952679618,1,406.44600000000025
COc1cnc(-c2ccc(NC(=O)Nc3ccncc3)cc2)nc1N1CCOCC1,117.2,6.931072388317928,1,406.44600000000025
COc1cnc(-c2ccc(NC(=O)Nc3nccs3)cc2)nc1N1CCOCC1,169.85,6.769934448793953,1,412.47500000000025
COc1cnc(Nc2ccc(OC)nc2)c(-c2nc(C)nc(N)n2)c1,10000.0,5.0,0,339.35900000000004
COc1cnc(Nc2cnc(Cl)c(N)c2)c(-c2nc(C)nc(N)n2)c1,262.0,6.581698708680254,1,358.79300000000006
COc1cnc(Nc2cnc(Cl)c(NS(=O)(=O)N(C)C)c2)c(-c2nc(C)nc(N)n2)c1,69.0,7.161150909262744,1,465.92700000000025
COc1cnc(Nc2cnc(Cl)c(NS(=O)(=O)N3CCOCC3)c2)c(-c2nc(C)nc(N)n2)c1,585.0,6.232844133917819,1,507.9640000000004
COc1cnc(Nc2cnc(Cl)c(NS(C)(=O)=O)c2)c(-c2nc(C)nc(N)n2)c1,50.0,7.301029995663981,1,436.8850000000002
COc1cnc2[nH]c(-c3nn(C(C)C)c4ncnc(N)c34)cc2c1,500.0,6.301029995663981,1,323.36000000000007
COc1cncc(-c2ccc3c(N4CCOC[C@@H]4C)nc(N4CCOC[C@@H]4C)nc3n2)c1,310.0,6.508638306165727,1,436.5160000000002
COc1cncc(-c2nc(N3CCOC[C@@H]3C)c3ccc(-c4cccc(CO)c4)nc3n2)c1,2000.0,5.698970004336019,0,443.5070000000001
COc1cncc(Nc2ncc(C(C)(C)O)cc2-c2nc(C)nc(N)n2)c1,2112.5,5.67520328237827,0,367.4130000000001
COc1cncc(Nc2ncc(CN3CCN(S(C)(=O)=O)CC3)cc2-c2nc(C)nc(N)n2)c1,10000.0,5.0,0,485.5740000000003
COc1cncc(Nc2ncccc2-c2nc(C)nc3[nH]cnc23)c1,10000.0,5.0,0,333.355
COc1cnnc(Nc2cc(-c3c(Nc4cc[nH]n4)nc4cccnn34)nc(C)n2)c1,3.0,8.522878745280337,1,415.42100000000016
COc1nc(-c2ccc(NC(=O)Nc3ccc(C(=O)N(C)CCN(C)C)cc3)cc2)nc(N2CCOCC2)n1,7.7,8.113509274827518,1,534.6210000000002
COc1nc(-c2ccc(NC(=O)Nc3ccc(C(=O)N4CCN(C)CC4)cc3)cc2)nc(N2CCOCC2)n1,22.5,7.647817481888637,1,532.6050000000002
COc1nc(-c2ccc(NC(=O)Nc3ccc(C(=O)N4CCNC(C)(C)C4)cc3)cc2)nc(N2CCOCC2)n1,18.5,7.732828271596986,1,546.6320000000002
COc1nc(-c2ccc(NC(=O)Nc3ccc(C(=O)NCCN(C)C)cc3)cc2)nc(N2CCOCC2)n1,5.6,8.2518119729938,1,520.5940000000003
COc1nc(-c2ccc(NC(=O)Nc3ccc(C(=O)NCCN4CCCCC4)cc3)cc2)nc(N2CCOCC2)n1,8.2,8.086186147616283,1,560.6590000000002
COc1nc(N2CCOC[C@@H]2C)c2ccc(-c3ccc(OC)c(CO)c3)nc2n1,80.0,7.096910013008056,1,396.4470000000002
COc1nc(NCC#N)nc(-n2c(Nc3cccc(O)c3)nc3ccccc32)n1,24533.333333333332,4.610243440382163,0,388.3910000000001
COc1ncc(-c2cc(OC3CCOCC3)c3nc(N)nc(C)c3c2)cc1NS(=O)(=O)c1ccc(F)cc1F,7.9,8.102372908709558,1,557.5790000000002
COc1ncc(-c2cc(OCCCCCCC(=O)NO)c3ncnc(C)c3c2)cc1F,2861.0,5.543482142194737,0,428.464
COc1ncc(-c2cc(OCCCCCCC(=O)Nc3ccccc3N)c3ncnc(C)c3c2)cc1NS(=O)(=O)c1ccc(F)cc1F,3.4,8.468521082957745,1,676.7460000000001
COc1ncc(-c2cc(OCCCc3ccc(C(=O)Nc4ccccc4N)cc3)c3ncnc(C)c3c2)cc1NS(=O)(=O)c1ccc(F)cc1F,9.5,8.022276394711152,1,710.7630000000001
COc1ncc(-c2cc(O[C@@H]3CCOC3)c3nc(N)nc(C)c3c2)cc1NS(=O)(=O)c1ccc(F)cc1F,9.9,8.00436480540245,1,543.5520000000002
COc1ncc(-c2cc3c(-c4ccncc4)ccnc3cn2)cc1NS(=O)(=O)c1ccc(F)cc1F,3.04,8.517126416391246,1,505.5060000000002
COc1ncc(-c2cc3c(-c4ccncc4)ncnc3s2)cc1NS(=O)(=O)c1ccc(C#N)cc1,363.0,6.440093374963888,1,500.5650000000002
COc1ncc(-c2cc3c(-c4ccncc4)ncnc3s2)cc1NS(=O)(=O)c1ccc(Cl)s1,67.9,7.168130225719498,1,516.0290000000002
COc1ncc(-c2cc3c(-c4ccncc4)ncnc3s2)cc1NS(=O)(=O)c1ccc(F)cc1F,218.0,6.661543506395395,1,511.5350000000002
COc1ncc(-c2cc3c(C)nc(N)cc3n(C(C)C)c2=O)cc1NS(=O)(=O)c1ccc(F)cc1F,125.93,6.899870796640192,1,515.5420000000003
COc1ncc(-c2cc3c(C)nc(N)cc3n(C3CCCC3)c2=O)cc1F,159.96,6.795988604538516,1,368.41200000000015
COc1ncc(-c2cc3c(C)nc(N)cc3n(C3CCCC3)c2=O)cc1NS(=O)(=O)C1CC1,140.9,6.851089006890644,1,469.5670000000003
COc1ncc(-c2cc3c(C)nc(N)cc3n(C3CCCC3)c2=O)cc1NS(=O)(=O)c1ccc(C#N)cc1,24.69,7.6074789100680675,1,530.6100000000004
COc1ncc(-c2cc3c(C)nc(N)cc3n(C3CCCC3)c2=O)cc1NS(=O)(=O)c1ccc(C(F)(F)F)cc1,78.2,7.106793246940152,1,573.5970000000003
COc1ncc(-c2cc3c(C)nc(N)cc3n(C3CCCC3)c2=O)cc1NS(=O)(=O)c1ccc(Cl)s1,8.49,8.071092309756047,1,546.0740000000003
COc1ncc(-c2cc3c(C)nc(N)cc3n(C3CCCC3)c2=O)cc1NS(=O)(=O)c1ccc(F)cc1,35.02,7.455683858252573,1,523.5900000000003
COc1ncc(-c2cc3c(C)nc(N)cc3n(C3CCCC3)c2=O)cc1NS(=O)(=O)c1ccc(F)cc1F,33.92,7.469544156415323,1,541.5800000000003
COc1ncc(-c2cc3c(C)nc(N)cc3n(C3CCCC3)c2=O)cc1NS(=O)(=O)c1cccc(F)c1,13.88,7.8576105338811635,1,523.5900000000003
COc1ncc(-c2cc3c(C)nc(N)cc3n(C3CCCC3)c2=O)cc1NS(=O)(=O)c1ccccc1,19.2,7.716698771296451,1,505.60000000000025
COc1ncc(-c2cc3c(C)nc(N)cc3n(C3CCCC3)c2=O)cc1NS(C)(=O)=O,62.64,7.203148250950113,1,443.5290000000002
COc1ncc(-c2cc3c(C)nc(N)cc3n(C3CCCC3)c2=O)cn1,36.54,7.437231456983481,1,351.41000000000014
COc1ncc(-c2cc3c(C)nc(N)cc3n(C3CCOCC3)c2=O)cc1NS(=O)(=O)c1ccc(F)cc1F,13.36,7.874193541860473,1,557.5790000000003
COc1ncc(-c2cc3c(C)nc(N)cc3n([C@H]3CC[C@H](O)CC3)c2=O)cc1NS(=O)(=O)c1ccc(F)cc1F,28.68,7.542420853004238,1,571.6060000000003
COc1ncc(-c2cc3c(C)nc(N)cc3n([C@H]3CC[C@H](OCCO)CC3)c2=O)cc1NS(=O)(=O)c1ccc(F)cc1F,8.55,8.068033885271827,1,615.6590000000003
COc1ncc(-c2cc3c(C)nc(N)nc3s2)cc1NS(=O)(=O)c1ccc(F)cc1F,10.0,8.0,1,463.4910000000001
COc1ncc(-c2cc3c(C)nc(NC(C)=O)nc3s2)cc1NS(=O)(=O)c1ccc(F)cc1F,10.0,8.0,1,505.52800000000013
COc1ncc(-c2cc3c(c(NC(=O)CN4CCOCC4)c2)COC3)cc1NS(C)(=O)=O,10000.0,5.0,0,462.52800000000025
COc1ncc(-c2ccc3c(N4CCOC[C@@H]4C)nc(N4CCOC[C@@H]4C)nc3n2)c(OC)n1,340.0,6.468521082957745,1,467.53000000000026
COc1ncc(-c2ccc3c(N4CCOC[C@@H]4C)nc(N4CCOC[C@@H]4C)nc3n2)cn1,230.0,6.638272163982407,1,437.5040000000002
COc1ncc(-c2ccc3c(c2)N(C(C)C)C(=O)CO3)cc1NS(=O)(=O)c1ccc(F)cc1,3.6,8.443697499232712,1,471.5100000000001
COc1ncc(-c2ccc3c(c2)N(C2CC2)C(=O)CO3)cc1NS(=O)(=O)c1ccc(F)cc1,253.0,6.5968794788241825,1,469.4940000000001
COc1ncc(-c2ccc3c(c2)N(C2CCCCC2)C(=O)CO3)cc1NS(=O)(=O)c1ccc(F)cc1,873.0,6.0589857562944305,1,511.57500000000016
COc1ncc(-c2ccc3c(c2)N(c2ccc(C)cc2)C(=O)CO3)cc1NS(=O)(=O)c1ccc(F)cc1,13.8,7.860120913598763,1,519.5540000000002
COc1ncc(-c2ccc3c(c2)N(c2ccc(Cl)cc2)C(=O)CO3)cc1NS(=O)(=O)c1ccc(F)cc1,12.6,7.8996294548824375,1,539.9720000000003
COc1ncc(-c2ccc3c(c2)N(c2ccc(F)cc2)C(=O)CO3)cc1NS(=O)(=O)c1ccc(F)cc1,34.9,7.45717457304082,1,523.5170000000003
COc1ncc(-c2ccc3c(c2)N(c2ccccc2)C(=O)CO3)cc1NS(=O)(=O)c1ccc(F)cc1,48.6,7.313363730737707,1,505.5270000000002
COc1ncc(-c2ccc3c(c2)NC(=O)CO3)cc1NS(=O)(=O)c1ccc(F)cc1,635.0,6.197226274708024,1,429.42900000000003
COc1ncc(-c2ccc3nc(N)nc(-c4ccncc4)c3c2)cc1NS(=O)(=O)c1ccc(F)cc1F,0.29,9.537602002101044,1,520.5210000000002
COc1ncc(-c2ccc3nc(N)nc(C)c3c2)cc1NS(=O)(=O)c1ccc(F)cc1F,2.32,8.6345120151091,1,457.4620000000001
COc1ncc(-c2ccc3nc(NC(=O)NC4CC4)nn3c2)cc1NS(=O)(=O)c1ccc(F)cc1,275.0,6.560667306169737,1,497.5120000000001
COc1ncc(-c2ccc3ncc(-c4cn(CCCN5CCOCC5)nn4)n3n2)cc1NS(=O)(=O)c1ccc(F)cc1F,3.12,8.505845405981557,1,611.6350000000003
COc1ncc(-c2ccc3ncc(-c4nnc(CCN5CCN(C)CC5)o4)n3c2)cc1NS(=O)(=O)c1ccc(F)cc1F,21.0,7.6777807052660805,1,610.6470000000004
COc1ncc(-c2ccc3ncc(C#N)c(N4CCOCC4)c3c2)cc1NS(C)(=O)=O,1.2,8.920818753952375,1,439.4970000000002
COc1ncc(-c2ccc3ncc(C(=O)N4CCOCC4)n3c2)cc1NS(=O)(=O)c1ccc(F)cc1F,1000.0,6.0,1,529.5250000000002
COc1ncc(-c2ccc3ncc(C)c(=O)n3c2)cc1NS(=O)(=O)c1ccc(F)cc1F,119.0,6.924453038607469,1,458.4460000000001
COc1ncc(-c2ccc3ncc(Cl)c(=O)n3c2)cc1NS(=O)(=O)c1ccc(F)cc1F,46.95,7.32836440339787,1,478.8640000000001
COc1ncc(-c2ccc3ncc(NC(=O)CN4CCOCC4)c(OC)c3c2)cc1NS(=O)(=O)c1ccc(F)cc1F,10.0,8.0,1,599.6160000000004
COc1ncc(-c2ccc3ncc4c(=O)[nH]c(=O)n(-c5cccc(C(F)(F)F)c5)c4c3n2)cn1,39.3,7.405607449624573,1,466.3790000000001
COc1ncc(-c2ccc3ncc4c(c3c2)n(C2CC2)c(=O)n4C)cc1NS(=O)(=O)C1CC1,46.9,7.328827157284917,1,465.53500000000025
COc1ncc(-c2ccc3ncc4c(c3c2)n([C@H]2CC[C@@H](O)CC2)c(=O)n4C)cc1C,55.0,7.259637310505756,1,418.49700000000024
COc1ncc(-c2ccc3ncc4c(c3c2)n([C@H]2CC[C@H](O)CC2)c(=O)n4C)cc1C,55.0,7.259637310505756,1,418.49700000000024
COc1ncc(-c2ccc3ncc4c(c3n2)N(c2cccc(C(F)(F)F)c2)C(=O)N(C)C4)cn1,30.3,7.518557371497695,1,466.4230000000001
COc1ncc(-c2ccc3ncc4ccc(=O)n(-c5ccc(N6CCNCC6)c(C(F)(F)F)c5)c4c3c2)c(OC)n1,662.0,6.1791420105603,1,562.5520000000001
COc1ncc(-c2ccc3nccc(-c4ccc(CN(C)C)cc4)c3c2)cc1NS(=O)(=O)c1ccc(F)cc1F,3.8,8.42021640338319,1,560.6260000000002
COc1ncc(-c2ccc3nccc(-c4ccc(CN(C)CCO)cc4)c3c2)cc1NS(=O)(=O)c1ccc(F)cc1F,2.2,8.657577319177793,1,590.6520000000003
COc1ncc(-c2ccc3nccc(-c4ccc(Cn5cncn5)cc4)c3c2)cc1NS(=O)(=O)c1ccc(F)cc1F,1.1,8.958607314841775,1,584.6080000000002
COc1ncc(-c2ccc3nccc(-c4ccncc4)c3c2)cc1NS(=O)(=O)c1ccc(F)cc1F,0.75,9.1249387366083,1,504.51800000000014
COc1ncc(-c2ccc3nccc(-c4ccnnc4)c3c2)cc1NS(=O)(=O)c1ccc(F)cc1F,0.6085714285714285,9.215688440911538,1,505.50600000000014
COc1ncc(-c2ccc3nccc(/C(C)=C/C(=O)N(C)CCO)c3c2)cc1NS(=O)(=O)c1ccc(F)cc1F,1.7,8.769551078621726,1,568.6020000000003
COc1ncc(-c2ccc3nccc(/C(C)=C/C(=O)N4CCC(O)CC4)c3c2)cc1NS(=O)(=O)c1ccc(F)cc1F,6.1,8.214670164989233,1,594.6400000000003
COc1ncc(-c2ccc3nccc(/C(C)=C/C(=O)N4CCCC4)c3c2)cc1NS(=O)(=O)c1ccc(F)cc1F,2.1,8.67778070526608,1,564.6140000000004
COc1ncc(-c2ccc3nccc(/C(C)=C/C(=O)N4CCN(C)CC4)c3c2)cc1NS(=O)(=O)c1ccc(F)cc1F,5.0,8.301029995663981,1,593.6560000000004
COc1ncc(-c2ccc3nccc(/C(C)=C/C(=O)N4CCOCC4)c3c2)cc1NS(=O)(=O)c1ccc(F)cc1F,3.3,8.481486060122112,1,580.6130000000004
COc1ncc(-c2ccc3nccc(/C(C)=C\C(=O)N4CCOCC4)c3c2)cc1NS(=O)(=O)c1ccc(F)cc1F,141.0,6.85078088734462,1,580.6130000000004
COc1ncc(-c2ccc3nccc(/C=C/C(=O)N4CCN(C)CC4)c3c2)cc1NS(=O)(=O)c1ccc(F)cc1F,3.2,8.494850021680094,1,579.6290000000004
COc1ncc(-c2ccc3nccc(=O)n3c2)cc1NS(=O)(=O)c1cc(F)cc(F)c1,77.2,7.112382699664264,1,444.4190000000001
COc1ncc(-c2ccc3nccc(=O)n3c2)cc1NS(=O)(=O)c1cc(F)ccc1F,108.5,6.964570261815451,1,444.4190000000001
COc1ncc(-c2ccc3nccc(=O)n3c2)cc1NS(=O)(=O)c1ccc(C#N)cc1,245.7,6.609594843519919,1,433.4490000000001
COc1ncc(-c2ccc3nccc(=O)n3c2)cc1NS(=O)(=O)c1ccc(C(F)(F)F)cc1,163.3,6.7870138152633315,1,476.4360000000001
COc1ncc(-c2ccc3nccc(=O)n3c2)cc1NS(=O)(=O)c1ccc(Cl)cc1,223.4,6.650916831220409,1,442.8840000000001
COc1ncc(-c2ccc3nccc(=O)n3c2)cc1NS(=O)(=O)c1ccc(F)cc1,105.8,6.975514332300833,1,426.4290000000001
COc1ncc(-c2ccc3nccc(=O)n3c2)cc1NS(=O)(=O)c1ccc(F)cc1F,42.6,7.370590400897281,1,444.4190000000001
COc1ncc(-c2ccc3nccc(=O)n3c2)cc1NS(=O)(=O)c1cccc(F)c1,64.0,7.1938200260161125,1,426.4290000000001
COc1ncc(-c2ccc3nccc(=O)n3c2)cc1NS(=O)(=O)c1ccccc1,197.9,6.703554205793604,1,408.4390000000001
COc1ncc(-c2ccc3nccc(=O)n3c2)cc1NS(=O)(=O)c1ccccc1C,153.4,6.814174640387038,1,422.4660000000001
COc1ncc(-c2ccc3nccc(=O)n3c2)cc1NS(=O)(=O)c1ccccc1F,400.0,6.3979400086720375,1,426.4290000000001
COc1ncc(-c2ccc3nccc(C#CCN4CCN(S(C)(=O)=O)CC4)c3c2)cc1NS(=O)(=O)c1ccc(F)cc1F,5.4,8.267606240177031,1,627.6950000000003
COc1ncc(-c2ccc3ncn([C@H]4CCN(C(=O)C5CC5)C4)c(=O)c3c2)cc1NS(=O)(=O)c1ccc(F)cc1,208.0,6.681936665037238,1,563.6110000000003
COc1ncc(-c2ccc3ncn([C@H]4CCN(CC5CC5)C4)c(=O)c3c2)cc1NS(=O)(=O)c1ccc(F)cc1,114.0,6.943095148663527,1,549.6280000000003
COc1ncc(-c2ccc3ncnc(-c4ccncc4)c3c2)cc1NS(=O)(=O)c1ccc(F)cc1F,0.2,9.698970004336019,1,505.50600000000014
COc1ncc(-c2ccc3nncc(-c4ccncc4)c3c2)cc1NS(=O)(=O)c1ccc(F)cc1F,21.6,7.665546248849069,1,505.50600000000014
COc1ncc(-c2cnc3nc(N)nc(-c4ccncc4)c3c2)cc1NS(=O)(=O)c1ccc(F)cc1F,18.395,7.7353002078328545,1,521.5090000000002
COc1ncc(-c2cnc3nc(N)nc(C)c3c2)cc1NS(=O)(=O)c1ccc(C#N)cc1,45.8,7.339134521996131,1,447.48000000000013
COc1ncc(-c2cnc3nc(N)nc(C)c3c2)cc1NS(=O)(=O)c1ccc(C(F)(F)F)cc1,67.0,7.173925197299173,1,490.4670000000001
COc1ncc(-c2cnc3nc(N)nc(C)c3c2)cc1NS(=O)(=O)c1ccc(Cl)s1,37.6,7.424812155072339,1,462.9440000000001
COc1ncc(-c2cnc3nc(N)nc(C)c3c2)cc1NS(=O)(=O)c1ccc(F)cc1F,35.285,7.452409878229847,1,458.4500000000001
COc1ncc(-c2cnc3nc(N)nc(C)c3c2)cc1NS(=O)(=O)c1ccccc1,79.2,7.101274818410507,1,422.4700000000001
COc1ncc(-c2cnc3nc(N)nc(C)c3c2)cc1NS(=O)(=O)c1cccnc1,111.0,6.954677021213342,1,423.4580000000001
COc1ncc(-c2cnc3nc(N)nc(C)c3c2)cc1NS(=O)(=O)c1cccs1,245.0,6.610833915635467,1,428.4990000000001
COc1ncc(-c2cnc3nccc(-c4ccncc4)c3c2)cc1NS(=O)(=O)c1ccc(F)cc1F,66.7,7.175874166083451,1,505.5060000000002
COc1ncc(-c2cnc3ncnc(-c4ccncc4)c3c2)cc1NS(=O)(=O)c1ccc(F)cc1F,62.3,7.205511953340831,1,506.4940000000002
COc1ncc(-c2nc(N3CCOCC3)c3ncn(CCCCCCC(=O)NO)c3n2)cn1,4945.0,5.305833704066802,0,456.5070000000003
COc1ncc(-c2nn(C(C)C)c3ncnc(N)c23)c(OC)n1,635.0,6.197226274708024,1,315.3370000000001
COc1ncc(-c2sc3c(-c4ccc(CNC=O)s4)ncnc3c2C)cc1NS(=O)(=O)c1ccccc1,80.88,7.092158857417055,1,551.6750000000003
COc1ncc(-c2sc3c(-c4cccs4)ncnc3c2C)cc1NS(=O)(=O)c1ccccc1,1000.0,6.0,1,494.6230000000002
COc1ncc(F)cc1CNc1ccc(Cc2c[nH]c3ncc(C)cc23)c(F)n1,1000.0,6.0,1,395.41300000000007
COc1ncc(Nc2nc(-c3cccnc3)ccc2-c2nc(C)nc(N)n2)cc1F,10000.0,5.0,0,404.40900000000016
COc1ncc(Nc2nc(-c3ccncc3)ccc2-c2nc(C)nc(N)n2)cc1F,10000.0,5.0,0,404.40900000000016
COc1ncc(Nc2nc(C)ccc2-c2nc(C)nc(N)n2)cc1F,10000.0,5.0,0,341.3500000000001
COc1ncc(Nc2nc(CN3CCOCC3)ccc2-c2nc(C)nc(N)n2)cc1F,10000.0,5.0,0,426.45600000000013
COc1ncc(Nc2nc(COCC(F)(F)F)ccc2-c2nc(C)nc(N)n2)cc1F,10000.0,5.0,0,439.3730000000001
COc1ncc(Nc2nc3ccc(C(C)(C)O)cn3c2-c2nc(C)nc(N)n2)cc1F,206.0,6.686132779630847,1,424.44000000000017
COc1ncc(Nc2nc3ccc(N4CCN(C(=O)N(C)C)CC4)cn3c2-c2nc(C)nc(N)n2)cc1F,157.0,6.804100347590766,1,521.5610000000004
COc1ncc(Nc2nc3ccc(N4CCN(C(C)C)CC4)cn3c2-c2nc(C)nc(N)n2)cc1F,412.0,6.3851027839668655,1,492.5630000000003
COc1ncc(Nc2nc3ccc(N4CCNCC4)cn3c2-c2nc(C)nc(N)n2)cc1F,62.0,7.2076083105017466,1,450.4820000000002
COc1ncc(Nc2nc3ccccn3c2-c2nc(C)nc(N)n2)cc1F,198.0,6.703334809738469,1,366.3600000000001
COc1ncc(Nc2ncc(C(=O)N3CCC(O)CC3)cc2-c2nc(C)nc(N)n2)cc1F,10000.0,5.0,0,454.46600000000024
COc1ncc(Nc2ncc(C(=O)N3CCN(S(C)(=O)=O)CC3)cc2-c2nc(C)nc(N)n2)cc1F,10000.0,5.0,0,517.5470000000004
COc1ncc(Nc2ncc(C(C)(C)C(=O)O)cc2-c2nc(C)nc(N)n2)cc1F,10000.0,5.0,0,413.4130000000002
COc1ncc(Nc2ncc(C(C)(C)CO)cc2-c2nc(C)nc(N)n2)cc1F,13500.0,4.8696662315049934,0,399.4300000000001
COc1ncc(Nc2ncc(C(C)(C)N)cc2-c2nc(C)nc(N)n2)cc1F,10000.0,5.0,0,384.4190000000001
COc1ncc(Nc2ncc(C(C)(C)N3CCN(S(C)(=O)=O)CC3)cc2-c2nc(C)nc(N)n2)cc1F,10000.0,5.0,0,531.6180000000004
COc1ncc(Nc2ncc(C(C)(C)N3CCOCC3)cc2-c2nc(C)nc(N)n2)cc1F,10000.0,5.0,0,454.5100000000002
COc1ncc(Nc2ncc(C(C)(C)O)cc2-c2cc(N)nc(C)n2)cc1F,10000.0,5.0,0,384.41500000000013
COc1ncc(Nc2ncc(C(C)(C)O)cc2-c2nc(C)nc(N)n2)cc1C,6899.5,5.16118238101767,0,381.44000000000017
COc1ncc(Nc2ncc(C(C)(C)O)cc2-c2nc(C)nc(N)n2)cc1C(C)C,25000.0,4.6020599913279625,0,409.4940000000002
COc1ncc(Nc2ncc(C(C)(C)O)cc2-c2nc(C)nc(N)n2)cc1C(F)(F)F,17500.0,4.756961951313706,0,435.41000000000014
COc1ncc(Nc2ncc(C(C)(C)O)cc2-c2nc(C)nc(N)n2)cc1F,8900.0,5.050609993355087,0,385.40300000000013
COc1ncc(Nc2ncc(C(C)(C)O)nc2-c2cc(N)nc(C)n2)cc1F,10000.0,5.0,0,385.40300000000013
COc1ncc(Nc2ncc(C(C)CO)cc2-c2nc(C)nc(N)n2)cc1F,10000.0,5.0,0,385.40300000000013
COc1ncc(Nc2ncc(C(C)N)cc2-c2nc(C)nc(N)n2)cc1F,917.0,6.037630664329979,1,370.3920000000001
COc1ncc(Nc2ncc(C(C)N3CCN(C(=O)N(C)C)CC3)cc2-c2nc(C)nc(N)n2)cc1F,10000.0,5.0,0,510.5780000000003
COc1ncc(Nc2ncc(C(C)N3CCN(S(C)(=O)=O)CC3)cc2-c2nc(C)nc(N)n2)cc1F,10000.0,5.0,0,517.5910000000003
COc1ncc(Nc2ncc(C(C)N3CCN(S(C)(=O)=O)CC3)nc2-c2cc(N)nc(C)n2)cc1F,10000.0,5.0,0,517.5910000000003
COc1ncc(Nc2ncc(C(C)NC(C)C)cc2-c2nc(C)nc(N)n2)cc1F,10000.0,5.0,0,412.4730000000002
COc1ncc(Nc2ncc(C(C)O)cc2-c2nc(C)nc(N)n2)cc1F,10000.0,5.0,0,371.37600000000015
COc1ncc(Nc2ncc(C(C)c3ccc(S(C)(=O)=O)cc3)cc2-c2nc(C)nc(N)n2)cc1F,10000.0,5.0,0,509.5670000000003
COc1ncc(Nc2ncc(C(N3CCN(S(C)(=O)=O)CC3)C(F)(F)F)cc2-c2nc(C)nc(N)n2)cc1F,10000.0,5.0,0,571.5610000000003
COc1ncc(Nc2ncc(C(O)C(C)(C)O)cc2-c2nc(C)nc(N)n2)cc1F,10000.0,5.0,0,415.4290000000002
COc1ncc(Nc2ncc(C(O)C(F)(F)F)cc2-c2nc(C)nc(N)n2)cc1F,2215.5,5.6545282456323696,0,425.3460000000002
COc1ncc(Nc2ncc(C(OC(=O)c3cccc(Cl)c3)C(C)(C)O)cc2-c2nc(C)nc(N)n2)cc1F,10000.0,5.0,0,553.9820000000003
COc1ncc(Nc2ncc(C3(N)CC3)cc2-c2nc(C)nc(N)n2)cc1F,10000.0,5.0,0,382.4030000000001
COc1ncc(Nc2ncc(C3(O)CC3)cc2-c2nc(C)nc(N)n2)cc1F,1971.0,5.705313375720556,0,383.3870000000001
COc1ncc(Nc2ncc(C3=CCOCC3)cc2-c2nc(C)nc(N)n2)cc1F,10000.0,5.0,0,409.4250000000001
COc1ncc(Nc2ncc(C3CCOCC3)cc2-c2nc(C)nc(N)n2)cc1F,10000.0,5.0,0,411.44100000000014
COc1ncc(Nc2ncc(C=O)cc2-c2nc(C)nc(N)n2)cc1F,10000.0,5.0,0,355.3330000000001
COc1ncc(Nc2ncc(CN3CCN(C(=O)N(C)C(C)C)CC3)cc2-c2nc(C)nc(N)n2)cc1F,10000.0,5.0,0,524.6050000000004
COc1ncc(Nc2ncc(CN3CCN(C(=O)N(C)C)CC3)cc2-c2nc(C)nc(N)n2)cc1F,10000.0,5.0,0,496.5510000000003
COc1ncc(Nc2ncc(CN3CCN(C(=O)N(C)C4CC4)CC3)cc2-c2nc(C)nc(N)n2)cc1F,2990.0,5.52432881167557,0,522.5890000000004
COc1ncc(Nc2ncc(CN3CCN(C(=O)N(C)CC(F)(F)F)CC3)cc2-c2nc(C)nc(N)n2)cc1F,1745.0,5.758204568704802,0,564.5480000000002
COc1ncc(Nc2ncc(CN3CCN(S(C)(=O)=O)CC3)cc2-c2nc(C)nc(N)n2)cc1F,10000.0,5.0,0,503.5640000000003
COc1ncc(Nc2ncc(CN3CCN(S(C)(=O)=O)CC3)cc2-c2nc(C)nc(N)n2)cn1,5569.0,5.254222782110241,0,486.5620000000003
COc1ncc(Nc2ncc(CN3CCN(S(C)(=O)=O)CC3C(F)(F)F)cc2-c2nc(C)nc(N)n2)cc1F,10000.0,5.0,0,571.5610000000001
COc1ncc(Nc2ncc(CN3CCN(S(C)(=O)=O)C[C@@H]3C(F)(F)F)cc2-c2nc(C)nc(N)n2)cc1F.COc1ncc(Nc2ncc(CN3CCN(S(C)(=O)=O)C[C@H]3C(F)(F)F)cc2-c2nc(C)nc(N)n2)cc1F,523.0,6.281498311132726,1,1143.1219999999996
COc1ncc(Nc2ncc(CN3CCN(S(C)(=O)=O)C[C@@H]3C)cc2-c2nc(C)nc(N)n2)cc1F,10000.0,5.0,0,517.5910000000003
COc1ncc(Nc2ncc(CN3CCN(S(C)(=O)=O)C[C@@H]3C)cc2-c2nc(C)nc(N)n2)cn1,1579.0,5.801617869991706,0,500.5890000000003
COc1ncc(Nc2ncc(CN3CCN(S(C)(=O)=O)C[C@H]3C)cc2-c2nc(C)nc(N)n2)cc1F,10000.0,5.0,0,517.5910000000003
COc1ncc(Nc2ncc(CN3CCN(S(C)(=O)=O)[C@H](C)C3)cc2-c2nc(C)nc(N)n2)cc1F,10000.0,5.0,0,517.5910000000003
COc1ncc(Nc2ncc(CN3CCN4C(CCS4(=O)=O)C3)cc2-c2nc(C)nc(N)n2)cc1F,10000.0,5.0,0,515.5750000000003
COc1ncc(Nc2ncc(CN3CCOCC3)cc2-c2nc(C)nc(N)n2)cc1F,10000.0,5.0,0,426.45600000000013
COc1ncc(Nc2ncc(CN3CCOCC3)cc2-c2nc(C)nc(N)n2)cc1NS(C)(=O)=O,10000.0,5.0,0,501.5730000000002
COc1ncc(Nc2ncc(CN3CCOC[C@@H]3C)cc2-c2nc(C)nc(N)n2)cc1F,10000.0,5.0,0,440.4830000000002
COc1ncc(Nc2ncc(CO)cc2-c2nc(C)nc(N)n2)cc1F,15000.0,4.823908740944319,0,357.34900000000005
COc1ncc(Nc2ncc(Cc3ccc(S(C)(=O)=O)cc3)cc2-c2nc(C)nc(N)n2)cc1F,10000.0,5.0,0,495.54000000000025
COc1ncc(Nc2ncc(Cl)cc2-c2nc(C)nc(N)n2)cc1NS(C)(=O)=O,10000.0,5.0,0,436.88500000000016
COc1ncc(Nc2ncc(F)cc2-c2nc(C)nc(N)n2)cc1F,10000.0,5.0,0,345.31300000000005
COc1ncc(Nc2ncc([C@@H](C)CO)cc2-c2nc(C)nc(N)n2)cc1F,15000.0,4.823908740944319,0,385.40300000000013
COc1ncc(Nc2ncc([C@@H](C)N3CCN(S(C)(=O)=O)CC3)cc2-c2cc(N)nc(C)n2)cc1F,10000.0,5.0,0,516.6030000000004
COc1ncc(Nc2ncc([C@@H](C)N3CCN(S(C)(=O)=O)CC3)cc2-c2nc(C)nc(N)n2)cc1C(C)C,10000.0,5.0,0,541.6820000000004
COc1ncc(Nc2ncc([C@@H](C)N3CCN(S(C)(=O)=O)CC3)cc2-c2nc(C)nc(N)n2)cc1F,11600.0,4.935542010773082,0,517.5910000000003
COc1ncc(Nc2ncc([C@@H](C)N3CCN(S(C)(=O)=O)CC3)cc2-c2nc(C)nc3[nH]cnc23)cc1F,10000.0,5.0,0,541.6130000000004
COc1ncc(Nc2ncc([C@@H](C)N3CCN(S(C)(=O)=O)C[C@@H]3C)cc2-c2cc(N)nc(C)n2)cc1F,10000.0,5.0,0,530.6300000000003
COc1ncc(Nc2ncc([C@@H](C)N3CCN(S(C)(=O)=O)C[C@@H]3C)cc2-c2nc(C)nc(N)n2)cc1F,10000.0,5.0,0,531.6180000000004
COc1ncc(Nc2ncc([C@@H](C)N3CCN(S(C)(=O)=O)C[C@@H]3C)cc2-c2nc(C)nc(N)n2)cn1,1209.0,5.917573699139228,0,514.6160000000003
COc1ncc(Nc2ncc([C@@H](C)N3CCN(S(C)(=O)=O)C[C@@H]3C)cc2-c2nc(C)nc3[nH]cnc23)cc1F,10000.0,5.0,0,555.6400000000003
COc1ncc(Nc2ncc([C@@H](C)N3CCN(S(C)(=O)=O)C[C@H]3C)cc2-c2nc(C)nc(N)n2)cc1F,10000.0,5.0,0,531.6180000000004
COc1ncc(Nc2ncc([C@@H](C)N3CCOCC3)cc2-c2cc(N)nc(C)n2)cc1F,10000.0,5.0,0,439.4950000000002
COc1ncc(Nc2ncc([C@@H](C)N3CCOCC3)cc2-c2nc(C)nc(N)n2)cc1F,10000.0,5.0,0,440.4830000000002
COc1ncc(Nc2ncc([C@@H](C)O)cc2-c2nc(C)nc(N)n2)cc1F,25000.0,4.6020599913279625,0,371.37600000000015
COc1ncc(Nc2ncc([C@@H](N3CCN(S(C)(=O)=O)CC3)C(F)(F)F)cc2-c2nc(C)nc(N)n2)cc1F,10000.0,5.0,0,571.5610000000003
COc1ncc(Nc2ncc([C@H](C)CO)cc2-c2nc(C)nc(N)n2)cc1F,11100.0,4.954677021213342,0,385.40300000000013
COc1ncc(Nc2ncc([C@H](C)N3CCN(S(C)(=O)=O)CC3)cc2-c2nc(C)nc(N)n2)cc1F,10000.0,5.0,0,517.5910000000003
COc1ncc(Nc2ncc([C@H](C)N3CCN(S(C)(=O)=O)C[C@@H]3C)cc2-c2nc(C)nc(N)n2)cc1F,10000.0,5.0,0,531.6180000000004
COc1ncc(Nc2ncc([C@H](C)N3CCN(S(C)(=O)=O)C[C@@H]3C)cc2-c2nc(C)nc3[nH]cnc23)cc1F,10000.0,5.0,0,555.6400000000003
COc1ncc(Nc2ncc([C@H](C)N3CCN(S(C)(=O)=O)C[C@H]3C)cc2-c2nc(C)nc(N)n2)cc1F,10000.0,5.0,0,531.6180000000004
COc1ncc(Nc2ncc([C@H](C)N3CCOCC3)cc2-c2cc(N)nc(C)n2)cc1F,10000.0,5.0,0,439.4950000000002
COc1ncc(Nc2ncc([C@H](C)N3CCOCC3)cc2-c2nc(C)nc(N)n2)cc1F,4015.0,5.3963144503853,0,440.4830000000002
COc1ncc(Nc2ncc([C@H](C)O)cc2-c2nc(C)nc(N)n2)cc1F,25000.0,4.6020599913279625,0,371.37600000000015
COc1ncc(Nc2ncc([C@H](N3CCN(S(C)(=O)=O)CC3)C(F)(F)F)cc2-c2nc(C)nc(N)n2)cc1F,10000.0,5.0,0,571.5610000000003
COc1ncc(Nc2ncccc2-c2nc(C)nc(N)n2)cc1Cl,10000.0,5.0,0,343.778
COc1ncc(Nc2ncccc2-c2nc(C)nc(N)n2)cc1F,16000.0,4.795880017344075,0,327.32300000000004
COc1ncc(Nc2ncccc2-c2nc(C)nc3[nH]cnc23)cn1,426.0,6.370590400897281,1,334.343
COc1ncc2cc1NS(=O)(=O)c1cc(c(F)cc1F)C(=O)NCc1cccc(c1)-c1ccnc3ccc-2cc13,63.8,7.195179321278838,1,558.5660000000001
COc1ncc2cc1NS(=O)(=O)c1cc(c(F)cc1F)C(=O)NCc1cncc(c1)-c1ccnc3ccc-2cc13,22.3,7.651695136951839,1,559.5540000000002
COc1ncc2cc1NS(=O)(=O)c1cc(c(F)cc1F)C(=O)NCc1cncc(c1)-c1ccnc3ccc-2nc13,5.4,8.267606240177031,1,560.5420000000001
COc1ncc2cc1NS(=O)(=O)c1ccc(Cl)c(c1)C(=O)NCc1ccc(s1)-c1ncnc3cc-2sc13,10000.0,5.0,0,570.0770000000002
COc1ncc2cc1NS(=O)(=O)c1ccc(F)c(c1)C(=O)NCc1ccc(s1)-c1ncnc3c(C)c-2sc13,24893.01,4.603922586422581,0,567.6490000000002
COc1ncc2cc1NS(=O)(=O)c1ccc(F)c(c1)C(=O)NCc1ccc(s1)-c1ncnc3cc-2sc13,2100.0,5.6777807052660805,0,553.6220000000002
COc1ncc2cc1NS(=O)(=O)c1cccc(c1)C(=O)N1CCc3ccc(cc3C1)-c1ccnc3ccc-2cc13,250.0,6.6020599913279625,1,548.6240000000003
COc1ncc2cc1NS(=O)(=O)c1cccc(c1)C(=O)NCC1CCN(CC1)c1ccnc3ccc-2cc13,4.1,8.387216143280265,1,529.6220000000003
COc1ncc2cc1NS(=O)(=O)c1cccc(c1)C(=O)NCC1CCN(CC1)c1ncnc3ccc-2cc13,23.4,7.6307841425898575,1,530.6100000000004
COc1ncc2cc1NS(=O)(=O)c1cccc(c1)C(=O)NCCn1cc(cn1)-c1ccnc3ccc-2cc13,249.0,6.603800652904264,1,526.5780000000002
COc1ncc2cc1NS(=O)(=O)c1cccc(c1)C(=O)NCCn1cc(cn1)-c1cnc3ccc-2cn13,5790.0,5.2373214362725635,0,515.5550000000002
COc1ncc2cc1NS(=O)(=O)c1cccc(c1)C(=O)NCCn1cc(cn1)-c1cnc3ccc-2nn13,5.6,8.2518119729938,1,516.5430000000002
COc1ncc2cc1NS(=O)(=O)c1cccc(c1)C(=O)NCCn1cc(cn1)-c1cnn3ccc-2nc13,66.3,7.178486471595227,1,516.5430000000002
COc1ncc2cc1NS(=O)(=O)c1cccc(c1)C(=O)NCCn1cc(cn1)-c1ncnc3c(C)c-2sc13,197.33,6.704806884114141,1,547.6220000000002
COc1ncc2cc1NS(=O)(=O)c1cccc(c1)C(=O)NCCn1cc(cn1)-c1ncnc3cc-2sc13,10000.0,5.0,0,533.5950000000001
COc1ncc2cc1NS(=O)(=O)c1cccc(c1)C(=O)NCCn1cc(cn1)-c1ncnc3ccc-2cc13,16.5,7.782516055786093,1,527.5660000000003
COc1ncc2cc1NS(=O)(=O)c1cccc(c1)C(=O)NC[C@@H]1CCN(C1)c1ncnc3c(C)c-2sc13,10000.0,5.0,0,536.6390000000002
COc1ncc2cc1NS(=O)(=O)c1cccc(c1)C(=O)NC[C@@H]1CN(CCO1)c1ncnc3c(C)c-2sc13,2030.0,5.692503962086787,0,552.6380000000003
COc1ncc2cc1NS(=O)(=O)c1cccc(c1)C(=O)NC[C@H]1CCN(C1)c1ncnc3c(C)c-2sc13,10000.0,5.0,0,536.6390000000002
COc1ncc2cc1NS(=O)(=O)c1cccc(c1)C(=O)NCc1cc(ccn1)-c1ccnc3ccc-2cc13,97.1,7.012780770091995,1,523.5740000000002
COc1ncc2cc1NS(=O)(=O)c1cccc(c1)C(=O)NCc1cc(ccn1)-c1ncnc3cc-2sc13,10000.0,5.0,0,530.5910000000001
COc1ncc2cc1NS(=O)(=O)c1cccc(c1)C(=O)NCc1cc(cs1)-c1ncnc3cc-2sc13,10000.0,5.0,0,535.6320000000002
COc1ncc2cc1NS(=O)(=O)c1cccc(c1)C(=O)NCc1ccc(F)c(c1)-c1ccnc3ccc-2cc13,655.0,6.183758700008217,1,540.5760000000001
COc1ncc2cc1NS(=O)(=O)c1cccc(c1)C(=O)NCc1ccc(o1)-c1ncnc3cc-2sc13,10000.0,5.0,0,519.5640000000002
COc1ncc2cc1NS(=O)(=O)c1cccc(c1)C(=O)NCc1ccc(s1)-c1ncnc3c(C)c-2sc13,138.17,6.859586242408926,1,549.6590000000002
COc1ncc2cc1NS(=O)(=O)c1cccc(c1)C(=O)NCc1ccc(s1)-c1ncnc3cc-2sc13,5700.0,5.2441251443275085,0,535.6320000000002
COc1ncc2cc1NS(=O)(=O)c1cccc(c1)C(=O)NCc1cccc(c1)-c1ccnc3ccc-2cc13,20.9,7.679853713888946,1,522.5860000000002
COc1ncc2cc1NS(=O)(=O)c1cccc(c1)C(=O)NCc1cccc(c1)-c1ccnc3ccc-2nc13,10000.0,5.0,0,523.5740000000002
COc1ncc2cc1NS(=O)(=O)c1cccc(c1)C(=O)NCc1cccc(c1)-c1cnn3ccc-2nc13,10000.0,5.0,0,512.5510000000002
COc1ncc2cc1NS(=O)(=O)c1cccc(c1)C(=O)NCc1cccc(c1)-c1ncnc3cc-2sc13,10000.0,5.0,0,529.6030000000002
COc1ncc2cc1NS(=O)(=O)c1cccc(c1)C(=O)NCc1cccc(c1)-c1ncnc3ccc-2cc13,30.5,7.515700160653214,1,523.5740000000002
COc1ncc2cc1NS(=O)(=O)c1cccc(c1)C(=O)NCc1cccc(c1)-c1ncnc3sc-2cc13,4.7,8.327902142064282,1,529.6030000000002
COc1ncc2cc1NS(=O)(=O)c1cccc(c1)C(=O)NCc1cccc(c1)Cc1cnc3sc-2nn13,4.4,8.356547323513812,1,532.6070000000002
COc1ncc2cc1NS(=O)(=O)c1cccc(c1)C(=O)NCc1cccc(c1F)-c1ccnc3ccc-2cc13,223.0,6.651695136951839,1,540.5760000000001
COc1ncc2cc1NS(=O)(=O)c1cccc(c1)C(=O)NCc1cncc(c1)-c1ccnc3ccc-2cc13,0.3,9.522878745280337,1,523.5740000000002
COc1ncc2cc1NS(=O)(=O)c1cccc(c1)C(=O)NCc1cncc(c1)-c1ccnc3ccc-2nc13,49.0,7.309803919971486,1,524.5620000000001
COc1ncc2cc1NS(=O)(=O)c1cccc(c1)C(=O)NCc1cncc(c1)-c1cnc3ccc-2cn13,3.3,8.481486060122112,1,512.5510000000002
COc1ncc2cc1NS(=O)(=O)c1cccc(c1)C(=O)NCc1cncc(c1)-c1cnc3ccc-2nn13,16.7,7.777283528852417,1,513.5390000000002
COc1ncc2cc1NS(=O)(=O)c1cccc(c1)C(=O)NCc1cncc(c1)-c1cnn3ccc-2nc13,67.6,7.1700533040583645,1,513.5390000000002
COc1ncc2cc1NS(=O)(=O)c1cccc(c1)C(=O)NCc1cncc(c1)-c1ncnc3[nH]c-2cc13,1060.0,5.97469413473523,0,513.5390000000002
COc1ncc2cc1NS(=O)(=O)c1cccc(c1)C(=O)NCc1cncc(c1)-c1ncnc3c(C)c-2sc13,175.33,6.756143767193494,1,544.6180000000002
COc1ncc2cc1NS(=O)(=O)c1cccc(c1)C(=O)NCc1cncc(c1)-c1ncnc3cc-2sc13,10000.0,5.0,0,530.5910000000001
COc1ncc2cc1NS(=O)(=O)c1cccc(c1)C(=O)NCc1cncc(c1)-c1ncnc3ccc-2cc13,4.9,8.309803919971486,1,524.5620000000002
COc1ncc2cc1NS(=O)(=O)c1cccc(c1)C(=O)NCc1cncc(c1)-c1ncnc3sc-2cc13,39.9,7.399027104313252,1,530.5910000000002
COc1ncc2cc1NS(=O)(=O)c1cccc(c1)C(=O)NCc1cncc(c1)Cc1cnc3sc-2nn13,361.0,6.442492798094342,1,533.5950000000001
COc1ncc2cc1NS(=O)(=O)c1cccc(c1)C(=O)NCc1csc(c1)-c1ncnc3cc-2sc13,10000.0,5.0,0,535.6320000000002
COc1ncc2cc1NS(=O)(=O)c1cccc(c1)C(=O)NCc1nc(cs1)-c1ncnc3cc-2sc13,10000.0,5.0,0,536.6200000000001
COc1ncc2cc1NS(=O)(=O)c1cccc(c1)C(=O)NCc1sc(cc1C)-c1ncnc3cc-2sc13,10000.0,5.0,0,549.6590000000002
COc1ncccc1-c1ccc2c(N3CCOC[C@@H]3C)nc(N3CCOC[C@@H]3C)nc2n1,140.0,6.853871964321762,1,436.5160000000002
COc1ncccc1-c1ccc2nc(Nc3cc[nH]n3)c(-c3nc(C)nc(N)n3)n2c1,39.0,7.4089353929735005,1,414.43300000000016
COc1ncccc1-c1nc(N2CCOC[C@@H]2C)c2ccc(-c3cccc(CO)c3)nc2n1,97.0,7.013228265733755,1,443.5070000000001
COc1ncnc(-n2c(Nc3cccc(O)c3)nc3ccccc32)n1,25633.333333333332,4.591194914918232,0,334.3390000000001
CS(=O)(=O)C1(c2cc(-c3cnc(N)cc3C(F)(F)F)nc(N3CCOCC3)n2)CC1,1680.0,5.774690718274137,0,443.4510000000003
CS(=O)(=O)C1(c2cc(N3CCOCC3)nc(-c3cccc4[nH]ccc34)n2)CC1,1690.0,5.772113295386326,0,398.48800000000006
CS(=O)(=O)C1(c2cc(N3CCOCC3)nc(-c3cccc4[nH]ccc34)n2)CCNCC1,865.0,6.062983892535185,1,441.55700000000013
CS(=O)(=O)C1(c2cc(N3CCOCC3)nc(-c3cccc4[nH]ccc34)n2)CCOCC1,3300.0,5.481486060122113,0,442.54100000000017
CS(=O)(=O)C1(c2nc(-c3c(F)ccc4[nH]ccc34)nc3c2OCC2COCCN32)CCOCC1,10000.0,5.0,0,488.5410000000005
CS(=O)(=O)C1(c2nc(-c3cc(C(F)(F)F)cc4[nH]ccc34)nc3c2OC[C@@H]2COCCN32)CC1,579.0,6.2373214362725635,1,494.4950000000004
CS(=O)(=O)C1(c2nc(-c3cc(C(F)(F)F)cc4[nH]ccc34)nc3c2OC[C@@H]2COCCN32)CCC1,235.0,6.628932137728263,1,508.52200000000045
CS(=O)(=O)C1(c2nc(-c3cc(C(F)(F)F)cc4[nH]ccc34)nc3c2OC[C@@H]2COCCN32)CCOCC1,1990.0,5.701146923590294,0,538.5480000000003
CS(=O)(=O)C1(c2nc(-c3cc(F)cc4[nH]ccc34)nc3c2OCC2COCCN32)CCOCC1,2620.0,5.581698708680254,0,488.5410000000005
CS(=O)(=O)C1(c2nc(-c3cc(F)cc4[nH]ccc34)nc3c2OCCC2COCCN32)CCOCC1,1930.0,5.714442690992226,0,502.56800000000055
CS(=O)(=O)C1(c2nc(-c3cc(F)cc4[nH]ccc34)nc3c2OC[C@@H]2COCCN32)CC1,152.0,6.818156412055227,1,444.4880000000004
CS(=O)(=O)C1(c2nc(-c3cc(F)cc4[nH]ccc34)nc3c2OC[C@@H]2COCCN32)CCC1,10000.0,5.0,0,458.51500000000044
CS(=O)(=O)C1(c2nc(-c3cc(F)cc4[nH]ccc34)nc3c2OC[C@@H]2COCCN32)CCOCC1,785.0,6.105130343254747,1,488.5410000000005
CS(=O)(=O)C1(c2nc(-c3ccc(F)c4[nH]ccc34)nc3c2OC[C@@H]2COCCN32)CC1,10000.0,5.0,0,444.4880000000004
CS(=O)(=O)C1(c2nc(-c3ccc(F)c4[nH]ccc34)nc3c2OC[C@@H]2COCCN32)CCC1,10000.0,5.0,0,458.51500000000044
CS(=O)(=O)C1(c2nc(-c3ccc(F)c4[nH]ccc34)nc3c2OC[C@@H]2COCCN32)CCOCC1,10000.0,5.0,0,488.5410000000005
CS(=O)(=O)C1(c2nc(-c3cccc4[nH]ccc34)nc3c2OCC2COCCN32)CC1,550.0,6.259637310505756,1,426.4980000000004
CS(=O)(=O)C1(c2nc(-c3cccc4[nH]ccc34)nc3c2OCC2COCCN32)CCOCC1,2720.0,5.565431095965801,0,470.5510000000005
CS(=O)(=O)C1(c2nc(-c3cccc4[nH]ccc34)nc3c2OCC[C@@H]2COCCN32)CCOCC1,10000.0,5.0,0,484.57800000000054
CS(=O)(=O)C1(c2nc(-c3cccc4[nH]ccc34)nc3c2OCC[C@H]2COCCN32)CCOCC1,10000.0,5.0,0,484.57800000000054
CS(=O)(=O)C1(c2nc(-c3cccc4[nH]ccc34)nc3c2OC[C@@H]2COCCN32)CC1,558.0,6.253365801062421,1,426.4980000000004
CS(=O)(=O)C1(c2nc(-c3cccc4[nH]ccc34)nc3c2OC[C@@H]2COCCN32)CCC1,151.0,6.82102305270683,1,440.52500000000043
CS(=O)(=O)C1(c2nc(-c3cccc4[nH]ccc34)nc3c2OC[C@@H]2COCCN32)CCNCC1,336.0,6.4736607226101555,1,469.56700000000046
CS(=O)(=O)C1(c2nc(-c3cccc4[nH]ccc34)nc3c2OC[C@@H]2COCCN32)CCOCC1,1860.0,5.730487055782084,0,470.5510000000005
CS(=O)(=O)C1(c2nc(-c3cccc4[nH]ccc34)nc3c2OC[C@H]2COCCN32)CCOCC1,10000.0,5.0,0,470.5510000000005
CS(=O)(=O)C1(c2nc(-c3ccnc4[nH]ccc34)nc3c2OCC2COCCN32)CCOCC1,10000.0,5.0,0,471.5390000000005
CS(=O)(=O)C1(c2nc(-c3ccnc4[nH]ccc34)nc3c2OC[C@@H]2COCCN32)CCOCC1,4680.0,5.329754146925876,0,471.5390000000005
CS(=O)(=O)C1(c2nc(-c3cncc4[nH]ccc34)nc3c2OCC2COCCN32)CCOCC1,3270.0,5.485452247339714,0,471.5390000000005
CS(=O)(=O)Cc1cc(-c2cnc(N)cc2C(F)(F)F)nc(N2CCOCC2)n1,13980.0,4.854492828590337,0,417.41300000000024
CS(=O)(=O)Cc1cc(N2CC3CCC(C2)O3)nc(-c2ccc3[nH]ccc3c2)n1,252.0,6.598599459218456,1,398.48800000000006
CS(=O)(=O)Cc1cc(N2CCOCC2)nc(-c2ccc(NC(=O)Nc3ccc(F)cc3)cc2)n1,28.09,7.551448260798422,1,485.54100000000005
CS(=O)(=O)Cc1cc(N2CCOCC2)nc(-c2ccc(NS(C)(=O)=O)cc2)n1,2600.0,5.585026652029182,0,426.52000000000004
CS(=O)(=O)Cc1cc(N2CCOCC2)nc(-c2ccc3[nH]ccc3c2)n1,288.2,6.54030602352203,1,372.45
CS(=O)(=O)Cc1cc(N2CCOCC2)nc(-c2ccc3[nH]cnc3c2)n1,285.0,6.54515513999149,1,373.438
CS(=O)(=O)Cc1cc(N2CCOCC2)nc(-c2cccc(CO)c2)n1,601.0,6.221125527997261,1,363.439
CS(=O)(=O)Cc1cc(N2CCOCC2)nc(-c2cccc3[nH]ccc23)n1,2563.3333333333335,5.591194914918232,0,372.45
CS(=O)(=O)Cc1cc(N2CCOCC2)nc(-c2ccccc2)n1,5000.0,5.301029995663981,0,333.41299999999995
CS(=O)(=O)Cc1cc(N2CCOCC2)nc(-c2cnc3[nH]ccc3c2)n1,262.0,6.581698708680254,1,373.438
CS(=O)(=O)Cc1cc(N2CCOCC2)nc(NC(=O)c2ccno2)n1,37.0,7.431798275933005,1,367.38700000000006
CS(=O)(=O)Cc1nc(-c2cccc3[nH]ccc23)nc2c1OCC1COCCN21,1620.0,5.790484985457369,0,400.4600000000003
CS(=O)(=O)N1CCN(C(=O)c2ccc3nc(Nc4ccc(-c5nc(N6CCOCC6)nc(N6CCOCC6)n5)cc4)[nH]c3c2)CC1,11900.0,4.924453038607469,0,648.7500000000001
CS(=O)(=O)N1CCN(C2CCN(c3cnc4ccc(-c5ccc6oc(N)nc6c5)cc4n3)CC2)CC1,10000.0,5.0,0,507.6200000000004
CS(=O)(=O)N1CCN(C2CN(c3cnc4ccc(-c5ccc6oc(N)nc6c5)cc4n3)C2)CC1,10000.0,5.0,0,479.5660000000004
CS(=O)(=O)N1CCN(Cc2cc3nc(-c4ccc(NC(=O)NC5CC5)cc4)nc(N4CC5CCC(C4)O5)c3s2)CC1,1.0,9.0,1,597.7670000000002
CS(=O)(=O)N1CCN(Cc2cc3nc(-c4ccc(NC(=O)Nc5cccnc5)cc4)nc(N4CC5CCC(C4)O5)c3s2)CC1,0.6,9.221848749616356,1,634.788
CS(=O)(=O)N1CCN(Cc2cc3nc(-c4ccc(NC(=O)Nc5ccncc5)cc4)nc(N4CC5CCC(C4)O5)c3s2)CC1,0.45,9.346787486224656,1,634.788
CS(=O)(=O)N1CCN(Cc2cc3nc(-c4ccc5oc(N)nc5c4)nc(N4CCOCC4)c3s2)CC1,1000.0,6.0,1,529.6480000000003
CS(=O)(=O)N1CCN(Cc2cc3nc(-c4cccc5[nH]ncc45)nc(N4CCOCC4)c3s2)CC1,724.9118181818181,6.1397148199203935,1,513.6490000000003
CS(=O)(=O)N1CCN(Cc2cc3nc(-c4cnc(N)nc4)nc(N4CCOCC4)c3s2)CC1,29.0,7.5376020021010435,1,490.6150000000004
CS(=O)(=O)N1CCN(Cc2cc3nc(N4CCOCC4)nc(N4CCOCC4)c3s2)CC1,2000.0,5.698970004336019,0,482.6320000000004
CS(=O)(=O)N1CCN(Cc2ccc(-c3nc(-c4ccc(NC(=O)NC5CN6CCC5CC6)cc4)nc(N4CCOCC4)n3)s2)CC1,7963.04,5.09892110271709,0,667.8619999999999
CS(=O)(=O)N1CCN(Cc2ccc(-c3nc(-c4ccc(NC(=O)Nc5ccccn5)cc4)nc(N4CCOCC4)n3)s2)CC1,65.22,7.185619205530062,1,635.7759999999998
CS(=O)(=O)N1CCN(Cc2ccc(-c3nc(-c4ccc(NC(=O)Nc5ccncc5)cc4)nc(N4CCOCC4)n3)s2)CC1,12.24,7.912218582190458,1,635.7759999999998
CS(=O)(=O)N1CCN(Cc2ccc(-c3nc(-c4ccc(NC(=O)Nc5cnccn5)cc4)nc(N4CCOCC4)n3)s2)CC1,160.47,6.794606147385321,1,636.7639999999998
CS(=O)(=O)N1CCN(Cc2ccc(-c3nc(-c4ccc(NC(=O)Nc5ncc[nH]5)cc4)nc(N4CCOCC4)n3)s2)CC1,686.94,6.163081194245937,1,624.7529999999998
CS(=O)(=O)N1CCN(Cc2ccc(-c3nc(-c4ccc(NC(=O)Nn5cnnc5)cc4)nc(N4CCOCC4)n3)s2)CC1,772.62,6.112034053921957,1,625.7409999999999
CS(=O)(=O)N1CCN(Cc2ccc(-c3nc(-c4cnc(N)nc4)nc(N4CCOCC4)n3)s2)CC1,48.0,7.318758762624412,1,517.6410000000003
CS(=O)(=O)N1CCN(Cc2cn3c(C#N)c(-c4cccc5[nH]ncc45)nc(N4CCOCC4)c3n2)CC1,10000.0,5.0,0,521.6070000000003
CS(=O)(=O)N1CCN(Cc2cn3c(Cl)c(-c4cccc5[nH]ncc45)nc(N4CCOCC4)c3n2)CC1,10000.0,5.0,0,531.0420000000003
CS(=O)(=O)N1CCN(Cc2cn3c(Cl)c(-c4cnc(N)nc4)nc(N4CCOCC4)c3n2)CC1,5710.0,5.243363891754152,0,508.00800000000044
CS(=O)(=O)N1CCN(Cc2cn3cc(-c4cccc5[nH]ncc45)nc(N4CCOCC4)c3n2)CC1,10000.0,5.0,0,496.5970000000004
CS(=O)(=O)N1CCN(Cc2cn3cc(-c4cnc(N)nc4)nc(N4CCOCC4)c3n2)CC1,4880.0,5.311580177997289,0,473.5630000000004
CS(=O)(=O)N1CCN(Cc2nc3c(N4CCOCC4)nc(-c4cccc5[nH]ncc45)cn3c2Br)CC1,10000.0,5.0,0,575.493
CS(=O)(=O)N1CCN(Cc2nc3c(N4CCOCC4)nc(-c4cnc(N)nc4)cn3c2Br)CC1,5100.0,5.292429823902063,0,552.4590000000001
CS(=O)(=O)N1CCN(c2ccc(Nc3c(C(N)=O)cnc4ccc(-c5cnc6ccccc6c5)cc34)cc2C(F)(F)F)CC1,73.0,7.136677139879544,1,620.6570000000002
CS(=O)(=O)N1CCN(c2nc(N3CCOCC3)c3sc(CO)cc3n2)CC1,2000.0,5.698970004336019,0,413.5250000000002
CS(=O)(=O)N1CCc2c(-c3cnc(N)nc3)nc(N3CCOCC3)nc21,1600.0,5.795880017344075,0,377.4300000000003
CS(=O)(=O)Nc1cc(-c2ccc3ncc(C(=O)N4CCOCC4)n3c2)cnc1Cl,100.0,7.0,1,435.89300000000026
CS(=O)(=O)Nc1cc(-c2cnc3cc(-c4cccnc4)ccn23)cnc1Cl,32.0,7.494850021680094,1,399.86300000000006
CS(=O)(=O)Nc1ccc(-c2ccc3ncc4ccc(=O)n(-c5ccc(N6CCNCC6)c(C(F)(F)F)c5)c4c3c2)cc1,45.9,7.338187314462739,1,593.6310000000003
CS(=O)(=O)Nc1ccc(NC(=O)Nc2ccc(-c3nc(N4CCOCC4)c4cccnc4n3)cc2)cc1,18.8,7.72584215073632,1,519.5870000000004
CS(=O)(=O)Nc1ccc(NC(=O)Nc2ccc(-c3nc(N4CCOCC4)c4ncccc4n3)cc2)cc1,72.3,7.140861702705469,1,519.5870000000004
CS(=O)(=O)Nc1ccc(NC(=O)Nc2nc(N3CCOCC3)c3ccccc3n2)cc1,204.0,6.690369832574102,1,442.5010000000003
CS(=O)(=O)Nc1cccc(-c2nc3c(N4CCOCC4)nc(N4CCOCC4)nc3[nH]2)c1,380.0,6.42021640338319,1,459.5320000000003
CS(=O)(=O)Nc1cnc2ccc(-c3cnc4ccccc4c3)cc2c1Nc1ccc(N2CCNCC2)c(C(F)(F)F)c1,340.0,6.468521082957745,1,592.6470000000005
CS(=O)(=O)Nc1nc(-c2cccc3[nH]ccc23)nc2c1OCC1COCCN21,2350.0,5.628932137728264,0,401.4480000000003
CS(=O)(=O)c1ccc(F)c(-c2ccc3ncc4nnc(C5CCOCC5)n4c3c2)c1,20000.0,4.698970004336019,0,426.47300000000024
CS(=O)(=O)c1cccc(-c2ccc3ncc4nnc(C5CCOCC5)n4c3c2)c1,15300.0,4.815308569182401,0,408.4830000000003
CS(=O)(=O)c1cccc(-c2nc(-c3cccc4[nH]ccc34)nc3c2OCC2COCCN32)c1,10000.0,5.0,0,462.5310000000003
CS(=O)(=O)c1cncc(-c2ccc3ncc4nnc(C5CCOCC5)n4c3c2)c1,20000.0,4.698970004336019,0,409.4710000000003
CSc1c(-c2cccnc2)nc(-c2ccc(NC(=O)Nc3ccc(N4CCOCC4=O)cc3)cc2)nc1N1CCOCC1,5.8,8.236572006437063,1,597.701
CSc1c(-c2cccnc2)nc(-c2ccc(NC(=O)Nc3ccc(NS(C)(=O)=O)cc3)cc2)nc1N1CCOCC1,47.8,7.320572103387881,1,591.7189999999998
CSc1c(-c2cccnc2)nc(-c2ccc(NC(=O)Nc3ccccc3)cc2)nc1N1CCOCC1,51.1,7.291579099865287,1,498.61200000000025
CSc1c(-c2cccnc2)nc(-c2ccc(NC(=O)Nc3cccnc3)cc2)nc1N1CCOCC1,75.1,7.124360062995832,1,499.60000000000025
CSc1c(-c2ccncc2)nc(-c2ccc(NC(=O)Nc3ccc(C(N)=O)cc3)cc2)nc1N1CCOCC1,19.6,7.707743928643524,1,541.6370000000002
CSc1c(-c2ccncc2)nc(-c2ccc(NC(=O)Nc3ccc(N4CCOCC4=O)cc3)cc2)nc1N1CCOCC1,5.4,8.267606240177031,1,597.701
CSc1c(-c2ccncc2)nc(-c2ccc(NC(=O)Nc3ccccc3)cc2)nc1N1CCOCC1,124.05,6.9064032313917725,1,498.6120000000003
CSc1c(-c2ccncc2)nc(-c2ccc(NC(=O)Nc3ccncc3)cc2)nc1N1CCOCC1,30.2,7.519993057042849,1,499.6000000000003
CSc1c(-c2ccncc2)nc(-c2ccc(NC(N)=O)cc2)nc1N1CCOCC1,79.6,7.099086932262331,1,422.5140000000003
CSc1c(Cl)nc(-c2ccc(NC(=O)Nc3ccc(C(=O)N4CCC(N(C)C)CC4)cc3)cc2)nc1N1CCOCC1,69.4,7.158640529545145,1,610.184
CSc1c(Cl)nc(-c2ccc(NC(=O)Nc3ccc(C(=O)N4CCN(C)CC4)cc3)cc2)nc1N1CCOCC1,89.6,7.047691990337875,1,582.1300000000001
CSc1c(Cl)nc(-c2ccc(NC(=O)Nc3ccc(C(=O)N4CCOCC4)cc3)cc2)nc1N1CCOCC1,48.6,7.313363730737707,1,569.0870000000002
CSc1c(Cl)nc(-c2ccc(NC(=O)Nc3ccc(C(N)=O)cc3)cc2)nc1N1CCOCC1,74.4,7.128427064454121,1,498.9960000000004
CSc1c(Cl)nc(-c2ccc(NC(=O)Nc3ccc(N4CCN(C)CC4)cc3)cc2)nc1N1CCOCC1,52.5,7.279840696594043,1,554.1200000000002
CSc1c(Cl)nc(-c2ccc(NC(=O)Nc3ccc(N4CCN(C)CC4)cn3)cc2)nc1N1CCOCC1,237.85,6.62369684424408,1,555.1080000000003
CSc1c(Cl)nc(-c2ccc(NC(=O)Nc3ccc(N4CCN(C)CC4)nc3)cc2)nc1N1CCOCC1,80.7,7.09312646527793,1,555.1080000000003
CSc1c(Cl)nc(-c2ccc(NC(=O)Nc3ccc(N4CCOCC4)c(F)c3)cc2)nc1N1CCOCC1,226.95,6.644069812921132,1,559.0670000000002
CSc1c(Cl)nc(-c2ccc(NC(=O)Nc3ccc(N4CCSCC4)cc3)cc2)nc1N1CCOCC1,133.95,6.873057282055773,1,557.1450000000002
CSc1c(Cl)nc(-c2ccc(NC(=O)Nc3ccc(NS(C)(=O)=O)cc3)cc2)nc1N1CCOCC1,174.25,6.758827213229953,1,549.0780000000001
CSc1c(Cl)nc(-c2ccc(NC(=O)Nc3ccc(OCCN(C)C)cc3)cc2)nc1N1CCOCC1,161.9,6.790753151246626,1,543.0930000000002
CSc1c(Cl)nc(-c2ccc(NC(=O)Nc3ccc(S(C)(=O)=O)cc3)cc2)nc1N1CCOCC1,140.9,6.851089006890644,1,534.0630000000002
CSc1c(Cl)nc(-c2ccc(NC(=O)Nc3ccc(S(N)(=O)=O)cc3)cc2)nc1N1CCOCC1,26.8,7.5718652059712115,1,535.0510000000002
CSc1c(Cl)nc(-c2ccc(NC(=O)Nc3ccc(S(N)(=O)=O)cc3)cc2F)nc1N1CCOCC1,136.965,6.86339039816361,1,553.0410000000002
CSc1c(Cl)nc(-c2ccc(NC(=O)Nc3ccc4oc(=O)[nH]c4c3)cc2)nc1N1CCOCC1,202.2,6.694218848745018,1,512.9790000000004
CSc1c(Cl)nc(-c2ccc(NC(=O)Nc3cccnc3)cc2)nc1N1CCOCC1,110.2,6.957818405484233,1,456.9590000000003
CSc1c(Cl)nc(-c2ccc(NC(=O)Nc3ccncc3)cc2)nc1N1CCOCC1,193.75,6.712758288821652,1,456.9590000000003
CSc1c(Cl)nc(-c2ccc(NC(=O)Nc3ccon3)cc2)nc1N1CCOCC1,58.1,7.235823867609669,1,446.9200000000003
CSc1c(Cl)nc(-c2ccc(NC(=S)Nc3cccnc3)cc2)nc1N1CCOCC1,237.95,6.623514290865224,1,473.0270000000003
CSc1c(Cl)nc(-c2ccc(NC(N)=O)cc2)nc1N1CCOCC1,107.1,6.970210529168145,1,379.8730000000002
CSc1c(N2CCOCC2)nc(-c2ccc(NC(=O)Nc3ccccc3)cc2)nc1N1CCN(S(C)(=O)=O)CC1,198.05,6.703225153259688,1,583.7400000000001
CSc1c(N2CCOCC2)nc(-c2ccc(NC(=O)Nc3cccnc3)cc2)nc1N1CCN(C)CC1,225.1,6.64762450499948,1,520.6630000000002
CSc1ccc(-c2ccc3ncc4c(c3n2)N(c2cccc(C(F)(F)F)c2)C(=O)N(C)C4)cn1,76.5,7.116338564846382,1,481.50300000000016
CSc1cnc(-c2ccc(NC(=O)Nc3ccc(C(=O)N4CCOCC4)cc3)cc2)nc1N1CCOCC1,138.1,6.8598063214213685,1,534.6420000000003
CSc1cnc(-c2ccc(NC(=O)Nc3ccc(C(=O)O)cc3)cc2)nc1N1CCOCC1,93.9,7.027334407733889,1,465.5350000000003
CSc1cnc(-c2ccc(NC(=O)Nc3ccc(C(N)=O)cc3)cc2)nc1N1CCOCC1,109.05,6.9623743300852805,1,464.55100000000033
CSc1cnc(-c2ccc(NC(=O)Nc3ccc(N4CCN(C)CC4)cc3)cc2)nc1N1CCOCC1,228.05,6.6419699234230425,1,519.6750000000004
CSc1cnc(-c2ccc(NC(=O)Nc3ccc(N4CCN(C)CC4)nc3)cc2)nc1N1CCOCC1,256.85,6.590320429939644,1,520.6630000000004
CSc1cnc(-c2ccc(NC(=O)Nc3ccc(N4CCOCC4)c(F)c3)cc2)nc1N1CCOCC1,212.8,6.672028376376989,1,524.6220000000004
CSc1cnc(-c2ccc(NC(=O)Nc3ccc(N4CCOCC4)cc3)cc2)nc1N1CCOCC1,96.4,7.015922966097169,1,506.63200000000046
CSc1cnc(-c2ccc(NC(=O)Nc3ccc(N4CCOCC4)nc3)cc2)nc1N1CCOCC1,171.95,6.764597819841968,1,507.62000000000046
CSc1cnc(-c2ccc(NC(=O)Nc3ccc(N4CCOCC4=O)cc3)cc2)nc1N1CCOCC1,18.8,7.72584215073632,1,520.6150000000004
CSc1cnc(-c2ccc(NC(=O)Nc3ccc(N4CCOCC4=O)cc3)cc2F)nc1N1CCOCC1,133.1,6.875821944525325,1,538.6050000000002
CSc1cnc(-c2ccc(NC(=O)Nc3ccc(NC(C)=O)cc3)cc2)nc1N1CCOCC1,221.1,6.655411257421286,1,478.5780000000003
CSc1cnc(-c2ccc(NC(=O)Nc3ccc(NS(C)(=O)=O)cc3)cc2)nc1N1CCOCC1,130.15,6.885555827554746,1,514.6330000000003
CSc1cnc(-c2ccc(NC(=O)Nc3ccc(S(C)(=O)=O)cc3)cc2)nc1N1CCOCC1,148.25,6.8290052979636995,1,499.61800000000034
CSc1cnc(-c2ccc(NC(=O)Nc3ccc(S(N)(=O)=O)cc3)cc2)nc1N1CCOCC1,78.9,7.102922996790579,1,500.60600000000034
CSc1cnc(-c2ccc(NC(=O)Nc3cccnc3)cc2)nc1N1CCOCC1,101.1,6.995248844408999,1,422.51400000000024
CSc1cnc(-c2ccc(NC(=O)Nc3ccncc3)cc2)nc1N1CCOCC1,101.05,6.995463682148677,1,422.51400000000024
CSc1cnc(-c2ccc(NC(=O)Nc3nccs3)cc2)nc1N1CCOCC1,116.85,6.932371283271754,1,428.54300000000023
CSc1nccc(-c2ccc3nc(NC(C)=O)sc3c2)n1,6000.0,5.221848749616356,0,316.411
C[C@@H](CN)n1nc(-c2ccc(Cl)c(O)c2)c2c(N)ncnc21,880.0,6.055517327849832,1,318.76800000000003
C[C@@H](CN)n1nc(-c2ccc(F)c(O)c2)c2c(N)ncnc21,2900.0,5.5376020021010435,0,302.313
C[C@@H](CO)OC(=O)Nc1ccc(-c2nc(N3CC4CCC(C3)O4)nc3c2C(=O)N(C)CC(C)(C)O3)cc1,678.0,6.168770306132936,1,511.5790000000004
C[C@@H](NC(=O)c1ccc(NC(=O)Nc2ccc(-c3nc(N4CCOCC4)nc(N4CCOCC4)n3)cc2)cc1)C(N)=O,2.1,8.67778070526608,1,575.6300000000003
C[C@@H](Nc1c(C(N)=O)cnc2ccc(-c3cccnc3)cc12)c1ccc(Cl)cc1,181.0,6.7423214251308154,1,402.8850000000001
C[C@@H](Nc1c(C(N)=O)cnc2ccc(C#N)cc12)c1ccc(Cl)cc1,846.0,6.0726296369609765,1,350.80899999999997
C[C@@H](O)C(=O)N1CCCC(n2c(=O)n(C)c3cnc4ccc(-c5ccc(-c6cnn(C)c6)nc5)cc4c32)C1,10.0,8.0,1,511.5860000000003
C[C@@H]1CCCCN1c1nc(N2CCOC[C@@H]2C)c2ccc(-c3ccc(Cl)cc3)nc2n1,300.0,6.522878745280337,1,437.9750000000001
C[C@@H]1CN(C(=O)C2CN(c3cnc4ccc(-c5ccc6oc(N)nc6c5)cc4n3)C2)CCN1,10000.0,5.0,0,443.51100000000025
C[C@@H]1CN(C(=O)Nc2ccc(-c3nc(N4CCOCC4)c4cnn(CCCCCCC(=O)NO)c4n3)cc2)CCO1,1.2,8.920818753952375,1,566.6630000000004
C[C@@H]1CN(C2CN(c3cnc4ccc(-c5ccc6oc(N)nc6c5)nc4c3)C2)CCN1,10000.0,5.0,0,415.5010000000002
C[C@@H]1CN(C2CN(c3cnc4ccc(-c5ccc6oc(N)nc6c5)nc4c3)C2)CCN1C,10000.0,5.0,0,429.52800000000025
C[C@@H]1CN(C2CN(c3cnc4ccc(-c5ccc6oc(N)nc6c5)nc4n3)C2)CCN1,10000.0,5.0,0,416.4890000000002
C[C@@H]1CN(CC(=O)Nc2ccc3c(c2)Cc2cccc(-c4cc(=O)cc(N5CCOCC5)o4)c2S3)C[C@H](C)O1,6550.0,5.183758700008217,0,547.6770000000005
C[C@@H]1CN(c2cnc3ccc(-c4ccc5oc(N)nc5c4)nc3c2)CCN1,10000.0,5.0,0,360.4210000000001
C[C@@H]1CN(c2nc(N3CCOCC3)c3nc(-c4cccc(N)c4)[nH]c3n2)C[C@H](C)O1,1044.0,5.981299501333757,0,409.49400000000014
C[C@@H]1CN(c2nc(N3CCOCC3)c3sc(-c4ccc(N)nc4)cc3n2)C[C@H](C)O1,70.0,7.154901959985743,1,426.54600000000016
C[C@@H]1CN(c2nc(N3CCOCC3)c3sc(-c4ccc[nH]4)cc3n2)C[C@H](C)O1,172.0,6.764471553092451,1,399.5200000000001
C[C@@H]1CN(c2nc(N3CCOCC3)c3sc(-c4cccc5[nH]ncc45)cc3n2)C[C@H](C)O1,2000.0,5.698970004336019,0,450.56800000000015
C[C@@H]1CN(c2nc(N3CCOCC3)c3sc(-c4ccccc4)cc3n2)C[C@H](C)O1,2000.0,5.698970004336019,0,410.5430000000001
C[C@@H]1CN(c2nc(N3CCOCC3)c3sc(-c4ccccc4O)cc3n2)C[C@H](C)O1,225.0,6.647817481888637,1,426.54200000000014
C[C@@H]1CN(c2nc(N3CCOCC3)c3sc(-c4ccccn4)cc3n2)C[C@H](C)O1,270.0,6.568636235841013,1,411.5310000000001
C[C@@H]1CN(c2nc(N3CCOCC3)c3sc(-c4cccnc4)cc3n2)C[C@H](C)O1,612.0,6.213248577854439,1,411.5310000000001
C[C@@H]1CN(c2nc(N3CCOCC3)c3sc(-c4ccco4)cc3n2)C[C@H](C)O1,109.0,6.962573502059376,1,400.50400000000013
C[C@@H]1CN(c2nc(N3CCOCC3)c3sc(-c4ccn[nH]4)cc3n2)C[C@H](C)O1,16.0,7.795880017344075,1,400.5080000000001
C[C@@H]1CN(c2nc(N3CCOCC3)c3sc(-c4ccncc4)cc3n2)C[C@H](C)O1,2000.0,5.698970004336019,0,411.5310000000001
C[C@@H]1CN(c2nc(N3CCOCC3)c3sc(-c4ccnn4C)cc3n2)C[C@H](C)O1,2000.0,5.698970004336019,0,414.53500000000014
C[C@@H]1CN(c2nc(N3CCOCC3)c3sc(-c4ccoc4)cc3n2)C[C@H](C)O1,222.0,6.653647025549361,1,400.50400000000013
C[C@@H]1CN(c2nc(N3CCOCC3)c3sc(-c4ccsc4)cc3n2)C[C@H](C)O1,2000.0,5.698970004336019,0,416.5720000000001
C[C@@H]1CN(c2nc(N3CCOCC3)c3sc(-c4cn[nH]c4)cc3n2)C[C@H](C)O1,427.0,6.369572124974976,1,400.5080000000001
C[C@@H]1CN(c2nc(N3CCOCC3)c3sc(-c4cnc(N)nc4)cc3n2)C[C@H](C)O1,424.0,6.372634143407267,1,427.53400000000016
C[C@@H]1CN(c2nc(N3CCOCC3)c3sc(-c4cncnc4)cc3n2)C[C@H](C)O1,2000.0,5.698970004336019,0,412.5190000000001
C[C@@H]1CN(c2nc(N3CCOCC3)c3sc(-c4cnn(C)c4)cc3n2)C[C@H](C)O1,2000.0,5.698970004336019,0,414.53500000000014
C[C@@H]1CN(c2nc(N3CCOCC3)c3sc(C(N)=O)cc3n2)C[C@H](C)O1,865.0,6.062983892535185,1,377.47000000000014
C[C@@H]1CN(c2nc(N3CCOCC3)c3sc(C(O)Cc4ccccc4)cc3n2)C[C@H](C)O1,2000.0,5.698970004336019,0,454.5960000000002
C[C@@H]1CN(c2nc(N3CCOCC3)c3sc(CO)cc3n2)C[C@H](C)O1,463.0,6.334419008982047,1,364.47100000000006
C[C@@H]1CN(c2nc(N3CCOC[C@@H]3C)c3ccc(-c4ccc(C#N)cc4)nc3n2)C[C@H](C)O1,36.0,7.443697499232712,1,444.5390000000002
C[C@@H]1CN(c2nc(N3CCOC[C@@H]3C)c3ccc(-c4ccc(CO)cc4)nc3n2)C[C@H](C)O1,4.6,8.337242168318426,1,449.55500000000023
C[C@@H]1CN(c2nc(N3CCOC[C@@H]3C)c3ccc(-c4ccc(Cl)cc4)nc3n2)C[C@H](C)O1,150.0,6.823908740944319,1,453.97400000000016
C[C@@H]1CN(c2nc(N3CCOC[C@@H]3C)c3ccc(-c4ccc(O)cc4)nc3n2)C[C@H](C)O1,0.26,9.585026652029182,1,435.5280000000002
C[C@@H]1CN(c2nc(N3CCOC[C@@H]3C)c3ccc(-c4ccc([N+](=O)[O-])cc4)nc3n2)C[C@H](C)O1,150.0,6.823908740944319,1,464.52600000000024
C[C@@H]1CN(c2nc(N3CCOC[C@@H]3C)c3ccc(-c4ccc5[nH]ccc5c4)nc3n2)C[C@H](C)O1,220.0,6.657577319177793,1,458.5660000000002
C[C@@H]1CN(c2nc(N3CCOC[C@@H]3C)c3ccc(-c4cccc(CO)c4)nc3n2)C[C@H](C)O1,38.0,7.42021640338319,1,449.55500000000023
C[C@@H]1CN(c2nc(N3CCOC[C@@H]3C)c3ccc(-c4cccc(O)c4)nc3n2)C[C@H](C)O1,18.0,7.7447274948966935,1,435.5280000000002
C[C@@H]1CN(c2nc(N3CCOC[C@@H]3C)c3ccc(-c4ccccc4)nc3n2)C[C@H](C)O1,35.0,7.455931955649724,1,419.52900000000017
C[C@@H]1CN(c2nc(N3CCOC[C@@H]3C)c3ccc(-c4ccncc4)nc3n2)C[C@H](C)O1,91.0,7.040958607678906,1,420.51700000000017
C[C@@H]1CN(c2nc(N3CCOC[C@@H]3C)c3ccc(-c4ccoc4)nc3n2)C[C@H](C)O1,73.0,7.136677139879544,1,409.4900000000002
C[C@@H]1CN(c2nc(N3CCOC[C@@H]3C)c3ccc(-c4ccsc4)nc3n2)C[C@H](C)O1,15.0,7.823908740944319,1,425.55800000000016
C[C@@H]1CN(c2nc(N3CCOC[C@@H]3C)c3ccc(Oc4ccccc4)nc3n2)C[C@H](C)O1,520.0,6.2839966563652006,1,435.5280000000002
C[C@@H]1CN(c2nc(N3CCOC[C@@H]3C)c3ncc(-c4ccccc4)nc3n2)C[C@H](C)O1,26.69,7.573651426212492,1,420.51700000000017
C[C@@H]1CN(c2nc(N3CCOC[C@H]3C)c3nc(-c4cccc5[nH]ccc45)[nH]c3n2)C[C@H](C)O1,78.0,7.107905397309519,1,447.5430000000001
C[C@@H]1COCCN1c1cc(=O)n2c(n1)N(Cc1cncc(Cl)c1)[C@H](C(F)(F)F)CC2,10000.0,5.0,0,443.8570000000001
C[C@@H]1COCCN1c1cc(C2(S(C)(=O)=O)CC2)nc(-c2cccc3[nH]ccc23)n1,854.8571428571429,6.068106455157852,1,412.5150000000001
C[C@@H]1COCCN1c1cc(C2(S(C)(=O)=O)CC2)nc(-c2cncc3[nH]ccc23)n1,568.0,6.245651664288981,1,413.5030000000001
C[C@@H]1COCCN1c1cc(C2([S@](C)(=N)=O)CC2)nc(-c2cc[nH]c3nccc2-3)n1,8217.5,5.085260287246338,0,412.51900000000006
C[C@@H]1COCCN1c1cc(CS(C)(=O)=O)nc(-c2ccc3[nH]ccc3c2)n1,385.0,6.414539270491499,1,386.4770000000001
C[C@@H]1COCCN1c1ccc(NC(=O)Nc2ccc(-c3nc(N4CC5CCC(C4)O5)nc4c3C(=O)N(C)CC(C)(C)O4)cc2F)cn1,57.0,7.2441251443275085,1,646.7240000000003
C[C@@H]1COCCN1c1nc(-c2ccc(NC(=O)Nc3ccc(C(=O)N4CCC(N(C)C)CC4)cc3)cc2)nc(N2C3CCC2COC3)n1,0.25,9.602059991327963,1,655.804
C[C@@H]1COCCN1c1nc(-c2ccc(NC(=O)Nc3ccc(C(=O)N4CCC[C@H]4C(N)=O)cc3)cc2)nc(N2CCOCC2)n1,1.0,9.0,1,615.695
C[C@@H]1COCCN1c1nc(-c2ccc(NC(=O)Nc3ccc(C(=O)N4CCN(C)CC4)cc3)cc2)nc(N2C3CCC2COC3)n1,0.57,9.244125144327509,1,627.7500000000001
C[C@@H]1COCCN1c1nc(-c2ccc(NC(=O)Nc3ccc(C(=O)NCCN(C)C)cc3)cc2)nc(N2C3CCC2COC3)n1,0.1,10.0,1,615.739
C[C@@H]1COCCN1c1nc(-c2ccc(NC(=O)Nc3ccc(N4CCC(N(C)C)CC4)cc3)cc2)nc(N2C3CCC2COC3)n1,0.9,9.045757490560675,1,627.7940000000001
C[C@@H]1COCCN1c1nc(-c2ccc(NC(=O)Nc3ccc(N4CCN(C)CC4)cc3)cc2)nc(N2C3CCC2COC3)n1,1.2,8.920818753952375,1,599.7400000000001
C[C@@H]1COCCN1c1nc(-c2ccc(NC(=O)Nc3ccc(N4CCNCC4)cc3)cc2)nc(N2C3CCC2COC3)n1,0.4,9.397940008672037,1,585.7130000000002
C[C@@H]1COCCN1c1nc(-c2ccc(NC(=O)Nc3ccc(OCCN(C)C)cc3)cc2)nc(N2C3CCC2COC3)n1,1.7,8.769551078621726,1,588.7130000000002
C[C@@H]1COCCN1c1nc(-c2cccc3[nH]ccc23)nc2c1CCN(S(C)(=O)=O)C2(C)C,157.0,6.804100347590766,1,455.58400000000034
C[C@@H]1COCCN1c1nc(-c2cccc3[nH]ccc23)nc2c1CN(C(=O)c1ccc3c(c1)OCO3)C2(C)C,33.0,7.481486060122112,1,511.58200000000045
C[C@@H]1COCCN1c1nc(-c2cccc3[nH]ccc23)nc2c1CN(C(=O)c1cccc(S(C)(=O)=O)c1)C2(C)C,18.0,7.7447274948966935,1,545.6650000000003
C[C@@H]1COCCN1c1nc(-c2ccnc3[nH]ccc23)nc2c1ccn2S(C)(=O)=O,45.83,7.338850142755214,1,412.4750000000002
C[C@@H]1COCCN1c1nc(-c2cncc3[nH]ccc23)cc2c1ncn2C,7500.0,5.1249387366083,0,348.41000000000014
C[C@@H]1COCCN1c1nc(-c2cncc3[nH]ccc23)cc2c1ncn2[C@@H](C)S(C)(=O)=O,4600.0,5.337242168318426,0,440.5290000000002
C[C@@H]1COCCN1c1nc(-c2cncc3[nH]ccc23)nc2c1ccn2S(C)(=O)=O,22.38,7.650139917807669,1,412.4750000000002
C[C@@H]1COCCN1c1nc(-c2nncc3[nH]ccc23)cc2c1ncn2C,13000.0,4.886056647693163,0,349.39800000000014
C[C@@H]1COCCN1c1nc(N2C3CCC2CC(O)C3)nc2[nH]c(-c3cccc4[nH]ccc34)nc12,109.5,6.960585880823863,1,459.5540000000002
C[C@@H]1COCCN1c1nc(N2CC3(CCCOC3)C2)nc2[nH]c(-c3cccc4[nH]ccc34)nc12,112.0,6.950781977329818,1,459.55400000000014
C[C@@H]1COCCN1c1nc(N2CC3COCC3C2)nc2[nH]c(-c3cccc4[nH]ccc34)nc12,296.0,6.528708288941061,1,445.5270000000001
C[C@@H]1COCCN1c1nc(N2CCC(C(F)(F)F)CC2)nc2[nH]c(-c3cccc4[nH]ccc34)nc12,1510.0,5.82102305270683,0,485.51400000000024
C[C@@H]1COCCN1c1nc(N2CCC23CCOCC3)nc2[nH]c(-c3cccc4[nH]ccc34)nc12,369.0,6.432973633840939,1,459.55400000000014
C[C@@H]1COCCN1c1nc(N2CCC3COCC3C2)nc2[nH]c(-c3cccc4[nH]ccc34)nc12,484.0,6.315154638355588,1,459.55400000000014
C[C@@H]1COCCN1c1nc(N2CCCOCC2)nc2[nH]c(-c3cccc4[nH]ccc34)nc12,164.0,6.785156151952302,1,433.5160000000001
C[C@@H]1COCCN1c1nc(N2CCN(C)CC2)nc2[nH]c(-c3cccc4[nH]ccc34)nc12,308.0,6.511449283499556,1,432.5320000000001
C[C@@H]1COCCN1c1nc(N2CCN(C3COC3)CC2)nc2[nH]c(-c3cccc4[nH]ccc34)nc12,91.0,7.040958607678906,1,474.5690000000002
C[C@@H]1COCCN1c1nc(N2CCOCC2)c2sc(CO)cc2n1,335.0,6.474955192963154,1,350.4440000000001
C[C@@H]1COCCN1c1nc(N2CCOCC2)nc2[nH]c(-c3ccc4cc[nH]c4c3)nc12,237.0,6.6252516539898965,1,419.4890000000001
C[C@@H]1COCCN1c1nc(N2CCOCC2)nc2[nH]c(-c3cccc4[nH]ccc34)nc12,6.0,8.221848749616356,1,419.4890000000001
C[C@@H]1COCCN1c1nc(N2CCOC[C@@H]2C)c2nc(-c3cccc4[nH]ccc34)[nH]c2n1,46.0,7.337242168318426,1,433.5160000000001
C[C@@H]1COCCN1c1nc(N2CCOC[C@@H]2C)nc2[nH]c(-c3cc(F)cc4[nH]ccc34)nc12,21.0,7.6777807052660805,1,451.50600000000014
C[C@@H]1COCCN1c1nc(N2CCOC[C@@H]2C)nc2[nH]c(-c3cc[nH]n3)nc12,104.0,6.982966660701219,1,384.4440000000001
C[C@@H]1COCCN1c1nc(N2CCOC[C@@H]2C)nc2[nH]c(-c3ccccn3)nc12,184.0,6.735182176990463,1,395.4670000000001
C[C@@H]1COCCN1c1nc(N2CCOC[C@@H]2C)nc2sc(-c3cccc(O)c3)nc12,278.0,6.555955204081924,1,427.53000000000014
C[C@@H]1COCCN1c1nc(N2CCOC[C@@H]2C)nc2sc(-c3cccc4[nH]ccc34)nc12,38.0,7.42021640338319,1,450.56800000000015
C[C@@H]1COCCN1c1nc(N2CCOC[C@@H]2C)nc2sc(-c3cn[nH]n3)nc12,6.9,8.161150909262744,1,402.4840000000001
C[C@@H]1COCCN1c1nc(N2CCOC[C@H]2C)c2nc(-c3cc(CO)cc4[nH]ccc34)[nH]c2n1,66.0,7.180456064458132,1,463.54200000000014
C[C@@H]1COCCN1c1nc(N2CCOC[C@H]2C)c2nc(-c3cc(CO)ccc3F)[nH]c2n1,134.0,6.872895201635193,1,442.4950000000001
C[C@@H]1COCCN1c1nc(N2CCOC[C@H]2C)c2nc(-c3cc[nH]n3)[nH]c2n1,385.0,6.414539270491499,1,384.444
C[C@@H]1COCCN1c1nc(N2CCOC[C@H]2C)c2nc(-c3ccc(-c4ncc[nH]4)cc3)[nH]c2n1,2122.0,5.673254620434678,0,460.5420000000001
C[C@@H]1COCCN1c1nc(N2CCOC[C@H]2C)c2nc(-c3ccc(N)nc3)[nH]c2n1,754.0,6.122628654130226,1,410.4820000000001
C[C@@H]1COCCN1c1nc(N2CCOC[C@H]2C)c2nc(-c3cccc4[nH]ccc34)[nH]c2n1,9.0,8.045757490560675,1,433.5160000000001
C[C@@H]1COCCN1c1nc(N2CCOC[C@H]2C)c2nc(-c3ccccn3)[nH]c2n1,139.0,6.856985199745905,1,395.46700000000004
C[C@@H]1COCCN1c1nc(N2CCOC[C@H]2C)c2nc(-c3cnc(N)nc3)[nH]c2n1,1314.0,5.881404634776238,0,411.4700000000001
C[C@@H]1COCCN1c1nc(N2CCO[C@@H](CO)C2)nc2[nH]c(-c3cccc4[nH]ccc34)nc12,67.0,7.173925197299173,1,449.5150000000001
C[C@@H]1COCCN1c1nc(N2CCO[C@H](CO)C2)nc2[nH]c(-c3cccc4[nH]ccc34)nc12,380.0,6.42021640338319,1,449.5150000000001
C[C@@H]1C[C@H](N)C[C@H](c2ccncc2NC(=O)c2ccc(F)c(-c3c(F)cccc3F)n2)C1,9100.0,5.040958607678906,0,440.46900000000016
C[C@@H]1C[C@H]1C(=O)N1CCN(c2cnc(C#N)c(-c3cnn(C)c3)n2)C[C@H]1C,100000.0,4.0,0,365.4410000000001
C[C@@H]1Cn2ncc(-c3ccc(S(C)(=O)=O)cc3)c2CN1c1ccnc2[nH]ccc12,1100.0,5.958607314841775,0,407.49900000000014
C[C@@H]1Cn2ncc(C3CCN(S(C)(=O)=O)CC3)c2CN1c1cc(Cl)nc2[nH]ccc12,4400.0,5.356547323513812,0,448.9800000000002
C[C@@H]1Cn2ncc(C3CCN(S(C)(=O)=O)CC3)c2CN1c1ccnc2[nH]ccc12,2300.0,5.638272163982407,0,414.53500000000014
C[C@@H]1OC(=O)N(c2nc(-c3cnc(N)nc3C(F)(F)F)cc(N3CCOCC3)n2)[C@H]1CO,2577.0,5.588885581449095,0,455.3970000000003
C[C@@]12COCCN1c1nc(-c3ccc(NC(=O)NC4CC4)cc3)ncc1N(CC1CC1)C2=O,6.31,8.199970640755867,1,448.5270000000003
C[C@H](CN)n1nc(-c2ccc(Cl)c(O)c2)c2c(N)ncnc21,2000.0,5.698970004336019,0,318.76800000000003
C[C@H](CN)n1nc(-c2ccc(F)c(O)c2)c2c(N)ncnc21,11000.0,4.958607314841775,0,302.313
C[C@H](NC(=O)c1ccc(NC(=O)Nc2ccc(-c3nc(N4CCOCC4)nc(N4CCOC[C@@H]4C)n3)cc2)cc1)C(N)=O,0.9,9.045757490560675,1,589.6570000000004
C[C@H](NC(=O)c1ccc2nc(Nc3ccc(-c4nc(N5CCOCC5)nc(N5CCOCC5)n4)cc3)[nH]c2c1)C(N)=O,5800.0,5.236572006437063,0,572.6300000000003
C[C@H](Nc1c(C(N)=O)nnc2ccc(-c3ccc(OCCCN(C)C)nc3)cc12)C1CCOCC1,10150.0,4.993533957750768,0,478.59700000000043
C[C@H](O)C(=O)N1CCCC(n2c(=O)n(C)c3cnc4ccc(-c5ccc(-c6cnn(C)c6)nc5)cc4c32)C1,55.0,7.259637310505756,1,511.5860000000003
C[C@H](O)[C@@H]1COC(=O)N1c1nc(-c2cnc(N)nc2C(F)(F)F)cc(N2CCOCC2)n1,1337.0,5.873868592738016,0,455.3970000000002
C[C@H](c1ccccc1)n1nnc2cnc3ccc(-c4ccc(OCCCN(C)C)nc4)cc3c21,216.0,6.665546248849069,1,452.5620000000003
C[C@H]1CCCCN1c1nc(N2CCOC[C@@H]2C)c2ccc(-c3ccc(Cl)cc3)nc2n1,260.0,6.585026652029182,1,437.9750000000001
C[C@H]1CN(C2CN(c3cnc4ccc(-c5ccc6oc(N)nc6c5)cc4n3)C2)CCN1,10000.0,5.0,0,415.5010000000002
C[C@H]1CN(C2CN(c3cnc4ccc(-c5ccc6oc(N)nc6c5)nc4c3)C2)CCN1,10000.0,5.0,0,415.5010000000002
C[C@H]1CN(C2CN(c3cnc4ccc(-c5ccc6oc(N)nc6c5)nc4c3)C2)CCN1C,10000.0,5.0,0,429.52800000000025
C[C@H]1CN(C2CN(c3cnc4ccc(-c5ccc6oc(N)nc6c5)nc4n3)C2)CCN1,10000.0,5.0,0,416.4890000000002
C[C@H]1CN(c2cnc3ccc(-c4ccc5oc(N)nc5c4)nc3c2)CCN1,10000.0,5.0,0,360.4210000000001
C[C@H]1COC(=O)N1c1ccn2ncc(-c3ccc(-c4ncc[nH]4)cc3)c2n1,23.2,7.634512015109101,1,360.377
C[C@H]1COC(=O)N1c1nc(-c2cnc(N)nc2C(F)(F)F)cc(N2CCOCC2)n1,2878.0,5.5409092103994135,0,425.3710000000002
C[C@H]1COCCN1C1CN(c2cnc3ccc(-c4ccc5oc(N)nc5c4)nc3n2)C1,10000.0,5.0,0,417.4730000000002
C[C@H]1COCCN1c1cc(-c2ccc(NC(=O)Nc3cccnc3)cc2)nn2ccnc12,67.0,7.173925197299173,1,429.4840000000001
C[C@H]1COCCN1c1cc(-c2ccc(NC(=O)Nc3ccncc3)cc2)nn2ccnc12,62.0,7.2076083105017466,1,429.4840000000001
C[C@H]1COCCN1c1cc(C2(S(=O)(=O)C3CC3)CC2)nc(-c2ccc(NC(=S)NCCO)cc2)n1,1.514,8.819874124835946,1,517.6770000000002
C[C@H]1COCCN1c1cc(CS(C)(=O)=O)nc(-c2ccc(NC(=O)NCCN(C)C)cc2)n1,758.58,6.119998611678231,1,476.60300000000024
C[C@H]1COCCN1c1cc(CS(C)(=O)=O)nc(-c2ccc(NC(=O)NCCO)cc2)n1,5.754,8.240030142445693,1,449.5330000000002
C[C@H]1COCCN1c1cc(CS(C)(=O)=O)nc(-c2ccc3[nH]ccc3c2)n1,303.0,6.518557371497695,1,386.4770000000001
C[C@H]1COCCN1c1cc(N2CCOC[C@@H]2C)c2ccc(-c3ccc(CNCCO)cc3)nc2n1,100.0,7.0,1,477.6090000000002
C[C@H]1COCCN1c1cc2nc(-c3cccc(CO)c3)ccc2c(N2CCOC[C@@H]2C)n1,100.0,7.0,1,434.54000000000025
C[C@H]1COCCN1c1ccc(NC(=O)Nc2ccc(-c3nc(N4C5CCC4COC5)nc4c3C(=O)N(C)CC(C)(C)O4)cc2F)cn1,64.0,7.1938200260161125,1,646.7240000000003
C[C@H]1COCCN1c1ccc(NC(=O)Nc2ccc(-c3nc(N4CC5CCC(C4)O5)nc4c3C(=O)N(C)CC(C)(C)O4)cc2F)cn1,71.0,7.1487416512809245,1,646.7240000000003
C[C@H]1COCCN1c1ccnc(-c2ccc(NC(=O)Nc3ccc(C(=O)N4CCC[C@H]4C(N)=O)cc3)cc2)n1,9.2,8.036212172654444,1,529.6010000000003
C[C@H]1COCCN1c1nc(-c2ccc(NC(=O)NC3COC3)cc2)nc2c1COC2(C)C,33.5,7.474955192963154,1,439.51600000000036
C[C@H]1COCCN1c1nc(-c2ccc(NC(=O)NCC(F)F)cc2)cc(-c2cc(F)ccc2S(C)(=O)=O)n1,1000.0,6.0,1,549.5750000000002
C[C@H]1COCCN1c1nc(-c2ccc(NC(=O)NCCC#N)cc2)nc2c1COC2(C)C,28.0,7.552841968657781,1,436.51600000000036
C[C@H]1COCCN1c1nc(-c2ccc(NC(=O)NCCO)cc2)nc2c1COC2(C)C,4.4,8.356547323513812,1,427.50500000000034
C[C@H]1COCCN1c1nc(-c2ccc(NC(=O)NC[C@@H](O)CO)cc2)nc2c1COC2(C)C,42.0,7.376750709602099,1,457.53100000000035
C[C@H]1COCCN1c1nc(-c2ccc(NC(=O)Nc3ccc(C(=O)N4CCC(C(N)=O)CC4)cc3)cc2)nc(N2CCOCC2)n1,1.2,8.920818753952375,1,629.722
C[C@H]1COCCN1c1nc(-c2ccc(NC(=O)Nc3ccc4c(c3)COC4=O)cc2)nc(N2C3CCC2COC3)n1,4.0,8.397940008672037,1,557.6110000000003
C[C@H]1COCCN1c1nc(-c2ccc(NC(=O)Nc3ccc4c(c3)COC4=O)cc2)nc(N2CCOCC2)n1,2.1,8.67778070526608,1,531.5730000000003
C[C@H]1COCCN1c1nc(-c2ccc(NC(=O)Nc3cnn(C)c3)cc2)nc2c1COC2(C)C,5.15,8.288192770958808,1,463.5420000000003
C[C@H]1COCCN1c1nc(-c2ccc(Nc3cccc(=O)[nH]3)cc2)nc2c1COC2(C)C,12.15,7.915423722065669,1,433.5120000000003
C[C@H]1COCCN1c1nc(-c2cccnc2)nc2nc(-c3ccc(Cl)cc3)ccc12,810.0,6.0915149811213505,1,417.90000000000015
C[C@H]1COCCN1c1nc(-c2cccnc2)nc2nc(-c3cccc(CO)c3)ccc12,12.0,7.920818753952375,1,413.4810000000002
C[C@H]1COCCN1c1nc(-c2cccnc2F)nc2nc(-c3cccc(CO)c3)ccc12,55.0,7.259637310505756,1,431.47100000000023
C[C@H]1COCCN1c1nc(-c2ccncc2)nc2nc(-c3cccc(CO)c3)ccc12,140.0,6.853871964321762,1,413.4810000000002
C[C@H]1COCCN1c1nc(-c2cnc(N)cc2C(F)(F)F)cc(C2(S(C)(=O)=O)CC2)n1,2120.0,5.673664139071248,0,457.47800000000024
C[C@H]1COCCN1c1nc(-c2cnc(N)cc2F)cc(C2(S(C)(=O)=O)CC2)n1,186.0,6.730487055782084,1,407.47100000000023
C[C@H]1COCCN1c1nc(-c2cnn(C)c2)nc2nc(-c3cccc(CO)c3)ccc12,70.0,7.154901959985743,1,416.4850000000002
C[C@H]1COCCN1c1nc(N2CC3CCC(C2)O3)nc2cc(-c3ccccc3)ncc12,74.0,7.130768280269024,1,417.5130000000001
C[C@H]1COCCN1c1nc(N2CCC(C(=O)N(C)C)CC2)nc2nc(-c3ccc(N)nc3)ccc12,60.0,7.221848749616356,1,476.58500000000026
C[C@H]1COCCN1c1nc(N2CCC(C(N)=O)CC2)nc2nc(-c3ccc(Cl)cc3)ccc12,52.0,7.2839966563652006,1,466.9730000000001
C[C@H]1COCCN1c1nc(N2CCC(CCO)CC2)nc2nc(-c3ccc(N)nc3)ccc12,200.0,6.698970004336019,1,449.5590000000002
C[C@H]1COCCN1c1nc(N2CCC(CN)CC2)nc2nc(-c3cccc(C(N)=O)c3)ccc12,600.0,6.221848749616356,1,461.57000000000016
C[C@H]1COCCN1c1nc(N2CCC(CO)CC2)nc2nc(-c3cccc(C(N)=O)c3)ccc12,290.0,6.5376020021010435,1,462.5540000000002
C[C@H]1COCCN1c1nc(N2CCC(F)(F)CC2)nc2[nH]c(-c3ccnc4[nH]ccc34)nc12,150.0,6.823908740944319,1,454.4850000000001
C[C@H]1COCCN1c1nc(N2CCC(N)CC2)nc2nc(-c3cccc(C(N)=O)c3)ccc12,640.0,6.1938200260161125,1,447.5430000000002
C[C@H]1COCCN1c1nc(N2CCC(O)CC2)nc2[nH]c(-c3cccc4[nH]ccc34)nc12,160.0,6.795880017344075,1,433.51600000000013
C[C@H]1COCCN1c1nc(N2CCC(c3ccncc3)CC2)nc2nc(-c3ccc(N)nc3)ccc12,350.0,6.455931955649724,1,482.59200000000027
C[C@H]1COCCN1c1nc(N2CCCC(CO)C2)nc2nc(-c3cccc(C(N)=O)c3)ccc12,270.0,6.568636235841013,1,462.5540000000002
C[C@H]1COCCN1c1nc(N2CCCCC2CO)nc2nc(-c3ccc(N)nc3)ccc12,64.0,7.1938200260161125,1,435.53200000000015
C[C@H]1COCCN1c1nc(N2CCCCC2CO)nc2nc(-c3cccc(C(N)=O)c3)ccc12,170.0,6.769551078621726,1,462.5540000000002
C[C@H]1COCCN1c1nc(N2CCN(C)CC2)nc2nc(-c3ccc(Cl)cc3)ccc12,560.0,6.251811972993799,1,438.96300000000014
C[C@H]1COCCN1c1nc(N2CCN(C)CC2)nc2nc(-c3cccc(C(N)=O)c3)ccc12,700.0,6.154901959985743,1,447.5430000000002
C[C@H]1COCCN1c1nc(N2CCOCC2)c2cnc(-c3ccccc3)cc2n1,134.0,6.872895201635193,1,391.4750000000001
C[C@H]1COCCN1c1nc(N2CCOCC2)nc2[nH]c(-c3cc(CO)ccc3Cl)nc12,1836.0,5.7361273231347765,0,444.9230000000001
C[C@H]1COCCN1c1nc(N2CCOCC2)nc2[nH]c(-c3ccc(F)c(CO)c3)nc12,1424.0,5.846490010699163,0,428.46800000000013
C[C@H]1COCCN1c1nc(N2CCOCC2)nc2[nH]c(-c3ccc4cc[nH]c4c3)nc12,85.0,7.070581074285707,1,419.4890000000001
C[C@H]1COCCN1c1nc(N2CCOCC2)nc2[nH]c(-c3cccc4[nH]ccc34)nc12,14.0,7.853871964321762,1,419.4890000000001
C[C@H]1COCCN1c1nc(N2CCOCC2)nc2[nH]c(-c3cnc4cc[nH]c4c3)nc12,469.0,6.328827157284917,1,420.4770000000001
C[C@H]1COCCN1c1nc(N2CCOCC2)nc2cc(-c3ccccc3)ncc12,153.0,6.815308569182402,1,391.4750000000001
C[C@H]1COCCN1c1nc(N2CCOCC2)nc2nc(-c3ccc(Cl)cc3)ccc12,150.0,6.823908740944319,1,425.92000000000013
C[C@H]1COCCN1c1nc(N2CCOCC2)nc2nc(-c3cccc(NS(C)(=O)=O)c3)ccc12,4.8,8.318758762624412,1,484.58200000000016
C[C@H]1COCCN1c1nc(N2CCOC[C@@H]2C)c2ccc(-c3cc(F)nc(F)c3)nc2n1,220.0,6.657577319177793,1,442.4700000000001
C[C@H]1COCCN1c1nc(N2CCOC[C@@H]2C)c2ccc(-c3cc[nH]c(=O)c3)nc2n1,140.0,6.853871964321762,1,422.4890000000001
C[C@H]1COCCN1c1nc(N2CCOC[C@@H]2C)c2ccc(-c3ccc(-c4nnn[nH]4)cc3)nc2n1,32.0,7.494850021680094,1,473.5410000000001
C[C@H]1COCCN1c1nc(N2CCOC[C@@H]2C)c2ccc(-c3ccc(C#N)c(F)c3)nc2n1,18.0,7.7447274948966935,1,448.5020000000001
C[C@H]1COCCN1c1nc(N2CCOC[C@@H]2C)c2ccc(-c3ccc(C#N)cc3)nc2n1,2.7,8.568636235841012,1,430.5120000000001
C[C@H]1COCCN1c1nc(N2CCOC[C@@H]2C)c2ccc(-c3ccc(C#N)nc3)nc2n1,160.0,6.795880017344075,1,431.5000000000001
C[C@H]1COCCN1c1nc(N2CCOC[C@@H]2C)c2ccc(-c3ccc(C(=O)N(C)C)cc3)nc2n1,1600.0,5.795880017344075,0,476.5810000000002
C[C@H]1COCCN1c1nc(N2CCOC[C@@H]2C)c2ccc(-c3ccc(C(=O)N(C)C)nc3)nc2n1,2000.0,5.698970004336019,0,477.5690000000002
C[C@H]1COCCN1c1nc(N2CCOC[C@@H]2C)c2ccc(-c3ccc(C(N)=O)c(F)c3)nc2n1,1800.0,5.7447274948966935,0,466.51700000000017
C[C@H]1COCCN1c1nc(N2CCOC[C@@H]2C)c2ccc(-c3ccc(C(N)=O)cc3)nc2n1,8.3,8.080921907623926,1,448.52700000000016
C[C@H]1COCCN1c1nc(N2CCOC[C@@H]2C)c2ccc(-c3ccc(C(N)=O)nc3)nc2n1,720.0,6.142667503568732,1,449.51500000000016
C[C@H]1COCCN1c1nc(N2CCOC[C@@H]2C)c2ccc(-c3ccc(CN)cc3)nc2n1,25.0,7.6020599913279625,1,434.54400000000015
C[C@H]1COCCN1c1nc(N2CCOC[C@@H]2C)c2ccc(-c3ccc(CN4CC[C@@H](O)C4)cc3)nc2n1,93.0,7.031517051446065,1,504.6350000000003
C[C@H]1COCCN1c1nc(N2CCOC[C@@H]2C)c2ccc(-c3ccc(CN4CC[C@H](O)C4)cc3)nc2n1,13.0,7.886056647693163,1,504.6350000000003
C[C@H]1COCCN1c1nc(N2CCOC[C@@H]2C)c2ccc(-c3ccc(CNC4CC4)o3)nc2n1,150.0,6.823908740944319,1,464.5700000000002
C[C@H]1COCCN1c1nc(N2CCOC[C@@H]2C)c2ccc(-c3ccc(CNC4CCOCC4)cc3)nc2n1,1.9,8.721246399047171,1,518.6620000000003
C[C@H]1COCCN1c1nc(N2CCOC[C@@H]2C)c2ccc(-c3ccc(CNC4CCOCC4)o3)nc2n1,124.0,6.906578314837765,1,508.62300000000033
C[C@H]1COCCN1c1nc(N2CCOC[C@@H]2C)c2ccc(-c3ccc(CNCC(N)=O)o3)nc2n1,124.0,6.906578314837765,1,481.55700000000024
C[C@H]1COCCN1c1nc(N2CCOC[C@@H]2C)c2ccc(-c3ccc(CNCC4CC4)o3)nc2n1,170.0,6.769551078621726,1,478.59700000000026
C[C@H]1COCCN1c1nc(N2CCOC[C@@H]2C)c2ccc(-c3ccc(CNCCN(C)C)o3)nc2n1,130.0,6.886056647693163,1,495.62800000000027
C[C@H]1COCCN1c1nc(N2CCOC[C@@H]2C)c2ccc(-c3ccc(CNCCO)cc3)nc2n1,2.3335,8.631992194778825,1,478.5970000000002
C[C@H]1COCCN1c1nc(N2CCOC[C@@H]2C)c2ccc(-c3ccc(CNCCO)o3)nc2n1,590.0,6.229147988357855,1,468.5580000000002
C[C@H]1COCCN1c1nc(N2CCOC[C@@H]2C)c2ccc(-c3ccc(CNS(C)(=O)=O)cc3)nc2n1,0.39,9.4089353929735,1,512.6360000000002
C[C@H]1COCCN1c1nc(N2CCOC[C@@H]2C)c2ccc(-c3ccc(CNc4cc[nH]n4)o3)nc2n1,79.0,7.102372908709558,1,490.56800000000015
C[C@H]1COCCN1c1nc(N2CCOC[C@@H]2C)c2ccc(-c3ccc(CO)cc3)nc2n1,11.0,7.958607314841775,1,435.52800000000013
C[C@H]1COCCN1c1nc(N2CCOC[C@@H]2C)c2ccc(-c3ccc(Cl)cc3)nc2n1,140.0,6.853871964321762,1,439.94700000000006
C[C@H]1COCCN1c1nc(N2CCOC[C@@H]2C)c2ccc(-c3ccc(F)c(-c4nnn[nH]4)c3)nc2n1,35.0,7.455931955649724,1,491.5310000000001
C[C@H]1COCCN1c1nc(N2CCOC[C@@H]2C)c2ccc(-c3ccc(F)c(C(=O)N(C)C)c3)nc2n1,160.0,6.795880017344075,1,494.5710000000002
C[C@H]1COCCN1c1nc(N2CCOC[C@@H]2C)c2ccc(-c3ccc(F)c(C(=O)NCCO)c3)nc2n1,29.0,7.5376020021010435,1,510.5700000000002
C[C@H]1COCCN1c1nc(N2CCOC[C@@H]2C)c2ccc(-c3ccc(F)c(C(=O)O)c3)nc2n1,6.9,8.161150909262744,1,467.50100000000015
C[C@H]1COCCN1c1nc(N2CCOC[C@@H]2C)c2ccc(-c3ccc(F)c(C(N)=O)c3)nc2n1,29.0,7.5376020021010435,1,466.51700000000017
C[C@H]1COCCN1c1nc(N2CCOC[C@@H]2C)c2ccc(-c3ccc(F)c(CN(C)C)c3)nc2n1,580.0,6.236572006437063,1,480.5880000000002
C[C@H]1COCCN1c1nc(N2CCOC[C@@H]2C)c2ccc(-c3ccc(F)c(CN)c3)nc2n1,27.0,7.568636235841013,1,452.53400000000016
C[C@H]1COCCN1c1nc(N2CCOC[C@@H]2C)c2ccc(-c3ccc(F)c(CN4CCC[C@@H](O)C4)c3)nc2n1,200.0,6.698970004336019,1,536.6520000000003
C[C@H]1COCCN1c1nc(N2CCOC[C@@H]2C)c2ccc(-c3ccc(F)c(CN4CCN(C)CC4)c3)nc2n1,540.0,6.267606240177032,1,535.6680000000002
C[C@H]1COCCN1c1nc(N2CCOC[C@@H]2C)c2ccc(-c3ccc(F)c(CN4CCNCC4)c3)nc2n1,160.0,6.795880017344075,1,521.6410000000003
C[C@H]1COCCN1c1nc(N2CCOC[C@@H]2C)c2ccc(-c3ccc(F)c(CN4CC[C@@H](O)C4)c3)nc2n1,81.0,7.0915149811213505,1,522.6250000000002
C[C@H]1COCCN1c1nc(N2CCOC[C@@H]2C)c2ccc(-c3ccc(F)c(CN4CC[C@H](O)C4)c3)nc2n1,15.0,7.823908740944319,1,522.6250000000002
C[C@H]1COCCN1c1nc(N2CCOC[C@@H]2C)c2ccc(-c3ccc(F)c(CNC(=O)C(F)(F)F)c3)nc2n1,1400.0,5.853871964321762,0,548.541
C[C@H]1COCCN1c1nc(N2CCOC[C@@H]2C)c2ccc(-c3ccc(F)c(CNC(=O)C4CC4)c3)nc2n1,140.0,6.853871964321762,1,520.6090000000003
C[C@H]1COCCN1c1nc(N2CCOC[C@@H]2C)c2ccc(-c3ccc(F)c(CNC(=O)C4CCC4)c3)nc2n1,290.0,6.5376020021010435,1,534.6360000000002
C[C@H]1COCCN1c1nc(N2CCOC[C@@H]2C)c2ccc(-c3ccc(F)c(CNC4CC4)c3)nc2n1,140.0,6.853871964321762,1,492.5990000000002
C[C@H]1COCCN1c1nc(N2CCOC[C@@H]2C)c2ccc(-c3ccc(F)c(CNC4CCOCC4)c3)nc2n1,130.0,6.886056647693163,1,536.6520000000003
C[C@H]1COCCN1c1nc(N2CCOC[C@@H]2C)c2ccc(-c3ccc(F)c(CNCC4CC4)c3)nc2n1,130.0,6.886056647693163,1,506.62600000000026
C[C@H]1COCCN1c1nc(N2CCOC[C@@H]2C)c2ccc(-c3ccc(F)c(CNCCF)c3)nc2n1,1100.0,5.958607314841775,0,498.5780000000002
C[C@H]1COCCN1c1nc(N2CCOC[C@@H]2C)c2ccc(-c3ccc(F)c(CNCCO)c3)nc2n1,87.0,7.060480747381382,1,496.5870000000002
C[C@H]1COCCN1c1nc(N2CCOC[C@@H]2C)c2ccc(-c3ccc(F)c(CO)c3)nc2n1,83.0,7.080921907623926,1,453.51800000000014
C[C@H]1COCCN1c1nc(N2CCOC[C@@H]2C)c2ccc(-c3ccc(F)c(NS(C)(=O)=O)c3)nc2n1,39.0,7.4089353929735005,1,516.5990000000002
C[C@H]1COCCN1c1nc(N2CCOC[C@@H]2C)c2ccc(-c3ccc(F)cc3)nc2n1,25.0,7.6020599913279625,1,423.4920000000001
C[C@H]1COCCN1c1nc(N2CCOC[C@@H]2C)c2ccc(-c3ccc(F)nc3)nc2n1,12.0,7.920818753952375,1,424.4800000000001
C[C@H]1COCCN1c1nc(N2CCOC[C@@H]2C)c2ccc(-c3ccc(N(C)C)nc3)nc2n1,73.0,7.136677139879544,1,449.55900000000014
C[C@H]1COCCN1c1nc(N2CCOC[C@@H]2C)c2ccc(-c3ccc(N)cc3)nc2n1,6.865,8.163359458427227,1,420.5170000000001
C[C@H]1COCCN1c1nc(N2CCOC[C@@H]2C)c2ccc(-c3ccc(N)nc3)nc2n1,15.0,7.823908740944319,1,421.5050000000001
C[C@H]1COCCN1c1nc(N2CCOC[C@@H]2C)c2ccc(-c3ccc(N4CCOCC4)nc3)nc2n1,390.0,6.4089353929735005,1,491.5960000000003
C[C@H]1COCCN1c1nc(N2CCOC[C@@H]2C)c2ccc(-c3ccc(NS(C)(=O)=O)cc3)nc2n1,99.0,7.00436480540245,1,498.60900000000015
C[C@H]1COCCN1c1nc(N2CCOC[C@@H]2C)c2ccc(-c3ccc(O)c(C(=O)O)c3)nc2n1,65.0,7.187086643357144,1,465.51000000000016
C[C@H]1COCCN1c1nc(N2CCOC[C@@H]2C)c2ccc(-c3ccc(O)c(CO)c3)nc2n1,24.0,7.619788758288394,1,451.52700000000016
C[C@H]1COCCN1c1nc(N2CCOC[C@@H]2C)c2ccc(-c3ccc(O)cc3)nc2n1,4.4,8.356547323513812,1,421.5010000000001
C[C@H]1COCCN1c1nc(N2CCOC[C@@H]2C)c2ccc(-c3ccc(OC(F)F)c(C(N)=O)c3)nc2n1,14.0,7.853871964321762,1,514.5330000000001
C[C@H]1COCCN1c1nc(N2CCOC[C@@H]2C)c2ccc(-c3ccc(OCCN(C)C)nc3)nc2n1,330.0,6.481486060122113,1,493.61200000000025
C[C@H]1COCCN1c1nc(N2CCOC[C@@H]2C)c2ccc(-c3ccc(S(C)(=O)=O)cc3)nc2n1,210.0,6.6777807052660805,1,483.59400000000016
C[C@H]1COCCN1c1nc(N2CCOC[C@@H]2C)c2ccc(-c3ccc([N+](=O)[O-])cc3)nc2n1,40.0,7.3979400086720375,1,450.49900000000014
C[C@H]1COCCN1c1nc(N2CCOC[C@@H]2C)c2ccc(-c3ccc4[nH]ccc4c3)nc2n1,55.0,7.259637310505756,1,444.5390000000001
C[C@H]1COCCN1c1nc(N2CCOC[C@@H]2C)c2ccc(-c3ccc4[nH]ncc4c3)nc2n1,250.0,6.6020599913279625,1,445.5270000000001
C[C@H]1COCCN1c1nc(N2CCOC[C@@H]2C)c2ccc(-c3ccc4c(=O)[nH]cnc4c3)nc2n1,35.0,7.455931955649724,1,473.53700000000015
C[C@H]1COCCN1c1nc(N2CCOC[C@@H]2C)c2ccc(-c3ccc4c(c3)C(=O)NC4)nc2n1,2.6,8.585026652029182,1,460.5380000000002
C[C@H]1COCCN1c1nc(N2CCOC[C@@H]2C)c2ccc(-c3ccc4c(c3)C(=O)NCC(=O)N4)nc2n1,20.0,7.698970004336019,1,503.5630000000002
C[C@H]1COCCN1c1nc(N2CCOC[C@@H]2C)c2ccc(-c3ccc4c(c3)CC(=O)N4)nc2n1,42.0,7.376750709602099,1,460.5380000000002
C[C@H]1COCCN1c1nc(N2CCOC[C@@H]2C)c2ccc(-c3ccc4c(c3)CNC4=O)nc2n1,16.0,7.795880017344075,1,460.5380000000002
C[C@H]1COCCN1c1nc(N2CCOC[C@@H]2C)c2ccc(-c3ccc4c(c3)NC(=O)C4)nc2n1,3.5,8.455931955649724,1,460.5380000000002
C[C@H]1COCCN1c1nc(N2CCOC[C@@H]2C)c2ccc(-c3ccc4c(c3)NC(=O)CO4)nc2n1,160.0,6.795880017344075,1,476.5370000000002
C[C@H]1COCCN1c1nc(N2CCOC[C@@H]2C)c2ccc(-c3ccc4c(c3)NCCNC4=O)nc2n1,4.9,8.309803919971486,1,489.5800000000002
C[C@H]1COCCN1c1nc(N2CCOC[C@@H]2C)c2ccc(-c3ccc4cn[nH]c(=O)c4c3)nc2n1,690.0,6.161150909262744,1,473.53700000000015
C[C@H]1COCCN1c1nc(N2CCOC[C@@H]2C)c2ccc(-c3ccc4nc[nH]c(=O)c4c3)nc2n1,200.0,6.698970004336019,1,473.53700000000015
C[C@H]1COCCN1c1nc(N2CCOC[C@@H]2C)c2ccc(-c3cccc(-c4nnn[nH]4)c3)nc2n1,14.0,7.853871964321762,1,473.5410000000001
C[C@H]1COCCN1c1nc(N2CCOC[C@@H]2C)c2ccc(-c3cccc(C#N)c3)nc2n1,62.0,7.2076083105017466,1,430.5120000000001
C[C@H]1COCCN1c1nc(N2CCOC[C@@H]2C)c2ccc(-c3cccc(C(=O)N(C)C(C)(C)C)c3)nc2n1,500.0,6.301029995663981,1,518.6620000000003
C[C@H]1COCCN1c1nc(N2CCOC[C@@H]2C)c2ccc(-c3cccc(C(=O)N(C)C)c3)nc2n1,90.0,7.045757490560675,1,476.5810000000002
C[C@H]1COCCN1c1nc(N2CCOC[C@@H]2C)c2ccc(-c3cccc(C(=O)N4CCC[C@@H](O)C4)c3)nc2n1,280.0,6.552841968657781,1,532.6450000000002
C[C@H]1COCCN1c1nc(N2CCOC[C@@H]2C)c2ccc(-c3cccc(C(=O)N4CCN(C)CC4)c3)nc2n1,60.0,7.221848749616356,1,531.6610000000003
C[C@H]1COCCN1c1nc(N2CCOC[C@@H]2C)c2ccc(-c3cccc(C(=O)N4CCNCC4)c3)nc2n1,320.0,6.494850021680094,1,517.6340000000002
C[C@H]1COCCN1c1nc(N2CCOC[C@@H]2C)c2ccc(-c3cccc(C(=O)N4CC[C@@H](O)C4)c3)nc2n1,5.2,8.2839966563652,1,518.6180000000003
C[C@H]1COCCN1c1nc(N2CCOC[C@@H]2C)c2ccc(-c3cccc(C(=O)N4CC[C@H](O)C4)c3)nc2n1,180.0,6.7447274948966935,1,518.6180000000003
C[C@H]1COCCN1c1nc(N2CCOC[C@@H]2C)c2ccc(-c3cccc(C(=O)NC4CCOCC4)c3)nc2n1,140.0,6.853871964321762,1,532.6450000000002
C[C@H]1COCCN1c1nc(N2CCOC[C@@H]2C)c2ccc(-c3cccc(C(=O)NCC(F)(F)F)c3)nc2n1,280.0,6.552841968657781,1,530.551
C[C@H]1COCCN1c1nc(N2CCOC[C@@H]2C)c2ccc(-c3cccc(C(=O)NCC(F)F)c3)nc2n1,44.0,7.356547323513812,1,512.5610000000001
C[C@H]1COCCN1c1nc(N2CCOC[C@@H]2C)c2ccc(-c3cccc(C(=O)NCCF)c3)nc2n1,4.7,8.327902142064282,1,494.5710000000002
C[C@H]1COCCN1c1nc(N2CCOC[C@@H]2C)c2ccc(-c3cccc(C(=O)NCCO)c3)nc2n1,28.0,7.552841968657781,1,492.5800000000002
C[C@H]1COCCN1c1nc(N2CCOC[C@@H]2C)c2ccc(-c3cccc(C(=O)Nc4cc[nH]n4)c3)nc2n1,48.0,7.318758762624412,1,514.5900000000001
C[C@H]1COCCN1c1nc(N2CCOC[C@@H]2C)c2ccc(-c3cccc(C(=O)O)c3)nc2n1,9.2,8.036212172654444,1,449.51100000000014
C[C@H]1COCCN1c1nc(N2CCOC[C@@H]2C)c2ccc(-c3cccc(C(N)=O)c3)nc2n1,13.0,7.886056647693163,1,448.52700000000016
C[C@H]1COCCN1c1nc(N2CCOC[C@@H]2C)c2ccc(-c3cccc(CN(C)C(=O)C(F)(F)F)c3)nc2n1,640.0,6.1938200260161125,1,544.5780000000001
C[C@H]1COCCN1c1nc(N2CCOC[C@@H]2C)c2ccc(-c3cccc(CN(C)C(=O)C4CC4)c3)nc2n1,310.0,6.508638306165727,1,516.6460000000003
C[C@H]1COCCN1c1nc(N2CCOC[C@@H]2C)c2ccc(-c3cccc(CN(C)C(=O)C4CCC4)c3)nc2n1,49.0,7.309803919971486,1,530.6730000000002
C[C@H]1COCCN1c1nc(N2CCOC[C@@H]2C)c2ccc(-c3cccc(CN(C)S(C)(=O)=O)c3)nc2n1,120.0,6.920818753952375,1,526.6630000000001
C[C@H]1COCCN1c1nc(N2CCOC[C@@H]2C)c2ccc(-c3cccc(CN)c3)nc2n1,27.0,7.568636235841013,1,434.54400000000015
C[C@H]1COCCN1c1nc(N2CCOC[C@@H]2C)c2ccc(-c3cccc(CN4CC[C@@H](O)C4)c3)nc2n1,40.0,7.3979400086720375,1,504.6350000000003
C[C@H]1COCCN1c1nc(N2CCOC[C@@H]2C)c2ccc(-c3cccc(CN4CC[C@H](O)C4)c3)nc2n1,29.0,7.5376020021010435,1,504.6350000000003
C[C@H]1COCCN1c1nc(N2CCOC[C@@H]2C)c2ccc(-c3cccc(CNC(=O)C(F)(F)F)c3)nc2n1,120.0,6.920818753952375,1,530.551
C[C@H]1COCCN1c1nc(N2CCOC[C@@H]2C)c2ccc(-c3cccc(CNC(=O)C4CC4)c3)nc2n1,120.0,6.920818753952375,1,502.61900000000026
C[C@H]1COCCN1c1nc(N2CCOC[C@@H]2C)c2ccc(-c3cccc(CNC(=O)C4CCC4)c3)nc2n1,120.0,6.920818753952375,1,516.6460000000003
C[C@H]1COCCN1c1nc(N2CCOC[C@@H]2C)c2ccc(-c3cccc(CNC4CC4)c3)nc2n1,54.0,7.267606240177032,1,474.6090000000002
C[C@H]1COCCN1c1nc(N2CCOC[C@@H]2C)c2ccc(-c3cccc(CNC4CCOCC4)c3)nc2n1,15.0,7.823908740944319,1,518.6620000000003
C[C@H]1COCCN1c1nc(N2CCOC[C@@H]2C)c2ccc(-c3cccc(CNCC4CC4)c3)nc2n1,7.1,8.148741651280925,1,488.63600000000025
C[C@H]1COCCN1c1nc(N2CCOC[C@@H]2C)c2ccc(-c3cccc(CNCCO)c3)nc2n1,31.0,7.508638306165727,1,478.5970000000002
C[C@H]1COCCN1c1nc(N2CCOC[C@@H]2C)c2ccc(-c3cccc(CNc4cc[nH]n4)c3)nc2n1,170.0,6.769551078621726,1,500.60700000000014
C[C@H]1COCCN1c1nc(N2CCOC[C@@H]2C)c2ccc(-c3cccc(CO)c3)nc2n1,5.6,8.2518119729938,1,435.52800000000013
C[C@H]1COCCN1c1nc(N2CCOC[C@@H]2C)c2ccc(-c3cccc(CS(C)(=O)=O)c3)nc2n1,90.0,7.045757490560675,1,497.6210000000002
C[C@H]1COCCN1c1nc(N2CCOC[C@@H]2C)c2ccc(-c3cccc(Cn4ccnc4)c3)nc2n1,130.0,6.886056647693163,1,485.59200000000016
C[C@H]1COCCN1c1nc(N2CCOC[C@@H]2C)c2ccc(-c3cccc(N(C)S(C)(=O)=O)c3)nc2n1,370.0,6.431798275933005,1,512.6360000000002
C[C@H]1COCCN1c1nc(N2CCOC[C@@H]2C)c2ccc(-c3cccc(NC(=O)C4CCCO4)c3)nc2n1,330.0,6.481486060122113,1,518.6180000000003
C[C@H]1COCCN1c1nc(N2CCOC[C@@H]2C)c2ccc(-c3cccc(NS(=O)(=O)CCO)c3)nc2n1,4.3,8.366531544420413,1,528.6350000000001
C[C@H]1COCCN1c1nc(N2CCOC[C@@H]2C)c2ccc(-c3cccc(NS(C)(=O)=O)c3)[n+]([O-])c2n1,37.0,7.431798275933005,1,514.6080000000002
C[C@H]1COCCN1c1nc(N2CCOC[C@@H]2C)c2ccc(-c3cccc(NS(C)(=O)=O)c3)nc2n1,34.0,7.468521082957745,1,498.60900000000015
C[C@H]1COCCN1c1nc(N2CCOC[C@@H]2C)c2ccc(-c3cccc(O)c3)nc2n1,2.1,8.67778070526608,1,421.5010000000001
C[C@H]1COCCN1c1nc(N2CCOC[C@@H]2C)c2ccc(-c3cccc(S(=O)(=O)NCCO)c3)nc2n1,84.0,7.075720713938118,1,528.6350000000001
C[C@H]1COCCN1c1nc(N2CCOC[C@@H]2C)c2ccc(-c3cccc(S(C)(=O)=O)c3)nc2n1,140.0,6.853871964321762,1,483.59400000000016
C[C@H]1COCCN1c1nc(N2CCOC[C@@H]2C)c2ccc(-c3cccc(S(N)(=O)=O)c3)nc2n1,14.0,7.853871964321762,1,484.58200000000016
C[C@H]1COCCN1c1nc(N2CCOC[C@@H]2C)c2ccc(-c3ccccc3)nc2n1,2.45,8.610833915635467,1,405.50200000000007
C[C@H]1COCCN1c1nc(N2CCOC[C@@H]2C)c2ccc(-c3cccnc3)nc2n1,16.0,7.795880017344075,1,406.49000000000007
C[C@H]1COCCN1c1nc(N2CCOC[C@@H]2C)c2ccc(-c3cccnc3F)nc2n1,38.0,7.42021640338319,1,424.4800000000001
C[C@H]1COCCN1c1nc(N2CCOC[C@@H]2C)c2ccc(-c3ccn(C)c(=O)c3)nc2n1,110.0,6.958607314841775,1,436.51600000000013
C[C@H]1COCCN1c1nc(N2CCOC[C@@H]2C)c2ccc(-c3ccnc(C#N)c3)nc2n1,480.0,6.318758762624412,1,431.5000000000001
C[C@H]1COCCN1c1nc(N2CCOC[C@@H]2C)c2ccc(-c3ccnc(C(N)=O)c3)nc2n1,190.0,6.721246399047171,1,449.51500000000016
C[C@H]1COCCN1c1nc(N2CCOC[C@@H]2C)c2ccc(-c3ccnc(Cl)c3)nc2n1,260.0,6.585026652029182,1,440.9350000000001
C[C@H]1COCCN1c1nc(N2CCOC[C@@H]2C)c2ccc(-c3ccnc(Cl)c3F)nc2n1,490.0,6.309803919971486,1,458.9250000000001
C[C@H]1COCCN1c1nc(N2CCOC[C@@H]2C)c2ccc(-c3ccnc(F)c3)nc2n1,90.0,7.045757490560675,1,424.4800000000001
C[C@H]1COCCN1c1nc(N2CCOC[C@@H]2C)c2ccc(-c3ccnc(NN)c3)nc2n1,66.0,7.180456064458132,1,436.5200000000001
C[C@H]1COCCN1c1nc(N2CCOC[C@@H]2C)c2ccc(-c3ccncc3)nc2n1,6.0,8.221848749616356,1,406.49000000000007
C[C@H]1COCCN1c1nc(N2CCOC[C@@H]2C)c2ccc(-c3ccoc3)nc2n1,5.0,8.301029995663981,1,395.4630000000001
C[C@H]1COCCN1c1nc(N2CCOC[C@@H]2C)c2ccc(-c3ccoc3CO)nc2n1,13.0,7.886056647693163,1,425.48900000000015
C[C@H]1COCCN1c1nc(N2CCOC[C@@H]2C)c2ccc(-c3cnc4[nH]ccc4c3)nc2n1,170.0,6.769551078621726,1,445.5270000000001
C[C@H]1COCCN1c1nc(N2CCOC[C@@H]2C)c2ccc(-c3cncc(Cl)c3)nc2n1,255.0,6.5934598195660445,1,440.9350000000001
C[C@H]1COCCN1c1nc(N2CCOC[C@@H]2C)c2ccc(-c3cnn(C)c3)nc2n1,28.0,7.552841968657781,1,409.4940000000001
C[C@H]1COCCN1c1nc(N2CCOC[C@@H]2C)c2ccc(C3C=CC(=O)N=C3)nc2n1,31.0,7.508638306165727,1,422.4890000000001
C[C@H]1COCCN1c1nc(N2CCOC[C@@H]2C)c2cnc(-c3ccccc3)cc2n1,58.0,7.236572006437063,1,405.50200000000007
C[C@H]1COCCN1c1nc(N2CCOC[C@@H]2C)c2cnc(-c3ccccc3)nc2n1,413.0,6.384049948343599,1,406.49000000000007
C[C@H]1COCCN1c1nc(N2CCOC[C@@H]2C)c2nc(-c3cc[nH]n3)[nH]c2n1,343.0,6.464705879957229,1,384.444
C[C@H]1COCCN1c1nc(N2CCOC[C@@H]2C)c2nc(-c3ccc(-c4ncc[nH]4)cc3)[nH]c2n1,364.0,6.438898616350944,1,460.5420000000001
C[C@H]1COCCN1c1nc(N2CCOC[C@@H]2C)c2nc(-c3ccc(N)nc3)[nH]c2n1,2412.0,5.617622696531886,0,410.4820000000001
C[C@H]1COCCN1c1nc(N2CCOC[C@@H]2C)c2nc(-c3ccc4[nH]c(=O)[nH]c4c3)[nH]c2n1,30.0,7.522878745280337,1,450.5030000000001
C[C@H]1COCCN1c1nc(N2CCOC[C@@H]2C)c2nc(-c3ccc4cc[nH]c4c3)[nH]c2n1,7.0,8.154901959985743,1,433.5160000000001
C[C@H]1COCCN1c1nc(N2CCOC[C@@H]2C)c2nc(-c3cccc4[nH]ccc34)[nH]c2n1,5.0,8.301029995663981,1,433.5160000000001
C[C@H]1COCCN1c1nc(N2CCOC[C@@H]2C)c2nc(-c3ccccn3)[nH]c2n1,1027.0,5.988429556402722,0,395.46700000000004
C[C@H]1COCCN1c1nc(N2CCOC[C@@H]2C)c2nc(-c3ccnc4[nH]ccc34)[nH]c2n1,510.0,6.292429823902063,1,434.5040000000001
C[C@H]1COCCN1c1nc(N2CCOC[C@@H]2C)c2ncc(-c3ccccc3)nc2n1,26.3,7.580044251510242,1,406.49000000000007
C[C@H]1COCCN1c1nc(Oc2ccc(C(=O)N(C)C)cc2)nc(-c2cnc(N)s2)n1,1000.0,6.0,1,441.51700000000017
C[C@H]1COCCN1c1nc2c(c(-c3ccc(NC(=O)Nc4ccon4)c(F)c3)n1)C(=O)N(C1CCOCC1)CC(C)(C)O2,27.0,7.568636235841013,1,595.6320000000001
C[C@H]1COC[C@H](C)N1c1nc(Oc2ccc(C(=O)N(C)C)cc2)nc(-c2cnc(N)s2)n1,1000.0,6.0,1,455.54400000000015
C[C@H]1Cc2ccccc2N1C(=O)Cc1nc(N2CCOCC2)cc(=O)[nH]1,10000.0,5.0,0,354.41
C[C@H]1OC(=O)N(c2nc(-c3cnc(N)nc3C(F)(F)F)cc(N3CCOCC3)n2)[C@H]1CC#N,3935.0,5.4050552633049165,0,464.4080000000003
C[C@H]1OC(=O)N(c2nc(-c3cnc(N)nc3C(F)(F)F)cc(N3CCOCC3)n2)[C@H]1CO,2474.0,5.606600304706898,0,455.3970000000003
C[C@H]1[C@@H](CO)OC(=O)N1c1nc(-c2cnc(N)nc2C(F)(F)F)cc(N2CCOCC2)n1,1716.0,5.7654827164873135,0,455.3970000000002
C[C@H]1[C@@H](c2nccs2)OC(=O)N1c1cc(-c2cnc(N)nc2C(F)(F)F)nc(N2CCOCC2)n1,870.0,6.060480747381382,1,508.4860000000003
C[C@H]1[C@H](CO)OC(=O)N1c1nc(-c2cnc(N)nc2C(F)(F)F)cc(N2CCOCC2)n1,5114.0,5.291239276309684,0,455.3970000000002
C[C@H]1[C@H](c2ccccc2)OC(=O)N1c1cc(-c2cnc(N)nc2C(F)(F)F)nc(N2CCOCC2)n1,2250.0,5.647817481888637,0,501.4690000000003
C[C@H]1[C@H](c2nccs2)OC(=O)N1c1cc(-c2cnc(N)nc2C(F)(F)F)nc(N2CCOCC2)n1,251.0,6.600326278518962,1,508.4860000000003
C[C@]1(CO)COC(=O)N1c1nc(-c2cnc(N)nc2C(F)(F)F)cc(N2CCOCC2)n1,3613.0,5.442132038431978,0,455.3970000000002
C[C@]1(c2ccccc2)COC(=O)N1c1ccn2ncc(-c3ccc(-c4nc[nH]n4)cc3)c2n1,12.2,7.913640169325252,1,437.46300000000014
C[S+]([O-])c1cnc(-c2ccc(NC(=O)Nc3ccc(N4CCOCC4=O)cc3)cc2)nc1N1CCOCC1,64.8,7.188424994129407,1,536.6140000000003
Cc1[nH]c2ccc(Br)cc2c1/C=C1\Oc2cc(O)cc(O)c2C1=O,190.0,6.721246399047171,1,386.20100000000014
Cc1[nH]c2ccccc2c1/C=C1\Oc2cc(O)cc(O)c2C1=O,500.0,6.301029995663981,1,307.305
Cc1c(-c2ccn[nH]2)sc2c(N3CCOCC3)nc(N3C[C@@H](C)O[C@@H](C)C3)nc12,73.0,7.136677139879544,1,414.53500000000014
Cc1c(/C=C2\SC(=S)NC2=O)cnn1-c1ccccc1,79.9,7.097453220686009,1,301.396
Cc1c(CC(=O)O)c(=O)oc2cc3occ(-c4ccc5ccccc5c4)c3cc12,8300.0,5.080921907623926,0,384.3870000000001
Cc1c(CN2CCN(C(=O)[C@@H](C)O)CC2)sc2c(N3CCOCC3)nc(-c3cnc(N)nc3)nc12,17.0,7.769551078621726,1,498.61300000000034
Cc1c(CN2CCN(C(=O)[C@H](C)O)CC2)sc2c(N3CCOCC3)nc(-c3cnc(N)nc3)nc12,17.0,7.769551078621726,1,498.61300000000034
Cc1c(CN2CCN(C(=O)[C@H](C)O)CC2)sc2c(N3CCOCC3)nc(N)nc12,4.8,8.318758762624412,1,420.53900000000027
Cc1c(CN2CCN(C(=O)c3cc(Cc4n[nH]c(=O)c5ccccc45)ccc3F)CC2)sc2c(N3CCOCC3)nc(-c3cnc(N)nc3)nc12,50.0,7.301029995663981,1,706.8079999999998
Cc1c(CN2CCN(C(=O)c3cc4cccc(C(N)=O)c4o3)CC2)sc2c(N3CCOCC3)nc(-c3cnc(N)nc3)nc12,12.0,7.920818753952375,1,613.7040000000002
Cc1c(CN2CCN(S(C)(=O)=O)CC2)nc2c(N3CCOCC3)nc(-c3cnc(N)nc3)cn12,1260.0,5.8996294548824375,0,487.59000000000026
Cc1c(Cc2cccc(N(C)S(=O)(=O)CCCNCCCC(=O)N3CCN(c4ccc(Nc5c(C(N)=O)cnc6ccc(-c7cnc8ccccc8c7)cc56)cc4C(F)(F)F)CC3)c2)c(=O)oc2cc(OC(=O)N(C)C)ccc12,190.0,6.721246399047171,1,1098.2179999999996
Cc1c(Cl)cccc1Nc1cc2c(cn1)n(C)c(=O)n2C1CCCC1,100000.0,4.0,0,356.8570000000002
Cc1c(Cn2c(C)cn3c(=O)cc(N4CCOCC4)nc23)cccc1C(F)(F)F,32000.0,4.494850021680094,0,406.408
Cc1c(Cn2c(C)nn3c(=O)cc(N4CCOC(C)C4)nc23)cccc1C(F)(F)F,6300.0,5.200659450546418,0,421.4230000000001
Cc1cc(-c2cc(-c3cc(S(=O)(=O)NC4CCC[C@H]4O)ccc3C)cnc2N)on1,10000.0,5.0,0,428.5140000000001
Cc1cc(-c2cc(-c3cc(S(=O)(=O)NC4CCOCC4)ccc3C)cnc2N)on1,6400.0,5.1938200260161125,0,428.5140000000002
Cc1cc(-c2cc(-c3cc(S(=O)(=O)NC4COC[C@H]4O)ccc3C)cnc2N)on1,10000.0,5.0,0,430.48600000000016
Cc1cc(-c2cc(-c3cc(S(=O)(=O)NCC(C)(C)O)ccc3C)cnc2N)on1,8100.0,5.0915149811213505,0,416.5030000000001
Cc1cc(-c2cc(-c3cc(S(=O)(=O)NCC(C)(C)O)ccc3C)cnc2N)sn1,10000.0,5.0,0,432.5710000000001
Cc1cc(-c2cc(-c3cc(S(=O)(=O)NCC4(C)COC4)ccc3C)cnc2N)on1,8500.0,5.070581074285707,0,428.5140000000002
Cc1cc(-c2cc(-c3cc(S(=O)(=O)NCC4(CO)CCCCC4)ccc3C)cnc2N)on1,3000.0,5.522878745280337,0,470.5950000000003
Cc1cc(-c2cc(-c3cc(S(=O)(=O)NCC4(CO)CCOCC4)ccc3C)cnc2N)on1,8800.0,5.055517327849832,0,472.5670000000003
Cc1cc(-c2cc(-c3cc(S(=O)(=O)NCC4(O)CCC4)ccc3C)cnc2N)on1,10000.0,5.0,0,428.51400000000024
Cc1cc(-c2cc(-c3cc(S(=O)(=O)NCCC(C)(C)O)ccc3C)cnc2N)ccn1,9100.0,5.040958607678906,0,440.56900000000013
Cc1cc(-c2cc(-c3cc(S(=O)(=O)NCCC(C)(C)O)ccc3C)cnc2N)on1,10000.0,5.0,0,430.53000000000014
Cc1cc(-c2cc(-c3cc(S(=O)(=O)NCCO)ccc3C)cnc2N)on1,10000.0,5.0,0,388.44900000000007
Cc1cc(-c2cc(-c3cc(S(=O)(=O)NC[C@H]4CCOC4)ccc3C)cnc2N)on1,7700.0,5.113509274827518,0,428.5140000000002
Cc1cc(-c2cc(-c3cc(S(=O)(=O)NOCC(C)(C)O)ccc3C)cnc2N)on1,4050.0,5.392544976785332,0,432.5020000000001
Cc1cc(-c2cc(-c3cc(S(=O)(=O)NO[C@H]4C[C@H](O)C4)ccc3C)cnc2N)on1,10000.0,5.0,0,430.48600000000016
Cc1cc(-c2cc(-c3cc(S(=O)(=O)N[C@H]4CC[C@H](CO)CC4)ccc3C)cnc2N)ccn1,10000.0,5.0,0,466.6070000000002
Cc1cc(-c2cc(-c3cc(S(=O)(=O)N[C@H]4CC[C@H](O)CC4)ccc3C)cnc2N)ccn1,7300.0,5.136677139879544,0,452.58000000000015
Cc1cc(-c2cc(-c3cc(S(=O)(=O)N[C@H]4CC[C@H](O)CC4)ccc3C)cnc2N)on1,3000.0,5.522878745280337,0,442.54100000000017
Cc1cc(-c2cc(-c3cc(S(N)(=O)=O)ccc3C)cnc2N)on1,10000.0,5.0,0,344.3960000000001
Cc1cc(-c2ccc3nc(Nc4cc[nH]n4)c(-c4nc(C)nc(N)n4)n3c2)ccn1,4.0,8.397940008672037,1,398.43400000000014
Cc1cc(-c2ccc3nc(Nc4cc[nH]n4)c(-c4nc(C)nc(N)n4)n3c2)on1,3.0,8.522878745280337,1,388.39500000000015
Cc1cc(-c2ccc3ncc4nnc(C5CCOCC5)n4c3c2)cnc1F,20000.0,4.698970004336019,0,363.3960000000001
Cc1cc(-c2cccnc2Nc2cccc(O)c2)nc(N)n1,10000.0,5.0,0,293.33000000000004
Cc1cc(-c2cccnc2Oc2cccc3[nH]ccc23)nc(N)n1,10000.0,5.0,0,317.3520000000001
Cc1cc(-c2ccnc(C)c2C#Cc2ccc(N)nc2)ccn1,236.0,6.627087997029894,1,300.365
Cc1cc(-c2cncc(-c3cc(S(=O)(=O)NC[C@H]4C[C@@H](O)C4)ccc3C)n2)n(C)n1,3000.0,5.522878745280337,0,427.5300000000002
Cc1cc(-c2cnn3ccc(N4C(=O)OC[C@@H]4C(C)C)nc23)ccc1-c1nc[nH]n1,15.9,7.798602875679548,1,403.4460000000001
Cc1cc(-c2nc(N3CCOCC3)nc(N3CCOCC3)n2)cnc1N,1105.0,5.95663772197887,0,357.4180000000001
Cc1cc(-c2nc[nH]n2)ccc1-c1cnc2c(n1)N(CCC1CCOCC1)C(=O)CN2,5.0,8.301029995663981,1,419.4890000000004
Cc1cc(-c2nc[nH]n2)ccc1-c1cnc2c(n1)N(CCC1CCOCC1)CC(=O)N2,4.0,8.397940008672037,1,419.4890000000004
Cc1cc(-c2nc[nH]n2)ccc1-c1cnn2ccc(N3C(=O)OC[C@@H]3C(C)C)nc12,19.2,7.716698771296451,1,403.44600000000025
Cc1cc(-c2ncnc(C)c2C#Cc2ccc(N)nc2)ccn1,40.0,7.3979400086720375,1,301.353
Cc1cc(-c2nn(C(C)C)c3ncnc(N)c23)sc1C=O,934.0,6.029653123769907,1,301.37500000000006
Cc1cc(/C=N/NC(=O)Nc2ccc(-c3nc(N4CCOCC4)c4sccc4n3)cc2)cc(C)c1O,770.0,6.113509274827518,1,502.6000000000003
Cc1cc(C#N)ccc1Nc1cc2c(cn1)n(C)c(=O)n2C1CCCC1,51900.0,4.284832642151542,0,347.4220000000002
Cc1cc(C(C)Nc2ccccc2C(=O)O)c2oc(N3CCC(C)(C)CC3)cc(=O)c2c1,10000.0,5.0,0,434.53600000000034
Cc1cc(C)c(S(=O)(=O)N2CCN(Cn3cc4c(=O)oc5ccccc5c4n3)CC2)c(C)c1,7440.0,5.128427064454121,0,466.5630000000003
Cc1cc(Cl)ccc1Nc1cc2c(cn1)n(C)c(=O)n2C1CCCC1,27900.0,4.554395796726403,0,356.8570000000002
Cc1cc(N)ncc1-c1nc(N2CCOCC2)nc(N2CCOCC2)n1,939.0,6.027334407733889,1,357.4180000000002
Cc1cc(NC(=O)CCNC(=O)Nc2nc(C)c(-c3ccc(-n4cccn4)cc3)s2)no1,9100.0,5.040958607678906,0,451.5120000000001
Cc1cc(NC(=O)Nc2ccc(-c3nc(N4C5CCC4COC5)nc4c3C(=O)N(C)CC(C)(C)O4)cc2F)ccn1,67.0,7.173925197299173,1,561.6180000000004
Cc1cc(NC(=O)Nc2ccc(-c3nc(N4CC5CCC(C4)O5)nc4c3C(=O)N(C)CC(C)(C)O4)cc2F)ccn1,58.0,7.236572006437063,1,561.6180000000004
Cc1cc(NC(=O)Nc2ccc(-c3nc(N4CC5CCC(C4)O5)nc4c3C(=O)N(C3CCOCC3)CC(C)(C)O4)cc2)no1,12.0,7.920818753952375,1,603.6800000000004
Cc1cc(O)ccc1-c1nn(C(C)C)c2ncnc(N)c12,2100.0,5.6777807052660805,0,283.33500000000004
Cc1cc(O)ccc1Nc1cc2c(cn1)n(C)c(=O)n2C1CCCC1,1960.0,5.707743928643524,0,338.4110000000002
Cc1cc(OCc2ccccc2)ccc1Nc1cc2c(cn1)n(C)c(=O)n2C1CCCC1,67400.0,4.17134010346468,0,428.5360000000003
Cc1cc(Oc2nc(-c3ccc(N)nc3)nc(N3CCOCC3)n2)ccc1C(=O)N(C)C,1000.0,6.0,1,435.4880000000003
Cc1cc(S(=O)(=O)Nc2ccc(/C=C3\SC(=O)N(CC4(C)CCCCC4)C3=O)cc2)ccc1[N+](=O)[O-],8230.0,5.08460016478773,0,529.6400000000004
Cc1cc(S(C)(=O)=O)ccc1Nc1cc2c(cn1)n(C)c(=O)n2C1CCCC1,61800.0,4.209011524911184,0,400.50400000000025
Cc1cc([C@@H](C)Nc2ccccc2C(=O)O)c2nc(N3CCOCC3)cc(=O)n2c1,8000.0,5.096910013008056,0,408.45800000000025
Cc1cc([C@H](C)Nc2ccccc2C(=O)O)c2oc(N3Cc4ccccc4C3)cc(=O)c2c1,7800.0,5.107905397309519,0,440.49900000000025
Cc1cc([C@H]2COC(=O)N2c2ccn3ncc(-c4ccc(-c5nc[nH]n5)c(F)c4)c3n2)ncc1F,2.5,8.602059991327963,1,474.4310000000001
Cc1cc([C@H]2COC(=O)N2c2ccn3ncc(-c4ccc(-c5nc[nH]n5)cc4)c3n2)ncc1F,4.0,8.397940008672037,1,456.4410000000001
Cc1cc2c(-c3nc4c(c(C(C)(C)S(C)(=O)=O)n3)OC[C@@H]3COCCN43)cccc2[nH]1,58.0,7.236572006437063,1,442.5410000000002
Cc1cc2c(-c3nc4c(c(C5(S(C)(=O)=O)CC5)n3)OC[C@@H]3COCCN43)cccc2[nH]1,224.0,6.649751981665837,1,440.5250000000002
Cc1cc2c(-c3nc4c(c(C5(S(C)(=O)=O)CCC5)n3)OC[C@@H]3COCCN43)cccc2[nH]1,117.0,6.931814138253839,1,454.55200000000025
Cc1cc2c(-c3nc4c(c(C5(S(C)(=O)=O)CCOCC5)n3)OCC3COCCN43)cccc2[nH]1,1820.0,5.739928612014925,0,484.5780000000003
Cc1cc2ncc(-c3cnc(Cl)c(NS(=O)(=O)N(C)C)c3)n2cc1-c1ccncc1,18.0,7.7447274948966935,1,442.93200000000013
Cc1cc2ncnn2cc1Nc1ncc2c(n1)n(C1CCOCC1)c(=O)n2C,1370.0,5.863279432843593,0,380.4120000000003
Cc1cc2oc(N)nc2cc1-c1ccc2ncc(N3CC(N4CCOCC4)C3)nc2c1,10000.0,5.0,0,416.48500000000035
Cc1ccc(-c2cc3c(cc2F)ncc2ncc(=O)n(C4CCN(CC#N)CC4)c23)cn1,68.0,7.167491087293763,1,428.4710000000003
Cc1ccc(-c2ccc3c(N4CCOC[C@@H]4C)nc(N4CCOC[C@@H]4C)nc3n2)cc1,5.0,8.301029995663981,1,419.52900000000017
Cc1ccc(-c2ccc3c(c2)N(c2nc4c(s2)C(=O)NC(C)(C)C4)CCO3)cn1,15000.0,4.823908740944319,0,406.51100000000025
Cc1ccc(-c2ccc3ncc4c(c3c2)n([C@H]2CC[C@@H](O)CC2)c(=O)n4C)cn1,55.0,7.259637310505756,1,388.4710000000001
Cc1ccc(-c2ccc3ncc4nc(C)n(-c5ccc(F)cc5)c4c3c2)cc1,1000.0,6.0,1,367.4270000000001
Cc1ccc(-c2ccc3ncc4oc(=O)n(-c5cccc(C(F)(F)F)c5)c4c3c2)cn1,256.8,6.590404980603184,1,421.37800000000004
Cc1ccc(-c2cnc3c(N4CCOC[C@@H]4C)nc(Cl)nc3n2)cc1,541.4,6.266481748565512,1,355.829
Cc1ccc(-c2cnc3c(N4CCOC[C@@H]4C)nc(N4CCOC[C@@H]4C)nc3n2)cc1,48.72,7.312292720375181,1,420.51700000000017
Cc1ccc(-c2cnc3c(N4CCOC[C@@H]4C)nc(N4C[C@@H](C)O[C@@H](C)C4)nc3n2)cc1,214.7,6.668167955563751,1,434.54400000000015
Cc1ccc(-c2n[nH]c3ncnc(N)c23)cc1O,4000.0,5.3979400086720375,0,241.25400000000002
Cc1ccc(-c2n[nH]c3ncnc(N)c23)cc1OCc1ccccc1,1200.0,5.920818753952375,0,331.379
Cc1ccc(-c2nc(C)nc(N)n2)c(Nc2cncc(F)c2)n1,10000.0,5.0,0,311.324
Cc1ccc(-c2nc(N3CCOCC3)nc(-n3ccnc3C)n2)c2cc[nH]c12,51.0,7.292429823902063,1,375.4360000000001
Cc1ccc(-c2ncc3c(n2)N2CCOC[C@@]2(C)C(=O)N3[C@H]2CC[C@@H](O)CC2)c2cc[nH]c12,12.0,7.920818753952375,1,447.5390000000002
Cc1ccc(-c2ncc3c(n2)N2CCOC[C@@]2(C)C(=O)N3[C@H]2CC[C@H](O)CC2)c2cc[nH]c12,10.0,8.0,1,447.5390000000002
Cc1ccc(-c2ncnc(C)c2C#Cc2ccc(N)nc2)cn1,34.0,7.468521082957745,1,301.353
Cc1ccc(-c2nn(C(C)(C)C)c3ncnc(N)c23)cc1,9318.0,5.0306772938877975,0,281.363
Cc1ccc(-c2nn(C(C)C)c3ncnc(N)c23)cc1O,33.0,7.481486060122112,1,283.33500000000004
Cc1ccc(-c2nn(C)c3ncnc(N)c23)cc1O,861.0,6.064996848546345,1,255.28100000000003
Cc1ccc(-c2nn(CCN3CCC(CCN(C)C)CC3)c3ncnc(N)c23)cc1,5500.0,5.259637310505756,0,407.5660000000002
Cc1ccc(-c2nn(CCN3CCC(CN(C)C)CC3)c3ncnc(N)c23)cc1,5500.0,5.259637310505756,0,393.53900000000016
Cc1ccc(-c2nn(CCN3CCC(N(C)C)CC3)c3ncnc(N)c23)cc1,5500.0,5.259637310505756,0,379.5120000000001
Cc1ccc(-c2nn(CCN3CCN(C)CC3)c3ncnc(N)c23)cc1,1000.0,6.0,1,351.458
Cc1ccc(-c2nn(CCN3CCN(CCN(C)C)CC3)c3ncnc(N)c23)cc1,1000.0,6.0,1,408.5540000000002
Cc1ccc(-n2c(=O)n(C)c3cnc4ccc(-c5ccncc5)cc4c32)cc1,468.0,6.329754146925876,1,366.4240000000001
Cc1ccc(C#Cc2c(-c3ccc(Cl)c(C(=O)N4CCOCC4)c3)ccnc2C)cn1,4.0,8.397940008672037,1,431.9230000000003
Cc1ccc(C#Cc2c(-c3cccc(C(=O)N(C)C)c3)ccnc2C)cn1,207.0,6.684029654543083,1,355.4410000000001
Cc1ccc(C(=O)N2CCN(c3ncnc(C)c3C#Cc3ccc(N)nc3)CC2)o1,60.0,7.221848749616356,1,402.4580000000002
Cc1ccc(C(=O)NCCc2ccc(O)cc2)cc1Br,30000.0,4.522878745280337,0,334.213
Cc1ccc(C(=O)NCc2ccc(O)cc2)cc1Br,30000.0,4.522878745280337,0,320.18600000000004
Cc1ccc(C(=O)Nc2cc3ccccc3cn2)cc1Br,15270.0,4.816160962943579,0,341.208
Cc1ccc(C(=O)Nc2ccc3ccccc3n2)cc1Br,17860.0,4.748118545447472,0,341.208
Cc1ccc(C)c(S(=O)(=O)N2CCN(Cn3cc4c(=O)oc5ccccc5c4n3)CC2)c1,10000.0,5.0,0,452.53600000000023
Cc1ccc(CN2CCC(n3cnc4c(N5CCOCC5)nc(-c5cncc(O)c5)nc43)CC2)cc1,590.0,6.229147988357855,1,485.5920000000003
Cc1ccc(Cl)cc1Nc1cc2c(cn1)n(C)c(=O)n2C1CCCC1,68100.0,4.166852888087215,0,356.85700000000026
Cc1ccc(F)c([C@H]2COC(=O)N2c2ccn3ncc(-c4ccc(-c5nc[nH]n5)c(F)c4)c3n2)n1,6.5,8.187086643357144,1,474.43100000000015
Cc1ccc(N2C(=O)COc3ccc(-c4ccc(O)cc4)cc32)cc1,1000.0,6.0,1,331.37100000000004
Cc1ccc(N2C(=O)COc3ccc(-c4cccc(NS(=O)(=O)c5ccc(F)cc5)c4)cc32)cc1,1000.0,6.0,1,488.54000000000013
Cc1ccc(N2C(=O)COc3ccc(-c4cnc(Cl)c(NS(=O)(=O)c5ccc(F)cc5)c4)cc32)cc1,19.4,7.712198270069774,1,523.9730000000002
Cc1ccc(N2C(=O)COc3ccc(-c4cnc5ccccc5c4)cc32)cc1,1000.0,6.0,1,366.4200000000001
Cc1ccc(NC(=O)Nc2ccc(-c3nc(N4C5CCC4COC5)nc4c3C(=O)N(C)CC(C)(C)O4)cc2)nc1,47.0,7.327902142064283,1,543.6280000000004
Cc1ccc(NC(=O)Nc2ccc(-c3nc(N4C5CCC4COC5)nc4c3C(=O)N(C)CC(C)(C)O4)cc2F)cn1,15.0,7.823908740944319,1,561.6180000000004
Cc1ccc(NC(=O)Nc2ccc(-c3nc(N4CC5CCC(C4)O5)nc4c3C(=O)N(C)CC(C)(C)O4)cc2)nc1,43.0,7.366531544420414,1,543.6280000000004
Cc1ccc(NC(=O)Nc2ccc(-c3nc(N4CC5CCC(C4)O5)nc4c3C(=O)N(C)CC(C)(C)O4)cc2F)cn1,16.0,7.795880017344075,1,561.6180000000004
Cc1ccc(NC(=O)Nc2ccc(-c3nc(N4CCOCC4)nc(N4C5CCC4COC5)n3)cc2)cc1,1.3,8.886056647693163,1,501.59100000000035
Cc1ccc(NC(=O)Nc2ccc(-c3nc(N4CCOCC4)nc(N4CCOCC4)n3)cc2)cc1,6.3,8.200659450546418,1,475.55300000000034
Cc1ccc(Nc2cc3c(cn2)n(C)c(=O)n3C2CCCC2)c(C)c1,35700.0,4.447331783887806,0,336.4390000000002
Cc1ccc(Nc2cc3c(cn2)n(C)c(=O)n3C2CCCC2)cc1,77630.0,4.109970413836583,0,322.41200000000015
Cc1ccc(Nc2cc3c(cn2)n(C)c(=O)n3C2CCCC2)cc1C,100000.0,4.0,0,336.4390000000002
Cc1ccc(Nc2ncc(CN3CCN(S(C)(=O)=O)CC3)cc2-c2nc(C)nc(N)n2)cn1,10000.0,5.0,0,469.5750000000003
Cc1ccc(S(=O)(=O)N2CCC(n3c(=O)n(C)c4cnc5ccc(-c6ccc(-c7cnn(C)c7)nc6)cc5c43)C2)cc1,550.0,6.259637310505756,1,579.6860000000001
Cc1ccc(S(=O)(=O)N2CCN(c3nc(NCCN4CCOCC4)nc(N4CCOCC4)n3)CC2)cc1,12.82,7.892111974817201,1,532.6710000000006
Cc1ccc(S(=O)(=O)NC2CC3(CC(O)C3)C2)cc1-c1cnc(N)c(-c2cn(C)nc2C)c1,320.0,6.494850021680094,1,467.5950000000002
Cc1ccc(S(=O)(=O)NC2CC3(CC(O)C3)C2)cc1-c1cncc(-c2cn(C)nc2C)n1,770.0,6.113509274827518,1,453.56800000000015
Cc1ccc(S(=O)(=O)NCC(C)(C)CO)cc1-c1cncc(-c2cn(C)nc2C)n1,1950.0,5.709965388637482,0,429.54600000000016
Cc1ccc(S(=O)(=O)NCC(C)(C)O)cc1-c1cnc(N)c(-c2cc(C(C)C)no2)c1,6300.0,5.200659450546418,0,444.5570000000002
Cc1ccc(S(=O)(=O)NCC(C)(C)O)cc1-c1cnc(N)c(-c2cc(C(F)(F)F)no2)c1,10000.0,5.0,0,470.4730000000001
Cc1ccc(S(=O)(=O)NCC(C)(C)O)cc1-c1cnc(N)c(-c2cn(C)nn2)c1,5300.0,5.275724130399211,0,416.5070000000001
Cc1ccc(S(=O)(=O)NCC(C)(C)O)cc1-c1cnc(N)c(-c2cnco2)c1,3300.0,5.481486060122113,0,402.4760000000001
Cc1ccc(S(=O)(=O)NCC(C)(C)O)cc1-c1cnc(N)c(-c2cnn(C)c2C)c1,6700.0,5.173925197299174,0,429.54600000000016
Cc1ccc(S(=O)(=O)NCC(C)(C)O)cc1-c1cnc(N)c(-c2cnn(C)n2)c1,10000.0,5.0,0,416.5070000000001
Cc1ccc(S(=O)(=O)NCC(C)(C)O)cc1-c1cnc(N)c(-c2cnoc2C)c1,10000.0,5.0,0,416.50300000000016
Cc1ccc(S(=O)(=O)NCC(C)(C)O)cc1-c1cnc(N)c(-c2nc(C(C)C)no2)c1,8200.0,5.086186147616283,0,445.5450000000002
Cc1ccc(S(=O)(=O)NCC(C)(C)O)cc1-c1cnc(N)c(-c2nc(C(F)F)no2)c1,10000.0,5.0,0,453.4710000000001
Cc1ccc(S(=O)(=O)NCC(C)(C)O)cc1-c1cnc(N)c(-c2nc(C3CC3)no2)c1,10000.0,5.0,0,443.5290000000002
Cc1ccc(S(=O)(=O)NCC(C)(C)O)cc1-c1cnc(N)c(-n2cncn2)c1,6600.0,5.180456064458132,0,402.4800000000001
Cc1ccc(S(=O)(=O)NCC(C)(C)O)cc1-c1cncc(-c2cn(C)nc2C)n1,1180.0,5.928117992693875,0,415.5190000000001
Cc1ccc(S(=O)(=O)NCC2(C)COC2)cc1-c1cncc(-c2cn(C)nc2C)n1,890.0,6.050609993355087,1,427.53000000000014
Cc1ccc(S(=O)(=O)NCCC(C)(C)O)cc1-c1cnc(N)c(-c2cc(C(C)C)no2)c1,10000.0,5.0,0,458.58400000000023
Cc1ccc(S(=O)(=O)NCCC(C)(C)O)cc1-c1cnc(N)c(-c2ccncc2)c1,9100.0,5.040958607678906,0,426.54200000000014
Cc1ccc(S(=O)(=O)NCCC(C)(C)O)cc1-c1cnc(N)c(-c2cnn(C)c2)c1,9100.0,5.040958607678906,0,429.54600000000016
Cc1ccc(S(=O)(=O)NCCC(C)(C)O)cc1-c1cnc(N)c(-c2cnn(C)n2)c1,7600.0,5.119186407719209,0,430.53400000000016
Cc1ccc(S(=O)(=O)NCCC(C)(C)O)cc1-c1cnc(N)c(-c2cnn(CC(F)(F)F)c2)c1,3110.0,5.507239610973162,0,497.5430000000002
Cc1ccc(S(=O)(=O)NCCC(C)(C)O)cc1-c1cncc(-c2cn(C)nc2C)n1,3850.0,5.414539270491499,0,429.54600000000016
Cc1ccc(S(=O)(=O)NCCC(C)(C)O)cc1-c1cncc(-c2cn(CCN3CCOCC3)nc2C)n1,9800.0,5.008773924307505,0,528.6790000000003
Cc1ccc(S(=O)(=O)NCCC(C)(C)O)cc1-c1cncc(-c2cnn(CCN3CCOCC3)c2)n1,9100.0,5.040958607678906,0,514.6520000000004
Cc1ccc(S(=O)(=O)NC[C@H]2C[C@@H](O)C2)cc1-c1cncc(-c2cn(C)nc2C)n1,6000.0,5.221848749616356,0,427.53000000000014
Cc1ccc(S(=O)(=O)N[C@H]2CC[C@H](O)CC2)cc1-c1cnc(N)c(-c2cnn(C)c2)c1,9500.0,5.022276394711152,0,441.5570000000002
Cc1ccc(S(=O)(=O)N[C@H]2CC[C@H](O)CC2)cc1-c1cnc(N)c(-c2cnn(C)n2)c1,10000.0,5.0,0,442.5450000000002
Cc1ccc(S(=O)(=O)N[C@H]2CC[C@H](O)CC2)cc1-c1cnc(N)c(-c2cnn(CC(F)(F)F)c2)c1,1300.0,5.886056647693163,0,509.5540000000002
Cc1ccc(S(=O)(=O)N[C@H]2CC[C@H](O)CC2)cc1-c1cnc(N)c(-c2nc(C(F)F)no2)c1,10000.0,5.0,0,479.5090000000002
Cc1ccc(S(=O)(=O)N[C@H]2CC[C@H](O)CC2)cc1-c1cncc(-c2cccnc2)n1,6240.0,5.204815410317576,0,424.5260000000001
Cc1ccc(S(=O)(=O)N[C@H]2CC[C@H](O)CC2)cc1-c1cncc(-c2csc(CN3CCOCC3)c2)n1,9100.0,5.040958607678906,0,528.7000000000004
Cc1ccc(S(=O)(=O)c2cc(-c3cnc(N)nc3)cc(N3CCOCC3)c2)cc1,9390.0,5.027334407733889,0,410.49900000000025
Cc1ccc(S(C)(=O)=O)cc1Nc1cc2c(cn1)n(C)c(=O)n2C1CCCC1,25900.0,4.586700235918748,0,400.50400000000025
Cc1ccc([C@@H]2COC(=O)N2c2ccn3ncc(-c4ccc(-c5nc[nH]n5)c(F)c4)c3n2)cn1,43.4,7.36251027048749,1,456.44100000000014
Cc1ccc([C@H]2COC(=O)N2c2ccn3ncc(-c4ccc(-c5nc[nH]n5)c(F)c4)c3n2)cn1,21.3,7.671620396561262,1,456.44100000000014
Cc1ccc([C@H]2COC(=O)N2c2ccn3ncc(-c4ccc(-c5nc[nH]n5)c(F)c4)c3n2)nc1,9.3,8.031517051446064,1,456.44100000000014
Cc1ccc([N+](=O)[O-])cc1S(=O)(=O)N(C)/N=C/c1cnn2ccc(C#N)cc12,300.0,6.522878745280337,1,398.4040000000001
Cc1ccc([N+](=O)[O-])cc1S(=O)(=O)N(CCO)/N=C/c1cnn2ccc(C#N)cc12,234.0,6.6307841425898575,1,428.4300000000001
Cc1ccc2[nH]c(Cc3nc(N4CCOCC4)cc(=O)[nH]3)nc2c1,10000.0,5.0,0,325.37199999999996
Cc1ccc2cc(-c3nn(C(C)C)c4ncnc(N)c34)ccc2n1,565.0,6.247951552180561,1,318.38400000000007
Cc1ccc2cc(Nc3ncccc3-c3nc(C)nc(N)n3)ccc2n1,10000.0,5.0,0,343.39400000000006
Cc1ccc2ccc(-c3nn(C(C)C)c4ncnc(N)c34)cc2n1,1100.0,5.958607314841775,0,318.38400000000007
Cc1ccc2nc(Cc3nc(N4CCOCC4)cc(=O)[nH]3)oc2c1,10000.0,5.0,0,326.356
Cc1ccc2oc(Cc3nc(N4CCOCC4)cc(=O)[nH]3)nc2c1,10000.0,5.0,0,326.356
Cc1cccc(-c2ccc3c(N4CCOC[C@@H]4C)nc(N4CCOC[C@@H]4C)nc3n2)c1,56.0,7.251811972993799,1,419.52900000000017
Cc1cccc(-c2ccc3c(N4CCOC[C@@H]4C)nc(N4C[C@@H](C)O[C@@H](C)C4)nc3n2)c1,500.0,6.301029995663981,1,433.55600000000015
Cc1cccc(-c2nc(N3CCOCC3)c3[nH]ccc3n2)c1,5000.0,5.301029995663981,0,294.358
Cc1cccc(NS(=O)(=O)c2ccc(C)c(-c3cnc(N)c(-c4cnn(C)c4)c3)c2)n1,4700.0,5.327902142064283,0,434.52500000000015
Cc1cccc(NS(=O)(=O)c2ccc(C)c(-c3cnc(N)c(-c4cnn(CC(F)(F)F)c4)c3)c2)n1,2370.0,5.6252516539898965,0,502.52200000000016
Cc1cccc(NS(=O)(=O)c2ccc(C)c(-c3cnc(N)c(-c4nc(C)no4)c3)c2)n1,370.0,6.431798275933005,1,436.4970000000002
Cc1cccc(Nc2cc3c(cn2)n(C)c(=O)n3C2CCCC2)c1,100000.0,4.0,0,322.41200000000015
Cc1cccc(Nc2cc3c(cn2)n(C)c(=O)n3C2CCCC2)c1C,100000.0,4.0,0,336.4390000000002
Cc1cccc(Nc2nccc(-c3ccnc(N4CCOCC4)c3)n2)c1,20000.0,4.698970004336019,0,347.4220000000002
Cc1cccc(S(=O)(=O)N2CCN(c3nc(NCCN4CCOCC4)nc(N4CCOCC4)n3)CC2)c1,30.2,7.519993057042849,1,532.6710000000005
Cc1cccc([C@H]2COC(=O)N2c2ccn3ncc(-c4ccc(-c5nc[nH]n5)c(F)c4)c3n2)n1,3.4,8.468521082957745,1,456.44100000000014
Cc1cccc2c(-c3ncc4c(n3)N3CCOC[C@@]3(C)C(=O)N4C3(CCCO)CC3)c[nH]c12,7.1,8.148741651280925,1,447.53900000000027
Cc1cccc2c(-c3ncc4c(n3)N3CCOC[C@@]3(C)C(=O)N4[C@H]3CC[C@@H](O)CC3)c[nH]c12,13.0,7.886056647693163,1,447.5390000000002
Cc1cccc2c(-c3ncc4c(n3)N3CCOC[C@@]3(C)C(=O)N4[C@H]3CC[C@H](O)CC3)c[nH]c12,10.0,8.0,1,447.5390000000002
Cc1cccc2nc(Cc3nc(N4CCOCC4)cc(=O)[nH]3)oc12,10000.0,5.0,0,326.35600000000005
Cc1cccc2oc(Cc3nc(N4CCOCC4)cc(=O)[nH]3)nc12,10000.0,5.0,0,326.356
Cc1ccccc1-c1ccc2c(N3CCOC[C@@H]3C)nc(N3CCOC[C@@H]3C)nc2n1,140.0,6.853871964321762,1,419.52900000000017
Cc1ccccc1-c1ccc2c(N3CCOC[C@@H]3C)nc(N3C[C@@H](C)O[C@@H](C)C3)nc2n1,350.0,6.455931955649724,1,433.55600000000015
Cc1ccccc1-n1c(Cn2nc(-c3cccc(O)c3)c3c(N)ncnc32)nc2cccc(C)c2c1=O,50000.0,4.301029995663981,0,489.53900000000027
Cc1ccccc1Nc1cc2c(cn1)n(C)c(=O)n2C1CCCC1,39400.0,4.404503778174426,0,322.41200000000015
Cc1ccccc1Oc1cc(-c2cnc(N)nc2)nc(N2CCOCC2)c1,370.0,6.431798275933005,1,363.4210000000002
Cc1ccccc1S(=O)(=O)N1CCN(c2nc(NCCN3CCOCC3)nc(N3CCOCC3)n2)CC1,32.34,7.490259984429618,1,532.6710000000004
Cc1ccn(C2CN(c3cnc4ccc(-c5ccc6oc(N)nc6c5)cc4n3)C2)n1,10000.0,5.0,0,397.4420000000002
Cc1ccnc([C@H]2COC(=O)N2c2ccn3ncc(-c4ccc(-c5nc[nH]n5)c(F)c4)c3n2)c1,10.8,7.966576244513051,1,456.44100000000014
Cc1ccnc([C@H]2COC(=O)N2c2ccn3ncc(-c4ccc(-c5nc[nH]n5)cc4)c3n2)c1,11.4,7.943095148663527,1,438.45100000000014
Cc1cn(CCN2CCN(c3ccccc3-c3cc(C#N)cc(C(=O)NCCCN4CCCC4)c3)CC2)c2ccccc12,20000.0,4.698970004336019,0,574.7730000000006
Cc1cnc(-c2cc(-c3cc(S(=O)(=O)N[C@H]4CC[C@H](O)CC4)ccc3C)cnc2N)o1,10000.0,5.0,0,442.5410000000002
Cc1cnc(Nc2cccc3[nH]ccc23)c(-c2nc(C)nc(N)n2)c1,6992.0,5.155398580373653,0,331.3830000000001
Cc1cnc(Nc2cccc3[nH]ncc23)c(-c2nc(C)nc(N)n2)c1,50000.0,4.301029995663981,0,332.3710000000001
Cc1cnc(Nc2cccnc2)c(-c2nc(C)nc(N)n2)c1,50000.0,4.301029995663981,0,293.334
Cc1cncc(Nc2ncccc2-c2nc(C)nc(N)n2)c1,10000.0,5.0,0,293.334
Cc1cnccc1-c1cc(N2CCOCC2)cc(S(=O)(=O)c2ccccc2)c1,100000.0,4.0,0,394.49600000000004
Cc1cnn(-c2cc(-c3cc(S(=O)(=O)NCC(C)(C)O)ccc3C)cnc2N)c1,10000.0,5.0,0,415.5190000000002
Cc1csc([C@@H]2COC(=O)N2c2ccn3ncc(-c4ccc(-c5nc[nH]n5)c(F)c4)c3n2)n1,29.9,7.52432881167557,1,462.47000000000014
Cc1csc([C@H]2COC(=O)N2c2ccn3ncc(-c4ccc(-c5nc[nH]n5)c(F)c4)c3n2)n1,6.4,8.193820026016112,1,462.47000000000014
Cc1nc(-c2cc(Br)cnc2Nc2cccc3[nH]ncc23)c2nc[nH]c2n1,10000.0,5.0,0,421.26200000000006
Cc1nc(-c2cc(C(C)N3CCOCC3)cnc2Nc2cnc(Cl)c(NS(=O)(=O)N(C)C)c2)c2nc[nH]c2n1,81.0,7.0915149811213505,1,573.083
Cc1nc(-c2cc(C(C)N3CCOCC3)cnc2Nc2cnc(Cl)c(NS(C)(=O)=O)c2)c2nc[nH]c2n1,46.0,7.337242168318426,1,544.0409999999999
Cc1nc(-c2cc(CO)cnc2Nc2cccc3[nH]ncc23)c2nc[nH]c2n1,2752.0,5.560351570436526,0,372.3920000000001
Cc1nc(-c2cc(Cc3ccc(S(C)(=O)=O)cc3)cnc2Nc2ccc(N)nc2)c2nc[nH]c2n1,84.0,7.075720713938118,1,486.56100000000015
Cc1nc(-c2cc(Cc3ccc(S(C)(=O)=O)cc3)cnc2Nc2cccc3[nH]ncc23)c2nc[nH]c2n1,10000.0,5.0,0,510.58300000000014
Cc1nc(-c2cc(Cl)cnc2Nc2cccc3[nH]ncc23)c2nc[nH]c2n1,10000.0,5.0,0,376.8110000000001
Cc1nc(-c2ccc(-c3cnn4ccc(N5C(=O)OC[C@@H]5c5ccc(F)cc5)nc34)cc2)n[nH]1,4.6,8.337242168318426,1,455.4530000000001
Cc1nc(-c2cccnc2Nc2ccc(NC(=O)C3CC3)cc2)c2nc[nH]c2n1,50.0,7.301029995663981,1,385.43100000000015
Cc1nc(-c2cccnc2Nc2cccc3[nH]ccc23)c2[nH]cnc2n1,590.5,6.228780098050466,1,341.3780000000001
Cc1nc(-c2cccnc2Nc2cccc3n[nH]cc23)c2[nH]cnc2n1,532.0,6.274088367704952,1,342.3660000000001
Cc1nc(-c2cccnc2Nc2cccc3n[nH]cc23)c2c[nH]nc2n1,30000.0,4.522878745280337,0,342.3660000000001
Cc1nc(-c2cccnc2Nc2cnc(Cl)c(NS(C)(=O)=O)c2)c2nc[nH]c2n1,17.0,7.769551078621726,1,430.8810000000001
Cc1nc(-c2cnccc2Nc2cccc3[nH]ncc23)c2nc[nH]c2n1,10000.0,5.0,0,342.3660000000001
Cc1nc(-c2nc[nH]n2)ccc1-c1cnc2c(n1)N(C(C)C)C(=O)CN2,30.0,7.522878745280337,1,350.38600000000014
Cc1nc(-c2nc[nH]n2)ccc1-c1cnc2c(n1)N(C1CCOCC1)C(=O)CN2,26.0,7.585026652029182,1,392.4230000000003
Cc1nc(-c2nc[nH]n2)ccc1-c1cnc2c(n1)N(CC1CCOCC1)C(=O)CN2,12.0,7.920818753952375,1,406.45000000000033
Cc1nc(-c2nc[nH]n2)ccc1-c1cnc2c(n1)N(CCC1CCOCC1)C(=O)CN2,14.0,7.853871964321762,1,420.4770000000004
Cc1nc(-c2nc[nH]n2)ccc1-c1cnc2c(n1)N(CCC1CCOCC1)CC(=O)N2,90.0,7.045757490560675,1,420.4770000000004
Cc1nc(-c2nc[nH]n2)ccc1-c1cnc2c(n1)N(CCN1CCOCC1)C(=O)CN2,37.0,7.431798275933005,1,421.4650000000004
Cc1nc(-c2nc[nH]n2)ccc1-c1cnc2c(n1)N([C@H]1CC[C@@H](O)CC1)C(=O)CN2,8.0,8.096910013008056,1,406.4500000000003
Cc1nc(-c2nc[nH]n2)ccc1-c1cnc2c(n1)N([C@H]1CC[C@H](O)CC1)C(=O)CN2,19.0,7.721246399047171,1,406.4500000000003
Cc1nc(C2CCOCC2)n2c1cnc1ccc(-c3cncc(C(F)F)c3)cc12,2190.0,5.6595558851598815,0,394.425
Cc1nc(F)ccc1-c1ccc2c(N3CCOC[C@@H]3C)nc(N3CCOC[C@@H]3C)nc2n1,530.0,6.275724130399211,1,438.50700000000023
Cc1nc(N)c(F)c(-c2cccnc2Nc2cccc3[nH]ncc23)n1,30000.0,4.522878745280337,0,335.34600000000006
Cc1nc(N)c2c(-c3ccc4oc(N)nc4c3)nn(C(C)C)c2n1,1000.0,6.0,1,323.36000000000007
Cc1nc(N)cc(-c2c(Nc3cc[nH]n3)nc3ccccn23)n1,65.0,7.187086643357144,1,306.333
Cc1nc(N)cc(-c2c(Nc3cc[nH]n3)nc3cccnn23)n1,13.0,7.886056647693163,1,307.321
Cc1nc(N)cc(-c2cc(C(C)N3CCOCC3)cnc2Nc2cnc(Cl)c(NS(=O)(=O)N(C)C)c2)n1,3847.0,5.4148778136931845,0,548.0730000000001
Cc1nc(N)cc(-c2cc([C@@H](C)N3CCOCC3)cnc2Nc2cnc(Cl)c(NS(=O)(=O)N(C)C)c2)n1,5394.0,5.268089057883127,0,548.0730000000001
Cc1nc(N)cc(-c2cc([C@H](C)N3CCOCC3)cnc2Nc2cnc(Cl)c(NS(=O)(=O)N(C)C)c2)n1,3190.0,5.496209316942819,0,548.0730000000001
Cc1nc(N)cc(-c2cccnc2Nc2cccc(O)c2)n1,447.5,6.349206960348069,1,293.33000000000004
Cc1nc(N)cc(-c2cccnc2Nc2cccc3[nH]ncc23)n1,30000.0,4.522878745280337,0,317.35600000000005
Cc1nc(N)cc(-c2cccnc2Nc2cnc(Cl)c(NS(=O)(=O)N(C)C)c2)n1,3298.0,5.4817493486915,0,434.9130000000002
Cc1nc(N)cc(-c2cccnc2Nc2cnc(Cl)c(NS(C)(=O)=O)c2)n1,444.0,6.35261702988538,1,405.87100000000015
Cc1nc(N)cc(-c2cnccc2Nc2cccc3[nH]ccc23)n1,50000.0,4.301029995663981,0,316.368
Cc1nc(N)cc(-c2cnccc2Nc2cccc3[nH]ncc23)n1,50000.0,4.301029995663981,0,317.356
Cc1nc(N)cc(-c2nc3ccccc3nc2Nc2cccc3[nH]ncc23)n1,10000.0,5.0,0,368.40400000000005
Cc1nc(N)cc(-c2nccnc2Nc2cccc3[nH]ncc23)n1,10000.0,5.0,0,318.34400000000005
Cc1nc(N)cc(-c2nccnc2Nc2cnc(Cl)c(NS(C)(=O)=O)c2)n1,3882.0,5.410944468947656,0,406.8590000000001
Cc1nc(N)cc(-n2c(Nc3cccc(O)c3)nc3ccccc32)n1,443.3333333333333,6.353269613752577,1,332.3670000000001
Cc1nc(N)cc2c1cc(-c1cnc3[nH]ccc3c1)c(=O)n2C1CCCC1,12.25,7.911863911299449,1,359.4330000000002
Cc1nc(N)cc2c1cc(-c1cnc3[nH]cnc3c1)c(=O)n2C1CCCC1,13.91,7.856672870007953,1,360.4210000000002
Cc1nc(N)cc2c1cc(-c1cnc3[nH]ncc3c1)c(=O)n2C1CCCC1,171.72,6.765179120192599,1,360.4210000000002
Cc1nc(N)cc2c1cc(-c1cnc3c(ccn3C)c1)c(=O)n2C1CCCC1,82.12,7.085551059301445,1,373.4600000000002
Cc1nc(N)ccc1C#Cc1c(-c2ccc(C(=O)N3CCN(C(C)(C)C)CC3)c(F)c2)ccnc1C,5.0,8.301029995663981,1,485.6070000000003
Cc1nc(N)ccc1C#Cc1c(-c2ccc(C(=O)N3CCN(C)CC3)c(F)c2)ccnc1C,3.0,8.522878745280337,1,443.52600000000024
Cc1nc(N)ccc1C#Cc1c(-c2ccc(C(=O)N3CCN(C4CCOCC4)CC3)c(F)c2)ccnc1C,4.0,8.397940008672037,1,513.6170000000004
Cc1nc(N)ccc1C#Cc1c(-c2ccc(S(C)(=O)=O)cc2)ccnc1C,5.0,8.301029995663981,1,377.4690000000001
Cc1nc(N)ccc1C#Cc1c(-c2cccc(F)c2)ccnc1C,113.0,6.94692155651658,1,317.367
Cc1nc(N)nc(-c2c(Nc3cc[nH]n3)nc3ccc(-c4cccc(F)c4)cn23)n1,27.0,7.568636235841013,1,401.4090000000001
Cc1nc(N)nc(-c2c(Nc3cc[nH]n3)nc3ccc(-c4ccccc4C)cn23)n1,21.0,7.6777807052660805,1,397.44600000000014
Cc1nc(N)nc(-c2c(Nc3cc[nH]n3)nc3ccc(-c4ccccc4F)cn23)n1,15.0,7.823908740944319,1,401.4090000000001
Cc1nc(N)nc(-c2c(Nc3cc[nH]n3)nc3ccc(-c4cccnc4)cn23)n1,3.0,8.522878745280337,1,384.4070000000001
Cc1nc(N)nc(-c2c(Nc3cc[nH]n3)nc3ccc(-c4cccnc4C)cn23)n1,3.0,8.522878745280337,1,398.43400000000014
Cc1nc(N)nc(-c2c(Nc3cc[nH]n3)nc3ccc(-c4ccncc4)cn23)n1,6.0,8.221848749616356,1,384.4070000000001
Cc1nc(N)nc(-c2c(Nc3cc[nH]n3)nc3ccc(-c4cnccc4C)cn23)n1,2.0,8.698970004336019,1,398.43400000000014
Cc1nc(N)nc(-c2c(Nc3cc[nH]n3)nc3ccc(-c4cncn4C)cn23)n1,5.0,8.301029995663981,1,387.4110000000001
Cc1nc(N)nc(-c2c(Nc3cc[nH]n3)nc3ccc(-c4cncnc4)cn23)n1,2.0,8.698970004336019,1,385.3950000000001
Cc1nc(N)nc(-c2c(Nc3cc[nH]n3)nc3ccc(-c4cncnc4C)cn23)n1,3.0,8.522878745280337,1,399.42200000000014
Cc1nc(N)nc(-c2c(Nc3cc[nH]n3)nc3ccc(-c4cnn(C5CC5)c4)cn23)n1,2.0,8.698970004336019,1,413.4490000000002
Cc1nc(N)nc(-c2c(Nc3cc[nH]n3)nc3ccccn23)n1,12.0,7.920818753952375,1,307.321
Cc1nc(N)nc(-c2c(Nc3ccc4cccnc4c3)nc3ccccn23)n1,1.7,8.769551078621726,1,368.40400000000005
Cc1nc(N)nc(-c2c(Nc3ccc4ccncc4c3)nc3ccccn23)n1,12.0,7.920818753952375,1,368.40400000000005
Cc1nc(N)nc(-c2c(Nc3ccc4ncccc4c3)nc3ccccn23)n1,277.0,6.557520230935552,1,368.40400000000005
Cc1nc(N)nc(-c2c(Nc3cccc4[nH]ncc34)nc3ccccn23)n1,16.0,7.795880017344075,1,357.3810000000001
Cc1nc(N)nc(-c2c(Nc3ccn(C)n3)nc3ccc(-c4cncnc4)cn23)n1,76.0,7.119186407719209,1,399.4220000000001
Cc1nc(N)nc(-c2cc(-c3cnn(C)c3)cnc2Nc2cncc(F)c2)n1,10000.0,5.0,0,377.38700000000006
Cc1nc(N)nc(-c2cc(C(C)(C)O)cnc2Nc2cncc(F)c2)n1,2520.0,5.598599459218456,0,355.37700000000007
Cc1nc(N)nc(-c2cc(C(C)(C)O)cnc2Nc2cncc(S(=O)(=O)c3ccccc3)c2)n1,6910.0,5.1605219526258015,0,477.5500000000002
Cc1nc(N)nc(-c2cc(C(C)(C)O)cnc2Nc2cncc(S(C)(=O)=O)c2)n1,13000.0,4.886056647693163,0,415.47900000000016
Cc1nc(N)nc(-c2cc(C(C)N3CCN(C(=O)N(C)C)CC3)cnc2Nc2ccc3scnc3c2)n1,326.0,6.486782399932061,1,518.6510000000002
Cc1nc(N)nc(-c2cc(C(C)N3CCN(S(C)(=O)=O)CC3)cnc2Nc2ccc3scnc3c2)n1,202.0,6.694648630553377,1,525.6640000000002
Cc1nc(N)nc(-c2cc(C(C)N3CCOCC3)cnc2Nc2ccc3scnc3c2)n1,239.0,6.621602099051862,1,448.55600000000004
Cc1nc(N)nc(-c2cc(C(C)N3CCOCC3)cnc2Nc2cnc(Cl)c(NS(=O)(=O)N(C)C)c2)n1,700.0,6.154901959985743,1,549.061
Cc1nc(N)nc(-c2cc(C(C)N3CCOCC3)cnc2Nc2cnc(Cl)c(NS(C)(=O)=O)c2)n1,472.0,6.3260580013659125,1,520.019
Cc1nc(N)nc(-c2cc(C3CCOCC3)cnc2Nc2cnc(Cl)c(NS(C)(=O)=O)c2)n1,26.0,7.585026652029182,1,490.97700000000015
Cc1nc(N)nc(-c2cc(CN3CCN(C(=O)N(C)C)CC3)cnc2Nc2cnc(O)c(F)c2)n1,10000.0,5.0,0,482.52400000000017
Cc1nc(N)nc(-c2cc(CN3CCN(S(C)(=O)=O)CC3)cnc2Nc2cc(F)cc3[nH]ncc23)n1,10000.0,5.0,0,512.5750000000002
Cc1nc(N)nc(-c2cc(CN3CCN(S(C)(=O)=O)CC3)cnc2Nc2cc[nH]n2)n1,389.0,6.410050398674292,1,444.52500000000015
Cc1nc(N)nc(-c2cc(CN3CCN(S(C)(=O)=O)CC3)cnc2Nc2ccc(=O)[nH]c2)n1,10000.0,5.0,0,471.5470000000002
Cc1nc(N)nc(-c2cc(CN3CCN(S(C)(=O)=O)CC3)cnc2Nc2ccc(C(F)(F)F)nc2)n1,10000.0,5.0,0,523.5450000000002
Cc1nc(N)nc(-c2cc(CN3CCN(S(C)(=O)=O)CC3)cnc2Nc2ccc(Cl)nc2)n1,10000.0,5.0,0,489.99300000000017
Cc1nc(N)nc(-c2cc(CN3CCN(S(C)(=O)=O)CC3)cnc2Nc2ccc3[nH]cnc3c2)n1,501.0,6.300162274132754,1,494.5850000000002
Cc1nc(N)nc(-c2cc(CN3CCN(S(C)(=O)=O)CC3)cnc2Nc2ccc3ccncc3c2)n1,10000.0,5.0,0,505.60800000000023
Cc1nc(N)nc(-c2cc(CN3CCN(S(C)(=O)=O)CC3)cnc2Nc2ccc3ncoc3c2)n1,10000.0,5.0,0,495.56900000000024
Cc1nc(N)nc(-c2cc(CN3CCN(S(C)(=O)=O)CC3)cnc2Nc2ccc3ncsc3c2)n1,10000.0,5.0,0,511.6370000000002
Cc1nc(N)nc(-c2cc(CN3CCN(S(C)(=O)=O)CC3)cnc2Nc2ccc3ocnc3c2)n1,10000.0,5.0,0,495.56900000000024
Cc1nc(N)nc(-c2cc(CN3CCN(S(C)(=O)=O)CC3)cnc2Nc2ccc3scnc3c2)n1,849.0,6.071092309756048,1,511.6370000000002
Cc1nc(N)nc(-c2cc(CN3CCN(S(C)(=O)=O)CC3)cnc2Nc2cccc(O)c2)n1,178.0,6.749579997691106,1,470.5590000000002
Cc1nc(N)nc(-c2cc(CN3CCN(S(C)(=O)=O)CC3)cnc2Nc2cccc3[nH]ncc23)n1,10000.0,5.0,0,494.5850000000002
Cc1nc(N)nc(-c2cc(CN3CCN(S(C)(=O)=O)CC3)cnc2Nc2cn[nH]c2)n1,1749.0,5.757210190521324,0,444.52500000000015
Cc1nc(N)nc(-c2cc(CN3CCN(S(C)(=O)=O)CC3)cnc2Nc2cnc(O)c(F)c2)n1,10000.0,5.0,0,489.5370000000002
Cc1nc(N)nc(-c2cc(CN3CCN(S(C)(=O)=O)CC3)cnc2Nc2cnc3c(c2)ncn3C)n1,10000.0,5.0,0,509.60000000000025
Cc1nc(N)nc(-c2cc(CN3CCN(S(C)(=O)=O)CC3)cnc2Nc2cncc(F)c2)n1,10000.0,5.0,0,473.5380000000002
Cc1nc(N)nc(-c2cc(CN3CCN(S(C)(=O)=O)CC3)cnc2Nc2cncnc2)n1,10000.0,5.0,0,456.5360000000002
Cc1nc(N)nc(-c2cc(CN3CCN(S(C)(=O)=O)C[C@@H]3C)cnc2Nc2ccc(Cl)nc2)n1,10000.0,5.0,0,504.0200000000002
Cc1nc(N)nc(-c2cc(CN3CCNCC3)cnc2Nc2ccc3[nH]cnc3c2)n1,2213.0,5.655018586072742,0,416.49300000000005
Cc1nc(N)nc(-c2cc(CN3CCOCC3)cnc2Nc2ccc3scnc3c2)n1,1344.0,5.871600731282194,0,434.52900000000005
Cc1nc(N)nc(-c2cc(CN3CCOCC3)cnc2Nc2cnc(Cl)c(NS(C)(=O)=O)c2)n1,154.0,6.812479279163537,1,505.99200000000013
Cc1nc(N)nc(-c2cc(Cl)cnc2NC2CCOCC2)n1,10000.0,5.0,0,320.78400000000016
Cc1nc(N)nc(-c2cc(Cl)cnc2Nc2cnc(C)c(NS(C)(=O)=O)c2)n1,10000.0,5.0,0,420.88600000000014
Cc1nc(N)nc(-c2cc(Cl)cnc2Nc2cnc(Cl)c(NS(=O)(=O)N(C)C)c2)n1,163.0,6.787812395596042,1,470.3460000000002
Cc1nc(N)nc(-c2cc(Cl)cnc2Nc2cncc(F)c2)n1,10000.0,5.0,0,331.742
Cc1nc(N)nc(-c2cc(F)cnc2Nc2cncc(F)c2)n1,10000.0,5.0,0,315.28700000000003
Cc1nc(N)nc(-c2cc([C@@H](C)N3CCN(S(C)(=O)=O)CC3)cnc2Nc2cc(F)c3cccnc3c2)n1,10000.0,5.0,0,537.6250000000002
Cc1nc(N)nc(-c2cc([C@@H](C)N3CCN(S(C)(=O)=O)CC3)cnc2Nc2ccc(Cl)nc2)n1,2674.0,5.572838597074035,0,504.0200000000002
Cc1nc(N)nc(-c2cc([C@@H](C)N3CCN(S(C)(=O)=O)CC3)cnc2Nc2ccc3cccnc3c2)n1,127.0,6.896196279044043,1,519.6350000000002
Cc1nc(N)nc(-c2cc([C@@H](C)N3CCN(S(C)(=O)=O)C[C@@H]3C)cnc2Nc2ccc(Cl)nc2)n1,10000.0,5.0,0,518.0470000000003
Cc1nc(N)nc(-c2cc([C@@H](C)N3CCN(S(C)(=O)=O)C[C@@H]3C)cnc2Nc2ccc3scnc3c2)n1,252.0,6.598599459218456,1,539.6910000000001
Cc1nc(N)nc(-c2cc([C@@H](C)N3CCOCC3)cnc2Nc2cnc(Cl)c(NS(=O)(=O)N(C)C)c2)n1,315.0,6.501689446210399,1,549.061
Cc1nc(N)nc(-c2cc([C@@H](C)N3CCOCC3)cnc2Nc2cnc(Cl)c(NS(C)(=O)=O)c2)n1,322.0,6.492144128304169,1,520.019
Cc1nc(N)nc(-c2cc([C@H](C)N3CCOCC3)cnc2Nc2cnc(Cl)c(NS(=O)(=O)N(C)C)c2)n1,388.0,6.411168274405792,1,549.061
Cc1nc(N)nc(-c2cc([C@H](C)N3CCOCC3)cnc2Nc2cnc(Cl)c(NS(C)(=O)=O)c2)n1,339.0,6.4698003017969175,1,520.019
Cc1nc(N)nc(-c2cccnc2Nc2cc[nH]c(=O)c2)n1,10000.0,5.0,0,295.30600000000004
Cc1nc(N)nc(-c2cccnc2Nc2ccc(Cl)nc2)n1,10000.0,5.0,0,313.75200000000007
Cc1nc(N)nc(-c2cccnc2Nc2ccc(F)c(F)c2)n1,10000.0,5.0,0,314.29900000000004
Cc1nc(N)nc(-c2cccnc2Nc2ccc(N)nc2)n1,5953.0,5.225264117448247,0,294.322
Cc1nc(N)nc(-c2cccnc2Nc2ccc(NC(=O)NC(C)C)nc2)n1,10000.0,5.0,0,379.4280000000001
Cc1nc(N)nc(-c2cccnc2Nc2ccc(NC(=O)Nc3cccc(F)c3)nc2)n1,10000.0,5.0,0,431.4350000000001
Cc1nc(N)nc(-c2cccnc2Nc2ccc(NC(=O)Nc3ccccc3)nc2)n1,5320.0,5.274088367704952,0,413.4450000000001
Cc1nc(N)nc(-c2cccnc2Nc2ccc3c(c2)OC(F)(F)O3)n1,10000.0,5.0,0,358.30800000000005
Cc1nc(N)nc(-c2cccnc2Nc2ccc3oc(C)nc3c2)n1,10000.0,5.0,0,333.3550000000001
Cc1nc(N)nc(-c2cccnc2Nc2cccc(O)c2)n1,200.5,6.697885623043799,1,294.31800000000004
Cc1nc(N)nc(-c2cccnc2Nc2cccc(OC(F)F)c2)n1,10000.0,5.0,0,344.32500000000005
Cc1nc(N)nc(-c2cccnc2Nc2cccc3[nH]ccc23)n1,7178.0,5.143996546002779,0,317.35600000000005
Cc1nc(N)nc(-c2cccnc2Nc2cccc3[nH]ncc23)n1,30000.0,4.522878745280337,0,318.34400000000005
Cc1nc(N)nc(-c2cccnc2Nc2cnc(C)c(NS(C)(=O)=O)c2)n1,10000.0,5.0,0,386.4410000000001
Cc1nc(N)nc(-c2cccnc2Nc2cnc(Cl)c(N)c2)n1,471.0,6.326979092871103,1,328.76700000000005
Cc1nc(N)nc(-c2cccnc2Nc2cnc(Cl)c(NS(=O)(=O)C3CC3)c2)n1,345.0,6.462180904926726,1,432.89700000000016
Cc1nc(N)nc(-c2cccnc2Nc2cnc(Cl)c(NS(=O)(=O)N(C)C(C)C)c2)n1,420.0,6.376750709602099,1,463.95500000000015
Cc1nc(N)nc(-c2cccnc2Nc2cnc(Cl)c(NS(=O)(=O)N3CCOCC3)c2)n1,416.0,6.380906669373258,1,477.9380000000003
Cc1nc(N)nc(-c2cccnc2Nc2cnc(Cl)c(NS(=O)(=O)c3ccc(F)cc3)c2)n1,389.0,6.410050398674292,1,486.92000000000013
Cc1nc(N)nc(-c2cccnc2Nc2cnc(Cl)c(NS(C)(=O)=O)c2)n1,198.0,6.703334809738469,1,406.8590000000001
Cc1nc(N)nc(-n2c(NC3CCOCC3)nc3ccccc32)n1,15693.333333333334,4.804284800548265,0,325.376
Cc1nc(N)nc(-n2c(Nc3cc(O)cc(O)c3)nc3ccccc32)n1,34.06666666666667,7.4676703589209685,1,349.3540000000001
Cc1nc(N)nc(-n2c(Nc3cc[nH]n3)nc3cc(F)c(F)cc32)n1,136.33333333333334,6.865397946712321,1,343.3010000000001
Cc1nc(N)nc(-n2c(Nc3cc[nH]n3)nc3ccccc32)n1,123.75,6.907454792394394,1,307.3210000000001
Cc1nc(N)nc(-n2c(Nc3ccc4cc[nH]c4c3)nc3ccccc32)n1,376.0,6.424812155072339,1,356.3930000000001
Cc1nc(N)nc(-n2c(Nc3ccc4cn[nH]c4c3)nc3ccccc32)n1,549.0,6.260427655549908,1,357.3810000000001
Cc1nc(N)nc(-n2c(Nc3cccc(C(N)=O)c3)nc3ccccc32)n1,1421.6666666666667,5.84720221921612,0,360.3810000000001
Cc1nc(N)nc(-n2c(Nc3cccc(O)c3)nc3ccccc32)n1,55.333333333333336,7.257013166679608,1,333.3550000000001
Cc1nc(N)nc(-n2c(Nc3ccccc3)nc3ccccc32)n1,8536.666666666666,5.068711676251232,0,317.35600000000005
Cc1nc(N)nc(-n2c(Nc3ccn(C(F)F)n3)nc3ccccc32)n1,2536.6666666666665,5.59573659794909,0,357.3280000000001
Cc1nc(N)nc(-n2c(Nc3ccn(C)n3)nc3ccccc32)n1,2050.0,5.688246138944246,0,321.34800000000007
Cc1nc(N)nc(-n2c(Nc3ccnn3C)nc3ccccc32)n1,25180.0,4.598944274228156,0,321.34800000000007
Cc1nc(N)nc(-n2c(Nc3ccon3)nc3ccccc32)n1,1236.6666666666667,5.9077473451046165,0,308.30500000000006
Cc1nc(N)nc(-n2c(Nc3cn[nH]c3)nc3ccccc32)n1,1890.0,5.723538195826756,0,307.3210000000001
Cc1nc(N)nc(-n2c(Nc3n[nH]c4ccccc34)nc3ccccc32)n1,1503.3333333333333,5.822944712841702,0,357.3810000000001
Cc1nc(N)nc(-n2c(Nc3nc[nH]n3)nc3ccccc32)n1,20900.0,4.679853713888946,0,308.3090000000001
Cc1nc(N)ncc1-c1nc(N2CCOCC2)c2sc(C(C)(C)O)cc2n1,750.0,6.1249387366083,1,386.48100000000005
Cc1nc(N)ncc1-c1nc(N2CCOCC2)c2sc(CN3CCN(S(C)(=O)=O)CC3)cc2n1,880.0,6.055517327849832,1,504.6420000000003
Cc1nc(N)ncc1-c1nc(N2CCOCC2)nc(N2CCOCC2)n1,831.0,6.080398976215889,1,358.4060000000002
Cc1nc(NC(=O)N2CCC[C@H]2C(N)=O)sc1-c1ccc(-n2cccn2)cc1,9100.0,5.040958607678906,0,396.47600000000006
Cc1nc(NC(=O)N2CCC[C@H]2C(N)=O)sc1-c1ccnc(C(C)(C)C(F)(F)F)c1,4520.333333333333,5.34482953875286,0,441.4790000000001
Cc1nc(NC(=O)N2CCC[C@H]2C(N)=O)sc1-c1csc(C(C)(C)C)n1,5000.0,5.301029995663981,0,393.5380000000001
Cc1nc(NCC#N)nc(-n2c(Nc3cc[nH]n3)nc3ccccc32)n1,234.66666666666666,6.629548595577551,1,346.3580000000001
Cc1nc(NCC#N)nc(-n2c(Nc3cccc(O)c3)nc3ccccc32)n1,103.25,6.986109939671562,1,372.3920000000001
Cc1nc(NCCC#N)nc(-n2c(Nc3cc[nH]n3)nc3ccccc32)n1,480.6666666666667,6.318155994336252,1,360.3850000000001
Cc1nc(Nc2ccc(N3CCOCC3)nn2)cc(-c2c(Nc3cc[nH]n3)nc3cccnn23)n1,35.0,7.455931955649724,1,470.50100000000003
Cc1nc(Nc2cccnc2)cc(-c2c(Nc3cc[nH]n3)nc3cccnn23)n1,147.0,6.8326826652518236,1,384.40700000000004
Cc1nc(Nc2cccnn2)cc(-c2c(Nc3cc[nH]n3)nc3cccnn23)n1,24.0,7.619788758288394,1,385.39500000000004
Cc1nc(Nc2cnccn2)cc(-c2c(Nc3cc[nH]n3)nc3cccnn23)n1,6.0,8.221848749616356,1,385.39500000000004
Cc1nc(Nc2cnn(C3CCOC3)c2)cc(-c2c(Nc3cc[nH]n3)nc3cccnn23)n1,36.0,7.443697499232712,1,443.475
Cc1nc(Nc2ncc(C(=O)Nc3c(C)cccc3Cl)s2)cc(N2CCN(CCO)CC2)n1,15333.333333333334,4.814363423038088,0,488.01700000000034
Cc1nc([C@H]2COC(=O)N2c2ccn3ncc(-c4ccc(-c5nc[nH]n5)c(F)c4)c3n2)ccc1F,0.79,9.102372908709558,1,474.4310000000001
Cc1nc([C@H]2COC(=O)N2c2ccn3ncc(-c4ccc(-c5nc[nH]n5)c(F)c4)c3n2)cs1,6.5,8.187086643357144,1,462.4700000000001
Cc1nc([C@H]2COC(=O)N2c2ccn3ncc(-c4ccc(-c5nc[nH]n5)cc4)c3n2)ccc1F,2.0,8.698970004336019,1,456.4410000000001
Cc1nc2c(-c3cnc(N)nc3)nc(N3CCOCC3)nc2n1C(C)C,37.5,7.425968732272281,1,354.41800000000006
Cc1nc2ccc(-c3ccc4oc(N)nc4c3)nn2c1-c1ccncc1,1000.0,6.0,1,342.362
Cc1nc2ccc(-c3cncc(C(F)F)c3)cc2n2c(C3CCOCC3)nnc12,20000.0,4.698970004336019,0,395.4130000000002
Cc1nc2ccc(Br)cn2c1-c1cnc(Cl)c(NS(=O)(=O)c2ccc(F)cc2)c1,848.0,6.071604147743286,1,495.7610000000001
Cc1nc2cnc3cc(F)c(-c4cnc5[nH]ccc5c4)cc3c2n1-c1ccc(C(C)(C)C#N)cc1,45.2,7.3448615651886175,1,460.5160000000002
Cc1nc2cnc3ccc(-c4cc(C(F)(F)F)cc(C(F)(F)F)c4)cc3c2n1-c1ccc(F)cc1,1000.0,6.0,1,489.39400000000006
Cc1nc2cnc3ccc(-c4ccc(C#N)cc4)cc3c2n1-c1ccc(F)cc1,1000.0,6.0,1,378.4100000000001
Cc1nc2cnc3ccc(-c4ccc(C(F)(F)F)cc4)cc3c2n1-c1ccc(F)cc1,1000.0,6.0,1,421.39700000000005
Cc1nc2cnc3ccc(-c4ccc(Cl)cc4)cc3c2n1-c1ccc(F)cc1,1000.0,6.0,1,387.8450000000001
Cc1nc2cnc3ccc(-c4ccc(F)cc4)cc3c2n1-c1ccc(F)cc1,781.5,6.107071017644794,1,371.39000000000004
Cc1nc2cnc3ccc(-c4ccc(N)cc4)cc3c2n1-c1ccc(F)cc1,121.0,6.91721462968355,1,368.4150000000001
Cc1nc2cnc3ccc(-c4ccc(N)nc4)cc3c2n1-c1ccc(F)cc1,93.8,7.027797161620936,1,369.4030000000001
Cc1nc2cnc3ccc(-c4ccc(O)cc4)cc3c2n1-c1ccc(F)cc1,243.5,6.613501034449347,1,369.39900000000006
Cc1nc2cnc3ccc(-c4ccc5[nH]ccc5c4)cc3c2n1-c1ccc(F)cc1,49.3,7.30715308072277,1,392.4370000000001
Cc1nc2cnc3ccc(-c4ccc5ccccc5c4)cc3c2n1-c1ccc(F)cc1,189.7,6.721932669111338,1,403.4600000000001
Cc1nc2cnc3ccc(-c4cnc(N)nc4)cc3c2n1-c1ccc(F)cc1,62.1,7.20690839982342,1,370.3910000000001
Cc1nc2cnc3ccc(-c4cnc(N5CCOCC5)nc4)cc3c2n1-c1ccc(F)cc1,596.2,6.224608028303388,1,440.4820000000001
Cc1nc2cnc3ccc(-c4cnc5[nH]ccc5c4)cc3c2n1-c1ccc(C#N)cc1,123.1,6.909741947068683,1,400.44500000000016
Cc1nc2cnc3ccc(-c4cnc5[nH]ccc5c4)cc3c2n1-c1ccc(C(C)(C)C#N)cc1,29.1,7.536107011014093,1,442.52600000000024
Cc1nc2cnc3ccc(-c4cnc5[nH]ccc5c4)cc3c2n1-c1ccc(C(C)(C)C#N)nc1,21.3,7.671620396561262,1,443.51400000000024
Cc1nc2cnc3ccc(-c4cnc5[nH]ccc5c4)cc3c2n1-c1ccc(C(F)(F)F)cc1,109.3,6.961379838050298,1,443.43200000000013
Cc1nc2cnc3ccc(-c4cnc5[nH]ccc5c4)cc3c2n1-c1ccc(C(F)(F)F)nc1,159.2,6.79805693659835,1,444.42000000000013
Cc1nc2cnc3ccc(-c4cnc5[nH]ccc5c4)cc3c2n1-c1ccc(CC#N)cc1,84.9,7.071092309756048,1,414.4720000000002
Cc1nc2cnc3ccc(-c4cnc5[nH]ccc5c4)cc3c2n1-c1ccc(F)cc1,38.7,7.412289034981089,1,393.4250000000001
Cc1nc2cnc3ccc(-c4cnc5[nH]ccc5c4)cc3c2n1-c1ccc(F)nc1,76.4,7.11690664142431,1,394.4130000000001
Cc1nc2cnc3ccc(-c4cnc5[nH]ccc5c4)cc3c2n1-c1ccc(N2CCOCC2)cc1,114.5,6.941194513324093,1,460.54100000000034
Cc1nc2cnc3ccc(-c4cnc5[nH]ccc5c4)cc3c2n1-c1ccccc1,73.9,7.131355561605174,1,375.4350000000001
Cc1nc2cnc3ccc(-c4cnc5[nH]ccc5c4)cc3c2n1C,678.9,6.168194191325609,1,313.3640000000001
Cc1nc2cnc3ccc(-c4cnc5[nH]ccc5c4)cc3c2n1C1CC1,1000.0,6.0,1,339.40200000000016
Cc1nc2cnc3ccc(-c4cnc5[nH]ccc5c4)cc3c2n1CC1CCOC1,391.6,6.4071573168689,1,383.45500000000027
Cc1nc2cnc3ccc(-c4cnc5[nH]ccc5c4)cc3c2n1CC1CCOCC1,415.3,6.381638068890122,1,397.4820000000003
Cc1nc2cnc3ccc(-c4cnc5[nH]ccc5c4)cc3c2n1Cc1ccccc1,263.1,6.579879151914297,1,389.46200000000016
Cc1nc2cnc3ccc(-c4cnc5[nH]ccc5c4)cc3c2n1[C@@H](C)c1ccc(F)cc1,87.4,7.058488567365597,1,421.47900000000016
Cc1nc2cnc3ccc(-c4cnc5[nH]ccc5c4)cc3c2n1[C@@H](C)c1ccccc1,78.1,7.1073489661227,1,403.48900000000015
Cc1nc2cnc3ccc(-c4cnc5[nH]ccc5c4)cc3c2n1[C@H](C)c1ccc(F)cc1,90.2,7.044793462458058,1,421.47900000000016
Cc1nc2cnc3ccc(-c4cnc5[nH]ccc5c4)cc3c2n1[C@H](C)c1ccccc1,102.4,6.989700043360188,1,403.48900000000015
Cc1nc2cnc3ccc(-c4cnc5ccccc5c4)cc3c2n1-c1ccc(F)cc1,32.3,7.490797477668897,1,404.4480000000001
Cc1nc2cnc3ccc(-c4cnn(C)c4)cc3c2n1-c1ccc(F)cc1,1000.0,6.0,1,357.39200000000005
Cc1ncc(-c2cc(-c3cc(S(=O)(=O)NC4CC5(CC(O)C5)C4)ccc3C)cnc2N)s1,130.0,6.886056647693163,1,470.62000000000023
Cc1ncc(-c2cc(-c3cc(S(=O)(=O)NCC(C)(C)O)ccc3C)cnc2N)o1,6850.0,5.164309428507575,0,416.50300000000016
Cc1ncc(-c2cc(-c3cc(S(=O)(=O)NCC(C)(C)O)ccc3C)cnc2N)s1,7900.0,5.102372908709558,0,432.57100000000014
Cc1ncc(-c2cc(-c3cc(S(=O)(=O)NCCC(C)(C)O)ccc3C)cnc2N)o1,1600.0,5.795880017344075,0,430.53000000000014
Cc1ncc(-c2cc(-c3cc(S(=O)(=O)NCCC(C)(C)O)ccc3C)cnc2N)s1,2630.0,5.580044251510242,0,446.5980000000001
Cc1ncc(-c2cc(-c3cc(S(=O)(=O)NCCCO)ccc3C)cnc2N)s1,5900.0,5.229147988357856,0,418.5440000000001
Cc1ncc(-c2cc(-c3cc(S(=O)(=O)N[C@H]4CC[C@H](O)CC4)ccc3C)cnc2N)o1,7900.0,5.102372908709558,0,442.5410000000002
Cc1ncc(-c2cc(-c3cc(S(=O)(=O)N[C@H]4CC[C@H](O)CC4)ccc3C)cnc2N)s1,6500.0,5.187086643357144,0,458.6090000000002
Cc1ncc(-c2cc3c(-c4ccncc4)ncnc3s2)cc1NS(=O)(=O)c1ccc(F)cc1F,345.0,6.462180904926726,1,495.5360000000002
Cc1ncc(-c2cncc(-c3cc(S(=O)(=O)NCCCO)ccc3C)n2)s1,5250.0,5.279840696594043,0,404.51700000000017
Cc1ncc(-c2cncc(-c3cc(S(=O)(=O)N[C@H]4CC[C@H](O)CC4)ccc3C)n2)s1,4770.0,5.321481620959886,0,444.5820000000002
Cc1nccc(-c2c(Nc3cc[nH]n3)nc3cccnn23)n1,141.0,6.85078088734462,1,292.30600000000004
Cc1nccc(-c2ccc(C(=O)N(C)C)c(Cl)c2)c1C#Cc1ccc(N)nc1,1.0,9.0,1,390.87400000000014
Cc1nccc(-c2ccc(C(=O)N(C)C)cc2)c1C#Cc1ccc(N)nc1,3.0,8.522878745280337,1,356.4290000000001
Cc1nccc(-c2ccc(C(=O)N(C)C)nc2)c1C#Cc1ccc(N)nc1,9.0,8.045757490560675,1,357.4170000000001
Cc1nccc(-c2ccc(C(=O)N(C)C3CCCCC3)nc2)c1C#Cc1ccc(N)nc1,60.0,7.221848749616356,1,425.5360000000001
Cc1nccc(-c2ccc(C(=O)N(C)CCCN(C)C)nc2)c1C#Cc1ccc(N)nc1,105.0,6.978810700930062,1,428.54000000000013
Cc1nccc(-c2ccc(C(=O)N(C)CCN(C)C)nc2)c1C#Cc1ccc(N)nc1,35.0,7.455931955649724,1,414.5130000000001
Cc1nccc(-c2ccc(C(=O)N3CCCC3)c(Cl)c2)c1C#Cc1ccc(N)nc1,4.0,8.397940008672037,1,416.9120000000001
Cc1nccc(-c2ccc(C(=O)N3CCCCC3)nc2)c1C#Cc1ccc(N)nc1,21.0,7.6777807052660805,1,397.4820000000001
Cc1nccc(-c2ccc(C(=O)N3CCN(C)CC3)c(Cl)c2)c1C#Cc1ccc(N)nc1,2.0,8.698970004336019,1,445.9540000000002
Cc1nccc(-c2ccc(C(=O)N3CCN(C)CC3)c(F)c2)c1C#Cc1ccc(N)nc1,7.0,8.154901959985743,1,429.49900000000014
Cc1nccc(-c2ccc(C(=O)N3CCN(C)CC3)cc2)c1C#Cc1ccc(N)nc1,7.0,8.154901959985743,1,411.5090000000001
Cc1nccc(-c2ccc(C(=O)N3CCN(C)CC3)nc2)c1C#Cc1ccc(N)nc1,28.0,7.552841968657781,1,412.4970000000001
Cc1nccc(-c2ccc(C(=O)N3CCN(C4CC4)CC3)c(Cl)c2)c1C#Cc1ccc(N)nc1,0.66,9.18045606445813,1,471.9920000000002
Cc1nccc(-c2ccc(C(=O)N3CCN(C4CC4)CC3)c(F)c2)c1C#Cc1ccc(N)nc1,2.0,8.698970004336019,1,455.5370000000002
Cc1nccc(-c2ccc(C(=O)N3CCN(C4CC4)CC3)cc2)c1C#Cc1ccc(N)nc1,8.0,8.096910013008056,1,437.5470000000002
Cc1nccc(-c2ccc(C(=O)N3CCN(C4CCCC4)CC3)c(Cl)c2)c1C#Cc1ccc(N)nc1,4.0,8.397940008672037,1,500.0460000000003
Cc1nccc(-c2ccc(C(=O)N3CCN(C4CCCC4)CC3)c(F)c2)c1C#Cc1ccc(N)nc1,5.0,8.301029995663981,1,483.5910000000003
Cc1nccc(-c2ccc(C(=O)N3CCOCC3)c(Cl)c2)c1C#Cc1ccc(N)nc1,3.0,8.522878745280337,1,432.91100000000006
Cc1nccc(-c2ccc(C(=O)N3CCOCC3)cc2)c1C#Cc1ccc(N)nc1,7.0,8.154901959985743,1,398.46600000000007
Cc1nccc(-c2ccc(C(=O)N3CCOCC3)nc2)c1C#Cc1ccc(N)nc1,17.0,7.769551078621726,1,399.45400000000006
Cc1nccc(-c2ccc(C(F)(F)F)nc2)c1C#Cc1ccc(N)nc1,27.0,7.568636235841013,1,354.33500000000004
Cc1nccc(-c2ccc(C3CC3)nc2)c1C#Cc1ccc(N)nc1,37.0,7.431798275933005,1,326.403
Cc1nccc(-c2ccc(Cl)c(C(=O)N(C)C)c2)c1C#Cc1ccc(N)nc1,5.0,8.301029995663981,1,390.87400000000014
Cc1nccc(-c2ccc(Cl)c(C(=O)N(C)CCCN(C)C)c2)c1C#Cc1ccc(N)nc1,19.0,7.721246399047171,1,461.99700000000024
Cc1nccc(-c2ccc(F)c(C(=O)N(C)C)c2)c1C#Cc1ccc(N)nc1,12.0,7.920818753952375,1,374.4190000000001
Cc1nccc(-c2ccc(F)c(C(=O)N(C)C3CCN(C(C)O)CC3)c2)c1C#Cc1ccc(N)nc1,23.0,7.638272163982407,1,487.5790000000003
Cc1nccc(-c2ccc(F)c(C(=O)N(C)C3CCN(C)C3)c2)c1C#Cc1ccc(N)nc1,37.0,7.431798275933005,1,443.52600000000024
Cc1nccc(-c2ccc(F)c(C(=O)N(C)CC3CCN(C)CC3)c2)c1C#Cc1ccc(N)nc1,69.0,7.161150909262744,1,471.5800000000003
Cc1nccc(-c2ccc(F)c(C(=O)N(C)CCCO)c2)c1C#Cc1ccc(N)nc1,3.0,8.522878745280337,1,418.47200000000015
Cc1nccc(-c2ccc(F)c(C(=O)N(C)CCN(C)C)c2)c1C#Cc1ccc(N)nc1,20.0,7.698970004336019,1,431.51500000000016
Cc1nccc(-c2ccc(F)c(C(=O)N(C)CCO)c2)c1C#Cc1ccc(N)nc1,3.0,8.522878745280337,1,404.4450000000001
Cc1nccc(-c2ccc(F)c(C(=O)N3CCOCC3)c2)c1C#Cc1ccc(N)nc1,26.0,7.585026652029182,1,416.4560000000002
Cc1nccc(-c2cn[nH]c2)c1C#Cc1ccc(N)nc1,97.0,7.013228265733755,1,275.315
Cc1nccc(-c2cnn(C)c2)c1C#Cc1ccc(N)nc1,95.0,7.022276394711152,1,289.342
Cc1nccc(-n2c(Nc3cccc(O)c3)nc3ccccc32)n1,3290.0,5.482804102050026,0,317.35200000000003
Cc1nccn1-c1nc(-c2cccc(O)c2)nc(N2CCOCC2)n1,95.0,7.022276394711152,1,338.3710000000002
Cc1nccn1-c1nc(-c2cnc(N)nc2)nc(N2CCOCC2)n1,420.0,6.376750709602099,1,339.3630000000002
Cc1nccn1C1CN(c2cnc3ccc(-c4ccc5oc(N)nc5c4)cc3n2)C1,10000.0,5.0,0,397.44200000000023
Cc1nccn1C1CN(c2cnc3ccc(-c4ccc5oc(N)nc5c4)nc3c2)C1,10000.0,5.0,0,397.44200000000023
Cc1nccn1C1CN(c2cnc3ccc(-c4ccc5oc(N)nc5c4)nc3n2)C1,10000.0,5.0,0,398.43000000000023
Cc1nccn1CCn1nc(-c2cc3cc(O)ccc3[nH]2)c2c(N)ncnc21,100.0,7.0,1,374.40800000000013
Cc1ncnc(-c2cc(Cl)cc(C(=O)N(C)C)c2)c1C#Cc1ccc(N)nc1,24.0,7.619788758288394,1,391.86200000000014
Cc1ncnc(-c2ccc(C(=O)N(C)C)c(F)c2)c1C#Cc1ccc(N)nc1,2.0,8.698970004336019,1,375.4070000000001
Cc1ncnc(-c2ccc(C(=O)N(C)C)cc2)c1C#Cc1ccc(N)nc1,5.0,8.301029995663981,1,357.4170000000001
Cc1ncnc(-c2ccc(C(=O)N3CC(O)CO3)c(Cl)c2)c1C#Cc1ccc(N)nc1,9.0,8.045757490560675,1,435.8710000000001
Cc1ncnc(-c2ccc(C(=O)N3CC(O)CO3)c(F)c2)c1C#Cc1ccc(N)nc1,8.0,8.096910013008056,1,419.4160000000001
Cc1ncnc(-c2ccc(C(=O)N3CCCCO3)c(Cl)c2)c1C#Cc1ccc(N)nc1,22.0,7.657577319177793,1,433.8990000000001
Cc1ncnc(-c2ccc(C(=O)N3CCCCO3)c(F)c2)c1C#Cc1ccc(N)nc1,17.0,7.769551078621726,1,417.4440000000001
Cc1ncnc(-c2ccc(C(=O)N3CCCO3)c(Cl)c2)c1C#Cc1ccc(N)nc1,15.0,7.823908740944319,1,419.87200000000007
Cc1ncnc(-c2ccc(C(=O)N3CCCO3)c(F)c2)c1C#Cc1ccc(N)nc1,10.0,8.0,1,403.4170000000001
Cc1ncnc(-c2ccc(C(=O)N3CCN(C4CCCC4)CC3)cc2)c1C#Cc1ccc(N)nc1,4.0,8.397940008672037,1,466.5890000000003
Cc1ncnc(-c2ccc(C(=O)N3CCN(C4CCOCC4)CC3)cc2)c1C#Cc1ccc(N)nc1,3.0,8.522878745280337,1,482.5880000000003
Cc1ncnc(-c2ccc(C(=O)N3CCN(C4CCS(=O)(=O)C4)CC3)cc2)c1C#Cc1ccc(N)nc1,4.0,8.397940008672037,1,516.6270000000003
Cc1ncnc(-c2ccc(C(=O)N3CCN(CCO)CC3)cc2)c1C#Cc1ccc(N)nc1,3.0,8.522878745280337,1,442.5230000000002
Cc1ncnc(-c2ccc(C(=O)N3CCN(c4ccccc4)CC3)cc2)c1C#Cc1ccc(N)nc1,4.0,8.397940008672037,1,474.5680000000002
Cc1ncnc(-c2ccc(C(=O)N3CCN4CCCCC4C3)cc2)c1C#Cc1ccc(N)nc1,17.0,7.769551078621726,1,452.5620000000002
Cc1ncnc(-c2ccc(C(C)(C)C#N)cc2)c1C#Cc1ccc(N)nc1,24.0,7.619788758288394,1,353.4290000000001
Cc1ncnc(-c2ccc(C(F)(F)F)nc2)c1C#Cc1ccc(N)nc1,44.0,7.356547323513812,1,355.32300000000004
Cc1ncnc(-c2ccc(C3CC3)nc2)c1C#Cc1ccc(N)nc1,57.0,7.2441251443275085,1,327.391
Cc1ncnc(-c2ccc(Cl)c(C(=O)N3CCCCC3)c2)c1C#Cc1ccc(N)nc1,13.0,7.886056647693163,1,431.92700000000025
Cc1ncnc(-c2ccc(Cl)c(C(=O)N3CCOCC3)c2)c1C#Cc1ccc(N)nc1,4.0,8.397940008672037,1,433.8990000000002
Cc1ncnc(-c2ccc(F)c(C(=O)N(C)C)c2)c1C#Cc1ccc(N)nc1,6.0,8.221848749616356,1,375.4070000000001
Cc1ncnc(-c2ccc(F)c(C(=O)N3CCCCC3)c2)c1C#Cc1ccc(N)nc1,14.0,7.853871964321762,1,415.47200000000015
Cc1ncnc(-c2ccc(F)c(C(=O)N3CCOCC3)c2)c1C#Cc1ccc(N)nc1,13.0,7.886056647693163,1,417.4440000000002
Cc1ncnc(-c2ccc(N3CCCCC3)nc2)c1C#Cc1ccc(N)nc1,163.0,6.787812395596042,1,370.46000000000004
Cc1ncnc(-c2ccc(S(C)(=O)=O)cc2)c1C#Cc1ccc(N)nc1,8.0,8.096910013008056,1,364.4300000000001
Cc1ncnc(-c2cccc(C(=O)N(C)C)c2)c1C#Cc1ccc(N)nc1,17.0,7.769551078621726,1,357.4170000000001
Cc1ncnc(-c2cccc(C(=O)N3CCOCC3)c2)c1C#Cc1ccc(N)nc1,90.0,7.045757490560675,1,399.4540000000001
Cc1ncnc(-c2ccccc2)c1C#Cc1ccc(N)nc1,30.0,7.522878745280337,1,286.338
Cc1ncnc(-c2cnc3ccccc3c2)c1C#Cc1ccc(N)nc1,76.0,7.119186407719209,1,337.3860000000001
Cc1ncnc(-n2c(Nc3cccc(O)c3)nc3ccccc32)n1,7.0,8.154901959985743,1,318.34000000000003
Cc1ncnc(N2CCC(=O)CC2)c1C#Cc1ccc(N)nc1,60.0,7.221848749616356,1,307.357
Cc1ncnc(N2CCC(CC(=O)N(C)C)CC2)c1C#Cc1ccc(N)nc1,45.0,7.346787486224656,1,378.48000000000013
Cc1ncnc(N2CCC(CC(=O)N(C)CCN(C)C)CC2)c1C#Cc1ccc(N)nc1,457.0,6.34008379993015,1,435.57600000000025
Cc1ncnc(N2CCC(CC(=O)N3CCN(C)CC3)CC2)c1C#Cc1ccc(N)nc1,366.0,6.436518914605589,1,433.5600000000003
Cc1ncnc(N2CCC(CC(=O)N3CCOCC3)CC2)c1C#Cc1ccc(N)nc1,59.0,7.229147988357855,1,420.5170000000002
Cc1ncnc(N2CCC(CC(=O)NCCN(C)C)CC2)c1C#Cc1ccc(N)nc1,261.0,6.583359492661719,1,421.54900000000026
Cc1ncnc(N2CCC(CC(C)(C)O)CC2)c1C#Cc1ccc(N)nc1,18.0,7.7447274948966935,1,365.4810000000001
Cc1ncnc(N2CCC(CCO)CC2)c1C#Cc1ccc(N)nc1,9.0,8.045757490560675,1,337.427
Cc1ncnc(N2CCC(CNC(=O)C3CCCCC3)CC2)c1C#Cc1ccc(N)nc1,78.0,7.107905397309519,1,432.5720000000003
Cc1ncnc(N2CCC(CNC(=O)CC(C)C)CC2)c1C#Cc1ccc(N)nc1,237.0,6.6252516539898965,1,406.5340000000002
Cc1ncnc(N2CCC(CNC(=O)CC3CCCC3)CC2)c1C#Cc1ccc(N)nc1,16.0,7.795880017344075,1,432.5720000000003
Cc1ncnc(N2CCC(CNC(=O)CN(C)C)CC2)c1C#Cc1ccc(N)nc1,457.0,6.34008379993015,1,407.5220000000002
Cc1ncnc(N2CCC(O)(C(C)C)CC2)c1C#Cc1ccc(N)nc1,5.0,8.301029995663981,1,351.45400000000006
Cc1ncnc(N2CCC(O)(C(F)(F)F)CC2)c1C#Cc1ccc(N)nc1,3.0,8.522878745280337,1,377.3700000000001
Cc1ncnc(N2CCC(O)(C3CCCCC3)CC2)c1C#Cc1ccc(N)nc1,30.0,7.522878745280337,1,391.5190000000001
Cc1ncnc(N2CCC(O)(Cc3ccccc3)CC2)c1C#Cc1ccc(N)nc1,50.0,7.301029995663981,1,399.4980000000002
Cc1ncnc(N2CCC(O)(c3ccccc3)CC2)c1C#Cc1ccc(N)nc1,23.0,7.638272163982407,1,385.4710000000002
Cc1ncnc(N2CCC(O)C(C)C2)c1C#Cc1ccc(N)nc1,43.0,7.366531544420414,1,323.40000000000003
Cc1ncnc(N2CCC3(CC2)OCCCO3)c1C#Cc1ccc(N)nc1,6.0,8.221848749616356,1,365.43700000000007
Cc1ncnc(N2CCC3(CC2)OCCO3)c1C#Cc1ccc(N)nc1,10.0,8.0,1,351.41
Cc1ncnc(N2CCC3(CCN(C)C3=O)CC2)c1C#Cc1ccc(N)nc1,10.0,8.0,1,376.4640000000001
Cc1ncnc(N2CCC3(CCN(C)CC3)CC2)c1C#Cc1ccc(N)nc1,25.0,7.6020599913279625,1,376.5080000000001
Cc1ncnc(N2CCC3(CCNC3=O)CC2)c1C#Cc1ccc(N)nc1,19.0,7.721246399047171,1,362.43700000000007
Cc1ncnc(N2CCCOCC2)c1C#Cc1ccc(N)nc1,72.0,7.142667503568732,1,309.373
Cc1ncnc(N2CCN(C(=O)C3CCC3)CC2)c1C#Cc1ccc(N)nc1,64.0,7.1938200260161125,1,376.46400000000006
Cc1ncnc(N2CCN(C(=O)c3ccno3)CC2)c1C#Cc1ccc(N)nc1,55.0,7.259637310505756,1,389.41900000000015
Cc1ncnc(N2CCN(C)CC2)c1C#Cc1ccc(N)nc1,56.0,7.251811972993799,1,308.389
Cc1ncnc(N2CCN(C3CC3)CC2)c1C#Cc1ccc(N)nc1,10.0,8.0,1,334.42699999999996
Cc1ncnc(N2CCN(CC(C)(C)O)CC2)c1C#Cc1ccc(N)nc1,18.0,7.7447274948966935,1,366.46900000000005
Cc1ncnc(N2CCNC(=O)CC2)c1C#Cc1ccc(N)nc1,41.0,7.3872161432802645,1,322.372
Cc1ncnc(N2CCOC(C)(C)C2)c1C#Cc1ccc(N)nc1,105.0,6.978810700930062,1,323.40000000000003
Cc1ncnc(N2CCOCC2)c1C#Cc1ccc(N)nc1,38.0,7.42021640338319,1,295.346
Cc1ncnc(N2CC[S+]([O-])CC2)c1C#Cc1ccc(N)nc1,83.0,7.080921907623926,1,327.413
Cc1ncnc(N2CCn3c(C)cnc3C2)c1C#Cc1ccc(N)nc1,97.0,7.013228265733755,1,345.41
Cc1ncnc(N2C[C@@H](C)O[C@@H](C)C2)c1C#Cc1ccc(N)nc1,11.0,7.958607314841775,1,323.40000000000003
Cc1nn(-c2ccccc2)nc1Cn1nc(-c2ccc(F)c(O)c2)c2c(N)ncnc21,50000.0,4.301029995663981,0,416.42000000000013
Cc1nn(C)c(C)c1-c1nc(N2CCOC[C@@H]2C)c2ccc(-c3cccc(CO)c3)nc2n1,86.0,7.0655015487564325,1,444.53900000000016
Cc1nnc(-c2cc(-c3cc(S(=O)(=O)NCCC(C)(C)O)ccc3C)cnc2N)o1,10000.0,5.0,0,431.5180000000002
Cc1nnc(-c2ccc(-c3cnn4ccc(N5C(=O)OC[C@@H]5C(C)C)nc34)cc2)[nH]1,6.1,8.214670164989233,1,403.44600000000014
Cc1nnc(-c2cccc(-c3cnn4ccc(NCCN)nc34)c2)o1,3000.0,5.522878745280337,0,335.3710000000001
Cc1noc(-c2cc(-c3cc(S(=O)(=O)N4CC(CO)C4)ccc3C)cnc2N)n1,10000.0,5.0,0,415.4750000000002
Cc1noc(-c2cc(-c3cc(S(=O)(=O)NC4CC(O)C4)ccc3C)cnc2N)n1,10000.0,5.0,0,415.47500000000014
Cc1noc(-c2cc(-c3cc(S(=O)(=O)NC4CC5(CC(O)C5)C4)ccc3C)cnc2N)n1,10000.0,5.0,0,455.54000000000025
Cc1noc(-c2cc(-c3cc(S(=O)(=O)NC4CCOCC4)ccc3C)cnc2N)n1,8100.0,5.0915149811213505,0,429.50200000000024
Cc1noc(-c2cc(-c3cc(S(=O)(=O)NCC(C)(C)CO)ccc3C)cnc2N)n1,10000.0,5.0,0,431.5180000000002
Cc1noc(-c2cc(-c3cc(S(=O)(=O)NCC(C)(C)O)ccc3C)cnc2N)n1,4200.0,5.376750709602099,0,417.49100000000016
Cc1noc(-c2cc(-c3cc(S(=O)(=O)NCC(C)O)ccc3C)cnc2N)n1,10000.0,5.0,0,403.4640000000001
Cc1noc(-c2cc(-c3cc(S(=O)(=O)NCC4(C)COC4)ccc3C)cnc2N)n1,10000.0,5.0,0,429.50200000000024
Cc1noc(-c2cc(-c3cc(S(=O)(=O)NCC4(CO)CCC4)ccc3C)cnc2N)n1,10000.0,5.0,0,443.5290000000003
Cc1noc(-c2cc(-c3cc(S(=O)(=O)NCC4(CO)CCCC4)ccc3C)cnc2N)n1,10000.0,5.0,0,457.5560000000003
Cc1noc(-c2cc(-c3cc(S(=O)(=O)NCC4(O)CCC4)ccc3C)cnc2N)n1,10000.0,5.0,0,429.50200000000024
Cc1noc(-c2cc(-c3cc(S(=O)(=O)NCC4CCCO4)ccc3C)cnc2N)n1,2400.0,5.619788758288394,0,429.50200000000024
Cc1noc(-c2cc(-c3cc(S(=O)(=O)NCC4CCOC4)ccc3C)cnc2N)n1,10000.0,5.0,0,429.50200000000024
Cc1noc(-c2cc(-c3cc(S(=O)(=O)NCCC(C)(C)O)ccc3C)cnc2N)n1,6500.0,5.187086643357144,0,431.51800000000014
Cc1noc(-c2cc(-c3cc(S(=O)(=O)NCCC(F)(F)F)ccc3C)cnc2N)n1,10000.0,5.0,0,441.43500000000006
Cc1noc(-c2cc(-c3cc(S(=O)(=O)NCCC4(O)CCCC4)ccc3C)cnc2N)n1,10000.0,5.0,0,457.55600000000027
Cc1noc(-c2cc(-c3cc(S(=O)(=O)NCCN)ccc3C)cnc2N)n1,10000.0,5.0,0,388.4530000000001
Cc1noc(-c2cc(-c3cc(S(=O)(=O)NOC(C)(C)C)ccc3C)cnc2N)n1,4000.0,5.3979400086720375,0,417.49100000000016
Cc1noc(-c2cc(-c3cc(S(=O)(=O)NOC(C)C)ccc3C)cnc2N)n1,9100.0,5.040958607678906,0,403.46400000000017
Cc1noc(-c2cc(-c3cc(S(=O)(=O)NOCC(C)(C)O)ccc3C)cnc2N)n1,10000.0,5.0,0,433.4900000000002
Cc1noc(-c2cc(-c3cc(S(=O)(=O)N[C@@H]4CCNC(=O)C4)ccc3C)cnc2N)n1,10000.0,5.0,0,442.5010000000002
Cc1noc(-c2cc(-c3cc(S(=O)(=O)N[C@H]4CC5(C[C@@H](O)C5)C4)ccc3C)cnc2N)n1,4590.0,5.338187314462739,0,455.54000000000025
Cc1noc(-c2cc(-c3cc(S(=O)(=O)N[C@H]4CC[C@H](CO)CC4)ccc3C)cnc2N)n1,10000.0,5.0,0,457.55600000000027
Cc1noc(-c2cc(-c3cc(S(=O)(=O)N[C@H]4CC[C@H](O)CC4)ccc3C)cnc2N)n1,10000.0,5.0,0,443.5290000000002
Cc1noc(-c2cc(-c3cc(S(=O)(=O)N[C@H]4C[C@@H](O)C4)ccc3C)cnc2N)n1,10000.0,5.0,0,415.47500000000014
Cc1noc(-c2cc(-c3cc(S(N)(=O)=O)ccc3C)cnc2N)n1,8200.0,5.086186147616283,0,345.38400000000007
Cc1noc(C)c1-c1ccc2c(N3CCOC[C@@H]3C)nc(N3CCOC[C@@H]3C)nc2n1,370.0,6.431798275933005,1,424.50500000000017
Cc1noc(C)c1-c1ccc2ncc3nc(C)n(-c4ccc(F)cc4)c3c2c1,1000.0,6.0,1,372.4030000000001
Clc1ccc(Nc2nccc(-c3ccnc(N4CCOCC4)c3)n2)cc1,20000.0,4.698970004336019,0,367.8400000000002
Clc1cccc(Nc2nc(N3CCOCC3)nc(-n3cccn3)n2)c1,570.0,6.2441251443275085,1,357.80499999999995
Clc1cccc(Nc2nccc(-c3ccnc(N4CCOCC4)c3)n2)c1,20000.0,4.698970004336019,0,367.8400000000002
Cn1c(-c2ccccc2)c(/C=C2\Oc3cc(O)cc(O)c3C2=O)c2ccccc21,96.0,7.017728766960431,1,383.4030000000001
Cn1c(=O)c2c(ncn2C)n(C)c1=O,400000.0,3.3979400086720375,0,194.194
Cn1c(=O)c2cnc3ccc(-c4ccc(N)nc4)nc3c2n(-c2cccc(C(F)(F)F)c2)c1=O,5.4,8.267606240177031,1,464.40700000000015
Cn1c(=O)n(-c2ccc(C(C)(C)C#N)cc2)c2c3cc(-c4ccc5oc(N)nc5c4)ccc3ncc21,100.0,7.0,1,474.5240000000002
Cn1c(=O)n(-c2ccc(C(C)(C)C#N)cc2)c2c3cc(-c4cnc5ccccc5c4)ccc3ncc21,18.914516129032258,7.723204764346344,1,469.5480000000002
Cn1c(=O)n(-c2ccc(C(C)(C)C#N)cc2)c2c3ccccc3ncc21,1622.0,5.789949150124863,0,342.40200000000004
Cn1c(=O)n(-c2ccc(C3(C#N)CC3)cc2)c2c3cc(-c4cnc5ccccc5c4)ccc3ncc21,2.0,8.698970004336019,1,467.53200000000015
Cn1c(=O)n(C(C)(C)C#N)c2c3cc(-c4cnc5ccccc5c4)ccc3ncc21,20.0,7.698970004336019,1,393.4500000000001
Cn1c(=O)n(C2CC2)c2c3cc(-c4cnc(N)nc4)ccc3ncc21,287.0,6.542118103266008,1,332.3670000000001
Cn1c(=O)n(C2CC2)c2c3cc(-c4cnc5[nH]ccc5c4)ccc3ncc21,15.5,7.809668301829708,1,355.4010000000001
Cn1c(=O)n(C2CCC2)c2c3cc(-c4ccc(OCCCN5CCCC5)nc4)ccc3ncc21,7290.0,5.137272471682025,0,457.5780000000003
Cn1c(=O)n(C2CCC2)c2c3cc(-c4ccc(OCCCN5CCCCC5)nc4)ccc3ncc21,5770.0,5.238824186844268,0,471.60500000000036
Cn1c(=O)n(C2CCCC2)c2cc(Nc3ccc(C#N)cc3)ncc21,100000.0,4.0,0,333.39500000000004
Cn1c(=O)n(C2CCCC2)c2cc(Nc3ccc(C(C)(C)C#N)cc3)ncc21,100000.0,4.0,0,375.4760000000001
Cn1c(=O)n(C2CCCC2)c2cc(Nc3ccc(C(F)(F)F)cc3)ncc21,100000.0,4.0,0,376.382
Cn1c(=O)n(C2CCCC2)c2cc(Nc3ccc(Cl)cc3)ncc21,100000.0,4.0,0,342.83000000000004
Cn1c(=O)n(C2CCCC2)c2cc(Nc3ccc(N)cc3)ncc21,96600.0,4.015022873584507,0,323.40000000000003
Cn1c(=O)n(C2CCCC2)c2cc(Nc3ccc(O)cc3)ncc21,21300.0,4.671620396561262,0,324.384
Cn1c(=O)n(C2CCCC2)c2cc(Nc3ccc(OCc4ccccc4)cc3)ncc21,100000.0,4.0,0,414.5090000000001
Cn1c(=O)n(C2CCCC2)c2cc(Nc3ccc(S(C)(=O)=O)cc3)ncc21,100000.0,4.0,0,386.4770000000001
Cn1c(=O)n(C2CCCC2)c2cc(Nc3ccc([N+](=O)[O-])cc3)ncc21,100000.0,4.0,0,353.38200000000006
Cn1c(=O)n(C2CCCC2)c2cc(Nc3cccc(C#N)c3)ncc21,100000.0,4.0,0,333.39500000000004
Cn1c(=O)n(C2CCCC2)c2cc(Nc3cccc(C(F)(F)F)c3)ncc21,100000.0,4.0,0,376.382
Cn1c(=O)n(C2CCCC2)c2cc(Nc3cccc(Cl)c3)ncc21,100000.0,4.0,0,342.83000000000004
Cn1c(=O)n(C2CCCC2)c2cc(Nc3cccc(N)c3)ncc21,100000.0,4.0,0,323.40000000000003
Cn1c(=O)n(C2CCCC2)c2cc(Nc3cccc(O)c3)ncc21,92500.0,4.0338582672609675,0,324.384
Cn1c(=O)n(C2CCCC2)c2cc(Nc3cccc(OCc4ccccc4)c3)ncc21,100000.0,4.0,0,414.5090000000001
Cn1c(=O)n(C2CCCC2)c2cc(Nc3cccc(S(C)(=O)=O)c3)ncc21,60200.0,4.220403508742176,0,386.4770000000001
Cn1c(=O)n(C2CCCC2)c2cc(Nc3cccc([N+](=O)[O-])c3)ncc21,52800.0,4.277366077466188,0,353.38200000000006
Cn1c(=O)n(C2CCCC2)c2cc(Nc3ccccc3)ncc21,100000.0,4.0,0,308.38500000000005
Cn1c(=O)n(C2CCCC2)c2cc(Nc3ccccc3C#N)ncc21,100000.0,4.0,0,333.3950000000001
Cn1c(=O)n(C2CCCC2)c2cc(Nc3ccccc3C(F)(F)F)ncc21,100000.0,4.0,0,376.38200000000006
Cn1c(=O)n(C2CCCC2)c2cc(Nc3ccccc3Cl)ncc21,100000.0,4.0,0,342.83000000000004
Cn1c(=O)n(C2CCCC2)c2cc(Nc3ccccc3N)ncc21,100000.0,4.0,0,323.4000000000001
Cn1c(=O)n(C2CCCC2)c2cc(Nc3ccccc3O)ncc21,100000.0,4.0,0,324.38400000000007
Cn1c(=O)n(C2CCCC2)c2cc(Nc3ccccc3OCc3ccccc3)ncc21,100000.0,4.0,0,414.5090000000002
Cn1c(=O)n(C2CCCC2)c2cc(Nc3ccccc3S(C)(=O)=O)ncc21,100000.0,4.0,0,386.47700000000015
Cn1c(=O)n(C2CCCC2)c2cc(Nc3ccccc3[N+](=O)[O-])ncc21,100000.0,4.0,0,353.3820000000001
Cn1c(=O)n(C2CCOCC2)c2c3cc(-c4ccc(OCCCN5CCC5)nc4)ccc3ncc21,1270.0,5.896196279044043,0,473.57700000000034
Cn1c(=O)n(C2CCOCC2)c2c3cc(-c4ccc(OCCCN5CCCC5)nc4)ccc3ncc21,1570.0,5.804100347590766,0,487.6040000000004
Cn1c(=O)n(C2CCOCC2)c2c3cc(-c4ccc(OCCCN5CCCCC5)nc4)c(F)cc3ncc21,29300.0,4.533132379645891,0,519.6210000000004
Cn1c(=O)n(C2CCOCC2)c2c3cc(-c4ccc(OCCCN5CCCCC5)nc4)ccc3ncc21,12400.0,4.906578314837765,0,501.6310000000004
Cn1c(=O)n(C2CCOCC2)c2c3cc(-c4cnc(N)nc4)ccc3ncc21,41.4,7.382999658879101,1,376.4200000000001
Cn1c(=O)n(C2CCOCC2)c2c3cc(-c4cnn(CCCO)c4)ccc3ncc21,2310.0,5.636388020107856,0,407.47400000000016
Cn1c(=O)n(C2CNC2)c2c3cc(-c4cnc5[nH]ccc5c4)ccc3ncc21,177.0,6.752026733638194,1,370.4160000000001
Cn1c(=O)n(C2COC2)c2c3cc(-c4ccc(OCCCN5CCCCC5)nc4)ccc3ncc21,12400.0,4.906578314837765,0,473.57700000000034
Cn1c(=O)n([C@@H]2CCCOC2)c2c3cc(-c4ccc(OCCCN5CCC5)nc4)ccc3ncc21,932.5,6.030351159519275,1,473.57700000000034
Cn1c(=O)n([C@@H]2CCCOC2)c2c3cc(-c4ccc(OCCCN5CCCC5)nc4)c(F)cc3ncc21,9430.0,5.0254883072626715,0,505.5940000000004
Cn1c(=O)n([C@@H]2CCCOC2)c2c3cc(-c4ccc(OCCCN5CCCC5)nc4)ccc3ncc21,610.0,6.214670164989233,1,487.6040000000004
Cn1c(=O)n([C@@H]2CCCOC2)c2c3cc(-c4ccc(OCCCN5CCCCC5)nc4)ccc3ncc21,6100.0,5.214670164989233,0,501.6310000000004
Cn1c(=O)n([C@@H]2CCOC2)c2c3cc(-c4ccc(OCCCN5CCCCC5)nc4)ccc3ncc21,8120.0,5.090443970758825,0,487.60400000000044
Cn1c(=O)n([C@H]2CCCOC2)c2c3cc(-c4ccc(OCCCN5CCCC5)nc4)c(F)cc3ncc21,18200.0,4.739928612014925,0,505.5940000000004
Cn1c(=O)n([C@H]2CCCOC2)c2c3cc(-c4ccc(OCCCN5CCCC5)nc4)ccc3ncc21,605.0,6.218244625347531,1,487.6040000000004
Cn1c(=O)n([C@H]2CCCOC2)c2c3cc(-c4ccc(OCCCN5CCCCC5)nc4)c(F)cc3ncc21,30000.0,4.522878745280337,0,519.6210000000004
Cn1c(=O)n([C@H]2CCCOC2)c2c3cc(-c4ccc(OCCCN5CCCCC5)nc4)ccc3ncc21,19500.0,4.709965388637482,0,501.6310000000004
Cn1c(=O)n([C@H]2CCN(S(C)(=O)=O)C2)c2c3cc(-c4ccc(-c5ccccc5)nc4)ccc3ncc21,10.0,8.0,1,499.5960000000002
Cn1c(=O)n([C@H]2CCN(S(C)(=O)=O)C2)c2c3nc(-c4ccc(-c5ccccc5)nc4)ccc3ncc21,10.0,8.0,1,500.5840000000002
Cn1c(=O)n([C@H]2CCOC2)c2c3cc(-c4ccc(OCCCN5CCCCC5)nc4)ccc3ncc21,3380.0,5.471083299722345,0,487.60400000000044
Cn1c(=O)n([C@H]2CC[C@@H](O)CC2)c2c3cc(-c4ccc(-c5ccccc5)nc4)ccc3ncc21,10.0,8.0,1,450.5420000000001
Cn1c(=O)n([C@H]2CC[C@@H](O)CC2)c2c3cc(-c4ccc(N)nc4)ccc3ncc21,10.0,8.0,1,389.45900000000006
Cn1c(=O)n([C@H]2CC[C@@H](O)CC2)c2c3cc(-c4cnn(-c5ccccc5)c4)ccc3ncc21,55.0,7.259637310505756,1,439.51900000000006
Cn1c(=O)n([C@H]2CC[C@H](O)CC2)c2c3cc(-c4ccc(-c5ccccc5)nc4)ccc3ncc21,25.0,7.6020599913279625,1,450.5420000000001
Cn1c(=O)n([C@H]2CC[C@H](O)CC2)c2c3cc(-c4cnn(-c5ccccc5)c4)ccc3ncc21,55.0,7.259637310505756,1,439.51900000000006
Cn1c(=O)n([C@H]2C[C@@H](O)C2)c2c3cc(-c4ccc(OCCCN5CCC5)nc4)ccc3ncc21,1040.0,5.982966660701219,0,459.5500000000003
Cn1c(=O)n([C@H]2C[C@@H](O)C2)c2c3cc(-c4ccc(OCCCN5CCCC5)nc4)ccc3ncc21,2580.0,5.58838029403677,0,473.57700000000034
Cn1c(Cc2nc(N3CCOCC3)cc(=O)[nH]2)nc2c(-c3ccccc3)cccc21,10000.0,5.0,0,401.4700000000001
Cn1c(Cc2nc(N3CCOCC3)cc(=O)[nH]2)nc2cc(-c3ccccc3)ccc21,10000.0,5.0,0,401.4700000000001
Cn1c(Cc2nc(N3CCOCC3)cc(=O)[nH]2)nc2cc(F)ccc21,10000.0,5.0,0,343.362
Cn1c(Cc2nc(N3CCOCC3)cc(=O)[nH]2)nc2ccc(-c3ccccc3)cc21,10000.0,5.0,0,401.4700000000001
Cn1c(Cc2nc(N3CCOCC3)cc(=O)[nH]2)nc2ccc(F)cc21,10000.0,5.0,0,343.362
Cn1c(Cc2nc(N3CCOCC3)cc(=O)[nH]2)nc2cccc(-c3ccccc3)c21,10000.0,5.0,0,401.4700000000001
Cn1c(Cc2nc(N3CCOCC3)cc(=O)[nH]2)nc2ccccc21,10000.0,5.0,0,325.372
Cn1c(Cc2nc3cc(F)ccc3[nH]2)nc(N2CCOCC2)cc1=O,10000.0,5.0,0,343.3620000000002
Cn1c(Cc2nc3ccccc3o2)nc(N2CCOCC2)cc1=O,10000.0,5.0,0,326.3560000000001
Cn1c2c(c3ccc(Cl)c(Cl)c31)C(C#N)C1(CCNCC1)NC2=O,9100.0,5.040958607678906,0,363.24800000000016
Cn1cc(-c2cc3c(cc2F)ncc2ncc(=O)n(C4CCN(CC#N)CC4)c23)cn1,24.0,7.619788758288394,1,417.44800000000026
Cn1cc(-c2ccc(-c3ccc4ncc5c(c4c3)n(C3CCCC(O)C3)c(=O)n5C)cn2)cn1,10.0,8.0,1,454.5340000000003
Cn1cc(-c2ccc(-c3ccc4ncc5c(c4c3)n(C3CCCN(C(=O)CO)C3)c(=O)n5C)cn2)cn1,55.0,7.259637310505756,1,497.55900000000037
Cn1cc(-c2ccc(-c3ccc4ncc5c(c4c3)n(C3CCCN(C(=O)c4nc[nH]n4)C3)c(=O)n5C)cn2)cn1,550.0,6.259637310505756,1,534.5840000000003
Cn1cc(-c2ccc(-c3ccc4ncc5c(c4c3)n(C3CCCN(S(C)(=O)=O)C3)c(=O)n5C)cn2)cn1,10.0,8.0,1,517.6150000000004
Cn1cc(-c2ccc(-c3ccc4ncc5c(c4c3)n(C3CCN(C(=O)C(F)(F)F)C3)c(=O)n5C)cn2)cn1,550.0,6.259637310505756,1,521.5030000000003
Cn1cc(-c2ccc(-c3ccc4ncc5c(c4c3)n(C3CCN(C(=O)CO)C3)c(=O)n5C)cn2)cn1,550.0,6.259637310505756,1,483.5320000000003
Cn1cc(-c2ccc(-c3ccc4ncc5c(c4c3)n(C3CCN(Cc4ccccc4)C3)c(=O)n5C)cn2)cn1,550.0,6.259637310505756,1,515.6210000000003
Cn1cc(-c2ccc(-c3ccc4ncc5c(c4c3)n(C3CCN(S(=O)(=O)c4ccc(Cl)cc4)C3)c(=O)n5C)cn2)cn1,550.0,6.259637310505756,1,600.104
Cn1cc(-c2ccc(-c3ccc4ncc5c(c4c3)n(C3CCN(S(C)(=O)=O)C3)c(=O)n5C)cn2)cn1,10.0,8.0,1,503.5880000000003
Cn1cc(-c2ccc(-c3ccc4ncc5c(c4c3)n(C3CCN(S(N)(=O)=O)C3)c(=O)n5C)cn2)cn1,550.0,6.259637310505756,1,504.5760000000003
Cn1cc(-c2ccc(-c3ccc4ncc5c(c4c3)n([C@@H]3CCCN(S(C)(=O)=O)C3)c(=O)n5C)cn2)cn1,10.0,8.0,1,517.6150000000004
Cn1cc(-c2ccc(-c3ccc4ncc5c(c4c3)n([C@@H]3CCN(S(C)(=O)=O)C3)c(=O)n5C)cn2)cn1,550.0,6.259637310505756,1,503.5880000000003
Cn1cc(-c2ccc(-c3ccc4ncc5c(c4c3)n([C@H]3CCN(S(C)(=O)=O)C3)c(=O)n5C)cn2)cn1,10.0,8.0,1,503.5880000000003
Cn1cc(-c2ccc(-c3ccc4ncc5c(c4c3)n([C@H]3CC[C@@H](C(=O)O)CC3)c(=O)n5C)cn2)cn1,10.0,8.0,1,482.5440000000003
Cn1cc(-c2ccc(-c3ccc4ncc5c(c4c3)n([C@H]3CC[C@@H](NS(C)(=O)=O)CC3)c(=O)n5C)cn2)cn1,10.0,8.0,1,531.6420000000003
Cn1cc(-c2ccc(-c3ccc4ncc5c(c4c3)n([C@H]3CC[C@@H](O)CC3)c(=O)n5C)cn2)cn1,10.0,8.0,1,454.5340000000003
Cn1cc(-c2ccc(-c3ccc4ncc5c(c4c3)n([C@H]3CC[C@H](O)CC3)c(=O)n5C)cn2)cn1,10.0,8.0,1,454.5340000000003
Cn1cc(-c2ccc(-c3ccc4ncc5c(c4n3)n(C3CCCN(S(C)(=O)=O)C3)c(=O)n5C)cn2)cn1,10.0,8.0,1,518.6030000000003
Cn1cc(-c2ccc(-c3ccc4ncc5c(c4n3)n([C@H]3CCN(S(C)(=O)=O)C3)c(=O)n5C)cn2)cn1,10.0,8.0,1,504.5760000000003
Cn1cc(-c2ccc3ncc4c(c3c2)n(-c2ccc(C(C)(C)C#N)cc2)c(=O)n4C)cn1,1175.0,5.9299621333922445,0,422.4920000000002
Cn1cc(-c2ccnc3ccc(-c4ccc5oc(N)nc5c4)cc23)cn1,1000.0,6.0,1,341.374
Cn1cc(-c2cnc3ccc(-c4ccc5oc(N)nc5c4)cn23)cn1,10000.0,5.0,0,330.351
Cn1cc(/C=C2\Oc3cc(O)cc(O)c3C2=O)c2c(-c3ccccc3)cccc21,33.0,7.481486060122112,1,383.403
Cn1cc(/C=C2\Oc3cc(O)cc(O)c3C2=O)c2c(-c3ccccc3)ccnc21,0.46,9.337242168318426,1,384.391
Cn1cc(/C=C2\Oc3cc(O)cc(O)c3C2=O)c2ccccc21,800.0,6.096910013008056,1,307.305
Cn1cc(/C=C2\Oc3cc(O)cc(O)c3C2=O)c2cccnc21,42.0,7.376750709602099,1,308.293
Cn1cc(/C=C2\Oc3cc(O)ccc3C2=O)c2c(-c3ccccc3)ccnc21,19.0,7.721246399047171,1,368.392
Cn1cc(/C=C2\Oc3ccc(NC(=O)Nc4ccc(N5CCOCC5)nc4)cc3C2=O)c2c(N3CC4CCC(C3)O4)ccnc21,29.0,7.5376020021010435,1,607.6710000000003
Cn1cc(/C=C2\Oc3ccc(NC(=O)Nc4ccccc4)cc3C2=O)c2c(N3CC4CCC(C3)O4)ccnc21,145.0,6.838631997765025,1,521.5770000000003
Cn1cc(/C=C2\Oc3ccc(NC(=O)Nc4cccnc4)cc3C2=O)c2c(N3C4CCC3COC4)ccnc21,42.0,7.376750709602099,1,522.5650000000004
Cn1cc(/C=C2\Oc3ccc(NC(=O)Nc4cccnc4)cc3C2=O)c2c(N3CC4CCC(C3)O4)ccnc21,14.3,7.844663962534938,1,522.5650000000004
Cn1cc(/C=C2\Oc3ccc(NC(=O)Nc4cccnc4)cc3C2=O)c2c(N3CC4CCC3CO4)ccnc21,7.5,8.1249387366083,1,522.5650000000004
Cn1cc(/C=C2\Oc3ccc(NC(=O)Nc4cccnc4)cc3C2=O)c2c(N3CCC(C(=O)N4C5CCC4COC5)CC3)ccnc21,5.4,8.267606240177031,1,633.7090000000001
Cn1cc(/C=C2\Oc3ccc(NC(=O)Nc4cccnc4)cc3C2=O)c2c(N3CCC(C(=O)N4CC5CCC(C4)O5)CC3)ccnc21,17.0,7.769551078621726,1,633.7090000000002
Cn1cc(/C=C2\Oc3ccc(NC(=O)Nc4cccnc4)cc3C2=O)c2c(N3CCC(C(=O)N4CCCC4)CC3)ccnc21,8.2,8.086186147616283,1,591.6720000000003
Cn1cc(/C=C2\Oc3ccc(NC(=O)Nc4cccnc4)cc3C2=O)c2c(N3CCC(C(=O)N4CCCCC4)CC3)ccnc21,47.5,7.323306390375134,1,605.6990000000002
Cn1cc(/C=C2\Oc3ccc(NC(=O)Nc4cccnc4)cc3C2=O)c2c(N3CCC(C(=O)N4CCOCC4)CC3)ccnc21,18.0,7.7447274948966935,1,607.6710000000002
Cn1cc(/C=C2\Oc3ccc(NC(=O)Nc4cccnc4)cc3C2=O)c2c(N3CCC(C(=O)NCc4cccnc4)CC3)ccnc21,9.0,8.045757490560675,1,628.6930000000001
Cn1cc(/C=C2\Oc3ccc(NC(=O)Nc4cccnc4)cc3C2=O)c2c(N3CCOCC3)ccnc21,71.0,7.1487416512809245,1,496.5270000000004
Cn1cc(/C=C2\Oc3cccc(O)c3C2=O)c2c(-c3ccc(C(=O)N4CC5CCC(C4)O5)cc3)ccnc21,0.56,9.2518119729938,1,507.5460000000003
Cn1cc(/C=C2\Oc3cccc(O)c3C2=O)c2c(-c3ccc(C(=O)N4CCN(CCO)CC4)cc3)ccnc21,0.39,9.4089353929735,1,524.5770000000002
Cn1cc(/C=C2\Oc3cccc(O)c3C2=O)c2c(-c3ccc(C(=O)N4CCOCC4)cc3)ccnc21,0.5,9.301029995663981,1,481.50800000000027
Cn1cc(/C=C2\Oc3cccc(O)c3C2=O)c2c(-c3ccccc3)ccnc21,3.475,8.459045191073868,1,368.392
Cn1cc(/C=C2\Oc3cccc(O)c3C2=O)c2c(N3C4CCC3COC4)ccnc21,2.1,8.67778070526608,1,403.4380000000002
Cn1cc(/C=C2\Oc3cccc(O)c3C2=O)c2c(N3CC4CCC(C3)O4)ccnc21,0.38,9.42021640338319,1,403.4380000000002
Cn1cc(/C=C2\Oc3cccc(O)c3C2=O)c2c(N3CCC(C(=O)N4CC5CCC(C4)O5)CC3)ccnc21,2.0,8.698970004336019,1,514.5820000000004
Cn1cc(/C=C2\Oc3cccc(O)c3C2=O)c2c(N3CCC(C(=O)N4CCN(CCO)CC4)CC3)ccnc21,1.85,8.732828271596986,1,531.6130000000004
Cn1cc(/C=C2\Oc3cccc(O)c3C2=O)c2c(N3CCC(C(=O)N4CCOCC4)CC3)ccnc21,1.4,8.853871964321762,1,488.54400000000044
Cn1cc(/C=C2\Oc3cccc(O)c3C2=O)c2c(N3CCC(C(N)=O)CC3)ccnc21,0.72,9.142667503568731,1,418.45300000000026
Cn1cc(/C=C2\Oc3cccc(O)c3C2=O)c2c(N3CCC(CN)CC3)ccnc21,17.0,7.769551078621726,1,404.47000000000025
Cn1cc(/C=C2\Oc3cccc(O)c3C2=O)c2c(N3CCC(N)CC3)ccnc21,19.0,7.721246399047171,1,390.4430000000002
Cn1cc(/C=C2\Oc3cccc(O)c3C2=O)c2c(N3CCOCC3)ccnc21,2.2,8.657577319177793,1,377.4000000000002
Cn1cc(CN2CCCC2)c2nc(-c3cccc(CO)c3)nc(N3CCOCC3)c21,4000.0,5.3979400086720375,0,407.51800000000026
Cn1ccc(NC(=O)Nc2ccc(-c3nc(-c4ccc(CN5CCN(S(C)(=O)=O)CC5)s4)nc(N4CCOCC4)n3)cc2)n1,11.81,7.927750102386486,1,638.78
Cn1ccc(NC(=O)Nc2ccc(-c3nc(N4CC5CCC(C4)O5)nc4c3C(=O)N(C3CCOCC3)CC(C)(C)O4)cc2)n1,19.0,7.721246399047171,1,602.6960000000004
Cn1ccc2cc(-c3nc(CS(C)(=O)=O)cc(N4CCOCC4)n3)ccc21,100000.0,4.0,0,386.4770000000002
Cn1ccc2cc(-c3nn(C4CCCC4)c4ncnc(N)c34)ccc21,205.0,6.688246138944246,1,332.41100000000006
Cn1ccc2cccc(-c3nc(N4CCOCC4)c4cnn(C5CCN(Cc6ccccc6)CC5)c4n3)c21,575.0,6.2403321553103694,1,507.6420000000003
Cn1ccc2nc(-c3cccc(CO)c3)nc(N3CCOCC3)c21,4000.0,5.3979400086720375,0,324.3840000000002
Cn1cnc(-c2ccc(-c3cnn4ccc(N5C(=O)OC[C@@H]5c5ccc(F)cn5)nc34)cc2F)n1,14.5,7.838631997765025,1,474.43100000000015
Cn1nc(-c2ccc(Br)c(O)c2)c2c(N)ncnc21,548.0,6.261219441515631,1,320.15000000000003
Cn1nc(-c2ccc3cc[nH]c3c2)c2c(N)ncnc21,8300.0,5.080921907623926,0,264.29200000000003
Cn1nc(-c2ccc3ccccc3c2)c2c(N)ncnc21,100000.0,4.0,0,275.315
Cn1nc(-c2ccc3ncccc3c2)c2c(N)ncnc21,3000.0,5.522878745280337,0,276.303
Cn1nc(-c2ccc3occc(=O)c3c2)c2c(N)ncnc21,100000.0,4.0,0,293.286
Cn1nc(-c2cnc3[nH]ccc3c2)c2c(N)ncnc21,412.0,6.3851027839668655,1,265.28000000000003
Cn1nc(C2CCOCC2)c2c3cc(-c4cncc(C(F)F)c4)ccc3ncc21,569.0,6.244887733604929,1,394.425
Cn1nc2cnc3ccc(-c4cncc(C(F)F)c4)cc3c2c1C1CCOCC1,572.0,6.242603971206976,1,394.42500000000024
Cn1ncc2c(Nc3ccc(NC(=O)c4ccco4)cc3)ncnc21,20400.0,4.690369832574101,0,334.33900000000006
Cn1nccc1-c1ccc2ncc(C(N)=O)c(Nc3ccc(C(C)(C)C#N)cc3)c2c1,1105.0,5.95663772197887,0,410.48100000000017
Cn1nccc1-c1ccc2ncc(C(N)=O)c(Nc3ccc(N4CCN(S(C)(=O)=O)CC4)c(C(F)(F)F)c3)c2c1,1225.0,5.911863911299449,0,573.6010000000003
Cn1nccc1NC(=O)Nc1ccc(-c2nc(-c3ccc(CN4CCN(S(C)(=O)=O)CC4)s3)nc(N3CCOCC3)n2)cc1,571.23,6.2431889922467185,1,638.78
Cn1ncnc1-c1ccc(-c2cnn3ccc(N4C(=O)OC[C@@H]4c4ccc(F)cn4)nc23)cc1F,859.0,6.066006836168758,1,474.4310000000002
Cn1nnc2c(N3CCOCC3)nc(-c3ccc(NC(=O)Nc4cccnc4)cc3)nc21,2.95,8.530177984021837,1,431.4600000000001
Cn1nnc2c(N3CCOCC3)nc(-c3ccc(NC(=O)Nc4cccs4)cc3)nc21,3.7,8.431798275933005,1,436.5010000000001
FC(F)(F)c1cc(C#Cc2n[nH]c3ccccc23)cc(C(F)(F)F)c1,100000.0,4.0,0,354.25300000000004
FC(F)(F)c1cccc(Nc2nccc(-c3ccnc(N4CCOCC4)c3)n2)c1,1700.0,5.769551078621726,0,401.3920000000002
FC(F)(F)c1cncc(-c2ccc3ncc4nnc(C5CCOCC5)n4c3c2)c1,20000.0,4.698970004336019,0,399.37600000000026
FC(F)c1cncc(-c2ccc3ncc4[nH]nc(C5CCOCC5)c4c3c2)c1,522.0,6.282329496997738,1,380.39800000000025
FC(F)c1cncc(-c2ccc3ncc4nnc(C5=CCCCC5)n4c3c2)c1,1010.0,5.995678626217358,0,377.39800000000025
FC(F)c1cncc(-c2ccc3ncc4nnc(C5=CCCCCC5)n4c3c2)c1,415.0,6.3819519032879075,1,391.4250000000003
FC(F)c1cncc(-c2ccc3ncc4nnc(C5=CCCOCC5)n4c3c2)c1,1910.0,5.718966632752273,0,393.3970000000003
FC(F)c1cncc(-c2ccc3ncc4nnc(C5=CCOCC5)n4c3c2)c1,4670.0,5.330683119433888,0,379.37000000000023
FC(F)c1cncc(-c2ccc3ncc4nnc(C5CCOCC5)n4c3c2)c1,11600.0,4.935542010773082,0,381.38600000000025
FC(F)c1cncc(-c2ccc3ncc4nnc([C@H]5[C@@H]6CCC[C@@H]65)n4c3c2)c1,1560.0,5.806875401645538,0,377.3980000000002
FC(F)c1cncc(-c2ccc3ncc4nnc([C@H]5[C@@H]6COC[C@@H]65)n4c3c2)c1,13800.0,4.860120913598763,0,379.3700000000002
FC(F)c1nc2ccccc2n1-c1nc(N2CCOCC2)nc(N2CCOCC2)n1,363.3333333333333,6.439694756779039,1,417.4200000000003
Fc1c(-c2cncc(C(F)F)c2)ccc2ncc3nnc(C4CCOCC4)n3c12,20000.0,4.698970004336019,0,399.3760000000002
Fc1cc(-c2cncc(C(F)F)c2)cc2c1ncc1nnc(C3CCOCC3)n12,20000.0,4.698970004336019,0,399.37600000000026
Fc1cc(F)cc(C#Cc2n[nH]c3ccccc23)c1,150000.0,3.8239087409443187,0,254.23900000000003
Fc1cccc(Cn2cc(/C=N/Nc3nc(N4CCOCC4)c4sccc4n3)c3ccccc32)c1,30000.0,4.522878745280337,0,486.57600000000025
N#CCCCCn1nc(-c2ccc(F)c(O)c2)c2c(N)ncnc21,833.0,6.079354998593212,1,326.3350000000001
N#CCCCn1nc(-c2ccc(F)c(O)c2)c2c(N)ncnc21,2200.0,5.657577319177793,0,312.30800000000005
N#CCN1CCC(n2c(=O)cnc3cnc4cc(F)c(-c5ccc(N)cc5)cc4c32)CC1,29.0,7.5376020021010435,1,428.4710000000003
N#CCN1CCC(n2c(=O)cnc3cnc4cc(F)c(-c5ccc(N)nc5)cc4c32)CC1,31.0,7.508638306165727,1,429.4590000000003
N#CCN1CCC(n2c(=O)cnc3cnc4cc(F)c(-c5cccnc5)cc4c32)CC1,80.0,7.096910013008056,1,414.44400000000024
N#CCN1CCC(n2c(=O)cnc3cnc4cc(F)c(-c5cn[nH]c5)cc4c32)CC1,3.0,8.522878745280337,1,403.4210000000002
N#CCN1CCC(n2c(=O)cnc3cnc4cc(F)c(-c5cnc6ccccc6c5)cc4c32)CC1,35.0,7.455931955649724,1,464.5040000000003
N#CCN1CCC(n2c(=O)cnc3cnc4cc(F)c(-c5cnn(C(F)F)c5)cc4c32)CC1,56.0,7.251811972993799,1,453.4280000000002
N#CCN1CCC(n2c(=O)cnc3cnc4ccc(-c5ccc(N)nc5)cc4c32)C1,12.0,7.920818753952375,1,397.4420000000002
N#CCN1CCC(n2c(=O)cnc3cnc4ccc(-c5ccc(N)nc5)cc4c32)CC1,7.0,8.154901959985743,1,411.4690000000002
N#CCN1CCC(n2c(=O)cnc3cnc4ccc(-c5cnc6ccccc6c5)cc4c32)C1,14.0,7.853871964321762,1,432.4870000000002
N#CCN1CCC(n2c(=O)cnc3cnc4ccc(-c5cnc6ccccc6c5)cc4c32)CC1,3.0,8.522878745280337,1,446.51400000000024
N#CCN1CCC[C@H](n2c(=O)cnc3cnc4ccc(-c5ccc(N)nc5)cc4c32)C1,42.0,7.376750709602099,1,411.4690000000002
N#CCN1CCC[C@H](n2c(=O)cnc3cnc4ccc(-c5cnc6ccccc6c5)cc4c32)C1,55.0,7.259637310505756,1,446.51400000000024
N#CCNc1ncnc(-n2c(Nc3cccc(O)c3)nc3ccccc32)n1,647.5,6.188760227246711,1,358.36500000000007
N#Cc1c(-c2ccc(Cl)cc2)nc(N/N=C/c2cccc(Cl)c2)nc1N1CCOCC1,466.5,6.331148351917482,1,453.33300000000025
N#Cc1c(-c2ccc(Cl)cc2)nc(N/N=C/c2cccc(O)c2)nc1N1CCOCC1,2850.0,5.54515513999149,0,434.8870000000003
N#Cc1c(N2CCOCC2)sc(-c2nc[nH]n2)c1-c1ccc(NC(=O)N/N=C/c2cccc(O)c2)cc1,489.0,6.31069114087638,1,514.5710000000003
N#Cc1c(N2CCOCC2)sc(-c2nc[nH]n2)c1-c1ccc(NC(=O)N/N=C/c2ccccn2)cc1,416.0,6.380906669373258,1,499.5600000000002
N#Cc1c(N2CCOCC2)sc(-c2nc[nH]n2)c1-c1ccc(NC(=O)N/N=C/c2ccco2)cc1,598.0,6.223298816011589,1,488.5330000000002
N#Cc1c(N2CCOCC2)sc(-c2nc[nH]n2)c1-c1ccc(NC(=O)Nc2ccc(F)cc2)cc1,1662.0,5.779368980551908,0,489.5360000000002
N#Cc1c(N2CCOCC2)sc(-c2nc[nH]n2)c1-c1ccc(NC(=O)Nc2ccccc2Cl)cc1,1802.0,5.7442452133569555,0,505.9910000000002
N#Cc1c(N2CCOCC2)sc(-c2nc[nH]n2)c1-c1ccc(NC(=O)Nc2ccccc2F)cc1,1589.0,5.798876102792621,0,489.5360000000002
N#Cc1ccc(-c2c(-c3ncn[nH]3)sc(N3CCOCC3)c2C#N)c(F)c1,4064.0,5.391046300724137,0,380.4080000000002
N#Cc1ccc(C#Cc2n[nH]c3ccccc23)cc1,75000.0,4.1249387366083,0,243.269
N#Cc1ccc(NC(=O)Nc2ccc(-c3nc(N4CCOCC4)nc(N4C5CCC4COC5)n3)cc2)cc1,3.3,8.481486060122112,1,512.5740000000004
N#Cc1ccc(S(=O)(=O)c2cc(-c3cnc(N)cc3C(F)(F)F)cc(N3CCOCC3)c2)cc1,100000.0,4.0,0,488.4910000000002
N#Cc1ccc(S(=O)(=O)c2cc(-c3cnc(N)nc3)cc(N3CCOCC3)c2)cc1,640.0,6.1938200260161125,1,421.4820000000002
N#Cc1ccc(S(=O)(=O)c2cc(-c3cnc(N)nc3C(F)(F)F)cc(N3CCOCC3)c2)cc1,100000.0,4.0,0,489.4790000000002
N#Cc1cccc(CS(=O)(=O)c2cc(-c3cnc(N)nc3)cc(N3CCOCC3)c2)c1,11000.0,4.958607314841775,0,435.50900000000024
N#Cc1cccc(Cn2cc(/C=N/Nc3nc(N4CCOCC4)nc(N4CCOCC4)n3)c3ccccc32)c1,16620.0,4.779368980551908,0,523.6010000000005
N#Cc1cccc(Nc2nccc(-c3ccnc(N4CCOCC4)c3)n2)c1,4000.0,5.3979400086720375,0,358.4050000000002
N#Cc1cccc(S(=O)(=O)c2cc(-c3cnc(N)nc3)cc(N3CCOCC3)c2)c1,10000.0,5.0,0,421.48200000000026
N#Cc1cnc2ccc(-c3ccc4oc(N)nc4c3)cc2c1,10000.0,5.0,0,286.294
N#Cc1cnc2ccc(-c3ccc4oc(N)nc4c3)cc2c1-c1ccncc1,100.0,7.0,1,363.38000000000005
N#Cc1cnc2ccc(-c3ccc4oc(N)nc4c3)cc2c1Cl,1000.0,6.0,1,320.73900000000003
N#Cc1ncccc1Nc1ccc2c(N3CCOCC3)nc(-c3cnc(N)nc3)nc2c1,78.0,7.107905397309519,1,425.45600000000013
N=C(N)NCCCC(NC(=O)CCC(=O)OC[N+]1(c2cc(=O)c3cccc(-c4ccccc4)c3o2)CCOCC1)C(=O)NCC(=O)NC(CC(=O)O)C(=O)NC(CO)C(=O)[O-],1060.0,5.97469413473523,0,852.855
N=C(N)NS(=O)(=O)c1ccc(NC(=O)Nc2ccc(-c3nc(N4CCOCC4)c4cccnc4n3)cc2)cc1,15.8,7.801342913045577,1,547.6010000000005
N=C(N)NS(=O)(=O)c1ccc(NC(=O)Nc2ccc(-c3nc(N4CCOCC4)c4ncccc4n3)cc2)cc1,3.57,8.447331783887806,1,547.6010000000005
N=C(N)NS(=O)(=O)c1ccc(NC(=O)Nc2nc(N3CCOCC3)c3ccccc3n2)cc1,42.0,7.376750709602099,1,470.5150000000003
N=C1/C(=C\c2ccc3c(c2)OCO3)C(=O)N=C2SC(c3cccnc3)=NN12,32200.0,4.492144128304169,0,377.38500000000005
NC(=O)C1(N)CCN(C(=O)c2ccc3nc(Nc4ccc(-c5nc(N6CCOCC6)nc(N6CCOCC6)n5)cc4)[nH]c3c2)CC1,5700.0,5.2441251443275085,0,627.7100000000003
NC(=O)C1CCCCN1C(=O)c1ccc(NC(=O)Nc2ccc(-c3cc(N4CCOCC4)nc(N4CCOCC4)n3)cc2)cc1,7.6,8.119186407719209,1,614.7070000000002
NC(=O)C1CCCCN1C(=O)c1ccc(NC(=O)Nc2ccc(-c3nc(N4CCOCC4)nc(N4CCOCC4)n3)cc2)cc1,3.0,8.522878745280337,1,615.6950000000003
NC(=O)C1CCCCN1C(=O)c1ccc2nc(Nc3ccc(-c4nc(N5CCOCC5)nc(N5CCOCC5)n4)cc3)[nH]c2c1,8500.0,5.070581074285707,0,612.6950000000003
NC(=O)C1CCCN(C(=O)c2ccc(NC(=O)Nc3ccc(-c4nc(N5CCOCC5)nc(N5CCOCC5)n4)cc3)cc2)C1,2.1,8.67778070526608,1,615.6950000000003
NC(=O)C1CCCN(C(=O)c2ccc3nc(Nc4ccc(-c5nc(N6CCOCC6)nc(N6CCOCC6)n5)cc4)[nH]c3c2)C1,10200.0,4.991399828238082,0,612.6950000000003
NC(=O)C1CCCN1C(=O)c1ccc(NC(=O)Nc2ccc(-c3nc(N4CCOCC4)nc(N4CCOCC4)n3)cc2)cc1,1.4,8.853871964321762,1,601.6680000000003
NC(=O)C1CCN(C(=O)c2ccc(NC(=O)Nc3ccc(-c4nc(N5CCOCC5)nc(N5CCOCC5)n4)cc3)cc2)CC1,1.9,8.721246399047171,1,615.6950000000003
NC(=O)C1CCN(C(=O)c2ccc3nc(Nc4ccc(-c5nc(N6CCOCC6)nc(N6CCOCC6)n5)cc4)[nH]c3c2)CC1,15400.0,4.8124792791635365,0,612.6950000000004
NC(=O)CN1CCC(n2c(=O)cnc3cnc4ccc(-c5ccc(N)nc5)cc4c32)CC1,3.0,8.522878745280337,1,429.48400000000026
NC(=O)N1CCC(n2c(=O)cnc3cnc4ccc(-c5ccc(N)nc5)cc4c32)CC1,4.0,8.397940008672037,1,415.4570000000003
NC(=O)Nc1ccc(-c2nc(N3CCOCC3)c3cnn(C4CCN(Cc5ccccc5)CC4)c3n2)cc1,2.7,8.568636235841012,1,512.6180000000003
NC(=O)[C@@H]1CC(O)CN1C(=O)c1ccc(NC(=O)Nc2ccc(-c3nc(N4CCOCC4)nc(N4CCOCC4)n3)cc2)cc1,2.2,8.657577319177793,1,617.6670000000003
NC(=O)[C@@H]1CCCN1C(=O)Nc1ccc(-c2nccc(N3CCOCC3)n2)cc1,10.3,7.987162775294828,1,396.45100000000025
NC(=O)[C@@H]1CCCN1C(=O)c1ccc(NC(=O)Nc2ccc(-c3cc(N4CCOCC4)nc(N4CCOCC4)n3)cc2)cc1,7.4,8.130768280269024,1,600.6800000000003
NC(=O)[C@@H]1CCCN1C(=O)c1ccc(NC(=O)Nc2ccc(-c3nc(N4CCOCC4)nc(N4CCOCC4)n3)cc2)cc1,3.3,8.481486060122112,1,601.6680000000003
NC(=O)[C@@H]1CCCN1C(=O)c1ccc(NC(=O)Nc2ccc(-c3nc(N4CCOCC4)nc(N4C[C@@H]5OCCO[C@H]5C4)n3)cc2)cc1,5.7,8.244125144327509,1,643.7050000000003
NC(=O)[C@@H]1CCCN1C(=O)c1ccc2nc(Nc3ccc(-c4nc(N5CCOCC5)nc(N5CCOCC5)n4)cc3)[nH]c2c1,11800.0,4.928117992693875,0,598.6680000000003
NC(=O)[C@@H]1C[C@@H]2C[C@@H]2N1C(=O)c1ccc(NC(=O)Nc2ccc(-c3nc(N4CCOCC4)nc(N4CCOCC4)n3)cc2)cc1,2.0,8.698970004336019,1,613.6790000000002
NC(=O)[C@H]1CCCN1C(=O)c1ccc(NC(=O)Nc2ccc(-c3cc(N4CCOCC4)nc(N4CCOCC4)n3)cc2)cc1,7.3,8.136677139879543,1,600.6800000000003
NC(=O)[C@H]1CCCN1C(=O)c1ccc(NC(=O)Nc2ccc(-c3nc(N4CCOCC4)nc(N4CCOCC4)n3)cc2)cc1,2.3,8.638272163982407,1,601.6680000000003
NC(=O)[C@H]1CCCN1C(=O)c1ccc2nc(Nc3ccc(-c4nc(N5CCOCC5)nc(N5CCOCC5)n4)cc3)[nH]c2c1,5600.0,5.251811972993799,0,598.6680000000003
NC(=O)[C@H]1CC[C@@H](n2c(=O)[nH]c3ncc(-c4ccc(O)cc4)nc32)CC1,3393.0,5.469416140354882,0,353.3820000000002
NC(=O)[C@H]1CC[C@H](n2c(=O)[nH]c3ncc(-c4ccc(O)cc4)nc32)CC1,3392.6666666666665,5.469458808182386,0,353.3820000000002
NC(=O)c1ccc(-c2cnc3[nH]c(=O)n(CC4CCCCC4)c3n2)cc1,70.0,7.154901959985743,1,351.41000000000014
NC(=O)c1ccc(NC(=O)Nc2ccc(-c3ncc(OCCN4CCOCC4)c(N4CCOCC4)n3)cc2)cc1,119.15,6.923905953317525,1,547.6160000000006
NC(=O)c1cccc2cc(C(=O)N3CCN(Cc4cc5nc(-c6cnc(N)nc6)nc(N6CCOCC6)c5o4)CC3)oc12,216.0,6.665546248849069,1,583.6090000000002
NC(=O)c1cccc2cc(C(=O)N3CCN(Cc4cc5nc(-c6cnc(N)nc6)nc(N6CCOCC6)c5s4)CC3)oc12,23.0,7.638272163982407,1,599.6770000000001
NC(=O)c1cn2cc(-c3cnc(N)nc3)nc(N3CCOCC3)c2n1,237.0,6.6252516539898965,1,340.3470000000002
NC(=O)c1cnc2ccc(-c3ccc(N)nc3)cc2c1Nc1cccc(C(F)(F)F)c1,51.0,7.292429823902063,1,423.398
NC(=O)c1cnc2ccc(-c3cnc4ccccc4c3)cc2c1Nc1ccc(N2CCNCC2)c(C(F)(F)F)c1,14.0,7.853871964321762,1,542.5650000000003
NC(=O)c1cnc2ccc(-c3cnc4ccccc4c3)cc2c1Nc1cccc(C(F)(F)F)c1,361.0,6.442492798094342,1,458.4430000000001
NCC(=O)N1CCN(c2cnc3ccc(-c4ccc5oc(N)nc5c4)nc3n2)CC1,10000.0,5.0,0,404.43400000000025
NCc1cc(-c2nc3c(N4CCOCC4)nc(N4CCOCC4)nc3[nH]2)ccn1,2425.0,5.615288257061717,0,396.4550000000001
NCc1ccc(-c2cnc3[nH]c(=O)n(CC4CCCCC4)c3n2)cc1,8300.0,5.080921907623926,0,337.4270000000001
NOCCOCCOCCOCCC(=O)N1CCN(c2cnc3ccc(-c4cnc(Cl)c(NS(=O)(=O)c5ccc(F)cc5)c4)cc3n2)CC1,6.77,8.169411331314855,1,718.208
NS(=O)(=O)c1ccc(NC(=O)Nc2ccc(-c3nc(N4CCOCC4)c4cccnc4n3)cc2)cc1,176.0,6.7544873321858505,1,505.5600000000003
NS(=O)(=O)c1ccc(NC(=O)Nc2ccc(-c3nc(N4CCOCC4)c4ncccc4n3)cc2)cc1,23.4,7.6307841425898575,1,505.5600000000003
NS(=O)(=O)c1ccc(NC(=O)Nc2nc(N3CCOCC3)c3ccccc3n2)cc1,95.1,7.021819483062586,1,428.4740000000002
NS(=O)(=O)c1ccc(Nc2nccc(-c3cccc(C(=O)N4CCCCC4)c3)n2)cc1,890.0,6.050609993355087,1,437.5250000000003
NS(=O)(=O)c1ccc(Nc2nccc(-c3ccnc(N4CCOCC4)c3)n2)cc1,20000.0,4.698970004336019,0,412.47500000000025
NS(=O)(=O)c1cccc(Nc2nccc(-c3ccnc(N4C5CCC4COC5)c3)n2)c1,3200.0,5.494850021680094,0,438.51300000000026
NS(=O)(=O)c1cccc(Nc2nccc(-c3ccnc(N4CC5CCC(C4)O5)c3)n2)c1,200.0,6.698970004336019,1,438.51300000000026
NS(=O)(=O)c1cccc(Nc2nccc(-c3ccnc(N4CCCCC4)c3)n2)c1,140.0,6.853871964321762,1,410.50300000000027
NS(=O)(=O)c1cccc(Nc2nccc(-c3ccnc(N4CCOCC4)c3)n2)c1,610.0,6.214670164989233,1,412.47500000000025
NS(=O)(=O)c1cccc(Nc2nccc(-c3ccnc(NCCCO)c3)n2)c1,320.0,6.494850021680094,1,400.46400000000017
NS(=O)(=O)c1cncc(-c2ccc3ncc4nnc(C5CCOCC5)n4c3c2)c1,11200.0,4.950781977329818,0,410.4590000000003
Nc1cc(-c2cccnc2Nc2cccc3[nH]ncc23)nc(C(F)(F)F)n1,30000.0,4.522878745280337,0,371.3260000000001
Nc1cc(-n2c(Nc3cccc(O)c3)nc3ccccc32)ncn1,1343.3333333333333,5.871816208578553,0,318.3400000000001
Nc1cc(C(F)(F)F)c(-c2cc(N3CCCC3=O)nc(N3CCOCC3)n2)cn1,4971.0,5.3035562368610005,0,408.3840000000002
Nc1cc(C(F)(F)F)c(-c2cc(N3CCCCC3=O)nc(N3CCOCC3)n2)cn1,5057.0,5.296107046367456,0,422.41100000000023
Nc1cc(C(F)(F)F)c(-c2cc(N3CCN(c4ccccc4)C3=O)nc(N3CCOCC3)n2)cn1,6200.0,5.207608310501746,0,485.4700000000003
Nc1cc(C(F)(F)F)c(-c2cc(N3CCOC3=O)nc(N3CCOCC3)n2)cn1,6797.0,5.167682730077738,0,410.3560000000002
Nc1cc(C(F)(F)F)c(-c2cc(N3CCOCC3)cc(S(=O)(=O)C3CCOC3)c2)cn1,7610.0,5.118615343229427,0,457.4740000000002
Nc1cc(C(F)(F)F)c(-c2cc(N3CCOCC3)cc(S(=O)(=O)Cc3ccccc3)c2)cn1,33000.0,4.481486060122113,0,477.50800000000015
Nc1cc(C(F)(F)F)c(-c2cc(N3CCOCC3)nc(N3CCOCC3)c2)cn1,9100.0,5.040958607678906,0,409.4120000000002
Nc1cc(C(F)(F)F)c(-c2cc(N3CCOCC3)nc(N3CCOCC3)n2)cn1,1981.4,5.703027841343468,0,410.4000000000002
Nc1cc(C(F)(F)F)c(-c2cc(N3CCS(=O)(=O)CC3)nc(N3CCOCC3)n2)cn1,9100.0,5.040958607678906,0,458.46600000000035
Nc1cc(C(F)(F)F)c(-c2nc(N3CCOCC3)nc(N3CCOCC3)n2)cn1,118.0,6.928117992693875,1,411.38800000000026
Nc1cc(Cl)c(-c2cc(N3CCOCC3)cc(S(=O)(=O)[C@@H]3CCOC3)c2)cn1,4330.0,5.363512103646634,0,423.92200000000014
Nc1cc(F)c(-c2cc(N3CCOCC3)cc(S(=O)(=O)[C@@H]3CCOC3)c2)cn1,1460.0,5.835647144215563,0,407.46700000000016
Nc1ccc(-c2ccc3ncc4c(=O)[nH]c(=O)n(-c5cccc(C(F)(F)F)c5)c4c3n2)cn1,2.5,8.602059991327963,1,450.38000000000005
Nc1ccc(-c2ccc3ncc4ccc(=O)n(-c5cccc(C(F)(F)F)c5)c4c3c2)cn1,0.25,9.602059991327963,1,432.4050000000001
Nc1ccc(-c2ccc3ncc4ncc(=O)n(C5CCN(C=O)CC5)c4c3c2)cn1,23.0,7.638272163982407,1,400.4420000000002
Nc1ccc(-c2ccc3ncc4ncc(=O)n(C5CCN(CCO)CC5)c4c3c2)cn1,53.0,7.275724130399211,1,416.48500000000024
Nc1ccc(-c2nc(N3CC4CCC(C3)O4)c3sccc3n2)cc1,100.0,7.0,1,338.43600000000004
Nc1ccc(-c2nc(N3CC4CCC(C3)O4)c3sccc3n2)cn1,35.0,7.455931955649724,1,339.42400000000004
Nc1ccc(-c2nc(N3CCOCC3)c3cnn(-c4ccccc4)c3n2)cc1,73.0,7.136677139879544,1,372.432
Nc1ccc(-c2nc(N3CCOCC3)c3cnn(-c4ccccc4)c3n2)cn1,9.6,8.017728766960431,1,373.42
Nc1ccc(-c2nc(N3CCOCC3)c3cnn(-c4ccccc4)c3n2)nc1,145.0,6.838631997765025,1,373.42
Nc1ccc(-c2nc(N3CCOCC3)c3cnn(C4CCN(Cc5ccccc5)CC4)c3n2)cc1,200.0,6.698970004336019,1,469.5930000000003
Nc1ccc(-c2nc(N3CCOCC3)c3cnn(CCCCCCC(=O)NO)c3n2)cc1,40.0,7.3979400086720375,1,439.52000000000027
Nc1ccc(-c2nc(N3CCOCC3)c3ncccc3n2)cn1,266.0,6.575118363368933,1,308.345
Nc1ccc(-c2nc(N3CCOCC3)c3ncn(CCCCCCC(=O)NO)c3n2)cn1,374.0,6.42712839779952,1,440.50800000000027
Nc1ccc(-c2nc(N3CCOCC3)nc(N3CCOCC3)n2)cc1,1282.0,5.892111974817201,0,342.40300000000013
Nc1ccc(-c2nc(N3CCOCC3)nc(N3CCOCC3)n2)cn1,415.0,6.3819519032879075,1,343.39100000000013
Nc1ccc(-c2nn(C3CCCC3)c3ncnc(N)c23)cc1O,911.0,6.040481623027001,1,310.36100000000005
Nc1ccc(-c2nn(CCCCC(=O)NO)c3ncnc(N)c23)cn1,1000.0,6.0,1,342.36300000000006
Nc1ccc(-c2nn(CCCCCCC(=O)NO)c3ncnc(N)c23)cn1,151.0,6.82102305270683,1,370.4170000000001
Nc1ccc(C#Cc2n[nH]c3ccccc23)cc1,7885.0,5.103198302335079,0,233.27400000000003
Nc1ccc(Nc2ncccc2-c2ncnc3[nH]cnc23)cn1,17548.0,4.755772374267092,0,304.31700000000006
Nc1ccc2cc(-c3ccc4nccc(-c5ccncc5)c4c3)ccc2n1,1000.0,6.0,1,348.4090000000001
Nc1cccc(-c2n[nH]c3ncc(-c4cnc(Cl)c(NS(=O)(=O)c5ccccc5)c4)cc23)c1,2.56,8.59176003468815,1,476.9490000000002
Nc1cccc(-c2nc(N3CCOCC3)c3[nH]ccc3n2)c1,430.0,6.366531544420414,1,295.346
Nc1cccc(-c2nc(N3CCOCC3)c3cnn(-c4ccccc4)c3n2)c1,111.0,6.954677021213342,1,372.432
Nc1cccc(-c2nc(N3CCOCC3)c3cnn(-c4ccccc4)c3n2)n1,113.0,6.94692155651658,1,373.42
Nc1cccc(-c2nc3c(N4CCOCC4)nc(N4CCOCC4)nc3[nH]2)c1,1208.0,5.9179330657148865,0,381.44000000000017
Nc1cccc(C#Cc2n[nH]c3ccccc23)c1,52550.0,4.279427279635739,0,233.27400000000003
Nc1ccccc1C#Cc1n[nH]c2ccccc12,75000.0,4.1249387366083,0,233.27400000000003
Nc1cn2cc(-c3cnc(Cl)c(NS(=O)(=O)c4ccc(F)cc4)c3)ccc2n1,20.0,7.698970004336019,1,417.8530000000001
Nc1cn2nc(-c3cnc(Cl)c(NS(=O)(=O)c4ccc(F)cc4)c3)ccc2n1,35.0,7.455931955649724,1,418.8410000000001
Nc1cnc(-c2nc(N3CCOCC3)nc(N3CCOCC3)n2)cn1,817.0,6.087777943467584,1,344.3790000000001
Nc1cnc2ccc(-c3cnc4ccccc4c3)cc2c1Nc1ccc(N2CCNCC2)c(C(F)(F)F)c1,46.0,7.337242168318426,1,514.5550000000003
Nc1nc(Nc2ccc3c(c2)CC[C@@H](N2CCCC2)CC3)nn1-c1cc2c(nn1)-c1ccccc1CCC2,10000.0,5.0,0,506.6580000000003
Nc1nc2cc(-c3ccc4nc(N)oc4c3)ccc2o1,10000.0,5.0,0,266.26
Nc1nc2cc(-c3ccc4nc(N)sc4c3)ccc2o1,10000.0,5.0,0,282.32800000000003
Nc1nc2cc(-c3ccc4ncc(-c5ccc6nc(N)oc6c5)n4c3)ccc2o1,10000.0,5.0,0,382.3830000000001
Nc1nc2cc(-c3ccc4ncc(-c5cccnc5)nc4c3)ccc2o1,10000.0,5.0,0,339.35800000000006
Nc1nc2cc(-c3ccc4ncc(-c5ccnc(N6CCOCC6)c5)n4c3)ccc2o1,10000.0,5.0,0,412.45300000000026
Nc1nc2cc(-c3ccc4ncc(-c5ccncc5)n4c3)ccc2o1,10000.0,5.0,0,327.34700000000004
Nc1nc2cc(-c3ccc4ncc(-c5ccncc5)n4n3)ccc2o1,1000.0,6.0,1,328.33500000000004
Nc1nc2cc(-c3ccc4ncc(=O)[nH]c4c3)ccc2o1,1000.0,6.0,1,278.271
Nc1nc2cc(-c3ccc4ncc(C(=O)N5CCOCC5)n4c3)ccc2o1,10000.0,5.0,0,363.37700000000007
Nc1nc2cc(-c3ccc4ncc(C(=O)NC5CCC(O)CC5)n4c3)ccc2o1,10000.0,5.0,0,391.4310000000001
Nc1nc2cc(-c3ccc4ncc(N5C6CCC5COC6)nc4n3)ccc2o1,10000.0,5.0,0,374.4040000000001
Nc1nc2cc(-c3ccc4ncc(N5CC(C(=O)N6CCN(C7CC7)CC6)C5)nc4c3)ccc2o1,10000.0,5.0,0,469.5490000000004
Nc1nc2cc(-c3ccc4ncc(N5CC(C(=O)N6CCOCC6)C5)nc4c3)ccc2o1,10000.0,5.0,0,430.4680000000003
Nc1nc2cc(-c3ccc4ncc(N5CC(N6CCN(C7CC7)CC6)C5)nc4c3)ccc2o1,10000.0,5.0,0,441.53900000000027
Nc1nc2cc(-c3ccc4ncc(N5CC(N6CCN(CC7CC7)CC6)C5)cc4n3)ccc2o1,10000.0,5.0,0,455.5660000000003
Nc1nc2cc(-c3ccc4ncc(N5CC(N6CCN(CC7CC7)CC6)C5)nc4c3)ccc2o1,10000.0,5.0,0,455.5660000000003
Nc1nc2cc(-c3ccc4ncc(N5CC(N6CCN(CC7CC7)CC6)C5)nc4n3)ccc2o1,10000.0,5.0,0,456.5540000000003
Nc1nc2cc(-c3ccc4ncc(N5CC(N6CCN(CCO)CC6)C5)cc4n3)ccc2o1,10000.0,5.0,0,445.52700000000027
Nc1nc2cc(-c3ccc4ncc(N5CC(N6CCN(CCO)CC6)C5)nc4c3)ccc2o1,10000.0,5.0,0,445.52700000000027
Nc1nc2cc(-c3ccc4ncc(N5CC(N6CCN(CCO)CC6)C5)nc4n3)ccc2o1,10000.0,5.0,0,446.51500000000027
Nc1nc2cc(-c3ccc4ncc(N5CC(N6CCNCC6)C5)nc4c3)ccc2o1,10000.0,5.0,0,401.47400000000016
Nc1nc2cc(-c3ccc4ncc(N5CC(N6CCOCC6)C5)cc4n3)ccc2o1,10000.0,5.0,0,402.4580000000002
Nc1nc2cc(-c3ccc4ncc(N5CC(N6CCOCC6)C5)nc4c3)c(F)cc2o1,10000.0,5.0,0,420.4480000000002
Nc1nc2cc(-c3ccc4ncc(N5CC(N6CCOCC6)C5)nc4c3)ccc2o1,1000.0,6.0,1,402.4580000000002
Nc1nc2cc(-c3ccc4ncc(N5CC(N6CCOCC6)C5)nc4n3)ccc2o1,10000.0,5.0,0,403.4460000000002
Nc1nc2cc(-c3ccc4ncc(N5CC(N6CC[C@@H](O)C6)C5)nc4c3)ccc2o1,1000.0,6.0,1,402.45800000000014
Nc1nc2cc(-c3ccc4ncc(N5CC(N6CC[C@H](O)C6)C5)nc4c3)ccc2o1,10000.0,5.0,0,402.45800000000014
Nc1nc2cc(-c3ccc4ncc(N5CC(n6cccn6)C5)nc4c3)ccc2o1,1000.0,6.0,1,383.41500000000013
Nc1nc2cc(-c3ccc4ncc(N5CCC(N6CCOCC6)CC5)nc4c3)ccc2o1,10000.0,5.0,0,430.5120000000003
Nc1nc2cc(-c3ccc4ncc(N5CCC(n6ccnc6)CC5)nc4c3)ccc2o1,10000.0,5.0,0,411.46900000000016
Nc1nc2cc(-c3ccc4ncc(N5CCN(C(=O)C6(N)CC6)CC5)nc4n3)ccc2o1,10000.0,5.0,0,430.47200000000026
Nc1nc2cc(-c3ccc4ncc(N5CCN(C(=O)[C@@H](N)CO)CC5)nc4c3)ccc2o1,10000.0,5.0,0,433.4720000000002
Nc1nc2cc(-c3ccc4ncc(N5CCN(C(=O)[C@@H]6CCCN6)CC5)nc4c3)ccc2o1,10000.0,5.0,0,443.51100000000025
Nc1nc2cc(-c3ccc4ncc(N5CCNC(=O)C5)nc4c3)ccc2o1,10000.0,5.0,0,360.37700000000007
Nc1nc2cc(-c3ccc4ncc(N5CCNC(C(F)(F)F)C5)nc4c3)ccc2o1,1000.0,6.0,1,414.3910000000001
Nc1nc2cc(-c3ccc4ncc(N5CCOCC5)nc4c3)ccc2o1,10000.0,5.0,0,347.378
Nc1nc2cc(-c3ccc4ncc(N5CC[C@H](O)C5)nc4c3)ccc2o1,10000.0,5.0,0,347.37800000000004
Nc1nc2cc(-c3ccc4ncc(N5C[C@@H]6OCCO[C@@H]6C5)nc4c3)ccc2o1,601.0,6.221125527997261,1,389.4150000000001
Nc1nc2cc(-c3ccc4ncc(NCCN5CCOCC5)nc4c3)ccc2o1,10000.0,5.0,0,390.4470000000001
Nc1nc2cc(-c3ccc4ncc(OC5CCOCC5)nc4c3)ccc2o1,10000.0,5.0,0,362.38900000000007
Nc1nc2cc(-c3ccc4nccc(-c5ccncc5)c4c3)ccc2o1,1000.0,6.0,1,338.37000000000006
Nc1nc2cc(-c3ccc4nccn4c3)ccc2o1,10000.0,5.0,0,250.261
Nc1nc2cc(-c3ccc4ncn(-c5ccccc5)c4c3)ccc2o1,10000.0,5.0,0,326.3590000000001
Nc1nc2cc(-c3ccc4ncn(C5CCOCC5)c(=O)c4c3)ccc2o1,10000.0,5.0,0,362.38900000000007
Nc1nc2cc(-c3ccc4ncnc(N5CCOCC5)c4c3)ccc2o1,1000.0,6.0,1,347.37800000000004
Nc1nc2cc(-c3ccc4ncnc(OC5CCOCC5)c4c3)ccc2o1,100.0,7.0,1,362.3890000000001
Nc1nc2cc(-c3ccc4oc(N)nc4c3)ccc2o1,10000.0,5.0,0,266.26
Nc1nc2cc(-c3cccc4[nH]nc(N)c34)ccc2o1,10000.0,5.0,0,265.276
Nc1nc2cc(-c3ccn4ncc(-c5ccncc5)c4n3)ccc2o1,100.0,7.0,1,328.33500000000004
Nc1nc2cc(-c3cn(C4CCOCC4)c4ncnc(N)c34)ccc2o1,100.0,7.0,1,350.38200000000006
Nc1nc2cc(-c3cnc4[nH]c(=O)n(CC5CCCCC5)c4n3)ccc2[nH]1,98.33333333333333,7.007299238741499,1,363.42500000000007
Nc1nc2cc(-c3cnc4[nH]c(=O)n(CC5CCOCC5)c4n3)ccc2[nH]1,10.0,8.0,1,365.3970000000001
Nc1nc2cc(-c3nc(N4CCOCC4)c4cnn(C5CCNCC5)c4n3)ccc2o1,1000.0,6.0,1,420.47700000000015
Nc1nc2cc(-c3nn(C4CCC(N5CCOCC5)CC4)c4ncnc(N)c34)ccc2o1,100.0,7.0,1,434.50400000000025
Nc1nc2cc(-c3nn(C4CCOCC4)c4ncnc(N)c34)ccc2o1,100.0,7.0,1,351.37000000000006
Nc1nc2cc(-c3nn(CC4CCCC4)c4ncnc(N)c34)ccc2o1,1.8,8.744727494896694,1,349.3980000000001
Nc1nc2cc(-c3nn(CC4CCCO4)c4ncnc(N)c34)ccc2o1,5.0,8.301029995663981,1,351.37000000000006
Nc1nc2cc(-c3nn(CC4CCN(C(=O)CCCCC(=O)NO)CC4)c4ncnc(N)c34)ccc2o1,1.9,8.721246399047171,1,507.5550000000003
Nc1nc2cc(-c3nn(CC4CCN(C(=O)c5ccc(C(=O)NO)cc5)CC4)c4ncnc(N)c34)ccc2o1,0.84,9.075720713938118,1,527.5450000000003
Nc1nc2cc(-c3nn(CC4CCN(C(=O)c5ccc(C(=O)NO)s5)CC4)c4ncnc(N)c34)ccc2o1,0.4,9.397940008672037,1,533.5740000000003
Nc1nc2cc(-c3nn(CC4CCN(c5ncc(C(=O)NO)cn5)CC4)c4ncnc(N)c34)ccc2o1,0.49,9.309803919971486,1,501.51100000000025
Nc1nc2cc(-c3nn(CC4OCCO4)c4ncnc(N)c34)ccc2o1,59.0,7.229147988357855,1,353.3420000000001
Nc1nc2cc(-c3nn(CC4SSCC4OC(=O)c4ccccc4)c4ncnc(N)c34)ccc2o1,52.0,7.2839966563652006,1,505.58500000000026
Nc1nc2cc(-c3nn(CCCC(=O)NCCCOc4no[n+]([O-])c4S(=O)(=O)c4ccccc4)c4ncnc(N)c34)ccc2o1,4.2,8.3767507096021,1,634.635
Nc1nc2cc(-c3nn(CCCC(=O)NCCOc4no[n+]([O-])c4S(=O)(=O)c4ccccc4)c4ncnc(N)c34)ccc2o1,7.9,8.102372908709558,1,620.608
Nc1nc2cc(-c3nn(CCCC(=O)OCC#CCOc4no[n+]([O-])c4S(=O)(=O)c4ccccc4)c4ncnc(N)c34)ccc2o1,3.65,8.437707135543524,1,645.6139999999999
Nc1nc2cc(-c3nn(CCCC(=O)OCCCCCCO[N+](=O)[O-])c4ncnc(N)c34)ccc2o1,19.83,7.702677285794698,1,498.5000000000003
Nc1nc2cc(-c3nn(CCCC(=O)OCCCCCCOc4no[n+]([O-])c4S(=O)(=O)c4ccccc4)c4ncnc(N)c34)ccc2o1,11.04,7.95703092660682,1,677.7
Nc1nc2cc(-c3nn(CCCC(=O)OCCCCCO[N+](=O)[O-])c4ncnc(N)c34)ccc2o1,12.49,7.903437561625864,1,484.47300000000024
Nc1nc2cc(-c3nn(CCCC(=O)OCCCCCOc4no[n+]([O-])c4S(=O)(=O)c4ccccc4)c4ncnc(N)c34)ccc2o1,9.52,8.021363051615525,1,663.673
Nc1nc2cc(-c3nn(CCCC(=O)OCCCCO[N+](=O)[O-])c4ncnc(N)c34)ccc2o1,12.87,7.890421453095613,1,470.4460000000002
Nc1nc2cc(-c3nn(CCCC(=O)OCCCCOc4no[n+]([O-])c4S(=O)(=O)c4ccccc4)c4ncnc(N)c34)ccc2o1,6.71,8.173277479831007,1,649.646
Nc1nc2cc(-c3nn(CCCC(=O)OCCCO[N+](=O)[O-])c4ncnc(N)c34)ccc2o1,9.82,8.00788851221305,1,456.41900000000015
Nc1nc2cc(-c3nn(CCCC(=O)OCCCOc4no[n+]([O-])c4S(=O)(=O)c4ccccc4)c4ncnc(N)c34)ccc2o1,6.39,8.1944991418416,1,635.6189999999999
Nc1nc2cc(-c3nn(CCCC(=O)OCCOCCOc4no[n+]([O-])c4S(=O)(=O)c4ccccc4)c4ncnc(N)c34)ccc2o1,7.02,8.153662887870194,1,665.645
Nc1nc2cc(-c3nn(CCCC(=O)OCCO[N+](=O)[O-])c4ncnc(N)c34)ccc2o1,9.5,8.022276394711152,1,442.3920000000001
Nc1nc2cc(-c3nn(CCCC(=O)OCCOc4no[n+]([O-])c4S(=O)(=O)c4ccccc4)c4ncnc(N)c34)ccc2o1,3.31,8.480172006224281,1,621.592
Nc1nc2cc(-c3nn(CCCC(=O)OCCc4ccc(OCc5c(-c6ccccc6)no[n+]5[O-])cc4)c4ncnc(N)c34)ccc2o1,1000.0,6.0,1,647.6519999999999
Nc1nc2cc(-c3nn(CCCC(=O)OCc4c(-c5ccccc5)no[n+]4[O-])c4ncnc(N)c34)ccc2o1,13.26,7.877456475931246,1,527.5010000000001
Nc1nc2cc(-c3nn(CCCC(=O)OCc4ccc(OCc5c(-c6ccccc6)no[n+]5[O-])cc4)c4ncnc(N)c34)ccc2o1,1000.0,6.0,1,633.625
Nc1nc2cc(-c3nn(CCCC(=O)OCc4cccc(OCc5c(-c6ccccc6)no[n+]5[O-])c4)c4ncnc(N)c34)ccc2o1,337.4,6.4718549217468935,1,633.625
Nc1nc2cc(-c3nn(CCCC(=O)OCc4ccccc4OCc4c(-c5ccccc5)no[n+]4[O-])c4ncnc(N)c34)ccc2o1,45.12,7.345630909024714,1,633.625
Nc1nc2cc(-c3nn(CCCCC(=O)NO)c4ncnc(N)c34)ccc2o1,3.76,8.424812155072338,1,382.38400000000007
Nc1nc2cc(-c3nn(CCCCCCC(=O)NO)c4ncnc(N)c34)ccc2o1,4.685,8.329290404776202,1,410.4380000000001
Nc1nc2cc(-c3nn(Cc4ccc(C(=O)NO)cc4)c4ncnc(N)c34)ccc2o1,18.0,7.7447274948966935,1,416.4010000000002
Nc1nc2cc(-c3nn(Cc4ccc(C(=O)NO)cn4)c4ncnc(N)c34)ccc2o1,25.0,7.6020599913279625,1,417.3890000000002
Nc1nc2cc(-c3nn(Cc4ccc(C(=O)NO)o4)c4ncnc(N)c34)ccc2o1,18.0,7.7447274948966935,1,406.3620000000002
Nc1nc2cc(-c3nn(Cc4ccc(C(=O)NO)s4)c4ncnc(N)c34)ccc2o1,27.0,7.568636235841013,1,422.4300000000002
Nc1nc2ccc(-c3ccc4nccc(-c5ccncc5)c4c3)cc2o1,1000.0,6.0,1,338.37000000000006
Nc1nc2ccc(-c3ccc4nccc(-c5ccncc5)c4c3)cc2s1,1000.0,6.0,1,354.43800000000005
Nc1nc2ccc(-c3cnc(Cl)c(NS(=O)(=O)c4ccc(F)cc4)c3)cc2[nH]1,430.0,6.366531544420414,1,417.85300000000007
Nc1nc2ccc(-c3cnc(Cl)c(NS(=O)(=O)c4ccc(F)cc4)c3)cc2o1,70.0,7.154901959985743,1,418.8370000000001
Nc1nc2ccc(-c3cnc(Cl)c(NS(=O)(=O)c4ccc(F)cc4)c3)cc2s1,24.0,7.619788758288394,1,434.9050000000001
Nc1nc2cccc(-c3ccc4nccc(-c5ccncc5)c4c3)c2o1,100.0,7.0,1,338.37000000000006
Nc1ncc(-c2cc(C(=O)C3CCOCC3)cc(N3CCOCC3)n2)cn1,590.0,6.229147988357855,1,369.4250000000001
Nc1ncc(-c2cc(C(=O)c3ccccc3)cc(N3CCOCC3)n2)cn1,510.0,6.292429823902063,1,361.4050000000002
Nc1ncc(-c2cc(C(=O)c3ccccc3Cl)cc(N3CCOCC3)n2)cn1,1100.0,5.958607314841775,0,395.85000000000025
Nc1ncc(-c2cc(C(F)(F)C3CCOCC3)cc(N3CCOCC3)n2)cn1,440.0,6.356547323513812,1,391.42200000000014
Nc1ncc(-c2cc(C(F)(F)c3ccccc3)cc(N3CCOCC3)n2)cn1,560.0,6.251811972993799,1,383.4020000000002
Nc1ncc(-c2cc(C3(c4ccccc4)CC3)cc(N3CCOCC3)n2)cn1,130.0,6.886056647693163,1,373.4600000000002
Nc1ncc(-c2cc(N3C(=O)O[C@@H](c4ccc(OCCCO)cc4)[C@@H]3CO)nc(N3CCOCC3)n2)c(C(F)(F)F)n1,490.0,6.309803919971486,1,591.5470000000005
Nc1ncc(-c2cc(N3C(=O)O[C@@H](c4ccc(OCCO)cc4)[C@@H]3CO)nc(N3CCOCC3)n2)c(C(F)(F)F)n1,230.0,6.638272163982407,1,577.5200000000004
Nc1ncc(-c2cc(N3C(=O)O[C@@H](c4ccccc4)[C@@H]3CO)nc(N3CCOCC3)n2)c(C(F)(F)F)n1,1010.0,5.995678626217358,0,517.4680000000003
Nc1ncc(-c2cc(N3CCC(=O)CC3)nc(N3CCOCC3)n2)c(C(F)(F)F)n1,9550.0,5.019996628416254,0,423.3990000000001
Nc1ncc(-c2cc(N3CCCCC3=O)nc(N3CCOCC3)n2)c(C(F)(F)F)n1,5060.0,5.295849483160201,0,423.3990000000001
Nc1ncc(-c2cc(N3CCN(c4ccccc4)C3=O)nc(N3CCOCC3)n2)c(C(F)(F)F)n1,3300.0,5.481486060122113,0,486.45800000000025
Nc1ncc(-c2cc(N3CCOC(c4ccccc4)C3)nc(N3CCOCC3)n2)c(C(F)(F)F)n1,10000.0,5.0,0,487.4860000000003
Nc1ncc(-c2cc(N3CCOC3=O)nc(N3CCOCC3)n2)c(C(F)(F)F)n1,9100.0,5.040958607678906,0,411.3440000000001
Nc1ncc(-c2cc(N3CCOCC3)cc(S(=O)(=O)C(F)(F)c3ccccc3)c2)cn1,1440.0,5.841637507904751,0,446.47900000000004
Nc1ncc(-c2cc(N3CCOCC3)cc(S(=O)(=O)C3CCC(F)(F)CC3)c2)cn1,2460.0,5.609064892896621,0,438.50000000000017
Nc1ncc(-c2cc(N3CCOCC3)cc(S(=O)(=O)C3CCOC3)c2)cn1,460.0,6.337242168318426,1,390.46500000000015
Nc1ncc(-c2cc(N3CCOCC3)cc(S(=O)(=O)C3CCOCC3)c2)cn1,1870.0,5.728158393463501,0,404.4920000000002
Nc1ncc(-c2cc(N3CCOCC3)cc(S(=O)(=O)C3COc4ccccc43)c2)cn1,4700.0,5.327902142064283,0,438.5090000000001
Nc1ncc(-c2cc(N3CCOCC3)cc(S(=O)(=O)CC3CCOC3)c2)cn1,3600.0,5.443697499232712,0,404.4920000000002
Nc1ncc(-c2cc(N3CCOCC3)cc(S(=O)(=O)CC3CCOCC3)c2)cn1,4800.0,5.318758762624412,0,418.51900000000023
Nc1ncc(-c2cc(N3CCOCC3)cc(S(=O)(=O)Cc3c[nH]c4ccccc34)c2)cn1,6390.0,5.1944991418416,0,449.5360000000001
Nc1ncc(-c2cc(N3CCOCC3)cc(S(=O)(=O)Cc3c[nH]cn3)c2)cn1,4600.0,5.337242168318426,0,400.46400000000006
Nc1ncc(-c2cc(N3CCOCC3)cc(S(=O)(=O)Cc3ccc(CO)cc3)c2)cn1,7900.0,5.102372908709558,0,440.52500000000015
Nc1ncc(-c2cc(N3CCOCC3)cc(S(=O)(=O)Cc3ccc(F)cc3)c2)cn1,10900.0,4.962573502059376,0,428.4890000000001
Nc1ncc(-c2cc(N3CCOCC3)cc(S(=O)(=O)Cc3ccc(F)cc3F)c2)cn1,5300.0,5.275724130399211,0,446.4790000000001
Nc1ncc(-c2cc(N3CCOCC3)cc(S(=O)(=O)Cc3ccc(N4CCOCC4)cc3)c2)cn1,3950.0,5.403402904373539,0,495.6050000000003
Nc1ncc(-c2cc(N3CCOCC3)cc(S(=O)(=O)Cc3ccc(NS(N)(=O)=O)cc3)c2)cn1,3440.0,5.46344155742847,0,504.59400000000016
Nc1ncc(-c2cc(N3CCOCC3)cc(S(=O)(=O)Cc3ccc4[nH]ccc4c3)c2)cn1,6150.0,5.211124884224583,0,449.5360000000001
Nc1ncc(-c2cc(N3CCOCC3)cc(S(=O)(=O)Cc3ccccc3)c2)cn1,3000.0,5.522878745280337,0,410.4990000000001
Nc1ncc(-c2cc(N3CCOCC3)cc(S(=O)(=O)Cc3ccccc3F)c2)cn1,2980.0,5.525783735923745,0,428.4890000000001
Nc1ncc(-c2cc(N3CCOCC3)cc(S(=O)(=O)[C@@H]3CCOC3)c2)cn1,730.0,6.136677139879544,1,390.46500000000015
Nc1ncc(-c2cc(N3CCOCC3)cc(S(=O)(=O)[C@H]3CCOC3)c2)cn1,540.0,6.267606240177032,1,390.46500000000015
Nc1ncc(-c2cc(N3CCOCC3)cc(S(=O)(=O)c3ccc(F)c(Cl)c3)c2)cn1,22000.0,4.657577319177793,0,448.9070000000001
Nc1ncc(-c2cc(N3CCOCC3)cc(S(=O)(=O)c3ccc(F)cc3)c2)cn1,830.0,6.080921907623926,1,414.46200000000005
Nc1ncc(-c2cc(N3CCOCC3)cc(S(=O)(=O)c3ccc(OC(F)(F)F)cc3)c2)cn1,22000.0,4.657577319177793,0,480.4680000000001
Nc1ncc(-c2cc(N3CCOCC3)cc(S(=O)(=O)c3cccc4c3OCC4)c2)cn1,5400.0,5.267606240177032,0,438.5090000000002
Nc1ncc(-c2cc(N3CCOCC3)cc(S(=O)(=O)c3cccc4ccoc34)c2)cn1,9900.0,5.00436480540245,0,436.4930000000001
Nc1ncc(-c2cc(N3CCOCC3)cc(S(=O)(=O)c3ccccc3)c2)cn1,2000.0,5.698970004336019,0,396.47200000000004
Nc1ncc(-c2cc(N3CCOCC3)nc(N3C(=O)OC[C@@H]3CO)n2)c(C(F)(F)F)n1,3876.0,5.411616231621272,0,441.3700000000001
Nc1ncc(-c2cc(N3CCOCC3)nc(N3C(=O)OC[C@H]3CO)n2)c(C(F)(F)F)n1,5937.0,5.226432951073941,0,441.3700000000001
Nc1ncc(-c2cc(N3CCOCC3)nc(N3C(=O)O[C@@H]4COC[C@@H]43)n2)c(C(F)(F)F)n1,2000.0,5.698970004336019,0,453.38100000000014
Nc1ncc(-c2cc(N3CCOCC3)nc(N3CCOCC3)n2)c(=O)[nH]1,440.0,6.356547323513812,1,359.3900000000001
Nc1ncc(-c2cc(N3CCOCC3)nc(N3CCOCC3)n2)c(C(F)(F)F)n1,3574.6666666666665,5.44676444940882,0,411.3880000000001
Nc1ncc(-c2cc(N3CCOCC3)nc(N3C[C@@H](CO)OC3=O)n2)c(C(F)(F)F)n1,9100.0,5.040958607678906,0,441.37000000000006
Nc1ncc(-c2cc(N3CCOCC3)nc(N3C[C@H](CO)OC3=O)n2)c(C(F)(F)F)n1,2176.0,5.662341108973858,0,441.37000000000006
Nc1ncc(-c2cc(OC3CCOC3)cc(N3CCOCC3)n2)cn1,1750.0,5.756961951313706,0,343.3870000000001
Nc1ncc(-c2cc(OC3CN(C(=O)C4CC4)C3)cc(N3CCOCC3)n2)cn1,2950.0,5.530177984021837,0,396.4510000000002
Nc1ncc(-c2cc(Oc3ccccc3)cc(N3CCOCC3)n2)cn1,480.0,6.318758762624412,1,349.3940000000002
Nc1ncc(-c2cc(Oc3ccccc3Cl)cc(N3CCOCC3)n2)cn1,450.0,6.346787486224656,1,383.8390000000002
Nc1ncc(-c2cc(Oc3ccccc3OC(F)(F)F)cc(N3CCOCC3)n2)cn1,2060.0,5.686132779630847,0,433.3900000000002
Nc1ncc(-c2cc(S(=O)(=O)c3ccccc3)cc(N3CCOCC3)n2)cn1,63.0,7.200659450546418,1,397.4600000000002
Nc1ncc(-c2ccc3ncc4c(=O)[nH]c(=O)n(-c5cccc(C(F)(F)F)c5)c4c3n2)cn1,2.66,8.575118363368933,1,451.36800000000005
Nc1ncc(-c2ccc3oc(N)nc3c2)cn1,10000.0,5.0,0,227.22699999999998
Nc1ncc(-c2cn3cc(C(=O)NC4CCOCC4)nc3c(N3CCOCC3)n2)cn1,751.0,6.124360062995832,1,424.46500000000026
Nc1ncc(-c2cn3cc(C(=O)NCCN4CCOCC4)nc3c(N3CCOCC3)n2)cn1,5000.0,5.301029995663981,0,453.5070000000003
Nc1ncc(-c2cn3cc(C(=O)N[C@H]4CC[C@H](O)CC4)nc3c(N3CCOCC3)n2)cn1,989.0,6.004803708402821,1,438.4920000000003
Nc1ncc(-c2nc(-c3ccc(CN4CCOCC4)s3)nc(N3CCOCC3)n2)cn1,69.0,7.161150909262744,1,440.5330000000002
Nc1ncc(-c2nc(N3CC4CCC(C3)O4)c3sccc3n2)cn1,57.0,7.2441251443275085,1,340.412
Nc1ncc(-c2nc(N3CCOCC3)c3cccnc3n2)cn1,400.0,6.3979400086720375,1,309.33299999999997
Nc1ncc(-c2nc(N3CCOCC3)c3ccn(CCCCCCC(=O)NO)c3n2)cn1,101.0,6.995678626217358,1,440.50800000000027
Nc1ncc(-c2nc(N3CCOCC3)c3ncccc3n2)cn1,59.0,7.229147988357855,1,309.33299999999997
Nc1ncc(-c2nc(N3CCOCC3)c3ncn(CCCCCCC(=O)NO)c3n2)cn1,288.0,6.540607512240769,1,441.49600000000027
Nc1ncc(-c2nc(N3CCOCC3)c3sccc3n2)cn1,61.0,7.214670164989233,1,314.37399999999997
Nc1ncc(-c2nc(N3CCOCC3)nc(N3CCOCC3)n2)c(C(F)(F)F)n1,312.0,6.505845405981558,1,412.3760000000001
Nc1ncc(-c2nc(N3CCOCC3)nc(N3CCOCC3)n2)cc1C(F)(F)F,1638.0,5.785686102575601,0,411.3880000000001
Nc1ncc(-c2nc(N3CCOCC3)nc(N3CCOCC3)n2)cn1,415.0,6.3819519032879075,1,344.3790000000001
Nc1ncc(-c2nc(N3CCOCC3)nc(N[C@@]3(CO)CCN(C(=O)OCC(F)F)C3)c2F)cn1,1500.0,5.823908740944319,0,498.46600000000024
Nc1ncc(-c2nn(CCCCC(=O)NO)c3ncnc(N)c23)cn1,1000.0,6.0,1,343.35100000000006
Nc1ncc(-c2nn(CCCCCCC(=O)NO)c3ncnc(N)c23)cn1,1000.0,6.0,1,371.4050000000001
Nc1ncc2cc(-c3ccc4nccc(-c5ccncc5)c4c3)ccc2n1,10000.0,5.0,0,349.39700000000005
Nc1nccn2c1c(-c1cc3cccc(Cl)c3[nH]1)nc2[C@H]1CC[C@H](C(=O)O)CC1,555.5,6.255315936723114,1,409.8770000000003
Nc1ncnc(-n2c(Nc3cccc(O)c3)nc3ccccc32)n1,255.0,6.5934598195660445,1,319.32800000000003
Nc1ncnc2c1c(-c1cc(O)cc(F)c1)nn2C1CCCC1,10000.0,5.0,0,313.3360000000002
Nc1ncnc2c1c(-c1cc3c(Cl)cccc3[nH]1)nn2C1CCOCC1,50.0,7.301029995663981,1,368.8280000000002
Nc1ncnc2c1c(-c1cc3cc(O)cc(Cl)c3[nH]1)nn2C1CCOCC1,5.0,8.301029995663981,1,384.8270000000002
Nc1ncnc2c1c(-c1cc3cc(O)ccc3[nH]1)nn2C1CC(=O)C1,100.0,7.0,1,334.33900000000017
Nc1ncnc2c1c(-c1cc3cc(O)ccc3[nH]1)nn2C1CC(N2CCOCC2)C1,10.0,8.0,1,405.46200000000033
Nc1ncnc2c1c(-c1cc3cc(O)ccc3[nH]1)nn2C1CC(O)C1,25.0,7.6020599913279625,1,336.35500000000013
Nc1ncnc2c1c(-c1cc3cc(O)ccc3[nH]1)nn2C1CCC(N2CCOCC2)CC1,25.0,7.6020599913279625,1,433.5160000000004
Nc1ncnc2c1c(-c1cc3cc(O)ccc3[nH]1)nn2C1CCC1,25.0,7.6020599913279625,1,320.35600000000017
Nc1ncnc2c1c(-c1cc3cc(O)ccc3[nH]1)nn2C1CCCC1,10.0,8.0,1,334.3830000000002
Nc1ncnc2c1c(-c1cc3cc(O)ccc3[nH]1)nn2C1CCCCC1,10.0,8.0,1,348.41000000000025
Nc1ncnc2c1c(-c1cc3cc(O)ccc3[nH]1)nn2C1CCN(C(=O)C2CC2)CC1,25.0,7.6020599913279625,1,417.47300000000035
Nc1ncnc2c1c(-c1cc3cc(O)ccc3[nH]1)nn2C1CCOCC1,5.0,8.301029995663981,1,350.38200000000023
Nc1ncnc2c1c(-c1cc3cc(O)ccc3[nH]1)nn2CC(=O)N1CCOCC1,500.0,6.301029995663981,1,393.4070000000003
Nc1ncnc2c1c(-c1cc3cc(O)ccc3[nH]1)nn2CCN1CCOCC1,500.0,6.301029995663981,1,379.4240000000003
Nc1ncnc2c1c(-c1cc3cc(O)ccc3[nH]1)nn2Cc1cccnc1,500.0,6.301029995663981,1,357.3770000000001
Nc1ncnc2c1c(-c1cc3ccc(O)cc3[nH]1)nn2C1CCOCC1,100.0,7.0,1,350.38200000000023
Nc1ncnc2c1c(-c1cc3cccc(Cl)c3[nH]1)nn2C1CCOCC1,50.0,7.301029995663981,1,368.8280000000002
Nc1ncnc2c1c(-c1cc3cccc(O)c3[nH]1)nn2C1CCCC1,10.0,8.0,1,334.3830000000002
Nc1ncnc2c1c(-c1cc3cccc(O)c3[nH]1)nn2C1CCN(C(=O)C2CC2)CC1,10.0,8.0,1,417.47300000000035
Nc1ncnc2c1c(-c1cc3cccc(O)c3[nH]1)nn2C1CCOCC1,5.0,8.301029995663981,1,350.38200000000023
Nc1ncnc2c1c(-c1ccc(Br)c(O)c1)nn2C1CCC1,127.0,6.896196279044043,1,360.21500000000015
Nc1ncnc2c1c(-c1ccc(Br)c(O)c1)nn2C1CCCC1,156.0,6.806875401645538,1,374.2420000000002
Nc1ncnc2c1c(-c1ccc(Cl)c(O)c1)nn2C1CCC1,230.0,6.638272163982407,1,315.7640000000001
Nc1ncnc2c1c(-c1ccc(Cl)c(O)c1)nn2C1CCCC1,439.0,6.357535479757878,1,329.79100000000017
Nc1ncnc2c1c(-c1ccc(Cl)c(O)c1)nn2CC1CCCN1,15000.0,4.823908740944319,0,344.80600000000015
Nc1ncnc2c1c(-c1ccc(Cl)c(O)c1)nn2CC1CCCNC1,3200.0,5.494850021680094,0,358.8330000000002
Nc1ncnc2c1c(-c1ccc(Cl)c(O)c1)nn2CC1CCNC1,4800.0,5.318758762624412,0,344.80600000000015
Nc1ncnc2c1c(-c1ccc(Cl)c(O)c1)nn2CC1CCNCC1,3000.0,5.522878745280337,0,358.8330000000002
Nc1ncnc2c1c(-c1ccc(Cl)c(O)c1)nn2CCC1CCCNC1,3600.0,5.443697499232712,0,372.86000000000024
Nc1ncnc2c1c(-c1ccc(Cl)c(O)c1)nn2[C@@H]1CCNC1,2400.0,5.619788758288394,0,330.7790000000001
Nc1ncnc2c1c(-c1ccc(Cl)c(O)c1)nn2[C@@H]1CCOC1,450.0,6.346787486224656,1,331.76300000000015
Nc1ncnc2c1c(-c1ccc(Cl)c(O)c1)nn2[C@H]1CCOC1,377.0,6.423658649794207,1,331.76300000000015
Nc1ncnc2c1c(-c1ccc(F)c(O)c1)nn2C1CCC1,1500.0,5.823908740944319,0,299.30900000000014
Nc1ncnc2c1c(-c1ccc(F)c(O)c1)nn2C1CCCC1,1800.0,5.7447274948966935,0,313.3360000000002
Nc1ncnc2c1c(-c1ccc(F)c(O)c1)nn2C1CCCCCC1,1100.0,5.958607314841775,0,341.39000000000027
Nc1ncnc2c1c(-c1ccc(F)c(O)c1)nn2C1CNC1,30000.0,4.522878745280337,0,300.2970000000001
Nc1ncnc2c1c(-c1ccc(F)c(O)c1)nn2CC1CCNCC1,100000.0,4.0,0,342.3780000000002
Nc1ncnc2c1c(-c1ccc(F)c(O)c1)nn2Cc1ocnc1-c1ccccc1,100000.0,4.0,0,402.3890000000002
Nc1ncnc2c1c(-c1ccc(F)c(O)c1)nn2[C@@H]1CCNC1,5000.0,5.301029995663981,0,314.3240000000001
Nc1ncnc2c1c(-c1ccc(F)c(O)c1)nn2[C@@H]1CCOC1,1000.0,6.0,1,315.30800000000016
Nc1ncnc2c1c(-c1ccc(F)c(O)c1)nn2[C@H]1CCNC1,6500.0,5.187086643357144,0,314.3240000000001
Nc1ncnc2c1c(-c1ccc(F)c(O)c1)nn2[C@H]1CCOC1,9200.0,5.036212172654444,0,315.30800000000016
Nc1ncnc2c1c(-c1ccc3[nH]c(=O)ccc3c1)nn2C1CCCC1,100000.0,4.0,0,346.3940000000002
Nc1ncnc2c1c(-c1ccc3[nH]ccc3c1)nn2C1CCCC1,407.0,6.39040559077478,1,318.3840000000002
Nc1ncnc2c1c(-c1ccc3[nH]ncc3c1)nn2C1CCCC1,1100.0,5.958607314841775,0,319.3720000000002
Nc1ncnc2c1c(-c1ccc3cc[nH]c3c1)nn2C1CCCC1,493.0,6.30715308072277,1,318.3840000000002
Nc1ncnc2c1c(-c1ccc3cn[nH]c3c1)nn2C1CCCC1,596.0,6.2247537402597635,1,319.3720000000002
Nc1ncnc2c1c(-c1ccc3ncccc3c1)nn2C1CCCC1,550.0,6.259637310505756,1,330.3950000000002
Nc1ncnc2c1c(-c1ccc3occc(=O)c3c1)nn2C1CCCC1,426.0,6.370590400897281,1,347.37800000000016
Nc1ncnc2c1c(-c1ccc3occc3c1)nn2C1CCCC1,1600.0,5.795880017344075,0,319.36800000000017
Nc1ncnc2c1c(-c1cccc(O)c1F)nn2C1CCCC1,692.0,6.1598939055432425,1,313.3360000000002
Nc1ncnc2c1c(-c1cccc3[nH]ccc13)nn2C1CCCC1,5400.0,5.267606240177032,0,318.3840000000002
Nc1ncnc2c1c(-c1ccn3ccnc3c1)nn2C1CCCC1,4800.0,5.318758762624412,0,319.3720000000002
Nc1ncnc2c1c(-c1cnc3[nH]ccc3c1)nn2C1CCCC1,10.0,8.0,1,319.3720000000002
Nc1ncnc2c1c(-c1cnc3[nH]ccc3c1)nn2CCCCCCCCC(=O)NO,92.3,7.034798298974088,1,422.4930000000004
Nc1ncnc2c1c(-c1cnc3ccccc3c1)nn2C1CCCC1,243.0,6.614393726401688,1,330.3950000000002
Nc1ncnc2c1c(-c1cnc3ccccc3c1)nn2CCCCC(=O)NO,677.0,6.169411331314856,1,377.40800000000024
Nc1ncnc2c1c(-c1cnc3ccccc3c1)nn2CCCCCCC(=O)NO,619.0,6.208309350979882,1,405.46200000000033
Nc1ncnc2c1c(C#Cc1ccccc1)nn2CC1SSCC1O,5500.0,5.259637310505756,0,369.4750000000001
Nc1ncnc2c1c(C#Cc1ccccc1)nn2CC1SSCC1OC(=O)c1ccccc1,5500.0,5.259637310505756,0,473.5830000000002
Nc1ncnc2ccc(-c3ccc4nccc(-c5ccncc5)c4c3)cc12,10000.0,5.0,0,349.39700000000005
Nc1nnc(-c2ccc(-c3cnn4ccc(N5C(=O)OC[C@@H]5c5ccc(F)cc5)nc34)cc2)o1,4.5,8.346787486224656,1,457.4250000000002
Nc1nnc(-c2ccc(-c3cnn4ccc(N5C(=O)OC[C@@H]5c5ccc(F)cn5)nc34)cc2F)o1,6.3,8.200659450546418,1,476.4030000000002
Nc1noc2ccc(-c3nn(CC(=O)N4CCOCC4)c4ncnc(N)c34)cc12,10000.0,5.0,0,394.39500000000015
Nc1noc2ccc(-c3nn(CCN4CCOCC4)c4ncnc(N)c34)cc12,10000.0,5.0,0,380.4120000000001
O=C(C(=O)N1CCC[C@H]1C(=O)OCCCc1cccnc1)c1ccccc1,10000.0,5.0,0,366.41700000000003
O=C(C(=O)N1CCC[C@H]1C(=O)OCCS(=O)(=O)c1ccccc1)c1ccccc1,10000.0,5.0,0,415.4670000000001
O=C(C1CC1)N1CCN(c2ccc(-n3c(=O)ccc4cnc5ccc(-c6cnc7ccccc7c6)cc5c43)cc2C(F)(F)F)CC1,6.84,8.164943898279883,1,619.6470000000003
O=C(CCCCCCn1cnc2c(N3CCOCC3)nc(-c3cccc(CO)c3)nc21)NO,1946.0,5.710857164067667,0,454.5310000000002
O=C(CN1CCOCC1)N1CCC(c2ccc(-n3c(=O)ccc4cnc5ccc(-c6cnc7ccccc7c6)cc5c43)cc2C(F)(F)F)CC1,4.25,8.371611069949688,1,677.7270000000001
O=C(Cc1nc(N2CCOCC2)cc(=O)[nH]1)Nc1ccccc1,10000.0,5.0,0,314.345
O=C(NC1CC1)c1cnc2ccc(-c3cnc4ccccc4c3)cc2c1Nc1ccc(N2CCNCC2)c(C(F)(F)F)c1,3000.0,5.522878745280337,0,582.6300000000005
O=C(NCCF)Nc1ccc(-c2nc(C3=CCOCC3)c3cnn(CC(F)(F)F)c3n2)cc1,1.0,9.0,1,464.4230000000002
O=C(NCCF)Nc1ccc(-c2nc(C3=CCOCC3)c3sccc3n2)cc1,2.5,8.602059991327963,1,398.46300000000014
O=C(NCCF)Nc1ccc(-c2nc(N3CC4CCC(C3)O4)c3cnn(C4CCC5(CC4)OCCO5)c3n2)cc1,0.22,9.657577319177793,1,551.6230000000005
O=C(NCCF)Nc1ccc(-c2nc(N3CC4CCC(C3)O4)c3cnn(CC(F)(F)F)c3n2)cc1,0.23,9.638272163982407,1,493.4650000000002
O=C(NCCF)Nc1ccc(-c2nc(N3CC4CCC(C3)O4)c3sccc3n2)cc1,0.7,9.154901959985743,1,427.50500000000017
O=C(NCCF)Nc1ccc(-c2nc(N3CCOCC3)c3cnn(C4CCN(Cc5ccccc5)CC4)c3n2)cc1,1.4,8.853871964321762,1,558.6620000000004
O=C(NCCF)Nc1ccc(-c2nc(N3CCOCC3)c3cnn(CC(F)(F)F)c3n2)cc1,0.6,9.221848749616356,1,467.4270000000002
O=C(NCCN1CCOCC1)c1cn2cc(-c3cccc4[nH]ncc34)nc(N3CCOCC3)c2n1,10000.0,5.0,0,476.5410000000003
O=C(NCCO)Nc1ccc(-c2nc(N3CC4CCC(C3)O4)c3sccc3n2)cc1,0.34,9.468521082957745,1,425.5140000000002
O=C(NCCO)Nc1ccc(-c2nc(N3CCOCC3)c3cnn(C4CCN(Cc5ccccc5)CC4)c3n2)cc1,0.3,9.522878745280337,1,556.6710000000003
O=C(NCCO)Nc1nc(N2CCOCC2)c2ccccc2n1,86.6,7.062482107982653,1,317.349
O=C(NCc1cc(C(F)(F)F)cc(C(F)(F)F)c1)Nc1ccc(C(F)(F)F)cc1,20430.0,4.689731633367552,0,430.27000000000004
O=C(NCc1cc(C(F)(F)F)cc(C(F)(F)F)c1)Nc1cccc(F)c1,17630.0,4.753747687700678,0,380.26300000000003
O=C(NCc1ccc(O)cc1)Nc1ccc(C(F)(F)F)cc1,10290.0,4.987584625237567,0,310.275
O=C(NCc1ccc(O)cc1)Nc1cccc(Cl)c1,27060.0,4.567672207738396,0,276.723
O=C(NCc1ccc(O)cc1)Nc1cccc(F)c1,30000.0,4.522878745280337,0,260.268
O=C(NCc1cccc(Br)c1)Nc1ccc(C(F)(F)F)cc1,15820.0,4.800793520838342,0,373.172
O=C(NOCCOCCOCCOCCC(=O)N1CCN(c2cnc3ccc(-c4cnc(Cl)c(NS(=O)(=O)c5ccc(F)cc5)c4)cc3n2)CC1)c1ccc(F)c(F)c1Nc1ccc(I)cc1F,53.1,7.274905478918531,1,1093.2949999999998
O=C(N[C@@H](COc1ccc2[nH]c(=O)[nH]c2c1)c1ccccc1)c1cccn(Cc2ccc(F)c(F)c2)c1=O,1760.0,5.7544873321858505,0,516.5040000000002
O=C(Nc1ccc(-c2cc(N3CCOCC3)nc(N3CCOCC3)n2)cc1)Nc1ccc(Cl)c(-c2cccnc2)c1,330.0,6.481486060122113,1,572.0690000000002
O=C(Nc1ccc(-c2cc(N3CCOCC3)nc(N3CCOCC3)n2)cc1)Nc1ccc(Cl)c(-c2ccncc2)c1,260.0,6.585026652029182,1,572.0690000000002
O=C(Nc1ccc(-c2ccnc(N3CCOCC3)n2)cc1)Nc1ccc(Cl)c(-c2cccnc2)c1,10000.0,5.0,0,486.963
O=C(Nc1ccc(-c2nc(C3=CCOCC3)c3cnn(CC(F)(F)F)c3n2)cc1)Nc1cccnc1,1.7,8.769551078621726,1,495.46500000000003
O=C(Nc1ccc(-c2nc(C3=CCOCC3)c3sccc3n2)cc1)Nc1cccnc1,1.1,8.958607314841775,1,429.505
O=C(Nc1ccc(-c2nc(C3CCOCC3)nc(N3C4CCC3COC4)n2)cc1)Nc1ccc(N2CCNCC2)cc1,0.535,9.271646217978772,1,570.6980000000002
O=C(Nc1ccc(-c2nc(N3C4CCC3COC4)c3cnn(CC(F)(F)F)c3n2)cc1)Nc1cccnc1,0.2,9.698970004336019,1,524.5070000000001
O=C(Nc1ccc(-c2nc(N3C4CCC3COC4)nc(N3C4CCC3COC4)n2)cc1)Nc1ccc(N2CCNCC2)cc1,0.57,9.244125144327509,1,597.7239999999999
O=C(Nc1ccc(-c2nc(N3C4CCC3COC4)nc(N3C4CCC3COC4)n2)cc1)Nc1ccc2c(c1)COC2=O,1.2,8.920818753952375,1,569.6220000000002
O=C(Nc1ccc(-c2nc(N3CC4CCC(C3)O4)c3cnn(C4CCC5(CC4)OCCO5)c3n2)cc1)NC1CC1,0.22,9.657577319177793,1,545.6440000000002
O=C(Nc1ccc(-c2nc(N3CC4CCC(C3)O4)c3cnn(C4CCC5(CC4)OCCO5)c3n2)cc1)Nc1cccnc1,0.12,9.920818753952375,1,582.6650000000003
O=C(Nc1ccc(-c2nc(N3CC4CCC(C3)O4)c3cnn(CC(F)(F)F)c3n2)cc1)Nc1ccc(N2CCNCC2)cc1,0.2,9.698970004336019,1,607.6409999999998
O=C(Nc1ccc(-c2nc(N3CC4CCC(C3)O4)c3cnn(CC(F)(F)F)c3n2)cc1)Nc1cccnc1,0.19,9.721246399047171,1,524.5070000000001
O=C(Nc1ccc(-c2nc(N3CC4CCC(C3)O4)c3sccc3n2)cc1)NC1CC1,0.68,9.167491087293763,1,421.52600000000007
O=C(Nc1ccc(-c2nc(N3CC4CCC(C3)O4)c3sccc3n2)cc1)Nc1cccnc1,0.29,9.537602002101044,1,458.547
O=C(Nc1ccc(-c2nc(N3CCCOCC3)nc(N3CCOCC3)n2)cc1)Nc1ccc2c(c1)COC2=O,4.8,8.318758762624412,1,531.5730000000003
O=C(Nc1ccc(-c2nc(N3CCNCC3)nc(N3CCOCC3)n2)cc1)Nc1ccc2c(c1)COC2=O,32.0,7.494850021680094,1,516.5620000000004
O=C(Nc1ccc(-c2nc(N3CCOCC3)c3c(n2)C2(CC2)OC3)cc1)NC1CC1,31.62,7.50003813440381,1,407.47400000000016
O=C(Nc1ccc(-c2nc(N3CCOCC3)c3cccnc3n2)cc1)Nc1ccc(S(=O)(=O)Nc2ccccn2)cc1,39.8,7.400116927926312,1,582.6460000000001
O=C(Nc1ccc(-c2nc(N3CCOCC3)c3cccnc3n2)cc1)Nc1ccc(S(=O)(=O)Nc2ncccn2)cc1,9.9,8.00436480540245,1,583.6340000000001
O=C(Nc1ccc(-c2nc(N3CCOCC3)c3cccnc3n2)cc1)Nc1ccc(S(=O)(=O)Nc2nccs2)cc1,8.8,8.05551732784983,1,588.6750000000002
O=C(Nc1ccc(-c2nc(N3CCOCC3)c3cccnc3n2)cc1)Nc1cccc(CO)c1,82.9,7.081445469449727,1,456.5060000000001
O=C(Nc1ccc(-c2nc(N3CCOCC3)c3cnn(C4CCN(Cc5ccccc5)CC4)c3n2)cc1)NC1CC1,2.6,8.585026652029182,1,552.6830000000001
O=C(Nc1ccc(-c2nc(N3CCOCC3)c3cnn(C4CCN(Cc5ccccc5)CC4)c3n2)cc1)Nc1cccnc1,0.8,9.096910013008056,1,589.7040000000002
O=C(Nc1ccc(-c2nc(N3CCOCC3)c3cnn(C4CCN(Cc5ccccc5)CC4)c3n2)cc1)Nc1ncc[nH]1,0.7,9.154901959985743,1,578.6810000000002
O=C(Nc1ccc(-c2nc(N3CCOCC3)c3cnn(C4CCN(Cc5cccnc5)CC4)c3n2)cc1)OCCO,1.5,8.823908740944319,1,558.6430000000001
O=C(Nc1ccc(-c2nc(N3CCOCC3)c3cnn(CC(F)(F)F)c3n2)cc1)Nc1cccnc1,0.21500000000000002,9.667561540084394,1,498.46900000000005
O=C(Nc1ccc(-c2nc(N3CCOCC3)c3ncccc3n2)cc1)Nc1ccc(S(=O)(=O)Nc2ccccn2)cc1,274.0,6.562249437179612,1,582.6460000000001
O=C(Nc1ccc(-c2nc(N3CCOCC3)c3ncccc3n2)cc1)Nc1ccc(S(=O)(=O)Nc2ncccn2)cc1,26.2,7.581698708680254,1,583.6340000000001
O=C(Nc1ccc(-c2nc(N3CCOCC3)c3ncccc3n2)cc1)Nc1ccc(S(=O)(=O)Nc2nccs2)cc1,54.9,7.260427655549908,1,588.6750000000002
O=C(Nc1ccc(-c2nc(N3CCOCC3)c3ncccc3n2)cc1)Nc1cccc(CO)c1,1.0,9.0,1,456.5060000000001
O=C(Nc1ccc(-c2nc(N3CCOCC3)c3ncccc3n2)cc1)Nc1cccc(O)c1,36.0,7.443697499232712,1,442.47900000000004
O=C(Nc1ccc(-c2nc(N3CCOCC3)c3ncccc3n2)cc1)Nc1cccnc1,35.0,7.455931955649724,1,427.468
O=C(Nc1ccc(-c2nc(N3CCOCC3)c3nnn(C4CC4)c3n2)cc1)Nc1cccnc1,0.57,9.244125144327509,1,457.4980000000001
O=C(Nc1ccc(-c2nc(N3CCOCC3)c3nnn(C4CC4)c3n2)cc1)Nc1cccs1,3.05,8.515700160653214,1,462.5390000000001
O=C(Nc1ccc(-c2nc(N3CCOCC3)nc(N3C4CCC3CNC4)n2)cc1)Nc1ccc2c(c1)COC2=O,20.0,7.698970004336019,1,542.6000000000003
O=C(Nc1ccc(-c2nc(N3CCOCC3)nc(N3C4CCC3COC4)n2)cc1)Nc1ccc(-c2cccnc2)nc1,3.45,8.462180904926726,1,565.6380000000001
O=C(Nc1ccc(-c2nc(N3CCOCC3)nc(N3C4CCC3COC4)n2)cc1)Nc1ccc2c(c1)COC2=O,1.7,8.769551078621726,1,543.5840000000003
O=C(Nc1ccc(-c2nc(N3CCOCC3)nc(N3C4CCC3COC4)n2)cc1)Nc1cccnc1,0.5,9.301029995663981,1,488.5520000000002
O=C(Nc1ccc(-c2nc(N3CCOCC3)nc(N3C4CCC3COC4)n2)cc1)Nc1ccnc(Cl)c1,1.26,8.899629454882437,1,522.9970000000002
O=C(Nc1ccc(-c2nc(N3CCOCC3)nc(N3C4CCC3COC4)n2)cc1)Nc1ccnnc1,1.55,8.809668301829708,1,489.5400000000002
O=C(Nc1ccc(-c2nc(N3CCOCC3)nc(N3C4CCC3COC4)n2)cc1)Nc1cncnc1,0.73,9.136677139879543,1,489.5400000000002
O=C(Nc1ccc(-c2nc(N3CCOCC3)nc(N3CC4CCC(C3)O4)n2)cc1)Nc1ccc2c(c1)COC2=O,4.6,8.337242168318426,1,543.5840000000003
O=C(Nc1ccc(-c2nc(N3CCOCC3)nc(N3CCOCC3)n2)cc1)NN1CCCCC1,460.0,6.337242168318426,1,468.56200000000035
O=C(Nc1ccc(-c2nc(N3CCOCC3)nc(N3CCOCC3)n2)cc1)Nc1ccc(Cl)c(-c2ccccc2)c1,3450.0,5.462180904926726,0,572.0690000000003
O=C(Nc1ccc(-c2nc(N3CCOCC3)nc(N3CCOCC3)n2)cc1)Nc1ccc(Cl)c(-c2ccccn2)c1,90.0,7.045757490560675,1,573.0570000000002
O=C(Nc1ccc(-c2nc(N3CCOCC3)nc(N3CCOCC3)n2)cc1)Nc1ccc(Cl)c(-c2cccnc2)c1,200.0,6.698970004336019,1,573.0570000000002
O=C(Nc1ccc(-c2nc(N3CCOCC3)nc(N3CCOCC3)n2)cc1)Nc1ccc(Cl)c(-c2ccncc2)c1,180.0,6.7447274948966935,1,573.0570000000002
O=C(Nc1ccc(-c2nc(N3CCOCC3)nc(N3CCOCC3)n2)cc1)Nc1ccc(F)cc1F,9.3,8.031517051446064,1,497.5060000000002
O=C(Nc1ccc(-c2nc(N3CCOCC3)nc(N3CCOCC3)n2)cc1)Nc1ccc2c(c1)C(=O)NC2,6.2,8.207608310501746,1,516.5620000000002
O=C(Nc1ccc(-c2nc(N3CCOCC3)nc(N3CCOCC3)n2)cc1)Nc1ccc2c(c1)C(=O)NC2=O,34.6,7.460923901207224,1,530.5450000000003
O=C(Nc1ccc(-c2nc(N3CCOCC3)nc(N3CCOCC3)n2)cc1)Nc1ccc2c(c1)C(=O)OC2,4.6,8.337242168318426,1,517.5460000000003
O=C(Nc1ccc(-c2nc(N3CCOCC3)nc(N3CCOCC3)n2)cc1)Nc1ccc2c(c1)CNC2,2.5,8.602059991327963,1,502.5790000000003
O=C(Nc1ccc(-c2nc(N3CCOCC3)nc(N3CCOCC3)n2)cc1)Nc1ccc2c(c1)CNC2=O,5.0,8.301029995663981,1,516.5620000000002
O=C(Nc1ccc(-c2nc(N3CCOCC3)nc(N3CCOCC3)n2)cc1)Nc1ccc2c(c1)COC2=O,3.3,8.481486060122112,1,517.5460000000003
O=C(Nc1ccc(-c2nc(N3CCOCC3)nc(N3CCOCC3)n2)cc1)Nc1cccnc1,1.2,8.920818753952375,1,462.5140000000002
O=C(Nc1ccc(-c2nc(N3CCOCC3)nc(N3CCOCC3)n2)cc1)Nc1cccs1,1.7,8.769551078621726,1,467.5550000000002
O=C(Nc1ccc(-c2nc(N3CCOCC3)nc(N3CCOCC3)n2)cc1)Nc1ccnnc1,2.3,8.638272163982407,1,463.5020000000002
O=C(Nc1ccc(-c2nc(N3CCOCC3)nc(N3CCOC[C@H]3CO)n2)cc1)Nc1ccc2c(c1)COC2=O,2.2,8.657577319177793,1,547.5720000000002
O=C(Nc1ccc(-c2nc(N3CCOCC3)nc(N3CCO[C@@H](CO)C3)n2)cc1)Nc1ccc2c(c1)COC2=O,3.1,8.508638306165727,1,547.5720000000002
O=C(Nc1ccc(-c2nc(N3CCOCC3)nc(N3CCO[C@H](CO)C3)n2)cc1)Nc1ccc2c(c1)COC2=O,3.4,8.468521082957745,1,547.5720000000002
O=C(Nc1ccc(-c2nc(N3CCOCC3)nc(N3C[C@H]4C[C@@H]3CO4)n2)cc1)Nc1ccc2c(c1)COC2=O,4.2,8.3767507096021,1,529.5570000000002
O=C(Nc1ccc(-c2nc(N3CCOCC3)nc(N3C[C@H]4OCCO[C@@H]4C3)n2)cc1)Nc1ccc2c(c1)COC2=O,8.5,8.070581074285707,1,559.5830000000002
O=C(Nc1ccc(-c2nc(N3C[C@@H]4C[C@H]3CO4)c3cnn(CC(F)(F)F)c3n2)cc1)NC1CC1,1.9,8.721246399047171,1,473.4590000000001
O=C(Nc1ccc(-c2nc(N3C[C@@H]4C[C@H]3CO4)c3cnn(CC(F)(F)F)c3n2)cc1)Nc1cccnc1,1.2,8.920818753952375,1,510.4800000000001
O=C(Nc1ccc(-c2nc(N3C[C@H]4C[C@@H]3CO4)c3cnn(CC(F)(F)F)c3n2)cc1)NC1CC1,53.0,7.275724130399211,1,473.4590000000001
O=C(Nc1ccc(-c2nc(N3C[C@H]4C[C@@H]3CO4)c3cnn(CC(F)(F)F)c3n2)cc1)Nc1cccnc1,17.0,7.769551078621726,1,510.4800000000001
O=C(Nc1ccc(-c2ncc(OCCN3CCOCC3)c(N3CCOCC3)n2)cc1)Nc1ccc(N2CCOCC2=O)cc1,42.3,7.373659632624958,1,603.6800000000003
O=C(Nc1ccc(C(=O)CCl)cc1)Nc1ccc(-c2nc(N3CCOCC3)c3cccnc3n2)cc1,1190.0,5.924453038607469,0,502.96200000000033
O=C(Nc1ccc(C(=O)N2CCC(N3CCCC3)CC2)cc1)Nc1ccc(-c2nc(N3CCOCC3)nc(N3CCOCC3)n2)cc1,0.8,9.096910013008056,1,641.7769999999999
O=C(Nc1ccc(C(=O)N2CCC(N3CCCCC3)CC2)cc1)Nc1ccc(-c2nc(N3CCOCC3)nc(N3CCOCC3)n2)cc1,0.7,9.154901959985743,1,655.804
O=C(Nc1ccc(C(=O)N2CCCC2C(=O)O)cc1)Nc1ccc(-c2nc(N3CCOCC3)nc(N3CCOCC3)n2)cc1,3.7,8.431798275933005,1,602.6520000000002
O=C(Nc1ccc(C(=O)N2CCOCC2)cc1)Nc1ccc(-c2ncc(OCCN3CCOCC3)c(N3CCOCC3)n2)cc1,110.95,6.954872693431973,1,617.7070000000001
O=C(Nc1ccc(C(=O)NCCN2CCCC2)cc1)Nc1ccc(-c2nc(O[C@H]3CCOC3)nc(N3CCOCC3)n2)cc1,0.3,9.522878745280337,1,602.696
O=C(Nc1ccc(C(=O)NCCN2CCCCC2)cc1)Nc1ccc(-c2nc(O[C@H]3CCOC3)nc(N3CCOCC3)n2)cc1,0.4,9.397940008672037,1,616.723
O=C(Nc1ccc(C(=O)O)cc1)Nc1ccc(-c2nc(N3CCOCC3)nc(N3CCOCC3)n2)cc1,1.5,8.823908740944319,1,505.5350000000005
O=C(Nc1ccc(C(F)(F)F)cc1)Nc1cccc(F)c1,12560.0,4.901010360598823,0,298.23900000000003
O=C(Nc1ccc(C(F)(F)F)cc1)Nc1nc2ccccc2[nH]1,23680.0,4.6256183019491175,0,320.274
O=C(Nc1ccc(CCO)cc1)Nc1ccc(-c2nc(N3CCOCC3)c3cccnc3n2)cc1,36.6,7.436518914605589,1,470.5330000000003
O=C(Nc1ccc(CCO)cc1)Nc1ccc(-c2nc(N3CCOCC3)c3ncccc3n2)cc1,40.6,7.391473966422806,1,470.5330000000003
O=C(Nc1ccc(CCO)cc1)Nc1ccc(-c2nc(N3CCOCC3)nc(N3C4CCC3COC4)n2)cc1,0.32,9.494850021680094,1,531.6170000000005
O=C(Nc1ccc(CCO)cc1)Nc1ccc(-c2nc(N3CCOCC3)nc(N3CCOCC3)n2)cc1,1.8,8.744727494896694,1,505.57900000000046
O=C(Nc1ccc(CCO)cc1)Nc1nc(N2CCOCC2)c2ccccc2n1,52.2,7.282329496997738,1,393.44700000000023
O=C(Nc1ccc(CO)cc1)Nc1ccc(-c2nc(N3C4CCC3COC4)nc(N3C4CCC3COC4)n2)cc1,0.18,9.744727494896694,1,543.6280000000004
O=C(Nc1ccc(CO)cc1)Nc1ccc(-c2nc(N3CCOCC3)c3cccnc3n2)cc1,54.3,7.265200170411153,1,456.50600000000026
O=C(Nc1ccc(CO)cc1)Nc1ccc(-c2nc(N3CCOCC3)c3ncccc3n2)cc1,5.0,8.301029995663981,1,456.50600000000026
O=C(Nc1ccc(CO)cc1)Nc1ccc(-c2nc(N3CCOCC3)nc(N3C4CCC3COC4)n2)cc1,0.43,9.366531544420413,1,517.5900000000005
O=C(Nc1ccc(CO)cc1)Nc1ccc(-c2nc(N3CCOCC3)nc(N3CCOCC3)n2)cc1,1.9,8.721246399047171,1,491.5520000000004
O=C(Nc1ccc(CO)cc1)Nc1nc(N2CCOCC2)c2ccccc2n1,58.8,7.230622673923861,1,379.42000000000013
O=C(Nc1ccc(Cl)c(C(F)(F)F)c1)N1CCN(c2nc3c(c(N4CCOCC4)n2)CS(=O)(=O)CC3)CC1,9430.0,5.0254883072626715,0,575.013
O=C(Nc1ccc(Cl)c(C(F)(F)F)c1)N1CCN(c2nc3c(c(N4CCOCC4)n2)CSCC3)CC1,6260.0,5.20342566678957,0,543.0150000000002
O=C(Nc1ccc(Cl)cc1)Nc1ccc(-c2nc(N3CCOCC3)nc(N3CCOCC3)n2)cc1,6.7,8.173925197299173,1,495.97100000000046
O=C(Nc1ccc(F)c(Cl)c1)Nc1ccc(-c2nc3c(c(N4CCOCC4)n2)CS(=O)(=O)CC3)cn1,940.0,6.026872146400302,1,532.9850000000005
O=C(Nc1ccc(F)c(Cl)c1)Nc1ccc(-c2nc3c(c(N4CCOCC4)n2)CSCC3)cn1,860.0,6.0655015487564325,1,500.9870000000004
O=C(Nc1ccc(F)cc1)Nc1ccc(-c2nc(N3CCOCC3)nc(N3C4CCC3COC4)n2)cc1,1.9,8.721246399047171,1,505.5540000000004
O=C(Nc1ccc(F)cc1)Nc1ccc(-c2nc(N3CCOCC3)nc(N3CCOCC3)n2)cc1,3.9,8.4089353929735,1,479.5160000000004
O=C(Nc1ccc(O)cc1)Nc1ccc(-c2nc(N3CCOCC3)c3ncccc3n2)cc1,54.0,7.267606240177032,1,442.47900000000027
O=C(Nc1ccc(OCCN2CCCC2)cc1)Nc1ccc(-c2nc(N3C4CCC3COC4)nc(N3C4CCC3COC4)n2)cc1,0.8,9.096910013008056,1,626.7620000000001
O=C(Nc1ccc(OCCO)cc1)Nc1ccc(-c2nc(N3C4CCC3COC4)nc(N3C4CCC3COC4)n2)cc1,0.26,9.585026652029182,1,573.6540000000003
O=C(Nc1ccc(S(=O)(=O)Nc2ccccn2)cc1)Nc1nc(N2CCOCC2)c2ccccc2n1,93.4,7.029653123769907,1,505.56000000000034
O=C(Nc1ccc(S(=O)(=O)Nc2ncccn2)cc1)Nc1nc(N2CCOCC2)c2ccccc2n1,37.4,7.42712839779952,1,506.54800000000034
O=C(Nc1ccc(S(=O)(=O)Nc2nccs2)cc1)Nc1nc(N2CCOCC2)c2ccccc2n1,83.0,7.080921907623926,1,511.58900000000034
O=C(Nc1cccc(-c2ccnc3cc(-c4ccncc4)nn23)c1)c1cccc(C(F)(F)F)c1,50000.0,4.301029995663981,0,459.4310000000001
O=C(Nc1cccc(-c2ncnc3sc(-c4ccncc4)cc23)c1)c1cccc(C(F)(F)F)c1,10000.0,5.0,0,476.48300000000006
O=C(Nc1cccc(CO)c1)Nc1nc(N2CCOCC2)c2ccccc2n1,159.0,6.798602875679548,1,379.42000000000013
O=C(Nc1cccc(F)c1)Nc1nc2ccccc2[nH]1,4930.0,5.30715308072277,0,270.267
O=C(Nc1ccccc1)Nc1ccc(-c2nc(C3=CCOCC3)c3sccc3n2)cc1,7.2,8.142667503568731,1,428.51700000000017
O=C(Nc1ccccc1)Nc1ccc(-c2nc(N3CC4CCC(C3)O4)c3cnn(C4CCC5(CC4)OCCO5)c3n2)cc1,0.16,9.795880017344075,1,581.6770000000004
O=C(Nc1ccccc1)Nc1ccc(-c2nc(N3CC4CCC(C3)O4)c3sccc3n2)cc1,1.25,8.903089986991944,1,457.5590000000002
O=C(Nc1ccccc1)Nc1ccc(-c2nc(N3CCOCC3)c3cccnc3n2)cc1,75.8,7.120330794367947,1,426.4800000000002
O=C(Nc1ccccc1)Nc1ccc(-c2nc(N3CCOCC3)c3cnn(C4CCN(Cc5ccccc5)CC4)c3n2)cc1,2.4,8.619788758288394,1,588.7160000000001
O=C(Nc1ccccc1)Nc1ccc(-c2nc(N3CCOCC3)c3ncccc3n2)cc1,201.0,6.696803942579511,1,426.4800000000002
O=C(Nc1ccccc1)Nc1ccc(-c2nc(N3CCOCC3)nc(N3C4CCC3COC4)n2)cc1,2.0,8.698970004336019,1,487.56400000000036
O=C(Nc1ccccc1)Nc1ccc(-c2nc(N3CCOCC3)nc(N3CCOCC3)n2)cc1,3.9,8.4089353929735,1,461.52600000000035
O=C(Nc1ccccc1)Nc1nc(N2CCOCC2)c2ccccc2n1,504.0,6.297569463554475,1,349.394
O=C(Nc1ccncc1)Nc1ccc(-c2nc(C3=CCOCC3)c3sccc3n2)cc1,1.8,8.744727494896694,1,429.5050000000002
O=C(Nc1ccncc1)Nc1ccc(-c2nc(N3CC4CCC(C3)O4)c3cnn(C4CCC5(CC4)OCCO5)c3n2)cc1,0.12,9.920818753952375,1,582.6650000000003
O=C(Nc1ccncc1)Nc1ccc(-c2nc(N3CC4CCC(C3)O4)c3sccc3n2)cc1,0.44,9.356547323513812,1,458.5470000000002
O=C(Nc1ccncc1)Nc1ccc(-c2nc(N3CCOCC3)c3cc[nH]c3n2)cc1,1.0,9.0,1,415.45700000000016
O=C(Nc1ccncc1)Nc1ccc(-c2nc(N3CCOCC3)c3ccn(CC(F)(F)F)c3n2)cc1,1.0,9.0,1,497.4810000000002
O=C(Nc1ccncc1)Nc1ccc(-c2nc(N3CCOCC3)c3ccn(CCN4CCCC4)c3n2)cc1,7.0,8.154901959985743,1,512.6180000000005
O=C(Nc1ccncc1)Nc1ccc(-c2nc(N3CCOCC3)c3ccn(CCN4CCCCC4)c3n2)cc1,52.0,7.2839966563652006,1,526.6450000000006
O=C(Nc1ccncc1)Nc1ccc(-c2nc(N3CCOCC3)c3ccn(CCN4CCNCC4)c3n2)cc1,14.0,7.853871964321762,1,527.6330000000005
O=C(Nc1ccncc1)Nc1ccc(-c2nc(N3CCOCC3)c3ccn(CCO)c3n2)cc1,2.0,8.698970004336019,1,459.5100000000003
O=C(Nc1ccncc1)Nc1ccc(-c2nc(N3CCOCC3)c3cnn(C4CCN(C(=O)c5cccnc5)CC4)c3n2)cc1,0.83,9.080921907623926,1,604.6750000000002
O=C(Nc1ccncc1)Nc1ccc(-c2nc(N3CCOCC3)c3nnn(C4CC4)c3n2)cc1,0.84,9.075720713938118,1,457.4980000000003
O=C(Nc1ccncc1)Nc1ccc(-c2nc(N3CCOCC3)nc(N3C4CCC3COC4)n2)cc1,0.42,9.3767507096021,1,488.55200000000036
O=C(Nc1ccncc1)Nc1ccc(-c2nc(N3CCOCC3)nc(N3C4COCC3[C@@H](O)C4)n2)cc1,0.8,9.096910013008056,1,504.55100000000033
O=C(Nc1ccncc1)Nc1ccc(-c2nc(N3CCOCC3)nc(N3CCOCC3)n2)cc1,1.2,8.920818753952375,1,462.51400000000035
O=C(Nc1ccncc1)Nc1ccc(-c2ncc(OCCN3CCOCC3)c(N3CCOCC3)n2)cc1,169.15,6.771727997876001,1,505.5790000000005
O=C(Nc1cnc2ccc(-c3cnc4ccccc4c3)cc2c1Nc1ccc(N2CCNCC2)c(C(F)(F)F)c1)C(F)(F)F,310.0,6.508638306165727,1,610.5620000000005
O=C(Nc1cncnc1)Nc1nc(N2CCOCC2)c2ccccc2n1,115.0,6.939302159646388,1,351.37000000000006
O=C(Nc1nc2ccccc2[nH]1)c1ccc(OC(F)(F)F)cc1,3990.0,5.399027104313252,0,321.258
O=C(O)N1CCN(c2ccc(Nc3ccnc4ccc(-c5cnc6ccccc6c5)cc34)cc2C(F)(F)F)CC1,1700.0,5.769551078621726,0,543.5490000000001
O=C(O)c1cc2nc(N3CCOCC3)nc(N3CCOCC3)c2s1,2000.0,5.698970004336019,0,350.4000000000001
O=C(O)c1ccc(-c2cnc3[nH]c(=O)n(CC4CCCCC4)c3n2)cc1,130.0,6.886056647693163,1,352.3940000000002
O=C(O)c1ccc2occ(/C=N/Nc3nc(N4CCOCC4)c4ccsc4n3)c(=O)c2c1,160.0,6.795880017344075,1,451.4640000000003
O=C(O)c1ccc2occ(/C=N/Nc3nc(N4CCOCC4)c4sccc4n3)c(=O)c2c1,3310.0,5.480172006224281,0,451.4640000000003
O=C(O)c1ccc2occ(/C=N/Nc3nc4c(c(N5CCOCC5)n3)CSCC4)c(=O)c2c1,1100.0,5.958607314841775,0,467.5070000000004
O=C(c1cc([C@H]2CCCN2c2cc(F)cc(F)c2)c2oc(N3CCOCC3)cc(=O)c2c1)N1CCOCC1,42000.0,4.376750709602099,0,525.5520000000005
O=C(c1ccc(C(=O)C(F)(F)F)cc1)N1CCOc2ccc(-c3cnc4ccccc4c3)cc2C1,95.0,7.022276394711152,1,476.4540000000002
O=C(c1ccc2nc(Nc3ccc(-c4nc(N5CCOCC5)nc(N5CCOCC5)n4)cc3)[nH]c2c1)N1CCOCC1,12900.0,4.889410289700751,0,571.6420000000002
O=C(c1ccccc1)N1CCC(n2ncc3c(N4CCOCC4)nc(-c4cccc(O)c4)nc32)CC1,4.0,8.397940008672037,1,484.56000000000034
O=C(c1ccccc1)c1ccc(N2CCOCC2)cc1O,100000.0,4.0,0,283.32699999999994
O=C(c1cccnc1)N1CCC(n2ncc3c(N4CCOCC4)nc(-c4ccc5[nH]ccc5c4)nc32)CC1,4.0,8.397940008672037,1,508.58600000000035
O=C(c1cccnc1)N1CCC(n2ncc3c(N4CCOCC4)nc(-c4cccc(O)c4)nc32)CC1,6.0,8.221848749616356,1,485.54800000000034
O=C(c1cnc2ccc(-c3cnc(Cl)c(NS(=O)(=O)c4ccc(F)cc4F)c3)cn12)N1CCOCC1,1000.0,6.0,1,533.9440000000001
O=C1/C(=C/c2c(-c3ccc(Cl)cc3)[nH]c3ccccc23)Oc2cc(O)cc(O)c21,190.0,6.721246399047171,1,403.8210000000002
O=C1/C(=C/c2c(-c3ccc(F)cc3)[nH]c3ccccc23)Oc2cc(O)cc(O)c21,123.0,6.910094888560602,1,387.36600000000016
O=C1/C(=C/c2c(-c3ccc4ccccc4c3)[nH]c3ccccc23)Oc2cc(O)cc(O)c21,280.0,6.552841968657781,1,419.4360000000002
O=C1/C(=C/c2c(-c3ccccc3)[nH]c3ccccc23)Oc2cc(O)cc(O)c21,130.0,6.886056647693163,1,369.37600000000015
O=C1/C(=C/c2c(-c3ccccn3)[nH]c3ccccc23)Oc2cc(O)cc(O)c21,22.0,7.657577319177793,1,370.36400000000015
O=C1/C(=C/c2c[nH]c3ccc(Br)cc23)Oc2cc(O)cc(O)c21,3700.0,5.431798275933005,0,372.1740000000001
O=C1/C(=C/c2c[nH]c3ccc(Cl)cc23)Oc2cc(O)cc(O)c21,11000.0,4.958607314841775,0,327.72300000000007
O=C1/C(=C/c2c[nH]c3ccc(Oc4ccccc4)cc23)Oc2cc(O)cc(O)c21,5000.0,5.301029995663981,0,385.37500000000017
O=C1/C(=C/c2c[nH]c3ccccc23)Oc2cc(O)cc(O)c21,9200.0,5.036212172654444,0,293.278
O=C1CN(CCC2CCOCC2)c2nc(-c3ccc(-c4nc[nH]n4)cc3)cnc2N1,16.666666666666668,7.778151250383644,1,405.46200000000005
O=C1CN(CCC2CCOCC2)c2nc(-c3ccc(-c4nc[nH]n4)nc3)cnc2N1,18.0,7.7447274948966935,1,406.45000000000005
O=C1CN(CCC2CCOCC2)c2nc(-c3ccc4[nH]ccc4c3)cnc2N1,122.0,6.913640169325252,1,377.44800000000004
O=C1CNc2ncc(-c3ccc(-c4nc[nH]n4)cc3)nc2N1CCC1CCOCC1,4.0,8.397940008672037,1,405.46200000000033
O=C1CNc2ncc(-c3ccc4[nH]ccc4c3)nc2N1CCC1CCOCC1,72.0,7.142667503568732,1,377.4480000000003
O=C1COc2ccc(-c3ccc(O)cc3)cc2N1,1000.0,6.0,1,241.246
O=C1COc2ccc(-c3ccc(O)cc3)cc2N1C1CC1,1000.0,6.0,1,281.3110000000001
O=C1COc2ccc(-c3ccc(O)cc3)cc2N1C1CCCCC1,1000.0,6.0,1,323.3920000000002
O=C1COc2ccc(-c3ccc(O)cc3)cc2N1c1ccc(Cl)cc1,1000.0,6.0,1,351.789
O=C1COc2ccc(-c3ccc(O)cc3)cc2N1c1ccc(F)cc1,1000.0,6.0,1,335.334
O=C1COc2ccc(-c3ccc(O)cc3)cc2N1c1ccccc1,1000.0,6.0,1,317.344
O=C1COc2ccc(-c3cccc(NS(=O)(=O)c4ccc(F)cc4)c3)cc2N1,1000.0,6.0,1,398.4150000000001
O=C1COc2ccc(-c3cccc(NS(=O)(=O)c4ccc(F)cc4)c3)cc2N1C1CC1,1000.0,6.0,1,438.4800000000002
O=C1COc2ccc(-c3cccc(NS(=O)(=O)c4ccc(F)cc4)c3)cc2N1C1CCCCC1,1000.0,6.0,1,480.5610000000003
O=C1COc2ccc(-c3cccc(NS(=O)(=O)c4ccc(F)cc4)c3)cc2N1c1ccc(Cl)cc1,1000.0,6.0,1,508.9580000000002
O=C1COc2ccc(-c3cccc(NS(=O)(=O)c4ccc(F)cc4)c3)cc2N1c1ccc(F)cc1,1000.0,6.0,1,492.50300000000016
O=C1COc2ccc(-c3cccc(NS(=O)(=O)c4ccc(F)cc4)c3)cc2N1c1ccccc1,1000.0,6.0,1,474.51300000000015
O=C1COc2ccc(-c3cnc(Cl)c(NS(=O)(=O)c4ccc(F)cc4)c3)cc2N1,328.0,6.484126156288321,1,433.8480000000001
O=C1COc2ccc(-c3cnc(Cl)c(NS(=O)(=O)c4ccc(F)cc4)c3)cc2N1C1CC1,267.0,6.573488738635425,1,473.91300000000024
O=C1COc2ccc(-c3cnc(Cl)c(NS(=O)(=O)c4ccc(F)cc4)c3)cc2N1C1CCCCC1,290.5,6.536853863273651,1,515.9940000000003
O=C1COc2ccc(-c3cnc(Cl)c(NS(=O)(=O)c4ccc(F)cc4)c3)cc2N1c1ccc(Cl)cc1,14.1,7.85078088734462,1,544.3910000000002
O=C1COc2ccc(-c3cnc(Cl)c(NS(=O)(=O)c4ccc(F)cc4)c3)cc2N1c1ccc(F)cc1,17.9,7.747146969020107,1,527.9360000000003
O=C1COc2ccc(-c3cnc(Cl)c(NS(=O)(=O)c4ccc(F)cc4)c3)cc2N1c1ccccc1,15.3,7.815308569182402,1,509.9460000000002
O=C1COc2ccc(-c3cnc4ccccc4c3)cc2N1,1000.0,6.0,1,276.295
O=C1COc2ccc(-c3cnc4ccccc4c3)cc2N1C1CC1,1000.0,6.0,1,316.3600000000001
O=C1COc2ccc(-c3cnc4ccccc4c3)cc2N1C1CCCCC1,1000.0,6.0,1,358.44100000000026
O=C1COc2ccc(-c3cnc4ccccc4c3)cc2N1c1ccc(Cl)cc1,1000.0,6.0,1,386.8380000000001
O=C1COc2ccc(-c3cnc4ccccc4c3)cc2N1c1ccc(F)cc1,1000.0,6.0,1,370.3830000000001
O=C1COc2ccc(-c3cnc4ccccc4c3)cc2N1c1ccccc1,1000.0,6.0,1,352.3930000000001
O=C1NC(=O)/C(=C/c2ccc3nccc(-c4ccncc4)c3c2)S1,12.0,7.920818753952375,1,333.372
O=C1NC(=O)/C(=C/c2ccn(-c3ccccn3)n2)S1,216.0,6.665546248849069,1,272.289
O=C1NC(=O)/C(=C/c2ccn(-c3ccncc3)n2)S1,94.0,7.026872146400302,1,272.289
O=C1NC(=O)/C(=C/c2cnn(-c3ccccc3)c2)S1,108.0,6.966576244513051,1,271.301
O=C1NC(=O)/C(=C/c2cnn(-c3cccnc3)c2)S1,93.4,7.029653123769907,1,272.289
O=C1NC(=O)c2ccc(I)cc2/C1=C/NCc1ccc(-c2ccoc2)c(O)c1,18000.0,4.7447274948966935,0,486.2650000000002
O=C1NC(=S)S/C1=C\c1ccn(-c2ccccn2)n1,83.0,7.080921907623926,1,288.357
O=C1NC(=S)S/C1=C\c1ccn(-c2cccnc2)n1,103.0,6.987162775294828,1,288.357
O=C1NC(=S)S/C1=C\c1cnn(-c2ccc(Cl)cc2)c1,69.0,7.161150909262744,1,321.8140000000001
O=C1NC(=S)S/C1=C\c1cnn(-c2ccc(F)cc2)c1,86.0,7.0655015487564325,1,305.35900000000004
O=C1NC(=S)S/C1=C\c1cnn(-c2cccc(F)c2)c1,91.7,7.037630664329979,1,305.35900000000004
O=C1NC(=S)S/C1=C\c1cnn(-c2ccccc2)c1,34.5,7.462180904926726,1,287.369
O=C1NC(=S)S/C1=C\c1cnn(-c2ccccc2Cl)c1,162.0,6.790484985457369,1,321.8140000000001
O=C1NC(=S)S/C1=C\c1cnn(-c2ccccc2F)c1,124.0,6.906578314837765,1,305.35900000000004
O=C1NC(=S)S/C1=C\c1cnn(-c2ccccn2)c1,89.6,7.047691990337875,1,288.357
O=C1NC(=S)S/C1=C\c1cnn(-c2cccnc2)c1,87.2,7.059483515067432,1,288.357
O=C1N[C@@H]2CCCC[C@@H]2N1c1ccn2ncc(-c3ccc(-c4ncc[nH]4)cc3)c2n1,9.5,8.022276394711152,1,399.4580000000001
O=C1N[C@H]2CCCC[C@@H]2N1c1ccn2ncc(-c3ccc(-c4ncc[nH]4)cc3)c2n1,18.3,7.73754891026957,1,399.4580000000001
O=C1OC(C(F)(F)F)CN1c1ccn2ncc(-c3ccc(-c4nc[nH]n4)cc3)c2n1,56.7,7.246416941107094,1,415.33500000000015
O=C1OCC(C2CCNCC2)N1c1ccn2ncc(-c3ccc(-c4nc[nH]n4)c(F)c3)c2n1,257.0,6.590066876668706,1,448.46200000000016
O=C1OCC(c2ccccc2N2CCNCC2)N1c1ccn2ncc(-c3ccc(-c4nc[nH]n4)c(F)c3)c2n1,10.1,7.995678626217358,1,525.5480000000001
O=C1OCC(c2ccccn2)N1c1ccn2ncc(-c3ccc(-c4nc[nH]n4)c(Cl)c3)c2n1,5.0,8.301029995663981,1,458.86900000000014
O=C1OCC(c2ccccn2)N1c1ccn2ncc(-c3ccc(-c4nc[nH]n4)c(F)c3)c2n1,7.4,8.130768280269024,1,442.4140000000001
O=C1OCC(c2ccccn2)N1c1ccn2ncc(-c3ccc(-c4nc[nH]n4)cc3)c2n1,49.2,7.308034897232639,1,424.4240000000001
O=C1OC[C@@H](c2ccc(Cl)cc2)N1c1ccn2ncc(-c3ccc(-c4nc[nH]n4)c(F)c3)c2n1,916.0,6.03810452633215,1,475.87100000000015
O=C1OC[C@@H](c2ccc(F)c(F)c2)N1c1ccn2ncc(-c3ccc(-c4nc[nH]n4)c(F)c3)c2n1,27.2,7.565431095965801,1,477.4060000000001
O=C1OC[C@@H](c2ccc(F)c(F)c2)N1c1ccn2ncc(-c3ccc(-c4nc[nH]n4)cc3)c2n1,593.0,6.226945306635737,1,459.4160000000001
O=C1OC[C@@H](c2ccc(F)cc2F)N1c1ccn2ncc(-c3ccc(-c4nc[nH]n4)c(F)c3)c2n1,88.7,7.052076380168273,1,477.4060000000001
O=C1OC[C@@H](c2ccc(F)cn2)N1c1ccn2ncc(-c3ccc(-c4nc[nH]n4)c(F)c3)c2n1,12.6,7.8996294548824375,1,460.40400000000017
O=C1OC[C@@H](c2ccccn2)N1c1ccn2ncc(-c3ccc(-c4nc[nH]n4)cc3)c2n1,495.0,6.305394801066432,1,424.4240000000001
O=C1OC[C@H](C2CC2)N1c1ccn2ncc(-c3ccc(-c4nc[nH]n4)c(F)c3)c2n1,4.5,8.346787486224656,1,405.3930000000001
O=C1OC[C@H](C2CCCC2)N1c1ccn2ncc(-c3ccc(-c4nc[nH]n4)c(F)c3)c2n1,1.7,8.769551078621726,1,433.4470000000001
O=C1OC[C@H](C2CCCCC2)N1c1ccn2ncc(-c3ccc(-c4nc[nH]n4)c(F)c3)c2n1,1.6,8.795880017344075,1,447.47400000000016
O=C1OC[C@H](C2CCCCC2)N1c1ccn2ncc(-c3ccc(-c4nc[nH]n4)cc3)c2n1,3.5,8.455931955649724,1,429.48400000000015
O=C1OC[C@H](C2CCOCC2)N1c1ccn2ncc(-c3ccc(-c4nc[nH]n4)c(F)c3)c2n1,4.4,8.356547323513812,1,449.44600000000014
O=C1OC[C@H](CC2CC2)N1c1ccn2ncc(-c3ccc(-c4nc[nH]n4)c(F)c3)c2n1,2.3,8.638272163982407,1,419.4200000000001
O=C1OC[C@H](Cc2ccccc2)N1c1ccn2ncc(-c3ccc(-c4nc[nH]n4)c(F)c3)c2n1,7.8,8.10790539730952,1,455.45300000000015
O=C1OC[C@H](Cc2ccccc2)N1c1ccn2ncc(-c3ccc(-c4nc[nH]n4)cc3)c2n1,17.1,7.767003889607846,1,437.46300000000014
O=C1OC[C@H](c2ccc(C(F)(F)F)cn2)N1c1ccn2ncc(-c3ccc(-c4nc[nH]n4)c(F)c3)c2n1,2.6,8.585026652029182,1,510.4110000000001
O=C1OC[C@H](c2ccc(Cl)cn2)N1c1ccn2ncc(-c3ccc(-c4nc[nH]n4)c(F)c3)c2n1,2.0,8.698970004336019,1,476.85900000000015
O=C1OC[C@H](c2ccc(F)c(Cl)c2)N1c1ccn2ncc(-c3ccc(-c4nc[nH]n4)c(F)c3)c2n1,0.51,9.292429823902063,1,493.86100000000016
O=C1OC[C@H](c2ccc(F)c(Cl)c2)N1c1ccn2ncc(-c3ccc(-c4nc[nH]n4)cc3)c2n1,1.2,8.920818753952375,1,475.87100000000015
O=C1OC[C@H](c2ccc(F)c(F)c2)N1c1ccn2ncc(-c3ccc(-c4nc[nH]n4)c(F)c3)c2n1,0.87,9.060480747381382,1,477.4060000000001
O=C1OC[C@H](c2ccc(F)cc2)N1c1ccn2ncc(-c3ccc(-c4cc[nH]n4)cc3)c2n1,4.9,8.309803919971486,1,440.43800000000016
O=C1OC[C@H](c2ccc(F)cc2)N1c1ccn2ncc(-c3ccc(-c4nc[nH]n4)c(F)c3)c2n1,0.51,9.292429823902063,1,459.41600000000017
O=C1OC[C@H](c2ccc(F)cc2)N1c1ccn2ncc(-c3ccc(-c4nc[nH]n4)cc3)c2n1,2.3,8.638272163982407,1,441.42600000000016
O=C1OC[C@H](c2ccc(F)cn2)N1c1ccn2ncc(-c3ccc(-c4nc[nH]n4)c(F)c3)c2n1,2.005,8.697885623043799,1,460.40400000000017
O=C1OC[C@H](c2ccc(F)cn2)N1c1ccn2ncc(-c3ccc(-c4nc[nH]n4)cc3)c2n1,2.7,8.568636235841012,1,442.41400000000016
O=C1OC[C@H](c2ccc(F)cn2)N1c1ccn2ncc(-c3ccc(-c4ncn(COP(=O)(O)O)n4)c(F)c3)c2n1,11.3,7.94692155651658,1,570.4090000000002
O=C1OC[C@H](c2cccc(Cl)c2)N1c1ccn2ncc(-c3ccc(-c4nc[nH]n4)c(F)c3)c2n1,1.6,8.795880017344075,1,475.87100000000015
O=C1OC[C@H](c2cccc(F)c2)N1c1ccn2ncc(-c3ccc(-c4nc[nH]n4)c(F)c3)c2n1,1.3,8.886056647693163,1,459.4160000000001
O=C1OC[C@H](c2ccccc2)N1c1ccn2ncc(-c3ccc(-c4nc[nH]n4)c(F)c3)c2n1,2.0,8.698970004336019,1,441.4260000000001
O=C1OC[C@H](c2ccccc2)N1c1ccn2ncc(-c3ccc(-c4nc[nH]n4)cc3)c2n1,4.2,8.3767507096021,1,423.4360000000001
O=C1OC[C@H](c2ccccc2)N1c1ccn2ncc(-c3ccc(-c4ncc[nH]4)cc3)c2n1,2.5,8.602059991327963,1,422.4480000000001
O=C1OC[C@H](c2ccccc2Cl)N1c1ccn2ncc(-c3ccc(-c4nc[nH]n4)c(F)c3)c2n1,25.3,7.5968794788241825,1,475.87100000000015
O=C1OC[C@H](c2ccccc2F)N1c1ccn2ncc(-c3ccc(-c4nc[nH]n4)c(F)c3)c2n1,36.0,7.443697499232712,1,459.4160000000001
O=C1OC[C@H](c2ccccn2)N1c1ccn2ncc(-c3ccc(-c4nc[nH]n4)cc3)c2n1,12.0,7.920818753952375,1,424.4240000000001
O=C1OC[C@H](c2ccccn2)N1c1ccn2ncc(-c3ccc(-c4ncc[nH]4)cc3)c2n1,12.8,7.892790030352131,1,423.4360000000001
O=C1OC[C@H](c2ccccn2)N1c1ccn2ncc(-c3ccc(-c4ncn(COP(=O)(O)O)n4)c(F)c3)c2n1,36.9,7.432973633840939,1,552.4190000000001
O=C1OC[C@H](c2cccnc2)N1c1ccn2ncc(-c3ccc(-c4nc[nH]n4)c(F)c3)c2n1,2.4,8.619788758288394,1,442.4140000000001
O=C1O[C@@H]2CCCC[C@@H]2N1c1ccn2ncc(-c3ccc(-c4nc[nH]n4)c(F)c3)c2n1,5.8,8.236572006437063,1,419.42000000000013
O=C1O[C@@H]2CCCC[C@@H]2N1c1ccn2ncc(-c3ccc(-c4nc[nH]n4)cc3)c2n1,16.4,7.785156151952302,1,401.4300000000001
O=C1O[C@@H]2CCC[C@@H]2N1c1ccn2ncc(-c3ccc(-c4nc[nH]n4)cc3)c2n1,16.1,7.79317412396815,1,387.40300000000013
O=C1O[C@@H]2Cc3ccccc3[C@@H]2N1c1ccn2ncc(-c3ccc(-c4nc[nH]n4)c(F)c3)c2n1,14.3,7.844663962534938,1,453.4370000000002
O=CCn1ccc2c(N3CCOCC3)nc(-c3ccc(NC(=O)Nc4ccncc4)cc3)nc21,3.0,8.522878745280337,1,457.494
O=P(O)(O)O[C@@H]1[C@@H](OP(=O)(O)O)[C@@H](OP(=O)(O)O)[C@@H](OCc2ccccc2)[C@H](OP(=O)(O)O)[C@H]1OP(=O)(O)O,1300.0,5.886056647693163,0,670.1760000000005
O=S(=O)(CCc1cnccn1)Cc1cc(N2CCOCC2)nc(-c2ccccn2)n1,3160.0,5.5003129173815966,0,426.5020000000002
O=S(=O)(Cc1cc(N2CCOCC2)nc(-c2ccccn2)n1)c1ccc(F)cc1,1380.0,5.860120913598763,0,414.462
O=S(=O)(Cc1cc(N2CCOCC2)nc(-c2ccccn2)n1)c1ccccc1,1411.27,5.850389890361508,0,396.472
O=S(=O)(Cc1ccc(F)cc1)c1cc(-c2cccc(O)c2)cc(N2CCOCC2)c1,4270.0,5.369572124974976,0,427.49700000000024
O=S(=O)(Cc1ccccc1)c1cc(-c2cnc(NCCO)nc2)cc(N2CCOCC2)c1,12200.0,4.913640169325252,0,454.5520000000003
O=S(=O)(Cc1nc(-c2cccc3[nH]ccc23)nc2c1OCC1COCCN21)C(F)(F)F,194.0,6.7121982700697735,1,454.4300000000003
O=S(=O)(Nc1cc(-c2cc3c(-c4ccncc4)ncnc3s2)cnc1Cl)c1ccc(Cl)s1,25.8,7.58838029403677,1,520.4480000000001
O=S(=O)(Nc1cc(-c2cc3c(-c4ccncc4)ncnc3s2)cnc1Cl)c1ccc(F)cc1,43.7,7.359518563029578,1,497.9640000000001
O=S(=O)(Nc1cc(-c2cc3c(-c4ccncc4)ncnc3s2)cnc1Cl)c1ccc(F)cc1F,53.6,7.27083521030723,1,515.9540000000002
O=S(=O)(Nc1cc(-c2ccc3nc[nH]c3c2)cnc1Cl)c1ccc(F)cc1,446.0,6.350665141287858,1,402.83800000000014
O=S(=O)(Nc1cc(-c2ccc3ncc(N4CCNCC4)nc3c2)cnc1Cl)c1ccc(F)cc1,5.97,8.224025668870631,1,498.9710000000002
O=S(=O)(Nc1cc(-c2ccc3ncc(N4CCOCC4)nc3c2)cnc1Cl)c1ccc(F)cc1,5.0,8.301029995663981,1,499.9550000000002
O=S(=O)(Nc1cc(-c2ccc3ncc(NCCN4CCOCC4)nc3c2)cnc1Cl)c1ccc(F)cc1,5.3,8.275724130399212,1,543.0240000000003
O=S(=O)(Nc1cc(-c2ccc3nccc(-c4cccnc4)c3c2)cnc1Cl)c1ccc(F)cc1,1.6,8.795880017344075,1,490.9470000000002
O=S(=O)(Nc1cc(-c2ccc3nccc(-c4ccncc4)c3c2)cnc1Cl)c1ccc(F)cc1,0.41,9.387216143280265,1,490.9470000000002
O=S(=O)(Nc1cc(-c2ccc3nccc(N4CCN(Cc5ccncc5)CC4)c3c2)cnc1Cl)c1ccc(F)cc1,3.9,8.4089353929735,1,589.0960000000003
O=S(=O)(Nc1cc(-c2ccc3nccc(N4CCOCC4)c3c2)cnc1Cl)c1ccc(F)cc1,3.9,8.4089353929735,1,498.96700000000027
O=S(=O)(Nc1cc(-c2ccc3nccn3c2)cnc1Cl)c1ccc(F)cc1,229.0,6.640164517660112,1,402.83800000000014
O=S(=O)(Nc1cc(-c2ccc3nccn3n2)cnc1Cl)c1ccc(F)cc1,49.0,7.309803919971486,1,403.8260000000001
O=S(=O)(Nc1cc(-c2ccc3ncoc3c2)cnc1Cl)c1ccc(F)cc1,76.0,7.119186407719209,1,403.82200000000006
O=S(=O)(Nc1cc(-c2ccc3ncsc3c2)cnc1Cl)c1ccc(F)cc1,33.0,7.481486060122112,1,419.89000000000004
O=S(=O)(Nc1cc(-c2ccc3nncn3c2)cnc1Cl)c1ccc(F)cc1,25000.0,4.6020599913279625,0,403.8260000000001
O=S(=O)(Nc1cc(-c2ccc3sncc3c2)cnc1Cl)c1ccc(F)cc1,292.0,6.534617148551582,1,419.89000000000004
O=S(=O)(Nc1cc(-c2cnc3[nH]nc(-c4ccc(CN5CCOCC5)cc4)c3c2)cnc1Cl)c1ccccc1,2.58,8.588380294036769,1,561.0670000000005
O=S(=O)(Nc1cc(-c2cnc3[nH]nc(-c4ccc(N5CCCC5)nc4)c3c2)cnc1Cl)c1ccccc1,8.29,8.081445469449726,1,532.0290000000003
O=S(=O)(Nc1cc(-c2cnc3[nH]nc(-c4ccc(N5CCCCC5)nc4)c3c2)cnc1Cl)c1ccccc1,4.3,8.366531544420413,1,546.0560000000004
O=S(=O)(Nc1cc(-c2cnc3[nH]nc(-c4ccc(N5CCOCC5)nc4)c3c2)cnc1Cl)c1ccccc1,1.43,8.844663962534938,1,548.0280000000004
O=S(=O)(Nc1cc(-c2cnc3[nH]nc(-c4cccc(CN5CCOCC5)c4)c3c2)cnc1Cl)c1ccccc1,8.2,8.086186147616283,1,561.0670000000005
O=S(=O)(Nc1cc(-c2cnc3[nH]nc(-c4ccccc4)c3c2)cnc1Cl)c1ccccc1,2.65,8.576754126063193,1,461.93400000000014
O=S(=O)(Nc1cc(-c2cnc3[nH]nc(-c4ccncc4)c3c2)cnc1Cl)c1ccc(F)cc1,2.03,8.692503962086787,1,480.9120000000001
O=S(=O)(Nc1cc(-c2cnc3[nH]nc(-c4ccncc4)c3c2)cnc1Cl)c1ccccc1,4.26,8.370590400897282,1,462.9220000000001
O=S(=O)(Nc1cc(-c2cnc3[nH]ncc3c2)cnc1Cl)c1ccccc1,32.16,7.492683959923586,1,385.83600000000007
O=S(=O)(Nc1cc(-c2cnc3ccc(-c4cccnc4)cn23)cnc1Cl)c1ccc(F)cc1,32.0,7.494850021680094,1,479.92400000000015
O=S(=O)(Nc1cc(-c2cnc3ccc(-c4ccncc4)cn23)cnc1Cl)c1ccc(F)cc1,36.0,7.443697499232712,1,479.92400000000015
O=S(=O)(Nc1cc(-c2cnc3ccc(Br)cn23)cnc1Cl)c1ccc(F)cc1,39.0,7.4089353929735005,1,481.7340000000001
O=S(=O)(Nc1cc(-c2cnc3ccc(Cl)nn23)cnc1Cl)c1ccc(F)cc1,102.0,6.991399828238082,1,438.27100000000013
O=S(=O)(Nc1cc(-c2cnc3ccc(N4CCOCC4)cn23)cnc1Cl)c1ccc(F)cc1,364.0,6.438898616350944,1,487.94400000000013
O=S(=O)(Nc1cc(-c2cnc3ccccn23)cnc1Cl)c1ccc(F)cc1,155.0,6.809668301829708,1,402.83800000000014
O=S(=O)(Nc1cc(-c2cnc3ncccn23)cnc1Cl)c1ccc(F)cc1,50000.0,4.301029995663981,0,403.8260000000001
O=S(=O)(Nc1nccs1)c1ccc(Nc2nc(N3CCOCC3)c3ccccc3n2)cc1,11400.0,4.943095148663527,0,468.5640000000003
O=S(=O)(c1ccc(Cl)cc1)N1CCN(c2nc(NCCN3CCOCC3)nc(N3CCOCC3)n2)CC1,28.18,7.550059011226662,1,553.0890000000003
O=S(=O)(c1ccc(F)cc1)N1CCN(c2nc(NCCN3CCOCC3)nc(N3CCOCC3)n2)CC1,35.25,7.452840878672583,1,536.6340000000004
O=S(=O)(c1ccc(O)cc1)N1CCN(c2nc(NCCN3CCOCC3)nc(N3CCOCC3)n2)CC1,8.45,8.073143291050307,1,534.6430000000004
O=S(=O)(c1cccc(Cl)c1)N1CCN(c2nc(NCCN3CCOCC3)nc(N3CCOCC3)n2)CC1,30.56,7.514846650096348,1,553.0890000000003
O=S(=O)(c1cccc(F)c1)N1CCN(c2nc(NCCN3CCOCC3)nc(N3CCOCC3)n2)CC1,93.7,7.028260409112222,1,536.6340000000004
O=S(=O)(c1cccc(O)c1)N1CCN(c2nc(NCCN3CCOCC3)nc(N3CCOCC3)n2)CC1,21.76,7.662341108973858,1,534.6430000000004
O=S(=O)(c1ccccc1)N1CCN(c2nc(NCCN3CCOCC3)nc(N3CCOCC3)n2)CC1,70.45,7.152119002554625,1,518.6440000000005
O=S(=O)(c1ccccc1)c1cc(-c2cnc(NC3CC3)nc2)cc(N2CCOCC2)c1,10000.0,5.0,0,436.5370000000003
O=S(=O)(c1ccccc1)c1cc(-c2cnc(NCCO)nc2)cc(N2CCOCC2)c1,16000.0,4.795880017344075,0,440.5250000000003
O=S(=O)(c1ccccc1Cl)N1CCN(c2nc(NCCN3CCOCC3)nc(N3CCOCC3)n2)CC1,35.25,7.452840878672583,1,553.0890000000003
O=S(=O)(c1ccccc1F)N1CCN(c2nc(NCCN3CCOCC3)nc(N3CCOCC3)n2)CC1,98.32,7.007358130121602,1,536.6340000000004
O=S(=O)(c1ccccc1O)N1CCN(c2nc(NCCN3CCOCC3)nc(N3CCOCC3)n2)CC1,32.45,7.488785298863612,1,534.6430000000004
O=S1(=O)CC2(OCCO2)c2cc3nccc(Nc4ccc5scnc5c4)c3cc21,10000.0,5.0,0,425.49100000000016
O=S1(=O)CCc2nc(N/N=C/c3cc(Br)c(O)c(Br)c3)nc(N3CCOCC3)c2C1,6930.0,5.159266765388193,0,561.256
O=[N+]([O-])c1ccc(S(=O)(=O)N2CCN(c3nc(NCCN4CCOCC4)nc(N4CCOCC4)n3)CC2)cc1,41.78,7.37903156435571,1,563.6410000000003
O=[N+]([O-])c1cccc(-c2n[nH]c3ncc(-c4cnc(Cl)c(NS(=O)(=O)c5ccccc5)c4)cc23)c1,6.76,8.170053304058364,1,506.93100000000015
O=[N+]([O-])c1cccc(S(=O)(=O)N2CCN(c3nc(NCCN4CCOCC4)nc(N4CCOCC4)n3)CC2)c1,76.81,7.114582234889064,1,563.6410000000003
O=[N+]([O-])c1ccccc1S(=O)(=O)N1CCN(c2nc(NCCN3CCOCC3)nc(N3CCOCC3)n2)CC1,66.32,7.178355482457783,1,563.6410000000002
O=c1[nH]c(=O)n(-c2cccc(C(F)(F)F)c2)c2c1cnc1ccc(-c3cnc4[nH]ccc4c3)nc12,1.12,8.950781977329818,1,474.4020000000001
O=c1[nH]c2ccc(-c3nc(N4CCOCC4)c4cnn(C5CCN(Cc6ccccc6)CC5)c4n3)cc2[nH]1,190.0,6.721246399047171,1,510.60200000000026
O=c1[nH]c2cnc3ccc(-c4ccc(OCCCN5CCCCC5)nc4)cc3c2n1C1CCOCC1,10600.0,4.97469413473523,0,487.60400000000044
O=c1[nH]c2ncc(-c3ccc(-c4ccn[nH]4)cc3)nc2n1CC1CCCCC1,1690.0,5.772113295386326,0,374.4480000000003
O=c1[nH]c2ncc(-c3ccc(-c4cn[nH]c4)cc3)nc2n1CC1CCCCC1,120.0,6.920818753952375,1,374.4480000000003
O=c1[nH]c2ncc(-c3ccc(-c4cnc[nH]4)cc3)nc2n1CC1CCOCC1,2020.0,5.694648630553377,0,376.4200000000003
O=c1[nH]c2ncc(-c3ccc(-c4cnco4)cc3)nc2n1CC1CCCCC1,1360.0,5.866461091629782,0,375.4320000000003
O=c1[nH]c2ncc(-c3ccc(-c4nc[nH]n4)cc3)nc2n1CC1CCCCC1,9.0,8.045757490560675,1,375.4360000000003
O=c1[nH]c2ncc(-c3ccc(-c4nc[nH]n4)cc3)nc2n1CC1CCOCC1,141.66666666666666,6.848732324669351,1,377.4080000000003
O=c1[nH]c2ncc(-c3ccc(-c4nc[nH]n4)cc3)nc2n1CCC1CCOCC1,10.0,8.0,1,391.43500000000034
O=c1[nH]c2ncc(-c3ccc(-c4ncc[nH]4)cc3)nc2n1CC1CCCCC1,9.0,8.045757490560675,1,374.4480000000003
O=c1[nH]c2ncc(-c3ccc(-c4ncc[nH]4)cc3)nc2n1CC1CCOCC1,111.0,6.954677021213342,1,376.4200000000003
O=c1[nH]c2ncc(-c3ccc(-c4nn[nH]n4)cc3)nc2n1CC1CCCCC1,1590.0,5.798602875679548,0,376.4240000000003
O=c1[nH]c2ncc(-c3ccc(-n4cccn4)cc3)nc2n1CC1CCOCC1,170.0,6.769551078621726,1,376.4200000000003
O=c1[nH]c2ncc(-c3ccc(-n4ccnc4)cc3)nc2n1CC1CCCCC1,580.0,6.236572006437063,1,374.4480000000003
O=c1[nH]c2ncc(-c3ccc(-n4ccnn4)cc3)nc2n1CC1CCCCC1,10000.0,5.0,0,375.4360000000003
O=c1[nH]c2ncc(-c3ccc(CO)cc3)nc2n1CC1CCCCC1,60.0,7.221848749616356,1,338.4110000000002
O=c1[nH]c2ncc(-c3ccc(O)cc3)nc2n1C1CCCCC1,2880.0,5.540607512240769,0,310.35700000000014
O=c1[nH]c2ncc(-c3ccc(O)cc3)nc2n1C1CCOCC1,1670.0,5.777283528852417,0,312.3290000000001
O=c1[nH]c2ncc(-c3ccc(O)cc3)nc2n1CC1CCCCC1,780.0,6.107905397309519,1,324.3840000000002
O=c1[nH]c2ncc(-c3ccc(O)cc3)nc2n1CC1CCOCC1,340.0,6.468521082957745,1,326.35600000000017
O=c1[nH]c2ncc(-c3ccc(O)cc3)nc2n1Cc1cccc(O)c1,1050.0,5.978810700930062,0,334.33500000000004
O=c1[nH]c2ncc(-c3ccc(O)cc3)nc2n1Cc1ccccc1,1930.0,5.714442690992226,0,318.336
O=c1[nH]c2ncc(-c3ccc4[nH]ccc4c3)nc2n1CC1CCCCC1,63.0,7.200659450546418,1,347.42200000000025
O=c1[nH]c2ncc(-c3ccc4[nH]ccc4c3)nc2n1CC1CCOCC1,100.66666666666667,6.997114311762512,1,349.39400000000023
O=c1[nH]c2ncc(-c3ccc4[nH]cnc4c3)nc2n1CC1CCCCC1,195.0,6.709965388637482,1,348.41000000000025
O=c1[nH]c2ncc(-c3ccc4[nH]cnc4c3)nc2n1CC1CCOCC1,30.0,7.522878745280337,1,350.38200000000023
O=c1[nH]c2ncc(-c3ccc4[nH]ncc4c3)nc2n1CC1CCCCC1,411.5,6.385630160451711,1,348.41000000000025
O=c1[nH]c2ncc(-c3ccc4cc[nH]c4c3)nc2n1CC1CCCCC1,3500.0,5.455931955649724,0,347.42200000000025
O=c1[nH]c2ncc(-c3ccccc3)nc2n1CC1CCCCC1,10000.0,5.0,0,308.38500000000016
O=c1[nH]c2ncc(-c3cnc4[nH]cnc4c3)nc2n1CC1CCOCC1,390.0,6.4089353929735005,1,351.37000000000023
O=c1c(/C=N/Nc2nc(N3CCOCC3)c3ccsc3n2)coc2ccc([N+](=O)[O-])cc12,920.0,6.036212172654444,1,452.4520000000001
O=c1c(/C=N/Nc2nc(N3CCOCC3)c3sccc3n2)coc2ccc([N+](=O)[O-])cc12,4620.0,5.335358024443875,0,452.4520000000001
O=c1cc(-c2cccc3c2Sc2ccccc2S3)oc(N2CCOCC2)c1,7440.0,5.128427064454121,0,395.5050000000002
O=c1cc(N2CCOCC2)nc(Cc2nc3c(-c4ccccc4)c(F)ccc3o2)[nH]1,10000.0,5.0,0,406.41700000000003
O=c1cc(N2CCOCC2)nc(Cc2nc3c(-c4ccccc4)cccc3[nH]2)[nH]1,10000.0,5.0,0,387.443
O=c1cc(N2CCOCC2)nc(Cc2nc3c(-c4ccccc4)cccc3o2)[nH]1,10000.0,5.0,0,388.427
O=c1cc(N2CCOCC2)nc(Cc2nc3c(-c4ccccn4)cccc3o2)[nH]1,10000.0,5.0,0,389.415
O=c1cc(N2CCOCC2)nc(Cc2nc3c(-c4cccnc4)cccc3o2)[nH]1,10000.0,5.0,0,389.415
O=c1cc(N2CCOCC2)nc(Cc2nc3c(-c4cccs4)cccc3o2)[nH]1,10000.0,5.0,0,394.456
O=c1cc(N2CCOCC2)nc(Cc2nc3c(-c4ccncc4)cccc3o2)[nH]1,10000.0,5.0,0,389.415
O=c1cc(N2CCOCC2)nc(Cc2nc3c(Br)cccc3o2)[nH]1,10000.0,5.0,0,391.225
O=c1cc(N2CCOCC2)nc(Cc2nc3c(F)cccc3o2)[nH]1,10000.0,5.0,0,330.319
O=c1cc(N2CCOCC2)nc(Cc2nc3cc(Br)ccc3[nH]2)[nH]1,10000.0,5.0,0,390.241
O=c1cc(N2CCOCC2)nc(Cc2nc3cc(C(F)(F)F)ccc3[nH]2)[nH]1,10000.0,5.0,0,379.342
O=c1cc(N2CCOCC2)nc(Cc2nc3cc(Cl)ccc3[nH]2)[nH]1,10000.0,5.0,0,345.79
O=c1cc(N2CCOCC2)nc(Cc2nc3cc(F)ccc3[nH]2)[nH]1,10000.0,5.0,0,329.335
O=c1cc(N2CCOCC2)nc(Cc2nc3cc(F)ccc3n2C2CC2)[nH]1,10000.0,5.0,0,369.4000000000001
O=c1cc(N2CCOCC2)nc(Cc2nc3cc(F)ccc3o2)[nH]1,10000.0,5.0,0,330.319
O=c1cc(N2CCOCC2)nc(Cc2nc3ccc(F)cc3o2)[nH]1,10000.0,5.0,0,330.319
O=c1cc(N2CCOCC2)nc(Cc2nc3cccc(-c4ccccc4)c3o2)[nH]1,10000.0,5.0,0,388.4270000000001
O=c1cc(N2CCOCC2)nc(Cc2nc3cccc(F)c3o2)[nH]1,10000.0,5.0,0,330.319
O=c1cc(N2CCOCC2)nc(Cc2nc3ccccc3[nH]2)[nH]1,10000.0,5.0,0,311.34499999999997
O=c1cc(N2CCOCC2)nc(Cc2nc3ccccc3n2-c2ccccc2)[nH]1,10000.0,5.0,0,387.44300000000004
O=c1cc(N2CCOCC2)nc(Cc2nc3ccccc3n2C2CCCCC2)[nH]1,10000.0,5.0,0,393.4910000000002
O=c1cc(N2CCOCC2)nc(Cc2nc3ccccc3n2Cc2ccccc2)[nH]1,10000.0,5.0,0,401.4700000000001
O=c1cc(N2CCOCC2)nc(Cc2nc3ccccc3o2)[nH]1,10000.0,5.0,0,312.329
O=c1cc(N2CCOCC2)nc2c3ccccc3ccn12,5300.0,5.275724130399211,0,281.315
O=c1cc(N2CCOCC2)oc2c(-c3ccc4c(c3)OCCO4)csc12,284.5,6.54591772926891,1,371.41400000000016
O=c1cc(N2CCOCC2)oc2c(-c3cccc4c3sc3ccccc34)cccc12,2050.0,5.688246138944246,0,413.4980000000001
O=c1cc(N2CCOCC2)oc2c(-c3ccccc3)cccc12,4747.4,5.323544174543676,0,307.34900000000005
O=c1cc(N2CCOCC2)oc2c(-c3ccccc3)csc12,610.0,6.214670164989233,1,313.37800000000004
O=c1cc(N2CCOCC2)oc2c1ccc1ccccc12,6400.0,5.1938200260161125,0,281.31100000000004
O=c1ccc2cnc3ccc(-c4ccc5c(c4)OCCO5)cc3c2n1-c1ccc(N2CCNCC2)c(C(F)(F)F)c1,66.5,7.1771783546968955,1,558.5600000000004
O=c1ccc2cnc3ccc(-c4ccc5c(c4)OCO5)cc3c2n1-c1ccc(N2CCNCC2)c(C(F)(F)F)c1,82.6,7.083019952679618,1,544.5330000000004
O=c1ccc2cnc3ccc(-c4ccc5ccccc5c4)cc3c2n1-c1ccc(N2CCNCC2)c(C(F)(F)F)c1,213.0,6.671620396561262,1,550.5840000000004
O=c1ccc2cnc3ccc(-c4cccc5c4Sc4ccccc4S5)cc3c2n1-c1ccc(N2CCNCC2)c(C(F)(F)F)c1,3440.0,5.46344155742847,0,638.7400000000002
O=c1ccc2cnc3ccc(-c4ccsc4)cc3c2n1-c1ccc(N2CCNCC2)c(C(F)(F)F)c1,214.0,6.669586226650809,1,506.5530000000003
O=c1ccc2cnc3ccc(-c4cnc5ccccc5c4)cc3c2n1-c1ccc(N2CCNCC2)c(C(F)(F)F)c1,13.5,7.8696662315049934,1,551.5720000000005
O=c1ccc2cnc3ccc(-c4cnc5ccccc5c4)cc3c2n1-c1ccc(N2CCOCC2)c(C(F)(F)F)c1,25.8,7.58838029403677,1,552.5560000000005
O=c1ccc2cnc3ccc(-c4cnc5ccccc5c4)cc3c2n1-c1ccc(S(=O)(=O)N2CCNCC2)cc1,239.0,6.621602099051862,1,547.6400000000003
O=c1ccc2cnc3ccc(-c4cncc5ccccc45)cc3c2n1-c1ccc(N2CCNCC2)c(C(F)(F)F)c1,33.2,7.478861916295964,1,551.5720000000005
O=c1ccc2cnc3ccc(-c4csc5ccccc45)cc3c2n1-c1ccc(N2CCNCC2)c(C(F)(F)F)c1,93.8,7.027797161620936,1,556.6130000000004
O=c1ccnc2ccc(-c3cnc(Cl)c(NS(=O)(=O)c4ccc(F)cc4F)c3)cn12,400.0,6.3979400086720375,1,448.83800000000014
O=c1ccnc2ccc(-c3cnc(Cl)c(NS(=O)(=O)c4ccccc4F)c3)cn12,400.0,6.3979400086720375,1,430.8480000000001
O=c1n(Cc2ccccc2)ccc2ncc(-c3cnc(Cl)c(NS(=O)(=O)c4ccc(F)cc4)c3)n12,180.0,6.7447274948966935,1,509.9500000000001
O=c1oc2ccccc2c2nn(CN3CCN(S(=O)(=O)c4ccc(Br)cc4)CC3)cc12,10000.0,5.0,0,503.37800000000016
O=c1oc2ccccc2c2nn(CN3CCN(S(=O)(=O)c4ccc(C(F)(F)F)cc4)CC3)cc12,8120.0,5.090443970758825,0,492.47900000000016
O=c1oc2ccccc2c2nn(CN3CCN(S(=O)(=O)c4ccc(Cl)c([N+](=O)[O-])c4)CC3)cc12,9380.0,5.027797161620936,0,503.92400000000026
O=c1oc2ccccc2c2nn(CN3CCN(S(=O)(=O)c4ccc(Cl)cc4)CC3)cc12,10000.0,5.0,0,458.9270000000002
O=c1oc2ccccc2c2nn(CN3CCN(S(=O)(=O)c4ccc(F)cc4)CC3)cc12,9120.0,5.0400051616715835,0,442.47200000000015
O=c1oc2ccccc2c2nn(CN3CCN(S(=O)(=O)c4ccc([N+](=O)[O-])cc4)CC3)cc12,10000.0,5.0,0,469.4790000000002
O=c1oc2ccccc2c2nn(CN3CCN(S(=O)(=O)c4cccc([N+](=O)[O-])c4)CC3)cc12,10000.0,5.0,0,469.4790000000002
O=c1oc2ccccc2c2nn(CN3CCN(S(=O)(=O)c4ccccc4[N+](=O)[O-])CC3)cc12,8370.0,5.07727454200674,0,469.4790000000002
OCCCNc1cc(-c2ccnc(Nc3cccc(Cl)c3)n2)ccn1,800.0,6.096910013008056,1,355.82900000000006
OCc1cc2nc(N3CCOCC3)nc(N3CCOCC3)c2s1,2000.0,5.698970004336019,0,336.4170000000001
OCc1cc2nc(N3CCOc4ccccc43)nc(N3CCOCC3)c2s1,336.0,6.4736607226101555,1,384.46100000000024
OCc1cc2nc(N3CCSCC3)nc(N3CCOCC3)c2s1,603.0,6.219682687859849,1,352.4850000000001
OCc1ccc(-c2ccc(-c3cc(N4CCOCC4)nc(N4CCOCC4)n3)o2)cc1,5500.0,5.259637310505756,0,422.4850000000002
OCc1ccc(-c2nc(N3CCOCC3)c3nc[nH]c3n2)cc1,4500.0,5.346787486224656,0,311.34499999999997
OCc1cccc(-c2ccc(-c3cc(N4CCOCC4)nc(N4CCOCC4)n3)o2)c1,510.0,6.292429823902063,1,422.48500000000024
OCc1cccc(-c2nc(N3CCOCC3)c3[nH]cc(CN4CCCC4)c3n2)c1,3600.0,5.443697499232712,0,393.4910000000002
OCc1cccc(-c2nc(N3CCOCC3)c3[nH]ccc3n2)c1,1625.0,5.789146634685107,0,310.35699999999997
OCc1cccc(-c2nc(N3CCOCC3)c3cc[nH]c3n2)c1,205.0,6.688246138944246,1,310.35699999999997
OCc1cccc(-c2nc(N3CCOCC3)c3cccnc3n2)c1,127.0,6.896196279044043,1,322.368
OCc1cccc(-c2nc(N3CCOCC3)c3ccn(C4CCNCC4)c3n2)c1,290.0,6.5376020021010435,1,393.49100000000016
OCc1cccc(-c2nc(N3CCOCC3)c3cnn(C4CCN(Cc5ccccc5)CC4)c3n2)c1,90.0,7.045757490560675,1,484.60400000000027
OCc1cccc(-c2nc(N3CCOCC3)c3ncccc3n2)c1,336.0,6.4736607226101555,1,322.368
OCc1cccc(-c2nc(N3CCOCC3)c3ncn(C4CCN(Cc5ccc(-c6ccncc6)cc5)CC4)c3n2)c1,720.0,6.142667503568732,1,561.6900000000002
OCc1cccc(-c2nc(N3CCOCC3)c3ncn(C4CCN(Cc5ccc(F)cc5)CC4)c3n2)c1,1700.0,5.769551078621726,0,502.5940000000003
OCc1cccc(-c2nc(N3CCOCC3)c3ncn(C4CCN(Cc5ccccc5)CC4)c3n2)c1,739.75,6.1309150261673295,1,484.60400000000027
OCc1cccc(-c2nc(N3CCOCC3)c3ncn(C4CCN(Cc5ccccc5F)CC4)c3n2)c1,160.0,6.795880017344075,1,502.5940000000003
OCc1cccc(-c2nc(N3CCOCC3)c3ncn(C4CCN(Cc5ccccn5)CC4)c3n2)c1,310.0,6.508638306165727,1,485.59200000000027
OCc1cccc(-c2nc(N3CCOCC3)c3ncn(C4CCN(c5ccc(F)cc5F)CC4)c3n2)c1,2050.0,5.688246138944246,0,506.55700000000024
OCc1cccc(-c2nc(N3CCOCC3)c3ncn(C4CCNCC4)c3n2)c1,7200.0,5.142667503568732,0,394.47900000000016
OCc1cccc(-c2nc(N3CCOCC3)c3ncn(CC4CCN(Cc5ccccc5)CC4)c3n2)c1,10500.0,4.978810700930062,0,498.6310000000003
OCc1cccc(-c2nc(N3CCOCC3)c3nnn(C4CCN(Cc5ccccc5)CC4)c3n2)c1,250.0,6.6020599913279625,1,485.59200000000027
Oc1c(Br)cc(/C=N/Nc2nc3c(c(N4CCOCC4)n2)CSCC3)cc1Br,2670.0,5.573488738635425,0,529.2580000000004
Oc1cc(O)c(-c2noc3ccc(NCCN4CCOCC4)cc23)cc1Cl,20000.0,4.698970004336019,0,389.83900000000017
Oc1ccc(-c2ccc(-c3cc(N4CCOCC4)nc(N4CCOCC4)n3)o2)cc1,550.0,6.259637310505756,1,408.4580000000002
Oc1ccc(-c2nc(N3CC4CCC(C3)O4)c3sccc3n2)cc1,32.0,7.494850021680094,1,339.42
Oc1ccc(-c2nc(N3CCOCC3)c3cnn(C4CCN(Cc5ccccc5)CC4)c3n2)cc1,170.0,6.769551078621726,1,470.5770000000003
Oc1ccc(-c2nc(N3CCOCC3)c3nc[nH]c3n2)cc1,450.0,6.346787486224656,1,297.318
Oc1ccc(-c2nc(N3CCOCC3)c3oc4ncccc4c3n2)cc1,1800.0,5.7447274948966935,0,348.362
Oc1ccc(/C=N/Nc2nc3c(c(N4CCOCC4)n2)CSCC3)cc1Br,1940.0,5.7121982700697735,0,450.36200000000014
Oc1cccc(-c2cc3c(N4CCOCC4)nc(N4CCOCC4)nc3[nH]2)c1,40.0,7.3979400086720375,1,381.43600000000015
Oc1cccc(-c2ccc(-c3cc(N4CCOCC4)nc(N4CCOCC4)n3)o2)c1,1500.0,5.823908740944319,0,408.4580000000002
Oc1cccc(-c2nc(C3=CCOCC3)c3cnn(-c4ccccc4)c3n2)c1,18.0,7.7447274948966935,1,370.41200000000003
Oc1cccc(-c2nc(C3CCOCC3)c3cnn(-c4ccccc4)c3n2)c1,500.0,6.301029995663981,1,372.42800000000005
Oc1cccc(-c2nc(N3CC4CCC(C3)O4)c3sccc3n2)c1,58.0,7.236572006437063,1,339.41999999999996
Oc1cccc(-c2nc(N3CCOCC3)c3[nH]cc(C4CCN(Cc5ccc(F)cc5)CC4)c3n2)c1,3650.0,5.437707135543525,0,487.5790000000003
Oc1cccc(-c2nc(N3CCOCC3)c3[nH]cc(C4CCN(Cc5ccccc5)CC4)c3n2)c1,2000.0,5.698970004336019,0,469.5890000000003
Oc1cccc(-c2nc(N3CCOCC3)c3[nH]cc(C4CCNCC4)c3n2)c1,5900.0,5.229147988357856,0,379.46400000000017
Oc1cccc(-c2nc(N3CCOCC3)c3[nH]ccc3n2)c1,355.0,6.449771646944906,1,296.33
Oc1cccc(-c2nc(N3CCOCC3)c3cc[nH]c3n2)c1,64.0,7.1938200260161125,1,296.3299999999999
Oc1cccc(-c2nc(N3CCOCC3)c3cccnc3n2)c1,100.0,7.0,1,308.34099999999995
Oc1cccc(-c2nc(N3CCOCC3)c3cnn(C4CCN(Cc5ccccc5)CC4)c3n2)c1,80.5,7.094204119632131,1,470.5770000000002
Oc1cccc(-c2nc(N3CCOCC3)c3cnn(C4CCN(Cc5cccnc5)CC4)c3n2)c1,9.8,8.008773924307505,1,471.5650000000002
Oc1cccc(-c2nc(N3CCOCC3)c3cnn(C4CCNCC4)c3n2)c1,216.66666666666666,6.664207898076807,1,380.4520000000001
Oc1cccc(-c2nc(N3CCOCC3)c3nc[nH]c3n2)c1,2016.5,5.6954017736563625,0,297.3179999999999
Oc1cccc(-c2nc(N3CCOCC3)c3ncccc3n2)c1,37.0,7.431798275933005,1,308.34099999999995
Oc1cccc(-c2nc(N3CCOCC3)c3ncn(C4CCN(Cc5ccc(N6CCOCC6)nc5)CC4)c3n2)c1,152.0,6.818156412055227,1,556.6710000000003
Oc1cccc(-c2nc(N3CCOCC3)c3ncn(C4CCN(Cc5ccccc5)CC4)c3n2)c1,140.0,6.853871964321762,1,470.5770000000002
Oc1cccc(-c2nc(N3CCOCC3)c3ncn(C4CCN(Cc5cccnc5)CC4)c3n2)c1,170.0,6.769551078621726,1,471.5650000000002
Oc1cccc(-c2nc(N3CCOCC3)c3ncn(C4CCN(Cc5cncc(Cl)c5)CC4)c3n2)c1,200.0,6.698970004336019,1,506.0100000000002
Oc1cccc(-c2nc(N3CCOCC3)c3ncn(C4CCNCC4)c3n2)c1,910.0,6.040958607678906,1,380.4520000000001
Oc1cccc(-c2nc(N3CCOCC3)c3ncn(CC4CCN(Cc5ccccc5)CC4)c3n2)c1,600.0,6.221848749616356,1,484.60400000000027
Oc1cccc(-c2nc(N3CCOCC3)c3oc4ncccc4c3n2)c1,471.8333333333333,6.326211381018541,1,348.36199999999997
Oc1cccc(-c2nc(N3CCOCC3)c3sccc3n2)c1,49.0,7.309803919971486,1,313.38199999999995
Oc1cccc(-c2nc(N3CCOCC3)nc3cccnc23)c1,453.0,6.343901797987168,1,308.34099999999995
Oc1cccc(Nc2nc3ccccc3n2-c2ncnc(NCC(F)(F)F)n2)c1,26066.666666666668,4.583914501659814,0,401.3520000000001
Oc1cccc(Nc2nc3ccccc3n2-c2ncnc(NCc3ccccn3)n2)c1,16133.333333333334,4.79227589307525,0,410.44100000000014
Oc1cccc(Nc2nc3ccccc3n2-c2ncnc(Nc3ccccc3)n2)c1,9390.0,5.027334407733889,0,395.4260000000001
Oc1cccc(Nc2nc3ccccc3n2-c2ncncn2)c1,9866.666666666666,5.005829543660724,0,304.31300000000005
Oc1ccccc1-c1nc(N2CCOCC2)c2cnn(C3CCN(Cc4ccccc4)CC3)c2n1,1265.0,5.897909474488163,0,470.5770000000002
Oc1ccccc1-c1nc(N2CCOCC2)c2nc[nH]c2n1,2500.0,5.6020599913279625,0,297.3179999999999
Oc1cncc(-c2nc(N3CCOCC3)c3nc[nH]c3n2)c1,620.0,6.2076083105017466,1,298.3059999999999
Oc1cncc(-c2nc(N3CCOCC3)c3ncn(C4CCN(Cc5ccc(Cl)cc5)CC4)c3n2)c1,160.0,6.795880017344075,1,506.0100000000002
Oc1cncc(-c2nc(N3CCOCC3)c3ncn(C4CCN(Cc5ccc(F)nc5)CC4)c3n2)c1,570.0,6.2441251443275085,1,490.54300000000023
Oc1cncc(-c2nc(N3CCOCC3)c3ncn(C4CCNCC4)c3n2)c1,970.0,6.013228265733755,1,381.4400000000001
[2H]C([2H])([2H])C([2H])(n1nc(-c2ccc3oc(N)nc3c2)c2c(N)ncnc21)C([2H])([2H])[2H],100.0,7.0,1,316.375712446
[C-]#[N+]c1ccc(-c2ccc3ncc4c(c3n2)N(c2cccc(C(F)(F)F)c2)C(=O)N(C)C4)cn1,24.0,7.619788758288394,1,460.4190000000001
[C-]#[N+]c1ccc2[nH]c(-c3nn(C(C)C)c4ncnc(N)c34)cc2c1,500.0,6.301029995663981,1,317.35600000000005
c1cc(-c2ccc(-c3cc(N4CCOCC4)nc(N4CCOCC4)n3)o2)ccn1,520.0,6.2839966563652006,1,393.4470000000001
c1cc(-c2nc(-c3cccc4[nH]ccc34)c3c(n2)N2CCOCC2CO3)c2cc[nH]c2c1,412.0,6.3851027839668655,1,423.4760000000002
c1cc(-c2nc3c(N4CC5CCC(C4)O5)nc(N4CCOCC4)nc3[nH]2)c2cc[nH]c2c1,41.0,7.3872161432802645,1,431.50000000000017
c1cc(-c2nc3c(N4CCOCC4)nc(N4CCOCC4)nc3[nH]2)c2cc[nH]c2c1,8.0,8.096910013008056,1,405.4620000000001
c1cc(-c2nc3c(N4CCOCC4)nc(N4CCOCC4)nc3[nH]2)c2cn[nH]c2c1,340.0,6.468521082957745,1,406.4500000000001
c1cc2c(N3CCOCC3)nc(N3CCOCC3)nc2[nH]1,2000.0,5.698970004336019,0,289.33899999999994
c1cc2cc(-c3ccc(-c4cc(N5CCOCC5)nc(N5CCOCC5)n4)o3)ccc2[nH]1,10000.0,5.0,0,431.4960000000002
c1cc2cc(-c3nc(N4CC5CCC(C4)O5)c4sccc4n3)ccc2[nH]1,22.0,7.657577319177793,1,362.458
c1cc2cc(-c3nc(N4CCOCC4)c4cnn(C5CCNCC5)c4n3)ccc2[nH]1,170.0,6.769551078621726,1,403.4900000000002
c1cc2ccc(-c3nc(N4CCOCC4)c4nc[nH]c4n3)cc2[nH]1,150.0,6.823908740944319,1,320.356
c1cc2ccc(-c3nc4c(N5CCOCC5)nc(N5CCOCC5)nc4[nH]3)cc2[nH]1,372.0,6.429457060118103,1,405.46200000000016
c1cc2nc(N3CCOCC3)nc(N3CCOCC3)c2s1,2000.0,5.698970004336019,0,306.391
c1ccc(-c2c(-c3ccccc3)n(Cc3ccco3)c3ncnc(NCCCn4ccnc4)c23)cc1,54100.0,4.266802734893431,0,474.5680000000002
c1ccc(-c2cc3nc(N4CC5CCC(C4)O5)nc(N4CCOCC4)c3cn2)cc1,435.0,6.361510743045363,1,403.48600000000016
c1ccc(-c2cc3nc(N4CCOCC4)nc(N4CCOCC4)c3cn2)cc1,464.0,6.333482019445119,1,377.4480000000001
c1ccc(-c2nc3c(N4CCOCC4)nc(N4CCOCC4)nc3[nH]2)nc1,860.0,6.0655015487564325,1,367.41300000000007
c1ccc(-c2ncc3c(N4CC5CCC(C4)O5)nc(N4CC5CCC(C4)O5)nc3n2)cc1,195.0,6.709965388637482,1,430.51200000000017
c1ccc(-c2ncc3c(N4CCOCC4)nc(N4CCOCC4)nc3n2)cc1,1701.0,5.769295686387431,0,378.4360000000001
c1ccc(-c2ncnc3ccc(-c4cnc5ccccc5c4)cc23)cc1,660.0,6.180456064458132,1,333.39400000000006
c1ccc(-n2ncc3c(N4CCOCC4)nc(-c4ccc5[nH]ccc5c4)nc32)cc1,27.0,7.568636235841013,1,396.454
c1ccc(CN2CCC(n3ncc4c(N5CCOCC5)nc(-c5cc6ccccc6[nH]5)nc43)CC2)cc1,130.0,6.886056647693163,1,493.61500000000024
c1ccc(CN2CCC(n3ncc4c(N5CCOCC5)nc(-c5ccc6[nH]ccc6c5)nc43)CC2)cc1,88.0,7.055517327849832,1,493.61500000000024
c1ccc(CN2CCC(n3ncc4c(N5CCOCC5)nc(-c5ccc6cc[nH]c6c5)nc43)CC2)cc1,230.0,6.638272163982407,1,493.61500000000024
c1ccc(CN2CCC(n3ncc4c(N5CCOCC5)nc(-c5ccc6ncccc6c5)nc43)CC2)cc1,5950.0,5.22548303427145,0,505.62600000000026
c1ccc(CN2CCC(n3ncc4c(N5CCOCC5)nc(-c5cccc6[nH]ccc56)nc43)CC2)cc1,145.0,6.838631997765025,1,493.61500000000024
c1ccc(CN2CCC(n3ncc4c(N5CCOCC5)nc(-c5cccc6cc[nH]c56)nc43)CC2)cc1,380.0,6.42021640338319,1,493.61500000000024
c1ccc(CN2CCC(n3ncc4c(N5CCOCC5)nc(-c5cccnc5)nc43)CC2)cc1,695.0,6.158015195409886,1,455.5660000000002
c1ccc(CN2CCC(n3ncc4c(N5CCOCC5)nc(-c5ccncc5)nc43)CC2)cc1,7300.0,5.136677139879544,0,455.5660000000002
c1ccc(CN2CCC(n3ncc4c(N5CCOCC5)nc(-c5cnc6ccccc6c5)nc43)CC2)cc1,120.0,6.920818753952375,1,505.62600000000026
c1ccc(Nc2nccc(-c3ccnc(N4CCOCC4)c3)n2)cc1,4000.0,5.3979400086720375,0,333.39500000000004
c1ccc2ncc(-c3ccc4ncncc4c3)cc2c1,10000.0,5.0,0,257.296
c1cnc(Nc2cccc3[nH]ccc23)c(-c2ncnc3[nH]cnc23)c1,50000.0,4.301029995663981,0,327.35100000000006
c1cnc(Nc2cccc3n[nH]cc23)c(-c2ncnc3nc[nH]c23)c1,30000.0,4.522878745280337,0,328.33900000000006
c1cncc(CN2CCC(n3ncc4c(N5CCOCC5)nc(-c5ccc6[nH]ccc6c5)nc43)CC2)c1,9.0,8.045757490560675,1,494.60300000000035
c1csc(-c2nc(N3CCOCC3)c3nc[nH]c3n2)c1,2800.0,5.552841968657781,0,287.348
c1nc2c(N3CCOCC3)nc(-c3ccc4c(c3)OCO4)nc2[nH]1,8900.0,5.050609993355087,0,325.32800000000003
c1nc2c(N3CCOCC3)nc(-c3ccsc3)nc2[nH]1,3900.0,5.4089353929735005,0,287.348
c1nc2c(N3CCOCC3)nc(N3CCOCC3)nc2[nH]1,2000.0,5.698970004336019,0,290.32699999999994
