SMILES,IC50,pIC50,Activity,MolWt
C#CCN(Cc1nc2c(c(=O)[nH]1)COCC2)C(=O)CN1CCC(C(=O)c2ccc(F)cc2)CC1,19000.0,4.721246399047171,0,466.51300000000026
C#CCN1CCN(C(=O)c2cc(Cn3c(=O)[nH]c(=O)c4ccccc43)ccc2F)CC1=O,15.52,7.809108283077831,1,434.4270000000002
C#CCOc1ccc(-c2nc3c(C(N)=O)cccc3[nH]2)cc1,25.8,7.58838029403677,1,291.30999999999995
C#CCOc1ccc(-c2nc3cccc4c3n2CCNC4=O)cc1,18.7,7.728158393463501,1,317.34799999999996
C#CCn1c(=O)n(Cc2cnc(C)s2)c(=O)c2cc(S(=O)(=O)NC3(C)CC3)ccc21,150000.0,3.8239087409443187,0,444.53800000000024
C#Cc1ccc(N2CCN(Cc3cnc4cc(CC)c(=O)[nH]c4c3)CC2)nc1,5.7,8.244125144327509,1,373.46000000000015
C#Cc1cnc2c(C(N)=O)cccc2c1,2300.0,5.638272163982407,0,196.209
C/C(=C/C(=O)Nc1cccc(C(N)=O)c1)C(=O)O,2427.355,5.614866703574727,0,248.23799999999997
C/C(=C/C(=O)O)C(=O)Nc1cccc(C(N)=O)c1,8906.255000000001,5.0503048744970185,0,248.238
C/C=C/CN1CCN(C(=O)c2cc(Cn3c(=O)[nH]c(=O)c4ccccc43)ccc2F)C[C@@H]1C,24.41,7.612432220582812,1,450.5140000000002
C/C=C/CN1CCN(C(=O)c2cc(Cn3c(=O)[nH]c(=O)c4ccccc43)ccc2F)C[C@H]1C,14.36,7.842845560093719,1,450.5140000000002
C1=Cc2ccccc2CN1,1500.0,5.823908740944319,0,131.17799999999997
C=C(C)CCN1CCN2C(=Nc3cccc4c(=O)[nH]nc2c34)C1,39.1,7.407823242604133,1,309.3730000000001
C=C1C(=O)OC2C[C@@]3(C)CCC=C(CN4CCN(C(=O)c5cc(Cc6n[nH]c(=O)c7ccccc67)ccc5F)CC4)C3=CC12,170.0,6.769551078621726,1,594.6870000000001
C=C1C(=O)OC2C[C@@]3(C)CCC=C(COC(=O)C4CN(C(=O)c5cc(Cc6n[nH]c(=O)c7ccccc67)ccc5F)C4)C3=CC12,279.0,6.554395796726403,1,609.6540000000002
C=C1C(=O)OC2C[C@@]3(C)CCC=C(COC(=O)CC4CCCN(C(=O)c5cc(Cc6n[nH]c(=O)c7ccccc67)ccc5F)C4)C3=CC12,65.2,7.185752404268079,1,651.7350000000002
C=C1C(=O)OC2C[C@@]3(C)CCC=C(COC(=O)CC4CCN(C(=O)c5cc(Cc6n[nH]c(=O)c7ccccc67)ccc5F)CC4)C3=CC12,69.9,7.1555228242543185,1,651.7350000000001
C=C1C(=O)OC2C[C@@]3(C)CCC=C(COC(=O)CCC4CCN(C(=O)c5cc(Cc6n[nH]c(=O)c7ccccc67)ccc5F)CC4)C3=CC12,79.2,7.101274818410507,1,665.7620000000002
C=C1C(=O)OC2C[C@@]3(C)CCC=C(COC(=O)CCCC4CCN(C(=O)c5cc(Cc6n[nH]c(=O)c7ccccc67)ccc5F)CC4)C3=CC12,129.0,6.889410289700751,1,679.7890000000002
C=C1C(=O)OC2C[C@@]3(C)CCC=C(COC(=O)CCN(C)C(=O)c4cc(Cc5n[nH]c(=O)c6ccccc56)ccc4F)C3=CC12,2.18,8.661543506395395,1,611.6700000000002
C=C1C(=O)OC2C[C@@]3(C)CCC=C(COC(=O)CCNC(=O)c4cc(Cc5n[nH]c(=O)c6ccccc56)ccc4F)C3=CC12,134.0,6.872895201635193,1,597.6430000000003
C=C1C(=O)OC2C[C@@]3(C)CCC=C(COC(=O)COCCOCCNC(=O)c4cc(Cc5n[nH]c(=O)c6ccccc56)ccc4F)C3=CC12,38.6,7.413412695328245,1,671.7220000000003
C=C1C(=O)OC2C[C@@]3(C)CCC=C(COC(=O)c4cc(Cc5n[nH]c(=O)c6ccccc56)ccc4F)C3=CC12,2600.0,5.585026652029182,0,526.5640000000002
C=C1C(=O)O[C@@H]2C[C@@]3(C)CCC[C@H](C)C3=C[C@H]12,10000.0,5.0,0,232.32299999999995
C=CCC1(C(=O)N2CCN(C(=O)c3cc(Cc4n[nH]c(=O)c(C)c4C)ccc3F)CC2)CCCN1,1.8,8.744727494896694,1,481.5720000000003
C=CCC1c2nnc(C(F)(F)F)n2C(C)CN1C(=O)c1cc(Cc2n[nH]c(=O)c3ccccc23)ccc1F,50.0,7.301029995663981,1,526.4940000000003
C=CCC1c2nnc(C(F)(F)F)n2CCN1C(=O)c1cc(Cc2n[nH]c(=O)c3ccccc23)ccc1F,50.0,7.301029995663981,1,512.4670000000002
C=CCN1CCCC(C(=O)N2CCN(C(=O)CCc3nc4ccccc4c(=O)[nH]3)CC2)C1,220.0,6.657577319177793,1,437.5440000000002
C=CCN1CCN(C(=O)c2cc(Cn3c(=O)[nH]c(=O)c4ccccc43)ccc2F)CC1=O,4.18,8.378823718224965,1,436.4430000000002
C=CCOC(=O)N1CCCC(C(=O)N2CCN(C(=O)CCc3nc4ccccc4c(=O)[nH]3)CC2)C1,300.0,6.522878745280337,1,481.55300000000034
C=CCSc1nnc(-c2cc3ccccc3[nH]2)n1-c1ccccc1,2400.0,5.619788758288394,0,332.4320000000001
C=CCSc1nnc(-c2cc3ccccc3n2CC=C)n1-c1ccccc1,350.0,6.455931955649724,1,372.49700000000007
C=Cc1cnc2c(C(N)=O)cccc2c1,5800.0,5.236572006437063,0,198.22500000000002
CC#CCOc1ccc(C(=O)C2CCN(CC(=O)N(Cc3nc4c(c(=O)[nH]3)COCC4)CC3CC3)CC2)cc1,14700.0,4.8326826652518236,0,532.6410000000005
CC#Cc1ccc2c(=O)[nH]c(CSc3ccc(C(=O)O)cc3)nc2c1C,30000.0,4.522878745280337,0,364.42600000000004
CC#Cc1ccc2c(=O)[nH]c(CSc3ncccn3)nc2c1C,30000.0,4.522878745280337,0,322.39300000000003
CC#Cc1cnc2c(C(N)=O)cccc2c1,2200.0,5.657577319177793,0,210.236
CC(=O)C1=C(C)N(C(=O)c2ccccc2)C(NNS(=O)(=O)c2ccc3[nH]c(=O)c(=O)[nH]c3c2)S1,8.25,8.083546051450075,1,501.5460000000003
CC(=O)CCC(=O)Nc1cccc(C(N)=O)c1,1111.01,5.954282032035484,0,234.255
CC(=O)CCCC(=O)Nc1cccc(C(N)=O)c1,1085.76,5.964266162034976,0,248.282
CC(=O)N1CCCN(C(=O)c2cc(Cc3c[nH]c(=O)c4cc(Cl)c(Cl)n34)ccc2F)CC1,19.0,7.721246399047171,1,479.3390000000002
CC(=O)N1CCCN(C(=O)c2cc(Cc3n[nH]c(=O)c4ccccc34)ccc2F)CC1,12.0,7.920818753952375,1,422.4600000000002
CC(=O)N1CCCN(CC2=Nc3cccc4c(=O)[nH]nc(c34)N2)CC1,49.0,7.309803919971486,1,340.3870000000001
CC(=O)N1CCC[C@H]1C(=O)N1CCc2cccc3c2C1CNC3=O,14.0,7.853871964321762,1,327.38400000000007
CC(=O)N1CCN(C(=O)c2cc(Cc3c[nH]c(=O)c4cc(Cl)c(Cl)n34)ccc2F)CC1,6.3,8.200659450546418,1,465.3120000000002
CC(=O)N1CCN(C(=O)c2cc(Cc3n[nH]c(=O)c4ccccc34)cc(F)c2F)CC1,7.1,8.148741651280925,1,426.4230000000002
CC(=O)N1CCN(C(=O)c2cc(Cc3n[nH]c(=O)c4ccccc34)ccc2F)CC1,6.0,8.221848749616356,1,408.43300000000016
CC(=O)N1CCN(C(=O)c2csc(Cc3n[nH]c(=O)c4ccccc34)c2)CC1,123.6,6.907981529247203,1,396.4720000000002
CC(=O)N1CCN(Cc2c(O)cc(O)c3c(=O)cc(-c4ccc(O)cc4)oc23)CC1,42.6,7.370590400897281,1,410.4260000000002
CC(=O)N1CCN(Cc2ccc(-c3[nH]c4cc(F)cc5c4c3CCNC5=O)cc2)CC1,1.31,8.882728704344236,1,420.4880000000003
CC(=O)NCc1nc(-c2ccc3[nH]c4c5c(c6c(c4c3c2)C(=O)NC6=O)CCC5)cs1,20.0,7.698970004336019,1,430.48900000000026
CC(=O)NNc1cc2c3c(n[nH]c(=O)c3c1)C1=C(CCCCC1)N2,59.0,7.229147988357855,1,325.3720000000001
CC(=O)Nc1ccc(-c2ccc(-c3nc4c(C(N)=O)cccc4[nH]3)cc2)cc1,16000.0,4.795880017344075,0,370.412
CC(=O)Nc1ccc(-c2ccc(-c3nc4c(C(N)=O)cccc4[nH]3)cc2)cn1,49.0,7.309803919971486,1,371.4
CC(=O)Nc1ccc(C2Nc3cc(F)cc4c(=O)[nH]nc(c34)C2c2ncnn2C)cc1,2.08,8.681936665037238,1,419.4200000000001
CC(=O)Nc1ccc(COc2ccc(-c3ccc(-c4nc5c(C(=O)O)cc(C)cc5[nH]4)cc3)cc2)cc1,44000.0,4.356547323513812,0,491.5470000000002
CC(=O)Nc1ccc(NC(=O)CCn2c(=O)[nH]c(=O)c3ccccc32)cc1,760.0,6.119186407719209,1,366.37700000000007
CC(=O)Nc1cccc(-c2ccc(-c3nc4c(C(N)=O)cccc4[nH]3)cc2)c1,460.0,6.337242168318426,1,370.41200000000003
CC(=O)Nc1cccc(Cc2n[nH]c(=O)c3ccccc23)c1,90.0,7.045757490560675,1,293.326
CC(=O)Nc1ccccc1-c1ccc(-c2nc3c(C(N)=O)cccc3[nH]2)cc1,140.0,6.853871964321762,1,370.41200000000003
CC(=O)Nc1ccccc1COc1ccc(-c2ccc(-c3nc4c(C(=O)O)cc(C)cc4[nH]3)cc2)cc1,10630.0,4.973466735476703,0,491.5470000000002
CC(=O)Nc1cnc(N2CCN(c3nc4c(C(N)=O)cccc4[nH]3)CC2)nc1,106.0,6.97469413473523,1,380.4120000000001
CC(=O)Nc1nc(-c2ccc3[nH]c4c5c(c6c(c4c3c2)C(=O)NC6=O)CCC5)cs1,54.0,7.267606240177032,1,416.4620000000002
CC(=O)OC[C@H]1O[C@@H](Sc2nnc(-c3cc4ccccc4[nH]3)n2-c2ccccc2)[C@H](OC(C)=O)[C@@H](OC(C)=O)[C@@H]1OC(C)=O,2220.0,5.653647025549361,0,622.6560000000002
CC(=O)Oc1cccc(Cc2n[nH]c(=O)c3ccccc23)c1,36.0,7.443697499232712,1,294.31
CC(=O)c1cc(C#N)ccc1N1CCN(Cc2ccc3c4c(c(=O)[nH]c3c2)CCCN4)CC1,6.67,8.175874166083451,1,441.5350000000003
CC(=O)c1ccc(N2CCN(C(=O)COc3ccccc3C(N)=O)CC2)c(F)c1,280.0,6.552841968657781,1,399.42200000000014
CC(=O)c1ccc(NC(=O)CCn2c(=O)[nH]c(=O)c3ccccc32)cc1,87.6,7.057495893831919,1,351.362
CC(=O)c1ccc2[nH]c3c4c(c5c(c3c2c1)C(=O)NC5=O)CCC4,17.0,7.769551078621726,1,318.3320000000001
CC(=O)c1cccnc1N1CCP(=O)(c2cc(Cc3n[nH]c(=O)c4ccccc34)ccc2F)CC1,100.0,7.0,1,490.4750000000002
CC(C)(C)C(=O)N1CC2=NNC(=O)c3cc(F)cc4[nH]c(c2c34)C1,3653.65,5.437273058064207,0,328.3470000000001
CC(C)(C)C(=O)N1CC2=NNC(=O)c3cccc4[nH]c(c2c34)C1,7337.0,5.134481480925226,0,310.3570000000001
CC(C)(C)C(=O)N1CCN(C(=O)c2cc(Cc3c[nH]c(=O)c4cc(Cl)c(Cl)n34)ccc2F)CC1,1.0,9.0,1,507.3930000000002
CC(C)(C)C(=O)N1CCP(=O)(c2cc(Cc3n[nH]c(=O)c4ccccc34)ccc2F)CC1,325.0,6.488116639021126,1,455.4700000000002
CC(C)(C)C(=O)Nc1cccc2c(=O)[nH]ccc12,100000.0,4.0,0,244.294
CC(C)(C)C(=O)OCc1nc(-c2ccc3[nH]c4c5c(c6c(c4c3c2)C(=O)NC6=O)CCC5)cs1,60.0,7.221848749616356,1,473.5540000000003
CC(C)(C)C(=O)ON[C@@H](Cc1ccccc1)C(=O)N1CC2=NNC(=O)c3cccc4[nH]c(c2c34)C1,100000.0,4.0,0,473.53300000000024
CC(C)(C)C1NCCc2cc(-c3cnn4c(C(N)=O)cc(Cl)c4c3)sc21,1033.81,5.985559271236025,0,388.9240000000001
CC(C)(C)C1NCCc2cc(-c3nc4c(C(N)=O)cc(F)cc4[nH]3)sc21,25.0,7.6020599913279625,1,372.46900000000005
CC(C)(C)C1NCCc2sc(-c3cnn4c(C(N)=O)cc(Cl)c4c3)cc21,434.19,6.36232018317278,1,388.9240000000001
CC(C)(C)CC(=O)C(=O)N1CCN(C(=O)c2cc(Cc3n[nH]c(=O)c4c3CCCC4)ccc2F)CC1,200.0,6.698970004336019,1,496.58300000000037
CC(C)(C)CC(=O)N1CCP(=O)(c2cc(Cc3n[nH]c(=O)c4ccccc34)ccc2F)CC1,100.0,7.0,1,469.4970000000002
CC(C)(C)CCN1CC2=NNC(=O)c3cccc4[nH]c(c2c34)C1,9338.0,5.029746130405213,0,310.4010000000001
CC(C)(C)CN(Cc1nc2c(c(=O)[nH]1)COCC2)C(=O)CN1CCC(C(=O)c2ccc(F)cc2)CC1,19000.0,4.721246399047171,0,498.59900000000033
CC(C)(C)CN1CCC(NC(=O)c2nc3c(C(N)=O)cc(F)cc3[nH]2)CC1,17.0,7.769551078621726,1,375.4480000000001
CC(C)(C)CN1CCC(NC(=O)c2nc3c(C(N)=O)cccc3[nH]2)CC1,41.0,7.3872161432802645,1,357.4580000000001
CC(C)(C)CN1CCN(C(=O)c2cc(Cn3c(=O)[nH]c(=O)c4ccccc43)ccc2F)CC1=O,3.45,8.462180904926726,1,466.5130000000002
CC(C)(C)CN1CCP(=O)(c2cc(Cc3n[nH]c(=O)c4ccccc34)ccc2F)CC1,325.0,6.488116639021126,1,441.4870000000002
CC(C)(C)NCc1ccc(-c2nc3cncc4c3n2CCNC4=O)cc1,75.0,7.1249387366083,1,349.4380000000001
CC(C)(C)OC(=O)Cc1nc(-c2ccc3[nH]c4c5c(c6c(c4c3c2)C(=O)NC6=O)CCC5)cs1,29.0,7.5376020021010435,1,473.5540000000003
CC(C)(C)OC(=O)N1CC2(C1)CN(C(=O)c1cc(Cc3n[nH]c(=O)c4ccccc34)ccc1F)C2,551.6,6.258375742496188,1,478.52400000000017
CC(C)(C)OC(=O)N1CC2(CCN(C(=O)c3cc(Cc4n[nH]c(=O)c5ccccc45)ccc3F)C2)C1,1193.0,5.923359556329658,0,492.5510000000002
CC(C)(C)OC(=O)N1CC2(CCN2C(=O)c2cc(Cc3n[nH]c(=O)c4ccccc34)ccc2F)C1,877.0,6.05700040663396,1,478.52400000000017
CC(C)(C)OC(=O)N1CCC(N2CCC(NC(=O)c3nc4c(C(N)=O)cccc4[nH]3)CC2)CC1,868.0,6.061480274823508,1,470.5740000000003
CC(C)(C)OC(=O)N1CCC(N2CCCC(NC(=O)c3nc4c(C(N)=O)cccc4[nH]3)C2)CC1,818.0,6.087246696328677,1,470.5740000000003
CC(C)(C)OC(=O)N1CCC(NC(=O)c2nc3c(C(N)=O)cccc3[nH]2)C1,1810.0,5.7423214251308154,0,373.4130000000001
CC(C)(C)OC(=O)N1CCC(NC(=O)c2nc3c(C(N)=O)cccc3[nH]2)CC1,644.0,6.1911141326401875,1,387.44000000000017
CC(C)(C)OC(=O)N1CCC(NC2CCN(C(=O)c3nc4c(C(N)=O)cccc4[nH]3)C2)CC1,1190.0,5.924453038607469,0,456.54700000000025
CC(C)(C)OC(=O)N1CCC(NC2CCN(C(=O)c3nc4c(C(N)=O)cccc4[nH]3)CC2)CC1,250.0,6.6020599913279625,1,470.5740000000003
CC(C)(C)OC(=O)N1CCC2(CC1)CCN(C(=O)c1cc(Cc3n[nH]c(=O)c4ccccc34)ccc1F)C2,1105.0,5.95663772197887,0,520.6050000000001
CC(C)(C)OC(=O)N1CCC2(CC1)CCN(C(=O)c1cc(Cc3n[nH]c(=O)c4ccccc34)ccc1F)CC2,452.8,6.344093581819785,1,534.6320000000001
CC(C)(C)OC(=O)N1CCC2(CC1)CCN2C(=O)c1cc(Cc2n[nH]c(=O)c3ccccc23)ccc1F,2969.0,5.527389802403955,0,506.57800000000015
CC(C)(C)OC(=O)N1CCC2(CC1)CN(C(=O)c1cc(Cc3n[nH]c(=O)c4ccccc34)ccc1F)C2,3118.0,5.506123889147177,0,506.5780000000002
CC(C)(C)OC(=O)N1CCC2(CCN(C(=O)c3cc(Cc4n[nH]c(=O)c5ccccc45)ccc3F)C2)C1,4397.0,5.356843534380293,0,506.57800000000026
CC(C)(C)OC(=O)N1CCC2=C(C1)Nc1cccc3c(=O)[nH]nc2c13,5.1,8.292429823902063,1,340.3830000000001
CC(C)(C)OC(=O)N1CCCC(NC(=O)c2nc3c(C(N)=O)cccc3[nH]2)C1,1150.0,5.939302159646388,0,387.4400000000001
CC(C)(C)OC(=O)N1CCCN(CC2=Nc3cccc4c(=O)[nH]nc(c34)N2)CC1,51.0,7.292429823902063,1,398.46700000000016
CC(C)(C)OC(=O)N1CCN(C(=O)CCC(=O)c2ccc3[nH]c4c5c(c6c(c4c3c2)C(=O)NC6=O)CCC5)CC1,10.0,8.0,1,544.6080000000001
CC(C)(C)OC(=O)N1CCN(C(=O)c2nc3c(C(N)=O)cccc3[nH]2)CC1,152.0,6.818156412055227,1,373.4130000000001
CC(C)(C)OC(=O)N1CC[C@H](C(=O)Nc2cc(Cn3c(=O)[nH]c(=O)c4ccccc43)ccc2Br)C1,346.0,6.460923901207224,1,543.418
CC(C)(C)OC(=O)N1CC[C@H](C(=O)Nc2cc(Cn3c(=O)[nH]c(=O)c4ccccc43)ccc2Cl)C1,6.2,8.207608310501746,1,498.9670000000002
CC(C)(C)OC(=O)N1CC[C@H](C(=O)Nc2cc(Cn3c(=O)[nH]c(=O)c4ccccc43)ccc2N)C1,100.0,7.0,1,479.5370000000002
CC(C)(C)OC(=O)N1CC[C@H](C(=O)Nc2cc(Cn3c(=O)[nH]c(=O)c4ccccc43)ccc2O)C1,100.0,7.0,1,480.5210000000002
CC(C)(C)OC(=O)N1CC[C@H](C(=O)Nc2cc(Cn3c(=O)[nH]c(=O)c4ccccc43)ccc2[N+](=O)[O-])C1,100.0,7.0,1,509.51900000000023
CC(C)(C)OC(=O)N1CC[C@H](C(=O)Nc2cc(Cn3c(=O)[nH]c(=O)c4ccccc43)cnc2Br)C1,100.0,7.0,1,544.4060000000001
CC(C)(C)OC(=O)N1CC[C@H](C(=O)Nc2cc(Cn3c(=O)[nH]c(=O)c4ccccc43)cnc2Cl)C1,232.0,6.634512015109101,1,499.95500000000015
CC(C)(C)OC(=O)N1CC[C@H](C(=O)Nc2cc(Cn3c(=O)[nH]c(=O)c4ccccc43)cnc2F)C1,39.8,7.400116927926312,1,483.50000000000017
CC(C)(C)OC(=O)N1CC[C@H](C(=O)Nc2cncc(Cn3c(=O)[nH]c(=O)c4ccccc43)c2)C1,100.0,7.0,1,465.5100000000003
CC(C)(C)OC(=O)N1C[C@H]2C[C@@H]1CN2c1ccc2nc(O)c3ccccc3c2n1,774.0,6.111259039317107,1,392.4590000000001
CC(C)(C)OC(=O)NC(CCCc1nc(-c2ccc3[nH]c4c5c(c6c(c4c3c2)C(=O)NC6=O)CCC5)cs1)C(=O)OC(C)(C)C,46.0,7.337242168318426,1,630.7670000000002
CC(C)(C)OC(=O)NC1CCN(C(=O)c2nc3c(C(N)=O)cc(F)cc3[nH]2)C1,100.0,7.0,1,391.4030000000001
CC(C)(C)OC(=O)NC1CCN(C(=O)c2nc3c(C(N)=O)cc(F)cc3[nH]2)CC1,80.0,7.096910013008056,1,405.4300000000001
CC(C)(C)OC(=O)NC1CCN(C(=O)c2nc3c(C(N)=O)cccc3[nH]2)C1,857.0,6.0670191780768015,1,373.41300000000007
CC(C)(C)OC(=O)NC1CCN(C(=O)c2nc3c(C(N)=O)cccc3[nH]2)CC1,968.0,6.014124642691606,1,387.4400000000001
CC(C)(C)OC(=O)NC1CCN(Cc2ccc(-c3[nH]c4cc(F)cc5c4c3CCNC5=O)cc2)CC1,1.17,8.931814138253838,1,492.59500000000025
CC(C)(C)OC(=O)NCC1=Nc2cccc3c(=O)[nH]nc(c23)N1,47.0,7.327902142064283,1,315.33299999999997
CC(C)(C)OC(=O)NCCCCC(NC(=O)OC(C)(C)C)C(=O)NCc1ccc2[nH]c3c4c(c5c(c3c2c1)CNC5=O)CCC4,670.0,6.173925197299173,1,619.763
CC(C)(C)OC(=O)NCCNC(=O)CCC(=O)c1ccc2[nH]c3c4c(c5c(c3c2c1)C(=O)NC5=O)CCC4,16.0,7.795880017344075,1,518.5700000000003
CC(C)(C)OC(=O)N[C@@H](Cc1ccccc1)C(=O)N1CC2=NNC(=O)c3cccc4[nH]c(c2c34)C1,50050.0,4.300595918184663,0,473.53300000000024
CC(C)(C)OC(=O)[C@@H]1CCCN1C(=O)CCC(=O)c1ccc2[nH]c3c4c(c5c(c3c2c1)C(=O)NC5=O)CCC4,7.0,8.154901959985743,1,529.5930000000001
CC(C)(C)OC(=O)[C@@H]1CCCN1CC(=O)c1ccc2[nH]c3c4c(c5c(c3c2c1)C(=O)NC5=O)CCC4,12.0,7.920818753952375,1,487.5560000000003
CC(C)(C)S(=O)(=O)Cc1nc(-c2ccc3[nH]c4c5c(c6c(c4c3c2)C(=O)NC6=O)CCC5)cs1,21.0,7.6777807052660805,1,493.61000000000035
CC(C)(C)[C@@H]1NCCC2C=C(c3nc4c(C(=O)O)cc(F)cc4[nH]3)SC21,15.0,7.823908740944319,1,375.469
CC(C)(C)[C@H]1NCCC2C=C(c3nc4c(C(=O)O)cc(F)cc4[nH]3)SC21,92.0,7.036212172654444,1,375.469
CC(C)(C)[Si](C)(C)OCCCN1CCN(C(=O)c2cc(Cn3c(=O)[nH]c(=O)c4ccccc43)ccc2F)CC1=O,1.29,8.88941028970075,1,568.7220000000002
CC(C)(C)c1ccc(-c2cc3[nH]c(=O)c4ccccc4n3n2)cc1,1000.0,6.0,1,317.39200000000005
CC(C)(C)c1ccc(-c2nc3ccc(F)cc3c(=O)[nH]2)cc1,3900.0,5.4089353929735005,0,296.3449999999999
CC(C)(C)c1ccc(-c2nc3ccccc3c(=O)[nH]2)cc1,10000.0,5.0,0,278.35499999999996
CC(C)(C)c1ccc(C2NC(=O)c3ccccc3N2)cc1,100000.0,4.0,0,280.371
CC(C)(C)c1ccc(Cn2cc(/C=C3\SC(=O)NC3=O)c3ccccc32)cc1,820.0,6.086186147616283,1,390.5080000000001
CC(C)(C)c1ccc(S(=O)(=O)N2CCN(CC3=Nc4cccc5c(=O)[nH]nc(c45)N3)CC2)cc1,13.0,7.886056647693163,1,480.59400000000016
CC(C)(CC(=O)N1CCC(C(=O)c2ccc(C(=O)O)cc2)CC1)Cc1cc2ccccc2c(=O)[nH]1,1000.0,6.0,1,474.55700000000024
CC(C)(CC(=O)N1CCC(C(=O)c2ccc(C(=O)O)cc2)CC1)Cc1nc2ccccc2c(=O)[nH]1,17000.0,4.769551078621726,0,475.54500000000024
CC(C)(CC(=O)N1CCC(C(=O)c2cccc(C(=O)O)c2)CC1)Cc1cc2ccccc2c(=O)[nH]1,9200.0,5.036212172654444,0,474.5570000000003
CC(C)(CC(=O)N1CCC(C(=O)c2cccc(C(=O)O)c2)CC1)Cc1nc2ccccc2c(=O)[nH]1,29000.0,4.5376020021010435,0,475.5450000000003
CC(C)(CC(=O)Nc1cccc(C(N)=O)c1)C(=O)O,9474.965,5.023422385616876,0,264.28099999999995
CC(C)(Cc1nc2ccccc2[nH]1)NC(=O)c1ccc(/C=C2\Oc3c(C(N)=O)cccc3C2=O)cc1,50.0,7.301029995663981,1,480.5240000000003
CC(C)(N)C(=O)N1CC2=NNC(=O)c3cc(F)cc4[nH]c(c2c34)C1,6006.0,5.221414672137038,0,329.3350000000001
CC(C)(N)C(=O)N1CC2=NNC(=O)c3cccc4[nH]c(c2c34)C1,1804.25,5.743703286030189,0,311.3450000000001
CC(C)(NC(=O)OCc1ccccc1)C(=O)N1CCC2=C(C1)Nc1cccc3c(=O)[nH]nc2c13,23.0,7.638272163982407,1,459.50600000000026
CC(C)(O)c1ccc(-c2cn3c(CO)ccc3c(=O)[nH]2)cc1,4200.0,5.376750709602099,0,298.342
CC(C)(O)c1ccc(-c2cn3c(F)c(F)cc3c(=O)[nH]2)cc1,1300.0,5.886056647693163,0,304.296
CC(C)(O)c1ccc(-c2cn3c(F)ccc3c(=O)[nH]2)cc1,2000.0,5.698970004336019,0,286.306
CC(C)(O)c1ccc(-c2cn3cc(Cl)cc3c(=O)[nH]2)cc1,630.0,6.200659450546418,1,302.761
CC(C)(O)c1ccc(-c2cn3cc(F)cc3c(=O)[nH]2)cc1,450.0,6.346787486224656,1,286.306
CC(C)(O)c1ccc(-c2cn3cccc3c(=O)[nH]2)cc1,920.0,6.036212172654444,1,268.31600000000003
CC(C)(O)c1ccc(-c2nc3c(Cl)cccc3c(=O)[nH]2)cc1,410.0,6.3872161432802645,1,314.772
CC(C)(O)c1ccc(-c2nc3c(F)cc(F)cc3c(=O)[nH]2)cc1,734.0,6.134303940083929,1,316.30699999999996
CC(C)(O)c1ccc(-c2nc3c(F)ccc(F)c3c(=O)[nH]2)cc1,1300.0,5.886056647693163,0,316.30699999999996
CC(C)(O)c1ccc(-c2nc3c(F)cccc3c(=O)[nH]2)cc1,1100.0,5.958607314841775,0,298.31699999999995
CC(C)(O)c1ccc(-c2nc3ccc(Cl)cc3c(=O)[nH]2)cc1,1400.0,5.853871964321762,0,314.772
CC(C)(O)c1ccc(-c2nc3ccc(F)c(F)c3c(=O)[nH]2)cc1,512.0,6.29073003902417,1,316.30699999999996
CC(C)(O)c1ccc(-c2nc3ccc(F)cc3c(=O)[nH]2)cc1,349.0,6.45717457304082,1,298.31699999999995
CC(C)(O)c1ccc(-c2nc3ccc(F)cc3c(=O)[nH]2)nc1,2500.0,5.6020599913279625,0,299.30499999999995
CC(C)(O)c1ccc(-c2nc3cccc(Cl)c3c(=O)[nH]2)cc1,4300.0,5.366531544420414,0,314.772
CC(C)(O)c1ccc(-c2nc3cccc(F)c3c(=O)[nH]2)cc1,830.0,6.080921907623926,1,298.31699999999995
CC(C)(O)c1ccc(-c2nc3ccccc3c(=O)[nH]2)cc1,910.0,6.040958607678906,1,280.327
CC(C)(OCCO)c1ccc(-c2nc3ccc(F)cc3c(=O)[nH]2)cc1,2300.0,5.638272163982407,0,342.37000000000006
CC(C)(c1ccccc1)c1nnc([C@H]2CC[C@H](NC(=O)CCc3nc4ccccc4c(=O)[nH]3)CC2)o1,7450.0,5.127843727251707,0,485.5880000000003
CC(C)=CCN1CCN(C(=O)c2cc(Cn3c(=O)[nH]c(=O)c4ccccc43)ccc2F)CC1=O,9.85,8.006563769502389,1,464.4970000000002
CC(C)=CCN1CCN(C(=O)c2cc(Cn3c(=O)[nH]c(=O)c4ccccc43)ccc2F)C[C@@H]1C,19.78,7.7037737127388395,1,464.54100000000017
CC(C)=CCN1CCN(C(=O)c2cc(Cn3c(=O)[nH]c(=O)c4ccccc43)ccc2F)C[C@H]1C,30.24,7.519418213170831,1,464.54100000000017
CC(C)C(=O)N1CCN(C(=O)c2cc(Cc3c[nH]c(=O)c4cc(Cl)c(Cl)n34)ccc2F)CC1,2.1,8.67778070526608,1,493.36600000000027
CC(C)C(=O)N1CCN(C(=O)c2cc(Cn3c(=O)[nH]c(=O)c4ccccc43)ccc2F)C[C@@H]1C,6.15,8.211124884224583,1,466.51300000000015
CC(C)C(=O)N1CCN(C(=O)c2cc(Cn3c(=O)[nH]c(=O)c4ccccc43)ccc2F)C[C@H]1C,6.88,8.162411561764488,1,466.51300000000015
CC(C)C(=O)N1CCN(Cc2c(O)cc(O)c3c(=O)cc(-c4ccc(O)cc4)oc23)CC1,37.9,7.421360790031928,1,438.48000000000025
CC(C)C(=O)NCc1nc(-c2ccc3[nH]c4c5c(c6c(c4c3c2)C(=O)NC6=O)CCC5)cs1,32.0,7.494850021680094,1,458.5430000000003
CC(C)C(=O)Nc1cccc(Cc2nnc(O)c3ccccc23)c1,370.0,6.431798275933005,1,321.38
CC(C)C(C)N1CCN(C(=O)c2cc(Cn3c(=O)[nH]c(=O)c4ccccc43)ccc2F)CC1=O,9.0,8.045757490560675,1,466.5130000000002
CC(C)C1CC2=NNC(=O)c3cc(F)cc4[nH]c(c2c34)C1,1651.65,5.782081978306775,0,285.32200000000006
CC(C)C1CC2=NNC(=O)c3cccc4[nH]c(c2c34)C1,4002.0,5.3977229156998074,0,267.33200000000005
CC(C)C1NCCc2cc(-c3nc4c(C(N)=O)cc(F)cc4[nH]3)sc21,27.0,7.568636235841013,1,358.442
CC(C)C1c2n[nH]c(=O)c3cccc(c23)NC1c1ccccc1,4139.0,5.3831045735992396,0,305.38100000000003
CC(C)CC(=O)N1CCN(C(=O)c2ccc(-c3ccc4c(Cl)cc(C(N)=O)n4n3)cc2)CC1,501.91,6.299374151395938,1,467.9570000000002
CC(C)CC(=O)NCc1nc(-c2ccc3[nH]c4c5c(c6c(c4c3c2)C(=O)NC6=O)CCC5)cs1,56.0,7.251811972993799,1,472.5700000000003
CC(C)CC(=O)Nc1nnc2n1CCS2,55300.0,4.257274868695302,0,226.30499999999998
CC(C)CC1NCCc2cc(-c3cnn4c(C(N)=O)cc(Cl)c4c3)sc21,240.49,6.618902977648201,1,388.9240000000001
CC(C)CC1NCCc2cc(-c3nc4c(C(N)=O)cc(F)cc4[nH]3)sc21,36.0,7.443697499232712,1,372.46900000000005
CC(C)CC1NCCc2cc(-c3nc4c(C(N)=O)cc(F)cc4n3C)sc21,20.0,7.698970004336019,1,386.4960000000001
CC(C)CC1NCCc2sc(-c3cnn4c(C(N)=O)cc(Cl)c4c3)cc21,184.96,6.732922183259565,1,388.9240000000001
CC(C)CCN1CCC(NC(=O)c2nc3c(C(N)=O)cccc3[nH]2)CC1,111.0,6.954677021213342,1,357.4580000000001
CC(C)CCN1CCC(Oc2ccc3[nH]c(=O)c4c(c3c2)CCSC4)CC1,71.0,7.1487416512809245,1,386.56100000000026
CC(C)CCN1CCCC(NC(=O)c2nc3c(C(N)=O)cccc3[nH]2)C1,708.0,6.149966742310231,1,357.45800000000014
CC(C)CCN1CCN(C(=O)c2cc(Cn3c(=O)[nH]c(=O)c4ccccc43)ccc2F)CC1=O,3.03,8.518557371497694,1,466.5130000000002
CC(C)CCN1CCN(C(=O)c2ccc3[nH]c(=O)c4c(c3c2)CCSC4)CC1,65.0,7.187086643357144,1,399.5600000000003
CC(C)CCN1CCN(Cc2c(O)cc(O)c3c(=O)cc(-c4ccc(O)cc4)oc23)CC1,70.6,7.151195298948196,1,438.5240000000002
CC(C)CCN1CCP(=O)(c2cc(Cc3n[nH]c(=O)c4ccccc34)ccc2F)CC1,100.0,7.0,1,441.4870000000002
CC(C)CN(Cc1nc2c(c(=O)[nH]1)COCC2)C(=O)CN1CCC(C(=O)c2ccc(F)cc2)CC1,19000.0,4.721246399047171,0,484.5720000000003
CC(C)CN1CCC(NC(=O)c2nc3c(C(N)=O)cccc3[nH]2)CC1,92.0,7.036212172654444,1,343.43100000000004
CC(C)CN1CCC(c2nc3cncc4c3n2CCNC4=O)CC1,28.0,7.552841968657781,1,327.4320000000001
CC(C)CN1CCN(C(=O)c2cc(Cc3c[nH]c(=O)c4cc(Cl)c(Cl)n34)ccc2F)CC1,14.0,7.853871964321762,1,479.3830000000002
CC(C)CN1CCN(C(=O)c2cc(Cn3c(=O)[nH]c(=O)c4ccccc43)ccc2F)CC1=O,4.68,8.329754146925875,1,452.4860000000002
CC(C)CN1CCN(C(=O)c2cc(Cn3c(=O)[nH]c(=O)c4ccccc43)ccc2F)C[C@@H]1C,6.1,8.214670164989233,1,452.5300000000002
CC(C)CN1CCN(C(=O)c2cc(Cn3c(=O)[nH]c(=O)c4ccccc43)ccc2F)C[C@H]1C,2.79,8.554395796726402,1,452.5300000000002
CC(C)CN1CCN(C(=O)c2nc3c(C(N)=O)cccc3[nH]2)CC1,81.0,7.0915149811213505,1,329.40400000000005
CC(C)CN1CCP(=O)(c2cc(Cc3n[nH]c(=O)c4ccccc34)ccc2F)CC1,100.0,7.0,1,427.46000000000015
CC(C)CNC(=O)C1CCN(C(=O)c2cccc(Cc3nnc(O)c4ccccc34)c2)CC1,16.0,7.795880017344075,1,446.5510000000002
CC(C)CNC(=O)c1cnc(N2CCN(c3nc4c(C(N)=O)cc(F)cc4[nH]3)CC2)cn1,25.0,7.6020599913279625,1,440.4830000000002
CC(C)C[C@@H](CC(=O)N1CCC(C(=O)c2cnn(C)c2)CC1)Cc1nc2ccccc2c(=O)[nH]1,14000.0,4.853871964321762,0,463.5820000000003
CC(C)C[C@H](CC(=O)N1CCC(C(=O)c2cnn(C)c2)CC1)Cc1nc2ccccc2c(=O)[nH]1,26000.0,4.585026652029182,0,463.5820000000003
CC(C)C[C@H](NC(=O)CNC(=O)c1cc(Cc2ccc(=O)[nH]n2)ccc1F)B1O[C@@H]2C[C@@H]3C[C@@H](C3(C)C)[C@]2(C)O1,1000.0,6.0,1,552.4560000000002
CC(C)C[C@H](NC(=O)CNC(=O)c1cc(Cc2n[nH]c(=O)c3ccccc23)ccc1F)B(O)O,4.1,8.387216143280265,1,468.2940000000001
CC(C)C[C@H](NC(=O)CNC(=O)c1cc(Cc2n[nH]c(=O)c3ccccc23)ccc1F)B1O[C@@H]2C[C@@H]3C[C@@H](C3(C)C)[C@]2(C)O1,2.1,8.67778070526608,1,602.5160000000001
CC(C)C[C@H](NC(=O)[C@@H](NC(=O)c1cc(Cc2n[nH]c(=O)c3ccccc23)ccc1F)C(C)(C)C)B1O[C@@H]2C[C@@H]3C[C@@H](C3(C)C)[C@]2(C)O1,171.0,6.767003889607846,1,658.624
CC(C)C[C@H](NC(=O)[C@@H](NC(=O)c1cc(Cc2n[nH]c(=O)c3ccccc23)ccc1F)C(C)C)B1O[C@@H]2C[C@@H]3C[C@@H](C3(C)C)[C@]2(C)O1,151.0,6.82102305270683,1,644.597
CC(C)C[C@H](NC(=O)[C@@H](NC(=O)c1cc(Cc2n[nH]c(=O)c3ccccc23)ccc1F)C(C)O)B1O[C@@H]2C[C@@H]3C[C@@H](C3(C)C)[C@]2(C)O1,273.0,6.5638373529592435,1,646.569
CC(C)C[C@H](NC(=O)[C@H](C)NC(=O)c1cc(Cc2n[nH]c(=O)c3ccccc23)ccc1F)B1O[C@@H]2C[C@@H]3C[C@@H](C3(C)C)[C@]2(C)O1,118.0,6.928117992693875,1,616.543
CC(C)C[C@H](NC(=O)[C@H](CC(C)C)NC(=O)c1cc(Cc2n[nH]c(=O)c3ccccc23)ccc1F)B1O[C@@H]2C[C@@H]3C[C@@H](C3(C)C)[C@]2(C)O1,137.0,6.863279432843593,1,658.624
CC(C)C[C@H](NC(=O)[C@H](CCc1ccccc1)NC(=O)c1cc(Cc2n[nH]c(=O)c3ccccc23)ccc1F)B1O[C@@H]2C[C@@H]3C[C@@H](C3(C)C)[C@]2(C)O1,100.0,7.0,1,706.6680000000001
CC(C)C[C@H](NC(=O)[C@H](Cc1c[nH]c2ccccc12)NC(=O)c1cc(Cc2n[nH]c(=O)c3ccccc23)ccc1F)B(O)O,98.0,7.008773924307505,1,597.4560000000005
CC(C)C[C@H](NC(=O)[C@H](Cc1c[nH]c2ccccc12)NC(=O)c1cc(Cc2n[nH]c(=O)c3ccccc23)ccc1F)B1O[C@@H]2C[C@@H]3C[C@@H](C3(C)C)[C@]2(C)O1,28.0,7.552841968657781,1,731.6780000000001
CC(C)C[C@H](NC(=O)[C@H](Cc1ccc(O)cc1)NC(=O)c1cc(Cc2n[nH]c(=O)c3ccccc23)ccc1F)B1O[C@@H]2C[C@@H]3C[C@@H](C3(C)C)[C@]2(C)O1,116.0,6.935542010773082,1,708.6400000000001
CC(C)C[C@H](NC(=O)[C@H](Cc1ccccc1)NC(=O)c1cc(COc2ccccc2C(N)=O)ccc1F)B1O[C@@H]2C[C@@H]3C[C@@H](C3(C)C)[C@]2(C)O1,1000.0,6.0,1,683.63
CC(C)C[C@H](NC(=O)[C@H](Cc1ccccc1)NC(=O)c1cc(Cc2n[nH]c(=O)c3ccccc23)ccc1F)B(O)O,291.0,6.536107011014093,1,558.4190000000004
CC(C)C[C@H](NC(=O)[C@H](Cc1ccccc1)NC(=O)c1cc(Cc2n[nH]c(=O)c3ccccc23)ccc1F)B1O[C@@H]2C[C@@H]3C[C@@H](C3(C)C)[C@]2(C)O1,98.0,7.008773924307505,1,692.6410000000001
CC(C)Cc1cc2[nH]c(=O)c3ccccc3n2n1,400.0,6.3979400086720375,1,241.294
CC(C)Cc1cc2c(N)cccc2c(=O)[nH]1,1170.0,5.931814138253839,0,216.28400000000002
CC(C)N(C)Cc1ccc2c3c(c(=O)[nH]c2c1)CCCN3,190.0,6.721246399047171,1,285.391
CC(C)N(Cc1ccc2c(c1)-c1n[nH]c(=O)c3cccc(c13)O2)C(C)C,300.0,6.522878745280337,1,349.43400000000014
CC(C)N(Cc1nc2c(c(=O)[nH]1)COCC2)C(=O)CN1CCC(C(=O)c2ccc(F)cc2)CC1,19000.0,4.721246399047171,0,470.5450000000003
CC(C)N1CC2=NNC(=O)c3cc(F)cc4[nH]c(c2c34)C1,2552.55,5.593025742086726,0,286.31000000000006
CC(C)N1CC2=NNC(=O)c3cccc4[nH]c(c2c34)C1,3553.55,5.4493375694655874,0,268.32000000000005
CC(C)N1CCC(NC(=O)c2nc3c(C(N)=O)cccc3[nH]2)CC1,64.0,7.1938200260161125,1,329.40400000000005
CC(C)N1CCC(c2nc3cncc4c3n2CCNC4=O)CC1,92.0,7.036212172654444,1,313.4050000000001
CC(C)N1CCC(n2c(=O)c3c(C(N)=O)cccc3n2C)CC1,130.0,6.886056647693163,1,316.40500000000014
CC(C)N1CCCC(c2nc3c(C(N)=O)cncc3[nH]2)C1,651.0,6.186419011431808,1,287.367
CC(C)N1CCN(C(=O)c2cc(Cn3c(=O)[nH]c(=O)c4ccccc43)ccc2F)CC1=O,5.06,8.2958494831602,1,438.4590000000002
CC(C)N1CCN(C(=O)c2cc3[nH]c(=O)c4ccccc4c3n2C)CC1,830.0,6.080921907623926,1,352.43800000000016
CC(C)N1CCN(CC(=O)Nc2ccc3nc(O)c4ccccc4c3n2)CC1,277.0,6.557520230935552,1,379.4640000000002
CC(C)N1CCN(CC(=O)Nc2cnc3c(c2)nc(O)c2ccccc23)CC1,86.0,7.0655015487564325,1,379.4640000000002
CC(C)N1CCN(Cc2ccc(-c3ccc4c(Cl)cc(C(N)=O)n4n3)cc2)CC1,368.98,6.432997173475185,1,411.93700000000024
CC(C)N1CCN(Cc2ccc3c(c2)-c2n[nH]c(=O)c4cccc(c24)O3)CC1,30.0,7.522878745280337,1,376.46000000000026
CC(C)N1CCN2C(=Nc3cccc4c(=O)[nH]nc2c34)C1,111.0,6.954677021213342,1,283.3350000000001
CC(C)N1CCP(=O)(c2cc(Cc3n[nH]c(=O)c4ccccc34)ccc2F)CC1,100.0,7.0,1,413.43300000000016
CC(C)NC(=O)c1cnc(N2CCN(c3nc4c(C(N)=O)cc(F)cc4[nH]3)CC2)cn1,14.0,7.853871964321762,1,426.45600000000013
CC(C)NCCc1c[nH]c2ccc3c(c12)CCNC3=O,82.0,7.086186147616283,1,271.364
CC(C)NCc1ccc(-c2[nH]c3cccc4c3c2C(=O)NNC4=O)cc1,11292.0,4.947229130525118,0,348.406
CC(C)NCc1ccc(-c2[nH]c3cccc4c3c2C=NNC4=O)cc1,13.99,7.854182285508172,1,332.40700000000004
CC(C)NCc1ccc(-c2cc3c4c(c[nH]c4c2)C(=O)NNC3=O)cc1,465.4,6.3321736210492885,1,348.406
CC(C)NCc1ccc(-c2nc3cncc4c3n2CCNC4=O)cc1,58.0,7.236572006437063,1,335.41100000000006
CC(C)NCc1ccc(-n2cc3cccc(C(N)=O)c3n2)cc1,6.7,8.173925197299173,1,308.38500000000005
CC(C)NCc1ccc2c3c(c(=O)[nH]c2c1)CCCN3,260.0,6.585026652029182,1,271.3639999999999
CC(C)NS(=O)(=O)c1ccc(NC(=O)Cc2n[nH]c(=O)c3ccccc23)cc1,690.0,6.161150909262744,1,400.4600000000001
CC(C)Oc1ccc(C(=O)C2CCN(CC(=O)NCc3nc4c(c(=O)[nH]3)COCC4)CC2)cc1,5630.0,5.249491605148654,0,468.55400000000037
CC(C)P1(=O)CCN(C(=O)c2cc(Cc3n[nH]c(=O)c4ccccc34)ccc2F)CC1,100.0,7.0,1,441.4430000000002
CC(C)S(=O)(=O)N1CCN(C(=O)c2cc3[nH]c(=O)c4ccccc4c3n2C)CC1,600.0,6.221848749616356,1,416.5030000000002
CC(C)[C@@H](CC(=O)N1CCC(C(=O)c2cnn(C)c2)CC1)Cc1nc2ccccc2c(=O)[nH]1,30000.0,4.522878745280337,0,449.55500000000023
CC(C)[C@H](CC(=O)N1CCC(C(=O)c2cnn(C)c2)CC1)Cc1nc2ccccc2c(=O)[nH]1,21000.0,4.6777807052660805,0,449.55500000000023
CC(C)c1ccc(-c2cc(=O)c3ccccc3o2)cc1,19077.305,4.7194829769220785,0,264.32399999999996
CC(C)c1ccc(C2CC3=NNC(=O)c4cc(F)cc5[nH]c(c3c45)C2)cc1,25600.0,4.59176003468815,0,361.4200000000001
CC(C)c1ccc(C2NC(=O)c3ccccc3N2)cc1,100000.0,4.0,0,266.344
CC(C)c1ccc(C2c3n[nH]c(=O)c4cccc(c34)NC2c2ccc(CN(C)C)cc2)cc1,9.59,8.018181392829336,1,438.5750000000001
CC(C)c1ccc(Cn2cc(/C=C3\SC(=O)NC3=O)c3ccccc32)cc1,37370.0,4.427476902150363,0,376.4810000000001
CC(C)c1ccc(N(C)c2ccnc(Nc3ccc(-c4nc5c(C(N)=O)cccc5[nH]4)cc3)n2)cc1,89.7,7.047207556955908,1,477.5720000000002
CC(C)c1ccc(N(C)c2ccnc(Nc3ccc(-c4nc5cc(F)c(F)cc5[nH]4)cc3)n2)cc1,672.0,6.172630726946175,1,470.5270000000001
CC(C)c1ccc(Nc2nc3ccccc3n3nnnc23)cc1,5011.87,5.300000202445418,0,304.357
CC(C)c1ccc(S(=O)(=O)N2CCCN(CC3=Nc4cccc5c(=O)[nH]nc(c45)N3)CC2)cc1,21.0,7.6777807052660805,1,480.59400000000016
CC(C)c1ccc(S(=O)(=O)N2CCN(CC3=Nc4cccc5c(=O)[nH]nc(c45)N3)CC2)cc1,17.0,7.769551078621726,1,466.5670000000002
CC(C)c1nnc2n1C(C)CN(C(=O)c1cc(Cc3n[nH]c(=O)c4ccccc34)ccc1F)C2,4.1,8.387216143280265,1,460.51300000000015
CC(C)c1nnc2n1CCN(C(=O)c1ccc(/C=C3\Oc4c(C(N)=O)cccc4C3=O)cc1)C2,39.575,7.4025790764656065,1,457.4900000000003
CC(C)n1cc(C(=O)C2CCN(C(=O)CC(C)(C)Cc3nc4c(ccn4C)c(=O)[nH]3)CC2)cn1,7800.0,5.107905397309519,0,466.5860000000002
CC(C)n1cc(C(=O)C2CCN(C(=O)CCCc3nc4c(ccn4C)c(=O)[nH]3)CC2)cn1,1800.0,5.7447274948966935,0,438.5320000000001
CC(C)n1cc(C(=O)C2CCN(C(=O)C[C@@H](C)Cc3nc4ccccc4c(=O)[nH]3)CC2)cn1,1900.0,5.721246399047171,0,449.5550000000001
CC(C)n1cc(C(=O)C2CCN(C(=O)C[C@H](C)Cc3nc4ccccc4c(=O)[nH]3)CC2)cn1,3200.0,5.494850021680094,0,449.5550000000001
CC(C)n1cc2c(n1)CN(C(=O)c1cc(Cc3n[nH]c(=O)c4ccccc34)ccc1F)C2,5.4,8.267606240177031,1,431.4710000000002
CC(C1CCCC1)N1CCN(C(=O)c2cc(Cn3c(=O)[nH]c(=O)c4ccccc43)ccc2F)CC1=O,3.67,8.435333935747911,1,492.5510000000003
CC(C1CCCCC1)N1CCN(C(=O)c2cc(Cn3c(=O)[nH]c(=O)c4ccccc43)ccc2F)CC1=O,4.92,8.30803489723264,1,506.57800000000026
CC(CC(=O)N1CCN(c2ccc(C#N)cn2)CC1)c1nc2ccccc2c(=O)[nH]1,42.0,7.376750709602099,1,402.45800000000014
CC(CC(=O)NCC(=O)c1ccc2ccccc2c1)n1c2c(c(=O)[nH]c1=O)CCCC2,5000.0,5.301029995663981,0,419.48100000000034
CC(N1CC2=NNC(=O)c3cccc4[nH]c(c2c34)C1)C(C)(C)N,7200.0,5.142667503568732,0,311.38900000000007
CC(NC(=O)CCc1nc2ccccc2c(=O)[nH]1)c1ccc(-n2ccnc2)cc1,450.0,6.346787486224656,1,387.4430000000001
CC(NC(=O)CCc1nc2ccccc2c(=O)[nH]1)c1ccc(S(N)(=O)=O)cc1,1500.0,5.823908740944319,0,400.46000000000015
CC(NC(=O)COc1ccccc1C(N)=O)c1ccccc1,820.0,6.086186147616283,1,298.342
CC(NC(=O)Cc1n[nH]c(=O)c2ccccc12)c1ccc2c(c1)CCCC2,1860.0,5.730487055782084,0,361.4450000000002
CC(O)CSc1nnc(-c2cc3ccccc3[nH]2)n1-c1ccccc1,330.0,6.481486060122113,1,350.44700000000006
CC(O)c1cccnc1N1CCP(=O)(c2cc(Cc3n[nH]c(=O)c4ccccc34)ccc2F)CC1,325.0,6.488116639021126,1,492.4910000000002
CC(Oc1ccccc1)C(=O)N1CCN(C(=O)c2cc(CCOc3ccccc3C(N)=O)ccc2F)CC1,19.0,7.721246399047171,1,519.5730000000002
CC(Oc1ccccc1)C(=O)N1CCN(C(=O)c2cc(COc3ccc(F)cc3C(N)=O)ccc2F)CC1,14.0,7.853871964321762,1,523.5360000000002
CC(Oc1ccccc1)C(=O)N1CCN(C(=O)c2cc(COc3ccccc3C(N)=O)ccc2F)CC1,50.0,7.301029995663981,1,505.5460000000003
CC(Oc1ccccc1)C(=O)N1CCN(C(=O)c2cccc(CCOc3ccccc3C(N)=O)c2)CC1,200.0,6.698970004336019,1,501.5830000000003
CC(Oc1ccccc1)C(=O)N1CCN(C(=O)c2cccc(COc3ccccc3C(N)=O)c2)CC1,36.0,7.443697499232712,1,487.55600000000027
CC(Oc1ccccc1)C(=O)N1CCN(C(=O)c2cccc(Cc3n[nH]c(=O)c4ccccc34)c2)CC1,5.0,8.301029995663981,1,496.56700000000023
CC(c1ccc(F)cc1F)N(Cc1nc2c(c(=O)[nH]1)COCC2)C(=O)CN1CCC(C(=O)c2ccc(F)cc2)CC1,19000.0,4.721246399047171,0,568.5960000000002
CC(c1ccc2c3c(c(=O)[nH]c2c1)CCCN3)N(C)C,50.0,7.301029995663981,1,271.364
CC(c1cccs1)N(Cc1nc2c(c(=O)[nH]1)COCC2)C(=O)CN1CCC(C(=O)c2ccc(F)cc2)CC1,19000.0,4.721246399047171,0,538.6450000000002
CC(c1nc2c(C(N)=O)cccc2[nH]1)N1CC(=O)N(c2ccc(C(F)(F)F)cc2)C1=S,25.0,7.6020599913279625,1,447.4420000000001
CC(c1nc2cccc(C(N)=O)c2[nH]1)N1CC(=O)N(c2cccc(C(F)(F)F)c2)C1=S,25.0,7.6020599913279625,1,447.44200000000006
CC(c1ncc(F)cn1)N1CCN(c2nc3c(c(=O)[nH]2)CCCN3C)CC1,7660.0,5.115771230367396,0,373.4360000000002
CC(c1ncccn1)N1CCN(c2nc3c(c(=O)[nH]2)CCCN3C)CC1,5113.333333333333,5.291295895106701,0,355.4460000000002
CC1(C(=O)N2CC3=NNC(=O)c4cc(F)cc5[nH]c(c3c45)C2)CC1,9.8,8.008773924307505,1,326.3310000000002
CC1(C(=O)N2CCC3=C(C2)Nc2cccc4c(=O)[nH]nc3c24)CC1,7.2,8.142667503568731,1,322.36800000000017
CC1(C)C(=O)C2=NNC(=O)c3cc(F)cc4[nH]c(c2c34)C1=O,13.1,7.882728704344236,1,299.2610000000001
CC1(C)C(C(=O)N2CC3=NNC(=O)c4cc(F)cc5[nH]c(c3c45)C2)C1(C)C,17.9,7.747146969020107,1,368.4120000000002
CC1(C)C(C(=O)N2CCC3=C(C2)Nc2cccc4c(=O)[nH]nc3c24)C1(C)C,8.0,8.096910013008056,1,364.4490000000001
CC1(C)CC(=O)N(c2cc(Cc3nnc(O)c4ccccc34)ccc2F)C1=O,9.8,8.008773924307505,1,379.3910000000001
CC1(C)CC2=NNC(=O)c3c(F)ccc4[nH]c(c2c34)C1,4554.55,5.341554525863569,0,271.2950000000001
CC1(C)CC2=NNC(=O)c3cc(F)cc4[nH]c(c2c34)C1,2602.6,5.5845925745498635,0,271.2950000000001
CC1(C)CC2=NNC(=O)c3cc(F)cc4[nH]c(c2c34)C1=O,5705.7,5.24369106684819,0,285.2780000000001
CC1(C)CC2=NNC(=O)c3cc(F)cc4[nH]c(c2c34)C1O,5505.4,5.259211121473012,0,287.29400000000004
CC1(C)CC2=NNC(=O)c3cc(F)cc4c3c2c(n4CCO)C1,23000.0,4.638272163982407,0,315.3480000000001
CC1(C)CC2=NNC(=O)c3cccc4[nH]c(c2c34)C1,3153.15,5.501255368731081,0,253.305
CC1(C)CC2=NNC(=O)c3cccc4c3c2c(n4CC2CO2)C1,13513.5,4.869232154025675,0,309.3690000000001
CC1(C)CC2=NNC(=O)c3cccc4c3c2c(n4CCN(Cc2ccccc2)Cc2ccccc2)C1,500377.5,3.3007022270472333,0,476.62400000000025
CC1(C)CC2=NNC(=O)c3cccc4c3c2c(n4CCN2CCCC2)C1,4842.64,5.314917815038675,0,350.46600000000024
CC1(C)CC2=NNC(=O)c3cccc4c3c2c(n4CCN2CCCCC2)C1,1451.45,5.838197920285706,0,364.4930000000003
CC1(C)CC2=NNC(=O)c3cccc4c3c2c(n4CCN2CCOCC2)C1,95095.0,4.021842317231833,0,366.46500000000026
CC1(C)CC2=NNC(=O)c3cccc4c3c2c(n4CCO)C1,7682.0,5.114525697170842,0,297.35800000000006
CC1(C)CC2=NNC(=O)c3cccc4c3c2c(n4Cc2ccccc2)C1,667000.0,3.175874166083451,0,343.43000000000006
CC1(C)CCC2=C(C1)c1n[nH]c(=O)c3cccc(c13)N2,6.3,8.200659450546418,1,267.332
CC1(C)CCC2N=C(CCCN3CC=C(c4ccccc4)CC3)NC(=O)C2C1,10000.0,5.0,0,379.5480000000002
CC1(C)CCc2[nH]c3cc(F)cc4c3c2C1=NNC4=O,2977.0285714285715,5.526216997279971,0,271.295
CC1(C)CCc2[nH]c3cccc4c3c2C1=NNC4=O,12406.199999999999,4.906361221865534,0,253.305
CC1(C)CN(C(=O)c2cc(Cc3n[nH]c(=O)c4ccccc34)ccc2F)Cc2cnnn21,1000.0,6.0,1,432.4590000000001
CC1(C)CN(C(=O)c2cc(Cc3n[nH]c(=O)c4ccccc34)ccc2F)Cc2nnc(C(F)(F)F)n21,50.0,7.301029995663981,1,500.45600000000013
CC1(C)CN(C(=O)c2cc(Cc3n[nH]c(=O)c4ccccc34)ccc2F)Cc2nnc(CF)n21,20.0,7.698970004336019,1,464.47600000000017
CC1(C)Cn2nncc2CN1C(=O)c1cc(Cc2n[nH]c(=O)c3ccccc23)ccc1F,1000.0,6.0,1,432.45900000000006
CC1(C)OC(=O)N([C@H]2CC[C@H](NC(=O)c3ccnc4cc(F)cnc34)CC2)[C@H]1c1ccccc1,85000.0,4.070581074285707,0,462.5250000000002
CC1(C)OC(=O)N([C@H]2CC[C@H](c3cnc(N)c(-c4ncccn4)c3)CC2)[C@H]1c1ccccc1,85000.0,4.070581074285707,0,443.55100000000016
CC1(C)OC(=O)N([C@H]2CC[C@H](c3cnc(N)c(C#N)c3)CC2)[C@H]1c1ccccc1,85000.0,4.070581074285707,0,390.48700000000014
CC1(C)OC(=O)N([C@H]2CC[C@H](n3c(=O)[nH]c4c(F)c(C#N)ccc43)CC2)[C@H]1c1ccccc1,85000.0,4.070581074285707,0,448.4980000000002
CC1(C)OC(=O)N([C@H]2CC[C@H](n3c(=O)[nH]c4cc(C#N)c(F)cc43)CC2)[C@H]1c1ccccc1,85000.0,4.070581074285707,0,448.4980000000002
CC1(C)OC(=O)N(c2ccc(-c3cnc(N)c(-c4ncccn4)c3)cc2)[C@H]1c1ccccc1,85000.0,4.070581074285707,0,437.5030000000001
CC1(C)OC(=O)N(c2ccc(C(=O)Nc3cccc4cccnc34)cc2)[C@H]1c1ccccc1,10000.0,5.0,0,437.49900000000014
CC1(COc2ccc(/C=C3/SC(O)=NC3=O)cc2)CCCCC1,25000.0,4.6020599913279625,0,331.4370000000002
CC1(NC(=O)c2ccc(N3CCN(C(=O)CCc4nc(=O)c5ccccc5[nH]4)CC3)c(Cl)c2)CC1,29.0,7.5376020021010435,1,493.99500000000023
CC1(NC(=O)c2ccc(N3CCN(C(=O)CCc4nc(=O)c5ccccc5[nH]4)CC3)c(Cl)c2)COC1,30.0,7.522878745280337,1,509.99400000000026
CC1(NS(=O)(=O)c2ccc3c(C(=O)C4CC4)cn(-c4nnc(C(F)F)s4)c3c2)CC1,150000.0,3.8239087409443187,0,452.50800000000015
CC1(NS(=O)(=O)c2ccc3c(c2)N(C(=O)CN2CCOC2=O)CC3)CC1,150000.0,3.8239087409443187,0,379.43800000000033
CC1(NS(=O)(=O)c2ccc3ccnc(Cl)c3c2)CC1,150000.0,3.8239087409443187,0,296.7790000000001
CC1(NS(=O)(=O)c2ccc3nc(N4CCCC4)[nH]c(=O)c3c2)CC1,150000.0,3.8239087409443187,0,348.4280000000001
CC12CCCN1Cc1[nH]c3cc(F)cc4c3c1C2=NNC4=O,73.0,7.136677139879544,1,298.321
CC1=C(C)C(=O)N(c2cccc(C(N)=O)c2)C1=O,10485.645,4.979404849764666,0,244.24999999999997
CC1=C(NN)SC(NNS(=O)(=O)c2ccc3[nH]c(=O)c(=O)[nH]c3c2)N1C(=O)c1ccccc1,2.31,8.636388020107855,1,489.5390000000002
CC1=CSC(NNS(=O)(=O)c2ccc3[nH]c(=O)c(=O)[nH]c3c2)N1C(=O)c1ccccc1,6.35,8.197226274708024,1,459.5090000000002
CC1=NC2CCSCC2C(=O)N1,467.0,6.330683119433888,1,184.264
CC1C(=O)NN=C(Cc2ccc(F)c(C(=O)C3CC(=O)N(C4CCC4)C(C)C3)c2)C1C,2.77,8.557520230935552,1,427.52000000000027
CC1C2=C3C(=NNC(=O)c4cccc1c43)CCC2,15800.0,4.801342913045577,0,238.28999999999996
CC1CC(=O)N(c2cc(Cc3n[nH]c(=O)c4ccccc34)ccc2F)C1=O,3.8,8.42021640338319,1,365.3640000000001
CC1CC2=NNC(=O)c3cc(F)cc4[nH]c(c2c34)C1,3002.725,5.522484440179077,0,257.268
CC1CC2=NNC(=O)c3cccc4[nH]c(c2c34)C1,5069.2,5.29506057380266,0,239.278
CC1CCC2N=C(CCCN3CC=C(c4ccccc4)CC3)NC(=O)C2C1,274.0,6.562249437179612,1,365.5210000000002
CC1CCN(C(=O)C2CCN(C(=O)c3cccc(Cc4nnc(O)c5ccccc45)c3)CC2)CC1,8.0,8.096910013008056,1,472.58900000000034
CC1CCc2nc(CCCN3CC=C(c4ccccc4)CC3)[nH]c(=O)c2C1,274.0,6.562249437179612,1,363.50500000000017
CC1CN(C(=O)c2cc(COc3ccccc3C(N)=O)ccc2F)Cc2nnc(-c3ccccn3)n21,165.0,6.782516055786093,1,486.5070000000002
CC1CN(C(=O)c2cc(COc3ccccc3C(N)=O)ccc2F)Cc2nnc(-c3nccs3)n21,100.0,7.0,1,492.5360000000002
CC1CN(C(=O)c2cc(Cc3ccc(=O)[nH]n3)ccc2F)Cc2nnc(-c3ccccn3)n21,523.5,6.281083313985139,1,445.45800000000014
CC1CN(C(=O)c2cc(Cc3ccc(=O)[nH]n3)ccc2F)Cc2nnc(-c3nccs3)n21,100.0,7.0,1,451.48700000000014
CC1CN(C(=O)c2cc(Cc3n[nH]c(=O)c4ccccc34)ccc2F)C(CC(F)(F)F)c2nnc(C(F)(F)F)n21,20.0,7.698970004336019,1,568.4530000000002
CC1CN(C(=O)c2cc(Cc3n[nH]c(=O)c4ccccc34)ccc2F)C(Cc2ccccc2)c2nnc(C(F)(F)F)n21,310.0,6.508638306165727,1,576.5540000000003
CC1CN(C(=O)c2cc(Cc3n[nH]c(=O)c4ccccc34)ccc2F)Cc2cnnn21,1000.0,6.0,1,418.43200000000013
CC1CN(C(=O)c2cc(Cc3n[nH]c(=O)c4ccccc34)ccc2F)Cc2nnc(-c3c[nH]cn3)n21,16.55,7.781202001888262,1,484.4950000000002
CC1CN(C(=O)c2cc(Cc3n[nH]c(=O)c4ccccc34)ccc2F)Cc2nnc(-c3ccc(CO)o3)n21,5.0,8.301029995663981,1,514.5170000000003
CC1CN(C(=O)c2cc(Cc3n[nH]c(=O)c4ccccc34)ccc2F)Cc2nnc(-c3ccc(F)cn3)n21,5.0,8.301029995663981,1,513.5080000000002
CC1CN(C(=O)c2cc(Cc3n[nH]c(=O)c4ccccc34)ccc2F)Cc2nnc(-c3cccc(Cl)n3)n21,5.0,8.301029995663981,1,529.9630000000001
CC1CN(C(=O)c2cc(Cc3n[nH]c(=O)c4ccccc34)ccc2F)Cc2nnc(-c3cccc(F)n3)n21,5.0,8.301029995663981,1,513.5080000000002
CC1CN(C(=O)c2cc(Cc3n[nH]c(=O)c4ccccc34)ccc2F)Cc2nnc(-c3ccccn3)n21,3.5,8.455931955649724,1,495.5180000000002
CC1CN(C(=O)c2cc(Cc3n[nH]c(=O)c4ccccc34)ccc2F)Cc2nnc(-c3ccco3)n21,3.35,8.474955192963154,1,484.4910000000002
CC1CN(C(=O)c2cc(Cc3n[nH]c(=O)c4ccccc34)ccc2F)Cc2nnc(-c3cccs3)n21,0.85,9.070581074285707,1,500.5590000000002
CC1CN(C(=O)c2cc(Cc3n[nH]c(=O)c4ccccc34)ccc2F)Cc2nnc(-c3ccsc3)n21,3.5,8.455931955649724,1,500.5590000000002
CC1CN(C(=O)c2cc(Cc3n[nH]c(=O)c4ccccc34)ccc2F)Cc2nnc(-c3cnccn3)n21,4.5,8.346787486224656,1,496.5060000000002
CC1CN(C(=O)c2cc(Cc3n[nH]c(=O)c4ccccc34)ccc2F)Cc2nnc(-c3cncs3)n21,12.9,7.889410289700751,1,501.5470000000002
CC1CN(C(=O)c2cc(Cc3n[nH]c(=O)c4ccccc34)ccc2F)Cc2nnc(-c3cnn(C)c3)n21,3.9,8.4089353929735,1,498.5220000000002
CC1CN(C(=O)c2cc(Cc3n[nH]c(=O)c4ccccc34)ccc2F)Cc2nnc(-c3nc(C(F)(F)F)cs3)n21,5.0,8.301029995663981,1,569.5440000000002
CC1CN(C(=O)c2cc(Cc3n[nH]c(=O)c4ccccc34)ccc2F)Cc2nnc(-c3ncc(Cl)s3)n21,20.0,7.698970004336019,1,535.9920000000002
CC1CN(C(=O)c2cc(Cc3n[nH]c(=O)c4ccccc34)ccc2F)Cc2nnc(-c3ncc[nH]3)n21,4.1,8.387216143280265,1,484.4950000000002
CC1CN(C(=O)c2cc(Cc3n[nH]c(=O)c4ccccc34)ccc2F)Cc2nnc(-c3ncccc3F)n21,5.0,8.301029995663981,1,513.5080000000002
CC1CN(C(=O)c2cc(Cc3n[nH]c(=O)c4ccccc34)ccc2F)Cc2nnc(-c3nccn3C)n21,13.85,7.858550226599533,1,498.5220000000002
CC1CN(C(=O)c2cc(Cc3n[nH]c(=O)c4ccccc34)ccc2F)Cc2nnc(-c3nccs3)n21,5.0,8.301029995663981,1,501.5470000000002
CC1CN(C(=O)c2cc(Cc3n[nH]c(=O)c4ccccc34)ccc2F)Cc2nnc(C(=O)O)n21,5.0,8.301029995663981,1,462.4410000000002
CC1CN(C(=O)c2cc(Cc3n[nH]c(=O)c4ccccc34)ccc2F)Cc2nnc(C(F)(F)C(F)(F)F)n21,4.1,8.387216143280265,1,536.4360000000001
CC1CN(C(=O)c2cc(Cc3n[nH]c(=O)c4ccccc34)ccc2F)Cc2nnc(C(F)(F)Cl)n21,3.4,8.468521082957745,1,502.8840000000002
CC1CN(C(=O)c2cc(Cc3n[nH]c(=O)c4ccccc34)ccc2F)Cc2nnc(C(F)(F)F)n21,5.725,8.242224508988075,1,486.42900000000014
CC1CN(C(=O)c2cc(Cc3n[nH]c(=O)c4ccccc34)ccc2F)Cc2nnc(C(F)F)n21,16.356666666666666,7.786305196738747,1,468.43900000000014
CC1CN(C(=O)c2cc(Cc3n[nH]c(=O)c4ccccc34)ccc2F)Cc2nnc(C(O)CO)n21,21.0,7.6777807052660805,1,478.4840000000002
CC1CN(C(=O)c2cc(Cc3n[nH]c(=O)c4ccccc34)ccc2F)Cc2nnc(C3CC3)n21,3.2,8.494850021680094,1,458.49700000000024
CC1CN(C(=O)c2cc(Cc3n[nH]c(=O)c4ccccc34)ccc2F)Cc2nnc(C3CCCN3C(=O)OC(C)(C)C)n21,20.0,7.698970004336019,1,587.6560000000002
CC1CN(C(=O)c2cc(Cc3n[nH]c(=O)c4ccccc34)ccc2F)Cc2nnc(C3CCN(C(=O)OC(C)(C)C)CC3)n21,5.0,8.301029995663981,1,601.683
CC1CN(C(=O)c2cc(Cc3n[nH]c(=O)c4ccccc34)ccc2F)Cc2nnc(C3CCNCC3)n21,20.0,7.698970004336019,1,501.5660000000003
CC1CN(C(=O)c2cc(Cc3n[nH]c(=O)c4ccccc34)ccc2F)Cc2nnc(C3COC(C)(C)N3)n21,20.0,7.698970004336019,1,517.5650000000003
CC1CN(C(=O)c2cc(Cc3n[nH]c(=O)c4ccccc34)ccc2F)Cc2nnc(C3COC(C)(C)N3C(=O)OC(C)(C)C)n21,20.0,7.698970004336019,1,617.6820000000001
CC1CN(C(=O)c2cc(Cc3n[nH]c(=O)c4ccccc34)ccc2F)Cc2nnc(C3COC(C)(C)O3)n21,22.5,7.647817481888637,1,518.5490000000003
CC1CN(C(=O)c2cc(Cc3n[nH]c(=O)c4ccccc34)ccc2F)Cc2nnc(CCl)n21,0.3,9.522878745280337,1,466.90400000000017
CC1CN(C(=O)c2cc(Cc3n[nH]c(=O)c4ccccc34)ccc2F)Cc2nnc(CF)n21,13.016666666666666,7.885500216506343,1,450.4490000000002
CC1CN(C(=O)c2cc(Cc3n[nH]c(=O)c4ccccc34)ccc2F)Cc2nnc(CN(C)C)n21,17.6,7.7544873321858505,1,475.52800000000025
CC1CN(C(=O)c2cc(Cc3n[nH]c(=O)c4ccccc34)ccc2F)Cc2nnc(CO)n21,9.2,8.036212172654444,1,448.4580000000002
CC1CN(C(=O)c2cc(Cc3n[nH]c(=O)c4ccccc34)ccc2F)Cc2nnc(I)n21,5.0,8.301029995663981,1,544.3280000000001
CC1CN(C(=O)c2cc(Cc3n[nH]c(=O)c4ccccc34)ccc2F)Cc2nncn21,9.4,8.0268721464003,1,418.43200000000013
CC1CN(C(=O)c2cc(Cn3c(=O)[nH]c(=O)c4ccccc43)ccc2F)Cc2nnc(-c3ccccn3)n21,4.6,8.337242168318426,1,511.51700000000017
CC1CN(C(=O)c2ccc(-c3nc4c(C(N)=O)cccc4[nH]3)cc2F)CCN1C(=O)c1ccc(Br)o1,5.4,8.267606240177031,1,554.3760000000002
CC1CN(C(=O)c2ccc(-c3nc4c(C(N)=O)cccc4[nH]3)cc2F)CCN1C(=O)c1ccc(Cl)o1,6.85,8.164309428507574,1,509.9250000000002
CC1CN(c2ccc(C#N)c(F)c2)CCN1Cc1ccc2c3c(c(=O)[nH]c2c1)CCCN3,9.01,8.045275209020938,1,431.51500000000016
CC1CN(c2ccc(C#N)cc2F)CCN1Cc1ccc2c3c(c(=O)[nH]c2c1)CCCN3,24.4,7.61261017366127,1,431.51500000000016
CC1CN(c2ccc3c(OCCn4nc(-c5cnn(C)c5)ccc4=O)ccnc3c2)CCN1C(=O)c1cc(Cc2n[nH]c(=O)c3ccccc23)ccc1F,1.1,8.958607314841775,1,725.7850000000001
CC1Cc2c(N)ccc(C(N)=O)c2O1,4136.666666666667,5.383349473220933,0,192.21799999999996
CC1Cc2cc(-c3nc4c(C(N)=O)cc(F)cc4[nH]3)sc2CN1,16.0,7.795880017344075,1,330.388
CC1Cc2cc(F)cc(C(N)=O)c2O1,2450.0,5.610833915635467,0,195.19299999999996
CC1Cc2cc(N)cc(C(N)=O)c2O1,25000.0,4.6020599913279625,0,192.21799999999996
CC1Cc2cc([N+](=O)[O-])cc(C(N)=O)c2O1,25000.0,4.6020599913279625,0,222.19999999999996
CC1Cc2cccc(C(N)=O)c2O1,10440.0,4.981299501333757,0,177.20299999999995
CC1Cn2nncc2CN1C(=O)c1cc(Cc2n[nH]c(=O)c3ccccc23)ccc1F,1000.0,6.0,1,418.4320000000001
CC1NCCc2cc(-c3nc4c(C(N)=O)cc(F)cc4[nH]3)sc21,40.0,7.3979400086720375,1,330.388
CC1c2cc(F)cc(C(N)=O)c2C(=O)N1C1CCN(C2CCCCC2)CC1,640.0,6.1938200260161125,1,373.47200000000026
CC1c2cc(F)ccc2CCN1C(=O)c1cc(Cc2n[nH]c(=O)c3ccccc23)ccc1F,70.7,7.150580586203101,1,445.46900000000005
CC1c2cccc(C(N)=O)c2C(=O)N1C1CCN(C2CCCCC2)CC1,50.0,7.301029995663981,1,355.48200000000026
CC1c2ccccc2CCN1C(=O)c1cc(Cc2n[nH]c(=O)c3ccccc23)ccc1F,42.8,7.368556230986828,1,427.47900000000004
CC1c2nnc(C(F)(F)F)n2C(C)(C)CN1C(=O)c1cc(Cc2n[nH]c(=O)c3ccccc23)ccc1F,50.0,7.301029995663981,1,514.4830000000003
CC1c2nnc(C(F)(F)F)n2C(C)CN1C(=O)c1cc(Cc2n[nH]c(=O)c3ccccc23)ccc1F,59.37,7.226432951073941,1,500.4560000000002
CC1c2nnc(C(F)(F)F)n2C(N(C)C)CN1C(=O)c1cc(Cc2n[nH]c(=O)c3ccccc23)ccc1F,50.0,7.301029995663981,1,529.4980000000003
CC1c2nnc(C(F)(F)F)n2CCN1C(=O)c1cc(Cc2n[nH]c(=O)c3ccccc23)ccc1F,27.76,7.556580538217182,1,486.42900000000014
CC1c2nnc(CF)n2C(C)CN1C(=O)c1cc(Cc2n[nH]c(=O)c3ccccc23)ccc1F,50.0,7.301029995663981,1,464.47600000000017
CCC(=O)N1CCN(C(=O)c2cc(Cc3c[nH]c(=O)c4cc(Cl)c(Cl)n34)ccc2F)CC1,3.2,8.494850021680094,1,479.3390000000002
CCC(=O)N1CCN(C(=O)c2cc(Cc3n[nH]c(=O)c4ccccc34)ccc2F)CC1,5.0,8.301029995663981,1,422.4600000000002
CCC(=O)N1CCN(C(=O)c2cc(Cn3c(=O)[nH]c(=O)c4ccccc43)ccc2F)C[C@@H]1CC,9.01,8.045275209020938,1,466.51300000000026
CCC(=O)N1CCN(C(=O)c2cc(Cn3c(=O)[nH]c(=O)c4ccccc43)ccc2F)C[C@H]1CC,0.83,9.080921907623926,1,466.51300000000026
CCC(=O)N1CCN(C(=O)c2cc(Oc3n[nH]c(=O)c4ccccc34)ccc2F)CC1,30.0,7.522878745280337,1,424.4320000000002
CCC(=O)N1CCN(C(=O)c2csc(Cc3n[nH]c(=O)c4ccccc34)c2)CC1,78.62,7.104466960515929,1,410.4990000000002
CCC(=O)N1CCN(C(=O)c2nc3c(C(N)=O)cccc3[nH]2)CC1,100.0,7.0,1,329.36000000000007
CCC(=O)NC1CCN(C(=O)c2nc3c(C(N)=O)cccc3[nH]2)C1,83.0,7.080921907623926,1,329.36
CCC(=O)NCc1nc(-c2ccc3[nH]c4c5c(c6c(c4c3c2)C(=O)NC6=O)CCC5)cs1,56.0,7.251811972993799,1,444.51600000000025
CCC(=O)Nc1ccc(-c2ccc(-c3nc4c(C(N)=O)cc(F)cc4[nH]3)cc2)cc1,1720.0,5.764471553092451,0,402.42900000000003
CCC(=O)Nc1ccc(N2CCN(Cc3ccc4c5c(c(=O)[nH]c4c3)CCCN5)CC2)c(F)c1,4.74,8.324221658325914,1,463.55700000000024
CCC(=O)Nc1cccc(Cc2n[nH]c(=O)c3ccccc23)c1,20.0,7.698970004336019,1,307.353
CCC(C)CN(C)C(=O)C1CCN(C(=O)c2cccc(Cc3nnc(O)c4ccccc34)c2)CC1,9.0,8.045757490560675,1,474.60500000000025
CCC(C)CN1CCN(C(=O)c2cc(Cn3c(=O)[nH]c(=O)c4ccccc43)ccc2F)CC1=O,3.02,8.51999305704285,1,466.5130000000002
CCC(C)N1CCN(C(=O)c2cc(Cn3c(=O)[nH]c(=O)c4ccccc43)ccc2F)CC1=O,3.76,8.424812155072338,1,452.4860000000002
CCC(CC)C(=O)N1CCN(C(=O)c2cc(Oc3n[nH]c(=O)c4ccccc34)ccc2F)CC1,8.0,8.096910013008056,1,466.5130000000002
CCC(CC)N1CCC(NC(=O)c2nc3c(C(N)=O)cc(F)cc3[nH]2)CC1,30.0,7.522878745280337,1,375.4480000000001
CCC(CC)N1CCC(NC(=O)c2nc3c(C(N)=O)cccc3[nH]2)CC1,302.0,6.519993057042849,1,357.4580000000001
CCC(CC)N1CCN(C(=O)c2cc(Cn3c(=O)[n-]c(=O)c4ccccc43)ccc2F)CC1=O,0.94,9.0268721464003,1,465.5050000000002
CCC(CC)N1CCN(C(=O)c2cc(Cn3c(=O)[nH]c(=O)c4ccccc43)ccc2F)CC1=O,3.86,8.413412695328246,1,466.5130000000002
CCC(CC)N1CCN(C(=O)c2nc3c(C(N)=O)cc(F)cc3[nH]2)CC1=O,88.0,7.055517327849832,1,375.4040000000001
CCC(c1ncccn1)N1CCN(c2nc3c(c(=O)[nH]2)CCCN3C)CC1,17416.666666666668,4.759034959936571,0,369.4730000000002
CCC1(C(=O)N2CCN(C(=O)c3cc(Cc4n[nH]c(=O)c(C)c4C)ccc3F)CC2)CCCN1,3.8,8.42021640338319,1,469.5610000000004
CCC1CN(C(=O)c2cc(Cc3n[nH]c(=O)c4ccccc34)ccc2F)C(C)c2nnc(C(F)(F)F)n21,20.0,7.698970004336019,1,514.4830000000001
CCC1NCCc2cc(-c3nc4c(C(N)=O)cc(F)cc4[nH]3)sc21,25.0,7.6020599913279625,1,344.415
CCCC(=O)NCc1nc(-c2ccc3[nH]c4c5c(c6c(c4c3c2)C(=O)NC6=O)CCC5)cs1,42.0,7.376750709602099,1,458.5430000000003
CCCC(=O)Nc1cccc(Cc2n[nH]c(=O)c3ccccc23)c1,90.0,7.045757490560675,1,321.38
CCCC(C)N1CCN(C(=O)c2ccc3[nH]c(=O)c4c(c3c2)CCSC4)CC1,40.0,7.3979400086720375,1,399.5600000000003
CCCC1CC2=NNC(=O)c3cccc4[nH]c(c2c34)C1,6300.0,5.200659450546418,0,267.33200000000005
CCCC1NCCc2cc(-c3nc4c(C(N)=O)cc(F)cc4[nH]3)sc21,86.0,7.0655015487564325,1,358.442
CCCCC(=O)NCc1nc(-c2ccc3[nH]c4c5c(c6c(c4c3c2)C(=O)NC6=O)CCC5)cs1,56.0,7.251811972993799,1,472.5700000000003
CCCCC1NCCc2cc(-c3nc4c(C(N)=O)cc(F)cc4[nH]3)sc21,130.0,6.886056647693163,1,372.46900000000005
CCCCCCN1CCN(C(=O)c2ccc3[nH]c(=O)c4c(c3c2)CCSC4)CC1,94.0,7.026872146400302,1,413.58700000000033
CCCCCN1CCC(Oc2ccc3[nH]c(=O)c4c(c3c2)CCSC4)CC1,45.0,7.346787486224656,1,386.56100000000026
CCCCCN1CCN(C(=O)c2cc(Cn3c(=O)[nH]c(=O)c4ccccc43)ccc2F)CC1=O,2.71,8.567030709125595,1,466.5130000000002
CCCCCN1CCN(C(=O)c2ccc3[nH]c(=O)c4c(c3c2)CCSC4)CC1,79.0,7.102372908709558,1,399.5600000000003
CCCCCc1cc2c(N)cccc2c(=O)[nH]1,320.0,6.494850021680094,1,230.31099999999998
CCCCN1CC2=NNC(=O)c3cc(F)cc4[nH]c(c2c34)C1,1901.9,5.720812321567853,0,300.3370000000001
CCCCN1CCC(c2nc3cncc4c3n2CCNC4=O)CC1,21.0,7.6777807052660805,1,327.4320000000001
CCCCN1CCN(C(=O)c2cc(Cc3c[nH]c(=O)c4cc(Cl)c(Cl)n34)ccc2F)CC1,13.0,7.886056647693163,1,479.3830000000002
CCCCN1CCN(C(=O)c2cc(Cc3n[nH]c(=O)c4ccccc34)cc(F)c2F)CC1,2.1,8.67778070526608,1,440.4940000000002
CCCCN1CCN(C(=O)c2cc(Cc3n[nH]c(=O)c4ccccc34)ccc2F)CC1,5.0,8.301029995663981,1,422.5040000000002
CCCCN1CCN(C(=O)c2cc(Cn3c(=O)[nH]c(=O)c4ccccc43)ccc2F)CC1=O,2.72,8.5654310959658,1,452.4860000000002
CCCCN1CCN(C(=O)c2ccc3[nH]c(=O)c4c(c3c2)CCSC4)CC1,42.0,7.376750709602099,1,385.53300000000024
CCCCNCc1ccc(-c2[nH]c3cc(F)cc4c3c2C(=O)NNC4=O)cc1,2.416,8.616903070050906,1,380.42300000000006
CCCCNCc1ccc(-c2[nH]c3cccc4c3c2C(=O)NNC4=O)cc1,249.7,6.602581457648652,1,362.43300000000005
CCCCNCc1ccc(-c2cc3c4c(c[nH]c4c2)C(=O)NNC3=O)cc1,35.44,7.450506286784987,1,362.43300000000005
CCCCc1ccc2nc3ccccc3c(Nc3ccc(-c4nc5c(C(N)=O)cccc5[nH]4)cc3)c2c1,130.0,6.886056647693163,1,485.59100000000024
CCCCc1ccc2nc3ccccc3c(Nc3cccc(-c4nc5c(C(N)=O)cccc5[nH]4)c3)c2c1,320.0,6.494850021680094,1,485.59100000000024
CCCCc1nc2ccccc2c(=O)[nH]1,8886.0,5.051293691095148,0,202.257
CCCN(C)Cc1ccc2c3c(c(=O)[nH]c2c1)CCCN3,180.0,6.7447274948966935,1,285.39099999999996
CCCN(Cc1nc2c(c(=O)[nH]1)COCC2)C(=O)CN1CCC(C(=O)c2ccc(F)cc2)CC1,19000.0,4.721246399047171,0,470.54500000000024
CCCN1CC2=NNC(=O)c3cc(F)cc4[nH]c(c2c34)C1,2252.25,5.647383404409319,0,286.31000000000006
CCCN1CC2=NNC(=O)c3cccc4[nH]c(c2c34)C1,5536.099999999999,5.256796073707378,0,268.32000000000005
CCCN1CCC(NC(=O)c2nc3c(C(N)=O)cccc3[nH]2)CC1,49.0,7.309803919971486,1,329.40400000000005
CCCN1CCC(Oc2ccc3[nH]c(=O)c4c(c3c2)CCSC4)CC1,42.0,7.376750709602099,1,358.5070000000002
CCCN1CCC(Oc2ccc3[nH]c(=O)c4c(c3c2)NCCC4)CC1,1030.0,5.987162775294828,0,341.45500000000015
CCCN1CCC(c2nc3c(C(N)=O)c(F)ccc3[nH]2)CC1,75764.9,4.120531945644889,0,304.369
CCCN1CCC(c2nc3c(C(N)=O)cncc3[nH]2)CC1,529.0,6.276544327964814,1,287.367
CCCN1CCC(c2nc3cncc4c3n2CCNC4=O)CC1,19.0,7.721246399047171,1,313.4050000000001
CCCN1CCCC(Oc2ccc3[nH]c(=O)c4c(c3c2)CCSC4)C1,56.0,7.251811972993799,1,358.5070000000002
CCCN1CCCC(c2nc3c(C(N)=O)cncc3[nH]2)C1,938.0,6.027797161620936,1,287.367
CCCN1CCCN(C(=O)c2cc(Cc3nnc(O)c4ccccc34)ccc2F)CC1,5.0,8.301029995663981,1,422.50400000000013
CCCN1CCCN(C(=O)c2cccc(Cc3nnc(O)c4ccccc34)c2)CC1,10.0,8.0,1,404.5140000000002
CCCN1CCCc2c1c1cc(OC)ccc1[nH]c2=O,4000.0,5.3979400086720375,0,272.348
CCCN1CCN(C(=O)c2cc(Cc3n[nH]c(=O)c4ccccc34)ccc2F)CC1,6.0,8.221848749616356,1,408.47700000000015
CCCN1CCN(C(=O)c2cc(Cn3c(=O)[nH]c(=O)c4ccccc43)ccc2F)CC1=O,11.81,7.927750102386486,1,438.4590000000002
CCCN1CCN(C(=O)c2cc(Cn3c(=O)[nH]c(=O)c4ccccc43)ccc2F)C[C@@H]1C,8.17,8.087777943467584,1,438.50300000000016
CCCN1CCN(C(=O)c2cc(Cn3c(=O)[nH]c(=O)c4ccccc43)ccc2F)C[C@@H]1CC,27.53,7.56019378860667,1,452.5300000000002
CCCN1CCN(C(=O)c2cc(Cn3c(=O)[nH]c(=O)c4ccccc43)ccc2F)C[C@H]1C,18.69,7.728390698621168,1,438.50300000000016
CCCN1CCN(C(=O)c2cc(Cn3c(=O)[nH]c(=O)c4ccccc43)ccc2F)C[C@H]1CC,14.21,7.8474059220725305,1,452.5300000000002
CCCN1CCN(C(=O)c2ccc3[nH]c(=O)c4c(c3c2)CCSC4)CC1,45.0,7.346787486224656,1,371.50600000000026
CCCN1Cc2cccc(C(N)=O)c2C1=O,1140.0,5.943095148663527,0,218.25599999999994
CCCNC(=O)Nc1ccc2c(c1)Cc1c-2nc(O)c2ccccc12,100.0,7.0,1,333.391
CCCNC(=O)Nc1cccc(Cc2nnc(O)c3ccccc23)c1,540.0,6.267606240177032,1,336.39500000000004
CCCNC1CCN(C(=O)c2nc3c(C(N)=O)cccc3[nH]2)C1,79.0,7.102372908709558,1,315.377
CCCNCc1ccc(-c2[nH]c3cc(F)cc4c3c2C(=O)NNC4=O)cc1,3.501,8.455807889234967,1,366.396
CCCNCc1ccc(-c2cc3c4c(c[nH]c4c2)C(=O)NNC3=O)cc1,137.6,6.8613815661005075,1,348.406
CCCNCc1ccc2c3c(c(=O)[nH]c2c1)CCCN3,590.0,6.229147988357855,1,271.3639999999999
CCCOc1cc(CN(C)C)cc2[nH]c(=O)c3c(c12)NCCC3,80.0,7.096910013008056,1,315.4170000000001
CCCOc1cc(CN)cc2[nH]c(=O)c3c(c12)NCCC3,190.0,6.721246399047171,1,287.3630000000001
CCCOc1cc(CN2CCOCC2)cc2[nH]c(=O)c3c(c12)NCCC3,960.0,6.017728766960431,1,357.4540000000001
CCCOc1ccc(C(=O)C2CCN(CC(=O)NCc3nc4c(c(=O)[nH]3)COCC4)CC2)cc1,4800.0,5.318758762624412,0,468.5540000000003
CCCP1(O)(c2cc(Cc3n[nH]c(=O)c4ccccc34)ccc2F)CCNCC1,100.0,7.0,1,415.4490000000002
CCCS(=O)(=O)Oc1c(Br)cc(-c2nc3c(C(N)=O)cccc3[nH]2)cc1OC,50.5,7.296708621881338,1,468.32900000000024
CCC[C@H](NC(=O)c1cc(Cc2n[nH]c(=O)c3ccccc23)ccc1F)C(=O)N[C@@H](CC(C)C)B1O[C@@H]2C[C@@H]3C[C@@H](C3(C)C)[C@]2(C)O1,203.0,6.692503962086787,1,644.597
CCCc1c2c(c3c([nH]c4ccccc43)c1CC)C(=O)NC2=O,10000.0,5.0,0,306.365
CCCc1ccc(-c2cc3[nH]c(=O)c4ccccc4n3n2)cc1,1000.0,6.0,1,303.365
CCCc1cnc(N2CCP(=O)(c3cc(Cc4n[nH]c(=O)c5ccccc45)ccc3F)CC2)nc1,550.0,6.259637310505756,1,491.5070000000002
CCCc1nc2ccc(CN3CCN(c4ccc(C(=O)NC)nc4)CC3)cc2[nH]c1=O,31.0,7.508638306165727,1,420.5170000000001
CCCc1nc2ccc(CN3CCN(c4ccc(C(=O)NC)nc4Cl)CC3)cc2[nH]c1=O,15.0,7.823908740944319,1,454.9620000000001
CCCc1nc2ccc(CN3CCN(c4ccc(C(=O)NC)nc4F)CC3)cc2[nH]c1=O,14.0,7.853871964321762,1,438.5070000000001
CCN(C)C(=O)c1ccc(N2CCN(Cc3ccc4c5c(c(=O)[nH]c4c3)CCCN5)CC2)cc1F,14.4,7.841637507904751,1,477.5840000000003
CCN(C)Cc1cc(OC)c2c3c(c(=O)[nH]c2c1)CCCN3,50.0,7.301029995663981,1,301.3900000000001
CCN(C)Cc1ccc2c3c(c(=O)[nH]c2c1)CCCN3,70.0,7.154901959985743,1,271.3639999999999
CCN(C)Cc1ccc2c3c(c(=O)[nH]c2c1)CCCN3C,3000.0,5.522878745280337,0,285.39099999999996
CCN(CC(=O)Cc1c(F)cccc1F)C(=O)Cc1n[nH]c(=O)c2ccccc12,600.0,6.221848749616356,1,399.3970000000001
CCN(CC)C(=O)/C=C\C(=O)Nc1cccc(C(N)=O)c1,825.5699999999999,6.083246097053078,1,289.33500000000004
CCN(CC)C(=O)CCC(=O)c1ccc2[nH]c3c4c(c5c(c3c2c1)C(=O)NC5=O)CCC4,12.0,7.920818753952375,1,431.4920000000003
CCN(CC)C1CCN(C(=O)c2cc(Cc3c[nH]c(=O)c4cc(Cl)c(Cl)n34)ccc2F)CC1,22.0,7.657577319177793,1,493.41000000000025
CCN(CC)CC(=O)c1ccc2[nH]c3c4c(c5c(c3c2c1)C(=O)NC5=O)CCC4,21.0,7.6777807052660805,1,389.4550000000002
CCN(CC)CCN(C)Cc1ccc2c(c1)-c1n[nH]c(=O)c3cccc(c13)O2,100.0,7.0,1,378.4760000000001
CCN(CC)CCN(CC)Cc1ccc2c(c1)-c1n[nH]c(=O)c3cccc(c13)O2,500.0,6.301029995663981,1,392.5030000000001
CCN(CC)CCNc1ccc2nc(O)c3ccccc3c2n1,173.0,6.761953896871205,1,310.40100000000007
CCN(CC)CCOc1ccc2[nH]c(=O)c3c(c2c1)NCCC3,390.0,6.4089353929735005,1,315.4170000000001
CCN(CC)CCc1c[nH]c2ccc3c(c12)CCNC3=O,130.0,6.886056647693163,1,285.39099999999996
CCN(CC)CCn1c2c3c4c(cccc41)C(=O)NN=C3CC(C)(C)C2,1651.65,5.782081978306775,0,352.4820000000002
CCN(CC)CCn1c2c3c4c(cccc41)C(=O)NN=C3CCC2,8007.9,5.096481358820365,0,324.42800000000017
CCN(CC)Cc1cc(OC)c2c3c(c(=O)[nH]c2c1)CCCN3,110.0,6.958607314841775,1,315.4170000000001
CCN(CC)Cc1ccc(-c2[nH]c3cc(F)cc4c3c2CCNC4=O)cc1,0.61,9.214670164989233,1,365.45200000000017
CCN(CC)Cc1ccc(-c2ccc3c(Cl)cc(C(N)=O)n3n2)cc1,433.5,6.363010898187771,1,356.8570000000001
CCN(CC)Cc1ccc(-c2nnc3n2CCN(C(=O)c2cc(Cc4n[nH]c(=O)c5ccccc45)ccc2F)C3)o1,0.96,9.017728766960431,1,555.6140000000003
CCN(CC)Cc1ccc(C(=O)N2CCc3cccc4c3C2CNC4=O)cc1,13.0,7.886056647693163,1,377.4880000000001
CCN(CC)Cc1ccc2c3c(c(=O)[nH]c2c1)CCCN3,220.0,6.657577319177793,1,285.391
CCN(CC)Cc1ccc2c3c(c(=O)[nH]c2c1)CCCN3C,1190.0,5.924453038607469,0,299.41800000000006
CCN(CC)c1ccc(N2CCN(Cc3ccc4c5c(c(=O)[nH]c4c3)CCCN5)CC2)c(F)c1,30.1,7.521433504406157,1,463.6010000000002
CCN(CCO)Cc1ccc2c(c1)-c1n[nH]c(=O)c3cccc(c13)O2,100.0,7.0,1,337.3790000000001
CCN(Cc1nc2c(c(=O)[nH]1)COCC2)C(=O)CN1CCC(C(=O)c2ccc(F)cc2)CC1,19000.0,4.721246399047171,0,456.5180000000002
CCN(c1ccccc1)S(=O)(=O)c1ccc(NC(=O)C2CC(=O)c3cc(C)c(C)cc3O2)cc1,63000.0,4.200659450546418,0,478.5700000000003
CCN1CC2=NNC(=O)c3cc(F)cc4[nH]c(c2c34)C1,2402.3500000000004,5.6193637196660795,0,272.2830000000001
CCN1CCC(NC(=O)c2nc3c(C(N)=O)cccc3[nH]2)CC1,40.0,7.3979400086720375,1,315.37700000000007
CCN1CCC(Oc2ccc3[nH]c(=O)c4c(c3c2)CCSC4)C1,13.0,7.886056647693163,1,330.45300000000015
CCN1CCC(c2nn(C)c3[nH]c(=O)c4ccccc4c23)CC1,25.0,7.6020599913279625,1,310.4010000000001
CCN1CCCC(Oc2ccc3[nH]c(=O)c4c(c3c2)CCSC4)C1,25.0,7.6020599913279625,1,344.4800000000002
CCN1CCCC12CCN(C(=O)c1cc(Cc3n[nH]c(=O)c(C)c3C)ccc1F)CC2,9.7,8.013228265733755,1,426.53600000000023
CCN1CCCC2CN(C(=O)c3cc(Cc4n[nH]c(=O)c5ccccc45)ccc3F)CC21,2.0,8.698970004336019,1,434.51500000000016
CCN1CCCN(C(=O)c2cc(Cc3nnc(O)c4ccccc34)ccc2F)CC1,7.0,8.154901959985743,1,408.47700000000015
CCN1CCCN(C(=O)c2cccc(Cc3nnc(O)c4ccccc34)c2)CC1,15.0,7.823908740944319,1,390.4870000000002
CCN1CCCc2c1c1cc(OC)ccc1[nH]c2=O,4000.0,5.3979400086720375,0,258.321
CCN1CCN(C(=O)c2cc(Cc3n[nH]c(=O)c4ccccc34)cc(F)c2F)CC1,1.4,8.853871964321762,1,412.44000000000017
CCN1CCN(C(=O)c2cc(Cc3n[nH]c(=O)c4ccccc34)ccc2F)CC1,6.0,8.221848749616356,1,394.45000000000016
CCN1CCN(C(=O)c2cc(Cn3c(=O)[nH]c(=O)c4ccccc43)ccc2F)CC1=O,7.59,8.119758224104519,1,424.4320000000002
CCN1CCN(C(=O)c2ccc3[nH]c(=O)c4c(c3c2)CCSC4)CC1,47.0,7.327902142064283,1,357.4790000000002
CCN1CCN(C(=O)c2sc3c([nH]c(=O)c4ccccc43)c2C)CC1,79.0,7.102372908709558,1,355.46300000000014
CCN1CCN2C(=Nc3cccc4c(=O)[nH]nc2c34)C1,65.7,7.182434630440219,1,269.30800000000005
CCN1CCP(=O)(c2cc(Cc3n[nH]c(=O)c4ccccc34)ccc2F)CC1,325.0,6.488116639021126,1,399.4060000000001
CCN1CCc2sc(-c3nc4c(C(N)=O)cccc4[nH]3)cc2C1,90.0,7.045757490560675,1,326.42500000000007
CCNC(=O)NCc1nc(-c2ccc3[nH]c4c5c(c6c(c4c3c2)C(=O)NC6=O)CCC5)cs1,20.0,7.698970004336019,1,459.5310000000003
CCNC(=O)c1cc(F)c(N2CCN(Cc3ccc4c5c(c(=O)[nH]c4c3)CCCN5)CC2)c(F)c1,11.9,7.924453038607469,1,481.5470000000003
CCNC(=O)c1ccc(N2CCN(Cc3cc(C)c4c(c3)NC(=O)C(C)O4)CC2)c(C)c1,56.0,7.251811972993799,1,436.5560000000002
CCNC(=O)c1ccc(N2CCN(Cc3cc(C)c4c(c3)NC(=O)C(C)O4)CC2)c(Cl)c1,89.0,7.050609993355087,1,456.97400000000016
CCNC(=O)c1ccc(N2CCN(Cc3cc(C)c4c(c3)NC(=O)C(C)O4)CC2)cc1,6.0,8.221848749616356,1,422.52900000000017
CCNC(=O)c1ccc(N2CCN(Cc3cc(C)c4c5c(c(=O)[nH]c4c3)CCCN5)CC2)c(C)c1,52.3,7.281498311132726,1,473.6210000000003
CCNC(=O)c1ccc(N2CCN(Cc3cc(C)c4c5c(c(=O)[nH]c4c3)CCCN5)CC2)c(Cl)c1,28.9,7.539102157243452,1,494.0390000000003
CCNC(=O)c1ccc(N2CCN(Cc3cc(C)c4c5c(c(=O)[nH]c4c3)CCCN5)CC2)cc1,23.4,7.6307841425898575,1,459.5940000000003
CCNC(=O)c1ccc(N2CCN(Cc3cc(C)c4c5c(c(=O)[nH]c4c3)CCCN5)CC2)cc1F,44.0,7.356547323513812,1,477.5840000000003
CCNC(=O)c1ccc(N2CCN(Cc3cc(C)c4c5c(c(=O)[nH]c4c3)CCCN5)CC2)nc1,18.0,7.7447274948966935,1,460.5820000000003
CCNC(=O)c1ccc(N2CCN(Cc3cc4c(c(OC)c3)OC(C)C(=O)N4)CC2)c(C)c1,32.0,7.494850021680094,1,452.5550000000002
CCNC(=O)c1ccc(N2CCN(Cc3cc4c(c(OC)c3)OC(C)C(=O)N4)CC2)cc1,23.0,7.638272163982407,1,438.52800000000013
CCNC(=O)c1ccc(N2CCN(Cc3cc4c(c(OCC)c3)OC(C)C(=O)N4)CC2)c(C)c1,55.0,7.259637310505756,1,466.5820000000002
CCNC(=O)c1ccc(N2CCN(Cc3ccc4c(c3)NC(=O)C(C)O4)CC2)c(Cl)c1,18.0,7.7447274948966935,1,442.9470000000001
CCNC(=O)c1ccc(N2CCN(Cc3ccc4c(c3)NC(=O)C(C)O4)CC2)cc1,22.0,7.657577319177793,1,408.5020000000001
CCNC(=O)c1ccc(N2CCN(Cc3ccc4c5c(c(=O)[nH]c4c3)CCCN5)CC2)c(Br)c1,7.11,8.148130399270233,1,524.4630000000003
CCNC(=O)c1ccc(N2CCN(Cc3ccc4c5c(c(=O)[nH]c4c3)CCCN5)CC2)c(C)c1,7.55,8.122053048370812,1,459.5940000000003
CCNC(=O)c1ccc(N2CCN(Cc3ccc4c5c(c(=O)[nH]c4c3)CCCN5)CC2)c(Cl)c1,6.87,8.16304326294045,1,480.0120000000003
CCNC(=O)c1ccc(N2CCN(Cc3ccc4c5c(c(=O)[nH]c4c3)CCCN5)CC2)c(F)c1,6.59,8.18111458540599,1,463.55700000000024
CCNC(=O)c1ccc(N2CCN(Cc3ccc4c5c(c(=O)[nH]c4c3)CCCN5)CC2)cc1Cl,9.58,8.018634490921455,1,480.0120000000003
CCNC(=O)c1ccc(N2CCN(Cc3ccc4c5c(c(=O)[nH]c4c3)CCCN5)CC2)cc1F,7.11,8.148130399270233,1,463.55700000000024
CCNC(=O)c1ccc(N2CCN(Cc3ccc4c5c(c(=O)[nH]c4c3)CCCN5)CC2)nc1,6.01,8.22112552799726,1,446.55500000000023
CCNC(=O)c1ccc(N2CCN(Cc3cnc4cc(C5CC5)c(=O)[nH]c4c3)CC2)cn1,4.199999999999999,8.3767507096021,1,432.5280000000002
CCNC(=O)c1ccc(N2CCN(Cc3cnc4cc(C5CC5)c(=O)[nH]c4c3)CC2)n(C)c1=O,7.4,8.130768280269024,1,462.55400000000026
CCNC(=O)c1ccc(N2CCN(Cc3cnc4cc(CC)c(=O)[nH]c4c3)CC2)cn1,3.0,8.522878745280337,1,420.51700000000017
CCNC(=O)c1cccc(Cc2n[nH]c(=O)c3ccccc23)c1,50.0,7.301029995663981,1,307.353
CCNC(=O)c1cnc(N2CCN(c3nc4c(C(N)=O)cc(F)cc4[nH]3)CC2)cn1,7.0,8.154901959985743,1,412.4290000000001
CCNC(=O)c1csc(N2CCN(Cc3ccc4c5c(c(=O)[nH]c4c3)CCCN5)CC2)n1,32.3,7.490797477668897,1,452.5840000000003
CCNC(=O)c1ncc(N2CCN(c3nc4c(C(N)=O)cc(F)cc4[nH]3)CC2)cn1,9.0,8.045757490560675,1,412.4290000000001
CCNC1(C(=O)N2CCN(C(=O)c3cc(Cc4n[nH]c(=O)c(C)c4C)ccc3F)CC2)CCCC1,3.1,8.508638306165727,1,483.58800000000036
CCNCc1cc(OC)c2c3c(c(=O)[nH]c2c1)CCCN3,50.0,7.301029995663981,1,287.363
CCNCc1cc(OCC)c2c3c(c(=O)[nH]c2c1)CCCN3,60.0,7.221848749616356,1,301.3900000000001
CCNCc1ccc(-c2nc3cncc4c3n2CCNC4=O)cc1,11.0,7.958607314841775,1,321.38399999999996
CCNCc1ccc(-n2cc3cccc(C(N)=O)c3n2)cc1,4.3,8.366531544420413,1,294.358
CCNCc1ccc2c3c(c(=O)[nH]c2c1)CCCN3,160.0,6.795880017344075,1,257.33699999999993
CCNc1cccnc1N1CCN(c2nc3c(C(N)=O)cccc3[nH]2)CC1,928.0,6.032452023781138,1,365.44100000000003
CCNc1cnc(N2CCN(c3nc4c(C(N)=O)cccc4[nH]3)CC2)nc1,3579.0,5.446238301609996,0,366.4290000000001
CCO/C=N/C1=C(C#N)C(c2cccs2)c2c([nH]c(=O)[nH]c2=O)O1,48550.0,4.313810765755976,0,344.3520000000001
CCOC(=O)C1CCN(C(=O)c2cccc(Cc3nnc(O)c4ccccc34)c2)CC1,15.0,7.823908740944319,1,419.48100000000017
CCOC(=O)C1CCN(Cc2c(O)cc(O)c3c(=O)cc(-c4ccc(O)cc4)oc23)CC1,92.8,7.032452023781138,1,439.4640000000002
CCOC(=O)CC1c2nnc(C(F)(F)F)n2C(C)CN1C(=O)c1cc(Cc2n[nH]c(=O)c3ccccc23)ccc1F,20.0,7.698970004336019,1,572.5190000000003
CCOC(=O)CCC(=O)Nc1nc(-c2ccccc2)cs1,240.0,6.619788758288394,1,304.37100000000004
CCOC(=O)CCC(=O)Nc1nc2c(s1)CCCC2,12399.0,4.906613339998629,0,282.36500000000007
CCOC(=O)CCN(C)Cc1ccc2c3c(c(=O)[nH]c2c1)CCCN3,510.0,6.292429823902063,1,343.4270000000001
CCOC(=O)Nc1cccc(Cc2nnc(O)c3ccccc23)c1,116.0,6.935542010773082,1,323.35200000000003
CCOC(=O)Nc1nc2ccc(-c3cc(Cc4n[nH]c(=O)c5ccccc45)ccc3F)cc2[nH]1,5.0,8.301029995663981,1,457.46500000000015
CCOC(=O)c1cc(N2CCN(Cc3ccc4c5c(c(=O)[nH]c4c3)CCCN5)CC2)ccc1Cl,26.4,7.578396073130169,1,480.9960000000002
CCOC(=O)c1ccc(CCc2nc3cccc4c3n2CCNC4=O)cc1,97.0,7.013228265733755,1,363.4170000000001
CCOC(=O)c1ccc(NC(=O)CS/C(=C\C(=O)c2sc(Nc3ccccn3)nc2C)c2ccccc2F)cc1,2280.0,5.642065152999546,0,576.6750000000002
CCOC(=O)c1ccc(NC(=S)N/N=C/c2cc(OC)c(OC)c(Br)c2Br)cc1,58300.0,4.2343314452409855,0,545.2530000000002
CCOC(=O)c1ccc2[nH]c(=O)c3c(c2c1)CCSC3,536.0,6.27083521030723,1,289.356
CCOC(=O)c1cnc(N2CCN(Cc3ccc4c5c(c(=O)[nH]c4c3)CCCN5)CC2)s1,8.83,8.054039296422431,1,453.56800000000027
CCOC(=O)c1csc(N2CCN(Cc3ccc4c5c(c(=O)[nH]c4c3)CCCN5)CC2)n1,57.6,7.239577516576788,1,453.56800000000027
CCOC(=O)c1nnc2n1C(C)CN(C(=O)c1cc(Cc3n[nH]c(=O)c4ccccc34)ccc1F)C2,5.0,8.301029995663981,1,490.49500000000023
CCOC(=O)c1nnc2n1CCN(C(=O)c1ccc(/C=C3\Oc4c(C(N)=O)cccc4C3=O)cc1)C2,39.010000000000005,7.408824049688208,1,487.4720000000003
CCOP1(=O)CCN(C(=O)c2cc(Cc3n[nH]c(=O)c4ccccc34)ccc2F)CC1,100.0,7.0,1,443.4150000000002
CCOc1cc(-c2nc3c(C(N)=O)cccc3[nH]2)ccc1Nc1ncc2c(n1)N(C1CCCC1)[C@H](CC)C(=O)N2C,306.0,6.51427857351842,1,554.6550000000003
CCOc1cc(CN(C)C)cc2[nH]c(=O)c3c(c12)NCCC3,60.0,7.221848749616356,1,301.3900000000001
CCOc1cc(CN)cc2[nH]c(=O)c3c(c12)NCCC3,100.0,7.0,1,273.33600000000007
CCOc1cc(CN2CCCCC2)cc2[nH]c(=O)c3c(c12)NCCC3,180.0,6.7447274948966935,1,341.45500000000015
CCOc1cc(CN2CCN(c3ccc(C(=O)NC)cc3C)CC2)cc2c1OC(C)C(=O)N2,35.0,7.455931955649724,1,452.5550000000003
CCOc1cc(CN2CCN(c3ccc(C(=O)NC4CC4)cc3C)CC2)cc2c1OC(C)C(=O)N2,41.0,7.3872161432802645,1,478.59300000000036
CCOc1cc(CN2CCN(c3ccc(F)cc3)CC2)cc2[nH]c(=O)c3c(c12)NCCC3,29.6,7.528708288941061,1,436.53100000000035
CCOc1cc(CN2CCOCC2)cc2[nH]c(=O)c3c(c12)NCCC3,560.0,6.251811972993799,1,343.42700000000013
CCOc1cc(CN2CCOCC2)cc2[nH]c(=O)c3ccccc3c12,18.5,7.732828271596986,1,338.40700000000004
CCOc1cc(CNC)cc2[nH]c(=O)c3c(c12)NCCC3,120.0,6.920818753952375,1,287.3630000000001
CCOc1ccc(-c2csc(/N=C/c3c[nH]c4ccccc34)n2)c(OCC)c1,240.0,6.619788758288394,1,391.49600000000015
CCOc1ccc(-c2nnc([C@H]3C[C@H](NC(=O)c4cccc5nccnc45)C3)n2-c2ccccc2F)nc1,10000.0,5.0,0,509.5450000000002
CCOc1ccc(-c2nnc([C@H]3C[C@H](NC(=O)c4ccccn4)C3)n2-c2ccccc2F)nc1,10000.0,5.0,0,458.4970000000001
CCOc1ccc(C(=O)C2CCN(CC(=O)NCc3nc4c(c(=O)[nH]3)COCC4)CC2)cc1,6500.0,5.187086643357144,0,454.52700000000027
CCOc1ccc2[nH]c(=O)c3c(c2c1)NCCC3,1540.0,5.812479279163537,0,244.29399999999995
CCOc1ncc(C(N)=O)c2nc(C3CCN(C(=O)c4cc(Cc5n[nH]c(=O)c6ccccc56)ccc4F)CC3)[nH]c12,1.7,8.769551078621726,1,569.5970000000001
CCP1(=O)CCN(C(=O)c2cc(Cc3n[nH]c(=O)c4ccccc34)ccc2F)CC1,100.0,7.0,1,427.41600000000017
CCS(=O)(=O)N1CCCN(C(=O)c2cccc(Cc3n[nH]c(=O)c4ccccc34)c2)CC1,23.0,7.638272163982407,1,454.55200000000025
CCS(=O)(=O)N1CCN(C(=O)c2cc(Cc3c[nH]c(=O)c4cc(Cl)c(Cl)n34)ccc2F)CC1,9.0,8.045757490560675,1,515.3940000000001
CCS(=O)(=O)N1CCN(C(=O)c2cc(Cc3n[nH]c(=O)c4ccccc34)ccc2F)CC1,8.0,8.096910013008056,1,458.51500000000016
CCS(=O)(=O)N1CCN(C(=O)c2cccc(Cc3n[nH]c(=O)c4ccccc34)c2)CC1,12.0,7.920818753952375,1,440.5250000000002
CCS(=O)(=O)Nc1cccc(Cc2nnc(O)c3ccccc23)c1,290.0,6.5376020021010435,1,343.4080000000001
CC[C@@H](C)N(Cc1nc2c(c(=O)[nH]1)COCC2)C(=O)CN1CCC(C(=O)c2ccc(F)cc2)CC1,19000.0,4.721246399047171,0,484.5720000000003
CC[C@@H](CO)NC(=O)CCc1nc2ccccc2c(=O)[nH]1,3100.0,5.508638306165727,0,289.335
CC[C@@H]1C(=O)N(C)c2cnc(N(C)c3ccc(-c4nc5c(C(N)=O)cccc5[nH]4)cc3OC)nc2N1C1CCCC1,13.0,7.886056647693163,1,554.6550000000001
CC[C@@H]1C(=O)N(C)c2cnc(Nc3ccc(-c4nc5c(C(N)=O)cccc5[nH]4)cc3)nc2N1C1CCCC1,43.0,7.366531544420414,1,510.6020000000003
CC[C@@H]1C(=O)N(C)c2cnc(Nc3ccc(-c4nc5c(C(N)=O)cccc5[nH]4)cc3OC(C)C)nc2N1C1CCCC1,2052.0,5.687822643560222,0,568.682
CC[C@@H]1C(=O)N(C)c2cnc(Nc3ccc(-c4nc5c(C(N)=O)cccc5[nH]4)cc3OC)nc2N1C1CCCC1,150.0,6.823908740944319,1,540.6280000000002
CC[C@@H]1C(=O)N(C)c2cnc(Nc3ccc(-c4nc5c(C(N)=O)cccc5[nH]4)cc3OC)nc2N1Cc1ccc(C)s1,338.0,6.471083299722345,1,582.6900000000003
CC[C@@H]1C(=O)N(C)c2cnc(Nc3ccc(-c4nc5c(C(N)=O)cccc5[nH]4)cc3OC)nc2N1Cc1ccc(OC)cc1OC,570.0,6.2441251443275085,1,622.6860000000003
CC[C@@H]1C(=O)N(C)c2cnc(Nc3ccc(-c4nc5c(C(N)=O)cccc5[nH]4)cc3OC)nc2N1Cc1cccc(C(F)(F)F)c1,1756.0,5.755475488429916,0,630.6310000000004
CC[C@@H]1C(=O)N(C)c2cnc(Nc3ccc(-c4nc5c(C(N)=O)cccc5[nH]4)cc3OC)nc2N1Cc1ccccc1,461.0,6.336299074610352,1,562.6340000000004
CC[C@@H]1C(=O)N(C)c2cnc(Nc3ccc(-c4nc5c(C(N)=O)cccc5[nH]4)cc3OC3CCCC3)nc2N1C1CCCC1,1825.0,5.738737131207507,0,594.72
CC[C@@H]1C(=O)N(C)c2cnc(Nc3ccc(C(=O)NCc4nc5c(C(N)=O)cccc5[nH]4)cc3OC)nc2N1C1CCCC1,341.0,6.467245621007502,1,597.68
CC[C@@H]1C(=O)N(C)c2cnc(Nc3ccc(C(C)c4nc5c(C(N)=O)cccc5[nH]4)cc3OC)nc2N1C1CCCC1,236.0,6.627087997029894,1,568.682
CC[C@@H]1C(=O)N(C)c2cnc(Nc3ccc(CC(=O)NCc4nc5c(C(N)=O)cccc5[nH]4)cc3OC)nc2N1C1CCCC1,498.0,6.302770657240282,1,611.7069999999999
CC[C@@H]1C(=O)N(C)c2cnc(Nc3ccc(Cc4nc5c(C(N)=O)cccc5[nH]4)cc3OC)nc2N1C1CCCC1,355.0,6.449771646944906,1,554.6550000000001
CC[C@@H]1C(=O)N(C)c2cnc(Nc3cccc(-c4nc5c(C(N)=O)cccc5[nH]4)c3)nc2N1C1CCCC1,155.0,6.809668301829708,1,510.6020000000004
CC[C@@H]1CN(C(=O)c2cc(Cn3c(=O)[nH]c(=O)c4ccccc43)ccc2F)CCN1,14.07,7.8517059025652545,1,410.44900000000007
CC[C@@H]1CN(C(=O)c2cc(Cn3c(=O)[nH]c(=O)c4ccccc43)ccc2F)CCN1C,39.58,7.402524210129623,1,424.4760000000001
CC[C@@H]1CN(C(=O)c2cc(Cn3c(=O)[nH]c(=O)c4ccccc43)ccc2F)CCN1C(=O)C(F)(F)F,2.92,8.534617148551582,1,506.45600000000013
CC[C@@H]1CN(C(=O)c2cc(Cn3c(=O)[nH]c(=O)c4ccccc43)ccc2F)CCN1C(=O)C1CC1,13.54,7.8683813356508745,1,478.5240000000002
CC[C@@H]1CN(C(=O)c2cc(Cn3c(=O)[nH]c(=O)c4ccccc43)ccc2F)CCN1C(C)=O,21.34,7.670805584911549,1,452.48600000000016
CC[C@@H]1CN(C(=O)c2cc(Cn3c(=O)[nH]c(=O)c4ccccc43)ccc2F)CCN1C(C)C,36.08,7.442733471130095,1,452.53000000000014
CC[C@@H]1CN(C(=O)c2cc(Cn3c(=O)[nH]c(=O)c4ccccc43)ccc2F)CCN1CC,0.51,9.292429823902063,1,438.50300000000016
CC[C@@H]1CN(C(=O)c2cc(Cn3c(=O)[nH]c(=O)c4ccccc43)ccc2F)CCN1CC(F)(F)F,16.63,7.779107750780481,1,492.4730000000001
CC[C@@H]1CN(C(=O)c2cc(Cn3c(=O)[nH]c(=O)c4ccccc43)ccc2F)CCN1CC1CC1,1.31,8.882728704344236,1,464.5410000000002
CC[C@@H]1CN(C(=O)c2nc3c(C(N)=O)cccc3[nH]2)CCN1,100.0,7.0,1,301.35
CC[C@@H]1CN(C(=O)c2nc3c(C(N)=O)cccc3[nH]2)CCN1C(=O)OC(C)(C)C,100.0,7.0,1,401.4670000000002
CC[C@H](C)CN(Cc1nc2c(c(=O)[nH]1)COCC2)C(=O)CN1CCC(C(=O)c2ccc(F)cc2)CC1,19000.0,4.721246399047171,0,498.59900000000033
CC[C@H](C)N(Cc1nc2c(c(=O)[nH]1)COCC2)C(=O)CN1CCC(C(=O)c2ccc(F)cc2)CC1,19000.0,4.721246399047171,0,484.5720000000003
CC[C@H](NC(=O)CCc1nc2ccccc2c(=O)[nH]1)c1ccccc1,140.0,6.853871964321762,1,335.40700000000004
CC[C@H]1CN(C(=O)c2cc(Cn3c(=O)[nH]c(=O)c4ccccc43)ccc2F)CCN1,29.96,7.523458190972571,1,410.44900000000007
CC[C@H]1CN(C(=O)c2cc(Cn3c(=O)[nH]c(=O)c4ccccc43)ccc2F)CCN1C,35.76,7.44660248987612,1,424.4760000000001
CC[C@H]1CN(C(=O)c2cc(Cn3c(=O)[nH]c(=O)c4ccccc43)ccc2F)CCN1C(=O)C(F)(F)F,26.71,7.573326111978627,1,506.45600000000013
CC[C@H]1CN(C(=O)c2cc(Cn3c(=O)[nH]c(=O)c4ccccc43)ccc2F)CCN1C(=O)C1CC1,24.06,7.618704376996174,1,478.5240000000002
CC[C@H]1CN(C(=O)c2cc(Cn3c(=O)[nH]c(=O)c4ccccc43)ccc2F)CCN1C(C)=O,13.68,7.863913902615902,1,452.48600000000016
CC[C@H]1CN(C(=O)c2cc(Cn3c(=O)[nH]c(=O)c4ccccc43)ccc2F)CCN1C(C)C,37.43,7.426780172885578,1,452.53000000000014
CC[C@H]1CN(C(=O)c2cc(Cn3c(=O)[nH]c(=O)c4ccccc43)ccc2F)CCN1CC,50.35,7.298000525110363,1,438.50300000000016
CC[C@H]1CN(C(=O)c2cc(Cn3c(=O)[nH]c(=O)c4ccccc43)ccc2F)CCN1CC(F)(F)F,59.87,7.222790741854315,1,492.4730000000001
CC[C@H]1CN(C(=O)c2cc(Cn3c(=O)[nH]c(=O)c4ccccc43)ccc2F)CCN1CC1CC1,19.2,7.716698771296451,1,464.5410000000002
CC[C@H]1CN(C(=O)c2nc3c(C(N)=O)cccc3[nH]2)CCN1,19.0,7.721246399047171,1,301.35
CC[C@H]1CN(C(=O)c2nc3c(C(N)=O)cccc3[nH]2)CCN1C(=O)OC(C)(C)C,100.0,7.0,1,401.4670000000002
CC[N+]1(CC)CCN(CCOc2ccc3[nH]c(=O)c4c(c3c2)NCCC4)CC1,4000.0,5.3979400086720375,0,385.53200000000027
CCc1cc(=O)[nH]c(CN2CCC(N3CCC(C(=O)c4ccc(OC)cc4)CC3)C2=O)n1,19000.0,4.721246399047171,0,438.5280000000002
CCc1cc2c(N)cccc2c(=O)[nH]1,490.0,6.309803919971486,1,188.23
CCc1cc2cc(C(CCN3CCCCC3)Cc3ccc4c(c3)OCCO4)ccc2[nH]c1=O,9.204,8.036023390003395,1,446.5910000000001
CCc1cc2ccc(CN3CCN(c4ccc(C#N)cn4)CC3)cc2[nH]c1=O,7.7,8.113509274827518,1,373.4600000000001
CCc1cc2ccc(CN3CCN(c4ccc(C(=O)NC)c(=O)n4C)CC3)cc2[nH]c1=O,5.3,8.275724130399212,1,435.5280000000002
CCc1cc2ccc(CN3CCN(c4ccc(C(=O)NC)cc4)CC3)cc2[nH]c1=O,18.0,7.7447274948966935,1,404.5140000000001
CCc1cc2ccc(CN3CCN(c4ccc(C(=O)NC)nc4)CC3)cc2[nH]c1=O,5.0,8.301029995663981,1,405.5020000000001
CCc1cc2ccc(CN3CCN(c4ccc(C(=O)NC)nn4)CC3)cc2[nH]c1=O,4.0,8.397940008672037,1,406.4900000000001
CCc1cc2ccc(CN3CCN(c4ccc(F)cc4F)CC3)cc2[nH]c1=O,8.0,8.096910013008056,1,383.4420000000001
CCc1cc2ccc(CN3CCN(c4cnc(C(=O)NC)cn4)CC3)cc2[nH]c1=O,29.0,7.5376020021010435,1,406.4900000000001
CCc1cc2ccc(CN3CCN(c4cnc(C(=O)NC)nc4)CC3)cc2[nH]c1=O,8.0,8.096910013008056,1,406.4900000000001
CCc1cc2ccc(CN3CCN(c4ncc(C)n4C)CC3)cc2[nH]c1=O,29.0,7.5376020021010435,1,365.4810000000001
CCc1cc2cnc(CN3CCN(c4ccc(C(=O)NC)nc4)CC3)cc2[nH]c1=O,3.0,8.522878745280337,1,406.4900000000001
CCc1cc2cnc(CN3CCN(c4ccc(C(=O)NC)nc4Cl)CC3)cc2[nH]c1=O,4.0,8.397940008672037,1,440.9350000000002
CCc1cc2cnc(CN3CCN(c4ccc(C(=O)NC)nc4F)CC3)cc2[nH]c1=O,3.0,8.522878745280337,1,424.48000000000013
CCc1cc2cnc(CN3CCN(c4ccc(C(N)=O)nc4)CC3)cc2[nH]c1=O,2.0,8.698970004336019,1,392.46300000000014
CCc1cc2ncc(CN3CC(Nc4ccc(C(=O)NC)nc4)C3)cc2[nH]c1=O,3.6799999999999997,8.434152181326482,1,392.4630000000001
CCc1cc2ncc(CN3CC(Oc4ccc(C(=O)NC)nc4)C3)cc2[nH]c1=O,13.0,7.886056647693163,1,393.44700000000006
CCc1cc2ncc(CN3CC4(C3)CN(c3ccc(C(=O)NC)nc3)C4)cc2[nH]c1=O,1.78,8.749579997691106,1,418.5010000000001
CCc1cc2ncc(CN3CC4(CCN(c5ccc(C(=O)NC)nc5)CC4)C3)cc2[nH]c1=O,85.05,7.070325682051412,1,446.5550000000002
CCc1cc2ncc(CN3CC4CC(C3)N4c3ccc(C(=O)NC)nc3)cc2[nH]c1=O,2500.0,5.6020599913279625,0,418.5010000000001
CCc1cc2ncc(CN3CC4CCC(C3)N4c3ccc(C(=O)NC)nc3)cc2[nH]c1=O,1270.5,5.896025330613612,0,432.5280000000001
CCc1cc2ncc(CN3CC4CN(c5ccc(C(=O)NC)nc5)CC4C3)cc2[nH]c1=O,4.24,8.372634143407268,1,432.52800000000013
CCc1cc2ncc(CN3CC=C(c4ccc(C(=O)NC)nc4)CC3)cc2[nH]c1=O,6.5,8.187086643357144,1,403.4860000000001
CCc1cc2ncc(CN3CCC(Nc4ccc(C(=O)NC)nc4)C3)cc2[nH]c1=O,1.275,8.894489815230026,1,406.4900000000001
CCc1cc2ncc(CN3CCC(Nc4ccc(C(=O)NC)nc4)CC3)cc2[nH]c1=O,131.1,6.8823973083099155,1,420.51700000000017
CCc1cc2ncc(CN3CCC(c4cnc(C(=O)NC)c(F)c4)CC3)cc2[nH]c1=O,11.0,7.958607314841775,1,423.49200000000013
CCc1cc2ncc(CN3CCN(c4cc5c(cn4)NC(=O)CC5)CC3)cc2[nH]c1=O,366.4,6.4360445350041875,1,418.5010000000002
CCc1cc2ncc(CN3CCN(c4cc5cccc(C(=O)NC)c5cn4)CC3)cc2[nH]c1=O,794.5,6.099906098456602,1,456.55000000000024
CCc1cc2ncc(CN3CCN(c4ccc(-c5cnc[nH]5)c(F)c4)CC3)cc2[nH]c1=O,6.0,8.221848749616356,1,432.5030000000001
CCc1cc2ncc(CN3CCN(c4ccc(-c5ncc[nH]5)nc4)CC3)cc2[nH]c1=O,9.0,8.045757490560675,1,415.5010000000001
CCc1cc2ncc(CN3CCN(c4ccc(-n5cccn5)nc4)CC3)cc2[nH]c1=O,12.0,7.920818753952375,1,415.50100000000015
CCc1cc2ncc(CN3CCN(c4ccc(C(=O)NC(C)C)nc4)CC3)cc2[nH]c1=O,4.9,8.309803919971486,1,434.54400000000015
CCc1cc2ncc(CN3CCN(c4ccc(C(=O)NC)c(=O)n4C)CC3)cc2[nH]c1=O,8.3,8.080921907623926,1,436.5160000000002
CCc1cc2ncc(CN3CCN(c4ccc(C(=O)NC)c(=O)n4C)[C@@H]4C[C@@H]43)cc2[nH]c1=O,8.5,8.070581074285707,1,448.52700000000016
CCc1cc2ncc(CN3CCN(c4ccc(C(=O)NC)c(F)c4)CC3)cc2[nH]c1=O,13.0,7.886056647693163,1,423.49200000000013
CCc1cc2ncc(CN3CCN(c4ccc(C(=O)NC)c5nccn45)CC3)cc2[nH]c1=O,2.105,8.676747899828312,1,445.52700000000016
CCc1cc2ncc(CN3CCN(c4ccc(C(=O)NC)nc4)CC3)cc2[nH]c1=O,1.99,8.701146923590294,1,406.4900000000001
CCc1cc2ncc(CN3CCN(c4ccc(C(=O)NC)nc4)[C@@H]4C[C@@H]43)cc2[nH]c1=O,7.6,8.119186407719209,1,418.5010000000001
CCc1cc2ncc(CN3CCN(c4ccc(C(=O)NC)nc4)[C@H](C)C3)cc2[nH]c1=O,3.6,8.443697499232712,1,420.5170000000001
CCc1cc2ncc(CN3CCN(c4ccc(C(=O)NC)nc4)[C@H](CF)C3)cc2[nH]c1=O,6.0,8.221848749616356,1,438.5070000000001
CCc1cc2ncc(CN3CCN(c4ccc(C(=O)NC)nc4)[C@H]4C[C@H]43)cc2[nH]c1=O,4.733333333333333,8.324832910336607,1,418.5010000000001
CCc1cc2ncc(CN3CCN(c4ccc(C(=O)NC)nc4C#N)CC3)cc2[nH]c1=O,7.3,8.136677139879543,1,431.50000000000017
CCc1cc2ncc(CN3CCN(c4ccc(C(=O)NC)nc4C#N)[C@H](C)C3)cc2[nH]c1=O,5.0,8.301029995663981,1,445.52700000000016
CCc1cc2ncc(CN3CCN(c4ccc(C(=O)NC)nc4C#N)[C@H]4C[C@H]43)cc2[nH]c1=O,7.9,8.102372908709558,1,443.51100000000014
CCc1cc2ncc(CN3CCN(c4ccc(C(=O)NC)nc4C(F)(F)F)CC3)cc2[nH]c1=O,3.0,8.522878745280337,1,474.48700000000014
CCc1cc2ncc(CN3CCN(c4ccc(C(=O)NC)nc4C(F)F)CC3)cc2[nH]c1=O,4.0,8.397940008672037,1,456.4970000000001
CCc1cc2ncc(CN3CCN(c4ccc(C(=O)NC)nc4C)CC3)cc2[nH]c1=O,5.0,8.301029995663981,1,420.51700000000017
CCc1cc2ncc(CN3CCN(c4ccc(C(=O)NC)nc4C4CC4)CC3)cc2[nH]c1=O,12.0,7.920818753952375,1,446.55500000000023
CCc1cc2ncc(CN3CCN(c4ccc(C(=O)NC)nc4Cl)CC3)cc2[nH]c1=O,3.0,8.522878745280337,1,440.9350000000002
CCc1cc2ncc(CN3CCN(c4ccc(C(=O)NC)nc4F)CC3)cc2[nH]c1=O,2.0,8.698970004336019,1,424.48000000000013
CCc1cc2ncc(CN3CCN(c4ccc(C(=O)NC)nn4)CC3)cc2[nH]c1=O,6.0,8.221848749616356,1,407.4780000000001
CCc1cc2ncc(CN3CCN(c4ccc(C(=O)NC5CC5)nc4)CC3)cc2[nH]c1=O,6.0,8.221848749616356,1,432.5280000000002
CCc1cc2ncc(CN3CCN(c4ccc(C(=O)NC5CC5)nc4)[C@@H]4C[C@@H]43)cc2[nH]c1=O,6.0,8.221848749616356,1,444.53900000000016
CCc1cc2ncc(CN3CCN(c4ccc(C(=O)NC5CCOCC5)nc4)CC3)cc2[nH]c1=O,6.4,8.193820026016112,1,476.5810000000003
CCc1cc2ncc(CN3CCN(c4ccc(C(=O)NC5COC5)nc4)CC3)cc2[nH]c1=O,5.4,8.267606240177031,1,448.5270000000002
CCc1cc2ncc(CN3CCN(c4ccc(C(=O)NC5COC5)nc4)[C@@H]4C[C@@H]43)cc2[nH]c1=O,8.9,8.050609993355087,1,460.5380000000002
CCc1cc2ncc(CN3CCN(c4ccc(C(=O)NCCC#N)nc4)CC3)cc2[nH]c1=O,7.3,8.136677139879543,1,445.5270000000002
CCc1cc2ncc(CN3CCN(c4ccc(C(=O)NCCOC)nc4)CC3)cc2[nH]c1=O,8.3,8.080921907623926,1,450.54300000000023
CCc1cc2ncc(CN3CCN(c4ccc(C(=O)NC[C@@H](C)O)nc4)CC3)cc2[nH]c1=O,4.5,8.346787486224656,1,450.5430000000002
CCc1cc2ncc(CN3CCN(c4ccc(C(=O)NC[C@@H]5CCOC5)nc4)CC3)cc2[nH]c1=O,5.1,8.292429823902063,1,476.5810000000003
CCc1cc2ncc(CN3CCN(c4ccc(C(=O)NC[C@H]5CCOC5)nc4)CC3)cc2[nH]c1=O,5.0,8.301029995663981,1,476.5810000000003
CCc1cc2ncc(CN3CCN(c4ccc(C(=O)N[C@@H]5CCCOC5)nc4)CC3)cc2[nH]c1=O,4.8,8.318758762624412,1,476.5810000000003
CCc1cc2ncc(CN3CCN(c4ccc(C(=O)N[C@@H]5CCOC5)nc4)CC3)cc2[nH]c1=O,6.2,8.207608310501746,1,462.55400000000026
CCc1cc2ncc(CN3CCN(c4ccc(C(=O)N[C@H](C)COC)nc4)CC3)cc2[nH]c1=O,8.5,8.070581074285707,1,464.5700000000002
CCc1cc2ncc(CN3CCN(c4ccc(C(=O)N[C@H]5CCCOC5)nc4)CC3)cc2[nH]c1=O,3.5,8.455931955649724,1,476.5810000000003
CCc1cc2ncc(CN3CCN(c4ccc(C(=O)N[C@H]5CCC[C@@H]5O)nc4)CC3)cc2[nH]c1=O,6.2,8.207608310501746,1,476.58100000000024
CCc1cc2ncc(CN3CCN(c4ccc(C(=O)N[C@H]5CCOC5)nc4)CC3)cc2[nH]c1=O,6.5,8.187086643357144,1,462.55400000000026
CCc1cc2ncc(CN3CCN(c4ccc(C(=O)N[C@H]5C[C@@H](C#N)C5)nc4)CC3)cc2[nH]c1=O,5.9,8.229147988357855,1,471.5650000000002
CCc1cc2ncc(CN3CCN(c4ccc(C(=O)N[C@H]5C[C@](C)(O)C5)nc4)CC3)cc2[nH]c1=O,5.1,8.292429823902063,1,476.58100000000024
CCc1cc2ncc(CN3CCN(c4ccc(C(C)(C)O)nc4)CC3)cc2[nH]c1=O,1448.5,5.839081500460219,0,407.51800000000014
CCc1cc2ncc(CN3CCN(c4ccc(C(N)=O)nc4)CC3)cc2[nH]c1=O,2.0,8.698970004336019,1,392.46300000000014
CCc1cc2ncc(CN3CCN(c4ccc(C(N)C(F)(F)F)nc4)CC3)cc2[nH]c1=O,2500.0,5.6020599913279625,0,446.4770000000001
CCc1cc2ncc(CN3CCN(c4ccc(F)cn4)CC3)cc2[nH]c1=O,3.981,8.400007822415901,1,367.4280000000001
CCc1cc2ncc(CN3CCN(c4ccc(NC(=O)C5CC5)nc4)CC3)cc2[nH]c1=O,10.0,8.0,1,432.52800000000025
CCc1cc2ncc(CN3CCN(c4ccc(NC(=O)N5CCOCC5)nc4)CC3)cc2[nH]c1=O,6.5,8.187086643357144,1,477.56900000000036
CCc1cc2ncc(CN3CCN(c4ccc(NC(=O)OC5COC5)nc4)CC3)cc2[nH]c1=O,12.0,7.920818753952375,1,464.5260000000003
CCc1cc2ncc(CN3CCN(c4ccc(NC(=O)[C@H]5CCO5)nc4)CC3)cc2[nH]c1=O,4.3,8.366531544420413,1,448.52700000000027
CCc1cc2ncc(CN3CCN(c4ccc(OC(F)F)nc4)CC3)cc2[nH]c1=O,2.755,8.559878396812197,1,415.44400000000013
CCc1cc2ncc(CN3CCN(c4ccc5[nH]ncc5n4)CC3)cc2[nH]c1=O,190.44,6.720241827197527,1,389.46300000000014
CCc1cc2ncc(CN3CCN(c4ccc5cc[nH]c5n4)CC3)cc2[nH]c1=O,32.65,7.486116814388907,1,388.47500000000014
CCc1cc2ncc(CN3CCN(c4ccc5cn[nH]c5n4)CC3)cc2[nH]c1=O,2.5965000000000003,8.585611673068925,1,389.46300000000014
CCc1cc2ncc(CN3CCN(c4ccc5nc(C(F)(F)F)[nH]c5n4)CC3)cc2[nH]c1=O,123.2,6.909389292171594,1,457.4600000000001
CCc1cc2ncc(CN3CCN(c4ccc5oc(=O)[nH]c5c4)CC3)cc2[nH]c1=O,6.18,8.209011524911185,1,405.45800000000014
CCc1cc2ncc(CN3CCN(c4ccccn4)CC3)cc2[nH]c1=O,7.1,8.148741651280925,1,349.4380000000001
CCc1cc2ncc(CN3CCN(c4cccnc4C#N)CC3)cc2[nH]c1=O,8.5,8.070581074285707,1,374.44800000000015
CCc1cc2ncc(CN3CCN(c4ccncc4C#N)CC3)cc2[nH]c1=O,6.0,8.221848749616356,1,374.44800000000015
CCc1cc2ncc(CN3CCN(c4ccncn4)CC3)cc2[nH]c1=O,6.5,8.187086643357144,1,350.4260000000001
CCc1cc2ncc(CN3CCN(c4ccnnc4C#N)CC3)cc2[nH]c1=O,5.4,8.267606240177031,1,375.43600000000015
CCc1cc2ncc(CN3CCN(c4cnc(C(=O)NC)c(F)c4)CC3)cc2[nH]c1=O,8.8,8.05551732784983,1,424.48000000000013
CCc1cc2ncc(CN3CCN(c4cnc(C(=O)NC)c(F)c4)[C@H](C)C3)cc2[nH]c1=O,6.2,8.207608310501746,1,438.5070000000001
CCc1cc2ncc(CN3CCN(c4cnc(C(=O)NC)c(F)c4)[C@H]4C[C@H]43)cc2[nH]c1=O,4.9,8.309803919971486,1,436.4910000000001
CCc1cc2ncc(CN3CCN(c4cnc(C(=O)NC5CC5)c(F)c4)CC3)cc2[nH]c1=O,3.5,8.455931955649724,1,450.5180000000002
CCc1cc2ncc(CN3CCN(c4cnc5cn[nH]c5c4)CC3)cc2[nH]c1=O,116.05,6.935354855208064,1,389.46300000000014
CCc1cc2ncc(CN3CCN4c5ccc(C(=O)NC)nc5OC[C@H]4C3)cc2[nH]c1=O,1.6,8.795880017344075,1,434.50000000000017
CCc1cc2ncc(CN3CC[C@@H](Nc4ccc(C(=O)NC)nc4)C3)cc2[nH]c1=O,1.17,8.931814138253838,1,406.4900000000001
CCc1cc2ncc(CN3CC[C@H](Nc4ccc(C(=O)NC)nc4)C3)cc2[nH]c1=O,744.5,6.128135297911805,1,406.4900000000001
CCc1cc2ncc(CN3CCc4cc(/C=C/C(=O)NC)ccc4C3)cc2[nH]c1=O,5.825,8.234704070301943,1,402.4980000000001
CCc1cc2ncc(CN3CCc4nc(C(=O)NC)ccc4C3)cc2[nH]c1=O,1424.0,5.846490010699163,0,377.4480000000001
CCc1cc2ncc(CN3CCn4c(cnc4C(=O)NC)C3)cc2[nH]c1=O,1287.5,5.890252762286772,0,366.42500000000007
CCc1cc2ncc(CN3C[C@@H]4C[C@H]3CN4c3ccc(C(=O)NC)nc3)cc2[nH]c1=O,1270.0,5.896196279044043,0,418.5010000000001
CCc1cc2ncc([C@@H](C)N3CCN(c4ccc(C(=O)NC)nc4)CC3)cc2[nH]c1=O,2.2,8.657577319177793,1,420.51700000000017
CCc1cc2ncc([C@H](C)N3CCN(c4ccc(C(=O)NC)nc4)CC3)cc2[nH]c1=O,4.4,8.356547323513812,1,420.51700000000017
CCc1ccc(-c2cc3[nH]c(=O)c4ccccc4n3n2)cc1,500.0,6.301029995663981,1,289.33799999999997
CCc1ccc(Cn2cc(/C=C3\SC(=O)NC3=O)c3ccccc32)cc1,1560.0,5.806875401645538,0,362.45400000000006
CCc1ccc2c3c(c(=O)[nH]c2c1)CCCN3,4000.0,5.3979400086720375,0,228.29499999999996
CCc1ccc2cccc(C(N)=O)c2n1,800.0,6.096910013008056,1,200.24099999999996
CCc1cccc2c(O)nc(CCCN3CC=C(c4ccccc4)CC3)nc12,66.0,7.180456064458132,1,373.50000000000006
CCc1cnc2c(C(N)=O)cccc2c1,3700.0,5.431798275933005,0,200.241
CCc1nc(C(=O)NC)ccc1N1CCN(Cc2ccc3nc(CC)c(=O)[nH]c3c2)CC1,3.0,8.522878745280337,1,434.5440000000002
CCc1nc2c(F)cc(CN3CCN(c4ccc(C#N)cn4)CC3)cc2[nH]c1=O,3.162,8.500038134403809,1,392.4380000000001
CCc1nc2c(F)cc(CN3CCN(c4ccc(C(=O)NC)nc4)CC3)cc2[nH]c1=O,3.0,8.522878745280337,1,424.48000000000013
CCc1nc2cc(F)c(CN3CCN(c4ccc(C(=O)NC)nc4F)CC3)cc2[nH]c1=O,4.0,8.397940008672037,1,442.47000000000014
CCc1nc2ccc(CN3CCN(c4ccc(C(=O)NC)nc4)CC3)cc2[nH]c1=O,5.0,8.301029995663981,1,406.4900000000001
CCc1nc2ccc(CN3CCN(c4ccc(C(=O)NC)nc4C(F)(F)F)CC3)cc2[nH]c1=O,9.0,8.045757490560675,1,474.48700000000014
CCc1nc2ccc(CN3CCN(c4ccc(C(=O)NC)nc4C(F)F)CC3)cc2[nH]c1=O,5.0,8.301029995663981,1,456.4970000000001
CCc1nc2ccc(CN3CCN(c4ccc(C(=O)NC)nc4C)CC3)cc2[nH]c1=O,7.0,8.154901959985743,1,420.51700000000017
CCc1nc2ccc(CN3CCN(c4ccc(C(=O)NC)nc4Cl)CC3)cc2[nH]c1=O,4.0,8.397940008672037,1,440.9350000000002
CCc1nc2ccc(CN3CCN(c4ccc(C(=O)NC)nc4F)CC3)cc2[nH]c1=O,4.0,8.397940008672037,1,424.48000000000013
CCc1nc2cnc(CN3CCN(c4ccc(C(=O)NC)nc4)CC3)cc2[nH]c1=O,7.2,8.142667503568731,1,407.4780000000001
CCc1nc2ncc(CN3CCN(c4ccc(C(=O)NC)nc4)CC3)cc2[nH]c1=O,6.0,8.221848749616356,1,407.4780000000001
CCn1c(-c2cc3c(s2)CNCC3)nc2c(C(N)=O)cc(F)cc21,250.0,6.6020599913279625,1,344.415
CCn1c(=O)n(-c2nnc(C(F)F)s2)c2cc(S(=O)(=O)NC3(CF)CC3)c(F)cc21,150000.0,3.8239087409443187,0,465.45400000000024
CCn1c(=O)n(Cc2nnc(C)s2)c(=O)c2cc(S(=O)(=O)NC3(CF)CC3)ccc21,150000.0,3.8239087409443187,0,453.52100000000024
CCn1cc(C(=O)C2CCN(C(=O)CC(C)(C)Cc3nc4c(ccn4C)c(=O)[nH]3)CC2)cn1,30000.0,4.522878745280337,0,452.5590000000002
CCn1ncc2c(C(=O)NCc3c(C)cc(C)[nH]c3=O)cc(-c3ccc(Cc4nc5c(C(N)=O)cccc5[nH]4)cc3)cc21,15.24,7.8170150329964185,1,573.6570000000003
CN(C(=O)c1cc(Cc2n[nH]c(=O)c3ccccc23)ccc1F)C1CC(=O)c2ccccc21,11230.0,4.949620243738543,0,441.46200000000016
CN(C)C(=O)C(=O)N1CCN(C(=O)c2cc(Cc3c[nH]c(=O)c4cc(Cl)c(Cl)n34)ccc2F)CC1,2.0,8.698970004336019,1,522.3640000000001
CN(C)C(=O)CCC(=O)N1CCc2cccc3c2C1CNC3=O,9.0,8.045757490560675,1,315.37300000000005
CN(C)C(=O)Cc1ccc2[nH]c(=O)c3ccccc3c2c1,510.0,6.292429823902063,1,280.327
CN(C)C(=O)N1CCN(C(=O)c2cc(Cc3c[nH]c(=O)c4cc(Cl)c(Cl)n34)ccc2F)CC1,7.2,8.142667503568731,1,494.3540000000002
CN(C)C(=O)N1CCP(=O)(c2cc(Cc3n[nH]c(=O)c4ccccc34)ccc2F)CC1,550.0,6.259637310505756,1,442.4310000000002
CN(C)C(=O)c1ccc(N2CCN(C(=O)CCc3nc4ccccc4c(=O)[nH]3)CC2)c(Cl)c1,922.0,6.035269078946371,1,467.9570000000001
CN(C)C(=O)c1ccc(N2CCN(c3nc4c(C(N)=O)cc(F)cc4[nH]3)CC2)nc1,30.0,7.522878745280337,1,411.4410000000001
CN(C)C(=O)c1ccc(N2CCN(c3nc4c(C(N)=O)cccc4[nH]3)CC2)nc1,54.0,7.267606240177032,1,393.4510000000001
CN(C)C(=O)c1cnc(N2CCN(c3nc4c(C(N)=O)cc(F)cc4[nH]3)CC2)cn1,8.0,8.096910013008056,1,412.4290000000001
CN(C)C(=O)c1ncc(N2CCN(c3nc4c(C(N)=O)cc(F)cc4[nH]3)CC2)cn1,8.0,8.096910013008056,1,412.4290000000001
CN(C)C(C)(C)C(=O)N1CCN(C(=O)c2cc(Cc3c[nH]c(=O)c4cc(Cl)c(Cl)n34)ccc2F)CC1,5.1,8.292429823902063,1,536.4350000000001
CN(C)C1(C(=O)N2CCN(C(=O)c3cc(Oc4n[nH]c(=O)c5ccccc45)ccc3F)CC2)CC1,6.0,8.221848749616356,1,479.5120000000003
CN(C)C1(C(=O)N2CCN(C(=O)c3cc(Oc4n[nH]c(=O)c5ccccc45)ccc3F)CC2)CCC1,7.0,8.154901959985743,1,493.5390000000003
CN(C)C1CCN(C(=O)c2cc(Cc3c[nH]c(=O)c4cc(Cl)c(Cl)n34)ccc2F)CC1,2.6,8.585026652029182,1,465.35600000000017
CN(C)C1CCN(C(=O)c2cc3c(n2C)-c2ccccc2C(=O)NC3)CC1,6429.0,5.191856574238509,0,366.4650000000002
CN(C)C1CCN(Cc2ccc(-c3ccc4c(Cl)cc(C(N)=O)n4n3)cc2)CC1,818.27,6.087103370946951,1,411.93700000000024
CN(C)C1CCN(c2ccc3nc(O)c4ccccc4c3n2)CC1,112.0,6.950781977329818,1,322.41200000000015
CN(C)C1CN(C(=O)c2cc(Cc3n[nH]c(=O)c4ccccc34)ccc2F)Cc2nnc(C(F)(F)F)n21,20.0,7.698970004336019,1,515.4710000000001
CN(C)CC(=O)N1CCN(C(=O)c2cc(Cc3c[nH]c(=O)c4cc(Cl)c(Cl)n34)ccc2F)CC1,2.5,8.602059991327963,1,508.38100000000026
CN(C)CC(=O)NCCc1c[nH]c2ccc3c(c12)CCNC3=O,130.0,6.886056647693163,1,314.38900000000007
CN(C)CC(=O)Nc1ccc(-n2cc3cccc(C(N)=O)c3n2)cc1,15.0,7.823908740944319,1,337.3830000000001
CN(C)CC(=O)Nc1ccc2[nH]c(=O)c3ccccc3c2c1,118.80333333333333,6.925171373934252,1,295.34200000000004
CN(C)CC(=O)Nc1ccc2c(c1)-c1nc(O)c3ccccc3c1C2,800.0,6.096910013008056,1,333.3910000000001
CN(C)CC(=O)Nc1ccc2c(c1)Cc1c-2nc(O)c2ccccc12,107.0,6.97061622231479,1,333.391
CN(C)CC(=O)Nc1ccc2nc(O)c3ccccc3c2n1,98.0,7.008773924307505,1,296.33000000000004
CN(C)CC(=O)Nc1cnc2c(c1)nc(O)c1ccccc12,165.0,6.782516055786093,1,296.33
CN(C)CC(C)(C)CN/C=C1/C(=O)NC(=O)c2ccccc21,87.4,7.058488567365597,1,301.39000000000004
CN(C)CC/C=C1\c2ccccc2COc2ccc(CC(=O)NN)cc21,79.0,7.102372908709558,1,351.4500000000001
CN(C)CCC=C1c2ccccc2CCc2ccccc21,1650.0,5.782516055786093,0,277.411
CN(C)CCCNC(=O)c1cc2[nH]c(=O)c3ccccc3c2n1C,300.0,6.522878745280337,1,326.4000000000001
CN(C)CCCOc1ccc(-c2nc3cccc4c3n2CCNC4=O)cc1,63.0,7.200659450546418,1,364.4490000000001
CN(C)CCCOc1ccc2c3c(c(=O)[nH]c2c1)CCCN3,3020.0,5.519993057042849,0,301.3900000000001
CN(C)CCCc1ccc2[nH]c(=O)c3c(c2c1)NCCC3,930.0,6.031517051446065,1,285.3910000000001
CN(C)CCN(C)C(=O)c1cc2[nH]c(=O)c3ccccc3n2n1,100.0,7.0,1,313.36100000000005
CN(C)CCN(C)C(=O)c1ccc(-c2cc3[nH]c(=O)c4ccccc4n3n2)cc1,1300.0,5.886056647693163,0,389.4590000000001
CN(C)CCN(C)C(=O)c1cccc(-c2cc3[nH]c(=O)c4ccccc4n3n2)c1,800.0,6.096910013008056,1,389.4590000000001
CN(C)CCN(C)C(=O)c1cccc(Cc2nnc(O)c3ccccc23)c1,46.0,7.337242168318426,1,364.44900000000007
CN(C)CCN(C)Cc1ccc(-n2cc3cccc(C(N)=O)c3n2)cc1,5.9,8.229147988357855,1,351.4540000000001
CN(C)CCN(C)Cc1ccc2c3c(c(=O)[nH]c2c1)CCCN3,930.0,6.031517051446065,1,314.4330000000001
CN(C)CCN1CC2=NNC(=O)c3cc(F)cc4[nH]c(c2c34)C1,25346.0,4.596090569466641,0,315.3520000000001
CN(C)CCN1CC2=NNC(=O)c3cccc4[nH]c(c2c34)C1,18009.0,4.7445104019244635,0,297.36200000000014
CN(C)CCN1CCN(C(=O)c2cc(Cc3c[nH]c(=O)c4cc(Cl)c(Cl)n34)ccc2F)CC1,18.0,7.7447274948966935,1,494.3980000000003
CN(C)CCN1CCN(C(=O)c2cc(Cn3c(=O)[nH]c(=O)c4ccccc43)ccc2F)CC1=O,2.39,8.621602099051863,1,467.5010000000002
CN(C)CCNC(=O)c1cc2[nH]c(=O)c3ccccc3c2n1C,1100.0,5.958607314841775,0,312.3730000000001
CN(C)CCNC(=O)c1ccc(-n2cc3cccc(C(N)=O)c3n2)cc1,10.0,8.0,1,351.41000000000014
CN(C)CCNC(=O)c1ccc2[nH]c3c4c(c5c(c3c2c1)CNC5=O)CCC4,165.0,6.782516055786093,1,376.4600000000002
CN(C)CCOc1ccc2[nH]c(=O)c3c(c2c1)NCCC3,370.0,6.431798275933005,1,287.3630000000001
CN(C)CCOc1ccc2c3c(c(=O)[nH]c2c1)CCCN3,1620.0,5.790484985457369,0,287.363
CN(C)CCc1ccc2c3c(c(=O)[nH]c2c1)CCCN3,230.0,6.638272163982407,1,271.3639999999999
CN(C)CCn1c2c3c4c(cc(F)cc41)C(=O)NN=C3CC(C)(C)C2,3253.25,5.487682561541807,0,342.4180000000002
CN(C)CCn1c2c3c4c(cc(F)cc41)C(=O)NN=C3CN(C(=O)C1CC1)C2,12006.0,4.920601660980145,0,383.42700000000025
CN(C)CCn1c2c3c4c(cccc41)C(=O)NN=C3CC(C)(C)C2,2752.75,5.560233228690419,0,324.42800000000017
CN(C)CCn1c2c3c4c(cccc41)C(=O)NN=C3CCC2,7507.5,5.124504659128982,0,296.37400000000014
CN(C)CCn1c2c3c4c(cccc41)C(=O)NN=C3CN(C(=O)C1CC1)C2,7337.0,5.134481480925226,0,365.43700000000024
CN(C)Cc1cc(O)c2c3c(c(=O)[nH]c2c1)CCCN3,750.0,6.1249387366083,1,273.33599999999996
CN(C)Cc1cc2c([nH]c(=O)c3cccc(O)c32)s1,29.0,7.5376020021010435,1,274.34499999999997
CN(C)Cc1cc2c([nH]c(=O)c3ccccc32)s1,180.0,6.7447274948966935,1,258.346
CN(C)Cc1ccc(-c2[nH]c3cccc4c3c2CCNC4=O)cc1,5.0,8.301029995663981,1,319.40799999999996
CN(C)Cc1ccc(-c2c[nH]c(=O)c3cccc(O)c23)cc1,68.0,7.167491087293763,1,294.35400000000004
CN(C)Cc1ccc(-c2ccc3c(Cl)cc(C(N)=O)n3n2)cc1,93.27,7.030258023237145,1,328.80300000000005
CN(C)Cc1ccc(-c2ccc3ccn(C(N)=O)c3n2)cc1,630.0,6.200659450546418,1,294.358
CN(C)Cc1ccc(-c2nc3cncc4c3n2CCNC4=O)cc1,28.0,7.552841968657781,1,321.38399999999996
CN(C)Cc1ccc(-c2nnc3n2CCN(C(=O)c2cc(Cc4n[nH]c(=O)c5ccccc45)ccc2F)C3)o1,1.35,8.869666231504993,1,527.5600000000002
CN(C)Cc1ccc(-n2cc3cccc(C(N)=O)c3n2)cc1,3.7,8.431798275933005,1,294.358
CN(C)Cc1ccc(C2Nc3cc(F)cc4c(=O)[nH]nc(c34)C2c2ccc(F)cc2)cc1,2.63,8.580044251510243,1,432.47400000000005
CN(C)Cc1ccc(C2Nc3cc(F)cc4c(=O)[nH]nc(c34)C2c2ccccc2)cc1,3.29,8.482804102050025,1,414.48400000000004
CN(C)Cc1ccc(C2Nc3cccc4c(=O)[nH]nc(c34)C2c2ccc(C(F)(F)F)cc2)cc1,6.29,8.201349354554731,1,464.4910000000001
CN(C)Cc1ccc(C2Nc3cccc4c(=O)[nH]nc(c34)C2c2ccc(CN(C)C)cc2)cc1,3.89,8.410050398674292,1,453.5900000000002
CN(C)Cc1ccc(C2Nc3cccc4c(=O)[nH]nc(c34)C2c2ccc(F)cc2)cc1,2.48,8.605548319173783,1,414.4840000000001
CN(C)Cc1ccc(C2Nc3cccc4c(=O)[nH]nc(c34)C2c2ccccc2)cc1,2.36,8.627087997029893,1,396.4940000000001
CN(C)Cc1ccc(C2c3n[nH]c(=O)c4cccc(c34)NC2c2ccccc2)cc1,5.85,8.232844133917819,1,396.494
CN(C)Cc1ccc2[nH]c(=O)c3c(c2c1)NCCC3,320.0,6.494850021680094,1,257.33699999999993
CN(C)Cc1ccc2c3c(c(=O)[nH]c2c1)CCCN3,40.0,7.3979400086720375,1,257.33699999999993
CN(C)Cc1ccc2c3c(c(=O)[nH]c2c1)CCCN3C,90.0,7.045757490560675,1,271.364
CN(C)Cc1cccc(C2Nc3cccc4c(=O)[nH]nc(c34)C2c2ccccc2)c1,2.63,8.580044251510243,1,396.4940000000001
CN(C)Cc1cccc(C2c3n[nH]c(=O)c4cccc(c34)NC2c2ccccc2)c1,3.65,8.437707135543524,1,396.4940000000001
CN(C)S(=O)(=O)N1CCN(C(=O)c2cc(Cc3c[nH]c(=O)c4cc(Cl)c(Cl)n34)ccc2F)CC1,2.4,8.619788758288394,1,530.409
CN(C)c1ccc(-c2ccc3ccn(C(N)=O)c3n2)cc1,880.0,6.055517327849832,1,280.33099999999996
CN(C)c1ccc(C2CC3=NNC(=O)c4cc(F)cc5[nH]c(c3c45)C2)cc1,8550.4,5.068013567876586,0,362.4080000000001
CN(C)c1ccc(C2CC3=NNC(=O)c4cccc5[nH]c(c3c45)C2)cc1,13206.6,4.8792089758219195,0,344.41800000000006
CN(C)c1ccc(CCN2CCC(Oc3ccc4[nH]c(=O)c5c(c4c3)CCSC5)CC2)cc1,10000.0,5.0,0,463.6470000000003
CN(C)c1ccc(CN2CCC(N3Cc4cccc(C(N)=O)c4C3=O)CC2)cc1,6600.0,5.180456064458132,0,392.5030000000002
CN(C)c1ccc2c(c1)[nH]c(=O)c1cccnc12,4000.0,5.3979400086720375,0,239.27799999999996
CN(C)c1cccc(C(N)=O)c1,120000.0,3.9208187539523753,0,164.20799999999994
CN(CC(=O)O)CC(=O)c1ccc2[nH]c3c4c(c5c(c3c2c1)C(=O)NC5=O)CCC4,8.0,8.096910013008056,1,405.41000000000025
CN(CC(=O)OC(C)(C)C)CC(=O)c1ccc2[nH]c3c4c(c5c(c3c2c1)C(=O)NC5=O)CCC4,19.0,7.721246399047171,1,461.5180000000003
CN(CC(=O)c1ccc2ccccc2c1)C(=O)CCn1c2c(c(=O)[nH]c1=O)CCCC2,400.0,6.3979400086720375,1,419.4810000000003
CN(CCC(=O)O)Cc1ccc2c3c(c(=O)[nH]c2c1)CCCN3,920.0,6.036212172654444,1,315.3730000000001
CN(CCO)Cc1ccc2c3c(c(=O)[nH]c2c1)CCCN3,50.0,7.301029995663981,1,287.363
CN(CCc1c[nH]cn1)C(=O)c1ccc2[nH]c3c4c(c5c(c3c2c1)CNC5=O)CCC4,161.0,6.79317412396815,1,413.4810000000003
CN(CCc1nc2ccccc2c(=O)[nH]1)C(=O)N1CCC(C(=O)c2cnn(C)c2)CC1,5300.0,5.275724130399211,0,422.48900000000026
CN(Cc1ccc(-n2cc3cccc(C(N)=O)c3n2)cc1)C(=O)C1CNC1,18.0,7.7447274948966935,1,363.4210000000001
CN(Cc1ccccc1)C(=O)C1CCN(C(=O)c2cccc(Cc3nnc(O)c4ccccc34)c2)CC1,9.0,8.045757490560675,1,494.5950000000002
CN(Cc1ccccc1)Cc1ccc2c3c(c(=O)[nH]c2c1)CCCN3,930.0,6.031517051446065,1,333.43500000000006
CN(Cc1ccccc1)Cc1nc2cccc3c2n1CCNC3=O,88.0,7.055517327849832,1,320.3960000000001
CN(Cc1ccccn1)C(=O)c1ccc2[nH]c3c4c(c5c(c3c2c1)CNC5=O)CCC4,237.0,6.6252516539898965,1,410.47700000000026
CN(Cc1ccncc1)C(=O)c1ccc2[nH]c3c4c(c5c(c3c2c1)CNC5=O)CCC4,65.0,7.187086643357144,1,410.47700000000026
CN(c1ccc(Cl)cc1)c1ccnc(Nc2ccc(-c3nc4c(C(N)=O)cccc4[nH]3)cc2)n1,105.0,6.978810700930062,1,469.9360000000002
CN(c1ccc(Cl)cc1)c1ccnc(Nc2ccc(-c3nc4cc(F)c(F)cc4[nH]3)cc2)n1,661.0,6.179798540514359,1,462.89100000000013
CN(c1ccc(Cl)cc1)c1ccnc(Nc2ccc(C(=O)Nc3nc4c(C(N)=O)cccc4[nH]3)cc2)n1,137.0,6.863279432843593,1,512.9610000000002
CN(c1ccc(F)cc1)c1ccnc(Nc2ccc(-c3nc4c(C(N)=O)cccc4[nH]3)cc2)n1,130.0,6.886056647693163,1,453.48100000000017
CN(c1ccc(N2CCOCC2)c(F)c1)c1ccnc(Nc2ccc(C(=O)Nc3nc4ccccc4[nH]3)cc2)n1,10000.0,5.0,0,538.5870000000001
CN(c1ccc(N2CCOCC2)cc1)c1ccnc(Nc2ccc(-c3nc4c(C(N)=O)cccc4[nH]3)cc2)n1,87.0,7.060480747381382,1,520.5970000000002
CN(c1ccc(NC(=O)OC(C)(C)C)cc1)c1ccnc(Nc2ccc(-c3nc4c(C(N)=O)cccc4[nH]3)cc2)n1,128.0,6.892790030352131,1,550.6230000000002
CN(c1ccc(S(C)(=O)=O)cc1)c1ccnc(Nc2ccc(-c3nc4c(C(N)=O)cccc4[nH]3)cc2)n1,109.0,6.962573502059376,1,513.5830000000002
CN(c1ccc2ncccc2c1)c1ccnc(Nc2ccc(-c3nc4c(C(N)=O)cccc4[nH]3)cc2)n1,99.4,7.002613615602686,1,486.5390000000002
CN(c1ccnc(Nc2ccc(-c3nc4c(C(N)=O)cccc4[nH]3)cc2)n1)c1cc(C(C)(C)C)n(C)n1,129.0,6.889410289700751,1,495.5910000000002
CN(c1ccnc(Nc2ccc(-c3nc4cc(F)c(F)cc4[nH]3)cc2)n1)c1cc(C(C)(C)C)n(C)n1,819.0,6.086716098239582,1,488.5460000000002
CN(c1ccnc(Nc2ccc(-c3nc4ccccc4[nH]3)cc2)n1)c1cc(C(C)(C)C)n(C)n1,10000.0,5.0,0,452.5660000000002
CN/C(C#N)=C\C(=N)N1CCN(C(=O)CCc2nc3ccccc3c(=O)[nH]2)CC1,278.0,6.555955204081924,1,393.45100000000014
CN1C(=O)CCC(N2C(=O)c3cccc(NCCNC(=O)CCCCCCCCCCC(=O)N4CCN(C(=O)c5cc(Cc6n[nH]c(=O)c7ccccc67)ccc5F)CC4)c3C2=O)C1=O,2.64,8.578396073130168,1,891.0140000000001
CN1CC(=O)N(c2cc(Cc3nnc(O)c4ccccc34)ccc2F)C(=O)C1,9.5,8.022276394711152,1,380.37900000000013
CN1CC(C(=O)Nc2ccc(-n3cc4cc(F)cc(C(N)=O)c4n3)cc2)C1,6.0,8.221848749616356,1,367.3840000000002
CN1CC(C(=O)Nc2ccc(-n3cc4cc(F)cc(C(N)=O)c4n3)cc2F)C1,6.0,8.221848749616356,1,385.3740000000002
CN1CC2=NNC(=O)c3cc(F)cc4[nH]c(c2c34)C1,2852.85,5.5447210625121715,0,258.25600000000003
CN1CC2=NNC(=O)c3cccc4[nH]c(c2c34)C1,10672.0,4.971754183427526,0,240.266
CN1CCC(C(=O)NCCc2c[nH]c3ccc4c(c23)CCNC4=O)C1,53.0,7.275724130399211,1,340.42700000000013
CN1CCC(C(=O)NCCc2c[nH]c3ccc4c(c23)CCNC4=O)CC1,60.0,7.221848749616356,1,354.4540000000002
CN1CCC(C(=O)Nc2ccc(-n3cc4cc(F)cc(C(N)=O)c4n3)cc2)CC1,16.0,7.795880017344075,1,395.4380000000002
CN1CCC(C(=O)Nc2ccc(-n3cc4cccc(C(N)=O)c4n3)cc2)CC1,10.0,8.0,1,377.4480000000002
CN1CCC(CC(=O)NCCc2c[nH]c3ccc4c(c23)CCNC4=O)CC1,100.0,7.0,1,368.4810000000002
CN1CCC(CNC(=O)c2cc3[nH]c(=O)c4ccccc4n3n2)C1,80.0,7.096910013008056,1,325.37200000000007
CN1CCC(CNC(=O)c2cc3[nH]c(=O)c4ccccc4n3n2)CC1,70.0,7.154901959985743,1,339.3990000000001
CN1CCC(Oc2ccc3[nH]c(=O)c4c(c3c2)CCSC4)C1,80.0,7.096910013008056,1,316.42600000000004
CN1CCC(Oc2ccc3[nH]c(=O)c4c(c3c2)N(C)CCC4)CC1,4000.0,5.3979400086720375,0,327.42800000000017
CN1CCC(Oc2ccc3[nH]c(=O)c4c(c3c2)NCCC4)CC1,1070.0,5.97061622231479,0,313.4010000000002
CN1CCC(c2ccc(-c3nc4c(F)cc(F)cc4c(=O)[nH]3)cc2)CC1,3700.0,5.431798275933005,0,355.3880000000001
CN1CCC(c2nc3c(C(N)=O)cncc3[nH]2)CC1,1452.0,5.838033383635925,0,259.31300000000005
CN1CCC(n2[nH]c3cccc(C(N)=O)c3c2=O)CC1,600.0,6.221848749616356,1,274.32400000000007
CN1CCC2N=C(CCCN3CC=C(c4ccccc4)CC3)NC(=O)C2C1,6100.0,5.214670164989233,0,366.5090000000002
CN1CCCC(C(=O)N(C)Cc2ccc(-n3cc4cccc(C(N)=O)c4n3)cc2)C1,25.0,7.6020599913279625,1,405.5020000000002
CN1CCCC(C(=O)NCc2ccc(-n3cc4cccc(C(N)=O)c4n3)cc2)C1,22.0,7.657577319177793,1,391.4750000000002
CN1CCCC(Oc2ccc3[nH]c(=O)c4c(c3c2)CCSC4)C1,39.0,7.4089353929735005,1,330.45300000000015
CN1CCCCC1C(=O)Nc1ccc(-n2cc3cccc(C(N)=O)c3n2)cc1,46.0,7.337242168318426,1,377.44800000000015
CN1CCCN(C(=O)NCCc2c[nH]c3ccc4c(c23)CCNC4=O)CC1,58.0,7.236572006437063,1,369.4690000000002
CN1CCCN(C(=O)c2cc(Cc3c[nH]c(=O)c4cc(Cl)c(Cl)n34)ccc2F)CC1,5.0,8.301029995663981,1,451.32900000000024
CN1CCCN(C(=O)c2cc(Cc3nnc(O)c4ccccc34)ccc2F)CC1,9.0,8.045757490560675,1,394.45000000000016
CN1CCCN(C(=O)c2cc3[nH]c(=O)c4ccccc4c3n2C)CC1,200.0,6.698970004336019,1,338.4110000000002
CN1CCCN(C(=O)c2cc3[nH]c(=O)c4ccccc4n3n2)CC1,10.0,8.0,1,325.3720000000001
CN1CCCN(C(=O)c2cc3c(n2C)-c2ccccc2C(=O)NC3)CC1,10000.0,5.0,0,352.4380000000002
CN1CCCN(C(=O)c2cccc(Cc3nnc(O)c4ccccc34)c2)CC1,23.0,7.638272163982407,1,376.46000000000015
CN1CCCN(C(=O)c2cnn3c2[nH]c(=O)c2ccccc23)CC1,1000.0,6.0,1,325.3720000000001
CN1CCCN(CC2=Nc3cccc4c(=O)[nH]nc(c34)N2)CC1,42.0,7.376750709602099,1,312.3770000000001
CN1CCC[C@@H](C(=O)Nc2ccc(-n3cc4cc(F)cc(C(N)=O)c4n3)cc2F)C1,12.0,7.920818753952375,1,413.4280000000002
CN1CCC[C@@H](C(=O)Nc2ccc(-n3cc4cccc(C(N)=O)c4n3)cc2)C1,30.0,7.522878745280337,1,377.4480000000002
CN1CCC[C@@]1(C)c1nc2c(C(N)=O)c(F)ccc2[nH]1,155010.85,3.809637902279947,0,276.315
CN1CCC[C@H](C(=O)Nc2ccc(-n3cc4cccc(C(N)=O)c4n3)cc2)C1,20.0,7.698970004336019,1,377.4480000000002
CN1CCC[C@H]1C(=O)Nc1ccc(-n2cc3cccc(C(N)=O)c3n2)cc1,17.0,7.769551078621726,1,363.42100000000016
CN1CCCc2c1c1cc(O)ccc1[nH]c2=O,4000.0,5.3979400086720375,0,230.267
CN1CCCc2c1c1cc(OC3CCNCC3)ccc1[nH]c2=O,3850.0,5.414539270491499,0,313.401
CN1CCCc2c1c1cc(OCCN3CCCCC3)ccc1[nH]c2=O,3110.0,5.507239610973162,0,341.455
CN1CCCc2c1c1ccc(CN3CCCCC3)cc1[nH]c2=O,4000.0,5.3979400086720375,0,311.429
CN1CCCc2c1c1ccc(CN3CCOCC3)cc1[nH]c2=O,1090.0,5.962573502059376,0,313.40099999999995
CN1CCCc2c1c1ccccc1[nH]c2=O,4000.0,5.3979400086720375,0,214.268
CN1CCCc2c1cc(-c1ccc(Br)cc1)[nH]c2=O,2000.0,5.698970004336019,0,319.202
CN1CCCc2c1cc(-c1ccc(C(F)(F)F)cc1)[nH]c2=O,4800.0,5.318758762624412,0,308.303
CN1CCCc2c1cc(-c1ccc(Cl)cc1)[nH]c2=O,2000.0,5.698970004336019,0,274.75100000000003
CN1CCCc2c1cc(-c1ccccc1)[nH]c2=O,949.0,6.022733787572707,1,240.306
CN1CCCc2c1nc(N1CCN(Cc3ccccc3C#N)CC1)[nH]c2=O,2440.0,5.61261017366127,0,364.45300000000015
CN1CCCc2c1nc(N1CCN(Cc3ccccc3C(F)(F)F)CC1)[nH]c2=O,95700.0,4.019088062223156,0,407.4400000000001
CN1CCCc2c1nc(N1CCN(Cc3ccccc3Cl)CC1)[nH]c2=O,46700.0,4.330683119433888,0,373.8880000000001
CN1CCCc2c1nc(N1CCN(Cc3ccccc3F)CC1)[nH]c2=O,8800.0,5.055517327849832,0,357.4330000000001
CN1CCCc2c1nc(N1CCN(Cc3ccccn3)CC1)[nH]c2=O,10795.0,4.966777353329751,0,340.4310000000001
CN1CCCc2c1nc(N1CCN(Cc3cnccn3)CC1)[nH]c2=O,2650.0,5.576754126063192,0,341.4190000000001
CN1CCCc2c1nc(N1CCN(Cc3ncc(C(F)(F)F)cn3)CC1)[nH]c2=O,6910.0,5.1605219526258015,0,409.41600000000005
CN1CCCc2c1nc(N1CCN(Cc3ncc(Cl)cn3)CC1)[nH]c2=O,77600.0,4.110138278741812,0,375.8640000000001
CN1CCCc2c1nc(N1CCN(Cc3ncc(F)cc3F)CC1)[nH]c2=O,3530.0,5.452225294612178,0,376.4110000000001
CN1CCCc2c1nc(N1CCN(Cc3ncc(F)cn3)CC1)[nH]c2=O,7740.0,5.111259039317107,0,359.4090000000001
CN1CCCc2c1nc(N1CCN(Cc3nccc(C(F)(F)F)n3)CC1)[nH]c2=O,187.0,6.728158393463501,1,409.41600000000005
CN1CCCc2c1nc(N1CCN(Cc3nccc(Cl)n3)CC1)[nH]c2=O,4660.0,5.33161408331,0,375.8640000000001
CN1CCCc2c1nc(N1CCN(Cc3ncccc3Br)CC1)[nH]c2=O,2330.0,5.632644078973981,0,419.3270000000001
CN1CCCc2c1nc(N1CCN(Cc3ncccc3C#N)CC1)[nH]c2=O,2840.0,5.546681659952962,0,365.44100000000014
CN1CCCc2c1nc(N1CCN(Cc3ncccc3Cl)CC1)[nH]c2=O,919.0,6.036684488613889,1,374.87600000000015
CN1CCCc2c1nc(N1CCN(Cc3ncccc3F)CC1)[nH]c2=O,8240.0,5.084072788302884,0,358.4210000000001
CN1CCCc2c1nc(N1CCN(Cc3ncccc3O)CC1)[nH]c2=O,3020.0,5.519993057042849,0,356.4300000000001
CN1CCCc2c1nc(N1CCN(Cc3ncccn3)CC1)[nH]c2=O,3590.0,5.444905551421681,0,341.4190000000001
CN1CCCc2c1nc(N1CCN(Cc3nccnc3Cl)CC1)[nH]c2=O,6390.0,5.1944991418416,0,375.8640000000001
CN1CCN(C(=O)c2cc(Cc3c[nH]c(=O)c4cc(Cl)c(Cl)n34)ccc2F)CC1,41.0,7.3872161432802645,1,437.3020000000001
CN1CCN(C(=O)c2cc(Cc3n[nH]c(=O)c4ccccc34)ccc2F)CC1,13.0,7.886056647693163,1,380.4230000000001
CN1CCN(C(=O)c2cc(Cn3c(=O)[nH]c(=O)c4ccccc43)ccc2F)CC1=O,3.81,8.41907502432438,1,410.4050000000001
CN1CCN(C(=O)c2cc3[nH]c(=O)c4ccccc4c3n2C)CC1,119.0,6.924453038607469,1,324.3840000000001
CN1CCN(C(=O)c2cc3[nH]c(=O)c4ccccc4n3n2)CC1,300.0,6.522878745280337,1,311.3450000000001
CN1CCN(C(=O)c2cc3c(n2C)-c2ccccc2C(=O)NC3)CC1,10000.0,5.0,0,338.4110000000001
CN1CCN(C(=O)c2ccc(-c3cc4[nH]c(=O)c5ccccc5n4n3)cc2)CC1,1400.0,5.853871964321762,0,387.4430000000001
CN1CCN(C(=O)c2ccc3[nH]c(=O)c4c(c3c2)CCSC4)CC1,188.0,6.72584215073632,1,343.4520000000001
CN1CCN(C(=O)c2cccc(-c3cc4[nH]c(=O)c5ccccc5n4n3)c2)CC1,1000.0,6.0,1,387.4430000000001
CN1CCN(C(=O)c2cccc(-c3nc4cccc5c4n3CCNC5=O)c2)CC1,161.0,6.79317412396815,1,389.45900000000023
CN1CCN(C(=O)c2cccc(Cc3n[nH]c(=O)c4ccccc34)c2)CC1,88.0,7.055517327849832,1,362.4330000000001
CN1CCN(C(=O)c2cnn3c2[nH]c(=O)c2ccccc23)CC1,1000.0,6.0,1,311.3450000000001
CN1CCN(C2CCN(c3ccnc(Nc4ccc(-c5nc6c(C(N)=O)cccc6[nH]5)cc4)n3)CC2)CC1,105.0,6.978810700930062,1,511.63400000000036
CN1CCN(CC(=O)N2CCc3cccc4c3C2CNC4=O)CC1,97.0,7.013228265733755,1,328.4160000000001
CN1CCN(CC(=O)Nc2ccc3c(c2)-c2nc(O)c4ccccc4c2C3)CC1,3000.0,5.522878745280337,0,388.47100000000023
CN1CCN(CC(=O)c2ccc3[nH]c4c5c(c6c(c4c3c2)C(=O)NC6=O)CCC5)CC1,16.0,7.795880017344075,1,416.4810000000003
CN1CCN(CC2=Nc3cccc4c(=O)[nH]nc(c34)N2)CC1,35.0,7.455931955649724,1,298.3500000000001
CN1CCN(CCCS(=O)(=O)Nc2ccc(/C=C3\Oc4c(C(N)=O)cccc4C3=O)cc2)CC1,113.0,6.94692155651658,1,484.5780000000004
CN1CCN(CCOc2ccc(/C=C3\Oc4c(C(N)=O)cccc4C3=O)cc2)CC1,114.0,6.943095148663527,1,407.4700000000002
CN1CCN(CCS(=O)(=O)Nc2ccc(/C=C3\Oc4c(C(N)=O)cccc4C3=O)cc2)CC1,79.0,7.102372908709558,1,470.55100000000033
CN1CCN(Cc2ccc(-c3ccc4ccn(C(N)=O)c4n3)cc2)CC1,1560.0,5.806875401645538,0,349.4380000000001
CN1CCN(Cc2ccc(-n3cc4cccc(C(N)=O)c4n3)cc2)CC1,31.0,7.508638306165727,1,349.4380000000001
CN1CCN(Cc2ccc(C3Nc4cccc5c(=O)[nH]nc(c45)C3c3ccccc3)cc2)CC1,2.02,8.694648630553376,1,451.5740000000002
CN1CCN(Cc2ccc3c4c(c(=O)[nH]c3c2)CCCN4)CC1,1720.0,5.764471553092451,0,312.41700000000003
CN1CCN(c2ccc(-c3nc4ccc(F)cc4c(=O)[nH]3)cc2)CC1,370.0,6.431798275933005,1,338.3860000000001
CN1CCN(c2ccc(-c3nc4cncc5c4n3CCNC5=O)cc2)CC1,139.0,6.856985199745905,1,362.4370000000001
CN1CCN(c2ccc(/C=C3\Oc4c(C(N)=O)cccc4C3=O)cc2)CC1,50.0,7.301029995663981,1,363.41700000000014
CN1CCN(c2ccc3ccn(C(N)=O)c3n2)CC1,770.0,6.113509274827518,1,259.313
CN1CCN(c2ccc3nc(O)c4ccccc4c3n2)CC1,45.0,7.346787486224656,1,294.35800000000006
CN1CCN(c2nc3c(c(=O)[nH]2)CCCC3)CC1,3600.0,5.443697499232712,0,248.32999999999993
CN1CCN2C(=Nc3cccc4c(=O)[nH]nc2c34)C1,130.0,6.886056647693163,1,255.28099999999998
CN1CCc2cc(-c3ccc4c(Cl)cc(C(N)=O)n4n3)sc2C1,140.83,6.851304820714935,1,346.8430000000001
CN1CCc2cc(-c3nc4c(C(N)=O)cc(F)cc4[nH]3)sc2C1,22.0,7.657577319177793,1,330.38800000000003
CN1CCc2cc(-c3nc4c(C(N)=O)cccc4[nH]3)sc2C1,55.0,7.259637310505756,1,312.3980000000001
CN1CCc2sc(-c3ccc4c(Cl)cc(C(N)=O)n4n3)cc2C1,156.53,6.8054024147574905,1,346.84300000000013
CN1CCc2sc(-c3nc4c(C(N)=O)cc(F)cc4[nH]3)cc2C1,58.0,7.236572006437063,1,330.38800000000003
CN1CCc2sc(-c3nc4c(C(N)=O)cccc4[nH]3)cc2C1,123.0,6.910094888560602,1,312.3980000000001
CN1C[C@H]2C[C@@H]1CN2c1ccc2nc(O)c3ccccc3c2n1,51.0,7.292429823902063,1,306.3690000000001
CN1Cc2c(c3c(c4c2c2ccccc2n4C)CCC3)C1=O,10000.0,5.0,0,290.36600000000004
CN1N=C(c2ccc3[nH]c4c5c(c6c(c4c3c2)C(=O)NC6=O)CCC5)CCC1=O,12.0,7.920818753952375,1,386.41100000000023
CN1N=C2CC(C)(C)Cc3c2c2c(cccc2n3C)C1=O,667000.0,3.175874166083451,0,281.35900000000004
CNC(=N)c1ccc(N2CCN(C(=O)CCc3nc4ccccc4c(=O)[nH]3)CC2)nc1,30.0,7.522878745280337,1,419.48900000000015
CNC(=O)/C=C/C(=O)Nc1cccc(C(N)=O)c1,394.525,6.4039254714962865,1,247.254
CNC(=O)/C=C\C(=O)Nc1cccc(C(N)=O)c1,9736.185000000001,5.011611182547525,0,247.254
CNC(=O)c1ccc(C2=CCN(Cc3cnc4cc(C5CC5)c(=O)[nH]c4c3)CC2)cn1,5.5,8.259637310505756,1,415.4970000000002
CNC(=O)c1ccc(N2CCN(C(=O)CCc3nc4ccccc4c(=O)[nH]3)CC2)c(Cl)c1,16.0,7.795880017344075,1,453.9300000000002
CNC(=O)c1ccc(N2CCN(CCCc3cc4c(N)cc(F)cc4c(=O)[nH]3)CC2)cc1,0.8,9.096910013008056,1,437.5190000000001
CNC(=O)c1ccc(N2CCN(Cc3cc(C)c4c(c3)NC(=O)C(C)O4)CC2)c(C)c1,38.0,7.42021640338319,1,422.52900000000017
CNC(=O)c1ccc(N2CCN(Cc3cc(C)c4c(c3)NC(=O)C(C)O4)CC2)c(Cl)c1,49.0,7.309803919971486,1,442.9470000000001
CNC(=O)c1ccc(N2CCN(Cc3cc(C)c4c(c3)NC(=O)C(C)O4)CC2)cc1,17.0,7.769551078621726,1,408.5020000000001
CNC(=O)c1ccc(N2CCN(Cc3cc(C)c4c5c(c(=O)[nH]c4c3)CCCN5)CC2)c(C)c1,52.4,7.280668713016273,1,459.5940000000003
CNC(=O)c1ccc(N2CCN(Cc3cc(C)c4c5c(c(=O)[nH]c4c3)CCCN5)CC2)c(Cl)c1,25.8,7.58838029403677,1,480.0120000000003
CNC(=O)c1ccc(N2CCN(Cc3cc(C)c4c5c(c(=O)[nH]c4c3)CCCN5)CC2)cc1F,27.8,7.555955204081924,1,463.55700000000024
CNC(=O)c1ccc(N2CCN(Cc3cc(C)c4c5c(c(=O)[nH]c4c3)CCCN5)CC2)nc1,18.3,7.73754891026957,1,446.55500000000023
CNC(=O)c1ccc(N2CCN(Cc3cc(F)c4c(c3)[nH]c(=O)n3cccc43)CC2)c(F)n1,0.43,9.366531544420413,1,452.46500000000015
CNC(=O)c1ccc(N2CCN(Cc3cc(F)c4nc(C)c(=O)[nH]c4c3)CC2)c(Cl)n1,5.0,8.301029995663981,1,444.8980000000002
CNC(=O)c1ccc(N2CCN(Cc3cc(F)c4nc(C)c(=O)[nH]c4c3)CC2)c(F)n1,5.0,8.301029995663981,1,428.44300000000015
CNC(=O)c1ccc(N2CCN(Cc3cc4[nH]c(=O)c(CC(F)F)cc4cn3)CC2)c(F)n1,3.0,8.522878745280337,1,460.46000000000015
CNC(=O)c1ccc(N2CCN(Cc3cc4[nH]c(=O)c(CCF)cc4cn3)CC2)cn1,2.0,8.698970004336019,1,424.4800000000002
CNC(=O)c1ccc(N2CCN(Cc3cc4c(c(OC)c3)OC(C)C(=O)N4)CC2)c(C)c1,36.0,7.443697499232712,1,438.5280000000002
CNC(=O)c1ccc(N2CCN(Cc3cc4c(c(OC)c3)OC(C)C(=O)N4)CC2)cc1,29.0,7.5376020021010435,1,424.50100000000015
CNC(=O)c1ccc(N2CCN(Cc3ccc4c(c3)NC(=O)C(C)O4)CC2)cc1,29.0,7.5376020021010435,1,394.47500000000014
CNC(=O)c1ccc(N2CCN(Cc3ccc4c(c3)[nH]c(=O)c3ccoc34)CC2)cn1,6.6,8.18045606445813,1,417.46900000000016
CNC(=O)c1ccc(N2CCN(Cc3ccc4c(c3)[nH]c(=O)n3cccc43)CC2)c(C)n1,0.43,9.366531544420413,1,430.51200000000017
CNC(=O)c1ccc(N2CCN(Cc3ccc4c(c3)[nH]c(=O)n3cccc43)CC2)c(F)n1,0.43,9.366531544420413,1,434.47500000000014
CNC(=O)c1ccc(N2CCN(Cc3ccc4c(c3)[nH]c(=O)n3nccc43)CC2)c(C)n1,0.6,9.221848749616356,1,431.50000000000017
CNC(=O)c1ccc(N2CCN(Cc3ccc4c5c(c(=O)[nH]c4c3)CCC5)CC2)cn1,31.0,7.508638306165727,1,417.5130000000002
CNC(=O)c1ccc(N2CCN(Cc3ccc4c5c(c(=O)[nH]c4c3)CCCN5)CC2)c(Br)c1,9.73,8.011887159731648,1,510.4360000000002
CNC(=O)c1ccc(N2CCN(Cc3ccc4c5c(c(=O)[nH]c4c3)CCCN5)CC2)c(Cl)c1,7.9,8.102372908709558,1,465.98500000000024
CNC(=O)c1ccc(N2CCN(Cc3ccc4c5c(c(=O)[nH]c4c3)CCCN5)CC2)c(F)c1,5.51,8.258848401148216,1,449.5300000000002
CNC(=O)c1ccc(N2CCN(Cc3ccc4c5c(c(=O)[nH]c4c3)CCCN5)CC2)cc1Cl,22.3,7.651695136951839,1,465.98500000000024
CNC(=O)c1ccc(N2CCN(Cc3ccc4c5c(c(=O)[nH]c4c3)CCCN5)CC2)cc1F,10.9,7.962573502059376,1,449.5300000000002
CNC(=O)c1ccc(N2CCN(Cc3ccc4c5c(c(=O)[nH]c4c3)CCCN5)CC2)nc1,8.59,8.066006836168757,1,432.5280000000002
CNC(=O)c1ccc(N2CCN(Cc3ccc4c5c(c(=O)[nH]c4c3)CCO5)CC2)cn1,7.0,8.154901959985743,1,419.4850000000002
CNC(=O)c1ccc(N2CCN(Cc3ccc4cc(C)c(=O)[nH]c4c3F)CC2)c(F)n1,4.0,8.397940008672037,1,427.45500000000015
CNC(=O)c1ccc(N2CCN(Cc3ccc4nc(C(C)(F)F)c(=O)[nH]c4c3)CC2)cn1,6.0,8.221848749616356,1,442.47000000000014
CNC(=O)c1ccc(N2CCN(Cc3ccc4nc(C(F)(F)F)c(=O)[nH]c4c3)CC2)c(Cl)n1,7.0,8.154901959985743,1,480.8780000000001
CNC(=O)c1ccc(N2CCN(Cc3ccc4nc(C(F)(F)F)c(=O)[nH]c4c3)CC2)c(F)n1,7.0,8.154901959985743,1,464.4230000000001
CNC(=O)c1ccc(N2CCN(Cc3ccc4nc(C(F)(F)F)c(=O)[nH]c4c3)CC2)cn1,11.0,7.958607314841775,1,446.4330000000001
CNC(=O)c1ccc(N2CCN(Cc3ccc4nc(C)c(=O)[nH]c4c3F)CC2)c(F)n1,5.0,8.301029995663981,1,428.44300000000015
CNC(=O)c1ccc(N2CCN(Cc3ccc4nc(CC(F)(F)F)c(=O)[nH]c4c3)CC2)c(F)n1,6.0,8.221848749616356,1,478.45000000000016
CNC(=O)c1ccc(N2CCN(Cc3ccc4nc(CC(F)(F)F)c(=O)[nH]c4c3)CC2)cn1,7.0,8.154901959985743,1,460.46000000000015
CNC(=O)c1ccc(N2CCN(Cc3ccc4nc(CC(F)F)c(=O)[nH]c4c3)CC2)c(F)n1,3.0,8.522878745280337,1,460.46000000000015
CNC(=O)c1ccc(N2CCN(Cc3ccc4nc(CC(F)F)c(=O)[nH]c4c3)CC2)cn1,4.0,8.397940008672037,1,442.47000000000014
CNC(=O)c1ccc(N2CCN(Cc3ccc4nc(CCF)c(=O)[nH]c4c3)CC2)c(F)n1,5.0,8.301029995663981,1,442.4700000000002
CNC(=O)c1ccc(N2CCN(Cc3ccc4nc(CCF)c(=O)[nH]c4c3)CC2)cn1,2.0,8.698970004336019,1,424.4800000000002
CNC(=O)c1ccc(N2CCN(Cc3cnc4c(C)c(C)c(=O)[nH]c4c3)CC2)cn1,6.6,8.18045606445813,1,406.4900000000001
CNC(=O)c1ccc(N2CCN(Cc3cnc4c(c3)[nH]c(=O)c3ccoc34)CC2)cn1,15.0,7.823908740944319,1,418.45700000000016
CNC(=O)c1ccc(N2CCN(Cc3cnc4c5c(c(=O)[nH]c4c3)CCC5)CC2)cn1,8.4,8.075720713938118,1,418.5010000000002
CNC(=O)c1ccc(N2CCN(Cc3cnc4cc(C)c(=O)[nH]c4c3)CC2)c(C#N)c1,6.4,8.193820026016112,1,416.4850000000002
CNC(=O)c1ccc(N2CCN(Cc3cnc4cc(C)c(=O)[nH]c4c3)CC2)c(C#N)n1,12.0,7.920818753952375,1,417.4730000000002
CNC(=O)c1ccc(N2CCN(Cc3cnc4cc(C)c(=O)[nH]c4c3)CC2)cn1,7.3,8.136677139879543,1,392.46300000000014
CNC(=O)c1ccc(N2CCN(Cc3cnc4cc(C)c(=O)[nH]c4c3)C[C@H]2C)c(C#N)n1,7.4,8.130768280269024,1,431.50000000000017
CNC(=O)c1ccc(N2CCN(Cc3cnc4cc(C)c(=O)[nH]c4c3)[C@H]3C[C@H]32)c(C#N)n1,5.3,8.275724130399212,1,429.48400000000015
CNC(=O)c1ccc(N2CCN(Cc3cnc4cc(C)c(=O)[nH]c4c3)[C@H]3C[C@H]32)cn1,5.1,8.292429823902063,1,404.4740000000001
CNC(=O)c1ccc(N2CCN(Cc3cnc4cc(C5CC5)c(=O)[nH]c4c3)CC2)c(C#N)n1,4.7,8.327902142064282,1,443.51100000000025
CNC(=O)c1ccc(N2CCN(Cc3cnc4cc(C5CC5)c(=O)[nH]c4c3)CC2)cn1,6.55,8.183758700008218,1,418.5010000000002
CNC(=O)c1ccc(N2CCN(Cc3cnc4cc(C5CC5)c(=O)[nH]c4c3)C[C@H]2C)cn1,6.6,8.18045606445813,1,432.5280000000002
CNC(=O)c1ccc(N2CCN(Cc3cnc4cc(C5CC5)c(=O)[nH]c4c3)[C@H]3C[C@H]32)cn1,5.35,8.271646217978772,1,430.51200000000017
CNC(=O)c1ccc(N2CCN(Cc3cnc4cc(C5CCC5)c(=O)[nH]c4c3)CC2)cn1,4.0,8.397940008672037,1,432.52800000000025
CNC(=O)c1ccc(N2CCN(Cc3cnc4cc(Cl)c(=O)[nH]c4c3)CC2)cn1,6.2,8.207608310501746,1,412.88100000000014
CNC(=O)c1ccc(N2CCN([C@@H](C)c3cnc4cc(C)c(=O)[nH]c4c3)CC2)cn1,7.1,8.148741651280925,1,406.4900000000002
CNC(=O)c1ccc(N2CCN([C@@H](C)c3cnc4cc(C)c(=O)[nH]c4c3)C[C@H]2C)cn1,6.6,8.18045606445813,1,420.51700000000017
CNC(=O)c1ccc(N2CCN([C@H](C)c3cnc4cc(C)c(=O)[nH]c4c3)CC2)cn1,100.0,7.0,1,406.4900000000002
CNC(=O)c1ccc(N2CCN([C@H](C)c3cnc4cc(C)c(=O)[nH]c4c3)C[C@H]2C)cn1,7.3,8.136677139879543,1,420.51700000000017
CNC(=O)c1ccc(N2CCN(c3nc4c(C(N)=O)cc(F)cc4[nH]3)CC2)nc1,45.0,7.346787486224656,1,397.4140000000001
CNC(=O)c1ccc(N2CCN(c3nc4c(C(N)=O)cc(F)cc4[nH]3)CC2)nn1,12.0,7.920818753952375,1,398.4020000000001
CNC(=O)c1ccc(N2CCN(c3nc4c(C(N)=O)cccc4[nH]3)CC2)nc1,25.0,7.6020599913279625,1,379.4240000000001
CNC(=O)c1ccc2c(c1F)OC[C@@H]1CN(Cc3cnc4cc(C)c(=O)[nH]c4c3)CCN21,12.0,7.920818753952375,1,437.47500000000014
CNC(=O)c1ccc2c(n1)OC[C@@H]1CN(Cc3cnc4cc(C)c(=O)[nH]c4c3)CCN21,8.4,8.075720713938118,1,420.4730000000002
CNC(=O)c1ccc2c(n1)OC[C@@H]1CN(Cc3cnc4cc(C5CC5)c(=O)[nH]c4c3)CCN21,7.0,8.154901959985743,1,446.51100000000025
CNC(=O)c1cnc(N2CCN(c3nc4c(C(N)=O)cc(F)cc4[nH]3)CC2)cn1,7.0,8.154901959985743,1,398.4020000000001
CNC(=O)c1cnc(N2CCN(c3nc4c(C(N)=O)cc(F)cc4[nH]3)CC2)nc1,10.0,8.0,1,398.4020000000001
CNC(=O)c1ncc(N2CCN(Cc3cnc4cc(C5CC5)c(=O)[nH]c4c3)CC2)cc1F,3.6,8.443697499232712,1,436.4910000000002
CNC(=O)c1ncc(N2CCN(Cc3cnc4cc(C5CC5)c(=O)[nH]c4c3)[C@H]3C[C@H]32)cc1F,4.2,8.3767507096021,1,448.5020000000002
CNC(=O)c1ncc(N2CCN(c3nc4c(C(N)=O)cc(F)cc4[nH]3)CC2)cn1,9.0,8.045757490560675,1,398.4020000000001
CNC(C)(C)C(=O)N1CCN(C(=O)c2cc(Cc3c[nH]c(=O)c4cc(Cl)c(Cl)n34)ccc2F)CC1,2.05,8.688246138944246,1,522.4080000000001
CNC(C)(C)C(=O)N1CCN(C(=O)c2cc(Cc3n[nH]c(=O)c(C)c3C)ccc2F)CC1,3.7,8.431798275933005,1,443.5230000000002
CNC(C)(C)c1ccc(-n2cc3cccc(C(N)=O)c3n2)cc1,16.0,7.795880017344075,1,308.38500000000005
CNC(C)c1ccc(-n2cc3cccc(C(N)=O)c3n2)cc1,3.7,8.431798275933005,1,294.358
CNC(C)c1ccc2c3c(c(=O)[nH]c2c1)CCCN3,100.0,7.0,1,257.33699999999993
CNC1(C(=O)N2CCN(C(=O)c3cc(Cc4n[nH]c(=O)c(C)c4C)ccc3F)CC2)CC1,3.6,8.443697499232712,1,441.50700000000035
CNC1(C(=O)N2CCN(C(=O)c3cc(Cc4n[nH]c(=O)c(C)c4C)ccc3F)CC2)CCCC1,2.7,8.568636235841012,1,469.56100000000043
CNC1CCN(C(=O)c2cc(Cc3c[nH]c(=O)c4cc(Cl)c(Cl)n34)ccc2F)CC1,2.3,8.638272163982407,1,451.32900000000024
CNCC(F)(F)c1ccc(-c2nnc3n2CCN(C(=O)c2cc(Cc4n[nH]c(=O)c5ccccc45)ccc2F)C3)o1,8.15,8.088842391260023,1,563.5400000000003
CNCCc1ccc(-n2cc3cccc(C(N)=O)c3n2)cc1,200.0,6.698970004336019,1,294.358
CNCCn1c2c3c4c(cccc41)C(=O)NN=C3CC(C)(C)C2,7.0,8.154901959985743,1,310.40100000000007
CNCc1cc(OC)c2c3c(c(=O)[nH]c2c1)CCCN3,100.0,7.0,1,273.33599999999996
CNCc1ccc(-c2[nH]c3cc(F)cc4c3c2C(=O)NNC4=O)cc1,6.643,8.177635747558451,1,338.342
CNCc1ccc(-c2[nH]c3cc(F)cc4c3c2CCNC4=O)cc1,49.44370769230769,7.305888969757141,1,323.371
CNCc1ccc(-c2[nH]c3cccc4c3c2C(=O)NNC4=O)cc1,2697.0,5.569119053547109,0,320.35200000000003
CNCc1ccc(-c2cc3cc(F)cc(C(N)=O)c3o2)cc1,19.867500000000003,7.701856778311069,1,298.317
CNCc1ccc(-c2ccc3c(Cl)cc(C(N)=O)n3n2)cc1,248.69,6.604341677665867,1,314.776
CNCc1ccc(-c2nc3c(C(N)=O)cc(F)cc3[nH]2)s1,42.0,7.376750709602099,1,304.34999999999997
CNCc1ccc(-c2nc3cncc4c3n2CCNC4=O)cc1,13.0,7.886056647693163,1,307.357
CNCc1ccc(-c2nnc3n2CCN(C(=O)c2cc(Cc4n[nH]c(=O)c5ccccc45)ccc2F)C3)o1,0.86,9.065501548756432,1,513.5330000000002
CNCc1ccc(-n2cc3c(Cl)ccc(C(N)=O)c3n2)cc1,180.0,6.7447274948966935,1,314.776
CNCc1ccc(-n2cc3c(F)c(F)cc(C(N)=O)c3n2)cc1,25.0,7.6020599913279625,1,316.311
CNCc1ccc(-n2cc3c(F)ccc(C(N)=O)c3n2)cc1,8.0,8.096910013008056,1,298.32099999999997
CNCc1ccc(-n2cc3c(O)ccc(C(N)=O)c3n2)cc1,540.0,6.267606240177032,1,296.33
CNCc1ccc(-n2cc3c(OC)ccc(C(N)=O)c3n2)cc1,1000.0,6.0,1,310.357
CNCc1ccc(-n2cc3cc(Cl)cc(C(N)=O)c3n2)cc1,5.0,8.301029995663981,1,314.776
CNCc1ccc(-n2cc3cc(F)cc(C(N)=O)c3n2)c(F)c1,6.0,8.221848749616356,1,316.311
CNCc1ccc(-n2cc3cc(F)cc(C(N)=O)c3n2)cc1,1.4,8.853871964321762,1,298.32099999999997
CNCc1ccc(-n2cc3cc(F)cc(C(N)=O)c3n2)cc1F,2.0,8.698970004336019,1,316.311
CNCc1ccc(-n2cc3ccc(F)c(C(N)=O)c3n2)cc1,20.0,7.698970004336019,1,298.32099999999997
CNCc1ccc(-n2cc3cccc(C(N)=O)c3n2)cc1,4.2,8.3767507096021,1,280.33099999999996
CNCc1ccc(-n2cc3cccc(C(N)=O)c3n2)cc1C(F)(F)F,5.0,8.301029995663981,1,348.328
CNCc1ccc(-n2cc3cccc(C(N)=O)c3n2)cc1F,4.0,8.397940008672037,1,298.32099999999997
CNCc1ccc(-n2cc3cccc(C(N)=O)c3n2)cc1O,12.0,7.920818753952375,1,296.33
CNCc1ccc(-n2cc3cccc(C(N)=O)c3n2)cc1OC,4.0,8.397940008672037,1,310.357
CNCc1ccc(-n2nc3c(C(N)=O)cccc3c2Cl)cc1,20.0,7.698970004336019,1,314.77599999999995
CNCc1ccc2c3c(c(=O)[nH]c2c1)CCCN3,70.0,7.154901959985743,1,243.30999999999995
CNCc1cccc(-n2cc3cccc(C(N)=O)c3n2)c1,5.3,8.275724130399212,1,280.33099999999996
CNc1nc(-c2ccc3[nH]c4c5c(c6c(c4c3c2)C(=O)NC6=O)CCC5)cs1,54.0,7.267606240177032,1,388.4520000000001
CNc1nc2ccc(S(=O)(=O)NC3(C)CC3)cc2n(C)c1=O,150000.0,3.8239087409443187,0,322.39000000000004
COC(=O)/C=C\C(=O)Nc1cccc(C(N)=O)c1,4382.58,5.358270147512218,0,248.238
COC(=O)C1CCN(Cc2c(O)cc(O)c3c(=O)cc(-c4ccc(O)cc4)oc23)CC1,97.6,7.010550182333308,1,425.43700000000024
COC(=O)CN1CCN(C(=O)c2cc(Cn3c(=O)[nH]c(=O)c4ccccc43)ccc2F)CC1=O,8.88,8.051587034221399,1,468.4410000000002
COC(=O)[C@@H]1CCCN1CC(=O)c1ccc2[nH]c3c4c(c5c(c3c2c1)C(=O)NC5=O)CCC4,12.0,7.920818753952375,1,445.47500000000036
COC(=O)[C@H](Cc1ccccc1)NC(=O)CCc1nc2ccccc2c(=O)[nH]1,2500.0,5.6020599913279625,0,379.41600000000005
COC(=O)c1ccc(C(=O)C2CCN(C(=O)CC(C)(C)Cc3nc4c(C)cccc4c(=O)[nH]3)CC2)cc1C,3200.0,5.494850021680094,0,517.6260000000003
COC(=O)c1ccc2[nH]c3c4c(c5c(c3c2c1)CNC5=O)CCC4,59.0,7.229147988357855,1,320.3480000000001
COC(=O)c1ccc2c(c1)[nH]c(=O)c1ccncc12,800.0,6.096910013008056,1,254.245
COC(=O)c1ccc2c(c1)nc(O)c1cc(F)ccc12,37.0,7.431798275933005,1,271.247
COC(=O)c1ccc2c(c1)nc(O)c1ccccc12,184.0,6.735182176990463,1,253.257
COC(=O)c1cccc(C(=O)C2CCN(C(=O)CC(C)(C)Cc3nc4c(C)cccc4c(=O)[nH]3)CC2)c1,7200.0,5.142667503568732,0,503.59900000000033
COC(=O)c1cccc(C(=O)C2CCN(C(=O)C[C@@H](C)Cc3nc4c(C)cccc4c(=O)[nH]3)CC2)c1,790.0,6.102372908709558,1,489.5720000000003
COC(=O)c1cccc(C(=O)C2CCN(C(=O)C[C@H](C)Cc3nc4c(C)cccc4c(=O)[nH]3)CC2)c1,1100.0,5.958607314841775,0,489.5720000000003
COC(=O)c1cccc2nc(CCNC(=O)c3ccc(/C=C4\Oc5c(C(N)=O)cccc5C4=O)cc3)[nH]c12,97.86,7.00939478857608,1,510.50600000000026
COC(=O)c1cnc(N2CCN(C(=O)c3ccc(/C=C4\Oc5c(C(N)=O)cccc5C4=O)cc3)CC2)nc1,50.0,7.301029995663981,1,513.5100000000003
COC(=O)c1nc(C(F)(F)F)n2c1CN(C(=O)c1cc(Cc3n[nH]c(=O)c4ccccc34)ccc1F)CC2,52.0,7.2839966563652006,1,529.45
COC(CC(=O)O)C(=O)Nc1cccc(C(N)=O)c1,7356.55,5.133325808928825,0,266.253
COC1CC(NC(=O)c2cc(Cc3n[nH]c(=O)c4ccccc34)ccc2F)C1,43.8,7.3585258894959,1,381.4070000000001
COC1CCCN(C(=O)c2cc(Cc3n[nH]c(=O)c4ccccc34)ccc2F)CC1,4.7,8.327902142064282,1,409.4610000000002
COC1CCN(C(=O)c2cc(Cc3n[nH]c(=O)c4ccccc34)ccc2F)C1,4.2,8.3767507096021,1,381.4070000000001
COC1CCN(C(=O)c2cc(Cc3n[nH]c(=O)c4ccccc34)ccc2F)CC1,2.875,8.54136215097435,1,395.43400000000014
COC1CCN(C(=O)c2ccc(-c3ccc4c(Cl)cc(C(N)=O)n4n3)c(F)c2)C1,660.67,6.180015413382786,1,416.8400000000002
COC1CCN(C(=O)c2ccc(-c3ccc4c(Cl)cc(C(N)=O)n4n3)c(F)c2)CC1,114.09,6.942752419868755,1,430.86700000000025
COC1CCN(C(=O)c2ccc(-c3ccc4c(Cl)cc(C(N)=O)n4n3)cc2)C1,361.84,6.441483425262137,1,398.8500000000002
COC1CCN(C(=O)c2ccc(-c3ccc4c(Cl)cc(C(N)=O)n4n3)cc2)CC1,3512.86,5.45433915804715,0,412.87700000000024
COC1CN(C(=O)c2cc(Cc3n[nH]c(=O)c4ccccc34)ccc2F)C(C)c2nnc(C(F)(F)F)n21,50.0,7.301029995663981,1,516.455
COC1CN(C(=O)c2cc(Cc3n[nH]c(=O)c4ccccc34)ccc2F)C1,8.2,8.086186147616283,1,367.38000000000005
COC1CN(C(=O)c2cc(Cc3n[nH]c(=O)c4ccccc34)ccc2F)Cc2nnc(C(F)(F)F)n21,51.985,7.2841219516919065,1,502.4280000000001
COCCCN1Cc2cccc(C(N)=O)c2C1=O,5300.0,5.275724130399211,0,248.28199999999998
COCCN(C)Cc1cc(OC)c2c3c(c(=O)[nH]c2c1)CCCN3,110.0,6.958607314841775,1,331.4160000000001
COCCN(C)Cc1ccc2c3c(c(=O)[nH]c2c1)CCCN3,120.0,6.920818753952375,1,301.3900000000001
COCCN(Cc1nc2c(c(=O)[nH]1)COCC2)C(=O)CN1CCC(C(=O)c2ccc(OC)cc2)CC1,19000.0,4.721246399047171,0,498.5800000000004
COCCN1CCC(Oc2ccc3[nH]c(=O)c4c(c3c2)CCSC4)CC1,40.0,7.3979400086720375,1,374.50600000000026
COCCN1CCN(C(=O)c2cc(Cn3c(=O)[nH]c(=O)c4ccccc43)ccc2F)CC1=O,4.86,8.313363730737706,1,454.4580000000002
COCCN1CCN(Cc2ccc3c(c2)-c2n[nH]c(=O)c4cccc(c24)O3)CC1,20.0,7.698970004336019,1,392.45900000000023
COCCOC(C)(C)c1ccc(-c2nc3ccc(F)cc3c(=O)[nH]2)cc1,5700.0,5.2441251443275085,0,356.3970000000001
COCCOc1cc(CN(C)C)cc2[nH]c(=O)c3c(c12)NCCC3,180.0,6.7447274948966935,1,331.4160000000001
COCCOc1cc(CN2CCOCC2)cc2[nH]c(=O)c3c(c12)NCCC3,610.0,6.214670164989233,1,373.45300000000015
COCCOc1ccc(C(=O)C2CCN(CC(=O)NCc3nc4c(c(=O)[nH]3)COCC4)CC2)cc1,6800.0,5.167491087293763,0,484.55300000000034
COCCOc1ccc2[nH]c(=O)c3c(c2c1)NCCC3,1520.0,5.818156412055227,0,274.32000000000005
COC[C@H](NC(=O)c1cc(Cc2n[nH]c(=O)c(C)c2C)ccc1F)C(=O)N[C@@H](CC(C)C)B1O[C@@H]2C[C@@H]3C[C@@H](C3(C)C)[C@]2(C)O1,1000.0,6.0,1,624.5630000000001
COC[C@H](NC(=O)c1cc(Cc2n[nH]c(=O)c3ccccc23)ccc1F)C(=O)N[C@@H](CC(C)C)B1O[C@@H]2C[C@@H]3C[C@@H](C3(C)C)[C@]2(C)O1,247.0,6.607303046740334,1,646.569
COCc1ccc(N2CCN(Cc3ccc4c5c(c(=O)[nH]c4c3)CCCN5)CC2)nc1,4.5,8.346787486224656,1,419.5290000000002
COCc1nc(-c2ccnc(N3CCN(C(=O)c4ccc(/C=C5\Oc6c(C(N)=O)cccc6C5=O)cc4)CC3)n2)no1,50.0,7.301029995663981,1,567.5620000000001
COCn1c(=O)c2c(c3cc(CCN(C)C)ccc31)NCCC2,1070.0,5.97061622231479,0,315.4170000000001
CON=C1CCN(Cc2cc(OC)c3c4c(c(=O)[nH]c3c2)CCCN4)CC1,140.0,6.853871964321762,1,370.4530000000002
CONC1=C(C#N)Oc2[nH]c(=O)[nH]c(=O)c2C1c1cccs1,114950.0,3.939491024394702,0,318.314
COc1c(Br)cc(Br)cc1/C=C/c1nnc(-c2cc(C)cc3c(=O)c4ccccc4c(=O)[nH]c23)o1,939.0,6.027334407733889,1,595.2470000000002
COc1c(Br)cc(Br)cc1/C=C/c1nnc(-c2cccc3c(=O)c4ccccc4c(=O)[nH]c23)o1,25.0,7.6020599913279625,1,581.2200000000003
COc1c(Cl)c(O)c(Cl)c(C)c1-c1cc(O)c(Cl)c2cc3c(c(O)c12)C(=O)c1c(O)c(Cl)c(O)c(Cl)c1C3(C)C,1820.0,5.739928612014925,0,644.7180000000001
COc1cc(-c2cc3[nH]c(=O)c4ccccc4n3n2)cc(OC)c1OC,30.0,7.522878745280337,1,351.36200000000014
COc1cc(-c2ccc(-c3nc4c(C(N)=O)cc(F)cc4[nH]3)c(F)c2)ccc1NC(=O)C1CC1,980.0,6.008773924307505,1,462.4560000000002
COc1cc(-c2ccc(-c3nc4c(C(N)=O)cc(F)cc4[nH]3)cc2)ccc1NC(=O)C1CC1,5960.0,5.2247537402597635,0,444.4660000000002
COc1cc(-c2nc3c(C(N)=O)cccc3[nH]2)cc(Br)c1OC(=O)C(C)(C)C,33.2,7.478861916295964,1,446.3010000000002
COc1cc(-c2nc3c(C(N)=O)cccc3[nH]2)cc(Br)c1OS(=O)(=O)c1c(C)cc(C)cc1C,33.73,7.471983658810799,1,544.4270000000002
COc1cc(-c2nc3c(C(N)=O)cccc3[nH]2)cc(Br)c1OS(=O)(=O)c1ccccc1C,10.43,7.981715691573469,1,516.3730000000002
COc1cc(-c2nc3c(C(N)=O)cccc3[nH]2)ccc1N(C)c1ncc2c(n1)N(C1CCCC1)[C@H](C)C(=O)N2C,25.0,7.6020599913279625,1,540.6280000000004
COc1cc(-c2nc3c(C(N)=O)cccc3[nH]2)ccc1Nc1ncc2c(n1)N(C1CCCC1)[C@H](C)C(=O)N2C,127.0,6.896196279044043,1,526.6010000000003
COc1cc(-c2nn[nH]n2)ccc1/C=C1\Oc2c(C(N)=O)cccc2C1=O,46.885000000000005,7.328966079655959,1,363.33300000000014
COc1cc(-c2nnc3n2C(C)CN(C(=O)c2cc(Cc4n[nH]c(=O)c5ccccc45)ccc2F)C3)cc(OC)c1OC,20.0,7.698970004336019,1,584.6080000000002
COc1cc(/C=C/C(=O)Nc2nc(-c3ccccc3)cs2)cc(OC)c1,4533.0,5.3436142809413125,0,366.44200000000006
COc1cc(/C=C/C(=O)Nc2nc3c(s2)CCCC3)cc(OC)c1,9332.0,5.030025269878285,0,344.4360000000001
COc1cc(/C=C2\Oc3c(C(N)=O)cccc3C2=O)ccc1O,3620.0,5.441291429466834,0,311.293
COc1cc(/C=N/NC(=S)NCCCN2CCOCC2)c(Br)c(Br)c1OC,186000.0,3.7304870557820835,0,524.2790000000001
COc1cc(/C=N/NC(N)=S)c(Br)c(Br)c1O,254000.0,3.595166283380062,0,383.065
COc1cc(/C=N/NC(N)=S)c(Br)c(Br)c1OC,9857.476666666667,5.006234242258787,0,397.09200000000004
COc1cc(C#N)ccc1N1CCN(Cc2cc(F)c3c4c(c(=O)[nH]c3c2)CCCN4)CC1,11.8,7.928117992693875,1,447.5140000000003
COc1cc(C#N)ccc1N1CCN(Cc2ccc3c4c(c(=O)[nH]c3c2)CCCN4)CC1,7.47,8.126679398184601,1,429.5240000000003
COc1cc(C(=O)N2CCCN(C(=O)c3cccc(Cc4nnc(O)c5ccccc45)c3)CC2)cc(Cl)n1,9.0,8.045757490560675,1,532.0000000000002
COc1cc(CN(C)C(C)C)cc2[nH]c(=O)c3c(c12)NCCC3,140.0,6.853871964321762,1,315.41700000000014
COc1cc(CN(C)C)cc2[nH]c(=O)c3c(c12)NCCC3,80.0,7.096910013008056,1,287.3630000000001
COc1cc(CN(C)C2CCCC2)cc2[nH]c(=O)c3c(c12)NCCC3,190.0,6.721246399047171,1,341.45500000000015
COc1cc(CN(C)C2CCOCC2)cc2[nH]c(=O)c3c(c12)NCCC3,410.0,6.3872161432802645,1,357.4540000000002
COc1cc(CN(C)CCCl)cc2[nH]c(=O)c3c(c12)NCCC3,180.0,6.7447274948966935,1,335.83500000000015
COc1cc(CN(C)CCF)cc2[nH]c(=O)c3c(c12)NCCC3,170.0,6.769551078621726,1,319.3800000000001
COc1cc(CN(C)CCOC(C)C)cc2[nH]c(=O)c3c(c12)NCCC3,320.0,6.494850021680094,1,359.4700000000002
COc1cc(CN(C)N2CCOCC2)cc2[nH]c(=O)c3c(c12)NCCC3,900.0,6.045757490560675,1,358.4420000000002
COc1cc(CN)cc2[nH]c(=O)c3c(c12)NCCC3,70.0,7.154901959985743,1,259.309
COc1cc(CN2CC(C)OC(C)C2)cc2[nH]c(=O)c3c(c12)NCCC3,780.0,6.107905397309519,1,357.4540000000002
COc1cc(CN2CC=CC2)cc2[nH]c(=O)c3c(c12)NCCC3,60.0,7.221848749616356,1,311.3850000000001
COc1cc(CN2CCC(=O)CC2)cc2[nH]c(=O)c3c(c12)NCCC3,110.0,6.958607314841775,1,341.4110000000002
COc1cc(CN2CCC(N3CCOCC3)CC2)cc2[nH]c(=O)c3c(c12)NCCC3,140.0,6.853871964321762,1,412.53400000000016
COc1cc(CN2CCC(N=O)CC2)cc2[nH]c(=O)c3c(c12)NCCC3,180.0,6.7447274948966935,1,356.4260000000002
COc1cc(CN2CCCC2)cc2[nH]c(=O)c3c(c12)NCCC3,50.0,7.301029995663981,1,313.4010000000001
COc1cc(CN2CCCCC2)cc2[nH]c(=O)c3c(c12)NCCC3,150.0,6.823908740944319,1,327.4280000000001
COc1cc(CN2CCN(Cc3c(O)cc(O)c4c(=O)cc(-c5ccc(O)cc5)oc34)CC2)cc(OC)c1,27.2,7.565431095965801,1,518.5660000000004
COc1cc(CN2CCN(c3ccc(C(=O)NC4CC4)cc3)CC2)cc2c1OC(C)C(=O)N2,30.0,7.522878745280337,1,450.5390000000003
COc1cc(CN2CCN(c3ccc(C(=O)NC4CC4)cc3C)CC2)cc2c1OC(C)C(=O)N2,147.0,6.8326826652518236,1,464.5660000000004
COc1cc(CN2CCN(c3ccc(F)cc3)CC2)cc2[nH]c(=O)c3c(c12)NCCC3,13.7,7.863279432843593,1,422.5040000000003
COc1cc(CN2CCOCC2)cc2[nH]c(=O)c3c(c12)NCCC3,230.0,6.638272163982407,1,329.40000000000015
COc1cc(CN2CCSCC2)cc2[nH]c(=O)c3c(c12)NCCC3,90.0,7.045757490560675,1,345.4680000000002
COc1cc(CNC(C)(C)C)cc2[nH]c(=O)c3c(c12)NCCC3,610.0,6.214670164989233,1,315.41700000000014
COc1cc(CNC(C)C)cc2[nH]c(=O)c3c(c12)NCCC3,110.0,6.958607314841775,1,301.3900000000001
COc1cc(CNC2CCCC2)cc2[nH]c(=O)c3c(c12)NCCC3,270.0,6.568636235841013,1,327.4280000000001
COc1cc(CNCCN2CCOCC2)cc2[nH]c(=O)c3c(c12)NCCC3,70.0,7.154901959985743,1,372.46900000000016
COc1cc(CNN2CCOCC2)cc2[nH]c(=O)c3c(c12)NCCC3,770.0,6.113509274827518,1,344.41500000000013
COc1cc(CO)cc2[nH]c(=O)c3c(c12)NCCC3,190.0,6.721246399047171,1,260.293
COc1cc(C[N+](C)(C)C2CCCC2)cc2[nH]c(=O)c3c(c12)NCCC3,290.0,6.5376020021010435,1,356.4900000000002
COc1cc(Cl)c(C#N)cc1C(=O)NCCN1CCC(C(=O)c2ccc(F)cc2)CC1,19000.0,4.721246399047171,0,443.90600000000023
COc1cc(N(C)c2ccc3c(C)n(C)nc3c2)nc(Nc2ccc(-c3nc4c(C(N)=O)cccc4[nH]3)cc2)n1,79.6,7.099086932262331,1,533.5960000000002
COc1cc(N2CCN(Cc3ccc4c5c(c(=O)[nH]c4c3)CCCN5)CC2)ncc1Br,17.6,7.7544873321858505,1,484.39800000000025
COc1cc(N2CCN(Cc3ccc4c5c(c(=O)[nH]c4c3)CCCN5)CC2)ncc1C#N,7.43,8.129011186239424,1,430.5120000000003
COc1cc(NC(=O)/C=C\C(=O)O)cc(C(N)=O)c1,20000.0,4.698970004336019,0,264.23699999999997
COc1cc(Nc2nccc(N(C)c3ccc4c(C)n(C)nc4c3)n2)ccc1-c1nc2c(C(N)=O)cccc2[nH]1,123.0,6.910094888560602,1,533.5960000000002
COc1cc(Nc2nccc(N(C)c3ccc4c(C)n(C)nc4c3)n2)ccc1-c1nc2cc(F)c(F)cc2[nH]1,793.0,6.100726812682396,1,526.5510000000003
COc1cc(O)c(Cl)c(C)c1-c1cc(O)c(Br)c2cc3c(c(O)c12)C(=O)c1c(O)cc(O)cc1C3(C)C,4590.0,5.338187314462739,0,585.8340000000002
COc1cc(O)c(Cl)c(C)c1-c1cc(O)c(Cl)c2cc3c(c(O)c12)C(=O)c1c(O)c(Cl)c(O)c(Cl)c1C3(C)C,5880.0,5.230622673923861,0,610.2730000000001
COc1cc(O)c(Cl)c(C)c1-c1cc(O)c(Cl)c2cc3c(c(O)c12)C(=O)c1c(O)cc(O)cc1C3(C)C,4820.0,5.31695296176115,0,541.3830000000003
COc1cc(O)c(Cl)c(C)c1-c1cc(O)c(Cl)c2cc3c(c(O)c12)C(=O)c1c(cc(O)c(Cl)c1O)C3(C)C,6560.0,5.1830961606243395,0,575.8280000000002
COc1cc(O)c(Cl)c(C)c1-c1cc(O)cc2cc3c(c(O)c12)C(=O)c1c(O)c(Cl)c(O)c(Cl)c1C3(C)C,950.0,6.022276394711152,1,575.8280000000002
COc1cc(O)c(Cl)c(C)c1-c1cc(O)cc2cc3c(c(O)c12)C(=O)c1c(O)cc(O)cc1C3(C)C,4860.0,5.313363730737707,0,506.93800000000033
COc1cc(O)c(Cl)c(C)c1-c1cc(O)cc2cc3c(c(O)c12)C(=O)c1c(cc(O)c(Cl)c1O)C3(C)C,8840.0,5.053547734986927,0,541.3830000000003
COc1cc(O)cc(C)c1-c1cc(O)cc2cc3c(c(O)c12)C(=O)c1c(O)cc(O)cc1C3(C)C,18310.0,4.737311655698304,0,472.4930000000003
COc1cc(O)cc(C)c1-c1cc(O)cc2cc3c(c(O)c12)C(=O)c1c(cc(O)c(Cl)c1O)C3(C)C,15400.0,4.8124792791635365,0,506.9380000000003
COc1cc(O)ccc1C(=O)/C=C/c1ccc(O)cc1,1920.0,5.716698771296451,0,270.284
COc1cc(OC)c2c(=O)[nH]c(-c3cc(C)c(OCCOc4ccccc4C(N)=O)c(C)c3)nc2c1,4.6,8.337242168318426,1,489.5280000000003
COc1cc(OC)c2c(=O)[nH]c(-c3ccc(OCCOc4ccccc4C(N)=O)cc3)nc2c1,4600.0,5.337242168318426,0,461.4740000000002
COc1cc(OC)c2c(=O)[nH]c(-c3cccc(Cc4n[nH]c(=O)c5ccccc45)c3)nc2c1,197.0,6.705533773838407,1,440.4590000000001
COc1cc2c(c(OC)c1)C1CCC(=O)N1CC2,1371.4,5.862835854870644,0,247.29399999999995
COc1cc2c(cc1O)C1(O)c3ccccc3C(=O)N1CC2,216.2,6.665144310382709,1,297.31000000000006
COc1cc2c(cc1OC)C1(O)C3C4c5ccccc5C(c5ccccc54)C3C(=O)N1CC2,1634.7,5.786561937376229,0,439.51100000000025
COc1cc2c(cc1OC)C1(O)c3ccccc3C(=O)N1CC2,865.3,6.062833296284968,1,311.3370000000001
COc1cc2c(cc1OC)CN(C(=O)C1CCN(C(=O)c3cccc(Cc4nnc(O)c5ccccc45)c3)CC1)CC2,16.0,7.795880017344075,1,566.658
COc1cc2nc3c4ccccc4c(=O)[nH]c3n2cn1,100000.0,4.0,0,266.26
COc1cc2ncnc(N3CCC(CN4Cc5ccccc5NC4=O)CC3)c2cc1OC,8000.0,5.096910013008056,0,433.5120000000002
COc1ccc(-c2[nH]c(=O)c3cc(F)ccc3c2OCCN)cc1F,6.0,8.221848749616356,1,346.33300000000014
COc1ccc(-c2cc(=O)c3ccc(O)cc3o2)cc1,100000.0,4.0,0,268.268
COc1ccc(-c2cc3[nH]c(=O)c4ccccc4n3n2)c(OC)c1,200.0,6.698970004336019,1,321.33600000000007
COc1ccc(-c2cc3[nH]c(=O)c4ccccc4n3n2)cc1OC,200.0,6.698970004336019,1,321.33600000000007
COc1ccc(-c2cc3c(N)cccc3c(=O)[nH]2)cc1,900.0,6.045757490560675,1,266.3
COc1ccc(-c2cc3c(c(=O)[nH]2)CCCN3C)cc1,3400.0,5.468521082957745,0,270.33199999999994
COc1ccc(-c2ccc(C(=O)CNC(=O)CCn3c4c(c(=O)[nH]c3=O)CSCC4)cc2)cc1,15.0,7.823908740944319,1,479.5580000000002
COc1ccc(-c2ccc3cccc(C(N)=O)c3n2)cc1,1100.0,5.958607314841775,0,278.311
COc1ccc(-c2ccc3ccn(C(N)=O)c3n2)cc1,3760.0,5.424812155072339,0,267.28799999999995
COc1ccc(-c2cnc3c(C(N)=O)cccc3c2)cc1,62000.0,4.207608310501746,0,278.311
COc1ccc(-c2cnc3cccc(C(N)=O)c3n2)cc1,71.0,7.1487416512809245,1,279.299
COc1ccc(-c2nc(O)c3cccc(C)c3n2)cc1,891.0,6.050122295963125,1,266.3
COc1ccc(-c2nc(O)c3cccc(OC)c3n2)cc1,1244.0,5.9051796196452,0,282.299
COc1ccc(-c2nc(O)c3ccccc3n2)cc1,1099.3333333333333,5.958870603411162,0,252.27300000000002
COc1ccc(-c2nc3c(C(N)=O)cccc3[nH]2)cc1,60.0,7.221848749616356,1,267.288
COc1ccc(-c2nc3c(C(N)=O)cccc3[nH]2)cc1Nc1nccc(N(C)c2ccc3c(C)n(C)nc3c2)n1,39.4,7.404503778174426,1,533.5960000000002
COc1ccc(-c2nc3cc(F)c(F)cc3[nH]2)cc1Nc1nccc(N(C)c2ccc3c(C)n(C)nc3c2)n1,800.0,6.096910013008056,1,526.5510000000003
COc1ccc(-c2nc3ccccc3[nH]2)cc1Nc1nccc(N(C)c2ccc3c(C)n(C)nc3c2)n1,10000.0,5.0,0,490.57100000000025
COc1ccc(-c2nnc(C3CCN(C(=O)CCCc4nc5ccccc5c(=O)[nH]4)CC3)o2)cc1,3170.0,5.498940737782249,0,473.53300000000024
COc1ccc(-c2nnc([C@H]3CC[C@H](NC(=O)CCCc4nc5ccccc5c(=O)[nH]4)CC3)o2)cc1,1060.0,5.97469413473523,0,487.5600000000003
COc1ccc(-c2nnc([C@H]3CC[C@H](NC(=O)CCSc4nc5ccccc5c(=O)[nH]4)CC3)o2)cc1,4430.0,5.3535962737769305,0,505.60000000000025
COc1ccc(-c2noc(CSc3nnc(C)n3-c3ccc(OC)cc3)n2)cc1,19000.0,4.721246399047171,0,409.4710000000001
COc1ccc(-n2c(C)nnc2SCc2nc(-c3ccc(OC)c(OC)c3)no2)cc1,19000.0,4.721246399047171,0,439.4970000000002
COc1ccc(-n2c(SCc3nc(-c4ccc(C)cc4)no3)nnc2-c2ccncc2)cc1,19000.0,4.721246399047171,0,456.5310000000001
COc1ccc(-n2cc(C(=O)Nc3cccc(Cc4nnc(O)c5ccccc45)c3)c(C)n2)cc1,10.0,8.0,1,465.51300000000015
COc1ccc(/C=C2\CC3(CC4C2=NN(C(N)=S)C4c2ccc(OC)cc2)OCCO3)cc1,1.0,9.0,1,465.5750000000002
COc1ccc(/C=C2\CC3(CC4C2OC(=O)C(C(C)=O)C4c2ccc(OC)cc2)OCCO3)cc1,1.0,9.0,1,478.5410000000002
COc1ccc(/C=C2\Oc3c(C(N)=O)cccc3C2=O)cc1,3300.0,5.481486060122113,0,295.294
COc1ccc(Br)cc1/C=C/c1nnc(-c2cccc3c(=O)c4ccccc4c(=O)[nH]c23)o1,47.0,7.327902142064283,1,502.3240000000003
COc1ccc(C(=O)C(=O)c2c(-c3ccc(OC)cc3)nc(NC(=O)CN3CCc4cc(OC)c(OC)cc4C3)n2C)cc1,17460.0,4.757955760630449,0,598.6560000000002
COc1ccc(C(=O)C2CCN(C(=O)CC(C)(C)Cc3nc4c(ccn4C)c(=O)[nH]3)CC2)cn1,9000.0,5.045757490560675,0,465.5540000000002
COc1ccc(C(=O)C2CCN(C(=O)CC(C)(C)Cc3nc4c(cnn4C)c(=O)[nH]3)CC2)cn1,30000.0,4.522878745280337,0,466.5420000000002
COc1ccc(C(=O)C2CCN(C(=O)CCC(C)(C)c3nc4ccccc4c(=O)[nH]3)CC2)cc1,4200.0,5.376750709602099,0,461.5620000000002
COc1ccc(C(=O)C2CCN(C(=O)CCCc3cn4c(C)ccc4c(=O)[nH]3)CC2)cc1,730.0,6.136677139879544,1,435.5240000000001
COc1ccc(C(=O)C2CCN(C(=O)CCCc3cn4cc(F)cc4c(=O)[nH]3)CC2)cn1,1200.0,5.920818753952375,0,440.4750000000001
COc1ccc(C(=O)C2CCN(C(=O)CCCc3nc4c(C)scc4c(=O)[nH]3)CC2)cc1C,1900.0,5.721246399047171,0,467.5910000000002
COc1ccc(C(=O)C2CCN(C(=O)COCc3nc4c(F)cc(F)cc4c(=O)[nH]3)CC2)cc1,950.0,6.022276394711152,1,471.46000000000015
COc1ccc(C(=O)C2CCN(C(=O)COCc3nc4c(F)cc(F)cc4c(=O)[nH]3)CC2)cn1,440.0,6.356547323513812,1,472.44800000000015
COc1ccc(C(=O)C2CCN(C(=O)COCc3nc4ccccc4c(=O)[nH]3)CC2)cc1,900.0,6.045757490560675,1,435.48000000000013
COc1ccc(C(=O)C2CCN(C(=O)COCc3nc4ccccc4c(=O)[nH]3)CC2)cn1,1600.0,5.795880017344075,0,436.46800000000013
COc1ccc(C(=O)C2CCN(C(=O)N(C)CCc3nc4ccccc4c(=O)[nH]3)CC2)cc1,2000.0,5.698970004336019,0,448.52300000000014
COc1ccc(C(=O)C2CCN(C(=O)NCCc3nc4ccccc4c(=O)[nH]3)CC2)cc1,810.0,6.0915149811213505,1,434.49600000000015
COc1ccc(C(=O)C2CCN(C3CCN(CC(=O)Nc4nnc5n4CCS5)C3=O)CC2)cc1,19000.0,4.721246399047171,0,484.5820000000002
COc1ccc(C(=O)C2CCN(C3CCN(Cc4nc(C)c(C)c(=O)[nH]4)C3=O)CC2)cc1,19000.0,4.721246399047171,0,438.5280000000002
COc1ccc(C(=O)C2CCN(C3CCN(Cc4nc5c(c(=O)[nH]4)CCC5)C3=O)CC2)cc1,29600.0,4.528708288941061,0,450.53900000000027
COc1ccc(C(=O)C2CCN(C3CCN(Cc4nc5c(c(=O)[nH]4)COCC5)C3=O)CC2)cc1,9300.0,5.031517051446065,0,466.5380000000003
COc1ccc(C(=O)C2CCN(C3CCN(Cc4nc5c(cnn5C)c(=O)[nH]4)C3=O)CC2)cc1,19000.0,4.721246399047171,0,464.5260000000002
COc1ccc(C(=O)C2CCN(C3CCN(Cc4ncc(C)c(=O)[nH]4)C3=O)CC2)cc1,19000.0,4.721246399047171,0,424.50100000000015
COc1ccc(C(=O)C2CCN(CC(=O)N(Cc3nc4c(c(=O)[nH]3)CCCC4)CC3CC3)CC2)cc1,16400.0,4.785156151952302,0,492.6200000000004
COc1ccc(C(=O)C2CCN(CC(=O)N(Cc3nc4c(c(=O)[nH]3)COCC4)CC(F)F)CC2)cc1,19000.0,4.721246399047171,0,504.5340000000003
COc1ccc(C(=O)C2CCN(CC(=O)N(Cc3nc4c(c(=O)[nH]3)COCC4)CC3CC3)CC2)cc1,19000.0,4.721246399047171,0,494.5920000000004
COc1ccc(C(=O)C2CCN(CC(=O)NCc3cc4c(c(=O)[nH]3)COCC4)CC2)cc1,7500.0,5.1249387366083,0,439.5120000000003
COc1ccc(C(=O)C2CCN(CC(=O)NCc3nc(C)c(C)c(=O)[nH]3)CC2)cc1,19000.0,4.721246399047171,0,412.4900000000002
COc1ccc(C(=O)C2CCN(CC(=O)NCc3nc4c(c(=O)[nH]3)CCC4)CC2)cc1,17900.0,4.747146969020107,0,424.50100000000026
COc1ccc(C(=O)C2CCN(CC(=O)NCc3nc4c(c(=O)[nH]3)CCCC4)CC2)cc1,1080.0,5.966576244513051,0,438.5280000000003
COc1ccc(C(=O)C2CCN(CC(=O)NCc3nc4c(c(=O)[nH]3)COCC4)CC2)cc1,10000.0,5.0,0,440.5000000000003
COc1ccc(C(=O)C2CCN(CC(=O)NCc3nc4c(c(=O)[nH]3)COCC4)CC2)cc1C,17100.0,4.767003889607846,0,454.5270000000003
COc1ccc(C(=O)C2CCN([C@@H]3CCN(CC(=O)Nc4nnc5n4CCS5)C3=O)CC2)cc1,19000.0,4.721246399047171,0,484.5820000000002
COc1ccc(C(=O)C2CCN([C@@H]3CCN(Cc4nc5ccccc(=O)c5[nH]4)C3=O)CC2)cc1,19000.0,4.721246399047171,0,460.53400000000016
COc1ccc(C(=O)C2CCN([C@H]3CCN(Cc4nc5c(c(=O)[nH]4)COCC5)C3=O)CC2)cc1,21000.0,4.6777807052660805,0,466.5380000000003
COc1ccc(C(=O)C2CCN([C@H]3CCN(Cc4nc5c(c(=O)[nH]4)COCC5)C3=O)CC2)cc1C,24000.0,4.619788758288394,0,480.56500000000034
COc1ccc(C(=O)C2CCN([C@H]3CCN(Cc4nc5ccccc(=O)c5[nH]4)C3=O)CC2)cc1C,20200.0,4.694648630553377,0,474.5610000000002
COc1ccc(C(=O)CNC(=O)CCn2c3c(c(=O)[nH]c2=O)CCCC3)cc1,300.0,6.522878745280337,1,385.4200000000002
COc1ccc(C(=O)CNC(=O)CCn2c3c(c(=O)[nH]c2=O)CSCC3)cc1,25.0,7.6020599913279625,1,403.46000000000015
COc1ccc(C(=O)N2CCN(C(=O)c3cc(Cc4n[nH]c(=O)c5ccccc45)ccc3F)CC2)cc1I,17.6,7.7544873321858505,1,626.4260000000002
COc1ccc(C(=O)N2CCN(Cc3c(O)cc(O)c4c(=O)cc(-c5ccc(O)cc5)oc34)CC2)cc1,43.4,7.36251027048749,1,502.52300000000025
COc1ccc(C(=O)Nc2ccc(C(=O)N(c3ccncn3)c3ccccc3Cl)cc2)cc1,77000.0,4.113509274827518,0,458.9050000000001
COc1ccc(C(N)=O)cc1,57000.0,4.2441251443275085,0,151.16500000000002
COc1ccc(C(N)=O)cc1NC(=O)/C=C\C(=O)O,20000.0,4.698970004336019,0,264.237
COc1ccc(C2(CNC(=O)c3ccc(NC(=O)c4ccco4)cc3)CCOCC2)cc1,1800.0,5.7447274948966935,0,434.49200000000025
COc1ccc(C2(CNC(=O)c3ccc(NC(=O)c4ccco4)cc3Cl)CCOCC2)cc1,100000.0,4.0,0,468.93700000000024
COc1ccc(C2=CCN(CCCc3nc(O)c4ccccc4n3)CC2)cc1,8.3,8.080921907623926,1,375.4720000000001
COc1ccc(CC(=O)N2CCN(C(=O)c3csc(Cc4n[nH]c(=O)c5ccccc45)c3)CC2)cc1,94.88,7.022825323979813,1,502.59600000000023
COc1ccc(CC(=O)N2CCc3cccc4c3C2CNC4=O)cc1,6.0,8.221848749616356,1,336.391
COc1ccc(CN(Cc2nc3c(c(=O)[nH]2)COCC3)C(=O)CN2CCC(C(=O)c3ccc(F)cc3)CC2)cc1,19000.0,4.721246399047171,0,548.6150000000004
COc1ccc(CN2CCN(Cc3c(O)cc(O)c4c(=O)cc(-c5ccc(O)cc5)oc34)CC2)c(OC)c1OC,21.6,7.665546248849069,1,548.5920000000003
COc1ccc(CN2CCN(Cc3c(O)cc(O)c4c(=O)cc(-c5ccc(O)cc5)oc34)CC2)cc1,35.4,7.450996737974212,1,488.5400000000003
COc1ccc(Cc2n[nH]c(=O)c3ccccc23)cc1C(=O)N1CCN(c2cc3nc[nH]c3cn2)CC1,13.0,7.886056647693163,1,495.54300000000035
COc1ccc(Cc2n[nH]c(=O)c3ccccc23)cc1C(=O)N1CCN(c2ccc3[nH]cnc3n2)CC1,4.0,8.397940008672037,1,495.54300000000035
COc1ccc(Cc2n[nH]c(=O)c3ccccc23)cc1C(=O)N1CCN(c2cnc3[nH]cnc3c2)CC1,15.0,7.823908740944319,1,495.54300000000035
COc1ccc(Cc2n[nH]c(=O)c3ccccc23)cc1N1C(=O)CCC1=O,33.0,7.481486060122112,1,363.3730000000002
COc1ccc(Cl)cc1-c1cc(C)ncc1C(=O)Nc1nnc(OCC2CCN(C(=O)c3cc(Cc4n[nH]c(=O)c5ccccc45)ccc3F)CC2)s1,5.4,8.267606240177031,1,754.2440000000001
COc1ccc(Cl)cc1/C=C/c1nnc(-c2cc(C)cc3c(=O)c4ccccc4c(=O)[nH]c23)o1,1191.0,5.924088238517222,0,471.90000000000026
COc1ccc(Cl)cc1/C=C/c1nnc(-c2cccc3c(=O)c4ccccc4c(=O)[nH]c23)o1,1263.0,5.898596649444669,0,457.8730000000002
COc1ccc(F)cc1-c1cc(C)ncc1C(=O)Nc1nnc(OC2CC3(CCN(C(=O)c4cc(Cc5n[nH]c(=O)c6ccccc56)ccc4F)CC3)C2)s1,4.7,8.327902142064282,1,763.8270000000001
COc1ccc(F)cc1/C=C/c1nnc(-c2cc(C)cc3c(=O)c4ccccc4c(=O)[nH]c23)o1,1055.0,5.976747540366288,0,455.4450000000002
COc1ccc(F)cc1/C=C/c1nnc(-c2cccc3c(=O)c4ccccc4c(=O)[nH]c23)o1,951.0,6.021819483062586,1,441.41800000000023
COc1ccc(N2CCN(C(=O)CNC(=O)CCCN3CCc4cccc5c4C3CNC5=O)CC2)cc1,8890.0,5.051098239029786,0,505.61900000000037
COc1ccc(N2CCN(C(=O)CNC(=O)CCN3CCc4cccc5c4C3CNC5=O)CC2)cc1,8720.0,5.059483515067432,0,491.5920000000003
COc1ccc(N2CCN(C(=O)CNC(=O)CCn3c4c(c(=O)[nH]c3=O)CSCC4)CC2)cc1,22.5,7.647817481888637,1,487.58200000000033
COc1ccc(N2CCN(C(=O)CNC(=O)CN3CCc4cccc5c4C3CNC5=O)CC2)cc1,300.0,6.522878745280337,1,477.56500000000034
COc1ccc(N2CCN(C(=O)c3cc(Cc4n[nH]c(=O)c5ccccc45)cc(F)c3F)CC2)cc1,112.2,6.950007143079858,1,490.5100000000002
COc1ccc(N2CCN(Cc3ccc4c5c(c(=O)[nH]c4c3)CCCN5)CC2)cc1,4.99,8.30189945437661,1,404.5140000000002
COc1ccc(N2CCN(Cc3ccc4c5c(c(=O)[nH]c4c3)CCCN5)CC2)nn1,7.59,8.119758224104519,1,406.4900000000002
COc1ccc(N2CCN(c3nc4c(c(=O)[nH]3)CC(F)(F)CC4)CC2)cc1,20000.0,4.698970004336019,0,376.40700000000015
COc1ccc(N2CCN(c3nc4c(c(=O)[nH]3)CCCC4)CC2)cc1,20000.0,4.698970004336019,0,340.4270000000002
COc1ccc(N2CCN(c3nc4c(c(=O)[nH]3)COCC4)CC2)cc1,20000.0,4.698970004336019,0,342.39900000000017
COc1ccc(N2CCN(c3nc4c(c(=O)[nH]3)CSCC4)CC2)cc1,20000.0,4.698970004336019,0,358.46700000000016
COc1ccc(NC(=O)N2CCCN(C(=O)c3cccc(Cc4nnc(O)c5ccccc45)c3)CC2)cc1,8.0,8.096910013008056,1,511.5820000000002
COc1ccc(NC(=O)c2ccc(NC(=O)N3CCN(C(=O)c4cc(Cc5n[nH]c(=O)c6ccccc56)ccc4F)CC3)cc2)cc1,0.25,9.602059991327963,1,634.6680000000002
COc1ccc(OC)c2c1CCN1C(=O)c3ccccc3C21O,1279.7,5.892891830051446,0,311.337
COc1ccc(OC)c2c1sc1nnc(N)n12,15000.0,4.823908740944319,0,250.283
COc1ccc(S(=O)(=O)N2CCCN(CC3=Nc4cccc5c(=O)[nH]nc(c45)N3)CC2)cc1,22.0,7.657577319177793,1,468.53900000000016
COc1ccc(S(=O)(=O)N2CCN(CC3=Nc4cccc5c(=O)[nH]nc(c45)N3)CC2)cc1,52.0,7.2839966563652006,1,454.51200000000017
COc1ccc2[nH]c(=O)c3c(c2c1)N(C)CCC3,4000.0,5.3979400086720375,0,244.29399999999995
COc1ccc2[nH]c(=O)c3c(c2c1)NCCC3,500.0,6.301029995663981,1,230.26699999999997
COc1ccc2[nH]c(=O)n(C3CCN(C(=O)CCCc4nc5ccccc5c(=O)[nH]4)CC3)c2c1,629.0,6.201349354554731,1,461.5220000000002
COc1ccc2[nH]c(CCNC(=O)c3ccc(/C=C4\Oc5c(C(N)=O)cccc5C4=O)cc3)nc2c1,28.09,7.551448260798422,1,482.49600000000027
COc1ccc2c(c1)C(=O)N(C[C@@]1(C#Cc3ccc(CC4(C)NC(=O)NC4=O)cc3)NC(=O)NC1=O)C2,12.0,7.920818753952375,1,501.49900000000025
COc1ccc2c(c1)C(=O)NCC2,100000.0,4.0,0,177.20299999999997
COc1ccc2c(c1)C(C)N(C(=O)c1cc(Cc3n[nH]c(=O)c4ccccc34)ccc1F)CC2,108.0,6.966576244513051,1,457.50500000000017
COc1ccc2c(c1)C(CC(=O)N1CCN(C(=O)c3ccccc3N3CCC(=O)NC3=O)CC1)CC2=O,197.49,6.704454890188258,1,504.54300000000035
COc1ccc2c(c1)C(CC(=O)NCCNC(=O)c1ccccc1N1CCC(=O)NC1=O)CC2=O,40.870000000000005,7.388595362288407,1,478.5050000000003
COc1ccc2c(c1)C(CC(=O)N[C@@H](CNC(=O)c1ccccc1N1CCC(=O)NC1=O)C(N)=O)CC2=O,28.09,7.551448260798422,1,521.5300000000003
COc1ccc2c(c1)CCN1C(=O)c3ccccc3C21O,1075.6,5.968349206448736,0,281.311
COc1ccc2c(c1)[nH]c(=O)n2C1CCN(C(=O)CCCc2nc3ccccc3c(=O)[nH]2)CC1,1780.0,5.749579997691106,0,461.5220000000003
COc1ccc2c(c1OC)CCN(CC1=Nc3cccc4c(=O)[nH]nc(c34)N1)C2,49.0,7.309803919971486,1,391.4310000000001
COc1ccc2c(c1OC)CCN1C(=O)CCCC21,564.8,6.248105311956253,1,261.3209999999999
COc1ccc2c(c1OC)CCN1C(=O)c3ccccc3C21O,983.4,6.007269796045858,1,311.337
COc1ccc2c3c(c(=O)[nH]c2c1)CCCN3,4000.0,5.3979400086720375,0,230.26699999999997
COc1ccc2nc3ccccc3c(Nc3ccc(-c4nc5c(C(N)=O)cccc5[nH]4)cc3)c2c1,250.0,6.6020599913279625,1,459.50900000000024
COc1ccc2nc3ccccc3c(Nc3cccc(-c4nc5c(C(N)=O)cccc5[nH]4)c3)c2c1,1140.0,5.943095148663527,0,459.50900000000024
COc1ccc2nc3ccccc3c(Nc3ccccc3-c3nc4c(C(N)=O)cccc4[nH]3)c2c1,1700.0,5.769551078621726,0,459.50900000000024
COc1cccc(-c2cc3[nH]c(=O)c4ccccc4n3n2)c1OC,100.0,7.0,1,321.33600000000007
COc1cccc(-c2nnc(C3CCN(C(=O)CCCc4nc5ccccc5c(=O)[nH]4)CC3)o2)c1,1690.0,5.772113295386326,0,473.53300000000024
COc1cccc(-c2nnc([C@H]3CC[C@H](NC(=O)CCCc4nc5ccccc5c(=O)[nH]4)CC3)o2)c1,801.0,6.096367483915762,1,487.5600000000003
COc1cccc(-c2nnc3n2C(C)CN(C(=O)c2cc(Cc4n[nH]c(=O)c5ccccc45)ccc2F)C3)n1,0.8,9.096910013008056,1,525.5440000000002
COc1cccc(C(=O)C2CCN(CC(=O)N(Cc3nc4c(c(=O)[nH]3)COCC4)CC(F)F)CC2)c1,19000.0,4.721246399047171,0,504.53400000000033
COc1cccc(C(N)=O)c1,23500.0,4.628932137728263,0,151.165
COc1cccc(C2=CCN(CCCc3nc(O)c4ccccc4n3)CC2)c1,1000.0,6.0,1,375.4720000000001
COc1cccc(CC(=O)N2CCc3cccc4c3C2CNC4=O)c1,5.0,8.301029995663981,1,336.391
COc1cccc(CCC(=O)N2CCCN(C(=O)c3cccc(Cc4nnc(O)c5ccccc45)c3)CC2)c1,8.0,8.096910013008056,1,524.6210000000003
COc1cccc(CN(Cc2nc3c(c(=O)[nH]2)COCC3)C(=O)CN2CCC(C(=O)c3ccc(F)cc3)CC2)c1,19000.0,4.721246399047171,0,548.6150000000002
COc1cccc(CN2CCN(C(=O)c3cc4[nH]c(=O)c5ccccc5c4n3C)CC2)c1,400.0,6.3979400086720375,1,430.5080000000002
COc1cccc(N2CCN(c3nc4c(c(=O)[nH]3)CCCC4)CC2)c1,20000.0,4.698970004336019,0,340.4270000000002
COc1cccc(N2CCN(c3nc4c(c(=O)[nH]3)CSCC4)CC2)c1,20000.0,4.698970004336019,0,358.46700000000016
COc1cccc2[nH]c(=O)c3c(c12)NCCC3,600.0,6.221848749616356,1,230.26699999999994
COc1cccc2[nH]c3c4c(c5c(c3c12)C(=O)N(CN1CCN(C)CC1)C5=O)CCC4,20.0,7.698970004336019,1,418.4970000000003
COc1cccc2c(=O)[nH]c(-c3ccc(Br)cc3)nc12,100000.0,4.0,0,331.169
COc1cccc2c(=O)[nH]c(-c3ccc(C(C)(C)O)cc3)nc12,630.0,6.200659450546418,1,310.353
COc1cccc2c(=O)[nH]c(-c3ccc(C)cc3)cc12,10000.0,5.0,0,265.312
COc1cccc2c(=O)[nH]c(-c3ccc(C)cc3)nc12,2404.0,5.619065536669298,0,266.3
COc1cccc2c(=O)[nH]c(-c3ccc(Cl)cc3)nc12,10000.0,5.0,0,286.718
COc1cccc2c(=O)[nH]c(-c3ccc(F)cc3)nc12,10000.0,5.0,0,270.263
COc1cccc2c(Nc3ccc(-c4nc5c(C(N)=O)cccc5[nH]4)cc3)c3ccccc3nc12,190.0,6.721246399047171,1,459.5090000000001
COc1cccc2c(Nc3cccc(-c4nc5c(C(N)=O)cccc5[nH]4)c3)c3ccccc3nc12,970.0,6.013228265733755,1,459.5090000000001
COc1cccc2c(O)nc(-c3ccc(C(F)(F)F)cc3)nc12,100000.0,4.0,0,320.27
COc1cccc2c(O)nc(-c3ccc(N)cc3)nc12,1589.0,5.798876102792621,0,267.288
COc1cccc2c(O)nc(-c3ccc([N+](=O)[O-])cc3)nc12,10000.0,5.0,0,297.27
COc1cccc2c(O)nc(-c3ccccc3)nc12,10000.0,5.0,0,252.273
COc1cccc2c(O)nc(CCCN3CC=C(c4ccccc4)CC3)nc12,26.0,7.585026652029182,1,375.4720000000001
COc1ccccc1/C=C/c1nnc(-c2cc(C)cc3c(=O)c4ccccc4c(=O)[nH]c23)o1,147.0,6.8326826652518236,1,437.4550000000002
COc1ccccc1/C=C/c1nnc(-c2cccc3c(=O)c4ccccc4c(=O)[nH]c23)o1,136.0,6.866461091629782,1,423.42800000000017
COc1ccccc1C1=CCN(CCCc2nc(O)c3ccccc3n2)CC1,170.0,6.769551078621726,1,375.4720000000001
COc1ccccc1C1=CCN(c2nc3c(c(=O)[nH]2)CCCC3)CC1,20000.0,4.698970004336019,0,337.42300000000023
COc1ccccc1C1CCN(c2nc3c(c(=O)[nH]2)CCCC3)CC1,20000.0,4.698970004336019,0,339.4390000000002
COc1ccccc1CC(=O)N1CCc2cccc3c2C1CNC3=O,27.0,7.568636235841013,1,336.3910000000001
COc1ccccc1CN1CCN(c2nc3c(c(=O)[nH]2)CCCN3C)CC1,6070.0,5.2168113089247425,0,369.46900000000016
COc1ccccc1N1CCCN(c2nc3c(c(=O)[nH]2)CCCC3)CC1,20000.0,4.698970004336019,0,354.4540000000002
COc1ccccc1N1CCN(C(=O)c2cc(Cc3n[nH]c(=O)c4ccccc34)cc(F)c2F)CC1,296.6,6.5278288533076365,1,490.51000000000016
COc1ccccc1N1CCN(CCCc2nc3ccccc3c(=O)[nH]2)CC1,189.0,6.723538195826756,1,378.47600000000006
COc1ccccc1N1CCN(c2nc3c(c(=O)[nH]2)CC(F)(F)CC3)CC1,20000.0,4.698970004336019,0,376.40700000000015
COc1ccccc1N1CCN(c2nc3c(c(=O)[nH]2)CCCC3)CC1,60000.0,4.221848749616356,0,340.4270000000002
COc1ccccc1N1CCN(c2nc3c(c(=O)[nH]2)COCC3)CC1,20000.0,4.698970004336019,0,342.39900000000017
COc1ccccc1N1CCN(c2nc3c(c(=O)[nH]2)CSCC3)CC1,20000.0,4.698970004336019,0,358.46700000000016
COc1ccccc1N1CCN(c2nc3c(c(=O)[nH]2)C[S+]([O-])CC3)CC1,20000.0,4.698970004336019,0,374.4660000000002
COc1ccccc1NC(=O)c1ccc(NC(=O)N2CCN(C(=O)c3cc(Cc4n[nH]c(=O)c5ccccc45)ccc3F)CC2)cc1,0.59,9.229147988357855,1,634.6680000000002
COc1cccnc1CN1CCN(c2nc3c(c(=O)[nH]2)CCCN3C)CC1,15300.0,4.815308569182401,0,370.4570000000002
COc1cccnc1N1CCN(C(=O)c2cc(Cc3c[nH]c(=O)c4cc(Cl)c(Cl)n34)ccc2F)CC1,15.0,7.823908740944319,1,530.3870000000001
COc1ccnc(CN2CCN(c3nc4c(c(=O)[nH]3)CCCN4C)CC2)n1,3470.0,5.459670525209126,0,371.4450000000002
COc1ccnc(N2CCN(C(=O)c3ccc(/C=C4\Oc5c(C(N)=O)cccc5C4=O)cc3)CC2)n1,66.035,7.1802258178231835,1,485.50000000000034
COc1ccnc(N2CCN(C(=O)c3cccc(/C=C4\Oc5c(C(N)=O)cccc5C4=O)c3)CC2)n1,50.0,7.301029995663981,1,485.50000000000034
COc1ccnc(N2CCN(Cc3ccc4c5c(c(=O)[nH]c4c3)CCCN5)CC2)c1,10.4,7.982966660701219,1,405.50200000000024
COc1cnc(N2CCN(c3nc4c(C(N)=O)cccc4[nH]3)CC2)nc1,74.0,7.130768280269024,1,353.3860000000001
COc1ncc(C(=O)C2CCN(C(=O)CC(C)(C)Cc3nc4c(cnn4C)c(=O)[nH]3)CC2)cc1C,30000.0,4.522878745280337,0,480.56900000000024
COc1ncc(C(N)=O)c2nc(C3CCN(C(=O)c4cc(Cc5n[nH]c(=O)c6ccccc56)ccc4F)CC3)[nH]c12,2.4,8.619788758288394,1,555.57
CP(C)(=O)c1ccc(-c2nnc3n2CCN(C(=O)c2cc(Cc4n[nH]c(=O)c5ccccc45)ccc2F)C3)o1,12.92,7.8887374863409345,1,546.4990000000003
CP1(=O)CCN(C(=O)c2cc(Cc3n[nH]c(=O)c4ccccc34)ccc2F)CC1,100.0,7.0,1,413.3890000000002
CS(=O)(=O)Cc1nc(-c2ccc3[nH]c4c5c(c6c(c4c3c2)C(=O)NC6=O)CCC5)cs1,38.0,7.42021640338319,1,451.5290000000003
CS(=O)(=O)N1CCN(c2ccnc(Nc3ccc(-c4nc5c(C(N)=O)cccc5[nH]4)cc3)n2)CC1,117.0,6.931814138253839,1,492.56500000000034
CS(=O)(=O)NCc1nc(-c2ccc3[nH]c4c5c(c6c(c4c3c2)C(=O)NC6=O)CCC5)cs1,18.0,7.7447274948966935,1,466.5440000000003
CS(=O)(=O)c1ccc(-c2nnc(/C=C/c3nnc(-c4ccc(C#N)cc4)o3)n2-c2ccccc2Cl)nc1,100000.0,4.0,0,529.9690000000002
CS(=O)(=O)c1ccc(N2CCN(Cc3ccc4c5c(c(=O)[nH]c4c3)CCCN5)CC2)nc1,19.4,7.712198270069774,1,453.56800000000027
CSCC[C@H](NC(=O)c1cc(Cc2n[nH]c(=O)c3ccccc23)ccc1F)C(=O)N[C@@H](CC(C)C)B1O[C@@H]2C[C@@H]3C[C@@H](C3(C)C)[C@]2(C)O1,102.0,6.991399828238082,1,676.664
C[C@@H](C1CC1)N(Cc1nc2c(c(=O)[nH]1)COCC2)C(=O)CN1CCC(C(=O)c2ccc(F)cc2)CC1,19000.0,4.721246399047171,0,496.58300000000037
C[C@@H](CC(=O)N1CCC(C(=O)c2cnn(C)c2)CC1)Cc1cc2ccccc2c(=O)[nH]1,1000.0,6.0,1,420.5130000000002
C[C@@H](CC(=O)N1CCC(C(=O)c2cnn(C)c2)CC1)Cc1nc2ccccc2c(=O)[nH]1,16000.0,4.795880017344075,0,421.5010000000002
C[C@@H](CN1CC(C(=O)N2CCN(c3ncc(C(F)(F)F)cn3)CC2)C1)Nc1cn[nH]c(=O)c1C(F)(F)F,5000.0,5.301029995663981,0,534.4650000000003
C[C@@H](CN1CCC(C(=O)N2CCN(c3ncc(C(F)(F)F)cn3)CC2)C1)Nc1cn[nH]c(=O)c1C(F)(F)F,1130.0,5.94692155651658,0,548.4920000000002
C[C@@H](CN1CCC(C(=O)N2CCN(c3ncc(C(F)(F)F)cn3)CC2)CC1)Nc1cn[nH]c(=O)c1C(F)(F)F,5000.0,5.301029995663981,0,562.5190000000003
C[C@@H](CO)NC(=O)CCc1nc2ccccc2c(=O)[nH]1,1980.0,5.703334809738469,0,275.308
C[C@@H](COCCC(=O)N1CCN(c2ncc(C(F)(F)F)cn2)CC1)Nc1cn[nH]c(=O)c1C(F)(F)F,46.166666666666664,7.335671481319195,1,523.4380000000001
C[C@@H](COCCC(=O)N1CCN(c2ncc(OCc3ccc(/C=C/C(=O)NO)cc3)cn2)CC1)Nc1cn[nH]c(=O)c1C(F)(F)F,82.3,7.08460016478773,1,646.6270000000002
C[C@@H](NC(=O)CCc1nc2ccccc2c(=O)[nH]1)c1ccccc1,755.0,6.1220530483708115,1,321.38000000000005
C[C@@H](NC(=O)CCc1nc2ccccc2c(=O)[nH]1)c1ccccn1,890.0,6.050609993355087,1,322.36800000000005
C[C@@H](NC(=O)CN1CCc2cccc3c2C1CNC3=O)C(=O)N1CC=C(c2ccc(F)cc2)CC1,210.0,6.6777807052660805,1,476.5520000000003
C[C@@H](c1ccccc1)N(Cc1nc2c(c(=O)[nH]1)COCC2)C(=O)CN1CCC(C(=O)c2ccc(F)cc2)CC1,19000.0,4.721246399047171,0,532.6160000000002
C[C@@H]1CCCN1CCCOc1ccc(-c2ccc(=O)[nH]n2)cc1,30000.0,4.522878745280337,0,313.401
C[C@@H]1CN(C(=O)CCc2nc3ccccc3c(=O)[nH]2)CCN1c1ccc(C#N)cn1,47.0,7.327902142064283,1,402.45800000000014
C[C@@H]1CN(C(=O)c2cc(Cc3n[nH]c(=O)c4ccccc34)ccc2F)Cc2nnc(-c3nccs3)n21,0.4,9.397940008672037,1,501.5470000000002
C[C@@H]1CN(C(=O)c2cc(Cc3n[nH]c(=O)c4ccccc34)ccc2F)Cc2nnc(C(F)(F)F)n21,15.0,7.823908740944319,1,486.42900000000014
C[C@@H]1CN(C(=O)c2cc(Cn3c(=O)[nH]c(=O)c4ccccc43)ccc2F)CCN1,28.87,7.5395532161192795,1,396.4220000000001
C[C@@H]1CN(C(=O)c2cc(Cn3c(=O)[nH]c(=O)c4ccccc43)ccc2F)CCN1CC(F)(F)F,15.8,7.801342913045577,1,478.44600000000014
C[C@@H]1CN(C(=O)c2cc(Cn3c(=O)[nH]c(=O)c4ccccc43)ccc2F)CCN1CC1CC1,4.52,8.344861565188618,1,450.51400000000024
C[C@@H]1CN(Cc2ccc(-c3[nH]c4cc(F)cc5c4c3CCNC5=O)cc2)CCN1,0.66,9.18045606445813,1,392.4780000000002
C[C@@H]1CN(Cc2ccc3c4c(c(=O)[nH]c3c2)CCCN4)CCN1c1ccc(C#N)c(F)c1,52.9,7.276544327964814,1,431.5150000000001
C[C@@H]1CN(Cc2ccc3c4c(c(=O)[nH]c3c2)CCCN4)CCN1c1ccc(C#N)cc1F,14.2,7.847711655616943,1,431.5150000000001
C[C@@H]1CN(c2cc(F)c3c(c2)N(C)C(=O)C32CCN(c3nc4c(c(=O)[nH]3)CCCN4C)CC2)C[C@H](C)O1,18187.0,4.7402389332013355,0,510.6140000000004
C[C@@H]1CN(c2ccc(C#N)c(F)c2)CCN1Cc1ccc2c3c(c(=O)[nH]c2c1)CCCN3,5.61,8.251037138743838,1,431.51500000000016
C[C@@H]1CN(c2ccc(C#N)cc2F)CCN1Cc1ccc2c3c(c(=O)[nH]c2c1)CCCN3,12.3,7.910094888560602,1,431.51500000000016
C[C@@H]1CN(c2ccc(C#N)cn2)CCN1C(=O)CCc1nc2ccccc2c(=O)[nH]1,94.0,7.026872146400302,1,402.4580000000001
C[C@@H]1Cc2cc(F)cc(C(N)=O)c2O1,1530.0,5.815308569182402,0,195.19299999999996
C[C@@H]1Cc2cccc(C(N)=O)c2O1,6340.0,5.1979107421182675,0,177.20299999999995
C[C@@H]1NC(=O)[C@H](C)NC1=O,900000.0,3.0457574905606752,0,142.158
C[C@@H]1c2cccc(C(N)=O)c2C(=O)N1C1CCN(C2CCCCC2)CC1,162.0,6.790484985457369,1,355.48200000000026
C[C@@]12CCCN1CC1=NN=C(O)c3cc(F)cc4[nH]c2c1c34,0.83,9.080921907623926,1,298.321
C[C@H](C1CC1)N(Cc1nc2c(c(=O)[nH]1)COCC2)C(=O)CN1CCC(C(=O)c2ccc(F)cc2)CC1,19000.0,4.721246399047171,0,496.58300000000037
C[C@H](CC(=O)N1CCC(C(=O)c2cnn(C)c2)CC1)Cc1cc2ccccc2c(=O)[nH]1,2700.0,5.568636235841013,0,420.5130000000002
C[C@H](CC(=O)N1CCC(C(=O)c2cnn(C)c2)CC1)Cc1nc2ccccc2c(=O)[nH]1,1700.0,5.769551078621726,0,421.5010000000002
C[C@H](NC(=O)CCc1nc2ccccc2c(=O)[nH]1)c1ccccc1,5000.0,5.301029995663981,0,321.38000000000005
C[C@H](NC(=O)CCc1nc2ccccc2c(=O)[nH]1)c1ccccn1,5610.0,5.251037138743839,0,322.36800000000005
C[C@H](NC(=O)CN1CCc2cccc3c2C1CNC3=O)C(=O)N1CC=C(c2ccc(F)cc2)CC1,19.0,7.721246399047171,1,476.5520000000003
C[C@H](c1ccc(F)cc1)N(Cc1nc2c(c(=O)[nH]1)COCC2)C(=O)CN1CCC(C(=O)c2ccc(F)cc2)CC1,19000.0,4.721246399047171,0,550.6060000000003
C[C@H](c1ccccc1)N(Cc1nc2c(c(=O)[nH]1)COCC2)C(=O)CN1CCC(C(=O)c2ccc(F)cc2)CC1,19000.0,4.721246399047171,0,532.6160000000002
C[C@H]1CCC[C@]2(C)CC3OC(=O)C(CN(C)CC(=O)N4CCN(C(=O)c5cc(Cc6n[nH]c(=O)c7ccccc67)ccc5F)CC4)C3C=C12,20.3,7.692503962086787,1,669.7980000000002
C[C@H]1CCC[C@]2(C)CC3OC(=O)C(CN(C)CCC(=O)N4CCN(C(=O)c5cc(Cc6n[nH]c(=O)c7ccccc67)ccc5F)CC4)C3C=C12,43.9,7.357535479757878,1,683.8250000000002
C[C@H]1CCC[C@]2(C)CC3OC(=O)C(CN(C)CCCC(=O)N4CCN(C(=O)c5cc(Cc6n[nH]c(=O)c7ccccc67)ccc5F)CC4)C3C=C12,43.0,7.366531544420414,1,697.8520000000002
C[C@H]1CCC[C@]2(C)CC3OC(=O)C(CN4CCN(C(=O)c5cc(Cc6n[nH]c(=O)c7ccccc67)ccc5F)CC4)C3C=C12,136.0,6.866461091629782,1,598.7190000000002
C[C@H]1CCC[C@]2(C)CC3OC(=O)C(CNCC(=O)N4CCN(C(=O)c5cc(Cc6n[nH]c(=O)c7ccccc67)ccc5F)CC4)C3C=C12,25.5,7.5934598195660445,1,655.7710000000002
C[C@H]1CCC[C@]2(C)CC3OC(=O)C(CNCCC(=O)N4CCN(C(=O)c5cc(Cc6n[nH]c(=O)c7ccccc67)ccc5F)CC4)C3C=C12,15.5,7.809668301829708,1,669.7980000000002
C[C@H]1CCC[C@]2(C)CC3OC(=O)C(CNCCCC(=O)N4CCN(C(=O)c5cc(Cc6n[nH]c(=O)c7ccccc67)ccc5F)CC4)C3C=C12,8.33,8.079354998593212,1,683.8250000000002
C[C@H]1CCC[C@]2(C)CC3OC(=O)C(CNCCCCCCCC(=O)N4CCN(C(=O)c5cc(Cc6n[nH]c(=O)c7ccccc67)ccc5F)CC4)C3C=C12,2.991,8.524183586968682,1,739.9330000000002
C[C@H]1CCC[C@]2(C)CC3OC(=O)C(CNCCOCCOCCOCC(=O)N4CCN(C(=O)c5cc(Cc6n[nH]c(=O)c7ccccc67)ccc5F)CC4)C3C=C12,73.4,7.134303940083929,1,787.9300000000002
C[C@H]1CCC[C@]2(C)CC3OC(=O)C(CNOCC(=O)N4CCN(C(=O)c5cc(Cc6n[nH]c(=O)c7ccccc67)ccc5F)CC4)C3C=C12,19.74,7.704652851666382,1,671.7700000000002
C[C@H]1CN(C(=O)CCc2nc3ccccc3c(=O)[nH]2)CCN1c1ccc(C#N)cn1,70.0,7.154901959985743,1,402.45800000000014
C[C@H]1CN(C(=O)c2cc(Cc3n[nH]c(=O)c4c3CCCC4)ccn2)CCN1C(=O)C(=O)C1CC1,200.0,6.698970004336019,1,463.53800000000035
C[C@H]1CN(C(=O)c2cc(Cc3n[nH]c(=O)c4ccccc34)ccc2F)Cc2nnc(C(F)(F)F)n21,7.0,8.154901959985743,1,486.42900000000014
C[C@H]1CN(C(=O)c2cc(Cn3c(=O)[nH]c(=O)c4ccccc43)ccc2F)CCN1,26.95,7.569441230477243,1,396.4220000000001
C[C@H]1CN(C(=O)c2cc(Cn3c(=O)[nH]c(=O)c4ccccc43)ccc2F)CCN1CC(F)(F)F,22.1,7.655607726314889,1,478.44600000000014
C[C@H]1CN(C(=O)c2cc(Cn3c(=O)[nH]c(=O)c4ccccc43)ccc2F)CCN1CC1CC1,3.02,8.51999305704285,1,450.51400000000024
C[C@H]1CN(Cc2ccc3c4c(c(=O)[nH]c3c2)CCCN4)CCN1c1ccc(C#N)c(F)c1,37.0,7.431798275933005,1,431.5150000000001
C[C@H]1CN(c2ccc(C#N)c(F)c2)CCN1Cc1ccc2c3c(c(=O)[nH]c2c1)CCCN3,10.3,7.987162775294828,1,431.51500000000016
C[C@H]1CN(c2ccc(C#N)cc2F)CCN1Cc1ccc2c3c(c(=O)[nH]c2c1)CCCN3,19.8,7.703334809738469,1,431.51500000000016
C[C@H]1CN(c2ccc(C#N)cn2)CCN1C(=O)CCc1nc2ccc(F)c(F)c2c(=O)[nH]1,11.0,7.958607314841775,1,438.4380000000001
C[C@H]1CN(c2ccc(C#N)cn2)CCN1C(=O)CCc1nc2ccc(F)cc2c(=O)[nH]1,12.0,7.920818753952375,1,420.4480000000001
C[C@H]1CN(c2ccc(C#N)cn2)CCN1C(=O)CCc1nc2cccc(F)c2c(=O)[nH]1,12.0,7.920818753952375,1,420.4480000000001
C[C@H]1CN(c2ccc(C#N)cn2)CCN1C(=O)CCc1nc2ccccc2c(=O)[nH]1,10.0,8.0,1,402.4580000000001
C[C@H]1Cc2cc(F)cc(C(N)=O)c2O1,3620.0,5.441291429466834,0,195.19299999999996
C[C@H]1Cc2cccc(C(N)=O)c2O1,8440.0,5.073657553374345,0,177.20299999999995
C[C@H]1Cn2c(nnc2C(C)(F)F)CN1C(=O)c1cccc(C(F)(F)c2n[nH]c(=O)c3ccccc23)c1,30.0,7.522878745280337,1,500.45600000000013
C[C@H]1c2cccc(C(N)=O)c2C(=O)N1C1CCN(C2CCCCC2)CC1,27.0,7.568636235841013,1,355.48200000000026
C[C@]1(c2nc3c(C(N)=O)c(F)ccc3[nH]2)CCCN1,169002.85,3.772105971547054,0,262.28799999999995
C[C@]1(c2nc3c(C(N)=O)cccc3[nH]2)CCCN1,4806.870392857143,5.318137587550111,0,244.298
C[C@]12CCC=C(C=O)C1=CC1C(C2)OC(=O)C1CNCCOCCOCC(=O)N1CCN(C(=O)c2cc(Cc3n[nH]c(=O)c4ccccc34)ccc2F)CC1,88.4,7.053547734986926,1,755.8440000000002
C[C@]12CCC=C(CO)C1=CC1C(C2)OC(=O)C1CN1CCN(C(=O)c2cc(Cc3n[nH]c(=O)c4ccccc34)ccc2F)CC1,94.9,7.022733787572707,1,612.7020000000002
C[C@]12CCC=C(CO)C1=CC1C(C2)OC(=O)C1CNCCCCCCCC(=O)N1CCN(C(=O)c2cc(Cc3n[nH]c(=O)c4ccccc34)ccc2F)CC1,422.0,6.374687549038326,1,753.9160000000002
C[C@]12CCC=C(CO)C1=CC1C(C2)OC(=O)C1CNCCOCCOCC(=O)N1CCN(C(=O)c2cc(Cc3n[nH]c(=O)c4ccccc34)ccc2F)CC1,5.91,8.228412519118745,1,757.8600000000001
C[C@]12CCCN1CC1=NNC(=O)c3cc(F)cc4[nH]c2c1c34,226.46625,6.644996511226869,1,298.321
C[C@]12CCCN1CC1=NNC(=O)c3cccc4[nH]c2c1c34,552.325,6.257805298771028,1,280.3310000000001
C[N+](C)(C)CC(=O)Nc1ccc2nc(O)c3ccccc3c2c1,30.0,7.522878745280337,1,310.37700000000007
C[N+]1(C)CCc2cc(O)c(O)cc2[C@H]1Cc1ccc(O)c(O)c1,1600.0,5.795880017344075,0,316.377
C[N+]1([O-])CCN(c2ccc3nc(O)c4ccccc4c3n2)CC1,247.0,6.607303046740334,1,310.35700000000014
C[N+]12CCc3cc(O)c(O)cc3C1Cc1cc3c(cc12)OCO3,960.0,6.017728766960431,1,312.3450000000001
Cc1c(-c2ccnc(C(F)(F)F)c2)ccc2c1CCNC2=O,100000.0,4.0,0,306.28700000000003
Cc1c(-c2nc3c(C(N)=O)cc(F)cc3[nH]2)sc2c1CCNC2,8.0,8.096910013008056,1,330.38800000000015
Cc1c(C(=O)/C=C/c2cccc([N+](=O)[O-])c2)nnn1-c1ccc(Br)cc1,3.15,8.5016894462104,1,413.23100000000005
Cc1c(C(=O)N2CC=C(c3ccc(F)cc3)CC2)sc2c1[nH]c(=O)c1ccccc12,133.0,6.876148359032914,1,418.4930000000001
Cc1c(C(=O)N2CCC(N(C)C)CC2)sc2c1[nH]c(=O)c1ccccc12,29.0,7.5376020021010435,1,369.49000000000007
Cc1c(C(=O)N2CCN(C(=O)CCc3nc4ccccc4c(=O)[nH]3)CC2)oc2ccccc12,130.0,6.886056647693163,1,444.4910000000002
Cc1c(C(=O)N2CCN(C(C)C)CC2)sc2c1[nH]c(=O)c1ccccc12,86.0,7.0655015487564325,1,369.49000000000007
Cc1c(C(=O)N2CCN(C)CC2)sc2c1[nH]c(=O)c1ccccc12,231.0,6.636388020107856,1,341.4360000000001
Cc1c(C(=O)NCCN2CCCC2)sc2c1[nH]c(=O)c1ccccc12,248.0,6.605548319173784,1,355.4630000000001
Cc1c(C(=O)NCCN2CCN(C)CC2)sc2c1[nH]c(=O)c1ccccc12,284.0,6.546681659952962,1,384.50500000000005
Cc1c(C(=O)NCCN2CCOCC2)sc2c1[nH]c(=O)c1ccccc12,83.0,7.080921907623926,1,371.46200000000005
Cc1c(CC(=O)N2CCc3cccc4c3C2CNC4=O)sc2ccccc12,13.0,7.886056647693163,1,376.4810000000001
Cc1c(CN2CCN(C(=O)c3cc(Cc4n[nH]c(=O)c5ccccc45)ccc3F)CC2)sc2c(N3CCOCC3)nc(-c3cnc(N)cc3C(F)(F)F)nc12,197.0,6.705533773838407,1,773.8169999999999
Cc1c(CN2CCN(C(=O)c3cc(Cc4n[nH]c(=O)c5ccccc45)ccc3F)CC2)sc2c(N3CCOCC3)nc(-c3cnc(N)nc3)nc12,1.5,8.823908740944319,1,706.8079999999998
Cc1c(CN2CCN(C(=O)c3cc4cccc(C(N)=O)c4o3)CC2)sc2c(N3CCOCC3)nc(-c3ccc(F)c(N)c3)nc12,16.75,7.775985188627136,1,629.7180000000003
Cc1c(CN2CCN(C(=O)c3cc4cccc(C(N)=O)c4o3)CC2)sc2c(N3CCOCC3)nc(-c3ccc(N)c(F)c3)nc12,9.18,8.037157318798757,1,629.7180000000003
Cc1c(CN2CCN(C(=O)c3cc4cccc(C(N)=O)c4o3)CC2)sc2c(N3CCOCC3)nc(-c3ccc(N)cc3)nc12,22.56,7.646660904688695,1,611.7280000000003
Cc1c(CN2CCN(C(=O)c3cc4cccc(C(N)=O)c4o3)CC2)sc2c(N3CCOCC3)nc(-c3ccc(N)cc3F)nc12,40.12,7.39663907565162,1,629.7180000000003
Cc1c(CN2CCN(C(=O)c3cc4cccc(C(N)=O)c4o3)CC2)sc2c(N3CCOCC3)nc(-c3ccc(N)nc3)nc12,1.9,8.721246399047171,1,612.7160000000002
Cc1c(CN2CCN(C(=O)c3cc4cccc(C(N)=O)c4o3)CC2)sc2c(N3CCOCC3)nc(-c3ccc4[nH]ccc4c3)nc12,31.66,7.499489089473663,1,635.7500000000003
Cc1c(CN2CCN(C(=O)c3cc4cccc(C(N)=O)c4o3)CC2)sc2c(N3CCOCC3)nc(-c3ccc4cn[nH]c4c3)nc12,91.47,7.038721320914957,1,636.7380000000003
Cc1c(CN2CCN(C(=O)c3cc4cccc(C(N)=O)c4o3)CC2)sc2c(N3CCOCC3)nc(-c3cccc4[nH]ccc34)nc12,140.0,6.853871964321762,1,635.7500000000003
Cc1c(CN2CCN(C(=O)c3cc4cccc(C(N)=O)c4o3)CC2)sc2c(N3CCOCC3)nc(-c3cccc4[nH]ncc34)nc12,42.39,7.372736583431779,1,636.7380000000003
Cc1c(CN2CCN(C(=O)c3cc4cccc(C(N)=O)c4o3)CC2)sc2c(N3CCOCC3)nc(-c3cnc(N)cc3C(F)(F)F)nc12,100.8,6.996539467890494,1,680.7130000000003
Cc1c(CN2CCN(C(=O)c3cc4cccc(C(N)=O)c4o3)CC2)sc2c(N3CCOCC3)nc(-c3cnc(N)nc3)nc12,0.91,9.040958607678906,1,613.7040000000002
Cc1c(Cc2ccc(F)c(C(=O)N3CCC4(CCCN4)CC3)c2)n[nH]c(=O)c1C,2.6,8.585026652029182,1,398.48200000000014
Cc1c(Cc2ccc(F)c(C(=O)N3CCC4(CCCN4C)CC3)c2)n[nH]c(=O)c1C,4.5,8.346787486224656,1,412.5090000000002
Cc1c(Cc2ccc(F)c(C(=O)N3CCC4(CCN4)CC3)c2)n[nH]c(=O)c1C,4.6,8.337242168318426,1,384.4550000000001
Cc1c(Cc2ccc(F)c(C(=O)N3CCC4(CCNC4)CC3)c2)n[nH]c(=O)c1C,4.7,8.327902142064282,1,398.48200000000014
Cc1c(Cc2ccc(F)c(C(=O)N3CCN(C(=O)C(C)(C)N(C)C)CC3)c2)n[nH]c(=O)c1C,1.8,8.744727494896694,1,457.55000000000024
Cc1c(Cc2ccc(F)c(C(=O)N3CCN(C(=O)C4(C)CCCCN4)CC3)c2)n[nH]c(=O)c1C,12.0,7.920818753952375,1,469.5610000000003
Cc1c(Cc2ccc(F)c(C(=O)N3CCN(C(=O)C4(C)CCCN4)CC3)c2)n[nH]c(=O)c1C,2.8,8.55284196865778,1,455.5340000000003
Cc1c(Cc2ccc(F)c(C(=O)N3CCN(C(=O)C4(C)CCCO4)CC3)c2)n[nH]c(=O)c1C,2.8,8.55284196865778,1,456.5180000000003
Cc1c(Cc2ccc(F)c(C(=O)N3CCN(C(=O)C4(Cc5ccc(F)cc5)CCCN4)CC3)c2)n[nH]c(=O)c1C,3.6,8.443697499232712,1,549.6220000000002
Cc1c(Cc2ccc(F)c(C(=O)N3CCN(C(=O)C4(Cc5ccccc5)CCCN4)CC3)c2)n[nH]c(=O)c1C,3.3,8.481486060122112,1,531.6320000000003
Cc1c(Cc2ccc(F)c(C(=O)N3CCN(C(=O)C4(N(C)C)CC4)CC3)c2)n[nH]c(=O)c1C,5.7,8.244125144327509,1,455.5340000000003
Cc1c(Cc2ccc(F)c(C(=O)N3CCN(C(=O)C4(N5CCCC5)CCCC4)CC3)c2)n[nH]c(=O)c1C,2.7,8.568636235841012,1,509.6260000000005
Cc1c(Cc2ccc(F)c(C(=O)N3CCN(C(=O)C4(NCC5CC5)CCC4)CC3)c2)n[nH]c(=O)c1C,3.2,8.494850021680094,1,495.5990000000004
Cc1c(Cc2ccc(F)c(C(=O)N3CCN(C(=O)C4(NCC5CC5)CCCC4)CC3)c2)n[nH]c(=O)c1C,2.4,8.619788758288394,1,509.62600000000043
Cc1c(Cc2ccc(F)c(C(=O)N3CCN(C(=O)C4(NCC5CC5)CCCCC4)CC3)c2)n[nH]c(=O)c1C,3.5,8.455931955649724,1,523.6530000000005
Cc1c(Cc2ccc(F)c(C(=O)N3CCN(C(=O)C4(Nc5ccccc5)CCCC4)CC3)c2)n[nH]c(=O)c1C,3.9,8.4089353929735,1,531.6320000000003
Cc1c(Cc2ccc(F)c(C(=O)N3CCN(C(=O)C4CCNC4)CC3)c2)n[nH]c(=O)c1C,3.9,8.4089353929735,1,441.50700000000023
Cc1c(Cc2ccc(F)c(C(=O)N3CCN(C(=O)[C@@H]4CCCN4)CC3)c2)n[nH]c(=O)c1C,3.1,8.508638306165727,1,441.50700000000023
Cc1c(Cc2ccc(F)c(C(=O)N3CCN(C(=O)[C@@]4(C)CCCN4)CC3)c2)n[nH]c(=O)c1C,1.3,8.886056647693163,1,455.5340000000003
Cc1c(Cc2ccc(F)c(C(=O)N3CCN(C(=O)[C@@]4(C)CCN4)CC3)c2)n[nH]c(=O)c1C,3.1,8.508638306165727,1,441.50700000000023
Cc1c(Cc2ccc(F)c(C(=O)N3CCN(C(=O)[C@@]4(Cc5ccc(F)cc5)CCCN4)CC3)c2)n[nH]c(=O)c1C,4.2,8.3767507096021,1,549.6220000000002
Cc1c(Cc2ccc(F)c(C(=O)N3CCN(C(=O)[C@H]4CCCN4)CC3)c2)n[nH]c(=O)c1C,2.7,8.568636235841012,1,441.50700000000023
Cc1c(Cc2ccc(F)c(C(=O)N3CCN(C(=O)[C@]4(C)CCCN4)CC3)c2)n[nH]c(=O)c1C,3.8,8.42021640338319,1,455.5340000000003
Cc1c(Cc2ccc(F)c(C(=O)N3CCN(C(=O)[C@]4(Cc5ccc(F)cc5)CCCN4)CC3)c2)n[nH]c(=O)c1C,2.5,8.602059991327963,1,549.6220000000002
Cc1c(Cc2ccc(F)c(C(=O)N3CCc4cccc5c4C3CNC5=O)c2)n[nH]c(=O)c1C,36.0,7.443697499232712,1,446.4820000000002
Cc1c(Cc2ccc(F)c(C(=O)N3Cc4nnc(-c5ccccn5)n4C(C)C3)c2)n[nH]c(=O)c1C,80.65,7.09339562827502,1,473.51200000000017
Cc1c(Cc2ccc(F)c(C(=O)N3Cc4nnc(-c5nccs5)n4C(C)C3)c2)n[nH]c(=O)c1C,100.0,7.0,1,479.54100000000017
Cc1c(Cc2ccc(F)c(C(=O)N3Cc4nnc(C(F)(F)F)n4C(C)C3)c2)n[nH]c(=O)c1C,50.0,7.301029995663981,1,464.4230000000001
Cc1c(Cc2ccc(F)c(C(=O)NCC(=O)N[C@@H](CC(C)C)B3O[C@@H]4C[C@@H]5C[C@@H](C5(C)C)[C@]4(C)O3)c2)n[nH]c(=O)c1C,173.0,6.761953896871205,1,580.5100000000003
Cc1c(Cc2ccc(F)c(C(=O)N[C@@H](Cc3ccccc3)C(=O)N[C@@H](CC(C)C)B3O[C@@H]4C[C@@H]5C[C@@H](C5(C)C)[C@]4(C)O3)c2)n[nH]c(=O)c1C,1000.0,6.0,1,670.6350000000001
Cc1c2c(c3c([nH]c4ccccc43)c1C)C(=O)NC2=O,700.0,6.154901959985743,1,264.284
Cc1c2ccc(N(C)c3cc(C(F)(F)F)nc(Nc4ccc(C(=O)Nc5nc6c(C(N)=O)cccc6[nH]5)cc4)n3)cc2nn1C,167.0,6.777283528852417,1,614.5920000000001
Cc1c2ccc(N(C)c3ccnc(Nc4cc(F)c(-c5nc6c(C(N)=O)cccc6[nH]5)c(F)c4)n3)cc2nn1C,342.0,6.465973893943865,1,539.5500000000002
Cc1c2ccc(N(C)c3ccnc(Nc4cc(F)c(C(=O)Nc5nc6c(C(N)=O)cccc6[nH]5)c(F)c4)n3)cc2nn1C,488.0,6.311580177997289,1,582.575
Cc1c2ccc(N(C)c3ccnc(Nc4cc5cc(-c6nc7c(C(N)=O)cccc7[nH]6)ccc5s4)n3)cc2nn1C,375.0,6.425968732272281,1,559.6590000000001
Cc1c2ccc(N(C)c3ccnc(Nc4ccc(-c5ccc(-c6nc7c(C(N)=O)cccc7[nH]6)cc5)cc4)n3)cc2nn1C,469.0,6.328827157284917,1,579.6680000000001
Cc1c2ccc(N(C)c3ccnc(Nc4ccc(-c5nc6c(C(N)=O)cccc6[nH]5)c(C(F)(F)F)c4)n3)cc2nn1C,164.0,6.785156151952302,1,571.567
Cc1c2ccc(N(C)c3ccnc(Nc4ccc(-c5nc6c(C(N)=O)cccc6[nH]5)c(Cl)c4)n3)cc2nn1C,142.0,6.847711655616943,1,538.0150000000002
Cc1c2ccc(N(C)c3ccnc(Nc4ccc(-c5nc6c(C(N)=O)cccc6[nH]5)cc4)n3)cc2nn1C,95.7,7.019088062223156,1,503.5700000000002
Cc1c2ccc(N(C)c3ccnc(Nc4ccc(-c5nc6c(C(N)=O)cccc6[nH]5)cc4F)n3)cc2nn1C,118.0,6.928117992693875,1,521.5600000000002
Cc1c2ccc(N(C)c3ccnc(Nc4ccc(-c5nc6cc(F)c(F)cc6[nH]5)c(C(F)(F)F)c4)n3)cc2nn1C,673.0,6.171984935776023,1,564.5219999999999
Cc1c2ccc(N(C)c3ccnc(Nc4ccc(-c5nc6cc(F)c(F)cc6[nH]5)c(Cl)c4)n3)cc2nn1C,759.0,6.11975822410452,1,530.9700000000001
Cc1c2ccc(N(C)c3ccnc(Nc4ccc(-c5nc6ccccc6[nH]5)c(C(F)(F)F)c4)n3)cc2nn1C,10000.0,5.0,0,528.542
Cc1c2ccc(N(C)c3ccnc(Nc4ccc(-c5nc6ccccc6[nH]5)c(Cl)c4)n3)cc2nn1C,10000.0,5.0,0,494.9900000000002
Cc1c2ccc(N(C)c3ccnc(Nc4ccc(C(=O)Nc5nc6c(C(N)=O)cccc6[nH]5)c(C(F)(F)F)c4)n3)cc2nn1C,345.0,6.462180904926726,1,614.592
Cc1c2ccc(N(C)c3ccnc(Nc4ccc(C(=O)Nc5nc6c(C(N)=O)cccc6[nH]5)c(Cl)c4)n3)cc2nn1C,166.0,6.779891911959945,1,581.04
Cc1c2ccc(N(C)c3ccnc(Nc4ccc(C(=O)Nc5nc6c(C(N)=O)cccc6[nH]5)cc4)n3)cc2nn1C,142.0,6.847711655616943,1,546.5950000000001
Cc1c2ccc(N(C)c3ccnc(Nc4ccc(C(=O)Nc5nc6c(C(N)=O)cccc6[nH]5)cc4F)n3)cc2nn1C,205.0,6.688246138944246,1,564.585
Cc1c2ccc(N(C)c3ccnc(Nc4cccc(-c5nc6c(C(N)=O)cccc6[nH]5)c4)n3)cc2nn1C,82.7,7.082494490447453,1,503.5700000000003
Cc1c2ccc(N(C)c3ccnc(Nc4cccc(-c5nc6cc(F)c(F)cc6[nH]5)c4)n3)cc2nn1C,647.0,6.189095719331299,1,496.5250000000002
Cc1c2ccc(N(C)c3ccnc(Nc4cccc(-c5nc6ccccc6[nH]5)c4)n3)cc2nn1C,10000.0,5.0,0,460.5450000000002
Cc1c2ccc(N(C)c3nc(Nc4ccc(-c5nc6c(C(N)=O)cccc6[nH]5)cc4)nc4ccsc34)cc2nn1C,56.4,7.248720896016658,1,559.6590000000001
Cc1cc(-c2[nH]c(=O)c3cc(F)ccc3c2OCCN)ccc1Cl,0.2,9.698970004336019,1,346.789
Cc1cc(-c2nnc(-c3ccccc3)o2)c2[nH]c(=O)c3ccccc3c(=O)c2c1,277.0,6.557520230935552,1,381.3910000000002
Cc1cc(-c2nnc(-c3ccccc3Cl)o2)c2[nH]c(=O)c3ccccc3c(=O)c2c1,51.0,7.292429823902063,1,415.8360000000002
Cc1cc(-c2nnc(/C=C/c3ccccc3)o2)c2[nH]c(=O)c3ccccc3c(=O)c2c1,446.0,6.350665141287858,1,407.4290000000002
Cc1cc(-c2nnc(CNC(=O)c3ccccc3)o2)c2[nH]c(=O)c3ccccc3c(=O)c2c1,304.0,6.517126416391246,1,438.4430000000002
Cc1cc(-c2nnc3n2CCN(C(=O)c2cc(Cc4n[nH]c(=O)c5ccccc45)ccc2F)C3)oc1C,0.001,12.0,1,498.5180000000002
Cc1cc(=O)[nH]c(SCCC(=O)N[C@H]2CC[C@H](c3nnc(-c4ccccc4)o3)CC2)n1,85000.0,4.070581074285707,0,439.54100000000017
Cc1cc(=O)[nH]c2cc(-c3ccccc3F)ccc12,10000.0,5.0,0,253.276
Cc1cc(Br)cc2c(=O)[nH]c(CSc3ncccn3)nc12,2500.0,5.6020599913279625,0,363.24000000000007
Cc1cc(C#N)ccc1N1CCN(Cc2cc(C)c3c4c(c(=O)[nH]c3c2)CCCN4)CC1,101.0,6.995678626217358,1,427.55200000000025
Cc1cc(C#N)ccc1N1CCN(Cc2cc(CO)c3c4c(c(=O)[nH]c3c2)CCCN4)CC1,11.6,7.935542010773082,1,443.5510000000003
Cc1cc(C#N)ccc1N1CCN(Cc2ccc3c4c(c(=O)[nH]c3c2)CCCN4)CC1,6.44,8.191114132640188,1,413.5250000000002
Cc1cc(C(=O)C2CCN(C(=O)CC(C)(C)Cc3nc4c(C)cccc4c(=O)[nH]3)CC2)ccc1C(=O)O,3500.0,5.455931955649724,0,503.5990000000003
Cc1cc(C(=O)NC2CC2)ccc1N1CCN(Cc2cc(C)c3c(c2)NC(=O)C(C)O3)CC1,52.0,7.2839966563652006,1,448.56700000000023
Cc1cc(C(=O)NC2CC2)ccc1N1CCN(Cc2cc(C)c3c4c(c(=O)[nH]c3c2)CCCN4)CC1,58.9,7.229884705212898,1,485.63200000000035
Cc1cc(C(=O)NC2CC2)ccc1N1CCN(Cc2ccc3c4c(c(=O)[nH]c3c2)CCCN4)CC1,7.85,8.105130343254748,1,471.6050000000003
Cc1cc(C(N)=O)c2nc(-c3cc4c(s3)CNCC4)[nH]c2c1,345.0,6.462180904926726,1,312.3980000000001
Cc1cc(C(N)=O)c2nc(-c3ccc(-c4ccc(C(=O)N5CCCC5)nc4)cc3)[nH]c2c1,17000.0,4.769551078621726,0,425.49200000000025
Cc1cc(C)c(CNC(=O)c2cc(-c3ccc(-c4nc5c(C(N)=O)cccc5[nH]4)cc3)cc3c2cnn3C(C)C)c(=O)[nH]1,6.89,8.161780778092375,1,573.6570000000002
Cc1cc(C)c2nc(C)[nH]c(=O)c2c1,13210.0,4.879097182385473,0,188.23
Cc1cc(C)c2nc(CSc3ncccn3)[nH]c(=O)c2c1,100.0,7.0,1,298.3710000000001
Cc1cc(C)c2nc[nH]c(=O)c2c1,1390.0,5.856985199745905,0,174.203
Cc1cc(C)cc(COC(=O)N2CCN(Cc3c(O)cc(O)c4c(=O)cc(-c5ccc(O)cc5)oc34)CC2)c1,34.6,7.460923901207224,1,530.5770000000002
Cc1cc(C)n(S(=O)(=O)c2ccc3[nH]c(=O)c(=O)[nH]c3c2)n1,3.5,8.455931955649724,1,320.33000000000004
Cc1cc(C)n2c(c1)nc1c3ccccc3c(=O)[nH]c12,100000.0,4.0,0,263.3
Cc1cc(CN2CCN(c3c(F)cc(C#N)cc3F)CC2)cc2[nH]c(=O)c3c(c12)NCCC3,92.0,7.036212172654444,1,449.50500000000034
Cc1cc(CN2CCN(c3ccc(Br)cc3)CC2)cc2[nH]c(=O)c3c(c12)NCCC3,90.0,7.045757490560675,1,467.41100000000034
Cc1cc(CN2CCN(c3ccc(Br)cn3)CC2)cc2[nH]c(=O)c3c(c12)NCCC3,43.0,7.366531544420414,1,468.39900000000034
Cc1cc(CN2CCN(c3ccc(C#N)c(F)c3)CC2)cc2[nH]c(=O)c3c(c12)NCCC3,24.7,7.607303046740334,1,431.5150000000003
Cc1cc(CN2CCN(c3ccc(C#N)cc3)CC2)cc2[nH]c(=O)c3c(c12)NCCC3,38.5,7.414539270491499,1,413.52500000000026
Cc1cc(CN2CCN(c3ccc(C#N)cc3Cl)CC2)cc2[nH]c(=O)c3c(c12)NCCC3,57.1,7.243363891754152,1,447.97000000000037
Cc1cc(CN2CCN(c3ccc(C#N)cc3F)CC2)cc2[nH]c(=O)c3c(c12)NCCC3,33.5,7.474955192963154,1,431.5150000000003
Cc1cc(CN2CCN(c3ccc(C#N)cn3)CC2)cc2[nH]c(=O)c3c(c12)NCCC3,21.2,7.673664139071248,1,414.51300000000026
Cc1cc(CN2CCN(c3ccc(C(=O)NC4CC4)cc3)CC2)cc2c1OC(C)C(=O)N2,33.0,7.481486060122112,1,434.54000000000025
Cc1cc(CN2CCN(c3ccc(C(=O)NC4CC4)cc3Cl)CC2)cc2[nH]c(=O)c3c(c12)NCCC3,31.6,7.5003129173815966,1,506.05000000000035
Cc1cc(CN2CCN(c3ccc(C(=O)NC4CC4)cc3Cl)CC2)cc2c1OC(C)C(=O)N2,76.0,7.119186407719209,1,468.98500000000024
Cc1cc(CN2CCN(c3ccc(C(=O)NC4CC4)cn3)CC2)cc2[nH]c(=O)c3c(c12)NCCC3,22.8,7.642065152999546,1,472.59300000000036
Cc1cc(CN2CCN(c3ccc(Cl)cc3)CC2)cc2[nH]c(=O)c3c(c12)NCCC3,53.2,7.274088367704952,1,422.9600000000003
Cc1cc(CN2CCN(c3ccc(Cl)cn3)CC2)cc2[nH]c(=O)c3c(c12)NCCC3,33.8,7.471083299722345,1,423.9480000000003
Cc1cc(CN2CCN(c3ccc(F)cn3)CC2)cc2[nH]c(=O)c3c(c12)NCCC3,20.1,7.696803942579511,1,407.4930000000002
Cc1cc(CN2CCN(c3ccc(F)cn3)CC2C)cc2[nH]c(=O)c3c(c12)NCCC3,32.0,7.494850021680094,1,421.52000000000027
Cc1cc(CN2CCN(c3ccccn3)CC2)cc2[nH]c(=O)c3c(c12)NCCC3,18.0,7.7447274948966935,1,389.5030000000002
Cc1cc(CN2CCN(c3ncc(C(F)(F)F)cc3Cl)CC2)cc2[nH]c(=O)c3c(c12)NCCC3,129.0,6.889410289700751,1,491.94500000000033
Cc1cc(CN2CCN(c3ncc(Cl)cc3F)CC2)cc2[nH]c(=O)c3c(c12)NCCC3,115.0,6.939302159646388,1,441.93800000000033
Cc1cc(CN2CCN(c3ncc(F)cn3)CC2)cc2[nH]c(=O)c3c(c12)NCCC3,28.0,7.552841968657781,1,408.4810000000002
Cc1cc(CN2CCN(c3ncc(F)cn3)CC2C)cc2[nH]c(=O)c3c(c12)NCCC3,56.9,7.244887733604929,1,422.50800000000027
Cc1cc(CN2CCN(c3ncccc3Cl)CC2)cc2[nH]c(=O)c3c(c12)NCCC3,16.0,7.795880017344075,1,423.9480000000003
Cc1cc(CN2CCN(c3ncccc3F)CC2)cc2[nH]c(=O)c3c(c12)NCCC3,24.6,7.609064892896621,1,407.4930000000002
Cc1cc(Cc2ccc(F)c(C(=O)N3CCc4cccc5c4C3CNC5=O)c2)n[nH]c1=O,210.0,6.6777807052660805,1,432.4550000000001
Cc1cc(Cc2ccc(F)c(C(=O)N3Cc4nnc(-c5ccccn5)n4C(C)C3)c2)n[nH]c1=O,550.0,6.259637310505756,1,459.4850000000001
Cc1cc(Cc2ccc(F)c(C(=O)N3Cc4nnc(-c5nccs5)n4C(C)C3)c2)n[nH]c1=O,100.0,7.0,1,465.5140000000001
Cc1cc(Cc2ccc(F)c(C(=O)N3Cc4nnc(C(F)(F)F)n4C(C)C3)c2)n[nH]c1=O,50.0,7.301029995663981,1,450.3960000000001
Cc1cc(Cc2nc3ccc(S(=O)(=O)NC4(C)CC4)cc3n2-c2nnc(C)s2)on1,150000.0,3.8239087409443187,0,444.54200000000026
Cc1cc(Cn2c(=O)c3cc(S(=O)(=O)NC4(C)CC4)ccc3n(C)c2=O)on1,150000.0,3.8239087409443187,0,404.4480000000002
Cc1cc(Cn2c(=O)n(Cc3cnn(C)c3)c(=O)c3cc(S(=O)(=O)NC4(C)CC4)ccc32)n(C)n1,150000.0,3.8239087409443187,0,497.5810000000003
Cc1cc(Cn2cc(C(=O)C3CC3)c3ccc(S(=O)(=O)NC4(C)CC4)cc3c2=O)on1,150000.0,3.8239087409443187,0,441.50900000000024
Cc1cc(Cn2nc(CC3CCOCC3)c3ccc(S(=O)(=O)NC4(C)CC4)cc3c2=O)on1,150000.0,3.8239087409443187,0,472.56700000000023
Cc1cc(Cn2nc(Cc3ccccc3)c3ccc(S(=O)(=O)NC4(C)CC4)cc3c2=O)on1,150000.0,3.8239087409443187,0,464.5470000000003
Cc1cc(F)cc2c(=O)[nH]c(-c3ccc(C(C)(C)O)cc3)nc12,60.0,7.221848749616356,1,312.344
Cc1cc(F)cc2c(=O)[nH]c(-c3ccc(C(C)(C)OCCO)cc3)nc12,790.0,6.102372908709558,1,356.3970000000001
Cc1cc(F)cc2c(=O)[nH]c(-c3ccc(C4CCN(C)CC4)cc3)nc12,620.0,6.2076083105017466,1,351.4250000000001
Cc1cc(F)cc2c(=O)[nH]c(-c3ccc(C4CCNCC4)cc3)nc12,390.0,6.4089353929735005,1,337.3980000000001
Cc1cc(F)cc2c(=O)[nH]c(-c3ccc(N4CCN(C)CC4)cc3)nc12,120.0,6.920818753952375,1,352.4130000000001
Cc1cc(F)cc2c(=O)[nH]c(C[C@@H](C)CC(=O)N3CCC(C(=O)c4cnn(C)c4)CC3)nc12,43.0,7.366531544420414,1,453.51800000000026
Cc1cc(F)cc2c(=O)[nH]c(C[C@H](C)CC(=O)N3CCC(C(=O)c4cccc(C(=O)O)c4)CC3)nc12,170.0,6.769551078621726,1,493.5350000000003
Cc1cc(F)cc2c(=O)[nH]c(C[C@H](C)CC(=O)N3CCC(C(=O)c4cnn(C)c4)CC3)nc12,30.0,7.522878745280337,1,453.51800000000026
Cc1cc(F)ccc1N1CCN(Cc2cc(C)c3c4c(c(=O)[nH]c3c2)CCCN4)CC1,59.6,7.2247537402597635,1,420.5320000000002
Cc1cc(F)ccc1N1CCN(Cc2cc(CO)c3c4c(c(=O)[nH]c3c2)CCCN4)CC1,21.7,7.663540266151471,1,436.5310000000003
Cc1cc(F)ccc1N1CCN(Cc2cc(F)c3c4c(c(=O)[nH]c3c2)CCCN4)CC1,18.6,7.730487055782084,1,424.49500000000023
Cc1cc(F)ccc1N1CCN(Cc2ccc3c4c(c(=O)[nH]c3c2)CCCN4)CC1,11.1,7.954677021213342,1,406.5050000000002
Cc1cc(F)cnc1N1CCN(Cc2ccc3c4c(c(=O)[nH]c3c2)CCCN4)CC1,6.61,8.17979854051436,1,407.4930000000002
Cc1cc(N(C)c2ccc3c(C)n(C)nc3c2)nc(Nc2ccc(-c3nc4c(C(N)=O)cccc4[nH]3)cc2)n1,85.2,7.069560405233299,1,517.5970000000002
Cc1cc(N2CCN(Cc3ccc4c5c(c(=O)[nH]c4c3)CCCN5)CC2)ccc1C#N,4.46,8.350665141287859,1,413.52500000000026
Cc1cc(N2C[C@@H](C)N[C@@H](C)C2)ncc1-c1ccc(-c2nc3c(ccn3C)c(=O)[nH]2)cc1,1610.905,5.7929300705009,0,428.54000000000013
Cc1cc(NCCc2ccc(O)cc2)c2nncn2n1,10000.0,5.0,0,269.30800000000005
Cc1cc(Nc2nccc(N(C)c3ccc4c(C)n(C)nc4c3)n2)cnc1-c1nc2c(C(N)=O)cccc2[nH]1,150.0,6.823908740944319,1,518.5850000000003
Cc1cc(O)nn1S(=O)(=O)c1ccc2[nH]c(=O)c(=O)[nH]c2c1,8.73,8.05898575629443,1,322.3020000000001
Cc1cc2[nH]c(=O)c3ccccc3n2n1,300.0,6.522878745280337,1,199.21300000000002
Cc1cc2[nH]c3ccccc3c2c2c1C(=O)NC2=O,2000.0,5.698970004336019,0,250.25699999999998
Cc1cc2c(=O)[nH]c(-c3ccc(C(C)(C)O)cc3)cn2c1,1900.0,5.721246399047171,0,282.343
Cc1cc2c(=O)[nH]c(-c3ccc(C(C)(C)O)cc3)cn2n1,3700.0,5.431798275933005,0,283.331
Cc1cc2c(=O)[nH]cc(Cc3ccc(F)c(C(=O)N4CCCNCC4)c3)n2c1,1.6,8.795880017344075,1,382.4390000000002
Cc1cc2c(N)cccc2c(=O)[nH]1,230.0,6.638272163982407,1,174.203
Cc1cc2c(NC(=O)c3ccccc3)cccc2c(=O)[nH]1,16600.0,4.779891911959945,0,278.31100000000004
Cc1cc2c(c(C(N)=O)c1)OC(C)C2,25000.0,4.6020599913279625,0,191.23
Cc1cc2c(c3c1[nH]c1ccccc13)C(=O)NC2=O,5000.0,5.301029995663981,0,250.257
Cc1cc2nc(O)c3ccccc3c2cc1NC(=O)C[N+](C)(C)C,195.0,6.709965388637482,1,324.4040000000001
Cc1cc2ncc(CN3CCN(c4ccc(C(=O)NC5CC5)nc4)CC3)cc2[nH]c1=O,7.2,8.142667503568731,1,418.50100000000026
Cc1cc2ncc(CN3CCN(c4ccc(C(=O)NC5CC5)nc4)[C@@H]4C[C@@H]43)cc2[nH]c1=O,5.3,8.275724130399212,1,430.5120000000002
Cc1cc2ncc(CN3CCN(c4cnc(C(=O)NC5CC5)c(F)c4)CC3)cc2[nH]c1=O,9.0,8.045757490560675,1,436.49100000000027
Cc1cc2ncc([C@@H](C)N3CCN(c4ccc(C#N)cn4)CC3)cc2[nH]c1=O,2.512,8.599980364934842,1,374.4480000000001
Cc1cc2ncc([C@@H](C)N3CCN(c4ccc(C(=O)NC5CC5)nc4)CC3)cc2[nH]c1=O,19.0,7.721246399047171,1,432.5280000000002
Cc1cc2ncc([C@H](C)N3CCN(c4ccc(C(=O)NC5CC5)nc4)CC3)cc2[nH]c1=O,16.0,7.795880017344075,1,432.5280000000002
Cc1ccc(-c2cc(=O)c3c(O)cc(O)c(-c4cccc(-c5cc(=O)c6c(O)cc(O)cc6o5)c4)c3o2)cc1,295.9,6.528855034839367,1,520.4930000000003
Cc1ccc(-c2cc(=O)c3c(O)cc(O)c(-c4cccc(-c5cc(=O)c6c(O)cc(O)cc6o5)c4)c3o2)cc1C,249.5,6.602929450040591,1,534.5200000000002
Cc1ccc(-c2cc(=O)c3ccccc3o2)cc1,16220.855,4.789926257893316,0,236.27
Cc1ccc(-c2cc3[nH]c(=O)c4ccccc4n3n2)cc1,500.0,6.301029995663981,1,275.31100000000004
Cc1ccc(-c2cc3c(N)cccc3c(=O)[nH]2)cc1,880.0,6.055517327849832,1,250.30100000000002
Cc1ccc(-c2cc3cnccc3c(=O)[nH]2)cc1,43000.0,4.366531544420414,0,236.274
Cc1ccc(-c2cnc3c(C(N)=O)cccc3c2)cc1,43000.0,4.366531544420414,0,262.312
Cc1ccc(-c2nc3c(C)cccc3c(=O)[nH]2)cc1,685.0,6.164309428507575,1,250.30100000000002
Cc1ccc(-c2nc3c(O)cccc3c(=O)[nH]2)cc1,559.0,6.252588192113577,1,252.27300000000005
Cc1ccc(-c2nc3cccc4c3n2CCNC4=O)cc1,111.0,6.954677021213342,1,277.327
Cc1ccc(-c2nc3ccccc3c(=O)[nH]2)cc1,424.0,6.372634143407267,1,236.27400000000003
Cc1ccc(-c2nnc(C3CCN(C(=O)CCCc4nc5ccccc5c(=O)[nH]4)CC3)o2)cc1,3300.0,5.481486060122113,0,457.53400000000016
Cc1ccc(-c2nnc3n2CCN(C(=O)c2cc(Cc4n[nH]c(=O)c5ccccc45)ccc2F)C3)o1,0.24,9.619788758288394,1,484.49100000000016
Cc1ccc(C(=O)C2CCN(CC(=O)NCc3nc4c(c(=O)[nH]3)COCC4)CC2)cc1,8300.0,5.080921907623926,0,424.5010000000003
Cc1ccc(C(=O)N2CCN(C(=O)c3cc(Cc4n[nH]c(=O)c5ccccc45)cc(F)c3F)CC2)cc1,29.1,7.536107011014093,1,502.5210000000002
Cc1ccc(C(=O)N2CCN(C(=O)c3cc(Cc4n[nH]c(=O)c5ccccc45)ccc3F)CC2)cc1I,16.9,7.772113295386326,1,610.4270000000001
Cc1ccc(C(=O)N2CCN(C(=O)c3ccc(-c4nc5c(C(N)=O)cccc5[nH]4)cc3F)CC2C)o1,5.72,8.242603971206975,1,489.50700000000023
Cc1ccc(C(=O)Nc2cccc3c(=O)[nH]ccc23)cc1,13400.0,4.872895201635193,0,278.31100000000004
Cc1ccc(C(C)C)c(Br)c1Oc1ccc(Cl)cc1NC(=O)c1cc(Cl)cc(Br)c1O,78000.0,4.107905397309519,0,588.123
Cc1ccc(C(N)=O)cc1NC(=O)/C=C\C(=O)O,20000.0,4.698970004336019,0,248.23800000000003
Cc1ccc(C2=CCN(CCCc3nc(O)c4ccccc4n3)CC2)cc1,17.0,7.769551078621726,1,359.4730000000001
Cc1ccc(C2=Nc3cccc4c(=O)[nH]nc(c34)N2)cc1,152.0,6.818156412055227,1,276.29900000000004
Cc1ccc(C2c3n[nH]c(=O)c4cccc(c34)NC2c2ccc(CN(C)C)cc2)cc1,1.95,8.709965388637482,1,410.5210000000002
Cc1ccc(CN2CCC(N3Cc4cccc(C(N)=O)c4C3=O)CC2)cc1,110.0,6.958607314841775,1,363.4610000000002
Cc1ccc(CN2CCN(Cc3c(O)cc(O)c4c(=O)cc(-c5ccc(O)cc5)oc34)CC2)cc1,30.6,7.51427857351842,1,472.5410000000003
Cc1ccc(Cl)cc1N1CCN(C(=O)c2cc(Cc3n[nH]c(=O)c4ccccc34)cc(F)c2F)CC1,323.7,6.489857300597427,1,508.95600000000024
Cc1ccc(Cn2cc(/C=C3\SC(=O)NC3=O)c3ccccc32)cc1,13950.0,4.855425792390384,0,348.4270000000001
Cc1ccc(N2CCN(C(=O)CCc3nc4ccccc4c(=O)[nH]3)CC2)nc1,35.0,7.455931955649724,1,377.44800000000015
Cc1ccc(N2CCN(C(=O)c3cc(Cc4n[nH]c(=O)c5ccccc45)cc(F)c3F)CC2)cc1,0.1,10.0,1,474.51100000000025
Cc1ccc(N2CCN(Cc3c(O)cc(O)c4c(=O)cc(-c5ccc(O)cc5)oc34)CC2)cc1,48.5,7.314258261397736,1,458.5140000000003
Cc1ccc(N2CCN(Cc3ccc4c5c(c(=O)[nH]c4c3)CCCN5)CC2)nn1,17.4,7.7594507517174005,1,390.49100000000027
Cc1ccc(NC(=O)CCn2c(=O)[nH]c(=O)c3ccccc32)c(O)c1,350.0,6.455931955649724,1,339.35100000000006
Cc1ccc(NC(=O)c2ccc(NC(=O)N3CCN(C(=O)c4cc(Cc5n[nH]c(=O)c6ccccc56)ccc4F)CC3)cc2)cc1,0.49,9.309803919971486,1,618.6690000000002
Cc1ccc(NS(=O)(=O)c2ccc(NC(=O)Cn3c(=O)[nH]c(=O)c4ccccc43)cc2C)c(C)c1,1280.0,5.892790030352131,0,492.55700000000024
Cc1ccc(Nc2nccc(N(C)c3ccc4c(C)n(C)nc4c3)n2)cc1-c1nc2c(C(N)=O)cccc2[nH]1,60.9,7.215382707367125,1,517.5970000000003
Cc1ccc(Nc2nccc(N(C)c3ccc4c(C)n(C)nc4c3)n2)cc1-c1nc2cc(F)c(F)cc2[nH]1,682.0,6.166215625343521,1,510.5520000000002
Cc1ccc(Nc2nccc(N(C)c3ccc4c(C)n(C)nc4c3)n2)cc1-c1nc2ccccc2[nH]1,10000.0,5.0,0,474.5720000000002
Cc1ccc(S(=O)(=O)N2CCN(CC3=Nc4cccc5c(=O)[nH]nc(c45)N3)CC2)cc1,21.0,7.6777807052660805,1,438.51300000000015
Cc1ccc(S(=O)(=O)N2C[C@@H]3CCCN4CCC[C@@H]([C@H]34)[C@H]2CCCc2nc3cc(Br)ccc3n2S(=O)(=O)c2ccc(C)cc2)cc1,1410.0,5.85078088734462,0,725.7750000000001
Cc1ccc(S(=O)(=O)N2C[C@@H]3CCCN4CCC[C@@H]([C@H]34)[C@H]2CCCc2nc3ccc(Br)cc3n2S(=O)(=O)c2ccc(C)cc2)cc1,4170.0,5.379863945026242,0,725.7750000000001
Cc1ccc(S(=O)(=O)NCC2=Nc3cccc4c(=O)[nH]nc(c34)N2)cc1,171.0,6.767003889607846,1,369.40600000000006
Cc1ccc2[nH]c(=O)n(C3CCN(C(=O)CCCc4nc5ccccc5c(=O)[nH]4)CC3)c2c1,1930.0,5.714442690992226,0,445.5230000000002
Cc1ccc2[nH]c(CCNC(=O)c3ccc(/C=C4\Oc5c(C(N)=O)cccc5C4=O)cc3)nc2c1,21.939999999999998,7.658763376761308,1,466.49700000000024
Cc1ccc2[nH]c3c4c(c5c(c3c2c1)CNC5=O)CCC4,200.0,6.698970004336019,1,276.33900000000006
Cc1ccc2c(=O)[nH]c(-c3ccc(C(C)(C)O)cc3)cn12,665.3333333333334,6.17696071776831,1,282.343
Cc1ccc2c(=O)[nH]c(-c3ccc(C(C)(C)O)cc3)nn12,950.0,6.022276394711152,1,283.331
Cc1ccc2c(=O)[nH]c(-c3ccc(C(C)(C)OCCO)cc3)cn12,693.0,6.159266765388193,1,326.396
Cc1ccc2c(=O)[nH]c(-c3ccc(C4(O)CC4)cc3)cn12,330.0,6.481486060122113,1,280.327
Cc1ccc2c(=O)[nH]c(-c3ccc(C4(O)COC4)cc3)cn12,350.0,6.455931955649724,1,296.32599999999996
Cc1ccc2c(=O)[nH]c(-c3ccc([C@@](C)(O)CCO)cc3)cn12,340.0,6.468521082957745,1,312.36899999999997
Cc1ccc2c(=O)[nH]c(-c3ccc([C@@](C)(O)CO)cc3)cn12,748.0,6.126098402135539,1,298.342
Cc1ccc2c(=O)[nH]c(-c3ccc([C@](C)(O)CCO)cc3)cn12,770.0,6.113509274827518,1,312.36899999999997
Cc1ccc2c(=O)[nH]c(-c3ccc([C@](C)(O)CO)cc3)cn12,604.0,6.218963061378868,1,298.342
Cc1ccc2c(=O)[nH]c(CCC(=O)N3CCN(c4ccc(C#N)cn4)CC3)nc2c1,196.0,6.707743928643524,1,402.45800000000014
Cc1ccc2c(=O)[nH]c(CCCC(=O)N3CCC(Oc4ccc(C#N)cc4)CC3)nn12,120.0,6.920818753952375,1,419.4850000000001
Cc1ccc2c(=O)[nH]c(CSc3ncccn3)nc2c1C,30000.0,4.522878745280337,0,298.3710000000001
Cc1ccc2c(=O)[nH]cnc2c1,25000.0,4.6020599913279625,0,160.176
Cc1ccc2c(=O)[nH]nc3c2c1NC1=C3CCCC1,70.7,7.150580586203101,1,253.30499999999995
Cc1ccc2c(c1)C(=O)NCC2,100000.0,4.0,0,161.20399999999998
Cc1ccc2c(c1)CCCN2C(=O)CCc1nc(O)c2ccccc2n1,1030.0,5.987162775294828,0,347.418
Cc1ccc2c(c1)CCN1C(=O)c3ccccc3C21O,976.5,6.010327752376127,1,265.312
Cc1ccc2c(c1)[nH]c(=O)n2C1CCN(C(=O)CCCc2nc3ccccc3c(=O)[nH]2)CC1,867.0,6.06198090252379,1,445.52300000000025
Cc1ccc2c(c1)sc1nnc(N)n12,1610.905,5.7929300705009,0,204.258
Cc1ccc2cccc(C(N)=O)c2n1,500.0,6.301029995663981,1,186.21399999999997
Cc1ccc2nc(CCC(=O)N3CCN(c4ccc(C#N)cn4)CC3)[nH]c(=O)c2c1,23.0,7.638272163982407,1,402.4580000000002
Cc1ccc2nc3c4ccccc4c(=O)[nH]c3n2c1,4270.0,5.369572124974976,0,249.27300000000002
Cc1ccc2nc3ccccc3c(Nc3ccc(-c4nc5c(C(N)=O)cccc5[nH]4)cc3)c2c1,100.0,7.0,1,443.5100000000002
Cc1ccc2nc3ccccc3c(Nc3cccc(-c4nc5c(C(N)=O)cccc5[nH]4)c3)c2c1,510.0,6.292429823902063,1,443.5100000000002
Cc1ccc2nc3n(c2c1)CCN(C(=O)c1cc(Cc2n[nH]c(=O)c4ccccc24)ccc1F)C3,0.47,9.327902142064282,1,467.5040000000002
Cc1ccc2nc[nH]c(=O)c2c1,25000.0,4.6020599913279625,0,160.17600000000002
Cc1cccc(-c2nnc(C3CCN(C(=O)CCCc4nc5ccccc5c(=O)[nH]4)CC3)o2)c1,3130.0,5.504455662453552,0,457.53400000000016
Cc1cccc(-c2nnc3n2C(C)CN(C(=O)c2cc(Cc4n[nH]c(=O)c5ccccc45)ccc2F)C3)n1,5.0,8.301029995663981,1,509.54500000000024
Cc1cccc(-c2nnc3n2CCN(C(=O)c2cc(Cc4n[nH]c(=O)c5ccccc45)ccc2F)C3)n1,13.45,7.871277715661574,1,495.5180000000002
Cc1cccc(C(N)=O)c1,19000.0,4.721246399047171,0,135.16600000000003
Cc1cccc(CN2CCC(CN3Cc4cccc(C(N)=O)c4C3=O)CC2)c1,40.0,7.3979400086720375,1,377.4880000000002
Cc1cccc(CN2CCC(N3Cc4cccc(C(N)=O)c4C3=O)CC2)c1,9900.0,5.00436480540245,0,363.4610000000002
Cc1cccc(N2CCN(C(=O)CCc3nc4ccccc4c(=O)[nH]3)CC2)n1,359.0,6.444905551421681,1,377.44800000000015
Cc1cccc2c(=O)[nH]c(-c3ccc(Br)cc3)nc12,5000.0,5.301029995663981,0,315.1700000000001
Cc1cccc2c(=O)[nH]c(-c3ccc(C(C)(C)O)cc3)nc12,79.0,7.102372908709558,1,294.35400000000004
Cc1cccc2c(=O)[nH]c(-c3ccc(CN(C)C)cc3)cc12,267.0,6.573488738635425,1,292.382
Cc1cccc2c(=O)[nH]c(-c3ccc(CN)cc3)nc12,266.0,6.575118363368933,1,265.31600000000003
Cc1cccc2c(=O)[nH]c(-c3ccc(CN4CCC(N(C)C)CC4)cc3)cc12,465.0,6.3325470471100465,1,375.51600000000013
Cc1cccc2c(=O)[nH]c(-c3ccc(CN4CCN(C)CC4)cc3)cc12,652.0,6.185752404268079,1,347.4620000000001
Cc1cccc2c(=O)[nH]c(-c3ccc(CNC(=O)OCc4ccccc4)cc3)nc12,5000.0,5.301029995663981,0,399.45000000000016
Cc1cccc2c(=O)[nH]c(-c3ccc(Cl)cc3)nc12,5000.0,5.301029995663981,0,270.71900000000005
Cc1cccc2c(=O)[nH]c(-c3ccc(F)cc3)nc12,5000.0,5.301029995663981,0,254.264
Cc1cccc2c(=O)[nH]c(C3=CC(N4CC=C(c5ccc(F)cc5)CC4)CC3)nc12,25.0,7.6020599913279625,1,401.48500000000024
Cc1cccc2c(=O)[nH]c(C3=CC(N4CCC(c5ccc(Cl)cc5)CC4)CC3)nc12,46.0,7.337242168318426,1,419.95600000000024
Cc1cccc2c(=O)[nH]c(C3=CC(N4CCC(c5ccc(F)cc5)CC4)CC3)nc12,30.0,7.522878745280337,1,403.5010000000002
Cc1cccc2c(=O)[nH]c(C3=CC(N4CCN(c5ccc(Cl)cc5)CC4)CC3)nc12,12.0,7.920818753952375,1,420.9440000000002
Cc1cccc2c(=O)[nH]c(CC(C)(C)CC(=O)N3CCC(C(=O)c4cccc(C(=O)O)c4)CC3)nc12,1500.0,5.823908740944319,0,489.57200000000034
Cc1cccc2c(=O)[nH]c(CCC(=O)N3CCN(c4ccc(C#N)cn4)CC3)nc12,7.0,8.154901959985743,1,402.45800000000014
Cc1cccc2c(=O)[nH]c(CCC(=O)Nc3ccc(C(=O)Nc4cccc5cccnc45)cc3)nc12,6485.513333333333,5.1880556434795215,0,477.52400000000017
Cc1cccc2c(=O)[nH]c(CCC(=O)O)nc12,3803.465,5.4198205758272096,0,232.23899999999998
Cc1cccc2c(=O)[nH]c(CCCN3CC=C(c4ccc(Cl)cc4)CC3)nc12,16.0,7.795880017344075,1,393.9180000000001
Cc1cccc2c(=O)[nH]c(CCCN3CC=C(c4ccc(F)cc4)CC3)nc12,12.0,7.920818753952375,1,377.4630000000001
Cc1cccc2c(=O)[nH]c(CCCN3CCC(c4ccc(F)cc4)CC3)nc12,16.0,7.795880017344075,1,379.4790000000001
Cc1cccc2c(=O)[nH]c(CCN3CCC[C@@H]3CO)cc12,29.0,7.5376020021010435,1,286.37499999999994
Cc1cccc2c(=O)[nH]c(CSc3ncccn3)nc12,800.0,6.096910013008056,1,284.34400000000005
Cc1cccc2c(=O)[nH]c(C[C@@H](C)CC(=O)N3CCC(C(=O)c4cccc(C(=O)O)c4)CC3)nc12,310.0,6.508638306165727,1,475.5450000000003
Cc1cccc2c(=O)[nH]c(C[C@H](C)CC(=O)N3CCC(C(=O)c4cccc(C(=O)O)c4)CC3)nc12,390.0,6.4089353929735005,1,475.5450000000003
Cc1cccc2c(=O)[nH]cnc12,1320.0,5.87942606879415,0,160.17600000000002
Cc1cccc2c(Nc3ccc(-c4nc5c(C(N)=O)cccc5[nH]4)cc3)c3ccccc3nc12,140.0,6.853871964321762,1,443.5100000000001
Cc1cccc2c(Nc3cccc(-c4nc5c(C(N)=O)cccc5[nH]4)c3)c3ccccc3nc12,450.0,6.346787486224656,1,443.51000000000016
Cc1cccc2c(O)nc(-c3ccc(C(F)(F)F)cc3)nc12,5000.0,5.301029995663981,0,304.271
Cc1cccc2c(O)nc(-c3ccc(N)cc3)nc12,504.0,6.297569463554475,1,251.28900000000002
Cc1cccc2c(O)nc(-c3ccc(O)cc3)nc12,1200.0,5.920818753952375,0,252.27300000000002
Cc1cccc2c(O)nc(-c3ccc([N+](=O)[O-])cc3)nc12,104.0,6.982966660701219,1,281.271
Cc1cccc2c(O)nc(-c3ccccc3)nc12,795.0,6.0996328713435295,1,236.27400000000003
Cc1cccc2c(O)nc(CCCN3CC=C(c4ccccc4)CC3)nc12,14.0,7.853871964321762,1,359.47300000000007
Cc1cccc2c(O)nc3cc(C(F)(F)F)c(N)cc3c12,44.0,7.356547323513812,1,292.26
Cc1cccc2c(O)nc3cc(C(F)(F)F)c(NC(=O)CCl)cc3c12,33.0,7.481486060122112,1,368.7420000000001
Cc1cccc2c(O)nc3cc(C(F)(F)F)c([N+](=O)[O-])cc3c12,136.0,6.866461091629782,1,322.2420000000001
Cc1cccc2c(O)nc3cc(F)ccc3c12,92.0,7.036212172654444,1,227.238
Cc1cccc2c1CCNC2=O,243.33333333333334,6.613798394599207,1,161.204
Cc1cccc2nc(CCC(=O)N3CCN(c4ccc(C#N)cn4)CC3)[nH]c(=O)c12,54.0,7.267606240177032,1,402.4580000000002
Cc1cccc2nc3c4ccccc4c(=O)[nH]c3n12,100000.0,4.0,0,249.27300000000002
Cc1cccc2nc[nH]c(=O)c12,25000.0,4.6020599913279625,0,160.176
Cc1ccccc1C(=O)Nc1cccc2c(=O)[nH]ccc12,31600.0,4.5003129173815966,0,278.31100000000004
Cc1ccccc1CN1CCC(N2Cc3cccc(C(N)=O)c3C2=O)CC1,1100.0,5.958607314841775,0,363.4610000000002
Cc1ccccc1CN1CCN(c2nc3c(c(=O)[nH]2)CCCN3C)CC1,17400.0,4.7594507517174005,0,353.4700000000002
Cc1ccccc1NC(=O)c1ccc(NC(=O)N2CCN(C(=O)c3cc(Cc4n[nH]c(=O)c5ccccc45)ccc3F)CC2)cc1,1.62,8.790484985457368,1,618.6690000000002
Cc1cccn2c1nc1c3ccccc3c(=O)[nH]c12,3310.0,5.480172006224281,0,249.27300000000002
Cc1cccnc1CN1CCN(c2nc3c(c(=O)[nH]2)CCCN3C)CC1,21500.0,4.667561540084395,0,354.45800000000025
Cc1cccnc1N1CCN(C(=O)CCc2nc3ccccc3c(=O)[nH]2)CC1,120.0,6.920818753952375,1,377.44800000000015
Cc1cccnc1N1CCN(Cc2cc(C)c3c4c(c(=O)[nH]c3c2)CCCN4)CC1,15.4,7.8124792791635365,1,403.53000000000026
Cc1cccnc1N1CCN(Cc2cc(CO)c3c4c(c(=O)[nH]c3c2)CCCN4)CC1,14.7,7.8326826652518236,1,419.5290000000003
Cc1cccnc1N1CCN(Cc2cc(F)c3c4c(c(=O)[nH]c3c2)CCCN4)CC1,19.6,7.707743928643524,1,407.4930000000002
Cc1cccnc1N1CCN(Cc2ccc3c4c(c(=O)[nH]c3c2)CCCN4)CC1,5.49,8.260427655549908,1,389.5030000000002
Cc1cccnc1N1CCN(c2nc3c(C(N)=O)cc(F)cc3[nH]2)CC1,48.0,7.318758762624412,1,354.3890000000001
Cc1ccn2c(c1)nc1c3ccccc3c(=O)[nH]c12,470.0,6.327902142064283,1,249.27300000000002
Cc1ccn2c(n1)nc1c3ccccc3c(=O)[nH]c12,560.0,6.251811972993799,1,250.26100000000002
Cc1ccnc(CN2CCN(c3nc4c(c(=O)[nH]3)CCCN4C)CC2)n1,5660.0,5.247183568811729,0,355.4460000000002
Cc1ccnc(N2CCN(C(=O)CCc3nc4ccccc4c(=O)[nH]3)CC2)c1,129.0,6.889410289700751,1,377.44800000000015
Cc1ccoc1C(=O)N1CCN(C(=O)c2ccc(-c3nc4c(C(N)=O)cccc4[nH]3)cc2)C(C)C1,16.3,7.787812395596042,1,471.5170000000002
Cc1ccoc1C(=O)N1CCN(C(=O)c2ccc(-c3nc4c(C(N)=O)cccc4[nH]3)cc2F)CC1C,5.18,8.285670240254767,1,489.50700000000023
Cc1cnc(CN2CCN(c3nc4c(c(=O)[nH]3)CCCN4C)CC2)nc1,7220.0,5.141462802430361,0,355.44600000000014
Cc1cnc(N2CCN(CCCc3nc4c(Cl)cccc4c(=O)[nH]3)CC2)n1C,9.0,8.045757490560675,1,400.91400000000016
Cc1cnc(N2CCN(Cc3ccc4c(c3)[nH]c(=O)c3ccccc34)CC2)n1C,9.0,8.045757490560675,1,387.4870000000002
Cc1cnc(N2CCN(Cc3ccc4c(c3)[nH]c(=O)c3cccnc34)CC2)n1C,30.0,7.522878745280337,1,388.4750000000002
Cc1cnc(N2CCN(Cc3ccc4c(c3)[nH]c(=O)c3ncccc34)CC2)n1C,82.0,7.086186147616283,1,388.4750000000002
Cc1cnc(N2CCN(Cc3ccc4c5c(c(=O)[nH]c4c3)CCCC5)CC2)n1C,9.0,8.045757490560675,1,391.5190000000003
Cc1cnc(N2CCN(Cc3ccc4c5c(c(=O)[nH]c4c3)CCCN5)CC2)n1C,51.0,7.292429823902063,1,392.50700000000023
Cc1cnc(N2CCN(Cc3ccc4c5c(c(=O)[nH]c4c3)COCC5)CC2)n1C,38.0,7.42021640338319,1,393.49100000000027
Cc1cnc(N2CCN(Cc3cnc4cc(C5CC5)c(=O)[nH]c4c3)CC2)n1C,8.8,8.05551732784983,1,378.48000000000013
Cc1cnc(Nc2ccc(-c3nc4c(C(N)=O)cccc4[nH]3)cc2)nc1N(C)c1ccc2c(C)n(C)nc2c1,109.0,6.962573502059376,1,517.5970000000002
Cc1cnc2c(C(N)=O)cccc2c1,3400.0,5.468521082957745,0,186.21400000000003
Cc1csc(CC(=O)N2CCc3cccc4c3C2CNC4=O)n1,6.0,8.221848749616356,1,327.40900000000005
Cc1csc2c(=O)[nH]c(-c3ccc(C(C)(C)O)cc3)nc12,440.0,6.356547323513812,1,300.38300000000004
Cc1nc(-c2ccc3[nH]c4c5c(c6c(c4c3c2)C(=O)NC6=O)CCC5)c(Br)s1,84.0,7.075720713938118,1,452.33300000000014
Cc1nc(-c2ccc3[nH]c4c5c(c6c(c4c3c2)C(=O)NC6=O)CCC5)cs1,40.0,7.3979400086720375,1,373.4370000000001
Cc1nc(-c2ccccc2)sc1C(=O)Nc1cccc(Cc2nnc(O)c3ccccc23)c1,27.0,7.568636235841013,1,452.53900000000016
Cc1nc(-c2nnc3n2CCN(C(=O)c2cc(Cc4n[nH]c(=O)c5ccccc45)ccc2F)C3)cs1,2.14,8.669586226650809,1,501.54700000000014
Cc1nc(C)c(Cn2c(=O)n(-c3ncns3)c3cc(S(=O)(=O)NC4(C)CC4)ccc32)s1,150000.0,3.8239087409443187,0,476.60900000000026
Cc1nc(C)c(Cn2c(=O)n(-c3nnc(C(F)F)s3)c3cc(S(=O)(=O)NC4(C)CC4)ccc32)s1,150000.0,3.8239087409443187,0,526.6160000000002
Cc1nc(C)c(Cn2c(=O)n(C)c(=O)c3cc(S(=O)(=O)NC4(C)CC4)ccc32)s1,150000.0,3.8239087409443187,0,434.5430000000002
Cc1nc(C)c(Cn2c(=O)n(Cc3c(C)noc3C)c(=O)c3cc(S(=O)(=O)NC4(C)CC4)ccc32)s1,150000.0,3.8239087409443187,0,529.6440000000002
Cc1nc(C)c(Cn2c(=O)n(Cc3cnn(C)c3)c(=O)c3cc(S(=O)(=O)NC4(CF)CC4)ccc32)s1,150000.0,3.8239087409443187,0,532.6230000000003
Cc1nc(O)c2c(Cl)cccc2n1,1193.3333333333333,5.923238228075788,0,194.621
Cc1nc(O)c2c(n1)Oc1[nH]c(=O)[nH]c(=O)c1C2c1cccs1,16160.0,4.791558643561433,0,330.32500000000005
Cc1nc(O)c2cccc(C)c2n1,490.0,6.309803919971486,1,174.20299999999995
Cc1nc2c(C(N)=O)cccc2[nH]1,1000.0,6.0,1,175.191
Cc1nc2c(Cl)cccc2c(=O)[nH]1,2650.0,5.576754126063192,0,194.62099999999998
Cc1nc2c(F)cc(CN3CCN(c4ccc(C(=O)NC5CC5)nc4F)CC3)cc2[nH]c1=O,5.0,8.301029995663981,1,454.4810000000002
Cc1nc2c(N)cccc2c(=O)[nH]1,400.0,6.3979400086720375,1,175.19099999999997
Cc1nc2ccc(N3CCN(Cc4ccc5c6c(c(=O)[nH]c5c4)CCCN6)CC3)cc2o1,24.5,7.610833915635467,1,429.5240000000002
Cc1nc2cccc(C)c2c(=O)[nH]1,5310.0,5.274905478918531,0,174.20299999999997
Cc1nc2cccc(F)c2c(=O)[nH]1,1970.0,5.705533773838407,0,178.16599999999997
Cc1nc2cccc3c2n1CCNC3=O,141.0,6.85078088734462,1,201.22899999999993
Cc1nc2ccccc2c(=O)[nH]1,3405.0,5.467882883751196,0,160.17599999999996
Cc1nc2nc(N3CCN(C(=O)c4cc(Cc5n[nH]c(=O)c6ccccc56)ccc4F)CC3)ccc2[nH]1,9.0,8.045757490560675,1,497.5340000000002
Cc1nc2nc(N3CCN(C(=O)c4cccc(Cc5n[nH]c(=O)c6ccccc56)c4)CC3)ccc2[nH]1,17.0,7.769551078621726,1,479.5440000000002
Cc1ncc(Cn2c(=O)c3cc(S(=O)(=O)NC4(C)CC4)ccc3n(CC3CC3)c2=O)s1,150000.0,3.8239087409443187,0,460.58100000000036
Cc1ncc(Cn2c(=O)c3cc(S(=O)(=O)NC4(C)CC4)ccc3n(Cc3sc(C)nc3C)c2=O)s1,150000.0,3.8239087409443187,0,531.6850000000004
Cc1ncc(Cn2c(=O)n(-c3nnc(C)s3)c3cc(S(=O)(=O)NC4(C)CC4)ccc32)s1,150000.0,3.8239087409443187,0,476.6090000000002
Cc1ncc2c(=O)[nH]c(-c3ccc(C(C)(C)C)cc3)cn12,28000.0,4.552841968657781,0,281.359
Cc1ncc2c(=O)[nH]c(-c3ccc(C(C)(C)O)cc3)cn12,23000.0,4.638272163982407,0,283.331
Cc1nccnc1CN1CCN(c2nc3c(c(=O)[nH]2)CCCN3C)CC1,5830.0,5.2343314452409855,0,355.4460000000002
Cc1nn(-c2ccccc2)c2[nH]c(=O)c3c(c12)CCC3,10000.0,5.0,0,265.316
Cc1nn(-c2ccccc2)c2[nH]c(=O)c3c(c12)CCCC3,9720.0,5.012333735073725,0,279.343
Cc1nn(-c2ccccc2)c2[nH]c(=O)c3c(c12)CSC3,10000.0,5.0,0,283.356
Cc1nn(C(C)(C)C)c2[nH]c(=O)c3c(c12)CCC3,519.2,6.284665316207687,1,245.32599999999994
Cc1nn(C(C)(C)C)c2[nH]c(=O)c3c(c12)CSC3,1841.5,5.734828276809068,0,263.366
Cc1nn(C)c2[nH]c(=O)c3c(c12)CCC3,29.8,7.525783735923745,1,203.24499999999995
Cc1nn(C)c2[nH]c(=O)c3c(c12)CCCC3,2.2,8.657577319177793,1,217.27199999999993
Cc1nn(C)c2[nH]c(=O)c3c(c12)CSC3,92.7,7.032920265855503,1,221.28499999999997
Cc1nn(C)c2[nH]c3c(c(=O)c12)CCC3,7000.0,5.154901959985743,0,203.24499999999995
Cc1nn(C)c2[nH]c3c(c(=O)c12)CCCC3,10000.0,5.0,0,217.27199999999993
Cc1nn(C)c2[nH]c3c(c(=O)c12)CSC3,10000.0,5.0,0,221.28499999999997
Cc1nnc(-n2c(=O)n(CC3CC3)c3ccc(S(=O)(=O)NC4(C)CC4)cc32)s1,150000.0,3.8239087409443187,0,419.53200000000015
Cc1nnc(-n2c(=O)n(Cc3ccc(F)cc3)c3ccc(S(=O)(=O)NC4(C)CC4)cc32)s1,150000.0,3.8239087409443187,0,473.55500000000023
Cc1nnc(-n2c(=O)n(Cc3sc(C)nc3C)c3ccc(S(=O)(=O)NC4(C)CC4)cc32)s1,150000.0,3.8239087409443187,0,490.63600000000025
Cc1nnc(-n2cc(Cc3sc(C)nc3C)c3ccc(S(=O)(=O)NC4(C)CC4)cc32)s1,150000.0,3.8239087409443187,0,473.6490000000002
Cc1nnc(-n2cnc3ccc(S(=O)(=O)NC4(C)CC4)cc32)s1,150000.0,3.8239087409443187,0,349.44100000000014
Cc1nnc(-n2nc(Cc3ccc(F)cc3)c3ccc(S(=O)(=O)NC4(C)CC4)cc32)s1,150000.0,3.8239087409443187,0,457.55600000000027
Cc1nnc2n1CCN(C(=O)c1ccc(/C=C3\Oc4c(C(N)=O)cccc4C3=O)cc1)C2,80.215,7.095744412163456,1,429.4360000000002
Cc1nnc2n1N=C(c1ccccc1OCCNCCCNCCOc1ccccc1C1=Nn3c(C)nnc3SC1)CS2,1.37,8.863279432843592,1,618.7930000000001
Cc1noc(-c2cccc(Cc3nnc(O)c4ccccc34)c2)n1,189.0,6.723538195826756,1,318.336
Cc1noc(C)c1-c1ccc2c(c1)C(c1ccccc1)N(CC(=O)NC(C)(C)c1nc3c(C(N)=O)cccc3[nH]1)C(=O)N2,62.0,7.2076083105017466,1,577.6450000000003
Cc1noc(C)c1-c1ccc2c(c1)C(c1ccccc1)N(CC(=O)NC(c1nc3c(C(N)=O)cccc3[nH]1)C(C)C)C(=O)N2,326.0,6.486782399932061,1,591.6720000000003
Cc1noc(C)c1-c1ccc2c(c1)C(c1ccccc1)N(CC(=O)NCc1nc3c(C(N)=O)cccc3[nH]1)C(=O)N2C,73.0,7.136677139879544,1,563.6180000000003
Cc1noc(C)c1-c1ccc2c(c1)C(c1ccccc1)N(CC(=O)N[C@@H](C)c1nc3c(C(N)=O)cccc3[nH]1)C(=O)N2,52.0,7.2839966563652006,1,563.6180000000003
Cc1noc(C)c1-c1ccc2c(c1)C(c1ccccc1)N(CC(=O)N[C@@H](C)c1nc3c(C(N)=O)cccc3[nH]1)C(=O)N2C,187.0,6.728158393463501,1,577.6450000000002
Cc1noc(C)c1-c1ccc2c(c1)C(c1ccccc1)N(CC(=O)N[C@H](C)c1nc3c(C(N)=O)cccc3[nH]1)C(=O)N2,112.0,6.950781977329818,1,563.6180000000003
Cc1noc(C)c1-c1ccc2c(c1)C(c1ccccc1)N(CC(=O)c1nc3c(C(N)=O)cccc3[nH]1)C(=O)N2,116.0,6.935542010773082,1,520.5490000000003
Cc1noc(C)c1-c1ccc2c(c1)C(c1ccccc1)N(Cc1nc3c(C(N)=O)cccc3[nH]1)C(=O)N2,361.0,6.442492798094342,1,492.53900000000027
Cc1noc(C)c1-c1ccc2c(c1)C(c1ccccc1)N(Cc1nc3c(C(N)=O)cccc3[nH]1)C(=O)N2C,49.0,7.309803919971486,1,506.5660000000003
Cc1noc(C)c1Cn1c(=O)c2cc(S(=O)(=O)NC3(C)CC3)ccc2n(CC2CC2)c1=O,150000.0,3.8239087409443187,0,458.5400000000003
Cc1noc(C)c1S(=O)(=O)N1CCCN(C(=O)c2cccc(Cc3nnc(O)c4ccccc34)c2)CC1,12.0,7.920818753952375,1,521.5990000000002
Cc1noc2ccc(N3CCN(Cc4ccc5c6c(c(=O)[nH]c5c4)CCCN6)CC3)cc12,7.61,8.118615343229427,1,429.5240000000002
Cc1oc(C(N)=O)cc1COc1ccccc1C(N)=O,1660.0,5.779891911959945,0,274.276
Cc1sc(-c2ccccc2)nc1C(=O)Nc1cccc(Cc2n[nH]c(=O)c3ccccc23)c1,27.0,7.568636235841013,1,452.5390000000002
Cc1sc(N)nc1-c1ccc2[nH]c3c4c(c5c(c3c2c1)C(=O)NC5=O)CCC4,50.0,7.301029995663981,1,388.4520000000002
Cc1sc2nc(SCC(=O)N3CCN(CCO)CC3)[nH]c(=O)c2c1C,720.0,6.142667503568732,1,382.51100000000014
Cn1c(-c2cc3c(s2)C(C(C)(C)C)NCC3)nc2c(C(N)=O)cc(F)cc21,153.0,6.815308569182402,1,386.4960000000001
Cn1c(-c2cc3c(s2)CNCC3)nc2c(C(N)=O)cc(F)cc21,18.0,7.7447274948966935,1,330.388
Cn1c(=O)c(=O)n(CC2CC2)c2ccc(S(=O)(=O)NC3(C)CC3)cc21,150000.0,3.8239087409443187,0,363.43900000000014
Cn1c(=O)n(-c2nnc(C(F)F)s2)c2cc(S(=O)(=O)NC3(C)CC3)ccc21,150000.0,3.8239087409443187,0,415.4470000000002
Cn1c(=O)n(-c2nnc(C(F)F)s2)c2cc(S(=O)(=O)NC3(CF)CC3)c(F)cc21,150000.0,3.8239087409443187,0,451.4270000000002
Cn1c(=O)n(C2CCN(C(=O)CCCc3nc4ccccc4c(=O)[nH]3)CC2)c2ccccc21,3200.0,5.494850021680094,0,445.5230000000002
Cn1c(C(=O)N2CC=C(c3ccc(F)cc3)CC2)cc2c1-c1ccccc1C(=O)NC2,1673.0,5.776504059037605,0,415.46800000000013
Cn1c(C(=O)N2CCCNCC2)c(Br)c2[nH]c(=O)c3ccccc3c21,100.0,7.0,1,403.28000000000014
Cn1c(C(=O)N2CCCNCC2)c(Cl)c2[nH]c(=O)c3ccccc3c21,100.0,7.0,1,358.82900000000006
Cn1c(C(=O)N2CCCNCC2)cc2[nH]c(=O)c3ccccc3c21,100.0,7.0,1,324.384
Cn1c(C(=O)N2CCN(Cc3ccc([N+](=O)[O-])cc3)CC2)cc2[nH]c(=O)c3ccccc3c21,10000.0,5.0,0,445.4790000000002
Cn1c(C(=O)N2CCN(Cc3ccccc3)CC2)cc2[nH]c(=O)c3ccccc3c21,860.0,6.0655015487564325,1,400.48200000000014
Cn1c(C(=O)N2CCNCC2)cc2[nH]c(=O)c3ccccc3c21,44.0,7.356547323513812,1,310.357
Cn1c(C(=O)NCCCN2CCOCC2)cc2[nH]c(=O)c3ccccc3c21,100.0,7.0,1,368.43700000000007
Cn1c(C(=O)NCCN2CCCC2)cc2c1-c1ccccc1C(=O)NC2,8167.0,5.087937444411498,0,352.43800000000005
Cn1c(C2CC2)nc2ccc(S(=O)(=O)NC3(C)CC3)cc2c1=O,150000.0,3.8239087409443187,0,333.4130000000002
Cn1c(COc2ccc3c(=O)[nH]nc(Cc4ccc(F)c(C(=O)N5CCN(C(=O)C6CC6)CC5)c4)c3c2)cnc1[N+](=O)[O-],108.0,6.966576244513051,1,589.5840000000004
Cn1c(COc2ccc3c(=O)[nH]nc(Cc4ccccc4)c3c2)cnc1[N+](=O)[O-],100000.0,4.0,0,391.3870000000001
Cn1c(COc2ccc3c(Cc4ccc(F)c(C(=O)N5CCN(C(=O)C6CC6)CC5)c4)n[nH]c(=O)c3c2)cnc1[N+](=O)[O-],972.0,6.012333735073725,1,589.5840000000003
Cn1c(COc2ccc3c(Cc4ccccc4)n[nH]c(=O)c3c2)cnc1[N+](=O)[O-],100000.0,4.0,0,391.38700000000017
Cn1c(COc2cccc3c(=O)[nH]nc(Cc4ccc(F)c(C(=O)N5CCN(C(=O)C6CC6)CC5)c4)c23)cnc1[N+](=O)[O-],0.511,9.291579099865288,1,589.5840000000003
Cn1c(COc2cccc3c(=O)[nH]nc(Cc4ccccc4)c23)cnc1[N+](=O)[O-],50.2,7.29929628285498,1,391.38700000000006
Cn1c([N+](=O)[O-])cnc1COc1ccc2c(=O)[nH]nc(Cc3ccc(F)c(C(=O)N4CCN(C(=O)C5CC5)CC4)c3)c2c1,193.0,6.714442690992226,1,589.5840000000002
Cn1c([N+](=O)[O-])cnc1COc1ccc2c(Cc3ccc(F)c(C(=O)N4CCN(C(=O)C5CC5)CC4)c3)n[nH]c(=O)c2c1,5450.0,5.2636034977233574,0,589.5840000000003
Cn1c2c3c4c(cccc41)C(=O)NN=C3CC(C)(C)C2,7607.6,5.11875233023989,0,267.332
Cn1c2c3c4c(cccc41)C(=O)NN=C3CCC2,5277.2,5.277596446234013,0,239.27799999999993
Cn1c2cc(F)cc(C(N)=O)c2c(=O)n1C1CCN(C2CCCCC2)CC1,15.0,7.823908740944319,1,374.46000000000026
Cn1c2cccc(C(N)=O)c2c(=O)n1C1CCN(C2CCC(F)(F)CC2)CC1,100.0,7.0,1,392.4500000000002
Cn1c2cccc(C(N)=O)c2c(=O)n1C1CCN(C2CCC2)CC1,23.0,7.638272163982407,1,328.41600000000017
Cn1c2cccc(C(N)=O)c2c(=O)n1C1CCN(C2CCCC2)CC1,130.0,6.886056647693163,1,342.4430000000002
Cn1c2cccc(C(N)=O)c2c(=O)n1C1CCN(C2CCCCC2)CC1,26.0,7.585026652029182,1,356.47000000000025
Cn1c2cccc(C(N)=O)c2c(=O)n1C1CCN(CC2CC=CCC2)CC1,44.0,7.356547323513812,1,368.4810000000002
Cn1c2cccc(C(N)=O)c2c(=O)n1C1CCN(CC2CCCCC2)CC1,190.0,6.721246399047171,1,370.4970000000003
Cn1c2cccc(C(N)=O)c2c(=O)n1C1CCN(Cc2ccco2)CC1,1300.0,5.886056647693163,0,354.41000000000014
Cn1c2cccc(C(N)=O)c2c(=O)n1C1CCN(Cc2cccs2)CC1,130.0,6.886056647693163,1,370.4780000000001
Cn1c2cccc(C(N)=O)c2c(=O)n1C1CCNCC1,50.0,7.301029995663981,1,274.32400000000007
Cn1c2ccccc2c2c3c(c4c(c21)CCC4)C(=O)NC3,800.0,6.096910013008056,1,276.33899999999994
Cn1cc(-c2ccc(=O)n(CCOc3ccnc4cc(N5CCC(NC(=O)c6cc(Cc7n[nH]c(=O)c8ccccc78)ccc6F)C5)ccc34)n2)cn1,91.7,7.037630664329979,1,711.7580000000002
Cn1cc(-c2ccc(=O)n(CCOc3ccnc4cc(N5CCC(NC(=O)c6cc(Cc7n[nH]c(=O)c8ccccc78)ccc6F)CC5)ccc34)n2)cn1,42.0,7.376750709602099,1,725.7850000000001
Cn1cc(-c2ccc(=O)n(CCOc3ccnc4cc(N5CCN(C(=O)c6cc(Cc7n[nH]c(=O)c8ccccc78)ccc6F)C(C)(C)C5)ccc34)n2)cn1,1000.0,6.0,1,739.812
Cn1cc(-c2ccc(=O)n(CCOc3ccnc4cc(N5CCN(C(=O)c6cc(Cc7n[nH]c(=O)c8ccccc78)ccc6F)CC5)ccc34)n2)cn1,0.12,9.920818753952375,1,711.758
Cn1cc(-c2ccc(=O)n(CCOc3ccnc4cc(NC5CCN(C(=O)c6cc(Cc7n[nH]c(=O)c8ccccc78)ccc6F)C5)ccc34)n2)cn1,5.8,8.236572006437063,1,711.7580000000002
Cn1cc(-c2ccc(=O)n(CCOc3ccnc4cc(NC5CCN(C(=O)c6cc(Cc7n[nH]c(=O)c8ccccc78)ccc6F)CC5)ccc34)n2)cn1,4.7,8.327902142064282,1,725.7850000000001
Cn1cc(-c2ccc(=O)n(CCOc3ccnc4cc(NCCN5CCN(C(=O)c6cc(Cc7n[nH]c(=O)c8ccccc78)ccc6F)CC5)ccc34)n2)cn1,32.2,7.492144128304169,1,754.827
Cn1cc(-c2ccc(=O)n(CCOc3ccnc4cc(OC5CCN(C(=O)c6cc(Cc7n[nH]c(=O)c8ccccc78)ccc6F)CC5)ccc34)n2)cn1,2.1,8.67778070526608,1,726.7690000000001
Cn1cc(-c2ccc(=O)n(CCOc3ccnc4cc(OCCN5CCN(C(=O)c6cc(Cc7n[nH]c(=O)c8ccccc78)ccc6F)CC5)ccc34)n2)cn1,3.7,8.431798275933005,1,755.811
Cn1cc(-c2nnc3n2CCN(C(=O)c2cc(Cc4n[nH]c(=O)c5ccccc45)ccc2F)C3)cn1,7.32,8.135488918941608,1,484.4950000000001
Cn1cc(-n2cnc3c(NCc4nc5cc(Cl)c(Cl)cc5[nH]4)nc(N4CCOCC4)nc32)cn1,10000.0,5.0,0,499.36600000000027
Cn1cc(C(=O)C2CCN(C(=O)C(C)(C)CCc3nc4ccccc4c(=O)[nH]3)CC2)cn1,11000.0,4.958607314841775,0,435.52800000000013
Cn1cc(C(=O)C2CCN(C(=O)CC(C)(C)Cc3cc4ccccc4c(=O)[nH]3)CC2)cn1,3400.0,5.468521082957745,0,434.54000000000013
Cn1cc(C(=O)C2CCN(C(=O)CC(C)(C)Cc3nc4c(ccn4C)c(=O)[nH]3)CC2)cn1,30000.0,4.522878745280337,0,438.53200000000015
Cn1cc(C(=O)C2CCN(C(=O)CC(C)(C)Cc3nc4c(cnn4C)c(=O)[nH]3)CC2)cn1,30000.0,4.522878745280337,0,439.52000000000015
Cn1cc(C(=O)C2CCN(C(=O)CC(C)(C)Cc3nc4ccccc4c(=O)[nH]3)CC2)cn1,12000.0,4.920818753952375,0,435.52800000000013
Cn1cc(C(=O)C2CCN(C(=O)CC3(Cc4nc5ccccc5c(=O)[nH]4)CC3)CC2)cn1,7100.0,5.1487416512809245,0,433.51200000000017
Cn1cc(C(=O)C2CCN(C(=O)CCC(C)(C)c3nc4ccccc4c(=O)[nH]3)CC2)cn1,13000.0,4.886056647693163,0,435.52800000000013
Cn1cc(C(=O)C2CCN(C(=O)COCc3nc4c(F)cccc4c(=O)[nH]3)CC2)cn1,3300.0,5.481486060122113,0,427.4360000000001
Cn1cc(C(=O)C2CCN(C(=O)COCc3nc4ccccc4c(=O)[nH]3)CC2)cn1,3800.0,5.42021640338319,0,409.4460000000001
Cn1cc(CCC(=O)N2CCc3cccc4c3C2CNC4=O)cn1,14.0,7.853871964321762,1,324.384
Cn1cc(CNCCc2c[nH]c3ccc4c(c23)CCNC4=O)cn1,500.0,6.301029995663981,1,323.40000000000003
Cn1ccc(-c2nnc3n2CCN(C(=O)c2cc(Cc4n[nH]c(=O)c5ccccc45)ccc2F)C3)n1,6.34,8.197910742118268,1,484.4950000000002
Cn1ccc2c(=O)[nH]c(CCC(=O)N3CC=C(c4ccc(F)cc4)CC3)nc21,189.0,6.723538195826756,1,380.4230000000001
Cn1cccc1/C=C1\C(=O)NC(=O)c2ccccc21,44.835,7.348382825905038,1,252.273
Cn1cccc1C(=O)N1CCN(C(=O)c2ccc(-c3nc4c(C(N)=O)cccc4[nH]3)cc2)CC1,45.61,7.340939927759061,1,456.5060000000002
Cn1cccc1CN1CCC(N2Cc3cccc(C(N)=O)c3C2=O)CC1,1600.0,5.795880017344075,0,352.4380000000002
Cn1ccnc1C1Nc2cccc3c(=O)[nH]nc(c23)C1c1ccccc1,9.45,8.024568191490737,1,343.39000000000004
Cn1ccnc1C1Nc2cccc3c(=O)[nH]nc(c23)C1c1nccn1C,24.5,7.610833915635467,1,347.38200000000006
Cn1ccnc1C1c2n[nH]c(=O)c3cc(Cl)cc(c23)NC1c1ccccc1,6.18,8.209011524911185,1,377.8350000000001
Cn1ccnc1C1c2n[nH]c(=O)c3cc(F)cc(c23)NC1c1ccc(F)cc1,1.87,8.7281583934635,1,379.37000000000006
Cn1ccnc1C1c2n[nH]c(=O)c3cc(F)cc(c23)NC1c1ccccc1,2.14,8.669586226650809,1,361.38000000000005
Cn1ccnc1C1c2n[nH]c(=O)c3cccc(c23)NC1c1ccc(C(F)(F)F)cc1,5.27,8.278189384787453,1,411.38700000000006
Cn1ccnc1C1c2n[nH]c(=O)c3cccc(c23)NC1c1ccc(F)cc1,2.08,8.681936665037238,1,361.38000000000005
Cn1ccnc1C1c2n[nH]c(=O)c3cccc(c23)NC1c1ccccc1,2.35,8.628932137728263,1,343.39000000000004
Cn1ccnc1[C@@H]1c2n[nH]c(=O)c3cc(F)cc(c23)N[C@H]1c1ccc(F)cc1,22.4,7.649751981665837,1,379.37000000000006
Cn1ccnc1[C@@H]1c2n[nH]c(=O)c3cccc(c23)N[C@H]1c1ccc(F)cc1,136.0,6.866461091629782,1,361.38000000000005
Cn1ccnc1[C@H]1c2n[nH]c(=O)c3cc(F)cc(c23)N[C@@H]1c1ccc(F)cc1,1.6,8.795880017344075,1,379.37000000000006
Cn1ccnc1[C@H]1c2n[nH]c(=O)c3cccc(c23)N[C@@H]1c1ccc(F)cc1,2.25,8.647817481888637,1,361.38000000000005
Cn1cnc(-c2nnc3n2CCN(C(=O)c2ccc(/C=C4\Oc5c(C(N)=O)cccc5C4=O)cc2)C3)c1,30.09,7.5215778122599195,1,495.49900000000025
Cn1cnc(C(=O)N2CCN(C(=O)c3ccc(Nc4nc5ccccc5n5nnnc45)cc3)CC2)c1,3503.565,5.455489820833611,0,482.5080000000002
Cn1cncc1C(=O)N1CCN(C(=O)c2ccc(-c3nc4c(C(N)=O)cccc4[nH]3)cc2)CC1,84.58,7.072732319189118,1,457.4940000000002
Cn1cnnc1C1c2n[nH]c(=O)c3cccc(c23)NC1c1ccccc1,2.76,8.559090917934782,1,344.37800000000004
Cn1nc(-c2ccccc2)c2c1NC(=O)C1CCCCC21,7.3,8.136677139879543,1,281.359
Cn1nc(-c2ccccc2)c2c3c(c(=O)[nH]c21)CCC3,106.0,6.97469413473523,1,265.316
Cn1nc(-c2ccccc2)c2c3c(c(=O)[nH]c21)CSC3,110.3,6.957424487559809,1,283.356
Cn1nc(-c2cccs2)c2c3c(c(=O)[nH]c21)CCC3,148.6,6.827981190575444,1,271.34499999999997
Cn1nc(-c2cccs2)c2c3c(c(=O)[nH]c21)CCCC3,6.9,8.161150909262744,1,285.372
Cn1nc(-c2cccs2)c2c3c(c(=O)[nH]c21)CSC3,428.1,6.36845477216569,1,289.385
Cn1nccc1C1Nc2cc(F)cc3c(=O)[nH]nc(c23)C1c1ncnn1C,2.88,8.540607512240769,1,366.3600000000001
Cn1nccc1C1c2n[nH]c(=O)c3cc(F)cc(c23)NC1c1ccc(F)cc1,1.84,8.735182176990463,1,379.37000000000006
Cn1ncnc1C1c2n[nH]c(=O)c3cc(F)cc(c23)NC1c1ccc(C#N)cc1,3.9,8.4089353929735,1,387.3780000000001
Cn1ncnc1C1c2n[nH]c(=O)c3cc(F)cc(c23)NC1c1ccc(F)cc1,1.98,8.703334809738468,1,380.35800000000006
Cn1ncnc1C1c2n[nH]c(=O)c3cc(F)cc(c23)NC1c1ccccc1,2.6,8.585026652029182,1,362.36800000000005
Cn1ncnc1C1c2n[nH]c(=O)c3cc(F)cc(c23)NC1c1cncnc1,7.62,8.118045028660399,1,364.34400000000005
Cn1ncnc1C1c2n[nH]c(=O)c3cccc(c23)NC1c1ccc(F)cc1,2.29,8.640164517660113,1,362.36800000000005
Cn1ncnc1C1c2n[nH]c(=O)c3cccc(c23)NC1c1ccccc1,2.4,8.619788758288394,1,344.37800000000004
Cn1ncnc1[C@@H]1c2n[nH]c(=O)c3cc(F)cc(c23)N[C@H]1c1ccc(F)cc1,72.5555,7.139329660702266,1,380.35800000000006
Cn1ncnc1[C@@H]1c2n[nH]c(=O)c3cccc(c23)N[C@H]1c1ccc(F)cc1,68.9,7.161780778092374,1,362.36800000000005
Cn1ncnc1[C@H]1c2n[nH]c(=O)c3cc(F)cc(c23)N[C@@H]1c1ccc(F)cc1,1.795625,8.745784356663977,1,380.35800000000006
Cn1ncnc1[C@H]1c2n[nH]c(=O)c3cccc(c23)N[C@@H]1c1ccc(F)cc1,1.46,8.835647144215564,1,362.36800000000005
Cn1nnc(-c2ccc(/C=C3\Oc4c(C(N)=O)cccc4C3=O)cc2)n1,50.0,7.301029995663981,1,347.33400000000006
N#C/N=C(\N1CCC1)N1CCP(=O)(c2cc(Cc3n[nH]c(=O)c4ccccc34)ccc2F)CC1,100.0,7.0,1,478.4680000000002
N#CC1=C(N)Oc2[nH]c(=O)[nH]c(=O)c2C1c1cccs1,49060.0,4.309272456129633,0,288.288
N#CCN(Cc1nc2c(c(=O)[nH]1)COCC2)C(=O)CN1CCC(C(=O)c2ccc(F)cc2)CC1,30950.0,4.509339346643864,0,467.50100000000026
N#CCNCc1ccc2c3c(c(=O)[nH]c2c1)CCCN3,1020.0,5.991399828238082,0,268.31999999999994
N#Cc1c(-c2ccccc2)cn2c1[nH]c(=O)c1ccccc12,9570.0,5.019088062223156,0,285.306
N#Cc1cc(F)c(N2CCN(Cc3cc(CO)c4c5c(c(=O)[nH]c4c3)CCCN5)CC2)c(F)c1,32.5,7.488116639021126,1,465.5040000000003
N#Cc1cc(F)c(N2CCN(Cc3ccc4c5c(c(=O)[nH]c4c3)CCCN5)CC2)c(F)c1,11.6,7.935542010773082,1,435.47800000000024
N#Cc1cc(N2CCN(Cc3ccc4c5c(c(=O)[nH]c4c3)CCCN5)CC2)ncc1Cl,10.3,7.987162775294828,1,434.93100000000027
N#Cc1cc(O[C@H]2CC[C@H](NC(=O)CCCc3nc4ccccc4c(=O)[nH]3)CC2)ccc1Cl,586.0,6.23210238398191,1,464.9530000000002
N#Cc1cc(O[C@H]2CC[C@H](NC(=O)CCSc3nc4ccccc4c(=O)[nH]3)CC2)ccc1Cl,85000.0,4.070581074285707,0,482.99300000000017
N#Cc1ccc(-c2cc3[nH]c(=O)c4ccccc4n3n2)cc1,1000.0,6.0,1,286.294
N#Cc1ccc(-c2cnc3c(C(N)=O)cccc3c2)cc1,27000.0,4.568636235841013,0,273.29499999999996
N#Cc1ccc(-c2cnc3cccc(C(N)=O)c3n2)cc1,101.0,6.995678626217358,1,274.28299999999996
N#Cc1ccc(-c2nnc(C3CCN(C(=O)CCCc4nc5ccccc5c(=O)[nH]4)CC3)o2)cc1,2030.0,5.692503962086787,0,468.51700000000017
N#Cc1ccc(-c2nnc3n2CCN(C(=O)c2cc(Cc4n[nH]c(=O)c5ccccc45)ccc2F)C3)o1,0.23,9.638272163982407,1,495.4740000000002
N#Cc1ccc(C(=O)N2CCN(C(=O)c3csc(Cc4n[nH]c(=O)c5ccccc45)c3)CC2)cc1,85.53,7.0678815279708775,1,483.5530000000003
N#Cc1ccc(C2=CCN(CCCc3nc(O)c4ccccc4n3)CC2)cc1,6.0,8.221848749616356,1,370.4560000000001
N#Cc1ccc(C2=CCN(CCCc3nc4c(Cl)cccc4c(=O)[nH]3)CC2)cc1,3.0,8.522878745280337,1,404.90100000000007
N#Cc1ccc(C2CCN(CCCc3nc4c(Cl)cccc4c(=O)[nH]3)CC2)cc1,3.0,8.522878745280337,1,406.91700000000014
N#Cc1ccc(CC(=O)N2CCc3cccc4c3C2CNC4=O)cc1,9.0,8.045757490560675,1,331.37500000000006
N#Cc1ccc(CN(Cc2nc3c(c(=O)[nH]2)COCC3)C(=O)CN2CCC(C(=O)c3ccc(F)cc3)CC2)s1,19000.0,4.721246399047171,0,549.6280000000003
N#Cc1ccc(F)cc1N1CCN(Cc2ccc3c4c(c(=O)[nH]c3c2)CCCN4)CC1,5.98,8.223298816011589,1,417.4880000000002
N#Cc1ccc(N2C3CCC2CN(Cc2ccc4c5c(c(=O)[nH]c4c2)CCCN5)C3)nc1,140.0,6.853871964321762,1,426.5240000000002
N#Cc1ccc(N2CC3CCC(C2)N3Cc2cc(F)c3c4c(c(=O)[nH]c3c2)CCCN4)nc1,5.79,8.237321436272564,1,444.51400000000024
N#Cc1ccc(N2CC3CCC(C2)N3Cc2ccc3c4c(c(=O)[nH]c3c2)CCCN4)cc1F,3.87,8.412289034981088,1,443.5260000000002
N#Cc1ccc(N2CC3CCC(C2)N3Cc2ccc3c4c(c(=O)[nH]c3c2)CCCN4)nc1,6.67,8.175874166083451,1,426.52400000000017
N#Cc1ccc(N2CCN(C(=O)CCc3nc4c(F)cccc4c(=O)[nH]3)CC2)nc1,12.0,7.920818753952375,1,406.4210000000001
N#Cc1ccc(N2CCN(C(=O)CCc3nc4cc(F)ccc4c(=O)[nH]3)CC2)nc1,83.0,7.080921907623926,1,406.4210000000001
N#Cc1ccc(N2CCN(C(=O)CCc3nc4ccc(F)cc4c(=O)[nH]3)C(CO)C2)nc1,5.0,8.301029995663981,1,436.4470000000001
N#Cc1ccc(N2CCN(C(=O)CCc3nc4ccc(F)cc4c(=O)[nH]3)CC2)nc1,7.0,8.154901959985743,1,406.4210000000001
N#Cc1ccc(N2CCN(C(=O)CCc3nc4cccc(F)c4c(=O)[nH]3)C(CO)C2)nc1,7.0,8.154901959985743,1,436.4470000000001
N#Cc1ccc(N2CCN(C(=O)CCc3nc4cccc(F)c4c(=O)[nH]3)CC2)nc1,8.0,8.096910013008056,1,406.4210000000001
N#Cc1ccc(N2CCN(C(=O)CCc3nc4ccccc4c(=O)[nH]3)C(CO)C2)nc1,6.0,8.221848749616356,1,418.4570000000001
N#Cc1ccc(N2CCN(C(=O)CCc3nc4ccccc4c(=O)[nH]3)CC2)nc1,6.0,8.221848749616356,1,388.4310000000001
N#Cc1ccc(N2CCN(C(=O)CCc3nc4cccnc4c(=O)[nH]3)CC2)nc1,99.0,7.00436480540245,1,389.4190000000001
N#Cc1ccc(N2CCN(C(=O)CCc3nc4ccncc4c(=O)[nH]3)CC2)nc1,97.0,7.013228265733755,1,389.4190000000001
N#Cc1ccc(N2CCN(C(=O)CCc3nc4ccsc4c(=O)[nH]3)CC2)nc1,11.0,7.958607314841775,1,394.4600000000001
N#Cc1ccc(N2CCN(C(=O)CCc3nc4cnccc4c(=O)[nH]3)CC2)nc1,395.0,6.403402904373539,1,389.4190000000001
N#Cc1ccc(N2CCN(C(=O)CCc3nc4ncccc4c(=O)[nH]3)CC2)nc1,58.0,7.236572006437063,1,389.4190000000001
N#Cc1ccc(N2CCN(C(=O)CCc3nc4sccc4c(=O)[nH]3)CC2)nc1,35.0,7.455931955649724,1,394.4600000000001
N#Cc1ccc(N2CCN(C(=O)c3cc(Cc4c[nH]c(=O)c5cc(Cl)c(Cl)n45)ccc3F)CC2)nc1,14.0,7.853871964321762,1,525.3710000000002
N#Cc1ccc(N2CCN(C(=O)c3cc(Cc4n[nH]c(=O)c5ccccc45)cc(F)c3F)CC2)cc1,5.4,8.267606240177031,1,485.4940000000002
N#Cc1ccc(N2CCN(C(=O)c3ccc4c5c(c(=O)[nH]c4c3)CCCN5)CC2)nc1,5.92,8.22767829327708,1,414.4690000000002
N#Cc1ccc(N2CCN(CCCc3cc4c(N)cc(F)cc4c(=O)[nH]3)CC2)cc1,0.6,9.221848749616356,1,405.4770000000001
N#Cc1ccc(N2CCN(CCCc3cc4c(N)cccc4c(=O)[nH]3)CC2)cc1,0.6,9.221848749616356,1,387.4870000000001
N#Cc1ccc(N2CCN(Cc3cc(CO)c4c5c(c(=O)[nH]c4c3)CCCN5)CC2)c(F)c1,63.1,7.199970640755866,1,447.51400000000024
N#Cc1ccc(N2CCN(Cc3cc(CO)c4c5c(c(=O)[nH]c4c3)CCCN5)CC2)cc1,13.7,7.863279432843593,1,429.5240000000002
N#Cc1ccc(N2CCN(Cc3cc(CO)c4c5c(c(=O)[nH]c4c3)CCCN5)CC2)cc1F,17.3,7.761953896871205,1,447.51400000000024
N#Cc1ccc(N2CCN(Cc3cc(F)c4c5c(c(=O)[nH]c4c3)CCCN5)CC2)c(F)c1,11.5,7.939302159646388,1,435.4780000000002
N#Cc1ccc(N2CCN(Cc3cc(F)c4c5c(c(=O)[nH]c4c3)CCCN5)CC2)cc1C(F)(F)F,110.0,6.958607314841775,1,485.4850000000002
N#Cc1ccc(N2CCN(Cc3cc(F)c4c5c(c(=O)[nH]c4c3)CCCN5)CC2)cc1F,24.0,7.619788758288394,1,435.4780000000002
N#Cc1ccc(N2CCN(Cc3cc(F)c4c5c(c(=O)[nH]c4c3)CCCN5)CC2)cn1,5.27,8.278189384787453,1,418.47600000000017
N#Cc1ccc(N2CCN(Cc3cc(F)c4c5c(c(=O)[nH]c4c3)CCCN5)CC2)nc1,3.3,8.481486060122112,1,418.47600000000017
N#Cc1ccc(N2CCN(Cc3cc(F)c4c5c(c(=O)[nH]c4c3)CCCN5)CC2)nn1,4.02,8.39577394691553,1,419.46400000000017
N#Cc1ccc(N2CCN(Cc3cc(F)c4c5c(c(=O)[nH]c4c3)CCCN5)CC2)s1,5.04,8.297569463554474,1,423.51700000000017
N#Cc1ccc(N2CCN(Cc3ccc4c(c3)NC(=O)C3CCCNC43)CC2)nc1,2.0,8.698970004336019,1,402.50200000000024
N#Cc1ccc(N2CCN(Cc3ccc4c5c(c(=O)[nH]c4c3)CCCN5)CC2)c(Br)c1,15.9,7.798602875679548,1,478.3940000000002
N#Cc1ccc(N2CCN(Cc3ccc4c5c(c(=O)[nH]c4c3)CCCN5)CC2)c(Cl)c1,7.69,8.114073660198569,1,433.9430000000002
N#Cc1ccc(N2CCN(Cc3ccc4c5c(c(=O)[nH]c4c3)CCCN5)CC2)c(F)c1,6.65,8.177178354696895,1,417.48800000000017
N#Cc1ccc(N2CCN(Cc3ccc4c5c(c(=O)[nH]c4c3)CCCN5)CC2)cc1C(F)(F)F,27.8,7.555955204081924,1,467.4950000000002
N#Cc1ccc(N2CCN(Cc3ccc4c5c(c(=O)[nH]c4c3)CCCN5)CC2)cc1Cl,11.1,7.954677021213342,1,433.9430000000002
N#Cc1ccc(N2CCN(Cc3ccc4c5c(c(=O)[nH]c4c3)CCCN5)CC2)cc1F,4.8,8.318758762624412,1,417.48800000000017
N#Cc1ccc(N2CCN(Cc3ccc4c5c(c(=O)[nH]c4c3)CCCN5)CC2)cn1,3.49,8.45717457304082,1,400.48600000000016
N#Cc1ccc(N2CCN(Cc3ccc4c5c(c(=O)[nH]c4c3)CCCN5)CC2)nc1,2.35,8.628932137728263,1,400.48600000000016
N#Cc1ccc(N2CCN(Cc3ccc4c5c(c(=O)[nH]c4c3)CCCN5)CC2)nn1,3.6,8.443697499232712,1,401.47400000000016
N#Cc1ccc(N2CCN(Cc3ccc4c5c(c(=O)[nH]c4c3)CCCN5)CC2)s1,8.175,8.087512238667676,1,405.52700000000016
N#Cc1ccc(N2CCN(Cc3cnc4cc(C5CC5)c(=O)[nH]c4c3)CC2)nc1,3.981,8.400007822415901,1,386.4590000000002
N#Cc1ccc(N2CCN([C@@H]3C=C(c4cc5c(N)cc(F)cc5c(=O)[nH]4)CC3)CC2)c(F)c1,5.6,8.2518119729938,1,447.48900000000026
N#Cc1ccc(N2CCN([C@@H]3C=C(c4cc5c(N)cc(F)cc5c(=O)[nH]4)CC3)CC2)cc1,5.0,8.301029995663981,1,429.49900000000025
N#Cc1ccc(N2CCN([C@@H]3C=C(c4cc5c(N)cccc5c(=O)[nH]4)CC3)CC2)cc1,2.5,8.602059991327963,1,411.50900000000024
N#Cc1ccc(N2CCN([C@H]3C=C(c4cc5c(N)cc(F)cc5c(=O)[nH]4)CC3)CC2)c(F)c1,0.9,9.045757490560675,1,447.48900000000026
N#Cc1ccc(N2CCN([C@H]3C=C(c4cc5c(N)cc(F)cc5c(=O)[nH]4)CC3)CC2)cc1,1.0,9.0,1,429.49900000000025
N#Cc1ccc(N2CCN([C@H]3C=C(c4cc5c(N)cccc5c(=O)[nH]4)CC3)CC2)cc1,0.6,9.221848749616356,1,411.50900000000024
N#Cc1ccc(N2CCN([C@H]3C=C(c4cc5ncc(F)cc5c(=O)[nH]4)CC3)CC2)cc1,0.9,9.045757490560675,1,415.47200000000026
N#Cc1ccc(N2CCN([C@H]3C=C(c4cc5ncccc5c(=O)[nH]4)CC3)CC2)cc1,1.1,8.958607314841775,1,397.48200000000026
N#Cc1ccc(N2CCN([C@H]3C=C(c4cc5ncccc5c(=O)[nH]4)CC3)CC2)nc1,1.0,9.0,1,398.47000000000025
N#Cc1ccc(N2CCP(=O)(c3cc(Cc4n[nH]c(=O)c5ccccc45)ccc3F)CC2)cc1,5500.0,5.259637310505756,0,472.4600000000002
N#Cc1ccc(N2CCP(=O)(c3cc(Cc4n[nH]c(=O)c5ccccc45)ccc3F)CC2)nc1,100.0,7.0,1,473.4480000000002
N#Cc1ccc(N2C[C@@H]3C[C@H]2CN3Cc2cc(F)c3c4c(c(=O)[nH]c3c2)CCCN4)nc1,7.28,8.137868620686962,1,430.4870000000002
N#Cc1ccc(N2C[C@@H]3C[C@H]2CN3Cc2ccc3c4c(c(=O)[nH]c3c2)CCCN4)c(F)c1,9.41,8.026410376572743,1,429.4990000000002
N#Cc1ccc(N2C[C@@H]3C[C@H]2CN3Cc2ccc3c4c(c(=O)[nH]c3c2)CCCN4)cc1F,7.0,8.154901959985743,1,429.4990000000002
N#Cc1ccc(N2C[C@@H]3C[C@H]2CN3Cc2ccc3c4c(c(=O)[nH]c3c2)CCCN4)nc1,8.16,8.088309841246138,1,412.4970000000002
N#Cc1ccc(O[C@H]2CC[C@H](NC(=O)CCCc3nc4ccccc4c(=O)[nH]3)CC2)cc1,558.0,6.253365801062421,1,430.50800000000015
N#Cc1ccc(O[C@H]2CC[C@H](NC(=O)CCCc3nc4ccccc4c(=O)[nH]3)CC2)cc1Cl,257.0,6.590066876668706,1,464.9530000000002
N#Cc1ccc(O[C@H]2CC[C@H](NC(=O)CCSc3nc4c(c(=O)[nH]3)CCCC4)CC2)cc1,2500.0,5.6020599913279625,0,452.5800000000003
N#Cc1ccc(O[C@H]2CC[C@H](NC(=O)CCSc3nc4ccccc4c(=O)[nH]3)CC2)cc1Cl,85000.0,4.070581074285707,0,482.99300000000017
N#Cc1ccc(Oc2ccc(C(N)=O)cc2)cc1,100000.0,4.0,0,238.24599999999998
N#Cc1ccc2[nH]c3c4c(c5c(c3c2c1)CNC5=O)CCC4,18.0,7.7447274948966935,1,287.32200000000006
N#Cc1ccc2c(c1)[nH]c(=O)n2C1CCN(C(=O)CCCc2nc3ccccc3c(=O)[nH]2)CC1,636.0,6.196542884351586,1,456.50600000000026
N#Cc1ccc2c(c1)[nH]c(=O)n2[C@H]1CC[C@H](NC(=O)CCSc2nc3ccccc3c(=O)[nH]2)CC1,1350.0,5.8696662315049934,0,488.57300000000026
N#Cc1ccc2c(c1)[nH]c(=O)n2[C@H]1C[C@H](c2nnc(-c3ccncn3)n2-c2ccccc2Cl)C1,55000.0,4.259637310505756,0,468.90800000000013
N#Cc1cccc(-c2[nH]c(=O)c3cc(F)ccc3c2OCCN)c1,10.0,8.0,1,323.3270000000001
N#Cc1cccc(-c2nnc(C3CCN(C(=O)CCCc4nc5ccccc5c(=O)[nH]4)CC3)o2)c1,2850.0,5.54515513999149,0,468.5170000000002
N#Cc1cccc(N2CCN(C(=O)c3cc(Cc4n[nH]c(=O)c5ccccc45)cc(F)c3F)CC2)n1,5.1,8.292429823902063,1,486.4820000000002
N#Cc1cccc(N2CCN(Cc3ccc4c5c(c(=O)[nH]c4c3)CCCN5)CC2)n1,77.2,7.112382699664264,1,400.4860000000002
N#Cc1cccc(O[C@H]2CC[C@H](NC(=O)CCCc3nc4ccccc4c(=O)[nH]3)CC2)c1,1580.0,5.801342913045577,0,430.50800000000015
N#Cc1cccc(O[C@H]2CC[C@H](NC(=O)CCSc3nc4ccccc4c(=O)[nH]3)CC2)c1,85000.0,4.070581074285707,0,448.5480000000002
N#Cc1cccc2c1[nH]c(=O)n2C1CCN(C(=O)CCCc2nc3ccccc3c(=O)[nH]2)CC1,464.0,6.333482019445119,1,456.50600000000026
N#Cc1ccccc1N1CCN(C(=O)c2cc(Cc3n[nH]c(=O)c4ccccc34)cc(F)c2F)CC1,0.02,10.698970004336019,1,485.49400000000014
N#Cc1ccccc1O[C@H]1CC[C@H](NC(=O)CCCc2nc3ccccc3c(=O)[nH]2)CC1,5960.0,5.2247537402597635,0,430.50800000000015
N#Cc1cccnc1N1CCN(C(=O)c2cc(Cc3c[nH]c(=O)c4cc(Cl)c(Cl)n34)ccc2F)CC1,0.7,9.154901959985743,1,525.3710000000001
N#Cc1cccnc1N1CCN(C(=O)c2cc(Cc3n[nH]c(=O)c4ccccc34)cc(F)c2F)CC1,1.3,8.886056647693163,1,486.48200000000014
N#Cc1cccnc1N1CCN(C(=O)c2ccc(/C=C3\Oc4c(C(N)=O)cccc4C3=O)cc2)CC1,66.035,7.1802258178231835,1,479.4960000000003
N#Cc1cccnc1N1CCN(C(=O)c2cccc(Cc3n[nH]c(=O)c4ccccc34)c2)CC1,1.0,9.0,1,450.50200000000024
N#Cc1cccnc1N1CCN(Cc2ccc3c4c(c(=O)[nH]c3c2)CCCN4)CC1,7.08,8.14996674231023,1,400.4860000000002
N#Cc1cccnc1N1CCP(=O)(c2cc(Cc3n[nH]c(=O)c4ccccc34)ccc2F)CC1,100.0,7.0,1,473.44800000000015
N#Cc1ccnc(N2CCN(Cc3ccc4c5c(c(=O)[nH]c4c3)CCCN5)CC2)c1,7.09,8.149353764816933,1,400.4860000000002
N#Cc1cnc(Cl)cc1N1CCN(Cc2ccc3c4c(c(=O)[nH]c3c2)CCCN4)CC1,12.2,7.913640169325252,1,434.93100000000027
N#Cc1cnc(N2CCN(C(=O)CCc3nc4ccccc4c(=O)[nH]3)CC2)cn1,14.0,7.853871964321762,1,389.4190000000001
N#Cc1cnc(N2CCN(C(=O)CCc3nc4ccccc4c(=O)[nH]3)CC2)nc1,92.0,7.036212172654444,1,389.4190000000001
N#Cc1cnc(N2CCN(C(=O)CCc3nc4ccccc4c(=O)[nH]3)CC2)s1,53.0,7.275724130399211,1,394.4600000000001
N#Cc1cnc(N2CCN(C(=O)c3ccc4c5c(c(=O)[nH]c4c3)CCCN5)CC2)s1,7.43,8.129011186239424,1,420.4980000000002
N#Cc1cnc(N2CCN(Cc3cc(F)c4c5c(c(=O)[nH]c4c3)CCCN5)CC2)s1,4.99,8.30189945437661,1,424.50500000000017
N#Cc1cnc(N2CCN(Cc3ccc4c5c(c(=O)[nH]c4c3)CCCN5)CC2)c(Cl)c1,8.29,8.081445469449726,1,434.93100000000015
N#Cc1cnc(N2CCN(Cc3ccc4c5c(c(=O)[nH]c4c3)CCCN5)CC2)c2c1CCC2,17.9,7.747146969020107,1,440.55100000000033
N#Cc1cnc(N2CCN(Cc3ccc4c5c(c(=O)[nH]c4c3)CCCN5)CC2)cc1Cl,3.66,8.436518914605589,1,434.93100000000015
N#Cc1cnc(N2CCN(Cc3ccc4c5c(c(=O)[nH]c4c3)CCCN5)CC2)cn1,6.28,8.202040356262804,1,401.47400000000016
N#Cc1cnc(N2CCN(Cc3ccc4c5c(c(=O)[nH]c4c3)CCCN5)CC2)s1,4.6,8.337242168318426,1,406.51500000000016
N#Cc1cnc(N2CCN(c3nc4c(C(N)=O)cc(F)cc4[nH]3)CC2)cn1,3.0,8.522878745280337,1,366.36000000000007
N#Cc1cnc(N2CCN(c3nc4c(C(N)=O)cc(F)cc4[nH]3)CC2)nc1,9.0,8.045757490560675,1,366.36000000000007
N#Cc1cnc(N2CCN(c3nc4c(C(N)=O)cccc4[nH]3)CC2)nc1,28.0,7.552841968657781,1,348.37000000000006
N#Cc1coc(N2CCN(Cc3ccc4c5c(c(=O)[nH]c4c3)CCCN5)CC2)n1,108.0,6.966576244513051,1,390.4470000000002
N#Cc1csc(N2CCN(C(=O)c3ccc4c5c(c(=O)[nH]c4c3)CCCN5)CC2)n1,48.0,7.318758762624412,1,420.4980000000002
N#Cc1csc(N2CCN(Cc3ccc4c5c(c(=O)[nH]c4c3)CCCN5)CC2)n1,85.8,7.066512712151295,1,406.5150000000002
N#Cc1ncc(N2CCN(c3nc4c(C(N)=O)cc(F)cc4[nH]3)CC2)cn1,6.0,8.221848749616356,1,366.36000000000007
N#Cc1nnc(N2CCN(Cc3ccc4c5c(c(=O)[nH]c4c3)CCCN5)CC2)o1,303.0,6.518557371497695,1,391.4350000000002
N#Cc1nnc(N2CCN(Cc3ccc4c5c(c(=O)[nH]c4c3)CCCN5)CC2)s1,39.8,7.400116927926312,1,407.50300000000016
N#Cc1nsc(N2CCN(Cc3ccc4c5c(c(=O)[nH]c4c3)CCCN5)CC2)n1,25.4,7.595166283380062,1,407.5030000000002
N=C(N)Nc1nc(-c2ccc3[nH]c4c5c(c6c(c4c3c2)C(=O)NC6=O)CCC5)cs1,19.0,7.721246399047171,1,416.4660000000002
NC(=O)/C=C/c1ccc(COc2ccc(-c3nc4c(C(N)=O)cccc4[nH]3)cc2)cc1,27.4,7.562249437179612,1,412.44900000000007
NC(=O)/C=C/c1ccc(COc2ccc(-n3cc4cccc(C(N)=O)c4n3)cc2)cc1,227.0,6.6439741428068775,1,412.4490000000001
NC(=O)C1CCN(C(=O)CCc2nc(O)c3ccccc3n2)CC1,270.0,6.568636235841013,1,328.3720000000001
NC(=O)Cn1ccc2ccc(-c3ccc(CN4CCCC4)cc3)nc21,5000.0,5.301029995663981,0,334.42300000000006
NC(=O)[C@@H]1CCCN1C(=O)CCC(=O)c1ccc2[nH]c3c4c(c5c(c3c2c1)C(=O)NC5=O)CCC4,13.0,7.886056647693163,1,472.5010000000003
NC(=O)[C@H](Cc1ccccc1)NC(=O)CCc1nc2ccccc2c(=O)[nH]1,700.0,6.154901959985743,1,364.4050000000001
NC(=O)c1c(F)ccc(F)c1OCc1ccc(F)c(C(=O)N2CCNCC2)c1,10000.0,5.0,0,393.3650000000002
NC(=O)c1c(F)ccc2[nH]c(-c3ccc(N4CCNCC4)cc3)nc12,94021.85,4.026771207765006,0,339.3740000000001
NC(=O)c1c(F)ccc2[nH]c(-c3ccc(N4CCOCC4)cc3)nc12,65260.9,4.1853469412386355,0,340.3580000000001
NC(=O)c1c(F)ccc2[nH]c(C3CCCNC3)nc12,25.8,7.58838029403677,1,262.28799999999995
NC(=O)c1c(F)ccc2[nH]c(C3CCNCC3)nc12,177019.55,3.751978767602816,0,262.28799999999995
NC(=O)c1cc(Br)cc2c1OCC2,25000.0,4.6020599913279625,0,242.07199999999995
NC(=O)c1cc(Cl)c2cc(-c3cc4c(s3)CCNC4)cnn12,7.24,8.140261433802854,1,332.81600000000003
NC(=O)c1cc(Cl)c2cc(-c3cc4c(s3)CCNC4C3CC3)cnn12,127.54,6.894353587348764,1,372.8810000000001
NC(=O)c1cc(Cl)c2cc(-c3cc4c(s3)CNCC4)cnn12,14.2,7.847711655616943,1,332.81600000000003
NC(=O)c1cc(Cl)c2ccc(-c3ccc(C(=O)N4CCN(C(=O)C5CC5)CC4)cc3)nn12,443.2,6.353400248279627,1,451.9140000000003
NC(=O)c1cc(Cl)c2ccc(-c3ccc(C(=O)N4CCN(C(=O)C5CC5)CC4)cc3F)nn12,218.51,6.660528682970717,1,469.90400000000034
NC(=O)c1cc(Cl)c2ccc(-c3ccc(C(=O)N4CCNCC4)cc3)nn12,340.29,6.46815081319814,1,383.83900000000017
NC(=O)c1cc(Cl)c2ccc(-c3ccc(CN4CCCC4)cc3)nn12,432.39,6.364124358648049,1,354.8410000000002
NC(=O)c1cc(Cl)c2ccc(-c3ccc(CN4CCN(C5CC5)CC4)cc3)nn12,1082.86,5.965427688487984,0,409.9210000000003
NC(=O)c1cc(Cl)c2ccc(-c3ccc(CN4CCN(c5ccc(C(F)(F)F)cc5)CC4)cc3)nn12,3328.75,5.477718820553003,0,513.9510000000002
NC(=O)c1cc(Cl)c2ccc(-c3ccc(CN4CCNCC4)cc3)nn12,626.68,6.202954165246156,1,369.85600000000017
NC(=O)c1cc(Cl)c2ccc(-c3ccc(F)c(C(=O)N4CCN(C(=O)C5CC5)CC4)c3)nn12,166.15,6.77949965438527,1,469.90400000000034
NC(=O)c1cc(Cl)cc2[nH]c(-c3cc4c(s3)CNCC4)nc12,51.0,7.292429823902063,1,332.81600000000014
NC(=O)c1cc(Cl)cc2c1C(=O)N(C1CCN(C3CCC(F)(F)CC3)CC1)C2,500.0,6.301029995663981,1,411.8800000000003
NC(=O)c1cc(F)c(F)cc1OCc1ccc(F)c(C(=O)N2CCNCC2)c1,240.0,6.619788758288394,1,393.3650000000002
NC(=O)c1cc(F)cc(F)c1OCc1ccc(F)c(C(=O)N2CCNCC2)c1,1500.0,5.823908740944319,0,393.3650000000002
NC(=O)c1cc(F)cc2[nH]c(-c3cc4c(o3)CNCC4)nc12,244.0,6.61261017366127,1,300.29300000000006
NC(=O)c1cc(F)cc2[nH]c(-c3cc4c(s3)C(C3CC3)NCC4)nc12,14.0,7.853871964321762,1,356.42600000000016
NC(=O)c1cc(F)cc2[nH]c(-c3cc4c(s3)CCNC4)nc12,27.0,7.568636235841013,1,316.36100000000005
NC(=O)c1cc(F)cc2[nH]c(-c3cc4c(s3)CNCC4)nc12,17.0,7.769551078621726,1,316.36100000000005
NC(=O)c1cc(F)cc2[nH]c(-c3ccc(-c4ccc(NC(=O)C5CC5)cc4F)cc3F)nc12,84.0,7.075720713938118,1,450.4200000000002
NC(=O)c1cc(F)cc2[nH]c(-c3ccc(-c4cccc(NC(=O)C5CC5)c4)cc3F)nc12,1280.0,5.892790030352131,0,432.4300000000002
NC(=O)c1cc(F)cc2[nH]c(C(=O)N3CCC(N)C3)nc12,12.0,7.920818753952375,1,291.286
NC(=O)c1cc(F)cc2[nH]c(C(=O)N3CCC(N)CC3)nc12,2.76,8.559090917934782,1,305.31300000000005
NC(=O)c1cc(F)cc2[nH]c(C(=O)N3CCC(NC4CCCCC4)C3)nc12,37.0,7.431798275933005,1,373.43200000000024
NC(=O)c1cc(F)cc2[nH]c(C(=O)N3CCC(NC4CCCCC4)CC3)nc12,7.54,8.122628654130226,1,387.4590000000003
NC(=O)c1cc(F)cc2[nH]c(C(=O)N3CCNC(=O)C3)nc12,15.0,7.823908740944319,1,305.26900000000006
NC(=O)c1cc(F)cc2[nH]c(C3=NC4CCNCC4S3)nc12,37.0,7.431798275933005,1,319.365
NC(=O)c1cc(F)cc2[nH]c(N3CCN(c4ccc(C(F)(F)F)cn4)CC3)nc12,68.0,7.167491087293763,1,408.3590000000001
NC(=O)c1cc(F)cc2[nH]c(N3CCN(c4ccc(C(F)(F)F)nc4)CC3)nc12,15.0,7.823908740944319,1,408.3590000000001
NC(=O)c1cc(F)cc2[nH]c(N3CCN(c4ccc(C(F)(F)F)nn4)CC3)nc12,8.0,8.096910013008056,1,409.3470000000001
NC(=O)c1cc(F)cc2[nH]c(N3CCN(c4ccncn4)CC3)nc12,9.0,8.045757490560675,1,341.3500000000001
NC(=O)c1cc(F)cc2[nH]c(N3CCN(c4cnc(C(=O)N5CCCC5)cn4)CC3)nc12,12.0,7.920818753952375,1,438.4670000000003
NC(=O)c1cc(F)cc2[nH]c(N3CCN(c4cnc(C(=O)N5CCOCC5)cn4)CC3)nc12,9.0,8.045757490560675,1,454.46600000000035
NC(=O)c1cc(F)cc2[nH]c(N3CCN(c4cnc(C(F)(F)F)cn4)CC3)nc12,9.0,8.045757490560675,1,409.3470000000001
NC(=O)c1cc(F)cc2[nH]c(N3CCN(c4cnc(C(F)(F)F)nc4)CC3)nc12,5.0,8.301029995663981,1,409.3470000000001
NC(=O)c1cc(F)cc2[nH]c(N3CCN(c4ncc(C(F)(F)F)cn4)CC3)nc12,56.0,7.251811972993799,1,409.3470000000001
NC(=O)c1cc(F)cc2[nH]c(N3CCN(c4ncc(F)cn4)CC3)nc12,26.0,7.585026652029182,1,359.3400000000001
NC(=O)c1cc(F)cc2[nH]n(C3CCN(C4CCCCC4)CC3)c(=O)c12,340.0,6.468521082957745,1,360.4330000000002
NC(=O)c1cc(F)cc2c1C(=O)N(C1CCN(C3CCC(Cl)(Cl)CC3)CC1)C2,90.0,7.045757490560675,1,428.33500000000026
NC(=O)c1cc(F)cc2c1C(=O)N(C1CCN(C3CCC(F)(F)CC3)CC1)C2,42.53333333333333,7.371270580334519,1,395.42500000000024
NC(=O)c1cc(F)cc2c1OCC2,2120.0,5.673664139071248,0,181.16599999999994
NC(=O)c1cc(F)cc2cn(-c3ccc(NC(=O)C4CNC4)c(F)c3)nc12,4.0,8.397940008672037,1,371.3470000000001
NC(=O)c1cc(F)cc2cn(-c3ccc(NC(=O)C4CNC4)cc3)nc12,5.0,8.301029995663981,1,353.3570000000001
NC(=O)c1cc(F)ccc1OCc1ccc(F)c(C(=O)N2CCN(C(=O)C3CCCC3)CC2)c1,12.0,7.920818753952375,1,471.5040000000004
NC(=O)c1cc(F)ccc1OCc1ccc(F)c(C(=O)N2CCNCC2)c1,29.0,7.5376020021010435,1,375.37500000000017
NC(=O)c1cc(N)cc2c1OCC2,25000.0,4.6020599913279625,0,178.19099999999995
NC(=O)c1cc([N+](=O)[O-])cc2c1OCC2,25000.0,4.6020599913279625,0,208.17299999999994
NC(=O)c1ccc(COc2ccc(-c3nc4c(C(N)=O)cccc4[nH]3)cc2)cc1,31.0,7.508638306165727,1,386.411
NC(=O)c1ccc(COc2ccc(-n3cc4cccc(C(N)=O)c4n3)cc2)cc1,68.9,7.161780778092374,1,386.4110000000001
NC(=O)c1ccc(COc2ccccc2C(N)=O)cc1,820.0,6.086186147616283,1,270.28799999999995
NC(=O)c1ccc(Cl)cc1,300000.0,3.5228787452803374,0,155.584
NC(=O)c1ccc(F)c2c1C(=O)N(C1CCN(C3CCC(F)(F)CC3)CC1)C2,1900.0,5.721246399047171,0,395.42500000000024
NC(=O)c1ccc(F)cc1,200000.0,3.6989700043360187,0,139.129
NC(=O)c1ccc(F)cc1OCc1ccc(F)c(C(=O)N2CCNCC2)c1,250.0,6.6020599913279625,1,375.37500000000017
NC(=O)c1ccc(I)c([N+](=O)[O-])c1,100000.0,4.0,0,292.032
NC(=O)c1ccc(N2CCN(C(=O)CCc3nc4ccccc4c(=O)[nH]3)CC2)c(Cl)c1,7.0,8.154901959985743,1,439.90300000000013
NC(=O)c1ccc(N2CCN(C(=O)CCc3nc4ccccc4c(=O)[nH]3)CC2)nc1,25.0,7.6020599913279625,1,406.4460000000001
NC(=O)c1ccc(N2CCN(CCCc3cc4c(N)cc(F)cc4c(=O)[nH]3)CC2)cc1,0.4,9.397940008672037,1,423.49200000000013
NC(=O)c1ccc(N2CCN(c3nc4c(C(N)=O)cccc4[nH]3)CC2)nc1,25.0,7.6020599913279625,1,365.39700000000005
NC(=O)c1ccc(NC(=O)/C=C\C(=O)O)cc1,20000.0,4.698970004336019,0,234.21099999999998
NC(=O)c1ccc(NC(=O)CCCc2nc3ccccc3c(=O)[nH]2)cc1,4700.0,5.327902142064283,0,350.378
NC(=O)c1ccc(NC(=O)CCn2c(=O)[nH]c(=O)c3ccccc32)cc1,130.0,6.886056647693163,1,352.35
NC(=O)c1ccc(O)cc1,280000.0,3.5528419686577806,0,137.13799999999998
NC(=O)c1ccc(OCC2CCC2)cc1,100000.0,4.0,0,205.25699999999995
NC(=O)c1ccc(OCc2ccccc2F)cc1,100000.0,4.0,0,245.253
NC(=O)c1ccc(Oc2ccc(C(=O)O)cc2)cc1,100000.0,4.0,0,257.245
NC(=O)c1ccc(Oc2ccc(C(N)=O)cc2)cc1,100000.0,4.0,0,256.26099999999997
NC(=O)c1ccc(Oc2ccc(C=O)cc2)cc1,100000.0,4.0,0,241.246
NC(=O)c1ccc(Oc2cccc(C(=O)N3CCC(O)(c4ccc(F)cc4)CC3)c2)cc1,100000.0,4.0,0,434.4670000000001
NC(=O)c1ccc(Oc2cccc(C(=O)N3CCC(c4ccc(F)cc4)CC3)c2)cc1,100000.0,4.0,0,418.46800000000013
NC(=O)c1ccc(Oc2cccc(C(=O)N3CCN(c4ccc(F)cc4)CC3)c2)cc1,19027.305,4.720622720200282,0,419.45600000000013
NC(=O)c1ccc(Oc2cccc(C(N)=O)c2)cc1,100000.0,4.0,0,256.26099999999997
NC(=O)c1ccc2c(c1)[nH]c(=O)c1ccsc12,60.0,7.221848749616356,1,244.27499999999998
NC(=O)c1cccc(Br)c1,55000.0,4.259637310505756,0,200.03499999999997
NC(=O)c1cccc(C2CO2)c1,1000.0,6.0,1,163.17599999999996
NC(=O)c1cccc(Cl)c1,22000.0,4.657577319177793,0,155.58399999999997
NC(=O)c1cccc(F)c1,20000.0,4.698970004336019,0,139.129
NC(=O)c1cccc(N)c1,19940.416666666668,4.700265771092391,0,136.154
NC(=O)c1cccc(NC(=O)/C=C/C(=O)O)c1,3615.3900000000003,5.4418448475500325,0,234.21099999999998
NC(=O)c1cccc(NC(=O)/C=C\C(=O)N2CCC(Cc3ccccc3)CC2)c1,232.20999999999998,6.634119081534118,1,391.4710000000001
NC(=O)c1cccc(NC(=O)/C=C\C(=O)N2CCC(c3ccc(F)cc3)CC2)c1,272.71000000000004,6.5642989366267885,1,395.4340000000001
NC(=O)c1cccc(NC(=O)/C=C\C(=O)N2CCCC(c3ccccc3)C2)c1,1574.4099999999999,5.802882160445364,0,377.4440000000001
NC(=O)c1cccc(NC(=O)/C=C\C(=O)N2CCCC2)c1,594.4200000000001,6.225906586623806,1,287.319
NC(=O)c1cccc(NC(=O)/C=C\C(=O)N2CCN(c3ccc(-c4ccccc4)cc3)CC2)c1,806.415,6.093441402579303,1,454.53000000000014
NC(=O)c1cccc(NC(=O)/C=C\C(=O)N2CCN(c3ccc(Cl)cc3)CC2)c1,221.935,6.653774202462762,1,412.87700000000007
NC(=O)c1cccc(NC(=O)/C=C\C(=O)N2CCN(c3ccc(F)cc3)CC2)c1,561.1700000000001,6.250905554291414,1,396.4220000000001
NC(=O)c1cccc(NC(=O)/C=C\C(=O)N2CCN(c3ccccc3)CC2)c1,366.53999999999996,6.435878624484347,1,378.4320000000001
NC(=O)c1cccc(NC(=O)/C=C\C(=O)N2CCN(c3ccccc3F)CC2)c1,505.595,6.29619722958949,1,396.4220000000001
NC(=O)c1cccc(NC(=O)/C=C\C(=O)O)c1,4433.42,5.353261123868244,0,234.21099999999998
NC(=O)c1cccc(NC(=O)C2=C(C(=O)O)CCC2)c1,197.49,6.704454890188258,1,274.27599999999995
NC(=O)c1cccc(NC(=O)C2CC2C(=O)O)c1,5611.705,5.250905167337115,0,248.23799999999997
NC(=O)c1cccc(NC(=O)C2CCC(=O)C2)c1,720.655,6.142272595828506,1,246.26599999999993
NC(=O)c1cccc(NC(=O)CCC(=O)NCCc2cn(CCNS(=O)(=O)c3cccc(C(=O)O)c3)nn2)c1,11680.0,4.932557157223619,0,557.5890000000002
NC(=O)c1cccc(NC(=O)CCC(=O)O)c1,712.22,6.147385834975607,1,236.22699999999995
NC(=O)c1cccc(NC(=O)CCCC(=O)O)c1,3707.675,5.430898341380985,0,250.25399999999993
NC(=O)c1cccc(O)c1,9100.0,5.040958607678906,0,137.13799999999998
NC(=O)c1cccc([N+](=O)[O-])c1,160000.0,3.795880017344075,0,166.13599999999997
NC(=O)c1cccc2[nH]c(-c3cc4c(s3)CCNC4)nc12,58.0,7.236572006437063,1,298.371
NC(=O)c1cccc2[nH]c(-c3cc4c(s3)CNCC4)nc12,14.0,7.853871964321762,1,298.3710000000001
NC(=O)c1cccc2[nH]c(-c3ccc(-c4ccc(C(=O)N5CCCC5)cc4)cc3)nc12,310.0,6.508638306165727,1,410.4770000000002
NC(=O)c1cccc2[nH]c(-c3ccc(-c4ccc(C(=O)N5CCCC5)nc4)cc3)nc12,12.0,7.920818753952375,1,411.4650000000002
NC(=O)c1cccc2[nH]c(-c3ccc(-c4ccc(N)nc4)cc3)nc12,32.0,7.494850021680094,1,329.363
NC(=O)c1cccc2[nH]c(-c3ccc(-c4ccc(OCCCN5CCCCC5)cc4)cc3)nc12,2280.0,5.642065152999546,0,454.57400000000035
NC(=O)c1cccc2[nH]c(-c3ccc(-c4ccc(OCCN5CCCCC5)cc4)cc3)nc12,720.0,6.142667503568732,1,440.5470000000003
NC(=O)c1cccc2[nH]c(-c3ccc(-c4ccccc4)cc3)nc12,710.0,6.1487416512809245,1,313.36
NC(=O)c1cccc2[nH]c(-c3ccc(-c4ccccn4)cc3)nc12,83.0,7.080921907623926,1,314.348
NC(=O)c1cccc2[nH]c(-c3ccc(-c4cccnc4)cc3)nc12,22.0,7.657577319177793,1,314.348
NC(=O)c1cccc2[nH]c(-c3ccc(-c4cncc(C(=O)N5CCCC5)c4)cc3)nc12,29.0,7.5376020021010435,1,411.46500000000026
NC(=O)c1cccc2[nH]c(-c3ccc(-c4cncc(CN5CCCC5)c4)cc3)nc12,61.0,7.214670164989233,1,397.48200000000026
NC(=O)c1cccc2[nH]c(-c3ccc(C(=O)N4CCN(C(=O)c5ccc(Br)o5)CC4)cc3)nc12,11.5115,7.93886808216707,1,522.3590000000002
NC(=O)c1cccc2[nH]c(-c3ccc(C(=O)N4CCN(C(=O)c5ccc(Cl)o5)CC4)cc3)nc12,43.0,7.366531544420414,1,477.90800000000024
NC(=O)c1cccc2[nH]c(-c3ccc(C(=O)N4CCN(C(=O)c5ccccn5)CC4)cc3)nc12,50.6,7.295849483160201,1,454.4900000000002
NC(=O)c1cccc2[nH]c(-c3ccc(C(=O)N4CCN(C(=O)c5ccco5)CC4)c(F)c3)nc12,32.38,7.489723155582645,1,461.4530000000002
NC(=O)c1cccc2[nH]c(-c3ccc(C(=O)N4CCN(C(=O)c5ccco5)CC4)cc3)nc12,54.11,7.266722466067418,1,443.4630000000002
NC(=O)c1cccc2[nH]c(-c3ccc(C(=O)N4CCN(C(=O)c5csc(Br)n5)CC4)cc3)nc12,4.62,8.335358024443874,1,539.4150000000001
NC(=O)c1cccc2[nH]c(-c3ccc(C(=O)NC4CCN(C(=O)c5ccc(Cl)o5)C4)cc3)nc12,8.65,8.062983892535186,1,477.90800000000024
NC(=O)c1cccc2[nH]c(-c3ccc(C(=O)NC4CCN(c5ccc(Br)o5)C4)c(F)c3)nc12,5.55,8.255707016877324,1,512.3390000000002
NC(=O)c1cccc2[nH]c(-c3ccc(C(=O)NC4CCN(c5ccc(Cl)o5)C4)c(F)c3)nc12,4.38,8.358525889495901,1,467.88800000000015
NC(=O)c1cccc2[nH]c(-c3ccc(C(=O)NC4CCN(c5ccco5)C4)c(F)c3)nc12,9.0,8.045757490560675,1,433.44300000000015
NC(=O)c1cccc2[nH]c(-c3ccc(N)cc3)nc12,30.0,7.522878745280337,1,252.277
NC(=O)c1cccc2[nH]c(-c3ccc(NCc4ccc(C(=O)Nc5ccccc5N)cc4)cc3)nc12,0.022,10.657577319177793,1,476.5400000000002
NC(=O)c1cccc2[nH]c(-c3ccc(Nc4c5ccccc5nc5ccccc45)cc3)nc12,90.0,7.045757490560675,1,429.4830000000001
NC(=O)c1cccc2[nH]c(-c3ccc(Nc4nccc(N5CCN(C(=O)c6ccccc6)CC5)n4)cc3)nc12,128.0,6.892790030352131,1,518.5810000000004
NC(=O)c1cccc2[nH]c(-c3ccc(Nc4nccc(N5CCN(c6ccc(C(F)(F)F)cn6)CC5)n4)cc3)nc12,98.2,7.00788851221305,1,559.5560000000003
NC(=O)c1cccc2[nH]c(-c3ccc(OCCCC(=O)NO)cc3)nc12,14.2,7.847711655616943,1,354.366
NC(=O)c1cccc2[nH]c(-c3ccc(OCCCCC(=O)NO)cc3)nc12,12.1,7.91721462968355,1,368.39300000000003
NC(=O)c1cccc2[nH]c(-c3ccc(OCCCCCC(=O)NO)cc3)nc12,20.2,7.694648630553377,1,382.4200000000001
NC(=O)c1cccc2[nH]c(-c3ccc(OCCCCCCC(=O)NO)cc3)nc12,38.0,7.42021640338319,1,396.4470000000001
NC(=O)c1cccc2[nH]c(-c3ccc(OCCCCCCCC(=O)NO)cc3)nc12,47.5,7.323306390375134,1,410.47400000000016
NC(=O)c1cccc2[nH]c(-c3ccc(OCCF)cc3)nc12,10.8,7.966576244513051,1,299.30499999999995
NC(=O)c1cccc2[nH]c(-c3ccc(OCc4cn(CCF)nn4)cc3)nc12,30.3,7.518557371497695,1,380.3830000000001
NC(=O)c1cccc2[nH]c(-c3cccc(N)c3)nc12,30.0,7.522878745280337,1,252.277
NC(=O)c1cccc2[nH]c(-c3cccc(Nc4c5ccccc5nc5ccccc45)c3)nc12,1390.0,5.856985199745905,0,429.4830000000001
NC(=O)c1cccc2[nH]c(-c3ccccc3N)nc12,50000.0,4.301029995663981,0,252.277
NC(=O)c1cccc2[nH]c(-c3ccccc3Nc3c4ccccc4nc4ccccc34)nc12,1990.0,5.701146923590294,0,429.4830000000001
NC(=O)c1cccc2[nH]c(C(=O)N3CCC(N)C3)nc12,15.0,7.823908740944319,1,273.29599999999994
NC(=O)c1cccc2[nH]c(C(=O)N3CCC(N)CC3)nc12,29.0,7.5376020021010435,1,287.323
NC(=O)c1cccc2[nH]c(C(=O)N3CCC(NC4CCCCC4)C3)nc12,75.0,7.1249387366083,1,355.44200000000023
NC(=O)c1cccc2[nH]c(C(=O)N3CCC(NC4CCCCC4)CC3)nc12,70.0,7.154901959985743,1,369.4690000000003
NC(=O)c1cccc2[nH]c(C(=O)N3CCC(NC4CCNCC4)C3)nc12,60.0,7.221848749616356,1,356.4300000000002
NC(=O)c1cccc2[nH]c(C(=O)N3CCC(NC4CCNCC4)CC3)nc12,316.0,6.5003129173815966,1,370.4570000000002
NC(=O)c1cccc2[nH]c(C(=O)N3CCNC(=O)C3)nc12,29.0,7.5376020021010435,1,287.279
NC(=O)c1cccc2[nH]c(C(=O)N3CCNCC3)nc12,42.0,7.376750709602099,1,273.29599999999994
NC(=O)c1cccc2[nH]c(C(=O)N3C[C@H]4CCCN[C@H]4C3)nc12,116.0,6.935542010773082,1,313.361
NC(=O)c1cccc2[nH]c(C(=O)NC3CCCN(C4CCCCC4)C3)nc12,382.0,6.4179366370882915,1,369.4690000000002
NC(=O)c1cccc2[nH]c(C(=O)NC3CCCN(C4CCNCC4)C3)nc12,793.0,6.100726812682396,1,370.45700000000016
NC(=O)c1cccc2[nH]c(C(=O)NC3CCCNC3)nc12,199.0,6.701146923590294,1,287.32300000000004
NC(=O)c1cccc2[nH]c(C(=O)NC3CCN(C(=O)C(F)(F)F)CC3)nc12,83.0,7.080921907623926,1,383.3300000000001
NC(=O)c1cccc2[nH]c(C(=O)NC3CCN(C4CCCCC4)C3)nc12,1000.0,6.0,1,355.44200000000023
NC(=O)c1cccc2[nH]c(C(=O)NC3CCN(C4CCCCC4)CC3)nc12,311.0,6.507239610973162,1,369.4690000000003
NC(=O)c1cccc2[nH]c(C(=O)NC3CCN(C4CCNCC4)CC3)nc12,316.0,6.5003129173815966,1,370.4570000000002
NC(=O)c1cccc2[nH]c(C(=O)NC3CCN(CC(F)(F)F)CC3)nc12,34.0,7.468521082957745,1,369.34700000000004
NC(=O)c1cccc2[nH]c(C(=O)NC3CCN(CC4CC4)CC3)nc12,108.0,6.966576244513051,1,341.41500000000013
NC(=O)c1cccc2[nH]c(C(=O)NC3CCNC3)nc12,343.0,6.464705879957229,1,273.296
NC(=O)c1cccc2[nH]c(C(=O)NC3CCNCC3)nc12,101.0,6.995678626217358,1,287.32300000000004
NC(=O)c1cccc2[nH]c(C(=O)NC3CN4CCC3CC4)nc12,100.0,7.0,1,313.36100000000005
NC(=O)c1cccc2[nH]c(C3CCN(C4CCC(F)(F)CC4)CC3)nc12,4.3,8.366531544420413,1,362.42400000000015
NC(=O)c1cccc2[nH]c(CN3CCC(C(=O)Nc4cc5ccccc5cn4)CC3)nc12,10.0,8.0,1,428.49600000000015
NC(=O)c1cccc2[nH]c(N3CCN(c4cc(C(F)(F)F)ncn4)CC3)nc12,55.0,7.259637310505756,1,391.3570000000001
NC(=O)c1cccc2[nH]c(N3CCN(c4ccnc(C(F)(F)F)c4)CC3)nc12,49.0,7.309803919971486,1,390.3690000000001
NC(=O)c1cccc2[nH]c(N3CCN(c4ccncn4)CC3)nc12,17.0,7.769551078621726,1,323.36000000000007
NC(=O)c1cccc2[nH]c(N3CCN(c4ncc(F)cn4)CC3)nc12,49.0,7.309803919971486,1,341.3500000000001
NC(=O)c1cccc2[nH]c(N3CCN(c4ncc(N)cn4)CC3)nc12,98.0,7.008773924307505,1,338.3750000000001
NC(=O)c1cccc2[nH]c(N3CCN(c4nccc(C(F)(F)F)n4)CC3)nc12,217.0,6.663540266151471,1,391.3570000000001
NC(=O)c1cccc2[nH]c(N3CCN(c4ncccn4)CC3)nc12,48.0,7.318758762624412,1,323.36000000000007
NC(=O)c1cccc2[nH]c(NC(=O)c3ccc(Nc4nccc(N5CCN(C(=O)c6ccccc6)CC5)n4)cc3)nc12,194.0,6.7121982700697735,1,561.6060000000002
NC(=O)c1cccc2[nH]c(NC(=O)c3cccc(C(=O)N4CCC(Nc5ncc(Br)cn5)CC4)c3)nc12,37.0,7.431798275933005,1,563.416
NC(=O)c1cccc2[nH]c(NC(=O)c3cccc(C(=O)N4CCC(Nc5ncc(C(F)(F)F)cn5)CC4)c3)nc12,167.0,6.777283528852417,1,552.5170000000002
NC(=O)c1cccc2[nH]c(NC(=O)c3cccc(C(=O)N4CCC(Nc5ncc(Cl)cn5)CC4)c3)nc12,43.0,7.366531544420414,1,518.9650000000003
NC(=O)c1cccc2[nH]c(NC(=O)c3cccc(C(=O)N4CCC(Nc5ncc(F)cn5)CC4)c3)nc12,71.0,7.1487416512809245,1,502.5100000000003
NC(=O)c1cccc2[nH]c(NC(=O)c3cccc(C(=O)N4CCC(Nc5ncc(I)cn5)CC4)c3)nc12,34.0,7.468521082957745,1,610.4159999999999
NC(=O)c1cccc2[nH]cnc12,240.0,6.619788758288394,1,161.164
NC(=O)c1cccc2[nH]n(C3CCN(C4CCC(F)(F)CC4)CC3)c(=O)c12,150.0,6.823908740944319,1,378.4230000000002
NC(=O)c1cccc2[nH]n(C3CCN(C4CCC4)CC3)c(=O)c12,2500.0,5.6020599913279625,0,314.38900000000007
NC(=O)c1cccc2[nH]n(C3CCN(C4CCCC4)CC3)c(=O)c12,240.0,6.619788758288394,1,328.4160000000001
NC(=O)c1cccc2[nH]n(C3CCN(C4CCCCC4)CC3)c(=O)c12,230.0,6.638272163982407,1,342.44300000000015
NC(=O)c1cccc2[nH]n(C3CCN(CC4CC=CCC4)CC3)c(=O)c12,150.0,6.823908740944319,1,354.4540000000002
NC(=O)c1cccc2[nH]n(C3CCN(CC4CCCCC4)CC3)c(=O)c12,95.0,7.022276394711152,1,356.4700000000002
NC(=O)c1cccc2[nH]n(C3CCN(Cc4ccco4)CC3)c(=O)c12,230.0,6.638272163982407,1,340.3830000000001
NC(=O)c1cccc2[nH]n(C3CCN(Cc4cccs4)CC3)c(=O)c12,70.0,7.154901959985743,1,356.4510000000001
NC(=O)c1cccc2c1C(=O)N(C1CCN(C3CCC(F)(F)CC3)CC1)C2,150.0,6.823908740944319,1,377.4350000000002
NC(=O)c1cccc2c1C(=O)N(C1CCN(C3CCOCC3)CC1)C2,560.0,6.251811972993799,1,343.4270000000002
NC(=O)c1cccc2c1C(=O)N(C1CCN(Cc3ccc(Br)cc3)CC1)C2,6000.0,5.221848749616356,0,428.3300000000001
NC(=O)c1cccc2c1C(=O)N(C1CCN(Cc3ccc4[nH]ccc4c3)CC1)C2,100.0,7.0,1,388.4710000000001
NC(=O)c1cccc2c1C(=O)N(C1CCN(Cc3cccc(C(F)(F)F)c3)CC1)C2,3000.0,5.522878745280337,0,417.4310000000001
NC(=O)c1cccc2c1C(=O)N(C1CCN(Cc3ccccc3Br)CC1)C2,10000.0,5.0,0,428.3300000000001
NC(=O)c1cccc2c1C(=O)N(C1CCN(Cc3ccccn3)CC1)C2,370.0,6.431798275933005,1,350.4220000000001
NC(=O)c1cccc2c1C(=O)N(C1CCN(Cc3cccnc3)CC1)C2,13400.0,4.872895201635193,0,350.4220000000001
NC(=O)c1cccc2c1C(=O)N(C1CCN(Cc3ccncc3)CC1)C2,5400.0,5.267606240177032,0,350.4220000000001
NC(=O)c1cccc2c1C(=O)N(C1CCN(Cc3ccsc3)CC1)C2,1000.0,6.0,1,355.4630000000001
NC(=O)c1cccc2c1C(=O)N(CC1CCN(Cc3ccccc3)CC1)C2,2000.0,5.698970004336019,0,363.46100000000007
NC(=O)c1cccc2c1C(=O)N(CCCN1CCCCC1)C2,200.0,6.698970004336019,1,301.39000000000004
NC(=O)c1cccc2c1C(=O)N(CCCN1CCOCC1)C2,2150.0,5.667561540084395,0,303.362
NC(=O)c1cccc2c1C(=O)N(CCN1CCc3ccccc3C1)C2,2250.0,5.647817481888637,0,335.40700000000004
NC(=O)c1cccc2c1O/C(=C\c1cc(O)cc(O)c1)C2=O,10000.0,5.0,0,297.266
NC(=O)c1cccc2c1O/C(=C\c1cc(O)ccc1O)C2=O,10000.0,5.0,0,297.266
NC(=O)c1cccc2c1O/C(=C\c1ccc(-c3cc[nH]n3)cc1)C2=O,50.0,7.301029995663981,1,331.331
NC(=O)c1cccc2c1O/C(=C\c1ccc(-c3ccccc3)cc1)C2=O,50.0,7.301029995663981,1,341.36600000000004
NC(=O)c1cccc2c1O/C(=C\c1ccc(-c3nccs3)cc1)C2=O,50.0,7.301029995663981,1,348.38300000000004
NC(=O)c1cccc2c1O/C(=C\c1ccc(-c3nn[nH]n3)c(F)c1)C2=O,54.239999999999995,7.265680319140993,1,351.297
NC(=O)c1cccc2c1O/C(=C\c1ccc(-c3nn[nH]n3)cc1)C2=O,33.31,7.477425367308824,1,333.307
NC(=O)c1cccc2c1O/C(=C\c1ccc(-n3cncn3)cc1)C2=O,50.0,7.301029995663981,1,332.319
NC(=O)c1cccc2c1O/C(=C\c1ccc(C(=O)N3CC(c4nc5ccccc5[nH]4)C3)cc1)C2=O,29.42,7.531357331608489,1,464.48100000000017
NC(=O)c1cccc2c1O/C(=C\c1ccc(C(=O)N3CCC(c4nc5ccccc5[nH]4)CC3)cc1)C2=O,57.769999999999996,7.238297632458587,1,492.53500000000025
NC(=O)c1cccc2c1O/C(=C\c1ccc(C(=O)N3CCC(c4ncccn4)CC3)cc1)C2=O,50.0,7.301029995663981,1,454.4860000000002
NC(=O)c1cccc2c1O/C(=C\c1ccc(C(=O)N3CCN(c4ccccc4)CC3)cc1)C2=O,50.0,7.301029995663981,1,453.4980000000002
NC(=O)c1cccc2c1O/C(=C\c1ccc(C(=O)N3CCN(c4ccccn4)CC3)cc1)C2=O,66.035,7.1802258178231835,1,454.4860000000002
NC(=O)c1cccc2c1O/C(=C\c1ccc(C(=O)N3CCN(c4cnccn4)CC3)cc1)C2=O,76.43,7.116736140415026,1,455.4740000000002
NC(=O)c1cccc2c1O/C(=C\c1ccc(C(=O)N3CCN(c4nc5ccccc5[nH]4)CC3)cc1)C2=O,17.490000000000002,7.757210190521324,1,493.52300000000025
NC(=O)c1cccc2c1O/C(=C\c1ccc(C(=O)N3CCN(c4ncccc4C(F)(F)F)CC3)cc1)C2=O,50.0,7.301029995663981,1,522.4830000000002
NC(=O)c1cccc2c1O/C(=C\c1ccc(C(=O)N3CCN(c4ncccn4)CC3)cc1)C2=O,54.35,7.2648004515776865,1,455.4740000000002
NC(=O)c1cccc2c1O/C(=C\c1ccc(C(=O)N3CCN(c4ncncn4)CC3)cc1)C2=O,50.0,7.301029995663981,1,456.4620000000002
NC(=O)c1cccc2c1O/C(=C\c1ccc(C(=O)N3CCN(c4nnc(C(F)(F)F)s4)CC3)cc1)C2=O,50.0,7.301029995663981,1,529.5000000000002
NC(=O)c1cccc2c1O/C(=C\c1ccc(C(=O)N3CCn4c(CC5CC5)nnc4C3)cc1)C2=O,46.885000000000005,7.328966079655959,1,469.5010000000003
NC(=O)c1cccc2c1O/C(=C\c1ccc(C(=O)N3CCn4c(CO)nnc4C3)cc1)C2=O,50.0,7.301029995663981,1,445.43500000000023
NC(=O)c1cccc2c1O/C(=C\c1ccc(C(=O)N3CCn4c(Cc5cccc(F)c5)nnc4C3)cc1)C2=O,50.0,7.301029995663981,1,523.5240000000002
NC(=O)c1cccc2c1O/C(=C\c1ccc(C(=O)N3CCn4c(nnc4C(F)(F)F)C3)cc1)C2=O,29.755000000000003,7.526440045399187,1,483.4060000000002
NC(=O)c1cccc2c1O/C(=C\c1ccc(C(=O)N3CCn4c(nnc4C(F)F)C3)cc1)C2=O,30.1,7.521433504406157,1,465.41600000000017
NC(=O)c1cccc2c1O/C(=C\c1ccc(C(=O)N3CCn4c(nnc4C4CC4)C3)cc1)C2=O,26.96,7.569280112136718,1,455.4740000000003
NC(=O)c1cccc2c1O/C(=C\c1ccc(C(=O)N3CCn4c(nnc4C4CCCC4)C3)cc1)C2=O,35.055,7.455250028552092,1,483.52800000000036
NC(=O)c1cccc2c1O/C(=C\c1ccc(C(=O)N3CCn4cnnc4C3)cc1)C2=O,96.25,7.0165992618194615,1,415.40900000000016
NC(=O)c1cccc2c1O/C(=C\c1ccc(C(=O)NC3CCN(c4ncccn4)CC3)cc1)C2=O,112.1,6.9503943874050265,1,469.50100000000026
NC(=O)c1cccc2c1O/C(=C\c1ccc(C(=O)NCCCc3nc4ccccc4[nH]3)cc1)C2=O,50.0,7.301029995663981,1,466.49700000000024
NC(=O)c1cccc2c1O/C(=C\c1ccc(C(=O)NCCc3nc4c(C(N)=O)cccc4[nH]3)cc1)C2=O,3.9450000000000003,8.403952992454562,1,495.4950000000003
NC(=O)c1cccc2c1O/C(=C\c1ccc(C(=O)NCCc3nc4cc(F)ccc4[nH]3)cc1)C2=O,49.989999999999995,7.30111686324741,1,470.4600000000002
NC(=O)c1cccc2c1O/C(=C\c1ccc(C(=O)NCCc3nc4ccccc4[nH]3)cc1)C2=O,35.739999999999995,7.446845451830375,1,452.4700000000002
NC(=O)c1cccc2c1O/C(=C\c1ccc(C(=O)O)cc1)C2=O,67.805,7.168738279697179,1,309.277
NC(=O)c1cccc2c1O/C(=C\c1ccc(CN3CCN(c4ncccn4)CC3)cc1)C2=O,50.0,7.301029995663981,1,441.49100000000016
NC(=O)c1cccc2c1O/C(=C\c1ccc(Cl)cc1)C2=O,6090.0,5.215382707367125,0,299.713
NC(=O)c1cccc2c1O/C(=C\c1ccc(N3CCN(Cc4ccccc4)CC3)cc1)C2=O,50.0,7.301029995663981,1,439.51500000000016
NC(=O)c1cccc2c1O/C(=C\c1ccc(N3CCN(c4ncccn4)CC3)cc1)C2=O,50.0,7.301029995663981,1,427.4640000000001
NC(=O)c1cccc2c1O/C(=C\c1ccc(O)c(O)c1)C2=O,531.0,6.274905478918531,1,297.266
NC(=O)c1cccc2c1O/C(=C\c1ccc(O)cc1)C2=O,813.0,6.089909454405932,1,281.267
NC(=O)c1cccc2c1O/C(=C\c1ccc(O)cc1O)C2=O,753.0,6.123205023799299,1,297.266
NC(=O)c1cccc2c1O/C(=C\c1ccc(OCC(=O)N3CCOCC3)cc1)C2=O,223.0,6.651695136951839,1,408.4100000000002
NC(=O)c1cccc2c1O/C(=C\c1ccc(OCC(O)CN3CCOCC3)cc1)C2=O,176.0,6.7544873321858505,1,424.45300000000026
NC(=O)c1cccc2c1O/C(=C\c1ccc(OCC3CO3)cc1)C2=O,1210.0,5.91721462968355,0,337.3310000000001
NC(=O)c1cccc2c1O/C(=C\c1ccc(OCCCN3CCOCC3)cc1)C2=O,718.0,6.1438755557577,1,408.45400000000024
NC(=O)c1cccc2c1O/C(=C\c1ccc(OCCN3CCCCC3)cc1)C2=O,544.0,6.2644011003018205,1,392.4550000000002
NC(=O)c1cccc2c1O/C(=C\c1ccc(OCCN3CCN(c4ccc(F)cc4)CC3)cc1)C2=O,445.0,6.351639989019068,1,487.53100000000023
NC(=O)c1cccc2c1O/C(=C\c1ccc(OCCN3CCOCC3)cc1)C2=O,2070.0,5.684029654543083,0,394.4270000000002
NC(=O)c1cccc2c1O/C(=C\c1ccc(S(=O)(=O)N3CCN(c4ncccn4)CC3)cc1)C2=O,195.99,6.707766087090525,1,491.5290000000003
NC(=O)c1cccc2c1O/C(=C\c1cccc(-c3nn[nH]n3)c1)C2=O,50.0,7.301029995663981,1,333.307
NC(=O)c1cccc2c1O/C(=C\c1cccc(C(=O)N3CCN(c4cnccn4)CC3)c1)C2=O,50.0,7.301029995663981,1,455.4740000000002
NC(=O)c1cccc2c1O/C(=C\c1cccc(C(=O)N3CCN(c4ncccn4)CC3)c1)C2=O,57.769999999999996,7.238297632458587,1,455.4740000000002
NC(=O)c1cccc2c1O/C(=C\c1cccc(C(=O)N3CCn4c(nnc4C(F)(F)F)C3)c1)C2=O,41.845,7.378356427805427,1,483.4060000000002
NC(=O)c1cccc2c1O/C(=C\c1cccc(C(=O)N3CCn4cnnc4C3)c1)C2=O,50.0,7.301029995663981,1,415.40900000000016
NC(=O)c1cccc2c1O/C(=C\c1cccc(C(=O)NCCc3nc4cc(F)ccc4[nH]3)c1)C2=O,96.25,7.0165992618194615,1,470.46000000000015
NC(=O)c1cccc2c1O/C(=C\c1cccc(C(=O)NCCc3nc4ccccc4[nH]3)c1)C2=O,86.555,7.062707839288427,1,452.47000000000014
NC(=O)c1cccc2c1O/C(=C\c1cccc(O)c1)C2=O,2140.0,5.669586226650809,0,281.267
NC(=O)c1cccc2c1O/C(=C\c1cccc(OCCN3CCCCC3)c1)C2=O,10000.0,5.0,0,392.45500000000027
NC(=O)c1cccc2c1O/C(=C\c1cccc(OCCN3CCOCC3)c1)C2=O,10000.0,5.0,0,394.42700000000025
NC(=O)c1cccc2c1O/C(=C\c1cccc(Oc3ccccc3)c1)C2=O,4650.0,5.3325470471100465,0,357.365
NC(=O)c1cccc2c1O/C(=C\c1ccccc1)C2=O,4281.016666666666,5.368453081386136,0,265.268
NC(=O)c1cccc2c1O/C(=C\c1ccccc1O)C2=O,10000.0,5.0,0,281.267
NC(=O)c1cccc2c1OCC2,9450.0,5.024568191490737,0,163.17599999999993
NC(=O)c1cccc2c1OCC2=O,16200.0,4.790484985457369,0,177.15899999999993
NC(=O)c1cccc2cc(-c3cccc(C(F)(F)F)c3)cnc12,52000.0,4.2839966563652006,0,316.282
NC(=O)c1cccc2cc(-c3ccccc3)c[n+]([O-])c12,23000.0,4.638272163982407,0,264.284
NC(=O)c1cccc2cc(-c3ccccc3)cnc12,15000.0,4.823908740944319,0,248.285
NC(=O)c1cccc2cc(-c3ccccc3)nn12,55.0,7.259637310505756,1,237.262
NC(=O)c1cccc2cc(C(=O)N3CCN(Cc4cc5nc(-c6cnc(N)nc6)nc(N6CCOCC6)c5o4)CC3)oc12,2.97,8.527243550682787,1,583.6090000000002
NC(=O)c1cccc2cc(C(=O)N3CCN(Cc4cc5nc(-c6cnc(N)nc6)nc(N6CCOCC6)c5s4)CC3)oc12,1.98,8.703334809738468,1,599.6770000000001
NC(=O)c1cccc2cc(C(=O)N3CCN(c4nc(-c5ccc(N)nc5)nc(N5CCOCC5)n4)CC3)oc12,10.8,7.966576244513051,1,529.5610000000003
NC(=O)c1cccc2cc(C(=O)N3CCN(c4nc(-c5cnc(N)cc5C(F)(F)F)nc(N5CCOCC5)n4)CC3)oc12,7.3,8.136677139879543,1,597.5579999999999
NC(=O)c1cccc2cc(C(=O)N3CCN(c4nc(-c5cnc(N)nc5)nc(N5CCOCC5)n4)CC3)oc12,6.05,8.21824462534753,1,530.5490000000003
NC(=O)c1cccc2cc(C(=O)N3CCN(c4nc(-c5cnc(NC(=O)CN6CCOCC6)cc5C(F)(F)F)nc(N5CCOCC5)n4)CC3)oc12,13.8,7.860120913598763,1,724.7009999999998
NC(=O)c1cccc2ccc(-c3ccccc3)nc12,900.0,6.045757490560675,1,248.285
NC(=O)c1cccc2cccnc12,1900.0,5.721246399047171,0,172.18699999999998
NC(=O)c1cccc2cn(-c3ccc(C(=O)N4CCCNCC4)cc3)nc12,22.0,7.657577319177793,1,363.42100000000005
NC(=O)c1cccc2cn(-c3ccc(C(=O)NCCN4CCCC4)cc3)nc12,20.0,7.698970004336019,1,377.44800000000015
NC(=O)c1cccc2cn(-c3ccc(C(=O)NCCN4CCCCC4)cc3)nc12,38.0,7.42021640338319,1,391.4750000000002
NC(=O)c1cccc2cn(-c3ccc(C(=O)NCCN4CCOCC4)cc3)nc12,54.0,7.267606240177032,1,393.4470000000002
NC(=O)c1cccc2cn(-c3ccc(C(=O)NCc4ccncc4)cc3)nc12,10.0,8.0,1,371.4
NC(=O)c1cccc2cn(-c3ccc(C(=O)Nc4ccncc4)cc3)nc12,30.0,7.522878745280337,1,357.373
NC(=O)c1cccc2cn(-c3ccc(C4CCCN4)cc3)nc12,3.1,8.508638306165727,1,306.36899999999997
NC(=O)c1cccc2cn(-c3ccc(C4CCCNC4)cc3)nc12,3.2,8.494850021680094,1,320.396
NC(=O)c1cccc2cn(-c3ccc(C4CCNCC4)cc3)nc12,9.0,8.045757490560675,1,320.396
NC(=O)c1cccc2cn(-c3ccc(CN4CCCC4)cc3)nc12,4.8,8.318758762624412,1,320.39599999999996
NC(=O)c1cccc2cn(-c3ccc(CN4CCCCC4)cc3)nc12,1.9,8.721246399047171,1,334.423
NC(=O)c1cccc2cn(-c3ccc(CN4CCOCC4)cc3)nc12,17.0,7.769551078621726,1,336.39500000000004
NC(=O)c1cccc2cn(-c3ccc(CNC(=O)C4CNC4)cc3)nc12,65.0,7.187086643357144,1,349.39400000000006
NC(=O)c1cccc2cn(-c3ccc(CNCC(F)F)cc3)nc12,14.0,7.853871964321762,1,330.33799999999997
NC(=O)c1cccc2cn(-c3ccc(CNCCF)cc3)nc12,2.1,8.67778070526608,1,312.34799999999996
NC(=O)c1cccc2cn(-c3ccc(Cl)cc3)nc12,24.0,7.619788758288394,1,271.707
NC(=O)c1cccc2cn(-c3ccc(NC(=O)C4CNC4)cc3)nc12,10.0,8.0,1,335.367
NC(=O)c1cccc2cn(-c3ccc(NC(=O)CN4CCCC4)cc3)nc12,10.0,8.0,1,363.42100000000016
NC(=O)c1cccc2cn(-c3ccc(NC(=O)CN4CCCCC4)cc3)nc12,20.0,7.698970004336019,1,377.4480000000002
NC(=O)c1cccc2cn(-c3ccc(NC(=O)CN4CCOCC4)cc3)nc12,30.0,7.522878745280337,1,379.4200000000002
NC(=O)c1cccc2cn(-c3ccc(OCCCC(=O)NO)cc3)nc12,102.0,6.991399828238082,1,354.36599999999993
NC(=O)c1cccc2cn(-c3ccc(OCCCCC(=O)NO)cc3)nc12,102.0,6.991399828238082,1,368.393
NC(=O)c1cccc2cn(-c3ccc(OCCCCCC(=O)NO)cc3)nc12,285.0,6.54515513999149,1,382.42
NC(=O)c1cccc2cn(-c3ccc(OCCCCCCC(=O)NO)cc3)nc12,128.0,6.892790030352131,1,396.44700000000006
NC(=O)c1cccc2cn(-c3ccc(OCCCCCCCC(=O)NO)cc3)nc12,245.0,6.610833915635467,1,410.4740000000001
NC(=O)c1cccc2cn(-c3ccc([C@@H]4CCCNC4)cc3)nc12,26.28263157894737,7.580331152696826,1,320.396
NC(=O)c1cccc2cn(-c3ccc([C@@]4(F)CCCNC4)cc3)nc12,100.0,7.0,1,338.38599999999997
NC(=O)c1cccc2cn(-c3ccc([C@H]4CCCNC4)cc3)nc12,2.4,8.619788758288394,1,320.396
NC(=O)c1cccc2cn(-c3ccc([C@]4(F)CCCNC4)cc3)nc12,100.0,7.0,1,338.38599999999997
NC(=O)c1cccc2cn(-c3ccc4c(c3)CCNC4)nc12,1.4,8.853871964321762,1,292.342
NC(=O)c1cccc2cn(-c3ccc4c(c3)CNCC4)nc12,2.2,8.657577319177793,1,292.342
NC(=O)c1cccc2cn(-c3cccc(C(=O)N4CCCNCC4)c3)nc12,40.0,7.3979400086720375,1,363.4210000000001
NC(=O)c1cccc2cn(-c3cccc(Cl)c3)nc12,14.0,7.853871964321762,1,271.707
NC(=O)c1cccc2cn(-c3ccccc3)nc12,24.333333333333332,7.613798394599207,1,237.26199999999997
NC(=O)c1cccc2cn(-c3ccccc3Cl)nc12,100.0,7.0,1,271.707
NC(=O)c1cccc2cn(CC(=O)N3CCN(c4ccc(C(F)(F)F)cn4)CC3)nc12,1300.0,5.886056647693163,0,432.40600000000006
NC(=O)c1cccc2cn(CC(=O)N3CCN(c4ncc(C(F)(F)F)cn4)CC3)nc12,1300.0,5.886056647693163,0,433.39400000000006
NC(=O)c1cccc2cn(Cc3ccccc3)nc12,130.0,6.886056647693163,1,251.28899999999996
NC(=O)c1cccc2nc(-c3ccc(Cl)cc3)cnc12,30.0,7.522878745280337,1,283.718
NC(=O)c1cccc2ncc(-c3ccc(C(F)(F)F)cc3)nc12,118.0,6.928117992693875,1,317.27
NC(=O)c1cccc2ncc(-c3ccc(N)cc3)nc12,87.0,7.060480747381382,1,264.288
NC(=O)c1cccc2nn(-c3ccccc3)nc12,71.0,7.1487416512809245,1,238.25
NC(=O)c1ccccc1,15800.0,4.801342913045577,0,121.13899999999995
NC(=O)c1ccccc1NCc1cccc(NC(=O)Nc2cccc(Br)c2)c1,5.17,8.286509456906057,1,439.313
NC(=O)c1ccccc1OCC(=O)N1CC(=O)Nc2cc(C(F)(F)F)ccc21,1060.0,5.97469413473523,0,393.321
NC(=O)c1ccccc1OCC(=O)N1CCc2ccccc2C1,42.9,7.367542707815276,1,310.353
NC(=O)c1ccccc1OCCc1ccc(F)c(C(=O)N2CCN(C(=O)C3CCCC3)CC2)c1,103.0,6.987162775294828,1,467.5410000000004
NC(=O)c1ccccc1OCCc1ccc(F)c(C(=O)N2CCNCC2)c1,10000.0,5.0,0,371.41200000000015
NC(=O)c1ccccc1OCCc1cccc(C(=O)N2CCN(C(=O)C3CCCC3)CC2)c1,200.0,6.698970004336019,1,449.55100000000033
NC(=O)c1ccccc1OCCc1cccc(C(=O)N2CCNCC2)c1,970.0,6.013228265733755,1,353.4220000000001
NC(=O)c1ccccc1OCc1ccc(F)c(C(=O)N2CCN(C(=O)C3CCCC3)CC2)c1,24.0,7.619788758288394,1,453.51400000000035
NC(=O)c1ccccc1OCc1ccc(F)c(C(=O)N2CCNCC2)c1,61.0,7.214670164989233,1,357.3850000000001
NC(=O)c1ccccc1OCc1cccc(C(=O)N2CCN(C(=O)C3CCCC3)CC2)c1,188.0,6.72584215073632,1,435.52400000000034
NC(=O)c1ccccc1OCc1cccc(C(=O)N2CCNCC2)c1,18.0,7.7447274948966935,1,339.3950000000001
NC(=O)c1ccccc1OCc1cccc(NC(=O)Nc2cccc(Br)c2)c1,6.06,8.217527375833713,1,440.297
NC(=O)c1ccccc1OCc1cccc(NC(=O)c2ccc(Br)cc2)c1,0.25,9.602059991327963,1,425.28200000000004
NC(=O)c1ccccc1OCc1cccc(NC(=O)c2ccc(Cl)cc2)c1,1.28,8.892790030352131,1,380.831
NC(=O)c1cccn2nc(-c3ccccc3)nc12,270.0,6.568636235841013,1,238.25
NC(=O)c1cccnc1,210000.0,3.677780705266081,0,122.12699999999997
NC(=O)c1cncc2[nH]c(C3CCCNC3)nc12,636.0,6.196542884351586,1,245.28599999999994
NC(=O)c1cncc2[nH]c(C3CCN(C(=O)c4cc(Cc5n[nH]c(=O)c6ccccc56)ccc4F)CC3)nc12,0.23,9.638272163982407,1,525.5440000000002
NC(=O)c1cncc2[nH]c(C3CCNCC3)nc12,825.0,6.0835460514500745,1,245.28599999999994
NC(=O)c1nn(CCCN2C(=O)C(=O)c3ccccc32)c2ccccc12,6800.0,5.167491087293763,0,348.3620000000001
NC(=O)n1ccc2ccc(-c3ccc(-c4ccccc4)cc3)nc21,5000.0,5.301029995663981,0,313.36
NC(=O)n1ccc2ccc(-c3ccc(C(=O)N4CCCCC4)cc3)nc21,2900.0,5.5376020021010435,0,348.4060000000001
NC(=O)n1ccc2ccc(-c3ccc(CN4CCCC4)cc3)nc21,280.0,6.552841968657781,1,320.396
NC(=O)n1ccc2ccc(-c3ccc(CN4CCCCC4)cc3)nc21,70.0,7.154901959985743,1,334.42300000000006
NC(=O)n1ccc2ccc(-c3ccc(CN4CCOCC4)cc3)nc21,2100.0,5.6777807052660805,0,336.3950000000001
NC(=O)n1ccc2ccc(-c3ccc(F)c(C(=O)N4CCN(C(=O)C5CC5)CC4)c3)nc21,1120.0,5.950781977329818,0,435.4590000000003
NC(=O)n1ccc2ccc(-c3ccc(F)cc3)nc21,270.0,6.568636235841013,1,255.25199999999998
NC(=O)n1ccc2ccc(-c3ccc[nH]3)nc21,930.0,6.031517051446065,1,226.239
NC(=O)n1ccc2ccc(-c3ccccc3)nc21,270.0,6.568636235841013,1,237.262
NC(=O)n1ccc2ccc(-c3ccccc3F)nc21,3000.0,5.522878745280337,0,255.25199999999998
NC(=O)n1ccc2ccc(N3CCCC3)nc21,220.0,6.657577319177793,1,230.27099999999993
NC(=O)n1ccc2ccc(N3CCCCC3)nc21,3000.0,5.522878745280337,0,244.29799999999992
NC(=O)n1ccc2cccnc21,2500.0,5.6020599913279625,0,161.164
NC(CCCc1nc(-c2ccc3[nH]c4c5c(c6c(c4c3c2)C(=O)NC6=O)CCC5)cs1)C(=O)O,22.0,7.657577319177793,1,474.5420000000003
NC1(C(=O)N2CC3=NNC(=O)c4cc(F)cc5[nH]c(c3c45)C2)CC1,9.9,8.00436480540245,1,327.3190000000002
NC1CC2c3c(cccc31)CCN2C(=O)c1cc(Cc2n[nH]c(=O)c3ccccc23)ccc1F,76600.0,4.115771230367396,0,454.50500000000005
NC1CCN(C(=O)c2cc(Cc3c[nH]c(=O)c4cc(Cl)c(Cl)n34)ccc2F)CC1,7.1,8.148741651280925,1,437.3020000000001
NC1CCN(Cc2ccc(-c3[nH]c4cc(F)cc5c4c3CCNC5=O)cc2)CC1,0.41,9.387216143280265,1,392.4780000000002
NC1CCN(Cc2cccc(-c3[nH]c4cc(F)cc5c4c3CCNC5=O)c2)CC1,0.96,9.017728766960431,1,392.47800000000024
NCC(F)(F)c1ccc(-c2nnc3n2CCN(C(=O)c2cc(Cc4n[nH]c(=O)c5ccccc45)ccc2F)C3)o1,8.49,8.071092309756047,1,549.5130000000003
NCCCCC(N)C(=O)NCc1ccc2[nH]c3c4c(c5c(c3c2c1)CNC5=O)CCC4,80.0,7.096910013008056,1,419.52900000000034
NCCCCNC(=O)c1ccc2[nH]c(=O)c3c(c2c1)CCSC3,27.0,7.568636235841013,1,331.44100000000014
NCCCNC(=O)c1ccc2[nH]c(=O)c3c(c2c1)CCSC3,30.0,7.522878745280337,1,317.41400000000004
NCCNC(=O)CCC(=O)c1ccc2[nH]c3c4c(c5c(c3c2c1)C(=O)NC5=O)CCC4,22.0,7.657577319177793,1,418.4530000000003
NCCNC(=O)c1ccc2[nH]c(=O)c3c(c2c1)CCSC3,17.0,7.769551078621726,1,303.387
NCCOc1c(-c2ccc(Br)cc2)[nH]c(=O)c2c(F)c(F)ccc12,20.0,7.698970004336019,1,395.2030000000001
NCCOc1c(-c2ccc(Br)cc2)[nH]c(=O)c2cc(F)ccc12,10.0,8.0,1,377.2130000000001
NCCOc1c(-c2ccc(Cl)c(Cl)c2)[nH]c(=O)c2cc(F)ccc12,1.0,9.0,1,367.2070000000001
NCCOc1c(-c2ccc(Cl)cc2)[nH]c(=O)c2cc(F)ccc12,10.0,8.0,1,332.762
NCCOc1c(-c2ccc(F)c(F)c2)[nH]c(=O)c2cc(F)ccc12,130.0,6.886056647693163,1,334.29699999999997
NCCOc1c(-c2ccc(F)cc2)[nH]c(=O)c2cc(F)ccc12,60.0,7.221848749616356,1,316.307
NCCOc1c(-c2ccc(N3CCCC3)c(Br)c2)[nH]c(=O)c2cc(F)ccc12,130.0,6.886056647693163,1,446.32
NCCOc1c(-c2ccc(N3CCCC3)cc2)[nH]c(=O)c2cc(F)ccc12,210.0,6.6777807052660805,1,367.42400000000004
NCCOc1c(-c2ccc(N3CCOCC3)c(Br)c2)[nH]c(=O)c2cc(F)ccc12,20.0,7.698970004336019,1,462.319
NCCOc1c(-c2ccc(Oc3ccccc3)cc2)[nH]c(=O)c2cc(F)ccc12,230.0,6.638272163982407,1,390.4140000000001
NCCOc1c(-c2ccc3c(c2)OCCO3)[nH]c(=O)c2cc(F)ccc12,70.0,7.154901959985743,1,356.353
NCCOc1c(-c2ccc3c(c2)OCO3)[nH]c(=O)c2cc(F)ccc12,80.0,7.096910013008056,1,342.326
NCCOc1c(-c2cccc(Br)c2)[nH]c(=O)c2cc(F)ccc12,100.0,7.0,1,377.2130000000001
NCCOc1c(-c2cccc(C(F)(F)F)c2)[nH]c(=O)c2cc(F)ccc12,30.0,7.522878745280337,1,366.3140000000001
NCCOc1ccc2[nH]c(=O)c3c(c2c1)NCCC3,1160.0,5.935542010773082,0,259.30899999999997
NCCc1c[nH]c2ccc3c(c12)CCNC3=O,40.0,7.3979400086720375,1,229.28299999999993
NCc1ccc2[nH]c3c4c(c5c(c3c2c1)C(=O)NC5=O)CCC4,18.0,7.7447274948966935,1,305.3370000000001
NCc1ccc2[nH]c3c4c(c5c(c3c2c1)CNC5=O)CCC4,27.0,7.568636235841013,1,291.3540000000001
NCc1ccc2c3c(c(=O)[nH]c2c1)CCCN3,170.0,6.769551078621726,1,229.28299999999996
NCc1nc(-c2ccc3[nH]c4c5c(c6c(c4c3c2)C(=O)NC6=O)CCC5)cs1,42.0,7.376750709602099,1,388.4520000000001
NCc1nc2sc3c(c2c(=O)[nH]1)CCC3,17000.0,4.769551078621726,0,221.28499999999994
NS(=O)(=O)Nc1ccc(NC(=O)CCn2c(=O)[nH]c(=O)c3ccccc32)cc1,410.0,6.3872161432802645,1,403.4200000000001
N[C@@H](CCC(=O)N1CCc2nc(O)c3ccccc3c2C1)C(=O)O,89.0,7.050609993355087,1,329.35600000000017
N[C@@H](Cc1ccccc1)C(=O)N1CC2=NNC(=O)c3cccc4[nH]c(c2c34)C1,22011.0,4.657360226205563,0,373.4160000000001
Nc1cc(-c2ccc([N+](=O)[O-])cc2)nc2c1C(c1cccs1)c1c([nH]c(=O)[nH]c1=O)O2,15790.0,4.801617869991706,0,435.42100000000016
Nc1cc(-c2nc(N3CCOCC3)nc(N3CCN(C(=O)c4cc(Cc5n[nH]c(=O)c6ccccc56)ccc4F)CC3)n2)ccc1F,1.096,8.96018944585165,1,639.6670000000001
Nc1cc(=O)[nH]c(SCCC(=O)N[C@H]2CC[C@H](c3nnc(-c4ccccc4)o3)CC2)n1,85000.0,4.070581074285707,0,440.52900000000017
Nc1cc(C(F)(F)F)c(-c2cc(N3CCN(C(=O)c4cc(Cc5n[nH]c(=O)c6ccccc56)ccc4F)CC3)nc(N3CCOCC3)n2)cn1,15.49,7.809948582240794,1,689.6739999999996
Nc1cc(C(F)(F)F)c(-c2nc(N3CCOCC3)nc(N3CCN(C(=O)c4cc(Cc5n[nH]c(=O)c6ccccc56)ccc4F)CC3)n2)cn1,9.575,8.01886121735934,1,690.6620000000001
Nc1cc(C(F)(F)F)c(-c2nc3c(c(N4CCOCC4)n2)CCN(C(=O)c2cc(Cc4n[nH]c(=O)c5ccccc45)ccc2F)C3)cn1,5.463,8.262568799485418,1,660.6320000000003
Nc1cc(F)cc2c(=O)[nH]c(CCCN3CCN(c4ccc(F)cc4)CC3)cc12,0.9,9.045757490560675,1,398.4570000000001
Nc1cc(F)ccc1NC(=O)C1CCN(C(=O)c2cc(Cc3n[nH]c(=O)c4ccccc34)ccc2F)CC1,2.58,8.588380294036769,1,517.5360000000002
Nc1cc2nc(O)c3ccccc3c2cc1N,180.0,6.7447274948966935,1,225.251
Nc1ccc(-c2nc(N3CCOCC3)nc(N3CCN(C(=O)c4cc(Cc5n[nH]c(=O)c6ccccc56)ccc4F)CC3)n2)c(F)c1,0.7244,9.14002155835798,1,639.6670000000001
Nc1ccc(-c2nc(N3CCOCC3)nc(N3CCN(C(=O)c4cc(Cc5n[nH]c(=O)c6ccccc56)ccc4F)CC3)n2)cc1,1.175,8.929962133392245,1,621.6770000000001
Nc1ccc(-c2nc(N3CCOCC3)nc(N3CCN(C(=O)c4cc(Cc5n[nH]c(=O)c6ccccc56)ccc4F)CC3)n2)cc1F,0.8318,9.079981083971084,1,639.6670000000001
Nc1ccc(-c2nc(N3CCOCC3)nc(N3CCN(C(=O)c4cc(Cc5n[nH]c(=O)c6ccccc56)ccc4F)CC3)n2)cn1,1.072,8.969805214643248,1,622.6650000000001
Nc1ccc(-c2nc(O)c3cccc(O)c3n2)cc1,289.0,6.539102157243452,1,253.26100000000002
Nc1ccc(-c2nc3c(c(N4CCOCC4)n2)CCN(C(=O)c2cc(Cc4n[nH]c(=O)c5ccccc45)ccc2F)C3)cn1,7.943,8.100015437450608,1,592.6350000000002
Nc1ccc(-c2nc3ccccc3c(=O)[nH]2)cc1,1295.0,5.887730231582729,0,237.26200000000003
Nc1ccc(C(=O)Nc2cccc3cccnc23)cc1,100000.0,4.0,0,263.3
Nc1ccc(C2=Nc3cccc4c(=O)[nH]nc(c34)N2)cc1,244.0,6.61261017366127,1,277.28700000000003
Nc1ccc(F)cc1NC(=O)C1CCN(C(=O)c2cc(Cc3n[nH]c(=O)c4ccccc34)ccc2F)CC1,1.81,8.742321425130816,1,517.5360000000002
Nc1ccc(S(=O)(=O)N2CCCN(CC3=Nc4cccc5c(=O)[nH]nc(c45)N3)CC2)cc1,15.0,7.823908740944319,1,453.52800000000013
Nc1ccc(S(=O)(=O)N2CCN(CC3=Nc4cccc5c(=O)[nH]nc(c45)N3)CC2)cc1,45.0,7.346787486224656,1,439.50100000000015
Nc1ccc2[nH]c(=O)c3ccccc3c2c1,180.0,6.7447274948966935,1,210.23600000000002
Nc1ccc2c(c1)-c1nc(O)c3ccccc3c1C2,300.0,6.522878745280337,1,248.285
Nc1ccc2c(c1)Cc1c-2nc(O)c2ccccc12,98.0,7.008773924307505,1,248.28500000000003
Nc1ccc2c(c1)nc(O)c1cc(N)ccc12,3260.0,5.486782399932061,0,225.251
Nc1ccc2c3c(cccc13)C(=O)NC2=O,128.66666666666666,6.8905339500479075,1,212.208
Nc1ccc2nc(O)c3ccccc3c2n1,209.0,6.679853713888946,1,211.22400000000002
Nc1ccc2nc[nH]c(=O)c2c1,25000.0,4.6020599913279625,0,161.16400000000002
Nc1cccc(-c2ccc(C(=O)CNC(=O)CCn3c4c(c(=O)[nH]c3=O)CSCC4)cc2)c1,20.0,7.698970004336019,1,464.5470000000002
Nc1cccc2c(=O)[nH]c(-c3ccc(C(F)(F)F)cc3)cc12,330.0,6.481486060122113,1,304.271
Nc1cccc2c(=O)[nH]c(-c3ccc(Cl)cc3)cc12,570.0,6.2441251443275085,1,270.71900000000005
Nc1cccc2c(=O)[nH]c(-c3ccccc3)cc12,1070.0,5.97061622231479,0,236.27400000000003
Nc1cccc2c(=O)[nH]c(-c3cccs3)cc12,5610.0,5.251037138743839,0,242.30300000000003
Nc1cccc2c(=O)[nH]c(Cc3ccccc3)cc12,5140.0,5.289036881004725,0,250.30100000000002
Nc1cccc2c(=O)[nH]ccc12,1128.0,5.947690900352677,0,160.17600000000002
Nc1cccc2c(=O)[nH]cnc12,760.0,6.119186407719209,1,161.16400000000002
Nc1cccc2c(=O)n(CCC(=O)O)ccc12,550.0,6.259637310505756,1,232.23899999999998
Nc1cccc2c1CCNC2=O,410.0,6.3872161432802645,1,162.192
Nc1cccc2c1nc(O)c1ccccc12,312.0,6.505845405981558,1,210.23600000000002
Nc1ccccc1NC(=O)C1CCN(C(=O)c2cc(Cc3n[nH]c(=O)c4ccccc34)ccc2F)CC1,1.94,8.712198270069774,1,499.5460000000002
Nc1ccccc1NC(=O)CCCCCNC(=O)c1cc(Cc2n[nH]c(=O)c3ccccc23)ccc1F,4.23,8.373659632624957,1,501.5620000000002
Nc1cccnc1N1CCN(C(=O)CNC(=O)CCn2c3c(c(=O)[nH]c2=O)CSCC3)CC1,70.0,7.154901959985743,1,473.55900000000037
Nc1cnc2c(c1)[nH]c(=O)c1ccccc12,180.0,6.7447274948966935,1,211.224
Nc1nc(-c2ccc3[nH]c4c5c(c6c(c4c3c2)C(=O)NC6=O)CCC5)cs1,25.0,7.6020599913279625,1,374.4250000000001
Nc1nc(S)nc2c1Oc1[nH]c(=O)[nH]c(=O)c1C2c1cccs1,2032.03,5.692069884607468,0,347.38100000000003
Nc1ncc(-c2nc(N3CCOCC3)c3sc(CN4CCN(C(=O)c5cc(Cc6n[nH]c(=O)c7ccccc67)ccc5F)CC4)cc3n2)cn1,8.8,8.05551732784983,1,692.7810000000001
Nc1ncc(-c2nc(N3CCOCC3)nc(N3CCN(C(=O)c4cc(Cc5n[nH]c(=O)c6ccccc56)ccc4F)CC3)n2)cc1C(F)(F)F,1.122,8.950007143079857,1,690.6620000000001
Nc1ncc(-c2nc(N3CCOCC3)nc(N3CCN(C(=O)c4cc(Cc5n[nH]c(=O)c6ccccc56)ccc4F)CC3)n2)cn1,0.8059000000000001,9.093718844227848,1,623.653
Nc1ncc(-c2nc3c(c(N4CCOCC4)n2)CCN(C(=O)c2cc(Cc4n[nH]c(=O)c5ccccc45)ccc2F)C3)cn1,3.16,8.500312917381596,1,593.6230000000002
Nc1ncnc2c1Oc1[nH]c(=O)[nH]c(=O)c1C2c1cccs1,14940.0,4.82564940252062,0,315.31399999999996
Nc1ncnc2c1ncn2C1OC(C(=O)N2CCN(CC(=O)Nc3cccc4c3CNC4=O)CC2)[C@@H](O)[C@H]1O,45.0,7.346787486224656,1,537.5370000000004
Nc1ncnc2c1ncn2[C@@H]1O[C@H](C(=O)N2CCN(CC(=O)Nc3cccc4c3CNC4=O)CC2)[C@@H](O)[C@H]1O,45.0,7.346787486224656,1,537.5370000000004
Nc1ncnc2c1ncn2[C@@H]1O[C@H](COC(=O)N2CCN(CC(=O)Nc3cccc4c3CNC4=O)CC2)[C@@H](O)[C@H]1O,45.0,7.346787486224656,1,567.5630000000006
Nc1ncnc2c1ncn2[C@@H]1O[C@H](COCNC(=O)CCC(=O)Nc2cccc3c2CNC3=O)[C@@H](O)[C@H]1O,100.0,7.0,1,526.5100000000003
Nc1ncnc2c1ncn2[C@@H]1O[C@H](COP(=O)(O)OP(=O)(O)OC[C@H]2NC[C@H](O)[C@@H]2O)[C@@H](O)[C@H]1O,1000000.0,3.0,0,542.3350000000003
Nc1nn(-c2cc([N+](=O)[O-])ccc2[N+](=O)[O-])c2c1Oc1[nH]c(=O)[nH]c(=O)c1C2c1cccs1,3610.0,5.442492798094342,0,469.39500000000015
O=C(/C=C/c1ccc(CCCCCCc2n[nH]c(=O)c3cc(F)ccc23)cc1)NO,7.0,8.154901959985743,1,409.461
O=C(/C=C/c1ccc(CCNC(=O)c2cc(Cc3n[nH]c(=O)c4ccccc34)ccc2F)cc1)NO,68.15,7.166534139829308,1,486.5030000000001
O=C(/C=C/c1ccc(CN2CCN(C(=O)c3cc(Cc4n[nH]c(=O)c5ccccc45)ccc3F)CC2)cc1)NO,15.04,7.822752163744377,1,541.5830000000003
O=C(/C=C/c1cccc([N+](=O)[O-])c1)N1CCN(C(=O)c2cc(Cc3n[nH]c(=O)c4ccccc34)ccc2F)CC1,16.1,7.79317412396815,1,541.5390000000001
O=C(/C=C/c1ccccc1)Nc1nc(-c2ccccc2)cs1,224.0,6.649751981665837,1,306.39000000000004
O=C(C1CC1)N1CC2(CCN2C(=O)c2cc(Cc3n[nH]c(=O)c4ccccc34)ccc2F)C1,129.7,6.88706002391592,1,446.48200000000014
O=C(C1CC1)N1CCC2(CC1)CCN2C(=O)c1cc(Cc2n[nH]c(=O)c3ccccc23)ccc1F,430.9,6.365623505911632,1,474.5360000000002
O=C(C1CC1)N1CCN(Cc2c(O)cc(O)c3c(=O)cc(-c4ccc(O)cc4)oc23)CC1,37.5,7.425968732272281,1,436.4640000000003
O=C(C1CC1)N1CCP(=O)(c2cc(Cc3n[nH]c(=O)c4ccccc34)ccc2F)CC1,100.0,7.0,1,439.42700000000025
O=C(C1CCC1)N1CCN(Cc2c(O)cc(O)c3c(=O)cc(-c4ccc(O)cc4)oc23)CC1,45.5,7.341988603342887,1,450.49100000000027
O=C(C1CCC1)N1CCP(=O)(c2cc(Cc3n[nH]c(=O)c4ccccc34)ccc2F)CC1,100.0,7.0,1,453.4540000000002
O=C(C1CCCC1)N1CCP(=O)(c2cc(Cc3n[nH]c(=O)c4ccccc34)ccc2F)CC1,5500.0,5.259637310505756,0,467.48100000000017
O=C(C1CCCCC1)N1CCN(Cc2c(O)cc(O)c3c(=O)cc(-c4ccc(O)cc4)oc23)CC1,44.5,7.351639989019068,1,478.5450000000003
O=C(C1CCCO1)N1CCP(=O)(c2cc(Cc3n[nH]c(=O)c4ccccc34)ccc2F)CC1,550.0,6.259637310505756,1,469.4530000000002
O=C(CBr)c1ccc2[nH]c3c4c(c5c(c3c2c1)C(=O)NC5=O)CCC4,13.0,7.886056647693163,1,397.22800000000024
O=C(CCC(=O)N1C=CC=CC=C1)c1ccc2[nH]c3c4c(c5c(c3c2c1)C(=O)NC5=O)CCC4,26.0,7.585026652029182,1,451.48200000000037
O=C(CCC(=O)N1CCCC1)c1ccc2[nH]c3c4c(c5c(c3c2c1)C(=O)NC5=O)CCC4,16.0,7.795880017344075,1,429.4760000000003
O=C(CCC(=O)N1CCCCC1)c1ccc2[nH]c3c4c(c5c(c3c2c1)C(=O)NC5=O)CCC4,10.0,8.0,1,443.5030000000003
O=C(CCC(=O)N1CCC[C@H]1C(=O)O)c1ccc2[nH]c3c4c(c5c(c3c2c1)C(=O)NC5=O)CCC4,2.0,8.698970004336019,1,473.48500000000035
O=C(CCC(=O)N1CCNCC1)c1ccc2[nH]c3c4c(c5c(c3c2c1)C(=O)NC5=O)CCC4,15.0,7.823908740944319,1,444.4910000000003
O=C(CCC(=O)N1CCOCC1)c1ccc2[nH]c3c4c(c5c(c3c2c1)C(=O)NC5=O)CCC4,13.0,7.886056647693163,1,445.47500000000036
O=C(CCC(=O)c1ccc2[nH]c3c4c(c5c(c3c2c1)C(=O)NC5=O)CCC4)NCCO,9.0,8.045757490560675,1,419.43700000000024
O=C(CCCCCCCCCCC(=O)N1CCN(C(=O)c2cc(Cc3n[nH]c(=O)c4ccccc34)ccc2F)CC1)NCCNc1cccc2c1C(=O)N(C1CCC(=O)NC1=O)C2=O,2.3,8.638272163982407,1,876.9869999999996
O=C(CCCCCn1c2c(c(=O)[nH]c1=O)CSCC2)NCC(=O)N1CCN(c2ncccn2)CC1,250.0,6.6020599913279625,1,501.6130000000004
O=C(CCCN1CCCCC1)N1CCc2nc(O)c3ccccc3c2C1,457.0,6.34008379993015,1,353.4660000000001
O=C(CCCN1CCOCC1)Nc1ccc2c(c1)Cc1c-2nc(O)c2ccccc12,105.0,6.978810700930062,1,403.4820000000002
O=C(CCCSc1nc2ccccc2c(=O)[nH]1)N1CCC(c2nnc(-c3ccccc3)o2)CC1,7630.0,5.117475462045119,0,475.57400000000035
O=C(CCCSc1nc2ccccc2c(=O)[nH]1)N[C@H]1CC[C@H](c2nnc(-c3ccccc3)o2)CC1,376.0,6.424812155072339,1,489.60100000000034
O=C(CCC[C@@H]1[C@H]2CCCN3CCC[C@@H](CN1C(=O)OCC1c4ccccc4-c4ccccc41)[C@@H]23)NCCCc1nc2ccc(F)cc2[nH]1,16000.0,4.795880017344075,0,663.838
O=C(CCC[C@@H]1[C@H]2CCCN3CCC[C@@H](CN1C(=O)OCC1c4ccccc4-c4ccccc41)[C@@H]23)Nc1nc2ccccc2[nH]1,2580.0,5.58838029403677,0,603.767
O=C(CCCc1nc2ccccc2c(=O)[nH]1)N1CC=C(n2c(=O)[nH]c3ccccc32)CC1,2050.0,5.688246138944246,0,429.48000000000025
O=C(CCCc1nc2ccccc2c(=O)[nH]1)N1CCC(N2C(=O)C(F)(F)c3ccccc32)CC1,4530.0,5.343901797987168,0,466.4880000000002
O=C(CCCc1nc2ccccc2c(=O)[nH]1)N1CCC(N2C(=O)Cc3ccccc32)CC1,6420.0,5.192464971931146,0,430.50800000000027
O=C(CCCc1nc2ccccc2c(=O)[nH]1)N1CCC(c2n[nH]c3ccccc23)CC1,1980.0,5.703334809738469,0,415.4970000000002
O=C(CCCc1nc2ccccc2c(=O)[nH]1)N1CCC(c2nnc(-c3ccc(Cl)cc3)o2)CC1,2410.0,5.617982957425132,0,477.9520000000002
O=C(CCCc1nc2ccccc2c(=O)[nH]1)N1CCC(c2nnc(-c3ccc(F)c(Cl)c3)o2)CC1,2300.0,5.638272163982407,0,495.94200000000023
O=C(CCCc1nc2ccccc2c(=O)[nH]1)N1CCC(c2nnc(-c3ccc(F)cc3)o2)CC1,5410.0,5.266802734893431,0,461.49700000000024
O=C(CCCc1nc2ccccc2c(=O)[nH]1)N1CCC(c2nnc(-c3cccc(Cl)c3)o2)CC1,3050.0,5.515700160653214,0,477.9520000000002
O=C(CCCc1nc2ccccc2c(=O)[nH]1)N1CCC(c2nnc(-c3cccc(F)c3)o2)CC1,3760.0,5.424812155072339,0,461.49700000000024
O=C(CCCc1nc2ccccc2c(=O)[nH]1)N1CCC(c2nnc(-c3ccccc3)o2)CC1,7470.0,5.126679398184601,0,443.50700000000023
O=C(CCCc1nc2ccccc2c(=O)[nH]1)N1CCC(c2nnc(-c3ccccc3)s2)CC1,2860.0,5.543633966870957,0,459.5750000000002
O=C(CCCc1nc2ccccc2c(=O)[nH]1)N1CCC(c2nnc(-c3ccccc3Cl)o2)CC1,5070.0,5.294992040666664,0,477.9520000000002
O=C(CCCc1nc2ccccc2c(=O)[nH]1)N1CCC(c2nnc(-c3ccccc3F)o2)CC1,4470.0,5.349692476868063,0,461.49700000000024
O=C(CCCc1nc2ccccc2c(=O)[nH]1)N1CCC(c2nnc(-c3ccccn3)o2)CC1,6290.0,5.201349354554731,0,444.49500000000023
O=C(CCCc1nc2ccccc2c(=O)[nH]1)N1CCC(c2nnc(-c3cccnc3)o2)CC1,7090.0,5.149353764816934,0,444.49500000000023
O=C(CCCc1nc2ccccc2c(=O)[nH]1)N1CCC(c2nnc(-c3ccncc3)o2)CC1,4920.0,5.308034897232639,0,444.49500000000023
O=C(CCCc1nc2ccccc2c(=O)[nH]1)N1CCC(c2nnc(-c3cnccn3)o2)CC1,8540.0,5.068542129310995,0,445.48300000000023
O=C(CCCc1nc2ccccc2c(=O)[nH]1)N1CCC(c2nnc(COc3ccc(Cl)cc3)o2)CC1,3790.0,5.421360790031928,0,507.9780000000003
O=C(CCCc1nc2ccccc2c(=O)[nH]1)N1CCC(c2noc3ccc(F)cc23)CC1,5570.0,5.254144804826271,0,434.47100000000023
O=C(CCCc1nc2ccccc2c(=O)[nH]1)N1CCC(n2c(=O)[nH]c3c(F)cccc32)CC1,1280.0,5.892790030352131,0,449.4860000000002
O=C(CCCc1nc2ccccc2c(=O)[nH]1)N1CCC(n2c(=O)[nH]c3cc(C(F)(F)F)ccc32)CC1,3830.0,5.416801226031377,0,499.4930000000002
O=C(CCCc1nc2ccccc2c(=O)[nH]1)N1CCC(n2c(=O)[nH]c3cc(Cl)ccc32)CC1,887.0,6.052076380168273,1,465.9410000000002
O=C(CCCc1nc2ccccc2c(=O)[nH]1)N1CCC(n2c(=O)[nH]c3cc(F)ccc32)CC1,894.0,6.048662481204082,1,449.4860000000002
O=C(CCCc1nc2ccccc2c(=O)[nH]1)N1CCC(n2c(=O)[nH]c3ccccc32)CC1,1490.0,5.826813731587726,0,431.4960000000002
O=C(CCCc1nc2ccccc2c(=O)[nH]1)N1CCC(n2c(=O)[nH]c3cccnc32)CC1,4930.0,5.30715308072277,0,432.4840000000002
O=C(CCCc1nc2ccccc2c(=O)[nH]1)N1CCC(n2c(=O)[nH]c3ncccc32)CC1,2440.0,5.61261017366127,0,432.4840000000002
O=C(CCCc1nc2ccccc2c(=O)[nH]1)N1CCC(n2c(=O)oc3cc(F)ccc32)CC1,2570.0,5.590066876668706,0,450.47000000000025
O=C(CCCc1nc2ccccc2c(=O)[nH]1)N1CCC(n2c(=O)oc3ccccc32)CC1,7610.0,5.118615343229427,0,432.48000000000025
O=C(CCCc1nc2ccccc2c(=O)[nH]1)N1CCC(n2c(=O)sc3ccccc32)CC1,10700.0,4.97061622231479,0,448.54800000000023
O=C(CCCc1nc2ccccc2c(=O)[nH]1)N1CCC(n2nnc3ccccc32)CC1,2260.0,5.645891560852599,0,416.4850000000002
O=C(CCCc1nc2ccccc2c(=O)[nH]1)N1CCN(c2n[nH]c3ccccc23)CC1,1800.0,5.7447274948966935,0,416.4850000000002
O=C(CCCc1nc2ccccc2c(=O)[nH]1)N1CCN(c2noc3ccccc23)CC1,992.0,6.0034883278458215,1,417.4690000000002
O=C(CCCc1nc2ccccc2c(=O)[nH]1)N1CCN(c2nsc3ccccc23)CC1,1760.0,5.7544873321858505,0,433.5370000000002
O=C(CCCc1nc2ccccc2c(=O)[nH]1)N[C@H]1CC[C@H](OCc2ccccc2)C1,7680.0,5.114638779968488,0,405.4980000000003
O=C(CCCc1nc2ccccc2c(=O)[nH]1)N[C@H]1CC[C@H](Oc2ccc(Cl)cc2)CC1,2550.0,5.5934598195660445,0,439.9430000000003
O=C(CCCc1nc2ccccc2c(=O)[nH]1)N[C@H]1CC[C@H](Oc2ccc(F)cc2)CC1,1710.0,5.767003889607846,0,423.4880000000003
O=C(CCCc1nc2ccccc2c(=O)[nH]1)N[C@H]1CC[C@H](Oc2cccc(Cl)c2)CC1,1390.0,5.856985199745905,0,439.9430000000003
O=C(CCCc1nc2ccccc2c(=O)[nH]1)N[C@H]1CC[C@H](Oc2ccccc2)C1,1290.0,5.889410289700751,0,391.47100000000023
O=C(CCCc1nc2ccccc2c(=O)[nH]1)N[C@H]1CC[C@H](Oc2ccccn2)CC1,5820.0,5.235077015350112,0,406.4860000000003
O=C(CCCc1nc2ccccc2c(=O)[nH]1)N[C@H]1CC[C@H](Oc2cccnc2)CC1,1900.0,5.721246399047171,0,406.4860000000003
O=C(CCCc1nc2ccccc2c(=O)[nH]1)N[C@H]1CC[C@H](Oc2ccncc2)CC1,723.0,6.140861702705469,1,406.4860000000003
O=C(CCCc1nc2ccccc2c(=O)[nH]1)N[C@H]1CC[C@H](c2ncc(-c3ccccc3)o2)CC1,1930.0,5.714442690992226,0,456.54600000000033
O=C(CCCc1nc2ccccc2c(=O)[nH]1)N[C@H]1CC[C@H](c2nnc(-c3ccc(Cl)cc3)o2)CC1,1670.0,5.777283528852417,0,491.9790000000004
O=C(CCCc1nc2ccccc2c(=O)[nH]1)N[C@H]1CC[C@H](c2nnc(-c3cccc(Cl)c3)o2)CC1,1140.0,5.943095148663527,0,491.9790000000004
O=C(CCCc1nc2ccccc2c(=O)[nH]1)N[C@H]1CC[C@H](c2nnc(-c3cccc(F)c3)o2)CC1,1050.0,5.978810700930062,0,475.52400000000034
O=C(CCCc1nc2ccccc2c(=O)[nH]1)N[C@H]1CC[C@H](c2nnc(-c3ccncc3)o2)CC1,2840.0,5.546681659952962,0,458.52200000000033
O=C(CCCn1nc(-c2ccccc2)c2ccccc2c1=O)Nc1cccc(Cl)c1,97.0,7.013228265733755,1,417.8960000000002
O=C(CCN1CCC(N2CCCC2)CC1)N1CCc2c(nc(O)c3ccccc23)C1,243.0,6.614393726401688,1,408.5460000000001
O=C(CCN1CCC(N2CCCC2)CC1)N1CCc2nc(O)c3cc(F)ccc3c2C1,32.0,7.494850021680094,1,426.5360000000001
O=C(CCN1CCC(N2CCCC2)CC1)N1CCc2nc(O)c3ccccc3c2C1,99.0,7.00436480540245,1,408.5460000000001
O=C(CCN1CCCCC1)N1CCc2[nH]c(=O)c3cc(F)ccc3c2C1,25.0,7.6020599913279625,1,357.4290000000001
O=C(CCN1CCCCC1)N1CCc2c(nc(O)c3ccccc23)C1,240.0,6.619788758288394,1,339.4390000000001
O=C(CCN1CCCCC1)N1CCc2nc(O)c3ccccc3c2C1,42.0,7.376750709602099,1,339.4390000000001
O=C(CCN1CCc2cccc3c2C1CNC3=O)NCC(=O)N1CC=C(c2ccc(F)cc2)CC1,1100.0,5.958607314841775,0,476.5520000000003
O=C(CCN1CCc2cccc3c2C1CNC3=O)NCC(=O)N1CCN(c2ccccc2F)CC1,8960.0,5.047691990337875,0,479.5560000000003
O=C(CCN1CCc2cccc3c2C1CNC3=O)NCC(=O)N1CCN(c2ccccn2)CC1,8520.0,5.0695604052333,0,462.5540000000003
O=C(CCOC[C@@H]1CCN1c1cn[nH]c(=O)c1C(F)(F)F)N1CCN2c3ncc(C(F)(F)F)cc3OC[C@@H]2C1,492.0,6.308034897232639,1,562.471
O=C(CCOC[C@@H]1CCN1c1cn[nH]c(=O)c1C(F)(F)F)N1CCN2c3ncc(Cl)cc3OCC[C@H]2C1,1000.0,6.0,1,542.9460000000001
O=C(CCSCc1nc2ccccc2c(=O)[nH]1)N1CCC(c2nnc(-c3ccc(F)cc3)o2)CC1,8290.0,5.081445469449727,0,493.5640000000003
O=C(CCSCc1nc2ccccc2c(=O)[nH]1)N[C@H]1CC[C@H](c2nnc(-c3ccccc3)o2)CC1,2270.0,5.6439741428068775,0,489.6010000000003
O=C(CCSc1cc(=O)n2ccccc2n1)N[C@H]1CC[C@H](c2nnc(-c3ccccc3)o2)CC1,85000.0,4.070581074285707,0,475.57400000000035
O=C(CCSc1nc2c(c(=O)[nH]1)CCCC2)N[C@H]1CC[C@H](c2nnc(-c3ccccc3)o2)CC1,3860.0,5.413412695328245,0,479.6060000000003
O=C(CCSc1nc2ccc(F)cc2c(=O)[nH]1)N[C@H]1CC[C@H](c2nnc(-c3ccccc3)o2)CC1,3540.0,5.450996737974212,0,493.5640000000003
O=C(CCSc1nc2ccccc2c(=O)[nH]1)N1CCC(c2nnc(-c3ccccc3)o2)CC1,1510.0,5.82102305270683,0,461.5470000000003
O=C(CCSc1nc2ccccc2c(=O)[nH]1)N1CCC(n2c(=O)[nH]c3cc(Cl)ccc32)CC1,1470.0,5.8326826652518236,0,483.9810000000003
O=C(CCSc1nc2ccccc2c(=O)[nH]1)N1CCN(c2n[nH]c3ccccc23)CC1,1230.0,5.910094888560602,0,434.52500000000026
O=C(CCSc1nc2ccccc2c(=O)[nH]1)N[C@H]1CC[C@H](Oc2ccc(Cl)cc2)CC1,85000.0,4.070581074285707,0,457.9830000000003
O=C(CCSc1nc2ccccc2c(=O)[nH]1)N[C@H]1CC[C@H](Oc2cccc(Cl)c2)CC1,85000.0,4.070581074285707,0,457.9830000000003
O=C(CCSc1nc2ccccc2c(=O)[nH]1)N[C@H]1CC[C@H](Oc2ccccn2)CC1,85000.0,4.070581074285707,0,424.5260000000003
O=C(CCSc1nc2ccccc2c(=O)[nH]1)N[C@H]1CC[C@H](Oc2ccncc2)CC1,2760.0,5.559090917934782,0,424.5260000000003
O=C(CCSc1nc2ccccc2c(=O)[nH]1)N[C@H]1CC[C@H](c2nnc(-c3ccc(F)c(Cl)c3)o2)CC1,9440.0,5.025028005701931,0,528.0090000000002
O=C(CCSc1nc2ccccc2c(=O)[nH]1)N[C@H]1CC[C@H](c2nnc(-c3ccncc3)o2)CC1,10200.0,4.991399828238082,0,476.56200000000035
O=C(CCSc1nccc(=O)[nH]1)N[C@H]1CC[C@H](c2nnc(-c3ccccc3)o2)CC1,85000.0,4.070581074285707,0,425.51400000000024
O=C(CCc1c(Cl)cccc1Cl)Nc1nnc2n1CCS2,19000.0,4.721246399047171,0,343.23900000000015
O=C(CCc1cc(=O)n2ccccc2n1)N[C@H]1CC[C@H](c2nnc(-c3ccccc3)o2)CC1,85000.0,4.070581074285707,0,443.50700000000023
O=C(CCc1ccc(Cl)cc1Cl)Nc1nnc2n1CCS2,19000.0,4.721246399047171,0,343.23900000000015
O=C(CCc1cccc(Cl)c1Cl)Nc1nnc2n1CCS2,19000.0,4.721246399047171,0,343.2390000000001
O=C(CCc1ccccc1)N(Cc1ccsc1)Cc1nc2c(c(=O)[nH]1)COCC2,71100.0,4.148130399270234,0,409.5110000000003
O=C(CCc1ccccc1)N(Cc1nc2ccccc2c(=O)[nH]1)Cc1cccs1,18200.0,4.739928612014925,0,403.5070000000001
O=C(CCc1nc(O)c2ccccc2n1)N1CCN(c2ccc(F)cc2)CC1,68.0,7.167491087293763,1,380.4230000000001
O=C(CCc1nc(O)c2ccccc2n1)N1CCN(c2ccccc2Cl)CC1,180.0,6.7447274948966935,1,396.87800000000016
O=C(CCc1nc2c(Cl)cccc2c(=O)[nH]1)N1CC=C(c2ccc(F)cc2)CC1,255.0,6.5934598195660445,1,411.86400000000026
O=C(CCc1nc2c(c(=O)[nH]1)CCCN2)N[C@H]1CC[C@H](c2nnc(-c3ccccc3)o2)CC1,3500.0,5.455931955649724,0,448.52700000000027
O=C(CCc1nc2ccc(F)cc2c(=O)[nH]1)N[C@H]1CC[C@H](c2nnc(-c3ccccc3)o2)CC1,936.0,6.028724151261895,1,461.4970000000003
O=C(CCc1nc2ccccc2c(=O)[nH]1)N1CC=C(c2ccc(F)cc2)CC1,83.0,7.080921907623926,1,377.41900000000015
O=C(CCc1nc2ccccc2c(=O)[nH]1)N1CCC(c2ccccc2)CC1,325.0,6.488116639021126,1,361.4450000000001
O=C(CCc1nc2ccccc2c(=O)[nH]1)N1CCC(c2nnc(-c3ccccc3)o2)CC1,3460.0,5.460923901207224,0,429.4800000000002
O=C(CCc1nc2ccccc2c(=O)[nH]1)N1CCN(C(=O)C2CC2)CC1,67.1,7.1732774798310075,1,354.4100000000002
O=C(CCc1nc2ccccc2c(=O)[nH]1)N1CCN(C(=O)C2CCCC2)CC1,110.0,6.958607314841775,1,382.4640000000003
O=C(CCc1nc2ccccc2c(=O)[nH]1)N1CCN(C(=O)C2CCCNC2)CC1,31.9,7.496209316942819,1,397.47900000000027
O=C(CCc1nc2ccccc2c(=O)[nH]1)N1CCN(C(=O)C2CCCO2)CC1,130.0,6.886056647693163,1,384.43600000000026
O=C(CCc1nc2ccccc2c(=O)[nH]1)N1CCN(C(=O)c2ccc(F)cc2)CC1,56.1,7.251037138743839,1,408.43300000000016
O=C(CCc1nc2ccccc2c(=O)[nH]1)N1CCN(C(=O)c2ccc[nH]2)CC1,29.5,7.530177984021837,1,379.42000000000013
O=C(CCc1nc2ccccc2c(=O)[nH]1)N1CCN(C(=O)c2ccco2)CC1,28.5,7.54515513999149,1,380.40400000000017
O=C(CCc1nc2ccccc2c(=O)[nH]1)N1CCN(C(=O)c2cccs2)CC1,9.8,8.008773924307505,1,396.47200000000015
O=C(CCc1nc2ccccc2c(=O)[nH]1)N1CCN(c2ccc(C3=NCCN3)cn2)CC1,36.0,7.443697499232712,1,431.5000000000002
O=C(CCc1nc2ccccc2c(=O)[nH]1)N1CCN(c2ccccc2)CC1,160.0,6.795880017344075,1,362.4330000000001
O=C(CCc1nc2ccccc2c(=O)[nH]1)N1CCN(c2ccccn2)CC1,54.0,7.267606240177032,1,363.4210000000001
O=C(CCc1nc2ccccc2c(=O)[nH]1)N[C@@H]1CCc2ccccc21,780.0,6.107905397309519,1,333.3910000000001
O=C(CCc1nc2ccccc2c(=O)[nH]1)N[C@H](CO)Cc1ccccc1,6460.0,5.189767482004916,0,351.4060000000001
O=C(CCc1nc2ccccc2c(=O)[nH]1)N[C@H]1CC[C@H](c2nnc(-c3ccc(F)cc3)o2)CC1,1970.0,5.705533773838407,0,461.49700000000024
O=C(CCc1nc2ccccc2c(=O)[nH]1)N[C@H]1CC[C@H](c2nnc(-c3cccc(Cl)c3)o2)CC1,998.0,6.000869458712629,1,477.9520000000002
O=C(CCc1nc2ccccc2c(=O)[nH]1)N[C@H]1CC[C@H](c2nnc(-c3cccc(F)c3)o2)CC1,1090.0,5.962573502059376,0,461.49700000000024
O=C(CCc1nc2ccccc2c(=O)[nH]1)N[C@H]1CC[C@H](c2nnc(-c3ccccc3)o2)CC1,2700.0,5.568636235841013,0,443.50700000000023
O=C(CCc1nc2ccccc2c(=O)[nH]1)N[C@H]1CC[C@H](c2nnc(-c3ccccc3Cl)o2)CC1,3890.0,5.410050398674292,0,477.9520000000002
O=C(CCc1nc2ccccc2c(=O)[nH]1)N[C@H]1CC[C@H](c2nnc(-c3ccccc3F)o2)CC1,5100.0,5.292429823902063,0,461.49700000000024
O=C(CCc1nc2ccccc2c(=O)[nH]1)N[C@H]1CC[C@H](c2nnc(-c3ccccn3)o2)CC1,5650.0,5.247951552180561,0,444.49500000000023
O=C(CCc1nc2ccccc2c(=O)[nH]1)N[C@H]1CC[C@H](c2nnc(-c3cccnc3)o2)CC1,10800.0,4.966576244513051,0,444.49500000000023
O=C(CCc1nc2ccccc2c(=O)[nH]1)N[C@H]1CC[C@H](c2nnc(-c3ccncc3)o2)CC1,2450.0,5.610833915635467,0,444.49500000000023
O=C(CCc1nc2ccccc2c(=O)[nH]1)N[C@H]1CC[C@H](c2nnc(-c3cnccn3)o2)CC1,5470.0,5.262012673666569,0,445.48300000000023
O=C(CCc1nc2ccccc2c(=O)[nH]1)N[C@H]1CC[C@H](c2nnc(-c3ncccn3)o2)CC1,4620.0,5.335358024443875,0,445.48300000000023
O=C(CCc1nc2ccccc2c(=O)[nH]1)N[C@H]1CC[C@H](c2nnc(C3CCCCC3)o2)CC1,5450.0,5.2636034977233574,0,449.5550000000004
O=C(CCc1nc2ccccc2c(=O)[nH]1)N[C@H]1CC[C@H](c2nnc(Cc3ccccc3)o2)CC1,8220.0,5.0851281824599495,0,457.5340000000003
O=C(CCc1nc2ccccc2c(=O)[nH]1)N[C@H]1CC[C@H](n2c(=O)[nH]c3cc(Cl)ccc32)CC1,85000.0,4.070581074285707,0,465.9410000000002
O=C(CCc1nc2ccccc2c(=O)[nH]1)N[C@H]1CC[C@H](n2c(=O)oc3ccccc32)CC1,2260.0,5.645891560852599,0,432.48000000000025
O=C(CCc1nc2ccccc2c(=O)[nH]1)N[C@H]1CCc2ccccc21,510.0,6.292429823902063,1,333.3910000000001
O=C(CCc1nc2ccccc2c(=O)[nH]1)Nc1ccc(C(=O)Nc2cccc3cccnc23)cc1,8258.82,5.083081999180459,0,463.4970000000002
O=C(CCn1c(=O)[nH]c(=O)c2ccccc21)Nc1ccccc1F,1520.0,5.818156412055227,0,327.31500000000005
O=C(CCn1c2c(c(=O)[nH]c1=O)C/C=C\C=C/CC2)NCC(=O)N1CCN(c2ncccn2)CC1,5000.0,5.301029995663981,0,479.54100000000034
O=C(CCn1c2c(c(=O)[nH]c1=O)CC=CCC2)NCC(=O)N1CCN(c2ncccn2)CC1,900.0,6.045757490560675,1,453.50300000000027
O=C(CCn1c2c(c(=O)[nH]c1=O)CCC2)NCC(=O)N1CCN(c2ncccn2)CC1,3000.0,5.522878745280337,0,427.4650000000002
O=C(CCn1c2c(c(=O)[nH]c1=O)CCCC2)NCC(=O)N1CCN(c2ccccc2)CC1,200.0,6.698970004336019,1,439.5160000000002
O=C(CCn1c2c(c(=O)[nH]c1=O)CCCC2)NCC(=O)N1CCN(c2ncccn2)CC1,90.0,7.045757490560675,1,441.4920000000002
O=C(CCn1c2c(c(=O)[nH]c1=O)CCCC2)NCC(=O)c1ccc(Br)cc1,80.0,7.096910013008056,1,434.29
O=C(CCn1c2c(c(=O)[nH]c1=O)CCCC2)NCC(=O)c1ccc2ccccc2c1,25.0,7.6020599913279625,1,405.45400000000006
O=C(CCn1c2c(c(=O)[nH]c1=O)CCCC2)NCC(=O)c1ccccc1,450.0,6.346787486224656,1,355.394
O=C(CCn1c2c(c(=O)[nH]c1=O)CCCCC2)NCC(=O)N1CCN(c2ncccn2)CC1,900.0,6.045757490560675,1,455.51900000000023
O=C(CCn1c2c(c(=O)[nH]c1=O)COCC2)NCC(=O)N1CCN(c2ncccn2)CC1,800.0,6.096910013008056,1,443.4640000000002
O=C(CCn1c2c(c(=O)[nH]c1=O)CSCC2)NCC(=O)N1CCN(c2cc(C(F)(F)F)ccn2)CC1,20.0,7.698970004336019,1,526.5410000000002
O=C(CCn1c2c(c(=O)[nH]c1=O)CSCC2)NCC(=O)N1CCN(c2ccccc2)CC1,30.0,7.522878745280337,1,457.55600000000027
O=C(CCn1c2c(c(=O)[nH]c1=O)CSCC2)NCC(=O)N1CCN(c2ccccn2)CC1,35.0,7.455931955649724,1,458.54400000000027
O=C(CCn1c2c(c(=O)[nH]c1=O)CSCC2)NCC(=O)N1CCN(c2cccnn2)CC1,20.0,7.698970004336019,1,459.53200000000027
O=C(CCn1c2c(c(=O)[nH]c1=O)CSCC2)NCC(=O)N1CCN(c2ccncc2)CC1,40.0,7.3979400086720375,1,458.54400000000027
O=C(CCn1c2c(c(=O)[nH]c1=O)CSCC2)NCC(=O)N1CCN(c2ncccc2C(F)(F)F)CC1,40.0,7.3979400086720375,1,526.5410000000002
O=C(CCn1c2c(c(=O)[nH]c1=O)CSCC2)NCC(=O)N1CCN(c2ncccn2)CC1,20.0,7.698970004336019,1,459.53200000000027
O=C(CCn1c2c(c(=O)[nH]c1=O)CSCC2)NCC(=O)N1CCN(c2ncncn2)CC1,50.0,7.301029995663981,1,460.52000000000027
O=C(CCn1c2c(c(=O)[nH]c1=O)CSCC2)NCC(=O)c1ccc(-c2ccccc2)cc1,20.0,7.698970004336019,1,449.53200000000015
O=C(CCn1c2c(c(=O)[nH]c1=O)CSCC2)NCC(=O)c1ccc(-c2cccnc2)cc1,12.0,7.920818753952375,1,450.52000000000015
O=C(CCn1c2c(c(=O)[nH]c1=O)CSCC2)NCC(=O)c1ccc(-c2cccnn2)cc1,25.0,7.6020599913279625,1,451.50800000000015
O=C(CCn1c2c(c(=O)[nH]c1=O)CSCC2)NCC(=O)c1ccc(-c2ccncc2)cc1,15.0,7.823908740944319,1,450.52000000000015
O=C(CCn1c2c(c(=O)[nH]c1=O)CSCC2)NCC(=O)c1ccc(-c2ccnnc2)cc1,25.0,7.6020599913279625,1,451.50800000000015
O=C(CCn1c2c(c(=O)[nH]c1=O)CSCC2)NCC(=O)c1ccc(-c2cncnc2)cc1,25.0,7.6020599913279625,1,451.50800000000015
O=C(CCn1c2c(c(=O)[nH]c1=O)CSCC2)NCC(=O)c1ccc(Br)cc1,15.0,7.823908740944319,1,452.3300000000001
O=C(CCn1c2c(c(=O)[nH]c1=O)CSCC2)NCC(=O)c1ccc(Cl)cc1,60.0,7.221848749616356,1,407.87900000000013
O=C(CCn1c2c(c(=O)[nH]c1=O)CSCC2)NCC(=O)c1ccc(N2CCCC2)cc1,12.0,7.920818753952375,1,442.5410000000003
O=C(CCn1c2c(c(=O)[nH]c1=O)CSCC2)NCC(=O)c1ccc(OC(=O)c2ccccc2)cc1,30.0,7.522878745280337,1,493.5410000000002
O=C(CCn1c2c(c(=O)[nH]c1=O)CSCC2)NCC(=O)c1ccc(OC(F)F)cc1,30.0,7.522878745280337,1,439.4400000000001
O=C(CCn1c2c(c(=O)[nH]c1=O)CSCC2)NCC(=O)c1ccc(Oc2ccccc2)cc1,30.0,7.522878745280337,1,465.5310000000002
O=C(CCn1c2c(c(=O)[nH]c1=O)CSCC2)NCC(=O)c1ccc2ccccc2c1,8.5,8.070581074285707,1,423.49400000000014
O=C(CCn1c2c(c(=O)[nH]c1=O)CSCC2)NCC(=O)c1cccc(-c2ccccc2)c1,70.0,7.154901959985743,1,449.53200000000015
O=C(CCn1c2c(c(=O)[nH]c1=O)CSCC2)NCC(=O)c1cccc(Br)c1,70.0,7.154901959985743,1,452.3300000000001
O=C(CCn1nc(-c2ccccc2)c2ccccc2c1=O)Nc1cccc(Cl)c1,97.0,7.013228265733755,1,403.86900000000014
O=C(CN1CCC(C(=O)c2ccc(Cl)cc2)CC1)NCc1nc2c(c(=O)[nH]1)COCC2,9100.0,5.040958607678906,0,444.9190000000003
O=C(CN1CCC(C(=O)c2ccc(F)cc2)CC1)NCc1nc2c(c(=O)[nH]1)CCCC2,2700.0,5.568636235841013,0,426.49200000000025
O=C(CN1CCC(C(=O)c2ccc(F)cc2)CC1)NCc1nc2c(c(=O)[nH]1)COCC2,10400.0,4.982966660701219,0,428.4640000000002
O=C(CN1CCC(C(=O)c2ccc(OC3CCOCC3)cc2)CC1)NCc1nc2c(c(=O)[nH]1)COCC2,5800.0,5.236572006437063,0,510.5910000000004
O=C(CN1CCC(C(=O)c2ccc(OCC3CC3)cc2)CC1)NCc1nc2c(c(=O)[nH]1)COCC2,4500.0,5.346787486224656,0,480.56500000000034
O=C(CN1CCC(C(=O)c2ccc(OCC3CCC3)cc2)CC1)NCc1nc2c(c(=O)[nH]1)COCC2,2050.0,5.688246138944246,0,494.5920000000004
O=C(CN1CCC(C(=O)c2ccc(OCCC3CC3)cc2)CC1)NCc1nc2c(c(=O)[nH]1)COCC2,1750.0,5.756961951313706,0,494.5920000000004
O=C(CN1CCC(C(=O)c2ccc3c(c2)CCO3)CC1)NCc1nc2c(c(=O)[nH]1)COCC2,16700.0,4.777283528852417,0,452.5110000000003
O=C(CN1CCC(N2CCCC2)CC1)N1CCc2nc(O)c3ccccc3c2C1,185.0,6.732828271596986,1,394.51900000000006
O=C(CN1CCC(N2CCCC2)CC1)Nc1ccc2nc(O)c3ccccc3c2n1,142.0,6.847711655616943,1,405.5020000000001
O=C(CN1CCC(N2CCCC2)CC1)Nc1cnc2c(c1)nc(O)c1ccccc12,134.0,6.872895201635193,1,405.5020000000001
O=C(CN1CCC(c2noc3cc(F)ccc23)CC1)NCc1nc2c(c(=O)[nH]1)COCC2,7630.0,5.117475462045119,0,441.4630000000003
O=C(CN1CCC(n2c(=O)[nH]c3ccccc32)CC1)NCc1nc2c(c(=O)[nH]1)COCC2,32400.0,4.489454989793388,0,438.48800000000034
O=C(CN1CCC2(CC1)Cc1cc(F)ccc1C2=O)NCc1nc2c(c(=O)[nH]1)COCC2,6500.0,5.187086643357144,0,440.4750000000003
O=C(CN1CCCCC1)N1CCc2c(nc(O)c3ccccc23)C1,162.0,6.790484985457369,1,325.41200000000003
O=C(CN1CCCCC1)N1CCc2nc(O)c3ccccc3c2C1,59.0,7.229147988357855,1,325.4120000000001
O=C(CN1CCCCC1)Nc1ccc2nc(O)c3ccccc3c2n1,150.0,6.823908740944319,1,336.3950000000001
O=C(CN1CCCCC1)Nc1cnc2c(c1)nc(O)c1ccccc12,111.0,6.954677021213342,1,336.3950000000001
O=C(CN1CCCCC1)c1ccc2[nH]c3c4c(c5c(c3c2c1)C(=O)NC5=O)CCC4,20.0,7.698970004336019,1,401.46600000000024
O=C(CN1CCC[C@H]1C(=O)O)c1ccc2[nH]c3c4c(c5c(c3c2c1)C(=O)NC5=O)CCC4,7.0,8.154901959985743,1,431.4480000000003
O=C(CN1CCN(C(=O)Cc2n[nH]c(=O)c3ccccc23)CC1)Nc1cccc(F)c1,1100.0,5.958607314841775,0,423.44800000000015
O=C(CN1CCN(C2CCCC2)CC1)N1CCc2c(nc(O)c3ccccc23)C1,116.0,6.935542010773082,1,394.51900000000006
O=C(CN1CCN(c2ccc(F)cc2)CC1)Nc1ccc2c(c1)Cc1c-2nc(O)c2ccccc12,80.0,7.096910013008056,1,468.5320000000002
O=C(CN1CCOCC1)NCCc1c[nH]c2ccc3c(c12)CCNC3=O,230.0,6.638272163982407,1,356.42600000000016
O=C(CN1CCOCC1)Nc1ccc2c(c1)-c1nc(O)c3ccccc3c1C2,1700.0,5.769551078621726,0,375.42800000000017
O=C(CN1CCOCC1)c1ccc2[nH]c3c4c(c5c(c3c2c1)C(=O)NC5=O)CCC4,13.0,7.886056647693163,1,403.4380000000002
O=C(CN1CCc2cccc3c2C1CNC3=O)N[C@@H](Cc1ccccc1)C(=O)N1CC=C(c2ccc(F)cc2)CC1,490.0,6.309803919971486,1,552.6500000000002
O=C(CN1CCc2cccc3c2C1CNC3=O)N[C@H](Cc1ccccc1)C(=O)N1CC=C(c2ccc(F)cc2)CC1,10000.0,5.0,0,552.6500000000002
O=C(CO)Nc1ccc2c(c1)Cc1c-2nc(O)c2ccccc12,110.0,6.958607314841775,1,306.32099999999997
O=C(COc1ccc(I)cc1)N1CCN(C(=O)c2cc(Cc3n[nH]c(=O)c4ccccc34)ccc2F)CC1,3.0,8.522878745280337,1,626.4260000000002
O=C(COc1ccc2c(c1)CCCN2C(=O)CCl)NCCCCCCCCCC(=O)N1CCN(C(=O)c2cc(Cc3n[nH]c(=O)c4ccccc34)ccc2F)CC1,2.74,8.562249437179611,1,801.3600000000001
O=C(COc1cccc2c(=O)[nH]ccc12)c1ccccc1,129.84666666666666,6.886569194797516,1,279.295
O=C(CSc1nc2ccccc2c(=O)[nH]1)N1CCC(c2nnc(-c3ccccc3)o2)CC1,1390.0,5.856985199745905,0,447.52000000000027
O=C(CSc1nc2ccccc2c(=O)[nH]1)N[C@H]1CC[C@H](c2nnc(-c3ccccc3)o2)CC1,28800.0,4.540607512240769,0,461.5470000000003
O=C(CSc1nc2ccccc2c(=O)[nH]1)N[C@H]1CC[C@H](n2c(=O)[nH]c3cc(Cl)ccc32)CC1,85000.0,4.070581074285707,0,483.9810000000003
O=C(CSc1nc2ccccc2c(=O)[nH]1)N[C@H]1CC[C@H](n2c(=O)[nH]c3ccc(Cl)cc32)CC1,85000.0,4.070581074285707,0,483.9810000000003
O=C(CSc1nc2sc3c(c2c(=O)[nH]1)CCC3)N(CCO)CCO,1350.0,5.8696662315049934,0,369.4680000000002
O=C(Cc1ccc(CN2CCN(C(=O)c3cc(Cc4n[nH]c(=O)c5ccccc45)ccc3F)CC2)cc1)NO,20.43,7.689731633367552,1,529.5720000000002
O=C(Cc1cccc(I)c1)N1CCN(C(=O)c2cc(Cc3n[nH]c(=O)c4ccccc34)ccc2F)CC1,5.8,8.236572006437063,1,610.4270000000002
O=C(Cc1n[nH]c(=O)c2ccccc12)NCC(c1ccccc1Cl)N1CCCC1,1960.0,5.707743928643524,0,410.90500000000026
O=C(Cc1n[nH]c(=O)c2ccccc12)NCCc1ccc2c(c1)OCCO2,280.0,6.552841968657781,1,365.3890000000002
O=C(Cc1n[nH]c(=O)c2ccccc12)NCc1ccc(N2CCOCC2)nc1,49.8,7.302770657240282,1,379.42000000000024
O=C(Cc1n[nH]c(=O)c2ccccc12)NCc1ccc(S(=O)(=O)N2CCOCC2)cc1,600.0,6.221848749616356,1,442.4970000000003
O=C(Cn1c(=S)n(-c2ccccc2)c(=O)c2ccccc21)Nc1ccc2c(c1)C(=O)c1ccccc1C2,170.0,6.769551078621726,1,503.58300000000025
O=C(Cn1c(=S)n(-c2ccccc2)c(=O)c2ccccc21)Nc1cccc2ccccc12,140.0,6.853871964321762,1,437.5240000000001
O=C(Cn1c2c(c(=O)[nH]c1=O)CSCC2)NCC(=O)N1CCN(c2ncccn2)CC1,150.0,6.823908740944319,1,445.5050000000002
O=C(Cn1c2c(c(=O)[nH]c1=O)CSCC2)NCCC(=O)N1CCN(c2ncccn2)CC1,60.0,7.221848749616356,1,459.53200000000027
O=C(Cn1cncn1)c1ccc2[nH]c3c4c(c5c(c3c2c1)C(=O)NC5=O)CCC4,15.0,7.823908740944319,1,385.3830000000002
O=C(N1CCP(=O)(c2cc(Cc3n[nH]c(=O)c4ccccc34)ccc2F)CC1)N1CCC(F)(F)C1,100.0,7.0,1,504.4490000000003
O=C(NC1CC(=O)c2ccccc21)c1cc(Cc2n[nH]c(=O)c3ccccc23)ccc1F,83900.0,4.0762380391713,0,427.4350000000001
O=C(NC1CC1)c1cc(F)c(N2CCN(Cc3ccc4c5c(c(=O)[nH]c4c3)CCCN5)CC2)c(F)c1,9.87,8.005682847330363,1,493.55800000000033
O=C(NC1CC1)c1ccc(N2CCN(C(=O)CCc3nc4c(Cl)cccc4c(=O)[nH]3)CC2)c(Cl)c1,27.0,7.568636235841013,1,514.4130000000002
O=C(NC1CC1)c1ccc(N2CCN(C(=O)CCc3nc4ccccc4c(=O)[nH]3)CC2)c(Cl)c1,26.0,7.585026652029182,1,479.9680000000002
O=C(NC1CC1)c1ccc(N2CCN(Cc3ccc4c5c(c(=O)[nH]c4c3)CCCN5)CC2)c(Br)c1,7.27,8.138465589140962,1,536.4740000000003
O=C(NC1CC1)c1ccc(N2CCN(Cc3ccc4c5c(c(=O)[nH]c4c3)CCCN5)CC2)c(Cl)c1,10.5,7.978810700930062,1,492.02300000000025
O=C(NC1CC1)c1ccc(N2CCN(Cc3ccc4c5c(c(=O)[nH]c4c3)CCCN5)CC2)c(F)c1,3.04,8.517126416391246,1,475.56800000000027
O=C(NC1CC1)c1ccc(N2CCN(Cc3ccc4c5c(c(=O)[nH]c4c3)CCCN5)CC2)cc1Cl,22.1,7.655607726314889,1,492.02300000000025
O=C(NC1CC1)c1ccc(N2CCN(Cc3ccc4c5c(c(=O)[nH]c4c3)CCCN5)CC2)cc1F,6.64,8.177831920631982,1,475.56800000000027
O=C(NC1CC1)c1ccc(N2CCN(Cc3ccc4c5c(c(=O)[nH]c4c3)CCCN5)CC2)nc1,7.38,8.131943638176958,1,458.56600000000026
O=C(NC1CC1)c1ccc(N2CCN(Cc3ccc4cc(C(F)F)c(=O)[nH]c4c3F)CC2)c(F)n1,3.0,8.522878745280337,1,489.4730000000001
O=C(NC1CC1)c1ccc(N2CCN(Cc3cnc4c(c3)[nH]c(=O)c3ccoc34)CC2)cn1,11.0,7.958607314841775,1,444.4950000000002
O=C(NC1CC1)c1ccc(N2CCN(Cc3cnc4cc(C5CC5)c(=O)[nH]c4c3)CC2)cn1,5.15,8.288192770958808,1,444.5390000000002
O=C(NC1CC1)c1ccc(N2CCN(Cc3cnc4cc(C5CC5)c(=O)[nH]c4c3)[C@H]3C[C@H]32)cn1,3.3,8.481486060122112,1,456.5500000000002
O=C(NC1CC1)c1ccc(N2CCN(Cc3cnc4cc(Cl)c(=O)[nH]c4c3)CC2)cn1,3.8,8.42021640338319,1,438.91900000000015
O=C(NC1CCC1)c1ccc(N2CCN(C(=O)CCc3nc(=O)c4ccccc4[nH]3)CC2)c(Cl)c1,51.0,7.292429823902063,1,493.99500000000023
O=C(NC1CCCC1)C1CCN(C(=O)c2cccc(Cc3nnc(O)c4ccccc34)c2)CC1,15.0,7.823908740944319,1,458.5620000000003
O=C(NC1CCN(CC2CC2)C1)c1cc(Cn2c(=O)[nH]c(=O)c3ccccc32)ccc1F,13.300000000000002,7.876148359032914,1,436.4870000000001
O=C(NC1CNC(=O)c2ccccc21)c1cc(Cc2n[nH]c(=O)c3ccccc23)ccc1F,86340.0,4.063787955679751,0,442.4500000000001
O=C(NC1CNC(=O)c2ccccc21)c1cccc(Cc2n[nH]c(=O)c3ccccc23)c1,145750.0,3.8363914365689484,0,424.4600000000002
O=C(NC1COC1)c1ccc(N2CCN(Cc3cnc4cc(C5CC5)c(=O)[nH]c4c3)CC2)cn1,7.6,8.119186407719209,1,460.5380000000003
O=C(NCC(=O)N1CCc2cccc3c2C1CNC3=O)c1cc(Cc2n[nH]c(=O)c3ccccc23)ccc1F,33.0,7.481486060122112,1,525.5400000000003
O=C(NCC1=Nc2cccc3c(=O)[nH]nc(c23)N1)c1ccc([N+](=O)[O-])cc1,10.0,8.0,1,364.3210000000001
O=C(NCCC1(N2CCOCC2)CCCC1)c1cc2[nH]c(=O)c3ccccc3n2n1,90.0,7.045757490560675,1,409.49000000000007
O=C(NCCCN1CCOCC1)c1cc2[nH]c(=O)c3ccccc3n2n1,140.0,6.853871964321762,1,355.3980000000001
O=C(NCCN1CCC(Cc2ccccc2)CC1)c1cc2[nH]c(=O)c3ccccc3c2s1,223.0,6.651695136951839,1,445.5880000000002
O=C(NCCN1CCCCC1)c1ccc2[nH]c(=O)c3c(c2c1)CCSC3,58.0,7.236572006437063,1,371.5060000000002
O=C(NCCN1CCCCC1)c1ccc2[nH]c(=O)c3cccnc3c2c1,1050.0,5.978810700930062,0,350.4220000000001
O=C(NCCN1CCN(c2ccccc2)CC1)c1ccc2[nH]c(=O)c3c(c2c1)CCSC3,166.0,6.779891911959945,1,448.59200000000027
O=C(NCCN1CCN(c2ccncc2)CC1)c1ccc2[nH]c(=O)c3c(c2c1)CCSC3,44.0,7.356547323513812,1,449.58000000000027
O=C(NCCN1CCNCC1)c1ccc2[nH]c(=O)c3c(c2c1)CCSC3,36.0,7.443697499232712,1,372.4940000000002
O=C(NCCN1CCOCC1)c1cc2[nH]c(=O)c3ccccc3n2n1,140.0,6.853871964321762,1,341.37100000000004
O=C(NCCN1CCOCC1)c1ccc2[nH]c(=O)c3c(c2c1)CCSC3,60.0,7.221848749616356,1,373.4780000000002
O=C(NCCN1CCOCC1)c1ccc2[nH]c3c4c(c5c(c3c2c1)CNC5=O)CCC4,162.0,6.790484985457369,1,418.4970000000003
O=C(NCCN1CCOCC1)c1ccc2c(c1)nc(O)c1cc(F)ccc12,14.0,7.853871964321762,1,369.3960000000001
O=C(NCCN1CCOCC1)c1ccc2c(c1)nc(O)c1ccccc12,35.0,7.455931955649724,1,351.40600000000006
O=C(NCCN1CCOCC1)c1cnn2c1[nH]c(=O)c1ccccc12,1000.0,6.0,1,341.3710000000001
O=C(NCCc1c[nH]c2ccc3c(c12)CCNC3=O)c1ccccn1,44.0,7.356547323513812,1,334.379
O=C(NCCc1c[nH]c2ccc3c(c12)CCNC3=O)c1cccnc1,45.0,7.346787486224656,1,334.379
O=C(NCCc1c[nH]c2ccc3c(c12)CCNC3=O)c1ccncc1,97.0,7.013228265733755,1,334.379
O=C(NCCc1ccc(F)cc1)c1cc(Cc2n[nH]c(=O)c3ccccc23)ccc1F,3.24,8.489454989793387,1,419.4310000000001
O=C(NCCc1ccccc1)c1ccc2c(c1)nc(O)c1cc(F)ccc12,150.0,6.823908740944319,1,360.3880000000001
O=C(NCCc1cccs1)C1CCN(C(=O)c2cccc(Cc3nnc(O)c4ccccc34)c2)CC1,8.0,8.096910013008056,1,500.62400000000025
O=C(NCCn1ccnn1)c1ccc2[nH]c3c4c(c5c(c3c2c1)CNC5=O)CCC4,105.0,6.978810700930062,1,400.4420000000003
O=C(NCc1ccc(-c2nc3ccccc3c(=O)[nH]2)cc1)OCc1ccccc1,10000.0,5.0,0,385.4230000000001
O=C(NCc1nc(-c2ccc3[nH]c4c5c(c6c(c4c3c2)C(=O)NC6=O)CCC5)cs1)OCc1ccccc1,20.0,7.698970004336019,1,522.5860000000004
O=C(NCc1nnc(-c2cccc3c(=O)c4ccccc4c(=O)[nH]c23)o1)c1ccccc1,1255.0,5.901356274182943,0,424.41600000000017
O=C(NCc1nnc(-c2cccc3c(=O)c4ccccc4c(=O)[nH]c23)o1)c1ccccc1Cl,745.0,6.127843727251707,1,458.8610000000002
O=C(NN1CCCC1)c1cc(Cc2n[nH]c(=O)c3cccnc23)ccc1F,36.74,7.43486084803021,1,367.38400000000007
O=C(NO)c1ccc(CN2CCN(C(=O)c3cc(Cc4n[nH]c(=O)c5ccccc45)ccc3F)CC2)cc1,6.16,8.210419287835574,1,515.5450000000003
O=C(NO)c1cccc(NC(=O)c2ccc(-c3ccc(-c4ccccc4)cc3)cc2)c1,3200.0,5.494850021680094,0,408.45700000000005
O=C(N[C@@H]1C[C@@H](O)c2ccccc21)c1cc(Cc2n[nH]c(=O)c3ccccc23)ccc1F,570.0,6.2441251443275085,1,429.4510000000001
O=C(N[C@@H]1C[C@H](O)c2ccccc21)c1cc(Cc2n[nH]c(=O)c3ccccc23)ccc1F,4810.0,5.317854923626168,0,429.4510000000001
O=C(Nc1cc(Cl)ccc1Oc1ccc2ccccc2c1Cl)c1cc(Cl)cc(Br)c1O,22000.0,4.657577319177793,0,537.6240000000001
O=C(Nc1cc(Cn2c(=O)[nH]c(=O)c3ccccc32)ccc1Br)[C@H]1CCNC1,100.0,7.0,1,443.30100000000016
O=C(Nc1cc(Cn2c(=O)[nH]c(=O)c3ccccc32)ccc1Cl)[C@H]1CCNC1,100.0,7.0,1,398.85000000000014
O=C(Nc1cc(Cn2c(=O)[nH]c(=O)c3ccccc32)ccc1[N+](=O)[O-])[C@H]1CCNC1,100.0,7.0,1,409.4020000000002
O=C(Nc1cc(Cn2c(=O)[nH]c(=O)c3ccccc32)cnc1Br)[C@H]1CCNC1,100.0,7.0,1,444.28900000000016
O=C(Nc1cc(Cn2c(=O)[nH]c(=O)c3ccccc32)cnc1Cl)[C@H]1CCNC1,174.0,6.7594507517174005,1,399.8380000000002
O=C(Nc1cc(Cn2c(=O)[nH]c(=O)c3ccccc32)cnc1F)[C@H]1CCN(C(=O)C2CC2)C1,54.0,7.267606240177032,1,451.4580000000003
O=C(Nc1cc(Cn2c(=O)[nH]c(=O)c3ccccc32)cnc1F)[C@H]1CCN(C2CCC(F)(F)CC2)C1,81.0,7.0915149811213505,1,501.50900000000036
O=C(Nc1cc(Cn2c(=O)[nH]c(=O)c3ccccc32)cnc1F)[C@H]1CCN(CC(F)(F)F)C1,467.0,6.330683119433888,1,465.4070000000002
O=C(Nc1cc(Cn2c(=O)[nH]c(=O)c3ccccc32)cnc1F)[C@H]1CCN(CC2CC2)C1,5.7,8.244125144327509,1,437.4750000000003
O=C(Nc1cc(Cn2c(=O)[nH]c(=O)c3ccccc32)cnc1F)[C@H]1CCN(CCC(F)(F)F)C1,3.1,8.508638306165727,1,479.43400000000025
O=C(Nc1cc(Cn2c(=O)[nH]c(=O)c3ccccc32)cnc1F)[C@H]1CCN(CCC2CC2)C1,1.4,8.853871964321762,1,451.50200000000035
O=C(Nc1cc(Cn2c(=O)[nH]c(=O)c3ccccc32)cnc1F)[C@H]1CCN(Cc2ccccc2)C1,13.3,7.876148359032914,1,473.50800000000027
O=C(Nc1cc(Cn2c(=O)[nH]c(=O)c3ccccc32)cnc1F)[C@H]1CCN(Cc2ccncc2)C1,62.0,7.2076083105017466,1,474.49600000000027
O=C(Nc1cc(Cn2c(=O)[nH]c(=O)c3ccccc32)cnc1F)[C@H]1CCN(c2ccccc2)C1,92.6,7.033389013318065,1,459.4810000000002
O=C(Nc1cc(Cn2c(=O)[nH]c(=O)c3ccccc32)cnc1F)[C@H]1CCNC1,13.7,7.863279432843593,1,383.38300000000015
O=C(Nc1ccc(C(F)(F)F)cc1)c1ccc(NC(=O)N2CCN(C(=O)c3cc(Cc4n[nH]c(=O)c5ccccc45)ccc3F)CC2)cc1,4.08,8.38933983691012,1,672.6390000000002
O=C(Nc1ccc(F)cc1)c1ccc(NC(=O)N2CCN(C(=O)c3cc(Cc4n[nH]c(=O)c5ccccc45)ccc3F)CC2)cc1,1.54,8.812479279163536,1,622.6320000000003
O=C(Nc1ccc(Oc2cc3ccccc3cc2Br)c(Cl)c1)c1cc(Cl)cc(Cl)c1O,123000.0,3.910094888560602,0,537.6240000000001
O=C(Nc1ccc(Oc2ccc3ccccc3c2)c(Cl)c1)c1cc(Cl)cc(Cl)c1O,120000.0,3.9208187539523753,0,458.7280000000002
O=C(Nc1cccc(Cc2n[nH]c(=O)c3ccccc23)c1)C1CC1,55.0,7.259637310505756,1,319.3640000000001
O=C(Nc1cccc(Cc2n[nH]c(=O)c3ccccc23)c1)c1ccc(-c2ccsc2)s1,56.0,7.251811972993799,1,443.5530000000001
O=C(Nc1cccc(Cc2nnc(O)c3ccccc23)c1)C(F)(F)F,13.0,7.886056647693163,1,347.296
O=C(Nc1cccc(Cc2nnc(O)c3ccccc23)c1)c1ccc(-n2cccn2)nc1,47.0,7.327902142064283,1,422.4480000000001
O=C(Nc1cccc(Cl)c1)c1cc(Cl)cc(Cl)c1O,500000.0,3.3010299956639813,0,316.571
O=C(Nc1cccc2c(=O)[nH]ccc12)C12CC3CC(CC(C3)C1)C2,50000.0,4.301029995663981,0,322.40800000000013
O=C(Nc1cccc2c(=O)[nH]ccc12)C1CCCCC1,80000.0,4.096910013008056,0,270.332
O=C(Nc1cccc2c(=O)[nH]ccc12)[C@H]1CCCNC1,10000.0,5.0,0,271.32
O=C(Nc1cccc2c(=O)[nH]ccc12)c1ccc(C(F)(F)F)cc1,10700.0,4.97061622231479,0,332.281
O=C(Nc1cccc2c(=O)[nH]ccc12)c1ccc(Cl)cc1,11200.0,4.950781977329818,0,298.72900000000004
O=C(Nc1cccc2c(=O)[nH]ccc12)c1ccc(F)cc1,18000.0,4.7447274948966935,0,282.274
O=C(Nc1cccc2c(=O)[nH]ccc12)c1ccc(I)cc1,7600.0,5.119186407719209,0,390.18
O=C(Nc1cccc2c(=O)[nH]ccc12)c1ccc([N+](=O)[O-])cc1,3000.0,5.522878745280337,0,309.28100000000006
O=C(Nc1cccc2c(=O)[nH]ccc12)c1ccccc1,13900.0,4.856985199745905,0,264.284
O=C(Nc1cccc2c(=O)[nH]ccc12)c1ccccc1I,4500.0,5.346787486224656,0,390.18
O=C(Nc1cccc2c(=O)[nH]ccc12)c1cccs1,22400.0,4.649751981665837,0,270.313
O=C(Nc1cccc2cccnc12)c1ccc(N2C(=O)[C@@H]3[C@@H]4CC[C@@H](C4)[C@@H]3C2=O)cc1,100000.0,4.0,0,411.4610000000002
O=C(Nc1cccc2cccnc12)c1ccc(N2C(=O)[C@@H]3[C@H](C2=O)[C@@H]2C=C[C@H]3C2)cc1,48240.0,4.316592700867905,0,409.4450000000001
O=C(Nc1ccccc1Cl)c1cc(Cl)cc(Cl)c1O,500000.0,3.3010299956639813,0,316.571
O=C(Nc1ccccc1F)c1ccc(NC(=O)N2CCN(C(=O)c3cc(Cc4n[nH]c(=O)c5ccccc45)ccc3F)CC2)cc1,0.98,9.008773924307505,1,622.6320000000003
O=C(Nc1cncc(Cn2c(=O)[nH]c(=O)c3ccccc32)c1)[C@H]1CCNC1,9.9,8.00436480540245,1,365.39300000000014
O=C(Nc1nc(-c2ccccc2)cs1)c1ccc(Cc2n[nH]c(=O)c3cccnc23)cc1,45.52,7.341797746612985,1,439.50000000000017
O=C(Nc1nc(-c2ccccc2)cs1)c1ccncc1,753.0,6.123205023799299,1,281.34000000000003
O=C(O)/C=C/c1cccc2c(=O)[nH]ccc12,8800.0,5.055517327849832,0,215.208
O=C(O)CCC(=O)c1ccc2[nH]c3c4c(c5c(c3c2c1)C(=O)NC5=O)CCC4,3.0,8.522878745280337,1,376.36800000000017
O=C(O)CCCC(=O)N1CCc2cccc3c2C1CNC3=O,15.0,7.823908740944319,1,302.33000000000004
O=C(O)CCc1cccc2c(=O)[nH]ccc12,8600.0,5.0655015487564325,0,217.224
O=C(O)CCc1nc(O)c2ccccc2n1,6653.465,5.176952123348322,0,218.21200000000002
O=C(O)CNc1cccc2c(=O)[nH]ccc12,1600.0,5.795880017344075,0,218.212
O=C(O)c1ccc2[nH]c(=O)c3c(c2c1)CCSC3,78.0,7.107905397309519,1,261.30199999999996
O=C(O)c1ccc2[nH]c3c4c(c5c(c3c2c1)CNC5=O)CCC4,80.0,7.096910013008056,1,306.3210000000001
O=C(O)c1ccc2c(c1)[nH]c(=O)c1ccccc12,70.0,7.154901959985743,1,239.23
O=C(O)c1ccc2c(c1)[nH]c(=O)c1ccncc12,1000.0,6.0,1,240.218
O=C(O)c1ccc2c(c1)[nH]c(=O)c1ccsc12,700.0,6.154901959985743,1,245.259
O=C(O)c1ccc2c(c1)nc(OCCCO)c1ccccc12,400.0,6.3979400086720375,1,297.30999999999995
O=C(O)c1ccc2c3ccccc3c(=O)n(CCCO)c2c1,60.0,7.221848749616356,1,297.30999999999995
O=C(O)c1cccc2c(=O)[nH]ccc12,19000.0,4.721246399047171,0,189.17
O=C(O)c1cccc2c(O)nc3ccccc3c12,60000.0,4.221848749616356,0,239.23
O=C(O)c1cccc2cn(-c3ccc([C@@H]4CCCNC4)cc3)nc12,3.8,8.42021640338319,1,321.38
O=C(O)c1cccc2nc(O)c3ccccc3c12,2010.0,5.696803942579511,0,239.23
O=C(O)c1ccccc1C(=O)Nc1ccc(Oc2ccc3ccccc3c2)c(Cl)c1,66000.0,4.180456064458132,0,417.84800000000007
O=C(OCC1c2ccccc2-c2ccccc21)N1C[C@@H]2CCCN3CCC[C@@H]([C@H]23)[C@H]1CCCc1nc2cc(Br)c(Br)cc2[nH]1,90.0,7.045757490560675,1,718.5340000000004
O=C(OCC1c2ccccc2-c2ccccc21)N1C[C@@H]2CCCN3CCC[C@@H]([C@H]23)[C@H]1CCCc1nc2cc(Cl)c(Cl)cc2[nH]1,280.0,6.552841968657781,1,629.6320000000004
O=C(OCc1ccccc1)N1CCN(CCSc2nc3ccccc3c(=O)[nH]2)CC1,356.0,6.448550002027125,1,424.5260000000001
O=C(OCc1ccccc1)N1CCN(Cc2c(O)cc(O)c3c(=O)cc(-c4ccc(O)cc4)oc23)CC1,43.8,7.3585258894959,1,502.52300000000025
O=C(Oc1cccc2c(O)nccc12)c1ccccc1,4100.0,5.3872161432802645,0,265.268
O=C([C@@H]1CCCN1)N1CCc2c(nc(O)c3ccccc23)C1,31.0,7.508638306165727,1,297.35800000000006
O=C([O-])c1ccc2c(c1)nc(O)c1cc(F)ccc12,21.0,7.6777807052660805,1,256.212
O=C([O-])c1ccc2c(c1)nc(O)c1ccccc12,57.0,7.2441251443275085,1,238.22199999999998
O=C(c1cc(CC2=NNB(O)c3ccccc32)ccc1F)N1CCN(C(=O)C2CC2)CC1,540.0,6.267606240177032,1,434.28000000000037
O=C(c1cc(CC2=NOB(O)c3ccccc32)ccc1F)N1CCN(C(=O)C2CC2)CC1,1000.0,6.0,1,435.26400000000035
O=C(c1cc(Cc2c[nH]c(=O)c3c(Cl)c(Cl)cn23)ccc1F)N1CCCNCC1,1.6,8.795880017344075,1,437.3020000000002
O=C(c1cc(Cc2c[nH]c(=O)c3c(Cl)cc(Cl)n23)ccc1F)N1CCCNCC1,4.0,8.397940008672037,1,437.30200000000025
O=C(c1cc(Cc2c[nH]c(=O)c3cc(Cl)c(Cl)n23)ccc1F)N1CCC(N2CCC2)CC1,1.0,9.0,1,477.36700000000036
O=C(c1cc(Cc2c[nH]c(=O)c3cc(Cl)c(Cl)n23)ccc1F)N1CCC(N2CCCC2)CC1,5.4,8.267606240177031,1,491.3940000000004
O=C(c1cc(Cc2c[nH]c(=O)c3cc(Cl)c(Cl)n23)ccc1F)N1CCC2(CC1)NCNC2=O,9.0,8.045757490560675,1,492.3380000000003
O=C(c1cc(Cc2c[nH]c(=O)c3cc(Cl)c(Cl)n23)ccc1F)N1CCC2(CCCCN2)CC1,6.2,8.207608310501746,1,491.3940000000004
O=C(c1cc(Cc2c[nH]c(=O)c3cc(Cl)c(Cl)n23)ccc1F)N1CCC2(CCCN2)CC1,2.5,8.602059991327963,1,477.36700000000036
O=C(c1cc(Cc2c[nH]c(=O)c3cc(Cl)c(Cl)n23)ccc1F)N1CCC2(CCN2)CC1,8.2,8.086186147616283,1,463.3400000000003
O=C(c1cc(Cc2c[nH]c(=O)c3cc(Cl)c(Cl)n23)ccc1F)N1CCCCC1,200.0,6.698970004336019,1,422.28700000000026
O=C(c1cc(Cc2c[nH]c(=O)c3cc(Cl)c(Cl)n23)ccc1F)N1CCCNCC1,2.6,8.585026652029182,1,437.30200000000025
O=C(c1cc(Cc2c[nH]c(=O)c3cc(Cl)c(Cl)n23)ccc1F)N1CCN(C(=O)C2CCCC2)CC1,3.7,8.431798275933005,1,519.4040000000003
O=C(c1cc(Cc2c[nH]c(=O)c3cc(Cl)c(Cl)n23)ccc1F)N1CCN(C2CCCCC2)CC1,14.0,7.853871964321762,1,505.42100000000045
O=C(c1cc(Cc2c[nH]c(=O)c3cc(Cl)c(Cl)n23)ccc1F)N1CCN(CCO)CC1,13.0,7.886056647693163,1,467.3280000000003
O=C(c1cc(Cc2c[nH]c(=O)c3cc(Cl)c(Cl)n23)ccc1F)N1CCN(c2cc3ccccc3cn2)CC1,1.8,8.744727494896694,1,550.421
O=C(c1cc(Cc2c[nH]c(=O)c3cc(Cl)c(Cl)n23)ccc1F)N1CCN(c2ccccc2F)CC1,24.0,7.619788758288394,1,517.3630000000002
O=C(c1cc(Cc2c[nH]c(=O)c3cc(Cl)c(Cl)n23)ccc1F)N1CCN(c2ccccn2)CC1,2.8,8.55284196865778,1,500.3610000000003
O=C(c1cc(Cc2c[nH]c(=O)c3cc(Cl)c(Cl)n23)ccc1F)N1CCN(c2cccnc2)CC1,12.0,7.920818753952375,1,500.3610000000003
O=C(c1cc(Cc2c[nH]c(=O)c3cc(Cl)c(Cl)n23)ccc1F)N1CCN(c2ncc3ccccc3n2)CC1,1.0,9.0,1,551.4090000000001
O=C(c1cc(Cc2c[nH]c(=O)c3cc(Cl)c(Cl)n23)ccc1F)N1CCN(c2ncccn2)CC1,3.1,8.508638306165727,1,501.3490000000003
O=C(c1cc(Cc2c[nH]c(=O)c3cc(Cl)c(Cl)n23)ccc1F)N1CCN(c2ncnc3ccccc23)CC1,1.4,8.853871964321762,1,551.4090000000001
O=C(c1cc(Cc2c[nH]c(=O)c3cc(Cl)c(Cl)n23)ccc1F)N1CCNCC1,2.3,8.638272163982407,1,423.2750000000002
O=C(c1cc(Cc2c[nH]c(=O)c3cc(Cl)c(Cl)n23)ccc1F)N1CCOCC1,59.0,7.229147988357855,1,424.25900000000024
O=C(c1cc(Cc2c[nH]c(=O)c3cc(Cl)cn23)ccc1F)N1CCCNCC1,1.0,9.0,1,402.8570000000002
O=C(c1cc(Cc2c[nH]c(=O)c3cccn23)ccc1F)N1CCCNCC1,1.8,8.744727494896694,1,368.4120000000002
O=C(c1cc(Cc2n[nH]c(=O)c3cc(O)ccc23)ccc1F)N1CCN(C(=O)C2CC2)CC1,9.43,8.025488307262671,1,450.47000000000037
O=C(c1cc(Cc2n[nH]c(=O)c3ccc(O)cc23)ccc1F)N1CCN(C(=O)C2CC2)CC1,2.66,8.575118363368933,1,450.47000000000037
O=C(c1cc(Cc2n[nH]c(=O)c3cccc(O)c23)ccc1F)N1CCN(C(=O)C2CC2)CC1,0.175,9.756961951313706,1,450.47000000000037
O=C(c1cc(Cc2n[nH]c(=O)c3ccccc23)cc(F)c1F)N1CCN(C(=O)C2CC2)CC1,11.2,7.950781977329818,1,452.46100000000035
O=C(c1cc(Cc2n[nH]c(=O)c3ccccc23)cc(F)c1F)N1CCN(C(=O)C2CCCO2)CC1,2.4,8.619788758288394,1,482.4870000000004
O=C(c1cc(Cc2n[nH]c(=O)c3ccccc23)cc(F)c1F)N1CCN(C(=O)N2CCOCC2)CC1,2.3,8.638272163982407,1,497.50200000000046
O=C(c1cc(Cc2n[nH]c(=O)c3ccccc23)cc(F)c1F)N1CCN(C2CCCC2)CC1,2.6,8.585026652029182,1,452.5050000000004
O=C(c1cc(Cc2n[nH]c(=O)c3ccccc23)cc(F)c1F)N1CCN(C2CCCCC2)CC1,3.5,8.455931955649724,1,466.53200000000044
O=C(c1cc(Cc2n[nH]c(=O)c3ccccc23)cc(F)c1F)N1CCN(C2CCCCCC2)CC1,0.8,9.096910013008056,1,480.5590000000005
O=C(c1cc(Cc2n[nH]c(=O)c3ccccc23)cc(F)c1F)N1CCN(CC2CC2)CC1,9.7,8.013228265733755,1,438.47800000000035
O=C(c1cc(Cc2n[nH]c(=O)c3ccccc23)cc(F)c1F)N1CCN(Cc2ccccc2)CC1,96.8,7.014124642691606,1,474.5110000000003
O=C(c1cc(Cc2n[nH]c(=O)c3ccccc23)cc(F)c1F)N1CCN(Cc2cccnc2)CC1,156.7,6.80493100353141,1,475.4990000000003
O=C(c1cc(Cc2n[nH]c(=O)c3ccccc23)cc(F)c1F)N1CCN(c2ccc(Br)cc2)CC1,83.4,7.078833949362261,1,539.3800000000001
O=C(c1cc(Cc2n[nH]c(=O)c3ccccc23)cc(F)c1F)N1CCN(c2ccc(Cl)cc2)CC1,103.0,6.987162775294828,1,494.9290000000003
O=C(c1cc(Cc2n[nH]c(=O)c3ccccc23)cc(F)c1F)N1CCN(c2ccc(F)cc2)CC1,0.4,9.397940008672037,1,478.4740000000003
O=C(c1cc(Cc2n[nH]c(=O)c3ccccc23)cc(F)c1F)N1CCN(c2ccc(O)cc2)CC1,0.6,9.221848749616356,1,476.4830000000003
O=C(c1cc(Cc2n[nH]c(=O)c3ccccc23)cc(F)c1F)N1CCN(c2ccc([N+](=O)[O-])cc2)CC1,0.4,9.397940008672037,1,505.48100000000034
O=C(c1cc(Cc2n[nH]c(=O)c3ccccc23)cc(F)c1F)N1CCN(c2cccc(C(F)(F)F)c2)CC1,0.8,9.096910013008056,1,528.4810000000001
O=C(c1cc(Cc2n[nH]c(=O)c3ccccc23)cc(F)c1F)N1CCN(c2cccc(Cl)c2)CC1,4.2,8.3767507096021,1,494.9290000000003
O=C(c1cc(Cc2n[nH]c(=O)c3ccccc23)cc(F)c1F)N1CCN(c2ccccc2)CC1,0.5,9.301029995663981,1,460.48400000000026
O=C(c1cc(Cc2n[nH]c(=O)c3ccccc23)cc(F)c1F)N1CCN(c2ccccc2F)CC1,55.8,7.253365801062421,1,478.4740000000003
O=C(c1cc(Cc2n[nH]c(=O)c3ccccc23)cc(F)c1F)N1CCN(c2ccccc2O)CC1,0.9,9.045757490560675,1,476.4830000000003
O=C(c1cc(Cc2n[nH]c(=O)c3ccccc23)cc(F)c1F)N1CCN(c2ccccn2)CC1,0.1,10.0,1,461.47200000000026
O=C(c1cc(Cc2n[nH]c(=O)c3ccccc23)cc(F)c1F)N1CCN(c2ccncc2)CC1,0.9,9.045757490560675,1,461.47200000000026
O=C(c1cc(Cc2n[nH]c(=O)c3ccccc23)cc(F)c1F)N1CCN(c2ncc(Br)cn2)CC1,174.9,6.757210190521324,1,541.356
O=C(c1cc(Cc2n[nH]c(=O)c3ccccc23)cc(F)c1F)N1CCN(c2ncc(C(F)(F)F)cn2)CC1,70.5,7.151810883008602,1,530.4570000000001
O=C(c1cc(Cc2n[nH]c(=O)c3ccccc23)cc(F)c1F)N1CCN(c2nccc(Br)n2)CC1,110.0,6.958607314841775,1,541.356
O=C(c1cc(Cc2n[nH]c(=O)c3ccccc23)cc(F)c1F)N1CCN(c2ncccn2)CC1,2.9,8.537602002101044,1,462.46000000000026
O=C(c1cc(Cc2n[nH]c(=O)c3ccccc23)cc(F)c1F)N1CCN(c2nccs2)CC1,0.2,9.698970004336019,1,467.50100000000026
O=C(c1cc(Cc2n[nH]c(=O)c3ccccc23)cc(F)c1F)N1CCN(c2nsc3ccccc23)CC1,52.2,7.282329496997738,1,517.5610000000003
O=C(c1cc(Cc2n[nH]c(=O)c3ccccc23)cc2c1OCC2)N1CCn2c(nnc2C(F)(F)F)C1,1.7,8.769551078621726,1,496.44900000000035
O=C(c1cc(Cc2n[nH]c(=O)c3ccccc23)ccc1C(F)(F)F)N1CCN(c2cc3nc[nH]c3cn2)CC1,8.0,8.096910013008056,1,533.5140000000001
O=C(c1cc(Cc2n[nH]c(=O)c3ccccc23)ccc1C(F)(F)F)N1CCN(c2ccc3[nH]c(=O)[nH]c3n2)CC1,6.0,8.221848749616356,1,549.513
O=C(c1cc(Cc2n[nH]c(=O)c3ccccc23)ccc1C(F)(F)F)N1CCN(c2ccc3[nH]cnc3n2)CC1,2.0,8.698970004336019,1,533.5140000000001
O=C(c1cc(Cc2n[nH]c(=O)c3ccccc23)ccc1C(F)(F)F)N1CCN(c2ccc3[nH]nnc3n2)CC1,7.0,8.154901959985743,1,534.5020000000001
O=C(c1cc(Cc2n[nH]c(=O)c3ccccc23)ccc1C(F)(F)F)N1CCN(c2cnc3[nH]cnc3c2)CC1,2.0,8.698970004336019,1,533.5140000000001
O=C(c1cc(Cc2n[nH]c(=O)c3ccccc23)ccc1F)N1CC(CNC2CC2)C1,1.4,8.853871964321762,1,406.46100000000024
O=C(c1cc(Cc2n[nH]c(=O)c3ccccc23)ccc1F)N1CC2(C1)CN(C(=O)C1CC1)C2,12.6,7.8996294548824375,1,446.48200000000037
O=C(c1cc(Cc2n[nH]c(=O)c3ccccc23)ccc1F)N1CC2(CCC2)C1,33.9,7.4698003017969175,1,377.41900000000027
O=C(c1cc(Cc2n[nH]c(=O)c3ccccc23)ccc1F)N1CC2(CCCCC2)C1,65.4,7.184422251675732,1,405.47300000000035
O=C(c1cc(Cc2n[nH]c(=O)c3ccccc23)ccc1F)N1CC2(CCN(C(=O)C3CC3)CC2)C1,100.1,6.999565922520682,1,474.53600000000046
O=C(c1cc(Cc2n[nH]c(=O)c3ccccc23)ccc1F)N1CC2(CCNCC2)C1,1419.0,5.848017604542526,0,406.4610000000003
O=C(c1cc(Cc2n[nH]c(=O)c3ccccc23)ccc1F)N1CC2(CNC2)C1,2395.0,5.620694482249418,0,378.4070000000002
O=C(c1cc(Cc2n[nH]c(=O)c3ccccc23)ccc1F)N1CC2(COC2)C1,24.9,7.603800652904264,1,379.39100000000025
O=C(c1cc(Cc2n[nH]c(=O)c3ccccc23)ccc1F)N1CC2C(=O)N(Cc3ccccc3)C(=O)C2C1,0.5,9.301029995663981,1,510.5250000000003
O=C(c1cc(Cc2n[nH]c(=O)c3ccccc23)ccc1F)N1CCC(c2nc3ccccc3[nH]2)CC1,0.63,9.200659450546418,1,481.5310000000003
O=C(c1cc(Cc2n[nH]c(=O)c3ccccc23)ccc1F)N1CCC12CCC2,36.5,7.437707135543525,1,377.41900000000027
O=C(c1cc(Cc2n[nH]c(=O)c3ccccc23)ccc1F)N1CCC12CCCCC2,284.0,6.546681659952962,1,405.47300000000035
O=C(c1cc(Cc2n[nH]c(=O)c3ccccc23)ccc1F)N1CCC12CCNCC2,109.5,6.960585880823863,1,406.4610000000003
O=C(c1cc(Cc2n[nH]c(=O)c3ccccc23)ccc1F)N1CCC12CNC2,526.1,6.2789316982028405,1,378.4070000000002
O=C(c1cc(Cc2n[nH]c(=O)c3ccccc23)ccc1F)N1CCC2(C1)CN(C(=O)C1CC1)C2,2535.0,5.596022036330645,0,460.5090000000004
O=C(c1cc(Cc2n[nH]c(=O)c3ccccc23)ccc1F)N1CCC2(CC1)CCN(C(=O)C1CC1)CC2,44.3,7.3535962737769305,1,502.59000000000054
O=C(c1cc(Cc2n[nH]c(=O)c3ccccc23)ccc1F)N1CCC2(CCC2)C1,32.4,7.489454989793388,1,391.4460000000003
O=C(c1cc(Cc2n[nH]c(=O)c3ccccc23)ccc1F)N1CCC2(CCCC2)C1,51.4,7.289036881004725,1,405.47300000000035
O=C(c1cc(Cc2n[nH]c(=O)c3ccccc23)ccc1F)N1CCC2(CCCCC2)C1,141.4,6.84955059053912,1,419.5000000000004
O=C(c1cc(Cc2n[nH]c(=O)c3ccccc23)ccc1F)N1CCC2(CCCCC2)CC1,57.1,7.243363891754152,1,433.52700000000044
O=C(c1cc(Cc2n[nH]c(=O)c3ccccc23)ccc1F)N1CCC2(CCN(C(=O)C3CC3)C2)C1,2586.0,5.587371479455625,0,474.53600000000046
O=C(c1cc(Cc2n[nH]c(=O)c3ccccc23)ccc1F)N1CCC2(CCN(C(=O)C3CC3)CC2)C1,224.9,6.648010544564368,1,488.5630000000005
O=C(c1cc(Cc2n[nH]c(=O)c3ccccc23)ccc1F)N1CCC2(CCNC2)C1,1118.0,5.951558196449596,0,406.4610000000003
O=C(c1cc(Cc2n[nH]c(=O)c3ccccc23)ccc1F)N1CCC2(CCNCC2)C1,3881.0,5.4110563572599855,0,420.48800000000034
O=C(c1cc(Cc2n[nH]c(=O)c3ccccc23)ccc1F)N1CCC2(CCNCC2)CC1,233.7,6.631341287607773,1,434.5150000000004
O=C(c1cc(Cc2n[nH]c(=O)c3ccccc23)ccc1F)N1CCC2(CNC2)C1,1237.0,5.907630300370879,0,392.43400000000025
O=C(c1cc(Cc2n[nH]c(=O)c3ccccc23)ccc1F)N1CCCN(C(=O)C2CC2)CC1,12.0,7.920818753952375,1,448.4980000000004
O=C(c1cc(Cc2n[nH]c(=O)c3ccccc23)ccc1F)N1CCCN(C(=O)N2CCOCC2)CC1,8.0,8.096910013008056,1,493.5390000000005
O=C(c1cc(Cc2n[nH]c(=O)c3ccccc23)ccc1F)N1CCCN(CCO)CC1,7.0,8.154901959985743,1,424.47600000000034
O=C(c1cc(Cc2n[nH]c(=O)c3ccccc23)ccc1F)N1CCCNCC1,5.8,8.236572006437063,1,380.42300000000023
O=C(c1cc(Cc2n[nH]c(=O)c3ccccc23)ccc1F)N1CCN(/[N+]([O-])=N/Oc2ccc([N+](=O)[O-])cc2[N+](=O)[O-])CC1,58.0,7.236572006437063,1,592.5000000000001
O=C(c1cc(Cc2n[nH]c(=O)c3ccccc23)ccc1F)N1CCN(C(=O)C2CC2)CC1,199.4957090909091,6.700066441020748,1,434.47100000000034
O=C(c1cc(Cc2n[nH]c(=O)c3ccccc23)ccc1F)N1CCN(C(=O)C2CCCC2)CC1,2.0,8.698970004336019,1,462.52500000000043
O=C(c1cc(Cc2n[nH]c(=O)c3ccccc23)ccc1F)N1CCN(C(=O)C2CCCCC2)CC1,15.0,7.823908740944319,1,476.5520000000005
O=C(c1cc(Cc2n[nH]c(=O)c3ccccc23)ccc1F)N1CCN(C(=O)C2CCCO2)CC1,3.0,8.522878745280337,1,464.4970000000004
O=C(c1cc(Cc2n[nH]c(=O)c3ccccc23)ccc1F)N1CCN(C(=O)C2CCOC2)CC1,2.0,8.698970004336019,1,464.4970000000004
O=C(c1cc(Cc2n[nH]c(=O)c3ccccc23)ccc1F)N1CCN(C(=O)N2CCOCC2)CC1,6.0,8.221848749616356,1,479.51200000000046
O=C(c1cc(Cc2n[nH]c(=O)c3ccccc23)ccc1F)N1CCN(CC2CC2)CC1,4.0,8.397940008672037,1,420.48800000000034
O=C(c1cc(Cc2n[nH]c(=O)c3ccccc23)ccc1F)N1CCN(CCO)CC1,12.0,7.920818753952375,1,410.4490000000003
O=C(c1cc(Cc2n[nH]c(=O)c3ccccc23)ccc1F)N1CCN(S(=O)(=O)c2ccc(I)cc2)CC1,22.6,7.645891560852599,1,632.4550000000002
O=C(c1cc(Cc2n[nH]c(=O)c3ccccc23)ccc1F)N1CCN(c2cc3nc[nH]c3cn2)CC1,3.0,8.522878745280337,1,483.5070000000003
O=C(c1cc(Cc2n[nH]c(=O)c3ccccc23)ccc1F)N1CCN(c2ccc3[nH]c(=O)[nH]c3n2)CC1,1.0,9.0,1,499.5060000000003
O=C(c1cc(Cc2n[nH]c(=O)c3ccccc23)ccc1F)N1CCN(c2ccc3[nH]c(C(F)(F)F)nc3n2)CC1,6.0,8.221848749616356,1,551.504
O=C(c1cc(Cc2n[nH]c(=O)c3ccccc23)ccc1F)N1CCN(c2ccc3[nH]cnc3n2)CC1,1.0,9.0,1,483.5070000000003
O=C(c1cc(Cc2n[nH]c(=O)c3ccccc23)ccc1F)N1CCN(c2ccc3[nH]nnc3n2)CC1,2.0,8.698970004336019,1,484.4950000000003
O=C(c1cc(Cc2n[nH]c(=O)c3ccccc23)ccc1F)N1CCN(c2ccc3c(OCCn4nc(-c5ccc(C(F)(F)F)cc5)ccc4=O)ccnc3c2)CC1,7.3,8.136677139879543,1,775.7630000000003
O=C(c1cc(Cc2n[nH]c(=O)c3ccccc23)ccc1F)N1CCN(c2ccc3c(OCCn4nc(-c5ccccc5)ccc4=O)ccnc3c2)CC1,1.1,8.958607314841775,1,707.7660000000002
O=C(c1cc(Cc2n[nH]c(=O)c3ccccc23)ccc1F)N1CCN(c2ccc3c(OCCn4nc(-c5cccnc5)ccc4=O)ccnc3c2)CC1,3.3,8.481486060122112,1,708.7540000000001
O=C(c1cc(Cc2n[nH]c(=O)c3ccccc23)ccc1F)N1CCN(c2ccc3c(OCCn4nc(N5CCOCC5)ccc4=O)ccnc3c2)CC1,7.1,8.148741651280925,1,716.774
O=C(c1cc(Cc2n[nH]c(=O)c3ccccc23)ccc1F)N1CCN(c2ccc3c(OCCn4ncccc4=O)ccnc3c2)CC1,0.9,9.045757490560675,1,631.6680000000001
O=C(c1cc(Cc2n[nH]c(=O)c3ccccc23)ccc1F)N1CCN(c2ccccc2)CC1,5.0,8.301029995663981,1,442.49400000000026
O=C(c1cc(Cc2n[nH]c(=O)c3ccccc23)ccc1F)N1CCN(c2ccccn2)CC1,2.0,8.698970004336019,1,443.48200000000026
O=C(c1cc(Cc2n[nH]c(=O)c3ccccc23)ccc1F)N1CCN(c2cnc3[nH]cnc3c2)CC1,8.0,8.096910013008056,1,483.5070000000003
O=C(c1cc(Cc2n[nH]c(=O)c3ccccc23)ccc1F)N1CCN(c2nc(-c3ccc4[nH]ccc4c3)nc(N3CCOCC3)n2)CC1,0.6918,9.160019442321657,1,645.6989999999997
O=C(c1cc(Cc2n[nH]c(=O)c3ccccc23)ccc1F)N1CCN(c2nc(-c3ccc4cn[nH]c4c3)nc(N3CCOCC3)n2)CC1,0.6761,9.169989064063882,1,646.6869999999998
O=C(c1cc(Cc2n[nH]c(=O)c3ccccc23)ccc1F)N1CCN(c2nc(-c3cccc4[nH]ccc34)nc(N3CCOCC3)n2)CC1,0.6457,9.18996921359416,1,645.6989999999997
O=C(c1cc(Cc2n[nH]c(=O)c3ccccc23)ccc1F)N1CCN(c2nc(-c3cccc4[nH]ncc34)nc(N3CCOCC3)n2)CC1,0.4365,9.36001575195841,1,646.6869999999998
O=C(c1cc(Cc2n[nH]c(=O)c3ccccc23)ccc1F)N1CCN(c2nc3ccccc3[nH]2)CC1,0.19,9.721246399047171,1,482.5190000000003
O=C(c1cc(Cc2n[nH]c(=O)c3ccccc23)ccc1F)N1CCN(c2ncc3[nH]cnc3n2)CC1,11.0,7.958607314841775,1,484.4950000000003
O=C(c1cc(Cc2n[nH]c(=O)c3ccccc23)ccc1F)N1CCN(c2ncccn2)CC1,3.0,8.522878745280337,1,444.47000000000025
O=C(c1cc(Cc2n[nH]c(=O)c3ccccc23)ccc1F)N1CCNCC1,5.95,8.22548303427145,1,366.3960000000002
O=C(c1cc(Cc2n[nH]c(=O)c3ccccc23)ccc1F)N1CCc2c(nc(-c3cccc4[nH]ccc34)nc2N2CCOCC2)C1,4.898,8.309981219211304,1,615.6689999999999
O=C(c1cc(Cc2n[nH]c(=O)c3ccccc23)ccc1F)N1CCc2c(nc(-c3cccc4[nH]ncc34)nc2N2CCOCC2)C1,6.166,8.20999647960951,1,616.6569999999999
O=C(c1cc(Cc2n[nH]c(=O)c3ccccc23)ccc1F)N1CCc2cccc3c2C1CC3F,560.0,6.251811972993799,1,457.48000000000025
O=C(c1cc(Cc2n[nH]c(=O)c3ccccc23)ccc1F)N1CCc2cccc3c2C1CC3O,86200.0,4.064492734175287,0,455.48900000000026
O=C(c1cc(Cc2n[nH]c(=O)c3ccccc23)ccc1F)N1CCc2cccc3c2C1CNC3,156000.0,3.8068754016455384,0,454.5050000000003
O=C(c1cc(Cc2n[nH]c(=O)c3ccccc23)ccc1F)N1CCc2ccccc2C1C1CC1,182.0,6.739928612014925,1,453.5170000000003
O=C(c1cc(Cc2n[nH]c(=O)c3ccccc23)ccc1F)N1CCn2c(nc3ccc(Cl)cc32)C1,0.4,9.397940008672037,1,487.9220000000003
O=C(c1cc(Cc2n[nH]c(=O)c3ccccc23)ccc1F)N1CCn2c(nc3ccc(F)cc32)C1,0.51,9.292429823902063,1,471.46700000000027
O=C(c1cc(Cc2n[nH]c(=O)c3ccccc23)ccc1F)N1CCn2c(nc3ccccc32)C1,0.49,9.309803919971486,1,453.47700000000026
O=C(c1cc(Cc2n[nH]c(=O)c3ccccc23)ccc1F)N1CCn2c(nnc2-c2cc(Br)c(Cl)o2)C1,0.1,10.0,1,583.8050000000002
O=C(c1cc(Cc2n[nH]c(=O)c3ccccc23)ccc1F)N1CCn2c(nnc2-c2ccc(Br)o2)C1,0.001,12.0,1,549.3600000000002
O=C(c1cc(Cc2n[nH]c(=O)c3ccccc23)ccc1F)N1CCn2c(nnc2-c2ccc(C(F)(F)CO)o2)C1,5.67,8.246416941107093,1,550.4970000000003
O=C(c1cc(Cc2n[nH]c(=O)c3ccccc23)ccc1F)N1CCn2c(nnc2-c2ccc(C(F)(F)F)o2)C1,61.66,7.209996479609511,1,538.4610000000001
O=C(c1cc(Cc2n[nH]c(=O)c3ccccc23)ccc1F)N1CCn2c(nnc2-c2ccc(C(F)F)o2)C1,23.05,7.637329070274333,1,520.4710000000002
O=C(c1cc(Cc2n[nH]c(=O)c3ccccc23)ccc1F)N1CCn2c(nnc2-c2ccc(C3CCOCC3)o2)C1,2.33,8.63264407897398,1,554.5820000000003
O=C(c1cc(Cc2n[nH]c(=O)c3ccccc23)ccc1F)N1CCn2c(nnc2-c2ccc(C3COC3)o2)C1,6.19,8.208309350979881,1,526.5280000000002
O=C(c1cc(Cc2n[nH]c(=O)c3ccccc23)ccc1F)N1CCn2c(nnc2-c2ccc(CN3CCC3)o2)C1,0.96,9.017728766960431,1,539.5710000000004
O=C(c1cc(Cc2n[nH]c(=O)c3ccccc23)ccc1F)N1CCn2c(nnc2-c2ccc(CN3CCCC3)o2)C1,1.26,8.899629454882437,1,553.5980000000003
O=C(c1cc(Cc2n[nH]c(=O)c3ccccc23)ccc1F)N1CCn2c(nnc2-c2ccc(CN3CCCCC3)o2)C1,0.17,9.769551078621726,1,567.6250000000002
O=C(c1cc(Cc2n[nH]c(=O)c3ccccc23)ccc1F)N1CCn2c(nnc2-c2ccc(CN3CCOCC3)o2)C1,1.28,8.892790030352131,1,569.5970000000002
O=C(c1cc(Cc2n[nH]c(=O)c3ccccc23)ccc1F)N1CCn2c(nnc2-c2ccc(CN3CCSCC3)o2)C1,0.02,10.698970004336019,1,585.6650000000002
O=C(c1cc(Cc2n[nH]c(=O)c3ccccc23)ccc1F)N1CCn2c(nnc2-c2ccc(Cl)o2)C1,0.74,9.130768280269024,1,504.90900000000033
O=C(c1cc(Cc2n[nH]c(=O)c3ccccc23)ccc1F)N1CCn2c(nnc2-c2ccc([N+](=O)[O-])o2)C1,47.35,7.324680016660707,1,515.4610000000002
O=C(c1cc(Cc2n[nH]c(=O)c3ccccc23)ccc1F)N1CCn2c(nnc2-c2ccco2)C1,0.26,9.585026652029182,1,470.4640000000003
O=C(c1cc(Cc2n[nH]c(=O)c3ccccc23)ccc1F)N1CCn2c(nnc2-c2ccno2)C1,0.97,9.013228265733755,1,471.4520000000003
O=C(c1cc(Cc2n[nH]c(=O)c3ccccc23)ccc1F)N1CCn2c(nnc2-c2ccoc2)C1,0.44,9.356547323513812,1,470.4640000000003
O=C(c1cc(Cc2n[nH]c(=O)c3ccccc23)ccc1F)N1CCn2c(nnc2C(F)(F)F)C1,15.0,7.823908740944319,1,472.4020000000002
O=C(c1cc(Cc2n[nH]c(=O)c3ccccc23)ccc1F)N1CCn2c(nnc2C(F)(F)F)C1Cc1ccccc1,300.0,6.522878745280337,1,562.5270000000003
O=C(c1cc(Cc2n[nH]c(=O)c3ccccc23)ccc1F)N1CCn2c(nnc2C2CC2)C1,8.41,8.075204004202087,1,444.4700000000003
O=C(c1cc(Cc2n[nH]c(=O)c3ccccc23)ccc1F)N1CCn2c(nnc2C2CCOC2)C1,1.91,8.718966632752272,1,474.4960000000004
O=C(c1cc(Cc2n[nH]c(=O)c3ccccc23)ccc1F)N1CCn2cccc2C1,5.0,8.301029995663981,1,402.4290000000002
O=C(c1cc(Cc2n[nH]c(=O)c3ccccc23)ccc1F)N1CCn2cnnc2C1,5000.0,5.301029995663981,0,404.4050000000002
O=C(c1cc(Cc2n[nH]c(=O)c3ccccc23)ccc1F)N1CCn2nc(C(F)(F)F)nc2C1,3.4066666666666663,8.46767035892097,1,472.4020000000002
O=C(c1cc(Cc2n[nH]c(=O)c3ccccc23)ccc1F)N1Cc2cccc3c2C(C1)NCC3,1390.0,5.856985199745905,0,454.5050000000003
O=C(c1cc(Cc2nnc(O)c3ccccc23)ccc1F)N1CCCN(C2CCCCC2)CC1,5.0,8.301029995663981,1,462.56900000000047
O=C(c1cc(Cc2nnc(O)c3ccccc23)ccc1F)N1CCCN(CC2CC2)CC1,5.0,8.301029995663981,1,434.5150000000004
O=C(c1cc(Cn2c(=O)[nH]c(=O)c3ccccc32)ccc1F)N1CC(=O)N2CCCC2C1,17.2,7.764471553092451,1,436.4430000000003
O=C(c1cc(Cn2c(=O)[nH]c(=O)c3ccccc32)ccc1F)N1CC(=O)N2CCCCC2C1,9.85,8.006563769502389,1,450.47000000000037
O=C(c1cc(Cn2c(=O)[nH]c(=O)c3ccccc32)ccc1F)N1CCN(C2CCCC2)C(=O)C1,1.4,8.853871964321762,1,464.4970000000004
O=C(c1cc(Cn2c(=O)[nH]c(=O)c3ccccc32)ccc1F)N1CCN(C2CCCCC2)C(=O)C1,2.85,8.54515513999149,1,478.52400000000046
O=C(c1cc(Cn2c(=O)[nH]c(=O)c3ccccc32)ccc1F)N1CCN(c2ccccc2)C(=O)C1,1.02,8.991399828238082,1,472.4760000000003
O=C(c1cc(Oc2n[nH]c(=O)c3ccccc23)ccc1F)N1CCN(C(=O)C2CCC(F)(F)CC2)CC1,13.0,7.886056647693163,1,514.5040000000004
O=C(c1cc(Oc2n[nH]c(=O)c3ccccc23)ccc1F)N1CCN(C(=O)C2CCCCC2)CC1,17.0,7.769551078621726,1,478.52400000000046
O=C(c1cc(Oc2n[nH]c(=O)c3ccccc23)ccc1F)N1CCN(C(=O)N2CCCCC2)CC1,9.0,8.045757490560675,1,479.51200000000046
O=C(c1cc(Oc2n[nH]c(=O)c3ccccc23)ccc1F)N1CCN(C(=O)c2ccccc2[N+](=O)[O-])CC1,15.0,7.823908740944319,1,517.4730000000003
O=C(c1cc2[nH]c(=O)c3ccccc3n2n1)N1CCC(CN2CCOCC2)CC1,1100.0,5.958607314841775,0,395.4630000000003
O=C(c1cc2[nH]c(=O)c3ccccc3n2n1)N1CCCC(CN2CCOCC2)C1,700.0,6.154901959985743,1,395.4630000000003
O=C(c1cc2[nH]c(=O)c3ccccc3n2n1)N1CCCNCC1,30.0,7.522878745280337,1,311.3450000000001
O=C(c1cc2[nH]c(=O)c3ccccc3n2n1)N1CCN(CC2CC2)CC1,300.0,6.522878745280337,1,351.4100000000002
O=C(c1cc2[nH]c(=O)c3ccccc3n2n1)N1CCN2CCC[C@H]2C1,600.0,6.221848749616356,1,337.38300000000015
O=C(c1ccc(-c2cc3[nH]c(=O)c4ccccc4n3n2)cc1)N1CCN2CCC[C@H]2C1,2500.0,5.6020599913279625,0,413.4810000000003
O=C(c1ccc(Br)cc1)N1CCN(C(=O)c2csc(Cc3n[nH]c(=O)c4ccccc34)c2)CC1,72.34,7.140621495574399,1,537.4390000000001
O=C(c1ccc(Cc2n[nH]c(=O)c3cccnc23)cc1)N1CCCC1,36.370000000000005,7.439256698945288,1,334.3790000000002
O=C(c1ccc(Cc2n[nH]c(=O)c3cccnc23)cc1)n1cccc1,36.0,7.443697499232712,1,330.34700000000004
O=C(c1ccc(Cl)cc1)C1CCN(C2CCN(Cc3nc4c(c(=O)[nH]3)COCC4)C2=O)CC1,16600.0,4.779891911959945,0,470.9570000000004
O=C(c1ccc(Cl)cc1)N1CCN(Cc2c(O)cc(O)c3c(=O)cc(-c4ccc(O)cc4)oc23)CC1,56.2,7.250263684430939,1,506.9420000000003
O=C(c1ccc(F)cc1)C1CCN(C2CCN(Cc3nc4c(c(=O)[nH]3)COCC4)C2=O)CC1,23600.0,4.627087997029894,0,454.50200000000035
O=C(c1ccc(F)cc1)C1CCN(CC(=O)N(CCF)Cc2nc3c(c(=O)[nH]2)COCC3)CC1,19000.0,4.721246399047171,0,474.5080000000004
O=C(c1ccc(F)cc1)C1CCN(CC(=O)N(Cc2ccc(F)cc2)Cc2nc3c(c(=O)[nH]2)COCC3)CC1,19000.0,4.721246399047171,0,536.5790000000002
O=C(c1ccc(F)cc1)C1CCN(CC(=O)N(Cc2cccc(F)c2)Cc2nc3c(c(=O)[nH]2)COCC3)CC1,19000.0,4.721246399047171,0,536.5790000000002
O=C(c1ccc(F)cc1)C1CCN(CC(=O)N(Cc2ccccc2)Cc2nc3c(c(=O)[nH]2)COCC3)CC1,19000.0,4.721246399047171,0,518.5890000000003
O=C(c1ccc(F)cc1)C1CCN(CC(=O)N(Cc2ccccn2)Cc2nc3c(c(=O)[nH]2)COCC3)CC1,19000.0,4.721246399047171,0,519.5770000000003
O=C(c1ccc(F)cc1)C1CCN(CC(=O)N(Cc2nc3c(c(=O)[nH]2)COCC3)CC(F)(F)F)CC1,19000.0,4.721246399047171,0,510.48800000000034
O=C(c1ccc(F)cc1)C1CCN(CC(=O)N(Cc2nc3c(c(=O)[nH]2)COCC3)CC(F)F)CC1,19000.0,4.721246399047171,0,492.49800000000033
O=C(c1ccc(F)cc1)C1CCN(CC(=O)N(Cc2nc3c(c(=O)[nH]2)COCC3)CC2CC2)CC1,19000.0,4.721246399047171,0,482.55600000000044
O=C(c1ccc(F)cc1)C1CCN(CC(=O)N(Cc2nc3c(c(=O)[nH]2)COCC3)C[C@@H]2CCCO2)CC1,19000.0,4.721246399047171,0,512.5820000000004
O=C(c1ccc(F)cc1)C1CCN(CC(=O)N(Cc2nc3c(c(=O)[nH]2)COCC3)C[C@H]2CCCO2)CC1,19000.0,4.721246399047171,0,512.5820000000004
O=C(c1ccc(F)cc1)C1CCN(CC(=O)N(Cc2nc3c(c(=O)[nH]2)COCC3)Cc2ccc(F)cc2F)CC1,19000.0,4.721246399047171,0,554.5690000000002
O=C(c1ccc(F)cc1)C1CCN(CC(=O)N(Cc2nc3c(c(=O)[nH]2)COCC3)Cc2ccccc2F)CC1,19000.0,4.721246399047171,0,536.5790000000002
O=C(c1ccc(F)cc1)C1CCN(CC(=O)N(Cc2nc3c(c(=O)[nH]2)COCC3)Cc2cccs2)CC1,9571.0,5.01904268377038,0,524.6180000000003
O=C(c1ccc(F)cc1)C1CCN(CC(=O)N(Cc2nc3c(c(=O)[nH]2)COCC3)Cc2nc3ccccc3s2)CC1,19000.0,4.721246399047171,0,575.6660000000002
O=C(c1ccc(F)cc1)C1CCN([C@H]2CCN(Cc3nc4c(c(=O)[nH]3)COCC4)C2=O)CC1,37400.0,4.42712839779952,0,454.50200000000035
O=C(c1ccc(I)cc1)N1CCN(C(=O)c2cc(Cc3n[nH]c(=O)c4ccccc34)ccc2F)CC1,5.8999999999999995,8.229147988357855,1,596.4000000000003
O=C(c1ccc(Nc2nc3ccccc3n3nnnc23)cc1)N1CCN(c2ncccn2)CC1,5011.87,5.300000202445418,0,452.4820000000003
O=C(c1ccc(Nc2nc3ccccc3n3nnnc23)cc1)N1CCOCC1,5011.87,5.300000202445418,0,375.3920000000003
O=C(c1ccc(OC(F)(F)F)cc1)C1CCN(CC(=O)N(Cc2nc3c(c(=O)[nH]2)COCC3)CC(F)F)CC1,19000.0,4.721246399047171,0,558.5040000000002
O=C(c1ccc(OC(F)(F)F)cc1)C1CCN(CC(=O)N(Cc2nc3c(c(=O)[nH]2)COCC3)CC2CC2)CC1,19000.0,4.721246399047171,0,548.5620000000002
O=C(c1ccc2[nH]c(=O)c3c(c2c1)CCSC3)N1CCCCC1,175.0,6.756961951313706,1,328.4370000000002
O=C(c1ccc2[nH]c(=O)c3c(c2c1)CCSC3)N1CCN(C2CCCC2)CC1,47.0,7.327902142064283,1,397.5440000000003
O=C(c1ccc2[nH]c(=O)c3c(c2c1)CCSC3)N1CCN(C2CCCCC2)CC1,68.0,7.167491087293763,1,411.57100000000037
O=C(c1ccc2[nH]c(=O)c3c(c2c1)CCSC3)N1CCN(C2CCCCCC2)CC1,67.0,7.173925197299173,1,425.5980000000004
O=C(c1ccc2[nH]c(=O)c3c(c2c1)CCSC3)N1CCN(CCCC(F)(F)F)CC1,134.0,6.872895201635193,1,439.50300000000027
O=C(c1ccc2[nH]c(=O)c3c(c2c1)CCSC3)N1CCN(CCc2ccccc2)CC1,19.0,7.721246399047171,1,433.5770000000003
O=C(c1ccc2[nH]c(=O)c3c(c2c1)CCSC3)N1CCN(Cc2ccccc2)CC1,187.0,6.728158393463501,1,419.55000000000024
O=C(c1ccc2[nH]c(=O)c3c(c2c1)CCSC3)N1CCN(c2ccccc2)CC1,234.0,6.6307841425898575,1,405.5230000000002
O=C(c1ccc2[nH]c(=O)c3c(c2c1)CCSC3)N1CCN(c2ccncc2)CC1,20.0,7.698970004336019,1,406.5110000000002
O=C(c1ccc2[nH]c(=O)c3c(c2c1)CCSC3)N1CCNCC1,8.0,8.096910013008056,1,329.4250000000001
O=C(c1cccc(-c2cc3[nH]c(=O)c4ccccc4n3n2)c1)N1CCN2CCC[C@H]2C1,500.0,6.301029995663981,1,413.4810000000003
O=C(c1cccc(C(F)(F)F)c1)N1CCN(Cc2c(O)cc(O)c3c(=O)cc(-c4ccc(O)cc4)oc23)CC1,41.9,7.377785977033705,1,540.494
O=C(c1cccc(Cc2n[nH]c(=O)c3ccccc23)c1)N1CCCN(C(=O)N2CCOCC2)CC1,20.0,7.698970004336019,1,475.5490000000005
O=C(c1cccc(Cc2n[nH]c(=O)c3ccccc23)c1)N1CCCN(CCO)CC1,18.0,7.7447274948966935,1,406.48600000000033
O=C(c1cccc(Cc2n[nH]c(=O)c3ccccc23)c1)N1CCCN(Cc2ccccc2)CC1,18.0,7.7447274948966935,1,452.55800000000033
O=C(c1cccc(Cc2n[nH]c(=O)c3ccccc23)c1)N1CCN(/[N+]([O-])=N/Oc2ccc([N+](=O)[O-])cc2[N+](=O)[O-])CC1,123.0,6.910094888560602,1,574.5100000000002
O=C(c1cccc(Cc2n[nH]c(=O)c3ccccc23)c1)N1CCN(C(=O)C2CCCC2)CC1,8.0,8.096910013008056,1,444.5350000000004
O=C(c1cccc(Cc2n[nH]c(=O)c3ccccc23)c1)N1CCN(C(=O)N2CCOCC2)CC1,8.0,8.096910013008056,1,461.52200000000045
O=C(c1cccc(Cc2n[nH]c(=O)c3ccccc23)c1)N1CCN(CCO)CC1,39.0,7.4089353929735005,1,392.4590000000003
O=C(c1cccc(Cc2n[nH]c(=O)c3ccccc23)c1)N1CCN(c2ccc3[nH]c(=O)[nH]c3n2)CC1,2.0,8.698970004336019,1,481.5160000000003
O=C(c1cccc(Cc2n[nH]c(=O)c3ccccc23)c1)N1CCN(c2ccc3[nH]c(C(F)(F)F)nc3n2)CC1,10.0,8.0,1,533.5140000000001
O=C(c1cccc(Cc2n[nH]c(=O)c3ccccc23)c1)N1CCN(c2ccc3[nH]cnc3n2)CC1,1.0,9.0,1,465.5170000000003
O=C(c1cccc(Cc2n[nH]c(=O)c3ccccc23)c1)N1CCN(c2ccc3[nH]nnc3n2)CC1,5.0,8.301029995663981,1,466.5050000000003
O=C(c1cccc(Cc2n[nH]c(=O)c3ccccc23)c1)N1CCN(c2ccccc2)CC1,51.0,7.292429823902063,1,424.50400000000025
O=C(c1cccc(Cc2n[nH]c(=O)c3ccccc23)c1)N1CCN(c2ccccn2)CC1,10.0,8.0,1,425.49200000000025
O=C(c1cccc(Cc2n[nH]c(=O)c3ccccc23)c1)N1CCN(c2ncccn2)CC1,2.0,8.698970004336019,1,426.48000000000025
O=C(c1cccc(Cc2n[nH]c(=O)c3ccccc23)c1)N1CCNCC1,12.625,7.898768613209301,1,348.4060000000002
O=C(c1cccc(Cc2n[nH]c(=O)c3ccccc23)c1)N1CCn2c(nnc2C(F)(F)F)C1,2.3,8.638272163982407,1,454.4120000000002
O=C(c1cccc(Cc2nnc(O)c3ccccc23)c1)N1CCC(C(=O)N2CCCCC2)CC1,15.0,7.823908740944319,1,458.56200000000047
O=C(c1cccc(Cc2nnc(O)c3ccccc23)c1)N1CCCN(C2CCCCC2)CC1,6.0,8.221848749616356,1,444.57900000000046
O=C(c1cccc(Cc2nnc(O)c3ccccc23)c1)N1CCCN(CC2CC2)CC1,14.0,7.853871964321762,1,416.5250000000004
O=C(c1cccc(Cc2nnc(O)c3ccccc23)c1)N1CCCN(S(=O)(=O)c2ccc(-c3ccccc3)cc2)CC1,6.0,8.221848749616356,1,578.6940000000002
O=C(c1cccc(Cc2nnc(O)c3ccccc23)c1)N1CCCN(S(=O)(=O)c2cccc(C(F)(F)F)c2)CC1,8.0,8.096910013008056,1,570.5930000000002
O=C(c1cccc(Cc2nnc(O)c3ccccc23)c1)N1CCCNCC1,9.0,8.045757490560675,1,362.4330000000002
O=C(c1cccc(Cc2nnc(O)c3ccccc23)c1)N1CCOCC1,40.0,7.3979400086720375,1,349.3900000000002
O=C(c1cccc(Cc2nnc(O)c3ccccc23)c1)N1CCc2ccccc2C1,8.0,8.096910013008056,1,395.4620000000002
O=C(c1cccc(Cl)c1)N1CCCN(CC2=Nc3cccc4c(=O)[nH]nc(c34)N2)CC1,29.0,7.5376020021010435,1,436.9030000000002
O=C(c1cccc(F)c1F)C1CCN(Cc2c(O)cc(O)c3c(=O)cc(-c4ccc(O)cc4)oc23)CC1,79.2,7.101274818410507,1,507.48900000000026
O=C(c1cccc(I)c1)N1CCN(C(=O)c2cc(Cc3n[nH]c(=O)c4ccccc34)ccc2F)CC1,3.9,8.4089353929735,1,596.4000000000003
O=C(c1ccccc1)N1CCN(C(=O)c2cc(Cc3n[nH]c(=O)c4ccccc34)cc(F)c2F)CC1,6.1,8.214670164989233,1,488.49400000000014
O=C(c1ccccc1)N1CCN(C(=O)c2cc(Cc3n[nH]c(=O)c4ccccc34)ccc2F)CC1,6.0,8.221848749616356,1,470.50400000000013
O=C(c1ccccc1)N1CCN(C(=O)c2cccc(Cc3n[nH]c(=O)c4ccccc34)c2)CC1,11.0,7.958607314841775,1,452.51400000000024
O=C(c1ccccc1)N1CCN(Cc2c(O)cc(O)c3c(=O)cc(-c4ccc(O)cc4)oc23)CC1,50.7,7.294992040666664,1,472.49700000000024
O=C(c1ccccc1C(F)(F)F)N1CCCN(CC2=Nc3cccc4c(=O)[nH]nc(c34)N2)CC1,43.0,7.366531544420414,1,470.45500000000015
O=C(c1ccccn1)N1CCN(C(=O)c2cc(Cc3c[nH]c(=O)c4cc(Cl)c(Cl)n34)ccc2F)CC1,2.4,8.619788758288394,1,528.371
O=C(c1ccccn1)N1CCN(Cc2c(O)cc(O)c3c(=O)cc(-c4ccc(O)cc4)oc23)CC1,21.8,7.661543506395395,1,473.48500000000024
O=C(c1cccnc1)N1CCN(Cc2c(O)cc(O)c3c(=O)cc(-c4ccc(O)cc4)oc23)CC1,26.2,7.581698708680254,1,473.48500000000024
O=C(c1ccco1)N1CCN(Cc2c(O)cc(O)c3c(=O)cc(-c4ccc(O)cc4)oc23)CC1,13.7,7.863279432843593,1,462.45800000000025
O=C(c1cccs1)N1CCN(Cc2c(O)cc(O)c3c(=O)cc(-c4ccc(O)cc4)oc23)CC1,15.8,7.801342913045577,1,478.52600000000024
O=C(c1ccncc1)N1CCN(C(=O)c2csc(Cc3n[nH]c(=O)c4ccccc34)c2)CC1,107.8,6.96738123914928,1,459.53100000000023
O=C(c1ccncc1)N1CCN(Cc2c(O)cc(O)c3c(=O)cc(-c4ccc(O)cc4)oc23)CC1,27.6,7.559090917934782,1,473.48500000000024
O=C(c1cnn2c1[nH]c(=O)c1ccccc12)N1CCCNCC1,1000.0,6.0,1,311.3450000000001
O=C(c1csc(Cc2n[nH]c(=O)c3ccccc23)c1)N1CCN(C(=O)C2CC2)CC1,104.9,6.979224511806442,1,422.51000000000033
O=C(c1csc(Cc2n[nH]c(=O)c3ccccc23)c1)N1CCN(C(=O)c2ccc3c(c2)OCO3)CC1,39.61,7.402195157595707,1,502.5520000000004
O=C(c1csc(Cc2n[nH]c(=O)c3ccccc23)c1)N1CCN(C(=O)c2ccccn2)CC1,46.12,7.336110701377339,1,459.5310000000003
O=C(c1csc(Cc2n[nH]c(=O)c3ccccc23)c1)N1CCN(C(=O)c2cccs2)CC1,10.84,7.964970717797632,1,464.5720000000003
O=C(c1n[nH]c(=O)c2ccccc12)N1CCN(/C=C/c2ccccc2)CC1,260.0,6.585026652029182,1,360.4170000000001
O=C(c1ncc[nH]1)N1CCN(C(=O)c2cc(Cc3c[nH]c(=O)c4cc(Cl)c(Cl)n34)ccc2F)CC1,3.1,8.508638306165727,1,517.3480000000002
O=C1C2CC2C(=O)N1c1cc(Cc2nnc(O)c3ccccc23)ccc1F,5.0,8.301029995663981,1,363.34800000000007
O=C1C=CC(=O)N1c1cccc(Cc2nnc(O)c3ccccc23)c1,13.0,7.886056647693163,1,331.331
O=C1CC(c2ccccc2)C(=O)N1c1cc(Cc2n[nH]c(=O)c3ccccc23)ccc1F,6.8,8.167491087293763,1,427.43500000000006
O=C1CC2(CCN(C(=O)CN3CCN(CCSc4nc5ccccc5c(=O)[nH]4)CC3)CC2)Oc2ccccc21,1280.0,5.892790030352131,0,547.6810000000003
O=C1CC2c3c(cccc31)CCN2C(=O)c1cc(Cc2n[nH]c(=O)c3ccccc23)ccc1F,1731.73,5.761519819391886,0,453.47300000000007
O=C1CC2c3c(cccc3N1)CCN2C(=O)c1cc(Cc2n[nH]c(=O)c3ccccc23)ccc1F,387000.0,3.4122890349810886,0,468.48800000000017
O=C1CCC(=O)N1c1cc(Cc2n[nH]c(=O)c3ccccc23)ccc1Cl,19.0,7.721246399047171,1,367.79200000000003
O=C1CCC(=O)N1c1cc(Cc2n[nH]c(=O)c3ccccc23)ccc1F,5.0,8.301029995663981,1,351.33700000000005
O=C1CCC(=O)N1c1cccc(Cc2n[nH]c(=O)c3ccccc23)c1,12.0,7.920818753952375,1,333.34700000000004
O=C1CCC(N2C(=O)c3cccc(NC(=O)CNCCCCCCCCCCC(=O)N4CCN(C(=O)c5cc(Cc6n[nH]c(=O)c7ccccc67)ccc5F)CC4)c3C2=O)C(=O)N1,2.95,8.530177984021837,1,862.9600000000003
O=C1CCC(c2ccc3[nH]c4c5c(c6c(c4c3c2)C(=O)NC6=O)CCC5)=NN1,17.0,7.769551078621726,1,372.3840000000001
O=C1CCCC(=O)N1c1cc(Cc2n[nH]c(=O)c3ccccc23)ccc1F,4.1,8.387216143280265,1,365.36400000000003
O=C1CCCN1c1cccc(Cc2n[nH]c(=O)c3ccccc23)c1,120.0,6.920818753952375,1,319.36400000000003
O=C1CCN(Cc2ccc3c(c2)-c2n[nH]c(=O)c4cccc(c24)O3)CC1,120.0,6.920818753952375,1,347.37400000000014
O=C1CCN(c2ccccc2C(=O)NCCc2ccc(Cl)cc2Cl)C(=O)N1,109.825,6.959298788062642,1,406.26900000000006
O=C1CCN(c2ccccc2C(=O)NCCc2nc(-c3ccccn3)no2)C(=O)N1,258.52,6.587505852749365,1,406.40200000000004
O=C1CCN(c2ccccc2C(=O)NCc2ccc(-n3cccn3)cc2)C(=O)N1,221.935,6.653774202462762,1,389.415
O=C1CCc2cc(-c3ccccc3F)ccc2C2(CCCCC2)N1,19.599999999999998,7.707743928643524,1,323.4110000000001
O=C1CN(C(=O)CCc2nc3ccccc3c(=O)[nH]2)CCN1,190.0,6.721246399047171,1,300.31800000000004
O=C1CN(C(=O)CSc2nc3ccccc3c(=O)[nH]2)c2ccccc2N1,540.0,6.267606240177032,1,366.40200000000004
O=C1CN(C(=O)c2cc(Cn3c(=O)[nH]c(=O)c4ccccc43)ccc2F)CCN1,4.33,8.363512103646634,1,396.3780000000001
O=C1CN(C(=O)c2cc(Cn3c(=O)[nH]c(=O)c4ccccc43)ccc2F)CCN1CC(F)(F)F,3.79,8.421360790031928,1,478.40200000000016
O=C1CN(C(=O)c2cc(Cn3c(=O)[nH]c(=O)c4ccccc43)ccc2F)CCN1CC1CC1,9.75,8.010995384301463,1,450.47000000000025
O=C1CN(C(=O)c2cc(Cn3c(=O)[nH]c(=O)c4ccccc43)ccc2F)CCN1CC1CCCC1,2.46,8.60906489289662,1,478.52400000000034
O=C1CN(C(=O)c2cc(Cn3c(=O)[nH]c(=O)c4ccccc43)ccc2F)CCN1CC1CCCCC1,2.38,8.623423042943488,1,492.5510000000004
O=C1CN(C(=O)c2cc(Cn3c(=O)[nH]c(=O)c4ccccc43)ccc2F)CCN1CCC1CC1,2.08,8.681936665037238,1,464.4970000000003
O=C1CN(C(=O)c2cc(Cn3c(=O)[nH]c(=O)c4ccccc43)ccc2F)CCN1CCCO,17.05,7.768275616671484,1,454.45800000000025
O=C1CN(C(=O)c2cc(Cn3c(=O)[nH]c(=O)c4ccccc43)ccc2F)CCN1Cc1ccccc1,2.54,8.595166283380062,1,486.5030000000002
O=C1CN(Cc2ccc3c(c2)-c2n[nH]c(=O)c4cccc(c24)O3)CCN1,20.0,7.698970004336019,1,348.36200000000014
O=C1CN(Cc2cn(-c3ccccc3F)nn2)C2(CCCCC2)c2ccccc21,14.42,7.84103473961659,1,390.4620000000003
O=C1N(CCO)c2cc(Cl)cc(Cl)c2C12CCN(c1nc3c(c(=O)[nH]1)CCCC3)CC2,20000.0,4.698970004336019,0,463.3650000000004
O=C1N(CCO)c2cc(F)cc(F)c2C12CCN(c1nc3c(c(=O)[nH]1)CCCC3)CC2,20000.0,4.698970004336019,0,430.45500000000027
O=C1N(CCO)c2cccc(Cl)c2C12CCN(c1nc3c(c(=O)[nH]1)CCCC3)CC2,20000.0,4.698970004336019,0,428.9200000000003
O=C1N(CCO)c2cccc(F)c2C12CCN(c1nc3c(c(=O)[nH]1)CCCC3)CC2,20000.0,4.698970004336019,0,412.46500000000026
O=C1N(CCO)c2ccccc2C12CCN(c1nc3c(c(=O)[nH]1)CCCC3)CC2,20000.0,4.698970004336019,0,394.47500000000025
O=C1NC(=O)/C(=C/c2c[nH]c3ccccc23)S1,100000.0,4.0,0,244.275
O=C1NC(=O)/C(=C/c2cn(Cc3ccc(Cl)cc3)c3ccccc23)S1,100000.0,4.0,0,368.845
O=C1NC(=O)/C(=C/c2cn(Cc3ccc(Cl)cc3Cl)c3ccccc23)S1,7810.0,5.1073489661227,0,403.2900000000001
O=C1NC(=O)/C(=C/c2cn(Cc3ccc(F)cc3)c3ccccc23)S1,5030.0,5.298432014944073,0,352.39000000000004
O=C1NC(=O)/C(=C/c2cn(Cc3cccc(C(F)(F)F)c3)c3ccccc23)S1,3070.0,5.512861624522814,0,402.39700000000005
O=C1NC(=O)/C(=C/c2cn(Cc3cccc(Cl)c3)c3ccccc23)S1,4810.0,5.317854923626168,0,368.845
O=C1NC(=O)/C(=C/c2cn(Cc3ccccc3)c3ccccc23)S1,100000.0,4.0,0,334.40000000000003
O=C1NC(=O)/C(=C/c2cn(Cc3ccccc3Cl)c3ccccc23)S1,1340.0,5.872895201635193,0,368.845
O=C1NC(=O)c2c1c1c(c3[nH]c4ccc(-c5csc(-c6ccno6)n5)cc4c23)CCC1,66.0,7.180456064458132,1,426.4570000000003
O=C1NC(=O)c2c1c1c(c3[nH]c4ccc(-c5csc(CNC(=O)C6CC6)n5)cc4c23)CCC1,49.0,7.309803919971486,1,456.5270000000004
O=C1NC(=O)c2c1c1c(c3[nH]c4ccc(-c5csc(CNC(=O)C6CCCC6)n5)cc4c23)CCC1,52.0,7.2839966563652006,1,484.5810000000005
O=C1NC(=O)c2c1c1c(c3[nH]c4ccc(-c5csc(CNC6O[C@H](CO)[C@@H](O)[C@H](O)[C@H]6O)n5)cc4c23)CCC1,17.0,7.769551078621726,1,550.5930000000001
O=C1NC(=O)c2c1c1c(c3[nH]c4ccccc4c23)CCC1,36.0,7.443697499232712,1,276.2950000000001
O=C1NC(=O)c2c1c1c(c3[nH]c4ccccc4c23)CCCC1,10000.0,5.0,0,290.3220000000001
O=C1NC(=O)c2c1c1c(c3[nH]c4ccccc4c23)CCO1,10000.0,5.0,0,278.26700000000005
O=C1NC(=O)c2c1c1c(c3[nH]ccc23)CCC1,40.0,7.3979400086720375,1,226.23499999999996
O=C1NC(=O)c2c1c1c(c3oc4ccccc4c23)CCC1,10000.0,5.0,0,277.27900000000005
O=C1NC(=O)c2c1c1c(c3sc4ccccc4c23)CCC1,10000.0,5.0,0,293.3470000000001
O=C1NC(=O)c2c1c1ccccc1c1[nH]c3ccccc3c21,10000.0,5.0,0,286.2900000000001
O=C1NC(=O)c2c1ccc1[nH]c3ccccc3c21,10000.0,5.0,0,236.23
O=C1NC(=O)c2c1ccc1[nH]ccc21,750.0,6.1249387366083,1,186.17
O=C1NC(=O)c2c1ccc1c2CCC1,2220.0,5.653647025549361,0,187.19799999999992
O=C1NC(=O)c2cccc3cccc1c23,1400.0,5.853871964321762,0,197.19299999999998
O=C1NC(=O)c2ccccc2/C1=C\Nc1ccccc1N1CCCCC1,1210.0,5.91721462968355,0,347.41800000000023
O=C1NC(=O)c2ccccc2/C1=C\c1ccc(F)cc1,2540.0,5.5951662833800615,0,267.25899999999996
O=C1NC(CCCN2CC=C(c3ccccc3)CC2)=NC2CCCC12,249.0,6.603800652904264,1,337.46700000000016
O=C1NC(CCCN2CC=C(c3ccccc3)CC2)=NC2CCCCC12,20.0,7.698970004336019,1,351.4940000000002
O=C1NC(CCCN2CC=C(c3ccccc3)CC2)=NC2CCCCCC12,495.0,6.305394801066432,1,365.52100000000024
O=C1NC(CCCN2CC=C(c3ccccc3)CC2)=NC2CCNCC12,8600.0,5.0655015487564325,0,352.48200000000014
O=C1NC(CCCN2CC=C(c3ccccc3)CC2)=NC2CCOCC12,200.0,6.698970004336019,1,353.4660000000002
O=C1NC(CCCN2CC=C(c3ccccc3)CC2)=NC2CCSCC12,8.9,8.050609993355087,1,369.53400000000016
O=C1NC(CCCl)Oc2ccccc21,8500.0,5.070581074285707,0,211.64800000000002
O=C1NC(c2ccc(C(F)(F)F)cc2)=NC2CSCC12,19000.0,4.721246399047171,0,300.305
O=C1NC2(CCN(c3nc4c(c(=O)[nH]3)CCCC4)CC2)c2ccccc21,20000.0,4.698970004336019,0,350.4220000000001
O=C1NC2CCCCC2c2ccccc21,7500.0,5.1249387366083,0,201.26900000000003
O=C1NCC(c2ccc(-c3ccc(C(F)(F)F)cc3)cc2)Nc2ccccc21,30.2,7.519993057042849,1,382.385
O=C1NCC2NCCc3cccc1c32,140.0,6.853871964321762,1,188.23000000000002
O=C1NCC2c3c(cccc31)CCN2C(=O)C1CCCC1,11.0,7.958607314841775,1,284.35900000000004
O=C1NCC2c3c(cccc31)CCN2C(=O)C1CCCN1C(=O)c1cc(Cc2n[nH]c(=O)c3ccccc23)ccc1F,45.0,7.346787486224656,1,565.6050000000004
O=C1NCC2c3c(cccc31)CCN2C(=O)C1CCN(C(=O)c2cc(Cc3n[nH]c(=O)c4ccccc34)ccc2F)CC1,1.9,8.721246399047171,1,579.6320000000002
O=C1NCC2c3c(cccc31)CCN2C(=O)C1CCNC1,1.0,9.0,1,285.347
O=C1NCC2c3c(cccc31)CCN2C(=O)C1CNC1,1.0,9.0,1,271.31999999999994
O=C1NCC2c3c(cccc31)CCN2C(=O)CCc1ccccc1,4.0,8.397940008672037,1,320.39199999999994
O=C1NCC2c3c(cccc31)CCN2C(=O)CCc1cnccn1,6.0,8.221848749616356,1,322.36799999999994
O=C1NCC2c3c(cccc31)CCN2C(=O)CCn1cnc2ccccc21,1.0,9.0,1,360.417
O=C1NCC2c3c(cccc31)CCN2C(=O)CN1CCC(c2ccccc2)CC1,0.5,9.301029995663981,1,389.49900000000014
O=C1NCC2c3c(cccc31)CCN2C(=O)CN1CCCCC1,6.0,8.221848749616356,1,313.4010000000001
O=C1NCC2c3c(cccc31)CCN2C(=O)CN1CCN(c2ccccc2)CC1,11.0,7.958607314841775,1,390.48700000000014
O=C1NCC2c3c(cccc31)CCN2C(=O)Cc1ccc(Br)cc1,7.0,8.154901959985743,1,385.26099999999997
O=C1NCC2c3c(cccc31)CCN2C(=O)Cc1ccc(Cl)cc1,5.0,8.301029995663981,1,340.80999999999995
O=C1NCC2c3c(cccc31)CCN2C(=O)Cc1ccc(OCc2ccccc2)cc1,16.0,7.795880017344075,1,412.4890000000001
O=C1NCC2c3c(cccc31)CCN2C(=O)Cc1cccc(Cl)c1,5.0,8.301029995663981,1,340.80999999999995
O=C1NCC2c3c(cccc31)CCN2C(=O)Cc1ccccc1,8.0,8.096910013008056,1,306.36499999999995
O=C1NCC2c3c(cccc31)CCN2C(=O)Cc1ccccc1Cl,16.0,7.795880017344075,1,340.80999999999995
O=C1NCC2c3c(cccc31)CCN2C(=O)Cc1ccccn1,13.0,7.886056647693163,1,307.35299999999995
O=C1NCC2c3c(cccc31)CCN2C(=O)Cc1cccnc1,1.0,9.0,1,307.35299999999995
O=C1NCC2c3c(cccc31)CCN2C(=O)Cc1ccncc1,10.0,8.0,1,307.35299999999995
O=C1NCC2c3c(cccc31)CCN2C(=O)NCc1ccccc1,12.0,7.920818753952375,1,321.38
O=C1NCC2c3c(cccc31)CCN2C(=O)Nc1ccccc1,11.0,7.958607314841775,1,307.35299999999995
O=C1NCC2c3c(cccc31)CCN2C(=O)OCc1ccccc1,14.0,7.853871964321762,1,322.364
O=C1NCC2c3c(cccc31)CCN2C(=O)Oc1ccccc1,9.0,8.045757490560675,1,308.33699999999993
O=C1NCC2c3c(cccc31)CCN2C(=O)[C@@H]1CCCN1,4.0,8.397940008672037,1,285.347
O=C1NCC2c3c(cccc31)CCN2C(=O)c1cc(Cc2n[nH]c(=O)c3c2CCCC3)ccc1F,1.8,8.744727494896694,1,472.52000000000027
O=C1NCC2c3c(cccc31)CCN2C(=O)c1cc(Cc2n[nH]c(=O)c3ccccc23)ccc1F,0.31,9.508638306165727,1,468.4880000000001
O=C1NCC2c3c(cccc31)CCN2C(=O)c1ccc(C(=O)N2CCCNCC2)cc1,130.0,6.886056647693163,1,418.49700000000024
O=C1NCC2c3c(cccc31)CCN2C(=O)c1ccc(Cl)cc1,7.0,8.154901959985743,1,326.783
O=C1NCC2c3c(cccc31)CCN2C(=O)c1cccc(C(=O)N2CCCNCC2)c1,50.0,7.301029995663981,1,418.49700000000024
O=C1NCC2c3c(cccc31)CCN2C(=O)c1cccc(Cl)c1,37.0,7.431798275933005,1,326.783
O=C1NCC2c3c(cccc31)CCN2C(=O)c1ccccc1,4.0,8.397940008672037,1,292.33799999999997
O=C1NCC2c3c(cccc31)CCN2C(=O)c1ccccc1Cl,35.0,7.455931955649724,1,326.783
O=C1NCC2c3c(cccc31)CCN2CC(=O)N1CC2CCCNC2C1,9350.0,5.029188389127482,0,354.4540000000001
O=C1NCC2c3c(cccc31)CCN2CC(=O)N1CCC2CNCC21,9380.0,5.027797161620936,0,340.4270000000001
O=C1NCC2c3c(cccc31)CCN2CC(=O)N1CCn2c(nnc2C(F)(F)F)C1,10000.0,5.0,0,420.3950000000001
O=C1NCC2c3c(cccc31)CCN2CC(=O)N1C[C@H]2CNC[C@H]2C1,8800.0,5.055517327849832,0,340.4270000000001
O=C1NCC2c3c(cccc31)CCN2Cc1ccccc1,190.0,6.721246399047171,1,278.35499999999996
O=C1NCC2c3c(cccc31)CCN2S(=O)(=O)Cc1ccccc1,83.0,7.080921907623926,1,342.42
O=C1NCCc2c(-c3ccc(CN4CCCC4)cc3)[nH]c3cccc1c23,5.6,8.2518119729938,1,345.446
O=C1NCCc2c(-c3ccc(CN4CCN(CCO)CC4)cc3)[nH]c3cc(F)cc1c23,1.54,8.812479279163536,1,422.50400000000013
O=C1NCCc2c(-c3ccc(CN4CCN(c5ncccn5)CC4)cc3)[nH]c3cc(F)cc1c23,1.19,8.924453038607469,1,456.52500000000015
O=C1NCCc2c(O)cccc21,140.0,6.853871964321762,1,163.176
O=C1NCCc2c(OCCCCN3CCCCC3)cccc21,3674.4,5.434813567590133,0,302.41799999999995
O=C1NCCc2c1ccc1[nH]cc(CCNC(=O)C3CCN(c4ccncc4)CC3)c21,41.0,7.3872161432802645,1,417.5130000000002
O=C1NCCc2c1ccc1[nH]cc(CCNC(=O)C3CCN(c4ncccn4)CC3)c21,120.0,6.920818753952375,1,418.5010000000002
O=C1NCCc2c1ccc1[nH]cc(CCNC(=O)C3CCNCC3)c21,160.0,6.795880017344075,1,340.42700000000013
O=C1NCCc2c1ccc1[nH]cc(CCNC(=O)N3CCCN(Cc4ccccc4)CC3)c21,230.0,6.638272163982407,1,445.5670000000003
O=C1NCCc2c1ccc1[nH]cc(CCNC(=O)N3CCCNC(F)(F)C3)c21,390.0,6.4089353929735005,1,391.42200000000014
O=C1NCCc2c1ccc1[nH]cc(CCNC(=O)N3CCCNCC3)c21,27.0,7.568636235841013,1,355.4420000000002
O=C1NCCc2c1ccc1[nH]cc(CCNC(=O)N3CCNCC3)c21,25.0,7.6020599913279625,1,341.41500000000013
O=C1NCCc2c1ccc1[nH]cc(CCNC3CCCCC3)c21,85.0,7.070581074285707,1,311.42900000000014
O=C1NCCc2c1ccc1[nH]cc(CCNCc3cccc4cccnc34)c21,500.0,6.301029995663981,1,370.4560000000001
O=C1NCCc2c1ccc1[nH]cc(CCNCc3ccccc3)c21,110.0,6.958607314841775,1,319.408
O=C1NCCc2c1ccc1[nH]cc(CCNCc3cn[nH]c3)c21,340.0,6.468521082957745,1,309.373
O=C1NCCc2c1ccc1[nH]cc(CCNCc3cocn3)c21,180.0,6.7447274948966935,1,310.357
O=C1NCCc2ccc(Br)cc21,100000.0,4.0,0,226.07299999999998
O=C1NCCc2ccc(C(F)(F)F)cc21,100000.0,4.0,0,215.17399999999995
O=C1NCCc2ccc(Cl)cc21,100000.0,4.0,0,181.62199999999999
O=C1NCCc2ccc(F)cc21,100000.0,4.0,0,165.16699999999997
O=C1NCCc2ccccc21,100000.0,4.0,0,147.177
O=C1NCCn2c(-c3cc4c(s3)CCNC4)nc3cc(F)cc1c32,25.0,7.6020599913279625,1,342.39900000000006
O=C1NCCn2c(-c3cc4c(s3)CNCC4)nc3cc(F)cc1c32,25.0,7.6020599913279625,1,342.39900000000006
O=C1NCCn2c(-c3ccc(CN4CCCC4)cc3)nc3cncc1c32,20.0,7.698970004336019,1,347.422
O=C1NCCn2c(-c3ccc(CN4CCCCC4)cc3)nc3cncc1c32,29.0,7.5376020021010435,1,361.449
O=C1NCCn2c(-c3ccc(N4CCNCC4)cc3)nc3cncc1c32,20.0,7.698970004336019,1,348.4100000000001
O=C1NCCn2c(-c3ccc(OCCF)cc3)nc3cccc1c32,6.3,8.200659450546418,1,325.3430000000001
O=C1NCCn2c(-c3ccc(OCc4cn(CCF)nn4)cc3)nc3cccc1c32,22.1,7.655607726314889,1,406.4210000000001
O=C1NCCn2c(-c3ccccc3)nc3cncc1c32,110.0,6.958607314841775,1,264.28800000000007
O=C1NCCn2c(C3CCN(Cc4ccccc4)CC3)nc3cncc1c32,103.0,6.987162775294828,1,361.4490000000001
O=C1NCCn2c(C3CCNCC3)nc3cncc1c32,54.0,7.267606240177032,1,271.324
O=C1NCCn2c(CCc3ccccc3)nc3cccc1c32,26.0,7.585026652029182,1,291.3540000000001
O=C1NCCn2c(CN3CCCCC3)cc3cccc1c32,109.0,6.962573502059376,1,283.375
O=C1NCCn2cnc3cccc1c32,299.0,6.52432881167557,1,187.20200000000003
O=C1NCc2c1c1c(c3[nH]c4ccc(Br)cc4c23)CCC1,30.0,7.522878745280337,1,341.2080000000002
O=C1NCc2c1c1c(c3[nH]c4ccc(C(=O)N5CCOCC5)cc4c23)CCC1,83.0,7.080921907623926,1,375.4280000000002
O=C1NCc2c1c1c(c3[nH]c4ccc(Cl)cc4c23)CCC1,120.0,6.920818753952375,1,296.7570000000001
O=C1NCc2c1c1c(c3[nH]c4ccccc4c23)CCC1,73.0,7.136677139879544,1,262.312
O=C1NCc2c3c(c4[nH]c5ccccc5c4c21)CCC3,10000.0,5.0,0,262.312
O=C1NCc2cccc3cccc1c23,540.0,6.267606240177032,1,183.20999999999998
O=C1NN=C2CC(c3ccccc3)Cc3[nH]c4cc(F)cc1c4c32,2902.9,5.537167924621725,0,319.33900000000006
O=C1NN=C2CC(c3ccccc3)Cc3[nH]c4cccc1c4c32,3153.15,5.501255368731081,0,301.34900000000005
O=C1NN=C2CCCCc3[nH]c4cc(F)cc1c4c32,3253.25,5.487682561541807,0,257.26800000000003
O=C1NN=C2CCCCc3[nH]c4cccc1c4c32,2237.7999999999997,5.650178730487609,0,239.27800000000002
O=C1NN=C2CCCc3[nH]c4c(F)ccc1c4c32,12012.0,4.9203846764730566,0,243.24099999999999
O=C1NN=C2CCCc3[nH]c4cc(F)cc1c4c32,3003.0,5.522444667801019,0,243.24099999999999
O=C1NN=C2CCCc3[nH]c4cccc1c4c32,5344.04,5.272130299837476,0,225.251
O=C1NN=C2CCCc3c2c2c1cccc2n3CCN(Cc1ccccc1)Cc1ccccc1,400400.0,3.397505931192719,0,448.57000000000016
O=C1NN=C2CCCc3c2c2c1cccc2n3CCN1CCCC1,3673.8333333333335,5.434880549732843,0,322.41200000000015
O=C1NN=C2CCCc3c2c2c1cccc2n3CCN1CCCCC1,5005.075,5.300589410324103,0,336.4390000000002
O=C1NN=C2CCCc3c2c2c1cccc2n3CCN1CCOCC1,175175.0,3.756527873834387,0,338.4110000000002
O=C1NN=C2CN(C(=O)C3(O)CC3)Cc3[nH]c4cc(F)cc1c4c32,4.7,8.327902142064282,1,328.30300000000005
O=C1NN=C2CN(C(=O)C3(c4ccccc4)CC3)Cc3[nH]c4cc(F)cc1c4c32,28.1,7.55129368009492,1,388.4020000000001
O=C1NN=C2CN(C(=O)C3CC3)Cc3[nH]c4cc(F)cc1c4c32,1151.15,5.93886808216707,0,312.30400000000003
O=C1NN=C2CN(C(=O)C3CC3)Cc3[nH]c4cccc1c4c32,1651.65,5.782081978306775,0,294.314
O=C1NN=C2CN(C(=O)OCc3ccccc3)Cc3[nH]c4cc(F)cc1c4c32,4669.0,5.330776126069194,0,378.3630000000001
O=C1NN=C2CN(C(=O)OCc3ccccc3)Cc3[nH]c4cccc1c4c32,5936.3,5.226484159438538,0,360.3730000000001
O=C1NN=C2CN(C(=O)[C@@H]3CCCN3)Cc3[nH]c4cc(F)cc1c4c32,6.6,8.18045606445813,1,341.34600000000006
O=C1NN=C2CN(C3CCCCC3)Cc3[nH]c4cccc1c4c32,6136.400000000001,5.212086338737896,0,308.385
O=C1NN=C2CN(S(=O)(=O)C3CC3)Cc3[nH]c4cc(F)cc1c4c32,8.0,8.096910013008056,1,348.35900000000004
O=C1NN=C2CNCc3[nH]c4cc(F)cc1c4c32,4254.25,5.37117699247037,0,244.22899999999998
O=C1NN=C2CNCc3[nH]c4cccc1c4c32,6507.925,5.18655746069428,0,226.239
O=C1N[C@@H]2N(Cc3ccccc3C23CCOCC3)c2ccccc21,1960.0,5.707743928643524,0,320.392
O=C1N[C@H](C2CC2)[C@@H](C(=O)N2CCC(N3CCCCC3)CC2)c2ccc(F)cc21,22000.0,4.657577319177793,0,399.51000000000016
O=C1N[C@H]2Cc3ccccc3CN2c2ccccc21,1920.0,5.716698771296451,0,250.301
O=C1Nc2cc(Cl)ccc2C1C1CCN(C(=O)CCCc2nc3ccccc3c(=O)[nH]2)CC1,7350.0,5.133712660915805,0,464.9530000000003
O=C1Nc2ccc(Br)cc2/C1=C1/Nc2ccccc2/C1=N\OCCCC(=O)N1CCN(C(=O)c2cc(Cc3n[nH]c(=O)c4ccccc34)ccc2F)CC1,4.66,8.331614083309999,1,790.65
O=C1Nc2ccc(F)cc2/C1=C1/Nc2ccccc2/C1=N\OCCCC(=O)N1CCN(C(=O)c2cc(Cc3n[nH]c(=O)c4ccccc34)ccc2F)CC1,2.25,8.647817481888637,1,729.7440000000003
O=C1Nc2ccccc2/C1=C1/Nc2ccc(F)cc2/C1=N\OCCCC(=O)N1CCN(C(=O)c2cc(Cc3n[nH]c(=O)c4ccccc34)ccc2F)CC1,4.46,8.350665141287859,1,729.7440000000003
O=C1Nc2ccccc2/C1=C1/Nc2ccccc2/C1=N\OCCCC(=O)N1CCN(C(=O)c2ccc(Cc3n[nH]c(=O)c4ccccc34)cc2F)CC1,1.89,8.723538195826755,1,711.7540000000002
O=C1Nc2ccccc2C12CCN(c1nc3c(c(=O)[nH]1)CCCC3)CC2,20000.0,4.698970004336019,0,350.42200000000014
O=C1OC2(CCN(c3nc4c(c(=O)[nH]3)CCCC4)CC2)c2ccccc21,20000.0,4.698970004336019,0,351.4060000000001
O=C1Oc2ccccc2C12CCN(c1nc3c(c(=O)[nH]1)CCCC3)CC2,20000.0,4.698970004336019,0,351.4060000000002
O=C1SCCc2nc(-c3ccc(C(F)(F)F)cc3)[nH]c(=O)c21,852.5699999999999,6.0692699532554855,1,326.29900000000004
O=C1c2ccccc2C(=O)N1c1cccc(Cc2nnc(O)c3ccccc23)c1,180.0,6.7447274948966935,1,381.3910000000001
O=C1c2ccccc2C2(O)c3ccc(Br)cc3CCN12,138.5,6.858550226599533,1,330.1810000000001
O=CN1Cc2c(c3c(c4[nH]c5ccccc5c24)CCC3)C1=O,3000.0,5.522878745280337,0,290.32200000000006
O=S(=O)(CCN1CCC(N2CCCC2)CC1)N1CCc2c(nc(O)c3ccccc23)C1,349.0,6.45717457304082,1,444.6010000000002
O=S(=O)(CCN1CCC(N2CCCC2)CC1)N1CCc2nc(O)c3ccccc3c2C1,357.0,6.447331783887806,1,444.6010000000002
O=S(=O)(CCN1CCCCC1)N1CCc2c(nc(O)c3ccccc23)C1,376.0,6.424812155072339,1,375.4940000000001
O=S(=O)(CCN1CCCCC1)N1CCc2nc(O)c3ccccc3c2C1,210.0,6.6777807052660805,1,375.4940000000001
O=S(=O)(NCC(c1ccccc1)c1ccccc1)c1ccc2nc(O)c3ccccc3c2c1,14000.0,4.853871964321762,0,454.5510000000002
O=S(=O)(NCCCN1CCOCC1)c1cc2c(cc1F)-c1nc(O)c3ccccc3c1C2,10.0,8.0,1,457.52700000000016
O=S(=O)(NCCCN1CCOCC1)c1ccc2c(c1)Cc1c-2nc(O)c2ccccc12,171.4,6.76598918241282,1,439.5370000000002
O=S(=O)(NCCCNN1CCOCC1)c1cc2c(cc1F)-c1nc(O)c3ccccc3c1C2,450.0,6.346787486224656,1,472.5420000000002
O=S(=O)(NCCCc1ccccc1)c1ccc2c(c1)Cc1c-2nc(O)c2ccccc12,3000.0,5.522878745280337,0,430.5290000000002
O=S(=O)(NCCCn1ccnc1)c1ccc2c(c1)Cc1c-2nc(O)c2ccccc12,394.0,6.404503778174426,1,420.4940000000002
O=S(=O)(NCCN1CCCCC1)c1ccc2nc(O)c3ccccc3c2c1,33.0,7.481486060122112,1,385.4890000000001
O=S(=O)(O)c1ccc2c(c1)nc(O)c1cc(F)ccc12,10.0,8.0,1,293.275
O=S(=O)([O-])c1ccc2c(c1)Cc1c-2nc(O)c2ccccc12,700.0,6.154901959985743,1,312.32599999999996
O=S(=O)([O-])c1ccc2c(c1)nc(O)c1cc(S(=O)(=O)[O-])ccc12,100000.0,4.0,0,353.3330000000001
O=S(=O)(c1cc2c(cc1F)-c1nc(O)c3ccccc3c1C2)n1ccnc1,500.0,6.301029995663981,1,381.3880000000001
O=S(=O)(c1ccc(C(F)(F)F)cc1)N1C[C@@H]2CCCN3CCC[C@@H]([C@H]23)[C@H]1CCCc1nc2cc(Cl)ccc2n1S(=O)(=O)c1ccc(C(F)(F)F)cc1,14370.0,4.842543231865775,0,789.2640000000005
O=S(=O)(c1cccc2c(O)nccc12)N1CCCNCC1,27000.0,4.568636235841013,0,307.37500000000006
O=S(=O)(c1cccc2ccccc12)N1C[C@@H]2CCCN3CCC[C@@H]([C@H]23)[C@H]1CCCc1nc2cc(F)ccc2n1S(=O)(=O)c1cccc2ccccc12,13750.0,4.861697301833718,0,736.9350000000004
O=[N+]([O-])c1ccc(-c2nc(O)c3cccc(O)c3n2)cc1,105.0,6.978810700930062,1,283.243
O=[N+]([O-])c1ccc2c(c1)-c1nc(O)c3ccccc3c1C2,500.0,6.301029995663981,1,278.26700000000005
O=[N+]([O-])c1ccc2c(c1)Cc1c-2nc(O)c2ccccc12,300.0,6.522878745280337,1,278.267
O=[N+]([O-])c1ccc2c(c1)nc(O)c1cc([N+](=O)[O-])ccc12,35000.0,4.455931955649724,0,285.215
O=[N+]([O-])c1ccc2nc(O)c3ccccc3c2c1,253.0,6.5968794788241825,1,240.21800000000002
O=[N+]([O-])c1ccc2ncnc(O)c2c1,25000.0,4.6020599913279625,0,191.146
O=[N+]([O-])c1cccc2c1nc(O)c1ccccc12,6100.0,5.214670164989233,0,240.218
O=c1[nH][nH]c(=O)c2cc(OCC3CCCCC3)ccc12,100000.0,4.0,0,274.31999999999994
O=c1[nH][nH]c(=O)c2cc(OCc3ccccc3F)ccc12,100000.0,4.0,0,286.262
O=c1[nH][nH]c(=O)c2cc(OCc3ccsc3)ccc12,100000.0,4.0,0,274.301
O=c1[nH]c(-c2ccc(Br)cc2)nc2c(O)cccc12,130.0,6.886056647693163,1,317.142
O=c1[nH]c(-c2ccc(Br)cc2)nc2ccccc12,100000.0,4.0,0,301.14300000000003
O=c1[nH]c(-c2ccc(C(F)(F)F)cc2)nc2c1CCCC2,11200.0,4.950781977329818,0,294.27600000000007
O=c1[nH]c(-c2ccc(C(F)(F)F)cc2)nc2c1CCSC2,5561.705,5.254792050399915,0,312.31600000000003
O=c1[nH]c(-c2ccc(C(F)(F)F)cc2)nc2c1COCC2,19000.0,4.721246399047171,0,296.24800000000005
O=c1[nH]c(-c2ccc(C(F)(F)F)cc2)nc2c1SCCC2,10500.0,4.978810700930062,0,312.3160000000001
O=c1[nH]c(-c2ccc(C(F)(F)F)cc2)nc2ccccc12,100000.0,4.0,0,290.24399999999997
O=c1[nH]c(-c2ccc(Cl)cc2)nc2c(O)cccc12,645.0,6.1904402853647325,1,272.69100000000003
O=c1[nH]c(-c2ccc(Cl)cc2)nc2ccccc12,100000.0,4.0,0,256.692
O=c1[nH]c(-c2ccc(F)cc2)nc2c(O)cccc12,1361.0,5.866141874796665,0,256.23600000000005
O=c1[nH]c(-c2ccc(O)cc2)nc2ccccc12,6429.0,5.191856574238509,0,238.246
O=c1[nH]c(-c2ccc([N+](=O)[O-])cc2)nc2ccccc12,10000.0,5.0,0,267.244
O=c1[nH]c(-c2ccc3c(c2)OCO3)nc2ccccc12,1700.0,5.769551078621726,0,266.256
O=c1[nH]c(/C=C/c2cccc(F)c2)nc2ccccc12,480.0,6.318758762624412,1,266.275
O=c1[nH]c(=O)c2ccccc2[nH]1,8100.0,5.0915149811213505,0,162.148
O=c1[nH]c(=O)n(CCCCN2CC=C(c3ccccc3)CC2)c2cccc(F)c12,60.0,7.221848749616356,1,393.46200000000016
O=c1[nH]c(=O)n(CCCCN2CCN(c3ncccn3)CC2)c2c1CCCC2,3000.0,5.522878745280337,0,384.4840000000003
O=c1[nH]c(C2=CC(N3CC=C(c4ccc(F)cc4)CC3)CC2)nc2c(Cl)cccc12,36.0,7.443697499232712,1,421.9030000000002
O=c1[nH]c(C2=CC(N3CC=C(c4ccc(F)cc4)CC3)CC2)nc2ccccc12,18.0,7.7447274948966935,1,387.4580000000002
O=c1[nH]c(C2=CC(N3CC=C(c4ccccc4)CC3)CC2)nc2ccccc12,16.0,7.795880017344075,1,369.46800000000013
O=c1[nH]c(C2=CC(N3CC=C(c4ccccc4)CC3)CCC2)nc2ccccc12,160.0,6.795880017344075,1,383.4950000000002
O=c1[nH]c(C2=CC(N3CCN(c4ccc(Cl)cc4)CC3)CC2)nc2ccccc12,25.0,7.6020599913279625,1,406.91700000000026
O=c1[nH]c(C2=CC(N3CCN(c4ccc(F)cc4)CC3)CC2)nc2c(Cl)cccc12,25.0,7.6020599913279625,1,424.9070000000002
O=c1[nH]c(C2=C[C@@H](N3CC=C(c4ccccc4)CC3)CC2)nc2c(Cl)cccc12,15.0,7.823908740944319,1,403.9130000000002
O=c1[nH]c(C2=C[C@@H](N3CCC(c4ccc(F)cc4)CC3)CC2)nc2c(Cl)cccc12,35.0,7.455931955649724,1,423.91900000000027
O=c1[nH]c(C2=C[C@@H](N3CCC(c4ccccc4)CC3)CC2)nc2c(Cl)cccc12,8.7,8.060480747381382,1,405.92900000000014
O=c1[nH]c(C2=C[C@H](N3CC=C(c4ccccc4)CC3)CC2)nc2c(Cl)cccc12,286.0,6.543633966870957,1,403.9130000000002
O=c1[nH]c(C2=C[C@H](N3CCC(c4ccc(F)cc4)CC3)CC2)nc2c(Cl)cccc12,257.0,6.590066876668706,1,423.91900000000027
O=c1[nH]c(C2CCC(N3CCC(c4ccccc4)CC3)C2)nc2ccccc12,495.0,6.305394801066432,1,373.5000000000001
O=c1[nH]c(C2CCCC(N3CC=C(c4ccccc4)CC3)C2)nc2ccccc12,1800.0,5.7447274948966935,0,385.5110000000002
O=c1[nH]c(CCCCN2CC=C(c3ccc(F)cc3)CC2)nc2c(Cl)cccc12,13.0,7.886056647693163,1,411.9080000000002
O=c1[nH]c(CCCN2CC=C(c3ccc(Cl)cc3)CC2)nc2ccccc12,18.3,7.73754891026957,1,379.8910000000002
O=c1[nH]c(CCCN2CC=C(c3ccc(F)cc3)CC2)nc2c(Cl)cccc12,23.4,7.6307841425898575,1,397.88100000000014
O=c1[nH]c(CCCN2CC=C(c3ccc(F)cc3)CC2)nc2ccccc12,109.63333333333333,6.960057381237008,1,363.43600000000015
O=c1[nH]c(CCCN2CC=C(c3ccccc3)CC2)nc2c(Cl)cccc12,26.0,7.585026652029182,1,379.89100000000013
O=c1[nH]c(CCCN2CC=C(c3ccccc3)CC2)nc2c1CCC2,249.0,6.603800652904264,1,335.4510000000002
O=c1[nH]c(CCCN2CC=C(c3ccccc3)CC2)nc2cccc(Cl)c12,270.6666666666667,6.567565225478487,1,379.89100000000013
O=c1[nH]c(CCCN2CC=C(c3ccccc3)CC2)nc2ccccc12,17.666666666666668,7.7528453851188734,1,345.4460000000001
O=c1[nH]c(CCCN2CCC(c3ccc(Cl)cc3)CC2)nc2ccccc12,388.0,6.411168274405792,1,381.90700000000015
O=c1[nH]c(CCCN2CCC(c3ccc(F)cc3)CC2)nc2c(Cl)cccc12,30.0,7.522878745280337,1,399.8970000000002
O=c1[nH]c(CCCN2CCC(c3ccccc3)CC2)nc2c(Cl)cccc12,63.0,7.200659450546418,1,381.9070000000001
O=c1[nH]c(CCCN2CCC(c3ccccc3)CC2)nc2cccc(Cl)c12,68.0,7.167491087293763,1,381.9070000000001
O=c1[nH]c(CCCN2CCC(c3ccccc3)CC2)nc2ccccc12,48.0,7.318758762624412,1,347.4620000000001
O=c1[nH]c(CCCN2CCN(c3ccc(F)cc3)CC2)nc2ccccc12,77.0,7.113509274827518,1,366.44000000000017
O=c1[nH]c(CCCN2CCN(c3ccc(F)cc3F)CC2)nc2c(Cl)cccc12,7.0,8.154901959985743,1,418.87500000000017
O=c1[nH]c(CCCN2CCN(c3cccc(Cl)c3)CC2)nc2ccccc12,1008.0,5.996539467890494,0,382.89500000000015
O=c1[nH]c(CCCN2CCN(c3ccccc3)CC2)nc2cccc(Cl)c12,11.0,7.958607314841775,1,382.89500000000015
O=c1[nH]c(N2CC(N3CC=C(c4ccccc4)CC3)C2)nc2ccccc12,504.0,6.297569463554475,1,358.4450000000001
O=c1[nH]c(N2CCC(N3CC=C(c4ccccc4)CC3)C2)nc2ccccc12,300.0,6.522878745280337,1,372.47200000000015
O=c1[nH]c(N2CCC(N3CC=C(c4ccccc4)CC3)CC2)nc2ccccc12,131.0,6.882728704344236,1,386.4990000000002
O=c1[nH]c(N2CCC3(CC2)CN(CCO)c2cc(Cl)cc(Cl)c23)nc2c1CCCC2,20000.0,4.698970004336019,0,449.3820000000003
O=c1[nH]c(N2CCC3(CC2)CN(CCO)c2cc(F)cc(F)c23)nc2c1CCCC2,73333.33333333333,4.134698573897456,0,416.47200000000026
O=c1[nH]c(N2CCC3(CC2)CN(CCO)c2cccc(Cl)c23)nc2c1CCCC2,20000.0,4.698970004336019,0,414.93700000000024
O=c1[nH]c(N2CCC3(CC2)CN(CCO)c2cccc(F)c23)nc2c1CCCC2,20000.0,4.698970004336019,0,398.48200000000026
O=c1[nH]c(N2CCC3(CC2)CN(CCO)c2ccccc23)nc2c1CCCC2,20000.0,4.698970004336019,0,380.49200000000025
O=c1[nH]c(N2CCC3(CC2)CNc2ccccc23)nc2c1CCCC2,20000.0,4.698970004336019,0,336.43900000000025
O=c1[nH]c(N2CCC3(CC2)COc2ccccc23)nc2c1CCCC2,20000.0,4.698970004336019,0,337.42300000000023
O=c1[nH]c(N2CCC3(CC2)NCc2ccccc23)nc2c1CCCC2,20000.0,4.698970004336019,0,336.43900000000025
O=c1[nH]c(N2CCC3(CC2)OCc2ccccc23)nc2c1CCCC2,20000.0,4.698970004336019,0,337.42300000000023
O=c1[nH]c(N2CCN(Cc3ccncc3)CC2)nc2c1CCCC2,5900.0,5.229147988357856,0,325.4160000000002
O=c1[nH]c(NCCN2CCN(c3n[nH]c4ccccc34)CC2)nc2ccccc12,9.931,8.003007018109294,1,389.4630000000002
O=c1[nH]c(SCCN2CCN(CCCOc3ccc(-c4ccccc4)cc3)CC2)nc2ccccc12,2040.0,5.690369832574102,0,500.6680000000002
O=c1[nH]c(SCCN2CCN(CCCc3nc(-c4ccccc4)no3)CC2)nc2ccccc12,1480.0,5.8297382846050425,0,476.60600000000017
O=c1[nH]c(SCCN2CCN(CCSc3nc4ccccc4c(=O)[nH]3)CC2)nc2ccccc12,89.6,7.047691990337875,1,494.64600000000024
O=c1[nH]c(SCCN2CCN(c3ccccn3)CC2)nc2ccccc12,9.3,8.031517051446064,1,367.4780000000002
O=c1[nH]c([C@H]2CC[C@@H](N3CC=C(c4ccccc4)CC3)CC2)nc2ccccc12,1600.0,5.795880017344075,0,385.5110000000002
O=c1[nH]c([C@H]2CC[C@H](N3CC=C(c4ccccc4)CC3)CC2)nc2ccccc12,8400.0,5.075720713938118,0,385.5110000000002
O=c1[nH]c2c(-c3nnc(-c4ccccc4Cl)o3)cccc2c(=O)c2ccccc12,1101.0,5.9582126810282485,0,401.80900000000014
O=c1[nH]c2c(-c3nnc(/C=C/c4ccccc4)o3)cccc2c(=O)c2ccccc12,400.0,6.3979400086720375,1,393.40200000000016
O=c1[nH]c2c(-c3nnc(COc4ccccc4)o3)cccc2c(=O)c2ccccc12,99.0,7.00436480540245,1,397.39000000000016
O=c1[nH]c2c(Cc3nnn[nH]3)c3ccccc3n2c2ccccc12,12.0,7.920818753952375,1,316.32400000000007
O=c1[nH]c2c(c(-c3ccccc3)nn2-c2ccccc2)c2c1CCC2,10000.0,5.0,0,327.38700000000017
O=c1[nH]c2c(c(-c3ccccc3)nn2-c2ccccc2)c2c1CCCC2,10000.0,5.0,0,341.4140000000002
O=c1[nH]c2c(c(=O)[nH]1)C(c1cccs1)c1[nH]c(=S)[nH]c(=S)c1O2,11070.0,4.955852379121277,0,364.43300000000005
O=c1[nH]c2c(c(=O)[nH]1)C(c1cccs1)c1[nH]c(=S)n(-c3ccccc3)c(=O)c1O2,1806.805,5.743088716279004,0,424.46300000000014
O=c1[nH]c2c(nc3c4ccccc4ccn32)c2ccccc12,4110.0,5.386158178123931,0,285.30600000000004
O=c1[nH]c2c(nc3cc(Cl)ccn32)c2ccccc12,5870.0,5.231361898752385,0,269.69100000000003
O=c1[nH]c2c(nc3cc(S(=O)(=O)NCCCN4CCOCC4)ccn32)c2ccccc12,36.0,7.443697499232712,1,441.5130000000002
O=c1[nH]c2c(nc3ccc(Br)cn32)c2ccccc12,12090.0,4.917573699139228,0,314.142
O=c1[nH]c2c(nc3ccc(Cl)cn32)c2ccccc12,14850.0,4.828273546346769,0,269.69100000000003
O=c1[nH]c2c(nc3ccccn32)c2ccccc12,850.0,6.070581074285707,1,235.246
O=c1[nH]c2c(nc3cnccn32)c2ccccc12,3230.0,5.490797477668897,0,236.23400000000004
O=c1[nH]c2c(nc3ncccn32)c2ccccc12,5780.0,5.2380721615794705,0,236.23400000000004
O=c1[nH]c2cc(-c3ccc(Br)cc3)nn2c2ccccc12,700.0,6.154901959985743,1,340.18000000000006
O=c1[nH]c2cc(-c3ccc(Cl)cc3)nn2c2ccccc12,500.0,6.301029995663981,1,295.72900000000004
O=c1[nH]c2cc(-c3ccc(F)cc3)nn2c2ccccc12,1000.0,6.0,1,279.274
O=c1[nH]c2cc(-c3ccc(OC(F)(F)F)cc3)nn2c2ccccc12,1000.0,6.0,1,345.28000000000003
O=c1[nH]c2cc(-c3cccc(Br)c3)nn2c2ccccc12,600.0,6.221848749616356,1,340.18000000000006
O=c1[nH]c2cc(-c3cccc(Cl)c3)nn2c2ccccc12,500.0,6.301029995663981,1,295.72900000000004
O=c1[nH]c2cc(-c3cccc(F)c3)nn2c2ccccc12,1000.0,6.0,1,279.274
O=c1[nH]c2cc(-c3ccccc3)nn2c2ccccc12,100.0,7.0,1,261.28400000000005
O=c1[nH]c2cc(-c3ccco3)nn2c2ccccc12,200.0,6.698970004336019,1,251.245
O=c1[nH]c2cc(-c3cccs3)nn2c2ccccc12,150.0,6.823908740944319,1,267.31300000000005
O=c1[nH]c2cc(-c3nnn[nH]3)ccc2c2ccccc12,30.0,7.522878745280337,1,263.26000000000005
O=c1[nH]c2cc(C3CCCCC3)nn2c2ccccc12,200.0,6.698970004336019,1,267.332
O=c1[nH]c2cc(CN3C4CCC3CN(c3ccc(Cl)nn3)C4)ccc2c2c1CCCN2,4.82,8.31695296176115,1,436.94700000000023
O=c1[nH]c2cc(CN3C4CCC3CN(c3cnccn3)C4)ccc2c2c1CCCN2,8.23,8.08460016478773,1,402.50200000000024
O=c1[nH]c2cc(CN3CCCC3)ccc2c2c1CCCN2,410.0,6.3872161432802645,1,283.37499999999994
O=c1[nH]c2cc(CN3CCCCC3)ccc2c2c1CCCN2,130.0,6.886056647693163,1,297.402
O=c1[nH]c2cc(CN3CCN(c4cc(C(F)(F)F)ccn4)CC3)ccc2c2c1CCCN2,28.6,7.543633966870957,1,443.4730000000003
O=c1[nH]c2cc(CN3CCN(c4ccc(C(F)(F)F)c(Cl)c4)CC3)ccc2c2c1CCCN2,180.0,6.7447274948966935,1,476.93000000000035
O=c1[nH]c2cc(CN3CCN(c4ccc(C(F)(F)F)cc4)CC3)ccc2c2c1CCCN2,17.4,7.7594507517174005,1,442.4850000000003
O=c1[nH]c2cc(CN3CCN(c4ccc(C(F)(F)F)cc4Cl)CC3)ccc2c2c1CCCN2,112.0,6.950781977329818,1,476.93000000000035
O=c1[nH]c2cc(CN3CCN(c4ccc(C(F)(F)F)cn4)CC3)ccc2c2c1CCCN2,14.0,7.853871964321762,1,443.4730000000003
O=c1[nH]c2cc(CN3CCN(c4ccc(Cl)cn4)CC3)cc(F)c2c2c1CCCN2,159.0,6.798602875679548,1,427.9110000000003
O=c1[nH]c2cc(CN3CCN(c4ccc(Cl)cn4)CC3)ccc2c2c1CCCN2,4.81,8.317854923626168,1,409.9210000000003
O=c1[nH]c2cc(CN3CCN(c4ccc(Cl)nn4)CC3)cc(F)c2c2c1CCCN2,4.65,8.332547047110046,1,428.8990000000003
O=c1[nH]c2cc(CN3CCN(c4ccc(Cl)nn4)CC3)ccc2c2c1CCCN2,3.25,8.488116639021126,1,410.9090000000003
O=c1[nH]c2cc(CN3CCN(c4ccc(F)cc4)CC3)cc(F)c2c2c1CCCN2,7.94,8.100179497572904,1,410.4680000000003
O=c1[nH]c2cc(CN3CCN(c4ccc(F)cc4)CC3)ccc2c2c1CCCN2,6.49,8.18775530319963,1,392.4780000000003
O=c1[nH]c2cc(CN3CCN(c4ccc(F)cn4)CC3)cc(CO)c2c2c1CCCN2,11.5,7.939302159646388,1,423.49200000000036
O=c1[nH]c2cc(CN3CCN(c4ccc(F)cn4)CC3)cc(F)c2c2c1CCCN2,8.47,8.072116589669292,1,411.4560000000003
O=c1[nH]c2cc(CN3CCN(c4ccc(F)cn4)CC3)cnc2cc1C1CC1,3.162,8.500038134403809,1,379.43900000000025
O=c1[nH]c2cc(CN3CCN(c4ccc([N+](=O)[O-])c(F)c4)CC3)ccc2c2c1CCCN2,4.82,8.31695296176115,1,437.4750000000003
O=c1[nH]c2cc(CN3CCN(c4ccc([N+](=O)[O-])cc4F)CC3)cc(F)c2c2c1CCCN2,7.46,8.127261172527332,1,455.4650000000003
O=c1[nH]c2cc(CN3CCN(c4ccc([N+](=O)[O-])cc4F)CC3)ccc2c2c1CCCN2,1.95,8.709965388637482,1,437.4750000000003
O=c1[nH]c2cc(CN3CCN(c4ccc5[nH]ncc5c4)CC3)ccc2c2c1CCCN2,5.65,8.247951552180561,1,414.5130000000003
O=c1[nH]c2cc(CN3CCN(c4ccc5c(n4)OCC5)CC3)ccc2c2c1CCCN2,20.4,7.690369832574102,1,417.5130000000003
O=c1[nH]c2cc(CN3CCN(c4ccc5cc[nH]c5c4)CC3)ccc2c2c1CCCN2,2.49,8.603800652904264,1,413.5250000000003
O=c1[nH]c2cc(CN3CCN(c4ccc5cn[nH]c5c4)CC3)ccc2c2c1CCCN2,4.86,8.313363730737706,1,414.5130000000003
O=c1[nH]c2cc(CN3CCN(c4ccc5oncc5c4)CC3)ccc2c2c1CCCN2,44.8,7.348721986001856,1,415.4970000000003
O=c1[nH]c2cc(CN3CCN(c4ccccn4)CC3)cc(CO)c2c2c1CCCN2,9.13,8.039529222465701,1,405.5020000000003
O=c1[nH]c2cc(CN3CCN(c4ccccn4)CC3)cc(F)c2c2c1CCCN2,7.24,8.140261433802854,1,393.46600000000024
O=c1[nH]c2cc(CN3CCN(c4ccccn4)CC3)ccc2c2c1CCCN2,14.1,7.85078088734462,1,375.4760000000002
O=c1[nH]c2cc(CN3CCN(c4cnccn4)CC3)cc(F)c2c2c1CCCN2,7.33,8.134896025358872,1,394.45400000000024
O=c1[nH]c2cc(CN3CCN(c4cnccn4)CC3)ccc2c2c1CCCN2,4.92,8.30803489723264,1,376.4640000000002
O=c1[nH]c2cc(CN3CCN(c4nc5cc(Cl)ccc5o4)CC3)ccc2c2c1CCCN2,15.9,7.798602875679548,1,449.94200000000035
O=c1[nH]c2cc(CN3CCN(c4nc5cccnc5o4)CC3)ccc2c2c1CCCN2,29.3,7.533132379645891,1,416.4850000000003
O=c1[nH]c2cc(CN3CCN(c4nc5ncccc5o4)CC3)ccc2c2c1CCCN2,77.4,7.111259039317107,1,416.4850000000003
O=c1[nH]c2cc(CN3CCN(c4ncc(Cl)cc4Cl)CC3)ccc2c2c1CCCN2,12.9,7.889410289700751,1,444.36600000000027
O=c1[nH]c2cc(CN3CCN(c4ncccc4C(F)(F)F)CC3)ccc2c2c1CCCN2,13.5,7.8696662315049934,1,443.4730000000003
O=c1[nH]c2cc(CN3CCN(c4nccs4)CC3)ccc2c2c1CCCN2,5.04,8.297569463554474,1,381.5050000000002
O=c1[nH]c2cc(CN3CCOCC3)ccc2c2c1CCCN2,620.0,6.2076083105017466,1,299.374
O=c1[nH]c2cc(CN3C[C@@H]4C[C@H]3CN4c3ccc(Cl)nn3)cc(F)c2c2c1CCCN2,43.5,7.361510743045363,1,440.91000000000025
O=c1[nH]c2cc(CN3C[C@@H]4C[C@H]3CN4c3ccc([N+](=O)[O-])cc3F)ccc2c2c1CCCN2,10.2,7.991399828238082,1,449.4860000000003
O=c1[nH]c2cc(CN3C[C@@H]4C[C@H]3CN4c3cnccn3)cc(F)c2c2c1CCCN2,81.7,7.087777943467584,1,406.4650000000002
O=c1[nH]c2cc(CNCC(F)(F)F)ccc2c2c1CCCN2,4000.0,5.3979400086720375,0,311.3070000000001
O=c1[nH]c2cc(CO)ccc2c2sccc12,400.0,6.3979400086720375,1,231.27599999999998
O=c1[nH]c2cc(Cc3nnn[nH]3)ccc2c2c1CCCN2,490.0,6.309803919971486,1,282.307
O=c1[nH]c2cc(Cn3cccc3)ccc2c2c1CCCN2,1540.0,5.812479279163537,0,279.343
O=c1[nH]c2cc(Cn3ccnc3)ccc2c2c1CCCN2,540.0,6.267606240177032,1,280.331
O=c1[nH]c2cc(OCCN3CCCCC3)ccc2c2c1CCCN2,3540.0,5.450996737974212,0,327.42800000000005
O=c1[nH]c2ccc(CCCN3CC=C(c4ccccc4)CC3)cc2c2ccccc12,82.5,7.0835460514500745,1,394.51800000000014
O=c1[nH]c2ccc(CCN3CC=C(c4ccccc4)CC3)cc2c2ccccc12,46.0,7.337242168318426,1,380.49100000000016
O=c1[nH]c2ccc(O)cc2c2c1CSCC2,99.0,7.00436480540245,1,233.29199999999992
O=c1[nH]c2ccc(OC3CCCNC3)cc2c2c1CSCC2,28.0,7.552841968657781,1,316.42600000000004
O=c1[nH]c2ccc(OC3CCN(CCN4CCCCC4)CC3)cc2c2c1CSCC2,173.0,6.761953896871205,1,427.61400000000026
O=c1[nH]c2ccc(OC3CCN(CCO)CC3)cc2c2c1CSCC2,29.0,7.5376020021010435,1,360.4790000000001
O=c1[nH]c2ccc(OC3CCN(CCc4ccccc4)CC3)cc2c2c1CSCC2,38.0,7.42021640338319,1,420.57800000000026
O=c1[nH]c2ccc(OC3CCN(Cc4ccccc4)CC3)cc2c2c1CSCC2,53.0,7.275724130399211,1,406.5510000000003
O=c1[nH]c2ccc(OC3CCN(c4ccccc4)CC3)cc2c2c1CSCC2,695.0,6.158015195409886,1,392.5240000000002
O=c1[nH]c2ccc(OCCCCN3CCCCC3)cc2c2c1CCCN2,2850.0,5.54515513999149,0,355.4820000000001
O=c1[nH]c2ccc(OCCCN3CCCCC3)cc2c2c1CCCN2,4000.0,5.3979400086720375,0,341.4550000000001
O=c1[nH]c2ccc(OCCN3CCC(c4ccccc4)CC3)cc2c2c1CCCN2,1430.0,5.844663962534939,0,403.52600000000024
O=c1[nH]c2ccc(OCCN3CCCCC3)cc2c2c1CCCN2,460.0,6.337242168318426,1,327.42800000000005
O=c1[nH]c2ccc(OCCN3CCNCC3)cc2c2c1CCCN2,1480.0,5.8297382846050425,0,328.4160000000001
O=c1[nH]c2ccc(OCCN3CCOCC3)cc2c2c1CCCN2,2640.0,5.578396073130169,0,329.4000000000001
O=c1[nH]c2ccc(OCCO)cc2c2c1CCCN2,1080.0,5.966576244513051,0,260.2929999999999
O=c1[nH]c2ccc(OCCc3ccccc3)cc2c2c1CCCN2,4000.0,5.3979400086720375,0,320.3920000000001
O=c1[nH]c2ccccc2c2ccccc12,377.14285714285717,6.423494113144426,1,195.22099999999998
O=c1[nH]c2cccnc2c2ccccc12,116.0,6.935542010773082,1,196.209
O=c1[nH]c2sccc2c2ccccc12,900.0,6.045757490560675,1,201.25
O=c1[nH]cc(-c2ccccc2)c2ccccc12,890.0,6.050609993355087,1,221.25900000000001
O=c1[nH]ccc2c(Br)cccc12,270.0,6.568636235841013,1,224.057
O=c1[nH]cnc2c(C(F)(F)F)cccc12,25000.0,4.6020599913279625,0,214.146
O=c1[nH]cnc2c(Cl)cccc12,5650.0,5.247951552180561,0,180.59400000000002
O=c1[nH]cnc2c(F)cccc12,18770.0,4.7265357273786535,0,164.139
O=c1[nH]cnc2cc(C(F)(F)F)ccc12,7500.0,5.1249387366083,0,214.14599999999996
O=c1[nH]cnc2ccc(Cl)cc12,10980.0,4.959397659885927,0,180.59399999999997
O=c1[nH]cnc2ccc(F)cc12,9010.0,5.045275209020937,0,164.13899999999998
O=c1[nH]cnc2ccc(I)cc12,25000.0,4.6020599913279625,0,272.045
O=c1[nH]cnc2ccc(O)cc12,25000.0,4.6020599913279625,0,162.148
O=c1[nH]cnc2cccc(Cl)c12,3190.0,5.496209316942819,0,180.59399999999997
O=c1[nH]cnc2cccc(F)c12,7040.0,5.152427340857888,0,164.13899999999995
O=c1[nH]cnc2ccccc12,10350.0,4.985059650207063,0,146.14899999999997
O=c1[nH]nc(C(O)c2ccc(F)c(P3(=O)CCN(Cc4ccccc4)CC3)c2)c2ccccc12,100.0,7.0,1,477.47600000000017
O=c1[nH]nc(C(O)c2ccc(F)c(P3(=O)CCN(c4ncccn4)CC3)c2)c2ccccc12,100.0,7.0,1,465.4250000000001
O=c1[nH]nc(CCCCN2CC=C(c3ccccc3)CC2)c2ccccc12,64.0,7.1938200260161125,1,359.4730000000001
O=c1[nH]nc(Cc2ccc(F)c(P3(=O)CCN(C4CC4)CC3)c2)c2ccc(F)cc12,100.0,7.0,1,429.40700000000015
O=c1[nH]nc(Cc2ccc(F)c(P3(=O)CCN(C4CC4)CC3)c2)c2ccccc12,100.0,7.0,1,411.41700000000014
O=c1[nH]nc(Cc2ccc(F)c(P3(=O)CCN(C4CCC4)CC3)c2)c2ccccc12,100.0,7.0,1,425.4440000000002
O=c1[nH]nc(Cc2ccc(F)c(P3(=O)CCN(CC(F)(F)F)CC3)c2)c2ccccc12,100.0,7.0,1,453.3760000000001
O=c1[nH]nc(Cc2ccc(F)c(P3(=O)CCN(CC4CC4)CC3)c2)c2ccccc12,100.0,7.0,1,425.4440000000002
O=c1[nH]nc(Cc2ccc(F)c(P3(=O)CCN(Cc4ccccc4)CC3)c2)c2ccc(F)cc12,100.0,7.0,1,479.46700000000016
O=c1[nH]nc(Cc2ccc(F)c(P3(=O)CCN(Cc4ccccc4)CC3)c2)c2ccccc12,100.0,7.0,1,461.47700000000015
O=c1[nH]nc(Cc2ccc(F)c(P3(=O)CCN(c4cc(C(F)(F)F)ccn4)CC3)c2)c2ccccc12,100.0,7.0,1,516.4350000000001
O=c1[nH]nc(Cc2ccc(F)c(P3(=O)CCN(c4cc(Cl)ncn4)CC3)c2)c2ccccc12,100.0,7.0,1,483.8710000000001
O=c1[nH]nc(Cc2ccc(F)c(P3(=O)CCN(c4ccc(C(F)(F)F)cn4)CC3)c2)c2ccccc12,100.0,7.0,1,516.4350000000001
O=c1[nH]nc(Cc2ccc(F)c(P3(=O)CCN(c4ccc(Cl)nn4)CC3)c2)c2ccccc12,100.0,7.0,1,483.8710000000001
O=c1[nH]nc(Cc2ccc(F)c(P3(=O)CCN(c4cccc(C(F)(F)F)n4)CC3)c2)c2ccccc12,550.0,6.259637310505756,1,516.4350000000001
O=c1[nH]nc(Cc2ccc(F)c(P3(=O)CCN(c4cccc(F)n4)CC3)c2)c2ccccc12,100.0,7.0,1,466.4280000000001
O=c1[nH]nc(Cc2ccc(F)c(P3(=O)CCN(c4ccccn4)CC3)c2)c2ccccc12,100.0,7.0,1,448.4380000000001
O=c1[nH]nc(Cc2ccc(F)c(P3(=O)CCN(c4ccnc(Cl)n4)CC3)c2)c2ccccc12,100.0,7.0,1,483.87100000000015
O=c1[nH]nc(Cc2ccc(F)c(P3(=O)CCN(c4ncc(C(F)(F)F)cc4Cl)CC3)c2)c2ccccc12,550.0,6.259637310505756,1,550.8800000000001
O=c1[nH]nc(Cc2ccc(F)c(P3(=O)CCN(c4ncc(Cl)cn4)CC3)c2)c2ccccc12,100.0,7.0,1,483.87100000000015
O=c1[nH]nc(Cc2ccc(F)c(P3(=O)CCN(c4ncc(F)cc4F)CC3)c2)c2ccccc12,100.0,7.0,1,484.4180000000001
O=c1[nH]nc(Cc2ccc(F)c(P3(=O)CCN(c4ncc5ccccc5n4)CC3)c2)c2ccccc12,100.0,7.0,1,499.48600000000016
O=c1[nH]nc(Cc2ccc(F)c(P3(=O)CCN(c4nccc(Cl)n4)CC3)c2)c2ccccc12,100.0,7.0,1,483.87100000000015
O=c1[nH]nc(Cc2ccc(F)c(P3(=O)CCN(c4ncccc4C(F)(F)F)CC3)c2)c2ccccc12,550.0,6.259637310505756,1,516.4350000000001
O=c1[nH]nc(Cc2ccc(F)c(P3(=O)CCN(c4ncccc4F)CC3)c2)c2ccccc12,100.0,7.0,1,466.4280000000001
O=c1[nH]nc(Cc2ccc(F)c(P3(=O)CCN(c4ncccn4)CC3)c2)c2ccc(F)cc12,100.0,7.0,1,467.4160000000001
O=c1[nH]nc(Cc2ccc(F)c(P3(=O)CCN(c4ncccn4)CC3)c2)c2ccccc12,100.0,7.0,1,449.4260000000001
O=c1[nH]nc(Cc2ccc(F)c(P3(=O)CCN(c4ncnc5ccccc45)CC3)c2)c2ccccc12,100.0,7.0,1,499.48600000000016
O=c1[nH]nc(Cc2ccccc2)c2c(O)cccc12,9.76,8.010550182333308,1,252.273
O=c1[nH]nc(Cc2ccccc2)c2cc(O)ccc12,948.0,6.023191662661934,1,252.273
O=c1[nH]nc(Cc2ccccc2)c2ccc(O)cc12,2100.0,5.6777807052660805,0,252.273
O=c1[nH]nc(Cc2ccccc2)c2ccccc12,643.6,6.191383964573008,1,236.274
O=c1[nH]nc2c3c(c(Br)ccc13)NC1=C2CCCC1,17.0,7.769551078621726,1,318.17400000000015
O=c1[nH]nc2c3c(c(Br)ccc13)NC1=C2CCCCC1,67.0,7.173925197299173,1,332.2010000000002
O=c1[nH]nc2c3c(c(Cl)ccc13)NC1=C2CCCC1,10.3,7.987162775294828,1,273.72300000000007
O=c1[nH]nc2c3c(c(Cl)ccc13)NC1=C2CCCCC1,52.5,7.279840696594043,1,287.7500000000001
O=c1[nH]nc2c3c(cccc13)N=C(CN1CC=C(c3ccc(F)cc3)CC1)N2,6.0,8.221848749616356,1,375.40700000000004
O=c1[nH]nc2c3c(cccc13)N=C(CN1CC=C(c3ccccc3)CC1)N2,12.0,7.920818753952375,1,357.41700000000003
O=c1[nH]nc2c3c(cccc13)N=C(CN1CCC(Cc3ccccc3)CC1)N2,35.0,7.455931955649724,1,373.46000000000004
O=c1[nH]nc2c3c(cccc13)N=C(CN1CCC(O)CC1)N2,35.0,7.455931955649724,1,299.334
O=c1[nH]nc2c3c(cccc13)N=C(CN1CCC(c3c[nH]c4ccccc34)CC1)N2,13.0,7.886056647693163,1,398.4700000000001
O=c1[nH]nc2c3c(cccc13)N=C(CN1CCC(c3ccccc3)CC1)N2,19.0,7.721246399047171,1,359.43300000000005
O=c1[nH]nc2c3c(cccc13)N=C(CN1CCC3(CC1)OCCO3)N2,20.0,7.698970004336019,1,341.3710000000001
O=c1[nH]nc2c3c(cccc13)N=C(CN1CCCN(Cc3ccc(F)cc3)CC1)N2,26.0,7.585026652029182,1,406.4650000000001
O=c1[nH]nc2c3c(cccc13)N=C(CN1CCCN(Cc3ccccc3)CC1)N2,39.0,7.4089353929735005,1,388.4750000000001
O=c1[nH]nc2c3c(cccc13)N=C(CN1CCCN(S(=O)(=O)c3ccc(-c4ccccc4)cc3)CC1)N2,22.0,7.657577319177793,1,514.6110000000002
O=c1[nH]nc2c3c(cccc13)N=C(CN1CCCN(S(=O)(=O)c3ccc(Cl)cc3)CC1)N2,24.0,7.619788758288394,1,472.9580000000001
O=c1[nH]nc2c3c(cccc13)N=C(CN1CCCN(S(=O)(=O)c3cccc(C(F)(F)F)c3)CC1)N2,11.0,7.958607314841775,1,506.5100000000001
O=c1[nH]nc2c3c(cccc13)N=C(CN1CCCN(S(=O)(=O)c3cccc(F)c3)CC1)N2,27.0,7.568636235841013,1,456.5030000000001
O=c1[nH]nc2c3c(cccc13)N=C(CN1CCCN(S(=O)(=O)c3ccccc3)CC1)N2,20.0,7.698970004336019,1,438.5130000000001
O=c1[nH]nc2c3c(cccc13)N=C(CN1CCCNCC1)N2,41.0,7.3872161432802645,1,298.35
O=c1[nH]nc2c3c(cccc13)N=C(CN1CCN(Cc3ccccc3)CC1)N2,39.0,7.4089353929735005,1,374.44800000000004
O=c1[nH]nc2c3c(cccc13)N=C(CN1CCN(S(=O)(=O)c3ccc(Cl)cc3)CC1)N2,18.0,7.7447274948966935,1,458.93100000000015
O=c1[nH]nc2c3c(cccc13)N=C(CN1CCN(S(=O)(=O)c3ccc(F)cc3)CC1)N2,27.0,7.568636235841013,1,442.4760000000001
O=c1[nH]nc2c3c(cccc13)N=C(CN1CCN(S(=O)(=O)c3cccc(C(F)(F)F)c3)CC1)N2,14.0,7.853871964321762,1,492.4830000000001
O=c1[nH]nc2c3c(cccc13)N=C(CN1CCN(S(=O)(=O)c3cccc(F)c3)CC1)N2,15.0,7.823908740944319,1,442.4760000000001
O=c1[nH]nc2c3c(cccc13)N=C(CN1CCN(S(=O)(=O)c3ccccc3)CC1)N2,23.0,7.638272163982407,1,424.4860000000001
O=c1[nH]nc2c3c(cccc13)N=C(CN1CCN(c3ccc(Cl)cc3)CC1)N2,9.0,8.045757490560675,1,394.8660000000001
O=c1[nH]nc2c3c(cccc13)N=C(CN1CCN(c3ccc(F)cc3)CC1)N2,31.0,7.508638306165727,1,378.41100000000006
O=c1[nH]nc2c3c(cccc13)N=C(CN1CCN(c3ccccc3)CC1)N2,23.0,7.638272163982407,1,360.42100000000005
O=c1[nH]nc2c3c(cccc13)N=C(CN1CCN(c3ccccn3)CC1)N2,13.0,7.886056647693163,1,361.40900000000005
O=c1[nH]nc2c3c(cccc13)N=C(CN1CCN(c3ccncc3)CC1)N2,15.0,7.823908740944319,1,361.40900000000005
O=c1[nH]nc2c3c(cccc13)N=C(CN1CCc3ccccc3C1)N2,21.0,7.6777807052660805,1,331.379
O=c1[nH]nc2c3c(cccc13)N=C(CN1Cc3ccccc3C1)N2,3.1666666666666665,8.499397649430815,1,317.35200000000003
O=c1[nH]nc2c3c(cccc13)N=C(CNC1CN3CCC1CC3)N2,35.0,7.455931955649724,1,324.3880000000001
O=c1[nH]nc2c3c(cccc13)N=C(CNCCc1ccc(Cl)c(Cl)c1)N2,17.0,7.769551078621726,1,388.25800000000004
O=c1[nH]nc2c3c(cccc13)N=C(CNCCc1cccc(C(F)(F)F)c1)N2,18.0,7.7447274948966935,1,387.36499999999995
O=c1[nH]nc2c3c(cccc13)N=C(CNCCc1cccc(F)c1)N2,32.0,7.494850021680094,1,337.35799999999995
O=c1[nH]nc2c3c(cccc13)N=C(CNCCc1ccccc1)N2,44.0,7.356547323513812,1,319.36799999999994
O=c1[nH]nc2c3c(cccc13)N=C(CNCCc1ccccc1F)N2,28.0,7.552841968657781,1,337.35799999999995
O=c1[nH]nc2c3c(cccc13)N=C(CNCCc1ccncc1)N2,38.0,7.42021640338319,1,320.35599999999994
O=c1[nH]nc2c3c(cccc13)N=C(CNCc1ccc(Cl)c(Cl)c1)N2,18.0,7.7447274948966935,1,374.231
O=c1[nH]nc2c3c(cccc13)N=C(CNCc1cccc(C(F)(F)F)c1)N2,21.0,7.6777807052660805,1,373.33799999999997
O=c1[nH]nc2c3c(cccc13)N=C(CNS(=O)(=O)c1ccccc1)N2,26.5,7.576754126063192,1,355.379
O=c1[nH]nc2c3c(cccc13)N=C(COc1ccccc1)N2,19.0,7.721246399047171,1,292.29799999999994
O=c1[nH]nc2c3c(cccc13)N=C(c1ccc3c(c1)OCO3)N2,91.4,7.039053804266168,1,306.28100000000006
O=c1[nH]nc2c3c(cccc13)N=C(c1ccccc1)N2,148.0,6.8297382846050425,1,262.272
O=c1[nH]nc2c3c(cccc13)N=C1CN(Cc3ccccc3)CCN12,58.7,7.231361898752385,1,331.3790000000001
O=c1[nH]nc2c3c(cccc13)N=C1CNCCN12,90.5,7.043351420794797,1,241.25399999999996
O=c1[nH]nc2c3c(cccc13)NC(c1ccc(CN3CCC3)cc1)C2c1ccc(F)cc1,3.09,8.510041520575164,1,426.4950000000002
O=c1[nH]nc2c3c(cccc13)NC(c1ccc(CN3CCC3)cc1)C2c1ccccc1,3.63,8.440093374963887,1,408.50500000000017
O=c1[nH]nc2c3c(cccc13)NC(c1ccc(CN3CCCC3)cc1)C2c1ccc(F)cc1,2.02,8.694648630553376,1,440.5220000000002
O=c1[nH]nc2c3c(cccc13)NC(c1ccc(CN3CCCC3)cc1)C2c1ccccc1,4.02,8.39577394691553,1,422.5320000000002
O=c1[nH]nc2c3c(cccc13)NC(c1ccc(F)cc1)C2c1nccs1,7.35,8.133712660915805,1,364.40500000000003
O=c1[nH]nc2c3c(cccc13)NC(c1ccccc1)C2c1ccccc1,6.1,8.214670164989233,1,339.3980000000001
O=c1[nH]nc2c3c(cccc13)NC(c1ccccn1)C2c1ccccn1,108.0,6.966576244513051,1,341.3740000000001
O=c1[nH]nc2c3c(cccc13)NC(c1cccnc1)C2C1CCCNC1,105.0,6.978810700930062,1,347.4220000000002
O=c1[nH]nc2c3c(cccc13)NC(c1cccnc1)C2c1cccnc1,17.7,7.752026733638194,1,341.3740000000001
O=c1[nH]nc2c3c(cccc13)NC(c1ccncc1)C2c1ccncc1,22.4,7.649751981665837,1,341.3740000000001
O=c1[nH]nc2c3c(cccc13)NC1=C2CCC1,6.0,8.221848749616356,1,225.25099999999995
O=c1[nH]nc2c3c(cccc13)NC1=C2CCCC1,6.1,8.214670164989233,1,239.27799999999993
O=c1[nH]nc2c3c(cccc13)NC1=C2CCCCC1,4.9,8.309803919971486,1,253.30499999999992
O=c1[nH]nc2c3c(cccc13)NC1=C2CCCCCC1,5.9,8.229147988357855,1,267.33199999999994
O=c1[nH]nc2c3c(cccc13)NC1=C2CCN(Cc2ccccc2)C1,8.7,8.060480747381382,1,330.391
O=c1[nH]nc2c3c(cccc13)NC1=C2CCNC1,7.6,8.119186407719209,1,240.26599999999996
O=c1[nH]nc2c3c(cccc13)NC1=C2c2ccccc2CC1,54.6,7.262807357295262,1,287.3220000000001
O=c1[nH]nc2c3c(cccc13)N[C@@H](c1ccc(CN3CCC3)cc1)[C@@H]2c1ccc(F)cc1,5.6,8.2518119729938,1,426.4950000000002
O=c1[nH]nc2c3c(cccc13)N[C@H](c1ccc(CN3CCC3)cc1)[C@H]2c1ccc(F)cc1,1.1,8.958607314841775,1,426.4950000000002
O=c1[nH]nc2c3c(cccc13)Oc1ccc(CN3CC(O)C3)cc1-2,30.0,7.522878745280337,1,321.336
O=c1[nH]nc2c3c(cccc13)Oc1ccc(CN3CCC(CCO)CC3)cc1-2,100.0,7.0,1,377.4440000000002
O=c1[nH]nc2c3c(cccc13)Oc1ccc(CN3CCC(O)C3)cc1-2,100.0,7.0,1,335.36300000000006
O=c1[nH]nc2c3c(cccc13)Oc1ccc(CN3CCC(O)CC3)cc1-2,1520.0,5.818156412055227,0,349.3900000000001
O=c1[nH]nc2c3c(cccc13)Oc1ccc(CN3CCC4(CC3)OCCO4)cc1-2,100.0,7.0,1,391.42700000000025
O=c1[nH]nc2c3c(cccc13)Oc1ccc(CN3CCCC(O)C3)cc1-2,50.0,7.301029995663981,1,349.3900000000001
O=c1[nH]nc2c3c(cccc13)Oc1ccc(CN3CCN(c4ncccn4)CC3)cc1-2,30.0,7.522878745280337,1,412.45300000000015
O=c1[nH]nc2c3c(cccc13)Oc1ccc(CNC3CCC(O)CC3)cc1-2,30.0,7.522878745280337,1,363.4170000000002
O=c1[nH]nc2c3c(cccc13)Oc1ccc(CNCCN3CCOCC3)cc1-2,50.0,7.301029995663981,1,378.43200000000024
O=c1c(O)c(-c2ccc(O)c(-c3c(O)cc(O)c4c(=O)cc(-c5ccc(O)cc5)oc34)c2)oc2cc(OS(=O)(=O)O)cc(O)c12,510.0,6.292429823902063,1,634.5270000000004
O=c1c(O)c(-c2ccc(O)c(-c3c(O)cc(O)c4c(=O)cc(-c5ccc(OS(=O)(=O)O)cc5)oc34)c2)oc2cc(O)cc(O)c12,170.0,6.769551078621726,1,634.5270000000003
O=c1c(O)c(-c2ccc(O)c(-c3c(O)cc(O)c4c(=O)cc(-c5ccc(OS(=O)(=O)O)cc5)oc34)c2)oc2cc(OS(=O)(=O)O)cc(O)c12,240.0,6.619788758288394,1,714.5910000000003
O=c1cc(-c2ccc(F)cc2)oc2cc(-c3ccoc3)ccc12,74.6,7.127261172527331,1,306.29200000000003
O=c1cc(-c2ccc(F)cc2)oc2ccccc12,9950.0,5.002176919254275,0,240.233
O=c1cc(-c2ccc(O)c(-c3c(O)cc(O)c4c(=O)cc(-c5ccc(O)cc5)oc34)c2)oc2cc(O)cc(O)c12,126.2,6.898940645091884,1,538.4640000000002
O=c1cc(-c2ccc(O)c(O)c2)oc2cc(O)cc(O)c12,4232.9,5.373361991379801,0,286.23900000000003
O=c1cc(-c2ccc(O)c(O)c2)oc2cc(O)ccc12,7542.889999999999,5.122462225671481,0,270.24
O=c1cc(-c2ccc(O)c(O)c2)oc2ccccc12,1279.4650000000001,5.8929715898196005,0,254.24099999999999
O=c1cc(-c2ccc(O)cc2)oc2c(CN3CC=C(c4ccccc4)CC3)c(O)cc(O)c12,139.5,6.855425792390384,1,441.4830000000002
O=c1cc(-c2ccc(O)cc2)oc2c(CN3CCC(CO)CC3)c(O)cc(O)c12,80.2,7.095825631715837,1,397.42700000000013
O=c1cc(-c2ccc(O)cc2)oc2c(CN3CCC(c4ccccc4)CC3)c(O)cc(O)c12,71.9,7.1432711096171175,1,443.49900000000014
O=c1cc(-c2ccc(O)cc2)oc2c(CN3CCN(CC4CC4)CC3)c(O)cc(O)c12,54.6,7.262807357295262,1,422.4810000000002
O=c1cc(-c2ccc(O)cc2)oc2c(CN3CCN(CC4CCCCC4)CC3)c(O)cc(O)c12,58.3,7.2343314452409855,1,464.56200000000035
O=c1cc(-c2ccc(O)cc2)oc2c(CN3CCN(CC4CCCO4)CC3)c(O)cc(O)c12,40.4,7.393618634889395,1,452.5070000000003
O=c1cc(-c2ccc(O)cc2)oc2c(CN3CCN(Cc4ccc(C(F)(F)F)cc4)CC3)c(O)cc(O)c12,29.8,7.525783735923745,1,526.5110000000002
O=c1cc(-c2ccc(O)cc2)oc2c(CN3CCN(Cc4ccc(Cl)cc4)CC3)c(O)cc(O)c12,31.6,7.5003129173815966,1,492.95900000000023
O=c1cc(-c2ccc(O)cc2)oc2c(CN3CCN(Cc4ccc(F)cc4)CC3)c(O)cc(O)c12,34.5,7.462180904926726,1,476.5040000000002
O=c1cc(-c2ccc(O)cc2)oc2c(CN3CCN(Cc4ccco4)CC3)c(O)cc(O)c12,17.9,7.747146969020107,1,448.4750000000002
O=c1cc(-c2ccc(O)cc2)oc2c(CN3CCN(Cc4cccs4)CC3)c(O)cc(O)c12,14.7,7.8326826652518236,1,464.5430000000002
O=c1cc(-c2ccc(O)cc2)oc2c(CN3CCN(Cc4ccncc4)CC3)c(O)cc(O)c12,19.8,7.703334809738469,1,459.5020000000002
O=c1cc(-c2ccc(O)cc2)oc2c(CN3CCN(Cc4ccoc4)CC3)c(O)cc(O)c12,43.8,7.3585258894959,1,448.4750000000002
O=c1cc(-c2ccc(O)cc2)oc2c(CN3CCN(Cc4ccsc4)CC3)c(O)cc(O)c12,49.8,7.302770657240282,1,464.5430000000002
O=c1cc(-c2ccc(O)cc2)oc2c(CN3CCN(c4ccc(C(F)(F)F)cc4)CC3)c(O)cc(O)c12,49.8,7.302770657240282,1,512.4840000000002
O=c1cc(-c2ccc(O)cc2)oc2c(CN3CCN(c4ccc(Cl)cc4)CC3)c(O)cc(O)c12,60.8,7.216096420727265,1,478.9320000000002
O=c1cc(-c2ccc(O)cc2)oc2c(CN3CCN(c4ccc(F)cc4)CC3)c(O)cc(O)c12,51.4,7.289036881004725,1,462.47700000000015
O=c1cc(-c2ccc(O)cc2)oc2c(CN3CCN(c4ccc(O)cc4)CC3)c(O)cc(O)c12,39.7,7.401209493236885,1,460.48600000000016
O=c1cc(-c2ccc(O)cc2)oc2c(CN3CCN(c4ccccc4)CC3)c(O)cc(O)c12,35.6,7.448550002027125,1,444.48700000000014
O=c1cc(-c2ccc(O)cc2)oc2c(CN3CCN(c4ccccc4O)CC3)c(O)cc(O)c12,37.0,7.431798275933005,1,460.48600000000016
O=c1cc(-c2ccc(O)cc2)oc2c(CN3CCN(c4cncnc4)CC3)c(O)cc(O)c12,29.5,7.530177984021837,1,446.46300000000014
O=c1cc(-c2ccc(O)cc2)oc2cc(O)cc(O)c12,100000.0,4.0,0,270.24
O=c1cc(-c2ccc([N+](=O)[O-])cc2)oc2ccccc12,2645.7650000000003,5.5774487329888895,0,267.24
O=c1cc(-c2cccc(-c3c(O)cc(O)c4c(=O)cc(-c5ccc(C(F)(F)F)cc5)oc34)c2)oc2cc(O)cc(O)c12,501.7,6.299555898972248,1,574.4630000000002
O=c1cc(-c2cccc(-c3c(O)cc(O)c4c(=O)cc(-c5ccc(F)cc5)oc34)c2)oc2cc(O)cc(O)c12,179.2,6.746661994673894,1,524.4560000000002
O=c1cc(-c2cccc(-c3c(O)cc(O)c4c(=O)cc(-c5ccc(O)c(O)c5)oc34)c2)oc2cc(O)cc(O)c12,642.4,6.192194467729376,1,538.4640000000003
O=c1cc(-c2cccc(-c3c(O)cc(O)c4c(=O)cc(-c5ccc(O)cc5)oc34)c2)oc2cc(O)cc(O)c12,196.1,6.707522406332216,1,522.4650000000003
O=c1cc(-c2cccc(-c3c(O)cc(O)c4c(=O)cc(-c5ccco5)oc34)c2)oc2cc(O)cc(O)c12,386.5,6.412850501745656,1,496.42700000000025
O=c1cc(-c2cccc(-c3c(O)cc(O)c4c(=O)cc(-c5cccs5)oc34)c2)oc2cc(O)cc(O)c12,201.9,6.69486368105636,1,512.4950000000002
O=c1cc(-c2cccc(O)c2)oc2cc(O)ccc12,9524.965,5.021136611488017,0,254.24099999999999
O=c1cc(-c2cccc(O)c2)oc2ccccc12,2427.355,5.614866703574727,0,238.242
O=c1cc(-c2ccccc2)oc2ccccc12,1390.19,5.8569258398088575,0,222.243
Oc1ccc(-c2nc(O)c3cccc(O)c3n2)cc1,856.0,6.0675262353228465,1,254.24500000000003
Oc1ccc(C2=CCN(CCCc3nc(O)c4ccccc4n3)CC2)cc1,12.0,7.920818753952375,1,361.4450000000001
Oc1ccc(C2CNCc3c(O)cccc32)cc1O,240.0,6.619788758288394,1,257.289
Oc1ccc2c(c1)sc1nncn12,566.1700000000001,6.247053146591606,1,191.215
Oc1cccc2c(O)nccc12,390.0,6.4089353929735005,1,161.16
Oc1nc(-c2ccc(C(F)(F)F)cc2)nc2c(O)cccc12,3105.0,5.507938395487401,0,306.243
Oc1nc(-c2ccc(C(F)(F)F)cc2)nc2c1CSCC2,2826.3546666666666,5.548773341386402,0,312.31600000000003
Oc1nc(-c2ccc(F)cc2)nc2ccccc12,100000.0,4.0,0,240.23700000000002
Oc1nc(-c2ccccc2)nc2c(O)cccc12,1034.0,5.985479461242076,0,238.24599999999998
Oc1nc(-c2ccccc2)nc2ccccc12,11931.5,4.923304954420833,0,222.24699999999999
Oc1nc(CCCC2CC=C(c3ccccc3)CC2)nc2ccccc12,1000.0,6.0,1,344.4580000000001
Oc1nc(CCCN2CC=C(c3ccc(-[n+]4ccccc4)cc3)CC2)nc2ccccc12,12.0,7.920818753952375,1,423.5400000000002
Oc1nc(CCCN2CC=C(c3ccc(-c4ccccc4)cc3)CC2)nc2ccccc12,34.0,7.468521082957745,1,421.5440000000002
Oc1nc(CCCN2CC=C(c3ccc(C(F)(F)F)cc3)CC2)nc2ccccc12,25.0,7.6020599913279625,1,413.44300000000015
Oc1nc(CCCN2CC=C(c3cccc(F)c3)CC2)nc2ccccc12,23.0,7.638272163982407,1,363.43600000000015
Oc1nc(CCCN2CC=C(c3ccccc3)CC2)nc2c(Cl)cc(Cl)cc12,39.0,7.4089353929735005,1,414.3360000000002
Oc1nc(CCCN2CC=C(c3ccccc3)CC2)nc2cc(Cl)ccc12,250.0,6.6020599913279625,1,379.89100000000013
Oc1nc(CCCN2CC=C(c3ccccc3)CC2)nc2ccc(Cl)cc12,27.0,7.568636235841013,1,379.89100000000013
Oc1nc(CCCN2CC=C(c3ccccc3)CC2)nc2cccc(F)c12,16.0,7.795880017344075,1,363.4360000000001
Oc1nc(CCCN2CC=C(c3ccccc3F)CC2)nc2ccccc12,37.0,7.431798275933005,1,363.43600000000015
Oc1nc(CCCN2CCC3=C(CCc4ccccc43)C2)nc2ccccc12,12.0,7.920818753952375,1,371.4840000000001
Oc1nc(CCCN2CCCCC2)nc2ccccc12,1100.0,5.958607314841775,0,271.364
Oc1nc(CCCN2CCN(c3ccccc3)CC2)nc2ccccc12,71.0,7.1487416512809245,1,348.4500000000001
Oc1nc(CCCN2CCc3c([nH]c4ccccc34)C2)nc2ccccc12,74.0,7.130768280269024,1,358.4450000000001
Oc1nc2c(c3ccc(F)cc13)CNCC2,20.0,7.698970004336019,1,218.23099999999994
Oc1nc2c(c3ccccc13)CCCC2,167.0,6.777283528852417,1,199.25299999999993
Oc1nc2c(c3ccccc13)CCNC2,30.0,7.522878745280337,1,200.24099999999996
Oc1nc2c(c3ccccc13)CNCC2,35.0,7.455931955649724,1,200.24099999999996
Oc1nc2c(c3ccccc13)Cc1cc(F)ccc1-2,650.0,6.187086643357144,1,251.25999999999996
Oc1nc2c(c3ccccc13)Cc1ccc(F)cc1-2,500.0,6.301029995663981,1,251.25999999999996
Oc1nc2c(c3ccccc13)Cc1ccccc1-2,3000.0,5.522878745280337,0,233.26999999999998
Oc1nc2cc(CN3CC=C(c4ccccc4)CC3)ccc2c2ccccc12,16.0,7.795880017344075,1,366.4640000000001
Oc1nc2cc(CN3CCOCC3)ccc2c2ccccc12,23.0,7.638272163982407,1,294.354
Oc1nc2cc(Cl)ccc2c2ccc(Cl)cc12,240.0,6.619788758288394,1,264.111
Oc1nc2ccc(CCCCN3CC=C(c4ccccc4)CC3)cc2c2ccccc12,119.0,6.924453038607469,1,408.54500000000013
Oc1nc2ccc(N3CCC(N4CCCC4)CC3)nc2c2ccccc12,75.0,7.1249387366083,1,348.45
Oc1nc2ccc(N3CCN(CC4CC4)CC3)nc2c2ccccc12,71.0,7.1487416512809245,1,334.423
Oc1nc2ccc(N3CCNCC3)nc2c2ccccc12,58.0,7.236572006437063,1,280.331
Oc1nc2ccc(N3C[C@H]4C[C@@H]3CN4)nc2c2ccccc12,42.0,7.376750709602099,1,292.34200000000004
Oc1nc2ccc(NCCN3CCOCC3)nc2c2ccccc12,339.0,6.4698003017969175,1,324.38399999999996
Oc1nc2ccccc2c2cccnc12,14000.0,4.853871964321762,0,196.20899999999997
Oc1nc2ccccc2c2ccncc12,2600.0,5.585026652029182,0,196.20899999999997
Oc1nc2ccccc2c2ncccc12,2900.0,5.5376020021010435,0,196.20899999999997
Oc1nc2ccncc2c2ccccc12,128.0,6.892790030352131,1,196.209
Oc1nc2cnccc2c2ccccc12,169.0,6.772113295386326,1,196.209
Oc1nc2ncccc2c2ccccc12,311.0,6.507239610973162,1,196.209
Oc1nccc2ccccc12,3504.5,5.455373935680437,0,145.16099999999997
Oc1ncnc2ccsc12,14000.0,4.853871964321762,0,152.17799999999997
Oc1nnc(CCCCCN2CCOCC2)c2ccccc12,119.0,6.924453038607469,1,301.39
Oc1nnc(CCCCN2CCOCC2)c2ccccc12,950.0,6.022276394711152,1,287.36299999999994
Oc1nncc2ccccc12,12000.0,4.920818753952375,0,146.14899999999997
S=c1[nH]nc(-c2cc3ccccc3[nH]2)n1-c1ccccc1,2100.0,5.6777807052660805,0,292.367
S=c1[nH]nc(CSc2nnc(-c3cc4ccccc4[nH]3)n2-c2ccccc2)n1-c1ccccc1,8080.0,5.092588639225414,0,481.6100000000001
[2H]C([2H])(c1cnc2cc(C)c(=O)[nH]c2c1)N1CCN(c2ccc(C#N)cn2)CC1,3.162,8.500038134403809,1,362.43320355600014
