SMILES,IC50,pIC50,Activity,MolWt
Brc1ccc2c(c1)-c1nc3cc(Br)ccc3n1CCO2,92.0,7.036212172654444,1,394.06600000000014
C#CCN1CCN(C(=O)c2c(F)cc(-c3ncnc(CC)c3C#Cc3ccc(N)nc3)cc2F)CC1,163.9,6.785421046429501,1,486.52600000000035
C#CCN1CCN(C(=O)c2ccc(-c3ncnc(CC)c3C#Cc3ccc(N)nc3)cc2F)CC1,153.8,6.813043664534588,1,468.5360000000003
C#CCNc1nc(C)nc(-n2c(Nc3cc[nH]n3)nc3ccccc32)n1,4000.0,5.3979400086720375,0,345.3700000000001
C#Cc1ccc(-c2cc3c(c(-c4cnc(OC)c(NS(C)(=O)=O)c4)c2)CNC3=O)cn1,109.0,6.962573502059376,1,434.47700000000015
C#Cc1cccc2nc(C(C)NC(=O)c3c(N)nn4cccnc34)n(-c3ccc(F)c(F)c3)c(=O)c12,2000.0,5.698970004336019,0,485.4540000000002
C#Cc1cccc2nc(C(C)NC(=O)c3c(N)nn4cccnc34)n(-c3ccc(F)cc3)c(=O)c12,2000.0,5.698970004336019,0,467.46400000000017
C#Cc1cccc2nc(C(C)NC(=O)c3c(N)nn4cccnc34)n(-c3ccccc3)c(=O)c12,2000.0,5.698970004336019,0,449.47400000000016
C#Cc1cccc2nc(C(C)NC(=O)c3c(N)nn4cccnc34)n(C)c(=O)c12,2000.0,5.698970004336019,0,387.40300000000013
C#Cc1cccc2nc(C(C)NC(=O)c3nccnc3N)n(-c3ccc(F)cc3)c(=O)c12,2000.0,5.698970004336019,0,428.4270000000002
C#Cc1cccc2nc(C(C)NC(=O)c3nccnc3N)n(-c3ccccc3)c(=O)c12,2000.0,5.698970004336019,0,410.4370000000002
C#Cc1cccc2nc([C@H](C)NC(=O)c3c(N)nn4cccnc34)n(-c3ccc(F)c(F)c3)c(=O)c12,2000.0,5.698970004336019,0,485.4540000000002
C#Cc1cccc2nc([C@H](C)NC(=O)c3c(N)nn4cccnc34)n(-c3ccc(F)cc3)c(=O)c12,2000.0,5.698970004336019,0,467.46400000000017
C#Cc1cccc2nc([C@H](C)NC(=O)c3c(N)nn4cccnc34)n(-c3ccccc3)c(=O)c12,2000.0,5.698970004336019,0,449.47400000000016
C#Cc1cccc2nc([C@H](C)NC(=O)c3c(N)nn4cccnc34)n(C)c(=O)c12,2000.0,5.698970004336019,0,387.40300000000013
C#Cc1cccc2nc([C@H](C)NC(=O)c3nccnc3N)n(-c3ccc(F)cc3)c(=O)c12,2000.0,5.698970004336019,0,428.4270000000002
C#Cc1cccc2nc([C@H](C)NC(=O)c3nccnc3N)n(-c3ccccc3)c(=O)c12,2000.0,5.698970004336019,0,410.4370000000002
C#Cc1ccn2ncc(/C=N/N(C)S(=O)(=O)c3cc([N+](=O)[O-])ccc3C)c2c1,2.4,8.619788758288394,1,397.41600000000017
C(#CC1CC1)c1n[nH]c2ccccc12,100000.0,4.0,0,182.22600000000003
C(#CC1CCCC1)c1n[nH]c2ccccc12,100000.0,4.0,0,210.28000000000003
C(#Cc1n[nH]c2ccccc12)c1ccccc1,100000.0,4.0,0,218.259
C(#Cc1n[nH]c2ccccc12)c1ccccn1,100000.0,4.0,0,219.24699999999999
C(#Cc1n[nH]c2ccccc12)c1cccnc1,1850.0,5.732828271596986,0,219.24699999999999
C(#Cc1n[nH]c2ccccc12)c1ccncc1,360.0,6.443697499232712,1,219.24699999999999
C(#Cc1n[nH]c2ccccc12)c1ccsc1,100000.0,4.0,0,224.28799999999998
C(#Cc1n[nH]c2ncccc12)c1cccnc1,9000.0,5.045757490560675,0,220.235
C(#Cc1n[nH]c2ncccc12)c1ccncc1,3050.0,5.515700160653214,0,220.235
C/C(=N\N(C)S(=O)(=O)c1cc([N+](=O)[O-])ccc1C)c1cnn2ccc(Br)cc12,1200.0,5.920818753952375,0,466.3170000000001
C/C(=N\N(C)S(=O)(=O)c1cc([N+](=O)[O-])ccc1C)c1cnn2ccc(C#N)cc12,80.0,7.096910013008056,1,412.43100000000015
C/C(=N\NS(=O)(=O)c1cc([N+](=O)[O-])ccc1C)c1cnn2ccc(Br)cc12,30.0,7.522878745280337,1,452.2900000000001
C/C(=N\NS(=O)(=O)c1cc([N+](=O)[O-])ccc1C)c1cnn2ccc(C#N)cc12,7.0,8.154901959985743,1,398.4040000000001
C/C(=N\Nc1nc(-c2ccccc2)cs1)c1cc2ccccc2o1,4100.0,5.3872161432802645,0,333.41600000000005
C/C(=N\Nc1nc(C)cs1)c1cc2ccccc2o1,20500.0,4.688246138944246,0,271.345
C/C=C/c1cccc2cc([C@H](C)NC(=O)c3c(N)nn4cccnc34)n(-c3ccccc3)c(=O)c12,2000.0,5.698970004336019,0,464.5290000000001
C/C=C1\NC(=O)[C@H]2CSSCC/C=C/[C@H](CC(=O)N[C@H](C(C)C)C(=O)N2)OC(=O)[C@H](C(C)C)NC1=O,57100.0,4.243363891754152,0,540.7080000000002
C=C(c1ccccc1)c1cc(-c2cnc(N)nc2)nc(N2CCOCC2)c1,270.0,6.568636235841013,1,359.43300000000016
C=C1C[C@@H](c2nc3cccc(Cl)c3c(=O)n2-c2ccccc2)N(c2ncnc(N)c2C#N)C1,1000.0,6.0,1,455.90900000000016
C=CC(=O)N1CCC(C(=O)N(C)CC(=O)N2CCN(c3nc(-c4cnc(N)nc4C(F)F)nc(N4CCOCC4)n3)CC2)CC1,5.1,8.292429823902063,1,629.6729999999997
C=CC(=O)N1CCC(C(=O)NCC(=O)N2CCN(c3nc(-c4cnc(N)nc4C(F)F)nc(N4CCOCC4)n3)CC2)CC1,42.45,7.372122305420029,1,615.6459999999997
C=CC(=O)N1CCN(S(=O)(=O)c2cccc(Nc3ncc4c(n3)N(C)c3ccc(C)cc3C(=O)N4C)c2)CC1,53.0,7.275724130399211,1,547.6410000000002
C=CC(=O)Nc1cc(C(F)(F)F)c(-c2nc(N3CCOCC3)c3cc(CN4CCN(S(C)(=O)=O)CC4)cn3n2)cn1,19.9,7.701146923590294,1,594.6200000000001
C=CC(=O)Nc1cc(Nc2ncnc3ccc(-c4cnc5ccccc5c4)cc23)ccc1C,560.9,6.251114559990484,1,431.49900000000014
C=CC(=O)Nc1ccc(-n2c(=O)ccc3oc4ccc(-c5cccnc5)cc4c32)cc1,254.0,6.5951662833800615,1,407.4290000000001
C=CC(=O)Nc1ccc(NS(=O)(=O)c2cccc(Nc3ncc4c(n3)N(C)c3ccc(C)cc3C(=O)N4C)c2)cc1,729.0,6.137272471682025,1,569.6470000000003
C=CC(=O)Nc1cccc(-n2c(=O)ccc3oc4ccc(-c5cccnc5)cc4c32)c1,855.0,6.068033885271827,1,407.4290000000001
C=CC(=O)Oc1cccc(-c2nc(N3CCOCC3)c3cc4ncccc4n3n2)c1,47.8,7.320572103387881,1,401.42600000000004
C=CCN(/C=C1/C(=O)O[C@H](COC)[C@@]2(C)C1=C(O)C(=O)C1=C2[C@H](OC(C)=O)C[C@]2(C)C(=O)CC[C@@H]12)CC=C,47.0,7.327902142064283,1,525.5980000000004
C=CCN1CCN(Cc2cc3nc(-n4c(CC)nc5ccccc54)nc(N4CCOCC4)c3s2)C(=O)C1,295.0,6.530177984021837,1,517.6590000000003
C=CCNC(=O)Nc1ccc2ncc(-c3ccc(O)cc3)nc2n1,1500.0,5.823908740944319,0,321.34000000000003
C=CCNC(=S)Nc1ccc2ncc(-c3ccc(O)cc3)nc2n1,370.0,6.431798275933005,1,337.4080000000001
C=CCOc1cc(-c2cccc3c(=O)cc(N4CCOCC4)oc23)ccc1NC(=O)CN1CCOCC1,150.0,6.823908740944319,1,505.5710000000004
C=CCn1c(=O)c(-c2ccc(OC)nc2)cc2c(C)nc(NC)nc21,17.0,7.769551078621726,1,337.38300000000004
C=CCn1nc(-c2ccc(OCC)c(OC)c2)c2c(N)ncnc21,1900.0,5.721246399047171,0,325.372
C=CCn1nc(-c2ccc3ccccc3c2)c2c(N)ncnc21,5600.0,5.251811972993799,0,301.353
C=Cc1ccc(-c2ccc3ncnc(Nc4ccc(CC#N)cc4)c3c2)cc1,10000.0,5.0,0,362.4360000000001
C=Cc1ccn2ncc(/C=N/N(C)S(=O)(=O)c3cc([N+](=O)[O-])ccc3C)c2c1,130.0,6.886056647693163,1,399.4320000000002
CC#Cc1c([C@H](C)n2nc(-c3cc(O)cc(F)c3)c3c(N)ncnc32)cnn(C(C)(C)C)c1=O,10000.0,5.0,0,461.5010000000002
CC#Cc1cccc2cc(C(C)NC(=O)c3c(N)nn4cccnc34)c(-c3ccccc3)nc12,2000.0,5.698970004336019,0,446.5140000000001
CC#Cc1cccc2cc(C(C)NC(=O)c3c(N)nn4cccnc34)n(-c3ccccc3)c(=O)c12,2000.0,5.698970004336019,0,462.51300000000015
CC#Cc1cccc2nc(C(C)NC(=O)c3c(N)nn4cccnc34)n(-c3ccccc3)c(=O)c12,2000.0,5.698970004336019,0,463.50100000000015
CC#Cc1cccc2nc([C@H](C)NC(=O)c3c(N)nn4cccnc34)n(-c3ccccc3)c(=O)c12,2000.0,5.698970004336019,0,463.50100000000015
CC(=O)/N=c1/[nH]c(C)c(-c2ccc(Cl)c(S(=O)(=O)NCCO)c2)s1,39.0,7.4089353929735005,1,389.88600000000014
CC(=O)N(C(C)=O)c1ncc(-c2nc(N3CCOCC3)c3ncccc3n2)cn1,50000.0,4.301029995663981,0,393.40700000000015
CC(=O)N(C)C1CCCN(Cc2cc3nc(-c4cccc5[nH]ccc45)nc(N4CCOCC4)c3s2)C1,1584.89,5.800000874803203,0,504.6600000000003
CC(=O)N(C)C1CCCN(Cc2cc3nc(-c4cccc5[nH]ncc45)nc(N4CCOCC4)c3s2)C1,251.19,6.599997654072044,1,505.6480000000003
CC(=O)N(C)C1CCCN(Cc2cc3nc(-c4cnc(N)nc4)nc(N4CCOCC4)c3s2)C1,63.1,7.199970640755866,1,482.6140000000003
CC(=O)N(C)C1CCN(Cc2cc3nc(-c4cccc5[nH]ccc45)nc(N4CCOCC4)c3s2)C1,794.33,6.0999990348465305,1,490.6330000000003
CC(=O)N(C)C1CCN(Cc2cc3nc(-c4cccc5[nH]ccc45)nc(N4CCOCC4)c3s2)CC1,3162.28,5.499999678657065,0,504.66000000000037
CC(=O)N(C)C1CCN(Cc2cc3nc(-c4cccc5[nH]ncc45)nc(N4CCOCC4)c3s2)C1,199.53,6.699991797446187,1,491.6210000000003
CC(=O)N(C)C1CCN(Cc2cc3nc(-c4cccc5[nH]ncc45)nc(N4CCOCC4)c3s2)CC1,501.19,6.299997602857746,1,505.64800000000037
CC(=O)N(C)C1CCN(Cc2cc3nc(-c4cnc(N)nc4)nc(N4CCOCC4)c3s2)C1,19.95,7.700057099977233,1,468.58700000000033
CC(=O)N(C)C1CCN(Cc2cc3nc(-c4cnc(N)nc4)nc(N4CCOCC4)c3s2)CC1,39.81,7.400007822415902,1,482.6140000000004
CC(=O)N(C)CCNc1nc(N2CCOCC2)nc(-n2c(C(F)F)nc3ccccc32)n1,10.3,7.987162775294828,1,446.46200000000005
CC(=O)N(C)Cc1cc2nc(-c3cnc(N)nc3)nc(N3CCOCC3)c2s1,5.0,8.301029995663981,1,399.48000000000025
CC(=O)N(C)Cc1sc2c(N3CCOCC3)nc(-c3cnc(N)nc3)nc2c1C,3.0,8.522878745280337,1,413.5070000000001
CC(=O)N(C)[C@@H]1CCN(Cc2cc3nc(-c4cnc(N)nc4)nc(N4CCOCC4)c3s2)C1,31.62,7.50003813440381,1,468.58700000000033
CC(=O)N(C)[C@H]1CCN(Cc2cc3nc(-c4cnc(N)nc4)nc(N4CCOCC4)c3s2)C1,19.95,7.700057099977233,1,468.58700000000033
CC(=O)N(C)c1cc(Nc2ccccc2)cc(-c2ccnc(NC(=O)C3CCOCC3)c2)c1,200000.0,3.6989700043360187,0,444.5350000000003
CC(=O)N(C)c1ccc(-c2nc(N3CCOCC3)c3cnn(-c4ccccc4)c3n2)cc1,792.0,6.101274818410507,1,428.49600000000004
CC(=O)N(C)c1cccc(Nc2nc(C)c(-c3cc4c(c(S(C)(=O)=O)c3)C(=O)N([C@@H](C)C3CC3)C4)s2)n1,127.0,6.896196279044043,1,539.6830000000002
CC(=O)N(C)c1nc2ccc(-c3cccc(S(C)(=O)=O)c3)cn2n1,100000.0,4.0,0,344.3960000000001
CC(=O)N1CC(S(=O)(=O)c2cc(-c3cnc(N)nc3)cc(N3CCOCC3)c2)C1,47.0,7.327902142064283,1,417.49100000000027
CC(=O)N1CCC(C#Cc2cccc3cc([C@H](C)NC(=O)c4c(N)nn5cccnc45)n(-c4ccccc4)c(=O)c23)CC1,2000.0,5.698970004336019,0,573.657
CC(=O)N1CCC(N(C)c2ncnc3ccc(-c4ccc5oc(N)nc5c4)cc23)CC1,100.0,7.0,1,416.48500000000024
CC(=O)N1CCC(Nc2cnc3ccc(-c4ccc5oc(N)nc5c4)cc3n2)CC1,100.0,7.0,1,402.45800000000025
CC(=O)N1CCC(Nc2ncnc3ccc(-c4ccc5oc(N)nc5c4)cc23)CC1,100.0,7.0,1,402.45800000000025
CC(=O)N1CCC(Nc2ncnc3ccc(-c4ccc5oc(N)nc5c4)nc23)CC1,100.0,7.0,1,403.44600000000025
CC(=O)N1CCC(S(=O)(=O)c2cc(-c3cnc(N)nc3)cc(N3CCOCC3)c2)C1,180.0,6.7447274948966935,1,431.5180000000003
CC(=O)N1CCC(S(=O)(=O)c2cc(-c3cnc(N)nc3)cc(N3CCOCC3)c2)CC1,340.0,6.468521082957745,1,445.54500000000036
CC(=O)N1CCC(n2cnc3c(N4CCOCC4)nc(-c4cccc(CO)c4)nc32)CC1,189.0,6.723538195826756,1,436.5160000000002
CC(=O)N1CCC(n2cnc3ccc(-c4ccc5oc(N)nc5c4)cc3c2=O)CC1,10000.0,5.0,0,403.44200000000023
CC(=O)N1CCC(n2nc(-c3cc4c(Cl)ccc(O)c4[nH]3)c3c(N)ncnc32)CC1,500.0,6.301029995663981,1,425.8800000000002
CC(=O)N1CCC(n2nc(-c3cc4cc(O)cc(Cl)c4[nH]3)c3c(N)ncnc32)CC1,300.0,6.522878745280337,1,425.8800000000002
CC(=O)N1CCC(n2nc(-c3cc4cc(O)ccc4[nH]3)c3c(N)ncnc32)CC1,500.0,6.301029995663981,1,391.4350000000002
CC(=O)N1CCC(n2nc(-c3cc4ccc(O)cc4[nH]3)c3c(N)ncnc32)CC1,50.0,7.301029995663981,1,391.4350000000002
CC(=O)N1CCC(n2nc(-c3ccc4oc(N)nc4c3)c3c(N)ncnc32)CC1,1000.0,6.0,1,392.42300000000023
CC(=O)N1CCC(n2ncc3c(N4CCOCC4)nc(-c4cccc(O)c4)nc32)CC1,69.0,7.161150909262744,1,422.48900000000015
CC(=O)N1CCCN(c2ncnc(C)c2C#Cc2ccc(N)nc2)CC1,348.0,6.458420756053419,1,350.42600000000016
CC(=O)N1CCCN(c2ncnc(C)c2C#Cc2cnc(C)c(NS(=O)(=O)c3ccccc3)c2)CC1,3.0,8.522878745280337,1,504.61600000000027
CC(=O)N1CCN(C(=O)c2cccc(-c3ncnc4ccc(-c5cnc6ccccc6c5)cc34)c2)CC1,1464.5,5.8343106239823825,0,487.5630000000003
CC(=O)N1CCN(C(=O)c2cnc3ccc(-c4ccc5oc(N)nc5c4)cn23)CC1,100.0,7.0,1,404.43000000000023
CC(=O)N1CCN(C2CN(c3cnc4ccc(-c5ccc6oc(N)nc6c5)cc4n3)C2)CC1,100.0,7.0,1,443.5110000000003
CC(=O)N1CCN([C@H]2C[C@@H](n3cc(-c4cc(OC[C@@H]5CCCO5)ccc4F)c4c(N)ncnc43)C2)CC1,10000.0,5.0,0,508.5980000000004
CC(=O)N1CCN(c2cc(-c3cc(C(F)(F)F)c4c(N)ncnn34)ccc2C#N)C(=O)C1(C)C,785.0,6.105130343254747,1,471.4430000000002
CC(=O)N1CCN(c2cc(-c3cccc(O)c3)nc(N3CCOCC3)n2)CC1,570.0,6.2441251443275085,1,383.4520000000003
CC(=O)N1CCN(c2cc(C(=O)O)nc3c(-c4cccc(O)c4)nc(N4CCOCC4)nc23)CC1,80.0,7.096910013008056,1,478.50900000000036
CC(=O)N1CCN(c2ccc(-n3c(=O)ccc4cnc5ccc(-c6cnc7ccccc7c6)cc5c43)cc2C(F)(F)F)CC1,300.0,6.522878745280337,1,593.6090000000003
CC(=O)N1CCN(c2ccc(Nc3c(C(N)=O)cnc4ccc(-c5cnc6ccccc6c5)cc34)cc2C(F)(F)F)CC1,2427.0,5.614930223668066,0,584.6020000000002
CC(=O)N1CCN(c2cccc(-c3cc(-c4ccnn4C4CCOCC4)c4c(N)ncnn34)c2)C(=O)C1(C)C,59.0,7.229147988357855,1,528.6170000000003
CC(=O)N1CCN(c2cnc3ccc(-c4ccc5oc(N)nc5c4)cc3n2)CC1,100.0,7.0,1,388.4310000000002
CC(=O)N1CCN(c2cnc3ccc(-c4cnc(Cl)c(NS(=O)(=O)c5ccc(F)cc5)c4)cc3n2)CC1,0.495,9.30539480106643,1,541.008
CC(=O)N1CCN(c2nc(-c3ccc4nc(N)oc4c3)nc(N3CCN(C(C)=O)CC3)n2)CC1,10000.0,5.0,0,465.5180000000004
CC(=O)N1CCN(c2nc(-c3ccc4nc(N)sc4c3)nc(N3CCOCC3)n2)CC1,497.0,6.303643611266668,1,440.53300000000036
CC(=O)N1CCN(c2nc(-c3ccc4nc(NCc5ccc(C(=O)O)cc5)oc4c3)nc(N3CCN(C(C)=O)CC3)n2)CC1,10000.0,5.0,0,599.652
CC(=O)N1CCN(c2nc(-c3ccc4oc(N)nc4c3)nc(N3CCOCC3)n2)CC1,23.0,7.638272163982407,1,424.4650000000004
CC(=O)N1CCN(c2nc(N3CCOCC3)nc(-n3c(C(F)F)nc4ccccc43)n2)CC1,8.2,8.086186147616283,1,458.4730000000001
CC(=O)N1CCN(c2ncnc(C)c2C#Cc2cnc(C)c(NS(=O)(=O)c3ccc(F)cc3F)c2)CC1,0.79,9.102372908709558,1,526.5690000000002
CC(=O)N1CCN(c2ncnc(C)c2C#Cc2cnc(C)c(NS(=O)(=O)c3ccccc3)c2)CC1,2.0,8.698970004336019,1,490.5890000000003
CC(=O)N1CC[C@@](C)(N2CCc3c(-c4cnc(N)nc4)nc(N4CCOCC4)nc32)C1,35.0,7.455931955649724,1,424.5090000000003
CC(=O)N1C[C@@H](C)N(c2cccc(-c3cc(-c4ccnn4C4CCOCC4)c4c(N)ncnn34)c2)[C@@H](C)C1,57.0,7.2441251443275085,1,514.6340000000004
CC(=O)NC1CCCN(Cc2cc3nc(-c4cccc5[nH]ccc45)nc(N4CCOCC4)c3s2)C1,3981.07,5.40000018605658,0,490.6330000000003
CC(=O)NC1CCCN(Cc2cc3nc(-c4cccc5[nH]ncc45)nc(N4CCOCC4)c3s2)C1,251.19,6.599997654072044,1,491.6210000000003
CC(=O)NC1CCCN(Cc2cc3nc(-c4cnc(N)nc4)nc(N4CCOCC4)c3s2)C1,125.89,6.900008766455316,1,468.58700000000033
CC(=O)NC1CCCN(c2ncnc(C)c2C#Cc2ccc(N)nc2)C1,158.0,6.801342913045577,1,350.4260000000001
CC(=O)NC1CCN(C(=O)c2cnc3ccc(-c4ccc5oc(N)nc5c4)cn23)CC1,1000.0,6.0,1,418.4570000000002
CC(=O)NC1CCN(Cc2cc3nc(-c4cccc5[nH]ccc45)nc(N4CCOCC4)c3s2)C1,3162.28,5.499999678657065,0,476.60600000000034
CC(=O)NC1CCN(Cc2cc3nc(-c4cccc5[nH]ccc45)nc(N4CCOCC4)c3s2)CC1,3162.28,5.499999678657065,0,490.6330000000004
CC(=O)NC1CCN(Cc2cc3nc(-c4cccc5[nH]ncc45)nc(N4CCOCC4)c3s2)C1,501.19,6.299997602857746,1,477.59400000000034
CC(=O)NC1CCN(Cc2cc3nc(-c4cccc5[nH]ncc45)nc(N4CCOCC4)c3s2)CC1,630.96,6.199998172182031,1,491.6210000000004
CC(=O)NC1CCN(Cc2cc3nc(-c4cnc(N)nc4)nc(N4CCOCC4)c3s2)C1,31.62,7.50003813440381,1,454.56000000000034
CC(=O)NC1CCN(Cc2cc3nc(-c4cnc(N)nc4)nc(N4CCOCC4)c3s2)CC1,125.89,6.900008766455316,1,468.5870000000004
CC(=O)NC1CCN(c2ncnc(C)c2C#Cc2ccc(N)nc2)CC1,78.0,7.107905397309519,1,350.4260000000001
CC(=O)NCC(=O)N1CCN(c2nc(N3CCOCC3)nc(-n3c(C(F)F)nc4ccccc43)n2)CC1,42.0,7.376750709602099,1,515.5250000000002
CC(=O)NCC1CCN(c2ncnc(C)c2C#Cc2ccc(N)nc2)CC1,36.0,7.443697499232712,1,364.45300000000015
CC(=O)NCCNc1cc(Cl)nn2c(-c3ccc(F)c(C=O)c3)c(C)nc12,10000.0,5.0,0,389.81800000000015
CC(=O)NCCNc1cc(Cl)nn2c(-c3cccc(S(=O)(=O)NC(C)C)c3)c(C)nc12,10000.0,5.0,0,464.9790000000002
CC(=O)NCCNc1nc(N2CCOCC2)nc(-n2c(C(F)F)nc3ccccc32)n1,16.6,7.779891911959945,1,432.43500000000006
CC(=O)NCc1cc2nc(-c3cccc4[nH]ncc34)nc(N3CCOCC3)c2s1,16.0,7.795880017344075,1,408.48700000000025
CC(=O)NCc1ccc2c(N3CCOCC3)nc(-c3cnc(N)nc3)nn12,110.0,6.958607314841775,1,368.401
CC(=O)NCc1ccc2c(c1)OCCc1sc(-c3ncnn3C(C)C)nc1-2,105.0,6.978810700930062,1,383.4770000000001
CC(=O)N[C@@H]1CCN(Cc2cc3nc(-c4cnc(N)nc4)nc(N4CCOCC4)c3s2)C1,125.89,6.900008766455316,1,454.56000000000034
CC(=O)N[C@H]1CCN(Cc2cc3nc(-c4cnc(N)nc4)nc(N4CCOCC4)c3s2)C1,199.53,6.699991797446187,1,454.56000000000034
CC(=O)Nc1cc(-c2c(Nc3cc[nH]n3)nc3ccccn23)nc(C)n1,112.0,6.950781977329818,1,348.37000000000006
CC(=O)Nc1cc(-c2c(Nc3cc[nH]n3)nc3cccnn23)nc(C)n1,47.0,7.327902142064283,1,349.35800000000006
CC(=O)Nc1cc(-c2c(Nc3ccn(C)n3)nc3ccc(-c4cccnc4C)cn23)nc(C)n1,4290.0,5.367542707815276,0,453.51000000000016
CC(=O)Nc1cc(-c2c(Nc3ccn(C)n3)nc3ccc(-c4cnco4)cn23)nc(C)n1,3170.0,5.498940737782249,0,429.44400000000013
CC(=O)Nc1cc(-c2c(Nc3ccn(C)n3)nc3ccc(-c4cnn(C(C)C)c4)cn23)nc(C)n1,125000.0,3.9030899869919438,0,470.54100000000017
CC(=O)Nc1cc(-c2c(Nc3ccn(C)n3)nc3ccccn23)nc(C)n1,4580.0,5.33913452199613,0,362.39700000000005
CC(=O)Nc1cc(-c2c(Nc3ccn(C)n3)nc3cccnn23)nc(C)n1,1660.0,5.779891911959945,0,363.38500000000005
CC(=O)Nc1cc(N2CCOCC2)nc2c(Cc3cccc(C(F)(F)F)c3C)c(C)nn12,1995.26,5.700000503883016,0,447.46100000000007
CC(=O)Nc1cc(Nc2ccccc2)cc(-c2ccnc(NC(=O)C3CCOCC3)c2)c1,55000.0,4.259637310505756,0,430.50800000000027
CC(=O)Nc1cc2ccc(-c3cc(F)c4oc(N)nc4c3)cn2n1,10000.0,5.0,0,325.303
CC(=O)Nc1ccc(-c2ccc3ncc4c(c3n2)N(c2cccc(C(F)(F)F)c2)C(=O)N(C)C4)cn1,29.3,7.533132379645891,1,492.4610000000002
CC(=O)Nc1ccc(-c2csc3c(=O)cc(N4CCOCC4)oc23)cc1,85.0,7.070581074285707,1,370.43000000000023
CC(=O)Nc1ccc(-c2nc(N3CC4CCC(C3)O4)c3sccc3n2)cc1,4372.0,5.359319846722335,0,380.473
CC(=O)Nc1ccc(-c2nc(N3CCOCC3)c3cnn(-c4ccccc4)c3n2)cc1,137.0,6.863279432843593,1,414.469
CC(=O)Nc1ccc(-c2nc(N3CCOCC3)c3cnn(C4CCN(Cc5cccnc5)CC4)c3n2)cc1,404.0,6.393618634889395,1,512.6180000000003
CC(=O)Nc1ccc(C(=O)Nc2ccccc2N)cc1,10000.0,5.0,0,269.304
CC(=O)Nc1ccc(C)c(S(=O)(=O)N(C)/N=C/c2cnn3ccc(C#N)cc23)c1,1000.0,6.0,1,410.4590000000001
CC(=O)Nc1ccc(Nc2cc3c(cn2)n(C)c(=O)n3C2CCCC2)cc1,17700.0,4.752026733638194,0,365.4370000000002
CC(=O)Nc1ccc(Nc2nc3ccccc3n2-c2nc(C)nc(N)n2)cc1,23.0,7.638272163982407,1,374.40800000000013
CC(=O)Nc1ccc(S(=O)(=O)c2cc(-c3cnc(N)nc3)cc(N3CCOCC3)c2)cc1,2800.0,5.552841968657781,0,453.5240000000003
CC(=O)Nc1cccc(-c2ccc3c(c2)CN(C(=O)c2ccc(C(=O)C(F)(F)F)cc2)CCO3)c1,238.0,6.623423042943488,1,482.4580000000002
CC(=O)Nc1cccc(-c2ccc3nc(Nc4cc[nH]n4)c(-c4nc(C)nc(N)n4)n3c2)c1,96.0,7.017728766960431,1,440.4710000000002
CC(=O)Nc1cccc(-c2ccnc(NC(=O)C3CCOC3)c2)c1,63000.0,4.200659450546418,0,325.3680000000001
CC(=O)Nc1cccc(-c2nc(N3CCOCC3)c3cnn(C4CCN(Cc5ccccc5)CC4)c3n2)c1,2005.0,5.697885623043799,0,511.6300000000003
CC(=O)Nc1cccc(-c2nc3c(N4CCOCC4)nc(N4CCOCC4)nc3[nH]2)c1,3010.0,5.521433504406157,0,423.4770000000002
CC(=O)Nc1cccc(Nc2cc3c(cn2)n(C)c(=O)n3C2CCCC2)c1,16200.0,4.790484985457369,0,365.4370000000002
CC(=O)Nc1cccc(Nc2nc(C)c(-c3cc4c(c(S(C)(=O)=O)c3)C(=O)N([C@@H](C)C3CC3)C4)s2)n1,263.0,6.580044251510242,1,525.6560000000003
CC(=O)Nc1cccc(Nc2nc3ccccc3n2-c2nc(C)nc(N)n2)c1,630.0,6.200659450546418,1,374.40800000000013
CC(=O)Nc1ccccc1Nc1cc2c(cn1)n(C)c(=O)n2C1CCCC1,43500.0,4.361510743045363,0,365.4370000000002
CC(=O)Nc1cn2cc(-c3ccc4nccc(-c5ccncc5)c4c3)ccc2n1,10000.0,5.0,0,379.42300000000006
CC(=O)Nc1cn2cc(-c3ccc4oc(N)nc4c3)ccc2n1,100.0,7.0,1,307.313
CC(=O)Nc1cn2cc(-c3cnc(N)c(C(F)(F)F)c3)ccc2n1,5.9,8.229147988357855,1,335.289
CC(=O)Nc1cn2cc(-c3cnc(N)c(C(F)(F)F)c3)cnc2n1,3800.0,5.42021640338319,0,336.277
CC(=O)Nc1cn2cc(-c3cnc(N)c(C(F)(F)F)c3)ncc2n1,110.0,6.958607314841775,1,336.277
CC(=O)Nc1cn2cc(-c3cnc(N)c(OC(C)C(F)(F)F)n3)ccc2n1,3.0,8.522878745280337,1,380.33
CC(=O)Nc1cn2cc(-c3cnc(N)c(OC(C)C)n3)ccc2n1,2.0,8.698970004336019,1,326.36
CC(=O)Nc1cn2cc(-c3cnc(N)c(OCC(F)(F)F)n3)ccc2n1,3.0,8.522878745280337,1,366.303
CC(=O)Nc1cn2cc(/C=C3\SC(=O)NC3=O)ccc2n1,25.0,7.6020599913279625,1,302.315
CC(=O)Nc1cn2nc(-c3cnc(Cl)c(NS(=O)(=O)N4CCOCC4)c3)ccc2n1,6.0,8.221848749616356,1,451.8960000000003
CC(=O)Nc1cn2nc(-c3cnc(N)c(-c4ccccc4OC(F)(F)F)c3)ccc2n1,1000.0,6.0,1,428.3740000000001
CC(=O)Nc1cn2nc(-c3cnc(N)c(C(F)(F)F)c3)ccc2n1,2.0,8.698970004336019,1,336.27700000000004
CC(=O)Nc1cnc2ccc(-c3cnc4ccccc4c3)cc2c1Nc1ccc(N2CCN(C(C)=O)CC2)c(C(F)(F)F)c1,1500.0,5.823908740944319,0,598.6290000000005
CC(=O)Nc1n[nH]c2cc(-c3ccc4oc(N)nc4c3)ccc12,10000.0,5.0,0,307.31300000000005
CC(=O)Nc1n[nH]c2ccc(-c3ccc4oc(N)nc4c3)cc12,10000.0,5.0,0,307.31300000000005
CC(=O)Nc1nc(-c2cc3c(s2)-c2ncccc2OCC3)c(-c2ccccc2Cl)[nH]1,18.7,7.728158393463501,1,436.9240000000002
CC(=O)Nc1nc(C)c(-c2cc3c(c(NS(C)(=O)=O)c2)C(=O)N([C@@H](C)C2CC2)C3)s1,31622.78,4.499999953328896,0,448.5700000000003
CC(=O)Nc1nc(C)c(-c2cc3c(c(S(C)(=O)=O)c2)C(=O)N([C@@H](C)C2CC2)C3)s1,31622.78,4.499999953328896,0,433.55500000000023
CC(=O)Nc1nc(C)c(-c2ccc(S(C)(=O)=O)c(F)c2)s1,180.0,6.7447274948966935,1,328.39
CC(=O)Nc1nc(C)c(-c2ccc3oc(N)nc3c2)s1,1000.0,6.0,1,288.332
CC(=O)Nc1nc(C)c(-c2cnc(-c3cccnc3)o2)s1,46.0,7.337242168318426,1,300.343
CC(=O)Nc1nc(C)c(-c2cnc(C(C)(C)C)o2)s1,15.0,7.823908740944319,1,279.36499999999995
CC(=O)Nc1nc(C)c(-c2cnc(CC(F)(F)F)o2)s1,43.0,7.366531544420414,1,305.281
CC(=O)Nc1nc(C)c(-c2cnc(Cl)c(NS(=O)(=O)c3ccccc3)c2)s1,2.1,8.67778070526608,1,422.9190000000001
CC(=O)Nc1nc(C)c(-c2cnc(Cl)c(NS(C)(=O)=O)c2)s1,10.0,8.0,1,360.84800000000007
CC(=O)Nc1nc(C)c(-c2cnc(Nc3cccc(C(=O)O)c3)o2)s1,328.0,6.484126156288321,1,358.3790000000001
CC(=O)Nc1nc(C)c(-c2cnc(Nc3cccnc3)o2)s1,102.0,6.991399828238082,1,315.35800000000006
CC(=O)Nc1nc(C)c(-c2cnc(S(C)(=O)=O)o2)s1,195.0,6.709965388637482,1,301.349
CC(=O)Nc1nc(C)c(-c2cnc(Sc3cccnc3)o2)s1,112.0,6.950781977329818,1,332.41
CC(=O)Nc1nc(C)c(-c2csc(C(C)C)n2)s1,210.0,6.6777807052660805,1,281.406
CC(=O)Nc1nc2c(C)cc(-c3cncc(S(C)(=O)=O)c3)cn2n1,39810.72,4.399999967876858,0,345.38400000000007
CC(=O)Nc1nc2c(F)cc(-c3cncc(S(C)(=O)=O)c3)cn2n1,19952.62,4.70000006855703,0,349.3470000000001
CC(=O)Nc1nc2cc(-c3cc(F)c4oc(N)nc4c3)ccc2s1,10000.0,5.0,0,342.355
CC(=O)Nc1nc2cc(-c3ccc4nc(N)oc4c3)ccc2s1,100.0,7.0,1,324.365
CC(=O)Nc1nc2cc(-c3ccc4oc(N)nc4c3)ccc2o1,10000.0,5.0,0,308.297
CC(=O)Nc1nc2cc(-c3ccc4oc(N)nc4c3)ccc2s1,10000.0,5.0,0,324.365
CC(=O)Nc1nc2cc(-c3nc(N4CCOCC4)nc(N4CCOCC4)n3)ccc2o1,66.0,7.180456064458132,1,425.44900000000024
CC(=O)Nc1nc2cc(-c3nn(C(C)C)c4ncnc(N)c34)ccc2o1,10000.0,5.0,0,351.3700000000001
CC(=O)Nc1nc2cc(C)c(-c3cncc(S(C)(=O)=O)c3)cn2n1,100000.0,4.0,0,345.38400000000007
CC(=O)Nc1nc2ccc(-c3cc(C)c(O)c(C)c3)cn2n1,12589.25,4.900000142057633,0,296.33
CC(=O)Nc1nc2ccc(-c3cc(F)c4oc(N)nc4c3)cc2s1,100.0,7.0,1,342.355
CC(=O)Nc1nc2ccc(-c3ccc(N)nc3)cc2s1,68.0,7.167491087293763,1,284.344
CC(=O)Nc1nc2ccc(-c3ccc(S(C)(=O)=O)cc3)cn2n1,100000.0,4.0,0,330.369
CC(=O)Nc1nc2ccc(-c3ccc4nc(N)oc4c3)cc2s1,100.0,7.0,1,324.365
CC(=O)Nc1nc2ccc(-c3ccc4nccc(-c5ccncc5)c4c3)cc2s1,1000.0,6.0,1,396.4750000000001
CC(=O)Nc1nc2ccc(-c3ccc4oc(N)nc4c3)cc2s1,100.0,7.0,1,324.365
CC(=O)Nc1nc2ccc(-c3cccc(-c4ccccc4)c3)cn2n1,19952.62,4.70000006855703,0,328.375
CC(=O)Nc1nc2ccc(-c3cccc(NS(C)(=O)=O)c3)cn2n1,5011.87,5.300000202445418,0,345.38400000000007
CC(=O)Nc1nc2ccc(-c3cccc(S(=O)(=O)NCc4ccccc4)c3)cn2n1,100000.0,4.0,0,421.4820000000001
CC(=O)Nc1nc2ccc(-c3cccc(S(C)(=O)=O)c3)cn2n1,50118.72,4.300000029139088,0,330.369
CC(=O)Nc1nc2ccc(-c3cccnc3)cc2s1,110.0,6.958607314841775,1,269.329
CC(=O)Nc1nc2ccc(-c3cccnc3)cn2n1,15848.93,4.800000052738446,0,253.26500000000001
CC(=O)Nc1nc2ccc(-c3ccncc3)cn2n1,1584.89,5.800000874803203,0,253.26500000000001
CC(=O)Nc1nc2ccc(-c3ccsc3)cn2n1,199.53,6.699991797446187,1,258.306
CC(=O)Nc1nc2ccc(-c3cnc(Cl)c(NC(=O)c4cccc(Cl)c4)c3)cc2s1,980.0,6.008773924307505,1,457.34200000000016
CC(=O)Nc1nc2ccc(-c3cnc(Cl)c(NC(C#N)c4ccccc4)c3)cc2s1,490.0,6.309803919971486,1,433.9240000000001
CC(=O)Nc1nc2ccc(-c3cnc(Cl)c(NS(=O)(=O)c4ccc(F)cc4)c3)cc2s1,6.3,8.200659450546418,1,476.9420000000001
CC(=O)Nc1nc2ccc(-c3cnc(N)c(C(F)(F)F)c3)cc2n1C,4000.0,5.3979400086720375,0,349.31600000000003
CC(=O)Nc1nc2ccc(-c3cnc(N)c(C(F)(F)F)c3)cc2o1,790.0,6.102372908709558,1,336.273
CC(=O)Nc1nc2ccc(-c3cnc(N)c(C(F)(F)F)c3)cc2s1,7.9,8.102372908709558,1,352.341
CC(=O)Nc1nc2ccc(-c3cnc(N)c(C)c3)cc2s1,36.0,7.443697499232712,1,298.371
CC(=O)Nc1nc2ccc(-c3cnc(N)cc3C(F)(F)F)cc2s1,2000.0,5.698970004336019,0,352.341
CC(=O)Nc1nc2ccc(-c3cnc(N)nc3)cc2s1,54.0,7.267606240177032,1,285.332
CC(=O)Nc1nc2ccc(-c3cncc(CS(N)(=O)=O)c3)cn2n1,100.0,7.0,1,346.37200000000007
CC(=O)Nc1nc2ccc(-c3cncc(S(=O)(=O)NCc4ccccc4)c3)cn2n1,3162.28,5.499999678657065,0,422.4700000000001
CC(=O)Nc1nc2ccc(-c3cncc(S(C)(=O)=O)c3)c(C)n2n1,100000.0,4.0,0,345.38400000000007
CC(=O)Nc1nc2ccc(-c3cncc(S(C)(=O)=O)c3)cn2n1,3981.07,5.40000018605658,0,331.357
CC(=O)Nc1nc2ccc(-c3cncc4ccccc34)cn2n1,100000.0,4.0,0,303.32500000000005
CC(=O)Nc1nc2ccc(-c3cncnc3)cn2n1,15848.93,4.800000052738446,0,254.25300000000001
CC(=O)Nc1nc2ccc(-c3cnn(C)c3)cn2n1,63095.73,4.200000030616179,0,256.269
CC(=O)Nc1nc2ccc(-c3nc(N4CCOCC4)c4sc(CN5CCN(S(C)(=O)=O)CC5)cc4n3)cc2s1,10000.0,5.0,0,587.7530000000003
CC(=O)Nc1nc2ccc(-c3nc(N4CCOCC4)nc(N4CCOCC4)n3)cc2s1,8751.0,5.057942316158605,0,441.5170000000002
CC(=O)Nc1nc2ccc(-c3nn(C(C)C)c4ncnc(N)c34)cc2o1,10000.0,5.0,0,351.3700000000001
CC(=O)Nc1nc2ccc(-c3nn(Cc4cc5ccccc5nc4N4CCN(C)CC4)c4ncnc(N)c34)cc2s1,788.0,6.103473782510445,1,564.6790000000003
CC(=O)Nc1nc2ccc(-c3sc(C)nc3C)cn2n1,6309.57,5.200000237109354,0,287.34799999999996
CC(=O)Nc1ncc(-c2cc(N3CCOCC3)cc(S(=O)(=O)c3ccccc3)c2)cn1,3100.0,5.508638306165727,0,438.50900000000007
CC(=O)Nc1ncc(-c2cc(S(=O)(=O)c3ccccc3)cc(N3CCOCC3)n2)cn1,390.0,6.4089353929735005,1,439.49700000000024
CC(=O)Nc1ncc(-c2ccc3oc(N)nc3c2)s1,10000.0,5.0,0,274.305
CC(=O)Nc1ncc(-c2nc(N3CCOCC3)c3ncccc3n2)cn1,1400.0,5.853871964321762,0,351.36999999999995
CC(=O)Nc1ncc2cc(-c3cnc(N)c(C(F)(F)F)c3)ccc2n1,1600.0,5.795880017344075,0,347.3
CC(=O)Oc1cccc(-c2nc(N3CCOCC3)c3cc4ncccc4n3n2)c1,49.7,7.303643611266668,1,389.415
CC(=O)Oc1ccn2ncc(/C=N/N(C)S(=O)(=O)c3cc([N+](=O)[O-])ccc3C)c2c1,620.0,6.2076083105017466,1,431.43000000000023
CC(=O)c1c[nH]c2ncc(-c3cnc(N)c(NS(=O)(=O)N4CCOCC4)c3)cc12,730.0,6.136677139879544,1,416.46300000000025
CC(=O)c1c[nH]c2ncc(-c3cncc(NS(=O)(=O)c4ccccc4)c3)cc12,620.0,6.2076083105017466,1,392.4400000000001
CC(=O)c1ccc(-c2ccc3ncc4c(=O)[nH]c(=O)n(-c5cccc(C(F)(F)F)c5)c4c3n2)cn1,79.0,7.102372908709558,1,477.4020000000001
CC(=O)c1ccc(-c2ccc3ncc4nc(C)n(-c5ccc(F)cc5)c4c3c2)cc1,303.9,6.517269299920057,1,395.43700000000007
CC(=O)c1ccc(-c2ccc3ncnc(Nc4ccc(CC#N)cc4)c3c2)cc1,270.0,6.568636235841013,1,378.4350000000001
CC(=O)c1ccc(-c2nn(C(C)C)c3ncnc(N)c23)cc1,1400.0,5.853871964321762,0,295.346
CC(=O)c1ccc(C(=O)N2CCOc3ccc(-c4ccc5cn[nH]c5c4)cc3C2)cc1,1800.0,5.7447274948966935,0,411.46100000000007
CC(=O)c1ccc(C(=O)N2CCOc3ccc(-c4ccc5cnn(C)c5c4)cc3C2)cc1,2447.0,5.6113660306482105,0,425.4880000000001
CC(=O)c1ccc(NC(=O)c2cc3ccccc3[nH]2)cc1,61000.0,4.214670164989233,0,278.311
CC(=O)c1ccc(Nc2cc3c(cn2)n(C)c(=O)n3C2CCCC2)cc1,42700.0,4.369572124974976,0,350.42200000000014
CC(=O)c1cccc(-c2nn(C(C)C)c3ncnc(N)c23)c1,3400.0,5.468521082957745,0,295.346
CC(=O)c1cccc(C#Cc2c(N)ncnc2N[C@@H](C)c2nc3cccc(Cl)c3c(=O)n2-c2ccccc2)c1,100.0,7.0,1,535.0070000000002
CC(=O)c1cccc(C#Cc2c(N)ncnc2N[C@@H](C)c2nc3cccc(Cl)c3c(=O)n2-c2ccccc2)n1,1000.0,6.0,1,535.9950000000001
CC(=O)c1cccc(NC(=O)c2cc3ccccc3[nH]2)c1,64000.0,4.1938200260161125,0,278.311
CC(=O)c1cccc(Nc2cc3c(cn2)n(C)c(=O)n3C2CCCC2)c1,8570.0,5.0670191780768015,0,350.42200000000014
CC(=O)c1cccnc1C#Cc1c(N)ncnc1N[C@@H](C)c1nc2cccc(Cl)c2c(=O)n1-c1ccccc1,1000.0,6.0,1,535.9950000000002
CC(=O)c1cnc2ccc(-c3cncc(NS(=O)(=O)c4ccccc4)c3)cn12,2.0,8.698970004336019,1,392.4400000000001
CC(=O)n1nc(N)c2ccc(-c3ccc4oc(N)nc4c3)cc21,10000.0,5.0,0,307.31300000000005
CC(C)(C#N)c1ccc(N2C(=O)OCc3cnc4ccc(-c5cnc6ccccc6c5)cc4c32)cc1,170.0,6.769551078621726,1,470.53200000000015
CC(C)(C#N)c1ccc(Nc2ncnc3ccc(-c4ccc5oc(N)nc5c4)cc23)cc1,100.0,7.0,1,420.47600000000017
CC(C)(C)C(=O)N1CC(S(=O)(=O)c2cc(-c3cnc(N)nc3)cc(N3CCOCC3)c2)C1,580.0,6.236572006437063,1,459.5720000000003
CC(C)(C)N1CCN(C(=O)c2cnc3ccc(-c4ccc5oc(N)nc5c4)cn23)CC1,100.0,7.0,1,418.50100000000026
CC(C)(C)N1CCN(c2cnc3ccc(-c4ccc5oc(N)nc5c4)cc3n2)CC1,100.0,7.0,1,402.50200000000024
CC(C)(C)NC(=O)N1CC(S(=O)(=O)c2cc(-c3cnc(N)nc3)cc(N3CCOCC3)c2)C1,150.0,6.823908740944319,1,474.58700000000033
CC(C)(C)NS(=O)(=O)c1cncc(-c2cc(F)c3nc(N)nn3c2)c1,10000.0,5.0,0,364.4060000000001
CC(C)(C)NS(=O)(=O)c1cncc(-c2ccc3nc(N)nn3c2)c1,2511.89,5.59999938302362,0,346.41600000000005
CC(C)(C)NS(=O)(=O)c1cncc(-c2ccc3nc(NC(=O)N4CCOCC4)nn3c2)c1,25118.86,4.600000074606178,0,459.53200000000027
CC(C)(C)NS(=O)(=O)c1cncc(-c2ccc3nc(NC(=O)NCC(=O)N4CCCC4)nn3c2)c1,1000.0,6.0,1,500.5850000000003
CC(C)(C)NS(=O)(=O)c1cncc(-c2ccc3nc(NC(=O)NCC(=O)N4CCOCC4)nn3c2)c1,398.11,6.399996913372259,1,516.5840000000004
CC(C)(C)NS(=O)(=O)c1cncc(-c2ccc3nc(NC(=O)NCCCn4nnc(C5CC5)n4)nn3c2)c1,6309.57,5.200000237109354,0,539.6260000000003
CC(C)(C)NS(=O)(=O)c1cncc(-c2ccc3nc(NC(=O)NCCN4CCOCC4)nn3c2)c1,1258.93,5.899998417198648,0,502.60100000000034
CC(C)(C)NS(=O)(=O)c1cncc(-c2ccc3nc(NC(=O)NCCc4ccccc4)nn3c2)c1,3162.28,5.499999678657065,0,493.5930000000002
CC(C)(C)NS(=O)(=O)c1cncc(-c2ccc3nc(NC(=O)NCCc4cnccn4)nn3c2)c1,1258.93,5.899998417198648,0,495.5690000000002
CC(C)(C)NS(=O)(=O)c1cncc(-c2ccc3nc(NC(=O)NCCc4nnc(C5CC5)o4)nn3c2)c1,3162.28,5.499999678657065,0,525.5950000000004
CC(C)(C)NS(=O)(=O)c1cncc(-c2ccc3nc(NC(=O)NCCn4cccn4)nn3c2)c1,630.96,6.199998172182031,1,483.55800000000016
CC(C)(C)NS(=O)(=O)c1cncc(-c2ccc3nc(NC(=O)NCCn4nnc(C5CC5)n4)nn3c2)c1,794.33,6.0999990348465305,1,525.5990000000003
CC(C)(C)NS(=O)(=O)c1cncc(-c2ccc3nc(NC(=O)NCc4ccccc4)nn3c2)c1,19952.62,4.70000006855703,0,479.56600000000014
CC(C)(C)NS(=O)(=O)c1cncc(-c2ccc3nc(NC(=O)Nc4ccccc4)nn3c2)c1,100000.0,4.0,0,465.5390000000001
CC(C)(C)NS(=O)(=O)c1cncc(-c2cn3nc(N)nc3cc2F)c1,100000.0,4.0,0,364.4060000000001
CC(C)(C)OC(=O)N1C(=O)c2ccc(NC(=O)Nc3ccc(-c4nc(N5CCOCC5)nc(N5CCOCC5)n4)cc3)cc2C1=O,378.6,6.421819390372222,1,630.6620000000003
CC(C)(C)OC(=O)N1CC(S(=O)(=O)c2cc(-c3cnc(N)cn3)cc(N3CCOCC3)c2)C1,540.0,6.267606240177032,1,475.5710000000003
CC(C)(C)OC(=O)N1CC(S(=O)(=O)c2cc(-c3cnc(N)nc3)cc(N3CCOCC3)c2)C1,130.0,6.886056647693163,1,475.5710000000003
CC(C)(C)OC(=O)N1CCC(N2CC(S(=O)(=O)c3cc(-c4cnc(N)nc4)cc(N4CCOCC4)c3)C2)CC1,800.0,6.096910013008056,1,558.7050000000002
CC(C)(C)OC(=O)N1CCC(n2ncc3c(N4CCOCC4)nc(-c4ccc(N)cc4)nc32)CC1,41.0,7.3872161432802645,1,479.5850000000004
CC(C)(C)OC(=O)N1CCC(n2ncc3c(N4CCOCC4)nc(-c4ccc(NC(=O)NC5CC5)cc4)nc32)CC1,898.0,6.0467236633326955,1,562.6750000000002
CC(C)(C)OC(=O)N1CCC(n2ncc3c(N4CCOCC4)nc(-c4ccc(NC(=O)NCCF)cc4)nc32)CC1,786.0,6.104577453960592,1,568.6540000000001
CC(C)(C)OC(=O)N1CCN(c2cc(-c3cnc(N)nc3)cc(S(=O)(=O)c3ccccc3)c2)CC1,21000.0,4.6777807052660805,0,495.60500000000025
CC(C)(C)OC(=O)N1CCN(c2nc(-c3ccc4nc(N)sc4c3)nc(N3CCOCC3)n2)CC1,432.0,6.364516253185088,1,498.6130000000004
CC(C)(C)OC(=O)N1CCN(c2nc(-c3ccc4oc(N)nc4c3)nc(N3CCOCC3)n2)CC1,259.0,6.586700235918748,1,482.5450000000004
CC(C)(C)OC(=O)N1CC[C@](C)(N2CCc3c(-c4cnc(N)nc4)nc(N4CCOCC4)nc32)C1,6.8,8.167491087293763,1,482.5890000000003
CC(C)(C)OC(=O)N1CC[C@](C)(Nc2cc(-c3cnc(N)nc3)nc(N3CCOCC3)n2)C1,110.0,6.958607314841775,1,456.55100000000033
CC(C)(C)OC(=O)N1CC[C@](CO)(Nc2cc(-c3cnc(N)nc3)nc(N3CCOCC3)n2)C1,46.0,7.337242168318426,1,472.5500000000003
CC(C)(C)OC(=O)N1Cc2cc(NC(=O)Nc3ccc(-c4nc(N5CCOCC5)nc(N5CCOCC5)n4)cc3)ccc2C1=O,256.1,6.591590421531571,1,616.6790000000004
CC(C)(C)OC(=O)N1Cc2ccc(NC(=O)Nc3ccc(-c4nc(N5CCOCC5)nc(N5CCOCC5)n4)cc3)cc2C1,112.3,6.949620243738543,1,602.6960000000003
CC(C)(C)OC(=O)N1Cc2ccc(NC(=O)Nc3ccc(-c4nc(N5CCOCC5)nc(N5CCOCC5)n4)cc3)cc2C1=O,232.3,6.633950790199765,1,616.6790000000003
CC(C)(C)OC(=O)n1ccc2cc(-c3nn(C4CCCC4)c4ncnc(N)c34)ccc21,100000.0,4.0,0,418.50100000000026
CC(C)(C)S(=O)(=O)c1cncc(-c2ccc3nc(N)nn3c2)c1,15848.93,4.800000052738446,0,331.40100000000007
CC(C)(C)c1cc(-c2cnc(NC(=O)N3CCCC3C(N)=O)s2)ccn1,15.0,7.823908740944319,1,373.482
CC(C)(C)c1cc(NC(=O)Nc2cccc(-c3csc4c(=O)cc(N5CCOCC5)oc34)c2)no1,950.0,6.022276394711152,1,494.5730000000004
CC(C)(C)c1ccc(-c2n[nH]c3ncnc(N)c23)cc1,19000.0,4.721246399047171,0,267.33599999999996
CC(C)(C)c1ccc(Cn2c(=O)c3ccnn3c3ccc(C(=O)NCc4cccnc4)cc32)cc1,20000.0,4.698970004336019,0,465.5570000000002
CC(C)(C)c1ccc(S(=O)(=O)N2CCN(Cn3cc4c(=O)oc5ccccc5c4n3)CC2)cc1,950.0,6.022276394711152,1,480.5900000000002
CC(C)(C)c1ccc(S(=O)(=O)n2cc3c(=O)oc4ccccc4c3n2)cc1,9680.0,5.014124642691606,0,382.44100000000003
CC(C)(C)c1nc2c(N3CCOCC3)nc(-c3cccc4[nH]ccc34)nc2n1CCO,10.0,8.0,1,420.5170000000001
CC(C)(C)c1nc2c(s1)CCc1nc(NC(=O)N3CCC[C@@]3(C)C(N)=O)sc1-2,18.0,7.7447274948966935,1,419.57600000000025
CC(C)(C)c1nc2c(s1)CCc1nc(NC(=O)N3CCC[C@H]3C(N)=O)sc1-2,16.0,7.795880017344075,1,405.5490000000002
CC(C)(C)c1nc2c(s1)CCc1nc(NC(=O)N3CC[C@@H]4C[C@@]43C(N)=O)sc1-2,10.0,8.0,1,417.56000000000023
CC(C)(C)c1ncc2c(n1)-c1sc(NC(=O)N3CCC[C@@]3(C)C(N)=O)nc1CC2,4.5,8.346787486224656,1,414.53500000000037
CC(C)(C)c1ncc2c(n1)-c1sc(NC(=O)N3CCC[C@H]3C(N)=O)nc1CC2,5.0,8.301029995663981,1,400.5080000000003
CC(C)(C)c1ncc2c(n1)-c1sc(NC(=O)N3CC[C@@H]4C[C@@]43C(N)=O)nc1CC2,9.5,8.022276394711152,1,412.51900000000035
CC(C)(C)c1nccc(-c2cnc(NC(=O)N3CC4CC4C3C(N)=O)s2)n1,48.0,7.318758762624412,1,386.4810000000001
CC(C)(C)c1nccc(-c2cnc(NC(=O)N3CCCC3C(N)=O)s2)n1,13.0,7.886056647693163,1,374.47000000000014
CC(C)(C)n1nc(-c2ccc3ccccc3c2)c2c(N)ncnc21,100000.0,4.0,0,317.3960000000001
CC(C)(CO)CN(Cc1cccc2ccccc12)c1cc(N2CCOCC2)nc(=O)[nH]1,205000.0,3.688246138944246,0,422.5290000000003
CC(C)(CO)n1nc(-c2ccc3oc(N)nc3c2)c2c(N)ncnc21,10000.0,5.0,0,339.3590000000001
CC(C)(N)C(=O)N1CCN(c2cnc3ccc(-c4ccc5oc(N)nc5c4)cc3n2)CC1,100.0,7.0,1,431.5000000000002
CC(C)(N)C(=O)N1CC[C@](C)(N2CCc3c(-c4cnc(N)nc4)nc(N4CCOCC4)nc32)C1,25.0,7.6020599913279625,1,467.5780000000003
CC(C)(N)c1cc2nc(-c3cnc(N)nc3)nc(N3CCOCC3)c2s1,7.0,8.154901959985743,1,371.4700000000002
CC(C)(O)C(=O)N1CCN(Cc2csc3c(-c4cnc(N)nc4)nc(N4CCOCC4)nc23)CC1,46.2,7.335358024443875,1,498.6130000000004
CC(C)(O)C(=O)N1CC[C@](C)(N2CCc3c(-c4cnc(N)nc4)nc(N4CCOCC4)nc32)C1,53.0,7.275724130399211,1,468.5620000000003
CC(C)(O)C1CCN(Cc2ccc3nc(-c4c(F)ccc5[nH]ccc45)nc(N4CCOCC4)c3n2)CC1,1258.93,5.899998417198648,0,504.61000000000035
CC(C)(O)C1CCN(Cc2csc3c(-c4cnc(N)nc4)nc(N4CCOCC4)nc23)CC1,245.0,6.610833915635467,1,469.6150000000004
CC(C)(O)CNc1ccc(CS(=O)(=O)c2cc(-c3cnc(N)nc3)cc(N3CCOCC3)c2)cc1,600.0,6.221848749616356,1,497.6210000000003
CC(C)(O)CNc1ccc(S(=O)(=O)c2cc(-c3cnc(N)nc3)cc(N3CCOCC3)c2)cc1,2000.0,5.698970004336019,0,483.5940000000003
CC(C)(O)CNc1ncc(-c2ccnc(Nc3ccnc(Cl)c3)n2)c(CC2CC2)n1,8036.0,5.094960071923788,0,425.92400000000026
CC(C)(O)Cn1cc(-c2ccc3c(c2)OCCc2sc(-c4ncnn4CC(F)(F)F)nc2-3)cn1,122.0,6.913640169325252,1,490.51100000000014
CC(C)(O)Cn1ncnc1-c1cc2c(s1)-c1ccc(C(N)=O)cc1OCC2,242.5,6.615288257061717,1,384.46100000000024
CC(C)(O)c1cc2nc(-c3cccc4[nH]ncc34)nc(N3CCOCC3)c2s1,22.0,7.657577319177793,1,395.4880000000003
CC(C)(O)c1cc2nc(-c3cnc(N)nc3)nc(N3CCOCC3)c2s1,3.2,8.494850021680094,1,372.45400000000024
CC(C)(O)c1ccc(-c2cnc3[nH]c(=O)n(CC4CCCCC4)c3n2)cc1,21900.0,4.6595558851598815,0,366.46500000000026
CC(C)(O)c1ccc(-c2cnc3[nH]c(=O)n(CC4CCOCC4)c3n2)cn1,30000.0,4.522878745280337,0,369.42500000000024
CC(C)(O)c1ccc(-c2cnc3[nH]c(=O)n(CCC4CCOCC4)c3n2)cn1,30000.0,4.522878745280337,0,383.4520000000002
CC(C)(O)c1ccc(-c2cnc3c(n2)N(C2CCOCC2)C(=O)CN3)cn1,3200.0,5.494850021680094,0,369.4250000000002
CC(C)(O)c1ccc(-c2cnc3c(n2)N(C2CCOCC2)CC(=O)N3)cn1,4700.0,5.327902142064283,0,369.4250000000002
CC(C)(O)c1ccc(-c2cnc3c(n2)N(CC2CCCCC2)CC(=O)N3)cn1,17700.0,4.752026733638194,0,381.4800000000002
CC(C)(O)c1ccc(-c2cnc3c(n2)N(CC2CCOCC2)C(=O)CN3)cn1,3800.0,5.42021640338319,0,383.45200000000017
CC(C)(O)c1ccc(-c2cnc3c(n2)N(CC2CCOCC2)CC(=O)N3)cn1,30000.0,4.522878745280337,0,383.45200000000017
CC(C)(O)c1ccc(-c2cnc3c(n2)N([C@H]2CC[C@@H](O)CC2)C(=O)CN3)cn1,2800.0,5.552841968657781,0,383.45200000000017
CC(C)(O)c1ccc(-c2cnc3c(n2)N([C@H]2CC[C@H](O)CC2)C(=O)CN3)cn1,1900.0,5.721246399047171,0,383.45200000000017
CC(C)(c1cc(-c2cnc(NC(=O)N3CCC[C@@]3(C)C(N)=O)s2)ccn1)C(F)(F)F,8.0,8.096910013008056,1,441.47900000000004
CC(C)(c1cc(-c2cnc(NC(=O)N3CCC[C@H]3C(N)=O)s2)ccn1)C(F)(F)F,74.75,7.1263888030035325,1,427.452
CC(C)(c1cc(-c2sc(NC(=O)N3CCC[C@H]3C(N)=O)nc2Cl)ccn1)C(F)(F)F,189.5,6.722390785695909,1,461.8970000000001
CC(C)(c1cc(N2CCOCC2)nc(-c2cccc3[nH]ccc23)n1)S(C)(=O)=O,1600.0,5.795880017344075,0,400.5040000000001
CC(C)(c1cc([C@@]23CCOC[C@@H]2C3)nc(-c2ccc(NC(=S)NCCO)cc2)n1)S(C)(=O)=O,7943.28,5.100000128334196,0,490.6510000000001
CC(C)(c1cc([C@@]23CCOC[C@@H]2C3)nc(-c2cccc(O)c2)n1)S(C)(=O)=O,10000.0,5.0,0,388.4890000000001
CC(C)(c1cc([C@]23CCOC[C@H]2C3)nc(-c2ccc(NC(=S)NCCO)cc2)n1)S(C)(=O)=O,25118.86,4.600000074606178,0,490.6510000000001
CC(C)(c1cc([C@]23CCOC[C@H]2C3)nc(-c2cccc(O)c2)n1)S(C)(=O)=O,15848.93,4.800000052738446,0,388.4890000000001
CC(C)=CC(=O)CCC(=O)N1CCN(Cc2cc3nc(-c4cccc5[nH]ncc45)nc(N4CCOCC4)c3s2)CC1,6.8,8.167491087293763,1,573.7230000000002
CC(C)C#Cc1cccc2cc([C@H](C)NC(=O)c3c(N)nn4cccnc34)n(-c3ccccc3)c(=O)c12,2000.0,5.698970004336019,0,490.5670000000002
CC(C)C(=O)CN1c2nc(N3CCOC[C@H]3C)cc(=O)n2CC[C@H]1C(F)(F)F,2700.0,5.568636235841013,0,402.4170000000001
CC(C)C(=O)N1CC(S(=O)(=O)c2cc(-c3cnc(N)nc3)cc(N3CCOCC3)c2)C1,300.0,6.522878745280337,1,445.5450000000003
CC(C)C(=O)N1CC[C@](C)(N2CCc3c(-c4cnc(N)nc4)nc(N4CCOCC4)nc32)C1,6.9,8.161150909262744,1,452.56300000000033
CC(C)C(=O)N1CC[C@](CO)(Nc2cc(-c3cnc(N)nc3)nc(N3CCOCC3)n2)C1,1100.0,5.958607314841775,0,442.52400000000034
CC(C)C(=O)Nc1nc2cc(-c3nc(N4CCOCC4)nc(N4CCOCC4)n3)ccc2o1,397.0,6.401209493236885,1,453.5030000000003
CC(C)C(O)Cc1ccc2c(N3CCOCC3)nc(-c3cnc(N)nc3)nn12,290.0,6.5376020021010435,1,383.456
CC(C)CCn1nc(-c2ccc3ccccc3c2)c2c(N)ncnc21,29000.0,4.5376020021010435,0,331.4230000000001
CC(C)CN(C)C(=O)c1cc2c(s1)-c1ccccc1OC2,17000.0,4.769551078621726,0,301.41100000000006
CC(C)CNc1cc(-c2ccc3c(c2)-c2ccc(O[C@@H](C)C(N)=O)cc2OC3)ncn1,28.0,7.552841968657781,1,418.4970000000002
CC(C)COc1cc(-c2cccc3c(=O)cc(N4CCOCC4)oc23)ccc1NC(=O)CN1CCOCC1,150.0,6.823908740944319,1,521.6140000000004
CC(C)CS(=O)(=O)NCc1cccc(-n2c([C@H](C)Nc3ncnc(N)c3C#Cc3ccc(F)cn3)nc3cccc(Cl)c3c2=O)c1,1000.0,6.0,1,661.1630000000001
CC(C)Cn1ncnc1-c1cc2c(s1)-c1ccc(C(N)=O)cc1OCC2,141.5,6.849243560139691,1,368.4620000000002
CC(C)N(C)C(=O)c1cc2c(s1)-c1ccccc1OC2,5200.0,5.2839966563652006,0,287.38400000000007
CC(C)N(C)C(=O)c1cc2c(s1)-c1ccccc1OCC2,2000.0,5.698970004336019,0,301.4110000000001
CC(C)N(C)c1nc(-c2ccc(NC(=O)Nc3ccc(N4CCN(C)CC4)cc3)cc2)nc(N2C3CCC2COC3)n1,4766.0,5.321845961989562,0,571.7300000000002
CC(C)N1CC(S(=O)(=O)c2cc(-c3cnc(N)nc3)cc(N3CCOCC3)c2)C1,870.0,6.060480747381382,1,417.53500000000025
CC(C)N1CCC(Nc2ncnc3ccc(-c4ccc5oc(N)nc5c4)cc23)CC1,100.0,7.0,1,402.50200000000024
CC(C)N1CCC(S(=O)(=O)c2cc(-c3cnc(N)nc3)cc(N3CCOCC3)c2)C1,2500.0,5.6020599913279625,0,431.5620000000003
CC(C)N1CCC(S(=O)(=O)c2cc(-c3cnc(N)nc3)cc(N3CCOCC3)c2)CC1,7220.0,5.141462802430361,0,445.58900000000034
CC(C)N1CCC(n2cnc3ccc(-c4ccc5oc(N)nc5c4)cc3c2=O)CC1,100.0,7.0,1,403.4860000000002
CC(C)N1CCC(n2cnc3ccc(-c4cnc(Cl)c(NS(=O)(=O)c5ccccc5)c4)cc3c2=O)CC1,100.0,7.0,1,538.0730000000001
CC(C)N1CCC(n2cnc3ccc(-c4cnc(Cl)c(NS(C)(=O)=O)c4)cc3c2=O)CC1,100.0,7.0,1,476.0020000000003
CC(C)N1CCC(n2cnc3ccc(-c4cncc(NS(=O)(=O)c5ccc(F)cc5F)c4)cc3c2=O)CC1,1000.0,6.0,1,539.6080000000001
CC(C)N1CCC(n2cnc3ccc(-c4cncc(NS(C)(=O)=O)c4)cc3c2=O)CC1,10000.0,5.0,0,441.55700000000024
CC(C)N1CCC(n2nc(-c3cc4c(Cl)ccc(O)c4[nH]3)c3c(N)ncnc32)CC1,500.0,6.301029995663981,1,425.92400000000026
CC(C)N1CCC(n2nc(-c3cc4cc(O)cc(Cl)c4[nH]3)c3c(N)ncnc32)CC1,500.0,6.301029995663981,1,425.9240000000002
CC(C)N1CCC(n2nc(-c3cc4cc(O)ccc4[nH]3)c3c(N)ncnc32)CC1,500.0,6.301029995663981,1,391.4790000000002
CC(C)N1CCC(n2nc(-c3cc4cccc(O)c4[nH]3)c3c(N)ncnc32)CC1,500.0,6.301029995663981,1,391.4790000000002
CC(C)N1CCN(C(=O)C2CN(c3cnc4ccc(-c5ccc6oc(N)nc6c5)cc4n3)C2)CC1,100.0,7.0,1,471.56500000000034
CC(C)N1CCN(C(=O)c2ccc(NC(=O)Nc3ccc(-c4nc(C5CCOCC5)nc(N5C6CCC5COC6)n4)cc3)cc2)CC1,148.0,6.8297382846050425,1,640.7890000000002
CC(C)N1CCN(C(=O)c2ccc(NC(=O)Nc3ccc(-c4nc(C5CCOCC5)nc(N5CCOC[C@H]5C)n4)cc3)cc2)CC1,90.0,7.045757490560675,1,628.7780000000004
CC(C)N1CCN(C(=O)c2ccc(NC(=O)Nc3ccc(-c4nc(N5C6CCC5COC6)nc(N5CCOC[C@H]5C)n4)cc3)cc2)CC1,102.0,6.991399828238082,1,655.8040000000002
CC(C)N1CCN(C(=O)c2cnc3ccc(-c4ccc5oc(N)nc5c4)cn23)CC1,100.0,7.0,1,404.4740000000002
CC(C)N1CCN(C2CN(c3cnc4ccc(-c5ccc6oc(N)nc6c5)cc4n3)C2)CC1,100.0,7.0,1,443.5550000000003
CC(C)N1CCN(Cc2ccc(-c3cc(NS(=O)(=O)c4cc(N5CCOCC5)cnc4N(C)C)ccn3)c(F)c2)CC1,10000.0,5.0,0,597.7610000000003
CC(C)N1CCN(Cc2cnc(-c3cc(-c4cccc5[nH]ccc45)cc4[nH]ncc34)o2)CC1,5011.87,5.300000202445418,0,440.5510000000002
CC(C)N1CCN(c2ccc(NC(=O)Nc3ccc(-c4nc(C5CCOCC5)nc(N5C6CCC5COC6)n4)cc3)cc2)CC1,660.0,6.180456064458132,1,612.7790000000003
CC(C)N1CCN(c2ccc(NC(=O)Nc3ccc(-c4nc(N5C6CCC5COC6)nc(N5CCOC[C@H]5C)n4)cc3)cc2)CC1,970.0,6.013228265733755,1,627.7940000000003
CC(C)N1CCN(c2ccnc3ccc(-c4cnc(Cl)c(NS(=O)(=O)c5ccc(F)cc5)c4)cc23)CC1,28.0,7.552841968657781,1,540.064
CC(C)N1CCN(c2cnc3ccc(-c4ccc5oc(N)nc5c4)cc3n2)C(=O)C1,10000.0,5.0,0,402.4580000000002
CC(C)N1CCN(c2cnc3ccc(-c4ccc5oc(N)nc5c4)cc3n2)CC1,100.0,7.0,1,388.4750000000002
CC(C)N1CCN(c2cnc3ccc(-c4cnc(Cl)c(NS(=O)(=O)c5ccc(F)cc5)c4)cc3n2)CC1,11.2,7.950781977329818,1,541.052
CC(C)N1CCN(c2nc(-c3ccc4oc(N)nc4c3)nc(N3CCOCC3)n2)CC1,1046.0,5.980468315468745,0,424.50900000000036
CC(C)NC(=O)CSc1nc(-c2ccc3c(c2)OCO3)nc2cc(=O)[nH]n12,17000.0,4.769551078621726,0,387.42100000000016
CC(C)NC(=O)Nc1ccc(-c2nc(N3CCOCC3)c3cnn(C4CCN(Cc5ccccc5)CC4)c3n2)cc1,270.0,6.568636235841013,1,554.6990000000003
CC(C)NC(=O)c1c(-c2ccccc2)c([C@H](C)Nc2ncnc(N)c2C#N)nc2ccc(F)cc12,12700.0,4.896196279044043,0,469.5240000000002
CC(C)NS(=O)(=O)c1cncc(-c2ccc3nc(N)nn3c2)c1,2511.89,5.59999938302362,0,332.38900000000007
CC(C)Nc1cc(-c2ccc3c(c2)-c2ccc(O[C@@H](C)C(N)=O)cc2OC3)ncn1,3.7,8.431798275933005,1,404.4700000000002
CC(C)Nc1ccc2cnn(-c3cncc(-c4ccc(C(=O)O)cc4)n3)c2c1,10.0,8.0,1,373.4160000000001
CC(C)Nc1nc(-c2ccc(NC(=O)Nc3ccc(N4CCN(C)CC4)cc3)cc2)nc(N2C3CCC2COC3)n1,2506.0,5.6010189333418685,0,557.7030000000003
CC(C)Nc1nc2cc(-c3nc(N4CCOCC4)nc(N4CCOCC4)n3)ccc2o1,2774.0,5.556893543262734,0,425.4930000000002
CC(C)OC(=O)N1CCC(n2ncc3c(N4CCOCC4)nc(-c4ccc(NC(=O)NC5CC5)cc4)nc32)CC1,1782.0,5.749092300299144,0,548.6480000000001
CC(C)OC(=O)N1CCC(n2ncc3c(N4CCOCC4)nc(-c4ccc(NC(=O)NCCF)cc4)nc32)CC1,1207.0,5.91829272990265,0,554.6270000000001
CC(C)OC(=O)c1ccc(C#Cc2c(N)ncnc2N[C@@H](C)c2nc3cccc(Cl)c3c(=O)n2-c2ccccc2)nc1,1000.0,6.0,1,580.0480000000001
CC(C)OCCN1c2nc(N3CCOCC3)cc(=O)n2CC[C@H]1C(F)(F)F,567.0,6.246416941107094,1,390.40600000000006
CC(C)Oc1cc(-c2cccc3c(=O)cc(N4CCOCC4)oc23)ccc1NC(=O)CN1CCOCC1,290.0,6.5376020021010435,1,507.58700000000044
CC(C)Oc1ccc(-c2ccc3nc(N)sc3c2)cn1,5011.87,5.300000202445418,0,285.372
CC(C)Oc1cncc(-c2ccc3nc(N)sc3c2)c1,501.19,6.299997602857746,1,285.372
CC(C)Oc1nc(-c2ccc(NC(=O)Nc3ccc(C(=O)N(C)CCN(C)C)cc3)cc2)nc(N2CCOCC2)n1,1.0,9.0,1,562.6750000000002
CC(C)Oc1nc(-c2ccc(NC(=O)Nc3ccc(C(=O)N4CCN(C)CC4)cc3)cc2)nc(N2CCOCC2)n1,3.0,8.522878745280337,1,560.6590000000002
CC(C)Oc1nc(-c2ccc(NC(=O)Nc3ccc(C(=O)NCCN(C)C)cc3)cc2)nc(N2CCOCC2)n1,3.0,8.522878745280337,1,548.6480000000001
CC(C)Oc1nc(-c2ccc3oc(N)nc3c2)cnc1N,10000.0,5.0,0,285.307
CC(C)S(=O)(=O)Cc1cc(N2CCOCC2)nc(-c2ccccn2)n1,36700.0,4.43533393574791,0,362.45500000000004
CC(C)S(=O)(=O)c1cc(-c2ccn3nc(N)c(C(=O)NC4CC4)c3n2)cc2c1C(=O)N([C@@H](C)C1CC1)C2,952.0,6.021363051615525,1,522.6310000000003
CC(C)S(=O)(=O)c1cncc(N2CCOc3ccc(O[C@H]4CCN(C(=O)C5CCOCC5)C4)cc32)c1,2242.0,5.649364391741045,0,515.6320000000005
CC(C)S(=O)(=O)c1cncc(N2CCOc3ccc(O[C@H]4CCN(C(=O)C5CCS(=O)(=O)CC5)C4)cc32)c1,558.0,6.253365801062421,1,563.6980000000003
CC(C)[C@@H](N)C(=O)N1CCN(c2cnc3ccc(-c4ccc5oc(N)nc5c4)cc3n2)CC1,100.0,7.0,1,445.52700000000027
CC(C)[C@H](N)C(=O)N1CCN(c2cnc3ccc(-c4ccc5oc(N)nc5c4)cc3n2)CC1,100.0,7.0,1,445.52700000000027
CC(C)[C@H](N1Cc2cc(-c3ccn4nc(N)c(C(=O)NC5CC5)c4n3)cc(NS(C)(=O)=O)c2C1=O)C(F)(F)F,3680.0,5.434152181326482,0,565.5780000000004
CC(C)[C@H](NC(=O)C1CCN(c2nc(N3CCOCC3)nc(-n3c(C(F)F)nc4ccccc43)n2)CC1)C(N)=O,191.0,6.718966632752273,1,557.6060000000001
CC(C)[C@H]1NC(=O)C[C@H]2/C=C/CCSSC[C@@H](NC1=O)C(=O)N[C@H](Cc1cccc3ccccc13)C(=O)NCC(=O)O2,6700.0,5.173925197299174,0,612.7740000000002
CC(C)[C@H]1NC(=O)C[C@H]2/C=C/CCSSC[C@@H](NC1=O)C(=O)N[C@H](Cc1ccccc1)C(=O)NCC(=O)O2,27300.0,4.5638373529592435,0,562.7140000000002
CC(C)c1cc(-c2ccn3nc(N)c(C(=O)NC4CC4)c3n2)cc2c1C(=O)N([C@@H](C)C1CC1)C2,1010.0,5.995678626217358,0,458.5660000000003
CC(C)c1cc(C(=O)N2CCc3c(sc4nc(-c5ccc(NC(=O)Nc6cc(Cl)cc(Cl)c6)cc5)nc(N5CCOCC5)c34)C2)c(O)cc1O,5630.0,5.249491605148654,0,733.6779999999998
CC(C)c1cc(C(=O)N2CCc3c(sc4nc(-c5ccc(NC(=O)Nc6ccc(F)c(Cl)c6)cc5)nc(N5CCOCC5)c34)C2)c(O)cc1O,4980.0,5.302770657240282,0,717.2229999999997
CC(C)c1cc(C(=O)N2CCc3c(sc4nc(-c5ccc(NC(=O)Nc6cccc(C(F)(F)F)c6)cc5)nc(N5CCOCC5)c34)C2)c(O)cc1O,2450.0,5.610833915635467,0,732.7849999999997
CC(C)c1cc(C(=O)N2CCc3c(sc4nc(-c5ccc(NC(=O)Nc6cccc(Cl)c6)cc5)nc(N5CCOCC5)c34)C2)c(O)cc1O,3600.0,5.443697499232712,0,699.2329999999998
CC(C)c1cc(C(=O)N2CCc3c(sc4nc(N5CCOC[C@@H]5C)nc(N5CCOC[C@@H]5C)c34)C2)c(O)cc1O,10000.0,5.0,0,567.7120000000006
CC(C)c1cc(C(C)C)c(S(=O)(=O)N2CCN(Cn3cc4c(=O)oc5ccccc5c4n3)CC2)c(C(C)C)c1,42.0,7.376750709602099,1,550.7250000000003
CC(C)c1cc(C(C)C)c(S(=O)(=O)n2cc3c(=O)oc4ccccc4c3n2)c(C(C)C)c1,20.0,7.698970004336019,1,452.5760000000002
CC(C)c1ccc(-c2ncccc2N2CCN(S(=O)(=O)c3cccc(-c4cnc(N)nc4)c3)CC2)cc1,220.0,6.657577319177793,1,514.6550000000003
CC(C)c1ccc(-c2nccnc2N2CCN(S(=O)(=O)c3cccc(-c4cnc(N)nc4)c3)CC2)cc1,505.0,6.296708621881338,1,515.6430000000003
CC(C)c1ccc(CNc2nc3cc(-c4nc(N5CCOCC5)nc(N5CCOCC5)n4)ccc3o2)cc1,311.0,6.507239610973162,1,515.6180000000004
CC(C)c1ccc([N+](=O)[O-])cc1S(=O)(=O)N(C)/N=C/c1cnn2ccc(C#N)cc12,1.8,8.744727494896694,1,426.4580000000001
CC(C)c1ccccc1Nc1nccc(-c2ccc(Br)cc2)n1,792.0,6.101274818410507,1,368.27799999999996
CC(C)c1nc2ccccc2n1-c1nc(N2CCOCC2)nc(N2CCOCC2)n1,431.0,6.3655227298392685,1,409.49400000000026
CC(C)n1c(-c2nc3c(s2)CCOc2cc(-c4cnn(CC(C)(C)O)c4)ccc2-3)n[nH]c1=O,10.0,8.0,1,466.5670000000002
CC(C)n1c(=O)n(C)c2cnc3cc(F)c(-c4ccc(OCCCN(C)C)nc4)cc3c21,15848.93,4.800000052738446,0,437.5190000000003
CC(C)n1c(=O)n(C)c2cnc3cc(F)c(-c4ccc(OCCCN5CCCCC5)nc4)cc3c21,12589.25,4.900000142057633,0,477.58400000000046
CC(C)n1c(=O)n(C)c2cnc3ccc(-c4ccc(N5CC[C@@H](N(C)C)C5)nc4)cc3c21,316.23,6.499996931948306,1,430.55600000000027
CC(C)n1c(=O)n(C)c2cnc3ccc(-c4ccc(OCCCN(C)C)nc4)cc3c21,10000.0,5.0,0,419.5290000000003
CC(C)n1c(=O)n(C)c2cnc3ccc(-c4ccc(OCCCN5CCCC5)nc4)cc3c21,10000.0,5.0,0,445.5670000000004
CC(C)n1c([C@H](C)NC(=O)c2c(N)nn3cccnc23)cc2cccc(C#Cc3cnn(C)c3)c2c1=O,2000.0,5.698970004336019,0,494.55900000000025
CC(C)n1cc(-c2ccc3nc(N)sc3c2)cn1,15848.93,4.800000052738446,0,258.34999999999997
CC(C)n1cc(-c2ccc3oc(N)nc3c2)c2c(N)ncnc21,1000.0,6.0,1,308.34499999999997
CC(C)n1cc(-c2cccc(O)c2)c2c(N)ncnc21,3800.0,5.42021640338319,0,268.32
CC(C)n1cnc2c(-c3cnc(N)nc3)nc(N3CCOCC3)nc21,17.0,7.769551078621726,1,340.3910000000002
CC(C)n1cnc2c(N3CCOCC3)nc(-c3cnc(N)nc3)nc21,23.0,7.638272163982407,1,340.391
CC(C)n1cnc2ccc(-c3ccc4oc(N)nc4c3)cc2c1=O,100.0,7.0,1,320.35200000000003
CC(C)n1nc(-c2cc(C=O)co2)c2c(N)ncnc21,1600.0,5.795880017344075,0,271.28
CC(C)n1nc(-c2cc(F)c(C=O)c(F)c2)c2c(N)ncnc21,2700.0,5.568636235841013,0,317.299
CC(C)n1nc(-c2cc(F)c(O)cc2F)c2c(N)ncnc21,296.0,6.528708288941061,1,305.28799999999995
CC(C)n1nc(-c2cc(F)c3cn[nH]c3c2)c2c(N)ncnc21,144.0,6.841637507904751,1,311.324
CC(C)n1nc(-c2cc(O)cc(Br)c2)c2c(N)ncnc21,802.0,6.095825631715837,1,348.20400000000006
CC(C)n1nc(-c2cc(O)cc(F)c2)c2c(N)ncnc21,175.0,6.756961951313706,1,287.298
CC(C)n1nc(-c2cc3c(Cl)c(O)ccc3[nH]2)c2c(N)ncnc21,500.0,6.301029995663981,1,342.7900000000001
CC(C)n1nc(-c2cc3c(Cl)ccc(O)c3[nH]2)c2c(N)ncnc21,500.0,6.301029995663981,1,342.7900000000001
CC(C)n1nc(-c2cc3c(Cl)cccc3[nH]2)c2c(N)ncnc21,500.0,6.301029995663981,1,326.79100000000005
CC(C)n1nc(-c2cc3c(O)cccc3[nH]2)c2c(N)ncnc21,500.0,6.301029995663981,1,308.345
CC(C)n1nc(-c2cc3cc(C#N)ccc3[nH]2)c2c(N)ncnc21,500.0,6.301029995663981,1,317.35600000000005
CC(C)n1nc(-c2cc3cc(C(N)=O)ccc3[nH]2)c2c(N)ncnc21,500.0,6.301029995663981,1,335.37100000000004
CC(C)n1nc(-c2cc3cc(C=O)ccc3s2)c2c(N)ncnc21,3400.0,5.468521082957745,0,337.4080000000001
CC(C)n1nc(-c2cc3cc(Cl)ccc3[nH]2)c2c(N)ncnc21,500.0,6.301029995663981,1,326.79100000000005
CC(C)n1nc(-c2cc3cc(F)ccc3[nH]2)c2c(N)ncnc21,500.0,6.301029995663981,1,310.336
CC(C)n1nc(-c2cc3cc(O)c(Cl)cc3[nH]2)c2c(N)ncnc21,500.0,6.301029995663981,1,342.7900000000001
CC(C)n1nc(-c2cc3cc(O)cc(Cl)c3[nH]2)c2c(N)ncnc21,500.0,6.301029995663981,1,342.7900000000001
CC(C)n1nc(-c2cc3cc(O)cc(F)c3[nH]2)c2c(N)ncnc21,500.0,6.301029995663981,1,326.33500000000004
CC(C)n1nc(-c2cc3cc(O)ccc3[nH]2)c2c(N)ncnc21,1500.0,5.823908740944319,0,308.345
CC(C)n1nc(-c2cc3ccc(C#N)cc3[nH]2)c2c(N)ncnc21,500.0,6.301029995663981,1,317.35600000000005
CC(C)n1nc(-c2cc3ccc(C(N)=O)cc3[nH]2)c2c(N)ncnc21,500.0,6.301029995663981,1,335.37100000000004
CC(C)n1nc(-c2cc3ccc(O)cc3[nH]2)c2c(N)ncnc21,500.0,6.301029995663981,1,308.345
CC(C)n1nc(-c2cc3cccc(Cl)c3[nH]2)c2c(N)ncnc21,500.0,6.301029995663981,1,326.79100000000005
CC(C)n1nc(-c2cc3cccc(O)c3[nH]2)c2c(N)ncnc21,500.0,6.301029995663981,1,308.345
CC(C)n1nc(-c2cc3ccccc3[nH]2)c2c(N)ncnc21,500.0,6.301029995663981,1,292.346
CC(C)n1nc(-c2cc3ccccc3n2C)c2c(N)ncnc21,500.0,6.301029995663981,1,306.373
CC(C)n1nc(-c2cc3ccccc3nc2Cl)c2c(N)ncnc21,15000.0,4.823908740944319,0,338.8020000000001
CC(C)n1nc(-c2cc3cnccc3[nH]2)c2c(N)ncnc21,500.0,6.301029995663981,1,293.334
CC(C)n1nc(-c2ccc(Br)c(O)c2)c2c(N)ncnc21,46.0,7.337242168318426,1,348.20400000000006
CC(C)n1nc(-c2ccc(C#N)c(F)c2)c2c(N)ncnc21,3000.0,5.522878745280337,0,296.30899999999997
CC(C)n1nc(-c2ccc(C#N)c(O)c2)c2c(N)ncnc21,86.0,7.0655015487564325,1,294.318
CC(C)n1nc(-c2ccc(C#N)nc2)c2c(N)ncnc21,12900.0,4.889410289700751,0,279.307
CC(C)n1nc(-c2ccc(C(N)=O)c(Cl)c2)c2c(N)ncnc21,2600.0,5.585026652029182,0,330.77900000000005
CC(C)n1nc(-c2ccc(C=O)c(F)c2)c2c(N)ncnc21,1400.0,5.853871964321762,0,299.30899999999997
CC(C)n1nc(-c2ccc(CC#N)cc2)c2c(N)ncnc21,10000.0,5.0,0,292.346
CC(C)n1nc(-c2ccc(Cl)c(O)c2)c2c(N)ncnc21,135.0,6.8696662315049934,1,303.753
CC(C)n1nc(-c2ccc(F)c(C#N)c2)c2c(N)ncnc21,47000.0,4.327902142064283,0,296.30899999999997
CC(C)n1nc(-c2ccc(F)c(O)c2)c2c(N)ncnc21,187.0,6.728158393463501,1,287.298
CC(C)n1nc(-c2ccc(N)c(O)c2)c2c(N)ncnc21,3740.0,5.42712839779952,0,284.323
CC(C)n1nc(-c2ccc(NS(C)(=O)=O)cc2)c2c(N)ncnc21,13700.0,4.863279432843593,0,346.4160000000001
CC(C)n1nc(-c2ccc(O)c(F)c2)c2c(N)ncnc21,92.0,7.036212172654444,1,287.298
CC(C)n1nc(-c2ccc(O)cc2)c2c(N)ncnc21,510.0,6.292429823902063,1,269.308
CC(C)n1nc(-c2ccc(S(N)(=O)=O)cc2)c2c(N)ncnc21,2500.0,5.6020599913279625,0,332.38900000000007
CC(C)n1nc(-c2ccc3[nH]c(=O)[nH]c3c2)c2c(N)ncnc21,2200.0,5.657577319177793,0,309.333
CC(C)n1nc(-c2ccc3[nH]c(=O)ccc3c2)c2c(N)ncnc21,100000.0,4.0,0,320.35600000000005
CC(C)n1nc(-c2ccc3[nH]ccc3c2)c2c(N)ncnc21,652.0,6.185752404268079,1,292.346
CC(C)n1nc(-c2ccc3[nH]ncc3c2)c2c(N)ncnc21,145.0,6.838631997765025,1,293.334
CC(C)n1nc(-c2ccc3c(C=O)c[nH]c3c2)c2c(N)ncnc21,450.0,6.346787486224656,1,320.35600000000005
CC(C)n1nc(-c2ccc3c(N)n[nH]c3c2)c2c(N)ncnc21,193.0,6.714442690992226,1,308.349
CC(C)n1nc(-c2ccc3c(NC4CC4)noc3c2)c2c(N)ncnc21,10000.0,5.0,0,349.3980000000001
CC(C)n1nc(-c2ccc3c(c2)CCO3)c2c(N)ncnc21,1950.0,5.709965388637482,0,295.34599999999995
CC(C)n1nc(-c2ccc3c(c2)OCCO3)c2c(N)ncnc21,2200.0,5.657577319177793,0,311.34499999999997
CC(C)n1nc(-c2ccc3c(ccn3C(=O)OC(C)(C)C)c2)c2c(N)ncnc21,2560.0,5.591760034688151,0,392.46300000000014
CC(C)n1nc(-c2ccc3c(ccn3C)c2)c2c(N)ncnc21,642.0,6.192464971931146,1,306.373
CC(C)n1nc(-c2ccc3cc(O)ccc3c2)c2c(N)ncnc21,1300.0,5.886056647693163,0,319.36800000000005
CC(C)n1nc(-c2ccc3cc[nH]c3c2)c2c(N)ncnc21,2600.0,5.585026652029182,0,292.346
CC(C)n1nc(-c2ccc3ccccc3c2)c2c(N)ncnc21,4800.0,5.318758762624412,0,303.369
CC(C)n1nc(-c2ccc3ccncc3c2)c2c(N)ncnc21,443.0,6.3535962737769305,1,304.357
CC(C)n1nc(-c2ccc3cn[nH]c3c2)c2c(N)ncnc21,69.0,7.161150909262744,1,293.334
CC(C)n1nc(-c2ccc3cnccc3c2)c2c(N)ncnc21,32000.0,4.494850021680094,0,304.357
CC(C)n1nc(-c2ccc3nc(Cl)ccc3c2)c2c(N)ncnc21,800.0,6.096910013008056,1,338.8020000000001
CC(C)n1nc(-c2ccc3nc(N)ccc3c2)c2c(N)ncnc21,245.0,6.610833915635467,1,319.372
CC(C)n1nc(-c2ccc3nc(N)oc3c2)c2c(N)ncnc21,10000.0,5.0,0,309.333
CC(C)n1nc(-c2ccc3nc(NN)ccc3c2)c2c(N)ncnc21,467.0,6.330683119433888,1,334.38700000000006
CC(C)n1nc(-c2ccc3nc[nH]c(=O)c3c2)c2c(N)ncnc21,80.0,7.096910013008056,1,321.34400000000005
CC(C)n1nc(-c2ccc3nccc(N)c3c2)c2c(N)ncnc21,5100.0,5.292429823902063,0,319.372
CC(C)n1nc(-c2ccc3nccc(NC(=O)OC(C)(C)C)c3c2)c2c(N)ncnc21,2800.0,5.552841968657781,0,419.4890000000002
CC(C)n1nc(-c2ccc3ncccc3c2)c2c(N)ncnc21,17.0,7.769551078621726,1,304.357
CC(C)n1nc(-c2ccc3nccnc3c2)c2c(N)ncnc21,206.0,6.686132779630847,1,305.345
CC(C)n1nc(-c2ccc3nonc3c2)c2c(N)ncnc21,3400.0,5.468521082957745,0,295.306
CC(C)n1nc(-c2ccc3oc(N)nc3c2)c2c(N)ncnc21,600.0,6.221848749616356,1,309.333
CC(C)n1nc(-c2ccc3oc(N)nc3c2)c2cncnc21,219.0,6.6595558851598815,1,294.318
CC(C)n1nc(-c2ccc3occc(=O)c3c2)c2c(N)ncnc21,2400.0,5.619788758288394,0,321.34000000000003
CC(C)n1nc(-c2ccc3occc3c2)c2c(N)ncnc21,1060.0,5.97469413473523,0,293.33
CC(C)n1nc(-c2ccc3onc(NC4CC4)c3c2)c2c(N)ncnc21,10000.0,5.0,0,349.3980000000001
CC(C)n1nc(-c2cccc(C#N)c2)c2c(N)ncnc21,4600.0,5.337242168318426,0,278.319
CC(C)n1nc(-c2cccc(C(=O)NC3=NCCS3)c2)c2c(N)ncnc21,3000.0,5.522878745280337,0,381.4650000000001
CC(C)n1nc(-c2cccc(CC#N)c2)c2c(N)ncnc21,2900.0,5.5376020021010435,0,292.346
CC(C)n1nc(-c2cccc(CO)c2)c2c(N)ncnc21,3100.0,5.508638306165727,0,283.335
CC(C)n1nc(-c2cccc(NS(C)(=O)=O)c2)c2c(N)ncnc21,1600.0,5.795880017344075,0,346.4160000000001
CC(C)n1nc(-c2cccc(O)c2)c2c(N)ncnc21,480.0,6.318758762624412,1,269.308
CC(C)n1nc(-c2cccc(O)c2F)c2c(N)ncnc21,2010.0,5.696803942579511,0,287.298
CC(C)n1nc(-c2cccc(S(N)(=O)=O)c2)c2c(N)ncnc21,1000.0,6.0,1,332.38900000000007
CC(C)n1nc(-c2cccc3[nH]ccc23)c2c(N)ncnc21,9850.0,5.006563769502388,0,292.346
CC(C)n1nc(-c2cccnc2)c2c(N)ncnc21,7600.0,5.119186407719209,0,254.297
CC(C)n1nc(-c2ccn3ccnc3c2)c2c(N)ncnc21,100000.0,4.0,0,293.334
CC(C)n1nc(-c2cnc3[nH]ccc3c2)c2c(N)ncnc21,120.0,6.920818753952375,1,293.334
CC(C)n1nc(-c2cnc3ccccc3c2)c2c(N)ncnc21,2800.0,5.552841968657781,0,304.357
CC(C)n1nc(-c2cnc3nccnc3c2)c2c(N)ncnc21,1700.0,5.769551078621726,0,306.333
CC(C)n1nc(-c2cncnc2)c2c(N)ncnc21,50000.0,4.301029995663981,0,255.285
CC(C)n1nc(C#Cc2cccc(O)c2)c2c(N)ncnc21,34.0,7.468521082957745,1,293.33000000000004
CC(C)n1nc(C#Cc2cccnc2)c2c(N)ncnc21,53.0,7.275724130399211,1,278.319
CC(C)n1nc(N)nc1-c1nc2c(s1)CCOc1cc(-c3cnn(CC(C)(C)O)c3)ccc1-2,31.0,7.508638306165727,1,465.5830000000002
CC(C)n1nc(N)nc1-c1nc2c(s1)CCOc1cc(-c3cnn(CCO)c3)ccc1-2,38.0,7.42021640338319,1,437.52900000000017
CC(C)n1ncnc1-c1cc2c(s1)-c1ccc(C(N)=O)cc1OCC2,79.5,7.0996328713435295,1,354.4350000000002
CC(C)n1ncnc1-c1cn2c(n1)-c1ccc(-c3cnn(CC(C)(C)O)c3)cc1OCC2,9.4,8.0268721464003,1,433.51600000000025
CC(C)n1ncnc1-c1cn2c(n1)-c1ccc(-c3cnn(CCO)c3)cc1OCC2,5.4,8.267606240177031,1,405.4620000000002
CC(C)n1ncnc1-c1cn2c(n1)-c1ccccc1OCC2,3.6,8.443697499232712,1,295.3460000000001
CC(C)n1ncnc1-c1nc2c(s1)CCOc1cc(-c3ccc(N)nc3)ccc1-2,36.2,7.441291429466834,1,404.4990000000001
CC(C)n1ncnc1-c1nc2c(s1)CCOc1cc(-c3ccc[nH]c3=O)ccc1-2,14.0,7.853871964321762,1,405.48300000000006
CC(C)n1ncnc1-c1nc2c(s1)CCOc1cc(-c3cn(C)cn3)ccc1-2,42.15,7.375202421039239,1,392.48800000000006
CC(C)n1ncnc1-c1nc2c(s1)CCOc1cc(-c3cn[nH]c3)ccc1-2,37.75,7.423083044034793,1,378.461
CC(C)n1ncnc1-c1nc2c(s1)CCOc1cc(-c3cnn(C(C)(C)C(N)=O)c3)ccc1-2,9.0,8.045757490560675,1,463.5670000000002
CC(C)n1ncnc1-c1nc2c(s1)CCOc1cc(-c3cnn(CC(C)(C)O)c3)ccc1-2,47.0,7.327902142064283,1,450.56800000000015
CC(C)n1ncnc1-c1nc2c(s1)CCOc1cc(-c3cnn(CCN)c3)ccc1-2,22.0,7.657577319177793,1,421.53000000000014
CC(C)n1ncnc1-c1nc2c(s1)CCOc1cc(-c3cnn(CCO)c3)ccc1-2,13.5,7.8696662315049934,1,422.5140000000001
CC(C)n1ncnc1-c1nc2c(s1)CCOc1cc(-c3cnn(CS(C)(=O)=O)c3)ccc1-2,20.0,7.698970004336019,1,470.58000000000015
CC(C)n1ncnc1-c1nc2c(s1)CCOc1cc(-c3ncc[nH]3)ccc1-2,27.5,7.560667306169737,1,378.461
CC(C)n1ncnc1-c1nc2c(s1)CCOc1cc(C(N)=O)ccc1-2,90.65,7.042632191568472,1,355.42300000000006
CC(C)n1ncnc1-c1nc2c(s1)CCOc1cc(C(O)CO)ccc1-2,185.2,6.732359017654084,1,372.45000000000005
CC(C)n1ncnc1-c1nc2c(s1)CCOc1cc(C3CCCN3)ccc1-2,89.45,7.048419655096608,1,381.5050000000001
CC(C)n1ncnc1-c1nc2c(s1)CCOc1cc(C3CCNC3)ccc1-2,12.75,7.894489815230026,1,381.5050000000001
CC(C)n1ncnc1-c1nc2c(s1)CCOc1cc(C3CCNCC3)ccc1-2,29.5,7.530177984021837,1,395.53200000000015
CC(C)n1ncnc1-c1nc2c(s1)CCOc1cc(C3CN(C(=O)C(C)(C)N)C3)ccc1-2,54.0,7.267606240177032,1,452.58400000000023
CC(C)n1ncnc1-c1nc2c(s1)CCOc1cc(C3CN(C(=O)CO)C3)ccc1-2,67.0,7.173925197299173,1,425.5140000000002
CC(C)n1ncnc1-c1nc2c(s1)CCOc1cc(C3CN(C(C)(C)C(N)=O)C3)ccc1-2,89.0,7.050609993355087,1,452.58400000000023
CC(C)n1ncnc1-c1nc2c(s1)CCOc1cc(C3CN(CC(C)(C)O)C3)ccc1-2,69.0,7.161150909262744,1,439.5850000000002
CC(C)n1ncnc1-c1nc2c(s1)CCOc1cc(C3CN(CCO)C3)ccc1-2,37.0,7.431798275933005,1,411.5310000000002
CC(C)n1ncnc1-c1nc2c(s1)CCOc1cc(C3CN(C[C@H](O)CO)C3)ccc1-2,21.0,7.6777807052660805,1,441.5570000000002
CC(C)n1ncnc1-c1nc2c(s1)CCOc1cc(C3CNC3)ccc1-2,10.75,7.968591535748375,1,367.47800000000007
CC(C)n1ncnc1-c1nc2c(s1)CCOc1cc(CNCCO)ccc1-2,94.75,7.02342078135989,1,385.4930000000001
CC(C)n1ncnc1-c1nc2c(s1)CCOc1cc(CO)ccc1-2,50.75,7.294563953414749,1,342.42400000000004
CC(C)n1ncnc1-c1nc2c(s1)CCOc1ccccc1-2,81.05,7.091246980815466,1,312.39799999999997
CC(C)n1ncnc1-c1nc2n(n1)-c1ccccc1OCC2,140.0,6.853871964321762,1,296.3340000000001
CC(C)n1ncnc1-c1nc2n(n1)CCOc1cc(Cl)ccc1-2,33.0,7.481486060122112,1,330.77900000000005
CC(C)n1ncnc1-n1cc2c(n1)-c1ccccc1OCC2,1224.5,5.912041210539267,0,295.3460000000001
CC(C)n1nnc2c(N3CCOCC3)nc(-c3ccc(NC(=O)Nc4ccc(C(N)=O)cc4)cc3)nc21,3.6,8.443697499232712,1,501.55100000000016
CC(C)n1nnc2c(N3CCOCC3)nc(-c3ccc(NC(=O)Nc4ccc(CO)cc4)cc3)nc21,3.5,8.455931955649724,1,488.55200000000013
CC(C)n1nnc2c(N3CCOCC3)nc(-c3ccc(NC(=O)Nc4ccc(N(C)C)cc4)cc3)nc21,23.5,7.628932137728263,1,501.59500000000014
CC(C)n1nnc2c(N3CCOCC3)nc(-c3ccc(NC(=O)Nc4ccc(N5CCOCC5)cc4)cc3)nc21,25.0,7.6020599913279625,1,543.6320000000002
CC(C)n1nnc2c(N3CCOCC3)nc(-c3ccc(NC(=O)Nc4cccnc4)cc3)nc21,10.5,7.978810700930062,1,459.51400000000007
CC(C)n1nnc2c(N3CCOCC3)nc(-c3ccc(NC(=O)Nc4ccncc4)cc3)nc21,5.0,8.301029995663981,1,459.51400000000007
CC(CO)n1nc(-c2ccc3oc(N)nc3c2)c2c(N)ncnc21,10000.0,5.0,0,325.33200000000005
CC(F)(F)CN1C(=O)[C@]2(C)COCCN2c2nc(-c3ccc(NC(=O)NC4CC4)cc3)ncc21,1258.93,5.899998417198648,0,472.4960000000002
CC(N)C(=O)N1CCN(c2cnc3ccc(-c4ccc5oc(N)nc5c4)cc3n2)CC1,100.0,7.0,1,417.47300000000024
CC(NC(=O)c1c(N)nn2cccnc12)c1cc2cccc(C#CC3(O)CN4CCC3CC4)c2c(=O)n1-c1ccccc1,2000.0,5.698970004336019,0,573.6570000000005
CC(NC(=O)c1c(N)nn2cccnc12)c1cc2cccc(C#CC3CC3)c2c(=O)n1C1CC1,2000.0,5.698970004336019,0,452.51800000000037
CC(NC(=O)c1c(N)nn2cccnc12)c1cc2cccc(C#CC3CCNCC3)c2c(=O)n1-c1ccccc1,2000.0,5.698970004336019,0,531.6200000000005
CC(NC(=O)c1c(N)nn2cccnc12)c1cc2cccc(C#CC=O)c2c(=O)n1-c1ccccc1,2000.0,5.698970004336019,0,476.49600000000027
CC(NC(=O)c1c(N)nn2cccnc12)c1cc2cccc(C#Cc3cc[nH]c(=O)c3)c2c(=O)n1-c1ccccc1,2000.0,5.698970004336019,0,541.5710000000004
CC(NC(=O)c1c(N)nn2cccnc12)c1cc2cccc(C#Cc3ccn[nH]3)c2c(=O)n1-c1ccccc1,2000.0,5.698970004336019,0,514.5490000000003
CC(NC(=O)c1c(N)nn2cccnc12)c1cc2cccc(C#Cc3cn[nH]c3)c2c(=O)n1-c1ccccc1,2000.0,5.698970004336019,0,514.5490000000003
CC(NC(=O)c1c(N)nn2cccnc12)c1cc2cccc(C#Cc3cncn3C)c2c(=O)n1C1CC1,2000.0,5.698970004336019,0,492.54300000000035
CC(NC(=O)c1c(N)nn2cccnc12)c1cc2cccc(C#Cc3cnn(C)c3)c2c(=O)n1-c1ccccc1,2000.0,5.698970004336019,0,528.5760000000004
CC(NC(=O)c1c(N)nn2cccnc12)c1cc2cccc(C#Cc3cnn(C)c3)c2c(=O)n1C1CC1,2000.0,5.698970004336019,0,492.54300000000035
CC(NC(=O)c1c(N)nn2cccnc12)c1cc2cccc(C#Cc3cnn(C)c3)c2nc1-c1ccccc1,2000.0,5.698970004336019,0,512.5770000000003
CC(NC(=O)c1c(N)nn2cccnc12)c1nc2cccc(C#CC(C)(C)C)c2c(=O)n1-c1ccccc1,2000.0,5.698970004336019,0,505.58200000000033
CC(NC(=O)c1c(N)nn2cccnc12)c1nc2cccc(C#Cc3cnn(C)c3)c2c(=O)n1-c1ccccc1,2000.0,5.698970004336019,0,529.5640000000003
CC(NC(=O)c1c(N)nn2cccnc12)c1oc2cccc(C#Cc3cnn(C)c3)c2c(=O)c1-c1ccccc1,2000.0,5.698970004336019,0,529.5600000000003
CC(NC(=O)c1cncc2cccnc12)c1cc2cccc(C#Cc3cnn(C)c3)c2c(=O)n1-c1ccccc1,2000.0,5.698970004336019,0,524.5840000000003
CC(NC(=O)c1cnn2cccnc12)c1cc2cccc(C#Cc3cnn(C)c3)c2c(=O)n1-c1ccccc1,2000.0,5.698970004336019,0,513.5610000000003
CC(NC(=O)c1nccnc1N)c1cc2cccc(C#Cc3cnn(C)c3)c2c(=O)n1-c1ccccc1,2000.0,5.698970004336019,0,489.5390000000002
CC(Nc1c(C#N)cnc2ccc(-c3cnc(Cl)c(NS(C)(=O)=O)c3)cc12)c1ccc(F)cc1,2.0,8.698970004336019,1,495.9670000000002
CC(Nc1c(C#N)cnc2ccc(-c3cnc(N)nc3)cc12)c1ccccc1,200.0,6.698970004336019,1,366.42800000000005
CC(Nc1c(C#N)cnc2ccc(-c3cnc4[nH]ncc4c3)cc12)c1ccccc1,200.0,6.698970004336019,1,390.4500000000001
CC(Nc1c(C#N)cnc2ccc(-c3cncc(-c4n[nH]c(=O)o4)c3)cc12)c1ccccc1,110.0,6.958607314841775,1,434.4590000000001
CC(Nc1cc(Cl)cc(Cl)c1)c1cc(C(=O)N(C)C)cc2c(=O)cc(N3CCOCC3)oc12,1005.0,5.997833938243493,0,490.3870000000004
CC(Nc1cc(F)cc(F)c1)c1cc(C(=O)N(C)CCO)cc2c(=O)cc(N3CCOCC3)oc12,3495.0,5.4565528199183,0,487.5030000000004
CC(Nc1cc(F)cc(F)c1)c1cc(C(=O)N2CCC(O)CC2)cc2c(=O)cc(N3CCOCC3)oc12,3315.0,5.4795164672592085,0,513.5410000000004
CC(Nc1cc(F)cc(F)c1)c1cc(C(=O)N2CCCC2)cc2c(=O)cc(N3CCOCC3)oc12,249.0,6.603800652904264,1,483.51500000000044
CC(Nc1cc(F)cc(F)c1)c1cc(C(=O)N2CCCCC2)cc2c(=O)cc(N3CCOCC3)oc12,1650.0,5.782516055786093,0,497.5420000000005
CC(Nc1cc(F)cc(F)c1)c1cc(C(=O)N2CCOCC2)cc2c(=O)cc(N3CCOCC3)oc12,3150.0,5.501689446210399,0,499.51400000000046
CC(Nc1cc(F)ccc1F)c1cc(C(=O)N(C)C)cc2c(=O)cc(N3CCOCC3)oc12,3725.0,5.4288737229156885,0,457.4770000000003
CC(Nc1ccc(Cl)nc1C(=O)O)c1cc(F)cc2c(=O)cc(N3Cc4ccccc4C3)oc12,500.0,6.301029995663981,1,479.89500000000027
CC(Nc1ccc(F)c(Cl)c1)c1cc(C(=O)N(C)C)cc2c(=O)cc(N3CCOCC3)oc12,2835.0,5.547446936771075,0,473.93200000000036
CC(Nc1ccc(F)c(F)c1)c1cc(C(=O)N(C)C)cn2c(=O)cc(N3CCOCC3)nc12,2520.0,5.598599459218456,0,457.4810000000003
CC(Nc1ccc(F)cc1)c1cc(C(=O)N(C)C)cc2c(=O)cc(N3CCOCC3)oc12,6605.0,5.180127178049454,0,439.4870000000003
CC(Nc1ccc(F)cc1)c1cc(C(=O)N(C)C)cn2c(=O)cc(N3CCOCC3)nc12,6450.0,5.1904402853647325,0,439.49100000000027
CC(Nc1cccc(Cl)c1)c1cc(C(=O)N(C)C)cc2c(=O)cc(N3CCOCC3)oc12,437.5,6.359021942641668,1,455.94200000000035
CC(Nc1cccc(Cl)c1F)c1cc(C(=O)NCCN(C)C)cn2c(=O)cc(N3CCOCC3)nc12,531.0,6.274905478918531,1,517.0050000000003
CC(Nc1cccc(F)c1)c1cc(C(=O)N(C)C)cc2c(=O)cc(N3CCOCC3)oc12,1310.0,5.882728704344236,0,439.4870000000003
CC(Nc1cccc(F)c1F)c1cc(C(=O)N(C)C)cc2c(=O)cc(N3CCOCC3)oc12,1285.0,5.891096872332687,0,457.4770000000003
CC(Nc1ccccc1)c1cc(C(=O)N(C)C)cn2c(=O)cc(N3CCOCC3)nc12,4220.0,5.374687549038326,0,421.50100000000026
CC(Nc1ccccc1)c1cc(C(=O)N(C)CC(=O)O)cn2c(=O)cc(N3CCOCC3)nc12,3800.0,5.42021640338319,0,465.5100000000003
CC(Nc1ccccc1)c1cc(C(=O)N(C)CCO)cn2c(=O)cc(N3CCOCC3)nc12,2200.0,5.657577319177793,0,451.5270000000002
CC(Nc1ccccc1)c1cc(C(=O)N2CCOCC2)cn2c(=O)cc(N3CCOCC3)nc12,6900.0,5.161150909262744,0,463.5380000000003
CC(Nc1ccccc1)c1cc(C(=O)NCCN(C)C)cn2c(=O)cc(N3CCOCC3)nc12,1623.3333333333333,5.789592293505028,0,464.5700000000003
CC(Nc1ccccc1)c1cc(C(=O)NCCN2CCNCC2)cn2c(=O)cc(N3CCOCC3)nc12,4800.0,5.318758762624412,0,505.6230000000004
CC(Nc1ccccc1)c1cc(C(=O)O)cn2c(=O)cc(N3CCOCC3)nc12,610.0,6.214670164989233,1,394.4310000000002
CC(Nc1ccccc1C(=O)O)c1cc(C(F)(F)F)cc2c(=O)cc(N3CCC(C)(C)CC3)oc12,1875.0,5.726998727936262,0,488.50600000000037
CC(Nc1ccccc1C(=O)O)c1cc(C(F)(F)F)cc2c(=O)cc(N3CCC(F)(F)CC3)oc12,1750.0,5.756961951313706,0,496.4320000000003
CC(Nc1ccccc1C(=O)O)c1cc(C(F)(F)F)cc2c(=O)cc(N3Cc4ccc(C#N)cc4C3)oc12,500.0,6.301029995663981,1,519.4790000000003
CC(Nc1ccccc1C(=O)O)c1cc(C(F)(F)F)cc2c(=O)cc(N3Cc4ccc(F)cc4C3)oc12,625.0,6.204119982655925,1,512.4590000000003
CC(Nc1ccccc1C(=O)O)c1cc(F)cc2c(=O)cc(N3CCC(F)(F)CC3)oc12,1750.0,5.756961951313706,0,446.42500000000024
CC(Nc1ccccc1C(=O)O)c1cc(F)cc2c(=O)cc(N3CCC4(CC3)CC4)oc12,1750.0,5.756961951313706,0,436.48300000000035
CC(Nc1nc(N)nc(N)c1C#N)c1cn(-c2cccnc2)c2cc(Cl)cnc12,10000.0,5.0,0,405.85300000000007
CC(Nc1nc(N)nc(N)c1C#N)c1cnn(Cc2ccccc2)c(=O)c1C1CCCC1,10000.0,5.0,0,430.5160000000003
CC(Nc1ncnc(N)c1C#N)c1cc2ncc(Cl)n2nc1-c1ccccc1,1000.0,6.0,1,390.8380000000001
CC(Nc1ncnc(N)c1C#N)c1cnn(Cc2ccccc2)c(=O)c1C1CCCC1,10000.0,5.0,0,415.50100000000026
CC(Nc1ncnc(N)c1C#N)c1nc2ccc(F)cc2c(C#N)c1-c1ccccn1,4400.0,5.356547323513812,0,410.41600000000017
CC(Nc1ncnc(N)c1C#N)c1nc2ccc(F)cc2c(C(=O)N2CC(O)C2)c1-c1ccccn1,10900.0,4.962573502059376,0,484.4950000000003
CC(Nc1ncnc(N)c1C#N)c1nc2ccc(F)cc2c(C(=O)N2CCNCC2)c1-c1ccccn1,5750.0,5.2403321553103694,0,497.53800000000035
CC(Nc1ncnc(N)c1C#N)c1nc2ccc(F)cc2c(Cl)c1-c1ccccn1,1370.0,5.863279432843593,0,419.85100000000017
CC(Nc1ncnc(N)c1C#N)c1nc2ccc(F)cc2c(N(C)C)c1-c1ccccn1,1150.0,5.939302159646388,0,428.4750000000002
CC(Nc1ncnc(N)c1C#N)c1nc2ccc(F)cc2c(NCCO)c1-c1ccccc1,1200.0,5.920818753952375,0,443.4860000000002
CC(Nc1ncnc(N)c1C#N)c1nc2ccc(F)cc2c(O)c1-c1ccccc1,20000.0,4.698970004336019,0,400.41700000000014
CC(Nc1ncnc(N)c1C#N)c1nc2ccc(F)cc2cc1-c1ccccn1,20000.0,4.698970004336019,0,385.4060000000001
CC(Nc1ncnc2[nH]cnc12)c1cnn(Cc2ccccc2)c(=O)c1C1CCCC1,10000.0,5.0,0,415.50100000000026
CC(Nc1ncnc2ccc(-c3cnc(N)nc3)cc12)c1ccc(F)cc1,200.0,6.698970004336019,1,360.3960000000001
CC(O)C#Cc1c(N)ncnc1N[C@@H](C)c1nc2cccc(Cl)c2c(=O)n1-c1cc(F)cc(F)c1,1000.0,6.0,1,496.9050000000002
CC(O)C#Cc1c(N)ncnc1N[C@@H](C)c1nc2cccc(Cl)c2c(=O)n1-c1ccccc1,1000.0,6.0,1,460.9250000000002
CC(O)C#Cc1c(N)ncnc1N[C@H](C)c1nc2cccc(Cl)c2c(=O)n1-c1cc(F)cc(F)c1,1000.0,6.0,1,496.9050000000002
CC(O)C#Cc1c(N)ncnc1N[C@H](C)c1nc2cccc(Cl)c2c(=O)n1-c1ccccc1,1000.0,6.0,1,460.9250000000002
CC(O)CN(Cc1cccc2ccccc12)c1cc(N2CCOCC2)nc(=O)[nH]1,112000.0,3.9507819773298185,0,394.47500000000025
CC(O)c1cc(-c2nc3c(N4CCOC[C@@H]4C)nc(N4CCOCC4)nc3[nH]2)ccn1,2870.0,5.542118103266008,0,425.4930000000002
CC(O)c1cc2nc(-c3cccc4[nH]ncc34)nc(N3CCOCC3)c2s1,28.0,7.552841968657781,1,381.46100000000024
CC(O)c1ccc(NC(=O)c2cc3ccccc3[nH]2)cc1,37000.0,4.431798275933005,0,280.327
CC(O)c1cccc(C#Cc2c(N)ncnc2N[C@@H](C)c2nc3cccc(Cl)c3c(=O)n2-c2ccccc2)n1,1000.0,6.0,1,538.0110000000002
CC(O)c1cccc(NC(=O)c2cc3ccccc3[nH]2)c1,38000.0,4.42021640338319,0,280.32699999999994
CC(Oc1cccc(C#N)c1)c1cc(C(=O)N(C)CCO)cn2c(=O)cc(N3CCOCC3)nc12,8200.0,5.086186147616283,0,477.5210000000003
CC(Oc1ccccc1)c1cc(C(=O)N(C)CCO)cn2c(=O)cc(N3CCOCC3)nc12,10100.0,4.995678626217358,0,452.51100000000025
CC(Oc1ccccc1F)c1cc(C(=O)N(C)CCO)cn2c(=O)cc(N3CCOCC3)nc12,3400.0,5.468521082957745,0,470.50100000000026
CC(Oc1nc(-c2ccc3ncc(C(=O)N4CCOCC4)n3c2)cnc1N)C(F)(F)F,100.0,7.0,1,436.3940000000001
CC(Oc1nc(-c2ccc3oc(N)nc3c2)cnc1N)C(F)(F)F,10000.0,5.0,0,339.277
CC(c1cc(C(=O)N2CCCC2)cc2c(=O)cc(N3CCOCC3)oc12)N(C)c1cc(F)cc(F)c1,3205.0,5.494171966145164,0,497.5420000000003
CC(c1ccccc1)c1cc(-c2cnc(N)nc2)nc(N2CCOCC2)c1,210.0,6.6777807052660805,1,361.4490000000002
CC(c1ccccc1)n1cnc(=O)c2sc(N3CCOCC3)nc21,4000.0,5.3979400086720375,0,342.4240000000002
CC(c1cnn(C(C)(C)C)c(=O)c1-c1ccccc1)n1nc(-c2cc(O)cc(F)c2)c2c(N)ncnc21,25118.86,4.600000074606178,0,499.55000000000024
CC(c1cnn(C(C)(C)C)c(=O)c1C1=CCCNC1)n1nc(-c2cc(O)cc(F)c2)c2c(N)ncnc21,10000.0,5.0,0,504.5700000000002
CC(c1cnn(C(C)(C)C)c(=O)c1Cl)n1nc(-c2cc(O)cc(F)c2)c2c(N)ncnc21,630.96,6.199998172182031,1,457.89700000000016
CC(c1cnn(C(C)(C)C)c(=O)c1N(CCO)CCO)n1nc(-c2cc(O)cc(F)c2)c2c(N)ncnc21,1000.0,6.0,1,526.5730000000001
CC(c1cnn(C(C)(C)C)c(=O)c1N1CCOCC1)n1nc(-c2cc(O)cc(F)c2)c2c(N)ncnc21,10000.0,5.0,0,508.5580000000002
CC(c1cnn(C(C)(C)C)c(=O)c1OCCN(C)C)n1nc(-c2cc(O)cc(F)c2)c2c(N)ncnc21,10000.0,5.0,0,510.5740000000002
CC(c1cnn(Cc2ccccc2)c(=O)c1-c1ccccc1)n1nc(-c2cc(O)cc(F)c2)c2c(N)ncnc21,1584.89,5.800000874803203,0,533.5670000000001
CC(c1cnn(Cc2ccccc2)c(=O)c1C1CCCC1)n1nc(-c2cc(O)cc(F)c2)c2c(N)ncnc21,25118.86,4.600000074606178,0,525.5880000000002
CC(c1cnn(Cc2ccccc2)c(=O)c1C1CCCC1)n1nc(-c2cncc(O)c2)c2c(N)ncnc21,1258.93,5.899998417198648,0,508.5860000000003
CC/C(=N\N(C)S(=O)(=O)c1cc([N+](=O)[O-])ccc1C)c1cnn2ccc(C#N)cc12,390.0,6.4089353929735005,1,426.45800000000014
CC/C(=N\NS(=O)(=O)c1cc([N+](=O)[O-])ccc1C)c1cnn2ccc(C#N)cc12,10.0,8.0,1,412.4310000000001
CC1(C)CC(=O)c2sc(-c3ccncc3)nc2C1,20280.0,4.692932049338702,0,258.34600000000006
CC1(C)CC(=O)c2sc(N3CCCCC3)nc2C1,40000.0,4.3979400086720375,0,264.39399999999995
CC1(C)CC(=O)c2sc(N3CCOCC3)nc2C1,1749.0,5.757210190521324,0,266.366
CC1(C)CC(=O)c2sc(N3CCOCC3Cc3c[nH]c4ncccc34)nc2C1,107.0,6.97061622231479,1,396.5160000000001
CC1(C)CC(=O)c2sc(N3CCOCC3Cc3ccc4ccccc4c3)nc2C1,3492.0,5.456925764966468,0,406.5510000000001
CC1(C)CC(=O)c2sc(N3CCOCC3Cc3cccc4ccccc34)nc2C1,229.0,6.640164517660112,1,406.5510000000001
CC1(C)CC(=O)c2sc(N3CCOC[C@@H]3Cc3c[nH]c4ccccc34)nc2C1,803.0,6.095284454721319,1,395.5280000000001
CC1(C)CC(=O)c2sc(N3CCOC[C@@H]3Cc3ccccc3)nc2C1,833.0,6.079354998593212,1,356.49100000000004
CC1(C)CC(=O)c2sc(N3CCOC[C@@H]3Cc3csc4ccccc34)nc2C1,125.0,6.903089986991944,1,412.5800000000001
CC1(C)CC(=O)c2sc(N3CCOC[C@@H]3c3ccccc3)nc2C1,50000.0,4.301029995663981,0,342.46400000000006
CC1(C)CC(=O)c2sc(N3CCOC[C@H]3Cc3c[nH]c4ccccc34)nc2C1,2555.0,5.592609095529268,0,395.5280000000001
CC1(C)CC(=O)c2sc(N3CCOC[C@H]3Cc3ccccc3)nc2C1,20060.0,4.697669071315601,0,356.49100000000004
CC1(C)CC(=O)c2sc(N3CCOC[C@H]3c3ccccc3)nc2C1,50000.0,4.301029995663981,0,342.46400000000006
CC1(C)CC(=O)c2sc(N3CCOc4cc(-c5ccccc5)ccc43)nc2C1,20000.0,4.698970004336019,0,390.5080000000001
CC1(C)CC(=O)c2sc(N3CCOc4cc(Br)ccc43)nc2C1,2847.0,5.545612532853045,0,393.3060000000001
CC1(C)CC(=O)c2sc(N3CCOc4ccc(-c5ccccc5)cc43)nc2C1,2666.0,5.5741398549221595,0,390.5080000000001
CC1(C)CC(=O)c2sc(N3CCOc4ccc(-c5ccccn5)cc43)nc2C1,677.0,6.169411331314856,1,391.4960000000001
CC1(C)CC(=O)c2sc(N3CCOc4ccc(-c5cccnc5)cc43)nc2C1,172.0,6.764471553092451,1,391.4960000000001
CC1(C)CC(=O)c2sc(N3CCOc4ccc(-c5ccncc5)cc43)nc2C1,825.0,6.0835460514500745,1,391.4960000000001
CC1(C)CC(=O)c2sc(N3CCOc4ccc(-c5cn[nH]c5)cc43)nc2C1,188.0,6.72584215073632,1,380.47300000000007
CC1(C)CC(=O)c2sc(N3CCOc4ccc(Br)cc43)nc2C1,1972.0,5.705093089394808,0,393.3060000000001
CC1(C)CC(=O)c2sc(N3CCOc4ccccc43)nc2C1,676.0,6.170053304058364,1,314.4100000000001
CC1(C)CC(=O)c2sc(N3CCOc4ncccc43)nc2C1,11330.0,4.945770090136603,0,315.3980000000001
CC1(C)CCCC2(C)c3c(oc4c(B(O)O)c(O)c(O)cc34)CCC12,23.0,7.638272163982407,1,344.2160000000001
CC1(C)CCC[C@]2(C)C3=C4C=C(O)C(=O)C=C4OC3(O)CC[C@@H]12,1650.0,5.782516055786093,0,316.3970000000001
CC1(C)CCC[C@]2(C)c3c(oc4c(C(N)=O)c(O)c(O)cc34)CC[C@@H]12,700.0,6.154901959985743,1,343.4230000000001
CC1(C)CCC[C@]2(C)c3c(oc4c(C=O)c(O)c(O)cc34)CC[C@@H]12,66.0,7.180456064458132,1,328.4080000000001
CC1(C)CC[C@@H](COc2cccc(-c3cn([C@H]4C[C@@H](CN5CCC5)C4)c4ncnc(N)c34)c2)O1,9000.0,5.045757490560675,0,461.61000000000035
CC1(C)CN(C(=O)Cc2nc(N3CCOCC3)cc(=O)[nH]2)c2ccccc21,5421.0,5.2659205927194055,0,368.437
CC1(C)CN(C(=O)c2cnc3ccc(-c4ccc5oc(N)nc5c4)cn23)CCO1,1000.0,6.0,1,391.43100000000015
CC1(C)CN(C2CN(C(=O)c3cnc4ccc(-c5ccc6oc(N)nc6c5)cn34)C2)CCN1,100.0,7.0,1,445.52700000000027
CC1(C)CN(C2CN(c3cnc4ccc(-c5ccc6oc(N)nc6c5)cc4n3)C2)CCN1,100.0,7.0,1,429.52800000000025
CC1(C)CN(c2cc(=O)n3ccn(Cc4cccc(Cl)c4Cl)c3n2)CCO1,630.0,6.200659450546418,1,407.30100000000016
CC1(C)CN(c2cnc3ccc(-c4ccc5oc(N)nc5c4)cc3n2)CCN1,1000.0,6.0,1,374.4480000000001
CC1(C)CNC(=O)c2sc(N3CCOC[C@@H]3Cc3c[nH]c4ccccc34)nc2C1,556.6666666666666,6.254404783572079,1,410.54300000000006
CC1(C)COCCN1C(=O)c1cnc2ccc(-c3ccc4oc(N)nc4c3)cn12,1000.0,6.0,1,391.43100000000015
CC1(C)Cc2ccccc2N1C(=O)Cc1nc(N2CCOCC2)cc(=O)[nH]1,10000.0,5.0,0,368.4370000000001
CC1(C)Cc2nc(N3CCOCC3)sc2C(=O)N1,2372.0,5.624885315307775,0,267.3539999999999
CC1(C)Cc2nc(N3CCOc4ccc(-c5ccn[nH]5)cc43)sc2C(=O)N1,917.0,6.037630664329979,1,381.46100000000007
CC1(C)Cc2nc(N3CCOc4ccc(-c5cn[nH]c5)cc43)sc2C(=O)N1,89.0,7.050609993355087,1,381.4610000000001
CC1(C)Cc2nc(N3CCOc4ccc(-c5cnc[nH]5)cc43)sc2C(=O)N1,736.0,6.133122185662502,1,381.46100000000007
CC1(C)Cc2nc(N3CCOc4ccc(-c5ncccn5)cc43)sc2C(=O)N1,791.0,6.101823516502323,1,393.4720000000001
CC1(C)Cc2nc(N3CCOc4ccc(Br)cc43)sc2C(=O)N1,1108.0,5.955460239607589,0,394.2940000000001
CC1(C)OCCN(c2cc(-c3cc(-c4ccnn4CC(F)(F)F)c4c(N)ncnn34)ccc2C#N)C1=O,1100.0,5.958607314841775,0,510.4800000000002
CC1(C)OCCN(c2cc(-c3cc(C(F)(F)F)c4c(N)ncnn34)ccc2C#N)C1=O,250.0,6.6020599913279625,1,430.39000000000016
CC1(C)OCCN(c2cc(-c3cc(Cl)c4c(N)ncnn34)ccc2C#N)C1=O,54.0,7.267606240177032,1,396.83800000000014
CC1(C)OCCN(c2cccc(-c3cc(-c4ccnn4CC(F)(F)F)c4c(N)ncnn34)c2)C1=O,8300.0,5.080921907623926,0,485.4700000000002
CC1(C)OCCN(c2cccc(-c3cc(C(F)(F)F)c4c(N)ncnn34)c2)C1=O,1200.0,5.920818753952375,0,405.38000000000017
CC1(C)OCCN(c2cccc(-c3cc(Cl)c4c(N)ncnn34)c2)C1=O,610.0,6.214670164989233,1,371.82800000000015
CC1(C)OCCn2c1nc1c(N3CCOCC3)nc(-c3cnc(N)nc3)nc12,2.0,8.698970004336019,1,382.4280000000001
CC1(CCn2nc(-c3ccc(Cl)c(O)c3)c3c(N)ncnc32)COC1,172.0,6.764471553092451,1,359.8170000000002
CC1(COc2cc(-c3cccc4c(=O)cc(N5CCOCC5)oc34)ccc2NC(=O)CN2CCOCC2)CCC1,270.0,6.568636235841013,1,547.6520000000003
CC1(COc2cc(-c3cccc4c(=O)cc(N5CCOCC5)oc34)ccc2NC(=O)CN2CCOCC2)COC1,300.0,6.522878745280337,1,549.6240000000004
CC1(c2cc(-c3cnc(NC(=O)N4CCC[C@@]4(C)C(N)=O)s3)ccn2)CC1,26.0,7.585026652029182,1,385.4930000000001
CC1(c2cc(-c3cnc(NC(=O)N4CCC[C@]4(C)C(N)=O)s3)ccn2)CC1,37.0,7.431798275933005,1,385.4930000000001
CC1(c2cc(-c3sc(NC(=O)N4CCC[C@@]4(C)C(N)=O)nc3Cl)ccn2)CC1,24.0,7.619788758288394,1,419.93800000000016
CC1C(c2cccnc2)OC(=O)N1c1cc(-c2cnc(N)nc2C(F)(F)F)nc(N2CCOCC2)n1,10.0,8.0,1,502.4570000000003
CC1C/C(=C\c2ccc3c(c2)CCO3)C(=O)O1,650.0,6.187086643357144,1,230.26299999999992
CC1CC(=O)c2sc(N3CCOCC3)nc2C1,2494.0,5.603103550857476,0,252.3389999999999
CC1CCC(n2nc(-c3ccc(F)c(O)c3)c3c(N)ncnc32)C1,347.0,6.459670525209126,1,327.3630000000001
CC1CCN(c2cnnc3ccc(-c4cnc(Cl)c(NS(=O)(=O)c5ccccc5)c4)cc23)CC1,1.61,8.79317412396815,1,494.02000000000027
CC1CN(C(=O)Cc2nc(N3CCOCC3)cc(=O)[nH]2)c2ccccc21,2265.0,5.644931793651149,0,354.41
CC1CN(C(=O)Cc2nc(N3CCOCC3)sc2C(N)=O)c2ccccc21,10000.0,5.0,0,386.4770000000001
CC1CN(C(=O)c2cnc3ccc(-c4ccc5oc(N)nc5c4)cn23)CC(C)N1,10000.0,5.0,0,390.4470000000001
CC1CN(C(=O)c2cnc3ccc(-c4ccc5oc(N)nc5c4)cn23)CCN1,1000.0,6.0,1,376.42000000000013
CC1CN(C(=O)c2cnc3ccc(-c4ccc5oc(N)nc5c4)cn23)CCO1,100.0,7.0,1,377.40400000000017
CC1CN(c2cc(=O)[nH]c(NCc3cccc4ccccc34)n2)CCO1,2200.0,5.657577319177793,0,350.42200000000014
CC1CN(c2cc(=O)c3ccc4ccccc4c3o2)CCO1,2400.0,5.619788758288394,0,295.3380000000001
CC1CN(c2cc(=O)n3ccn(Cc4cccc(Cl)c4Cl)c3n2)CCO1,853.3333333333334,6.068881289407813,1,393.2740000000002
CC1CN(c2cc(S(=O)(=O)c3ccccc3)cc(-c3cnc(N)nc3)n2)CC(C)O1,450.0,6.346787486224656,1,425.5140000000002
CC1CN(c2cnc3ccc(-c4ccc5oc(N)nc5c4)cc3n2)CC(C)N1,1000.0,6.0,1,374.4480000000001
CC1CN(c2cnc3ccc(-c4ccc5oc(N)nc5c4)cc3n2)CCN1,100.0,7.0,1,360.4210000000001
CC1CN(c2cnc3ccc(-c4ccc5oc(N)nc5c4)cc3n2)CCO1,100.0,7.0,1,361.40500000000014
CC1COc2cc(C(N)=O)ccc2-c2nc(-c3ncnn3-c3ccc(F)cc3F)sc21,330.0,6.481486060122113,1,439.4470000000001
CC1Cc2c(Br)cccc2N1C(=O)Cc1nc(N2CCOCC2)sc1C(=O)O,1751.0,5.756713853916554,0,466.3570000000003
CC1Cc2c(Br)cccc2N1C(=O)Cc1nc(N2CCOCC2)sc1C(N)=O,1321.5,5.8789328325322705,0,465.37300000000033
CC1Cc2c(Cl)cccc2N1C(=O)Cc1nc(N2CCOCC2)sc1C(=O)O,10000.0,5.0,0,421.90600000000023
CC1Cc2c(Cl)cccc2N1C(=O)Cc1nc(N2CCOCC2)sc1C(N)=O,10000.0,5.0,0,420.92200000000025
CC1Cc2cc(F)ccc2N1C(=O)Cc1nc(N2CCOCC2)sc1C(=O)O,10000.0,5.0,0,405.45100000000025
CC1Cc2cc(F)ccc2N1C(=O)Cc1nc(N2CCOCC2)sc1C(N)=O,10000.0,5.0,0,404.46700000000027
CC1Cc2ccccc2N1C(=O)Cc1nc(N2CCOCC2)cc(=O)[nH]1,322.0,6.492144128304169,1,354.41
CC1Cc2ccccc2N1C(=O)Cc1nc(N2CCOCC2)sc1C(=O)O,10000.0,5.0,0,387.46100000000007
CC1Cc2ccccc2N1C(=O)Cc1nc(N2CCOCC2)sc1C(N)=O,10000.0,5.0,0,386.4770000000001
CC1OC(=O)c2cc(NC(=O)Nc3ccc(-c4nc(N5CCOCC5)nc(N5CCOCC5)n4)cc3)ccc21,45.4,7.342944147142896,1,531.5730000000004
CCC(=O)N1CC(S(=O)(=O)c2cc(-c3cnc(N)nc3)cc(N3CCOCC3)c2)C1,250.0,6.6020599913279625,1,431.51800000000026
CCC(=O)N1CCN(S(=O)(=O)c2cccc(Nc3ncc4c(n3)N(C)c3ccc(C)cc3C(=O)N4C)c2)CC1,70.0,7.154901959985743,1,549.6570000000002
CCC(=O)N1CCN(c2ccc(-n3c(=O)ccc4cnc5ccc(-c6cnc7ccccc7c6)cc5c43)cc2C(F)(F)F)CC1,250.0,6.6020599913279625,1,607.6360000000003
CCC(=O)N1CC[C@@H](Oc2ccc3c(c2)N(c2ccc(OC)nc2)CCO3)C1,3377.0,5.471468939364589,0,383.4480000000002
CCC(=O)N1CC[C@@H](Oc2cnc3ccc(-c4ccc(OC)c(OC)c4)cc3n2)C1,1175.5,5.929777366539041,0,407.4700000000002
CCC(=O)N1CC[C@H](Nc2ncnc3c2CN(c2cnc(OC)c(C(F)(F)F)c2)CC3)C1,562.875,6.2495880400290105,1,450.4650000000002
CCC(=O)N1CC[C@H](Nc2ncnc3c2CN(c2cnc(OC)c(C)c2)CC3)C1,2904.0,5.537003387971944,0,396.49500000000023
CCC(=O)N1CC[C@H](Nc2ncnc3sc(-c4ccc(C#N)nc4)cc23)C1,1000.0,6.0,1,378.4610000000001
CCC(=O)N1CC[C@H](Nc2ncnc3sc(-c4ccc(F)c(C#N)c4)cc23)C1,10000.0,5.0,0,395.46300000000014
CCC(=O)N1CC[C@H](Nc2ncnc3sc(-c4ccc(OC)c(F)c4)cc23)C1,5636.0,5.249029015562681,0,400.47900000000016
CCC(=O)N1CC[C@H](Nc2ncnc3sc(-c4ccc(OC)c(OC)c4)cc23)C1,589.0,6.229884705212898,1,412.5150000000002
CCC(=O)N1CC[C@H](Nc2ncnc3sc(-c4ccc(OC)nc4)cc23)C1,2905.0,5.536853863273651,0,383.47700000000015
CCC(=O)N1CC[C@H](Nc2ncnc3sc(-c4ccc(S(C)(=O)=O)cc4)cc23)C1,10000.0,5.0,0,430.5550000000002
CCC(=O)N1CC[C@H](Nc2ncnc3sc(-c4cccc(S(C)(=O)=O)c4)cc23)C1,3067.0,5.513286224017515,0,430.5550000000002
CCC(=O)N1CC[C@H](Nc2ncnc3sc(-c4cnc(OC)c(C#N)c4)cc23)C1,4032.0,5.394479476562531,0,408.4870000000002
CCC(=O)N1CC[C@H](Nc2ncnc3sc(-c4cnc(OC)c(C(F)(F)F)c4)cc23)C1,2057.0,5.686765708305276,0,451.47400000000016
CCC(=O)N1CC[C@H](Nc2ncnc3sc(-c4cnc(OC)c(C)c4)cc23)C1,6292.0,5.201211286048751,0,397.5040000000002
CCC(=O)N1CC[C@H](Nc2ncnc3sc(-c4cnc(OC)c(F)c4)cc23)C1,3412.0,5.466990977504515,0,401.46700000000016
CCC(=O)N1CC[C@H](Nc2ncnc3sc(-c4cnc(OC)c(OC)c4)cc23)C1,310.0,6.508638306165727,1,413.5030000000002
CCC(=O)N1CC[C@H](Nc2ncnc3sc(-c4cnc(OC)nc4)cc23)C1,2581.0,5.588211995456131,0,384.46500000000015
CCC(=O)N1CC[C@H](Nc2ncnc3sc(-c4cncc(S(C)(=O)=O)c4)cc23)C1,1214.0,5.915781313260761,0,431.5430000000002
CCC(=O)N1CC[C@H](Oc2ccc3c(c2)N(c2ccc(C)c(C#N)c2)CCO3)C1,5361.0,5.270754192774693,0,391.47100000000023
CCC(=O)N1CC[C@H](Oc2ccc3c(c2)N(c2ccc(C)c(S(=O)(=O)N4CCCCC4)c2)CCO3)C1,6878.0,5.162537828514005,0,513.6600000000004
CCC(=O)N1CC[C@H](Oc2ccc3c(c2)N(c2ccc(OC)c(C(F)(F)F)c2)CCO3)C1,2794.0,5.553773598221837,0,450.4570000000002
CCC(=O)N1CC[C@H](Oc2ccc3c(c2)N(c2ccc(OC)c(OC)c2)CCO3)C1,5589.0,5.252665890384095,0,412.4860000000003
CCC(=O)N1CC[C@H](Oc2ccc3c(c2)N(c2ccc(OC)c(S(=O)(=O)N(C)C)c2)CCO3)C1,4892.0,5.3105135516357524,0,489.59400000000034
CCC(=O)N1CC[C@H](Oc2ccc3c(c2)N(c2ccc(OC)c(S(=O)(=O)N(C)OC)c2)CCO3)C1,2730.0,5.5638373529592435,0,505.59300000000036
CCC(=O)N1CC[C@H](Oc2ccc3c(c2)N(c2ccc(OC)c(S(=O)(=O)N4CCN(C)CC4)c2)CCO3)C1,9100.0,5.040958607678906,0,544.6740000000003
CCC(=O)N1CC[C@H](Oc2ccc3c(c2)N(c2ccc(OC)c(S(=O)(=O)N4CCOCC4)c2)CCO3)C1,5755.0,5.239954672034189,0,531.6310000000003
CCC(=O)N1CC[C@H](Oc2ccc3c(c2)N(c2ccc(OC)c(S(=O)(=O)NOC)c2)CCO3)C1,6022.0,5.220259248823259,0,491.5660000000003
CCC(=O)N1CC[C@H](Oc2ccc3c(c2)N(c2ccc(OC)c(S(C)(=O)=O)c2)CCO3)C1,9100.0,5.040958607678906,0,460.5520000000003
CCC(=O)N1CC[C@H](Oc2ccc3c(c2)N(c2ccc(OC)nc2)CCO3)C1,3001.0,5.522734004575147,0,383.4480000000002
CCC(=O)N1CC[C@H](Oc2ccc3c(c2)N(c2ccc(S(=O)(=O)CC)nc2)CCO3)C1,9100.0,5.040958607678906,0,445.5410000000003
CCC(=O)N1CC[C@H](Oc2ccc3c(c2)N(c2ccc(S(C)(=O)=O)nc2)CCO3)C1,5928.0,5.227091805028728,0,431.51400000000024
CCC(=O)N1CC[C@H](Oc2ccc3c(c2)N(c2ccc([S+]([O-])CC)nc2)CCO3)C1,3357.0,5.474048658751988,0,429.54200000000026
CCC(=O)N1CC[C@H](Oc2ccc3c(c2)N(c2ccnc(C#N)c2)CCO3)C1,9100.0,5.040958607678906,0,378.4320000000002
CCC(=O)N1CC[C@H](Oc2ccc3c(c2)N(c2cnc(Cl)c(C)c2)CCO3)C1,461.0,6.336299074610352,1,401.89400000000023
CCC(=O)N1CC[C@H](Oc2ccc3c(c2)N(c2cnc(Cl)c(OC)c2)CCO3)C1,3850.0,5.414539270491499,0,417.89300000000026
CCC(=O)N1CC[C@H](Oc2ccc3c(c2)N(c2cnc(N)c(C(F)(F)F)c2)CCO3)C1,104.0,6.982966660701219,1,436.4340000000002
CCC(=O)N1CC[C@H](Oc2ccc3c(c2)N(c2cnc(N)c(OC)c2)CCO3)C1,9100.0,5.040958607678906,0,398.46300000000025
CCC(=O)N1CC[C@H](Oc2ccc3c(c2)N(c2cnc(OC)c(C#N)c2)CCO3)C1,410.0,6.3872161432802645,1,408.45800000000025
CCC(=O)N1CC[C@H](Oc2ccc3c(c2)N(c2cnc(OC)c(C(F)(F)F)c2)CCO3)C1,220.0,6.657577319177793,1,451.4450000000002
CCC(=O)N1CC[C@H](Oc2ccc3c(c2)N(c2cnc(OC)c(C)c2)CCO3)C1,292.0,6.534617148551582,1,397.47500000000025
CCC(=O)N1CC[C@H](Oc2ccc3c(c2)N(c2cnc(OC)c(Cl)c2)CCO3)C1,182.0,6.739928612014925,1,417.89300000000026
CCC(=O)N1CC[C@H](Oc2ccc3c(c2)N(c2cnc(OC)c(F)c2)CCO3)C1,2279.0,5.642255674819625,0,401.4380000000002
CCC(=O)N1CC[C@H](Oc2ccc3c(c2)N(c2cnc(OC)c(OC)c2)CCO3)C1,1234.0,5.908684840302777,0,413.4740000000003
CCC(=O)N1CC[C@H](Oc2ccc3c(c2)N(c2cnc(OC)c(S(=O)(=O)N4CCN(C)CC4)c2)CCO3)C1,895.0,6.048176964684088,1,545.6620000000003
CCC(=O)N1CC[C@H](Oc2ccc3c(c2)N(c2cnc(S(C)(=O)=O)c(C)c2)CCO3)C1,476.0,6.3223930472795065,1,445.5410000000003
CCC(=O)N1CC[C@H](Oc2ccc3c(c2)N(c2cnc4ccccc4c2)CCO3)C1,1269.0,5.896538377905295,0,403.4820000000002
CCC(=O)N1CC[C@H](Oc2ccc3c(c2)N(c2cncc(C#N)c2)CCO3)C1,3195.0,5.495529137505581,0,378.4320000000002
CCC(=O)N1CC[C@H](Oc2ccc3c(c2)N(c2cncc(C(F)(F)F)c2)CCO3)C1,343.0,6.464705879957229,1,421.41900000000015
CCC(=O)N1CC[C@H](Oc2ccc3c(c2)N(c2cncc(S(=O)(=O)C(C)C)c2)CCO3)C1,236.0,6.627087997029894,1,459.56800000000027
CCC(=O)N1CC[C@H](Oc2ccc3c(c2)N(c2cncc(S(=O)(=O)N(C)C)c2)CCO3)C1,71.0,7.1487416512809245,1,460.55600000000027
CCC(=O)N1CC[C@H](Oc2ccc3c(c2)N(c2cncc(S(=O)(=O)N(C)OC)c2)CCO3)C1,260.0,6.585026652029182,1,476.5550000000003
CCC(=O)N1CC[C@H](Oc2ccc3c(c2)N(c2cncc(S(=O)(=O)N4CCN(C)CC4)c2)CCO3)C1,531.0,6.274905478918531,1,515.6360000000003
CCC(=O)N1CC[C@H](Oc2ccc3c(c2)N(c2cncc(S(=O)(=O)N4CCOCC4)c2)CCO3)C1,152.0,6.818156412055227,1,502.5930000000004
CCC(=O)N1CC[C@H](Oc2ccc3c(c2)N(c2cncc(S(C)(=O)=O)c2)CCO3)C1,370.0,6.431798275933005,1,431.51400000000024
CCC(=O)N1CC[C@H](Oc2ccnc3ccc(-c4ccc(OC)nc4)cc23)C1,413.0,6.384049948343599,1,377.44400000000013
CCC(=O)N1CC[C@H](Oc2ccnc3ccc(-c4ccc(OC)nc4)nc23)C1,1392.0,5.856360764725457,0,378.43200000000013
CCC(=O)N1CC[C@H](Oc2cnc3ccc(-c4ccc(OC)c(OC)c4)cc3n2)C1,3230.0,5.490797477668897,0,407.4700000000002
CCC(=O)N1CC[C@H](Oc2cnnc3ccc(-c4ccc(OC)nc4)cc23)C1,7540.0,5.122628654130226,0,378.43200000000013
CCC(=O)N1CC[C@H](Oc2ncnc3c2CN(c2ccc(OC)nc2)CC3)C1,8330.0,5.079354998593212,0,383.45200000000017
CCC(=O)N1CC[C@H](Oc2ncnc3c2CN(c2cnc(OC)c(C#N)c2)CC3)C1,2331.0,5.632457726479423,0,408.4620000000002
CCC(=O)N1CC[C@H](Oc2ncnc3c2CN(c2cnc(OC)c(C(F)(F)F)c2)CC3)C1,1111.25,5.95418822602173,0,451.4490000000002
CCC(=O)N1CC[C@H](Oc2ncnc3c2CN(c2cnc(OC)c(OC)c2)CC3)C1,1764.0,5.753501419204199,0,413.47800000000024
CCC(=O)N1CC[C@H](Oc2ncnc3ccc(-c4ccc(OC)nc4)cc23)C1,624.0,6.204815410317576,1,378.43200000000013
CCC(=O)N1CC[C@H](Oc2ncnc3ccc(-c4cnc(OC)c(C#N)c4)cc23)C1,883.0,6.054039296422431,1,403.4420000000002
CCC(=O)N1CC[C@H](Oc2ncnc3sc(-c4cnc(OC)c(C#N)c4)cc23)C1,7327.0,5.135073808460994,0,409.4710000000002
CCC(=O)N1CC[C@H](Oc2ncnc3sc(-c4cnc(OC)c(C(F)(F)F)c4)cc23)C1,10000.0,5.0,0,452.45800000000014
CCC(=O)N1CC[C@H](Oc2ncnc3sc(-c4cnc(OC)c(F)c4)cc23)C1,7856.0,5.104798525221106,0,402.45100000000014
CCC(=O)N1CC[C@H](Oc2ncnc3sc(-c4cnc(OC)c(OC)c4)cc23)C1,428.0,6.368556230986828,1,414.4870000000002
CCC(=O)N1C[C@@H](Oc2ccc3c(c2)N(c2cnc(OC)c(C#N)c2)CCO3)CO1,2534.0,5.596193389452577,0,410.4300000000003
CCC(=O)N1C[C@H](Oc2ccc3c(c2)N(c2cnc(OC)c(C#N)c2)CCO3)CO1,9100.0,5.040958607678906,0,410.4300000000003
CCC(=O)NCc1cccc(Nc2cc3nc(-c4cnc(OC)c(OC)c4)ccn3n2)n1,8.42,8.074687908500351,1,433.47200000000015
CCC(=O)Nc1nc(C)c(-c2cnc(Cl)c(NS(=O)(=O)c3ccccc3)c2)s1,2.3,8.638272163982407,1,436.9460000000001
CCC(=O)Nc1nc(C)c2cc(-c3cnc(OC)c(NS(=O)(=O)c4ccc(F)cc4F)c3)sc2n1,2.2,8.657577319177793,1,519.5550000000001
CCC(=O)Oc1cccc(-c2nc(N3CCOCC3)c3cc4ncccc4n3n2)c1,544.0,6.2644011003018205,1,403.44200000000006
CCC(C)N1CCN(Cc2ccc(-c3cc(NS(=O)(=O)c4cc(N5CCOCC5)cnc4OC)ccn3)cc2)CC1,10000.0,5.0,0,580.7550000000002
CCC(C)[C@H](N)C(=O)Nc1nc(C)c(-c2cnc(Cl)c(NS(=O)(=O)c3ccccc3)c2)s1,75.9,7.11975822410452,1,494.04200000000014
CCC(C)n1nc(-c2ccc(C)c(O)c2)c2c(N)ncnc21,750.0,6.1249387366083,1,297.362
CCC(CC)CNc1c(C(N)=O)cnc2ccc(C#N)cc12,247.0,6.607303046740334,1,296.374
CCC(CC)NC(=O)[C@H](C)Cn1cnc2ccc(-c3cnc(OC)c(NS(=O)(=O)c4ccc(F)cc4Cl)c3)cc2c1=O,19.6,7.707743928643524,1,616.1150000000001
CCC(CC)c1nc(-c2sc(NC(=O)N3CCC[C@H]3C(N)=O)nc2C)cs1,88.0,7.055517327849832,1,407.56500000000017
CCC(Cn1cnc2ccc(-c3cnc(OC)c(NS(=O)(=O)c4ccc(F)cc4Cl)c3)cc2c1=O)C(N)=O,6.9,8.161150909262744,1,560.0070000000001
CCC(NC(=O)c1cnc2ccc(-c3ccc4oc(N)nc4c3)cn12)C(=O)OC,807.0,6.09312646527793,1,393.40300000000013
CCC(O)CN(Cc1cccc2ccccc12)c1cc(N2CCOCC2)nc(=O)[nH]1,149000.0,3.826813731587726,0,408.5020000000003
CCC(c1nn(-c2cccnc2)c2cc(Cl)ccc12)n1nc(C)c2c(N)ncnc21,10000.0,5.0,0,418.8920000000002
CCC/C(=N\N(C)S(=O)(=O)c1cc([N+](=O)[O-])ccc1C)c1cnn2ccc(C#N)cc12,610.0,6.214670164989233,1,440.4850000000002
CCC/C(=N\NS(=O)(=O)c1cc([N+](=O)[O-])ccc1C)c1cnn2ccc(C#N)cc12,39.0,7.4089353929735005,1,426.45800000000014
CCC1(O)CCN(c2ncnc(C)c2C#Cc2ccc(N)nc2)CC1,50.0,7.301029995663981,1,337.42700000000013
CCC1(c2ccccc2)CN(c2cc(=O)c3cc(C)cc(C(C)Nc4ccccc4C(=O)O)c3o2)C1,625.0,6.204119982655925,1,482.58000000000015
CCC1C(c2cccnc2)OC(=O)N1c1cc(-c2cnc(N)nc2C(F)(F)F)nc(N2CCOCC2)n1,57.0,7.2441251443275085,1,516.4840000000003
CCCC(=O)N1CC[C@H](Nc2ncnc3sc(-c4cnc(OC)c(OC)c4)cc23)C1,363.0,6.440093374963888,1,427.53000000000026
CCCC(=O)Nc1nc(C)c2cc(-c3cnc(OC)c(NS(=O)(=O)c4ccc(F)cc4F)c3)sc2n1,1.6,8.795880017344075,1,533.5820000000001
CCCC(=O)Oc1cccc(-c2nc(N3CCOCC3)c3cc4ncccc4n3n2)c1,510.5,6.292004253577071,1,417.4690000000001
CCCC(CCC)C(=O)Oc1cccc(-c2nc(N3CCOCC3)c3cc4ncccc4n3n2)c1,60.7,7.2168113089247425,1,473.5770000000003
CCCC1=NC=CC1c1cc(-c2cnc(NC(=O)N3CCCC3C(N)=O)s2)ccc1S(C)(=O)=O,170.0,6.769551078621726,1,501.6340000000003
CCCC1CC(=O)c2sc(N3CCOCC3)nc2C1,8393.0,5.076082776886895,0,280.393
CCCCCC(=O)NCC1CCN(c2ncnc(C)c2C#Cc2ccc(N)nc2)CC1,23.0,7.638272163982407,1,420.56100000000026
CCCCN(C)/C=C1/C(=O)O[C@H](COC)[C@@]2(C)C1=C(O)C(=O)C1=C2[C@H](OC(C)=O)C[C@]2(C)[C@@H](O)CC[C@@H]12,635.0,6.197226274708024,1,517.6190000000004
CCCCN1CCN(C(=O)c2ccc(-c3ncnc(C)c3C#Cc3ccc(N)nc3)cc2)CC1,153.0,6.815308569182402,1,454.5780000000003
CCCCN1CCN(C(=O)c2ccc(-c3ncnc(CC)c3C#Cc3ccc(N)nc3)cc2C)CC1,147.0,6.8326826652518236,1,482.6320000000004
CCCCN1CCN(C(=O)c2ccc(-c3ncnc(CC)c3C#Cc3ccc(N)nc3)cc2Cl)CC1,162.0,6.790484985457369,1,503.0500000000004
CCCCN1CCN(C(=O)c2ccc(-c3ncnc(CC)c3C#Cc3ccc(N)nc3)cc2F)CC1,219.0,6.6595558851598815,1,486.59500000000037
CCCCN1CCN(C(=O)c2ccc(-c3ncnc(CC)c3C#Cc3ccc(N)nc3)cc2OC)CC1,501.7,6.299555898972248,1,498.6310000000004
CCCCNC(=O)c1ccc(NC(=O)Nc2ccc(-c3nc(N4CCOCC4)c4nnn(CC)c4n3)cc2)cc1,6.0,8.221848749616356,1,543.6320000000004
CCCCNS(=O)(=O)c1cccc(-c2ccc3nc(NC(C)=O)nn3c2)c1,10000.0,5.0,0,387.4650000000001
CCCCOCc1ncnc2sc3c(c12)CN(C(=O)c1cc(C(C)C)c(O)cc1O)CC3,48.0,7.318758762624412,1,455.58000000000027
CCCCS(=O)(=O)Nc1cc(-c2cnc3nc(N)nc(C)c3c2)cnc1OC,47.5,7.323306390375134,1,402.4800000000002
CCCCc1cc(-c2c[nH]c3ncc(-c4cnn(C5CCNCC5)c4)cc23)nc(N)n1,5500.0,5.259637310505756,0,416.53300000000024
CCCCc1cc(-c2c[nH]c3ncccc23)nc(N)n1,10000.0,5.0,0,267.33599999999996
CCCCc1cccc(-n2c([C@H](C)Nc3ncnc(N)c3C#Cc3ccc(F)cn3)nc3cccc(Cl)c3c2=O)c1,1000.0,6.0,1,568.0560000000002
CCCCn1c(=O)c2ccnn2c2ccc(C(=O)NCc3cccnc3)cc21,2000.0,5.698970004336019,0,375.4320000000001
CCCN(c1ccnc(-c2ccc(CN3CCN(C(C)C)CC3)cc2F)c1)S(=O)(=O)c1cc(N2CCOCC2)cnc1OC,10000.0,5.0,0,626.7990000000001
CCCN1CCN(C(=O)c2c(F)cc(-c3ncnc(CC)c3C#Cc3ccc(N)nc3)cc2F)CC1,133.4,6.87484417041947,1,490.55800000000033
CCCNc1cc(-c2ccc3c(c2)-c2ccc(O[C@@H](C)C(N)=O)cc2OC3)ncn1,11.1,7.954677021213342,1,404.4700000000002
CCCS(=O)(=O)Nc1cc(C#Cc2c(C)ncnc2N2CCOCC2)cnc1C,5.0,8.301029995663981,1,415.51900000000023
CCCc1cc(S(C)(=O)=O)ccc1C(=O)N1CCOc2ccc(-c3ccc4nc[nH]c4c3)cc2C1,3000.0,5.522878745280337,0,489.5970000000002
CCCc1nc(N)nc(-n2c(Nc3cccc(O)c3)nc3ccccc32)n1,3500.0,5.455931955649724,0,361.4090000000001
CCCn1cc(-c2ccc3nc(N)sc3c2)cn1,12589.25,4.900000142057633,0,258.34999999999997
CCCn1cc(-c2cnc(N)nc2)nc(N2CCOCC2)c1=O,25.0,7.6020599913279625,1,316.3650000000001
CCCn1cnc2c(N3CCOC[C@@H]3C)cc(-c3ccc(NC(=O)NCC)cc3)nc21,10000.0,5.0,0,422.5330000000001
CCN(/C=C1/C(=O)O[C@H](COC)[C@@]2(C)C1=C(O)C(=O)C1=C2[C@H](O)C[C@]2(C)[C@@H](O)CC[C@@H]12)CC,7850.0,5.105130343254747,0,461.5550000000003
CCN(/C=C1/C(=O)O[C@H](COC)[C@@]2(C)C1=C(O)C(=O)C1=C2[C@H](OC(C)=O)C[C@]2(C)[C@@H](O)CC[C@@H]12)CC,382.0,6.4179366370882915,1,503.5920000000004
CCN(/C=C1/C(=O)O[C@H](COC)[C@@]2(C)C1=C(O)C(=O)C1=C2[C@H](OC(C)=O)C[C@]2(C)[C@@H](O)CC[C@@H]12)CCCN(C)C,12.0,7.920818753952375,1,560.6880000000002
CCN(/C=C1/C(=O)O[C@H](COC)[C@@]2(C)C1=C(O)C(=O)C1=C2[C@H](OC(C)=O)C[C@]2(C)[C@@H](O)CC[C@@H]12)CCN(C)C,5.0,8.301029995663981,1,546.6610000000003
CCN(/C=C1/C(=O)O[C@H](COC)[C@@]2(C)C1=C(O)C(=O)C1=C2[C@H](OC(C)=O)C[C@]2(C)[C@@H](O)CC[C@@H]12)CCN(CC)CC,24.0,7.619788758288394,1,574.7150000000001
CCN(/N=C/c1cnn2ccc(C#N)cc12)S(=O)(=O)c1cc([N+](=O)[O-])ccc1C,0.5,9.301029995663981,1,412.4310000000002
CCN(C(=O)COC)c1cccc(Nc2nc(C)c(-c3cc4c(c(S(=O)(=O)NC)c3)C(=O)N([C@@H](C)C3CC3)C4)s2)n1,25.0,7.6020599913279625,1,598.7510000000001
CCN(C(C)=O)C(=O)Nc1ccc2ncc(-c3ccccc3)nc2n1,100000.0,4.0,0,335.367
CCN(C)C(=O)CC1CCN(c2ncnc(C)c2C#Cc2ccc(N)nc2)CC1,44.0,7.356547323513812,1,392.5070000000002
CCN(C)C(=O)c1cc(C(C)Nc2cc(F)cc(F)c2)c2oc(N3CCOCC3)cc(=O)c2c1,1105.0,5.95663772197887,0,471.50400000000036
CCN(C)c1cc(-c2ccc3c(c2)-c2ccc(O[C@@H](C)C(N)=O)cc2OC3)ncn1,22.4,7.649751981665837,1,404.4700000000002
CCN(C)c1ccc(-c2ccc3nc(N)sc3c2)cn1,6309.57,5.200000237109354,0,284.388
CCN(CC)C(=O)C1CCN(c2ccnc3c2c(/C=C2\Oc4ccc(NC(=O)Nc5cccnc5)cc4C2=O)cn3C)CC1,308.0,6.511449283499556,1,593.688
CCN(CC)C(=O)CSC(=S)N1CCN(c2cc(N3CCOCC3)nc(-n3c(C(F)F)nc4c(OC)cccc43)n2)CC1,1.3,8.886056647693163,1,634.7790000000001
CCN(CC)C(=O)CSC(=S)N1CCN(c2nc(N3CCOCC3)nc(-n3c(C(F)F)nc4c(OC)cccc43)n2)CC1,1.1,8.958607314841775,1,635.767
CCN(CC)C(=O)[C@H](C)Cn1cnc2ccc(-c3cnc(OC)c(NS(=O)(=O)c4ccc(F)cc4Cl)c3)cc2c1=O,25.8,7.58838029403677,1,602.0880000000002
CCN(CC)C(=O)c1cc(C(C)Nc2cc(F)cc(F)c2)c2oc(N3CCOCC3)cc(=O)c2c1,1675.0,5.775985188627136,0,485.53100000000035
CCN(CC)C(=O)c1cccc(-c2ncnc(C)c2C#Cc2ccc(N)nc2)c1,308.0,6.511449283499556,1,385.4710000000001
CCN(CC)C1CN(c2cnc3ccc(-c4ccc5oc(N)nc5c4)cc3n2)C1,100.0,7.0,1,388.4750000000002
CCN(CC)CC#Cc1ccnc2ccc(-c3cnc(OC)c(NS(=O)(=O)c4ccc(F)cc4F)c3)cc12,33.0,7.481486060122112,1,536.6040000000003
CCN(CC)CC(=O)N1CCN(c2cnc3ccc(-c4ccc5oc(N)nc5c4)cc3n2)CC1,100.0,7.0,1,459.55400000000026
CCN(CC)CCCNC(=O)c1cnc2ccc(-c3ccc4oc(N)nc4c3)cn12,1000.0,6.0,1,406.4900000000002
CCN(CC)CCCNc1cnc2ccc(-c3ccc4oc(N)nc4c3)cc2n1,100.0,7.0,1,390.49100000000016
CCN(CC)CCCNc1nc(-c2ccc(NC(=O)Nc3ccc(Cl)cc3)cc2)nc2ccsc12,130.0,6.886056647693163,1,509.0790000000001
CCN(CC)CCCn1cnc2ccc(-c3ccc4oc(N)nc4c3)cc2c1=O,1000.0,6.0,1,391.4750000000002
CCN(CC)CCN(/N=C/c1cnn2ccc(C#N)cc12)S(=O)(=O)c1cc([N+](=O)[O-])ccc1C,82.0,7.086186147616283,1,483.55400000000026
CCN(CC)CCN(C)/C=C1/C(=O)O[C@H](COC)[C@@]2(C)C1=C(O)C(=O)C1=C2[C@H](OC(C)=O)C[C@]2(C)[C@@H](O)CC[C@@H]12,50.0,7.301029995663981,1,560.6880000000002
CCN(CC)CCNC(=O)Nc1nc2ccc(-c3cnc(OC)c(NS(=O)(=O)c4ccc(F)cc4)c3)cn2n1,14.0,7.853871964321762,1,556.6240000000001
CCN(CC)CCNC(=O)c1c(C)[nH]c(/C=C2\C(=O)Nc3ccc(F)cc32)c1C,11000.0,4.958607314841775,0,398.48200000000014
CCN(CC)CCNC(=O)c1cnc2ccc(-c3ccc4oc(N)nc4c3)cn12,1000.0,6.0,1,392.46300000000014
CCN(CC)CCNc1cnc2ccc(-c3ccc4oc(N)nc4c3)cc2n1,1000.0,6.0,1,376.46400000000017
CCN(CC)CCSC(=S)N1CCN(c2nc(N3CCOCC3)nc(-n3c(C(F)F)nc4c(OC)cccc43)n2)CC1,38.0,7.42021640338319,1,621.7840000000001
CCN(CC)CCn1cnc2ccc(-c3ccc4oc(N)nc4c3)cc2c1=O,10000.0,5.0,0,377.44800000000015
CCN(CC)Cc1ccc(-c2ccnc3ccc(-c4cnc(OC)c(NS(=O)(=O)c5ccc(F)cc5F)c4)cc23)cc1,1.1,8.958607314841775,1,588.6800000000002
CCN(CC)S(=O)(=O)c1cc(Nc2nccc(-c3ccnc(-c4ccc(NC(=O)NC)cc4)c3)n2)ccc1C,130.0,6.886056647693163,1,545.6690000000002
CCN(CC)S(=O)(=O)c1cc(Nc2nccc(-c3ccnc(-c4ccc(NC(=O)NC)cc4)c3)n2)ccc1Cl,92.0,7.036212172654444,1,566.0870000000002
CCN(CC)S(=O)(=O)c1cccc(Nc2nccc(-c3ccnc(-c4ccc(NC(=O)NC)cc4)c3)n2)c1,78.0,7.107905397309519,1,531.6420000000002
CCN(CC)c1cc(-c2ccc3c(c2)-c2ccc(O[C@@H](C)C(N)=O)cc2OC3)ncn1,413.8,6.383209513670284,1,418.4970000000002
CCN(CC)c1cc(-c2cnc(NC(=O)N3CCC[C@@]3(C)C(N)=O)s2)ccn1,50.0,7.301029995663981,1,402.52400000000017
CCN(CC)c1nccc(-c2sc(NC(=O)N3CCC[C@H]3C(N)=O)nc2C)n1,93.0,7.031517051446065,1,403.5120000000002
CCN(CC)c1nccc(-c2sc(NC(=O)N3CC[C@@H]4C[C@@]43C(N)=O)nc2C)n1,76.0,7.119186407719209,1,415.52300000000025
CCN(CCOC)c1nccc(-c2sc(NC(=O)N3CCC[C@@]3(C)C(N)=O)nc2C)n1,99.0,7.00436480540245,1,447.56500000000034
CCN(CCOc1cc(-c2ccc(OC)nc2)cc2c(C)ncnc12)c1ncc(C(=O)NO)cn1,195.0,6.709965388637482,1,475.5090000000002
CCN(CCOc1cc(-c2cnc(OC)c(F)c2)cc2c(C)ncnc12)c1ncc(C(=O)NO)cn1,72.0,7.142667503568732,1,493.4990000000002
CCN(Cc1ccc(-c2ccnc3ccc(-c4cnc(OC)c(NS(=O)(=O)c5ccc(F)cc5F)c4)cc23)cc1)C1CCCCC1,1.6,8.795880017344075,1,642.7719999999998
CCN(Cc1cccc2ccccc12)c1cc(N2CCOCC2)nc(=O)[nH]1,82800.0,4.08196966321512,0,364.4490000000002
CCN(Cc1ccccc1)c1nccc(-c2sc(NC(=O)N3CCC[C@@]3(C)C(N)=O)nc2C)n1,140.0,6.853871964321762,1,479.6100000000003
CCN(c1ccnc(-c2ccc(CN3CCN(C(C)C)CC3)cc2F)c1)S(=O)(=O)c1cc(N2CCOCC2)cnc1OC,10000.0,5.0,0,612.772
CCN/C=C1/C(=O)O[C@H](COC)[C@@]2(C)C1=C(O)C(=O)C1=C2[C@H](OC(C)=O)C[C@]2(C)[C@@H](O)CC[C@@H]12,10000.0,5.0,0,475.5380000000003
CCN1C(=O)C2CCCCN2c2ccc(C(=O)NCc3cccnc3)cc21,20000.0,4.698970004336019,0,364.4490000000001
CCN1C(=O)CNc2ncc(-c3ccc(-c4nc[nH]n4)nc3C)nc21,850.0,6.070581074285707,1,336.3590000000001
CCN1C(=O)N2CC(C)(C)CN=C2c2ccc(C(=O)NCc3cccnc3)cc21,20000.0,4.698970004336019,0,391.4750000000001
CCN1C(=O)N2CCCN=C2c2ccc(C(=O)NCc3cccnc3)cc21,20000.0,4.698970004336019,0,363.4210000000001
CCN1C(=O)N2CCN=C2c2ccc(C(=O)NCc3cccnc3)cc21,20000.0,4.698970004336019,0,349.39400000000006
CCN1C(=O)[C@@H]2CCCN2c2ccc(C(=O)NCc3cccnc3)cc21,20000.0,4.698970004336019,0,350.422
CCN1C(=O)[C@H]2CCCN2c2ccc(C(=O)NCc3cccnc3)cc21,20000.0,4.698970004336019,0,350.422
CCN1CCC(Nc2cc(-c3ncnc4c3CN(c3cnc(OC)c(C)c3)CC4)ccn2)CC1,4600.0,5.337242168318426,0,459.5980000000003
CCN1CCC(n2cnc3ccc(-c4ccc5oc(N)nc5c4)cc3c2=O)CC1,1000.0,6.0,1,389.45900000000023
CCN1CCN(C(=O)c2cnc3ccc(-c4ccc5oc(N)nc5c4)cn23)CC1,1000.0,6.0,1,390.44700000000023
CCN1CCN(C2CN(c3cnc4ccc(-c5ccc6oc(N)nc6c5)cc4n3)C2)CC1,100.0,7.0,1,429.5280000000003
CCN1CCN(CC(=O)Nc2ccc(-c3cccc4c(=O)cc(N5CCOCC5)oc34)c3sc4ccccc4c23)CC1,4.0,8.397940008672037,1,582.7260000000002
CCN1CCN(CC/C=C/c2ccc3c(Nc4ccc(Sc5nccn5C)c(Cl)c4)c(C#N)cnc3c2)CC1,10000.0,5.0,0,558.1550000000001
CCN1CCN(c2ccc(NC(=O)Nc3ccc(-c4nc(C5CCOCC5)nc(N5C6CCC5COC6)n4)cc3)cc2)CC1,574.0,6.241088107602026,1,598.7520000000003
CCN1CCN(c2ccc(NC(=O)Nc3ccc(-c4nc(N5C6CCC5COC6)nc(N5CCOC[C@H]5C)n4)cc3)cc2)CC1,1006.0,5.997402019280091,0,613.7670000000003
CCN1CCN(c2ccc(Nc3cc(N(C)C(=O)Nc4c(Cl)c(OC)cc(OC)c4Cl)ncn3)cc2)CC1,9000.0,5.045757490560675,0,560.4860000000001
CCN1CCN(c2cnc3ccc(-c4ccc5oc(N)nc5c4)cc3n2)C(=O)C1,10000.0,5.0,0,388.43100000000015
CCN1CCN(c2cnc3ccc(-c4ccc5oc(N)nc5c4)cc3n2)CC1,100.0,7.0,1,374.44800000000015
CCN1CCN(c2nc(-c3ccc4oc(N)nc4c3)nc(N3CCOCC3)n2)CC1,598.0,6.223298816011589,1,410.4820000000003
CCN1Cc2cc(-c3ccn4nc(N)c(C(=O)NC5CC5)c4n3)cc(C)c2C1=O,118.0,6.928117992693875,1,390.44700000000023
CCNC(=O)CC1CCN(c2ncnc(C)c2C#Cc2ccc(N)nc2)CC1,38.0,7.42021640338319,1,378.4800000000002
CCNC(=O)N1CC(S(=O)(=O)c2cc(-c3cnc(N)nc3)cc(N3CCOCC3)c2)C1,88.0,7.055517327849832,1,446.5330000000003
CCNC(=O)Nc1cc(C(F)(F)F)c(-c2nc(N3CCOCC3)c3cc(CN4CCN(S(C)(=O)=O)CC4)cn3n2)cn1,41.7,7.379863945026242,1,611.6510000000001
CCNC(=O)Nc1ccc(-c2cc(N3CCOCC3)cc(S(=O)(=O)Cc3ccc(F)cc3)c2)cc1OC,6500.0,5.187086643357144,0,527.6180000000002
CCNC(=O)Nc1ccc(-c2cc(N3CCOC[C@@H]3C)c3nc(C)n(CC)c3n2)cc1,10000.0,5.0,0,422.53300000000013
CCNC(=O)Nc1ccc(-c2cnc(Cl)c(NS(=O)(=O)c3ccccc3)c2)cn1,412.0,6.3851027839668655,1,431.9050000000001
CCNC(=O)Nc1ccc(-c2nc(C(C)(C)S(C)(=O)=O)cc([C@@]34CCOC[C@@H]3C4)n2)cc1,25118.86,4.600000074606178,0,458.5840000000003
CCNC(=O)Nc1ccc(-c2nc(C(C)(C)S(C)(=O)=O)cc([C@]34CCOC[C@H]3C4)n2)cc1,31622.78,4.499999953328896,0,458.5840000000003
CCNC(=O)Nc1ccc(-c2nc(C3=CCOCC3)c3sccc3n2)cc1,1053.0,5.9775716288145135,0,380.47300000000007
CCNC(=O)Nc1ccc(-c2nc(CS(C)(=O)=O)cc(N3CCOCC3)n2)cc1,2271.705,5.643648066090565,0,419.50700000000023
CCNC(=O)Nc1ccc(-c2nc(CS(C)(=O)=O)cc(N3CCOC[C@@H]3C)n2)cc1,15848.93,4.800000052738446,0,433.5340000000002
CCNC(=O)Nc1ccc(-c2nc(CS(C)(=O)=O)cc([C@@]34CCOC[C@@H]3C4)n2)cc1,31622.78,4.499999953328896,0,430.53000000000026
CCNC(=O)Nc1ccc(-c2nc(CS(C)(=O)=O)cc([C@]34CCOC[C@H]3C4)n2)cc1,31622.78,4.499999953328896,0,430.53000000000026
CCNC(=O)Nc1ccc(-c2nc(N3C4CCC3COC4)c3cnn(C4CCN(C(=O)OC)CC4)c3n2)cc1,5554.0,5.255394124585761,0,534.6210000000004
CCNC(=O)Nc1ccc(-c2nc(N3CC4CCC(C3)O4)c3cnn(C4CCC5(CC4)OCCO5)c3n2)cc1,4577.0,5.339419087572701,0,533.6330000000005
CCNC(=O)Nc1ccc(-c2nc(N3CC4CCC(C3)O4)c3cnn(C4CCN(C(=O)OC)CC4)c3n2)cc1,5333.0,5.273028416317123,0,534.6210000000004
CCNC(=O)Nc1ccc(-c2nc(N3CC4CCC(C3)O4)c3cnn(CC)c3n2)cc1,1249.0,5.903437561625864,0,421.50500000000017
CCNC(=O)Nc1ccc(-c2nc(N3CC4CCC(C3)O4)c3cnn(CCN(C)C)c3n2)cc1,3125.0,5.505149978319906,0,464.57400000000024
CCNC(=O)Nc1ccc(-c2nc(N3CC4CCC(C3)O4)c3sccc3n2)cc1,1262.0,5.898940645091884,0,409.5150000000001
CCNC(=O)Nc1ccc(-c2nc(N3CCCOCC3)c3c(ncn3C)n2)cc1,6400.0,5.1938200260161125,0,395.4670000000001
CCNC(=O)Nc1ccc(-c2nc(N3CCOC(C)C3)c3cnn(C4CCN(C(=O)OC)CC4)c3n2)cc1,721.0,6.142064735280571,1,522.6100000000004
CCNC(=O)Nc1ccc(-c2nc(N3CCOCC3)c3ccn(CCN(C)C)c3n2)cc1,226.0,6.645891560852599,1,437.5480000000002
CCNC(=O)Nc1ccc(-c2nc(N3CCOCC3)c3cnn(C4CCN(C(=O)OC)CC4)c3n2)cc1,490.0,6.309803919971486,1,508.5830000000003
CCNC(=O)Nc1ccc(-c2nc(N3CCOCC3)c3cnn(C4CCN(C(=O)OCC)CC4)c3n2)cc1,704.0,6.152427340857888,1,522.6100000000004
CCNC(=O)Nc1ccc(-c2nc(N3CCOCC3)c3cnn(C4CCN(Cc5ccccc5)CC4)c3n2)cc1,257.0,6.590066876668706,1,540.6720000000003
CCNC(=O)Nc1ccc(-c2nc(N3CCOCC3)nc(N3CCOCC3)n2)cc1,247.5,6.606424796730413,1,413.4820000000002
CCNC(=O)Nc1ccc(-c2nc(N3CCOC[C@@H]3C)c3cnn(C4CCN(C(=O)OCC)CC4)c3n2)cc1,553.0,6.257274868695302,1,536.6370000000004
CCNC(=O)Nc1ccc(-c2nc(N3CCOC[C@@H]3C)cc(C(C)(C)S(C)(=O)=O)n2)cc1,7943.28,5.100000128334196,0,461.58800000000014
CCNC(=O)Nc1ccc(-c2nc(N3CCOC[C@@H]3CC)c3c(ncn3C)n2)cc1,10000.0,5.0,0,409.4940000000001
CCNC(=O)Nc1ccc(-c2nc(N3CCOC[C@H]3C)c3c(ncn3C)n2)cc1,5800.0,5.236572006437063,0,395.46700000000004
CCNC(=O)Nc1ccc(-c2nc(N3CCOC[C@H]3C)c3cnn(C4CCN(C(=O)OCC)CC4)c3n2)cc1,4362.0,5.360314338757319,0,536.6370000000004
CCNC(=O)Nc1ccc(-c2nc3c(c(N4CCOC[C@@H]4C)n2)CCN(C2COC2)C3)cc1,4200.0,5.376750709602099,0,452.5590000000003
CCNC(=O)Nc1ccc(-c2nccc(C34CCOCC3C4)n2)cc1,12589.25,4.900000142057633,0,338.41100000000006
CCNC(=O)Nc1ccc(-c2nccc(C3=CCOCC3)n2)cc1,19952.62,4.70000006855703,0,324.38400000000007
CCNC(=O)Nc1ccc(-c2nccc(N3CCOCC3)n2)cc1,12589.25,4.900000142057633,0,327.3880000000001
CCNC(=O)Nc1ccc(-c2nccc(N3CCOC[C@@H]3C)n2)cc1,6309.57,5.200000237109354,0,341.4150000000001
CCNC(=O)Nc1ccc(-c2nccc([C@@]34CCOC[C@@H]3C4)n2)cc1,31622.78,4.499999953328896,0,338.41100000000006
CCNC(=O)Nc1ccc(-c2nccc([C@]34CCOC[C@H]3C4)n2)cc1,25118.86,4.600000074606178,0,338.41100000000006
CCNC(=O)Nc1ccc2c(c1)C(=O)/C(=C/c1cn(C)c3nccc(N4CC5CCC(C4)O5)c13)O2,311.0,6.507239610973162,1,473.5330000000003
CCNC(=O)Nc1ccc2ncc(-c3c(C)n[nH]c3C)nc2n1,4000.0,5.3979400086720375,0,311.34900000000005
CCNC(=O)Nc1ccc2ncc(-c3cc(Cl)c(O)c(Cl)c3)nc2n1,3800.0,5.42021640338319,0,378.2190000000001
CCNC(=O)Nc1ccc2ncc(-c3cc(Cl)c(O)c(OC)c3)nc2n1,441.5,6.355069292086412,1,373.8000000000001
CCNC(=O)Nc1ccc2ncc(-c3ccc(C#N)s3)nc2n1,3000.0,5.522878745280337,0,324.369
CCNC(=O)Nc1ccc2ncc(-c3ccc(Cl)cc3OC)nc2n1,3000.0,5.522878745280337,0,357.8010000000001
CCNC(=O)Nc1ccc2ncc(-c3ccc(N)c(OC)c3)nc2n1,984.0,6.007004901568658,1,338.37100000000004
CCNC(=O)Nc1ccc2ncc(-c3ccc(N)cc3)nc2n1,6400.0,5.1938200260161125,0,308.345
CCNC(=O)Nc1ccc2ncc(-c3ccc(O)c(OC)c3)nc2n1,1345.0,5.871277715661574,0,339.3550000000001
CCNC(=O)Nc1ccc2ncc(-c3ccc(O)cc3)nc2n1,6200.0,5.207608310501746,0,309.329
CCNC(=O)Nc1ccc2ncc(-c3ccc(O)cc3Cl)nc2n1,2400.0,5.619788758288394,0,343.77400000000006
CCNC(=O)Nc1ccc2ncc(-c3ccc(OC)c(OC)c3)nc2n1,612.0,6.213248577854439,1,353.38200000000006
CCNC(=O)Nc1ccc2ncc(-c3ccc(OCCCN4CCOCC4)cc3)nc2n1,1400.0,5.853871964321762,0,436.5160000000003
CCNC(=O)Nc1ccc2ncc(-c3ccc(OP(=O)(O)O)c(OC)c3)nc2n1,3700.0,5.431798275933005,0,419.3340000000001
CCNC(=O)Nc1ccc2ncc(-c3ccc(OS(=O)(=O)c4ccc(C)cc4)c(OC)c3)nc2n1,2800.0,5.552841968657781,0,493.54500000000024
CCNC(=O)Nc1ccc2ncc(-c3cccc(C(=O)O)c3)nc2n1,5300.0,5.275724130399211,0,337.33900000000006
CCNC(=O)Nc1ccc2ncc(-c3cccc(C(N)=O)c3)nc2n1,5000.0,5.301029995663981,0,336.3550000000001
CCNC(=O)Nc1ccc2ncc(-c3cccc(O)c3)nc2n1,1300.0,5.886056647693163,0,309.329
CCNC(=O)Nc1ccc2ncc(-c3cnn(C)c3)nc2n1,2400.0,5.619788758288394,0,297.322
CCNC(=O)Nc1ccc2ncc(Nc3cc(C(=O)O)cc(C(F)(F)F)c3)nc2n1,237.0,6.6252516539898965,1,420.35100000000006
CCNC(=O)Nc1ccc2ncc(Nc3cc(Cl)c(O)c(Cl)c3)nc2n1,154.0,6.812479279163537,1,393.2340000000001
CCNC(=O)Nc1ccc2ncc(Nc3cc(OC)cc(OC)c3)nc2n1,1100.0,5.958607314841775,0,368.3970000000001
CCNC(=O)Nc1ccc2ncc(Nc3ccc(C#N)cc3)nc2n1,422.0,6.374687549038326,1,333.355
CCNC(=O)Nc1ccc2ncc(Nc3ccc(C)c(O)c3)nc2n1,2800.0,5.552841968657781,0,338.37100000000004
CCNC(=O)Nc1ccc2ncc(Nc3ccc(C)c(OC)c3)nc2n1,96.0,7.017728766960431,1,352.3980000000001
CCNC(=O)Nc1ccc2ncc(Nc3ccc(C)cc3)nc2n1,129.0,6.889410289700751,1,322.372
CCNC(=O)Nc1ccc2ncc(Nc3ccc(C)cn3)nc2n1,1200.0,5.920818753952375,0,323.36
CCNC(=O)Nc1ccc2ncc(Nc3ccc(CC)cc3)nc2n1,190.0,6.721246399047171,1,336.39900000000006
CCNC(=O)Nc1ccc2ncc(Nc3ccc(Cl)cc3)nc2n1,147.0,6.8326826652518236,1,342.79
CCNC(=O)Nc1ccc2ncc(Nc3ccc(F)cc3)nc2n1,1100.0,5.958607314841775,0,326.33500000000004
CCNC(=O)Nc1ccc2ncc(Nc3ccc(O)cc3)nc2n1,444.0,6.35261702988538,1,324.34400000000005
CCNC(=O)Nc1ccc2ncc(Nc3ccc(OC)c(Cl)c3)nc2n1,295.0,6.530177984021837,1,372.8160000000001
CCNC(=O)Nc1ccc2ncc(Nc3ccc(OC)c(OC)c3)nc2n1,712.0,6.147520006363144,1,368.39700000000016
CCNC(=O)Nc1ccc2ncc(Nc3ccc(OC)cc3)nc2n1,186.0,6.730487055782084,1,338.3710000000001
CCNC(=O)Nc1ccc2ncc(Nc3ccc(OC)nc3)nc2n1,271.0,6.567030709125595,1,339.3590000000001
CCNC(=O)Nc1ccc2ncc(Nc3ccc4ccccc4c3)nc2n1,164.0,6.785156151952302,1,358.4050000000001
CCNC(=O)Nc1ccc2ncc(Nc3cccc(C)c3)nc2n1,348.0,6.458420756053419,1,322.37200000000007
CCNC(=O)Nc1ccc2ncc(Nc3cccc(OC(C)C)c3)nc2n1,1100.0,5.958607314841775,0,366.4250000000001
CCNC(=O)Nc1ccc2ncc(Nc3ccccc3C)nc2n1,2900.0,5.5376020021010435,0,322.37200000000007
CCNC(=O)Nc1ccc2ncc(Nc3cccnc3)nc2n1,1100.0,5.958607314841775,0,309.333
CCNC(=O)Nc1ccc2ncc(Nc3ccn(C)n3)nc2n1,1300.0,5.886056647693163,0,312.33700000000005
CCNC(=O)Nc1ccc2ncc(Nc3ccnc(Cl)c3)nc2n1,133.0,6.876148359032914,1,343.7780000000001
CCNC(=O)Nc1ccc2ncc(Nc3cnc4ccccc4c3)nc2n1,202.0,6.694648630553377,1,359.3930000000001
CCNC(=O)Nc1ccc2ncc(Nc3cnccn3)nc2n1,739.0,6.131355561605174,1,310.321
CCNC(=O)[C@H](C)Cn1cnc2ccc(-c3cnc(OC)c(NS(=O)(=O)c4ccc(F)cc4Cl)c3)cc2c1=O,3.5,8.455931955649724,1,574.0340000000002
CCNC(=O)c1c(-c2ccccc2)c([C@H](C)Nc2ncnc(N)c2C#N)nc2ccc(F)cc12,6230.0,5.205511953340831,0,455.4970000000002
CCNC(=O)c1c(-c2ccccn2)c([C@H](C)Nc2ncnc(N)c2C#N)nc2ccc(F)cc12,16800.0,4.774690718274137,0,456.4850000000002
CCNC(=O)c1cc(C(C)Nc2cc(F)cc(F)c2)c2oc(N3CCOCC3)cc(=O)c2c1,1479.5,5.829885030503348,0,457.4770000000003
CCNC(=O)c1ccc(NC(=O)Nc2ccc(-c3nc(N4CCOCC4)c4nnn(CC)c4n3)cc2)cc1,3.0,8.522878745280337,1,515.5780000000004
CCNC(=O)c1ccc2c(c1)n(CC)c(=O)c1ccnn12,9300.0,5.031517051446065,0,284.31899999999996
CCNC(=O)c1ccc2c(c1)n(CCCN(C)C)c(=O)c1ccnn12,4260.0,5.370590400897281,0,341.415
CCNC(=O)c1ccc2c(c1)n(CCN1CCCCC1)c(=O)c1ccnn12,5250.0,5.279840696594043,0,367.4530000000001
CCNC(=O)c1ccc2c(c1)n(CCOC)c(=O)c1ccnn12,6430.0,5.191789027075778,0,314.34499999999997
CCNC(=O)c1ccc2c(c1)n(Cc1ccccc1)c(=O)c1ccnn12,3610.0,5.442492798094342,0,346.39000000000004
CCNC(=O)c1cnc2ccc(-c3ccc4oc(N)nc4c3)cn12,100.0,7.0,1,321.34000000000003
CCNC(=S)Nc1ccc2ncc(-c3ccc(O)cc3)nc2n1,3500.0,5.455931955649724,0,325.39700000000005
CCNS(=O)(=O)c1cc(-c2sc(Nc3cccc(N(C)C(=O)COC)n3)nc2C)cc2c1C(=O)N([C@@H](C)C1CC1)C2,110.0,6.958607314841775,1,598.7510000000001
CCNS(=O)(=O)c1cc(-c2sc(Nc3cccc(N4CCNCC4=O)n3)nc2C)cc2c1C(=O)N([C@@H](C)C1CC1)C2,54.0,7.267606240177032,1,595.7510000000001
CCNS(=O)(=O)c1cc(-c2sc(Nc3cccc(N4CCOCC4=O)n3)nc2C)cc2c1C(=O)N([C@@H](C)C(F)(F)F)C2,65.0,7.187086643357144,1,624.6670000000004
CCNS(=O)(=O)c1cccc(-n2c([C@H](C)Nc3ncnc(N)c3C#Cc3ccccn3)nc3cccc(Cl)c3c2=O)c1,550.0,6.259637310505756,1,601.0920000000002
CCNc1cc(-c2ccc3c(c2)-c2ccc(O[C@@H](C)C(N)=O)cc2OC3)ncn1,0.4,9.397940008672037,1,390.44300000000015
CCNc1cc(=O)c2cc(C)cc(C(C)Nc3ccccc3C(=O)O)c2o1,5375.0,5.269621531412357,0,366.4170000000001
CCNc1cc(S(C)(=O)=O)ccc1C(=O)N1CCOc2ccc(-c3ccc4nc[nH]c4c3)cc2C1,3000.0,5.522878745280337,0,490.5850000000002
CCNc1ccc(-c2ccc3nc(N)sc3c2)cn1,1995.26,5.700000503883016,0,270.361
CCNc1ccc(C#Cc2c(CC)ncnc2-c2ccc(C(=O)N3CC4(CN(C(=O)OC(C)(C)C)C4)C3)c(F)c2)cn1,420.9,6.375821074251977,1,570.6690000000004
CCNc1ccc(C#Cc2c(CC)ncnc2-c2ccc(C(=O)N3CCC(N4CCOCC4)CC3)c(F)c2)cn1,209.2,6.679438319804763,1,542.6590000000004
CCNc1ccc(C#Cc2c(CC)ncnc2-c2ccc(C(=O)N3CCC4(CC3)CN(C(=O)OC(C)(C)C)C4)c(F)c2)cn1,560.2,6.2516568955124505,1,598.7230000000003
CCNc1ccc(C#Cc2c(CC)ncnc2-c2ccc(C(=O)N3CCC4(CC3)COC4)c(F)c2)cn1,204.4,6.689519108537325,1,499.5900000000004
CCNc1ccc(C#Cc2c(CC)ncnc2-c2ccc(C(=O)N3CCN(C4CCC4)CC3)c(F)c2)cn1,205.6,6.686976889676762,1,512.6330000000004
CCNc1ccc(C#Cc2c(CC)ncnc2-c2ccc(C(=O)N3CCN(CCCS(C)(=O)=O)CC3)c(F)c2)cn1,110.2,6.957818405484233,1,578.7140000000004
CCNc1ccc(C#Cc2c(CC)ncnc2-c2ccc(C(=O)N3CCN(CCNS(C)(=O)=O)CC3)c(F)c2)cn1,61.64,7.210137369953618,1,579.7020000000003
CCNc1ccc(C#Cc2c(CC)ncnc2-c2ccc(C(=O)N3CCn4c(C)cnc4C3)c(F)c2)cn1,133.7,6.873868592738016,1,509.5890000000003
CCNc1ccc(C#Cc2c(CC)ncnc2-c2ccc(C(=O)N3CCn4ccnc4C3)c(F)c2)cn1,63.84,7.194907121657327,1,495.56200000000024
CCNc1ccc(C#Cc2c(CC)ncnc2-c2ccc(C(=O)N3CCn4cnnc4C3)c(F)c2)cn1,44.34,7.35320431122153,1,496.55000000000024
CCNc1nc(C)c2cc(-c3ccc(O)c(OC)c3)c(=O)n(C3CCCC3)c2n1,3.08,8.511449283499555,1,394.47500000000025
CCNc1nc(C)c2cc(-c3ccc(OC)nc3)c(=O)n(C3CCCC3)c2n1,5.03,8.298432014944073,1,379.4640000000002
CCNc1nc(C)c2cc(-c3cccc(O)c3)c(=O)n(C3CCCC3)c2n1,1.01,8.995678626217357,1,364.4490000000002
CCNc1nc(C)c2cc(-c3cccc(OC)c3)c(=O)n(C3CCCC3)c2n1,792.0,6.101274818410507,1,378.4760000000002
CCNc1nc(C)c2cc(-c3cccnc3N)c(=O)n(C3CCCC3)c2n1,3400.0,5.468521082957745,0,364.4530000000002
CCNc1nc(C)c2cc(-c3cnc(OC)c(F)c3)c(=O)n([C@H]3CC[C@H](O)CC3)c2n1,0.788,9.103473782510445,1,427.48000000000025
CCNc1nc(C)c2cc(-c3cnc(OC)c(NS(=O)(=O)c4ccc(F)cc4F)c3)cc(OC3CCOCC3)c2n1,1.5,8.823908740944319,1,585.6329999999999
CCNc1nc(C)c2cc(-c3cnc(OC)nc3)c(=O)n([C@H]3CC[C@H](O)CC3)c2n1,1.59,8.79860287567955,1,410.47800000000024
CCNc1nc(C)c2cc(-c3cnc4[nH]ccc4c3)c(=O)n(C3CCCC3)c2n1,1.77,8.752026733638193,1,388.47500000000025
CCNc1nc(C)c2cc(CCC(=O)Nc3ncc[nH]3)c(=O)n(C3CCCC3)c2n1,310.0,6.508638306165727,1,409.4940000000002
CCNc1nc(C)c2cc(CCC(N)=O)c(=O)n(C3CCCC3)c2n1,1100.0,5.958607314841775,0,343.43100000000015
CCOC(=O)C(C)n1nc(-c2ccc3oc(N)nc3c2)c2c(N)ncnc21,10000.0,5.0,0,367.3690000000001
CCOC(=O)CN(c1ccnc(-c2ccc(CN3CCN(C(C)C)CC3)cc2F)c1)S(=O)(=O)c1cc(N2CCOCC2)cnc1OC,10000.0,5.0,0,670.8079999999999
CCOC(=O)Cc1csc(N/N=C(\C)c2cc3ccccc3o2)n1,7800.0,5.107905397309519,0,343.4080000000001
CCOC(=O)Cn1nc(-c2cc3cc(O)ccc3[nH]2)c2c(N)ncnc21,500.0,6.301029995663981,1,352.3540000000001
CCOC(=O)N1CCC(n2ncc3c(N4CCOC[C@@H]4C)nc(-c4ccc(NC(=O)NCCF)cc4)nc32)CC1,521.0,6.283162276700476,1,554.6270000000001
CCOC(=O)N1CCC(n2ncc3c(N4CCOC[C@@H]4C)nc(-c4ccc(NC(=O)Nc5ccncc5)cc4)nc32)CC1,18.0,7.7447274948966935,1,585.669
CCOC(=O)N1CCC(n2ncc3c(N4CCOC[C@H]4C)nc(-c4ccc(NC(=O)NCCF)cc4)nc32)CC1,4546.0,5.342370568611048,0,554.6270000000001
CCOC(=O)N1CCC(n2ncc3c(N4CCOC[C@H]4C)nc(-c4ccc(NC(=O)Nc5ccncc5)cc4)nc32)CC1,517.0,6.286509456906058,1,585.669
CCOC(=O)N1CCN(C(=O)c2ccc(-c3ncnc(CC)c3C#Cc3ccc(N)nc3)cc2C)CC1,71.52,7.145572494212138,1,498.5870000000004
CCOC(=O)N1CCN(C(=O)c2ccc(-c3ncnc(CC)c3C#Cc3ccc(N)nc3)cc2Cl)CC1,81.71,7.087724789501188,1,519.0050000000002
CCOC(=O)N1CCN(C(=O)c2ccc(-c3ncnc(CC)c3C#Cc3ccc(N)nc3)cc2F)CC1,129.0,6.889410289700751,1,502.55000000000035
CCOC(=O)N1CCN(C(=O)c2ccc(-c3ncnc(CC)c3C#Cc3ccc(N)nc3)cc2OC)CC1,246.1,6.608888386297197,1,514.5860000000004
CCOC(=O)N1CCN(CC#Cc2ccnc3ccc(-c4cnc(OC)c(NS(=O)(=O)c5ccc(F)cc5F)c4)cc23)CC1,5.5,8.259637310505756,1,621.6660000000002
CCOC(=O)N1CCN(c2cnc3ccc(-c4ccc5oc(N)nc5c4)cc3n2)CC1,100.0,7.0,1,418.4570000000003
CCOC(=O)Nc1cc(C(F)(F)F)c(-c2nc(N3CCOCC3)c3cc(CN4CCN(S(C)(=O)=O)CC4)cn3n2)cn1,21.0,7.6777807052660805,1,612.6350000000001
CCOC(=O)Nc1ccc(-c2nc(N3CCOCC3)c3cnn(C4CCN(Cc5ccccc5)CC4)c3n2)cc1,631.0,6.199970640755866,1,541.6560000000003
CCOC(=O)[C@H](C)NC(=O)c1cnc2ccc(-c3ccc4oc(N)nc4c3)cn12,10000.0,5.0,0,393.40300000000013
CCOC(=O)c1ccc(-c2csc3c(=O)cc(N4CCOCC4)oc23)cc1,714.0,6.146301788223826,1,385.4410000000002
CCOC(=O)c1ccc(-c2csc3c(=O)cc(N4CCSCC4)oc23)cc1,29100.0,4.536107011014093,0,401.5090000000002
CCOC(=O)c1cccc(-c2cc3c(C)nc(NC)nc3n(C3CCCC3)c2=O)c1,7080.0,5.149966742310231,0,406.4860000000002
CCOC(=O)c1ccnc(N2CCOCC2)c1,51000.0,4.292429823902063,0,236.27099999999993
CCOC(=O)c1cnc2ccc(-c3cncc(NS(=O)(=O)c4ccccc4)c3)cn12,2.9,8.537602002101044,1,422.4660000000001
CCOC(=O)c1cnn2c(-c3cccc(NC(=O)c4cccc(C(F)(F)F)c4)c3)ccnc12,10000.0,5.0,0,454.40800000000013
CCOC(C#Cc1cccc2cc([C@H](C)NC(=O)c3c(N)nn4cccnc34)n(-c3ccccc3)c(=O)c12)OCC,2000.0,5.698970004336019,0,550.6190000000001
CCOC(Cn1nc(-c2ccc3oc(N)nc3c2)c2c(N)ncnc21)OCC,981.0,6.008330992620052,1,383.4120000000002
CCOC1CCN(c2ncnc(CC)c2C#Cc2ccc(C)nc2)CC1,99.0,7.00436480540245,1,350.4660000000001
CCOC1CCN(c2ncnc(CC)c2C#Cc2ccc(N)nc2)CC1,77.0,7.113509274827518,1,351.4540000000001
CCOCC(=O)N(C)c1cccc(Nc2nc(C)c(-c3cc4c(c(S(=O)(=O)NC)c3)C(=O)N([C@@H](C)C3CC3)C4)s2)n1,48.0,7.318758762624412,1,598.7510000000001
CCOCCNC(=O)Nc1cc2nc(-c3cnc(OC)c(OC)c3)ccn2n1,8.3,8.080921907623926,1,386.41200000000015
CCOc1c([C@H](C)n2nc(C)c3c(N)ncnc32)cc(Cl)c(F)c1[C@@H]1CNC(=O)C1,20000.0,4.698970004336019,0,432.88700000000017
CCOc1cc(-c2ccc3nc(NC(C)=O)cn3c2)cnc1N,16.0,7.795880017344075,1,311.345
CCOc1cc(-c2ccc3nc(NC(C)=O)cn3n2)cnc1N,11.0,7.958607314841775,1,312.333
CCOc1cc(-c2cccc3c(=O)cc(N4CCOCC4)oc23)ccc1NC(=O)CN1CCOCC1,470.0,6.327902142064283,1,493.5600000000004
CCOc1cc(-c2ccn3nc(NC(=O)NCCOc4cccnc4)cc3c2)cnc1OC,297.0,6.527243550682788,1,448.4830000000001
CCOc1cc(-c2ccn3nc(NC(=O)NCCOc4cccnc4)cc3c2)cnc1OCC,10000.0,5.0,0,462.51000000000016
CCOc1cc(-c2nn(C(C)C)c3ncnc(N)c23)ccc1OC,433.0,6.363512103646634,1,327.3880000000001
CCOc1cc(-c2nn(CCO)c3ncnc(N)c23)ccc1OC,1370.0,5.863279432843593,0,329.36000000000007
CCOc1cc2c(c(-c3cnc(OC)c(NS(C)(=O)=O)c3)c1)CNC2=O,10000.0,5.0,0,377.42200000000014
CCOc1ccc(-c2cc3c(C)nc(N)nc3n([C@H]3CC[C@H](O)CC3)c2=O)cn1,2.7,8.568636235841012,1,395.4630000000002
CCOc1ccc(-c2ccc3nc(N)sc3c2)cn1,1584.89,5.800000874803203,0,271.34499999999997
CCOc1ccc(-c2n[nH]c3ncnc(N)c23)cc1OC,3500.0,5.455931955649724,0,285.307
CCOc1ccc(-c2nn(C(C)C)c3ncnc(N)c23)cc1OC,620.0,6.2076083105017466,1,327.3880000000001
CCOc1ccc(-c2nn(C3CCCC3)c3ncnc(N)c23)cc1O,813.0,6.089909454405932,1,339.39900000000006
CCOc1ccc(-c2nn(C3CCCC3)c3ncnc(N)c23)cc1OC,135.0,6.8696662315049934,1,353.4260000000001
CCOc1ccc(-c2nn(C3CCCCC3)c3ncnc(N)c23)cc1OC,615.0,6.211124884224583,1,367.4530000000001
CCOc1ccc(Nc2cc3c(cn2)n(C)c(=O)n3C2CCCC2)c(C)c1,4020.0,5.39577394691553,0,366.4650000000002
CCOc1ccc(Nc2nc3ccccn3c2-c2nc(C)nc(N)n2)cn1,229.0,6.640164517660112,1,362.3970000000001
CCOc1ccc2cc(-c3nn(C)c4ncnc(N)c34)ccc2c1,100000.0,4.0,0,319.36800000000005
CCOc1ccc2nc3cc(/N=C/c4ccco4)ccc3c(N)c2c1,40000.0,4.3979400086720375,0,331.3750000000001
CCOc1cnc(CN2CCC(c3ccc4c(c3)cc(C(=O)N3CCN(Cc5ccc(C#N)cc5)CC3)n4C)CC2)cn1,63.1,7.199970640755866,1,577.7330000000002
CCOc1cnc(CN2CCC(c3ccc4cc(C(=O)N5CCN(Cc6ccc(C#N)cc6)CC5)n(C)c4c3)CC2)cn1,12.6,7.8996294548824375,1,577.7330000000002
CCOc1cnc(CN2CCC(n3cc4cc(C(=O)N5CCN(Cc6ccc(C(F)(F)F)cc6)CC5)ccc4n3)CC2)cn1,0.55,9.259637310505756,1,607.681
CCOc1cnnc2ccc(-c3cnc(Cl)c(NS(=O)(=O)c4ccccc4)c3)cc12,1.78,8.749579997691106,1,440.9120000000001
CCOc1nc(-c2ccc3nc(NC(C)=O)cn3c2)cnc1N,3.0,8.522878745280337,1,312.333
CCOc1ncc(-c2c(F)ccc3nc([C@@H]4C[C@H](O)CN4c4nc(N)nc(C)c4C#N)n(-c4ccccc4)c(=O)c23)cn1,370.0,6.431798275933005,1,579.5960000000002
CCOc1ncc(-c2ccc3ncn(C[C@@H](C)C(=O)NC)c(=O)c3c2)cc1NS(=O)(=O)c1ccc(F)cc1Cl,13.7,7.863279432843593,1,574.0340000000002
CCOc1ncc(-c2cccc3nc([C@@H]4CCCN4c4nc(N)nc(C)c4C#N)n(-c4ccccc4)c(=O)c23)cn1,490.0,6.309803919971486,1,545.6070000000002
CCOc1ncc(N2CCOCC2)cc1S(=O)(=O)Nc1ccnc(-c2ccc(CN3C[C@@H](C)O[C@@H](C)C3)cc2F)c1,10000.0,5.0,0,585.7020000000002
CCOc1ncc(N2CCOc3ccc(O[C@H]4CCN(C(=O)C5CCOCC5)C4)cc32)cc1C,1641.0,5.7848914189469065,0,467.5660000000004
CCOc1ncc(N2CCOc3ccc(O[C@H]4CCN(C(=O)C5CCS(=O)(=O)CC5)C4)cc32)cc1C,2087.0,5.680477550934546,0,515.6320000000004
CCS(=O)(=O)N1CCN(Cc2cn3cc(-c4cnc(N)nc4)nc(N4CCOCC4)c3n2)CC1,98.5,7.006563769502388,1,487.5900000000004
CCS(=O)(=O)N1CC[C@H](Oc2ccc3c(c2)N(c2cnc(S(C)(=O)=O)c(C)c2)CCO3)C1,346.0,6.460923901207224,1,481.59600000000034
CCS(=O)(=O)Nc1cc(-c2ccc3ncnc(Nc4ccc(F)c(Cl)c4)c3c2)cnc1OC,317.0,6.498940737782249,1,487.9440000000002
CCS(=O)(=O)Nc1cc(-c2ccc3ncnc(Nc4cccc(C(=O)OC)c4)c3c2)cnc1OC,165.0,6.782516055786093,1,493.54500000000024
CCS(=O)(=O)c1cc(-c2ccn3nc(N)c(C(=O)NC4CC4)c3n2)cc2c1C(=O)N([C@@H](C)C1CC1)C2,808.0,6.092588639225414,1,508.6040000000004
CCS(=O)(=O)c1ccc(C(=O)N2CCOc3ccc(-c4ccc5nc[nH]c5c4)cc3C2)cc1,2172.0,5.66314017908319,0,461.5430000000001
CCS(=O)(=O)c1ccc(N2CCOc3ccc(O[C@H]4CCN(C(=O)C5CCOCC5)C4)cc32)cn1,7092.0,5.14923127307112,0,501.6050000000004
CCSc1ccc(-c2ccc3nc(N)sc3c2)cn1,1258.93,5.899998417198648,0,287.413
CC[C@@H](N)C(=O)Nc1nc(C)c(-c2cnc(Cl)c(NS(=O)(=O)c3ccccc3)c2)s1,66.0,7.180456064458132,1,465.9880000000001
CC[C@@H](Nc1ncnc2nc[nH]c12)c1nc2cccc(F)c2c(=O)n1-c1ccccc1,820.0,6.086186147616283,1,415.43200000000013
CC[C@@H]1C(=O)N(C)c2cnc(Nc3ccc(C(=O)NC4CCN(C)CC4)cc3OC)nc2N1C1CCCC1,2407.0,5.61852390972497,0,521.6660000000004
CC[C@H](C)N1Cc2cc(-c3sc(Nc4cccc(N5CCCOC5=O)n4)nc3C)cc(S(=O)(=O)NC)c2C1=O,80.0,7.096910013008056,1,570.6970000000003
CC[C@H](C)N1Cc2cc(-c3sc(Nc4cccc(N5CCOCC5=O)n4)nc3C)cc(S(=O)(=O)NC)c2C1=O,162.0,6.790484985457369,1,570.6970000000003
CC[C@H](C)[C@H](N)C(=O)N1CCN(c2nc(N3CCOCC3)nc(-n3c(C(F)F)nc4ccccc43)n2)CC1,6100.0,5.214670164989233,0,529.596
CC[C@H](C)[C@H](NC(=O)[C@H](CCCCN)NC(=O)[C@@H](NC(=O)[C@H](CCC(N)=O)NC(=O)[C@@H](N)CCCNC(=N)N)[C@@H](C)CC)C(=O)N[C@@H](Cc1c[nH]c2ccccc12)C(=O)N[C@@H](Cc1ccccc1)C(=O)N[C@@H](CCC(N)=O)C(=O)N[C@@H](CC(N)=O)C(=O)N[C@@H](CCCNC(=N)N)C(=O)N[C@@H](CCCNC(=N)N)C(=O)N[C@@H](CCSC)C(=O)N[C@@H](CCCCN)C(=O)N[C@@H](Cc1c[nH]c2ccccc12)C(=O)N[C@@H](CCCCN)C(=O)N[C@@H](CCCCN)C(=O)N[C@@H](CO)C(=O)N[C@@H](CC(=O)O)C(=O)NCC(=O)NCC(=O)N[C@@H](Cc1ccc(OP(=O)(O)O)cc1)C(=O)N[C@@H](CCSC)C(=O)N[C@@H](CC(=O)O)C(=O)N[C@@H](CCSC)C(=O)N[C@@H](CO)C(=O)O,30000.0,4.522878745280337,0,3270.763999999993
CC[C@H](N)C(=O)Nc1nc(C)c(-c2cnc(Cl)c(NS(=O)(=O)c3ccccc3)c2)s1,41.2,7.3851027839668655,1,465.9880000000001
CC[C@H](N1Cc2cc(-c3ccn4nc(N)c(C(=O)NC5CC5)c4n3)cc(NS(C)(=O)=O)c2C1=O)C(F)(F)F,2830.0,5.548213564475709,0,551.5510000000004
CC[C@H](NC(=O)c1c(N)nn2cccnc12)c1cc2cccc(C#Cc3cnn(C)c3)c2c(=O)n1-c1ccccc1,2000.0,5.698970004336019,0,542.6030000000003
CC[C@H](Nc1nc(N)nc(C)c1C#N)c1nc2cccc(CCCCCC(=O)NO)c2c(=O)n1-c1ccccc1,9.0,8.045757490560675,1,540.6280000000005
CC[C@H](Nc1nc(N)nc(C)c1C#N)c1nc2cccc(NCCCCC(=O)NO)c2c(=O)n1-c1ccccc1,186.0,6.730487055782084,1,541.6160000000004
CC[C@H](Nc1nc(N)nc(C)c1C#N)c1nc2cccc(NCc3ccc(C(=O)NO)cc3)c2c(=O)n1-c1ccccc1,47.0,7.327902142064283,1,575.6330000000004
CC[C@H](Nc1nc(N)nc(N)c1C#N)c1nc2cccc(C#CCCCC(=O)N3CCCC3)c2c(=O)n1-c1ccccc1,624.0,6.204815410317576,1,575.6770000000006
CC[C@H](Nc1nc(N)nc(N)c1C#N)c1nc2cccc(C#CCCCC(=O)N3CCOCC3)c2c(=O)n1-c1ccccc1,591.0,6.228412519118745,1,591.6760000000005
CC[C@H](Nc1nc(N)nc(N)c1C#N)c1nc2cccc(CCCCCC(=O)NO)c2c(=O)n1-c1ccccc1,52.0,7.2839966563652006,1,541.6160000000004
CC[C@H](Nc1nc(N)nc(N)c1C#N)c1nc2cccc(CCc3ccc(C(=O)NO)cc3)c2c(=O)n1-c1ccccc1,13.0,7.886056647693163,1,575.6330000000004
CC[C@H](Nc1nc(N)nc(N)c1C#N)c1nc2cccc(NCc3ccc(C(=O)NO)cc3)c2c(=O)n1-c1ccccc1,50.0,7.301029995663981,1,576.6210000000003
CC[C@H](Nc1nc(N)nc(N)c1C#N)c1nn(-c2cccnc2)c2cc(Cl)ccc12,576.0,6.239577516576788,1,419.88000000000017
CC[C@H](Nc1ncnc(N)c1C#Cc1cnccn1)c1nc2cccc(C(F)F)c2c(=O)n1-c1cc(F)cc(F)c1,1000.0,6.0,1,560.5150000000002
CC[C@H](Nc1ncnc(N)c1C#Cc1cnccn1)c1nc2cccc(C)c2c(=O)n1-c1cc(F)cc(F)c1,1000.0,6.0,1,524.5350000000003
CC[C@H](Nc1ncnc(N)c1C#Cc1cnccn1)c1nc2cccc(F)c2c(=O)n1-c1cc(F)cc(F)c1,1000.0,6.0,1,528.4980000000003
CC[C@H](Nc1ncnc(N)c1C#N)c1nc2cccc(NCc3ccc(C(=O)NO)cc3)c2c(=O)n1-c1ccccc1,444.0,6.35261702988538,1,561.6060000000003
CC[C@H](Nc1ncnc2[nH]ccc12)c1nc2cccc(F)c2c(=O)n1-c1cccc(CC(F)(F)F)c1,28000.0,4.552841968657781,0,496.4680000000002
CC[C@H](Nc1ncnc2[nH]ccc12)c1nc2cccc(F)c2c(=O)n1-c1cccc(OCC(F)(F)F)c1,115000.0,3.939302159646388,0,512.4670000000002
CC[C@H](Nc1ncnc2[nH]ccc12)c1nc2cccc(F)c2c(=O)n1-c1ccccc1,3700.0,5.431798275933005,0,414.44400000000013
CC[C@H](Nc1ncnc2[nH]cnc12)c1nc2cccc(CCCCCC(=O)NO)c2c(=O)n1-c1ccccc1,122.0,6.913640169325252,1,526.6010000000005
CC[C@H](Nc1ncnc2[nH]cnc12)c1nc2cccc(CNC(=O)c3ccc(C(=O)NO)cc3)c2c(=O)n1-c1ccccc1,266.0,6.575118363368933,1,589.6160000000002
CC[C@H](Nc1ncnc2[nH]cnc12)c1nc2cccc(CNc3ncc(C(=O)NO)cn3)c2c(=O)n1-c1ccccc1,422.0,6.374687549038326,1,563.5820000000003
CC[C@H](Nc1ncnc2[nH]cnc12)c1nc2cccc(F)c2c(=O)n1-c1cccc(CC(F)(F)F)c1,15000.0,4.823908740944319,0,497.4560000000002
CC[C@H](Nc1ncnc2[nH]cnc12)c1nc2cccc(F)c2c(=O)n1-c1ccccc1,2179.0173913043477,5.661739303522735,0,415.43200000000013
CC[C@H](Nc1ncnc2[nH]cnc12)c1nc2cccc(NCc3ccc(C(=O)N(C)O)cc3)c2c(=O)n1-c1ccccc1,387.0,6.412289034981089,1,575.6330000000004
CC[C@H](Nc1ncnc2[nH]cnc12)c1nc2cccc(NCc3ccc(C(=O)NO)c(C)c3)c2c(=O)n1-c1ccccc1,517.0,6.286509456906058,1,575.6330000000004
CC[C@H](Nc1ncnc2[nH]cnc12)c1nc2cccc(NCc3ccc(C(=O)NO)cn3)c2c(=O)n1-c1ccccc1,392.0,6.406713932979542,1,562.5940000000003
CC[C@H]1[C@@H](c2ccccc2)OC(=O)N1c1cc(-c2cnc(N)nc2C(F)(F)F)nc(N2CCOCC2)n1,47.0,7.327902142064283,1,515.4960000000002
CC[C@H]1[C@H](c2ccc(OC)cc2)OC(=O)N1c1cc(-c2cnc(N)nc2C(F)(F)F)nc(N2CCOCC2)n1,78.0,7.107905397309519,1,545.522
CC[C@H]1[C@H](c2cccc(OC)c2)OC(=O)N1c1cc(-c2cnc(N)nc2C(F)(F)F)nc(N2CCOCC2)n1,71.0,7.1487416512809245,1,545.522
CC[C@H]1[C@H](c2nccs2)OC(=O)N1c1cc(-c2cnc(N)nc2C(F)(F)F)nc(N2CCOCC2)n1,61.0,7.214670164989233,1,522.5130000000003
CC[S+]([O-])c1ccc(N2CCOc3ccc(O[C@H]4CCN(C(=O)C5CCOCC5)C4)cc32)cn1,3544.0,5.450506286784987,0,485.60600000000034
CCc1c(C(=O)N2CCOc3ccc(-c4ccc5nc[nH]c5c4)cc3C2)ccc(S(C)(=O)=O)c1F,3000.0,5.522878745280337,0,493.56000000000023
CCc1c(N2CCC(C)(C)CC2)oc2c(C(C)Nc3ccccc3C(=O)O)cc(C)cc2c1=O,1750.0,5.756961951313706,0,462.5900000000002
CCc1cc(-c2c[nH]c3ncc(-c4ccc(N)nc4)cc23)nc(N)n1,10000.0,5.0,0,331.38300000000004
CCc1cc(-c2c[nH]c3ncc(-c4ccco4)cc23)nc(N)n1,10000.0,5.0,0,305.341
CCc1cc(-c2c[nH]c3ncc(-c4ccn[nH]4)cc23)nc(N)n1,10000.0,5.0,0,305.345
CCc1cc(-c2c[nH]c3ncc(-c4cn[nH]c4)cc23)nc(N)n1,6000.0,5.221848749616356,0,305.345
CCc1cc(-c2c[nH]c3ncc(-c4cnn(CC(C)C)c4)cc23)nc(N)n1,4700.0,5.327902142064283,0,361.4530000000001
CCc1cc(-c2c[nH]c3ncc(-c4cnn(CCN(C)C)c4)cc23)nc(N)n1,3900.0,5.4089353929735005,0,376.4680000000001
CCc1cc(-c2ncnc(CC)c2C#Cc2ccc(N)nc2)ccn1,40.0,7.3979400086720375,1,329.407
CCc1cc(C(F)(F)F)nn1-c1nc(-c2cccc3[nH]ccc23)nc(N2CCOCC2)n1,4050.0,5.392544976785332,0,443.4330000000003
CCc1cc(CNc2cc(Cl)nn3c(-c4ccc(OC)c(S(=O)(=O)NCCO)c4)c(C)nc23)ccn1,10000.0,5.0,0,531.0380000000002
CCc1cc(N2CCOc3ccc(O[C@H]4CCN(C(=O)C5CCS(=O)(=O)CC5)C4)cc32)cnc1OC,1158.0,5.936291440608582,0,515.6320000000004
CCc1cc(Nc2nccc(-c3c(-c4ccc(OC)c(C(=O)Nc5c(F)cccc5F)c4)nc4ccccn34)n2)c(OC)cc1N1CCC(N2CCN(S(C)(=O)=O)CC2)CC1,10000.0,5.0,0,851.9809999999993
CCc1cc(S(C)(=O)=O)ccc1C(=O)N1CCOc2ccc(-c3ccc4nc[nH]c4c3)cc2C1,3000.0,5.522878745280337,0,475.57000000000016
CCc1ccc([N+](=O)[O-])cc1S(=O)(=O)N(C)/N=C/c1cnn2ccc(C#N)cc12,1.5,8.823908740944319,1,412.4310000000001
CCc1cccc(-c2cc3c(C)nc(N)nc3n(C3CCCC3)c2=O)c1,3.1,8.508638306165727,1,348.45000000000016
CCc1cccc(-n2c([C@H](C)Nc3ncnc(N)c3C#Cc3ccc(F)cn3)nc3cccc(Cl)c3c2=O)c1,1000.0,6.0,1,540.0020000000003
CCc1ccn2ncc(/C=N/N(C)S(=O)(=O)c3cc([N+](=O)[O-])ccc3C)c2c1,1000.0,6.0,1,401.44800000000015
CCc1ccnc(C#Cc2c(N)ncnc2N[C@@H](C)c2nc3cccc(Cl)c3c(=O)n2-c2ccccc2)c1,1000.0,6.0,1,522.0120000000002
CCc1cn2c(=O)cc(N3CCOCC3)nc2n1Cc1cccc(C(F)(F)F)c1C,1600.0,5.795880017344075,0,420.43500000000006
CCc1cn2c(CC)nc3c([C@@H](C)Nc4ccc(Cl)nc4C(=O)O)cc(C)cc3c2n1,180.0,6.7447274948966935,1,437.9310000000002
CCc1cncc(C)c1-n1c(=O)n(C)c2cnc3cc(OC)c(-c4cnn(C)c4)cc3c21,30000.0,4.522878745280337,0,428.49600000000015
CCc1cncc(C)c1-n1c(=O)n(C)c2cnc3cc(OC)c(-c4cnn(CC)c4)cc3c21,30000.0,4.522878745280337,0,442.5230000000002
CCc1cncc(F)c1-n1c(=O)n(C)c2cnc3cc(OC)c(-c4cnn(C)c4)cc3c21,30000.0,4.522878745280337,0,432.4590000000002
CCc1cncc(F)c1-n1c(=O)n(C)c2cnc3cc(OC)c(-c4cnn(CC)c4)cc3c21,30000.0,4.522878745280337,0,446.4860000000002
CCc1nc(=O)c2sc(N3CCOCC3)nc2n1Cc1cccc(C(F)(F)F)c1C,4000.0,5.3979400086720375,0,438.4750000000001
CCc1nc(N)nc(-n2c(Nc3cccc(O)c3)nc3ccccc32)n1,340.0,6.468521082957745,1,347.3820000000001
CCc1nc(N)nc(N2CCC(C)(O)CC2)c1C#Cc1cnc(C)c(NS(C)(=O)=O)c1,3.0,8.522878745280337,1,444.56100000000015
CCc1nc(N)nc(N2CCC(O)CC2)c1C#Cc1cnc(C)c(NS(C)(=O)=O)c1,5.0,8.301029995663981,1,430.5340000000001
CCc1nc(N)nc(N2CCC(OC)CC2)c1C#Cc1cnc(C)c(NS(C)(=O)=O)c1,2.0,8.698970004336019,1,444.56100000000015
CCc1nc(N)nc(N2CCCCC2)c1C#Cc1cnc(C)c(NS(C)(=O)=O)c1,5.0,8.301029995663981,1,414.5350000000001
CCc1nc2c([C@@H](C)Nc3ccc(Cl)nc3C(=O)O)cc(C)cc2c2nc(C)cn12,84.0,7.075720713938118,1,423.90400000000017
CCc1nc2c([C@@H](C)Nc3ccc(Cl)nc3C(=O)O)cc(C)cc2c2nccn12,42.0,7.376750709602099,1,409.8770000000001
CCc1nc2c([C@@H](C)Nc3ccc(Cl)nc3C(=O)O)cc(C)cc2c2nncn12,41.0,7.3872161432802645,1,410.8650000000001
CCc1nc2ccccc2n1-c1nc(N2CCOCC2)c2nc(CN3CCN(C(=O)C4CCC4)CC3=O)n(C)c2n1,260.0,6.585026652029182,1,557.6590000000003
CCc1nc2ccccc2n1-c1nc(N2CCOCC2)c2sc(CN3CCN(C(=O)C4CC4)CC3=O)cc2n1,84.0,7.075720713938118,1,545.6690000000003
CCc1nc2ccccc2n1-c1nc(N2CCOCC2)c2sc(CN3CCN(C(=O)C4CCC4)CC3=O)cc2n1,117.0,6.931814138253839,1,559.6960000000004
CCc1nc2ccccc2n1-c1nc(N2CCOCC2)c2sc(CN3CCN(C4CCCC4)C(=O)C3)cc2n1,250.0,6.6020599913279625,1,545.7130000000004
CCc1nc2ccccc2n1-c1nc(N2CCOCC2)c2sc(CN3CCN(C4CCCC4)CC3=O)cc2n1,243.0,6.614393726401688,1,545.7130000000004
CCc1ncc(-c2ccc3ncn(C[C@@H](C)C(=O)NC)c(=O)c3c2)cc1NS(=O)(=O)c1ccc(F)cc1Cl,6.0,8.221848749616356,1,558.0350000000002
CCc1nccn1-c1nc(-c2cccc3[nH]ccc23)nc(N2CCOCC2)n1,89.0,7.050609993355087,1,375.43600000000026
CCc1nccn1Cc1cccc(Nc2cc3nc(-c4cnc(OC)c(OC)c4)ccn3n2)n1,48.5,7.314258261397736,1,456.5100000000002
CCc1ncnc(-c2cc(C)nc(C)c2)c1C#Cc1ccc(N)nc1,29.0,7.5376020021010435,1,329.40700000000004
CCc1ncnc(-c2cc(Cl)c(C(=O)N3CC4(CN(C)C4)C3)c(Cl)c2)c1C#Cc1ccc(N)nc1,599.13,6.222478933609004,1,507.4250000000003
CCc1ncnc(-c2cc(Cl)c(C(=O)N3CCC(C(C)(C)O)CC3)c(Cl)c2)c1C#Cc1ccc(N)nc1,98.1,7.008330992620052,1,538.4790000000003
CCc1ncnc(-c2cc(Cl)c(C(=O)N3CCC(C(C)O)CC3)c(Cl)c2)c1C#Cc1ccc(N)nc1,58.79,7.230696539810919,1,524.4520000000002
CCc1ncnc(-c2cc(Cl)c(C(=O)N3CCC(C)(O)CC3)c(Cl)c2)c1C#Cc1ccc(N)nc1,95.16,7.021545566634772,1,510.4250000000003
CCc1ncnc(-c2cc(Cl)c(C(=O)N3CCC(CO)CC3)c(Cl)c2)c1C#Cc1ccc(N)nc1,48.89,7.310779962736165,1,510.4250000000003
CCc1ncnc(-c2cc(Cl)c(C(=O)N3CCC4(CC3)CN(C)C4)c(Cl)c2)c1C#Cc1ccc(N)nc1,2212.26,5.655163833095337,0,535.4790000000004
CCc1ncnc(-c2cc(Cl)c(C(=O)N3CCN(C)C(=O)C3)c(Cl)c2)c1C#Cc1ccc(N)nc1,20.33,7.691862621361961,1,509.3970000000003
CCc1ncnc(-c2cc(Cl)c(C(=O)N3CCN(C)CC3)c(Cl)c2)c1C#Cc1ccc(N)nc1,122.8,6.910801633194851,1,495.4140000000002
CCc1ncnc(-c2cc(Cl)c(C(=O)N3CCN(C=O)CC3)c(Cl)c2)c1C#Cc1ccc(N)nc1,138.2,6.85949195696182,1,509.3970000000003
CCc1ncnc(-c2cc(Cl)c(C(=O)N3CCN(CC(C)(C)O)CC3)c(Cl)c2)c1C#Cc1ccc(N)nc1,74.6,7.127261172527331,1,553.4940000000003
CCc1ncnc(-c2cc(Cl)c(C(=O)N3CCN(CC(F)F)CC3)c(Cl)c2)c1C#Cc1ccc(N)nc1,85.82,7.066411489803347,1,545.4210000000002
CCc1ncnc(-c2cc(Cl)c(C(=O)N3CCN(CC)CC3)c(Cl)c2)c1C#Cc1ccc(N)nc1,90.89,7.041483896576959,1,509.44100000000026
CCc1ncnc(-c2cc(Cl)c(C(=O)N3CCN(CCC#N)CC3)c(Cl)c2)c1C#Cc1ccc(N)nc1,71.77,7.144057053767684,1,534.4510000000004
CCc1ncnc(-c2cc(Cl)c(C(=O)N3CCN4CCC[C@H]4C3)c(Cl)c2)c1C#Cc1ccc(N)nc1,129.3,6.888401475119606,1,521.4520000000003
CCc1ncnc(-c2cc(Cl)c(C(=O)N3CC[C@@H](N(C)C)C3)c(Cl)c2)c1C#Cc1ccc(N)nc1,234.7,6.629486910401408,1,509.44100000000026
CCc1ncnc(-c2cc(F)c(C(=O)N(C)C)c(F)c2)c1C#Cc1ccc(N)nc1,49.06,7.309272456129633,1,407.42400000000015
CCc1ncnc(-c2cc(F)c(C(=O)N(C)C3CCN(C)CC3)c(F)c2)c1C#Cc1ccc(N)nc1,337.4,6.4718549217468935,1,490.5580000000003
CCc1ncnc(-c2cc(F)c(C(=O)N(C)CCN(C)C)c(F)c2)c1C#Cc1ccc(N)nc1,268.3,6.571379327328061,1,464.52000000000015
CCc1ncnc(-c2cc(F)c(C(=O)N3CC4(CN(C)C4)C3)c(Cl)c2)c1C#Cc1ccc(N)nc1,297.9,6.525929496784957,1,490.97000000000025
CCc1ncnc(-c2cc(F)c(C(=O)N3CC4(CN(C)C4)C3)c(F)c2)c1C#Cc1ccc(N)nc1,342.9,6.464832514885056,1,474.5150000000002
CCc1ncnc(-c2cc(F)c(C(=O)N3CCC(C(C)(C)O)CC3)c(Cl)c2)c1C#Cc1ccc(N)nc1,120.7,6.91829272990265,1,522.0240000000003
CCc1ncnc(-c2cc(F)c(C(=O)N3CCC(C(C)(C)O)CC3)c(F)c2)c1C#Cc1ccc(NC)nc1,599.9,6.221921138062545,1,519.5960000000003
CCc1ncnc(-c2cc(F)c(C(=O)N3CCC(C(C)O)CC3)c(Cl)c2)c1C#Cc1ccc(N)nc1,91.52,7.038483988551051,1,507.9970000000003
CCc1ncnc(-c2cc(F)c(C(=O)N3CCC(C(C)O)CC3)c(F)c2)c1C#Cc1ccc(NC)nc1,465.1,6.332453660488484,1,505.56900000000024
CCc1ncnc(-c2cc(F)c(C(=O)N3CCC(C)(O)CC3)c(F)c2)c1C#Cc1ccc(NC)nc1,361.8,6.441531437476205,1,491.5420000000002
CCc1ncnc(-c2cc(F)c(C(=O)N3CCC(CN(C)C)CC3)c(Cl)c2)c1C#Cc1ccc(N)nc1,446.5,6.350178536775434,1,521.0400000000003
CCc1ncnc(-c2cc(F)c(C(=O)N3CCC(CN)CC3)c(Cl)c2)c1C#Cc1ccc(N)nc1,646.9,6.189162848859512,1,492.98600000000033
CCc1ncnc(-c2cc(F)c(C(=O)N3CCC(CO)CC3)c(Cl)c2)c1C#Cc1ccc(N)nc1,120.1,6.920456992597094,1,493.97000000000025
CCc1ncnc(-c2cc(F)c(C(=O)N3CCC(CO)CC3)c(F)c2)c1C#Cc1ccc(NC)nc1,292.6,6.533725678210708,1,491.54200000000026
CCc1ncnc(-c2cc(F)c(C(=O)N3CCC(F)(F)CC3)c(F)c2)c1C#Cc1ccc(N)nc1,164.7,6.783306400830246,1,483.4690000000002
CCc1ncnc(-c2cc(F)c(C(=O)N3CCC(N4CCOCC4)CC3)c(Cl)c2)c1C#Cc1ccc(N)nc1,141.3,6.849857838151442,1,549.0500000000003
CCc1ncnc(-c2cc(F)c(C(=O)N3CCC(N4CCOCC4)CC3)c(F)c2)c1C#Cc1ccc(N)nc1,199.4,6.700274846024363,1,532.5950000000004
CCc1ncnc(-c2cc(F)c(C(=O)N3CCC(N4CCOCC4)CC3)c(F)c2)c1C#Cc1ccc(NC)nc1,423.3,6.3733517315259895,1,546.6220000000003
CCc1ncnc(-c2cc(F)c(C(=O)N3CCC4(CC3)CC(=O)CO4)c(Cl)c2)c1C#Cc1ccc(N)nc1,69.07,7.160710543993853,1,533.9910000000003
CCc1ncnc(-c2cc(F)c(C(=O)N3CCC4(CC3)CC(=O)CO4)c(F)c2)c1C#Cc1ccc(N)nc1,144.41,6.840402732012592,1,517.5360000000004
CCc1ncnc(-c2cc(F)c(C(=O)N3CCC4(CC3)CN(C)C4)c(Cl)c2)c1C#Cc1ccc(N)nc1,862.37,6.064306360066749,1,519.0240000000003
CCc1ncnc(-c2cc(F)c(C(=O)N3CCC4(CC3)CN(C)C4)c(F)c2)c1C#Cc1ccc(N)nc1,773.45,6.111567756206319,1,502.5690000000003
CCc1ncnc(-c2cc(F)c(C(=O)N3CCC4(CC3)CNC4)c(Cl)c2)c1C#Cc1ccc(N)nc1,50.82,7.293965339285649,1,504.9970000000003
CCc1ncnc(-c2cc(F)c(C(=O)N3CCC4(CC3)CNC4)c(F)c2)c1C#Cc1ccc(N)nc1,539.9,6.267686672528757,1,488.54200000000026
CCc1ncnc(-c2cc(F)c(C(=O)N3CCC4(CC3)COC4)c(Cl)c2)c1C#Cc1ccc(N)nc1,25.82,7.588043762069598,1,505.98100000000034
CCc1ncnc(-c2cc(F)c(C(=O)N3CCC4(CC3)COC4)c(F)c2)c1C#Cc1ccc(N)nc1,67.85,7.168450148004244,1,489.5260000000003
CCc1ncnc(-c2cc(F)c(C(=O)N3CCCC3)c(F)c2)c1C#Cc1ccc(N)nc1,124.8,6.903785414653595,1,433.46200000000016
CCc1ncnc(-c2cc(F)c(C(=O)N3CCN(C(C)(C)C)CC3)c(F)c2)c1C#Cc1ccc(N)nc1,1325.0,5.877784121727173,0,504.5850000000003
CCc1ncnc(-c2cc(F)c(C(=O)N3CCN(C(C)C)CC3)c(Cl)c2)c1C#Cc1ccc(N)nc1,263.2,6.579714115058082,1,507.01300000000026
CCc1ncnc(-c2cc(F)c(C(=O)N3CCN(C(C)C)CC3)c(F)c2)c1C#Cc1ccc(N)nc1,237.3,6.624702261782661,1,490.5580000000003
CCc1ncnc(-c2cc(F)c(C(=O)N3CCN(C(C)CO)CC3)c(Cl)c2)c1C#Cc1ccc(N)nc1,108.46,6.964730399900564,1,523.0120000000003
CCc1ncnc(-c2cc(F)c(C(=O)N3CCN(C(C)CO)CC3)c(F)c2)c1C#Cc1ccc(N)nc1,159.65,6.796831077124536,1,506.5570000000003
CCc1ncnc(-c2cc(F)c(C(=O)N3CCN(C(C)COC)CC3)c(Cl)c2)c1C#Cc1ccc(N)nc1,110.06,6.958370491524862,1,537.0390000000003
CCc1ncnc(-c2cc(F)c(C(=O)N3CCN(C(C)COC)CC3)c(F)c2)c1C#Cc1ccc(N)nc1,187.0,6.728158393463501,1,520.5840000000004
CCc1ncnc(-c2cc(F)c(C(=O)N3CCN(C)C(=O)C3)c(Cl)c2)c1C#Cc1ccc(N)nc1,46.18,7.335546071418842,1,492.94200000000023
CCc1ncnc(-c2cc(F)c(C(=O)N3CCN(C)C(=O)C3)c(F)c2)c1C#Cc1ccc(NC)nc1,175.6,6.755475488429917,1,490.51400000000024
CCc1ncnc(-c2cc(F)c(C(=O)N3CCN(C)CC3)c(Cl)c2)c1C#Cc1ccc(N)nc1,89.79,7.046772028440146,1,478.9590000000003
CCc1ncnc(-c2cc(F)c(C(=O)N3CCN(C)CC3)c(F)c2)c1C#Cc1ccc(N)nc1,132.4,6.878112014896319,1,462.50400000000025
CCc1ncnc(-c2cc(F)c(C(=O)N3CCN(C)CC3)c(F)c2)c1C#Cc1ccc(NC)nc1,388.1,6.4110563572599855,1,476.53100000000023
CCc1ncnc(-c2cc(F)c(C(=O)N3CCN(C)C[C@@H]3C)c(Cl)c2)c1C#Cc1ccc(N)nc1,281.99,6.549766292467247,1,492.9860000000002
CCc1ncnc(-c2cc(F)c(C(=O)N3CCN(C)C[C@H]3C)c(F)c2)c1C#Cc1ccc(N)nc1,364.04,6.438850894304645,1,476.53100000000023
CCc1ncnc(-c2cc(F)c(C(=O)N3CCN(C4CCC4)CC3)c(Cl)c2)c1C#Cc1ccc(N)nc1,924.7,6.033999142371216,1,519.0240000000003
CCc1ncnc(-c2cc(F)c(C(=O)N3CCN(C4CCC4)CC3)c(F)c2)c1C#Cc1ccc(N)nc1,30.2,7.519993057042849,1,502.56900000000036
CCc1ncnc(-c2cc(F)c(C(=O)N3CCN(C4CCCC4O)CC3)c(Cl)c2)c1C#Cc1ccc(N)nc1,63.43,7.1977052886025366,1,549.0500000000003
CCc1ncnc(-c2cc(F)c(C(=O)N3CCN(C4CCCC4O)CC3)c(F)c2)c1C#Cc1ccc(N)nc1,106.03,6.974571238592759,1,532.5950000000004
CCc1ncnc(-c2cc(F)c(C(=O)N3CCN(C4CCOCC4)CC3)c(F)c2)c1C#Cc1ccc(N)nc1,123.8,6.907279355315901,1,532.5950000000004
CCc1ncnc(-c2cc(F)c(C(=O)N3CCN(C4CCOCC4)CC3)c(F)c2)c1C#Cc1ccc(NC)nc1,465.9,6.331707289551779,1,546.6220000000003
CCc1ncnc(-c2cc(F)c(C(=O)N3CCN(C4COC4)CC3)c(Cl)c2)c1C#Cc1ccc(N)nc1,173.4,6.760950906859809,1,520.9960000000003
CCc1ncnc(-c2cc(F)c(C(=O)N3CCN(C4COC4)CC3)c(F)c2)c1C#Cc1ccc(N)nc1,140.8,6.851397345193907,1,504.54100000000034
CCc1ncnc(-c2cc(F)c(C(=O)N3CCN(C=O)CC3)c(F)c2)c1C#Cc1ccc(NC)nc1,163.0,6.787812395596042,1,490.51400000000024
CCc1ncnc(-c2cc(F)c(C(=O)N3CCN(CC(C)(C)O)CC3)c(Cl)c2)c1C#Cc1ccc(N)nc1,115.4,6.937794191180287,1,537.0390000000003
CCc1ncnc(-c2cc(F)c(C(=O)N3CCN(CC(C)(C)O)CC3)c(F)c2)c1C#Cc1ccc(NC)nc1,645.0,6.1904402853647325,1,534.6110000000003
CCc1ncnc(-c2cc(F)c(C(=O)N3CCN(CC(C)O)CC3)c(Cl)c2)c1C#Cc1ccc(N)nc1,239.33,6.621002859189148,1,523.0120000000003
CCc1ncnc(-c2cc(F)c(C(=O)N3CCN(CC(F)F)CC3)c(F)c2)c1C#Cc1ccc(NC)nc1,326.6,6.48598381959935,1,526.5380000000002
CCc1ncnc(-c2cc(F)c(C(=O)N3CCN(CC)CC3)c(Cl)c2)c1C#Cc1ccc(N)nc1,178.2,6.749092300299144,1,492.98600000000033
CCc1ncnc(-c2cc(F)c(C(=O)N3CCN(CC)CC3)c(F)c2)c1C#Cc1ccc(N)nc1,275.8,6.559405738160169,1,476.5310000000003
CCc1ncnc(-c2cc(F)c(C(=O)N3CCN(CC)CC3)c(F)c2)c1C#Cc1ccc(NC)nc1,472.3,6.3257820544233,1,490.5580000000003
CCc1ncnc(-c2cc(F)c(C(=O)N3CCN(CC4CC4)CC3)c(F)c2)c1C#Cc1ccc(N)nc1,189.1,6.723308471154961,1,502.56900000000036
CCc1ncnc(-c2cc(F)c(C(=O)N3CCN(CCC#N)CC3)c(Cl)c2)c1C#Cc1ccc(N)nc1,109.7,6.959793372425289,1,517.9960000000003
CCc1ncnc(-c2cc(F)c(C(=O)N3CCN(CCC#N)CC3)c(F)c2)c1C#Cc1ccc(NC)nc1,212.8,6.672028376376989,1,515.5680000000003
CCc1ncnc(-c2cc(F)c(C(=O)N3CCN(CCCS(C)(=O)=O)CC3)c(Cl)c2)c1C#Cc1ccc(N)nc1,15.47,7.810509686300632,1,585.1050000000002
CCc1ncnc(-c2cc(F)c(C(=O)N3CCN(CCCS(C)(=O)=O)CC3)c(F)c2)c1C#Cc1ccc(N)nc1,55.7,7.254144804826271,1,568.6500000000002
CCc1ncnc(-c2cc(F)c(C(=O)N3CCN(CCN)CC3)c(Cl)c2)c1C#Cc1ccc(N)nc1,526.7,6.2784366816425194,1,508.0010000000003
CCc1ncnc(-c2cc(F)c(C(=O)N3CCN(CCNS(C)(=O)=O)CC3)c(Cl)c2)c1C#Cc1ccc(N)nc1,114.7,6.940436582098732,1,586.0930000000002
CCc1ncnc(-c2cc(F)c(C(=O)N3CCN(CCNS(C)(=O)=O)CC3)c(F)c2)c1C#Cc1ccc(N)nc1,212.7,6.672232510097271,1,569.6380000000001
CCc1ncnc(-c2cc(F)c(C(=O)N3CCN(CCOC)CC3)c(F)c2)c1C#Cc1ccc(N)nc1,78.8,7.103473782510445,1,506.55700000000036
CCc1ncnc(-c2cc(F)c(C(=O)N3CCN(CCOCCO)CC3)c(Cl)c2)c1C#Cc1ccc(N)nc1,86.05,7.065249125336421,1,553.0380000000004
CCc1ncnc(-c2cc(F)c(C(=O)N3CCN(CCOCCO)CC3)c(F)c2)c1C#Cc1ccc(N)nc1,112.89,6.947344526960473,1,536.5830000000004
CCc1ncnc(-c2cc(F)c(C(=O)N3CCN(Cc4cc(C)no4)CC3)c(Cl)c2)c1C#Cc1ccc(N)nc1,108.17,6.9658931702923566,1,560.0330000000001
CCc1ncnc(-c2cc(F)c(C(=O)N3CCN(Cc4cc(C)no4)CC3)c(F)c2)c1C#Cc1ccc(N)nc1,208.16,6.681602720782489,1,543.5780000000002
CCc1ncnc(-c2cc(F)c(C(=O)N3CCN(Cc4nc(C)c(C)o4)CC3)c(Cl)c2)c1C#Cc1ccc(N)nc1,192.99,6.7144651938799695,1,574.0600000000002
CCc1ncnc(-c2cc(F)c(C(=O)N3CCN(Cc4nc(C)c(C)o4)CC3)c(F)c2)c1C#Cc1ccc(N)nc1,783.3,6.1060718734573936,1,557.6050000000002
CCc1ncnc(-c2cc(F)c(C(=O)N3CCN4CCC[C@H]4C3)c(Cl)c2)c1C#Cc1ccc(N)nc1,174.6,6.757955760630449,1,504.9970000000003
CCc1ncnc(-c2cc(F)c(C(=O)N3CCN4CCC[C@H]4C3)c(F)c2)c1C#Cc1ccc(NC)nc1,581.2,6.235674394374016,1,502.5690000000003
CCc1ncnc(-c2cc(F)c(C(=O)N3CCNCC3)c(F)c2)c1C#Cc1ccc(N)nc1,352.7,6.452594540332511,1,448.4770000000002
CCc1ncnc(-c2cc(F)c(C(=O)N3CC[C@@H](N(C)C)C3)c(F)c2)c1C#Cc1ccc(NC)nc1,545.6,6.263125638351577,1,490.5580000000002
CCc1ncnc(-c2cc(F)c(C(=O)N3CCn4c(C)cnc4C3)c(Cl)c2)c1C#Cc1ccc(N)nc1,122.3,6.912573542963715,1,515.9800000000002
CCc1ncnc(-c2cc(F)c(C(=O)N3CCn4c(C)cnc4C3)c(F)c2)c1C#Cc1ccc(N)nc1,120.1,6.920456992597094,1,499.52500000000026
CCc1ncnc(-c2cc(F)c(C(=O)N3CCn4c(COC)nnc4C3)c(F)c2)c1C#Cc1ccc(N)nc1,358.1,6.445995678988097,1,530.5390000000003
CCc1ncnc(-c2cc(F)c(C(=O)N3CCn4ccnc4C3)c(Cl)c2)c1C#Cc1ccc(N)nc1,18.28,7.738023808602187,1,501.9530000000002
CCc1ncnc(-c2cc(F)c(C(=O)N3CCn4ccnc4C3)c(F)c2)c1C#Cc1ccc(N)nc1,70.64,7.150949309430488,1,485.4980000000002
CCc1ncnc(-c2cc(F)c(C(=O)N3CCn4cnnc4C3)c(Cl)c2)c1C#Cc1ccc(N)nc1,37.51,7.425852935849277,1,502.94100000000026
CCc1ncnc(-c2cc(F)c(C(=O)N3CCn4cnnc4C3)c(F)c2)c1C#Cc1ccc(N)nc1,85.79,7.066563332173719,1,486.4860000000002
CCc1ncnc(-c2cc(F)c(C(=O)NC)c(F)c2)c1C#Cc1ccc(N)nc1,65.0,7.187086643357144,1,393.3970000000001
CCc1ncnc(-c2cc(F)c(C(=O)NCC3CCNCC3)c(F)c2)c1C#Cc1ccc(N)nc1,490.6,6.309272456129633,1,476.53100000000023
CCc1ncnc(-c2cc(F)c(C(=O)NCCN3CCNCC3)c(F)c2)c1C#Cc1ccc(N)nc1,163.3,6.7870138152633315,1,491.5460000000003
CCc1ncnc(-c2cc(F)c(C(=O)NCCN3CCOCC3)c(F)c2)c1C#Cc1ccc(N)nc1,154.1,6.812197361281581,1,492.5300000000003
CCc1ncnc(-c2ccc(C(=O)C3CCC(C)(O)CC3)c(F)c2)c1C#Cc1ccc(N)nc1,110.0,6.958607314841775,1,458.5370000000002
CCc1ncnc(-c2ccc(C(=O)N(C)C)c(F)c2)c1C#Cc1ccc(C)nc1,222.0,6.653647025549361,1,388.44600000000014
CCc1ncnc(-c2ccc(C(=O)N(C)C)c(F)c2)c1C#Cc1ccc(N)nc1,57.0,7.2441251443275085,1,389.43400000000014
CCc1ncnc(-c2ccc(C(=O)N(C)C)cc2)c1C#Cc1ccc(C)nc1,137.0,6.863279432843593,1,370.45600000000013
CCc1ncnc(-c2ccc(C(=O)N(C)C3CCN(C)CC3)c(F)c2)c1C#Cc1ccc(N)nc1,574.0,6.241088107602026,1,472.56800000000027
CCc1ncnc(-c2ccc(C(=O)N(C)C3CCOCC3)c(F)c2)c1C#Cc1ccc(N)nc1,96.52,7.015382686763251,1,459.52500000000026
CCc1ncnc(-c2ccc(C(=O)N(C)C3CCS(=O)(=O)C3)c(C)c2)c1C#Cc1ccc(N)nc1,36.82,7.433916215832004,1,489.6010000000003
CCc1ncnc(-c2ccc(C(=O)N(C)C3CCS(=O)(=O)C3)c(Cl)c2)c1C#Cc1ccc(N)nc1,48.19,7.317043073698792,1,510.01900000000023
CCc1ncnc(-c2ccc(C(=O)N(C)C3CCS(=O)(=O)C3)c(F)c2)c1C#Cc1ccc(N)nc1,59.0,7.229147988357855,1,493.56400000000025
CCc1ncnc(-c2ccc(C(=O)N(C)C3CCS(=O)(=O)C3)c(OC)c2)c1C#Cc1ccc(N)nc1,102.7,6.988429556402722,1,505.6000000000003
CCc1ncnc(-c2ccc(C(=O)N(C)CC(C)(C)O)c(F)c2)c1C#Cc1ccc(N)nc1,84.0,7.075720713938118,1,447.5140000000001
CCc1ncnc(-c2ccc(C(=O)N(C)CC3CCCN(C)C3)c(F)c2)c1C#Cc1ccc(N)nc1,324.0,6.489454989793388,1,486.59500000000025
CCc1ncnc(-c2ccc(C(=O)N(C)CC3CCN(C)CC3)c(F)c2)c1C#Cc1ccc(N)nc1,339.0,6.4698003017969175,1,486.59500000000025
CCc1ncnc(-c2ccc(C(=O)N(C)CCC3(O)CCCC3)c(F)c2)c1C#Cc1ccc(N)nc1,68.0,7.167491087293763,1,487.5790000000003
CCc1ncnc(-c2ccc(C(=O)N(C)CCCN(C)C)c(F)c2)c1C#Cc1ccc(N)nc1,591.0,6.228412519118745,1,460.5570000000002
CCc1ncnc(-c2ccc(C(=O)N(C)CCCO)c(F)c2)c1C#Cc1ccc(N)nc1,58.0,7.236572006437063,1,433.48700000000014
CCc1ncnc(-c2ccc(C(=O)N(C)CCCOC)c(Cl)c2)c1C#Cc1ccc(N)nc1,68.0,7.167491087293763,1,463.96900000000016
CCc1ncnc(-c2ccc(C(=O)N(C)CCCOC)c(F)c2)c1C#Cc1ccc(N)nc1,78.0,7.107905397309519,1,447.5140000000002
CCc1ncnc(-c2ccc(C(=O)N(C)CCN(C)C)c(F)c2)c1C#Cc1ccc(N)nc1,402.0,6.39577394691553,1,446.53000000000014
CCc1ncnc(-c2ccc(C(=O)N(C)CCN3CCCC3=O)c(C)c2)c1C#Cc1ccc(N)nc1,248.6,6.604498875694374,1,482.5880000000003
CCc1ncnc(-c2ccc(C(=O)N(C)CCN3CCCC3=O)c(Cl)c2)c1C#Cc1ccc(N)nc1,56.4,7.248720896016658,1,503.0060000000003
CCc1ncnc(-c2ccc(C(=O)N(C)CCN3CCCC3=O)c(F)c2)c1C#Cc1ccc(N)nc1,55.0,7.259637310505756,1,486.5510000000003
CCc1ncnc(-c2ccc(C(=O)N(C)CCN3CCCC3=O)c(OC)c2)c1C#Cc1ccc(N)nc1,88.0,7.055517327849832,1,498.58700000000033
CCc1ncnc(-c2ccc(C(=O)N(C)CCO)c(Cl)c2)c1C#Cc1ccc(N)nc1,36.0,7.443697499232712,1,435.9150000000002
CCc1ncnc(-c2ccc(C(=O)N(C)CCO)c(F)c2)c1C#Cc1ccc(N)nc1,135.0,6.8696662315049934,1,419.46000000000015
CCc1ncnc(-c2ccc(C(=O)N(C)CCOC)c(Cl)c2)c1C#Cc1ccc(N)nc1,63.0,7.200659450546418,1,449.9420000000001
CCc1ncnc(-c2ccc(C(=O)N(C)CCOC)c(F)c2)c1C#Cc1ccc(N)nc1,103.0,6.987162775294828,1,433.48700000000014
CCc1ncnc(-c2ccc(C(=O)N(C)O)c(C)c2)c1C#Cc1ccc(N)nc1,237.1,6.625068446021812,1,387.44300000000015
CCc1ncnc(-c2ccc(C(=O)N(C)O)c(Cl)c2)c1C#Cc1ccc(N)nc1,67.22,7.172501491866542,1,407.86100000000016
CCc1ncnc(-c2ccc(C(=O)N(C)O)c(F)c2)c1C#Cc1ccc(N)nc1,42.0,7.376750709602099,1,391.4060000000001
CCc1ncnc(-c2ccc(C(=O)N(C)OC)c(C)c2)c1C#Cc1ccc(N)nc1,51.68,7.286677495012972,1,401.47000000000014
CCc1ncnc(-c2ccc(C(=O)N(C)OC)c(Cl)c2)c1C#Cc1ccc(N)nc1,49.97,7.301290650557413,1,421.88800000000015
CCc1ncnc(-c2ccc(C(=O)N(C)OC)c(F)c2)c1C#Cc1ccc(N)nc1,63.0,7.200659450546418,1,405.43300000000016
CCc1ncnc(-c2ccc(C(=O)N(C)OC)c(OC)c2)c1C#Cc1ccc(N)nc1,69.38,7.158765704493959,1,417.46900000000016
CCc1ncnc(-c2ccc(C(=O)N(C)OC)cc2)c1C#Cc1ccc(N)nc1,66.0,7.180456064458132,1,387.44300000000015
CCc1ncnc(-c2ccc(C(=O)N3CC(C)NC(C)C3)c(F)c2)c1C#Cc1ccc(N)nc1,184.0,6.735182176990463,1,458.5410000000002
CCc1ncnc(-c2ccc(C(=O)N3CC(O)CO3)c(C)c2)c1C#Cc1ccc(N)nc1,106.9,6.971022294791222,1,429.4800000000002
CCc1ncnc(-c2ccc(C(=O)N3CC(O)CO3)c(Cl)c2)c1C#Cc1ccc(N)nc1,88.29,7.054088483180727,1,449.89800000000014
CCc1ncnc(-c2ccc(C(=O)N3CC(O)CO3)c(F)c2)c1C#Cc1ccc(N)nc1,64.0,7.1938200260161125,1,433.44300000000015
CCc1ncnc(-c2ccc(C(=O)N3CC(O)CO3)c(OC)c2)c1C#Cc1ccc(N)nc1,74.54,7.127610611582179,1,445.4790000000002
CCc1ncnc(-c2ccc(C(=O)N3CC(O)CO3)cc2)c1C#Cc1ccc(N)nc1,39.0,7.4089353929735005,1,415.45300000000015
CCc1ncnc(-c2ccc(C(=O)N3CC4(CN(C)C4)C3)c(Cl)c2)c1C#Cc1ccc(N)nc1,966.0,6.015022873584506,1,472.98000000000025
CCc1ncnc(-c2ccc(C(=O)N3CC4(CN(C)C4)C3)c(F)c2)c1C#Cc1ccc(N)nc1,288.4,6.540004743952609,1,456.5250000000002
CCc1ncnc(-c2ccc(C(=O)N3CC4(CNC4)C3)c(Cl)c2)c1C#Cc1ccc(N)nc1,328.4,6.483596851552597,1,458.9530000000002
CCc1ncnc(-c2ccc(C(=O)N3CC4(CNC4)C3)c(F)c2)c1C#Cc1ccc(N)nc1,251.8,6.598944274228156,1,442.49800000000016
CCc1ncnc(-c2ccc(C(=O)N3CCC(C(C)(C)O)CC3)c(C(F)(F)F)c2)c1C#Cc1ccc(N)nc1,142.4,6.846490010699163,1,537.5860000000002
CCc1ncnc(-c2ccc(C(=O)N3CCC(C(C)(C)O)CC3)c(C)c2)c1C#Cc1ccc(N)nc1,78.85,7.103198302335079,1,483.61600000000027
CCc1ncnc(-c2ccc(C(=O)N3CCC(C(C)(C)O)CC3)c(Cl)c2)c1C#Cc1ccc(N)nc1,100.6,6.997402019280091,1,504.0340000000002
CCc1ncnc(-c2ccc(C(=O)N3CCC(C(C)(C)O)CC3)c(Cl)c2)c1C#Cc1ccc(NC)nc1,201.5,6.695724949522872,1,518.0610000000003
CCc1ncnc(-c2ccc(C(=O)N3CCC(C(C)(C)O)CC3)c(F)c2)c1C#Cc1ccc(N)nc1,170.0,6.769551078621726,1,487.57900000000024
CCc1ncnc(-c2ccc(C(=O)N3CCC(C(C)(C)O)CC3)c(F)c2)c1C#Cc1ccc(NC)nc1,335.0,6.474955192963154,1,501.6060000000002
CCc1ncnc(-c2ccc(C(=O)N3CCC(C(C)(C)O)CC3)c(OC(F)(F)F)c2)c1C#Cc1ccc(N)nc1,267.2,6.573163546196492,1,553.5850000000002
CCc1ncnc(-c2ccc(C(=O)N3CCC(C(C)(C)O)CC3)c(OC)c2)c1C#Cc1ccc(N)nc1,232.2,6.634137784597445,1,499.6150000000003
CCc1ncnc(-c2ccc(C(=O)N3CCC(C(F)(F)F)CC3)c(F)c2)c1C#Cc1ccc(N)nc1C,647.0,6.189095719331299,1,511.52300000000025
CCc1ncnc(-c2ccc(C(=O)N3CCC(C)(O)CC3)c(C)c2)c1C#Cc1ccc(N)nc1,46.61,7.331520897067414,1,455.56200000000024
CCc1ncnc(-c2ccc(C(=O)N3CCC(C)(O)CC3)c(Cl)c2)c1C#Cc1ccc(N)nc1,76.89500000000001,7.114101898729214,1,475.98000000000025
CCc1ncnc(-c2ccc(C(=O)N3CCC(C4CCN(C)CC4)CC3)c(C)c2)c1C#Cc1ccc(N)nc1,349.3,6.456801414362353,1,522.6970000000005
CCc1ncnc(-c2ccc(C(=O)N3CCC(C4CCN(C)CC4)CC3)c(Cl)c2)c1C#Cc1ccc(N)nc1,374.15,6.4269542504409465,1,543.1150000000002
CCc1ncnc(-c2ccc(C(=O)N3CCC(CCO)CC3)c(F)c2)c1C#Cc1ccc(N)nc1,125.0,6.903089986991944,1,473.5520000000002
CCc1ncnc(-c2ccc(C(=O)N3CCC(CN(C)C)CC3)c(Cl)c2)c1C#Cc1ccc(N)nc1,444.9,6.351737594251955,1,503.0500000000003
CCc1ncnc(-c2ccc(C(=O)N3CCC(CN(C)C)CC3)c(F)c2)c1C#Cc1ccc(N)nc1,475.3,6.323032185705242,1,486.59500000000025
CCc1ncnc(-c2ccc(C(=O)N3CCC(CN(C)C)CC3)c(F)c2)c1C#Cc1ccc(N)nc1C,679.0,6.168130225719498,1,500.6220000000003
CCc1ncnc(-c2ccc(C(=O)N3CCC(F)(F)CC3)c(F)c2)c1C#Cc1ccc(N)nc1,156.8,6.80465394165158,1,465.4790000000002
CCc1ncnc(-c2ccc(C(=O)N3CCC(N(C)C)C3)c(C)c2)c1C#Cc1ccc(N)nc1,194.7,6.710634048479968,1,454.57800000000026
CCc1ncnc(-c2ccc(C(=O)N3CCC(N(C)C)C3)c(Cl)c2)c1C#Cc1ccc(N)nc1,176.75,6.7526405775310625,1,474.9960000000002
CCc1ncnc(-c2ccc(C(=O)N3CCC(N(C)C)C3)c(F)c2)c1C#Cc1ccc(N)nc1,227.0,6.6439741428068775,1,458.5410000000002
CCc1ncnc(-c2ccc(C(=O)N3CCC(N(C)C)CC3)c(C)c2)c1C#Cc1ccc(N)nc1,71.94,7.143029566517508,1,468.6050000000003
CCc1ncnc(-c2ccc(C(=O)N3CCC(N(C)C)CC3)c(Cl)c2)c1C#Cc1ccc(N)nc1,432.95,6.363562256020604,1,489.02300000000025
CCc1ncnc(-c2ccc(C(=O)N3CCC(N(C)C)CC3)c(F)c2)c1C#Cc1ccc(N)nc1,347.0,6.459670525209126,1,472.56800000000027
CCc1ncnc(-c2ccc(C(=O)N3CCC(N(C)C)CC3)c(OC)c2)c1C#Cc1ccc(N)nc1,294.4,6.531062194334539,1,484.6040000000003
CCc1ncnc(-c2ccc(C(=O)N3CCC(N(CC)CC)C3)c(F)c2)c1C#Cc1ccc(N)nc1,382.0,6.4179366370882915,1,486.59500000000025
CCc1ncnc(-c2ccc(C(=O)N3CCC(N4CCC(C)CC4)C3)c(C)c2)c1C#Cc1ccc(N)nc1,199.8,6.699404516110037,1,508.67000000000036
CCc1ncnc(-c2ccc(C(=O)N3CCC(N4CCC(C)CC4)C3)c(Cl)c2)c1C#Cc1ccc(N)nc1,232.8,6.633017024022149,1,529.0880000000003
CCc1ncnc(-c2ccc(C(=O)N3CCC(N4CCC(C)CC4)C3)c(F)c2)c1C#Cc1ccc(N)nc1,313.0,6.504455662453552,1,512.6330000000004
CCc1ncnc(-c2ccc(C(=O)N3CCC(N4CCC(C)CC4)C3)c(OC)c2)c1C#Cc1ccc(N)nc1,578.1,6.237997030624885,1,524.6690000000004
CCc1ncnc(-c2ccc(C(=O)N3CCC(N4CCCC4)C3)c(F)c2)c1C#Cc1ccc(N)nc1,226.0,6.645891560852599,1,484.5790000000003
CCc1ncnc(-c2ccc(C(=O)N3CCC(N4CCCC4)CC3)c(C)c2)c1C#Cc1ccc(N)nc1,158.3,6.800519085137644,1,494.64300000000037
CCc1ncnc(-c2ccc(C(=O)N3CCC(N4CCCC4)CC3)c(Cl)c2)c1C#Cc1ccc(N)nc1,467.15,6.330543646816331,1,515.0610000000004
CCc1ncnc(-c2ccc(C(=O)N3CCC(N4CCCC4)CC3)c(F)c2)c1C#Cc1ccc(N)nc1,323.0,6.490797477668897,1,498.60600000000034
CCc1ncnc(-c2ccc(C(=O)N3CCC(N4CCCCC4)CC3)c(C)c2)c1C#Cc1ccc(N)nc1,82.31,7.084547398311521,1,508.6700000000004
CCc1ncnc(-c2ccc(C(=O)N3CCC(N4CCCCC4)CC3)c(Cl)c2)c1C#Cc1ccc(N)nc1,465.5,6.3320803146826385,1,529.0880000000004
CCc1ncnc(-c2ccc(C(=O)N3CCC(N4CCCCC4)CC3)c(F)c2)c1C#Cc1ccc(N)nc1,490.0,6.309803919971486,1,512.6330000000004
CCc1ncnc(-c2ccc(C(=O)N3CCC(N4CCCCC4)CC3)c(OC)c2)c1C#Cc1ccc(N)nc1,342.9,6.464832514885056,1,524.6690000000004
CCc1ncnc(-c2ccc(C(=O)N3CCC(N4CCCCCC4)CC3)c(C)c2)c1C#Cc1ccc(N)nc1,232.1,6.6343248595440825,1,522.6970000000005
CCc1ncnc(-c2ccc(C(=O)N3CCC(N4CCCCCC4)CC3)c(Cl)c2)c1C#Cc1ccc(N)nc1,420.05,6.376699010955303,1,543.1150000000004
CCc1ncnc(-c2ccc(C(=O)N3CCC(N4CCCCCC4)CC3)c(F)c2)c1C#Cc1ccc(N)nc1,359.0,6.444905551421681,1,526.6600000000004
CCc1ncnc(-c2ccc(C(=O)N3CCC(N4CCCCCC4)CC3)c(OC)c2)c1C#Cc1ccc(N)nc1,253.2,6.596536298654683,1,538.6960000000005
CCc1ncnc(-c2ccc(C(=O)N3CCC(N4CCN(C)CC4)CC3)c(C)c2)c1C#Cc1ccc(N)nc1,307.0,6.512861624522813,1,523.6850000000004
CCc1ncnc(-c2ccc(C(=O)N3CCC(N4CCN(C)CC4)CC3)c(Cl)c2)c1C#Cc1ccc(N)nc1,136.6,6.864549300654486,1,544.1030000000003
CCc1ncnc(-c2ccc(C(=O)N3CCC(N4CCN(C)CC4)CC3)c(Cl)c2)c1C#Cc1ccc(NC)nc1,183.8,6.735654492949908,1,558.1300000000003
CCc1ncnc(-c2ccc(C(=O)N3CCC(N4CCN(C)CC4)CC3)c(F)c2)c1C#Cc1ccc(N)nc1,205.0,6.688246138944246,1,527.6480000000004
CCc1ncnc(-c2ccc(C(=O)N3CCC(N4CCN(C)CC4)CC3)c(F)c2)c1C#Cc1ccc(NC)nc1,399.4,6.398591939465316,1,541.6750000000003
CCc1ncnc(-c2ccc(C(=O)N3CCC(N4CCN(C)CC4)CC3)c(OC)c2)c1C#Cc1ccc(N)nc1,96.86,7.01385553528948,1,539.6840000000003
CCc1ncnc(-c2ccc(C(=O)N3CCC(N4CCN(C5CCN(C)CC5)CC4)CC3)c(F)c2)c1C#Cc1ccc(N)nc1,244.0,6.61261017366127,1,610.7820000000003
CCc1ncnc(-c2ccc(C(=O)N3CCC(N4CCN(CC)CC4)CC3)c(F)c2)c1C#Cc1ccc(N)nc1,305.0,6.515700160653214,1,541.6750000000003
CCc1ncnc(-c2ccc(C(=O)N3CCC(N4CCOCC4)C3)c(F)c2)c1C#Cc1ccc(N)nc1,156.0,6.806875401645538,1,500.5780000000003
CCc1ncnc(-c2ccc(C(=O)N3CCC(N4CCOCC4)CC3)c(C)c2)c1C#Cc1ccc(N)nc1,178.6,6.748118545447473,1,510.6420000000004
CCc1ncnc(-c2ccc(C(=O)N3CCC(N4CCOCC4)CC3)c(Cl)c2)c1C#Cc1ccc(N)nc1,99.86,7.000608438280909,1,531.0600000000004
CCc1ncnc(-c2ccc(C(=O)N3CCC(N4CCOCC4)CC3)c(Cl)c2)c1C#Cc1ccc(NC)nc1,325.3,6.487715936718146,1,545.0870000000003
CCc1ncnc(-c2ccc(C(=O)N3CCC(N4CCOCC4)CC3)c(F)c2)c1C#Cc1ccc(N)nc1,234.0,6.6307841425898575,1,514.6050000000004
CCc1ncnc(-c2ccc(C(=O)N3CCC(N4CCOCC4)CC3)c(F)c2)c1C#Cc1ccc(NC)nc1,275.9,6.559248299520815,1,528.6320000000003
CCc1ncnc(-c2ccc(C(=O)N3CCC(N4CCOCC4)CC3)c(OC(F)(F)F)c2)c1C#Cc1ccc(N)nc1,356.5,6.447940465812116,1,580.6110000000002
CCc1ncnc(-c2ccc(C(=O)N3CCC(N4CCOCC4)CC3)c(OC)c2)c1C#Cc1ccc(N)nc1,146.4,6.8344589232776265,1,526.6410000000004
CCc1ncnc(-c2ccc(C(=O)N3CCC(O)(C(C)C)CC3)c(F)c2)c1C#Cc1ccc(N)nc1,228.0,6.642065152999546,1,487.5790000000003
CCc1ncnc(-c2ccc(C(=O)N3CCC(O)(C(F)(F)F)CC3)c(F)c2)c1C#Cc1ccc(N)nc1,324.0,6.489454989793388,1,513.4950000000002
CCc1ncnc(-c2ccc(C(=O)N3CCC(O)(CC)CC3)c(F)c2)c1C#Cc1ccc(N)nc1,269.0,6.570247719997592,1,473.55200000000025
CCc1ncnc(-c2ccc(C(=O)N3CCC(O)(CN(C)C)CC3)c(F)c2)c1C#Cc1ccc(N)nc1,470.0,6.327902142064283,1,502.5940000000003
CCc1ncnc(-c2ccc(C(=O)N3CCC(O)(c4ccccc4)CC3)c(F)c2)c1C#Cc1ccc(N)nc1,142.0,6.847711655616943,1,521.5960000000002
CCc1ncnc(-c2ccc(C(=O)N3CCC(O)CC3)c(C)c2)c1C#Cc1ccc(N)nc1,77.85,7.108741383095861,1,441.53500000000025
CCc1ncnc(-c2ccc(C(=O)N3CCC(O)CC3)c(Cl)c2)c1C#Cc1ccc(N)nc1,52.89,7.276626432981016,1,461.9530000000002
CCc1ncnc(-c2ccc(C(=O)N3CCC(O)CC3)c(F)c2)c1C#Cc1ccc(N)nc1,85.0,7.070581074285707,1,445.4980000000002
CCc1ncnc(-c2ccc(C(=O)N3CCC(OC)CC3)c(C)c2)c1C#Cc1ccc(N)nc1,281.1,6.551139154392559,1,455.56200000000024
CCc1ncnc(-c2ccc(C(=O)N3CCC(OC)CC3)c(Cl)c2)c1C#Cc1ccc(N)nc1,93.75999999999999,7.027982401325985,1,475.98000000000025
CCc1ncnc(-c2ccc(C(=O)N3CCC4(CC3)CC(N)C4)c(F)c2)c1C#Cc1ccc(N)nc1,1301.49,5.885559164444107,0,484.57900000000024
CCc1ncnc(-c2ccc(C(=O)N3CCC4(CC3)CC(NC(=O)OC(C)(C)C)C4)c(F)c2)c1C#Cc1ccc(N)nc1,359.57,6.444216549914224,1,584.6960000000001
CCc1ncnc(-c2ccc(C(=O)N3CCC4(CC3)CN(C(=O)OC(C)(C)C)CCO4)c(F)c2)c1C#Cc1ccc(N)nc1,412.25,6.384839335683443,1,600.6950000000002
CCc1ncnc(-c2ccc(C(=O)N3CCC4(CC3)CN(C)C4)c(Cl)c2)c1C#Cc1ccc(N)nc1,634.33,6.197684748595663,1,501.0340000000002
CCc1ncnc(-c2ccc(C(=O)N3CCC4(CC3)CN(C)C4)c(F)c2)c1C#Cc1ccc(N)nc1,330.81,6.480421370706017,1,484.57900000000024
CCc1ncnc(-c2ccc(C(=O)N3CCC4(CC3)CNC4)c(Cl)c2)c1C#Cc1ccc(N)nc1,90.72,7.0422969584511685,1,487.0070000000002
CCc1ncnc(-c2ccc(C(=O)N3CCC4(CC3)CNC4)c(F)c2)c1C#Cc1ccc(N)nc1,242.1,6.616005210558267,1,470.5520000000002
CCc1ncnc(-c2ccc(C(=O)N3CCC4(CC3)CNCCO4)c(F)c2)c1C#Cc1ccc(N)nc1,390.88,6.407956550370638,1,500.57800000000026
CCc1ncnc(-c2ccc(C(=O)N3CCC4(CC3)COC4)c(F)c2)c1C#Cc1ccc(N)nc1,178.3,6.748848656824645,1,471.53600000000023
CCc1ncnc(-c2ccc(C(=O)N3CCC4(CC3)OCCCO4)c(C)c2)c1C#Cc1ccc(N)nc1,67.85,7.168450148004244,1,497.59900000000033
CCc1ncnc(-c2ccc(C(=O)N3CCC4(CC3)OCCCO4)c(Cl)c2)c1C#Cc1ccc(N)nc1,90.45,7.043591428804167,1,518.0170000000003
CCc1ncnc(-c2ccc(C(=O)N3CCC4(CCN(C(=O)OC(C)(C)C)CC4)C3)c(F)c2)c1C#Cc1ccc(N)nc1,1356.31,5.8676410362046,0,584.6960000000003
CCc1ncnc(-c2ccc(C(=O)N3CCC4(CCN(C)C4)C3)c(C)c2)c1C#Cc1ccc(N)nc1,413.5,6.383524486111434,1,480.61600000000027
CCc1ncnc(-c2ccc(C(=O)N3CCC4(CCN(C)C4)C3)c(Cl)c2)c1C#Cc1ccc(N)nc1,513.8,6.289205900069673,1,501.0340000000002
CCc1ncnc(-c2ccc(C(=O)N3CCC4(CCN(C)C4)C3)c(OC)c2)c1C#Cc1ccc(N)nc1,661.6,6.17940450345551,1,496.6150000000003
CCc1ncnc(-c2ccc(C(=O)N3CCC4(CCN(C)CC4)CC3)c(C)c2)c1C#Cc1ccc(N)nc1,366.8,6.435570673002016,1,508.67000000000036
CCc1ncnc(-c2ccc(C(=O)N3CCC4(CCN(C)CC4)CC3)c(Cl)c2)c1C#Cc1ccc(N)nc1,497.6,6.303119628317238,1,529.0880000000003
CCc1ncnc(-c2ccc(C(=O)N3CCC4(CCN(C)CC4)CC3)c(OC)c2)c1C#Cc1ccc(N)nc1,460.3,6.336959025106026,1,524.6690000000004
CCc1ncnc(-c2ccc(C(=O)N3CCC4(CCNCC4)C3)c(F)c2)c1C#Cc1ccc(N)nc1,585.88,6.2321913271126235,1,484.57900000000024
CCc1ncnc(-c2ccc(C(=O)N3CCC4(CN(C(=O)OC(C)(C)C)C4)C3)c(F)c2)c1C#Cc1ccc(N)nc1,841.74,6.074822034394125,1,556.6420000000002
CCc1ncnc(-c2ccc(C(=O)N3CCC4(CNC4)C3)c(F)c2)c1C#Cc1ccc(N)nc1,935.07,6.029155876319141,1,456.5250000000002
CCc1ncnc(-c2ccc(C(=O)N3CCCC(N(C)C)C3)c(C)c2)c1C#Cc1ccc(N)nc1,173.1,6.7617029321246065,1,468.60500000000025
CCc1ncnc(-c2ccc(C(=O)N3CCCC(N(C)C)C3)c(Cl)c2)c1C#Cc1ccc(N)nc1,274.8,6.560983271612487,1,489.02300000000025
CCc1ncnc(-c2ccc(C(=O)N3CCCC(N(C)C)C3)c(OC)c2)c1C#Cc1ccc(N)nc1,205.4,6.687399560738741,1,484.60400000000027
CCc1ncnc(-c2ccc(C(=O)N3CCCC(O)C3)c(C)c2)c1C#Cc1ccc(N)nc1,52.47,7.280088935801661,1,441.5350000000002
CCc1ncnc(-c2ccc(C(=O)N3CCCC(O)C3)c(Cl)c2)c1C#Cc1ccc(N)nc1,65.025,7.18691963913209,1,461.9530000000002
CCc1ncnc(-c2ccc(C(=O)N3CCCC(O)C3)c(F)c2)c1C#Cc1ccc(N)nc1,64.0,7.1938200260161125,1,445.49800000000016
CCc1ncnc(-c2ccc(C(=O)N3CCCC(O)C3)c(OC)c2)c1C#Cc1ccc(N)nc1,104.2,6.9821322810364945,1,457.5340000000002
CCc1ncnc(-c2ccc(C(=O)N3CCCCC3)c(Cl)c2)c1C#Cc1ccc(N)nc1,109.0,6.962573502059376,1,445.9540000000002
CCc1ncnc(-c2ccc(C(=O)N3CCCCC3)c(F)c2)c1C#Cc1ccc(N)nc1C,206.0,6.686132779630847,1,443.5260000000002
CCc1ncnc(-c2ccc(C(=O)N3CCCCO3)c(F)c2)c1C#Cc1ccc(N)nc1,105.0,6.978810700930062,1,431.4710000000001
CCc1ncnc(-c2ccc(C(=O)N3CCCCO3)cc2)c1C#Cc1ccc(N)nc1,77.0,7.113509274827518,1,413.4810000000001
CCc1ncnc(-c2ccc(C(=O)N3CCCN(C)CC3)c(C)c2)c1C#Cc1ccc(N)nc1,69.07,7.160710543993853,1,454.57800000000026
CCc1ncnc(-c2ccc(C(=O)N3CCCN(C)CC3)c(Cl)c2)c1C#Cc1ccc(N)nc1,405.1,6.3924377568164115,1,474.9960000000002
CCc1ncnc(-c2ccc(C(=O)N3CCCN(C)CC3)c(F)c2)c1C#Cc1ccc(N)nc1,404.0,6.393618634889395,1,458.5410000000002
CCc1ncnc(-c2ccc(C(=O)N3CCCO3)c(C)c2)c1C#Cc1ccc(N)nc1,145.6,6.836838625022982,1,413.48100000000017
CCc1ncnc(-c2ccc(C(=O)N3CCCO3)c(Cl)c2)c1C#Cc1ccc(N)nc1,53.88,7.268572412949052,1,433.8990000000001
CCc1ncnc(-c2ccc(C(=O)N3CCCO3)c(F)c2)c1C#Cc1ccc(N)nc1,80.0,7.096910013008056,1,417.44400000000013
CCc1ncnc(-c2ccc(C(=O)N3CCCO3)c(OC)c2)c1C#Cc1ccc(N)nc1,156.9,6.804377056413063,1,429.4800000000002
CCc1ncnc(-c2ccc(C(=O)N3CCCO3)cc2)c1C#Cc1ccc(N)nc1,42.0,7.376750709602099,1,399.4540000000001
CCc1ncnc(-c2ccc(C(=O)N3CCCOCC3)c(C)c2)c1C#Cc1ccc(N)nc1,44.88,7.347947151751895,1,441.53500000000025
CCc1ncnc(-c2ccc(C(=O)N3CCCOCC3)c(Cl)c2)c1C#Cc1ccc(N)nc1,65.16,7.186018924363529,1,461.9530000000002
CCc1ncnc(-c2ccc(C(=O)N3CCCOCC3)c(F)c2)c1C#Cc1ccc(N)nc1,49.0,7.309803919971486,1,445.4980000000002
CCc1ncnc(-c2ccc(C(=O)N3CCC[C@@H]3CO)c(F)c2)c1C#Cc1ccc(N)nc1,119.0,6.924453038607469,1,445.4980000000001
CCc1ncnc(-c2ccc(C(=O)N3CCC[C@H]3CO)c(F)c2)c1C#Cc1ccc(N)nc1,135.95,6.866620788076481,1,445.4980000000001
CCc1ncnc(-c2ccc(C(=O)N3CCN(/C(=N/C)NC#N)CC3)c(F)c2)c1C#Cc1ccc(N)nc1,27.0,7.568636235841013,1,511.5650000000003
CCc1ncnc(-c2ccc(C(=O)N3CCN(C(C)(C)C)CC3)c(Cl)c2)c1C#Cc1ccc(N)nc1,436.0,6.360513510731414,1,503.0500000000003
CCc1ncnc(-c2ccc(C(=O)N3CCN(C(C)(C)C)CC3)c(OC)c2)c1C#Cc1ccc(N)nc1,251.0,6.600326278518962,1,498.6310000000003
CCc1ncnc(-c2ccc(C(=O)N3CCN(C(C)(C)O)CC3)c(Cl)c2)c1C#Cc1ccc(N)nc1,101.0,6.995678626217358,1,505.0220000000003
CCc1ncnc(-c2ccc(C(=O)N3CCN(C(C)=O)CC3)c(C)c2)c1C#Cc1ccc(N)nc1,259.0,6.586700235918748,1,468.56100000000026
CCc1ncnc(-c2ccc(C(=O)N3CCN(C(C)=O)CC3)c(Cl)c2)c1C#Cc1ccc(N)nc1,97.0,7.013228265733755,1,488.97900000000027
CCc1ncnc(-c2ccc(C(=O)N3CCN(C(C)=O)CC3)c(F)c2)c1C#Cc1ccc(N)nc1,62.0,7.2076083105017466,1,472.5240000000002
CCc1ncnc(-c2ccc(C(=O)N3CCN(C(C)=O)CC3)c(F)c2)c1C#Cc1ccc(N)nc1C,146.0,6.835647144215563,1,486.5510000000003
CCc1ncnc(-c2ccc(C(=O)N3CCN(C(C)=O)CC3)c(OC)c2)c1C#Cc1ccc(N)nc1,73.0,7.136677139879544,1,484.5600000000003
CCc1ncnc(-c2ccc(C(=O)N3CCN(C(C)C)CC3)c(C(F)(F)F)c2)c1C#Cc1ccc(N)nc1,278.9,6.55455148573395,1,522.5750000000003
CCc1ncnc(-c2ccc(C(=O)N3CCN(C(C)C)CC3)c(Cl)c2)c1C#Cc1ccc(N)nc1,246.0,6.609064892896621,1,489.02300000000025
CCc1ncnc(-c2ccc(C(=O)N3CCN(C(C)C)CC3)c(F)c2)c1C#Cc1ccc(N)nc1,198.0,6.703334809738469,1,472.56800000000027
CCc1ncnc(-c2ccc(C(=O)N3CCN(C(C)C)CC3)c(OC(F)(F)F)c2)c1C#Cc1ccc(N)nc1,530.1,6.275642195773574,1,538.5740000000003
CCc1ncnc(-c2ccc(C(=O)N3CCN(C(C)C)CC3)c(OC)c2)c1C#Cc1ccc(N)nc1,211.0,6.675717544702307,1,484.6040000000003
CCc1ncnc(-c2ccc(C(=O)N3CCN(C(C)CC)CC3)c(F)c2)c1C#Cc1ccc(N)nc1,392.0,6.406713932979542,1,486.5950000000003
CCc1ncnc(-c2ccc(C(=O)N3CCN(C(C)CO)CC3)c(Cl)c2)c1C#Cc1ccc(N)nc1,76.12,7.118501220385017,1,505.0220000000003
CCc1ncnc(-c2ccc(C(=O)N3CCN(C(C)CO)CC3)c(F)c2)c1C#Cc1ccc(N)nc1,212.0,6.673664139071248,1,488.5670000000003
CCc1ncnc(-c2ccc(C(=O)N3CCN(C(C)COC)CC3)c(Cl)c2)c1C#Cc1ccc(N)nc1,121.81,6.914317056805385,1,519.0490000000003
CCc1ncnc(-c2ccc(C(=O)N3CCN(C(C)COC)CC3)c(F)c2)c1C#Cc1ccc(N)nc1,219.8,6.657972311912528,1,502.59400000000034
CCc1ncnc(-c2ccc(C(=O)N3CCN(C(CC)CC)CC3)c(F)c2)c1C#Cc1ccc(N)nc1,384.0,6.4156687756324695,1,500.6220000000003
CCc1ncnc(-c2ccc(C(=O)N3CCN(C(F)(F)F)CC3)c(Cl)c2)c1C#Cc1ccc(N)nc1,499.0,6.30189945437661,1,514.9390000000002
CCc1ncnc(-c2ccc(C(=O)N3CCN(C)C(=O)C3)c(F)c2)c1C#Cc1ccc(N)nc1,115.0,6.939302159646388,1,458.4970000000002
CCc1ncnc(-c2ccc(C(=O)N3CCN(C)C(C)(C)C3)c(F)c2)c1C#Cc1ccc(N)nc1,344.0,6.46344155742847,1,472.5680000000002
CCc1ncnc(-c2ccc(C(=O)N3CCN(C)C(C)C3)c(F)c2)c1C#Cc1ccc(N)nc1,157.0,6.804100347590766,1,458.5410000000002
CCc1ncnc(-c2ccc(C(=O)N3CCN(C)CC3)c(C(F)(F)F)c2)c1C#Cc1ccc(N)nc1,173.8,6.7599502278873524,1,494.5210000000002
CCc1ncnc(-c2ccc(C(=O)N3CCN(C)CC3)c(Cl)c2)c1C#Cc1ccc(NC)nc1,333.7,6.4766437933452075,1,474.99600000000015
CCc1ncnc(-c2ccc(C(=O)N3CCN(C)CC3)c(F)c2)c1C#Cc1ccc(N)nc1,215.0,6.667561540084395,1,444.5140000000002
CCc1ncnc(-c2ccc(C(=O)N3CCN(C)CC3)c(F)c2)c1C#Cc1ccc(N)nc1C,270.0,6.568636235841013,1,458.5410000000002
CCc1ncnc(-c2ccc(C(=O)N3CCN(C)CC3)c(F)c2)c1C#Cc1ccc(NC)nc1,308.1,6.5113083016830595,1,458.54100000000017
CCc1ncnc(-c2ccc(C(=O)N3CCN(C)CC3)c(OC(F)(F)F)c2)c1C#Cc1ccc(N)nc1,223.7,6.65033401590337,1,510.5200000000002
CCc1ncnc(-c2ccc(C(=O)N3CCN(C)CC3)c(OC)c2)c1C#Cc1ccc(N)nc1,217.0,6.663540266151471,1,456.55000000000024
CCc1ncnc(-c2ccc(C(=O)N3CCN(C)CC3)nc2)c1C#Cc1ccc(N)nc1,214.0,6.669586226650809,1,427.51200000000017
CCc1ncnc(-c2ccc(C(=O)N3CCN(C)C[C@@H]3C)c(Cl)c2)c1C#Cc1ccc(N)nc1,149.4,6.82564940252062,1,474.9960000000002
CCc1ncnc(-c2ccc(C(=O)N3CCN(C)C[C@@H]3C)c(F)c2)c1C#Cc1ccc(N)nc1,143.82,6.842180715582702,1,458.54100000000017
CCc1ncnc(-c2ccc(C(=O)N3CCN(C)C[C@H]3C)c(Cl)c2)c1C#Cc1ccc(N)nc1,148.58,6.828039645987323,1,474.9960000000002
CCc1ncnc(-c2ccc(C(=O)N3CCN(C)C[C@H]3C)c(F)c2)c1C#Cc1ccc(N)nc1,205.14,6.687949648819762,1,458.54100000000017
CCc1ncnc(-c2ccc(C(=O)N3CCN(C4CC4)CC3)c(Cl)c2)c1C#Cc1ccc(N)nc1,65.0,7.187086643357144,1,487.0070000000003
CCc1ncnc(-c2ccc(C(=O)N3CCN(C4CC4)CC3)c(F)c2)c1C#Cc1ccc(N)nc1,127.0,6.896196279044043,1,470.55200000000025
CCc1ncnc(-c2ccc(C(=O)N3CCN(C4CC4)CC3)c(F)c2)c1C#Cc1ccc(N)nc1C,312.0,6.505845405981558,1,484.5790000000003
CCc1ncnc(-c2ccc(C(=O)N3CCN(C4CC4)CC3)c(OC)c2)c1C#Cc1ccc(N)nc1,60.0,7.221848749616356,1,482.5880000000003
CCc1ncnc(-c2ccc(C(=O)N3CCN(C4CCC4)CC3)c(Cl)c2)c1C#Cc1ccc(N)nc1,48.24,7.316592700867905,1,501.03400000000033
CCc1ncnc(-c2ccc(C(=O)N3CCN(C4CCC4)CC3)c(F)c2)c1C#Cc1ccc(N)nc1,288.2,6.54030602352203,1,484.5790000000003
CCc1ncnc(-c2ccc(C(=O)N3CCN(C4CCCC4)CC3)c(C)c2)c1C#Cc1ccc(N)nc1,153.6,6.813608784304507,1,494.64300000000037
CCc1ncnc(-c2ccc(C(=O)N3CCN(C4CCCC4)CC3)c(Cl)c2)c1C#Cc1ccc(N)nc1,366.0,6.436518914605589,1,515.0610000000004
CCc1ncnc(-c2ccc(C(=O)N3CCN(C4CCCC4)CC3)c(F)c2)c1C#Cc1ccc(N)nc1,151.0,6.82102305270683,1,498.60600000000034
CCc1ncnc(-c2ccc(C(=O)N3CCN(C4CCCC4)CC3)c(OC)c2)c1C#Cc1ccc(N)nc1,411.5,6.385630160451711,1,510.6420000000004
CCc1ncnc(-c2ccc(C(=O)N3CCN(C4CCCC4O)CC3)c(Cl)c2)c1C#Cc1ccc(N)nc1,57.12,7.243211801231882,1,531.0600000000003
CCc1ncnc(-c2ccc(C(=O)N3CCN(C4CCCC4O)CC3)c(F)c2)c1C#Cc1ccc(N)nc1,137.2,6.862645888629268,1,514.6050000000004
CCc1ncnc(-c2ccc(C(=O)N3CCN(C4CCN(C)CC4)CC3)c(F)c2)c1C#Cc1ccc(N)nc1,198.0,6.703334809738469,1,527.6480000000004
CCc1ncnc(-c2ccc(C(=O)N3CCN(C4CCOCC4)CC3)c(C)c2)c1C#Cc1ccc(N)nc1,84.39,7.073709013115137,1,510.6420000000004
CCc1ncnc(-c2ccc(C(=O)N3CCN(C4CCOCC4)CC3)c(Cl)c2)c1C#Cc1ccc(N)nc1,97.0,7.013228265733755,1,531.0600000000004
CCc1ncnc(-c2ccc(C(=O)N3CCN(C4CCOCC4)CC3)c(Cl)c2)c1C#Cc1ccc(NC)nc1,161.5,6.791827473332878,1,545.0870000000003
CCc1ncnc(-c2ccc(C(=O)N3CCN(C4CCOCC4)CC3)c(F)c2)c1C#Cc1ccc(N)nc1,127.0,6.896196279044043,1,514.6050000000004
CCc1ncnc(-c2ccc(C(=O)N3CCN(C4CCOCC4)CC3)c(F)c2)c1C#Cc1ccc(N)nc1C,215.0,6.667561540084395,1,528.6320000000003
CCc1ncnc(-c2ccc(C(=O)N3CCN(C4CCOCC4)CC3)c(F)c2)c1C#Cc1ccc(NC)nc1,357.4,6.446845451830375,1,528.6320000000003
CCc1ncnc(-c2ccc(C(=O)N3CCN(C4CCOCC4)CC3)c(OC)c2)c1C#Cc1ccc(N)nc1,121.0,6.91721462968355,1,526.6410000000004
CCc1ncnc(-c2ccc(C(=O)N3CCN(C4CCS(=O)(=O)C4)CC3)c(C)c2)c1C#Cc1ccc(N)nc1,160.2,6.795337488251781,1,544.6810000000003
CCc1ncnc(-c2ccc(C(=O)N3CCN(C4CCS(=O)(=O)C4)CC3)c(Cl)c2)c1C#Cc1ccc(N)nc1,121.0,6.91721462968355,1,565.0990000000002
CCc1ncnc(-c2ccc(C(=O)N3CCN(C4CCS(=O)(=O)C4)CC3)c(F)c2)c1C#Cc1ccc(N)nc1,95.0,7.022276394711152,1,548.6440000000002
CCc1ncnc(-c2ccc(C(=O)N3CCN(C4CCS(=O)(=O)C4)CC3)c(F)c2)c1C#Cc1ccc(N)nc1C,178.0,6.749579997691106,1,562.6710000000002
CCc1ncnc(-c2ccc(C(=O)N3CCN(C4CCS(=O)(=O)C4)CC3)c(OC)c2)c1C#Cc1ccc(N)nc1,165.0,6.782516055786093,1,560.6800000000002
CCc1ncnc(-c2ccc(C(=O)N3CCN(C4COC4)CC3)c(Cl)c2)c1C#Cc1ccc(N)nc1,119.3,6.923359556329658,1,503.0060000000003
CCc1ncnc(-c2ccc(C(=O)N3CCN(C4COC4)CC3)c(F)c2)c1C#Cc1ccc(N)nc1,113.1,6.946537395074545,1,486.5510000000003
CCc1ncnc(-c2ccc(C(=O)N3CCN(C4COC4)CC3)c(F)c2)c1C#Cc1ccc(N)nc1C,153.4,6.814174640387038,1,500.5780000000003
CCc1ncnc(-c2ccc(C(=O)N3CCN(CC(=O)N(C)C)CC3)c(F)c2)c1C#Cc1ccc(N)nc1,115.0,6.939302159646388,1,515.5930000000003
CCc1ncnc(-c2ccc(C(=O)N3CCN(CC(=O)N(C)C)CC3)c(F)c2)c1C#Cc1ccc(N)nc1C,123.0,6.910094888560602,1,529.6200000000002
CCc1ncnc(-c2ccc(C(=O)N3CCN(CC(C)(C)O)CC3)c(F)c2)c1C#Cc1ccc(N)nc1,175.45,6.755846627448575,1,502.5940000000003
CCc1ncnc(-c2ccc(C(=O)N3CCN(CC(C)O)CC3)c(Cl)c2)c1C#Cc1ccc(N)nc1,92.8,7.032452023781138,1,505.0220000000003
CCc1ncnc(-c2ccc(C(=O)N3CCN(CC(C)O)CC3)c(F)c2)c1C#Cc1ccc(N)nc1,121.5,6.915423722065669,1,488.56700000000023
CCc1ncnc(-c2ccc(C(=O)N3CCN(CC(F)(F)F)CC3)c(F)c2)c1C#Cc1ccc(N)nc1,133.0,6.876148359032914,1,512.5110000000002
CCc1ncnc(-c2ccc(C(=O)N3CCN(CC(F)(F)F)CC3)c(OC)c2)c1C#Cc1ccc(N)nc1,81.0,7.0915149811213505,1,524.5470000000003
CCc1ncnc(-c2ccc(C(=O)N3CCN(CC(F)F)CC3)c(Cl)c2)c1C#Cc1ccc(N)nc1,177.0,6.752026733638194,1,510.9760000000002
CCc1ncnc(-c2ccc(C(=O)N3CCN(CC(F)F)CC3)c(Cl)c2)c1C#Cc1ccc(NC)nc1,355.6,6.449038247701824,1,525.0030000000003
CCc1ncnc(-c2ccc(C(=O)N3CCN(CC(F)F)CC3)c(F)c2)c1C#Cc1ccc(N)nc1,86.0,7.0655015487564325,1,494.52100000000024
CCc1ncnc(-c2ccc(C(=O)N3CCN(CC(F)F)CC3)c(F)c2)c1C#Cc1ccc(N)nc1C,163.0,6.787812395596042,1,508.5480000000003
CCc1ncnc(-c2ccc(C(=O)N3CCN(CC(F)F)CC3)c(OC)c2)c1C#Cc1ccc(N)nc1,63.0,7.200659450546418,1,506.5570000000003
CCc1ncnc(-c2ccc(C(=O)N3CCN(CC)CC3)c(C(F)(F)F)c2)c1C#Cc1ccc(N)nc1,184.7,6.733533104559759,1,508.54800000000023
CCc1ncnc(-c2ccc(C(=O)N3CCN(CC)CC3)c(Cl)c2)c1C#Cc1ccc(N)nc1,186.0,6.730487055782084,1,474.9960000000002
CCc1ncnc(-c2ccc(C(=O)N3CCN(CC)CC3)c(Cl)c2)c1C#Cc1ccc(NC)nc1,175.4,6.7559704109699785,1,489.0230000000002
CCc1ncnc(-c2ccc(C(=O)N3CCN(CC)CC3)c(OC(F)(F)F)c2)c1C#Cc1ccc(N)nc1,195.6,6.708631149548418,1,524.5470000000003
CCc1ncnc(-c2ccc(C(=O)N3CCN(CC)CC3)c(OC)c2)c1C#Cc1ccc(N)nc1,213.0,6.671620396561262,1,470.5770000000003
CCc1ncnc(-c2ccc(C(=O)N3CCN(CC4CC4)CC3)c(C)c2)c1C#Cc1ccc(N)nc1,73.48,7.133830852366229,1,480.6160000000003
CCc1ncnc(-c2ccc(C(=O)N3CCN(CC4CC4)CC3)c(Cl)c2)c1C#Cc1ccc(N)nc1,228.1,6.641874714723351,1,501.03400000000033
CCc1ncnc(-c2ccc(C(=O)N3CCN(CC4CC4)CC3)c(F)c2)c1C#Cc1ccc(N)nc1,249.0,6.603800652904264,1,484.5790000000003
CCc1ncnc(-c2ccc(C(=O)N3CCN(CC4CCCCC4)CC3)c(C)c2)c1C#Cc1ccc(N)nc1,90.69,7.04244059810252,1,522.6970000000005
CCc1ncnc(-c2ccc(C(=O)N3CCN(CC4CCCCC4)CC3)c(F)c2)c1C#Cc1ccc(N)nc1,1825.0,5.738737131207507,0,526.6600000000004
CCc1ncnc(-c2ccc(C(=O)N3CCN(CC4CCCCC4)CC3)c(F)c2)c1C#Cc1ccc(N)nc1C,1269.0,5.896538377905295,0,540.6870000000004
CCc1ncnc(-c2ccc(C(=O)N3CCN(CC4CCCCC4)CC3)c(OC)c2)c1C#Cc1ccc(N)nc1,3052.0,5.515415470717157,0,538.6960000000005
CCc1ncnc(-c2ccc(C(=O)N3CCN(CC4CCCN(C)C4)CC3)c(F)c2)c1C#Cc1ccc(N)nc1,188.0,6.72584215073632,1,541.6750000000003
CCc1ncnc(-c2ccc(C(=O)N3CCN(CC4CCCO4)CC3)c(F)c2)c1C#Cc1ccc(N)nc1,118.0,6.928117992693875,1,514.6050000000004
CCc1ncnc(-c2ccc(C(=O)N3CCN(CC4CCCO4)CC3)c(F)c2)c1C#Cc1ccc(N)nc1C,192.0,6.716698771296451,1,528.6320000000003
CCc1ncnc(-c2ccc(C(=O)N3CCN(CCCS(C)(=O)=O)CC3)c(Cl)c2)c1C#Cc1ccc(N)nc1,58.26,7.234629519708352,1,567.1150000000001
CCc1ncnc(-c2ccc(C(=O)N3CCN(CCCS(C)(=O)=O)CC3)c(F)c2)c1C#Cc1ccc(N)nc1,92.16,7.035457533920863,1,550.6600000000002
CCc1ncnc(-c2ccc(C(=O)N3CCN(CCN(C)C)CC3)c(Cl)c2)c1C#Cc1ccc(N)nc1C,370.0,6.431798275933005,1,532.0920000000002
CCc1ncnc(-c2ccc(C(=O)N3CCN(CCN(C)C)CC3)c(F)c2)c1C#Cc1ccc(N)nc1,452.0,6.3448615651886175,1,501.6100000000003
CCc1ncnc(-c2ccc(C(=O)N3CCN(CCN(C)C)CC3)c(F)c2)c1C#Cc1ccc(N)nc1C,552.0,6.2580609222708015,1,515.6370000000003
CCc1ncnc(-c2ccc(C(=O)N3CCN(CCN(C)C)CC3)c(OC)c2)c1C#Cc1ccc(N)nc1,546.0,6.262807357295263,1,513.6460000000004
CCc1ncnc(-c2ccc(C(=O)N3CCN(CCN)CC3)c(Cl)c2)c1C#Cc1ccc(N)nc1,180.8,6.742801573860655,1,490.0110000000003
CCc1ncnc(-c2ccc(C(=O)N3CCN(CCNS(C)(=O)=O)CC3)c(Cl)c2)c1C#Cc1ccc(N)nc1,30.6,7.51427857351842,1,568.1030000000001
CCc1ncnc(-c2ccc(C(=O)N3CCN(CCNS(C)(=O)=O)CC3)c(F)c2)c1C#Cc1ccc(N)nc1,81.31,7.089856038935487,1,551.6480000000001
CCc1ncnc(-c2ccc(C(=O)N3CCN(CCO)CC3)c(Cl)c2)c1C#Cc1ccc(N)nc1,84.0,7.075720713938118,1,490.99500000000023
CCc1ncnc(-c2ccc(C(=O)N3CCN(CCO)CC3)c(F)c2)c1C#Cc1ccc(N)nc1,109.0,6.962573502059376,1,474.54000000000025
CCc1ncnc(-c2ccc(C(=O)N3CCN(CCO)CC3)c(OC)c2)c1C#Cc1ccc(N)nc1,152.0,6.818156412055227,1,486.5760000000003
CCc1ncnc(-c2ccc(C(=O)N3CCN(CCOC)CC3)c(F)c2)c1C#Cc1ccc(N)nc1,145.0,6.838631997765025,1,488.5670000000003
CCc1ncnc(-c2ccc(C(=O)N3CCN(CCOC)CC3)c(OC)c2)c1C#Cc1ccc(N)nc1,134.0,6.872895201635193,1,500.60300000000035
CCc1ncnc(-c2ccc(C(=O)N3CCN(CCOCCO)CC3)c(Cl)c2)c1C#Cc1ccc(N)nc1,107.46,6.968753163767325,1,535.0480000000003
CCc1ncnc(-c2ccc(C(=O)N3CCN(CCOCCO)CC3)c(F)c2)c1C#Cc1ccc(N)nc1,109.07,6.962294686864463,1,518.5930000000004
CCc1ncnc(-c2ccc(C(=O)N3CCN(Cc4cc(C)no4)CC3)c(Cl)c2)c1C#Cc1ccc(N)nc1,110.31,6.957385115411475,1,542.0430000000002
CCc1ncnc(-c2ccc(C(=O)N3CCN(Cc4cc(C)no4)CC3)c(F)c2)c1C#Cc1ccc(N)nc1,200.4,6.698102282804792,1,525.5880000000003
CCc1ncnc(-c2ccc(C(=O)N3CCN(Cc4ccccc4)CC3)c(C)c2)c1C#Cc1ccc(N)nc1,110.0,6.958607314841775,1,516.6490000000003
CCc1ncnc(-c2ccc(C(=O)N3CCN(Cc4ccccc4)CC3)c(Cl)c2)c1C#Cc1ccc(N)nc1,658.0,6.181774106386045,1,537.0670000000002
CCc1ncnc(-c2ccc(C(=O)N3CCN(Cc4ccccc4)CC3)c(F)c2)c1C#Cc1ccc(N)nc1,476.0,6.3223930472795065,1,520.6120000000003
CCc1ncnc(-c2ccc(C(=O)N3CCN(Cc4ccccc4)CC3)c(F)c2)c1C#Cc1ccc(N)nc1C,1017.0,5.992679047077256,0,534.6390000000002
CCc1ncnc(-c2ccc(C(=O)N3CCN(Cc4ccccc4)CC3)c(OC)c2)c1C#Cc1ccc(N)nc1,415.3,6.381638068890122,1,532.6480000000003
CCc1ncnc(-c2ccc(C(=O)N3CCN(Cc4nc(C)c(C)o4)CC3)c(Cl)c2)c1C#Cc1ccc(N)nc1,126.66,6.8973605163087,1,556.0700000000002
CCc1ncnc(-c2ccc(C(=O)N3CCN(Cc4nc(C)c(C)o4)CC3)c(F)c2)c1C#Cc1ccc(N)nc1,168.1,6.774432286560529,1,539.6150000000002
CCc1ncnc(-c2ccc(C(=O)N3CCN(Cc4ncon4)CC3)c(Cl)c2)c1C#Cc1ccc(N)nc1,137.31,6.862297832853038,1,529.0040000000002
CCc1ncnc(-c2ccc(C(=O)N3CCN(Cc4ncon4)CC3)c(F)c2)c1C#Cc1ccc(N)nc1,167.33,6.776426188945313,1,512.5490000000003
CCc1ncnc(-c2ccc(C(=O)N3CCN(O)CC3)c(Cl)c2)c1C#Cc1ccc(N)nc1,53.0,7.275724130399211,1,462.94100000000026
CCc1ncnc(-c2ccc(C(=O)N3CCN(OC)CC3)c(F)c2)c1C#Cc1ccc(N)nc1,82.0,7.086186147616283,1,460.51300000000026
CCc1ncnc(-c2ccc(C(=O)N3CCN(S(=O)(=O)CC)CC3)c(C)c2)c1C#Cc1ccc(N)nc1,62.89,7.201418405271452,1,518.6430000000004
CCc1ncnc(-c2ccc(C(=O)N3CCN(S(=O)(=O)CC)CC3)c(Cl)c2)c1C#Cc1ccc(N)nc1,39.47,7.4037328736044845,1,539.0610000000003
CCc1ncnc(-c2ccc(C(=O)N3CCN(S(=O)(=O)CC)CC3)c(F)c2)c1C#Cc1ccc(N)nc1,52.0,7.2839966563652006,1,522.6060000000003
CCc1ncnc(-c2ccc(C(=O)N3CCN(S(=O)(=O)CC)CC3)c(F)c2)c1C#Cc1ccc(N)nc1C,92.0,7.036212172654444,1,536.6330000000003
CCc1ncnc(-c2ccc(C(=O)N3CCN(S(=O)(=O)CC)CC3)c(OC)c2)c1C#Cc1ccc(N)nc1,36.0,7.443697499232712,1,534.6420000000004
CCc1ncnc(-c2ccc(C(=O)N3CCN(c4ccccc4)CC3)c(C)c2)c1C#Cc1ccc(N)nc1,160.2,6.795337488251781,1,502.6220000000003
CCc1ncnc(-c2ccc(C(=O)N3CCN(c4ccccc4)CC3)c(Cl)c2)c1C#Cc1ccc(N)nc1,89.0,7.050609993355087,1,523.0400000000003
CCc1ncnc(-c2ccc(C(=O)N3CCN(c4ccccc4)CC3)c(F)c2)c1C#Cc1ccc(N)nc1,199.0,6.701146923590294,1,506.58500000000026
CCc1ncnc(-c2ccc(C(=O)N3CCN(c4ccccc4)CC3)c(F)c2)c1C#Cc1ccc(N)nc1C,498.0,6.302770657240282,1,520.6120000000003
CCc1ncnc(-c2ccc(C(=O)N3CCN(c4ccccn4)CC3)c(C)c2)c1C#Cc1ccc(N)nc1,158.3,6.800519085137644,1,503.6100000000003
CCc1ncnc(-c2ccc(C(=O)N3CCN(c4ccccn4)CC3)c(Cl)c2)c1C#Cc1ccc(N)nc1,118.0,6.928117992693875,1,524.0280000000002
CCc1ncnc(-c2ccc(C(=O)N3CCN(c4ccccn4)CC3)c(F)c2)c1C#Cc1ccc(N)nc1,124.0,6.906578314837765,1,507.57300000000026
CCc1ncnc(-c2ccc(C(=O)N3CCN(c4ccncc4)CC3)c(C)c2)c1C#Cc1ccc(N)nc1,45.55,7.341511618690983,1,503.6100000000003
CCc1ncnc(-c2ccc(C(=O)N3CCN(c4ccncc4)CC3)c(Cl)c2)c1C#Cc1ccc(N)nc1,208.9,6.680061560019691,1,524.0280000000002
CCc1ncnc(-c2ccc(C(=O)N3CCN(c4ccncc4)CC3)c(F)c2)c1C#Cc1ccc(N)nc1,266.0,6.575118363368933,1,507.57300000000026
CCc1ncnc(-c2ccc(C(=O)N3CCN4CCCCC4C3)c(C)c2)c1C#Cc1ccc(N)nc1,289.2,6.5388017113775065,1,480.6160000000003
CCc1ncnc(-c2ccc(C(=O)N3CCN4CCCCC4C3)c(F)c2)c1C#Cc1ccc(N)nc1,233.0,6.632644078973981,1,484.5790000000003
CCc1ncnc(-c2ccc(C(=O)N3CCN4CCCCC4C3)c(F)c2)c1C#Cc1ccc(N)nc1C,481.0,6.317854923626168,1,498.60600000000034
CCc1ncnc(-c2ccc(C(=O)N3CCN4CCCCC4C3)c(OC)c2)c1C#Cc1ccc(N)nc1,279.5,6.553618187777558,1,496.61500000000035
CCc1ncnc(-c2ccc(C(=O)N3CCN4CCCC[C@@H]4C3)c(F)c2)c1C#Cc1ccc(N)nc1,45.78,7.339324211661476,1,484.5790000000003
CCc1ncnc(-c2ccc(C(=O)N3CCN4CCCC[C@H]4C3)c(Cl)c2)c1C#Cc1ccc(N)nc1,169.2,6.771599641296995,1,501.03400000000033
CCc1ncnc(-c2ccc(C(=O)N3CCN4CCCC[C@H]4C3)c(F)c2)c1C#Cc1ccc(N)nc1,358.3,6.445753191833889,1,484.5790000000003
CCc1ncnc(-c2ccc(C(=O)N3CCN4CCC[C@@H]4C3)c(Cl)c2)c1C#Cc1ccc(N)nc1,198.5,6.702239488900866,1,487.0070000000003
CCc1ncnc(-c2ccc(C(=O)N3CCN4CCC[C@@H]4C3)c(F)c2)c1C#Cc1ccc(N)nc1,259.8,6.585360853262991,1,470.55200000000025
CCc1ncnc(-c2ccc(C(=O)N3CCN4CCC[C@H]4C3)c(Cl)c2)c1C#Cc1ccc(N)nc1,107.4,6.968995718636463,1,487.0070000000003
CCc1ncnc(-c2ccc(C(=O)N3CCN4CCC[C@H]4C3)c(F)c2)c1C#Cc1ccc(N)nc1,126.7,6.8972233851165585,1,470.55200000000025
CCc1ncnc(-c2ccc(C(=O)N3CCN4CCC[C@H]4C3)c(OC(F)(F)F)c2)c1C#Cc1ccc(N)nc1,157.0,6.804100347590766,1,536.5580000000002
CCc1ncnc(-c2ccc(C(=O)N3CCNC(=O)C3)c(Cl)c2)c1C#Cc1ccc(N)nc1,27.0,7.568636235841013,1,460.9250000000002
CCc1ncnc(-c2ccc(C(=O)N3CCNC(=O)C3)c(OC)c2)c1C#Cc1ccc(N)nc1,19.0,7.721246399047171,1,456.50600000000026
CCc1ncnc(-c2ccc(C(=O)N3CCNCC3)c(C)c2)c1C#Cc1ccc(N)nc1,37.16,7.429924294678396,1,426.52400000000017
CCc1ncnc(-c2ccc(C(=O)N3CCNCC3)c(Cl)c2)c1C#Cc1ccc(N)nc1,163.75,6.785818691336179,1,446.9420000000001
CCc1ncnc(-c2ccc(C(=O)N3CCNCC3)c(F)c2)c1C#Cc1ccc(N)nc1,57.0,7.2441251443275085,1,430.48700000000014
CCc1ncnc(-c2ccc(C(=O)N3CCOC(C)(C)C3)c(F)c2)c1C#Cc1ccc(N)nc1,108.1,6.96617430604669,1,459.5250000000002
CCc1ncnc(-c2ccc(C(=O)N3CCOC4(CCN(C(=O)OC(C)(C)C)CC4)C3)c(F)c2)c1C#Cc1ccc(N)nc1,1175.43,5.9298032291668035,0,600.6950000000003
CCc1ncnc(-c2ccc(C(=O)N3CCOC4(CCNCC4)C3)c(F)c2)c1C#Cc1ccc(N)nc1,367.08,6.435239276967696,1,500.5780000000003
CCc1ncnc(-c2ccc(C(=O)N3CCOCC3)c(C)c2)c1C#Cc1ccc(N)nc1,59.45,7.225848141045289,1,427.5080000000002
CCc1ncnc(-c2ccc(C(=O)N3CCOCC3)c(Cl)c2)c1C#Cc1ccc(N)nc1,66.47,7.17737432122586,1,447.92600000000016
CCc1ncnc(-c2ccc(C(=O)N3CCOCC3)c(F)c2)c1C#Cc1ccc(N)nc1,55.0,7.259637310505756,1,431.4710000000002
CCc1ncnc(-c2ccc(C(=O)N3CCOCC3)c(F)c2)c1C#Cc1ccc(N)nc1C,116.0,6.935542010773082,1,445.4980000000002
CCc1ncnc(-c2ccc(C(=O)N3CCOCC3)c(OC)c2)c1C#Cc1ccc(N)nc1,100.3,6.998699066979582,1,443.50700000000023
CCc1ncnc(-c2ccc(C(=O)N3CC[C@@H](N(C)C)C3)c(C)c2)c1C#Cc1ccc(N)nc1,114.6,6.940815382368629,1,454.57800000000026
CCc1ncnc(-c2ccc(C(=O)N3CC[C@@H](N(C)C)C3)c(Cl)c2)c1C#Cc1ccc(N)nc1,232.0,6.634512015109101,1,474.9960000000002
CCc1ncnc(-c2ccc(C(=O)N3CC[C@@H](N(C)C)C3)c(Cl)c2)c1C#Cc1ccc(NC)nc1,186.4,6.729554091982037,1,489.0230000000002
CCc1ncnc(-c2ccc(C(=O)N3CC[C@@H](N(C)C)C3)c(F)c2)c1C#Cc1ccc(N)nc1,269.0,6.570247719997592,1,458.5410000000002
CCc1ncnc(-c2ccc(C(=O)N3CC[C@@H](N(C)C)C3)c(F)c2)c1C#Cc1ccc(NC)nc1,275.3,6.56019378860667,1,472.5680000000002
CCc1ncnc(-c2ccc(C(=O)N3CC[C@@H](N(C)C)C3)c(OC(F)(F)F)c2)c1C#Cc1ccc(N)nc1,401.8,6.3959900675877694,1,524.5470000000003
CCc1ncnc(-c2ccc(C(=O)N3CC[C@@H](N(C)C)C3)c(OC)c2)c1C#Cc1ccc(N)nc1,357.0,6.447331783887806,1,470.5770000000003
CCc1ncnc(-c2ccc(C(=O)N3CC[C@@H](O)C3)c(C)c2)c1C#Cc1ccc(N)nc1,160.8,6.793713955587568,1,427.5080000000002
CCc1ncnc(-c2ccc(C(=O)N3CC[C@@H](O)C3)c(Cl)c2)c1C#Cc1ccc(N)nc1,65.8,7.181774106386045,1,447.92600000000016
CCc1ncnc(-c2ccc(C(=O)N3CC[C@@H](O)C3)c(F)c2)c1C#Cc1ccc(N)nc1,69.0,7.161150909262744,1,431.4710000000002
CCc1ncnc(-c2ccc(C(=O)N3CC[C@H](N(C)C)C3)c(C)c2)c1C#Cc1ccc(N)nc1,190.5,6.720105019988362,1,454.57800000000026
CCc1ncnc(-c2ccc(C(=O)N3CC[C@H](N(C)C)C3)c(Cl)c2)c1C#Cc1ccc(N)nc1,129.2,6.8887374863409345,1,474.9960000000002
CCc1ncnc(-c2ccc(C(=O)N3CC[C@H](N(C)C)C3)c(Cl)c2)c1C#Cc1ccc(NC)nc1,141.5,6.849243560139691,1,489.0230000000002
CCc1ncnc(-c2ccc(C(=O)N3CC[C@H](N(C)C)C3)c(F)c2)c1C#Cc1ccc(N)nc1,161.0,6.79317412396815,1,458.5410000000002
CCc1ncnc(-c2ccc(C(=O)N3CC[C@H](N(C)C)C3)c(F)c2)c1C#Cc1ccc(NC)nc1,246.7,6.607830850510264,1,472.5680000000002
CCc1ncnc(-c2ccc(C(=O)N3CC[C@H](N(C)C)C3)c(OC)c2)c1C#Cc1ccc(N)nc1,148.4,6.828566099056991,1,470.5770000000003
CCc1ncnc(-c2ccc(C(=O)N3CC[C@H](O)C3)c(C)c2)c1C#Cc1ccc(N)nc1,53.3,7.273272790973428,1,427.5080000000002
CCc1ncnc(-c2ccc(C(=O)N3CC[C@H](O)C3)c(Cl)c2)c1C#Cc1ccc(N)nc1,58.14,7.235524972565591,1,447.92600000000016
CCc1ncnc(-c2ccc(C(=O)N3CC[C@H](O)C3)c(F)c2)c1C#Cc1ccc(N)nc1,57.0,7.2441251443275085,1,431.4710000000002
CCc1ncnc(-c2ccc(C(=O)N3CC[S+]([O-])CC3)c(C)c2)c1C#Cc1ccc(N)nc1,62.81,7.2019712065959265,1,459.5750000000003
CCc1ncnc(-c2ccc(C(=O)N3CC[S+]([O-])CC3)c(Cl)c2)c1C#Cc1ccc(N)nc1,63.795,7.195213358230295,1,479.9930000000003
CCc1ncnc(-c2ccc(C(=O)N3CC[S+]([O-])CC3)c(F)c2)c1C#Cc1ccc(N)nc1,46.0,7.337242168318426,1,463.53800000000024
CCc1ncnc(-c2ccc(C(=O)N3CCc4ncccc4C3)c(F)c2)c1C#Cc1ccc(N)nc1,109.4,6.960982678002588,1,478.53100000000023
CCc1ncnc(-c2ccc(C(=O)N3CCn4c(C)cnc4C3)c(Cl)c2)c1C#Cc1ccc(N)nc1,31.55,7.501000636419847,1,497.99000000000024
CCc1ncnc(-c2ccc(C(=O)N3CCn4c(C)cnc4C3)c(F)c2)c1C#Cc1ccc(N)nc1,95.37,7.020588217365565,1,481.5350000000002
CCc1ncnc(-c2ccc(C(=O)N3CCn4c(COC)nnc4C3)c(F)c2)c1C#Cc1ccc(N)nc1,154.2,6.811915626285062,1,512.5490000000003
CCc1ncnc(-c2ccc(C(=O)N3CCn4ccnc4C3)c(Cl)c2)c1C#Cc1ccc(N)nc1,22.96,7.639028116274064,1,483.9630000000002
CCc1ncnc(-c2ccc(C(=O)N3CCn4ccnc4C3)c(F)c2)c1C#Cc1ccc(N)nc1,60.47,7.218460031394058,1,467.5080000000002
CCc1ncnc(-c2ccc(C(=O)N3CCn4cnnc4C3)c(Cl)c2)c1C#Cc1ccc(N)nc1,4.83,8.316052869248487,1,484.95100000000025
CCc1ncnc(-c2ccc(C(=O)N3CCn4cnnc4C3)c(F)c2)c1C#Cc1ccc(N)nc1,50.79,7.294221787171402,1,468.4960000000002
CCc1ncnc(-c2ccc(C(=O)N3C[C@@H]4CCN(C(=O)OC(C)(C)C)[C@@H]4C3)c(F)c2)c1C#Cc1ccc(N)nc1,150.52,6.822405790352173,1,556.6420000000002
CCc1ncnc(-c2ccc(C(=O)N3C[C@@H]4CCN[C@@H]4C3)c(F)c2)c1C#Cc1ccc(N)nc1,655.45,6.183460432200154,1,456.5250000000002
CCc1ncnc(-c2ccc(C(=O)N3C[C@H]4CN(C(=O)OC(C)(C)C)C[C@H]4C3)c(F)c2)c1C#Cc1ccc(N)nc1,237.84,6.623715103803119,1,556.6420000000002
CCc1ncnc(-c2ccc(C(=O)N3C[C@H]4CNC[C@H]4C3)c(F)c2)c1C#Cc1ccc(N)nc1,600.97,6.221147207131448,1,456.5250000000002
CCc1ncnc(-c2ccc(C(=O)N3C[C@H]4C[C@@H]3CN4C)c(F)c2)c1C#Cc1ccc(N)nc1,333.2,6.47729500726525,1,456.52500000000015
CCc1ncnc(-c2ccc(C(=O)N3[C@@H]4C[C@H]3N4C)c(F)c2)c1C#Cc1ccc(N)nc1,333.0,6.47755576649368,1,428.4710000000002
CCc1ncnc(-c2ccc(C(=O)NC)c(Cl)c2)c1C#Cc1ccc(C)nc1,236.0,6.627087997029894,1,390.87400000000014
CCc1ncnc(-c2ccc(C(=O)NC)c(Cl)c2)c1C#Cc1ccc(N)nc1,71.0,7.1487416512809245,1,391.86200000000014
CCc1ncnc(-c2ccc(C(=O)NC)c(F)c2)c1C#Cc1ccc(N)nc1,225.0,6.647817481888637,1,375.40700000000015
CCc1ncnc(-c2ccc(C(=O)NC3CC(C)(C)N(C)C(C)(C)C3)c(F)c2)c1C#Cc1ccc(N)nc1,413.0,6.384049948343599,1,514.6490000000003
CCc1ncnc(-c2ccc(C(=O)NC3CC(C)(C)NC(C)(C)C3)c(F)c2)c1C#Cc1ccc(N)nc1,272.0,6.565431095965801,1,500.62200000000024
CCc1ncnc(-c2ccc(C(=O)NC3CC(N4CCC(N5CCCC5)CC4)C3)c(F)c2)c1C#Cc1ccc(N)nc1,308.0,6.511449283499556,1,567.7130000000003
CCc1ncnc(-c2ccc(C(=O)NC3CC(N4CCCC4)C3)c(F)c2)c1C#Cc1ccc(N)nc1,158.0,6.801342913045577,1,484.57900000000035
CCc1ncnc(-c2ccc(C(=O)NC3CC(N4CCCCC4)C3)c(F)c2)c1C#Cc1ccc(N)nc1,436.0,6.360513510731414,1,498.6060000000004
CCc1ncnc(-c2ccc(C(=O)NC3CC(N4CCN(C)CC4)C3)c(F)c2)c1C#Cc1ccc(N)nc1,203.0,6.692503962086787,1,513.6210000000004
CCc1ncnc(-c2ccc(C(=O)NC3CC(N4CCN(O)CC4)C3)c(F)c2)c1C#Cc1ccc(N)nc1,351.0,6.454692883534176,1,515.5930000000004
CCc1ncnc(-c2ccc(C(=O)NC3CCCN(C)C3)c(C)c2)c1C#Cc1ccc(N)nc1,63.89,7.19456711186786,1,454.57800000000026
CCc1ncnc(-c2ccc(C(=O)NC3CCCN(C)C3)c(Cl)c2)c1C#Cc1ccc(N)nc1,509.85,6.292557576361259,1,474.9960000000002
CCc1ncnc(-c2ccc(C(=O)NC3CCCN(C)C3)c(F)c2)c1C#Cc1ccc(N)nc1,280.0,6.552841968657781,1,458.5410000000002
CCc1ncnc(-c2ccc(C(=O)NC3CCCN(C4CCN(C)CC4)C3)c(F)c2)c1C#Cc1ccc(N)nc1,335.0,6.474955192963154,1,541.6750000000003
CCc1ncnc(-c2ccc(C(=O)NC3CCN(C)C3)c(F)c2)c1C#Cc1ccc(N)nc1,347.0,6.459670525209126,1,444.5140000000002
CCc1ncnc(-c2ccc(C(=O)NC3CCN(C)CC3)c(F)c2)c1C#Cc1ccc(N)nc1,436.0,6.360513510731414,1,458.5410000000002
CCc1ncnc(-c2ccc(C(=O)NC3CCN(C4CCN(C)CC4)C3)c(F)c2)c1C#Cc1ccc(N)nc1,370.0,6.431798275933005,1,527.6480000000004
CCc1ncnc(-c2ccc(C(=O)NC3CCN(CCOC)CC3)c(F)c2)c1C#Cc1ccc(N)nc1,134.0,6.872895201635193,1,502.59400000000034
CCc1ncnc(-c2ccc(C(=O)NC3CCS(=O)(=O)C3)c(F)c2)c1C#Cc1ccc(N)nc1,79.0,7.102372908709558,1,479.53700000000026
CCc1ncnc(-c2ccc(C(=O)NCC(O)CN(C)C)c(F)c2)c1C#Cc1ccc(N)nc1,292.0,6.534617148551582,1,462.5290000000002
CCc1ncnc(-c2ccc(C(=O)NCC3(C)COC3)c(C)c2)c1C#Cc1ccc(N)nc1,149.1,6.826522356547005,1,441.53500000000025
CCc1ncnc(-c2ccc(C(=O)NCC3(C)COC3)c(Cl)c2)c1C#Cc1ccc(N)nc1,66.0,7.180456064458132,1,461.9530000000002
CCc1ncnc(-c2ccc(C(=O)NCC3(C)COC3)c(F)c2)c1C#Cc1ccc(N)nc1,72.0,7.142667503568732,1,445.4980000000002
CCc1ncnc(-c2ccc(C(=O)NCC3CCCN(C)C3)c(F)c2)c1C#Cc1ccc(N)nc1,630.0,6.200659450546418,1,472.5680000000002
CCc1ncnc(-c2ccc(C(=O)NCC3CCN(C)C3)c(F)c2)c1C#Cc1ccc(N)nc1,335.0,6.474955192963154,1,458.5410000000002
CCc1ncnc(-c2ccc(C(=O)NCC3CCN(C)CC3)c(F)c2)c1C#Cc1ccc(N)nc1,303.0,6.518557371497695,1,472.56800000000027
CCc1ncnc(-c2ccc(C(=O)NCC3CCNCC3)c(F)c2)c1C#Cc1ccc(N)nc1,69.98,7.155026061853112,1,458.5410000000002
CCc1ncnc(-c2ccc(C(=O)NCCN3CCCC3=O)c(F)c2)c1C#Cc1ccc(N)nc1,46.0,7.337242168318426,1,472.5240000000002
CCc1ncnc(-c2ccc(C(=O)NCCN3CCNCC3)c(F)c2)c1C#Cc1ccc(N)nc1,373.2,6.428058364925538,1,473.5560000000002
CCc1ncnc(-c2ccc(C(=O)NCCN3CCOCC3)c(C)c2)c1C#Cc1ccc(N)nc1,31.84,7.497026940934369,1,470.5770000000003
CCc1ncnc(-c2ccc(C(=O)NCCN3CCOCC3)c(Cl)c2)c1C#Cc1ccc(N)nc1,113.4,6.945386945443112,1,490.99500000000023
CCc1ncnc(-c2ccc(C(=O)NCCN3CCOCC3)c(F)c2)c1C#Cc1ccc(N)nc1,44.0,7.356547323513812,1,474.54000000000025
CCc1ncnc(-c2ccc(C(=O)NCCN3CCOCC3)c(OC)c2)c1C#Cc1ccc(N)nc1,118.4,6.926648297613099,1,486.5760000000003
CCc1ncnc(-c2ccc(C(=O)NCCOC)c(Cl)c2)c1C#Cc1ccc(N)nc1,181.0,6.7423214251308154,1,435.9150000000002
CCc1ncnc(-c2ccc(C(=O)NC[C@H]3CCCN3CC)c(F)c2)c1C#Cc1ccc(N)nc1,566.0,6.247183568811728,1,472.5680000000002
CCc1ncnc(-c2ccc(C(C)(C)C#N)cc2)c1C#Cc1ccc(N)nc1,26.0,7.585026652029182,1,367.45600000000013
CCc1ncnc(-c2ccc(C(F)(F)F)nc2)c1C#Cc1ccc(N)nc1,58.0,7.236572006437063,1,369.3500000000001
CCc1ncnc(-c2ccc(C)nc2)c1C#Cc1ccc(N)nc1,30.0,7.522878745280337,1,315.38000000000005
CCc1ncnc(-c2ccc(C3CC3)nc2)c1C#Cc1ccc(N)nc1,29.0,7.5376020021010435,1,341.41800000000006
CCc1ncnc(-c2ccc(Cl)c(C(=O)N(C)C)c2)c1C#Cc1ccc(N)nc1,194.0,6.7121982700697735,1,405.8890000000002
CCc1ncnc(-c2ccc(Cl)c(C(=O)N(CC)CC)c2)c1C#Cc1ccc(N)nc1,541.0,6.266802734893431,1,433.9430000000002
CCc1ncnc(-c2ccc(Cl)c(C(=O)N3CCCCC3)c2)c1C#Cc1ccc(N)nc1,596.0,6.2247537402597635,1,445.9540000000003
CCc1ncnc(-c2ccc(Cl)c(C(=O)NC)c2)c1C#Cc1ccc(N)nc1,67.0,7.173925197299173,1,391.86200000000014
CCc1ncnc(-c2ccc(F)c(C(=O)N(C)C)c2)c1C#Cc1ccc(N)nc1,189.0,6.723538195826756,1,389.43400000000014
CCc1ncnc(-c2ccc(F)c(C(=O)N3CCOCC3)c2)c1C#Cc1ccc(N)nc1,226.0,6.645891560852599,1,431.47100000000023
CCc1ncnc(-c2ccc(N(C)C)nc2)c1C#Cc1ccc(N)nc1,37.0,7.431798275933005,1,344.4220000000001
CCc1ncnc(-c2ccc(N3CCOCC3)nc2)c1C#Cc1ccc(N)nc1,32.0,7.494850021680094,1,386.4590000000001
CCc1ncnc(-c2ccc(OC)nc2)c1C#Cc1ccc(N)nc1,40.0,7.3979400086720375,1,331.379
CCc1ncnc(-c2ccc(S(C)(=O)=O)cc2)c1C#Cc1ccc(C)nc1,99.0,7.00436480540245,1,377.46900000000016
CCc1ncnc(-c2ccc(S(C)(=O)=O)cc2)c1C#Cc1ccc(N)nc1,66.0,7.180456064458132,1,378.45700000000016
CCc1ncnc(-c2cccc(C(=O)N(CC)CC)c2)c1C#Cc1ccc(N)nc1,188.0,6.72584215073632,1,399.4980000000001
CCc1ncnc(-c2cccc(C(=O)NC)c2)c1C#Cc1ccc(N)nc1,72.0,7.142667503568732,1,357.4170000000001
CCc1ncnc(-c2ccccc2)c1C#Cc1ccc(N)nc1,99.0,7.00436480540245,1,300.36500000000007
CCc1ncnc(-c2ccnc(C)c2)c1C#Cc1ccc(N)nc1,57.0,7.2441251443275085,1,315.38000000000005
CCc1ncnc(-c2ccnc(OC)c2)c1C#Cc1ccc(N)nc1,61.0,7.214670164989233,1,331.379
CCc1ncnc(-c2cnc3ccccc3c2)c1C#Cc1ccc(N)nc1,24.0,7.619788758288394,1,351.41300000000007
CCc1ncnc(N(C)C)c1C#Cc1cnc(C)c(NS(=O)(=O)c2ccc(F)cc2)c1,1.0,9.0,1,439.5160000000001
CCc1ncnc(N(C)C)c1C#Cc1cnc(C)c(NS(C)(=O)=O)c1,8.0,8.096910013008056,1,359.45500000000004
CCc1ncnc(N2CCC(=O)CC2)c1C#Cc1ccc(N)nc1,109.0,6.962573502059376,1,321.384
CCc1ncnc(N2CCC(C(C)(C)O)CC2)c1C#Cc1ccc(N)nc1,31.0,7.508638306165727,1,365.4810000000001
CCc1ncnc(N2CCC(C(F)(F)F)CC2)c1C#Cc1ccc(N)nc1,201.0,6.696803942579511,1,375.3980000000001
CCc1ncnc(N2CCC(C)(O)CC2)c1C#Cc1ccc(C)nc1,84.0,7.075720713938118,1,336.439
CCc1ncnc(N2CCC(C)(O)CC2)c1C#Cc1ccc(N)nc1,37.0,7.431798275933005,1,337.427
CCc1ncnc(N2CCC(C)(O)CC2)c1C#Cc1cnc(C)c(NS(C)(=O)=O)c1,0.55,9.259637310505756,1,429.5460000000001
CCc1ncnc(N2CCC(C)(OC)CC2)c1C#Cc1ccc(N)nc1,53.0,7.275724130399211,1,351.45400000000006
CCc1ncnc(N2CCC(C=C(C)C)CC2)c1C#Cc1ccc(N)nc1,622.0,6.206209615309182,1,361.4930000000001
CCc1ncnc(N2CCC(CC(C)(C)O)CC2)c1C#Cc1ccc(N)nc1,26.0,7.585026652029182,1,379.5080000000001
CCc1ncnc(N2CCC(CCO)CC2)c1C#Cc1ccc(C)nc1,88.0,7.055517327849832,1,350.46600000000007
CCc1ncnc(N2CCC(CCO)CC2)c1C#Cc1ccc(N)nc1,35.0,7.455931955649724,1,351.45400000000006
CCc1ncnc(N2CCC(CO)CC2)c1C#Cc1ccc(C)nc1,134.0,6.872895201635193,1,336.439
CCc1ncnc(N2CCC(CO)CC2)c1C#Cc1ccc(N)nc1,58.0,7.236572006437063,1,337.427
CCc1ncnc(N2CCC(COC)CC2)c1C#Cc1ccc(N)nc1,87.0,7.060480747381382,1,351.45400000000006
CCc1ncnc(N2CCC(F)(F)CC2)c1C#Cc1ccc(N)nc1,196.0,6.707743928643524,1,343.38100000000003
CCc1ncnc(N2CCC(NC(C)=O)CC2)c1C#Cc1ccc(N)nc1,83.0,7.080921907623926,1,364.4530000000001
CCc1ncnc(N2CCC(O)(C(C)C)CC2)c1C#Cc1ccc(C)nc1,172.0,6.764471553092451,1,364.4930000000001
CCc1ncnc(N2CCC(O)(C(C)C)CC2)c1C#Cc1ccc(N)nc1,15.0,7.823908740944319,1,365.4810000000001
CCc1ncnc(N2CCC(O)(C(F)(F)F)CC2)c1C#Cc1ccc(C)nc1,172.0,6.764471553092451,1,390.40900000000016
CCc1ncnc(N2CCC(O)(C(F)(F)F)CC2)c1C#Cc1ccc(N)nc1,53.0,7.275724130399211,1,391.39700000000016
CCc1ncnc(N2CCC(O)(C3CCCCC3)CC2)c1C#Cc1ccc(N)nc1,189.0,6.723538195826756,1,405.54600000000016
CCc1ncnc(N2CCC(O)(CC)CC2)c1C#Cc1ccc(C)nc1,102.0,6.991399828238082,1,350.46600000000007
CCc1ncnc(N2CCC(O)(CC)CC2)c1C#Cc1ccc(N)nc1,15.0,7.823908740944319,1,351.45400000000006
CCc1ncnc(N2CCC(O)(Cc3ccccc3)CC2)c1C#Cc1ccc(N)nc1,115.0,6.939302159646388,1,413.52500000000026
CCc1ncnc(N2CCC(O)(c3ccccc3)CC2)c1C#Cc1ccc(N)nc1,91.0,7.040958607678906,1,399.4980000000002
CCc1ncnc(N2CCC(O)C(C)C2)c1C#Cc1ccc(N)nc1,55.0,7.259637310505756,1,337.4270000000001
CCc1ncnc(N2CCC(O)CC2)c1C#Cc1ccc(C)nc1,139.0,6.856985199745905,1,322.41200000000003
CCc1ncnc(N2CCC(O)CC2)c1C#Cc1ccc(N)nc1,99.0,7.00436480540245,1,323.40000000000003
CCc1ncnc(N2CCC(O)CC2)c1C#Cc1ccc(NC)nc1,76.0,7.119186407719209,1,337.427
CCc1ncnc(N2CCC(O)CC2)c1C#Cc1cnc(C)c(NS(=O)(=O)c2ccc(F)cc2)c1,0.48,9.318758762624412,1,495.58000000000015
CCc1ncnc(N2CCC(O)CC2)c1C#Cc1cnc(C)c(NS(C)(=O)=O)c1,0.86,9.065501548756432,1,415.5190000000001
CCc1ncnc(N2CCC(OC)CC2)c1C#Cc1ccc(C)nc1,183.0,6.73754891026957,1,336.439
CCc1ncnc(N2CCC(OC)CC2)c1C#Cc1ccc(N)nc1,58.0,7.236572006437063,1,337.427
CCc1ncnc(N2CCC(OC)CC2)c1C#Cc1ccc(NC)nc1,94.0,7.026872146400302,1,351.454
CCc1ncnc(N2CCC(OC)CC2)c1C#Cc1cnc(C)c(NS(C)(=O)=O)c1,4.0,8.397940008672037,1,429.5460000000001
CCc1ncnc(N2CCC(OCCOC)CC2)c1C#Cc1ccc(N)nc1,89.0,7.050609993355087,1,381.4800000000001
CCc1ncnc(N2CCC3(CC2)CC(=O)NC(=O)C3)c1C#Cc1ccc(N)nc1,38.0,7.42021640338319,1,404.47400000000016
CCc1ncnc(N2CCC3(CC2)COC3)c1C#Cc1ccc(N)nc1,55.0,7.259637310505756,1,349.43800000000005
CCc1ncnc(N2CCC3(CC2)OCCCO3)c1C#Cc1ccc(N)nc1,43.0,7.366531544420414,1,379.46400000000006
CCc1ncnc(N2CCC3(CC2)OCCO3)c1C#Cc1ccc(N)nc1,57.0,7.2441251443275085,1,365.43700000000007
CCc1ncnc(N2CCC3(CCCCC3)CC2)c1C#Cc1ccc(N)nc1,369.0,6.432973633840939,1,375.52000000000004
CCc1ncnc(N2CCC3(CCN(C(=O)COC)CC3)CC2)c1C#Cc1ccc(N)nc1,37.0,7.431798275933005,1,448.5710000000003
CCc1ncnc(N2CCC3(CCN(C(=O)NC)CC3)CC2)c1C#Cc1ccc(N)nc1,50.0,7.301029995663981,1,433.5600000000003
CCc1ncnc(N2CCC3(CCN(C(C)=O)CC3)CC2)c1C#Cc1ccc(N)nc1,36.0,7.443697499232712,1,418.54500000000024
CCc1ncnc(N2CCC3(CCN(C)C3=O)CC2)c1C#Cc1ccc(N)nc1,67.0,7.173925197299173,1,390.49100000000016
CCc1ncnc(N2CCC3(CCN(C)CC3)CC2)c1C#Cc1ccc(N)nc1,136.0,6.866461091629782,1,390.53500000000014
CCc1ncnc(N2CCC3(CCNC3=O)CC2)c1C#Cc1ccc(N)nc1,95.0,7.022276394711152,1,376.4640000000001
CCc1ncnc(N2CCCC(CO)C2)c1C#Cc1ccc(C)nc1,90.0,7.045757490560675,1,336.439
CCc1ncnc(N2CCCC(CO)C2)c1C#Cc1ccc(N)nc1,73.0,7.136677139879544,1,337.427
CCc1ncnc(N2CCCC(NC(C)=O)C2)c1C#Cc1ccc(N)nc1,167.0,6.777283528852417,1,364.4530000000001
CCc1ncnc(N2CCCC2)c1C#Cc1ccc(N)nc1,131.0,6.882728704344236,1,293.37399999999997
CCc1ncnc(N2CCCCC2)c1C#Cc1ccc(NC)nc1,214.0,6.669586226650809,1,321.428
CCc1ncnc(N2CCCCC2)c1C#Cc1cnc(C)c(NS(C)(=O)=O)c1,2.0,8.698970004336019,1,399.5200000000001
CCc1ncnc(N2CCN(C(=O)C3CC3)CC2)c1C#Cc1ccc(N)nc1,46.0,7.337242168318426,1,376.4640000000001
CCc1ncnc(N2CCN(C(=O)CC#N)CC2)c1C#Cc1ccc(N)nc1,60.0,7.221848749616356,1,375.4360000000001
CCc1ncnc(N2CCN(C(=O)N3CCOCC3)CC2)c1C#Cc1ccc(N)nc1,116.0,6.935542010773082,1,421.5050000000002
CCc1ncnc(N2CCN(C(=O)NC)CC2)c1C#Cc1ccc(N)nc1,33.0,7.481486060122112,1,365.4410000000001
CCc1ncnc(N2CCN(C(=O)OC)CC2)c1C#Cc1ccc(N)nc1,52.0,7.2839966563652006,1,366.42500000000007
CCc1ncnc(N2CCN(C(=O)c3ccccc3)CC2)c1C#Cc1ccc(N)nc1,110.0,6.958607314841775,1,412.49700000000024
CCc1ncnc(N2CCN(C(=O)c3ccccn3)CC2)c1C#Cc1ccc(N)nc1,47.0,7.327902142064283,1,413.48500000000024
CCc1ncnc(N2CCN(C(=O)c3ccco3)CC2)c1C#Cc1ccc(N)nc1,37.0,7.431798275933005,1,402.45800000000025
CCc1ncnc(N2CCN(C(C)=O)CC2)c1C#Cc1ccc(N)nc1,62.0,7.2076083105017466,1,350.42600000000004
CCc1ncnc(N2CCN(C(C)=O)CC2)c1C#Cc1cnc(C)c(NS(=O)(=O)c2ccc(F)cc2)c1,0.47,9.327902142064282,1,522.6060000000002
CCc1ncnc(N2CCN(C(C)C)CC2)c1C#Cc1ccc(N)nc1,745.0,6.127843727251707,1,350.4700000000001
CCc1ncnc(N2CCN(C)C(=O)C2)c1C#Cc1ccc(N)nc1,72.0,7.142667503568732,1,336.399
CCc1ncnc(N2CCN(C)CC2)c1C#Cc1ccc(N)nc1,1551.0,5.809388202186395,0,322.416
CCc1ncnc(N2CCN(C)CC2)c1C#Cc1cnc(C)c(NS(=O)(=O)c2ccc(F)cc2)c1,0.89,9.050609993355087,1,494.5960000000001
CCc1ncnc(N2CCN(C3CC3)CC2)c1C#Cc1ccc(N)nc1,86.0,7.0655015487564325,1,348.454
CCc1ncnc(N2CCN(C3CC3)CC2)c1C#Cc1cnc(C)c(NS(=O)(=O)c2ccc(F)cc2)c1,5.0,8.301029995663981,1,520.6340000000001
CCc1ncnc(N2CCN(C3CCN(C)CC3)CC2)c1C#Cc1ccc(N)nc1,449.0,6.347753658996677,1,405.5500000000002
CCc1ncnc(N2CCN(C3CCOCC3)CC2)c1C#Cc1ccc(N)nc1,141.0,6.85078088734462,1,392.5070000000001
CCc1ncnc(N2CCN(C3COC3)CC2)c1C#Cc1ccc(N)nc1,105.0,6.978810700930062,1,364.4530000000001
CCc1ncnc(N2CCN(CC(C)(C)O)CC2)c1C#Cc1ccc(N)nc1,143.0,6.844663962534939,1,380.4960000000001
CCc1ncnc(N2CCN(CC(C)O)CC2)c1C#Cc1ccc(N)nc1,152.0,6.818156412055227,1,366.4690000000001
CCc1ncnc(N2CCN(CCCS(C)(=O)=O)CC2)c1C#Cc1ccc(N)nc1,108.0,6.966576244513051,1,428.56200000000024
CCc1ncnc(N2CCN(CCN3CCOCC3)CC2)c1C#Cc1ccc(N)nc1,185.0,6.732828271596986,1,421.5490000000002
CCc1ncnc(N2CCN(CCNS(C)(=O)=O)CC2)c1C#Cc1ccc(N)nc1,60.0,7.221848749616356,1,429.5500000000003
CCc1ncnc(N2CCN(CCOC)CC2)c1C#Cc1ccc(N)nc1,718.0,6.1438755557577,1,366.46900000000005
CCc1ncnc(N2CCN(Cc3nc(C)c(C)o3)CC2)c1C#Cc1ccc(N)nc1,232.0,6.634512015109101,1,417.5170000000002
CCc1ncnc(N2CCN(S(C)(=O)=O)CC2)c1C#Cc1ccc(N)nc1,88.0,7.055517327849832,1,386.48100000000017
CCc1ncnc(N2CCN(S(C)(=O)=O)CC2)c1C#Cc1cnc(C)c(NS(=O)(=O)c2ccc(F)cc2)c1,0.14,9.853871964321762,1,558.6610000000003
CCc1ncnc(N2CCN(c3ccccc3)CC2)c1C#Cc1ccc(N)nc1,129.0,6.889410289700751,1,384.48700000000014
CCc1ncnc(N2CCN(c3ccccc3C(F)(F)F)CC2)c1C#Cc1ccc(N)nc1,1861.0,5.730253626869233,0,452.48400000000026
CCc1ncnc(N2CCN(c3ccccn3)CC2)c1C#Cc1ccc(N)nc1,42.0,7.376750709602099,1,385.4750000000002
CCc1ncnc(N2CCN(c3cccnc3)CC2)c1C#Cc1ccc(N)nc1,48.0,7.318758762624412,1,385.4750000000002
CCc1ncnc(N2CCN(c3ccncc3)CC2)c1C#Cc1ccc(N)nc1,229.0,6.640164517660112,1,385.4750000000002
CCc1ncnc(N2CCN(c3ncccn3)CC2)c1C#Cc1ccc(N)nc1,48.0,7.318758762624412,1,386.4630000000002
CCc1ncnc(N2CCNC(=O)C2)c1C#Cc1ccc(N)nc1,58.0,7.236572006437063,1,322.372
CCc1ncnc(N2CCNC(=O)CC2)c1C#Cc1ccc(N)nc1,133.0,6.876148359032914,1,336.399
CCc1ncnc(N2CCOC(C)(C)C2)c1C#Cc1ccc(N)nc1,49.0,7.309803919971486,1,337.427
CCc1ncnc(N2CCOCC2)c1C#Cc1ccc(N)nc1,46.0,7.337242168318426,1,309.373
CCc1ncnc(N2CCOCC2)c1C#Cc1cnc(OC)c(NS(=O)(=O)C2CC2)c1,1.0,9.0,1,443.52900000000017
CCc1ncnc(N2CCOCC2)c1C#Cc1cnc(OC)c(NS(=O)(=O)CC)c1,2.0,8.698970004336019,1,431.51800000000014
CCc1ncnc(N2CCOCC2)c1C#Cc1cnc(OC)c(NS(=O)(=O)CCOC)c1,2.0,8.698970004336019,1,461.5440000000002
CCc1ncnc(N2CCOCC2)c1C#Cc1cnc(OC)c(NS(=O)(=O)c2ccc(F)cc2F)c1,0.63,9.200659450546418,1,515.5420000000001
CCc1ncnc(N2CCOCC2)c1C#Cc1cnc(OC)c(NS(=O)(=O)c2ccccc2)c1,0.59,9.229147988357855,1,479.5620000000001
CCc1ncnc(N2CCOCC2)c1C#Cc1cnc(OC)c(NS(=O)(=O)c2ccco2)c1,0.55,9.259637310505756,1,469.52300000000014
CCc1ncnc(N2CCOCC2)c1C#Cc1cnc(OC)c(NS(=O)(=O)c2cccs2)c1,0.75,9.1249387366083,1,485.5910000000001
CCc1ncnc(N2CCOCC2)c1C#Cc1cnc(OC)c(NS(C)(=O)=O)c1,1.0,9.0,1,417.4910000000001
CCc1ncnc(N2CCS(=O)(=O)CC2)c1C#Cc1ccc(N)nc1,380.0,6.42021640338319,1,357.4390000000001
CCc1ncnc(N2CC[S+]([O-])CC2)c1C#Cc1ccc(N)nc1,104.0,6.982966660701219,1,341.44000000000005
CCc1ncnc(N2CCc3c(ncnc3N3CCOCC3)C2)c1C#Cc1ccc(N)nc1,103.0,6.987162775294828,1,442.52700000000027
CCc1ncnc(N2CCc3cc(OC)c(OC)cc3C2)c1C#Cc1ccc(N)nc1,43.0,7.366531544420414,1,415.4970000000002
CCc1ncnc(N2CCc3ccccc3C2)c1C#Cc1ccc(N)nc1,56.0,7.251811972993799,1,355.4450000000001
CCc1ncnc(N2CCc3ncccc3C2)c1C#Cc1ccc(N)nc1,333.0,6.47755576649368,1,356.4330000000001
CCc1ncnc(N2CCc3ncncc3C2)c1C#Cc1ccc(N)nc1,50.0,7.301029995663981,1,357.4210000000001
CCc1ncnc(N2CCn3c(C)cnc3C2)c1C#Cc1ccc(N)nc1,72.0,7.142667503568732,1,359.43700000000007
CCc1ncnc(N2CCn3c(COC)nnc3C2)c1C#Cc1ccc(N)nc1,97.0,7.013228265733755,1,390.4510000000002
CCc1ncnc(NC)c1C#Cc1cnc(C)c(NS(C)(=O)=O)c1,49.0,7.309803919971486,1,345.42800000000005
CCc1nn(C(C)c2nn(-c3cccnc3)c3cc(Cl)ccc23)c2ncnc(N)c12,10000.0,5.0,0,418.89200000000017
CCc1nn(C(C)c2nn(-c3ccncc3)c3cc(Cl)ccc23)c2ncnc(N)c12,10000.0,5.0,0,418.89200000000017
CCc1nn2c(O)cc(-c3ccncc3)nc2c1Cc1cccc(Cl)c1Cl,158.49,6.799998134593398,1,399.28100000000006
CCc1nn2c(O)cc(C3CCOCC3)nc2c1Cc1cccc(Cl)c1Cl,1584.89,5.800000874803203,0,406.3130000000001
CCn1c(=O)c(-c2cc[nH]n2)cc2c(C)nc(N)nc21,39.0,7.4089353929735005,1,270.296
CCn1c(=O)c2cc(C(C)C)nn2c2ccc(C(=O)NCc3cccnc3)cc21,20000.0,4.698970004336019,0,389.4590000000001
CCn1c(=O)c2cc(C)nn2c2ccc(C(=O)NCc3cccnc3)cc21,11360.0,4.9446216686249995,0,361.4050000000001
CCn1c(=O)c2cccn2c2ccc(C(=O)NCc3cccnc3)cc21,20000.0,4.698970004336019,0,346.39
CCn1c(=O)c2ccnn2c2cc(N(C)C)c(C(=O)NCc3cccnc3)cc21,20000.0,4.698970004336019,0,390.44700000000006
CCn1c(=O)c2ccnn2c2cc(N)c(C(=O)NCc3cccnc3)cc21,870.0,6.060480747381382,1,362.3930000000001
CCn1c(=O)c2ccnn2c2cc(N)c(C(=O)NCc3cncnc3)cc21,240.0,6.619788758288394,1,363.3810000000001
CCn1c(=O)c2ccnn2c2cc(NC(C)=O)c(C(=O)NCc3cncnc3)cc21,20000.0,4.698970004336019,0,405.4180000000001
CCn1c(=O)c2ccnn2c2cc(NC)c(C(=O)NCc3cccnc3)cc21,20000.0,4.698970004336019,0,376.4200000000001
CCn1c(=O)c2ccnn2c2ccc(C(=O)N3CCN(C)CC3)cc21,20000.0,4.698970004336019,0,339.3990000000001
CCn1c(=O)c2ccnn2c2ccc(C(=O)N3CCN(c4ccccc4)CC3)cc21,20000.0,4.698970004336019,0,401.47000000000014
CCn1c(=O)c2ccnn2c2ccc(C(=O)NCCCN3CCOCC3)cc21,4180.0,5.3788237182249645,0,383.4520000000003
CCn1c(=O)c2ccnn2c2ccc(C(=O)NCCN3CCOCC3)cc21,10920.0,4.961777361631282,0,369.42500000000024
CCn1c(=O)c2ccnn2c2ccc(C(=O)NCCc3cccnc3)cc21,13910.0,4.856672870007953,0,361.4050000000001
CCn1c(=O)c2ccnn2c2ccc(C(=O)NCc3ccc(C)nc3)cc21,3620.0,5.441291429466834,0,361.4050000000001
CCn1c(=O)c2ccnn2c2ccc(C(=O)NCc3ccccn3)cc21,2860.0,5.543633966870957,0,347.37800000000004
CCn1c(=O)c2ccnn2c2ccc(C(=O)NCc3cccnc3)cc21,3520.0,5.453457336521869,0,347.37800000000004
CCn1c(=O)c2ccnn2c2ccc(C(=O)NCc3cccnc3C)cc21,4510.0,5.345823458122039,0,361.4050000000001
CCn1c(=O)c2ccnn2c2ccc(C(=O)NCc3ccncc3)cc21,2860.0,5.543633966870957,0,347.37800000000004
CCn1c(=O)c2ccnn2c2ccc(C(=O)NCc3cncc(C)c3)cc21,2650.0,5.576754126063192,0,361.4050000000001
CCn1c(=O)c2ccnn2c2ccc(C(=O)NCc3cnccc3C)cc21,3520.0,5.453457336521869,0,361.4050000000001
CCn1c(=O)c2ccnn2c2ccc(C(=O)NCc3cnccn3)cc21,4760.0,5.3223930472795065,0,348.36600000000004
CCn1c(=O)c2ccnn2c2ccc(C(=O)NCc3cncnc3)cc21,1590.0,5.798602875679548,0,348.36600000000004
CCn1c(=O)c2ccnn2c2ccc(C(=O)NCc3cnn(C)c3)cc21,5470.0,5.262012673666569,0,350.38200000000006
CCn1c(=O)c2cnc(C)n2c2ccc(C(=O)NCc3cccnc3)cc21,3630.0,5.440093374963888,0,361.4050000000001
CCn1c(=O)c2nccn2c2ccc(C(=O)NCc3cccnc3)cc21,20000.0,4.698970004336019,0,347.37800000000004
CCn1c(Cc2nc(N3CCOCC3)cc(=O)[nH]2)nc2ccccc21,1000.0,6.0,1,339.399
CCn1cc(-c2c(N)nn3ccc(-c4cnc(OC)c(OC)c4)nc23)cn1,3.71,8.430626090384955,1,365.3970000000001
CCn1cc(-c2cc3c(cc2OC)ncc2c3n(-c3c(C)cncc3F)c(=O)n2C)cn1,30000.0,4.522878745280337,0,432.4590000000001
CCn1cc(-c2cc3c(cc2OC)ncc2c3n(-c3c(F)cncc3F)c(=O)n2C)cn1,30000.0,4.522878745280337,0,436.4220000000001
CCn1cc(-c2cc3c(cc2OC)ncc2c3n(-c3c(F)cncc3OC)c(=O)n2C)cn1,5000.0,5.301029995663981,0,448.45800000000014
CCn1cc(-c2cc3c(cc2OC)ncc2c3n(-c3ccncc3)c(=O)n2C)cn1,30000.0,4.522878745280337,0,400.44200000000006
CCn1cc(-c2cc3c(cc2OC)ncc2c3n(-c3ccncc3C)c(=O)n2C)cn1,30000.0,4.522878745280337,0,414.4690000000001
CCn1cc(-c2cc3c(cc2OC)ncc2c3n(-c3ccncc3F)c(=O)n2C)cn1,30000.0,4.522878745280337,0,418.4320000000001
CCn1cc(-c2cc3c(cc2OC)ncc2c3n(-c3cn(C)nc3C)c(=O)n2C)cn1,20000.0,4.698970004336019,0,417.4730000000001
CCn1cc(-c2cc3c(cc2OC)ncc2c3n(-c3ncccc3F)c(=O)n2C)cn1,30000.0,4.522878745280337,0,418.4320000000001
CCn1cc(-c2ccc3nc(N)sc3c2)cn1,12589.25,4.900000142057633,0,244.32299999999998
CCn1cc(-c2nn3c(-c4cnc(N)c(C(F)(F)F)c4)cnc3s2)cn1,95.0,7.022276394711152,1,379.37100000000004
CCn1cc(/C=C2\Oc3cccc(O)c3C2=O)c2c(-c3ccc(C(=O)N4CCN(CCO)CC4)cc3)ccnc21,455.0,6.341988603342887,1,538.6040000000003
CCn1cc(CNC(=O)c2cc3c(C)nc(NC)nc3n(C3CCCC3)c2=O)cn1,1200.0,5.920818753952375,0,409.49400000000026
CCn1ccc(-c2ccc3nc(N)sc3c2)cc1=O,6309.57,5.200000237109354,0,271.34499999999997
CCn1ccc2c(N3CCOCC3)nc(-c3ccc(NC(=O)Nc4ccc(C(=O)N5CCN(C)CC5)cc4)cc3)nc21,2.7,8.568636235841012,1,568.6820000000002
CCn1ccc2c(N3CCOCC3)nc(-c3ccc(NC(=O)Nc4ccc(C(=O)N5CCNCC5)cc4)cc3)nc21,0.8,9.096910013008056,1,554.6550000000002
CCn1ccc2c(N3CCOCC3)nc(-c3ccc(NC(=O)Nc4ccc(C(=O)NCCN(C)C)cc4)cc3)nc21,1.8,8.744727494896694,1,556.6710000000002
CCn1cnc2ccc(-c3ccc4oc(N)nc4c3)cc2c1=O,100.0,7.0,1,306.32500000000005
CCn1nc(-c2ccc(OC)c(O)c2)c2c(N)ncnc21,276.0,6.559090917934782,1,285.30699999999996
CCn1nc(C#Cc2cc(C(=O)Nc3ccc(CN4CCN(C)CC4)c(C(F)(F)F)c3)ccc2C)c2c(N)ncnc21,10000.0,5.0,0,576.6270000000001
CCn1nc(C2CCN(C(=O)CC(=O)O)CC2)nc1-c1cnc(N)c(-c2nnc(C(C)(C)C)o2)n1,10.0,8.0,1,483.53300000000024
CCn1nc(C2CCN(C(=O)CCO)CC2)nc1-c1cnc(N)c(-c2nnc(C(C)(C)C)o2)n1,7.0,8.154901959985743,1,469.55000000000024
CCn1ncc2c(N3CC4CCC(C3)O4)nc(-c3ccc(NC(=O)NC)cc3)nc21,270.0,6.568636235841013,1,407.47800000000007
CCn1ncc2c(N3CC4CCC(C3)O4)nc(-c3ccc(NC(=O)NCCN(C)C)cc3)nc21,836.0,6.077793722560983,1,464.5740000000002
CCn1ncc2c(N3CC4CCC(C3)O4)nc(-c3ccc(NC(=O)Nc4ccc(C(=O)NN(C)C)cc4)cc3)nc21,109.0,6.962573502059376,1,555.6430000000001
CCn1ncc2c(N3CC4CCC(C3)O4)nc(-c3ccc(NC(=O)Nc4ccc(C(=O)NN5CCCC5)cc4)cc3)nc21,102.0,6.991399828238082,1,581.6810000000003
CCn1ncc2c(N3CC4CCC(C3)O4)nc(-c3ccc(NC(=O)Nc4ccc(CCO)cc4)cc3)nc21,68.0,7.167491087293763,1,513.6020000000002
CCn1ncc2c(N3CC4CCC(C3)O4)nc(-c3ccc(NC(=O)Nc4ccc(CN(C)C)cc4)cc3)nc21,263.0,6.580044251510242,1,526.6450000000001
CCn1ncc2c(N3CC4CCC(C3)O4)nc(-c3ccc(NC(=O)Nc4ccc(CN)cc4)cc3)nc21,21.0,7.6777807052660805,1,498.5910000000002
CCn1ncc2c(N3CC4CCC(C3)O4)nc(-c3ccc(NC(=O)Nc4ccc(CN5CCN(C)CC5)cc4)cc3)nc21,320.0,6.494850021680094,1,581.7250000000003
CCn1ncc2c(N3CC4CCC(C3)O4)nc(-c3ccc(NC(=O)Nc4ccc(CO)cc4)cc3)nc21,40.0,7.3979400086720375,1,499.57500000000016
CCn1ncc2c(N3CC4CCC(C3)O4)nc(-c3ccc(NC(=O)Nc4ccc(N(C)C)nc4)cc3)nc21,282.0,6.549750891680639,1,513.6060000000001
CCn1ncc2c(N3CC4CCC(C3)O4)nc(-c3ccc(NC(=O)Nc4ccc(N(C)CCN(C)C)cc4)cc3)nc21,256.0,6.59176003468815,1,569.7140000000002
CCn1ncc2c(N3CC4CCC(C3)O4)nc(-c3ccc(NC(=O)Nc4ccc(N5CCCC5)cc4)cc3)nc21,1436.0,5.842845560093719,0,538.6560000000002
CCn1ncc2c(N3CC4CCC(C3)O4)nc(-c3ccc(NC(=O)Nc4ccc(N5CCN(C)CC5)cc4)cc3)nc21,51.0,7.292429823902063,1,567.6980000000002
CCn1ncc2c(N3CC4CCC(C3)O4)nc(-c3ccc(NC(=O)Nc4ccc(N5CCN(C)CC5)nc4)cc3)nc21,196.0,6.707743928643524,1,568.6860000000003
CCn1ncc2c(N3CC4CCC(C3)O4)nc(-c3ccc(NC(=O)Nc4ccc(N5CCOCC5)cc4)cc3)nc21,175.0,6.756961951313706,1,554.6550000000002
CCn1ncc2c(N3CC4CCC(C3)O4)nc(-c3ccc(NC(=O)Nc4ccc(N5CCOCC5)nc4)cc3)nc21,2154.0,5.666754301038037,0,555.6430000000003
CCn1ncc2c(N3CC4CCC(C3)O4)nc(-c3ccc(NC(=O)Nc4ccc(NC)nc4)cc3)nc21,270.0,6.568636235841013,1,499.5790000000001
CCn1ncc2c(N3CC4CCC(C3)O4)nc(-c3ccc(NC(=O)Nc4ccc(NCCN(C)C)cc4)cc3)nc21,207.0,6.684029654543083,1,555.6870000000001
CCn1ncc2c(N3CC4CCC(C3)O4)nc(-c3ccc(NC(=O)Nc4ccc(OCCN(C)C)cc4)cc3)nc21,136.0,6.866461091629782,1,556.6710000000002
CCn1ncc2c(N3CC4CCC(C3)O4)nc(-c3ccc(NC(=O)Nc4ccc(OCCN5CCOCC5)nc4)cc3)nc21,373.0,6.428291168191312,1,599.6960000000001
CCn1ncc2c(N3CC4CCC(C3)O4)nc(-c3ccc(NC(=O)Nc4ccccc4)cc3)nc21,66.0,7.180456064458132,1,469.5490000000001
CCn1ncc2c(N3CC4CCC(C3)O4)nc(-c3ccc(NC(=O)Nc4cccnc4)cc3)nc21,148.0,6.8297382846050425,1,470.5370000000001
CCn1nccc1NC(=O)c1cc2c(C)nc(N)nc2n(C(C)C)c1=O,3.9,8.4089353929735,1,355.4020000000001
CCn1nccc1NC(=O)c1cc2c(C)nc(N)nc2n([C@H]2CC[C@H](O)CC2)c1=O,1.3,8.886056647693163,1,411.46600000000024
CCn1nnc(CCNC(=O)Nc2nc(C)c(-c3ccc(S(C)(=O)=O)c(F)c3)s2)n1,6515.0,5.1860855799513965,0,453.52500000000015
CCn1nnc2c(N3CCOCC3)nc(-c3ccc(NC(=O)Nc4ccc(C(=O)N(C)C)cc4)cc3)nc21,1.4,8.853871964321762,1,515.5780000000002
CCn1nnc2c(N3CCOCC3)nc(-c3ccc(NC(=O)Nc4ccc(C(=O)N5CCN(C)CC5)cc4)cc3)nc21,1.56,8.806875401645538,1,570.6580000000002
CCn1nnc2c(N3CCOCC3)nc(-c3ccc(NC(=O)Nc4ccc(C(=O)NCCCN(C)C)cc4)cc3)nc21,2.4,8.619788758288394,1,572.6740000000002
CCn1nnc2c(N3CCOCC3)nc(-c3ccc(NC(=O)Nc4ccc(C(=O)NCCN(C)C)cc4)cc3)nc21,1.0,9.0,1,558.6470000000002
CCn1nnc2c(N3CCOCC3)nc(-c3ccc(NC(=O)Nc4ccc(C(=O)NCCN5CCN(C)CC5)cc4)cc3)nc21,3.2,8.494850021680094,1,613.7270000000001
CCn1nnc2c(N3CCOCC3)nc(-c3ccc(NC(=O)Nc4ccc(C(=O)NCCc5ccccn5)cc4)cc3)nc21,6.8,8.167491087293763,1,592.6640000000001
CCn1nnc2c(N3CCOCC3)nc(-c3ccc(NC(=O)Nc4ccc(C(=O)OC)cc4)cc3)nc21,23.3,7.632644078973981,1,502.5350000000002
CCn1nnc2c(N3CCOCC3)nc(-c3ccc(NC(=O)Nc4ccc(C(N)=O)cc4)cc3)nc21,2.4,8.619788758288394,1,487.52400000000017
CCn1nnc2c(N3CCOCC3)nc(-c3ccc(NC(=O)Nc4cccnc4)cc3)nc21,9.5,8.022276394711152,1,445.4870000000001
CCn1nnc2c(N3CCOCC3)nc(-c3ccc(NC(=O)Nc4cccs4)cc3)nc21,2.5,8.602059991327963,1,450.5280000000001
CCn1nnc2c(N3CCOCC3)nc(-c3ccc(NC(=O)Nc4ccnc(C)c4)cc3)nc21,8.0,8.096910013008056,1,459.5140000000001
CCn1nnc2c(N3CCOCC3)nc(-c3ccc(NC(=O)Nc4ccncc4)cc3)nc21,5.0,8.301029995663981,1,445.4870000000001
CN(/N=C/c1cnn2ccc(C#N)cc12)C(=O)c1cccc([N+](=O)[O-])c1,11.0,7.958607314841775,1,348.32200000000006
CN(/N=C/c1cnn2ccc(C#N)cc12)S(=O)(=O)c1cc([N+](=O)[O-])ccc1Cl,0.5,9.301029995663981,1,418.8220000000001
CN(/N=C/c1cnn2ccc(C#N)cc12)S(=O)(=O)c1cc([N+](=O)[O-])ccc1F,4.7,8.327902142064282,1,402.36700000000013
CN(/N=C/c1cnn2ccc(C#N)cc12)S(=O)(=O)c1cccc([N+](=O)[O-])c1,36.0,7.443697499232712,1,384.3770000000001
CN(/N=C/c1cnn2ccc(Cl)nc12)S(=O)(=O)c1cc([N+](=O)[O-])ccc1Cl,29.0,7.5376020021010435,1,429.24500000000023
CN(/N=C/c1cnn2ccc(Cl)nc12)S(=O)(=O)c1ccc(F)c(F)c1,7840.0,5.105683937315561,0,385.78300000000013
CN(/N=C/c1cnn2ccc(Cl)nc12)S(=O)(=O)c1ccc(F)cc1,10000.0,5.0,0,367.7930000000001
CN(/N=C/c1cnn2ccc(Cl)nc12)S(=O)(=O)c1ccc([N+](=O)[O-])cc1,5373.0,5.269783159431306,0,394.8000000000002
CN(/N=C/c1cnn2ccc(Cl)nc12)S(=O)(=O)c1ccc[n+]([O-])c1,10000.0,5.0,0,366.79000000000013
CN(/N=C/c1cnn2ccc(Cl)nc12)S(=O)(=O)c1cccc(C#N)c1,10000.0,5.0,0,374.81300000000016
CN(/N=C/c1cnn2ccc(Cl)nc12)S(=O)(=O)c1cccc(F)c1,4544.0,5.342561677297038,0,367.7930000000001
CN(/N=C/c1cnn2ccc(Cl)nc12)S(=O)(=O)c1cccc(OC(F)(F)F)c1,10000.0,5.0,0,433.79900000000015
CN(/N=C/c1cnn2ccc(Cl)nc12)S(=O)(=O)c1cccc([N+](=O)[O-])c1,4350.0,5.361510743045363,0,394.8000000000002
CN(/N=C/c1cnn2ccc(Cl)nc12)S(=O)(=O)c1ccccc1,10000.0,5.0,0,349.8030000000001
CN(/N=C/c1cnn2ccc(Cl)nc12)S(=O)(=O)c1cccnc1,10000.0,5.0,0,350.7910000000001
CN(C(=O)C1CCN(c2ccnc3c2c(/C=C2\Oc4ccc(NC(=O)Nc5cccnc5)cc4C2=O)cn3C)CC1)c1cccnc1,4960.0,5.304518323509803,0,628.693
CN(C(=O)c1cc2c(s1)-c1ccc(C(N)=O)cc1OCC2)c1ccccc1Cl,50.75,7.294563953414749,1,412.89800000000014
CN(C(=O)c1cc2c(s1)-c1ccccc1OC2)c1ccc(F)cc1,1000.0,6.0,1,339.391
CN(C(=O)c1cc2c(s1)-c1ccccc1OC2)c1cccc(F)c1,1000.0,6.0,1,339.391
CN(C(=O)c1cc2c(s1)-c1ccccc1OC2)c1ccccc1Cl,108.0,6.966576244513051,1,355.846
CN(C(=O)c1cc2c(s1)-c1ccccc1OC2)c1ccccn1,10000.0,5.0,0,322.389
CN(C(=O)c1cc2c(s1)-c1ccccc1OCC2)C1CCCCC1,885.0,6.053056729302175,1,341.4760000000002
CN(C(=O)c1cc2c(s1)-c1ccccc1OCC2)c1ccc(F)cc1F,526.0,6.279014255846261,1,371.4080000000001
CN(C(=O)c1cc2c(s1)-c1ccccc1OCC2)c1ccccc1Cl,346.6666666666667,6.460087915420882,1,369.87300000000005
CN(C(=O)c1cc2c(s1)-c1ccccc1OCCC2)c1ccccc1Cl,10000.0,5.0,0,383.9000000000001
CN(C(=O)c1cc2c(s1)-c1ncccc1OCC2)c1ccccc1Cl,503.5,6.298000525110363,1,370.8610000000001
CN(C(=O)c1cnc2ccc(-c3ccc4oc(N)nc4c3)cn12)C1CCOCC1,100.0,7.0,1,391.4310000000002
CN(C)C(=O)/C=C/c1cnc2oc3c(N4CCOCC4)nc(-c4cccc5[nH]ccc45)nc3c2c1,223.0,6.651695136951839,1,468.51700000000017
CN(C)C(=O)C1CCC(Oc2nc(-c3cccc4[nH]ncc34)nc(N3CCOCC3)n2)CC1,60.0,7.221848749616356,1,451.5310000000003
CN(C)C(=O)C1CCN(c2ccnc3c2c(/C=C2\Oc4ccc(NC(=O)Nc5cccnc5)cc4C2=O)cn3C)CC1,2030.0,5.692503962086787,0,565.634
CN(C)C(=O)C1CCN(c2ccnc3c2c(/C=C2\Oc4cccc(O)c4C2=O)cn3C)CC1,30.0,7.522878745280337,1,446.5070000000003
CN(C)C(=O)CCNc1nc(-c2cccc3[nH]ncc23)nc(N2CCOCC2)n1,600.0,6.221848749616356,1,396.45500000000027
CN(C)C(=O)CNC(=O)Nc1nc2ccc(-c3cncc(S(=O)(=O)NC(C)(C)C)c3)cn2n1,12589.25,4.900000142057633,0,474.5470000000002
CN(C)C(=O)CNc1nc(-c2cccc(C(N)=O)c2)nc(N2CCOCC2)n1,20000.0,4.698970004336019,0,385.4280000000002
CN(C)C(=O)CNc1nc(-c2cccc(O)c2)nc(N2CCOCC2)n1,540.0,6.267606240177032,1,358.4020000000002
CN(C)C(=O)CNc1nc(-c2cccc3[nH]ncc23)nc(N2CCOCC2)n1,1100.0,5.958607314841775,0,382.4280000000003
CN(C)C(=O)CNc1nc(-c2cccc3c2CCC3O)nc(N2CCOCC2)n1,20000.0,4.698970004336019,0,398.4670000000002
CN(C)C(=O)CNc1nc(-c2cncc(O)c2)nc(N2CCOCC2)n1,1600.0,5.795880017344075,0,359.3900000000002
CN(C)C(=O)N1CC(S(=O)(=O)c2cc(-c3cnc(N)nc3)cc(N3CCOCC3)c2)C1,120.0,6.920818753952375,1,446.5330000000003
CN(C)C(=O)N1CCC(Oc2nc(-c3cccc4[nH]ncc34)nc(N3CCOCC3)n2)CC1,60.0,7.221848749616356,1,452.51900000000035
CN(C)C(=O)NCc1ccc2c(N3CCOCC3)nc(-c3cnc(N)nc3)nn12,320.0,6.494850021680094,1,397.44300000000004
CN(C)C(=O)Nc1ccc(-c2nc(N3CCOCC3)c3cnn(C4CCN(Cc5ccccc5)CC4)c3n2)cc1,589.0,6.229884705212898,1,540.6720000000003
CN(C)C(=O)[C@H]1CC[C@H](Oc2nc(-c3cccc4[nH]ncc34)nc(N3CCOCC3)n2)CC1,60.0,7.221848749616356,1,451.5310000000003
CN(C)C(=O)c1cc(CN(C)c2cc(F)cc(F)c2)c2oc(N3CCOCC3)cc(=O)c2c1,227.5,6.643018599006869,1,457.4770000000003
CN(C)C(=O)c1cc(CN2CCOc3c(F)cc(F)cc32)c2oc(N3CCOCC3)cc(=O)c2c1,13.0,7.886056647693163,1,485.4870000000003
CN(C)C(=O)c1cc(CN2CCOc3c(F)cccc32)c2oc(N3CCOCC3)cc(=O)c2c1,13.0,7.886056647693163,1,467.4970000000003
CN(C)C(=O)c1cc(CN2CCOc3ccc(F)cc32)c2oc(N3CCOCC3)cc(=O)c2c1,18.5,7.732828271596986,1,467.4970000000003
CN(C)C(=O)c1cc(CNc2cc(F)cc(F)c2)c2oc(N3CCOCC3)cc(=O)c2c1,1646.5,5.783438264952073,0,443.45000000000033
CN(C)C(=O)c1cc(Oc2nc(-c3cccc4[nH]ncc34)nc(N3CCOCC3)n2)cs1,100.0,7.0,1,451.5120000000003
CN(C)C(=O)c1cc([C@H]2CCCN2c2ccc(F)cc2)c2oc(N3CCOCC3)cc(=O)c2c1,24.0,7.619788758288394,1,465.52500000000026
CN(C)C(=O)c1cc2cnc(Nc3ccc(-c4csc5c(=O)cc(N6CCOCC6)oc45)cc3)nc2n1C1CCCC1,89.0,7.050609993355087,1,584.7020000000001
CN(C)C(=O)c1ccc(-c2ccc3nc(N)sc3c2)cn1,39810.72,4.399999967876858,0,298.371
CN(C)C(=O)c1ccc(-c2ccnc3c2c(/C=C2\Oc4cccc(O)c4C2=O)cn3C)cc1,36.0,7.443697499232712,1,439.4710000000001
CN(C)C(=O)c1ccc(NC(=O)Nc2ccc(-c3nc(N4CCOCC4)c4cc(CN5CCN(S(C)(=O)=O)CC5)cn4n3)cc2)cc1,67.5,7.170696227168975,1,661.7890000000002
CN(C)C(=O)c1ccc(Oc2nc(-c3cccc4[nH]ncc34)nc(N3CCOCC3)n2)cc1,60.0,7.221848749616356,1,445.48300000000023
CN(C)C(=O)c1ccc2c(N3CCOCC3)nc(-c3cnc(N)nc3)nn12,110.0,6.958607314841775,1,368.401
CN(C)C(=O)c1cccc(-c2ccnc3c2c(/C=C2\Oc4cccc(O)c4C2=O)cn3C)c1,369.0,6.432973633840939,1,439.4710000000002
CN(C)C(=O)c1cccc(Nc2nc(-c3cccc4[nH]ncc34)nc(N3CCOCC3)n2)c1,60.0,7.221848749616356,1,444.49900000000025
CN(C)C(=O)c1ccccc1-c1ccnc2c1c(/C=C1\Oc3cccc(O)c3C1=O)cn2C,5895.0,5.229516190568892,0,439.4710000000002
CN(C)C(=O)c1sccc1Nc1nc(-c2cccc3[nH]ncc23)nc(N2CCOCC2)n1,200.0,6.698970004336019,1,450.5280000000003
CN(C)C1CCN(C(=O)C2CCN(c3ccnc4c3c(/C=C3\Oc5ccc(NC(=O)Nc6cccnc6)cc5C3=O)cn4C)CC2)C1,10000.0,5.0,0,634.7409999999999
CN(C)C1CCN(C(=O)c2ccc(NC(=O)Nc3ccc(-c4cc(N5CCOCC5)nc(N5CCOCC5)n4)cc3)cc2)CC1,31.8,7.497572880015567,1,614.7510000000003
CN(C)C1CCN(C(=O)c2ccc(NC(=O)Nc3ccc(-c4nc(C5CCOCC5)nc(N5C6CCC5COC6)n4)cc3)cc2)CC1,77.0,7.113509274827518,1,640.7890000000002
CN(C)C1CCN(C(=O)c2ccc(NC(=O)Nc3ccc(-c4nc(N5CCOCC5)c5cc(CN6CCN(S(C)(=O)=O)CC6)cn5n4)cc3)cc2)CC1,39.6,7.402304814074488,1,744.9230000000001
CN(C)C1CCN(C(=O)c2ccc(NC(=O)Nc3ccc(-c4nc(N5CCOCC5)c5ccn(CC(F)(F)F)c5n4)cc3)cc2)CC1,6.0,8.221848749616356,1,650.7060000000002
CN(C)C1CCN(C(=O)c2ccc(NC(=O)Nc3ccc(-c4nc(N5CCOCC5)nc(N5CCOCC5)n4)cc3)cc2)CC1,1.9672727272727273,8.706135428723693,1,615.7390000000003
CN(C)C1CCN(C(=O)c2ccc(NC(=O)Nc3ccc(-c4nc(N5CCOCC5)nc(N5C[C@@H]6OCCO[C@H]6C5)n4)cc3)cc2)CC1,10.2,7.991399828238082,1,657.7760000000002
CN(C)C1CCN(C(=O)c2ccc(NC(=O)Nc3ccc(-c4nc(O[C@H]5CCOC5)nc(N5CCOCC5)n4)cc3)cc2)CC1,1.0,9.0,1,616.7230000000003
CN(C)C1CCN(C(=O)c2ccc3nc(Nc4ccc(-c5nc(N6CCOCC6)nc(N6CCOCC6)n5)cc4)[nH]c3c2)CC1,86900.0,4.060980223551334,0,612.7390000000004
CN(C)C1CCN(C(=O)c2cccc(NC(=O)Nc3ccc(-c4nc(N5CCOCC5)nc(N5CCOCC5)n4)cc3)c2)CC1,6000.0,5.221848749616356,0,615.7390000000001
CN(C)C1CCN(C(=O)c2cnc(Nc3ccc(-c4nc(N5CCOCC5)nc(N5CCOCC5)n4)cc3)nc2)CC1,1000.0,6.0,1,574.6900000000003
CN(C)C1CCN(C(=O)c2cnc3ccc(-c4ccc5oc(N)nc5c4)cn23)C1,10.8,7.966576244513051,1,390.4470000000002
CN(C)C1CCN(C(=O)c2cnc3ccc(-c4ccc5oc(N)nc5c4)cn23)CC1,514.1,6.288952396132966,1,404.4740000000002
CN(C)C1CCN(c2ccc(NC(=O)Nc3ccc(-c4nc(C5CCOCC5)nc(N5C6CCC5COC6)n4)cc3)cc2)CC1,382.0,6.4179366370882915,1,612.7790000000003
CN(C)C1CCN(c2cnc3ccc(-c4ccc5oc(N)nc5c4)cc3n2)CC1,100.0,7.0,1,388.4750000000002
CN(C)C1CN(c2cnc3ccc(-c4ccc5oc(N)nc5c4)cc3n2)C1,100.0,7.0,1,360.4210000000001
CN(C)CC#Cc1n[nH]c2ccccc12,50000.0,4.301029995663981,0,199.257
CN(C)CC(=O)N1CCC(Nc2ncnc3ccc(-c4ccc5oc(N)nc5c4)cc23)CC1,100.0,7.0,1,445.5270000000003
CN(C)CC(=O)N1CCC(c2cc(-c3cnc(N)c(-n4nnc5ccccc54)n3)n(C)n2)CC1,48.5,7.314258261397736,1,460.5460000000002
CN(C)CC(=O)N1CCC(c2cn(C)c(-c3cnc(N)c(-n4nnc5ccccc54)n3)n2)CC1,377.0,6.423658649794207,1,460.5460000000002
CN(C)CC(=O)N1CCC(c2nc(-c3cnc(N)c(-n4nnc5ccccc54)n3)n(C)n2)CC1,149.5,6.825358807339551,1,461.5340000000002
CN(C)CC(=O)N1CCC(c2nc(-c3cnc(N)c(-n4nnc5ccccc54)n3)nn2C)CC1,2090.0,5.679853713888946,0,461.5340000000002
CN(C)CC(=O)N1CCC(n2cc(-c3cnc(N)c(-n4nnc5ccccc54)n3)cn2)CC1,30.0,7.522878745280337,1,446.5190000000002
CN(C)CC(=O)N1CCC(n2ccc(-c3cnc(N)c(-n4nnc5ccccc54)n3)n2)CC1,138.5,6.858550226599533,1,446.51900000000023
CN(C)CC(=O)N1CCC(n2ncc(-c3cnc(N)c(-n4nnc5ccccc54)n3)n2)CC1,80.5,7.094204119632131,1,447.50700000000023
CN(C)CC(=O)N1CCN(Cc2cn3cc(-c4cnc(N)nc4)nc(N4CCOCC4)c3n2)CC1,480.0,6.318758762624412,1,480.5770000000004
CN(C)CC(=O)N1CCN(c2cnc3ccc(-c4ccc5oc(N)nc5c4)cc3n2)CC1,100.0,7.0,1,431.5000000000002
CN(C)CC(=O)N1CCN(c2nc(N3CCOCC3)nc(-n3c(C(F)F)nc4ccccc43)n2)CC1,1600.0,5.795880017344075,0,501.5420000000002
CN(C)CCC(=O)N1CCN(c2ccc(Nc3ccnc4ccc(-c5cnc6ccccc6c5)cc34)cc2C(F)(F)F)CC1,300.0,6.522878745280337,1,598.6730000000002
CN(C)CCCN(C)c1ccc([N+](=O)[O-])cc1S(=O)(=O)N(C)/N=C/c1cnn2ccc(C#N)cc12,72.0,7.142667503568732,1,498.56900000000024
CN(C)CCCN(Cc1cccc2ccccc12)c1cc(N2CCOCC2)nc(=O)[nH]1,83300.0,4.079354998593212,0,421.5450000000003
CN(C)CCCNC(=O)c1cc(Nc2ccccc2)cc(-c2ccnc(NC(=O)C3CC3)c2)c1,86000.0,4.0655015487564325,0,457.57800000000026
CN(C)CCCNC(=O)c1cn2cc(-c3cccc4[nH]ncc34)nc(N3CCOCC3)c2n1,232.0,6.634512015109101,1,448.5310000000003
CN(C)CCCNC(=O)c1cn2cc(-c3cnc(N)nc3)nc(N3CCOCC3)c2n1,4.6499999999999995,8.332547047110046,1,425.4970000000003
CN(C)CCCOc1ccc(-c2cc3c(cc2F)ncc2c3n(C3(C)CCOCC3)c(=O)n2C)cn1,22400.0,4.649751981665837,0,493.58300000000037
CN(C)CCCOc1ccc(-c2cc3c(cc2F)ncc2c3n(C3CCOCC3)c(=O)n2C)cn1,18100.0,4.7423214251308154,0,479.5560000000003
CN(C)CCCOc1ccc(-c2cc3c(cc2F)ncc2c3n(C3COC3)c(=O)n2C)cn1,29100.0,4.536107011014093,0,451.50200000000024
CN(C)CCCOc1ccc(-c2cc3c(cc2F)ncc2c3n([C@@H]3CCCOC3)c(=O)n2C)cn1,10000.0,5.0,0,479.5560000000003
CN(C)CCCOc1ccc(-c2cc3c(cc2F)ncc2c3n([C@H]3CCCOC3)c(=O)n2C)c(F)n1,9400.0,5.026872146400302,0,497.54600000000033
CN(C)CCCOc1ccc(-c2cc3c(cc2F)ncc2c3n([C@H]3CCCOC3)c(=O)n2C)cn1,20200.0,4.694648630553377,0,479.5560000000003
CN(C)CCCOc1ccc(-c2ccc3ncc4[nH]c(=O)n(C5CCOCC5)c4c3c2)cn1,1520.0,5.818156412055227,0,447.5390000000003
CN(C)CCCOc1ccc(-c2ccc3ncc4c(c3c2)n(C2(C)CCOCC2)c(=O)n4C)cn1,541.0,6.266802734893431,1,475.59300000000036
CN(C)CCCOc1ccc(-c2ccc3ncc4c(c3c2)n(C2CCC2)c(=O)n4C)c(F)n1,3200.0,5.494850021680094,0,449.53000000000026
CN(C)CCCOc1ccc(-c2ccc3ncc4c(c3c2)n(C2CCC2)c(=O)n4C)cn1,794.0,6.100179497572904,1,431.54000000000025
CN(C)CCCOc1ccc(-c2ccc3ncc4c(c3c2)n(C2CCOCC2)c(=O)n4C)c(F)n1,680.0,6.167491087293763,1,479.5560000000003
CN(C)CCCOc1ccc(-c2ccc3ncc4c(c3c2)n(C2CCOCC2)c(=O)n4C)cn1,940.24,6.02676127685575,1,461.5660000000003
CN(C)CCCOc1ccc(-c2ccc3ncc4c(c3c2)n(C2COC2)c(=O)n4C)c(F)n1,7200.0,5.142667503568732,0,451.50200000000024
CN(C)CCCOc1ccc(-c2ccc3ncc4c(c3c2)n(C2COC2)c(=O)n4C)cn1,6840.0,5.164943898279883,0,433.5120000000002
CN(C)CCCOc1ccc(-c2ccc3ncc4c(c3c2)n([C@@H]2CCCOC2)c(=O)n4C)c(F)n1,849.0,6.071092309756048,1,479.5560000000003
CN(C)CCCOc1ccc(-c2ccc3ncc4c(c3c2)n([C@@H]2CCCOC2)c(=O)n4C)cn1,311.0,6.507239610973162,1,461.5660000000003
CN(C)CCCOc1ccc(-c2ccc3ncc4c(c3c2)n([C@@H]2CCOC2)c(=O)n4C)c(F)n1,1100.0,5.958607314841775,0,465.5290000000003
CN(C)CCCOc1ccc(-c2ccc3ncc4c(c3c2)n([C@@H]2CCOC2)c(=O)n4C)cn1,560.0,6.251811972993799,1,447.53900000000027
CN(C)CCCOc1ccc(-c2ccc3ncc4c(c3c2)n([C@H]2CCCOC2)c(=O)n4C)c(F)n1,1030.0,5.987162775294828,0,479.5560000000003
CN(C)CCCOc1ccc(-c2ccc3ncc4c(c3c2)n([C@H]2CCCOC2)c(=O)n4C)cn1,968.0,6.014124642691606,1,461.5660000000003
CN(C)CCCOc1ccc(-c2ccc3ncc4c(c3c2)n([C@H]2CCOC2)c(=O)n4C)c(F)n1,2030.0,5.692503962086787,0,465.5290000000003
CN(C)CCCOc1ccc(-c2ccc3ncc4c(c3c2)n([C@H]2CCOC2)c(=O)n4C)cn1,260.0,6.585026652029182,1,447.53900000000027
CN(C)CCCOc1ccc(-c2ccc3ncc4c(c3c2)n([C@H]2C[C@@H](O)C2)c(=O)n4C)cn1,1080.0,5.966576244513051,0,447.5390000000002
CN(C)CCCOc1ccc(CN2CCC(n3cnc4c(N5CCOCC5)nc(-c5cccc(CO)c5)nc43)CC2)cc1,158.0,6.801342913045577,1,585.7530000000002
CN(C)CCCOc1cccc2c1nc(C(F)F)n2-c1nc(N2CCOCC2)nc(N2CCOCC2)n1,55.0,7.259637310505756,1,518.5690000000004
CN(C)CCN(C)C(=O)c1ccc(NC(=O)Nc2ccc(-c3nc(N4CCOCC4)c4ccn(CC(F)(F)F)c4n3)cc2)cc1,0.9,9.045757490560675,1,624.6680000000003
CN(C)CCN(C)C(=O)c1ccc(NC(=O)Nc2ccc(-c3nc(N4CCOCC4)nc(N4CCOCC4)n3)cc2)cc1,0.4,9.397940008672037,1,589.7010000000004
CN(C)CCN(C)C(=O)c1ccc(NC(=O)Nc2ccc(-c3nc(O[C@H]4CCOC4)nc(N4CCOCC4)n3)cc2)cc1,0.2,9.698970004336019,1,590.6850000000004
CN(C)CCN(C)c1cc(C(=O)O)nc2c(-c3cc(F)ccc3O)nc(N3CCOCC3)nc12,564.0,6.248720896016658,1,470.5050000000003
CN(C)CCN(C)c1cc(C(=O)O)nc2c(-c3cccc4[nH]ccc34)nc(N3CCOCC3)nc12,137.0,6.863279432843593,1,475.5530000000003
CN(C)CCN(C)c1cc(C(=O)O)nc2c(-c3ccccc3O)nc(N3CCOCC3)nc12,459.0,6.338187314462739,1,452.51500000000027
CN(C)CCN(C)c1ccc(C#N)cc1S(=O)(=O)c1nc(-c2cnn3ccc(Br)cc23)cs1,370.0,6.431798275933005,1,545.4880000000002
CN(C)CCN(C)c1ccc(C#N)cc1[S+]([O-])c1nc(-c2cnn3ccc(Br)cc23)cs1,4030.0,5.394694953858891,0,529.4890000000001
CN(C)CCN(C)c1ccc(S(=O)(=O)c2nc(-c3cnn4ccc(Br)cc34)cs2)cc1C#N,2470.0,5.607303046740334,0,545.488
CN(C)CCN(Cc1cccc2ccccc12)c1cc(N2CCOCC2)nc(=O)[nH]1,83300.0,4.079354998593212,0,407.51800000000026
CN(C)CCN1Cc2cc(NC(=O)Nc3ccc(-c4nc(N5CCOCC5)nc(N5CCOCC5)n4)cc3)ccc2C1=O,246.0,6.609064892896621,1,587.6850000000005
CN(C)CCNC(=O)Nc1ccc(-c2nc(N3CCOCC3)c3cnn(C4CCN(Cc5ccccc5)CC4)c3n2)cc1,29.0,7.5376020021010435,1,583.7410000000002
CN(C)CCNC(=O)Nc1ccc2c(c1)C(=O)/C(=C/c1cn(C)c3nccc(N4CC5CCC(C4)O5)c13)O2,24.0,7.619788758288394,1,516.6020000000003
CN(C)CCNC(=O)Nc1nc2ccc(-c3cncc(S(=O)(=O)NC(C)(C)C)c3)cn2n1,5011.87,5.300000202445418,0,460.5640000000002
CN(C)CCNC(=O)c1cc(Nc2ccccc2)cc(-c2ccnc(NC(=O)C3CC3)c2)c1,54000.0,4.267606240177032,0,443.5510000000003
CN(C)CCNC(=O)c1ccc(NC(=O)Nc2ccc(-c3nc(C4CCOCC4)nc(N4C5CCC4COC5)n3)cc2)cc1,54.0,7.267606240177032,1,600.7240000000004
CN(C)CCNC(=O)c1ccc(NC(=O)Nc2ccc(-c3nc(N4CCOCC4)c4ccn(CC(F)(F)F)c4n3)cc2)cc1,1.4,8.853871964321762,1,610.6410000000004
CN(C)CCNC(=O)c1ccc(NC(=O)Nc2ccc(-c3nc(N4CCOCC4)nc(N4CCOCC4)n3)cc2)cc1,0.4,9.397940008672037,1,575.6740000000005
CN(C)CCNC(=O)c1cn2cc(-c3cnc(N)nc3)nc(N3CCOCC3)c2n1,17.45,7.758204568704802,1,411.47000000000025
CN(C)CCNCCn1ccc2c(N3CCOCC3)nc(-c3ccc(NC(=O)Nc4ccncc4)cc3)nc21,36.0,7.443697499232712,1,529.6490000000001
CN(C)CCOc1cc(Nc2ccccc2)cc(-c2ccnc(NC(=O)C3CCOCC3)c2)c1,200000.0,3.6989700043360187,0,460.57800000000026
CN(C)CCOc1ccc(NC(=O)Nc2ccc(-c3nc(C4CCOCC4)nc(N4C5CCC4COC5)n3)cc2)cc1,876.0,6.057495893831919,1,573.6980000000004
CN(C)CCOc1ccc(NC(=O)Nc2ccc(-c3nc(N4C5CCC4COC5)nc(N4C5CCC4COC5)n3)cc2)cc1,955.0,6.019996628416254,1,600.7240000000003
CN(C)CCOc1ccc(NC(=O)Nc2ccc(-c3nc(N4CCOCC4)nc(N4C5CCC4COC5)n3)cc2)cc1,14.0,7.853871964321762,1,574.6860000000005
CN(C)CCn1cc(-c2ccn3c(-c4ccc(C(N)=O)c(OCc5cccc(F)c5)c4)cnc3c2)cn1,6226.0,5.205790883653504,0,498.56200000000024
CN(C)CCn1ccc2c(N3CCOCC3)nc(-c3ccc(NC(=O)Nc4ccc(F)cc4)cc3)nc21,24.0,7.619788758288394,1,503.5820000000001
CN(C)CCn1ccc2c(N3CCOCC3)nc(-c3ccc(NC(=O)Nc4ccccn4)cc3)nc21,142.0,6.847711655616943,1,486.5800000000001
CN(C)CCn1ccc2c(N3CCOCC3)nc(-c3ccc(NC(=O)Nc4cccnc4)cc3)nc21,16.0,7.795880017344075,1,486.5800000000001
CN(C)CCn1ccc2c(N3CCOCC3)nc(-c3ccc(NC(=O)Nc4ccncc4)cc3)nc21,8.0,8.096910013008056,1,486.5800000000001
CN(C)CCn1ccc2c(N3CCOCC3)nc(-c3cccc(CO)c3)nc21,42.0,7.376750709602099,1,381.4800000000001
CN(C)CCn1ccc2c(N3CCOCC3)nc(-c3cccc(O)c3)nc21,76.0,7.119186407719209,1,367.45300000000003
CN(C)CCn1cnc2ccc(-c3ccc4oc(N)nc4c3)cc2c1=O,10000.0,5.0,0,349.3940000000001
CN(C)CCn1ncc2c(N3CC4CCC(C3)O4)nc(-c3ccc(NC(=O)Nc4cccnc4)cc3)nc21,235.0,6.628932137728263,1,513.6060000000001
CN(C)CCn1ncnc1-c1cc2c(s1)-c1ccc(C(N)=O)cc1OCC2,142.0,6.847711655616943,1,383.47700000000026
CN(C)C[C@@H]1CCN(C(=O)Nc2nc3c(s2)-c2nc(C(C)(C)C)ncc2CC3)[C@@H]1C(N)=O,10.0,8.0,1,457.6040000000003
CN(C)C[C@@H]1CCN(C(=O)Nc2nc3c(s2)-c2nc(C(C)(C)C)sc2CC3)[C@@H]1C(N)=O,17.5,7.756961951313706,1,462.6450000000003
CN(C)C[C@@]1(C(N)=O)CCCN1C(=O)Nc1nc2c(s1)-c1nc(C(C)(C)C)ncc1CC2,19.5,7.709965388637482,1,457.60400000000027
CN(C)Cc1c[nH]c2c(N3CCOCC3)nc(-c3cccc(CO)c3)nc12,20.0,7.698970004336019,1,367.45300000000003
CN(C)Cc1cc2nc(-c3cccc(O)c3)nc(N3CCOCC3)c2s1,3.0,8.522878745280337,1,370.47800000000024
CN(C)Cc1ccc(-c2ccnc3ccc(-c4cnc(Cl)c(NS(=O)(=O)c5ccc(F)cc5F)c4)cc23)cc1,0.69,9.161150909262744,1,565.0450000000002
CN(C)Cc1ccc(-c2cnn3c(-c4cccc(NC(=O)c5cccc(C(F)(F)F)c5)c4)ccnc23)cc1,2000.0,5.698970004336019,0,515.5390000000002
CN(C)Cc1ccc(NC(=O)Nc2ccc(-c3nc(N4C5CCC4COC5)nc(N4C5CCC4COC5)n3)cc2)cc1,499.0,6.30189945437661,1,570.6980000000004
CN(C)Cc1ccc2c(N3CCOCC3)nc(-c3cnc(N)nc3)nn12,20.0,7.698970004336019,1,354.41799999999995
CN(C)Cc1ccc2c(c1)N(c1nc3c(s1)C(=O)NC(C)(C)C3)CCO2,20000.0,4.698970004336019,0,372.4940000000002
CN(C)Cc1cnc2oc3c(N4CCOCC4)nc(-c4cccc5[nH]ccc45)nc3c2c1,398.0,6.400116927926312,1,428.4960000000001
CN(C)NC(=O)Nc1ccc(-c2nc(N3CCOCC3)c3cnn(C4CCN(Cc5ccccc5)CC4)c3n2)cc1,1935.0,5.71331903064507,0,555.6870000000004
CN(C)S(=O)(=O)c1ccc(-c2cnc3ccc(-c4ccnc5[nH]ccc45)nn23)cc1,40.0,7.3979400086720375,1,418.4820000000001
CN(C)S(=O)(=O)c1ccc(-c2cnn3c2CN(c2ccnc4[nH]ccc24)CC3)cc1,1100.0,5.958607314841775,0,422.5140000000002
CN(C)S(=O)(=O)c1cncc(N2CCOc3ccc(O[C@H]4CCN(C(=O)C5CCOCC5)C4)cc32)c1,47.0,7.327902142064283,1,516.6200000000005
CN(C)[C@@H]1CCN(c2cnc3ccc(-c4ccc5oc(N)nc5c4)cc3n2)C1,100.0,7.0,1,374.44800000000015
CN(C)[C@@H]1C[C@@H](C(N)=O)N(C(=O)Nc2nc3c(s2)-c2nc(C(C)(C)C)ncc2CC3)C1,132.0,6.87942606879415,1,443.57700000000034
CN(C)[C@@H]1C[C@@H](C(N)=O)N(C(=O)c2ccc(NC(=O)Nc3ccc(-c4nc(N5CCOCC5)nc(N5CCOCC5)n4)cc3)cc2)C1,7.0,8.154901959985743,1,644.7370000000002
CN(C)[C@H]1CCN(c2cnc3ccc(-c4ccc5oc(N)nc5c4)cc3n2)C1,100.0,7.0,1,374.44800000000015
CN(C)[C@H]1C[C@@H](C(N)=O)N(C(=O)c2ccc(NC(=O)Nc3ccc(-c4nc(N5CCOCC5)nc(N5CCOCC5)n4)cc3)cc2)C1,9.1,8.040958607678906,1,644.7370000000002
CN(C)c1cc(C(=O)O)nc2c(-c3cc(F)ccc3O)nc(N3CCOCC3)nc12,66.0,7.180456064458132,1,413.4090000000002
CN(C)c1cc(C(=O)O)nc2c(-c3ccc(F)c(CO)c3)nc(N3CCOCC3)nc12,329.0,6.482804102050026,1,427.43600000000026
CN(C)c1cc(C(=O)O)nc2c(-c3ccc(F)cc3O)nc(N3CCOCC3)nc12,83.0,7.080921907623926,1,413.4090000000002
CN(C)c1cc(C(=O)O)nc2c(-c3ccc(O)cc3)nc(N3CCOCC3)nc12,350.0,6.455931955649724,1,395.4190000000002
CN(C)c1cc(C(=O)O)nc2c(-c3cccc(C#N)c3)nc(N3CCOCC3)nc12,1100.0,5.958607314841775,0,404.43000000000023
CN(C)c1cc(C(=O)O)nc2c(-c3cccc(CO)c3)nc(N3CCOCC3)nc12,34.0,7.468521082957745,1,409.4460000000002
CN(C)c1cc(C(=O)O)nc2c(-c3cccc(F)c3O)nc(N3CCOCC3)nc12,13.0,7.886056647693163,1,413.4090000000002
CN(C)c1cc(C(=O)O)nc2c(-c3cccc4[nH]ccc34)nc(N3CCOCC3)nc12,132.0,6.87942606879415,1,418.4570000000003
CN(C)c1cc(C(=O)O)nc2c(-c3ccccc3O)nc(N3CCOCC3)nc12,23.0,7.638272163982407,1,395.4190000000002
CN(C)c1cc(N2CCOc3ccc(O[C@@H]4CCN(C(=O)C5CCOCC5)C4)cc32)cnc1S(C)(=O)=O,243.0,6.614393726401688,1,530.6470000000004
CN(C)c1cc(N2CCOc3ccc(O[C@H]4CCN(C(=O)C5CCOCC5)C4)cc32)cnc1S(C)(=O)=O,243.0,6.614393726401688,1,530.6470000000004
CN(C)c1ccc(-c2ccnc3ccc(-c4cnc(Cl)c(NS(=O)(=O)c5ccc(F)cc5)c4)cc23)cc1,61.0,7.214670164989233,1,533.0280000000002
CN(C)c1ccc(-c2csc3c(=O)cc(N4CCOCC4)oc23)cc1,95.0,7.022276394711152,1,356.4470000000001
CN(C)c1ccc(NC(=O)Nc2ccc(-c3nc(N4CCOCC4)nc(N4C5CCC4COC5)n3)cc2)cc1,3.5,8.455931955649724,1,530.6330000000005
CN(C)c1ccc([N+](=O)[O-])cc1S(=O)(=O)N(C)/N=C/c1cnn2ccc(C#N)cc12,2.2,8.657577319177793,1,427.4460000000001
CN(C)c1ccnc2ccc(-c3cnc(Cl)c(NS(=O)(=O)c4ccc(F)cc4)c3)cc12,223.0,6.651695136951839,1,456.9300000000001
CN(C)c1cnc2ccc(-c3cnc(Cl)c(NS(=O)(=O)c4ccc(F)cc4)c3)cc2n1,44.0,7.356547323513812,1,457.9180000000001
CN(C)c1nc2cc(-c3nc(N4CCOCC4)nc(N4CCOCC4)n3)ccc2o1,2216.0,5.654430243943608,0,411.4660000000002
CN(C)c1nc2ccc(-c3cncc(S(C)(=O)=O)c3)cn2n1,100000.0,4.0,0,317.374
CN(C)c1nc2ccc(-c3nc(N4CCNCC4)nc(N4CCOCC4)n3)cc2s1,10000.0,5.0,0,426.5500000000002
CN(C)c1nc2ccc(-c3nc(N4CCOCC4)nc(N4CCN(S(C)(=O)=O)CC4)n3)cc2s1,10000.0,5.0,0,504.6420000000002
CN(C)c1nc2ccc(-c3nc(N4CCOCC4)nc(N4CCOCC4)n3)cc2s1,10000.0,5.0,0,427.53400000000016
CN(C)c1nc2ccc(-c3nc(Nc4ccc(C(F)(F)F)cc4)nc(N4CCOCC4)n3)cc2s1,10000.0,5.0,0,501.53800000000024
CN(C)c1ncc(-c2cc(N3CCOCC3)cc(S(=O)(=O)c3ccccc3)c2)cn1,11000.0,4.958607314841775,0,424.526
CN(C)c1ncc(-c2cc(Nc3cnc4ccccc4c3)nc(N3CCOCC3)n2)cn1,247.0,6.607303046740334,1,428.5000000000003
CN(C)c1ncc(N2CCOCC2)cc1S(=O)(=O)Nc1ccnc(-c2ccc(CN3CCN(C(C)(C)C)CC3)cc2F)c1,10000.0,5.0,0,611.7880000000001
CN(C1CCCN(Cc2cc3nc(-c4cccc5[nH]ccc45)nc(N4CCOCC4)c3s2)C1)S(C)(=O)=O,794.33,6.0999990348465305,1,540.7150000000004
CN(C1CCCN(Cc2cc3nc(-c4cccc5[nH]ncc45)nc(N4CCOCC4)c3s2)C1)S(C)(=O)=O,199.53,6.699991797446187,1,541.7030000000004
CN(C1CCCN(Cc2cc3nc(-c4cnc(N)nc4)nc(N4CCOCC4)c3s2)C1)S(C)(=O)=O,39.81,7.400007822415902,1,518.6690000000003
CN(C1CCN(Cc2cc3nc(-c4cccc5[nH]ccc45)nc(N4CCOCC4)c3s2)C1)S(C)(=O)=O,630.96,6.199998172182031,1,526.6880000000004
CN(C1CCN(Cc2cc3nc(-c4cccc5[nH]ccc45)nc(N4CCOCC4)c3s2)CC1)S(C)(=O)=O,1584.89,5.800000874803203,0,540.7150000000005
CN(C1CCN(Cc2cc3nc(-c4cccc5[nH]ncc45)nc(N4CCOCC4)c3s2)C1)S(C)(=O)=O,125.89,6.900008766455316,1,527.6760000000004
CN(C1CCN(Cc2cc3nc(-c4cccc5[nH]ncc45)nc(N4CCOCC4)c3s2)CC1)S(C)(=O)=O,316.23,6.499996931948306,1,541.7030000000004
CN(C1CCN(Cc2cc3nc(-c4cnc(N)nc4)nc(N4CCOCC4)c3s2)C1)S(C)(=O)=O,7.943,8.100015437450608,1,504.6420000000004
CN(C1CCN(Cc2cc3nc(-c4cnc(N)nc4)nc(N4CCOCC4)c3s2)CC1)S(C)(=O)=O,15.85,7.79997073344623,1,518.6690000000004
CN(CC(=O)O)c1nc(-c2cccc(O)c2)nc(N2CCOCC2)n1,10000.0,5.0,0,345.3590000000002
CN(CC1OCCO1)C(=O)c1cc(Nc2ccccc2)cc(-c2ccnc(NC(=O)C3CC3)c2)c1,12000.0,4.920818753952375,0,472.54500000000024
CN(CCN1CCOCC1)c1cnc2ccc(-c3ccc4oc(N)nc4c3)cc2n1,1000.0,6.0,1,404.47400000000016
CN(CCO)Cc1ccc(-c2ccnc3ccc(-c4cnc(Cl)c(NS(=O)(=O)c5ccc(F)cc5)c4)cc23)cc1,1.0,9.0,1,577.0810000000001
CN(CCO)Cc1ccc(-c2ccnc3ccc(-c4cnc(Cl)c(NS(=O)(=O)c5ccc(F)cc5F)c4)cc23)cc1,0.75,9.1249387366083,1,595.0710000000001
CN(CCO)c1cc(C(=O)O)nc2c(-c3ccc(F)c(CO)c3)nc(N3CCOCC3)nc12,303.0,6.518557371497695,1,457.46200000000033
CN(CCO)c1cc(C(=O)O)nc2c(-c3ccc(F)cc3O)nc(N3CCOCC3)nc12,220.0,6.657577319177793,1,443.4350000000003
CN(CCO)c1cc(C(=O)O)nc2c(-c3cccc(CO)c3)nc(N3CCOCC3)nc12,74.0,7.130768280269024,1,439.4720000000003
CN(CCO)c1cc(C(=O)O)nc2c(-c3cccc(F)c3O)nc(N3CCOCC3)nc12,10.0,8.0,1,443.4350000000003
CN(CCO)c1cc(C(=O)O)nc2c(-c3cccc4[nH]ccc34)nc(N3CCOCC3)nc12,77.0,7.113509274827518,1,448.4830000000003
CN(CCc1c[nH]cn1)c1ccc([N+](=O)[O-])cc1S(=O)(=O)N(C)/N=C/c1cnn2ccc(C#N)cc12,67.0,7.173925197299173,1,507.53600000000023
CN(CCn1ccnc1)c1ccc([N+](=O)[O-])cc1S(=O)(=O)N(C)/N=C/c1cnn2ccc(C#N)cc12,111.0,6.954677021213342,1,507.5360000000002
CN(CO)Cc1csc2c(-c3cnc(N)nc3)nc(N3CCOCC3)nc12,32.0,7.494850021680094,1,387.4690000000002
CN(Cc1cc2nc(-c3cnc(N)nc3)nc(N3CCOCC3)c2s1)S(C)(=O)=O,1.0,9.0,1,435.53500000000025
CN(Cc1cccc2ccccc12)c1cc(N2CCOCC2)nc(=O)[nH]1,212000.0,3.6736641390712483,0,350.4220000000001
CN(Cc1ccccc1)C(=O)C1CCN(c2ccnc3c2c(/C=C2\Oc4ccc(NC(=O)Nc5cccnc5)cc4C2=O)cn3C)CC1,10000.0,5.0,0,641.732
CN(Cc1ccccc1)c1cnc2ccc(-c3cnc(Cl)c(NS(=O)(=O)c4ccc(F)cc4)c3)cc2n1,258.0,6.58838029403677,1,534.0160000000001
CN(Cc1ccccn1)C(=O)C1CCN(c2ccnc3c2c(/C=C2\Oc4ccc(NC(=O)Nc5cccnc5)cc4C2=O)cn3C)CC1,1570.0,5.804100347590766,0,642.72
CN(Cc1cccn2c(=O)cc(N3CCOCC3)nc12)c1ccccc1,790.0,6.102372908709558,1,350.42199999999997
CN(Cc1cccnc1)C(=O)C1CCN(c2ccnc3c2c(/C=C2\Oc4ccc(NC(=O)Nc5cccnc5)cc4C2=O)cn3C)CC1,1030.0,5.987162775294828,0,642.72
CN(Cc1ccncc1)C(=O)C1CCN(c2ccnc3c2c(/C=C2\Oc4ccc(NC(=O)Nc5cccnc5)cc4C2=O)cn3C)CC1,1230.0,5.910094888560602,0,642.72
CN1C(=O)[C@@H](N2CCc3c(nn(Cc4ccccc4)c3Br)C2=O)COc2ccccc21,1000.0,6.0,1,481.3500000000002
CN1C(=O)[C@@H](N2CCc3cn(CC4CCS(=O)(=O)CC4)nc3C2=O)COc2ccccc21,1000.0,6.0,1,458.5400000000003
CN1C(=O)[C@@H](N2CCc3cn(Cc4ccccc4)nc3C2=O)COc2ccccc21,1000.0,6.0,1,402.45400000000024
CN1C2CCC1CC(Oc1nc(-c3ccc(NC(=O)Nc4ccc(C(N)=O)cc4)cc3)nc(N3CCOCC3)n1)C2,3.2,8.494850021680094,1,558.643
CN1CC(C(=O)N2CCC(Nc3ncnc4ccc(-c5ccc6oc(N)nc6c5)cc34)CC2)C1,100.0,7.0,1,457.5380000000004
CN1CC(C(=O)N2CCN(c3cnc4ccc(-c5ccc6oc(N)nc6c5)cc4n3)CC2)C1,100.0,7.0,1,443.5110000000003
CN1CC(n2cnc3ccc(-c4ccc5oc(N)nc5c4)cc3c2=O)C1,1000.0,6.0,1,347.3780000000001
CN1CCC(N(C)C(=O)c2cnc3ccc(-c4ccc5oc(N)nc5c4)cn23)CC1,1000.0,6.0,1,404.4740000000002
CN1CCC(N(C)c2cnc3ccc(-c4ccc5oc(N)nc5c4)cc3n2)CC1,100.0,7.0,1,388.4750000000002
CN1CCC(N(C)c2ncnc3ccc(-c4ccc5oc(N)nc5c4)cc23)CC1,100.0,7.0,1,388.47500000000025
CN1CCC(N2CCN(C(=O)c3ccc4c(c3)[nH]c(=O)c3ccnn34)CC2)CC1,20000.0,4.698970004336019,0,394.47900000000027
CN1CCC(NC(=O)Nc2ccc(-c3nc(N4CCOCC4)c4cnn(C5CCN(Cc6ccccc6)CC5)c4n3)cc2)CC1,708.0,6.149966742310231,1,609.779
CN1CCC(NC(=O)c2cnc3ccc(-c4ccc5oc(N)nc5c4)cn23)CC1,100.0,7.0,1,390.4470000000002
CN1CCC(NC(=O)c2cnc3ccc(-c4ccc5oc(N)nc5c4)nn23)CC1,100.0,7.0,1,391.4350000000002
CN1CCC(Nc2cnc3ccc(-c4ccc5oc(N)nc5c4)cc3n2)CC1,100.0,7.0,1,374.44800000000015
CN1CCC(Nc2nc(-c3cccc4[nH]ncc34)nc3c2cnn3C)CC1,8.3,8.080921907623926,1,362.4410000000002
CN1CCC(Nc2nc3cc(-c4ccc5ncc(C(=O)N6CCOCC6)n5c4)ccc3o2)CC1,10000.0,5.0,0,460.53800000000035
CN1CCC(Nc2ncnc3ccc(-c4ccc5oc(N)nc5c4)cc23)CC1,100.0,7.0,1,374.44800000000015
CN1CCC(Nc2ncnc3ccc(-c4ccc5oc(N)nc5c4)nc23)CC1,100.0,7.0,1,375.43600000000015
CN1CCC(Oc2ccc(Nc3cc(-c4cnc(N)nc4)nc(N4CCOCC4)n3)cn2)CC1,2.0,8.698970004336019,1,463.54600000000033
CN1CCC(Oc2ncnc3ccc(-c4ccc5oc(N)nc5c4)cc23)CC1,100.0,7.0,1,375.4320000000002
CN1CCC(c2cnc3ccc(-c4ccc5oc(N)nc5c4)cc3n2)CC1,100.0,7.0,1,359.4330000000001
CN1CCC(n2cnc3ccc(-c4ccc5oc(N)nc5c4)cc3c2=O)CC1,100.0,7.0,1,375.4320000000002
CN1CCC(n2cnc3ccc(-c4cnc(Cl)c(NS(=O)(=O)c5ccccc5)c4)cc3c2=O)CC1,100.0,7.0,1,510.0190000000003
CN1CCC(n2cnc3ccc(-c4cnc(Cl)c(NS(C)(=O)=O)c4)cc3c2=O)CC1,100.0,7.0,1,447.94800000000026
CN1CCCN(C(=O)c2cnc3ccc(-c4ccc5oc(N)nc5c4)cn23)CC1,1000.0,6.0,1,390.44700000000023
CN1CCCN(c2cnc3ccc(-c4ccc5oc(N)nc5c4)cc3n2)CC1,1000.0,6.0,1,374.44800000000015
CN1CCN(C(=O)/C=C/c2cnc3oc4c(N5CCOCC5)nc(-c5cccc6[nH]ccc56)nc4c3c2)CC1,127.0,6.896196279044043,1,523.5970000000003
CN1CCN(C(=O)C/C=C\c2cnc3oc4c(N5CCOCC5)nc(-c5cccc6[nH]ccc56)nc4c3c2)CC1,127.0,6.896196279044043,1,537.6240000000003
CN1CCN(C(=O)C2CCN(c3ccnc4c3c(/C=C3\Oc5ccc(NC(=O)Nc6cccnc6)cc5C3=O)cn4C)CC2)CC1,4598.0,5.33743103306674,0,620.7139999999998
CN1CCN(C(=O)C2CCN(c3ccnc4c3c(/C=C3\Oc5cccc(O)c5C3=O)cn4C)CC2)CC1,39.0,7.4089353929735005,1,501.5870000000004
CN1CCN(C(=O)C2CN(c3cnc4ccc(-c5ccc6oc(N)nc6c5)cc4n3)C2)CC1,5050.0,5.296708621881339,0,443.51100000000025
CN1CCN(C(=O)CNC(=O)Nc2nc3ccc(-c4cncc(S(=O)(=O)NC(C)(C)C)c4)cn3n2)CC1,794.33,6.0999990348465305,1,529.6270000000001
CN1CCN(C(=O)c2cc(N3CCc4c(-c5cnc(N)nc5)nc(N5CCOCC5)nc43)ccn2)CC1,40.0,7.3979400086720375,1,502.5830000000003
CN1CCN(C(=O)c2ccc(-c3ccnc4c3c(/C=C3\Oc5cccc(O)c5C3=O)cn4C)cc2)CC1,70.0,7.154901959985743,1,494.5510000000003
CN1CCN(C(=O)c2ccc(N3CCc4c(-c5cnc(N)nc5)nc(N5CCOCC5)nc43)cc2)CC1,14.0,7.853871964321762,1,501.59500000000037
CN1CCN(C(=O)c2ccc(N3CCc4c(-c5cnc(N)nc5)nc(N5CCOCC5)nc43)cn2)CC1,25.0,7.6020599913279625,1,502.58300000000037
CN1CCN(C(=O)c2ccc(NC(=O)Nc3ccc(-c4nc(=O)nc(N5CCOCC5)[nH]4)cc3)cc2)CC1,15.0,7.823908740944319,1,518.5780000000003
CN1CCN(C(=O)c2ccc(NC(=O)Nc3ccc(-c4nc(C5CCOCC5)nc(N5C6CCC5COC6)n4)cc3)cc2)CC1,79.0,7.102372908709558,1,612.7350000000002
CN1CCN(C(=O)c2ccc(NC(=O)Nc3ccc(-c4nc(N5CCOCC5)c5cc(CN6CCN(S(C)(=O)=O)CC6)cn5n4)cc3)cc2)CC1,41.1,7.386158178123931,1,716.8690000000001
CN1CCN(C(=O)c2ccc(NC(=O)Nc3ccc(-c4nc(N5CCOCC5)c5ccn(CC(F)(F)F)c5n4)cc3)cc2)CC1,2.4,8.619788758288394,1,622.6520000000002
CN1CCN(C(=O)c2ccc(NC(=O)Nc3ccc(-c4nc(N5CCOCC5)nc(N5CCOCC5)n4)cc3)cc2)CC1,0.5,9.301029995663981,1,587.6850000000004
CN1CCN(C(=O)c2ccc(NC(=O)Nc3ccc(-c4nc(OC5COC5)nc(N5CCOCC5)n4)cc3)cc2)CC1,0.6,9.221848749616356,1,574.6420000000004
CN1CCN(C(=O)c2ccc(NC(=O)Nc3ccc(-c4nc(O[C@H]5CCOC5)nc(N5CCOCC5)n4)cc3)cc2)CC1,1.7,8.769551078621726,1,588.6690000000004
CN1CCN(C(=O)c2ccc3nc(Nc4ccc(-c5nc(N6CCOCC6)nc(N6CCOCC6)n5)cc4)[nH]c3c2)CC1,180600.0,3.743282254022513,0,584.6850000000003
CN1CCN(C(=O)c2cccc(-c3cc4nc(-c5cnc(N)nc5)nc(N5CCOCC5)c4s3)c2)CC1,1.0,9.0,1,516.6310000000003
CN1CCN(C(=O)c2cccc(-c3ncnc4ccc(-c5cnc6ccccc6c5)cc34)c2)CC1,886.5,6.052321260063064,1,459.5530000000002
CN1CCN(C(=O)c2cccc(N3CCc4c(-c5cnc(N)nc5)nc(N5CCOCC5)nc43)c2)CC1,120.0,6.920818753952375,1,501.59500000000037
CN1CCN(C(=O)c2cnc3ccc(-c4ccc5nc(N)oc5c4)cn23)CC1,1000.0,6.0,1,376.4200000000002
CN1CCN(C(=O)c2cnc3ccc(-c4ccc5nc(N)sc5c4)cn23)CC1,10000.0,5.0,0,392.48800000000017
CN1CCN(C(=O)c2cnc3ccc(-c4ccc5oc(N)nc5c4)cc3n2)CC1,10000.0,5.0,0,388.43100000000015
CN1CCN(C(=O)c2cnc3ccc(-c4ccc5oc(N)nc5c4)cn23)CC1,100.0,7.0,1,376.42000000000013
CN1CCN(C(=O)c2cnc3ccc(-c4ccc5oc(N)nc5c4)nn23)CC1,10000.0,5.0,0,377.40800000000013
CN1CCN(C(=O)c2cnc3ccc(-c4ccc5sc(N)nc5c4)cn23)CC1,1000.0,6.0,1,392.48800000000017
CN1CCN(C(=O)c2cnc3cnc(-c4ccc5oc(N)nc5c4)cn23)CC1,10000.0,5.0,0,377.40800000000013
CN1CCN(C(=O)c2cncc(N3CCc4c(-c5cnc(N)nc5)nc(N5CCOCC5)nc43)c2)CC1,32.0,7.494850021680094,1,502.58300000000037
CN1CCN(C(=O)c2cnn3ccc(-c4ccc5oc(N)nc5c4)cc23)CC1,1000.0,6.0,1,376.4200000000002
CN1CCN(C)/C(=N/c2ccc([N+](=O)[O-])cc2C(=O)Nc2ccccc2)C1,10000.0,5.0,0,367.4090000000001
CN1CCN(C2CC(n3nc(-c4cc5cc(O)ccc5[nH]4)c4c(N)ncnc43)C2)CC1,500.0,6.301029995663981,1,418.5050000000002
CN1CCN(C2CCC(n3nc(-c4cc5cc(O)ccc5[nH]4)c4c(N)ncnc43)CC2)CC1,500.0,6.301029995663981,1,446.55900000000025
CN1CCN(C2CCN(c3cnc4ccc(-c5ccc6oc(N)nc6c5)cc4n3)CC2)CC1,100.0,7.0,1,443.55500000000035
CN1CCN(C2CN(C(=O)c3cnc4ccc(-c5ccc6oc(N)nc6c5)cn34)C2)CC1,100.0,7.0,1,431.5000000000003
CN1CCN(C2CN(c3cnc4ccc(-c5ccc6oc(N)nc6c5)cc4n3)C2)CC1,100.0,7.0,1,415.50100000000026
CN1CCN(C2CN(c3cnc4ccc(-c5ccc6oc(N)nc6c5)cc4n3)C2)CC1=O,100.0,7.0,1,429.48400000000026
CN1CCN(CCC(=O)Nc2ccc3c(c2)Sc2cccc(-c4cc(=O)cc(N5CCOCC5)o4)c2S3)CC1,3.0,8.522878745280337,1,564.7330000000003
CN1CCN(CCCn2cnc3ccc(-c4ccc5oc(N)nc5c4)cc3c2=O)CC1,1000.0,6.0,1,418.50100000000026
CN1CCN(CCNC(=O)c2cnc3ccc(-c4ccc5oc(N)nc5c4)cn23)CC1,100.0,7.0,1,419.4890000000002
CN1CCN(CCNc2cnc3ccc(-c4ccc5oc(N)nc5c4)cc3n2)CC1,100.0,7.0,1,403.49000000000024
CN1CCN(CCOc2ccc(NC(=O)Nc3ccc(-c4nc(N5C6CCC5COC6)nc(N5C6CCC5COC6)n4)cc3)cc2)CC1,483.0,6.316052869248487,1,655.8040000000002
CN1CCN(CCn2ccc3c(N4CCOCC4)nc(-c4ccc(NC(=O)Nc5ccncc5)cc4)nc32)CC1,42.0,7.376750709602099,1,541.66
CN1CCN(CCn2cnc3ccc(-c4ccc5oc(N)nc5c4)cc3c2=O)CC1,10000.0,5.0,0,404.4740000000003
CN1CCN(Cc2cc(Nc3ccccc3)cc(-c3ccnc(NC(=O)C4CCOCC4)c3)c2)CC1,200000.0,3.6989700043360187,0,485.63200000000035
CN1CCN(Cc2cc3nc(-c4ccc(NC(=O)NC5CC5)cc4)nc(N4CC5CCC(C4)O5)c3s2)CC1,874.0,6.058488567365597,1,533.7020000000002
CN1CCN(Cc2cc3nc(-c4ccc(NC(=O)Nc5cccnc5)cc4)nc(N4CC5CCC(C4)O5)c3s2)CC1,148.0,6.8297382846050425,1,570.7230000000002
CN1CCN(Cc2cc3nc(-c4ccc(NC(=O)Nc5ccncc5)cc4)nc(N4CC5CCC(C4)O5)c3s2)CC1,86.0,7.0655015487564325,1,570.7230000000002
CN1CCN(Cc2cc3nc(-c4cccc(O)c4)nc(N4CCOCC4)c3s2)CC1,10.0,8.0,1,425.55800000000033
CN1CCN(Cc2cc3nc(-c4cccc5[nH]ncc45)nc(N4CCOCC4)c3s2)CC1,44.0,7.356547323513812,1,449.58400000000034
CN1CCN(Cc2ccc(N3CCc4c(-c5cnc(N)nc5)nc(N5CCOCC5)nc43)cc2)CC1,48.0,7.318758762624412,1,487.6120000000003
CN1CCN(Cc2ccc(NC(=O)Nc3ccc(-c4nc(N5C6CCC5COC6)nc(N5C6CCC5COC6)n4)cc3)cc2)CC1,1127.0,5.948076083953893,0,625.7780000000001
CN1CCN(Cc2ccc(NC(=O)Nc3ccc(-c4nc(N5CCOCC5)nc(N5C6CCC5COC6)n4)cc3)cc2)CC1,21.0,7.6777807052660805,1,599.7400000000004
CN1CCN(Cc2ccc3c(N4CCOCC4)nc(-c4cnc(N)nc4)nn23)CC1,270.0,6.568636235841013,1,409.4980000000001
CN1CCN(Cc2cccc3c2CCN3C(=O)Cc2nc(N3CCOCC3)cc(=O)[nH]2)CC1,660.0,6.180456064458132,1,452.5590000000003
CN1CCN(Cc2cnc3oc4c(N5CCOCC5)nc(-c5cccc6[nH]ccc56)nc4c3c2)CC1,680.0,6.167491087293763,1,483.57600000000025
CN1CCN(S(=O)(=O)c2cnc3ccc(-c4ccc5oc(N)nc5c4)cn23)CC1,10000.0,5.0,0,412.4750000000002
CN1CCN([C@@H]2CCN(c3cnc4ccc(-c5ccc6oc(N)nc6c5)cc4n3)C2)CC1,100.0,7.0,1,429.5280000000003
CN1CCN([C@H]2CCN(c3cnc4ccc(-c5ccc6oc(N)nc6c5)cc4n3)C2)CC1,100.0,7.0,1,429.5280000000003
CN1CCN(c2cc(-c3ccnc4ccc(-c5ccc6oc(N)nc6c5)cc34)ccn2)CC1,100.0,7.0,1,436.51900000000023
CN1CCN(c2cc(-c3cnc4ccc(-c5ccc6oc(N)nc6c5)cn34)ccn2)CC1,100.0,7.0,1,425.4960000000002
CN1CCN(c2ccc(-c3ccc4ncc5c(c4n3)N(c3cccc(C(F)(F)F)c3)C(=O)N(C)C5)cn2)CC1,495.6,6.304868702295974,1,533.5580000000001
CN1CCN(c2ccc(-c3cnc4ccc(-c5ccc6oc(N)nc6c5)cn34)cn2)CC1,100.0,7.0,1,425.4960000000002
CN1CCN(c2ccc(NC(=O)Nc3ccc(-c4nc(C5=CCOCC5)nc(N5C6CCC5COC6)n4)cc3)cc2)CC1,51.0,7.292429823902063,1,582.7090000000003
CN1CCN(c2ccc(NC(=O)Nc3ccc(-c4nc(C5CCOCC5)nc(N5C6CCC5COC6)n4)cc3)cc2)CC1,777.0,6.1095789811990855,1,584.7250000000004
CN1CCN(c2ccc(NC(=O)Nc3ccc(-c4nc(N5C6CCC5COC6)nc(N5C6CCC5COC6)n4)cc3)cc2)CC1,899.0,6.046240308266771,1,611.7510000000002
CN1CCN(c2ccc(NC(=O)Nc3ccc(-c4nc(N5C6CCC5COC6)nc(N5[C@H](CO)CC[C@@H]5CO)n4)cc3)cc2)CC1,1028.0,5.988006885340743,0,629.7660000000002
CN1CCN(c2ccc(NC(=O)Nc3ccc(-c4nc(N5CC6CCC(C5)O6)c5cnn(CC(F)(F)F)c5n4)cc3)cc2)CC1,150.0,6.823908740944319,1,621.6680000000001
CN1CCN(c2ccc(NC(=O)Nc3ccc(-c4nc(N5CCOCC5)nc(N5C6CCC5COC6)n4)cc3)cc2)CC1,21.0,7.6777807052660805,1,585.7130000000003
CN1CCN(c2ccc(NC(=O)Nc3ccc(-c4nc(N5CCSCC5)nc(N5C6CCC5COC6)n4)cc3)cc2)CC1,592.0,6.22767829327708,1,601.7810000000003
CN1CCN(c2cccc3c2CCN3C(=O)Cc2nc(N3CCOCC3)cc(=O)[nH]2)CC1,960.0,6.017728766960431,1,438.53200000000027
CN1CCN(c2ccnc3c2c(/C=C2\Oc4cc(O)cc(O)c4C2=O)cn3C)CC1,43.0,7.366531544420414,1,406.4420000000002
CN1CCN(c2ccnc3c2c(/C=C2\Oc4cccc(O)c4C2=O)cn3C)CC1,173.0,6.761953896871205,1,390.4430000000002
CN1CCN(c2ccnc3ccc(-c4ccc5oc(N)nc5c4)cc23)CC1,1000.0,6.0,1,359.43300000000016
CN1CCN(c2cnc3ccc(-c4ccc5nc(N)oc5c4)cc3n2)CC1,1000.0,6.0,1,360.42100000000016
CN1CCN(c2cnc3ccc(-c4ccc5nc(N)sc5c4)cc3n2)CC1,100.0,7.0,1,376.48900000000015
CN1CCN(c2cnc3ccc(-c4ccc5oc(N)nc5c4)cc3n2)C(=O)C1,1000.0,6.0,1,374.4040000000001
CN1CCN(c2cnc3ccc(-c4ccc5oc(N)nc5c4)cc3n2)CC1,100.0,7.0,1,360.4210000000001
CN1CCN(c2cnc3ccc(-c4ccc5oc(N)nc5c4)cc3n2)CC1=O,100.0,7.0,1,374.4040000000001
CN1CCN(c2cnc3ccc(-c4ccc5sc(N)nc5c4)cc3n2)CC1,1000.0,6.0,1,376.48900000000015
CN1CCN(c2nc(-c3cccc(O)c3)nc3cccnc23)CC1,50000.0,4.301029995663981,0,321.3840000000001
CN1CCN(c2nc(C3=C(c4c[nH]c5ccccc45)C(=O)NC3=O)c3ccccc3n2)CC1,10000.0,5.0,0,438.49100000000027
CN1CCN(c2nc3cc(-c4ccc5oc(N)nc5c4)ccc3c(=O)n2C)CC1,10000.0,5.0,0,390.4470000000002
CN1CCN(c2nc3ccccc3cc2Cn2nc(-c3ccc4nc(N)sc4c3)c3c(N)ncnc32)CC1,137.0,6.863279432843593,1,522.6420000000003
CN1CCN(c2ncc(-c3csc4c(=O)cc(N5CCOCC5)oc34)cn2)CC1,345.0,6.462180904926726,1,413.5030000000003
CN1CCN(c2ncnc3ccc(-c4ccc5oc(N)nc5c4)cc23)CC1,100.0,7.0,1,360.42100000000016
CN1CCN(n2cnc3ccc(-c4ccc5oc(N)nc5c4)cc3c2=O)CC1,1000.0,6.0,1,376.4200000000002
CN1Cc2cc(NC(=O)Nc3ccc(-c4nc(N5CCOCC5)nc(N5CCOCC5)n4)cc3)ccc2C1=O,21.8,7.661543506395395,1,530.5890000000004
CN1Cc2cnc3ccc(-c4ccc(-n5cccn5)nc4)nc3c2N(c2cccc(C(F)(F)F)c2)C1=O,872.6,6.059184791349199,1,501.47200000000015
CN1Cc2cnc3ccc(-c4ccc(N)nc4)nc3c2N(c2cccc(C(F)(F)F)c2)C1=O,10.43,7.981715691573469,1,450.4240000000001
CN1Cc2cnc3ccc(-c4cnc(N)nc4)nc3c2N(c2cccc(C(F)(F)F)c2)C1=O,3.3,8.481486060122112,1,451.4120000000001
CN1Cc2cnc3ccc(-c4cnc5[nH]ccc5c4)nc3c2N(c2cccc(C(F)(F)F)c2)C1=O,10.2,7.991399828238082,1,474.44600000000014
CN1Cc2cnc3ccc(-c4cnc5ccccc5c4)nc3c2N(c2ccc(C(C)(C)C#N)cc2)C1=O,154.3,6.811634073936852,1,484.5630000000003
CNC(=O)C(C)Cn1cnc2ccc(-c3cnc(C(F)(F)F)c(NS(=O)(=O)c4ccc(F)cc4Cl)c3)cc2c1=O,0.6,9.221848749616356,1,597.9780000000001
CNC(=O)C(C)Cn1cnc2ccc(-c3cnc(OC(F)(F)F)c(NS(=O)(=O)c4ccc(F)cc4Cl)c3)cc2c1=O,22.8,7.642065152999546,1,613.9770000000001
CNC(=O)C1CCN(c2cc(=O)c3cc(C)cc(C(C)Nc4ccccc4C(=O)O)c3o2)CC1,6500.0,5.187086643357144,0,463.5340000000003
CNC(=O)C1CN(c2cnc3ccc(-c4ccc5oc(N)nc5c4)cc3n2)C1,100.0,7.0,1,374.4040000000001
CNC(=O)CCNc1nc(N2CCOCC2)nc(-n2c(C(F)F)nc3ccccc32)n1,20.0,7.698970004336019,1,432.43500000000006
CNC(=O)CCn1nc(-c2cc3cc(O)ccc3[nH]2)c2c(N)ncnc21,500.0,6.301029995663981,1,351.3700000000001
CNC(=O)CN1CCN(c2cnc3ccc(-c4ccc5oc(N)nc5c4)cc3n2)CC1,100.0,7.0,1,417.47300000000024
CNC(=O)CNC(=O)Nc1nc2ccc(-c3cncc(S(=O)(=O)NC(C)(C)C)c3)cn2n1,15848.93,4.800000052738446,0,460.5200000000002
CNC(=O)CNc1nc(-c2cccc(O)c2)nc(N2CCOCC2)n1,730.0,6.136677139879544,1,344.3750000000002
CNC(=O)Cc1ccc(-c2nc(N3CCOCC3)c3cnn(C4CCN(Cc5ccccc5)CC4)c3n2)cc1,4058.0,5.391687957302673,0,525.6570000000003
CNC(=O)Cn1nc(-c2cc3cc(O)ccc3[nH]2)c2c(N)ncnc21,500.0,6.301029995663981,1,337.34300000000013
CNC(=O)N(C)C1CCCN(Cc2cc3nc(-c4cccc5[nH]ccc45)nc(N4CCOCC4)c3s2)C1,3162.28,5.499999678657065,0,519.6750000000002
CNC(=O)N(C)C1CCCN(Cc2cc3nc(-c4cnc(N)nc4)nc(N4CCOCC4)c3s2)C1,79.43,7.100015437450609,1,497.6290000000003
CNC(=O)N(C)C1CCN(Cc2cc3nc(-c4cccc5[nH]ncc45)nc(N4CCOCC4)c3s2)C1,794.33,6.0999990348465305,1,506.6360000000003
CNC(=O)N1CCN(c2cnc3ccc(-c4ccc5oc(N)nc5c4)cc3n2)CC1,100.0,7.0,1,403.44600000000025
CNC(=O)N1CC[C@](C)(N2CCc3c(-c4cnc(N)nc4)nc(N4CCOCC4)nc32)C1,73.0,7.136677139879544,1,439.5240000000003
CNC(=O)NC1CCCN(Cc2cc3nc(-c4cccc5[nH]ccc45)nc(N4CCOCC4)c3s2)C1,3981.07,5.40000018605658,0,505.6480000000003
CNC(=O)NC1CCCN(Cc2cc3nc(-c4cccc5[nH]ncc45)nc(N4CCOCC4)c3s2)C1,316.23,6.499996931948306,1,506.6360000000003
CNC(=O)NC1CCCN(Cc2cc3nc(-c4cnc(N)nc4)nc(N4CCOCC4)c3s2)C1,79.43,7.100015437450609,1,483.6020000000003
CNC(=O)NC1CCN(Cc2cc3nc(-c4cccc5[nH]ccc45)nc(N4CCOCC4)c3s2)C1,3162.28,5.499999678657065,0,491.6210000000003
CNC(=O)NC1CCN(Cc2cc3nc(-c4cccc5[nH]ccc45)nc(N4CCOCC4)c3s2)CC1,3981.07,5.40000018605658,0,505.64800000000037
CNC(=O)NC1CCN(Cc2cc3nc(-c4cccc5[nH]ncc45)nc(N4CCOCC4)c3s2)C1,316.23,6.499996931948306,1,492.6090000000003
CNC(=O)NC1CCN(Cc2cc3nc(-c4cccc5[nH]ncc45)nc(N4CCOCC4)c3s2)CC1,251.19,6.599997654072044,1,506.63600000000037
CNC(=O)NC1CCN(Cc2cc3nc(-c4cnc(N)nc4)nc(N4CCOCC4)c3s2)C1,63.1,7.199970640755866,1,469.57500000000033
CNC(=O)NC1CCN(Cc2cc3nc(-c4cnc(N)nc4)nc(N4CCOCC4)c3s2)CC1,25.12,7.599980364934842,1,483.6020000000004
CNC(=O)Nc1cc(C(F)(F)F)c(-c2nc(N3CCOCC3)c3cc(CN4CCN(S(C)(=O)=O)CC4)cn3n2)cn1,23.6,7.627087997029894,1,597.6240000000001
CNC(=O)Nc1ccc(-c2cc(-c3ccnc(Nc4ccc(C)c(S(=O)(=O)N(C)C)c4)n3)ccn2)cc1,61.0,7.214670164989233,1,517.6150000000002
CNC(=O)Nc1ccc(-c2cc(-c3ccnc(Nc4ccc(C)c(S(=O)(=O)NC)c4)n3)ccn2)cc1,43.0,7.366531544420414,1,503.5880000000002
CNC(=O)Nc1ccc(-c2cc(-c3ccnc(Nc4ccc(Cl)c(S(=O)(=O)N(C)C)c4)n3)ccn2)cc1,33.0,7.481486060122112,1,538.0330000000002
CNC(=O)Nc1ccc(-c2cc(-c3ccnc(Nc4cccc(S(=O)(=O)NC)c4)n3)ccn2)cc1,80.0,7.096910013008056,1,489.56100000000015
CNC(=O)Nc1ccc(-c2cc(-c3ccnc(Nc4cccc(S(N)(=O)=O)c4)n3)ccn2)cc1,44.0,7.356547323513812,1,475.53400000000016
CNC(=O)Nc1ccc(-c2nc(C)c3nc4n(c3n2)CCOC4)cc1,5011.87,5.300000202445418,0,338.37100000000015
CNC(=O)Nc1ccc(-c2nc(C3=CCOCC3)c3cnn(CC(F)(F)F)c3n2)cc1,200.0,6.698970004336019,1,432.40600000000006
CNC(=O)Nc1ccc(-c2nc(N3C4CCC3COC4)c3cnn(C4CCN(C(=O)OC)CC4)c3n2)cc1,4271.0,5.369470428573176,0,520.5940000000004
CNC(=O)Nc1ccc(-c2nc(N3C4CCC3COC4)c3cnn(CC(F)(F)F)c3n2)cc1,1367.0,5.864231485432177,0,461.44800000000015
CNC(=O)Nc1ccc(-c2nc(N3CC4CCC(C3)O4)c3cnn(C(C)C)c3n2)cc1,234.0,6.6307841425898575,1,421.5050000000001
CNC(=O)Nc1ccc(-c2nc(N3CC4CCC(C3)O4)c3cnn(C)c3n2)cc1,247.0,6.607303046740334,1,393.4510000000001
CNC(=O)Nc1ccc(-c2nc(N3CC4CCC(C3)O4)c3cnn(C4CCC(=O)CC4)c3n2)cc1,1301.0,5.885722703438414,0,475.5530000000003
CNC(=O)Nc1ccc(-c2nc(N3CC4CCC(C3)O4)c3cnn(C4CCC(OC)(OC)CC4)c3n2)cc1,648.0,6.188424994129407,1,521.6220000000004
CNC(=O)Nc1ccc(-c2nc(N3CC4CCC(C3)O4)c3cnn(C4CCC5(CC4)OCCCO5)c3n2)cc1,305.0,6.515700160653214,1,533.6330000000005
CNC(=O)Nc1ccc(-c2nc(N3CC4CCC(C3)O4)c3cnn(C4CCC5(CC4)OCCO5)c3n2)cc1,1180.0,5.928117992693875,0,519.6060000000004
CNC(=O)Nc1ccc(-c2nc(N3CC4CCC(C3)O4)c3cnn(C4CCN(C(=O)OC(C)(C)C)CC4)c3n2)cc1,1475.0,5.831207979685818,0,562.6750000000003
CNC(=O)Nc1ccc(-c2nc(N3CC4CCC(C3)O4)c3cnn(C4CCN(C(=O)OC(C)C)CC4)c3n2)cc1,2021.0,5.694433686484696,0,548.6480000000004
CNC(=O)Nc1ccc(-c2nc(N3CC4CCC(C3)O4)c3cnn(C4CCN(C(=O)OC)CC4)c3n2)cc1,1803.0,5.744004273277598,0,520.5940000000004
CNC(=O)Nc1ccc(-c2nc(N3CC4CCC(C3)O4)c3cnn(C4CCN(Cc5cccnc5)CC4)c3n2)cc1,677.0,6.169411331314856,1,553.6710000000003
CNC(=O)Nc1ccc(-c2nc(N3CC4CCC(C3)O4)c3cnn(CC(F)(F)F)c3n2)cc1,1616.0,5.791558643561433,0,461.4480000000001
CNC(=O)Nc1ccc(-c2nc(N3CC4CCC(C3)O4)c3cnn(CCN(C)C)c3n2)cc1,966.0,6.015022873584506,1,450.5470000000002
CNC(=O)Nc1ccc(-c2nc(N3CC4CCC(C3)O4)c3cnn(CCO)c3n2)cc1,375.0,6.425968732272281,1,423.47700000000015
CNC(=O)Nc1ccc(-c2nc(N3CC4CCC(C3)O4)c3cnn([C@H]4CC[C@@H](O)CC4)c3n2)cc1,227.0,6.6439741428068775,1,477.56900000000024
CNC(=O)Nc1ccc(-c2nc(N3CC4CCC(C3)O4)c3cnn([C@H]4CC[C@@H](OC)CC4)c3n2)cc1,705.0,6.151810883008602,1,491.5960000000003
CNC(=O)Nc1ccc(-c2nc(N3CC4CCC(C3)O4)c3cnn([C@H]4CC[C@H](O)CC4)c3n2)cc1,882.0,6.054531414868181,1,477.56900000000024
CNC(=O)Nc1ccc(-c2nc(N3CC4CCC(C3)O4)c3cnn([C@H]4CC[C@H](OC)CC4)c3n2)cc1,1170.0,5.931814138253839,0,491.5960000000003
CNC(=O)Nc1ccc(-c2nc(N3CC4CCC(C3)O4)c3sc(CN4CCN(C)CC4)cc3n2)cc1,322.0,6.492144128304169,1,507.6640000000003
CNC(=O)Nc1ccc(-c2nc(N3CC4CCC(C3)O4)c3sc(CN4CCN(S(C)(=O)=O)CC4)cc3n2)cc1,46.0,7.337242168318426,1,571.7290000000003
CNC(=O)Nc1ccc(-c2nc(N3CC4CCC(C3)O4)c3sccc3n2)cc1,423.0,6.373659632624958,1,395.48800000000006
CNC(=O)Nc1ccc(-c2nc(N3CCOC(C)C3)c3cnn(C4CCN(C(=O)OC)CC4)c3n2)cc1,268.0,6.5718652059712115,1,508.58300000000037
CNC(=O)Nc1ccc(-c2nc(N3CCOCC3)c3ccn(CCN(C)C)c3n2)cc1,54.0,7.267606240177032,1,423.52100000000013
CNC(=O)Nc1ccc(-c2nc(N3CCOCC3)c3cnn(C4CCN(C(=O)N(C)C)CC4)c3n2)cc1,209.0,6.679853713888946,1,507.5990000000003
CNC(=O)Nc1ccc(-c2nc(N3CCOCC3)c3cnn(C4CCN(C(=O)NC)CC4)c3n2)cc1,149.0,6.826813731587726,1,493.57200000000023
CNC(=O)Nc1ccc(-c2nc(N3CCOCC3)c3cnn(C4CCN(C(=O)OC(C)(C)C)CC4)c3n2)cc1,80.0,7.096910013008056,1,536.6370000000004
CNC(=O)Nc1ccc(-c2nc(N3CCOCC3)c3cnn(C4CCN(C(=O)OC(C)C)CC4)c3n2)cc1,189.0,6.723538195826756,1,522.6100000000004
CNC(=O)Nc1ccc(-c2nc(N3CCOCC3)c3cnn(C4CCN(C(=O)OC)CC4)c3n2)cc1,100.0,7.0,1,494.55600000000027
CNC(=O)Nc1ccc(-c2nc(N3CCOCC3)c3cnn(C4CCN(C(C)=O)CC4)c3n2)cc1,225.0,6.647817481888637,1,478.55700000000024
CNC(=O)Nc1ccc(-c2nc(N3CCOCC3)c3cnn(C4CCN(C)CC4)c3n2)cc1,211.0,6.675717544702307,1,450.5470000000002
CNC(=O)Nc1ccc(-c2nc(N3CCOCC3)c3cnn(C4CCN(Cc5ccccc5)CC4)c3n2)cc1,14.0,7.853871964321762,1,526.6450000000003
CNC(=O)Nc1ccc(-c2nc(N3CCOCC3)c3cnn(C4CCN(Cc5cccnc5)CC4)c3n2)cc1,41.0,7.3872161432802645,1,527.6330000000003
CNC(=O)Nc1ccc(-c2nc(N3CCOCC3)c3cnn(C4CCNCC4)c3n2)cc1,23.0,7.638272163982407,1,436.52000000000015
CNC(=O)Nc1ccc(-c2nc(N3CCOCC3)c3cnn(CC(F)(F)F)c3n2)cc1,194.0,6.7121982700697735,1,435.41
CNC(=O)Nc1ccc(-c2nc(N3CCOCC3)c3ncccc3n2)cc1,92.0,7.036212172654444,1,364.409
CNC(=O)Nc1ccc(-c2nc(N3CCOCC3)nc(N3CCOCC3)n2)cc1,350.0,6.455931955649724,1,399.45500000000015
CNC(=O)Nc1ccc(-c2nc(N3C[C@@H](C)O[C@@H](C)C3)c3cnn(C4CCN(Cc5cccnc5)CC4)c3n2)cc1,3877.0,5.41150419899279,0,555.6870000000004
CNC(=O)Nc1ccc(-c2nc(N3C[C@@H]4C[C@H]3CO4)c3cnn(CC(F)(F)F)c3n2)cc1,2092.0,5.679438319804763,0,447.4210000000001
CNC(=O)Nc1ccc(-c2nc(N3C[C@H]4C[C@@H]3CO4)c3cnn(CC(F)(F)F)c3n2)cc1,4632.0,5.334231449280621,0,447.4210000000001
CNC(=O)Nc1ccc(-c2ncc3c(n2)N2CCOCC2C(=O)N3)cc1,31.62,7.50003813440381,1,354.37000000000006
CNC(=O)Nc1ccc(-c2ncc3c(n2)N2CCOCC2C(=O)N3CC2CC2)cc1,19.95,7.700057099977233,1,408.4620000000002
CNC(=O)Nc1ccc(-c2ncc3c(n2)N2CCOCC2CC(=O)N3)cc1,2511.89,5.59999938302362,0,368.3970000000001
CNC(=O)Nc1ccc(-c2ncc3c(n2)N2CCOCC2CO3)cc1,50.12,7.299988937677887,1,341.3710000000001
CNC(=O)Nc1ccc(-c2ncc3c(n2)N2CCOC[C@@]2(C)C(=O)N3CC2CC2)cc1,79.43,7.100015437450609,1,422.48900000000026
CNC(=O)Nc1ccc(Nc2nc3ccccc3n2-c2nc(C)nc(N)n2)cc1,6.0,8.221848749616356,1,389.4230000000001
CNC(=O)Nc1ccc2c(c1)C(=O)/C(=C/c1cn(C)c3nccc(-c4ccccc4)c13)O2,233.0,6.632644078973981,1,424.46000000000015
CNC(=O)Nc1ccc2c(c1)C(=O)/C(=C/c1cn(C)c3nccc(N4CC5CCC(C4)O5)c13)O2,580.0,6.236572006437063,1,459.5060000000003
CNC(=O)Nc1ccc2c(c1)C(=O)/C(=C\c1c(-c3c(C)nn(C)c3C)[nH]c3c(F)cc(OC)cc13)O2,0.4,9.397940008672037,1,489.50700000000023
CNC(=O)Nc1ccc2c(c1)C(=O)/C(=C\c1c(-c3c(C)nn(C)c3C)[nH]c3ccc(OC)cc13)O2,0.4,9.397940008672037,1,471.5170000000002
CNC(=O)Nc1cccc2c1C(=O)/C(=C/c1cn(C)c3nccc(-c4ccccc4)c13)O2,10000.0,5.0,0,424.4600000000001
CNC(=O)Nc1nc2ccc(-c3cncc(S(=O)(=O)NC(C)(C)C)c3)cn2n1,5011.87,5.300000202445418,0,403.46800000000013
CNC(=O)Nc1ncc(-c2nc(-c3ccc(CN4CCN(S(C)(=O)=O)CC4)s3)nc(N3CCOCC3)n2)cn1,23.8,7.623423042943488,1,574.6930000000001
CNC(=O)[C@@H](C)Cn1cnc2ccc(-c3cnc(OC)c(NS(=O)(=O)c4ccc(F)cc4Cl)c3)cc2c1=O,2.3,8.638272163982407,1,560.0070000000002
CNC(=O)[C@@H]1CCCN1C(=O)Nc1nc(C)c(-c2ccnc(C(C)(C)C)c2)s1,6350.0,5.197226274708024,0,401.5360000000001
CNC(=O)[C@H](C)Cn1cnc2ccc(-c3cnc(C)c(NS(=O)(=O)c4ccc(F)cc4Cl)c3)cc2c1=O,3.0,8.522878745280337,1,544.008
CNC(=O)[C@H](C)Cn1cnc2ccc(-c3cnc(CO)c(NS(=O)(=O)c4ccc(F)cc4Cl)c3)cc2c1=O,30.0,7.522878745280337,1,560.0070000000001
CNC(=O)[C@H](C)Cn1cnc2ccc(-c3cnc(COC)c(NS(=O)(=O)c4ccc(F)cc4Cl)c3)cc2c1=O,1000.0,6.0,1,574.0340000000001
CNC(=O)[C@H](C)Cn1cnc2ccc(-c3cnc(N(C)C)c(NS(=O)(=O)c4ccc(F)cc4Cl)c3)cc2c1=O,8.4,8.075720713938118,1,573.0500000000002
CNC(=O)[C@H](C)Cn1cnc2ccc(-c3cnc(N)c(NS(=O)(=O)c4ccc(F)cc4Cl)c3)cc2c1=O,19.3,7.714442690992226,1,544.9960000000001
CNC(=O)[C@H](C)Cn1cnc2ccc(-c3cnc(OC)c(NS(=O)(=O)c4c(C)noc4C)c3)cc2c1=O,4.3,8.366531544420413,1,526.5750000000003
CNC(=O)[C@H](C)Cn1cnc2ccc(-c3cnc(OC)c(NS(=O)(=O)c4cc(C(F)(F)F)cc(C(F)(F)F)c4)c3)cc2c1=O,20.8,7.681936665037238,1,643.5660000000003
CNC(=O)[C@H](C)Cn1cnc2ccc(-c3cnc(OC)c(NS(=O)(=O)c4ccc(Cl)c(Cl)c4)c3)cc2c1=O,10.0,8.0,1,576.4620000000002
CNC(=O)[C@H](C)Cn1cnc2ccc(-c3cnc(OC)c(NS(=O)(=O)c4ccc(Cl)cc4Cl)c3)cc2c1=O,2.1,8.67778070526608,1,576.4620000000002
CNC(=O)[C@H](C)Cn1cnc2ccc(-c3cnc(OC)c(NS(=O)(=O)c4ccc(F)cc4)c3)cc2c1=O,3.4,8.468521082957745,1,525.5620000000002
CNC(=O)[C@H](C)Cn1cnc2ccc(-c3cnc(OC)c(NS(=O)(=O)c4ccc(F)cc4Cl)c3)cc2c1=O,6.95,8.158015195409886,1,560.0070000000002
CNC(=O)[C@H](C)Cn1cnc2ccc(-c3cnc(OC)c(NS(=O)(=O)c4cccc(C(F)(F)F)c4)c3)cc2c1=O,4.4,8.356547323513812,1,575.5690000000002
CNC(=O)[C@H](C)Cn1cnc2ccc(-c3cnc(OC)c(NS(=O)(=O)c4cccc(Cl)c4Cl)c3)cc2c1=O,1.1,8.958607314841775,1,576.4620000000002
CNC(=O)[C@H](C)Cn1cnc2ccc(-c3cnc(OC)c(NS(=O)(=O)c4sc(C)nc4C)c3)cc2c1=O,0.5,9.301029995663981,1,542.6430000000003
CNC(=O)[C@H](C)Cn1cnc2ccc(-c3cnc(OC)c(NS(=O)(=O)c4sccc4C)c3)cc2c1=O,4.1,8.387216143280265,1,527.6280000000003
CNC(=O)c1c(-c2ccccc2)c([C@H](C)Nc2ncnc(N)c2C#N)nc2ccc(F)cc12,12600.0,4.899629454882437,0,441.4700000000002
CNC(=O)c1c(-c2ccccn2)c([C@H](C)Nc2ncnc(N)c2C#N)nc2ccc(F)cc12,17600.0,4.7544873321858505,0,442.4580000000002
CNC(=O)c1c(-c2ccccn2)c([C@H](C)Nc2ncnc(N)c2C#N)nc2cccc(F)c12,14180.0,4.848323769152953,0,442.4580000000002
CNC(=O)c1cc(-c2ncnc(C)c2C#Cc2ccc(N)nc2)ccc1F,184.0,6.735182176990463,1,361.38000000000005
CNC(=O)c1cc(NC2CCOCC2)cc(-c2ccnc(NC(=O)C3CCOCC3)c2)c1,200000.0,3.6989700043360187,0,438.5280000000002
CNC(=O)c1cc(Nc2ccc(F)cc2)cc(-c2cc(NC(=O)C3CCOCC3)ncc2Cl)c1,47000.0,4.327902142064283,0,482.9430000000003
CNC(=O)c1cc(Nc2ccc(F)cc2)cc(-c2cc(NC(=O)C3CCOCC3)ncn2)c1,200000.0,3.6989700043360187,0,449.4860000000003
CNC(=O)c1cc(Nc2ccc(F)cc2)cc(-c2ccnc(NC(=O)C3CCOCC3)c2)c1,30000.0,4.522878745280337,0,448.4980000000003
CNC(=O)c1cc(Nc2cccc(F)c2)cc(-c2ccnc(NC(=O)C3CCOCC3)c2)c1,40000.0,4.3979400086720375,0,448.4980000000003
CNC(=O)c1cc(Nc2ccccc2)cc(-c2ccnc(NC(=O)C3CC3)c2)c1,6900.0,5.161150909262744,0,386.45500000000015
CNC(=O)c1cc(Nc2ccccc2)cc(-c2ccnc(NC(=O)C3CCN(C)CC3)c2)c1,32000.0,4.494850021680094,0,443.5510000000003
CNC(=O)c1cc(Nc2ccccc2)cc(-c2ccnc(NC(=O)C3CCOC3)c2)c1,20000.0,4.698970004336019,0,416.4810000000002
CNC(=O)c1cc(Nc2ccccc2)cc(-c2ccnc(NC(=O)C3CCOCC3)c2)c1,39000.0,4.4089353929735005,0,430.50800000000027
CNC(=O)c1cc(Nc2ccccc2)cc(-c2ccnc(NC(C)=O)c2)c1,2300.0,5.638272163982407,0,360.4170000000001
CNC(=O)c1cc(Nc2ccccc2F)cc(-c2ccnc(NC(=O)C3CCOCC3)c2)c1,33000.0,4.481486060122113,0,448.4980000000003
CNC(=O)c1cc(Nc2ccn(C)n2)cc(-c2ccnc(NC(=O)C3CCOCC3)c2)c1,200000.0,3.6989700043360187,0,434.5000000000003
CNC(=O)c1cc(Oc2ccc(NC(=O)Nc3ccc(Cl)c(C(F)(F)F)c3)cc2)ccn1,50000.0,4.301029995663981,0,464.83100000000013
CNC(=O)c1cc([C@@H](C)Nc2cc(F)cc(F)c2)c2oc(N3CCOCC3)cc(=O)c2c1,489.0,6.31069114087638,1,443.45000000000033
CNC(=O)c1ccc(-c2ccc3nc(N)sc3c2)cn1,1995.26,5.700000503883016,0,284.344
CNC(=O)c1ccc(-c2ccc3ncc4nc(C)n(-c5ccc(F)cc5)c4c3c2)cc1,194.6,6.710857164067667,1,410.4520000000001
CNC(=O)c1ccc(-c2cnc3cnc(C(=O)N(C)c4ccc(Cl)cc4)cn23)cc1,10000.0,5.0,0,419.872
CNC(=O)c1ccc(-c2ncnc(C)c2C#Cc2ccc(N)nc2)cc1Cl,50.0,7.301029995663981,1,377.83500000000004
CNC(=O)c1ccc(NC(=O)Nc2ccc(-c3nc(N4CCOCC4)nc(N4CCOCC4)n3)cc2)cc1,1.5,8.823908740944319,1,518.5780000000004
CNC(=O)c1ccc(Nc2nc3ccccc3n2-c2nc(C)nc(N)n2)o1,520.0,6.2839966563652006,1,364.36900000000014
CNC(=O)c1ccc2c(c1)OCCc1cc(C(=O)N(C)c3cc(C(=O)N(C)C)ccc3Cl)sc1-2,3.0,8.522878745280337,1,498.0040000000002
CNC(=O)c1ccc2c(c1)OCCc1cc(C(=O)N(C)c3ccc(C(=O)N(C)C)cc3Cl)sc1-2,3.3,8.481486060122112,1,498.0040000000002
CNC(=O)c1ccc2c(c1)OCCc1nc(-c3ncnn3C(C)C)sc1-2,2900.0,5.5376020021010435,0,369.45000000000005
CNC(=O)c1ccc2c(c1)OCCc1sc(-c3ncnn3C(C)C)nc1-2,98.65,7.00590291041179,1,369.45000000000005
CNC(=O)c1ccc2c(c1)OCCn1cc(-c3ncnn3C(C)C)nc1-2,259.65,6.585611673068925,1,352.398
CNC(=O)c1ccc2c(c1)OCCn1nc(-c3ncnn3C(C)C)cc1-2,426.0,6.370590400897281,1,352.398
CNC(=O)c1ccc2c(c1)n(CCCN(C)C1CCCCC1)c(=O)c1ccnn12,10960.0,4.96018944585165,0,395.5070000000002
CNC(=O)c1cccc(-c2ccc3c(N4CCOC[C@@H]4C)nc(C(C)(C)C)nc3n2)c1,1300.0,5.886056647693163,0,419.5290000000001
CNC(=O)c1cccc(-c2ccc3nc(NC(C)=O)nn3c2)c1,50118.72,4.300000029139088,0,309.329
CNC(=O)c1cccc(-c2ccnc(NC(=O)C3CCOC3)c2)c1,34000.0,4.468521082957745,0,325.3680000000001
CNC(=O)c1cccc(-c2nc(N3CCOCC3)nc3c2CCN3c2ccncc2)c1,2400.0,5.619788758288394,0,416.4850000000001
CNC(=O)c1cccc(-c2nc(Nc3cccc(OC)c3)c3cnn(C)c3n2)c1,3640.0,5.438898616350944,0,388.4310000000001
CNC(=O)c1cccc(-n2nc(C(C)n3nc(C)c4c(N)ncnc43)c3ccc(Cl)cc32)c1,6255.0,5.203772685970561,0,460.92900000000014
CNC(=O)c1cccc(Nc2nc(-c3cccc4[nH]ncc34)nc(N3CCOCC3)n2)c1,80.0,7.096910013008056,1,430.47200000000026
CNC(=O)c1cccc(S(=O)(=O)Nc2cc(-c3sc4c(-c5cccs5)ncnc4c3C)cnc2OC)c1,6.72,8.172630726946174,1,551.6750000000002
CNC(=O)c1ccn2ncc(/C=N/N(C)S(=O)(=O)c3cc([N+](=O)[O-])ccc3C)c2c1,1000.0,6.0,1,430.4460000000002
CNC(=O)c1cncc(-c2cnc(Cl)c(NS(=O)(=O)c3ccccc3)c2)c1,5095.5,5.292813194074291,0,402.8630000000001
CNC(=O)c1nc(-c2ccc(Cl)c(NS(=O)(=O)c3cccc(Cl)c3)c2)cnc1N,90.0,7.045757490560675,1,452.3230000000002
CNC(=O)c1nc(-c2ccc(Cl)c(S(=O)(=O)NC)c2)cnc1N,142.0,6.847711655616943,1,355.8070000000001
CNC(=O)c1nc(-c2ccc(Cl)c(S(=O)(=O)NCC(F)(F)F)c2)cnc1N,752.0,6.123782159408358,1,423.8040000000001
CNC(=O)c1nc(-c2ccc(Cl)c(S(=O)(=O)Nc3ccc(Cl)cc3)c2)cnc1N,142.0,6.847711655616943,1,452.3230000000001
CNC(=O)c1nc(-c2ccc(Cl)c(S(=O)(=O)Nc3ccc(Cl)cc3Cl)c2)cnc1N,323.0,6.490797477668897,1,486.76800000000014
CNC(=O)c1nc(-c2ccc(Cl)c(S(=O)(=O)Nc3ccc(F)c(F)c3)c2)cnc1N,5230.0,5.281498311132726,0,453.8580000000001
CNC(=O)c1nc(-c2ccc(Cl)c(S(=O)(=O)Nc3ccc(F)cc3Cl)c2)cnc1N,209.0,6.679853713888946,1,470.3130000000001
CNC(=O)c1nc(-c2ccc(Cl)c(S(=O)(=O)Nc3cccc(C(F)(F)F)c3)c2)cnc1N,727.0,6.138465589140962,1,485.8750000000001
CNC(=O)c1nc(-c2ccc(Cl)c(S(=O)(=O)Nc3cccc(C)c3)c2)cnc1N,323.0,6.490797477668897,1,431.90500000000014
CNC(=O)c1nc(-c2ccc(Cl)c(S(=O)(=O)Nc3cccc(Cl)c3)c2)cnc1N,174.0,6.7594507517174005,1,452.3230000000001
CNC(=O)c1nc(-c2ccc(Cl)c(S(=O)(=O)Nc3cccc(Cl)c3Cl)c2)cnc1N,555.0,6.255707016877324,1,486.76800000000014
CNC(=O)c1nc(-c2ccc(Cl)c(S(=O)(=O)Nc3cccc(F)c3)c2)cnc1N,316.0,6.5003129173815966,1,435.8680000000001
CNC(=O)c1nc(-c2ccc(Cl)c(S(=O)(=O)Nc3cccc(F)c3C)c2)cnc1N,342.0,6.465973893943865,1,449.89500000000015
CNC(=O)c1nc(-c2ccc(Cl)c(S(=O)(=O)Nc3cccc(F)c3Cl)c2)cnc1N,972.0,6.012333735073725,1,470.3130000000001
CNC(=O)c1nc(-c2ccc(Cl)c(S(=O)(=O)Nc3cccc(F)c3F)c2)cnc1N,435.0,6.361510743045363,1,453.8580000000001
CNC(=O)c1nc(-c2ccc(Cl)c(S(=O)(=O)Nc3cccc(OC)c3)c2)cnc1N,290.0,6.5376020021010435,1,447.90400000000017
CNC(=O)c1nc(-c2ccc(Cl)c(S(=O)(=O)Nc3ccccc3)c2)cnc1N,174.0,6.7594507517174005,1,417.8780000000001
CNC(=O)c1nc(-c2ccc(Cl)c(S(=O)(=O)Nc3ccccc3Cl)c2)cnc1N,476.0,6.3223930472795065,1,452.3230000000001
CNC(=O)c1nc(-c2ccc(Cl)c(S(N)(=O)=O)c2)cnc1N,97.0,7.013228265733755,1,341.7800000000001
CNC(=O)c1nc(-c2ccc(F)c(S(=O)(=O)Nc3ccccc3)c2)cnc1N,953.0,6.020907099361674,1,401.4230000000001
CNC(=O)c1nc(-c2ccc(OC)c(S(=O)(=O)Nc3ccccc3)c2)cnc1N,1807.0,5.743041847439068,0,413.45900000000006
CNC(=O)c1nc(-c2cccc(-c3nnn[nH]3)c2)cnc1N,529.0,6.276544327964814,1,296.2940000000001
CNC(=O)c1nc(-c2cccc(C(F)(F)F)c2)cnc1N,3575.0,5.4467239538629,0,296.252
CNC(=O)c1nc(-c2cccc(NS(=O)(=O)c3cccc(Cl)c3)c2)cnc1N,3381.0,5.470954829234231,0,417.87800000000016
CNC(=O)c1nc(-c2cccc(NS(=O)(=O)c3ccccc3)c2)cnc1N,3643.0,5.438540828758084,0,383.4330000000001
CNC(=O)c1nc(-c2cccc(S(=O)(=O)Nc3cccc(Cl)c3)c2)cnc1N,705.0,6.151810883008602,1,417.87800000000016
CNC(=O)c1nc(-c2cccc(S(=O)(=O)Nc3cccc(F)c3F)c2)cnc1N,2369.0,5.625434939277235,0,419.4130000000001
CNC(=O)c1nc(-c2cccc(S(=O)(=O)Nc3ccccc3)c2)cnc1N,744.0,6.128427064454121,1,383.4330000000001
CNC(=O)c1nc(-c2cnc(N)c(S(=O)(=O)Nc3ccccc3)c2)cnc1N,200.0,6.698970004336019,1,399.4360000000001
CNC(=O)c1nc(-c2nc(-c3cnc4ccccn34)c(C)nc2N)n(C)n1,6.0,8.221848749616356,1,363.38500000000016
CNC(=O)c1nc(-c2nc(-c3cnc4ccccn34)cnc2N)n(C)n1,20.0,7.698970004336019,1,349.3580000000001
CNC(=O)c1nc(-c2nc(-c3cnn4ccccc34)c(C)nc2N)n(C)n1,10.0,8.0,1,363.38500000000016
CNC(=O)c1nnc2ccc(-c3ccc(OCCCN(C)C)nc3)cc2c1N[C@@H](C)C1CCOCC1,16900.0,4.772113295386326,0,492.6240000000003
CNC(=S)Nc1ccc2ncc(-c3ccc(N)cc3)nc2n1,3800.0,5.42021640338319,0,310.386
CNCC(=O)Nc1ccc(-c2nc(C(C)(C)S(C)(=O)=O)cc([C@@]34CCOC[C@@H]3C4)n2)cc1,25118.86,4.600000074606178,0,458.5840000000003
CNCC(=O)Nc1ccc(-c2nc(C(C)(C)S(C)(=O)=O)cc([C@]34CCOC[C@H]3C4)n2)cc1,31622.78,4.499999953328896,0,458.5840000000003
CNCC(=O)Nc1ccc(-c2nc(CS(C)(=O)=O)cc(N3CCOC[C@@H]3C)n2)cc1,25118.86,4.600000074606178,0,433.5340000000002
CNCC(=O)Nc1ccc(-c2nc(CS(C)(=O)=O)cc([C@@]34CCOC[C@@H]3C4)n2)cc1,31622.78,4.499999953328896,0,430.53000000000026
CNCC(=O)Nc1ccc(-c2nc(CS(C)(=O)=O)cc([C@]34CCOC[C@H]3C4)n2)cc1,31622.78,4.499999953328896,0,430.53000000000026
CNCC(=O)Nc1ccc(-c2nc(N3CCOC[C@@H]3C)cc(C(C)(C)S(C)(=O)=O)n2)cc1,15848.93,4.800000052738446,0,461.58800000000014
CNCCCN(C)c1cc([N+](=O)[O-])ccc1S(=O)(=O)N(CCO)/N=C/c1cnn2ccc(C#N)cc12,16.0,7.795880017344075,1,514.5680000000002
CNCCCOc1ccc(-c2ccc3ncc4c(c3c2)n(C2CCOCC2)c(=O)n4C)cn1,184.0,6.735182176990463,1,447.53900000000027
CNCCCOc1ccc(-c2ccc3ncc4c(c3c2)n([C@@H]2CCCOC2)c(=O)n4C)cn1,167.0,6.777283528852417,1,447.53900000000027
CNCCCOc1ccc(-c2ccc3ncc4c(c3c2)n([C@H]2CCCOC2)c(=O)n4C)cn1,267.0,6.573488738635425,1,447.53900000000027
CNCCCOc1ccc(-c2ccc3ncc4c(c3c2)n([C@H]2C[C@@H](OC)C2)c(=O)n4C)cn1,321.0,6.493494967595128,1,447.5390000000002
CNCCN(C)C(=O)c1ccc(NC(=O)Nc2ccc(-c3nc(OC)nc(N4CCOCC4)n3)cc2)cc1,0.8,9.096910013008056,1,520.5940000000004
CNCCN(C)Cc1ccc(-c2ccnc3ccc(-c4cnc(OC)c(NS(=O)(=O)c5ccc(F)cc5F)c4)cc23)cc1,2.5,8.602059991327963,1,603.6950000000003
CNCCN(CCO)c1nc(N2CCOCC2)nc(-n2c(C(F)F)nc3ccccc32)n1,148.0,6.8297382846050425,1,448.47800000000007
CNCCNC(=O)c1c(-c2ccccn2)c([C@H](C)Nc2ncnc(N)c2C#N)nc2ccc(F)cc12,29200.0,4.534617148551582,0,485.5270000000002
CNCCNC(=O)c1ccc(NC(=O)Nc2ccc(-c3nc(OC)nc(N4CCOCC4)n3)cc2)cc1,2.4,8.619788758288394,1,506.56700000000035
CNCCNc1nc(N2CCOCC2)nc(-n2c(C(F)F)nc3ccccc32)n1,248.0,6.605548319173784,1,404.425
CNCc1ccc(-c2ccc3nc(N)sc3c2)cn1,63095.73,4.200000030616179,0,270.361
CNCc1ccc(NC(=O)Nc2ccc(-c3nc(N4C5CCC4COC5)nc(N4C5CCC4COC5)n3)cc2)cc1,226.0,6.645891560852599,1,556.6710000000005
CNS(=O)(=O)CCn1c([C@H](C)NC(=O)c2c(N)nn3cccnc23)cc2cccc(C#Cc3cnn(C)c3)c2c1=O,2000.0,5.698970004336019,0,573.6390000000001
CNS(=O)(=O)N1CC[C@H](N2CCc3c(-c4cnc(N)nc4)nc(N4CCOCC4)nc32)C1,130.0,6.886056647693163,1,461.5520000000003
CNS(=O)(=O)N1CC[C@](C)(N2CCc3c(-c4cnc(N)nc4)nc(N4CCOCC4)nc32)C1,27.0,7.568636235841013,1,475.5790000000003
CNS(=O)(=O)c1cc(-c2ccc3ncc(C(=O)N4CCOCC4)n3c2)ccc1OC,10000.0,5.0,0,430.4860000000003
CNS(=O)(=O)c1cc(-c2ccn3nc(N)c(C(=O)NC4CC4)c3n2)cc2c1C(=O)N([C@@H](C)C1CC1)C2,519.0,6.284832642151542,1,509.5920000000004
CNS(=O)(=O)c1cc(-c2ccn3nc(N)c(C(=O)N[C@@H](CO)C4CC4)c3n2)cc2c1C(=O)N([C@@H](C)C(F)(F)F)C2,363.0,6.440093374963888,1,581.5770000000003
CNS(=O)(=O)c1cc(-c2ccn3nc(N)c(C(=O)N[C@H]4CC[C@](C)(O)CC4)c3n2)cc2c1C(=O)N([C@@H](C)C(F)(F)F)C2,49.0,7.309803919971486,1,609.6310000000004
CNS(=O)(=O)c1cc(-c2sc(NC(C)=O)nc2C)cc2c1C(=O)N([C@@H](C)C1CC1)C2,31622.78,4.499999953328896,0,448.5700000000003
CNS(=O)(=O)c1cc(-c2sc(Nc3cccc(N(C)C(=O)COC)n3)nc2C)cc2c1C(=O)N([C@@H](C)C1CC1)C2,80.0,7.096910013008056,1,584.7240000000002
CNS(=O)(=O)c1cc(-c2sc(Nc3cccc(N(C)C(=O)[C@@H](C)OC)n3)nc2C)cc2c1C(=O)N([C@@H](C)C1CC1)C2,89.0,7.050609993355087,1,598.7510000000001
CNS(=O)(=O)c1cc(-c2sc(Nc3cccc(N(C)C(=O)[C@H](C)OC)n3)nc2C)cc2c1C(=O)N([C@@H](C)C1CC1)C2,55.0,7.259637310505756,1,598.7510000000001
CNS(=O)(=O)c1cc(-c2sc(Nc3cccc(N(C)C(C)=O)n3)nc2C)cc2c1C(=O)N([C@@H](C)C1CC1)C2,68.0,7.167491087293763,1,554.6980000000001
CNS(=O)(=O)c1cc(-c2sc(Nc3cccc(N4C(=O)CC[C@@H]4CO)n3)nc2C)cc2c1C(=O)N([C@@H](C)C1CC1)C2,43.0,7.366531544420414,1,596.7350000000001
CNS(=O)(=O)c1cc(-c2sc(Nc3cccc(N4C(=O)CC[C@H]4CO)n3)nc2C)cc2c1C(=O)N([C@@H](C)C1CC1)C2,11.0,7.958607314841775,1,596.7350000000001
CNS(=O)(=O)c1cc(-c2sc(Nc3cccc(N4C(=O)CNC[C@@H]4C)n3)nc2C)cc2c1C(=O)N([C@@H](C)C1CC1)C2,87.0,7.060480747381382,1,595.7510000000001
CNS(=O)(=O)c1cc(-c2sc(Nc3cccc(N4C(=O)CNC[C@H]4C)n3)nc2C)cc2c1C(=O)N([C@@H](C)C1CC1)C2,24.0,7.619788758288394,1,595.7510000000001
CNS(=O)(=O)c1cc(-c2sc(Nc3cccc(N4CC(=O)N5CCC[C@H]5C4=O)n3)nc2C)cc2c1C(=O)N([C@@H](C)C1CC1)C2,368.0,6.434152181326482,1,635.7720000000002
CNS(=O)(=O)c1cc(-c2sc(Nc3cccc(N4CC(C)(C)NCC4=O)n3)nc2C)cc2c1C(=O)N([C@@H](C)C1CC1)C2,19.0,7.721246399047171,1,609.778
CNS(=O)(=O)c1cc(-c2sc(Nc3cccc(N4CCCC4=O)n3)nc2C)cc2c1C(=O)N([C@@H](C)C(F)(F)F)C2,70.0,7.154901959985743,1,594.6410000000004
CNS(=O)(=O)c1cc(-c2sc(Nc3cccc(N4CCCCC4=O)n3)nc2C)cc2c1C(=O)N([C@@H](C)C1CC1)C2,18.975,7.721818215432482,1,580.7360000000002
CNS(=O)(=O)c1cc(-c2sc(Nc3cccc(N4CCCOC4=O)n3)nc2C)cc2c1C(=O)N(C(C)(C)C)C2,84.0,7.075720713938118,1,570.6970000000002
CNS(=O)(=O)c1cc(-c2sc(Nc3cccc(N4CCCOC4=O)n3)nc2C)cc2c1C(=O)N([C@@H](C)C1CC1)C2,19.475,7.710522533655398,1,582.7080000000002
CNS(=O)(=O)c1cc(-c2sc(Nc3cccc(N4CCCS4(=O)=O)n3)nc2C)cc2c1C(=O)N([C@@H](C)C1CC1)C2,42.0,7.376750709602099,1,602.7640000000001
CNS(=O)(=O)c1cc(-c2sc(Nc3cccc(N4CCN(C)CC4=O)n3)nc2C)cc2c1C(=O)N([C@@H](C)C1CC1)C2,38.905,7.409994580348671,1,595.7510000000001
CNS(=O)(=O)c1cc(-c2sc(Nc3cccc(N4CCN(CCO)CC4=O)n3)nc2C)cc2c1C(=O)N([C@@H](C)C1CC1)C2,27.0,7.568636235841013,1,625.7770000000002
CNS(=O)(=O)c1cc(-c2sc(Nc3cccc(N4CCNC(C)(C)C4=O)n3)nc2C)cc2c1C(=O)N([C@@H](C)C1CC1)C2,97.0,7.013228265733755,1,609.778
CNS(=O)(=O)c1cc(-c2sc(Nc3cccc(N4CCNC4=O)n3)nc2C)cc2c1C(=O)N([C@@H](C)C(F)(F)F)C2,32.0,7.494850021680094,1,595.6290000000004
CNS(=O)(=O)c1cc(-c2sc(Nc3cccc(N4CCNCC4=O)n3)nc2C)cc2c1C(=O)N([C@@H](C)C1CC1)C2,55.905,7.252549348190479,1,581.7240000000002
CNS(=O)(=O)c1cc(-c2sc(Nc3cccc(N4CCNCCC4=O)n3)nc2C)cc2c1C(=O)N([C@@H](C)C1CC1)C2,64.0,7.1938200260161125,1,595.7510000000001
CNS(=O)(=O)c1cc(-c2sc(Nc3cccc(N4CCN[C@@H](C)C4=O)n3)nc2C)cc2c1C(=O)N([C@@H](C)C1CC1)C2,72.0,7.142667503568732,1,595.7510000000001
CNS(=O)(=O)c1cc(-c2sc(Nc3cccc(N4CCN[C@H](C)C4=O)n3)nc2C)cc2c1C(=O)N([C@@H](C)C1CC1)C2,40.0,7.3979400086720375,1,595.7510000000001
CNS(=O)(=O)c1cc(-c2sc(Nc3cccc(N4CCOCC4=O)n3)nc2C)cc2c1C(=O)N([C@@H](C)C(C)(C)C)C2,485.0,6.314258261397736,1,598.7510000000002
CNS(=O)(=O)c1cc(-c2sc(Nc3cccc(N4CCOCC4=O)n3)nc2C)cc2c1C(=O)N([C@@H](C)C1CC1)C2,38.405,7.415612230553045,1,582.7080000000002
CNS(=O)(=O)c1cc(-c2sc(Nc3cccc(N4CC[C@@H](O)C4=O)n3)nc2C)cc2c1C(=O)N([C@@H](C)C1CC1)C2,14.925,7.8260856601985935,1,582.7080000000001
CNS(=O)(=O)c1cc(-c2sc(Nc3cccc(N4CC[C@H](O)C4=O)n3)nc2C)cc2c1C(=O)N([C@@H](C)C1CC1)C2,26.0,7.585026652029182,1,582.7080000000001
CNS(=O)(=O)c1cc(-c2sc(Nc3cccc(N4C[C@@H](C)NCC4=O)n3)nc2C)cc2c1C(=O)N([C@@H](C)C1CC1)C2,33.0,7.481486060122112,1,595.7510000000001
CNS(=O)(=O)c1cc(-c2sc(Nc3cccc(N4C[C@H](C)NCC4=O)n3)nc2C)cc2c1C(=O)N([C@@H](C)C1CC1)C2,69.0,7.161150909262744,1,595.7510000000001
CNS(=O)(=O)c1cc(-c2sc(Nc3cccc(N4C[C@H](O)CC4=O)n3)nc2C)cc2c1C(=O)N([C@@H](C)C1CC1)C2,39.905,7.398972684855514,1,582.7080000000001
CNS(=O)(=O)c1cc(Nc2ccccc2)cc(-c2ccnc(NC(=O)C3CCOCC3)c2)c1,22000.0,4.657577319177793,0,466.56300000000033
CNS(=O)(=O)c1ccc(-c2ccc3nc(NC(C)=O)nn3c2)cc1,100000.0,4.0,0,345.38400000000007
CNS(=O)(=O)c1ccc(C(=O)N2CCOc3ccc(-c4ccc5nc[nH]c5c4)cc3C2)cc1,1090.0,5.962573502059376,0,462.5310000000001
CNS(=O)(=O)c1cccc(-c2ccc3nc(NC(C)=O)nn3c2)c1,10000.0,5.0,0,345.38400000000007
CNS(=O)(=O)c1cccc(-c2ccc3ncc(C(=O)N4CCOCC4)n3c2)c1,10000.0,5.0,0,400.46000000000026
CNS(=O)(=O)c1cccc(-c2ccnc(NC(=O)C3CCOC3)c2)c1,18000.0,4.7447274948966935,0,361.4230000000002
CNS(=O)(=O)c1cccc(-c2nc(N3CCOCC3)nc3c2CCN3c2ccncc2)c1,50000.0,4.301029995663981,0,452.54000000000025
CNS(=O)(=O)c1cncc(-c2ccc3ncc(C(=O)N4CCOCC4)n3c2)c1,10000.0,5.0,0,401.44800000000026
CN[C@@H](C)C(=O)N1CCN(c2nc(N3CCOCC3)nc(-n3c(C(F)F)nc4ccccc43)n2)CC1,1500.0,5.823908740944319,0,501.5420000000002
CNc1cc(-c2c(Nc3cc[nH]n3)nc3cccnn23)nc(C)n1,1140.0,5.943095148663527,0,321.3480000000001
CNc1cc(-c2ccc3c(c2)-c2ccc(O[C@@H](C)C(N)=O)cc2OC3)ncn1,3.2,8.494850021680094,1,376.4160000000001
CNc1cc(-c2cccc(O)c2)nc(N2CCOCC2)n1,1100.0,5.958607314841775,0,286.33500000000004
CNc1cc(C(=O)O)nc2c(-c3cc(F)ccc3O)nc(N3CCOCC3)nc12,304.0,6.517126416391246,1,399.38200000000023
CNc1cc(C(=O)O)nc2c(-c3ccc(F)cc3O)nc(N3CCOCC3)nc12,412.0,6.3851027839668655,1,399.38200000000023
CNc1cc(C(=O)O)nc2c(-c3cccc(F)c3O)nc(N3CCOCC3)nc12,48.0,7.318758762624412,1,399.38200000000023
CNc1cc(C(=O)O)nc2c(-c3cccc(O)c3)nc(N3CCOCC3)nc12,144.0,6.841637507904751,1,381.3920000000003
CNc1cc(C(=O)O)nc2c(-c3cccc4[nH]ccc34)nc(N3CCOCC3)nc12,780.0,6.107905397309519,1,404.4300000000003
CNc1cc(N2CCOCC2)nc2c(Cc3cccc(C(F)(F)F)c3C)c(C)nn12,1584.89,5.800000874803203,0,419.4510000000001
CNc1cc(N2CCOc3ccc(O[C@H]4CCN(C(=O)C5CCOCC5)C4)cc32)cnc1S(C)(=O)=O,897.0,6.047207556955908,1,516.6200000000003
CNc1cc(Nc2ccccc2)cc(-c2ccnc(NC(=O)C3CCOCC3)c2)c1,29000.0,4.5376020021010435,0,402.4980000000003
CNc1ccc(-c2cc(N3CCOCC3)cc(S(=O)(=O)[C@@H]3CCOC3)c2)cn1,690.0,6.161150909262744,1,403.50400000000013
CNc1ccc(-c2csc3c(=O)cc(N4CCOCC4)oc23)cc1,56.0,7.251811972993799,1,342.42000000000013
CNc1cccc(Nc2nc(-c3cccc4[nH]ncc34)nc(N3CCOCC3)n2)c1,80.0,7.096910013008056,1,402.4620000000003
CNc1nc(C)c2cc(-c3c[nH]c(C)n3)c(=O)n(C3CCCC3)c2n1,67.0,7.173925197299173,1,338.4150000000002
CNc1nc(C)c2cc(-c3ccc(Cl)nc3)c(=O)n(C3CCCC3)c2n1,29.7,7.527243550682788,1,369.8560000000002
CNc1nc(C)c2cc(-c3ccc(O)c(OC)c3)c(=O)n(C3CCCC3)c2n1,1.57,8.804100347590767,1,380.4480000000002
CNc1nc(C)c2cc(-c3ccc(OC)nc3)c(=O)n(C3CCCC3)c2n1,1.03,8.987162775294827,1,365.4370000000002
CNc1nc(C)c2cc(-c3ccc(OC)nc3)c(=O)n(CC3CCOC3)c2n1,4.6,8.337242168318426,1,381.4360000000002
CNc1nc(C)c2cc(-c3ccc(OC)nc3)c(=O)n(CCC3CC3)c2n1,8.9,8.050609993355087,1,365.4370000000002
CNc1nc(C)c2cc(-c3ccc(OC)nc3)c(=O)n(CCN)c2n1,300.0,6.522878745280337,1,340.3870000000001
CNc1nc(C)c2cc(-c3ccc(OC)nc3)c(=O)n([C@H]3CC[C@H](O)CC3)c2n1,1.8,8.744727494896694,1,395.4630000000002
CNc1nc(C)c2cc(-c3cccc(O)c3)c(=O)n(C3CCCC3)c2n1,0.731,9.136082623042139,1,350.4220000000002
CNc1nc(C)c2cc(-c3cccc(OC)c3)c(=O)n(C3CCCC3)c2n1,244.0,6.61261017366127,1,364.4490000000002
CNc1nc(C)c2cc(-c3cccnc3OC)c(=O)n(C3CCCC3)c2n1,275.0,6.560667306169737,1,365.4370000000002
CNc1nc(C)c2cc(-c3cn[nH]c3)c(=O)n(C3CCCC3)c2n1,8.0,8.096910013008056,1,324.38800000000015
CNc1nc(C)c2cc(-c3cn[nH]c3)c(=O)n(CC3CCOC3)c2n1,6.0,8.221848749616356,1,340.38700000000017
CNc1nc(C)c2cc(-c3cnc(N)c(OC[C@H](C)N)n3)c(=O)n(C3CCCC3)c2n1,400.0,6.3979400086720375,1,424.50900000000024
CNc1nc(C)c2cc(-c3cnc(OC)c(NS(=O)(=O)c4ccc(F)cc4F)c3)cc(OC3CCC3)c2n1,4.1,8.387216143280265,1,541.5800000000002
CNc1nc(C)c2cc(-c3cnc(OC)c(NS(=O)(=O)c4ccc(F)cc4F)c3)cc(OC3CCCC3)c2n1,6.6,8.18045606445813,1,555.6070000000001
CNc1nc(C)c2cc(-c3cnc(OC)c(NS(=O)(=O)c4ccc(F)cc4F)c3)cc(OC3CCCCC3)c2n1,9.8,8.008773924307505,1,569.634
CNc1nc(C)c2cc(-c3cnc(OC)c(NS(=O)(=O)c4ccc(F)cc4F)c3)cc(OC3CCOC(C)(C)C3)c2n1,1.8,8.744727494896694,1,599.66
CNc1nc(C)c2cc(-c3cnc(OC)c(NS(=O)(=O)c4ccc(F)cc4F)c3)cc(OC3CCOCC3)c2n1,1.4,8.853871964321762,1,571.606
CNc1nc(C)c2cc(-c3cnc(OC)c(NS(=O)(=O)c4ccc(F)cc4F)c3)cc(OCC3CCOC3)c2n1,2.0,8.698970004336019,1,571.6060000000001
CNc1nc(C)c2cc(-c3cnc(OC)c(NS(=O)(=O)c4ccc(F)cc4F)c3)cc(OCC3CCOCC3)c2n1,1.8,8.744727494896694,1,585.633
CNc1nc(C)c2cc(-c3cnc(OC)c(NS(=O)(=O)c4ccc(F)cc4F)c3)cc(O[C@@H]3CCOC3)c2n1,0.96,9.017728766960431,1,557.5790000000001
CNc1nc(C)c2cc(-c3cnc(OC)c(NS(=O)(=O)c4ccc(F)cc4F)c3)cc(O[C@H]3CCOC3)c2n1,1.4,8.853871964321762,1,557.5790000000001
CNc1nc(C)c2cc(-c3cnc(OC)c(NS(=O)(=O)c4ccc(F)cc4F)c3)sc2n1,1.6,8.795880017344075,1,477.51800000000014
CNc1nc(C)c2cc(-c3cnc4[nH]ccc4c3)c(=O)n(C3CCCC3)c2n1,0.75,9.1249387366083,1,374.4480000000002
CNc1nc(C)c2cc(-c3cnc4[nH]ccc4c3)c(=O)n(CC3CCOC3)c2n1,1.6,8.795880017344075,1,390.44700000000023
CNc1nc(C)c2cc(-c3cnn(C)c3)c(=O)n(C3CCCC3)c2n1,39.0,7.4089353929735005,1,338.4150000000002
CNc1nc(C)c2cc(-c3cnn(CC(F)F)c3)c(=O)n(C3CCCC3)c2n1,46.0,7.337242168318426,1,388.4220000000002
CNc1nc(C)c2cc(-c3ncccc3F)c(=O)n(C3CCCC3)c2n1,2100.0,5.6777807052660805,0,353.4010000000002
CNc1nc(C)c2cc(Br)c(=O)n(CC3CCOC3)c2n1,48.0,7.318758762624412,1,353.22000000000014
CNc1nc(C)c2cc(C(=O)Nc3ccccn3)c(=O)n(C3CCCC3)c2n1,17.0,7.769551078621726,1,378.4360000000002
CNc1nc(C)c2cc(C(=O)Nc3ccon3)c(=O)n(C3CCCC3)c2n1,5.0,8.301029995663981,1,368.3970000000002
CNc1nc(C)nc(-n2c(Nc3cc[nH]n3)nc3ccccc32)n1,2200.0,5.657577319177793,0,321.34800000000007
CNc1nc2cc(-c3ccc4ncc(C(=O)N5CCOCC5)n4c3)ccc2o1,10000.0,5.0,0,377.4040000000001
CNc1nc2cc(-c3cnc4[nH]c(=O)n(CC5CCOCC5)c4n3)ccc2[nH]1,30000.0,4.522878745280337,0,379.4240000000001
CNc1nc2ccc(-c3cncc(S(C)(=O)=O)c3)cn2n1,3981.07,5.40000018605658,0,303.347
CNc1nc2ccccc2n1-c1nc(N2CCOC[C@H]2C)cc(C2(S(C)(=O)=O)CC2)n1,300.0,6.522878745280337,1,442.5450000000002
CNc1nc2ccccc2n1-c1nc(N2CCOC[C@H]2C)cc(C2([S@](C)(=N)=O)CC2)n1,30000.0,4.522878745280337,0,441.56100000000015
CNc1ncc(-c2cc(N3CCOCC3)cc(S(=O)(=O)Cc3ccccc3)c2)cn1,660.0,6.180456064458132,1,424.52600000000007
CNc1ncc(-c2cc(N3CCOCC3)cc(S(=O)(=O)c3ccccc3)c2)cn1,1500.0,5.823908740944319,0,410.499
CNc1ncc(-c2cc(Nc3cnc4ccccc4c3)nc(N3CCOCC3)n2)cn1,7.0,8.154901959985743,1,414.47300000000024
CNc1ncc(-c2cc(OC3CN(C(=O)C4C[C@H]4C)C3)cc3c2CNC3=O)cc1C(F)(F)F,1232.0,5.909389292171594,0,460.45600000000013
CNc1ncc(-c2ccnc(N[C@H]3CC[C@H](O)CC3)n2)c(CC2CC2)n1,6200.0,5.207608310501746,0,354.45800000000014
CNc1ncc(-c2ccnc(Nc3ccncc3)n2)c(CC2CC2)n1,6800.0,5.167491087293763,0,333.39900000000017
CNc1ncc(-c2cn(Cc3ccc(C(=O)NO)cc3)c(=O)c(N3CCOCC3)n2)cn1,336.0,6.4736607226101555,1,437.46000000000026
CNc1ncnc(-n2c(Nc3cccc(O)c3)nc3ccccc32)n1,190.0,6.721246399047171,1,333.3550000000001
CNc1noc2cc(-c3ccc4ncc(C(=O)N5CCOCC5)n4c3)ccc12,10000.0,5.0,0,377.40400000000017
CNc1noc2cc(-c3nn(C(C)C)c4ncnc(N)c34)ccc12,10000.0,5.0,0,323.36000000000007
CNc1noc2ccc(-c3nn(C(C)C)c4ncnc(N)c34)cc12,10000.0,5.0,0,323.36000000000007
CNc1nsc2cc(-c3ccc4ncc(C(=O)N5CCOCC5)n4c3)ccc12,10000.0,5.0,0,393.4720000000002
COC(=O)/C=C1\S/C(=N\N=C\c2ccc(OCC(F)(F)F)cc2)N(c2ccccc2)C1=O,77500.0,4.110698297493689,0,463.43700000000007
COC(=O)CNc1nc(-c2cccc(O)c2)nc(N2CCOCC2)n1,1180.0,5.928117992693875,0,345.3590000000002
COC(=O)N1CCC(n2c(=O)n(C)c3cnc4ccc(-c5ccc(OC)nc5)cc4c32)CC1,102.0,6.991399828238082,1,447.4950000000003
COC(=O)N1CCC(n2ncc3c(N4C5CCC4COC5)nc(-c4ccc(NC(=O)Nc5cccnc5)cc4)nc32)CC1,1827.0,5.738261452647462,0,583.653
COC(=O)N1CCC(n2ncc3c(N4CC5CCC(C4)O5)nc(-c4ccc(NC(=O)NC5CC5)cc4)nc32)CC1,4320.0,5.364516253185088,0,546.6320000000001
COC(=O)N1CCC(n2ncc3c(N4CC5CCC(C4)O5)nc(-c4ccc(NC(=O)Nc5cccnc5)cc4)nc32)CC1,613.0,6.212539525481585,1,583.653
COC(=O)N1CCC(n2ncc3c(N4CCOC(C)C4)nc(-c4ccc(NC(=O)Nc5cccnc5)cc4)nc32)CC1,81.0,7.0915149811213505,1,571.642
COC(=O)N1CCC(n2ncc3c(N4CCOCC4)nc(-c4ccc(N)cc4)nc32)CC1,801.0,6.096367483915762,1,437.50400000000025
COC(=O)N1CCC(n2ncc3c(N4CCOCC4)nc(-c4ccc(NC(=O)NC5CC5)cc4)nc32)CC1,661.0,6.179798540514359,1,520.5940000000003
COC(=O)N1CCC(n2ncc3c(N4CCOCC4)nc(-c4ccc(NC(=O)NCCF)cc4)nc32)CC1,505.0,6.296708621881338,1,526.5730000000002
COC(=O)N1CCC(n2ncc3c(N4CCOCC4)nc(-c4ccc(NC(=O)Nc5ccc(CCN6CCCC6)cc5)cc4)nc32)CC1,34.0,7.468521082957745,1,653.7879999999999
COC(=O)N1CCC(n2ncc3c(N4CCOCC4)nc(-c4ccc(NC(=O)Nc5ccc(CCN6CCN(C)CC6)cc5)cc4)nc32)CC1,21.0,7.6777807052660805,1,682.8299999999998
COC(=O)N1CCC(n2ncc3c(N4CCOCC4)nc(-c4ccc(NC(=O)Nc5ccc(CCN6CCOCC6)cc5)cc4)nc32)CC1,41.0,7.3872161432802645,1,669.7869999999999
COC(=O)N1CCC(n2ncc3c(N4CCOCC4)nc(-c4ccc(NC(=O)Nc5ccc(CCO)cc5)cc4)nc32)CC1,10.0,8.0,1,600.6800000000001
COC(=O)N1CCC(n2ncc3c(N4CCOCC4)nc(-c4ccc(NC(=O)Nc5ccc(CO)cc5)cc4)nc32)CC1,6.0,8.221848749616356,1,586.653
COC(=O)N1CCC(n2ncc3c(N4CCOCC4)nc(-c4ccc(NC(=O)Nc5ccc(N6CCN(C)CC6)cc5)cc4)nc32)CC1,15.0,7.823908740944319,1,654.776
COC(=O)N1CCC(n2ncc3c(N4CCOCC4)nc(-c4ccc(NC(=O)Nc5ccccc5)cc4)nc32)CC1,17.0,7.769551078621726,1,556.627
COC(=O)N1CCC(n2ncc3c(N4CCOCC4)nc(-c4ccc(NC(=O)Nc5cccnc5)cc4)nc32)CC1,35.0,7.455931955649724,1,557.615
COC(=O)N1CCC(n2ncc3c(N4CCOCC4)nc(-c4ccc(NC(=O)Nc5ccncc5)cc4)nc32)CC1,18.0,7.7447274948966935,1,557.615
COC(=O)N1CCC(n2ncc3c(N4CCOCC4)nc(-c4ccc(NC(=O)OCCO)cc4)nc32)CC1,681.0,6.166852888087215,1,525.5660000000003
COC(=O)N1CCC(n2ncc3c(N4CCOCC4)nc(-c4ccc5oc(N)nc5c4)nc32)CC1,1000.0,6.0,1,478.5130000000003
COC(=O)N1CCN(c2cnc3ccc(-c4ccc5oc(N)nc5c4)cc3n2)CC1,100.0,7.0,1,404.43000000000023
COC(=O)N1CC[C@H](Oc2ccc3c(c2)N(c2cnc(OC)c(C#N)c2)CCO3)C1,442.0,6.354577730650908,1,410.4300000000003
COC(=O)N1CC[C@H](Oc2ncnc3c2CN(c2cnc(OC)c(C#N)c2)CC3)C1,1991.0,5.70092873997259,0,410.43400000000025
COC(=O)N1CC[C@](C)(N2CCc3c(-c4cnc(N)nc4)nc(N4CCOCC4)nc32)C1,5.0,8.301029995663981,1,440.50800000000027
COC(=O)N1CC[C@](CO)(Nc2cc(-c3cnc(N)nc3)nc(N3CCOCC3)n2)C1,91.0,7.040958607678906,1,430.46900000000034
COC(=O)N1CC[C@](CO)(Nc2nc(N3CCOCC3)nc(-c3cnc(N)nc3)c2F)C1,47.0,7.327902142064283,1,448.45900000000023
COC(=O)Nc1cc(C(F)(F)F)c(-c2nc(N3CCOCC3)c3cc(CN4CCN(S(C)(=O)=O)CC4)cn3n2)cn1,5.9,8.229147988357855,1,598.6080000000002
COC(=O)Nc1ccc(-c2nc(N3CC4CCC(C3)O4)c3sccc3n2)cc1,6199.0,5.2076783636484265,0,396.4720000000001
COC(=O)Nc1ccc(-c2nc(N3CCOCC3)c3cnn(-c4ccccc4)c3n2)cc1,493.0,6.30715308072277,1,430.468
COC(=O)Nc1ccc(-c2nc(N3CCOCC3)c3cnn(C4CCN(C(=O)OC)CC4)c3n2)cc1,1026.0,5.988852639224203,0,495.54000000000025
COC(=O)Nc1ccc(-c2nc(N3CCOCC3)c3cnn(C4CCN(Cc5ccccc5)CC4)c3n2)cc1,486.0,6.313363730737707,1,527.6290000000002
COC(=O)Nc1ccc(-c2nc(N3CCOCC3)c3cnn(C4CCN(Cc5cccnc5)CC4)c3n2)cc1,801.0,6.096367483915762,1,528.6170000000003
COC(=O)Nc1noc2cc(-c3nn(C(C)C)c4ncnc(N)c34)ccc12,10000.0,5.0,0,367.3690000000001
COC(=O)Nc1noc2ccc(-c3nn(C(C)C)c4ncnc(N)c34)cc12,10000.0,5.0,0,367.36900000000014
COC(=O)[C@@H]1CCCN1C(=O)c1ccc(NC(=O)Nc2ccc(-c3nc(N4CCOCC4)nc(N4CCOCC4)n3)cc2)cc1,19.0,7.721246399047171,1,616.6790000000002
COC(=O)[C@@H]1C[C@@H](O)CN1C(=O)c1ccc(NC(=O)Nc2ccc(-c3nc(N4CCOCC4)nc(N4CCOCC4)n3)cc2)cc1,28.7,7.542118103266008,1,632.6780000000002
COC(=O)c1cc(CNc2ccc(S(=O)(=O)Nc3nnc(C)s3)cc2)cc(-c2ccc(OC)nc2)c1,38.0,7.42021640338319,1,525.6120000000003
COC(=O)c1cc(I)cc(CNc2ccc(S(=O)(=O)Nc3nnc(C)s3)cc2)c1,19000.0,4.721246399047171,0,544.3960000000002
COC(=O)c1cc(NC(=O)Cc2nc(N3CCOCC3)cc(=O)[nH]2)ccc1F,8143.0,5.089215565207163,0,390.3710000000001
COC(=O)c1cc(NCc2ccccc2)nc(N2CCOCC2)c1,240000.0,3.619788758288394,0,327.3840000000002
COC(=O)c1ccc(-c2ccc(/C=C3\SC(=O)NC3=O)o2)c(O)c1,210.0,6.6777807052660805,1,345.33200000000005
COC(=O)c1ccc(-c2ccc3ncc4nc(C)n(-c5ccc(F)cc5)c4c3c2)cc1,251.3,6.599807511407424,1,411.4360000000001
COC(=O)c1ccc(-c2cnc3sc(-c4cnc(N)c(C(F)(F)F)c4)nn23)cc1OC,18.0,7.7447274948966935,1,449.4140000000001
COC(=O)c1ccc(-c2csc3c(=O)cc(N4CCOCC4)oc23)cc1,400.0,6.3979400086720375,1,371.4140000000002
COC(=O)c1ccc(C#Cc2c(N)ncnc2N[C@@H](C)c2nc3cccc(Cl)c3c(=O)n2-c2ccccc2)nc1,1000.0,6.0,1,551.9940000000001
COC(=O)c1ccc(C)c(S(=O)(=O)N(C)/N=C/c2cnn3ccc(C#N)cc23)c1,990.0,6.00436480540245,1,411.4430000000001
COC(=O)c1ccc(CNc2nc3cc(-c4nc(N5CCOCC5)nc(N5CCOCC5)n4)ccc3o2)cc1,99.0,7.00436480540245,1,531.5730000000005
COC(=O)c1ccc(CNc2nc3ccc(-c4nc(N5CCN(C(C)=O)CC5)nc(N5CCN(C(C)=O)CC5)n4)cc3o2)cc1,10000.0,5.0,0,613.6790000000003
COC(=O)c1ccc(NC(=O)Nc2ccc(-c3nc(N4CCOCC4)nc(N4CCOCC4)n3)cc2)cc1,12.5,7.903089986991944,1,519.5620000000005
COC(=O)c1ccc2nc(NC(=O)N3CCC[C@H]3C(N)=O)[nH]c2c1,1000000.0,3.0,0,331.33200000000005
COC(=O)c1ccc2nc(NC(C)=O)sc2c1,2200.0,5.657577319177793,0,250.279
COC(=O)c1cccc(-c2cc(Nc3ccc4[nH]ncc4c3)nc(N3CCOCC3)n2)c1,16000.0,4.795880017344075,0,430.4680000000003
COC(=O)c1ccn2ncc(/C=N/N(C)S(=O)(=O)c3cc([N+](=O)[O-])ccc3C)c2c1,360.0,6.443697499232712,1,431.43000000000023
COC(=O)c1ccnc(C#Cc2c(N)ncnc2N[C@@H](C)c2nc3cccc(Cl)c3c(=O)n2-c2ccccc2)c1,1000.0,6.0,1,551.9940000000003
COC(C)(C)c1cc2nc(-c3cnc(N)nc3)nc(N3CCOCC3)c2s1,90.0,7.045757490560675,1,386.4810000000002
COC(C)C#Cc1cccc2cc(C(C)NC(=O)c3c(N)nn4cccnc34)n(-c3ccccc3)c(=O)c12,2000.0,5.698970004336019,0,506.5660000000002
COC(C)C#Cc1cccc2cc([C@H](C)NC(=O)c3c(N)nn4cccnc34)n(-c3ccccc3)c(=O)c12,2000.0,5.698970004336019,0,506.5660000000002
COC(Cn1ccc2c(N3CCOCC3)nc(-c3ccc(NC(=O)Nc4ccncc4)cc3)nc21)OC,17.0,7.769551078621726,1,503.5630000000001
COC(Cn1nc(-c2ccc3oc(N)nc3c2)c2c(N)ncnc21)OC,300.0,6.522878745280337,1,355.35800000000006
COC1(c2sc3c(N4CCOCC4)nc(-c4cnc(N)nc4)nc3c2C)COC1,30.0,7.522878745280337,1,414.49100000000016
COC12CC(C1)N(c1cc(=O)c3cc(C)cc(C(C)Nc4ccccc4C(=O)O)c3o1)C2,5937.5,5.226396377367077,0,434.4920000000002
COC1CCN(C(=O)C2CCN(c3ccnc4c3c(/C=C3\Oc5ccc(NC(=O)Nc6cccnc6)cc5C3=O)cn4C)CC2)C1,2310.0,5.636388020107856,0,621.698
COC1CCN(C(=O)c2cnc3ccc(-c4ccc5oc(N)nc5c4)cn23)C1,9680.0,5.014124642691606,0,377.40400000000017
COC1CCN(c2cc(=O)c3cc(C)cc(C(C)Nc4ccccc4C(=O)O)c3o2)CC1,5375.0,5.269621531412357,0,436.5080000000002
COC1CCN(c2cnc3ccc(-c4cnc(Cl)c(NS(=O)(=O)c5ccc(F)cc5)c4)cc3n2)CC1,46.0,7.337242168318426,1,528.0090000000001
COC1CCN(c2nc(N3CCOCC3)c3nc(-c4cccc5[nH]ccc45)[nH]c3n2)CC1,2070.0,5.684029654543083,0,433.51600000000013
COC1CCN(c2ncnc(C)c2C#Cc2ccc(N)nc2)CC1,37.0,7.431798275933005,1,323.4000000000001
COC1CCN(c2ncnc(C)c2C#Cc2cnc(C)c(NS(=O)(=O)c3ccccc3)c2)CC1,2.0,8.698970004336019,1,477.5900000000002
COC1CN(C(=O)c2cnc3ccc(-c4ccc5oc(N)nc5c4)cn23)C1,100.0,7.0,1,363.3770000000001
COC1CN(c2cc(=O)[nH]c(NCc3cccc4ccccc34)n2)C1,82600.0,4.083019952679618,0,336.3950000000001
COCC#Cc1cccc2cc([C@H](C)NC(=O)c3c(N)nn4cccnc34)n(-c3ccccc3)c(=O)c12,2000.0,5.698970004336019,0,492.53900000000016
COCC(=O)N(C)C1CCCN(Cc2cc3nc(-c4cccc5[nH]ccc45)nc(N4CCOCC4)c3s2)C1,3162.28,5.499999678657065,0,534.6860000000001
COCC(=O)N(C)C1CCCN(Cc2cc3nc(-c4cccc5[nH]ncc45)nc(N4CCOCC4)c3s2)C1,794.33,6.0999990348465305,1,535.6740000000002
COCC(=O)N(C)C1CCCN(Cc2cc3nc(-c4cnc(N)nc4)nc(N4CCOCC4)c3s2)C1,100.0,7.0,1,512.6400000000003
COCC(=O)N(C)C1CCN(Cc2cc3nc(-c4cccc5[nH]ccc45)nc(N4CCOCC4)c3s2)C1,3981.07,5.40000018605658,0,520.6590000000002
COCC(=O)N(C)C1CCN(Cc2cc3nc(-c4cccc5[nH]ccc45)nc(N4CCOCC4)c3s2)CC1,10000.0,5.0,0,534.6860000000001
COCC(=O)N(C)C1CCN(Cc2cc3nc(-c4cccc5[nH]ncc45)nc(N4CCOCC4)c3s2)C1,630.96,6.199998172182031,1,521.6470000000003
COCC(=O)N(C)C1CCN(Cc2cc3nc(-c4cccc5[nH]ncc45)nc(N4CCOCC4)c3s2)CC1,501.19,6.299997602857746,1,535.6740000000002
COCC(=O)N(C)C1CCN(Cc2cc3nc(-c4cnc(N)nc4)nc(N4CCOCC4)c3s2)C1,15.85,7.79997073344623,1,498.61300000000034
COCC(=O)N(C)C1CCN(Cc2cc3nc(-c4cnc(N)nc4)nc(N4CCOCC4)c3s2)CC1,125.89,6.900008766455316,1,512.6400000000003
COCC(=O)N1CCC(Nc2cc(-c3ncnc4c3CN(c3cnc(OC)c(C)c3)CC4)ccn2)CC1,9800.0,5.008773924307505,0,503.6070000000004
COCC(=O)N1CC[C@H](Oc2cc3c(cn2)OCCN3c2cnc(OC)c(C(F)F)c2)C1,28.0,7.552841968657781,1,450.4420000000002
COCC(=O)N1CC[C@H](Oc2cc3c(cn2)OCCN3c2cnc(S(C)(=O)=O)c(C(F)F)c2)C1,78.0,7.107905397309519,1,498.5080000000002
COCC(=O)N1CC[C@H](Oc2ccc3c(c2)N(c2cnc(OC)c(C#N)c2)CCO3)C1,142.0,6.847711655616943,1,424.4570000000003
COCC(=O)N1CC[C@H](Oc2ccc3c(c2)N(c2cnc(OC)c(F)c2)CCO3)C1,302.0,6.519993057042849,1,417.43700000000024
COCC(=O)N1CC[C@H](Oc2ccc3c(c2)N(c2cnc(OC)c(OC)c2)CCO3)C1,71.0,7.1487416512809245,1,429.4730000000003
COCC(=O)N1CC[C@H](Oc2ccc3c(c2)N(c2cnc(S(C)(=O)=O)c(C)c2)CCO3)C1,369.0,6.432973633840939,1,461.5400000000003
COCC(=O)N1CC[C@H](Oc2ncnc3c2CN(c2cnc(OC)c(C#N)c2)CC3)C1,2494.0,5.603103550857476,0,424.4610000000003
COCC(=O)NC1CCCN(Cc2cc3nc(-c4cccc5[nH]ccc45)nc(N4CCOCC4)c3s2)C1,2511.89,5.59999938302362,0,520.6590000000002
COCC(=O)NC1CCCN(Cc2cc3nc(-c4cccc5[nH]ncc45)nc(N4CCOCC4)c3s2)C1,398.11,6.399996913372259,1,521.6470000000003
COCC(=O)NC1CCCN(Cc2cc3nc(-c4cnc(N)nc4)nc(N4CCOCC4)c3s2)C1,501.19,6.299997602857746,1,498.61300000000034
COCC(=O)NC1CCN(Cc2cc3nc(-c4cccc5[nH]ccc45)nc(N4CCOCC4)c3s2)C1,1584.89,5.800000874803203,0,506.63200000000035
COCC(=O)NC1CCN(Cc2cc3nc(-c4cccc5[nH]ccc45)nc(N4CCOCC4)c3s2)CC1,3981.07,5.40000018605658,0,520.6590000000003
COCC(=O)NC1CCN(Cc2cc3nc(-c4cccc5[nH]ncc45)nc(N4CCOCC4)c3s2)C1,316.23,6.499996931948306,1,507.62000000000035
COCC(=O)NC1CCN(Cc2cc3nc(-c4cccc5[nH]ncc45)nc(N4CCOCC4)c3s2)CC1,398.11,6.399996913372259,1,521.6470000000003
COCC(=O)NC1CCN(Cc2cc3nc(-c4cnc(N)nc4)nc(N4CCOCC4)c3s2)C1,39.81,7.400007822415902,1,484.58600000000035
COCC(=O)NC1CCN(Cc2cc3nc(-c4cnc(N)nc4)nc(N4CCOCC4)c3s2)CC1,50.12,7.299988937677887,1,498.6130000000004
COCC(=O)NCc1cccc(Nc2cc3nc(-c4cnc(OC)c(OC)c4)ccn3n2)n1,0.84,9.075720713938118,1,449.4710000000002
COCC(O)Cn1cc(-c2ccc3c(c2)N(c2nc4c(s2)C(=O)NC(C)(C)C4)CCO3)cn1,243.0,6.614393726401688,1,469.5670000000003
COCC1CN(C2CCN(c3cc(OC)c(Nc4ncc(Br)c(Nc5ccc6c(c5P(C)(C)=O)OCCO6)n4)cc3C)CC2)C1,10000.0,5.0,0,701.6029999999997
COCCC(=O)N1CCN(c2ccc(Nc3ccnc4ccc(-c5cnc6ccccc6c5)cc34)cc2C(F)(F)F)CC1,300.0,6.522878745280337,1,585.6300000000002
COCCC(=O)N1CC[C@H](Oc2ccc3c(c2)N(c2cnc(OC)c(F)c2)CCO3)C1,1440.0,5.841637507904751,0,431.4640000000003
COCCC(=O)N1CC[C@H](Oc2ccc3c(c2)N(c2cnc(OC)c(OC)c2)CCO3)C1,2076.0,5.68277265082358,0,443.50000000000034
COCCC(=O)N1CC[C@H](Oc2ccc3c(c2)N(c2cnc(S(C)(=O)=O)c(C)c2)CCO3)C1,1104.0,5.95703092660682,0,475.56700000000035
COCCC(=O)NCC1CCN(c2ncnc(C)c2C#Cc2ccc(N)nc2)CC1,69.0,7.161150909262744,1,408.50600000000026
COCCCNC(=O)c1cn2cc(-c3cnc(N)nc3)nc(N3CCOCC3)c2n1,14.6,7.835647144215563,1,412.4540000000003
COCCN(C)C(=O)c1cc(C(C)Nc2cc(F)cc(F)c2)c2oc(N3CCOCC3)cc(=O)c2c1,1445.0,5.840132152907433,0,501.53000000000037
COCCN(C)Cc1cc2nc(-c3cccc(O)c3)nc(N3CCOCC3)c2s1,4.0,8.397940008672037,1,414.53100000000023
COCCN(C)Cc1cnc2oc3c(N4CCOCC4)nc(-c4cccc5[nH]ccc45)nc3c2c1,604.0,6.218963061378868,1,472.5490000000002
COCCN(C)c1cc(C(=O)O)nc2c(-c3cc(F)cc(F)c3)nc(N3CCOCC3)nc12,1290.0,5.889410289700751,0,459.45300000000026
COCCN(C)c1cc(C(=O)O)nc2c(-c3cc(O)cc(F)c3)nc(N3CCOCC3)nc12,19.0,7.721246399047171,1,457.4620000000003
COCCN(C)c1cc(C(=O)O)nc2c(-c3ccc(CO)cc3)nc(N3CCOCC3)nc12,546.0,6.262807357295263,1,453.4990000000003
COCCN(C)c1cc(C(=O)O)nc2c(-c3ccc(F)cc3O)nc(N3CCOCC3)nc12,62.0,7.2076083105017466,1,457.4620000000003
COCCN(C)c1cc(C(=O)O)nc2c(-c3ccc(O)cc3)nc(N3CCOCC3)nc12,290.0,6.5376020021010435,1,439.47200000000026
COCCN(C)c1cc(C(=O)O)nc2c(-c3ccc4[nH]ccc4c3)nc(N3CCOCC3)nc12,169.0,6.772113295386326,1,462.5100000000003
COCCN(C)c1cc(C(=O)O)nc2c(-c3cccc(CO)c3)nc(N3CCOCC3)nc12,8.0,8.096910013008056,1,453.4990000000003
COCCN(C)c1cc(C(=O)O)nc2c(-c3cccc(F)c3O)nc(N3CCOCC3)nc12,9.0,8.045757490560675,1,457.4620000000003
COCCN(C)c1cc(C(=O)O)nc2c(-c3cccc(O)c3)nc(N3CCOCC3)nc12,28.0,7.552841968657781,1,439.47200000000026
COCCN(C)c1cnc2ccc(-c3cnc(Cl)c(NS(=O)(=O)c4ccc(F)cc4)c3)cc2n1,56.0,7.251811972993799,1,501.9710000000002
COCCN(C)c1ncnc(C)c1C#Cc1cnc(C)c(NS(=O)(=O)c2ccccc2)c1,5.0,8.301029995663981,1,451.5520000000001
COCCN(CCO)c1nc(N2CCOCC2)nc(-n2c(C(F)F)nc3ccccc32)n1,5.1,8.292429823902063,1,449.46200000000005
COCCN(CCOC)C(=O)CCCC#Cc1cccc2nc(Cn3nc(-c4cccc(O)c4)c4c(N)ncnc43)n(Cc3ccccc3Cl)c(=O)c12,8445.286666666667,5.07338560415828,0,735.2449999999999
COCCN(CCOC)c1nc(N2CCOCC2)nc(-n2c(C(F)F)nc3ccccc32)n1,20.0,7.698970004336019,1,463.4890000000001
COCCN1C(=O)CNc2ncc(-c3ccc(C(C)(C)O)nc3)nc21,6200.0,5.207608310501746,0,343.38700000000006
COCCN1CC(=O)Nc2ncc(-c3ccc(C(C)(C)O)nc3)nc21,10500.0,4.978810700930062,0,343.38700000000006
COCCN1CCN(C(=O)c2ccc(-c3ncnc(C)c3C#Cc3ccc(N)nc3)cc2)CC1,118.0,6.928117992693875,1,456.5500000000003
COCCN1CCN(Cc2ccc(-c3cc(NS(=O)(=O)c4cc(N5CCOCC5)cnc4OC)ccn3)c(F)c2)CC1,10000.0,5.0,0,600.7170000000002
COCCN1CCN(c2ccc3nc(Nc4cnc(OC)c(F)c4)c(-c4nc(C)nc(N)n4)n3c2)CC1,26.0,7.585026652029182,1,508.56200000000035
COCCN1CCN(c2cnc3ccc(-c4ccc5oc(N)nc5c4)cc3n2)CC1,100.0,7.0,1,404.4740000000002
COCCN1CCN(c2ncnc(C)c2C#Cc2ccc(N)nc2)CC1,145.0,6.838631997765025,1,352.4420000000001
COCCN1CCN(c2ncnc(C)c2C#Cc2cnc(C)c(NS(=O)(=O)c3ccccc3)c2)CC1,0.83,9.080921907623926,1,506.63200000000023
COCCNC(=O)CC1CCN(c2ncnc(C)c2C#Cc2ccc(N)nc2)CC1,66.0,7.180456064458132,1,408.5060000000002
COCCNC(=O)Nc1ccc(-c2cnc(Cl)c(NS(=O)(=O)c3ccccc3)c2)cn1,288.0,6.540607512240769,1,461.9310000000001
COCCNC(=O)Nc1ccc(-c2nc(N3CCOCC3)c3cnn(C4CCN(Cc5ccccc5)CC4)c3n2)cc1,401.0,6.396855627379818,1,570.6980000000002
COCCNC(=O)[C@H](C)Cn1cnc2ccc(-c3cnc(OC)c(NS(=O)(=O)c4ccc(F)cc4Cl)c3)cc2c1=O,4.9,8.309803919971486,1,604.0600000000002
COCCNC(=O)c1cc(C(C)Nc2cc(F)cc(F)c2)c2oc(N3CCOCC3)cc(=O)c2c1,6528.5,5.185186591551165,0,487.5030000000003
COCCNC(=O)c1cn2c(Cl)c(-c3cnc(N)nc3)nc(N3CCOCC3)c2n1,23.15,7.635449004646028,1,432.87200000000024
COCCNC(=O)c1cn2cc(-c3cnc(N)nc3)nc(N3CCOCC3)c2n1,8.35,8.078313524516398,1,398.42700000000025
COCCNC(=O)c1nc2c(N3CCOCC3)nc(-c3cnc(N)nc3)cn2c1C,6.95,8.158015195409886,1,412.45400000000006
COCCNc1c(-c2ccccc2)c([C@H](C)Nc2ncnc(N)c2C#N)nc2ccc(F)cc12,1080.0,5.966576244513051,0,457.5130000000002
COCCNc1cc(-c2ccc3c(c2)-c2ccc(O[C@@H](C)C(N)=O)cc2OC3)ncn1,161.5,6.791827473332878,1,420.46900000000016
COCCNc1cc(C(=O)O)nc2c(-c3cc(F)ccc3O)nc(N3CCOCC3)nc12,73.0,7.136677139879544,1,443.43500000000023
COCCNc1cc(C(=O)O)nc2c(-c3ccc(CO)cc3)nc(N3CCOCC3)nc12,346.0,6.460923901207224,1,439.47200000000026
COCCNc1cc(C(=O)O)nc2c(-c3ccc(F)cc3O)nc(N3CCOCC3)nc12,89.0,7.050609993355087,1,443.4350000000003
COCCNc1cc(C(=O)O)nc2c(-c3ccc(O)cc3)nc(N3CCOCC3)nc12,504.0,6.297569463554475,1,425.4450000000002
COCCNc1cc(C(=O)O)nc2c(-c3cccc(COC)c3)nc(N3CCOCC3)nc12,1830.0,5.73754891026957,0,453.49900000000036
COCCNc1cc(C(=O)O)nc2c(-c3cccc(F)c3O)nc(N3CCOCC3)nc12,18.0,7.7447274948966935,1,443.4350000000003
COCCNc1cc(C(=O)O)nc2c(-c3cccc4[nH]ccc34)nc(N3CCOCC3)nc12,128.0,6.892790030352131,1,448.4830000000003
COCCNc1ccnc2ccc(-c3cnc(Cl)c(NS(=O)(=O)c4ccc(F)cc4)c3)cc12,1020.0,5.991399828238082,0,486.9560000000002
COCCNc1cnc2ccc(-c3cnc(Cl)c(NS(=O)(=O)c4ccc(F)cc4)c3)cc2n1,54.0,7.267606240177032,1,487.94400000000013
COCCNc1nc(Nc2ccc3[nH]ncc3c2)cc(-c2cccc(O)c2)n1,15000.0,4.823908740944319,0,376.42000000000013
COCCNc1nc2c(s1)C(=O)CC(C)(C)C2,40000.0,4.3979400086720375,0,254.35499999999993
COCCOCCNC(=O)CCCC#Cc1cccc2nc(Cn3nc(-c4cccc(O)c4)c4c(N)ncnc43)n(Cc3ccccc3Cl)c(=O)c12,1486.0,5.827981190575444,0,721.218
COCCOCCOCC#Cc1cccc2nc(Cn3nc(-c4cc(O)cc(F)c4)c4c(N)ncnc43)n(Cc3ccccc3C(F)(F)F)c(=O)c12,13900.0,4.856985199745905,0,717.6800000000002
COCCOCCOCC#Cc1cccc2nc(Cn3nc(-c4cccc(O)c4)c4c(N)ncnc43)n(Cc3ccccc3F)c(=O)c12,653.0,6.185086818724926,1,649.6830000000002
COCCOc1cc(-c2ccc3nc(NC(C)=O)cn3c2)cnc1N,26.0,7.585026652029182,1,341.37100000000004
COCCOc1cc(-c2ccc3nc(NC(C)=O)cn3n2)cnc1N,6.0,8.221848749616356,1,342.35900000000004
COCCOc1cc(-c2cccc3c(=O)cc(N4CCOCC4)oc23)ccc1NC(=O)CN1CCOCC1,1500.0,5.823908740944319,0,523.5860000000005
COCCOc1cc(-c2cnc(OC)c(NS(=O)(=O)c3ccc(F)cc3F)c2)cc2c(C)nc(N)nc12,1.6,8.795880017344075,1,531.5410000000002
COCCOc1cc(C(=O)O)nc2c(-c3cc(O)cc(F)c3)nc(N3CCOCC3)nc12,93.0,7.031517051446065,1,444.41900000000027
COCCOc1cc(C(=O)O)nc2c(-c3ccc(O)cc3)nc(N3CCOCC3)nc12,2520.0,5.598599459218456,0,426.42900000000026
COCCOc1cc(C(=O)O)nc2c(-c3cccc(O)c3)nc(N3CCOCC3)nc12,255.0,6.5934598195660445,1,426.42900000000026
COCCOc1ccc(-c2ccc3nc(N)sc3c2)cn1,2511.89,5.59999938302362,0,301.37100000000004
COCCOc1ccc([C@@H]2OC(=O)N(c3cc(-c4cnc(N)nc4C(F)(F)F)nc(N4CCOCC4)n3)[C@H]2CO)cc1,8.0,8.096910013008056,1,591.5470000000003
COCCOc1nc(-c2ccc3nc(NC(C)=O)cn3c2)cnc1N,8.0,8.096910013008056,1,342.3590000000001
COCCOn1ccc(-c2ccc3nc(N)sc3c2)cc1=O,25118.86,4.600000074606178,0,317.37000000000006
COCCS(=O)(=O)Nc1cc(C#Cc2c(C)ncnc2N2CCOCC2)cnc1C,4.0,8.397940008672037,1,431.51800000000026
COCCSC(=S)N1CCN(c2cc(N3CCOCC3)nc(-n3c(C(F)F)nc4c(OC)cccc43)n2)CC1,17.0,7.769551078621726,1,579.6990000000001
COCCSC(=S)N1CCN(c2nc(N3CCOCC3)nc(-n3c(C(F)F)nc4c(OC)cccc43)n2)CC1,21.0,7.6777807052660805,1,580.6870000000001
COCCn1c(=O)n(C)c2cnc(Nc3ccc(OC)cc3C)cc21,3570.0,5.447331783887806,0,342.3990000000001
COCCn1c(=O)n(C2CCCC2)c2cc(Nc3ccc(OC)cc3C)ncc21,20800.0,4.681936665037238,0,396.4910000000001
COCCn1c(Cc2nc(N3CCOCC3)cc(=O)[nH]2)nc2cc(F)ccc21,10000.0,5.0,0,387.415
COCCn1cc(-c2c(N)nn3ccc(-c4cnc(OC)c(OC)c4)nc23)cn1,4.6,8.337242168318426,1,395.4230000000001
COCCn1cnc2ccc(-c3ccc4oc(N)nc4c3)cc2c1=O,1000.0,6.0,1,336.35100000000006
COCCn1cnc2ccc(-c3cnc(COC4CC4)c(NS(=O)(=O)c4ccc(F)cc4F)c3)cc2c1=O,240.0,6.619788758288394,1,542.5640000000002
COCCn1nc(-c2cc3cc(O)ccc3[nH]2)c2c(N)ncnc21,500.0,6.301029995663981,1,324.34400000000005
COCNC(=O)N1CC(S(=O)(=O)c2cc(-c3cnc(N)nc3)cc(N3CCOCC3)c2)C1,110.0,6.958607314841775,1,462.5320000000003
COCOc1cc(-c2nn(C(C)C)c3ncnc(N)c23)ccc1Br,1700.0,5.769551078621726,0,392.25700000000006
COC[C@@H](Nc1ncnc(N)c1C#Cc1ccc(F)cn1)c1nc2cccc(Cl)c2c(=O)n1-c1cc(F)cc(F)c1,1000.0,6.0,1,577.9540000000003
COC[C@@]1(C(N)=O)CCCN1C(=O)Nc1nc(C)c(-c2ccnc(C(C)(C)C)n2)s1,49.0,7.309803919971486,1,432.5500000000002
COC[C@H]1OC(=O)/C(=C/N(C)C(C)(C)C)C2=C(O)C(=O)C3=C([C@H](OC(C)=O)C[C@]4(C)[C@@H](O)CC[C@@H]34)[C@]21C,440.0,6.356547323513812,1,517.6190000000004
COC[C@H]1OC(=O)/C(=C/N(C)C2CCN(C)C2)C2=C(O)C(=O)C3=C([C@H](OC(C)=O)C[C@]4(C)[C@@H](O)CC[C@@H]34)[C@]21C,127.0,6.896196279044043,1,544.6450000000003
COC[C@H]1OC(=O)/C(=C/N(C)CC(=O)OC(C)(C)C)C2=C(O)C(=O)C3=C([C@H](OC(C)=O)C[C@]4(C)[C@@H](O)CC[C@@H]34)[C@]21C,1580.0,5.801342913045577,0,575.6550000000001
COC[C@H]1OC(=O)/C(=C/N(C)CC(O)CO)C2=C(O)C(=O)C3=C([C@H](OC(C)=O)C[C@]4(C)[C@@H](O)CC[C@@H]34)[C@]21C,199.0,6.701146923590294,1,535.5900000000003
COC[C@H]1OC(=O)/C(=C/N(C)CCCC(=O)O)C2=C(O)C(=O)C3=C([C@H](OC(C)=O)C[C@]4(C)[C@@H](O)CC[C@@H]34)[C@]21C,193.0,6.714442690992226,1,547.6010000000003
COC[C@H]1OC(=O)/C(=C/N(C)CCCN(C)C)C2=C(O)C(=O)C3=C([C@H](O)C[C@]4(C)[C@@H](O)CC[C@@H]34)[C@]21C,638.0,6.195179321278838,1,504.6240000000003
COC[C@H]1OC(=O)/C(=C/N(C)CCCN(C)C)C2=C(O)C(=O)C3=C([C@H](OC(C)=O)C[C@]4(C)[C@@H](O)CC[C@@H]34)[C@]21C,64.0,7.1938200260161125,1,546.6610000000003
COC[C@H]1OC(=O)/C(=C/N(C)CCCN2CCN(C)CC2)C2=C(O)C(=O)C3=C([C@H](OC(C)=O)C[C@]4(C)[C@@H](O)CC[C@@H]34)[C@]21C,10.0,8.0,1,601.7410000000002
COC[C@H]1OC(=O)/C(=C/N(C)CCCN2CCN(c3ccc(OC)cc3)CC2)C2=C(O)C(=O)C3=C([C@H](OC(C)=O)C[C@]4(C)[C@@H](O)CC[C@@H]34)[C@]21C,15.0,7.823908740944319,1,693.838
COC[C@H]1OC(=O)/C(=C/N(C)CCCN2CCOCC2)C2=C(O)C(=O)C3=C([C@H](OC(C)=O)C[C@]4(C)[C@@H](O)CC[C@@H]34)[C@]21C,24.0,7.619788758288394,1,588.6980000000002
COC[C@H]1OC(=O)/C(=C/N(C)CCN(C)C)C2=C(O)C(=O)C3=C([C@H](OC(C)=O)C[C@]4(C)[C@@H](O)CC[C@@H]34)[C@]21C,8.4,8.075720713938118,1,532.6340000000002
COC[C@H]1OC(=O)/C(=C/N(CCC#N)Cc2ccccc2)C2=C(O)C(=O)C3=C([C@H](OC(C)=O)C[C@]4(C)[C@@H](O)CC[C@@H]34)[C@]21C,444.0,6.35261702988538,1,590.6730000000001
COC[C@H]1OC(=O)/C(=C/N(CCCN(C)C)C(C)(C)C)C2=C(O)C(=O)C3=C([C@H](OC(C)=O)C[C@]4(C)[C@@H](O)CC[C@@H]34)[C@]21C,9.6,8.017728766960431,1,588.7420000000002
COC[C@H]1OC(=O)/C(=C/N(CCCN(C)C)CCCN(C)C)C2=C(O)C(=O)C3=C([C@H](OC(C)=O)C[C@]4(C)[C@@H](O)CC[C@@H]34)[C@]21C,22.0,7.657577319177793,1,617.7840000000002
COC[C@H]1OC(=O)/C(=C/N(CCN(C)C)Cc2ccccc2)C2=C(O)C(=O)C3=C([C@H](OC(C)=O)C[C@]4(C)[C@@H](O)CC[C@@H]34)[C@]21C,66.0,7.180456064458132,1,608.7320000000002
COC[C@H]1OC(=O)/C(=C/N(CCO)C(C)(C)C)C2=C(O)C(=O)C3=C([C@H](OC(C)=O)C[C@]4(C)[C@@H](O)CC[C@@H]34)[C@]21C,1110.0,5.954677021213342,0,547.6450000000003
COC[C@H]1OC(=O)/C(=C/N(CCO)CCO)C2=C(O)C(=O)C3=C([C@H](OC(C)=O)C[C@]4(C)[C@@H](O)CC[C@@H]34)[C@]21C,918.0,6.037157318798758,1,535.5900000000003
COC[C@H]1OC(=O)/C(=C/N2CCC(=O)CC2)C2=C(O)C(=O)C3=C([C@H](OC(C)=O)C[C@]4(C)[C@@H](O)CC[C@@H]34)[C@]21C,60.0,7.221848749616356,1,529.5860000000002
COC[C@H]1OC(=O)/C(=C/N2CCC(C(=O)O)CC2)C2=C(O)C(=O)C3=C([C@H](OC(C)=O)C[C@]4(C)[C@@H](O)CC[C@@H]34)[C@]21C,33.0,7.481486060122112,1,559.6120000000002
COC[C@H]1OC(=O)/C(=C/N2CCC(C(=O)OC)CC2)C2=C(O)C(=O)C3=C([C@H](OC(C)=O)C[C@]4(C)[C@@H](O)CC[C@@H]34)[C@]21C,31.0,7.508638306165727,1,573.6390000000001
COC[C@H]1OC(=O)/C(=C/N2CCC(N3CCCCC3)CC2)C2=C(O)C(=O)C3=C([C@H](OC(C)=O)C[C@]4(C)[C@@H](O)CC[C@@H]34)[C@]21C,63.0,7.200659450546418,1,598.7370000000003
COC[C@H]1OC(=O)/C(=C/N2CCC(c3ccccc3)CC2)C2=C(O)C(=O)C3=C([C@H](OC(C)=O)C[C@]4(C)[C@@H](O)CC[C@@H]34)[C@]21C,172.0,6.764471553092451,1,591.7010000000002
COC[C@H]1OC(=O)/C(=C/N2CCCC2)C2=C(O)C(=O)C3=C([C@H](OC(C)=O)C[C@]4(C)[C@@H](O)CC[C@@H]34)[C@]21C,496.0,6.304518323509803,1,501.5760000000003
COC[C@H]1OC(=O)/C(=C/N2CCCCC2)C2=C(O)C(=O)C3=C([C@H](OC(C)=O)C[C@]4(C)[C@@H](O)CC[C@@H]34)[C@]21C,104.0,6.982966660701219,1,515.6030000000003
COC[C@H]1OC(=O)/C(=C/N2CCN(C)CC2)C2=C(O)C(=O)C3=C([C@H](OC(C)=O)C[C@]4(C)[C@@H](O)CC[C@@H]34)[C@]21C,90.0,7.045757490560675,1,530.6180000000003
COC[C@H]1OC(=O)/C(=C/N2CCN(C3CCCCC3)CC2)C2=C(O)C(=O)C3=C([C@H](OC(C)=O)C[C@]4(C)[C@@H](O)CC[C@@H]34)[C@]21C,43.0,7.366531544420414,1,598.7370000000003
COC[C@H]1OC(=O)/C(=C/N2CCN(C3CCN(C)CC3)CC2)C2=C(O)C(=O)C3=C([C@H](OC(C)=O)C[C@]4(C)[C@@H](O)CC[C@@H]34)[C@]21C,91.0,7.040958607678906,1,613.7520000000003
COC[C@H]1OC(=O)/C(=C/N2CCN(CCCN(C)C)CC2)C2=C(O)C(=O)C3=C([C@H](OC(C)=O)C[C@]4(C)[C@@H](O)CC[C@@H]34)[C@]21C,38.0,7.42021640338319,1,601.7410000000002
COC[C@H]1OC(=O)/C(=C/N2CCN(CCCN3CCOCC3)CC2)C2=C(O)C(=O)C3=C([C@H](OC(C)=O)C[C@]4(C)[C@@H](O)CC[C@@H]34)[C@]21C,45.0,7.346787486224656,1,643.7780000000001
COC[C@H]1OC(=O)/C(=C/N2CCN(CCN3CCOCC3)CC2)C2=C(O)C(=O)C3=C([C@H](OC(C)=O)C[C@]4(C)[C@@H](O)CC[C@@H]34)[C@]21C,78.0,7.107905397309519,1,629.7510000000002
COC[C@H]1OC(=O)/C(=C/N2CCN(Cc3ccccc3)CC2)C2=C(O)C(=O)C3=C([C@H](OC(C)=O)C[C@]4(C)[C@@H](O)CC[C@@H]34)[C@]21C,87.0,7.060480747381382,1,606.7160000000002
COC[C@H]1OC(=O)/C(=C/N2CCN(c3ccccc3)CC2)C2=C(O)C(=O)C3=C([C@H](OC(C)=O)C[C@]4(C)[C@@H](O)CC[C@@H]34)[C@]21C,56.0,7.251811972993799,1,592.6890000000002
COC[C@H]1OC(=O)/C(=C/N2CCOCC2)C2=C(O)C(=O)C3=C([C@H](OC(C)=O)C[C@]4(C)[C@@H](O)CC[C@@H]34)[C@]21C,37.0,7.431798275933005,1,517.5750000000003
COC[C@H]1OC(=O)/C(=C/NC(C)(C)C)C2=C(O)C(=O)C3=C([C@H](OC(C)=O)C[C@]4(C)[C@@H](O)CC[C@@H]34)[C@]21C,10000.0,5.0,0,503.5920000000004
COC[C@H]1OC(=O)/C(=C/NCCCN(C)C)C2=C(O)C(=O)C3=C([C@H](OC(C)=O)C[C@]4(C)[C@@H](O)CC[C@@H]34)[C@]21C,10000.0,5.0,0,532.6340000000002
COC[C@H]1OC(=O)/C(=C\N(C)CCCCCC(=O)O)C2=C(O)C(=O)C3=C([C@H](OC(=O)CCCCN(C)c4ccc([N+](=O)[O-])c5nonc45)C[C@]4(C)C(=O)CC[C@@H]34)[C@]21C,174.0,6.7594507517174005,1,807.8539999999998
COC[C@H]1OC(=O)/C(=C\N(C)CCCCCC(=O)O)C2=C(O)C(=O)C3=C([C@H](OC(C)=O)C[C@]4(C)C(=O)CC[C@@H]34)[C@]21C,128.0,6.892790030352131,1,573.6390000000001
COC[C@H]1OC(=O)/C(=C\N(C)c2ccncc2)C2=C(O)C(=O)C3=C([C@H](OC(=O)CCCCN(C)c4ccc([N+](=O)[O-])c5nonc45)C[C@]4(C)C(=O)CC[C@@H]34)[C@]21C,262.0,6.581698708680254,1,770.7959999999999
COC[C@H]1OC(=O)/C(=C\N(C)c2ccncc2)C2=C(O)C(=O)C3=C([C@H](OC(C)=O)C[C@]4(C)C(=O)CC[C@@H]34)[C@]21C,119.0,6.924453038607469,1,536.5810000000004
COC[C@H]1OC(=O)/C(=C\N2CCCC2C(=O)O)C2=C(O)C(=O)C3=C([C@H](OC(C)=O)C[C@]4(C)C(=O)CC[C@@H]34)[C@]21C,86.5,7.062983892535186,1,543.5690000000003
COC[C@H]1OC(=O)/C(=C\NCCCCC(=O)O)C2=C(O)C(=O)C3=C([C@H](OC(C)=O)C[C@]4(C)C(=O)CC[C@@H]34)[C@]21C,10000.0,5.0,0,545.5850000000004
COC[C@H]1OC(=O)/C(=C\NCCCCC(NC(C)=O)C(=O)O)C2=C(O)C(=O)C3=C([C@H](OC(C)=O)C[C@]4(C)C(=O)CC[C@@H]34)[C@]21C,5500.0,5.259637310505756,0,616.6640000000001
COC[C@H]1OC(=O)/C(=C\NCCCCCC(=O)O)C2=C(O)C(=O)C3=C([C@H](OC(=O)CCCCN(C)c4ccc([N+](=O)[O-])c5nonc45)C[C@]4(C)C(=O)CC[C@@H]34)[C@]21C,10000.0,5.0,0,793.8269999999999
COC[C@H]1OC(=O)c2coc3c2[C@@]1(C)C1=C(C3=O)[C@@H]2CCC(=O)[C@@]2(C)C[C@H]1OC(=O)CCCCN(C)c1ccc([N+](=O)[O-])c2nonc12,24.2,7.616184634019569,1,662.6520000000004
COC[C@H]1OC(=O)c2coc3c2[C@@]1(C)C1=C(C3=O)[C@@H]2CCC(=O)[C@@]2(C)C[C@H]1OC(C)=O,119.0,6.924453038607469,1,428.4370000000003
COC[C@H]1OC(=O)c2coc3c2[C@@]1(C)C1=C(C3=O)[C@@H]2CC[C@H](O)[C@@]2(C)C[C@H]1OC(C)=O,2.7,8.568636235841012,1,430.45300000000026
COCc1ccc(-c2cc3c(N[C@@H](C)c4ccn(C)n4)c(C(N)=O)cnc3cc2F)cn1,9622.5,5.016712080233371,0,434.47500000000014
COCc1ccc(-c2ccc3nc(N)sc3c2)cn1,2511.89,5.59999938302362,0,271.34499999999997
COCc1ccc(-c2ccc3ncc(C(N)=O)c(N[C@@H](C)C4CCOCC4)c3c2)cn1,16055.0,4.7943896900974785,0,420.51300000000026
COCc1ccc(-c2ccc3ncc4c(c3c2)n([C@@H]2CCOCC2(C)C)c(=O)n4C)cn1,5011.87,5.300000202445418,0,432.5240000000003
COCc1ccc(N2CCOc3ccc(O[C@H]4CCN(C(=O)C5CCOCC5)C4)cc32)cn1,9100.0,5.040958607678906,0,453.5390000000003
COCc1ccc2c(N3C4CCC3COC4)nc(-c3cnc(N)nc3)nn12,2200.0,5.657577319177793,0,367.413
COCc1ccc2c(N3CCOCC3)nc(-c3cnc(N)nc3)nn12,30.0,7.522878745280337,1,341.375
COCc1ccc2c(N3CCOC[C@@H]3C)nc(-c3cnc(N)nc3)nn12,90.0,7.045757490560675,1,355.402
COCc1ccc2c(N3CCOC[C@H]3C)nc(-c3cnc(N)nc3)nn12,4400.0,5.356547323513812,0,355.402
COCc1cccc(-c2nc(CS(C)(=O)=O)cc(N3CCOCC3)n2)c1,300000.0,3.5228787452803374,0,377.4660000000002
COCc1cccc(-c2nc(N3CCOCC3)nc3c(N(C)C)cc(C(=O)O)nc23)c1,5050.0,5.296708621881339,0,423.4730000000001
COCc1cccc(-c2nc(N3CCOCC3)nc3c(N(C)CCO)cc(C(=O)O)nc23)c1,1850.0,5.732828271596986,0,453.4990000000002
COCc1cccc(-c2nc(N3CCOCC3)nc3c(NCCO)cc(C(=O)O)nc23)c1,2490.0,5.603800652904264,0,439.47200000000015
CON(C)C(=O)c1ccc(-c2ncnc(C)c2C#Cc2ccc(N)nc2)cc1Cl,45.0,7.346787486224656,1,407.8610000000001
CON(C)C(=O)c1ccc(-c2ncnc(C)c2C#Cc2ccc(N)nc2)cc1F,65.0,7.187086643357144,1,391.40600000000006
CONC(=O)Nc1ccc(-c2nc(N3CCOCC3)c3cnn(C4CCN(Cc5ccccc5)CC4)c3n2)cc1,317.0,6.498940737782249,1,542.6440000000003
CONC(=O)Nc1ccc(-c2nc(N3CCOCC3)c3cnn(C4CCN(Cc5cccnc5)CC4)c3n2)cc1,1005.0,5.997833938243493,0,543.6320000000003
CONC(=O)c1ccccc1NC(C)c1cc(C)cc2c(=O)cc(N3CCC(C)(C)CC3)oc12,625.0,6.204119982655925,1,463.5780000000004
CO[C@@H](C)Cn1c(=O)n(C)c2cnc3ccc(-c4cncc(C(C)(C)O)c4)cc3c21,6.07,8.216811308924742,1,406.48600000000016
CO[C@@H]1CCN(C(=O)c2cnc3ccc(-c4ccc5oc(N)nc5c4)cn23)C1,100.0,7.0,1,377.40400000000017
CO[C@@H]1CC[C@@H](n2c(=O)n(C)c3cnc4ccc(-c5ccc(NCCCN6CCCCC6)nc5)cc4c32)C1,30000.0,4.522878745280337,0,514.6740000000004
CO[C@@H]1CC[C@@H](n2c(=O)n(C)c3cnc4ccc(-c5ccc(OCCCN(C)C)nc5)cc4c32)C1,1050.0,5.978810700930062,0,475.59300000000036
CO[C@@H]1CC[C@@H](n2c(=O)n(C)c3cnc4ccc(-c5ccc(OCCCN(C)C)nc5F)cc4c32)C1,644.0,6.1911141326401875,1,493.58300000000037
CO[C@@H]1CC[C@@H](n2c(=O)n(C)c3cnc4ccc(-c5ccc(OCCCN6CCCC6)nc5)cc4c32)C1,2850.0,5.54515513999149,0,501.6310000000005
CO[C@@H]1CC[C@H](n2c(=O)n(C)c3cnc4cc(F)c(-c5ccc(OCCCN(C)C)nc5)cc4c32)C1,11400.0,4.943095148663527,0,493.58300000000037
CO[C@H]1CCN(C(=O)c2cnc3ccc(-c4ccc5oc(N)nc5c4)cn23)C1,100.0,7.0,1,377.40400000000017
CO[C@H]1CC[C@@H](CN2C(=O)CNc3ncc(-c4ccc(C(C)(C)O)nc4)nc32)CC1,2500.0,5.6020599913279625,0,411.50600000000026
CO[C@H]1CC[C@@H](CN2CC(=O)Nc3ncc(-c4ccc(C(C)(C)O)nc4)nc32)CC1,7600.0,5.119186407719209,0,411.50600000000026
CO[C@H]1CC[C@@H](N2CC(=O)Nc3ncc(-c4ccc(C(C)(C)O)nc4)nc32)CC1,11100.0,4.954677021213342,0,397.47900000000027
CO[C@H]1CC[C@@H](n2c(=O)n(C)c3cnc4cc(F)c(-c5ccc(OCCCN(C)C)nc5)cc4c32)C1,30000.0,4.522878745280337,0,493.58300000000037
CO[C@H]1CC[C@H](CN2C(=O)CNc3ncc(-c4ccc(C(C)(C)O)nc4)nc32)CC1,4700.0,5.327902142064283,0,411.50600000000026
CO[C@H]1CC[C@H](CN2CC(=O)Nc3ncc(-c4ccc(C(C)(C)O)nc4)nc32)CC1,20200.0,4.694648630553377,0,411.50600000000026
CO[C@H]1CC[C@H](N2C(=O)CNc3ncc(-c4ccc(C(C)(C)O)nc4)nc32)CC1,4000.0,5.3979400086720375,0,397.4790000000002
CO[C@H]1CC[C@H](N2CC(=O)Nc3ncc(-c4ccc(C(C)(C)O)nc4)nc32)CC1,16400.0,4.785156151952302,0,397.47900000000027
CO[C@H]1CC[C@H](n2c(=O)c(-c3cc[nH]n3)cc3c(C)nc(N)nc32)CC1,9.5,8.022276394711152,1,354.41400000000016
CO[C@H]1CC[C@H](n2c(=O)c(-c3ccc(N(C)C)nc3)cc3c(C)nc(N)nc32)CC1,6.2,8.207608310501746,1,408.50600000000026
CO[C@H]1CC[C@H](n2c(=O)c(-c3cn[nH]c3)cc3c(C)nc(N)nc32)CC1,9.0,8.045757490560675,1,354.41400000000016
CO[C@H]1CC[C@H](n2c(=O)c(Br)cc3c(C)nc(N)nc32)CC1,31.0,7.508638306165727,1,367.2470000000002
CO[C@H]1CC[C@H](n2c(=O)n(C)c3cnc4cc(F)c(-c5ccc(OCCCN(C)C)nc5)cc4c32)C1,3280.0,5.484126156288321,0,493.58300000000037
CO[C@H]1CC[C@H](n2c(=O)n(C)c3cnc4ccc(-c5ccc(NCCCN6CCCCC6)nc5)cc4c32)C1,1840.0,5.735182176990463,0,514.6740000000004
CO[C@H]1CC[C@H](n2c(=O)n(C)c3cnc4ccc(-c5ccc(OCCCN(C)C)nc5)cc4c32)C1,331.0,6.480172006224281,1,475.59300000000036
CO[C@H]1CC[C@H](n2c(=O)n(C)c3cnc4ccc(-c5ccc(OCCCN(C)C)nc5F)cc4c32)C1,2770.0,5.557520230935552,0,493.58300000000037
CO[C@H]1CC[C@H](n2c(=O)n(C)c3cnc4ccc(-c5ccc(OCCCN6CCCC6)nc5)cc4c32)C1,1490.0,5.826813731587726,0,501.6310000000005
CO[C@H]1C[C@@H](c2nc3cccc(-c4cnn(C)c4)c3c(=O)n2-c2ccccc2)N(c2nc(N)nc(C)c2C#N)C1,1300.0,5.886056647693163,0,533.5960000000002
CO[C@H]1C[C@@H](c2nc3cccc(-c4cnn(C)c4)c3c(=O)n2-c2ccccc2)N(c2nc(N)nc3[nH]cnc23)C1,2300.0,5.638272163982407,0,534.5840000000002
CO[C@H]1C[C@@H](c2nc3cccc(Cl)c3c(=O)n2-c2ccccc2)N(c2ncnc(N)c2C#N)C1,1300.0,5.886056647693163,0,473.9240000000002
CO[C@H]1C[C@@H](n2c(=O)[nH]c3cnc4ccc(-c5ccc(OCCCN(C)C)nc5)cc4c32)C1,769.0,6.114073660198569,1,447.5390000000003
CO[C@H]1C[C@@H](n2c(=O)[nH]c3cnc4ccc(-c5ccc(OCCCN6CCCC6)nc5)cc4c32)C1,3000.0,5.522878745280337,0,473.57700000000045
CO[C@H]1C[C@@H](n2c(=O)n(C)c3cnc4cc(F)c(-c5ccc(OCCCN(C)C)nc5)cc4c32)C1,30000.0,4.522878745280337,0,479.5560000000004
CO[C@H]1C[C@@H](n2c(=O)n(C)c3cnc4cc(F)c(-c5ccc(OCCCN(C)C)nc5F)cc4c32)C1,28000.0,4.552841968657781,0,497.5460000000004
CO[C@H]1C[C@@H](n2c(=O)n(C)c3cnc4cc(F)c(-c5ccc(OCCCN6CCCC6)nc5)cc4c32)C1,29800.0,4.525783735923745,0,505.5940000000005
CO[C@H]1C[C@@H](n2c(=O)n(C)c3cnc4ccc(-c5ccc(OCCCN(C)C)nc5)cc4c32)C1,1770.0,5.752026733638194,0,461.5660000000004
CO[C@H]1C[C@@H](n2c(=O)n(C)c3cnc4ccc(-c5ccc(OCCCN(C)C)nc5F)cc4c32)C1,2730.0,5.5638373529592435,0,479.5560000000004
CO[C@H]1C[C@@H](n2c(=O)n(C)c3cnc4ccc(-c5ccc(OCCCN6CCC6)nc5)cc4c32)C1,729.0,6.137272471682025,1,473.57700000000045
CO[C@H]1C[C@@H](n2c(=O)n(C)c3cnc4ccc(-c5ccc(OCCCN6CCCC6)nc5)cc4c32)C1,2030.0,5.692503962086787,0,487.6040000000005
CO[C@H]1C[C@@H](n2c(=O)n(C)c3cnc4ccc(-c5ccc(OCCCN6CCCCC6)nc5)cc4c32)C1,12400.0,4.906578314837765,0,501.63100000000054
CO[C@H]1C[C@H](n2c(=O)n(C)c3cnc4ccc(-c5ccc(OCCCN6CCCCC6)nc5)cc4c32)C1,1995.26,5.700000503883016,0,501.63100000000054
COc1c(-c2ccccc2)c([C@H](C)Nc2ncnc(N)c2C#N)nc2ccc(F)cc12,420.0,6.376750709602099,1,414.44400000000013
COc1c(OCCCCCC(=O)NO)ccc2c1N=C(NC(=O)c1ccccc1)N1CCN=C21,18.59333333333333,7.730642744789631,1,465.5100000000002
COc1c(OCCCN2CCOCC2)ccc2c1N=C(NC(=O)c1cnc(N)nc1)N1CCN=C21,0.5912499999999999,9.228228846254131,1,480.5290000000002
COc1c([C@H](C)n2nc(-c3cc(O)cc(F)c3)c3c(N)ncnc32)cnn(C(C)(C)C)c1=O,158.49,6.799998134593398,1,453.47800000000024
COc1c([C@H](C)n2nc(-c3cc(O)cc(F)c3)c3c(N)ncnc32)cnn(CCN(CCO)CCO)c1=O,630.96,6.199998172182031,1,528.5450000000004
COc1c([C@H](C)n2nc(-c3cc(O)cc(F)c3)c3c(N)ncnc32)cnn(CCN2CCOCC2)c1=O,199.53,6.699991797446187,1,510.5300000000004
COc1cc(-c2cc3c(C)nc(N)nc3n(C3CCCC3)c2=O)ccc1O,0.989,9.00480370840282,1,366.4210000000001
COc1cc(-c2cc3c(N[C@H]4CCN(C(=O)C(C)(C)C)C4)ncnc3s2)cnc1OC,793.0,6.100726812682396,1,441.55700000000013
COc1cc(-c2cc3c(N[C@H]4CCN(C(=O)C(C)C)C4)ncnc3s2)cnc1OC,241.0,6.617982957425132,1,427.53000000000014
COc1cc(-c2cc3c(N[C@H]4CCN(C(=O)C5CC5)C4)ncnc3s2)cnc1OC,154.0,6.812479279163537,1,425.5140000000001
COc1cc(-c2cc3c(N[C@H]4CCN(C(=O)C5CCC5)C4)ncnc3s2)cnc1OC,172.0,6.764471553092451,1,439.54100000000017
COc1cc(-c2cc3c(N[C@H]4CCN(C(=O)C5CCCC5)C4)ncnc3s2)cnc1OC,483.0,6.316052869248487,1,453.5680000000002
COc1cc(-c2cc3c(N[C@H]4CCN(C(=O)C5CCCCC5)C4)ncnc3s2)cnc1OC,718.0,6.1438755557577,1,467.59500000000025
COc1cc(-c2cc3c(N[C@H]4CCN(C(=O)c5ccccc5)C4)ncnc3s2)cnc1OC,395.0,6.403402904373539,1,461.54700000000014
COc1cc(-c2cc3c(O[C@H]4CCN(C(=O)C(C)C)C4)ncnc3s2)cnc1OC,411.0,6.386158178123931,1,428.5140000000001
COc1cc(-c2cc3c(O[C@H]4CCN(C(=O)C5CC5)C4)ncnc3s2)cnc1OC,322.0,6.492144128304169,1,426.4980000000001
COc1cc(-c2cc3c(O[C@H]4CCN(C(=O)C5CCC5)C4)ncnc3s2)cnc1OC,392.0,6.406713932979542,1,440.52500000000015
COc1cc(-c2ccc(-c3cc(N4CCOCC4)nc(N4CCOCC4)n3)o2)cc(OC)c1O,10000.0,5.0,0,468.5100000000003
COc1cc(-c2ccc(-c3ccnc(N4CCOCC4)n3)o2)cc(OC)c1O,10000.0,5.0,0,383.4040000000001
COc1cc(-c2ccc3[nH]c(NC(=O)NCCOc4cccnc4)nc3c2)cnc1OC,994.0,6.002613615602686,1,434.45600000000013
COc1cc(-c2ccc3c(c2)-c2ccc(O[C@@H](C)C(N)=O)cc2OC3)ncn1,8.8,8.05551732784983,1,377.40000000000015
COc1cc(-c2ccc3nc(NC(=O)NCCOc4cccnc4)cn3n2)cnc1OC,23.4,7.6307841425898575,1,435.4440000000001
COc1cc(-c2ccc3nc(NC(=O)NCCOc4cccnc4)nn3c2)cnc1OC,7.9,8.102372908709558,1,435.4440000000001
COc1cc(-c2ccc3nc(NC(C)=O)cn3c2)cnc1N,13.0,7.886056647693163,1,297.31800000000004
COc1cc(-c2ccc3nc(NC(C)=O)cn3n2)cnc1N,5.0,8.301029995663981,1,298.30600000000004
COc1cc(-c2ccc3nc(NC(C)=O)sc3c2)cnc1N,33.0,7.481486060122112,1,314.37
COc1cc(-c2ccc3ncnc(NC(C)c4ccccc4)c3c2)cnc1OC,110.0,6.958607314841775,1,386.4550000000001
COc1cc(-c2cccc3c(=O)cc(N4CCOCC4)oc23)ccc1NC(=O)CN1CCOCC1,350.0,6.455931955649724,1,479.53300000000036
COc1cc(-c2ccn3nc(N)c(-c4cn(C)nc4C)c3n2)cnc1OC,11.4,7.943095148663527,1,365.3970000000001
COc1cc(-c2ccn3nc(N)c(-c4cncs4)c3n2)cnc1OC,4.5,8.346787486224656,1,354.3950000000001
COc1cc(-c2ccn3nc(N)c(-c4cnn(C(C)C)c4)c3n2)cnc1OC,3.8,8.42021640338319,1,379.4240000000001
COc1cc(-c2ccn3nc(N)c(-c4cnn(C(F)F)c4)c3n2)cnc1OC,4.3,8.366531544420413,1,387.3500000000001
COc1cc(-c2ccn3nc(N)c(-c4cnn(C)c4)c3n2)cnc1OC,4.2,8.3767507096021,1,351.37000000000006
COc1cc(-c2ccn3nc(N)c(-c4cnn(CC(F)F)c4)c3n2)cnc1OC,3.6,8.443697499232712,1,401.37700000000007
COc1cc(-c2ccn3nc(N)c(C(=O)NC4CC4)c3n2)cc2c1C(=O)N([C@@H](C)C1CC1)C2,281.0,6.55129368009492,1,446.5110000000003
COc1cc(-c2ccn3nc(N)cc3n2)cnc1OC,18.8,7.72584215073632,1,271.28000000000003
COc1cc(-c2ccn3nc(NC(=O)NCCN4CCOCC4)cc3n2)cnc1OC,125.6,6.901010360598822,1,427.46500000000026
COc1cc(-c2ccn3nc(NC(=O)NCCOC(C)C)cc3n2)cnc1OC,13.6,7.866461091629782,1,400.43900000000014
COc1cc(-c2ccn3nc(NC(=O)NCCOCC4CC4)cc3n2)cnc1OC,354.7,6.450138811528057,1,412.4500000000002
COc1cc(-c2ccn3nc(NC(=O)NCCOc4ccccc4)c(-c4cnn(C)c4)c3n2)cnc1OC,7500.0,5.1249387366083,0,514.5460000000002
COc1cc(-c2ccn3nc(NC(=O)NCCOc4ccccc4)cc3n2)cnc1OC,135.0,6.8696662315049934,1,434.45600000000013
COc1cc(-c2ccn3nc(NC(=O)NCCOc4cccnc4)cc3c2)cnc1OC,131.8,6.880084589742009,1,434.45600000000013
COc1cc(-c2ccn3nc(NC(=O)NCCOc4cccnc4)cc3n2)cnc1OC,22.8,7.642065152999546,1,435.44400000000013
COc1cc(-c2ccn3nc(NC(=O)NCCOc4cccnc4)nc3c2)cnc1OC,14.2,7.847711655616943,1,435.44400000000013
COc1cc(-c2ccn3nc(Nc4cccc(CN)n4)cc3n2)cnc1OC,146.0,6.835647144215563,1,377.4080000000001
COc1cc(-c2ccn3nc(Nc4cccc(CN5CCN(C)C5=O)n4)cc3n2)cnc1OC,16.4,7.785156151952302,1,460.4980000000003
COc1cc(-c2ccn3nc(Nc4cccc(CNC(=O)C(F)F)n4)cc3n2)cnc1OC,9.42,8.025949097207123,1,455.4250000000001
COc1cc(-c2ccn3nc(Nc4cccc(CNC(=O)C5CC5)n4)cc3n2)cnc1OC,5.85,8.232844133917819,1,445.48300000000023
COc1cc(-c2ccn3nc(Nc4cccc(CNC(=O)C5CCCC5)n4)cc3n2)cnc1OC,23.3,7.632644078973981,1,473.5370000000003
COc1cc(-c2ccn3nc(Nc4cccc(CNC(=O)C5CCCCC5)n4)cc3n2)cnc1OC,28.3,7.548213564475709,1,487.56400000000036
COc1cc(-c2ccn3nc(Nc4cccc(CNC(=O)CC(F)F)n4)cc3n2)cnc1OC,47.6,7.3223930472795065,1,469.45200000000017
COc1cc(-c2ccn3nc(Nc4cccc(CNC(=O)CCc5ccccc5)n4)cc3n2)cnc1OC,34.9,7.45717457304082,1,509.5700000000003
COc1cc(-c2ccn3nc(Nc4cccc(CNC(=O)c5c(F)cccc5F)n4)cc3n2)cnc1OC,3458.5,5.4611122199853,0,517.4960000000002
COc1cc(-c2ccn3nc(Nc4cccc(CNC(=O)c5ccc(C(F)(F)F)cc5)n4)cc3n2)cnc1OC,110.0,6.958607314841775,1,549.5130000000001
COc1cc(-c2ccn3nc(Nc4cccc(CNC(=O)c5ccc(F)cc5)n4)cc3n2)cnc1OC,69.7,7.15676722190199,1,499.5060000000002
COc1cc(-c2ccn3nc(Nc4cccc(CNC(=O)c5ccc(OC(C)C)cc5)n4)cc3n2)cnc1OC,92.6,7.033389013318065,1,539.5960000000002
COc1cc(-c2ccn3nc(Nc4cccc(CNC(=O)c5ccc(OC(F)(F)F)cc5)n4)cc3n2)cnc1OC,207.0,6.684029654543083,1,565.5120000000001
COc1cc(-c2ccn3nc(Nc4cccc(CNC(=O)c5cccc(F)c5)n4)cc3n2)cnc1OC,18.3,7.73754891026957,1,499.5060000000002
COc1cc(-c2ccn3nc(Nc4cccc(CNC(=O)c5cccc6c5OCCO6)n4)cc3n2)cnc1OC,16.5,7.782516055786093,1,539.5520000000002
COc1cc(-c2ccn3nc(Nc4cccc(CNC(=O)c5cccc6c5OCO6)n4)cc3n2)cnc1OC,5.71,8.243363891754152,1,525.5250000000003
COc1cc(-c2ccn3nc(Nc4cccc(CNC(=O)c5ccccc5)n4)cc3n2)cnc1OC,18.5,7.732828271596986,1,481.5160000000002
COc1cc(-c2ccn3nc(Nc4cccc(CNC(=O)c5ccccc5F)n4)cc3n2)cnc1OC,7.2,8.142667503568731,1,499.5060000000002
COc1cc(-c2ccn3nc(Nc4cccc(CNC(=O)c5ccccn5)n4)cc3n2)cnc1OC,4.42,8.354577730650908,1,482.5040000000002
COc1cc(-c2ccn3nc(Nc4cccc(CNC(=O)c5ccco5)n4)cc3n2)cnc1OC,2.3,8.638272163982407,1,471.4770000000002
COc1cc(-c2ccn3nc(Nc4cccc(CNC(=O)c5ccoc5)n4)cc3n2)cnc1OC,12.0,7.920818753952375,1,471.4770000000002
COc1cc(-c2ccn3nc(Nc4cccc(CNC(=O)c5cn(C)cn5)n4)cc3n2)cnc1OC,0.87,9.060480747381382,1,485.5080000000002
COc1cc(-c2ccn3nc(Nc4cccc(CNC(C)=O)n4)cc3n2)cnc1OC,0.31,9.508638306165727,1,419.44500000000016
COc1cc(-c2ccn3nc(Nc4cccc(Cn5cnc(C)c5)n4)cc3n2)cnc1OC,22.6,7.645891560852599,1,442.4830000000002
COc1cc(-c2ccn3nc(Nc4cccc(N)n4)cc3n2)cnc1OC,36.9,7.432973633840939,1,363.3810000000001
COc1cc(-c2ccn3nc(Nc4ccccn4)cc3n2)cnc1OC,82.9,7.081445469449727,1,348.3660000000001
COc1cc(-c2ccn3nc(Nc4cccnc4)cc3n2)cnc1OC,65.5,7.183758700008217,1,348.3660000000001
COc1cc(-c2ccn3nc(Nc4ccncc4)cc3n2)cnc1OC,127.0,6.896196279044043,1,348.3660000000001
COc1cc(-c2cn(-c3nc(N4CCOCC4)nc(N4CCOCC4)n3)cn2)cc(OC)c1O,10000.0,5.0,0,469.5020000000003
COc1cc(-c2cnc3ccc(-c4ccncc4)cn23)cnc1OC,861.0,6.064996848546345,1,332.3630000000001
COc1cc(-c2cnc3ccc(Br)cn23)cnc1OC,1498.0,5.824488186636552,0,334.17300000000006
COc1cc(-c2cnc3ccc(N4CCOC4=O)cn23)cnc1OC,4671.0,5.330590132712217,0,340.33900000000006
COc1cc(-c2cnc3ccc(NC(=O)NCCCCO)nc3n2)ccc1O,612.0,6.213248577854439,1,383.40800000000013
COc1cc(-c2cnc3ccccn23)cnc1OC,15720.0,4.8035474582966105,0,255.27700000000002
COc1cc(-c2csc(-c3ccnc(N4CCOCC4)n3)n2)cc(OC)c1O,10000.0,5.0,0,400.4600000000002
COc1cc(-c2nn(C(C)C)c3ncnc(N)c23)cc(OC)c1OC,100000.0,4.0,0,343.3870000000001
COc1cc(-c2nn(C(C)C)c3ncnc(N)c23)ccc1F,543.0,6.265200170411153,1,301.325
COc1cc(-c2nn(C(C)C)c3ncnc(N)c23)ccc1N,1500.0,5.823908740944319,0,298.35
COc1cc(-c2nn(C(C)C)c3ncnc(N)c23)ccc1NC(=O)OC(C)(C)C,10400.0,4.982966660701219,0,398.46700000000016
COc1cc(-c2nn(C(C)C)c3ncnc(N)c23)ccc1NC(C)CO,3400.0,5.468521082957745,0,356.43000000000006
COc1cc(-c2nn(C(C)C)c3ncnc(N)c23)ccc1O,260.0,6.585026652029182,1,299.334
COc1cc(-c2nn(C3CCCC3)c3ncnc(N)c23)ccc1N,520.0,6.2839966563652006,1,324.38800000000003
COc1cc(-c2nn3c(-c4cnc(N)nc4)cnc3s2)ccc1OC1CCNCC1,115.0,6.939302159646388,1,423.50200000000024
COc1cc(/C=N/Nc2nc(N3CCOCC3)nc(N3CCOCC3)n2)cc(OC)c1O,10000.0,5.0,0,445.48000000000025
COc1cc(Br)cc(-c2nn(C(C)C)c3ncnc(N)c23)c1,6310.0,5.199970640755866,0,362.2310000000001
COc1cc(C#Cc2cccc3cc([C@H](C)NC(=O)c4c(N)nn5cccnc45)n(-c4ccccc4)c(=O)c23)ccn1,2000.0,5.698970004336019,0,555.5980000000002
COc1cc(C(=O)O)c(NC(C)c2cc(C)cc3c(=O)cc(N4CCC(C)(C)CC4)oc23)cc1F,6500.0,5.187086643357144,0,482.55200000000036
COc1cc(CN(c2cc(-c3cc(OC4CCOCC4)c4ncnc(C)c4c3)cnc2OC)S(=O)(=O)c2ccc(F)cc2F)c([N+](=O)[O-])cc1OC,171.79,6.765002120313969,1,737.7380000000003
COc1cc(CO)cc(-c2nc3c(N4CCOC[C@@H]4C)nc(N4CCOC[C@@H]4C)nc3[nH]2)c1,400.0,6.3979400086720375,1,454.5310000000002
COc1cc(COC(=O)n2ncc3cc(-c4cnc(Cl)c(NS(=O)(=O)c5ccccc5)c4)cnc32)c([N+](=O)[O-])cc1OC,43.0,7.366531544420414,1,625.0190000000001
COc1cc(COc2ccc3cc(CN(c4cc(-c5cc(OC6CCOCC6)c6ncnc(C)c6c5)cnc4OC)S(=O)(=O)c4ccc(F)cc4F)c(=O)oc3c2)c([N+](=O)[O-])cc1OC,18.92,7.723078867934226,1,911.8930000000004
COc1cc(Cl)c2[nH]c(-c3nn(C(C)C)c4ncnc(N)c34)cc2c1,500.0,6.301029995663981,1,356.8170000000001
COc1cc(Cl)c2[nH]c(-c3nn(C4CCOCC4)c4ncnc(N)c34)cc2c1,500.0,6.301029995663981,1,398.85400000000016
COc1cc(F)c2[nH]c(-c3c(C)nn(C)c3C)c(/C=C3/Oc4ccc(NC(=O)Nc5ccc(C(=O)N(C)CCN(C)C)cc5)cc4C3=O)c2c1,0.2,9.698970004336019,1,679.7529999999999
COc1cc(F)c2[nH]c(-c3c(C)nn(C)c3C)c(/C=C3/Oc4ccc(NC(=O)Nc5ccc(C(=O)N6CCOCC6)cc5)cc4C3=O)c2c1,0.5,9.301029995663981,1,664.6940000000001
COc1cc(F)c2[nH]c(-c3c(C)nn(C)c3C)c(/C=C3/Oc4ccc(NC(=O)Nc5cccnc5)cc4C3=O)c2c1,1.0,9.0,1,552.5660000000001
COc1cc(F)c2[nH]c(-c3nn(C(C)C)c4ncnc(N)c34)cc2c1,500.0,6.301029995663981,1,340.36200000000014
COc1cc(F)cc(C#Cc2c(N)ncnc2N[C@@H](C)c2nc3c(F)ccc(F)c3c(=O)n2-c2ccccc2)c1,1000.0,6.0,1,542.5210000000003
COc1cc(F)cc(C#Cc2c(N)ncnc2N[C@@H](C)c2nc3c(F)cccc3c(=O)n2-c2ccccc2)c1,1000.0,6.0,1,524.5310000000003
COc1cc(F)cc(C#Cc2c(N)ncnc2N[C@@H](C)c2nc3cccc(Cl)c3c(=O)n2-c2ccccc2)c1,1000.0,6.0,1,540.9860000000002
COc1cc(F)cc(C#Cc2c(N)ncnc2N[C@@H](C)c2nc3cccc(Cl)c3c(=O)n2N2CCOCC2)c1,1000.0,6.0,1,549.9940000000001
COc1cc(F)cc(C#Cc2c(N)ncnc2N[C@@H](C)c2nc3cccc(F)c3c(=O)n2-c2ccccc2)c1,1000.0,6.0,1,524.5310000000003
COc1cc(F)cc(NC(C)c2cc(C(=O)N(C)C)cc3c(=O)cc(N4CCOCC4)oc23)c1,930.0,6.031517051446065,1,469.5130000000004
COc1cc(N)cc2c1nc(C(F)F)n2-c1nc(N2CCOCC2)nc(N2CCOCC2)n1,3.7299999999999995,8.428291168191313,1,462.4610000000004
COc1cc(N2CCOCC2)nc2c(Cc3cccc(C(F)(F)F)c3C)cnn12,5011.87,5.300000202445418,0,406.4080000000001
COc1cc(N2CCOc3ccc(O[C@H]4CCN(C(=O)C5CCC(F)(F)CC5)C4)cc32)cnc1S(C)(=O)=O,870.0,6.060480747381382,1,551.6120000000004
COc1cc(N2CCOc3ccc(O[C@H]4CCN(C(=O)C5CCCO5)C4)cc32)cnc1OC,612.0,6.213248577854439,1,455.51100000000037
COc1cc(N2CCOc3ccc(O[C@H]4CCN(C(=O)C5CCCOC5)C4)cc32)cnc1OC,514.0,6.289036881004725,1,469.5380000000004
COc1cc(N2CCOc3ccc(O[C@H]4CCN(C(=O)C5CCOC5)C4)cc32)cnc1OC,249.0,6.603800652904264,1,455.51100000000037
COc1cc(N2CCOc3ccc(O[C@H]4CCN(C(=O)C5CCOCC5)C4)cc32)ccn1,757.0,6.120904120499927,1,439.51200000000034
COc1cc(N2CCOc3ccc(O[C@H]4CCN(C(=O)C5CCOCC5)C4)cc32)cnc1Cl,756.0,6.121478204498794,1,473.95700000000033
COc1cc(N2CCOc3ccc(O[C@H]4CCN(C(=O)C5CCOCC5)C4)cc32)cnc1OC,166.0,6.779891911959945,1,469.5380000000004
COc1cc(N2CCOc3ccc(O[C@H]4CCN(C(=O)C5CCOCC5)C4)cc32)cnc1S(C)(=O)=O,1770.0,5.752026733638194,0,517.6040000000004
COc1cc(N2CCOc3ccc(O[C@H]4CCN(C(=O)C5CCS(=O)(=O)C5)C4)cc32)cnc1OC,588.0,6.230622673923862,1,503.5770000000004
COc1cc(N2CCOc3ccc(O[C@H]4CCN(C(=O)C5CCS(=O)(=O)CC5)C4)cc32)cnc1Cl,1415.0,5.849243560139691,0,522.0230000000004
COc1cc(N2CCOc3ccc(O[C@H]4CCN(C(=O)C5CCS(=O)(=O)CC5)C4)cc32)cnc1OC,441.3333333333333,6.355233269615981,1,517.6040000000004
COc1cc(N2CCOc3ccc(O[C@H]4CCN(C(=O)C5COCCO5)C4)cc32)cnc1OC,499.6666666666667,6.301319621871383,1,471.5100000000004
COc1cc(N2CCOc3ccc(O[C@H]4CCN(C(=O)CCO)C4)cc32)cnc1Cl,2270.0,5.6439741428068775,0,433.8920000000003
COc1cc(N2CCOc3ccc(O[C@H]4CCN(C(=O)CCS(C)(=O)=O)C4)cc32)cnc1OC,574.0,6.241088107602026,1,491.5660000000004
COc1cc(N2CCOc3ccc(O[C@H]4CCN(C(=O)COS(C)(=O)=O)C4)cc32)cnc1OC,574.0,6.241088107602026,1,493.53800000000035
COc1cc(N2CCOc3ccc(O[C@H]4CCN(C(=O)[C@H]5CC[C@H](O)CC5)C4)cc32)cnc1OC,446.0,6.350665141287858,1,483.5650000000004
COc1cc(N2CCOc3ccc(O[C@H]4CCN(C(=O)c5ccc(=O)[nH]c5)C4)cc32)cnc1Cl,1518.0,5.818728228440539,0,482.9240000000002
COc1cc(N2CCOc3ccc(O[C@H]4CCN(C(=O)c5cn(C)cn5)C4)cc32)cnc1Cl,496.0,6.304518323509803,1,469.9290000000002
COc1cc(N2CCOc3ccc(O[C@H]4CCN(C(=O)c5cn(C)cn5)C4)cc32)cnc1OC,109.0,6.962573502059376,1,465.5100000000003
COc1cc(N2CCc3nc(NC(=O)NCCc4cn(CC(F)F)cn4)sc3C2)cnc1Cl,20000.0,4.698970004336019,0,497.9590000000002
COc1cc(N2CCc3ncnc(O[C@H]4CCN(C(=O)C5CCC(F)(F)CC5)C4)c3C2)cnc1OC,368.0,6.434152181326482,1,503.5500000000004
COc1cc(N2CCc3ncnc(O[C@H]4CCN(C(=O)C5CCOC(C)(C)C5)C4)c3C2)cnc1OC,374.0,6.42712839779952,1,497.59600000000046
COc1cc(N2CCc3ncnc(O[C@H]4CCN(C(=O)C5CCOCC5)C4)c3C2)cnc1OC,749.0,6.125518182300533,1,469.5420000000004
COc1cc(N2CCc3ncnc(O[C@H]4CCN(C(=O)c5cnco5)C4)c3C2)cnc1OC,580.0,6.236572006437063,1,452.4710000000003
COc1cc(N2CCc3ncnc(O[C@H]4CCN(C(=O)c5coc(C)n5)C4)c3C2)cnc1OC,129.0,6.889410289700751,1,466.49800000000033
COc1cc(N2CCc3ncnc(O[C@H]4CCN(C(=O)c5cocn5)C4)c3C2)cnc1OC,320.0,6.494850021680094,1,452.4710000000003
COc1cc(N2CCc3ncnc(O[C@H]4CCN(C(=O)c5oc(C)nc5C)C4)c3C2)cnc1OC,820.0,6.086186147616283,1,480.5250000000004
COc1cc(NC(=O)Cc2nc(N3CCOCC3)cc(=O)[nH]2)ccc1F,3460.0,5.460923901207224,0,362.361
COc1cc(NC(=O)Cc2nc(N3CCOCC3)cc(=O)n2C)ccc1F,10000.0,5.0,0,376.38800000000003
COc1cc(Nc2nc3ccccc3nc2NS(=O)(=O)c2ccc(F)cc2)cc(OC)c1,400.0,6.3979400086720375,1,454.48300000000023
COc1cc(Nc2nc3ccccc3nc2NS(=O)(=O)c2ccc(NC(=O)c3ccc(C)c(OC)c3)cc2)cc(OC)c1,39.0,7.4089353929735005,1,599.6690000000003
COc1cc(Nc2nc3ccccc3nc2S(=O)(=O)c2ccccc2)cc(OC)c1,70.0,7.154901959985743,1,421.4780000000002
COc1cc(Nc2nccc(-c3ccc(Cl)cc3)n2)cc(OC)c1OC,341.0,6.467245621007502,1,371.8240000000002
COc1cc(OC)cc(C(=O)NCc2cccc(Nc3cc4nc(-c5cnc(OC)c(OC)c5)ccn4n3)n2)c1,1485.0,5.828273546346769,0,541.5680000000002
COc1cc2c(c(-c3cnc(OC)c(NS(C)(=O)=O)c3)c1)CNC2=O,965.0,6.015472686656207,1,363.3950000000001
COc1cc2c(cc1Nc1nc(Nc3cccc4c3C(=O)NC4)c3cc[nH]c3n1)N(C(=O)CN(C)C)CC2,0.8,9.096910013008056,1,512.5740000000003
COc1cc2c3c(oc2c(C=O)c1O)CC[C@H]1C(C)(C)CCC[C@]31C,1000.0,6.0,1,342.4350000000002
COc1cc2c3c(oc2c(C=O)c1OC)CC[C@H]1C(C)(C)CCC[C@]31C,5120.0,5.29073003902417,0,356.4620000000002
COc1cc2ncc3c(c2cc1-c1c[nH]nc1C)n(-c1ccncc1C)c(=O)n3C,30000.0,4.522878745280337,0,400.4420000000002
COc1cc2ncc3c(c2cc1-c1cc(C)[nH]n1)n(-c1ncccc1F)c(=O)n3C,30000.0,4.522878745280337,0,404.40500000000014
COc1cc2ncc3c(c2cc1-c1cn(C)nc1C)n(-c1c(C)cncc1F)c(=O)n3C,30000.0,4.522878745280337,0,432.4590000000002
COc1cc2ncc3c(c2cc1-c1cn(C)nc1C)n(-c1c(F)cncc1OC)c(=O)n3C,5000.0,5.301029995663981,0,448.4580000000002
COc1cc2ncc3c(c2cc1-c1cn(C)nc1C)n(-c1cn(C)nc1C)c(=O)n3C,30000.0,4.522878745280337,0,417.4730000000002
COc1cc2ncc3c(c2cc1-c1cn(C)nc1C)n(-c1cnn(C)c1)c(=O)n3C,20000.0,4.698970004336019,0,403.44600000000014
COc1cc2ncc3c(c2cc1-c1cn(C)nc1C)n(-c1ncc(F)cc1F)c(=O)n3C,30000.0,4.522878745280337,0,436.42200000000014
COc1cc2ncc3c(c2cc1-c1cn(C)nc1C)n(-c1ncccc1F)c(=O)n3C,30000.0,4.522878745280337,0,418.43200000000013
COc1cc2ncc3c(c2cc1-c1cn(C)nn1)n(-c1ncccc1F)c(=O)n3C,30000.0,4.522878745280337,0,405.39300000000014
COc1cc2ncc3c(c2cc1-c1cn[nH]c1)n(-c1c(C)cncc1F)c(=O)n3C,30000.0,4.522878745280337,0,404.40500000000014
COc1cc2ncc3c(c2cc1-c1cn[nH]c1)n(-c1c(F)cncc1F)c(=O)n3C,30000.0,4.522878745280337,0,408.3680000000001
COc1cc2ncc3c(c2cc1-c1cn[nH]c1)n(-c1ccncc1C)c(=O)n3C,30000.0,4.522878745280337,0,386.41500000000013
COc1cc2ncc3c(c2cc1-c1cn[nH]c1)n(-c1ccncc1F)c(=O)n3C,30000.0,4.522878745280337,0,390.3780000000001
COc1cc2ncc3c(c2cc1-c1cn[nH]c1)n(-c1ccncc1OC)c(=O)n3C,30000.0,4.522878745280337,0,402.41400000000016
COc1cc2ncc3c(c2cc1-c1cn[nH]c1)n(-c1ccnn1C)c(=O)n3C,30000.0,4.522878745280337,0,375.3920000000001
COc1cc2ncc3c(c2cc1-c1cn[nH]c1)n(-c1cn(C)nc1C)c(=O)n3C,30000.0,4.522878745280337,0,389.41900000000015
COc1cc2ncc3c(c2cc1-c1cn[nH]c1)n(-c1cnn(C)c1)c(=O)n3C,30000.0,4.522878745280337,0,375.3920000000001
COc1cc2ncc3c(c2cc1-c1cn[nH]c1)n(-c1cnn(C2CCOCC2)c1)c(=O)n3C,30000.0,4.522878745280337,0,445.4830000000003
COc1cc2ncc3c(c2cc1-c1cn[nH]c1)n(-c1csc(C)n1)c(=O)n3C,30000.0,4.522878745280337,0,392.44400000000013
COc1cc2ncc3c(c2cc1-c1cn[nH]c1)n(-c1ncc(C)cc1F)c(=O)n3C,30000.0,4.522878745280337,0,404.40500000000014
COc1cc2ncc3c(c2cc1-c1cn[nH]c1)n(-c1ncc(F)cc1F)c(=O)n3C,30000.0,4.522878745280337,0,408.3680000000001
COc1cc2ncc3c(c2cc1-c1cn[nH]c1)n(-c1ncccc1F)c(=O)n3C,30000.0,4.522878745280337,0,390.3780000000001
COc1cc2ncc3c(c2cc1-c1cnn(C)c1)n(-c1c(C)cncc1F)c(=O)n3C,10000.0,5.0,0,418.4320000000002
COc1cc2ncc3c(c2cc1-c1cnn(C)c1)n(-c1c(F)cncc1C#N)c(=O)n3C,30000.0,4.522878745280337,0,429.4150000000002
COc1cc2ncc3c(c2cc1-c1cnn(C)c1)n(-c1c(F)cncc1F)c(=O)n3C,30000.0,4.522878745280337,0,422.39500000000015
COc1cc2ncc3c(c2cc1-c1cnn(C)c1)n(-c1c(F)cncc1OC)c(=O)n3C,30000.0,4.522878745280337,0,434.4310000000002
COc1cc2ncc3c(c2cc1-c1cnn(C)c1)n(-c1c[nH]nc1C)c(=O)n3C,30000.0,4.522878745280337,0,389.41900000000015
COc1cc2ncc3c(c2cc1-c1cnn(C)c1)n(-c1ccnc(C#N)c1)c(=O)n3C,30000.0,4.522878745280337,0,411.4250000000002
COc1cc2ncc3c(c2cc1-c1cnn(C)c1)n(-c1ccncc1)c(=O)n3C,30000.0,4.522878745280337,0,386.41500000000013
COc1cc2ncc3c(c2cc1-c1cnn(C)c1)n(-c1ccncc1C#N)c(=O)n3C,30000.0,4.522878745280337,0,411.4250000000002
COc1cc2ncc3c(c2cc1-c1cnn(C)c1)n(-c1ccncc1C)c(=O)n3C,30000.0,4.522878745280337,0,400.4420000000002
COc1cc2ncc3c(c2cc1-c1cnn(C)c1)n(-c1ccncc1Cl)c(=O)n3C,30000.0,4.522878745280337,0,420.8600000000002
COc1cc2ncc3c(c2cc1-c1cnn(C)c1)n(-c1ccncc1F)c(=O)n3C,30000.0,4.522878745280337,0,404.40500000000014
COc1cc2ncc3c(c2cc1-c1cnn(C)c1)n(-c1ccncc1OC)c(=O)n3C,30000.0,4.522878745280337,0,416.4410000000002
COc1cc2ncc3c(c2cc1-c1cnn(C)c1)n(-c1ccnn1C)c(=O)n3C,30000.0,4.522878745280337,0,389.41900000000015
COc1cc2ncc3c(c2cc1-c1cnn(C)c1)n(-c1cn(C)cn1)c(=O)n3C,30000.0,4.522878745280337,0,389.41900000000015
COc1cc2ncc3c(c2cc1-c1cnn(C)c1)n(-c1cn(C)nc1C)c(=O)n3C,30000.0,4.522878745280337,0,403.4460000000002
COc1cc2ncc3c(c2cc1-c1cnn(C)c1)n(-c1cn[nH]c1)c(=O)n3C,30000.0,4.522878745280337,0,375.3920000000001
COc1cc2ncc3c(c2cc1-c1cnn(C)c1)n(-c1cncnc1)c(=O)n3C,30000.0,4.522878745280337,0,387.40300000000013
COc1cc2ncc3c(c2cc1-c1cnn(C)c1)n(-c1cnn(C)c1)c(=O)n3C,20000.0,4.698970004336019,0,389.41900000000015
COc1cc2ncc3c(c2cc1-c1cnn(C)c1)n(-c1cnn(C2CCOCC2)c1)c(=O)n3C,30000.0,4.522878745280337,0,459.51000000000033
COc1cc2ncc3c(c2cc1-c1cnn(C)c1)n(-c1ncc(C)cc1F)c(=O)n3C,30000.0,4.522878745280337,0,418.4320000000002
COc1cc2ncc3c(c2cc1-c1cnn(C)c1)n(-c1ncc(F)cc1F)c(=O)n3C,30000.0,4.522878745280337,0,422.39500000000015
COc1cc2ncc3c(c2cc1-c1cnn(C)c1)n(-c1ncc(F)cn1)c(=O)n3C,30000.0,4.522878745280337,0,405.39300000000014
COc1cc2ncc3c(c2cc1-c1cnn(C)c1)n(-c1ncccc1F)c(=O)n3C,30000.0,4.522878745280337,0,404.40500000000014
COc1cc2ncc3c(c2cc1-c1cnn(C)c1)n(-c1nccs1)c(=O)n3C,30000.0,4.522878745280337,0,392.44400000000013
COc1cc2ncc3c(c2cc1-c1cnn(C)c1)n(-c1ncncc1F)c(=O)n3C,30000.0,4.522878745280337,0,405.39300000000014
COc1cc2nccc(Oc3ccc4c(NC(=O)c5cccc(C(F)(F)F)c5)nn(C)c4c3)c2cc1OC,3250.0,5.488116639021126,0,522.4830000000002
COc1cc2ncnc(-n3nc(-c4ccccn4)nc3N)c2cc1OC,1490.0,5.826813731587726,0,349.35400000000016
COc1cc2ncnc(Nc3ccc(CC#N)cc3)c2cc1OC,47000.0,4.327902142064283,0,320.3520000000001
COc1cc2ncnc(Nc3ccc(F)c(Cl)c3)c2cc1OCCCN1CCOCC1,50000.0,4.301029995663981,0,446.9100000000004
COc1ccc(-c2c(C)nc3c(N)cc(Cl)nn23)cc1OC,10000.0,5.0,0,318.76400000000007
COc1ccc(-c2c(C)nc3c(NCCN4CCOCC4)ccnn23)cc1OC,10000.0,5.0,0,397.47900000000016
COc1ccc(-c2c(C)nc3c(NCCNC(C)=O)cc(Cl)nn23)cc1OC,10000.0,5.0,0,403.8700000000001
COc1ccc(-c2c(C)nc3c(NCCNC(C)=O)ccnn23)cc1OC,10000.0,5.0,0,369.42500000000007
COc1ccc(-c2c(C)nc3sc(-c4ccc(OC)c(OC)c4)nn23)cn1,2880.0,5.540607512240769,0,382.4450000000001
COc1ccc(-c2c(C)nn3c(NCCN4CCOCC4)cc(C)nc23)cc1OC,10000.0,5.0,0,411.5060000000002
COc1ccc(-c2c(C)nn3c(NCCNC(=O)C(C)C)cc(C)nc23)cc1OC,10000.0,5.0,0,411.5060000000002
COc1ccc(-c2c(C)nn3c(NCCNC(C)=O)cc(C)nc23)cc1OC,10000.0,5.0,0,383.45200000000017
COc1ccc(-c2c(C)nn3c(NCCNS(C)(=O)=O)cc(C)nc23)cc1OC,10000.0,5.0,0,419.50700000000023
COc1ccc(-c2c(C)nn3c(NCCOC(C)=O)cc(C)nc23)cc1OC,10000.0,5.0,0,384.43600000000015
COc1ccc(-c2c3ccccc3cc3c(=O)cc(N4CCOCC4)oc23)cc1,50000.0,4.301029995663981,0,387.43500000000023
COc1ccc(-c2c[nH]c3ncc(-c4cc(F)cc(F)c4)cc23)cc1OC,10000.0,5.0,0,366.3670000000001
COc1ccc(-c2c[nH]c3ncc(-c4ccc(C#N)cc4)cc23)cc1OC,10000.0,5.0,0,355.3970000000001
COc1ccc(-c2c[nH]c3ncc(-c4ccc(C)cc4)cc23)cc1OC,10000.0,5.0,0,344.4140000000001
COc1ccc(-c2c[nH]c3ncc(-c4ccc(Cl)cc4)cc23)cc1OC,10000.0,5.0,0,364.8320000000001
COc1ccc(-c2c[nH]c3ncc(-c4ccc(F)cc4)cc23)cc1OC,10000.0,5.0,0,348.37700000000007
COc1ccc(-c2c[nH]c3ncc(-c4cccc(C#N)c4)cc23)cc1OC,10000.0,5.0,0,355.3970000000001
COc1ccc(-c2c[nH]c3ncc(-c4cccc(C)c4)cc23)cc1OC,10000.0,5.0,0,344.4140000000001
COc1ccc(-c2c[nH]c3ncc(-c4cccc(F)c4)cc23)cc1OC,10000.0,5.0,0,348.37700000000007
COc1ccc(-c2c[nH]c3ncc(-c4cccc(N(C)C)c4)cc23)cc1OC,10000.0,5.0,0,373.45600000000013
COc1ccc(-c2c[nH]c3ncc(-c4cccc(N)c4)cc23)cc1OC,10000.0,5.0,0,345.4020000000001
COc1ccc(-c2c[nH]c3ncc(-c4cccc(NS(=O)(=O)c5ccccc5)c4)cc23)cc1OC,1600.0,5.795880017344075,0,485.5650000000002
COc1ccc(-c2c[nH]c3ncc(-c4ccccc4)cc23)cc1OC,10000.0,5.0,0,330.3870000000001
COc1ccc(-c2c[nH]c3ncc(-c4ccccc4C)cc23)cc1OC,10000.0,5.0,0,344.4140000000001
COc1ccc(-c2c[nH]c3ncc(-c4ccccc4N)cc23)cc1OC,10000.0,5.0,0,345.4020000000001
COc1ccc(-c2c[nH]c3ncc(-c4cccnc4)cc23)cc1OC,10000.0,5.0,0,331.3750000000001
COc1ccc(-c2c[nH]c3ncc(-c4ccncc4)cc23)cc1OC,9700.0,5.013228265733755,0,331.3750000000001
COc1ccc(-c2c[nH]c3ncc(-c4cnc(N)c(NS(=O)(=O)N5CCOCC5)c4)cc23)cc1OC,16.0,7.795880017344075,1,510.5760000000003
COc1ccc(-c2c[nH]c3ncc(-c4cnc(N)c(NS(=O)(=O)c5ccc(F)cc5F)c4)cc23)cc1OC,3.0,8.522878745280337,1,537.5480000000001
COc1ccc(-c2c[nH]c3ncc(-c4cncc(N)c4)cc23)cc1OC,955.0,6.019996628416254,1,346.3900000000001
COc1ccc(-c2c[nH]c3ncc(-c4cncc(NS(=O)(=O)c5ccccc5)c4)cc23)cc1OC,12.0,7.920818753952375,1,486.5530000000002
COc1ccc(-c2cc(-c3ccnn3CC(F)(F)F)c3c(N)ncnn23)cc1N1CCOC(C)(C)C1=O,630.0,6.200659450546418,1,515.4960000000003
COc1ccc(-c2cc(C(=O)Nc3ccc(-c4cn5ccnc5c(N5CCOCC5)n4)cc3)ncn2)cc1,1250.0,5.903089986991944,0,507.5540000000003
COc1ccc(-c2cc(C(F)(F)F)c3c(N)ncnn23)cc1N1CCOC(C)(C)C1=O,270.0,6.568636235841013,1,435.40600000000023
COc1ccc(-c2cc(CNc3ccc(S(=O)(=O)N(C)c4nnc(C)s4)cc3)cc(C(=O)NCCc3ccccc3F)c2)cn1,6000.0,5.221848749616356,0,646.7700000000003
COc1ccc(-c2cc(CNc3ccc(S(=O)(=O)Nc4nnc(C)s4)cc3)cc(C(=O)NC(CO)CO)c2)cn1,16.0,7.795880017344075,1,584.6800000000002
COc1ccc(-c2cc(CNc3ccc(S(=O)(=O)Nc4nnc(C)s4)cc3)cc(C(=O)NCCC(C)C)c2)cn1,10.3,7.987162775294828,1,580.7360000000002
COc1ccc(-c2cc(CNc3ccc(S(=O)(=O)Nc4nnc(C)s4)cc3)cc(C(=O)NCCc3ccccc3F)c2)cn1,9.75,8.010995384301463,1,632.7430000000003
COc1ccc(-c2cc(CNc3ccc(S(=O)(=O)Nc4nnc(C)s4)cc3)cc(C(=O)O)c2)cn1,9.25,8.033858267260968,1,511.5850000000002
COc1ccc(-c2cc(Cl)c3c(N)ncnn23)cc1N1CCOC(C)(C)C1=O,180.0,6.7447274948966935,1,401.8540000000002
COc1ccc(-c2cc(N3CCOCC3)c3sc(CN(C)c4ncc(C(=O)NO)cn4)cc3c2)cn1,19.0,7.721246399047171,1,506.58800000000014
COc1ccc(-c2cc(N3CCOCC3)cc(S(=O)(=O)Cc3ccc(F)cc3)c2)cc1N,11000.0,4.958607314841775,0,456.5390000000001
COc1ccc(-c2cc(N3CCOCC3)cc(S(=O)(=O)c3ccccc3)c2)cn1,12000.0,4.920818753952375,0,410.495
COc1ccc(-c2cc(OC3CCOCC3)c3nc(N)nc(C)c3c2)cn1,31.0,7.508638306165727,1,366.42100000000005
COc1ccc(-c2cc(OCC(=O)NO)c3ncnc(C)c3c2)cn1,68.0,7.167491087293763,1,340.33900000000006
COc1ccc(-c2cc(OCCCC(=O)NO)c3ncnc(C)c3c2)cn1,73.0,7.136677139879544,1,368.39300000000003
COc1ccc(-c2cc(OCCCC(=O)Nc3ccccc3N)c3ncnc(C)c3c2)cn1,90.5,7.043351420794797,1,443.5070000000001
COc1ccc(-c2cc(OCCCCC(=O)NO)c3ncnc(C)c3c2)cn1,51.0,7.292429823902063,1,382.4200000000001
COc1ccc(-c2cc(OCCCCC(=O)Nc3ccccc3N)c3ncnc(C)c3c2)cn1,47.5,7.323306390375134,1,457.5340000000001
COc1ccc(-c2cc(OCCCCCC(=O)NO)c3ncnc(C)c3c2)cn1,58.0,7.236572006437063,1,396.44700000000006
COc1ccc(-c2cc(OCCCCCC(=O)Nc3ccccc3N)c3ncnc(C)c3c2)cn1,72.5,7.139661993429006,1,471.56100000000015
COc1ccc(-c2cc(OCCCCCCC(=O)NO)c3ncnc(C)c3c2)cn1,102.0,6.991399828238082,1,410.474
COc1ccc(-c2cc(OCCCCCCC(=O)Nc3ccccc3N)c3ncnc(C)c3c2)cn1,76.0,7.119186407719209,1,485.5880000000001
COc1ccc(-c2cc(OCCCCCCCC(=O)NO)c3ncnc(C)c3c2)cn1,143.0,6.844663962534939,1,424.50100000000003
COc1ccc(-c2cc(OCCCCCCCC(=O)Nc3ccccc3N)c3ncnc(C)c3c2)cn1,126.0,6.899629454882437,1,499.6150000000001
COc1ccc(-c2cc(OCCCCCCCCC(=O)NO)c3ncnc(C)c3c2)cn1,162.0,6.790484985457369,1,438.528
COc1ccc(-c2cc(OCCCCCCCCC(=O)Nc3ccccc3N)c3ncnc(C)c3c2)cn1,369.0,6.432973633840939,1,513.642
COc1ccc(-c2cc(OCCCCCCCCCC(=O)Nc3ccccc3N)c3ncnc(C)c3c2)cn1,705.0,6.151810883008602,1,527.6690000000001
COc1ccc(-c2cc(OCCCN(C)c3ncc(C(=O)NO)cn3)c3ncnc(C)c3c2)cn1,213.0,6.671620396561262,1,475.5090000000001
COc1ccc(-c2cc(OCCCOc3ccc(C(=O)Nc4ccccc4N)cc3)c3ncnc(C)c3c2)cn1,454.0,6.342944147142896,1,535.6040000000002
COc1ccc(-c2cc(OCCCc3ccc(C(=O)Nc4ccccc4N)cc3)c3ncnc(C)c3c2)cn1,199.0,6.701146923590294,1,519.6050000000001
COc1ccc(-c2cc(OCCN(C)c3ncc(C(=O)NO)cn3)c3ncnc(C)c3c2)cn1,226.0,6.645891560852599,1,461.4820000000001
COc1ccc(-c2cc(OCCN(c3ncc(C(=O)NO)cn3)C(C)C)c3ncnc(C)c3c2)cn1,82.0,7.086186147616283,1,489.5360000000001
COc1ccc(-c2cc(OCCOc3ccc(C(=O)Nc4ccccc4N)cc3)c3ncnc(C)c3c2)cn1,145.0,6.838631997765025,1,521.5770000000001
COc1ccc(-c2cc(OCCc3ccc(C(=O)Nc4ccccc4N)cc3)c3ncnc(C)c3c2)cn1,67.0,7.173925197299173,1,505.5780000000002
COc1ccc(-c2cc(OCc3ccc(C(=O)Nc4ccccc4N)cc3)c3ncnc(C)c3c2)cn1,149.0,6.826813731587726,1,491.55100000000016
COc1ccc(-c2cc(O[C@@H]3CCN(C(=O)C4CC4)C3)cc3c2CNC3=O)cn1,1891.0,5.723308471154961,0,393.44300000000015
COc1ccc(-c2cc3c(-c4ccncc4)ncnc3s2)cn1,1228.0,5.910801633194851,0,320.37700000000007
COc1ccc(-c2cc3c(C)nc(N)cc3n(C3CCCC3)c2=O)cn1,13.6,7.866461091629782,1,350.42200000000014
COc1ccc(-c2cc3c(C)nc(N)cc3n([C@H]3CC[C@H](OCCO)CC3)c2=O)cn1,35.41,7.450874073241889,1,424.50100000000026
COc1ccc(-c2cc3c(C)nc(N)nc3n(C(C)C)c2=O)cn1,11.0,7.958607314841775,1,325.37200000000007
COc1ccc(-c2cc3c(C)nc(N)nc3n(C3CC3)c2=O)cn1,56.0,7.251811972993799,1,323.35600000000005
COc1ccc(-c2cc3c(C)nc(N)nc3n(C3CCC(=O)CC3)c2=O)cn1,4.3,8.366531544420413,1,379.4200000000002
COc1ccc(-c2cc3c(C)nc(N)nc3n(C3CCC3)c2=O)cn1,8.2,8.086186147616283,1,337.3830000000001
COc1ccc(-c2cc3c(C)nc(N)nc3n(C3CCCC3)c2=O)cc1F,15.0,7.823908740944319,1,368.41200000000015
COc1ccc(-c2cc3c(C)nc(N)nc3n(C3CCCC3)c2=O)cn1,2.88,8.540607512240769,1,351.41000000000014
COc1ccc(-c2cc3c(C)nc(N)nc3n(C3CCN(C(=O)OC(C)(C)C)C3)c2=O)cn1,27.0,7.568636235841013,1,452.51500000000027
COc1ccc(-c2cc3c(C)nc(N)nc3n(C3CCOC3)c2=O)cn1,7.5,8.1249387366083,1,353.3820000000001
COc1ccc(-c2cc3c(C)nc(N)nc3n(C3CCOCC3)c2=O)cn1,6.6,8.18045606445813,1,367.40900000000016
COc1ccc(-c2cc3c(C)nc(N)nc3n(C3CN(C(=O)OC(C)(C)C)C3)c2=O)cn1,29.0,7.5376020021010435,1,438.4880000000002
COc1ccc(-c2cc3c(C)nc(N)nc3n(CC(C)(C)F)c2=O)cn1,30.0,7.522878745280337,1,357.38900000000007
COc1ccc(-c2cc3c(C)nc(N)nc3n(CC(C)(C)O)c2=O)cn1,88.0,7.055517327849832,1,355.3980000000001
COc1ccc(-c2cc3c(C)nc(N)nc3n(CC(C)C)c2=O)cn1,10.0,8.0,1,339.39900000000006
COc1ccc(-c2cc3c(C)nc(N)nc3n(CC(F)(F)F)c2=O)cn1,130.0,6.886056647693163,1,365.315
COc1ccc(-c2cc3c(C)nc(N)nc3n(CC3(F)CCOCC3)c2=O)cn1,18.0,7.7447274948966935,1,399.4260000000002
COc1ccc(-c2cc3c(C)nc(N)nc3n(CC3CCCO3)c2=O)cn1,21.0,7.6777807052660805,1,367.40900000000016
COc1ccc(-c2cc3c(C)nc(N)nc3n(CC3CCOC3)c2=O)cn1,7.7,8.113509274827518,1,367.40900000000016
COc1ccc(-c2cc3c(C)nc(N)nc3n(CC3CCOCC3)c2=O)cn1,15.0,7.823908740944319,1,381.4360000000002
COc1ccc(-c2cc3c(C)nc(N)nc3n(CCC3CC3)c2=O)cn1,11.0,7.958607314841775,1,351.4100000000001
COc1ccc(-c2cc3c(C)nc(N)nc3n(CCN)c2=O)cn1,340.0,6.468521082957745,1,326.36
COc1ccc(-c2cc3c(C)nc(N)nc3n(N3CCCC3)c2=O)cn1,23.0,7.638272163982407,1,352.39800000000014
COc1ccc(-c2cc3c(C)nc(N)nc3n([C@@H]3CC[C@@H](O)C3)c2=O)cn1,4.6,8.337242168318426,1,367.4090000000001
COc1ccc(-c2cc3c(C)nc(N)nc3n([C@@H]3CC[C@H](O)C3)c2=O)cn1,11.0,7.958607314841775,1,367.4090000000001
COc1ccc(-c2cc3c(C)nc(N)nc3n([C@H]3CC[C@@H](O)CC3)c2=O)cn1,7.6,8.119186407719209,1,381.43600000000015
COc1ccc(-c2cc3c(C)nc(N)nc3n([C@H]3CC[C@@H](OCC(N)=O)CC3)c2=O)cn1,3.87,8.412289034981088,1,438.4880000000003
COc1ccc(-c2cc3c(C)nc(N)nc3n([C@H]3CC[C@H](OCC(N)=O)CC3)c2=O)cn1,5.79,8.237321436272564,1,438.4880000000003
COc1ccc(-c2cc3c(C)nc(N)nc3n([C@H]3CC[C@H](OCCO)CC3)c2=O)cn1,5.322,8.27392512978463,1,425.48900000000026
COc1ccc(-c2cc3c(C)nc(N)nc3n([C@H]3CC[C@H](OC[C@@H](O)CO)CC3)c2=O)cn1,6.82,8.16621562534352,1,455.51500000000027
COc1ccc(-c2cc3c(C)nc(N)nc3n([C@H]3C[C@H](OCC(N)=O)C3)c2=O)cn1,4.72,8.326058001365912,1,410.4340000000002
COc1ccc(-c2cc3c(C)nc(N)nc3n([C@H]3C[C@H](OCCO)C3)c2=O)cn1,10.2,7.991399828238082,1,397.4350000000002
COc1ccc(-c2cc3c(C)nc(N)nc3n2[C@H]2CC[C@H](OCCO)CC2)cn1,5551.0,5.255628772668139,0,397.4790000000002
COc1ccc(-c2ccc3c(N4CCOCC4)nc(C#N)nc3n2)cc1CO,2600.0,5.585026652029182,0,377.40400000000005
COc1ccc(-c2ccc3c(N4CCOCC4)nc(C(CO)CO)nc3n2)cc1CO,10000.0,5.0,0,426.4730000000001
COc1ccc(-c2ccc3c(N4CCOCC4)nc(C(N)=O)nc3n2)cc1CO,3200.0,5.494850021680094,0,395.4190000000001
COc1ccc(-c2ccc3c(N4CCOCC4)nc(CC#N)nc3n2)cc1CO,10000.0,5.0,0,391.4310000000001
COc1ccc(-c2ccc3c(N4CCOCC4)nc(CN)nc3n2)cc1CO,10000.0,5.0,0,381.4360000000001
COc1ccc(-c2ccc3c(N4CCOCC4)nc(CS(C)(=O)=O)nc3n2)cc1CO,10000.0,5.0,0,444.51300000000015
COc1ccc(-c2ccc3c(N4CCOCC4)nc(N4C[C@@H](C)O[C@@H](C)C4)nc3n2)cc1CO,8900.0,5.050609993355087,0,465.5540000000002
COc1ccc(-c2ccc3c(N4CCOC[C@@H]4C)nc(C(C)(C)C)nc3n2)cc1CO,400.0,6.3979400086720375,1,422.52900000000017
COc1ccc(-c2ccc3c(N4CCOC[C@@H]4C)nc(C(C)C)nc3n2)cc1CO,3000.0,5.522878745280337,0,408.5020000000001
COc1ccc(-c2ccc3c(N4CCOC[C@@H]4C)nc(C)nc3n2)cc1CO,10000.0,5.0,0,380.4480000000001
COc1ccc(-c2ccc3c(N4CCOC[C@@H]4C)nc(C4=CCOCC4)nc3n2)cc1CO,10000.0,5.0,0,448.52300000000025
COc1ccc(-c2ccc3c(N4CCOC[C@@H]4C)nc(C4CCOCC4)nc3n2)cc1CO,10000.0,5.0,0,450.53900000000027
COc1ccc(-c2ccc3c(N4CCOC[C@@H]4C)nc(CC(OC)OC)nc3n2)cc1CO,10000.0,5.0,0,454.5270000000002
COc1ccc(-c2ccc3c(N4CCOC[C@@H]4C)nc(N4CCOC[C@@H]4C)nc3n2)cc1CO,4025.0,5.3952341152961125,0,465.55400000000026
COc1ccc(-c2ccc3nc(C)c(-c4cnc(N)c(C(F)(F)F)c4)n3n2)cc1OC,6.0,8.221848749616356,1,429.40200000000004
COc1ccc(-c2ccc3nc(N)sc3c2)cn1,2197.165,5.6581373277409455,0,257.318
COc1ccc(-c2ccc3nc(NC(C)=O)nn3c2)cc1,25118.86,4.600000074606178,0,282.303
COc1ccc(-c2ccc3nc(NC(C)=O)nn3c2)cc1OC,316.23,6.499996931948306,1,312.32900000000006
COc1ccc(-c2ccc3nc(NC(C)=O)nn3c2)cc1S(=O)(=O)NCc1ccccc1,100000.0,4.0,0,451.50800000000015
COc1ccc(-c2ccc3ncc(-c4ccc(C(N)=O)cc4)n3n2)cc1OC,9.0,8.045757490560675,1,374.4000000000001
COc1ccc(-c2ccc3ncc(C(=O)N4CCOCC4)n3c2)cc1NS(=O)(=O)c1ccccc1,10000.0,5.0,0,492.5570000000002
COc1ccc(-c2ccc3ncc(C(=O)N4CCOCC4)n3c2)cc1NS(=O)(=O)c1cccnc1,100.0,7.0,1,493.5450000000002
COc1ccc(-c2ccc3ncc(C(=O)N4CCOCC4)n3c2)cc1NS(C)(=O)=O,10000.0,5.0,0,430.48600000000016
COc1ccc(-c2ccc3ncc(C(=O)N4CCOCC4)n3c2)cc1S(=O)(=O)Nc1ccccc1,10000.0,5.0,0,492.5570000000002
COc1ccc(-c2ccc3ncc4c(c3c2)n(-c2ccc(N3CCNCC3)c(C(F)(F)F)c2)c(=O)n4C)cn1,13.4775,7.870390659499326,1,534.5420000000003
COc1ccc(-c2ccc3ncc4c(c3c2)n(C2CCN(C(C)=O)CC2)c(=O)n4C)cn1,153.0,6.815308569182402,1,431.49600000000027
COc1ccc(-c2ccc3ncc4c(c3c2)n(C2CCNCC2)c(=O)n4C)cn1,188.0,6.72584215073632,1,389.4590000000002
COc1ccc(-c2ccc3ncc4c(c3n2)N(C2CCN(C(=O)[C@@H](C)O)CC2)C(=O)N(C)C4)cn1,9.7,8.013228265733755,1,476.5370000000003
COc1ccc(-c2ccc3ncc4c(c3n2)N(C2CCNCC2)C(=O)N(C)C4)cn1,115.0,6.939302159646388,1,404.4740000000002
COc1ccc(-c2ccc3ncc4c(c3n2)N(c2ccc(N3CCNCC3)c(C(F)(F)F)c2)C(=O)N(C)C4)cn1,8.6,8.065501548756432,1,549.5570000000001
COc1ccc(-c2ccc3ncc4c(c3n2)N(c2cccc(C(F)(F)F)c2)C(=O)N(C)C4)cn1,88.4,7.053547734986926,1,465.4350000000001
COc1ccc(-c2ccc3ncc4nc(C)n(-c5ccc(F)cc5)c4c3c2)cc1,321.5,6.492819022739759,1,383.42600000000004
COc1ccc(-c2ccc3ncnc(-c4cccc(C(=O)N5CCN(C(C)=O)CC5)c4)c3c2)cc1OC,723.5,6.140561464544944,1,496.5670000000004
COc1ccc(-c2ccc3ncnc(-c4cccc(C(=O)N5CCN(C(C)=O)CC5)c4)c3c2)cn1,1269.0,5.896538377905295,0,467.52900000000034
COc1ccc(-c2ccc3ncnc(-c4cccc(C(=O)N5CCN(C)CC5)c4)c3c2)cc1OC,750.0,6.1249387366083,1,468.55700000000036
COc1ccc(-c2ccc3ncnc(-c4cccc(C(=O)N5CCN(C)CC5)c4)c3c2)cn1,909.5,6.041197296600497,1,439.5190000000003
COc1ccc(-c2ccc3ncnc(-c4cncc(C(=O)N5CCN(C)CC5)c4)c3c2)cn1,1476.0,5.830913642512977,0,440.5070000000003
COc1ccc(-c2ccc3ncnc(N4CCC[C@H](C(=O)N5CCN(C)CC5)C4)c3c2)cn1,1109.5,5.954872693431973,0,446.5550000000003
COc1ccc(-c2ccc3ncnc(N[C@H]4CCN(C(=O)C5CC5)C4)c3c2)cn1,25.4,7.595166283380062,1,389.4590000000002
COc1ccc(-c2ccc3ncnc(O[C@@H]4CCN(C(=O)OC(C)(C)C)C4)c3c2)cc1OC,693.0,6.159266765388193,1,451.52300000000025
COc1ccc(-c2ccc3ncnc(O[C@@H]4CCN(C(C)=O)C4)c3c2)cc1OC,676.0,6.170053304058364,1,393.44300000000015
COc1ccc(-c2ccc3ncnc(O[C@@H]4CCN(C)C4)c3c2)cc1OC,842.0,6.0746879085003505,1,365.4330000000001
COc1ccc(-c2ccc3ncnc(O[C@H]4CCN(C(=O)OC(C)(C)C)C4)c3c2)cc1OC,205.0,6.688246138944246,1,451.52300000000025
COc1ccc(-c2ccc3ncnc(O[C@H]4CCN(C(C)=O)C4)c3c2)cc1OC,168.0,6.774690718274137,1,393.44300000000015
COc1ccc(-c2ccc3ncnc(O[C@H]4CCN(C)C4)c3c2)cc1OC,888.0,6.051587034221399,1,365.4330000000001
COc1ccc(-c2cccc(CNc3ccc(S(=O)(=O)Nc4nnc(C)s4)cc3)c2)cn1,102.0,6.991399828238082,1,467.57600000000014
COc1ccc(-c2cccc(S(=O)(=O)N3CCN(c4nccnc4-c4ccc(OC)cc4)CC3)c2)cc1,960.0,6.017728766960431,1,516.6230000000003
COc1ccc(-c2cccc3c(=O)nc(N4CCOCC4)oc23)cc1,2800.0,5.552841968657781,0,338.3630000000001
COc1ccc(-c2cccc3nc([C@@H]4CCCN4c4nc(N)nc(C)c4C#N)n(-c4ccccc4)c(=O)c23)cn1,260.0,6.585026652029182,1,530.5920000000002
COc1ccc(-c2cccc3nc([C@@H]4C[C@H](O)CN4c4nc(N)nc(C)c4C#N)n(-c4ccccc4)c(=O)c23)cn1,86.0,7.0655015487564325,1,546.5910000000002
COc1ccc(-c2ccn3nc(NC(=O)NCCOc4cccnc4)cc3c2)cc1OC,4146.0,5.382370702242158,0,433.46800000000013
COc1ccc(-c2ccn3nc(NC(=O)NCCOc4cccnc4)cc3c2)cn1,7552.0,5.121938018709987,0,404.43000000000006
COc1ccc(-c2ccn3ncc(/C=N/N(C)S(=O)(=O)c4cc([N+](=O)[O-])ccc4C)c3n2)cc1OC,233.0,6.632644078973981,1,510.5320000000003
COc1ccc(-c2ccn3ncc(/C=N/N(C)S(=O)(=O)c4cc([N+](=O)[O-])ccc4C)c3n2)cn1,1030.0,5.987162775294828,0,481.49400000000026
COc1ccc(-c2ccnc(Nc3ccc(Cl)cc3)n2)cc1,552.0,6.2580609222708015,1,311.772
COc1ccc(-c2ccnc(Nc3ccc(Cl)cc3Cl)n2)cc1,738.0,6.131943638176958,1,346.21700000000004
COc1ccc(-c2ccnc(Nc3ccc([N+](=O)[O-])cc3)n2)cc1,527.0,6.278189384787454,1,322.324
COc1ccc(-c2ccnc(Nc3cccc(OC)c3)n2)cc1,615.0,6.211124884224583,1,307.353
COc1ccc(-c2cn(Cc3nc4cccc(C)c4c(=O)n3-c3ccccc3C)nn2)c(C)c1,290000.0,3.537602002101044,0,451.5300000000002
COc1ccc(-c2cn([C@H]3CC[C@H](OCCO)CC3)c3nc(N)nc(C)c23)cn1,10000.0,5.0,0,397.47900000000016
COc1ccc(-c2cnc3[nH]cc(-c4ccc(OC)c(OC)c4)c3c2)cc1,10000.0,5.0,0,360.4130000000001
COc1ccc(-c2cnc3[nH]cc(-c4ccc(OC)c(OC)c4)c3c2)cc1OC,10000.0,5.0,0,390.4390000000002
COc1ccc(-c2cnc3nc(N)nc(C)c3c2)cn1,414.0,6.382999658879101,1,267.292
COc1ccc(-c2cncc(C#N)c2Nc2ccc3[nH]ccc3c2)cc1OC,10000.0,5.0,0,370.4120000000001
COc1ccc(-c2csc3c(=O)cc(N4CCOCC4)oc23)cc1,61.0,7.214670164989233,1,343.4040000000001
COc1ccc(-c2n[nH]c(=O)c3[nH]c4ccc(OC)cc4c23)cc1,10000.0,5.0,0,321.33600000000007
COc1ccc(-c2n[nH]c3ncnc(N)c23)cc1O,705.0,6.151810883008602,1,257.253
COc1ccc(-c2nc(N3CCOCC3)c3ncccc3n2)cc1,29400.0,4.531652669587842,0,322.368
COc1ccc(-c2nc(N3CCOCC3)c3sc(CN(C)c4ccc(C(=O)NO)cc4)cc3n2)cn1,19.0,7.721246399047171,1,506.5880000000002
COc1ccc(-c2nc(N3CCOCC3)c3sc(CN(C)c4ncc(C(=O)NO)cn4)cc3n2)cn1,25.483333333333334,7.5937437649713235,1,508.5640000000002
COc1ccc(-c2nc3c(N4CCOC[C@@H]4C)nc(N4CCOCC4)nc3[nH]2)cc1C(=O)O,9100.0,5.040958607678906,0,454.48700000000025
COc1ccc(-c2nc3c(N4CCOC[C@@H]4C)nc(N4CCOC[C@@H]4C)nc3[nH]2)cc1CO,2540.0,5.5951662833800615,0,454.53100000000023
COc1ccc(-c2nccnc2N2CCN(S(=O)(=O)c3cccc(-c4cnc(N)nc4)c3)CC2)cc1,38.0,7.42021640338319,1,503.5880000000003
COc1ccc(-c2ncnc(C)c2C#Cc2ccc(N)nc2)cn1,78.0,7.107905397309519,1,317.352
COc1ccc(-c2ncnc3ccc(-c4cnc5ccccc5c4)cc23)cc1OC,95.0,7.022276394711152,1,393.44600000000014
COc1ccc(-c2nn(C(C)(C)C)c3ncnc(N)c23)cc1OC,464.0,6.333482019445119,1,327.3880000000001
COc1ccc(-c2nn(C(C)C)c3ncnc(N)c23)cc1,1250.0,5.903089986991944,0,283.33500000000004
COc1ccc(-c2nn(C(C)C)c3ncnc(N)c23)cc1O,164.0,6.785156151952302,1,299.33400000000006
COc1ccc(-c2nn(C(C)C)c3ncnc(N)c23)cc1OC,80.0,7.096910013008056,1,313.3610000000001
COc1ccc(-c2nn(C)c3ncnc(N)c23)cc1O,403.0,6.394694953858891,1,271.28
COc1ccc(-c2nn(C3CCC(C)C3)c3ncnc(N)c23)cc1O,192.0,6.716698771296451,1,339.39900000000006
COc1ccc(-c2nn(C3CCC3)c3ncnc(N)c23)cc1OC,17.0,7.769551078621726,1,325.37200000000007
COc1ccc(-c2nn(C3CCCC3)c3ncnc(N)c23)cc1O,68.0,7.167491087293763,1,325.372
COc1ccc(-c2nn(C3CCCC3)c3ncnc(N)c23)cc1OC,289.0,6.539102157243452,1,339.39900000000006
COc1ccc(-c2nn(C3CNC3)c3ncnc(N)c23)cc1O,2220.0,5.653647025549361,0,312.3330000000001
COc1ccc(-c2nn(C[C@@H](C)CO)c3ncnc(N)c23)cc1OC,1500.0,5.823908740944319,0,343.3870000000001
COc1ccc(-c2nn(C[C@H](C)CO)c3ncnc(N)c23)cc1OC,570.0,6.2441251443275085,1,343.3870000000001
COc1ccc(-c2nn(Cc3nc4cccc(F)c4c(=O)n3-c3c(C)cccc3C)c3ncnc(N)c23)cc1OC,11814.0,4.927603033478238,0,551.5820000000002
COc1ccc(-c2nn([C@@H]3CCNC3)c3ncnc(N)c23)cc1O,2260.0,5.645891560852599,0,326.36000000000007
COc1ccc(-c2nn3c(-c4ccc(C#N)nc4)cnc3s2)cc1OC,63.0,7.200659450546418,1,363.4020000000001
COc1ccc(-c2nn3c(-c4cnc(N)c(C#N)c4)cnc3s2)cc1OC,33.0,7.481486060122112,1,378.4170000000001
COc1ccc(-c2nn3c(-c4cnc(N)c(C(F)(F)F)c4)cnc3s2)cc1,454.0,6.342944147142896,1,391.37800000000004
COc1ccc(-c2nn3c(-c4cnc(N5CCN(C)CC5)c(C(F)(F)F)c4)cnc3s2)cc1OC,447.0,6.349692476868063,1,504.5380000000002
COc1ccc(-c2sc(NC(=O)C(C)(C)C)nc2C)cc1S(=O)(=O)Nc1ccc(O)cc1,10000.0,5.0,0,475.59200000000016
COc1ccc(-c2sc(NC(=O)C3CCCC3)nc2C)cc1S(=O)(=O)Nc1ccc(O)cc1,2000.0,5.698970004336019,0,487.6030000000001
COc1ccc(-c2sc(NC(=O)CC3CCCC3)nc2C)cc1S(=O)(=O)Nc1ccc(O)cc1,200000.0,3.6989700043360187,0,501.63000000000017
COc1ccc(-c2sc(NC(=O)CC3CCOCC3)nc2C)cc1S(=O)(=O)Nc1cc(C)cc(O)c1,200000.0,3.6989700043360187,0,531.6560000000003
COc1ccc(-c2sc(NC(=O)CC3CCOCC3)nc2C)cc1S(=O)(=O)Nc1ccc(F)cc1,200000.0,3.6989700043360187,0,519.6200000000002
COc1ccc(-c2sc(NC(=O)CC3CCOCC3)nc2C)cc1S(=O)(=O)Nc1ccc(O)cc1,200000.0,3.6989700043360187,0,517.6290000000002
COc1ccc(-c2sc(NC3CCCCCC3)nc2C)cc1S(=O)(=O)Nc1c(C)cccc1C,200000.0,3.6989700043360187,0,499.70200000000017
COc1ccc(-c2sc(N[C@H](C)C3CCCCC3)nc2C)cc1S(=O)(=O)NC1CCCNC1,200000.0,3.6989700043360187,0,492.7110000000003
COc1ccc(-c2sc(N[C@H](C)C3CCCCC3)nc2C)cc1S(=O)(=O)NC1CCNCC1,200000.0,3.6989700043360187,0,492.7110000000003
COc1ccc(-c2sc(N[C@H](C)CC3CCCCC3)nc2C)cc1S(=O)(=O)NC1CCNCC1,200000.0,3.6989700043360187,0,506.73800000000034
COc1ccc(-n2c(=O)n(C)c3cnc(Nc4ccc(OC)cc4C)cc32)cc1,676.0,6.170053304058364,1,390.44300000000015
COc1ccc(-n2c(=O)n(C)c3cnc4ccc(-c5ccncc5)cc4c32)cc1,501.0,6.300162274132754,1,382.42300000000006
COc1ccc(-n2c(C)nc3cnc4ccc(-c5cnc6[nH]ccc6c5)cc4c32)cc1,26.3,7.580044251510242,1,405.4610000000001
COc1ccc(/C=C\c2cc(OC)c(OC)c(OC)c2)cc1NC(=O)CCC(=O)N[C@@H](CCCNC(=N)N)C(=O)O,10000.0,5.0,0,571.6310000000003
COc1ccc(/N=N/c2cc(-c3cc(OC4CCOCC4)c4ncnc(C)c4c3)cnc2OC)cc1,5.28,8.277366077466187,1,485.54400000000027
COc1ccc(/N=N\c2cc(-c3cc(OC4CCOCC4)c4ncnc(C)c4c3)cnc2OC)cc1,3.27,8.485452247339714,1,485.54400000000027
COc1ccc(C#Cc2c(N)ncnc2N[C@@H](C)c2nc3c(Cl)ccc(Cl)c3c(=O)n2-c2ccccc2)nc1,1000.0,6.0,1,558.4290000000002
COc1ccc(C#Cc2c(N)ncnc2N[C@@H](C)c2nc3c(F)cccc3c(=O)n2-c2ccccc2)nc1,1000.0,6.0,1,507.52900000000017
COc1ccc(C#Cc2cccc3cc([C@H](C)NC(=O)c4c(N)nn5cccnc45)n(-c4ccccc4)c(=O)c23)cn1,2000.0,5.698970004336019,0,555.5980000000002
COc1ccc(C#Cc2csc3c(=O)cc(N4CCOCC4)oc23)cc1,242.0,6.616184634019569,1,367.42600000000016
COc1ccc(C(=O)NNC(=O)c2cc3nc(-c4cnc(N)nc4)nc(N4CCOCC4)c3s2)cc1,4.306666666666667,8.365858741060597,1,506.5480000000003
COc1ccc(C(C)(C)c2cc(-c3cnc(NC(=O)N4CCC[C@@]4(C)C(N)=O)s3)ccn2)cc1,28.0,7.552841968657781,1,479.6060000000003
COc1ccc(C(c2c(O)ccc3ccccc23)N2CCCC2=O)cc1,10000.0,5.0,0,347.4140000000002
COc1ccc(C)c(Nc2cc3c(cn2)n(C)c(=O)n3C2CCCC2)c1,5390.0,5.268411234813262,0,352.4380000000002
COc1ccc(C2(c3cc(-c4sc(NC(=O)N5CCC[C@@]5(C)C(N)=O)nc4C)ccn3)CC2)cc1,190.0,6.721246399047171,1,491.61700000000036
COc1ccc(CN2CCC(c3cc4cc(C(=O)N5CCN(Cc6ccc(C(F)(F)F)cc6)CC5)n(C)c4cn3)CC2)cn1,45.6,7.341035157335565,1,606.693
COc1ccc(CN2CCC(c3ccc4[nH]c(C(=O)N5CCN(Cc6ccc(C(F)(F)F)cc6)CC5)nc4c3)CC2)cn1,26.5,7.576754126063192,1,592.666
COc1ccc(CN2CCC(c3ccc4c(c3)nc(C(=O)N3CCN(Cc5ccc(C(F)(F)F)cc5)CC3)n4C)CC2)cn1,8.5,8.070581074285707,1,606.693
COc1ccc(CN2CCC(c3ccc4nc(C(=O)N5CCN(Cc6ccc(C#N)cc6)CC5)[nH]c4c3)CC2)cn1,100.0,7.0,1,549.6790000000003
COc1ccc(CN2CCC(c3ccc4nc(C(=O)N5CCN(Cc6ccc(C(F)(F)F)cc6)CC5)[nH]c4c3)CC2)cc1,7.6,8.119186407719209,1,591.6780000000001
COc1ccc(CN2CCC(c3ccc4nc(C(=O)N5CCN(Cc6ccc(C(F)(F)F)cc6)CC5)cn4c3)CC2)cn1,3.5,8.455931955649724,1,592.666
COc1ccc(CN2CCC(c3ccc4nc(C(=O)N5CCN(Cc6ccc(C(F)(F)F)cc6)CC5)n(C)c4c3)CC2)cn1,4.8,8.318758762624412,1,606.6930000000001
COc1ccc(CN2CCC(c3ccc4nc(C(=O)N5CCN(Cc6ccc(C(F)(F)F)cc6F)CC5)[nH]c4c3)CC2)cn1,33.55,7.474307475494989,1,610.656
COc1ccc(CN2CCC(c3ccc4nc(C(=O)N5CCN(Cc6ccc7c(c6)OC(F)(F)O7)CC5)[nH]c4c3)CC2)cn1,18.95,7.722390785695909,1,604.6580000000001
COc1ccc(CN2CCC(c3ccn4cc(C(=O)N5CCN(Cc6ccc(C(F)(F)F)cc6)CC5)nc4c3)CC2)cn1,33.0,7.481486060122112,1,592.666
COc1ccc(CN2CCC(c3ccn4nc(C(=O)N5CCN(Cc6ccc(C(F)(F)F)cc6)CC5)cc4c3)CC2)cn1,10.4,7.982966660701219,1,592.6660000000002
COc1ccc(CN2CCC(n3cc4cc(C(=O)N5CCN(Cc6ccc(C(F)(F)F)cc6)CC5)ccc4n3)CC2)cn1,6.325,8.198939470152144,1,592.666
COc1ccc(CN2CCC(n3cnc4c(N5CCOCC5)nc(-c5cccc(O)c5)nc43)CC2)cn1,55.0,7.259637310505756,1,501.59100000000035
COc1ccc(CNC(=O)Cc2nnc(-c3ccc4ncccc4c3)o2)cc1OC,7600.0,5.119186407719209,0,404.4260000000001
COc1ccc(CNc2n[nH]c3cc(-c4ccc5oc(N)nc5c4)ccc23)cc1,10000.0,5.0,0,385.42700000000013
COc1ccc(CNc2nc3cc(-c4nc(N5CCOCC5)nc(N5CCOCC5)n4)ccc3o2)cc1,81.0,7.0915149811213505,1,503.5630000000004
COc1ccc(Cl)c(Nc2nc3ccccc3nc2NS(=O)(=O)c2cccc(NC(=O)C(C)(C)N)c2)c1,39.0,7.4089353929735005,1,541.0330000000002
COc1ccc(Cl)c2cc(-c3nn(C4CCOCC4)c4ncnc(N)c34)[nH]c12,500.0,6.301029995663981,1,398.85400000000016
COc1ccc(Cn2c3ccc(Br)cc3c3c(C)n[nH]c(=O)c32)cc1,5200.0,5.2839966563652006,0,398.26000000000016
COc1ccc(N(C(=O)OCc2ccccc2)c2cc3c(cn2)n(C)c(=O)n3C2CCOCC2)c(C)c1,10000.0,5.0,0,502.57100000000037
COc1ccc(N(C)c2cc3c(cn2)n(C)c(=O)n3C2CCCC2)c(C)c1,3040.0,5.517126416391246,0,366.4650000000002
COc1ccc(N2CCOc3ccc(O[C@H]4CCN(C(=O)C5CCOCC5)C4)cc32)cn1,5150.0,5.288192770958809,0,439.5120000000003
COc1ccc(N2CCOc3ccc(O[C@H]4CCN(C(=O)CN(C)C)C4)cc32)cn1,4418.0,5.354774288464584,0,412.4900000000002
COc1ccc(N2CCOc3ccc(O[C@H]4CCN(C(=O)CN5CCOCC5)C4)cc32)cn1,2743.0,5.561774192395471,0,454.5270000000003
COc1ccc(N2CCc3ncnc(-c4cccc(C(=O)N5CCN(C(C)=O)CC5)c4)c3C2)cn1,8470.0,5.072116589669293,0,472.5490000000004
COc1ccc(N2CCc3ncnc(-c4cccc(OC5CCN(C(C)=O)CC5)c4)c3C2)cn1,5525.0,5.2576677176428515,0,459.55000000000035
COc1ccc(N2CCc3ncnc(O[C@H]4CCN(C(=O)C5CCOCC5)C4)c3C2)cn1,757.0,6.120904120499927,1,439.51600000000036
COc1ccc(NC(=O)Cc2nnc(-c3ccc4ncccc4c3)o2)cc1OC,200000.0,3.6989700043360187,0,390.3990000000001
COc1ccc(NC(=O)Nc2ccc(-c3nc(N4CCOCC4)nc(N4C5CCC4COC5)n3)cc2)cc1OC,13.5,7.8696662315049934,1,547.6160000000003
COc1ccc(NC(C)c2cc(C)cc3c(=O)cc(N4Cc5ccccc5C4)oc23)c(C(=O)O)n1,8750.0,5.057991946977687,0,471.51300000000026
COc1ccc(NCc2cccn3c(=O)cc(N4CCOCC4)nc23)cc1,350.0,6.455931955649724,1,366.4210000000002
COc1ccc(Nc2cc(-c3cccc(O)c3)nc(N3CCOCC3)n2)cc1,190.0,6.721246399047171,1,378.4320000000002
COc1ccc(Nc2cc(-c3cccc(O)c3)nc(N3CCOCC3)n2)cn1,17.0,7.769551078621726,1,379.4200000000002
COc1ccc(Nc2cc(-c3ccccc3)n[nH]c2=O)cc1,10000.0,5.0,0,293.326
COc1ccc(Nc2cc(-c3ccco3)n[nH]c2=O)cc1,10000.0,5.0,0,283.28700000000003
COc1ccc(Nc2cc(-c3ccncc3)n[nH]c2=O)cc1,10000.0,5.0,0,294.314
COc1ccc(Nc2cc(-c3cnc(N)nc3)nc(N3CCOCC3)n2)cn1,2.0,8.698970004336019,1,380.4120000000002
COc1ccc(Nc2cc3c(cn2)n(C(C)C)c(=O)n3C2CCCC2)c(C)c1,100000.0,4.0,0,380.49200000000025
COc1ccc(Nc2cc3c(cn2)n(C)c(=O)n3-c2ccc(C(C)(C)C#N)cc2)c(C)c1,302.0,6.519993057042849,1,427.50800000000015
COc1ccc(Nc2cc3c(cn2)n(C)c(=O)n3-c2ccc(O)cc2)c(C)c1,500.0,6.301029995663981,1,376.41600000000005
COc1ccc(Nc2cc3c(cn2)n(C)c(=O)n3-c2ccc(OCc3ccccc3)cc2)c(C)c1,26300.0,4.580044251510242,0,466.54100000000017
COc1ccc(Nc2cc3c(cn2)n(C)c(=O)n3-c2ccccc2)c(C)c1,484.0,6.315154638355588,1,360.41700000000003
COc1ccc(Nc2cc3c(cn2)n(C)c(=O)n3C2CCC(N)CC2)c(C)c1,12940.0,4.888065723667318,0,381.48000000000025
COc1ccc(Nc2cc3c(cn2)n(C)c(=O)n3C2CCC(NC(=O)OC(C)(C)C)CC2)c(C)c1,1130.0,5.94692155651658,0,481.5970000000004
COc1ccc(Nc2cc3c(cn2)n(C)c(=O)n3C2CCC(O)CC2)c(C)c1,1380.0,5.860120913598763,0,382.4640000000002
COc1ccc(Nc2cc3c(cn2)n(C)c(=O)n3C2CCC(OC)CC2)c(C)c1,1430.0,5.844663962534939,0,396.49100000000027
COc1ccc(Nc2cc3c(cn2)n(C)c(=O)n3C2CCC(OCc3ccccc3)CC2)c(C)c1,2070.0,5.684029654543083,0,472.58900000000034
COc1ccc(Nc2cc3c(cn2)n(C)c(=O)n3C2CCCC2)c(C#N)c1,10000.0,5.0,0,363.4210000000002
COc1ccc(Nc2cc3c(cn2)n(C)c(=O)n3C2CCCC2)c(C(F)(F)F)c1,2710.0,5.567030709125595,0,406.4080000000002
COc1ccc(Nc2cc3c(cn2)n(C)c(=O)n3C2CCCC2)c(C)c1,1092.0,5.961777361631282,0,352.4380000000002
COc1ccc(Nc2cc3c(cn2)n(C)c(=O)n3C2CCCC2)c(Cl)c1,2700.0,5.568636235841013,0,372.8560000000002
COc1ccc(Nc2cc3c(cn2)n(C)c(=O)n3C2CCCC2)c(OC)c1,8210.0,5.085656842880559,0,368.43700000000024
COc1ccc(Nc2cc3c(cn2)n(C)c(=O)n3C2CCCC2)cc1,9620.0,5.016824927962187,0,338.4110000000002
COc1ccc(Nc2cc3c(cn2)n(C)c(=O)n3C2CCN(C(=O)OC(C)(C)C)CC2)c(C)c1,123.0,6.910094888560602,1,467.5700000000004
COc1ccc(Nc2cc3c(cn2)n(C)c(=O)n3C2CCN(C)CC2)c(C)c1,36000.0,4.443697499232712,0,381.48000000000025
COc1ccc(Nc2cc3c(cn2)n(C)c(=O)n3C2CCNCC2)c(C)c1,60650.0,4.217169194797409,0,367.4530000000002
COc1ccc(Nc2cc3c(cn2)n(C)c(=O)n3C2CCOC2)c(C)c1,5290.0,5.276544327964814,0,354.4100000000002
COc1ccc(Nc2cc3c(cn2)n(C)c(=O)n3C2CCOCC2)c(C)c1,1835.0,5.7363639314118915,0,368.43700000000024
COc1ccc(Nc2cc3c(cn2)n(C)c(=O)n3C2COC2)c(C)c1,151000.0,3.8210230527068307,0,340.38300000000015
COc1ccc(Nc2cc3c(cn2)n(C)c(=O)n3CC2CCN(C(=O)OC(C)(C)C)CC2)c(C)c1,187.0,6.728158393463501,1,481.5970000000004
COc1ccc(Nc2cc3c(cn2)n(C)c(=O)n3CC2CCN(C)CC2)c(C)c1,25300.0,4.5968794788241825,0,395.50700000000023
COc1ccc(Nc2cc3c(cn2)n(C)c(=O)n3CC2CCNCC2)c(C)c1,23700.0,4.6252516539898965,0,381.4800000000002
COc1ccc(Nc2cc3c(cn2)n(C)c(=O)n3CC2CCOCC2)c(C)c1,703.0,6.153044674980176,1,382.4640000000002
COc1ccc(Nc2cc3c(cn2)n(C)c(=O)n3CCC2CCOCC2)c(C)c1,359.0,6.444905551421681,1,396.49100000000027
COc1ccc(Nc2cc3c(cn2)n(C2CCCC2)c(=O)n3C2CCCC2)c(C)c1,100000.0,4.0,0,406.5300000000002
COc1ccc(Nc2cc3c(cn2)n(CCO)c(=O)n3C2CCCC2)c(C)c1,18200.0,4.739928612014925,0,382.4640000000002
COc1ccc(Nc2cc3c(cn2)n(CCOCc2ccccc2)c(=O)n3C2CCCC2)c(C)c1,100000.0,4.0,0,472.5890000000003
COc1ccc(Nc2cc3c(cn2)n(Cc2ccccc2)c(=O)n3C2CCCC2)c(C)c1,100000.0,4.0,0,428.5360000000003
COc1ccc(Nc2nc3ccc(C(C)(C)O)cn3c2-c2nc(C)nc(N)n2)cn1,45.0,7.346787486224656,1,406.45000000000016
COc1ccc(Nc2nc3ccc(N4CCN(C(=O)N(C)C)CC4)cn3c2-c2nc(C)nc(N)n2)cn1,34.0,7.468521082957745,1,503.5710000000003
COc1ccc(Nc2nc3ccc(N4CCNCC4)cn3c2-c2nc(C)nc(N)n2)cn1,69.0,7.161150909262744,1,432.4920000000002
COc1ccc(Nc2nc3ccccn3c2-c2nc(C)nc(N)n2)cn1,40.0,7.3979400086720375,1,348.3700000000001
COc1ccc(OCc2cccn3c(=O)cc(N4CCOCC4)nc23)cc1,1600.0,5.795880017344075,0,367.4050000000002
COc1ccc(Oc2cc(C)c(-c3csc(NC(=O)c4ccnc(F)c4)n3)c(C)c2)cc1,10000.0,5.0,0,449.5070000000002
COc1ccc(S(=O)(=O)N2CCN(c3nc(NCCN4CCOCC4)nc(N4CCOCC4)n3)CC2)cc1,8.9,8.050609993355087,1,548.6700000000005
COc1ccc(S(=O)(=O)Nc2cc(-c3cc4c(C)nc(N)cc4n(C4CCCC4)c3=O)cnc2OC)cc1,174.28,6.758752448736284,1,535.6260000000004
COc1ccc(S(=O)(=O)Nc2cc(-c3ccc4nccc(=O)n4c3)cnc2OC)cc1,54.1,7.266802734893431,1,438.46500000000015
COc1ccc(S(=O)(=O)Nc2cc(-c3cnc4nc(N)nc(C)c4c3)cnc2OC)cc1,67.0,7.173925197299173,1,452.4960000000002
COc1ccc(S(=O)(=O)c2nc3ccccc3nc2N2CCOCC2)cc1,1400.0,5.853871964321762,0,385.4450000000002
COc1ccc(S(=O)(=O)c2nc3ccccc3nc2Nc2cccc(O)c2)cc1,1000.0,6.0,1,407.4510000000001
COc1ccc(S(=O)(=O)n2cc3c(=O)oc4ccccc4c3n2)cc1,6480.0,5.188424994129407,0,356.35900000000004
COc1ccc([C@@H](O)c2cc(-c3ncnc4cc(N5CCOCC5)ccc34)c(F)cc2Cl)nn1,7.49,8.125518182300533,1,481.9150000000003
COc1ccc([C@@H]2OC(=O)N(c3cc(-c4cnc(N)nc4C(F)(F)F)nc(N4CCOCC4)n3)[C@H]2CO)cc1,5.0,8.301029995663981,1,547.4940000000004
COc1ccc([N+](=O)[O-])cc1S(=O)(=O)N(C)/N=C/c1cnn2ccc(C#N)cc12,0.8,9.096910013008056,1,414.40300000000013
COc1ccc([N+](=O)[O-])cc1S(=O)(=O)N(C)/N=C/c1cnn2ccc(Cl)nc12,81.0,7.0915149811213505,1,424.82600000000014
COc1ccc2[nH]c(-c3c(C)nn(C)c3C)c(/C=C3/Oc4ccc(NC(=O)Nc5ccc(C(=O)N(C)CCN(C)C)cc5)cc4C3=O)c2c1,0.3,9.522878745280337,1,661.7630000000001
COc1ccc2[nH]c(-c3c(C)nn(C)c3C)c(/C=C3/Oc4ccc(NC(=O)Nc5ccc(C(=O)N6CCN(C)CC6)cc5)cc4C3=O)c2c1,0.2,9.698970004336019,1,659.7470000000001
COc1ccc2[nH]c(-c3c(C)nn(C)c3C)c(/C=C3/Oc4ccc(NC(=O)Nc5ccc(C(=O)N6CCOCC6)cc5)cc4C3=O)c2c1,0.2,9.698970004336019,1,646.7040000000001
COc1ccc2[nH]c(-c3c(C)nn(C)c3C)c(/C=C3/Oc4ccc(NC(=O)Nc5cccnc5)cc4C3=O)c2c1,0.5,9.301029995663981,1,534.5760000000002
COc1ccc2[nH]c(-c3ccccc3)c(/C=C3\Oc4cc(O)cc(O)c4C3=O)c2c1,2.0,8.698970004336019,1,399.40200000000016
COc1ccc2[nH]c(-c3cccnc3)c(/C=C3\Oc4cc(O)cc(O)c4C3=O)c2c1,1.0,9.0,1,400.39000000000016
COc1ccc2[nH]c(-c3nn(C(C)C)c4ncnc(N)c34)cc2c1,500.0,6.301029995663981,1,322.37200000000007
COc1ccc2[nH]c(-c3nn(C(C)C)c4ncnc(N)c34)cc2n1,10.0,8.0,1,323.36000000000007
COc1ccc2[nH]c(C)c(/C=C3\Oc4cc(O)cc(O)c4C3=O)c2c1,3.0,8.522878745280337,1,337.3310000000001
COc1ccc2[nH]c(Cc3nc(N4CCOCC4)cc(=O)[nH]3)nc2c1,10000.0,5.0,0,341.371
COc1ccc2[nH]c3c(=O)[nH]nc(-c4ccc(C(F)(F)F)cc4)c3c2c1,6900.0,5.161150909262744,0,359.3070000000001
COc1ccc2[nH]c3c(=O)[nH]nc(-c4ccccc4)c3c2c1,10000.0,5.0,0,291.31000000000006
COc1ccc2[nH]c3c(=O)[nH]nc(-c4ccco4)c3c2c1,10000.0,5.0,0,281.2710000000001
COc1ccc2[nH]cc(/C=C3/Oc4ccc(NC(=O)Nc5ccc(C(=O)N6CCN(C)CC6)cc5)cc4C3=O)c2c1,0.9,9.045757490560675,1,551.6030000000003
COc1ccc2[nH]cc(/C=C3\Oc4cc(O)cc(O)c4C3=O)c2c1,30.0,7.522878745280337,1,323.3040000000001
COc1ccc2c(Sc3ccc([N+](=O)[O-])cc3)c3ccoc3nc2c1,4000.0,5.3979400086720375,0,352.3710000000001
COc1ccc2c(c1)Cc1cccc(-c3cc(=O)cc(N4CCOCC4)o3)c1S2,5.0,8.301029995663981,1,407.49100000000027
COc1ccc2c(c1)OCCN2c1nc2c(s1)C(=O)NC(C)(C)C2,1131.0,5.946537395074545,0,345.4240000000001
COc1ccc2c(c1)c(/C=C1\Oc3cc(O)cc(O)c3C1=O)c(C)n2C,7.0,8.154901959985743,1,351.3580000000001
COc1ccc2c(c1)c(/C=C1\Oc3cc(O)cc(O)c3C1=O)c(C)n2CCCN(C)C,5.0,8.301029995663981,1,422.4810000000003
COc1ccc2c(c1)c(/C=C1\Oc3cc(O)cc(O)c3C1=O)c(C)n2CCCN1CCN(C)CC1,15.0,7.823908740944319,1,477.56100000000043
COc1ccc2c(c1)c(/C=C1\Oc3cc(O)cc(O)c3C1=O)c(C)n2CCCN1CCN(CCO)CC1,6.0,8.221848749616356,1,507.5870000000005
COc1ccc2c(c1)c(/C=C1\Oc3cc(O)cc(O)c3C1=O)c(C)n2CCCN1CCOCC1,8.0,8.096910013008056,1,464.5180000000004
COc1ccc2c(c1)c(/C=C1\Oc3cc(O)cc(O)c3C1=O)c(C)n2CCN(C)C,9.0,8.045757490560675,1,408.45400000000024
COc1ccc2c(c1)c(/C=C1\Oc3cc(O)cc(O)c3C1=O)c(C)n2CCN1CCN(C)CC1,5.0,8.301029995663981,1,463.5340000000004
COc1ccc2c(c1)c(/C=C1\Oc3cc(O)cc(O)c3C1=O)c(C)n2CCN1CCN(CCCO)CC1,4.0,8.397940008672037,1,507.5870000000005
COc1ccc2c(c1)c(/C=C1\Oc3cc(O)cc(O)c3C1=O)c(C)n2CCN1CCOCC1,11.0,7.958607314841775,1,450.4910000000004
COc1ccc2c(c1)c(/C=C1\Oc3cc(O)cc(O)c3C1=O)cn2C,106.0,6.97469413473523,1,337.3310000000001
COc1ccc2c(c1)c(/C=C1\Oc3cc(O)cc(O)c3C1=O)cn2CCCN(C)C,40.0,7.3979400086720375,1,408.45400000000024
COc1ccc2c(c1)c(/C=C1\Oc3cc(O)cc(O)c3C1=O)cn2CCCN1CCN(CCO)CC1,37.0,7.431798275933005,1,493.56000000000046
COc1ccc2c(c1)c(/C=C1\Oc3cc(O)cc(O)c3C1=O)cn2CCCN1CCOCC1,42.0,7.376750709602099,1,450.4910000000004
COc1ccc2c(c1)c(/C=C1\Oc3cc(O)cc(O)c3C1=O)cn2CCN1CCN(CCCO)CC1,36.0,7.443697499232712,1,493.56000000000046
COc1ccc2c(c1)nc(C(C)C)n2-c1nc(N2CCOCC2)nc(N2CCOCC2)n1,10000.0,5.0,0,439.5200000000004
COc1ccc2c(c1)nc(C(F)F)n2-c1nc(N2CCOCC2)nc(N2CCOCC2)n1,5000.0,5.301029995663981,0,447.4460000000004
COc1ccc2c(c1)nc(C)n2-c1nc(N2CCOCC2)nc(N2CCOCC2)n1,9200.0,5.036212172654444,0,411.4660000000003
COc1ccc2c(c1OC)N=C(NC(=O)c1cccnc1)N1CCN=C21,11.0,7.958607314841775,1,351.3660000000001
COc1ccc2c(nc(C(F)F)n2-c2nc(N3CCOCC3)nc(N3CCOCC3)n2)c1O,247.6,6.60624935965192,1,463.4450000000004
COc1ccc2c3c(oc2c1Br)[C@H](C)CC[C@H]1C(C)(C)CCC[C@]31C,10000.0,5.0,0,405.3760000000003
COc1ccc2cc(-c3nn(C(C)C)c4ncnc(N)c34)[nH]c2c1,500.0,6.301029995663981,1,322.372
COc1ccc2cc(-c3nn(C4CCOCC4)c4ncnc(N)c34)[nH]c2c1,500.0,6.301029995663981,1,364.409
COc1ccc2cc1C(=O)NCc1ccc(s1)-c1ncnc3cc(sc13)-c1cnc(OC)c(c1)NS2(=O)=O,6.91,8.160521952625801,1,565.6580000000002
COc1ccc2nc(C(C)C)n(-c3nc(N4CCOCC4)nc(N4CCOCC4)n3)c2c1,1050.0,5.978810700930062,0,439.5200000000003
COc1ccc2nc(C(F)F)n(-c3nc(N4CCOCC4)nc(N4CCOCC4)n3)c2c1,375.0,6.425968732272281,1,447.4460000000003
COc1ccc2nc(C)n(-c3nc(N4CCOCC4)nc(N4CCOCC4)n3)c2c1,823.0,6.08460016478773,1,411.46600000000024
COc1cccc(-c2cc(Nc3ccc4[nH]ncc4c3)nc(N3CCOCC3)n2)c1,15000.0,4.823908740944319,0,402.45800000000025
COc1cccc(-c2cc3c(C)nc(N)nc3n(C3CCCC3)c2=O)c1,168.0,6.774690718274137,1,350.4220000000002
COc1cccc(-c2ccc3nc(NC(C)=O)nn3c2)c1,79432.82,4.100000018985305,0,282.303
COc1cccc(-c2csc3c(=O)cc(N4CCOCC4)oc23)c1,72.0,7.142667503568732,1,343.40400000000017
COc1cccc(-c2nc(N3CCOCC3)c3ncccc3n2)c1,50000.0,4.301029995663981,0,322.368
COc1cccc(-c2nc(N3CCOCC3)c3oc4ncccc4c3n2)c1,100.0,7.0,1,362.389
COc1cccc(-c2nc(N3CCOCC3)nc3c(Cl)cc(C(=O)O)nc23)c1,1080.0,5.966576244513051,0,400.82200000000006
COc1cccc(-c2nc(N3CCOCC3)nc3c2CCN3c2ccncc2)c1,410.0,6.3872161432802645,1,389.4590000000001
COc1cccc(-c2nc(N3CCOCC3)nc3ccc(C(=O)O)nc23)c1,4490.0,5.347753658996677,0,366.37700000000007
COc1cccc(-c2nc(NCC(=O)O)nc(N3CCOCC3)n2)c1,20000.0,4.698970004336019,0,345.3590000000002
COc1cccc(-c2nn(C(C)C)c3ncnc(N)c23)c1,3200.0,5.494850021680094,0,283.33500000000004
COc1cccc(-c2nn(C(C)C)c3ncnc(N)c23)c1OC,100000.0,4.0,0,313.3610000000001
COc1cccc(-n2c([C@H](C)Nc3ncnc(N)c3C#Cc3ncccc3F)nc3cccc(Cl)c3c2=O)c1C,1000.0,6.0,1,556.0010000000002
COc1cccc(C(c2c(O)ccc3ccccc23)N2CCCC2=O)c1,15000.0,4.823908740944319,0,347.41400000000016
COc1cccc(Cn2c3ccc(Br)cc3c3c(C)n[nH]c(=O)c32)c1,2200.0,5.657577319177793,0,398.26000000000016
COc1cccc(NC(=O)Cc2nc(N3CCOCC3)cc(=O)[nH]2)c1,2373.0,5.624702261782661,0,344.37100000000004
COc1cccc(Nc2cc3c(cn2)n(C)c(=O)n3C2CCCC2)c1,71300.0,4.146910470148135,0,338.4110000000002
COc1cccc(Nc2nc(-c3cccc(C(N)=O)c3)nc3c2cnn3C)c1,72.0,7.142667503568732,1,374.40400000000005
COc1cccc(Nc2nc(-c3cccc(NC(C)=O)c3)nc3c2cnn3C)c1,386.0,6.413412695328245,1,388.4310000000001
COc1cccc(Nc2nc(-c3cccc(OC)c3)nc3c2cnn3C)c1,134.0,6.872895201635193,1,361.4050000000001
COc1cccc(Nc2nc(-c3cccc(S(C)(=O)=O)c3)nc3c2cnn3C)c1,56.0,7.251811972993799,1,409.4710000000001
COc1cccc(Nc2nc(-c3cccc4[nH]nc(N)c34)nc3c2cnn3C)c1,11.0,7.958607314841775,1,386.41900000000015
COc1cccc(Nc2nc(-c3cccc4[nH]ncc34)nc3c2cnn3C)c1,1.4,8.853871964321762,1,371.4040000000001
COc1cccc(Nc2nc(-c3cccc4onc(C)c34)nc3c2cnn3C)c1,1.7,8.769551078621726,1,386.41500000000013
COc1cccc(Nc2nc(-c3cccnc3)nc3c2cnn3C)c1,29.0,7.5376020021010435,1,332.3670000000001
COc1cccc(Nc2nc(-c3cnc(N)nc3)nc3c2cnn3C)c1,16.0,7.795880017344075,1,348.37000000000006
COc1cccc(Nc2nc(N3CC(C)OC(C)C3)nc3c2cnn3C)c1,370.0,6.431798275933005,1,368.4410000000001
COc1cccc(Nc2nc(N3CCC(O)CC3)nc3c2cnn3C)c1,430.0,6.366531544420414,1,354.41400000000004
COc1cccc(Nc2nc(N3CCCCC3)nc3c2cnn3C)c1,359.0,6.444905551421681,1,338.415
COc1cccc(Nc2nc(N3CCOCC3)nc3c2cnn3C)c1,162.0,6.790484985457369,1,340.387
COc1cccc(Nc2nc(N3CCS(=O)(=O)CC3)nc3c2cnn3C)c1,75.0,7.1249387366083,1,388.45300000000015
COc1cccc(Nc2nccc(-c3ccc(Br)cc3)n2)c1,1000.0,6.0,1,356.223
COc1cccc(Nc2nccc(-c3ccc(Cl)c(Cl)c3)n2)c1,625.0,6.204119982655925,1,346.21700000000004
COc1cccc(Nc2nccc(-c3ccc(Cl)cc3Cl)n2)c1,851.0,6.070070439915412,1,346.21700000000004
COc1cccc(Nc2nccc(-c3ccc(F)cc3)n2)c1,880.0,6.055517327849832,1,295.317
COc1cccc(OC(C)c2cc(C(=O)N(C)CCO)cn3c(=O)cc(N4CCOCC4)nc23)c1,4500.0,5.346787486224656,0,482.5370000000003
COc1cccc(S(=O)(=O)N(C)/N=C/c2cnn3ccc(Cl)nc23)c1,10000.0,5.0,0,379.82900000000006
COc1cccc(S(=O)(=O)N2CCN(c3nc(NCCN4CCOCC4)nc(N4CCOCC4)n3)CC2)c1,24.56,7.60977163753087,1,548.6700000000003
COc1cccc(S(=O)(=O)Nc2cc(C#Cc3c(C)ncnc3N3CCOCC3)cnc2C)c1,1.0,9.0,1,479.5620000000003
COc1cccc2c1CCN2C(=O)Cc1nc(N2CCOCC2)cc(=O)[nH]1,2425.0,5.615288257061717,0,370.40900000000016
COc1cccc2c1nc(C(F)F)n2-c1nc(N2CCOCC2)cc(N2CCN(C(=S)SCC(=O)N(C)C)CC2)n1,1.8,8.744727494896694,1,606.7250000000001
COc1cccc2c1nc(C(F)F)n2-c1nc(N2CCOCC2)cc(N2CCN(C(=S)SCC(=O)N3CCCC3)CC2)n1,1.4,8.853871964321762,1,632.7629999999999
COc1cccc2c1nc(C(F)F)n2-c1nc(N2CCOCC2)cc(N2CCN(C(=S)SCC(=O)N3CCOCC3)CC2)n1,1.2,8.920818753952375,1,648.762
COc1cccc2c1nc(C(F)F)n2-c1nc(N2CCOCC2)cc(N2CCN(C(=S)SCC(=O)NC3CC3)CC2)n1,2.7,8.568636235841012,1,618.7360000000001
COc1cccc2c1nc(C(F)F)n2-c1nc(N2CCOCC2)cc(N2CCN(C(=S)SCC(=O)NC3CCC3)CC2)n1,3.3,8.481486060122112,1,632.763
COc1cccc2c1nc(C(F)F)n2-c1nc(N2CCOCC2)cc(N2CCN(C(=S)SCC(=O)NC3CCCC3)CC2)n1,34.0,7.468521082957745,1,646.79
COc1cccc2c1nc(C(F)F)n2-c1nc(N2CCOCC2)cc(N2CCN(C(=S)SCC(=O)NC3CCCCC3)CC2)n1,12.0,7.920818753952375,1,660.8169999999999
COc1cccc2c1nc(C(F)F)n2-c1nc(N2CCOCC2)cc(N2CCN(C(=S)SCC(N)=O)CC2)n1,2.5,8.602059991327963,1,578.6710000000002
COc1cccc2c1nc(C(F)F)n2-c1nc(N2CCOCC2)cc(N2CCN(C(=S)SCCN(C)C)CC2)n1,34.0,7.468521082957745,1,592.7420000000002
COc1cccc2c1nc(C(F)F)n2-c1nc(N2CCOCC2)cc(N2CCN(C(=S)SCCN3CCN(C)CC3)CC2)n1,120.0,6.920818753952375,1,647.8219999999999
COc1cccc2c1nc(C(F)F)n2-c1nc(N2CCOCC2)cc(N2CCN(C(=S)SCCN3CCOCC3)CC2)n1,81.0,7.0915149811213505,1,634.779
COc1cccc2c1nc(C(F)F)n2-c1nc(N2CCOCC2)nc(N2CCN(C(=S)SCC(=O)N(C)C)CC2)n1,0.8,9.096910013008056,1,607.7130000000001
COc1cccc2c1nc(C(F)F)n2-c1nc(N2CCOCC2)nc(N2CCN(C(=S)SCC(=O)N3CCCC3)CC2)n1,0.9,9.045757490560675,1,633.7509999999999
COc1cccc2c1nc(C(F)F)n2-c1nc(N2CCOCC2)nc(N2CCN(C(=S)SCC(=O)N3CCN(C)CC3)CC2)n1,1.4,8.853871964321762,1,662.7929999999998
COc1cccc2c1nc(C(F)F)n2-c1nc(N2CCOCC2)nc(N2CCN(C(=S)SCC(=O)N3CCN(C4CCCC4)CC3)CC2)n1,2.5,8.602059991327963,1,716.8849999999995
COc1cccc2c1nc(C(F)F)n2-c1nc(N2CCOCC2)nc(N2CCN(C(=S)SCC(=O)N3CCN(S(C)(=O)=O)CC3)CC2)n1,1.2,8.920818753952375,1,726.8579999999998
COc1cccc2c1nc(C(F)F)n2-c1nc(N2CCOCC2)nc(N2CCN(C(=S)SCC(=O)N3CCOCC3)CC2)n1,0.7,9.154901959985743,1,649.7499999999999
COc1cccc2c1nc(C(F)F)n2-c1nc(N2CCOCC2)nc(N2CCN(C(=S)SCC(=O)NC3CC3)CC2)n1,1.4,8.853871964321762,1,619.724
COc1cccc2c1nc(C(F)F)n2-c1nc(N2CCOCC2)nc(N2CCN(C(=S)SCC(=O)NC3CCC3)CC2)n1,1.6,8.795880017344075,1,633.751
COc1cccc2c1nc(C(F)F)n2-c1nc(N2CCOCC2)nc(N2CCN(C(=S)SCC(=O)NC3CCCC3)CC2)n1,2.8,8.55284196865778,1,647.7779999999999
COc1cccc2c1nc(C(F)F)n2-c1nc(N2CCOCC2)nc(N2CCN(C(=S)SCC(=O)NC3CCCCC3)CC2)n1,5.1,8.292429823902063,1,661.8049999999998
COc1cccc2c1nc(C(F)F)n2-c1nc(N2CCOCC2)nc(N2CCN(C(=S)SCC(N)=O)CC2)n1,1.6,8.795880017344075,1,579.6590000000002
COc1cccc2c1nc(C(F)F)n2-c1nc(N2CCOCC2)nc(N2CCN(C(=S)SCCN(C)C)CC2)n1,63.0,7.200659450546418,1,593.7300000000001
COc1cccc2c1nc(C(F)F)n2-c1nc(N2CCOCC2)nc(N2CCN(C(=S)SCCN3CCCC3)CC2)n1,20.0,7.698970004336019,1,619.7679999999999
COc1cccc2c1nc(C(F)F)n2-c1nc(N2CCOCC2)nc(N2CCN(C(=S)SCCN3CCCCC3)CC2)n1,42.0,7.376750709602099,1,633.7949999999998
COc1cccc2c1nc(C(F)F)n2-c1nc(N2CCOCC2)nc(N2CCN(C(=S)SCCN3CCN(C)CC3)CC2)n1,9.1,8.040958607678906,1,648.8099999999998
COc1cccc2c1nc(C(F)F)n2-c1nc(N2CCOCC2)nc(N2CCN(C(=S)SCCN3CCOCC3)CC2)n1,29.0,7.5376020021010435,1,635.7669999999999
COc1cccc2c1nc(C(F)F)n2-c1nc(N2CCOCC2)nc(N2CCOCC2)n1,41.5,7.3819519032879075,1,447.4460000000004
COc1cccc2cc(-c3nc([C@H]4CC[C@H](C(=O)O)CC4)n4ncnc(N)c34)[nH]c12,1300.0,5.886056647693163,0,406.44600000000014
COc1cccc2cc(-c3nn(C(C)C)c4ncnc(N)c34)[nH]c12,500.0,6.301029995663981,1,322.37200000000007
COc1cccc2cc(-c3nn(C4CCN(C(=O)C5CC5)CC4)c4ncnc(N)c34)[nH]c12,500.0,6.301029995663981,1,431.5000000000002
COc1cccc2cc(-c3nn(C4CCOCC4)c4ncnc(N)c34)[nH]c12,300.0,6.522878745280337,1,364.40900000000005
COc1cccc2nc([C@@H]3CCCN3c3ncnc(N)c3C#N)n(-c3ccccc3)c(=O)c12,10000.0,5.0,0,439.47900000000016
COc1ccccc1-c1cc(C(=O)O)nc2c(-c3cccc(O)c3)nc(N3CCOCC3)nc12,24.0,7.619788758288394,1,458.4740000000003
COc1ccccc1-c1ccc2nc(NC(C)=O)nn2c1,100000.0,4.0,0,282.303
COc1ccccc1-n1c(CSc2ncnc3[nH]cnc23)nc2cccc(Cl)c2c1=O,133336.66666666666,3.8750504061653674,0,450.9110000000002
COc1ccccc1-n1c(SCC(=O)Nc2ccc3nccnc3c2)nc2c(c1=O)CCCC2,3438.0,5.463694127648966,0,473.55800000000033
COc1ccccc1/N=N/c1cc(-c2cc(OC3CCOCC3)c3ncnc(C)c3c2)cnc1OC,17.36,7.760450279159527,1,485.5440000000003
COc1ccccc1/N=N\c1cc(-c2cc(OC3CCOCC3)c3ncnc(C)c3c2)cnc1OC,5.58,8.25336580106242,1,485.5440000000003
COc1ccccc1C(c1c(O)ccc2ccccc12)N1CCCC1=O,25000.0,4.6020599913279625,0,347.4140000000002
COc1ccccc1CNC(=O)Cc1nnc(-c2ccc3ncccc3c2)o1,18300.0,4.73754891026957,0,374.40000000000003
COc1ccccc1N(C)C(=O)c1cc2c(s1)-c1ccccc1OC2,673.0,6.171984935776023,1,351.4270000000001
COc1ccccc1Nc1cc2c(cn1)n(C)c(=O)n2C1CCCC1,40400.0,4.393618634889395,0,338.4110000000002
COc1ccccc1OC(C)c1cc(C(=O)N(C)CCO)cn2c(=O)cc(N3CCOCC3)nc12,2500.0,5.6020599913279625,0,482.5370000000004
COc1ccccc1Oc1cc(-c2cnc(N)nc2)nc(N2CCOCC2)c1,79.0,7.102372908709558,1,379.4200000000002
COc1ccccc1S(=O)(=O)N1CCN(c2nc(NCCN3CCOCC3)nc(N3CCOCC3)n2)CC1,39.72,7.400990760176656,1,548.6700000000003
COc1cccnc1C#Cc1c(N)ncnc1N[C@@H](C)c1nc2cccc(Cl)c2c(=O)n1-c1ccccc1,100.0,7.0,1,523.9840000000003
COc1ccn2ncc(/C=N/N(C)S(=O)(=O)c3cc([N+](=O)[O-])ccc3C)c2c1,190.0,6.721246399047171,1,403.4200000000002
COc1ccn2ncc(/C=N/N(C)S(=O)(=O)c3cc([N+](=O)[O-])ccc3C)c2n1,327.0,6.485452247339714,1,404.4080000000002
COc1cnc(C(=O)NC(C)c2cc3cccc(C#Cc4cnn(C)c4)c3c(=O)n2-c2ccccc2)c(C)n1,2000.0,5.698970004336019,0,518.5770000000002
COc1cnc(C(=O)N[C@@H](C)c2cc3cccc(C#Cc4cnn(C)c4)c3c(=O)n2-c2ccccc2)c(N)n1,2000.0,5.698970004336019,0,519.5650000000003
COc1cnc(CN2CCC(c3ccc4[nH]c(C(=O)N5CCN(Cc6ccc(C(F)(F)F)cc6)CC5)nc4c3)CC2)cn1,49.0,7.309803919971486,1,593.6540000000001
COc1cnc(CN2CCC(c3ccc4c(c3)cc(C(=O)N3CCN(Cc5ccc(C#N)cc5)CC3)n4C)CC2)cn1,63.9,7.1944991418416,1,563.7060000000002
COc1cnc(CN2CCC(c3ccn4nc(C(=O)N5CCN(Cc6ccc(C(F)(F)F)cc6)CC5)cc4c3)CC2)cn1,4.0,8.397940008672037,1,593.6540000000001
COc1cnc2[nH]c(-c3nn(C(C)C)c4ncnc(N)c34)cc2c1,500.0,6.301029995663981,1,323.36000000000007
COc1cncc(-c2cc(N3CCOCC3)cc(S(=O)(=O)Cc3ccc(F)cc3)c2)c1,12000.0,4.920818753952375,0,442.51200000000006
COc1cncc(-c2ccc3nc(NC(C)=O)nn3c2)c1,3981.07,5.40000018605658,0,283.291
COc1cncc(-c2cccc3nc([C@@H]4CCCN4c4nc(N)nc(C)c4C#N)n(-c4ccccc4)c(=O)c23)c1,56.0,7.251811972993799,1,530.5920000000002
COc1cncc(-c2cccc3nc([C@@H]4CC[C@H](C)N4c4nc(N)nc(N)c4C#N)n(-c4cccc(F)c4)c(=O)c23)c1,22000.0,4.657577319177793,0,563.5970000000002
COc1cncc(-c2cccc3nc([C@@H]4C[C@H](O)CN4c4nc(N)nc(C)c4C#N)n(-c4ccccc4)c(=O)c23)c1,48.0,7.318758762624412,1,546.5910000000002
COc1cncc(-c2nn3c(-c4cnc(N)c(C(F)(F)F)c4)cnc3s2)c1,21.0,7.6777807052660805,1,392.366
COc1cncc(N2CCOc3ccc(O[C@H]4CCN(C(=O)C5CCOCC5)C4)cc32)c1,1702.0,5.769040444251431,0,439.51200000000034
COc1cnnc(Nc2cc(-c3c(Nc4cc[nH]n4)nc4cccnn34)nc(C)n2)c1,54.0,7.267606240177032,1,415.42100000000016
COc1nc(-c2ccc(NC(=O)Nc3ccc(C(=O)N(C)CCN(C)C)cc3)cc2)nc(N2CCOCC2)n1,0.4,9.397940008672037,1,534.6210000000002
COc1nc(-c2ccc(NC(=O)Nc3ccc(C(=O)N4CCN(C)CC4)cc3)cc2)nc(N2CCOCC2)n1,1.2,8.920818753952375,1,532.6050000000002
COc1nc(-c2ccc(NC(=O)Nc3ccc(C(=O)N4CCNC(C)(C)C4)cc3)cc2)nc(N2CCOCC2)n1,1.4,8.853871964321762,1,546.6320000000002
COc1nc(-c2ccc(NC(=O)Nc3ccc(C(=O)NCCCCCC(=O)Nc4ccccc4N)cc3)cc2)nc(N2CCOCC2)n1,20.3,7.692503962086787,1,653.7439999999999
COc1nc(-c2ccc(NC(=O)Nc3ccc(C(=O)NCCCCCCC(=O)Nc4ccccc4N)cc3)cc2)nc(N2CCOCC2)n1,88.3,7.054039296422431,1,667.771
COc1nc(-c2ccc(NC(=O)Nc3ccc(C(=O)NCCN(C)C)cc3)cc2)nc(N2CCOCC2)n1,0.6,9.221848749616356,1,520.5940000000003
COc1nc(-c2ccc(NC(=O)Nc3ccc(C(=O)NCCN4CCCCC4)cc3)cc2)nc(N2CCOCC2)n1,2.0,8.698970004336019,1,560.6590000000002
COc1nc(-c2ccc(NC(=O)Nc3ccc(C(=O)Nc4ccc(F)c(F)c4N)cc3)cc2)nc(N2CCOCC2)n1,20.5,7.688246138944246,1,576.564
COc1nc(-c2ccc(NC(=O)Nc3ccc(C(=O)Nc4ccccc4N)cc3)cc2)nc(N2CCOCC2)n1,11.2,7.950781977329818,1,540.5840000000001
COc1nc(-c2ccc3nc(NC(C)=O)cn3c2)cnc1N,3.0,8.522878745280337,1,298.30600000000004
COc1nc(-c2ccc3oc(N)nc3c2)cnc1N,1000.0,6.0,1,257.253
COc1nc(=O)c2sc(N3CCOCC3)nc2n1Cc1cccc(Cl)c1C,1600.0,5.795880017344075,0,406.8950000000001
COc1nc(C(C)C)ccc1-c1cnc2sc(N3CCC(O)(CN)CC3)nn12,50000.0,4.301029995663981,0,402.5240000000003
COc1nc(N)ccc1-c1cc(N2CCOCC2)cc(S(=O)(=O)Cc2ccc(F)cc2)c1,13000.0,4.886056647693163,0,457.5270000000001
COc1nc(N)ncc1-c1ccc(Cl)c(S(=O)(=O)Nc2cccc(F)c2F)c1,234.0,6.6307841425898575,1,426.8320000000001
COc1nc(NCC#N)nc(-n2c(Nc3cccc(O)c3)nc3ccccc32)n1,520.0,6.2839966563652006,1,388.3910000000001
COc1ncc(-c2c(F)ccc3nc([C@@H]4C[C@H](O)CN4c4nc(N)nc(C)c4C#N)n(-c4ccccc4)c(=O)c23)cn1,210.0,6.6777807052660805,1,565.5690000000002
COc1ncc(-c2c(F)ccc3nc([C@@H]4C[C@H](O)CN4c4nc(N)nc(C)c4C#N)n(-c4ccccc4)c(=O)c23)s1,53.0,7.275724130399211,1,570.6100000000002
COc1ncc(-c2cc(-c3ccnc(N4C[C@@H](C)O[C@@H](C)C4)c3)cc3c2CNC3=O)cc1NS(C)(=O)=O,105.0,6.978810700930062,1,523.6150000000002
COc1ncc(-c2cc(-c3ncc(CN4C[C@@H](C)O[C@@H](C)C4)o3)c3cn[nH]c3c2)cc1NS(C)(=O)=O,466.43333333333334,6.331210420587289,1,512.5920000000002
COc1ncc(-c2cc(N3CCOCC3)cc(S(=O)(=O)c3ccccc3)c2)cn1,5000.0,5.301029995663981,0,411.483
COc1ncc(-c2cc(OC(C)C)c3nc(N)nc(C)c3c2)cc1NS(=O)(=O)c1ccc(F)cc1F,0.7,9.154901959985743,1,515.5420000000003
COc1ncc(-c2cc(OC(C)C)cc3c2CNC3=O)cc1NS(C)(=O)=O,314.0,6.503070351926785,1,391.4490000000001
COc1ncc(-c2cc(OC)c3nc(N)nc(C)c3c2)cc1NS(=O)(=O)c1ccc(F)cc1F,1.2,8.920818753952375,1,487.4880000000001
COc1ncc(-c2cc(OC3CCC(F)(F)CC3)c3nc(N)nc(C)c3c2)cc1NS(=O)(=O)c1ccc(F)cc1F,1.6,8.795880017344075,1,591.5870000000002
COc1ncc(-c2cc(OC3CCC3)c3nc(N)nc(C)c3c2)cc1NS(=O)(=O)c1ccc(F)cc1F,0.95,9.022276394711152,1,527.5530000000002
COc1ncc(-c2cc(OC3CCC3)cc3c2CNC3=O)cc1NS(C)(=O)=O,150.0,6.823908740944319,1,403.4600000000001
COc1ncc(-c2cc(OC3CCCC3)c3nc(N)nc(C)c3c2)cc1NS(=O)(=O)c1ccc(F)cc1F,1.1,8.958607314841775,1,541.5800000000002
COc1ncc(-c2cc(OC3CCCCC3)c3nc(N)nc(C)c3c2)cc1NS(=O)(=O)c1ccc(F)cc1F,0.95,9.022276394711152,1,555.6070000000002
COc1ncc(-c2cc(OC3CCN(C)CC3)c3nc(N)nc(C)c3c2)cc1NS(=O)(=O)c1ccc(F)cc1F,4.8,8.318758762624412,1,570.6220000000002
COc1ncc(-c2cc(OC3CCOC(C)(C)C3)c3nc(N)nc(C)c3c2)cc1NS(=O)(=O)c1ccc(F)cc1F,1.0,9.0,1,585.6330000000003
COc1ncc(-c2cc(OC3CCOCC3)c3nc(N(C)C)nc(C)c3c2)cc1NS(=O)(=O)c1ccc(F)cc1F,125.0,6.903089986991944,1,585.6330000000003
COc1ncc(-c2cc(OC3CCOCC3)c3nc(N)nc(C)c3c2)cc1F,16.0,7.795880017344075,1,384.41100000000006
COc1ncc(-c2cc(OC3CCOCC3)c3nc(N)nc(C)c3c2)cc1NS(=O)(=O)C1CC1,2.5,8.602059991327963,1,485.5660000000002
COc1ncc(-c2cc(OC3CCOCC3)c3nc(N)nc(C)c3c2)cc1NS(=O)(=O)c1ccc(Cl)s1,1.1,8.958607314841775,1,562.0730000000002
COc1ncc(-c2cc(OC3CCOCC3)c3nc(N)nc(C)c3c2)cc1NS(=O)(=O)c1ccc(F)cc1,1.2,8.920818753952375,1,539.5890000000002
COc1ncc(-c2cc(OC3CCOCC3)c3nc(N)nc(C)c3c2)cc1NS(=O)(=O)c1ccc(F)cc1Cl,1.1,8.958607314841775,1,574.0340000000001
COc1ncc(-c2cc(OC3CCOCC3)c3nc(N)nc(C)c3c2)cc1NS(=O)(=O)c1ccc(F)cc1F,0.8,9.096910013008056,1,557.5790000000002
COc1ncc(-c2cc(OC3CCOCC3)c3nc(N)nc(C)c3c2)cc1NS(C)(=O)=O,2.6,8.585026652029182,1,459.52800000000013
COc1ncc(-c2cc(OC3CCOCC3)c3nc(NC(C)=O)nc(C)c3c2)cc1NS(=O)(=O)c1ccc(F)cc1F,1.4,8.853871964321762,1,599.6160000000002
COc1ncc(-c2cc(OC3CCOCC3)c3nc(NC(C)=O)nc(C)c3c2)cc1NS(C)(=O)=O,11.0,7.958607314841775,1,501.56500000000017
COc1ncc(-c2cc(OC3CCOCC3)c3nc(NCC4CC4)nc(C)c3c2)cc1NS(=O)(=O)c1ccc(F)cc1F,5.4,8.267606240177031,1,611.6710000000003
COc1ncc(-c2cc(OC3CCOCC3)c3ncnc(C)c3c2)cc1/N=N/c1ccc(-c2ccccc2)cc1,152.6,6.816445466381138,1,531.6160000000002
COc1ncc(-c2cc(OC3CCOCC3)c3ncnc(C)c3c2)cc1/N=N/c1ccc(Cl)cc1Cl,29.5,7.530177984021837,1,524.4080000000001
COc1ncc(-c2cc(OC3CCOCC3)c3ncnc(C)c3c2)cc1/N=N/c1ccc(Cl)cc1F,29.88,7.5246194068566385,1,507.9530000000001
COc1ncc(-c2cc(OC3CCOCC3)c3ncnc(C)c3c2)cc1/N=N/c1ccc(F)cc1,58.79,7.230696539810919,1,473.5080000000001
COc1ncc(-c2cc(OC3CCOCC3)c3ncnc(C)c3c2)cc1/N=N/c1ccc(F)cc1Br,19.73,7.704872914747809,1,552.4040000000001
COc1ncc(-c2cc(OC3CCOCC3)c3ncnc(C)c3c2)cc1/N=N/c1ccc(F)cc1Cl,20.23,7.694004117229195,1,507.9530000000001
COc1ncc(-c2cc(OC3CCOCC3)c3ncnc(C)c3c2)cc1/N=N/c1ccc(F)cc1F,37.25,7.4288737229156885,1,491.4980000000001
COc1ncc(-c2cc(OC3CCOCC3)c3ncnc(C)c3c2)cc1/N=N/c1cccc(F)c1,17.4,7.7594507517174005,1,473.5080000000001
COc1ncc(-c2cc(OC3CCOCC3)c3ncnc(C)c3c2)cc1/N=N/c1ccccc1,14.83,7.828858848971618,1,455.5180000000001
COc1ncc(-c2cc(OC3CCOCC3)c3ncnc(C)c3c2)cc1/N=N/c1ccccc1-c1ccccc1,10313.0,4.986614982250314,0,531.6160000000002
COc1ncc(-c2cc(OC3CCOCC3)c3ncnc(C)c3c2)cc1/N=N/c1ccccc1Br,257.4,6.589391457431632,1,534.4140000000001
COc1ncc(-c2cc(OC3CCOCC3)c3ncnc(C)c3c2)cc1/N=N/c1ccccc1Cl,164.4,6.784098186795968,1,489.9630000000001
COc1ncc(-c2cc(OC3CCOCC3)c3ncnc(C)c3c2)cc1/N=N/c1ccccc1F,6.92,8.159893905543242,1,473.5080000000001
COc1ncc(-c2cc(OC3CCOCC3)c3ncnc(C)c3c2)cc1/N=N\c1ccc(-c2ccccc2)cc1,88.35,7.053793446157217,1,531.6160000000002
COc1ncc(-c2cc(OC3CCOCC3)c3ncnc(C)c3c2)cc1/N=N\c1ccc(Cl)cc1Cl,20.36,7.691222226335279,1,524.4080000000001
COc1ncc(-c2cc(OC3CCOCC3)c3ncnc(C)c3c2)cc1/N=N\c1ccc(Cl)cc1F,25.86,7.587371479455625,1,507.9530000000001
COc1ncc(-c2cc(OC3CCOCC3)c3ncnc(C)c3c2)cc1/N=N\c1ccc(F)cc1,23.03,7.637706062035769,1,473.5080000000001
COc1ncc(-c2cc(OC3CCOCC3)c3ncnc(C)c3c2)cc1/N=N\c1ccc(F)cc1Br,10.16,7.9931062920521,1,552.4040000000001
COc1ncc(-c2cc(OC3CCOCC3)c3ncnc(C)c3c2)cc1/N=N\c1ccc(F)cc1Cl,10.52,7.9779842601822795,1,507.9530000000001
COc1ncc(-c2cc(OC3CCOCC3)c3ncnc(C)c3c2)cc1/N=N\c1ccc(F)cc1F,12.18,7.914352711703144,1,491.4980000000001
COc1ncc(-c2cc(OC3CCOCC3)c3ncnc(C)c3c2)cc1/N=N\c1cccc(F)c1,10.98,7.959397659885926,1,473.5080000000001
COc1ncc(-c2cc(OC3CCOCC3)c3ncnc(C)c3c2)cc1/N=N\c1ccccc1,5.69,8.244887733604928,1,455.5180000000001
COc1ncc(-c2cc(OC3CCOCC3)c3ncnc(C)c3c2)cc1/N=N\c1ccccc1-c1ccccc1,914.3,6.038911280232104,1,531.6160000000002
COc1ncc(-c2cc(OC3CCOCC3)c3ncnc(C)c3c2)cc1/N=N\c1ccccc1Br,98.83,7.00511120463509,1,534.4140000000001
COc1ncc(-c2cc(OC3CCOCC3)c3ncnc(C)c3c2)cc1/N=N\c1ccccc1Cl,64.21,7.192397330083505,1,489.9630000000001
COc1ncc(-c2cc(OC3CCOCC3)c3ncnc(C)c3c2)cc1/N=N\c1ccccc1F,2.26,8.645891560852599,1,473.5080000000001
COc1ncc(-c2cc(OC3CCOCC3)c3ncnc(C)c3c2)cc1N(Cc1cc2ccc(O)cc2oc1=O)S(=O)(=O)c1ccc(F)cc1F,2.07,8.684029654543082,1,716.7190000000003
COc1ncc(-c2cc(OC3CCOCC3)c3ncnc(C)c3c2)cc1NS(=O)(=O)c1ccc(F)cc1F,0.385,9.414539270491499,1,542.5640000000002
COc1ncc(-c2cc(OC3CN(C(=O)C4CC4)C3)cc3c2CNC3=O)cc1NS(C)(=O)=O,1297.0,5.88706002391592,0,472.5230000000002
COc1ncc(-c2cc(OCC3CC3)c3nc(N)nc(C)c3c2)cc1NS(=O)(=O)c1ccc(F)cc1F,1.4,8.853871964321762,1,527.5530000000002
COc1ncc(-c2cc(OCC3CCC3)cc3c2CNC3=O)cc1NS(C)(=O)=O,130.0,6.886056647693163,1,417.487
COc1ncc(-c2cc(OCC3CCCO3)c3nc(N)nc(C)c3c2)cc1NS(=O)(=O)c1ccc(F)cc1F,1.1,8.958607314841775,1,557.5790000000002
COc1ncc(-c2cc(OCC3CCOC3)c3nc(N)nc(C)c3c2)cc1NS(=O)(=O)c1ccc(F)cc1F,1.2,8.920818753952375,1,557.5790000000002
COc1ncc(-c2cc(OCC3CCOCC3)c3nc(N)nc(C)c3c2)cc1NS(=O)(=O)c1ccc(F)cc1F,0.73,9.136677139879543,1,571.6060000000002
COc1ncc(-c2cc(OCCCC(=O)NO)c3ncnc(C)c3c2)cc1NS(=O)(=O)c1ccc(F)cc1F,1.3,8.886056647693163,1,559.5510000000002
COc1ncc(-c2cc(OCCCC(=O)Nc3ccccc3N)c3ncnc(C)c3c2)cc1F,28.0,7.552841968657781,1,461.4970000000001
COc1ncc(-c2cc(OCCCC(=O)Nc3ccccc3N)c3ncnc(C)c3c2)cc1NS(=O)(=O)c1ccc(F)cc1F,0.23,9.638272163982407,1,634.6650000000002
COc1ncc(-c2cc(OCCCCC(=O)NO)c3ncnc(C)c3c2)cc1NS(=O)(=O)c1ccc(F)cc1F,0.6,9.221848749616356,1,573.5780000000002
COc1ncc(-c2cc(OCCCCC(=O)Nc3ccccc3N)c3ncnc(C)c3c2)cc1F,53.0,7.275724130399211,1,475.5240000000001
COc1ncc(-c2cc(OCCCCC(=O)Nc3ccccc3N)c3ncnc(C)c3c2)cc1NS(=O)(=O)c1ccc(F)cc1F,0.2,9.698970004336019,1,648.6920000000001
COc1ncc(-c2cc(OCCCCCC(=O)NO)c3ncnc(C)c3c2)cc1F,30.0,7.522878745280337,1,414.43700000000007
COc1ncc(-c2cc(OCCCCCC(=O)NO)c3ncnc(C)c3c2)cc1NS(=O)(=O)c1ccc(F)cc1F,0.66,9.18045606445813,1,587.6050000000002
COc1ncc(-c2cc(OCCCCCC(=O)NO)c3ncnc(C)c3c2)cc1NS(C)(=O)=O,5.1,8.292429823902063,1,489.55400000000014
COc1ncc(-c2cc(OCCCCCC(=O)Nc3ccccc3N)c3ncnc(C)c3c2)cc1F,32.0,7.494850021680094,1,489.55100000000016
COc1ncc(-c2cc(OCCCCCC(=O)Nc3ccccc3N)c3ncnc(C)c3c2)cc1NS(=O)(=O)c1ccc(F)cc1F,0.21,9.67778070526608,1,662.7190000000002
COc1ncc(-c2cc(OCCCCCCC(=O)NO)c3nc(N)nc(C)c3c2)cc1F,42.0,7.376750709602099,1,443.47900000000004
COc1ncc(-c2cc(OCCCCCCC(=O)NO)c3ncnc(C)c3c2)cc1F,42.0,7.376750709602099,1,428.464
COc1ncc(-c2cc(OCCCCCCC(=O)NO)c3ncnc(C)c3c2)cc1NS(=O)(=O)c1ccc(F)cc1F,0.69,9.161150909262744,1,601.6320000000002
COc1ncc(-c2cc(OCCCCCCC(=O)NO)c3ncnc(C)c3c2)cc1NS(C)(=O)=O,2.3,8.638272163982407,1,503.5810000000001
COc1ncc(-c2cc(OCCCCCCC(=O)Nc3ccccc3N)c3ncnc(C)c3c2)cc1F,58.0,7.236572006437063,1,503.5780000000001
COc1ncc(-c2cc(OCCCCCCC(=O)Nc3ccccc3N)c3ncnc(C)c3c2)cc1NS(=O)(=O)c1ccc(F)cc1F,0.23,9.638272163982407,1,676.7460000000001
COc1ncc(-c2cc(OCCCCCCCC(=O)NO)c3ncnc(C)c3c2)cc1F,54.0,7.267606240177032,1,442.49100000000004
COc1ncc(-c2cc(OCCCCCCCC(=O)NO)c3ncnc(C)c3c2)cc1NS(=O)(=O)c1ccc(F)cc1F,0.63,9.200659450546418,1,615.6590000000001
COc1ncc(-c2cc(OCCCCCCCC(=O)NO)c3ncnc(C)c3c2)cc1NS(C)(=O)=O,3.9,8.4089353929735,1,517.6080000000001
COc1ncc(-c2cc(OCCCCCCCC(=O)Nc3ccccc3N)c3ncnc(C)c3c2)cc1F,106.0,6.97469413473523,1,517.6050000000001
COc1ncc(-c2cc(OCCCCCCCC(=O)Nc3ccccc3N)c3ncnc(C)c3c2)cc1NS(=O)(=O)c1ccc(F)cc1F,0.28,9.55284196865778,1,690.7730000000003
COc1ncc(-c2cc(OCCCCCCCCC(=O)NO)c3ncnc(C)c3c2)cc1F,116.0,6.935542010773082,1,456.51800000000003
COc1ncc(-c2cc(OCCCCCCCCC(=O)NO)c3ncnc(C)c3c2)cc1NS(=O)(=O)c1ccc(F)cc1F,0.9,9.045757490560675,1,629.686
COc1ncc(-c2cc(OCCCCCCCCC(=O)NO)c3ncnc(C)c3c2)cc1NS(C)(=O)=O,4.0,8.397940008672037,1,531.6350000000001
COc1ncc(-c2cc(OCCCCCCCCC(=O)Nc3ccccc3N)c3ncnc(C)c3c2)cc1F,261.0,6.583359492661719,1,531.6320000000002
COc1ncc(-c2cc(OCCCCCCCCC(=O)Nc3ccccc3N)c3ncnc(C)c3c2)cc1NS(=O)(=O)c1ccc(F)cc1F,0.39,9.4089353929735,1,704.8000000000002
COc1ncc(-c2cc(OCCCCCCCCCC(=O)Nc3ccccc3N)c3ncnc(C)c3c2)cc1F,603.0,6.219682687859849,1,545.6590000000002
COc1ncc(-c2cc(OCCCCCCCCCC(=O)Nc3ccccc3N)c3ncnc(C)c3c2)cc1NS(=O)(=O)c1ccc(F)cc1F,0.4,9.397940008672037,1,718.8270000000002
COc1ncc(-c2cc(OCCCCN(C)c3ncc(C(=O)NO)cn3)c3ncnc(C)c3c2)cc1F,48.0,7.318758762624412,1,507.5260000000001
COc1ncc(-c2cc(OCCCCNc3ncc(C(=O)NO)cn3)c3ncnc(C)c3c2)cc1F,41.0,7.3872161432802645,1,493.49900000000014
COc1ncc(-c2cc(OCCCN(C)c3ncc(C(=O)NO)cn3)c3ncnc(C)c3c2)cc1F,94.0,7.026872146400302,1,493.49900000000014
COc1ncc(-c2cc(OCCCN(C)c3ncc(C(=O)NO)cn3)c3ncnc(C)c3c2)cc1NS(=O)(=O)c1ccc(F)cc1F,1.1,8.958607314841775,1,666.6670000000001
COc1ncc(-c2cc(OCCCNc3ncc(C(=O)NO)cn3)c3ncnc(C)c3c2)cc1F,43.0,7.366531544420414,1,479.4720000000001
COc1ncc(-c2cc(OCCCOc3ccc(C(=O)Nc4ccccc4N)cc3)c3ncnc(C)c3c2)cc1F,241.0,6.617982957425132,1,553.5940000000002
COc1ncc(-c2cc(OCCCOc3ccc(C(=O)Nc4ccccc4N)cc3)c3ncnc(C)c3c2)cc1NS(=O)(=O)c1ccc(F)cc1F,0.39,9.4089353929735,1,726.7620000000002
COc1ncc(-c2cc(OCCCc3ccc(C(=O)Nc4ccccc4N)cc3)c3ncnc(C)c3c2)cc1F,178.0,6.749579997691106,1,537.5950000000001
COc1ncc(-c2cc(OCCCc3ccc(C(=O)Nc4ccccc4N)cc3)c3ncnc(C)c3c2)cc1NS(=O)(=O)c1ccc(F)cc1F,0.26,9.585026652029182,1,710.7630000000001
COc1ncc(-c2cc(OCCN(C)c3ncc(C(=O)NO)cn3)c3nc(N)nc(C)c3c2)cc1C,226.0,6.645891560852599,1,490.52400000000017
COc1ncc(-c2cc(OCCN(C)c3ncc(C(=O)NO)cn3)c3ncnc(C)c3c2)cc1F,73.0,7.136677139879544,1,479.4720000000001
COc1ncc(-c2cc(OCCN(C)c3ncc(C(=O)NO)cn3)c3ncnc(C)c3c2)cc1NS(=O)(=O)c1ccc(F)cc1F,1.8,8.744727494896694,1,652.6400000000001
COc1ncc(-c2cc(OCCN(c3ncc(C(=O)NO)cn3)C(C)C)c3ncnc(C)c3c2)cc1F,43.0,7.366531544420414,1,507.5260000000002
COc1ncc(-c2cc(OCCN3CCOCC3)c3nc(N)nc(C)c3c2)cc1NS(=O)(=O)c1ccc(F)cc1F,3.3,8.481486060122112,1,586.6210000000002
COc1ncc(-c2cc(OCCNc3ncc(C(=O)NO)cn3)c3ncnc(C)c3c2)cc1F,43.0,7.366531544420414,1,465.4450000000001
COc1ncc(-c2cc(OCCOc3ccc(C(=O)Nc4ccccc4N)cc3)c3ncnc(C)c3c2)cc1F,166.0,6.779891911959945,1,539.5670000000002
COc1ncc(-c2cc(OCCOc3ccc(C(=O)Nc4ccccc4N)cc3)c3ncnc(C)c3c2)cc1NS(=O)(=O)c1ccc(F)cc1F,0.58,9.236572006437063,1,712.7350000000002
COc1ncc(-c2cc(OCCc3ccc(C(=O)Nc4ccccc4N)cc3)c3ncnc(C)c3c2)cc1F,56.0,7.251811972993799,1,523.5680000000002
COc1ncc(-c2cc(OCCc3ccc(C(=O)Nc4ccccc4N)cc3)c3ncnc(C)c3c2)cc1NS(=O)(=O)c1ccc(F)cc1F,0.25,9.602059991327963,1,696.7360000000003
COc1ncc(-c2cc(OCc3ccc(C(=O)Nc4ccccc4N)cc3)c3ncnc(C)c3c2)cc1F,114.0,6.943095148663527,1,509.54100000000017
COc1ncc(-c2cc(OCc3ccc(C(=O)Nc4ccccc4N)cc3)c3ncnc(C)c3c2)cc1NS(=O)(=O)c1ccc(F)cc1F,0.46,9.337242168318426,1,682.7090000000002
COc1ncc(-c2cc(O[C@@H]3CCN(C(=O)C4CC4)C3)cc3c2CNC3=O)cc1NS(C)(=O)=O,315.0,6.501689446210399,1,486.55000000000024
COc1ncc(-c2cc(O[C@@H]3CCOC3)c3nc(N)nc(C)c3c2)cc1NS(=O)(=O)c1ccc(F)cc1F,1.0,9.0,1,543.5520000000002
COc1ncc(-c2cc(O[C@H]3CCOC3)c3nc(N)nc(C)c3c2)cc1NS(=O)(=O)c1ccc(F)cc1F,0.83,9.080921907623926,1,543.5520000000002
COc1ncc(-c2cc(Oc3ccc(/N=N/c4ccc(Oc5cc(-c6cnc(OC)c(NS(=O)(=O)c7ccc(F)cc7F)c6)cc6c(C)ncnc56)cc4)cc3)c3ncnc(C)c3c2)cc1NS(=O)(=O)c1ccc(F)cc1F,17.7,7.752026733638194,1,1095.086
COc1ncc(-c2cc(Oc3ccc(/N=N\c4ccc(Oc5cc(-c6cnc(OC)c(NS(=O)(=O)c7ccc(F)cc7F)c6)cc6c(C)ncnc56)cc4)cc3)c3ncnc(C)c3c2)cc1NS(=O)(=O)c1ccc(F)cc1F,5.24,8.280668713016274,1,1095.086
COc1ncc(-c2cc3c(-c4ccncc4)ccnc3cn2)cc1NS(=O)(=O)c1ccc(F)cc1F,1.02,8.991399828238082,1,505.5060000000002
COc1ncc(-c2cc3c(-c4ccncc4)ncnc3s2)cc1F,2500.0,5.6020599913279625,0,338.3670000000001
COc1ncc(-c2cc3c(-c4ccncc4)ncnc3s2)cc1NS(=O)(=O)c1ccc(C#N)cc1,3.6,8.443697499232712,1,500.5650000000002
COc1ncc(-c2cc3c(-c4ccncc4)ncnc3s2)cc1NS(=O)(=O)c1ccc(C(F)(F)F)cc1,17.0,7.769551078621726,1,543.5520000000002
COc1ncc(-c2cc3c(-c4ccncc4)ncnc3s2)cc1NS(=O)(=O)c1ccc(Cl)s1,1.3,8.886056647693163,1,516.0290000000002
COc1ncc(-c2cc3c(-c4ccncc4)ncnc3s2)cc1NS(=O)(=O)c1ccc(F)cc1F,3.585,8.445510839996182,1,511.5350000000002
COc1ncc(-c2cc3c(-c4ccncc4)ncnc3s2)cc1NS(C)(=O)=O,43.1,7.3655227298392685,1,413.48400000000015
COc1ncc(-c2cc3c(-c4ccncc4)ncnc3s2)cn1,3494.0,5.4566770993530875,0,321.36500000000007
COc1ncc(-c2cc3c(C)nc(N)cc3n(C(C)C)c2=O)cc1NS(=O)(=O)c1ccc(F)cc1F,42.84,7.368150537840182,1,515.5420000000003
COc1ncc(-c2cc3c(C)nc(N)cc3n(C3CC3)c2=O)cc1NS(=O)(=O)c1ccc(F)cc1F,39.65,7.401756808346377,1,513.5260000000002
COc1ncc(-c2cc3c(C)nc(N)cc3n(C3CCCC3)c2=O)cc1F,5.95,8.22548303427145,1,368.41200000000015
COc1ncc(-c2cc3c(C)nc(N)cc3n(C3CCCC3)c2=O)cc1NS(=O)(=O)C1CC1,69.11,7.1604591070310315,1,469.5670000000003
COc1ncc(-c2cc3c(C)nc(N)cc3n(C3CCCC3)c2=O)cc1NS(=O)(=O)c1ccc(C#N)cc1,14.27,7.845576026885353,1,530.6100000000004
COc1ncc(-c2cc3c(C)nc(N)cc3n(C3CCCC3)c2=O)cc1NS(=O)(=O)c1ccc(C(F)(F)F)cc1,174.88,6.757259855394373,1,573.5970000000003
COc1ncc(-c2cc3c(C)nc(N)cc3n(C3CCCC3)c2=O)cc1NS(=O)(=O)c1ccc(Cl)s1,31.16,7.506402550999473,1,546.0740000000003
COc1ncc(-c2cc3c(C)nc(N)cc3n(C3CCCC3)c2=O)cc1NS(=O)(=O)c1ccc(F)cc1,72.59,7.139123203596702,1,523.5900000000003
COc1ncc(-c2cc3c(C)nc(N)cc3n(C3CCCC3)c2=O)cc1NS(=O)(=O)c1ccc(F)cc1F,12.03,7.919734372660155,1,541.5800000000003
COc1ncc(-c2cc3c(C)nc(N)cc3n(C3CCCC3)c2=O)cc1NS(=O)(=O)c1cccc(F)c1,60.51,7.218172847067572,1,523.5900000000003
COc1ncc(-c2cc3c(C)nc(N)cc3n(C3CCCC3)c2=O)cc1NS(=O)(=O)c1ccccc1,116.75,6.93274311076185,1,505.60000000000025
COc1ncc(-c2cc3c(C)nc(N)cc3n(C3CCCC3)c2=O)cc1NS(=O)(=O)c1ccccc1F,37.33,7.4279420100736955,1,523.5900000000003
COc1ncc(-c2cc3c(C)nc(N)cc3n(C3CCCC3)c2=O)cc1NS(C)(=O)=O,23.14,7.6356366453842694,1,443.5290000000002
COc1ncc(-c2cc3c(C)nc(N)cc3n(C3CCCC3)c2=O)cn1,6.45,8.190440285364732,1,351.41000000000014
COc1ncc(-c2cc3c(C)nc(N)cc3n(C3CCOCC3)c2=O)cc1NS(=O)(=O)c1ccc(F)cc1F,8.6,8.065501548756432,1,557.5790000000003
COc1ncc(-c2cc3c(C)nc(N)cc3n([C@H]3CC[C@H](O)CC3)c2=O)cc1NS(=O)(=O)c1ccc(F)cc1F,9.9,8.00436480540245,1,571.6060000000003
COc1ncc(-c2cc3c(C)nc(N)cc3n([C@H]3CC[C@H](OCCO)CC3)c2=O)cc1NS(=O)(=O)c1ccc(F)cc1F,2.42,8.616184634019568,1,615.6590000000003
COc1ncc(-c2cc3c(C)nc(N)nc3[nH]c2=O)cc1NS(=O)(=O)c1ccc(F)cc1F,6.1,8.214670164989233,1,474.4490000000001
COc1ncc(-c2cc3c(C)nc(N)nc3n(C(C)C)c2=O)cn1,2.2,8.657577319177793,1,326.36000000000007
COc1ncc(-c2cc3c(C)nc(N)nc3n(C)c2=O)cc1NS(=O)(=O)c1ccc(F)cc1F,2.4,8.619788758288394,1,488.4760000000001
COc1ncc(-c2cc3c(C)nc(N)nc3n(C3CCCC3)c2=O)cc1F,1.7,8.769551078621726,1,369.40000000000015
COc1ncc(-c2cc3c(C)nc(N)nc3n(C3CCCC3)c2=O)cn1,2.0,8.698970004336019,1,352.39800000000014
COc1ncc(-c2cc3c(C)nc(N)nc3n(C3CCOCC3)c2=O)cc1F,1.43,8.844663962534938,1,385.39900000000017
COc1ncc(-c2cc3c(C)nc(N)nc3n(C3CCOCC3)c2=O)cn1,45.0,7.346787486224656,1,368.39700000000016
COc1ncc(-c2cc3c(C)nc(N)nc3n(N3CCCC3)c2=O)cc1F,4.5,8.346787486224656,1,370.3880000000002
COc1ncc(-c2cc3c(C)nc(N)nc3n([C@H]3CC[C@@H](O)CC3)c2=O)cc1F,2.4,8.619788758288394,1,399.42600000000016
COc1ncc(-c2cc3c(C)nc(N)nc3n([C@H]3CC[C@@H](O)CC3)c2=O)cn1,4.4,8.356547323513812,1,382.42400000000015
COc1ncc(-c2cc3c(C)nc(N)nc3n([C@H]3CC[C@@H](OCC(N)=O)CC3)c2=O)cc1F,1.58,8.801342913045577,1,456.4780000000003
COc1ncc(-c2cc3c(C)nc(N)nc3n([C@H]3CC[C@@H](OCC(N)=O)CC3)c2=O)cn1,3.62,8.441291429466835,1,439.4760000000003
COc1ncc(-c2cc3c(C)nc(N)nc3n([C@H]3CC[C@@H](OCCO)CC3)c2=O)cc1F,2.6,8.585026652029182,1,443.47900000000027
COc1ncc(-c2cc3c(C)nc(N)nc3n([C@H]3CC[C@@H](OCCO)CC3)c2=O)cn1,5.31,8.27490547891853,1,426.47700000000026
COc1ncc(-c2cc3c(C)nc(N)nc3n([C@H]3CC[C@H](O)CC3)c2=O)cc1F,1.1,8.958607314841775,1,399.42600000000016
COc1ncc(-c2cc3c(C)nc(N)nc3n([C@H]3CC[C@H](O)CC3)c2=O)cn1,2.3,8.638272163982407,1,382.42400000000015
COc1ncc(-c2cc3c(C)nc(N)nc3n([C@H]3CC[C@H](OC)CC3)c2=O)cc1F,1.6,8.795880017344075,1,413.4530000000002
COc1ncc(-c2cc3c(C)nc(N)nc3n([C@H]3CC[C@H](OCC(N)=O)CC3)c2=O)cc1F,0.686,9.163675884293248,1,456.4780000000003
COc1ncc(-c2cc3c(C)nc(N)nc3n([C@H]3CC[C@H](OCC(N)=O)CC3)c2=O)cn1,4.11,8.38615817812393,1,439.4760000000003
COc1ncc(-c2cc3c(C)nc(N)nc3n([C@H]3CC[C@H](OCCO)CC3)c2=O)cc1F,1.44,8.84163750790475,1,443.47900000000027
COc1ncc(-c2cc3c(C)nc(N)nc3n([C@H]3CC[C@H](OCCO)CC3)c2=O)cc1NS(=O)(=O)c1ccc(F)cc1F,0.87,9.060480747381382,1,616.6470000000004
COc1ncc(-c2cc3c(C)nc(N)nc3n([C@H]3CC[C@H](OCCO)CC3)c2=O)cn1,2.2,8.657577319177793,1,426.47700000000026
COc1ncc(-c2cc3c(C)nc(N)nc3n([C@H]3C[C@H](OCC(N)=O)C3)c2=O)cc1F,2.14,8.669586226650809,1,428.4240000000002
COc1ncc(-c2cc3c(C)nc(N)nc3n([C@H]3C[C@H](OCC(N)=O)C3)c2=O)cn1,5.91,8.228412519118745,1,411.4220000000002
COc1ncc(-c2cc3c(C)nc(N)nc3n([C@H]3C[C@H](OCCO)C3)c2=O)cc1F,3.11,8.507239610973162,1,415.4250000000002
COc1ncc(-c2cc3c(C)nc(N)nc3n([C@H]3C[C@H](OCCO)C3)c2=O)cn1,6.65,8.177178354696895,1,398.4230000000002
COc1ncc(-c2cc3c(C)nc(N)nc3s2)cc1NS(=O)(=O)C1CC1,5.6,8.2518119729938,1,391.4780000000001
COc1ncc(-c2cc3c(C)nc(N)nc3s2)cc1NS(=O)(=O)c1ccc(Cl)s1,1.5,8.823908740944319,1,467.9850000000001
COc1ncc(-c2cc3c(C)nc(N)nc3s2)cc1NS(=O)(=O)c1ccc(F)cc1,2.2,8.657577319177793,1,445.5010000000001
COc1ncc(-c2cc3c(C)nc(N)nc3s2)cc1NS(=O)(=O)c1ccc(F)cc1F,1.3,8.886056647693163,1,463.4910000000001
COc1ncc(-c2cc3c(C)nc(N)nc3s2)cc1NS(C)(=O)=O,2.8,8.55284196865778,1,365.44000000000005
COc1ncc(-c2cc3c(C)nc(NC(=O)C4CC4)nc3s2)cc1NS(=O)(=O)c1ccc(F)cc1F,2.3,8.638272163982407,1,531.5660000000001
COc1ncc(-c2cc3c(C)nc(NC(C)=O)nc3s2)cc1NS(=O)(=O)c1ccc(Cl)s1,1.0,9.0,1,510.02200000000016
COc1ncc(-c2cc3c(C)nc(NC(C)=O)nc3s2)cc1NS(=O)(=O)c1ccc(F)cc1F,1.1,8.958607314841775,1,505.52800000000013
COc1ncc(-c2cc3c(C)nc(NC(C)=O)nc3s2)cc1NS(C)(=O)=O,4.5,8.346787486224656,1,407.4770000000001
COc1ncc(-c2cc3c(N4CC(C)OC(C)C4)ncnc3s2)cc1NS(=O)(=O)c1ccc(F)cc1F,16.0,7.795880017344075,1,547.6090000000002
COc1ncc(-c2cc3c(N4CC(OC)C4)ncnc3s2)cc1NS(=O)(=O)c1ccc(F)cc1F,7.2,8.142667503568731,1,519.5550000000002
COc1ncc(-c2cc3c(N4CC5CCCC5C4)ncnc3s2)cc1NS(=O)(=O)c1ccc(F)cc1F,47.0,7.327902142064283,1,543.6210000000001
COc1ncc(-c2cc3c(N4CC5COCC5C4)ncnc3s2)cc1NS(=O)(=O)c1ccc(F)cc1F,14.0,7.853871964321762,1,545.5930000000002
COc1ncc(-c2cc3c(N4CCC(OC)CC4)ncnc3s2)cc1NS(=O)(=O)c1ccc(F)cc1F,4.8,8.318758762624412,1,547.6090000000002
COc1ncc(-c2cc3c(N4CCCC4)ncnc3s2)cc1NS(=O)(=O)c1ccc(F)cc1F,14.0,7.853871964321762,1,503.5560000000001
COc1ncc(-c2cc3c(N4CCCCC4)ncnc3s2)cc1NS(=O)(=O)c1ccc(F)cc1F,14.0,7.853871964321762,1,517.5830000000001
COc1ncc(-c2cc3c(N4CCN(C)C(=O)C4)ncnc3s2)cc1NS(=O)(=O)c1ccc(F)cc1F,16.0,7.795880017344075,1,546.5810000000001
COc1ncc(-c2cc3c(N4CCN(C)CC4)ncnc3s2)cc1NS(=O)(=O)c1ccc(F)cc1F,109.0,6.962573502059376,1,532.5980000000002
COc1ncc(-c2cc3c(N4CCOCC4)ncnc3s2)cc1NS(=O)(=O)c1ccc(F)cc1F,7.2,8.142667503568731,1,519.5550000000002
COc1ncc(-c2cc3c(N4CCOC[C@@H]4C)ncnc3s2)cc1NS(=O)(=O)c1ccc(F)cc1F,11.0,7.958607314841775,1,533.5820000000001
COc1ncc(-c2cc3c(N4CCOC[C@H]4C)ncnc3s2)cc1NS(=O)(=O)c1ccc(F)cc1F,14.0,7.853871964321762,1,533.5820000000001
COc1ncc(-c2cc3c(N4CCSCC4)ncnc3s2)cc1NS(=O)(=O)c1ccc(F)cc1F,17.0,7.769551078621726,1,535.6230000000002
COc1ncc(-c2cc3c(N4C[C@@H](C)O[C@@H](C)C4)ncnc3s2)cc1NS(=O)(=O)c1ccc(F)cc1F,15.0,7.823908740944319,1,547.6090000000002
COc1ncc(-c2ccc3c(c2)COC3)cc1NS(C)(=O)=O,3981.07,5.40000018605658,0,320.37
COc1ncc(-c2ccc3c(c2)N(CCCN2CCOCC2)C(=O)CO3)cc1NS(=O)(=O)c1ccc(F)cc1F,26.7,7.573488738635425,1,574.6060000000003
COc1ncc(-c2ccc3cn[nH]c3c2)cc1NS(C)(=O)=O,7943.28,5.100000128334196,0,318.35800000000006
COc1ncc(-c2ccc3nc(N)nc(-c4ccncc4)c3c2)cc1NS(=O)(=O)c1ccc(F)cc1F,0.07,10.154901959985743,1,520.5210000000002
COc1ncc(-c2ccc3nc(N)nc(C)c3c2)cc1NS(=O)(=O)c1ccc(F)cc1F,3.43,8.46470587995723,1,457.4620000000001
COc1ncc(-c2ccc3nc(NC(=O)NC4CC4)nn3c2)cc1NS(=O)(=O)c1ccc(F)cc1,7.0,8.154901959985743,1,497.5120000000001
COc1ncc(-c2ccc3ncc(-c4cn(CCCN5CCCC5)nn4)n3n2)cc1NS(=O)(=O)c1ccc(F)cc1F,0.99,9.00436480540245,1,595.6360000000003
COc1ncc(-c2ccc3ncc(-c4cn(CCCN5CCCCC5)nn4)n3n2)cc1NS(=O)(=O)c1ccc(F)cc1F,1.33,8.876148359032914,1,609.6630000000004
COc1ncc(-c2ccc3ncc(-c4cn(CCCN5CCN(C)CC5)nn4)n3n2)cc1NS(=O)(=O)c1ccc(F)cc1F,1.16,8.935542010773082,1,624.6780000000002
COc1ncc(-c2ccc3ncc(-c4cn(CCCN5CCOCC5)nn4)n3n2)cc1N,5.0,8.301029995663981,1,435.4920000000002
COc1ncc(-c2ccc3ncc(-c4cn(CCCN5CCOCC5)nn4)n3n2)cc1NS(=O)(=O)c1ccc(CC(F)(F)F)cc1,0.46,9.337242168318426,1,657.6790000000003
COc1ncc(-c2ccc3ncc(-c4cn(CCCN5CCOCC5)nn4)n3n2)cc1NS(=O)(=O)c1ccc(Cl)cc1F,0.24,9.619788758288394,1,628.0900000000003
COc1ncc(-c2ccc3ncc(-c4cn(CCCN5CCOCC5)nn4)n3n2)cc1NS(=O)(=O)c1ccc(F)cc1,0.16,9.795880017344075,1,593.6450000000003
COc1ncc(-c2ccc3ncc(-c4cn(CCCN5CCOCC5)nn4)n3n2)cc1NS(=O)(=O)c1ccc(F)cc1F,0.06,10.221848749616356,1,611.6350000000003
COc1ncc(-c2ccc3ncc(-c4cn(CCCN5CCOCC5)nn4)n3n2)cc1NS(=O)(=O)c1ccccc1,0.65,9.187086643357144,1,575.6550000000003
COc1ncc(-c2ccc3ncc(-c4cn(CCCN5CCOCC5)nn4)n3n2)cc1NS(C)(=O)=O,1.09,8.962573502059376,1,513.5840000000002
COc1ncc(-c2ccc3ncc(-c4cn(CCN(C)C)nn4)n3n2)cc1NS(=O)(=O)c1ccc(F)cc1F,0.11,9.958607314841775,1,555.5710000000001
COc1ncc(-c2ccc3ncc(-c4cn(CCN5CCCC5)nn4)n3n2)cc1NS(=O)(=O)c1ccc(F)cc1F,0.16,9.795880017344075,1,581.6090000000003
COc1ncc(-c2ccc3ncc(-c4cn(CCN5CCN(C)CC5)nn4)n3n2)cc1NS(=O)(=O)c1ccc(F)cc1F,0.17,9.769551078621726,1,610.6510000000003
COc1ncc(-c2ccc3ncc(-c4cn(CCN5CCOCC5)nn4)n3n2)cc1NS(=O)(=O)c1ccc(F)cc1F,0.08,10.096910013008056,1,597.6080000000003
COc1ncc(-c2ccc3ncc(-c4nnc(CCN5CCN(C)CC5)o4)n3c2)cc1NS(=O)(=O)c1ccc(F)cc1F,0.2,9.698970004336019,1,610.6470000000004
COc1ncc(-c2ccc3ncc(C#N)c(N4CCOCC4)c3c2)cc1NS(C)(=O)=O,3.2,8.494850021680094,1,439.4970000000002
COc1ncc(-c2ccc3ncc(C(=O)N4CCOCC4)n3c2)c2cn[nH]c12,1000.0,6.0,1,378.3920000000001
COc1ncc(-c2ccc3ncc(C(=O)N4CCOCC4)n3c2)cc1N,10000.0,5.0,0,353.3820000000001
COc1ncc(-c2ccc3ncc(C(=O)N4CCOCC4)n3c2)cc1NS(=O)(=O)c1ccc(F)cc1,100.0,7.0,1,511.5350000000002
COc1ncc(-c2ccc3ncc(C(=O)N4CCOCC4)n3c2)cc1NS(=O)(=O)c1ccc(F)cc1F,100.0,7.0,1,529.5250000000002
COc1ncc(-c2ccc3ncc(C(=O)N4CCOCC4)n3c2)cc1NS(=O)(=O)c1cccc(F)c1,100.0,7.0,1,511.5350000000002
COc1ncc(-c2ccc3ncc(C(=O)N4CCOCC4)n3c2)cc1NS(=O)(=O)c1ccccc1,100.0,7.0,1,493.5450000000002
COc1ncc(-c2ccc3ncc(C(=O)N4CCOCC4)n3c2)cc1NS(=O)(=O)c1ccccc1F,100.0,7.0,1,511.5350000000002
COc1ncc(-c2ccc3ncc(C(=O)N4CCOCC4)n3c2)cc1NS(C)(=O)=O,100.0,7.0,1,431.47400000000016
COc1ncc(-c2ccc3ncc(C(=O)NCCCCCCC(=O)NO)cc3c2)cc1NS(=O)(=O)c1ccc(F)cc1F,1.3,8.886056647693163,1,613.6430000000003
COc1ncc(-c2ccc3ncc(C(=O)NCCN4CCOCC4)n3c2)cc1NS(=O)(=O)c1ccc(F)cc1F,0.405,9.39254497678533,1,572.5940000000003
COc1ncc(-c2ccc3ncc(C(=O)NCCc4ccccc4)n3n2)cc1NS(=O)(=O)c1ccc(F)cc1F,0.24,9.619788758288394,1,564.5740000000002
COc1ncc(-c2ccc3ncc(C(=O)NCc4cn(CCCN5CCOCC5)nn4)n3n2)cc1NS(=O)(=O)c1ccc(F)cc1F,5.21,8.283162276700475,1,668.6870000000004
COc1ncc(-c2ccc3ncc(C(=O)NCc4cn(CCN5CCOCC5)nn4)n3n2)cc1NS(=O)(=O)c1ccc(F)cc1F,11.3,7.94692155651658,1,654.6600000000003
COc1ncc(-c2ccc3ncc(C)c(=O)n3c2)cc1NS(=O)(=O)c1ccc(F)cc1F,27.9,7.554395796726403,1,458.4460000000001
COc1ncc(-c2ccc3ncc(Cl)c(=O)n3c2)cc1NS(=O)(=O)c1ccc(F)cc1F,7.5,8.1249387366083,1,478.8640000000001
COc1ncc(-c2ccc3ncc(NC(=O)N4CCC[C@H]4C(N)=O)c(=O)n3c2)cc1NS(=O)(=O)c1ccc(F)cc1Cl,0.5,9.301029995663981,1,616.0310000000003
COc1ncc(-c2ccc3ncc4c(=O)[nH]c(=O)n(-c5cccc(C(F)(F)F)c5)c4c3n2)cn1,40.7,7.39040559077478,1,466.3790000000001
COc1ncc(-c2ccc3ncc4c(c3c2)n(C2CC2)c(=O)n4C)cc1NS(=O)(=O)C1CC1,13.1,7.882728704344236,1,465.53500000000025
COc1ncc(-c2ccc3ncc4c(c3n2)N(c2cccc(C(F)(F)F)c2)C(=O)N(C)C4)cn1,21.0,7.6777807052660805,1,466.4230000000001
COc1ncc(-c2ccc3nccc(-c4ccc(C)cc4)c3c2)cc1NS(=O)(=O)c1ccc(F)cc1F,4.5,8.346787486224656,1,517.5570000000001
COc1ncc(-c2ccc3nccc(-c4ccc(CN(C)C)cc4)c3c2)cc1NS(=O)(=O)c1ccc(F)cc1,2.1,8.67778070526608,1,542.6360000000002
COc1ncc(-c2ccc3nccc(-c4ccc(CN(C)C)cc4)c3c2)cc1NS(=O)(=O)c1ccc(F)cc1F,1.3,8.886056647693163,1,560.6260000000002
COc1ncc(-c2ccc3nccc(-c4ccc(CN(C)CCO)cc4)c3c2)cc1NS(=O)(=O)c1ccc(F)cc1,4.8,8.318758762624412,1,572.6620000000003
COc1ncc(-c2ccc3nccc(-c4ccc(CN(C)CCO)cc4)c3c2)cc1NS(=O)(=O)c1ccc(F)cc1F,0.59,9.229147988357855,1,590.6520000000003
COc1ncc(-c2ccc3nccc(-c4ccc(CN(CCO)CCO)cc4)c3c2)cc1NS(=O)(=O)c1ccc(F)cc1F,1.3,8.886056647693163,1,620.6780000000003
COc1ncc(-c2ccc3nccc(-c4ccc(CN5CCCC5)cc4)c3c2)cc1NS(=O)(=O)c1ccc(F)cc1F,1.4,8.853871964321762,1,586.6640000000003
COc1ncc(-c2ccc3nccc(-c4ccc(CN5CCCCC5)cc4)c3c2)cc1NS(=O)(=O)c1ccc(F)cc1F,1.2,8.920818753952375,1,600.6910000000004
COc1ncc(-c2ccc3nccc(-c4ccc(CN5CCN(C(C)C)CC5)cc4)c3c2)cc1NS(=O)(=O)c1ccc(F)cc1F,1.7,8.769551078621726,1,643.7600000000003
COc1ncc(-c2ccc3nccc(-c4ccc(CN5CCN(C)CC5)cc4)c3c2)cc1NS(=O)(=O)c1ccc(F)cc1F,1.3,8.886056647693163,1,615.7060000000004
COc1ncc(-c2ccc3nccc(-c4ccc(CN5CCN(CCO)CC5)cc4)c3c2)cc1NS(=O)(=O)c1ccc(F)cc1F,1.2,8.920818753952375,1,645.7320000000003
COc1ncc(-c2ccc3nccc(-c4ccc(CN5CCOCC5)cc4)c3c2)cc1NS(=O)(=O)c1ccc(F)cc1,1.6,8.795880017344075,1,584.6730000000003
COc1ncc(-c2ccc3nccc(-c4ccc(Cn5cccn5)cc4)c3c2)cc1NS(=O)(=O)c1ccc(F)cc1F,1.1,8.958607314841775,1,583.6200000000002
COc1ncc(-c2ccc3nccc(-c4ccc(Cn5ccnc5)cc4)c3c2)cc1NS(=O)(=O)c1ccc(F)cc1F,1.1,8.958607314841775,1,583.6200000000002
COc1ncc(-c2ccc3nccc(-c4ccc(Cn5ccnc5C)cc4)c3c2)cc1NS(=O)(=O)c1ccc(F)cc1F,0.95,9.022276394711152,1,597.6470000000003
COc1ncc(-c2ccc3nccc(-c4ccc(Cn5cncn5)cc4)c3c2)cc1NS(=O)(=O)c1ccc(F)cc1,0.91,9.040958607678906,1,566.6180000000002
COc1ncc(-c2ccc3nccc(-c4ccc(Cn5cncn5)cc4)c3c2)cc1NS(=O)(=O)c1ccc(F)cc1F,0.65,9.187086643357144,1,584.6080000000002
COc1ncc(-c2ccc3nccc(-c4ccncc4)c3c2)cc1NS(=O)(=O)c1ccc(F)cc1F,0.1,10.0,1,504.51800000000014
COc1ncc(-c2ccc3nccc(-c4ccnnc4)c3c2)cc1NS(=O)(=O)c1ccc(F)cc1F,0.49915384615384617,9.301765578148084,1,505.50600000000014
COc1ncc(-c2ccc3nccc(/C(C)=C/C(=O)N(C)CCO)c3c2)cc1NS(=O)(=O)c1ccc(F)cc1F,1.5,8.823908740944319,1,568.6020000000003
COc1ncc(-c2ccc3nccc(/C(C)=C/C(=O)N4CCC(O)CC4)c3c2)cc1NS(=O)(=O)c1ccc(F)cc1F,1.4,8.853871964321762,1,594.6400000000003
COc1ncc(-c2ccc3nccc(/C(C)=C/C(=O)N4CCCC4)c3c2)cc1NS(=O)(=O)c1ccc(F)cc1F,1.2,8.920818753952375,1,564.6140000000004
COc1ncc(-c2ccc3nccc(/C(C)=C/C(=O)N4CCN(C)CC4)c3c2)cc1NS(=O)(=O)c1ccc(F)cc1F,0.8,9.096910013008056,1,593.6560000000004
COc1ncc(-c2ccc3nccc(/C(C)=C/C(=O)N4CCOCC4)c3c2)cc1NS(=O)(=O)c1ccc(F)cc1F,1.1,8.958607314841775,1,580.6130000000004
COc1ncc(-c2ccc3nccc(/C(C)=C\C(=O)N4CCOCC4)c3c2)cc1NS(=O)(=O)c1ccc(F)cc1F,23.0,7.638272163982407,1,580.6130000000004
COc1ncc(-c2ccc3nccc(/C=C/C(=O)N4CCN(C)CC4)c3c2)cc1NS(=O)(=O)c1ccc(F)cc1F,1.04,8.98296666070122,1,579.6290000000004
COc1ncc(-c2ccc3nccc(=O)n3c2)cc1NS(=O)(=O)c1cc(F)cc(F)c1,78.2,7.106793246940152,1,444.4190000000001
COc1ncc(-c2ccc3nccc(=O)n3c2)cc1NS(=O)(=O)c1cc(F)ccc1F,45.0,7.346787486224656,1,444.4190000000001
COc1ncc(-c2ccc3nccc(=O)n3c2)cc1NS(=O)(=O)c1ccc(C#N)cc1,57.4,7.241088107602026,1,433.4490000000001
COc1ncc(-c2ccc3nccc(=O)n3c2)cc1NS(=O)(=O)c1ccc(C(F)(F)F)cc1,48.7,7.3124710387853655,1,476.4360000000001
COc1ncc(-c2ccc3nccc(=O)n3c2)cc1NS(=O)(=O)c1ccc(Cl)cc1,48.8,7.311580177997289,1,442.8840000000001
COc1ncc(-c2ccc3nccc(=O)n3c2)cc1NS(=O)(=O)c1ccc(F)cc1,80.7,7.09312646527793,1,426.4290000000001
COc1ncc(-c2ccc3nccc(=O)n3c2)cc1NS(=O)(=O)c1ccc(F)cc1F,9.55,8.019996628416253,1,444.4190000000001
COc1ncc(-c2ccc3nccc(=O)n3c2)cc1NS(=O)(=O)c1cccc(F)c1,67.0,7.173925197299173,1,426.4290000000001
COc1ncc(-c2ccc3nccc(=O)n3c2)cc1NS(=O)(=O)c1ccccc1,98.8,7.005243055412372,1,408.4390000000001
COc1ncc(-c2ccc3nccc(=O)n3c2)cc1NS(=O)(=O)c1ccccc1C,23.9,7.621602099051862,1,422.4660000000001
COc1ncc(-c2ccc3nccc(=O)n3c2)cc1NS(=O)(=O)c1ccccc1F,141.0,6.85078088734462,1,426.4290000000001
COc1ncc(-c2ccc3nccc(C#CCN(C)C)c3c2)cc1NS(=O)(=O)c1ccc(F)cc1,32.0,7.494850021680094,1,490.5600000000001
COc1ncc(-c2ccc3nccc(C#CCN(C)C)c3c2)cc1NS(=O)(=O)c1ccc(F)cc1F,3.7,8.431798275933005,1,508.5500000000001
COc1ncc(-c2ccc3nccc(C#CCN(C)CCO)c3c2)cc1NS(=O)(=O)c1ccc(F)cc1F,3.9,8.4089353929735,1,538.5760000000002
COc1ncc(-c2ccc3nccc(C#CCN(C4CCCCC4)C4CCCCC4)c3c2)cc1NS(=O)(=O)c1ccc(F)cc1F,100.0,7.0,1,644.7880000000005
COc1ncc(-c2ccc3nccc(C#CCN4CCC(C)CC4)c3c2)cc1NS(=O)(=O)c1ccc(F)cc1F,70.0,7.154901959985743,1,562.6420000000003
COc1ncc(-c2ccc3nccc(C#CCN4CCCCC4)c3c2)cc1NS(=O)(=O)c1ccc(F)cc1F,37.0,7.431798275933005,1,548.6150000000004
COc1ncc(-c2ccc3nccc(C#CCN4CCCCC4C)c3c2)cc1NS(=O)(=O)c1ccc(F)cc1F,61.0,7.214670164989233,1,562.6420000000003
COc1ncc(-c2ccc3nccc(C#CCN4CCN(S(C)(=O)=O)CC4)c3c2)cc1NS(=O)(=O)c1ccc(F)cc1F,2.0,8.698970004336019,1,627.6950000000003
COc1ncc(-c2ccc3nccc(C#CCN4CCOCC4)c3c2)cc1NS(=O)(=O)c1ccc(F)cc1F,2.1,8.67778070526608,1,550.5870000000003
COc1ncc(-c2ccc3nccc(C(=O)NCCCCC(=O)NO)c3c2)cc1NS(=O)(=O)c1cc(F)cc(F)c1,1.3,8.886056647693163,1,585.5890000000003
COc1ncc(-c2ccc3nccc(C(=O)NCCCCCC(=O)NO)c3c2)cc1NS(=O)(=O)c1cc(F)cc(F)c1,1.3,8.886056647693163,1,599.6160000000003
COc1ncc(-c2ccc3nccc(Cl)c3c2)cc1NS(=O)(=O)c1ccc(F)cc1F,2.3,8.638272163982407,1,461.8770000000001
COc1ncc(-c2ccc3nccc(N4CCCC4)c3c2)cc1NS(=O)(=O)c1ccc(F)cc1F,100.0,7.0,1,496.5390000000001
COc1ncc(-c2ccc3nccc(N4CCOCC4)c3c2)cc1NS(=O)(=O)c1ccc(F)cc1F,1.4,8.853871964321762,1,512.5380000000002
COc1ncc(-c2ccc3nccc(NCCN4CCOCC4)c3c2)cc1NS(C)(=O)=O,106.0,6.97469413473523,1,457.5560000000002
COc1ncc(-c2ccc3ncn(C4CCN(C(C)C)CC4)c(=O)c3c2)cc1NS(=O)(=O)c1ccccc1,100.0,7.0,1,533.6540000000003
COc1ncc(-c2ccc3ncn(C4CCN(C)CC4)c(=O)c3c2)cc1NS(=O)(=O)c1ccccc1,100.0,7.0,1,505.6000000000002
COc1ncc(-c2ccc3ncn(C4CCN(C)CC4)c(=O)c3c2)cc1NS(C)(=O)=O,100.0,7.0,1,443.52900000000017
COc1ncc(-c2ccc3ncn(CC(C(N)=O)C(C)C)c(=O)c3c2)cc1NS(=O)(=O)c1ccc(F)cc1Cl,25.5,7.5934598195660445,1,574.0340000000002
COc1ncc(-c2ccc3ncn(CC(F)(F)C(N)=O)c(=O)c3c2)cc1NS(=O)(=O)c1ccc(F)cc1Cl,2.7,8.568636235841012,1,567.9330000000001
COc1ncc(-c2ccc3ncn(CC(N)C(N)=O)c(=O)c3c2)cc1NS(=O)(=O)c1ccc(F)cc1Cl,5.4,8.267606240177031,1,546.9680000000002
COc1ncc(-c2ccc3ncn(CC4(C(N)=O)CC4)c(=O)c3c2)cc1NS(=O)(=O)c1ccc(F)cc1Cl,5.7,8.244125144327509,1,557.9910000000002
COc1ncc(-c2ccc3ncn(CCC(N)=O)c(=O)c3c2)cc1NS(=O)(=O)c1ccc(F)cc1Cl,1.2,8.920818753952375,1,531.9530000000002
COc1ncc(-c2ccc3ncn(CCCC(N)=O)c(=O)c3c2)cc1NS(=O)(=O)c1ccc(F)cc1Cl,1.1,8.958607314841775,1,545.9800000000001
COc1ncc(-c2ccc3ncn(C[C@@H](C)C(=O)N(C)C(C)C)c(=O)c3c2)cc1NS(=O)(=O)c1ccc(F)cc1Cl,19.6,7.707743928643524,1,602.0880000000002
COc1ncc(-c2ccc3ncn(C[C@@H](C)C(=O)N4CCOCC4)c(=O)c3c2)cc1NS(=O)(=O)c1ccc(F)cc1Cl,11.5,7.939302159646388,1,616.0710000000004
COc1ncc(-c2ccc3ncn(C[C@@H](C)C(=O)NC(C)C)c(=O)c3c2)cc1NS(=O)(=O)c1ccc(F)cc1Cl,6.9,8.161150909262744,1,588.0610000000001
COc1ncc(-c2ccc3ncn(C[C@@H](C)C(=O)NC4CC4(F)F)c(=O)c3c2)cc1NS(=O)(=O)c1ccc(F)cc1Cl,6.2,8.207608310501746,1,622.0250000000002
COc1ncc(-c2ccc3ncn(C[C@@H](C)C(=O)NC4CC4)c(=O)c3c2)cc1NS(=O)(=O)c1ccc(F)cc1Cl,2.7,8.568636235841012,1,586.0450000000002
COc1ncc(-c2ccc3ncn(C[C@@H](C)C(=O)NC4CCC4)c(=O)c3c2)cc1NS(=O)(=O)c1ccc(F)cc1Cl,8.4,8.075720713938118,1,600.0720000000002
COc1ncc(-c2ccc3ncn(C[C@@H](C)C(=O)NC4COC4)c(=O)c3c2)cc1NS(=O)(=O)c1ccc(F)cc1Cl,2.1,8.67778070526608,1,602.0440000000002
COc1ncc(-c2ccc3ncn(C[C@@H](C)C(=O)NCC(C)C)c(=O)c3c2)cc1NS(=O)(=O)c1ccc(F)cc1Cl,8.0,8.096910013008056,1,602.0880000000002
COc1ncc(-c2ccc3ncn(C[C@@H](C)C(=O)NCC(F)(F)F)c(=O)c3c2)cc1NS(=O)(=O)c1ccc(F)cc1Cl,5.5,8.259637310505756,1,628.0040000000001
COc1ncc(-c2ccc3ncn(C[C@@H](C)C(=O)NCCF)c(=O)c3c2)cc1NS(=O)(=O)c1ccc(F)cc1Cl,2.5,8.602059991327963,1,592.0240000000002
COc1ncc(-c2ccc3ncn(C[C@@H](C)C(=O)NCCO)c(=O)c3c2)cc1NS(=O)(=O)c1ccc(F)cc1Cl,1.7,8.769551078621726,1,590.0330000000002
COc1ncc(-c2ccc3ncn(C[C@@H](C)C(N)=O)c(=O)c3c2)cc1NS(=O)(=O)c1ccc(F)cc1Cl,2.0,8.698970004336019,1,545.9800000000002
COc1ncc(-c2ccc3ncnc(-c4cccc(C(=O)N5CCN(C(C)=O)CC5)c4)c3c2)cc1C#N,1851.0,5.732593581247096,0,492.5390000000004
COc1ncc(-c2ccc3ncnc(-c4cccc(C(=O)N5CCN(C(C)=O)CC5)c4)c3c2)cc1C(F)(F)F,387.0,6.412289034981089,1,535.5260000000004
COc1ncc(-c2ccc3ncnc(-c4cccc(C(=O)N5CCN(C)CC5)c4)c3c2)cc1C#N,921.5,6.035504660444907,1,464.52900000000034
COc1ncc(-c2ccc3ncnc(-c4cccc(C(=O)N5CCN(C)CC5)c4)c3c2)cc1C(F)(F)F,239.5,6.620694482249418,1,507.5160000000003
COc1ncc(-c2ccc3ncnc(-c4ccncc4)c3c2)cc1NS(=O)(=O)c1ccc(F)cc1F,0.095,10.022276394711152,1,505.50600000000014
COc1ncc(-c2ccc3ncnc(N(C)CCN(C)C)c3c2)cc1NS(C)(=O)=O,7.7,8.113509274827518,1,430.5340000000001
COc1ncc(-c2ccc3ncnc(NC4CCN(C(=O)C5CCCC5)CC4)c3c2)cc1NS(C)(=O)=O,2.8,8.55284196865778,1,524.6470000000004
COc1ncc(-c2ccc3ncnc(NC4CCN(C(=O)C5CCOCC5)CC4)c3c2)cc1NS(C)(=O)=O,2.1,8.67778070526608,1,540.6460000000004
COc1ncc(-c2ccc3ncnc(NC4CCN(C(=O)OC(C)(C)C)CC4)c3c2)cc1NS(C)(=O)=O,7.0,8.154901959985743,1,528.6350000000003
COc1ncc(-c2ccc3ncnc(NC4CCN(C(C)=O)CC4)c3c2)cc1NS(C)(=O)=O,0.4,9.397940008672037,1,470.55500000000023
COc1ncc(-c2ccc3ncnc(NC4CCNCC4)c3c2)cc1NS(C)(=O)=O,0.9,9.045757490560675,1,428.5180000000002
COc1ncc(-c2ccc3ncnc(NCCN(C)C)c3c2)cc1C#N,3008.0,5.521722168080395,0,348.4100000000001
COc1ncc(-c2ccc3ncnc(NCCN(C)C)c3c2)cc1NS(C)(=O)=O,7.0,8.154901959985743,1,416.5070000000001
COc1ncc(-c2ccc3ncnc(NCCN4CCCCC4)c3c2)cc1NS(=O)(=O)C1CC1,34.0,7.468521082957745,1,482.61000000000035
COc1ncc(-c2ccc3ncnc(NCCN4CCCCC4)c3c2)cc1NS(C)(=O)=O,12.0,7.920818753952375,1,456.5720000000003
COc1ncc(-c2ccc3ncnc(NCCN4CCCCC4)c3c2)cc1[N+](=O)[O-],3175.0,5.498256270372005,0,408.4620000000003
COc1ncc(-c2ccc3ncnc(NCCN4CCOCC4)c3c2)cc1C#N,465.0,6.3325470471100465,1,390.44700000000023
COc1ncc(-c2ccc3ncnc(NCCN4CCOCC4)c3c2)cc1NS(=O)(=O)C1CC1,7.1,8.148741651280925,1,484.58200000000033
COc1ncc(-c2ccc3ncnc(NCCN4CCOCC4)c3c2)cc1NS(C)(=O)=O,4.5,8.346787486224656,1,458.54400000000027
COc1ncc(-c2ccc3ncnc(N[C@H]4CCCN(C(=O)C(C)N)C4)c3c2)cc1C#N,18.2,7.739928612014925,1,431.50000000000017
COc1ncc(-c2ccc3ncnc(N[C@H]4CCCN(C(=O)CN(C)C)C4)c3c2)cc1C#N,21.8,7.661543506395395,1,445.5270000000002
COc1ncc(-c2ccc3ncnc(N[C@H]4CCCN(C(=O)c5cccnc5)C4)c3c2)cc1C#N,119.5,6.922632094715843,1,465.51700000000017
COc1ncc(-c2ccc3ncnc(N[C@H]4CCCN(C(=O)c5coc([N+](=O)[O-])c5)C4)c3c2)cc1C#N,1.8,8.744727494896694,1,499.48700000000025
COc1ncc(-c2ccc3ncnc(N[C@H]4CCN(C(=O)C(C)(C)C)C4)c3c2)cc1NS(C)(=O)=O,2.6,8.585026652029182,1,498.60900000000026
COc1ncc(-c2ccc3ncnc(N[C@H]4CCN(C(=O)C5CC5)C4)c3c2)cc1NS(C)(=O)=O,1.0,9.0,1,482.56600000000026
COc1ncc(-c2ccc3ncnc(N[C@H]4CCN(C(=O)C5CCCC5)C4)c3c2)cc1NS(C)(=O)=O,2.3,8.638272163982407,1,510.62000000000035
COc1ncc(-c2ccc3ncnc(N[C@H]4CCN(C(=O)C5CCOCC5)C4)c3c2)cc1C#N,25.6,7.59176003468815,1,458.52200000000033
COc1ncc(-c2ccc3ncnc(N[C@H]4CCN(C(=O)C5CCOCC5)C4)c3c2)cc1NS(C)(=O)=O,0.7,9.154901959985743,1,526.6190000000004
COc1ncc(-c2ccc3ncnc(N[C@H]4CCN(C(=O)C5CCOCC5)C4)c3c2)cc1[N+](=O)[O-],26.7,7.573488738635425,1,478.50900000000036
COc1ncc(-c2ccc3ncnc(N[C@H]4CCN(C(=O)OC(C)(C)C)C4)c3c2)cc1NS(C)(=O)=O,5.3,8.275724130399212,1,514.6080000000003
COc1ncc(-c2ccc3ncnc(N[C@H]4CCN(C(C)=O)C4)c3c2)cc1NS(C)(=O)=O,0.5,9.301029995663981,1,456.5280000000002
COc1ncc(-c2ccc3ncnc(Nc4cnn(CCO)c4)c3c2)cc1NS(=O)(=O)c1ccc(F)cc1F,0.2,9.698970004336019,1,553.5510000000003
COc1ncc(-c2ccc3nncc(-c4ccncc4)c3c2)cc1NS(=O)(=O)c1ccc(F)cc1F,0.27,9.568636235841012,1,505.50600000000014
COc1ncc(-c2cccc3c2CNC3=O)cc1NS(C)(=O)=O,5735.0,5.241466577762713,0,333.369
COc1ncc(-c2cccc3nc([C@@H]4CCCN4c4nc(N)nc(C)c4C#N)n(-c4ccccc4)c(=O)c23)cn1,320.0,6.494850021680094,1,531.5800000000002
COc1ncc(-c2cccc3nc([C@@H]4CCCN4c4ncnc(N)c4C#N)n(-c4ccccc4)c(=O)c23)cn1,1400.0,5.853871964321762,0,517.5530000000001
COc1ncc(-c2cccc3nc([C@@H]4C[C@H](O)CN4c4nc(N)nc(C)c4C#N)n(-c4ccccc4)c(=O)c23)cn1,580.0,6.236572006437063,1,547.5790000000002
COc1ncc(-c2cccc3nc([C@@H]4C[C@H](OC)CN4c4nc(N)nc(C)c4C#N)n(-c4ccccc4)c(=O)c23)cn1,1200.0,5.920818753952375,0,561.6060000000001
COc1ncc(-c2ccn3nc(NC(=O)NCCOc4cccnc4)cc3c2)cc1C(F)(F)F,10000.0,5.0,0,472.4270000000001
COc1ncc(-c2ccn3nc(NC(=O)NCCOc4cccnc4)cc3c2)cc1F,10000.0,5.0,0,422.4200000000001
COc1ncc(-c2ccn3nc(NC(=O)NCCOc4cccnc4)cc3c2)cc1NS(C)(=O)=O,126.0,6.899629454882437,1,497.53700000000015
COc1ncc(-c2ccn3nc(NC(=O)NCCOc4cccnc4)cc3c2)cc1OC(C)C,2573.0,5.589560213789653,0,462.51000000000016
COc1ncc(-c2ccn3nc(NC(=O)NCCOc4cccnc4)cc3c2)cc1OC(F)F,10000.0,5.0,0,470.4360000000001
COc1ncc(-c2ccn3nc(NC(=O)NCCOc4cccnc4)cc3c2)nc1OC,4979.0,5.30285787372454,0,435.44400000000013
COc1ncc(-c2cn3c(-c4cn(CCN(C)C)nn4)cnc3cn2)cc1NS(=O)(=O)c1ccc(F)cc1F,7.2,8.142667503568731,1,555.5710000000001
COc1ncc(-c2cn3c(-c4cn(CCN5CCCC5)nn4)cnc3cn2)cc1NS(=O)(=O)c1ccc(F)cc1F,10.4,7.982966660701219,1,581.6090000000003
COc1ncc(-c2cn3c(-c4cn(CCN5CCN(C)CC5)nn4)cnc3cn2)cc1NS(=O)(=O)c1ccc(F)cc1F,7.46,8.127261172527332,1,610.6510000000003
COc1ncc(-c2cn3c(-c4cn(CCN5CCOCC5)nn4)cnc3cn2)cc1NS(=O)(=O)c1ccc(F)cc1F,9.01,8.045275209020938,1,597.6080000000003
COc1ncc(-c2cn3c(C(=O)NCCN(C)C)cnc3cn2)cc1NS(=O)(=O)c1ccc(F)cc1F,36.5,7.437707135543525,1,531.5450000000002
COc1ncc(-c2cn3c(C(=O)NCCc4ccccc4)cnc3cn2)cc1NS(=O)(=O)c1ccc(F)cc1F,6.63,8.178486471595226,1,564.5740000000002
COc1ncc(-c2cn3c(C(=O)NCc4cn(CCCN5CCOCC5)nn4)cnc3cn2)cc1NS(=O)(=O)c1ccc(F)cc1F,11.2,7.950781977329818,1,668.6870000000004
COc1ncc(-c2cn3c(C(=O)NCc4cn(CCN5CCOCC5)nn4)cnc3cn2)cc1NS(=O)(=O)c1ccc(F)cc1F,7.53,8.123205023799299,1,654.6600000000003
COc1ncc(-c2cnc3nc(N)nc(-c4ccncc4)c3c2)cc1NS(=O)(=O)c1ccc(F)cc1F,35.615,7.448367051319412,1,521.5090000000002
COc1ncc(-c2cnc3nc(N)nc(C)c3c2)cc1F,117.0,6.931814138253839,1,285.282
COc1ncc(-c2cnc3nc(N)nc(C)c3c2)cc1N,632.0,6.199282921717615,1,282.307
COc1ncc(-c2cnc3nc(N)nc(C)c3c2)cc1NC(=O)C(F)(F)F,1000.0,6.0,1,378.314
COc1ncc(-c2cnc3nc(N)nc(C)c3c2)cc1NC(=O)Nc1ccc(F)cc1F,1000.0,6.0,1,437.4100000000001
COc1ncc(-c2cnc3nc(N)nc(C)c3c2)cc1NC(=O)c1ccc(F)cc1F,1000.0,6.0,1,422.3950000000001
COc1ncc(-c2cnc3nc(N)nc(C)c3c2)cc1NS(=O)(=O)C1CC1,55.6,7.2549252084179425,1,386.4370000000001
COc1ncc(-c2cnc3nc(N)nc(C)c3c2)cc1NS(=O)(=O)c1ccc(C#N)cc1,2.82,8.549750891680638,1,447.48000000000013
COc1ncc(-c2cnc3nc(N)nc(C)c3c2)cc1NS(=O)(=O)c1ccc(C(F)(F)F)cc1,8.41,8.075204004202087,1,490.4670000000001
COc1ncc(-c2cnc3nc(N)nc(C)c3c2)cc1NS(=O)(=O)c1ccc(Cl)s1,6.87,8.16304326294045,1,462.9440000000001
COc1ncc(-c2cnc3nc(N)nc(C)c3c2)cc1NS(=O)(=O)c1ccc(F)cc1F,3.06,8.51427857351842,1,458.4500000000001
COc1ncc(-c2cnc3nc(N)nc(C)c3c2)cc1NS(=O)(=O)c1ccccc1,63.1,7.199970640755866,1,422.4700000000001
COc1ncc(-c2cnc3nc(N)nc(C)c3c2)cc1NS(=O)(=O)c1cccnc1,7.82,8.106793246940152,1,423.4580000000001
COc1ncc(-c2cnc3nc(N)nc(C)c3c2)cc1NS(=O)(=O)c1cccs1,23.3,7.632644078973981,1,428.4990000000001
COc1ncc(-c2cnc3nc(N)nc(C)c3c2)cc1NS(C)(=O)=O,145.0,6.838631997765025,1,360.39900000000006
COc1ncc(-c2cnc3nc(N)nc(C)c3c2)cn1,218.0,6.661543506395395,1,268.28
COc1ncc(-c2cnc3nccc(-c4ccncc4)c3c2)cc1NS(=O)(=O)c1ccc(F)cc1F,34.7,7.459670525209126,1,505.5060000000002
COc1ncc(-c2cnc3ncnc(-c4ccncc4)c3c2)cc1NS(=O)(=O)c1ccc(F)cc1F,51.7,7.286509456906058,1,506.4940000000002
COc1ncc(-c2nc(N3CCOCC3)c3ncn(CCCCCCC(=O)NO)c3n2)cn1,136.0,6.866461091629782,1,456.5070000000003
COc1ncc(-c2nc3c(C)nc(N)nc3n(C)c2=O)cc1NS(=O)(=O)c1ccc(F)cc1F,1.3,8.886056647693163,1,489.46400000000017
COc1ncc(-c2nc3c(N4CC(C)OC(C)C4)ncnc3s2)cc1NS(=O)(=O)c1ccc(F)cc1F,11.0,7.958607314841775,1,548.5970000000002
COc1ncc(-c2nc3c(N4CC5CCCC5C4)ncnc3s2)cc1NS(=O)(=O)c1ccc(F)cc1F,6.3,8.200659450546418,1,544.6090000000002
COc1ncc(-c2nc3c(N4CCC(OC)CC4)ncnc3s2)cc1NS(=O)(=O)c1ccc(F)cc1F,1.3,8.886056647693163,1,548.5970000000001
COc1ncc(-c2nc3c(N4CCCC4)ncnc3s2)cc1NS(=O)(=O)c1ccc(F)cc1F,3.5,8.455931955649724,1,504.5440000000001
COc1ncc(-c2nc3c(N4CCCCC4)ncnc3s2)cc1NS(=O)(=O)c1ccc(F)cc1F,8.8,8.05551732784983,1,518.5710000000001
COc1ncc(-c2nc3c(N4CCOCC4)ncnc3s2)cc1NS(=O)(=O)c1ccc(F)cc1F,1.7,8.769551078621726,1,520.5430000000001
COc1ncc(-c2nc3c(N4CCOC[C@@H]4C)ncnc3s2)cc1NS(=O)(=O)c1ccc(F)cc1F,2.0,8.698970004336019,1,534.5700000000002
COc1ncc(-c2nc3c(N4CCOC[C@H]4C)ncnc3s2)cc1NS(=O)(=O)c1ccc(F)cc1F,1.9,8.721246399047171,1,534.5700000000002
COc1ncc(-c2nn(C(C)C)c3ncnc(N)c23)c(OC)n1,1910.0,5.718966632752273,0,315.3370000000001
COc1ncc(-c2sc(NC(=O)CC3CCOCC3)nc2C)cc1S(=O)(=O)NC1CCCC(O)C1,55000.0,4.259637310505756,0,524.6650000000003
COc1ncc(-c2sc(NC(=O)CC3CCOCC3)nc2C)cc1S(=O)(=O)N[C@H]1CC[C@@H](O)CC1,200000.0,3.6989700043360187,0,524.6650000000003
COc1ncc(-c2sc(NC(=O)CC3CCOCC3)nc2C)cc1S(=O)(=O)Nc1ccc(F)cc1F,200000.0,3.6989700043360187,0,538.5980000000003
COc1ncc(-c2sc(NC(=O)CC3CCOCC3)nc2C)cc1S(=O)(=O)Nc1ccc(O)cc1,5500.0,5.259637310505756,0,518.6170000000003
COc1ncc(-c2sc(NC(=O)CC3CCOCC3)nc2C)cc1S(=O)(=O)Nc1cccc(C(=O)O)c1,200000.0,3.6989700043360187,0,546.6270000000003
COc1ncc(-c2sc(NC(=O)CC3CCOCC3)nc2C)cc1S(=O)(=O)Nc1cccc(O)c1,55000.0,4.259637310505756,0,518.6170000000003
COc1ncc(-c2sc(NC(=O)CN)nc2C)cc1NS(=O)(=O)c1ccccc1,222.0,6.653647025549361,1,433.5150000000001
COc1ncc(-c2sc3c(-c4ccc(CNC=O)s4)ncnc3c2C)cc1NS(=O)(=O)c1ccccc1,3.29,8.482804102050025,1,551.6750000000003
COc1ncc(-c2sc3c(-c4cccs4)ncnc3c2C)cc1NS(=O)(=O)c1ccccc1,36.23,7.440931665965463,1,494.6230000000002
COc1ncc(-c2sc3ncnc(-c4ccncc4)c3c2C)cc1NS(=O)(=O)c1ccc(F)cc1F,72.3,7.140861702705469,1,525.5620000000002
COc1ncc(C#Cc2c(C)ncnc2N2CCOCC2)cc1NS(=O)(=O)c1ccc(C)o1,0.53,9.275724130399212,1,469.52300000000025
COc1ncc(C#Cc2c(C)ncnc2N2CCOCC2)cc1NS(=O)(=O)c1ccc(Cl)cc1,0.3,9.522878745280337,1,499.98000000000025
COc1ncc(C#Cc2c(C)ncnc2N2CCOCC2)cc1NS(=O)(=O)c1ccc(Cl)s1,0.38,9.42021640338319,1,506.00900000000024
COc1ncc(C#Cc2c(C)ncnc2N2CCOCC2)cc1NS(=O)(=O)c1ccc(F)cc1F,0.44,9.356547323513812,1,501.5150000000002
COc1ncc(C#Cc2c(C)ncnc2N2CCOCC2)cc1NS(=O)(=O)c1ccccc1,0.4,9.397940008672037,1,465.5350000000002
COc1ncc(C#Cc2c(C)ncnc2N2CCOCC2)cc1NS(=O)(=O)c1ccccc1C(F)(F)F,0.44,9.356547323513812,1,533.5320000000003
COc1ncc(C#Cc2c(C)ncnc2N2CCOCC2)cc1NS(=O)(=O)c1ccccc1OC(F)(F)F,0.5,9.301029995663981,1,549.5310000000003
COc1ncc(C#Cc2c(C)ncnc2N2CCOCC2)cc1NS(=O)(=O)c1cccs1,0.39,9.4089353929735,1,471.5640000000002
COc1ncc(C#Cc2c(C)ncnc2N2CCOCC2)cc1NS(=O)(=O)c1ccnn1C,0.45,9.346787486224656,1,469.5270000000002
COc1ncc(C#Cc2c(C)ncnc2N2CCOCC2)cc1NS(=O)(=O)c1cnn(C)c1,0.55,9.259637310505756,1,469.5270000000002
COc1ncc(C#Cc2c(C)ncnc2N2CCOCC2)cc1NS(C)(=O)=O,0.64,9.193820026016112,1,403.46400000000017
COc1ncc(C#Cc2cccc3cc([C@H](C)NC(=O)c4c(N)nn5cccnc45)n(-c4ccccc4)c(=O)c23)cn1,2000.0,5.698970004336019,0,556.5860000000001
COc1ncc(C2=CCOCC2)cc1NS(=O)(=O)c1ccccc1,1995.26,5.700000503883016,0,346.408
COc1ncc(C2=CCOCC2)cc1NS(=O)(=O)c1cn(Cc2ccccc2)c(C)n1,630.96,6.199998172182031,1,440.52500000000015
COc1ncc(N2CC(C)Oc3ccc(O[C@H]4CCN(C(=O)C5CCOCC5)C4)cc32)cc1C#N,4574.0,5.33970383972927,0,478.5490000000004
COc1ncc(N2CCOCC2)cc1S(=O)(=O)N(C)c1ccnc(-c2ccc(CN3CCN(C(C)(C)C)CC3)cc2F)c1,10000.0,5.0,0,612.7720000000002
COc1ncc(N2CCOCC2)cc1S(=O)(=O)N(C)c1ccnc(-c2ccc(CN3CCN(C(C)C)CC3)cc2F)c1,10000.0,5.0,0,598.7450000000002
COc1ncc(N2CCOCC2)cc1S(=O)(=O)N(COC(=O)C(C)(C)C)c1ccnc(-c2ccc(CN3CCN(C(C)C)CC3)cc2F)c1,10000.0,5.0,0,698.8619999999999
COc1ncc(N2CCOCC2)cc1S(=O)(=O)N(c1ccnc(-c2ccc(CN3CCN(C(C)C)CC3)cc2F)c1)C(C)C,10000.0,5.0,0,626.7990000000002
COc1ncc(N2CCOCC2)cc1S(=O)(=O)Nc1ccnc(-c2c(F)cc(CN3CCN(C(C)C)CC3)cc2F)c1,10000.0,5.0,0,602.7080000000002
COc1ncc(N2CCOCC2)cc1S(=O)(=O)Nc1ccnc(-c2cc(Cl)c(CN3CCN(C(C)C)CC3)cc2F)c1,10000.0,5.0,0,619.1630000000001
COc1ncc(N2CCOCC2)cc1S(=O)(=O)Nc1ccnc(-c2cc(F)c(CN3CCN(C(C)C)CC3)c(F)c2)c1,10000.0,5.0,0,602.7080000000002
COc1ncc(N2CCOCC2)cc1S(=O)(=O)Nc1ccnc(-c2cc(F)c(CN3CCN(C(C)C)CC3)cc2F)c1,10000.0,5.0,0,602.7080000000002
COc1ncc(N2CCOCC2)cc1S(=O)(=O)Nc1ccnc(-c2ccc(CN(C)C)cc2)c1,10000.0,5.0,0,483.5940000000002
COc1ncc(N2CCOCC2)cc1S(=O)(=O)Nc1ccnc(-c2ccc(CN3CCC(C(C)(C)O)CC3)cc2F)c1,10000.0,5.0,0,599.7290000000003
COc1ncc(N2CCOCC2)cc1S(=O)(=O)Nc1ccnc(-c2ccc(CN3CCC(C)C3)cc2F)c1,10000.0,5.0,0,541.6490000000003
COc1ncc(N2CCOCC2)cc1S(=O)(=O)Nc1ccnc(-c2ccc(CN3CCCC3)c(F)c2)c1,10000.0,5.0,0,527.6220000000004
COc1ncc(N2CCOCC2)cc1S(=O)(=O)Nc1ccnc(-c2ccc(CN3CCCC3)cc2F)c1,10000.0,5.0,0,527.6220000000004
COc1ncc(N2CCOCC2)cc1S(=O)(=O)Nc1ccnc(-c2ccc(CN3CCCC3C)cc2F)c1,10000.0,5.0,0,541.6490000000003
COc1ncc(N2CCOCC2)cc1S(=O)(=O)Nc1ccnc(-c2ccc(CN3CCCCC3)cc2F)c1,10000.0,5.0,0,541.6490000000005
COc1ncc(N2CCOCC2)cc1S(=O)(=O)Nc1ccnc(-c2ccc(CN3CCN(C(C)(C)C)CC3)cc2)c1,10000.0,5.0,0,580.7550000000002
COc1ncc(N2CCOCC2)cc1S(=O)(=O)Nc1ccnc(-c2ccc(CN3CCN(C(C)(C)C)CC3)cc2F)c1,10000.0,5.0,0,598.7450000000002
COc1ncc(N2CCOCC2)cc1S(=O)(=O)Nc1ccnc(-c2ccc(CN3CCN(C(C)C)CC3)c(F)c2)c1,10000.0,5.0,0,584.7180000000003
COc1ncc(N2CCOCC2)cc1S(=O)(=O)Nc1ccnc(-c2ccc(CN3CCN(C(C)C)CC3)c(F)c2F)c1,10000.0,5.0,0,602.7080000000003
COc1ncc(N2CCOCC2)cc1S(=O)(=O)Nc1ccnc(-c2ccc(CN3CCN(C(C)C)CC3)cc2)c1,10000.0,5.0,0,566.7280000000003
COc1ncc(N2CCOCC2)cc1S(=O)(=O)Nc1ccnc(-c2ccc(CN3CCN(C(C)C)CC3)cc2F)c1,10000.0,5.0,0,584.7180000000003
COc1ncc(N2CCOCC2)cc1S(=O)(=O)Nc1ccnc(-c2ccc(CN3CCN(C4CCC4)CC3)cc2)c1,10000.0,5.0,0,578.7390000000003
COc1ncc(N2CCOCC2)cc1S(=O)(=O)Nc1ccnc(-c2ccc(CN3CCN(C4CCC4)CC3)cc2F)c1,10000.0,5.0,0,596.7290000000003
COc1ncc(N2CCOCC2)cc1S(=O)(=O)Nc1ccnc(-c2ccc(CN3CCN(C4COC4)CC3)cc2)c1,10000.0,5.0,0,580.7110000000002
COc1ncc(N2CCOCC2)cc1S(=O)(=O)Nc1ccnc(-c2ccc(CN3CCN(C4COC4)CC3)cc2F)c1,10000.0,5.0,0,598.7010000000002
COc1ncc(N2CCOCC2)cc1S(=O)(=O)Nc1ccnc(-c2ccc(CN3CCNCC3)cc2F)c1,10000.0,5.0,0,542.6370000000004
COc1ncc(N2CCOCC2)cc1S(=O)(=O)Nc1ccnc(-c2ccc(CN3CCOCC3)cc2)c1,10000.0,5.0,0,525.6310000000004
COc1ncc(N2CCOCC2)cc1S(=O)(=O)Nc1ccnc(-c2ccc(CN3C[C@@H](C)O[C@@H](C)C3)cc2)c1,10000.0,5.0,0,553.6850000000003
COc1ncc(N2CCOCC2)cc1S(=O)(=O)Nc1ccnc(-c2ccc(CN3C[C@@H](C)O[C@@H](C)C3)cc2F)c1,10000.0,5.0,0,571.6750000000003
COc1ncc(N2CCOc3ccc(CN(C)C)cc32)cc1NS(C)(=O)=O,12589.25,4.900000142057633,0,392.4810000000001
COc1ncc(N2CCOc3ccc(NC4CCN(C(=O)C5CCOCC5)C4)cc32)cc1C#N,1925.0,5.71556926615548,0,463.53800000000035
COc1ncc(N2CCOc3ccc(OC4CCN(C(=O)C5CCOCC5)C4)cc32)cc1C,1144.0,5.941573975542995,0,453.5390000000003
COc1ncc(N2CCOc3ccc(OC4CCN(C(=O)C5CCS(=O)(=O)CC5)C4)c(C)c32)cc1C,3196.0,5.495393229358046,0,515.6320000000004
COc1ncc(N2CCOc3ccc(OC4CCN(C(=O)C5CCS(=O)(=O)CC5)C4)c(C)c32)cc1C(F)F,3575.0,5.4467239538629,0,551.6120000000005
COc1ncc(N2CCOc3ccc(O[C@@H]4CCN(C(=O)C5CCOCC5)C4)cc32)cc1C#N,1218.0,5.914352711703144,0,464.52200000000033
COc1ncc(N2CCOc3ccc(O[C@@H]4CON(C(=O)C5CCOCC5)C4)cc32)cc1C#N,9100.0,5.040958607678906,0,466.49400000000037
COc1ncc(N2CCOc3ccc(O[C@H]4CCN(C(=O)C(C)(C)O)C4)cc32)cc1C#N,711.0,6.148130399270234,1,438.4840000000002
COc1ncc(N2CCOc3ccc(O[C@H]4CCN(C(=O)C(C)C)C4)cc32)cc1C#N,463.0,6.334419008982047,1,422.4850000000002
COc1ncc(N2CCOc3ccc(O[C@H]4CCN(C(=O)C5=CC(=O)CC(C)(C)O5)C4)cc32)cc1C#N,698.0,6.156144577376839,1,504.54300000000035
COc1ncc(N2CCOc3ccc(O[C@H]4CCN(C(=O)C5CCC(=O)N5)C4)cc32)cc1C#N,658.0,6.181774106386045,1,463.49400000000026
COc1ncc(N2CCOc3ccc(O[C@H]4CCN(C(=O)C5CCC(OC)CC5)C4)cc32)cc1C#N,380.0,6.42021640338319,1,492.57600000000036
COc1ncc(N2CCOc3ccc(O[C@H]4CCN(C(=O)C5CCCCC5)C4)cc32)cc1C#N,522.0,6.282329496997738,1,462.55000000000035
COc1ncc(N2CCOc3ccc(O[C@H]4CCN(C(=O)C5CCCOC5)C4)cc32)cc1C#N,6946.0,5.158265221025257,0,464.52200000000033
COc1ncc(N2CCOc3ccc(O[C@H]4CCN(C(=O)C5CCN(C(C)=O)CC5)C4)cc32)cc1C,1456.0,5.836838625022982,0,494.5920000000004
COc1ncc(N2CCOc3ccc(O[C@H]4CCN(C(=O)C5CCN(C(C)=O)CC5)C4)cc32)cc1C#N,802.0,6.095825631715837,1,505.5750000000004
COc1ncc(N2CCOc3ccc(O[C@H]4CCN(C(=O)C5CCN(C)CC5)C4)cc32)cc1C#N,415.0,6.3819519032879075,1,477.56500000000034
COc1ncc(N2CCOc3ccc(O[C@H]4CCN(C(=O)C5CCNCC5)C4)cc32)cc1C#N,516.0,6.287350298372789,1,463.5380000000003
COc1ncc(N2CCOc3ccc(O[C@H]4CCN(C(=O)C5CCOC5)C4)cc32)cc1C,2393.3333333333335,5.620996810477362,0,439.5120000000003
COc1ncc(N2CCOc3ccc(O[C@H]4CCN(C(=O)C5CCOC5)C4)cc32)cc1C#N,472.5,6.325598187154718,1,450.4950000000003
COc1ncc(N2CCOc3ccc(O[C@H]4CCN(C(=O)C5CCOC5)C4)cc32)cc1F,910.0,6.040958607678906,1,443.47500000000025
COc1ncc(N2CCOc3ccc(O[C@H]4CCN(C(=O)C5CCOCC5)C4)cc32)cc1C,322.0,6.492144128304169,1,453.5390000000003
COc1ncc(N2CCOc3ccc(O[C@H]4CCN(C(=O)C5CCOCC5)C4)cc32)cc1C#N,268.0,6.5718652059712115,1,464.52200000000033
COc1ncc(N2CCOc3ccc(O[C@H]4CCN(C(=O)C5CCOCC5)C4)cc32)cc1C(F)F,88.0,7.055517327849832,1,489.5190000000003
COc1ncc(N2CCOc3ccc(O[C@H]4CCN(C(=O)C5CCOCC5)C4)cc32)cc1F,723.0,6.140861702705469,1,457.5020000000003
COc1ncc(N2CCOc3ccc(O[C@H]4CCN(C(=O)C5CCS(=O)(=O)C5)C4)cc32)cc1C,1254.75,5.901442795645905,0,487.5780000000003
COc1ncc(N2CCOc3ccc(O[C@H]4CCN(C(=O)C5CCS(=O)(=O)C5)C4)cc32)cc1Cl,417.3333333333333,6.379516925845252,1,507.9960000000003
COc1ncc(N2CCOc3ccc(O[C@H]4CCN(C(=O)C5CCS(=O)(=O)C5)C4)cc32)cc1F,433.3333333333333,6.363177902412826,1,491.5410000000003
COc1ncc(N2CCOc3ccc(O[C@H]4CCN(C(=O)C5CCS(=O)(=O)CC5)C4)c(F)c32)cc1C,842.0,6.0746879085003505,1,519.5950000000004
COc1ncc(N2CCOc3ccc(O[C@H]4CCN(C(=O)C5CCS(=O)(=O)CC5)C4)c(F)c32)cc1C(F)F,308.0,6.511449283499556,1,555.5750000000005
COc1ncc(N2CCOc3ccc(O[C@H]4CCN(C(=O)C5CCS(=O)(=O)CC5)C4)cc32)cc1C,525.0,6.279840696594043,1,501.60500000000036
COc1ncc(N2CCOc3ccc(O[C@H]4CCN(C(=O)C5CCS(=O)(=O)CC5)C4)cc32)cc1C#N,503.0,6.298432014944073,1,512.5880000000003
COc1ncc(N2CCOc3ccc(O[C@H]4CCN(C(=O)C5CCS(=O)(=O)CC5)C4)cc32)cc1C(F)(F)F,244.0,6.61261017366127,1,555.5750000000005
COc1ncc(N2CCOc3ccc(O[C@H]4CCN(C(=O)C5CCS(=O)(=O)CC5)C4)cc32)cc1C(F)F,124.0,6.906578314837765,1,537.5850000000004
COc1ncc(N2CCOc3ccc(O[C@H]4CCN(C(=O)C5CCS(=O)(=O)CC5)C4)cc32)cc1Cl,365.0,6.437707135543525,1,522.0230000000004
COc1ncc(N2CCOc3ccc(O[C@H]4CCN(C(=O)C5CCS(=O)(=O)CC5)C4)cc32)cc1F,823.0,6.08460016478773,1,505.5680000000003
COc1ncc(N2CCOc3ccc(O[C@H]4CCN(C(=O)C5CNC(=O)C5)C4)cc32)cc1C#N,488.0,6.311580177997289,1,463.49400000000026
COc1ncc(N2CCOc3ccc(O[C@H]4CCN(C(=O)C5COCCO5)C4)cc32)cc1C#N,517.0,6.286509456906058,1,466.4940000000003
COc1ncc(N2CCOc3ccc(O[C@H]4CCN(C(=O)C5COCCO5)C4)cc32)cc1F,687.6666666666666,6.162622026746511,1,459.4740000000003
COc1ncc(N2CCOc3ccc(O[C@H]4CCN(C(=O)CC#N)C4)cc32)cc1Cl,118.0,6.928117992693875,1,428.8760000000002
COc1ncc(N2CCOc3ccc(O[C@H]4CCN(C(=O)CC#N)C4)cc32)cc1F,304.0,6.517126416391246,1,412.42100000000016
COc1ncc(N2CCOc3ccc(O[C@H]4CCN(C(=O)CC(C)(C)C)C4)cc32)cc1C#N,494.0,6.306273051076353,1,450.53900000000027
COc1ncc(N2CCOc3ccc(O[C@H]4CCN(C(=O)CC(C)C)C4)cc32)cc1C#N,385.0,6.414539270491499,1,436.5120000000002
COc1ncc(N2CCOc3ccc(O[C@H]4CCN(C(=O)CCO)C4)cc32)cc1Cl,239.0,6.621602099051862,1,433.89200000000017
COc1ncc(N2CCOc3ccc(O[C@H]4CCN(C(=O)CCO)C4)cc32)cc1F,2730.0,5.5638373529592435,0,417.4370000000002
COc1ncc(N2CCOc3ccc(O[C@H]4CCN(C(=O)CCS(C)(=O)=O)C4)cc32)cc1Cl,247.0,6.607303046740334,1,495.98500000000024
COc1ncc(N2CCOc3ccc(O[C@H]4CCN(C(=O)CCS(C)(=O)=O)C4)cc32)cc1F,380.0,6.42021640338319,1,479.53000000000026
COc1ncc(N2CCOc3ccc(O[C@H]4CCN(C(=O)CN(C)C)C4)cc32)cc1C#N,650.0,6.187086643357144,1,437.5000000000002
COc1ncc(N2CCOc3ccc(O[C@H]4CCN(C(=O)CN5CCOCC5)C4)cc32)cc1C#N,234.0,6.6307841425898575,1,479.5370000000004
COc1ncc(N2CCOc3ccc(O[C@H]4CCN(C(=O)CS(C)(=O)=O)C4)cc32)cc1C#N,353.0,6.452225294612178,1,472.52300000000025
COc1ncc(N2CCOc3ccc(O[C@H]4CCN(C(=O)CS(C)(=O)=O)C4)cc32)cc1Cl,148.0,6.8297382846050425,1,481.9580000000002
COc1ncc(N2CCOc3ccc(O[C@H]4CCN(C(=O)CS(C)(=O)=O)C4)cc32)cc1F,685.0,6.164309428507575,1,465.5030000000002
COc1ncc(N2CCOc3ccc(O[C@H]4CCN(C(=O)Cc5ccncc5)C4)cc32)cc1C#N,612.0,6.213248577854439,1,471.5170000000002
COc1ncc(N2CCOc3ccc(O[C@H]4CCN(C(=O)Cc5cn(C)cn5)C4)cc32)cc1C#N,298.0,6.525783735923745,1,474.52100000000024
COc1ncc(N2CCOc3ccc(O[C@H]4CCN(C(=O)N5CCOCC5)C4)cc32)cc1C#N,273.0,6.5638373529592435,1,465.51000000000033
COc1ncc(N2CCOc3ccc(O[C@H]4CCN(C(=O)[C@@H]5CCN(C(C)=O)C5)C4)cc32)cc1C,425.0,6.371611069949688,1,480.56500000000034
COc1ncc(N2CCOc3ccc(O[C@H]4CCN(C(=O)[C@@H]5CCN(C(C)=O)C5)C4)cc32)cc1C#N,393.0,6.405607449624573,1,491.54800000000034
COc1ncc(N2CCOc3ccc(O[C@H]4CCN(C(=O)[C@@H]5CCN(C)C5)C4)cc32)cc1C#N,538.0,6.269217724333611,1,463.5380000000003
COc1ncc(N2CCOc3ccc(O[C@H]4CCN(C(=O)[C@@H]5CCNC5)C4)cc32)cc1C#N,704.0,6.152427340857888,1,449.51100000000025
COc1ncc(N2CCOc3ccc(O[C@H]4CCN(C(=O)[C@H]5CCN(C(C)=O)C5)C4)cc32)cc1C#N,998.0,6.000869458712629,1,491.54800000000034
COc1ncc(N2CCOc3ccc(O[C@H]4CCN(C(=O)[C@H]5CCNC5)C4)cc32)cc1C#N,987.0,6.005682847330363,1,449.51100000000025
COc1ncc(N2CCOc3ccc(O[C@H]4CCN(C(=O)[C@H]5CCS(=O)(=O)C5)C4)cc32)cc1C,1647.5,5.783174576733953,0,487.5780000000003
COc1ncc(N2CCOc3ccc(O[C@H]4CCN(C(=O)[C@H]5CC[C@@H](O)CC5)C4)cc32)cc1F,498.0,6.302770657240282,1,471.5290000000003
COc1ncc(N2CCOc3ccc(O[C@H]4CCN(C(=O)[C@H]5CC[C@H](O)CC5)C4)cc32)cc1C#N,602.0,6.220403508742176,1,478.5490000000003
COc1ncc(N2CCOc3ccc(O[C@H]4CCN(C(=O)[C@H]5CC[C@H](O)CC5)C4)cc32)cc1F,1212.0,5.916497380169733,0,471.5290000000003
COc1ncc(N2CCOc3ccc(O[C@H]4CCN(C(=O)c5cc[nH]c(=O)c5)C4)cc32)cc1C,353.0,6.452225294612178,1,462.5060000000002
COc1ncc(N2CCOc3ccc(O[C@H]4CCN(C(=O)c5cc[nH]c(=O)c5)C4)cc32)cc1C#N,519.0,6.284832642151542,1,473.4890000000002
COc1ncc(N2CCOc3ccc(O[C@H]4CCN(C(=O)c5ccc(=O)[nH]c5)C4)cc32)cc1C,346.0,6.460923901207224,1,462.5060000000002
COc1ncc(N2CCOc3ccc(O[C@H]4CCN(C(=O)c5ccc(=O)[nH]c5)C4)cc32)cc1C#N,206.0,6.686132779630847,1,473.4890000000002
COc1ncc(N2CCOc3ccc(O[C@H]4CCN(C(=O)c5ccc(=O)n(C)c5)C4)cc32)cc1C,438.0,6.3585258894959,1,476.53300000000024
COc1ncc(N2CCOc3ccc(O[C@H]4CCN(C(=O)c5ccc(=O)n(C)c5)C4)cc32)cc1C#N,705.0,6.151810883008602,1,487.51600000000025
COc1ncc(N2CCOc3ccc(O[C@H]4CCN(C(=O)c5cccnc5)C4)cc32)cc1C#N,478.0,6.320572103387881,1,457.4900000000002
COc1ncc(N2CCOc3ccc(O[C@H]4CCN(C(=O)c5ccn(C)c(=O)c5)C4)cc32)cc1C#N,273.0,6.5638373529592435,1,487.51600000000025
COc1ncc(N2CCOc3ccc(O[C@H]4CCN(C(=O)c5ccn(C)n5)C4)cc32)cc1C,666.0,6.176525770829699,1,449.5110000000002
COc1ncc(N2CCOc3ccc(O[C@H]4CCN(C(=O)c5ccncc5)C4)cc32)cc1C#N,358.0,6.446116973356125,1,457.4900000000002
COc1ncc(N2CCOc3ccc(O[C@H]4CCN(C(=O)c5ccnn5C)C4)cc32)cc1C#N,374.0,6.42712839779952,1,460.4940000000002
COc1ncc(N2CCOc3ccc(O[C@H]4CCN(C(=O)c5ccno5)C4)cc32)cc1C#N,185.0,6.732828271596986,1,447.4510000000002
COc1ncc(N2CCOc3ccc(O[C@H]4CCN(C(=O)c5cn(C)cn5)C4)cc32)cc1C,133.0,6.876148359032914,1,449.5110000000002
COc1ncc(N2CCOc3ccc(O[C@H]4CCN(C(=O)c5cn(C)cn5)C4)cc32)cc1C#N,320.0,6.494850021680094,1,460.4940000000002
COc1ncc(N2CCOc3ccc(O[C@H]4CCN(C(=O)c5cn(C)cn5)C4)cc32)cc1F,209.0,6.679853713888946,1,453.47400000000016
COc1ncc(N2CCOc3ccc(O[C@H]4CCN(C(=O)c5cn(C)cn5)C4)cc32)cc1N,1876.0,5.726767165956955,0,450.4990000000002
COc1ncc(N2CCOc3ccc(O[C@H]4CCN(C(=O)c5cn(C)cn5)C4)cc32)cc1NS(C)(=O)=O,192.0,6.716698771296451,1,528.5910000000002
COc1ncc(N2CCOc3ccc(O[C@H]4CCN(C(=O)c5cn(C)nc5C)C4)cc32)cc1C#N,425.0,6.371611069949688,1,474.52100000000024
COc1ncc(N2CCOc3ccc(O[C@H]4CCN(C(=O)c5cn[nH]c5)C4)cc32)cc1C#N,147.0,6.8326826652518236,1,446.46700000000016
COc1ncc(N2CCOc3ccc(O[C@H]4CCN(C(=O)c5cnccn5)C4)cc32)cc1C#N,383.0,6.416801226031377,1,458.4780000000002
COc1ncc(N2CCOc3ccc(O[C@H]4CCN(C(=O)c5cncn5C)C4)cc32)cc1C,234.0,6.6307841425898575,1,449.5110000000002
COc1ncc(N2CCOc3ccc(O[C@H]4CCN(C(=O)c5cncn5C)C4)cc32)cc1C#N,135.0,6.8696662315049934,1,460.4940000000002
COc1ncc(N2CCOc3ccc(O[C@H]4CCN(C(=O)c5cncnc5)C4)cc32)cc1C#N,667.0,6.175874166083451,1,458.4780000000002
COc1ncc(N2CCOc3ccc(O[C@H]4CCN(C(=O)c5cncnc5)C4)cc32)cc1F,1374.0,5.862013267276469,0,451.45800000000014
COc1ncc(N2CCOc3ccc(O[C@H]4CCN(C(=O)c5cnco5)C4)cc32)cc1C#N,94.0,7.026872146400302,1,447.4510000000002
COc1ncc(N2CCOc3ccc(O[C@H]4CCN(C(=O)c5cnco5)C4)cc32)cc1Cl,94.0,7.026872146400302,1,456.8860000000002
COc1ncc(N2CCOc3ccc(O[C@H]4CCN(C(=O)c5cnco5)C4)cc32)cc1F,241.0,6.617982957425132,1,440.43100000000015
COc1ncc(N2CCOc3ccc(O[C@H]4CCN(C(=O)c5cncs5)C4)cc32)cc1C#N,250.0,6.6020599913279625,1,463.5190000000002
COc1ncc(N2CCOc3ccc(O[C@H]4CCN(C(=O)c5cnn(C)c5)C4)cc32)cc1C,339.0,6.4698003017969175,1,449.5110000000002
COc1ncc(N2CCOc3ccc(O[C@H]4CCN(C(=O)c5cnn(C)c5)C4)cc32)cc1C#N,1574.0,5.802995271976954,0,460.4940000000002
COc1ncc(N2CCOc3ccc(O[C@H]4CCN(C(=O)c5cnn6cccnc56)C4)cc32)cc1C#N,202.0,6.694648630553377,1,497.5150000000002
COc1ncc(N2CCOc3ccc(O[C@H]4CCN(C(=O)c5cnon5)C4)cc32)cc1C#N,9100.0,5.040958607678906,0,448.4390000000002
COc1ncc(N2CCOc3ccc(O[C@H]4CCN(C(=O)c5cocn5)C4)cc32)cc1C#N,281.0,6.55129368009492,1,447.4510000000002
COc1ncc(N2CCOc3ccc(O[C@H]4CCN(C(=O)c5cocn5)C4)cc32)cc1F,567.0,6.246416941107094,1,440.43100000000015
COc1ncc(N2CCOc3ccc(O[C@H]4CCN(C(=O)c5nnc(C)o5)C4)cc32)cc1C#N,303.0,6.518557371497695,1,462.46600000000024
COc1ncc(N2CCOc3ccc(O[C@H]4CCN(C(=O)c5oc(C)nc5C)C4)cc32)cc1C#N,193.0,6.714442690992226,1,475.5050000000003
COc1ncc(N2CCOc3ccc(O[C@H]4CCN(C(=O)c5ocnc5C)C4)cc32)cc1C#N,117.0,6.931814138253839,1,461.47800000000024
COc1ncc(N2CCOc3ccc(O[C@H]4CCN(CC5CCN(C)CC5)C4)cc32)cc1C#N,954.0,6.020451625295905,1,463.58200000000033
COc1ncc(N2CCOc3ccc(O[C@H]4CON(C(=O)C5CCOCC5)C4)cc32)cc1C#N,1018.0,5.99225222199926,0,466.49400000000037
COc1ncc(N2CCOc3ccc(O[C@H]4CON(C(=O)c5cn(C)cn5)C4)cc32)cc1C#N,1236.0,5.907981529247203,0,462.46600000000024
COc1ncc(N2CCOc3cnc(OC4CCN(C(=O)C5CCS(=O)(=O)CC5)C4)cc32)cc1C,440.0,6.356547323513812,1,502.59300000000036
COc1ncc(N2CCOc3cnc(OC4CCN(C(=O)OC(C)(C)C)C4)cc32)cc1C(F)(F)F,49.0,7.309803919971486,1,496.4860000000002
COc1ncc(N2CCOc3cnc(O[C@@H]4CCN(C(=O)C5CCS(=O)(=O)CC5)C4)cc32)cc1C,1195.0,5.922632094715843,0,502.59300000000036
COc1ncc(N2CCOc3cnc(O[C@H]4CCN(C(=O)C5CCOCC5)C4)cc32)cc1C,494.0,6.306273051076353,1,454.5270000000003
COc1ncc(N2CCOc3cnc(O[C@H]4CCN(C(=O)C5CCOCC5)C4)cc32)cc1C#N,577.0,6.238824186844268,1,465.51000000000033
COc1ncc(N2CCOc3cnc(O[C@H]4CCN(C(=O)C5CCOCC5)C4)cc32)cc1C(F)F,38.0,7.42021640338319,1,490.5070000000003
COc1ncc(N2CCOc3cnc(O[C@H]4CCN(C(=O)C5CCS(=O)(=O)CC5)C4)cc32)cc1C,109.0,6.962573502059376,1,502.59300000000036
COc1ncc(N2CCOc3cnc(O[C@H]4CCN(C(=O)C5CCS(=O)(=O)CC5)C4)cc32)cc1C#N,704.0,6.152427340857888,1,513.5760000000004
COc1ncc(N2CCOc3cnc(O[C@H]4CCN(C(=O)C5CCS(=O)(=O)CC5)C4)cc32)cc1C(F)(F)F,341.0,6.467245621007502,1,556.5630000000004
COc1ncc(N2CCOc3cnc(O[C@H]4CCN(C(=O)C5CCS(=O)(=O)CC5)C4)cc32)cc1C(F)F,71.0,7.1487416512809245,1,538.5730000000004
COc1ncc(N2CCOc3cnc(O[C@H]4CCN(C(=O)C5CCS(=O)(=O)CC5)C4)cc32)cc1F,725.0,6.139661993429006,1,506.5560000000003
COc1ncc(N2CCOc3cnc(O[C@H]4CCN(C(=O)OC(C)(C)C)C4)cc32)cc1C,103.5,6.985059650207063,1,442.51600000000025
COc1ncc(N2CCOc3cnc(O[C@H]4CCN(C(=O)c5cn(C)cn5)C4)cc32)cc1C,98.0,7.008773924307505,1,450.4990000000002
COc1ncc(N2CCOc3cnc(O[C@H]4CCN(C(=O)c5cn(C)cn5)C4)cc32)cc1C#N,444.0,6.35261702988538,1,461.4820000000002
COc1ncc(N2CCOc3cnc(O[C@H]4CCN(C(=O)c5cn(C)cn5)C4)cc32)cc1C(F)(F)F,133.0,6.876148359032914,1,504.46900000000016
COc1ncc(N2CCOc3cnc(O[C@H]4CCN(C(=O)c5cn(C)cn5)C4)cc32)cc1C(F)F,39.0,7.4089353929735005,1,486.47900000000016
COc1ncc(N2CCOc3cnc(O[C@H]4CCN(C(=O)c5cn(C)cn5)C4)cc32)cc1F,337.0,6.4723700991286615,1,454.46200000000016
COc1ncc(N2CCOc3cnc(O[C@H]4CCN(C(=O)c5cn6ccsc6n5)C4)cc32)cc1C(F)(F)F,49.0,7.309803919971486,1,546.5310000000003
COc1ncc(N2CCOc3cnc(O[C@H]4CCN(C(=O)c5ncn(C)c5N)C4)cc32)cc1C(F)(F)F,372.0,6.429457060118103,1,519.4840000000003
COc1ncc(N2CCc3ncnc(-c4ccc(NCC5CCOCC5)nc4)c3C2)cc1C,6100.0,5.214670164989233,0,446.5550000000004
COc1ncc(N2CCc3ncnc(-c4ccnc(NC5CCN(C)CC5)c4)c3C2)cc1C,10000.0,5.0,0,445.5710000000003
COc1ncc(N2CCc3ncnc(-c4ccnc(NC5CCN(S(C)(=O)=O)CC5)c4)c3C2)cc1C,1400.0,5.853871964321762,0,509.63600000000037
COc1ncc(N2CCc3ncnc(-c4ccnc(NC5CCNCC5)c4)c3C2)cc1C,10000.0,5.0,0,431.54400000000027
COc1ncc(N2CCc3ncnc(-c4ccnc(NC5CCOCC5)c4)c3C2)cc1C,5800.0,5.236572006437063,0,432.5280000000003
COc1ncc(N2CCc3ncnc(-c4ccnc(NCC5CCOCC5)c4)c3C2)cc1C,7500.0,5.1249387366083,0,446.55500000000035
COc1ncc(N2CCc3ncnc(-c4ccnc(N[C@H]5CC[C@H](O)CC5)c4)c3C2)cc1C,7300.0,5.136677139879544,0,446.5550000000003
COc1ncc(N2CCc3ncnc(-c4cnn(C5CCOCC5)c4)c3C2)cc1C,2600.0,5.585026652029182,0,406.49000000000035
COc1ncc(N2CCc3ncnc(-c4cnn(CC5CCOCC5)c4)c3C2)cc1C,4900.0,5.309803919971486,0,420.51700000000034
COc1ncc(N2CCc3ncnc(N[C@H]4CCN(C(=O)C5CCN(C(C)=O)CC5)C4)c3C2)cc1C(F)(F)F,121.0,6.91721462968355,1,547.5820000000006
COc1ncc(N2CCc3ncnc(N[C@H]4CCN(C(=O)C5CCOC(C)(C)C5)C4)c3C2)cc1C,430.0,6.366531544420414,1,480.61300000000045
COc1ncc(N2CCc3ncnc(N[C@H]4CCN(C(=O)C5CCOC(C)(C)C5)C4)c3C2)cc1C(F)(F)F,57.0,7.2441251443275085,1,534.5830000000005
COc1ncc(N2CCc3ncnc(N[C@H]4CCN(C(=O)C5CCOCC5)C4)c3C2)cc1C,2331.6666666666665,5.632333535891816,0,452.5590000000004
COc1ncc(N2CCc3ncnc(N[C@H]4CCN(C(=O)C5CCOCC5)C4)c3C2)cc1C#N,56.0,7.251811972993799,1,463.5420000000004
COc1ncc(N2CCc3ncnc(N[C@H]4CCN(C(=O)C5CCOCC5)C4)c3C2)cc1C(F)(F)F,745.6666666666666,6.127455270623033,1,506.5290000000004
COc1ncc(N2CCc3ncnc(N[C@H]4CCN(C(=O)C5CCOCC5)C4)c3C2)cc1Cl,66.0,7.180456064458132,1,472.97700000000043
COc1ncc(N2CCc3ncnc(N[C@H]4CCN(C(=O)[C@H]5CC[C@@H](O)CC5)C4)c3C2)cc1C(F)(F)F,118.0,6.928117992693875,1,520.5560000000004
COc1ncc(N2CCc3ncnc(N[C@H]4CCN(C(=O)[C@H]5CC[C@@H](OC)CC5)C4)c3C2)cc1C(F)(F)F,54.0,7.267606240177032,1,534.5830000000005
COc1ncc(N2CCc3ncnc(N[C@H]4CCN(C(=O)[C@H]5CC[C@H](O)CC5)C4)c3C2)cc1C(F)(F)F,106.0,6.97469413473523,1,520.5560000000004
COc1ncc(N2CCc3ncnc(N[C@H]4CCN(C(=O)[C@H]5CC[C@H](OC)CC5)C4)c3C2)cc1C(F)(F)F,113.0,6.94692155651658,1,534.5830000000005
COc1ncc(N2CCc3ncnc(N[C@H]4CCN(C(=O)c5cn(C)cn5)C4)c3C2)cc1C,1290.0,5.889410289700751,0,448.5310000000003
COc1ncc(N2CCc3ncnc(N[C@H]4CCN(C(=O)c5cnco5)C4)c3C2)cc1C,384.0,6.4156687756324695,1,435.4880000000003
COc1ncc(N2CCc3ncnc(N[C@H]4CCN(C(=O)c5cnco5)C4)c3C2)cc1C(F)(F)F,93.0,7.031517051446065,1,489.45800000000025
COc1ncc(N2CCc3ncnc(N[C@H]4CCN(C(=O)c5cocn5)C4)c3C2)cc1C,781.0,6.1073489661227,1,435.4880000000003
COc1ncc(N2CCc3ncnc(OC4CN(C(=O)C5CCOCC5)C4)c3C2)cc1C(F)(F)F,3060.0,5.51427857351842,0,493.4860000000004
COc1ncc(N2CCc3ncnc(O[C@H]4CCN(C(=O)C5CC(OC)C5)C4)c3C2)cc1C,1631.0,5.787546038959724,0,453.54300000000035
COc1ncc(N2CCc3ncnc(O[C@H]4CCN(C(=O)C5CCC(=O)N5)C4)c3C2)cc1C(F)(F)F,803.0,6.095284454721319,1,506.4850000000003
COc1ncc(N2CCc3ncnc(O[C@H]4CCN(C(=O)C5CCCC5)C4)c3C2)cc1C#N,2906.0,5.536704390037997,0,448.5270000000004
COc1ncc(N2CCc3ncnc(O[C@H]4CCN(C(=O)C5CCN(C(C)=O)CC5)C4)c3C2)cc1C,7678.0,5.114751892218614,0,494.59600000000046
COc1ncc(N2CCc3ncnc(O[C@H]4CCN(C(=O)C5CCN(C(C)=O)CC5)C4)c3C2)cc1C(F)(F)F,2545.0,5.594312213327222,0,548.5660000000005
COc1ncc(N2CCc3ncnc(O[C@H]4CCN(C(=O)C5CCOC(C)(C)C5)C4)c3C2)cc1C,3306.0,5.480697150764572,0,481.59700000000043
COc1ncc(N2CCc3ncnc(O[C@H]4CCN(C(=O)C5CCOC(C)(C)C5)C4)c3C2)cc1C#N,2585.0,5.587539452570039,0,492.58000000000044
COc1ncc(N2CCc3ncnc(O[C@H]4CCN(C(=O)C5CCOCC5)C4)c3C2)c(OC)n1,3391.0,5.469672210221914,0,470.5300000000004
COc1ncc(N2CCc3ncnc(O[C@H]4CCN(C(=O)C5CCOCC5)C4)c3C2)cc1C,2908.7599999999998,5.5362921106455305,0,453.5430000000004
COc1ncc(N2CCc3ncnc(O[C@H]4CCN(C(=O)C5CCOCC5)C4)c3C2)cc1C#N,2386.0,5.622329560665677,0,464.5260000000004
COc1ncc(N2CCc3ncnc(O[C@H]4CCN(C(=O)C5CCOCC5)C4)c3C2)cc1C(F)(F)F,1576.3333333333333,5.802351940704236,0,507.5130000000004
COc1ncc(N2CCc3ncnc(O[C@H]4CCN(C(=O)C5CCOCC5)C4)c3C2)cc1Cl,860.0,6.0655015487564325,1,473.96100000000035
COc1ncc(N2CCc3ncnc(O[C@H]4CCN(C(=O)C5CCOCC5)C4)c3C2)cc1F,1973.0,5.704872914747809,0,457.50600000000037
COc1ncc(N2CCc3ncnc(O[C@H]4CCN(C(=O)C5CCOCC5)C4)c3C2)cn1,9100.0,5.040958607678906,0,440.50400000000036
COc1ncc(N2CCc3ncnc(O[C@H]4CCN(C(=O)C5CCS(=O)(=O)CC5)C4)c3C2)cc1C(F)(F)F,434.0,6.36251027048749,1,555.5790000000005
COc1ncc(N2CCc3ncnc(O[C@H]4CCN(C(=O)C5CNC(=O)C5)C4)c3C2)cc1C(F)(F)F,728.0,6.137868620686962,1,506.4850000000003
COc1ncc(N2CCc3ncnc(O[C@H]4CCN(C(=O)CC(C)(C)C)C4)c3C2)cc1C(F)(F)F,489.0,6.31069114087638,1,493.5300000000003
COc1ncc(N2CCc3ncnc(O[C@H]4CCN(C(=O)CC5CCOCC5)C4)c3C2)cc1C#N,3410.0,5.467245621007502,0,478.55300000000045
COc1ncc(N2CCc3ncnc(O[C@H]4CCN(C(=O)N(C)CCO)C4)c3C2)cc1C(F)(F)F,1336.0,5.874193541860473,0,496.4900000000003
COc1ncc(N2CCc3ncnc(O[C@H]4CCN(C(=O)N5CCC(O)CC5)C4)c3C2)cc1C(F)(F)F,452.0,6.3448615651886175,1,522.5280000000004
COc1ncc(N2CCc3ncnc(O[C@H]4CCN(C(=O)N5CCN(C(C)=O)CC5)C4)c3C2)cc1C(F)(F)F,1189.0,5.924818145381308,0,549.5540000000005
COc1ncc(N2CCc3ncnc(O[C@H]4CCN(C(=O)N5CCN(C)CC5)C4)c3C2)cc1C(F)(F)F,569.0,6.244887733604929,1,521.5440000000004
COc1ncc(N2CCc3ncnc(O[C@H]4CCN(C(=O)N5CCOCC5)C4)c3C2)cc1C(F)(F)F,1330.0,5.876148359032914,0,508.5010000000004
COc1ncc(N2CCc3ncnc(O[C@H]4CCN(C(=O)c5ccc(=O)[nH]c5)C4)c3C2)cc1C,3056.0,5.514846650096348,0,462.5100000000003
COc1ncc(N2CCc3ncnc(O[C@H]4CCN(C(=O)c5cccnc5)C4)c3C2)cc1C(F)(F)F,1189.0,5.924818145381308,0,500.4810000000002
COc1ncc(N2CCc3ncnc(O[C@H]4CCN(C(=O)c5ccncc5)C4)c3C2)cc1C(F)(F)F,656.0,6.1830961606243395,1,500.4810000000002
COc1ncc(N2CCc3ncnc(O[C@H]4CCN(C(=O)c5ccnn5C)C4)c3C2)cc1C(F)(F)F,863.0,6.06398920428479,1,503.48500000000024
COc1ncc(N2CCc3ncnc(O[C@H]4CCN(C(=O)c5ccno5)C4)c3C2)cc1C,1648.0,5.783042792638903,0,436.47200000000026
COc1ncc(N2CCc3ncnc(O[C@H]4CCN(C(=O)c5ccoc5)C4)c3C2)cc1C,1199.0,5.921180816901152,0,435.48400000000026
COc1ncc(N2CCc3ncnc(O[C@H]4CCN(C(=O)c5ccon5)C4)c3C2)cc1C,1967.0,5.706195640080663,0,436.47200000000026
COc1ncc(N2CCc3ncnc(O[C@H]4CCN(C(=O)c5cn(C)cn5)C4)c3C2)cc1C,1839.0,5.735418270761922,0,449.51500000000027
COc1ncc(N2CCc3ncnc(O[C@H]4CCN(C(=O)c5cn(C)cn5)C4)c3C2)cc1C(F)(F)F,504.0,6.297569463554475,1,503.48500000000024
COc1ncc(N2CCc3ncnc(O[C@H]4CCN(C(=O)c5cn(C)nc5C)C4)c3C2)cc1C(F)(F)F,518.0,6.285670240254767,1,517.5120000000003
COc1ncc(N2CCc3ncnc(O[C@H]4CCN(C(=O)c5cn[nH]c5)C4)c3C2)cc1C(F)(F)F,388.0,6.411168274405792,1,489.4580000000002
COc1ncc(N2CCc3ncnc(O[C@H]4CCN(C(=O)c5cnc[nH]5)C4)c3C2)cc1C(F)(F)F,860.0,6.0655015487564325,1,489.4580000000002
COc1ncc(N2CCc3ncnc(O[C@H]4CCN(C(=O)c5cnccn5)C4)c3C2)cc1C(F)(F)F,1024.0,5.989700043360188,0,501.4690000000002
COc1ncc(N2CCc3ncnc(O[C@H]4CCN(C(=O)c5cncn5C)C4)c3C2)cc1C,1802.0,5.7442452133569555,0,449.51500000000027
COc1ncc(N2CCc3ncnc(O[C@H]4CCN(C(=O)c5cncn5C)C4)c3C2)cc1C(F)(F)F,872.0,6.059483515067432,1,503.48500000000024
COc1ncc(N2CCc3ncnc(O[C@H]4CCN(C(=O)c5cnco5)C4)c3C2)cc1C,952.0,6.021363051615525,1,436.47200000000026
COc1ncc(N2CCc3ncnc(O[C@H]4CCN(C(=O)c5cnco5)C4)c3C2)cc1C(F)(F)F,1714.0,5.76598918241282,0,490.44200000000023
COc1ncc(N2CCc3ncnc(O[C@H]4CCN(C(=O)c5cncs5)C4)c3C2)cc1C(F)(F)F,515.0,6.288192770958809,1,506.5100000000002
COc1ncc(N2CCc3ncnc(O[C@H]4CCN(C(=O)c5cnn(C)c5)C4)c3C2)cc1C(F)(F)F,384.0,6.4156687756324695,1,503.48500000000024
COc1ncc(N2CCc3ncnc(O[C@H]4CCN(C(=O)c5cnoc5C)C4)c3C2)cc1C,3024.0,5.519418213170831,0,450.4990000000003
COc1ncc(N2CCc3ncnc(O[C@H]4CCN(C(=O)c5coc(C)n5)C4)c3C2)cc1C,1832.0,5.737074530668169,0,450.4990000000003
COc1ncc(N2CCc3ncnc(O[C@H]4CCN(C(=O)c5cocn5)C4)c3C2)cc1C,1684.0,5.773657912836369,0,436.47200000000026
COc1ncc(N2CCc3ncnc(O[C@H]4CCN(C(=O)c5cocn5)C4)c3C2)cc1C(F)(F)F,924.0,6.0343280287798935,1,490.44200000000023
COc1ncc(N2CCc3ncnc(O[C@H]4CCN(C(=O)c5conc5C)C4)c3C2)cc1C,2036.0,5.691222226335279,0,450.4990000000003
COc1ncc(N2CCc3ncnc(O[C@H]4CCN(C(=O)c5cscn5)C4)c3C2)cc1C(F)(F)F,661.0,6.179798540514359,1,506.5100000000002
COc1ncc(N2CCc3ncnc(O[C@H]4CCN(C(=O)c5ncoc5C)C4)c3C2)cc1C,2831.0,5.548060130634897,0,450.4990000000003
COc1ncc(N2CCc3ncnc(O[C@H]4CCN(C(=O)c5nnc(C)o5)C4)c3C2)cc1C(F)(F)F,912.0,6.0400051616715835,1,505.4570000000003
COc1ncc(N2CCc3ncnc(O[C@H]4CCN(C(=O)c5oc(C)nc5C)C4)c3C2)cc1C,668.0,6.175223537524454,1,464.52600000000035
COc1ncc(N2CCc3ncnc(O[C@H]4CCN(C(=O)c5oc(C)nc5C)C4)c3C2)cc1C#N,1214.0,5.915781313260761,0,475.50900000000036
COc1ncc(N2CCc3ncnc(O[C@H]4CCN(C(=O)c5oc(C)nc5C)C4)c3C2)cc1C(F)(F)F,260.0,6.585026652029182,1,518.4960000000003
COc1ncc(N2CCc3ncnc(O[C@H]4CCN(C(=O)c5ocnc5C)C4)c3C2)cc1C,871.0,6.059981844992337,1,450.4990000000003
COc1ncc(N2CCc3ncnc(O[C@H]4CCN(c5ccccn5)C4)c3C2)cc1C(F)(F)F,738.0,6.131943638176958,1,472.4710000000002
COc1ncc(N2CCc3ncnc(O[C@H]4CCN(c5ncccn5)C4)c3C2)cc1C(F)(F)F,1280.0,5.892790030352131,0,473.4590000000002
COc1ncc(N2C[C@H](C)Oc3ccc(O[C@H]4CCN(C(=O)C5CCOCC5)C4)cc32)cc1C#N,5692.0,5.244735108587753,0,478.5490000000004
COc1ncc(N2c3cc(O[C@H]4CCN(C(=O)C5CCOCC5)C4)ccc3OCC2C)cc1C#N,4884.5,5.311179886060801,0,478.5490000000004
COc1ncc(Nc2nc3ccc(C(C)(C)O)cn3c2-c2nc(C)nc(N)n2)cc1F,7.75,8.11069829749369,1,424.44000000000017
COc1ncc(Nc2nc3ccc(N4CCN(C(=O)N(C)C)CC4)cn3c2-c2nc(C)nc(N)n2)cc1F,20.0,7.698970004336019,1,521.5610000000004
COc1ncc(Nc2nc3ccc(N4CCN(C(C)C)CC4)cn3c2-c2nc(C)nc(N)n2)cc1F,294.0,6.531652669587842,1,492.5630000000003
COc1ncc(Nc2nc3ccc(N4CCNCC4)cn3c2-c2nc(C)nc(N)n2)cc1F,41.0,7.3872161432802645,1,450.4820000000002
COc1ncc(Nc2nc3ccccn3c2-c2nc(C)nc(N)n2)cc1F,86.0,7.0655015487564325,1,366.3600000000001
COc1ncc2cc1NS(=O)(=O)CCN(C)Cc1ccc3c(c1)N2CCO3,2511.89,5.59999938302362,0,390.46500000000015
COc1ncc2cc1NS(=O)(=O)c1cc(c(F)cc1F)C(=O)NCc1cccc(c1)-c1ccnc3ccc-2cc13,2.0,8.698970004336019,1,558.5660000000001
COc1ncc2cc1NS(=O)(=O)c1cc(c(F)cc1F)C(=O)NCc1cncc(c1)-c1ccnc3ccc-2cc13,0.8,9.096910013008056,1,559.5540000000002
COc1ncc2cc1NS(=O)(=O)c1cc(c(F)cc1F)C(=O)NCc1cncc(c1)-c1ccnc3ccc-2nc13,4.6,8.337242168318426,1,560.5420000000001
COc1ncc2cc1NS(=O)(=O)c1ccc(Cl)c(c1)C(=O)NCc1ccc(s1)-c1ncnc3cc-2sc13,6.28,8.202040356262804,1,570.0770000000002
COc1ncc2cc1NS(=O)(=O)c1ccc(F)c(c1)C(=O)NCc1ccc(s1)-c1ncnc3c(C)c-2sc13,0.13,9.886056647693163,1,567.6490000000002
COc1ncc2cc1NS(=O)(=O)c1ccc(F)c(c1)C(=O)NCc1ccc(s1)-c1ncnc3cc-2sc13,6.34,8.197910742118268,1,553.6220000000002
COc1ncc2cc1NS(=O)(=O)c1cccc(c1)C(=O)N1CCc3ccc(cc3C1)-c1ccnc3ccc-2cc13,3.8,8.42021640338319,1,548.6240000000003
COc1ncc2cc1NS(=O)(=O)c1cccc(c1)C(=O)NCC1CCN(CC1)c1ccnc3ccc-2cc13,2.9,8.537602002101044,1,529.6220000000003
COc1ncc2cc1NS(=O)(=O)c1cccc(c1)C(=O)NCC1CCN(CC1)c1ncnc3ccc-2cc13,3.7,8.431798275933005,1,530.6100000000004
COc1ncc2cc1NS(=O)(=O)c1cccc(c1)C(=O)NCCn1cc(cn1)-c1ccnc3ccc-2cc13,23.2,7.634512015109101,1,526.5780000000002
COc1ncc2cc1NS(=O)(=O)c1cccc(c1)C(=O)NCCn1cc(cn1)-c1cnc3ccc-2cn13,20.4,7.690369832574102,1,515.5550000000002
COc1ncc2cc1NS(=O)(=O)c1cccc(c1)C(=O)NCCn1cc(cn1)-c1cnc3ccc-2nn13,2.1,8.67778070526608,1,516.5430000000002
COc1ncc2cc1NS(=O)(=O)c1cccc(c1)C(=O)NCCn1cc(cn1)-c1cnn3ccc-2nc13,7.7,8.113509274827518,1,516.5430000000002
COc1ncc2cc1NS(=O)(=O)c1cccc(c1)C(=O)NCCn1cc(cn1)-c1ncnc3c(C)c-2sc13,0.43,9.366531544420413,1,547.6220000000002
COc1ncc2cc1NS(=O)(=O)c1cccc(c1)C(=O)NCCn1cc(cn1)-c1ncnc3cc-2sc13,58.3,7.2343314452409855,1,533.5950000000001
COc1ncc2cc1NS(=O)(=O)c1cccc(c1)C(=O)NCCn1cc(cn1)-c1ncnc3ccc-2cc13,5.0,8.301029995663981,1,527.5660000000003
COc1ncc2cc1NS(=O)(=O)c1cccc(c1)C(=O)NC[C@@H]1CCN(C1)c1ncnc3c(C)c-2sc13,3.08,8.511449283499555,1,536.6390000000002
COc1ncc2cc1NS(=O)(=O)c1cccc(c1)C(=O)NC[C@@H]1CN(CCO1)c1ncnc3c(C)c-2sc13,0.66,9.18045606445813,1,552.6380000000003
COc1ncc2cc1NS(=O)(=O)c1cccc(c1)C(=O)NC[C@H]1CCN(C1)c1ncnc3c(C)c-2sc13,3.15,8.5016894462104,1,536.6390000000002
COc1ncc2cc1NS(=O)(=O)c1cccc(c1)C(=O)NCc1cc(ccn1)-c1ccnc3ccc-2cc13,8.8,8.05551732784983,1,523.5740000000002
COc1ncc2cc1NS(=O)(=O)c1cccc(c1)C(=O)NCc1cc(ccn1)-c1ncnc3cc-2sc13,50.2,7.29929628285498,1,530.5910000000001
COc1ncc2cc1NS(=O)(=O)c1cccc(c1)C(=O)NCc1cc(cs1)-c1ncnc3cc-2sc13,13.71,7.862962545210487,1,535.6320000000002
COc1ncc2cc1NS(=O)(=O)c1cccc(c1)C(=O)NCc1ccc(F)c(c1)-c1ccnc3ccc-2cc13,13.4,7.872895201635193,1,540.5760000000001
COc1ncc2cc1NS(=O)(=O)c1cccc(c1)C(=O)NCc1ccc(o1)-c1ncnc3cc-2sc13,389.73,6.409236162508598,1,519.5640000000002
COc1ncc2cc1NS(=O)(=O)c1cccc(c1)C(=O)NCc1ccc(s1)-c1ncnc3c(C)c-2sc13,0.23,9.638272163982407,1,549.6590000000002
COc1ncc2cc1NS(=O)(=O)c1cccc(c1)C(=O)NCc1ccc(s1)-c1ncnc3cc-2sc13,17.0,7.769551078621726,1,535.6320000000002
COc1ncc2cc1NS(=O)(=O)c1cccc(c1)C(=O)NCc1cccc(c1)-c1ccnc3ccc-2cc13,4.6,8.337242168318426,1,522.5860000000002
COc1ncc2cc1NS(=O)(=O)c1cccc(c1)C(=O)NCc1cccc(c1)-c1ccnc3ccc-2nc13,85.3,7.069050968832477,1,523.5740000000002
COc1ncc2cc1NS(=O)(=O)c1cccc(c1)C(=O)NCc1cccc(c1)-c1cnn3ccc-2nc13,445.0,6.351639989019068,1,512.5510000000002
COc1ncc2cc1NS(=O)(=O)c1cccc(c1)C(=O)NCc1cccc(c1)-c1ncnc3cc-2sc13,16.77,7.775466937393914,1,529.6030000000002
COc1ncc2cc1NS(=O)(=O)c1cccc(c1)C(=O)NCc1cccc(c1)-c1ncnc3ccc-2cc13,2.5,8.602059991327963,1,523.5740000000002
COc1ncc2cc1NS(=O)(=O)c1cccc(c1)C(=O)NCc1cccc(c1)-c1ncnc3sc-2cc13,2.9,8.537602002101044,1,529.6030000000002
COc1ncc2cc1NS(=O)(=O)c1cccc(c1)C(=O)NCc1cccc(c1)Cc1cnc3sc-2nn13,1.0,9.0,1,532.6070000000002
COc1ncc2cc1NS(=O)(=O)c1cccc(c1)C(=O)NCc1cccc(c1F)-c1ccnc3ccc-2cc13,20.0,7.698970004336019,1,540.5760000000001
COc1ncc2cc1NS(=O)(=O)c1cccc(c1)C(=O)NCc1cncc(c1)-c1ccnc3ccc-2cc13,2.2,8.657577319177793,1,523.5740000000002
COc1ncc2cc1NS(=O)(=O)c1cccc(c1)C(=O)NCc1cncc(c1)-c1ccnc3ccc-2nc13,11.5,7.939302159646388,1,524.5620000000001
COc1ncc2cc1NS(=O)(=O)c1cccc(c1)C(=O)NCc1cncc(c1)-c1cnc3ccc-2cn13,0.8,9.096910013008056,1,512.5510000000002
COc1ncc2cc1NS(=O)(=O)c1cccc(c1)C(=O)NCc1cncc(c1)-c1cnc3ccc-2nn13,3.0,8.522878745280337,1,513.5390000000002
COc1ncc2cc1NS(=O)(=O)c1cccc(c1)C(=O)NCc1cncc(c1)-c1cnn3ccc-2nc13,5.0,8.301029995663981,1,513.5390000000002
COc1ncc2cc1NS(=O)(=O)c1cccc(c1)C(=O)NCc1cncc(c1)-c1ncnc3[nH]c-2cc13,16.2,7.790484985457369,1,513.5390000000002
COc1ncc2cc1NS(=O)(=O)c1cccc(c1)C(=O)NCc1cncc(c1)-c1ncnc3c(C)c-2sc13,19.03,7.72056121171298,1,544.6180000000002
COc1ncc2cc1NS(=O)(=O)c1cccc(c1)C(=O)NCc1cncc(c1)-c1ncnc3cc-2sc13,74.6,7.127261172527331,1,530.5910000000001
COc1ncc2cc1NS(=O)(=O)c1cccc(c1)C(=O)NCc1cncc(c1)-c1ncnc3ccc-2cc13,1.3,8.886056647693163,1,524.5620000000002
COc1ncc2cc1NS(=O)(=O)c1cccc(c1)C(=O)NCc1cncc(c1)-c1ncnc3sc-2cc13,4.1,8.387216143280265,1,530.5910000000002
COc1ncc2cc1NS(=O)(=O)c1cccc(c1)C(=O)NCc1cncc(c1)Cc1cnc3sc-2nn13,8.9,8.050609993355087,1,533.5950000000001
COc1ncc2cc1NS(=O)(=O)c1cccc(c1)C(=O)NCc1csc(c1)-c1ncnc3cc-2sc13,28.9,7.539102157243452,1,535.6320000000002
COc1ncc2cc1NS(=O)(=O)c1cccc(c1)C(=O)NCc1nc(cs1)-c1ncnc3cc-2sc13,123.4,6.908684840302777,1,536.6200000000001
COc1ncc2cc1NS(=O)(=O)c1cccc(c1)C(=O)NCc1sc(cc1C)-c1ncnc3cc-2sc13,7.4,8.130768280269024,1,549.6590000000002
COc1ncccc1-c1cc2c(C)nc(N)nc2n(C2CCCC2)c1=O,856.0,6.0675262353228465,1,351.4100000000002
COc1ncccc1-c1ccc2nc(Nc3cc[nH]n3)c(-c3nc(C)nc(N)n3)n2c1,268.0,6.5718652059712115,1,414.43300000000016
COc1ncnc(-n2c(Nc3cccc(O)c3)nc3ccccc32)n1,1700.0,5.769551078621726,0,334.3390000000001
COc1nn2c(O)cc(-c3ccncc3)nc2c1Cc1cccc(Cl)c1Cl,158.49,6.799998134593398,1,401.25300000000004
CS(=O)(=O)C1(c2cc(N3CCOCC3)nc(-c3cccc4[nH]ccc34)n2)CC1,940.0,6.026872146400302,1,398.48800000000006
CS(=O)(=O)C1(c2cc(N3CCOCC3)nc(-c3cccc4[nH]ccc34)n2)CCNCC1,2700.0,5.568636235841013,0,441.55700000000013
CS(=O)(=O)C1(c2cc(N3CCOCC3)nc(-c3cccc4[nH]ccc34)n2)CCOCC1,1400.0,5.853871964321762,0,442.54100000000017
CS(=O)(=O)C1(c2cc(N3CCOCC3)nc(-n3c(N)nc4ccccc43)n2)CC1,240.0,6.619788758288394,1,414.49100000000016
CS(=O)(=O)CCN1CCC(NC(=O)c2cnc3ccc(-c4ccc5oc(N)nc5c4)cn23)CC1,100.0,7.0,1,482.5660000000003
CS(=O)(=O)CCN1CCC(Nc2cnc3ccc(-c4ccc5oc(N)nc5c4)cc3n2)CC1,100.0,7.0,1,466.56700000000035
CS(=O)(=O)CCN1CCN(C(=O)c2cnc3ccc(-c4ccc5oc(N)nc5c4)cn23)CC1,100.0,7.0,1,468.53900000000027
CS(=O)(=O)CCN1CCN(c2cnc3ccc(-c4ccc5oc(N)nc5c4)cc3n2)CC1,100.0,7.0,1,452.5400000000003
CS(=O)(=O)Cc1cc(C2=CCOCC2)nc(-c2cccc(O)c2)n1,6309.57,5.200000237109354,0,346.408
CS(=O)(=O)Cc1cc(N2CC3CCC(C2)O3)nc(-c2ccc3[nH]ccc3c2)n1,48000.0,4.318758762624412,0,398.48800000000006
CS(=O)(=O)Cc1cc(N2CCOCC2)nc(-c2ccc(NC(=O)Nc3ccc(F)cc3)cc2)n1,563.6700000000001,6.248975078859368,1,485.54100000000005
CS(=O)(=O)Cc1cc(N2CCOCC2)nc(-c2ccc(NS(C)(=O)=O)cc2)n1,100000.0,4.0,0,426.52000000000004
CS(=O)(=O)Cc1cc(N2CCOCC2)nc(-c2ccc3[nH]ccc3c2)n1,26301.34,4.58002212452238,0,372.45
CS(=O)(=O)Cc1cc(N2CCOCC2)nc(-c2ccc3[nH]cnc3c2)n1,1060.0,5.97469413473523,0,373.438
CS(=O)(=O)Cc1cc(N2CCOCC2)nc(-c2cccc(CO)c2)n1,2050.0,5.688246138944246,0,363.439
CS(=O)(=O)Cc1cc(N2CCOCC2)nc(-c2cccc3[nH]ccc23)n1,9050.0,5.043351420794797,0,372.45
CS(=O)(=O)Cc1cc(N2CCOCC2)nc(-c2ccccc2)n1,1000000.0,3.0,0,333.41299999999995
CS(=O)(=O)Cc1cc(N2CCOCC2)nc(-c2cnc3[nH]ccc3c2)n1,980.0,6.008773924307505,1,373.438
CS(=O)(=O)Cc1cc(N2CCOCC2)nc(NC(=O)c2ccno2)n1,100000.0,4.0,0,367.38700000000006
CS(=O)(=O)Cc1cc([C@@]23CCOC[C@@H]2C3)nc(-c2cccc(O)c2)n1,7943.28,5.100000128334196,0,360.435
CS(=O)(=O)Cc1cc([C@]23CCOC[C@H]2C3)nc(-c2cccc(O)c2)n1,19952.62,4.70000006855703,0,360.435
CS(=O)(=O)Cn1cnc2c(N3CCOCC3)nc(-c3cccc4[nH]ccc34)cc21,10000.0,5.0,0,411.4870000000001
CS(=O)(=O)N1CCC(Cc2cc3c(N4CCOCC4)nc(-c4cnc(N)nc4)nc3s2)CC1,1.0,9.0,1,489.6270000000003
CS(=O)(=O)N1CCC(Nc2cnc3ccc(-c4ccc5oc(N)nc5c4)cc3n2)CC1,100.0,7.0,1,438.5130000000003
CS(=O)(=O)N1CCC(Nc2ncnc3ccc(-c4ccc5oc(N)nc5c4)cc23)CC1,100.0,7.0,1,438.5130000000003
CS(=O)(=O)N1CCC(n2cnc3ccc(-c4ccc5oc(N)nc5c4)cc3c2=O)CC1,1000.0,6.0,1,439.49700000000036
CS(=O)(=O)N1CCN(C(=O)c2ccc3nc(Nc4ccc(-c5nc(N6CCOCC6)nc(N6CCOCC6)n5)cc4)[nH]c3c2)CC1,53400.0,4.272458742971444,0,648.7500000000001
CS(=O)(=O)N1CCN(C(=O)c2cnc3ccc(-c4ccc5oc(N)nc5c4)cn23)CC1,100.0,7.0,1,440.48500000000024
CS(=O)(=O)N1CCN(C2CCN(c3cnc4ccc(-c5ccc6oc(N)nc6c5)cc4n3)CC2)CC1,100.0,7.0,1,507.6200000000004
CS(=O)(=O)N1CCN(C2CN(c3cnc4ccc(-c5ccc6oc(N)nc6c5)cc4n3)C2)CC1,100.0,7.0,1,479.5660000000004
CS(=O)(=O)N1CCN(CNc2nc(-c3cccc(O)c3)nc(N3CCOCC3)n2)CC1,1060.0,5.97469413473523,0,449.5370000000004
CS(=O)(=O)N1CCN(Cc2cc3c(N4CC5CCC(C4)O5)nc(-c4cnc(N)cc4C(F)(F)F)nn3c2)CC1,243.8,6.6129662987176365,1,566.61
CS(=O)(=O)N1CCN(Cc2cc3c(N4CCOCC4)nc(-c4ccc(NC(=O)Nc5ccc(F)cc5)cc4)nn3c2)CC1,105.3,6.9775716288145135,1,608.7
CS(=O)(=O)N1CCN(Cc2cc3c(N4CCOCC4)nc(-c4cccc5[nH]ncc45)nc3s2)CC1,3.0,8.522878745280337,1,513.6490000000002
CS(=O)(=O)N1CCN(Cc2cc3c(N4CCOCC4)nc(-c4cnc(N)cc4C(F)(F)F)nn3c2)CC1,55.4,7.2564902352715706,1,540.5720000000001
CS(=O)(=O)N1CCN(Cc2cc3c(N4CCOCC4)nc(-c4cnc(NC(=O)Nc5ccc(F)cc5)cc4C(F)(F)F)nn3c2)CC1,17.7,7.752026733638194,1,677.6850000000001
CS(=O)(=O)N1CCN(Cc2cc3c(N4CCOCC4)nc(-c4cnc(NC(=O)Oc5ccccc5)cc4C(F)(F)F)nn3c2)CC1,44.4,7.35261702988538,1,660.6790000000001
CS(=O)(=O)N1CCN(Cc2cc3nc(-c4ccc(N)cc4)nc(N4CCOCC4)c3s2)CC1,240.0,6.619788758288394,1,488.6390000000004
CS(=O)(=O)N1CCN(Cc2cc3nc(-c4ccc(N)nc4)nc(N4CCOCC4)c3s2)CC1,5.5,8.259637310505756,1,489.6270000000004
CS(=O)(=O)N1CCN(Cc2cc3nc(-c4ccc(NC(=O)NC5CC5)cc4)nc(N4CC5CCC(C4)O5)c3s2)CC1,179.0,6.747146969020107,1,597.7670000000002
CS(=O)(=O)N1CCN(Cc2cc3nc(-c4ccc(NC(=O)Nc5cccnc5)cc4)nc(N4CC5CCC(C4)O5)c3s2)CC1,12.0,7.920818753952375,1,634.788
CS(=O)(=O)N1CCN(Cc2cc3nc(-c4ccc(NC(=O)Nc5ccncc5)cc4)nc(N4CC5CCC(C4)O5)c3s2)CC1,8.3,8.080921907623926,1,634.788
CS(=O)(=O)N1CCN(Cc2cc3nc(-c4ccc5oc(N)nc5c4)nc(N4CCOCC4)c3s2)CC1,100.0,7.0,1,529.6480000000003
CS(=O)(=O)N1CCN(Cc2cc3nc(-c4cccc(CO)c4)nc(N4CCOCC4)c3s2)CC1,1.8,8.744727494896694,1,503.65000000000043
CS(=O)(=O)N1CCN(Cc2cc3nc(-c4cccc(O)c4)nc(N4CCOCC4)c3s2)CC1,1.6,8.795880017344075,1,489.6230000000004
CS(=O)(=O)N1CCN(Cc2cc3nc(-c4cccc5[nH]ncc45)nc(N4CCOCC4)c3o2)CC1,3.0,8.522878745280337,1,497.5810000000004
CS(=O)(=O)N1CCN(Cc2cc3nc(-c4cccc5[nH]ncc45)nc(N4CCOCC4)c3s2)CC1,21.3946875,7.6696940526255615,1,513.6490000000003
CS(=O)(=O)N1CCN(Cc2cc3nc(-c4ccccc4)nc(N4CCOCC4)c3s2)CC1,430.0,6.366531544420414,1,473.62400000000036
CS(=O)(=O)N1CCN(Cc2cc3nc(-c4cccnc4)nc(N4CCOCC4)c3s2)CC1,21.0,7.6777807052660805,1,474.61200000000036
CS(=O)(=O)N1CCN(Cc2cc3nc(-c4ccncc4)nc(N4CCOCC4)c3s2)CC1,2900.0,5.5376020021010435,0,474.61200000000036
CS(=O)(=O)N1CCN(Cc2cc3nc(-c4cnc(N)nc4)nc(N4CCOCC4)c3s2)CC1,2.0,8.698970004336019,1,490.6150000000004
CS(=O)(=O)N1CCN(Cc2ccc(-c3nc(-c4ccc(NC(=O)NC5CN6CCC5CC6)cc4)nc(N4CCOCC4)n3)s2)CC1,8966.01,5.047400781091195,0,667.8619999999999
CS(=O)(=O)N1CCN(Cc2ccc(-c3nc(-c4ccc(NC(=O)Nc5ccccn5)cc4)nc(N4CCOCC4)n3)s2)CC1,3001.03,5.522729663099194,0,635.7759999999998
CS(=O)(=O)N1CCN(Cc2ccc(-c3nc(-c4ccc(NC(=O)Nc5ccncc5)cc4)nc(N4CCOCC4)n3)s2)CC1,177.41,6.751021904107347,1,635.7759999999998
CS(=O)(=O)N1CCN(Cc2ccc(-c3nc(-c4ccc(NC(=O)Nc5cnccn5)cc4)nc(N4CCOCC4)n3)s2)CC1,2356.03,5.627819183854585,0,636.7639999999998
CS(=O)(=O)N1CCN(Cc2ccc(-c3nc(-c4ccc(NC(=O)Nc5ncc[nH]5)cc4)nc(N4CCOCC4)n3)s2)CC1,1788.0,5.747632485540101,0,624.7529999999998
CS(=O)(=O)N1CCN(Cc2ccc(-c3nc(-c4ccc(NC(=O)Nn5cnnc5)cc4)nc(N4CCOCC4)n3)s2)CC1,1737.96,5.759960223272384,0,625.7409999999999
CS(=O)(=O)N1CCN(Cc2ccc(-c3nc(-c4cnc(N)nc4)nc(N4CCOCC4)n3)s2)CC1,7.0,8.154901959985743,1,517.6410000000003
CS(=O)(=O)N1CCN(Cc2cn3c(Cl)c(-c4cnc(N)nc4)nc(N4CCOCC4)c3n2)CC1,5.2,8.2839966563652,1,508.00800000000044
CS(=O)(=O)N1CCN(Cc2cn3cc(-c4cnc(N)nc4)nc(N4CCOCC4)c3n2)CC1,8.3,8.080921907623926,1,473.5630000000004
CS(=O)(=O)N1CCN(Cc2cn3cc(-c4cnc(N)nc4C(F)(F)F)nc(N4CCOCC4)c3n2)CC1,10.2,7.991399828238082,1,541.5600000000002
CS(=O)(=O)N1CCN(Cc2csc3c(-c4ccc(N)nc4)nc(N4CCOCC4)nc23)CC1,232.0,6.634512015109101,1,489.6270000000004
CS(=O)(=O)N1CCN(Cc2csc3c(-c4cccc(O)c4)nc(N4CCOCC4)nc23)CC1,265.0,6.576754126063192,1,489.6230000000004
CS(=O)(=O)N1CCN(Cc2csc3c(-c4cccc5[nH]ncc45)nc(N4CCOCC4)nc23)CC1,57.0,7.2441251443275085,1,513.6490000000003
CS(=O)(=O)N1CCN(Cc2csc3c(-c4cnc(N)nc4)nc(N4CCOCC4)nc23)CC1,9.5,8.022276394711152,1,490.6150000000004
CS(=O)(=O)N1CCN(Cc2csc3c(-c4cncnc4)nc(N4CCOCC4)nc23)CC1,104.0,6.982966660701219,1,475.60000000000036
CS(=O)(=O)N1CCN(Cc2nc3c(N4CCOCC4)nc(-c4cnc(N)nc4)cn3c2Br)CC1,8.1,8.09151498112135,1,552.4590000000001
CS(=O)(=O)N1CCN(c2cc(C(=O)O)nc3c(-c4cccc(O)c4)nc(N4CCOCC4)nc23)CC1,15.0,7.823908740944319,1,514.5640000000003
CS(=O)(=O)N1CCN(c2cc(C(=O)O)nc3c(-c4ccccc4)nc(N4CCOCC4)nc23)CC1,30.0,7.522878745280337,1,498.5650000000004
CS(=O)(=O)N1CCN(c2cnc3ccc(-c4ccc5oc(N)nc5c4)cc3n2)CC1,100.0,7.0,1,424.4860000000003
CS(=O)(=O)N1CCN(c2nc(-c3ccc4nc(N)oc4c3)nc(N3CCN(S(C)(=O)=O)CC3)n2)CC1,10000.0,5.0,0,537.6280000000003
CS(=O)(=O)N1CCN(c2nc(-c3ccc4oc(N)nc4c3)nc(N3CCOCC3)n2)CC1,32.0,7.494850021680094,1,460.5200000000004
CS(=O)(=O)N1CC[C@](CO)(Nc2cc(-c3cnc(N)nc3)nc(N3CCOCC3)n2)C1,1300.0,5.886056647693163,0,450.5250000000004
CS(=O)(=O)N1CCc2c(-c3cnc(N)nc3)nc(N3CCOCC3)nc21,14.0,7.853871964321762,1,377.4300000000003
CS(=O)(=O)NC1CCCN(Cc2cc3nc(-c4cccc5[nH]ccc45)nc(N4CCOCC4)c3s2)C1,1584.89,5.800000874803203,0,526.6880000000002
CS(=O)(=O)NC1CCCN(Cc2cc3nc(-c4cccc5[nH]ncc45)nc(N4CCOCC4)c3s2)C1,501.19,6.299997602857746,1,527.6760000000002
CS(=O)(=O)NC1CCCN(Cc2cc3nc(-c4cnc(N)nc4)nc(N4CCOCC4)c3s2)C1,19.95,7.700057099977233,1,504.64200000000034
CS(=O)(=O)NC1CCN(Cc2cc3nc(-c4cccc5[nH]ccc45)nc(N4CCOCC4)c3s2)C1,1584.89,5.800000874803203,0,512.6610000000003
CS(=O)(=O)NC1CCN(Cc2cc3nc(-c4cccc5[nH]ccc45)nc(N4CCOCC4)c3s2)CC1,1258.93,5.899998417198648,0,526.6880000000002
CS(=O)(=O)NC1CCN(Cc2cc3nc(-c4cccc5[nH]ncc45)nc(N4CCOCC4)c3s2)C1,251.19,6.599997654072044,1,513.6490000000003
CS(=O)(=O)NC1CCN(Cc2cc3nc(-c4cccc5[nH]ncc45)nc(N4CCOCC4)c3s2)CC1,125.89,6.900008766455316,1,527.6760000000003
CS(=O)(=O)NC1CCN(Cc2cc3nc(-c4cnc(N)nc4)nc(N4CCOCC4)c3s2)C1,10.0,8.0,1,490.61500000000035
CS(=O)(=O)NC1CCN(Cc2cc3nc(-c4cnc(N)nc4)nc(N4CCOCC4)c3s2)CC1,31.62,7.50003813440381,1,504.6420000000004
CS(=O)(=O)NCc1ccc2c(N3CCOCC3)nc(-c3cnc(N)nc3)nn12,20.0,7.698970004336019,1,404.45600000000013
CS(=O)(=O)Nc1cc(-c2ccc3ccncc3c2)cnc1Cl,2511.89,5.59999938302362,0,333.80000000000007
CS(=O)(=O)Nc1cc(-c2ccc3cn[nH]c3c2)cnc1Cl,6309.57,5.200000237109354,0,322.77700000000004
CS(=O)(=O)Nc1cc(-c2ccc3ncc(C(=O)N4CCOCC4)n3c2)ccc1Cl,10000.0,5.0,0,434.9050000000002
CS(=O)(=O)Nc1cc(-c2ccc3ncc(C(=O)N4CCOCC4)n3c2)cnc1Cl,100.0,7.0,1,435.89300000000026
CS(=O)(=O)Nc1cc(-c2ccc3ncnc(NCc4ccccc4)c3c2)cnc1Cl,2.0,8.698970004336019,1,439.9280000000002
CS(=O)(=O)Nc1cc(-c2ccc3ncnc(Nc4ccc(F)c(Cl)c4)c3c2)cnc1Cl,2.0,8.698970004336019,1,478.33600000000024
CS(=O)(=O)Nc1cc(-c2ccn3nc(N)c(C(=O)NC4CC4)c3n2)cc2c1C(=O)N([C@@H](C1CC1)C(F)(F)F)C2,5360.0,5.27083521030723,0,563.5620000000004
CS(=O)(=O)Nc1cc(-c2ccncc2)cnc1Cl,6309.57,5.200000237109354,0,283.74
CS(=O)(=O)Nc1cc(-c2cnc(N)nc2)cnc1Cl,1584.89,5.800000874803203,0,299.74300000000005
CS(=O)(=O)Nc1cc(C2=CCOCC2)cnc1Cl,2511.89,5.59999938302362,0,288.756
CS(=O)(=O)Nc1cc(Nc2ccccc2)cc(-c2ccnc(NC(=O)C3CCOCC3)c2)c1,34000.0,4.468521082957745,0,466.56300000000033
CS(=O)(=O)Nc1ccc(-c2cc(N3CCOCC3)nc(OCc3ccccn3)n2)cc1,6200.0,5.207608310501746,0,441.51300000000015
CS(=O)(=O)Nc1ccc(-c2cc(OCc3ccccn3)nc(N3CCOCC3)n2)cc1,10000.0,5.0,0,441.51300000000026
CS(=O)(=O)Nc1cccc(-c2c[nH]c3ncc(-c4cncc(NS(=O)(=O)c5ccccc5)c4)cc23)c1,950.0,6.022276394711152,1,519.6080000000003
CS(=O)(=O)Nc1cccc(-c2cc(N3CCOCC3)nc(NCCc3ccccn3)n2)c1,10000.0,5.0,0,454.5560000000002
CS(=O)(=O)Nc1cccc(-c2cc(N3CCOCC3)nc(NCCc3cccnc3)n2)c1,10000.0,5.0,0,454.5560000000002
CS(=O)(=O)Nc1cccc(-c2cc(N3CCOCC3)nc(NCCc3ccncc3)n2)c1,9100.0,5.040958607678906,0,454.5560000000002
CS(=O)(=O)Nc1cccc(-c2cc(NCCc3ccccn3)nc(N3CCOCC3)n2)c1,10000.0,5.0,0,454.55600000000027
CS(=O)(=O)Nc1cccc(-c2cc(NCCc3cccnc3)nc(N3CCOCC3)n2)c1,10000.0,5.0,0,454.55600000000027
CS(=O)(=O)Nc1cccc(-c2cc(NCCc3ccncc3)nc(N3CCOCC3)n2)c1,10000.0,5.0,0,454.55600000000027
CS(=O)(=O)Nc1cccc(-c2ccc3nc(NC(=O)C4CCCCC4)nn3c2)c1,100000.0,4.0,0,413.5030000000003
CS(=O)(=O)Nc1cccc(-c2ccc3ncc(C(=O)N4CCOCC4)n3c2)c1,10000.0,5.0,0,400.46000000000026
CS(=O)(=O)Nc1cccc(-c2nc(N3CCOCC3)c3nc[nH]c3n2)c1,4379.0,5.358625054807875,0,374.4260000000001
CS(=O)(=O)Nc1cccc(-c2nc3c(N4CCOCC4)nc(N4CCOCC4)nc3[nH]2)c1,9100.0,5.040958607678906,0,459.5320000000003
CS(=O)(=O)Nc1cccc(-c2nn3c(-c4cnc(N)c(C(F)(F)F)c4)cnc3s2)c1,28.0,7.552841968657781,1,454.4590000000001
CS(=O)(=O)Nc1cncc(-c2ccc3ncnc(NCc4ccccc4)c3c2)c1,110.0,6.958607314841775,1,405.4830000000001
CS(=O)(=O)Nc1nc2cc(-c3ccc4ncc(C(=O)N5CCOCC5)n4c3)ccc2o1,10000.0,5.0,0,441.46900000000034
CS(=O)(=O)Nc1nc2ccc(-c3cncc(S(C)(=O)=O)c3)cn2n1,100000.0,4.0,0,367.4120000000001
CS(=O)(=O)c1cc(C(=O)O)nc2c(-c3cc(F)ccc3O)nc(N3CCOCC3)nc12,139.0,6.856985199745905,1,448.43200000000024
CS(=O)(=O)c1cc(C(=O)O)nc2c(-c3cc(O)cc(F)c3)nc(N3CCOCC3)nc12,15.0,7.823908740944319,1,448.43200000000024
CS(=O)(=O)c1cc(C(=O)O)nc2c(-c3ccc(O)c(F)c3)nc(N3CCOCC3)nc12,335.0,6.474955192963154,1,448.43200000000024
CS(=O)(=O)c1cc(C(=O)O)nc2c(-c3cccc(F)c3O)nc(N3CCOCC3)nc12,26.0,7.585026652029182,1,448.4320000000003
CS(=O)(=O)c1ccc(-c2ccc3nc(N)sc3c2)cn1,158489.32,3.7999999979341847,0,305.384
CS(=O)(=O)c1ccc(-c2cnc(N)c(-c3ccc(C(F)(F)F)nc3)c2)cc1,7800.0,5.107905397309519,0,393.39000000000004
CS(=O)(=O)c1ccc(-c2csc3c(=O)cc(N4CCOCC4)oc23)cc1,4539.0,5.343039817257151,0,391.47000000000025
CS(=O)(=O)c1ccc(-c2nc(N3CCOCC3)c3nc[nH]c3n2)cc1,1760.0,5.7544873321858505,0,359.411
CS(=O)(=O)c1ccc(C(=O)N2CCOc3ccc(-c4ccc(N)nc4)cc3C2)cc1,2895.0,5.538351431936545,0,423.49400000000014
CS(=O)(=O)c1ccc(C(=O)N2CCOc3ccc(-c4ccc5nc[nH]c5c4)cc3C2)c(Br)c1,693.0,6.159266765388193,1,526.4120000000001
CS(=O)(=O)c1ccc(C(=O)N2CCOc3ccc(-c4ccc5nc[nH]c5c4)cc3C2)c(Cl)c1,705.0,6.151810883008602,1,481.9610000000001
CS(=O)(=O)c1ccc(C(=O)N2CCOc3ccc(-c4ccc5nc[nH]c5c4)cc3C2)cc1,670.0,6.173925197299173,1,447.51600000000013
CS(=O)(=O)c1ccc(Cn2c(=O)c3ccnn3c3ccc(C(=O)NCc4cccnc4)cc32)cc1,20000.0,4.698970004336019,0,487.5410000000002
CS(=O)(=O)c1ccc(N2CCOc3ccc(O[C@H]4CCN(C(=O)C5CCOCC5)C4)cc32)cn1,4689.0,5.328919767261151,0,487.5780000000004
CS(=O)(=O)c1cccc(-c2cc3nc(-c4cnc(N)nc4)nc(N4CCOCC4)c3s2)c1,1.0,9.0,1,468.5640000000003
CS(=O)(=O)c1cccc(-c2nc(N3CCOCC3)c3nc[nH]c3n2)c1,3902.0,5.408712734941501,0,359.41100000000006
CS(=O)(=O)c1cccc(-c2nn3c(-c4cnc(N)c(C(F)(F)F)c4)cnc3s2)c1,50.0,7.301029995663981,1,439.4440000000001
CS(=O)(=O)c1cncc(-c2cc(C(F)(F)F)c3nc(N)nn3c2)c1,100000.0,4.0,0,357.31700000000006
CS(=O)(=O)c1cncc(-c2cc(Cl)c3nc(N)nn3c2)c1,100000.0,4.0,0,323.76500000000004
CS(=O)(=O)c1cncc(-c2ccc3nc(N)nn3c2)c1,10000.0,5.0,0,289.32
CS(=O)(=O)c1cncc(-c2ccc3nc(N)sc3c2)c1,251.19,6.599997654072044,1,305.384
CS(=O)(=O)c1ncc(N2CCOc3ccc(O[C@H]4CCN(C(=O)C5CCOCC5)C4)cc32)cc1C(F)(F)F,189.0,6.723538195826756,1,555.5750000000005
CS(=O)(=O)c1ncc(N2CCOc3ccc(O[C@H]4CCN(C(=O)C5CCOCC5)C4)cc32)cc1C(F)F,134.0,6.872895201635193,1,537.5850000000005
CS(=O)(=O)c1ncc(N2CCOc3ccc(O[C@H]4CCN(C(=O)C5CCOCC5)C4)cc32)cc1CF,360.0,6.443697499232712,1,519.5950000000005
CS(=O)(=O)c1ncc(N2CCOc3ccc(O[C@H]4CCN(C(=O)C5CCOCC5)C4)cc32)cc1Cl,661.0,6.179798540514359,1,522.0230000000004
CS(=O)(=O)c1ncc(N2CCOc3ccc(O[C@H]4CCN(C(=O)C5CCOCC5)C4)cc32)cc1F,6626.0,5.178748568454059,0,505.5680000000004
CS(=O)(=O)c1ncc(N2CCOc3ccc(O[C@H]4CCN(C(=O)[C@@H]5CCOC5)C4)cc32)cc1C(F)F,211.0,6.675717544702307,1,523.5580000000003
CS(=O)(=O)c1ncc(N2CCOc3ccc(O[C@H]4CCN(C(=O)[C@H]5CCOC5)C4)cc32)cc1C(F)F,399.0,6.399027104313252,1,523.5580000000003
CSc1ccc(-c2ccc3ncc4c(c3n2)N(c2cccc(C(F)(F)F)c2)C(=O)N(C)C4)cn1,260.3,6.5845258318907645,1,481.50300000000016
CSc1nc(=O)c2sc(N3CCOCC3)nc2n1Cc1cccc(Cl)c1C,2000.0,5.698970004336019,0,422.9630000000001
CSc1nccc(-c2sc(NC(=O)N3CCC[C@@]3(C)C(N)=O)nc2C)n1,130.0,6.886056647693163,1,392.51000000000016
CSc1nn2c(=O)cc(-c3ccncc3)nc2n1Cc1cccc(Cl)c1Cl,400.0,6.3979400086720375,1,418.3090000000002
CSc1nn2c(=O)cc(N3CCOC(C)C3)nc2n1Cc1cccc(C(F)(F)F)c1C,1300.0,5.886056647693163,0,453.4900000000001
CSc1nn2c(=O)cc(N3CCOCC3)nc2n1Cc1cccc(C(F)(F)F)c1C,320.0,6.494850021680094,1,439.4630000000001
CSc1nn2c(=O)cc(N3CCOCC3)nc2n1Cc1cccc(Cl)c1Cl,1600.0,5.795880017344075,0,426.32900000000006
C[C@@H](C1CC1)N1Cc2cc(-c3ccn4nc(N)c(C(=O)NC5CC5)c4n3)cc(C(F)(F)F)c2C1=O,1580.0,5.801342913045577,0,484.4820000000002
C[C@@H](C1CC1)N1Cc2cc(-c3ccn4nc(N)c(C(=O)NC5CC5)c4n3)cc(C3CC3)c2C1=O,572.0,6.242603971206976,1,456.5500000000003
C[C@@H](C1CC1)N1Cc2cc(-c3ccn4nc(N)c(C(=O)NC5CC5)c4n3)cc(Cl)c2C1=O,686.0,6.163675884293248,1,450.9300000000002
C[C@@H](C1CC1)N1Cc2cc(-c3ccn4nc(N)c(C(=O)NC5CC5)c4n3)cc(NS(C)(=O)=O)c2C1=O,590.0,6.229147988357855,1,509.59200000000027
C[C@@H](C1CC1)N1Cc2cc(-c3ccn4nc(N)c(C(=O)NC5CC5)c4n3)cc(OC(F)(F)F)c2C1=O,1480.0,5.8297382846050425,0,500.4810000000002
C[C@@H](C1CC1)N1Cc2cc(-c3ccn4nc(N)c(C(=O)NC5CC5)c4n3)cc(OC(F)F)c2C1=O,602.0,6.220403508742176,1,482.4910000000002
C[C@@H](C1CC1)N1Cc2cc(-c3ccn4nc(N)c(C(=O)NC5CC5)c4n3)cc(S(=O)(=O)C3CC3)c2C1=O,384.0,6.4156687756324695,1,520.6150000000004
C[C@@H](C1CC1)N1Cc2cc(-c3ccn4nc(N)c(C(=O)NC5CC5)c4n3)cc(S(=O)(=O)C3CCC3)c2C1=O,512.0,6.29073003902417,1,534.6420000000004
C[C@@H](C1CC1)N1Cc2cc(-c3ccn4nc(N)c(C(=O)NC5CC5)c4n3)cc(S(C)(=O)=O)c2C1=O,351.0,6.454692883534176,1,494.5770000000003
C[C@@H](C1CC1)N1Cc2cc(-c3ccn4nc(N)c(C(=O)N[C@@H](CO)C5CC5)c4n3)cc(NS(C)(=O)=O)c2C1=O,1200.0,5.920818753952375,0,553.6450000000002
C[C@@H](C1CC1)N1Cc2cc(-c3ccn4nc(N)c(C(=O)N[C@@H](CO)C5CC5)c4n3)cc(OC(F)(F)F)c2C1=O,2060.0,5.686132779630847,0,544.5340000000002
C[C@@H](C1CC1)N1Cc2cc(-c3ccn4nc(N)c(C(=O)N[C@@H](CO)C5CC5)c4n3)cc(OC(F)F)c2C1=O,1910.0,5.718966632752273,0,526.5440000000002
C[C@@H](C1CC1)N1Cc2cc(-c3ccn4nc(N)c(C(=O)N[C@H]5CC[C@@](C)(O)CC5)c4n3)cc(OC(F)(F)F)c2C1=O,2650.0,5.576754126063192,0,572.5880000000003
C[C@@H](C1CC1)N1Cc2cc(-c3ccn4nc(N)c(C(=O)N[C@H]5CC[C@@](C)(O)CC5)c4n3)cc(OC(F)F)c2C1=O,1250.0,5.903089986991944,0,554.5980000000003
C[C@@H](C1CC1)N1Cc2cc(-c3ccn4nc(N)c(C(=O)N[C@H]5CC[C@](C)(O)CC5)c4n3)cc(NS(C)(=O)=O)c2C1=O,326.0,6.486782399932061,1,581.6990000000003
C[C@@H](C1CC1)N1Cc2cc(-c3ccn4nc(N)c(C(=O)N[C@H]5CC[C@](O)(C(F)(F)F)CC5)c4n3)cc(NS(C)(=O)=O)c2C1=O,4030.0,5.394694953858891,0,635.6690000000002
C[C@@H](CN)n1nc(-c2ccc(Cl)c(O)c2)c2c(N)ncnc21,784.0,6.105683937315561,1,318.76800000000003
C[C@@H](CN)n1nc(-c2ccc(F)c(O)c2)c2c(N)ncnc21,4870.0,5.3124710387853655,0,302.313
C[C@@H](N)C(=O)N1CCN(c2cnc3ccc(-c4ccc5oc(N)nc5c4)cc3n2)CC1,100.0,7.0,1,417.47300000000024
C[C@@H](N)C(=O)N1CCN(c2nc(N3CCOCC3)nc(-n3c(C(F)F)nc4ccccc43)n2)CC1,3700.0,5.431798275933005,0,487.51500000000016
C[C@@H](NC(=O)C1CCN(c2nc(N3CCOCC3)nc(-n3c(C(F)F)nc4ccccc43)n2)CC1)C(N)=O,114.0,6.943095148663527,1,529.5520000000001
C[C@@H](NC(=O)c1c(N)nn2cccnc12)c1cc2cccc(/C=C/c3cnn(C)c3)c2c(=O)n1-c1ccccc1,2000.0,5.698970004336019,0,530.5920000000003
C[C@@H](NC(=O)c1c(N)nn2cccnc12)c1cc2cccc(/C=C\c3cnn(C)c3)c2c(=O)n1-c1ccccc1,2000.0,5.698970004336019,0,530.5920000000003
C[C@@H](NC(=O)c1c(N)nn2cccnc12)c1cc2cccc(C#Cc3cnn(C)c3)c2nc1-c1ccccc1,2000.0,5.698970004336019,0,512.5770000000003
C[C@@H](NC(=O)c1c(N)nn2cccnc12)c1nc2cccc(C#Cc3cnn(C)c3)c2cc1-c1ccccc1,2000.0,5.698970004336019,0,512.5770000000003
C[C@@H](NC(=O)c1c(N)nn2cccnc12)c1oc2cccc(C#Cc3cnn(C)c3)c2c(=O)c1-c1ccccc1,2000.0,5.698970004336019,0,529.5600000000003
C[C@@H](NC(=O)c1ccc(NC(=O)Nc2ccc(-c3nc(N4CCOCC4)nc(N4CCOCC4)n3)cc2)cc1)C(N)=O,0.9,9.045757490560675,1,575.6300000000003
C[C@@H](NC(=O)c1cnc2ccc(-c3ccc4oc(N)nc4c3)cn12)C(N)=O,10000.0,5.0,0,364.36500000000007
C[C@@H](Nc1c(C#N)cnc2ccc(-c3cnc(Cl)c(NS(C)(=O)=O)c3)cc12)c1ccccc1,11.0,7.958607314841775,1,477.9770000000002
C[C@@H](Nc1c(C#N)cnc2ccc(-c3cnc(N)nc3)cc12)c1ccccc1,200.0,6.698970004336019,1,366.42800000000005
C[C@@H](Nc1c(C(N)=O)cnc2ccc(-c3cccnc3)cc12)c1ccc(Cl)cc1,8.0,8.096910013008056,1,402.8850000000001
C[C@@H](Nc1c(C(N)=O)cnc2ccc(C#N)cc12)c1ccc(Cl)cc1,36.0,7.443697499232712,1,350.80899999999997
C[C@@H](Nc1cc(F)c(F)c(F)c1)c1cc(C(=O)N(C)C)cc2c(=O)cc(N3CCOCC3)oc12,805.0,6.094204119632131,1,475.4670000000004
C[C@@H](Nc1cc(F)cc(Cl)c1)c1cc(C(=O)N(C)C)cc2c(=O)cc(N3CCOCC3)oc12,97.5,7.010995384301463,1,473.93200000000036
C[C@@H](Nc1cc(F)cc(F)c1)c1cc(C(=O)N(C)C)cc2c(=O)cc(N3CCOCC3)oc12,393.5,6.4050552633049165,1,457.4770000000003
C[C@@H](Nc1cc(F)cc(F)c1)c1cc(C(=O)N(C)C)cn2c(=O)cc(N3CCOCC3)nc12,637.5,6.195519810894007,1,457.4810000000003
C[C@@H](Nc1cc(F)cc(F)c1)c1cc(C(=O)N2CCC2)cc2c(=O)cc(N3CCOCC3)oc12,154.5,6.811071516239147,1,469.4880000000004
C[C@@H](Nc1cc(F)cc(F)c1F)c1cc(C(=O)N(C)C)cc2c(=O)cc(N3CCOCC3)oc12,520.0,6.2839966563652006,1,475.4670000000003
C[C@@H](Nc1cc(N2CCOCC2)nc(=O)[nH]1)c1cccc2ccccc12,146000.0,3.835647144215563,0,350.422
C[C@@H](Nc1ccc(F)c(F)c1)c1cc(C(=O)N(C)C)cc2c(=O)cc(N3CCOCC3)oc12,1335.0,5.874518734299406,0,457.4770000000003
C[C@@H](Nc1cccc(Cl)c1F)c1cc(C(=O)N(C)C)cc2c(=O)cc(N3CCOCC3)oc12,264.0,6.578396073130169,1,473.93200000000036
C[C@@H](Nc1ccccc1C(=O)O)c1cc(F)cc2c1nc(N1CCC(F)(F)CC1)n1cnnc21,1000.0,6.0,1,470.4550000000002
C[C@@H](Nc1nc(N)nc(N)c1C#N)c1cn(-c2cccnc2)c2cc(Cl)cnc12,10000.0,5.0,0,405.85300000000007
C[C@@H](Nc1nc2ccc(-c3ccn(CC4CC4)c(=O)c3)cc2s1)C1CCOCC1,199526.23,3.700000003258169,0,409.5550000000002
C[C@@H](Nc1ncnc2ccc(-c3cnc(Cl)c(NS(C)(=O)=O)c3)cc12)c1ccc(F)cc1,11.0,7.958607314841775,1,471.94500000000016
C[C@@H](Nc1ncnc2ccc(-c3cnc(Cl)c(NS(C)(=O)=O)c3)cc12)c1ccccc1,11.0,7.958607314841775,1,453.95500000000015
C[C@@H](O)C(=O)N1CCN(Cc2csc3c(-c4cccc5[nH]ncc45)nc(N4CCOCC4)nc23)CC1,202.0,6.694648630553377,1,507.6200000000004
C[C@@H](O)C(=O)N1CCN(Cc2csc3c(-c4cnc(N)nc4)nc(N4CCOCC4)nc23)CC1,51.4,7.289036881004725,1,484.5860000000004
C[C@@H](Oc1cc(-c2cnn(C3CCNCC3)c2)cnc1N)c1c(Cl)ccc(F)c1Cl,11.0,7.958607314841775,1,450.34500000000014
C[C@@H](Oc1cc(F)cc(F)c1)c1cc(C(=O)N(C)C)cc2c(=O)cc(N3CCOCC3)oc12,4185.0,5.378304537670721,0,458.46100000000035
C[C@@H](c1cnn(C(C)(C)C)c(=O)c1Cl)n1nc(-c2cc(O)cc(F)c2)c2c(N)ncnc21,199.53,6.699991797446187,1,457.89700000000016
C[C@@H](c1cnn(C(C)(C)C)c(=O)c1N)n1nc(-c2cc(O)cc(F)c2)c2c(N)ncnc21,501.19,6.299997602857746,1,438.46700000000016
C[C@@H](c1cnn(C(C)(C)C)c(=O)c1OCCN(CCO)CCO)n1nc(-c2cc(O)cc(F)c2)c2c(N)ncnc21,251.19,6.599997654072044,1,570.6260000000001
C[C@@H](c1cnn(C(C)(C)C)c(=O)c1OCCN1CCOCC1)n1nc(-c2cc(O)cc(F)c2)c2c(N)ncnc21,794.33,6.0999990348465305,1,552.6110000000002
C[C@@H](c1cnn(C(C)(C)C)c(=O)c1OCCN1CCS(=O)(=O)CC1)n1nc(-c2cc(O)cc(F)c2)c2c(N)ncnc21,199.53,6.699991797446187,1,600.677
C[C@@H](c1cnn(C(C)(C)C)c(=O)c1SCCN(CCO)CCO)n1nc(-c2cc(O)cc(F)c2)c2c(N)ncnc21,50.12,7.299988937677887,1,586.6940000000001
C[C@@H](c1cnn(Cc2ccccc2)c(=O)c1C1CCCC1)n1nc(-c2cncc(O)c2)c2c(N)ncnc21,1000.0,6.0,1,508.5860000000003
C[C@@H](c1nc2cccc(Cl)c2c(=O)n1-c1cccc(CN(C)S(C)(=O)=O)c1)N(C)c1ncnc(N)c1C#Cc1ccc(F)cn1,1000.0,6.0,1,647.1360000000001
C[C@@H]1CC(S(=O)(=O)c2cc(-c3cnc(N)nc3)cc(N3CCOCC3)c2)C[C@H](C)O1,1000.0,6.0,1,432.54600000000033
C[C@@H]1CCCC(C)(C)C12CC[C@H](C)c1oc3c(Br)c(O)c(O)cc3c12,700.0,6.154901959985743,1,407.34800000000007
C[C@@H]1CCCN1C(=O)c1cnc2ccc(-c3ccc4oc(N)nc4c3)cn12,100.0,7.0,1,361.40500000000014
C[C@@H]1CCN(C(=O)CC#N)C[C@@H]1N(C)c1ncnc2[nH]ccc12,10000.0,5.0,0,312.377
C[C@@H]1CCN(C(=O)Nc2nc3c(s2)-c2cc(C(C)(C)C(F)(F)F)ncc2OC3)[C@@H]1C(N)=O,8.0,8.096910013008056,1,469.4890000000002
C[C@@H]1CCN(C(=O)Nc2nc3c(s2)-c2nc(C(C)(C)C(F)(F)F)ncc2CC3)[C@@H]1C(N)=O,4.5,8.346787486224656,1,468.5050000000002
C[C@@H]1CCN(C(=O)Nc2nc3c(s2)-c2nc(C(C)(C)C(F)(F)F)sc2CC3)[C@@H]1C(N)=O,7.0,8.154901959985743,1,473.5460000000002
C[C@@H]1CCN(C(=O)Nc2nc3c(s2)-c2nc(C(C)(C)C)ncc2CC3)[C@@H]1C(N)=O,5.0,8.301029995663981,1,414.53500000000025
C[C@@H]1CCN(C(=O)Nc2nc3c(s2)-c2nc(C(C)(C)C)sc2CC3)[C@@H]1C(N)=O,10.5,7.978810700930062,1,419.57600000000025
C[C@@H]1CC[C@H]2C(C)(C)CCC[C@]2(C)C2=C3C=C(O)C(=O)C(Br)=C3OC21O,3300.0,5.481486060122113,0,423.3470000000001
C[C@@H]1CC[C@H]2C(C)(C)CCC[C@]2(C)c2c1oc1c(Br)c(O)ccc21,10200.0,4.991399828238082,0,391.349
C[C@@H]1CC[C@H]2C(C)(C)CCC[C@]2(C)c2c1oc1c(C=O)c(O)c(O)cc21,100.0,7.0,1,356.46200000000005
C[C@@H]1CC[C@H]2C(C)(C)CCC[C@]2(C)c2c1oc1cc(O)ccc21,10000.0,5.0,0,312.453
C[C@@H]1CC[C@H]2C(C)(C)CCC[C@]2(C)c2c1oc1ccc(O)cc21,7200.0,5.142667503568732,0,312.453
C[C@@H]1CN(C(=O)C2CN(c3cnc4ccc(-c5ccc6oc(N)nc6c5)cc4n3)C2)CCN1,100.0,7.0,1,443.51100000000025
C[C@@H]1CN(C(=O)c2cnc3ccc(-c4ccc5oc(N)nc5c4)cn23)C[C@H](C)O1,10000.0,5.0,0,391.43100000000015
C[C@@H]1CN(C2CN(C(=O)c3cnc4ccc(-c5ccc6oc(N)nc6c5)cn34)C2)CCN1,100.0,7.0,1,431.5000000000002
C[C@@H]1CN(C2CN(C(=O)c3cnc4ccc(-c5ccc6oc(N)nc6c5)cn34)C2)CCN1C,100.0,7.0,1,445.52700000000027
C[C@@H]1CN(C2CN(c3cnc4ccc(-c5ccc6oc(N)nc6c5)cc4n3)C2)CCN1,100.0,7.0,1,415.5010000000002
C[C@@H]1CN(CC(=O)Nc2ccc3c(c2)Cc2cccc(-c4cc(=O)cc(N5CCOCC5)o4)c2S3)C[C@H](C)O1,452.0,6.3448615651886175,1,547.6770000000005
C[C@@H]1CN(Cc2nnc(-c3cc4c(c(-c5cc(O)cc(F)c5)c3)CNC4=O)o2)C[C@H](C)O1,6333.0,5.198390511972681,0,438.45900000000023
C[C@@H]1CN(S(C)(=O)=O)C[C@H](C)N1Cc1cn2cc(-c3cnc(N)nc3)nc(N3CCOCC3)c2n1,244.0,6.61261017366127,1,501.61700000000036
C[C@@H]1CN(c2cc(-c3cc4c(c(-c5cc(O)cc(F)c5)c3)CNC4=O)ccn2)C[C@H](C)O1,234.0,6.6307841425898575,1,433.4830000000001
C[C@@H]1CN(c2cc(=O)c3cc(C(=O)N(C)C)cc(CN(C)c4cc(F)cc(F)c4)c3o2)CCO1,7.5,8.1249387366083,1,471.50400000000025
C[C@@H]1CN(c2cc(=O)c3cc(C(=O)N(C)C)cc(CN4CCOc5c(F)cc(F)cc54)c3o2)CCO1,8.5,8.070581074285707,1,499.51400000000035
C[C@@H]1CN(c2cc(=O)c3cc(C(=O)N(C)C)cc(CN4CCOc5c(F)cccc54)c3o2)CCO1,8.0,8.096910013008056,1,481.52400000000034
C[C@@H]1CN(c2cc(=O)c3cc(C(=O)N(C)C)cc(CN4CCOc5ccc(F)cc54)c3o2)CCO1,9.5,8.022276394711152,1,481.52400000000034
C[C@@H]1CN(c2cc(N(CCO)Cc3cccc4ccccc34)[nH]c(=O)n2)CCO1,349000.0,3.45717457304082,0,394.47500000000014
C[C@@H]1CN(c2cnc3ccc(-c4ccc5oc(N)nc5c4)cc3n2)CCN1,100.0,7.0,1,360.4210000000001
C[C@@H]1CN(c2cnc3ccc(-c4ccc5oc(N)nc5c4)cc3n2)C[C@H](C)O1,1000.0,6.0,1,375.43200000000013
C[C@@H]1CN(c2nc(-c3cccc(O)c3)nc3cccnc23)C[C@H](C)O1,1400.0,5.853871964321762,0,336.39500000000015
C[C@@H]1CN(c2nc(N3CCOCC3)c3nc(-c4cccc(N)c4)[nH]c3n2)C[C@H](C)O1,2520.0,5.598599459218456,0,409.49400000000014
C[C@@H]1CN(c2nc(N3CCOCC3)c3nc(-c4cccc(O)c4)[nH]c3n2)C[C@H](C)O1,20.0,7.698970004336019,1,410.4780000000001
C[C@@H]1CN(c2nc(N3CCOCC3)c3nc(-c4ccccc4CO)[nH]c3n2)C[C@H](C)O1,9100.0,5.040958607678906,0,424.50500000000017
C[C@@H]1CN(c2nc(N3CCOCC3)c3sc(-c4ccn[nH]4)cc3n2)C[C@H](C)O1,15.0,7.823908740944319,1,400.5080000000001
C[C@@H]1CN(c2nc(Nc3ccc4[nH]ncc4c3)cc(-c3cccc(O)c3)n2)C[C@H](C)O1,11000.0,4.958607314841775,0,416.4850000000002
C[C@@H]1COCCN1C(=O)c1cnc2ccc(-c3ccc4oc(N)nc4c3)cn12,100.0,7.0,1,377.40400000000017
C[C@@H]1COCCN1c1cc(=O)n2c(n1)N(Cc1cncc(Cl)c1)[C@H](C(F)(F)F)CC2,10000.0,5.0,0,443.8570000000001
C[C@@H]1COCCN1c1cc(C2(S(C)(=O)=O)CC2)nc(-c2cccc3[nH]ccc23)n1,24333.333333333332,4.613798394599207,0,412.5150000000001
C[C@@H]1COCCN1c1cc(C2(S(C)(=O)=O)CC2)nc(-c2cncc3[nH]ccc23)n1,30000.0,4.522878745280337,0,413.5030000000001
C[C@@H]1COCCN1c1cc(C2(S(C)(=O)=O)CC2)nc(-n2c(N)nc3ccccc32)n1,9000.0,5.045757490560675,0,428.51800000000014
C[C@@H]1COCCN1c1cc(C2([S@](C)(=N)=O)CC2)nc(-c2cc[nH]c3nccc2-3)n1,30000.0,4.522878745280337,0,412.51900000000006
C[C@@H]1COCCN1c1cc(CS(C)(=O)=O)nc(-c2ccc3[nH]ccc3c2)n1,5300.0,5.275724130399211,0,386.4770000000001
C[C@@H]1COCCN1c1cc(N2CCOC[C@@H]2C)nc2sc(-c3ccccn3)nc12,10000.0,5.0,0,411.53100000000006
C[C@@H]1COCCN1c1cc(N2CCOC[C@@H]2C)nc2sc(-c3cscn3)nc12,10000.0,5.0,0,417.56000000000006
C[C@@H]1COCCN1c1nc(-c2ccc(NC(=O)Nc3ccc(C(=O)N(C)C)cc3)cc2)nc(N2CCOC[C@H]2C)n1,41.0,7.3872161432802645,1,560.6590000000002
C[C@@H]1COCCN1c1nc(-c2ccc(NC(=O)Nc3ccc(C(=O)N4CCC(N(C)C)CC4)cc3)cc2)nc(N2C3CCC2COC3)n1,52.0,7.2839966563652006,1,655.804
C[C@@H]1COCCN1c1nc(-c2ccc(NC(=O)Nc3ccc(C(=O)N4CCC(N(C)C)CC4)cc3)cc2)nc(N2CCOC[C@H]2C)n1,55.0,7.259637310505756,1,643.793
C[C@@H]1COCCN1c1nc(-c2ccc(NC(=O)Nc3ccc(C(=O)N4CCC[C@H]4C(N)=O)cc3)cc2)nc(N2CCOCC2)n1,1.8,8.744727494896694,1,615.695
C[C@@H]1COCCN1c1nc(-c2ccc(NC(=O)Nc3ccc(C(=O)N4CCN(C)CC4)cc3)cc2)nc(C2CCOCC2)n1,43.0,7.366531544420414,1,600.7240000000002
C[C@@H]1COCCN1c1nc(-c2ccc(NC(=O)Nc3ccc(C(=O)N4CCN(C)CC4)cc3)cc2)nc(N2C3CCC2COC3)n1,60.0,7.221848749616356,1,627.7500000000001
C[C@@H]1COCCN1c1nc(-c2ccc(NC(=O)Nc3ccc(C(=O)N4CCN(C)CC4)cc3)cc2)nc(N2CCOC[C@H]2C)n1,76.0,7.119186407719209,1,615.7390000000001
C[C@@H]1COCCN1c1nc(-c2ccc(NC(=O)Nc3ccc(C(=O)NCCN(C)C)cc3)cc2)nc(N2C3CCC2COC3)n1,43.0,7.366531544420414,1,615.739
C[C@@H]1COCCN1c1nc(-c2ccc(NC(=O)Nc3ccc(CN(C)C)cc3)cc2)nc(N2CCOC[C@H]2C)n1,413.0,6.384049948343599,1,546.6760000000004
C[C@@H]1COCCN1c1nc(-c2ccc(NC(=O)Nc3ccc(N4CCC(N(C)C)CC4)cc3)cc2)nc(C2CCOCC2)n1,402.0,6.39577394691553,1,600.7680000000001
C[C@@H]1COCCN1c1nc(-c2ccc(NC(=O)Nc3ccc(N4CCC(N(C)C)CC4)cc3)cc2)nc(N2C3CCC2COC3)n1,443.0,6.3535962737769305,1,627.7940000000001
C[C@@H]1COCCN1c1nc(-c2ccc(NC(=O)Nc3ccc(N4CCC(N(C)C)CC4)cc3)cc2)nc(N2CCOC[C@H]2C)n1,287.0,6.542118103266008,1,615.7830000000001
C[C@@H]1COCCN1c1nc(-c2ccc(NC(=O)Nc3ccc(N4CCN(C)CC4)cc3)cc2)nc(C2CCOCC2)n1,414.0,6.382999658879101,1,572.7140000000002
C[C@@H]1COCCN1c1nc(-c2ccc(NC(=O)Nc3ccc(N4CCN(C)CC4)cc3)cc2)nc(N2C3CCC2COC3)n1,665.0,6.1771783546968955,1,599.7400000000001
C[C@@H]1COCCN1c1nc(-c2ccc(NC(=O)Nc3ccc(N4CCN(C)CC4)cc3)cc2)nc(N2CCOC[C@H]2C)n1,330.0,6.481486060122113,1,587.7290000000003
C[C@@H]1COCCN1c1nc(-c2ccc(NC(=O)Nc3ccc(N4CCN(C)CC4)nc3)cc2)nc(C2CCOCC2)n1,220.0,6.657577319177793,1,573.7020000000002
C[C@@H]1COCCN1c1nc(-c2ccc(NC(=O)Nc3ccc(N4CCN(C)CC4)nc3)cc2)nc(N2CCOC[C@H]2C)n1,846.0,6.0726296369609765,1,588.7170000000002
C[C@@H]1COCCN1c1nc(-c2ccc(NC(=O)Nc3ccc(N4CCNCC4)cc3)cc2)nc(C2CCOCC2)n1,269.0,6.570247719997592,1,558.6870000000002
C[C@@H]1COCCN1c1nc(-c2ccc(NC(=O)Nc3ccc(N4CCNCC4)cc3)cc2)nc(N2C3CCC2COC3)n1,286.0,6.543633966870957,1,585.7130000000002
C[C@@H]1COCCN1c1nc(-c2ccc(NC(=O)Nc3ccc(OCCN(C)C)cc3)cc2)nc(N2C3CCC2COC3)n1,610.0,6.214670164989233,1,588.7130000000002
C[C@@H]1COCCN1c1nc(-c2ccc(NC(=O)Nc3ccc(OCCN(C)C)cc3)cc2)nc(N2CCOC[C@H]2C)n1,314.0,6.503070351926785,1,576.7020000000002
C[C@@H]1COCCN1c1nc(-c2ccc(NC(=O)Nc3cccnc3)cc2)nc(C2CCOCC2)n1,593.0,6.226945306635737,1,475.55300000000034
C[C@@H]1COCCN1c1nc(-c2ccc(NC(=O)Nc3cccnc3)cc2)nc(N2CCOC[C@H]2C)n1,644.0,6.1911141326401875,1,490.5680000000003
C[C@@H]1COCCN1c1nc(-c2ccc(NC(=O)Nc3cccnc3)cc2)nc(N2C[C@@H]3C[C@H]2CO3)n1,1896.0,5.722161666997953,0,488.5520000000003
C[C@@H]1COCCN1c1nc(-c2ccc(NC(=O)Nc3ccncc3)cc2)nc(N2CCOC[C@H]2C)n1,173.0,6.761953896871205,1,490.5680000000003
C[C@@H]1COCCN1c1nc(-c2cccc3[nH]ccc23)cc2nccn12,10000.0,5.0,0,333.3950000000001
C[C@@H]1COCCN1c1nc(-c2cccc3[nH]ccc23)nc2c1CN(C(=O)c1ccc3c(c1)OCO3)C2(C)C,1000.0,6.0,1,511.58200000000045
C[C@@H]1COCCN1c1nc(-c2cccc3[nH]ccc23)nc2c1CN(C(=O)c1cccc(S(C)(=O)=O)c1)C2(C)C,1000.0,6.0,1,545.6650000000003
C[C@@H]1COCCN1c1nc(-c2ccnc3[nH]ccc23)nc2c1ccn2S(C)(=O)=O,2059.0,5.686343653381969,0,412.4750000000002
C[C@@H]1COCCN1c1nc(N2CCOCC2)nc2[nH]c(-c3ccc4cc[nH]c4c3)nc12,9100.0,5.040958607678906,0,419.4890000000001
C[C@@H]1COCCN1c1nc(N2CCOCC2)nc2[nH]c(-c3cccc4[nH]ccc34)nc12,6050.0,5.218244625347531,0,419.4890000000001
C[C@@H]1COCCN1c1nc(N2CCOC[C@@H]2C)c2nc(-c3cccc4[nH]ccc34)[nH]c2n1,5050.0,5.296708621881339,0,433.5160000000001
C[C@@H]1COCCN1c1nc(N2CCOC[C@@H]2C)nc2[nH]c(-c3cccc4[nH]ccc34)nc12,6600.0,5.180456064458132,0,433.51600000000013
C[C@@H]1COCCN1c1nc(N2CCOC[C@@H]2C)nc2sc(-c3cc[nH]n3)nc12,2200.0,5.657577319177793,0,401.4960000000001
C[C@@H]1COCCN1c1nc(N2CCOC[C@H]2C)c2nc(-c3cc(CO)ccc3F)[nH]c2n1,170.0,6.769551078621726,1,442.4950000000001
C[C@@H]1COCCN1c1nc(N2CCOC[C@H]2C)c2nc(-c3cccc4[nH]ccc34)[nH]c2n1,4580.0,5.33913452199613,0,433.5160000000001
C[C@@H]1C[C@H](N)C[C@H](c2ccncc2NC(=O)c2ccc(F)c(-c3c(F)cccc3F)n2)C1,9100.0,5.040958607678906,0,440.46900000000016
C[C@@H]1C[C@H]1C(=O)N1CCN(c2cnc(C#N)c(-c3cnn(C)c3)n2)C[C@H]1C,100000.0,4.0,0,365.4410000000001
C[C@@H]1Cc2ccccc2N1C(=O)Cc1nc(N2CCOCC2)cc(=O)[nH]1,569.0,6.244887733604929,1,354.41
C[C@@H]1Cn2ncc(-c3ccc(S(=O)(=O)N(C)C)cc3)c2CN1c1ccnc2[nH]ccc12,10000.0,5.0,0,436.5410000000001
C[C@@]12COCCN1c1nc(-c3ccc(NC(=O)NC4CC4)cc3)ncc1N(CC1CC1)C2=O,794.33,6.0999990348465305,1,448.5270000000003
C[C@@]12c3ccc4c(c3C(=O)c3occ(c31)C(=O)C[C@H]2O)CCC4=O,1.0,9.0,1,322.3160000000001
C[C@@]12c3ccc4c(c3C(=O)c3occ(c31)C(=O)C[C@H]2OC(=O)CCC(=O)O)CCC4=O,20.0,7.698970004336019,1,422.3890000000003
C[C@H](CN)n1nc(-c2ccc(Cl)c(O)c2)c2c(N)ncnc21,1620.0,5.790484985457369,0,318.76800000000003
C[C@H](CN)n1nc(-c2ccc(F)c(O)c2)c2c(N)ncnc21,6520.0,5.185752404268079,0,302.313
C[C@H](CO)C(=O)N1CCC(c2nc(-c3cnc(N)c(-c4nnc(C(C)(C)C)o4)n3)n(C)n2)CC1,32.0,7.494850021680094,1,469.5500000000003
C[C@H](N)C(=O)N1CCN(c2cnc3ccc(-c4ccc5oc(N)nc5c4)cc3n2)CC1,100.0,7.0,1,417.47300000000024
C[C@H](N)C(=O)N1CCN(c2nc(N3CCOCC3)nc(-n3c(C(F)F)nc4ccccc43)n2)CC1,4666.666666666667,5.330993219041424,0,487.51500000000016
C[C@H](N1Cc2cc(-c3ccn4nc(N)c(C(=O)NC5CC5)c4n3)cc(NS(C)(=O)=O)c2C1=O)C(F)(F)F,97.0,7.013228265733755,1,537.5240000000003
C[C@H](N1Cc2cc(-c3ccn4nc(N)c(C(=O)N[C@@H](CO)C5CC5)c4n3)cc(C3CC3)c2C1=O)C(F)(F)F,10000.0,5.0,0,528.5350000000004
C[C@H](N1Cc2cc(-c3ccn4nc(N)c(C(=O)N[C@@H](CO)C5CC5)c4n3)cc(Cl)c2C1=O)C(F)(F)F,10000.0,5.0,0,522.9150000000003
C[C@H](N1Cc2cc(-c3ccn4nc(N)c(C(=O)N[C@@H](CO)C5CC5)c4n3)cc(NS(C)(=O)=O)c2C1=O)C(F)(F)F,1640.0,5.785156151952302,0,581.5770000000005
C[C@H](N1Cc2cc(-c3ccn4nc(N)c(C(=O)N[C@@H](CO)C5CC5)c4n3)cc(OC(F)F)c2C1=O)C(F)(F)F,1320.0,5.87942606879415,0,554.4760000000005
C[C@H](N1Cc2cc(-c3ccn4nc(N)c(C(=O)N[C@H]5CC[C@@](C)(O)CC5)c4n3)cc(NS(C)(=O)=O)c2C1=O)C(F)(F)F,194.0,6.7121982700697735,1,609.6310000000004
C[C@H](NC(=O)C1CCN(c2nc(N3CCOCC3)nc(-n3c(C(F)F)nc4ccccc43)n2)CC1)C(N)=O,123.0,6.910094888560602,1,529.5520000000001
C[C@H](NC(=O)c1c(N)nn2cccnc12)c1cc2ccc3ccccc3c2c(=O)n1-c1ccccc1,2000.0,5.698970004336019,0,474.5240000000002
C[C@H](NC(=O)c1c(N)nn2cccnc12)c1cc2cccc(/C=C/c3ccccc3)c2c(=O)n1-c1ccccc1,2000.0,5.698970004336019,0,526.6000000000003
C[C@H](NC(=O)c1c(N)nn2cccnc12)c1cc2cccc(/C=C/c3cnn(C)c3)c2c(=O)n1-c1ccccc1,2000.0,5.698970004336019,0,530.5920000000003
C[C@H](NC(=O)c1c(N)nn2cccnc12)c1cc2cccc(/C=C\c3cnn(C)c3)c2c(=O)n1-c1ccccc1,2000.0,5.698970004336019,0,530.5920000000003
C[C@H](NC(=O)c1c(N)nn2cccnc12)c1cc2cccc(C#CC(C)(C)C)c2c(=O)n1-c1ccccc1,2000.0,5.698970004336019,0,504.59400000000034
C[C@H](NC(=O)c1c(N)nn2cccnc12)c1cc2cccc(C#CC(C)(C)N)c2c(=O)n1-c1ccccc1,2000.0,5.698970004336019,0,505.58200000000033
C[C@H](NC(=O)c1c(N)nn2cccnc12)c1cc2cccc(C#CC(C)(C)O)c2c(=O)n1-c1ccccc1,2000.0,5.698970004336019,0,506.5660000000003
C[C@H](NC(=O)c1c(N)nn2cccnc12)c1cc2cccc(C#CC(F)(F)F)c2c(=O)n1-c1ccccc1,2000.0,5.698970004336019,0,516.4830000000003
C[C@H](NC(=O)c1c(N)nn2cccnc12)c1cc2cccc(C#CC3(O)CN4CCC3CC4)c2c(=O)n1-c1ccccc1,2000.0,5.698970004336019,0,573.6570000000005
C[C@H](NC(=O)c1c(N)nn2cccnc12)c1cc2cccc(C#CC3CC3)c2c(=O)n1-c1ccccc1,2000.0,5.698970004336019,0,488.55100000000033
C[C@H](NC(=O)c1c(N)nn2cccnc12)c1cc2cccc(C#CC3CC3)c2c(=O)n1C1CC1,2000.0,5.698970004336019,0,452.51800000000037
C[C@H](NC(=O)c1c(N)nn2cccnc12)c1cc2cccc(C#CC3CCCC3)c2c(=O)n1-c1ccccc1,2000.0,5.698970004336019,0,516.6050000000005
C[C@H](NC(=O)c1c(N)nn2cccnc12)c1cc2cccc(C#CC3CCCCC3)c2c(=O)n1-c1ccccc1,2000.0,5.698970004336019,0,530.6320000000005
C[C@H](NC(=O)c1c(N)nn2cccnc12)c1cc2cccc(C#CC3CCN(C)CC3)c2c(=O)n1-c1ccccc1,2000.0,5.698970004336019,0,545.6470000000005
C[C@H](NC(=O)c1c(N)nn2cccnc12)c1cc2cccc(C#CC3CCN(S(C)(=O)=O)CC3)c2c(=O)n1-c1ccccc1,2000.0,5.698970004336019,0,609.7120000000003
C[C@H](NC(=O)c1c(N)nn2cccnc12)c1cc2cccc(C#CC3CCNCC3)c2c(=O)n1-c1ccccc1,2000.0,5.698970004336019,0,531.6200000000005
C[C@H](NC(=O)c1c(N)nn2cccnc12)c1cc2cccc(C#CC3CCOC3)c2c(=O)n1-c1ccccc1,2000.0,5.698970004336019,0,518.5770000000005
C[C@H](NC(=O)c1c(N)nn2cccnc12)c1cc2cccc(C#CC3CCOCC3)c2c(=O)n1-c1ccccc1,2000.0,5.698970004336019,0,532.6040000000005
C[C@H](NC(=O)c1c(N)nn2cccnc12)c1cc2cccc(C#CC3CNC3)c2c(=O)n1-c1ccccc1,2000.0,5.698970004336019,0,503.5660000000003
C[C@H](NC(=O)c1c(N)nn2cccnc12)c1cc2cccc(C#CC=O)c2c(=O)n1-c1ccccc1,2000.0,5.698970004336019,0,476.49600000000027
C[C@H](NC(=O)c1c(N)nn2cccnc12)c1cc2cccc(C#CCN(C)C)c2c(=O)n1-c1ccccc1,2000.0,5.698970004336019,0,505.58200000000033
C[C@H](NC(=O)c1c(N)nn2cccnc12)c1cc2cccc(C#CCN3CCCC3=O)c2c(=O)n1-c1ccccc1,2000.0,5.698970004336019,0,545.6030000000005
C[C@H](NC(=O)c1c(N)nn2cccnc12)c1cc2cccc(C#CCN3CCN(C)CC3)c2c(=O)n1-c1ccccc1,2000.0,5.698970004336019,0,560.6620000000005
C[C@H](NC(=O)c1c(N)nn2cccnc12)c1cc2cccc(C#CCN3CCOCC3)c2c(=O)n1-c1ccccc1,2000.0,5.698970004336019,0,547.6190000000005
C[C@H](NC(=O)c1c(N)nn2cccnc12)c1cc2cccc(C#CCO)c2c(=O)n1-c1ccccc1,2000.0,5.698970004336019,0,478.5120000000003
C[C@H](NC(=O)c1c(N)nn2cccnc12)c1cc2cccc(C#C[C@@H](C)O)c2c(=O)n1-c1ccccc1,2000.0,5.698970004336019,0,492.53900000000027
C[C@H](NC(=O)c1c(N)nn2cccnc12)c1cc2cccc(C#Cc3cc[nH]c(=O)c3)c2c(=O)n1-c1ccccc1,2000.0,5.698970004336019,0,541.5710000000004
C[C@H](NC(=O)c1c(N)nn2cccnc12)c1cc2cccc(C#Cc3ccc(=O)[nH]c3)c2c(=O)n1-c1ccccc1,2000.0,5.698970004336019,0,541.5710000000004
C[C@H](NC(=O)c1c(N)nn2cccnc12)c1cc2cccc(C#Cc3ccc(=O)n(C)c3)c2c(=O)n1-c1ccccc1,2000.0,5.698970004336019,0,555.5980000000004
C[C@H](NC(=O)c1c(N)nn2cccnc12)c1cc2cccc(C#Cc3ccccc3)c2c(=O)n1-c1ccccc1,2000.0,5.698970004336019,0,524.5840000000003
C[C@H](NC(=O)c1c(N)nn2cccnc12)c1cc2cccc(C#Cc3ccccn3)c2c(=O)n1-c1ccccc1,2000.0,5.698970004336019,0,525.5720000000003
C[C@H](NC(=O)c1c(N)nn2cccnc12)c1cc2cccc(C#Cc3cccnc3)c2c(=O)n1-c1ccccc1,2000.0,5.698970004336019,0,525.5720000000003
C[C@H](NC(=O)c1c(N)nn2cccnc12)c1cc2cccc(C#Cc3ccn(C)n3)c2c(=O)n1-c1ccccc1,2000.0,5.698970004336019,0,528.5760000000004
C[C@H](NC(=O)c1c(N)nn2cccnc12)c1cc2cccc(C#Cc3ccn[nH]3)c2c(=O)n1-c1ccccc1,2000.0,5.698970004336019,0,514.5490000000003
C[C@H](NC(=O)c1c(N)nn2cccnc12)c1cc2cccc(C#Cc3ccncc3)c2c(=O)n1-c1ccccc1,2000.0,5.698970004336019,0,525.5720000000003
C[C@H](NC(=O)c1c(N)nn2cccnc12)c1cc2cccc(C#Cc3ccnn3C)c2c(=O)n1-c1ccccc1,2000.0,5.698970004336019,0,528.5760000000004
C[C@H](NC(=O)c1c(N)nn2cccnc12)c1cc2cccc(C#Cc3cn(C)cn3)c2c(=O)n1-c1ccccc1,2000.0,5.698970004336019,0,528.5760000000004
C[C@H](NC(=O)c1c(N)nn2cccnc12)c1cc2cccc(C#Cc3cn[nH]c3)c2c(=O)n1-c1ccccc1,2000.0,5.698970004336019,0,514.5490000000003
C[C@H](NC(=O)c1c(N)nn2cccnc12)c1cc2cccc(C#Cc3cnc[nH]3)c2c(=O)n1-c1ccccc1,2000.0,5.698970004336019,0,514.5490000000003
C[C@H](NC(=O)c1c(N)nn2cccnc12)c1cc2cccc(C#Cc3cncn3C)c2c(=O)n1-c1ccccc1,2000.0,5.698970004336019,0,528.5760000000004
C[C@H](NC(=O)c1c(N)nn2cccnc12)c1cc2cccc(C#Cc3cncn3C)c2c(=O)n1C1CC1,2000.0,5.698970004336019,0,492.54300000000035
C[C@H](NC(=O)c1c(N)nn2cccnc12)c1cc2cccc(C#Cc3cncs3)c2c(=O)n1-c1ccccc1,2000.0,5.698970004336019,0,531.6010000000003
C[C@H](NC(=O)c1c(N)nn2cccnc12)c1cc2cccc(C#Cc3cnn(C)c3)c2c(=O)[nH]1,2000.0,5.698970004336019,0,452.47800000000024
C[C@H](NC(=O)c1c(N)nn2cccnc12)c1cc2cccc(C#Cc3cnn(C)c3)c2c(=O)n1-c1ccc(F)c(F)c1,2000.0,5.698970004336019,0,564.5560000000004
C[C@H](NC(=O)c1c(N)nn2cccnc12)c1cc2cccc(C#Cc3cnn(C)c3)c2c(=O)n1-c1ccc(F)cc1,2000.0,5.698970004336019,0,546.5660000000004
C[C@H](NC(=O)c1c(N)nn2cccnc12)c1cc2cccc(C#Cc3cnn(C)c3)c2c(=O)n1-c1cccc(F)c1,2000.0,5.698970004336019,0,546.5660000000004
C[C@H](NC(=O)c1c(N)nn2cccnc12)c1cc2cccc(C#Cc3cnn(C)c3)c2c(=O)n1-c1ccccc1,1585.2222222222222,5.79990984819702,0,528.5760000000004
C[C@H](NC(=O)c1c(N)nn2cccnc12)c1cc2cccc(C#Cc3cnn(C)c3)c2c(=O)n1C,2000.0,5.698970004336019,0,466.5050000000003
C[C@H](NC(=O)c1c(N)nn2cccnc12)c1cc2cccc(C#Cc3cnn(C)c3)c2c(=O)n1C1CC1,2000.0,5.698970004336019,0,492.54300000000035
C[C@H](NC(=O)c1c(N)nn2cccnc12)c1cc2cccc(C#Cc3cnn(C)c3)c2c(=O)n1C1CCCCC1,2000.0,5.698970004336019,0,534.6240000000003
C[C@H](NC(=O)c1c(N)nn2cccnc12)c1cc2cccc(C#Cc3cnn(C)c3)c2c(=O)n1CCS(=O)(=O)N(C)C,2000.0,5.698970004336019,0,587.6660000000003
C[C@H](NC(=O)c1c(N)nn2cccnc12)c1cc2cccc(C#Cc3cnn(C)c3)c2nc1-c1ccccc1,2000.0,5.698970004336019,0,512.5770000000003
C[C@H](NC(=O)c1c(N)nn2cccnc12)c1cc2cccc(C#Cc3cnn(C)c3C(F)(F)F)c2c(=O)n1-c1ccccc1,2000.0,5.698970004336019,0,596.5730000000002
C[C@H](NC(=O)c1c(N)nn2cccnc12)c1cc2cccc(C#Cc3cocn3)c2c(=O)n1-c1ccccc1,2000.0,5.698970004336019,0,515.5330000000004
C[C@H](NC(=O)c1c(N)nn2cccnc12)c1cc2cccc(C#Cc3cscn3)c2c(=O)n1-c1ccccc1,2000.0,5.698970004336019,0,531.6010000000003
C[C@H](NC(=O)c1c(N)nn2cccnc12)c1cc2cccc(C#Cc3nccs3)c2c(=O)n1-c1ccccc1,2000.0,5.698970004336019,0,531.6010000000003
C[C@H](NC(=O)c1c(N)nn2cccnc12)c1cc2cccc(CC(=O)c3cn[nH]c3)c2c(=O)n1-c1ccccc1,2000.0,5.698970004336019,0,532.5640000000003
C[C@H](NC(=O)c1c(N)nn2cccnc12)c1cc2cccc(CC(=O)c3cnn(C)c3)c2c(=O)n1-c1ccccc1,2000.0,5.698970004336019,0,546.5910000000003
C[C@H](NC(=O)c1c(N)nn2cccnc12)c1cc2cccc(N)c2c(=O)n1-c1ccccc1,2000.0,5.698970004336019,0,439.4790000000002
C[C@H](NC(=O)c1c(N)nn2cccnc12)c1cc2cccc(NC(=O)c3cnn(C)c3)c2c(=O)n1-c1ccccc1,2000.0,5.698970004336019,0,547.5790000000003
C[C@H](NC(=O)c1c(N)nn2cccnc12)c1cc2ccccc2c(=O)n1-c1ccccc1,2000.0,5.698970004336019,0,424.46400000000017
C[C@H](NC(=O)c1c(N)nn2cccnc12)c1nc2cccc(C#Cc3cnn(C)c3)c2c(=O)n1-c1ccccc1,2000.0,5.698970004336019,0,529.5640000000003
C[C@H](NC(=O)c1c(N)nn2cccnc12)c1nc2cccc(C#Cc3cnn(C)c3)c2c(=O)n1C,2000.0,5.698970004336019,0,467.4930000000003
C[C@H](NC(=O)c1c(N)nn2cccnc12)c1nc2cccc(C#Cc3cnn(C)c3)c2cc1-c1ccccc1,2000.0,5.698970004336019,0,512.5770000000003
C[C@H](NC(=O)c1c(N)nn2cccnc12)c1oc2cccc(C#Cc3cnn(C)c3)c2c(=O)c1-c1ccccc1,2000.0,5.698970004336019,0,529.5600000000003
C[C@H](NC(=O)c1ccc(NC(=O)Nc2ccc(-c3nc(N4CCOCC4)nc(N4CCOC[C@@H]4C)n3)cc2)cc1)C(N)=O,5.0,8.301029995663981,1,589.6570000000004
C[C@H](NC(=O)c1ccc2nc(Nc3ccc(-c4nc(N5CCOCC5)nc(N5CCOCC5)n4)cc3)[nH]c2c1)C(N)=O,14000.0,4.853871964321762,0,572.6300000000003
C[C@H](NC(=O)c1cnc2ccc(-c3ccc4oc(N)nc4c3)cn12)C(=O)O,10000.0,5.0,0,365.34900000000005
C[C@H](NC(=O)c1cnc2ccc(-c3ccc4oc(N)nc4c3)cn12)C(N)=O,4.6,8.337242168318426,1,364.36500000000007
C[C@H](NC(=O)c1cncc2cccnc12)c1cc2cccc(C#Cc3cnn(C)c3)c2c(=O)n1-c1ccccc1,2000.0,5.698970004336019,0,524.5840000000003
C[C@H](NC(=O)c1cnn2cccnc12)c1cc2cccc(C#Cc3cnn(C)c3)c2c(=O)n1-c1ccccc1,2000.0,5.698970004336019,0,513.5610000000003
C[C@H](NC(=O)c1nccnc1N)c1cc2cccc(C#Cc3cnn(C)c3)c2c(=O)n1-c1ccccc1,2000.0,5.698970004336019,0,489.5390000000002
C[C@H](Nc1c(C#N)cnc2ccc(-c3cnc(Cl)c(NS(C)(=O)=O)c3)cc12)c1ccccc1,2.0,8.698970004336019,1,477.9770000000002
C[C@H](Nc1c(C(N)=O)nnc2ccc(-c3ccc(OCCCN(C)C)nc3)cc12)C1CCOCC1,16100.0,4.79317412396815,0,478.59700000000043
C[C@H](Nc1cc(F)cc(F)c1)c1cc(C(=O)N(C)C)cc2c(=O)cc(N3CCO[C@@H](C)C3)oc12,1365.0,5.864867348623225,0,471.5040000000003
C[C@H](Nc1cc(N2CCOCC2)nc(=O)[nH]1)c1cccc2ccccc12,52800.0,4.277366077466188,0,350.422
C[C@H](Nc1ccccc1C(=O)O)c1cc(C(F)(F)F)cc2c(=O)cc(N3Cc4ccccc4C3)oc12,500.0,6.301029995663981,1,494.4690000000003
C[C@H](Nc1cnc2ccc(-c3ccc4oc(N)nc4c3)cc2n1)C(N)=O,499.2,6.301725423325633,1,348.36600000000004
C[C@H](Nc1nc(N)nc(N)c1C#Cc1ccc(F)cn1)c1nc2cccc(Cl)c2c(=O)n1-c1cc(F)cc(F)c1,1000.0,6.0,1,562.9430000000002
C[C@H](Nc1nc(N)nc(N)c1C#Cc1ccc(F)cn1)c1nc2cccc(Cl)c2c(=O)n1-c1ccccc1,1000.0,6.0,1,526.9630000000002
C[C@H](Nc1nc(N)nc(N)c1C#Cc1ccccc1)c1nc2cccc(Cl)c2c(=O)n1-c1ccccc1,550.0,6.259637310505756,1,507.98500000000024
C[C@H](Nc1nc(N)nc(N)c1C#N)c1c(-c2ccccc2)c(=O)n2cc(F)ccc2c1-c1ccc(C(N)=O)cc1,60.0,7.221848749616356,1,534.5550000000003
C[C@H](Nc1nc(N)nc(N)c1C#N)c1c(-c2ccccc2)c(=O)n2cc(F)ccc2c1-c1ccc(F)cc1,377.2,6.423428315934709,1,509.5200000000002
C[C@H](Nc1nc(N)nc(N)c1C#N)c1c(-c2ccccc2)c(=O)n2cc(F)ccc2c1-c1ccccc1,1918.0,5.717151397165355,0,491.5300000000002
C[C@H](Nc1nc(N)nc(N)c1C#N)c1c(-c2ccccc2)c(=O)n2cc(F)ccc2c1C1CC1,980.0,6.008773924307505,1,455.49700000000024
C[C@H](Nc1nc(N)nc(N)c1C#N)c1cc2ccc(F)cn2c(=O)c1-c1ccc(F)cc1,384.0,6.4156687756324695,1,433.42200000000014
C[C@H](Nc1nc(N)nc(N)c1C#N)c1cc2ccc(F)cn2c(=O)c1-c1ccccc1,371.0,6.430626090384954,1,415.43200000000013
C[C@H](Nc1nc(N)nc(N)c1C#N)c1cn(-c2cccnc2)c2cc(Cl)cnc12,7034.0,5.152797636019076,0,405.85300000000007
C[C@H](Nc1nc(N)nc(N)c1C#N)c1nc2cccc(CNC(=O)c3ccc(C(=O)NO)cc3)c2c(=O)n1-c1ccccc1,18.0,7.7447274948966935,1,590.6040000000003
C[C@H](Nc1nc(N)nc(N)c1C#N)c1nc2cccc(CNc3ncc(C(=O)NO)cn3)c2c(=O)n1-c1ccccc1,42.0,7.376750709602099,1,564.5700000000003
C[C@H](Nc1nc(N)nc(N)c1C#N)c1nc2cccc(NCc3ccc(C(=O)NO)cc3)c2c(=O)n1-c1ccccc1,42.0,7.376750709602099,1,562.5940000000003
C[C@H](Nc1nc(N)nc(N)c1C#N)c1nn(-c2cccc(S(C)(=O)=O)c2)c2cc(Cl)ccc12,1000.0,6.0,1,482.95700000000016
C[C@H](Nc1nc(N)nc(N)c1C#N)c1nn(-c2cccnc2)c2cc(Cl)ccc12,1000.0,6.0,1,405.8530000000001
C[C@H](Nc1nc2ccc(-c3ccn(CC4CC4)c(=O)c3)cc2s1)C1CCOCC1,199526.23,3.700000003258169,0,409.5550000000002
C[C@H](Nc1ncnc(N)c1C#CC(C)(C)O)c1nc2cccc(Cl)c2c(=O)n1-c1cc(F)cc(F)c1,1000.0,6.0,1,510.93200000000024
C[C@H](Nc1ncnc(N)c1C#CC(C)(C)O)c1nc2cccc(Cl)c2c(=O)n1-c1ccccc1,1000.0,6.0,1,474.9520000000002
C[C@H](Nc1ncnc(N)c1C#CC1CC1)c1nc2cccc(Cl)c2c(=O)n1-c1cc(F)cc(F)c1,1000.0,6.0,1,492.91700000000014
C[C@H](Nc1ncnc(N)c1C#CC1CC1)c1nc2cccc(Cl)c2c(=O)n1-c1ccccc1,1000.0,6.0,1,456.9370000000001
C[C@H](Nc1ncnc(N)c1C#CC1CCCC1)c1nc2cccc(Cl)c2c(=O)n1-c1ccccc1,1000.0,6.0,1,484.9910000000001
C[C@H](Nc1ncnc(N)c1C#CC1CCCCC1)c1nc2cccc(Cl)c2c(=O)n1-c1ccccc1,1000.0,6.0,1,499.01800000000014
C[C@H](Nc1ncnc(N)c1C#Cc1cc(C(=O)O)ccn1)c1nc2cccc(Cl)c2c(=O)n1-c1ccccc1,550.0,6.259637310505756,1,537.9670000000002
C[C@H](Nc1ncnc(N)c1C#Cc1cc(C(F)(F)F)ccn1)c1nc2cccc(Cl)c2c(=O)n1-c1ccccc1,1000.0,6.0,1,561.9550000000003
C[C@H](Nc1ncnc(N)c1C#Cc1cc(C(F)F)ccn1)c1nc2cccc(Cl)c2c(=O)n1-c1ccccc1,1000.0,6.0,1,543.9650000000003
C[C@H](Nc1ncnc(N)c1C#Cc1cc(C(N)=O)ccn1)c1nc2cccc(Cl)c2c(=O)n1-c1ccccc1,550.0,6.259637310505756,1,536.9830000000002
C[C@H](Nc1ncnc(N)c1C#Cc1cc(CO)ccn1)c1nc2cccc(Cl)c2c(=O)n1-c1ccccc1,550.0,6.259637310505756,1,523.9840000000003
C[C@H](Nc1ncnc(N)c1C#Cc1ccc(C(=O)O)cn1)c1nc2cccc(Cl)c2c(=O)n1-c1ccccc1,1000.0,6.0,1,537.9670000000002
C[C@H](Nc1ncnc(N)c1C#Cc1ccc(C(F)(F)F)cn1)c1nc2cccc(Cl)c2c(=O)n1-c1cc(F)cc(F)c1,1000.0,6.0,1,597.9350000000003
C[C@H](Nc1ncnc(N)c1C#Cc1ccc(C(F)(F)F)cn1)c1nc2cccc(Cl)c2c(=O)n1-c1ccccc1,1000.0,6.0,1,561.9550000000003
C[C@H](Nc1ncnc(N)c1C#Cc1ccc(C(N)=O)cn1)c1nc2cccc(Cl)c2c(=O)n1-c1cc(F)cc(F)c1,1000.0,6.0,1,572.9630000000002
C[C@H](Nc1ncnc(N)c1C#Cc1ccc(C(N)=O)cn1)c1nc2cccc(Cl)c2c(=O)n1-c1ccccc1,1000.0,6.0,1,536.9830000000002
C[C@H](Nc1ncnc(N)c1C#Cc1ccc(F)cn1)c1nc2c(Cl)ccc(Cl)c2c(=O)n1-c1ccccc1,1000.0,6.0,1,546.3930000000003
C[C@H](Nc1ncnc(N)c1C#Cc1ccc(F)cn1)c1nc2c(Cl)cccc2c(=O)n1-c1ccccc1,1000.0,6.0,1,511.9480000000002
C[C@H](Nc1ncnc(N)c1C#Cc1ccc(F)cn1)c1nc2c(F)ccc(Cl)c2c(=O)n1-c1cc(F)cc(F)c1,1000.0,6.0,1,565.9180000000002
C[C@H](Nc1ncnc(N)c1C#Cc1ccc(F)cn1)c1nc2c(F)ccc(Cl)c2c(=O)n1-c1ccccc1,1000.0,6.0,1,529.9380000000002
C[C@H](Nc1ncnc(N)c1C#Cc1ccc(F)cn1)c1nc2c(F)ccc(F)c2c(=O)n1-c1cc(F)cc(F)c1,1000.0,6.0,1,549.4630000000003
C[C@H](Nc1ncnc(N)c1C#Cc1ccc(F)cn1)c1nc2c(F)ccc(F)c2c(=O)n1-c1ccccc1,1000.0,6.0,1,513.4830000000003
C[C@H](Nc1ncnc(N)c1C#Cc1ccc(F)cn1)c1nc2c(F)cccc2c(=O)n1-c1cc(F)cc(F)c1,1000.0,6.0,1,531.4730000000003
C[C@H](Nc1ncnc(N)c1C#Cc1ccc(F)cn1)c1nc2c(F)cccc2c(=O)n1-c1ccccc1,1000.0,6.0,1,495.4930000000002
C[C@H](Nc1ncnc(N)c1C#Cc1ccc(F)cn1)c1nc2ccc(F)cc2c(=O)n1-c1cccc(C#N)c1,1000.0,6.0,1,520.5030000000003
C[C@H](Nc1ncnc(N)c1C#Cc1ccc(F)cn1)c1nc2ccc(F)cc2c(=O)n1-c1cccc(Cl)c1,1000.0,6.0,1,529.9380000000002
C[C@H](Nc1ncnc(N)c1C#Cc1ccc(F)cn1)c1nc2ccc(F)cc2c(=O)n1-c1ccccc1,1000.0,6.0,1,495.4930000000002
C[C@H](Nc1ncnc(N)c1C#Cc1ccc(F)cn1)c1nc2cccc(C(F)(F)F)c2c(=O)n1-c1ccccc1,1000.0,6.0,1,545.5000000000002
C[C@H](Nc1ncnc(N)c1C#Cc1ccc(F)cn1)c1nc2cccc(C(F)F)c2c(=O)n1-c1cc(F)cc(F)c1,1000.0,6.0,1,563.4900000000002
C[C@H](Nc1ncnc(N)c1C#Cc1ccc(F)cn1)c1nc2cccc(C(F)F)c2c(=O)n1-c1cccc(C#N)c1,1000.0,6.0,1,552.5200000000001
C[C@H](Nc1ncnc(N)c1C#Cc1ccc(F)cn1)c1nc2cccc(C(F)F)c2c(=O)n1-c1ccccc1,1000.0,6.0,1,527.5100000000002
C[C@H](Nc1ncnc(N)c1C#Cc1ccc(F)cn1)c1nc2cccc(Cl)c2c(=O)n1-c1cc(F)cc(F)c1,1000.0,6.0,1,547.9280000000002
C[C@H](Nc1ncnc(N)c1C#Cc1ccc(F)cn1)c1nc2cccc(Cl)c2c(=O)n1-c1cccc(-c2ccccc2)c1,1000.0,6.0,1,588.0460000000003
C[C@H](Nc1ncnc(N)c1C#Cc1ccc(F)cn1)c1nc2cccc(Cl)c2c(=O)n1-c1cccc(C#N)c1,1000.0,6.0,1,536.9580000000002
C[C@H](Nc1ncnc(N)c1C#Cc1ccc(F)cn1)c1nc2cccc(Cl)c2c(=O)n1-c1cccc(C(C)(C)C)c1,1000.0,6.0,1,568.0560000000002
C[C@H](Nc1ncnc(N)c1C#Cc1ccc(F)cn1)c1nc2cccc(Cl)c2c(=O)n1-c1cccc(CNS(C)(=O)=O)c1,1000.0,6.0,1,619.0820000000003
C[C@H](Nc1ncnc(N)c1C#Cc1ccc(F)cn1)c1nc2cccc(Cl)c2c(=O)n1-c1cccc(S(C)(=O)=O)c1,1000.0,6.0,1,590.0400000000002
C[C@H](Nc1ncnc(N)c1C#Cc1ccc(F)cn1)c1nc2cccc(Cl)c2c(=O)n1-c1ccccc1,1000.0,6.0,1,511.9480000000002
C[C@H](Nc1ncnc(N)c1C#Cc1ccc(F)cn1)c1nc2cccc(Cl)c2c(=O)n1N1CCNCC1,1000.0,6.0,1,519.9720000000002
C[C@H](Nc1ncnc(N)c1C#Cc1ccc(F)cn1)c1nc2cccc(Cl)c2c(=O)n1N1CCOCC1,1000.0,6.0,1,520.9560000000002
C[C@H](Nc1ncnc(N)c1C#Cc1ccc(F)cn1)c1nc2cccc(F)c2c(=O)n1-c1cc(F)cc(F)c1,1000.0,6.0,1,531.4730000000003
C[C@H](Nc1ncnc(N)c1C#Cc1ccc(F)cn1)c1nc2cccc(F)c2c(=O)n1-c1cccc(F)c1,1000.0,6.0,1,513.4830000000003
C[C@H](Nc1ncnc(N)c1C#Cc1ccc(F)cn1)c1nc2cccc(F)c2c(=O)n1-c1ccccc1,1000.0,6.0,1,495.4930000000002
C[C@H](Nc1ncnc(N)c1C#Cc1ccc(F)cn1)c1nc2cccc(O)c2c(=O)n1-c1ccccc1,1000.0,6.0,1,493.50200000000024
C[C@H](Nc1ncnc(N)c1C#Cc1ccc(N)cn1)c1nc2cccc(Cl)c2c(=O)n1-c1cc(F)cc(F)c1,1000.0,6.0,1,544.9530000000002
C[C@H](Nc1ncnc(N)c1C#Cc1ccc(N)cn1)c1nc2cccc(Cl)c2c(=O)n1-c1ccccc1,100.0,7.0,1,508.9730000000002
C[C@H](Nc1ncnc(N)c1C#Cc1ccc(OC(F)(F)F)cc1)c1nc2cccc(Cl)c2c(=O)n1-c1cc(F)cc(F)c1,1000.0,6.0,1,612.9460000000003
C[C@H](Nc1ncnc(N)c1C#Cc1ccc(OC(F)(F)F)cc1)c1nc2cccc(Cl)c2c(=O)n1-c1ccccc1,1000.0,6.0,1,576.9660000000002
C[C@H](Nc1ncnc(N)c1C#Cc1ccc2nc(N)sc2c1)c1nc2cccc(Cl)c2c(=O)n1-c1ccccc1,550.0,6.259637310505756,1,565.0620000000002
C[C@H](Nc1ncnc(N)c1C#Cc1cccc(C(F)(F)F)n1)c1nc2cccc(Cl)c2c(=O)n1-c1ccccc1,1000.0,6.0,1,561.9550000000003
C[C@H](Nc1ncnc(N)c1C#Cc1cccc(CN)n1)c1nc2cccc(Cl)c2c(=O)n1-c1ccccc1,1000.0,6.0,1,523.0000000000002
C[C@H](Nc1ncnc(N)c1C#Cc1cccc(CO)c1)c1nc2cccc(Cl)c2c(=O)n1-c1ccccc1,1000.0,6.0,1,522.9960000000002
C[C@H](Nc1ncnc(N)c1C#Cc1cccc(CO)n1)c1nc2cccc(Cl)c2c(=O)n1-c1ccccc1,550.0,6.259637310505756,1,523.9840000000003
C[C@H](Nc1ncnc(N)c1C#Cc1cccc(N)n1)c1nc2cccc(Cl)c2c(=O)n1-c1cc(F)cc(F)c1,550.0,6.259637310505756,1,544.9530000000002
C[C@H](Nc1ncnc(N)c1C#Cc1cccc(N)n1)c1nc2cccc(Cl)c2c(=O)n1-c1ccccc1,100.0,7.0,1,508.9730000000002
C[C@H](Nc1ncnc(N)c1C#Cc1ccccc1)c1nc2cccc(C#N)c2c(=O)n1-c1ccccc1,1000.0,6.0,1,483.53500000000025
C[C@H](Nc1ncnc(N)c1C#Cc1ccccc1)c1nc2cccc(Cl)c2c(=O)n1-c1ccccc1,550.0,6.259637310505756,1,492.97000000000025
C[C@H](Nc1ncnc(N)c1C#Cc1ccccc1)c1nc2cccc(F)c2c(=O)n1-c1cccc(C#N)c1,1000.0,6.0,1,501.52500000000026
C[C@H](Nc1ncnc(N)c1C#Cc1ccccc1)c1nc2cccc(F)c2c(=O)n1-c1cccc(F)c1,1000.0,6.0,1,494.5050000000002
C[C@H](Nc1ncnc(N)c1C#Cc1ccccc1)c1nc2cccc(F)c2c(=O)n1-c1cccnc1,550.0,6.259637310505756,1,477.5030000000002
C[C@H](Nc1ncnc(N)c1C#Cc1ccccc1)c1nc2cccc(S(C)(=O)=O)c2c(=O)n1-c1ccccc1,550.0,6.259637310505756,1,536.6170000000003
C[C@H](Nc1ncnc(N)c1C#Cc1ccccn1)c1nc2cccc(Cl)c2c(=O)n1-c1cc(F)cc(F)c1,1000.0,6.0,1,529.9380000000002
C[C@H](Nc1ncnc(N)c1C#Cc1ccccn1)c1nc2cccc(Cl)c2c(=O)n1-c1cccc(C(N)=O)c1,550.0,6.259637310505756,1,536.9830000000003
C[C@H](Nc1ncnc(N)c1C#Cc1ccccn1)c1nc2cccc(Cl)c2c(=O)n1-c1cccc(S(N)(=O)=O)c1,550.0,6.259637310505756,1,573.0380000000002
C[C@H](Nc1ncnc(N)c1C#Cc1ccccn1)c1nc2cccc(Cl)c2c(=O)n1-c1ccccc1,550.0,6.259637310505756,1,493.9580000000002
C[C@H](Nc1ncnc(N)c1C#Cc1cccnc1)c1nc2cccc(Cl)c2c(=O)n1-c1cc(F)cc(F)c1,1000.0,6.0,1,529.9380000000002
C[C@H](Nc1ncnc(N)c1C#Cc1cccnc1)c1nc2cccc(Cl)c2c(=O)n1-c1ccccc1,550.0,6.259637310505756,1,493.9580000000002
C[C@H](Nc1ncnc(N)c1C#Cc1cccnn1)c1nc2cccc(Cl)c2c(=O)n1-c1ccccc1,1000.0,6.0,1,494.94600000000025
C[C@H](Nc1ncnc(N)c1C#Cc1cn[nH]c1)c1nc2cccc(Cl)c2c(=O)n1-c1ccccc1,550.0,6.259637310505756,1,482.9350000000002
C[C@H](Nc1ncnc(N)c1C#Cc1cnc(N)cc1C(F)(F)F)c1nc2cccc(Cl)c2c(=O)n1-c1cc(F)cc(F)c1,550.0,6.259637310505756,1,612.9500000000003
C[C@H](Nc1ncnc(N)c1C#Cc1cnc(N)cc1C(F)(F)F)c1nc2cccc(Cl)c2c(=O)n1-c1ccccc1,100.0,7.0,1,576.9700000000003
C[C@H](Nc1ncnc(N)c1C#Cc1cnc(N)nc1)c1nc2cccc(Cl)c2c(=O)n1-c1cc(F)cc(F)c1,550.0,6.259637310505756,1,545.9410000000003
C[C@H](Nc1ncnc(N)c1C#Cc1cnc(N)nc1)c1nc2cccc(Cl)c2c(=O)n1-c1ccccc1,100.0,7.0,1,509.96100000000024
C[C@H](Nc1ncnc(N)c1C#Cc1cnccn1)c1nc2c(F)cccc2c(=O)n1-c1cc(F)cc(F)c1,1000.0,6.0,1,514.4710000000002
C[C@H](Nc1ncnc(N)c1C#Cc1cnccn1)c1nc2ccc(F)cc2c(=O)n1-c1cccc(C#N)c1,1000.0,6.0,1,503.50100000000026
C[C@H](Nc1ncnc(N)c1C#Cc1cnccn1)c1nc2ccc(F)cc2c(=O)n1-c1cccc(Cl)c1,1000.0,6.0,1,512.9360000000003
C[C@H](Nc1ncnc(N)c1C#Cc1cnccn1)c1nc2ccc(F)cc2c(=O)n1-c1ccccc1,1000.0,6.0,1,478.4910000000002
C[C@H](Nc1ncnc(N)c1C#Cc1cnccn1)c1nc2cccc(C#N)c2c(=O)n1-c1ccccc1,1000.0,6.0,1,485.51100000000025
C[C@H](Nc1ncnc(N)c1C#Cc1cnccn1)c1nc2cccc(C(F)F)c2c(=O)n1-c1cc(F)cc(F)c1,1000.0,6.0,1,546.4880000000003
C[C@H](Nc1ncnc(N)c1C#Cc1cnccn1)c1nc2cccc(C(F)F)c2c(=O)n1-c1cccc(C#N)c1,1000.0,6.0,1,535.5180000000003
C[C@H](Nc1ncnc(N)c1C#Cc1cnccn1)c1nc2cccc(C(F)F)c2c(=O)n1-c1ccccc1,1000.0,6.0,1,510.5080000000002
C[C@H](Nc1ncnc(N)c1C#Cc1cnccn1)c1nc2cccc(Cl)c2c(=O)n1-c1cc(F)cc(F)c1,1000.0,6.0,1,530.9260000000003
C[C@H](Nc1ncnc(N)c1C#Cc1cnccn1)c1nc2cccc(Cl)c2c(=O)n1-c1cccc(C#N)c1,1000.0,6.0,1,519.9560000000004
C[C@H](Nc1ncnc(N)c1C#Cc1cnccn1)c1nc2cccc(Cl)c2c(=O)n1-c1cccc(CNS(C)(=O)=O)c1,1000.0,6.0,1,602.0800000000003
C[C@H](Nc1ncnc(N)c1C#Cc1cnccn1)c1nc2cccc(Cl)c2c(=O)n1-c1cccc(Cl)c1,1000.0,6.0,1,529.3910000000003
C[C@H](Nc1ncnc(N)c1C#Cc1cnccn1)c1nc2cccc(Cl)c2c(=O)n1-c1ccccc1,1000.0,6.0,1,494.94600000000025
C[C@H](Nc1ncnc(N)c1C#Cc1cnccn1)c1nc2cccc(Cl)c2c(=O)n1-c1cccnc1,1000.0,6.0,1,495.93400000000025
C[C@H](Nc1ncnc(N)c1C#Cc1cnccn1)c1nc2cccc(Cl)c2c(=O)n1C1C[C@H]2CC[C@@H](C1)N2C,1000.0,6.0,1,542.0470000000003
C[C@H](Nc1ncnc(N)c1C#Cc1cnccn1)c1nc2cccc(Cl)c2c(=O)n1N1CCCCCC1,1000.0,6.0,1,516.0090000000004
C[C@H](Nc1ncnc(N)c1C#Cc1cnccn1)c1nc2cccc(F)c2c(=O)n1-c1cc(F)cc(F)c1,1000.0,6.0,1,514.4710000000002
C[C@H](Nc1ncnc(N)c1C#Cc1cnccn1)c1nc2cccc(F)c2c(=O)n1-c1cccc(F)c1,1000.0,6.0,1,496.4810000000002
C[C@H](Nc1ncnc(N)c1C#Cc1cnccn1)c1nc2cccc(F)c2c(=O)n1-c1ccccc1,1000.0,6.0,1,478.4910000000002
C[C@H](Nc1ncnc(N)c1C#Cc1cnccn1)c1nc2cccc(F)c2c(=O)n1-c1cccnc1,1000.0,6.0,1,479.4790000000002
C[C@H](Nc1ncnc(N)c1C#Cc1cnccn1)c1nc2cccc(S(C)(=O)=O)c2c(=O)n1-c1ccccc1,1000.0,6.0,1,538.5930000000003
C[C@H](Nc1ncnc(N)c1C#Cc1cncnc1)c1nc2cccc(Cl)c2c(=O)n1-c1cc(F)cc(F)c1,1000.0,6.0,1,530.9260000000003
C[C@H](Nc1ncnc(N)c1C#Cc1cncnc1)c1nc2cccc(Cl)c2c(=O)n1-c1ccccc1,1000.0,6.0,1,494.94600000000025
C[C@H](Nc1ncnc(N)c1C#Cc1ncc(F)cc1F)c1nc2cccc(Cl)c2c(=O)n1-c1ccccc1,1000.0,6.0,1,529.9380000000002
C[C@H](Nc1ncnc(N)c1C#Cc1ncccc1C(F)(F)F)c1nc2cccc(Cl)c2c(=O)n1-c1ccccc1,1000.0,6.0,1,561.9550000000003
C[C@H](Nc1ncnc(N)c1C#Cc1ncccc1CO)c1nc2cccc(Cl)c2c(=O)n1-c1ccccc1,1000.0,6.0,1,523.9840000000003
C[C@H](Nc1ncnc(N)c1C#Cc1ncccc1F)c1nc2cccc(Cl)c2c(=O)n1-c1ccccc1,1000.0,6.0,1,511.9480000000002
C[C@H](Nc1ncnc(N)c1C#Cc1ncccn1)c1nc2cccc(Cl)c2c(=O)n1-c1cc(F)cc(F)c1,1000.0,6.0,1,530.9260000000003
C[C@H](Nc1ncnc(N)c1C#Cc1ncccn1)c1nc2cccc(Cl)c2c(=O)n1-c1ccccc1,1000.0,6.0,1,494.94600000000025
C[C@H](Nc1ncnc(N)c1C#Cc1ncccn1)c1nc2cccc(Cl)c2c(=O)n1-c1cccnc1,1000.0,6.0,1,495.93400000000025
C[C@H](Nc1ncnc(N)c1C#Cc1ncccn1)c1nc2cccc(F)c2c(=O)n1-c1ccccc1,1000.0,6.0,1,478.4910000000002
C[C@H](Nc1ncnc(N)c1C#N)c1nc2ccc(F)cc2c(-c2ccccn2)c1-c1ccccn1,7900.0,5.102372908709558,0,462.4920000000002
C[C@H](Nc1ncnc(N)c1C#N)c1nc2ccc(F)cc2c(C#N)c1-c1ccccc1,5080.0,5.294136287716081,0,409.42800000000017
C[C@H](Nc1ncnc(N)c1C#N)c1nc2ccc(F)cc2c(C(=O)N(C)C)c1-c1ccccc1,703.0,6.153044674980176,1,455.49700000000024
C[C@H](Nc1ncnc(N)c1C#N)c1nc2ccc(F)cc2c(C(=O)N2CCNCC2)c1-c1ccccc1,949.0,6.022733787572707,1,496.55000000000035
C[C@H](Nc1ncnc(N)c1C#N)c1nc2ccc(F)cc2c(C(=O)N2CCS(=O)(=O)CC2)c1-c1ccccc1,444.0,6.35261702988538,1,545.6000000000005
C[C@H](Nc1ncnc(N)c1C#N)c1nc2ccc(F)cc2c(C(N)=O)c1-c1ccccc1,5760.0,5.239577516576788,0,427.4430000000002
C[C@H](Nc1ncnc(N)c1C#N)c1nc2ccc(F)cc2c(N2CC(O)C2)c1-c1ccccn1,1210.0,5.91721462968355,0,456.48500000000024
C[C@H](Nc1ncnc(N)c1C#N)c1nc2ccc(F)cc2c(N2CCOCC2)c1-c1ccccn1,830.0,6.080921907623926,1,470.51200000000034
C[C@H](Nc1ncnc(N)c1C#N)c1nc2ccc(F)cc2c(NCCN(C)C)c1-c1ccccc1,1600.0,5.795880017344075,0,470.55600000000027
C[C@H](Nc1ncnc(N)c1C#N)c1nc2ccc(F)cc2c(NCCS(C)(=O)=O)c1-c1ccccc1,900.0,6.045757490560675,1,505.5790000000003
C[C@H](Nc1ncnc(N)c1C#N)c1nc2ccc(F)cc2c(S(C)(=O)=O)c1-c1ccccc1,920.0,6.036212172654444,1,462.5100000000002
C[C@H](Nc1ncnc(N)c1C#N)c1nc2ccc(F)cc2c([S+]([O-])CCO)c1-c1ccccc1,620.0,6.2076083105017466,1,476.53700000000026
C[C@H](Nc1ncnc2[nH]cc(F)c12)c1nc2cccc(F)c2c(=O)n1-c1cccc(OCC(F)(F)F)c1,10000.0,5.0,0,516.4300000000003
C[C@H](Nc1ncnc2[nH]ccc12)c1nc2cccc(Cl)c2c(=O)n1-c1cccc(OCC(F)(F)F)c1,4100.0,5.3872161432802645,0,514.8950000000003
C[C@H](Nc1ncnc2[nH]ccc12)c1nc2cccc(F)c2c(=O)n1-c1ccc(OCC(F)(F)F)cc1,9700.0,5.013228265733755,0,498.4400000000002
C[C@H](Nc1ncnc2[nH]ccc12)c1nc2cccc(F)c2c(=O)n1-c1cccc(OCC(F)(F)C(F)(F)F)c1,10000.0,5.0,0,548.4470000000003
C[C@H](Nc1ncnc2[nH]cnc12)c1cc2ccc(F)cc2nc1-c1ccccn1,33000.0,4.481486060122113,0,385.4060000000001
C[C@H](Nc1ncnc2[nH]cnc12)c1nc2cccc(Cl)c2c(=O)n1-c1ccccc1,270.0,6.568636235841013,1,417.8600000000001
C[C@H](Nc1ncnc2ccc(-c3ccc4oc(N)nc4c3)cc12)C(N)=O,18.5,7.732828271596986,1,348.3660000000001
C[C@H](Nc1ncnc2ccc(-c3cnc(Cl)c(NS(C)(=O)=O)c3)cc12)c1ccc(F)cc1,2.0,8.698970004336019,1,471.94500000000016
C[C@H](Nc1ncnc2ccc(-c3cnc(Cl)c(NS(C)(=O)=O)c3)cc12)c1ccccc1,2.0,8.698970004336019,1,453.95500000000015
C[C@H](Nc1ncnc2nc[nH]c12)c1cc2cccc(Cl)c2c(=O)n1-c1ccccc1,1451.5,5.838182959832308,0,416.8720000000002
C[C@H](O)C#Cc1cccc2cc([C@H](C)NC(=O)c3c(N)nn4cccnc34)n(-c3ccccc3)c(=O)c12,2000.0,5.698970004336019,0,492.53900000000016
C[C@H](O)C(=O)N1CCN(Cc2csc3c(-c4cccc5[nH]ncc45)nc(N4CCOCC4)nc23)CC1,76.0,7.119186407719209,1,507.6200000000004
C[C@H](O)C(=O)N1CCN(Cc2csc3c(-c4cnc(N)nc4)nc(N4CCOCC4)nc23)CC1,12.0,7.920818753952375,1,484.5860000000004
C[C@H](O)CC(=O)N1CCC(c2nc(-c3cnc(N)c(-c4nnc(C(C)(C)C)o4)n3)n(C)n2)CC1,27.5,7.560667306169737,1,469.5500000000003
C[C@H](Oc1ccc2c(c1)OCc1ccc(-c3cc(C(F)(F)F)ncn3)cc1-2)C(N)=O,40.9,7.388276691992658,1,415.37100000000004
C[C@H](Oc1ccc2c(c1)OCc1ccc(-c3cc(N(C)C)ncn3)cc1-2)C(N)=O,0.6,9.221848749616356,1,390.4430000000001
C[C@H](Oc1ccc2c(c1)OCc1ccc(-c3cc(N)ncn3)cc1-2)C(N)=O,0.8,9.096910013008056,1,362.38900000000007
C[C@H](Oc1ccc2c(c1)OCc1ccc(-c3cc(N4CCCCC4)ncn3)cc1-2)C(N)=O,656.2,6.182963773949971,1,430.50800000000027
C[C@H](Oc1ccc2c(c1)OCc1ccc(-c3cc(N4CCOCC4)ncn3)cc1-2)C(N)=O,278.0,6.555955204081924,1,432.48000000000025
C[C@H](Oc1ccc2c(c1)OCc1ccc(-c3cc(NC(C)(C)C)ncn3)cc1-2)C(N)=O,32.3,7.490797477668897,1,418.4970000000002
C[C@H](Oc1ccc2c(c1)OCc1ccc(-c3cc(NC4CC4)ncn3)cc1-2)C(N)=O,0.5,9.301029995663981,1,402.4540000000002
C[C@H](Oc1ccc2c(c1)OCc1ccc(-c3cc(NCCN(C)C)ncn3)cc1-2)C(N)=O,1000.0,6.0,1,433.5120000000002
C[C@H](Oc1ccc2c(c1)OCc1ccc(-c3cc[nH]n3)cc1-2)C(N)=O,15.1,7.82102305270683,1,335.36300000000006
C[C@H](Oc1ccc2c(c1)OCc1ccc(-c3ccncc3)cc1-2)C(N)=O,33.6,7.473660722610156,1,346.3860000000001
C[C@H](Oc1ccc2c(c1)OCc1ccc(-c3ccncn3)cc1-2)C(N)=O,5.9,8.229147988357855,1,347.3740000000001
C[C@H](Oc1ccc2c(c1)OCc1ccc(-c3cn[nH]c3)cc1-2)C(N)=O,84.6,7.0726296369609765,1,335.36300000000006
C[C@H](Oc1ccc2c(c1)OCc1ccc(-c3cnccn3)cc1-2)C(N)=O,82.3,7.08460016478773,1,347.3740000000001
C[C@H](Oc1ccc2c(c1)OCc1ccc(-c3ncccn3)cc1-2)C(N)=O,18.5,7.732828271596986,1,347.3740000000001
C[C@H](Oc1ccc2c(c1)OCc1ccc(-c3ncnn3C)cc1-2)C(N)=O,16.8,7.774690718274137,1,350.3780000000001
C[C@H](c1cc(C(=O)N(C)C)cc2c(=O)cc(N3CCOCC3)oc12)N(C)c1cc(F)cc(F)c1,1640.0,5.785156151952302,0,471.50400000000025
C[C@H](c1cc(C(=O)N(C)CCO)cc2c(=O)cc(N3CCOCC3)oc12)N(C)c1cc(F)cc(F)c1,2440.0,5.61261017366127,0,501.5300000000003
C[C@H](c1cc(C(=O)N2CCC(O)CC2)cc2c(=O)cc(N3CCOCC3)oc12)N(C)c1cc(F)cc(F)c1,2585.0,5.587539452570039,0,527.5680000000003
C[C@H](c1ccccc1)N1c2cc(-n3c(=O)[nH]c4ncccc43)ccc2C(=O)NC1(C)C,1000.0,6.0,1,413.48100000000017
C[C@H](c1cnn(Cc2ccccc2)c(=O)c1C1CCCC1)n1nc(-c2cncc(O)c2)c2c(N)ncnc21,10000.0,5.0,0,508.5860000000003
C[C@H]1CCCN1C(=O)c1cnc2ccc(-c3ccc4oc(N)nc4c3)cn12,100.0,7.0,1,361.40500000000014
C[C@H]1CCN(C(=O)Nc2nc3c(s2)-c2nc(C(C)(C)C)sc2CC3)[C@@H]1C(N)=O,11.5,7.939302159646388,1,419.57600000000025
C[C@H]1CC[C@@H](c2nc3c(F)cc(F)cc3c(=O)n2-c2cccnc2)N1c1nc(N)nc(N)c1C#N,374000.0,3.4271283977995197,0,475.4630000000002
C[C@H]1CC[C@@H](c2nc3cccc(Cl)c3c(=O)n2-c2cccc(F)c2)N1c1nc(N)nc(N)c1C#N,258000.0,3.58838029403677,0,490.93000000000023
C[C@H]1CC[C@@H](c2nc3cccc(Cl)c3c(=O)n2-c2cccc(F)c2)N1c1ncnc(N)c1C#N,1000.0,6.0,1,475.9150000000002
C[C@H]1CC[C@@H](c2nc3cccc(Cl)c3c(=O)n2-c2cccc(F)c2)N1c1ncnc2[nH]cnc12,4393.25,5.357214082295526,0,475.91500000000013
C[C@H]1CC[C@@H](c2nc3cccc(Cl)c3c(=O)n2-c2ccccc2)N1c1ncnc(N)c1C#N,1000.0,6.0,1,457.9250000000002
C[C@H]1CC[C@@H](c2nc3cccc(Cl)c3c(=O)n2-c2cccnc2)N1c1nc(N)nc(N)c1C#N,794000.0,3.1001794975729036,0,473.9280000000002
C[C@H]1CC[C@H]2C(C)(C)CCC[C@]2(C)c2c1oc1cc(O)ccc21,2200.0,5.657577319177793,0,312.453
C[C@H]1CN(C(=O)C2CN(c3cnc4ccc(-c5ccc6oc(N)nc6c5)cc4n3)C2)CCN1,100.0,7.0,1,443.51100000000025
C[C@H]1CN(C2CN(C(=O)c3cnc4ccc(-c5ccc6oc(N)nc6c5)cn34)C2)CCN1,100.0,7.0,1,431.5000000000002
C[C@H]1CN(C2CN(C(=O)c3cnc4ccc(-c5ccc6oc(N)nc6c5)cn34)C2)CCN1C,100.0,7.0,1,445.52700000000027
C[C@H]1CN(C2CN(c3cnc4ccc(-c5ccc6oc(N)nc6c5)cc4n3)C2)CCN1,100.0,7.0,1,415.5010000000002
C[C@H]1CN(Cc2cn3cc(-c4cnc(N)nc4)nc(N4CCOCC4)c3n2)CCN1S(C)(=O)=O,120.0,6.920818753952375,1,487.5900000000004
C[C@H]1CN(c2cc(=O)c3cc(C(=O)N(C)C)cc([C@@H](C)Nc4cc(F)cc(F)c4)c3o2)CCO1,61.0,7.214670164989233,1,471.5040000000002
C[C@H]1CN(c2cc(N(CCO)Cc3cccc4ccccc34)[nH]c(=O)n2)CCO1,27200.0,4.565431095965801,0,394.47500000000014
C[C@H]1CN(c2cc3cc(-c4ccc5oc(N)nc5c4)ccc3nc2N)CCN1,10000.0,5.0,0,374.4480000000001
C[C@H]1CN(c2cnc3ccc(-c4ccc5nc(N)oc5c4)cc3n2)CCN1,1000.0,6.0,1,360.4210000000001
C[C@H]1CN(c2cnc3ccc(-c4ccc5nc(N)sc5c4)cc3n2)CCN1,1000.0,6.0,1,376.4890000000001
C[C@H]1CN(c2cnc3ccc(-c4ccc5oc(N)nc5c4)cc3c2)CCN1,100.0,7.0,1,359.4330000000001
C[C@H]1CN(c2cnc3ccc(-c4ccc5oc(N)nc5c4)cc3n2)CCN1,100.0,7.0,1,360.4210000000001
C[C@H]1CN(c2cnc3ccc(-c4ccc5oc(N)nc5c4)cc3n2)CCN1C,1000.0,6.0,1,374.44800000000015
C[C@H]1CN(c2cnc3ccc(-c4ccc5sc(N)nc5c4)cc3n2)CCN1,1000.0,6.0,1,376.4890000000001
C[C@H]1CN(c2cnc3ccc(-c4cccc5c(N)noc45)cc3n2)CCN1,10000.0,5.0,0,360.4210000000001
C[C@H]1CN(c2cnc3ccc(-c4cccc5c(N)nsc45)cc3n2)CCN1,10000.0,5.0,0,376.4890000000001
C[C@H]1CN(c2cnc3ccc(-c4cccc5nc(N)oc45)cc3n2)CCN1,10000.0,5.0,0,360.4210000000001
C[C@H]1CN(c2cnc3cccc(-c4ccc5nc(N)oc5c4)c3n2)CCN1,10000.0,5.0,0,360.4210000000001
C[C@H]1CN(c2cnc3cccc(-c4ccc5oc(N)nc5c4)c3n2)CCN1,10000.0,5.0,0,360.4210000000001
C[C@H]1CN(c2cnc3scc(-c4ccc5oc(N)nc5c4)c3c2)CCN1,10000.0,5.0,0,365.4620000000001
C[C@H]1COCCN1C(=O)c1cnc2ccc(-c3ccc4oc(N)nc4c3)cn12,100.0,7.0,1,377.40400000000017
C[C@H]1COCCN1C(=O)c1cnc2ccc(-c3cccc4nc(N)oc34)cn12,1000.0,6.0,1,377.40400000000017
C[C@H]1COCCN1c1cc(C(C)(C)S(C)(=O)=O)nc(-c2ccc(NC(=S)NCCO)cc2)n1,3162.28,5.499999678657065,0,493.6550000000002
C[C@H]1COCCN1c1cc(C(C)(C)S(C)(=O)=O)nc(-c2cccc(O)c2)n1,3162.28,5.499999678657065,0,391.4930000000001
C[C@H]1COCCN1c1cc(C2(S(=O)(=O)C3CC3)CC2)nc(-c2ccc(NC(=S)NCCO)cc2)n1,912.01,6.040000399696793,1,517.6770000000002
C[C@H]1COCCN1c1cc(CS(C)(=O)=O)nc(-c2ccc(NC(=O)NCCN(C)C)cc2)n1,7943.28,5.100000128334196,0,476.60300000000024
C[C@H]1COCCN1c1cc(CS(C)(=O)=O)nc(-c2ccc(NC(=O)NCCO)cc2)n1,3235.94,5.489999539566098,0,449.5330000000002
C[C@H]1COCCN1c1cc(CS(C)(=O)=O)nc(-c2ccc3[nH]ccc3c2)n1,22950.0,4.63921731012672,0,386.4770000000001
C[C@H]1COCCN1c1cc(CS(C)(=O)=O)nc(-c2cccc(O)c2)n1,1000.0,6.0,1,363.4390000000001
C[C@H]1COCCN1c1ccnc(-c2ccc(NC(=O)Nc3ccc(C(=O)N4CCC[C@H]4C(N)=O)cc3)cc2)n1,28.7,7.542118103266008,1,529.6010000000003
C[C@H]1COCCN1c1ccnc(-c2cccc(O)c2)n1,1584.89,5.800000874803203,0,271.32
C[C@H]1COCCN1c1nc(-c2ccc(NC(=O)Nc3ccc(C(=O)N4CCC(C(N)=O)CC4)cc3)cc2)nc(N2CCOCC2)n1,4.3,8.366531544420413,1,629.722
C[C@H]1COCCN1c1nc(-c2ccc(NC(=O)Nc3ccc4c(c3)COC4=O)cc2)nc(N2CCOCC2)n1,163.0,6.787812395596042,1,531.5730000000003
C[C@H]1COCCN1c1nc(-c2cnc(N)cc2C(F)(F)F)nn2cc(CN3CCN(S(C)(=O)=O)CC3)cc12,50.5,7.296708621881338,1,554.5990000000002
C[C@H]1COCCN1c1nc(-c2cnc(N)cc2F)cc(C2(S(C)(=O)=O)CC2)n1,15.0,7.823908740944319,1,407.47100000000023
C[C@H]1COCCN1c1nc(N2CCC(F)(F)CC2)nc2[nH]c(-c3ccnc4[nH]ccc34)nc12,9100.0,5.040958607678906,0,454.4850000000001
C[C@H]1COCCN1c1nc(N2CCC(O)CC2)nc2[nH]c(-c3cccc4[nH]ccc34)nc12,7300.0,5.136677139879544,0,433.51600000000013
C[C@H]1COCCN1c1nc(N2CCOCC2)nc2[nH]c(-c3cc(CO)ccc3Cl)nc12,720.0,6.142667503568732,1,444.9230000000001
C[C@H]1COCCN1c1nc(N2CCOCC2)nc2[nH]c(-c3ccc(F)c(CO)c3)nc12,1800.0,5.7447274948966935,0,428.46800000000013
C[C@H]1COCCN1c1nc(N2CCOCC2)nc2[nH]c(-c3ccc4cc[nH]c4c3)nc12,8540.0,5.068542129310995,0,419.4890000000001
C[C@H]1COCCN1c1nc(N2CCOCC2)nc2[nH]c(-c3cccc4[nH]ccc34)nc12,5510.0,5.258848401148215,0,419.4890000000001
C[C@H]1COCCN1c1nc(N2CCOCC2)nc2[nH]c(-c3cnc4cc[nH]c4c3)nc12,430.0,6.366531544420414,1,420.4770000000001
C[C@H]1COCCN1c1nc(N2CCOC[C@@H]2C)c2nc(-c3ccc4[nH]c(=O)[nH]c4c3)[nH]c2n1,9100.0,5.040958607678906,0,450.5030000000001
C[C@H]1COCCN1c1nc(N2CCOC[C@@H]2C)c2nc(-c3ccc4cc[nH]c4c3)[nH]c2n1,9100.0,5.040958607678906,0,433.5160000000001
C[C@H]1COCCN1c1nc(N2CCOC[C@@H]2C)c2nc(-c3cccc4[nH]ccc34)[nH]c2n1,5860.0,5.23210238398191,0,433.5160000000001
C[C@H]1COCCN1c1nc(N2CCOC[C@@H]2C)c2nc(-c3ccnc4[nH]ccc34)[nH]c2n1,6530.0,5.185086818724926,0,434.5040000000001
C[C@H]1Cc2ccccc2N1C(=O)Cc1nc(N2CCOCC2)cc(=O)[nH]1,1539.0,5.812761380168522,0,354.41
C[C@H]1OC(=O)N(c2nc(-c3cnc(N)nc3C(F)(F)F)cc(N3CCOCC3)n2)[C@H]1CO,12.0,7.920818753952375,1,455.3970000000003
C[C@H]1[C@@H](c2nccs2)OC(=O)N1c1cc(-c2cnc(N)nc2C(F)(F)F)nc(N2CCOCC2)n1,17.0,7.769551078621726,1,508.4860000000003
C[C@H]1[C@H](c2ccccc2)OC(=O)N1c1cc(-c2cnc(N)nc2C(F)(F)F)nc(N2CCOCC2)n1,23.0,7.638272163982407,1,501.4690000000003
C[C@H]1[C@H](c2nccs2)OC(=O)N1c1cc(-c2cnc(N)nc2C(F)(F)F)nc(N2CCOCC2)n1,6.0,8.221848749616356,1,508.4860000000003
C[C@]1(N2CCc3c(-c4cnc(N)nc4)nc(N4CCOCC4)nc32)CCN(S(C)(=O)=O)C1,34.0,7.468521082957745,1,460.5640000000003
C[C@]12C(=C(O)C(=O)c3c1ccc1c3CCC1=O)/C(=C/NCC(=O)O)C(=O)C[C@H]2OC(=O)CCC(=O)O,44.0,7.356547323513812,1,497.4560000000003
Cc1[nH]c2ccc(Br)cc2c1/C=C1\Oc2cc(O)cc(O)c2C1=O,179.0,6.747146969020107,1,386.20100000000014
Cc1[nH]c2ccccc2c1/C=C1\Oc2cc(O)cc(O)c2C1=O,3197.0,5.495257363728312,0,307.305
Cc1c(-c2ccc3ncc(C(=O)N4CCOCC4)n3c2)ccc2oc(N)nc12,10000.0,5.0,0,377.40400000000005
Cc1c(-c2ccc3ncc(N4CC(N5CCOCC5)C4)nc3c2)ccc2oc(N)nc12,10000.0,5.0,0,416.4850000000001
Cc1c(-c2ccc3oc(N)nc3c2)ccc2ncc(C(=O)N3CCOCC3)n12,10000.0,5.0,0,377.4040000000002
Cc1c(-c2ccc3oc(N)nc3c2)ccc2ncc(N3CC(N4CCNCC4)C3)nc12,100.0,7.0,1,415.50100000000026
Cc1c(-c2ccc3oc(N)nc3c2)ccc2ncc(N3CC(N4CCOCC4)C3)nc12,1000.0,6.0,1,416.4850000000003
Cc1c(-c2ccc3oc(N)nc3c2)ccc2ncc(N3CCN[C@@H](C)C3)nc12,1000.0,6.0,1,374.44800000000015
Cc1c(-c2cccc(C(=O)N3CCN(C)CC3)c2)sc2c(N3CCOCC3)nc(-c3cnc(N)nc3)nc12,2.0,8.698970004336019,1,530.6580000000002
Cc1c(-c2cccc(S(C)(=O)=O)c2)sc2c(N3CCOCC3)nc(-c3cnc(N)nc3)nc12,1.0,9.0,1,482.5910000000003
Cc1c(-c2ccccn2)nc2cc(F)ccc2c1N1CC(C)(C)c2ccc(-c3ccncc3)cc21,2320.0,5.634512015109101,0,460.5560000000002
Cc1c(-c2ccccn2)nc2cc(F)ccc2c1N1CC(C)(C)c2ccc(N3CCOCC3)cc21,3960.0,5.402304814074488,0,468.57600000000036
Cc1c(C#Cc2cccc3cc([C@H](C)NC(=O)c4c(N)nn5cccnc45)n(-c4ccccc4)c(=O)c23)cnn1C,2000.0,5.698970004336019,0,542.6030000000001
Cc1c(C#Cc2cccc3nc([C@H](C)NC(=O)c4c(N)nn5cccnc45)n(-c4ccccc4)c(=O)c23)cnn1C,2000.0,5.698970004336019,0,543.591
Cc1c(C(=O)N2CCOc3ccc(-c4ccc(N)nc4)cc3C2)ccc(S(C)(=O)=O)c1F,3000.0,5.522878745280337,0,455.5110000000002
Cc1c(C(=O)N2CCOc3ccc(-c4ccc5nc[nH]c5c4)cc3C2)ccc(S(C)(=O)=O)c1F,2344.0,5.630042392653947,0,479.53300000000024
Cc1c(C)n2c(=O)cc(N3CCOCC3)nc2n1Cc1cccc(Cl)c1Cl,1600.0,5.795880017344075,0,407.30100000000004
Cc1c(CN2CCN(C(=O)C(C)(C)N)CC2)sc2c(N3CCOCC3)nc(-c3cnc(N)nc3)nc12,1.0,9.0,1,511.65600000000035
Cc1c(CN2CCN(C(=O)C(C)(C)O)CC2)sc2c(N3CCOCC3)nc(-c3cnc(N)nc3)nc12,1.7,8.769551078621726,1,512.6400000000003
Cc1c(CN2CCN(C(=O)CN)CC2)sc2c(N3CCOCC3)nc(-c3cnc(N)nc3)nc12,0.7,9.154901959985743,1,483.6020000000003
Cc1c(CN2CCN(C(=O)[C@@H](C)O)CC2)sc2c(N3CCOCC3)nc(-c3cnc(N)nc3)nc12,6.166666666666667,8.209949526316649,1,498.61300000000034
Cc1c(CN2CCN(C(=O)[C@H](C)N)CC2)sc2c(N3CCOCC3)nc(-c3cnc(N)nc3)nc12,2.1,8.67778070526608,1,497.62900000000036
Cc1c(CN2CCN(C(=O)[C@H](C)O)CC2)sc2c(N3CCOCC3)nc(-c3cnc(N)nc3)nc12,4.966666666666667,8.303934986307388,1,498.61300000000034
Cc1c(CN2CCN(C(=O)[C@H](C)O)CC2)sc2c(N3CCOCC3)nc(N)nc12,17.0,7.769551078621726,1,420.53900000000027
Cc1c(CN2CCN(C(=O)c3cc(Cc4n[nH]c(=O)c5ccccc45)ccc3F)CC2)sc2c(N3CCOCC3)nc(-c3cnc(N)cc3C(F)(F)F)nc12,7.0,8.154901959985743,1,773.8169999999999
Cc1c(CN2CCN(C(=O)c3cc(Cc4n[nH]c(=O)c5ccccc45)ccc3F)CC2)sc2c(N3CCOCC3)nc(-c3cnc(N)nc3)nc12,2.0,8.698970004336019,1,706.8079999999998
Cc1c(CN2CCN(C(=O)c3cc4cccc(C(N)=O)c4o3)CC2)sc2c(N3CCOCC3)nc(-c3ccc(F)c(N)c3)nc12,1381.0,5.8598063214213685,0,629.7180000000003
Cc1c(CN2CCN(C(=O)c3cc4cccc(C(N)=O)c4o3)CC2)sc2c(N3CCOCC3)nc(-c3ccc(N)c(F)c3)nc12,1176.0,5.929592678259881,0,629.7180000000003
Cc1c(CN2CCN(C(=O)c3cc4cccc(C(N)=O)c4o3)CC2)sc2c(N3CCOCC3)nc(-c3ccc(N)cc3)nc12,319.0,6.496209316942819,1,611.7280000000003
Cc1c(CN2CCN(C(=O)c3cc4cccc(C(N)=O)c4o3)CC2)sc2c(N3CCOCC3)nc(-c3ccc(N)nc3)nc12,14.0,7.853871964321762,1,612.7160000000002
Cc1c(CN2CCN(C(=O)c3cc4cccc(C(N)=O)c4o3)CC2)sc2c(N3CCOCC3)nc(-c3ccc4cn[nH]c4c3)nc12,3806.0,5.419531216048998,0,636.7380000000003
Cc1c(CN2CCN(C(=O)c3cc4cccc(C(N)=O)c4o3)CC2)sc2c(N3CCOCC3)nc(-c3cccc4[nH]ccc34)nc12,1142.0,5.942333896090171,0,635.7500000000003
Cc1c(CN2CCN(C(=O)c3cc4cccc(C(N)=O)c4o3)CC2)sc2c(N3CCOCC3)nc(-c3cccc4[nH]ncc34)nc12,168.0,6.774690718274137,1,636.7380000000003
Cc1c(CN2CCN(C(=O)c3cc4cccc(C(N)=O)c4o3)CC2)sc2c(N3CCOCC3)nc(-c3cnc(N)cc3C(F)(F)F)nc12,2.3,8.638272163982407,1,680.7130000000003
Cc1c(CN2CCN(C(=O)c3cc4cccc(C(N)=O)c4o3)CC2)sc2c(N3CCOCC3)nc(-c3cnc(N)nc3)nc12,1.5,8.823908740944319,1,613.7040000000002
Cc1c(CN2CCN(S(C)(=O)=O)CC2)nc2c(N3CCOCC3)nc(-c3cnc(N)nc3)cn12,15.4,7.8124792791635365,1,487.59000000000026
Cc1c(CN2CCN(S(C)(=O)=O)CC2)sc2c(N3CCOCC3)nc(-c3cnc(N)nc3)nc12,4.0,8.397940008672037,1,504.64200000000034
Cc1c(Cc2c(=O)[nH]n3c(=O)cc(C4CCOCC4)[nH]c23)cccc1C(F)(F)F,1995.26,5.700000503883016,0,407.39200000000005
Cc1c(Cc2cccc(N(C)S(=O)(=O)CCCNCCCCCC(=O)N3CCN(c4nc(N5CCOCC5)nc(-n5c(C(F)F)nc6ccccc65)n4)CC3)c2)c(=O)oc2cc(OC(=O)N(C)C)ccc12,172.0,6.764471553092451,1,1000.1429999999997
Cc1c(Cc2cnn3c(Cl)cc(N4CCOCC4)nc23)cccc1C(F)(F)F,5011.87,5.300000202445418,0,410.82700000000006
Cc1c(Cc2cnn3c(O)cc(-c4ccncc4)nc23)cccc1C(F)(F)F,501.19,6.299997602857746,1,384.3610000000001
Cc1c(Cc2cnn3c(O)cc(N4CCOCC4)nc23)cccc1C(F)(F)F,316.23,6.499996931948306,1,392.38100000000003
Cc1c(Cl)cccc1Cn1c(=O)[nH]c(=O)c2sc(N3CCOCC3)nc21,50000.0,4.301029995663981,0,392.8680000000002
Cc1c(Cl)cccc1Cn1c(C)nc(=O)c2sc(N3CCOCC3)nc21,2000.0,5.698970004336019,0,390.8960000000002
Cc1c(Cl)cccc1Cn1c(CO)nc(=O)c2sc(N3CCOCC3)nc21,500.0,6.301029995663981,1,406.8950000000002
Cc1c(Cl)cccc1Cn1c(N)nc(=O)c2sc(N3CCOCC3)nc21,250.0,6.6020599913279625,1,391.8840000000002
Cc1c(Cl)cccc1Cn1c(S)nc(=O)c2sc(N3CCOCC3)nc21,2000.0,5.698970004336019,0,408.9360000000002
Cc1c(Cl)cccc1Cn1c(SCC(=O)O)nc(=O)c2sc(N3CCOCC3)nc21,400.0,6.3979400086720375,1,466.97200000000026
Cc1c(Cl)cccc1Cn1cnc(=O)c2sc(N3CCOCC3)nc21,2500.0,5.6020599913279625,0,376.8690000000002
Cc1c(Cl)cccc1Nc1cc2c(cn1)n(C)c(=O)n2C1CCCC1,10500.0,4.978810700930062,0,356.8570000000002
Cc1c(Cn2c(-c3ccccc3)nc(=O)c3sc(N4CCOCC4)nc32)cccc1C(F)(F)F,3200.0,5.494850021680094,0,486.51900000000023
Cc1c(Cn2c(C)c(C)n3c(=O)cc(N4CCOCC4)nc23)cccc1C(F)(F)F,4000.0,5.3979400086720375,0,420.43500000000006
Cc1c(Cn2c(C)cn3c(=O)cc(N4CCOCC4)nc23)cccc1C(F)(F)F,2000.0,5.698970004336019,0,406.408
Cc1c(Cn2c(C)nc(=O)c3sc(N4CCOCC4)nc32)cccc1C(F)(F)F,2500.0,5.6020599913279625,0,424.4480000000001
Cc1c(Cn2c(C)nc3c(C(=O)O)cc(N4CCOCC4)cc32)cccc1C(F)(F)F,5800.0,5.236572006437063,0,433.4300000000001
Cc1c(Cn2c(C)nn3c(=O)cc(N4CCOC(C)C4)nc23)cccc1C(F)(F)F,773.3333333333334,6.111633269828762,1,421.4230000000001
Cc1c(Cn2c(C)nn3c(=O)cc(N4CCOCC4)nc23)cccc1C(F)(F)F,630.0,6.200659450546418,1,407.3960000000001
Cc1c(Cn2c(C3CC3)nc(=O)c3sc(N4CCOCC4)nc32)cccc1C(F)(F)F,1300.0,5.886056647693163,0,450.48600000000016
Cc1c(Cn2c(C3CC3)nn3c(=O)cc(N4CCOCC4)nc23)cccc1C(F)(F)F,2500.0,5.6020599913279625,0,433.43400000000014
Cc1c(Cn2c(CN)nc(=O)c3sc(N4CCOCC4)nc32)cccc1C(F)(F)F,2500.0,5.6020599913279625,0,439.46300000000014
Cc1c(Cn2c(CO)nc(=O)c3sc(N4CCOCC4)nc32)cccc1C(F)(F)F,630.0,6.200659450546418,1,440.4470000000001
Cc1c(Cn2c(Cc3ccccc3)nc(=O)c3sc(N4CCOCC4)nc32)cccc1C(F)(F)F,2500.0,5.6020599913279625,0,500.5460000000003
Cc1c(Cn2c3ccccc3n3c(=O)cc(N4CCOCC4)nc23)cccc1C(F)(F)F,4000.0,5.3979400086720375,0,442.4410000000001
Cc1c(Cn2ccn3c(=O)cc(C4=CCOCC4)nc23)cccc1C(F)(F)F,4000.0,5.3979400086720375,0,389.377
Cc1c(Cn2ccn3c(=O)cc(C4CCOCC4)nc23)cccc1C(F)(F)F,3900.0,5.4089353929735005,0,391.393
Cc1c(Cn2ccn3c(=O)cc(N4CCOC(C)C4)nc23)cccc1C(F)(F)F,790.0,6.102372908709558,1,406.4080000000001
Cc1c(Cn2ccn3c(=O)cc(N4CCOCC4)nc23)cccc1C(F)(F)F,1000.0,6.0,1,392.381
Cc1c(Cn2ccn3c(=O)cc(N4CCO[C@@H](C)C4)nc23)cccc1C(F)(F)F,2000.0,5.698970004336019,0,406.4080000000001
Cc1c(Cn2ccn3c(=O)cc(N4CCO[C@H](C)C4)nc23)cccc1C(F)(F)F,400.0,6.3979400086720375,1,406.4080000000001
Cc1c(Cn2ccn3c(=O)nc(N4CCOCC4)cc23)cccc1C(F)(F)F,4000.0,5.3979400086720375,0,392.381
Cc1c(Cn2cnc(=O)c3sc(N4CCOCC4)nc32)cccc1C(F)(F)F,4000.0,5.3979400086720375,0,410.42100000000005
Cc1c(F)cccc1OC(C)c1cc(C(=O)N(C)CCO)cn2c(=O)cc(N3CCOCC3)nc12,600.0,6.221848749616356,1,484.52800000000036
Cc1c(N)cccc1N,20000.0,4.698970004336019,0,122.17099999999998
Cc1c(N2CCC(F)(F)CC2)oc2c([C@H](C)Nc3ccccc3C(=O)O)cc(F)cc2c1=O,500.0,6.301029995663981,1,460.45200000000017
Cc1c(N2CCC3(CC2)CC3)oc2c([C@H](C)Nc3ccccc3C(=O)O)cc(F)cc2c1=O,500.0,6.301029995663981,1,450.51000000000016
Cc1c(N2Cc3ccc(F)cc3C2)oc2c(C(C)Nc3ccccc3C(=O)O)cc(C(F)(F)F)cc2c1=O,625.0,6.204119982655925,1,526.4860000000001
Cc1c(N2Cc3ccc(F)cc3C2)oc2c(C(C)Nc3ccccc3C(=O)O)cc(F)cc2c1=O,625.0,6.204119982655925,1,476.47900000000016
Cc1c(N2Cc3ccccc3C2)oc2c([C@H](C)Nc3ccccc3C(=O)O)cc(C(F)(F)F)cc2c1=O,625.0,6.204119982655925,1,508.49600000000015
Cc1c(N2Cc3ccccc3C2)oc2c([C@H](C)Nc3ccccc3C(=O)O)cc(F)cc2c1=O,500.0,6.301029995663981,1,458.48900000000015
Cc1c(O)cccc1-c1nc(N2CCOCC2)nc2c1CCN2c1ccncc1,50000.0,4.301029995663981,0,389.4590000000001
Cc1c(OCCN2CCN(C)CC2)ccc2c(=O)nc(N3CCOCC3)oc12,100000.0,4.0,0,388.46800000000025
Cc1c(OCc2cccnc2)ccc2c(=O)nc(N3CCOCC3)oc12,130.0,6.886056647693163,1,353.3780000000002
Cc1c([C@H](C)Nc2nc(N)nc(N)c2C#N)c(-c2ccccc2)c(=O)n2cc(F)ccc12,8297.0,5.081078909908665,0,429.4590000000001
Cc1c([C@H](C)n2nc(-c3cc(O)cc(F)c3)c3c(N)ncnc32)cnn(C(C)(C)C)c1=O,1000.0,6.0,1,437.4790000000002
Cc1c([N+](=O)[O-])cccc1S(=O)(=O)N(C)/N=C/c1cnn2ccc(C#N)cc12,1000.0,6.0,1,398.4040000000001
Cc1cc(-c2cc(-c3cc(S(=O)(=O)NCC(C)(C)O)ccc3C)cnc2N)on1,950.0,6.022276394711152,1,416.5030000000001
Cc1cc(-c2cc(=O)[nH]c(NCc3cccc4ccccc34)n2)ccn1,840.0,6.075720713938118,1,342.40200000000004
Cc1cc(-c2cc3c(C)nc(N)nc3n(C3CCCC3)c2=O)cnc1N(C)C,11.0,7.958607314841775,1,378.48000000000013
Cc1cc(-c2ccc3c(c2)-c2ccc(O[C@@H](C)C(N)=O)cc2OC3)ncn1,2.9,8.537602002101044,1,361.40100000000007
Cc1cc(-c2ccc3nc(N)oc3c2)cn2c(C(=O)N3CCOCC3)cnc12,1000.0,6.0,1,377.4040000000002
Cc1cc(-c2ccc3nc(Nc4cc[nH]n4)c(-c4nc(C)nc(N)n4)n3c2)ccn1,239.0,6.621602099051862,1,398.43400000000014
Cc1cc(-c2ccc3nc(Nc4cc[nH]n4)c(-c4nc(C)nc(N)n4)n3c2)on1,177.0,6.752026733638194,1,388.39500000000015
Cc1cc(-c2ccc3ncc(C(=O)N4CCOCC4)n3c2)cc2nc(N)oc12,1000.0,6.0,1,377.40400000000005
Cc1cc(-c2ccc3ncc(N4CC(N5CCOCC5)C4)nc3c2)cc2nc(N)oc12,10000.0,5.0,0,416.4850000000002
Cc1cc(-c2ccc3oc(N)nc3c2)cc2c(-c3ccncc3)cnn12,100.0,7.0,1,341.374
Cc1cc(-c2ccc3oc(N)nc3c2)cc2c(C(=O)N3CCCC3)cnn12,100.0,7.0,1,361.40500000000014
Cc1cc(-c2ccc3oc(N)nc3c2)cc2c(C(=O)N3CCOCC3)cnn12,1000.0,6.0,1,377.40400000000017
Cc1cc(-c2ccc3oc(N)nc3c2)cn2c(C(=O)N3CCOCC3)cnc12,1000.0,6.0,1,377.4040000000002
Cc1cc(-c2ccn3nc(N)c(C(=O)NC4CC4)c3n2)cc2c1C(=O)N(CC1CC1)C2,431.0,6.3655227298392685,1,416.48500000000024
Cc1cc(-c2ccn3nc(N)c(C(=O)NC4CC4)c3n2)cc2c1C(=O)N([C@@H](C)C1CC1)C2,3300.0,5.481486060122113,0,430.5120000000002
Cc1cc(-c2ccn3nc(N)c(C(=O)NC4CC4)c3n2)cc2c1C(=O)N([C@@H](C1CC1)C(F)(F)F)C2,10000.0,5.0,0,484.4820000000002
Cc1cc(-c2ccn3nc(N)c(C(=O)NC4CCC4)c3n2)cc2c1C(=O)N([C@@H](C)C1CC1)C2,3660.0,5.436518914605589,0,444.53900000000027
Cc1cc(-c2ccn3nc(N)c(C(=O)NC4COC4)c3n2)cc2c1C(=O)N([C@@H](C)C1CC1)C2,833.0,6.079354998593212,1,446.5110000000003
Cc1cc(-c2ccn3nc(N)c(C(=O)N[C@@H](CO)C4CC4)c3n2)cc2c1C(=O)N([C@@H](C)C1CC1)C2,10000.0,5.0,0,474.5650000000004
Cc1cc(-c2ccn3nc(N)c(C(=O)N[C@@H]4CC[C@@H](O)C4)c3n2)cc2c1C(=O)N([C@@H](C)C1CC1)C2,140.0,6.853871964321762,1,474.56500000000034
Cc1cc(-c2ccn3nc(N)c(C(=O)N[C@H](C)CO)c3n2)cc2c1C(=O)N([C@@H](C)C1CC1)C2,713.0,6.146910470148135,1,448.52700000000027
Cc1cc(-c2ccn3nc(N)c(C(=O)N[C@H]4CCOC4)c3n2)cc2c1C(=O)N([C@@H](C)C1CC1)C2,974.0,6.011441043121384,1,460.53800000000035
Cc1cc(-c2ccn3nc(N)c(C(=O)N[C@H]4CC[C@@](C)(O)CC4)c3n2)cc2c1C(=O)N([C@@H](C)C1CC1)C2,10000.0,5.0,0,502.61900000000037
Cc1cc(-c2ccn3nc(N)c(C(=O)N[C@H]4CC[C@H](C(=O)O)CC4)c3n2)cc2c1C(=O)N([C@@H](C)C1CC1)C2,29.0,7.5376020021010435,1,516.6020000000003
Cc1cc(-c2ccn3nc(N)c(C(=O)N[C@H]4CC[C@H](N)CC4)c3n2)cc2c1C(=O)N([C@@H](C)C1CC1)C2,10000.0,5.0,0,487.6080000000004
Cc1cc(-c2ccn3nc(N)c(C(=O)N[C@H]4CC[C@H](O)CC4)c3n2)cc2c1C(=O)N([C@@H](C)C1CC1)C2,188.0,6.72584215073632,1,488.5920000000004
Cc1cc(-c2ccn3nc(N)c(C(=O)N[C@H]4CC[C@](C)(O)CC4)c3n2)cc2c1C(=O)N([C@@H](C)C1CC1)C2,240.0,6.619788758288394,1,502.61900000000037
Cc1cc(-c2ccn3nc(N)c(C(=O)N[C@H]4CNC(=O)C4)c3n2)cc2c1C(=O)N([C@@H](C)C1CC1)C2,995.0,6.002176919254275,1,473.5370000000004
Cc1cc(-c2ccn3nc(N)c(C(=O)N[C@H]4C[C@H](O)C4)c3n2)cc2c1C(=O)N([C@@H](C)C1CC1)C2,92.0,7.036212172654444,1,460.53800000000035
Cc1cc(-c2cncc(-c3cc(S(=O)(=O)NC[C@H]4C[C@@H](O)C4)ccc3C)n2)n(C)n1,100.0,7.0,1,427.5300000000002
Cc1cc(-c2nc(-c3cc(S(=O)(=O)NCC(C)(C)O)ccc3C)cnc2N)on1,520.0,6.2839966563652006,1,417.49100000000016
Cc1cc(-c2nc[nH]n2)ccc1-c1cnc2c(n1)N(CCC1CCOCC1)C(=O)CN2,120.0,6.920818753952375,1,419.4890000000004
Cc1cc(-c2nc[nH]n2)ccc1-c1cnc2c(n1)N(CCC1CCOCC1)CC(=O)N2,200.0,6.698970004336019,1,419.4890000000004
Cc1cc(-c2ncnc(C)c2C#Cc2ccc(N)nc2)ccn1,58.0,7.236572006437063,1,301.353
Cc1cc(-c2nn(C(C)C)c3ncnc(N)c23)sc1C=O,1100.0,5.958607314841775,0,301.37500000000006
Cc1cc(/C=N/NC(=O)Nc2ccc(-c3nc(N4CCOCC4)c4sccc4n3)cc2)cc(C)c1O,27.0,7.568636235841013,1,502.6000000000003
Cc1cc(C#N)ccc1Nc1cc2c(cn1)n(C)c(=O)n2C1CCCC1,8040.0,5.094743951251549,0,347.4220000000002
Cc1cc(C(=O)N2CCOc3ccc(-c4ccc5nc[nH]c5c4)cc3C2)ccc1S(C)(=O)=O,459.0,6.338187314462739,1,461.54300000000023
Cc1cc(C(=O)Nc2ccc(C)nc2)c2nc(C)nc(N)c2c1,88.0,7.055517327849832,1,307.3570000000001
Cc1cc(C(=O)Nc2ccn[nH]2)c2nc(C)nc(N)c2c1,35.0,7.455931955649724,1,282.3070000000001
Cc1cc(C(=O)Nc2cn[nH]c2)c2nc(C)nc(N)c2c1,24.0,7.619788758288394,1,282.307
Cc1cc(C(=O)Nc2cnc3[nH]ccc3c2)c2nc(C)nc(N)c2c1,43.0,7.366531544420414,1,332.3670000000001
Cc1cc(C(=O)O)nc2c(-c3cccc(O)c3)nc(N3CCOCC3)nc12,225.0,6.647817481888637,1,366.37700000000024
Cc1cc(C(C)N(C)c2ccccc2)c2nc(N3CCOCC3)cc(=O)n2c1,1500.0,5.823908740944319,0,378.4760000000002
Cc1cc(C(C)N(C)c2ccccc2C(=O)O)c2oc(N3CCC(C)(C)CC3)cc(=O)c2c1,10000.0,5.0,0,448.5630000000004
Cc1cc(C(C)Nc2c(Cl)cccc2C(=O)O)c2oc(N3CCC(C)(C)CC3)cc(=O)c2c1,10000.0,5.0,0,468.9810000000004
Cc1cc(C(C)Nc2cc(Cl)ccc2C(=O)O)c2nc(N3CCOCC3)cc(=O)n2c1,1460.0,5.835647144215563,0,442.9030000000003
Cc1cc(C(C)Nc2cc(F)ccc2[N+](=O)[O-])c2oc(N3CCC(C)(C)CC3)cc(=O)c2c1,10000.0,5.0,0,453.51400000000035
Cc1cc(C(C)Nc2cc3c(cc2C(=O)O)OCO3)c2oc(N3CCC(C)(C)CC3)cc(=O)c2c1,10000.0,5.0,0,478.54500000000036
Cc1cc(C(C)Nc2ccc(B(O)O)cc2C(=O)O)c2oc(N3CCC(C)(C)CC3)cc(=O)c2c1,10000.0,5.0,0,478.3540000000004
Cc1cc(C(C)Nc2ccc(C#N)cc2C(=O)O)c2oc(N3CCC(C)(C)CC3)cc(=O)c2c1,5250.0,5.279840696594043,0,459.54600000000033
Cc1cc(C(C)Nc2ccc(C3CC3)nc2C(=O)O)c2oc(N3CCC(C)(C)CC3)cc(=O)c2c1,1875.0,5.726998727936262,0,475.58900000000034
Cc1cc(C(C)Nc2ccc(Cl)nc2C(=O)O)c2nc(-c3cccc(C#N)c3)n3cnnc3c2c1,1000.0,6.0,1,483.9190000000002
Cc1cc(C(C)Nc2ccc(Cl)nc2C(=O)O)c2oc(N3CCC4(CC3)CC4)c(C)c(=O)c2c1,625.0,6.204119982655925,1,481.9800000000005
Cc1cc(C(C)Nc2ccc(Cl)nc2C(=O)O)c2oc(N3CCC4(CC3)CC4)cc(=O)c2c1,500.0,6.301029995663981,1,467.95300000000043
Cc1cc(C(C)Nc2ccc(Cl)nc2C(=O)O)c2oc(N3CCCCC3)c(C)c(=O)c2c1,500.0,6.301029995663981,1,455.9420000000004
Cc1cc(C(C)Nc2ccc(Cl)nc2C(=O)O)c2oc(N3Cc4ccc(F)cc4C3)cc(=O)c2c1,1750.0,5.756961951313706,0,493.9220000000003
Cc1cc(C(C)Nc2ccc(Cl)nc2C(=O)O)c2oc(N3Cc4ccc5c(c4C3)OCO5)cc(=O)c2c1,625.0,6.204119982655925,1,519.9410000000005
Cc1cc(C(C)Nc2ccc(Cl)nc2C(=O)O)c2oc(N3Cc4ccccc4C3)cc(=O)c2c1,1875.0,5.726998727936262,0,475.9320000000003
Cc1cc(C(C)Nc2ccc(F)cc2C(=O)O)c2oc(N3Cc4ccc(F)cc4C3)cc(=O)c2c1,500.0,6.301029995663981,1,476.47900000000027
Cc1cc(C(C)Nc2cccc(C(=O)O)c2)c2nc(N3CCOCC3)cc(=O)n2c1,12100.0,4.91721462968355,0,408.45800000000025
Cc1cc(C(C)Nc2cccc(F)c2C(=O)O)c2oc(N3Cc4ccc(F)cc4C3)cc(=O)c2c1,6500.0,5.187086643357144,0,476.47900000000027
Cc1cc(C(C)Nc2cccc3c2C(=O)NC3)c2oc(N3CCC(C)(C)CC3)cc(=O)c2c1,3000.0,5.522878745280337,0,445.56300000000033
Cc1cc(C(C)Nc2cccc3cc(C(=O)O)sc23)c2oc(N3CCC(C)(C)CC3)cc(=O)c2c1,1875.0,5.726998727936262,0,490.6250000000004
Cc1cc(C(C)Nc2ccccc2)c2nc(N3CCOCC3)cc(=O)n2c1,4928.571428571428,5.3072789449409825,0,364.4490000000001
Cc1cc(C(C)Nc2ccccc2)c2oc(-c3ccncc3)cc(=O)c2c1,4500.0,5.346787486224656,0,356.42500000000007
Cc1cc(C(C)Nc2ccccc2)c2oc(N3CCOCC3)cc(=O)c2c1,5066.666666666667,5.29527766677489,0,364.44500000000016
Cc1cc(C(C)Nc2ccccc2-c2nnn[nH]2)c2nc(N3CCOCC3)cc(=O)n2c1,1410.0,5.85078088734462,0,432.4880000000003
Cc1cc(C(C)Nc2ccccc2-c2nnn[nH]2)c2oc(N3CCC(C)(C)CC3)cc(=O)c2c1,625.0,6.204119982655925,1,458.5660000000004
Cc1cc(C(C)Nc2ccccc2-c2noc(=O)[nH]2)c2oc(N3CCC(C)(C)CC3)cc(=O)c2c1,1875.0,5.726998727936262,0,474.5610000000004
Cc1cc(C(C)Nc2ccccc2C(=O)O)c2nc(-c3cc(F)cc(F)c3)n3cnnc3c2c1,1000.0,6.0,1,459.45600000000013
Cc1cc(C(C)Nc2ccccc2C(=O)O)c2nc(N3CC(C)(C)C3)n3cnnc3c2c1,1000.0,6.0,1,430.5120000000002
Cc1cc(C(C)Nc2ccccc2C(=O)O)c2nc(N3CCC(C)(C)C3)n3cnnc3c2c1,1000.0,6.0,1,444.53900000000027
Cc1cc(C(C)Nc2ccccc2C(=O)O)c2nc(N3CCC(C)(C)CC3)n3cnnc3c2c1,1000.0,6.0,1,458.5660000000003
Cc1cc(C(C)Nc2ccccc2C(=O)O)c2nc(N3CCC(C)(C)CC3)n3ncnc3c2c1,1000.0,6.0,1,458.5660000000003
Cc1cc(C(C)Nc2ccccc2C(=O)O)c2nc(N3CCC(C)(C)CC3)n3nnnc3c2c1,1000.0,6.0,1,459.5540000000003
Cc1cc(C(C)Nc2ccccc2C(=O)O)c2nc(N3CCOCC3)cc(=O)n2c1,1370.0,5.863279432843593,0,408.45800000000025
Cc1cc(C(C)Nc2ccccc2C(=O)O)c2nc(N3Cc4ccccc4C3)n3cnnc3c2c1,1000.0,6.0,1,464.5290000000002
Cc1cc(C(C)Nc2ccccc2C(=O)O)c2oc(N3C4CCCC3C4)cc(=O)c2c1,1750.0,5.756961951313706,0,418.4930000000003
Cc1cc(C(C)Nc2ccccc2C(=O)O)c2oc(N3CC(C(C)(F)F)C3)cc(=O)c2c1,1750.0,5.756961951313706,0,442.4620000000002
Cc1cc(C(C)Nc2ccccc2C(=O)O)c2oc(N3CC(Cl)C3)cc(=O)c2c1,5250.0,5.279840696594043,0,412.87300000000016
Cc1cc(C(C)Nc2ccccc2C(=O)O)c2oc(N3CC(N(C)C)C3)cc(=O)c2c1,6500.0,5.187086643357144,0,421.49700000000024
Cc1cc(C(C)Nc2ccccc2C(=O)O)c2oc(N3CC(c4ccccc4)C3)cc(=O)c2c1,625.0,6.204119982655925,1,454.52600000000024
Cc1cc(C(C)Nc2ccccc2C(=O)O)c2oc(N3CC4(C3)CC(F)(F)C4)cc(=O)c2c1,1750.0,5.756961951313706,0,454.4730000000003
Cc1cc(C(C)Nc2ccccc2C(=O)O)c2oc(N3CC4(CCCCC4)C3)cc(=O)c2c1,4000.0,5.3979400086720375,0,446.5470000000004
Cc1cc(C(C)Nc2ccccc2C(=O)O)c2oc(N3CC4(CCN4c4ccccc4)C3)cc(=O)c2c1,1750.0,5.756961951313706,0,495.57900000000035
Cc1cc(C(C)Nc2ccccc2C(=O)O)c2oc(N3CC4CC(C4)C3)cc(=O)c2c1,1750.0,5.756961951313706,0,418.4930000000003
Cc1cc(C(C)Nc2ccccc2C(=O)O)c2oc(N3CC4CCC(C3)O4)cc(=O)c2c1,6500.0,5.187086643357144,0,434.4920000000003
Cc1cc(C(C)Nc2ccccc2C(=O)O)c2oc(N3CCC(C(F)(F)F)CC3)cc(=O)c2c1,4125.0,5.384576047114056,0,474.47900000000027
Cc1cc(C(C)Nc2ccccc2C(=O)O)c2oc(N3CCC(C)(C)CC3)c(-c3cnoc3)c(=O)c2c1,5312.5,5.274701056941632,0,501.5830000000004
Cc1cc(C(C)Nc2ccccc2C(=O)O)c2oc(N3CCC(C)(C)CC3)c(C#N)c(=O)c2c1,750.0,6.1249387366083,1,459.5460000000004
Cc1cc(C(C)Nc2ccccc2C(=O)O)c2oc(N3CCC(C)(C)CC3)c(C3CC3)c(=O)c2c1,1750.0,5.756961951313706,0,474.60100000000045
Cc1cc(C(C)Nc2ccccc2C(=O)O)c2oc(N3CCC(C)CC3)cc(=O)c2c1,5250.0,5.279840696594043,0,420.5090000000003
Cc1cc(C(C)Nc2ccccc2C(=O)O)c2oc(N3CCC(F)(F)CC3)cc(=O)c2c1,1750.0,5.756961951313706,0,442.4620000000003
Cc1cc(C(C)Nc2ccccc2C(=O)O)c2oc(N3CCC(c4ccncc4)C3)cc(=O)c2c1,5375.0,5.269621531412357,0,469.5410000000003
Cc1cc(C(C)Nc2ccccc2C(=O)O)c2oc(N3CCC4(CC3)CN(C)C(=O)O4)cc(=O)c2c1,6500.0,5.187086643357144,0,491.54400000000044
Cc1cc(C(C)Nc2ccccc2C(=O)O)c2oc(N3CCC4(CC3)Cn3nc(C(=O)N(C)C)cc3CO4)cc(=O)c2c1,5250.0,5.279840696594043,0,585.6610000000004
Cc1cc(C(C)Nc2ccccc2C(=O)O)c2oc(N3CCC4(CCCC4)CC3)cc(=O)c2c1,1875.0,5.726998727936262,0,460.57400000000047
Cc1cc(C(C)Nc2ccccc2C(=O)O)c2oc(N3CCC4(CCCCO4)CC3)cc(=O)c2c1,4125.0,5.384576047114056,0,476.5730000000005
Cc1cc(C(C)Nc2ccccc2C(=O)O)c2oc(N3CCCC(C)(C)C3)cc(=O)c2c1,4000.0,5.3979400086720375,0,434.53600000000034
Cc1cc(C(C)Nc2ccccc2C(=O)O)c2oc(N3CCCC4(CCOCC4)C3)cc(=O)c2c1,4125.0,5.384576047114056,0,476.5730000000005
Cc1cc(C(C)Nc2ccccc2C(=O)O)c2oc(N3CCCC4(CNC(=O)C4)C3)cc(=O)c2c1,6500.0,5.187086643357144,0,475.5450000000004
Cc1cc(C(C)Nc2ccccc2C(=O)O)c2oc(N3CCCOCC3)cc(=O)c2c1,1875.0,5.726998727936262,0,422.48100000000034
Cc1cc(C(C)Nc2ccccc2C(=O)O)c2oc(N3CCOC(c4ccc(S(C)(=O)=O)cc4)C3)cc(=O)c2c1,3000.0,5.522878745280337,0,562.6440000000003
Cc1cc(C(C)Nc2ccccc2C(=O)O)c2oc(N3CCS(=O)(=O)CC3)cc(=O)c2c1,6500.0,5.187086643357144,0,456.5200000000003
Cc1cc(C(C)Nc2ccccc2C(=O)O)c2oc(N3CCc4ccccc4C3)cc(=O)c2c1,1750.0,5.756961951313706,0,454.5260000000003
Cc1cc(C(C)Nc2ccccc2C(=O)O)c2oc(N3CCn4cccc4C3)cc(=O)c2c1,625.0,6.204119982655925,1,443.50300000000027
Cc1cc(C(C)Nc2ccccc2C(=O)O)c2oc(N3CCn4cnnc4C3)cc(=O)c2c1,6500.0,5.187086643357144,0,445.47900000000027
Cc1cc(C(C)Nc2ccccc2C(=O)O)c2oc(N3Cc4ccc(F)cc4C3)c(C)c(=O)c2c1,625.0,6.204119982655925,1,472.5160000000003
Cc1cc(C(C)Nc2ccccc2C(=O)O)c2oc(N3Cc4ccc(F)cc4C3)cc(=O)c2c1,4458.333333333333,5.350827464026397,0,458.48900000000026
Cc1cc(C(C)Nc2ccccc2C(=O)O)c2oc(N3Cc4ccccc4C3)c(C)c(=O)c2c1,1750.0,5.756961951313706,0,454.5260000000003
Cc1cc(C(C)Nc2ccccc2C(=O)O)c2oc(N3Cc4ccccc4C3)cc(=O)c2c1,625.0,6.204119982655925,1,440.49900000000025
Cc1cc(C(C)Nc2ccccc2C(=O)O)c2oc(NC34CC5CC(CC(CO)(C5)C3)C4)cc(=O)c2c1,6500.0,5.187086643357144,0,502.61100000000044
Cc1cc(C(C)Nc2ccccc2C(=O)O)c2oc(NCC(C)C)cc(=O)c2c1,5250.0,5.279840696594043,0,394.4710000000002
Cc1cc(C(C)Nc2ccccc2S(=O)(=O)C(F)F)c2oc(N3CCC(C)(C)CC3)cc(=O)c2c1,750.0,6.1249387366083,1,504.5990000000004
Cc1cc(C(C)Nc2ccccc2S(=O)(=O)O)c2nc(N3CCOCC3)cc(=O)n2c1,330.0,6.481486060122113,1,444.5130000000003
Cc1cc(C(C)Nc2ccccc2S(=O)(=O)O)c2oc(N3CCC(C)(C)CC3)cc(=O)c2c1,3000.0,5.522878745280337,0,470.5910000000004
Cc1cc(C(C)Nc2ccsc2C(=O)O)c2oc(N3CCC(C)(C)CC3)cc(=O)c2c1,6500.0,5.187086643357144,0,440.56500000000034
Cc1cc(C(C)Nc2sc(Cl)nc2C(=O)O)c2oc(N3Cc4ccccc4C3)cc(=O)c2c1,625.0,6.204119982655925,1,481.9610000000003
Cc1cc(C)c(S(=O)(=O)N2CCN(Cn3cc4c(=O)oc5ccccc5c4n3)CC2)c(C)c1,120.0,6.920818753952375,1,466.5630000000003
Cc1cc(C)c(S(=O)(=O)n2cc3c(=O)oc4ccccc4c3n2)c(C)c1,100.0,7.0,1,368.4140000000001
Cc1cc(C)n2nc(N)c(C(=O)N[C@@H](C)c3cc4cccc(C#Cc5cnn(C)c5)c4c(=O)n3-c3ccccc3)c2n1,2000.0,5.698970004336019,0,556.6300000000002
Cc1cc(Cl)ccc1Nc1cc2c(cn1)n(C)c(=O)n2C1CCCC1,1220.0,5.913640169325252,0,356.8570000000002
Cc1cc(F)cc(NC(C)c2cc(C(=O)N(C)C)cc3c(=O)cc(N4CCOCC4)oc23)c1,1515.0,5.8195873671616765,0,453.51400000000035
Cc1cc(F)ccc1NCc1cc(C(=O)N2CCC(O)C2)cc(N2CCC(O)C2)n1,100000.0,4.0,0,414.48100000000017
Cc1cc(F)ccc1NCc1cc(C(=O)NCCO)cc(NCCO)n1,100000.0,4.0,0,362.4050000000001
Cc1cc(F)ccc1NCc1cc(C(=O)O)cc(-c2ccc(O)cc2)n1,100000.0,4.0,0,352.36500000000007
Cc1cc(F)ccc1NCc1cc(C(=O)O)cc(-c2cccc(O)c2)n1,100000.0,4.0,0,352.36500000000007
Cc1cc(F)ccc1NCc1cc(C(=O)O)cc(-c2ccccc2O)n1,100000.0,4.0,0,352.36500000000007
Cc1cc(F)ccc1NCc1cc(C(=O)O)cc(-c2cccnc2)n1,100000.0,4.0,0,337.35400000000004
Cc1cc(F)ccc1NCc1cc(C(=O)O)cc(-c2ccncc2)n1,29000.0,4.5376020021010435,0,337.35400000000004
Cc1cc(F)ccc1NCc1cc(C(=O)O)cc(Cl)n1,100000.0,4.0,0,294.713
Cc1cc(F)ccc1NCc1cc(C(=O)O)cc(N(C)CCO)n1,100000.0,4.0,0,333.3630000000001
Cc1cc(F)ccc1NCc1cc(C(=O)O)cc(N(CCO)CCO)n1,100000.0,4.0,0,363.3890000000002
Cc1cc(F)ccc1NCc1cc(C(=O)O)cc(N2CCC(O)C2)n1,100000.0,4.0,0,345.37400000000014
Cc1cc(F)ccc1NCc1cc(C(=O)O)cc(N2CCNCC2)n1,100000.0,4.0,0,344.39000000000016
Cc1cc(F)ccc1NCc1cc(C(=O)O)cc(N2CCOCC2)n1,5000.0,5.301029995663981,0,345.3740000000002
Cc1cc(F)ccc1NCc1cc(C(=O)O)cc(NCCO)n1,100000.0,4.0,0,319.33600000000007
Cc1cc(F)ccc1NCc1cc(C=O)cc(N2CCOCC2)n1,100000.0,4.0,0,329.37500000000017
Cc1cc(F)ccc1NCc1cc(CO)cc(N2CCOCC2)n1,20000.0,4.698970004336019,0,331.3910000000002
Cc1cc(F)ccc1Nc1cc2c(cn1)n(C)c(=O)n2C1CCCC1,8150.0,5.088842391260023,0,340.4020000000002
Cc1cc(F)ccc1OCc1cc(C(=O)NCCO)cc(N2CCOCC2)n1,50000.0,4.301029995663981,0,389.4270000000002
Cc1cc(F)ccc1OCc1cc(C(=O)NO)cc(N2CCOCC2)n1,10000.0,5.0,0,361.3730000000002
Cc1cc(F)ccc1OCc1cc(C(=O)O)cc(N2CCOCC2)n1,7000.0,5.154901959985743,0,346.3580000000002
Cc1cc(F)ccc1OCc1cc(C(N)=O)cc(N2CCOCC2)n1,10000.0,5.0,0,345.37400000000014
Cc1cc(F)ccc1Oc1cccc2c(=O)cc(N3CCOCC3)[nH]c12,16400.0,4.785156151952302,0,354.3810000000002
Cc1cc(N(C)c2ccccc2)c2nc(N3CCOCC3)cc(=O)n2c1,4400.0,5.356547323513812,0,350.42200000000014
Cc1cc(N)nnc1-c1cc(N2CCOCC2)cc(S(=O)(=O)Cc2ccc(F)cc2F)c1,4300.0,5.366531544420414,0,460.50600000000014
Cc1cc(N2CCN(C)CC2)ccc1Nc1cc2c(cn1)n(C)c(=O)n2C1CCCC1,16800.0,4.774690718274137,0,420.56100000000026
Cc1cc(N2CCOCC2)ccc1Nc1cc2c(cn1)n(C)c(=O)n2C1CCCC1,12800.0,4.892790030352131,0,407.51800000000026
Cc1cc(N2CCOc3ccc(OC4CCN(C(=O)C5CCOCC5)C4)c(C)c32)cnc1S(C)(=O)=O,2979.0,5.525929496784956,0,515.6320000000004
Cc1cc(N2CCOc3ccc(O[C@H]4CCN(C(=O)C(C)C)C4)cc32)cnc1S(C)(=O)=O,610.0,6.214670164989233,1,459.56800000000027
Cc1cc(N2CCOc3ccc(O[C@H]4CCN(C(=O)C5CC5)C4)cc32)cnc1S(C)(=O)=O,295.0,6.530177984021837,1,457.5520000000003
Cc1cc(N2CCOc3ccc(O[C@H]4CCN(C(=O)C5CCCCC5)C4)cc32)cnc1S(C)(=O)=O,450.0,6.346787486224656,1,499.63300000000044
Cc1cc(N2CCOc3ccc(O[C@H]4CCN(C(=O)C5CCCOC5)C4)cc32)cnc1S(C)(=O)=O,502.0,6.29929628285498,1,501.6050000000004
Cc1cc(N2CCOc3ccc(O[C@H]4CCN(C(=O)C5CCOC(C)(C)C5)C4)cc32)cnc1S(C)(=O)=O,281.0,6.55129368009492,1,529.6590000000004
Cc1cc(N2CCOc3ccc(O[C@H]4CCN(C(=O)C5CCOC5)C4)cc32)cnc1S(C)(=O)=O,625.3333333333334,6.203888420676617,1,487.5780000000004
Cc1cc(N2CCOc3ccc(O[C@H]4CCN(C(=O)C5CCOCC5)C4)c(F)c32)cnc1S(C)(=O)=O,836.0,6.077793722560983,1,519.5950000000004
Cc1cc(N2CCOc3ccc(O[C@H]4CCN(C(=O)C5CCOCC5)C4)cc32)ccn1,7547.0,5.122225650008602,0,423.5130000000003
Cc1cc(N2CCOc3ccc(O[C@H]4CCN(C(=O)C5CCOCC5)C4)cc32)cnc1Cl,366.0,6.436518914605589,1,457.9580000000003
Cc1cc(N2CCOc3ccc(O[C@H]4CCN(C(=O)C5CCOCC5)C4)cc32)cnc1OC(F)F,2057.0,5.686765708305276,0,489.51900000000035
Cc1cc(N2CCOc3ccc(O[C@H]4CCN(C(=O)C5CCOCC5)C4)cc32)cnc1S(C)(=O)=O,390.0,6.4089353929735005,1,501.6050000000004
Cc1cc(N2CCOc3ccc(O[C@H]4CCN(C(=O)C5CCS(=O)(=O)C5)C4)cc32)cnc1S(C)(=O)=O,1050.0,5.978810700930062,0,535.6440000000003
Cc1cc(N2CCOc3ccc(O[C@H]4CCN(C(=O)C5CCS(=O)(=O)CC5)C4)cc32)cnc1Cl,463.0,6.334419008982047,1,506.02400000000034
Cc1cc(N2CCOc3ccc(O[C@H]4CCN(C(=O)C5CCS(=O)(=O)CC5)C4)cc32)cnc1OC(F)F,1771.0,5.7517814388099255,0,537.5850000000005
Cc1cc(N2CCOc3ccc(O[C@H]4CCN(C(=O)C5COCCO5)C4)cc32)cnc1S(C)(=O)=O,736.0,6.133122185662502,1,503.5770000000004
Cc1cc(N2CCOc3ccc(O[C@H]4CCN(C(=O)CCO)C4)cc32)cnc1Cl,732.0,6.135488918941608,1,417.89300000000026
Cc1cc(N2CCOc3ccc(O[C@H]4CCN(C(=O)Cc5ccncc5)C4)cc32)cnc1S(C)(=O)=O,840.0,6.075720713938118,1,508.6000000000003
Cc1cc(N2CCOc3ccc(O[C@H]4CCN(C(=O)[C@H]5CC[C@@H](O)CC5)C4)cc32)cnc1S(C)(=O)=O,1026.0,5.988852639224203,0,515.6320000000004
Cc1cc(N2CCOc3ccc(O[C@H]4CCN(C(=O)[C@H]5CC[C@H](O)CC5)C4)cc32)cnc1S(C)(=O)=O,933.0,6.0301183562535,1,515.6320000000004
Cc1cc(N2CCOc3ccc(O[C@H]4CCN(C(=O)c5ccc(=O)[nH]c5)C4)cc32)cnc1Cl,795.0,6.0996328713435295,1,466.9250000000002
Cc1cc(N2CCOc3ccc(O[C@H]4CCN(C(=O)c5ccccc5)C4)cc32)cnc1S(C)(=O)=O,795.0,6.0996328713435295,1,493.58500000000026
Cc1cc(N2CCOc3ccc(O[C@H]4CCN(C(=O)c5ccncc5)C4)cc32)cnc1S(C)(=O)=O,589.0,6.229884705212898,1,494.57300000000026
Cc1cc(N2CCOc3ccc(O[C@H]4CCN(C(=O)c5cn(C)cn5)C4)cc32)cnc1Cl,193.0,6.714442690992226,1,453.9300000000002
Cc1cc(N2CCOc3ccc(O[C@H]4CCN(C(=O)c5cn(C)cn5)C4)cc32)cnc1S(C)(=O)=O,188.0,6.72584215073632,1,497.5770000000003
Cc1cc(N2CCOc3ccc(O[C@H]4CCN(C(=O)c5cncnc5)C4)cc32)cnc1S(C)(=O)=O,1004.0,5.998266287190999,0,495.56100000000026
Cc1cc(N2CCOc3ccc(O[C@H]4CCN(C(=O)c5cnco5)C4)cc32)cnc1S(C)(=O)=O,665.0,6.1771783546968955,1,484.5340000000003
Cc1cc(N2CCOc3ccc(O[C@H]4CCN(C(=O)c5cocn5)C4)cc32)cnc1S(C)(=O)=O,212.0,6.673664139071248,1,484.5340000000003
Cc1cc(N2CCOc3ccc(O[C@H]4CCN(S(=O)(=O)C(C)C)C4)cc32)cnc1S(C)(=O)=O,353.0,6.452225294612178,1,495.6230000000003
Cc1cc(N2CCOc3ccc(O[C@H]4CCN(S(=O)(=O)C5CC5)C4)cc32)cnc1S(C)(=O)=O,214.0,6.669586226650809,1,493.6070000000003
Cc1cc(N2CCOc3ccc(O[C@H]4CCN(S(=O)(=O)C5CCOCC5)C4)cc32)cnc1S(C)(=O)=O,482.0,6.31695296176115,1,537.6600000000004
Cc1cc(N2CCOc3ccc(O[C@H]4CCN(c5ccccn5)C4)cc32)cnc1S(C)(=O)=O,304.0,6.517126416391246,1,466.5630000000002
Cc1cc(N2CCOc3ccc(O[C@H]4CCN(c5ncccn5)C4)cc32)cnc1S(C)(=O)=O,838.0,6.076755981369724,1,467.5510000000002
Cc1cc(N2CCOc3cnc(O[C@H]4CCN(C(=O)C5CC5)C4)cc32)cnc1OC(F)F,377.0,6.423658649794207,1,446.45400000000024
Cc1cc(N2CCOc3cnc(O[C@H]4CCN(C(=O)C5CCOCC5)C4)cc32)cnc1OC(F)F,593.0,6.226945306635737,1,490.50700000000035
Cc1cc(N2CCOc3cnc(O[C@H]4CCN(C(=O)C5CCOCC5)C4)cc32)cnc1S(C)(=O)=O,783.0,6.106238237942057,1,502.5930000000004
Cc1cc(N2CCOc3cnc(O[C@H]4CCN(C(=O)C5CCS(=O)(=O)CC5)C4)cc32)cnc1OC(F)F,870.0,6.060480747381382,1,538.5730000000004
Cc1cc(N2CCOc3cnc(O[C@H]4CCN(C(=O)c5cn(C)cn5)C4)cc32)cnc1OC(F)F,229.0,6.640164517660112,1,486.4790000000002
Cc1cc(N2CCc3c(-c4cccc(O)c4)nc(N4CCOCC4)nc32)ccn1,170.0,6.769551078621726,1,389.4590000000003
Cc1cc(NC(=O)Cc2nc(N3CCOCC3)cc(=O)[nH]2)ccc1F,831.0,6.080398976215889,1,346.36199999999997
Cc1cc(NCc2ccccc2)c2nc(N3CCOCC3)cc(=O)n2c1,500.0,6.301029995663981,1,350.42200000000014
Cc1cc(NCc2ccccc2C)c2nc(N3CCOCC3)cc(=O)n2c1,870.0,6.060480747381382,1,364.4490000000001
Cc1cc(NCc2ccccn2)c2nc(N3CCOCC3)cc(=O)n2c1,2000.0,5.698970004336019,0,351.41000000000014
Cc1cc(NCc2cccnc2)c2nc(N3CCOCC3)cc(=O)n2c1,10000.0,5.0,0,351.41000000000014
Cc1cc(NCc2ccncc2)c2nc(N3CCOCC3)cc(=O)n2c1,4900.0,5.309803919971486,0,351.4100000000001
Cc1cc(N[C@@H](C)c2ccccc2)c2nc(N3CCOCC3)cc(=O)n2c1,2200.0,5.657577319177793,0,364.4490000000001
Cc1cc(N[C@H](C)c2ccccc2)c2nc(N3CCOCC3)cc(=O)n2c1,2700.0,5.568636235841013,0,364.4490000000001
Cc1cc(Nc2c(C)cccc2C)c2nc(N3CCOCC3)cc(=O)n2c1,3900.0,5.4089353929735005,0,364.4490000000001
Cc1cc(Nc2ccccc2)c2nc(N3CCOCC3)cc(=O)n2c1,1700.0,5.769551078621726,0,336.39500000000004
Cc1cc(Nc2ccccc2C)c2nc(N3CCOCC3)cc(=O)n2c1,1500.0,5.823908740944319,0,350.4220000000001
Cc1cc(O)cc(-c2nc(N3CCOCC3)c3oc4ncccc4c3n2)c1,10000.0,5.0,0,362.389
Cc1cc(O)ccc1-c1nc(N2CCOCC2)nc2c(N(C)CCO)cc(C(=O)O)nc12,936.0,6.028724151261895,1,439.4720000000002
Cc1cc(O)ccc1-c1nn(C(C)C)c2ncnc(N)c12,480.0,6.318758762624412,1,283.33500000000004
Cc1cc(O)ccc1Nc1cc2c(cn1)n(C)c(=O)n2C1CCCC1,429.0,6.367542707815276,1,338.4110000000002
Cc1cc(OC(C)c2cc(C(=O)N(C)CCO)cn3c(=O)cc(N4CCOCC4)nc23)ccc1F,2400.0,5.619788758288394,0,484.5280000000003
Cc1cc(OC(F)(F)F)ccc1Nc1cc2c(cn1)n(C)c(=O)n2C1CCCC1,24000.0,4.619788758288394,0,406.4080000000003
Cc1cc(OC(F)F)ccc1Nc1cc2c(cn1)n(C)c(=O)n2C1CCCC1,3080.0,5.511449283499556,0,388.4180000000003
Cc1cc(OCCN(C)C)ccc1Nc1cc2c(cn1)n(C)c(=O)n2C1CCCC1,89400.0,4.048662481204082,0,409.5340000000003
Cc1cc(Oc2ccccc2C)c2[nH]c(N3CCOCC3)cc(=O)c2c1,61000.0,4.214670164989233,0,350.4180000000001
Cc1cc(S(=O)(=O)Nc2cc(C#Cc3c(C)ncnc3N3CCOCC3)cnc2C)c(C)s1,0.55,9.259637310505756,1,483.6190000000003
Cc1cc(S(C)(=O)=O)ccc1C(=O)N1CCOc2ccc(-c3ccc4nc[nH]c4c3)cc2C1,3000.0,5.522878745280337,0,461.5430000000002
Cc1cc(S(C)(=O)=O)ccc1Nc1cc2c(cn1)n(C)c(=O)n2C1CCCC1,1950.0,5.709965388637482,0,400.50400000000025
Cc1cc([C@@H](C)Nc2ccc(Cl)nc2C(=O)O)c2oc(N3CCC(C)(C)CC3)cc(=O)c2c1,500.0,6.301029995663981,1,469.9690000000004
Cc1cc([C@@H](C)Nc2ccc(Cl)nc2C(=O)O)c2oc(N3CCC(F)(F)CC3)c(C)c(=O)c2c1,500.0,6.301029995663981,1,491.92200000000037
Cc1cc([C@@H](C)Nc2ccc(Cl)nc2C(=O)O)c2oc(N3CCC4(CC3)CC4)c(C)c(=O)c2c1,500.0,6.301029995663981,1,481.9800000000005
Cc1cc([C@@H](C)Nc2ccc(Cl)nc2C(=O)O)c2oc(N3CCCCC3)c(C)c(=O)c2c1,500.0,6.301029995663981,1,455.9420000000004
Cc1cc([C@@H](C)Nc2ccc(Cl)nc2C(=O)O)c2oc(N3Cc4ccc(F)cc4C3)c(C)c(=O)c2c1,500.0,6.301029995663981,1,507.94900000000035
Cc1cc([C@@H](C)Nc2ccc(Cl)nc2C(=O)O)c2oc(N3Cc4ccc5c(c4C3)OCO5)cc(=O)c2c1,500.0,6.301029995663981,1,519.9410000000005
Cc1cc([C@@H](C)Nc2ccc(Cl)nc2C(=O)O)c2oc(N3Cc4ccccc4C3)cc(=O)c2c1,500.0,6.301029995663981,1,475.9320000000003
Cc1cc([C@@H](C)Nc2ccccc2C(=O)NO)c2nc(N3CCOCC3)cc(=O)n2c1,2880.0,5.540607512240769,0,423.4730000000003
Cc1cc([C@@H](C)Nc2ccccc2C(=O)NS(C)(=O)=O)c2nc(N3CCOCC3)cc(=O)n2c1,160.0,6.795880017344075,1,485.5660000000004
Cc1cc([C@@H](C)Nc2ccccc2C(=O)O)c2nc(N3CCC(F)(F)CC3)c(C#N)c(=O)n2c1,73.0,7.136677139879544,1,467.4760000000003
Cc1cc([C@@H](C)Nc2ccccc2C(=O)O)c2nc(N3CCC(F)(F)CC3)n3cnnc3c2c1,1000.0,6.0,1,466.49200000000025
Cc1cc([C@@H](C)Nc2ccccc2C(=O)O)c2nc(N3CCCCC3)cc(=O)n2c1,411.0,6.386158178123931,1,406.4860000000003
Cc1cc([C@@H](C)Nc2ccccc2C(=O)O)c2nc(N3CCOCC3)cc(=O)n2c1,712.0,6.147520006363144,1,408.45800000000025
Cc1cc([C@@H](C)Nc2ccccc2C(=O)O)c2oc(N3CC(C)(c4ccccc4)C3)c(C)c(=O)c2c1,500.0,6.301029995663981,1,482.5800000000003
Cc1cc([C@@H](C)Nc2ccccc2C(=O)O)c2oc(N3CC4(CCC4(F)F)C3)c(C)c(=O)c2c1,625.0,6.204119982655925,1,468.50000000000034
Cc1cc([C@@H](C)Nc2ccccc2C(=O)O)c2oc(N3CCC(C#N)(c4ccccc4)CC3)c(C)c(=O)c2c1,625.0,6.204119982655925,1,521.6170000000004
Cc1cc([C@@H](C)Nc2ccccc2C(=O)O)c2oc(N3CCCCC3)cc(=O)c2c1,1333.3333333333333,5.8750612633917,0,406.4820000000003
Cc1cc([C@@H](C)Nc2ccccc2C(=O)O)c2oc(N3CC[C@H](c4ccccc4)C3)c(C)c(=O)c2c1,500.0,6.301029995663981,1,482.5800000000003
Cc1cc([C@@H](C)Nc2ccnnc2C(=O)O)c2oc(N3CCC(C)(C)CC3)cc(=O)c2c1,3000.0,5.522878745280337,0,436.51200000000034
Cc1cc([C@H](C)Nc2cccc(F)c2C(=O)O)c2oc(N3Cc4ccc(F)cc4C3)c(C)c(=O)c2c1,8750.0,5.057991946977687,0,490.5060000000003
Cc1cc([C@H](C)Nc2ccccc2C(=O)O)c2nc(N3CCOCC3)cc(=O)n2c1,80.0,7.096910013008056,1,408.45800000000025
Cc1cc([N+](=O)[O-])ccc1S(=O)(=O)N(C)/N=C/c1cnn2ccc(C#N)cc12,65.0,7.187086643357144,1,398.4040000000001
Cc1cc([N+](=O)[O-])ccc1S(=O)(=O)N(CCO)/N=C/c1cnn2ccc(C#N)cc12,76.0,7.119186407719209,1,428.4300000000001
Cc1cc2c(-c3nc4c(N5CCOCC5)nc(N5CCOCC5)nc4[nH]3)cccc2[nH]1,590.0,6.229147988357855,1,419.4890000000001
Cc1cc2nc(-c3cccc(O)c3)nc(N3CCOCC3)c2s1,6.0,8.221848749616356,1,327.4090000000001
Cc1cc2ncc(C(=O)N3CCOCC3)n2cc1-c1ccc2oc(N)nc2c1,10000.0,5.0,0,377.4040000000001
Cc1cc2ncccc2cc1Nc1ncc2c(n1)n([C@@H]1CNC[C@H]1F)c(=O)n2C,10000.0,5.0,0,393.42600000000016
Cc1cc2ncnn2cc1Nc1ncc2c(n1)N(C1CCOCC1)CC(=O)N2C,187.1,6.72792621249999,1,394.43900000000036
Cc1cc2ncnn2cc1Nc1ncc2c(n1)n(C1CCOCC1)c(=O)n2C,5115.599999999999,5.291103421305243,0,380.4120000000003
Cc1cc2oc(N)nc2cc1-c1ccc2ncc(C(=O)N3CCOCC3)n2c1,10000.0,5.0,0,377.4040000000002
Cc1cc2oc(N)nc2cc1-c1ccc2ncc(N3CC(N4CCOCC4)C3)nc2c1,10000.0,5.0,0,416.48500000000035
Cc1cc2oc(N)nc2cc1-c1ccc2ncc(N3CCN[C@@H](C)C3)nc2c1,10000.0,5.0,0,374.4480000000002
Cc1ccc(-c2ccc3c(c2)N(c2nc4c(s2)C(=O)CC(C)(C)C4)CCO3)cn1,164.0,6.785156151952302,1,405.5230000000003
Cc1ccc(-c2ccc3c(c2)N(c2nc4c(s2)C(=O)NC(C)(C)C4)CCO3)cn1,116.0,6.935542010773082,1,406.51100000000025
Cc1ccc(-c2ccc3c(c2)N(c2nc4c(s2)C(=O)NC(C)(C)C4)CCO3)nn1,738.0,6.131943638176958,1,407.49900000000025
Cc1ccc(-c2ccc3nc(N)sc3c2)cn1,1000.0,6.0,1,241.319
Cc1ccc(-c2ccc3ncc4nc(C)n(-c5ccc(F)cc5)c4c3c2)cc1,356.7,6.447696890661646,1,367.4270000000001
Cc1ccc(-c2ccnc(Nc3ccc(Cl)cc3Cl)n2)cc1,1000.0,6.0,1,330.218
Cc1ccc(-c2cnc3ccc(-c4ccc5oc(N)nc5c4)cc3n2)cn1,100.0,7.0,1,353.38500000000005
Cc1ccc(-c2csc3c(=O)cc(N4CCOCC4)oc23)cc1,238.0,6.623423042943488,1,327.4050000000001
Cc1ccc(-c2n[nH]c3ncnc(N)c23)cc1,8500.0,5.070581074285707,0,225.25500000000002
Cc1ccc(-c2n[nH]c3ncnc(N)c23)cc1O,1500.0,5.823908740944319,0,241.25400000000002
Cc1ccc(-c2n[nH]c3ncnc(N)c23)cc1OCc1ccccc1,14700.0,4.8326826652518236,0,331.379
Cc1ccc(-c2nc(N3CCOCC3)nc(-n3ccnc3C)n2)c2cc[nH]c12,1100.0,5.958607314841775,0,375.4360000000001
Cc1ccc(-c2nc(N3CCOCC3)nc3c2CCN3c2ccncc2)cc1O,50000.0,4.301029995663981,0,389.459
Cc1ccc(-c2ncnc(C)c2C#Cc2ccc(N)nc2)cn1,59.0,7.229147988357855,1,301.353
Cc1ccc(-c2nn(C(C)C)c3ncnc(N)c23)cc1O,280.0,6.552841968657781,1,283.33500000000004
Cc1ccc(-c2nn(C)c3ncnc(N)c23)cc1O,640.0,6.1938200260161125,1,255.28100000000003
Cc1ccc(-c2nn3c(-c4cnc(N)c(C(F)(F)F)c4)cnc3s2)cn1,62.0,7.2076083105017466,1,376.3670000000001
Cc1ccc(-n2c(=O)n(C)c3cnc4ccc(-c5ccncc5)cc4c32)cc1,631.0,6.199970640755866,1,366.4240000000001
Cc1ccc(-n2c([C@H](C)NC(=O)c3c(N)nn4cccnc34)cc3cccc(C#Cc4cnn(C)c4)c3c2=O)cc1,2000.0,5.698970004336019,0,542.6030000000003
Cc1ccc(Br)cc1S(=O)(=O)N(C)/N=C/c1cnn2ccc(C#N)cc12,13.0,7.886056647693163,1,432.30300000000017
Cc1ccc(Br)cc1S(=O)(=O)N(C)/N=C/c1cnn2ccc(Cl)nc12,10000.0,5.0,0,442.7260000000001
Cc1ccc(C#Cc2c(N)ncnc2N[C@@H](C)c2nc3cccc(Cl)c3c(=O)n2-c2cc(F)cc(F)c2)nc1,1000.0,6.0,1,543.9650000000001
Cc1ccc(C#Cc2c(N)ncnc2N[C@@H](C)c2nc3cccc(Cl)c3c(=O)n2-c2ccccc2)nc1,1000.0,6.0,1,507.9850000000002
Cc1ccc(C#Cc2cccc3cc([C@H](C)NC(=O)c4c(N)nn5cccnc45)n(-c4ccccc4)c(=O)c23)cn1,2000.0,5.698970004336019,0,539.5990000000002
Cc1ccc(C#N)cc1S(=O)(=O)N(C)/N=C/c1cnn2ccc(C#N)cc12,2.4,8.619788758288394,1,378.4170000000001
Cc1ccc(C#N)cc1S(=O)(=O)N(C)/N=C/c1cnn2ccc(Cl)nc12,2960.0,5.528708288941061,0,388.84000000000003
Cc1ccc(C#N)cc1S(=O)(=O)N(C)CCc1cnn2ccc(Cl)nc12,10000.0,5.0,0,389.86800000000005
Cc1ccc(C(=O)N2CCN(c3ncnc(C)c3C#Cc3ccc(N)nc3)CC2)o1,25.0,7.6020599913279625,1,402.4580000000002
Cc1ccc(C(=O)Nc2cccn3c(=O)cc(N4CCOCC4)nc23)cc1,1360.0,5.866461091629782,0,364.4050000000002
Cc1ccc(C(=O)O)cc1S(=O)(=O)N(C)/N=C/c1cnn2ccc(C#N)cc12,1000.0,6.0,1,397.4160000000001
Cc1ccc(C(=O)O)cc1S(=O)(=O)N(C)/N=C/c1cnn2ccc(Cl)nc12,10000.0,5.0,0,407.83900000000006
Cc1ccc(C(F)(F)F)cc1S(=O)(=O)N(C)/N=C/c1cnn2ccc(C#N)cc12,21.0,7.6777807052660805,1,421.40400000000017
Cc1ccc(C(N)=O)cc1S(=O)(=O)N(C)/N=C/c1cnn2ccc(Cl)nc12,10000.0,5.0,0,406.85500000000013
Cc1ccc(C(c2c(O)ccc3ccccc23)N2CCCC2=O)cc1,5000.0,5.301029995663981,0,331.41500000000013
Cc1ccc(C)c(S(=O)(=O)N(C)/N=C/c2cnn3ccc(C#N)cc23)c1,100.0,7.0,1,367.4340000000001
Cc1ccc(C)c(S(=O)(=O)N2CCN(Cn3cc4c(=O)oc5ccccc5c4n3)CC2)c1,300.0,6.522878745280337,1,452.53600000000023
Cc1ccc(C)c(S(=O)(=O)n2cc3c(=O)oc4ccccc4c3n2)c1,730.0,6.136677139879544,1,354.38700000000006
Cc1ccc(CN2CCC(n3cnc4c(N5CCOCC5)nc(-c5cncc(O)c5)nc43)CC2)cc1,42.0,7.376750709602099,1,485.5920000000003
Cc1ccc(CNc2cc(C)cn3c(=O)cc(N4CCOCC4)nc23)cc1,900.0,6.045757490560675,1,364.4490000000002
Cc1ccc(Cl)c2c(=O)n(-c3ccccc3)c([C@H](C)Nc3ncnc(N)c3C#Cc3ccc(F)cn3)nc12,1000.0,6.0,1,525.9750000000003
Cc1ccc(Cl)cc1Nc1cc2c(cn1)n(C)c(=O)n2C1CCCC1,2060.0,5.686132779630847,0,356.85700000000026
Cc1ccc(Cl)cc1S(=O)(=O)N(C)/N=C/c1cnn2ccc(C#N)cc12,13.0,7.886056647693163,1,387.85200000000015
Cc1ccc(F)c2c(=O)n(-c3ccccc3)c([C@H](C)Nc3ncnc(N)c3C#Cc3ccc(F)cn3)nc12,1000.0,6.0,1,509.52000000000027
Cc1ccc(F)c2nc([C@H](C)Nc3ncnc(N)c3C#Cc3ccc(F)cn3)n(-c3cccc(C#N)c3)c(=O)c12,1000.0,6.0,1,534.5300000000002
Cc1ccc(F)c2nc([C@H](C)Nc3ncnc(N)c3C#Cc3ccc(F)cn3)n(-c3ccccc3)c(=O)c12,1000.0,6.0,1,509.52000000000027
Cc1ccc(F)c2nc([C@H](C)Nc3ncnc(N)c3C#Cc3cnccn3)n(-c3cccc(C#N)c3)c(=O)c12,1000.0,6.0,1,517.5280000000002
Cc1ccc(F)c2nc([C@H](C)Nc3ncnc(N)c3C#Cc3cnccn3)n(-c3ccccc3)c(=O)c12,550.0,6.259637310505756,1,492.51800000000026
Cc1ccc(F)cc1S(=O)(=O)N(C)/N=C/c1cnn2ccc(C#N)cc12,55.0,7.259637310505756,1,371.3970000000001
Cc1ccc(F)cc1S(=O)(=O)N(C)/N=C/c1cnn2ccc(Cl)nc12,2963.0,5.528268348519949,0,381.82000000000005
Cc1ccc(N)cc1S(=O)(=O)N(C)/N=C/c1cnn2ccc(C#N)cc12,1000.0,6.0,1,368.4220000000001
Cc1ccc(N2CCOc3ccc(O[C@H]4CCN(C(=O)C5CCOCC5)C4)cc32)cn1,4663.0,5.331334584545508,0,423.5130000000003
Cc1ccc(NC(=O)C(F)(F)F)cc1S(=O)(=O)N(C)/N=C/c1cnn2ccc(C#N)cc12,1000.0,6.0,1,464.42900000000014
Cc1ccc(NC(=O)Nc2ccc(-c3nc(N4CCOCC4)nc(N4C5CCC4COC5)n3)cc2)cc1,69.0,7.161150909262744,1,501.59100000000035
Cc1ccc(NC(=O)Nc2ccc(-c3nc(N4CCOCC4)nc(N4CCOCC4)n3)cc2)cc1,16.5,7.782516055786093,1,475.55300000000034
Cc1ccc(NC(=O)c2cccc3c(N)nc(C)nc23)cn1,112.0,6.950781977329818,1,293.33000000000004
Cc1ccc(NC(=O)c2cccn3c(=O)cc(N4CCOCC4)nc23)cc1,1200.0,5.920818753952375,0,364.4050000000002
Cc1ccc(NC(=O)c2cnc3ccc(-c4ccc5oc(N)nc5c4)cn23)cn1,100.0,7.0,1,384.3990000000001
Cc1ccc(NCc2cccn3c(=O)cc(N4CCOCC4)nc23)cc1,6800.0,5.167491087293763,0,350.42200000000014
Cc1ccc(Nc2cc(C)cn3c(=O)cc(N4CCOCC4)nc23)cc1,2900.0,5.5376020021010435,0,350.42200000000014
Cc1ccc(Nc2cc3c(cn2)n(C)c(=O)n3C2CCCC2)c(C)c1,403.0,6.394694953858891,1,336.4390000000002
Cc1ccc(Nc2cc3c(cn2)n(C)c(=O)n3C2CCCC2)cc1,19300.0,4.714442690992226,0,322.41200000000015
Cc1ccc(Nc2cc3c(cn2)n(C)c(=O)n3C2CCCC2)cc1C,37500.0,4.425968732272281,0,336.4390000000002
Cc1ccc(Nc2ccc3c(c2)N(c2nc4c(s2)C(=O)NC(C)(C)C4)CCO3)nn1,24.0,7.619788758288394,1,422.51400000000024
Cc1ccc(O)c(-c2ccc(/C=C3\SC(=O)NC3=O)o2)c1,500.0,6.301029995663981,1,301.3230000000001
Cc1ccc(OCC(=O)Nc2ccc(-c3nnc(-c4ccco4)o3)cc2)cc1,40000.0,4.3979400086720375,0,375.38400000000007
Cc1ccc(OCc2cccn3c(=O)cc(N4CCOCC4)nc23)cc1,2500.0,5.6020599913279625,0,351.4060000000001
Cc1ccc(Oc2nc3c(C)ccc(C)c3cc2C2NC(=O)c3ccccc3N2)cc1,8.0,8.096910013008056,1,409.4890000000001
Cc1ccc(S(=O)(=O)N2CCN(c3nc(NCCN4CCOCC4)nc(N4CCOCC4)n3)CC2)cc1,6.03,8.219682687859848,1,532.6710000000006
Cc1ccc(S(=O)(=O)NC2CC3(CC(O)C3)C2)cc1-c1cncc(-c2cn(C)nc2C)n1,40.0,7.3979400086720375,1,453.56800000000015
Cc1ccc(S(=O)(=O)NCC(C)(C)CO)cc1-c1cncc(-c2cn(C)nc2C)n1,60.0,7.221848749616356,1,429.54600000000016
Cc1ccc(S(=O)(=O)NCC(C)(C)O)cc1-c1cnc(N)c(-c2cn(C)nc2C)c1,1600.0,5.795880017344075,0,429.54600000000016
Cc1ccc(S(=O)(=O)NCC(C)(C)O)cc1-c1cnc(N)c(-c2cn(C)nc2C)n1,200.0,6.698970004336019,1,430.53400000000016
Cc1ccc(S(=O)(=O)NCC(C)(C)O)cc1-c1cnc(N)c(-c2cnn(C)c2)c1,640.0,6.1938200260161125,1,415.5190000000001
Cc1ccc(S(=O)(=O)NCC(C)(C)O)cc1-c1cnc(N)c(-c2cnn(C)c2C)c1,880.0,6.055517327849832,1,429.54600000000016
Cc1ccc(S(=O)(=O)NCC(C)(C)O)cc1-c1cnc(N)c(-c2cnn(C)n2)c1,570.0,6.2441251443275085,1,416.5070000000001
Cc1ccc(S(=O)(=O)NCC(C)(C)O)cc1-c1cnc(N)c(-c2cnn(C)n2)n1,290.0,6.5376020021010435,1,417.4950000000001
Cc1ccc(S(=O)(=O)NCC(C)(C)O)cc1-c1cnc(N)c(-c2nn(C)nc2C)n1,34.0,7.468521082957745,1,431.52200000000016
Cc1ccc(S(=O)(=O)NCC(C)(C)O)cc1-c1cnc(N)c(-n2cncn2)c1,7500.0,5.1249387366083,0,402.4800000000001
Cc1ccc(S(=O)(=O)NCC(C)(C)O)cc1-c1cnc(N)c(-n2cncn2)n1,450.0,6.346787486224656,1,403.4680000000001
Cc1ccc(S(=O)(=O)NCC(C)(C)O)cc1-c1cncc(-c2cn(C)nc2C)n1,50.0,7.301029995663981,1,415.5190000000001
Cc1ccc(S(=O)(=O)NCC2(C)COC2)cc1-c1cncc(-c2cn(C)nc2C)n1,60.0,7.221848749616356,1,427.53000000000014
Cc1ccc(S(=O)(=O)NCCC(C)(C)O)cc1-c1cncc(-c2cn(C)nc2C)n1,80.0,7.096910013008056,1,429.54600000000016
Cc1ccc(S(=O)(=O)NCCC(C)(C)O)cc1-c1cncc(-c2cn(CCN3CCOCC3)nc2C)n1,70.0,7.154901959985743,1,528.6790000000003
Cc1ccc(S(=O)(=O)NCCC(C)(C)O)cc1-c1cncc(-c2cnn(CCN3CCOCC3)c2)n1,260.0,6.585026652029182,1,514.6520000000004
Cc1ccc(S(=O)(=O)NC[C@H]2C[C@@H](O)C2)cc1-c1cncc(-c2cn(C)nc2C)n1,90.0,7.045757490560675,1,427.53000000000014
Cc1ccc(S(=O)(=O)NCc2cccn3c(=O)cc(N4CCOCC4)nc23)cc1,6500.0,5.187086643357144,0,414.48700000000025
Cc1ccc(S(=O)(=O)N[C@H]2CC[C@H](O)CC2)cc1-c1cnc(N)c(C(=O)C2CC2)n1,255.0,6.5934598195660445,1,430.53000000000026
Cc1ccc(S(=O)(=O)N[C@H]2CC[C@H](O)CC2)cc1-c1cncc(-c2cccnc2)n1,400.0,6.3979400086720375,1,424.5260000000001
Cc1ccc(S(=O)(=O)N[C@H]2CC[C@H](O)CC2)cc1-c1cncc(-c2csc(CN3CCOCC3)c2)n1,160.0,6.795880017344075,1,528.7000000000004
Cc1ccc(S(=O)(=O)Nc2cc(-c3sc(NC(=O)[C@@H](N)C(C)C)nc3C)cnc2Cl)cc1,22.8,7.642065152999546,1,494.04200000000026
Cc1ccc(S(=O)(=O)Nc2nc3ccccc3nc2Nc2ccc3nsnc3c2)cc1,39.0,7.4089353929735005,1,448.53300000000013
Cc1ccc(S(=O)(=O)c2cc(-c3cnc(N)nc3)cc(N3CCOCC3)c2)cc1,2100.0,5.6777807052660805,0,410.49900000000025
Cc1ccc(S(=O)(=O)c2nc3ccccc3nc2N2CCOCC2)cc1,1580.0,5.801342913045577,0,369.44600000000025
Cc1ccc(S(=O)(=O)c2nc3ccccc3nc2Nc2cccc(O)c2)cc1,1000.0,6.0,1,391.4520000000001
Cc1ccc(S(=O)(=O)n2cc3c(=O)oc4ccccc4c3n2)cc1,8120.0,5.090443970758825,0,340.36000000000007
Cc1ccc(S(C)(=O)=O)cc1Nc1cc2c(cn1)n(C)c(=O)n2C1CCCC1,311.0,6.507239610973162,1,400.50400000000025
Cc1ccc(S(C)(=O)=O)cc1S(=O)(=O)N(C)/N=C/c1cnn2ccc(C#N)cc12,350.0,6.455931955649724,1,431.49900000000014
Cc1ccc(S(C)(=O)=O)cc1S(=O)(=O)N(C)/N=C/c1cnn2ccc(Cl)nc12,9430.0,5.0254883072626715,0,441.92200000000014
Cc1ccc([N+](=O)[O-])cc1-c1nc(-c2cnn3ccc(Br)cc23)cs1,1000.0,6.0,1,415.27200000000005
Cc1ccc([N+](=O)[O-])cc1C(=O)N(C)/N=C/c1cnn2ccc(C#N)cc12,17.0,7.769551078621726,1,362.3490000000001
Cc1ccc([N+](=O)[O-])cc1C(=O)N1CCC(c2cnn3ccc(Br)cc23)CC1,1000.0,6.0,1,443.3010000000001
Cc1ccc([N+](=O)[O-])cc1C(=O)N1CCN(Cc2cnn3ccc(C#N)cc23)CC1,1000.0,6.0,1,404.4300000000001
Cc1ccc([N+](=O)[O-])cc1C(=O)NC1CCN(Cc2cnn3ccc(C#N)cc23)CC1,1000.0,6.0,1,418.45700000000016
Cc1ccc([N+](=O)[O-])cc1C(=O)NC1CN(Cc2cnn3ccc(C#N)cc23)C1,1000.0,6.0,1,390.40300000000013
Cc1ccc([N+](=O)[O-])cc1C(=O)N[C@@H]1CCCN(Cc2cnn3ccc(C#N)cc23)C1,1000.0,6.0,1,418.45700000000016
Cc1ccc([N+](=O)[O-])cc1C(=O)N[C@@H]1CCN(Cc2cnn3ccc(C#N)cc23)C1,1000.0,6.0,1,404.4300000000001
Cc1ccc([N+](=O)[O-])cc1C(=O)N[C@H]1CCCN(Cc2cnn3ccc(C#N)cc23)C1,1000.0,6.0,1,418.45700000000016
Cc1ccc([N+](=O)[O-])cc1C(=O)N[C@H]1CCN(Cc2cnn3ccc(C#N)cc23)C1,1000.0,6.0,1,404.4300000000001
Cc1ccc([N+](=O)[O-])cc1CN(C)/N=C/c1cnn2ccc(C#N)cc12,40.0,7.3979400086720375,1,348.3660000000001
Cc1ccc([N+](=O)[O-])cc1CS(=O)(=O)c1nc(-c2cnn3ccc(Br)cc23)cs1,1000.0,6.0,1,493.3640000000001
Cc1ccc([N+](=O)[O-])cc1CSc1nc(-c2cnn3ccc(Br)cc23)cs1,1000.0,6.0,1,461.36600000000004
Cc1ccc([N+](=O)[O-])cc1Cc1nc(-c2cnn3ccc(Br)cc23)cs1,1000.0,6.0,1,429.29900000000004
Cc1ccc([N+](=O)[O-])cc1Nc1nc(-c2cnn3ccc(Br)cc23)cs1,1000.0,6.0,1,430.2870000000001
Cc1ccc([N+](=O)[O-])cc1S(=O)(=O)/N=c1/scc(-c2cnn3ccc(Br)cc23)n1C,1000.0,6.0,1,508.37900000000013
Cc1ccc([N+](=O)[O-])cc1S(=O)(=O)C/C=C/c1cnn2ccc(Br)cc12,140.0,6.853871964321762,1,436.28700000000003
Cc1ccc([N+](=O)[O-])cc1S(=O)(=O)Cc1nc(-c2cnn3ccc(Br)cc23)cs1,240.0,6.619788758288394,1,493.3640000000001
Cc1ccc([N+](=O)[O-])cc1S(=O)(=O)N(C)/N=C/c1cccc2ccccc12,10000.0,5.0,0,383.4290000000001
Cc1ccc([N+](=O)[O-])cc1S(=O)(=O)N(C)/N=C/c1ccnc2ccccc12,2300.0,5.638272163982407,0,384.4170000000001
Cc1ccc([N+](=O)[O-])cc1S(=O)(=O)N(C)/N=C/c1cn(C)c2ccccc12,10000.0,5.0,0,386.4330000000001
Cc1ccc([N+](=O)[O-])cc1S(=O)(=O)N(C)/N=C/c1cnc2ccc(Br)cn12,3.65,8.437707135543524,1,452.2900000000001
Cc1ccc([N+](=O)[O-])cc1S(=O)(=O)N(C)/N=C/c1cnc2ccccc2c1,10000.0,5.0,0,384.4170000000001
Cc1ccc([N+](=O)[O-])cc1S(=O)(=O)N(C)/N=C/c1cnc2ccccn12,860.0,6.0655015487564325,1,373.39400000000006
Cc1ccc([N+](=O)[O-])cc1S(=O)(=O)N(C)/N=C/c1cnc2n1CCCC2,10000.0,5.0,0,377.4260000000002
Cc1ccc([N+](=O)[O-])cc1S(=O)(=O)N(C)/N=C/c1cncc2c(Br)cccc12,10000.0,5.0,0,463.3130000000001
Cc1ccc([N+](=O)[O-])cc1S(=O)(=O)N(C)/N=C/c1cncc2cc(Br)ccc12,10000.0,5.0,0,463.3130000000001
Cc1ccc([N+](=O)[O-])cc1S(=O)(=O)N(C)/N=C/c1cncc2ccc(Br)cc12,2200.0,5.657577319177793,0,463.3130000000001
Cc1ccc([N+](=O)[O-])cc1S(=O)(=O)N(C)/N=C/c1cncc2ccccc12,800.0,6.096910013008056,1,384.4170000000001
Cc1ccc([N+](=O)[O-])cc1S(=O)(=O)N(C)/N=C/c1cncn1C,10000.0,5.0,0,337.36100000000005
Cc1ccc([N+](=O)[O-])cc1S(=O)(=O)N(C)/N=C/c1cnn2c(C)cccc12,1600.0,5.795880017344075,0,387.4210000000001
Cc1ccc([N+](=O)[O-])cc1S(=O)(=O)N(C)/N=C/c1cnn2cc(Br)ccc12,1000.0,6.0,1,452.2900000000001
Cc1ccc([N+](=O)[O-])cc1S(=O)(=O)N(C)/N=C/c1cnn2cc(F)c(C#N)cc12,45.0,7.346787486224656,1,416.3940000000001
Cc1ccc([N+](=O)[O-])cc1S(=O)(=O)N(C)/N=C/c1cnn2ccc(-c3ccccc3)cc12,1000.0,6.0,1,449.49200000000013
Cc1ccc([N+](=O)[O-])cc1S(=O)(=O)N(C)/N=C/c1cnn2ccc(-c3cccnc3)nc12,1240.0,5.906578314837765,0,451.46800000000013
Cc1ccc([N+](=O)[O-])cc1S(=O)(=O)N(C)/N=C/c1cnn2ccc(Br)cc12,3.8,8.42021640338319,1,452.2900000000001
Cc1ccc([N+](=O)[O-])cc1S(=O)(=O)N(C)/N=C/c1cnn2ccc(C#N)cc12,8.666666666666666,8.062147906748844,1,398.4040000000001
Cc1ccc([N+](=O)[O-])cc1S(=O)(=O)N(C)/N=C/c1cnn2ccc(C#N)nc12,198.0,6.703334809738469,1,399.3920000000001
Cc1ccc([N+](=O)[O-])cc1S(=O)(=O)N(C)/N=C/c1cnn2ccc(C(=O)N(C)C)cc12,1000.0,6.0,1,444.4730000000002
Cc1ccc([N+](=O)[O-])cc1S(=O)(=O)N(C)/N=C/c1cnn2ccc(C(F)(F)F)cc12,150.0,6.823908740944319,1,441.3910000000001
Cc1ccc([N+](=O)[O-])cc1S(=O)(=O)N(C)/N=C/c1cnn2ccc(C(N)=O)cc12,530.0,6.275724130399211,1,416.41900000000015
Cc1ccc([N+](=O)[O-])cc1S(=O)(=O)N(C)/N=C/c1cnn2ccc(C3CC3)cc12,1100.0,5.958607314841775,0,413.4590000000002
Cc1ccc([N+](=O)[O-])cc1S(=O)(=O)N(C)/N=C/c1cnn2ccc(Cl)cc12,2.9,8.537602002101044,1,407.8390000000001
Cc1ccc([N+](=O)[O-])cc1S(=O)(=O)N(C)/N=C/c1cnn2ccc(Cl)nc12,271.0,6.567030709125595,1,408.8270000000001
Cc1ccc([N+](=O)[O-])cc1S(=O)(=O)N(C)/N=C/c1cnn2ccc(I)cc12,16.0,7.795880017344075,1,499.2900000000001
Cc1ccc([N+](=O)[O-])cc1S(=O)(=O)N(C)/N=C/c1cnn2ccc(N(C)C)nc12,10000.0,5.0,0,417.45100000000014
Cc1ccc([N+](=O)[O-])cc1S(=O)(=O)N(C)/N=C/c1cnn2ccc(N3CCOCC3)nc12,10000.0,5.0,0,459.4880000000003
Cc1ccc([N+](=O)[O-])cc1S(=O)(=O)N(C)/N=C/c1cnn2ccc(O)cc12,2600.0,5.585026652029182,0,389.3930000000001
Cc1ccc([N+](=O)[O-])cc1S(=O)(=O)N(C)/N=C/c1cnn2cccc(Br)c12,1000.0,6.0,1,452.2900000000001
Cc1ccc([N+](=O)[O-])cc1S(=O)(=O)N(C)/N=C/c1cnn2cccc(C)c12,1000.0,6.0,1,387.4210000000001
Cc1ccc([N+](=O)[O-])cc1S(=O)(=O)N(C)/N=C/c1cnn2ccccc12,960.0,6.017728766960431,1,373.39400000000006
Cc1ccc([N+](=O)[O-])cc1S(=O)(=O)N(C)/N=C/c1coc2ccccc12,10000.0,5.0,0,373.3900000000001
Cc1ccc([N+](=O)[O-])cc1S(=O)(=O)N(C)/N=C/c1csc2ccccc12,10000.0,5.0,0,389.4580000000001
Cc1ccc([N+](=O)[O-])cc1S(=O)(=O)N(C)/N=C/c1ncc2ccccn12,10000.0,5.0,0,373.39400000000006
Cc1ccc([N+](=O)[O-])cc1S(=O)(=O)N(C)/N=C/c1ncn2ccccc12,10000.0,5.0,0,373.39400000000006
Cc1ccc([N+](=O)[O-])cc1S(=O)(=O)N(C)/N=C/c1onc2ccccc12,5000.0,5.301029995663981,0,374.3780000000001
Cc1ccc([N+](=O)[O-])cc1S(=O)(=O)N(C)CCc1cnn2ccc(Cl)nc12,1870.0,5.728158393463501,0,409.85500000000013
Cc1ccc([N+](=O)[O-])cc1S(=O)(=O)N(C)c1nc(-c2cnn3ccc(Br)cc23)cs1,1000.0,6.0,1,508.37900000000013
Cc1ccc([N+](=O)[O-])cc1S(=O)(=O)N(CCN(C)C)/N=C/c1cnn2ccc(C#N)cc12,77.0,7.113509274827518,1,455.50000000000017
Cc1ccc([N+](=O)[O-])cc1S(=O)(=O)N(CCN1CCCCC1)/N=C/c1cnn2ccc(C#N)cc12,140.0,6.853871964321762,1,495.56500000000034
Cc1ccc([N+](=O)[O-])cc1S(=O)(=O)N(CCN1CCOCC1)/N=C/c1cnn2ccc(C#N)cc12,4.5,8.346787486224656,1,497.5370000000003
Cc1ccc([N+](=O)[O-])cc1S(=O)(=O)N(CCO)/N=C/c1cnn2ccc(C#N)cc12,26.78,7.57218942732401,1,428.4300000000001
Cc1ccc([N+](=O)[O-])cc1S(=O)(=O)N(Cc1ccccc1)/N=C/c1cnn2ccc(C#N)cc12,27.0,7.568636235841013,1,474.5020000000001
Cc1ccc([N+](=O)[O-])cc1S(=O)(=O)N/N=C/c1cnn2ccc(C#N)cc12,13.0,7.886056647693163,1,384.3770000000001
Cc1ccc([N+](=O)[O-])cc1S(=O)(=O)N1CCC(c2cnn3ccc(Br)cc23)C1,3000.0,5.522878745280337,0,465.3290000000001
Cc1ccc([N+](=O)[O-])cc1S(=O)(=O)N1CCC(c2cnn3ccc(Br)cc23)CC1,1000.0,6.0,1,479.35600000000017
Cc1ccc([N+](=O)[O-])cc1S(=O)(=O)N1CCCC(c2cnn3ccc(Br)cc23)C1,590.0,6.229147988357855,1,479.3560000000001
Cc1ccc([N+](=O)[O-])cc1S(=O)(=O)N1CCCN(Cc2cnn3ccc(C#N)cc23)CC1,1000.0,6.0,1,454.5120000000002
Cc1ccc([N+](=O)[O-])cc1S(=O)(=O)N1CCN(Cc2cnn3ccc(C#N)cc23)CC1,1000.0,6.0,1,440.48500000000024
Cc1ccc([N+](=O)[O-])cc1S(=O)(=O)NC1CCN(Cc2cnn3ccc(C#N)cc23)CC1,1000.0,6.0,1,454.5120000000003
Cc1ccc([N+](=O)[O-])cc1S(=O)(=O)NC1CN(Cc2cnn3ccc(C#N)cc23)C1,1000.0,6.0,1,426.4580000000002
Cc1ccc([N+](=O)[O-])cc1S(=O)(=O)NCCc1cnn2ccc(Cl)nc12,900.0,6.045757490560675,1,395.8280000000001
Cc1ccc([N+](=O)[O-])cc1S(=O)(=O)N[C@@H]1CCCN(Cc2cnn3ccc(C#N)cc23)C1,1000.0,6.0,1,454.5120000000003
Cc1ccc([N+](=O)[O-])cc1S(=O)(=O)N[C@@H]1CCN(Cc2cnn3ccc(C#N)cc23)C1,1000.0,6.0,1,440.48500000000024
Cc1ccc([N+](=O)[O-])cc1S(=O)(=O)N[C@H]1CCCN(Cc2cnn3ccc(C#N)cc23)C1,1000.0,6.0,1,454.5120000000003
Cc1ccc([N+](=O)[O-])cc1S(=O)(=O)N[C@H]1CCN(Cc2cnn3ccc(C#N)cc23)C1,1000.0,6.0,1,440.48500000000024
Cc1ccc([N+](=O)[O-])cc1S(=O)(=O)Nc1nc(-c2cnn3ccc(Br)cc23)cs1,1260.0,5.8996294548824375,0,494.3520000000001
Cc1ccc([N+](=O)[O-])cc1S(=O)(=O)n1cc(-c2cnn3ccc(Cl)nc23)cn1,194.0,6.7121982700697735,1,418.82200000000006
Cc1ccc([N+](=O)[O-])cc1S(=O)(=O)n1ccc(-c2cnn3ccc(Cl)nc23)c1,164.0,6.785156151952302,1,417.83400000000006
Cc1ccc([N+](=O)[O-])cc1S(=O)(=O)n1ccc(-c2cnn3ccc(Cl)nc23)n1,1070.0,5.97061622231479,0,418.82200000000006
Cc1ccc2[nH]c(Cc3nc(N4CCOCC4)cc(=O)[nH]3)nc2c1,9880.0,5.005243055412372,0,325.37199999999996
Cc1ccc2c(/C=N/N(C)S(=O)(=O)c3cc([N+](=O)[O-])ccc3C)cnn2c1,1000.0,6.0,1,387.4210000000001
Cc1ccc2c(c1)-c1nc3cc(Br)ccc3n1CCO2,662.0,6.1791420105603,1,329.1970000000001
Cc1ccc2c(c1)-c1nc3cc(C(F)(F)F)ccc3n1CCO2,685.0,6.164309428507575,1,318.2980000000001
Cc1ccc2c(c1)-c1nc3cc(C)ccc3n1CCO2,118.0,6.928117992693875,1,264.328
Cc1ccc2c(c1)-c1nc3cc(F)ccc3n1CCO2,474.0,6.324221658325915,1,268.291
Cc1ccc2c(c1)-c1nc3cc([N+](=O)[O-])ccc3n1CCO2,16.0,7.795880017344075,1,295.2980000000001
Cc1ccc2c(c1)C(=O)N(C)c1cnc(Nc3cccc(S(=O)(=O)N4CCC(O)CC4)c3)nc1N2C,55.0,7.259637310505756,1,508.6040000000003
Cc1ccc2c(c1)N(c1nc3c(s1)C(=O)NC(C)(C)C3)CCO2,1812.0,5.741841806659206,0,329.4250000000002
Cc1ccc2cc(-c3nn(C(C)C)c4ncnc(N)c34)ccc2n1,462.0,6.335358024443875,1,318.38400000000007
Cc1ccc2ccc(-c3nn(C(C)C)c4ncnc(N)c34)cc2n1,752.0,6.123782159408358,1,318.38400000000007
Cc1ccc2nc(Cc3nc(N4CCOCC4)cc(=O)[nH]3)oc2c1,9768.0,5.010194349063174,0,326.356
Cc1ccc2oc(Cc3nc(N4CCOCC4)cc(=O)[nH]3)nc2c1,10000.0,5.0,0,326.356
Cc1cccc(-c2c([C@H](C)Nc3nc(N)nc(N)c3C#N)cc3ccc(F)cn3c2=O)c1,2000.0,5.698970004336019,0,429.4590000000001
Cc1cccc(-c2csc3c(=O)cc(N4CCOCC4)oc23)c1,116.0,6.935542010773082,1,327.4050000000001
Cc1cccc(-c2n[nH]c3ncnc(N)c23)c1,4200.0,5.376750709602099,0,225.25500000000002
Cc1cccc(-c2n[nH]c3ncnc(N)c23)c1C,9000.0,5.045757490560675,0,239.282
Cc1cccc(-c2nc(N3CCOCC3)c3[nH]ccc3n2)c1,1506.0,5.822175028135319,0,294.358
Cc1cccc(-n2c([C@H](C)NC(=O)c3c(N)nn4cccnc34)cc3cccc(C#Cc4cnn(C)c4)c3c2=O)c1,2000.0,5.698970004336019,0,542.6030000000003
Cc1cccc(C#Cc2c(N)ncnc2N[C@@H](C)c2nc3cccc(Cl)c3c(=O)n2-c2ccccc2)n1,1000.0,6.0,1,507.9850000000002
Cc1cccc(C(=O)Nc2cccn3c(=O)cc(N4CCOCC4)nc23)c1,570.0,6.2441251443275085,1,364.40500000000026
Cc1cccc(C)c1-n1c(Cn2nc(-c3ccc4[nH]ccc4c3)c3c(N)ncnc32)nc2cccc(F)c2c1=O,31291.0,4.504580557418133,0,530.5670000000002
Cc1cccc(CNc2cc(C)cn3c(=O)cc(N4CCOCC4)nc23)c1,400.0,6.3979400086720375,1,364.44900000000024
Cc1cccc(Cn2ccn3c(=O)cc(N4CCOCC4)nc23)c1,4000.0,5.3979400086720375,0,324.3840000000001
Cc1cccc(NC(=O)Cc2nc(N3CCOCC3)cc(=O)[nH]2)c1,626.0,6.20342566678957,1,328.372
Cc1cccc(NC(=O)c2ccc(Cn3cnc4ccccc4c3=O)o2)n1,28000.0,4.552841968657781,0,360.3730000000001
Cc1cccc(NC(=O)c2cccn3c(=O)cc(N4CCOCC4)nc23)c1,850.0,6.070581074285707,1,364.40500000000026
Cc1cccc(NCc2cccn3c(=O)cc(N4CCOCC4)nc23)c1,1100.0,5.958607314841775,0,350.4220000000002
Cc1cccc(Nc2cc(C)cn3c(=O)cc(N4CCOCC4)nc23)c1,1000.0,6.0,1,350.42200000000014
Cc1cccc(Nc2cc3c(cn2)n(C)c(=O)n3C2CCCC2)c1,35300.0,4.452225294612178,0,322.41200000000015
Cc1cccc(Nc2cc3c(cn2)n(C)c(=O)n3C2CCCC2)c1C,25600.0,4.59176003468815,0,336.4390000000002
Cc1cccc(Nc2nccc(-c3ccc(Br)cc3)n2)c1,894.0,6.048662481204082,1,340.22400000000005
Cc1cccc(Nc2nccc(-c3ccc(Cl)cc3Cl)n2)c1,813.0,6.089909454405932,1,330.218
Cc1cccc(OC(C)c2cc(C(=O)N(C)CCO)cn3c(=O)cc(N4CCOCC4)nc23)c1,9400.0,5.026872146400302,0,466.5380000000003
Cc1cccc(S(=O)(=O)N(C)/N=C/c2cnn3ccc(Cl)nc23)c1,10000.0,5.0,0,363.83000000000004
Cc1cccc(S(=O)(=O)N2CCN(c3nc(NCCN4CCOCC4)nc(N4CCOCC4)n3)CC2)c1,18.71,7.72792621249999,1,532.6710000000005
Cc1cccc(S(=O)(=O)Nc2cc(-c3sc(NC(=O)[C@@H](N)C(C)C)nc3C)cnc2Cl)c1,62.6,7.20342566678957,1,494.04200000000026
Cc1cccc([N+](=O)[O-])c1S(=O)(=O)N(C)/N=C/c1cnn2ccc(C#N)cc12,14.0,7.853871964321762,1,398.4040000000001
Cc1cccc2c(=O)n(-c3ccccc3)c([C@H](C)Nc3ncnc(N)c3C#Cc3ccc(F)cn3)nc12,1000.0,6.0,1,491.53000000000026
Cc1cccc2c1CCN2C(=O)Cc1nc(N2CCOCC2)cc(=O)[nH]1,138.0,6.860120913598763,1,354.4100000000001
Cc1cccc2cc([C@H](C)Nc3ncnc4[nH]cnc34)c(-c3ccccc3)c(=O)n12,1156.0,5.93704216591549,0,396.4540000000002
Cc1cccc2nc(Cc3nc(N4CCOCC4)cc(=O)[nH]3)oc12,7150.0,5.145693958198919,0,326.35600000000005
Cc1cccc2nc([C@H](C)Nc3ncnc(N)c3C#Cc3ccc(F)cn3)n(-c3cccc(CN(C)S(C)(=O)=O)c3)c(=O)c12,1000.0,6.0,1,612.6910000000001
Cc1cccc2nc([C@H](C)Nc3ncnc(N)c3C#Cc3ccc(F)cn3)n(-c3ccccc3)c(=O)c12,1000.0,6.0,1,491.5300000000002
Cc1cccc2nc([C@H](C)Nc3ncnc(N)c3C#Cc3ccccn3)n(-c3ccccc3)c(=O)c12,550.0,6.259637310505756,1,473.5400000000002
Cc1cccc2nc([C@H](C)Nc3ncnc(N)c3C#Cc3cnccn3)n(-c3cccc(F)c3)c(=O)c12,1000.0,6.0,1,492.5180000000002
Cc1cccc2nc([C@H](C)Nc3ncnc(N)c3C#Cc3cnccn3)n(-c3ccccc3)c(=O)c12,550.0,6.259637310505756,1,474.5280000000002
Cc1cccc2nc([C@H](C)Nc3ncnc(N)c3C#Cc3cnccn3)n(-c3cccnc3)c(=O)c12,1000.0,6.0,1,475.5160000000002
Cc1cccc2nc([C@H](C)Nc3ncnc(N)c3C#Cc3cnccn3)n(-c3cncc(F)c3)c(=O)c12,1000.0,6.0,1,493.5060000000002
Cc1cccc2nc([C@H](C)Nc3ncnc(N)c3C#Cc3ncccn3)n(-c3cc(F)cc(F)c3)c(=O)c12,1000.0,6.0,1,510.5080000000002
Cc1cccc2nc([C@H](C)Nc3ncnc(N)c3C#Cc3ncccn3)n(-c3ccccc3)c(=O)c12,1000.0,6.0,1,474.5280000000002
Cc1cccc2oc(Cc3nc(N4CCOCC4)cc(=O)[nH]3)nc12,10000.0,5.0,0,326.356
Cc1ccccc1-c1n[nH]c2ncnc(N)c12,15000.0,4.823908740944319,0,225.255
Cc1ccccc1-n1c(Cn2cc(-c3ccccc3)nn2)nc2cccc(C)c2c1=O,250000.0,3.6020599913279625,0,407.4770000000002
Cc1ccccc1-n1c(Cn2cnc3c(N)ncnc32)nc2cccc(C)c2c1=O,171000.0,3.767003889607846,0,397.4420000000002
Cc1ccccc1-n1c(Cn2nc(-c3cc(O)cc(F)c3)c3c(N)ncnc32)nc2cccc(C)c2c1=O,1300.0,5.886056647693163,0,507.5290000000003
Cc1ccccc1-n1c(Cn2nc(-c3ccc(O)c(F)c3)c3c(N)ncnc32)nc2cccc(C)c2c1=O,9000.0,5.045757490560675,0,507.5290000000003
Cc1ccccc1-n1c(Cn2nc(-c3cccc(O)c3)c3c(N)ncnc32)nc2cccc(C)c2c1=O,9600.0,5.017728766960431,0,489.53900000000027
Cc1ccccc1-n1c(Cn2nc(C#CCO)c3c(N)ncnc32)nc2cccc(C)c2c1=O,85000.0,4.070581074285707,0,451.4900000000002
Cc1ccccc1-n1c([C@@H]2CCCN2c2ncnc(N)c2C#N)nc2cccc(-c3cn(C)cn3)c2c1=O,10000.0,5.0,0,503.5700000000003
Cc1ccccc1-n1c([C@@H]2CCCN2c2ncnc(N)c2C#N)nc2cccc(-c3cnn(C)c3)c2c1=O,920.0,6.036212172654444,1,503.5700000000003
Cc1ccccc1-n1c([C@@H]2CCCN2c2ncnc(N)c2C#N)nc2cccc(Cl)c2c1=O,5208.0,5.2833290244398645,0,457.9250000000002
Cc1ccccc1-n1c([C@H](C)NC(=O)c2c(N)nn3cccnc23)cc2cccc(C#Cc3cnn(C)c3)c2c1=O,2000.0,5.698970004336019,0,542.6030000000002
Cc1ccccc1C(=O)Nc1cccn2c(=O)cc(N3CCOCC3)nc12,810.0,6.0915149811213505,1,364.4050000000002
Cc1ccccc1C1NC(=O)c2cc(NC3COC3)cc(NC(=O)c3csc4ccccc34)c21,100.0,7.0,1,469.5660000000002
Cc1ccccc1Cn1ccn2c(=O)cc(N3CCOCC3)nc12,4000.0,5.3979400086720375,0,324.3840000000001
Cc1ccccc1Cn1cnc(=O)c2sc(N3CCOCC3)nc21,2500.0,5.6020599913279625,0,342.4240000000002
Cc1ccccc1N(C)C(=O)c1cc2c(s1)-c1ccccc1OC2,699.0,6.1555228242543185,1,335.4280000000001
Cc1ccccc1NC(=O)Cc1nc(N2CCOCC2)cc(=O)[nH]1,10000.0,5.0,0,328.37200000000007
Cc1ccccc1NC(=O)c1cccn2c(=O)cc(N3CCOCC3)nc12,1800.0,5.7447274948966935,0,364.4050000000002
Cc1ccccc1NCc1cccn2c(=O)cc(N3CCOCC3)nc12,1800.0,5.7447274948966935,0,350.42200000000025
Cc1ccccc1Nc1cc2c(cn1)n(C)c(=O)n2C1CCCC1,7500.0,5.1249387366083,0,322.41200000000015
Cc1ccccc1Nc1ncc(-c2cncc(C#N)c2)cc1NC(=O)c1cc(F)cc(C(F)(F)F)c1,550.0,6.259637310505756,1,491.44800000000015
Cc1ccccc1Nc1ncc(C(=O)NC2CC(F)(F)C2)cc1NC(=O)c1cc(F)cc(C(F)(F)F)c1,550.0,6.259637310505756,1,522.4490000000002
Cc1ccccc1Nc1ncc(C(=O)NC2CS(=O)(=O)C2)cc1NC(=O)c1cc(F)cc(C(F)(F)F)c1,550.0,6.259637310505756,1,536.5070000000003
Cc1ccccc1Nc1ncc(C(=O)NC2CS(=O)(=O)C2)cc1NC(=O)c1csc2ccccc12,550.0,6.259637310505756,1,506.60900000000026
Cc1ccccc1Nc1ncc(C(=O)NC2C[S+]([O-])C2)cc1NC(=O)c1csc2ccccc12,550.0,6.259637310505756,1,490.61000000000024
Cc1ccccc1Nc1ncc(C(=O)NCC2CC(F)(F)C2)cc1NC(=O)c1cc(F)cc(C(F)(F)F)c1,550.0,6.259637310505756,1,536.4760000000002
Cc1ccccc1Nc1ncc(C(=O)NCc2ccc(Cl)cc2)cc1NC(=O)c1csc2ccccc12,550.0,6.259637310505756,1,527.0490000000001
Cc1ccccc1Nc1ncc(C(=O)NCc2ccn(C)n2)cc1NC(=O)c1cc(F)cc(C(F)(F)F)c1,550.0,6.259637310505756,1,526.4940000000001
Cc1ccccc1Nc1ncc(C(=O)NCc2ccnn2C)cc1NC(=O)c1cc(F)cc(C(F)(F)F)c1,550.0,6.259637310505756,1,526.4940000000001
Cc1ccccc1Nc1ncc(C(=O)NCc2ccnn2C)cc1NC(=O)c1csc2ccccc12,550.0,6.259637310505756,1,496.5960000000002
Cc1ccccc1Nc1ncc(C(=O)NCc2nccs2)cc1NC(=O)c1csc2ccccc12,2550.0,5.5934598195660445,0,499.62100000000015
Cc1ccccc1Nc1ncc(C(=O)Nc2ccncc2)cc1NC(=O)c1cc(F)cc(C(F)(F)F)c1,550.0,6.259637310505756,1,509.46300000000014
Cc1ccccc1OC(C)c1cc(C(=O)N(C)CCO)cn2c(=O)cc(N3CCOCC3)nc12,1300.0,5.886056647693163,0,466.5380000000003
Cc1ccccc1Oc1cc(-c2cnc(N)nc2)nc(N2CCOCC2)c1,75.0,7.1249387366083,1,363.4210000000002
Cc1ccccc1S(=O)(=O)N(C)/N=C/c1cnn2ccc(C#N)cc12,700.0,6.154901959985743,1,353.4070000000001
Cc1ccccc1S(=O)(=O)N(C)/N=C/c1cnn2ccc(Cl)nc12,10000.0,5.0,0,363.83000000000004
Cc1ccccc1S(=O)(=O)N1CCN(c2nc(NCCN3CCOCC3)nc(N3CCOCC3)n2)CC1,32.03,7.494443061336178,1,532.6710000000004
Cc1ccccc1S(=O)(=O)Nc1cc(-c2sc(NC(=O)[C@@H](N)C(C)C)nc2C)cnc1Cl,43.0,7.366531544420414,1,494.04200000000026
Cc1ccccc1S(=O)(=O)Nc1cc(C#Cc2c(C)ncnc2N2CCOCC2)cnc1C,1.0,9.0,1,463.5630000000003
Cc1ccccc1[S+]([O-])c1nc(-c2cnn3ccc(Br)cc23)cs1,1280.0,5.892790030352131,0,418.34100000000007
Cc1cccnc1-c1c(-c2ccccn2)c([C@H](C)Nc2ncnc(N)c2C#N)nc2ccc(F)cc12,20000.0,4.698970004336019,0,476.51900000000023
Cc1cccnc1C#Cc1c(N)ncnc1N[C@@H](C)c1nc2cccc(Cl)c2c(=O)n1-c1ccccc1,1000.0,6.0,1,507.98500000000024
Cc1ccn(-c2nc(-c3cc(S(=O)(=O)NCC(C)(C)O)ccc3C)cnc2N)n1,880.0,6.055517327849832,1,416.5070000000002
Cc1ccn(C2CCN(C(=O)c3cnc4ccc(-c5ccc6oc(N)nc6c5)cn34)CC2)n1,1000.0,6.0,1,441.49500000000023
Cc1ccn(C2CCN(c3cnc4ccc(-c5ccc6oc(N)nc6c5)cc4n3)CC2)n1,100.0,7.0,1,425.49600000000027
Cc1ccn(C2CN(c3cnc4ccc(-c5ccc6oc(N)nc6c5)cc4n3)C2)n1,100.0,7.0,1,397.4420000000002
Cc1ccn2c(-c3cnc(Cl)c(NS(=O)(=O)c4ccc(F)cc4)c3)cnc2c1,13.0,7.886056647693163,1,416.8650000000001
Cc1ccn2nc(N)c(C(=O)N[C@@H](C)c3cc4cccc(C#Cc5cnn(C)c5)c4c(=O)n3-c3ccccc3)c2n1,2000.0,5.698970004336019,0,542.6030000000003
Cc1ccn2ncc(/C=N/N(C)S(=O)(=O)c3cc([N+](=O)[O-])ccc3C)c2c1,110.0,6.958607314841775,1,387.42100000000016
Cc1ccn2ncc(/C=N/N(C)S(=O)(=O)c3cc([N+](=O)[O-])ccc3C)c2n1,902.0,6.044793462458058,1,388.40900000000016
Cc1ccnc(C#Cc2c(N)ncnc2N[C@@H](C)c2nc3cccc(Cl)c3c(=O)n2-c2ccccc2)c1,550.0,6.259637310505756,1,507.98500000000024
Cc1ccnc2c(C(=O)N[C@@H](C)c3cc4cccc(C#Cc5cnn(C)c5)c4c(=O)n3-c3ccccc3)cnn12,2000.0,5.698970004336019,0,527.5880000000002
Cc1ccncc1C#Cc1cccc2cc([C@H](C)NC(=O)c3c(N)nn4cccnc34)n(-c3ccccc3)c(=O)c12,2000.0,5.698970004336019,0,539.5990000000003
Cc1cn(-c2cnc3ccc(-c4ccc5oc(N)nc5c4)cc3n2)cn1,100.0,7.0,1,342.362
Cc1cn(C2CCN(c3cnc4ccc(-c5ccc6oc(N)nc6c5)cc4n3)CC2)cn1,100.0,7.0,1,425.49600000000027
Cc1cn(C2CN(c3cnc4ccc(-c5ccc6oc(N)nc6c5)cc4n3)C2)cn1,100.0,7.0,1,397.4420000000001
Cc1cn(CCN2CCN(c3ccccc3-c3cc(C#N)cc(C(=O)NCCCN4CCCC4)c3)CC2)c2ccccc12,20000.0,4.698970004336019,0,574.7730000000006
Cc1cn2c(=O)cc(N3CCOCC3)nc2n1Cc1cccc(Cl)c1Cl,800.0,6.096910013008056,1,393.274
Cc1cn2cc(-c3cc(N4CCOCC4)cc(S(=O)(=O)Cc4ccccc4)c3)cnc2n1,13000.0,4.886056647693163,0,448.5480000000001
Cc1cnc(-c2cc(Cl)ccc2F)cc1-n1c(=O)n(CC(N)=O)c2cnccc21,20000.0,4.698970004336019,0,411.8240000000002
Cc1cnc(C(=O)N[C@@H](C)c2cc3cccc(C#Cc4cnn(C)c4)c3c(=O)n2-c2ccccc2)c(N)n1,2000.0,5.698970004336019,0,503.5660000000002
Cc1cncc(-c2ccn3nc(NC(=O)NCCOc4cccnc4)cc3c2)c1,6617.0,5.179338865356405,0,388.43100000000004
Cc1cnccc1-c1cc(N2CCOCC2)cc(S(=O)(=O)c2ccccc2)c1,9000.0,5.045757490560675,0,394.49600000000004
Cc1cnccc1C(=O)N1CC[C@H](Oc2ccc3c(c2)N(c2cnc(S(C)(=O)=O)c(C)c2)CCO3)C1,804.0,6.094743951251549,1,508.6000000000003
Cc1cnn(-c2cc(-c3cc(S(=O)(=O)NCC(C)(C)O)ccc3C)cnc2N)c1,9400.0,5.026872146400302,0,415.5190000000002
Cc1csc(C#Cc2cccc3cc([C@H](C)NC(=O)c4c(N)nn5cccnc45)n(-c4ccccc4)c(=O)c23)n1,2000.0,5.698970004336019,0,545.6280000000002
Cc1csc2c(N3CCOCC3)nc(-c3cccc(O)c3)nc12,21.0,7.6777807052660805,1,327.40900000000005
Cc1csc2c(N3CCOCC3)nc(-c3cnc(N)nc3)nc12,9.0,8.045757490560675,1,328.40100000000007
Cc1csc2nc(C(C)Nc3nc(N)nc4[nH]cnc34)c(-c3cc(F)cc(F)c3)c(=O)n12,500.0,6.301029995663981,1,454.4660000000002
Cc1csc2nc(C(C)Nc3nc(N)nc4[nH]cnc34)c(-c3cccc(F)c3)c(=O)n12,500.0,6.301029995663981,1,436.47600000000017
Cc1csc2nc(C(C)Nc3nc(N)nc4[nH]cnc34)c(-c3ccccc3)c(=O)n12,500.0,6.301029995663981,1,418.48600000000016
Cc1csc2nc(C(C)Nc3ncnc4[nH]cnc34)c(-c3cc(F)cc(F)c3)c(=O)n12,500.0,6.301029995663981,1,439.4510000000002
Cc1csc2nc(C(C)Nc3ncnc4[nH]cnc34)c(-c3cccc(F)c3)c(=O)n12,500.0,6.301029995663981,1,421.4610000000002
Cc1csc2nc([C@H](C)Nc3ncnc4[nH]cnc34)c(-c3cccc(F)c3)c(=O)n12,500.0,6.301029995663981,1,421.4610000000002
Cc1n[nH]c(=O)c2c1c1cc(Br)ccc1n2Cc1ccc(C#N)cc1,10000.0,5.0,0,393.24400000000014
Cc1n[nH]c(=O)c2c1c1cc(Br)ccc1n2Cc1ccc([N+](=O)[O-])cc1,10000.0,5.0,0,413.23100000000017
Cc1n[nH]c(=O)c2c1c1cc(Br)ccc1n2Cc1cccc(C#N)c1,295.0,6.530177984021837,1,393.24400000000014
Cc1n[nH]c(=O)c2c1c1cc(Br)ccc1n2Cc1cccc([N+](=O)[O-])c1,4100.0,5.3872161432802645,0,413.23100000000017
Cc1nc(-c2ccc3c(c2)N(c2nc4c(s2)C(=O)NC(C)(C)C4)CCO3)c[nH]1,636.0,6.196542884351586,1,395.48800000000017
Cc1nc(-c2cn3c(n2)-c2ccc(-c4cnn(C(C)(C)C(N)=O)c4)cc2OCC3)n(C(C)C)n1,9.925,8.003269484564846,1,460.5420000000003
Cc1nc(-c2cn3c(n2)-c2ccc(-c4cnn(C)c4)cc2OCC3)n(C(C)C)n1,0.71,9.148741651280925,1,389.4630000000002
Cc1nc(-c2cn3c(n2)-c2ccc(-c4cnn(C5CN(C(=O)[C@H](C)O)C5)c4)cc2OCC3)n(C(C)C)n1,0.93,9.031517051446064,1,502.57900000000035
Cc1nc(-c2cn3c(n2)-c2ccc(-c4cnn(C5CN(CCO)C5)c4)cc2OCC3)n(C(C)C)n1,1.4,8.853871964321762,1,474.56900000000036
Cc1nc(-c2cn3c(n2)-c2ccc(-c4cnn(CCN5CCOCC5)c4)cc2OCC3)n(C(C)C)n1,35.0,7.455931955649724,1,488.5960000000004
Cc1nc(-c2cn3c(n2)-c2ccc(-c4cnn(CCO)c4)cc2OCC3)n(C(C)C)n1,4.5,8.346787486224656,1,419.4890000000002
Cc1nc(-c2cnc3ccc(-c4cncc(NS(=O)(=O)c5cc(F)cc(F)c5)c4)cn23)no1,81.0,7.0915149811213505,1,468.44500000000016
Cc1nc(-c2cnc3ccc(-c4cncc(NS(=O)(=O)c5ccc(F)cc5F)c4)cn23)no1,2.0,8.698970004336019,1,468.44500000000016
Cc1nc(-c2cnc3ccc(-c4cncc(NS(=O)(=O)c5ccccc5)c4)cn23)no1,2.0,8.698970004336019,1,432.46500000000015
Cc1nc(-c2nc3c(s2)CCOc2cc(-c4cnn(CCO)c4)ccc2-3)n(C(C)C)n1,89.0,7.050609993355087,1,436.54100000000017
Cc1nc(-c2nc[nH]n2)ccc1-c1cnc2c(n1)N(CCC1CCOCC1)C(=O)CN2,510.0,6.292429823902063,1,420.4770000000004
Cc1nc(-c2nc[nH]n2)ccc1-c1cnc2c(n1)N(CCC1CCOCC1)CC(=O)N2,2300.0,5.638272163982407,0,420.4770000000004
Cc1nc(C#Cc2c(N)ncnc2N[C@@H](C)c2nc3cccc(Cl)c3c(=O)n2-c2ccccc2)ccc1F,1000.0,6.0,1,525.9750000000001
Cc1nc(C#Cc2cccc3cc([C@H](C)NC(=O)c4c(N)nn5cccnc45)n(-c4ccccc4)c(=O)c23)cs1,2000.0,5.698970004336019,0,545.6280000000003
Cc1nc(C#Cc2cccc3nc(C(C)NC(=O)c4c(N)nn5cccnc45)n(-c4ccccc4)c(=O)c23)cs1,2000.0,5.698970004336019,0,546.6160000000002
Cc1nc(C#Cc2cccc3nc([C@H](C)NC(=O)c4c(N)nn5cccnc45)n(-c4ccccc4)c(=O)c23)cs1,2000.0,5.698970004336019,0,546.6160000000002
Cc1nc(C(=O)Nc2cc(-c3cnc(Cl)c(NS(=O)(=O)c4ccccc4)c3)cc3[nH]ncc23)cs1,316.23,6.499996931948306,1,525.0150000000001
Cc1nc(C)c(C#Cc2cccc3cc([C@H](C)NC(=O)c4c(N)nn5cccnc45)n(-c4ccccc4)c(=O)c23)s1,2000.0,5.698970004336019,0,559.6550000000002
Cc1nc(CCNC(=O)Nc2nc3ccc(-c4cncc(S(=O)(=O)NC(C)(C)C)c4)cn3n2)cs1,794.33,6.0999990348465305,1,514.6370000000002
Cc1nc(N)c(-c2cnn(C3CCN(C)CC3)n2)nc1-c1cnc2ccccn12,8.0,8.096910013008056,1,389.46700000000004
Cc1nc(N)c(-c2nc(C3CCN(C)CC3)nn2C)nc1-c1cnc2ccccn12,5.0,8.301029995663981,1,403.4940000000001
Cc1nc(N)c2c(-c3ccc4oc(N)nc4c3)nn(C(C)C)c2n1,10000.0,5.0,0,323.36000000000007
Cc1nc(N)cc(-c2c(Nc3cc[nH]n3)nc3ccccn23)n1,5840.0,5.2335871528876,0,306.333
Cc1nc(N)cc(-c2c(Nc3cc[nH]n3)nc3cccnn23)n1,763.0,6.117475462045119,1,307.321
Cc1nc(N)cc(-n2c(Nc3cccc(O)c3)nc3ccccc32)n1,42.0,7.376750709602099,1,332.3670000000001
Cc1nc(N)cc2c1cc(-c1cnc3[nH]ccc3c1)c(=O)n2C1CCCC1,2.45,8.610833915635467,1,359.4330000000002
Cc1nc(N)cc2c1cc(-c1cnc3[nH]cnc3c1)c(=O)n2C1CCCC1,2.9,8.537602002101044,1,360.4210000000002
Cc1nc(N)cc2c1cc(-c1cnc3[nH]ncc3c1)c(=O)n2C1CCCC1,6.0,8.221848749616356,1,360.4210000000002
Cc1nc(N)cc2c1cc(-c1cnc3c(ccn3C)c1)c(=O)n2C1CCCC1,15.2,7.818156412055227,1,373.4600000000002
Cc1nc(N)nc(-c2c(Nc3cc[nH]n3)nc3ccc(-c4cccc(F)c4)cn23)n1,654.0,6.184422251675732,1,401.4090000000001
Cc1nc(N)nc(-c2c(Nc3cc[nH]n3)nc3ccc(-c4ccccc4C)cn23)n1,393.0,6.405607449624573,1,397.44600000000014
Cc1nc(N)nc(-c2c(Nc3cc[nH]n3)nc3ccc(-c4ccccc4F)cn23)n1,648.0,6.188424994129407,1,401.4090000000001
Cc1nc(N)nc(-c2c(Nc3cc[nH]n3)nc3ccc(-c4cccnc4)cn23)n1,119.0,6.924453038607469,1,384.4070000000001
Cc1nc(N)nc(-c2c(Nc3cc[nH]n3)nc3ccc(-c4cccnc4C)cn23)n1,120.0,6.920818753952375,1,398.43400000000014
Cc1nc(N)nc(-c2c(Nc3cc[nH]n3)nc3ccc(-c4ccncc4)cn23)n1,306.0,6.51427857351842,1,384.4070000000001
Cc1nc(N)nc(-c2c(Nc3cc[nH]n3)nc3ccc(-c4cnccc4C)cn23)n1,73.0,7.136677139879544,1,398.43400000000014
Cc1nc(N)nc(-c2c(Nc3cc[nH]n3)nc3ccc(-c4cncn4C)cn23)n1,463.0,6.334419008982047,1,387.4110000000001
Cc1nc(N)nc(-c2c(Nc3cc[nH]n3)nc3ccc(-c4cncnc4)cn23)n1,85.0,7.070581074285707,1,385.3950000000001
Cc1nc(N)nc(-c2c(Nc3cc[nH]n3)nc3ccc(-c4cncnc4C)cn23)n1,68.0,7.167491087293763,1,399.42200000000014
Cc1nc(N)nc(-c2c(Nc3cc[nH]n3)nc3ccc(-c4cnn(C5CC5)c4)cn23)n1,144.0,6.841637507904751,1,413.4490000000002
Cc1nc(N)nc(-c2c(Nc3cc[nH]n3)nc3ccccn23)n1,590.0,6.229147988357855,1,307.321
Cc1nc(N)nc(-c2c(Nc3ccc4cccnc4c3)nc3ccccn23)n1,18.0,7.7447274948966935,1,368.40400000000005
Cc1nc(N)nc(-c2c(Nc3ccc4ncccc4c3)nc3ccccn23)n1,780.0,6.107905397309519,1,368.40400000000005
Cc1nc(N)nc(-c2c(Nc3cccc4[nH]ncc34)nc3ccccn23)n1,32.0,7.494850021680094,1,357.3810000000001
Cc1nc(N)nc(-c2c(Nc3ccn(C)n3)nc3ccc(-c4cncnc4)cn23)n1,635.0,6.197226274708024,1,399.4220000000001
Cc1nc(N)nc(-n2c(NC3CCOCC3)nc3ccccc32)n1,1600.0,5.795880017344075,0,325.376
Cc1nc(N)nc(-n2c(Nc3cc(O)cc(O)c3)nc3ccccc32)n1,0.6,9.221848749616356,1,349.3540000000001
Cc1nc(N)nc(-n2c(Nc3cc[nH]n3)nc3cc(F)c(F)cc32)n1,490.0,6.309803919971486,1,343.3010000000001
Cc1nc(N)nc(-n2c(Nc3cc[nH]n3)nc3ccccc32)n1,799.0,6.097453220686009,1,307.3210000000001
Cc1nc(N)nc(-n2c(Nc3ccc4cc[nH]c4c3)nc3ccccc32)n1,230.0,6.638272163982407,1,356.3930000000001
Cc1nc(N)nc(-n2c(Nc3ccc4cn[nH]c4c3)nc3ccccc32)n1,200.0,6.698970004336019,1,357.3810000000001
Cc1nc(N)nc(-n2c(Nc3cccc(C(N)=O)c3)nc3ccccc32)n1,290.0,6.5376020021010435,1,360.3810000000001
Cc1nc(N)nc(-n2c(Nc3cccc(O)c3)nc3ccccc32)n1,4.0,8.397940008672037,1,333.3550000000001
Cc1nc(N)nc(-n2c(Nc3ccccc3)nc3ccccc32)n1,260.0,6.585026652029182,1,317.35600000000005
Cc1nc(N)nc(-n2c(Nc3ccn(C(F)F)n3)nc3ccccc32)n1,10400.0,4.982966660701219,0,357.3280000000001
Cc1nc(N)nc(-n2c(Nc3ccn(C)n3)nc3ccccc32)n1,6200.0,5.207608310501746,0,321.34800000000007
Cc1nc(N)nc(-n2c(Nc3ccnn3C)nc3ccccc32)n1,1900.0,5.721246399047171,0,321.34800000000007
Cc1nc(N)nc(-n2c(Nc3ccon3)nc3ccccc32)n1,840.0,6.075720713938118,1,308.30500000000006
Cc1nc(N)nc(-n2c(Nc3cn[nH]c3)nc3ccccc32)n1,460.0,6.337242168318426,1,307.3210000000001
Cc1nc(N)nc(-n2c(Nc3n[nH]c4ccccc34)nc3ccccc32)n1,960.0,6.017728766960431,1,357.3810000000001
Cc1nc(N)nc(N2CCC[C@H]2c2nc3ccc(F)c(-c4cnn(C)c4)c3c(=O)n2-c2ccccc2)c1C#N,130.0,6.886056647693163,1,521.5600000000003
Cc1nc(N)nc(N2CCC[C@H]2c2nc3cccc(-c4cccnc4)c3c(=O)n2-c2ccccc2)c1C#N,260.0,6.585026652029182,1,500.5660000000002
Cc1nc(N)nc(N2CCC[C@H]2c2nc3cccc(-c4cncnc4)c3c(=O)n2-c2ccccc2)c1C#N,1200.0,5.920818753952375,0,501.5540000000002
Cc1nc(N)nc(N2CCC[C@H]2c2nc3cccc(-c4cnn(C)c4)c3c(=O)n2-c2ccccc2)c1C#N,260.0,6.585026652029182,1,503.5700000000002
Cc1nc(N)nc(N2CCC[C@H]2c2nc3cccc(C#CCCCC(=O)N4CCCC4)c3c(=O)n2-c2ccccc2)c1C#N,1481.0,5.829444941478791,0,586.7000000000004
Cc1nc(N)nc(N2C[C@@H](F)C[C@H]2c2nc3cccc(-c4cnn(C)c4)c3c(=O)n2-c2ccccc2)c1C#N,450.0,6.346787486224656,1,521.5600000000003
Cc1nc(N)nc(N2C[C@@H](O)C[C@H]2c2nc3ccc(F)c(-c4cn(C)cn4)c3c(=O)n2-c2ccccc2)c1C#N,570.0,6.2441251443275085,1,537.5590000000002
Cc1nc(N)nc(N2C[C@@H](O)C[C@H]2c2nc3ccc(F)c(-c4cnn(C)c4)c3c(=O)n2-c2ccccc2)c1C#N,74.0,7.130768280269024,1,537.5590000000002
Cc1nc(N)nc(N2C[C@@H](O)C[C@H]2c2nc3cccc(-c4cccnc4)c3c(=O)n2-c2ccccc2)c1C#N,170.0,6.769551078621726,1,516.5650000000003
Cc1nc(N)nc(N2C[C@@H](O)C[C@H]2c2nc3cccc(-c4cncnc4)c3c(=O)n2-c2ccccc2)c1C#N,530.0,6.275724130399211,1,517.5530000000002
Cc1nc(N)nc(N2C[C@@H](O)C[C@H]2c2nc3cccc(-c4cnn(C)c4)c3c(=O)n2-c2ccccc2)c1C#N,180.0,6.7447274948966935,1,519.5690000000003
Cc1nc(N)nc(N2C[C@@H](O)C[C@H]2c2nc3cccc(-c4cnn(CCO)c4)c3c(=O)n2-c2ccccc2)c1C#N,240.0,6.619788758288394,1,549.5950000000003
Cc1nc(N)nc(N[C@@H](C)c2c(-c3ccccc3)c(=O)n3cc(F)ccc3c2-c2ccc(F)cc2)c1C#N,1844.0,5.7342390832823895,0,508.5320000000002
Cc1nc(N)nc(N[C@@H](C)c2cc3ccc(F)cn3c(=O)c2-c2ccccc2)c1C#N,826.0,6.083019952679618,1,414.4440000000002
Cc1nc(N)nc(N[C@@H](C)c2nc3cccc(NCc4ccc(C(=O)NO)cc4)c3c(=O)n2-c2ccccc2)c1C#N,75.0,7.1249387366083,1,561.6060000000002
Cc1nc(N)nc2c(OC3CCOCC3)cc(-c3cnc(Cl)c(NS(=O)(=O)c4ccc(F)cc4)c3)cc12,1.7,8.769551078621726,1,544.008
Cc1nc(N)nc2c1cc(-c1c[nH]cn1)c(=O)n2[C@H]1CC[C@H](OCCO)CC1,7.58,8.120330794367947,1,384.4400000000003
Cc1nc(N)nc2c1cc(-c1cc[nH]n1)c(=O)n2[C@H]1CC[C@H](OCCO)CC1,14.6,7.835647144215563,1,384.4400000000003
Cc1nc(N)nc2c1cc(-c1ccc(C#N)nc1)c(=O)n2[C@H]1CC[C@H](O)CC1,470.0,6.327902142064283,1,376.4200000000002
Cc1nc(N)nc2c1cc(-c1ccc(Cl)nc1)c(=O)n2C1CCCC1,39.1,7.407823242604133,1,355.82900000000024
Cc1nc(N)nc2c1cc(-c1ccc(F)cc1)c(=O)n2CC(C)(C)O,3400.0,5.468521082957745,0,342.3740000000001
Cc1nc(N)nc2c1cc(-c1ccc(N(C)C)nc1)c(=O)n2[C@H]1CC[C@@H](O)CC1,12.0,7.920818753952375,1,394.4790000000002
Cc1nc(N)nc2c1cc(-c1ccc(N(C)C)nc1)c(=O)n2[C@H]1CC[C@H](O)CC1,5.9,8.229147988357855,1,394.4790000000002
Cc1nc(N)nc2c1cc(-c1ccc(N(C)C)nc1)c(=O)n2[C@H]1CC[C@H](OCCO)CC1,9.28,8.032452023781138,1,438.5320000000003
Cc1nc(N)nc2c1cc(-c1ccc(N3CCCC3)nc1)c(=O)n2C1CCCC1,88.0,7.055517327849832,1,390.49100000000016
Cc1nc(N)nc2c1cc(-c1ccc(N3CCCC3)nc1)c(=O)n2[C@H]1CC[C@H](O)CC1,19.0,7.721246399047171,1,420.51700000000017
Cc1nc(N)nc2c1cc(-c1ccc(OC(C)C)nc1)c(=O)n2[C@H]1CC[C@H](O)CC1,9.4,8.0268721464003,1,409.49000000000024
Cc1nc(N)nc2c1cc(-c1ccc3c(c1)OCCO3)c(=O)n2[C@H]1CC[C@H](O)CC1,4.0,8.397940008672037,1,408.4580000000002
Cc1nc(N)nc2c1cc(-c1cccc(CO)c1)c(=O)n2C1CCOCC1,3.9,8.4089353929735,1,366.4210000000002
Cc1nc(N)nc2c1cc(-c1cccc(Cl)n1)c(=O)n2C1CCCC1,170.0,6.769551078621726,1,355.82900000000024
Cc1nc(N)nc2c1cc(-c1cccnc1N)c(=O)n2C1CCCC1,1430.0,5.844663962534939,0,336.39900000000017
Cc1nc(N)nc2c1cc(-c1cn[nH]c1)c(=O)n2C(C)C,29.4,7.531652669587842,1,284.32300000000004
Cc1nc(N)nc2c1cc(-c1cn[nH]c1)c(=O)n2C1CC1,78.0,7.107905397309519,1,282.3070000000001
Cc1nc(N)nc2c1cc(-c1cn[nH]c1)c(=O)n2C1CCC(=O)CC1,12.0,7.920818753952375,1,338.3710000000002
Cc1nc(N)nc2c1cc(-c1cn[nH]c1)c(=O)n2C1CCC(C)(O)CC1,18.0,7.7447274948966935,1,354.4140000000002
Cc1nc(N)nc2c1cc(-c1cn[nH]c1)c(=O)n2C1CCC1,15.0,7.823908740944319,1,296.3340000000001
Cc1nc(N)nc2c1cc(-c1cn[nH]c1)c(=O)n2C1CCOC1,20.0,7.698970004336019,1,312.33300000000014
Cc1nc(N)nc2c1cc(-c1cn[nH]c1)c(=O)n2C1CCOCC1,18.5,7.732828271596986,1,326.3600000000002
Cc1nc(N)nc2c1cc(-c1cn[nH]c1)c(=O)n2C1CN(C(=O)OC(C)(C)C)C1,120.0,6.920818753952375,1,397.43900000000025
Cc1nc(N)nc2c1cc(-c1cn[nH]c1)c(=O)n2CC(F)(F)F,188.0,6.72584215073632,1,324.26599999999996
Cc1nc(N)nc2c1cc(-c1cn[nH]c1)c(=O)n2CC1CCCO1,22.0,7.657577319177793,1,326.3600000000001
Cc1nc(N)nc2c1cc(-c1cn[nH]c1)c(=O)n2CC1CCOC1,14.0,7.853871964321762,1,326.3600000000001
Cc1nc(N)nc2c1cc(-c1cn[nH]c1)c(=O)n2[C@@H]1CC[C@@H](O)C1,9.5,8.022276394711152,1,326.3600000000001
Cc1nc(N)nc2c1cc(-c1cn[nH]c1)c(=O)n2[C@@H]1CC[C@H](O)C1,14.0,7.853871964321762,1,326.3600000000001
Cc1nc(N)nc2c1cc(-c1cn[nH]c1)c(=O)n2[C@H]1CC[C@@H](OCC(N)=O)CC1,14.8,7.8297382846050425,1,397.4390000000003
Cc1nc(N)nc2c1cc(-c1cn[nH]c1)c(=O)n2[C@H]1CC[C@@H](OCCO)CC1,29.7,7.527243550682788,1,384.4400000000003
Cc1nc(N)nc2c1cc(-c1cn[nH]c1)c(=O)n2[C@H]1CC[C@H](O)CC1,6.7,8.173925197299173,1,340.38700000000017
Cc1nc(N)nc2c1cc(-c1cn[nH]c1)c(=O)n2[C@H]1CC[C@H](OCC(N)=O)CC1,13.5,7.8696662315049934,1,397.4390000000003
Cc1nc(N)nc2c1cc(-c1cnc(=O)[nH]c1)c(=O)n2C(C)C,300.0,6.522878745280337,1,312.333
Cc1nc(N)nc2c1cc(-c1cnc(N)cn1)c(=O)n2C1CCCC1,15.0,7.823908740944319,1,337.38700000000017
Cc1nc(N)nc2c1cc(-c1cnc3[nH]ccc3c1)c(=O)n2C(C)C,2.3,8.638272163982407,1,334.3830000000001
Cc1nc(N)nc2c1cc(-c1cnc3[nH]ccc3c1)c(=O)n2C1CC1,17.0,7.769551078621726,1,332.36700000000013
Cc1nc(N)nc2c1cc(-c1cnc3[nH]ccc3c1)c(=O)n2C1CCC1,2.0,8.698970004336019,1,346.3940000000002
Cc1nc(N)nc2c1cc(-c1cnc3[nH]ccc3c1)c(=O)n2C1CCCC1,0.48,9.318758762624412,1,360.4210000000002
Cc1nc(N)nc2c1cc(-c1cnc3[nH]ccc3c1)c(=O)n2C1CCOCC1,3.7,8.431798275933005,1,376.42000000000024
Cc1nc(N)nc2c1cc(-c1cnc3[nH]ccc3c1)c(=O)n2C1CN(C(=O)OC(C)(C)C)C1,38.0,7.42021640338319,1,447.4990000000003
Cc1nc(N)nc2c1cc(-c1cnc3[nH]ccc3c1)c(=O)n2CC(C)(C)O,15.0,7.823908740944319,1,364.40900000000016
Cc1nc(N)nc2c1cc(-c1cnc3[nH]ccc3c1)c(=O)n2CC1CCCO1,5.4,8.267606240177031,1,376.42000000000024
Cc1nc(N)nc2c1cc(-c1cnc3[nH]ccc3c1)c(=O)n2CC1CCOC1,2.8,8.55284196865778,1,376.42000000000024
Cc1nc(N)nc2c1cc(-c1cnc3[nH]ccc3c1)c(=O)n2[C@@H]1CC[C@@H](O)C1,1.2,8.920818753952375,1,376.4200000000002
Cc1nc(N)nc2c1cc(-c1cnc3[nH]ccc3c1)c(=O)n2[C@@H]1CC[C@H](O)C1,1.2,8.920818753952375,1,376.4200000000002
Cc1nc(N)nc2c1cc(-c1cnc3[nH]ccc3c1)c(=O)n2[C@H]1CC[C@@H](O)CC1,1.6,8.795880017344075,1,390.44700000000023
Cc1nc(N)nc2c1cc(-c1cnc3[nH]ccc3c1)c(=O)n2[C@H]1CC[C@H](O)CC1,1.3,8.886056647693163,1,390.44700000000023
Cc1nc(N)nc2c1cc(-c1cnc3ccccc3c1)c(=O)n2CC(C)(C)O,270.0,6.568636235841013,1,375.4320000000002
Cc1nc(N)nc2c1cc(-c1cnc3ccccc3c1)c(=O)n2[C@H]1CC[C@@H](OCC(N)=O)CC1,17.7,7.752026733638194,1,458.5220000000004
Cc1nc(N)nc2c1cc(-c1cnc3ccccc3c1)c(=O)n2[C@H]1CC[C@@H](OCCO)CC1,52.9,7.276544327964814,1,445.52300000000037
Cc1nc(N)nc2c1cc(-c1cnc3ccccc3c1)c(=O)n2[C@H]1CC[C@H](O)CC1,8.2,8.086186147616283,1,401.47000000000025
Cc1nc(N)nc2c1cc(-c1cnc3ccccc3c1)c(=O)n2[C@H]1CC[C@H](OCC(N)=O)CC1,11.3,7.94692155651658,1,458.5220000000004
Cc1nc(N)nc2c1cc(-c1cnc3ccccc3c1)c(=O)n2[C@H]1CC[C@H](OCCO)CC1,17.6,7.7544873321858505,1,445.52300000000037
Cc1nc(N)nc2c1cc(-c1cncc(N)n1)c(=O)n2C1CCCC1,20.0,7.698970004336019,1,337.38700000000017
Cc1nc(N)nc2c1cc(-c1cnn(C)c1)c(=O)n2C1CCCC1,32.0,7.494850021680094,1,324.38800000000015
Cc1nc(N)nc2c1cc(-c1cnn(C)c1)c(=O)n2[C@@H]1CC[C@@H](O)C1,36.0,7.443697499232712,1,340.3870000000001
Cc1nc(N)nc2c1cc(-c1cnn(C)c1)c(=O)n2[C@@H]1CC[C@H](O)C1,55.0,7.259637310505756,1,340.3870000000001
Cc1nc(N)nc2c1cc(-c1cnn(C)c1)c(=O)n2[C@H]1CC[C@@H](OCC(N)=O)CC1,58.1,7.235823867609669,1,411.4660000000003
Cc1nc(N)nc2c1cc(-c1cnn(C)c1)c(=O)n2[C@H]1CC[C@H](O)CC1,18.0,7.7447274948966935,1,354.41400000000016
Cc1nc(N)nc2c1cc(-c1cnn(C)c1)c(=O)n2[C@H]1CC[C@H](OCC(N)=O)CC1,47.9,7.319664486585437,1,411.4660000000003
Cc1nc(N)nc2c1cc(-c1cnn(C)c1)c(=O)n2[C@H]1CC[C@H](OCCO)CC1,22.3,7.651695136951839,1,398.46700000000027
Cc1nc(N)nc2c1cc(-c1cnn(CC(C)(C)O)c1)c(=O)n2C1CCCC1,89.0,7.050609993355087,1,382.4680000000002
Cc1nc(N)nc2c1cc(-c1cnn(CC(F)F)c1)c(=O)n2C1CCCC1,12.0,7.920818753952375,1,374.3950000000002
Cc1nc(N)nc2c1cc(Br)c(=O)n2C1CCC(=O)CC1,110.0,6.958607314841775,1,351.2040000000002
Cc1nc(N)nc2c1cc(Br)c(=O)n2C1CCOC1,230.0,6.638272163982407,1,325.1660000000001
Cc1nc(N)nc2c1cc(Br)c(=O)n2CC(C)(C)O,680.0,6.167491087293763,1,327.1820000000001
Cc1nc(N)nc2c1cc(Br)c(=O)n2CC1CCCO1,100.0,7.0,1,339.19300000000015
Cc1nc(N)nc2c1cc(Br)c(=O)n2CC1CCOC1,94.0,7.026872146400302,1,339.19300000000015
Cc1nc(N)nc2c1cc(Br)c(=O)n2[C@@H]1CC[C@H](O)C1,150.0,6.823908740944319,1,339.1930000000001
Cc1nc(N)nc2c1cc(Br)c(=O)n2[C@H]1CC[C@@H](O)CC1,130.0,6.886056647693163,1,353.22000000000014
Cc1nc(N)nc2c1cc(Br)c(=O)n2[C@H]1CC[C@H](O)CC1,44.0,7.356547323513812,1,353.22000000000014
Cc1nc(N)nc2c1cc(Br)c(=O)n2[C@H]1CC[C@H](OCCO)CC1,55.2,7.2580609222708015,1,397.27300000000025
Cc1nc(N)nc2c1cc(C(=O)Nc1ccn[nH]1)c(=O)n2C(C)C,2.9,8.537602002101044,1,327.34800000000007
Cc1nc(N)nc2ncc(-c3cnc4[nH]cc(NS(=O)(=O)c5ccc(F)cc5F)c4c3)cc12,76.5,7.116338564846382,1,467.4610000000002
Cc1nc(N)nc2ncc(-c3cnc4[nH]ccc4c3)cc12,38.0,7.42021640338319,1,276.30300000000005
Cc1nc(N)nc2ncc(-c3cnc4[nH]nc(NS(=O)(=O)c5ccc(F)cc5F)c4c3)cc12,82.4,7.084072788302884,1,468.4490000000002
Cc1nc(N)nc2sc(-c3cnc(Cl)c(NS(=O)(=O)c4ccc(F)cc4)c3)cc12,2.2,8.657577319177793,1,449.92000000000013
Cc1nc(N)ncc1-c1cc(N2CCOCC2)cc(S(=O)(=O)[C@@H]2CCOC2)c1,840.0,6.075720713938118,1,404.4920000000002
Cc1nc(N)ncc1-c1cc(Nc2cnc3ccccc3c2)nc(N2CCOCC2)n1,8.0,8.096910013008056,1,414.4730000000003
Cc1nc(N)ncc1-c1nc(N2CCOCC2)c2nc(C(C)(C)C)n(CCO)c2n1,10.0,8.0,1,412.49800000000016
Cc1nc(N)ncc1-c1nc(N2CCOCC2)c2sc(C(C)(C)O)cc2n1,3.5,8.455931955649724,1,386.48100000000005
Cc1nc(N)ncc1-c1nc(N2CCOCC2)c2sc(CN3CCN(S(C)(=O)=O)CC3)cc2n1,1.1,8.958607314841775,1,504.6420000000003
Cc1nc(N)ncc1-c1nc(N2CCOCC2)nc2c(CN3CCN(C(=O)[C@@H](C)O)CC3)csc12,35.0,7.455931955649724,1,498.61300000000034
Cc1nc(N)ncc1-c1nc(N2CCOCC2)nc2c(CN3CCN(C(=O)[C@H](C)O)CC3)csc12,77.0,7.113509274827518,1,498.61300000000034
Cc1nc(N)ncc1-c1nc(N2CCOCC2)nc2c(CN3CCN(S(C)(=O)=O)CC3)csc12,13.1,7.882728704344236,1,504.64200000000034
Cc1nc(N)sc1-c1cc(S(=O)(=O)c2ccccc2)cc(N2CCOCC2)n1,2300.0,5.638272163982407,0,416.52800000000025
Cc1nc(N/C(N)=N/C(=O)c2ccccc2N)nc2ccccc12,23000.0,4.638272163982407,0,320.35600000000005
Cc1nc(N2CCOCC2)sc1C(=O)O,27600.0,4.559090917934782,0,228.273
Cc1nc(NC(=O)C(C)(C)N)sc1-c1cnc(Cl)c(NS(=O)(=O)c2ccccc2)c1,29.5,7.530177984021837,1,465.9880000000001
Cc1nc(NC(=O)C(N)C2CC2)sc1-c1cnc(Cl)c(NS(=O)(=O)c2ccccc2)c1,52.8,7.277366077466188,1,477.99900000000014
Cc1nc(NC(=O)C2(N)CC2)sc1-c1cnc(Cl)c(NS(=O)(=O)c2ccccc2)c1,10.0,8.0,1,463.9720000000001
Cc1nc(NC(=O)CN)sc1-c1ccc(Cl)c(NS(=O)(=O)c2ccccc2)c1,1448.0,5.839231438138872,0,436.9460000000001
Cc1nc(NC(=O)CN)sc1-c1cnc(Cl)c(NS(=O)(=O)c2ccccc2)c1,2.3,8.638272163982407,1,437.9340000000001
Cc1nc(NC(=O)CN)sc1-c1cnc(O)c(NS(=O)(=O)c2ccccc2)c1,1017.0,5.992679047077256,0,419.48800000000006
Cc1nc(NC(=O)CN)sc1-c1cncc(NS(=O)(=O)c2ccccc2)c1,604.5,6.2186036948032095,1,403.4890000000001
Cc1nc(NC(=O)N2CC(F)(F)C[C@H]2C(N)=O)sc1-c1ccnc(C2(C)CC2)c1,71.0,7.1487416512809245,1,421.4730000000002
Cc1nc(NC(=O)N2CCCC2)sc1-c1ccnc(C(C)(C)C)c1,1560.0,5.806875401645538,0,344.4840000000001
Cc1nc(NC(=O)N2CCC[C@@H]2C(N)=O)sc1-c1ccnc(C(C)(C)C)c1,9100.0,5.040958607678906,0,387.5090000000001
Cc1nc(NC(=O)N2CCC[C@@]2(C)C(N)=O)sc1-c1ccnc(-n2ccnc2C)n1,210.0,6.6777807052660805,1,426.5060000000001
Cc1nc(NC(=O)N2CCC[C@@]2(C)C(N)=O)sc1-c1ccnc(C(C)(C)C(F)(F)F)c1,40.0,7.3979400086720375,1,455.5060000000001
Cc1nc(NC(=O)N2CCC[C@@]2(C)C(N)=O)sc1-c1ccnc(C(C)(C)C)n1,52.0,7.2839966563652006,1,402.5240000000001
Cc1nc(NC(=O)N2CCC[C@@]2(C)C(N)=O)sc1-c1ccnc(C2(C#N)CC2)c1,17.0,7.769551078621726,1,410.50300000000016
Cc1nc(NC(=O)N2CCC[C@@]2(C)C(N)=O)sc1-c1ccnc(C2(C(F)(F)F)CC2)c1,9.0,8.045757490560675,1,453.4900000000001
Cc1nc(NC(=O)N2CCC[C@@]2(C)C(N)=O)sc1-c1ccnc(C2(C(F)(F)F)CCC2)c1,5.0,8.301029995663981,1,467.51700000000017
Cc1nc(NC(=O)N2CCC[C@@]2(C)C(N)=O)sc1-c1ccnc(CC2CC2)n1,71.0,7.1487416512809245,1,400.50800000000015
Cc1nc(NC(=O)N2CCC[C@@]2(C)C(N)=O)sc1-c1ccnc(N(C)CCN(C)C)n1,250.0,6.6020599913279625,1,446.5810000000002
Cc1nc(NC(=O)N2CCC[C@@]2(C)C(N)=O)sc1-c1csc(C(C)(C)C)n1,30.0,7.522878745280337,1,407.5650000000001
Cc1nc(NC(=O)N2CCC[C@@]2(C)C(N)=O)sc1-c1csc(C2(C(F)(F)F)CC2)n1,100.0,7.0,1,459.5190000000001
Cc1nc(NC(=O)N2CCC[C@@]2(CN(C)C)C(N)=O)sc1-c1ccnc(C(C)(C)C)n1,44.0,7.356547323513812,1,445.59300000000013
Cc1nc(NC(=O)N2CCC[C@H]2C(=O)O)sc1-c1ccnc(C(C)(C)C(F)(F)F)c1,20.9,7.679853713888946,1,442.4630000000001
Cc1nc(NC(=O)N2CCC[C@H]2C(N)=O)sc1-c1cc(C(C)C)ncn1,2460.0,5.609064892896621,0,374.4700000000001
Cc1nc(NC(=O)N2CCC[C@H]2C(N)=O)sc1-c1ccc(-n2cccn2)cc1,130.0,6.886056647693163,1,396.47600000000006
Cc1nc(NC(=O)N2CCC[C@H]2C(N)=O)sc1-c1ccc(S(C)(=O)=O)c(F)c1,280.0,6.552841968657781,1,426.4950000000001
Cc1nc(NC(=O)N2CCC[C@H]2C(N)=O)sc1-c1ccc2oc(N)nc2c1,1000.0,6.0,1,386.4370000000001
Cc1nc(NC(=O)N2CCC[C@H]2C(N)=O)sc1-c1ccnc(C(C)(C)C(F)(F)F)c1,24.652380952380955,7.608141129752063,1,441.4790000000001
Cc1nc(NC(=O)N2CCC[C@H]2C(N)=O)sc1-c1ccnc(C(C)(C)C)c1,37.5,7.425968732272281,1,387.5090000000001
Cc1nc(NC(=O)N2CCC[C@H]2C(N)=O)sc1-c1ccnc(C(C)(C)C)n1,22.214285714285715,7.6533676466514,1,388.4970000000001
Cc1nc(NC(=O)N2CCC[C@H]2C(N)=O)sc1-c1ccnc(C(C)C)n1,58.0,7.236572006437063,1,374.4700000000001
Cc1nc(NC(=O)N2CCC[C@H]2C(N)=O)sc1-c1ccnc(C2(C#N)CC2)c1,329.5,6.482144581069972,1,396.47600000000017
Cc1nc(NC(=O)N2CCC[C@H]2C(N)=O)sc1-c1ccnc(C2(C)CC2)n1,81.0,7.0915149811213505,1,386.48100000000017
Cc1nc(NC(=O)N2CCC[C@H]2C(N)=O)sc1-c1ccnc(C2CCC2)n1,230.0,6.638272163982407,1,386.48100000000017
Cc1nc(NC(=O)N2CCC[C@H]2C(N)=O)sc1-c1csc(-c2ccccc2F)n1,39.0,7.4089353929735005,1,431.5180000000001
Cc1nc(NC(=O)N2CCC[C@H]2C(N)=O)sc1-c1csc(-c2cccnc2)n1,44.0,7.356547323513812,1,414.5160000000001
Cc1nc(NC(=O)N2CCC[C@H]2C(N)=O)sc1-c1csc(C(C)(C)C)n1,54.333333333333336,7.2649336503157045,1,393.5380000000001
Cc1nc(NC(=O)N2CCC[C@H]2C(N)=O)sc1-c1csc(C(C)C)n1,20.0,7.698970004336019,1,379.5110000000001
Cc1nc(NC(=O)N2CCC[C@H]2C(N)=O)sc1-c1csc(C2(C(F)(F)F)CC2)n1,26.0,7.585026652029182,1,445.49200000000013
Cc1nc(NC(=O)N2CCC[C@H]2C(N)=O)sc1-c1csc(C2(C)CC2)n1,14.0,7.853871964321762,1,391.52200000000016
Cc1nc(NC(=O)N2CCC[C@H]2C(N)=O)sc1-c1csc(C2CCC2)n1,33.0,7.481486060122112,1,391.52200000000016
Cc1nc(NC(=O)N2CCC[C@H]2C(N)=O)sc1-c1csc(CC2CC2)n1,70.0,7.154901959985743,1,391.52200000000016
Cc1nc(NC(=O)N2CCC[C@H]2C(N)=O)sc1-c1csc(CN(C)C)n1,160.0,6.795880017344075,1,394.5260000000001
Cc1nc(NC(=O)N2CCC[C@H]2C(N)=O)sc1-c1csc(N(C)C)n1,550.0,6.259637310505756,1,380.4990000000001
Cc1nc(NC(=O)N2CCC[C@]2(C(N)=O)C(F)F)sc1-c1ccnc(C(C)(C)C)n1,130.0,6.886056647693163,1,438.50400000000013
Cc1nc(NC(=O)N2CC[C@@H](C)[C@H]2C(N)=O)sc1-c1ccnc(C(C)(C)C(F)(F)F)c1,19.0,7.721246399047171,1,455.50600000000014
Cc1nc(NC(=O)N2CC[C@@H](C)[C@H]2C(N)=O)sc1-c1csc(C2(C(F)(F)F)CC2)n1,14.0,7.853871964321762,1,459.5190000000002
Cc1nc(NC(=O)N2CC[C@@H](O)[C@H]2C(N)=O)sc1-c1csc(C2(C(F)(F)F)CC2)n1,43.0,7.366531544420414,1,461.49100000000016
Cc1nc(NC(=O)N2CC[C@@H]3C[C@@]32C(N)=O)sc1-c1csc(C(C)(C)C)n1,180.0,6.7447274948966935,1,405.54900000000015
Cc1nc(NC(=O)N2CC[C@H](C)[C@H]2C(N)=O)sc1-c1csc(C(C)(C)C)n1,22.0,7.657577319177793,1,407.56500000000017
Cc1nc(NC(=O)N2CC[C@H](O)[C@H]2C(N)=O)sc1-c1csc(C(C)(C)C)n1,24.0,7.619788758288394,1,409.53700000000015
Cc1nc(NC(=O)N2CC[C@H]2C(N)=O)sc1-c1ccnc(C(C)(C)C)n1,124.5,6.904830648568245,1,374.4700000000001
Cc1nc(NC(=O)N2C[C@@H](F)C[C@H]2C(N)=O)sc1-c1ccnc(C(C)(C)C)n1,40.0,7.3979400086720375,1,406.48700000000014
Cc1nc(NC(=O)N2C[C@@H](N(C)C)C[C@H]2C(N)=O)sc1-c1csc(C(C)(C)C)n1,1200.0,5.920818753952375,0,436.60700000000014
Cc1nc(NC(=O)N2C[C@@H](O)C[C@H]2C(N)=O)sc1-c1csc(C(C)(C)C)n1,84.0,7.075720713938118,1,409.53700000000015
Cc1nc(NC(=O)N2C[C@H](F)C[C@H]2C(N)=O)sc1-c1csc(C(C)(C)C)n1,39.0,7.4089353929735005,1,411.52800000000013
Cc1nc(NC(=O)N2C[C@H](N(C)C)C[C@H]2C(N)=O)sc1-c1csc(C(C)(C)C)n1,170.0,6.769551078621726,1,436.60700000000014
Cc1nc(NC(=O)N2C[C@H](N(C)C)C[C@H]2C(N)=O)sc1-c1csc(C2(C)CC2)n1,520.0,6.2839966563652006,1,434.5910000000002
Cc1nc(NC(=O)N2C[C@H](NC(=O)CCCC(=O)NO)C[C@H]2C(N)=O)sc1-c1ccnc(C(C)(C)C(F)(F)F)c1,42.0,7.376750709602099,1,585.6090000000004
Cc1nc(NC(=O)N2C[C@H](NC(=O)CCCCC(=O)NO)C[C@H]2C(N)=O)sc1-c1ccnc(C(C)(C)C(F)(F)F)c1,56.0,7.251811972993799,1,599.6360000000003
Cc1nc(NC(=O)N2C[C@H](NC(=O)CCCCCCC(=O)NO)C[C@H]2C(N)=O)sc1-c1ccnc(C(C)(C)C(F)(F)F)c1,39.0,7.4089353929735005,1,627.6900000000003
Cc1nc(NC(=O)N2C[C@H](NC(=O)Cc3ccc(C(=O)NO)cc3)C[C@H]2C(N)=O)sc1-c1ccnc(C(C)(C)C(F)(F)F)c1,140.0,6.853871964321762,1,633.6530000000002
Cc1nc(NC(=O)N2C[C@H](NC(=O)c3ccc(C(=O)NO)cc3)C[C@H]2C(N)=O)sc1-c1ccnc(C(C)(C)C(F)(F)F)c1,48.0,7.318758762624412,1,619.6260000000003
Cc1nc(NC(=O)N2C[C@H](NC(=O)c3ccc(C(=O)NO)cn3)C[C@H]2C(N)=O)sc1-c1ccnc(C(C)(C)C(F)(F)F)c1,13.0,7.886056647693163,1,620.6140000000004
Cc1nc(NC(=O)N2C[C@H](NS(=O)(=O)Cc3ccc(C(=O)NO)cc3)C[C@H]2C(N)=O)sc1-c1ccnc(C(C)(C)C(F)(F)F)c1,2.9,8.537602002101044,1,669.7080000000002
Cc1nc(NC(=O)N2C[C@H](NS(=O)(=O)c3ccc(C(=O)NO)cc3)C[C@H]2C(N)=O)sc1-c1ccnc(C(C)(C)C(F)(F)F)c1,13.0,7.886056647693163,1,655.6810000000003
Cc1nc(NC(=O)N2C[C@H](Nc3ccc(C(=O)NO)cn3)C[C@H]2C(N)=O)sc1-c1ccnc(C(C)(C)C(F)(F)F)c1,8.1,8.09151498112135,1,592.6040000000005
Cc1nc(NC(=O)N2C[C@H](Nc3ncc(C(=O)NO)cn3)C[C@H]2C(N)=O)sc1-c1ccnc(C(C)(C)C(F)(F)F)c1,15.0,7.823908740944319,1,593.5920000000004
Cc1nc(NC(=O)N2C[C@H](O)C[C@@]2(C)C(N)=O)sc1-c1ccnc(C(C)(C)C)n1,31.0,7.508638306165727,1,418.52300000000014
Cc1nc(NC(=O)N2C[C@H](O)C[C@H]2C(N)=O)sc1-c1csc(C(C)(C)C)n1,71.0,7.1487416512809245,1,409.53700000000015
Cc1nc(NC(=O)[C@@H](C)N)sc1-c1cncc(NS(=O)(=O)c2ccccc2)c1,7.5,8.1249387366083,1,417.5160000000001
Cc1nc(NC(=O)[C@@H](N)C(C)C)sc1-c1cnc(Cl)c(NS(=O)(=O)c2c(F)cccc2F)c1,105.8,6.975514332300833,1,515.9950000000001
Cc1nc(NC(=O)[C@@H](N)C(C)C)sc1-c1cnc(Cl)c(NS(=O)(=O)c2cc(Cl)ccc2Cl)c1,24.7,7.607303046740334,1,548.9050000000002
Cc1nc(NC(=O)[C@@H](N)C(C)C)sc1-c1cnc(Cl)c(NS(=O)(=O)c2ccc(-c3ccccc3)cc2)c1,1224.0,5.912218582190458,0,556.1130000000002
Cc1nc(NC(=O)[C@@H](N)C(C)C)sc1-c1cnc(Cl)c(NS(=O)(=O)c2ccc(C(C)(C)C)cc2)c1,129.1,6.88907375773358,1,536.1230000000003
Cc1nc(NC(=O)[C@@H](N)C(C)C)sc1-c1cnc(Cl)c(NS(=O)(=O)c2ccc(C(C)C)cc2)c1,59.8,7.223298816011589,1,522.0960000000002
Cc1nc(NC(=O)[C@@H](N)C(C)C)sc1-c1cnc(Cl)c(NS(=O)(=O)c2ccc(C(F)(F)F)cc2)c1,17.7,7.752026733638194,1,548.0120000000002
Cc1nc(NC(=O)[C@@H](N)C(C)C)sc1-c1cnc(Cl)c(NS(=O)(=O)c2ccc(Cl)c(Cl)c2)c1,73.2,7.135488918941608,1,548.9050000000002
Cc1nc(NC(=O)[C@@H](N)C(C)C)sc1-c1cnc(Cl)c(NS(=O)(=O)c2ccc(Cl)cc2)c1,48.3,7.316052869248487,1,514.4600000000002
Cc1nc(NC(=O)[C@@H](N)C(C)C)sc1-c1cnc(Cl)c(NS(=O)(=O)c2ccc(Cl)cc2Cl)c1,19.9,7.701146923590294,1,548.9050000000002
Cc1nc(NC(=O)[C@@H](N)C(C)C)sc1-c1cnc(Cl)c(NS(=O)(=O)c2cccc(Cl)c2)c1,27.7,7.557520230935552,1,514.4600000000002
Cc1nc(NC(=O)[C@@H](N)C(C)C)sc1-c1cnc(Cl)c(NS(=O)(=O)c2cccc(Cl)c2Cl)c1,53.5,7.2716462179787715,1,548.9050000000002
Cc1nc(NC(=O)[C@@H](N)C(C)C)sc1-c1cnc(Cl)c(NS(=O)(=O)c2ccccc2)c1,62.1,7.20690839982342,1,480.0150000000001
Cc1nc(NC(=O)[C@@H](N)C(C)C)sc1-c1cnc(Cl)c(NS(=O)(=O)c2ccccc2Cl)c1,14.8,7.8297382846050425,1,514.4600000000002
Cc1nc(NC(=O)[C@@H](N)CC(C)C)sc1-c1cnc(Cl)c(NS(=O)(=O)c2ccccc2)c1,33.9,7.4698003017969175,1,494.04200000000014
Cc1nc(NC(=O)[C@@H](N)CO)sc1-c1cnc(Cl)c(NS(=O)(=O)c2ccccc2)c1,8.2,8.086186147616283,1,467.96000000000015
Cc1nc(NC(=O)[C@@H](N)Cc2ccccc2)sc1-c1cnc(Cl)c(NS(=O)(=O)c2ccccc2)c1,78.2,7.106793246940152,1,528.0590000000002
Cc1nc(NC(=O)[C@@H](N)[C@@H](C)O)sc1-c1cnc(Cl)c(NS(=O)(=O)c2ccccc2)c1,28.0,7.552841968657781,1,481.9870000000002
Cc1nc(NC(=O)[C@H](C)N)sc1-c1cncc(NS(=O)(=O)c2ccccc2)c1,15.6,7.806875401645538,1,417.5160000000001
Cc1nc(NC(=O)[C@H](N)C(C)C)sc1-c1cnc(Cl)c(NS(=O)(=O)c2ccccc2)c1,328.5,6.4834646261042,1,480.0150000000001
Cc1nc(NCC#N)nc(-n2c(Nc3cc[nH]n3)nc3ccccc32)n1,6200.0,5.207608310501746,0,346.3580000000001
Cc1nc(NCC#N)nc(-n2c(Nc3cccc(O)c3)nc3ccccc32)n1,32.0,7.494850021680094,1,372.3920000000001
Cc1nc(NCCC#N)nc(-n2c(Nc3cc[nH]n3)nc3ccccc32)n1,7700.0,5.113509274827518,0,360.3850000000001
Cc1nc(Nc2ccc(N3CCOCC3)nn2)cc(-c2c(Nc3cc[nH]n3)nc3cccnn23)n1,256.0,6.59176003468815,1,470.50100000000003
Cc1nc(Nc2cccc(N3CCCC3=O)c2)sc1-c1cc2c(c(S(C)(=O)=O)c1)C(=O)N([C@@H](C)C1CC1)C2,55.0,7.259637310505756,1,550.706
Cc1nc(Nc2cccc(N3CCCC3=O)n2)sc1-c1cc2c(c(S(=O)(=O)NC3COC3)c1)C(=O)N([C@@H](C)C(F)(F)F)C2,67.0,7.173925197299173,1,636.6780000000002
Cc1nc(Nc2cccc(N3CCCC3=O)n2)sc1-c1cc2c(c(S(=O)(=O)NC3COC3)c1)C(=O)N([C@@H](C)C1CC1)C2,132.945,6.876327991639997,1,608.746
Cc1nc(Nc2cccc(N3CCCC3=O)n2)sc1-c1cc2c(c(S(C)(=O)=O)c1)C(=O)N([C@@H](C)C(F)(F)F)C2,78.0,7.107905397309519,1,579.6260000000003
Cc1nc(Nc2cccc(N3CCCC3=O)n2)sc1-c1cc2c(c(S(C)(=O)=O)c1)C(=O)N([C@@H](C)C1CC1)C2,63.1,7.199970640755866,1,551.6940000000001
Cc1nc(Nc2cccc(N3CCCCC3=O)n2)sc1-c1cc2c(c(S(=O)(=O)NC3COC3)c1)C(=O)N([C@@H](C)C(F)(F)F)C2,50.0,7.301029995663981,1,650.7050000000002
Cc1nc(Nc2cccc(N3CCCCC3=O)n2)sc1-c1cc2c(c(S(C)(=O)=O)c1)C(=O)N([C@@H](C)C1CC1)C2,23.810000000000002,7.62324060459512,1,565.721
Cc1nc(Nc2cccc(N3CCCOC3=O)n2)sc1-c1cc2c(c(S(=O)(=O)NC(C)C)c1)C(=O)N([C@@H](C)C(F)(F)F)C2,47.0,7.327902142064283,1,638.6940000000001
Cc1nc(Nc2cccc(N3CCCOC3=O)n2)sc1-c1cc2c(c(S(=O)(=O)NC3COC3)c1)C(=O)N([C@@H](C)C1CC1)C2,53.0,7.275724130399211,1,624.7449999999999
Cc1nc(Nc2cccc(N3CCCOC3=O)n2)sc1-c1cc2c(c(S(C)(=O)=O)c1)C(=O)N([C@@H](C)C1CC1)C2,21.475,7.66806682749672,1,567.693
Cc1nc(Nc2cccc(N3CCN(C)C3=O)n2)sc1-c1cc2c(c(S(C)(=O)=O)c1)C(=O)N([C@@H](C)C1CC1)C2,38.905,7.409994580348671,1,566.7090000000001
Cc1nc(Nc2cccc(N3CCNC3=O)n2)sc1-c1cc2c(c(S(=O)(=O)NC(C)C)c1)C(=O)N([C@@H](C)C(F)(F)F)C2,74.0,7.130768280269024,1,623.6830000000002
Cc1nc(Nc2cccc(N3CCNC3=O)n2)sc1-c1cc2c(c(S(=O)(=O)NC3COC3)c1)C(=O)N([C@@H](C)C1CC1)C2,30.810000000000002,7.5113083016830595,1,609.7339999999999
Cc1nc(Nc2cccc(N3CCNC3=O)n2)sc1-c1cc2c(c(S(C)(=O)=O)c1)C(=O)N([C@@H](C)C(F)(F)F)C2,54.0,7.267606240177032,1,580.6140000000003
Cc1nc(Nc2cccc(N3CCNC3=O)n2)sc1-c1cc2c(c(S(C)(=O)=O)c1)C(=O)N([C@@H](C)C1CC1)C2,23.0,7.638272163982407,1,552.682
Cc1nc(Nc2cccc(N3CCNCC3=O)n2)sc1-c1cc2c(c(S(=O)(=O)NC(C)C)c1)C(=O)N([C@@H](C)C1CC1)C2,134.0,6.872895201635193,1,609.7779999999999
Cc1nc(Nc2cccc(N3CCNCC3=O)n2)sc1-c1cc2c(c(S(C)(=O)=O)c1)C(=O)N([C@@H](C)C1CC1)C2,104.0,6.982966660701219,1,566.7090000000001
Cc1nc(Nc2cccc(N3CCOC3=O)n2)sc1-c1cc2c(c(S(=O)(=O)NC3COC3)c1)C(=O)N([C@@H](C)C1CC1)C2,472.0,6.3260580013659125,1,610.718
Cc1nc(Nc2cccc(N3CCOC3=O)n2)sc1-c1cc2c(c(S(C)(=O)=O)c1)C(=O)N([C@@H](C)C(F)(F)F)C2,300.0,6.522878745280337,1,581.5980000000003
Cc1nc(Nc2cccc(N3CCOCC3=O)n2)sc1-c1cc2c(c(S(=O)(=O)NC(C)C)c1)C(=O)N([C@@H](C)C(F)(F)F)C2,318.0,6.497572880015567,1,638.6940000000001
Cc1nc(Nc2cccc(N3CCOCC3=O)n2)sc1-c1cc2c(c(S(=O)(=O)NC3COC3)c1)C(=O)N([C@@H](C)C1CC1)C2,92.5,7.0338582672609675,1,624.7449999999999
Cc1nc(Nc2cccc(N3CCOCC3=O)n2)sc1-c1cc2c(c(S(C)(=O)=O)c1)C(=O)N([C@@H](C)C1CC1)C2,53.56,7.2711594316600285,1,567.693
Cc1nc(Nc2cccc(N3CC[C@H](O)C3=O)n2)sc1-c1cc2c(c(S(=O)(=O)NC(C)C)c1)C(=O)N([C@@H](C)C(F)(F)F)C2,57.0,7.2441251443275085,1,638.6940000000002
Cc1nc(Nc2cccc(N3Cc4ncccc4C3=O)n2)sc1-c1cc2c(c(S(C)(=O)=O)c1)C(=O)N([C@@H](C)C1CC1)C2,11359.0,4.944659900455818,0,600.726
Cc1nc(Nc2cccnc2)cc(-c2c(Nc3cc[nH]n3)nc3cccnn23)n1,1140.0,5.943095148663527,0,384.40700000000004
Cc1nc(Nc2cccnn2)cc(-c2c(Nc3cc[nH]n3)nc3cccnn23)n1,173.0,6.761953896871205,1,385.39500000000004
Cc1nc(Nc2cnccn2)cc(-c2c(Nc3cc[nH]n3)nc3cccnn23)n1,122.0,6.913640169325252,1,385.39500000000004
Cc1nc(Nc2cnn(C3CCOC3)c2)cc(-c2c(Nc3cc[nH]n3)nc3cccnn23)n1,105.0,6.978810700930062,1,443.475
Cc1nc(Nc2ncc(C(=O)Nc3c(C)cccc3Cl)s2)cc(N2CCN(CCO)CC2)n1,38000.0,4.42021640338319,0,488.01700000000034
Cc1nc2c(-c3cnc(N)nc3)nc(N3CCOCC3)nc2n1C(C)C,16.5,7.782516055786093,1,354.41800000000006
Cc1nc2c(N)cc(N3CCOCC3)nn2c1Cc1cccc(F)c1C1CCNCC1,2754.0,5.560036064079095,0,424.52400000000017
Cc1nc2ccc(-c3ccc4c(c3)CN(C(=O)c3ccc(C(=O)C(F)(F)F)cc3)CCO4)cc2[nH]1,89.0,7.050609993355087,1,479.45800000000014
Cc1nc2ccc(-c3ccc4oc(N)nc4c3)cn2c1C(=O)N1CCN(C)CC1,10000.0,5.0,0,390.44700000000023
Cc1nc2ccc(-c3ccc4oc(N)nc4c3)cn2c1C(=O)N1CCOCC1,10000.0,5.0,0,377.4040000000002
Cc1nc2ccc(-c3ccc4oc(N)nc4c3)nn2c1-c1ccncc1,100.0,7.0,1,342.362
Cc1nc2ccc(Br)cn2c1-c1cnc(Cl)c(NS(=O)(=O)c2ccc(F)cc2)c1,16.0,7.795880017344075,1,495.7610000000001
Cc1nc2ccccc2c(N2CC(C)(C)c3ccc(N4CCOCC4)cc32)c1C,41000.0,4.3872161432802645,0,387.5270000000002
Cc1nc2ccccc2n1-c1nc(N2CCOCC2)nc(N2CCOCC2)n1,290.0,6.5376020021010435,1,381.4400000000001
Cc1nc2ccccn2c1-c1cnc(Cl)c(NS(=O)(=O)c2ccc(F)cc2)c1,76.0,7.119186407719209,1,416.86500000000007
Cc1nc2cnc3cc(F)c(-c4cnc5[nH]ccc5c4)cc3c2n1-c1ccc(C(C)(C)C#N)cc1,19.3,7.714442690992226,1,460.5160000000002
Cc1nc2cnc3ccc(-c4cc(C(F)(F)F)cc(C(F)(F)F)c4)cc3c2n1-c1ccc(F)cc1,1000.0,6.0,1,489.39400000000006
Cc1nc2cnc3ccc(-c4ccc(C#N)cc4)cc3c2n1-c1ccc(F)cc1,351.9,6.4535807331648085,1,378.4100000000001
Cc1nc2cnc3ccc(-c4ccc(C(F)(F)F)cc4)cc3c2n1-c1ccc(F)cc1,507.2,6.294820755126324,1,421.39700000000005
Cc1nc2cnc3ccc(-c4ccc(Cl)cc4)cc3c2n1-c1ccc(F)cc1,568.9,6.244964066232228,1,387.8450000000001
Cc1nc2cnc3ccc(-c4ccc(F)cc4)cc3c2n1-c1ccc(F)cc1,487.2,6.312292720375181,1,371.39000000000004
Cc1nc2cnc3ccc(-c4ccc(N)cc4)cc3c2n1-c1ccc(F)cc1,68.1,7.166852888087215,1,368.4150000000001
Cc1nc2cnc3ccc(-c4ccc(N)nc4)cc3c2n1-c1ccc(F)cc1,51.3,7.289882634888183,1,369.4030000000001
Cc1nc2cnc3ccc(-c4ccc(O)cc4)cc3c2n1-c1ccc(F)cc1,89.2,7.049635145623877,1,369.39900000000006
Cc1nc2cnc3ccc(-c4ccc5[nH]ccc5c4)cc3c2n1-c1ccc(F)cc1,29.8,7.525783735923745,1,392.4370000000001
Cc1nc2cnc3ccc(-c4ccc5ccccc5c4)cc3c2n1-c1ccc(F)cc1,147.8,6.830325565941193,1,403.4600000000001
Cc1nc2cnc3ccc(-c4cnc(N)nc4)cc3c2n1-c1ccc(F)cc1,36.7,7.43533393574791,1,370.3910000000001
Cc1nc2cnc3ccc(-c4cnc(N5CCOCC5)nc4)cc3c2n1-c1ccc(F)cc1,462.6,6.334794371565399,1,440.4820000000001
Cc1nc2cnc3ccc(-c4cnc5[nH]ccc5c4)cc3c2n1-c1ccc(C#N)cc1,62.5,7.204119982655925,1,400.44500000000016
Cc1nc2cnc3ccc(-c4cnc5[nH]ccc5c4)cc3c2n1-c1ccc(C(C)(C)C#N)cc1,12.5,7.903089986991944,1,442.52600000000024
Cc1nc2cnc3ccc(-c4cnc5[nH]ccc5c4)cc3c2n1-c1ccc(C(C)(C)C#N)nc1,3.75,8.425968732272281,1,443.51400000000024
Cc1nc2cnc3ccc(-c4cnc5[nH]ccc5c4)cc3c2n1-c1ccc(C(F)(F)F)cc1,47.1,7.326979092871103,1,443.43200000000013
Cc1nc2cnc3ccc(-c4cnc5[nH]ccc5c4)cc3c2n1-c1ccc(C(F)(F)F)nc1,103.7,6.984221243610959,1,444.42000000000013
Cc1nc2cnc3ccc(-c4cnc5[nH]ccc5c4)cc3c2n1-c1ccc(CC#N)cc1,139.1,6.856672870007953,1,414.4720000000002
Cc1nc2cnc3ccc(-c4cnc5[nH]ccc5c4)cc3c2n1-c1ccc(F)cc1,21.5,7.667561540084395,1,393.4250000000001
Cc1nc2cnc3ccc(-c4cnc5[nH]ccc5c4)cc3c2n1-c1ccc(F)nc1,41.4,7.382999658879101,1,394.4130000000001
Cc1nc2cnc3ccc(-c4cnc5[nH]ccc5c4)cc3c2n1-c1ccc(N2CCOCC2)cc1,69.3,7.159266765388193,1,460.54100000000034
Cc1nc2cnc3ccc(-c4cnc5[nH]ccc5c4)cc3c2n1-c1ccccc1,41.0,7.3872161432802645,1,375.4350000000001
Cc1nc2cnc3ccc(-c4cnc5[nH]ccc5c4)cc3c2n1C,472.3,6.3257820544233,1,313.3640000000001
Cc1nc2cnc3ccc(-c4cnc5[nH]ccc5c4)cc3c2n1C1CC1,501.3,6.299902295386946,1,339.40200000000016
Cc1nc2cnc3ccc(-c4cnc5[nH]ccc5c4)cc3c2n1CC1CCOC1,365.0,6.437707135543525,1,383.45500000000027
Cc1nc2cnc3ccc(-c4cnc5[nH]ccc5c4)cc3c2n1CC1CCOCC1,307.2,6.512578788640526,1,397.4820000000003
Cc1nc2cnc3ccc(-c4cnc5[nH]ccc5c4)cc3c2n1Cc1ccccc1,116.8,6.932557157223619,1,389.46200000000016
Cc1nc2cnc3ccc(-c4cnc5[nH]ccc5c4)cc3c2n1[C@@H](C)c1ccc(F)cc1,139.8,6.854492828590337,1,421.47900000000016
Cc1nc2cnc3ccc(-c4cnc5[nH]ccc5c4)cc3c2n1[C@@H](C)c1ccccc1,54.1,7.266802734893431,1,403.48900000000015
Cc1nc2cnc3ccc(-c4cnc5[nH]ccc5c4)cc3c2n1[C@H](C)c1ccc(F)cc1,151.3,6.8201610719768135,1,421.47900000000016
Cc1nc2cnc3ccc(-c4cnc5[nH]ccc5c4)cc3c2n1[C@H](C)c1ccccc1,79.6,7.099086932262331,1,403.48900000000015
Cc1nc2cnc3ccc(-c4cnc5ccccc5c4)cc3c2n1-c1ccc(F)cc1,33.1,7.480172006224281,1,404.4480000000001
Cc1nc2cnc3ccc(-c4cnn(C)c4)cc3c2n1-c1ccc(F)cc1,671.5,6.172953982995266,1,357.39200000000005
Cc1nc2cnc3ccc(C#Cc4cccnc4)cc3c2n1-c1ccc(C(C)C#N)cc1,56.0,7.251811972993799,1,413.48400000000015
Cc1nc2nc(Sc3ccccc3)cnc2cc1NC(=O)Nc1ccccc1,24000.0,4.619788758288394,0,387.4680000000001
Cc1nc2sc1-c1cc3c(c(c1)S(=O)(=O)NCCCCCNC(=O)c1cccc(n1)N2)C(=O)N([C@@H](C)C1CC1)C3,31.62,7.50003813440381,1,580.7360000000001
Cc1nc2sc1-c1cc3c(c(c1)S(=O)(=O)NCCN(C)CCCNC(=O)c1cccc(n1)N2)C(=O)N([C@@H](C)C1CC1)C3,50.12,7.299988937677887,1,609.778
Cc1nc2sc1-c1cc3c(c(c1)S(=O)(=O)NCCN(C)CCNC(=O)c1cccc(n1)N2)C(=O)N([C@@H](C)C1CC1)C3,39.81,7.400007822415902,1,595.7510000000001
Cc1nc2sc1-c1cc3c(c(c1)S(=O)(=O)NCCOCCNC(=O)c1cccc(n1)N2)C(=O)N([C@@H](C)C1CC1)C3,39.81,7.400007822415902,1,582.7080000000001
Cc1ncc(-c2cc(-c3cc(S(=O)(=O)NCC(C)(C)O)ccc3C)cnc2N)o1,3275.0,5.484788695672198,0,416.50300000000016
Cc1ncc(-c2cc(-c3cc(S(=O)(=O)NCC(C)(C)O)ccc3C)cnc2N)s1,620.0,6.2076083105017466,1,432.57100000000014
Cc1ncc(-c2cc(-c3ccnc(N4C[C@@H](C)O[C@@H](C)C4)c3)cc3c2CNC3=O)cn1,5596.0,5.25212229418021,0,415.4970000000002
Cc1ncc(-c2cc(OC3CCOCC3)c3nc(N)nc(C)c3c2)cc1NS(=O)(=O)c1ccc(F)cc1F,1.4,8.853871964321762,1,541.5800000000002
Cc1ncc(-c2cc(O[C@@H]3CCN(C(=O)C4CC4)C3)cc3c2CNC3=O)cc1NS(C)(=O)=O,1025.0,5.989276134608227,0,470.55100000000016
Cc1ncc(-c2cc3c(-c4ccncc4)ncnc3s2)cc1NS(=O)(=O)c1ccc(F)cc1F,1.7,8.769551078621726,1,495.5360000000002
Cc1ncc(-c2cc3c(C)nc(N)nc3s2)cc1NS(=O)(=O)c1ccc(F)cc1,9.3,8.031517051446064,1,429.50200000000007
Cc1ncc(-c2cc3c(C)nc(N)nc3s2)cc1NS(=O)(=O)c1ccc(F)cc1F,3.0,8.522878745280337,1,447.4920000000001
Cc1ncc(-c2cccc3nc([C@@H]4CCCN4c4nc(N)nc(C)c4C#N)n(-c4ccccc4)c(=O)c23)cn1,820.0,6.086186147616283,1,515.5810000000002
Cc1ncc(-c2cncc(-c3cc(S(=O)(=O)NCCCO)ccc3C)n2)s1,190.0,6.721246399047171,1,404.51700000000017
Cc1ncc(-c2cncc(-c3cc(S(=O)(=O)N[C@H]4CC[C@H](O)CC4)ccc3C)n2)s1,150.0,6.823908740944319,1,444.5820000000002
Cc1ncc(-c2nc(-c3cc(S(=O)(=O)NC4CCC(F)(F)CC4)ccc3C)cnc2N)s1,37.0,7.431798275933005,1,479.57800000000026
Cc1ncc(-c2nc(-c3cc(S(=O)(=O)NCC(C)(C)O)ccc3C)cnc2N)s1,55.0,7.259637310505756,1,433.55900000000014
Cc1ncc(-c2nc(-c3cc(S(=O)(=O)NCCC(C)(C)O)ccc3C)cnc2N)s1,169.0,6.772113295386326,1,447.5860000000002
Cc1ncc(-c2nc(-c3cc(S(=O)(=O)NCCCO)ccc3C)cnc2N)s1,35.0,7.455931955649724,1,419.53200000000015
Cc1ncc(-c2nc(-c3cc(S(=O)(=O)NCCO)ccc3C)cnc2N)s1,63.0,7.200659450546418,1,405.5050000000001
Cc1ncc(-c2nc(-c3cc(S(=O)(=O)N[C@H]4CC[C@H](O)CC4)ccc3C)cnc2N)s1,94.0,7.026872146400302,1,459.59700000000026
Cc1ncc(-c2sc(NC(=O)CN)nc2C)cc1NS(=O)(=O)c1ccccc1,10000.0,5.0,0,417.5160000000001
Cc1ncc(C#Cc2c(C)ncnc2N(C)C(C)C)cc1NS(=O)(=O)c1ccc(F)cc1F,0.74,9.130768280269024,1,471.53300000000013
Cc1ncc(C#Cc2c(C)ncnc2N(C)C2CCOCC2)cc1NS(=O)(=O)c1ccc(F)cc1F,0.86,9.065501548756432,1,513.5700000000003
Cc1ncc(C#Cc2c(C)ncnc2N(C)CC2CCOC2)cc1NS(=O)(=O)c1ccccc1,8.0,8.096910013008056,1,477.5900000000002
Cc1ncc(C#Cc2c(C)ncnc2N2CCCCC2)cc1NS(=O)(=O)c1ccc(F)cc1F,0.85,9.070581074285707,1,483.5440000000001
Cc1ncc(C#Cc2c(C)ncnc2N2CCCCC2)cc1NS(=O)(=O)c1ccccc1,3.0,8.522878745280337,1,447.5640000000001
Cc1ncc(C#Cc2c(C)ncnc2N2CCCOCC2)cc1NS(=O)(=O)c1ccccc1,2.0,8.698970004336019,1,463.56300000000016
Cc1ncc(C#Cc2c(C)ncnc2N2CCN(C)C(=O)C2)cc1NS(=O)(=O)c1ccccc1,2.0,8.698970004336019,1,476.5620000000002
Cc1ncc(C#Cc2c(C)ncnc2N2CCN(C)CC2)cc1NS(=O)(=O)c1ccc(F)cc1F,1.0,9.0,1,498.5590000000002
Cc1ncc(C#Cc2c(C)ncnc2N2CCN(C3CC3)CC2)cc1NS(=O)(=O)c1ccccc1,16.0,7.795880017344075,1,488.61700000000025
Cc1ncc(C#Cc2c(C)ncnc2N2CCOCC2)cc1NS(=O)(=O)C(C)C,2.0,8.698970004336019,1,415.5190000000001
Cc1ncc(C#Cc2c(C)ncnc2N2CCOCC2)cc1NS(=O)(=O)C1CCCCC1,5.0,8.301029995663981,1,455.5840000000003
Cc1ncc(C#Cc2c(C)ncnc2N2CCOCC2)cc1NS(=O)(=O)N1CCCC1,2.0,8.698970004336019,1,442.54500000000024
Cc1ncc(C#Cc2c(C)ncnc2N2CCOCC2)cc1NS(=O)(=O)c1c(C)noc1C,2.0,8.698970004336019,1,468.5390000000002
Cc1ncc(C#Cc2c(C)ncnc2N2CCOCC2)cc1NS(=O)(=O)c1c(F)cccc1F,0.8,9.096910013008056,1,485.51600000000013
Cc1ncc(C#Cc2c(C)ncnc2N2CCOCC2)cc1NS(=O)(=O)c1cc(F)cc(F)c1,0.97,9.013228265733755,1,485.51600000000013
Cc1ncc(C#Cc2c(C)ncnc2N2CCOCC2)cc1NS(=O)(=O)c1ccc(Cl)s1,0.47,9.327902142064282,1,490.0100000000001
Cc1ncc(C#Cc2c(C)ncnc2N2CCOCC2)cc1NS(=O)(=O)c1ccc(F)cc1,0.43,9.366531544420413,1,467.5260000000001
Cc1ncc(C#Cc2c(C)ncnc2N2CCOCC2)cc1NS(=O)(=O)c1cccc(F)c1,1.0,9.0,1,467.5260000000001
Cc1ncc(C#Cc2c(C)ncnc2N2CCOCC2)cc1NS(=O)(=O)c1ccccc1,0.28,9.55284196865778,1,449.5360000000001
Cc1ncc(C#Cc2c(C)ncnc2N2CCOCC2)cc1NS(=O)(=O)c1ccccc1Br,1.0,9.0,1,528.4320000000001
Cc1ncc(C#Cc2c(C)ncnc2N2CCOCC2)cc1NS(=O)(=O)c1ccccc1C(F)(F)F,0.63,9.200659450546418,1,517.5330000000001
Cc1ncc(C#Cc2c(C)ncnc2N2CCOCC2)cc1NS(=O)(=O)c1ccccc1Cl,1.0,9.0,1,483.9810000000001
Cc1ncc(C#Cc2c(C)ncnc2N2CCOCC2)cc1NS(=O)(=O)c1ccccc1F,0.65,9.187086643357144,1,467.5260000000001
Cc1ncc(C#Cc2c(C)ncnc2N2CCOCC2)cc1NS(=O)(=O)c1cccnc1,1.0,9.0,1,450.5240000000001
Cc1ncc(C#Cc2c(C)ncnc2N2CCOCC2)cc1NS(=O)(=O)c1ccco1,2.0,8.698970004336019,1,439.4970000000001
Cc1ncc(C#Cc2c(C)ncnc2N2CCOCC2)cc1NS(=O)(=O)c1cccs1,0.72,9.142667503568731,1,455.5650000000001
Cc1ncc(C#Cc2c(C)ncnc2N2CCOCC2)cc1NS(=O)(=O)c1ccnn1C,0.44,9.356547323513812,1,453.52800000000013
Cc1ncc(C#Cc2c(C)ncnc2N2CCOCC2)cc1NS(=O)(=O)c1ccoc1,1.0,9.0,1,439.4970000000001
Cc1ncc(C#Cc2c(C)ncnc2N2CCOCC2)cc1NS(=O)(=O)c1cn(C)c(C)n1,1.0,9.0,1,467.5550000000002
Cc1ncc(C#Cc2c(C)ncnc2N2CCOCC2)cc1NS(=O)(=O)c1cn(C)cn1,1.0,9.0,1,453.52800000000013
Cc1ncc(C#Cc2c(C)ncnc2N2CCOCC2)cc1NS(=O)(=O)c1cnn(C)c1,0.56,9.2518119729938,1,453.52800000000013
Cc1ncc(C#Cc2c(C)ncnc2N2CCOCC2)cc1NS(=O)(=O)c1cnoc1C,21.0,7.6777807052660805,1,454.51200000000017
Cc1ncc(C#Cc2c(C)ncnc2N2CCOCC2)cc1NS(C)(=O)=O,1.0,9.0,1,387.4650000000001
Cc1ncc(C#Cc2c(C)ncnc2N2CCOC[C@@H]2C)cc1NS(=O)(=O)c1ccccc1,0.2,9.698970004336019,1,463.5630000000001
Cc1ncc(C#Cc2c(C)ncnc2N2CCOC[C@H]2C)cc1NS(=O)(=O)c1ccccc1,2.0,8.698970004336019,1,463.5630000000001
Cc1ncc(C#Cc2c(C)ncnc2NC(C)C)cc1NS(=O)(=O)c1ccccc1,6.0,8.221848749616356,1,421.5260000000001
Cc1ncc(C#Cc2cccc3cc([C@H](C)NC(=O)c4c(N)nn5cccnc45)n(-c4ccccc4)c(=O)c23)n1C,2000.0,5.698970004336019,0,542.6030000000001
Cc1ncc(C#Cc2cccc3cc([C@H](C)NC(=O)c4c(N)nn5cccnc45)n(-c4ccccc4)c(=O)c23)s1,2000.0,5.698970004336019,0,545.6280000000002
Cc1ncc(N2CCOc3ccc(O[C@H]4CCN(C(=O)C5CCOCC5)C4)cc32)cc1[N+](=O)[O-],9100.0,5.040958607678906,0,468.5100000000004
Cc1nccc(-c2c(Nc3cc[nH]n3)nc3cccnn23)n1,3020.0,5.519993057042849,0,292.30600000000004
Cc1nccc(-n2c(Nc3cccc(O)c3)nc3ccccc32)n1,370.0,6.431798275933005,1,317.35200000000003
Cc1ncccc1-c1cnc2ccc(-c3ccc4oc(N)nc4c3)cc2n1,1000.0,6.0,1,353.38500000000005
Cc1ncccc1C#Cc1cccc2cc([C@H](C)NC(=O)c3c(N)nn4cccnc34)n(-c3ccccc3)c(=O)c12,2000.0,5.698970004336019,0,539.5990000000002
Cc1nccn1-c1cnc2ccc(-c3ccc4oc(N)nc4c3)cc2n1,100.0,7.0,1,342.3620000000001
Cc1nccn1-c1nc(-c2cccc(O)c2)nc(N2CCOCC2)n1,53.0,7.275724130399211,1,338.3710000000002
Cc1nccn1-c1nc(-c2cnc(N)nc2)nc(N2CCOCC2)n1,25.0,7.6020599913279625,1,339.3630000000002
Cc1nccn1C1CCN(c2cnc3ccc(-c4ccc5oc(N)nc5c4)cc3n2)CC1,100.0,7.0,1,425.49600000000027
Cc1nccn1C1CN(c2cnc3ccc(-c4ccc5oc(N)nc5c4)cc3n2)C1,100.0,7.0,1,397.44200000000023
Cc1nccn1CCn1nc(-c2cc3cc(O)ccc3[nH]2)c2c(N)ncnc21,500.0,6.301029995663981,1,374.40800000000013
Cc1ncnc(-c2cc(Cl)cc(C(=O)N(C)C)c2)c1C#Cc1ccc(N)nc1,68.0,7.167491087293763,1,391.86200000000014
Cc1ncnc(-c2ccc(C(=O)N(C)C)c(F)c2)c1C#Cc1ccc(N)nc1,47.0,7.327902142064283,1,375.4070000000001
Cc1ncnc(-c2ccc(C(=O)N(C)C)cc2)c1C#Cc1ccc(N)nc1,86.0,7.0655015487564325,1,357.4170000000001
Cc1ncnc(-c2ccc(C(=O)N3CC(O)CO3)c(Cl)c2)c1C#Cc1ccc(N)nc1,38.0,7.42021640338319,1,435.8710000000001
Cc1ncnc(-c2ccc(C(=O)N3CC(O)CO3)c(F)c2)c1C#Cc1ccc(N)nc1,52.0,7.2839966563652006,1,419.4160000000001
Cc1ncnc(-c2ccc(C(=O)N3CCCCO3)c(Cl)c2)c1C#Cc1ccc(N)nc1,46.0,7.337242168318426,1,433.8990000000001
Cc1ncnc(-c2ccc(C(=O)N3CCCCO3)c(F)c2)c1C#Cc1ccc(N)nc1,47.0,7.327902142064283,1,417.4440000000001
Cc1ncnc(-c2ccc(C(=O)N3CCCO3)c(Cl)c2)c1C#Cc1ccc(N)nc1,37.0,7.431798275933005,1,419.87200000000007
Cc1ncnc(-c2ccc(C(=O)N3CCCO3)c(F)c2)c1C#Cc1ccc(N)nc1,48.0,7.318758762624412,1,403.4170000000001
Cc1ncnc(-c2ccc(C(=O)N3CCN(C4CCCC4)CC3)cc2)c1C#Cc1ccc(N)nc1,125.0,6.903089986991944,1,466.5890000000003
Cc1ncnc(-c2ccc(C(=O)N3CCN(C4CCOCC4)CC3)cc2)c1C#Cc1ccc(N)nc1,65.0,7.187086643357144,1,482.5880000000003
Cc1ncnc(-c2ccc(C(=O)N3CCN(C4CCS(=O)(=O)C4)CC3)cc2)c1C#Cc1ccc(N)nc1,134.0,6.872895201635193,1,516.6270000000003
Cc1ncnc(-c2ccc(C(=O)N3CCN(CCO)CC3)cc2)c1C#Cc1ccc(N)nc1,106.0,6.97469413473523,1,442.5230000000002
Cc1ncnc(-c2ccc(C(=O)N3CCN(c4ccccc4)CC3)cc2)c1C#Cc1ccc(N)nc1,67.0,7.173925197299173,1,474.5680000000002
Cc1ncnc(-c2ccc(C(=O)N3CCN4CCCCC4C3)cc2)c1C#Cc1ccc(N)nc1,81.0,7.0915149811213505,1,452.5620000000002
Cc1ncnc(-c2ccc(C(C)(C)C#N)cc2)c1C#Cc1ccc(N)nc1,24.0,7.619788758288394,1,353.4290000000001
Cc1ncnc(-c2ccc(C(F)(F)F)nc2)c1C#Cc1ccc(N)nc1,99.0,7.00436480540245,1,355.32300000000004
Cc1ncnc(-c2ccc(C3CC3)nc2)c1C#Cc1ccc(N)nc1,43.0,7.366531544420414,1,327.391
Cc1ncnc(-c2ccc(Cl)c(C(=O)N3CCCCC3)c2)c1C#Cc1ccc(N)nc1,309.0,6.510041520575165,1,431.92700000000025
Cc1ncnc(-c2ccc(Cl)c(C(=O)N3CCOCC3)c2)c1C#Cc1ccc(N)nc1,459.0,6.338187314462739,1,433.8990000000002
Cc1ncnc(-c2ccc(F)c(C(=O)N(C)C)c2)c1C#Cc1ccc(N)nc1,254.0,6.5951662833800615,1,375.4070000000001
Cc1ncnc(-c2ccc(F)c(C(=O)N3CCCCC3)c2)c1C#Cc1ccc(N)nc1,539.0,6.268411234813262,1,415.47200000000015
Cc1ncnc(-c2ccc(F)c(C(=O)N3CCOCC3)c2)c1C#Cc1ccc(N)nc1,380.0,6.42021640338319,1,417.4440000000002
Cc1ncnc(-c2ccc(N3CCCCC3)nc2)c1C#Cc1ccc(N)nc1,64.0,7.1938200260161125,1,370.46000000000004
Cc1ncnc(-c2ccc(S(C)(=O)=O)cc2)c1C#Cc1ccc(N)nc1,65.0,7.187086643357144,1,364.4300000000001
Cc1ncnc(-c2cccc(C(=O)N(C)C)c2)c1C#Cc1ccc(N)nc1,401.0,6.396855627379818,1,357.4170000000001
Cc1ncnc(-c2cccc(C(=O)N3CCOCC3)c2)c1C#Cc1ccc(N)nc1,224.0,6.649751981665837,1,399.4540000000001
Cc1ncnc(-c2ccccc2)c1C#Cc1ccc(N)nc1,39.0,7.4089353929735005,1,286.338
Cc1ncnc(-c2cnc3ccccc3c2)c1C#Cc1ccc(N)nc1,30.0,7.522878745280337,1,337.3860000000001
Cc1ncnc(N2CCC(=O)CC2)c1C#Cc1ccc(N)nc1,104.0,6.982966660701219,1,307.357
Cc1ncnc(N2CCC(CC(=O)N(C)C)CC2)c1C#Cc1ccc(N)nc1,54.0,7.267606240177032,1,378.48000000000013
Cc1ncnc(N2CCC(CC(=O)N(C)CCN(C)C)CC2)c1C#Cc1ccc(N)nc1,2001.0,5.698752911363789,0,435.57600000000025
Cc1ncnc(N2CCC(CC(=O)N3CCN(C)CC3)CC2)c1C#Cc1ccc(N)nc1,96.0,7.017728766960431,1,433.5600000000003
Cc1ncnc(N2CCC(CC(=O)N3CCOCC3)CC2)c1C#Cc1ccc(N)nc1,83.0,7.080921907623926,1,420.5170000000002
Cc1ncnc(N2CCC(CC(=O)NCCN(C)C)CC2)c1C#Cc1ccc(N)nc1,149.0,6.826813731587726,1,421.54900000000026
Cc1ncnc(N2CCC(CC(C)(C)O)CC2)c1C#Cc1ccc(N)nc1,29.0,7.5376020021010435,1,365.4810000000001
Cc1ncnc(N2CCC(CCO)CC2)c1C#Cc1ccc(N)nc1,14.0,7.853871964321762,1,337.427
Cc1ncnc(N2CCC(CNC(=O)C3CCCCC3)CC2)c1C#Cc1ccc(N)nc1,51.0,7.292429823902063,1,432.5720000000003
Cc1ncnc(N2CCC(CNC(=O)CC(C)C)CC2)c1C#Cc1ccc(N)nc1,47.0,7.327902142064283,1,406.5340000000002
Cc1ncnc(N2CCC(CNC(=O)CC3CCCC3)CC2)c1C#Cc1ccc(N)nc1,39.0,7.4089353929735005,1,432.5720000000003
Cc1ncnc(N2CCC(CNC(=O)CN(C)C)CC2)c1C#Cc1ccc(N)nc1,301.0,6.521433504406157,1,407.5220000000002
Cc1ncnc(N2CCC(O)(C(C)C)CC2)c1C#Cc1ccc(N)nc1,51.0,7.292429823902063,1,351.45400000000006
Cc1ncnc(N2CCC(O)(C(F)(F)F)CC2)c1C#Cc1ccc(N)nc1,24.0,7.619788758288394,1,377.3700000000001
Cc1ncnc(N2CCC(O)(C3CCCCC3)CC2)c1C#Cc1ccc(N)nc1,98.0,7.008773924307505,1,391.5190000000001
Cc1ncnc(N2CCC(O)(Cc3ccccc3)CC2)c1C#Cc1ccc(N)nc1,70.0,7.154901959985743,1,399.4980000000002
Cc1ncnc(N2CCC(O)(c3ccccc3)CC2)c1C#Cc1ccc(N)nc1,22.0,7.657577319177793,1,385.4710000000002
Cc1ncnc(N2CCC(O)C(C)C2)c1C#Cc1ccc(N)nc1,90.0,7.045757490560675,1,323.40000000000003
Cc1ncnc(N2CCC3(CC2)OCCCO3)c1C#Cc1ccc(N)nc1,14.0,7.853871964321762,1,365.43700000000007
Cc1ncnc(N2CCC3(CC2)OCCO3)c1C#Cc1ccc(N)nc1,60.0,7.221848749616356,1,351.41
Cc1ncnc(N2CCC3(CCN(C)C3=O)CC2)c1C#Cc1ccc(N)nc1,48.0,7.318758762624412,1,376.4640000000001
Cc1ncnc(N2CCC3(CCN(C)CC3)CC2)c1C#Cc1ccc(N)nc1,99.0,7.00436480540245,1,376.5080000000001
Cc1ncnc(N2CCC3(CCNC3=O)CC2)c1C#Cc1ccc(N)nc1,32.0,7.494850021680094,1,362.43700000000007
Cc1ncnc(N2CCCOCC2)c1C#Cc1ccc(N)nc1,246.0,6.609064892896621,1,309.373
Cc1ncnc(N2CCN(C(=O)C3CCC3)CC2)c1C#Cc1ccc(N)nc1,22.0,7.657577319177793,1,376.46400000000006
Cc1ncnc(N2CCN(C(=O)c3ccno3)CC2)c1C#Cc1ccc(N)nc1,39.0,7.4089353929735005,1,389.41900000000015
Cc1ncnc(N2CCN(C)CC2)c1C#Cc1ccc(N)nc1,547.0,6.262012673666569,1,308.389
Cc1ncnc(N2CCN(C3CC3)CC2)c1C#Cc1ccc(N)nc1,58.0,7.236572006437063,1,334.42699999999996
Cc1ncnc(N2CCN(CC(C)(C)O)CC2)c1C#Cc1ccc(N)nc1,53.0,7.275724130399211,1,366.46900000000005
Cc1ncnc(N2CCNC(=O)CC2)c1C#Cc1ccc(N)nc1,93.0,7.031517051446065,1,322.372
Cc1ncnc(N2CCOC(C)(C)C2)c1C#Cc1ccc(N)nc1,46.0,7.337242168318426,1,323.40000000000003
Cc1ncnc(N2CCOCC2)c1C#Cc1c[nH]c(=O)c(NS(=O)(=O)c2ccc(F)cc2F)c1,0.51,9.292429823902063,1,487.4880000000001
Cc1ncnc(N2CCOCC2)c1C#Cc1ccc(N)nc1,37.0,7.431798275933005,1,295.346
Cc1ncnc(N2CCOCC2)c1C#Cc1cncc(NS(=O)(=O)c2ccc(F)cc2F)c1,0.46,9.337242168318426,1,471.4890000000001
Cc1ncnc(N2CCOCC2)c1C#Cc1cncc(NS(=O)(=O)c2ccccc2)c1,0.46,9.337242168318426,1,435.50900000000007
Cc1ncnc(N2CCOCC2)c1C#Cc1cncc(NS(=O)(=O)c2cccnc2)c1,0.8,9.096910013008056,1,436.49700000000007
Cc1ncnc(N2CCOCC2)c1C#Cc1cncc(NS(=O)(=O)c2cccs2)c1,0.53,9.275724130399212,1,441.53800000000007
Cc1ncnc(N2CCOCC2)c1C#Cc1cncc(NS(=O)(=O)c2cnn(C)c2)c1,0.66,9.18045606445813,1,439.5010000000001
Cc1ncnc(N2CCOCC2)c1C#Cc1cncc(NS(C)(=O)=O)c1,4.0,8.397940008672037,1,373.43800000000005
Cc1ncnc(N2CC[S+]([O-])CC2)c1C#Cc1ccc(N)nc1,199.0,6.701146923590294,1,327.413
Cc1ncnc(N2CCn3c(C)cnc3C2)c1C#Cc1ccc(N)nc1,60.0,7.221848749616356,1,345.41
Cc1ncnc(N2C[C@@H](C)O[C@@H](C)C2)c1C#Cc1ccc(N)nc1,34.0,7.468521082957745,1,323.40000000000003
Cc1ncsc1C#Cc1cccc2cc([C@H](C)NC(=O)c3c(N)nn4cccnc34)n(-c3ccccc3)c(=O)c12,2000.0,5.698970004336019,0,545.6280000000003
Cc1nn(-c2ccccc2)nc1Cn1nc(-c2ccc(F)c(O)c2)c2c(N)ncnc21,1099.0,5.959002307576509,0,416.42000000000013
Cc1nn(C(C)c2cnn(Cc3ccccc3)c(=O)c2C2CCCC2)c2ncnc(N)c12,10000.0,5.0,0,429.5280000000003
Cc1nn(C(C)c2nn(-c3ccc(C(N)=O)cc3)c3cc(Cl)ccc23)c2ncnc(N)c12,6837.0,5.165134420099962,0,446.90200000000016
Cc1nn(C(C)c2nn(-c3ccc(S(C)(=O)=O)cc3)c3cc(Cl)ccc23)c2ncnc(N)c12,9494.0,5.022550772617659,0,481.96900000000016
Cc1nn(C(C)c2nn(-c3cccc(C(N)=O)c3)c3cc(Cl)ccc23)c2ncnc(N)c12,8372.0,5.0771707803333515,0,446.90200000000016
Cc1nn(C(C)c2nn(-c3cccc(S(C)(=O)=O)c3)c3cc(Cl)ccc23)c2ncnc(N)c12,7612.0,5.118501220385017,0,481.9690000000003
Cc1nn(C(C)c2nn(-c3cccnc3)c3cc(Cl)ccc23)c2ncnc(N)c12,10000.0,5.0,0,404.8650000000002
Cc1nn(C(C)c2nn(-c3ccncc3)c3cc(Cl)ccc23)c2ncnc(N)c12,10000.0,5.0,0,404.8650000000002
Cc1nn(C)c(C)c1C#Cc1cccc2cc([C@H](C)NC(=O)c3c(N)nn4cccnc34)n(-c3ccccc3)c(=O)c12,2000.0,5.698970004336019,0,556.6300000000002
Cc1nn(C)cc1C#Cc1cccc2cc([C@H](C)NC(=O)c3c(N)nn4cccnc34)n(-c3ccccc3)c(=O)c12,2000.0,5.698970004336019,0,542.6030000000002
Cc1nn([C@@H](C)c2nn(-c3ccncc3)c3cc(Cl)ccc23)c2ncnc(N)c12,10000.0,5.0,0,404.8650000000002
Cc1nn([C@H](C)c2nn(-c3ccncc3)c3cc(Cl)ccc23)c2ncnc(N)c12,10000.0,5.0,0,404.8650000000002
Cc1nn2c(=O)cc(N3CCOC(C)C3)nc2n1Cc1cccc(Cl)c1Cl,1273.3333333333333,5.895057891807953,0,408.2890000000001
Cc1nn2c(=O)cc(N3CCOCC3)nc2n1Cc1cccc(Cl)c1Cl,630.0,6.200659450546418,1,394.26200000000006
Cc1nn2c(C#N)cc(N3CCOCC3)nc2c1Cc1cccc(C(F)(F)F)c1C,1000.0,6.0,1,415.41900000000004
Cc1nn2c(C(=O)O)cc(N3CCOCC3)nc2c1Cc1cccc(C(F)(F)F)c1C,1584.89,5.800000874803203,0,434.41800000000006
Cc1nn2c(C(N)=O)cc(N3CCOCC3)nc2c1Cc1cccc(C(F)(F)F)c1C,6309.57,5.200000237109354,0,433.4340000000001
Cc1nn2c(N)cc(N3CCOCC3)nc2c1Cc1cccc(C(F)(F)F)c1C,1995.26,5.700000503883016,0,405.42400000000004
Cc1nn2c(NC(N)=O)cc(N3CCOCC3)nc2c1Cc1cccc(C(F)(F)F)c1C,6309.57,5.200000237109354,0,448.4490000000001
Cc1nn2c(NCCO)cc(C3CCOCC3)nc2c1Cc1cccc(C(F)(F)F)c1C,1584.89,5.800000874803203,0,448.48900000000015
Cc1nn2c(NO)cc(C3CCOCC3)nc2c1Cc1cccc(C(F)(F)F)c1C,1584.89,5.800000874803203,0,420.43500000000006
Cc1nn2c(O)cc(C3CCOCC3)nc2c1Cc1cccc(C(F)(F)F)c1C,1584.89,5.800000874803203,0,405.42
Cc1nn2c(O)cc(N3CCOC(C)C3)nc2c1Cc1cccc(C(F)(F)F)c1C,199.53,6.699991797446187,1,420.43500000000006
Cc1nn2c(O)cc(N3CCOCC3)nc2c1Cc1cccc(C(F)(F)F)c1C,316.23,6.499996931948306,1,406.408
Cc1nn2c(O)cc(N3CCOCC3)nc2c1Cc1cccc2ccccc12,316.23,6.499996931948306,1,374.444
Cc1nn2c(O)cc(N3CCOCC3=O)nc2c1Cc1cccc(C(F)(F)F)c1C,251.19,6.599997654072044,1,420.3910000000001
Cc1nn2ccc(C3CCOCC3)nc2c1Cc1cccc(C(F)(F)F)c1C,1584.89,5.800000874803203,0,389.421
Cc1nnc(-c2cc(-c3cc(S(=O)(=O)NCC(C)(C)O)ccc3C)cnc2N)o1,1700.0,5.769551078621726,0,417.49100000000016
Cc1nnc(C#Cc2cccc3cc([C@H](C)NC(=O)c4c(N)nn5cccnc45)n(-c4ccccc4)c(=O)c23)s1,2000.0,5.698970004336019,0,546.6160000000002
Cc1nnc(NS(=O)(=O)c2ccc(NCc3cc(C(=O)O)cc(-c4ccc5c(c4)OCCO5)c3)cc2)s1,12.6,7.8996294548824375,1,538.6070000000003
Cc1nnc(NS(=O)(=O)c2ccc(NCc3cc(C(=O)O)cc(-c4ccc5c(c4)OCO5)c3)cc2)s1,39.8,7.400116927926312,1,524.5800000000003
Cc1nnc2n1[C@H]1CCN(Cc3cc4nc(-c5cccc(O)c5)nc(N5CCOCC5)c4s3)C[C@@H]1CC2,100.0,7.0,1,517.6590000000003
Cc1nnc2n1[C@H]1CCN(Cc3cc4nc(-c5cccc6[nH]ccc56)nc(N5CCOCC5)c4s3)C[C@@H]1CC2,1995.26,5.700000503883016,0,540.6970000000002
Cc1nnc2n1[C@H]1CCN(Cc3cc4nc(-c5cccc6[nH]ccc56)nc(N5CCOCC5)c4s3)C[C@H]1CC2,3162.28,5.499999678657065,0,540.6970000000002
Cc1nnc2n1[C@H]1CCN(Cc3cc4nc(-c5cccc6[nH]ncc56)nc(N5CCOCC5)c4s3)C[C@@H]1CC2,158.49,6.799998134593398,1,541.6850000000002
Cc1nnc2n1[C@H]1CCN(Cc3cc4nc(-c5cccc6[nH]ncc56)nc(N5CCOCC5)c4s3)C[C@H]1CC2,1584.89,5.800000874803203,0,541.6850000000002
Cc1nncn1C1CCN(Cc2cc3nc(-c4cccc(O)c4)nc(N4CCOCC4)c3s2)CC1,100.0,7.0,1,491.6210000000004
Cc1nncn1C1CCN(Cc2cc3nc(-c4cccc5[nH]ccc45)nc(N4CCOCC4)c3s2)CC1,1995.26,5.700000503883016,0,514.6590000000003
Cc1nncn1C1CCN(Cc2cc3nc(-c4cccc5[nH]ncc45)nc(N4CCOCC4)c3s2)CC1,316.23,6.499996931948306,1,515.6470000000003
Cc1noc(-c2cc(-c3cc(S(=O)(=O)NCC(C)(C)O)ccc3C)cnc2N)n1,900.0,6.045757490560675,1,417.49100000000016
Cc1noc(C)c1-c1ccc2ncc3nc(C)n(-c4ccc(F)cc4)c3c2c1,1000.0,6.0,1,372.4030000000001
Cc1noc(C)c1CCNC(=O)Nc1nc2ccc(-c3cncc(S(=O)(=O)NC(C)(C)C)c3)cn2n1,1995.26,5.700000503883016,0,512.5960000000002
Cc1sc2c(-c3cccc4[nH]ncc34)nc(N3CCOCC3)nc2c1CN1CCN(S(C)(=O)=O)CC1,262.2,6.581367312645934,1,527.6760000000004
Cc1sc2c(-c3cnc(N)nc3)nc(N3CCOCC3)nc2c1CN1CCN(C(=O)CO)CC1,18.0,7.7447274948966935,1,484.58600000000047
Cc1sc2c(-c3cnc(N)nc3)nc(N3CCOCC3)nc2c1CN1CCN(C(=O)[C@@H](C)O)CC1,56.0,7.251811972993799,1,498.61300000000045
Cc1sc2c(-c3cnc(N)nc3)nc(N3CCOCC3)nc2c1CN1CCN(C(=O)[C@H](C)O)CC1,18.9,7.723538195826756,1,498.61300000000045
Cc1sc2c(-c3cnc(N)nc3)nc(N3CCOCC3)nc2c1CN1CCN(CCO)CC1,157.0,6.804100347590766,1,470.60300000000046
Cc1sc2c(c1C)C(c1ccc(Cl)cc1)=N[C@@H](C(=O)OC(C)(C)C)c1nnc(C)n1-2,50000.0,4.301029995663981,0,442.97200000000026
Cc1scnc1C#Cc1cccc2cc([C@H](C)NC(=O)c3c(N)nn4cccnc34)n(-c3ccccc3)c(=O)c12,2000.0,5.698970004336019,0,545.6280000000003
Clc1ccc(-c2cc(N3CCOCC3)nc(-c3cccc(OCc4ccccc4)c3)n2)cc1,10000.0,5.0,0,457.96100000000007
Clc1ccc(-c2cc(N3CCOCC3)nc(-c3cccc(OCc4ccccc4)c3)n2)cc1Cl,10000.0,5.0,0,492.40600000000006
Clc1ccc(Nc2nccc(-c3ccc(Br)cc3)n2)c(Cl)c1,591.0,6.228412519118745,1,395.087
Clc1ccc(Nc2nccc(-c3ccc(Br)cc3)n2)cc1,914.0,6.039053804266168,1,360.642
Clc1ccc(Nc2nccc(-c3ccc(Cl)c(Cl)c3)n2)c(Cl)c1,836.0,6.077793722560983,1,385.081
Clc1ccc(Nc2nccc(-c3ccc(Cl)cc3Cl)n2)c(Cl)c1,772.0,6.112382699664264,1,385.081
Clc1ccc2c(c1)-c1nc3cc(Cl)ccc3n1CCO2,127.0,6.896196279044043,1,305.1640000000001
Clc1ccc2c(c1)nc1n2CCOc2ccc(Br)cc2-1,31.0,7.508638306165727,1,349.61499999999995
Clc1cccc(-c2cc(Nc3ccc4[nH]ncc4c3)nc(N3CCOCC3)n2)c1,13000.0,4.886056647693163,0,406.87700000000024
Clc1cccc(Nc2nc(N3CCOCC3)nc(-n3cccn3)n2)c1,2800.0,5.552841968657781,0,357.80499999999995
Clc1ccccc1-c1ocnc1-c1cc2c(s1)-c1ncccc1OCC2,131.0,6.882728704344236,1,380.85600000000017
Clc1ccccc1-n1cnnc1-c1cc2c(s1)-c1ccccc1OCC2,40.65,7.390939450069913,1,379.8720000000002
Cn1c(-c2ccccc2)c(/C=C2\Oc3cc(O)cc(O)c3C2=O)c2ccccc21,2665.0,5.574302786637409,0,383.4030000000001
Cn1c(=O)c2c(ncn2C)n(C)c1=O,400000.0,3.3979400086720375,0,194.194
Cn1c(=O)c2ccnn2c2ccc(C(=O)NCCN3CCOCC3)cc21,12250.0,4.911863911299449,0,355.3980000000002
Cn1c(=O)c2cnc3ccc(-c4ccc(N)nc4)nc3c2n(-c2cccc(C(F)(F)F)c2)c1=O,65.8,7.181774106386045,1,464.40700000000015
Cn1c(=O)c2nc[nH]c2n(C)c1=O,300000.0,3.5228787452803374,0,180.16699999999997
Cn1c(=O)n(-c2ccc(C(C)(C)C#N)cc2)c2c3cc(-c4ccc5oc(N)nc5c4)ccc3ncc21,100.0,7.0,1,474.5240000000002
Cn1c(=O)n(-c2ccc(C(C)(C)C#N)cc2)c2c3cc(-c4cnc5ccccc5c4)ccc3ncc21,17.967407407407407,7.745514584543047,1,469.5480000000002
Cn1c(=O)n(-c2ccc(C(C)(C)C#N)cc2)c2c3cc(C#Cc4cccnc4)ccc3ncc21,72.0,7.142667503568732,1,443.51000000000016
Cn1c(=O)n(-c2ccc(C(C)(C)C#N)cc2)c2c3ccccc3ncc21,3981.0,5.400007822415902,0,342.40200000000004
Cn1c(=O)n(-c2ccc(C3(C#N)CC3)cc2)c2c3cc(-c4cnc5ccccc5c4)ccc3ncc21,7.0,8.154901959985743,1,467.53200000000015
Cn1c(=O)n(C(C)(C)C#N)c2c3cc(-c4cnc5ccccc5c4)ccc3ncc21,4.0,8.397940008672037,1,393.4500000000001
Cn1c(=O)n(C)c2ccc3ccc4ccc1c2c43,5640.0,5.248720896016658,0,236.27399999999997
Cn1c(=O)n(C2CC2)c2c3cc(-c4cnc(N)nc4)ccc3ncc21,247.0,6.607303046740334,1,332.3670000000001
Cn1c(=O)n(C2CC2)c2c3cc(-c4cnc5[nH]ccc5c4)ccc3ncc21,149.0,6.826813731587726,1,355.4010000000001
Cn1c(=O)n(C2CCC2)c2c3cc(-c4ccc(OCCCN5CCCC5)nc4)ccc3ncc21,9560.0,5.0195421077238995,0,457.5780000000003
Cn1c(=O)n(C2CCC2)c2c3cc(-c4ccc(OCCCN5CCCCC5)nc4)ccc3ncc21,14300.0,4.844663962534939,0,471.60500000000036
Cn1c(=O)n(C2CCCC2)c2cc(Nc3ccc(C#N)cc3)ncc21,79400.0,4.100179497572904,0,333.39500000000004
Cn1c(=O)n(C2CCCC2)c2cc(Nc3ccc(C(C)(C)C#N)cc3)ncc21,78000.0,4.107905397309519,0,375.4760000000001
Cn1c(=O)n(C2CCCC2)c2cc(Nc3ccc(C(F)(F)F)cc3)ncc21,10000.0,5.0,0,376.382
Cn1c(=O)n(C2CCCC2)c2cc(Nc3ccc(Cl)cc3)ncc21,36510.0,4.437588167050272,0,342.83000000000004
Cn1c(=O)n(C2CCCC2)c2cc(Nc3ccc(N)cc3)ncc21,20500.0,4.688246138944246,0,323.40000000000003
Cn1c(=O)n(C2CCCC2)c2cc(Nc3ccc(O)cc3)ncc21,3090.0,5.510041520575165,0,324.384
Cn1c(=O)n(C2CCCC2)c2cc(Nc3ccc(OCc4ccccc4)cc3)ncc21,10000.0,5.0,0,414.5090000000001
Cn1c(=O)n(C2CCCC2)c2cc(Nc3ccc(S(C)(=O)=O)cc3)ncc21,17100.0,4.767003889607846,0,386.4770000000001
Cn1c(=O)n(C2CCCC2)c2cc(Nc3ccc([N+](=O)[O-])cc3)ncc21,10000.0,5.0,0,353.38200000000006
Cn1c(=O)n(C2CCCC2)c2cc(Nc3cccc(C#N)c3)ncc21,10000.0,5.0,0,333.39500000000004
Cn1c(=O)n(C2CCCC2)c2cc(Nc3cccc(C(F)(F)F)c3)ncc21,10000.0,5.0,0,376.382
Cn1c(=O)n(C2CCCC2)c2cc(Nc3cccc(Cl)c3)ncc21,10000.0,5.0,0,342.83000000000004
Cn1c(=O)n(C2CCCC2)c2cc(Nc3cccc(N)c3)ncc21,7640.0,5.11690664142431,0,323.40000000000003
Cn1c(=O)n(C2CCCC2)c2cc(Nc3cccc(O)c3)ncc21,7570.0,5.120904120499927,0,324.384
Cn1c(=O)n(C2CCCC2)c2cc(Nc3cccc(OCc4ccccc4)c3)ncc21,10000.0,5.0,0,414.5090000000001
Cn1c(=O)n(C2CCCC2)c2cc(Nc3cccc(S(C)(=O)=O)c3)ncc21,9760.0,5.010550182333308,0,386.4770000000001
Cn1c(=O)n(C2CCCC2)c2cc(Nc3cccc([N+](=O)[O-])c3)ncc21,36000.0,4.443697499232712,0,353.38200000000006
Cn1c(=O)n(C2CCCC2)c2cc(Nc3ccccc3)ncc21,14600.0,4.835647144215563,0,308.38500000000005
Cn1c(=O)n(C2CCCC2)c2cc(Nc3ccccc3C#N)ncc21,10000.0,5.0,0,333.3950000000001
Cn1c(=O)n(C2CCCC2)c2cc(Nc3ccccc3C(F)(F)F)ncc21,57000.0,4.2441251443275085,0,376.38200000000006
Cn1c(=O)n(C2CCCC2)c2cc(Nc3ccccc3Cl)ncc21,74600.0,4.127261172527331,0,342.83000000000004
Cn1c(=O)n(C2CCCC2)c2cc(Nc3ccccc3N)ncc21,27400.0,4.562249437179612,0,323.4000000000001
Cn1c(=O)n(C2CCCC2)c2cc(Nc3ccccc3O)ncc21,21000.0,4.6777807052660805,0,324.38400000000007
Cn1c(=O)n(C2CCCC2)c2cc(Nc3ccccc3OCc3ccccc3)ncc21,10000.0,5.0,0,414.5090000000002
Cn1c(=O)n(C2CCCC2)c2cc(Nc3ccccc3S(C)(=O)=O)ncc21,10000.0,5.0,0,386.47700000000015
Cn1c(=O)n(C2CCCC2)c2cc(Nc3ccccc3[N+](=O)[O-])ncc21,22600.0,4.645891560852599,0,353.3820000000001
Cn1c(=O)n(C2CCOCC2)c2c3cc(-c4ccc(OCCCN5CCC5)nc4)ccc3ncc21,828.0,6.08196966321512,1,473.57700000000034
Cn1c(=O)n(C2CCOCC2)c2c3cc(-c4ccc(OCCCN5CCCC5)nc4)ccc3ncc21,2330.0,5.632644078973981,0,487.6040000000004
Cn1c(=O)n(C2CCOCC2)c2c3cc(-c4ccc(OCCCN5CCCCC5)nc4)c(F)cc3ncc21,16700.0,4.777283528852417,0,519.6210000000004
Cn1c(=O)n(C2CCOCC2)c2c3cc(-c4ccc(OCCCN5CCCCC5)nc4)ccc3ncc21,20700.0,4.684029654543083,0,501.6310000000004
Cn1c(=O)n(C2CCOCC2)c2c3cc(-c4cnc(N)nc4)ccc3ncc21,80.4,7.094743951251549,1,376.4200000000001
Cn1c(=O)n(C2CCOCC2)c2c3cc(-c4cnn(CCCO)c4)ccc3ncc21,4670.0,5.330683119433888,0,407.47400000000016
Cn1c(=O)n(C2CNC2)c2c3cc(-c4cnc5[nH]ccc5c4)ccc3ncc21,1730.0,5.761953896871205,0,370.4160000000001
Cn1c(=O)n(C2COC2)c2c3cc(-c4ccc(OCCCN5CCCCC5)nc4)ccc3ncc21,26300.0,4.580044251510242,0,473.57700000000034
Cn1c(=O)n([C@@H]2CCCOC2)c2c3cc(-c4ccc(OCCCN5CCC5)nc4)ccc3ncc21,450.5,6.346305204684918,1,473.57700000000034
Cn1c(=O)n([C@@H]2CCCOC2)c2c3cc(-c4ccc(OCCCN5CCCC5)nc4)c(F)cc3ncc21,7290.0,5.137272471682025,0,505.5940000000004
Cn1c(=O)n([C@@H]2CCCOC2)c2c3cc(-c4ccc(OCCCN5CCCC5)nc4)ccc3ncc21,264.0,6.578396073130169,1,487.6040000000004
Cn1c(=O)n([C@@H]2CCCOC2)c2c3cc(-c4ccc(OCCCN5CCCCC5)nc4)ccc3ncc21,2940.0,5.531652669587842,0,501.6310000000004
Cn1c(=O)n([C@@H]2CCOC2)c2c3cc(-c4ccc(OCCCN5CCCCC5)nc4)ccc3ncc21,3470.0,5.459670525209126,0,487.60400000000044
Cn1c(=O)n([C@H]2CCCOC2)c2c3cc(-c4ccc(OCCCN5CCCC5)nc4)c(F)cc3ncc21,30000.0,4.522878745280337,0,505.5940000000004
Cn1c(=O)n([C@H]2CCCOC2)c2c3cc(-c4ccc(OCCCN5CCCC5)nc4)ccc3ncc21,1650.0,5.782516055786093,0,487.6040000000004
Cn1c(=O)n([C@H]2CCCOC2)c2c3cc(-c4ccc(OCCCN5CCCC5)nc4F)ccc3ncc21,16200.0,4.790484985457369,0,505.5940000000004
Cn1c(=O)n([C@H]2CCCOC2)c2c3cc(-c4ccc(OCCCN5CCCCC5)nc4)c(F)cc3ncc21,23500.0,4.628932137728263,0,519.6210000000004
Cn1c(=O)n([C@H]2CCCOC2)c2c3cc(-c4ccc(OCCCN5CCCCC5)nc4)ccc3ncc21,10900.0,4.962573502059376,0,501.6310000000004
Cn1c(=O)n([C@H]2CCOC2)c2c3cc(-c4ccc(OCCCN5CCCCC5)nc4)ccc3ncc21,9130.0,5.039529222465701,0,487.60400000000044
Cn1c(=O)n([C@H]2C[C@@H](O)C2)c2c3cc(-c4ccc(OCCCN5CCC5)nc4)ccc3ncc21,616.0,6.210419287835575,1,459.5500000000003
Cn1c(=O)n([C@H]2C[C@@H](O)C2)c2c3cc(-c4ccc(OCCCN5CCCC5)nc4)ccc3ncc21,2390.0,5.621602099051862,0,473.57700000000034
Cn1c(CC(=O)N2CCc3ccccc32)nc(N2CCOCC2)cc1=O,4320.0,5.364516253185088,0,354.4100000000002
Cn1c(CC(=O)Nc2ccc(F)c(Br)c2)nc(N2CCOCC2)cc1=O,7610.0,5.118615343229427,0,425.25800000000027
Cn1c(CC(=O)Nc2ccc(F)c(Cl)c2)nc(N2CCOCC2)cc1=O,10000.0,5.0,0,380.80700000000024
Cn1c(CC(=O)Nc2ccc(F)c(F)c2)nc(N2CCOCC2)cc1=O,8510.0,5.070070439915412,0,364.3520000000002
Cn1c(CC(=O)Nc2ccc(F)cc2)nc(N2CCOCC2)cc1=O,10000.0,5.0,0,346.3620000000002
Cn1c(CC(=O)Nc2ccccc2)nc(N2CCOCC2)cc1=O,10000.0,5.0,0,328.3720000000001
Cn1c(Cc2nc(N3CCOCC3)cc(=O)[nH]2)nc2c(-c3ccccc3)cccc21,314.0,6.503070351926785,1,401.4700000000001
Cn1c(Cc2nc(N3CCOCC3)cc(=O)[nH]2)nc2cc(-c3ccccc3)ccc21,10000.0,5.0,0,401.4700000000001
Cn1c(Cc2nc(N3CCOCC3)cc(=O)[nH]2)nc2cc(F)ccc21,10000.0,5.0,0,343.362
Cn1c(Cc2nc(N3CCOCC3)cc(=O)[nH]2)nc2ccc(-c3ccccc3)cc21,7798.0,5.108016769148033,0,401.4700000000001
Cn1c(Cc2nc(N3CCOCC3)cc(=O)[nH]2)nc2ccc(F)cc21,10000.0,5.0,0,343.362
Cn1c(Cc2nc(N3CCOCC3)cc(=O)[nH]2)nc2cccc(-c3ccccc3)c21,4575.0,5.339608901597533,0,401.4700000000001
Cn1c(Cc2nc(N3CCOCC3)cc(=O)[nH]2)nc2ccccc21,10000.0,5.0,0,325.372
Cn1c(Cc2nc3cc(F)ccc3[nH]2)nc(N2CCOCC2)cc1=O,10000.0,5.0,0,343.3620000000002
Cn1c(Cc2nc3ccccc3o2)nc(N2CCOCC2)cc1=O,10000.0,5.0,0,326.3560000000001
Cn1c(N2CCOCC2)nc2cc(-c3ccc4oc(N)nc4c3)ccc2c1=O,1000.0,6.0,1,377.40400000000017
Cn1c2c(c3ccc(Cl)c(Cl)c31)C(C#N)C1(CCNCC1)NC2=O,9100.0,5.040958607678906,0,363.24800000000016
Cn1cc(-c2c(F)ccc3nc([C@@H]4CCCN4c4ncnc(N)c4C#N)n(-c4ccccc4)c(=O)c23)cn1,230.0,6.638272163982407,1,507.5330000000002
Cn1cc(-c2c(F)ccc3nc([C@@H]4C[C@H](O)CN4c4ncnc(N)c4C#N)n(-c4ccccc4)c(=O)c23)cn1,1100.0,5.958607314841775,0,523.5320000000003
Cn1cc(-c2ccc3c(c2)N(c2nc4c(s2)C(=O)CC(C)(C)C4)CCO3)cn1,294.0,6.531652669587842,1,394.5000000000002
Cn1cc(-c2ccc3c(c2)N(c2nc4c(s2)C(=O)NC(C)(C)C4)CCO3)cn1,295.0,6.530177984021837,1,395.48800000000017
Cn1cc(-c2ccc3nc(N)sc3c2)cn1,7943.28,5.100000128334196,0,230.296
Cn1cc(-c2ccc3ncc4c(c3c2)n(-c2ccc(C(C)(C)C#N)cc2)c(=O)n4C)cn1,398.0,6.400116927926312,1,422.4920000000002
Cn1cc(-c2cccc3nc([C@@H]4CCCN4c4ncnc(N)c4C#N)n(-c4ccccc4)c(=O)c23)cn1,1300.0,5.886056647693163,0,489.5430000000002
Cn1cc(-c2ccnc3ccc(-c4ccc5oc(N)nc5c4)cc23)cn1,100.0,7.0,1,341.374
Cn1cc(-c2cnc3ccc(-c4ccc5oc(N)nc5c4)cc3n2)cn1,100.0,7.0,1,342.362
Cn1cc(-c2cnc3ccc(-c4ccc5oc(N)nc5c4)cn23)cn1,100.0,7.0,1,330.351
Cn1cc(/C=C2\Oc3cc(O)cc(O)c3C2=O)c2c(-c3ccccc3)cccc21,1478.0,5.830325565941193,0,383.403
Cn1cc(/C=C2\Oc3cc(O)cc(O)c3C2=O)c2c(-c3ccccc3)ccnc21,63.0,7.200659450546418,1,384.391
Cn1cc(/C=C2\Oc3cc(O)cc(O)c3C2=O)c2ccccc21,1106.0,5.956244873031321,0,307.305
Cn1cc(/C=C2\Oc3cc(O)cc(O)c3C2=O)c2cccnc21,77.0,7.113509274827518,1,308.293
Cn1cc(/C=C2\Oc3cc(O)ccc3C2=O)c2c(-c3ccccc3)ccnc21,219.0,6.6595558851598815,1,368.392
Cn1cc(/C=C2\Oc3ccc(NC(=O)Nc4ccc(N5CCOCC5)nc4)cc3C2=O)c2c(N3CC4CCC(C3)O4)ccnc21,2220.0,5.653647025549361,0,607.6710000000003
Cn1cc(/C=C2\Oc3ccc(NC(=O)Nc4ccccc4)cc3C2=O)c2c(N3CC4CCC(C3)O4)ccnc21,498.0,6.302770657240282,1,521.5770000000003
Cn1cc(/C=C2\Oc3ccc(NC(=O)Nc4cccnc4)cc3C2=O)c2c(N3C4CCC3COC4)ccnc21,128.0,6.892790030352131,1,522.5650000000004
Cn1cc(/C=C2\Oc3ccc(NC(=O)Nc4cccnc4)cc3C2=O)c2c(N3CC4CCC(C3)O4)ccnc21,2080.0,5.681936665037238,0,522.5650000000004
Cn1cc(/C=C2\Oc3ccc(NC(=O)Nc4cccnc4)cc3C2=O)c2c(N3CC4CCC3CO4)ccnc21,249.0,6.603800652904264,1,522.5650000000004
Cn1cc(/C=C2\Oc3ccc(NC(=O)Nc4cccnc4)cc3C2=O)c2c(N3CCC(C(=O)N4C5CCC4COC5)CC3)ccnc21,3477.0,5.458795309316741,0,633.7090000000001
Cn1cc(/C=C2\Oc3ccc(NC(=O)Nc4cccnc4)cc3C2=O)c2c(N3CCC(C(=O)N4CC5CCC(C4)O5)CC3)ccnc21,1677.0,5.775466937393914,0,633.7090000000002
Cn1cc(/C=C2\Oc3ccc(NC(=O)Nc4cccnc4)cc3C2=O)c2c(N3CCC(C(=O)N4CCCC4)CC3)ccnc21,909.0,6.041436116778033,1,591.6720000000003
Cn1cc(/C=C2\Oc3ccc(NC(=O)Nc4cccnc4)cc3C2=O)c2c(N3CCC(C(=O)N4CCCCC4)CC3)ccnc21,600.0,6.221848749616356,1,605.6990000000002
Cn1cc(/C=C2\Oc3ccc(NC(=O)Nc4cccnc4)cc3C2=O)c2c(N3CCC(C(=O)N4CCOCC4)CC3)ccnc21,2660.0,5.575118363368933,0,607.6710000000002
Cn1cc(/C=C2\Oc3ccc(NC(=O)Nc4cccnc4)cc3C2=O)c2c(N3CCC(C(=O)NCc4cccnc4)CC3)ccnc21,4040.0,5.393618634889395,0,628.6930000000001
Cn1cc(/C=C2\Oc3ccc(NC(=O)Nc4cccnc4)cc3C2=O)c2c(N3CCOCC3)ccnc21,275.0,6.560667306169737,1,496.5270000000004
Cn1cc(/C=C2\Oc3cccc(O)c3C2=O)c2c(-c3ccc(C(=O)N4CC5CCC(C4)O5)cc3)ccnc21,57.0,7.2441251443275085,1,507.5460000000003
Cn1cc(/C=C2\Oc3cccc(O)c3C2=O)c2c(-c3ccc(C(=O)N4CCN(CCO)CC4)cc3)ccnc21,100.0,7.0,1,524.5770000000002
Cn1cc(/C=C2\Oc3cccc(O)c3C2=O)c2c(-c3ccc(C(=O)N4CCOCC4)cc3)ccnc21,49.0,7.309803919971486,1,481.50800000000027
Cn1cc(/C=C2\Oc3cccc(O)c3C2=O)c2c(-c3ccccc3)ccnc21,89.0,7.050609993355087,1,368.392
Cn1cc(/C=C2\Oc3cccc(O)c3C2=O)c2c(N3C4CCC3COC4)ccnc21,19.0,7.721246399047171,1,403.4380000000002
Cn1cc(/C=C2\Oc3cccc(O)c3C2=O)c2c(N3CC4CCC(C3)O4)ccnc21,104.0,6.982966660701219,1,403.4380000000002
Cn1cc(/C=C2\Oc3cccc(O)c3C2=O)c2c(N3CCC(C(=O)N4CC5CCC(C4)O5)CC3)ccnc21,52.0,7.2839966563652006,1,514.5820000000004
Cn1cc(/C=C2\Oc3cccc(O)c3C2=O)c2c(N3CCC(C(=O)N4CCN(CCO)CC4)CC3)ccnc21,25.0,7.6020599913279625,1,531.6130000000004
Cn1cc(/C=C2\Oc3cccc(O)c3C2=O)c2c(N3CCC(C(=O)N4CCOCC4)CC3)ccnc21,63.0,7.200659450546418,1,488.54400000000044
Cn1cc(/C=C2\Oc3cccc(O)c3C2=O)c2c(N3CCC(C(N)=O)CC3)ccnc21,29.0,7.5376020021010435,1,418.45300000000026
Cn1cc(/C=C2\Oc3cccc(O)c3C2=O)c2c(N3CCC(CN)CC3)ccnc21,155.0,6.809668301829708,1,404.47000000000025
Cn1cc(/C=C2\Oc3cccc(O)c3C2=O)c2c(N3CCC(N)CC3)ccnc21,119.0,6.924453038607469,1,390.4430000000002
Cn1cc(/C=C2\Oc3cccc(O)c3C2=O)c2c(N3CCOCC3)ccnc21,53.0,7.275724130399211,1,377.4000000000002
Cn1cc(C#Cc2cccc3cc(CNC(=O)c4c(N)nn5cccnc45)n(-c4ccccc4)c(=O)c23)cn1,2000.0,5.698970004336019,0,514.5490000000001
Cn1cc(CN2CCCC2)c2nc(-c3cccc(CO)c3)nc(N3CCOCC3)c21,4207.0,5.376027487983004,0,407.51800000000026
Cn1cc(CNCC2CCN(c3ncc(C(=O)NO)cn3)CC2)c2ccccc21,19.0,7.721246399047171,1,394.47900000000016
Cn1ccc(-c2ccc3nc(N)sc3c2)cc1=O,2511.89,5.59999938302362,0,257.318
Cn1ccc(-c2ccc3nc(N)sc3c2)n1,6309.57,5.200000237109354,0,230.296
Cn1ccc(N2CCc3c(-c4cccc(O)c4)nc(N4CCOCC4)nc32)n1,230.0,6.638272163982407,1,378.43600000000026
Cn1ccc(NC(=O)Nc2ccc(-c3nc(-c4ccc(CN5CCN(S(C)(=O)=O)CC5)s4)nc(N4CCOCC4)n3)cc2)n1,299.1,6.5241835869686815,1,638.78
Cn1ccc2cc(-c3nc(CS(C)(=O)=O)cc(N4CCOCC4)n3)ccc21,24000.0,4.619788758288394,0,386.4770000000002
Cn1ccc2cc(-c3nn(C4CCCC4)c4ncnc(N)c34)ccc21,831.0,6.080398976215889,1,332.41100000000006
Cn1ccc2cccc(-c3nc(N4CCOCC4)c4cnn(C5CCN(Cc6ccccc6)CC5)c4n3)c21,5190.0,5.284832642151542,0,507.6420000000003
Cn1ccc2nc(-c3cccc(CO)c3)nc(N3CCOCC3)c21,1996.0,5.699839463048647,0,324.3840000000002
Cn1ccnc1-c1ccc2c(c1)N(c1nc3c(s1)C(=O)NC(C)(C)C3)CCO2,2900.0,5.5376020021010435,0,395.4880000000002
Cn1cnc(C(=O)N2CC[C@H](Oc3ccc4c(c3)N(c3cnc(S(C)(=O)=O)c(C(F)F)c3)CCO4)C2)c1,54.0,7.267606240177032,1,533.5570000000002
Cn1cnc2c(N3CCC[C@H]3c3nc4cccc(Cl)c4c(=O)n3-c3ccccc3)nc(N)nc21,3700.0,5.431798275933005,0,472.9400000000002
Cn1nc(-c2cc3ccccc3s2)c2c(N)ncnc21,1300.0,5.886056647693163,0,281.344
Cn1nc(-c2ccc(Br)c(O)c2)c2c(N)ncnc21,70.0,7.154901959985743,1,320.15000000000003
Cn1nc(-c2ccc(OCc3ccccc3)cc2)c2c(N)ncnc21,10000.0,5.0,0,331.3790000000001
Cn1nc(-c2ccc3cc[nH]c3c2)c2c(N)ncnc21,1800.0,5.7447274948966935,0,264.29200000000003
Cn1nc(-c2ccc3ccccc3c2)c2c(N)ncnc21,1100.0,5.958607314841775,0,275.315
Cn1nc(-c2ccc3ncccc3c2)c2c(N)ncnc21,35.0,7.455931955649724,1,276.303
Cn1nc(-c2ccc3occc(=O)c3c2)c2c(N)ncnc21,6800.0,5.167491087293763,0,293.286
Cn1nc(-c2cccc(-c3ccccc3)c2)c2c(N)ncnc21,100000.0,4.0,0,301.353
Cn1nc(-c2cnc3[nH]ccc3c2)c2c(N)ncnc21,91.0,7.040958607678906,1,265.28000000000003
Cn1nc(C2CCN(C(=O)C(C)(C)O)CC2)nc1-c1cnc(N)c(-c2nnc(C(C)(C)C)o2)n1,37.0,7.431798275933005,1,469.55000000000024
Cn1nc(C2CCN(C(=O)CC(=O)O)CC2)nc1-c1cnc(N)c(-c2nnc(C(C)(C)C)o2)n1,24.0,7.619788758288394,1,469.50600000000026
Cn1nc(C2CCN(C(=O)CCO)CC2)nc1-c1cnc(N)c(-c2nnc(C(C)(C)C)o2)n1,23.0,7.638272163982407,1,455.5230000000002
Cn1ncc2c(-c3ccc(S(C)(=O)=O)cc3)nc(-c3cccc4[nH]ncc34)nc21,4.9,8.309803919971486,1,404.4550000000001
Cn1ncc2c(NCC(C)(C)CO)nc(-c3cccc4[nH]ncc34)nc21,1.1,8.958607314841775,1,351.41400000000004
Cn1ncc2c(NCCCS(C)(=O)=O)nc(-c3cccc4n[nH]cc34)nc21,1.4,8.853871964321762,1,385.4530000000001
Cn1ncc2c(Nc3ccc(S(C)(=O)=O)cc3)nc(-c3cccc4[nH]ncc34)nc21,1.4,8.853871964321762,1,419.47000000000014
Cn1ncc2c(Oc3ccc(S(C)(=O)=O)cc3)cc(-c3cccc4[nH]ncc34)nc21,66.93333333333334,7.17435754624668,1,419.4660000000001
Cn1ncc2c(Oc3ccc(S(C)(=O)=O)cc3)nc(-c3cccc4[nH]ncc34)nc21,3.0,8.522878745280337,1,420.4540000000001
Cn1ncc2cc(-c3cc(OC4CN(C(=O)C5CC5)C4)cc4c3CNC4=O)cnc21,2792.0,5.554084586048877,0,403.4420000000002
Cn1nccc1-c1ccc(C(=O)N[C@@H]2CNCC[C@H]2c2ccc(F)c(F)c2)c(F)c1,10000.0,5.0,0,414.43100000000004
Cn1nccc1-c1ccc2nc(N)sc2c1,12589.25,4.900000142057633,0,230.296
Cn1nccc1-n1c([C@@H]2CSCN2c2ncnc(N)c2C#N)nc2cccc(Cl)c2c1=O,10000.0,5.0,0,465.9300000000002
Cn1nccc1-n1c([C@@H]2CSCN2c2ncnc3[nH]cnc23)nc2cccc(Cl)c2c1=O,9100.0,5.040958607678906,0,465.9300000000002
Cn1nccc1NC(=O)Nc1ccc(-c2nc(-c3ccc(CN4CCN(S(C)(=O)=O)CC4)s3)nc(N3CCOCC3)n2)cc1,1331.02,5.87581541873691,0,638.78
Cn1nnc2c(N3CCOCC3)nc(-c3ccc(NC(=O)Nc4cccnc4)cc3)nc21,10.5,7.978810700930062,1,431.4600000000001
Cn1nnc2c(N3CCOCC3)nc(-c3ccc(NC(=O)Nc4cccs4)cc3)nc21,6.5,8.187086643357144,1,436.5010000000001
FC(F)(F)COc1ccc(-c2nnc(Nc3ccccc3)s2)cc1,19400.0,4.7121982700697735,0,351.35300000000007
FC(F)(F)c1cc(C#Cc2n[nH]c3ccccc23)cc(C(F)(F)F)c1,100000.0,4.0,0,354.25300000000004
FC(F)(F)c1ccc(-c2ccc3nccc(NC4CCNCC4)c3n2)cn1,3600.0,5.443697499232712,0,373.38200000000023
FC(F)(F)c1ccc(-c2ccc3nccc(N[C@@H]4CCNC4)c3n2)cn1,8900.0,5.050609993355087,0,359.3550000000002
FC(F)(F)c1ccc(CNc2nc3cc(-c4nc(N5CCOCC5)nc(N5CCOCC5)n4)ccc3o2)cc1,300.0,6.522878745280337,1,541.5340000000004
FC(F)(F)c1nnc2n1[C@H]1CCN(Cc3cc4nc(-c5cccc6[nH]ccc56)nc(N5CCOCC5)c4s3)C[C@@H]1CC2,501.19,6.299997602857746,1,594.6670000000001
FC(F)(F)c1nnc2n1[C@H]1CCN(Cc3cc4nc(-c5cccc6[nH]ccc56)nc(N5CCOCC5)c4s3)C[C@H]1CC2,1584.89,5.800000874803203,0,594.6670000000001
FC(F)(F)c1nnc2n1[C@H]1CCN(Cc3cc4nc(-c5cccc6[nH]ncc56)nc(N5CCOCC5)c4s3)C[C@@H]1CC2,158.49,6.799998134593398,1,595.6550000000001
FC(F)(F)c1nnc2n1[C@H]1CCN(Cc3cc4nc(-c5cccc6[nH]ncc56)nc(N5CCOCC5)c4s3)C[C@H]1CC2,316.23,6.499996931948306,1,595.6550000000001
FC(F)(F)c1nncn1C1CCN(Cc2cc3nc(-c4cccc5[nH]ccc45)nc(N4CCOCC4)c3s2)CC1,3981.07,5.40000018605658,0,568.6290000000001
FC(F)(F)c1nncn1C1CCN(Cc2cc3nc(-c4cccc5[nH]ncc45)nc(N4CCOCC4)c3s2)CC1,316.23,6.499996931948306,1,569.6170000000002
FC(F)Oc1cccc2c1nc(C(F)F)n2-c1nc(N2CCOCC2)nc(N2CCOCC2)n1,172.24,6.763865983184569,1,483.4260000000004
FC(F)c1nc2ccccc2n1-c1nc(N2CCNCC2)nc(N2CCOCC2)n1,180.0,6.7447274948966935,1,416.43600000000026
FC(F)c1nc2ccccc2n1-c1nc(N2CCOCC2)nc(N2CCOCC2)n1,19.203846153846154,7.7166117819157085,1,417.4200000000003
Fc1cc(F)cc(C#Cc2n[nH]c3ccccc23)c1,100000.0,4.0,0,254.23900000000003
Fc1ccc(-n2ncnc2-c2cc3c(s2)-c2ccccc2OCC3)c(F)c1,55.6,7.2549252084179425,1,381.40700000000015
Fc1ccc2c(c1)nc1n2CCOc2ccc(Br)cc2-1,181.0,6.7423214251308154,1,333.16
Fc1ccc2c(c1)nc1n2CCOc2ccc(Cl)cc2-1,283.0,6.548213564475709,1,288.709
Fc1cccc(-c2cc(Nc3ccc4[nH]ncc4c3)nc(N3CCOCC3)n2)c1,9500.0,5.022276394711152,0,390.42200000000025
Fc1cccc(Cn2cc(/C=N/Nc3nc(N4CCOCC4)c4sccc4n3)c3ccccc32)c1,2350.0,5.628932137728264,0,486.57600000000025
N#CCCCCn1nc(-c2ccc(F)c(O)c2)c2c(N)ncnc21,394.0,6.404503778174426,1,326.3350000000001
N#CCCCn1nc(-c2ccc(F)c(O)c2)c2c(N)ncnc21,693.0,6.159266765388193,1,312.30800000000005
N#CCCN1CCN(Cc2cnc3oc4c(N5CCOCC5)nc(-c5cccc6[nH]ccc56)nc4c3c2)CC1,597.0,6.224025668870631,1,522.6130000000003
N#CCNc1ncnc(-n2c(Nc3cccc(O)c3)nc3ccccc32)n1,320.0,6.494850021680094,1,358.36500000000007
N#CCc1ccc(-n2cc(-c3cccc4c(=O)cc(N5CCOCC5)[nH]c34)nn2)cc1,100.0,7.0,1,412.4530000000002
N#CCc1ccc(-n2cnc3cnc4ccc(C#Cc5cccnc5)cc4c32)cc1,64.0,7.1938200260161125,1,385.43000000000006
N#CCc1ccc(Nc2ncnc3ccc(-c4ccc5[nH]ccc5c4)cc23)cc1,201.0,6.696803942579511,1,375.43500000000006
N#CCc1ccc(Nc2ncnc3ccc(-c4ccc5c(c4)OCCO5)cc23)cc1,342.0,6.465973893943865,1,394.4340000000002
N#CCc1ccc(Nc2ncnc3ccc(-c4ccc5c(c4)OCO5)cc23)cc1,321.0,6.493494967595128,1,380.40700000000015
N#CCc1ccc(Nc2ncnc3ccc(-c4cccc(O)c4)cc23)cc1,115.0,6.939302159646388,1,352.39700000000005
N#CCc1ccc(Nc2ncnc3ccc(-c4cccc([N+](=O)[O-])c4)cc23)cc1,451.0,6.345823458122039,1,381.3950000000001
N#CCc1ccc(Nc2ncnc3ccc(-c4ccccc4)cc23)cc1,475.0,6.323306390375134,1,336.398
N#CCc1ccc(Nc2ncnc3ccc(-c4ccncc4)cc23)cc1,704.0,6.152427340857888,1,337.386
N#CCc1ccc(Nc2ncnc3ccc(-c4cncc5ccccc45)cc23)cc1,150.0,6.823908740944319,1,387.4460000000001
N#Cc1c(-c2ccc(Cl)cc2)nc(N/N=C/c2cccc(Cl)c2)nc1N1CCOCC1,170.0,6.769551078621726,1,453.33300000000025
N#Cc1c(-c2ccc(Cl)cc2)nc(N/N=C/c2cccc(O)c2)nc1N1CCOCC1,1270.0,5.896196279044043,0,434.8870000000003
N#Cc1c(N)nc(N)nc1N1CC2(CC2)C[C@H]1c1nc2cccc(Cl)c2c(=O)n1Cc1ccc(C(=O)NO)s1,168.9,6.772370350428991,1,564.0310000000003
N#Cc1c(N)ncnc1N1CC(F)(F)C[C@H]1c1nc2cccc(Cl)c2c(=O)n1-c1ccccc1,1000.0,6.0,1,479.87800000000016
N#Cc1c(N)ncnc1N1CC2(CC2)C[C@H]1c1nc2cccc(Cl)c2c(=O)n1-c1ccccc1,1000.0,6.0,1,469.93600000000015
N#Cc1c(N)ncnc1N1CCC[C@H]1c1nc2cc(F)cc(F)c2c(=O)n1-c1ccccc1,10000.0,5.0,0,445.4330000000001
N#Cc1c(N)ncnc1N1CCC[C@H]1c1nc2cccc(C#CCCCC(=O)N3CCOCC3)c2c(=O)n1-c1ccccc1,3110.0,5.507239610973162,0,588.6720000000005
N#Cc1c(N)ncnc1N1CCC[C@H]1c1nc2cccc(C#CCO)c2c(=O)n1-c1ccccc1,620.0,6.2076083105017466,1,463.5010000000002
N#Cc1c(N)ncnc1N1CCC[C@H]1c1nc2cccc(C(F)(F)F)c2c(=O)n1-c1ccccc1,2800.0,5.552841968657781,0,477.4500000000001
N#Cc1c(N)ncnc1N1CCC[C@H]1c1nc2cccc(Cl)c2c(=O)n1-c1ccccc1,393.0,6.405607449624573,1,443.89800000000014
N#Cc1c(N)ncnc1N1CCC[C@H]1c1nc2cccc(Cl)c2c(=O)n1-c1cccnc1,7700.0,5.113509274827518,0,444.88600000000014
N#Cc1c(N)ncnc1N1CCC[C@H]1c1nc2cccc(Cl)c2c(=O)n1C1CCOCC1,4700.0,5.327902142064283,0,451.9180000000003
N#Cc1c(N)ncnc1N1CCC[C@H]1c1nc2cccc(Cl)c2c(=O)n1N1CCOCC1,1600.0,5.795880017344075,0,452.9060000000003
N#Cc1c(N)ncnc1N1CCC[C@H]1c1nc2cccc(F)c2c(=O)n1C1CCCC1,8591.0,5.065956280964475,0,419.4640000000002
N#Cc1c(N)ncnc1N1CCC[C@H]1c1nc2cccc(F)c2c(=O)n1Cc1ccccc1,4941.0,5.306185146110583,0,441.47000000000014
N#Cc1c(N)ncnc1N1CSC[C@H]1c1nc2cccc(Cl)c2c(=O)n1-c1ccccc1,2340.0,5.6307841425898575,0,461.9380000000001
N#Cc1c(N)ncnc1N1CSC[C@H]1c1nc2cccc(Cl)c2c(=O)n1-c1cccs1,10000.0,5.0,0,467.9670000000001
N#Cc1c(N)ncnc1N1[C@H](c2nc3cccc(Cl)c3c(=O)n2-c2cc(F)cc(F)c2)C[C@@H]2CCCC[C@@H]21,1000.0,6.0,1,533.9700000000003
N#Cc1c(N)ncnc1N1[C@H](c2nc3cccc(Cl)c3c(=O)n2-c2ccccc2)C[C@@H]2CCCC[C@@H]21,1000.0,6.0,1,497.99000000000035
N#Cc1c(N)ncnc1N1[C@H](c2nc3cccc(F)c3c(=O)n2-c2cc(F)cc(F)c2)C[C@@H]2CCCC[C@@H]21,1000.0,6.0,1,517.5150000000004
N#Cc1c(N2CCOCC2)sc(-c2nc[nH]n2)c1-c1ccc(Cl)cc1,73.0,7.136677139879544,1,371.85300000000007
N#Cc1c(N2CCOCC2)sc(-c2ncn[nH]2)c1-c1ccc(Cl)cc1Cl,35.0,7.455931955649724,1,406.2980000000001
N#Cc1c(N2CCOCC2)sc(C(N)=O)c1-c1ccc(Cl)cc1,760.0,6.119186407719209,1,347.827
N#Cc1cc(-c2ccncc2)cnc1O,25000.0,4.6020599913279625,0,197.197
N#Cc1cc(N)ncc1-c1cc(N2CCOCC2)nc(N2CCOCC2)n1,68.0,7.167491087293763,1,367.4130000000002
N#Cc1cc(N)ncc1-c1cc(Nc2cnc3ccccc3c2)nc(N2CCOCC2)n1,4.1,8.387216143280265,1,424.4680000000003
N#Cc1cc(N2CCc3ncnc(O[C@H]4CCN(C(=O)C5CCOCC5)C4)c3C2)cnc1N,987.0,6.005682847330363,1,449.5150000000004
N#Cc1cc(NC(=O)Cc2nnc(-c3ccc4ncccc4c3)o2)ccc1F,200000.0,3.6989700043360187,0,373.3470000000001
N#Cc1cc(S(=O)(=O)c2nc(-c3cnn4ccc(Br)cc34)cs2)ccc1F,170.0,6.769551078621726,1,463.3130000000001
N#Cc1cc(S(=O)(=O)c2nc(-c3cnn4ccc(Br)cc34)cs2)ccc1NCCN1CCOCC1,2130.0,5.671620396561262,0,573.4979999999999
N#Cc1ccc(-c2c(-c3ncn[nH]3)sc(N3CCOCC3)c2C#N)c(F)c1,79.0,7.102372908709558,1,380.4080000000002
N#Cc1ccc(-c2csc3c(=O)cc(N4CCOCC4)oc23)cc1,4598.0,5.33743103306674,0,338.3880000000001
N#Cc1ccc(C#Cc2n[nH]c3ccccc23)cc1,100000.0,4.0,0,243.269
N#Cc1ccc(C(c2c(O)ccc3ccccc23)N2CCCC2=O)cc1,25000.0,4.6020599913279625,0,342.3980000000002
N#Cc1ccc(CNc2nc3cc(-c4nc(N5CCOCC5)nc(N5CCOCC5)n4)ccc3o2)cc1,86.0,7.0655015487564325,1,498.54700000000037
N#Cc1ccc(F)c(S(=O)(=O)c2nc(-c3cnn4ccc(Br)cc34)cs2)c1,720.0,6.142667503568732,1,463.31300000000005
N#Cc1ccc(F)c([S+]([O-])c2nc(-c3cnn4ccc(Br)cc34)cs2)c1,300.0,6.522878745280337,1,447.3140000000001
N#Cc1ccc(NC(=O)Nc2ccc(-c3nc(N4CCOCC4)nc(N4C5CCC4COC5)n3)cc2)cc1,86.0,7.0655015487564325,1,512.5740000000004
N#Cc1ccc(O)c(-c2ccc(/C=C3\SC(=O)NC3=O)o2)c1,220.0,6.657577319177793,1,312.30600000000004
N#Cc1ccc(OCc2cccn3c(=O)cc(N4CCOCC4)nc23)cc1,10000.0,5.0,0,362.3890000000002
N#Cc1ccc(S(=O)(=O)c2cc(-c3cnc(N)cc3C(F)(F)F)cc(N3CCOCC3)c2)cc1,3900.0,5.4089353929735005,0,488.4910000000002
N#Cc1ccc(S(=O)(=O)c2cc(-c3cnc(N)nc3)cc(N3CCOCC3)c2)cc1,460.0,6.337242168318426,1,421.4820000000002
N#Cc1ccc(S(=O)(=O)c2cc(-c3cnc(N)nc3C(F)(F)F)cc(N3CCOCC3)c2)cc1,1900.0,5.721246399047171,0,489.4790000000002
N#Cc1cccc(-c2c[nH]c3ncc(-c4cnc(N)c(NS(=O)(=O)N5CCOCC5)c4)cc23)c1,130.0,6.886056647693163,1,475.5340000000003
N#Cc1cccc(-c2c[nH]c3ncc(-c4cncc(NS(=O)(=O)c5ccc(F)cc5F)c4)cc23)c1,27.0,7.568636235841013,1,487.4910000000001
N#Cc1cccc(-c2c[nH]c3ncc(-c4cncc(NS(=O)(=O)c5ccccc5)c4)cc23)c1,31.0,7.508638306165727,1,451.5110000000001
N#Cc1cccc(-c2cc(Nc3ccc4[nH]ncc4c3)nc(N3CCOCC3)n2)c1,14000.0,4.853871964321762,0,397.44200000000023
N#Cc1cccc(-c2cnc3ccc(-c4cncc(NS(=O)(=O)c5ccccc5)c4)cn23)c1,12.0,7.920818753952375,1,451.5110000000001
N#Cc1cccc(-c2nc(N3CCOCC3)c3nc[nH]c3n2)c1,2915.0,5.535361440904967,0,306.32899999999995
N#Cc1cccc(CS(=O)(=O)c2cc(-c3cnc(N)nc3)cc(N3CCOCC3)c2)c1,380.0,6.42021640338319,1,435.50900000000024
N#Cc1cccc(Cn2cc(/C=N/Nc3nc(N4CCOCC4)nc(N4CCOCC4)n3)c3ccccc32)c1,1530.0,5.815308569182402,0,523.6010000000005
N#Cc1cccc(S(=O)(=O)c2cc(-c3cnc(N)nc3)cc(N3CCOCC3)c2)c1,910.0,6.040958607678906,1,421.48200000000026
N#Cc1cnc(N)nc1N1CCC[C@H]1c1nc2cccc(C(F)(F)F)c2c(=O)n1-c1ccccc1,3100.0,5.508638306165727,0,477.4500000000001
N#Cc1cnc2ccc(-c3ccc4oc(N)nc4c3)cc2c1,1000.0,6.0,1,286.294
N#Cc1cnc2ccc(-c3ccc4oc(N)nc4c3)cc2c1-c1ccncc1,100.0,7.0,1,363.38000000000005
N#Cc1cnc2ccc(-c3cnc(N)c(S(=O)(=O)N4CCOCC4)c3)cn12,47.0,7.327902142064283,1,384.4210000000002
N#Cc1cnc2ccc(-c3cncc(NS(=O)(=O)c4ccc(F)cc4F)c3)cn12,10.0,8.0,1,411.3930000000001
N#Cc1cnc2ccc(-c3cncc(NS(=O)(=O)c4ccccc4)c3)cn12,11.0,7.958607314841775,1,375.41300000000007
N#Cc1cncc(N2CCOc3ccc(O[C@H]4CCN(C(=O)C5CCOCC5)C4)cc32)c1,1915.0,5.717831221695358,0,434.49600000000027
N#Cc1nc(NCc2ccccc2)cc(N2CCOCC2)n1,41400.0,4.382999658879101,0,295.34600000000006
N#Cc1ncccc1Nc1ccc2c(N3CCOCC3)nc(-c3cccc(O)c3)nc2c1,2170.0,5.663540266151471,0,424.4640000000001
N#Cc1ncccc1Nc1ccc2c(N3CCOCC3)nc(-c3cnc(N)nc3)nc2c1,4.2,8.3767507096021,1,425.45600000000013
N=C(N)NCCCC(NC(=O)CCC(=O)OC[N+]1(c2cc(=O)c3cccc(-c4ccccc4)c3o2)CCOCC1)C(=O)NCC(=O)NC(CC(=O)O)C(=O)NC(CO)C(=O)[O-],356.0,6.448550002027125,1,852.855
N=C1/C(=C\c2ccc(O)c(O)c2)C(=O)N=C2SC(c3ccc(O)cc3)=NN12,300.0,6.522878745280337,1,380.3850000000001
N=C1/C(=C\c2coc3ccccc3c2=O)C(=O)N=C2SC(c3ccc(O)cc3)=NN12,10200.0,4.991399828238082,0,416.41800000000006
NC(=O)C(NC(=O)c1cnc2ccc(-c3ccc4oc(N)nc4c3)cn12)c1ccccc1,19.3,7.714442690992226,1,426.4360000000001
NC(=O)C1(N)CCN(C(=O)c2ccc3nc(Nc4ccc(-c5nc(N6CCOCC6)nc(N6CCOCC6)n5)cc4)[nH]c3c2)CC1,32500.0,4.488116639021126,0,627.7100000000003
NC(=O)C1CCCCN1C(=O)c1ccc(NC(=O)Nc2ccc(-c3cc(N4CCOCC4)nc(N4CCOCC4)n3)cc2)cc1,16.5,7.782516055786093,1,614.7070000000002
NC(=O)C1CCCCN1C(=O)c1ccc(NC(=O)Nc2ccc(-c3nc(N4CCOCC4)nc(N4CCOCC4)n3)cc2)cc1,1.6,8.795880017344075,1,615.6950000000003
NC(=O)C1CCCCN1C(=O)c1ccc2nc(Nc3ccc(-c4nc(N5CCOCC5)nc(N5CCOCC5)n4)cc3)[nH]c2c1,78200.0,4.106793246940152,0,612.6950000000003
NC(=O)C1CCCN(C(=O)c2ccc(NC(=O)Nc3ccc(-c4nc(N5CCOCC5)nc(N5CCOCC5)n4)cc3)cc2)C1,1.6,8.795880017344075,1,615.6950000000003
NC(=O)C1CCCN(C(=O)c2ccc3nc(Nc4ccc(-c5nc(N6CCOCC6)nc(N6CCOCC6)n5)cc4)[nH]c3c2)C1,31300.0,4.504455662453552,0,612.6950000000003
NC(=O)C1CCCN1C(=O)c1ccc(NC(=O)Nc2ccc(-c3nc(N4CCOCC4)nc(N4CCOCC4)n3)cc2)cc1,0.6,9.221848749616356,1,601.6680000000003
NC(=O)C1CCN(C(=O)c2ccc(NC(=O)Nc3ccc(-c4nc(N5CCOCC5)nc(N5CCOCC5)n4)cc3)cc2)CC1,0.7,9.154901959985743,1,615.6950000000003
NC(=O)C1CCN(C(=O)c2ccc3nc(Nc4ccc(-c5nc(N6CCOCC6)nc(N6CCOCC6)n5)cc4)[nH]c3c2)CC1,14600.0,4.835647144215563,0,612.6950000000004
NC(=O)CNC(=O)C1CCN(c2nc(N3CCOCC3)nc(-n3c(C(F)F)nc4ccccc43)n2)CC1,98.0,7.008773924307505,1,515.5250000000001
NC(=O)CNC(=O)[C@@H]1CCCN(c2nc(N3CCOCC3)nc(-n3c(C(F)F)nc4ccccc43)n2)C1,83.0,7.080921907623926,1,515.5250000000001
NC(=O)CNC(=O)[C@H]1CCCN(c2nc(N3CCOCC3)nc(-n3c(C(F)F)nc4ccccc43)n2)C1,32.0,7.494850021680094,1,515.5250000000001
NC(=O)CNC(=O)c1cc(Nc2ccccc2)cc(-c2ccnc(NC(=O)C3CC3)c2)c1,20000.0,4.698970004336019,0,429.4800000000002
NC(=O)CNc1cnc2cc(-c3ccc4oc(N)nc4c3)ccc2n1,476.0,6.3223930472795065,1,334.33900000000006
NC(=O)CNc1cnc2ccc(-c3ccc4oc(N)nc4c3)cc2n1,3.8,8.42021640338319,1,334.33900000000006
NC(=O)CNc1nc(-c2cccc(O)c2)nc(N2CCOCC2)n1,740.0,6.130768280269024,1,330.3480000000002
NC(=O)CNc1ncnc2ccc(-c3ccc4oc(N)nc4c3)cc12,25.5,7.5934598195660445,1,334.33900000000006
NC(=O)COc1cc(-c2cccc3c(=O)cc(N4CCOCC4)oc23)ccc1NC(=O)CN1CCOCC1,1100.0,5.958607314841775,0,522.5580000000004
NC(=O)Cn1nc(-c2ccc3ccccc3c2)c2c(N)ncnc21,9300.0,5.031517051446065,0,318.34000000000003
NC(=O)N1CC(S(=O)(=O)c2cc(-c3cnc(N)nc3)cc(N3CCOCC3)c2)C1,62.0,7.2076083105017466,1,418.47900000000027
NC(=O)Nc1ccc(-c2nc(N3CCOCC3)c3cnn(C4CCN(Cc5ccccc5)CC4)c3n2)cc1,83.0,7.080921907623926,1,512.6180000000003
NC(=O)[C@@H](NC(=O)c1cnc2ccc(-c3ccc4oc(N)nc4c3)cn12)c1ccccc1,14.0,7.853871964321762,1,426.4360000000001
NC(=O)[C@@H]1CC(O)CN1C(=O)c1ccc(NC(=O)Nc2ccc(-c3nc(N4CCOCC4)nc(N4CCOCC4)n3)cc2)cc1,5.5,8.259637310505756,1,617.6670000000003
NC(=O)[C@@H]1CCCN1C(=O)C1CN(c2cnc3ccc(-c4ccc5oc(N)nc5c4)cc3n2)C1,100.0,7.0,1,457.49400000000026
NC(=O)[C@@H]1CCCN1C(=O)Nc1ccc(-c2nccc(N3CCOCC3)n2)cc1,1000.0,6.0,1,396.45100000000025
NC(=O)[C@@H]1CCCN1C(=O)Nc1nc2c(s1)-c1nc(CC3CC3)sc1CC2,130.0,6.886056647693163,1,403.5330000000003
NC(=O)[C@@H]1CCCN1C(=O)Nc1nc2ccc(-c3cnc(N)c(C(F)(F)F)c3)cc2s1,40.0,7.3979400086720375,1,450.44600000000014
NC(=O)[C@@H]1CCCN1C(=O)c1ccc(NC(=O)Nc2ccc(-c3cc(N4CCOCC4)nc(N4CCOCC4)n3)cc2)cc1,13.8,7.860120913598763,1,600.6800000000003
NC(=O)[C@@H]1CCCN1C(=O)c1ccc(NC(=O)Nc2ccc(-c3cc(N4CCOCC4)ncn3)cc2)cc1,1000.0,6.0,1,515.5740000000004
NC(=O)[C@@H]1CCCN1C(=O)c1ccc(NC(=O)Nc2ccc(-c3nc(N4CCOCC4)nc(N4CCOCC4)n3)cc2)cc1,0.7,9.154901959985743,1,601.6680000000003
NC(=O)[C@@H]1CCCN1C(=O)c1ccc(NC(=O)Nc2ccc(-c3nc(N4CCOCC4)nc(N4C[C@@H]5OCCO[C@H]5C4)n3)cc2)cc1,4.3,8.366531544420413,1,643.7050000000003
NC(=O)[C@@H]1CCCN1C(=O)c1ccc2nc(Nc3ccc(-c4nc(N5CCOCC5)nc(N5CCOCC5)n4)cc3)[nH]c2c1,14000.0,4.853871964321762,0,598.6680000000003
NC(=O)[C@@H]1CCCN1C(=O)c1cnc(Nc2ccc(-c3nc(N4CCOCC4)nc(N4CCOCC4)n3)cc2)nc1,680.0,6.167491087293763,1,560.6190000000005
NC(=O)[C@@H]1CCCN1C(=O)c1cnc2ccc(-c3ccc4oc(N)nc4c3)cn12,509.05,6.293239558218002,1,390.40300000000013
NC(=O)[C@@H]1CCCN1c1cnc2ccc(-c3ccc4oc(N)nc4c3)cc2n1,100.0,7.0,1,374.40400000000017
NC(=O)[C@@H]1C[C@@H]2C[C@@H]2N1C(=O)c1ccc(NC(=O)Nc2ccc(-c3nc(N4CCOCC4)nc(N4CCOCC4)n3)cc2)cc1,1.9,8.721246399047171,1,613.6790000000002
NC(=O)[C@H](CO)NC(=O)C1CCN(c2nc(N3CCOCC3)nc(-n3c(C(F)F)nc4ccccc43)n2)CC1,67.0,7.173925197299173,1,545.551
NC(=O)[C@H](Cc1ccc(O)cc1)NC(=O)c1cnc2ccc(-c3ccc4oc(N)nc4c3)cn12,3516.0,5.453951133598266,0,456.4620000000002
NC(=O)[C@H](Cc1ccccc1)NC(=O)C1CCN(c2nc(N3CCOCC3)nc(-n3c(C(F)F)nc4ccccc43)n2)CC1,190.0,6.721246399047171,1,605.6500000000001
NC(=O)[C@H](Cc1ccccc1)NC(=O)[C@@H]1CCCN(c2nc(N3CCOCC3)nc(-n3c(C(F)F)nc4ccccc43)n2)C1,908.0,6.041914151478915,1,605.6500000000001
NC(=O)[C@H](Cc1ccccc1)NC(=O)[C@H]1CCCN(c2nc(N3CCOCC3)nc(-n3c(C(F)F)nc4ccccc43)n2)C1,358.0,6.446116973356125,1,605.6500000000001
NC(=O)[C@H](Cc1ccccc1)NC(=O)c1cnc2ccc(-c3ccc4oc(N)nc4c3)cn12,11.2,7.950781977329818,1,440.4630000000002
NC(=O)[C@H](NC(=O)c1cnc2ccc(-c3ccc4oc(N)nc4c3)cn12)c1ccccc1,23.1,7.636388020107856,1,426.4360000000001
NC(=O)[C@H]1CCCN1C(=O)C1CN(c2cnc3ccc(-c4ccc5oc(N)nc5c4)cc3n2)C1,100.0,7.0,1,457.49400000000026
NC(=O)[C@H]1CCCN1C(=O)c1ccc(NC(=O)Nc2ccc(-c3cc(N4CCOCC4)nc(N4CCOCC4)n3)cc2)cc1,5.7,8.244125144327509,1,600.6800000000003
NC(=O)[C@H]1CCCN1C(=O)c1ccc(NC(=O)Nc2ccc(-c3nc(N4CCOCC4)nc(N4CCOCC4)n3)cc2)cc1,0.6,9.221848749616356,1,601.6680000000003
NC(=O)[C@H]1CCCN1C(=O)c1ccc2nc(Nc3ccc(-c4nc(N5CCOCC5)nc(N5CCOCC5)n4)cc3)[nH]c2c1,7300.0,5.136677139879544,0,598.6680000000003
NC(=O)[C@H]1CCCN1C(=O)c1cnc2ccc(-c3ccc4oc(N)nc4c3)cn12,1000.0,6.0,1,390.40300000000013
NC(=O)[C@H]1CCCN1c1cnc2ccc(-c3ccc4oc(N)nc4c3)cc2n1,100.0,7.0,1,374.40400000000017
NC(=O)c1ccc(-c2cccc3c(=O)nc(N4CCOCC4)oc23)cc1,10000.0,5.0,0,351.3620000000001
NC(=O)c1ccc(-c2cnc3[nH]c(=O)n(CC4CCCCC4)c3n2)cc1,30000.0,4.522878745280337,0,351.41000000000014
NC(=O)c1ccc(-c2nc(N3CCOCC3)c3nc[nH]c3n2)cc1,6700.0,5.173925197299174,0,324.34399999999994
NC(=O)c1ccc(CNc2nc3cc(-c4nc(N5CCOCC5)nc(N5CCOCC5)n4)ccc3o2)cc1,47.0,7.327902142064283,1,516.5620000000005
NC(=O)c1ccc2c(c1)OCCc1cc(-c3n[nH]c(=O)n3-c3ccccc3Cl)sc1-2,10.25,7.989276134608227,1,438.896
NC(=O)c1ccc2c(c1)OCCc1cc(-c3n[nH]cc3-c3ccccc3Cl)sc1-2,14.5,7.838631997765025,1,421.90900000000005
NC(=O)c1ccc2c(c1)OCCc1cc(-c3ncnn3-c3ccc(F)cc3F)sc1-2,8.75,8.057991946977687,1,424.432
NC(=O)c1ccc2c(c1)OCCc1cc(-c3ncnn3C3CCC3)sc1-2,285.5,6.544393887418133,1,366.4460000000001
NC(=O)c1ccc2c(c1)OCCc1cc(-c3ncnn3CC(F)(F)F)sc1-2,247.0,6.607303046740334,1,394.378
NC(=O)c1ccc2c(c1)OCCc1cc(-c3ncnn3CCO)sc1-2,507.5,6.294563953414749,1,356.40700000000004
NC(=O)c1ccc2c(c1)OCCc1cc(-c3nncn3-c3ccccc3Cl)sc1-2,30.25,7.519274621011513,1,422.897
NC(=O)c1ccc2c(c1)OCCc1cc(-c3nnnn3-c3ccccc3Cl)sc1-2,21.25,7.67264106561367,1,423.88500000000005
NC(=O)c1ccc2c(c1)OCCc1sc(-c3ncnn3-c3ccc(F)cc3F)nc1-2,3.2,8.494850021680094,1,425.42
NC(=O)c1cccc(-c2nc(N3CCOCC3)nc3c2CCN3c2ccncc2)c1,19000.0,4.721246399047171,0,402.4580000000001
NC(=O)c1cccc(Nc2nc(-c3cccc4[nH]ncc34)nc(N3CCOCC3)n2)c1,80.0,7.096910013008056,1,416.4450000000003
NC(=O)c1cccc(Oc2nc(-c3cccc4[nH]ncc34)nc(N3CCOCC3)n2)c1,270.0,6.568636235841013,1,417.42900000000026
NC(=O)c1cccc2cc(C(=O)N3CCN(Cc4cc5nc(-c6cnc(N)nc6)nc(N6CCOCC6)c5o4)CC3)oc12,0.51,9.292429823902063,1,583.6090000000002
NC(=O)c1cccc2cc(C(=O)N3CCN(Cc4cc5nc(-c6cnc(N)nc6)nc(N6CCOCC6)c5s4)CC3)oc12,0.6,9.221848749616356,1,599.6770000000001
NC(=O)c1cccc2cc(C(=O)N3CCN(c4nc(-c5ccc(N)nc5)nc(N5CCOCC5)n4)CC3)oc12,118.5,6.926281649653878,1,529.5610000000003
NC(=O)c1cccc2cc(C(=O)N3CCN(c4nc(-c5cnc(N)cc5C(F)(F)F)nc(N5CCOCC5)n4)CC3)oc12,39.6,7.402304814074488,1,597.5579999999999
NC(=O)c1cccc2cc(C(=O)N3CCN(c4nc(-c5cnc(N)nc5)nc(N5CCOCC5)n4)CC3)oc12,6.05,8.21824462534753,1,530.5490000000003
NC(=O)c1cccc2cc(C(=O)N3CCN(c4nc(-c5cnc(NC(=O)CN6CCOCC6)cc5C(F)(F)F)nc(N5CCOCC5)n4)CC3)oc12,64.0,7.1938200260161125,1,724.7009999999998
NC(=O)c1cn2cc(-c3cnc(N)nc3)nc(N3CCOCC3)c2n1,1.1,8.958607314841775,1,340.3470000000002
NC(=O)c1cnc2c(c1)OCCc1cc(-c3n[nH]nc3-c3ccc(F)cc3F)sc1-2,250.25,6.601625913848644,1,425.4200000000001
NC(=O)c1sc(N2CCOCC2)nc1CC(=O)N1CCc2c(Br)cccc21,2146.0,5.668370282370067,0,451.34600000000006
NC(=O)c1sc(N2CCOCC2)nc1CC(=O)N1CCc2c(Cl)cccc21,6333.0,5.198390511972681,0,406.89500000000004
NC(=O)c1sc(N2CCOCC2)nc1CC(=O)N1CCc2c(F)cccc21,7230.0,5.140861702705469,0,390.44000000000005
NC(=O)c1sc(N2CCOCC2)nc1CC(=O)N1CCc2cc(Br)ccc21,10000.0,5.0,0,451.34600000000006
NC(=O)c1sc(N2CCOCC2)nc1CC(=O)N1CCc2cc(Cl)ccc21,10000.0,5.0,0,406.89500000000004
NC(=O)c1sc(N2CCOCC2)nc1CC(=O)N1CCc2cc(F)ccc21,6968.0,5.156891858000393,0,390.44000000000005
NC(=O)c1sc(N2CCOCC2)nc1CC(=O)N1CCc2ccccc21,4075.0,5.389872386924004,0,372.45000000000005
NC(=O)c1sc(N2CCOCC2)nc1CC(=O)Nc1ccc(F)c(Cl)c1,8280.0,5.08196966321512,0,398.847
NCC(=O)N1CCN(c2cnc3ccc(-c4ccc5oc(N)nc5c4)cc3n2)CC1,100.0,7.0,1,403.44600000000025
NCC(=O)N1CCN(c2nc(N3CCOCC3)nc(-n3c(C(F)F)nc4ccccc43)n2)CC1,1500.0,5.823908740944319,0,473.4880000000001
NCCC(=O)N1CCN(c2nc(N3CCOCC3)nc(-n3c(C(F)F)nc4ccccc43)n2)CC1,720.0,6.142667503568732,1,487.51500000000016
NCCCC[C@H](N)C(=O)N1CCN(c2nc(N3CCOCC3)nc(-n3c(C(F)F)nc4ccccc43)n2)CC1,2300.0,5.638272163982407,0,544.6110000000001
NCCNc1nc(N2CCOCC2)nc(-n2c(C(F)F)nc3ccccc32)n1,292.0,6.534617148551582,1,390.398
NCCNc1ncc(-c2cc(N3CCOCC3)cc(S(=O)(=O)Cc3ccc(F)cc3)c2)cn1,1200.0,5.920818753952375,0,471.5580000000001
NCCOc1cc(-c2cccc3c(=O)cc(N4CCOCC4)oc23)ccc1NC(=O)CN1CCOCC1,3000.0,5.522878745280337,0,508.5750000000004
NCc1cc(-c2nc3c(N4CCOCC4)nc(N4CCOCC4)nc3[nH]2)ccn1,8140.0,5.089375595110798,0,396.4550000000001
NCc1ccc2c(N3CCOCC3)nc(-c3cnc(N)nc3)nn12,80.0,7.096910013008056,1,326.364
NCc1nc(NCc2ccccc2)cc(N2CCOCC2)n1,83300.0,4.079354998593212,0,299.3780000000001
NOCCOCCOCCOCCC(=O)N1CCN(c2cnc3ccc(-c4cnc(Cl)c(NS(=O)(=O)c5ccc(F)cc5)c4)cc3n2)CC1,4.95,8.30539480106643,1,718.208
NOCCOCCOCCOCCN(CCO)c1nc(N2CCOCC2)nc(-n2c(C(F)F)nc3ccccc32)n1,10.9,7.962573502059376,1,582.6090000000003
NOCCOCCOCCOCCNc1nc(N2CCOCC2)nc(-n2c(C(F)F)nc3ccccc32)n1,89.3,7.049148541111453,1,538.5560000000002
NS(=O)(=O)c1ccc(C(=O)N2CCOc3ccc(-c4ccc5nc[nH]c5c4)cc3C2)cc1,763.0,6.117475462045119,1,448.50400000000013
N[C@@H](Cc1ccc(O)cc1)C(=O)N1CCN(c2nc(N3CCOCC3)nc(-n3c(C(F)F)nc4ccccc43)n2)CC1,3300.0,5.481486060122113,0,579.6120000000001
N[C@@H](Cc1ccccc1)C(=O)N1CCN(c2nc(N3CCOCC3)nc(-n3c(C(F)F)nc4ccccc43)n2)CC1,8266.666666666666,5.082669573893446,0,563.613
N[C@H](Cc1ccccc1)C(=O)N1CCN(c2nc(N3CCOCC3)nc(-n3c(C(F)F)nc4ccccc43)n2)CC1,10000.0,5.0,0,563.613
N[C@H]1CCN(c2ccnc3ccc(-c4ccc(C(F)(F)F)nc4)nc23)C1,5200.0,5.2839966563652006,0,359.3550000000001
N[C@H]1CC[C@@H](C(=O)N2CCN(c3nc(N4CCOCC4)nc(-n4c(C(F)F)nc5ccccc54)n3)CC2)CC1,3896.0,5.409381051793422,0,541.6070000000001
Nc1c(NC(=O)c2ccc(NC(=O)Nc3ccc(-c4nc(N5CCOCC5)nc(N5CCOCC5)n4)cc3)cc2)ccc(F)c1F,14.3,7.844663962534938,1,631.6440000000006
Nc1cc(-c2ccc3ncc(C(=O)N4CCOCC4)n3c2)cnc1Cl,10000.0,5.0,0,357.80100000000004
Nc1cc(-c2nc(N)ns2)cc(S(=O)(=O)c2ccccc2)c1,11200.0,4.950781977329818,0,332.41
Nc1cc(-c2nc(N3CCOCC3)nc(N3CCN(C(=O)c4cc(Cc5n[nH]c(=O)c6ccccc56)ccc4F)CC3)n2)ccc1F,2290.87,5.639999555020352,0,639.6670000000001
Nc1cc(-c2nnc(N)s2)cc(S(=O)(=O)c2ccccc2)c1,2200.0,5.657577319177793,0,332.41
Nc1cc(-n2c(Nc3cccc(O)c3)nc3ccccc32)ncn1,1000.0,6.0,1,318.3400000000001
Nc1cc(C(F)(F)F)c(-c2cc(N3CCN(C(=O)c4cc(Cc5n[nH]c(=O)c6ccccc56)ccc4F)CC3)nc(N3CCOCC3)n2)cn1,323.59,6.490004907986601,1,689.6739999999996
Nc1cc(C(F)(F)F)c(-c2cc(N3CCOCC3)cc(S(=O)(=O)C3CCOC3)c2)cn1,7600.0,5.119186407719209,0,457.4740000000002
Nc1cc(C(F)(F)F)c(-c2cc(N3CCOCC3)cc(S(=O)(=O)Cc3ccccc3)c2)cn1,450.0,6.346787486224656,1,477.50800000000015
Nc1cc(C(F)(F)F)c(-c2cc(N3CCOCC3)cc(S(=O)(=O)[C@@H]3CCOC3)c2)cn1,9100.0,5.040958607678906,0,457.4740000000002
Nc1cc(C(F)(F)F)c(-c2cc(N3CCOCC3)cc(S(=O)(=O)c3ccccc3)c2)cn1,3800.0,5.42021640338319,0,463.4810000000001
Nc1cc(C(F)(F)F)c(-c2cc(N3CCOCC3)nc(N3CCOCC3)n2)cn1,56.93090909090909,7.244651881180318,1,410.4000000000002
Nc1cc(C(F)(F)F)c(-c2cc(Nc3cnc4ccccc4c3)nc(N3CCOCC3)n2)cn1,21.0,7.6777807052660805,1,467.4550000000003
Nc1cc(C(F)(F)F)c(-c2cc(S(=O)(=O)c3ccccc3)cc(N3CCOCC3)n2)cn1,390.0,6.4089353929735005,1,464.4690000000003
Nc1cc(C(F)(F)F)c(-c2nc(N3CCOCC3)c3c(n2)N2CCOC[C@@H]2C3)cn1,98.1,7.008330992620052,1,422.4110000000003
Nc1cc(C(F)(F)F)c(-c2nc(N3CCOCC3)c3c(n2)N2CCOC[C@H]2C3)cn1,390.4,6.408490191005346,1,422.4110000000003
Nc1cc(C(F)(F)F)c(-c2nc(N3CCOCC3)c3ccc(NC(=O)c4ccncc4)cc3n2)cn1,419.0,6.377785977033705,1,495.4650000000002
Nc1cc(C(F)(F)F)c(-c2nc(N3CCOCC3)c3ccc(Nc4ccccn4)cc3n2)cn1,393.0,6.405607449624573,1,467.45500000000015
Nc1cc(C(F)(F)F)c(-c2nc(N3CCOCC3)c3ccc(Nc4cccnc4)cc3n2)cn1,232.0,6.634512015109101,1,467.45500000000015
Nc1cc(C(F)(F)F)c(-c2nc(N3CCOCC3)c3ccc(Nc4ccncc4)cc3n2)cn1,609.0,6.215382707367125,1,467.45500000000015
Nc1cc(C(F)(F)F)c(-c2nc(N3CCOCC3)nc(N3CCN(C(=O)c4cc(Cc5n[nH]c(=O)c6ccccc56)ccc4F)CC3)n2)cn1,125.75999999999999,6.900457471304668,1,690.6620000000001
Nc1cc(C(F)(F)F)c(-c2nc(N3CCOCC3)nc(N3CCOCC3)n2)cn1,52.42857142857143,7.280431975762167,1,411.38800000000026
Nc1cc(C(F)(F)F)c(-c2nc(N3CCOCC3)nc3c2C[C@@H]2COCCN32)cn1,2623.0,5.581201709409647,0,422.4110000000003
Nc1cc(C(F)(F)F)c(-c2nc(N3CCOCC3)nc3c2C[C@H]2COCCN32)cn1,383.1,6.416687848016922,1,422.4110000000003
Nc1cc(C(F)(F)F)c(-c2nc3c(c(N4CCOCC4)n2)CCN(C(=O)c2cc(Cc4n[nH]c(=O)c5ccccc45)ccc2F)C3)cn1,99.91149999999999,7.000384520792043,1,660.6320000000003
Nc1cc(Cl)c(-c2cc(N3CCOCC3)cc(S(=O)(=O)[C@@H]3CCOC3)c2)cn1,67.0,7.173925197299173,1,423.92200000000014
Nc1cc(Cl)c(-c2cc(N3CCOCC3)nc(N3CCOCC3)n2)cn1,34.0,7.468521082957745,1,376.8480000000001
Nc1cc(Cl)c(-c2cc(Nc3cnc4ccccc4c3)nc(N3CCOCC3)n2)cn1,2.4,8.619788758288394,1,433.9030000000003
Nc1cc(F)c(-c2cc(N3CCOCC3)cc(S(=O)(=O)[C@@H]3CCOC3)c2)cn1,100.0,7.0,1,407.46700000000016
Nc1cc(F)ccc1NC(=O)c1ccc(NC(=O)Nc2ccc(-c3nc(N4CCOCC4)nc(N4CCOCC4)n3)cc2)cc1,17.0,7.769551078621726,1,613.6540000000002
Nc1cc(O)cc(-c2nc(N3CCOCC3)c3oc4ncccc4c3n2)c1,20.6,7.686132779630847,1,363.377
Nc1ccc(-c2cc(N3CCOCC3)cc(S(=O)(=O)Cc3ccc(F)cc3F)c2)nc1,12000.0,4.920818753952375,0,445.4910000000001
Nc1ccc(-c2cc(N3CCOCC3)cc(S(=O)(=O)Cc3ccc(F)cc3F)c2)nn1,1400.0,5.853871964321762,0,446.4790000000001
Nc1ccc(-c2cc(N3CCOCC3)cc(S(=O)(=O)[C@@H]3CCOC3)c2)c(C(F)(F)F)n1,1700.0,5.769551078621726,0,457.47400000000016
Nc1ccc(-c2cc(N3CCOCC3)cc(S(=O)(=O)[C@@H]3CCOC3)c2)cn1,880.0,6.055517327849832,1,389.47700000000015
Nc1ccc(-c2cc(Nc3cnc4ccccc4c3)nc(N3CCOCC3)n2)cn1,82.5,7.0835460514500745,1,399.45800000000025
Nc1ccc(-c2ccc3nc(NC(=O)CCCN4CCCCC4)sc3c2)cn1,260.0,6.585026652029182,1,395.53200000000015
Nc1ccc(-c2ccc3nc(NC(=O)CN4CCCCC4)sc3c2)cn1,1200.0,5.920818753952375,0,367.47800000000007
Nc1ccc(-c2ccc3ncc4c(=O)[nH]c(=O)n(-c5cccc(C(F)(F)F)c5)c4c3n2)cn1,7.8,8.10790539730952,1,450.38000000000005
Nc1ccc(-c2cccc3c(=O)nc(N4CCOCC4)oc23)c(F)c1,3410.0,5.467245621007502,0,341.34200000000004
Nc1ccc(-c2n[nH]c3ncnc(N)c23)cc1,14000.0,4.853871964321762,0,226.24300000000002
Nc1ccc(-c2nc(N3CC4CCC(C3)O4)c3sccc3n2)cc1,10000.0,5.0,0,338.43600000000004
Nc1ccc(-c2nc(N3CC4CCC(C3)O4)c3sccc3n2)cn1,1767.0,5.7527634504932355,0,339.42400000000004
Nc1ccc(-c2nc(N3CCOCC3)c3cccn3n2)cn1,230.0,6.638272163982407,1,296.334
Nc1ccc(-c2nc(N3CCOCC3)c3cnn(-c4ccccc4)c3n2)cc1,290.0,6.5376020021010435,1,372.432
Nc1ccc(-c2nc(N3CCOCC3)c3cnn(-c4ccccc4)c3n2)cn1,59.0,7.229147988357855,1,373.42
Nc1ccc(-c2nc(N3CCOCC3)c3cnn(-c4ccccc4)c3n2)nc1,1050.0,5.978810700930062,0,373.42
Nc1ccc(-c2nc(N3CCOCC3)c3cnn(C4CCN(Cc5ccccc5)CC4)c3n2)cc1,1368.0,5.863913902615902,0,469.5930000000003
Nc1ccc(-c2nc(N3CCOCC3)c3ncccc3n2)cc1,50000.0,4.301029995663981,0,307.357
Nc1ccc(-c2nc(N3CCOCC3)c3ncccc3n2)cn1,27.0,7.568636235841013,1,308.345
Nc1ccc(-c2nc(N3CCOCC3)c3ncn(CCCCCCC(=O)NO)c3n2)cn1,198.0,6.703334809738469,1,440.50800000000027
Nc1ccc(-c2nc(N3CCOCC3)nc(N3CCN(C(=O)c4cc(Cc5n[nH]c(=O)c6ccccc56)ccc4F)CC3)n2)c(F)c1,707.95,6.149997413907539,1,639.6670000000001
Nc1ccc(-c2nc(N3CCOCC3)nc(N3CCN(C(=O)c4cc(Cc5n[nH]c(=O)c6ccccc56)ccc4F)CC3)n2)cc1,331.13,6.480001470881152,1,621.6770000000001
Nc1ccc(-c2nc(N3CCOCC3)nc(N3CCN(C(=O)c4cc(Cc5n[nH]c(=O)c6ccccc56)ccc4F)CC3)n2)cc1F,562.34,6.2500010234416505,1,639.6670000000001
Nc1ccc(-c2nc(N3CCOCC3)nc(N3CCN(C(=O)c4cc(Cc5n[nH]c(=O)c6ccccc56)ccc4F)CC3)n2)cn1,131.83,6.879985747921933,1,622.6650000000001
Nc1ccc(-c2nc(N3CCOCC3)nc3c2CCN3c2ccncc2)cn1,240.0,6.619788758288394,1,375.43600000000004
Nc1ccc(-c2nc(N3CCOCC3)nc3c2CCN3c2ccncc2)nc1,340.0,6.468521082957745,1,375.43600000000004
Nc1ccc(-c2nc3c(c(N4CCOCC4)n2)CCN(C(=O)c2cc(Cc4n[nH]c(=O)c5ccccc45)ccc2F)C3)cn1,30.2,7.519993057042849,1,592.6350000000002
Nc1ccc(-c2nn(C3CCCC3)c3ncnc(N)c23)cc1O,650.0,6.187086643357144,1,310.36100000000005
Nc1ccc(C#Cc2n[nH]c3ccccc23)cc1,1050.0,5.978810700930062,0,233.27400000000003
Nc1ccc(C(=O)Nc2cccc(-c3nc(N4CCOCC4)c4oc5ncccc5c4n3)c2)cn1,3300.0,5.481486060122113,0,467.48900000000026
Nc1ccc2c(N3CCOCC3)nc(-c3cnc(N)cc3C(F)(F)F)nc2c1,406.0,6.391473966422806,1,390.3690000000001
Nc1ccc2c(N3CCOCC3)nc(-c3cnc(N)nc3)nc2c1,49.0,7.309803919971486,1,323.36000000000007
Nc1ccc2cc(-c3ccc4nccc(-c5ccncc5)c4c3)ccc2n1,1000.0,6.0,1,348.4090000000001
Nc1ccc2oc(-c3ccncc3)nc2c1,83300.0,4.079354998593212,0,211.22400000000002
Nc1cccc(-c2csc3c(=O)cc(N4CCOCC4)oc23)c1,154.0,6.812479279163537,1,328.3930000000001
Nc1cccc(-c2n[nH]c3ncnc(N)c23)c1,17000.0,4.769551078621726,0,226.24300000000002
Nc1cccc(-c2nc(N3CCOCC3)c3[nH]ccc3n2)c1,7500.0,5.1249387366083,0,295.346
Nc1cccc(-c2nc(N3CCOCC3)c3cnn(-c4ccccc4)c3n2)c1,436.0,6.360513510731414,1,372.432
Nc1cccc(-c2nc(N3CCOCC3)c3cnn(-c4ccccc4)c3n2)n1,1000.0,6.0,1,373.42
Nc1cccc(-c2nc(N3CCOCC3)c3ncccc3n2)c1,2500.0,5.6020599913279625,0,307.35699999999997
Nc1cccc(-c2nc(N3CCOCC3)c3oc4ncccc4c3n2)c1,140.0,6.853871964321762,1,347.378
Nc1cccc(-c2nc(N3CCOCC3)nc3c2CCN3c2ccncc2)c1,3700.0,5.431798275933005,0,374.44800000000004
Nc1cccc(-c2nc(NCC(=O)O)nc(N3CCOCC3)n2)c1,10000.0,5.0,0,330.3480000000001
Nc1cccc(-c2nc3c(N4CCOCC4)nc(N4CCOCC4)nc3[nH]2)c1,3860.0,5.413412695328245,0,381.44000000000017
Nc1cccc(C#Cc2n[nH]c3ccccc23)c1,5120.0,5.29073003902417,0,233.27400000000003
Nc1ccccc1C#Cc1n[nH]c2ccccc12,100000.0,4.0,0,233.27400000000003
Nc1ccccc1NC(=O)CCCCCCCNC(=O)c1ccc(NC(=O)Nc2ccc(-c3nc(N4CCOCC4)nc(N4CCOCC4)n3)cc2)cc1,75.7,7.120904120499927,1,736.8779999999996
Nc1ccccc1NC(=O)CCCCCCNC(=O)c1ccc(NC(=O)Nc2ccc(-c3nc(N4CCOCC4)nc(N4CCOCC4)n3)cc2)cc1,29.3,7.533132379645891,1,722.8509999999997
Nc1ccccc1NC(=O)CCCCCCNC(=O)c1ccc(NC(=O)Nc2ccc(-c3nc(OC4CCOC4)nc(N4CCOCC4)n3)cc2)cc1,16.6,7.779891911959945,1,723.8349999999997
Nc1ccccc1NC(=O)CCCCCCNC(=O)c1ccc(NC(=O)Nc2ccc(-c3nc(OC4COC4)nc(N4CCOCC4)n3)cc2)cc1,9.0,8.045757490560675,1,709.8079999999997
Nc1ccccc1NC(=O)CCCCCNC(=O)c1ccc(NC(=O)Nc2ccc(-c3nc(N4CCOCC4)nc(N4CCOCC4)n3)cc2)cc1,17.3,7.761953896871205,1,708.8239999999997
Nc1ccccc1NC(=O)CCCCCNC(=O)c1ccc(NC(=O)Nc2ccc(-c3nc(OC4CCOC4)nc(N4CCOCC4)n3)cc2)cc1,7.9,8.102372908709558,1,709.8079999999998
Nc1ccccc1NC(=O)CCCCCNC(=O)c1ccc(NC(=O)Nc2ccc(-c3nc(OC4COC4)nc(N4CCOCC4)n3)cc2)cc1,4.5,8.346787486224656,1,695.7809999999997
Nc1ccccc1NC(=O)CCCCNC(=O)c1ccc(NC(=O)Nc2ccc(-c3nc(N4CCOCC4)nc(N4CCOCC4)n3)cc2)cc1,13.3,7.876148359032914,1,694.7969999999998
Nc1ccccc1NC(=O)CCCNC(=O)c1ccc(NC(=O)Nc2ccc(-c3nc(N4CCOCC4)nc(N4CCOCC4)n3)cc2)cc1,11.6,7.935542010773082,1,680.7699999999999
Nc1ccccc1NC(=O)CCNC(=O)c1ccc(NC(=O)Nc2ccc(-c3nc(N4CCOCC4)nc(N4CCOCC4)n3)cc2)cc1,51.7,7.286509456906058,1,666.7429999999999
Nc1ccccc1NC(=O)CNC(=O)c1ccc(NC(=O)Nc2ccc(-c3nc(N4CCOCC4)nc(N4CCOCC4)n3)cc2)cc1,37.7,7.423658649794207,1,652.716
Nc1ccccc1NC(=O)c1ccc(NC(=O)Nc2ccc(-c3nc(N4CCOCC4)nc(N4CCOCC4)n3)cc2)cc1,6.5,8.187086643357144,1,595.6640000000003
Nc1ccccc1NC(=O)c1ccc(NC(=O)Nc2ccc(-c3nc(OC4COC4)nc(N4CCOCC4)n3)cc2)cc1,2.4,8.619788758288394,1,582.6210000000003
Nc1cn2cc(-c3ccc4nc(N)oc4c3)ccc2n1,10000.0,5.0,0,265.27599999999995
Nc1cn2cc(-c3ccc4oc(N)nc4c3)ccc2n1,1000.0,6.0,1,265.27599999999995
Nc1cnc(-c2cc(N3CCOCC3)cc(S(=O)(=O)C3CCOC3)c2)cn1,1000.0,6.0,1,390.46500000000015
Nc1cnc(-c2cc(N3CCOCC3)cc(S(=O)(=O)Cc3ccccc3)c2)cn1,1500.0,5.823908740944319,0,410.4990000000001
Nc1cnc(-c2cc(Nc3cnc4ccccc4c3)nc(N3CCOCC3)n2)cn1,44.0,7.356547323513812,1,400.44600000000025
Nc1cnc(-c2ccc(Cl)c(S(=O)(=O)Nc3cccc(F)c3F)c2)cn1,4647.0,5.332827327521131,0,396.80600000000004
Nc1n[nH]c2c(-c3ccc4ncc(C(=O)N5CCOCC5)n4c3)cccc12,10000.0,5.0,0,362.3930000000001
Nc1n[nH]c2cc(-c3ccc4ncc(C(=O)N5CCOCC5)n4c3)ccc12,10000.0,5.0,0,362.3930000000001
Nc1n[nH]c2cc(-c3nc(N4CCOCC4)nc4c3CCN4c3ccncc3)ccc12,50000.0,4.301029995663981,0,414.4730000000001
Nc1nc(-c2cc3c(s2)-c2ccccc2OCC3)c(-c2ccccc2Cl)s1,11.75,7.9299621333922445,1,410.951
Nc1nc(-c2cccc(O)c2)nc(N2CCOCC2)n1,680.0,6.167491087293763,1,273.296
Nc1nc(C(F)(F)F)c(-c2cc(N3CCOCC3)cc(S(=O)(=O)[C@@H]3CCOC3)c2)s1,740.0,6.130768280269024,1,463.50300000000027
Nc1nc(C(F)(F)F)c(-c2cc(S(=O)(=O)c3ccccc3)cc(N3CCOCC3)n2)s1,5243.0,5.280420142286276,0,470.4980000000003
Nc1nc(N)c2nc(-c3cccc(O)c3)c(-c3cccc(O)c3)nc2n1,1300.0,5.886056647693163,0,346.3500000000001
Nc1nc(N)c2nc(-c3cccc(O)c3)cnc2n1,165.0,6.782516055786093,1,254.25300000000004
Nc1nc(NCc2ccccc2)cc(N2CCOCC2)n1,83300.0,4.079354998593212,0,285.351
Nc1nc2c(-c3ccc4ncc(C(=O)N5CCOCC5)n4c3)cccc2o1,1000.0,6.0,1,363.377
Nc1nc2cc(-c3c[nH]c4nccc(-c5ccncc5)c34)ccc2o1,10000.0,5.0,0,327.3470000000001
Nc1nc2cc(-c3cc(F)c4ncc(C(=O)N5CCOCC5)n4c3)ccc2o1,10000.0,5.0,0,381.36700000000013
Nc1nc2cc(-c3cc(F)c4oc(N)nc4c3)ccc2o1,10000.0,5.0,0,284.25
Nc1nc2cc(-c3cc4nccc(-c5ccncc5)c4s3)ccc2o1,10000.0,5.0,0,344.39900000000006
Nc1nc2cc(-c3ccc4[nH]nc(N)c4c3)ccc2o1,10000.0,5.0,0,265.276
Nc1nc2cc(-c3ccc4c(N)n[nH]c4c3)ccc2o1,10000.0,5.0,0,265.276
Nc1nc2cc(-c3ccc4nc(N)c(N5CC(N6CCOCC6)C5)nc4c3)ccc2o1,10000.0,5.0,0,417.47300000000024
Nc1nc2cc(-c3ccc4nc(N)oc4c3)ccc2o1,1000.0,6.0,1,266.26
Nc1nc2cc(-c3ccc4nc(N)sc4c3)cc(F)c2o1,100.0,7.0,1,300.31800000000004
Nc1nc2cc(-c3ccc4nc(N)sc4c3)ccc2o1,1000.0,6.0,1,282.32800000000003
Nc1nc2cc(-c3ccc4nc(N5C[C@@H]6OCCO[C@@H]6C5)cnc4c3)ccc2o1,1643.0,5.784362436564939,0,389.4150000000001
Nc1nc2cc(-c3ccc4ncc(-c5ccc(N6CCOCC6)nc5)nc4c3)ccc2o1,10000.0,5.0,0,424.4640000000002
Nc1nc2cc(-c3ccc4ncc(-c5ccc6nc(N)oc6c5)n4c3)ccc2o1,100.0,7.0,1,382.3830000000001
Nc1nc2cc(-c3ccc4ncc(-c5ccccc5)nc4c3)ccc2o1,1000.0,6.0,1,338.37000000000006
Nc1nc2cc(-c3ccc4ncc(-c5ccccn5)nc4c3)ccc2o1,1000.0,6.0,1,339.35800000000006
Nc1nc2cc(-c3ccc4ncc(-c5cccnc5)n4c3)ccc2o1,100.0,7.0,1,327.34700000000004
Nc1nc2cc(-c3ccc4ncc(-c5cccnc5)n4n3)ccc2o1,100.0,7.0,1,328.33500000000004
Nc1nc2cc(-c3ccc4ncc(-c5cccnc5)nc4c3)ccc2o1,100.0,7.0,1,339.35800000000006
Nc1nc2cc(-c3ccc4ncc(-c5ccnc(N6CCOCC6)c5)n4c3)ccc2o1,100.0,7.0,1,412.45300000000026
Nc1nc2cc(-c3ccc4ncc(-c5ccnc(N6CCOCC6)c5)nc4c3)ccc2o1,1000.0,6.0,1,424.4640000000003
Nc1nc2cc(-c3ccc4ncc(-c5ccncc5)n4c3)ccc2o1,100.0,7.0,1,327.34700000000004
Nc1nc2cc(-c3ccc4ncc(-c5ccncc5)n4n3)ccc2o1,100.0,7.0,1,328.33500000000004
Nc1nc2cc(-c3ccc4ncc(-c5ccncc5)nc4c3)ccc2o1,100.0,7.0,1,339.35800000000006
Nc1nc2cc(-c3ccc4ncc(-c5cn[nH]c5)n4c3)ccc2o1,100.0,7.0,1,316.32400000000007
Nc1nc2cc(-c3ccc4ncc(-c5cn[nH]c5)n4n3)ccc2o1,100.0,7.0,1,317.31200000000007
Nc1nc2cc(-c3ccc4ncc(-c5cn[nH]c5)nc4c3)ccc2o1,100.0,7.0,1,328.3350000000001
Nc1nc2cc(-c3ccc4ncc(-c5cnn(CCO)c5)nc4c3)ccc2o1,100.0,7.0,1,372.38800000000003
Nc1nc2cc(-c3ccc4ncc(=O)[nH]c4c3)ccc2o1,100.0,7.0,1,278.271
Nc1nc2cc(-c3ccc4ncc(C#CC5CC5)n4c3)ccc2o1,100.0,7.0,1,314.348
Nc1nc2cc(-c3ccc4ncc(C(=O)N(CCO)CCO)n4c3)ccc2o1,1000.0,6.0,1,381.3920000000001
Nc1nc2cc(-c3ccc4ncc(C(=O)N5C6CCC5COC6)n4c3)ccc2o1,100.0,7.0,1,389.41500000000013
Nc1nc2cc(-c3ccc4ncc(C(=O)N5CC(F)(F)C5)n4c3)ccc2o1,100.0,7.0,1,369.3310000000001
Nc1nc2cc(-c3ccc4ncc(C(=O)N5CC(F)C5)n4c3)ccc2o1,100.0,7.0,1,351.34100000000007
Nc1nc2cc(-c3ccc4ncc(C(=O)N5CC(N6CCC(F)(F)C6)C5)n4c3)ccc2o1,100.0,7.0,1,438.4380000000002
Nc1nc2cc(-c3ccc4ncc(C(=O)N5CC(N6CCOCC6)C5)n4c3)ccc2o1,100.0,7.0,1,418.4570000000003
Nc1nc2cc(-c3ccc4ncc(C(=O)N5CC(N6CC[C@@H](O)C6)C5)n4c3)ccc2o1,100.0,7.0,1,418.4570000000002
Nc1nc2cc(-c3ccc4ncc(C(=O)N5CC(N6CC[C@H](O)C6)C5)n4c3)ccc2o1,100.0,7.0,1,418.4570000000002
Nc1nc2cc(-c3ccc4ncc(C(=O)N5CC(O)C5)n4c3)ccc2o1,100.0,7.0,1,349.3500000000001
Nc1nc2cc(-c3ccc4ncc(C(=O)N5CC(n6cccn6)C5)n4c3)ccc2o1,100.0,7.0,1,399.4140000000001
Nc1nc2cc(-c3ccc4ncc(C(=O)N5CC5)n4c3)ccc2o1,1000.0,6.0,1,319.324
Nc1nc2cc(-c3ccc4ncc(C(=O)N5CC6(C5)OCCO6)n4c3)ccc2o1,100.0,7.0,1,391.3870000000001
Nc1nc2cc(-c3ccc4ncc(C(=O)N5CC6CCC(C5)O6)n4c3)ccc2o1,1000.0,6.0,1,389.41500000000013
Nc1nc2cc(-c3ccc4ncc(C(=O)N5CCC(F)(F)C5)n4c3)ccc2o1,100.0,7.0,1,383.35800000000006
Nc1nc2cc(-c3ccc4ncc(C(=O)N5CCC(F)(F)CC5)n4c3)ccc2o1,1000.0,6.0,1,397.3850000000001
Nc1nc2cc(-c3ccc4ncc(C(=O)N5CCC(F)CC5)n4c3)ccc2o1,1000.0,6.0,1,379.3950000000001
Nc1nc2cc(-c3ccc4ncc(C(=O)N5CCC(N)CC5)n4c3)ccc2o1,100.0,7.0,1,376.42000000000013
Nc1nc2cc(-c3ccc4ncc(C(=O)N5CCC(N6CC(F)(F)C6)C5)n4c3)ccc2o1,1000.0,6.0,1,438.43800000000016
Nc1nc2cc(-c3ccc4ncc(C(=O)N5CCC(N6CCC(F)(F)C6)C5)n4c3)ccc2o1,1000.0,6.0,1,452.4650000000002
Nc1nc2cc(-c3ccc4ncc(C(=O)N5CCC(N6CCOCC6)CC5)n4c3)ccc2o1,1000.0,6.0,1,446.5110000000003
Nc1nc2cc(-c3ccc4ncc(C(=O)N5CCC(O)C5)n4c3)ccc2o1,100.0,7.0,1,363.37700000000007
Nc1nc2cc(-c3ccc4ncc(C(=O)N5CCC(O)CC5)n4c3)ccc2o1,1000.0,6.0,1,377.4040000000001
Nc1nc2cc(-c3ccc4ncc(C(=O)N5CCC5)n4c3)ccc2o1,100.0,7.0,1,333.351
Nc1nc2cc(-c3ccc4ncc(C(=O)N5CCC6(C5)OCCO6)n4c3)ccc2o1,1000.0,6.0,1,405.41400000000016
Nc1nc2cc(-c3ccc4ncc(C(=O)N5CCCC5)n4c3)ccc2o1,100.0,7.0,1,347.37800000000004
Nc1nc2cc(-c3ccc4ncc(C(=O)N5CCCCC5)n4c3)ccc2o1,1000.0,6.0,1,361.4050000000001
Nc1nc2cc(-c3ccc4ncc(C(=O)N5CCN(C6CC6)CC5)n4c3)ccc2o1,100.0,7.0,1,402.4580000000002
Nc1nc2cc(-c3ccc4ncc(C(=O)N5CCN(CC6CC6)CC5)n4c3)ccc2o1,1000.0,6.0,1,416.48500000000024
Nc1nc2cc(-c3ccc4ncc(C(=O)N5CCN(CCO)CC5)n4c3)ccc2o1,100.0,7.0,1,406.4460000000002
Nc1nc2cc(-c3ccc4ncc(C(=O)N5CCNCC5)n4c3)ccc2o1,119.0,6.924453038607469,1,362.3930000000001
Nc1nc2cc(-c3ccc4ncc(C(=O)N5CCOCC5)cc4c3)ccc2o1,10000.0,5.0,0,374.4000000000001
Nc1nc2cc(-c3ccc4ncc(C(=O)N5CCOCC5)n4c3)c(Cl)cc2o1,10000.0,5.0,0,397.82200000000006
Nc1nc2cc(-c3ccc4ncc(C(=O)N5CCOCC5)n4c3)c(F)cc2o1,1000.0,6.0,1,381.3670000000001
Nc1nc2cc(-c3ccc4ncc(C(=O)N5CCOCC5)n4c3)cc(Cl)c2o1,100.0,7.0,1,397.82200000000006
Nc1nc2cc(-c3ccc4ncc(C(=O)N5CCOCC5)n4c3)cc(F)c2o1,100.0,7.0,1,381.3670000000001
Nc1nc2cc(-c3ccc4ncc(C(=O)N5CCOCC5)n4c3)ccc2o1,228.2,6.641684359917805,1,363.37700000000007
Nc1nc2cc(-c3ccc4ncc(C(=O)N5CCOCC5)n4c3)ccc2s1,1000.0,6.0,1,379.44500000000005
Nc1nc2cc(-c3ccc4ncc(C(=O)N5CCOCC5)n4c3)cnc2o1,100.0,7.0,1,364.36500000000007
Nc1nc2cc(-c3ccc4ncc(C(=O)N5CCOCC5)n4n3)ccc2o1,1000.0,6.0,1,364.36500000000007
Nc1nc2cc(-c3ccc4ncc(C(=O)N5CCOCC5)nc4c3)ccc2o1,10000.0,5.0,0,375.3880000000001
Nc1nc2cc(-c3ccc4ncc(C(=O)N5CCS(=O)(=O)CC5)n4c3)ccc2o1,1000.0,6.0,1,411.44300000000015
Nc1nc2cc(-c3ccc4ncc(C(=O)N5CC[C@@H](F)C5)n4c3)ccc2o1,100.0,7.0,1,365.36800000000005
Nc1nc2cc(-c3ccc4ncc(C(=O)N5CC[C@@H](N6CCOCC6)C5)n4c3)ccc2o1,1000.0,6.0,1,432.48400000000026
Nc1nc2cc(-c3ccc4ncc(C(=O)N5CC[C@@H](O)C5)n4c3)ccc2o1,100.0,7.0,1,363.37700000000007
Nc1nc2cc(-c3ccc4ncc(C(=O)N5CC[C@@H](n6cccn6)C5)n4c3)ccc2o1,100.0,7.0,1,413.4410000000001
Nc1nc2cc(-c3ccc4ncc(C(=O)N5CC[C@H](F)C5)n4c3)ccc2o1,100.0,7.0,1,365.36800000000005
Nc1nc2cc(-c3ccc4ncc(C(=O)N5CC[C@H](N6CCOCC6)C5)n4c3)ccc2o1,100.0,7.0,1,432.48400000000026
Nc1nc2cc(-c3ccc4ncc(C(=O)N5CC[C@H](O)C5)n4c3)ccc2o1,100.0,7.0,1,363.37700000000007
Nc1nc2cc(-c3ccc4ncc(C(=O)N5CC[C@H](n6cccn6)C5)n4c3)ccc2o1,100.0,7.0,1,413.4410000000001
Nc1nc2cc(-c3ccc4ncc(C(=O)N5CCn6cncc6C5)n4c3)ccc2o1,100.0,7.0,1,399.4140000000001
Nc1nc2cc(-c3ccc4ncc(C(=O)N5C[C@@H]6OCCO[C@@H]6C5)n4c3)ccc2o1,7.2,8.142667503568731,1,405.41400000000016
Nc1nc2cc(-c3ccc4ncc(C(=O)N5C[C@H]6OCCO[C@@H]6C5)n4c3)ccc2o1,8.8,8.05551732784983,1,405.41400000000016
Nc1nc2cc(-c3ccc4ncc(C(=O)NC5CC5)n4c3)ccc2o1,100.0,7.0,1,333.351
Nc1nc2cc(-c3ccc4ncc(C(=O)NC5CCC(O)CC5)n4c3)ccc2o1,100.0,7.0,1,391.4310000000001
Nc1nc2cc(-c3ccc4ncc(C(=O)NC5CCOCC5)n4c3)ccc2o1,100.0,7.0,1,377.4040000000001
Nc1nc2cc(-c3ccc4ncc(C(=O)NCCCN5CCCC5)n4c3)ccc2o1,100.0,7.0,1,404.47400000000016
Nc1nc2cc(-c3ccc4ncc(C(=O)NCCCN5CCOCC5)n4c3)ccc2o1,1000.0,6.0,1,420.4730000000002
Nc1nc2cc(-c3ccc4ncc(C(=O)NCCN5CCCC5)n4c3)ccc2o1,1000.0,6.0,1,390.4470000000002
Nc1nc2cc(-c3ccc4ncc(C(=O)NCCN5CCOCC5)n4c3)ccc2o1,100.0,7.0,1,406.4460000000002
Nc1nc2cc(-c3ccc4ncc(C(=O)NCCO)n4c3)ccc2o1,100.0,7.0,1,337.339
Nc1nc2cc(-c3ccc4ncc(C(=O)Nc5cccnc5)n4c3)ccc2o1,100.0,7.0,1,370.37200000000007
Nc1nc2cc(-c3ccc4ncc(N5CC(C(=O)N6CCN(C7CC7)CC6)C5)nc4c3)ccc2o1,100.0,7.0,1,469.5490000000004
Nc1nc2cc(-c3ccc4ncc(N5CC(C(=O)N6CCN(CC7CC7)CC6)C5)nc4c3)ccc2o1,100.0,7.0,1,483.5760000000004
Nc1nc2cc(-c3ccc4ncc(N5CC(C(=O)N6CCOCC6)C5)nc4c3)ccc2o1,5050.0,5.296708621881339,0,430.4680000000003
Nc1nc2cc(-c3ccc4ncc(N5CC(C(=O)NC6CC6)C5)nc4c3)ccc2o1,100.0,7.0,1,400.4420000000002
Nc1nc2cc(-c3ccc4ncc(N5CC(N)C5)nc4c3)ccc2o1,1000.0,6.0,1,332.367
Nc1nc2cc(-c3ccc4ncc(N5CC(N6CCC(O)CC6)C5)nc4c3)ccc2o1,1000.0,6.0,1,416.4850000000002
Nc1nc2cc(-c3ccc4ncc(N5CC(N6CCCC6)C5)nc4c3)ccc2o1,1000.0,6.0,1,386.4590000000002
Nc1nc2cc(-c3ccc4ncc(N5CC(N6CCN(C7CC7)CC6)C5)nc4c3)ccc2o1,100.0,7.0,1,441.53900000000027
Nc1nc2cc(-c3ccc4ncc(N5CC(N6CCN(CC7CC7)CC6)C5)nc4c3)ccc2o1,100.0,7.0,1,455.5660000000003
Nc1nc2cc(-c3ccc4ncc(N5CC(N6CCN(CCO)CC6)C5)nc4c3)ccc2o1,100.0,7.0,1,445.52700000000027
Nc1nc2cc(-c3ccc4ncc(N5CC(N6CCNC(=O)C6)C5)nc4c3)ccc2o1,100.0,7.0,1,415.45700000000016
Nc1nc2cc(-c3ccc4ncc(N5CC(N6CCNCC6)C5)nc4c3)ccc2o1,100.0,7.0,1,401.47400000000016
Nc1nc2cc(-c3ccc4ncc(N5CC(N6CCOCC6)C5)nc4c3)c(Cl)cc2o1,1000.0,6.0,1,436.9030000000002
Nc1nc2cc(-c3ccc4ncc(N5CC(N6CCOCC6)C5)nc4c3)c(F)cc2o1,100.0,7.0,1,420.4480000000002
Nc1nc2cc(-c3ccc4ncc(N5CC(N6CCOCC6)C5)nc4c3)cc(Cl)c2o1,100.0,7.0,1,436.9030000000002
Nc1nc2cc(-c3ccc4ncc(N5CC(N6CCOCC6)C5)nc4c3)cc(F)c2o1,100.0,7.0,1,420.4480000000002
Nc1nc2cc(-c3ccc4ncc(N5CC(N6CCOCC6)C5)nc4c3)ccc2o1,100.0,7.0,1,402.4580000000002
Nc1nc2cc(-c3ccc4ncc(N5CC(N6CCS(=O)(=O)CC6)C5)nc4c3)ccc2o1,100.0,7.0,1,450.5240000000002
Nc1nc2cc(-c3ccc4ncc(N5CC(N6CC[C@@H](O)C6)C5)nc4c3)ccc2o1,100.0,7.0,1,402.45800000000014
Nc1nc2cc(-c3ccc4ncc(N5CC(N6CC[C@H](O)C6)C5)nc4c3)ccc2o1,100.0,7.0,1,402.45800000000014
Nc1nc2cc(-c3ccc4ncc(N5CC(O)C5)nc4c3)ccc2o1,100.0,7.0,1,333.35100000000006
Nc1nc2cc(-c3ccc4ncc(N5CC(n6cccn6)C5)nc4c3)ccc2o1,100.0,7.0,1,383.41500000000013
Nc1nc2cc(-c3ccc4ncc(N5CC(n6ccnc6)C5)nc4c3)ccc2o1,100.0,7.0,1,383.41500000000013
Nc1nc2cc(-c3ccc4ncc(N5CCC(N)CC5)nc4c3)ccc2o1,100.0,7.0,1,360.42100000000005
Nc1nc2cc(-c3ccc4ncc(N5CCC(N6CCOCC6)CC5)nc4c3)ccc2o1,100.0,7.0,1,430.5120000000003
Nc1nc2cc(-c3ccc4ncc(N5CCC(O)C5)nc4c3)ccc2o1,100.0,7.0,1,347.37800000000004
Nc1nc2cc(-c3ccc4ncc(N5CCC(O)CC5)nc4c3)ccc2o1,100.0,7.0,1,361.4050000000001
Nc1nc2cc(-c3ccc4ncc(N5CCC(n6cccn6)CC5)nc4c3)ccc2o1,100.0,7.0,1,411.46900000000016
Nc1nc2cc(-c3ccc4ncc(N5CCC(n6ccnc6)CC5)nc4c3)ccc2o1,100.0,7.0,1,411.46900000000016
Nc1nc2cc(-c3ccc4ncc(N5CCCC5)nc4c3)ccc2o1,100.0,7.0,1,331.379
Nc1nc2cc(-c3ccc4ncc(N5CCCCC5)nc4c3)ccc2o1,100.0,7.0,1,345.406
Nc1nc2cc(-c3ccc4ncc(N5CCN(C(=O)C6(N)CC6)CC5)nc4c3)ccc2o1,1000.0,6.0,1,429.48400000000026
Nc1nc2cc(-c3ccc4ncc(N5CCN(C(=O)C6(N)CCC6)CC5)nc4c3)ccc2o1,100.0,7.0,1,443.5110000000003
Nc1nc2cc(-c3ccc4ncc(N5CCN(C(=O)CN6CCCC6)CC5)nc4c3)ccc2o1,100.0,7.0,1,457.53800000000035
Nc1nc2cc(-c3ccc4ncc(N5CCN(C(=O)[C@@H](N)CO)CC5)nc4c3)ccc2o1,100.0,7.0,1,433.4720000000002
Nc1nc2cc(-c3ccc4ncc(N5CCN(C(=O)[C@@H]6CCCN6)CC5)nc4c3)ccc2o1,100.0,7.0,1,443.51100000000025
Nc1nc2cc(-c3ccc4ncc(N5CCN(C(=O)[C@H](N)CO)CC5)nc4c3)ccc2o1,100.0,7.0,1,433.4720000000002
Nc1nc2cc(-c3ccc4ncc(N5CCN(C(=O)[C@H]6CCCN6)CC5)nc4c3)ccc2o1,100.0,7.0,1,443.51100000000025
Nc1nc2cc(-c3ccc4ncc(N5CCN(C6CC6)CC5)nc4c3)ccc2o1,100.0,7.0,1,386.4590000000002
Nc1nc2cc(-c3ccc4ncc(N5CCN(CC(F)(F)F)CC5)nc4c3)ccc2o1,100.0,7.0,1,428.4180000000001
Nc1nc2cc(-c3ccc4ncc(N5CCN(CC6CC6)CC5)nc4c3)ccc2o1,100.0,7.0,1,400.4860000000002
Nc1nc2cc(-c3ccc4ncc(N5CCN(CC6CC6)CC5=O)nc4c3)ccc2o1,10000.0,5.0,0,414.4690000000002
Nc1nc2cc(-c3ccc4ncc(N5CCN(CCO)CC5)nc4c3)ccc2o1,100.0,7.0,1,390.4470000000001
Nc1nc2cc(-c3ccc4ncc(N5CCNC(=O)C5)nc4c3)ccc2o1,100.0,7.0,1,360.37700000000007
Nc1nc2cc(-c3ccc4ncc(N5CCNC(C(F)(F)F)C5)nc4c3)ccc2o1,100.0,7.0,1,414.3910000000001
Nc1nc2cc(-c3ccc4ncc(N5CCNC(C(F)F)C5)nc4c3)ccc2o1,100.0,7.0,1,396.4010000000001
Nc1nc2cc(-c3ccc4ncc(N5CCNCC5)nc4c3)ccc2o1,100.0,7.0,1,346.394
Nc1nc2cc(-c3ccc4ncc(N5CCNCC5=O)nc4c3)ccc2o1,1000.0,6.0,1,360.37700000000007
Nc1nc2cc(-c3ccc4ncc(N5CCOCC5)n4c3)ccc2o1,10000.0,5.0,0,335.36699999999996
Nc1nc2cc(-c3ccc4ncc(N5CCOCC5)n4n3)ccc2o1,1000.0,6.0,1,336.35499999999996
Nc1nc2cc(-c3ccc4ncc(N5CCOCC5)nc4c3)ccc2o1,100.0,7.0,1,347.378
Nc1nc2cc(-c3ccc4ncc(N5CCOCC5)nc4c3)ccc2s1,100.0,7.0,1,363.44599999999997
Nc1nc2cc(-c3ccc4ncc(N5CCS(=O)(=O)CC5)nc4c3)ccc2o1,100.0,7.0,1,395.4440000000002
Nc1nc2cc(-c3ccc4ncc(N5CC[C@@H](N6CCOCC6)C5)nc4c3)ccc2o1,100.0,7.0,1,416.48500000000024
Nc1nc2cc(-c3ccc4ncc(N5CC[C@H](N6CCOCC6)C5)nc4c3)ccc2o1,1000.0,6.0,1,416.48500000000024
Nc1nc2cc(-c3ccc4ncc(N5CC[C@H](O)C5)nc4c3)ccc2o1,100.0,7.0,1,347.37800000000004
Nc1nc2cc(-c3ccc4ncc(N5CCn6cccc6C5)nc4c3)ccc2o1,100.0,7.0,1,382.42700000000013
Nc1nc2cc(-c3ccc4ncc(N5C[C@@H]6OCCO[C@@H]6C5)nc4c3)ccc2o1,2.5,8.602059991327963,1,389.4150000000001
Nc1nc2cc(-c3ccc4ncc(N5C[C@@H]6OCCO[C@H]6C5)nc4c3)ccc2o1,603.0,6.219682687859849,1,389.4150000000001
Nc1nc2cc(-c3ccc4ncc(NC5CCOCC5)nc4c3)ccc2o1,100.0,7.0,1,361.4050000000001
Nc1nc2cc(-c3ccc4ncc(NCC(=O)NO)nc4c3)ccc2o1,107.0,6.97061622231479,1,350.3380000000001
Nc1nc2cc(-c3ccc4ncc(NCCCN5CCCC5)nc4c3)ccc2o1,100.0,7.0,1,388.47500000000014
Nc1nc2cc(-c3ccc4ncc(NCCCN5CCOCC5)nc4c3)ccc2o1,100.0,7.0,1,404.47400000000016
Nc1nc2cc(-c3ccc4ncc(NCCN5CCCC5)nc4c3)ccc2o1,1000.0,6.0,1,374.4480000000001
Nc1nc2cc(-c3ccc4ncc(NCCN5CCOCC5)nc4c3)ccc2o1,100.0,7.0,1,390.4470000000001
Nc1nc2cc(-c3ccc4ncc(N[C@H]5CC[C@H](O)CC5)nc4c3)ccc2o1,100.0,7.0,1,375.43200000000013
Nc1nc2cc(-c3ccc4ncc(OC5CCOCC5)nc4c3)ccc2o1,100.0,7.0,1,362.38900000000007
Nc1nc2cc(-c3ccc4ncc(S(=O)(=O)N5CCOCC5)n4c3)ccc2o1,10000.0,5.0,0,399.43200000000024
Nc1nc2cc(-c3ccc4nccc(-c5cccnc5)c4c3)ccc2o1,100.0,7.0,1,338.37000000000006
Nc1nc2cc(-c3ccc4nccc(-c5ccncc5)c4c3)ccc2o1,100.0,7.0,1,338.37000000000006
Nc1nc2cc(-c3ccc4nccc(-c5ccncc5)c4c3)ccc2s1,100.0,7.0,1,354.43800000000005
Nc1nc2cc(-c3ccc4nccc(-c5cn[nH]c5)c4c3)ccc2o1,100.0,7.0,1,327.3470000000001
Nc1nc2cc(-c3ccc4nccc(CCN5CCOCC5)c4c3)ccc2o1,1000.0,6.0,1,374.44400000000013
Nc1nc2cc(-c3ccc4nccc(N5CCOCC5)c4c3)ccc2o1,100.0,7.0,1,346.39000000000004
Nc1nc2cc(-c3ccc4nccc(NC5CCOCC5)c4c3)ccc2o1,10000.0,5.0,0,360.41700000000014
Nc1nc2cc(-c3ccc4nccc(NCCN5CCOCC5)c4c3)ccc2o1,100.0,7.0,1,389.4590000000002
Nc1nc2cc(-c3ccc4nccn4c3)ccc2o1,10000.0,5.0,0,250.261
Nc1nc2cc(-c3ccc4ncn(C(=O)N5CCOCC5)c4c3)ccc2o1,10000.0,5.0,0,363.3770000000001
Nc1nc2cc(-c3ccc4ncn(C5CC5)c(=O)c4c3)ccc2o1,1000.0,6.0,1,318.336
Nc1nc2cc(-c3ccc4ncn(C5CCC5)c(=O)c4c3)ccc2o1,100.0,7.0,1,332.363
Nc1nc2cc(-c3ccc4ncn(C5CCCC5)c(=O)c4c3)ccc2o1,10000.0,5.0,0,346.39000000000004
Nc1nc2cc(-c3ccc4ncn(C5CCNCC5)c(=O)c4c3)ccc2o1,100.0,7.0,1,361.4050000000001
Nc1nc2cc(-c3ccc4ncn(C5CCOCC5)c(=O)c4c3)ccc2o1,1000.0,6.0,1,362.38900000000007
Nc1nc2cc(-c3ccc4ncn(C5CCOCC5)c4c3)ccc2o1,10000.0,5.0,0,334.379
Nc1nc2cc(-c3ccc4ncn(CCCN5CCCC5)c(=O)c4c3)ccc2o1,1000.0,6.0,1,389.4590000000001
Nc1nc2cc(-c3ccc4ncn(CCCN5CCOCC5)c(=O)c4c3)ccc2o1,1000.0,6.0,1,405.45800000000014
Nc1nc2cc(-c3ccc4ncn(CCN5CCCC5)c(=O)c4c3)ccc2o1,10000.0,5.0,0,375.4320000000001
Nc1nc2cc(-c3ccc4ncn(CCN5CCOCC5)c(=O)c4c3)ccc2o1,1000.0,6.0,1,391.43100000000015
Nc1nc2cc(-c3ccc4ncn(CCO)c(=O)c4c3)ccc2o1,100.0,7.0,1,322.324
Nc1nc2cc(-c3ccc4ncnc(N5CCC(O)CC5)c4c3)ccc2o1,100.0,7.0,1,361.40500000000014
Nc1nc2cc(-c3ccc4ncnc(N5CCOCC5)c4c3)ccc2o1,100.0,7.0,1,347.37800000000004
Nc1nc2cc(-c3ccc4ncnc(NC5CCN(C(=O)C6CC6)CC5)c4c3)ccc2o1,100.0,7.0,1,428.49600000000027
Nc1nc2cc(-c3ccc4ncnc(NC5CCOCC5)c4c3)ccc2o1,100.0,7.0,1,361.40500000000014
Nc1nc2cc(-c3ccc4ncnc(OC5CCOCC5)c4c3)ccc2o1,100.0,7.0,1,362.3890000000001
Nc1nc2cc(-c3ccc4nnc(-c5cccnc5)n4c3)ccc2o1,10000.0,5.0,0,328.33500000000004
Nc1nc2cc(-c3ccc4nnc(-c5ccncc5)n4c3)ccc2o1,1000.0,6.0,1,328.33500000000004
Nc1nc2cc(-c3ccc4nnc(C(=O)N5CCOCC5)n4c3)ccc2o1,10000.0,5.0,0,364.36500000000007
Nc1nc2cc(-c3ccc4oc(N)nc4c3)ccc2o1,1000.0,6.0,1,266.26
Nc1nc2cc(-c3ccc4sc(N)nc4c3)cc(F)c2o1,10000.0,5.0,0,300.31800000000004
Nc1nc2cc(-c3ccc4sc(N)nc4c3)ccc2o1,10000.0,5.0,0,282.32800000000003
Nc1nc2cc(-c3cccc4[nH]nc(N)c34)ccc2o1,10000.0,5.0,0,265.276
Nc1nc2cc(-c3ccn4ncc(-c5ccncc5)c4c3)ccc2o1,100.0,7.0,1,327.34700000000004
Nc1nc2cc(-c3ccn4ncc(-c5ccncc5)c4n3)ccc2o1,100.0,7.0,1,328.33500000000004
Nc1nc2cc(-c3ccn4ncc(C(=O)N5CCC(N6CCOCC6)CC5)c4c3)ccc2o1,1000.0,6.0,1,446.5110000000003
Nc1nc2cc(-c3ccn4ncc(C(=O)N5CCCC5)c4c3)ccc2o1,100.0,7.0,1,347.37800000000004
Nc1nc2cc(-c3ccn4ncc(C(=O)N5CCOCC5)c4c3)ccc2o1,1000.0,6.0,1,363.3770000000001
Nc1nc2cc(-c3ccncc3)ccc2s1,10200.0,4.991399828238082,0,227.29199999999997
Nc1nc2cc(-c3cn(C4CCOCC4)c4ncnc(N)c34)ccc2o1,10000.0,5.0,0,350.38200000000006
Nc1nc2cc(-c3cn4c(-c5ccncc5)cnc4cn3)ccc2o1,100.0,7.0,1,328.33500000000004
Nc1nc2cc(-c3cn4c(-c5cn[nH]c5)cnc4cn3)ccc2o1,1000.0,6.0,1,317.31200000000007
Nc1nc2cc(-c3cn4c(C(=O)N5CCOCC5)cnc4cn3)ccc2o1,10000.0,5.0,0,364.365
Nc1nc2cc(-c3cnc4ncc(-c5ccncc5)n4c3)ccc2o1,10000.0,5.0,0,328.33500000000004
Nc1nc2cc(-c3nc(N4CCNCC4)nc(N4CCOCC4)n3)ccc2o1,569.0,6.244887733604929,1,382.42800000000017
Nc1nc2cc(-c3nc(N4CCOCC4)c4cnn(C5CCNCC5)c4n3)ccc2o1,1000.0,6.0,1,420.47700000000015
Nc1nc2cc(-c3nc(N4CCOCC4)nc(N4CCOCC4)n3)ccc2o1,4.4,8.356547323513812,1,383.41200000000015
Nc1nc2cc(-c3nc(NC4CCC(C(F)(F)F)CC4)nc(N4CCOCC4)n3)ccc2o1,703.0,6.153044674980176,1,463.4640000000003
Nc1nc2cc(-c3nc(NC4CCOCC4)nc(N4CCOCC4)n3)ccc2o1,4239.0,5.372736583431779,0,397.4390000000002
Nc1nc2cc(-c3nc(Nc4cccc(C(F)(F)F)c4)nc(N4CCOCC4)n3)ccc2o1,1412.0,5.850165303284215,0,457.4160000000003
Nc1nc2cc(-c3nc4cc(-c5cccnc5)cnc4s3)ccc2o1,10000.0,5.0,0,345.3870000000001
Nc1nc2cc(-c3nn(C4CC(=O)C4)c4ncnc(N)c34)ccc2o1,1000.0,6.0,1,335.32700000000006
Nc1nc2cc(-c3nn(C4CC(O)C4)c4ncnc(N)c34)ccc2o1,100.0,7.0,1,337.3430000000001
Nc1nc2cc(-c3nn(C4CCC(N5CCOCC5)CC4)c4ncnc(N)c34)ccc2o1,10000.0,5.0,0,434.50400000000025
Nc1nc2cc(-c3nn(C4CCOCC4)c4ncnc(N)c34)ccc2o1,1000.0,6.0,1,351.37000000000006
Nc1nc2cc(-c3nn(CC4CCCC4)c4ncnc(N)c34)ccc2o1,3.5,8.455931955649724,1,349.3980000000001
Nc1nc2cc(-c3nn(CC4CCCO4)c4ncnc(N)c34)ccc2o1,44.0,7.356547323513812,1,351.37000000000006
Nc1nc2cc(-c3nn(CC4OCCO4)c4ncnc(N)c34)ccc2o1,115.0,6.939302159646388,1,353.3420000000001
Nc1nc2cc(C3CCc4ncc(-c5ccc(N6CCOCC6)nc5)n4C3)ccc2o1,100.0,7.0,1,416.48500000000024
Nc1nc2ccc(-c3cc(F)c4ncc(C(=O)N5CCOCC5)n4c3)cc2o1,10000.0,5.0,0,381.36700000000013
Nc1nc2ccc(-c3cc(F)c4oc(N)nc4c3)cc2o1,1000.0,6.0,1,284.25
Nc1nc2ccc(-c3cc[nH]c(=O)c3)cc2s1,3981.07,5.40000018605658,0,243.291
Nc1nc2ccc(-c3ccc(=O)[nH]c3)cc2s1,25118.86,4.600000074606178,0,243.291
Nc1nc2ccc(-c3ccc(C(F)(F)F)nc3)cc2s1,1995.26,5.700000503883016,0,295.289
Nc1nc2ccc(-c3ccc(CO)nc3)cc2s1,3162.28,5.499999678657065,0,257.318
Nc1nc2ccc(-c3ccc(OCCO)nc3)cc2s1,1258.93,5.899998417198648,0,287.34399999999994
Nc1nc2ccc(-c3ccc4nc(N)oc4c3)cc2o1,10000.0,5.0,0,266.26
Nc1nc2ccc(-c3ccc4nc(N)sc4c3)cc2o1,1000.0,6.0,1,282.32800000000003
Nc1nc2ccc(-c3ccc4ncc(C(=O)N5CCOCC5)n4c3)cc2o1,1000.0,6.0,1,363.3770000000001
Nc1nc2ccc(-c3ccc4ncc(C(=O)N5CCOCC5)n4c3)cc2s1,1000.0,6.0,1,379.4450000000001
Nc1nc2ccc(-c3ccc4ncc(C(=O)N5CCO[C@@H](CO)C5)n4c3)cc2o1,18.6,7.730487055782084,1,393.40300000000013
Nc1nc2ccc(-c3ccc4ncc(N5CCOCC5)nc4c3)cc2o1,100.0,7.0,1,347.37800000000004
Nc1nc2ccc(-c3ccc4ncc(N5CCOCC5)nc4c3)cc2s1,100.0,7.0,1,363.446
Nc1nc2ccc(-c3ccc4nccc(-c5ccncc5)c4c3)cc2o1,100.0,7.0,1,338.37000000000006
Nc1nc2ccc(-c3ccc4nccc(-c5ccncc5)c4c3)cc2s1,100.0,7.0,1,354.43800000000005
Nc1nc2ccc(-c3ccc4ncn(C5CCOCC5)c(=O)c4c3)cc2o1,10000.0,5.0,0,362.3890000000001
Nc1nc2ccc(-c3ccc4nnc(-c5cccnc5)n4c3)cc2o1,10000.0,5.0,0,328.33500000000004
Nc1nc2ccc(-c3ccc4nnc(-c5ccncc5)n4c3)cc2o1,10000.0,5.0,0,328.33500000000004
Nc1nc2ccc(-c3ccc4nnc(C(=O)N5CCCC5)n4c3)cc2o1,10000.0,5.0,0,348.3660000000001
Nc1nc2ccc(-c3ccc4sc(N)nc4c3)cc2o1,100.0,7.0,1,282.32800000000003
Nc1nc2ccc(-c3cccc(O)c3)cc2s1,10800.0,4.966576244513051,0,242.303
Nc1nc2ccc(-c3ccccc3)cc2s1,12589.25,4.900000142057633,0,226.304
Nc1nc2ccc(-c3ccccn3)cc2s1,10000.0,5.0,0,227.292
Nc1nc2ccc(-c3cccnc3)cc2s1,1995.26,5.700000503883016,0,227.292
Nc1nc2ccc(-c3ccn(CC4CC4)c(=O)c3)cc2s1,6309.57,5.200000237109354,0,297.383
Nc1nc2ccc(-c3ccncc3)cc2s1,7755.945,5.1103652793098355,0,227.292
Nc1nc2ccc(-c3cnc(Cl)c(NS(=O)(=O)c4ccc(F)cc4)c3)cc2s1,44.0,7.356547323513812,1,434.9050000000001
Nc1nc2ccc(-c3cncc(NS(=O)(=O)c4ccc(Cl)cc4)c3)cn2n1,158.49,6.799998134593398,1,400.851
Nc1nc2ccc(-c3cncc(S(=O)(=O)NCC4CC4)c3)cn2n1,3162.28,5.499999678657065,0,344.40000000000003
Nc1nc2ccc(-c3cncc(S(=O)(=O)NCc4ccccc4)c3)cn2n1,19952.62,4.70000006855703,0,380.433
Nc1nc2ccc(-c3cncc(S(=O)(=O)Nc4ccc(Cl)cc4)c3)cn2n1,3981.07,5.40000018605658,0,400.851
Nc1nc2ccc(-c3cncc(S(=O)(=O)Nc4cccc5ccccc45)c3)cn2n1,100.0,7.0,1,416.46600000000007
Nc1nc2ccc(-c3cnccn3)cc2s1,1995.26,5.700000503883016,0,228.27999999999997
Nc1nc2ccc(-c3cnn(C4CC4)c3)cc2s1,10000.0,5.0,0,256.33399999999995
Nc1nc2ccc(-c3cnn(CC4CC4)c3)cc2s1,12589.25,4.900000142057633,0,270.36099999999993
Nc1nc2ccc(-c3cnn(Cc4ccccc4)c3)cc2s1,7943.28,5.100000128334196,0,306.394
Nc1nc2ccc(-c3nc(N4CCOCC4)nc(N4CCC(C(F)(F)F)CC4)n3)cc2s1,5358.0,5.27099729072781,0,465.5050000000001
Nc1nc2ccc(-c3nc(N4CCOCC4)nc(N4CCOCC4)n3)cc2s1,357.0,6.447331783887806,1,399.48000000000013
Nc1nc2ccc(-c3nc(Nc4ccc5c(c4)OCO5)nc(Nc4ccc5c(c4)OCO5)n3)cc2o1,10000.0,5.0,0,483.44400000000024
Nc1nc2ccc(-c3ncccn3)cc2s1,100000.0,4.0,0,228.28
Nc1nc2ccc(Cl)cc2c2nc(-c3ccco3)nn12,1280.0,5.892790030352131,0,285.694
Nc1nc2cccc(-c3ccc4ncc(C(=O)N5CCOCC5)n4c3)c2s1,10000.0,5.0,0,379.44500000000016
Nc1nc2cccc(-c3ccc4nccc(-c5ccncc5)c4c3)c2o1,100.0,7.0,1,338.37000000000006
Nc1nc2cccc(-c3ccc4nccc(-c5ccncc5)c4c3)c2s1,100.0,7.0,1,354.43800000000005
Nc1nc2nc(-c3ccc4ncc(C(=O)N5CCOCC5)n4c3)ccc2o1,10000.0,5.0,0,364.36500000000007
Nc1nc2nc(-c3ccncc3)ccn2n1,83300.0,4.079354998593212,0,212.216
Nc1ncc(-c2cc(C(=O)C3CCOC3)cc(N3CCOCC3)n2)cn1,14.0,7.853871964321762,1,355.39800000000014
Nc1ncc(-c2cc(C(=O)C3CCOCC3)cc(N3CCOCC3)n2)cn1,23.0,7.638272163982407,1,369.4250000000001
Nc1ncc(-c2cc(C(=O)c3ccccc3)cc(N3CCOCC3)n2)cn1,37.0,7.431798275933005,1,361.4050000000002
Nc1ncc(-c2cc(C(=O)c3ccccc3Cl)cc(N3CCOCC3)n2)cn1,14.0,7.853871964321762,1,395.85000000000025
Nc1ncc(-c2cc(C(F)(F)C3CCOCC3)cc(N3CCOCC3)n2)cn1,12.0,7.920818753952375,1,391.42200000000014
Nc1ncc(-c2cc(C(F)(F)c3ccccc3)cc(N3CCOCC3)n2)cn1,46.0,7.337242168318426,1,383.4020000000002
Nc1ncc(-c2cc(C3(c4ccccc4)CC3)cc(N3CCOCC3)n2)cn1,56.0,7.251811972993799,1,373.4600000000002
Nc1ncc(-c2cc(C3CCOc4ccccc43)cc(N3CCOCC3)n2)cn1,62.0,7.2076083105017466,1,389.4590000000002
Nc1ncc(-c2cc(Cc3ccccc3)cc(N3CCOCC3)n2)cn1,120.0,6.920818753952375,1,347.42200000000014
Nc1ncc(-c2cc(N3C(=O)O[C@@H](c4ccc(OCCCO)cc4)[C@@H]3CO)nc(N3CCOCC3)n2)c(C(F)(F)F)n1,7.0,8.154901959985743,1,591.5470000000005
Nc1ncc(-c2cc(N3C(=O)O[C@@H](c4ccc(OCCO)cc4)[C@@H]3CO)nc(N3CCOCC3)n2)c(C(F)(F)F)n1,6.0,8.221848749616356,1,577.5200000000004
Nc1ncc(-c2cc(N3C(=O)O[C@@H](c4ccccc4)[C@@H]3CO)nc(N3CCOCC3)n2)c(C(F)(F)F)n1,9.0,8.045757490560675,1,517.4680000000003
Nc1ncc(-c2cc(N3CCC(=O)CC3)nc(N3CCOCC3)n2)c(C(F)(F)F)n1,327.0,6.485452247339714,1,423.3990000000001
Nc1ncc(-c2cc(N3CCCCC3)cc(S(=O)(=O)c3ccccc3)c2)cn1,30000.0,4.522878745280337,0,394.50000000000006
Nc1ncc(-c2cc(N3CCCCC3=O)nc(N3CCOCC3)n2)c(C(F)(F)F)n1,94.0,7.026872146400302,1,423.3990000000001
Nc1ncc(-c2cc(N3CCCc4ccccc43)cc(N3CCOCC3)n2)cn1,120.0,6.920818753952375,1,388.4750000000002
Nc1ncc(-c2cc(N3CCN(c4ccccc4)C3=O)nc(N3CCOCC3)n2)c(C(F)(F)F)n1,91.0,7.040958607678906,1,486.45800000000025
Nc1ncc(-c2cc(N3CCOC(c4ccccc4)C3)nc(N3CCOCC3)n2)c(C(F)(F)F)n1,15.0,7.823908740944319,1,487.4860000000003
Nc1ncc(-c2cc(N3CCOCC3)cc(S(=O)(=O)/C=C/c3ccccc3O)c2)cn1,1100.0,5.958607314841775,0,438.50900000000007
Nc1ncc(-c2cc(N3CCOCC3)cc(S(=O)(=O)C(F)(F)c3ccccc3)c2)cn1,210.0,6.6777807052660805,1,446.47900000000004
Nc1ncc(-c2cc(N3CCOCC3)cc(S(=O)(=O)C3CCC(F)(F)CC3)c2)cn1,530.0,6.275724130399211,1,438.50000000000017
Nc1ncc(-c2cc(N3CCOCC3)cc(S(=O)(=O)C3CCCCC3)c2)cn1,490.0,6.309803919971486,1,402.5200000000002
Nc1ncc(-c2cc(N3CCOCC3)cc(S(=O)(=O)C3CCOC3)c2)c(C(F)(F)F)n1,460.0,6.337242168318426,1,458.46200000000016
Nc1ncc(-c2cc(N3CCOCC3)cc(S(=O)(=O)C3CCOC3)c2)cn1,120.0,6.920818753952375,1,390.46500000000015
Nc1ncc(-c2cc(N3CCOCC3)cc(S(=O)(=O)C3CCOCC3)c2)cn1,330.0,6.481486060122113,1,404.4920000000002
Nc1ncc(-c2cc(N3CCOCC3)cc(S(=O)(=O)C3CN(C(=O)C4CC4)C3)c2)cn1,100.0,7.0,1,443.5290000000002
Nc1ncc(-c2cc(N3CCOCC3)cc(S(=O)(=O)C3CN(C(=O)Cc4ccc(F)cc4)C3)c2)cn1,180.0,6.7447274948966935,1,511.57900000000024
Nc1ncc(-c2cc(N3CCOCC3)cc(S(=O)(=O)C3CN(C(=O)c4ccc(F)cc4)C3)c2)cn1,210.0,6.6777807052660805,1,497.5520000000002
Nc1ncc(-c2cc(N3CCOCC3)cc(S(=O)(=O)C3CN(C4CCOCC4)C3)c2)cn1,1300.0,5.886056647693163,0,459.5720000000003
Nc1ncc(-c2cc(N3CCOCC3)cc(S(=O)(=O)C3CN(Cc4ccc(F)cc4)C3)c2)cn1,660.0,6.180456064458132,1,483.5690000000002
Nc1ncc(-c2cc(N3CCOCC3)cc(S(=O)(=O)C3CNC3)c2)cn1,500.0,6.301029995663981,1,375.45400000000006
Nc1ncc(-c2cc(N3CCOCC3)cc(S(=O)(=O)C3COc4ccccc43)c2)cn1,110.0,6.958607314841775,1,438.5090000000001
Nc1ncc(-c2cc(N3CCOCC3)cc(S(=O)(=O)CC3CCC(F)(F)CC3)c2)cn1,1100.0,5.958607314841775,0,452.5270000000002
Nc1ncc(-c2cc(N3CCOCC3)cc(S(=O)(=O)CC3CCCCC3)c2)cn1,810.0,6.0915149811213505,1,416.54700000000025
Nc1ncc(-c2cc(N3CCOCC3)cc(S(=O)(=O)CC3CCOC3)c2)cn1,740.0,6.130768280269024,1,404.4920000000002
Nc1ncc(-c2cc(N3CCOCC3)cc(S(=O)(=O)CC3CCOCC3)c2)cn1,790.0,6.102372908709558,1,418.51900000000023
Nc1ncc(-c2cc(N3CCOCC3)cc(S(=O)(=O)CCc3ccc(F)cc3)c2)cn1,290.0,6.5376020021010435,1,442.51600000000013
Nc1ncc(-c2cc(N3CCOCC3)cc(S(=O)(=O)Cc3c[nH]c4ccccc34)c2)cn1,470.0,6.327902142064283,1,449.5360000000001
Nc1ncc(-c2cc(N3CCOCC3)cc(S(=O)(=O)Cc3c[nH]cn3)c2)cn1,460.0,6.337242168318426,1,400.46400000000006
Nc1ncc(-c2cc(N3CCOCC3)cc(S(=O)(=O)Cc3ccc(CO)cc3)c2)cn1,370.0,6.431798275933005,1,440.52500000000015
Nc1ncc(-c2cc(N3CCOCC3)cc(S(=O)(=O)Cc3ccc(F)cc3)c2)cn1,370.0,6.431798275933005,1,428.4890000000001
Nc1ncc(-c2cc(N3CCOCC3)cc(S(=O)(=O)Cc3ccc(F)cc3F)c2)cn1,270.0,6.568636235841013,1,446.4790000000001
Nc1ncc(-c2cc(N3CCOCC3)cc(S(=O)(=O)Cc3ccc(N4CCOCC4)cc3)c2)cn1,410.0,6.3872161432802645,1,495.6050000000003
Nc1ncc(-c2cc(N3CCOCC3)cc(S(=O)(=O)Cc3ccc(NS(N)(=O)=O)cc3)c2)cn1,480.0,6.318758762624412,1,504.59400000000016
Nc1ncc(-c2cc(N3CCOCC3)cc(S(=O)(=O)Cc3ccc4[nH]ccc4c3)c2)cn1,260.0,6.585026652029182,1,449.5360000000001
Nc1ncc(-c2cc(N3CCOCC3)cc(S(=O)(=O)Cc3ccc4[nH]cnc4c3)c2)cn1,470.0,6.327902142064283,1,450.5240000000001
Nc1ncc(-c2cc(N3CCOCC3)cc(S(=O)(=O)Cc3ccccc3)c2)c(C(F)(F)F)n1,980.0,6.008773924307505,1,478.4960000000001
Nc1ncc(-c2cc(N3CCOCC3)cc(S(=O)(=O)Cc3ccccc3)c2)cn1,100.0,7.0,1,410.4990000000001
Nc1ncc(-c2cc(N3CCOCC3)cc(S(=O)(=O)Cc3ccccc3F)c2)cn1,280.0,6.552841968657781,1,428.4890000000001
Nc1ncc(-c2cc(N3CCOCC3)cc(S(=O)(=O)Cc3ccncc3)c2)cn1,510.0,6.292429823902063,1,411.4870000000001
Nc1ncc(-c2cc(N3CCOCC3)cc(S(=O)(=O)[C@@H]3CCOC3)c2)cc1C(F)(F)F,1600.0,5.795880017344075,0,457.47400000000016
Nc1ncc(-c2cc(N3CCOCC3)cc(S(=O)(=O)[C@@H]3CCOC3)c2)cn1,130.0,6.886056647693163,1,390.46500000000015
Nc1ncc(-c2cc(N3CCOCC3)cc(S(=O)(=O)[C@@H]3CCOC3)c2)s1,750.0,6.1249387366083,1,395.50600000000014
Nc1ncc(-c2cc(N3CCOCC3)cc(S(=O)(=O)[C@H]3CCOC3)c2)cn1,110.0,6.958607314841775,1,390.46500000000015
Nc1ncc(-c2cc(N3CCOCC3)cc(S(=O)(=O)c3c[nH]c4ccccc34)c2)cn1,2400.0,5.619788758288394,0,435.50900000000007
Nc1ncc(-c2cc(N3CCOCC3)cc(S(=O)(=O)c3ccc(C(F)(F)F)cc3)c2)cn1,7300.0,5.136677139879544,0,464.46900000000005
Nc1ncc(-c2cc(N3CCOCC3)cc(S(=O)(=O)c3ccc(F)c(Cl)c3)c2)cn1,1400.0,5.853871964321762,0,448.9070000000001
Nc1ncc(-c2cc(N3CCOCC3)cc(S(=O)(=O)c3ccc(F)cc3)c2)cn1,1300.0,5.886056647693163,0,414.46200000000005
Nc1ncc(-c2cc(N3CCOCC3)cc(S(=O)(=O)c3ccc(N4CCOCC4)cc3)c2)cn1,1100.0,5.958607314841775,0,481.57800000000026
Nc1ncc(-c2cc(N3CCOCC3)cc(S(=O)(=O)c3ccc(OC(F)(F)F)cc3)c2)cn1,3500.0,5.455931955649724,0,480.4680000000001
Nc1ncc(-c2cc(N3CCOCC3)cc(S(=O)(=O)c3ccc4c(c3)OCC4)c2)cn1,2300.0,5.638272163982407,0,438.5090000000002
Nc1ncc(-c2cc(N3CCOCC3)cc(S(=O)(=O)c3ccc4ccccc4c3)c2)cn1,1500.0,5.823908740944319,0,446.5320000000001
Nc1ncc(-c2cc(N3CCOCC3)cc(S(=O)(=O)c3ccc4ccoc4c3)c2)cn1,2300.0,5.638272163982407,0,436.4930000000001
Nc1ncc(-c2cc(N3CCOCC3)cc(S(=O)(=O)c3cccc(C(F)(F)F)c3)c2)cn1,1800.0,5.7447274948966935,0,464.46900000000005
Nc1ncc(-c2cc(N3CCOCC3)cc(S(=O)(=O)c3cccc4c3OCC4)c2)cn1,380.0,6.42021640338319,1,438.5090000000002
Nc1ncc(-c2cc(N3CCOCC3)cc(S(=O)(=O)c3cccc4ccoc34)c2)cn1,400.0,6.3979400086720375,1,436.4930000000001
Nc1ncc(-c2cc(N3CCOCC3)cc(S(=O)(=O)c3ccccc3)c2)c(C(F)(F)F)n1,2000.0,5.698970004336019,0,464.46900000000005
Nc1ncc(-c2cc(N3CCOCC3)cc(S(=O)(=O)c3ccccc3)c2)cn1,610.0,6.214670164989233,1,396.47200000000004
Nc1ncc(-c2cc(N3CCOCC3)cc(S(=O)(=O)c3ccccc3)n2)cn1,3300.0,5.481486060122113,0,397.46000000000004
Nc1ncc(-c2cc(N3CCOCC3)cc(S(=O)(=O)c3coc4ccccc34)c2)cn1,1200.0,5.920818753952375,0,436.4930000000001
Nc1ncc(-c2cc(N3CCOCC3)nc(N3CCOCC3)n2)c(=O)[nH]1,15.0,7.823908740944319,1,359.3900000000001
Nc1ncc(-c2cc(N3CCOCC3)nc(N3CCOCC3)n2)c(C(F)(F)F)n1,15.0,7.823908740944319,1,411.3880000000001
Nc1ncc(-c2cc(N3CCOCC3)nc(N3CCOCC3)n2)c(N)n1,23.0,7.638272163982407,1,358.4060000000001
Nc1ncc(-c2cc(N3CCOCC3)nc(N3CCOCC3)n2)cn1,18.4,7.735182176990463,1,343.3910000000001
Nc1ncc(-c2cc(N3CCOCC3)nc(S(=O)(=O)c3ccccc3)c2)cn1,880.0,6.055517327849832,1,397.46000000000004
Nc1ncc(-c2cc(NC3CCOCC3)nc(N3CCOCC3)n2)cn1,13.0,7.886056647693163,1,357.4180000000001
Nc1ncc(-c2cc(N[C@@]3(CO)CCN(C(=O)OCC(F)F)C3)nc(N3CCOCC3)n2)cn1,52.0,7.2839966563652006,1,480.4760000000002
Nc1ncc(-c2cc(Nc3ccc(Oc4ccccc4)nc3)nc(N3CCOCC3)n2)cn1,2.0,8.698970004336019,1,442.48300000000023
Nc1ncc(-c2cc(Nc3cnc4ccccc4c3)nc(N3CCOCC3)n2)c(=O)[nH]1,7.4,8.130768280269024,1,416.4450000000003
Nc1ncc(-c2cc(Nc3cnc4ccccc4c3)nc(N3CCOCC3)n2)c(C(F)(F)F)n1,2.2,8.657577319177793,1,468.44300000000027
Nc1ncc(-c2cc(Nc3cnc4ccccc4c3)nc(N3CCOCC3)n2)c(N)n1,2.6,8.585026652029182,1,415.4610000000003
Nc1ncc(-c2cc(Nc3cnc4ccccc4c3)nc(N3CCOCC3)n2)cn1,2.0,8.698970004336019,1,400.44600000000025
Nc1ncc(-c2cc(OC3CCOC3)cc(N3CCOCC3)n2)cn1,23.0,7.638272163982407,1,343.3870000000001
Nc1ncc(-c2cc(OC3CN(C(=O)C4CC4)C3)cc(N3CCOCC3)n2)cn1,34.0,7.468521082957745,1,396.4510000000002
Nc1ncc(-c2cc(OC3CN(C(=O)C4CC4)C3)cc3c2CNC3=O)cc1C(F)(F)F,2042.0,5.689944262249108,0,432.4020000000001
Nc1ncc(-c2cc(Oc3ccc(Cl)c(C(F)(F)F)c3)cc(N3CCOCC3)n2)cn1,1215.0,5.915423722065669,0,451.83600000000024
Nc1ncc(-c2cc(Oc3ccccc3)cc(N3CCOCC3)n2)cn1,91.0,7.040958607678906,1,349.3940000000002
Nc1ncc(-c2cc(Oc3ccccc3)cc(N3CCOCC3)n2)s1,3418.0,5.466227941615282,0,354.4350000000002
Nc1ncc(-c2cc(Oc3ccccc3Cl)cc(N3CCOCC3)n2)cn1,70.0,7.154901959985743,1,383.8390000000002
Nc1ncc(-c2cc(Oc3ccccc3OC(F)(F)F)cc(N3CCOCC3)n2)cn1,370.0,6.431798275933005,1,433.3900000000002
Nc1ncc(-c2cc(S(=O)(=O)C3CCOCC3)cc(N3CCOCC3)n2)cn1,13.0,7.886056647693163,1,405.48000000000013
Nc1ncc(-c2cc(S(=O)(=O)C3CCOc4ccccc43)cc(N3CCOCC3)n2)cn1,1.7,8.769551078621726,1,453.5240000000002
Nc1ncc(-c2cc(S(=O)(=O)C3COc4ccccc43)cc(N3CCOCC3)n2)cn1,7.0,8.154901959985743,1,439.49700000000024
Nc1ncc(-c2cc(S(=O)(=O)[C@@H]3CCOC3)cc(N3CCOCC3)n2)cn1,6.8,8.167491087293763,1,391.45300000000015
Nc1ncc(-c2cc(S(=O)(=O)[C@@H]3CCOc4ccccc43)cc(N3CCOCC3)n2)cn1,2.75,8.560667306169737,1,453.5240000000002
Nc1ncc(-c2cc(S(=O)(=O)[C@H]3CCOC3)cc(N3CCOCC3)n2)cn1,5.7,8.244125144327509,1,391.45300000000015
Nc1ncc(-c2cc(S(=O)(=O)c3ccccc3)cc(N3CC4CCC(C3)O4)n2)cn1,830.0,6.080921907623926,1,423.4980000000002
Nc1ncc(-c2cc(S(=O)(=O)c3ccccc3)cc(N3CCOCC3)n2)cn1,66.0,7.180456064458132,1,397.4600000000002
Nc1ncc(-c2cc(S(=O)(=O)c3ccccc3)cc(N3CCOCC3)n2)s1,502.0,6.29929628285498,1,402.5010000000002
Nc1ncc(-c2cc(S(=O)(=O)c3ccccc3Cl)cc(N3CCOCC3)n2)cn1,17.0,7.769551078621726,1,431.9050000000002
Nc1ncc(-c2ccc(Cl)c(S(=O)(=O)Nc3cccc(F)c3F)c2)c(OCC(F)(F)F)n1,110.0,6.958607314841775,1,494.8290000000001
Nc1ncc(-c2ccc(Cl)c(S(=O)(=O)Nc3cccc(F)c3F)c2)cn1,1663.0,5.779107750780481,0,396.80600000000004
Nc1ncc(-c2ccc3nc(NC(=O)CCCN4CCCCC4)sc3c2)cc1C(F)(F)F,14.0,7.853871964321762,1,463.52900000000017
Nc1ncc(-c2ccc3nc(NC(=O)CCCN4CCOCC4)sc3c2)cc1C(F)(F)F,25.0,7.6020599913279625,1,465.50100000000015
Nc1ncc(-c2ccc3ncc(C(=O)N4CCOCC4)n3c2)cc1C(F)(F)F,10000.0,5.0,0,391.353
Nc1ncc(-c2ccc3ncc(N4CCOCC4)n3c2)cc1S(=O)(=O)N1CCOCC1,480.0,6.318758762624412,1,444.5170000000002
Nc1ncc(-c2ccc3ncc4c(=O)[nH]c(=O)n(-c5cccc(C(F)(F)F)c5)c4c3n2)cn1,15.2,7.818156412055227,1,451.36800000000005
Nc1ncc(-c2ccc3nccc(-c4ccncc4)c3c2)cc1S(=O)(=O)Nc1ccc(F)cc1F,1.0,9.0,1,489.5070000000002
Nc1ncc(-c2ccc3nccc(-c4ccncc4)c3c2)cc1S(N)(=O)=O,10.0,8.0,1,377.42900000000014
Nc1ncc(-c2ccc3oc(N)nc3c2)cn1,10000.0,5.0,0,227.22699999999998
Nc1ncc(-c2ccnc(N3CCOCC3)n2)cn1,14.0,7.853871964321762,1,258.2849999999999
Nc1ncc(-c2cn(CCCCCC(=O)NO)c(=O)c(N3CCOCC3)n2)cn1,157.0,6.804100347590766,1,403.4430000000002
Nc1ncc(-c2cn(CCCCCCC(=O)NO)c(=O)c(N3CCOCC3)n2)cn1,127.0,6.896196279044043,1,417.4700000000002
Nc1ncc(-c2cn(CCCCCCCC(=O)NO)c(=O)c(N3CCOCC3)n2)cn1,278.0,6.555955204081924,1,431.4970000000002
Nc1ncc(-c2cn(Cc3ccc(C(=O)NO)cc3)c(=O)c(N3CCOCC3)n2)cn1,197.0,6.705533773838407,1,423.4330000000003
Nc1ncc(-c2cn3cc(C(=O)NC4CCOCC4)nc3c(N3CCOCC3)n2)cn1,23.55,7.628009088535085,1,424.46500000000026
Nc1ncc(-c2cn3cc(C(=O)NCCN4CCOCC4)nc3c(N3CCOCC3)n2)cn1,22.349999999999998,7.650722472532045,1,453.5070000000003
Nc1ncc(-c2cn3cc(C(=O)N[C@H]4CC[C@H](O)CC4)nc3c(N3CCOCC3)n2)cn1,40.0,7.3979400086720375,1,438.4920000000003
Nc1ncc(-c2cnc3ccc(-c4ccc5oc(N)nc5c4)cc3n2)cn1,1000.0,6.0,1,355.36100000000005
Nc1ncc(-c2cnc3sc(-c4ccc5[nH]ccc5c4)nn23)cc1C(F)(F)F,676.0,6.170053304058364,1,400.38900000000007
Nc1ncc(-c2cnc3sc(-c4cccc(S(=O)(=O)N5CCOCC5)c4)nn23)cc1C(F)(F)F,437.0,6.359518563029578,1,510.52300000000025
Nc1ncc(-c2nc(-c3ccc(CN4CCOCC4)s3)nc(N3CCOCC3)n2)cn1,9.5,8.022276394711152,1,440.5330000000002
Nc1ncc(-c2nc(N3CC4CCC(C3)O4)c3sccc3n2)cn1,246.0,6.609064892896621,1,340.412
Nc1ncc(-c2nc(N3CCOCC3)c3c(n2)N2CCOC[C@@H]2C3)cn1,76.0,7.119186407719209,1,355.4020000000001
Nc1ncc(-c2nc(N3CCOCC3)c3c(n2)N2CCOC[C@H]2C3)cn1,411.0,6.386158178123931,1,355.4020000000001
Nc1ncc(-c2nc(N3CCOCC3)c3ccc(CO)n3n2)cn1,10000.0,5.0,0,327.34799999999996
Nc1ncc(-c2nc(N3CCOCC3)c3ccc(NC(=O)c4cccnc4)cc3n2)cn1,33.0,7.481486060122112,1,428.4560000000001
Nc1ncc(-c2nc(N3CCOCC3)c3ccc(Nc4ccc[n+]([O-])c4)cc3n2)cn1,11.0,7.958607314841775,1,416.44500000000005
Nc1ncc(-c2nc(N3CCOCC3)c3ccc(Nc4ccccn4)cc3n2)cn1,31.0,7.508638306165727,1,400.446
Nc1ncc(-c2nc(N3CCOCC3)c3ccc(Nc4cccnc4)cc3n2)cn1,13.0,7.886056647693163,1,400.446
Nc1ncc(-c2nc(N3CCOCC3)c3cccc(N)c3n2)cn1,74.0,7.130768280269024,1,323.36
Nc1ncc(-c2nc(N3CCOCC3)c3cccc(Nc4ccc([N+](=O)[O-])cc4)c3n2)cn1,10000.0,5.0,0,444.4550000000001
Nc1ncc(-c2nc(N3CCOCC3)c3cccc(Nc4cccc(Cl)c4)c3n2)cn1,10000.0,5.0,0,433.9030000000001
Nc1ncc(-c2nc(N3CCOCC3)c3cccc(Nc4ccccc4)c3n2)cn1,10000.0,5.0,0,399.458
Nc1ncc(-c2nc(N3CCOCC3)c3cccc(Nc4ccccn4)c3n2)cn1,1655.0,5.781202001888262,0,400.446
Nc1ncc(-c2nc(N3CCOCC3)c3cccc(Nc4cccnc4)c3n2)cn1,142.0,6.847711655616943,1,400.446
Nc1ncc(-c2nc(N3CCOCC3)c3cccc(Nc4ccncc4)c3n2)cn1,778.0,6.1090204030103115,1,400.446
Nc1ncc(-c2nc(N3CCOCC3)c3cccn3n2)c(C(F)(F)F)n1,90.0,7.045757490560675,1,365.31899999999996
Nc1ncc(-c2nc(N3CCOCC3)c3cccn3n2)cn1,50.0,7.301029995663981,1,297.32199999999995
Nc1ncc(-c2nc(N3CCOCC3)c3cccn3n2)s1,6000.0,5.221848749616356,0,302.36299999999994
Nc1ncc(-c2nc(N3CCOCC3)c3cccnc3n2)cn1,144.0,6.841637507904751,1,309.33299999999997
Nc1ncc(-c2nc(N3CCOCC3)c3ccn(CCCCCCC(=O)NO)c3n2)cn1,11.0,7.958607314841775,1,440.50800000000027
Nc1ncc(-c2nc(N3CCOCC3)c3ncccc3n2)cn1,7.0,8.154901959985743,1,309.33299999999997
Nc1ncc(-c2nc(N3CCOCC3)c3ncn(CCCCCCC(=O)NO)c3n2)cn1,29.0,7.5376020021010435,1,441.49600000000027
Nc1ncc(-c2nc(N3CCOCC3)c3sc(CN4CCN(C(=O)c5cc(Cc6n[nH]c(=O)c7ccccc67)ccc5F)CC4)cc3n2)cn1,3.7,8.431798275933005,1,692.7810000000001
Nc1ncc(-c2nc(N3CCOCC3)c3sccc3n2)cn1,6.75,8.170696227168975,1,314.37399999999997
Nc1ncc(-c2nc(N3CCOCC3)nc(N3CCN(C(=O)c4cc(Cc5n[nH]c(=O)c6ccccc56)ccc4F)CC3)n2)cc1C(F)(F)F,1202.26,5.920001601921648,0,690.6620000000001
Nc1ncc(-c2nc(N3CCOCC3)nc(N3CCN(C(=O)c4cc(Cc5n[nH]c(=O)c6ccccc56)ccc4F)CC3)n2)cn1,92.6,7.033389013318065,1,623.653
Nc1ncc(-c2nc(N3CCOCC3)nc(N[C@@]3(CO)CCN(C(=O)OCC(F)F)C3)c2F)cn1,18.0,7.7447274948966935,1,498.46600000000024
Nc1ncc(-c2nc(N3CCOCC3)nc3c(CN4CCN(C(=O)CO)CC4)csc23)cn1,24.0,7.619788758288394,1,470.55900000000025
Nc1ncc(-c2nc(N3CCOCC3)nc3c2CCN3c2ccc(C(=O)N3CCOCC3)cc2F)cn1,42.0,7.376750709602099,1,506.54200000000026
Nc1ncc(-c2nc(N3CCOCC3)nc3c2CCN3c2ccc(CN3CCOCC3)cc2)cn1,46.0,7.337242168318426,1,474.56900000000024
Nc1ncc(-c2nc(N3CCOCC3)nc3c2CCN3c2ccc(CN3CCOCC3)cc2F)cn1,220.0,6.657577319177793,1,492.55900000000025
Nc1ncc(-c2nc(N3CCOCC3)nc3c2CCN3c2ccccc2)cn1,35.0,7.455931955649724,1,375.436
Nc1ncc(-c2nc(N3CCOCC3)nc3c2CCN3c2cccnc2)cn1,33.0,7.481486060122112,1,376.424
Nc1ncc(-c2nc(N3CCOCC3)nc3c2CCN3c2ccncc2)cn1,26.0,7.585026652029182,1,376.424
Nc1ncc(-c2nc(N3CCOCC3)nc3c2C[C@@H]2COCCN32)cn1,231.0,6.636388020107856,1,355.4020000000001
Nc1ncc(-c2nc(N3CCOCC3)nc3c2C[C@H]2COCCN32)cn1,1637.0,5.785951320588058,0,355.4020000000001
Nc1ncc(-c2nc(N3CCOCC3)nc3ccoc23)cn1,26.0,7.585026652029182,1,298.306
Nc1ncc(-c2nc3c(c(N4CCOCC4)n2)CCN(C(=O)c2cc(Cc4n[nH]c(=O)c5ccccc45)ccc2F)C3)cn1,36.893,7.433056028143446,1,593.6230000000002
Nc1ncc(N2CCOc3ccc(O[C@H]4CCN(C(=O)C5CCOCC5)C4)cc32)cc1C(F)(F)F,1573.0,5.803271277376713,0,492.49800000000033
Nc1ncc(N2CCc3ncnc(O[C@H]4CCN(C(=O)C5CCOCC5)C4)c3C2)cc1C(F)(F)F,590.0,6.229147988357855,1,492.50200000000035
Nc1ncc(Nc2cc(-c3cnc(N)nc3)nc(N3CCOCC3)n2)cn1,6.0,8.221848749616356,1,366.3890000000002
Nc1ncc2cc(-c3ccc4nccc(-c5ccncc5)c4c3)ccc2n1,1000.0,6.0,1,349.39700000000005
Nc1nccc(-c2c[nH]c3ncccc23)n1,10000.0,5.0,0,211.228
Nc1nccc(-c2ccc3c(N)n[nH]c3c2)n1,10000.0,5.0,0,226.243
Nc1nccn2c1c(-c1cc3cccc(Cl)c3[nH]1)nc2[C@H]1CC[C@H](C(=O)O)CC1,190.0,6.721246399047171,1,409.8770000000003
Nc1ncnc(-n2c(Nc3cccc(O)c3)nc3ccccc32)n1,130.0,6.886056647693163,1,319.32800000000003
Nc1ncnc(N2CCCC[C@H]2c2nc3cccc(Cl)c3c(=O)n2-c2ccccc2)c1C#Cc1ccccn1,1000.0,6.0,1,534.0230000000003
Nc1ncnc(N2CCC[C@H]2c2nc3cccc(Cl)c3c(=O)n2-c2ccccc2)c1C#Cc1ccccn1,1000.0,6.0,1,519.9960000000002
Nc1ncnc(N[C@H](CO)c2nc3cccc(Cl)c3c(=O)n2-c2ccccc2)c1C#Cc1ccc(F)cn1,1000.0,6.0,1,527.9470000000002
Nc1ncnc2[nH]nc(-c3ccc(-c4ccccc4)cc3)c12,100000.0,4.0,0,287.326
Nc1ncnc2[nH]nc(-c3ccc(NC(=O)c4ccc(-c5ccccc5)cc4)cc3)c12,100000.0,4.0,0,406.4490000000001
Nc1ncnc2[nH]nc(-c3ccc(Oc4ccccc4)cc3)c12,12000.0,4.920818753952375,0,303.32500000000005
Nc1ncnc2[nH]nc(-c3ccc([N+](=O)[O-])cc3)c12,100000.0,4.0,0,256.225
Nc1ncnc2[nH]nc(-c3ccc4c(c3)OCO4)c12,4900.0,5.309803919971486,0,255.23699999999997
Nc1ncnc2[nH]nc(-c3ccc4ccccc4c3)c12,3000.0,5.522878745280337,0,261.288
Nc1ncnc2[nH]nc(-c3cccc(O)c3)c12,4100.0,5.3872161432802645,0,227.227
Nc1ncnc2[nH]nc(-c3cccc(OCc4c(Cl)cccc4Cl)c3)c12,100000.0,4.0,0,386.242
Nc1ncnc2[nH]nc(-c3cccc(OCc4ccccc4)c3)c12,17000.0,4.769551078621726,0,317.35200000000003
Nc1ncnc2[nH]nc(-c3cccc(Oc4ccccc4)c3)c12,100000.0,4.0,0,303.32500000000005
Nc1ncnc2[nH]nc(-c3cccc([N+](=O)[O-])c3)c12,12000.0,4.920818753952375,0,256.225
Nc1ncnc2[nH]nc(-c3ccccc3)c12,8600.0,5.0655015487564325,0,211.228
Nc1ncnc2[nH]nc(-c3ccccc3O)c12,100000.0,4.0,0,227.227
Nc1ncnc2[nH]nc(C3CCc4ccccc4C3)c12,100000.0,4.0,0,265.32
Nc1ncnc2c1c(-c1cc(O)cc(F)c1)nn2C1CCCC1,266.0,6.575118363368933,1,313.3360000000002
Nc1ncnc2c1c(-c1cc(O)cc(F)c1)nn2Cc1nc2cccc(C#CCOCCOCCO)c2c(=O)n1Cc1ccccc1C(F)(F)F,14200.0,4.847711655616943,0,703.6530000000005
Nc1ncnc2c1c(-c1cc3c(Cl)cccc3[nH]1)nn2C1CCOCC1,500.0,6.301029995663981,1,368.8280000000002
Nc1ncnc2c1c(-c1cc3cc(O)cc(Cl)c3[nH]1)nn2C1CCOCC1,300.0,6.522878745280337,1,384.8270000000002
Nc1ncnc2c1c(-c1cc3cc(O)ccc3[nH]1)nn2C1CC(=O)C1,500.0,6.301029995663981,1,334.33900000000017
Nc1ncnc2c1c(-c1cc3cc(O)ccc3[nH]1)nn2C1CC(N2CCOCC2)C1,500.0,6.301029995663981,1,405.46200000000033
Nc1ncnc2c1c(-c1cc3cc(O)ccc3[nH]1)nn2C1CC(O)C1,500.0,6.301029995663981,1,336.35500000000013
Nc1ncnc2c1c(-c1cc3cc(O)ccc3[nH]1)nn2C1CCC(N2CCOCC2)CC1,500.0,6.301029995663981,1,433.5160000000004
Nc1ncnc2c1c(-c1cc3cc(O)ccc3[nH]1)nn2C1CCCC1,500.0,6.301029995663981,1,334.3830000000002
Nc1ncnc2c1c(-c1cc3cc(O)ccc3[nH]1)nn2C1CCCCC1,500.0,6.301029995663981,1,348.41000000000025
Nc1ncnc2c1c(-c1cc3cc(O)ccc3[nH]1)nn2C1CCN(C(=O)C2CC2)CC1,500.0,6.301029995663981,1,417.47300000000035
Nc1ncnc2c1c(-c1cc3cc(O)ccc3[nH]1)nn2C1CCOCC1,500.0,6.301029995663981,1,350.38200000000023
Nc1ncnc2c1c(-c1cc3cc(O)ccc3[nH]1)nn2CC(=O)N1CCOCC1,500.0,6.301029995663981,1,393.4070000000003
Nc1ncnc2c1c(-c1cc3cc(O)ccc3[nH]1)nn2CCN1CCOCC1,500.0,6.301029995663981,1,379.4240000000003
Nc1ncnc2c1c(-c1cc3cc(O)ccc3[nH]1)nn2Cc1cccnc1,500.0,6.301029995663981,1,357.3770000000001
Nc1ncnc2c1c(-c1cc3ccc(O)cc3[nH]1)nn2C1CCOCC1,500.0,6.301029995663981,1,350.38200000000023
Nc1ncnc2c1c(-c1cc3cccc(Cl)c3[nH]1)nn2C1CCOCC1,500.0,6.301029995663981,1,368.8280000000002
Nc1ncnc2c1c(-c1cc3cccc(O)c3[nH]1)nn2C1CCCC1,500.0,6.301029995663981,1,334.3830000000002
Nc1ncnc2c1c(-c1cc3cccc(O)c3[nH]1)nn2C1CCN(C(=O)C2CC2)CC1,500.0,6.301029995663981,1,417.47300000000035
Nc1ncnc2c1c(-c1cc3cccc(O)c3[nH]1)nn2C1CCOCC1,500.0,6.301029995663981,1,350.38200000000023
Nc1ncnc2c1c(-c1ccc(Br)c(O)c1)nn2C1CCC1,76.0,7.119186407719209,1,360.21500000000015
Nc1ncnc2c1c(-c1ccc(Br)c(O)c1)nn2C1CCCC1,142.0,6.847711655616943,1,374.2420000000002
Nc1ncnc2c1c(-c1ccc(Cl)c(O)c1)nn2C1CCC1,176.0,6.7544873321858505,1,315.7640000000001
Nc1ncnc2c1c(-c1ccc(Cl)c(O)c1)nn2C1CCCC1,225.0,6.647817481888637,1,329.79100000000017
Nc1ncnc2c1c(-c1ccc(Cl)c(O)c1)nn2CC1CCCN1,6290.0,5.201349354554731,0,344.80600000000015
Nc1ncnc2c1c(-c1ccc(Cl)c(O)c1)nn2CC1CCCNC1,100000.0,4.0,0,358.8330000000002
Nc1ncnc2c1c(-c1ccc(Cl)c(O)c1)nn2CC1CCNC1,3850.0,5.414539270491499,0,344.80600000000015
Nc1ncnc2c1c(-c1ccc(Cl)c(O)c1)nn2CC1CCNCC1,2660.0,5.575118363368933,0,358.8330000000002
Nc1ncnc2c1c(-c1ccc(Cl)c(O)c1)nn2CCC1CCCNC1,3680.0,5.434152181326482,0,372.86000000000024
Nc1ncnc2c1c(-c1ccc(Cl)c(O)c1)nn2[C@@H]1CCNC1,863.0,6.06398920428479,1,330.7790000000001
Nc1ncnc2c1c(-c1ccc(Cl)c(O)c1)nn2[C@@H]1CCOC1,293.0,6.533132379645891,1,331.76300000000015
Nc1ncnc2c1c(-c1ccc(Cl)c(O)c1)nn2[C@H]1CCOC1,113.0,6.94692155651658,1,331.76300000000015
Nc1ncnc2c1c(-c1ccc(F)c(O)c1)nn2C1CCC1,482.0,6.31695296176115,1,299.30900000000014
Nc1ncnc2c1c(-c1ccc(F)c(O)c1)nn2C1CCCC1,525.0,6.279840696594043,1,313.3360000000002
Nc1ncnc2c1c(-c1ccc(F)c(O)c1)nn2C1CCCCCC1,244.0,6.61261017366127,1,341.39000000000027
Nc1ncnc2c1c(-c1ccc(F)c(O)c1)nn2C1CNC1,1630.0,5.787812395596042,0,300.2970000000001
Nc1ncnc2c1c(-c1ccc(F)c(O)c1)nn2CC1CCNCC1,5250.0,5.279840696594043,0,342.3780000000002
Nc1ncnc2c1c(-c1ccc(F)c(O)c1)nn2Cc1ocnc1-c1ccccc1,100000.0,4.0,0,402.3890000000002
Nc1ncnc2c1c(-c1ccc(F)c(O)c1)nn2[C@@H]1CCNC1,9150.0,5.0385789059335515,0,314.3240000000001
Nc1ncnc2c1c(-c1ccc(F)c(O)c1)nn2[C@@H]1CCOC1,660.0,6.180456064458132,1,315.30800000000016
Nc1ncnc2c1c(-c1ccc(F)c(O)c1)nn2[C@H]1CCNC1,5760.0,5.239577516576788,0,314.3240000000001
Nc1ncnc2c1c(-c1ccc(F)c(O)c1)nn2[C@H]1CCOC1,650.0,6.187086643357144,1,315.30800000000016
Nc1ncnc2c1c(-c1ccc3[nH]c(=O)ccc3c1)nn2C1CCCC1,100000.0,4.0,0,346.3940000000002
Nc1ncnc2c1c(-c1ccc3[nH]ccc3c1)nn2C1CCCC1,531.0,6.274905478918531,1,318.3840000000002
Nc1ncnc2c1c(-c1ccc3[nH]ncc3c1)nn2C1CCCC1,209.0,6.679853713888946,1,319.3720000000002
Nc1ncnc2c1c(-c1ccc3cc[nH]c3c1)nn2C1CCCC1,4000.0,5.3979400086720375,0,318.3840000000002
Nc1ncnc2c1c(-c1ccc3ccccc3c1)nn2C1CCCC1,12000.0,4.920818753952375,0,329.4070000000002
Nc1ncnc2c1c(-c1ccc3ccccc3c1)nn2CC1CC1,5000.0,5.301029995663981,0,315.38000000000017
Nc1ncnc2c1c(-c1ccc3ccccc3c1)nn2CCc1ccccc1,33000.0,4.481486060122113,0,365.44000000000017
Nc1ncnc2c1c(-c1ccc3ccccc3c1)nn2Cc1ccccc1,100000.0,4.0,0,351.4130000000001
Nc1ncnc2c1c(-c1ccc3cn[nH]c3c1)nn2C1CCCC1,82.0,7.086186147616283,1,319.3720000000002
Nc1ncnc2c1c(-c1ccc3ncccc3c1)nn2C1CCCC1,70.0,7.154901959985743,1,330.3950000000002
Nc1ncnc2c1c(-c1ccc3occc(=O)c3c1)nn2C1CCCC1,344.0,6.46344155742847,1,347.37800000000016
Nc1ncnc2c1c(-c1ccc3occc3c1)nn2C1CCCC1,2690.0,5.570247719997592,0,319.36800000000017
Nc1ncnc2c1c(-c1cccc(O)c1)cn2[C@H]1C[C@@H](CN2CCC2)C1,1400.0,5.853871964321762,0,349.4380000000002
Nc1ncnc2c1c(-c1cccc(O)c1F)nn2C1CCCC1,1270.0,5.896196279044043,0,313.3360000000002
Nc1ncnc2c1c(-c1cccc(OC[C@@H]3CCCO3)c1)cn2[C@H]1C[C@@H](CN2CCC2)C1,9050.0,5.043351420794797,0,433.55600000000027
Nc1ncnc2c1c(-c1cccc(OCc3ccccc3)c1)cn2[C@H]1C[C@@H](CN2CCC2)C1,9050.0,5.043351420794797,0,439.5630000000003
Nc1ncnc2c1c(-c1cccc3[nH]ccc13)nn2C1CCCC1,3040.0,5.517126416391246,0,318.3840000000002
Nc1ncnc2c1c(-c1ccn3ccnc3c1)nn2C1CCCC1,6300.0,5.200659450546418,0,319.3720000000002
Nc1ncnc2c1c(-c1cnc3[nH]ccc3c1)nn2C1CCCC1,52.0,7.2839966563652006,1,319.3720000000002
Nc1ncnc2c1c(-c1cnc3ccccc3c1)nn2C1CCCC1,1800.0,5.7447274948966935,0,330.3950000000002
Nc1ncnc2ccc(-c3ccc4nccc(-c5ccncc5)c4c3)cc12,10000.0,5.0,0,349.39700000000005
Nc1ncnc2nc(N3CCOCC3)ncc12,43200.0,4.364516253185088,0,232.24699999999996
Nc1ncnc2sc(-c3ccncc3)nc12,22700.0,4.6439741428068775,0,229.268
Nc1ncnn2c(-c3cccc(N4CCOCC4=O)c3)cc(-c3ccnn3CC(F)(F)F)c12,3300.0,5.481486060122113,0,457.4160000000001
Nc1ncnn2c(-c3cccc(N4CCOCC4=O)c3)cc(C(F)(F)F)c12,1700.0,5.769551078621726,0,377.326
Nc1ncnn2c(-c3cccc(N4CCOCC4=O)c3)cc(Cl)c12,930.0,6.031517051446065,1,343.77400000000006
Nc1nn2c(O)cc(C3CCOCC3)nc2c1Cc1cccc(Cl)c1Cl,1584.89,5.800000874803203,0,393.274
Nc1noc2c(-c3ccc4ncc(C(=O)N5CCOCC5)n4c3)cccc12,10000.0,5.0,0,363.3770000000001
Nc1noc2cc(-c3ccc4ncc(C(=O)N5CCOCC5)n4c3)ccc12,10000.0,5.0,0,363.3770000000001
Nc1noc2cc(-c3ccc4nccc(-c5ccncc5)c4c3)ccc12,100.0,7.0,1,338.37000000000006
Nc1noc2ccc(-c3ccc4nccc(-c5ccncc5)c4c3)cc12,10000.0,5.0,0,338.37000000000006
Nc1noc2ccc(-c3nn(CC(=O)N4CCOCC4)c4ncnc(N)c34)cc12,10000.0,5.0,0,394.39500000000015
Nc1noc2ccc(-c3nn(CCN4CCOCC4)c4ncnc(N)c34)cc12,10000.0,5.0,0,380.4120000000001
Nc1nsc2c(-c3ccc4ncc(C(=O)N5CCOCC5)n4c3)cccc12,10000.0,5.0,0,379.44500000000016
Nc1nsc2cc(-c3ccc4ncc(C(=O)N5CCOCC5)n4c3)ccc12,10000.0,5.0,0,379.4450000000002
Nc1nsc2cc(-c3ccc4nccc(-c5ccncc5)c4c3)ccc12,100.0,7.0,1,354.4380000000001
Nc1nsc2ccc(-c3ccc4nccc(-c5ccncc5)c4c3)cc12,10000.0,5.0,0,354.43800000000005
O=C(/C=C/c1ccc(O)c(O)c1)c1ccc(O)cc1O,6400.0,5.1938200260161125,0,272.256
O=C(C1CC1)N1CC(S(=O)(=O)c2cc(-c3cnc(NC4CC4)nc3)cc(N3CCOCC3)c2)C1,540.0,6.267606240177032,1,483.5940000000004
O=C(C1CCOCC1)N1CC[C@H](Nc2ncnc3c2CN(c2cncc(C(F)(F)F)c2)CC3)C1,58.0,7.236572006437063,1,476.50300000000027
O=C(C1CCOCC1)N1CC[C@H](Oc2ccc3c(c2)N(c2ccc(C(F)(F)F)nc2)CCO3)C1,1141.0,5.942714355581785,0,477.48300000000023
O=C(C1CCOCC1)N1CC[C@H](Oc2ccc3c(c2)N(c2ccnc(C(F)(F)F)c2)CCO3)C1,8429.0,5.0742239461632535,0,477.48300000000023
O=C(C1CCOCC1)N1CC[C@H](Oc2ccc3c(c2)N(c2cncc(C(F)(F)F)c2)CCO3)C1,377.0,6.423658649794207,1,477.48300000000023
O=C(C1CCOCC1)N1CC[C@H](Oc2ccc3c(c2)N(c2cncc(Cl)c2)CCO3)C1,773.0,6.111820506081675,1,443.93100000000027
O=C(C1CCOCC1)N1CC[C@H](Oc2ccc3c(c2)N(c2cncc(S(=O)(=O)N4CCOCC4)c2)CCO3)C1,313.0,6.504455662453552,1,558.6570000000002
O=C(C1CCOCC1)N1CC[C@H](Oc2ncnc3c2CN(c2cnc4ccccc4c2)CC3)C1,3333.0,5.47716468633947,0,459.5500000000003
O=C(CCC(=O)N1CCN(c2nc(N3CCOCC3)nc(-n3c(C(F)F)nc4ccccc43)n2)CC1)NCCCC(=O)Nc1cccc2c1C(=O)N(C1CCC(=O)NC1=O)C2=O,18.0,7.7447274948966935,1,856.8479999999996
O=C(CCC(=O)N1CCN(c2nc(N3CCOCC3)nc(-n3c(C(F)F)nc4ccccc43)n2)CC1)NCCCCCC(=O)Nc1cccc2c1C(=O)N(C1CCC(=O)NC1=O)C2=O,24.0,7.619788758288394,1,884.9019999999995
O=C(CCC(=O)NCCCC(=O)Nc1cccc2c1C(=O)N(C1CCC(=O)NC1=O)C2=O)NCCCCCC(=O)N1CCN(c2nc(N3CCOCC3)nc(-n3c(C(F)F)nc4ccccc43)n2)CC1,38.0,7.42021640338319,1,970.0079999999994
O=C(CCCCCCn1cnc2c(N3CCOCC3)nc(-c3cccc(CO)c3)nc21)NO,28.0,7.552841968657781,1,454.5310000000002
O=C(CCCCCOc1ccc2c(c1)N=C(NC(=O)c1ccccc1)N1CCN=C21)NO,2.98,8.525783735923746,1,435.4840000000002
O=C(CN1CCN(c2nc(N3CCOCC3)nc(-n3c(C(F)F)nc4ccccc43)n2)CC1)[C@H]1CCCN1,1767.0,5.7527634504932355,0,527.5800000000003
O=C(CN1CCOCC1)Nc1ccc(-c2cccc3c(=O)cc(N4CCOCC4)oc23)cc1O,430.0,6.366531544420414,1,465.50600000000037
O=C(CN1CCOCC1)Nc1ccc(-c2cccc3c(=O)cc(N4CCOCC4)oc23)cc1OCC1CC1,70.0,7.154901959985743,1,519.5980000000004
O=C(CN1CCOCC1)Nc1ccc(-c2cccc3c(=O)cc(N4CCOCC4)oc23)cc1OCC1CCC1,290.0,6.5376020021010435,1,533.6250000000003
O=C(CN1CCOCC1)Nc1ccc(-c2cccc3c(=O)cc(N4CCOCC4)oc23)cc1OCCC1CC1,400.0,6.3979400086720375,1,533.6250000000003
O=C(CN1CCOCC1)Nc1ccc(-c2cccc3c(=O)cc(N4CCOCC4)oc23)cc1OCCN1CCCC1,4400.0,5.356547323513812,0,562.6670000000003
O=C(CN1CCOCC1)Nc1ccc(-c2cccc3c(=O)cc(N4CCOCC4)oc23)cc1OCCO,1600.0,5.795880017344075,0,509.5590000000005
O=C(CO)N1CCN(Cc2csc3c(-c4cccc5[nH]ncc45)nc(N4CCOCC4)nc23)CC1,141.0,6.85078088734462,1,493.5930000000004
O=C(CO)Nc1cc(Nc2ccccc2)cc(-c2ccnc(NC(=O)C3CCOCC3)c2)c1,165000.0,3.7825160557860937,0,446.5070000000003
O=C(C[C@@H]1CCCN1)N1CCN(c2nc(N3CCOCC3)nc(-n3c(C(F)F)nc4ccccc43)n2)CC1,2047.0,5.688882157337495,0,527.5800000000002
O=C(Cc1nc(N2CCOCC2)cc(=O)[nH]1)N1CCc2c(-c3ccccc3)cccc21,217.0,6.663540266151471,1,416.48100000000017
O=C(Cc1nc(N2CCOCC2)cc(=O)[nH]1)N1CCc2c(-c3ccccn3)cccc21,2375.0,5.624336386039115,0,417.46900000000016
O=C(Cc1nc(N2CCOCC2)cc(=O)[nH]1)N1CCc2c(-c3cccnc3)cccc21,361.0,6.442492798094342,1,417.46900000000016
O=C(Cc1nc(N2CCOCC2)cc(=O)[nH]1)N1CCc2c(-c3ccncc3)cccc21,1000.0,6.0,1,417.46900000000016
O=C(Cc1nc(N2CCOCC2)cc(=O)[nH]1)N1CCc2c(Br)cccc21,85.0,7.070581074285707,1,419.2790000000001
O=C(Cc1nc(N2CCOCC2)cc(=O)[nH]1)N1CCc2c(Cl)cccc21,86.0,7.0655015487564325,1,374.82800000000015
O=C(Cc1nc(N2CCOCC2)cc(=O)[nH]1)N1CCc2c(F)cccc21,2450.0,5.610833915635467,0,358.3730000000001
O=C(Cc1nc(N2CCOCC2)cc(=O)[nH]1)N1CCc2c(OC(F)(F)F)cccc21,1000.0,6.0,1,424.37900000000013
O=C(Cc1nc(N2CCOCC2)cc(=O)[nH]1)N1CCc2c1cccc2C(F)(F)F,390.0,6.4089353929735005,1,408.3800000000001
O=C(Cc1nc(N2CCOCC2)cc(=O)[nH]1)N1CCc2cc(Cl)ccc21,2020.0,5.694648630553377,0,374.82800000000015
O=C(Cc1nc(N2CCOCC2)cc(=O)[nH]1)N1CCc2cc(F)ccc21,426.0,6.370590400897281,1,358.3730000000001
O=C(Cc1nc(N2CCOCC2)cc(=O)[nH]1)N1CCc2ccccc21,460.0,6.337242168318426,1,340.3830000000001
O=C(Cc1nc(N2CCOCC2)cc(=O)[nH]1)Nc1ccc(Cl)cc1,2273.0,5.643400564275029,0,348.7900000000001
O=C(Cc1nc(N2CCOCC2)cc(=O)[nH]1)Nc1ccc(F)c(Br)c1,4140.0,5.382999658879101,0,411.23100000000005
O=C(Cc1nc(N2CCOCC2)cc(=O)[nH]1)Nc1ccc(F)c(Cl)c1,1900.0,5.721246399047171,0,366.7800000000001
O=C(Cc1nc(N2CCOCC2)cc(=O)[nH]1)Nc1ccc(F)c(F)c1,3845.0,5.41510365586255,0,350.32500000000005
O=C(Cc1nc(N2CCOCC2)cc(=O)[nH]1)Nc1ccc(F)c([N+](=O)[O-])c1,4353.0,5.361211332842601,0,377.3320000000001
O=C(Cc1nc(N2CCOCC2)cc(=O)[nH]1)Nc1ccc(F)cc1,2870.0,5.542118103266008,0,332.33500000000004
O=C(Cc1nc(N2CCOCC2)cc(=O)[nH]1)Nc1cccc(Br)c1,1905.0,5.720105019988362,0,393.24100000000004
O=C(Cc1nc(N2CCOCC2)cc(=O)[nH]1)Nc1cccc(Cl)c1,2553.0,5.592949185195749,0,348.7900000000001
O=C(Cc1nc(N2CCOCC2)cc(=O)[nH]1)Nc1cccc(F)c1,6218.0,5.206349282292827,0,332.33500000000004
O=C(Cc1nc(N2CCOCC2)cc(=O)[nH]1)Nc1ccccc1,2135.5,5.670500424237157,0,314.345
O=C(Cc1nc(N2CCOCC2)cc(=O)[nH]1)Nc1ccccc1F,10000.0,5.0,0,332.33500000000004
O=C(Cc1nnc(-c2ccc3c(c2)OCO3)o1)NCc1ccc(F)cc1,200000.0,3.6989700043360187,0,355.3250000000001
O=C(Cc1nnc(-c2ccc3ncccc3c2)o1)N1CCN(c2ccccc2)CC1,200000.0,3.6989700043360187,0,399.45400000000024
O=C(Cc1nnc(-c2ccc3ncccc3c2)o1)NCCc1ccc(Cl)cc1,6600.0,5.180456064458132,0,392.84600000000023
O=C(Cc1nnc(-c2ccc3ncccc3c2)o1)NCCc1ccccc1,29200.0,4.534617148551582,0,358.4010000000002
O=C(Cc1nnc(-c2ccc3ncccc3c2)o1)NCc1ccc(F)cc1Cl,15600.0,4.806875401645539,0,396.8090000000002
O=C(Cc1nnc(-c2ccc3ncccc3c2)o1)Nc1ccc(OC(F)(F)F)cc1,200000.0,3.6989700043360187,0,414.34300000000013
O=C(Cc1nnc(-c2ccc3ncccc3c2)o1)Nc1cccc(C(F)(F)F)c1,200000.0,3.6989700043360187,0,398.3440000000001
O=C(Cc1nnc(-c2ccccn2)o1)NCc1ccc(F)cc1Cl,200000.0,3.6989700043360187,0,346.749
O=C(NCC1OCCO1)c1cc(Nc2ccccc2)cc(-c2ccnc(NC(=O)C3CC3)c2)c1,14000.0,4.853871964321762,0,458.51800000000026
O=C(NCCCCO)Nc1ccc2ncc(-c3ccccc3)nc2n1,1100.0,5.958607314841775,0,337.38300000000004
O=C(NCCCO)Nc1ccc2ncc(-c3ccccc3)nc2n1,4100.0,5.3872161432802645,0,323.35600000000005
O=C(NCCF)Nc1ccc(-c2nc(C3=CCOCC3)c3cnn(CC(F)(F)F)c3n2)cc1,2300.0,5.638272163982407,0,464.4230000000002
O=C(NCCF)Nc1ccc(-c2nc(C3=CCOCC3)c3sccc3n2)cc1,1373.0,5.8623294627632445,0,398.46300000000014
O=C(NCCF)Nc1ccc(-c2nc(N3CC4CCC(C3)O4)c3cnn(C4CCC5(CC4)OCCO5)c3n2)cc1,5129.0,5.289967300934246,0,551.6230000000005
O=C(NCCF)Nc1ccc(-c2nc(N3CC4CCC(C3)O4)c3cnn(CC(F)(F)F)c3n2)cc1,2746.0,5.561299467099263,0,493.4650000000002
O=C(NCCF)Nc1ccc(-c2nc(N3CC4CCC(C3)O4)c3sccc3n2)cc1,825.0,6.0835460514500745,1,427.50500000000017
O=C(NCCF)Nc1ccc(-c2nc(N3CCOCC3)c3cnn(C4CCN(Cc5ccccc5)CC4)c3n2)cc1,234.0,6.6307841425898575,1,558.6620000000004
O=C(NCCF)Nc1ccc(-c2nc(N3CCOCC3)c3cnn(CC(F)(F)F)c3n2)cc1,314.5,6.502379350218712,1,467.4270000000002
O=C(NCCN1CCOCC1)c1ccc2c(c1)n(Cc1ccc(F)cc1)c(=O)c1ccnn12,9620.0,5.016824927962187,0,449.48600000000016
O=C(NCCN1CCOCC1)c1ccc2c(c1)n(Cc1ccccc1)c(=O)c1ccnn12,10310.0,4.986741334716483,0,431.49600000000015
O=C(NCCO)Nc1ccc(-c2nc(N3CC4CCC(C3)O4)c3sccc3n2)cc1,324.0,6.489454989793388,1,425.5140000000002
O=C(NCCO)Nc1ccc(-c2nc(N3CCOCC3)c3cnn(C4CCN(Cc5ccccc5)CC4)c3n2)cc1,86.0,7.0655015487564325,1,556.6710000000003
O=C(NCCOc1cccnc1)Nc1cc2cc(-c3cnc4c(c3)OCCO4)ccn2n1,10000.0,5.0,0,432.4400000000002
O=C(NCCOc1cccnc1)Nc1cc2cc(-c3cncc(F)c3)ccn2n1,3731.0,5.428174750959171,0,392.39400000000006
O=C(NCCOc1cccnc1)Nc1cc2cc(-c3cncc(OC(F)F)c3)ccn2n1,2654.0,5.576099081471583,0,440.4100000000001
O=C(NCc1ccccc1)c1cccc(Cn2cc(-c3cccc4c(=O)cc(N5CCOCC5)[nH]c34)nn2)c1,140.0,6.853871964321762,1,520.5930000000004
O=C(NCc1ccccn1)c1cccn2c(=O)cc(N3CCOCC3)nc12,4800.0,5.318758762624412,0,365.3930000000002
O=C(NCc1cccnc1)c1ccc2c(c1)n(CC1CC1)c(=O)c1ccnn12,2650.0,5.576754126063192,0,373.41600000000017
O=C(NCc1cccnc1)c1ccc2c(c1)n(Cc1ccc(C(F)(F)F)cc1)c(=O)c1ccnn12,20000.0,4.698970004336019,0,477.4460000000001
O=C(NCc1cccnc1)c1ccc2c(c1)n(Cc1ccc(OC(F)(F)F)cc1)c(=O)c1ccnn12,20000.0,4.698970004336019,0,493.4450000000001
O=C(NCc1cccnc1)c1cccn2c(=O)cc(N3CCOCC3)nc12,6500.0,5.187086643357144,0,365.3930000000002
O=C(NCc1ccncc1)c1cccn2c(=O)cc(N3CCOCC3)nc12,6400.0,5.1938200260161125,0,365.3930000000002
O=C(NO)c1ccc(-c2csc3c(=O)cc(N4CCOCC4)oc23)cc1,90.0,7.045757490560675,1,372.4020000000002
O=C(NO)c1ccc(/C=N/NC(=O)c2cc(N3CCOCC3)nc(-c3cccc(O)c3)n2)cc1,46.29999999999999,7.334419008982047,1,462.46600000000024
O=C(NO)c1ccc(/C=N/NC(=O)c2cc(N3CCOCC3)nc(-c3cccc4[nH]ncc34)n2)cc1,8.34,8.078833949362261,1,486.49200000000025
O=C(NO)c1ccc(Cn2cc(-c3cccc(O)c3)nc(N3CCOCC3)c2=O)cc1,467.0,6.330683119433888,1,422.44100000000026
O=C(NO)c1ccc(Cn2cc(-c3cccc4[nH]ncc34)nc(N3CCOCC3)c2=O)cc1,373.0,6.428291168191312,1,446.4670000000003
O=C(NOCCOCCOCCOCCC(=O)N1CCN(c2cnc3ccc(-c4cnc(Cl)c(NS(=O)(=O)c5ccc(F)cc5)c4)cc3n2)CC1)c1ccc(F)c(F)c1Nc1ccc(I)cc1F,2.0,8.698970004336019,1,1093.2949999999998
O=C(NOCCOCCOCCOCCC(=O)N1CCN(c2nc(N3CCOCC3)nc(-n3c(C(F)F)nc4ccccc43)n2)CC1)c1ccc(F)c(F)c1Nc1ccc(I)cc1F,69.0,7.161150909262744,1,1010.76
O=C(NOCCOCCOCCOCCN(CCO)c1nc(N2CCOCC2)nc(-n2c(C(F)F)nc3ccccc32)n1)c1ccc(F)c(F)c1Nc1ccc(I)cc1F,107.0,6.97061622231479,1,957.696
O=C(NOCCOCCOCCOCCN1CCN(c2nc(N3CCOCC3)nc(-n3c(C(F)F)nc4ccccc43)n2)CC1)c1ccc(F)c(F)c1Nc1ccc(I)cc1F,191.0,6.718966632752273,1,982.7499999999999
O=C(NOCCOCCOCCOCCNc1nc(N2CCOCC2)nc(-n2c(C(F)F)nc3ccccc32)n1)c1ccc(F)c(F)c1Nc1ccc(I)cc1F,130.0,6.886056647693163,1,913.6430000000001
O=C(Nc1cc(-c2ccc(O)cc2)cc2[nH]ncc12)C1CC1,25118.86,4.600000074606178,0,293.3260000000001
O=C(Nc1cc(-c2ccc(O)cc2)cc2[nH]ncc12)c1ccccn1,25118.86,4.600000074606178,0,330.34700000000004
O=C(Nc1cc(-c2ccc3cc[nH]c3c2)cc2[nH]ncc12)c1ccccn1,25118.86,4.600000074606178,0,353.3850000000001
O=C(Nc1cc(-c2cccc(Nc3ccccc3)c2)ccn1)C1CCOC1,27000.0,4.568636235841013,0,359.4290000000002
O=C(Nc1cc(-c2cccc(O)c2)cc2[nH]ncc12)C1CC1,19952.62,4.70000006855703,0,293.3260000000001
O=C(Nc1cc(-c2cccc(O)c2)cc2[nH]ncc12)c1ccccn1,25118.86,4.600000074606178,0,330.34700000000004
O=C(Nc1cc(-c2cccc3[nH]ccc23)cc2[nH]ncc12)C1CC1,25118.86,4.600000074606178,0,316.36400000000015
O=C(Nc1cc(-c2cccc3[nH]ccc23)cc2[nH]ncc12)c1ccccn1,10000.0,5.0,0,353.3850000000001
O=C(Nc1cc(-c2ccccc2)cc2[nH]ncc12)C1CC1,25118.86,4.600000074606178,0,277.3270000000001
O=C(Nc1cc(-c2ccccc2)ccn1)C1CCOC1,200000.0,3.6989700043360187,0,268.31600000000003
O=C(Nc1cc(-c2ccnc(Nc3ccccc3)c2)ccn1)C1CCOC1,23000.0,4.638272163982407,0,360.41700000000014
O=C(Nc1ccc(-c2csc3c(=O)cc(N4CCOCC4)oc23)cc1)c1ccc(F)c(F)c1Nc1ccc(I)cc1F,10000.0,5.0,0,703.4800000000002
O=C(Nc1ccc(-c2csc3c(=O)cc(N4CCOCC4)oc23)cc1)c1cccnc1,53.0,7.275724130399211,1,433.48900000000015
O=C(Nc1ccc(-c2csc3c(=O)cc(N4CCOCC4)oc23)cc1)c1ccncc1,54.5,7.2636034977233574,1,433.48900000000015
O=C(Nc1ccc(-c2nc(C3=CCOCC3)c3cnn(CC(F)(F)F)c3n2)cc1)Nc1cccnc1,66.0,7.180456064458132,1,495.46500000000003
O=C(Nc1ccc(-c2nc(C3=CCOCC3)c3sccc3n2)cc1)Nc1cccnc1,35.0,7.455931955649724,1,429.505
O=C(Nc1ccc(-c2nc(C3CCOCC3)nc(N3C4CCC3COC4)n2)cc1)Nc1ccc(N2CCNCC2)cc1,294.0,6.531652669587842,1,570.6980000000002
O=C(Nc1ccc(-c2nc(N3C4CCC3COC4)c3cnn(CC(F)(F)F)c3n2)cc1)Nc1cccnc1,227.0,6.6439741428068775,1,524.5070000000001
O=C(Nc1ccc(-c2nc(N3C4CCC3COC4)nc(N3C4CCC3COC4)n2)cc1)Nc1ccc(N2CCNCC2)cc1,947.0,6.023650020996727,1,597.7239999999999
O=C(Nc1ccc(-c2nc(N3C4CCC3COC4)nc(N3C4CCC3COC4)n2)cc1)Nc1ccc2c(c1)COC2=O,10000.0,5.0,0,569.6220000000002
O=C(Nc1ccc(-c2nc(N3CC4CCC(C3)O4)c3cnn(C4CCC5(CC4)OCCO5)c3n2)cc1)NC1CC1,12000.0,4.920818753952375,0,545.6440000000002
O=C(Nc1ccc(-c2nc(N3CC4CCC(C3)O4)c3cnn(C4CCC5(CC4)OCCO5)c3n2)cc1)Nc1cccnc1,270.0,6.568636235841013,1,582.6650000000003
O=C(Nc1ccc(-c2nc(N3CC4CCC(C3)O4)c3cnn(CC(F)(F)F)c3n2)cc1)Nc1ccc(N2CCNCC2)cc1,76.0,7.119186407719209,1,607.6409999999998
O=C(Nc1ccc(-c2nc(N3CC4CCC(C3)O4)c3cnn(CC(F)(F)F)c3n2)cc1)Nc1cccnc1,345.0,6.462180904926726,1,524.5070000000001
O=C(Nc1ccc(-c2nc(N3CC4CCC(C3)O4)c3sccc3n2)cc1)NC1CC1,1359.0,5.866780543267506,0,421.52600000000007
O=C(Nc1ccc(-c2nc(N3CC4CCC(C3)O4)c3sccc3n2)cc1)Nc1cccnc1,119.0,6.924453038607469,1,458.547
O=C(Nc1ccc(-c2nc(N3CCOCC3)c3cnn(C4CCN(Cc5ccccc5)CC4)c3n2)cc1)NC1CC1,323.0,6.490797477668897,1,552.6830000000001
O=C(Nc1ccc(-c2nc(N3CCOCC3)c3cnn(C4CCN(Cc5ccccc5)CC4)c3n2)cc1)Nc1cccnc1,55.0,7.259637310505756,1,589.7040000000002
O=C(Nc1ccc(-c2nc(N3CCOCC3)c3cnn(C4CCN(Cc5ccccc5)CC4)c3n2)cc1)Nc1ncc[nH]1,30.0,7.522878745280337,1,578.6810000000002
O=C(Nc1ccc(-c2nc(N3CCOCC3)c3cnn(C4CCN(Cc5cccnc5)CC4)c3n2)cc1)OCCO,284.0,6.546681659952962,1,558.6430000000001
O=C(Nc1ccc(-c2nc(N3CCOCC3)c3cnn(CC(F)(F)F)c3n2)cc1)Nc1cccnc1,10.0,8.0,1,498.46900000000005
O=C(Nc1ccc(-c2nc(N3CCOCC3)c3ncccc3n2)cc1)Nc1cccc(CO)c1,40.0,7.3979400086720375,1,456.5060000000001
O=C(Nc1ccc(-c2nc(N3CCOCC3)c3ncccc3n2)cc1)Nc1cccc(O)c1,171.0,6.767003889607846,1,442.47900000000004
O=C(Nc1ccc(-c2nc(N3CCOCC3)c3ncccc3n2)cc1)Nc1cccnc1,45.0,7.346787486224656,1,427.468
O=C(Nc1ccc(-c2nc(N3CCOCC3)c3nnn(C4CC4)c3n2)cc1)Nc1cccnc1,10.5,7.978810700930062,1,457.4980000000001
O=C(Nc1ccc(-c2nc(N3CCOCC3)c3nnn(C4CC4)c3n2)cc1)Nc1cccs1,3.0,8.522878745280337,1,462.5390000000001
O=C(Nc1ccc(-c2nc(N3CCOCC3)nc(N3C4CCC3COC4)n2)cc1)Nc1ccc(-c2cccnc2)nc1,40.0,7.3979400086720375,1,565.6380000000001
O=C(Nc1ccc(-c2nc(N3CCOCC3)nc(N3C4CCC3COC4)n2)cc1)Nc1ccc2c(c1)COC2=O,354.0,6.450996737974212,1,543.5840000000003
O=C(Nc1ccc(-c2nc(N3CCOCC3)nc(N3C4CCC3COC4)n2)cc1)Nc1cccnc1,17.0,7.769551078621726,1,488.5520000000002
O=C(Nc1ccc(-c2nc(N3CCOCC3)nc(N3C4CCC3COC4)n2)cc1)Nc1ccnc(Cl)c1,23.0,7.638272163982407,1,522.9970000000002
O=C(Nc1ccc(-c2nc(N3CCOCC3)nc(N3C4CCC3COC4)n2)cc1)Nc1ccnnc1,28.0,7.552841968657781,1,489.5400000000002
O=C(Nc1ccc(-c2nc(N3CCOCC3)nc(N3C4CCC3COC4)n2)cc1)Nc1cncnc1,84.0,7.075720713938118,1,489.5400000000002
O=C(Nc1ccc(-c2nc(N3CCOCC3)nc(N3CCOCC3)n2)cc1)NN1CCCCC1,1521.0,5.817870785947002,0,468.56200000000035
O=C(Nc1ccc(-c2nc(N3CCOCC3)nc(N3CCOCC3)n2)cc1)Nc1ccc(F)cc1F,60.5,7.218244625347531,1,497.5060000000002
O=C(Nc1ccc(-c2nc(N3CCOCC3)nc(N3CCOCC3)n2)cc1)Nc1ccc2c(c1)C(=O)NC2,12.1,7.91721462968355,1,516.5620000000002
O=C(Nc1ccc(-c2nc(N3CCOCC3)nc(N3CCOCC3)n2)cc1)Nc1ccc2c(c1)C(=O)NC2=O,75.4,7.122628654130226,1,530.5450000000003
O=C(Nc1ccc(-c2nc(N3CCOCC3)nc(N3CCOCC3)n2)cc1)Nc1ccc2c(c1)C(=O)OC2,38.4,7.4156687756324695,1,517.5460000000003
O=C(Nc1ccc(-c2nc(N3CCOCC3)nc(N3CCOCC3)n2)cc1)Nc1ccc2c(c1)CNC2,10.3,7.987162775294828,1,502.5790000000003
O=C(Nc1ccc(-c2nc(N3CCOCC3)nc(N3CCOCC3)n2)cc1)Nc1ccc2c(c1)CNC2=O,15.2,7.818156412055227,1,516.5620000000002
O=C(Nc1ccc(-c2nc(N3CCOCC3)nc(N3CCOCC3)n2)cc1)Nc1ccc2c(c1)COC2=O,45.4,7.342944147142896,1,517.5460000000003
O=C(Nc1ccc(-c2nc(N3CCOCC3)nc(N3CCOCC3)n2)cc1)Nc1cccnc1,1.7,8.769551078621726,1,462.5140000000002
O=C(Nc1ccc(-c2nc(N3CCOCC3)nc(N3CCOCC3)n2)cc1)Nc1cccs1,2.0,8.698970004336019,1,467.5550000000002
O=C(Nc1ccc(-c2nc(N3CCOCC3)nc(N3CCOCC3)n2)cc1)Nc1ccnnc1,11.0,7.958607314841775,1,463.5020000000002
O=C(Nc1ccc(-c2nc(N3CCOCC3)nc(N3CCO[C@@H](CO)C3)n2)cc1)Nc1ccc2c(c1)COC2=O,64.0,7.1938200260161125,1,547.5720000000002
O=C(Nc1ccc(-c2nc(N3CCOCC3)nc(N3CCO[C@H](CO)C3)n2)cc1)Nc1ccc2c(c1)COC2=O,44.0,7.356547323513812,1,547.5720000000002
O=C(Nc1ccc(-c2nc(N3C[C@@H]4C[C@H]3CO4)c3cnn(CC(F)(F)F)c3n2)cc1)NC1CC1,4052.0,5.3923305633117575,0,473.4590000000001
O=C(Nc1ccc(-c2nc(N3C[C@@H]4C[C@H]3CO4)c3cnn(CC(F)(F)F)c3n2)cc1)Nc1cccnc1,602.0,6.220403508742176,1,510.4800000000001
O=C(Nc1ccc(-c2nc(N3C[C@H]4C[C@@H]3CO4)c3cnn(CC(F)(F)F)c3n2)cc1)NC1CC1,9500.0,5.022276394711152,0,473.4590000000001
O=C(Nc1ccc(-c2nc(N3C[C@H]4C[C@@H]3CO4)c3cnn(CC(F)(F)F)c3n2)cc1)Nc1cccnc1,1935.0,5.71331903064507,0,510.4800000000001
O=C(Nc1ccc(C(=O)N2CCC(N3CCCC3)CC2)cc1)Nc1ccc(-c2nc(N3CCOCC3)nc(N3CCOCC3)n2)cc1,0.7,9.154901959985743,1,641.7769999999999
O=C(Nc1ccc(C(=O)N2CCC(N3CCCCC3)CC2)cc1)Nc1ccc(-c2nc(N3CCOCC3)nc(N3CCOCC3)n2)cc1,0.6,9.221848749616356,1,655.804
O=C(Nc1ccc(C(=O)N2CCCC2C(=O)O)cc1)Nc1ccc(-c2nc(N3CCOCC3)nc(N3CCOCC3)n2)cc1,11.0,7.958607314841775,1,602.6520000000002
O=C(Nc1ccc(C(=O)NCCN2CCCC2)cc1)Nc1ccc(-c2nc(O[C@H]3CCOC3)nc(N3CCOCC3)n2)cc1,1.4,8.853871964321762,1,602.696
O=C(Nc1ccc(C(=O)NCCN2CCCCC2)cc1)Nc1ccc(-c2nc(O[C@H]3CCOC3)nc(N3CCOCC3)n2)cc1,1.4,8.853871964321762,1,616.723
O=C(Nc1ccc(C(=O)O)cc1)Nc1ccc(-c2nc(N3CCOCC3)nc(N3CCOCC3)n2)cc1,6.0,8.221848749616356,1,505.5350000000005
O=C(Nc1ccc(C(O)c2ccccc2)cc1)c1cc2ccccc2[nH]1,44000.0,4.356547323513812,0,342.398
O=C(Nc1ccc(CCO)cc1)Nc1ccc(-c2nc(N3CCOCC3)nc(N3C4CCC3COC4)n2)cc1,14.0,7.853871964321762,1,531.6170000000005
O=C(Nc1ccc(CCO)cc1)Nc1ccc(-c2nc(N3CCOCC3)nc(N3CCOCC3)n2)cc1,1.5,8.823908740944319,1,505.57900000000046
O=C(Nc1ccc(CO)cc1)Nc1ccc(-c2nc(N3C4CCC3COC4)nc(N3C4CCC3COC4)n2)cc1,253.0,6.5968794788241825,1,543.6280000000004
O=C(Nc1ccc(CO)cc1)Nc1ccc(-c2nc(N3CCOCC3)c3ncccc3n2)cc1,58.0,7.236572006437063,1,456.50600000000026
O=C(Nc1ccc(CO)cc1)Nc1ccc(-c2nc(N3CCOCC3)nc(N3C4CCC3COC4)n2)cc1,7.0,8.154901959985743,1,517.5900000000005
O=C(Nc1ccc(CO)cc1)Nc1ccc(-c2nc(N3CCOCC3)nc(N3CCOCC3)n2)cc1,1.0,9.0,1,491.5520000000004
O=C(Nc1ccc(CO)cc1)Nc1cccc(-c2nc(N3CCOCC3)c3ncccc3n2)c1,5800.0,5.236572006437063,0,456.5060000000003
O=C(Nc1ccc(Cl)c(C(F)(F)F)c1)N1CCN(c2nc3c(c(N4CCOCC4)n2)CS(=O)(=O)CC3)CC1,4230.0,5.373659632624958,0,575.013
O=C(Nc1ccc(Cl)c(C(F)(F)F)c1)N1CCN(c2nc3c(c(N4CCOCC4)n2)CSCC3)CC1,10000.0,5.0,0,543.0150000000002
O=C(Nc1ccc(Cl)cc1)Nc1ccc(-c2nc(N3CCOCC3)nc(N3CCOCC3)n2)cc1,19.5,7.709965388637482,1,495.97100000000046
O=C(Nc1ccc(F)c(Cl)c1)Nc1ccc(-c2nc3c(c(N4CCOCC4)n2)CS(=O)(=O)CC3)cn1,6720.0,5.172630726946175,0,532.9850000000005
O=C(Nc1ccc(F)c(Cl)c1)Nc1ccc(-c2nc3c(c(N4CCOCC4)n2)CSCC3)cn1,690.0,6.161150909262744,1,500.9870000000004
O=C(Nc1ccc(F)cc1)Nc1ccc(-c2nc(N3CCOCC3)nc(N3C4CCC3COC4)n2)cc1,39.0,7.4089353929735005,1,505.5540000000004
O=C(Nc1ccc(F)cc1)Nc1ccc(-c2nc(N3CCOCC3)nc(N3CCOCC3)n2)cc1,6.5,8.187086643357144,1,479.5160000000004
O=C(Nc1ccc(O)cc1)Nc1ccc(-c2nc(N3CCOCC3)c3ncccc3n2)cc1,45.0,7.346787486224656,1,442.47900000000027
O=C(Nc1ccc(OCCN2CCCC2)cc1)Nc1ccc(-c2nc(N3C4CCC3COC4)nc(N3C4CCC3COC4)n2)cc1,389.0,6.410050398674292,1,626.7620000000001
O=C(Nc1ccc(OCCO)cc1)Nc1ccc(-c2nc(N3C4CCC3COC4)nc(N3C4CCC3COC4)n2)cc1,961.0,6.017276612331455,1,573.6540000000003
O=C(Nc1ccc(Oc2ccc(Cl)cc2)c(Cl)c1)c1cc(I)cc(I)c1O,13030.0,4.885055584287415,0,626.0150000000001
O=C(Nc1cccc(-c2ccnc3cc(-c4ccncc4)nn23)c1)c1cccc(C(F)(F)F)c1,50000.0,4.301029995663981,0,459.4310000000001
O=C(Nc1cccc(-c2csc3c(=O)cc(N4CCOCC4)oc23)c1)Nc1ccc(Cl)c(C(F)(F)F)c1,7670.0,5.115204636051019,0,549.9580000000003
O=C(Nc1cccc(-c2csc3c(=O)cc(N4CCOCC4)oc23)c1)c1cccnc1,24000.0,4.619788758288394,0,433.48900000000026
O=C(Nc1cccc(-c2csc3c(=O)cc(N4CCOCC4)oc23)c1)c1ccncc1,14000.0,4.853871964321762,0,433.48900000000026
O=C(Nc1cccc(-c2ncnc3sc(-c4ccncc4)cc23)c1)c1cccc(C(F)(F)F)c1,10000.0,5.0,0,476.48300000000006
O=C(Nc1cccc(C(O)c2ccccc2)c1)c1cc2ccccc2[nH]1,19000.0,4.721246399047171,0,342.398
O=C(Nc1ccccc1)Nc1ccc(-c2nc(C3=CCOCC3)c3sccc3n2)cc1,28.0,7.552841968657781,1,428.51700000000017
O=C(Nc1ccccc1)Nc1ccc(-c2nc(N3CC4CCC(C3)O4)c3cnn(C4CCC5(CC4)OCCO5)c3n2)cc1,353.0,6.452225294612178,1,581.6770000000004
O=C(Nc1ccccc1)Nc1ccc(-c2nc(N3CC4CCC(C3)O4)c3sccc3n2)cc1,82.0,7.086186147616283,1,457.5590000000002
O=C(Nc1ccccc1)Nc1ccc(-c2nc(N3CCOCC3)c3cnn(C4CCN(Cc5ccccc5)CC4)c3n2)cc1,16.5,7.782516055786093,1,588.7160000000001
O=C(Nc1ccccc1)Nc1ccc(-c2nc(N3CCOCC3)nc(N3C4CCC3COC4)n2)cc1,18.0,7.7447274948966935,1,487.56400000000036
O=C(Nc1ccccc1)Nc1ccc(-c2nc(N3CCOCC3)nc(N3CCOCC3)n2)cc1,3.0,8.522878745280337,1,461.52600000000035
O=C(Nc1ccccc1)Nc1cccn2c(=O)cc(N3CCOCC3)nc12,600.0,6.221848749616356,1,365.3930000000002
O=C(Nc1ccccc1)c1cccn2c(=O)cc(N3CCOCC3)nc12,490.0,6.309803919971486,1,350.3780000000002
O=C(Nc1ccccn1)c1ccc(-c2csc3c(=O)cc(N4CCOCC4)oc23)cc1,86.0,7.0655015487564325,1,433.48900000000026
O=C(Nc1ccccn1)c1cccc(-c2csc3c(=O)cc(N4CCOCC4)oc23)c1,66.0,7.180456064458132,1,433.4890000000003
O=C(Nc1cccn2c(=O)cc(N3CCOCC3)nc12)Oc1ccccc1,9000.0,5.045757490560675,0,366.377
O=C(Nc1cccn2c(=O)cc(N3CCOCC3)nc12)c1ccccc1,510.0,6.292429823902063,1,350.378
O=C(Nc1cccnc1)c1ccc(-c2csc3c(=O)cc(N4CCOCC4)oc23)cc1,109.0,6.962573502059376,1,433.48900000000026
O=C(Nc1ccncc1)Nc1ccc(-c2nc(C3=CCOCC3)c3sccc3n2)cc1,27.0,7.568636235841013,1,429.5050000000002
O=C(Nc1ccncc1)Nc1ccc(-c2nc(N3CC4CCC(C3)O4)c3cnn(C4CCC5(CC4)OCCO5)c3n2)cc1,220.0,6.657577319177793,1,582.6650000000003
O=C(Nc1ccncc1)Nc1ccc(-c2nc(N3CC4CCC(C3)O4)c3sccc3n2)cc1,80.0,7.096910013008056,1,458.5470000000002
O=C(Nc1ccncc1)Nc1ccc(-c2nc(N3CCOCC3)c3cc[nH]c3n2)cc1,28.0,7.552841968657781,1,415.45700000000016
O=C(Nc1ccncc1)Nc1ccc(-c2nc(N3CCOCC3)c3ccn(CC(F)(F)F)c3n2)cc1,10.0,8.0,1,497.4810000000002
O=C(Nc1ccncc1)Nc1ccc(-c2nc(N3CCOCC3)c3ccn(CCN4CCCC4)c3n2)cc1,30.0,7.522878745280337,1,512.6180000000005
O=C(Nc1ccncc1)Nc1ccc(-c2nc(N3CCOCC3)c3ccn(CCN4CCCCC4)c3n2)cc1,53.0,7.275724130399211,1,526.6450000000006
O=C(Nc1ccncc1)Nc1ccc(-c2nc(N3CCOCC3)c3ccn(CCN4CCNCC4)c3n2)cc1,7.0,8.154901959985743,1,527.6330000000005
O=C(Nc1ccncc1)Nc1ccc(-c2nc(N3CCOCC3)c3ccn(CCO)c3n2)cc1,5.0,8.301029995663981,1,459.5100000000003
O=C(Nc1ccncc1)Nc1ccc(-c2nc(N3CCOCC3)c3cnn(C4CCN(C(=O)c5cccnc5)CC4)c3n2)cc1,548.0,6.261219441515631,1,604.6750000000002
O=C(Nc1ccncc1)Nc1ccc(-c2nc(N3CCOCC3)c3ncccc3n2)cc1,317.0,6.498940737782249,1,427.4680000000002
O=C(Nc1ccncc1)Nc1ccc(-c2nc(N3CCOCC3)c3nnn(C4CC4)c3n2)cc1,6.0,8.221848749616356,1,457.4980000000003
O=C(Nc1ccncc1)Nc1ccc(-c2nc(N3CCOCC3)nc(N3C4CCC3COC4)n2)cc1,11.0,7.958607314841775,1,488.55200000000036
O=C(Nc1ccncc1)Nc1ccc(-c2nc(N3CCOCC3)nc(N3C4COCC3[C@@H](O)C4)n2)cc1,4.0,8.397940008672037,1,504.55100000000033
O=C(Nc1ccncc1)Nc1ccc(-c2nc(N3CCOCC3)nc(N3CCOCC3)n2)cc1,3.0,8.522878745280337,1,462.51400000000035
O=C(Nc1ccncc1)c1ccc(-c2csc3c(=O)cc(N4CCOCC4)oc23)cc1,187.0,6.728158393463501,1,433.48900000000026
O=C(Nc1ccncc1)c1cccc(-c2csc3c(=O)cc(N4CCOCC4)oc23)c1,71.0,7.1487416512809245,1,433.4890000000003
O=C(Nc1n[nH]c2cc(-c3ccc(O)cc3)ccc12)C1CC1,25118.86,4.600000074606178,0,293.3260000000001
O=C(Nc1nc2cc(-c3nc(N4CCOCC4)nc(N4CCOCC4)n3)ccc2o1)C1CCCCC1,7446.0,5.128076968117626,0,493.56800000000044
O=C(Nc1ncc2ncc(-c3cn[nH]c3)cc2n1)NC1CCCC1,59.0,7.229147988357855,1,323.3600000000002
O=C(O)C1CCN(c2nc(N3CCOCC3)nc(-n3c(C(F)F)nc4ccccc43)n2)CC1,183.0,6.73754891026957,1,459.45700000000016
O=C(O)CCCCn1cc(-c2cccc3c(=O)cc(N4CCOCC4)[nH]c23)nn1,100.0,7.0,1,397.43500000000023
O=C(O)CCCn1cc(-c2cccc3c(=O)cc(N4CCOCC4)[nH]c23)nn1,100.0,7.0,1,383.40800000000024
O=C(O)CCNc1nc(N2CCOCC2)nc(-n2c(C(F)F)nc3ccccc32)n1,12.4,7.906578314837765,1,419.39200000000005
O=C(O)CNc1nc(-c2cccc(O)c2)nc(N2CCOCC2)n1,900.0,6.045757490560675,1,331.3320000000002
O=C(O)CNc1nc(-c2ccccc2)nc(N2CCOCC2)n1,20000.0,4.698970004336019,0,315.33300000000014
O=C(O)COc1ccc2c(c1)oc(=O)c1ccc(-c3cnc(Cl)c(NS(=O)(=O)c4ccc(F)cc4)c3)cc12,18.9,7.723538195826756,1,554.9390000000001
O=C(O)COc1cccc(-c2nc(N3CCOCC3)c3oc4ncccc4c3n2)c1,24.0,7.619788758288394,1,406.39800000000014
O=C(O)N1CCN(c2ccc(Nc3ccnc4ccc(-c5cnc6ccccc6c5)cc34)cc2C(F)(F)F)CC1,300.0,6.522878745280337,1,543.5490000000001
O=C(O)[C@@H]1CCCN(c2nc(N3CCOCC3)nc(-n3c(C(F)F)nc4ccccc43)n2)C1,183.0,6.73754891026957,1,459.4570000000001
O=C(O)[C@H]1CCCN(c2nc(N3CCOCC3)nc(-n3c(C(F)F)nc4ccccc43)n2)C1,40.0,7.3979400086720375,1,459.4570000000001
O=C(O)c1cc(-c2cccc3ccccc23)c2nc(N3CCOCC3)nc(-c3cccc(O)c3)c2n1,57.0,7.2441251443275085,1,478.5080000000003
O=C(O)c1cc(Cl)c2nc(N3CCOCC3)nc(-c3cccc(O)c3)c2n1,108.0,6.966576244513051,1,386.7950000000001
O=C(O)c1cc(Cl)c2nc(N3CCOCC3)nc(-c3ccccc3)c2n1,678.0,6.168770306132936,1,370.79600000000005
O=C(O)c1cc(NCCO)c2nc(N3CCOCC3)nc(-c3cc(O)cc(F)c3)c2n1,64.0,7.1938200260161125,1,429.40800000000013
O=C(O)c1cc(NCCO)c2nc(N3CCOCC3)nc(-c3ccc(O)cc3)c2n1,732.0,6.135488918941608,1,411.4180000000001
O=C(O)c1cc(NCCO)c2nc(N3CCOCC3)nc(-c3cccc(CO)c3)c2n1,27.0,7.568636235841013,1,425.44500000000016
O=C(O)c1cc(NCCO)c2nc(N3CCOCC3)nc(-c3cccc(F)c3O)c2n1,43.0,7.366531544420414,1,429.40800000000013
O=C(O)c1cc(NCCO)c2nc(N3CCOCC3)nc(-c3cccc(O)c3)c2n1,75.0,7.1249387366083,1,411.4180000000001
O=C(O)c1cc(NCCO)c2nc(N3CCOCC3)nc(-c3ccccc3O)c2n1,82.0,7.086186147616283,1,411.4180000000001
O=C(O)c1ccc(-c2cnc3[nH]c(=O)n(CC4CCCCC4)c3n2)cc1,23500.0,4.628932137728263,0,352.3940000000002
O=C(O)c1ccc(-c2csc3c(=O)cc(N4CCOCC4)oc23)cc1,67.6,7.1700533040583645,1,357.38700000000017
O=C(O)c1ccc(-n2cc(-c3cccc4c(=O)cc(N5CCOCC5)[nH]c34)nn2)cc1,320.0,6.494850021680094,1,417.4250000000002
O=C(O)c1ccc(CNc2nc3ccc(-c4nc(N5CCOCC5)nc(N5CCOCC5)n4)cc3o2)cc1,6.0,8.221848749616356,1,517.5460000000005
O=C(O)c1ccc2nc(N3CCOCC3)nc(-c3ccc(O)cc3)c2n1,855.0,6.068033885271827,1,352.34999999999997
O=C(O)c1ccc2nc(N3CCOCC3)nc(-c3cccc(O)c3)c2n1,63.0,7.200659450546418,1,352.34999999999997
O=C(O)c1ccc2nc(Nc3ccc(-c4nc(N5CCOCC5)nc(N5CCOCC5)n4)cc3)[nH]c2c1,69600.0,4.157390760389438,0,502.53500000000037
O=C(O)c1ccc2occ(/C=N/Nc3nc(N4CCOCC4)c4ccsc4n3)c(=O)c2c1,2350.0,5.628932137728264,0,451.4640000000003
O=C(O)c1ccc2occ(/C=N/Nc3nc(N4CCOCC4)c4sccc4n3)c(=O)c2c1,1810.0,5.7423214251308154,0,451.4640000000003
O=C(O)c1ccc2occ(/C=N/Nc3nc4c(c(N5CCOCC5)n3)CSCC4)c(=O)c2c1,920.0,6.036212172654444,1,467.5070000000004
O=C(O)c1cccc(-c2nc(N3CCOCC3)nc3c2CCN3c2ccncc2)c1,50000.0,4.301029995663981,0,403.4420000000001
O=C(O)c1cccc(-n2cc(-c3cccc4c(=O)cc(N5CCOCC5)[nH]c34)nn2)c1,100.0,7.0,1,417.42500000000024
O=C(O)c1cccc(Cn2cc(-c3cccc4c(=O)cc(N5CCOCC5)[nH]c34)nn2)c1,20.0,7.698970004336019,1,431.4520000000002
O=C(O)c1cccc(N2C(=O)/C(=C\c3cnc4ccccc4n3)SC2=S)c1,30000.0,4.522878745280337,0,393.44900000000007
O=C(O)c1ccnc(N2CCOCC2)c1,36000.0,4.443697499232712,0,208.21699999999996
O=C(O)c1sc(N2CCOCC2)nc1CC(=O)N1CCc2c(Br)cccc21,1119.0,5.95116991347165,0,452.3300000000001
O=C(O)c1sc(N2CCOCC2)nc1CC(=O)N1CCc2c(Cl)cccc21,2208.0,5.656000930942839,0,407.8790000000001
O=C(O)c1sc(N2CCOCC2)nc1CC(=O)N1CCc2cc(Br)ccc21,10000.0,5.0,0,452.3300000000001
O=C(O)c1sc(N2CCOCC2)nc1CC(=O)N1CCc2cc(F)ccc21,10000.0,5.0,0,391.4240000000001
O=C(O)c1sc(N2CCOCC2)nc1CC(=O)N1CCc2ccccc21,10000.0,5.0,0,373.4340000000001
O=C(OC(C(=O)c1ccccc1)c1ccccc1)c1ccc(Cl)cc1,730000.0,3.136677139879544,0,350.80100000000004
O=C(OC(C(=O)c1ccccc1)c1ccccc1)c1ccc([N+](=O)[O-])cc1,880000.0,3.0555173278498313,0,361.3530000000001
O=C(OC(C(=O)c1ccccc1)c1ccccc1)c1cccc(F)c1,970000.0,3.0132282657337552,0,334.34600000000006
O=C(OC(C(=O)c1ccccc1)c1ccccc1)c1ccccc1F,910000.0,3.040958607678906,0,334.34600000000006
O=C(Oc1cccc(-c2nc(N3CCOCC3)c3cc4ncccc4n3n2)c1)c1ccco1,424.7,6.37191773900932,1,441.44700000000006
O=C(Oc1cccc(-c2nc(N3CCOCC3)c3cc4ncccc4n3n2)c1)c1ccncc1,421.3,6.375408540873152,1,452.47400000000005
O=C([C@@H]1CCCCN1)N1CCN(c2nc(N3CCOCC3)nc(-n3c(C(F)F)nc4ccccc43)n2)CC1,2861.0,5.543482142194737,0,527.5800000000002
O=C([C@@H]1CCCN1)N1CCN(c2nc(N3CCOCC3)nc(-n3c(C(F)F)nc4ccccc43)n2)CC1,2200.0,5.657577319177793,0,513.5530000000002
O=C([C@H]1CCCCN1)N1CCN(c2nc(N3CCOCC3)nc(-n3c(C(F)F)nc4ccccc43)n2)CC1,2371.0,5.625068446021812,0,527.5800000000002
O=C([C@H]1CCCN1)N1CCN(c2nc(N3CCOCC3)nc(-n3c(C(F)F)nc4ccccc43)n2)CC1,2611.0,5.583193128177055,0,513.5530000000002
O=C(c1cc(Cc2n[nH]c(=O)c3ccccc23)ccc1F)N1CCN(c2nc(-c3ccc4[nH]ccc4c3)nc(N3CCOCC3)n2)CC1,691.83,6.160000609491408,1,645.6989999999997
O=C(c1cc(Cc2n[nH]c(=O)c3ccccc23)ccc1F)N1CCN(c2nc(-c3ccc4cn[nH]c4c3)nc(N3CCOCC3)n2)CC1,10000.0,5.0,0,646.6869999999998
O=C(c1cc(Cc2n[nH]c(=O)c3ccccc23)ccc1F)N1CCN(c2nc(-c3cccc4[nH]ccc34)nc(N3CCOCC3)n2)CC1,630.96,6.199998172182031,1,645.6989999999997
O=C(c1cc(Cc2n[nH]c(=O)c3ccccc23)ccc1F)N1CCN(c2nc(-c3cccc4[nH]ncc34)nc(N3CCOCC3)n2)CC1,346.74,6.459996055149973,1,646.6869999999998
O=C(c1cc(Cc2n[nH]c(=O)c3ccccc23)ccc1F)N1CCc2c(nc(-c3cccc4[nH]ccc34)nc2N2CCOCC2)C1,43.65,7.360015751958412,1,615.6689999999999
O=C(c1cc(Cc2n[nH]c(=O)c3ccccc23)ccc1F)N1CCc2c(nc(-c3cccc4[nH]ncc34)nc2N2CCOCC2)C1,44.67,7.349984047528161,1,616.6569999999999
O=C(c1cc([C@H]2CCCN2c2cc(F)cc(F)c2)c2oc(N3CCOCC3)cc(=O)c2c1)N1CCOCC1,33337.666666666664,4.477064800106485,0,525.5520000000005
O=C(c1cc([C@H]2CCCN2c2cccc(F)c2)c2oc(N3CCOCC3)cc(=O)c2c1)N1CCOCC1,19.0,7.721246399047171,1,507.5620000000005
O=C(c1ccc(C(=O)C(F)(F)F)cc1)N1CCOc2ccc(-c3ccc4[nH]ncc4c3)cc2C1,137.0,6.863279432843593,1,465.43100000000015
O=C(c1ccc(C(=O)C(F)(F)F)cc1)N1CCOc2ccc(-c3ccc4ccccc4c3)cc2C1,1463.0,5.834755673874689,0,475.4660000000002
O=C(c1ccc(C(=O)C(F)(F)F)cc1)N1CCOc2ccc(-c3ccc4cn[nH]c4c3)cc2C1,259.0,6.586700235918748,1,465.43100000000015
O=C(c1ccc(C(=O)C(F)(F)F)cc1)N1CCOc2ccc(-c3ccc4nc[nH]c4c3)cc2C1,89.0,7.050609993355087,1,465.43100000000015
O=C(c1ccc(C(=O)C(F)(F)F)cc1)N1CCOc2ccc(-c3ccccc3)cc2C1,2305.0,5.637329070274333,0,425.4060000000001
O=C(c1ccc(C(=O)C(F)(F)F)cc1)N1CCOc2ccc(-c3cccnc3)cc2C1,1131.0,5.946537395074545,0,426.3940000000001
O=C(c1ccc(C(=O)C(F)(F)F)cc1)N1CCOc2ccc(-c3cn[nH]c3)cc2C1,1048.0,5.979638717352292,0,415.3710000000001
O=C(c1ccc(C(=O)C(F)(F)F)cc1)N1CCOc2ccc(-c3cnc4ccccc4c3)cc2C1,398.0,6.400116927926312,1,476.4540000000002
O=C(c1ccc(C(=O)C(F)(F)F)cc1)N1CCOc2ccccc2C1,10000.0,5.0,0,349.30800000000005
O=C(c1ccc(C(F)(F)F)cc1)N1CCOc2ccc(-c3ccc4nc[nH]c4c3)cc2C1,1092.0,5.961777361631282,0,437.42100000000016
O=C(c1ccc(F)c(F)c1Nc1ccc(I)cc1F)N1CC(O)([C@@H]2CCCCN2)C1,10000.0,5.0,0,531.3160000000003
O=C(c1ccc2c(c1)[nH]c(=O)c1ccnn12)N1CCN(C2CCCC2)CC1,20000.0,4.698970004336019,0,365.43700000000024
O=C(c1ccc2nc(Nc3ccc(-c4nc(N5CCOCC5)nc(N5CCOCC5)n4)cc3)[nH]c2c1)N1CCOCC1,20100.0,4.696803942579511,0,571.6420000000002
O=C(c1ccccc1)N1CCC(n2ncc3c(N4CCOCC4)nc(-c4cccc(O)c4)nc32)CC1,50.0,7.301029995663981,1,484.56000000000034
O=C(c1ccccc1)N1CCOc2ccc(-c3cnc4ccccc4c3)cc2C1,3128.0,5.50473325561219,0,380.4470000000001
O=C(c1ccccc1)c1ccc(N2CCOCC2)cc1O,32000.0,4.494850021680094,0,283.32699999999994
O=C(c1ccccc1)c1ccc(NC(=O)c2cc3ccccc3[nH]2)cc1,54000.0,4.267606240177032,0,340.382
O=C(c1ccccc1)c1cccc(NC(=O)c2cc3ccccc3[nH]2)c1,55000.0,4.259637310505756,0,340.382
O=C(c1cccnc1)N1CCC(n2ncc3c(N4CCOCC4)nc(-c4ccc5[nH]ccc5c4)nc32)CC1,5870.0,5.231361898752385,0,508.58600000000035
O=C(c1cccnc1)N1CCC(n2ncc3c(N4CCOCC4)nc(-c4cccc(O)c4)nc32)CC1,86.0,7.0655015487564325,1,485.54800000000034
O=C(c1cnc2ccc(-c3ccc(Cl)c(NS(=O)(=O)c4ccc(F)cc4F)c3)cn12)N1CCOCC1,1000.0,6.0,1,532.9560000000001
O=C(c1cnc2ccc(-c3ccc(Cl)c(NS(=O)(=O)c4ccccc4)c3)cn12)N1CCOCC1,1000.0,6.0,1,496.9760000000003
O=C(c1cnc2ccc(-c3ccc4c(Nc5ccccc5)noc4c3)cn12)N1CCOCC1,10000.0,5.0,0,439.47500000000025
O=C(c1cnc2ccc(-c3ccc4c(Nc5ccccc5)nsc4c3)cn12)N1CCOCC1,10000.0,5.0,0,455.54300000000023
O=C(c1cnc2ccc(-c3ccc4oc(NC5CC5)nc4c3)cn12)N1CCOCC1,10000.0,5.0,0,403.4420000000002
O=C(c1cnc2ccc(-c3ccc4oc(Nc5ccccc5)nc4c3)cn12)N1CCOCC1,10000.0,5.0,0,439.47500000000025
O=C(c1cnc2ccc(-c3cccc(NS(=O)(=O)c4ccc(F)cc4F)c3)cn12)N1CCOCC1,10000.0,5.0,0,498.5110000000003
O=C(c1cnc2ccc(-c3cccc(NS(=O)(=O)c4ccccc4)c3)cn12)N1CCOCC1,10000.0,5.0,0,462.5310000000003
O=C(c1cnc2ccc(-c3cccc(S(=O)(=O)Nc4cc(F)ccc4F)c3)cn12)N1CCOCC1,10000.0,5.0,0,498.51100000000025
O=C(c1cnc2ccc(-c3cccc(S(=O)(=O)Nc4ccccc4)c3)cn12)N1CCOCC1,10000.0,5.0,0,462.53100000000023
O=C(c1cnc2ccc(-c3cccc4[nH]ncc34)cn12)N1CCOCC1,100.0,7.0,1,347.3780000000002
O=C(c1cnc2ccc(-c3cnc(Cl)c(NS(=O)(=O)c4ccc(F)cc4)c3)cn12)N1CCOCC1,100.0,7.0,1,515.9540000000002
O=C(c1cnc2ccc(-c3cnc(Cl)c(NS(=O)(=O)c4ccc(F)cc4F)c3)cn12)N1CCOCC1,100.0,7.0,1,533.9440000000001
O=C(c1cnc2ccc(-c3cnc(Cl)c(NS(=O)(=O)c4cccc(F)c4)c3)cn12)N1CCOCC1,100.0,7.0,1,515.9540000000002
O=C(c1cnc2ccc(-c3cnc(Cl)c(NS(=O)(=O)c4ccccc4)c3)cn12)N1CCOCC1,100.0,7.0,1,497.9640000000003
O=C(c1cnc2ccc(-c3cnc(Cl)c(NS(=O)(=O)c4ccccc4F)c3)cn12)N1CCOCC1,100.0,7.0,1,515.9540000000002
O=C(c1cnc2ccc(-c3cnc(Cl)c4[nH]ncc34)cn12)N1CCOCC1,1000.0,6.0,1,382.8110000000002
O=C(c1cnc2ccc(-c3cnc4[nH]ncc4c3)cn12)N1CCOCC1,1000.0,6.0,1,348.3660000000002
O=C(c1cnc2ccc(-c3cncc(NS(=O)(=O)c4ccc(F)cc4F)c3)cn12)N1CCOCC1,100.0,7.0,1,499.4990000000003
O=C(c1cnc2ccc(-c3cncc(NS(=O)(=O)c4ccccc4)c3)cn12)N1CCOCC1,1000.0,6.0,1,463.5190000000003
O=C(c1cnc2ccc(-c3cncc(S(=O)(=O)Nc4ccccc4)c3)cn12)N1CCOCC1,10000.0,5.0,0,463.51900000000023
O=C(c1nn(-c2ccc(CN3CCOCC3)cc2)c2c1CS(=O)(=O)c1c(F)cccc1-2)N1CCOCC1,18000.0,4.7447274948966935,0,526.5900000000001
O=C1/C(=C/c2c(-c3ccc(Cl)cc3)[nH]c3ccccc23)Oc2cc(O)cc(O)c21,542.0,6.266000713461613,1,403.8210000000002
O=C1/C(=C/c2c(-c3ccc(F)cc3)[nH]c3ccccc23)Oc2cc(O)cc(O)c21,1580.0,5.801342913045577,0,387.36600000000016
O=C1/C(=C/c2c(-c3ccc4ccccc4c3)[nH]c3ccccc23)Oc2cc(O)cc(O)c21,800.0,6.096910013008056,1,419.4360000000002
O=C1/C(=C/c2c(-c3ccccc3)[nH]c3ccccc23)Oc2cc(O)cc(O)c21,1034.0,5.985479461242076,0,369.37600000000015
O=C1/C(=C/c2c(-c3ccccn3)[nH]c3ccccc23)Oc2cc(O)cc(O)c21,3650.0,5.437707135543525,0,370.36400000000015
O=C1/C(=C/c2c[nH]c3ccc(Br)cc23)Oc2cc(O)cc(O)c21,422.0,6.374687549038326,1,372.1740000000001
O=C1/C(=C/c2c[nH]c3ccc(Cl)cc23)Oc2cc(O)cc(O)c21,492.0,6.308034897232639,1,327.72300000000007
O=C1/C(=C/c2c[nH]c3ccc(Oc4ccccc4)cc23)Oc2cc(O)cc(O)c21,1889.0,5.7237680420781665,0,385.37500000000017
O=C1/C(=C/c2c[nH]c3ccccc23)Oc2cc(O)cc(O)c21,6754.0,5.170438943700607,0,293.278
O=C1CC(c2cccc(NC(=O)c3ccc(Cl)c(C(F)(F)F)c3)c2)=Nc2cnn(Cc3ccccc3)c2N1,2150.0,5.667561540084395,0,537.9290000000001
O=C1CC(c2ccccc2)Cc2nc(N3CCOCC3)sc21,23800.0,4.623423042943488,0,314.41
O=C1CC2(CCCC2)Cc2nc(N3CCOCC3)sc21,2429.0,5.614572485194869,0,292.404
O=C1CC2(CCCCC2)Cc2nc(N3CCOCC3)sc21,1900.0,5.721246399047171,0,306.43100000000004
O=C1CCC(N2C(=O)c3cccc(NC(=O)CCCCCN4CCN(c5nc(N6CCOCC6)nc(-n6c(C(F)F)nc7ccccc76)n5)CC4)c3C2=O)C(=O)N1,2847.0,5.545612532853045,0,785.8130000000002
O=C1CCC(N2C(=O)c3cccc(NC(=O)CCCCCn4cc(CN5CCN(c6nc(N7CCOCC7)nc(-n7c(C(F)F)nc8ccccc87)n6)CC5)nn4)c3C2=O)C(=O)N1,86.0,7.0655015487564325,1,866.891
O=C1CCC(N2C(=O)c3cccc(NC(=O)CCCn4cc(CN5CCN(c6nc(N7CCOCC7)nc(-n7c(C(F)F)nc8ccccc87)n6)CC5)nn4)c3C2=O)C(=O)N1,90.0,7.045757490560675,1,838.837
O=C1CCCN1C(c1ccc(Br)cc1)c1c(O)ccc2ccccc12,15000.0,4.823908740944319,0,396.2840000000001
O=C1CCCN1C(c1ccc(Cl)cc1)c1c(O)ccc2ccccc12,25000.0,4.6020599913279625,0,351.8330000000001
O=C1CCCN1C(c1ccc(Cl)cc1Cl)c1c(O)ccc2ccccc12,1000.0,6.0,1,386.2780000000001
O=C1CCCN1C(c1ccc(F)cc1)c1c(O)ccc2ccccc12,50.0,7.301029995663981,1,335.37800000000004
O=C1CCCN1C(c1ccc(O)cc1)c1c(O)ccc2ccccc12,25000.0,4.6020599913279625,0,333.38700000000006
O=C1CCCN1C(c1ccc(O)cc1O)c1c(O)ccc2ccccc12,25000.0,4.6020599913279625,0,349.3860000000001
O=C1CCCN1C(c1cccc2ccccc12)c1c(O)ccc2ccccc12,5000.0,5.301029995663981,0,367.4480000000001
O=C1CCCN1C(c1ccccc1)c1c(O)ccc2ccccc12,25000.0,4.6020599913279625,0,317.38800000000003
O=C1CCCN1C(c1ccccc1Br)c1c(O)ccc2ccccc12,50.0,7.301029995663981,1,396.2840000000001
O=C1CCCN1C(c1ccccc1Cl)c1c(O)ccc2ccccc12,5000.0,5.301029995663981,0,351.8330000000001
O=C1CCCN1C(c1ccccc1F)c1c(O)ccc2ccccc12,5000.0,5.301029995663981,0,335.37800000000004
O=C1CCCN1C(c1cccs1)c1c(O)ccc2ccccc12,25000.0,4.6020599913279625,0,323.4170000000001
O=C1CCCc2nc(N3CCOCC3)sc21,8063.0,5.093503340200647,0,238.31199999999995
O=C1CCN(c2nc(-c3cccc4[nH]ncc34)nc(N3CCOCC3)n2)CCN1,200.0,6.698970004336019,1,394.4390000000003
O=C1CN(CCC2CCOCC2)c2nc(-c3ccc(-c4nc[nH]n4)cc3)cnc2N1,527.3333333333334,6.2779147755580045,1,405.46200000000005
O=C1CN(CCC2CCOCC2)c2nc(-c3ccc(-c4nc[nH]n4)nc3)cnc2N1,1600.0,5.795880017344075,0,406.45000000000005
O=C1CN(c2nc(-c3cccc4[nH]ncc34)nc(N3CCOCC3)n2)CCN1,400.0,6.3979400086720375,1,380.41200000000026
O=C1CNc2ncc(-c3ccc(-c4nc[nH]n4)cc3)nc2N1CCC1CCOCC1,100.0,7.0,1,405.46200000000033
O=C1COc2cc(-c3cc(N4CCOCC4)cc(S(=O)(=O)Cc4ccc(F)cc4)c3)ccc2N1,4700.0,5.327902142064283,0,482.5330000000001
O=C1NC(=O)/C(=C/c2ccc(-c3cc(C(=O)O)ccc3O)o2)S1,1350.0,5.8696662315049934,0,331.305
O=C1NC(=O)/C(=C/c2ccc(-c3cc(Cl)ccc3O)o2)S1,545.0,6.2636034977233574,1,321.74100000000004
O=C1NC(=O)/C(=C/c2ccc(-c3cc(F)cc(F)c3O)s2)S1,340.0,6.468521082957745,1,339.344
O=C1NC(=O)/C(=C/c2ccc(-c3cc(F)ccc3O)o2)S1,455.0,6.341988603342887,1,305.286
O=C1NC(=O)/C(=C/c2ccc(-c3cc(O)ccc3O)o2)S1,100.0,7.0,1,303.295
O=C1NC(=O)/C(=C/c2ccc(-c3cc(OC(F)(F)F)ccc3O)o2)S1,600.0,6.221848749616356,1,371.29200000000003
O=C1NC(=O)/C(=C/c2ccc(-c3ccc(F)cc3O)o2)S1,940.0,6.026872146400302,1,305.286
O=C1NC(=O)/C(=C/c2ccc(-c3ccc(O)cc3)o2)S1,3600.0,5.443697499232712,0,287.296
O=C1NC(=O)/C(=C/c2ccc(-c3ccc(O)cc3F)o2)S1,1000.0,6.0,1,305.286
O=C1NC(=O)/C(=C/c2ccc(-c3ccc(O)cc3O)o2)S1,190.0,6.721246399047171,1,303.295
O=C1NC(=O)/C(=C/c2ccc(-c3ccc4c(c3)OCO4)o2)S1,20000.0,4.698970004336019,0,315.306
O=C1NC(=O)/C(=C/c2ccc(-c3cccc(O)c3)o2)S1,1800.0,5.7447274948966935,0,287.296
O=C1NC(=O)/C(=C/c2ccc(-c3cccc([N+](=O)[O-])c3O)o2)S1,1250.0,5.903089986991944,0,332.293
O=C1NC(=O)/C(=C/c2ccc(-c3ccccc3O)o2)S1,330.0,6.481486060122113,1,287.296
O=C1NC(=O)/C(=C/c2ccc(-c3ccccn3)o2)S1,185.0,6.732828271596986,1,272.28499999999997
O=C1NC(=O)/C(=C/c2ccc(-c3cccnc3)o2)S1,630.0,6.200659450546418,1,272.28499999999997
O=C1NC(=O)/C(=C/c2ccc3nccc(-c4ccncc4)c3c2)S1,0.9333333333333332,9.029963223377443,1,333.372
O=C1NC(=O)/C(=C/c2ccc3nccnc3c2)S1,60.0,7.221848749616356,1,257.274
O=C1NC(=O)/C(=C\c2ccc3c(c2)OC(F)(F)O3)S1,4500.0,5.346787486224656,0,285.2269999999999
O=C1NC(=O)C(Cc2ccc3nccc(-c4ccncc4)c3c2)S1,2.0,8.698970004336019,1,335.38800000000003
O=C1NC(=S)S/C1=C/c1ccc2c(c1)N(Cc1ccc(F)c(Cl)c1)C(=O)CO2,23.0,7.638272163982407,1,434.90100000000024
O=C1NC(=S)S/C1=C\c1ccc(-c2cc([N+](=O)[O-])ccc2O)o1,600.0,6.221848749616356,1,348.3610000000001
O=C1NC(=S)S/C1=C\c1ccc(-c2cccc(C(=O)O)c2)o1,20000.0,4.698970004336019,0,331.37400000000014
O=C1NC(=S)S/C1=C\c1ccc2ncccc2c1,2.6,8.585026652029182,1,272.35400000000004
O=C1NC(=S)S/C1=C\c1ccc2ncsc2c1,2.2,8.657577319177793,1,278.38300000000004
O=C1NCc2c1cc(-c1cccc(F)c1)cc2-c1cc(O)cc(F)c1,10000.0,5.0,0,337.32500000000005
O=C1NCc2c1cc(NCCCN1CCOCC1)cc2-c1cccc(O)c1,24980.0,4.602407565961883,0,367.449
O=C1NCc2c1cc(NCCCc1ccccc1)cc2-c1cc(O)cc(F)c1,723.0,6.140861702705469,1,376.4310000000001
O=C1NCc2c1cc(NCCCc1ccccc1)cc2-c1cccc(O)c1,2047.0,5.688882157337495,0,358.4410000000001
O=C1NCc2c1cc(OC1CN(C(=O)C3CC3)C1)cc2-c1ccc(OC(F)F)nc1,10000.0,5.0,0,415.396
O=C1NCc2c1cc(OC1CN(C(=O)C3CC3)C1)cc2-c1cnc(Cl)c(OC(F)F)c1,5648.0,5.248105311956253,0,449.84100000000007
O=C1NCc2c1cc(O[C@@H]1CCN(C(=O)C3CC(F)(F)C3)C1)cc2-c1cc(O)cc(F)c1,361.0,6.442492798094342,1,446.4250000000001
O=C1NCc2c1cc(O[C@@H]1CCN(C(=O)C3CC3)C1)cc2-c1cc(O)cc(F)c1,899.0,6.046240308266771,1,396.41800000000006
O=C1NCc2c1cc(O[C@@H]1CCN(C(=O)C3CC3)C1)cc2-c1cnc(F)c(O)c1,295.0,6.530177984021837,1,397.40600000000006
O=C1NCc2c1cc(O[C@@H]1CCN(C(=O)C3CC3)C1)cc2-c1cncc(O)c1,1020.0,5.991399828238082,0,379.41600000000005
O=C1NCc2c1cc(O[C@@H]1CCN(C(=O)C3CCOCC3)C1)cc2-c1cc(O)cc(F)c1,824.0,6.084072788302884,1,440.4710000000002
O=C1NCc2c1cccc2-c1cc(O)cc(F)c1,6929.0,5.159329438666591,0,243.23699999999997
O=CCn1ccc2c(N3CCOCC3)nc(-c3ccc(NC(=O)Nc4ccncc4)cc3)nc21,2.0,8.698970004336019,1,457.494
O=Cc1ccc(N2CCOCC2)cc1O,10000.0,5.0,0,207.22899999999998
O=S(=O)(CCc1cnccn1)Cc1cc(N2CCOCC2)nc(-c2ccccn2)n1,90000.0,4.045757490560675,0,426.5020000000002
O=S(=O)(Cc1cc(N2CCOCC2)nc(-c2ccccn2)n1)c1ccc(F)cc1,7600.0,5.119186407719209,0,414.462
O=S(=O)(Cc1cc(N2CCOCC2)nc(-c2ccccn2)n1)c1ccccc1,17339.004999999997,4.7609758281636125,0,396.472
O=S(=O)(Cc1ccc(F)cc1)c1cc(-c2ccc3c(c2)OCCN3)cc(N2CCOCC2)c1,5900.0,5.229147988357856,0,468.55000000000035
O=S(=O)(Cc1ccc(F)cc1)c1cc(-c2cccc(O)c2)cc(N2CCOCC2)c1,530.0,6.275724130399211,1,427.49700000000024
O=S(=O)(Cc1ccc(F)cc1)c1cc(-c2cccc(OC(F)(F)F)c2)cc(N2CCOCC2)c1,19000.0,4.721246399047171,0,495.49400000000026
O=S(=O)(Cc1ccccc1)c1cc(-c2cnc(NC3CC3)nc2)cc(N2CCOCC2)c1,1300.0,5.886056647693163,0,450.5640000000003
O=S(=O)(Cc1ccccc1)c1cc(-c2cnc(NCCO)nc2)cc(N2CCOCC2)c1,1100.0,5.958607314841775,0,454.5520000000003
O=S(=O)(Nc1cc(-c2cc3c(-c4ccncc4)ncnc3s2)cnc1Cl)c1ccc(Cl)s1,0.15,9.823908740944319,1,520.4480000000001
O=S(=O)(Nc1cc(-c2cc3c(-c4ccncc4)ncnc3s2)cnc1Cl)c1ccc(F)cc1,0.3,9.522878745280337,1,497.9640000000001
O=S(=O)(Nc1cc(-c2cc3c(-c4ccncc4)ncnc3s2)cnc1Cl)c1ccc(F)cc1F,0.23,9.638272163982407,1,515.9540000000002
O=S(=O)(Nc1cc(-c2cc3cccnc3cn2)cnc1Cl)c1ccc(F)cc1,10000.0,5.0,0,414.8490000000001
O=S(=O)(Nc1cc(-c2ccc3cnccc3c2)cnc1Cl)c1ccc(F)cc1,10000.0,5.0,0,413.86100000000005
O=S(=O)(Nc1cc(-c2ccc3ncc(-c4ccncc4)nc3c2)cnc1Cl)c1ccc(F)cc1,24.0,7.619788758288394,1,491.9350000000001
O=S(=O)(Nc1cc(-c2ccc3ncc(N4CCC(F)(F)CC4)nc3c2)cnc1Cl)c1ccc(F)cc1,189.0,6.723538195826756,1,533.9630000000002
O=S(=O)(Nc1cc(-c2ccc3ncc(N4CCCCC4)nc3c2)cnc1Cl)c1ccc(F)cc1,128.0,6.892790030352131,1,497.98300000000023
O=S(=O)(Nc1cc(-c2ccc3ncc(N4CCNCC4)nc3c2)cnc1Cl)c1ccc(F)cc1,0.495,9.30539480106643,1,498.9710000000002
O=S(=O)(Nc1cc(-c2ccc3ncc(N4CCOCC4)nc3c2)cnc1Cl)c1ccc(F)cc1,11.55,7.937418015771837,1,499.9550000000002
O=S(=O)(Nc1cc(-c2ccc3ncc(N4C[C@H]5CC[C@H](CC5)C4)nc3c2)cnc1Cl)c1ccc(F)cc1,247.0,6.607303046740334,1,538.0480000000003
O=S(=O)(Nc1cc(-c2ccc3ncc(NCC4CCCCC4)nc3c2)cnc1Cl)c1ccc(F)cc1,281.0,6.55129368009492,1,526.0370000000004
O=S(=O)(Nc1cc(-c2ccc3ncc(NCC4CCCNC4)nc3c2)cnc1Cl)c1ccc(F)cc1,2710.0,5.567030709125595,0,527.0250000000003
O=S(=O)(Nc1cc(-c2ccc3ncc(NCCN4CCCCC4)nc3c2)cnc1Cl)c1ccc(F)cc1,18.0,7.7447274948966935,1,541.0520000000004
O=S(=O)(Nc1cc(-c2ccc3ncc(NCCN4CCOCC4)nc3c2)cnc1Cl)c1ccc(F)cc1,28.0,7.552841968657781,1,543.0240000000003
O=S(=O)(Nc1cc(-c2ccc3ncc(NCCc4ccccc4)nc3c2)cnc1Cl)c1ccc(F)cc1,241.0,6.617982957425132,1,534.0160000000002
O=S(=O)(Nc1cc(-c2ccc3nccc(-c4ccc(CN5CCOCC5)cc4)c3c2)cnc1Cl)c1ccc(F)cc1,1.5,8.823908740944319,1,589.0920000000004
O=S(=O)(Nc1cc(-c2ccc3nccc(-c4ccc(CN5CCOCC5)cc4)c3c2)cnc1Cl)c1ccc(F)cc1F,1.1,8.958607314841775,1,607.0820000000004
O=S(=O)(Nc1cc(-c2ccc3nccc(-c4ccc(CN5CCOCC5)cc4)c3c2)cnc1N1CCOCC1)c1ccc(F)cc1F,1.1,8.958607314841775,1,657.7430000000003
O=S(=O)(Nc1cc(-c2ccc3nccc(-c4ccc(Cn5cncn5)cc4)c3c2)cnc1Cl)c1ccc(F)cc1,0.73,9.136677139879543,1,571.0370000000003
O=S(=O)(Nc1cc(-c2ccc3nccc(-c4ccc(Cn5cncn5)cc4)c3c2)cnc1Cl)c1ccc(F)cc1F,0.82,9.086186147616283,1,589.0270000000003
O=S(=O)(Nc1cc(-c2ccc3nccc(-c4ccccc4)c3c2)cnc1Cl)c1ccc(F)cc1,127.0,6.896196279044043,1,489.9590000000001
O=S(=O)(Nc1cc(-c2ccc3nccc(-c4cccnc4)c3c2)cnc1Cl)c1ccc(F)cc1,8.7,8.060480747381382,1,490.9470000000002
O=S(=O)(Nc1cc(-c2ccc3nccc(-c4ccncc4)c3c2)cnc1Cl)c1ccc(F)cc1,5.1,8.292429823902063,1,490.9470000000002
O=S(=O)(Nc1cc(-c2ccc3nccc(N4CCC(O)CC4)c3c2)cnc1Cl)c1ccc(F)cc1,150.0,6.823908740944319,1,512.9940000000003
O=S(=O)(Nc1cc(-c2ccc3nccc(N4CCCCC4)c3c2)cnc1Cl)c1ccc(F)cc1,498.0,6.302770657240282,1,496.9950000000003
O=S(=O)(Nc1cc(-c2ccc3nccc(N4CCN(Cc5ccccc5)CC4)c3c2)cnc1Cl)c1ccc(F)cc1,136.0,6.866461091629782,1,588.1080000000004
O=S(=O)(Nc1cc(-c2ccc3nccc(N4CCN(Cc5ccncc5)CC4)c3c2)cnc1Cl)c1ccc(F)cc1,11.3,7.94692155651658,1,589.0960000000003
O=S(=O)(Nc1cc(-c2ccc3nccc(N4CCOCC4)c3c2)cnc1Cl)c1ccc(F)cc1,10.3,7.987162775294828,1,498.96700000000027
O=S(=O)(Nc1cc(-c2ccc3ncccc3c2)cnc1Cl)c1ccc(F)cc1,377.0,6.423658649794207,1,413.86100000000005
O=S(=O)(Nc1cc(-c2ccc3ncccc3n2)cnc1Cl)c1ccc(F)cc1,784.0,6.105683937315561,1,414.8490000000001
O=S(=O)(Nc1cc(-c2ccc3nccnc3c2)cnc1Cl)c1ccc(F)cc1,1450.0,5.838631997765025,0,414.8490000000001
O=S(=O)(Nc1cc(-c2ccc3ncncc3c2)cnc1Cl)c1ccc(F)cc1,23.0,7.638272163982407,1,414.8490000000001
O=S(=O)(Nc1cc(-c2ccc3ncsc3c2)cnc1Cl)c1ccc(F)cc1,769.0,6.114073660198569,1,419.89000000000004
O=S(=O)(Nc1cc(-c2ccc3nncc(-c4ccc(N5CCOCC5)cc4)c3c2)cnc1Cl)c1ccccc1,0.711,9.148130399270233,1,558.0630000000004
O=S(=O)(Nc1cc(-c2ccc3nncc(-c4ccc(N5CCOCC5)nc4)c3c2)cnc1Cl)c1ccccc1,0.709,9.149353764816933,1,559.0510000000004
O=S(=O)(Nc1cc(-c2ccc3nncc(-c4ccncc4)c3c2)cnc1Cl)c1ccccc1,0.71,9.148741651280925,1,473.9450000000001
O=S(=O)(Nc1cc(-c2ccc3nncc(-c4cnc(N5CCOCC5)nc4)c3c2)cnc1Cl)c1ccccc1,0.936,9.028724151261894,1,560.0390000000004
O=S(=O)(Nc1cc(-c2ccc3nncc(-n4ccnc4)c3c2)cnc1Cl)c1ccccc1,1.37,8.863279432843592,1,462.9220000000001
O=S(=O)(Nc1cc(-c2ccc3nncc(N4CCCC4)c3c2)cnc1Cl)c1ccccc1,2.64,8.578396073130168,1,465.9660000000002
O=S(=O)(Nc1cc(-c2ccc3nncc(N4CCCCC4)c3c2)cnc1Cl)c1ccccc1,1.33,8.876148359032914,1,479.9930000000002
O=S(=O)(Nc1cc(-c2ccc3nncc(N4CCOCC4)c3c2)cnc1Cl)c1ccccc1,1.55,8.809668301829708,1,481.9650000000002
O=S(=O)(Nc1cc(-c2ccc3nnccc3c2)cnc1Cl)c1ccc(F)cc1,1920.0,5.716698771296451,0,414.8490000000001
O=S(=O)(Nc1cc(-c2ccccc2)cnc1Cl)c1ccccc1,31622.78,4.499999953328896,0,344.82300000000004
O=S(=O)(Nc1cc(-c2cnc3[nH]cc(-c4ccc(N5CCOCC5)nc4)c3c2)cnc1Cl)c1ccccc1,0.3,9.522878745280337,1,547.0400000000004
O=S(=O)(Nc1cc(-c2cnc3[nH]cc(-c4cnn(CCN5CCOCC5)c4)c3c2)cnc1Cl)c1ccccc1,0.3,9.522878745280337,1,564.0710000000005
O=S(=O)(Nc1cc(-c2cnc3[nH]ccc3n2)cnc1Cl)c1ccccc1,59.0,7.229147988357855,1,385.83600000000007
O=S(=O)(Nc1cc(-c2cnc3[nH]cnc3c2)cnc1Cl)c1ccccc1,28.0,7.552841968657781,1,385.83600000000007
O=S(=O)(Nc1cc(-c2cnc3[nH]nc(-c4ccncc4)c3c2)cnc1Cl)c1ccc(F)cc1,0.65,9.187086643357144,1,480.9120000000001
O=S(=O)(Nc1cc(-c2cnc3[nH]nc(-c4ccncc4)c3c2)cnc1Cl)c1ccccc1,1.17,8.931814138253838,1,462.9220000000001
O=S(=O)(Nc1cc(-c2cnc3[nH]ncc3c2)cnc1Cl)c1ccccc1,51.0,7.292429823902063,1,385.83600000000007
O=S(=O)(Nc1cc(-c2cnc3ccc(-c4cccnc4)cn23)cnc1Cl)c1ccc(F)cc1,4.0,8.397940008672037,1,479.92400000000015
O=S(=O)(Nc1cc(-c2cnc3ccc(-c4ccncc4)cn23)cnc1Cl)c1ccc(F)cc1,5.0,8.301029995663981,1,479.92400000000015
O=S(=O)(Nc1cc(-c2cnc3ccc(Br)cn23)cnc1Cl)c1ccc(F)cc1,14.0,7.853871964321762,1,481.7340000000001
O=S(=O)(Nc1cc(-c2cnc3ccc(Cl)nn23)cnc1Cl)c1ccc(F)cc1,47.0,7.327902142064283,1,438.27100000000013
O=S(=O)(Nc1cc(-c2cnc3ccc(N4CCOCC4)cn23)cnc1Cl)c1ccc(F)cc1,6.0,8.221848749616356,1,487.94400000000013
O=S(=O)(Nc1cc(-c2cnc3ccccn23)cnc1Cl)c1ccc(F)cc1,30.0,7.522878745280337,1,402.83800000000014
O=S(=O)(Nc1cc(-c2cnc3ncccn23)cnc1Cl)c1ccc(F)cc1,781.0,6.1073489661227,1,403.8260000000001
O=S(=O)(Nc1cc(C2=CCOCC2)cnc1Cl)c1ccccc1,501.19,6.299997602857746,1,350.827
O=S(=O)(Nc1ccc(F)cc1F)c1cncc(-c2ccc3nccc(-c4ccncc4)c3c2)c1,1.0,9.0,1,474.4920000000002
O=S(=O)(Nc1cncc(-c2ccc3ncc(-c4cc[nH]n4)n3c2)c1)c1ccccc1,213.0,6.671620396561262,1,416.46600000000007
O=S(=O)(Nc1cncc(-c2ccc3ncc(-c4ccccc4)n3c2)c1)c1ccccc1,720.0,6.142667503568732,1,426.5010000000001
O=S(=O)(Nc1cncc(-c2ccc3ncc(-c4cccnc4)n3c2)c1)c1ccccc1,7.0,8.154901959985743,1,427.4890000000001
O=S(=O)(Nc1cncc(-c2ccc3ncc(-c4ccncc4)n3c2)c1)c1ccccc1,4.0,8.397940008672037,1,427.4890000000001
O=S(=O)(Nc1cncc(-c2ccc3ncc(-c4cn(CCCN5CCOCC5)nn4)n3n2)c1)c1ccc(F)cc1F,3.62,8.441291429466835,1,581.6090000000005
O=S(=O)(Nc1cncc(-c2ccc3ncc(-c4nn[nH]n4)n3c2)c1)c1ccc(F)cc1F,0.6,9.221848749616356,1,454.4220000000001
O=S(=O)(Nc1cncc(-c2ccc3ncc(-c4nn[nH]n4)n3c2)c1)c1ccccc1,0.8,9.096910013008056,1,418.44200000000006
O=S(=O)(Nc1cncc(-c2ccc3ncc(N4CCOCC4)n3c2)c1)c1ccccc1,36.0,7.443697499232712,1,435.50900000000024
O=S(=O)(Nc1cncc(-c2ccc3nccc(-c4ccncc4)c3c2)c1)c1ccc(F)cc1F,0.1,10.0,1,474.49200000000013
O=S(=O)(Nc1cncc(-c2ccc3nccc(-c4ccncc4)c3c2)c1)c1ccccc1F,0.1,10.0,1,456.5020000000001
O=S(=O)(Nc1cncc(-c2ccc3nccn3c2)c1)c1ccccc1,360.0,6.443697499232712,1,350.4030000000001
O=S(=O)(Nc1cncc(-c2cnc3[nH]cc(-c4cccnc4)c3c2)c1)c1ccccc1,12.0,7.920818753952375,1,427.4890000000001
O=S(=O)(Nc1cncc(-c2cnc3[nH]ccc3c2)c1)c1ccccc1,5200.0,5.2839966563652006,0,350.4030000000001
O=S(=O)(Nc1cncc(-c2cnc3ccccn23)c1)c1ccc(F)cc1,931.0,6.031050319018657,1,368.3930000000001
O=S(=O)(Oc1ccc(/C=N/N=c2\scc(-c3ccccc3)n2-c2ccccc2)cc1)C(F)(F)C(F)(F)C(F)(F)C(F)(F)F,5800.0,5.236572006437063,0,653.5480000000003
O=S(=O)(c1cc(-c2cnc(NC3CC3)nc2)cc(N2CCOCC2)c1)C1CCOC1,680.0,6.167491087293763,1,430.53000000000037
O=S(=O)(c1ccc(Br)cc1)c1nc2ccccc2nc1N1CCC(O)CC1,25.0,7.6020599913279625,1,448.34200000000027
O=S(=O)(c1ccc(Br)cc1)c1nc2ccccc2nc1N1CCOCC1,2890.0,5.539102157243452,0,434.3150000000003
O=S(=O)(c1ccc(Br)cc1)c1nc2ccccc2nc1Nc1cccc(O)c1,470.0,6.327902142064283,1,456.32100000000014
O=S(=O)(c1ccc(Cl)cc1)N1CCN(c2nc(NCCN3CCOCC3)nc(N3CCOCC3)n2)CC1,30.87,7.510463370517905,1,553.0890000000003
O=S(=O)(c1ccc(F)cc1)N1CCN(c2nc(NCCN3CCOCC3)nc(N3CCOCC3)n2)CC1,88.03,7.055369298143722,1,536.6340000000004
O=S(=O)(c1ccc(F)cc1)c1nc2ccccc2nc1N1CCOCC1,2490.0,5.603800652904264,0,373.4090000000002
O=S(=O)(c1ccc(O)cc1)N1CCN(c2nc(NCCN3CCOCC3)nc(N3CCOCC3)n2)CC1,3.41,8.467245621007502,1,534.6430000000004
O=S(=O)(c1cccc(Cl)c1)N1CCN(c2nc(NCCN3CCOCC3)nc(N3CCOCC3)n2)CC1,37.45,7.426548177964515,1,553.0890000000003
O=S(=O)(c1cccc(F)c1)N1CCN(c2nc(NCCN3CCOCC3)nc(N3CCOCC3)n2)CC1,110.45,6.956834279792546,1,536.6340000000004
O=S(=O)(c1cccc(O)c1)N1CCN(c2nc(NCCN3CCOCC3)nc(N3CCOCC3)n2)CC1,15.63,7.806041021980813,1,534.6430000000004
O=S(=O)(c1ccccc1)N1CCN(c2nc(NCCN3CCOCC3)nc(N3CCOCC3)n2)CC1,40.56,7.391902053674721,1,518.6440000000005
O=S(=O)(c1ccccc1)c1cc(-c2cnc(NC3CC3)nc2)cc(N2CCOCC2)c1,2700.0,5.568636235841013,0,436.5370000000003
O=S(=O)(c1ccccc1)c1cc(-c2cnc(NC3CC3)nc2)nc(N2CCOCC2)c1,370.0,6.431798275933005,1,437.5250000000003
O=S(=O)(c1ccccc1)c1cc(-c2cnc(NCCO)nc2)cc(N2CCOCC2)c1,2900.0,5.5376020021010435,0,440.5250000000003
O=S(=O)(c1ccccc1)c1nc2ccccc2nc1N1CCC(O)CC1,79.0,7.102372908709558,1,369.4460000000002
O=S(=O)(c1ccccc1)c1nc2ccccc2nc1N1CCCC1,21830.0,4.66094626429086,0,339.4200000000002
O=S(=O)(c1ccccc1)c1nc2ccccc2nc1N1CCCCC1,21630.0,4.6649434805609085,0,353.44700000000023
O=S(=O)(c1ccccc1)c1nc2ccccc2nc1N1CCOCC1,440.0,6.356547323513812,1,355.4190000000002
O=S(=O)(c1ccccc1)c1nc2ccccc2nc1N1CCc2ccccc2C1,50000.0,4.301029995663981,0,401.4910000000002
O=S(=O)(c1ccccc1)c1nc2ccccc2nc1Nc1cccc(O)c1,1000.0,6.0,1,377.42500000000007
O=S(=O)(c1ccccc1Cl)N1CCN(c2nc(NCCN3CCOCC3)nc(N3CCOCC3)n2)CC1,55.38,7.256647048590445,1,553.0890000000003
O=S(=O)(c1ccccc1F)N1CCN(c2nc(NCCN3CCOCC3)nc(N3CCOCC3)n2)CC1,123.23,6.909283551518901,1,536.6340000000004
O=S(=O)(c1ccccc1O)N1CCN(c2nc(NCCN3CCOCC3)nc(N3CCOCC3)n2)CC1,21.33,7.671009144550571,1,534.6430000000004
O=S1(=O)CC2(OCCO2)c2cc3nccc(Nc4ccc5scnc5c4)c3cc21,7770.0,5.1095789811990855,0,425.49100000000016
O=S1(=O)CCN(c2nc(-c3cccc(O)c3)nc3cccnc23)CC1,50000.0,4.301029995663981,0,356.40700000000015
O=S1(=O)CCc2nc(N3N=C(c4ccc(F)cc4)C[C@@H]3c3ccc(Cl)c(Cl)c3)nc(N3CCOCC3)c2C1,8380.0,5.076755981369724,0,576.481
O=[N+]([O-])c1cc(O)cc(-c2nc(N3CCOCC3)c3oc4ncccc4c3n2)c1,10000.0,5.0,0,393.35900000000004
O=[N+]([O-])c1ccc(CNc2nc3cc(-c4nc(N5CCOCC5)nc(N5CCOCC5)n4)ccc3o2)cc1,72.0,7.142667503568732,1,518.5340000000004
O=[N+]([O-])c1ccc(Nc2nccc(-c3ccc(Br)cc3)n2)cc1,946.0,6.024108863598207,1,371.194
O=[N+]([O-])c1ccc(Nc2nccc(-c3ccc(Cl)c(Cl)c3)n2)cc1,503.0,6.298432014944073,1,361.18800000000005
O=[N+]([O-])c1ccc(Nc2nccc(-c3ccc(Cl)cc3Cl)n2)cc1,953.0,6.020907099361674,1,361.18800000000005
O=[N+]([O-])c1ccc(Nc2nccc(-c3ccc(F)cc3)n2)cc1,679.0,6.168130225719498,1,310.288
O=[N+]([O-])c1ccc(S(=O)(=O)N2CCN(c3nc(NCCN4CCOCC4)nc(N4CCOCC4)n3)CC2)cc1,33.56,7.4741780478433375,1,563.6410000000003
O=[N+]([O-])c1cccc(S(=O)(=O)N2CCN(c3nc(NCCN4CCOCC4)nc(N4CCOCC4)n3)CC2)c1,38.9,7.410050398674292,1,563.6410000000003
O=[N+]([O-])c1cccc(S(=O)(=O)c2nc(-c3cnn4ccc(Br)cc34)cs2)c1,630.0,6.200659450546418,1,465.31000000000006
O=[N+]([O-])c1cccc(Sc2nc(-c3cnn4ccc(Br)cc34)cs2)c1,1000.0,6.0,1,433.31200000000007
O=[N+]([O-])c1cccc([S+]([O-])c2nc(-c3cnn4ccc(Br)cc34)cs2)c1,740.0,6.130768280269024,1,449.31100000000004
O=[N+]([O-])c1ccccc1S(=O)(=O)N1CCN(c2nc(NCCN3CCOCC3)nc(N3CCOCC3)n2)CC1,42.25,7.374173286714289,1,563.6410000000002
O=c1[nH]c(=O)n(-c2cccc(C(F)(F)F)c2)c2c1cnc1ccc(-c3cnc4[nH]ccc4c3)nc12,15.0,7.823908740944319,1,474.4020000000001
O=c1[nH]c2ccc(-c3nc(N4CCOCC4)c4cnn(C5CCN(Cc6ccccc6)CC5)c4n3)cc2[nH]1,4394.0,5.357139947415509,0,510.60200000000026
O=c1[nH]c2cnc3ccc(-c4ccc(OCCCN5CCCCC5)nc4)cc3c2n1C1CCOCC1,25000.0,4.6020599913279625,0,487.60400000000044
O=c1[nH]c2ncc(-c3ccc(-c4cn[nH]c4)cc3)nc2n1CC1CCCCC1,30000.0,4.522878745280337,0,374.4480000000003
O=c1[nH]c2ncc(-c3ccc(-c4nc[nH]n4)cc3)nc2n1CC1CCOCC1,2600.0,5.585026652029182,0,377.4080000000003
O=c1[nH]c2ncc(-c3ccc(-c4nc[nH]n4)cc3)nc2n1CCC1CCOCC1,1380.0,5.860120913598763,0,391.43500000000034
O=c1[nH]c2ncc(-c3ccc(CO)cc3)nc2n1CC1CCCCC1,30000.0,4.522878745280337,0,338.4110000000002
O=c1[nH]c2ncc(-c3ccc4[nH]ccc4c3)nc2n1CC1CCCCC1,30000.0,4.522878745280337,0,347.42200000000025
O=c1[nH]c2ncc(-c3ccc4[nH]ccc4c3)nc2n1CC1CCOCC1,30000.0,4.522878745280337,0,349.39400000000023
O=c1[nH]c2ncc(-c3ccc4[nH]cnc4c3)nc2n1CC1CCCCC1,20100.0,4.696803942579511,0,348.41000000000025
O=c1[nH]c2ncc(-c3ccc4[nH]ncc4c3)nc2n1CC1CCCCC1,12600.0,4.899629454882437,0,348.41000000000025
O=c1[nH]cnc2cc(N3CCOCC3)ccc12,14200.0,4.847711655616943,0,231.25499999999994
O=c1[nH]nc(-c2cc3c(s2)-c2ccccc2OCC3)n1-c1ccccc1Cl,10.6,7.97469413473523,1,395.8710000000001
O=c1c(/C=N/Nc2nc(N3CCOCC3)c3ccsc3n2)coc2ccc([N+](=O)[O-])cc12,1530.0,5.815308569182402,0,452.4520000000001
O=c1c(/C=N/Nc2nc(N3CCOCC3)c3sccc3n2)coc2ccc([N+](=O)[O-])cc12,10000.0,5.0,0,452.4520000000001
O=c1c(F)c(N2CCOCC2)nc2n(Cc3cccc(Cl)c3Cl)ccn12,790.0,6.102372908709558,1,397.237
O=c1cc(-c2ccc3nc(NCC4CCOCC4)sc3c2)ccn1CC1CC1,199526.23,3.700000003258169,0,395.52800000000013
O=c1cc(-c2ccc3nc(NCC4CCS(=O)(=O)CC4)sc3c2)ccn1CC1CC1,79432.82,4.100000018985305,0,443.5940000000003
O=c1cc(-c2ccc3nc(NC[C@H]4CC[C@H](C(=O)O)CC4)sc3c2)ccn1CC1CC1,100000.0,4.0,0,437.5650000000002
O=c1cc(-c2cccc3c2Sc2ccccc2S3)oc(N2CCOCC2)c1,458.0,6.33913452199613,1,395.5050000000002
O=c1cc(-c2cn[nH]c2)nc(NCc2cccc3ccccc23)[nH]1,62300.0,4.205511953340831,0,317.35200000000003
O=c1cc(N2CCC(O)CC2)nc(NCc2cccc3ccccc23)[nH]1,160000.0,3.795880017344075,0,350.422
O=c1cc(N2CCCCC2)oc2c(-c3ccccc3)cccc12,100000.0,4.0,0,305.37700000000007
O=c1cc(N2CCOC(CO)C2)nc2n(Cc3cccc(Cl)c3Cl)ccn12,1000.0,6.0,1,409.2730000000001
O=c1cc(N2CCOCC2)[nH]c2c(-c3cn(-c4ccccc4)nn3)cccc12,730.0,6.136677139879544,1,373.41600000000005
O=c1cc(N2CCOCC2)[nH]c2c(-c3cn(-c4ccccc4O)nn3)cccc12,260.0,6.585026652029182,1,389.4150000000001
O=c1cc(N2CCOCC2)[nH]c2c(-c3cn(Cc4ccccc4)nn3)cccc12,260.0,6.585026652029182,1,387.44300000000004
O=c1cc(N2CCOCC2)nc(Cc2nc3c(-c4ccccc4)c(F)ccc3o2)[nH]1,10000.0,5.0,0,406.41700000000003
O=c1cc(N2CCOCC2)nc(Cc2nc3c(-c4ccccc4)cccc3[nH]2)[nH]1,5503.0,5.259400487188843,0,387.443
O=c1cc(N2CCOCC2)nc(Cc2nc3c(-c4ccccc4)cccc3o2)[nH]1,7754.0,5.110474203328809,0,388.427
O=c1cc(N2CCOCC2)nc(Cc2nc3c(-c4ccccn4)cccc3o2)[nH]1,3333.0,5.47716468633947,0,389.415
O=c1cc(N2CCOCC2)nc(Cc2nc3c(-c4cccnc4)cccc3o2)[nH]1,10000.0,5.0,0,389.415
O=c1cc(N2CCOCC2)nc(Cc2nc3c(-c4cccs4)cccc3o2)[nH]1,4357.0,5.3608124400642465,0,394.456
O=c1cc(N2CCOCC2)nc(Cc2nc3c(-c4ccncc4)cccc3o2)[nH]1,10000.0,5.0,0,389.415
O=c1cc(N2CCOCC2)nc(Cc2nc3c(Br)cccc3o2)[nH]1,10000.0,5.0,0,391.225
O=c1cc(N2CCOCC2)nc(Cc2nc3c(F)cccc3o2)[nH]1,10000.0,5.0,0,330.319
O=c1cc(N2CCOCC2)nc(Cc2nc3cc(Br)ccc3[nH]2)[nH]1,5460.0,5.262807357295263,0,390.241
O=c1cc(N2CCOCC2)nc(Cc2nc3cc(C(F)(F)F)ccc3[nH]2)[nH]1,10000.0,5.0,0,379.342
O=c1cc(N2CCOCC2)nc(Cc2nc3cc(Cl)ccc3[nH]2)[nH]1,5650.0,5.247951552180561,0,345.79
O=c1cc(N2CCOCC2)nc(Cc2nc3cc(F)ccc3[nH]2)[nH]1,10000.0,5.0,0,329.335
O=c1cc(N2CCOCC2)nc(Cc2nc3cc(F)ccc3n2C2CC2)[nH]1,10000.0,5.0,0,369.4000000000001
O=c1cc(N2CCOCC2)nc(Cc2nc3cc(F)ccc3o2)[nH]1,10000.0,5.0,0,330.319
O=c1cc(N2CCOCC2)nc(Cc2nc3ccc(F)cc3o2)[nH]1,10000.0,5.0,0,330.319
O=c1cc(N2CCOCC2)nc(Cc2nc3cccc(-c4ccccc4)c3o2)[nH]1,10000.0,5.0,0,388.4270000000001
O=c1cc(N2CCOCC2)nc(Cc2nc3cccc(F)c3o2)[nH]1,10000.0,5.0,0,330.319
O=c1cc(N2CCOCC2)nc(Cc2nc3ccccc3[nH]2)[nH]1,10000.0,5.0,0,311.34499999999997
O=c1cc(N2CCOCC2)nc(Cc2nc3ccccc3n2-c2ccccc2)[nH]1,6790.0,5.168130225719498,0,387.44300000000004
O=c1cc(N2CCOCC2)nc(Cc2nc3ccccc3n2C2CCCCC2)[nH]1,8400.0,5.075720713938118,0,393.4910000000002
O=c1cc(N2CCOCC2)nc(Cc2nc3ccccc3n2Cc2ccccc2)[nH]1,5725.0,5.242224508988074,0,401.4700000000001
O=c1cc(N2CCOCC2)nc(Cc2nc3ccccc3o2)[nH]1,10000.0,5.0,0,312.329
O=c1cc(N2CCOCC2)nc(NCc2c(Cl)cccc2Cl)[nH]1,3380.0,5.471083299722345,0,355.225
O=c1cc(N2CCOCC2)nc(NCc2cc(Cl)ccc2Cl)[nH]1,4520.0,5.3448615651886175,0,355.225
O=c1cc(N2CCOCC2)nc(NCc2cccc(Cl)c2)[nH]1,7900.0,5.102372908709558,0,320.78
O=c1cc(N2CCOCC2)nc(NCc2cccc(Cl)c2Cl)[nH]1,3000.0,5.522878745280337,0,355.225
O=c1cc(N2CCOCC2)nc(NCc2cccc3ccccc23)[nH]1,4300.0,5.366531544420414,0,336.39500000000004
O=c1cc(N2CCOCC2)nc(NCc2ccccc2)[nH]1,12200.0,4.913640169325252,0,286.335
O=c1cc(N2CCOCC2)nc(NCc2ccccc2Cl)[nH]1,4880.0,5.311580177997289,0,320.78
O=c1cc(N2CCOCC2)nc2c(CNc3ccc(Cl)cc3)cccn12,3100.0,5.508638306165727,0,370.8400000000001
O=c1cc(N2CCOCC2)nc2c(CNc3ccccc3)cccn12,1100.0,5.958607314841775,0,336.39500000000004
O=c1cc(N2CCOCC2)nc2c(COc3ccccc3)cccn12,1500.0,5.823908740944319,0,337.379
O=c1cc(N2CCOCC2)nc2c(CS(=O)(=O)c3ccccc3)cccn12,10000.0,5.0,0,385.44500000000005
O=c1cc(N2CCOCC2)nc2c(CSc3ccccc3)cccn12,1500.0,5.823908740944319,0,353.447
O=c1cc(N2CCOCC2)nc2c(NS(=O)(=O)c3ccccc3)cccn12,10000.0,5.0,0,386.4330000000001
O=c1cc(N2CCOCC2)nc2c3ccccc3ccn12,100000.0,4.0,0,281.315
O=c1cc(N2CCOCC2)nc2n(Cc3ccc(Cl)c(Cl)c3)ccn12,1300.0,5.886056647693163,0,379.247
O=c1cc(N2CCOCC2)nc2n(Cc3ccc(Cl)cc3)ccn12,4000.0,5.3979400086720375,0,344.802
O=c1cc(N2CCOCC2)nc2n(Cc3ccc(F)c(Cl)c3)ccn12,3200.0,5.494850021680094,0,362.7920000000001
O=c1cc(N2CCOCC2)nc2n(Cc3ccc(F)cc3)ccn12,5000.0,5.301029995663981,0,328.34700000000004
O=c1cc(N2CCOCC2)nc2n(Cc3cccc(C(F)(F)F)c3)ccn12,6300.0,5.200659450546418,0,378.35400000000004
O=c1cc(N2CCOCC2)nc2n(Cc3cccc(Cl)c3)ccn12,4000.0,5.3979400086720375,0,344.8020000000001
O=c1cc(N2CCOCC2)nc2n(Cc3cccc(Cl)c3Cl)c(C3CC3)nn12,2500.0,5.6020599913279625,0,420.30000000000024
O=c1cc(N2CCOCC2)nc2n(Cc3cccc(Cl)c3Cl)c3ccccc3n12,13000.0,4.886056647693163,0,429.3070000000002
O=c1cc(N2CCOCC2)nc2n(Cc3cccc(Cl)c3Cl)ccn12,500.0,6.301029995663981,1,379.2470000000001
O=c1cc(N2CCOCC2)nc2n(Cc3cccc(F)c3)ccn12,5000.0,5.301029995663981,0,328.34700000000004
O=c1cc(N2CCOCC2)nc2n(Cc3cccc4ccccc34)c3ccccc3n12,4000.0,5.3979400086720375,0,410.47700000000015
O=c1cc(N2CCOCC2)nc2n(Cc3cccc4ccccc34)ccn12,630.0,6.200659450546418,1,360.4170000000001
O=c1cc(N2CCOCC2)nc2n(Cc3ccccc3Cl)ccn12,1600.0,5.795880017344075,0,344.8020000000001
O=c1cc(N2CCOCC2)nc2n(Cc3ccccc3F)ccn12,3200.0,5.494850021680094,0,328.34700000000004
O=c1cc(N2CCOCC2)nc2n1CC[C@@H](C(F)(F)F)N2C[C@@H](O)c1ccccc1,6.0,8.221848749616356,1,424.42300000000006
O=c1cc(N2CCOCC2)nc2n1CC[C@@H](C(F)(F)F)N2C[C@H](O)c1ccccc1,1044.0,5.981299501333757,0,424.42300000000006
O=c1cc(N2CCOCC2)nc2n1CC[C@@H](C(F)(F)F)N2c1cc(F)cc(F)c1,743.0,6.129011186239425,1,416.35
O=c1cc(N2CCOCC2)oc2c(-c3cc4ccccc4[nH]3)csc12,77.0,7.113509274827518,1,352.415
O=c1cc(N2CCOCC2)oc2c(-c3ccc(C(F)(F)F)cc3)csc12,551.0,6.258848401148215,1,381.375
O=c1cc(N2CCOCC2)oc2c(-c3ccc(Cl)c(Cl)c3)csc12,100.0,7.0,1,382.2680000000001
O=c1cc(N2CCOCC2)oc2c(-c3ccc(Cl)cc3)csc12,112.0,6.950781977329818,1,347.82300000000004
O=c1cc(N2CCOCC2)oc2c(-c3ccc4[nH]ccc4c3)csc12,217.0,6.663540266151471,1,352.4150000000001
O=c1cc(N2CCOCC2)oc2c(-c3ccc4c(c3)OCCO4)csc12,33.2,7.478861916295964,1,371.41400000000016
O=c1cc(N2CCOCC2)oc2c(-c3ccc4c(c3)OCO4)csc12,75.0,7.1249387366083,1,357.3870000000001
O=c1cc(N2CCOCC2)oc2c(-c3cccc4c3sc3ccccc34)cccc12,1753.3333333333333,5.756135510565923,0,413.4980000000001
O=c1cc(N2CCOCC2)oc2c(-c3ccccc3)c3ccccc3cc12,43800.0,4.3585258894959,0,357.4090000000001
O=c1cc(N2CCOCC2)oc2c(-c3ccccc3)cccc12,3289.3709677419356,5.482887145015923,0,307.34900000000005
O=c1cc(N2CCOCC2)oc2c(-c3ccccc3)csc12,297.0,6.527243550682788,1,313.37800000000004
O=c1cc(N2CCOCC2)oc2c(-c3cccnc3)csc12,294.0,6.531652669587842,1,314.36600000000004
O=c1cc(N2CCOCC2)oc2c(-c3ccco3)csc12,556.0,6.2549252084179425,1,303.339
O=c1cc(N2CCOCC2)oc2c(-c3cccs3)csc12,699.0,6.1555228242543185,1,319.40700000000004
O=c1cc(N2CCOCC2)oc2c(-c3ccncc3)csc12,682.0,6.166215625343521,1,314.36600000000004
O=c1cc(N2CCOCC2)oc2c(-c3ccoc3)csc12,1857.0,5.73118809626022,0,303.339
O=c1cc(N2CCOCC2)oc2c(-c3ccsc3)csc12,110.0,6.958607314841775,1,319.40700000000004
O=c1cc(N2CCOCC2)oc2c(Br)csc12,889.0,6.051098239029786,1,316.176
O=c1cc(N2CCOCC2)oc2c(Cc3ccccc3)csc12,176.0,6.7544873321858505,1,327.40500000000003
O=c1cc(N2CCOCC2)oc2c1ccc1ccccc12,13000.0,4.886056647693163,0,281.31100000000004
O=c1cc(N2CCOCC2)oc2ccsc12,7158.0,5.1452083059460145,0,237.28
O=c1cc(N2CCSCC2)nc2n(Cc3cccc(Cl)c3Cl)ccn12,3200.0,5.494850021680094,0,395.3150000000001
O=c1cc(N2CCSCC2)oc2c(-c3ccc4c(c3)OCCO4)csc12,1580.0,5.801342913045577,0,387.48200000000014
O=c1cc(N2CCSCC2)oc2c(-c3ccccc3)cccc12,100000.0,4.0,0,323.41700000000003
O=c1cc(N2CCSCC2)oc2c(Br)csc12,1720.0,5.764471553092451,0,332.24399999999997
O=c1cc(NCc2ccccc2)[nH]c(N2CCOCC2)c1,142000.0,3.8477116556169433,0,285.3470000000001
O=c1cc(NCc2ccccc2)nc(N2CCOCC2)[nH]1,283000.0,3.54821356447571,0,286.33500000000004
O=c1ccnc2ccc(-c3cnc(Cl)c(NS(=O)(=O)c4ccc(F)cc4F)c3)cn12,32.8,7.484126156288321,1,448.83800000000014
O=c1ccnc2ccc(-c3cnc(Cl)c(NS(=O)(=O)c4ccccc4F)c3)cn12,34.4,7.46344155742847,1,430.8480000000001
O=c1nc(N2CCOCC2)cc(N(CCCCO)Cc2cccc3ccccc23)[nH]1,73700.0,4.132532512140949,0,408.50200000000007
O=c1nc(N2CCOCC2)cc(N(CCCO)Cc2cccc3ccccc23)[nH]1,51500.0,4.288192770958809,0,394.475
O=c1nc(N2CCOCC2)cc(N(CCO)Cc2cccc3ccccc23)[nH]1,30800.0,4.511449283499556,0,380.44800000000004
O=c1nc(N2CCOCC2)cc(N(Cc2cccc3ccccc23)C2CC2)[nH]1,76000.0,4.119186407719209,0,376.46000000000015
O=c1nc(N2CCOCC2)cc(N(Cc2cccc3ccccc23)CC(O)C(F)(F)F)[nH]1,56900.0,4.244887733604929,0,448.4450000000001
O=c1nc(N2CCOCC2)cc(NCc2cccc(Cl)c2Cl)[nH]1,100000.0,4.0,0,355.225
O=c1nc(N2CCOCC2)cc(NCc2cccc3ccccc23)[nH]1,83300.0,4.079354998593212,0,336.39500000000004
O=c1nc(N2CCOCC2)cc(NCc2ccccc2)[nH]1,83300.0,4.079354998593212,0,286.335
O=c1nc(N2CCOCC2)cc2n(Cc3cccc(Cl)c3Cl)ccn12,4000.0,5.3979400086720375,0,379.2470000000001
O=c1nc(N2CCOCC2)oc2c(-c3cc4ccccc4s3)cccc12,10000.0,5.0,0,364.42600000000004
O=c1nc(N2CCOCC2)oc2c(-c3ccc(CO)cc3)cccc12,10000.0,5.0,0,338.363
O=c1nc(N2CCOCC2)oc2c(-c3ccc(Cl)cc3)cccc12,10000.0,5.0,0,342.78200000000004
O=c1nc(N2CCOCC2)oc2c(-c3ccccc3)cccc12,4070.0,5.39040559077478,0,308.33700000000005
O=c1nc(N2CCOCC2)oc2c(-c3cccs3)cccc12,3300.0,5.481486060122113,0,314.36600000000004
O=c1nc(N2CCOCC2)oc2c(-c3ccsc3)cccc12,3000.0,5.522878745280337,0,314.36600000000004
O=c1ncn(CCc2ccccc2)c2nc(N3CCOCC3)sc12,2000.0,5.698970004336019,0,342.4240000000001
O=c1ncn(Cc2cccc(Cl)c2)c2nc(N3CCOCC3)sc12,3200.0,5.494850021680094,0,362.8420000000002
O=c1ncn(Cc2cccc(Cl)c2Cl)c2nc(N3CCOCC3)sc12,1000.0,6.0,1,397.2870000000002
O=c1ncn(Cc2ccccc2)c2nc(N3CCOCC3)sc12,7900.0,5.102372908709558,0,328.3970000000001
O=c1ncn(Cc2ccccc2Cl)c2nc(N3CCOCC3)sc12,2500.0,5.6020599913279625,0,362.8420000000002
O=c1ncn(Cc2ccsc2Cl)c2nc(N3CCOCC3)sc12,3200.0,5.494850021680094,0,368.8710000000002
O=c1oc2ccccc2c2nn(CN3CCN(S(=O)(=O)c4ccc(Br)cc4)CC3)cc12,8300.0,5.080921907623926,0,503.37800000000016
O=c1oc2ccccc2c2nn(CN3CCN(S(=O)(=O)c4ccc(C(F)(F)F)cc4)CC3)cc12,3840.0,5.4156687756324695,0,492.47900000000016
O=c1oc2ccccc2c2nn(CN3CCN(S(=O)(=O)c4ccc(Cl)c([N+](=O)[O-])c4)CC3)cc12,9.0,8.045757490560675,1,503.92400000000026
O=c1oc2ccccc2c2nn(CN3CCN(S(=O)(=O)c4ccc(Cl)cc4)CC3)cc12,1550.0,5.809668301829708,0,458.9270000000002
O=c1oc2ccccc2c2nn(CN3CCN(S(=O)(=O)c4ccc(F)cc4)CC3)cc12,8910.0,5.050122295963125,0,442.47200000000015
O=c1oc2ccccc2c2nn(CN3CCN(S(=O)(=O)c4ccc([N+](=O)[O-])cc4)CC3)cc12,2630.0,5.580044251510242,0,469.4790000000002
O=c1oc2ccccc2c2nn(CN3CCN(S(=O)(=O)c4cccc([N+](=O)[O-])c4)CC3)cc12,6180.0,5.209011524911184,0,469.4790000000002
O=c1oc2ccccc2c2nn(CN3CCN(S(=O)(=O)c4ccccc4[N+](=O)[O-])CC3)cc12,10000.0,5.0,0,469.4790000000002
O=c1oc2ccccc2c2nn(S(=O)(=O)c3ccc(Br)cc3)cc12,27670.0,4.557990840859048,0,405.22900000000004
O=c1oc2ccccc2c2nn(S(=O)(=O)c3ccc(C(F)(F)F)cc3)cc12,1170.0,5.931814138253839,0,394.33000000000004
O=c1oc2ccccc2c2nn(S(=O)(=O)c3ccc(Cl)c([N+](=O)[O-])c3)cc12,450.0,6.346787486224656,1,405.77500000000015
O=c1oc2ccccc2c2nn(S(=O)(=O)c3ccc(Cl)cc3)cc12,40780.0,4.389552778557879,0,360.7780000000001
O=c1oc2ccccc2c2nn(S(=O)(=O)c3ccc(F)cc3)cc12,44660.0,4.350081281264581,0,344.32300000000004
O=c1oc2ccccc2c2nn(S(=O)(=O)c3ccc([N+](=O)[O-])cc3)cc12,1440.0,5.841637507904751,0,371.3300000000001
O=c1oc2ccccc2c2nn(S(=O)(=O)c3cccc([N+](=O)[O-])c3)cc12,3690.0,5.432973633840939,0,371.3300000000001
O=c1oc2ccccc2c2nn(S(=O)(=O)c3ccccc3)cc12,52870.0,4.276790689594889,0,326.333
O=c1oc2ccccc2c2nn(S(=O)(=O)c3ccccc3[N+](=O)[O-])cc12,12540.0,4.901702463505302,0,371.3300000000001
OCCN(CCO)c1nc(N2CCOCC2)nc(-n2c(C(F)F)nc3ccccc32)n1,3.7,8.431798275933005,1,435.435
OCCN1CCN(Cc2cc3nc(-c4cccc(O)c4)nc(N4CCOCC4)c3s2)CC1,7.0,8.154901959985743,1,455.58400000000034
OCCNc1nc(N2CCOCC2)nc(-n2c(C(F)F)nc3ccccc32)n1,9.9,8.00436480540245,1,391.38200000000006
OCCNc1ncnc2oc(-c3ccccc3)c(-c3ccccc3)c12,30000.0,4.522878745280337,0,331.37500000000006
OCCOc1cccc(-c2cc(Nc3ccc4[nH]ncc4c3)nc(N3CCOCC3)n2)c1,11000.0,4.958607314841775,0,432.48400000000026
OCCn1cc(-c2ccc3c(c2)OCCn2cc(-c4ncnn4CC(F)(F)F)nc2-3)cn1,2.9,8.537602002101044,1,445.40500000000003
OCc1cc(NCc2ccccc2)nc(N2CCOCC2)c1,119000.0,3.9244530386074694,0,299.3740000000001
OCc1cc2nc(-c3cccc4[nH]ncc34)nc(N3CCOCC3)c2s1,29.0,7.5376020021010435,1,367.43400000000025
OCc1ccc(-c2nc(N3CCOCC3)c3nc[nH]c3n2)cc1,2894.0,5.538501473216981,0,311.34499999999997
OCc1ccc(-c2nc(N3CCOCC3)c3ncccc3n2)cc1,6970.0,5.15676722190199,0,322.368
OCc1cccc(-c2nc(N3CCOCC3)c3[nH]cc(CN4CCCC4)c3n2)c1,21.0,7.6777807052660805,1,393.4910000000002
OCc1cccc(-c2nc(N3CCOCC3)c3[nH]ccc3n2)c1,65.0,7.187086643357144,1,310.35699999999997
OCc1cccc(-c2nc(N3CCOCC3)c3cc[nH]c3n2)c1,80.0,7.096910013008056,1,310.35699999999997
OCc1cccc(-c2nc(N3CCOCC3)c3cccnc3n2)c1,268.0,6.5718652059712115,1,322.368
OCc1cccc(-c2nc(N3CCOCC3)c3ccn(C4CCNCC4)c3n2)c1,26.0,7.585026652029182,1,393.49100000000016
OCc1cccc(-c2nc(N3CCOCC3)c3cnn(C4CCN(Cc5ccccc5)CC4)c3n2)c1,25.0,7.6020599913279625,1,484.60400000000027
OCc1cccc(-c2nc(N3CCOCC3)c3ncccc3n2)c1,61.0,7.214670164989233,1,322.368
OCc1cccc(-c2nc(N3CCOCC3)c3ncn(C4CCN(Cc5ccc(-c6ccncc6)cc5)CC4)c3n2)c1,23.0,7.638272163982407,1,561.6900000000002
OCc1cccc(-c2nc(N3CCOCC3)c3ncn(C4CCN(Cc5ccc(F)cc5)CC4)c3n2)c1,70.0,7.154901959985743,1,502.5940000000003
OCc1cccc(-c2nc(N3CCOCC3)c3ncn(C4CCN(Cc5ccccc5)CC4)c3n2)c1,54.0,7.267606240177032,1,484.60400000000027
OCc1cccc(-c2nc(N3CCOCC3)c3ncn(C4CCN(Cc5ccccc5F)CC4)c3n2)c1,42.0,7.376750709602099,1,502.5940000000003
OCc1cccc(-c2nc(N3CCOCC3)c3ncn(C4CCN(Cc5ccccn5)CC4)c3n2)c1,65.0,7.187086643357144,1,485.59200000000027
OCc1cccc(-c2nc(N3CCOCC3)c3ncn(C4CCN(c5ccc(F)cc5F)CC4)c3n2)c1,44.0,7.356547323513812,1,506.55700000000024
OCc1cccc(-c2nc(N3CCOCC3)c3ncn(C4CCNCC4)c3n2)c1,57.5,7.2403321553103694,1,394.47900000000016
OCc1cccc(-c2nc(N3CCOCC3)c3ncn(CC4CCN(Cc5ccccc5)CC4)c3n2)c1,248.0,6.605548319173784,1,498.6310000000003
OCc1cccc(-c2nc(N3CCOCC3)c3nnn(C4CCN(Cc5ccccc5)CC4)c3n2)c1,83.0,7.080921907623926,1,485.59200000000027
OCc1cccc(-c2nc3c(N4CCOCC4)nc(N4CCOCC4)nc3[nH]2)c1,10.0,8.0,1,396.4510000000002
OCc1ccccc1-c1nc2c(N3CCOCC3)nc(N3CCOCC3)nc2[nH]1,5870.0,5.231361898752385,0,396.45100000000014
Oc1cc(-c2cc(Nc3cnc4ccccc4c3)nc(N3CCOCC3)n2)ccn1,253.0,6.5968794788241825,1,400.44200000000023
Oc1cc(-c2ccncc2)nc2c(Cc3cccc(Cl)c3Cl)c(C(F)(F)F)nn12,630.96,6.199998172182031,1,439.2240000000001
Oc1cc(-c2nc(N3CCOCC3)c3oc4ncccc4c3n2)cc(C(F)(F)F)c1,10000.0,5.0,0,416.35900000000004
Oc1cc(Br)cc(-c2nc(N3CCOCC3)c3oc4ncccc4c3n2)c1,1210.0,5.91721462968355,0,427.2580000000002
Oc1cc(C2CCOCC2)nc2c(Cc3cccc(Cl)c3Cl)c(C(F)(F)F)nn12,2511.89,5.59999938302362,0,446.25600000000003
Oc1cc(Cl)cc(-c2nc(N3CCOCC3)c3oc4ncccc4c3n2)c1,990.0,6.00436480540245,1,382.807
Oc1cc(F)cc(-c2nc(N3CCOCC3)c3oc4ncccc4c3n2)c1,40.9,7.388276691992658,1,366.35200000000003
Oc1cc(N2CCOCC2)nc2c(Cc3cccc(Cl)c3Cl)c(C(F)(F)F)nn12,199.53,6.699991797446187,1,447.2440000000001
Oc1cc(O)c(-c2noc3ccc(NCCN4CCOCC4)cc23)cc1Cl,20000.0,4.698970004336019,0,389.83900000000017
Oc1cc(O)cc(-c2nc(N3CCOCC3)c3oc4ncccc4c3n2)c1,65.10000000000001,7.186419011431808,1,364.361
Oc1ccc(-c2cc(Nc3ccc4[nH]ncc4c3)nc(N3CCOCC3)n2)cc1,6500.0,5.187086643357144,0,388.43100000000027
Oc1ccc(-c2nc(N3CC4CCC(C3)O4)c3sccc3n2)cc1,6270.0,5.202732459169283,0,339.42
Oc1ccc(-c2nc(N3CCOCC3)c3cnn(C4CCN(Cc5ccccc5)CC4)c3n2)cc1,720.0,6.142667503568732,1,470.5770000000003
Oc1ccc(-c2nc(N3CCOCC3)c3nc[nH]c3n2)cc1,2538.0,5.595508382241314,0,297.318
Oc1ccc(-c2nc(N3CCOCC3)c3ncccc3n2)cc1,1540.0,5.812479279163537,0,308.341
Oc1ccc(-c2nc(N3CCOCC3)c3oc4ncccc4c3n2)cc1,26.0,7.585026652029182,1,348.362
Oc1ccc(/C=C/c2cc(O)cc(O)c2)cc1,250.0,6.6020599913279625,1,228.247
Oc1ccc2nc(-c3ccccc3)nc(N3CCOCC3)c2c1,1300.0,5.886056647693163,0,307.3530000000001
Oc1ccc2oc(-c3ccncc3)nc2c1,83000.0,4.080921907623926,0,212.20800000000003
Oc1cccc(-c2cc(N3CCOCC3)nc(N3CCOCC3)n2)c1,400.0,6.3979400086720375,1,342.3990000000001
Oc1cccc(-c2cc(N3CCOCC3)nc(NCCc3ccccn3)n2)c1,180.0,6.7447274948966935,1,377.4480000000001
Oc1cccc(-c2cc(N3CCOCC3)nc(NCCc3cccnc3)n2)c1,250.0,6.6020599913279625,1,377.4480000000001
Oc1cccc(-c2cc(N3CCOCC3)nc(NCCc3ccncc3)n2)c1,230.0,6.638272163982407,1,377.4480000000001
Oc1cccc(-c2cc(N3CCOCC3)nc(NCc3ccccn3)n2)c1,1000.0,6.0,1,363.42100000000005
Oc1cccc(-c2cc(N3CCOCC3)nc(NCc3cccnc3)n2)c1,880.0,6.055517327849832,1,363.42100000000005
Oc1cccc(-c2cc(N3CCOCC3)nc(NCc3ccncc3)n2)c1,860.0,6.0655015487564325,1,363.42100000000005
Oc1cccc(-c2cc(N3CCOCC3)nc(OCc3ccccn3)n2)c1,860.0,6.0655015487564325,1,364.40500000000003
Oc1cccc(-c2cc(NC3CCC(O)CC3)nc(N3CCOCC3)n2)c1,340.0,6.468521082957745,1,370.4530000000002
Oc1cccc(-c2cc(NCCc3ccccn3)nc(N3CCOCC3)n2)c1,250.0,6.6020599913279625,1,377.4480000000002
Oc1cccc(-c2cc(NCCc3cccnc3)nc(N3CCOCC3)n2)c1,260.0,6.585026652029182,1,377.4480000000002
Oc1cccc(-c2cc(NCCc3ccncc3)nc(N3CCOCC3)n2)c1,140.0,6.853871964321762,1,377.4480000000002
Oc1cccc(-c2cc(NCc3ccccn3)nc(N3CCOCC3)n2)c1,900.0,6.045757490560675,1,363.4210000000002
Oc1cccc(-c2cc(NCc3cccnc3)nc(N3CCOCC3)n2)c1,1360.0,5.866461091629782,0,363.4210000000002
Oc1cccc(-c2cc(NCc3ccncc3)nc(N3CCOCC3)n2)c1,1000.0,6.0,1,363.4210000000002
Oc1cccc(-c2cc(Nc3ccc4[nH]ncc4c3)nc(N3CCNCC3)n2)c1,16000.0,4.795880017344075,0,387.44700000000023
Oc1cccc(-c2cc(Nc3ccc4[nH]ncc4c3)nc(N3CCOCC3)n2)c1,31.0,7.508638306165727,1,388.43100000000027
Oc1cccc(-c2cc(Nc3ccc4[nH]ncc4c3)nc(N3CCSCC3)n2)c1,5600.0,5.251811972993799,0,404.49900000000025
Oc1cccc(-c2cc(Nc3ccccc3)nc(N3CCOCC3)n2)c1,1300.0,5.886056647693163,0,348.40600000000023
Oc1cccc(-c2cc(Nc3cccnc3)nc(N3CCOCC3)n2)c1,56.0,7.251811972993799,1,349.39400000000023
Oc1cccc(-c2cc(Nc3cnc4ccccc4c3)nc(N3CCOCC3)n2)c1,61.0,7.214670164989233,1,399.45400000000024
Oc1cccc(-c2cc(OCc3ccccn3)nc(N3CCOCC3)n2)c1,110.0,6.958607314841775,1,364.4050000000002
Oc1cccc(-c2cc(Oc3cccnc3)nc(N3CCOCC3)n2)c1,50.0,7.301029995663981,1,350.3780000000002
Oc1cccc(-c2cc3c(N4CCOCC4)nc(N4CCOCC4)nc3[nH]2)c1,1059.0,5.975104039892515,0,381.43600000000015
Oc1cccc(-c2ccnc(N3CCOCC3)n2)c1,260.0,6.585026652029182,1,257.2929999999999
Oc1cccc(-c2nc(-c3ccc(Cl)c(Cl)c3)cc(N3CCOCC3)n2)c1,200.0,6.698970004336019,1,402.28100000000023
Oc1cccc(-c2nc(-c3ccc(Cl)cc3)cc(N3CCOCC3)n2)c1,690.0,6.161150909262744,1,367.83600000000024
Oc1cccc(-c2nc(-c3ccccn3)cc(N3CCOCC3)n2)c1,62.0,7.2076083105017466,1,334.3790000000002
Oc1cccc(-c2nc(-c3cccnc3)cc(N3CCOCC3)n2)c1,260.0,6.585026652029182,1,334.3790000000002
Oc1cccc(-c2nc(-c3ccncc3)cc(N3CCOCC3)n2)c1,140.0,6.853871964321762,1,334.3790000000002
Oc1cccc(-c2nc(C3=CCOCC3)c3cnn(-c4ccccc4)c3n2)c1,59.0,7.229147988357855,1,370.41200000000003
Oc1cccc(-c2nc(C3CCOCC3)c3cnn(-c4ccccc4)c3n2)c1,1013.0,5.994390554639719,0,372.42800000000005
Oc1cccc(-c2nc(N3CC4CCC(C3)O4)c3sccc3n2)c1,399.0,6.399027104313252,1,339.41999999999996
Oc1cccc(-c2nc(N3CCC(F)(F)CC3)c3ncccc3n2)c1,50000.0,4.301029995663981,0,342.34899999999993
Oc1cccc(-c2nc(N3CCCCC3)c3nc[nH]c3n2)c1,3769.0,5.423773862550395,0,295.34599999999995
Oc1cccc(-c2nc(N3CCOCC3)c3[nH]cc(C4CCN(Cc5ccc(F)cc5)CC4)c3n2)c1,178.0,6.749579997691106,1,487.5790000000003
Oc1cccc(-c2nc(N3CCOCC3)c3[nH]cc(C4CCN(Cc5ccccc5)CC4)c3n2)c1,340.0,6.468521082957745,1,469.5890000000003
Oc1cccc(-c2nc(N3CCOCC3)c3[nH]cc(C4CCNCC4)c3n2)c1,354.0,6.450996737974212,1,379.46400000000017
Oc1cccc(-c2nc(N3CCOCC3)c3[nH]ccc3n2)c1,70.0,7.154901959985743,1,296.33
Oc1cccc(-c2nc(N3CCOCC3)c3cc4ncccc4n3n2)c1,33.6,7.473660722610156,1,347.378
Oc1cccc(-c2nc(N3CCOCC3)c3cc[nH]c3n2)c1,43.0,7.366531544420414,1,296.3299999999999
Oc1cccc(-c2nc(N3CCOCC3)c3cccnc3n2)c1,106.0,6.97469413473523,1,308.34099999999995
Oc1cccc(-c2nc(N3CCOCC3)c3cnn(C4CCN(Cc5ccccc5)CC4)c3n2)c1,31.5,7.501689446210399,1,470.5770000000002
Oc1cccc(-c2nc(N3CCOCC3)c3cnn(C4CCN(Cc5cccnc5)CC4)c3n2)c1,47.0,7.327902142064283,1,471.5650000000002
Oc1cccc(-c2nc(N3CCOCC3)c3cnn(C4CCNCC4)c3n2)c1,36.0,7.443697499232712,1,380.4520000000001
Oc1cccc(-c2nc(N3CCOCC3)c3nc[nH]c3n2)c1,191.0,6.718966632752273,1,297.3179999999999
Oc1cccc(-c2nc(N3CCOCC3)c3ncccc3n2)c1,19.0,7.721246399047171,1,308.34099999999995
Oc1cccc(-c2nc(N3CCOCC3)c3ncn(C4CCN(Cc5ccc(N6CCOCC6)nc5)CC4)c3n2)c1,40.0,7.3979400086720375,1,556.6710000000003
Oc1cccc(-c2nc(N3CCOCC3)c3ncn(C4CCN(Cc5ccccc5)CC4)c3n2)c1,77.5,7.110698297493689,1,470.5770000000002
Oc1cccc(-c2nc(N3CCOCC3)c3ncn(C4CCN(Cc5cccnc5)CC4)c3n2)c1,66.0,7.180456064458132,1,471.5650000000002
Oc1cccc(-c2nc(N3CCOCC3)c3ncn(C4CCN(Cc5cncc(Cl)c5)CC4)c3n2)c1,37.0,7.431798275933005,1,506.0100000000002
Oc1cccc(-c2nc(N3CCOCC3)c3ncn(C4CCNCC4)c3n2)c1,64.5,7.1904402853647325,1,380.4520000000001
Oc1cccc(-c2nc(N3CCOCC3)c3ncn(CC4CCN(Cc5ccccc5)CC4)c3n2)c1,199.0,6.701146923590294,1,484.60400000000027
Oc1cccc(-c2nc(N3CCOCC3)c3oc4ncccc4c3n2)c1,182.7995238095238,6.738024939932415,1,348.36199999999997
Oc1cccc(-c2nc(N3CCOCC3)c3sc(CN4CCC(n5cnnc5C(F)(F)F)CC4)cc3n2)c1,63.1,7.199970640755866,1,545.5910000000001
Oc1cccc(-c2nc(N3CCOCC3)c3sc(CN4CC[C@H]5[C@@H](CCc6nnc(C(F)(F)F)n65)C4)cc3n2)c1,31.62,7.50003813440381,1,571.6290000000001
Oc1cccc(-c2nc(N3CCOCC3)c3sc(CN4CC[C@H]5[C@H](CCc6nnc(C(F)(F)F)n65)C4)cc3n2)c1,63.1,7.199970640755866,1,571.6290000000001
Oc1cccc(-c2nc(N3CCOCC3)c3sccc3n2)c1,11.1,7.954677021213342,1,313.38199999999995
Oc1cccc(-c2nc(N3CCOCC3)nc3c2CCN3c2ccc3nc[nH]c3c2)c1,77.0,7.113509274827518,1,414.46900000000005
Oc1cccc(-c2nc(N3CCOCC3)nc3c2CCN3c2ccc3ncccc3c2)c1,50000.0,4.301029995663981,0,425.4920000000001
Oc1cccc(-c2nc(N3CCOCC3)nc3c2CCN3c2ccccc2)c1,1220.0,5.913640169325252,0,374.444
Oc1cccc(-c2nc(N3CCOCC3)nc3c2CCN3c2ccccn2)c1,50000.0,4.301029995663981,0,375.432
Oc1cccc(-c2nc(N3CCOCC3)nc3c2CCN3c2cccnc2)c1,41.0,7.3872161432802645,1,375.432
Oc1cccc(-c2nc(N3CCOCC3)nc3c2CCN3c2ccnc(O)c2)c1,200.0,6.698970004336019,1,391.43100000000004
Oc1cccc(-c2nc(N3CCOCC3)nc3c2CCN3c2ccncc2)c1,8.6,8.065501548756432,1,375.432
Oc1cccc(-c2nc(N3CCOCC3)nc3c2CCN3c2nccs2)c1,49.0,7.309803919971486,1,381.461
Oc1cccc(-c2nc(N3CCOCC3)nc3cccnc23)c1,59.0,7.229147988357855,1,308.34099999999995
Oc1cccc(-c2nc(N3CCSCC3)c3ncccc3n2)c1,31800.0,4.497572880015567,0,324.409
Oc1cccc(-c2nc3c(N4CCOCC4)nc(N4CCOCC4)nc3[nH]2)c1,20.0,7.698970004336019,1,382.42400000000015
Oc1cccc(-c2nccc(C34CCOCC3C4)n2)c1,6309.57,5.200000237109354,0,268.3159999999999
Oc1cccc(-c2nccc(C3=CCOCC3)n2)c1,3162.28,5.499999678657065,0,254.28899999999996
Oc1cccc(-c2nccc(C3CCOCC3)n2)c1,15848.93,4.800000052738446,0,256.30499999999995
Oc1cccc(-c2nccc(N3CCOCC3)n2)c1,501.19,6.299997602857746,1,257.29299999999995
Oc1cccc(-c2nccc([C@@]34CCOC[C@@H]3C4)n2)c1,6309.57,5.200000237109354,0,268.3159999999999
Oc1cccc(-c2nccc([C@]34CCOC[C@H]3C4)n2)c1,2511.89,5.59999938302362,0,268.3159999999999
Oc1cccc(Nc2nc3ccccc3n2-c2ncnc(NCC(F)(F)F)n2)c1,3600.0,5.443697499232712,0,401.3520000000001
Oc1cccc(Nc2nc3ccccc3n2-c2ncnc(NCc3ccccn3)n2)c1,3600.0,5.443697499232712,0,410.44100000000014
Oc1cccc(Nc2nc3ccccc3n2-c2ncnc(Nc3ccccc3)n2)c1,720.0,6.142667503568732,1,395.4260000000001
Oc1cccc(Nc2nc3ccccc3n2-c2ncncn2)c1,2000.0,5.698970004336019,0,304.31300000000005
Oc1cccc2c1nc(C(F)F)n2-c1nc(N2CCOCC2)nc(N2CCOCC2)n1,1.136,8.944621668625,1,433.4190000000004
Oc1ccccc1-c1cc(Nc2ccc3[nH]ncc3c2)nc(N2CCOCC2)n1,910.0,6.040958607678906,1,388.43100000000027
Oc1ccccc1-c1nc(N2CCOCC2)c2cnn(C3CCN(Cc4ccccc4)CC3)c2n1,3565.0,5.447940465812116,0,470.5770000000002
Oc1ccccc1-c1nc(N2CCOCC2)c2nc[nH]c2n1,667.0,6.175874166083451,1,297.3179999999999
Oc1ccccc1-c1nc(N2CCOCC2)c2ncccc2n1,18600.0,4.730487055782084,0,308.34099999999995
Oc1ccccc1-c1nc(N2CCOCC2)c2oc3ncccc3c2n1,400.0,6.3979400086720375,1,348.362
Oc1ccccc1-c1nc2c(N3CCOCC3)nc(N3CCOCC3)nc2[nH]1,480.0,6.318758762624412,1,382.42400000000015
Oc1ccccc1O,33000.0,4.481486060122113,0,110.11199999999998
Oc1cncc(-c2nc(N3CCOCC3)c3nc[nH]c3n2)c1,11.0,7.958607314841775,1,298.3059999999999
Oc1cncc(-c2nc(N3CCOCC3)c3ncn(C4CCN(Cc5ccc(Cl)cc5)CC4)c3n2)c1,16.0,7.795880017344075,1,506.0100000000002
Oc1cncc(-c2nc(N3CCOCC3)c3ncn(C4CCN(Cc5ccc(F)nc5)CC4)c3n2)c1,94.0,7.026872146400302,1,490.54300000000023
Oc1cncc(-c2nc(N3CCOCC3)c3ncn(C4CCNCC4)c3n2)c1,14.0,7.853871964321762,1,381.4400000000001
Oc1ncc(-c2cc(Nc3cnc4ccccc4c3)nc(N3CCOCC3)n2)cn1,774.0,6.111259039317107,1,401.43000000000023
S=c1cc(N2CCOCC2)oc2c(-c3ccccc3)cccc12,1006.0,5.997402019280091,0,323.41700000000003
[2H]C([2H])([2H])C([2H])(n1nc(-c2ccc3oc(N)nc3c2)c2c(N)ncnc21)C([2H])([2H])[2H],100.0,7.0,1,316.375712446
[2H]C([2H])([2H])C(c1nccc(-c2sc(NC(=O)N3CCC[C@H]3C(N)=O)nc2C)n1)(C([2H])([2H])[2H])C([2H])([2H])[2H],30.5,7.515700160653214,1,397.5519160020001
[C-]#[N+]c1cc(N2CCc3ncnc(O[C@H]4CCN(C(=O)c5ccn(C)n5)C4)c3C2)cnc1OC,7021.0,5.153601026965325,0,460.4980000000003
[C-]#[N+]c1cc(N2CCc3ncnc(O[C@H]4CCN(C(=O)c5cnn(C)c5)C4)c3C2)cnc1OC,4103.0,5.386898483033088,0,460.4980000000003
[C-]#[N+]c1cc(N2CCc3ncnc(O[C@H]4CCN(C(=O)c5cscn5)C4)c3C2)cnc1OC,4232.0,5.373454340972871,0,463.52300000000025
[C-]#[N+]c1ccc(-c2ccc3ncc4c(c3n2)N(c2cccc(C(F)(F)F)c2)C(=O)N(C)C4)cn1,33.8,7.471083299722345,1,460.4190000000001
[O-][S+]1CCN(c2nc(Nc3ccc4[nH]ncc4c3)cc(-c3cccc(O)c3)n2)CC1,7800.0,5.107905397309519,0,420.4980000000002
c1cc(-c2cc(N3CCOCC3)nc(NCCc3ccncc3)n2)c2cn[nH]c2c1,440.0,6.356547323513812,1,401.47400000000005
c1cc(-c2cc(NCCc3ccncc3)nc(N3CCOCC3)n2)c2cn[nH]c2c1,770.0,6.113509274827518,1,401.4740000000002
c1cc(-c2cc3c(ncn3CC3CC3)c(N3CCOCC3)n2)c2cc[nH]c2c1,10000.0,5.0,0,373.46000000000004
c1cc(-c2cc3nccn3c(N3CCOCC3)n2)c2cc[nH]c2c1,10000.0,5.0,0,319.36799999999994
c1cc(-c2ccc3ccncc3c2)c2cc[nH]c2c1,31622.78,4.499999953328896,0,244.297
c1cc(-c2ccc3cn[nH]c3c2)c2cc[nH]c2c1,158489.32,3.7999999979341847,0,233.274
c1cc(-c2ccnc3ccc(-c4ccc5[nH]ncc5c4)cc23)ccn1,73.0,7.136677139879544,1,322.37100000000004
c1cc(-c2ccnc3ccc(-c4cnc5[nH]ncc5c4)cc23)ccn1,7.0,8.154901959985743,1,323.35900000000004
c1cc(-c2ccncc2)c2cc[nH]c2c1,50118.72,4.300000029139088,0,194.237
c1cc(-c2cnc3[nH]ccc3c2)ccn1,59000.0,4.229147988357856,0,195.225
c1cc(-c2cnc3oc4c(N5CCOCC5)nc(-c5cccc6[nH]ccc56)nc4c3c2)c2cc[nH]c2c1,88.0,7.055517327849832,1,486.5350000000001
c1cc(-c2nc(N3CCOCC3)c3cccn3n2)c2cn[nH]c2c1,1100.0,5.958607314841775,0,320.356
c1cc(-c2nc(N3CCOCC3)c3oc4ncc(CN5CCCCC5)cc4c3n2)c2cc[nH]c2c1,508.0,6.294136287716081,1,468.56100000000026
c1cc(-c2nc(N3CCOCC3)c3oc4ncc(CN5CCOCC5)cc4c3n2)c2cc[nH]c2c1,355.0,6.449771646944906,1,470.53300000000024
c1cc(-c2nc(N3CCOCC3)c3oc4ncc(N5CCOCC5)cc4c3n2)c2cc[nH]c2c1,96.0,7.017728766960431,1,456.50600000000026
c1cc(-c2nc(N3CCOCC3)c3oc4ncccc4c3n2)c2cc[nH]c2c1,159.0,6.798602875679548,1,371.4000000000001
c1cc(-c2nc(N3CCOCC3)c3sc4ncccc4c3n2)c2cc[nH]c2c1,54.0,7.267606240177032,1,387.4680000000001
c1cc(-c2nc(N3CCOCC3)c3sccc3n2)c2cn[nH]c2c1,69.0,7.161150909262744,1,337.408
c1cc(-c2nc(N3CCOCC3)nc3c2CCN3c2ccncc2)c2[nH]ncc2c1,50000.0,4.301029995663981,0,399.458
c1cc(-c2nc(N3CCOCC3)nc3c2CCN3c2ccncc2)c2cn[nH]c2c1,50000.0,4.301029995663981,0,399.458
c1cc(-c2nc(N3CCOCC3)nc3c2CCN3c2ccncc2)ccn1,22600.0,4.645891560852599,0,360.421
c1cc(-c2nc3c(N4CC5CCC(C4)O5)nc(N4CCOCC4)nc3[nH]2)c2cc[nH]c2c1,9100.0,5.040958607678906,0,431.50000000000017
c1cc(-c2nc3c(N4CCOCC4)nc(N4CCOCC4)nc3[nH]2)c2cc[nH]c2c1,570.0,6.2441251443275085,1,405.4620000000001
c1cc(-c2nc3c(N4CCOCC4)nc(N4CCOCC4)nc3[nH]2)c2cn[nH]c2c1,40.0,7.3979400086720375,1,406.4500000000001
c1cc(-c2nnc(CN3CCOCC3)o2)c2cn[nH]c2c1,50118.72,4.300000029139088,0,285.30699999999996
c1cc(CCNc2cc(-c3ccc4cc[nH]c4c3)nc(N3CCOCC3)n2)ccn1,10000.0,5.0,0,400.4860000000003
c1cc(CCNc2nc(-c3ccc4cc[nH]c4c3)cc(N3CCOCC3)n2)ccn1,10000.0,5.0,0,400.4860000000003
c1cc(N2CCOCC2)c2cn[nH]c2n1,29300.0,4.533132379645891,0,204.23300000000003
c1cc(N2CCc3c(-c4ccc5[nH]cnc5c4)nc(N4CCOCC4)nc32)ccn1,300.0,6.522878745280337,1,399.45800000000025
c1cc(N2CCc3c(-c4ccc5[nH]ncc5c4)nc(N4CCOCC4)nc32)ccn1,50000.0,4.301029995663981,0,399.45800000000025
c1cc(N2CCc3c(-c4ccc5cn[nH]c5c4)nc(N4CCOCC4)nc32)ccn1,50000.0,4.301029995663981,0,399.45800000000025
c1cc(N2CCc3c(-c4cncnc4)nc(N4CCOCC4)nc32)ccn1,440.0,6.356547323513812,1,361.40900000000016
c1cc(OCCN2CCCCC2)cc(-c2nc(N3CCOCC3)c3oc4ncccc4c3n2)c1,170.0,6.769551078621726,1,459.5500000000003
c1cc(OCCN2CCOCC2)cc(-c2nc(N3CCOCC3)c3oc4ncccc4c3n2)c1,16.0,7.795880017344075,1,461.52200000000033
c1cc(OCCN2CCSCC2)cc(-c2nc(N3CCOCC3)c3oc4ncccc4c3n2)c1,79.0,7.102372908709558,1,477.5900000000003
c1cc2c(N3CCOCC3)nc(-c3ccnc4[nH]ccc34)nn2c1,330.0,6.481486060122113,1,320.35600000000005
c1cc2c(N3CCOCC3)ncnn2c1,5000.0,5.301029995663981,0,204.233
c1cc2cc(-c3nc(N4CC5CCC(C4)O5)c4sccc4n3)ccc2[nH]1,8619.0,5.06454311928839,0,362.458
c1cc2cc(-c3nc(N4CCOCC4)c4cnn(C5CCNCC5)c4n3)ccc2[nH]1,1310.0,5.882728704344236,0,403.4900000000002
c1cc2ccc(-c3nc(N4CCOCC4)c4nc[nH]c4n3)cc2[nH]1,2330.0,5.632644078973981,0,320.356
c1cc2ccc(-c3nc4c(N5CCOCC5)nc(N5CCOCC5)nc4[nH]3)cc2[nH]1,9050.0,5.043351420794797,0,405.46200000000016
c1cc2nc(-c3ccc4cn[nH]c4c3)nc(N3CCOCC3)c2s1,2450.0,5.610833915635467,0,337.4080000000001
c1cc2oc(NC3CCCC3)nc2cc1-c1nc(N2CCOCC2)nc(N2CCOCC2)n1,2816.0,5.5503673495299255,0,451.5310000000004
c1ccc(-c2cc(Nc3ccc4[nH]ncc4c3)nc(N3CCOCC3)n2)cc1,9400.0,5.026872146400302,0,372.4320000000002
c1ccc(-c2ccc3nccc(-c4ccncc4)c3c2)cc1,1800.0,5.7447274948966935,0,282.346
c1ccc(-c2nc(N3CCOCC3)c3oc4ncccc4c3n2)cc1,160.0,6.795880017344075,1,332.363
c1ccc(-c2nc(N3CCOCC3)c3sc4ccccc4c3n2)cc1,30000.0,4.522878745280337,0,347.44300000000004
c1ccc(-c2nc(N3CCOCC3)c3sc4ncccc4c3n2)cc1,1700.0,5.769551078621726,0,348.43100000000004
c1ccc(-c2ncnc3ccc(-c4cnc5ccccc5c4)cc23)cc1,90.0,7.045757490560675,1,333.39400000000006
c1ccc(-n2ncc3c(N4CCOCC4)nc(-c4ccc5[nH]ccc5c4)nc32)cc1,231.0,6.636388020107856,1,396.454
c1ccc(CCNc2cc(-c3ccc4cc[nH]c4c3)nc(N3CCOCC3)n2)nc1,10000.0,5.0,0,400.4860000000003
c1ccc(CCNc2cc(-c3cccc4[nH]ncc34)nc(N3CCOCC3)n2)nc1,1300.0,5.886056647693163,0,401.4740000000003
c1ccc(CCNc2nc(-c3cccc(-c4ccc5cc[nH]c5c4)c3)cc(N3CCOCC3)n2)nc1,8900.0,5.050609993355087,0,476.5840000000003
c1ccc(CCNc2nc(-c3cccc4[nH]ncc34)cc(N3CCOCC3)n2)nc1,1100.0,5.958607314841775,0,401.4740000000003
c1ccc(CN2CCC(n3ncc4c(N5CCOCC5)nc(-c5cc6ccccc6[nH]5)nc43)CC2)cc1,1112.0,5.953895212753961,0,493.61500000000024
c1ccc(CN2CCC(n3ncc4c(N5CCOCC5)nc(-c5ccc6[nH]ccc6c5)nc43)CC2)cc1,1008.0,5.996539467890494,0,493.61500000000024
c1ccc(CN2CCC(n3ncc4c(N5CCOCC5)nc(-c5ccc6cc[nH]c6c5)nc43)CC2)cc1,1272.0,5.8955128886876045,0,493.61500000000024
c1ccc(CN2CCC(n3ncc4c(N5CCOCC5)nc(-c5ccc6ncccc6c5)nc43)CC2)cc1,466.0,6.33161408331,1,505.62600000000026
c1ccc(CN2CCC(n3ncc4c(N5CCOCC5)nc(-c5cccc6[nH]ccc56)nc43)CC2)cc1,238.0,6.623423042943488,1,493.61500000000024
c1ccc(CN2CCC(n3ncc4c(N5CCOCC5)nc(-c5cccc6cc[nH]c56)nc43)CC2)cc1,520.0,6.2839966563652006,1,493.61500000000024
c1ccc(CN2CCC(n3ncc4c(N5CCOCC5)nc(-c5cccnc5)nc43)CC2)cc1,244.0,6.61261017366127,1,455.5660000000002
c1ccc(CN2CCC(n3ncc4c(N5CCOCC5)nc(-c5ccncc5)nc43)CC2)cc1,2766.0,5.558147824226708,0,455.5660000000002
c1ccc(CN2CCC(n3ncc4c(N5CCOCC5)nc(-c5cnc6ccccc6c5)nc43)CC2)cc1,6000.0,5.221848749616356,0,505.62600000000026
c1ccc(CNc2cc(N3CCOCC3)ncn2)cc1,83300.0,4.079354998593212,0,270.33599999999996
c1ccc(CNc2nc3cc(-c4nc(N5CCOCC5)nc(N5CCOCC5)n4)ccc3o2)cc1,63.0,7.200659450546418,1,473.5370000000003
c1ccc(COc2cc(-c3ccc4cc[nH]c4c3)nc(N3CCOCC3)n2)nc1,10000.0,5.0,0,387.44300000000027
c1ccc(COc2cc(-c3cccc4[nH]ncc34)nc(N3CCOCC3)n2)nc1,500.0,6.301029995663981,1,388.43100000000027
c1ccc(COc2cccc(-c3nc(-c4ccccn4)cc(N4CCOCC4)n3)c2)cc1,10000.0,5.0,0,424.50400000000025
c1ccc(COc2cccc(-c3nc(-c4cccnc4)cc(N4CCOCC4)n3)c2)cc1,10000.0,5.0,0,424.50400000000025
c1ccc(COc2cccc(-c3nc(-c4ccncc4)cc(N4CCOCC4)n3)c2)cc1,10000.0,5.0,0,424.50400000000025
c1ccc(COc2nc(-c3ccc4cc[nH]c4c3)cc(N3CCOCC3)n2)nc1,5200.0,5.2839966563652006,0,387.44300000000027
c1ccc(COc2nc(-c3cccc4[nH]ncc34)cc(N3CCOCC3)n2)nc1,1350.0,5.8696662315049934,0,388.43100000000027
c1ccc(Nc2nc(-c3cccc4[nH]ncc34)nc(N3CCOCC3)n2)cc1,800.0,6.096910013008056,1,373.42000000000024
c1ccc(Sc2nc3ccccc3nc2N2CCOCC2)cc1,50000.0,4.301029995663981,0,323.4210000000001
c1ccc2c(c1)sc1c(N3CCOCC3)ncnc12,2400.0,5.619788758288394,0,271.34499999999997
c1ccc2ncc(-c3ccc4c(c3)CNCCO4)cc2c1,10000.0,5.0,0,276.33899999999994
c1ccc2ncc(-c3ccc4ncncc4c3)cc2c1,650.0,6.187086643357144,1,257.296
c1ccc2ncc(Nc3cc(-c4cnc5n[nH]cc5c4)nc(N4CCOCC4)n3)cc2c1,66.0,7.180456064458132,1,424.4680000000003
c1ccc2ncc(Nc3cc(-c4cnccn4)nc(N4CCOCC4)n3)cc2c1,231.0,6.636388020107856,1,385.43100000000027
c1ccc2ncc(Nc3cc(-c4cncnc4)nc(N4CCOCC4)n3)cc2c1,8.0,8.096910013008056,1,385.43100000000027
c1cnc2[nH]c3c(N4CCOCC4)ncnc3c2c1,30000.0,4.522878745280337,0,255.28099999999998
c1cnc2c(N3CCOCC3)nc(-c3ccc4cn[nH]c4c3)nc2c1,1360.0,5.866461091629782,0,332.367
c1cnc2c(N3CCOCC3)nc(-c3cccc4[nH]ncc34)nc2c1,555.0,6.255707016877324,1,332.3670000000001
c1cnc2ccc(Nc3nc(NC4CC4)c4nc[nH]c4n3)cc2c1,766.6,6.1154311850816665,1,317.35600000000005
c1cnc2oc3c(N4CCOCC4)nc(-c4ccnc5[nH]ccc45)nc3c2c1,104.0,6.982966660701219,1,372.38800000000003
c1cnc2oc3c(N4CCOCC4)ncnc3c2c1,560.0,6.251811972993799,1,256.26499999999993
c1cnc2sc3c(N4CCOCC4)ncnc3c2c1,1400.0,5.853871964321762,0,272.33299999999997
c1cncc(-c2cc(Nc3cnc4ccccc4c3)nc(N3CCOCC3)n2)c1,135.0,6.8696662315049934,1,384.44300000000027
c1cncc(-c2ccc3nccc(-c4ccncc4)c3c2)c1,260.0,6.585026652029182,1,283.334
c1cncc(-c2nc(N3CCOCC3)c3ncccc3n2)c1,11920.0,4.923723744595782,0,293.33
c1cncc(-c2nc(N3CCOCC3)nc3c2CCN3c2ccncc2)c1,1700.0,5.769551078621726,0,360.421
c1cncc(CCNc2cc(-c3ccc4cc[nH]c4c3)nc(N3CCOCC3)n2)c1,10000.0,5.0,0,400.4860000000003
c1cncc(CCNc2cc(-c3cccc4[nH]ncc34)nc(N3CCOCC3)n2)c1,660.0,6.180456064458132,1,401.4740000000003
c1cncc(CCNc2nc(-c3ccc4cc[nH]c4c3)cc(N3CCOCC3)n2)c1,7200.0,5.142667503568732,0,400.4860000000003
c1cncc(CCNc2nc(-c3cccc4[nH]ncc34)cc(N3CCOCC3)n2)c1,820.0,6.086186147616283,1,401.4740000000003
c1cncc(CN2CCC(n3ncc4c(N5CCOCC5)nc(-c5ccc6[nH]ccc6c5)nc43)CC2)c1,1962.0,5.707300996956071,0,494.60300000000035
c1csc(-c2nc(N3CCOCC3)c3nc[nH]c3n2)c1,640.0,6.1938200260161125,1,287.348
c1n[nH]c(-c2nc3c(s2)CCOc2cc(-c4cn[nH]c4)ccc2-3)n1,0.2692,9.569924944448061,1,336.38
c1n[nH]c(-c2nc3c(s2)CCOc2cc(C4CNC4)ccc2-3)n1,1.905,8.720105019988361,1,325.397
c1nc2c(N3CCOCC3)nc(-c3ccc4c(c3)OCCO4)nc2[nH]1,3477.0,5.458795309316741,0,339.3550000000001
c1nc2c(N3CCOCC3)nc(-c3ccc4c(c3)OCO4)nc2[nH]1,1211.0,5.916855856856948,0,325.32800000000003
c1nc2c(N3CCOCC3)nc(-c3ccoc3)nc2[nH]1,3787.0,5.421704694879174,0,271.28
c1nc2c(N3CCOCC3)nc(-c3ccsc3)nc2[nH]1,2381.0,5.62324060459512,0,287.348
